源编号,源类,年份,行业代码,行业名称,设备类型,排口编号,核算项数,分类理由
SRC-RAW-90E067EFFFEEA507E10F,工业锅炉,2022,2730,中药饮片加工,燃气锅炉,DA001,9,[]
SRC-RAW-14966318FE4415CD8006,范围外,2022,1819,其他机织服装制造,燃生物质锅炉,DA001,0,[]
SRC-RAW-F8E0B7E08DAADCB14468,工业锅炉,2022,2720,化学药品制剂制造,燃气锅炉,DA001,9,[]
SRC-RAW-B744EE7E106839022BD3,工业锅炉,2022,1620,卷烟制造,燃气锅炉,DA001,9,[]
SRC-RAW-53C0C027EE5030DB33CA,工业锅炉,2022,1620,卷烟制造,燃气锅炉,DA002,9,[]
SRC-RAW-BF68CECF15B3C0A42682,工业锅炉,2022,1620,卷烟制造,燃气锅炉,DA003,9,[]
SRC-RAW-9615643551D6AEA70C65,工业锅炉,2022,1620,卷烟制造,燃气锅炉,DA004,9,[]
SRC-RAW-BC62233552CB4DCAF9DE,工业锅炉,2022,4341,铁路运输设备修理,燃油锅炉,DA001,9,[]
SRC-RAW-1EDC61156AC774B677F7,工业锅炉,2022,2740,中成药生产,燃气锅炉,DA001,9,[]
SRC-RAW-791E9DD016C7F71E18C9,工业锅炉,2022,2740,中成药生产,燃气锅炉,DA002,9,[]
SRC-RAW-F4EAA8D6333BE5AD0EE2,工业锅炉,2022,2740,中成药生产,燃气锅炉,DA001,9,[]
SRC-RAW-65DF650E16BB4C789E43,工业锅炉,2022,2720,化学药品制剂制造,燃气锅炉,DA001,9,[]
SRC-RAW-1750FB80D8F09E37E049,工业锅炉,2022,2720,化学药品制剂制造,燃气锅炉,DA001,9,[]
SRC-RAW-93AFE5B601EF8715A8C5,工业锅炉,2022,2720,化学药品制剂制造,燃气锅炉,DA001,9,[]
SRC-RAW-52BE56FF4FB26396519E,工业锅炉,2022,2720,化学药品制剂制造,燃气锅炉,DA003,9,[]
SRC-RAW-4959FD9C382CABC0D2A9,工业锅炉,2022,2720,化学药品制剂制造,燃气锅炉,DA003,9,[]
SRC-RAW-CD8ABFD8E450CE593F97,工业锅炉,2022,2231,纸和纸板容器制造,燃气锅炉,DA001,9,[]
SRC-RAW-11A00DBFA59E61614CAC,工业锅炉,2022,1391,淀粉及淀粉制品制造,燃气锅炉,DA001,9,[]
SRC-RAW-B67E46C32CE68325C5EB,工业锅炉,2022,1391,淀粉及淀粉制品制造,燃气锅炉,DA001,9,[]
SRC-RAW-165B26BBFC1142CE05A3,工业锅炉,2022,1391,淀粉及淀粉制品制造,燃气锅炉,DA001,9,[]
SRC-RAW-20E1D64632E03126253B,工业锅炉,2022,1431,米、面制品制造,燃气锅炉,DA001,9,[]
SRC-RAW-9A1285C2AE6ABE7DA36D,工业锅炉,2022,1441,液体乳制造,燃气锅炉,DA001,9,[]
SRC-RAW-A176F466419524F5BBD1,工业锅炉,2022,1441,液体乳制造,燃气锅炉,DA001,9,[]
SRC-RAW-5A9A09E7A093E3F05394,工业锅炉,2022,1441,液体乳制造,燃气锅炉,DA002,9,[]
SRC-RAW-40C738DA6FAA348B875B,工业锅炉,2022,2761,生物药品制造,燃气锅炉,DA002,9,[]
SRC-RAW-354BCAA1879EDBB4F7AB,工业锅炉,2022,1441,液体乳制造,燃气锅炉,DA002,9,[]
SRC-RAW-7F2856A8B7F8B1EA2603,工业锅炉,2022,1392,豆制品制造,燃气锅炉,DA001,9,[]
SRC-RAW-4B160D7385956C4E57EB,工业锅炉,2022,1441,液体乳制造,燃气锅炉,DA001,9,[]
SRC-RAW-A2E8D6338F6D2EF4CBE2,工业锅炉,2022,1441,液体乳制造,燃气锅炉,DA001,9,[]
SRC-RAW-F98DEF6D4E3DC2F26DE7,工业锅炉,2022,1441,液体乳制造,燃气锅炉,DA001,9,[]
SRC-RAW-27C13E7E5154D2910D5A,工业锅炉,2022,1441,液体乳制造,燃气锅炉,DA001,9,[]
SRC-RAW-35208EA8F9C5B0CA67BD,工业锅炉,2022,2740,中成药生产,燃气锅炉,DA001,9,[]
SRC-RAW-E18849DC2C3F6E400DCA,工业锅炉,2022,1439,其他方便食品制造,燃气锅炉,DA001,9,[]
SRC-RAW-377481F8386BDB7B9A3D,工业锅炉,2022,2029,其他人造板制造,燃气锅炉,DA001,9,[]
SRC-RAW-D72961D02D38D2C405BB,工业锅炉,2022,2029,其他人造板制造,燃气锅炉,DA001,9,[]
SRC-RAW-722A8EA2106EFE169C1B,工业锅炉,2022,1363,鱼油提取及制品制造,燃气锅炉,DA002,9,[]
SRC-RAW-3E66D36FC4F7A71C87FB,火电热力,2022,4417,生物质能发电,燃气锅炉,DA002,9,[]
SRC-RAW-DB41A697E6D3E6CCEBB9,火电热力,2022,4417,生物质能发电,燃气轮机,DA001,9,[]
SRC-RAW-692539A50BD659EF6B35,火电热力,2022,4417,生物质能发电,燃气轮机,DA003,9,[]
SRC-RAW-09CC07AB1163C70FFAC1,火电热力,2022,4417,生物质能发电,燃气轮机,DA004,9,[]
SRC-RAW-25124CE277F1457CC6E3,工业锅炉,2022,2740,中成药生产,燃气锅炉,DA003,9,[]
SRC-RAW-6EED50AC67DCB86EB570,工业锅炉,2022,2740,中成药生产,燃气锅炉,DA003,9,[]
SRC-RAW-84BC44EA49D80BC43AE2,工业锅炉,2022,1431,米、面制品制造,燃气锅炉,DA001,9,[]
SRC-RAW-687E5606964DF5BE4CE5,工业锅炉,2022,2720,化学药品制剂制造,燃油锅炉,DA001,9,[]
SRC-RAW-D1B5A13444E17C80F5A5,工业锅炉,2022,1329,其他饲料加工,燃气锅炉,DA001,9,[]
SRC-RAW-92EE47E32C7D32E81B42,工业锅炉,2022,1399,其他未列明农副食品加工,燃油锅炉,DA001,9,[]
SRC-RAW-780A622A337FEA858468,工业锅炉,2022,1411,糕点、面包制造,燃油锅炉,DA001,9,[]
SRC-RAW-E092AAB48D319958C153,工业锅炉,2022,1523,果菜汁及果菜汁饮料制造,燃气锅炉,DA003,9,[]
SRC-RAW-87D71699A3256E76D3BB,工业锅炉,2022,1469,其他调味品、发酵制品制造,燃气锅炉,DA001,9,[]
SRC-RAW-DAAA241AFE2F07E0C5F3,工业锅炉,2022,2029,其他人造板制造,燃气锅炉,DA002,9,[]
SRC-RAW-501767237332FCB0D99D,工业锅炉,2022,1811,运动机织服装制造,燃油锅炉,DA001,9,[]
SRC-RAW-FD9F44A4B3FD1A7132B3,工业锅炉,2022,2239,其他纸制品制造,燃气锅炉,DA001,9,[]
SRC-RAW-DA6A52535170DE5A2335,工业锅炉,2022,1411,糕点、面包制造,燃气锅炉,DA001,9,[]
SRC-RAW-CA8AA1AC764CA11EE743,工业锅炉,2022,2740,中成药生产,燃气锅炉,DA001,9,[]
SRC-RAW-71EED5ED72688E94A72B,工业锅炉,2022,2929,塑料零件及其他塑料制品制造,燃气锅炉,DA001,9,[]
SRC-RAW-66894E8DAE72D7969F4B,工业锅炉,2022,1499,其他未列明食品制造,燃气锅炉,DA007,9,[]
SRC-RAW-38648E7B2E99CC4C0E1E,工业锅炉,2022,1499,其他未列明食品制造,燃气锅炉,DA007,9,[]
SRC-RAW-5AFE5DAA2A275532B531,工业锅炉,2022,1499,其他未列明食品制造,燃气锅炉,DA007,9,[]
SRC-RAW-C945DAF6C00913C024DA,工业锅炉,2022,1329,其他饲料加工,燃气锅炉,DA001,9,[]
SRC-RAW-1B0D1FE676B4901FCA6A,工业锅炉,2022,2441,球类制造,燃油锅炉,DA206,9,[]
SRC-RAW-C5CD854EA850DEB195F2,工业锅炉,2022,2441,球类制造,燃油锅炉,DA208,9,[]
SRC-RAW-8C20BF245840233B57D8,工业锅炉,2022,2921,塑料薄膜制造,燃气锅炉,DA002,9,[]
SRC-RAW-BACF60A99A763B43FE87,工业锅炉,2022,2921,塑料薄膜制造,燃气锅炉,DA001,9,[]
SRC-RAW-3F5381890316B5C27623,工业锅炉,2022,1752,化纤织物染整精加工,燃气锅炉,DA008,9,[]
SRC-RAW-3C661D9992E593DBBD45,工业锅炉,2022,1752,化纤织物染整精加工,燃气锅炉,DA008,9,[]
SRC-RAW-92E72E26DE29825FDA4B,工业锅炉,2022,1752,化纤织物染整精加工,燃气锅炉,DA001,9,[]
SRC-RAW-7D50B80CF56A521240CC,工业锅炉,2022,1752,化纤织物染整精加工,燃气锅炉,DA002,9,[]
SRC-RAW-33D8E542015F1EF1FA3C,工业锅炉,2022,1830,服饰制造,燃气锅炉,DA001,9,[]
SRC-RAW-934C722DA5B37B8C1AE7,火电热力,2022,4417,生物质能发电,燃气轮机,DA001,9,[]
SRC-RAW-1AB2981F39D95390A9AA,火电热力,2022,4417,生物质能发电,燃气轮机,DA002,9,[]
SRC-RAW-7DB401C6AD1D015503BE,火电热力,2022,4417,生物质能发电,燃气轮机,DA003,9,[]
SRC-RAW-DEDC06563A4709A8CA20,火电热力,2022,4417,生物质能发电,燃气轮机,DA004,9,[]
SRC-RAW-63797BBB1AC088E3D3DC,火电热力,2022,4417,生物质能发电,燃气轮机,DA005,9,[]
SRC-RAW-3408C0B209FC6941D368,火电热力,2022,4417,生物质能发电,燃气轮机,DA006,9,[]
SRC-RAW-69A60B9C430B940055AD,火电热力,2022,4417,生物质能发电,燃气轮机,DA007,9,[]
SRC-RAW-B6C50298B42EDC1FE56E,火电热力,2022,4417,生物质能发电,燃气轮机,DA008,9,[]
SRC-RAW-28BCC7C3AA73FF1E72F3,工业锅炉,2022,2661,化学试剂和助剂制造,燃油锅炉,DA001,9,[]
SRC-RAW-433E71C65B35B9DAAB7F,工业锅炉,2022,2661,化学试剂和助剂制造,燃油锅炉,DA002,9,[]
SRC-RAW-49F19FC879C6F81C6C0C,工业锅炉,2022,1499,其他未列明食品制造,燃气锅炉,DA001,9,[]
SRC-RAW-9BF96FCD85B091DC7A58,工业锅炉,2022,2929,塑料零件及其他塑料制品制造,燃气锅炉,DA001,9,[]
SRC-RAW-710E95F66D8DDA59F975,工业锅炉,2022,1819,其他机织服装制造,燃气锅炉,DA001,9,[]
SRC-RAW-0056EA912208AD169FA8,范围外,2022,3024,轻质建筑材料制造,燃生物质锅炉,DA001,0,[]
SRC-RAW-C3FED10CB6BBD451E035,工业锅炉,2022,2682,化妆品制造,燃油锅炉,DA003,9,[]
SRC-RAW-EB5A9355F03A2B849F18,工业锅炉,2022,2921,塑料薄膜制造,燃气锅炉,DA001,9,[]
SRC-RAW-C1C9959648DD30804413,工业锅炉,2022,2921,塑料薄膜制造,燃气锅炉,DA002,9,[]
SRC-RAW-1B6BC7E97E6036328ECE,工业锅炉,2022,2720,化学药品制剂制造,燃气锅炉,DA001,9,[]
SRC-RAW-13C929801C59E9B903F1,范围外,2022,2720,化学药品制剂制造,,DA002,0,[]
SRC-RAW-7E2B91F4BB3B2C1B3958,工业锅炉,2022,1462,酱油、食醋及类似制品制造,燃油锅炉,DA001,9,[]
SRC-RAW-77D30DACB356604725DF,工业锅炉,2022,2646,密封用填料及类似品制造,燃油锅炉,DA002,9,[]
SRC-RAW-3A6C0ACF430810E9F0A8,工业锅炉,2022,1352,禽类屠宰,燃气锅炉,DA001,9,[]
SRC-RAW-FAB9956AF10BA409914D,工业锅炉,2022,1459,其他罐头食品制造,燃气锅炉,DA002,9,[]
SRC-RAW-9FEAF50C39FC421A8135,工业锅炉,2022,2924,泡沫塑料制造,燃气锅炉,DA001,9,[]
SRC-RAW-6DD39F56F506F14BD408,工业锅炉,2022,2021,胶合板制造,燃气锅炉,DA001,9,[]
SRC-RAW-5183EB78AD2940D86376,工业锅炉,2022,4341,铁路运输设备修理,燃油锅炉,DA001,9,[]
SRC-RAW-4460B7024761FB074EC8,工业锅炉,2022,4341,铁路运输设备修理,燃油锅炉,DA002,9,[]
SRC-RAW-3616010F9D7317CA277E,工业锅炉,2022,2662,专项化学用品制造,燃气锅炉,DA002,9,[]
SRC-RAW-DA67451744D917EA664B,工业锅炉,2022,2662,专项化学用品制造,燃气锅炉,DA002,9,[]
SRC-RAW-A4B6AD7C7EF8A904DE2F,范围外,2022,2921,塑料薄膜制造,燃生物质锅炉,DA007,0,[]
SRC-RAW-97675F7EB454C52FE916,工业锅炉,2022,1352,禽类屠宰,燃气锅炉,DA001,9,[]
SRC-RAW-4D6E0D28FC3DC854E7D6,工业锅炉,2022,1462,酱油、食醋及类似制品制造,燃气锅炉,DA004,9,[]
SRC-RAW-228329289B42E9A4586A,范围外,2022,2661,化学试剂和助剂制造,燃生物质锅炉,DA001,0,[]
SRC-RAW-E7AD12EAC6533209A11F,工业锅炉,2022,1752,化纤织物染整精加工,燃气锅炉,DA014,9,[]
SRC-RAW-2F3180D4EC06282C0F43,工业锅炉,2022,1752,化纤织物染整精加工,燃气锅炉,DA014,9,[]
SRC-RAW-56D5EDA884E813AB9D85,范围外,2022,1752,化纤织物染整精加工,燃生物质锅炉,DA001,0,[]
SRC-RAW-693CF4ADCD90B44D9213,范围外,2022,1752,化纤织物染整精加工,燃生物质锅炉,DA002,0,[]
SRC-RAW-890D673FE0FCD8C4375A,工业锅炉,2022,2924,泡沫塑料制造,燃气锅炉,DA001,9,[]
SRC-RAW-1A9EB9F95CC3A2CCF350,范围外,2022,1340,制糖业,燃生物质锅炉,DA001,0,[]
SRC-RAW-123F145D611A9471D49A,工业锅炉,2022,2921,塑料薄膜制造,燃气锅炉,DA004,9,[]
SRC-RAW-618DC6DB267DE3EA6A29,工业锅炉,2022,2662,专项化学用品制造,燃油锅炉,DA002,9,[]
SRC-RAW-2656CDF99BDB8A2F5140,范围外,2022,2740,中成药生产,,DA002,0,[]
SRC-RAW-6C5DC020A229F7BBD6D9,范围外,2022,2740,中成药生产,,DA002,0,[]
SRC-RAW-A9D1F56646051F91DCBF,工业锅炉,2022,2012,木片加工,燃气锅炉,DA001,9,[]
SRC-RAW-EA6780572AE307FD1150,工业锅炉,2022,2681,肥皂及洗涤剂制造,燃气锅炉,DA001,9,[]
SRC-RAW-A022F2BD6A4A255EB4FB,工业锅炉,2022,2720,化学药品制剂制造,燃气锅炉,DA001,9,[]
SRC-RAW-18FF222B6E0BF1CA1301,工业锅炉,2022,2710,化学药品原料药制造,燃气锅炉,DA011,9,[]
SRC-RAW-0EF8DA82CE4CEF4F06DD,工业锅炉,2022,2682,化妆品制造,燃油锅炉,DA001,9,[]
SRC-RAW-BF8FABB62BF404DE7259,工业锅炉,2022,1373,水果和坚果加工,燃气锅炉,DA001,9,[]
SRC-RAW-540D3BE028596D6D2C0F,工业锅炉,2022,2929,塑料零件及其他塑料制品制造,燃气锅炉,DA001,9,[]
SRC-RAW-58FC39D7854046557A4C,工业锅炉,2022,1819,其他机织服装制造,燃油锅炉,DA001,9,[]
SRC-RAW-8724CD7A155F6E689E0B,火电热力,2022,4417,生物质能发电,燃生物质锅炉,DA001,9,[]
SRC-RAW-D0FA0B354D129D160FEA,火电热力,2022,4417,生物质能发电,燃生物质锅炉,DA010,9,[]
SRC-RAW-5E2480B96D27FDAA14BA,火电热力,2022,4417,生物质能发电,燃生物质锅炉,DA011,9,[]
SRC-RAW-2BD4F735D1FE8BDC19EE,火电热力,2022,4417,生物质能发电,燃生物质锅炉,DA012,9,[]
SRC-RAW-C0CDFE30D1C4CA4AC490,火电热力,2022,4417,生物质能发电,燃生物质锅炉,DA013,9,[]
SRC-RAW-F8DD7BB6CEE5A0A563A0,火电热力,2022,4417,生物质能发电,燃生物质锅炉,DA014,9,[]
SRC-RAW-1E9D2B30C25510BF9D34,火电热力,2022,4417,生物质能发电,燃生物质锅炉,DA002,9,[]
SRC-RAW-37DFB694F6128AD3E594,火电热力,2022,4417,生物质能发电,燃生物质锅炉,DA003,9,[]
SRC-RAW-4414E44B9B488F8A1F23,火电热力,2022,4417,生物质能发电,燃生物质锅炉,DA004,9,[]
SRC-RAW-AD939A0A3FC4B10D4A45,火电热力,2022,4417,生物质能发电,燃生物质锅炉,DA005,9,[]
SRC-RAW-9333EFD280B6C08BFD80,火电热力,2022,4417,生物质能发电,燃生物质锅炉,DA006,9,[]
SRC-RAW-9892EEEE9A027BC9A6FF,火电热力,2022,4417,生物质能发电,燃生物质锅炉,DA007,9,[]
SRC-RAW-DED90710876A147F754A,火电热力,2022,4417,生物质能发电,燃生物质锅炉,DA008,9,[]
SRC-RAW-320F4C80ED06134E6FEC,火电热力,2022,4417,生物质能发电,燃生物质锅炉,DA009,9,[]
SRC-RAW-45020F60C16ED84AEED8,工业锅炉,2022,2239,其他纸制品制造,燃气锅炉,DA002,9,[]
SRC-RAW-698D09EA3B5F450A33A3,火电热力,2022,4417,生物质能发电,燃气轮机,DA001,9,[]
SRC-RAW-57B52A7DA5E3A5C54060,火电热力,2022,4417,生物质能发电,燃气轮机,DA001,9,[]
SRC-RAW-683EFB2F598CB9C866AB,火电热力,2022,4417,生物质能发电,燃气轮机,DA001,9,[]
SRC-RAW-F3485BD6D320C2A09BE6,火电热力,2022,4417,生物质能发电,燃气轮机,DA001,9,[]
SRC-RAW-D982DD67754FC071CC1A,火电热力,2022,4417,生物质能发电,燃气轮机,DA001,9,[]
SRC-RAW-671678E0A96BE0890CC6,火电热力,2022,4417,生物质能发电,燃气轮机,DA001,9,[]
SRC-RAW-4E3CC01E5283D723B228,火电热力,2022,4417,生物质能发电,燃生物质锅炉,DA001,17,[]
SRC-RAW-CDE371BB8A624BDEF041,火电热力,2022,4417,生物质能发电,燃生物质锅炉,DA003,17,[]
SRC-RAW-7F8E4BAAF4CFD42E5AC1,火电热力,2022,4417,生物质能发电,燃生物质锅炉,DA002,17,[]
SRC-RAW-0F78070620303CB1FC66,火电热力,2022,4417,生物质能发电,燃生物质锅炉,DA004,17,[]
SRC-RAW-08B2C44FC36AD162FE1C,火电热力,2022,4417,生物质能发电,燃生物质锅炉,DA005,17,[]
SRC-RAW-4A9E2175DBCF0E0E0ABA,工业锅炉,2022,1499,其他未列明食品制造,燃气锅炉,DA001,9,[]
SRC-RAW-F8626FE535EFA21AF9BD,工业锅炉,2022,1779,其他家用纺织制成品制造,燃油锅炉,DA001,9,[]
SRC-RAW-E24C304E88061960C228,工业锅炉,2022,3971,电子真空器件制造,燃气锅炉,DA001,9,[]
SRC-RAW-1F3715E00926D5B73FE2,工业锅炉,2022,3971,电子真空器件制造,燃气锅炉,DA001,9,[]
SRC-RAW-D50AE6E6E9398B33F82A,工业锅炉,2022,3971,电子真空器件制造,燃气锅炉,DA001,9,[]
SRC-RAW-299422AFAEF6502B69CA,工业锅炉,2022,3971,电子真空器件制造,燃气锅炉,DA001,9,[]
SRC-RAW-B38F012F09F732E5FE4F,工业锅炉,2022,3971,电子真空器件制造,燃气锅炉,DA001,9,[]
SRC-RAW-7ED9A502BB20460932A2,工业锅炉,2022,3971,电子真空器件制造,燃气锅炉,DA001,9,[]
SRC-RAW-1FE9390AB19C341D5C2A,工业锅炉,2022,3971,电子真空器件制造,燃气锅炉,DA001,9,[]
SRC-RAW-105242BB323985ABB081,工业锅炉,2022,2921,塑料薄膜制造,燃气锅炉,DA005,9,[]
SRC-RAW-565B6B41BC908B0B7EDC,火电热力,2022,4411,火力发电,燃气轮机,DA002,9,[]
SRC-RAW-AF8FE584303AB198DDED,火电热力,2022,4411,火力发电,燃气轮机,DA003,9,[]
SRC-RAW-F0371188AC825A39BE2D,工业锅炉,2022,2740,中成药生产,燃气锅炉,DA001,9,[]
SRC-RAW-B8510A104767F52727BA,火电热力,2022,4412,热电联产,燃煤锅炉,DA001,9,[]
SRC-RAW-9AFF69BBAFECE52DAA67,火电热力,2022,4412,热电联产,燃煤锅炉,DA001,9,[]
SRC-RAW-F46B43F517F0E17A0B11,工业锅炉,2022,2762,基因工程药物和疫苗制造,燃气锅炉,DA001,9,[]
SRC-RAW-B567E61290BDEF590E9C,工业锅炉,2022,2682,化妆品制造,燃气锅炉,DA001,9,[]
SRC-RAW-F00AB193594FF6AD2DF4,工业锅炉,2022,2682,化妆品制造,燃气锅炉,DA001,9,[]
SRC-RAW-151442F52F3793299450,火电热力,2022,4417,生物质能发电,燃生物质锅炉,DA001,9,[]
SRC-RAW-13B7FAA548A4568DB8AA,火电热力,2022,4417,生物质能发电,燃生物质锅炉,DA011,9,[]
SRC-RAW-A3283FAE1DFFCE2CE61D,火电热力,2022,4417,生物质能发电,燃生物质锅炉,DA012,9,[]
SRC-RAW-DF6B46F9B986212241D0,火电热力,2022,4417,生物质能发电,燃生物质锅炉,DA002,9,[]
SRC-RAW-3D0BE46431E9CDC410C1,火电热力,2022,4417,生物质能发电,燃生物质锅炉,DA003,9,[]
SRC-RAW-48E7300B7D9AAC424043,火电热力,2022,4417,生物质能发电,燃生物质锅炉,DA004,9,[]
SRC-RAW-EF92558CC7D18BEB8A1E,火电热力,2022,4417,生物质能发电,燃生物质锅炉,DA005,9,[]
SRC-RAW-EE3D1D8DCB1D25336809,火电热力,2022,4417,生物质能发电,燃生物质锅炉,DA006,9,[]
SRC-RAW-0249A5BFBA1950F087DA,火电热力,2022,4417,生物质能发电,燃生物质锅炉,DA007,9,[]
SRC-RAW-3A71FBF7152CB528F578,火电热力,2022,4417,生物质能发电,燃生物质锅炉,DA008,9,[]
SRC-RAW-A2CDC215BF83122A3A9B,火电热力,2022,4417,生物质能发电,燃生物质锅炉,DA010,9,[]
SRC-RAW-B4BC1019B13822BA6B72,火电热力,2022,4412,热电联产,燃气锅炉,DA002,9,[]
SRC-RAW-5238E12257269D82DD85,工业锅炉,2022,3990,其他电子设备制造,燃气锅炉,DA008,9,[]
SRC-RAW-8E1D0671FFF85D4A6318,工业锅炉,2022,3990,其他电子设备制造,燃气锅炉,DA008,9,[]
SRC-RAW-71799BC3A9508FFDCDC0,工业锅炉,2022,2720,化学药品制剂制造,燃气锅炉,DA002,9,[]
SRC-RAW-0282ADDBE4497695C9AD,工业锅炉,2022,1521,碳酸饮料制造,燃气锅炉,DA001,9,[]
SRC-RAW-291BF573E1739C0BC3C5,工业锅炉,2022,1521,碳酸饮料制造,燃气锅炉,DA001,9,[]
SRC-RAW-308A0403BAB78A56EA33,工业锅炉,2022,2740,中成药生产,燃气锅炉,DA005,9,[]
SRC-RAW-A6848C74FC65EE489B9D,工业锅炉,2022,2720,化学药品制剂制造,燃气锅炉,DA001,9,[]
SRC-RAW-0ACB0DE8BF041F9ACDD5,工业锅炉,2022,2720,化学药品制剂制造,燃气锅炉,DA001,9,[]
SRC-RAW-91701A54C6EFDC3CFC13,工业锅炉,2022,2720,化学药品制剂制造,燃气锅炉,DA002,9,[]
SRC-RAW-7A069FAAB665D491EF11,工业锅炉,2022,2720,化学药品制剂制造,燃气锅炉,DA002,9,[]
SRC-RAW-D53E856DB7171639CBBF,工业锅炉,2022,2720,化学药品制剂制造,燃气锅炉,DA002,9,[]
SRC-RAW-10C601149B4B00D90918,工业锅炉,2022,2720,化学药品制剂制造,燃气锅炉,DA002,9,[]
SRC-RAW-1987D19CF6A1652B3042,工业锅炉,2022,2720,化学药品制剂制造,燃气锅炉,DA002,9,[]
SRC-RAW-E8DE6FFAEC1E7854E05D,工业锅炉,2022,1781,非织造布制造,燃气锅炉,DA008,9,[]
SRC-RAW-84B8E79CDB1AD6C9CEBC,工业锅炉,2022,1781,非织造布制造,燃气锅炉,DA009,9,[]
SRC-RAW-1720BA3CBD730F2A79B9,范围外,2022,1781,非织造布制造,,DA010,0,[]
SRC-RAW-5385BF8648A32B3653FE,工业锅炉,2022,2511,原油加工及石油制品制造,燃气锅炉,DA001,9,[]
SRC-RAW-4742C738BE849F00A30F,工业锅炉,2022,3985,电子专用材料制造,燃气锅炉,DA005,9,[]
SRC-RAW-B41599458F9735478A75,工业锅炉,2022,3985,电子专用材料制造,燃气锅炉,DA001,9,[]
SRC-RAW-AC8AB8AC121C5B699C08,工业锅炉,2022,3985,电子专用材料制造,燃气锅炉,DA001,9,[]
SRC-RAW-6A368D9E616A355106AA,范围外,2022,3985,电子专用材料制造,,DA002,0,[]
SRC-RAW-D6B50819994143B9FCCE,范围外,2022,3985,电子专用材料制造,,DA002,0,[]
SRC-RAW-D6D745C27A4594BA69B2,范围外,2022,3985,电子专用材料制造,,DA002,0,[]
SRC-RAW-C1418AE4986BBF09B169,范围外,2022,3985,电子专用材料制造,,DA001,0,[]
SRC-RAW-F5FE93E4A6BC51C04FF2,工业锅炉,2022,3985,电子专用材料制造,燃气锅炉,DA005,9,[]
SRC-RAW-28530B69F070A91BFE81,工业锅炉,2022,3985,电子专用材料制造,燃气锅炉,DA005,9,[]
SRC-RAW-383540947304FD6D3F5B,工业锅炉,2022,3985,电子专用材料制造,燃气锅炉,DA004,9,[]
SRC-RAW-8479E32CEAABC263D59F,工业锅炉,2022,3985,电子专用材料制造,燃气锅炉,DA004,9,[]
SRC-RAW-08398D94843DC74C86F1,工业锅炉,2022,3985,电子专用材料制造,燃气锅炉,DA004,9,[]
SRC-RAW-E04B90EC27888B456DA0,工业锅炉,2022,3985,电子专用材料制造,燃气锅炉,DA003,9,[]
SRC-RAW-DDAA68662DD7E610E205,工业锅炉,2022,3985,电子专用材料制造,燃气锅炉,DA003,9,[]
SRC-RAW-939CC01627B574D991C4,工业锅炉,2022,3985,电子专用材料制造,燃气锅炉,DA001,9,[]
SRC-RAW-11399DEA50E5941560F1,工业锅炉,2022,2689,其他日用化学产品制造,燃气锅炉,DA002,9,[]
SRC-RAW-22420C7233215EBDD1C0,工业锅炉,2022,2740,中成药生产,燃气锅炉,DA001,9,[]
SRC-RAW-00B3E5775BFA2C4EC324,工业锅炉,2022,2740,中成药生产,燃气锅炉,DA001,9,[]
SRC-RAW-F0A989B7CD819439D7DD,工业锅炉,2022,3990,其他电子设备制造,燃气锅炉,DA010,9,[]
SRC-RAW-BE6A4D857D77E1F9E786,工业锅炉,2022,3990,其他电子设备制造,燃气锅炉,DA010,9,[]
SRC-RAW-46902E51A5AB2739DF5C,工业锅炉,2022,1495,食品及饲料添加剂制造,燃气锅炉,DA001,9,[]
SRC-RAW-81C271000D40F188D3C2,工业锅炉,2022,1399,其他未列明农副食品加工,燃气锅炉,DA001,9,[]
SRC-RAW-892FFB8F931A692ED8E8,工业锅炉,2022,2720,化学药品制剂制造,燃气锅炉,DA001,9,[]
SRC-RAW-E7ED3970081AD667EBE2,工业锅炉,2022,2720,化学药品制剂制造,燃气锅炉,DA001,9,[]
SRC-RAW-7FA2B46F6A90DECBB722,工业锅炉,2022,2682,化妆品制造,燃气锅炉,DA001,9,[]
SRC-RAW-E012C40BCD2A49BE820E,工业锅炉,2022,2669,其他专用化学产品制造,燃气锅炉,DA001,9,[]
SRC-RAW-431F0D01FFE9B65F6868,工业锅炉,2022,2669,其他专用化学产品制造,燃油锅炉,DA001,9,[]
SRC-RAW-6D248ED745AC1FCD8CA2,工业锅炉,2022,3611,汽柴油车整车制造,燃气锅炉,DA083,9,[]
SRC-RAW-F89F40B64DF2F0AADAAE,工业锅炉,2022,3611,汽柴油车整车制造,燃气锅炉,DA083,9,[]
SRC-RAW-BA4CF56C1FBA1D9FB8D9,工业锅炉,2022,3611,汽柴油车整车制造,燃气锅炉,DA083,9,[]
SRC-RAW-AA3A22068EEC486B06F9,工业锅炉,2022,3611,汽柴油车整车制造,燃气锅炉,DA082,9,[]
SRC-RAW-6F566A27ACF9713A29D7,工业锅炉,2022,3611,汽柴油车整车制造,燃气锅炉,DA082,9,[]
SRC-RAW-568ECBFD3F74B609B4D5,工业锅炉,2022,2684,香料、香精制造,燃气锅炉,DA001,9,[]
SRC-RAW-DAE4AD618B6853442448,工业锅炉,2022,2684,香料、香精制造,燃气锅炉,DA001,9,[]
SRC-RAW-07057DB0E9D3E4F6288D,工业锅炉,2022,2761,生物药品制造,燃气锅炉,DA001,9,[]
SRC-RAW-15E834FDA8734D957340,工业锅炉,2022,1432,速冻食品制造,燃气锅炉,DA001,9,[]
SRC-RAW-EEFB04F6C28F9A63B73F,工业锅炉,2022,1432,速冻食品制造,燃气锅炉,DA001,9,[]
SRC-RAW-632247B6A0FAA470D9B0,工业锅炉,2022,2921,塑料薄膜制造,燃气锅炉,DA001,9,[]
SRC-RAW-B8F0D0A4A0C80560A841,工业锅炉,2022,2921,塑料薄膜制造,燃气锅炉,DA002,9,[]
SRC-RAW-6E8C0A90C33FF4EF9F62,工业锅炉,2022,2921,塑料薄膜制造,燃气锅炉,DA002,9,[]
SRC-RAW-0D9DD3060792EFD6DCC9,工业锅炉,2022,2641,涂料制造,燃气锅炉,DA002,9,[]
SRC-RAW-FF1045ABC23B668A936E,工业锅炉,2022,2511,原油加工及石油制品制造,燃煤锅炉,DA001,9,[]
SRC-RAW-75592E83770CD2701D5A,工业锅炉,2022,2511,原油加工及石油制品制造,燃煤锅炉,DA002,9,[]
SRC-RAW-75DF4E6BB41F91F299F2,工业锅炉,2022,2511,原油加工及石油制品制造,燃煤锅炉,DA003,17,[]
SRC-RAW-9D59E477248611165BB7,工业锅炉,2022,2511,原油加工及石油制品制造,燃煤锅炉,DA003,17,[]
SRC-RAW-F8CCF3C333E3B546FBB1,工业锅炉,2022,2669,其他专用化学产品制造,燃油锅炉,DA001,9,[]
SRC-RAW-C563143C6BA0677A4584,工业锅炉,2022,3821,变压器、整流器和电感器制造,燃油锅炉,DA001,9,[]
SRC-RAW-520D0DA88C527F9B5A52,工业锅炉,2022,2681,肥皂及洗涤剂制造,燃油锅炉,DA001,9,[]
SRC-RAW-81733743F341489CC94D,工业锅炉,2022,1491,营养食品制造,燃油锅炉,DA001,9,[]
SRC-RAW-6ED484F333A78A6E17D7,工业锅炉,2022,1491,营养食品制造,燃油锅炉,DA002,9,[]
SRC-RAW-52E6AB81D3D5DDFC35C9,工业锅炉,2022,2929,塑料零件及其他塑料制品制造,燃气锅炉,DA003,9,[]
SRC-RAW-AE4483B53853427BBF64,工业锅炉,2022,2641,涂料制造,燃气锅炉,DA001,9,[]
SRC-RAW-0ACE277EB66C951C8826,工业锅炉,2022,1371,蔬菜加工,燃气锅炉,DA002,9,[]
SRC-RAW-3B0CC6CFB63A85382060,工业锅炉,2022,1371,蔬菜加工,燃气锅炉,DA002,9,[]
SRC-RAW-BE190F141F95DFFD2919,工业锅炉,2022,3120,炼钢,燃气锅炉,DA014,9,[]
SRC-RAW-D88EEA837138C9F47D15,工业锅炉,2022,3120,炼钢,燃气锅炉,DA014,9,[]
SRC-RAW-564588A54363D164F11E,工业锅炉,2022,2912,橡胶板、管、带制造,燃气锅炉,DA008,9,[]
SRC-RAW-7DA6877C466516CACACB,工业锅炉,2022,2662,专项化学用品制造,燃油锅炉,DA001,9,[]
SRC-RAW-06ACA4897D5C1B213C7E,工业锅炉,2022,3982,电子电路制造,燃气锅炉,DA018,9,[]
SRC-RAW-82A69BFE33CB1705DF62,工业锅炉,2022,3982,电子电路制造,燃气锅炉,DA018,9,[]
SRC-RAW-435779FD467D2F558412,工业锅炉,2022,3982,电子电路制造,燃气锅炉,DA028,9,[]
SRC-RAW-22ABF22D4401678A23CB,工业锅炉,2022,3982,电子电路制造,燃气锅炉,DA029,9,[]
SRC-RAW-F14C8729924567AB0F79,工业锅炉,2022,3982,电子电路制造,燃气锅炉,DA030,9,[]
SRC-RAW-05EA0D754E75A0C93D42,工业锅炉,2022,2651,初级形态塑料及合成树脂制造,燃气锅炉,DA003,9,[]
SRC-RAW-4B6193068FF120D1A073,工业锅炉,2022,1469,其他调味品、发酵制品制造,燃油锅炉,DA001,9,[]
SRC-RAW-78DE6F8D931CE3FC7373,工业锅炉,2022,1713,棉印染精加工,燃气锅炉,DA001,9,[]
SRC-RAW-0A1512BE9045E69C1C52,工业锅炉,2022,1713,棉印染精加工,燃气锅炉,DA001,9,[]
SRC-RAW-0A3A1C44E8E4D545AC29,工业锅炉,2022,1713,棉印染精加工,燃气锅炉,DA001,9,[]
SRC-RAW-4615F54F4CDDC98E3118,工业锅炉,2022,2689,其他日用化学产品制造,燃油锅炉,DA001,9,[]
SRC-RAW-50E18E2CEE223362ED95,工业锅炉,2022,2669,其他专用化学产品制造,燃气锅炉,DA001,9,[]
SRC-RAW-1006B460896F547099A5,工业锅炉,2022,3360,金属表面处理及热处理加工,燃气锅炉,DA004,9,[]
SRC-RAW-08260629595CDE0A6929,工业锅炉,2022,1331,食用植物油加工,燃气锅炉,DA001,9,[]
SRC-RAW-48DA7646347B83E35DA3,工业锅炉,2022,1331,食用植物油加工,燃气锅炉,DA002,9,[]
SRC-RAW-DFD605BF9866EB0D04AB,工业锅炉,2022,1331,食用植物油加工,燃气锅炉,DA003,9,[]
SRC-RAW-159D7A95FDEA420F5C93,工业锅炉,2022,2720,化学药品制剂制造,燃气锅炉,DA001,9,[]
SRC-RAW-0C0075C0AA2F3B578374,工业锅炉,2022,2720,化学药品制剂制造,燃气锅炉,DA001,9,[]
SRC-RAW-8BC823855308A22EBFFB,工业锅炉,2022,2720,化学药品制剂制造,燃气锅炉,DA001,9,[]
SRC-RAW-CEC3430E60D6C42FE42C,范围外,2022,4512,液化石油气生产和供应业,燃气锅炉,DA001,0,[]
SRC-RAW-D24A9B1EE1D43E6548C4,范围外,2022,4512,液化石油气生产和供应业,燃气锅炉,DA002,0,[]
SRC-RAW-758BC821EC0762F91F62,范围外,2022,4512,液化石油气生产和供应业,燃气锅炉,DA003,0,[]
SRC-RAW-767C9D31AB518D83A1A4,范围外,2022,4512,液化石油气生产和供应业,燃气锅炉,DA004,0,[]
SRC-RAW-CE36439D36BEA0E668D6,范围外,2022,4512,液化石油气生产和供应业,燃气锅炉,DA005,0,[]
SRC-RAW-FFC31481B1D1C1EF1071,范围外,2022,4512,液化石油气生产和供应业,燃气锅炉,DA006,0,[]
SRC-RAW-08428D099C43E7BCB78A,范围外,2022,4512,液化石油气生产和供应业,燃气锅炉,DA007,0,[]
SRC-RAW-B9C3830CBAF65E242030,工业锅炉,2022,1441,液体乳制造,燃气锅炉,DA004,9,[]
SRC-RAW-6AD742CAFF52BE29592E,工业锅炉,2022,1441,液体乳制造,燃气锅炉,DA004,9,[]
SRC-RAW-55212FA9353DA419A877,工业锅炉,2022,2681,肥皂及洗涤剂制造,燃气锅炉,DA001,9,[]
SRC-RAW-C4E7E8F8DBFE20599C8A,工业锅炉,2022,2681,肥皂及洗涤剂制造,燃气锅炉,DA002,9,[]
SRC-RAW-3A966F6751381310DE95,火电热力,2022,4412,热电联产,燃煤锅炉,DA001,9,[]
SRC-RAW-3E1F4674BE5DEDEDE380,火电热力,2022,4412,热电联产,燃煤锅炉,DA001,9,[]
SRC-RAW-6EC3C899F61E7AE061D4,工业锅炉,2022,3670,汽车零部件及配件制造,燃油锅炉,DA001,9,[]
SRC-RAW-F2722D18F79CB94EF519,工业锅炉,2022,3670,汽车零部件及配件制造,燃气锅炉,DA013,9,[]
SRC-RAW-0D4261F5C54B17A3B26E,范围外,2022,1529,茶饮料及其他饮料制造,燃气轮机,DA004,0,[]
SRC-RAW-54D4504761B4C5AB15B4,范围外,2022,1529,茶饮料及其他饮料制造,燃气轮机,DA004,0,[]
SRC-RAW-02B26EFD0FE80675CA89,工业锅炉,2022,2653,合成纤维单（聚合）体制造,燃气锅炉,DA001,9,[]
SRC-RAW-BEBB4AC170C40D7FDAF6,工业锅炉,2022,2653,合成纤维单（聚合）体制造,燃气锅炉,DA001,9,[]
SRC-RAW-BEAE602377156D20D6D8,工业锅炉,2022,2653,合成纤维单（聚合）体制造,燃气锅炉,DA001,9,[]
SRC-RAW-17F0CE77DDF2DB73048F,工业锅炉,2022,2913,橡胶零件制造,燃气锅炉,DA001,9,[]
SRC-RAW-6AAABCE4184D20AE823E,火电热力,2022,4412,热电联产,燃气锅炉,DA001,9,[]
SRC-RAW-49FAFC022930C410AC9A,火电热力,2022,4412,热电联产,燃气锅炉,DA002,9,[]
SRC-RAW-A5C10163A3A9F991D0A0,工业锅炉,2022,2669,其他专用化学产品制造,燃气锅炉,DA006,9,[]
SRC-RAW-DD74F8769A014E101B7B,工业锅炉,2022,1331,食用植物油加工,燃气锅炉,DA001,9,[]
SRC-RAW-67BE15BA22C0E2F8A698,工业锅炉,2022,1331,食用植物油加工,燃气锅炉,DA002,9,[]
SRC-RAW-1F187D035FB430F59767,工业锅炉,2022,1495,食品及饲料添加剂制造,燃气锅炉,DA003,9,[]
SRC-RAW-633F546392044417F128,工业锅炉,2022,2661,化学试剂和助剂制造,燃气锅炉,DA001,9,[]
SRC-RAW-76FD36A36D01FB7E35BB,工业锅炉,2022,3982,电子电路制造,燃气锅炉,DA011,9,[]
SRC-RAW-71645BDEBF5AC7AEBD9C,工业锅炉,2022,3982,电子电路制造,燃气锅炉,DA010,9,[]
SRC-RAW-2E33DBE3D63A2AFAAD55,工业锅炉,2022,3982,电子电路制造,燃气锅炉,DA009,9,[]
SRC-RAW-C14CD5BE153825068214,工业锅炉,2022,3982,电子电路制造,燃气锅炉,DA008,9,[]
SRC-RAW-E99737755E2A8754E368,工业锅炉,2022,2682,化妆品制造,燃气锅炉,DA001,9,[]
SRC-RAW-86B36D6546C11D37FEA4,工业锅炉,2022,3990,其他电子设备制造,燃气锅炉,DA011,9,[]
SRC-RAW-A03027053A32D7190D20,工业锅炉,2022,3990,其他电子设备制造,燃气锅炉,DA011,9,[]
SRC-RAW-13DEBA74953C34DD6E03,工业锅炉,2022,3990,其他电子设备制造,燃气锅炉,DA011,9,[]
SRC-RAW-DBCDA6C6DE46185B95C9,工业锅炉,2022,3990,其他电子设备制造,燃气锅炉,DA011,9,[]
SRC-RAW-CE1C143B987F006A0F06,工业锅炉,2022,3990,其他电子设备制造,燃气锅炉,DA011,9,[]
SRC-RAW-4F420B79A47B053BE6A6,工业锅炉,2022,3990,其他电子设备制造,燃气锅炉,DA011,9,[]
SRC-RAW-552F300EC29AC59E6732,工业锅炉,2022,3982,电子电路制造,燃气锅炉,DA086,9,[]
SRC-RAW-238E4DFA2A29BEFC8733,范围外,2022,3982,电子电路制造,,DA086,0,[]
SRC-RAW-18E7D28FE5399B0D52D6,工业锅炉,2022,3982,电子电路制造,燃气锅炉,DA063,9,[]
SRC-RAW-BB8D037753CDD5DE8C92,工业锅炉,2022,3982,电子电路制造,燃气锅炉,DA064,9,[]
SRC-RAW-275E8083F57620D012F9,工业锅炉,2022,3982,电子电路制造,燃气锅炉,DA065,9,[]
SRC-RAW-F9E661A5FF5CB3CEEE97,工业锅炉,2022,3982,电子电路制造,燃气锅炉,DA063,9,[]
SRC-RAW-C69664DD5FAE87D7C188,工业锅炉,2022,3982,电子电路制造,燃气锅炉,DA063,9,[]
SRC-RAW-71844E41B6372C700EF4,工业锅炉,2022,3982,电子电路制造,燃气锅炉,DA066,9,[]
SRC-RAW-CF8CCA6FE11FCB28401E,工业锅炉,2022,3985,电子专用材料制造,燃气锅炉,DA005,9,[]
SRC-RAW-49CA25E3D701F22D0654,工业锅炉,2022,3985,电子专用材料制造,燃气锅炉,DA005,9,[]
SRC-RAW-EDB1FDACD9C204A0EC72,工业锅炉,2022,3985,电子专用材料制造,燃气锅炉,DA005,9,[]
SRC-RAW-F6144887D401A156D1CE,工业锅炉,2022,3985,电子专用材料制造,燃气锅炉,DA005,9,[]
SRC-RAW-CFD5D5C4D6FA738E4697,工业锅炉,2022,1353,肉制品及副产品加工,燃气锅炉,DA290,9,[]
SRC-RAW-B186521C22DFFE4D4E9E,工业锅炉,2022,2662,专项化学用品制造,燃气锅炉,DA001,9,[]
SRC-RAW-B0ECC8DA63AA2B2D847E,火电热力,2022,4417,生物质能发电,燃气轮机,DA004,9,[]
SRC-RAW-9A7AD38C97EFBB860D96,火电热力,2022,4417,生物质能发电,燃气轮机,DA011,9,[]
SRC-RAW-E80B7DDD5E7ECF15F30E,火电热力,2022,4417,生物质能发电,燃气锅炉,DA002,9,[]
SRC-RAW-63C74C970704DB13D46B,火电热力,2022,4417,生物质能发电,燃气锅炉,DA012,9,[]
SRC-RAW-0BE9435BF40121D62373,火电热力,2022,4417,生物质能发电,燃气锅炉,DA013,9,[]
SRC-RAW-98BEB71FB48F804B6285,工业锅炉,2022,2740,中成药生产,燃气锅炉,DA006,9,[]
SRC-RAW-5926EA38F678A70918F4,范围外,2022,2761,生物药品制造,燃气轮机,DA010,0,[]
SRC-RAW-618031788E02130B3A28,范围外,2022,2761,生物药品制造,燃气轮机,DA011,0,[]
SRC-RAW-2320945DD69477D0CF90,工业锅炉,2022,3974,显示器件制造,燃气锅炉,DA013,9,[]
SRC-RAW-978ED58ED0C70E60ED17,工业锅炉,2022,3974,显示器件制造,燃气锅炉,DA013,9,[]
SRC-RAW-9FF988E77E0B9C49F17A,工业锅炉,2022,3974,显示器件制造,燃气锅炉,DA013,9,[]
SRC-RAW-91B9C23BD16760314E1C,工业锅炉,2022,3974,显示器件制造,燃气锅炉,DA013,9,[]
SRC-RAW-2C0CF73AA6AA2A206248,工业锅炉,2022,3974,显示器件制造,燃气锅炉,DA013,9,[]
SRC-RAW-CCE518507FE244F9AEB5,工业锅炉,2022,3974,显示器件制造,燃气锅炉,DA013,9,[]
SRC-RAW-96DF09F8C66A11AF1314,工业锅炉,2022,3974,显示器件制造,燃气锅炉,DA013,9,[]
SRC-RAW-E639FA11D6D1221B0E4A,工业锅炉,2022,3974,显示器件制造,燃气锅炉,DA013,9,[]
SRC-RAW-F8639FAF2AC69ADC1DBA,工业锅炉,2022,3974,显示器件制造,燃气锅炉,DA013,9,[]
SRC-RAW-535D6261F43143EE95FB,工业锅炉,2022,3974,显示器件制造,燃气锅炉,DA013,9,[]
SRC-RAW-3B79F03146DC5B840F33,工业锅炉,2022,3974,显示器件制造,燃气锅炉,DA013,9,[]
SRC-RAW-63F031CD40C62D3287CF,工业锅炉,2022,3985,电子专用材料制造,燃气锅炉,DA008,9,[]
SRC-RAW-58450D35A351E4D3BA79,工业锅炉,2022,3985,电子专用材料制造,燃气锅炉,DA008,9,[]
SRC-RAW-3A4E06FA1B7A556B7CB8,工业锅炉,2022,3985,电子专用材料制造,燃气锅炉,DA008,9,[]
SRC-RAW-F163B9965AA22CD5540D,工业锅炉,2022,3985,电子专用材料制造,燃气锅炉,DA008,9,[]
SRC-RAW-1FEC7206ABAB3EF40814,工业锅炉,2022,3031,粘土砖瓦及建筑砌块制造,燃气锅炉,DA003,9,[]
SRC-RAW-2459F9103DF97641BC02,工业锅炉,2022,1819,其他机织服装制造,燃气锅炉,DA001,9,[]
SRC-RAW-96FC93F88DDDE704DF8D,工业锅炉,2022,2740,中成药生产,燃气锅炉,DA006,9,[]
SRC-RAW-90B1496DEB7CDB8AEE5C,工业锅炉,2022,2740,中成药生产,燃气锅炉,DA007,9,[]
SRC-RAW-13ED7524C325A0189BB6,工业锅炉,2022,2740,中成药生产,燃气锅炉,DA008,9,[]
SRC-RAW-EDA1473CB007821F9C82,工业锅炉,2022,2740,中成药生产,燃气锅炉,DA001,9,[]
SRC-RAW-4FE2CAE9832CD15E6EE9,工业锅炉,2022,2740,中成药生产,燃气锅炉,DA001,9,[]
SRC-RAW-84C1AC1BD973EC46F7F1,工业锅炉,2022,1462,酱油、食醋及类似制品制造,燃气锅炉,DA005,9,[]
SRC-RAW-D347BA1B0DE75B77BBA8,工业锅炉,2022,3360,金属表面处理及热处理加工,燃气锅炉,DA006,9,[]
SRC-RAW-332BE0BE03AB49E14B89,范围外,2022,3031,粘土砖瓦及建筑砌块制造,燃生物质锅炉,DA000,0,[]
SRC-RAW-711C8648AB8A2EC91D99,工业锅炉,2022,2662,专项化学用品制造,燃气锅炉,DA001,9,[]
SRC-RAW-F45A19A240E4C3643982,范围外,2022,2231,纸和纸板容器制造,燃生物质锅炉,DA001,0,[]
SRC-RAW-B152217274B981D7682E,工业锅炉,2022,3333,金属包装容器及材料制造,燃气锅炉,DA001,9,[]
SRC-RAW-BFEAC697FD2CE8E3F517,范围外,2022,2239,其他纸制品制造,燃生物质锅炉,DA001,0,[]
SRC-RAW-B61F9AC64DD15B149BA9,工业锅炉,2022,3852,家用空气调节器制造,燃气锅炉,DA001,9,[]
SRC-RAW-AD2E38F41ECF099A4739,工业锅炉,2022,3442,气体压缩机械制造,燃气锅炉,DA001,9,[]
SRC-RAW-650D20FA967C65B4AB81,工业锅炉,2022,2330,记录媒介复制,燃气锅炉,DA001,9,[]
SRC-RAW-CB701FE9286B19093C1E,工业锅炉,2022,2651,初级形态塑料及合成树脂制造,燃气锅炉,DA004,9,[]
SRC-RAW-4849C5A31989ED29C54B,工业锅炉,2022,2651,初级形态塑料及合成树脂制造,燃气锅炉,DA005,9,[]
SRC-RAW-F69CE0CE3DF1042EFA17,工业锅炉,2022,1411,糕点、面包制造,燃气锅炉,DA001,9,[]
SRC-RAW-6476C9F6275251228087,工业锅炉,2022,1411,糕点、面包制造,燃气锅炉,DA002,9,[]
SRC-RAW-FE2EB3A96AEA4EF0D63E,范围外,2022,2231,纸和纸板容器制造,燃生物质锅炉,DA001,0,[]
SRC-RAW-EA1B499DF7D4367F2C45,范围外,2022,3021,水泥制品制造,燃生物质锅炉,DA001,0,[]
SRC-RAW-156897D3BE86519B3306,范围外,2022,2319,包装装潢及其他印刷,余热利用锅炉,DA001,0,[]
SRC-RAW-9F0B4A336B520945D494,工业锅炉,2022,1819,其他机织服装制造,燃气锅炉,DA001,9,[]
SRC-RAW-6361C2A556DB970D0FFE,工业锅炉,2022,2681,肥皂及洗涤剂制造,燃气锅炉,DA005,9,[]
SRC-RAW-BDE8352DC7B2259B498B,工业锅炉,2022,3360,金属表面处理及热处理加工,燃气锅炉,DA001,9,[]
SRC-RAW-C378D60CF5EBDD3B0E22,工业锅炉,2022,1713,棉印染精加工,燃气锅炉,DA001,9,[]
SRC-RAW-0F570D283B4E7F26602C,工业锅炉,2022,1713,棉印染精加工,燃气锅炉,DA002,9,[]
SRC-RAW-09A43F56D934D609ECBA,工业锅炉,2022,1524,含乳饮料和植物蛋白饮料制造,燃气锅炉,DA003,9,[]
SRC-RAW-BE410C173D1A5FDFE374,范围外,2022,3031,粘土砖瓦及建筑砌块制造,燃生物质锅炉,DA001,0,[]
SRC-RAW-9F8A569021FA334E2167,火电热力,2022,4412,热电联产,燃气轮机,DA001,9,[]
SRC-RAW-9B8229F8C1512374E339,火电热力,2022,4412,热电联产,燃气轮机,DA002,9,[]
SRC-RAW-C6611DA1B4E51C3602B7,火电热力,2022,4412,热电联产,燃气轮机,DA001,9,[]
SRC-RAW-D713C44472675D27298D,火电热力,2022,4412,热电联产,燃气轮机,DA002,9,[]
SRC-RAW-1D41752EE1388D13FF8E,火电热力,2022,4412,热电联产,燃气轮机,DA003,9,[]
SRC-RAW-AC6DDEEFE86EADE6D011,工业锅炉,2022,3611,汽柴油车整车制造,燃气锅炉,DA027,9,[]
SRC-RAW-4E0ECEE6D539A1439EDD,工业锅炉,2022,3611,汽柴油车整车制造,燃气锅炉,DA027,9,[]
SRC-RAW-BD79F2DA1DDC0796162C,工业锅炉,2022,3611,汽柴油车整车制造,燃气锅炉,DA027,9,[]
SRC-RAW-9F4E34F5648F821E2F09,工业锅炉,2022,3611,汽柴油车整车制造,燃气锅炉,DA042,9,[]
SRC-RAW-9F787138A73237031C49,工业锅炉,2022,3611,汽柴油车整车制造,燃气锅炉,DA042,9,[]
SRC-RAW-B34F20C5C70175200556,工业锅炉,2022,3611,汽柴油车整车制造,燃气锅炉,DA042,9,[]
SRC-RAW-BC58AEC24BE46201A0AB,工业锅炉,2022,3352,建筑装饰及水暖管道零件制造,燃气锅炉,DA015,9,[]
SRC-RAW-C987D33C42422706B4EA,工业锅炉,2022,3352,建筑装饰及水暖管道零件制造,燃气锅炉,DA015,9,[]
SRC-RAW-8F02202CF2ED7A316213,工业锅炉,2022,3352,建筑装饰及水暖管道零件制造,燃气锅炉,DA014,9,[]
SRC-RAW-923B569580EA7137C2F7,工业锅炉,2022,3352,建筑装饰及水暖管道零件制造,燃气锅炉,DA014,9,[]
SRC-RAW-577C602FEE33E7F151F5,工业锅炉,2022,3352,建筑装饰及水暖管道零件制造,燃气锅炉,DA013,9,[]
SRC-RAW-F3DF37C0223E9250CF73,工业锅炉,2022,1499,其他未列明食品制造,燃气锅炉,DA003,9,[]
SRC-RAW-93826634DD34BDD68120,工业锅炉,2022,1499,其他未列明食品制造,燃气锅炉,DA004,9,[]
SRC-RAW-705A7B21D9BD83F710AA,工业锅炉,2022,1499,其他未列明食品制造,燃气锅炉,DA003,9,[]
SRC-RAW-70242B1761645B5D05EA,工业锅炉,2022,1499,其他未列明食品制造,燃气锅炉,DA003,9,[]
SRC-RAW-FCF440AF79880F0FF2E3,工业锅炉,2022,1499,其他未列明食品制造,燃气锅炉,DA003,9,[]
SRC-RAW-56BCC2C10A5621B9E0C5,工业锅炉,2022,1421,糖果、巧克力制造,燃气锅炉,DA059,9,[]
SRC-RAW-A789AE172794B83D7C22,工业锅炉,2022,1421,糖果、巧克力制造,燃气锅炉,DA059,9,[]
SRC-RAW-0285B9EB6C80EF3A6681,范围外,2022,1462,酱油、食醋及类似制品制造,燃生物质锅炉,DA007,0,[]
SRC-RAW-91A2B98FFF56709CD6F5,工业锅炉,2022,1462,酱油、食醋及类似制品制造,燃气锅炉,DA007,9,[]
SRC-RAW-D6FAA932F787B28C4B7B,工业锅炉,2022,2761,生物药品制造,燃气锅炉,DA001,9,[]
SRC-RAW-CD6D1A987F9E5AE37E33,工业锅炉,2022,2761,生物药品制造,燃气锅炉,DA001,9,[]
SRC-RAW-B5397E4CB20DD0FA0328,工业锅炉,2022,2740,中成药生产,燃气锅炉,DA122,9,[]
SRC-RAW-A6ABF53198999AEEFD27,范围外,2022,2239,其他纸制品制造,燃生物质锅炉,DA002,0,[]
SRC-RAW-805302B0E6F79162EC1A,工业锅炉,2022,2239,其他纸制品制造,燃气锅炉,DA001,9,[]
SRC-RAW-94DD3A00484AA500CEC2,工业锅炉,2022,1462,酱油、食醋及类似制品制造,燃气锅炉,DA001,9,[]
SRC-RAW-805EB01414B03AD1D71A,工业锅炉,2022,1462,酱油、食醋及类似制品制造,燃气锅炉,DA001,9,[]
SRC-RAW-D508FAD5874D91E31F5F,范围外,2022,1329,其他饲料加工,燃生物质锅炉,DA001,0,[]
SRC-RAW-308B06C3D9C1961A11F2,工业锅炉,2022,3670,汽车零部件及配件制造,燃气锅炉,DA002,9,[]
SRC-RAW-2438A9EE4DED6D85A3C9,工业锅炉,2022,1493,冷冻饮品及食用冰制造,燃气锅炉,DA001,9,[]
SRC-RAW-8E8BA83B90C51EAF95D9,范围外,2022,2023,刨花板制造,燃生物质锅炉,DA001,0,[]
SRC-RAW-612A54FF7C348FDAB75F,范围外,2022,2023,刨花板制造,燃生物质锅炉,DA002,0,[]
SRC-RAW-EC5D26AB561C5A2BFEBE,工业锅炉,2022,3024,轻质建筑材料制造,燃气锅炉,DA001,9,[]
SRC-RAW-5EFF81FAFB804EFA8C91,范围外,2022,2924,泡沫塑料制造,燃生物质锅炉,DA817,0,[]
SRC-RAW-9C56258677CC98D3E1D4,工业锅炉,2022,3872,照明灯具制造,燃气锅炉,DA027,9,[]
SRC-RAW-FFB25704951D44F678C7,工业锅炉,2022,3872,照明灯具制造,燃气锅炉,DA027,9,[]
SRC-RAW-D4A1A11C698EAF2640D5,工业锅炉,2022,3872,照明灯具制造,燃气锅炉,DA028,9,[]
SRC-RAW-78363A0F15066E700D5B,工业锅炉,2022,3872,照明灯具制造,燃气锅炉,DA028,9,[]
SRC-RAW-446885DA0381B2485FB2,范围外,2022,2023,刨花板制造,燃生物质锅炉,DA001,0,[]
SRC-RAW-067A08158C9BBEF3A43D,范围外,2022,2231,纸和纸板容器制造,燃生物质锅炉,DA001,0,[]
SRC-RAW-A6D2AA0F5596207F3CC0,工业锅炉,2022,1353,肉制品及副产品加工,燃气锅炉,DA001,9,[]
SRC-RAW-438A0AA8D62EDD98319D,工业锅炉,2022,3612,新能源车整车制造,燃气锅炉,DA030,9,[]
SRC-RAW-17C8C4E0E7A0EBE5ACE8,工业锅炉,2022,3612,新能源车整车制造,燃气锅炉,DA030,9,[]
SRC-RAW-89A4EEFB6A409C0696B9,工业锅炉,2022,3612,新能源车整车制造,燃气锅炉,DA030,9,[]
SRC-RAW-D5A107F0F6A4F16FA0D6,工业锅炉,2022,3841,锂离子电池制造,燃气锅炉,DA006,9,[]
SRC-RAW-3FC9BCA6D8A459EA1753,工业锅炉,2022,3841,锂离子电池制造,燃气锅炉,DA007,9,[]
SRC-RAW-5E1A4FF04853233E66AA,工业锅炉,2022,3841,锂离子电池制造,燃气锅炉,DA009,9,[]
SRC-RAW-5BDE6226C0F02659D8F5,工业锅炉,2022,3841,锂离子电池制造,燃气锅炉,DA010,9,[]
SRC-RAW-DA7E8692D30D44CF860F,工业锅炉,2022,2661,化学试剂和助剂制造,燃气锅炉,DA002,9,[]
SRC-RAW-39220378A521EB70D658,工业锅炉,2022,2661,化学试剂和助剂制造,燃气锅炉,DA003,9,[]
SRC-RAW-81E224A740262A4F8489,工业锅炉,2022,2661,化学试剂和助剂制造,燃气锅炉,DA002,9,[]
SRC-RAW-ECCA195925A466882103,火电热力,2022,4412,热电联产,燃气轮机,DA002,9,[]
SRC-RAW-D8D51359E8213221330C,火电热力,2022,4412,热电联产,燃气轮机,DA001,9,[]
SRC-RAW-B81BE51DC6E772039048,火电热力,2022,4412,热电联产,燃气锅炉,DA003,9,[]
SRC-RAW-B0422C512655DEC88202,工业锅炉,2022,3024,轻质建筑材料制造,燃气锅炉,DA001,9,[]
SRC-RAW-40B3F1CC9DE722E6B750,工业锅炉,2022,1353,肉制品及副产品加工,燃气锅炉,DA001,9,[]
SRC-RAW-29C5EB21D98B9142B483,工业锅炉,2022,2221,机制纸及纸板制造,燃气锅炉,DA003,9,[]
SRC-RAW-1A315F19F4D4622CDB7C,工业锅炉,2022,1910,皮革鞣制加工,燃气锅炉,DA001,9,[]
SRC-RAW-B2F390524C871817D53B,工业锅炉,2022,1910,皮革鞣制加工,燃气锅炉,DA001,9,[]
SRC-RAW-A5202D7ECB2EECC00B5D,工业锅炉,2022,1910,皮革鞣制加工,燃气锅炉,DA001,9,[]
SRC-RAW-DF2720F0EC8D2179F66B,工业锅炉,2022,1910,皮革鞣制加工,燃气锅炉,DA001,9,[]
SRC-RAW-5B653478E68DEA24FFF9,工业锅炉,2022,2682,化妆品制造,燃气锅炉,DA001,9,[]
SRC-RAW-5766DF5B7CC1124817CE,工业锅炉,2022,2915,日用及医用橡胶制品制造,燃气锅炉,DA001,9,[]
SRC-RAW-DA5EECDA6FE0A0D991F5,工业锅炉,2022,2682,化妆品制造,燃气锅炉,DA002,9,[]
SRC-RAW-DEDA2D51BC559C426DA1,工业锅炉,2022,2912,橡胶板、管、带制造,燃气锅炉,DA002,9,[]
SRC-RAW-797DB6F7DB6C9B013B0A,工业锅炉,2022,2541,生物质液体燃料生产,燃气锅炉,DA001,9,[]
SRC-RAW-6207E467E502A367D17A,工业锅炉,2022,2541,生物质液体燃料生产,燃气锅炉,DA002,9,[]
SRC-RAW-B574C47B866A3DD2A9B5,工业锅炉,2022,2190,其他家具制造,燃气锅炉,DA001,9,[]
SRC-RAW-D45087125319DC2CB971,工业锅炉,2022,1419,饼干及其他焙烤食品制造,燃气锅炉,DA001,9,[]
SRC-RAW-4880CD5B2EA2B603D99E,工业锅炉,2022,2231,纸和纸板容器制造,燃气锅炉,DA002,9,[]
SRC-RAW-EDB1A7FE5C5911528A23,工业锅炉,2022,1493,冷冻饮品及食用冰制造,燃气锅炉,DA001,9,[]
SRC-RAW-EBF04A5C001136697FC4,范围外,2022,1929,其他皮革制品制造,燃生物质锅炉,DA001,0,[]
SRC-RAW-FED77A3E342F44547CA5,工业锅炉,2022,2231,纸和纸板容器制造,燃气锅炉,DA001,9,[]
SRC-RAW-C7F322F780F03F59A969,工业锅炉,2022,3311,金属结构制造,燃气锅炉,DA002,9,[]
SRC-RAW-74350F9661CC65F02E63,工业锅炉,2022,2646,密封用填料及类似品制造,燃气锅炉,DA001,9,[]
SRC-RAW-2E90D04E20AB85E01EE7,工业锅炉,2022,1329,其他饲料加工,燃气锅炉,DA001,9,[]
SRC-RAW-1359E77D80FD4BDFFA6F,工业锅炉,2022,1392,豆制品制造,燃气锅炉,DA001,9,[]
SRC-RAW-0AD418E2C402F4DAA99B,工业锅炉,2022,2912,橡胶板、管、带制造,燃气锅炉,DA002,9,[]
SRC-RAW-1E1E6B962538F7CD6F11,工业锅炉,2022,3024,轻质建筑材料制造,燃气锅炉,DA001,9,[]
SRC-RAW-72DC1F22006EF49A0397,工业锅炉,2022,2925,塑料人造革、合成革制造,燃气锅炉,DA001,9,[]
SRC-RAW-2991A39F35BA9FF6055B,工业锅炉,2022,1419,饼干及其他焙烤食品制造,燃气锅炉,DA001,9,[]
SRC-RAW-E11E3CFEB71CCCD95D20,工业锅炉,2022,1419,饼干及其他焙烤食品制造,燃气锅炉,DA001,9,[]
SRC-RAW-AE37A1ED07145000FC21,工业锅炉,2022,1419,饼干及其他焙烤食品制造,燃气锅炉,DA001,9,[]
SRC-RAW-CAE93DE0C1617297CE74,工业锅炉,2022,1419,饼干及其他焙烤食品制造,燃气锅炉,DA002,9,[]
SRC-RAW-4BC68DE1A54E26F4A463,工业锅炉,2022,1419,饼干及其他焙烤食品制造,燃气锅炉,DA003,9,[]
SRC-RAW-F8D4ECEC12AB80232DB6,工业锅炉,2022,2911,轮胎制造,燃气锅炉,DA001,9,[]
SRC-RAW-7B4CE626311E4B8682C1,工业锅炉,2022,3031,粘土砖瓦及建筑砌块制造,燃气锅炉,DA001,9,[]
SRC-RAW-8354E7DAA6B25CA516F9,工业锅炉,2022,3024,轻质建筑材料制造,燃气锅炉,DA001,9,[]
SRC-RAW-91DF6D85B800185DEF0E,范围外,2022,2924,泡沫塑料制造,燃生物质锅炉,DA001,0,[]
SRC-RAW-BDF1C2595DEFEB3D2865,工业锅炉,2022,3031,粘土砖瓦及建筑砌块制造,燃气锅炉,DA001,9,[]
SRC-RAW-78A1B01945C41CEDA8E9,工业锅炉,2022,2682,化妆品制造,燃气锅炉,DA001,9,[]
SRC-RAW-ADCF856C6595BAFE951B,工业锅炉,2022,2682,化妆品制造,燃气锅炉,DA001,9,[]
SRC-RAW-8D41A2FECE441BA0C6A2,范围外,2022,2925,塑料人造革、合成革制造,燃生物质锅炉,DA001,0,[]
SRC-RAW-CA1B0D48CFAA6FDB13A0,工业锅炉,2022,1953,塑料鞋制造,燃气锅炉,DA004,9,[]
SRC-RAW-4B44720542A77F4B43F6,工业锅炉,2022,2239,其他纸制品制造,燃气锅炉,DA001,9,[]
SRC-RAW-4D87B5A4E36A83D00912,范围外,2022,4419,其他电力生产,燃生物质锅炉,DA001,0,[]
SRC-RAW-C7595FFD1973FF8F86CF,范围外,2022,4419,其他电力生产,燃生物质锅炉,DA002,0,[]
SRC-RAW-60EECF24ADE3EE647B68,范围外,2022,4419,其他电力生产,燃生物质锅炉,DA003,0,[]
SRC-RAW-7EF2515219FD5228303E,工业锅炉,2022,2919,其他橡胶制品制造,燃气锅炉,DA632,9,[]
SRC-RAW-C154FACC211CB18BA408,工业锅炉,2022,2912,橡胶板、管、带制造,燃气锅炉,DA001,9,[]
SRC-RAW-41C89BE0BD0526286522,工业锅炉,2022,2921,塑料薄膜制造,燃气锅炉,DA001,9,[]
SRC-RAW-D8F055359383A8637DF9,工业锅炉,2022,3611,汽柴油车整车制造,燃气锅炉,DA106,9,[]
SRC-RAW-C3C045AA5DE53E0BC495,工业锅炉,2022,3611,汽柴油车整车制造,燃气锅炉,DA107,9,[]
SRC-RAW-51C6248BE504162EBD12,工业锅炉,2022,3611,汽柴油车整车制造,燃气锅炉,DA102,9,[]
SRC-RAW-E9AD4773ED1BF1C5E956,工业锅炉,2022,3611,汽柴油车整车制造,燃气锅炉,DA103,9,[]
SRC-RAW-3E5313E4A42CABA45232,工业锅炉,2022,3611,汽柴油车整车制造,燃气锅炉,DA104,9,[]
SRC-RAW-C3E4EEA73CDA55B1982C,工业锅炉,2022,2925,塑料人造革、合成革制造,燃气锅炉,DA004,9,[]
SRC-RAW-9C58FE0E047933CD8390,工业锅炉,2022,2925,塑料人造革、合成革制造,燃气锅炉,DA010,9,[]
SRC-RAW-0D7B4773D3324A73C021,工业锅炉,2022,2925,塑料人造革、合成革制造,燃气锅炉,DA001,9,[]
SRC-RAW-135CE9B9E1003CC21D93,工业锅炉,2022,2682,化妆品制造,燃气锅炉,DA001,9,[]
SRC-RAW-42DD707223A899138EB1,工业锅炉,2022,2929,塑料零件及其他塑料制品制造,燃气锅炉,DA001,9,[]
SRC-RAW-12270A2402564FD5FF89,工业锅炉,2022,2231,纸和纸板容器制造,燃气锅炉,DA001,9,[]
SRC-RAW-3F44F91FE22B83DB6BDB,工业锅炉,2022,2231,纸和纸板容器制造,燃气锅炉,DA001,9,[]
SRC-RAW-4ABBE497E6EBE2A6F389,工业锅炉,2022,2682,化妆品制造,燃气锅炉,DA001,9,[]
SRC-RAW-F2806F6453CF3BAC2CC6,工业锅炉,2022,2682,化妆品制造,燃气锅炉,DA001,9,[]
SRC-RAW-89DF99CD2B3DE10F27DC,工业锅炉,2022,3670,汽车零部件及配件制造,燃气锅炉,DA001,9,[]
SRC-RAW-3B94F95869C82A5219C7,工业锅炉,2022,3670,汽车零部件及配件制造,燃气锅炉,DA002,9,[]
SRC-RAW-EF303AD8C837A02F18AF,工业锅炉,2022,3670,汽车零部件及配件制造,燃气锅炉,DA003,9,[]
SRC-RAW-E1A850B4B28BEF4AE117,工业锅炉,2022,3670,汽车零部件及配件制造,燃气锅炉,DA001,9,[]
SRC-RAW-55487718723783A37D76,工业锅炉,2022,3670,汽车零部件及配件制造,燃气锅炉,DA001,9,[]
SRC-RAW-E105B3F3020D9147FBD8,工业锅炉,2022,3670,汽车零部件及配件制造,燃气锅炉,DA001,9,[]
SRC-RAW-99512864BEFA499D827A,工业锅炉,2022,2924,泡沫塑料制造,燃气锅炉,DA002,9,[]
SRC-RAW-03EB8695A66380401CE7,工业锅炉,2022,3670,汽车零部件及配件制造,燃气锅炉,DA016,9,[]
SRC-RAW-BA08BFE9DC934D80FC88,工业锅炉,2022,3670,汽车零部件及配件制造,燃气锅炉,DA017,9,[]
SRC-RAW-9B317368B355419DC51B,工业锅炉,2022,1421,糖果、巧克力制造,燃气锅炉,DA001,9,[]
SRC-RAW-A93FA0418E135832D8F3,工业锅炉,2022,1922,皮箱、包（袋）制造,燃气锅炉,DA001,9,[]
SRC-RAW-431D52D8E68533255B7E,工业锅炉,2022,3329,其他金属工具制造,燃气锅炉,DA001,9,[]
SRC-RAW-5EB3B53D7AC175096043,范围外,2022,3329,其他金属工具制造,,DA001,0,[]
SRC-RAW-E16D448CFF7F87DC5C20,范围外,2022,2912,橡胶板、管、带制造,燃生物质锅炉,DA002,0,[]
SRC-RAW-7602AC98EF28C13CD420,工业锅炉,2022,3670,汽车零部件及配件制造,燃气锅炉,DA001,9,[]
SRC-RAW-6893B81838415D2D4FDE,工业锅炉,2022,2912,橡胶板、管、带制造,燃气锅炉,DA002,9,[]
SRC-RAW-0622C4455B1EB387E443,范围外,2022,3031,粘土砖瓦及建筑砌块制造,燃生物质锅炉,DA001,0,[]
SRC-RAW-0BBF65BD39F60DDB896B,工业锅炉,2022,3024,轻质建筑材料制造,燃气锅炉,DA001,9,[]
SRC-RAW-6EFDEEC93D738DF01C88,工业锅炉,2022,2661,化学试剂和助剂制造,燃气锅炉,DA001,9,[]
SRC-RAW-06B12EB26B107E12C5BE,范围外,2022,2929,塑料零件及其他塑料制品制造,燃生物质锅炉,DA001,0,[]
SRC-RAW-972E633156A3EA0AD87D,工业锅炉,2022,2411,文具制造,燃气锅炉,DA001,9,[]
SRC-RAW-E74C7D052B69A6218877,火电热力,2022,4417,生物质能发电,燃气轮机,DA001,9,[]
SRC-RAW-2A95B267C3CD2FEEB746,火电热力,2022,4417,生物质能发电,燃气轮机,DA002,9,[]
SRC-RAW-EE9AA0172B22023E3107,火电热力,2022,4417,生物质能发电,燃气轮机,DA003,9,[]
SRC-RAW-A11531026EDD3E490465,工业锅炉,2022,1329,其他饲料加工,燃气锅炉,DA001,9,[]
SRC-RAW-0557949286FFBD4AADD6,工业锅炉,2022,2669,其他专用化学产品制造,燃气锅炉,DA004,9,[]
SRC-RAW-5FD2589C312712B9200E,工业锅炉,2022,2231,纸和纸板容器制造,燃气锅炉,DA001,9,[]
SRC-RAW-35D253E3BFC56C4E099B,工业锅炉,2022,1353,肉制品及副产品加工,燃气锅炉,DA007,9,[]
SRC-RAW-851254C6361AF28BF8F3,工业锅炉,2022,1353,肉制品及副产品加工,燃气锅炉,DA007,9,[]
SRC-RAW-5D6B4AED70823E3BF290,工业锅炉,2022,3670,汽车零部件及配件制造,燃气锅炉,DA008,9,[]
SRC-RAW-5312913B63225F0AF97B,工业锅炉,2022,3670,汽车零部件及配件制造,燃气锅炉,DA009,9,[]
SRC-RAW-178F9B874AD4B82F229A,工业锅炉,2022,2720,化学药品制剂制造,燃气锅炉,DA003,9,[]
SRC-RAW-A8D60D7C737E80B186E5,工业锅炉,2022,2720,化学药品制剂制造,燃气锅炉,DA003,9,[]
SRC-RAW-F379E054271790A83375,工业锅炉,2022,3670,汽车零部件及配件制造,燃气锅炉,DA001,9,[]
SRC-RAW-3B22B3849B474473ADEA,范围外,2022,1329,其他饲料加工,燃生物质锅炉,DA001,0,[]
SRC-RAW-A923798622F492596D56,工业锅炉,2022,1329,其他饲料加工,燃油锅炉,DA002,9,[]
SRC-RAW-AFC8439695D444001224,火电热力,2022,4411,火力发电,燃煤锅炉,DA001,17,[]
SRC-RAW-3ADCA80952BFB5C3B56A,火电热力,2022,4411,火力发电,燃煤锅炉,DA002,17,[]
SRC-RAW-31E69AFCF19B952DA614,火电热力,2022,4411,火力发电,燃煤锅炉,DA003,17,[]
SRC-RAW-CCDE74141F81CA791FFA,火电热力,2022,4411,火力发电,燃煤锅炉,DA004,17,[]
SRC-RAW-1B11FEEA3B4289555FFE,工业锅炉,2022,2221,机制纸及纸板制造,燃煤锅炉,DA001,9,[]
SRC-RAW-3E220FF60AB8B7895AA6,工业锅炉,2022,1411,糕点、面包制造,燃气锅炉,DA001,9,[]
SRC-RAW-62C6B65F3CA08CF7DC97,工业锅炉,2022,1411,糕点、面包制造,燃气锅炉,DA002,9,[]
SRC-RAW-8A9360A84A034B609FF0,工业锅炉,2022,1819,其他机织服装制造,燃气锅炉,DA001,9,[]
SRC-RAW-CD10A1B246C0249D3B65,工业锅炉,2022,3982,电子电路制造,燃气锅炉,DA001,9,[]
SRC-RAW-88F0A38A151CC8B6BC67,工业锅炉,2022,2929,塑料零件及其他塑料制品制造,燃气锅炉,DA027,9,[]
SRC-RAW-DC4694249A97760B1A6A,工业锅炉,2022,2929,塑料零件及其他塑料制品制造,燃气锅炉,DA027,9,[]
SRC-RAW-812DA2B07DF71ED3BEE3,工业锅炉,2022,2924,泡沫塑料制造,燃气锅炉,DA005,9,[]
SRC-RAW-8C7C42080799D2C87DF4,工业锅炉,2022,2924,泡沫塑料制造,燃气锅炉,DA006,9,[]
SRC-RAW-6335B1B089CEC31896A8,工业锅炉,2022,1462,酱油、食醋及类似制品制造,燃气锅炉,DA001,9,[]
SRC-RAW-FDEFAA39BF1095B59ABE,工业锅炉,2022,2929,塑料零件及其他塑料制品制造,燃气锅炉,DA027,9,[]
SRC-RAW-3AAC0B03C04DF48E7F5E,工业锅炉,2022,2929,塑料零件及其他塑料制品制造,燃气锅炉,DA027,9,[]
SRC-RAW-096389E624363123A3BC,工业锅炉,2022,2669,其他专用化学产品制造,燃油锅炉,DA002,9,[]
SRC-RAW-E4EF4F7190431A1909EF,范围外,2022,1329,其他饲料加工,燃生物质锅炉,DA001,0,[]
SRC-RAW-4999DD976082EB064BB5,范围外,2022,1329,其他饲料加工,燃生物质锅炉,DA001,0,[]
SRC-RAW-FC7B087AFDADA5374D70,工业锅炉,2022,1713,棉印染精加工,燃煤锅炉,DA001,9,[]
SRC-RAW-F8955A8A68B36C170B38,工业锅炉,2022,1713,棉印染精加工,燃煤锅炉,DA002,9,[]
SRC-RAW-6ED412173EE3115F6A5E,工业锅炉,2022,1713,棉印染精加工,燃煤锅炉,DA002,9,[]
SRC-RAW-B9E105D6FF54717E0E13,工业锅炉,2022,1713,棉印染精加工,燃煤锅炉,DA002,9,[]
SRC-RAW-E985883DF367621F61FA,工业锅炉,2022,1830,服饰制造,燃气锅炉,DA001,9,[]
SRC-RAW-FC1C07FFB4A12021D0DC,工业锅炉,2022,1752,化纤织物染整精加工,燃气锅炉,DA001,9,[]
SRC-RAW-93B18E65B4B68D757857,工业锅炉,2022,3464,制冷、空调设备制造,燃气锅炉,DA001,9,[]
SRC-RAW-A0663FFB1B7B8DF4A263,工业锅炉,2022,1713,棉印染精加工,燃煤锅炉,DA055,9,[]
SRC-RAW-5F9FA878D7B7BD57772F,工业锅炉,2022,1713,棉印染精加工,燃煤锅炉,DA056,9,[]
SRC-RAW-528084718D6470135B6F,工业锅炉,2022,1713,棉印染精加工,燃煤锅炉,DA056,9,[]
SRC-RAW-C41D91B98EF8B2B548EA,工业锅炉,2022,3541,制浆和造纸专用设备制造,燃气锅炉,DA001,9,[]
SRC-RAW-5D951E9231062927F037,工业锅炉,2022,2662,专项化学用品制造,燃气锅炉,DA001,9,[]
SRC-RAW-EF2E271BD15240E06EEA,范围外,2022,4419,其他电力生产,燃生物质锅炉,DA001,0,[]
SRC-RAW-74FFC4E367E40132757B,范围外,2022,4419,其他电力生产,燃生物质锅炉,DA002,0,[]
SRC-RAW-73DFF6E340D193BD58F3,范围外,2022,4419,其他电力生产,燃生物质锅炉,DA003,0,[]
SRC-RAW-C321DB5A4F5BC1A95197,范围外,2022,4419,其他电力生产,燃生物质锅炉,DA013,0,[]
SRC-RAW-400A461FF401DF45E2E3,范围外,2022,4419,其他电力生产,燃生物质锅炉,DA014,0,[]
SRC-RAW-B9949823823407BA49A7,范围外,2022,4419,其他电力生产,燃生物质锅炉,DA012,0,[]
SRC-RAW-3062E6C8D97B451A6DCA,范围外,2022,4419,其他电力生产,燃生物质锅炉,DA015,0,[]
SRC-RAW-0D79E3D9C0949F173C68,工业锅炉,2022,2669,其他专用化学产品制造,燃气锅炉,DA001,9,[]
SRC-RAW-CE29123BB4E368446A96,工业锅炉,2022,2669,其他专用化学产品制造,燃气锅炉,DA002,9,[]
SRC-RAW-A1DA946DDD8F156B34E8,工业锅炉,2022,2614,有机化学原料制造,燃油锅炉,DA002,9,[]
SRC-RAW-718FEA84F13DAE128D5A,工业锅炉,2022,2921,塑料薄膜制造,燃气锅炉,DA001,9,[]
SRC-RAW-D691370F64CD36FE314D,工业锅炉,2022,2921,塑料薄膜制造,燃气锅炉,DA001,9,[]
SRC-RAW-D6760650F466CA121C0B,工业锅炉,2022,3982,电子电路制造,燃气锅炉,DA001,9,[]
SRC-RAW-DEC9E71F7A8B1BCD2829,工业锅炉,2022,3982,电子电路制造,燃气锅炉,DA005,9,[]
SRC-RAW-E826874B081522CE4B24,工业锅炉,2022,3982,电子电路制造,燃气锅炉,DA005,9,[]
SRC-RAW-EA79F4213507545820A8,工业锅炉,2022,3982,电子电路制造,燃气锅炉,DA005,9,[]
SRC-RAW-3CB1254A3549CF62B5FA,工业锅炉,2022,3982,电子电路制造,燃气锅炉,DA001,9,[]
SRC-RAW-A85B91CAEFF323BE8753,工业锅炉,2022,3982,电子电路制造,燃气锅炉,DA002,9,[]
SRC-RAW-BD60AD4D493B69DB34EC,工业锅炉,2022,3982,电子电路制造,燃气锅炉,DA002,9,[]
SRC-RAW-E5AE40B9341DB3EC373A,工业锅炉,2022,3982,电子电路制造,燃气锅炉,DA003,9,[]
SRC-RAW-39CE0DF67711C1A4B117,工业锅炉,2022,3982,电子电路制造,燃气锅炉,DA004,9,[]
SRC-RAW-FC1EE4F3A9DC07140962,工业锅炉,2022,3982,电子电路制造,燃气锅炉,DA039,9,[]
SRC-RAW-7E114EFEDB3F76922B42,工业锅炉,2022,3982,电子电路制造,燃气锅炉,DA005,9,[]
SRC-RAW-D83CEAF50DEC95501F1A,工业锅炉,2022,3982,电子电路制造,燃气锅炉,DA005,9,[]
SRC-RAW-0C57E6727C0427A813BD,工业锅炉,2022,2641,涂料制造,燃气锅炉,DA001,9,[]
SRC-RAW-DDF74499D8C9674DF907,工业锅炉,2022,2641,涂料制造,燃气锅炉,DA001,9,[]
SRC-RAW-1557159F96723C09D5B5,工业锅炉,2022,1830,服饰制造,燃气锅炉,DA001,9,[]
SRC-RAW-8EBA299CCC4A83B67B89,范围外,2022,1329,其他饲料加工,燃生物质锅炉,DA001,0,[]
SRC-RAW-E1EC41ACBAAC7B60F1CD,工业锅炉,2022,2021,胶合板制造,燃气锅炉,DA001,9,[]
SRC-RAW-1D666A7A0EF5E954503E,工业锅炉,2022,3360,金属表面处理及热处理加工,燃气锅炉,DA027,9,[]
SRC-RAW-E1E4202FDDF4A3F8EBF9,工业锅炉,2022,1462,酱油、食醋及类似制品制造,燃气锅炉,DA001,9,[]
SRC-RAW-9B0578EC7CE3DAB0320B,工业锅炉,2022,3061,玻璃纤维及制品制造,燃气锅炉,DA003,9,[]
SRC-RAW-E2FF4350C35A7651FF6D,工业锅炉,2022,3061,玻璃纤维及制品制造,燃气锅炉,DA003,9,[]
SRC-RAW-117084AA88CD1F9BDA0C,工业锅炉,2022,1713,棉印染精加工,燃气锅炉,DA003,9,[]
SRC-RAW-FA4C3673796D4FA89111,范围外,2022,1752,化纤织物染整精加工,燃生物质锅炉,DA001,0,[]
SRC-RAW-1B22C6582AEFC5C37EA5,范围外,2022,1752,化纤织物染整精加工,燃生物质锅炉,DA001,0,[]
SRC-RAW-87D9CC69CF5E7347EA96,工业锅炉,2022,1752,化纤织物染整精加工,燃气锅炉,DA001,9,[]
SRC-RAW-98366FAC6C4637CC4AAC,范围外,2022,2221,机制纸及纸板制造,燃生物质锅炉,DA001,0,[]
SRC-RAW-D7EFD802F6C381311944,火电热力,2022,4411,火力发电,燃气轮机,DA001,9,[]
SRC-RAW-F2BF0E81A1C47CD116FF,火电热力,2022,4411,火力发电,燃气轮机,DA002,9,[]
SRC-RAW-B63F3D36D47460AB74AE,范围外,2022,2710,化学药品原料药制造,余热利用锅炉,DA001,0,[]
SRC-RAW-A8A98218FD3680A7BCFB,工业锅炉,2022,2710,化学药品原料药制造,燃气锅炉,DA001,9,[]
SRC-RAW-DA497BB83F921094820B,工业锅炉,2022,2710,化学药品原料药制造,燃气锅炉,DA001,9,[]
SRC-RAW-9579489901A50B09D5B2,工业锅炉,2022,1411,糕点、面包制造,燃气锅炉,DA001,9,[]
SRC-RAW-C410A4F4BC674C707FAF,范围外,2022,1329,其他饲料加工,燃生物质锅炉,DA001,0,[]
SRC-RAW-B982EFE9443AE4B9A0C1,工业锅炉,2022,1331,食用植物油加工,燃气锅炉,DA002,9,[]
SRC-RAW-AB005C71BC773D6F88D2,工业锅炉,2022,1331,食用植物油加工,燃气锅炉,DA003,9,[]
SRC-RAW-C3395B4E744B51E1A470,工业锅炉,2022,1331,食用植物油加工,燃气锅炉,DA004,9,[]
SRC-RAW-28664D83C5EDF2AD4535,工业锅炉,2022,3130,钢压延加工,燃气锅炉,DA034,9,[]
SRC-RAW-94609851F01C62DFD8B0,工业锅炉,2022,3130,钢压延加工,燃气锅炉,DA035,9,[]
SRC-RAW-F07E61439D533521318C,工业锅炉,2022,3130,钢压延加工,燃气锅炉,DA036,9,[]
SRC-RAW-17305273DB1A22A31C7D,工业锅炉,2022,3130,钢压延加工,燃气锅炉,DA036,9,[]
SRC-RAW-113E15EB18E369ADB1C9,工业锅炉,2022,3130,钢压延加工,燃气锅炉,DA036,9,[]
SRC-RAW-266ACF19D7182EBDFC73,工业锅炉,2022,3130,钢压延加工,燃气锅炉,DA036,9,[]
SRC-RAW-BBC4A9CDF4CFEBAEB800,工业锅炉,2022,3130,钢压延加工,燃气锅炉,DA036,9,[]
SRC-RAW-18C611BDFD0D4AC02A7D,工业锅炉,2022,3130,钢压延加工,燃气锅炉,DA036,9,[]
SRC-RAW-2E7F04B1DB56D13EC538,工业锅炉,2022,3130,钢压延加工,燃气锅炉,DA034,9,[]
SRC-RAW-9C4A24BFCC20EFE6E6FB,工业锅炉,2022,3130,钢压延加工,燃气锅炉,DA034,9,[]
SRC-RAW-3502CA39E78E454E02D1,工业锅炉,2022,3130,钢压延加工,燃气锅炉,DA034,9,[]
SRC-RAW-8217BF4497E21FB2AF1F,工业锅炉,2022,3130,钢压延加工,燃气锅炉,DA034,9,[]
SRC-RAW-8CF960E020EF7588C28A,工业锅炉,2022,3130,钢压延加工,燃气锅炉,DA035,9,[]
SRC-RAW-85EB7547404649F7F630,工业锅炉,2022,3130,钢压延加工,燃气锅炉,DA035,9,[]
SRC-RAW-5C7C1694B27FB0E22825,工业锅炉,2022,3130,钢压延加工,燃气锅炉,DA035,9,[]
SRC-RAW-63C7178AA993CD78E3A7,工业锅炉,2022,3130,钢压延加工,燃气锅炉,DA035,9,[]
SRC-RAW-DB4F1902B71327C15806,工业锅炉,2022,3039,其他建筑材料制造,燃气锅炉,DA001,9,[]
SRC-RAW-DE7995FD0822ADAE63FD,工业锅炉,2022,3670,汽车零部件及配件制造,燃气锅炉,DA004,9,[]
SRC-RAW-4248A114C7924AE1380B,工业锅炉,2022,3670,汽车零部件及配件制造,燃气锅炉,DA004,9,[]
SRC-RAW-154DF7B3279348DF8A5B,范围外,2022,2221,机制纸及纸板制造,燃生物质锅炉,DA001,0,[]
SRC-RAW-27710973858551D04CD9,工业锅炉,2022,3381,金属制厨房用器具制造,燃气锅炉,DA006,9,[]
SRC-RAW-DBB15260C78EBA83A40E,工业锅炉,2022,3381,金属制厨房用器具制造,燃气锅炉,DA007,9,[]
SRC-RAW-551B2BE709200BB5AE24,工业锅炉,2022,3381,金属制厨房用器具制造,燃气锅炉,DA008,9,[]
SRC-RAW-D38902E6592D19AAE8EE,工业锅炉,2022,3381,金属制厨房用器具制造,燃气锅炉,DA009,9,[]
SRC-RAW-B28904909A397B33F280,工业锅炉,2022,2929,塑料零件及其他塑料制品制造,燃气锅炉,DA001,9,[]
SRC-RAW-3EF4C285FA23D36D8A39,火电热力,2022,4412,热电联产,燃煤锅炉,DA001,17,[]
SRC-RAW-4BAF29D777E9EDB3D5F5,火电热力,2022,4412,热电联产,燃煤锅炉,DA002,17,[]
SRC-RAW-E2904304246853CD4377,工业锅炉,2022,2221,机制纸及纸板制造,燃煤锅炉,DA001,9,[]
SRC-RAW-D33045A9025B4A866A86,工业锅炉,2022,2021,胶合板制造,燃气锅炉,DA001,9,[]
SRC-RAW-0B15FFB20FECB207CD7F,工业锅炉,2022,2021,胶合板制造,燃气锅炉,DA001,9,[]
SRC-RAW-627CF503DF17A4EC1420,范围外,2022,3031,粘土砖瓦及建筑砌块制造,燃生物质锅炉,DA001,0,[]
SRC-RAW-FCFF30037B09EF83A425,工业锅炉,2022,2624,复混肥料制造,燃气锅炉,DA007,9,[]
SRC-RAW-EE375B4FBC5B88778872,范围外,2022,1819,其他机织服装制造,燃生物质锅炉,DA001,0,[]
SRC-RAW-498A117B8960F8EB65D3,范围外,2022,2221,机制纸及纸板制造,燃生物质锅炉,DA001,0,[]
SRC-RAW-FC88D1EC60CF78B5A241,工业锅炉,2022,2682,化妆品制造,燃气锅炉,DA001,9,[]
SRC-RAW-FDFE95400C5A21E1B52F,火电热力,2022,4411,火力发电,燃气轮机,DA001,9,[]
SRC-RAW-410848371960E43F807D,火电热力,2022,4411,火力发电,燃气轮机,DA002,9,[]
SRC-RAW-2D635CCB2B7DF66F6775,火电热力,2022,4411,火力发电,燃气锅炉,DA003,9,[]
SRC-RAW-974A6E5488D15AF5EFF6,工业锅炉,2022,4190,其他未列明制造业,燃气锅炉,DA001,9,[]
SRC-RAW-5EB9C2C3DF1AD134B349,工业锅炉,2022,2730,中药饮片加工,燃气锅炉,DA001,9,[]
SRC-RAW-3E0F393B1A8F5CE12F4B,工业锅炉,2022,1519,其他酒制造,燃气锅炉,DA001,9,[]
SRC-RAW-5A97C83814623CAF1CFE,工业锅炉,2022,1519,其他酒制造,燃气锅炉,DA001,9,[]
SRC-RAW-449555A97C564E846762,工业锅炉,2022,1519,其他酒制造,燃气锅炉,DA001,9,[]
SRC-RAW-799AB752E0984C47D34D,工业锅炉,2022,1519,其他酒制造,燃气锅炉,DA001,9,[]
SRC-RAW-93CFF7481899E946C875,火电热力,2022,4417,生物质能发电,燃生物质锅炉,DA002,9,[]
SRC-RAW-1119D64A2A06965F0B17,火电热力,2022,4417,生物质能发电,燃生物质锅炉,DA001,9,[]
SRC-RAW-BBA79213D98C17CEAC03,火电热力,2022,4417,生物质能发电,燃生物质锅炉,DA011,9,[]
SRC-RAW-5518B22771F752D3BA4B,火电热力,2022,4417,生物质能发电,燃生物质锅炉,DA010,9,[]
SRC-RAW-2C2EAD39D3CE1B6F8BFA,火电热力,2022,4417,生物质能发电,燃生物质锅炉,DA009,9,[]
SRC-RAW-B31CB8538361A2ACCB88,火电热力,2022,4417,生物质能发电,燃生物质锅炉,DA008,9,[]
SRC-RAW-32145D9E5A66BC713F83,工业锅炉,2022,1469,其他调味品、发酵制品制造,燃气锅炉,DA004,9,[]
SRC-RAW-B8BB144A265A25780A76,范围外,2022,2023,刨花板制造,燃生物质锅炉,DA003,0,[]
SRC-RAW-AEA897CF4FD211DFAFE9,工业锅炉,2022,3033,防水建筑材料制造,燃气锅炉,DA003,9,[]
SRC-RAW-0D629285E464FD9BD179,范围外,2022,1411,糕点、面包制造,燃生物质锅炉,DA001,0,[]
SRC-RAW-07CF7CE13F9ED761E9CA,工业锅炉,2022,3670,汽车零部件及配件制造,燃气锅炉,DA002,9,[]
SRC-RAW-2EAD1DEF5A8A554AC0B2,工业锅炉,2022,3031,粘土砖瓦及建筑砌块制造,燃气锅炉,DA004,9,[]
SRC-RAW-3ADABD147A15EE50A339,火电热力,2022,4430,热力生产和供应,燃气锅炉,DA001,9,[]
SRC-RAW-E8292B0B38F097C14FE1,工业锅炉,2022,1469,其他调味品、发酵制品制造,燃气锅炉,DA001,9,[]
SRC-RAW-E8DCB23E7F1E33EBB7A9,范围外,2022,1453,蔬菜、水果罐头制造,,DA001,0,[]
SRC-RAW-FA8F10359CAD8584DB46,范围外,2022,1713,棉印染精加工,燃生物质锅炉,DA001,0,[]
SRC-RAW-B1C4191854559DD4DC19,工业锅炉,2022,2682,化妆品制造,燃气锅炉,DA001,9,[]
SRC-RAW-3826EE8818BD94CB1FF9,工业锅炉,2022,1469,其他调味品、发酵制品制造,燃气锅炉,DA001,9,[]
SRC-RAW-0E2C54C80B16F1B502A2,工业锅炉,2022,1331,食用植物油加工,燃气锅炉,DA001,9,[]
SRC-RAW-708CB96C324A14F07C1E,工业锅炉,2022,2740,中成药生产,燃气锅炉,DA001,9,[]
SRC-RAW-8ECD1D46ADACABCA85A1,工业锅炉,2022,2916,运动场地用塑胶制造,燃油锅炉,DA001,9,[]
SRC-RAW-38EEBB2DC6AC32CB1102,工业锅炉,2022,2916,运动场地用塑胶制造,燃油锅炉,DA010,9,[]
SRC-RAW-77005D44AD8ACAEF83A5,工业锅炉,2022,2916,运动场地用塑胶制造,燃油锅炉,DA011,9,[]
SRC-RAW-9224FCD387B5C3FC4CBD,工业锅炉,2022,2916,运动场地用塑胶制造,燃油锅炉,DA012,9,[]
SRC-RAW-1F03CCF33999D8630981,工业锅炉,2022,2916,运动场地用塑胶制造,燃油锅炉,DA013,9,[]
SRC-RAW-E9985D3735FECA6E70BB,工业锅炉,2022,2916,运动场地用塑胶制造,燃油锅炉,DA014,9,[]
SRC-RAW-0DD021E7D9390E4264F7,工业锅炉,2022,2916,运动场地用塑胶制造,燃油锅炉,DA002,9,[]
SRC-RAW-1F14673F2B13B5A3156E,工业锅炉,2022,2916,运动场地用塑胶制造,燃油锅炉,DA003,9,[]
SRC-RAW-9FD8B79E821F322193D1,工业锅炉,2022,2916,运动场地用塑胶制造,燃油锅炉,DA004,9,[]
SRC-RAW-1E1A9B0874EE070F4708,工业锅炉,2022,2916,运动场地用塑胶制造,燃油锅炉,DA005,9,[]
SRC-RAW-D7B4E9DE3718DEE61289,工业锅炉,2022,2916,运动场地用塑胶制造,燃油锅炉,DA006,9,[]
SRC-RAW-7B8F25719B6D1206FB59,工业锅炉,2022,2916,运动场地用塑胶制造,燃油锅炉,DA007,9,[]
SRC-RAW-D512C4E6240214C9E8F0,工业锅炉,2022,2916,运动场地用塑胶制造,燃油锅炉,DA008,9,[]
SRC-RAW-645E3F07DDE9F9EA3460,工业锅炉,2022,2916,运动场地用塑胶制造,燃油锅炉,DA009,9,[]
SRC-RAW-073BF43315A28F5B4A72,范围外,2022,3033,防水建筑材料制造,燃生物质锅炉,DA002,0,[]
SRC-RAW-FFCC030AD90572EF0D30,工业锅炉,2022,2921,塑料薄膜制造,燃气锅炉,DA001,9,[]
SRC-RAW-1AC00A07178A372624BD,工业锅炉,2022,1469,其他调味品、发酵制品制造,燃气锅炉,DA001,9,[]
SRC-RAW-A423CF5558C08C81F0C1,工业锅炉,2022,3464,制冷、空调设备制造,燃气锅炉,DA001,9,[]
SRC-RAW-DE538674C67B015AAECE,工业锅炉,2022,3464,制冷、空调设备制造,燃气锅炉,DA001,9,[]
SRC-RAW-03D3A7681F29BF4A6CC6,工业锅炉,2022,3464,制冷、空调设备制造,燃气锅炉,DA001,9,[]
SRC-RAW-29B5DA8092C03E98D0A2,工业锅炉,2022,3464,制冷、空调设备制造,燃气锅炉,DA001,9,[]
SRC-RAW-6FB7829D48A5A49B8641,工业锅炉,2022,2740,中成药生产,燃油锅炉,DA014,9,[]
SRC-RAW-E7FA2F2E4EE3BB4ACA6F,工业锅炉,2022,3611,汽柴油车整车制造,燃气锅炉,DA017,9,[]
SRC-RAW-B13012D7690AA3D38AE8,工业锅炉,2022,1353,肉制品及副产品加工,燃气锅炉,DA001,9,[]
SRC-RAW-716D21AFC540EDFB5483,工业锅炉,2022,2710,化学药品原料药制造,燃气锅炉,DA001,9,[]
SRC-RAW-14A06513A8F387C57BA4,工业锅炉,2022,2682,化妆品制造,燃气锅炉,DA012,9,[]
SRC-RAW-93739C2FDBC2373CDA68,工业锅炉,2022,2710,化学药品原料药制造,燃油锅炉,DA001,9,[]
SRC-RAW-9219C7167D09E3CF1EAB,范围外,2022,2924,泡沫塑料制造,燃生物质锅炉,DA001,0,[]
SRC-RAW-254F0669A66092CE2EC6,工业锅炉,2022,2710,化学药品原料药制造,燃油锅炉,DA001,9,[]
SRC-RAW-B547213C612492358944,工业锅炉,2022,1432,速冻食品制造,燃气锅炉,DA001,9,[]
SRC-RAW-378EC575DCF2ECD4A42B,工业锅炉,2022,1432,速冻食品制造,燃气锅炉,DA002,9,[]
SRC-RAW-840D3AEF3667DA5021BC,工业锅炉,2022,2681,肥皂及洗涤剂制造,燃气锅炉,DA101,9,[]
SRC-RAW-3E5D83B6F81DB3D2DB3E,工业锅炉,2022,2681,肥皂及洗涤剂制造,燃气锅炉,DA102,9,[]
SRC-RAW-5E4397A53EBC0CD8BF78,工业锅炉,2022,1353,肉制品及副产品加工,燃气锅炉,DA001,9,[]
SRC-RAW-CA014495F89531F6C99F,工业锅炉,2022,1495,食品及饲料添加剂制造,燃油锅炉,DA001,9,[]
SRC-RAW-37A9330882A43B48C501,工业锅炉,2022,1492,保健食品制造,燃气锅炉,DA001,9,[]
SRC-RAW-95A464900C8DAD5A8B8D,工业锅炉,2022,2689,其他日用化学产品制造,燃油锅炉,DA002,9,[]
SRC-RAW-33D0714F6A6B9E5EB368,工业锅炉,2022,2662,专项化学用品制造,燃气锅炉,DA005,9,[]
SRC-RAW-D980E73569C38C8297E3,工业锅炉,2022,2669,其他专用化学产品制造,燃油锅炉,DA001,9,[]
SRC-RAW-47BC187F48D78D029122,工业锅炉,2022,2110,木质家具制造,燃气锅炉,DA001,9,[]
SRC-RAW-579F15B5DFC0D0CD5B5B,工业锅炉,2022,1751,化纤织造加工,燃气锅炉,DA001,9,[]
SRC-RAW-BEC19DD0F82F07CDB0DB,工业锅炉,2022,1751,化纤织造加工,燃气锅炉,DA002,9,[]
SRC-RAW-04C3F7E3DFC0344E2607,工业锅炉,2022,2682,化妆品制造,燃气锅炉,DA002,9,[]
SRC-RAW-3F7F57EE5E2A5B58BE23,工业锅炉,2022,2681,肥皂及洗涤剂制造,燃气锅炉,DA001,9,[]
SRC-RAW-30779838865FD24E2A88,火电热力,2022,4430,热力生产和供应,燃气锅炉,DA001,9,[]
SRC-RAW-3C5A5B7974EDAB5E9086,工业锅炉,2022,2924,泡沫塑料制造,燃气锅炉,DA002,9,[]
SRC-RAW-0E5D25C698FC766F5E54,工业锅炉,2022,2110,木质家具制造,燃气锅炉,DA019,9,[]
SRC-RAW-0CD50FAFD598F78B9A62,工业锅炉,2022,2110,木质家具制造,燃气锅炉,DA019,9,[]
SRC-RAW-CADBCD839F21F51A6A87,范围外,2022,3022,砼结构构件制造,燃生物质锅炉,DA001,0,[]
SRC-RAW-487E9155CC10A84520E8,工业锅炉,2022,3670,汽车零部件及配件制造,燃气锅炉,DA005,9,[]
SRC-RAW-CED09402B2EB7B6B8A28,范围外,2022,3031,粘土砖瓦及建筑砌块制造,燃生物质锅炉,DA001,0,[]
SRC-RAW-87304C690FB576F73DB6,火电热力,2022,4417,生物质能发电,燃生物质锅炉,DA004,9,[]
SRC-RAW-6FBFC3FE2E2BB0512C47,火电热力,2022,4417,生物质能发电,燃生物质锅炉,DA005,9,[]
SRC-RAW-A2013316478C9D82B769,火电热力,2022,4417,生物质能发电,燃生物质锅炉,DA006,9,[]
SRC-RAW-4A95AAB937318AC289FC,火电热力,2022,4417,生物质能发电,燃生物质锅炉,DA007,9,[]
SRC-RAW-19F1982D1CA83A2FDEE1,火电热力,2022,4417,生物质能发电,燃生物质锅炉,DA008,9,[]
SRC-RAW-AB38D1D1FD9E0BA3BD31,火电热力,2022,4417,生物质能发电,燃生物质锅炉,DA009,9,[]
SRC-RAW-4481C218B3293200ED99,火电热力,2022,4417,生物质能发电,燃生物质锅炉,DA010,9,[]
SRC-RAW-18E1B3B43BCE322909B9,工业锅炉,2022,2710,化学药品原料药制造,燃气锅炉,DA006,17,[]
SRC-RAW-0D8AA5F7972CB21A15C4,工业锅炉,2022,1469,其他调味品、发酵制品制造,燃气锅炉,DA004,17,[]
SRC-RAW-1B96296085F12E3F1D11,工业锅炉,2022,3024,轻质建筑材料制造,燃气锅炉,DA002,9,[]
SRC-RAW-26B7D5057AFD564815C0,工业锅炉,2022,3021,水泥制品制造,燃气锅炉,DA001,9,[]
SRC-RAW-D0104D464E303C82C187,工业锅炉,2022,3021,水泥制品制造,燃气锅炉,DA002,9,[]
SRC-RAW-C9890C74E2511572017A,范围外,2022,3022,砼结构构件制造,燃生物质锅炉,DA001,0,[]
SRC-RAW-8F9251D273B910A2EF54,范围外,2022,2720,化学药品制剂制造,燃生物质锅炉,DA001,0,[]
SRC-RAW-6687025A381FD38973FC,工业锅炉,2022,3751,摩托车整车制造,燃气锅炉,DA035,9,[]
SRC-RAW-C9016DE113CFC93FCB37,工业锅炉,2022,3751,摩托车整车制造,燃气锅炉,DA037,9,[]
SRC-RAW-A936F87CD7EE449FD4C2,工业锅炉,2022,3751,摩托车整车制造,燃气锅炉,DA036,9,[]
SRC-RAW-CF4CE62BF0FDA7FBCE35,工业锅炉,2022,2669,其他专用化学产品制造,燃气锅炉,DA007,9,[]
SRC-RAW-CBA71CAFD512547A47C8,工业锅炉,2022,1752,化纤织物染整精加工,燃气锅炉,DA008,9,[]
SRC-RAW-33C9DD3BBA1DFDABCD46,工业锅炉,2022,1752,化纤织物染整精加工,燃气锅炉,DA009,9,[]
SRC-RAW-0F12411648573BBDBE4E,范围外,2022,3021,水泥制品制造,燃生物质锅炉,DA002,0,[]
SRC-RAW-642D32F505F7E53F91EB,工业锅炉,2022,2231,纸和纸板容器制造,燃气锅炉,DA001,9,[]
SRC-RAW-B5C1C60134C7F8054741,工业锅炉,2022,2231,纸和纸板容器制造,燃气锅炉,DA001,9,[]
SRC-RAW-E9553B256B7E6AEFE791,火电热力,2022,4412,热电联产,燃煤锅炉,DA001,9,[]
SRC-RAW-82B5828D08384E0505B2,火电热力,2022,4412,热电联产,燃煤锅炉,DA002,9,[]
SRC-RAW-95F6D5B0A630F773DA4A,工业锅炉,2022,3039,其他建筑材料制造,燃油锅炉,DA001,9,[]
SRC-RAW-418B2CD20008B280A719,工业锅炉,2022,1391,淀粉及淀粉制品制造,燃气锅炉,DA001,9,[]
SRC-RAW-C7F62AB1851C3EF1F98B,工业锅炉,2022,2646,密封用填料及类似品制造,燃油锅炉,DA001,9,[]
SRC-RAW-A57CB2EB1633801E1D78,工业锅炉,2022,3611,汽柴油车整车制造,燃气锅炉,DA047,9,[]
SRC-RAW-D3835831A45D5853FF84,工业锅炉,2022,3611,汽柴油车整车制造,燃气锅炉,DA047,9,[]
SRC-RAW-7501329C7B6301C07D59,工业锅炉,2022,3611,汽柴油车整车制造,燃气锅炉,DA047,9,[]
SRC-RAW-9679A92DA47F9585FA1A,工业锅炉,2022,1419,饼干及其他焙烤食品制造,燃油锅炉,DA001,9,[]
SRC-RAW-6A0695F78DD389D6EEB9,工业锅炉,2022,3670,汽车零部件及配件制造,燃气锅炉,DA003,9,[]
SRC-RAW-D234A413DDBBC7248026,工业锅炉,2022,2110,木质家具制造,燃气锅炉,DA002,9,[]
SRC-RAW-BF8DC2D2ACB98FD493DA,工业锅炉,2022,2110,木质家具制造,燃气锅炉,DA003,9,[]
SRC-RAW-DFDFDCF8C131FDEE9F6F,工业锅炉,2022,1954,橡胶鞋制造,燃气锅炉,DA011,9,[]
SRC-RAW-60A771D405F1EFDB96DC,工业锅炉,2022,1954,橡胶鞋制造,燃气锅炉,DA012,9,[]
SRC-RAW-46C4AB1CC46542A724A0,工业锅炉,2022,2822,涤纶纤维制造,燃气锅炉,DA001,9,[]
SRC-RAW-C91C8844933115372023,工业锅炉,2022,1495,食品及饲料添加剂制造,燃油锅炉,DA001,9,[]
SRC-RAW-40153555C2B9FFCF9137,工业锅炉,2022,1411,糕点、面包制造,燃气锅炉,DA001,9,[]
SRC-RAW-EABC4D8BC401515C8C13,工业锅炉,2022,2761,生物药品制造,燃气锅炉,DA001,9,[]
SRC-RAW-69231D6F27C207D402E6,工业锅炉,2022,2761,生物药品制造,燃气锅炉,DA002,9,[]
SRC-RAW-5C89FCAC093E077D6842,工业锅炉,2022,2926,塑料包装箱及容器制造,燃气锅炉,DA001,9,[]
SRC-RAW-2AD5AD8749874EB68B18,工业锅炉,2022,1529,茶饮料及其他饮料制造,燃气锅炉,DA541,9,[]
SRC-RAW-C73252EB1C00A5A31A48,工业锅炉,2022,3611,汽柴油车整车制造,燃气锅炉,DA351,9,[]
SRC-RAW-B7DCD01E6CFCBD3EF61D,工业锅炉,2022,3611,汽柴油车整车制造,燃气锅炉,DA351,9,[]
SRC-RAW-1C699A2B91620E9EC767,工业锅炉,2022,3611,汽柴油车整车制造,燃气锅炉,DA351,9,[]
SRC-RAW-C289A03D38B10AAA3ED1,工业锅炉,2022,3611,汽柴油车整车制造,燃气锅炉,DA352,9,[]
SRC-RAW-FEA6364DF674C4013964,工业锅炉,2022,3611,汽柴油车整车制造,燃气锅炉,DA352,9,[]
SRC-RAW-046149CDA9715EC41ADA,工业锅炉,2022,3611,汽柴油车整车制造,燃气锅炉,DA352,9,[]
SRC-RAW-86DF5D5CEA617E62038C,工业锅炉,2022,3611,汽柴油车整车制造,燃气锅炉,DA117,9,[]
SRC-RAW-E8A2A09D25FD765E223B,工业锅炉,2022,3611,汽柴油车整车制造,燃气锅炉,DA354,9,[]
SRC-RAW-90B5288CD3B3564F07B1,范围外,2022,2924,泡沫塑料制造,燃生物质锅炉,DA001,0,[]
SRC-RAW-40BD32E814AB1C33B324,工业锅炉,2022,2021,胶合板制造,燃气锅炉,DA001,9,[]
SRC-RAW-D768131F2BD1C2706DD1,工业锅炉,2022,2021,胶合板制造,燃气锅炉,DA001,9,[]
SRC-RAW-E7F6BEF1EF3DC20E4181,工业锅炉,2022,1411,糕点、面包制造,燃气锅炉,DA001,9,[]
SRC-RAW-0C5EB7447E404E0508DD,火电热力,2022,4411,火力发电,余热利用锅炉,DA001,9,[]
SRC-RAW-289E215CDA4C375824BF,火电热力,2022,4411,火力发电,余热利用锅炉,DA002,9,[]
SRC-RAW-4BF31CE64C2DF60C2C83,工业锅炉,2022,3974,显示器件制造,燃气锅炉,DA012,9,[]
SRC-RAW-3A3476D76B6137D4C6AB,工业锅炉,2022,3974,显示器件制造,燃气锅炉,DA012,9,[]
SRC-RAW-AB7EFD0A2AD23092F5A6,工业锅炉,2022,3042,特种玻璃制造,燃气锅炉,DA004,9,[]
SRC-RAW-6A3ACEFBF7A6B825AB94,工业锅炉,2022,3042,特种玻璃制造,燃气锅炉,DA004,9,[]
SRC-RAW-1221FF00DE08CB3A3834,工业锅炉,2022,3042,特种玻璃制造,燃气锅炉,DA004,9,[]
SRC-RAW-1A95BBEF80BAF49DFFCB,工业锅炉,2022,3042,特种玻璃制造,燃气锅炉,DA003,9,[]
SRC-RAW-BD9910F2E32E4AD0DFFE,工业锅炉,2022,3042,特种玻璃制造,燃气锅炉,DA003,9,[]
SRC-RAW-DF92C294A0381ED1B81D,工业锅炉,2022,3042,特种玻璃制造,燃气锅炉,DA003,9,[]
SRC-RAW-5D4535C299E833FE4746,工业锅炉,2022,3042,特种玻璃制造,燃气锅炉,DA003,9,[]
SRC-RAW-9E21A93800BFF8CFB5C8,工业锅炉,2022,4349,其他运输设备修理,燃气锅炉,DA001,9,[]
SRC-RAW-A2858BF3EB0F75DFABEB,工业锅炉,2022,1462,酱油、食醋及类似制品制造,燃气锅炉,DA002,9,[]
SRC-RAW-9CF7BED972BE0895F0EC,工业锅炉,2022,1462,酱油、食醋及类似制品制造,燃气锅炉,DA002,9,[]
SRC-RAW-CF8479B937502AF1AF1B,工业锅炉,2022,2641,涂料制造,燃油锅炉,DA001,9,[]
SRC-RAW-9543D58A08BD7E1F08F6,工业锅炉,2022,2720,化学药品制剂制造,燃气锅炉,DA003,9,[]
SRC-RAW-FA1764C837D683B4ABC6,工业锅炉,2022,1620,卷烟制造,燃气锅炉,DA010,9,[]
SRC-RAW-88BDA408E30EF6B4E215,工业锅炉,2022,2761,生物药品制造,燃气锅炉,DA001,9,[]
SRC-RAW-D0465D4ACB201A6A321B,工业锅炉,2022,2761,生物药品制造,燃气锅炉,DA001,9,[]
SRC-RAW-1003599C798D806905A3,工业锅炉,2022,2641,涂料制造,燃气锅炉,DA002,9,[]
SRC-RAW-DBBC8C93A55FECC7A744,工业锅炉,2022,2641,涂料制造,燃气锅炉,DA002,9,[]
SRC-RAW-20AFE373BFF2FF61A90B,范围外,2022,3031,粘土砖瓦及建筑砌块制造,燃生物质锅炉,DA001,0,[]
SRC-RAW-4C8441674DC1C38BBCF5,工业锅炉,2022,2720,化学药品制剂制造,燃气锅炉,DA001,9,[]
SRC-RAW-AF44B45038DD66AFA097,工业锅炉,2022,2720,化学药品制剂制造,燃气锅炉,DA001,9,[]
SRC-RAW-237BFF20F5D70AC06394,工业锅炉,2022,2720,化学药品制剂制造,燃气锅炉,DA001,9,[]
SRC-RAW-49D2AA9711B49056C72D,范围外,2022,3021,水泥制品制造,,DA001,0,[]
SRC-RAW-BA10A6AF747FE6E0D0A0,工业锅炉,2022,1329,其他饲料加工,燃气锅炉,DA001,9,[]
SRC-RAW-25A8C679625A720EB715,范围外,2022,2651,初级形态塑料及合成树脂制造,,DA003,0,[]
SRC-RAW-B31283B3383AA4D95492,工业锅炉,2022,2643,工业颜料制造,燃气锅炉,DA003,9,[]
SRC-RAW-03DE8EF23ED7B791BADC,火电热力,2022,4411,火力发电,燃煤锅炉,DA002,17,[]
SRC-RAW-0FD82B1672C4D5D5BD9F,火电热力,2022,4411,火力发电,燃煤锅炉,DA002,17,[]
SRC-RAW-F8BA9083DF97EED386F9,工业锅炉,2022,1431,米、面制品制造,燃气锅炉,DA001,9,[]
SRC-RAW-370FFC81B8AE2633771F,工业锅炉,2022,1610,烟叶复烤,燃气锅炉,DA001,9,[]
SRC-RAW-95619C74ABACBC389983,工业锅炉,2022,1610,烟叶复烤,燃气锅炉,DA001,9,[]
SRC-RAW-02ABF4AF1C8EEF4F27CD,工业锅炉,2022,1610,烟叶复烤,燃气锅炉,DA001,9,[]
SRC-RAW-13569E5842AD7C55D076,工业锅炉,2022,2613,无机盐制造,燃气锅炉,DA001,9,[]
SRC-RAW-D95CEF40178007768A48,工业锅炉,2022,2613,无机盐制造,燃气锅炉,DA001,9,[]
SRC-RAW-052001AE00EAE9CB3DBA,火电热力,2022,4417,生物质能发电,燃生物质锅炉,DA001,9,[]
SRC-RAW-456A9036050B220A011B,火电热力,2022,4417,生物质能发电,燃生物质锅炉,DA001,9,[]
SRC-RAW-0C1866BF2A41CF29DB6A,范围外,2022,1513,啤酒制造,燃气轮机,DA004,0,[]
SRC-RAW-CFCA5E1106EC5AD471BD,范围外,2022,1513,啤酒制造,燃气轮机,DA004,0,[]
SRC-RAW-EE892616E4CC42408FF5,范围外,2022,1513,啤酒制造,燃气轮机,DA004,0,[]
SRC-RAW-5C9ECBAB33B963DAD5F1,范围外,2022,1513,啤酒制造,燃气轮机,DA004,0,[]
SRC-RAW-1009304709DE232A07CD,范围外,2022,2022,纤维板制造,燃生物质锅炉,DA003,0,[]
SRC-RAW-478EECAEF6262579E02C,工业锅炉,2022,3212,铅锌冶炼,燃气锅炉,DA029,9,[]
SRC-RAW-625EBFF20BF723416120,工业锅炉,2022,1690,其他烟草制品制造,燃气锅炉,DA001,9,[]
SRC-RAW-37D1E0E55C892A9CA6A3,工业锅炉,2022,1690,其他烟草制品制造,燃气锅炉,DA001,9,[]
SRC-RAW-AD81A7F197D96B8082B1,工业锅炉,2022,1329,其他饲料加工,燃气锅炉,DA001,9,[]
SRC-RAW-DC0C7359F52A89BC7776,工业锅炉,2022,2681,肥皂及洗涤剂制造,燃气锅炉,DA003,9,[]
SRC-RAW-31FF82B93ED72DDF39C1,范围外,2022,1431,米、面制品制造,燃生物质锅炉,DA001,0,[]
SRC-RAW-BF98682A2AFB57E35D66,工业锅炉,2022,1431,米、面制品制造,燃气锅炉,DA002,9,[]
SRC-RAW-723F13C69211854ECCCC,工业锅炉,2022,1469,其他调味品、发酵制品制造,燃气锅炉,DA001,9,[]
SRC-RAW-FFDFD6FB2EBED4F0B26C,工业锅炉,2022,3031,粘土砖瓦及建筑砌块制造,燃煤锅炉,DA001,9,[]
SRC-RAW-0AF7A8DF6AD38D37CD11,工业锅炉,2022,3120,炼钢,燃气锅炉,DA003,17,[]
SRC-RAW-0D2C2E9A7E265088369B,工业锅炉,2022,3120,炼钢,燃气锅炉,DA003,17,[]
SRC-RAW-3B9378741FBC88834EFE,工业锅炉,2022,3120,炼钢,燃气锅炉,DA005,17,[]
SRC-RAW-56F033A2396BA8C09BB9,工业锅炉,2022,3120,炼钢,燃气锅炉,DA005,17,[]
SRC-RAW-1AE27443669F5EB68673,火电热力,2022,4430,热力生产和供应,燃煤锅炉,DA001,9,[]
SRC-RAW-E61DCB1BC30CF2D92EAC,火电热力,2022,4430,热力生产和供应,燃煤锅炉,DA001,9,[]
SRC-RAW-AD1915D95E18721BD8B7,工业锅炉,2022,3031,粘土砖瓦及建筑砌块制造,燃煤锅炉,DA001,9,[]
SRC-RAW-B2A83C8E798B7515105B,火电热力,2022,4411,火力发电,燃煤锅炉,DA004,9,[]
SRC-RAW-031B3589BCDCF633B0EA,火电热力,2022,4411,火力发电,燃煤锅炉,DA002,9,[]
SRC-RAW-48C23C1682ABD09D7103,火电热力,2022,4411,火力发电,燃煤锅炉,DA001,9,[]
SRC-RAW-64B10D11A4097DDD1BAF,火电热力,2022,4411,火力发电,燃煤锅炉,DA003,9,[]
SRC-RAW-92A4FBD2FCB8318757B1,范围外,2022,2023,刨花板制造,燃生物质锅炉,DA009,0,[]
SRC-RAW-8E0C1EEAA131C141641D,范围外,2022,2221,机制纸及纸板制造,燃生物质锅炉,DA001,0,[]
SRC-RAW-3D0417F409B00774FB8D,工业锅炉,2022,1741,缫丝加工,燃气锅炉,DA001,9,[]
SRC-RAW-A8439103A5BBBC66635E,火电热力,2022,4417,生物质能发电,燃生物质锅炉,DA001,9,[]
SRC-RAW-DA8E76422D37F7B0C4F2,火电热力,2022,4417,生物质能发电,燃生物质锅炉,DA002,9,[]
SRC-RAW-A647E67A88A4597F7FEF,范围外,2022,2023,刨花板制造,燃生物质锅炉,DA002,0,[]
SRC-RAW-8A9BE1A79C58689EA0DB,工业锅炉,2022,3985,电子专用材料制造,燃气锅炉,DA001,9,[]
SRC-RAW-6DC0FEB3DC2E86409A23,火电热力,2022,4430,热力生产和供应,燃煤锅炉,DA001,9,[]
SRC-RAW-C3829952A64CFF085B8E,范围外,2022,2221,机制纸及纸板制造,燃生物质锅炉,DA001,0,[]
SRC-RAW-E1D018722C4B97056335,工业锅炉,2022,3212,铅锌冶炼,燃气锅炉,DA001,9,[]
SRC-RAW-9D8D0771FD8AF91F77C4,范围外,2022,2023,刨花板制造,燃生物质锅炉,DA001,0,[]
SRC-RAW-3AB1E1A1999E003A071E,范围外,2022,3259,其他有色金属压延加工,燃生物质锅炉,DA001,0,[]
SRC-RAW-ECC785849C28F148A778,范围外,2022,2021,胶合板制造,燃生物质锅炉,DA001,0,[]
SRC-RAW-7CF2AE319F659A7DF733,范围外,2022,2021,胶合板制造,燃生物质锅炉,DA002,0,[]
SRC-RAW-7F76A3AC469336B1002A,火电热力,2022,4411,火力发电,燃煤锅炉,DA001,9,[]
SRC-RAW-D2363A650EC4E8571988,火电热力,2022,4411,火力发电,燃煤锅炉,DA001,9,[]
SRC-RAW-EBA34476AAB0E2D2B373,工业锅炉,2022,1351,牲畜屠宰,燃气锅炉,DA001,9,[]
SRC-RAW-9BFC45009A24B93EA599,火电热力,2022,4430,热力生产和供应,燃煤锅炉,DA001,9,[]
SRC-RAW-3EB7560FF822716FFB8F,工业锅炉,2022,2641,涂料制造,燃油锅炉,DA002,9,[]
SRC-RAW-004BFF7E05001898F508,工业锅炉,2022,2651,初级形态塑料及合成树脂制造,燃煤锅炉,DA001,9,[]
SRC-RAW-CD2C259D850531B6475F,工业锅炉,2022,2651,初级形态塑料及合成树脂制造,燃煤锅炉,DA001,9,[]
SRC-RAW-F1246502E1BE6C58318D,范围外,2022,1492,保健食品制造,燃生物质锅炉,DA001,0,[]
SRC-RAW-11301E5A313808F1EEE3,工业锅炉,2022,2651,初级形态塑料及合成树脂制造,燃油锅炉,DA002,9,[]
SRC-RAW-9D7C90F5F64CB97A99A6,工业锅炉,2022,2651,初级形态塑料及合成树脂制造,燃油锅炉,DA004,9,[]
SRC-RAW-3E261CA80C79093305DB,工业锅炉,2022,2651,初级形态塑料及合成树脂制造,燃油锅炉,DA004,9,[]
SRC-RAW-485B5807BF1B5ACF4EFD,工业锅炉,2022,2641,涂料制造,燃油锅炉,DA003,9,[]
SRC-RAW-F2120DFF645750846960,范围外,2022,1929,其他皮革制品制造,燃生物质锅炉,DA013,0,[]
SRC-RAW-64FE853265E18A8D10CD,工业锅炉,2022,3033,防水建筑材料制造,燃油锅炉,DA001,9,[]
SRC-RAW-4C3EE18B5DD117B0134C,工业锅炉,2022,2641,涂料制造,燃油锅炉,DA002,9,[]
SRC-RAW-FFC0B973A05AAD3E232F,工业锅炉,2022,1495,食品及饲料添加剂制造,燃煤锅炉,DA005,9,[]
SRC-RAW-6290F926041D0A06E760,工业锅炉,2022,3033,防水建筑材料制造,燃油锅炉,DA004,9,[]
SRC-RAW-3800BC369678EA2296B8,工业锅炉,2022,2221,机制纸及纸板制造,燃煤锅炉,DA101,9,[]
SRC-RAW-D95A4B6224380D7823DD,工业锅炉,2022,2651,初级形态塑料及合成树脂制造,燃油锅炉,DA002,9,[]
SRC-RAW-3A047F428C3BF1BDA4FB,工业锅炉,2022,2651,初级形态塑料及合成树脂制造,燃油锅炉,DA002,9,[]
SRC-RAW-28D81E7981CDDB604497,火电热力,2022,4417,生物质能发电,燃生物质锅炉,DA001,9,[]
SRC-RAW-1681A08DA31856CE6747,火电热力,2022,4417,生物质能发电,燃生物质锅炉,DA001,9,[]
SRC-RAW-C11E648945F41664E5FE,火电热力,2022,4417,生物质能发电,燃生物质锅炉,DA002,9,[]
SRC-RAW-4661C7BCAA0E994AC533,火电热力,2022,4417,生物质能发电,燃生物质锅炉,DA002,9,[]
SRC-RAW-C8EC88AFECE8526A8AA0,工业锅炉,2022,1529,茶饮料及其他饮料制造,燃煤锅炉,DA001,9,[]
SRC-RAW-E9B697A76F00B506405D,范围外,2022,2921,塑料薄膜制造,燃生物质锅炉,DA003,0,[]
SRC-RAW-91F798813FD261539BD5,范围外,2022,3099,其他非金属矿物制品制造,燃生物质锅炉,DA001,0,[]
SRC-RAW-5D72AA46B6ED87F99812,范围外,2022,2221,机制纸及纸板制造,燃生物质锅炉,DA001,0,[]
SRC-RAW-86BF35AEE127AA6DD830,工业锅炉,2022,2614,有机化学原料制造,燃煤锅炉,DA001,9,[]
SRC-RAW-3D0F8A0C824879549D57,工业锅炉,2022,2614,有机化学原料制造,燃煤锅炉,DA001,9,[]
SRC-RAW-27530327156B9D8050B1,工业锅炉,2022,2614,有机化学原料制造,燃煤锅炉,DA001,9,[]
SRC-RAW-FAA92B3D04144E09703C,范围外,2022,2239,其他纸制品制造,燃生物质锅炉,DA000,0,[]
SRC-RAW-B10933171A524D6B738A,工业锅炉,2022,1431,米、面制品制造,燃煤锅炉,DA001,9,[]
SRC-RAW-01E313D582A76D950F1A,范围外,2022,1331,食用植物油加工,燃生物质锅炉,DA001,0,[]
SRC-RAW-BD30050BC493F40872DD,工业锅炉,2022,3021,水泥制品制造,燃煤锅炉,DA001,9,[]
SRC-RAW-81B7E3222E025C9C6038,工业锅炉,2022,2612,无机碱制造,燃气锅炉,DA023,9,[]
SRC-RAW-C031B0903E3C911E0178,工业锅炉,2022,3985,电子专用材料制造,燃煤锅炉,DA001,9,[]
SRC-RAW-F315C68599D1E94FAD39,工业锅炉,2022,3985,电子专用材料制造,燃煤锅炉,DA001,9,[]
SRC-RAW-4CC90B4633ECDBF1D813,工业锅炉,2022,3985,电子专用材料制造,燃煤锅炉,DA001,9,[]
SRC-RAW-060DF0DC216F0954E202,范围外,2022,3212,铅锌冶炼,燃生物质锅炉,DA002,0,[]
SRC-RAW-5624B7494B7631142160,工业锅炉,2022,3985,电子专用材料制造,燃气锅炉,DA019,9,[]
SRC-RAW-97A5ED1BCC20790D1A57,工业锅炉,2022,3985,电子专用材料制造,燃气锅炉,DA019,9,[]
SRC-RAW-4DD2608813AB5802E374,范围外,2022,3024,轻质建筑材料制造,燃生物质锅炉,DA001,0,[]
SRC-RAW-712F6392125D1766EE6E,范围外,2022,1513,啤酒制造,燃生物质锅炉,DA001,0,[]
SRC-RAW-D9378F4664CF0BC2F5A2,范围外,2022,2659,其他合成材料制造,燃生物质锅炉,DA002,0,[]
SRC-RAW-9752E357E1574723DAA5,工业锅炉,2022,2021,胶合板制造,其他锅炉,DA001,9,[]
SRC-RAW-CC2B63945BD6F82B9432,范围外,2022,2651,初级形态塑料及合成树脂制造,燃生物质锅炉,DA003,0,[]
SRC-RAW-361E209319D4EECDD1C0,工业锅炉,2022,2641,涂料制造,燃油锅炉,DA003,9,[]
SRC-RAW-9EE7ABB5EB00E29D8699,范围外,2022,2663,林产化学产品制造,燃生物质锅炉,DA005,0,[]
SRC-RAW-5592E724E77D5349C1CD,范围外,2022,2022,纤维板制造,燃生物质锅炉,DA007,0,[]
SRC-RAW-7EBCC5EB8D9C78408239,范围外,2022,2022,纤维板制造,燃生物质锅炉,DA006,0,[]
SRC-RAW-0F1DD4DEE4024B7B957C,工业锅炉,2022,3574,畜牧机械制造,燃气锅炉,DA001,9,[]
SRC-RAW-C7AC585292842C79D6B0,工业锅炉,2022,2929,塑料零件及其他塑料制品制造,燃气锅炉,DA001,9,[]
SRC-RAW-0AABDC67D57CBEAD439E,火电热力,2022,4417,生物质能发电,燃生物质锅炉,DA001,9,[]
SRC-RAW-5C2A4F6B1354123BB220,火电热力,2022,4417,生物质能发电,燃生物质锅炉,DA001,9,[]
SRC-RAW-F24758DC192FCE2AF4E2,火电热力,2022,4417,生物质能发电,燃生物质锅炉,DA002,9,[]
SRC-RAW-9FD5117C60B794EC379F,火电热力,2022,4417,生物质能发电,燃生物质锅炉,DA002,9,[]
SRC-RAW-3F6A4BE3EDA96C9A9E21,火电热力,2022,4417,生物质能发电,燃生物质锅炉,DA003,9,[]
SRC-RAW-5B2CFD2BD02382F38BE2,火电热力,2022,4417,生物质能发电,燃生物质锅炉,DA003,9,[]
SRC-RAW-9483DAB04717824962A8,工业锅炉,2022,3392,有色金属铸造,燃油锅炉,DA001,9,[]
SRC-RAW-B87685FA95BF46796F7A,火电热力,2022,4430,热力生产和供应,燃生物质锅炉,DA001,25,[]
SRC-RAW-7E391BCBFD534916D774,范围外,2022,2021,胶合板制造,燃生物质锅炉,DA003,0,[]
SRC-RAW-D6A8375EC710B4B00990,火电热力,2022,4411,火力发电,燃煤锅炉,DA002,17,[]
SRC-RAW-7620EF002BA9ADAD6CF1,火电热力,2022,4411,火力发电,燃煤锅炉,DA003,17,[]
SRC-RAW-120783A91352231710CC,范围外,2022,2221,机制纸及纸板制造,燃生物质锅炉,DA001,0,[]
SRC-RAW-30E19983EC475FB67965,范围外,2022,3021,水泥制品制造,燃生物质锅炉,DA001,0,[]
SRC-RAW-86D7D853BD962B0F56C6,范围外,2022,1711,棉纺纱加工,燃生物质锅炉,DA005,0,[]
SRC-RAW-D5682B289A0211923EEB,范围外,2022,2643,工业颜料制造,燃生物质锅炉,DA003,0,[]
SRC-RAW-F2645EB65A7E39101B20,工业锅炉,2022,2613,无机盐制造,燃煤锅炉,DA016,9,[]
SRC-RAW-AD38D021A64EE3FF0AF3,火电热力,2022,4417,生物质能发电,燃生物质锅炉,DA001,9,[]
SRC-RAW-F056A121D064AEA8F548,范围外,2022,1459,其他罐头食品制造,燃生物质锅炉,DA001,0,[]
SRC-RAW-A9D6DFE4E5F5ABD1A6A0,工业锅炉,2022,2669,其他专用化学产品制造,燃气锅炉,DA002,9,[]
SRC-RAW-7227BF9D910A520C9D9E,工业锅炉,2022,2651,初级形态塑料及合成树脂制造,其他锅炉,DA002,9,[]
SRC-RAW-6B2A959B5DD6F8A603F6,火电热力,2022,4412,热电联产,燃煤锅炉,DA001,9,[]
SRC-RAW-B9D25D90184C1D6081DC,火电热力,2022,4412,热电联产,燃煤锅炉,DA001,9,[]
SRC-RAW-C31395F368840A6B25AA,工业锅炉,2022,2661,化学试剂和助剂制造,燃气锅炉,DA003,9,[]
SRC-RAW-76B8FA8AD0C1B5634563,工业锅炉,2022,2651,初级形态塑料及合成树脂制造,燃气锅炉,DA003,9,[]
SRC-RAW-FF20A74D298B7C9BCC61,工业锅炉,2022,2770,卫生材料及医药用品制造,燃气锅炉,DA002,9,[]
SRC-RAW-AB6E126BDFC8EC8FE969,范围外,2022,2663,林产化学产品制造,燃生物质锅炉,DA003,0,[]
SRC-RAW-46B4AE568FE86671CBA6,范围外,2022,2641,涂料制造,燃生物质锅炉,DA002,0,[]
SRC-RAW-41252FD72D5FEE379D1F,工业锅炉,2022,2641,涂料制造,燃气锅炉,DA005,9,[]
SRC-RAW-8EC1B42886ADBD819F0D,工业锅炉,2022,2662,专项化学用品制造,燃气锅炉,DA002,9,[]
SRC-RAW-4DCA136EEA078E84509B,工业锅炉,2022,2641,涂料制造,燃气锅炉,DA003,9,[]
SRC-RAW-691D728A2E002D296B64,工业锅炉,2022,2642,油墨及类似产品制造,燃气锅炉,DA003,9,[]
SRC-RAW-692EC75FBBF36D01504F,工业锅炉,2022,2651,初级形态塑料及合成树脂制造,燃气锅炉,DA003,9,[]
SRC-RAW-809BCC2B64EA434B7789,工业锅炉,2022,2651,初级形态塑料及合成树脂制造,燃气锅炉,DA002,9,[]
SRC-RAW-45E6879448126E8550B3,工业锅炉,2022,2641,涂料制造,燃气锅炉,DA006,9,[]
SRC-RAW-662E54BC3F3DC1762169,范围外,2022,2239,其他纸制品制造,燃生物质锅炉,DA004,0,[]
SRC-RAW-CC0161394E59959EDC65,范围外,2022,2239,其他纸制品制造,燃生物质锅炉,DA004,0,[]
SRC-RAW-1B27919C875544867089,工业锅炉,2022,2239,其他纸制品制造,燃气锅炉,DA003,9,[]
SRC-RAW-69C09FD29D650DEA9152,工业锅炉,2022,1329,其他饲料加工,燃气锅炉,DA002,9,[]
SRC-RAW-2FD0313AA7C0DFF02F90,工业锅炉,2022,1329,其他饲料加工,燃气锅炉,DA001,9,[]
SRC-RAW-F1A0611A289225F301D9,工业锅炉,2022,1353,肉制品及副产品加工,燃气锅炉,DA017,9,[]
SRC-RAW-B8D7911D589ADB50728B,工业锅炉,2022,1353,肉制品及副产品加工,燃气锅炉,DA026,9,[]
SRC-RAW-237008D50E0A4A2EF2E4,工业锅炉,2022,1353,肉制品及副产品加工,燃气锅炉,DA027,9,[]
SRC-RAW-45B6661EFB33EA11BD90,工业锅炉,2022,1353,肉制品及副产品加工,燃气锅炉,DA018,9,[]
SRC-RAW-8359B319851783BD5897,工业锅炉,2022,1353,肉制品及副产品加工,燃气锅炉,DA019,9,[]
SRC-RAW-4BBFBCB253AA87A51930,工业锅炉,2022,1353,肉制品及副产品加工,燃气锅炉,DA020,9,[]
SRC-RAW-BF8D64299CC289E073E7,工业锅炉,2022,1353,肉制品及副产品加工,燃气锅炉,DA021,9,[]
SRC-RAW-1942FD0C6D7A914BECD8,工业锅炉,2022,1353,肉制品及副产品加工,燃气锅炉,DA022,9,[]
SRC-RAW-782C157B545C5C7CE5C5,工业锅炉,2022,1353,肉制品及副产品加工,燃气锅炉,DA023,9,[]
SRC-RAW-B648D4038F8C74DF709A,工业锅炉,2022,1353,肉制品及副产品加工,燃气锅炉,DA024,9,[]
SRC-RAW-72F393BB65560B6DDA60,工业锅炉,2022,1353,肉制品及副产品加工,燃气锅炉,DA025,9,[]
SRC-RAW-45EBAE3D3F3BFB9128B6,范围外,2022,4419,其他电力生产,燃气轮机,DA001,0,[]
SRC-RAW-70AEFECB5C426BBF99EC,范围外,2022,4419,其他电力生产,燃气轮机,DA002,0,[]
SRC-RAW-90E8054BB0A406C0D6E4,范围外,2022,4419,其他电力生产,燃气轮机,DA002,0,[]
SRC-RAW-CE9070FE48AF807DC77F,范围外,2022,4419,其他电力生产,燃气轮机,DA001,0,[]
SRC-RAW-2BBAD95E38A65C9B2815,范围外,2022,4419,其他电力生产,燃气轮机,DA001,0,[]
SRC-RAW-601729C534C52FC62689,范围外,2022,4419,其他电力生产,燃气轮机,DA001,0,[]
SRC-RAW-D3BD769E87C9F8AB290C,范围外,2022,4419,其他电力生产,燃气轮机,DA001,0,[]
SRC-RAW-296A6483FE6B1A89E3C3,范围外,2022,4419,其他电力生产,燃气轮机,DA001,0,[]
SRC-RAW-56A42D562948F6AA0EC8,范围外,2022,4419,其他电力生产,燃气轮机,DA002,0,[]
SRC-RAW-2C0FFEB81EBCB156994E,范围外,2022,4419,其他电力生产,燃气轮机,DA002,0,[]
SRC-RAW-D568E6E43040EFD4BEB0,范围外,2022,4419,其他电力生产,燃气轮机,DA002,0,[]
SRC-RAW-0269A5E6B908AE0A052B,范围外,2022,4419,其他电力生产,燃气轮机,DA001,0,[]
SRC-RAW-5E44DB7AFB13D5E63451,范围外,2022,4419,其他电力生产,燃气轮机,DA006,0,[]
SRC-RAW-C9625293B4AE204935ED,范围外,2022,4419,其他电力生产,燃气轮机,DA004,0,[]
SRC-RAW-0CE552B572A384426D28,范围外,2022,4419,其他电力生产,燃气轮机,DA001,0,[]
SRC-RAW-A3BFC52E1250A5A5E002,范围外,2022,4419,其他电力生产,燃气轮机,DA001,0,[]
SRC-RAW-14F7DEB3B950CEE3A7D9,范围外,2022,4419,其他电力生产,燃气轮机,DA001,0,[]
SRC-RAW-CB62AA296C7D590FC9E6,范围外,2022,4419,其他电力生产,燃气轮机,DA002,0,[]
SRC-RAW-F1E198B519CA3752F751,范围外,2022,4419,其他电力生产,燃气轮机,DA002,0,[]
SRC-RAW-2E7E2CB1947C33734C3B,范围外,2022,4419,其他电力生产,燃气轮机,DA003,0,[]
SRC-RAW-FE654A1A1EE820696C68,范围外,2022,4419,其他电力生产,燃气轮机,DA005,0,[]
SRC-RAW-AAC6636899886892652D,火电热力,2022,4411,火力发电,燃气轮机,DA001,9,[]
SRC-RAW-C2398169433A854F3252,火电热力,2022,4411,火力发电,燃气轮机,DA003,9,[]
SRC-RAW-6B0396EEB8C35653A3DD,工业锅炉,2022,2720,化学药品制剂制造,燃气锅炉,DA004,9,[]
SRC-RAW-4A9156F2E52B422EFF3E,工业锅炉,2022,2720,化学药品制剂制造,燃气锅炉,DA004,9,[]
SRC-RAW-B10B46AF4A17C1084410,工业锅炉,2022,4190,其他未列明制造业,燃气锅炉,DA001,9,[]
SRC-RAW-FE2C885796F874E6B839,工业锅炉,2022,4190,其他未列明制造业,燃气锅炉,DA002,9,[]
SRC-RAW-A5B86A2BEF87EA601057,工业锅炉,2022,4190,其他未列明制造业,燃气锅炉,DA003,9,[]
SRC-RAW-C18965DAAC855CF5E70D,工业锅炉,2022,4190,其他未列明制造业,燃气锅炉,DA001,9,[]
SRC-RAW-3DAD77D1E9DCFCFDF6F8,工业锅炉,2022,2761,生物药品制造,燃气锅炉,DA003,9,[]
SRC-RAW-CF8B920C3880808FD9AF,工业锅炉,2022,2761,生物药品制造,燃气锅炉,DA001,9,[]
SRC-RAW-A8A4B16E9F27EFB4647B,工业锅炉,2022,2710,化学药品原料药制造,燃气锅炉,DA003,9,[]
SRC-RAW-DAC03281D76DEC6D2C79,工业锅炉,2022,2681,肥皂及洗涤剂制造,燃气锅炉,DA001,9,[]
SRC-RAW-DD609047132F80CB5F65,火电热力,2022,4411,火力发电,燃煤锅炉,DA001,17,[]
SRC-RAW-99D776E9B95DFE5018EC,火电热力,2022,4411,火力发电,燃煤锅炉,DA001,17,[]
SRC-RAW-488C493D375E7EE7C56E,火电热力,2022,4411,火力发电,燃煤锅炉,DA002,17,[]
SRC-RAW-E081A69B085C73023302,火电热力,2022,4411,火力发电,燃煤锅炉,DA002,17,[]
SRC-RAW-755E6F80A48AC746200C,火电热力,2022,4411,火力发电,燃煤锅炉,DA003,17,[]
SRC-RAW-72233F12645656D2C844,火电热力,2022,4411,火力发电,燃煤锅炉,DA003,17,[]
SRC-RAW-714001903E6E396C60A3,工业锅炉,2022,1331,食用植物油加工,燃气锅炉,DA005,9,[]
SRC-RAW-38E2BE2E73538BDDD458,工业锅炉,2022,1331,食用植物油加工,燃气锅炉,DA006,9,[]
SRC-RAW-C959F474571A919250D3,工业锅炉,2022,1331,食用植物油加工,燃气锅炉,DA007,9,[]
SRC-RAW-65E4A9E3C9731CC12FCB,工业锅炉,2022,1331,食用植物油加工,燃气锅炉,DA008,9,[]
SRC-RAW-D3784814A8AF560624F6,工业锅炉,2022,4190,其他未列明制造业,燃气锅炉,DA001,9,[]
SRC-RAW-BE2891D24225A138340B,工业锅炉,2022,4190,其他未列明制造业,燃气锅炉,DA002,9,[]
SRC-RAW-FEDB5C7806A188F88D64,工业锅炉,2022,2642,油墨及类似产品制造,燃气锅炉,DA003,9,[]
SRC-RAW-D23C2C5C0786B25E3E38,范围外,2022,2642,油墨及类似产品制造,,DA003,0,[]
SRC-RAW-8D657CC49F887499BF13,工业锅炉,2022,2720,化学药品制剂制造,燃气锅炉,DA001,9,[]
SRC-RAW-182E3AA0955B73B003F7,范围外,2022,2720,化学药品制剂制造,,DA001,0,[]
SRC-RAW-4674BA5E3CAEFE72F78E,工业锅炉,2022,1331,食用植物油加工,燃气锅炉,DA002,9,[]
SRC-RAW-E3B5B03B55152947E7E8,工业锅炉,2022,1331,食用植物油加工,燃气锅炉,DA003,9,[]
SRC-RAW-812C0D0149B403A66507,工业锅炉,2022,1331,食用植物油加工,燃气锅炉,DA001,9,[]
SRC-RAW-AD58C568D277CE5D4E96,火电热力,2022,4417,生物质能发电,燃生物质锅炉,DA001,17,[]
SRC-RAW-4917C87CFF0F84B73255,火电热力,2022,4417,生物质能发电,燃生物质锅炉,DA002,17,[]
SRC-RAW-1C9C33FC8D1C9633E9AF,火电热力,2022,4417,生物质能发电,燃生物质锅炉,DA003,17,[]
SRC-RAW-7469767D915741D131EB,火电热力,2022,4417,生物质能发电,燃生物质锅炉,DA004,17,[]
SRC-RAW-633828FD15B5D82D52ED,火电热力,2022,4411,火力发电,燃气轮机,DA001,9,[]
SRC-RAW-7B98DC2D3707B88A4E17,火电热力,2022,4411,火力发电,燃气轮机,DA002,9,[]
SRC-RAW-70331E078B8FF1AF2BA8,火电热力,2022,4411,火力发电,燃气轮机,DA003,9,[]
SRC-RAW-73B3CA59765D5D325DCB,火电热力,2022,4411,火力发电,燃气锅炉,DA004,9,[]
SRC-RAW-8435FB77110F5FC4DC38,火电热力,2022,4411,火力发电,燃气锅炉,DA005,9,[]
SRC-RAW-959199DE5C2F60AACD06,工业锅炉,2022,2720,化学药品制剂制造,燃气锅炉,DA015,9,[]
SRC-RAW-43D8E5A381600E7F2756,工业锅炉,2022,2720,化学药品制剂制造,燃气锅炉,DA004,9,[]
SRC-RAW-F16A2BF7685B8412B980,火电热力,2022,4411,火力发电,燃气轮机,DA001,9,[]
SRC-RAW-B89272365C47F67246F0,火电热力,2022,4411,火力发电,燃气轮机,DA002,9,[]
SRC-RAW-3E9B8DA14369A959E30B,火电热力,2022,4411,火力发电,燃气轮机,DA003,9,[]
SRC-RAW-51A68DA95AD4D0D00C22,工业锅炉,2022,2761,生物药品制造,燃气锅炉,DA005,9,[]
SRC-RAW-B79EEFA4A18D0EA3DA3B,工业锅炉,2022,1441,液体乳制造,燃气锅炉,DA001,9,[]
SRC-RAW-2654B72B4FC940DC4749,工业锅炉,2022,1441,液体乳制造,燃气锅炉,DA001,9,[]
SRC-RAW-5B6A8AE10D75F5AF206A,火电热力,2022,4430,热力生产和供应,燃气锅炉,DA001,9,[]
SRC-RAW-C332975B9DFE7FEDD45D,火电热力,2022,4430,热力生产和供应,燃气锅炉,DA002,9,[]
SRC-RAW-AF4055E81C013D09C04D,火电热力,2022,4430,热力生产和供应,燃气锅炉,DA003,9,[]
SRC-RAW-3DECD2EAA675912E63DB,工业锅炉,2022,1351,牲畜屠宰,燃气锅炉,DA001,9,[]
SRC-RAW-BCEBEAE8FA637E1C2F2E,工业锅炉,2022,1351,牲畜屠宰,燃气锅炉,DA002,9,[]
SRC-RAW-CFA17816A2AF104FDEA8,工业锅炉,2022,1431,米、面制品制造,燃气锅炉,DA001,9,[]
SRC-RAW-F7BF715DEB363C78C715,工业锅炉,2022,1431,米、面制品制造,燃气锅炉,DA002,9,[]
SRC-RAW-243CCB93B74F8978DE61,工业锅炉,2022,3982,电子电路制造,燃气锅炉,DA007,9,[]
SRC-RAW-26B0FB1E156DCA87F682,工业锅炉,2022,3982,电子电路制造,燃气锅炉,DA602,9,[]
SRC-RAW-3D9505FD5FAE0768BD94,火电热力,2022,4430,热力生产和供应,燃气锅炉,DA001,9,[]
SRC-RAW-D3B8A66A1A9C0D392B68,火电热力,2022,4430,热力生产和供应,燃气锅炉,DA002,9,[]
SRC-RAW-0CDA127D99C20FA276E2,工业锅炉,2022,2682,化妆品制造,燃气锅炉,DA002,9,[]
SRC-RAW-3547A08BF9C05083D900,工业锅炉,2022,1391,淀粉及淀粉制品制造,燃气锅炉,DA155,9,[]
SRC-RAW-9EE46167E9AB0B71EFF8,工业锅炉,2022,1411,糕点、面包制造,燃气锅炉,DA001,9,[]
SRC-RAW-FDC493D5E39461519BEA,工业锅炉,2022,1411,糕点、面包制造,燃气锅炉,DA001,9,[]
SRC-RAW-D2066A761A5BC22FC0CC,工业锅炉,2022,1941,羽毛（绒）加工,燃气锅炉,DA001,9,[]
SRC-RAW-BFDC3DC643BCF7B76347,工业锅炉,2022,1941,羽毛（绒）加工,燃气锅炉,DA001,9,[]
SRC-RAW-BEC866CF2B65BFCADBAB,工业锅炉,2022,2762,基因工程药物和疫苗制造,燃气锅炉,DA003,9,[]
SRC-RAW-2892E0E82C8DC7298B59,工业锅炉,2022,2762,基因工程药物和疫苗制造,燃气锅炉,DA003,9,[]
SRC-RAW-9F6E8E8846F11AF7FD50,工业锅炉,2022,1513,啤酒制造,燃气锅炉,DA001,9,[]
SRC-RAW-02F3B6B0A5B2638BD02F,工业锅炉,2022,1513,啤酒制造,燃气锅炉,DA005,9,[]
SRC-RAW-EEF5B86652858DBE1F2D,工业锅炉,2022,1513,啤酒制造,燃气锅炉,DA002,9,[]
SRC-RAW-809EE0198861D28CE84B,工业锅炉,2022,3982,电子电路制造,燃气锅炉,DA020,9,[]
SRC-RAW-2F041DFD081C28060FCD,工业锅炉,2022,1499,其他未列明食品制造,燃气锅炉,DA001,9,[]
SRC-RAW-C6E46DF1CE1E77F58080,工业锅炉,2022,1499,其他未列明食品制造,燃气锅炉,DA001,9,[]
SRC-RAW-5BB0F9F54D7405418F46,工业锅炉,2022,1499,其他未列明食品制造,燃气锅炉,DA001,9,[]
SRC-RAW-A135FEE837613A09DB38,工业锅炉,2022,3979,其他电子器件制造,燃气锅炉,DA009,9,[]
SRC-RAW-F59168CB5C4775EF3502,工业锅炉,2022,3979,其他电子器件制造,燃气锅炉,DA009,9,[]
SRC-RAW-570F844A18E0C0353F37,工业锅炉,2022,3979,其他电子器件制造,燃气锅炉,DA010,9,[]
SRC-RAW-75B3CA13585591B7CF20,工业锅炉,2022,3979,其他电子器件制造,燃气锅炉,DA011,9,[]
SRC-RAW-3F54CE9FEE22C291B8F1,工业锅炉,2022,3979,其他电子器件制造,燃气锅炉,DA011,9,[]
SRC-RAW-49B024D105198A61ED0C,工业锅炉,2022,4119,其他日用杂品制造,燃气锅炉,DA021,9,[]
SRC-RAW-0EE5EF6B377A4C2F0470,工业锅炉,2022,4119,其他日用杂品制造,燃气锅炉,DA021,9,[]
SRC-RAW-18553E96706DF462604B,工业锅炉,2022,4119,其他日用杂品制造,燃气锅炉,DA022,9,[]
SRC-RAW-8B278BDE9916034F0A4C,工业锅炉,2022,4119,其他日用杂品制造,燃气锅炉,DA022,9,[]
SRC-RAW-D1445CF8A29DF778BC57,工业锅炉,2022,4119,其他日用杂品制造,燃气锅炉,DA023,9,[]
SRC-RAW-97D6A8CD9A2DC652D3DD,工业锅炉,2022,4119,其他日用杂品制造,燃气锅炉,DA023,9,[]
SRC-RAW-CBBD44DDAE8F111AD366,工业锅炉,2022,1459,其他罐头食品制造,燃气锅炉,DA001,9,[]
SRC-RAW-1FA4B861FBA027C15D00,工业锅炉,2022,1361,水产品冷冻加工,燃气锅炉,DA001,9,[]
SRC-RAW-E022E032B80E3A797B4F,工业锅炉,2022,2319,包装装潢及其他印刷,燃气锅炉,DA001,9,[]
SRC-RAW-FDC16581F9F081992C8C,工业锅炉,2022,1819,其他机织服装制造,燃气锅炉,DA001,9,[]
SRC-RAW-5BD76396D39D4E3A6561,火电热力,2022,4417,生物质能发电,燃生物质锅炉,DA001,17,[]
SRC-RAW-BE0E4A824E3C06163063,火电热力,2022,4417,生物质能发电,燃生物质锅炉,DA004,17,[]
SRC-RAW-371F347F8B55434B11B1,火电热力,2022,4417,生物质能发电,燃生物质锅炉,DA005,17,[]
SRC-RAW-67FA398367A0BA855460,火电热力,2022,4417,生物质能发电,燃生物质锅炉,DA007,17,[]
SRC-RAW-C46FE1E52E4722FD23A7,火电热力,2022,4417,生物质能发电,燃生物质锅炉,DA006,17,[]
SRC-RAW-DA61964C930392178FBA,火电热力,2022,4417,生物质能发电,燃生物质锅炉,DA009,17,[]
SRC-RAW-F0CA223C550FFB158EC1,火电热力,2022,4417,生物质能发电,燃生物质锅炉,DA010,17,[]
SRC-RAW-D5A44FC9F748DBEB8497,火电热力,2022,4417,生物质能发电,燃生物质锅炉,DA011,17,[]
SRC-RAW-86456DF21A5FC948AE35,火电热力,2022,4417,生物质能发电,燃生物质锅炉,DA012,17,[]
SRC-RAW-4B8F2A96EF995F7A78E9,火电热力,2022,4417,生物质能发电,燃生物质锅炉,DA013,17,[]
SRC-RAW-2BF4A6560ED9655A1034,火电热力,2022,4417,生物质能发电,燃生物质锅炉,DA002,17,[]
SRC-RAW-94275F48F895A80D61BB,火电热力,2022,4417,生物质能发电,燃生物质锅炉,DA003,17,[]
SRC-RAW-DB09A14E2C23009C56C1,火电热力,2022,4417,生物质能发电,燃气轮机,DA001,9,[]
SRC-RAW-EBE569F8F59E93B6D74B,火电热力,2022,4417,生物质能发电,燃气轮机,DA002,9,[]
SRC-RAW-76EDE4CF218D7560DC04,火电热力,2022,4417,生物质能发电,燃气轮机,DA003,9,[]
SRC-RAW-0970D6A8189EE4C11E89,工业锅炉,2022,3360,金属表面处理及热处理加工,燃气锅炉,DA001,9,[]
SRC-RAW-A4E4E9BCABF49E12CFEB,工业锅炉,2022,1362,鱼糜制品及水产品干腌制加工,燃气锅炉,DA001,9,[]
SRC-RAW-C7CEB595530194CC69A0,工业锅炉,2022,1362,鱼糜制品及水产品干腌制加工,燃气锅炉,DA001,9,[]
SRC-RAW-926F976FEEF8C6D78F83,工业锅炉,2022,1362,鱼糜制品及水产品干腌制加工,燃气锅炉,DA001,9,[]
SRC-RAW-C1D136A6E04B0DA90503,工业锅炉,2022,3982,电子电路制造,燃气锅炉,DA036,9,[]
SRC-RAW-D9B150CDBF5F80A212BF,工业锅炉,2022,3982,电子电路制造,燃气锅炉,DA036,9,[]
SRC-RAW-700D04C639962A6F1945,工业锅炉,2022,3982,电子电路制造,燃气锅炉,DA037,9,[]
SRC-RAW-9F339CE001C9D73E701D,工业锅炉,2022,3982,电子电路制造,燃气锅炉,DA037,9,[]
SRC-RAW-074E57C45AC724ABD623,工业锅炉,2022,3312,金属门窗制造,燃气锅炉,DA004,9,[]
SRC-RAW-6B9B577FC59943857991,工业锅炉,2022,3312,金属门窗制造,燃气锅炉,DA004,9,[]
SRC-RAW-F5D74C73FB9DF4F6AE88,工业锅炉,2022,2319,包装装潢及其他印刷,燃气锅炉,DA001,9,[]
SRC-RAW-B705FDE0FEBC4FABD38E,工业锅炉,2022,2319,包装装潢及其他印刷,燃气锅炉,DA002,9,[]
SRC-RAW-16BAA46D8F4AD8BBCE19,工业锅炉,2022,3360,金属表面处理及热处理加工,燃气锅炉,DA002,9,[]
SRC-RAW-53229F3C87248859F80B,工业锅炉,2022,3360,金属表面处理及热处理加工,燃气锅炉,DA003,9,[]
SRC-RAW-A18EB4EE4009D36F1387,工业锅炉,2022,3761,自行车制造,燃气锅炉,DA001,9,[]
SRC-RAW-0540C2E01824B8F121C1,工业锅炉,2022,3982,电子电路制造,燃气锅炉,DA014,9,[]
SRC-RAW-1E5D12B04AC89EC4B3C6,工业锅炉,2022,2319,包装装潢及其他印刷,燃气锅炉,DA001,9,[]
SRC-RAW-9CE0BE6DD4DB190D9C30,工业锅炉,2022,3982,电子电路制造,燃气锅炉,DA031,9,[]
SRC-RAW-DD4D83E8B3A16A4F9AE0,工业锅炉,2022,3982,电子电路制造,燃气锅炉,DA031,9,[]
SRC-RAW-C308A5FC792155E6DA27,工业锅炉,2022,2019,其他木材加工,燃气锅炉,DA001,9,[]
SRC-RAW-47478B9F51D7E4333B0A,工业锅炉,2022,1441,液体乳制造,燃气锅炉,DA001,9,[]
SRC-RAW-87A770ADA2C115F36E7A,工业锅炉,2022,1441,液体乳制造,燃气锅炉,DA001,9,[]
SRC-RAW-44673F9CFFD766B0A8B0,工业锅炉,2022,3982,电子电路制造,燃气锅炉,DA005,9,[]
SRC-RAW-666AF9697AF80D48AA0D,工业锅炉,2022,2239,其他纸制品制造,燃气锅炉,DA001,9,[]
SRC-RAW-EFB67949DB8F7681A17D,范围外,2022,2239,其他纸制品制造,,DA002,0,[]
SRC-RAW-3EA938AB7721C72F3A2B,范围外,2022,2239,其他纸制品制造,,DA003,0,[]
SRC-RAW-8BF570DBF127949D941B,工业锅炉,2022,3982,电子电路制造,燃气锅炉,DA019,9,[]
SRC-RAW-F0FCAEC7F5D42FEACFA6,工业锅炉,2022,3982,电子电路制造,燃气锅炉,DA022,9,[]
SRC-RAW-2AA5BF79AF5715DA16BA,工业锅炉,2022,3982,电子电路制造,燃气锅炉,DA023,9,[]
SRC-RAW-A6631A4F01F59313039C,工业锅炉,2022,3982,电子电路制造,燃气锅炉,DA022,9,[]
SRC-RAW-DBD372922DBE0CFF4B98,工业锅炉,2022,1419,饼干及其他焙烤食品制造,燃气锅炉,DA004,9,[]
SRC-RAW-9C8432BEC01C10BF7D18,工业锅炉,2022,1752,化纤织物染整精加工,燃气锅炉,DA017,9,[]
SRC-RAW-0F284B897123065B8900,工业锅炉,2022,1752,化纤织物染整精加工,燃气锅炉,DA018,9,[]
SRC-RAW-E9C2A298CA351C36C1B4,工业锅炉,2022,1752,化纤织物染整精加工,燃气锅炉,DA019,9,[]
SRC-RAW-1388FC2D5A8BEF237826,工业锅炉,2022,3982,电子电路制造,燃气锅炉,DA007,9,[]
SRC-RAW-5836A1201C852E160B80,工业锅炉,2022,3982,电子电路制造,燃气锅炉,DA015,9,[]
SRC-RAW-347736C202D20158605B,工业锅炉,2022,2669,其他专用化学产品制造,燃气锅炉,DA005,9,[]
SRC-RAW-1196E3483CACD87BEB4D,工业锅炉,2022,3130,钢压延加工,燃气锅炉,DA001,9,[]
SRC-RAW-38B9BEF7BD8CA9B2516B,工业锅炉,2022,3130,钢压延加工,燃气锅炉,DA001,9,[]
SRC-RAW-BCCA6967336AC2EE5B6C,工业锅炉,2022,3360,金属表面处理及热处理加工,燃气锅炉,DA010,9,[]
SRC-RAW-AF57661379CCDAB75F15,工业锅炉,2022,1752,化纤织物染整精加工,燃气锅炉,DA018,9,[]
SRC-RAW-792FCE421BA133547E1B,工业锅炉,2022,1752,化纤织物染整精加工,燃气锅炉,DA019,9,[]
SRC-RAW-8E45C34A7413ED617F00,工业锅炉,2022,2231,纸和纸板容器制造,燃气锅炉,DA001,9,[]
SRC-RAW-063DB2525D1CF0340EE4,工业锅炉,2022,1752,化纤织物染整精加工,燃气锅炉,DA001,9,[]
SRC-RAW-8C5997F0892DEFDA2484,工业锅炉,2022,1830,服饰制造,燃气锅炉,DA001,9,[]
SRC-RAW-1D4247FBD7B71BFB0E86,范围外,2022,1421,糖果、巧克力制造,燃气轮机,DA001,0,[]
SRC-RAW-EE68DB78FB44DEE14E78,工业锅炉,2022,2710,化学药品原料药制造,燃气锅炉,DA004,9,[]
SRC-RAW-8E4CEF55532E420C301B,范围外,2022,2710,化学药品原料药制造,,DA004,0,[]
SRC-RAW-238CE76D84B4F6A53893,工业锅炉,2022,3973,集成电路制造,燃气锅炉,DA025,9,[]
SRC-RAW-CD15108C8EA51EEDE9C5,工业锅炉,2022,2624,复混肥料制造,燃气锅炉,DA103,9,[]
SRC-RAW-581ACE9981E50F8B867A,工业锅炉,2022,3329,其他金属工具制造,其他锅炉,DA003,9,[]
SRC-RAW-761D8F0DD511B5903564,工业锅炉,2022,3982,电子电路制造,燃气锅炉,DA001,9,[]
SRC-RAW-36EB95264EB3DBF868F1,工业锅炉,2022,3982,电子电路制造,燃气锅炉,DA001,9,[]
SRC-RAW-76AEB3DB568609CB3834,工业锅炉,2022,1830,服饰制造,燃气锅炉,DA001,9,[]
SRC-RAW-1201F0C8C55892F9BD5F,工业锅炉,2022,1752,化纤织物染整精加工,燃气锅炉,DA001,9,[]
SRC-RAW-BEC844D81AE32C2445FD,工业锅炉,2022,3982,电子电路制造,燃气锅炉,DA201,9,[]
SRC-RAW-42B39A412F4E30D07238,工业锅炉,2022,3982,电子电路制造,燃气锅炉,DA202,9,[]
SRC-RAW-333CB6E8C9846DDB6430,工业锅炉,2022,3982,电子电路制造,燃气锅炉,DA203,9,[]
SRC-RAW-CA341A71CF9F6514A48D,工业锅炉,2022,3982,电子电路制造,燃气锅炉,DA204,9,[]
SRC-RAW-09A58FDD074A17780D23,工业锅炉,2022,3982,电子电路制造,燃气锅炉,DA205,9,[]
SRC-RAW-F2D93AA9DB1054BD6E25,工业锅炉,2022,3982,电子电路制造,燃气锅炉,DA206,9,[]
SRC-RAW-EB2FD8962BC9CD8459FA,工业锅炉,2022,1711,棉纺纱加工,燃气锅炉,DA001,9,[]
SRC-RAW-5A521D00D3EA29D32FB2,工业锅炉,2022,3360,金属表面处理及热处理加工,燃气锅炉,DA001,9,[]
SRC-RAW-D17B9DF8B9FAC9A5FADA,范围外,2022,1392,豆制品制造,燃生物质锅炉,DA001,0,[]
SRC-RAW-78331D0457268EEB461F,火电热力,2022,4417,生物质能发电,燃生物质锅炉,DA001,9,[]
SRC-RAW-10D0195568BAD16A31F9,火电热力,2022,4417,生物质能发电,燃生物质锅炉,DA001,9,[]
SRC-RAW-9D90286485CABB5968BB,火电热力,2022,4417,生物质能发电,燃生物质锅炉,DA001,9,[]
SRC-RAW-84C8093836450948B4BC,火电热力,2022,4417,生物质能发电,燃生物质锅炉,DA001,9,[]
SRC-RAW-EBD1F6F9EF841CA52073,火电热力,2022,4417,生物质能发电,燃生物质锅炉,DA001,17,[]
SRC-RAW-D59B00AAE24080C54EE0,火电热力,2022,4417,生物质能发电,燃生物质锅炉,DA002,17,[]
SRC-RAW-336C7CE4E5A9C9E46CA0,火电热力,2022,4417,生物质能发电,燃生物质锅炉,DA003,17,[]
SRC-RAW-34EF4423DAD295F90BE0,火电热力,2022,4417,生物质能发电,燃生物质锅炉,DA004,17,[]
SRC-RAW-7C0212DE6671BC9FBD60,火电热力,2022,4417,生物质能发电,燃生物质锅炉,DA005,17,[]
SRC-RAW-C4BCFB4752B75190DFBA,火电热力,2022,4417,生物质能发电,燃生物质锅炉,DA006,17,[]
SRC-RAW-4510FCB035394B662514,工业锅炉,2022,1819,其他机织服装制造,燃气锅炉,DA001,9,[]
SRC-RAW-CB56F100413D3D9C3EDD,工业锅炉,2022,4190,其他未列明制造业,燃气锅炉,DA001,9,[]
SRC-RAW-9FFD9675C90023EE517F,工业锅炉,2022,2319,包装装潢及其他印刷,燃气锅炉,DA001,9,[]
SRC-RAW-521CB8E7D804C1944B26,工业锅炉,2022,4190,其他未列明制造业,燃气锅炉,DA001,9,[]
SRC-RAW-7358D54CC2BE420E9AEE,工业锅炉,2022,1939,其他毛皮制品加工,燃气锅炉,DA001,9,[]
SRC-RAW-8115C793EAA5524C0658,工业锅炉,2022,3761,自行车制造,燃气锅炉,DA001,9,[]
SRC-RAW-FCFAB61964A64C4717EF,工业锅炉,2022,3761,自行车制造,燃气锅炉,DA002,9,[]
SRC-RAW-13796BB4600A1B9DF861,工业锅炉,2022,3464,制冷、空调设备制造,燃气锅炉,DA003,9,[]
SRC-RAW-563FE7E5683312E85594,工业锅炉,2022,3464,制冷、空调设备制造,燃气锅炉,DA004,9,[]
SRC-RAW-FD83E92BCB68960B8B66,工业锅炉,2022,4119,其他日用杂品制造,燃气锅炉,DA006,9,[]
SRC-RAW-7EF22602162F33E7F50E,工业锅炉,2022,4119,其他日用杂品制造,燃气锅炉,DA007,9,[]
SRC-RAW-EE382445D488211043D2,工业锅炉,2022,3973,集成电路制造,燃气锅炉,DA001,9,[]
SRC-RAW-8B329E53FD142E177F18,工业锅炉,2022,3973,集成电路制造,燃气锅炉,DA002,9,[]
SRC-RAW-164776812D6B53ED0A5C,工业锅炉,2022,1353,肉制品及副产品加工,燃气锅炉,DA002,9,[]
SRC-RAW-2D8ED3CA5C9331879359,工业锅炉,2022,1819,其他机织服装制造,燃气锅炉,DA001,9,[]
SRC-RAW-190FAC35BAA3212F37E4,火电热力,2022,4411,火力发电,燃气轮机,DA001,9,[]
SRC-RAW-64B79329648A40D200BC,火电热力,2022,4411,火力发电,燃气轮机,DA002,9,[]
SRC-RAW-DE1171FEE9315126C9A5,工业锅炉,2022,2419,其他文教办公用品制造,燃气锅炉,DA001,9,[]
SRC-RAW-D5CD731CE4B0C6CB3173,工业锅炉,2022,2419,其他文教办公用品制造,燃气锅炉,DA002,9,[]
SRC-RAW-3B0CDFCCDA8A3A580F4D,工业锅炉,2022,4190,其他未列明制造业,燃气锅炉,DA001,9,[]
SRC-RAW-B6396D5ED2FC88D2F3EF,工业锅炉,2022,2710,化学药品原料药制造,燃气锅炉,DA001,9,[]
SRC-RAW-2C7009619B195324D655,工业锅炉,2022,1521,碳酸饮料制造,燃气锅炉,DA001,9,[]
SRC-RAW-B2B58794489493FA2D8E,工业锅炉,2022,1521,碳酸饮料制造,燃气锅炉,DA002,9,[]
SRC-RAW-0A6D6FF74FC0E8F08C88,工业锅炉,2022,2919,其他橡胶制品制造,燃气锅炉,DA001,9,[]
SRC-RAW-7A90E5E333B4FD006B63,工业锅炉,2022,2919,其他橡胶制品制造,燃气锅炉,DA002,9,[]
SRC-RAW-3BCE6DB7B5F345C5D5D4,工业锅炉,2022,2319,包装装潢及其他印刷,燃气锅炉,DA001,9,[]
SRC-RAW-889DB2A83987FBEAE280,工业锅炉,2022,2761,生物药品制造,燃气锅炉,DA001,9,[]
SRC-RAW-2A7B63B6E6FDF7106768,工业锅炉,2022,2761,生物药品制造,燃气锅炉,DA002,9,[]
SRC-RAW-C11597BE5BB8AA954AA0,工业锅炉,2022,1399,其他未列明农副食品加工,燃气锅炉,DA001,9,[]
SRC-RAW-63CD109FA2CB500ADE88,工业锅炉,2022,1399,其他未列明农副食品加工,燃气锅炉,DA002,9,[]
SRC-RAW-4F5FE8699AC2B2F5131B,工业锅炉,2022,2642,油墨及类似产品制造,燃气锅炉,DA001,9,[]
SRC-RAW-B5703EF248A38055CD9A,工业锅炉,2022,3024,轻质建筑材料制造,燃气锅炉,DA001,9,[]
SRC-RAW-5960AB16870A81B1F92C,工业锅炉,2022,1522,瓶（罐）装饮用水制造,燃气锅炉,DA001,9,[]
SRC-RAW-38F39CDF52E2268B09F0,工业锅炉,2022,1522,瓶（罐）装饮用水制造,燃气锅炉,DA002,9,[]
SRC-RAW-0873E2F52FC28646D4E0,工业锅炉,2022,1522,瓶（罐）装饮用水制造,燃气锅炉,DA003,9,[]
SRC-RAW-9059AC226BBD41A1C570,工业锅炉,2022,2669,其他专用化学产品制造,燃气锅炉,DA001,9,[]
SRC-RAW-158F20A21CFA122BF40F,工业锅炉,2022,1762,针织或钩针编织物印染精加工,燃气锅炉,DA001,9,[]
SRC-RAW-63E9CE04F5290FFD7229,工业锅炉,2022,1469,其他调味品、发酵制品制造,燃气锅炉,DA001,9,[]
SRC-RAW-38E3E6077A95D827560A,工业锅炉,2022,1752,化纤织物染整精加工,燃气锅炉,DA001,9,[]
SRC-RAW-4C3C335BBCC1D2EF7B8E,工业锅炉,2022,1752,化纤织物染整精加工,燃气锅炉,DA001,9,[]
SRC-RAW-4478DA023A6012C69FCB,工业锅炉,2022,1469,其他调味品、发酵制品制造,燃气锅炉,DA001,9,[]
SRC-RAW-096A8B761371EF14F1ED,工业锅炉,2022,1752,化纤织物染整精加工,燃气锅炉,DA001,9,[]
SRC-RAW-A6D0AE119C6D7650CEF9,火电热力,2022,4417,生物质能发电,燃生物质锅炉,DA001,17,[]
SRC-RAW-1D6DB5D8C5DB9F14CCB2,工业锅炉,2022,1352,禽类屠宰,燃气锅炉,DA001,9,[]
SRC-RAW-EFD5A290F609C8931A03,工业锅炉,2022,1352,禽类屠宰,燃气锅炉,DA002,9,[]
SRC-RAW-F114950FD6F926B7CDF0,工业锅炉,2022,1352,禽类屠宰,燃气锅炉,DA003,9,[]
SRC-RAW-77A43B17745BE9A43301,工业锅炉,2022,1352,禽类屠宰,燃气锅炉,DA004,9,[]
SRC-RAW-FA1F266647A235B74FF9,工业锅炉,2022,1352,禽类屠宰,燃气锅炉,DA005,9,[]
SRC-RAW-DE025356860548054370,工业锅炉,2022,1352,禽类屠宰,燃气锅炉,DA006,9,[]
SRC-RAW-AB06C8FDD627D0BB29E3,工业锅炉,2022,1352,禽类屠宰,燃气锅炉,DA007,9,[]
SRC-RAW-3AE0DA87ED205FF4C95C,工业锅炉,2022,1352,禽类屠宰,燃气锅炉,DA008,9,[]
SRC-RAW-E497FE6AABC364DA0357,工业锅炉,2022,1830,服饰制造,燃气锅炉,DA001,9,[]
SRC-RAW-863BF6BFDE42F3A219DC,工业锅炉,2022,1353,肉制品及副产品加工,燃气锅炉,DA001,9,[]
SRC-RAW-BA210242AD8807D828A5,工业锅炉,2022,1462,酱油、食醋及类似制品制造,燃气锅炉,DA001,9,[]
SRC-RAW-F8303DC7144B6A20923A,工业锅炉,2022,1351,牲畜屠宰,燃气锅炉,DA007,9,[]
SRC-RAW-CC05C0109B6B09E19A7E,工业锅炉,2022,1351,牲畜屠宰,燃气锅炉,DA008,9,[]
SRC-RAW-6EB85A0FE39E27C8137D,工业锅炉,2022,1351,牲畜屠宰,燃气锅炉,DA004,9,[]
SRC-RAW-0E32EDF9CF32457A1434,工业锅炉,2022,1351,牲畜屠宰,燃气锅炉,DA005,9,[]
SRC-RAW-3CA4DEF549F9B5DD437A,工业锅炉,2022,3985,电子专用材料制造,燃气锅炉,DA004,9,[]
SRC-RAW-B0710AB6043F019A5F91,工业锅炉,2022,3985,电子专用材料制造,燃气锅炉,DA004,9,[]
SRC-RAW-2C6337839C510D47AA2B,工业锅炉,2022,2319,包装装潢及其他印刷,燃气锅炉,DA001,9,[]
SRC-RAW-10DE62C3151276913103,工业锅炉,2022,2319,包装装潢及其他印刷,燃气锅炉,DA003,9,[]
SRC-RAW-444213A17DC994248D3E,工业锅炉,2022,1392,豆制品制造,燃气锅炉,DA001,9,[]
SRC-RAW-BDDD32518FF257E9AF72,工业锅炉,2022,1821,运动休闲针织服装制造,燃气锅炉,DA001,9,[]
SRC-RAW-BD825F22FBB2153C5E07,工业锅炉,2022,1821,运动休闲针织服装制造,燃气锅炉,DA002,9,[]
SRC-RAW-FB067A4BC91A81D6AF3C,工业锅炉,2022,2720,化学药品制剂制造,燃气锅炉,DA001,9,[]
SRC-RAW-B58716B4D9296619B1B3,工业锅炉,2022,2720,化学药品制剂制造,燃气锅炉,DA002,9,[]
SRC-RAW-9DC630E58A41E9777C01,火电热力,2022,4417,生物质能发电,余热利用锅炉,DA001,17,[]
SRC-RAW-7F66669FF4B67B90E760,火电热力,2022,4417,生物质能发电,余热利用锅炉,DA002,17,[]
SRC-RAW-20037B1A5B7392E771D5,工业锅炉,2022,1830,服饰制造,燃气锅炉,DA001,9,[]
SRC-RAW-B536F43CF87FDE2F51A0,工业锅炉,2022,2720,化学药品制剂制造,燃气锅炉,DA013,9,[]
SRC-RAW-E758D942FA598E474BF3,工业锅炉,2022,2720,化学药品制剂制造,燃气锅炉,DA013,9,[]
SRC-RAW-CF1B2E74119D1DCF72C4,工业锅炉,2022,1620,卷烟制造,燃气锅炉,DA001,9,[]
SRC-RAW-6043CCF6004473009216,工业锅炉,2022,1620,卷烟制造,燃气锅炉,DA002,9,[]
SRC-RAW-E94C720B89DD5D757E9D,工业锅炉,2022,1620,卷烟制造,燃气锅炉,DA003,9,[]
SRC-RAW-0324D822EFE10560A807,工业锅炉,2022,4190,其他未列明制造业,燃气锅炉,DA001,9,[]
SRC-RAW-016110D3AD19E7875078,工业锅炉,2022,1392,豆制品制造,燃气锅炉,DA001,9,[]
SRC-RAW-F347FE6B7B22E9053BBD,工业锅炉,2022,2913,橡胶零件制造,燃气锅炉,DA001,9,[]
SRC-RAW-4AC52AF05D26332F01D1,工业锅炉,2022,2913,橡胶零件制造,燃气锅炉,DA001,9,[]
SRC-RAW-829CCC02E04BEEA7A2FE,火电热力,2022,4411,火力发电,燃气轮机,DA003,9,[]
SRC-RAW-8D3F58F979F412D1E35F,火电热力,2022,4411,火力发电,燃气轮机,DA004,9,[]
SRC-RAW-BC06872DBEF0FCE27EFC,工业锅炉,2022,4119,其他日用杂品制造,燃气锅炉,DA006,9,[]
SRC-RAW-F9397DFC254B17CAEBCF,范围外,2022,2911,轮胎制造,燃气轮机,DA604,0,[]
SRC-RAW-65DC35583BF0672E1E48,工业锅炉,2022,2929,塑料零件及其他塑料制品制造,燃气锅炉,DA001,9,[]
SRC-RAW-E4E30A9216DC470B185E,工业锅炉,2022,4190,其他未列明制造业,燃气锅炉,DA001,9,[]
SRC-RAW-44F1AABD40145F0ACE9D,工业锅炉,2022,3029,其他水泥类似制品制造,燃气锅炉,DA001,9,[]
SRC-RAW-5977E083F75B6C34BFD8,工业锅炉,2022,3911,计算机整机制造,燃气锅炉,DA025,9,[]
SRC-RAW-5578EA8A0330CA648A0E,工业锅炉,2022,3911,计算机整机制造,燃气锅炉,DA026,9,[]
SRC-RAW-3E9F192708C0EEC5CB3F,工业锅炉,2022,2740,中成药生产,燃气锅炉,DA003,9,[]
SRC-RAW-4AB2555A8B28FBC19BD2,工业锅炉,2022,2740,中成药生产,燃气锅炉,DA003,9,[]
SRC-RAW-870A8EDE3BA7F43DB8BA,工业锅炉,2022,1373,水果和坚果加工,燃气锅炉,DA001,9,[]
SRC-RAW-38D301EAAD582952B753,工业锅炉,2022,3611,汽柴油车整车制造,燃气锅炉,DA001,9,[]
SRC-RAW-7338160887FFA29BA56E,工业锅炉,2022,3611,汽柴油车整车制造,燃气锅炉,DA002,9,[]
SRC-RAW-BCA6E64A1948128375BE,工业锅炉,2022,3611,汽柴油车整车制造,燃气锅炉,DA003,9,[]
SRC-RAW-1F97589C2BF67B57A5D4,工业锅炉,2022,3611,汽柴油车整车制造,燃气锅炉,DA004,9,[]
SRC-RAW-726D8202115E5CE4B39F,工业锅炉,2022,4190,其他未列明制造业,燃气锅炉,DA001,9,[]
SRC-RAW-A93E3D65897CC8EAE2DD,工业锅炉,2022,2720,化学药品制剂制造,燃气锅炉,DA002,9,[]
SRC-RAW-5CC797637451E5BFB75D,工业锅炉,2022,2684,香料、香精制造,燃气锅炉,DA003,9,[]
SRC-RAW-E73838D5DCE7475C026B,工业锅炉,2022,2684,香料、香精制造,燃气锅炉,DA004,9,[]
SRC-RAW-06F1BFD96EF18395EC47,工业锅炉,2022,3974,显示器件制造,燃气锅炉,DA020,9,[]
SRC-RAW-55C31725DC9CE2BEDC30,工业锅炉,2022,3974,显示器件制造,燃气锅炉,DA021,9,[]
SRC-RAW-007538C607CC43CE98CD,工业锅炉,2022,3974,显示器件制造,燃气锅炉,DA022,9,[]
SRC-RAW-1879B48F80CAF7F7B3BB,工业锅炉,2022,4190,其他未列明制造业,燃气锅炉,DA001,9,[]
SRC-RAW-66A90786541B8B7D64C9,工业锅炉,2022,4190,其他未列明制造业,燃气锅炉,DA002,9,[]
SRC-RAW-93E3540A905F08956EF0,工业锅炉,2022,2919,其他橡胶制品制造,燃气锅炉,DA008,9,[]
SRC-RAW-DBF878A784D5178D73BD,工业锅炉,2022,2919,其他橡胶制品制造,燃气锅炉,DA008,9,[]
SRC-RAW-6344981C411135A988E1,工业锅炉,2022,3922,通信终端设备制造,燃气锅炉,DA180,9,[]
SRC-RAW-2AEEB719CE1D6AE56521,工业锅炉,2022,3922,通信终端设备制造,燃气锅炉,DA181,9,[]
SRC-RAW-81B8B1217CCBC394F944,工业锅炉,2022,1830,服饰制造,燃气锅炉,DA001,9,[]
SRC-RAW-15EADC2A31E6ECDCC708,工业锅炉,2022,1830,服饰制造,燃气锅炉,DA002,9,[]
SRC-RAW-B7588D6E56DA0514E71E,火电热力,2022,4412,热电联产,燃气轮机,DA001,9,[]
SRC-RAW-92FED172CEA9E9F0F5B1,火电热力,2022,4412,热电联产,燃气轮机,DA002,9,[]
SRC-RAW-872078A44E1C81BF21BF,火电热力,2022,4412,热电联产,燃气轮机,DA003,9,[]
SRC-RAW-D9830C9F4836FE385792,工业锅炉,2022,2720,化学药品制剂制造,燃气锅炉,DA003,9,[]
SRC-RAW-43E5A23EA3106104C6F5,工业锅炉,2022,2710,化学药品原料药制造,燃气锅炉,DA001,9,[]
SRC-RAW-953F77124F2EA21D3272,工业锅炉,2022,2710,化学药品原料药制造,燃气锅炉,DA002,9,[]
SRC-RAW-07F7946FAAD4A69E38FB,工业锅炉,2022,2710,化学药品原料药制造,燃气锅炉,DA003,9,[]
SRC-RAW-251EA4ACFF3B377EBA2C,工业锅炉,2022,2710,化学药品原料药制造,燃气锅炉,DA004,9,[]
SRC-RAW-7310ADCADD20DCCE5E61,工业锅炉,2022,2720,化学药品制剂制造,燃气锅炉,DA003,9,[]
SRC-RAW-094326616E26049BBE5F,工业锅炉,2022,2720,化学药品制剂制造,燃气锅炉,DA004,9,[]
SRC-RAW-7B3E6DD4EF0D60CB0684,工业锅炉,2022,2720,化学药品制剂制造,燃气锅炉,DA001,9,[]
SRC-RAW-769C5C53FEA19302A805,工业锅炉,2022,2720,化学药品制剂制造,燃气锅炉,DA002,9,[]
SRC-RAW-303F190D16EA69E00900,工业锅炉,2022,1431,米、面制品制造,燃气锅炉,DA002,9,[]
SRC-RAW-F2EFE0555751CE8E38B9,工业锅炉,2022,1431,米、面制品制造,燃气锅炉,DA003,9,[]
SRC-RAW-16A2E217B8796A7BDD59,工业锅炉,2022,2730,中药饮片加工,燃气锅炉,DA001,9,[]
SRC-RAW-A5C5FB51A96B534FD0EB,工业锅炉,2022,2662,专项化学用品制造,燃气锅炉,DA003,9,[]
SRC-RAW-8254BCF74795F2FE0340,工业锅炉,2022,2662,专项化学用品制造,燃气锅炉,DA003,9,[]
SRC-RAW-55B94D6D1D42E304D032,工业锅炉,2022,3976,光电子器件制造,燃气锅炉,DA012,9,[]
SRC-RAW-0385ABC9775B6F45B783,工业锅炉,2022,3976,光电子器件制造,燃气锅炉,DA011,9,[]
SRC-RAW-73CF8A3685DED8489557,工业锅炉,2022,3976,光电子器件制造,燃气锅炉,DA010,9,[]
SRC-RAW-AE2C953C609CDF7E29C6,工业锅炉,2022,3976,光电子器件制造,燃气锅炉,DA010,9,[]
SRC-RAW-062913707A3B686E4D05,工业锅炉,2022,2762,基因工程药物和疫苗制造,燃气锅炉,DA002,9,[]
SRC-RAW-83E2D924D29FFE17DC9D,工业锅炉,2022,2762,基因工程药物和疫苗制造,燃气锅炉,DA003,9,[]
SRC-RAW-3F74834D1D1E5B2E4BE4,工业锅炉,2022,1751,化纤织造加工,燃气锅炉,DA002,9,[]
SRC-RAW-105FE1938B8A2ABEB1D5,工业锅炉,2022,1351,牲畜屠宰,燃气锅炉,DA001,9,[]
SRC-RAW-F77AF23FE72033D7627A,工业锅炉,2022,1421,糖果、巧克力制造,燃气锅炉,DA001,9,[]
SRC-RAW-79F354810B1C68D54FE1,工业锅炉,2022,3982,电子电路制造,燃气锅炉,DA016,9,[]
SRC-RAW-301F8019CA5B631E0F8E,工业锅炉,2022,3841,锂离子电池制造,燃气锅炉,DA001,9,[]
SRC-RAW-391B66EAF1993CAFB495,工业锅炉,2022,3841,锂离子电池制造,燃气锅炉,DA001,9,[]
SRC-RAW-A4D0C260D681D845B277,工业锅炉,2022,3841,锂离子电池制造,燃气锅炉,DA001,9,[]
SRC-RAW-6BE8DB735F46D6EEA751,工业锅炉,2022,1819,其他机织服装制造,燃气锅炉,DA003,9,[]
SRC-RAW-44CF00319466BD9C93B6,工业锅炉,2022,1819,其他机织服装制造,燃气锅炉,DA003,9,[]
SRC-RAW-0B4B51245972BAD6B0A0,工业锅炉,2022,1819,其他机织服装制造,燃气锅炉,DA004,9,[]
SRC-RAW-1CF58CD7CB1D0EE032D4,工业锅炉,2022,2319,包装装潢及其他印刷,燃气锅炉,DA005,9,[]
SRC-RAW-55655BB58C4F0BF89400,工业锅炉,2022,3360,金属表面处理及热处理加工,燃气锅炉,DA024,9,[]
SRC-RAW-B1FF2D9911E3638E1B0C,工业锅炉,2022,3660,汽车车身、挂车制造,燃气锅炉,DA001,9,[]
SRC-RAW-1E5AA4B6D2B5E0B7A072,工业锅炉,2022,3360,金属表面处理及热处理加工,燃气锅炉,DA012,9,[]
SRC-RAW-7C18C254776E7C627507,工业锅炉,2022,3612,新能源车整车制造,燃气锅炉,DA013,9,[]
SRC-RAW-F6522E9ADFDF0BD5FDE2,工业锅炉,2022,3612,新能源车整车制造,燃气锅炉,DA015,9,[]
SRC-RAW-02B60C697EE2A5242253,工业锅炉,2022,3612,新能源车整车制造,燃气锅炉,DA018,9,[]
SRC-RAW-D3506048EC3117FF5A9E,工业锅炉,2022,3670,汽车零部件及配件制造,燃气锅炉,DA012,9,[]
SRC-RAW-CF9C2A291D61B70AE52B,工业锅炉,2022,3670,汽车零部件及配件制造,燃气锅炉,DA012,9,[]
SRC-RAW-F43A98CA24D85EC63FB3,工业锅炉,2022,3670,汽车零部件及配件制造,燃气锅炉,DA012,9,[]
SRC-RAW-3AB168FBAE9978576989,工业锅炉,2022,3670,汽车零部件及配件制造,燃气锅炉,DA013,9,[]
SRC-RAW-CF491230EB9CB2185713,工业锅炉,2022,3670,汽车零部件及配件制造,燃气锅炉,DA013,9,[]
SRC-RAW-2099578B2AB2780326B1,工业锅炉,2022,3670,汽车零部件及配件制造,燃气锅炉,DA013,9,[]
SRC-RAW-5188CAE5556F758D442B,工业锅炉,2022,4119,其他日用杂品制造,燃气锅炉,DA001,9,[]
SRC-RAW-B0E9E3A246E7172A5D93,工业锅炉,2022,4119,其他日用杂品制造,燃气锅炉,DA002,9,[]
SRC-RAW-D0CD5DA4CCB371C4B892,工业锅炉,2022,1441,液体乳制造,燃气锅炉,DA001,9,[]
SRC-RAW-7357A343753D38155D92,工业锅炉,2022,1441,液体乳制造,燃气锅炉,DA002,9,[]
SRC-RAW-F5C921A71B5A421E0F2A,工业锅炉,2022,2761,生物药品制造,燃气锅炉,DA002,9,[]
SRC-RAW-BB97ECEBF105EF32D158,工业锅炉,2022,2761,生物药品制造,燃气锅炉,DA002,9,[]
SRC-RAW-1E0A10FB83A94353C98D,工业锅炉,2022,1419,饼干及其他焙烤食品制造,燃气锅炉,DA001,9,[]
SRC-RAW-1AFA35B70E21541316F0,工业锅炉,2022,1419,饼干及其他焙烤食品制造,燃气锅炉,DA001,9,[]
SRC-RAW-C8C11D9E2A500A0ED665,工业锅炉,2022,1419,饼干及其他焙烤食品制造,燃气锅炉,DA001,9,[]
SRC-RAW-18A531C78E135D3D26DF,工业锅炉,2022,2720,化学药品制剂制造,燃气锅炉,DA010,9,[]
SRC-RAW-0B8AB658292E7A45353D,工业锅炉,2022,2720,化学药品制剂制造,燃气锅炉,DA010,9,[]
SRC-RAW-BB8A13DB2CA4BF743C6F,工业锅炉,2022,2720,化学药品制剂制造,燃气锅炉,DA010,9,[]
SRC-RAW-040604B81426F7779763,工业锅炉,2022,1411,糕点、面包制造,燃气锅炉,DA001,9,[]
SRC-RAW-BC5C05F1EF5C81151C66,工业锅炉,2022,1439,其他方便食品制造,燃气锅炉,DA001,9,[]
SRC-RAW-443EF5167625E2A40573,工业锅炉,2022,1439,其他方便食品制造,燃气锅炉,DA002,9,[]
SRC-RAW-B0FA3817B7BF6C0F268C,工业锅炉,2022,2319,包装装潢及其他印刷,燃气锅炉,DA001,9,[]
SRC-RAW-66698FB0B7924D15354B,工业锅炉,2022,2319,包装装潢及其他印刷,燃气锅炉,DA001,9,[]
SRC-RAW-C6EFDEC81F93D566C81B,工业锅炉,2022,2720,化学药品制剂制造,燃气锅炉,DA015,9,[]
SRC-RAW-497BACAD1E10DB2C2617,工业锅炉,2022,2720,化学药品制剂制造,燃气锅炉,DA015,9,[]
SRC-RAW-D0E6D5EA82BAD8D2ADDE,工业锅炉,2022,3360,金属表面处理及热处理加工,燃气锅炉,DA004,9,[]
SRC-RAW-FF19A89CB7975BE5A2C4,工业锅炉,2022,2761,生物药品制造,燃气锅炉,DA021,9,[]
SRC-RAW-E0CE20102A5D2294B35D,工业锅炉,2022,2761,生物药品制造,燃气锅炉,DA020,9,[]
SRC-RAW-096CD56F673675554000,工业锅炉,2022,2761,生物药品制造,燃气锅炉,DA019,9,[]
SRC-RAW-230711312816A2D8F5C8,工业锅炉,2022,3971,电子真空器件制造,燃气锅炉,DA015,9,[]
SRC-RAW-FE723483C55DF9230DCB,工业锅炉,2022,3979,其他电子器件制造,燃气锅炉,DA001,9,[]
SRC-RAW-E92A2097270BAC67F03E,工业锅炉,2022,2319,包装装潢及其他印刷,燃气锅炉,DA001,9,[]
SRC-RAW-5D8DB7D7A5D7073E4EF5,工业锅炉,2022,1351,牲畜屠宰,燃气锅炉,DA001,9,[]
SRC-RAW-3D92C10A2F8D4B600FF1,工业锅炉,2022,1351,牲畜屠宰,燃气锅炉,DA002,9,[]
SRC-RAW-7FF28C93158ED6CAA833,工业锅炉,2022,3031,粘土砖瓦及建筑砌块制造,燃气锅炉,DA001,9,[]
SRC-RAW-E83E9B7D7A9877AF2941,工业锅炉,2022,3974,显示器件制造,燃气锅炉,DA001,9,[]
SRC-RAW-F13D3053E0CC5D74A12C,工业锅炉,2022,3974,显示器件制造,燃气锅炉,DA001,9,[]
SRC-RAW-514BC9576FB063FED7E3,工业锅炉,2022,3974,显示器件制造,燃气锅炉,DA002,9,[]
SRC-RAW-270B83358956DEAD8F7E,工业锅炉,2022,3974,显示器件制造,燃气锅炉,DA002,9,[]
SRC-RAW-A0D01441A1449F882C00,工业锅炉,2022,1353,肉制品及副产品加工,燃气锅炉,DA001,9,[]
SRC-RAW-493A62553BC2E0DCFA55,工业锅炉,2022,1329,其他饲料加工,燃气锅炉,DA001,9,[]
SRC-RAW-F53E8A4182110121146F,工业锅炉,2022,2239,其他纸制品制造,燃气锅炉,DA001,9,[]
SRC-RAW-920CC3D373E80963C199,工业锅炉,2022,2319,包装装潢及其他印刷,燃气锅炉,DA001,9,[]
SRC-RAW-22A1CEF20ED9C141DF37,工业锅炉,2022,2929,塑料零件及其他塑料制品制造,燃气锅炉,DA001,9,[]
SRC-RAW-D8EB5203B8C2B125006B,工业锅炉,2022,2921,塑料薄膜制造,燃气锅炉,DA003,9,[]
SRC-RAW-23920A9C6E2C5A6FCC3B,工业锅炉,2022,2921,塑料薄膜制造,燃气锅炉,DA003,9,[]
SRC-RAW-F2EF156718E3AD937A47,工业锅炉,2022,2921,塑料薄膜制造,燃气锅炉,DA003,9,[]
SRC-RAW-B2C158973027B9600C73,工业锅炉,2022,1399,其他未列明农副食品加工,燃气锅炉,DA001,9,[]
SRC-RAW-EE3314ADD4576286C06C,工业锅炉,2022,3834,绝缘制品制造,燃气锅炉,DA001,9,[]
SRC-RAW-3F00AEE2B745177FD816,工业锅炉,2022,4119,其他日用杂品制造,燃气锅炉,DA032,9,[]
SRC-RAW-C799FEC0F28654101F89,工业锅炉,2022,4119,其他日用杂品制造,燃气锅炉,DA032,9,[]
SRC-RAW-5F1340B945736B1C9F0B,工业锅炉,2022,3974,显示器件制造,燃气锅炉,DA002,9,[]
SRC-RAW-282AF6CEE2C614F25D74,工业锅炉,2022,3974,显示器件制造,燃气锅炉,DA002,9,[]
SRC-RAW-082C35CA66401A2821A9,工业锅炉,2022,3974,显示器件制造,燃气锅炉,DA002,9,[]
SRC-RAW-06A0D517678266881D8A,工业锅炉,2022,3974,显示器件制造,燃气锅炉,DA002,9,[]
SRC-RAW-1618CFF73AC0EAC0C2A8,工业锅炉,2022,3974,显示器件制造,燃气锅炉,DA011,9,[]
SRC-RAW-F567C2BB84AAEF9EA73B,工业锅炉,2022,3974,显示器件制造,燃气锅炉,DA012,9,[]
SRC-RAW-47B9EBADA29346E7CDA3,工业锅炉,2022,1371,蔬菜加工,燃气锅炉,DA001,9,[]
SRC-RAW-05475272428D1A308BF0,工业锅炉,2022,4190,其他未列明制造业,燃气锅炉,DA001,9,[]
SRC-RAW-E4E1187A6A8D79EB929E,工业锅炉,2022,4190,其他未列明制造业,燃气锅炉,DA001,9,[]
SRC-RAW-820D3C16C3FEDE54E45D,范围外,2022,1421,糖果、巧克力制造,燃生物质锅炉,DA001,0,[]
SRC-RAW-E49FCEED939CDD687404,火电热力,2022,4411,火力发电,燃气轮机,DA001,9,[]
SRC-RAW-1C863369F8997725CA34,火电热力,2022,4411,火力发电,燃气轮机,DA002,9,[]
SRC-RAW-EA652878CE0118E3A555,火电热力,2022,4411,火力发电,燃气轮机,DA003,9,[]
SRC-RAW-B429A327FC441BB31484,工业锅炉,2022,1421,糖果、巧克力制造,燃气锅炉,DA001,9,[]
SRC-RAW-B815ECC198A1C9DD6E39,工业锅炉,2022,1421,糖果、巧克力制造,燃气锅炉,DA002,9,[]
SRC-RAW-47958131825C056257E6,工业锅炉,2022,1421,糖果、巧克力制造,燃气锅炉,DA003,9,[]
SRC-RAW-980A07DB84018C5BBA19,火电热力,2022,4411,火力发电,燃气轮机,DA001,9,[]
SRC-RAW-CB1B81AA30BD9D6FB18E,火电热力,2022,4411,火力发电,燃气轮机,DA002,9,[]
SRC-RAW-F68F3E0AD9A14C0A5999,火电热力,2022,4411,火力发电,燃气轮机,DA003,9,[]
SRC-RAW-0BA1EECB38C1F50EA469,工业锅炉,2022,1513,啤酒制造,燃气锅炉,DA001,9,[]
SRC-RAW-2523065C1F73DFFA0E40,工业锅炉,2022,1513,啤酒制造,燃气锅炉,DA002,9,[]
SRC-RAW-316CF6660112E5C95945,工业锅炉,2022,1513,啤酒制造,燃气锅炉,DA003,9,[]
SRC-RAW-FA95504E088B5BC675AC,工业锅炉,2022,1513,啤酒制造,燃气锅炉,DA004,9,[]
SRC-RAW-4EAF3B83A481AB9A1A71,工业锅炉,2022,1329,其他饲料加工,燃气锅炉,DA006,9,[]
SRC-RAW-7C1A45CA61EBF52066B0,火电热力,2022,4411,火力发电,燃煤锅炉,DA001,17,[]
SRC-RAW-6F0411A459B438D419BD,火电热力,2022,4411,火力发电,燃煤锅炉,DA002,17,[]
SRC-RAW-EC168736F3C533220CED,工业锅炉,2022,1353,肉制品及副产品加工,燃气锅炉,DA001,9,[]
SRC-RAW-7A3F403C96A5C0A23A63,工业锅炉,2022,1353,肉制品及副产品加工,燃气锅炉,DA001,9,[]
SRC-RAW-A94765DFD0663046E523,工业锅炉,2022,2720,化学药品制剂制造,燃气锅炉,DA009,9,[]
SRC-RAW-4575B8F5F65F634CE1F7,工业锅炉,2022,2720,化学药品制剂制造,燃气锅炉,DA010,9,[]
SRC-RAW-1738CC5DD32BB42E254D,工业锅炉,2022,3852,家用空气调节器制造,燃气锅炉,DA013,9,[]
SRC-RAW-EB4D191DE10124C1BDB2,范围外,2022,1352,禽类屠宰,,DA001,0,[]
SRC-RAW-C602E2374183E0735490,工业锅炉,2022,1521,碳酸饮料制造,燃气锅炉,DA005,9,[]
SRC-RAW-A5264FB1BBEF1869E8D2,工业锅炉,2022,1453,蔬菜、水果罐头制造,燃油锅炉,DA007,9,[]
SRC-RAW-B5A8D1437FD6D6F59DE8,工业锅炉,2022,1453,蔬菜、水果罐头制造,燃油锅炉,DA007,9,[]
SRC-RAW-DA612CB3F975968CC08A,工业锅炉,2022,1453,蔬菜、水果罐头制造,燃油锅炉,DA008,9,[]
SRC-RAW-2C455F6E087F36C72DF7,工业锅炉,2022,1453,蔬菜、水果罐头制造,燃油锅炉,DA008,9,[]
SRC-RAW-201725EEAC6A04980D8B,工业锅炉,2022,1453,蔬菜、水果罐头制造,燃油锅炉,DA008,9,[]
SRC-RAW-8BAF72D125F94514DB4A,工业锅炉,2022,2221,机制纸及纸板制造,燃气锅炉,DA001,9,[]
SRC-RAW-7BA5C429380EAC58A88A,工业锅炉,2022,2221,机制纸及纸板制造,燃气锅炉,DA001,9,[]
SRC-RAW-004ACF89F93CAE70B3D5,工业锅炉,2022,2720,化学药品制剂制造,燃油锅炉,DA002,9,[]
SRC-RAW-163B59EDF1DC68F17560,工业锅炉,2022,1495,食品及饲料添加剂制造,燃气锅炉,DA001,9,[]
SRC-RAW-158963CA46A327265B5D,工业锅炉,2022,3351,建筑、家具用金属配件制造,燃油锅炉,DA002,9,[]
SRC-RAW-32CD3F17632A7F7F2B72,工业锅炉,2022,1469,其他调味品、发酵制品制造,燃油锅炉,DA001,9,[]
SRC-RAW-AA5966C02ABDE4DF7753,工业锅炉,2022,1392,豆制品制造,燃气锅炉,DA001,9,[]
SRC-RAW-8174029F925AAED64FDD,工业锅炉,2022,1392,豆制品制造,燃气锅炉,DA002,9,[]
SRC-RAW-FB94CC3295717BA4AA2E,工业锅炉,2022,1819,其他机织服装制造,燃气锅炉,DA001,9,[]
SRC-RAW-04983D95AAE1DC302F68,工业锅炉,2022,1829,其他针织或钩针编织服装制造,燃气锅炉,DA167,9,[]
SRC-RAW-53472C3411002ACF1E05,工业锅炉,2022,1441,液体乳制造,燃油锅炉,DA002,9,[]
SRC-RAW-F6D89E7FAB05BC5F4612,工业锅炉,2022,1819,其他机织服装制造,燃气锅炉,DA001,9,[]
SRC-RAW-59513FAAC6F004DE5AB4,工业锅炉,2022,2661,化学试剂和助剂制造,燃气锅炉,DA005,9,[]
SRC-RAW-E03DD50E8F9AFED57CEA,工业锅炉,2022,2661,化学试剂和助剂制造,燃气锅炉,DA007,9,[]
SRC-RAW-8ABE0751D37E0793AA3D,工业锅炉,2022,2661,化学试剂和助剂制造,燃气锅炉,DA010,9,[]
SRC-RAW-9B0564A6272CB1705032,范围外,2022,2239,其他纸制品制造,燃生物质锅炉,DA001,0,[]
SRC-RAW-F58925D5DFE03461F440,工业锅炉,2022,2659,其他合成材料制造,燃气锅炉,DA001,9,[]
SRC-RAW-AEFAB06D73C3873C8F8B,范围外,2022,2651,初级形态塑料及合成树脂制造,燃生物质锅炉,DA003,0,[]
SRC-RAW-FA8A194AE30E25A94DB5,工业锅炉,2022,1329,其他饲料加工,燃油锅炉,DA001,9,[]
SRC-RAW-F5EDDE8A103F0ED9EC87,工业锅炉,2022,1469,其他调味品、发酵制品制造,燃气锅炉,DA005,9,[]
SRC-RAW-BE9C5B5FBD6C54FFC3CB,工业锅炉,2022,1469,其他调味品、发酵制品制造,燃气锅炉,DA005,9,[]
SRC-RAW-90387334A7ACFAC370ED,工业锅炉,2022,1469,其他调味品、发酵制品制造,燃气锅炉,DA006,9,[]
SRC-RAW-49DC273F8F3199F34FAA,范围外,2022,3031,粘土砖瓦及建筑砌块制造,燃生物质锅炉,DA001,0,[]
SRC-RAW-FB1919F18208CAC9D273,范围外,2022,1329,其他饲料加工,燃生物质锅炉,DA001,0,[]
SRC-RAW-BDE3E2DD54D2C93C307B,范围外,2022,1329,其他饲料加工,燃生物质锅炉,DA002,0,[]
SRC-RAW-6779294067F7FC7BAD4D,范围外,2022,1340,制糖业,燃生物质锅炉,DA001,0,[]
SRC-RAW-ADB308566702A6A79D11,工业锅炉,2022,1340,制糖业,燃气锅炉,DA001,9,[]
SRC-RAW-282E9F03D367AEC84683,工业锅炉,2022,1340,制糖业,燃气锅炉,DA001,9,[]
SRC-RAW-AB168A8CE183DC7D166B,范围外,2022,1329,其他饲料加工,燃生物质锅炉,DA001,0,[]
SRC-RAW-1C3E23EF73D05E3F2074,工业锅炉,2022,1462,酱油、食醋及类似制品制造,燃油锅炉,DA001,9,[]
SRC-RAW-79BF398BD4952811237E,工业锅炉,2022,2740,中成药生产,燃油锅炉,DA001,9,[]
SRC-RAW-F5634C9FC31B3CE70094,工业锅炉,2022,1819,其他机织服装制造,燃油锅炉,DA001,9,[]
SRC-RAW-5DA8F25D67B8022C578A,工业锅炉,2022,3982,电子电路制造,燃气锅炉,DA041,9,[]
SRC-RAW-7B6C7D3B5B96B81F0BE6,工业锅炉,2022,3982,电子电路制造,燃气锅炉,DA041,9,[]
SRC-RAW-17A20054250DEAA018B9,工业锅炉,2022,3982,电子电路制造,燃气锅炉,DA041,9,[]
SRC-RAW-1B52C3E05D4B6E7CE0A8,工业锅炉,2022,3039,其他建筑材料制造,燃油锅炉,DA001,9,[]
SRC-RAW-53E0C690C1A5ACC20EA8,范围外,2022,2924,泡沫塑料制造,燃生物质锅炉,DA001,0,[]
SRC-RAW-8652FE8B3501DE8FF9F7,工业锅炉,2022,1512,白酒制造,燃油锅炉,DA001,9,[]
SRC-RAW-006496192490C63929B1,工业锅炉,2022,2740,中成药生产,燃油锅炉,DA001,9,[]
SRC-RAW-213C689CDD078740631A,工业锅炉,2022,1459,其他罐头食品制造,燃油锅炉,DA001,9,[]
SRC-RAW-F4658CCFEA1F28E51F2C,工业锅炉,2022,1763,针织或钩针编织品制造,燃油锅炉,DA001,9,[]
SRC-RAW-16FDB2024592392A2536,范围外,2022,3022,砼结构构件制造,燃生物质锅炉,DA001,0,[]
SRC-RAW-847C658F1FEF166BD3A7,范围外,2022,1329,其他饲料加工,燃生物质锅炉,DA001,0,[]
SRC-RAW-2679A38C09408E953EDB,范围外,2022,1752,化纤织物染整精加工,,DA001,0,[]
SRC-RAW-2A167D17E5A9AE2E3BD5,范围外,2022,2231,纸和纸板容器制造,燃生物质锅炉,DA001,0,[]
SRC-RAW-5AF22831E1A137964C83,工业锅炉,2022,1829,其他针织或钩针编织服装制造,燃油锅炉,DA001,9,[]
SRC-RAW-A9BF1BCB5871952A5EBC,工业锅炉,2022,1829,其他针织或钩针编织服装制造,燃油锅炉,DA001,9,[]
SRC-RAW-4412309C9F411C103CFD,工业锅炉,2022,1819,其他机织服装制造,燃油锅炉,DA001,9,[]
SRC-RAW-FA6CE82F65D745F12FCF,工业锅炉,2022,1819,其他机织服装制造,燃油锅炉,DA001,9,[]
SRC-RAW-433C02F9F1DF49D63184,工业锅炉,2022,3841,锂离子电池制造,燃气锅炉,DA031,9,[]
SRC-RAW-5F7B1CDE204E53BDB087,工业锅炉,2022,1819,其他机织服装制造,燃油锅炉,DA001,9,[]
SRC-RAW-B4BC182F8A7770B701B6,工业锅炉,2022,1352,禽类屠宰,燃油锅炉,DA001,9,[]
SRC-RAW-FEBF12D727541B47476D,工业锅炉,2022,3473,照相机及器材制造,燃油锅炉,DA005,9,[]
SRC-RAW-8505E6BF9566DFCE6FB9,范围外,2022,3021,水泥制品制造,燃生物质锅炉,DA001,0,[]
SRC-RAW-F1ECD7F903DEC2E9A30C,工业锅炉,2022,3360,金属表面处理及热处理加工,燃油锅炉,DA005,17,[]
SRC-RAW-2C6198E59A019129E4ED,工业锅炉,2022,3021,水泥制品制造,燃油锅炉,DA001,9,[]
SRC-RAW-B823AEEDAE444485C25B,范围外,2022,2924,泡沫塑料制造,燃生物质锅炉,DA001,0,[]
SRC-RAW-4241EFC2BA77C49E27B8,范围外,2022,3031,粘土砖瓦及建筑砌块制造,燃生物质锅炉,DA003,0,[]
SRC-RAW-16A75D53146530607FC2,工业锅炉,2022,1329,其他饲料加工,燃气锅炉,DA001,9,[]
SRC-RAW-D396E0E2AE57C916A380,工业锅炉,2022,1329,其他饲料加工,燃气锅炉,DA001,9,[]
SRC-RAW-2997501F88736884A405,工业锅炉,2022,1819,其他机织服装制造,燃油锅炉,DA001,9,[]
SRC-RAW-82183BBCFEE793FDDADE,工业锅炉,2022,2231,纸和纸板容器制造,燃气锅炉,DA001,9,[]
SRC-RAW-749A8E1E67F95C258D85,工业锅炉,2022,1529,茶饮料及其他饮料制造,燃气锅炉,DA001,9,[]
SRC-RAW-45904374EAFBF604E294,工业锅炉,2022,2710,化学药品原料药制造,燃气锅炉,DA011,9,[]
SRC-RAW-5B0A0BC8A8C79870539A,工业锅炉,2022,2710,化学药品原料药制造,燃气锅炉,DA011,9,[]
SRC-RAW-3E12B6CC6565AF6ABFAB,工业锅炉,2022,2720,化学药品制剂制造,燃气锅炉,DA002,9,[]
SRC-RAW-2C449838193BF0910BD1,工业锅炉,2022,2720,化学药品制剂制造,燃气锅炉,DA002,9,[]
SRC-RAW-1F0EAE810E69B144EEDB,工业锅炉,2022,2720,化学药品制剂制造,燃气锅炉,DA002,9,[]
SRC-RAW-78837D3F82B06E7C604A,工业锅炉,2022,2720,化学药品制剂制造,燃气锅炉,DA006,9,[]
SRC-RAW-39AE30A82EF6C3BBC395,工业锅炉,2022,2720,化学药品制剂制造,燃气锅炉,DA006,9,[]
SRC-RAW-4E4B934F078C9E6A9A89,工业锅炉,2022,2720,化学药品制剂制造,燃气锅炉,DA006,9,[]
SRC-RAW-4418267D856DE31E2B6D,工业锅炉,2022,2720,化学药品制剂制造,燃气锅炉,DA006,9,[]
SRC-RAW-C502171C08BD4E6F8342,工业锅炉,2022,2720,化学药品制剂制造,燃气锅炉,DA006,9,[]
SRC-RAW-366327ED94F516C0A0BE,工业锅炉,2022,1433,方便面制造,燃气锅炉,DA005,17,[]
SRC-RAW-3C09BFCD06351CD8FFB3,工业锅炉,2022,1433,方便面制造,燃气锅炉,DA005,17,[]
SRC-RAW-9C42E4DFFE5B7E5A73E5,工业锅炉,2022,1433,方便面制造,燃气锅炉,DA005,17,[]
SRC-RAW-E7C9635944128B6A026F,工业锅炉,2022,1433,方便面制造,燃气锅炉,DA005,17,[]
SRC-RAW-00DB71BC5665E02AD59D,工业锅炉,2022,1433,方便面制造,燃气锅炉,DA005,17,[]
SRC-RAW-46EA471F88DB653F6D57,工业锅炉,2022,1433,方便面制造,燃气锅炉,DA005,17,[]
SRC-RAW-9824A89653019BD2F713,工业锅炉,2022,2710,化学药品原料药制造,燃气锅炉,DA008,9,[]
SRC-RAW-6096AC3477CB7B31DA41,工业锅炉,2022,2710,化学药品原料药制造,燃气锅炉,DA008,9,[]
SRC-RAW-54E534C4722C1CB1E05E,工业锅炉,2022,2740,中成药生产,燃油锅炉,DA012,9,[]
SRC-RAW-91F7B3317852EDFBCA80,工业锅炉,2022,2740,中成药生产,燃油锅炉,DA012,9,[]
SRC-RAW-7889803B46CD3ECA0641,工业锅炉,2022,1492,保健食品制造,燃油锅炉,DA001,9,[]
SRC-RAW-AF7C8DDEE831FF4229BD,工业锅炉,2022,1495,食品及饲料添加剂制造,燃气锅炉,DA010,9,[]
SRC-RAW-1AEA8EAD8B4AF21A669E,范围外,2022,2231,纸和纸板容器制造,燃生物质锅炉,DA001,0,[]
SRC-RAW-20439094AEFBE6E03410,工业锅炉,2022,3389,其他金属制日用品制造,燃气锅炉,DA006,9,[]
SRC-RAW-915BAF4B375419DEF0F9,范围外,2022,3854,家用厨房电器具制造,,DA001,0,[]
SRC-RAW-CCE8F2E04A1964203095,工业锅炉,2022,2826,氨纶纤维制造,燃气锅炉,DA001,9,[]
SRC-RAW-C459691C9AC7E3769F04,工业锅炉,2022,2826,氨纶纤维制造,燃气锅炉,DA001,9,[]
SRC-RAW-B267E9BD6652E8C8BB1E,工业锅炉,2022,2720,化学药品制剂制造,燃气锅炉,DA001,9,[]
SRC-RAW-2E90FC9929024E738649,工业锅炉,2022,2720,化学药品制剂制造,燃气锅炉,DA002,9,[]
SRC-RAW-93A1C24D82AABCCC0BD9,工业锅炉,2022,3351,建筑、家具用金属配件制造,燃气锅炉,DA001,9,[]
SRC-RAW-0B5C43EE7BC4260C29A0,工业锅炉,2022,3351,建筑、家具用金属配件制造,燃气锅炉,DA002,9,[]
SRC-RAW-1B6DC090B32C210D9629,范围外,2022,2319,包装装潢及其他印刷,燃气轮机,DA001,0,[]
SRC-RAW-FB099E374051B5BA8736,范围外,2022,2319,包装装潢及其他印刷,燃气轮机,DA002,0,[]
SRC-RAW-4D0E0F063FB279D41A2A,范围外,2022,2319,包装装潢及其他印刷,燃气轮机,DA003,0,[]
SRC-RAW-DBB94B6A83D65F230EAB,范围外,2022,2319,包装装潢及其他印刷,燃气轮机,DA004,0,[]
SRC-RAW-2B78AABB9D2753CB0FBD,工业锅炉,2022,2223,加工纸制造,燃油锅炉,DA002,9,[]
SRC-RAW-A51B4137B9525E4E590F,工业锅炉,2022,1469,其他调味品、发酵制品制造,燃油锅炉,DA003,9,[]
SRC-RAW-B61266A721B68E479710,工业锅炉,2022,1353,肉制品及副产品加工,燃油锅炉,DA002,9,[]
SRC-RAW-4C54E01C8DB3CBF7401E,工业锅炉,2022,2720,化学药品制剂制造,燃油锅炉,DA005,9,[]
SRC-RAW-5A5A19AA3F02FFDA81E6,工业锅炉,2022,2720,化学药品制剂制造,燃油锅炉,DA006,9,[]
SRC-RAW-2D37185889A596DB9433,范围外,2022,3021,水泥制品制造,燃生物质锅炉,DA225,0,[]
SRC-RAW-5D515F30B2C64987EECA,工业锅炉,2022,3979,其他电子器件制造,燃油锅炉,DA001,9,[]
SRC-RAW-32147724CBA58B74C954,工业锅炉,2022,3979,其他电子器件制造,燃油锅炉,DA002,9,[]
SRC-RAW-6C8F62888BBE6F5BE0E2,工业锅炉,2022,1492,保健食品制造,燃油锅炉,DA002,9,[]
SRC-RAW-BF67D222270CE1A36226,工业锅炉,2022,3985,电子专用材料制造,燃气锅炉,DA001,9,[]
SRC-RAW-A48CA3368D3D1ADCFA12,工业锅炉,2022,3985,电子专用材料制造,燃气锅炉,DA002,9,[]
SRC-RAW-7D3CC2F3F0A393CA986E,工业锅炉,2022,3985,电子专用材料制造,燃气锅炉,DA003,9,[]
SRC-RAW-BC1A99C338D79092634C,工业锅炉,2022,3985,电子专用材料制造,燃气锅炉,DA004,9,[]
SRC-RAW-6B2E401FB68542AC2B63,工业锅炉,2022,3982,电子电路制造,燃气锅炉,DA001,9,[]
SRC-RAW-485F0EC2C3D1A889F772,工业锅炉,2022,3612,新能源车整车制造,燃气锅炉,DA020,9,[]
SRC-RAW-B518FF1EA69E2BCC20B6,工业锅炉,2022,3612,新能源车整车制造,燃气锅炉,DA021,9,[]
SRC-RAW-17F4109476657E8B4986,火电热力,2022,4430,热力生产和供应,燃生物质锅炉,DA001,9,[]
SRC-RAW-CB4F7E76D2CA631D9689,火电热力,2022,4430,热力生产和供应,燃生物质锅炉,DA001,9,[]
SRC-RAW-017C98E5B9CB826F2F33,火电热力,2022,4412,热电联产,燃气轮机,DA001,9,[]
SRC-RAW-D16EA3E11682DFFC3340,火电热力,2022,4412,热电联产,燃气轮机,DA002,9,[]
SRC-RAW-9141974399D7079B86BD,范围外,2022,4511,天然气生产和供应业,燃气轮机,DA003,0,[]
SRC-RAW-27D88B9F6BB9517CB3AA,范围外,2022,4511,天然气生产和供应业,燃气轮机,DA004,0,[]
SRC-RAW-93B11DE1348C94C595D2,范围外,2022,4511,天然气生产和供应业,燃气锅炉,DA001,0,[]
SRC-RAW-49719CE469FEE9F18C27,范围外,2022,4511,天然气生产和供应业,燃气锅炉,DA002,0,[]
SRC-RAW-B165A18B20946B2E00E5,火电热力,2022,4411,火力发电,燃油锅炉,DA002,9,[]
SRC-RAW-45FDCD49242692C59CC2,火电热力,2022,4411,火力发电,燃油锅炉,DA004,9,[]
SRC-RAW-EEBE090EA58DAA871EB5,火电热力,2022,4411,火力发电,燃油锅炉,DA005,9,[]
SRC-RAW-F4E2E3A5D2805919502A,火电热力,2022,4411,火力发电,燃油锅炉,DA006,9,[]
SRC-RAW-3B266950947ED44E87CB,火电热力,2022,4411,火力发电,燃气轮机,DA001,9,[]
SRC-RAW-EE06C38E64521A36432A,火电热力,2022,4411,火力发电,燃气轮机,DA002,9,[]
SRC-RAW-DD0501C54907E853D039,工业锅炉,2022,2710,化学药品原料药制造,燃气锅炉,DA001,9,[]
SRC-RAW-E57DBFE539B38E1BACB1,工业锅炉,2022,2710,化学药品原料药制造,燃气锅炉,DA002,9,[]
SRC-RAW-CE5818D0BC6A804EC289,工业锅炉,2022,2710,化学药品原料药制造,燃气锅炉,DA003,9,[]
SRC-RAW-59B2FD10F8147E10924B,工业锅炉,2022,3586,康复辅具制造,燃气锅炉,DA002,9,[]
SRC-RAW-3300FCDCD07B8D0925F2,工业锅炉,2022,2761,生物药品制造,燃气锅炉,DA004,9,[]
SRC-RAW-38D2B31EC3802AAB1882,工业锅炉,2022,2770,卫生材料及医药用品制造,燃气锅炉,DA003,9,[]
SRC-RAW-61DC3A0286C17EFEF22E,范围外,2022,3854,家用厨房电器具制造,燃生物质锅炉,DA002,0,[]
SRC-RAW-59A32F793674DC3A045C,范围外,2022,3854,家用厨房电器具制造,燃生物质锅炉,DA003,0,[]
SRC-RAW-F52DFE419B46BE467D79,工业锅炉,2022,1513,啤酒制造,燃气锅炉,DA002,9,[]
SRC-RAW-15B8AC1B8575E4D7FD1B,工业锅炉,2022,1513,啤酒制造,燃气锅炉,DA002,9,[]
SRC-RAW-1995822DE663415A8C9A,工业锅炉,2022,1513,啤酒制造,燃气锅炉,DA002,9,[]
SRC-RAW-4E26EF7D1475F9D5F459,工业锅炉,2022,1513,啤酒制造,燃气锅炉,DA002,9,[]
SRC-RAW-070F31B8AF59F00A73BE,工业锅炉,2022,1513,啤酒制造,燃气锅炉,DA002,9,[]
SRC-RAW-1D1419BDFFC1B8300B3F,工业锅炉,2022,1513,啤酒制造,燃气锅炉,DA002,9,[]
SRC-RAW-13749A43808E2C1CC0B9,工业锅炉,2022,1513,啤酒制造,燃气锅炉,DA002,9,[]
SRC-RAW-1BB7C62769E8C1888362,工业锅炉,2022,1513,啤酒制造,燃气锅炉,DA002,9,[]
SRC-RAW-781ABAACD80E4E2B94B5,工业锅炉,2022,1513,啤酒制造,燃气锅炉,DA002,9,[]
SRC-RAW-5153B1BE317BB4E366F5,工业锅炉,2022,1513,啤酒制造,燃气锅炉,DA002,9,[]
SRC-RAW-A9042AB2C5E631E95D9A,工业锅炉,2022,1513,啤酒制造,燃气锅炉,DA002,9,[]
SRC-RAW-63CCF54493A6B21462B2,工业锅炉,2022,3360,金属表面处理及热处理加工,燃油锅炉,DA006,9,[]
SRC-RAW-94F9CFB916A9A7BFEF32,工业锅炉,2022,2684,香料、香精制造,燃油锅炉,DA001,9,[]
SRC-RAW-A8A78C4A9B116301AAF9,工业锅炉,2022,3854,家用厨房电器具制造,燃气锅炉,DA006,9,[]
SRC-RAW-D5DE070B18A23D0A172A,工业锅炉,2022,1713,棉印染精加工,燃气锅炉,DA001,9,[]
SRC-RAW-DCAC5F499EEBD77F5853,工业锅炉,2022,3061,玻璃纤维及制品制造,燃气锅炉,DA002,9,[]
SRC-RAW-6CEBA4A882C4E995840E,工业锅炉,2022,2614,有机化学原料制造,燃气锅炉,DA003,9,[]
SRC-RAW-5F60218C8B5EC2865463,范围外,2022,4511,天然气生产和供应业,燃气锅炉,DA001,0,[]
SRC-RAW-293351E344F992C10D2C,范围外,2022,4511,天然气生产和供应业,燃气锅炉,DA002,0,[]
SRC-RAW-D3F1FE7CC8FA352841E1,范围外,2022,4511,天然气生产和供应业,燃气锅炉,DA003,0,[]
SRC-RAW-58772EDD97F74EA47C6F,范围外,2022,4511,天然气生产和供应业,燃气锅炉,DA004,0,[]
SRC-RAW-088F8589EAA3A1A6A3C5,范围外,2022,4511,天然气生产和供应业,燃气锅炉,DA005,0,[]
SRC-RAW-A268273C92250B6FECC1,范围外,2022,4511,天然气生产和供应业,燃气锅炉,DA006,0,[]
SRC-RAW-B1BBC48DA52DFF6587E8,范围外,2022,4511,天然气生产和供应业,余热利用锅炉,DA007,0,[]
SRC-RAW-748322CEB4048A84E195,范围外,2022,4511,天然气生产和供应业,余热利用锅炉,DA008,0,[]
SRC-RAW-E3E613F7E1216ECB52C1,范围外,2022,4511,天然气生产和供应业,余热利用锅炉,DA009,0,[]
SRC-RAW-CACA8FED3147DA52D7C6,范围外,2022,2611,无机酸制造,余热利用锅炉,DA002,0,[]
SRC-RAW-93ECDC5984CFAB117887,工业锅炉,2022,2641,涂料制造,燃气锅炉,DA007,9,[]
SRC-RAW-43A3C0C4BB0258342EA4,工业锅炉,2022,2641,涂料制造,燃气锅炉,DA007,9,[]
SRC-RAW-42B077F493161ACCC027,工业锅炉,2022,2653,合成纤维单（聚合）体制造,燃气锅炉,DA001,9,[]
SRC-RAW-68AF8F221FFE7BE38E74,工业锅炉,2022,2653,合成纤维单（聚合）体制造,燃气锅炉,DA002,9,[]
SRC-RAW-2A1617483E6B435AD365,工业锅炉,2022,2653,合成纤维单（聚合）体制造,燃气锅炉,DA003,9,[]
SRC-RAW-68AE5F379802D477976C,工业锅炉,2022,2653,合成纤维单（聚合）体制造,燃气锅炉,DA004,9,[]
SRC-RAW-E7B473AE6CE730519A13,工业锅炉,2022,2653,合成纤维单（聚合）体制造,燃气锅炉,DA005,9,[]
SRC-RAW-4F56B492F17F662C7100,工业锅炉,2022,2653,合成纤维单（聚合）体制造,燃气锅炉,DA001,9,[]
SRC-RAW-593B184C3DDC35507A95,工业锅炉,2022,2653,合成纤维单（聚合）体制造,燃气锅炉,DA001,9,[]
SRC-RAW-B986173FDF1E823BABD3,工业锅炉,2022,2653,合成纤维单（聚合）体制造,燃气锅炉,DA001,9,[]
SRC-RAW-79BB40F89E21083151E9,工业锅炉,2022,2653,合成纤维单（聚合）体制造,燃气锅炉,DA001,9,[]
SRC-RAW-C2327FC2349ED8E6F9EC,工业锅炉,2022,2653,合成纤维单（聚合）体制造,燃气锅炉,DA001,9,[]
SRC-RAW-CA1482BE0E160DD8597C,火电热力,2022,4411,火力发电,燃气锅炉,DA003,9,[]
SRC-RAW-EA575374F3359E937FB7,火电热力,2022,4411,火力发电,燃气锅炉,DA004,9,[]
SRC-RAW-28F83065C75A8FF87FA8,工业锅炉,2022,2221,机制纸及纸板制造,燃煤锅炉,DA006,25,[]
SRC-RAW-FF7C2F27803D71DC62B6,工业锅炉,2022,2221,机制纸及纸板制造,燃煤锅炉,DA006,25,[]
SRC-RAW-D1A601D9A66E5BF2E848,范围外,2022,1329,其他饲料加工,燃生物质锅炉,DA355,0,[]
SRC-RAW-403688AD4D0EAF69B054,工业锅炉,2022,1819,其他机织服装制造,燃油锅炉,DA001,9,[]
SRC-RAW-8AD48076679E2A1237CA,工业锅炉,2022,2812,人造纤维（纤维素纤维）制造,燃气锅炉,DA010,9,[]
SRC-RAW-CB146D39592E7899F186,工业锅炉,2022,2653,合成纤维单（聚合）体制造,燃气锅炉,DA001,9,[]
SRC-RAW-971C9581E2573CF7514D,工业锅炉,2022,2653,合成纤维单（聚合）体制造,燃气锅炉,DA002,9,[]
SRC-RAW-149F072749E5A0DE1D88,工业锅炉,2022,2653,合成纤维单（聚合）体制造,燃气锅炉,DA011,9,[]
SRC-RAW-724A3382BA0345E5B65A,工业锅炉,2022,2651,初级形态塑料及合成树脂制造,燃油锅炉,DA003,9,[]
SRC-RAW-0BEC2864FAA37B9B7CAF,工业锅炉,2022,2651,初级形态塑料及合成树脂制造,燃气锅炉,DA004,9,[]
SRC-RAW-1FF970E1376FE91F6DB2,工业锅炉,2022,2651,初级形态塑料及合成树脂制造,燃气锅炉,DA001,9,[]
SRC-RAW-2EEB2C44E7BB0C062FD1,工业锅炉,2022,2651,初级形态塑料及合成树脂制造,燃气锅炉,DA001,9,[]
SRC-RAW-C0C2F6AB594ACF51693B,工业锅炉,2022,2651,初级形态塑料及合成树脂制造,燃气锅炉,DA001,9,[]
SRC-RAW-45E9AAD81D1CE2DB8D31,工业锅炉,2022,2651,初级形态塑料及合成树脂制造,燃气锅炉,DA016,9,[]
SRC-RAW-E20BAC23D758194D6259,工业锅炉,2022,2651,初级形态塑料及合成树脂制造,燃气锅炉,DA016,9,[]
SRC-RAW-03B8E732E655815114D8,工业锅炉,2022,2651,初级形态塑料及合成树脂制造,燃气锅炉,DA016,9,[]
SRC-RAW-DB6ADCBD62844AB3D705,工业锅炉,2022,2662,专项化学用品制造,燃气锅炉,DA003,9,[]
SRC-RAW-FAB5057D4C83F3A4DE14,火电热力,2022,4411,火力发电,燃煤锅炉,DA001,17,[]
SRC-RAW-AD8770B38710366C7C2C,火电热力,2022,4411,火力发电,燃煤锅炉,DA002,17,[]
SRC-RAW-2254E9A4B55F49373BD4,工业锅炉,2022,2651,初级形态塑料及合成树脂制造,燃气锅炉,DA005,9,[]
SRC-RAW-B0822500EBE0BDF62198,工业锅炉,2022,2651,初级形态塑料及合成树脂制造,燃气锅炉,DA006,9,[]
SRC-RAW-3813565566A3B83E884B,火电热力,2022,4411,火力发电,燃煤锅炉,DA001,17,[]
SRC-RAW-034EA11B7545A4E80FF5,火电热力,2022,4411,火力发电,燃煤锅炉,DA002,17,[]
SRC-RAW-35C69BFE401D07315122,范围外,2022,2619,其他基础化学原料制造,余热利用锅炉,DA001,0,[]
SRC-RAW-5A3B95FF279DCD9C47E2,工业锅炉,2022,2919,其他橡胶制品制造,燃气锅炉,DA001,9,[]
SRC-RAW-DA5D879C3B3CA1FE3BFE,工业锅炉,2022,1712,棉织造加工,燃气锅炉,DA003,9,[]
SRC-RAW-AFC47F8B6D7C799CFCAA,工业锅炉,2022,2641,涂料制造,燃气锅炉,DA003,9,[]
SRC-RAW-7760E8BCBC9C7FA96407,工业锅炉,2022,2669,其他专用化学产品制造,燃油锅炉,DA004,9,[]
SRC-RAW-8267E112FAD996D3616B,工业锅炉,2022,3130,钢压延加工,燃气锅炉,DA024,9,[]
SRC-RAW-A8521B7F1794F47E60A6,工业锅炉,2022,3130,钢压延加工,燃气锅炉,DA024,9,[]
SRC-RAW-021B782B8F28293856E0,工业锅炉,2022,3130,钢压延加工,燃气锅炉,DA024,9,[]
SRC-RAW-FD0D39A03CB8B6FD1FE4,工业锅炉,2022,3130,钢压延加工,燃气锅炉,DA020,9,[]
SRC-RAW-626575B2B9559B42195B,工业锅炉,2022,3130,钢压延加工,燃气锅炉,DA020,9,[]
SRC-RAW-B7C15BC3BEB8BB3A3BFE,工业锅炉,2022,3130,钢压延加工,燃气锅炉,DA021,9,[]
SRC-RAW-DD128BA9B203C40F567B,工业锅炉,2022,3130,钢压延加工,燃气锅炉,DA021,9,[]
SRC-RAW-A25F8714E2FF75BD237B,工业锅炉,2022,2614,有机化学原料制造,燃气锅炉,DA002,9,[]
SRC-RAW-336175CD9F6BE92DE5C8,工业锅炉,2022,2614,有机化学原料制造,燃气锅炉,DA014,9,[]
SRC-RAW-C42947AC48EEE45E65C8,工业锅炉,2022,1514,黄酒制造,燃油锅炉,DA001,9,[]
SRC-RAW-1F82DD429A74692FFB71,工业锅炉,2022,2651,初级形态塑料及合成树脂制造,燃气锅炉,DA003,9,[]
SRC-RAW-364BC6C7CBCA77C1FD28,工业锅炉,2022,2511,原油加工及石油制品制造,燃气锅炉,DA024,9,[]
SRC-RAW-E05C62BE45142150DE58,工业锅炉,2022,2826,氨纶纤维制造,燃气锅炉,DA004,9,[]
SRC-RAW-0FF9EAE742E1CA475E9D,工业锅炉,2022,2826,氨纶纤维制造,燃气锅炉,DA004,9,[]
SRC-RAW-54F5388507ACDD9A9B95,工业锅炉,2022,2826,氨纶纤维制造,燃气锅炉,DA004,9,[]
SRC-RAW-DDA808883637FE886702,工业锅炉,2022,2826,氨纶纤维制造,燃气锅炉,DA004,9,[]
SRC-RAW-D9DB5B61B97442F431AA,工业锅炉,2022,2826,氨纶纤维制造,燃气锅炉,DA006,9,[]
SRC-RAW-6D07F006078BAEB6630E,工业锅炉,2022,1469,其他调味品、发酵制品制造,燃油锅炉,DA001,9,[]
SRC-RAW-E7F9B8BFE582116C8E02,工业锅炉,2022,2651,初级形态塑料及合成树脂制造,燃气锅炉,DA001,9,[]
SRC-RAW-DA11C6851F4293462E40,火电热力,2022,4412,热电联产,燃气轮机,DA003,9,[]
SRC-RAW-6E050DFAE5706F68F59C,火电热力,2022,4412,热电联产,燃气轮机,DA001,9,[]
SRC-RAW-6E1BAD26A56C661C76BE,火电热力,2022,4412,热电联产,燃气锅炉,DA004,9,[]
SRC-RAW-DD5BF76F8B881D1D2AB7,工业锅炉,2022,2511,原油加工及石油制品制造,燃气锅炉,DA002,9,[]
SRC-RAW-3173E3BAA54F77829294,工业锅炉,2022,2661,化学试剂和助剂制造,燃油锅炉,DA001,9,[]
SRC-RAW-432F3EE1BB2D90534683,工业锅炉,2022,2614,有机化学原料制造,燃气锅炉,DA344,9,[]
SRC-RAW-31A8EB3713170412F710,工业锅炉,2022,2641,涂料制造,燃气锅炉,DA004,9,[]
SRC-RAW-6D2F158202CAA7E3DC66,工业锅炉,2022,2511,原油加工及石油制品制造,燃油锅炉,DA375,9,[]
SRC-RAW-AA85CDD3AC07802FC5B4,工业锅炉,2022,2511,原油加工及石油制品制造,燃油锅炉,DA375,9,[]
SRC-RAW-FF8BD81D0A6EBC60BF63,工业锅炉,2022,2511,原油加工及石油制品制造,燃油锅炉,DA375,9,[]
SRC-RAW-C562943149AE5AF73697,工业锅炉,2022,2511,原油加工及石油制品制造,燃油锅炉,DA375,9,[]
SRC-RAW-E5B4A42700F58784B562,工业锅炉,2022,2511,原油加工及石油制品制造,燃油锅炉,DA375,9,[]
SRC-RAW-0CDF39D17A3A6B293189,工业锅炉,2022,2651,初级形态塑料及合成树脂制造,燃气锅炉,DA030,9,[]
SRC-RAW-0B902AD3234AF91F04AD,工业锅炉,2022,2651,初级形态塑料及合成树脂制造,燃气锅炉,DA030,9,[]
SRC-RAW-73F2A7AF264C834ABB28,工业锅炉,2022,2651,初级形态塑料及合成树脂制造,燃气锅炉,DA030,9,[]
SRC-RAW-1F5A182A865CD464B851,工业锅炉,2022,2651,初级形态塑料及合成树脂制造,燃气锅炉,DA030,9,[]
SRC-RAW-8C64796CF51FA976EF3D,工业锅炉,2022,2921,塑料薄膜制造,燃气锅炉,DA001,9,[]
SRC-RAW-F71BD7EE84D4067C8C20,工业锅炉,2022,2921,塑料薄膜制造,燃气锅炉,DA007,9,[]
SRC-RAW-51EB3EE19FE48708CF0A,工业锅炉,2022,2921,塑料薄膜制造,燃气锅炉,DA007,9,[]
SRC-RAW-00CAC0927C0FFACD8B08,工业锅炉,2022,2921,塑料薄膜制造,燃气锅炉,DA007,9,[]
SRC-RAW-0E187D9F10D191B202CF,工业锅炉,2022,2921,塑料薄膜制造,燃气锅炉,DA017,9,[]
SRC-RAW-8F1FBC4B5210E81BD4EB,工业锅炉,2022,2921,塑料薄膜制造,燃气锅炉,DA017,9,[]
SRC-RAW-D4ABCD9EB9D01172AD2A,工业锅炉,2022,2921,塑料薄膜制造,燃气锅炉,DA018,9,[]
SRC-RAW-82309B65293489366CFF,工业锅炉,2022,2921,塑料薄膜制造,燃气锅炉,DA018,9,[]
SRC-RAW-7A7A57194D295D5AB739,工业锅炉,2022,2921,塑料薄膜制造,燃气锅炉,DA001,9,[]
SRC-RAW-A3E8FFD0CD9D8D04650A,工业锅炉,2022,2921,塑料薄膜制造,燃气锅炉,DA001,9,[]
SRC-RAW-922B2EAE2ABECAA3F796,工业锅炉,2022,2921,塑料薄膜制造,燃气锅炉,DA001,9,[]
SRC-RAW-99440B8AAA14B108324F,工业锅炉,2022,2921,塑料薄膜制造,燃气锅炉,DA004,9,[]
SRC-RAW-3EEA99C5E74948D538A2,工业锅炉,2022,2921,塑料薄膜制造,燃气锅炉,DA004,9,[]
SRC-RAW-E2E746AF8B85F803ADBE,工业锅炉,2022,2921,塑料薄膜制造,燃气锅炉,DA004,9,[]
SRC-RAW-075BF0290032FA65E178,工业锅炉,2022,2921,塑料薄膜制造,燃气锅炉,DA004,9,[]
SRC-RAW-7E47D58757F19EE6C0B7,工业锅炉,2022,2921,塑料薄膜制造,燃气锅炉,DA007,9,[]
SRC-RAW-22AB15E4A92C863CCB88,工业锅炉,2022,3982,电子电路制造,燃气锅炉,DA058,9,[]
SRC-RAW-1DA7934E195D6D530EE8,工业锅炉,2022,3982,电子电路制造,燃气锅炉,DA059,9,[]
SRC-RAW-DF05F6798DBA12729B47,工业锅炉,2022,2661,化学试剂和助剂制造,燃气锅炉,DA001,9,[]
SRC-RAW-9386A43C10488B7E579F,工业锅炉,2022,3982,电子电路制造,燃气锅炉,DA014,9,[]
SRC-RAW-05DFC6F60594AAEB9BBA,工业锅炉,2022,3982,电子电路制造,燃气锅炉,DA001,9,[]
SRC-RAW-71FD22952351AEE17C2B,火电热力,2022,4417,生物质能发电,燃生物质锅炉,DA001,9,[]
SRC-RAW-4A378BE015CC86255662,火电热力,2022,4417,生物质能发电,燃生物质锅炉,DA002,9,[]
SRC-RAW-EBAFD733D946B9B916F7,工业锅炉,2022,2651,初级形态塑料及合成树脂制造,燃油锅炉,DA002,9,[]
SRC-RAW-0BF4CB61A653A4369038,火电热力,2022,4430,热力生产和供应,,DA001,9,"[""SOURCE_RELATION_MISSING:设备类型""]"
SRC-RAW-A07A0EDF9CEC875B3A7A,火电热力,2022,4430,热力生产和供应,燃煤锅炉,DA001,9,[]
SRC-RAW-9A9CDE9913604456B3D5,火电热力,2022,4430,热力生产和供应,燃煤锅炉,DA001,9,[]
SRC-RAW-DAA4F119E3D6019724B4,火电热力,2022,4412,热电联产,燃气轮机,DA001,9,[]
SRC-RAW-576517B49A8DF4C96EE3,火电热力,2022,4412,热电联产,燃气轮机,DA002,9,[]
SRC-RAW-F6E57B71E811BF400DE4,工业锅炉,2022,3031,粘土砖瓦及建筑砌块制造,燃气锅炉,DA001,9,[]
SRC-RAW-50E48C034B0B4C31D6F8,工业锅炉,2022,2645,染料制造,燃气锅炉,DA007,9,[]
SRC-RAW-A076DDED16ACAC5CF10B,工业锅炉,2022,2645,染料制造,燃气锅炉,DA007,9,[]
SRC-RAW-9D21F6C1391C94F6A7B5,工业锅炉,2022,2645,染料制造,燃气锅炉,DA007,9,[]
SRC-RAW-F3A0855EA65B08F446B0,工业锅炉,2022,3399,其他未列明金属制品制造,燃油锅炉,DA001,9,[]
SRC-RAW-399F366B2E2701F05390,工业锅炉,2022,1713,棉印染精加工,燃气锅炉,DA001,9,[]
SRC-RAW-EEFFB73C1928B8279008,工业锅炉,2022,3982,电子电路制造,燃气锅炉,DA022,9,[]
SRC-RAW-9115B16D5B7018CC585F,工业锅炉,2022,3442,气体压缩机械制造,燃气锅炉,DA030,9,[]
SRC-RAW-39C2625B953DF358F9C9,工业锅炉,2022,3442,气体压缩机械制造,燃气锅炉,DA030,9,[]
SRC-RAW-7F5368E28A248B6CBC7F,工业锅炉,2022,3442,气体压缩机械制造,燃气锅炉,DA030,9,[]
SRC-RAW-531D65E64A0FFAF683A3,工业锅炉,2022,3982,电子电路制造,燃油锅炉,DA001,9,[]
SRC-RAW-C1EDD5229C7794FEE021,工业锅炉,2022,3982,电子电路制造,燃油锅炉,DA001,9,[]
SRC-RAW-7ACD6CEF06A72C680501,工业锅炉,2022,3982,电子电路制造,燃油锅炉,DA001,9,[]
SRC-RAW-383B51CECD222E29C342,工业锅炉,2022,3442,气体压缩机械制造,燃气锅炉,DA015,9,[]
SRC-RAW-53201372B1B683A2106C,工业锅炉,2022,3442,气体压缩机械制造,燃气锅炉,DA015,9,[]
SRC-RAW-F7E1C1DE9E7580681E9D,范围外,2022,1329,其他饲料加工,燃生物质锅炉,DA001,0,[]
SRC-RAW-AB17FD2426831249046B,工业锅炉,2022,1513,啤酒制造,燃气锅炉,DA001,9,[]
SRC-RAW-99F59F5FADC7E57B38B0,工业锅炉,2022,3982,电子电路制造,燃气锅炉,DA031,9,[]
SRC-RAW-B743FED160665FE3FAAE,工业锅炉,2022,1329,其他饲料加工,燃气锅炉,DA001,9,[]
SRC-RAW-535B6AF971F85597EB40,工业锅炉,2022,1329,其他饲料加工,燃气锅炉,DA001,9,[]
SRC-RAW-2C656BC3DB4ADE702065,工业锅炉,2022,3352,建筑装饰及水暖管道零件制造,燃气锅炉,DA065,9,[]
SRC-RAW-02421B71782A6178C6D4,工业锅炉,2022,3352,建筑装饰及水暖管道零件制造,燃气锅炉,DA065,9,[]
SRC-RAW-CD65895356B6130C30B8,范围外,2022,2924,泡沫塑料制造,燃生物质锅炉,DA001,0,[]
SRC-RAW-1E0F240EF89447A99FA6,范围外,2022,1713,棉印染精加工,燃气轮机,DA001,0,[]
SRC-RAW-DE05B412B3529E6AD86B,工业锅炉,2022,2231,纸和纸板容器制造,燃气锅炉,DA001,9,[]
SRC-RAW-A667B2E29EDEA0A22571,工业锅炉,2022,1329,其他饲料加工,燃气锅炉,DA001,9,[]
SRC-RAW-8F8E3A826F42E5D5E61B,工业锅炉,2022,1329,其他饲料加工,燃气锅炉,DA001,9,[]
SRC-RAW-E35411A65DA7380D4ED1,工业锅炉,2022,3982,电子电路制造,燃气锅炉,DA001,9,[]
SRC-RAW-CC12018B435EFE18983F,工业锅炉,2022,3039,其他建筑材料制造,燃油锅炉,DA001,9,[]
SRC-RAW-0FD603FE496911B6B2BD,火电热力,2022,4417,生物质能发电,燃生物质锅炉,DA001,9,[]
SRC-RAW-5EA5DA82944B24B1345A,火电热力,2022,4417,生物质能发电,燃生物质锅炉,DA002,9,[]
SRC-RAW-C19A926AA8A833CBF154,火电热力,2022,4417,生物质能发电,燃生物质锅炉,DA003,9,[]
SRC-RAW-F5A7F88C5E99835BC649,工业锅炉,2022,3982,电子电路制造,燃气锅炉,DA029,9,[]
SRC-RAW-F6181637799ED1B2E092,工业锅炉,2022,2625,有机肥料及微生物肥料制造,燃气锅炉,DA001,9,[]
SRC-RAW-FA30A00EA062F69CF616,工业锅炉,2022,2625,有机肥料及微生物肥料制造,燃气锅炉,DA001,9,[]
SRC-RAW-8B034EB77E3FA0A81B14,工业锅炉,2022,2625,有机肥料及微生物肥料制造,燃气锅炉,DA001,9,[]
SRC-RAW-FFA84829FA8B7EF47F47,工业锅炉,2022,2625,有机肥料及微生物肥料制造,燃气锅炉,DA001,9,[]
SRC-RAW-035A383C1813DFFD15F8,工业锅炉,2022,3985,电子专用材料制造,燃气锅炉,DA003,9,[]
SRC-RAW-C5139B0C6FD589255DAA,工业锅炉,2022,3985,电子专用材料制造,燃气锅炉,DA003,9,[]
SRC-RAW-5D07BB5B16B7A7C3DDE4,工业锅炉,2022,3985,电子专用材料制造,燃气锅炉,DA003,9,[]
SRC-RAW-335F2C023F72CDC6D88A,工业锅炉,2022,3031,粘土砖瓦及建筑砌块制造,燃气锅炉,DA001,9,[]
SRC-RAW-6F08F34F83FFCD505F03,工业锅炉,2022,1713,棉印染精加工,燃气锅炉,DA001,9,[]
SRC-RAW-16F6A5E92A35AFD49162,范围外,2022,2720,化学药品制剂制造,燃气轮机,DA022,0,[]
SRC-RAW-ACC149BD59A41456CAFA,范围外,2022,2720,化学药品制剂制造,燃气轮机,DA022,0,[]
SRC-RAW-82FE9618A5A941372F41,工业锅炉,2022,2740,中成药生产,燃气锅炉,DA001,9,[]
SRC-RAW-456643273FD031A94D74,工业锅炉,2022,2740,中成药生产,燃气锅炉,DA001,9,[]
SRC-RAW-2525498747B6B2366693,工业锅炉,2022,2740,中成药生产,燃气锅炉,DA001,9,[]
SRC-RAW-1B0DC00D88BFD2E8C11B,工业锅炉,2022,1819,其他机织服装制造,燃油锅炉,DA001,9,[]
SRC-RAW-DEBF4F2757CBAFE1F5CB,工业锅炉,2022,1453,蔬菜、水果罐头制造,燃气锅炉,DA981,9,[]
SRC-RAW-548C8BF52432EA44AA20,工业锅炉,2022,1723,毛染整精加工,燃气锅炉,DA001,9,[]
SRC-RAW-EB5F94FD85EE0659CD5E,范围外,2022,2924,泡沫塑料制造,燃生物质锅炉,DA312,0,[]
SRC-RAW-ED14043F96AA04349B86,工业锅炉,2022,1519,其他酒制造,燃气锅炉,DA001,9,[]
SRC-RAW-424B62172DDC93D5CAEA,工业锅炉,2022,1712,棉织造加工,燃气锅炉,DA004,9,[]
SRC-RAW-395632416A630ED7B908,范围外,2022,1712,棉织造加工,燃生物质锅炉,DA004,0,[]
SRC-RAW-3BABF5163FFD828E9AA6,工业锅炉,2022,1492,保健食品制造,燃气锅炉,DA001,9,[]
SRC-RAW-D68FAF073F4746199DEC,工业锅炉,2022,1492,保健食品制造,燃气锅炉,DA001,9,[]
SRC-RAW-7E2CBED8326B9915A843,工业锅炉,2022,2669,其他专用化学产品制造,燃油锅炉,DA001,9,[]
SRC-RAW-F665790DCD0FC8A67F3A,范围外,2022,1361,水产品冷冻加工,燃生物质锅炉,DA002,0,[]
SRC-RAW-D967EBB87AF247CA7820,工业锅炉,2022,2221,机制纸及纸板制造,燃气锅炉,DA001,9,[]
SRC-RAW-FF9EB77F49B753304084,范围外,2022,1819,其他机织服装制造,燃生物质锅炉,DA001,0,[]
SRC-RAW-A7A5921F7A7EFC5BDD77,工业锅炉,2022,2921,塑料薄膜制造,燃气锅炉,DA001,9,[]
SRC-RAW-823400C5DFA645180114,工业锅炉,2022,1761,针织或钩针编织物织造,燃气锅炉,DA310,9,[]
SRC-RAW-F7400186FA7B4D1BD87A,工业锅炉,2022,1371,蔬菜加工,燃气锅炉,DA961,9,[]
SRC-RAW-A985ACCCBED3F355FF2F,范围外,2022,1723,毛染整精加工,燃生物质锅炉,DA001,0,[]
SRC-RAW-C821EE7BD3B586502DAF,范围外,2022,2924,泡沫塑料制造,燃生物质锅炉,DA001,0,[]
SRC-RAW-31876F7B1B5A1F83ADCF,工业锅炉,2022,2761,生物药品制造,燃气锅炉,DA001,9,[]
SRC-RAW-BCB0410FDE1D2068C033,工业锅炉,2022,2761,生物药品制造,燃气锅炉,DA001,9,[]
SRC-RAW-98A00F2B6AF1D22FE90B,工业锅炉,2022,1462,酱油、食醋及类似制品制造,燃油锅炉,DA001,9,[]
SRC-RAW-41CCCA9FFBBEAF2BA0B6,工业锅炉,2022,2740,中成药生产,燃气锅炉,DA015,9,[]
SRC-RAW-06F06924BCADDB6AC130,工业锅炉,2022,2740,中成药生产,燃气锅炉,DA015,9,[]
SRC-RAW-FE6A36E2E0549341A7B2,范围外,2022,2662,专项化学用品制造,燃生物质锅炉,DA001,0,[]
SRC-RAW-204DA4EAB1F4D34E814F,工业锅炉,2022,1819,其他机织服装制造,燃油锅炉,DA001,17,[]
SRC-RAW-BB68346CF43A324DCD59,工业锅炉,2022,2319,包装装潢及其他印刷,燃油锅炉,DA001,9,[]
SRC-RAW-5E3B8D631E81B6311CAE,工业锅炉,2022,2319,包装装潢及其他印刷,燃油锅炉,DA001,9,[]
SRC-RAW-EAACBE6746E91EC71831,工业锅炉,2022,1432,速冻食品制造,燃气锅炉,DA001,9,[]
SRC-RAW-8E8CF0952C346597712B,工业锅炉,2022,1371,蔬菜加工,燃油锅炉,DA001,9,[]
SRC-RAW-652A3588E0500FA7EDEE,工业锅炉,2022,1371,蔬菜加工,燃油锅炉,DA001,9,[]
SRC-RAW-A8993747D7F7B9F71136,工业锅炉,2022,1432,速冻食品制造,燃气锅炉,DA001,9,[]
SRC-RAW-6DBB030A322BF8BE4A1D,工业锅炉,2022,1782,绳、索、缆制造,燃气锅炉,DA002,9,[]
SRC-RAW-40936439C418B2047268,工业锅炉,2022,1713,棉印染精加工,其他锅炉,DA001,9,[]
SRC-RAW-C2A07E8B37DA4337574A,火电热力,2022,4412,热电联产,燃煤锅炉,DA001,9,[]
SRC-RAW-E71313A36F2A76EC4077,火电热力,2022,4417,生物质能发电,燃生物质锅炉,DA001,9,[]
SRC-RAW-5C9C0817DD1C218F1CF5,火电热力,2022,4417,生物质能发电,燃生物质锅炉,DA002,9,[]
SRC-RAW-8848DB76F8FFC5639534,范围外,2022,3022,砼结构构件制造,燃气轮机,DA003,0,[]
SRC-RAW-031A8C80E6CD7D84531D,范围外,2022,3022,砼结构构件制造,燃气轮机,DA003,0,[]
SRC-RAW-5F06D1EA55182A9CBE78,范围外,2022,3022,砼结构构件制造,燃气轮机,DA003,0,[]
SRC-RAW-D991A2F59A6B7CF7253E,工业锅炉,2022,1439,其他方便食品制造,燃气锅炉,DA002,9,[]
SRC-RAW-7DF268CD23016D980536,工业锅炉,2022,1439,其他方便食品制造,燃气锅炉,DA002,9,[]
SRC-RAW-CC6A5FF95A6253A3603E,工业锅炉,2022,1439,其他方便食品制造,燃气锅炉,DA002,9,[]
SRC-RAW-9D4FE2737193BB90EF83,工业锅炉,2022,2740,中成药生产,燃气锅炉,DA135,9,[]
SRC-RAW-1EE2B5B6C94D0DA9429E,工业锅炉,2022,1819,其他机织服装制造,燃气锅炉,DA002,9,[]
SRC-RAW-6E9D19660F2B6888DDB9,工业锅炉,2022,2929,塑料零件及其他塑料制品制造,燃气锅炉,DA002,9,[]
SRC-RAW-CC0550907390844013B4,工业锅炉,2022,2929,塑料零件及其他塑料制品制造,燃气锅炉,DA003,9,[]
SRC-RAW-5689F658878CC475C41E,范围外,2022,1713,棉印染精加工,燃生物质锅炉,DA001,0,[]
SRC-RAW-B2E35975CE116FE7245D,工业锅炉,2022,2664,文化用信息化学品制造,燃气锅炉,DA002,9,[]
SRC-RAW-EC74754E85617F8003EB,工业锅炉,2022,2664,文化用信息化学品制造,燃气锅炉,DA002,9,[]
SRC-RAW-2BB9C611E7600E11A239,工业锅炉,2022,2761,生物药品制造,燃气锅炉,DA001,9,[]
SRC-RAW-287B4C414FE923EFC658,工业锅炉,2022,1431,米、面制品制造,燃气锅炉,DA001,9,[]
SRC-RAW-C9F8A2C8A547103A8FB0,工业锅炉,2022,1432,速冻食品制造,燃气锅炉,DA001,9,[]
SRC-RAW-A80E5B8ED3F2478B3D19,范围外,2022,1524,含乳饮料和植物蛋白饮料制造,燃生物质锅炉,DA001,0,[]
SRC-RAW-3753B2EFFFFB02077028,范围外,2022,1524,含乳饮料和植物蛋白饮料制造,燃生物质锅炉,DA001,0,[]
SRC-RAW-D164D4CE1719B30916BA,工业锅炉,2022,2319,包装装潢及其他印刷,燃气锅炉,DA001,9,[]
SRC-RAW-4DA0D51123D1CA9603AE,工业锅炉,2022,2710,化学药品原料药制造,燃气锅炉,DA005,9,[]
SRC-RAW-3E9E444D5F37534ABC4B,工业锅炉,2022,1433,方便面制造,燃油锅炉,DA001,9,[]
SRC-RAW-7381A913B63F06004D7A,工业锅炉,2022,1752,化纤织物染整精加工,燃气锅炉,DA007,9,[]
SRC-RAW-A4DF02F0F0984DD99D97,工业锅炉,2022,1752,化纤织物染整精加工,燃气锅炉,DA006,9,[]
SRC-RAW-B9323085636EE4E39771,工业锅炉,2022,1752,化纤织物染整精加工,燃气锅炉,DA006,9,[]
SRC-RAW-2D9F5D9501975D14ED91,工业锅炉,2022,1752,化纤织物染整精加工,燃气锅炉,DA006,9,[]
SRC-RAW-838FC8C918EFF3539D89,工业锅炉,2022,3982,电子电路制造,燃气锅炉,DA021,9,[]
SRC-RAW-D6AEA1B008E6644E280C,工业锅炉,2022,3982,电子电路制造,燃气锅炉,DA021,9,[]
SRC-RAW-833ADEFE4733AD42A34D,范围外,2022,2221,机制纸及纸板制造,燃生物质锅炉,DA002,0,[]
SRC-RAW-A76844F8CA4874DDAB78,火电热力,2022,4411,火力发电,燃煤锅炉,DA002,9,[]
SRC-RAW-57975824CAAF1FEA69F8,火电热力,2022,4411,火力发电,燃煤锅炉,DA003,9,[]
SRC-RAW-E1396E97602796F2B2D9,火电热力,2022,4411,火力发电,燃煤锅炉,DA001,9,[]
SRC-RAW-4110BF8B9048FD830EBC,工业锅炉,2022,1362,鱼糜制品及水产品干腌制加工,燃气锅炉,DA001,9,[]
SRC-RAW-7FBC03AFD4E373141B4A,工业锅炉,2022,2669,其他专用化学产品制造,燃气锅炉,DA002,9,[]
SRC-RAW-4B26B4131240357A1230,工业锅炉,2022,2661,化学试剂和助剂制造,燃油锅炉,DA001,9,[]
SRC-RAW-C96FDD09ABB39FC1BD9F,工业锅炉,2022,2720,化学药品制剂制造,燃油锅炉,DA002,9,[]
SRC-RAW-9AC4EEAB9889012CAA67,工业锅炉,2022,3022,砼结构构件制造,燃气锅炉,DA001,9,[]
SRC-RAW-FC6730173437BEACFA8C,工业锅炉,2022,3031,粘土砖瓦及建筑砌块制造,燃气锅炉,DA001,9,[]
SRC-RAW-97C28C8DBD93985288F0,工业锅炉,2022,2661,化学试剂和助剂制造,燃气锅炉,DA003,9,[]
SRC-RAW-61E1824DD7C600670DCE,范围外,2022,2924,泡沫塑料制造,燃生物质锅炉,DA001,0,[]
SRC-RAW-EE49BBA804FBF5AF1852,火电热力,2022,4417,生物质能发电,燃生物质锅炉,DA001,9,[]
SRC-RAW-301961745AE4CCEB13FB,火电热力,2022,4417,生物质能发电,燃生物质锅炉,DA002,9,[]
SRC-RAW-02F1AE3DC01E0E3EA7CE,火电热力,2022,4417,生物质能发电,燃生物质锅炉,DA003,9,[]
SRC-RAW-CE79C956A0BED5AD91C8,范围外,2022,2223,加工纸制造,燃生物质锅炉,DA001,0,[]
SRC-RAW-58782790B907DF2B71AB,工业锅炉,2022,1690,其他烟草制品制造,燃气锅炉,DA010,9,[]
SRC-RAW-3FDC68A90317D2C6F54D,工业锅炉,2022,1690,其他烟草制品制造,燃气锅炉,DA010,9,[]
SRC-RAW-B8B462837AF619996063,工业锅炉,2022,1690,其他烟草制品制造,燃气锅炉,DA010,9,[]
SRC-RAW-3C6D3C4BA06421CEE417,工业锅炉,2022,1690,其他烟草制品制造,燃气锅炉,DA010,9,[]
SRC-RAW-023EF35E4A213F5C5A5D,范围外,2022,2231,纸和纸板容器制造,燃生物质锅炉,DA001,0,[]
SRC-RAW-5C14513E7F8D7D09D4F6,范围外,2022,2231,纸和纸板容器制造,燃生物质锅炉,DA001,0,[]
SRC-RAW-A9BA19DC9ACBDB20E821,范围外,2022,2231,纸和纸板容器制造,燃生物质锅炉,DA001,0,[]
SRC-RAW-0AD4A81E2E23AC77568D,范围外,2022,2231,纸和纸板容器制造,燃生物质锅炉,DA001,0,[]
SRC-RAW-98DD51E3075A8259CBF1,范围外,2022,2231,纸和纸板容器制造,燃生物质锅炉,DA001,0,[]
SRC-RAW-B059B6D570F52D419817,范围外,2022,2221,机制纸及纸板制造,燃生物质锅炉,DA001,0,[]
SRC-RAW-9FD449A6D7E3E0EF55AB,范围外,2022,3360,金属表面处理及热处理加工,余热利用锅炉,DA008,0,[]
SRC-RAW-2E35D49DE3D995A79FC5,范围外,2022,2221,机制纸及纸板制造,燃生物质锅炉,DA001,0,[]
SRC-RAW-29C618B8DC611DDAA506,范围外,2022,3214,锡冶炼,,DA731,0,[]
SRC-RAW-631B437831B3403AC093,范围外,2022,2231,纸和纸板容器制造,燃生物质锅炉,DA002,0,[]
SRC-RAW-678F755E21F0185E8E29,范围外,2022,2231,纸和纸板容器制造,燃生物质锅炉,DA001,0,[]
SRC-RAW-870E963E0EE54C314BF2,范围外,2022,2221,机制纸及纸板制造,燃生物质锅炉,DA001,0,[]
SRC-RAW-C5DC64A98A687B902757,范围外,2022,2221,机制纸及纸板制造,燃生物质锅炉,DA001,0,[]
SRC-RAW-AE65786241F9D069FD9F,范围外,2022,2221,机制纸及纸板制造,燃生物质锅炉,DA001,0,[]
SRC-RAW-A4384EA34B7511513AFF,范围外,2022,2221,机制纸及纸板制造,燃生物质锅炉,DA002,0,[]
SRC-RAW-1314C20B0152B9E721BE,范围外,2022,2221,机制纸及纸板制造,燃生物质锅炉,DA001,0,[]
SRC-RAW-58D05AB6943C48568AE9,火电热力,2022,4411,火力发电,燃煤锅炉,DA001,9,[]
SRC-RAW-A42AE6EB5B122E58A6B2,火电热力,2022,4411,火力发电,燃煤锅炉,DA002,9,[]
SRC-RAW-91758580F3D639F02735,火电热力,2022,4411,火力发电,燃煤锅炉,DA003,9,[]
SRC-RAW-D16F224D5164D01920EB,火电热力,2022,4411,火力发电,燃煤锅炉,DA004,9,[]
SRC-RAW-C44D32C341BABDC4E2A5,火电热力,2022,4417,生物质能发电,燃生物质锅炉,DA001,25,[]
SRC-RAW-8D7FAEF88CE3AA1B4335,火电热力,2022,4417,生物质能发电,燃生物质锅炉,DA002,25,[]
SRC-RAW-F50E2DD63325535E690F,工业锅炉,2022,2682,化妆品制造,燃气锅炉,DA001,9,[]
SRC-RAW-D9649FCC348A9A329877,工业锅炉,2022,2661,化学试剂和助剂制造,燃油锅炉,DA002,9,[]
SRC-RAW-2D6580A941F7A3221868,火电热力,2022,4412,热电联产,燃煤锅炉,DA001,9,[]
SRC-RAW-730A96C0F1BB19F1D46E,火电热力,2022,4412,热电联产,燃煤锅炉,DA001,9,[]
SRC-RAW-4124B4DC2795F28D7751,火电热力,2022,4412,热电联产,燃煤锅炉,DA001,9,[]
SRC-RAW-CBBFC1A28AA95EDC417A,火电热力,2022,4412,热电联产,燃煤锅炉,DA001,9,[]
SRC-RAW-1119E36BA6B9144F2860,火电热力,2022,4412,热电联产,燃煤锅炉,DA001,9,[]
SRC-RAW-E8D8A4F112B9DBDBA700,工业锅炉,2022,1362,鱼糜制品及水产品干腌制加工,燃煤锅炉,DA001,9,[]
SRC-RAW-AA2F2D14EF15706D5215,工业锅炉,2022,2681,肥皂及洗涤剂制造,燃煤锅炉,DA001,9,[]
SRC-RAW-05A3F69CD0063E32B769,工业锅炉,2022,1431,米、面制品制造,燃煤锅炉,DA001,9,[]
SRC-RAW-51F259DDAD2412DA4A3C,范围外,2022,2913,橡胶零件制造,燃生物质锅炉,DA001,0,[]
SRC-RAW-A6EA64E9B35CD18BF4C2,工业锅炉,2022,1399,其他未列明农副食品加工,燃煤锅炉,DA001,9,[]
SRC-RAW-35478B3D508045C4B1D3,工业锅炉,2022,1391,淀粉及淀粉制品制造,燃煤锅炉,DA001,9,[]
SRC-RAW-67F8451E6D8ED28AA69A,工业锅炉,2022,2221,机制纸及纸板制造,燃煤锅炉,DA001,9,[]
SRC-RAW-1B9F906F002B3B0C9461,工业锅炉,2022,2221,机制纸及纸板制造,燃煤锅炉,DA001,9,[]
SRC-RAW-DE1C504FCD5A913A752B,工业锅炉,2022,1721,毛条和毛纱线加工,燃煤锅炉,DA001,9,[]
SRC-RAW-65F8A3AA58DBCA96FC6E,工业锅炉,2022,1721,毛条和毛纱线加工,燃煤锅炉,DA001,9,[]
SRC-RAW-F92F160DECAC98DECCC2,工业锅炉,2022,2221,机制纸及纸板制造,燃煤锅炉,DA001,9,[]
SRC-RAW-2548FC369A45883F67D0,工业锅炉,2022,1723,毛染整精加工,燃煤锅炉,DA001,9,[]
SRC-RAW-4F35FA7A746C938FC50F,工业锅炉,2022,1723,毛染整精加工,燃煤锅炉,DA001,9,[]
SRC-RAW-D6211821E6E6FAF20F2B,工业锅炉,2022,3021,水泥制品制造,燃煤锅炉,DA001,9,[]
SRC-RAW-89CB64072F8CB22383D8,范围外,2022,2231,纸和纸板容器制造,燃生物质锅炉,DA001,0,[]
SRC-RAW-C01052A73F93CEE2756E,工业锅炉,2022,2231,纸和纸板容器制造,燃煤锅炉,DA001,9,[]
SRC-RAW-9CD4BFD1780AF702BCCE,工业锅炉,2022,2221,机制纸及纸板制造,燃煤锅炉,DA001,9,[]
SRC-RAW-46B0CDADAB674BDA4378,工业锅炉,2022,2221,机制纸及纸板制造,燃煤锅炉,DA001,9,[]
SRC-RAW-9121992E803A49E9E205,工业锅炉,2022,2921,塑料薄膜制造,燃煤锅炉,DA008,9,[]
SRC-RAW-743F40101701DA67C278,工业锅炉,2022,2921,塑料薄膜制造,燃煤锅炉,DA008,9,[]
SRC-RAW-EF302D9236514B40B1EE,范围外,2022,2681,肥皂及洗涤剂制造,燃生物质锅炉,DA001,0,[]
SRC-RAW-F8398CE0A40B16D25D6D,工业锅炉,2022,1723,毛染整精加工,燃煤锅炉,DA001,9,[]
SRC-RAW-817513EC94EFE272C4E3,工业锅炉,2022,2221,机制纸及纸板制造,燃煤锅炉,DA001,9,[]
SRC-RAW-F8F52823DF900D6EB1EF,工业锅炉,2022,1329,其他饲料加工,燃煤锅炉,DA001,9,[]
SRC-RAW-F08FAB80B6413ACB8598,工业锅炉,2022,2221,机制纸及纸板制造,燃煤锅炉,DA001,9,[]
SRC-RAW-1826F93D488784D99E54,工业锅炉,2022,2682,化妆品制造,燃油锅炉,DA001,9,[]
SRC-RAW-82AE6EB133FCA18EA008,工业锅炉,2022,2221,机制纸及纸板制造,燃煤锅炉,DA001,9,[]
SRC-RAW-D2F87FB2ECBDF4439296,工业锅炉,2022,2624,复混肥料制造,燃煤锅炉,DA001,9,[]
SRC-RAW-09E71591489F7B41655A,范围外,2022,3329,其他金属工具制造,燃生物质锅炉,DA001,0,[]
SRC-RAW-AC818A77D66685746031,范围外,2022,3329,其他金属工具制造,燃生物质锅炉,DA002,0,[]
SRC-RAW-B208C19EF96EC44DC1D7,范围外,2022,3329,其他金属工具制造,燃生物质锅炉,DA002,0,[]
SRC-RAW-4E3806B27F3F6D9D6945,工业锅炉,2022,2923,塑料丝、绳及编织品制造,燃油锅炉,DA001,9,[]
SRC-RAW-B921109FB77E419C5D70,工业锅炉,2022,2231,纸和纸板容器制造,燃煤锅炉,DA001,9,[]
SRC-RAW-6BCBFDBB312B393AF47B,范围外,2022,2231,纸和纸板容器制造,,DA001,0,[]
SRC-RAW-1B41840AD5008B05B524,范围外,2022,2231,纸和纸板容器制造,,DA001,0,[]
SRC-RAW-37FA4AC21CF3D24B2557,工业锅炉,2022,1329,其他饲料加工,燃煤锅炉,DA001,9,[]
SRC-RAW-F11D43E702A09B80EB58,范围外,2022,1723,毛染整精加工,燃生物质锅炉,DA001,0,[]
SRC-RAW-DA90457DCCE981948D08,范围外,2022,1723,毛染整精加工,燃生物质锅炉,DA001,0,[]
SRC-RAW-8B07FEFF8C3463AE7CDC,工业锅炉,2022,1723,毛染整精加工,燃煤锅炉,DA001,9,[]
SRC-RAW-170500AEA59A1BC9325D,工业锅炉,2022,1723,毛染整精加工,燃煤锅炉,DA001,9,[]
SRC-RAW-4D0D659AD3DF8352F589,工业锅炉,2022,2923,塑料丝、绳及编织品制造,燃油锅炉,DA001,9,[]
SRC-RAW-5A611CB426E8DD7E653A,工业锅炉,2022,2221,机制纸及纸板制造,燃煤锅炉,DA001,9,[]
SRC-RAW-16E254F1FA9BD95B4982,工业锅炉,2022,2221,机制纸及纸板制造,燃煤锅炉,DA001,9,[]
SRC-RAW-044968799A356E788E52,范围外,2022,1819,其他机织服装制造,燃生物质锅炉,DA001,0,[]
SRC-RAW-04E126087B33678961DB,工业锅炉,2022,2221,机制纸及纸板制造,燃煤锅炉,DA003,9,[]
SRC-RAW-0E97E8612FB2163E01BE,工业锅炉,2022,2221,机制纸及纸板制造,燃煤锅炉,DA003,9,[]
SRC-RAW-87CBBB5B6DBAE6B09929,工业锅炉,2022,2221,机制纸及纸板制造,燃煤锅炉,DA003,9,[]
SRC-RAW-18E45A0318E3FFBF7B98,火电热力,2022,4430,热力生产和供应,燃煤锅炉,DA001,9,[]
SRC-RAW-646F4C05C12887870A23,工业锅炉,2022,2924,泡沫塑料制造,燃煤锅炉,DA001,9,[]
SRC-RAW-A5225A4C9EDEEE132A2F,工业锅炉,2022,1353,肉制品及副产品加工,燃煤锅炉,DA001,9,[]
SRC-RAW-743E022E597F38DB8A3A,工业锅炉,2022,1829,其他针织或钩针编织服装制造,燃气锅炉,DA001,9,[]
SRC-RAW-9E59172CAD50F73121AD,范围外,2022,2231,纸和纸板容器制造,燃生物质锅炉,DA001,0,[]
SRC-RAW-3130847D4368455A730B,工业锅炉,2022,2231,纸和纸板容器制造,燃煤锅炉,DA001,9,[]
SRC-RAW-0B49EDA50D7D92A98044,范围外,2022,2921,塑料薄膜制造,燃生物质锅炉,DA001,0,[]
SRC-RAW-B6D097FDD8C2330D09F8,工业锅炉,2022,2231,纸和纸板容器制造,燃煤锅炉,DA001,9,[]
SRC-RAW-68B383B695C17304C1BB,范围外,2022,2239,其他纸制品制造,燃生物质锅炉,DA001,0,[]
SRC-RAW-CC90A0A81AB98DF1F7DD,工业锅炉,2022,2221,机制纸及纸板制造,燃煤锅炉,DA001,9,[]
SRC-RAW-B5BB367FABCCBCB10A95,工业锅炉,2022,1723,毛染整精加工,燃气锅炉,DA001,9,[]
SRC-RAW-A7F3BCC4C40EE64E8A63,火电热力,2022,4417,生物质能发电,燃生物质锅炉,DA002,9,[]
SRC-RAW-80D290DDA79AA8B3BD4F,火电热力,2022,4417,生物质能发电,燃生物质锅炉,DA003,9,[]
SRC-RAW-54F9E46535B7EE312CBD,火电热力,2022,4417,生物质能发电,燃生物质锅炉,DA004,9,[]
SRC-RAW-0AF6331A11D3D11BD4D1,火电热力,2022,4417,生物质能发电,燃生物质锅炉,DA005,9,[]
SRC-RAW-75A7AB89B30441D1F77D,工业锅炉,2022,3031,粘土砖瓦及建筑砌块制造,燃煤锅炉,DA001,9,[]
SRC-RAW-80978BD8728EDF3B15C9,工业锅炉,2022,1353,肉制品及副产品加工,燃煤锅炉,DA001,9,[]
SRC-RAW-21CAF03E52D608D455F5,工业锅炉,2022,2921,塑料薄膜制造,燃煤锅炉,DA001,9,[]
SRC-RAW-E1CA90AF5B1138F2A52A,工业锅炉,2022,2221,机制纸及纸板制造,燃煤锅炉,DA001,9,[]
SRC-RAW-8A1B5935CC6200241332,工业锅炉,2022,2221,机制纸及纸板制造,燃煤锅炉,DA001,9,[]
SRC-RAW-4E3E66156ADFB392EDED,范围外,2022,3082,云母制品制造,燃生物质锅炉,DA001,0,[]
SRC-RAW-3042C63E9849155B0925,工业锅炉,2022,1421,糖果、巧克力制造,燃煤锅炉,DA001,9,[]
SRC-RAW-417404798599CD351E48,范围外,2022,1723,毛染整精加工,燃生物质锅炉,DA001,0,[]
SRC-RAW-054C7FE08A4292E35025,范围外,2022,1723,毛染整精加工,燃生物质锅炉,DA001,0,[]
SRC-RAW-0E15F50E5F976EAA1890,工业锅炉,2022,2924,泡沫塑料制造,燃煤锅炉,DA001,9,[]
SRC-RAW-6F7F73C53959FB9C99F1,工业锅炉,2022,2221,机制纸及纸板制造,燃煤锅炉,DA001,9,[]
SRC-RAW-E5BFCD7A29CEC2B7A216,工业锅炉,2022,3031,粘土砖瓦及建筑砌块制造,燃煤锅炉,DA003,9,[]
SRC-RAW-9C257CDB65577FEE6DF9,工业锅炉,2022,2924,泡沫塑料制造,燃煤锅炉,DA001,9,[]
SRC-RAW-8CBE27BA219BED5E4192,工业锅炉,2022,2924,泡沫塑料制造,燃煤锅炉,DA001,9,[]
SRC-RAW-20656D5752C191B20514,范围外,2022,2924,泡沫塑料制造,燃生物质锅炉,DA001,0,[]
SRC-RAW-F37E8CD77F669C3C4E3E,范围外,2022,2221,机制纸及纸板制造,,DA001,0,[]
SRC-RAW-AFDB2F69DD021732280B,工业锅炉,2022,1329,其他饲料加工,燃油锅炉,DA004,9,[]
SRC-RAW-0103FCBE38BE68BEE90E,工业锅炉,2022,1723,毛染整精加工,燃煤锅炉,DA001,9,[]
SRC-RAW-44A4C7A2B93159C1E3F9,工业锅炉,2022,1329,其他饲料加工,燃煤锅炉,DA091,17,[]
SRC-RAW-46119431773A9235066F,工业锅炉,2022,1723,毛染整精加工,燃煤锅炉,DA001,9,[]
SRC-RAW-D0E1D7D809221865179F,工业锅炉,2022,2221,机制纸及纸板制造,燃煤锅炉,DA001,9,[]
SRC-RAW-AF7E65363880BC32D9A8,工业锅炉,2022,2221,机制纸及纸板制造,燃煤锅炉,DA001,9,[]
SRC-RAW-4726CD81DB31A7076352,工业锅炉,2022,2221,机制纸及纸板制造,燃煤锅炉,DA001,9,[]
SRC-RAW-36037EDD3D5B7E487309,工业锅炉,2022,1499,其他未列明食品制造,燃煤锅炉,DA001,9,[]
SRC-RAW-9EFC121F784DF5C6F78C,工业锅炉,2022,2231,纸和纸板容器制造,燃煤锅炉,DA001,9,[]
SRC-RAW-447FBEA00511E8F78A82,工业锅炉,2022,2924,泡沫塑料制造,燃煤锅炉,DA001,9,[]
SRC-RAW-7B95DBB82A526713329E,工业锅炉,2022,2221,机制纸及纸板制造,燃煤锅炉,DA001,9,[]
SRC-RAW-E21EA0C1A54C29600821,工业锅炉,2022,2231,纸和纸板容器制造,燃煤锅炉,DA001,9,[]
SRC-RAW-B00C8C15B1F069D845C8,范围外,2022,1524,含乳饮料和植物蛋白饮料制造,燃生物质锅炉,DA001,0,[]
SRC-RAW-DA902E601B9588014471,范围外,2022,2681,肥皂及洗涤剂制造,燃生物质锅炉,DA004,0,[]
SRC-RAW-17DE417BB9CC05308ADD,工业锅炉,2022,2921,塑料薄膜制造,燃气锅炉,DA003,9,[]
SRC-RAW-BF6F87C8071FE94853C0,工业锅炉,2022,2921,塑料薄膜制造,燃气锅炉,DA004,9,[]
SRC-RAW-EF2F04C59556D05DF0E3,工业锅炉,2022,2666,环境污染处理专用药剂材料制造,燃气锅炉,DA005,9,[]
SRC-RAW-66F7D9746CC19CCA9D7D,工业锅炉,2022,2666,环境污染处理专用药剂材料制造,燃气锅炉,DA005,9,[]
SRC-RAW-F4697AD87C865DFD8FE2,工业锅炉,2022,2921,塑料薄膜制造,燃气锅炉,DA001,9,[]
SRC-RAW-0FEB9BB3B020996E348F,工业锅炉,2022,3985,电子专用材料制造,其他锅炉,DA004,9,[]
SRC-RAW-8AE819FE0A3BA0CF6687,工业锅炉,2022,3985,电子专用材料制造,其他锅炉,DA005,9,[]
SRC-RAW-319B59F0E3FA468CF32C,工业锅炉,2022,3985,电子专用材料制造,其他锅炉,DA006,9,[]
SRC-RAW-2C8AA63CF504F949B53A,工业锅炉,2022,2651,初级形态塑料及合成树脂制造,燃气锅炉,DA001,9,[]
SRC-RAW-70556B654BABC6125696,工业锅炉,2022,2651,初级形态塑料及合成树脂制造,燃气锅炉,DA001,9,[]
SRC-RAW-DD1833109C1FB54B41DD,工业锅炉,2022,2921,塑料薄膜制造,燃气锅炉,DA015,9,[]
SRC-RAW-68B350FB8CD075934D07,工业锅炉,2022,2921,塑料薄膜制造,燃气锅炉,DA016,9,[]
SRC-RAW-D49A1A8E12625C6BC476,工业锅炉,2022,2921,塑料薄膜制造,燃气锅炉,DA017,9,[]
SRC-RAW-520B5FFE706CA046542F,工业锅炉,2022,2921,塑料薄膜制造,燃气锅炉,DA018,9,[]
SRC-RAW-7C3D9E369E882FC7B76D,工业锅炉,2022,2921,塑料薄膜制造,燃气锅炉,DA019,9,[]
SRC-RAW-18C912B8DF4874FA350C,工业锅炉,2022,1391,淀粉及淀粉制品制造,燃气锅炉,DA001,9,[]
SRC-RAW-2AB77C495EAEC6CEEA04,工业锅炉,2022,2651,初级形态塑料及合成树脂制造,燃气锅炉,DA001,9,[]
SRC-RAW-8BEAB28F5C796FA24BA6,工业锅炉,2022,2924,泡沫塑料制造,燃气锅炉,DA001,9,[]
SRC-RAW-97BEBFDC57612EE39313,工业锅炉,2022,1789,其他产业用纺织制成品制造,燃气锅炉,DA002,9,[]
SRC-RAW-1D5A2A9997909A9AC9A5,工业锅炉,2022,2929,塑料零件及其他塑料制品制造,燃气锅炉,DA002,9,[]
SRC-RAW-5DF0424F483904392D71,工业锅炉,2022,2929,塑料零件及其他塑料制品制造,燃气锅炉,DA002,9,[]
SRC-RAW-3C2E8656E161620DC796,工业锅炉,2022,1712,棉织造加工,燃气锅炉,DA001,9,[]
SRC-RAW-AD1177448CC75711990A,工业锅炉,2022,1712,棉织造加工,燃气锅炉,DA002,9,[]
SRC-RAW-11A8A217884638A837A0,工业锅炉,2022,2720,化学药品制剂制造,燃气锅炉,DA005,9,[]
SRC-RAW-11AF51C9F0494FF4A1D8,工业锅炉,2022,2740,中成药生产,燃气锅炉,DA001,9,[]
SRC-RAW-D313461E8E8B6E766309,工业锅炉,2022,1512,白酒制造,燃气锅炉,DA001,9,[]
SRC-RAW-2DF6886A159BAC18B237,工业锅炉,2022,1512,白酒制造,燃气锅炉,DA002,9,[]
SRC-RAW-7717306F47D146D6A456,工业锅炉,2022,2682,化妆品制造,燃油锅炉,DA001,9,[]
SRC-RAW-82822FB09E125ADA5ADC,工业锅炉,2022,2740,中成药生产,燃气锅炉,DA001,9,[]
SRC-RAW-309773FD48DAA152C0C8,工业锅炉,2022,2921,塑料薄膜制造,燃气锅炉,DA023,9,[]
SRC-RAW-0EBFC520E8B34E26EAA1,工业锅炉,2022,2921,塑料薄膜制造,燃气锅炉,DA024,9,[]
SRC-RAW-D8B4E7533B4C1AB139ED,工业锅炉,2022,2921,塑料薄膜制造,燃气锅炉,DA025,9,[]
SRC-RAW-24C9A2E45462287E2F5A,工业锅炉,2022,2921,塑料薄膜制造,燃气锅炉,DA026,9,[]
SRC-RAW-93E26C86A35DA42E4D35,工业锅炉,2022,2924,泡沫塑料制造,燃气锅炉,DA001,9,[]
SRC-RAW-CE0402A57FABE4C0D8B8,工业锅炉,2022,2921,塑料薄膜制造,燃气锅炉,DA001,9,[]
SRC-RAW-6E6184405EBF84B96DC5,火电热力,2022,4411,火力发电,燃气轮机,DA001,9,[]
SRC-RAW-C71F12B07C038096CD8C,火电热力,2022,4411,火力发电,燃气轮机,DA002,9,[]
SRC-RAW-B8867D9293F373A9B954,工业锅炉,2022,2682,化妆品制造,燃油锅炉,DA001,9,[]
SRC-RAW-7D24F7CB8BBDC64A8825,工业锅炉,2022,3670,汽车零部件及配件制造,燃气锅炉,DA001,9,[]
SRC-RAW-EB3D696CE501F40936E4,工业锅炉,2022,2921,塑料薄膜制造,燃气锅炉,DA003,9,[]
SRC-RAW-9C95858A337452004B6E,工业锅炉,2022,2319,包装装潢及其他印刷,燃气锅炉,DA001,9,[]
SRC-RAW-7BA7BFFD42E4B1B35FB0,工业锅炉,2022,1819,其他机织服装制造,燃气锅炉,DA001,9,[]
SRC-RAW-0083FDEDDF8901A2323F,工业锅炉,2022,3842,镍氢电池制造,燃气锅炉,DA006,9,[]
SRC-RAW-53EEC2C31F383EAC9AD9,工业锅炉,2022,3842,镍氢电池制造,燃气锅炉,DA006,9,[]
SRC-RAW-16FB723FD263DC980347,工业锅炉,2022,1493,冷冻饮品及食用冰制造,燃气锅炉,DA001,9,[]
SRC-RAW-544C86DDCEA1571D4C8C,工业锅炉,2022,3872,照明灯具制造,燃气锅炉,DA001,9,[]
SRC-RAW-F990E5937D7000FD09FD,工业锅炉,2022,1772,毛巾类制品制造,燃气锅炉,DA001,9,[]
SRC-RAW-195D130DBEBB4854BB54,工业锅炉,2022,1772,毛巾类制品制造,燃气锅炉,DA001,9,[]
SRC-RAW-5BB8E08FBD28FF734E7C,工业锅炉,2022,2710,化学药品原料药制造,燃油锅炉,DA001,9,[]
SRC-RAW-DE99EE6E8629D537AB90,工业锅炉,2022,3031,粘土砖瓦及建筑砌块制造,燃气锅炉,DA001,9,[]
SRC-RAW-B6FE943A3E3A55101D4D,工业锅炉,2022,3031,粘土砖瓦及建筑砌块制造,燃气锅炉,DA002,9,[]
SRC-RAW-2ECC4E279157BF6179F5,工业锅炉,2022,1329,其他饲料加工,燃气锅炉,DA001,9,[]
SRC-RAW-B0EAD110761B621C1A3B,工业锅炉,2022,2919,其他橡胶制品制造,燃气锅炉,DA003,9,[]
SRC-RAW-581719F472EDFEFB41BE,工业锅炉,2022,2740,中成药生产,燃气锅炉,DA632,9,[]
SRC-RAW-E5A0BA9D54B3FC2ABB64,工业锅炉,2022,1329,其他饲料加工,燃气锅炉,DA001,9,[]
SRC-RAW-5AAE73FBBA1452A36C0C,工业锅炉,2022,1910,皮革鞣制加工,燃油锅炉,DA001,9,[]
SRC-RAW-88BBC2BA69D16627C736,工业锅炉,2022,1959,其他制鞋业,燃气锅炉,DA002,9,[]
SRC-RAW-E93E1418F4B3798F26BF,工业锅炉,2022,2740,中成药生产,燃气锅炉,DA001,9,[]
SRC-RAW-B8FF3A860CA4EBB80E7E,工业锅炉,2022,2740,中成药生产,燃气锅炉,DA001,9,[]
SRC-RAW-20AC16045B0B73D89D96,工业锅炉,2022,2710,化学药品原料药制造,燃气锅炉,DA001,9,[]
SRC-RAW-4E2CAE53F69DA0ECA899,工业锅炉,2022,2231,纸和纸板容器制造,燃气锅炉,DA004,9,[]
SRC-RAW-66F4FFCFF7001FC5314F,工业锅炉,2022,2720,化学药品制剂制造,燃气锅炉,DA450,9,[]
SRC-RAW-6581C019DCB45A4ECAF2,范围外,2022,3360,金属表面处理及热处理加工,余热利用锅炉,DA001,0,[]
SRC-RAW-063C04A17680B4EDE815,范围外,2022,3360,金属表面处理及热处理加工,余热利用锅炉,DA005,0,[]
SRC-RAW-5632A1AAC933B0CDB13E,工业锅炉,2022,2319,包装装潢及其他印刷,燃气锅炉,DA002,9,[]
SRC-RAW-6F3207985665A8CD0F4C,工业锅炉,2022,1524,含乳饮料和植物蛋白饮料制造,燃气锅炉,DA001,9,[]
SRC-RAW-68A1F4D32320B116A4C2,工业锅炉,2022,1524,含乳饮料和植物蛋白饮料制造,燃气锅炉,DA002,9,[]
SRC-RAW-2F8BE8F222A5DD9D411F,工业锅炉,2022,1524,含乳饮料和植物蛋白饮料制造,燃气锅炉,DA003,9,[]
SRC-RAW-788DFE46729D61751B9D,工业锅炉,2022,2319,包装装潢及其他印刷,燃气锅炉,DA101,9,[]
SRC-RAW-F049616350DD925BD9C7,工业锅炉,2022,3670,汽车零部件及配件制造,燃气锅炉,DA010,9,[]
SRC-RAW-C2C6396F8321DF6E6300,工业锅炉,2022,1392,豆制品制造,燃气锅炉,DA001,9,[]
SRC-RAW-88C12BFAF8E3076FEEF8,工业锅炉,2022,1392,豆制品制造,燃气锅炉,DA002,9,[]
SRC-RAW-B64D113227538F804A58,工业锅炉,2022,2924,泡沫塑料制造,燃气锅炉,DA001,9,[]
SRC-RAW-42BE2AF9D6C16992E5E7,工业锅炉,2022,2924,泡沫塑料制造,燃气锅炉,DA001,9,[]
SRC-RAW-278FAB9AEC8C7F17B8D7,工业锅炉,2022,3611,汽柴油车整车制造,燃气锅炉,DA036,9,[]
SRC-RAW-4EC23C8DDB2BAA220A65,工业锅炉,2022,3611,汽柴油车整车制造,燃气锅炉,DA038,9,[]
SRC-RAW-FC60AF3D873B7E40F4C1,工业锅炉,2022,3611,汽柴油车整车制造,燃气锅炉,DA040,9,[]
SRC-RAW-C3D92A92C9C60B51F371,工业锅炉,2022,3611,汽柴油车整车制造,燃气锅炉,DA041,9,[]
SRC-RAW-61536A2BFC3F198FE906,工业锅炉,2022,3611,汽柴油车整车制造,燃气锅炉,DA042,9,[]
SRC-RAW-4653601E7CB06C861EAE,工业锅炉,2022,3611,汽柴油车整车制造,燃气锅炉,DA044,9,[]
SRC-RAW-820C664FAE6740C2FA82,工业锅炉,2022,3611,汽柴油车整车制造,燃气锅炉,DA045,9,[]
SRC-RAW-8832580C59806B6E94BA,工业锅炉,2022,3311,金属结构制造,燃气锅炉,DA005,9,[]
SRC-RAW-E556ED740F156F404653,工业锅炉,2022,3670,汽车零部件及配件制造,燃气锅炉,DA002,9,[]
SRC-RAW-2D406E5AB95E077719F3,工业锅炉,2022,2319,包装装潢及其他印刷,燃气锅炉,DA001,9,[]
SRC-RAW-287A4BFC21D4A20A98F2,工业锅炉,2022,2929,塑料零件及其他塑料制品制造,燃气锅炉,DA001,9,[]
SRC-RAW-3EAA65F4151F396ECE93,火电热力,2022,4412,热电联产,燃煤锅炉,DA001,17,[]
SRC-RAW-DC1B331082AF86DC7047,火电热力,2022,4412,热电联产,燃煤锅炉,DA001,17,[]
SRC-RAW-F22797E704F0F1F6E606,工业锅炉,2022,1781,非织造布制造,燃气锅炉,DA001,9,[]
SRC-RAW-97A0A2EBDFB2CA3CE846,工业锅炉,2022,1781,非织造布制造,燃气锅炉,DA002,9,[]
SRC-RAW-A39EE44DA4D0B77CDE6B,火电热力,2022,4412,热电联产,燃煤锅炉,DA001,9,[]
SRC-RAW-08ED845850C20B09F0BA,火电热力,2022,4412,热电联产,燃煤锅炉,DA001,9,[]
SRC-RAW-7B1B93A760DD2B1DB0F8,火电热力,2022,4412,热电联产,燃煤锅炉,DA001,9,[]
SRC-RAW-2FB8FC20271C9C66798A,火电热力,2022,4412,热电联产,燃煤锅炉,DA001,9,[]
SRC-RAW-E1578965320B3BBB0C8E,工业锅炉,2022,1752,化纤织物染整精加工,燃气锅炉,DA001,9,[]
SRC-RAW-B0F0A3259442754D763C,工业锅炉,2022,1752,化纤织物染整精加工,燃气锅炉,DA001,9,[]
SRC-RAW-75B992970CCA9E6FD062,工业锅炉,2022,1711,棉纺纱加工,燃气锅炉,DA001,9,[]
SRC-RAW-87D5652499B3066F3BA1,范围外,2022,1713,棉印染精加工,燃生物质锅炉,DA001,0,[]
SRC-RAW-BF5442DA7D0B2730475F,工业锅炉,2022,2023,刨花板制造,燃气锅炉,DA001,9,[]
SRC-RAW-87D9C943F12C2188675F,工业锅炉,2022,1954,橡胶鞋制造,燃气锅炉,DA001,9,[]
SRC-RAW-2310980369F254A99FB0,工业锅炉,2022,1954,橡胶鞋制造,燃气锅炉,DA002,9,[]
SRC-RAW-40711A10090AFF32E475,工业锅炉,2022,1954,橡胶鞋制造,燃气锅炉,DA003,9,[]
SRC-RAW-7EA5AF21CD30CC3C5F27,工业锅炉,2022,3670,汽车零部件及配件制造,燃气锅炉,DA012,9,[]
SRC-RAW-DB9BB3B833B3BE492209,工业锅炉,2022,3670,汽车零部件及配件制造,燃气锅炉,DA012,9,[]
SRC-RAW-06636669E082A74870B0,工业锅炉,2022,3130,钢压延加工,燃气锅炉,DA001,9,[]
SRC-RAW-0475ED857AE38B031311,工业锅炉,2022,1512,白酒制造,燃气锅炉,DA003,9,[]
SRC-RAW-0DE26DDBEFD455855252,工业锅炉,2022,1712,棉织造加工,燃煤锅炉,DA002,9,[]
SRC-RAW-AE501DE2285CCD313B11,范围外,2022,2039,软木制品及其他木制品制造,燃生物质锅炉,DA005,0,[]
SRC-RAW-D759588D6094EB57D2E7,范围外,2022,1329,其他饲料加工,燃生物质锅炉,DA001,0,[]
SRC-RAW-FC8ECE3CBD34151BFDA7,工业锅炉,2022,2924,泡沫塑料制造,燃气锅炉,DA001,9,[]
SRC-RAW-059B586E0AA0DB3F016B,工业锅炉,2022,2319,包装装潢及其他印刷,燃气锅炉,DA002,9,[]
SRC-RAW-7A8E67342FE617BBE055,工业锅炉,2022,2924,泡沫塑料制造,燃气锅炉,DA001,9,[]
SRC-RAW-00FDA1BDA9611B9AF90F,工业锅炉,2022,1713,棉印染精加工,燃气锅炉,DA001,9,[]
SRC-RAW-1393B98C897676E84B0E,工业锅炉,2022,1751,化纤织造加工,燃气锅炉,DA002,9,[]
SRC-RAW-4E91585504987D3FDED0,工业锅炉,2022,1713,棉印染精加工,燃气锅炉,DA001,17,[]
SRC-RAW-3228CE0DEA9DE2D923F2,工业锅炉,2022,1781,非织造布制造,燃气锅炉,DA001,9,[]
SRC-RAW-CA2647CD2DB1817ED50D,工业锅炉,2022,1495,食品及饲料添加剂制造,燃气锅炉,DA003,9,[]
SRC-RAW-9EBC0947FD2DAE59BD04,工业锅炉,2022,1432,速冻食品制造,燃气锅炉,DA634,9,[]
SRC-RAW-F9B5411EF1AE4959892A,工业锅炉,2022,3360,金属表面处理及热处理加工,燃气锅炉,DA002,9,[]
SRC-RAW-109A59DAD117E30BD750,工业锅炉,2022,3670,汽车零部件及配件制造,燃气锅炉,DA004,9,[]
SRC-RAW-92442C59C2F1C80173E1,工业锅炉,2022,3670,汽车零部件及配件制造,燃气锅炉,DA003,9,[]
SRC-RAW-81699B9FE8DEE89F152F,工业锅炉,2022,3670,汽车零部件及配件制造,燃气锅炉,DA005,9,[]
SRC-RAW-75CF55C29BD450F5108C,工业锅炉,2022,1761,针织或钩针编织物织造,燃油锅炉,DA001,9,[]
SRC-RAW-89C3F59EC64AB498EB34,工业锅炉,2022,3021,水泥制品制造,燃气锅炉,DA001,9,[]
SRC-RAW-09E7C2C6CB9E5436CE4A,工业锅炉,2022,1713,棉印染精加工,燃气锅炉,DA001,9,[]
SRC-RAW-2121B2970D8C4DCDAFD0,工业锅炉,2022,2761,生物药品制造,燃气锅炉,DA001,9,[]
SRC-RAW-A0AD1007A7450AA3FCB4,范围外,2022,1910,皮革鞣制加工,燃生物质锅炉,DA001,0,[]
SRC-RAW-27B2789BD4E5E6793CAF,工业锅炉,2022,1462,酱油、食醋及类似制品制造,燃气锅炉,DA001,9,[]
SRC-RAW-807ABE7807F655BBFEF6,工业锅炉,2022,2929,塑料零件及其他塑料制品制造,燃气锅炉,DA001,9,[]
SRC-RAW-6C73AB04B29D076ABAE9,工业锅炉,2022,2740,中成药生产,燃气锅炉,DA001,9,[]
SRC-RAW-B4688E13D81415CEC2BF,工业锅炉,2022,1529,茶饮料及其他饮料制造,燃气锅炉,DA366,9,[]
SRC-RAW-8DC4A08C4641162E070D,工业锅炉,2022,1954,橡胶鞋制造,燃气锅炉,DA001,17,[]
SRC-RAW-9F8E5BEA254777AADB00,工业锅炉,2022,3024,轻质建筑材料制造,燃气锅炉,DA001,9,[]
SRC-RAW-EB081768B718FAC65D9F,工业锅炉,2022,2922,塑料板、管、型材制造,燃气锅炉,DA002,9,[]
SRC-RAW-D416F9DD021BA74195D5,工业锅炉,2022,3130,钢压延加工,燃气锅炉,DA001,9,[]
SRC-RAW-D6236FBE2093393A3D62,工业锅炉,2022,2319,包装装潢及其他印刷,燃气锅炉,DA007,9,[]
SRC-RAW-0B096BA45C0E7AD31296,工业锅炉,2022,3311,金属结构制造,燃气锅炉,DA002,9,[]
SRC-RAW-4057ABAC7CCC2BD75B80,工业锅炉,2022,3311,金属结构制造,燃气锅炉,DA003,9,[]
SRC-RAW-C0C5DF8D3CF3A4429E60,工业锅炉,2022,3360,金属表面处理及热处理加工,燃气锅炉,DA006,9,[]
SRC-RAW-79FF5DE9ADA62469275A,工业锅炉,2022,3670,汽车零部件及配件制造,燃气锅炉,DA001,9,[]
SRC-RAW-E439E31370E82A8C4479,工业锅炉,2022,3670,汽车零部件及配件制造,燃气锅炉,DA002,9,[]
SRC-RAW-93D7A0D2D638E8A0DA0F,范围外,2022,1513,啤酒制造,燃生物质锅炉,DA001,0,[]
SRC-RAW-F2A0BACE68909A6C4386,范围外,2022,1513,啤酒制造,燃生物质锅炉,DA001,0,[]
SRC-RAW-E9900D4E0103119906CB,工业锅炉,2022,3670,汽车零部件及配件制造,燃气锅炉,DA007,9,[]
SRC-RAW-FF84CF25763416EA56B5,工业锅炉,2022,3670,汽车零部件及配件制造,燃气锅炉,DA007,9,[]
SRC-RAW-CFDAB0D71617B1A188E5,工业锅炉,2022,3670,汽车零部件及配件制造,燃气锅炉,DA007,9,[]
SRC-RAW-CB44D54725E62AC2CEC2,工业锅炉,2022,3670,汽车零部件及配件制造,燃气锅炉,DA007,9,[]
SRC-RAW-1211DC9C5AA9AAE753A7,工业锅炉,2022,3951,电视机制造,燃气锅炉,DA001,9,[]
SRC-RAW-81ED4FF5477D24345FFF,工业锅炉,2022,3951,电视机制造,燃气锅炉,DA001,9,[]
SRC-RAW-8A78D8B88DDA31B80F99,工业锅炉,2022,3951,电视机制造,燃气锅炉,DA001,9,[]
SRC-RAW-A722D48F31CF43FDC2CE,工业锅炉,2022,4119,其他日用杂品制造,燃油锅炉,DA001,9,[]
SRC-RAW-7E7B851AC30E7AB98547,工业锅炉,2022,4119,其他日用杂品制造,燃油锅炉,DA002,9,[]
SRC-RAW-625AF993B91D82B51A5E,工业锅炉,2022,3360,金属表面处理及热处理加工,燃气锅炉,DA001,9,[]
SRC-RAW-DFE64FC67960CC264845,工业锅炉,2022,3360,金属表面处理及热处理加工,燃气锅炉,DA001,9,[]
SRC-RAW-48141DA1A88388B3D78A,工业锅炉,2022,3670,汽车零部件及配件制造,燃气锅炉,DA004,9,[]
SRC-RAW-BDA758D6F11C8C59A09A,工业锅炉,2022,3670,汽车零部件及配件制造,燃气锅炉,DA004,9,[]
SRC-RAW-4310725AC7F73DE59E98,工业锅炉,2022,2023,刨花板制造,燃气锅炉,DA001,9,[]
SRC-RAW-A87EAC57C4B111DF6443,工业锅炉,2022,1713,棉印染精加工,燃气锅炉,DA005,9,[]
SRC-RAW-49A01F9C949CD19C532E,工业锅炉,2022,2021,胶合板制造,燃油锅炉,DA001,9,[]
SRC-RAW-76DE60841A2F2DAFD51B,工业锅炉,2022,1432,速冻食品制造,燃气锅炉,DA001,9,[]
SRC-RAW-B10579D675E80B951492,火电热力,2022,4417,生物质能发电,燃生物质锅炉,DA003,9,[]
SRC-RAW-D46BE041463188108360,火电热力,2022,4417,生物质能发电,燃生物质锅炉,DA007,9,[]
SRC-RAW-D609BC1E708BAA92F9E3,火电热力,2022,4417,生物质能发电,燃生物质锅炉,DA004,9,[]
SRC-RAW-FD5863E6625BED8C6381,火电热力,2022,4417,生物质能发电,燃生物质锅炉,DA005,9,[]
SRC-RAW-48DCBBDCA9816A53DD04,火电热力,2022,4417,生物质能发电,燃生物质锅炉,DA008,9,[]
SRC-RAW-C3F4996C11D1DF0BE32C,火电热力,2022,4417,生物质能发电,燃生物质锅炉,DA006,9,[]
SRC-RAW-F6593ABCF4EF96743105,火电热力,2022,4417,生物质能发电,燃生物质锅炉,DA001,9,[]
SRC-RAW-5CA1C1727615BA571D03,火电热力,2022,4417,生物质能发电,燃生物质锅炉,DA002,9,[]
SRC-RAW-50BE6E7B00838E30D5F6,工业锅炉,2022,3976,光电子器件制造,燃气锅炉,DA046,9,[]
SRC-RAW-97C7B0C07AF276E7AB40,工业锅炉,2022,3976,光电子器件制造,燃气锅炉,DA046,9,[]
SRC-RAW-C4AEFE686257B0C11D20,工业锅炉,2022,3976,光电子器件制造,燃气锅炉,DA046,9,[]
SRC-RAW-7FE68A91E7149E83210C,范围外,2022,2924,泡沫塑料制造,燃气轮机,DA378,0,[]
SRC-RAW-8C69788B77C8CE297ABB,工业锅炉,2022,1712,棉织造加工,燃气锅炉,DA001,9,[]
SRC-RAW-6EAB6262167FA0E8D39E,火电热力,2022,4412,热电联产,燃煤锅炉,DA001,9,[]
SRC-RAW-094CC43E62D48F0DFC4D,火电热力,2022,4412,热电联产,燃煤锅炉,DA001,9,[]
SRC-RAW-1A019E18811F4036A320,工业锅炉,2022,2641,涂料制造,燃油锅炉,DA005,9,[]
SRC-RAW-5F34D5C2C00DEAC5BC2B,工业锅炉,2022,3670,汽车零部件及配件制造,燃气锅炉,DA005,9,[]
SRC-RAW-7F7034C92147DCDC53B5,工业锅炉,2022,3670,汽车零部件及配件制造,燃气锅炉,DA005,9,[]
SRC-RAW-FD6A8D84F8304DFC5DC5,工业锅炉,2022,1391,淀粉及淀粉制品制造,燃气锅炉,DA001,9,[]
SRC-RAW-E9246307D4C6A852DA87,工业锅炉,2022,2924,泡沫塑料制造,燃气锅炉,DA001,9,[]
SRC-RAW-82834F0C3BCA38A437C5,工业锅炉,2022,2319,包装装潢及其他印刷,燃气锅炉,DA001,9,[]
SRC-RAW-F664FE5B1B622357C7AA,工业锅炉,2022,1713,棉印染精加工,燃气锅炉,DA004,9,[]
SRC-RAW-C52C876E12EF5401DC92,工业锅炉,2022,3252,铝压延加工,燃气锅炉,DA002,9,[]
SRC-RAW-4DB417A58257DEF3970C,工业锅炉,2022,1353,肉制品及副产品加工,燃气锅炉,DA055,9,[]
SRC-RAW-CF7EF5C50016904CC96F,工业锅炉,2022,2019,其他木材加工,燃气锅炉,DA001,9,[]
SRC-RAW-F605ED8DF0703548CBD7,工业锅炉,2022,3670,汽车零部件及配件制造,燃气锅炉,DA001,9,[]
SRC-RAW-BE14C580775B69CD91BB,工业锅炉,2022,3670,汽车零部件及配件制造,燃气锅炉,DA002,9,[]
SRC-RAW-528896DB58331B843A7B,工业锅炉,2022,3670,汽车零部件及配件制造,燃气锅炉,DA003,9,[]
SRC-RAW-B06747262EFB2BD59186,工业锅炉,2022,3670,汽车零部件及配件制造,燃气锅炉,DA004,9,[]
SRC-RAW-F7BC3BBE0ED2103CD49B,工业锅炉,2022,1513,啤酒制造,燃气锅炉,DA001,9,[]
SRC-RAW-8651F517A49DE0787A19,工业锅炉,2022,1513,啤酒制造,燃气锅炉,DA002,9,[]
SRC-RAW-F60CD6F1EAA2C74AA357,工业锅炉,2022,1513,啤酒制造,燃气锅炉,DA003,9,[]
SRC-RAW-4404A9F089E648F86A4F,工业锅炉,2022,1513,啤酒制造,燃气锅炉,DA004,9,[]
SRC-RAW-65CEDED62DFA60D29E04,工业锅炉,2022,1910,皮革鞣制加工,燃油锅炉,DA001,9,[]
SRC-RAW-DBB8F6B93FFAAEBD7D49,工业锅炉,2022,1431,米、面制品制造,燃油锅炉,DA001,9,[]
SRC-RAW-E4E70CB42060F3E2F043,工业锅炉,2022,2924,泡沫塑料制造,燃气锅炉,DA001,9,[]
SRC-RAW-030226669AEF0C05A2EE,工业锅炉,2022,1353,肉制品及副产品加工,燃气锅炉,DA001,9,[]
SRC-RAW-C97F4AF50542B3071751,工业锅炉,2022,3360,金属表面处理及热处理加工,燃气锅炉,DA001,9,[]
SRC-RAW-AF2381141D03F4C4F612,工业锅炉,2022,3360,金属表面处理及热处理加工,燃气锅炉,DA002,9,[]
SRC-RAW-C1B051658C9442804D63,工业锅炉,2022,1512,白酒制造,燃气锅炉,DA002,9,[]
SRC-RAW-3E06EF62E9B4B311DBA8,工业锅炉,2022,1452,水产品罐头制造,燃气锅炉,DA001,9,[]
SRC-RAW-C8574D4D45BB15E7CCAB,工业锅炉,2022,1452,水产品罐头制造,燃气锅炉,DA001,9,[]
SRC-RAW-969A6C0C2CA9F3CDEF06,工业锅炉,2022,1452,水产品罐头制造,燃气锅炉,DA002,9,[]
SRC-RAW-6046DA9A28C6E26BD858,工业锅炉,2022,1452,水产品罐头制造,燃气锅炉,DA003,9,[]
SRC-RAW-BD80CFD8C96DEC8A7932,工业锅炉,2022,1452,水产品罐头制造,燃气锅炉,DA004,9,[]
SRC-RAW-521FDBF5D70A26BEA90A,工业锅炉,2022,2641,涂料制造,燃气锅炉,DA004,9,[]
SRC-RAW-8AE706EDB0555DD27675,工业锅炉,2022,2319,包装装潢及其他印刷,燃气锅炉,DA001,9,[]
SRC-RAW-FD35B9A8B05C5EAE5814,范围外,2022,2924,泡沫塑料制造,燃生物质锅炉,DA001,0,[]
SRC-RAW-F9615C00FE75079FF915,工业锅炉,2022,1713,棉印染精加工,燃煤锅炉,DA001,9,[]
SRC-RAW-855215FBCC155F38DA85,工业锅炉,2022,1713,棉印染精加工,燃煤锅炉,DA001,9,[]
SRC-RAW-3EDB0FC0FE02A5601117,工业锅炉,2022,1713,棉印染精加工,燃煤锅炉,DA001,9,[]
SRC-RAW-6EB538B0C207F12771FD,工业锅炉,2022,1713,棉印染精加工,燃煤锅炉,DA001,9,[]
SRC-RAW-CF48B4A805DD1F6C2DDB,火电热力,2022,4411,火力发电,燃气锅炉,DA001,9,[]
SRC-RAW-15CBEFD7AD93B4A83536,火电热力,2022,4411,火力发电,燃气锅炉,DA002,9,[]
SRC-RAW-F06C35084B483B2C61DA,火电热力,2022,4411,火力发电,燃气锅炉,DA003,9,[]
SRC-RAW-83A7538C7141F31D4766,火电热力,2022,4417,生物质能发电,燃生物质锅炉,DA001,17,[]
SRC-RAW-2576EC03601F6FE822D3,火电热力,2022,4417,生物质能发电,燃生物质锅炉,DA002,17,[]
SRC-RAW-348081EAD3495DCF3D08,火电热力,2022,4417,生物质能发电,燃生物质锅炉,DA003,17,[]
SRC-RAW-294D9215131B1E046C37,火电热力,2022,4417,生物质能发电,燃生物质锅炉,DA004,17,[]
SRC-RAW-1B4A9D4F6BA05AC67566,工业锅炉,2022,1513,啤酒制造,燃气锅炉,DA001,9,[]
SRC-RAW-D643BD87555A95C87103,工业锅炉,2022,1513,啤酒制造,燃气锅炉,DA001,9,[]
SRC-RAW-8D800B5564DE321522D6,工业锅炉,2022,1713,棉印染精加工,燃气锅炉,DA021,9,[]
SRC-RAW-BAEE507643C8114175B4,工业锅炉,2022,1713,棉印染精加工,燃气锅炉,DA017,9,[]
SRC-RAW-F94C2C49EC7474D44071,工业锅炉,2022,1713,棉印染精加工,燃气锅炉,DA018,9,[]
SRC-RAW-6A93B73A2400F0858C6B,工业锅炉,2022,1713,棉印染精加工,燃气锅炉,DA019,9,[]
SRC-RAW-7245AC932FEC4F58FDD2,工业锅炉,2022,2720,化学药品制剂制造,燃气锅炉,DA001,9,[]
SRC-RAW-37C526C1988D8A37C62F,工业锅炉,2022,2720,化学药品制剂制造,燃气锅炉,DA001,9,[]
SRC-RAW-3DB750925C1A13910166,工业锅炉,2022,2720,化学药品制剂制造,燃气锅炉,DA001,9,[]
SRC-RAW-AEFFC3FA98670420FAEA,工业锅炉,2022,2720,化学药品制剂制造,燃气锅炉,DA001,9,[]
SRC-RAW-5BD2ECBCC548B4D7F7BB,工业锅炉,2022,2641,涂料制造,燃气锅炉,DA001,9,[]
SRC-RAW-B88DF5A57C5AB8A62847,工业锅炉,2022,2641,涂料制造,燃气锅炉,DA002,9,[]
SRC-RAW-58FD87ADDCEC3259BFD5,工业锅炉,2022,1329,其他饲料加工,燃气锅炉,DA001,9,[]
SRC-RAW-D03FFB34A82D37915BB6,工业锅炉,2022,1329,其他饲料加工,燃气锅炉,DA002,9,[]
SRC-RAW-398C19105B55857316C3,工业锅炉,2022,2730,中药饮片加工,燃气锅炉,DA001,9,[]
SRC-RAW-EDB2A2F63A1A093D5343,工业锅炉,2022,2730,中药饮片加工,燃气锅炉,DA002,9,[]
SRC-RAW-DB95076749555AA57FC1,工业锅炉,2022,1712,棉织造加工,燃气锅炉,DA001,9,[]
SRC-RAW-7E7CE57C38DAE30EFEEB,工业锅炉,2022,3022,砼结构构件制造,燃气锅炉,DA001,9,[]
SRC-RAW-5281EBCBA9993D00E0CE,工业锅炉,2022,1362,鱼糜制品及水产品干腌制加工,燃油锅炉,DA001,9,[]
SRC-RAW-618708980F71707CC90C,工业锅炉,2022,2641,涂料制造,燃气锅炉,DA001,9,[]
SRC-RAW-2DB1186ABC3CB898D6A8,工业锅炉,2022,2641,涂料制造,燃气锅炉,DA001,9,[]
SRC-RAW-B6E7F3F1684AA333DEFE,工业锅炉,2022,1419,饼干及其他焙烤食品制造,燃气锅炉,DA001,9,[]
SRC-RAW-C35CAC40BA910D26F358,工业锅炉,2022,1439,其他方便食品制造,燃气锅炉,DA001,9,[]
SRC-RAW-7E8748F5C9D8A0C65585,工业锅炉,2022,2720,化学药品制剂制造,燃气锅炉,DA001,9,[]
SRC-RAW-3776FABC1E36D48ECF08,工业锅炉,2022,2662,专项化学用品制造,燃气锅炉,DA002,9,[]
SRC-RAW-53B3DA1A129662560EA4,工业锅炉,2022,2662,专项化学用品制造,燃气锅炉,DA002,9,[]
SRC-RAW-E153D83C86BAEC65141B,工业锅炉,2022,1353,肉制品及副产品加工,燃气锅炉,DA001,9,[]
SRC-RAW-5FAB5AEF17D1FC0FA4AE,工业锅炉,2022,1353,肉制品及副产品加工,燃气锅炉,DA002,9,[]
SRC-RAW-2277B99DCC52D8899CAB,范围外,2022,1499,其他未列明食品制造,燃气轮机,DA001,0,[]
SRC-RAW-01BBA0AFFF196AB6FB5E,工业锅炉,2022,2319,包装装潢及其他印刷,燃气锅炉,DA001,9,[]
SRC-RAW-5D144BF1D2E5A47AC29C,工业锅炉,2022,3360,金属表面处理及热处理加工,燃气锅炉,DA001,9,[]
SRC-RAW-053C544A06037791A9BC,工业锅炉,2022,3360,金属表面处理及热处理加工,燃气锅炉,DA002,9,[]
SRC-RAW-2CBB91099996BFFEE8B6,工业锅炉,2022,2661,化学试剂和助剂制造,燃气锅炉,DA001,9,[]
SRC-RAW-0304B08117CC725BB4AA,工业锅炉,2022,2661,化学试剂和助剂制造,燃气锅炉,DA001,9,[]
SRC-RAW-E3A6FB9BD8FE459463C3,工业锅炉,2022,2661,化学试剂和助剂制造,燃气锅炉,DA001,9,[]
SRC-RAW-E4983AE8836E0FB3A00E,工业锅炉,2022,2231,纸和纸板容器制造,燃气锅炉,DA001,9,[]
SRC-RAW-65D5F62A9AAA059279B5,工业锅炉,2022,2231,纸和纸板容器制造,燃气锅炉,DA001,9,[]
SRC-RAW-29ABAB5E1641401D3F85,范围外,2022,2921,塑料薄膜制造,燃生物质锅炉,DA001,0,[]
SRC-RAW-2E17A22F3E9B93BE4973,工业锅炉,2022,3831,电线、电缆制造,燃气锅炉,DA001,9,[]
SRC-RAW-C4D8DA5F63477DB39477,工业锅炉,2022,3831,电线、电缆制造,燃气锅炉,DA002,9,[]
SRC-RAW-993FC1CD7B61FE3F6408,工业锅炉,2022,2239,其他纸制品制造,燃气锅炉,DA001,9,[]
SRC-RAW-F8B09805F4A826ECE107,工业锅炉,2022,1762,针织或钩针编织物印染精加工,燃气锅炉,DA001,9,[]
SRC-RAW-1CBA991E475CC33C7CC6,范围外,2022,1329,其他饲料加工,燃生物质锅炉,DA001,0,[]
SRC-RAW-3EDD5F1EAF715D7DF690,工业锅炉,2022,1329,其他饲料加工,燃油锅炉,DA002,9,[]
SRC-RAW-30A7DEF65CC8908D7DFD,工业锅炉,2022,1329,其他饲料加工,燃气锅炉,DA001,9,[]
SRC-RAW-3137B85953FBC24272B5,工业锅炉,2022,1329,其他饲料加工,燃气锅炉,DA002,9,[]
SRC-RAW-4308FDB49AB511DD99D5,工业锅炉,2022,2651,初级形态塑料及合成树脂制造,燃气锅炉,DA001,9,[]
SRC-RAW-F2A5FF69D3A10E95FA11,工业锅炉,2022,1819,其他机织服装制造,燃气锅炉,DA001,9,[]
SRC-RAW-967B53AB001D32C1588E,工业锅炉,2022,1819,其他机织服装制造,燃气锅炉,DA001,9,[]
SRC-RAW-1A0666F33FD0A13F7635,工业锅炉,2022,1819,其他机织服装制造,燃气锅炉,DA001,9,[]
SRC-RAW-072D7031ED5969D15F47,范围外,2022,2921,塑料薄膜制造,燃生物质锅炉,DA001,0,[]
SRC-RAW-2E53615E8AFFCB035389,工业锅炉,2022,2921,塑料薄膜制造,燃气锅炉,DA002,9,[]
SRC-RAW-B852CAA74326ABE0942D,工业锅炉,2022,1751,化纤织造加工,燃气锅炉,DA001,9,[]
SRC-RAW-4ECDC384C0637F37E233,范围外,2022,1762,针织或钩针编织物印染精加工,燃生物质锅炉,DA001,0,[]
SRC-RAW-618D8C6664DC3A3F8403,范围外,2022,1762,针织或钩针编织物印染精加工,燃生物质锅炉,DA001,0,[]
SRC-RAW-15410067B11CB4D89BA8,工业锅炉,2022,1451,肉、禽类罐头制造,燃油锅炉,DA001,9,[]
SRC-RAW-CBEBA77EA895447206E4,工业锅炉,2022,1732,麻织造加工,燃气锅炉,DA001,9,[]
SRC-RAW-7B5DCF4CE1858F2E6819,工业锅炉,2022,2929,塑料零件及其他塑料制品制造,燃气锅炉,DA001,9,[]
SRC-RAW-903C269F8EB5DB1559EC,工业锅炉,2022,1819,其他机织服装制造,燃油锅炉,DA001,9,[]
SRC-RAW-6D2DD2D519500792EDE6,工业锅炉,2022,1819,其他机织服装制造,燃气锅炉,DA002,9,[]
SRC-RAW-F10588DB8690F029758B,范围外,2022,2319,包装装潢及其他印刷,燃生物质锅炉,DA001,0,[]
SRC-RAW-139C8F4E7E7BCF1E39F8,火电热力,2022,4430,热力生产和供应,燃煤锅炉,DA001,9,[]
SRC-RAW-1AF62196C8AA9525EBDE,火电热力,2022,4430,热力生产和供应,燃煤锅炉,DA001,9,[]
SRC-RAW-AD963A2E98F587C4C005,火电热力,2022,4430,热力生产和供应,燃煤锅炉,DA002,9,[]
SRC-RAW-A3D7BBC967379E671B7C,火电热力,2022,4430,热力生产和供应,燃煤锅炉,DA002,9,[]
SRC-RAW-EA220025CD9E167C6BAC,工业锅炉,2022,2662,专项化学用品制造,燃油锅炉,DA001,9,[]
SRC-RAW-62A58A0E67972B5B84E3,工业锅炉,2022,2662,专项化学用品制造,燃油锅炉,DA001,9,[]
SRC-RAW-9DE45D206E927213F6F0,工业锅炉,2022,1713,棉印染精加工,燃气锅炉,DA001,9,[]
SRC-RAW-5DE8C0C6F54C098F0500,火电热力,2022,4430,热力生产和供应,燃气锅炉,DA001,9,[]
SRC-RAW-618945B92A931DA2F4B7,火电热力,2022,4430,热力生产和供应,燃气锅炉,DA001,9,[]
SRC-RAW-AAA1BCD4D1FB1664E7CB,火电热力,2022,4430,热力生产和供应,燃气锅炉,DA001,9,[]
SRC-RAW-BE59A22AE4F84FAF41E7,工业锅炉,2022,1452,水产品罐头制造,燃气锅炉,DA001,9,[]
SRC-RAW-13544BB87A2F5434234E,工业锅炉,2022,1713,棉印染精加工,燃煤锅炉,DA001,9,[]
SRC-RAW-D33F726B8FB41A3785BD,工业锅炉,2022,1713,棉印染精加工,燃煤锅炉,DA001,9,[]
SRC-RAW-1974A68B59946958F10C,工业锅炉,2022,3670,汽车零部件及配件制造,燃气锅炉,DA001,9,[]
SRC-RAW-682DD3BD0922D1461329,工业锅炉,2022,3670,汽车零部件及配件制造,燃气锅炉,DA001,9,[]
SRC-RAW-F3FAE8BC7D9A344485E8,工业锅炉,2022,2651,初级形态塑料及合成树脂制造,燃气锅炉,DA001,9,[]
SRC-RAW-369EEDE6FFE8DA8BAB9C,工业锅炉,2022,2924,泡沫塑料制造,燃气锅炉,DA001,9,[]
SRC-RAW-98BE014A6E322DF74523,工业锅炉,2022,2924,泡沫塑料制造,燃气锅炉,DA002,9,[]
SRC-RAW-1AF0E3505ACDD019F44C,工业锅炉,2022,3399,其他未列明金属制品制造,燃气锅炉,DA002,9,[]
SRC-RAW-0BAEADD9472A6E820F3A,工业锅炉,2022,3399,其他未列明金属制品制造,燃气锅炉,DA003,9,[]
SRC-RAW-D0D4042EFAEEB9CEE08E,工业锅炉,2022,3360,金属表面处理及热处理加工,燃气锅炉,DA001,9,[]
SRC-RAW-9ABBE529572F0EEB77BC,工业锅炉,2022,2641,涂料制造,燃气锅炉,DA001,9,[]
SRC-RAW-6B09B8B9D54AECCD8964,火电热力,2022,4411,火力发电,燃煤锅炉,DA001,9,[]
SRC-RAW-C4CB2C34A6EC14F82F9F,火电热力,2022,4411,火力发电,燃煤锅炉,DA002,9,[]
SRC-RAW-DFA7F16BC490271E3139,工业锅炉,2022,2829,其他合成纤维制造,其他锅炉,DA001,9,[]
SRC-RAW-E84B93B44DB66B613CC3,工业锅炉,2022,2919,其他橡胶制品制造,燃气锅炉,DA001,9,[]
SRC-RAW-631E4F58AF808D9A7D71,工业锅炉,2022,2641,涂料制造,燃油锅炉,DA001,9,[]
SRC-RAW-484CDC9A113875DB2012,工业锅炉,2022,2662,专项化学用品制造,燃气锅炉,DA001,9,[]
SRC-RAW-5459144BC254B871AFE7,工业锅炉,2022,2662,专项化学用品制造,燃气锅炉,DA002,9,[]
SRC-RAW-25C91151153E4C6067DD,工业锅炉,2022,2511,原油加工及石油制品制造,燃气锅炉,DA001,9,[]
SRC-RAW-869DE1FDEC5516054633,工业锅炉,2022,2689,其他日用化学产品制造,燃气锅炉,DA001,9,[]
SRC-RAW-37F5D72929ADEBBA9BDF,工业锅炉,2022,3515,建筑材料生产专用机械制造,燃气锅炉,DA001,9,[]
SRC-RAW-EC1C322B0B9A0E884C81,范围外,2022,1819,其他机织服装制造,燃生物质锅炉,DA001,0,[]
SRC-RAW-9DF4C396F4BDF5F55B91,工业锅炉,2022,3221,金冶炼,燃气锅炉,DA001,9,[]
SRC-RAW-E286E96F4250EC7ED898,工业锅炉,2022,3221,金冶炼,燃气锅炉,DA001,9,[]
SRC-RAW-A10203D87E677A5AD55F,工业锅炉,2022,2643,工业颜料制造,燃气锅炉,DA002,9,[]
SRC-RAW-A08D5FF26E12A5581B56,工业锅炉,2022,2110,木质家具制造,燃气锅炉,DA001,9,[]
SRC-RAW-FEE62752397FDDA7868B,工业锅炉,2022,2925,塑料人造革、合成革制造,燃气锅炉,DA001,9,[]
SRC-RAW-2FA76A161E0251FA67EB,工业锅炉,2022,2661,化学试剂和助剂制造,燃气锅炉,DA001,9,[]
SRC-RAW-AB24336A2E0E9B1E3B02,工业锅炉,2022,1499,其他未列明食品制造,燃气锅炉,DA001,9,[]
SRC-RAW-0A7474871E60FF3937D9,工业锅炉,2022,1499,其他未列明食品制造,燃气锅炉,DA001,9,[]
SRC-RAW-09D5C34F0C65E3505E14,工业锅炉,2022,2021,胶合板制造,燃油锅炉,DA001,9,[]
SRC-RAW-7B9EEF67CCA67FB43914,火电热力,2022,4411,火力发电,燃气轮机,DA001,9,[]
SRC-RAW-A5FDC89121714361A757,火电热力,2022,4411,火力发电,燃气轮机,DA002,9,[]
SRC-RAW-6B42CE0F94DCCAC34041,工业锅炉,2022,2925,塑料人造革、合成革制造,燃气锅炉,DA835,9,[]
SRC-RAW-1CAAA90AFE572FB26CC1,工业锅炉,2022,2924,泡沫塑料制造,燃油锅炉,DA001,9,[]
SRC-RAW-C6588136B75D868414EE,火电热力,2022,4412,热电联产,燃煤锅炉,DA001,9,[]
SRC-RAW-48982EB2A6FC7EFCB18F,火电热力,2022,4412,热电联产,燃煤锅炉,DA001,9,[]
SRC-RAW-BE7FBB12BAE0899B442C,火电热力,2022,4412,热电联产,燃煤锅炉,DA002,9,[]
SRC-RAW-9BE29C89E8CA6499ABC3,火电热力,2022,4412,热电联产,燃煤锅炉,DA002,9,[]
SRC-RAW-77D83EBD56BB8B02F0A7,火电热力,2022,4412,热电联产,燃煤锅炉,DA002,9,[]
SRC-RAW-3D68C3391F8E405ACFFC,火电热力,2022,4412,热电联产,燃煤锅炉,DA003,9,[]
SRC-RAW-F800B5F8A13295EAB36B,火电热力,2022,4412,热电联产,燃煤锅炉,DA003,9,[]
SRC-RAW-0EA1C3FA4810EDBD34F9,火电热力,2022,4412,热电联产,燃煤锅炉,DA001,9,[]
SRC-RAW-A9FB6E4E293E435004D8,火电热力,2022,4412,热电联产,燃煤锅炉,DA002,9,[]
SRC-RAW-84DF395C6347A9EF5B2F,工业锅炉,2022,3029,其他水泥类似制品制造,燃气锅炉,DA001,9,[]
SRC-RAW-1256405FC961F918E8F9,工业锅炉,2022,3029,其他水泥类似制品制造,燃气锅炉,DA002,9,[]
SRC-RAW-6873BCFF957E0BDC7331,工业锅炉,2022,3252,铝压延加工,燃气锅炉,DA018,9,[]
SRC-RAW-41935EB2B0FDC4B537ED,工业锅炉,2022,2231,纸和纸板容器制造,燃气锅炉,DA001,9,[]
SRC-RAW-0378632939421C4A1895,范围外,2022,3031,粘土砖瓦及建筑砌块制造,燃生物质锅炉,DA001,0,[]
SRC-RAW-E6665964F002AE2E0AB6,工业锅炉,2022,3211,铜冶炼,燃气锅炉,DA001,9,[]
SRC-RAW-CD5B3AED7565CE17E5EB,工业锅炉,2022,3211,铜冶炼,燃气锅炉,DA001,9,[]
SRC-RAW-1462777B715ADA15034A,工业锅炉,2022,2641,涂料制造,燃气锅炉,DA001,9,[]
SRC-RAW-B3684D9BC565F864C72C,工业锅炉,2022,2641,涂料制造,燃气锅炉,DA002,9,[]
SRC-RAW-AA6A3C961738264CB2D6,工业锅炉,2022,1492,保健食品制造,燃气锅炉,DA001,9,[]
SRC-RAW-9676421EA30F66DBF265,工业锅炉,2022,1492,保健食品制造,燃气锅炉,DA002,9,[]
SRC-RAW-1FB77EEDCDAC11D16837,工业锅炉,2022,2925,塑料人造革、合成革制造,燃气锅炉,DA001,9,[]
SRC-RAW-9F1ACCA3FDC334B247DA,工业锅炉,2022,1513,啤酒制造,燃气锅炉,DA001,9,[]
SRC-RAW-0F67E3A349A6F1C2815F,工业锅炉,2022,1513,啤酒制造,燃气锅炉,DA001,9,[]
SRC-RAW-054AF127E7769A7A7799,工业锅炉,2022,1513,啤酒制造,燃气锅炉,DA001,9,[]
SRC-RAW-29C00D7674140E820ACB,工业锅炉,2022,1513,啤酒制造,燃气锅炉,DA001,9,[]
SRC-RAW-B83933CB45889F0203DA,工业锅炉,2022,1713,棉印染精加工,燃气锅炉,DA002,9,[]
SRC-RAW-D0D6E99722C1132EB96F,工业锅炉,2022,2669,其他专用化学产品制造,燃气锅炉,DA001,9,[]
SRC-RAW-16E32DA8FA2DD0CEE3D1,工业锅炉,2022,2511,原油加工及石油制品制造,燃油锅炉,DA001,9,[]
SRC-RAW-C0B40247E475D6C85E43,工业锅炉,2022,2511,原油加工及石油制品制造,燃油锅炉,DA001,17,[]
SRC-RAW-54A963C6840BB4BDDF26,工业锅炉,2022,2511,原油加工及石油制品制造,燃气锅炉,DA001,9,[]
SRC-RAW-FE8E9C6971B774E1CD96,工业锅炉,2022,2511,原油加工及石油制品制造,燃气锅炉,DA002,9,[]
SRC-RAW-19E698D2101F9CB3FB70,工业锅炉,2022,2511,原油加工及石油制品制造,燃气锅炉,DA003,9,[]
SRC-RAW-17CECDFF86AB9EFE1752,工业锅炉,2022,2319,包装装潢及其他印刷,燃气锅炉,DA001,9,[]
SRC-RAW-9655792FB8DBE86A7F03,工业锅炉,2022,2921,塑料薄膜制造,燃气锅炉,DA001,9,[]
SRC-RAW-352BBB54510AFCD95E37,工业锅炉,2022,2921,塑料薄膜制造,燃气锅炉,DA002,9,[]
SRC-RAW-3030246688ADA75B7CE7,工业锅炉,2022,2320,装订及印刷相关服务,燃气锅炉,DA001,9,[]
SRC-RAW-D57BCA334716D6217C08,工业锅炉,2022,1462,酱油、食醋及类似制品制造,燃气锅炉,DA001,9,[]
SRC-RAW-27DDBE46F0CAD828F876,工业锅炉,2022,2619,其他基础化学原料制造,燃油锅炉,DA001,9,[]
SRC-RAW-FBAACE4B685B72687EDA,工业锅炉,2022,2619,其他基础化学原料制造,燃油锅炉,DA002,9,[]
SRC-RAW-9F22C06A1331100253D6,工业锅炉,2022,2651,初级形态塑料及合成树脂制造,燃气锅炉,DA003,9,[]
SRC-RAW-7145BBD2F32A38EEDEDF,工业锅炉,2022,2419,其他文教办公用品制造,燃气锅炉,DA002,9,[]
SRC-RAW-FF2CA474B2EBF11D59B5,工业锅炉,2022,2319,包装装潢及其他印刷,燃气锅炉,DA001,9,[]
SRC-RAW-12942D39D5FCFDA6A699,工业锅炉,2022,3130,钢压延加工,燃气锅炉,DA001,9,[]
SRC-RAW-F051A262BE189FD9AC7B,工业锅炉,2022,1329,其他饲料加工,燃气锅炉,DA001,9,[]
SRC-RAW-FB1A8F36FF4C6C3A3FD4,工业锅炉,2022,1329,其他饲料加工,燃气锅炉,DA001,9,[]
SRC-RAW-6503C771D85954C82A5B,工业锅炉,2022,1713,棉印染精加工,燃气锅炉,DA001,9,[]
SRC-RAW-EDFD19AE3DB2C5C2A978,火电热力,2022,4412,热电联产,燃气锅炉,DA001,9,[]
SRC-RAW-730DB3353BFFB25FE637,火电热力,2022,4412,热电联产,燃气锅炉,DA001,9,[]
SRC-RAW-C92C19B5ACBE28602C36,火电热力,2022,4412,热电联产,燃气锅炉,DA001,9,[]
SRC-RAW-EA6D990CA97F5A82E935,工业锅炉,2022,2511,原油加工及石油制品制造,燃油锅炉,DA002,9,[]
SRC-RAW-1641D79B98B6C1B2D364,工业锅炉,2022,2511,原油加工及石油制品制造,燃油锅炉,DA002,9,[]
SRC-RAW-FA0DA571A80ED5FA918C,工业锅炉,2022,2614,有机化学原料制造,燃油锅炉,DA001,9,[]
SRC-RAW-782BDF357110611715DE,范围外,2022,0511,种子种苗培育活动,燃气锅炉,DA007,0,[]
SRC-RAW-60435D53121BFF24C540,范围外,2022,0511,种子种苗培育活动,燃气锅炉,DA006,0,[]
SRC-RAW-29FDFF84F730B7DC231C,范围外,2022,0511,种子种苗培育活动,燃气锅炉,DA005,0,[]
SRC-RAW-0C2C64ACC3D7213D267E,工业锅炉,2022,3130,钢压延加工,燃气锅炉,DA002,9,[]
SRC-RAW-B96967ECF89E227808B2,范围外,2022,2029,其他人造板制造,燃生物质锅炉,DA001,0,[]
SRC-RAW-E0C077F6D14BF5A97FCF,工业锅炉,2022,2029,其他人造板制造,燃气锅炉,DA005,9,[]
SRC-RAW-0544650FA933A6D837BE,工业锅炉,2022,3130,钢压延加工,燃气锅炉,DA001,9,[]
SRC-RAW-7C2F8606E860C21FC7B1,范围外,2022,1713,棉印染精加工,燃生物质锅炉,DA002,0,[]
SRC-RAW-81CFC89967ABB6E0BC37,工业锅炉,2022,2826,氨纶纤维制造,燃气锅炉,DA001,9,[]
SRC-RAW-D31A716599A8068DA2FB,工业锅炉,2022,2826,氨纶纤维制造,燃气锅炉,DA001,9,[]
SRC-RAW-21052E01CEFCA417BF03,工业锅炉,2022,2826,氨纶纤维制造,燃气锅炉,DA001,9,[]
SRC-RAW-E6602523B2B5815E9B67,工业锅炉,2022,2826,氨纶纤维制造,燃气锅炉,DA002,9,[]
SRC-RAW-6F21B2A6FA1FB12744F8,工业锅炉,2022,2826,氨纶纤维制造,燃气锅炉,DA002,9,[]
SRC-RAW-D69C92E1A77C3959827C,工业锅炉,2022,2921,塑料薄膜制造,燃气锅炉,DA001,9,[]
SRC-RAW-D58DC04274919E8CE7AE,工业锅炉,2022,2651,初级形态塑料及合成树脂制造,燃气锅炉,DA309,9,[]
SRC-RAW-64E967A51CFE419D7F78,工业锅炉,2022,1329,其他饲料加工,燃气锅炉,DA001,9,[]
SRC-RAW-83ADC2080741558E58CC,工业锅炉,2022,3022,砼结构构件制造,燃气锅炉,DA001,9,[]
SRC-RAW-F68248AF9024A83DBBA1,工业锅炉,2022,2619,其他基础化学原料制造,燃气锅炉,DA001,9,[]
SRC-RAW-6147EA62C936E92F312B,工业锅炉,2022,2669,其他专用化学产品制造,燃气锅炉,DA007,9,[]
SRC-RAW-3F70B01508AF2D7FEF23,工业锅炉,2022,2643,工业颜料制造,燃气锅炉,DA002,9,[]
SRC-RAW-E3642E97E8647BE85603,工业锅炉,2022,1329,其他饲料加工,燃气锅炉,DA001,9,[]
SRC-RAW-5FB9ACEE604BA94FB231,工业锅炉,2022,1521,碳酸饮料制造,燃气锅炉,DA001,9,[]
SRC-RAW-1302E4208C57C7E7F103,工业锅炉,2022,3130,钢压延加工,燃气锅炉,DA001,9,[]
SRC-RAW-8C8BC49BE5C77900AD77,工业锅炉,2022,3130,钢压延加工,燃气锅炉,DA002,9,[]
SRC-RAW-3C2ECB1E15D954FE879F,工业锅炉,2022,3130,钢压延加工,燃气锅炉,DA003,9,[]
SRC-RAW-3C66CE171DD7B9908EA4,工业锅炉,2022,2239,其他纸制品制造,燃气锅炉,DA001,9,[]
SRC-RAW-87F94E17DCF4DAC63EE5,工业锅炉,2022,3252,铝压延加工,燃气锅炉,DA001,9,[]
SRC-RAW-51DD9DE73267624E38E1,工业锅炉,2022,3252,铝压延加工,燃气锅炉,DA002,9,[]
SRC-RAW-5DCD4B5ED20E2D801E1E,工业锅炉,2022,2021,胶合板制造,燃气锅炉,DA001,9,[]
SRC-RAW-9929DC0CB84094E15A64,工业锅炉,2022,2915,日用及医用橡胶制品制造,燃气锅炉,DA001,9,[]
SRC-RAW-C20F825B362EA11679B9,工业锅炉,2022,2651,初级形态塑料及合成树脂制造,燃气锅炉,DA002,9,[]
SRC-RAW-B36BCDAE13D0B8630247,工业锅炉,2022,3599,其他专用设备制造,燃气锅炉,DA034,9,[]
SRC-RAW-B52E69542AA024FB033C,工业锅炉,2022,2925,塑料人造革、合成革制造,燃气锅炉,DA001,9,[]
SRC-RAW-0BC575DDA13801617A2D,工业锅炉,2022,2641,涂料制造,其他锅炉,DA001,9,[]
SRC-RAW-9C4568339F1690C353D5,工业锅炉,2022,2925,塑料人造革、合成革制造,燃气锅炉,DA001,9,[]
SRC-RAW-7FDFE72457E8D120C126,工业锅炉,2022,2239,其他纸制品制造,燃气锅炉,DA001,9,[]
SRC-RAW-2FB518E3C01D1DC2EA0C,工业锅炉,2022,1513,啤酒制造,燃气锅炉,DA016,9,[]
SRC-RAW-8A72C27B84A09E7C13EA,工业锅炉,2022,1513,啤酒制造,燃气锅炉,DA016,9,[]
SRC-RAW-9F80154BB4C527931448,工业锅炉,2022,1513,啤酒制造,燃气锅炉,DA017,9,[]
SRC-RAW-0FF18CB164AC28C64EFE,工业锅炉,2022,1513,啤酒制造,燃气锅炉,DA017,9,[]
SRC-RAW-25528C9368E342E5086E,工业锅炉,2022,1513,啤酒制造,燃气锅炉,DA017,9,[]
SRC-RAW-6B6FEA0A1986341930B1,工业锅炉,2022,1513,啤酒制造,燃气锅炉,DA017,9,[]
SRC-RAW-67808F9F485AA3D2147D,工业锅炉,2022,1513,啤酒制造,燃气锅炉,DA017,9,[]
SRC-RAW-EEA1427C392D3CA7484A,工业锅炉,2022,1513,啤酒制造,燃气锅炉,DA017,9,[]
SRC-RAW-3577ADBCFDDB8E511C4C,工业锅炉,2022,1513,啤酒制造,燃气锅炉,DA017,9,[]
SRC-RAW-F362ADDF6CA22F771839,工业锅炉,2022,1513,啤酒制造,燃气锅炉,DA017,9,[]
SRC-RAW-5C3706A7037552347CBE,工业锅炉,2022,1513,啤酒制造,燃气锅炉,DA016,9,[]
SRC-RAW-7231EF68145629CA4EC9,工业锅炉,2022,1513,啤酒制造,燃气锅炉,DA016,9,[]
SRC-RAW-141B45DDD89C6AE00117,工业锅炉,2022,1513,啤酒制造,燃气锅炉,DA016,9,[]
SRC-RAW-9ED92FE50CFD2D742BC0,工业锅炉,2022,1513,啤酒制造,燃气锅炉,DA016,9,[]
SRC-RAW-4DF530DC0432DD58B3C4,工业锅炉,2022,1513,啤酒制造,燃气锅炉,DA016,9,[]
SRC-RAW-A4E604DA1E3CB987F65E,工业锅炉,2022,1513,啤酒制造,燃气锅炉,DA016,9,[]
SRC-RAW-8CA0A457AD9E6F045225,工业锅炉,2022,1513,啤酒制造,燃气锅炉,DA016,9,[]
SRC-RAW-FD1C4AFC60CD39E97B5E,工业锅炉,2022,1513,啤酒制造,燃气锅炉,DA016,9,[]
SRC-RAW-C80FCDC7FFE8B5B7C97B,工业锅炉,2022,1713,棉印染精加工,燃气锅炉,DA001,9,[]
SRC-RAW-AD5FA80D962145F2F4F3,工业锅炉,2022,2740,中成药生产,燃煤锅炉,DA002,9,[]
SRC-RAW-8AEEFC80B8EB291555FC,工业锅炉,2022,2613,无机盐制造,燃气锅炉,DA007,9,[]
SRC-RAW-E8D40F05C24C6DEB52E7,工业锅炉,2022,2613,无机盐制造,燃气锅炉,DA008,9,[]
SRC-RAW-0660B1D453C6260AEE6C,工业锅炉,2022,3670,汽车零部件及配件制造,燃气锅炉,DA004,9,[]
SRC-RAW-D557BCEDFB21CC7BF2FB,工业锅炉,2022,3252,铝压延加工,燃气锅炉,DA001,9,[]
SRC-RAW-1E422DE7EE4AE38AE912,工业锅炉,2022,1329,其他饲料加工,燃气锅炉,DA001,9,[]
SRC-RAW-28715943841D3E2AA3FF,工业锅炉,2022,1711,棉纺纱加工,燃煤锅炉,DA001,9,[]
SRC-RAW-54119B9BA5BEAAE4952E,工业锅炉,2022,1711,棉纺纱加工,燃煤锅炉,DA001,9,[]
SRC-RAW-B51CDF0046C21231F1AC,工业锅炉,2022,1711,棉纺纱加工,燃煤锅炉,DA001,9,[]
SRC-RAW-47C23E5B32A08DB77668,工业锅炉,2022,1713,棉印染精加工,燃气锅炉,DA002,9,[]
SRC-RAW-D092313A0B2C7233DEBE,工业锅炉,2022,1713,棉印染精加工,燃气锅炉,DA001,9,[]
SRC-RAW-F8D81B84809FD08E220A,工业锅炉,2022,1421,糖果、巧克力制造,燃气锅炉,DA001,9,[]
SRC-RAW-4E87CF2BA9C9603F3099,工业锅炉,2022,1421,糖果、巧克力制造,燃气锅炉,DA002,9,[]
SRC-RAW-E8A2FE3EFFE87A05CFB3,工业锅炉,2022,1421,糖果、巧克力制造,燃气锅炉,DA003,9,[]
SRC-RAW-1EA6C8BBC7D7A0B0EC2D,工业锅炉,2022,1421,糖果、巧克力制造,燃气锅炉,DA004,9,[]
SRC-RAW-FC734F94BF9456CDFAB3,工业锅炉,2022,1421,糖果、巧克力制造,燃气锅炉,DA005,9,[]
SRC-RAW-E1F28B2DECD4B19FBED4,工业锅炉,2022,2614,有机化学原料制造,燃气锅炉,DA003,9,[]
SRC-RAW-0D60D2504351FF246CFD,工业锅炉,2022,1713,棉印染精加工,燃气锅炉,DA002,9,[]
SRC-RAW-72A45D15D5667DB51809,工业锅炉,2022,1713,棉印染精加工,燃气锅炉,DA001,9,[]
SRC-RAW-F945F4FA9CE11A30ECEE,工业锅炉,2022,3130,钢压延加工,燃气锅炉,DA004,9,[]
SRC-RAW-A4085382721A004C9438,工业锅炉,2022,2641,涂料制造,燃气锅炉,DA001,9,[]
SRC-RAW-4852E81AFC00DEF0CA27,工业锅炉,2022,2613,无机盐制造,燃气锅炉,DA016,9,[]
SRC-RAW-B60B0CDAD960CED06D32,工业锅炉,2022,2641,涂料制造,燃气锅炉,DA001,9,[]
SRC-RAW-1524F48A95549E96C6B3,工业锅炉,2022,1713,棉印染精加工,燃气锅炉,DA001,9,[]
SRC-RAW-DAA4EEF1B1163D967A1E,工业锅炉,2022,2641,涂料制造,燃气锅炉,DA003,9,[]
SRC-RAW-4176DB422535B809A5F6,工业锅炉,2022,1713,棉印染精加工,燃气锅炉,DA003,9,[]
SRC-RAW-C29D9B0E977DC263F9D1,工业锅炉,2022,1373,水果和坚果加工,燃气锅炉,DA001,9,[]
SRC-RAW-D6FF7B5F81BE078C66AF,工业锅炉,2022,1373,水果和坚果加工,燃气锅炉,DA002,9,[]
SRC-RAW-FA12BF1950068657D60B,工业锅炉,2022,1373,水果和坚果加工,燃气锅炉,DA003,9,[]
SRC-RAW-42B81E9EEFCC9A362397,工业锅炉,2022,1373,水果和坚果加工,燃气锅炉,DA004,9,[]
SRC-RAW-42EF4E4771D3BA4D98E9,工业锅炉,2022,2929,塑料零件及其他塑料制品制造,燃气锅炉,DA001,9,[]
SRC-RAW-F4FF72FB41AA42EB1C6B,工业锅炉,2022,2661,化学试剂和助剂制造,燃油锅炉,DA001,9,[]
SRC-RAW-D30F79852FCBC562546D,工业锅炉,2022,2661,化学试剂和助剂制造,燃油锅炉,DA002,9,[]
SRC-RAW-853CF416B214F2358D34,工业锅炉,2022,2661,化学试剂和助剂制造,燃气锅炉,DA003,9,[]
SRC-RAW-5B2EB64EB366BB40F7C3,工业锅炉,2022,2661,化学试剂和助剂制造,燃气锅炉,DA004,9,[]
SRC-RAW-BDC14746E817D5C02C2C,工业锅炉,2022,2661,化学试剂和助剂制造,燃气锅炉,DA005,9,[]
SRC-RAW-6A9249CC59147CDD0113,工业锅炉,2022,2661,化学试剂和助剂制造,燃气锅炉,DA006,9,[]
SRC-RAW-27242ECF3AEBAF563852,工业锅炉,2022,2682,化妆品制造,燃气锅炉,DA112,9,[]
SRC-RAW-016D4D175C6B8FA1130A,工业锅炉,2022,3843,铅蓄电池制造,燃油锅炉,DA001,9,[]
SRC-RAW-E8180D15327DC7920B20,工业锅炉,2022,1723,毛染整精加工,燃气锅炉,DA003,9,[]
SRC-RAW-E7A867782112F5431EAC,范围外,2022,1723,毛染整精加工,,DA004,0,[]
SRC-RAW-2B2115D2D7A79A0E5715,工业锅炉,2022,4220,非金属废料和碎屑加工处理,燃气锅炉,DA002,9,[]
SRC-RAW-7B5B5A3CF195EFD1CC27,工业锅炉,2022,4220,非金属废料和碎屑加工处理,燃气锅炉,DA003,9,[]
SRC-RAW-9BC674E2616B61F300CC,工业锅炉,2022,4220,非金属废料和碎屑加工处理,燃气锅炉,DA004,9,[]
SRC-RAW-63B9DCDA4F1A96F4AF2F,工业锅炉,2022,2511,原油加工及石油制品制造,燃气锅炉,DA008,9,[]
SRC-RAW-67443394F0E9EC659533,工业锅炉,2022,2511,原油加工及石油制品制造,燃气锅炉,DA008,9,[]
SRC-RAW-64976288C85E964A89ED,工业锅炉,2022,2511,原油加工及石油制品制造,燃气锅炉,DA008,9,[]
SRC-RAW-C0CF1ECCEC70EE294C3B,工业锅炉,2022,2511,原油加工及石油制品制造,燃气锅炉,DA007,9,[]
SRC-RAW-F88539BB29A6373318B0,工业锅炉,2022,2511,原油加工及石油制品制造,燃气锅炉,DA007,9,[]
SRC-RAW-5961431CEC36C9CE6A24,工业锅炉,2022,2924,泡沫塑料制造,燃气锅炉,DA001,9,[]
SRC-RAW-F0419BC480C2E79BAD62,工业锅炉,2022,2651,初级形态塑料及合成树脂制造,燃气锅炉,DA003,9,[]
SRC-RAW-34CF2964794C33FA6887,工业锅炉,2022,2651,初级形态塑料及合成树脂制造,燃气锅炉,DA004,9,[]
SRC-RAW-A43F4CFA103E8B96C75B,工业锅炉,2022,2651,初级形态塑料及合成树脂制造,燃气锅炉,DA005,9,[]
SRC-RAW-7A96BEF9BD655142D92F,工业锅炉,2022,3130,钢压延加工,燃气锅炉,DA003,9,[]
SRC-RAW-7ED9F7B7DEB8E2C74993,工业锅炉,2022,2921,塑料薄膜制造,燃气锅炉,DA001,9,[]
SRC-RAW-657EF7F943781B5019B2,工业锅炉,2022,2921,塑料薄膜制造,燃气锅炉,DA001,9,[]
SRC-RAW-F017B9C9BF8DB2DCAEBB,工业锅炉,2022,3252,铝压延加工,燃气锅炉,DA004,9,[]
SRC-RAW-3DA7B6F4871ED29A992D,工业锅炉,2022,1713,棉印染精加工,燃气锅炉,DA008,9,[]
SRC-RAW-D506686AFCF139FC1DDC,工业锅炉,2022,3130,钢压延加工,燃气锅炉,DA008,9,[]
SRC-RAW-23ED6C249BF4CA33C761,工业锅炉,2022,3130,钢压延加工,燃气锅炉,DA009,9,[]
SRC-RAW-7788FC3ACFBC690B450B,工业锅炉,2022,3130,钢压延加工,燃气锅炉,DA010,9,[]
SRC-RAW-8DD3940CFC51D6D852CC,工业锅炉,2022,2921,塑料薄膜制造,燃气锅炉,DA008,9,[]
SRC-RAW-3CCA598CC2D59E595061,工业锅炉,2022,2221,机制纸及纸板制造,燃煤锅炉,DA001,9,[]
SRC-RAW-EF49BFC9CE07F40C05AF,工业锅炉,2022,1462,酱油、食醋及类似制品制造,燃煤锅炉,DA001,9,[]
SRC-RAW-8F019945DE40A78C7036,工业锅炉,2022,1462,酱油、食醋及类似制品制造,燃煤锅炉,DA001,9,[]
SRC-RAW-B5EF0D0C5ECC99B39CC1,工业锅炉,2022,1462,酱油、食醋及类似制品制造,燃煤锅炉,DA001,9,[]
SRC-RAW-E207547C13C1F02F3A28,工业锅炉,2022,2239,其他纸制品制造,燃气锅炉,DA207,9,[]
SRC-RAW-F9D0DB338522D1C64A78,工业锅炉,2022,1329,其他饲料加工,燃气锅炉,DA001,9,[]
SRC-RAW-B54EB4F29B570CA7B464,工业锅炉,2022,3383,金属制卫生器具制造,燃气锅炉,DA003,9,[]
SRC-RAW-9B08D3A4F115FFDD27C3,工业锅炉,2022,3383,金属制卫生器具制造,燃气锅炉,DA003,9,[]
SRC-RAW-75A6D029CD1DC25F8016,范围外,2022,2231,纸和纸板容器制造,,DA001,0,[]
SRC-RAW-783B5033355A9FE1E473,工业锅炉,2022,2651,初级形态塑料及合成树脂制造,燃油锅炉,DA001,9,[]
SRC-RAW-8BCC5FE3ED084801AAC7,工业锅炉,2022,3130,钢压延加工,燃气锅炉,DA001,9,[]
SRC-RAW-39CCCF96E6AF60557859,工业锅炉,2022,3130,钢压延加工,燃气锅炉,DA002,9,[]
SRC-RAW-7188B553243A56EC4444,工业锅炉,2022,3033,防水建筑材料制造,燃气锅炉,DA061,9,[]
SRC-RAW-C66080A324659494C595,工业锅炉,2022,3033,防水建筑材料制造,燃气锅炉,DA061,9,[]
SRC-RAW-7C4C07F68C9354043B76,工业锅炉,2022,3033,防水建筑材料制造,燃气锅炉,DA061,9,[]
SRC-RAW-5A722431170DC7FCC986,火电热力,2022,4417,生物质能发电,燃生物质锅炉,DA001,9,[]
SRC-RAW-E13CF488D8C28609635B,火电热力,2022,4417,生物质能发电,燃生物质锅炉,DA002,9,[]
SRC-RAW-ED512A0170CFB05E74AA,火电热力,2022,4417,生物质能发电,燃生物质锅炉,DA003,9,[]
SRC-RAW-34D213BDBC93D082A24A,火电热力,2022,4417,生物质能发电,燃生物质锅炉,DA004,9,[]
SRC-RAW-2D607304050D3F1AB0BA,工业锅炉,2022,2319,包装装潢及其他印刷,燃气锅炉,DA001,9,[]
SRC-RAW-77D2B10D19D5DCC9A822,工业锅炉,2022,1713,棉印染精加工,燃煤锅炉,DA027,9,[]
SRC-RAW-86F65D13633969BE4451,工业锅炉,2022,1713,棉印染精加工,燃气锅炉,DA028,9,[]
SRC-RAW-94C2BA4548788CCB0E09,工业锅炉,2022,2925,塑料人造革、合成革制造,燃气锅炉,DA001,9,[]
SRC-RAW-7C23894E159E1521A509,工业锅炉,2022,1332,非食用植物油加工,燃气锅炉,DA001,9,[]
SRC-RAW-87CF8BB2B0E0B2FA5816,工业锅炉,2022,1332,非食用植物油加工,燃气锅炉,DA002,9,[]
SRC-RAW-95B1A9F68FCA27B72E14,工业锅炉,2022,2921,塑料薄膜制造,燃气锅炉,DA007,9,[]
SRC-RAW-A856F7F89D76C3213E95,工业锅炉,2022,2921,塑料薄膜制造,燃气锅炉,DA007,9,[]
SRC-RAW-4F372D04D996B504C4C6,工业锅炉,2022,2921,塑料薄膜制造,燃气锅炉,DA025,9,[]
SRC-RAW-5D4B270C73E84487694E,工业锅炉,2022,1713,棉印染精加工,燃气锅炉,DA001,9,[]
SRC-RAW-9AAF620407C54396A867,工业锅炉,2022,2921,塑料薄膜制造,燃气锅炉,DA202,9,[]
SRC-RAW-0BF25BA7B7CB39E53DC2,工业锅炉,2022,2921,塑料薄膜制造,燃气锅炉,DA001,9,[]
SRC-RAW-5E0CD0CDC53900F201BB,工业锅炉,2022,2921,塑料薄膜制造,燃气锅炉,DA009,9,[]
SRC-RAW-C58A04A4C8340A30EF73,工业锅炉,2022,2921,塑料薄膜制造,燃气锅炉,DA009,9,[]
SRC-RAW-C5CFC4A501A272EBE6C7,工业锅炉,2022,2921,塑料薄膜制造,燃气锅炉,DA003,9,[]
SRC-RAW-76BE917310CCBFAD5849,工业锅炉,2022,2921,塑料薄膜制造,燃气锅炉,DA003,9,[]
SRC-RAW-55441116F9EEE90D9555,工业锅炉,2022,2922,塑料板、管、型材制造,燃气锅炉,DA001,9,[]
SRC-RAW-AB1E33E34DB950F9F1C7,工业锅炉,2022,2922,塑料板、管、型材制造,燃气锅炉,DA001,9,[]
SRC-RAW-596121D4A1F72C1150A8,工业锅炉,2022,2922,塑料板、管、型材制造,燃气锅炉,DA001,9,[]
SRC-RAW-1F858322FD974B84907E,工业锅炉,2022,2922,塑料板、管、型材制造,燃气锅炉,DA001,9,[]
SRC-RAW-ADCE96FA518532E338E5,工业锅炉,2022,3130,钢压延加工,燃气锅炉,DA009,9,[]
SRC-RAW-02AB77095C311D8E4121,工业锅炉,2022,3130,钢压延加工,燃气锅炉,DA010,9,[]
SRC-RAW-4AC4B7E2FDCD0B7C0779,火电热力,2022,4412,热电联产,燃气轮机,DA001,9,[]
SRC-RAW-0669457CFC3C8B1DEF46,火电热力,2022,4412,热电联产,燃气轮机,DA002,9,[]
SRC-RAW-98EAD1FAB47CD2181287,火电热力,2022,4412,热电联产,燃气锅炉,DA003,9,[]
SRC-RAW-BE5DAA691D58F9B3E58F,火电热力,2022,4417,生物质能发电,燃气锅炉,DA001,9,[]
SRC-RAW-C7EF86F336346B33A674,火电热力,2022,4417,生物质能发电,燃气锅炉,DA010,9,[]
SRC-RAW-F5F243C8D45689B9F62E,火电热力,2022,4417,生物质能发电,燃气锅炉,DA011,9,[]
SRC-RAW-9E089B9EA132988E690B,火电热力,2022,4417,生物质能发电,燃气锅炉,DA012,9,[]
SRC-RAW-86786016FD5DCE54D753,火电热力,2022,4417,生物质能发电,燃气锅炉,DA013,9,[]
SRC-RAW-C58F0C65E4A5AE781442,火电热力,2022,4417,生物质能发电,燃气锅炉,DA014,9,[]
SRC-RAW-6681FE38A661408E024F,火电热力,2022,4417,生物质能发电,燃气锅炉,DA015,9,[]
SRC-RAW-D459673B3A388D548514,火电热力,2022,4417,生物质能发电,燃气锅炉,DA016,9,[]
SRC-RAW-B3258BCC9A8C5A7EE78A,火电热力,2022,4417,生物质能发电,燃气锅炉,DA017,9,[]
SRC-RAW-4B025FEA76E03E896ECB,火电热力,2022,4417,生物质能发电,燃气锅炉,DA018,9,[]
SRC-RAW-CDD45D19EBF8C113AB7B,火电热力,2022,4417,生物质能发电,燃气锅炉,DA002,9,[]
SRC-RAW-6BC2F1998D0A4DD24A0B,火电热力,2022,4417,生物质能发电,燃气锅炉,DA003,9,[]
SRC-RAW-6F048F893E8C2238F6A7,火电热力,2022,4417,生物质能发电,燃气锅炉,DA004,9,[]
SRC-RAW-46E98BC94A684938DC1E,火电热力,2022,4417,生物质能发电,燃气锅炉,DA005,9,[]
SRC-RAW-992E633A3A1D7D9DE154,火电热力,2022,4417,生物质能发电,燃气锅炉,DA006,9,[]
SRC-RAW-6E695619C085745BE41D,火电热力,2022,4417,生物质能发电,燃气锅炉,DA007,9,[]
SRC-RAW-170A0850DD192CD5A9D1,火电热力,2022,4417,生物质能发电,燃气锅炉,DA008,9,[]
SRC-RAW-84E39E13790B337453BC,火电热力,2022,4417,生物质能发电,燃气锅炉,DA009,9,[]
SRC-RAW-C739F6489FB2EBBFDC8A,工业锅炉,2022,2662,专项化学用品制造,燃气锅炉,DA002,9,[]
SRC-RAW-66FBCCF49143F35F2624,工业锅炉,2022,1941,羽毛（绒）加工,燃气锅炉,DA002,9,[]
SRC-RAW-7BA5BDB16080F5F918FF,工业锅炉,2022,1941,羽毛（绒）加工,燃气锅炉,DA002,9,[]
SRC-RAW-19E7767EBDD724047998,工业锅炉,2022,1713,棉印染精加工,燃气锅炉,DA012,9,[]
SRC-RAW-EA72B28B0BF799BDA189,工业锅炉,2022,3333,金属包装容器及材料制造,燃气锅炉,DA001,9,[]
SRC-RAW-77D0CCE89B7914A2DE34,工业锅炉,2022,1713,棉印染精加工,燃气锅炉,DA001,9,[]
SRC-RAW-9A74C5D62DC95B042232,火电热力,2022,4411,火力发电,燃气轮机,DA001,9,[]
SRC-RAW-1673282707D6E49CDF7E,火电热力,2022,4411,火力发电,燃气轮机,DA002,9,[]
SRC-RAW-642817EDBB0AB3AC4FBB,火电热力,2022,4411,火力发电,燃气锅炉,DA003,9,[]
SRC-RAW-1B39BD9ABE4A6CC6FCE8,火电热力,2022,4411,火力发电,燃气锅炉,DA004,9,[]
SRC-RAW-B6B74319690A42E29FAE,工业锅炉,2022,2651,初级形态塑料及合成树脂制造,燃气锅炉,DA107,9,[]
SRC-RAW-1CFAF6A051D2A331F7AA,工业锅炉,2022,1713,棉印染精加工,燃气锅炉,DA001,9,[]
SRC-RAW-3FA352A78606E6139CFA,工业锅炉,2022,1351,牲畜屠宰,燃油锅炉,DA001,9,[]
SRC-RAW-F301E49D8D25A1CFF9F4,工业锅炉,2022,1529,茶饮料及其他饮料制造,燃气锅炉,DA001,9,[]
SRC-RAW-E70971109207DB17C946,工业锅炉,2022,1529,茶饮料及其他饮料制造,燃气锅炉,DA001,9,[]
SRC-RAW-B7F3B0A12FE14D32B409,工业锅炉,2022,1529,茶饮料及其他饮料制造,燃气锅炉,DA001,9,[]
SRC-RAW-12CCCA0E6355CB92FD68,范围外,2022,1712,棉织造加工,,DA002,0,[]
SRC-RAW-7BA037A260AE41A18D9C,工业锅炉,2022,2641,涂料制造,燃油锅炉,DA002,9,[]
SRC-RAW-0C88B5E835B55879EAD0,工业锅炉,2022,2661,化学试剂和助剂制造,燃气锅炉,DA002,9,[]
SRC-RAW-C347459AAE0B9A06224B,工业锅炉,2022,2319,包装装潢及其他印刷,燃气锅炉,DA002,9,[]
SRC-RAW-6ADA202FE692387E00FC,工业锅炉,2022,3383,金属制卫生器具制造,燃气锅炉,DA017,9,[]
SRC-RAW-65D6480DE6FB41CE0D5A,范围外,2022,1752,化纤织物染整精加工,,DA001,0,[]
SRC-RAW-7F1E82169B220B09964A,工业锅炉,2022,1495,食品及饲料添加剂制造,燃气锅炉,DA004,9,[]
SRC-RAW-C8818A00D91E1657F50C,工业锅炉,2022,3752,摩托车零部件及配件制造,燃气锅炉,DA005,9,[]
SRC-RAW-F25FF3F61A7B576FA6D2,工业锅炉,2022,1713,棉印染精加工,燃气锅炉,DA002,9,[]
SRC-RAW-B007C2B03D25C9775E29,工业锅炉,2022,1713,棉印染精加工,燃气锅炉,DA003,9,[]
SRC-RAW-3D06A7C27E9112351F90,工业锅炉,2022,2651,初级形态塑料及合成树脂制造,燃气锅炉,DA002,9,[]
SRC-RAW-BD572A4F17E6B8EA33B7,工业锅炉,2022,1431,米、面制品制造,燃气锅炉,DA001,9,[]
SRC-RAW-145751B0FDC1C0DED816,工业锅炉,2022,1452,水产品罐头制造,燃油锅炉,DA001,9,[]
SRC-RAW-12E6B9D54A110A575F5D,工业锅炉,2022,1351,牲畜屠宰,燃油锅炉,DA001,9,[]
SRC-RAW-87C2E5EAC135E281ED0E,工业锅炉,2022,2239,其他纸制品制造,燃气锅炉,DA001,9,[]
SRC-RAW-67985CC7E9BEF9AE1901,工业锅炉,2022,2239,其他纸制品制造,燃气锅炉,DA002,9,[]
SRC-RAW-66290D4EA94D05860066,工业锅炉,2022,2239,其他纸制品制造,燃气锅炉,DA003,9,[]
SRC-RAW-07EF8B3C55C032C3667C,工业锅炉,2022,1910,皮革鞣制加工,燃油锅炉,DA008,9,[]
SRC-RAW-DA284744D5F581EEFC77,工业锅炉,2022,2662,专项化学用品制造,燃油锅炉,DA001,9,[]
SRC-RAW-9C32D18D09B9257C84F6,工业锅炉,2022,3751,摩托车整车制造,燃气锅炉,DA028,9,[]
SRC-RAW-4B21752E97AE5E013EBC,工业锅炉,2022,3751,摩托车整车制造,燃气锅炉,DA029,9,[]
SRC-RAW-EB571D81AD4ED4A3DF11,工业锅炉,2022,2613,无机盐制造,燃气锅炉,DA001,9,[]
SRC-RAW-8FCA739395EE041F46A3,工业锅炉,2022,2641,涂料制造,燃油锅炉,DA008,17,[]
SRC-RAW-8CE512C8B4FACD053782,工业锅炉,2022,2641,涂料制造,燃油锅炉,DA009,17,[]
SRC-RAW-6A32E30804EF6C8385AA,工业锅炉,2022,2641,涂料制造,燃油锅炉,DA010,17,[]
SRC-RAW-3C98A1D0D86A7293F2B7,工业锅炉,2022,2924,泡沫塑料制造,燃气锅炉,DA001,9,[]
SRC-RAW-13E9746FEA76FE76239D,工业锅炉,2022,1321,宠物饲料加工,燃气锅炉,DA101,9,[]
SRC-RAW-E4F0E4DE9B9AB92A42AA,工业锅炉,2022,1321,宠物饲料加工,燃气锅炉,DA101,9,[]
SRC-RAW-B8EE6ED69E79CDAC04A7,工业锅炉,2022,1321,宠物饲料加工,燃气锅炉,DA101,9,[]
SRC-RAW-C8095067DC12D7D6FB08,工业锅炉,2022,1713,棉印染精加工,燃气锅炉,DA001,9,[]
SRC-RAW-FF8EBBC501B54F84BA65,工业锅炉,2022,1713,棉印染精加工,燃气锅炉,DA001,9,[]
SRC-RAW-7D750FA53C2CE9317479,工业锅炉,2022,2659,其他合成材料制造,燃油锅炉,DA002,9,[]
SRC-RAW-58A04A96B20838E4F19D,工业锅炉,2022,2659,其他合成材料制造,燃气锅炉,DA003,9,[]
SRC-RAW-5CB3A4CA9C319E33A4DD,工业锅炉,2022,2659,其他合成材料制造,燃油锅炉,DA004,9,[]
SRC-RAW-BE2AC3971A7956E826BC,工业锅炉,2022,1910,皮革鞣制加工,燃气锅炉,DA010,9,[]
SRC-RAW-0B1D2647DB40F49FEC15,工业锅炉,2022,1819,其他机织服装制造,燃气锅炉,DA001,9,[]
SRC-RAW-E2E0DE4DB9247B734337,工业锅炉,2022,1819,其他机织服装制造,燃气锅炉,DA002,9,[]
SRC-RAW-E1C13DD7C324AF4D63D5,工业锅炉,2022,2661,化学试剂和助剂制造,燃气锅炉,DA001,9,[]
SRC-RAW-1A90D676EF7436CBB39B,工业锅炉,2022,1713,棉印染精加工,燃气锅炉,DA005,9,[]
SRC-RAW-79604203216C107E6960,工业锅炉,2022,1910,皮革鞣制加工,燃气锅炉,DA008,9,[]
SRC-RAW-F8E59A9D5E2575552CB2,工业锅炉,2022,1713,棉印染精加工,燃气锅炉,DA001,9,[]
SRC-RAW-F10A85150C921CD19291,工业锅炉,2022,2662,专项化学用品制造,燃气锅炉,DA001,9,[]
SRC-RAW-7FEFEA62F941FAEB8BCF,工业锅炉,2022,2662,专项化学用品制造,燃气锅炉,DA002,9,[]
SRC-RAW-5727CC2B5EF16B01E5AE,工业锅炉,2022,2921,塑料薄膜制造,燃气锅炉,DA005,9,[]
SRC-RAW-F151DC709CC8F5CA1929,工业锅炉,2022,2921,塑料薄膜制造,燃气锅炉,DA005,9,[]
SRC-RAW-268C320A348FB8BF09D1,工业锅炉,2022,2921,塑料薄膜制造,燃气锅炉,DA005,9,[]
SRC-RAW-8CE9AC5D88B27749CFC3,工业锅炉,2022,2921,塑料薄膜制造,燃气锅炉,DA005,9,[]
SRC-RAW-E24365638847DEF91189,工业锅炉,2022,3752,摩托车零部件及配件制造,燃气锅炉,DA027,9,[]
SRC-RAW-F26F112B135DF6CD812E,工业锅炉,2022,3752,摩托车零部件及配件制造,燃气锅炉,DA027,9,[]
SRC-RAW-833BAA3CE5CDCAFC0149,工业锅炉,2022,2661,化学试剂和助剂制造,燃油锅炉,DA001,9,[]
SRC-RAW-2B214A9A3FC29CF8CFB7,工业锅炉,2022,1713,棉印染精加工,燃气锅炉,DA001,9,[]
SRC-RAW-652BC2B0D289EA03BBE9,工业锅炉,2022,2911,轮胎制造,燃气锅炉,DA005,9,[]
SRC-RAW-3F9545671AC478EE7BC1,工业锅炉,2022,2221,机制纸及纸板制造,燃气锅炉,DA001,9,[]
SRC-RAW-BAFFE7A8C1830E62F03E,工业锅炉,2022,2919,其他橡胶制品制造,燃气锅炉,DA003,9,[]
SRC-RAW-DFB248103079FB7869F4,工业锅炉,2022,3360,金属表面处理及热处理加工,燃气锅炉,DA001,9,[]
SRC-RAW-721680765542B7711400,范围外,2022,3360,金属表面处理及热处理加工,余热利用锅炉,DA003,0,[]
SRC-RAW-171B4F8B4253BBABBACF,工业锅炉,2022,1351,牲畜屠宰,燃油锅炉,DA001,9,[]
SRC-RAW-03236EA173EE2113545E,工业锅炉,2022,2669,其他专用化学产品制造,燃气锅炉,DA002,9,[]
SRC-RAW-98C65978816E5EFD493A,工业锅炉,2022,1713,棉印染精加工,燃气锅炉,DA003,9,[]
SRC-RAW-F48CD9E3C1F08F6F24CB,工业锅炉,2022,3982,电子电路制造,燃气锅炉,DA042,9,[]
SRC-RAW-B9CDDFF5BAE0EFB3C661,工业锅炉,2022,3982,电子电路制造,燃气锅炉,DA043,9,[]
SRC-RAW-40D538154F983F133932,工业锅炉,2022,3982,电子电路制造,燃气锅炉,DA043,9,[]
SRC-RAW-D90F52AD4D4DD5F9DB83,火电热力,2022,4430,热力生产和供应,燃气锅炉,DA001,9,[]
SRC-RAW-132DC27DF4915033D111,火电热力,2022,4430,热力生产和供应,燃气锅炉,DA001,9,[]
SRC-RAW-C061C4BFCACF4F8F7991,火电热力,2022,4430,热力生产和供应,燃气锅炉,DA001,9,[]
SRC-RAW-C39A61BA4C8E77EBFDC0,火电热力,2022,4430,热力生产和供应,燃气锅炉,DA001,9,[]
SRC-RAW-6278B2904CE6C8FC39E2,工业锅炉,2022,2740,中成药生产,燃气锅炉,DA010,9,[]
SRC-RAW-175A0F26DA66EA7A334B,工业锅炉,2022,3985,电子专用材料制造,燃气锅炉,DA003,9,[]
SRC-RAW-23A0506A384A2A6AACEA,工业锅炉,2022,3022,砼结构构件制造,燃气锅炉,DA001,9,[]
SRC-RAW-08FBAA6DA075154E7F22,工业锅炉,2022,2720,化学药品制剂制造,燃气锅炉,DA004,9,[]
SRC-RAW-44DB5A40A0A6206A2109,工业锅炉,2022,2720,化学药品制剂制造,燃气锅炉,DA003,9,[]
SRC-RAW-70925DCF98DAD0A8EC33,工业锅炉,2022,2641,涂料制造,燃气锅炉,DA002,9,[]
SRC-RAW-FB0B53424CA4277ACE07,工业锅炉,2022,3982,电子电路制造,燃气锅炉,DA033,9,[]
SRC-RAW-083742D4619F0C028C7D,工业锅炉,2022,2925,塑料人造革、合成革制造,燃气锅炉,DA001,9,[]
SRC-RAW-10858214F0F15A892B4B,范围外,2022,2925,塑料人造革、合成革制造,,DA002,0,[]
SRC-RAW-2F76DBD8BF67F4FE1471,工业锅炉,2022,3382,金属制餐具和器皿制造,燃气锅炉,DA021,9,[]
SRC-RAW-E35250F14B2808BDCC80,工业锅炉,2022,2612,无机碱制造,燃气锅炉,DA003,9,[]
SRC-RAW-45E2ADB83AC75F872445,工业锅炉,2022,1499,其他未列明食品制造,燃气锅炉,DA001,9,[]
SRC-RAW-3E58A9C7B4E2590D26AE,工业锅炉,2022,1499,其他未列明食品制造,燃气锅炉,DA001,9,[]
SRC-RAW-7DBE01C27DD6A6E57824,工业锅炉,2022,1752,化纤织物染整精加工,燃气锅炉,DA001,9,[]
SRC-RAW-0F4A5696EE7456A532CA,工业锅炉,2022,1752,化纤织物染整精加工,燃气锅炉,DA001,9,[]
SRC-RAW-EF5931EADCC77F13A60D,工业锅炉,2022,1752,化纤织物染整精加工,燃气锅炉,DA001,9,[]
SRC-RAW-94EEEAFB4122D646E4FC,工业锅炉,2022,1752,化纤织物染整精加工,燃气锅炉,DA001,9,[]
SRC-RAW-6E37B7E36DE8C2E3622D,工业锅炉,2022,3985,电子专用材料制造,燃气锅炉,DA001,9,[]
SRC-RAW-D10F041E63F38382A805,工业锅炉,2022,2613,无机盐制造,燃气锅炉,DA002,9,[]
SRC-RAW-3AE3EBB5FF05938006F4,工业锅炉,2022,2613,无机盐制造,燃气锅炉,DA002,9,[]
SRC-RAW-6884A1D255030BAAC13E,工业锅炉,2022,2613,无机盐制造,燃气锅炉,DA001,9,[]
SRC-RAW-625566EA4CFBE8B985B5,工业锅炉,2022,2613,无机盐制造,燃气锅炉,DA001,9,[]
SRC-RAW-62365F8DE8F85E7631AB,工业锅炉,2022,2613,无机盐制造,燃气锅炉,DA040,9,[]
SRC-RAW-6D631F56320759CD5FCF,工业锅炉,2022,2613,无机盐制造,燃气锅炉,DA040,9,[]
SRC-RAW-CC874E1BA03CC215791F,工业锅炉,2022,2613,无机盐制造,燃气锅炉,DA040,9,[]
SRC-RAW-A57DA4D2323DE73BBB10,工业锅炉,2022,2641,涂料制造,燃气锅炉,DA001,9,[]
SRC-RAW-C9AC375DB05FEA7F4F8E,火电热力,2022,4412,热电联产,燃气轮机,DA001,9,[]
SRC-RAW-6900A35332BD97E5DBE4,火电热力,2022,4412,热电联产,燃气轮机,DA002,9,[]
SRC-RAW-22605CA85E03A3F25500,火电热力,2022,4412,热电联产,燃气锅炉,DA003,9,[]
SRC-RAW-4C3DFAB0F01A238B5AED,工业锅炉,2022,1462,酱油、食醋及类似制品制造,燃气锅炉,DA001,9,[]
SRC-RAW-C5358DDB783AEF6CC794,工业锅炉,2022,2221,机制纸及纸板制造,燃气锅炉,DA002,9,[]
SRC-RAW-D58DE82D24E8425A13F3,范围外,2022,2231,纸和纸板容器制造,燃生物质锅炉,DA001,0,[]
SRC-RAW-9D65F87103D5C341DE52,工业锅炉,2022,1819,其他机织服装制造,燃气锅炉,DA001,9,[]
SRC-RAW-9D458D5853C92BA3030C,工业锅炉,2022,1431,米、面制品制造,燃气锅炉,DA001,9,[]
SRC-RAW-79A25BFFB659B1D2F454,工业锅炉,2022,2821,锦纶纤维制造,燃气锅炉,DA001,9,[]
SRC-RAW-B0086C592F795E92C040,范围外,2022,2821,锦纶纤维制造,,DA005,0,[]
SRC-RAW-9FE5A60AF999F16E94B8,工业锅炉,2022,2821,锦纶纤维制造,燃气锅炉,DA001,9,[]
SRC-RAW-D395955E9222404FD248,工业锅炉,2022,2821,锦纶纤维制造,燃气锅炉,DA002,9,[]
SRC-RAW-AF0D8C491FA6F4C7230F,工业锅炉,2022,2821,锦纶纤维制造,燃气锅炉,DA002,9,[]
SRC-RAW-AA08B7C82A7BEB281462,工业锅炉,2022,2821,锦纶纤维制造,燃气锅炉,DA003,9,[]
SRC-RAW-424A12D336EF890EDAA9,工业锅炉,2022,2821,锦纶纤维制造,燃气锅炉,DA003,9,[]
SRC-RAW-F36C4C84F27D15DCE94E,工业锅炉,2022,2821,锦纶纤维制造,燃气锅炉,DA004,9,[]
SRC-RAW-70B62F83666EA02E75E5,范围外,2022,2821,锦纶纤维制造,,DA004,0,[]
SRC-RAW-F3DCA78AB697EBC44263,工业锅炉,2022,2821,锦纶纤维制造,燃气锅炉,DA005,9,[]
SRC-RAW-7EEC9352998AEEAC52CD,工业锅炉,2022,2641,涂料制造,燃油锅炉,DA002,9,[]
SRC-RAW-619C3B5C6BF6193F43B0,工业锅炉,2022,1329,其他饲料加工,燃气锅炉,DA001,9,[]
SRC-RAW-197D1354AC7400BC497A,工业锅炉,2022,1329,其他饲料加工,燃气锅炉,DA002,9,[]
SRC-RAW-62649EFFBAF8DFB7D44B,工业锅炉,2022,1329,其他饲料加工,燃气锅炉,DA003,9,[]
SRC-RAW-7A82299504F5A20A99EB,工业锅炉,2022,2652,合成橡胶制造,燃气锅炉,DA001,9,[]
SRC-RAW-A95A7C59EF72CCACCB43,工业锅炉,2022,2652,合成橡胶制造,燃气锅炉,DA001,9,[]
SRC-RAW-972089715D6814266052,工业锅炉,2022,2652,合成橡胶制造,燃气锅炉,DA001,9,[]
SRC-RAW-DACCDDFA1BEDFB2C7928,范围外,2022,2231,纸和纸板容器制造,燃生物质锅炉,DA001,0,[]
SRC-RAW-78E1B97D7B6FB253CA03,范围外,2022,2231,纸和纸板容器制造,燃生物质锅炉,DA001,0,[]
SRC-RAW-54A1EE94090DE2586C89,范围外,2022,2221,机制纸及纸板制造,燃生物质锅炉,DA001,0,[]
SRC-RAW-5A2DF089821281CB1EC3,工业锅炉,2022,1469,其他调味品、发酵制品制造,燃气锅炉,DA003,9,[]
SRC-RAW-C98B88D61A1E0FA3FA75,工业锅炉,2022,1469,其他调味品、发酵制品制造,燃气锅炉,DA003,9,[]
SRC-RAW-B748F0603C2BFABB6E08,工业锅炉,2022,2669,其他专用化学产品制造,燃气锅炉,DA001,9,[]
SRC-RAW-2ECF0B69E179C929CE81,范围外,2022,3021,水泥制品制造,燃生物质锅炉,DA001,0,[]
SRC-RAW-A94FB9A9CC87B13055A8,范围外,2022,3021,水泥制品制造,燃生物质锅炉,DA001,0,[]
SRC-RAW-F9D89B2B32A9BFCCCBFF,范围外,2022,2924,泡沫塑料制造,燃生物质锅炉,DA001,0,[]
SRC-RAW-C8531229110F677D012C,工业锅炉,2022,1432,速冻食品制造,燃气锅炉,DA001,9,[]
SRC-RAW-3A6C055BDA55F089D28B,工业锅炉,2022,1432,速冻食品制造,燃气锅炉,DA001,9,[]
SRC-RAW-03764E89336820647FCC,工业锅炉,2022,1432,速冻食品制造,燃气锅炉,DA001,9,[]
SRC-RAW-9F6186DBBA572E63B72A,工业锅炉,2022,1492,保健食品制造,燃气锅炉,DA001,9,[]
SRC-RAW-25D6B2DE5539F63F9016,工业锅炉,2022,1492,保健食品制造,燃气锅炉,DA001,9,[]
SRC-RAW-11261CB1D223C6D26809,工业锅炉,2022,1492,保健食品制造,燃气锅炉,DA001,9,[]
SRC-RAW-E1C50B40D2DCCFDE0CDF,工业锅炉,2022,1492,保健食品制造,燃气锅炉,DA001,9,[]
SRC-RAW-3E6E79C763C009315A3F,工业锅炉,2022,1492,保健食品制造,燃气锅炉,DA001,9,[]
SRC-RAW-673759B462AEB180533F,工业锅炉,2022,1492,保健食品制造,燃气锅炉,DA001,9,[]
SRC-RAW-22CA164DFA96F3220229,工业锅炉,2022,1329,其他饲料加工,燃气锅炉,DA001,9,[]
SRC-RAW-FC2740572F2C64170F3D,工业锅炉,2022,2642,油墨及类似产品制造,燃气锅炉,DA002,9,[]
SRC-RAW-E5D5C08BCBB7D7BFF21F,工业锅炉,2022,2642,油墨及类似产品制造,燃气锅炉,DA002,9,[]
SRC-RAW-5E1F81482A57A754BCFE,工业锅炉,2022,3360,金属表面处理及热处理加工,燃油锅炉,DA002,9,[]
SRC-RAW-4D15C6E47C4E012B69A2,范围外,2022,3331,集装箱制造,燃生物质锅炉,DA001,0,[]
SRC-RAW-F1220029AD887E209B43,工业锅炉,2022,3331,集装箱制造,燃气锅炉,DA021,9,[]
SRC-RAW-3203977F5D5270B760BF,火电热力,2022,4412,热电联产,燃煤锅炉,DA001,9,[]
SRC-RAW-E2673803482D4F76F5EC,火电热力,2022,4412,热电联产,燃煤锅炉,DA001,9,[]
SRC-RAW-7057245F3E3F239AD204,工业锅炉,2022,1713,棉印染精加工,燃煤锅炉,DA001,9,[]
SRC-RAW-FD79BD3BADBA834EA813,工业锅炉,2022,1713,棉印染精加工,燃煤锅炉,DA001,9,[]
SRC-RAW-0D301274CFA9EB4D2854,工业锅炉,2022,1713,棉印染精加工,燃煤锅炉,DA001,9,[]
SRC-RAW-AC15A9DCFB98355F6A6D,工业锅炉,2022,1752,化纤织物染整精加工,燃气锅炉,DA002,9,[]
SRC-RAW-125CA2C7EFB7D4276401,工业锅炉,2022,1752,化纤织物染整精加工,燃气锅炉,DA002,9,[]
SRC-RAW-B2CFA519E998D28E0BA3,工业锅炉,2022,1752,化纤织物染整精加工,燃气锅炉,DA002,9,[]
SRC-RAW-646BB2A63CA38BCE0C1D,工业锅炉,2022,1462,酱油、食醋及类似制品制造,燃气锅炉,DA001,9,[]
SRC-RAW-141E27FAF28F1F6DF5C7,工业锅炉,2022,1462,酱油、食醋及类似制品制造,燃气锅炉,DA002,9,[]
SRC-RAW-BF6CD0FC1C9AF6F205C5,工业锅炉,2022,1462,酱油、食醋及类似制品制造,燃气锅炉,DA002,9,[]
SRC-RAW-766570BC5F6269147834,工业锅炉,2022,1462,酱油、食醋及类似制品制造,燃气锅炉,DA003,9,[]
SRC-RAW-1BB37DBEF768C028F781,工业锅炉,2022,1462,酱油、食醋及类似制品制造,燃气锅炉,DA003,9,[]
SRC-RAW-08D4EF6EBE1ACE09053D,工业锅炉,2022,1462,酱油、食醋及类似制品制造,燃气锅炉,DA004,9,[]
SRC-RAW-8F8246C14ED1D2D9CAF3,工业锅炉,2022,1462,酱油、食醋及类似制品制造,燃气锅炉,DA004,9,[]
SRC-RAW-A841F3E23A31E53C590D,工业锅炉,2022,1462,酱油、食醋及类似制品制造,燃气锅炉,DA005,9,[]
SRC-RAW-FF764C52DBEA95489D15,工业锅炉,2022,1462,酱油、食醋及类似制品制造,燃气锅炉,DA005,9,[]
SRC-RAW-4386EA47786A8FDEAAE0,范围外,2022,1713,棉印染精加工,燃生物质锅炉,DA001,0,[]
SRC-RAW-6641CDD9BC2998662850,工业锅炉,2022,1332,非食用植物油加工,燃气锅炉,DA001,9,[]
SRC-RAW-335C1877B1077DD809D5,工业锅炉,2022,2221,机制纸及纸板制造,燃煤锅炉,DA001,9,[]
SRC-RAW-0F315BDBBC54BC58D221,工业锅炉,2022,2924,泡沫塑料制造,燃气锅炉,DA001,9,[]
SRC-RAW-DD3788D377C0461B9B60,工业锅炉,2022,2613,无机盐制造,燃气锅炉,DA001,9,[]
SRC-RAW-D683446446875279A2C7,范围外,2022,3031,粘土砖瓦及建筑砌块制造,燃生物质锅炉,DA001,0,[]
SRC-RAW-FF1B7B95B84A31F7EA48,工业锅炉,2022,3024,轻质建筑材料制造,燃气锅炉,DA001,9,[]
SRC-RAW-9CFD447C53D99C693DEC,工业锅炉,2022,3024,轻质建筑材料制造,燃气锅炉,DA001,9,[]
SRC-RAW-C31AC3A1AA390A1FBEB2,火电热力,2022,4412,热电联产,燃煤锅炉,DA001,9,[]
SRC-RAW-F590CE315F9A8DC1C170,工业锅炉,2022,2925,塑料人造革、合成革制造,燃气锅炉,DA006,9,[]
SRC-RAW-F67ED07E6D46DD6B0009,工业锅炉,2022,2221,机制纸及纸板制造,燃煤锅炉,DA001,9,[]
SRC-RAW-02A50B98137D7E51CD29,工业锅炉,2022,2221,机制纸及纸板制造,燃煤锅炉,DA001,9,[]
SRC-RAW-58DD8F678B0A72A2AE13,工业锅炉,2022,2221,机制纸及纸板制造,燃煤锅炉,DA001,9,[]
SRC-RAW-E9A01AF5EC69C8DDF2C8,工业锅炉,2022,1431,米、面制品制造,燃气锅炉,DA001,9,[]
SRC-RAW-BF692DCA8463A724C4F9,工业锅炉,2022,2651,初级形态塑料及合成树脂制造,燃气锅炉,DA002,9,[]
SRC-RAW-734FF3DE5F360D0C2507,工业锅炉,2022,2651,初级形态塑料及合成树脂制造,燃气锅炉,DA014,9,[]
SRC-RAW-81489D23A0DB6ABE5141,工业锅炉,2022,2669,其他专用化学产品制造,燃油锅炉,DA001,9,[]
SRC-RAW-1BF474C507E9F04CF42E,工业锅炉,2022,1713,棉印染精加工,燃煤锅炉,DA001,9,[]
SRC-RAW-A7571CB7EB6B10DEC039,工业锅炉,2022,2221,机制纸及纸板制造,燃气锅炉,DA001,9,[]
SRC-RAW-5C6E83E6E7B45D06EB00,范围外,2022,2231,纸和纸板容器制造,燃生物质锅炉,DA001,0,[]
SRC-RAW-303DA89BD6FC529EDD81,工业锅炉,2022,3239,其他稀有金属冶炼,燃气锅炉,DA001,9,[]
SRC-RAW-9D598F700CE293DAC830,工业锅炉,2022,3239,其他稀有金属冶炼,燃气锅炉,DA001,9,[]
SRC-RAW-E96905E3B48B34BA3376,工业锅炉,2022,3239,其他稀有金属冶炼,燃气锅炉,DA001,9,[]
SRC-RAW-A0024652DC04A61A58B4,工业锅炉,2022,3130,钢压延加工,燃气锅炉,DA006,17,[]
SRC-RAW-8939865C80A1B26B1328,工业锅炉,2022,1712,棉织造加工,燃气锅炉,DA001,9,[]
SRC-RAW-4E61B23C6911EECAFAEF,工业锅炉,2022,2221,机制纸及纸板制造,燃气锅炉,DA002,9,[]
SRC-RAW-9FFE1765E232A7C09C09,工业锅炉,2022,1329,其他饲料加工,燃气锅炉,DA001,9,[]
SRC-RAW-6E95131327F74EF636CA,工业锅炉,2022,1329,其他饲料加工,燃气锅炉,DA001,9,[]
SRC-RAW-AF939BF6E87B8788CDC8,工业锅炉,2022,1329,其他饲料加工,燃气锅炉,DA001,9,[]
SRC-RAW-1CA9E89BA0996671A30B,工业锅炉,2022,1329,其他饲料加工,燃气锅炉,DA001,9,[]
SRC-RAW-3690F16902E6BD8037B3,范围外,2022,2924,泡沫塑料制造,燃生物质锅炉,DA001,0,[]
SRC-RAW-72F526FBE4B5513178FA,范围外,2022,1329,其他饲料加工,燃生物质锅炉,DA001,0,[]
SRC-RAW-96B4F62EA92E69AB7F5D,工业锅炉,2022,2641,涂料制造,燃油锅炉,DA002,9,[]
SRC-RAW-5EB562E3FFA0E13B0AC2,工业锅炉,2022,1713,棉印染精加工,燃煤锅炉,DA003,9,[]
SRC-RAW-1FD4343BD9C1A56DAB29,工业锅炉,2022,2221,机制纸及纸板制造,燃煤锅炉,DA001,9,[]
SRC-RAW-2978FB24041E22A2EE51,工业锅炉,2022,2221,机制纸及纸板制造,燃煤锅炉,DA001,9,[]
SRC-RAW-0055E4FBFB3D85EC653E,工业锅炉,2022,2221,机制纸及纸板制造,燃气锅炉,DA002,9,[]
SRC-RAW-A62179F30879836A63A2,工业锅炉,2022,2221,机制纸及纸板制造,燃气锅炉,DA001,9,[]
SRC-RAW-6EFBB3E31115784B03FF,工业锅炉,2022,1910,皮革鞣制加工,燃气锅炉,DA007,9,[]
SRC-RAW-36E7F2B1420FEC02C6BA,工业锅炉,2022,1329,其他饲料加工,燃气锅炉,DA001,9,[]
SRC-RAW-73D19F81D666CDD7A9E7,范围外,2022,1752,化纤织物染整精加工,燃生物质锅炉,DA001,0,[]
SRC-RAW-AE71711CB54EB3B23A7B,范围外,2022,1752,化纤织物染整精加工,燃生物质锅炉,DA001,0,[]
SRC-RAW-93B032DE97655D5110C6,工业锅炉,2022,1752,化纤织物染整精加工,燃气锅炉,DA003,9,[]
SRC-RAW-E6F864CEE3D716932DE6,工业锅炉,2022,1752,化纤织物染整精加工,燃气锅炉,DA004,9,[]
SRC-RAW-6B3646609D58950A5DAC,工业锅炉,2022,1752,化纤织物染整精加工,燃气锅炉,DA005,9,[]
SRC-RAW-F6A289C8361F708E7ECD,工业锅炉,2022,1752,化纤织物染整精加工,燃气锅炉,DA006,9,[]
SRC-RAW-080DEA41626FAFDA06E2,范围外,2022,1329,其他饲料加工,燃生物质锅炉,DA001,0,[]
SRC-RAW-31C60B4B843403B97C6A,工业锅炉,2022,2924,泡沫塑料制造,燃气锅炉,DA001,9,[]
SRC-RAW-325DCE33238B7BD27DE9,范围外,2022,1713,棉印染精加工,燃生物质锅炉,DA001,0,[]
SRC-RAW-1F653AAD75690E09B76C,工业锅炉,2022,1493,冷冻饮品及食用冰制造,燃气锅炉,DA001,9,[]
SRC-RAW-92FA49C9BF5A22890199,工业锅炉,2022,1493,冷冻饮品及食用冰制造,燃气锅炉,DA002,9,[]
SRC-RAW-8BD9B3D856A9265ED114,工业锅炉,2022,2924,泡沫塑料制造,燃气锅炉,DA001,9,[]
SRC-RAW-874F5E55C9F8425519FB,工业锅炉,2022,1713,棉印染精加工,燃气锅炉,DA001,9,[]
SRC-RAW-44055B7A447F798A598F,工业锅炉,2022,1762,针织或钩针编织物印染精加工,燃气锅炉,DA009,9,[]
SRC-RAW-DFDCF5531376A9578B84,工业锅炉,2022,1762,针织或钩针编织物印染精加工,燃气锅炉,DA008,9,[]
SRC-RAW-00E4B07E6903958D9DB6,工业锅炉,2022,1762,针织或钩针编织物印染精加工,燃气锅炉,DA007,9,[]
SRC-RAW-0DC11FA02E92E972C43D,范围外,2022,2221,机制纸及纸板制造,燃生物质锅炉,DA001,0,[]
SRC-RAW-BFF6AF4692E05887A1C7,工业锅炉,2022,2651,初级形态塑料及合成树脂制造,燃气锅炉,DA001,9,[]
SRC-RAW-903BB9B46112F996CCA1,工业锅炉,2022,2651,初级形态塑料及合成树脂制造,燃气锅炉,DA001,9,[]
SRC-RAW-AEC63871C203D2AFF862,工业锅炉,2022,2221,机制纸及纸板制造,燃煤锅炉,DA001,9,[]
SRC-RAW-AE39E52805C073412980,工业锅炉,2022,3022,砼结构构件制造,燃气锅炉,DA001,9,[]
SRC-RAW-E03CE107BD03A41F801E,工业锅炉,2022,1529,茶饮料及其他饮料制造,燃气锅炉,DA001,9,[]
SRC-RAW-5FD6A9D70D2C68489365,工业锅炉,2022,1529,茶饮料及其他饮料制造,燃气锅炉,DA001,9,[]
SRC-RAW-2D6473D069D2293F52BA,工业锅炉,2022,1529,茶饮料及其他饮料制造,燃气锅炉,DA002,9,[]
SRC-RAW-03B8F19820E91154B068,工业锅炉,2022,1529,茶饮料及其他饮料制造,燃气锅炉,DA002,9,[]
SRC-RAW-58CB2CB748DDC20560F6,火电热力,2022,4411,火力发电,燃气锅炉,DA001,9,[]
SRC-RAW-E15C2C1ECEDAD44E813D,火电热力,2022,4411,火力发电,燃气锅炉,DA002,9,[]
SRC-RAW-7EDF2FE5F0F1DD84F37F,工业锅炉,2022,3130,钢压延加工,燃气锅炉,DA009,9,[]
SRC-RAW-36640E4DC25BD4C2B8DC,范围外,2022,1431,米、面制品制造,,DA001,0,[]
SRC-RAW-8465A4585372C8D60423,工业锅炉,2022,1331,食用植物油加工,燃气锅炉,DA004,9,[]
SRC-RAW-6980A669806C5025D0A5,工业锅炉,2022,1331,食用植物油加工,燃气锅炉,DA004,9,[]
SRC-RAW-F1820ADA015548D53CD4,工业锅炉,2022,1331,食用植物油加工,燃气锅炉,DA003,9,[]
SRC-RAW-EDB80E4FD65DE610F35B,工业锅炉,2022,1329,其他饲料加工,燃气锅炉,DA001,9,[]
SRC-RAW-C0BDF62A7EABF6E5A5C7,工业锅炉,2022,2221,机制纸及纸板制造,燃煤锅炉,DA001,9,[]
SRC-RAW-A2927385EEAE262152EB,工业锅炉,2022,3130,钢压延加工,燃气锅炉,DA014,9,[]
SRC-RAW-F532F2130C5A69A3D178,工业锅炉,2022,1762,针织或钩针编织物印染精加工,燃气锅炉,DA001,9,[]
SRC-RAW-03A0592F722F9DA1EF8A,范围外,2022,1329,其他饲料加工,燃生物质锅炉,DA001,0,[]
SRC-RAW-359C6F5F973D7A831907,工业锅炉,2022,1329,其他饲料加工,燃气锅炉,DA001,9,[]
SRC-RAW-E554E034D7527B6F1FF6,工业锅炉,2022,1329,其他饲料加工,燃气锅炉,DA001,9,[]
SRC-RAW-0BAB7158094C39A40FA6,工业锅炉,2022,1819,其他机织服装制造,燃气锅炉,DA002,9,[]
SRC-RAW-82349767BA8D0C05FFAA,范围外,2022,1781,非织造布制造,燃生物质锅炉,DA001,0,[]
SRC-RAW-BFD53C684A1E68C0BAD5,火电热力,2022,4412,热电联产,燃煤锅炉,DA006,9,[]
SRC-RAW-39E2EF967D6F6B1CFD28,火电热力,2022,4412,热电联产,燃煤锅炉,DA006,9,[]
SRC-RAW-4ACC17BDDF25C89DE115,工业锅炉,2022,2613,无机盐制造,燃气锅炉,DA011,9,[]
SRC-RAW-B6649487180DD3B86E1D,工业锅炉,2022,2613,无机盐制造,燃气锅炉,DA012,9,[]
SRC-RAW-8188683F65489B0CDE6C,工业锅炉,2022,2231,纸和纸板容器制造,燃气锅炉,DA001,17,[]
SRC-RAW-F76949D1DD217A102B47,范围外,2022,1711,棉纺纱加工,燃生物质锅炉,DA001,0,[]
SRC-RAW-359D92627E8020C2DF5C,范围外,2022,1711,棉纺纱加工,燃生物质锅炉,DA001,0,[]
SRC-RAW-D8136A7B508E4E2FCC65,范围外,2022,1712,棉织造加工,燃生物质锅炉,DA001,0,[]
SRC-RAW-E725086B20FBCC2A7913,范围外,2022,1712,棉织造加工,燃生物质锅炉,DA001,0,[]
SRC-RAW-CC08EBE3D67B8F2486C6,工业锅炉,2022,2921,塑料薄膜制造,燃气锅炉,DA006,9,[]
SRC-RAW-566830B1ACC23FBA1019,工业锅炉,2022,3130,钢压延加工,燃气锅炉,DA001,9,[]
SRC-RAW-D06879EDD4051369656A,火电热力,2022,4430,热力生产和供应,燃生物质锅炉,DA001,9,[]
SRC-RAW-CE512E072868B79C26FD,火电热力,2022,4430,热力生产和供应,燃生物质锅炉,DA001,9,[]
SRC-RAW-1FD005B0F51D504DAECA,范围外,2022,1779,其他家用纺织制成品制造,燃生物质锅炉,DA002,0,[]
SRC-RAW-0F64281FBC2A708B39E0,工业锅炉,2022,3252,铝压延加工,燃气锅炉,DA004,9,[]
SRC-RAW-249FD1A9880A976A9345,工业锅炉,2022,3252,铝压延加工,燃气锅炉,DA005,9,[]
SRC-RAW-36725ACB20C103B608DD,范围外,2022,1713,棉印染精加工,燃生物质锅炉,DA001,0,[]
SRC-RAW-094C989C0E3666E15161,范围外,2022,2221,机制纸及纸板制造,燃生物质锅炉,DA001,0,[]
SRC-RAW-20323EBE3E82E32E4046,范围外,2022,1713,棉印染精加工,燃生物质锅炉,DA002,0,[]
SRC-RAW-F4362B1F0DD113F7107D,火电热力,2022,4411,火力发电,燃煤锅炉,DA001,9,[]
SRC-RAW-568486153061EFF23C0E,火电热力,2022,4411,火力发电,燃煤锅炉,DA001,9,[]
SRC-RAW-C3BBF9D631AD3B1F5011,火电热力,2022,4411,火力发电,燃煤锅炉,DA002,9,[]
SRC-RAW-519099C4DE48B6F6BA2A,火电热力,2022,4411,火力发电,燃煤锅炉,DA003,9,[]
SRC-RAW-FD6EF161EFDABABAC119,火电热力,2022,4411,火力发电,燃煤锅炉,DA004,9,[]
SRC-RAW-5607458528344CD6A61E,火电热力,2022,4411,火力发电,燃煤锅炉,DA005,9,[]
SRC-RAW-8129FEA76C852631EB98,火电热力,2022,4411,火力发电,燃煤锅炉,DA006,9,[]
SRC-RAW-B9187C9F78C5A3A0B811,范围外,2022,2720,化学药品制剂制造,燃生物质锅炉,DA001,0,[]
SRC-RAW-756DDC258EDC774E98A5,范围外,2022,2221,机制纸及纸板制造,燃生物质锅炉,DA001,0,[]
SRC-RAW-5520BCCBC84D0CA301DB,范围外,2022,2221,机制纸及纸板制造,燃生物质锅炉,DA001,0,[]
SRC-RAW-D5413702E01E89A05CBE,范围外,2022,2023,刨花板制造,燃生物质锅炉,DA015,0,[]
SRC-RAW-5DC2D34D18F7FBD3B293,范围外,2022,2023,刨花板制造,燃生物质锅炉,DA015,0,[]
SRC-RAW-821A208CBB80331621E4,范围外,2022,2231,纸和纸板容器制造,燃生物质锅炉,DA001,0,[]
SRC-RAW-766FE5994AAA1BA6D9E1,工业锅炉,2022,3360,金属表面处理及热处理加工,燃油锅炉,DA020,9,[]
SRC-RAW-C9C59E3E4C38559A591D,范围外,2022,1713,棉印染精加工,燃生物质锅炉,DA001,0,[]
SRC-RAW-0C33EE8FC769C486F086,范围外,2022,1713,棉印染精加工,燃生物质锅炉,DA001,0,[]
SRC-RAW-9B592DE37B8B67411FAA,工业锅炉,2022,1713,棉印染精加工,燃气锅炉,DA002,9,[]
SRC-RAW-63C27F4AF122BDC7BACC,工业锅炉,2022,1713,棉印染精加工,燃气锅炉,DA002,9,[]
SRC-RAW-CD9366615DEB1A07CFCB,范围外,2022,2710,化学药品原料药制造,燃生物质锅炉,DA001,0,[]
SRC-RAW-D967AC9289EA2A853CC9,范围外,2022,3360,金属表面处理及热处理加工,燃生物质锅炉,DA003,0,[]
SRC-RAW-7D71A9F4D415B292C8A6,范围外,2022,1713,棉印染精加工,燃生物质锅炉,DA001,0,[]
SRC-RAW-B06FF50BA4AB3AF31867,工业锅炉,2022,1392,豆制品制造,燃气锅炉,DA001,9,[]
SRC-RAW-52ABEFDCD247E0AE3BBB,工业锅炉,2022,1819,其他机织服装制造,燃气锅炉,DA001,9,[]
SRC-RAW-16A3CA760C9CD56B0ABB,工业锅炉,2022,1819,其他机织服装制造,燃气锅炉,DA002,9,[]
SRC-RAW-B59982CA95F772ADC268,范围外,2022,2029,其他人造板制造,燃生物质锅炉,DA001,0,[]
SRC-RAW-6B54E64A1162B333C4E6,工业锅炉,2022,2822,涤纶纤维制造,燃煤锅炉,DA001,9,[]
SRC-RAW-585965911AD7B9ABDBB4,范围外,2022,2822,涤纶纤维制造,,DA001,0,[]
SRC-RAW-2501ABC34878C9F2EB81,范围外,2022,2130,金属家具制造,燃生物质锅炉,DA001,0,[]
SRC-RAW-BC2C6F03F53262F6DEDE,工业锅炉,2022,3031,粘土砖瓦及建筑砌块制造,燃气锅炉,DA001,9,[]
SRC-RAW-A895F1B78686354D2CF4,工业锅炉,2022,1819,其他机织服装制造,燃气锅炉,DA001,17,[]
SRC-RAW-5EFCCF08CF28370B2F78,范围外,2022,3360,金属表面处理及热处理加工,,DA007,0,[]
SRC-RAW-103D92045127E4E7C69B,范围外,2022,3360,金属表面处理及热处理加工,,DA008,0,[]
SRC-RAW-DC173A78ABD1D4EA45D4,范围外,2022,3360,金属表面处理及热处理加工,,DA009,0,[]
SRC-RAW-192F1177383D4CCC1E49,范围外,2022,3360,金属表面处理及热处理加工,燃生物质锅炉,DA001,0,[]
SRC-RAW-6D3E3B7DED9374C6CCAF,工业锅炉,2022,1713,棉印染精加工,燃煤锅炉,DA001,9,[]
SRC-RAW-771E4EEA3F2ADB79147E,工业锅炉,2022,3982,电子电路制造,燃气锅炉,DA051,9,[]
SRC-RAW-7EB1C46051FBE0A19C02,工业锅炉,2022,1811,运动机织服装制造,燃气锅炉,DA001,9,[]
SRC-RAW-5DA84E5BB1BFA10FC2A0,工业锅炉,2022,2710,化学药品原料药制造,燃油锅炉,DA001,9,[]
SRC-RAW-51BBAA74BBD7925A3321,工业锅炉,2022,2720,化学药品制剂制造,燃气锅炉,DA001,9,[]
SRC-RAW-94EB63E8B214DE3E6F56,工业锅炉,2022,1713,棉印染精加工,燃气锅炉,DA001,9,[]
SRC-RAW-F591619B9D962026D162,工业锅炉,2022,2822,涤纶纤维制造,燃气锅炉,DA001,9,[]
SRC-RAW-5A674BA4FABA4F7493D7,工业锅炉,2022,2667,动物胶制造,燃气锅炉,DA001,9,[]
SRC-RAW-D812BC1DFB6CCB64371C,工业锅炉,2022,2667,动物胶制造,燃气锅炉,DA001,9,[]
SRC-RAW-EFC96E3C215D64EAFD99,范围外,2022,1462,酱油、食醋及类似制品制造,燃气轮机,DA005,0,[]
SRC-RAW-24045F9F9E14594BDBDF,范围外,2022,1392,豆制品制造,燃生物质锅炉,DA001,0,[]
SRC-RAW-CE7FBFB4A14D7E3A242D,范围外,2022,2239,其他纸制品制造,燃生物质锅炉,DA006,0,[]
SRC-RAW-DE611E12C0DA8450AD18,范围外,2022,2022,纤维板制造,燃生物质锅炉,DA001,0,[]
SRC-RAW-867A0516B58289A8B189,工业锅炉,2022,1713,棉印染精加工,燃气锅炉,DA003,9,[]
SRC-RAW-4F529FFD72B6E393B5D2,工业锅炉,2022,3024,轻质建筑材料制造,燃气锅炉,DA001,9,[]
SRC-RAW-F8AE4D3EE977161D3ED0,工业锅炉,2022,3024,轻质建筑材料制造,燃气锅炉,DA002,9,[]
SRC-RAW-26100081002E1998CF93,工业锅炉,2022,3360,金属表面处理及热处理加工,燃气锅炉,DA013,9,[]
SRC-RAW-701DFEA81EC8DE6913A8,工业锅炉,2022,3360,金属表面处理及热处理加工,燃气锅炉,DA002,9,[]
SRC-RAW-2906AC075538ADB6401B,范围外,2022,1462,酱油、食醋及类似制品制造,燃生物质锅炉,DA001,0,[]
SRC-RAW-E74160F22F6BB76159E7,工业锅炉,2022,3360,金属表面处理及热处理加工,燃气锅炉,DA001,9,[]
SRC-RAW-8903F849E498CE3E44DF,工业锅炉,2022,3360,金属表面处理及热处理加工,燃气锅炉,DA007,9,[]
SRC-RAW-3773392A01F3A2325FB8,工业锅炉,2022,1713,棉印染精加工,燃煤锅炉,DA001,9,[]
SRC-RAW-E011BD5622B4EF61996F,工业锅炉,2022,1711,棉纺纱加工,燃气锅炉,DA001,9,[]
SRC-RAW-E15DB01DCBB71669921A,工业锅炉,2022,3360,金属表面处理及热处理加工,燃气锅炉,DA010,9,[]
SRC-RAW-570F09E022C953AB412E,工业锅炉,2022,3360,金属表面处理及热处理加工,燃气锅炉,DA011,9,[]
SRC-RAW-F6788FA76631915B0A23,范围外,2022,1711,棉纺纱加工,燃生物质锅炉,DA001,0,[]
SRC-RAW-97EA716F437BFB0F33BD,范围外,2022,1762,针织或钩针编织物印染精加工,燃生物质锅炉,DA001,0,[]
SRC-RAW-2D45A0FEE1C2DF519D86,范围外,2022,2022,纤维板制造,燃生物质锅炉,DA001,0,[]
SRC-RAW-CB638369D31192657F8E,工业锅炉,2022,1752,化纤织物染整精加工,燃气锅炉,DA001,9,[]
SRC-RAW-2357FD701EFB063BB3A7,工业锅炉,2022,3360,金属表面处理及热处理加工,燃气锅炉,DA022,9,[]
SRC-RAW-E0DE0DF08E0F5FF6E12D,工业锅炉,2022,3360,金属表面处理及热处理加工,燃气锅炉,DA023,9,[]
SRC-RAW-03E6E32F6CF21C7AA070,工业锅炉,2022,3360,金属表面处理及热处理加工,燃气锅炉,DA024,9,[]
SRC-RAW-5373F3B8F7FF1900D012,工业锅炉,2022,1329,其他饲料加工,燃气锅炉,DA001,9,[]
SRC-RAW-F54B906BFC1343AD43B3,工业锅炉,2022,1462,酱油、食醋及类似制品制造,燃气锅炉,DA001,9,[]
SRC-RAW-1BE553A79AF32B28D6DE,工业锅炉,2022,1462,酱油、食醋及类似制品制造,燃气锅炉,DA001,9,[]
SRC-RAW-C479E7721DCE7C715C41,范围外,2022,1713,棉印染精加工,燃生物质锅炉,DA001,0,[]
SRC-RAW-A95B57E83DEAD978F698,工业锅炉,2022,1713,棉印染精加工,燃煤锅炉,DA001,9,[]
SRC-RAW-7755813F355C9411C824,工业锅炉,2022,3360,金属表面处理及热处理加工,燃气锅炉,DA004,9,[]
SRC-RAW-B14ED4721F1B87D12126,范围外,2022,1419,饼干及其他焙烤食品制造,,DA001,0,[]
SRC-RAW-DB768E3960DC2F3EA897,工业锅炉,2022,3311,金属结构制造,燃气锅炉,DA001,9,[]
SRC-RAW-79756C4A01FD66A87672,范围外,2022,3360,金属表面处理及热处理加工,燃生物质锅炉,DA001,0,[]
SRC-RAW-A96A9517A4718604FC8A,工业锅炉,2022,1713,棉印染精加工,燃气锅炉,DA001,9,[]
SRC-RAW-DFE19DBE9EB2DC0F36A1,工业锅炉,2022,1713,棉印染精加工,燃气锅炉,DA002,9,[]
SRC-RAW-519DAA065F1065DCAC62,工业锅炉,2022,1713,棉印染精加工,燃气锅炉,DA001,9,[]
SRC-RAW-7813A6602AB08D5E89F8,工业锅炉,2022,2221,机制纸及纸板制造,燃气锅炉,DA001,9,[]
SRC-RAW-8B3334BCF034502331DE,工业锅炉,2022,3360,金属表面处理及热处理加工,燃气锅炉,DA001,9,[]
SRC-RAW-AD860A67C969CC5EDB3A,范围外,2022,1523,果菜汁及果菜汁饮料制造,燃生物质锅炉,DA001,0,[]
SRC-RAW-90E31B8E81039059F51E,工业锅炉,2022,3360,金属表面处理及热处理加工,燃气锅炉,DA006,9,[]
SRC-RAW-7037631EF196ADB2BD49,工业锅炉,2022,3360,金属表面处理及热处理加工,燃气锅炉,DA009,9,[]
SRC-RAW-349302B024DC66E12D00,工业锅炉,2022,3360,金属表面处理及热处理加工,燃气锅炉,DA001,9,[]
SRC-RAW-6FDEC22A7FF2261FEE51,工业锅炉,2022,3360,金属表面处理及热处理加工,燃气锅炉,DA001,9,[]
SRC-RAW-9ABC48AF22E5E29A5A80,工业锅炉,2022,3360,金属表面处理及热处理加工,燃气锅炉,DA011,9,[]
SRC-RAW-B960A302E802DF2B774D,工业锅炉,2022,3360,金属表面处理及热处理加工,燃气锅炉,DA012,9,[]
SRC-RAW-58D392F757D993DA26E3,工业锅炉,2022,3360,金属表面处理及热处理加工,燃气锅炉,DA013,9,[]
SRC-RAW-B5908C0301AA9D0E6E94,工业锅炉,2022,2221,机制纸及纸板制造,燃煤锅炉,DA001,9,[]
SRC-RAW-CA36D74776AAC59961A2,工业锅炉,2022,3360,金属表面处理及热处理加工,燃气锅炉,DA006,9,[]
SRC-RAW-9F010C49E3DAAD1CE087,工业锅炉,2022,3360,金属表面处理及热处理加工,燃气锅炉,DA007,9,[]
SRC-RAW-FB8A12607B691AE0D04E,工业锅炉,2022,3360,金属表面处理及热处理加工,燃气锅炉,DA008,9,[]
SRC-RAW-91CEBB2E76541D5F8187,工业锅炉,2022,4190,其他未列明制造业,燃气锅炉,DA001,9,[]
SRC-RAW-29A598351FC6E1AB9F7B,工业锅炉,2022,3360,金属表面处理及热处理加工,燃气锅炉,DA008,9,[]
SRC-RAW-2B5F9EE7C17F7DE3E88B,工业锅炉,2022,3360,金属表面处理及热处理加工,燃气锅炉,DA009,9,[]
SRC-RAW-4DAA2EBCCDAA62C772E5,工业锅炉,2022,3360,金属表面处理及热处理加工,燃气锅炉,DA010,9,[]
SRC-RAW-3424F0ABEB8780E0FE64,工业锅炉,2022,3360,金属表面处理及热处理加工,燃气锅炉,DA002,9,[]
SRC-RAW-D4F979ABC98741139280,工业锅炉,2022,1462,酱油、食醋及类似制品制造,燃气锅炉,DA001,9,[]
SRC-RAW-8BD05D715D2CE17E2CD0,工业锅炉,2022,3982,电子电路制造,燃气锅炉,DA001,9,[]
SRC-RAW-04C7449E7E64DBB89AE7,范围外,2022,2231,纸和纸板容器制造,燃生物质锅炉,DA001,0,[]
SRC-RAW-FA24F53BF4AB709B6049,范围外,2022,2231,纸和纸板容器制造,燃生物质锅炉,DA001,0,[]
SRC-RAW-7E6AB2E3322FC7C94BDC,工业锅炉,2022,1462,酱油、食醋及类似制品制造,燃气锅炉,DA002,9,[]
SRC-RAW-2FB2846877D0D3139594,工业锅炉,2022,1462,酱油、食醋及类似制品制造,燃气锅炉,DA002,9,[]
SRC-RAW-E8A404AFED2D56FF1827,工业锅炉,2022,1462,酱油、食醋及类似制品制造,燃气锅炉,DA003,9,[]
SRC-RAW-79593D2F7AE991377F32,范围外,2022,2613,无机盐制造,燃生物质锅炉,DA001,0,[]
SRC-RAW-9410F4A0544671B6A813,工业锅炉,2022,1910,皮革鞣制加工,燃气锅炉,DA004,9,[]
SRC-RAW-45216EE210632C3EB367,范围外,2022,1329,其他饲料加工,燃生物质锅炉,DA001,0,[]
SRC-RAW-68724838A403C7A7AF1E,范围外,2022,1329,其他饲料加工,燃生物质锅炉,DA001,0,[]
SRC-RAW-CC42DD79319D5D4DF6AD,工业锅炉,2022,3982,电子电路制造,燃气锅炉,DA001,9,[]
SRC-RAW-BE47467266A22219761E,范围外,2022,2239,其他纸制品制造,燃生物质锅炉,DA001,0,[]
SRC-RAW-22CCD26A0B08C7299BFC,工业锅炉,2022,1462,酱油、食醋及类似制品制造,燃气锅炉,DA002,9,[]
SRC-RAW-30F20568DEE52C9C4CD0,范围外,2022,1713,棉印染精加工,燃生物质锅炉,DA001,0,[]
SRC-RAW-F790726CFD8BAFE59941,工业锅炉,2022,1713,棉印染精加工,燃气锅炉,DA002,9,[]
SRC-RAW-04A61DED8F755B7361B1,工业锅炉,2022,1353,肉制品及副产品加工,燃气锅炉,DA002,9,[]
SRC-RAW-73AFD237AF021A9DBA1A,工业锅炉,2022,2319,包装装潢及其他印刷,燃气锅炉,DA003,9,[]
SRC-RAW-F3AC4BB116194804641F,范围外,2022,2231,纸和纸板容器制造,燃生物质锅炉,DA001,0,[]
SRC-RAW-15D8604C9DA23F091860,工业锅炉,2022,1432,速冻食品制造,燃气锅炉,DA001,9,[]
SRC-RAW-DCF89440B11276CD7140,工业锅炉,2022,1432,速冻食品制造,燃气锅炉,DA002,9,[]
SRC-RAW-BAF963863D114AE4C1F6,工业锅炉,2022,3982,电子电路制造,燃气锅炉,DA046,9,[]
SRC-RAW-4AE9F28C5B2570AD03D0,范围外,2022,1392,豆制品制造,燃生物质锅炉,DA001,0,[]
SRC-RAW-1B293AB70438907B9B7D,工业锅炉,2022,2190,其他家具制造,燃气锅炉,DA001,9,[]
SRC-RAW-F628AE4FC7ACEE5C401F,工业锅炉,2022,2190,其他家具制造,燃气锅炉,DA001,9,[]
SRC-RAW-CF902CFBF1420DC9244C,工业锅炉,2022,2190,其他家具制造,燃气锅炉,DA001,9,[]
SRC-RAW-8D257AB395A7F7F2381D,范围外,2022,3360,金属表面处理及热处理加工,燃生物质锅炉,DA005,0,[]
SRC-RAW-CDC7D67DF2C14DB6C6B5,范围外,2022,3360,金属表面处理及热处理加工,燃生物质锅炉,DA006,0,[]
SRC-RAW-4E2A2F109D6C239D0B08,工业锅炉,2022,1713,棉印染精加工,燃气锅炉,DA001,9,[]
SRC-RAW-EB5E1952026CF33CF33C,工业锅炉,2022,1713,棉印染精加工,燃气锅炉,DA001,9,[]
SRC-RAW-D14BA715E55C24E291A7,工业锅炉,2022,1752,化纤织物染整精加工,燃气锅炉,DA002,9,[]
SRC-RAW-12C7E9F9C5B64F3EA0A0,范围外,2022,1819,其他机织服装制造,燃生物质锅炉,DA001,0,[]
SRC-RAW-F48ED1084B2039633D0A,范围外,2022,1752,化纤织物染整精加工,燃生物质锅炉,DA004,0,[]
SRC-RAW-37B676469D5EC2D8BD8C,范围外,2022,1752,化纤织物染整精加工,燃生物质锅炉,DA005,0,[]
SRC-RAW-E97320CD5772DECBFFA9,工业锅炉,2022,2239,其他纸制品制造,燃气锅炉,DA001,9,[]
SRC-RAW-40AC94ECDC48F0AA477B,范围外,2022,1752,化纤织物染整精加工,燃生物质锅炉,DA001,0,[]
SRC-RAW-E23232AE5D0E7674BBB9,范围外,2022,1752,化纤织物染整精加工,燃生物质锅炉,DA001,0,[]
SRC-RAW-4F179B0DA6442156C80C,工业锅炉,2022,1351,牲畜屠宰,燃气锅炉,DA004,9,[]
SRC-RAW-6157B8CB10C989FB0B87,工业锅炉,2022,1351,牲畜屠宰,燃气锅炉,DA004,9,[]
SRC-RAW-2823C4580659A06EE1DE,范围外,2022,1830,服饰制造,燃生物质锅炉,DA001,0,[]
SRC-RAW-50021B91580AE1740BBD,工业锅炉,2022,2925,塑料人造革、合成革制造,燃气锅炉,DA001,9,[]
SRC-RAW-685A00828FAB359467A4,工业锅炉,2022,2925,塑料人造革、合成革制造,燃气锅炉,DA001,9,[]
SRC-RAW-C81FA5E9371DCCC1953F,范围外,2022,2651,初级形态塑料及合成树脂制造,燃生物质锅炉,DA001,0,[]
SRC-RAW-3FEE277A7F25883026B3,工业锅炉,2022,2651,初级形态塑料及合成树脂制造,燃气锅炉,DA003,9,[]
SRC-RAW-5856C8FBC20BD7F7562E,工业锅炉,2022,1713,棉印染精加工,燃气锅炉,DA004,9,[]
SRC-RAW-341A05EE380F444BF552,工业锅炉,2022,1713,棉印染精加工,燃气锅炉,DA005,9,[]
SRC-RAW-7E96ED5BEE9AEABA936C,工业锅炉,2022,1713,棉印染精加工,燃气锅炉,DA003,9,[]
SRC-RAW-1B901AF7FB838246455B,工业锅炉,2022,1713,棉印染精加工,燃气锅炉,DA002,9,[]
SRC-RAW-BA95D82878C34295FC75,范围外,2022,1713,棉印染精加工,燃生物质锅炉,DA001,0,[]
SRC-RAW-B017BCB403496F3E70A1,范围外,2022,1713,棉印染精加工,燃生物质锅炉,DA006,0,[]
SRC-RAW-4B071D338ADB64FF102B,工业锅炉,2022,1713,棉印染精加工,燃气锅炉,DA001,9,[]
SRC-RAW-942711CB27AECF62BCE6,工业锅炉,2022,1713,棉印染精加工,燃气锅炉,DA001,9,[]
SRC-RAW-3455D242F1C803FE6089,范围外,2022,3333,金属包装容器及材料制造,燃生物质锅炉,DA009,0,[]
SRC-RAW-B3213B6CA969CD54A800,工业锅炉,2022,3333,金属包装容器及材料制造,燃气锅炉,DA010,9,[]
SRC-RAW-87A7369C60AB12C3F6ED,范围外,2022,2929,塑料零件及其他塑料制品制造,燃生物质锅炉,DA017,0,[]
SRC-RAW-10799553F0EC2AF58164,工业锅炉,2022,1752,化纤织物染整精加工,燃气锅炉,DA001,9,[]
SRC-RAW-64F67D85ED6B09B0853F,范围外,2022,2022,纤维板制造,燃生物质锅炉,DA001,0,[]
SRC-RAW-92E6D9483E4C55597412,范围外,2022,2022,纤维板制造,燃生物质锅炉,DA002,0,[]
SRC-RAW-341C2819134BF253DC04,范围外,2022,2022,纤维板制造,燃生物质锅炉,DA003,0,[]
SRC-RAW-E885BCD763CEE1DA31DB,工业锅炉,2022,3982,电子电路制造,燃气锅炉,DA001,9,[]
SRC-RAW-CCF28152C44845D4E274,工业锅炉,2022,2613,无机盐制造,燃气锅炉,DA001,9,[]
SRC-RAW-35958EB68D880C8EE08A,工业锅炉,2022,1743,丝印染精加工,燃气锅炉,DA001,9,[]
SRC-RAW-93502270B10200EED92F,范围外,2022,2021,胶合板制造,燃生物质锅炉,DA001,0,[]
SRC-RAW-B135EE0B755218EE2875,范围外,2022,2021,胶合板制造,燃生物质锅炉,DA002,0,[]
SRC-RAW-03A7FBCF2BB133A97858,范围外,2022,2239,其他纸制品制造,燃生物质锅炉,DA001,0,[]
SRC-RAW-76603BB687FA691A1EB5,范围外,2022,2239,其他纸制品制造,燃生物质锅炉,DA001,0,[]
SRC-RAW-6FA540635CE9376956F2,工业锅炉,2022,3360,金属表面处理及热处理加工,燃气锅炉,DA003,9,[]
SRC-RAW-0A1452134C6DA261747D,工业锅炉,2022,3360,金属表面处理及热处理加工,燃气锅炉,DA011,9,[]
SRC-RAW-2FFE239DA4BCB38D7915,工业锅炉,2022,3360,金属表面处理及热处理加工,燃气锅炉,DA024,9,[]
SRC-RAW-294BD0892645B59CFE1F,工业锅炉,2022,1713,棉印染精加工,燃煤锅炉,DA001,9,[]
SRC-RAW-28382250DDB3E29C0D33,工业锅炉,2022,1713,棉印染精加工,燃煤锅炉,DA001,9,[]
SRC-RAW-02C3AD7C6A1E4CD731A5,工业锅炉,2022,1713,棉印染精加工,燃煤锅炉,DA001,9,[]
SRC-RAW-A1B072585C38520BBD42,工业锅炉,2022,1713,棉印染精加工,燃煤锅炉,DA001,9,[]
SRC-RAW-7BE0ACCCFA841DAACE99,范围外,2022,1513,啤酒制造,燃生物质锅炉,DA010,0,[]
SRC-RAW-A6FFB5EFD995694A2A8B,范围外,2022,1513,啤酒制造,燃生物质锅炉,DA010,0,[]
SRC-RAW-F48BB468C8612404A070,火电热力,2022,4411,火力发电,燃煤锅炉,DA001,9,[]
SRC-RAW-00C256E474D31C7B6CE7,火电热力,2022,4411,火力发电,燃煤锅炉,DA002,9,[]
SRC-RAW-6811A2193F6208E866A7,火电热力,2022,4411,火力发电,燃煤锅炉,DA003,9,[]
SRC-RAW-0543F60FDC1976D763BF,火电热力,2022,4411,火力发电,燃煤锅炉,DA004,9,[]
SRC-RAW-96535C8A37B94812FA54,工业锅炉,2022,1329,其他饲料加工,燃气锅炉,DA001,9,[]
SRC-RAW-B851B5BEBF4E6DE35D9E,工业锅炉,2022,1329,其他饲料加工,燃气锅炉,DA001,9,[]
SRC-RAW-F9F1283EF6171C4561BA,工业锅炉,2022,1329,其他饲料加工,燃气锅炉,DA002,9,[]
SRC-RAW-59D25E06FBF47F3798DD,火电热力,2022,4411,火力发电,燃煤锅炉,DA001,9,[]
SRC-RAW-F80BE95D6F30E218DDD0,火电热力,2022,4411,火力发电,,DA002,9,"[""SOURCE_RELATION_MISSING:设备类型""]"
SRC-RAW-2B3B38FDF025083ACB88,工业锅炉,2022,1620,卷烟制造,燃气锅炉,DA001,9,[]
SRC-RAW-08F18D43F0D441168144,工业锅炉,2022,1620,卷烟制造,燃气锅炉,DA001,9,[]
SRC-RAW-5B7AD83CFB3C8D968AC8,工业锅炉,2022,2511,原油加工及石油制品制造,燃气锅炉,DA001,9,[]
SRC-RAW-970E75DA00C9BA1EF096,工业锅炉,2022,1361,水产品冷冻加工,燃气锅炉,DA001,9,[]
SRC-RAW-A6E23B82118994406620,范围外,2022,2720,化学药品制剂制造,燃生物质锅炉,DA001,0,[]
SRC-RAW-E3655C29A72A0ADCDBA0,范围外,2022,2720,化学药品制剂制造,燃生物质锅炉,DA002,0,[]
SRC-RAW-3243353191D8DF36BC65,工业锅炉,2022,2319,包装装潢及其他印刷,燃气锅炉,DA001,9,[]
SRC-RAW-2C9B0434E760F7C71FEA,工业锅炉,2022,2740,中成药生产,燃气锅炉,DA001,9,[]
SRC-RAW-F3D48E0E23B64F9DC1FC,工业锅炉,2022,1331,食用植物油加工,燃气锅炉,DA010,9,[]
SRC-RAW-EE22E15D60E5F3179A7C,工业锅炉,2022,2511,原油加工及石油制品制造,其他锅炉,DA034,9,[]
SRC-RAW-AF7E572CC50536BFDCC0,工业锅炉,2022,1329,其他饲料加工,燃气锅炉,DA001,9,[]
SRC-RAW-07FF63917BAAF42393B6,范围外,2022,1331,食用植物油加工,燃生物质锅炉,DA003,0,[]
SRC-RAW-57D46C27B1166E5CD727,范围外,2022,1331,食用植物油加工,燃生物质锅炉,DA003,0,[]
SRC-RAW-22CCDBE712A1E60D0D34,工业锅炉,2022,1331,食用植物油加工,燃气锅炉,DA004,9,[]
SRC-RAW-40ACAED3D7343C469136,工业锅炉,2022,2651,初级形态塑料及合成树脂制造,燃气锅炉,DA003,9,[]
SRC-RAW-5DE462892D08E5700D7B,工业锅炉,2022,2651,初级形态塑料及合成树脂制造,燃气锅炉,DA003,9,[]
SRC-RAW-162ABDED3C1AEAC553D7,工业锅炉,2022,2511,原油加工及石油制品制造,燃气锅炉,DA003,9,[]
SRC-RAW-E27642249652399EC7B0,范围外,2022,1331,食用植物油加工,燃生物质锅炉,DA001,0,[]
SRC-RAW-65311CCF59250832E9B7,工业锅炉,2022,1331,食用植物油加工,燃油锅炉,DA003,9,[]
SRC-RAW-C6F4572EF497846E3B2C,工业锅炉,2022,1361,水产品冷冻加工,燃气锅炉,DA001,9,[]
SRC-RAW-9699BFF774DEF7621975,工业锅炉,2022,1361,水产品冷冻加工,燃气锅炉,DA004,9,[]
SRC-RAW-9B7FE9759B7C2B26302B,范围外,2022,1329,其他饲料加工,燃生物质锅炉,DA001,0,[]
SRC-RAW-B4ADA3FD95BF8CF2C554,工业锅炉,2022,3021,水泥制品制造,燃煤锅炉,DA002,9,[]
SRC-RAW-455074433E4801B40FF8,范围外,2022,2624,复混肥料制造,,DA002,0,[]
SRC-RAW-94BE44414A86E0BA753A,工业锅炉,2022,2924,泡沫塑料制造,燃煤锅炉,DA001,9,[]
SRC-RAW-00E98C63BA7116279279,范围外,2022,2924,泡沫塑料制造,燃生物质锅炉,DA002,0,[]
SRC-RAW-0380C629EC4DDD7F3CE7,工业锅炉,2022,1329,其他饲料加工,燃煤锅炉,DA001,9,[]
SRC-RAW-E32BD25DFEDA8A615F55,范围外,2022,2662,专项化学用品制造,燃生物质锅炉,DA001,0,[]
SRC-RAW-67DF047200604004321B,范围外,2022,1523,果菜汁及果菜汁饮料制造,燃生物质锅炉,DA001,0,[]
SRC-RAW-11523E98107915016E0E,工业锅炉,2022,3091,石墨及碳素制品制造,燃气锅炉,DA006,9,[]
SRC-RAW-2D2E3617122700942FF6,范围外,2022,1329,其他饲料加工,燃生物质锅炉,DA001,0,[]
SRC-RAW-4B9E86F5692AF17ED711,范围外,2022,1329,其他饲料加工,燃生物质锅炉,DA002,0,[]
SRC-RAW-B7055220CFF10280C5E4,范围外,2022,1353,肉制品及副产品加工,燃生物质锅炉,DA360,0,[]
SRC-RAW-42E5FCF844513850644E,范围外,2022,4419,其他电力生产,燃生物质锅炉,DA001,0,[]
SRC-RAW-D6569DF3A631C375F067,范围外,2022,4419,其他电力生产,燃生物质锅炉,DA002,0,[]
SRC-RAW-31E90A9CED583117FE86,范围外,2022,4419,其他电力生产,燃生物质锅炉,DA003,0,[]
SRC-RAW-85EA4B5FA5F27FA55FEA,范围外,2022,3021,水泥制品制造,燃生物质锅炉,DA001,0,[]
SRC-RAW-82B5E171E5A1637B8B24,工业锅炉,2022,2221,机制纸及纸板制造,燃煤锅炉,DA001,9,[]
SRC-RAW-7A0BDFFBBE8DF52BDD9A,工业锅炉,2022,2319,包装装潢及其他印刷,燃气锅炉,DA002,9,[]
SRC-RAW-230C1A4ABB4A6653AE94,范围外,2022,2319,包装装潢及其他印刷,燃生物质锅炉,DA001,0,[]
SRC-RAW-880A4DABB83E7F78ABA1,范围外,2022,1340,制糖业,燃生物质锅炉,DA001,0,[]
SRC-RAW-F3A76496521E3ED98EAB,范围外,2022,1340,制糖业,燃生物质锅炉,DA002,0,[]
SRC-RAW-B81AFDE12C5185BD8B5A,工业锅炉,2022,1441,液体乳制造,燃气锅炉,DA001,9,[]
SRC-RAW-A5FD6EB514DF454AA20B,工业锅炉,2022,1441,液体乳制造,燃气锅炉,DA002,9,[]
SRC-RAW-A69675A381C3F18A8EFC,工业锅炉,2022,2211,木竹浆制造,燃煤锅炉,DA003,9,[]
SRC-RAW-0A1C442720A5D0A0B25E,工业锅炉,2022,2211,木竹浆制造,燃煤锅炉,DA004,9,[]
SRC-RAW-618565C484D6DB8278DB,工业锅炉,2022,2211,木竹浆制造,燃煤锅炉,DA005,9,[]
SRC-RAW-AD3321CD5519C4AFA0B9,工业锅炉,2022,2211,木竹浆制造,燃煤锅炉,DA046,9,[]
SRC-RAW-C3D59EFB67B91B98AF0A,范围外,2022,1391,淀粉及淀粉制品制造,燃生物质锅炉,DA001,0,[]
SRC-RAW-7A3FECD810EC37C2A406,工业锅炉,2022,1511,酒精制造,燃煤锅炉,DA013,9,[]
SRC-RAW-D8FE6D894F6CB995850D,工业锅炉,2022,1511,酒精制造,燃煤锅炉,DA013,9,[]
SRC-RAW-8887761FFD2352F1185E,范围外,2022,1511,酒精制造,燃生物质锅炉,DA015,0,[]
SRC-RAW-66B9EC18C327CABD8CD8,范围外,2022,1511,酒精制造,余热利用锅炉,DA014,0,[]
SRC-RAW-16867003BFCEEE83A9E9,范围外,2022,1511,酒精制造,余热利用锅炉,DA016,0,[]
SRC-RAW-B21C76F77DB0AC685C94,范围外,2022,1511,酒精制造,余热利用锅炉,DA017,0,[]
SRC-RAW-D6775E884FB0464EFF38,范围外,2022,1511,酒精制造,余热利用锅炉,DA018,0,[]
SRC-RAW-1B4454155E3E441B9D8D,工业锅炉,2022,1529,茶饮料及其他饮料制造,燃煤锅炉,DA001,9,[]
SRC-RAW-A5ACF8BC692B456872FC,范围外,2022,1352,禽类屠宰,燃生物质锅炉,DA001,0,[]
SRC-RAW-73110D32EB4CDA304ABB,工业锅炉,2022,2919,其他橡胶制品制造,燃煤锅炉,DA001,9,[]
SRC-RAW-F646D345ED715E0A2185,范围外,2022,1340,制糖业,燃生物质锅炉,DA001,0,[]
SRC-RAW-4AA6AC910D3BFC6B29B3,范围外,2022,1340,制糖业,燃生物质锅炉,DA001,0,[]
SRC-RAW-767E1E9FD8B30B03093D,范围外,2022,1340,制糖业,燃生物质锅炉,DA002,0,[]
SRC-RAW-AE6B9B308E20EFD34309,范围外,2022,2221,机制纸及纸板制造,燃生物质锅炉,DA001,0,[]
SRC-RAW-1EB7C13F069907F85625,火电热力,2022,4417,生物质能发电,燃生物质锅炉,DA013,9,[]
SRC-RAW-3873ED2380D11ED91A77,火电热力,2022,4417,生物质能发电,燃生物质锅炉,DA014,9,[]
SRC-RAW-E1D1CFC73997DBD74ACD,范围外,2022,2221,机制纸及纸板制造,燃生物质锅炉,DA001,0,[]
SRC-RAW-D047539A8B3FBECE848F,工业锅炉,2022,2221,机制纸及纸板制造,燃煤锅炉,DA565,9,[]
SRC-RAW-25F833FA52F5E5BEF7A1,工业锅炉,2022,2221,机制纸及纸板制造,燃煤锅炉,DA001,9,[]
SRC-RAW-34FAB8CBECE64F1757E0,范围外,2022,1340,制糖业,燃生物质锅炉,DA001,0,[]
SRC-RAW-8CF4DAAA9A1D5633F069,工业锅炉,2022,2221,机制纸及纸板制造,燃煤锅炉,DA001,9,[]
SRC-RAW-7331F501285AD513B07E,范围外,2022,1340,制糖业,燃生物质锅炉,DA001,0,[]
SRC-RAW-88FF62B097EC70EC2E51,范围外,2022,1340,制糖业,燃生物质锅炉,DA001,0,[]
SRC-RAW-305E3ACE4CBBC56F90B0,范围外,2022,1340,制糖业,燃生物质锅炉,DA002,0,[]
SRC-RAW-A97C9F1808BD7284D614,范围外,2022,1340,制糖业,燃生物质锅炉,DA002,0,[]
SRC-RAW-EA7E0D0B456A29AD7A45,工业锅炉,2022,1469,其他调味品、发酵制品制造,燃煤锅炉,DA535,17,[]
SRC-RAW-EF5821C608C9C9FBA7F1,范围外,2022,1340,制糖业,燃生物质锅炉,DA001,0,[]
SRC-RAW-2B4DC6C201A5F47B78AB,范围外,2022,1340,制糖业,燃生物质锅炉,DA002,0,[]
SRC-RAW-D45CEEE71FD6B2F5181E,范围外,2022,1340,制糖业,燃生物质锅炉,DA002,0,[]
SRC-RAW-FA15EF72881FAF57430C,范围外,2022,1340,制糖业,燃生物质锅炉,DA001,0,[]
SRC-RAW-D417D8A505ECD1FBF0B0,范围外,2022,1340,制糖业,燃生物质锅炉,DA001,0,[]
SRC-RAW-42BEFDB1BE9DE6EA80A0,范围外,2022,1340,制糖业,燃生物质锅炉,DA001,0,[]
SRC-RAW-DFC2FBB9A7F286141CA8,范围外,2022,1340,制糖业,,DA002,0,[]
SRC-RAW-BFBF572ECDF59EBBCCFB,范围外,2022,1340,制糖业,燃生物质锅炉,DA001,0,[]
SRC-RAW-9CE9349AD7ECF3105D4E,范围外,2022,1340,制糖业,燃生物质锅炉,DA001,0,[]
SRC-RAW-B7043F6456CFA98120D8,范围外,2022,1340,制糖业,燃生物质锅炉,DA001,0,[]
SRC-RAW-9D697DA4249FC37260AA,范围外,2022,1340,制糖业,燃生物质锅炉,DA001,0,[]
SRC-RAW-44ECDED3E6D2681BBC51,范围外,2022,1340,制糖业,燃生物质锅炉,DA001,0,[]
SRC-RAW-2953231C15AE82889F9F,范围外,2022,1340,制糖业,,DA001,0,[]
SRC-RAW-9492DDE2949347B21785,范围外,2022,1340,制糖业,,DA002,0,[]
SRC-RAW-62665107ABDC6B9892A5,工业锅炉,2022,2624,复混肥料制造,燃气锅炉,DA004,9,[]
SRC-RAW-96882F920510C07A7B88,范围外,2022,2022,纤维板制造,燃生物质锅炉,DA001,0,[]
SRC-RAW-53040C110A1008962549,范围外,2022,1453,蔬菜、水果罐头制造,燃生物质锅炉,DA001,0,[]
SRC-RAW-1A6572FA7D6E1162E1A9,范围外,2022,1361,水产品冷冻加工,燃生物质锅炉,DA001,0,[]
SRC-RAW-CC398659CAE09A082FF3,范围外,2022,1340,制糖业,燃生物质锅炉,DA001,0,[]
SRC-RAW-C3F12906C52953780482,范围外,2022,1340,制糖业,燃生物质锅炉,DA001,0,[]
SRC-RAW-4DA3B7FC87D7A79AAC6E,范围外,2022,1340,制糖业,燃生物质锅炉,DA001,0,[]
SRC-RAW-C12093B2630EA0A88C25,范围外,2022,1453,蔬菜、水果罐头制造,燃生物质锅炉,DA001,0,[]
SRC-RAW-A4DCCD2AA40C892C6230,范围外,2022,1453,蔬菜、水果罐头制造,燃生物质锅炉,DA001,0,[]
SRC-RAW-8CE849CB2AD80D336DB1,范围外,2022,1340,制糖业,燃生物质锅炉,DA001,0,[]
SRC-RAW-62CFF39B2601FE99DAD9,范围外,2022,1340,制糖业,燃生物质锅炉,DA001,0,[]
SRC-RAW-3784013AAB04821B8241,范围外,2022,1340,制糖业,燃生物质锅炉,DA001,0,[]
SRC-RAW-34C8F164664539ABE6A8,范围外,2022,1453,蔬菜、水果罐头制造,燃生物质锅炉,DA001,0,[]
SRC-RAW-EEFA0E722316A4501585,范围外,2022,3031,粘土砖瓦及建筑砌块制造,燃生物质锅炉,DA001,0,[]
SRC-RAW-1A080E69B2DA694F0C35,范围外,2022,1453,蔬菜、水果罐头制造,燃生物质锅炉,DA001,0,[]
SRC-RAW-AEAE1185FF114B21ADCA,火电热力,2022,4417,生物质能发电,燃生物质锅炉,DA001,17,[]
SRC-RAW-2069ACC61458686AA194,范围外,2022,3021,水泥制品制造,燃生物质锅炉,DA001,0,[]
SRC-RAW-E44B8B543B8B4A0E34D9,范围外,2022,3021,水泥制品制造,燃生物质锅炉,DA001,0,[]
SRC-RAW-9A6FA0AA6A205A86C121,工业锅炉,2022,2761,生物药品制造,燃气锅炉,DA001,9,[]
SRC-RAW-7D882C3903D9FF36D042,工业锅炉,2022,2761,生物药品制造,燃气锅炉,DA001,9,[]
SRC-RAW-4EBBE2E88B7A42C41150,工业锅炉,2022,3110,炼铁,燃煤锅炉,DA001,25,[]
SRC-RAW-7452B425E0731BA4BBD2,工业锅炉,2022,3110,炼铁,燃煤锅炉,DA002,25,[]
SRC-RAW-95B625A17C5D341D28C2,工业锅炉,2022,3110,炼铁,燃气锅炉,DA345,25,[]
SRC-RAW-DAEA899F623DBE4006C6,工业锅炉,2022,3110,炼铁,燃气锅炉,DA346,25,[]
SRC-RAW-8A769848E39A4E232A92,工业锅炉,2022,2511,原油加工及石油制品制造,燃煤锅炉,DA001,9,[]
SRC-RAW-7E2E36EA91A2F6850F7C,工业锅炉,2022,2511,原油加工及石油制品制造,燃煤锅炉,DA002,9,[]
SRC-RAW-73ED7D681FC9EE9EE200,工业锅炉,2022,2511,原油加工及石油制品制造,燃煤锅炉,DA003,9,[]
SRC-RAW-6B8DD9A6ED25B850DE12,工业锅炉,2022,2511,原油加工及石油制品制造,燃煤锅炉,DA004,9,[]
SRC-RAW-0ED6382A41A784E5F7DD,工业锅炉,2022,2921,塑料薄膜制造,燃气锅炉,DA001,9,[]
SRC-RAW-AC7CFAD1E73B6414E730,工业锅炉,2022,2921,塑料薄膜制造,燃气锅炉,DA001,9,[]
SRC-RAW-6A9A6E219B1F23BE8769,工业锅炉,2022,2221,机制纸及纸板制造,燃煤锅炉,DA001,9,[]
SRC-RAW-2FED2932844C46C85218,范围外,2022,1329,其他饲料加工,燃生物质锅炉,DA001,0,[]
SRC-RAW-3E0F23F4F7FCDDD5A7BF,工业锅炉,2022,1521,碳酸饮料制造,燃气锅炉,DA001,9,[]
SRC-RAW-629B115AEDD5DA21F778,工业锅炉,2022,1521,碳酸饮料制造,燃气锅炉,DA001,9,[]
SRC-RAW-A7900BBDC7B5592B1D7E,工业锅炉,2022,2619,其他基础化学原料制造,燃气锅炉,DA002,9,[]
SRC-RAW-9A97080789A080FE4D4F,范围外,2022,4419,其他电力生产,燃生物质锅炉,DA001,0,[]
SRC-RAW-D6C051053CC8E44F7BC5,范围外,2022,2924,泡沫塑料制造,燃生物质锅炉,DA001,0,[]
SRC-RAW-932E121AB5B79661D9FE,范围外,2022,2924,泡沫塑料制造,燃生物质锅炉,DA105,0,[]
SRC-RAW-37FC48FAE8924CBC6341,范围外,2022,3039,其他建筑材料制造,燃生物质锅炉,DA001,0,[]
SRC-RAW-4064B9C1AB894E9A155E,工业锅炉,2022,2221,机制纸及纸板制造,燃煤锅炉,DA001,9,[]
SRC-RAW-FA07F5CCAD63F52D1B57,范围外,2022,1462,酱油、食醋及类似制品制造,燃生物质锅炉,DA001,0,[]
SRC-RAW-788314A83E3B6761FDD7,范围外,2022,2221,机制纸及纸板制造,燃生物质锅炉,DA001,0,[]
SRC-RAW-79B4B1A3ED539E2183BF,范围外,2022,1329,其他饲料加工,燃生物质锅炉,DA001,0,[]
SRC-RAW-E8A614EC0649A2587F7B,范围外,2022,1329,其他饲料加工,燃生物质锅炉,DA001,0,[]
SRC-RAW-4FAFE21BF29107C8DDB3,范围外,2022,2924,泡沫塑料制造,燃生物质锅炉,DA001,0,[]
SRC-RAW-3A936D037B3CC8AD5E0B,范围外,2022,2231,纸和纸板容器制造,燃生物质锅炉,DA001,0,[]
SRC-RAW-9D29A2759C4E812A202F,范围外,2022,2021,胶合板制造,燃生物质锅炉,DA447,0,[]
SRC-RAW-434B2811ABCAB5DA2C95,范围外,2022,1329,其他饲料加工,燃生物质锅炉,DA001,0,[]
SRC-RAW-F377C879B2AED821C32D,范围外,2022,1329,其他饲料加工,燃生物质锅炉,DA002,0,[]
SRC-RAW-4A6426563F8F95BD0C72,范围外,2022,2319,包装装潢及其他印刷,燃生物质锅炉,DA001,0,[]
SRC-RAW-93CE55C0174278EDEF6C,工业锅炉,2022,3031,粘土砖瓦及建筑砌块制造,燃煤锅炉,DA001,9,[]
SRC-RAW-D884FB1A655C5DAB42C2,范围外,2022,1453,蔬菜、水果罐头制造,燃生物质锅炉,DA001,0,[]
SRC-RAW-3A0AF2CADFBB6F9FF84A,范围外,2022,1453,蔬菜、水果罐头制造,燃生物质锅炉,DA001,0,[]
SRC-RAW-F1A21265F1D26931001A,范围外,2022,1453,蔬菜、水果罐头制造,燃生物质锅炉,DA001,0,[]
SRC-RAW-EE000226C164E3761718,范围外,2022,1453,蔬菜、水果罐头制造,燃生物质锅炉,DA001,0,[]
SRC-RAW-7BA6D986CE61FF7D51B7,火电热力,2022,4411,火力发电,燃煤锅炉,DA001,9,[]
SRC-RAW-1BCCD905C534AF5E1304,火电热力,2022,4411,火力发电,燃煤锅炉,DA001,9,[]
SRC-RAW-C609277193C45FE2CF90,范围外,2022,1340,制糖业,燃生物质锅炉,DA001,0,[]
SRC-RAW-58A60E7FBE3DF4A81F03,范围外,2022,1340,制糖业,燃生物质锅炉,DA002,0,[]
SRC-RAW-B621B64B703089E2507E,范围外,2022,1340,制糖业,燃生物质锅炉,DA003,0,[]
SRC-RAW-E697BFC7811199FB13FC,范围外,2022,1453,蔬菜、水果罐头制造,燃生物质锅炉,DA001,0,[]
SRC-RAW-3C6174DC0EBFA8A2FCD6,范围外,2022,1453,蔬菜、水果罐头制造,燃生物质锅炉,DA001,0,[]
SRC-RAW-2B0DA289C7AA07C606E8,范围外,2022,1453,蔬菜、水果罐头制造,燃生物质锅炉,DA001,0,[]
SRC-RAW-01363A872F73CD277149,范围外,2022,1453,蔬菜、水果罐头制造,燃生物质锅炉,DA001,0,[]
SRC-RAW-D3F559D8437A86D42167,范围外,2022,1340,制糖业,燃生物质锅炉,DA001,0,[]
SRC-RAW-41E898C33999A25446A7,范围外,2022,1340,制糖业,燃生物质锅炉,DA001,0,[]
SRC-RAW-B309F8CB058A45B89A9B,范围外,2022,1340,制糖业,燃生物质锅炉,DA001,0,[]
SRC-RAW-1298DD0CFEF873729E84,范围外,2022,1340,制糖业,燃生物质锅炉,DA002,0,[]
SRC-RAW-2F829AECAD0DCCA97D48,范围外,2022,1340,制糖业,燃生物质锅炉,DA003,0,[]
SRC-RAW-CC194C3604041FF5C5C2,范围外,2022,1340,制糖业,燃生物质锅炉,DA004,0,[]
SRC-RAW-BB9478489F86D1746CE7,范围外,2022,1453,蔬菜、水果罐头制造,燃生物质锅炉,DA001,0,[]
SRC-RAW-52028AC69F1C36179C7F,范围外,2022,1453,蔬菜、水果罐头制造,燃生物质锅炉,DA001,0,[]
SRC-RAW-984B4A319E8A347890C6,工业锅炉,2022,1340,制糖业,燃煤锅炉,DA001,9,[]
SRC-RAW-A4FDF150A128909BE0BD,工业锅炉,2022,1340,制糖业,燃煤锅炉,DA002,9,[]
SRC-RAW-EAF214BF5CA49BFFD278,工业锅炉,2022,1340,制糖业,燃煤锅炉,DA003,9,[]
SRC-RAW-E841F979B33FC6BD5DBA,范围外,2022,1340,制糖业,燃生物质锅炉,DA001,0,[]
SRC-RAW-C9B3E03770F301843CCE,范围外,2022,1340,制糖业,燃生物质锅炉,DA002,0,[]
SRC-RAW-521B1772300CE22AD86F,范围外,2022,1340,制糖业,燃生物质锅炉,DA003,0,[]
SRC-RAW-AFCD330F5D9E8CF464C4,范围外,2022,1340,制糖业,燃生物质锅炉,DA001,0,[]
SRC-RAW-DEE00CE08DF8A1C3EB8E,范围外,2022,1340,制糖业,燃生物质锅炉,DA002,0,[]
SRC-RAW-9BDE15F35CC040CFB015,范围外,2022,1453,蔬菜、水果罐头制造,燃生物质锅炉,DA001,0,[]
SRC-RAW-F05C50ABF509FD52DB3B,范围外,2022,1453,蔬菜、水果罐头制造,燃生物质锅炉,DA001,0,[]
SRC-RAW-0277F6B1D615568C99C0,范围外,2022,2021,胶合板制造,燃生物质锅炉,DA001,0,[]
SRC-RAW-008874CA96532DE69412,火电热力,2022,4430,热力生产和供应,燃生物质锅炉,DA001,9,[]
SRC-RAW-ED308AF95EFC653B0EAA,范围外,2022,1453,蔬菜、水果罐头制造,燃生物质锅炉,DA001,0,[]
SRC-RAW-E1929A4DC9EAF050EBED,范围外,2022,1340,制糖业,燃生物质锅炉,DA001,0,[]
SRC-RAW-EF9E3F8BF1EE39A01594,范围外,2022,1340,制糖业,燃生物质锅炉,DA002,0,[]
SRC-RAW-310EE36E99715B51BC8E,火电热力,2022,4417,生物质能发电,燃生物质锅炉,DA001,17,[]
SRC-RAW-8E6AAD9EBFB21EACE674,火电热力,2022,4417,生物质能发电,燃生物质锅炉,DA002,17,[]
SRC-RAW-5A0A0691DA6AF583DC65,范围外,2022,1941,羽毛（绒）加工,燃生物质锅炉,DA001,0,[]
SRC-RAW-3E5201726DE59D3C1999,范围外,2022,1942,羽毛（绒）制品加工,燃生物质锅炉,DA001,0,[]
SRC-RAW-F06382EF91D59B965B33,范围外,2022,1353,肉制品及副产品加工,燃生物质锅炉,DA001,0,[]
SRC-RAW-B1D63FB8962D9B705055,范围外,2022,1941,羽毛（绒）加工,燃生物质锅炉,DA001,0,[]
SRC-RAW-1A3C6053BCAD8701F25F,范围外,2022,1941,羽毛（绒）加工,,DA001,0,[]
SRC-RAW-EEA2CB28DB06348B110B,范围外,2022,1941,羽毛（绒）加工,燃生物质锅炉,DA001,0,[]
SRC-RAW-9A34EB58DE366FED858E,范围外,2022,3021,水泥制品制造,燃生物质锅炉,DA001,0,[]
SRC-RAW-E9F90C8A8CB4F0262436,工业锅炉,2022,1329,其他饲料加工,燃气锅炉,DA001,9,[]
SRC-RAW-6E80184074ACF2EB763C,范围外,2022,1942,羽毛（绒）制品加工,燃生物质锅炉,DA001,0,[]
SRC-RAW-1EA4A3F689461B84C544,范围外,2022,1941,羽毛（绒）加工,燃生物质锅炉,DA001,0,[]
SRC-RAW-6CBA7C20522FFBE1426C,范围外,2022,1942,羽毛（绒）制品加工,燃生物质锅炉,DA001,0,[]
SRC-RAW-153C4C3CE815595ED503,范围外,2022,1361,水产品冷冻加工,燃生物质锅炉,DA001,0,[]
SRC-RAW-19243970285876D8A16A,火电热力,2022,4417,生物质能发电,燃生物质锅炉,DA001,17,[]
SRC-RAW-36EAF9C679177C3289B0,火电热力,2022,4417,生物质能发电,燃生物质锅炉,DA002,17,[]
SRC-RAW-8CA8D5C1B75AFE3065FA,工业锅炉,2022,1363,鱼油提取及制品制造,燃煤锅炉,DA001,9,[]
SRC-RAW-25D8A18C654764C34610,工业锅炉,2022,1363,鱼油提取及制品制造,燃煤锅炉,DA002,9,[]
SRC-RAW-1693BA5F93F3EE4BF10E,范围外,2022,1329,其他饲料加工,燃生物质锅炉,DA001,0,[]
SRC-RAW-2964C742EFE675888C0F,工业锅炉,2022,2631,化学农药制造,燃气锅炉,DA008,9,[]
SRC-RAW-B43BF1268EE6A69B1222,范围外,2022,4419,其他电力生产,燃生物质锅炉,DA001,0,[]
SRC-RAW-BDA4653AC61CF9A231E1,范围外,2022,4419,其他电力生产,燃生物质锅炉,DA002,0,[]
SRC-RAW-73C97D813A584BCC6299,工业锅炉,2022,2661,化学试剂和助剂制造,燃气锅炉,DA006,9,[]
SRC-RAW-03ABB1AEDFD3D9F93EC2,工业锅炉,2022,2511,原油加工及石油制品制造,燃煤锅炉,DA001,17,[]
SRC-RAW-9DE65DF9B36AA19EAFB2,工业锅炉,2022,2511,原油加工及石油制品制造,燃煤锅炉,DA001,17,[]
SRC-RAW-8099EA4E9D59B114EDF6,工业锅炉,2022,2511,原油加工及石油制品制造,燃煤锅炉,DA001,17,[]
SRC-RAW-1B3E995F8D1A7E68B57B,范围外,2022,1329,其他饲料加工,燃生物质锅炉,DA001,0,[]
SRC-RAW-9E00DEFF9856D58CA30C,工业锅炉,2022,2511,原油加工及石油制品制造,燃油锅炉,DA001,9,[]
SRC-RAW-07E50F92385E3D48CD87,工业锅炉,2022,3031,粘土砖瓦及建筑砌块制造,燃气锅炉,DA001,9,[]
SRC-RAW-7720A83B8A317C320F16,范围外,2022,2221,机制纸及纸板制造,燃生物质锅炉,DA001,0,[]
SRC-RAW-061DB3E543B16331E37B,火电热力,2022,4412,热电联产,燃煤锅炉,DA001,17,[]
SRC-RAW-689A0257BF9EEA8A27B5,火电热力,2022,4412,热电联产,燃煤锅炉,DA002,17,[]
SRC-RAW-943A68DDDE5616AFED0D,火电热力,2022,4412,热电联产,燃煤锅炉,DA003,17,[]
SRC-RAW-02EFD72525C00597CF81,范围外,2022,1329,其他饲料加工,燃生物质锅炉,DA001,0,[]
SRC-RAW-11301EE161115945A8F6,范围外,2022,1329,其他饲料加工,燃生物质锅炉,DA001,0,[]
SRC-RAW-8E65BB77EA8BA7502EBC,范围外,2022,2221,机制纸及纸板制造,燃生物质锅炉,DA001,0,[]
SRC-RAW-052B5AD0179075ACD5C1,范围外,2022,2221,机制纸及纸板制造,燃生物质锅炉,DA001,0,[]
SRC-RAW-E06E2E7E67324138392B,范围外,2022,1363,鱼油提取及制品制造,燃生物质锅炉,DA001,0,[]
SRC-RAW-EF1CEDAEB1209D14B575,工业锅炉,2022,1373,水果和坚果加工,燃煤锅炉,DA001,9,[]
SRC-RAW-C5343E1BD4D9AF1A3333,范围外,2022,1369,其他水产品加工,燃生物质锅炉,DA001,0,[]
SRC-RAW-94F33902CCEC8CE7B495,范围外,2022,1369,其他水产品加工,燃生物质锅炉,DA001,0,[]
SRC-RAW-CC7895E0A7E10B07B602,工业锅炉,2022,1362,鱼糜制品及水产品干腌制加工,燃气锅炉,DA001,9,[]
SRC-RAW-52E50E3597DC40BA498A,工业锅炉,2022,1362,鱼糜制品及水产品干腌制加工,燃气锅炉,DA002,9,[]
SRC-RAW-76EE6DB7D63C2E8507A8,范围外,2022,1329,其他饲料加工,燃生物质锅炉,DA765,0,[]
SRC-RAW-B98AD15F5B9D8912CA91,范围外,2022,1373,水果和坚果加工,燃生物质锅炉,DA001,0,[]
SRC-RAW-78B8180320CCC456863C,范围外,2022,1373,水果和坚果加工,燃生物质锅炉,DA001,0,[]
SRC-RAW-FBC7A70819AC0B337764,范围外,2022,1373,水果和坚果加工,燃生物质锅炉,DA001,0,[]
SRC-RAW-39D66CB7584D6B7C5434,工业锅炉,2022,2684,香料、香精制造,燃油锅炉,DA001,9,[]
SRC-RAW-8DC39CEEB9EAF46808F2,工业锅炉,2022,2915,日用及医用橡胶制品制造,燃气锅炉,DA001,9,[]
SRC-RAW-99025204ED6E70139DC6,工业锅炉,2022,1369,其他水产品加工,燃气锅炉,DA001,9,[]
SRC-RAW-0C62FF1D403B7184241E,工业锅炉,2022,1369,其他水产品加工,燃气锅炉,DA002,9,[]
SRC-RAW-52C53DF1FFA5D30C5AB0,工业锅炉,2022,1369,其他水产品加工,燃煤锅炉,DA001,9,[]
SRC-RAW-F54508C12F21486E099E,工业锅炉,2022,1369,其他水产品加工,燃煤锅炉,DA002,9,[]
SRC-RAW-B4BE37005BF070D70BE3,范围外,2022,1453,蔬菜、水果罐头制造,燃生物质锅炉,DA001,0,[]
SRC-RAW-FF35AF9F2546A7F4EFC0,工业锅炉,2022,1369,其他水产品加工,燃气锅炉,DA001,9,[]
SRC-RAW-06769CDAB42CB73FDF17,工业锅炉,2022,1369,其他水产品加工,燃煤锅炉,DA001,9,[]
SRC-RAW-BD04E765C7E8727D6C70,范围外,2022,1329,其他饲料加工,燃生物质锅炉,DA001,0,[]
SRC-RAW-FBC6A863EC966C6D4697,工业锅炉,2022,2661,化学试剂和助剂制造,燃油锅炉,DA002,9,[]
SRC-RAW-D9678E4DB31478AADD46,范围外,2022,2915,日用及医用橡胶制品制造,燃生物质锅炉,DA003,0,[]
SRC-RAW-42923CF3A707087450FB,工业锅炉,2022,1361,水产品冷冻加工,燃油锅炉,DA039,9,[]
SRC-RAW-F8B4E6BA91A1068E3347,范围外,2022,2511,原油加工及石油制品制造,燃生物质锅炉,DA001,0,[]
SRC-RAW-ACDBE81D0700EF937270,范围外,2022,2924,泡沫塑料制造,燃生物质锅炉,DA001,0,[]
SRC-RAW-D40B5CF191E82D0FE8B5,工业锅炉,2022,2511,原油加工及石油制品制造,燃油锅炉,DA001,9,[]
SRC-RAW-B55985BF7E99CE8FD774,范围外,2022,1369,其他水产品加工,,DA001,0,[]
SRC-RAW-FEB0007E12B4A01FF338,工业锅炉,2022,2642,油墨及类似产品制造,燃气锅炉,DA001,9,[]
SRC-RAW-D335398E74D66C1FC985,工业锅炉,2022,2912,橡胶板、管、带制造,其他锅炉,DA001,9,[]
SRC-RAW-889A8F1F3DAAF15588BE,范围外,2022,1329,其他饲料加工,燃生物质锅炉,DA765,0,[]
SRC-RAW-1EC6384FC01E1D252DC3,工业锅炉,2022,3031,粘土砖瓦及建筑砌块制造,燃气锅炉,DA001,9,[]
SRC-RAW-023A72698CAC40D6DF77,工业锅炉,2022,2624,复混肥料制造,燃气锅炉,DA001,9,[]
SRC-RAW-61FC125655AD9E7C1A9E,工业锅炉,2022,1452,水产品罐头制造,燃气锅炉,DA001,9,[]
SRC-RAW-8036F535560193475684,范围外,2022,1391,淀粉及淀粉制品制造,燃生物质锅炉,DA006,0,[]
SRC-RAW-53DE0F0A29727B4C9F2D,范围外,2022,1495,食品及饲料添加剂制造,燃生物质锅炉,DA001,0,[]
SRC-RAW-39C7CA5227B67363AFCA,工业锅炉,2022,1331,食用植物油加工,燃气锅炉,DA001,9,[]
SRC-RAW-9A3B21F801D84FF18A6F,工业锅炉,2022,1331,食用植物油加工,燃气锅炉,DA001,9,[]
SRC-RAW-15606025516ABDF51A22,火电热力,2022,4417,生物质能发电,燃生物质锅炉,DA001,9,[]
SRC-RAW-CFA54959A90733410B09,火电热力,2022,4417,生物质能发电,燃生物质锅炉,DA002,9,[]
SRC-RAW-767A2740FB28E481B84D,范围外,2022,1399,其他未列明农副食品加工,燃生物质锅炉,DA001,0,[]
SRC-RAW-D4B54C78BE97D4F2AF3B,工业锅炉,2022,3033,防水建筑材料制造,燃气锅炉,DA001,9,[]
SRC-RAW-0109432DE0E295CD5108,火电热力,2022,4411,火力发电,燃煤锅炉,DA001,17,[]
SRC-RAW-FCE03F847AF31F5EF8CA,火电热力,2022,4411,火力发电,燃煤锅炉,DA001,17,[]
SRC-RAW-1AB0C2AF338AA611BD61,工业锅炉,2022,1351,牲畜屠宰,燃油锅炉,DA001,9,[]
SRC-RAW-994B355570EDFB2B8E4A,火电热力,2022,4412,热电联产,燃煤锅炉,DA001,9,[]
SRC-RAW-2031C9CF41A78A40DCC9,火电热力,2022,4412,热电联产,燃煤锅炉,DA001,9,[]
SRC-RAW-0CE8D8ABDD013A9A4978,火电热力,2022,4412,热电联产,燃煤锅炉,DA001,9,[]
SRC-RAW-D8333CABBDCF22B6AB37,工业锅炉,2022,2614,有机化学原料制造,燃煤锅炉,DA073,17,[]
SRC-RAW-78AF19BE69568FDAA025,工业锅炉,2022,2614,有机化学原料制造,燃煤锅炉,DA071,17,[]
SRC-RAW-5EB7A3720C0B46FC9769,工业锅炉,2022,2511,原油加工及石油制品制造,燃气锅炉,DA002,9,[]
SRC-RAW-EAAB377964C8A7EDD5A8,工业锅炉,2022,4220,非金属废料和碎屑加工处理,燃气锅炉,DA001,25,[]
SRC-RAW-8DEDE622CCE39B684ABC,工业锅炉,2022,2614,有机化学原料制造,燃油锅炉,DA003,9,[]
SRC-RAW-98BAF42CBB7D793DCEBC,工业锅炉,2022,2614,有机化学原料制造,燃气锅炉,DA001,9,[]
SRC-RAW-4433D143E09D525B51BD,工业锅炉,2022,1351,牲畜屠宰,燃气锅炉,DA001,9,[]
SRC-RAW-512F089FBC73F449D520,工业锅炉,2022,2221,机制纸及纸板制造,燃煤锅炉,DA001,9,[]
SRC-RAW-3709959AD3858442B527,范围外,2022,2221,机制纸及纸板制造,燃生物质锅炉,DA001,0,[]
SRC-RAW-109E9895722EBCE71141,范围外,2022,3039,其他建筑材料制造,燃生物质锅炉,DA001,0,[]
SRC-RAW-B4ABFE143FFA790EB178,范围外,2022,2221,机制纸及纸板制造,燃生物质锅炉,DA001,0,[]
SRC-RAW-5B0EE5841140B0C61BA4,范围外,2022,2221,机制纸及纸板制造,燃生物质锅炉,DA001,0,[]
SRC-RAW-2046CE306DFD8FBAEFC9,范围外,2022,3021,水泥制品制造,燃生物质锅炉,DA001,0,[]
SRC-RAW-A5106E72289E47884877,工业锅炉,2022,1523,果菜汁及果菜汁饮料制造,燃煤锅炉,DA001,9,[]
SRC-RAW-2FE7A097590BFBBD7795,范围外,2022,1519,其他酒制造,燃生物质锅炉,DA001,0,[]
SRC-RAW-0F38F0116902851E4852,工业锅炉,2022,2511,原油加工及石油制品制造,燃油锅炉,DA001,9,[]
SRC-RAW-069412768F658AA16C1C,工业锅炉,2022,1743,丝印染精加工,燃气锅炉,DA001,9,[]
SRC-RAW-2E4EA03DA6425A59A935,范围外,2022,3039,其他建筑材料制造,燃生物质锅炉,DA001,0,[]
SRC-RAW-769ADA05862DC4F60CB8,范围外,2022,2911,轮胎制造,燃生物质锅炉,DA001,0,[]
SRC-RAW-ACC54AF3A51272441AAE,工业锅炉,2022,2221,机制纸及纸板制造,燃煤锅炉,DA001,9,[]
SRC-RAW-FC093BE0133ABAA26D04,工业锅炉,2022,2221,机制纸及纸板制造,燃煤锅炉,DA001,9,[]
SRC-RAW-54C74BCDE7605D7AB85A,工业锅炉,2022,3391,黑色金属铸造,燃气锅炉,DA001,9,[]
SRC-RAW-03EBE8C86AB2B35FC4BE,工业锅炉,2022,2666,环境污染处理专用药剂材料制造,燃气锅炉,DA001,9,[]
SRC-RAW-73F370D77563166694DD,范围外,2022,0539,其他畜牧专业及辅助性活动,燃煤锅炉,DA001,0,[]
SRC-RAW-FCC268F768A43B518486,火电热力,2022,4412,热电联产,余热利用锅炉,DA001,9,[]
SRC-RAW-2DC355A7DAB92666CE8A,火电热力,2022,4412,热电联产,余热利用锅炉,DA002,9,[]
SRC-RAW-9BF17CBC5E177F83E42F,火电热力,2022,4412,热电联产,燃气锅炉,DA003,9,[]
SRC-RAW-FDBB291BE3217E3E0E98,范围外,2022,3039,其他建筑材料制造,,DA001,0,[]
SRC-RAW-F923B78FB9390F749A07,火电热力,2022,4417,生物质能发电,燃生物质锅炉,DA001,9,[]
SRC-RAW-FFDC70ED5B342EC4C6E9,火电热力,2022,4417,生物质能发电,燃生物质锅炉,DA002,9,[]
SRC-RAW-9A6B1D518B1CAC9A1AE3,范围外,2022,2021,胶合板制造,燃生物质锅炉,DA001,0,[]
SRC-RAW-951C246885E183CD9DC5,范围外,2022,1340,制糖业,燃生物质锅炉,DA002,0,[]
SRC-RAW-D0A0D2F77CCE60167C0C,范围外,2022,1340,制糖业,燃生物质锅炉,DA001,0,[]
SRC-RAW-9D9F55CE7220F0D7095D,范围外,2022,1340,制糖业,燃生物质锅炉,DA001,0,[]
SRC-RAW-5A761855DA7B395F8DD6,工业锅炉,2022,3031,粘土砖瓦及建筑砌块制造,燃煤锅炉,DA001,9,[]
SRC-RAW-820EE5B241C017792DBD,工业锅炉,2022,1329,其他饲料加工,其他锅炉,DA001,9,[]
SRC-RAW-7FAF8A0E1CCDA70C4152,工业锅炉,2022,1329,其他饲料加工,燃气锅炉,DA001,9,[]
SRC-RAW-CA3EA358116076051DF6,工业锅炉,2022,1361,水产品冷冻加工,燃气锅炉,DA001,9,[]
SRC-RAW-0034703C50B2ED845C6B,范围外,2022,1329,其他饲料加工,燃生物质锅炉,DA001,0,[]
SRC-RAW-DA27ABDC2D85F171057D,范围外,2022,2022,纤维板制造,燃生物质锅炉,DA003,0,[]
SRC-RAW-F83F10764C698600274D,范围外,2022,1741,缫丝加工,燃生物质锅炉,DA001,0,[]
SRC-RAW-241B2916102A599B7634,范围外,2022,2667,动物胶制造,燃生物质锅炉,DA001,0,[]
SRC-RAW-A12866FE54992C67FE2F,范围外,2022,1340,制糖业,燃生物质锅炉,DA001,0,[]
SRC-RAW-A5900F96469F9B72EAB6,范围外,2022,1340,制糖业,燃生物质锅炉,DA001,0,[]
SRC-RAW-2B87D39AE1F36EAB4897,范围外,2022,1340,制糖业,燃生物质锅炉,DA002,0,[]
SRC-RAW-D037D8CC671442E87687,范围外,2022,1340,制糖业,燃生物质锅炉,DA001,0,[]
SRC-RAW-0F368D62DD808492CD1C,范围外,2022,2667,动物胶制造,燃生物质锅炉,DA001,0,[]
SRC-RAW-3CF2C28B4F612B566866,范围外,2022,1741,缫丝加工,燃生物质锅炉,DA001,0,[]
SRC-RAW-EC144274C8A58138D692,范围外,2022,3031,粘土砖瓦及建筑砌块制造,燃生物质锅炉,DA001,0,[]
SRC-RAW-B52AD92AD62BD68CA197,范围外,2022,3031,粘土砖瓦及建筑砌块制造,燃生物质锅炉,DA001,0,[]
SRC-RAW-A7F97066365717F2E0B5,范围外,2022,3031,粘土砖瓦及建筑砌块制造,燃生物质锅炉,DA001,0,[]
SRC-RAW-6C08E9439E5C4CD6FABB,范围外,2022,2221,机制纸及纸板制造,燃生物质锅炉,DA001,0,[]
SRC-RAW-3A96463DA0641236F838,范围外,2022,3031,粘土砖瓦及建筑砌块制造,燃生物质锅炉,DA001,0,[]
SRC-RAW-E1574E5AC824077AD32D,范围外,2022,3031,粘土砖瓦及建筑砌块制造,燃生物质锅炉,DA001,0,[]
SRC-RAW-78F97741C7D93DAD75F9,范围外,2022,2021,胶合板制造,燃生物质锅炉,DA001,0,[]
SRC-RAW-0744E7AA984675086719,范围外,2022,3031,粘土砖瓦及建筑砌块制造,燃生物质锅炉,DA001,0,[]
SRC-RAW-E9C47BF7826B6420733E,工业锅炉,2022,3031,粘土砖瓦及建筑砌块制造,燃气锅炉,DA001,9,[]
SRC-RAW-EE205AA2446F08EF9AC4,范围外,2022,3031,粘土砖瓦及建筑砌块制造,燃生物质锅炉,DA000,0,[]
SRC-RAW-B7015BF8E4E8C57DF23D,工业锅炉,2022,3983,敏感元件及传感器制造,燃气锅炉,DA001,9,[]
SRC-RAW-2B19D3E31598DC8288B4,火电热力,2022,4417,生物质能发电,燃生物质锅炉,DA001,9,[]
SRC-RAW-737C1955E02119542B26,火电热力,2022,4417,生物质能发电,燃生物质锅炉,DA002,9,[]
SRC-RAW-B4A3522B0E9B9ECBA64F,范围外,2022,2221,机制纸及纸板制造,燃生物质锅炉,DA001,0,[]
SRC-RAW-2311D74E7C51263EF7E7,范围外,2022,2221,机制纸及纸板制造,燃生物质锅炉,DA001,0,[]
SRC-RAW-C0844C8C6B7825D3F888,火电热力,2022,4411,火力发电,燃煤锅炉,DA001,9,[]
SRC-RAW-B8621C83D2F0338C87B0,火电热力,2022,4411,火力发电,燃煤锅炉,DA004,9,[]
SRC-RAW-99293698992DBFEBD85E,火电热力,2022,4411,火力发电,燃油锅炉,DA005,9,[]
SRC-RAW-B362DE48C304C7B11A6D,工业锅炉,2022,2740,中成药生产,燃气锅炉,DA001,9,[]
SRC-RAW-9553D10C1698AE1D1153,工业锅炉,2022,2740,中成药生产,燃气锅炉,DA001,9,[]
SRC-RAW-224CEFF16F6656726D13,工业锅炉,2022,2662,专项化学用品制造,燃油锅炉,DA001,9,[]
SRC-RAW-C35AB45D93D69B1BACC2,工业锅炉,2022,2662,专项化学用品制造,燃油锅炉,DA002,9,[]
SRC-RAW-D9F21E21BCFCC63AF54E,工业锅炉,2022,2661,化学试剂和助剂制造,燃气锅炉,DA001,9,[]
SRC-RAW-429DC285298D860D1CC8,工业锅炉,2022,1462,酱油、食醋及类似制品制造,燃气锅炉,DA001,9,[]
SRC-RAW-3B616E29D3A7BCA6F7DC,工业锅炉,2022,1712,棉织造加工,燃气锅炉,DA012,9,[]
SRC-RAW-F0D82E1F2DA9412EED05,工业锅炉,2022,1712,棉织造加工,燃气锅炉,DA009,9,[]
SRC-RAW-532FF8A3F1DC875E6CEF,工业锅炉,2022,3351,建筑、家具用金属配件制造,燃气锅炉,DA001,9,[]
SRC-RAW-55AF96A9ECDD60B4173A,工业锅炉,2022,1419,饼干及其他焙烤食品制造,燃气锅炉,DA001,9,[]
SRC-RAW-FC8DFF1C5C5F7B303978,工业锅炉,2022,2710,化学药品原料药制造,燃气锅炉,DA003,9,[]
SRC-RAW-92DFAA15C9D0F259F1A4,工业锅炉,2022,2710,化学药品原料药制造,燃气锅炉,DA003,9,[]
SRC-RAW-D7E1A513B4477548752B,工业锅炉,2022,2661,化学试剂和助剂制造,燃气锅炉,DA004,9,[]
SRC-RAW-BB4B6AEF15C371CE49DD,工业锅炉,2022,1713,棉印染精加工,燃气锅炉,DA006,9,[]
SRC-RAW-0F8C21CF33A86CFBBB50,工业锅炉,2022,1713,棉印染精加工,燃气锅炉,DA007,9,[]
SRC-RAW-3E7F8AD1CEA9495CA3A0,火电热力,2022,4412,热电联产,燃气锅炉,DA001,9,[]
SRC-RAW-8F9AB03C17F90CE3377F,火电热力,2022,4412,热电联产,燃气锅炉,DA001,9,[]
SRC-RAW-896E9D06313A98433D90,工业锅炉,2022,1712,棉织造加工,燃煤锅炉,DA014,9,[]
SRC-RAW-E4F85067A991080E6DCB,工业锅炉,2022,1712,棉织造加工,燃气锅炉,DA037,9,[]
SRC-RAW-B08742E5C0734FDEA047,工业锅炉,2022,2641,涂料制造,燃气锅炉,DA002,9,[]
SRC-RAW-1FE4AE28E51DB584AC22,工业锅炉,2022,2710,化学药品原料药制造,燃气锅炉,DA001,9,[]
SRC-RAW-70E22AD6A0F08159D739,工业锅炉,2022,1462,酱油、食醋及类似制品制造,燃气锅炉,DA001,9,[]
SRC-RAW-EB56BFC7127C2DCD8E87,工业锅炉,2022,1752,化纤织物染整精加工,燃气锅炉,DA001,9,[]
SRC-RAW-C42DB6CF04200D8ABA3A,范围外,2022,1910,皮革鞣制加工,燃生物质锅炉,DA005,0,[]
SRC-RAW-646972BF5DBEF8784EA3,火电热力,2022,4430,热力生产和供应,燃煤锅炉,DA003,9,[]
SRC-RAW-2ACE0CAADC82D19FC682,火电热力,2022,4430,热力生产和供应,燃煤锅炉,DA003,9,[]
SRC-RAW-6F501A6BB6E4BD246D1D,火电热力,2022,4430,热力生产和供应,燃煤锅炉,DA003,9,[]
SRC-RAW-5A526F8A9AD83B1B7462,工业锅炉,2022,2915,日用及医用橡胶制品制造,燃气锅炉,DA001,9,[]
SRC-RAW-686979DD53CD036E7B50,工业锅炉,2022,2915,日用及医用橡胶制品制造,燃气锅炉,DA002,9,[]
SRC-RAW-A0F34B0B9824238CA1B7,工业锅炉,2022,2915,日用及医用橡胶制品制造,燃气锅炉,DA001,9,[]
SRC-RAW-DFDF3C845423612DD675,工业锅炉,2022,2915,日用及医用橡胶制品制造,燃气锅炉,DA002,9,[]
SRC-RAW-B91A12473EDDB7B62D7D,工业锅炉,2022,1713,棉印染精加工,燃气锅炉,DA001,9,[]
SRC-RAW-34B5446C1BD3D8B37D49,工业锅炉,2022,1495,食品及饲料添加剂制造,燃气锅炉,DA011,9,[]
SRC-RAW-C84A181197F33046525A,工业锅炉,2022,1495,食品及饲料添加剂制造,燃气锅炉,DA011,9,[]
SRC-RAW-3884BDC69225E2BFA30F,工业锅炉,2022,1495,食品及饲料添加剂制造,燃气锅炉,DA011,9,[]
SRC-RAW-194F6A0F28F85593F2AC,范围外,2022,2231,纸和纸板容器制造,燃生物质锅炉,DA001,0,[]
SRC-RAW-B243E5F1FFB0BC0A153F,工业锅炉,2022,3982,电子电路制造,燃气锅炉,DA001,9,[]
SRC-RAW-AD5DF9036AA8A5E11445,工业锅炉,2022,1521,碳酸饮料制造,燃气锅炉,DA001,9,[]
SRC-RAW-D0812CCF55CB7CFA9471,工业锅炉,2022,1521,碳酸饮料制造,燃气锅炉,DA002,9,[]
SRC-RAW-C093C7D7445AB5A91D98,工业锅炉,2022,1521,碳酸饮料制造,燃气锅炉,DA003,9,[]
SRC-RAW-B6469145B0B0A4FB00A0,火电热力,2022,4412,热电联产,燃气轮机,DA001,9,[]
SRC-RAW-A3068488C3DCAF296ED0,火电热力,2022,4412,热电联产,燃气轮机,DA002,9,[]
SRC-RAW-C2233107A3E357F1B3ED,范围外,2022,1910,皮革鞣制加工,燃生物质锅炉,DA001,0,[]
SRC-RAW-0EF47272983579D66EA4,火电热力,2022,4417,生物质能发电,余热利用锅炉,DA001,9,[]
SRC-RAW-E0A4817EB60BF5DC6D0E,火电热力,2022,4417,生物质能发电,余热利用锅炉,DA002,9,[]
SRC-RAW-D7826CEED64788F288B1,范围外,2022,2221,机制纸及纸板制造,燃生物质锅炉,DA001,0,[]
SRC-RAW-E6FA37868D3C142C1E0A,工业锅炉,2022,2651,初级形态塑料及合成树脂制造,燃气锅炉,DA001,9,[]
SRC-RAW-715D3D448989F1B05A62,工业锅炉,2022,1910,皮革鞣制加工,其他锅炉,DA001,9,[]
SRC-RAW-DF3CE57B55115534424B,工业锅炉,2022,3360,金属表面处理及热处理加工,燃气锅炉,DA006,9,[]
SRC-RAW-06135FAF0602F2616D01,范围外,2022,3360,金属表面处理及热处理加工,燃生物质锅炉,DA007,0,[]
SRC-RAW-6E8564BA95D40DBB00B0,工业锅炉,2022,3360,金属表面处理及热处理加工,燃气锅炉,DA013,9,[]
SRC-RAW-4BAB00E5FE16AB073C55,工业锅炉,2022,3360,金属表面处理及热处理加工,燃气锅炉,DA014,9,[]
SRC-RAW-0E2F0829E8989F60B2EA,工业锅炉,2022,3360,金属表面处理及热处理加工,燃气锅炉,DA015,9,[]
SRC-RAW-8F5BECEA65B05C7704B3,工业锅炉,2022,2662,专项化学用品制造,燃气锅炉,DA003,9,[]
SRC-RAW-EE156DEBF6E5257CB8BD,工业锅炉,2022,2613,无机盐制造,燃气锅炉,DA004,9,[]
SRC-RAW-811F06D12FE48F61F786,工业锅炉,2022,3360,金属表面处理及热处理加工,燃气锅炉,DA010,9,[]
SRC-RAW-577AD8AA17F1277ADACD,范围外,2022,3360,金属表面处理及热处理加工,燃生物质锅炉,DA017,0,[]
SRC-RAW-A39EA7C0789C7F7DBB54,范围外,2022,3360,金属表面处理及热处理加工,燃生物质锅炉,DA018,0,[]
SRC-RAW-42C4DD9638AF4446A103,范围外,2022,3360,金属表面处理及热处理加工,燃生物质锅炉,DA019,0,[]
SRC-RAW-021EAD3E62B12AF834A3,范围外,2022,3360,金属表面处理及热处理加工,燃生物质锅炉,DA020,0,[]
SRC-RAW-49273257E4CA5A37564E,范围外,2022,3360,金属表面处理及热处理加工,燃生物质锅炉,DA007,0,[]
SRC-RAW-798595A8416D0370AD04,范围外,2022,3360,金属表面处理及热处理加工,燃生物质锅炉,DA008,0,[]
SRC-RAW-843B339E26308EC0CF39,工业锅炉,2022,3360,金属表面处理及热处理加工,燃气锅炉,DA009,9,[]
SRC-RAW-382BD4C042A1FFCAF2AF,范围外,2022,1462,酱油、食醋及类似制品制造,燃生物质锅炉,DA002,0,[]
SRC-RAW-9B99C6934CD300CFCD65,范围外,2022,1462,酱油、食醋及类似制品制造,燃生物质锅炉,DA001,0,[]
SRC-RAW-332EED45AFBBC139666F,工业锅炉,2022,3360,金属表面处理及热处理加工,燃气锅炉,DA021,9,[]
SRC-RAW-37647ADEADB731B1BAA1,工业锅炉,2022,3360,金属表面处理及热处理加工,燃气锅炉,DA022,9,[]
SRC-RAW-46DA4378B9FAF436BA15,范围外,2022,2221,机制纸及纸板制造,燃生物质锅炉,DA001,0,[]
SRC-RAW-A6810AF9C8C1B1B17D93,工业锅炉,2022,3360,金属表面处理及热处理加工,燃气锅炉,DA024,9,[]
SRC-RAW-6E3ADE6F99A7AF62C364,工业锅炉,2022,3360,金属表面处理及热处理加工,燃气锅炉,DA025,9,[]
SRC-RAW-D451E304AF73487F31BD,工业锅炉,2022,3360,金属表面处理及热处理加工,燃气锅炉,DA026,9,[]
SRC-RAW-5FAC47317A475981061B,工业锅炉,2022,3360,金属表面处理及热处理加工,燃气锅炉,DA032,9,[]
SRC-RAW-E87B40EB8AA6CC19949E,工业锅炉,2022,3024,轻质建筑材料制造,燃煤锅炉,DA001,9,[]
SRC-RAW-7341EB41E1012F5999DC,工业锅炉,2022,3360,金属表面处理及热处理加工,燃气锅炉,DA020,9,[]
SRC-RAW-9DC2A8A2F74F053E5610,工业锅炉,2022,3360,金属表面处理及热处理加工,燃气锅炉,DA021,9,[]
SRC-RAW-DEB58161290E7E9AB7F8,工业锅炉,2022,3360,金属表面处理及热处理加工,燃气锅炉,DA022,9,[]
SRC-RAW-F144A7CABC342E873757,工业锅炉,2022,3360,金属表面处理及热处理加工,燃气锅炉,DA023,9,[]
SRC-RAW-263901F7308310AF82F3,工业锅炉,2022,3360,金属表面处理及热处理加工,燃气锅炉,DA002,9,[]
SRC-RAW-72BBB0BDAECFE51421B2,工业锅炉,2022,3360,金属表面处理及热处理加工,燃气锅炉,DA003,9,[]
SRC-RAW-F94FD08FFDC55BD43A60,工业锅炉,2022,3360,金属表面处理及热处理加工,燃气锅炉,DA024,9,[]
SRC-RAW-4BFE3E39DAFEF7D34BB4,工业锅炉,2022,3360,金属表面处理及热处理加工,燃气锅炉,DA025,9,[]
SRC-RAW-FE61ADD8A0971853F593,工业锅炉,2022,3360,金属表面处理及热处理加工,燃气锅炉,DA020,9,[]
SRC-RAW-38AA881A253466878EEA,工业锅炉,2022,3360,金属表面处理及热处理加工,燃气锅炉,DA027,9,[]
SRC-RAW-4FC5A4F96E14D47173FD,工业锅炉,2022,1910,皮革鞣制加工,燃气锅炉,DA003,9,[]
SRC-RAW-A40D9C4CE31E20E658D2,工业锅炉,2022,1752,化纤织物染整精加工,燃气锅炉,DA001,9,[]
SRC-RAW-6772EE00552CF1678170,工业锅炉,2022,3360,金属表面处理及热处理加工,燃气锅炉,DA028,9,[]
SRC-RAW-D4769DE329AAB3B0680A,工业锅炉,2022,3360,金属表面处理及热处理加工,燃气锅炉,DA029,9,[]
SRC-RAW-65C2D043B08F22E2A5E5,工业锅炉,2022,3360,金属表面处理及热处理加工,燃气锅炉,DA030,9,[]
SRC-RAW-CE5CE1377BF1EE853F34,工业锅炉,2022,3360,金属表面处理及热处理加工,燃气锅炉,DA031,9,[]
SRC-RAW-031255D1F24CF00E44D3,工业锅炉,2022,3360,金属表面处理及热处理加工,燃气锅炉,DA015,9,[]
SRC-RAW-8121D0187510B071C4F7,工业锅炉,2022,3360,金属表面处理及热处理加工,燃气锅炉,DA014,9,[]
SRC-RAW-FCB688FB9FBB44AA15EC,工业锅炉,2022,3360,金属表面处理及热处理加工,燃气锅炉,DA012,9,[]
SRC-RAW-0A9526F11C1CDE16E24E,工业锅炉,2022,3360,金属表面处理及热处理加工,燃气锅炉,DA013,9,[]
SRC-RAW-49044C579C071B0DA9AD,工业锅炉,2022,1910,皮革鞣制加工,燃气锅炉,DA002,9,[]
SRC-RAW-A7E8F677A429BAB32D2F,范围外,2022,3360,金属表面处理及热处理加工,燃生物质锅炉,DA013,0,[]
SRC-RAW-24E2C8F85D041A7DDEA0,工业锅炉,2022,3360,金属表面处理及热处理加工,燃气锅炉,DA010,9,[]
SRC-RAW-3139F18407AB97A09146,范围外,2022,3360,金属表面处理及热处理加工,燃生物质锅炉,DA009,0,[]
SRC-RAW-FE8D3A15DF75D44802AF,工业锅炉,2022,2651,初级形态塑料及合成树脂制造,燃气锅炉,DA005,9,[]
SRC-RAW-B1511C5ED9F60837D6CF,工业锅炉,2022,2651,初级形态塑料及合成树脂制造,燃气锅炉,DA007,9,[]
SRC-RAW-FBF8153BC59018CE7D9B,工业锅炉,2022,2651,初级形态塑料及合成树脂制造,燃气锅炉,DA009,9,[]
SRC-RAW-3904A3DBC07F7CB4CE63,范围外,2022,1910,皮革鞣制加工,燃生物质锅炉,DA001,0,[]
SRC-RAW-EE85171B7D59E41F1E22,工业锅炉,2022,3360,金属表面处理及热处理加工,燃气锅炉,DA005,9,[]
SRC-RAW-D29F810923EBC70CDCCE,工业锅炉,2022,3360,金属表面处理及热处理加工,燃气锅炉,DA014,9,[]
SRC-RAW-C76B06DA64A10AE331F5,范围外,2022,1910,皮革鞣制加工,燃生物质锅炉,DA001,0,[]
SRC-RAW-18F5D25ECB73853BE2C0,范围外,2022,1910,皮革鞣制加工,燃生物质锅炉,DA002,0,[]
SRC-RAW-D9EFCBEB97E37AA051BB,工业锅炉,2022,1713,棉印染精加工,燃气锅炉,DA004,9,[]
SRC-RAW-135DD4B6EA75FD05B6F0,范围外,2022,3360,金属表面处理及热处理加工,燃生物质锅炉,DA007,0,[]
SRC-RAW-629D873A1A7F2B3FF16E,工业锅炉,2022,1519,其他酒制造,燃气锅炉,DA001,9,[]
SRC-RAW-F00876E71038DC36119B,工业锅炉,2022,3360,金属表面处理及热处理加工,燃气锅炉,DA003,9,[]
SRC-RAW-5D4193EC9F3A4A2BDE86,工业锅炉,2022,3360,金属表面处理及热处理加工,燃气锅炉,DA004,9,[]
SRC-RAW-EE26D7AF357D9BEFFD5F,工业锅炉,2022,3360,金属表面处理及热处理加工,燃气锅炉,DA048,9,[]
SRC-RAW-D3ECA2A504A69498C0B9,工业锅炉,2022,3360,金属表面处理及热处理加工,燃气锅炉,DA042,9,[]
SRC-RAW-3FC139796B96A3A0D721,工业锅炉,2022,3360,金属表面处理及热处理加工,燃气锅炉,DA043,9,[]
SRC-RAW-DC80605BF32D5295A555,工业锅炉,2022,3360,金属表面处理及热处理加工,燃气锅炉,DA032,9,[]
SRC-RAW-1E56D600733C5131F413,工业锅炉,2022,1712,棉织造加工,燃气锅炉,DA011,9,[]
SRC-RAW-1CB579A4C5053607AE7A,工业锅炉,2022,1712,棉织造加工,燃气锅炉,DA011,9,[]
SRC-RAW-68DCC048FF6C4199B4A8,工业锅炉,2022,1712,棉织造加工,燃气锅炉,DA011,9,[]
SRC-RAW-A4C233758A117BC896A7,工业锅炉,2022,1712,棉织造加工,燃气锅炉,DA011,9,[]
SRC-RAW-A4C8330A7C689F18F6EE,工业锅炉,2022,3360,金属表面处理及热处理加工,其他锅炉,DA004,17,[]
SRC-RAW-509A3DDC09A2D9224729,范围外,2022,3360,金属表面处理及热处理加工,燃生物质锅炉,DA012,0,[]
SRC-RAW-4DF7506011A9394D716D,工业锅炉,2022,1830,服饰制造,燃气锅炉,DA001,9,[]
SRC-RAW-4C76FE00BC9ACFB8534E,工业锅炉,2022,3360,金属表面处理及热处理加工,燃气锅炉,DA017,9,[]
SRC-RAW-B837CFD1784DC791EA0E,工业锅炉,2022,3360,金属表面处理及热处理加工,燃气锅炉,DA007,9,[]
SRC-RAW-97AF8BBC65A0DDDC0910,工业锅炉,2022,1713,棉印染精加工,燃气锅炉,DA001,9,[]
SRC-RAW-6BA97CB3784872912F2A,范围外,2022,3360,金属表面处理及热处理加工,燃生物质锅炉,DA014,0,[]
SRC-RAW-0B1AADE41587689C197F,范围外,2022,3360,金属表面处理及热处理加工,燃生物质锅炉,DA015,0,[]
SRC-RAW-61D092394237951C5CF3,范围外,2022,3360,金属表面处理及热处理加工,燃生物质锅炉,DA016,0,[]
SRC-RAW-D27800BFFFC35350CA3C,范围外,2022,3360,金属表面处理及热处理加工,燃生物质锅炉,DA017,0,[]
SRC-RAW-77FED2B57BEA2131A1A7,范围外,2022,3360,金属表面处理及热处理加工,燃生物质锅炉,DA018,0,[]
SRC-RAW-736FD798F0F9EE7CA57F,范围外,2022,3360,金属表面处理及热处理加工,燃生物质锅炉,DA009,0,[]
SRC-RAW-106AFE2B6704513AA6CD,范围外,2022,3360,金属表面处理及热处理加工,燃生物质锅炉,DA006,0,[]
SRC-RAW-1C1E6AFAAD2BED9FCBE6,工业锅炉,2022,3360,金属表面处理及热处理加工,燃气锅炉,DA012,9,[]
SRC-RAW-1952C1862252F74F422E,工业锅炉,2022,3360,金属表面处理及热处理加工,燃气锅炉,DA013,9,[]
SRC-RAW-932AD4D0F77759DAFD2D,工业锅炉,2022,3360,金属表面处理及热处理加工,燃气锅炉,DA014,9,[]
SRC-RAW-31030AC90D8DCCD013B0,工业锅炉,2022,3360,金属表面处理及热处理加工,燃气锅炉,DA001,9,[]
SRC-RAW-29739241DBACF8EAE602,范围外,2022,3360,金属表面处理及热处理加工,燃生物质锅炉,DA012,0,[]
SRC-RAW-BE20C6E2217C4D3B245D,工业锅炉,2022,2613,无机盐制造,燃气锅炉,DA002,9,[]
SRC-RAW-29B8AE9ECC3FCD75354E,范围外,2022,3360,金属表面处理及热处理加工,燃生物质锅炉,DA007,0,[]
SRC-RAW-D3E2201E1ABD18AB0AAB,范围外,2022,3360,金属表面处理及热处理加工,燃生物质锅炉,DA011,0,[]
SRC-RAW-9E3BA45F500878E82A0C,范围外,2022,2221,机制纸及纸板制造,燃生物质锅炉,DA001,0,[]
SRC-RAW-5D67DEC9CFFDD2E29786,工业锅炉,2022,2925,塑料人造革、合成革制造,燃气锅炉,DA001,9,[]
SRC-RAW-4CF1CD8ED74EF3454511,范围外,2022,3062,玻璃纤维增强塑料制品制造,燃生物质锅炉,DA001,0,[]
SRC-RAW-379CC710F6B3DD2F81D5,工业锅炉,2022,2221,机制纸及纸板制造,燃气锅炉,DA001,9,[]
SRC-RAW-8A51209160B721C5CD73,工业锅炉,2022,3252,铝压延加工,燃气锅炉,DA001,9,[]
SRC-RAW-EB686EDFDB24C1240F73,范围外,2022,2221,机制纸及纸板制造,燃生物质锅炉,DA011,0,[]
SRC-RAW-55F91E54AA0D1929E97B,范围外,2022,2221,机制纸及纸板制造,燃生物质锅炉,DA001,0,[]
SRC-RAW-5DCBE32997955E454774,范围外,2022,2221,机制纸及纸板制造,燃生物质锅炉,DA001,0,[]
SRC-RAW-7D562D576E148B388B41,范围外,2022,2221,机制纸及纸板制造,燃生物质锅炉,DA001,0,[]
SRC-RAW-6A05B76DDB1798728B5E,工业锅炉,2022,2651,初级形态塑料及合成树脂制造,燃气锅炉,DA001,9,[]
SRC-RAW-176D62C10BE6A4A96FBB,范围外,2022,3752,摩托车零部件及配件制造,燃生物质锅炉,DA001,0,[]
SRC-RAW-31F6076EAB35AFB04D4C,工业锅炉,2022,1019,粘土及其他土砂石开采,燃煤锅炉,DA001,9,[]
SRC-RAW-54CA800DA0BF45753A55,范围外,2022,2221,机制纸及纸板制造,燃生物质锅炉,DA001,0,[]
SRC-RAW-796CEA489F87372546B1,范围外,2022,2221,机制纸及纸板制造,燃生物质锅炉,DA001,0,[]
SRC-RAW-2176187F1A41EC1F36DD,工业锅炉,2022,2211,木竹浆制造,燃煤锅炉,DA007,17,[]
SRC-RAW-A8439BC2A139D0451F99,范围外,2022,2211,木竹浆制造,燃生物质锅炉,DA006,0,[]
SRC-RAW-0933647E0FE3CC0E59B1,范围外,2022,2211,木竹浆制造,燃生物质锅炉,DA006,0,[]
SRC-RAW-29A23F8ACC5762667C48,工业锅炉,2022,2651,初级形态塑料及合成树脂制造,燃气锅炉,DA002,9,[]
SRC-RAW-AA44F330D07D9F1F864D,范围外,2022,2663,林产化学产品制造,燃生物质锅炉,DA001,0,[]
SRC-RAW-9C56667B6E6A4C4D573E,工业锅炉,2022,1910,皮革鞣制加工,燃气锅炉,DA001,9,[]
SRC-RAW-CF36FCECD8308D613DFE,工业锅炉,2022,2651,初级形态塑料及合成树脂制造,燃气锅炉,DA001,9,[]
SRC-RAW-FB757032C0A3F7767AB3,范围外,2022,1910,皮革鞣制加工,燃生物质锅炉,DA001,0,[]
SRC-RAW-59E25E36F837F66F5C85,范围外,2022,2221,机制纸及纸板制造,燃生物质锅炉,DA001,0,[]
SRC-RAW-9C593F31EC8F316AC1EC,范围外,2022,2221,机制纸及纸板制造,燃生物质锅炉,DA001,0,[]
SRC-RAW-B13276F9DDC2F22AC2AF,范围外,2022,2221,机制纸及纸板制造,燃生物质锅炉,DA001,0,[]
SRC-RAW-2BB4644800CBCDE93246,范围外,2022,2023,刨花板制造,燃生物质锅炉,DA001,0,[]
SRC-RAW-9730BFBA04738DA0CA9C,范围外,2022,2221,机制纸及纸板制造,燃生物质锅炉,DA001,0,[]
SRC-RAW-A749DAB2CFBB7BBE516F,范围外,2022,2221,机制纸及纸板制造,燃生物质锅炉,DA001,0,[]
SRC-RAW-F68BE681CA6E7326557B,范围外,2022,1910,皮革鞣制加工,燃生物质锅炉,DA001,0,[]
SRC-RAW-1508FADC650563FAECCB,范围外,2022,2221,机制纸及纸板制造,燃生物质锅炉,DA001,0,[]
SRC-RAW-F5CB798E48C9D9036A06,范围外,2022,2021,胶合板制造,燃生物质锅炉,DA001,0,[]
SRC-RAW-C1D9142D28E118ACFF80,工业锅炉,2022,2663,林产化学产品制造,燃气锅炉,DA001,9,[]
SRC-RAW-4EFD2583623A98A0721E,工业锅炉,2022,2663,林产化学产品制造,燃气锅炉,DA002,9,[]
SRC-RAW-004E5536BE2FA2D9AAB4,范围外,2022,2022,纤维板制造,燃生物质锅炉,DA001,0,[]
SRC-RAW-B52DA8171CFBF38950BF,工业锅炉,2022,2663,林产化学产品制造,燃油锅炉,DA001,9,[]
SRC-RAW-463CC6F06837AF82FACF,工业锅炉,2022,2663,林产化学产品制造,燃油锅炉,DA002,9,[]
SRC-RAW-3D3C4E6A95D8CCC8F0F5,工业锅炉,2022,2651,初级形态塑料及合成树脂制造,燃气锅炉,DA002,9,[]
SRC-RAW-53D0E05854159BE410E8,工业锅炉,2022,2651,初级形态塑料及合成树脂制造,燃气锅炉,DA002,9,[]
SRC-RAW-CF8E18DFF1C39DAED694,工业锅炉,2022,2663,林产化学产品制造,燃气锅炉,DA002,9,[]
SRC-RAW-9887F8E6E99E556F2DAA,工业锅炉,2022,2663,林产化学产品制造,燃气锅炉,DA001,9,[]
SRC-RAW-8377125F18F12506D367,工业锅炉,2022,2221,机制纸及纸板制造,燃煤锅炉,DA019,9,[]
SRC-RAW-98A31C1DEBB938FFA116,范围外,2022,2022,纤维板制造,燃生物质锅炉,DA003,0,[]
SRC-RAW-9F1803B625E604BE4ABB,工业锅炉,2022,2663,林产化学产品制造,燃油锅炉,DA002,17,[]
SRC-RAW-147BC972979A83030923,工业锅炉,2022,2651,初级形态塑料及合成树脂制造,燃气锅炉,DA003,9,[]
SRC-RAW-8477B6D8DC7487249985,范围外,2022,2021,胶合板制造,燃生物质锅炉,DA001,0,[]
SRC-RAW-23B7E81634A9BF2E5623,范围外,2022,2021,胶合板制造,燃生物质锅炉,DA001,0,[]
SRC-RAW-8FF550DB980159BA1A48,工业锅炉,2022,2663,林产化学产品制造,燃气锅炉,DA003,9,[]
SRC-RAW-581F5FB987B783775772,工业锅炉,2022,2663,林产化学产品制造,燃气锅炉,DA003,9,[]
SRC-RAW-630F0DA11B0499370830,工业锅炉,2022,2663,林产化学产品制造,燃气锅炉,DA002,9,[]
SRC-RAW-75FE60E9C231CCFE02F7,工业锅炉,2022,2663,林产化学产品制造,燃气锅炉,DA002,9,[]
SRC-RAW-3D31EB557B09DCF5B8AE,工业锅炉,2022,2663,林产化学产品制造,燃气锅炉,DA002,9,[]
SRC-RAW-4C20C0260953418069C5,范围外,2022,2029,其他人造板制造,燃生物质锅炉,DA005,0,[]
SRC-RAW-C1B5A516CFFEE3379333,范围外,2022,2642,油墨及类似产品制造,燃生物质锅炉,DA001,0,[]
SRC-RAW-34129A58EFF9AFB2F064,工业锅炉,2022,2663,林产化学产品制造,燃气锅炉,DA004,9,[]
SRC-RAW-A070D68673392E11AE9E,工业锅炉,2022,2663,林产化学产品制造,燃油锅炉,DA791,9,[]
SRC-RAW-5370869516B1CF95C5AB,工业锅炉,2022,2663,林产化学产品制造,燃油锅炉,DA791,9,[]
SRC-RAW-A533EF138F70E012DB17,工业锅炉,2022,3232,稀土金属冶炼,燃气锅炉,DA001,9,[]
SRC-RAW-1C87654A6E949203D4D9,范围外,2022,2663,林产化学产品制造,燃生物质锅炉,DA002,0,[]
SRC-RAW-C0D5B3C9450F79239AD5,范围外,2022,2663,林产化学产品制造,燃生物质锅炉,DA001,0,[]
SRC-RAW-35377D52959C9123E787,范围外,2022,2021,胶合板制造,燃生物质锅炉,DA001,0,[]
SRC-RAW-8F845382A008372A4DD4,范围外,2022,2021,胶合板制造,燃生物质锅炉,DA002,0,[]
SRC-RAW-AA22D9FBC6DF5840790F,范围外,2022,1763,针织或钩针编织品制造,燃生物质锅炉,DA003,0,[]
SRC-RAW-70C19506D3A0277E9DE0,工业锅炉,2022,1431,米、面制品制造,燃气锅炉,DA002,9,[]
SRC-RAW-6175E350E0D021988340,工业锅炉,2022,1431,米、面制品制造,燃气锅炉,DA003,9,[]
SRC-RAW-C2699A159CBBB237184D,工业锅炉,2022,2662,专项化学用品制造,燃气锅炉,DA002,9,[]
SRC-RAW-850BACE8ACA04578C530,工业锅炉,2022,2662,专项化学用品制造,燃气锅炉,DA004,9,[]
SRC-RAW-0A0ABE3E36142182A4FD,范围外,2022,2021,胶合板制造,燃生物质锅炉,DA001,0,[]
SRC-RAW-EA9CE1ED49216C7D3331,工业锅炉,2022,1419,饼干及其他焙烤食品制造,燃气锅炉,DA001,9,[]
SRC-RAW-A980C3AE07B11D07BB0B,工业锅炉,2022,2646,密封用填料及类似品制造,燃气锅炉,DA553,9,[]
SRC-RAW-76F3745A170199B4A1FB,工业锅炉,2022,2619,其他基础化学原料制造,燃油锅炉,DA002,9,[]
SRC-RAW-079D858B2CF24126856A,工业锅炉,2022,2110,木质家具制造,燃气锅炉,DA042,9,[]
SRC-RAW-497503B504E6F7A1FCC3,工业锅炉,2022,1391,淀粉及淀粉制品制造,燃气锅炉,DA006,9,[]
SRC-RAW-DEAEFF26B2F6E10A50BC,火电热力,2022,4411,火力发电,燃煤锅炉,DA001,9,[]
SRC-RAW-8454B9202B0628E9CEC4,火电热力,2022,4411,火力发电,燃煤锅炉,DA001,9,[]
SRC-RAW-CB0E521160C484674B8C,工业锅炉,2022,1713,棉印染精加工,燃气锅炉,DA002,9,[]
SRC-RAW-7AB9EBD54440EAE7C445,工业锅炉,2022,1819,其他机织服装制造,燃气锅炉,DA025,9,[]
SRC-RAW-67410B8672B15BCF6B7D,工业锅炉,2022,2619,其他基础化学原料制造,燃气锅炉,DA001,9,[]
SRC-RAW-D2F4F92D0954B6DA756E,工业锅炉,2022,2619,其他基础化学原料制造,燃气锅炉,DA003,9,[]
SRC-RAW-38D55BB8E485BFCBEC71,工业锅炉,2022,2619,其他基础化学原料制造,燃气锅炉,DA005,9,[]
SRC-RAW-B0DB52B2A23E26C5A904,工业锅炉,2022,2651,初级形态塑料及合成树脂制造,燃气锅炉,DA002,9,[]
SRC-RAW-C3318F5E302A10E30AAA,工业锅炉,2022,2651,初级形态塑料及合成树脂制造,燃气锅炉,DA002,9,[]
SRC-RAW-BE4B14814A91F6318B25,工业锅炉,2022,2651,初级形态塑料及合成树脂制造,燃气锅炉,DA002,9,[]
SRC-RAW-21F7214085079B915FC6,工业锅炉,2022,2651,初级形态塑料及合成树脂制造,燃气锅炉,DA002,9,[]
SRC-RAW-0D4B2259A530CC8BC436,工业锅炉,2022,2663,林产化学产品制造,燃气锅炉,DA006,9,[]
SRC-RAW-BAED413AB9DD82B9E9FE,工业锅炉,2022,3389,其他金属制日用品制造,燃气锅炉,DA009,9,[]
SRC-RAW-05C5204A485A45B7ED28,工业锅炉,2022,3252,铝压延加工,燃气锅炉,DA047,9,[]
SRC-RAW-F1F477FF190EDCCDDF10,工业锅炉,2022,2641,涂料制造,燃气锅炉,DA011,9,[]
SRC-RAW-3791CAA9C35D227AA111,工业锅炉,2022,2651,初级形态塑料及合成树脂制造,燃气锅炉,DA002,9,[]
SRC-RAW-2BD986D076618F766C41,工业锅炉,2022,2651,初级形态塑料及合成树脂制造,燃气锅炉,DA001,9,[]
SRC-RAW-F1820D31CA5DD325D89D,工业锅炉,2022,2681,肥皂及洗涤剂制造,燃油锅炉,DA232,9,[]
SRC-RAW-7B92E64849D213928169,工业锅炉,2022,2641,涂料制造,燃气锅炉,DA003,9,[]
SRC-RAW-05917898A7F1CFE1B7F4,火电热力,2022,4430,热力生产和供应,燃气锅炉,DA001,9,[]
SRC-RAW-98EE935979FF9D9781A6,火电热力,2022,4430,热力生产和供应,燃气锅炉,DA002,9,[]
SRC-RAW-9F308EECDBE592FF8B8C,工业锅炉,2022,2921,塑料薄膜制造,燃气锅炉,DA005,9,[]
SRC-RAW-1F5DF231039436CF483A,工业锅炉,2022,2921,塑料薄膜制造,燃气锅炉,DA005,9,[]
SRC-RAW-B4C854DA5C409620FB87,工业锅炉,2022,3612,新能源车整车制造,燃气锅炉,DA005,9,[]
SRC-RAW-B468A37B2C8506659AE2,工业锅炉,2022,3031,粘土砖瓦及建筑砌块制造,燃气锅炉,DA001,9,[]
SRC-RAW-E8612950357CC21BBDA3,工业锅炉,2022,2651,初级形态塑料及合成树脂制造,燃气锅炉,DA002,9,[]
SRC-RAW-C56B4D9C90C8B1596862,工业锅炉,2022,2651,初级形态塑料及合成树脂制造,燃气锅炉,DA002,9,[]
SRC-RAW-129F5F9B694D3A429A0B,火电热力,2022,4412,热电联产,燃气轮机,DA001,9,[]
SRC-RAW-F482827E8CCE3696131D,火电热力,2022,4412,热电联产,燃气轮机,DA002,9,[]
SRC-RAW-238B8ABF8820DC600EF4,范围外,2022,2641,涂料制造,燃生物质锅炉,DA001,0,[]
SRC-RAW-C8391200E0FEEE37BC10,工业锅炉,2022,2641,涂料制造,燃气锅炉,DA003,9,[]
SRC-RAW-07F3D777376636D063A6,工业锅炉,2022,2661,化学试剂和助剂制造,燃气锅炉,DA002,9,[]
SRC-RAW-656E666C8C582E479170,工业锅炉,2022,2641,涂料制造,燃气锅炉,DA003,9,[]
SRC-RAW-C605312AC894B229CC1E,工业锅炉,2022,1352,禽类屠宰,燃气锅炉,DA001,9,[]
SRC-RAW-8137D27E676090D9B614,工业锅炉,2022,2662,专项化学用品制造,燃气锅炉,DA003,9,[]
SRC-RAW-377DCED2B000D62C8EC3,工业锅炉,2022,2641,涂料制造,燃气锅炉,DA001,9,[]
SRC-RAW-D4348D6ED102CE206128,工业锅炉,2022,2661,化学试剂和助剂制造,燃气锅炉,DA001,9,[]
SRC-RAW-133CDAC575277B68490C,范围外,2022,2659,其他合成材料制造,燃生物质锅炉,DA001,0,[]
SRC-RAW-0D490415F6CF1E1920A3,范围外,2022,2924,泡沫塑料制造,燃生物质锅炉,DA479,0,[]
SRC-RAW-B18DAA026277BEED5573,工业锅炉,2022,2651,初级形态塑料及合成树脂制造,燃气锅炉,DA003,9,[]
SRC-RAW-26C6AC5D432F5629DDAD,火电热力,2022,4417,生物质能发电,燃生物质锅炉,DA004,9,[]
SRC-RAW-81E0289D24954AE8AB25,火电热力,2022,4417,生物质能发电,燃生物质锅炉,DA001,9,[]
SRC-RAW-875FD8366AE79DDEA378,火电热力,2022,4417,生物质能发电,燃生物质锅炉,DA005,9,[]
SRC-RAW-2B532037FFF735351C9F,工业锅炉,2022,3252,铝压延加工,燃气锅炉,DA001,9,[]
SRC-RAW-9D83577D131FC1238430,工业锅炉,2022,2661,化学试剂和助剂制造,燃气锅炉,DA001,9,[]
SRC-RAW-DBE91AE83F5B78AFAAEF,工业锅炉,2022,2646,密封用填料及类似品制造,燃气锅炉,DA005,9,[]
SRC-RAW-CE97E4C50E4AEF813D45,工业锅炉,2022,2646,密封用填料及类似品制造,燃气锅炉,DA006,9,[]
SRC-RAW-CC2371DC216EEFE85ADD,工业锅炉,2022,2646,密封用填料及类似品制造,燃气锅炉,DA007,9,[]
SRC-RAW-9EC1B6359222B8DC4E10,工业锅炉,2022,2740,中成药生产,燃气锅炉,DA001,9,[]
SRC-RAW-994C3512709FFB53CAA4,工业锅炉,2022,3982,电子电路制造,燃气锅炉,DA001,9,[]
SRC-RAW-A86A3AEBD980824569CB,工业锅炉,2022,3982,电子电路制造,燃气锅炉,DA023,9,[]
SRC-RAW-C8A85261645C626F4144,范围外,2022,2613,无机盐制造,燃生物质锅炉,DA001,0,[]
SRC-RAW-C0F016D6DD8BC5F3C591,工业锅炉,2022,2661,化学试剂和助剂制造,燃气锅炉,DA003,9,[]
SRC-RAW-A7CABABCBD35180D1E3D,范围外,2022,3252,铝压延加工,,DA006,0,[]
SRC-RAW-906C9D4E590AC5B1AD1A,范围外,2022,3252,铝压延加工,,DA006,0,[]
SRC-RAW-28751BD305914871807C,工业锅炉,2022,2646,密封用填料及类似品制造,燃气锅炉,DA002,9,[]
SRC-RAW-75F40935756B42F749A8,工业锅炉,2022,2613,无机盐制造,燃气锅炉,DA288,9,[]
SRC-RAW-5CA5054518DF3B442135,工业锅炉,2022,1713,棉印染精加工,燃气锅炉,DA005,9,[]
SRC-RAW-E460ABA15D90C0752E39,工业锅炉,2022,3252,铝压延加工,燃气锅炉,DA001,9,[]
SRC-RAW-FAD6211A0365E2B2A398,工业锅炉,2022,3252,铝压延加工,燃气锅炉,DA002,9,[]
SRC-RAW-1F6DFF49AE6525D70A94,工业锅炉,2022,1713,棉印染精加工,燃气锅炉,DA003,9,[]
SRC-RAW-45421E412AB93DC00EDF,工业锅炉,2022,1713,棉印染精加工,燃气锅炉,DA001,9,[]
SRC-RAW-7B205EA0AFB23A22020C,工业锅炉,2022,1713,棉印染精加工,燃气锅炉,DA006,9,[]
SRC-RAW-8911F4602EA0F30029B9,范围外,2022,2643,工业颜料制造,燃生物质锅炉,DA001,0,[]
SRC-RAW-7FAB500AE7056BA65BE3,工业锅炉,2022,1910,皮革鞣制加工,燃气锅炉,DA001,9,[]
SRC-RAW-F38CF929CBA07E4A7BE3,范围外,2022,2022,纤维板制造,燃生物质锅炉,DA001,0,[]
SRC-RAW-52F6B95AE178ED309AE1,范围外,2022,2022,纤维板制造,燃生物质锅炉,DA001,0,[]
SRC-RAW-1E7413B9E3FFDDF5F2D4,工业锅炉,2022,3360,金属表面处理及热处理加工,燃气锅炉,DA012,9,[]
SRC-RAW-52C7406574A7AAC63598,工业锅炉,2022,2915,日用及医用橡胶制品制造,燃气锅炉,DA001,9,[]
SRC-RAW-7F81904F368FD1C2F9F1,工业锅炉,2022,2641,涂料制造,燃气锅炉,DA003,9,[]
SRC-RAW-0ADF1E27F0CFBB62BCEE,工业锅炉,2022,3099,其他非金属矿物制品制造,燃油锅炉,DA002,9,[]
SRC-RAW-A1195CF2F5AAE6FF2AC8,工业锅炉,2022,2641,涂料制造,燃气锅炉,DA002,9,[]
SRC-RAW-2ED56FAE7E004DA2FDEC,工业锅炉,2022,3985,电子专用材料制造,燃气锅炉,DA001,9,[]
SRC-RAW-0EAB43E208251D571DC4,工业锅炉,2022,3985,电子专用材料制造,燃气锅炉,DA001,9,[]
SRC-RAW-EF9D42C9B33AACF0AEB2,工业锅炉,2022,3021,水泥制品制造,燃气锅炉,DA001,9,[]
SRC-RAW-BC356D61F40D68DE5D0C,工业锅炉,2022,3982,电子电路制造,燃气锅炉,DA001,9,[]
SRC-RAW-9BF6C3AE3EC02FC4035B,工业锅炉,2022,2651,初级形态塑料及合成树脂制造,燃气锅炉,DA002,9,[]
SRC-RAW-5FF43EB3CF953B152AA0,范围外,2022,2669,其他专用化学产品制造,燃气轮机,DA002,0,[]
SRC-RAW-4218B9CA662C5D42EB1B,工业锅炉,2022,3033,防水建筑材料制造,燃油锅炉,DA002,9,[]
SRC-RAW-43C9ECF1D656758EFCAB,工业锅炉,2022,2662,专项化学用品制造,燃气锅炉,DA001,9,[]
SRC-RAW-D4530217F879F9441125,工业锅炉,2022,3031,粘土砖瓦及建筑砌块制造,燃气锅炉,DA001,9,[]
SRC-RAW-E0179A7CD2FC8EF03D71,范围外,2022,4190,其他未列明制造业,燃生物质锅炉,DA001,0,[]
SRC-RAW-CE5487CA5B5D9D054A1E,范围外,2022,4190,其他未列明制造业,燃生物质锅炉,DA002,0,[]
SRC-RAW-B95DF6C22A3B2E0F4ACA,范围外,2022,2740,中成药生产,燃生物质锅炉,DA001,0,[]
SRC-RAW-8A6F779DBB62C7B99D38,范围外,2022,2740,中成药生产,燃生物质锅炉,DA002,0,[]
SRC-RAW-C6C0682ACB9C35436C36,工业锅炉,2022,2666,环境污染处理专用药剂材料制造,燃气锅炉,DA001,9,[]
SRC-RAW-D47F218056A4F15A6B78,工业锅炉,2022,2666,环境污染处理专用药剂材料制造,燃气锅炉,DA001,9,[]
SRC-RAW-FF2063E7C23E7F7A792D,工业锅炉,2022,2666,环境污染处理专用药剂材料制造,燃气锅炉,DA001,9,[]
SRC-RAW-F4651AD603FDCB921B58,火电热力,2022,4430,热力生产和供应,燃气锅炉,DA001,9,[]
SRC-RAW-8E03A71EC5F0437A718C,工业锅炉,2022,1433,方便面制造,燃气锅炉,DA001,9,[]
SRC-RAW-4A068362DFAB102DE2AF,工业锅炉,2022,1433,方便面制造,燃气锅炉,DA002,9,[]
SRC-RAW-ECB80CA08725A5473C47,工业锅炉,2022,1910,皮革鞣制加工,燃气锅炉,DA002,9,[]
SRC-RAW-E2BC7FCB7EACA22CD3D3,工业锅炉,2022,1910,皮革鞣制加工,燃气锅炉,DA002,9,[]
SRC-RAW-83576ECECAF3853F64B3,工业锅炉,2022,1513,啤酒制造,燃气锅炉,DA001,9,[]
SRC-RAW-FA99B4B16C12725B41E1,工业锅炉,2022,1513,啤酒制造,燃气锅炉,DA001,9,[]
SRC-RAW-3BA52D5E73E23D01732C,火电热力,2022,4417,生物质能发电,燃气轮机,DA001,9,[]
SRC-RAW-906290960A41BE465810,范围外,2022,1529,茶饮料及其他饮料制造,燃生物质锅炉,DA001,0,[]
SRC-RAW-3D404A8B0CE2B9C0FF7C,工业锅炉,2022,3039,其他建筑材料制造,燃气锅炉,DA001,9,[]
SRC-RAW-66C7C8C770C4B470F190,工业锅炉,2022,3039,其他建筑材料制造,燃气锅炉,DA002,9,[]
SRC-RAW-329620E13A8A0A9A910A,工业锅炉,2022,1353,肉制品及副产品加工,燃气锅炉,DA001,9,[]
SRC-RAW-AC6BD5BB0B51CFC1852E,范围外,2022,1392,豆制品制造,燃生物质锅炉,DA001,0,[]
SRC-RAW-17C6A790890C2FC38E0D,范围外,2022,1329,其他饲料加工,燃生物质锅炉,DA001,0,[]
SRC-RAW-829897F306108E165139,火电热力,2022,4417,生物质能发电,燃生物质锅炉,DA001,9,[]
SRC-RAW-1F85EE06B204FDBF7868,火电热力,2022,4417,生物质能发电,燃生物质锅炉,DA002,9,[]
SRC-RAW-0FB380EDC0CB23D20FB6,火电热力,2022,4417,生物质能发电,燃生物质锅炉,DA003,9,[]
SRC-RAW-CDB261A4991311731674,工业锅炉,2022,1819,其他机织服装制造,燃气锅炉,DA001,9,[]
SRC-RAW-55F7298CA68642C471B0,工业锅炉,2022,1819,其他机织服装制造,燃气锅炉,DA002,9,[]
SRC-RAW-B0342C71DB3A54CAD0A4,工业锅炉,2022,1819,其他机织服装制造,燃气锅炉,DA003,9,[]
SRC-RAW-1E85640A2C616577F4A2,工业锅炉,2022,3399,其他未列明金属制品制造,燃气锅炉,DA001,9,[]
SRC-RAW-8ACB2C35FAEA26B5AD06,范围外,2022,2023,刨花板制造,燃生物质锅炉,DA001,0,[]
SRC-RAW-313AE101B4482B6A6A9D,范围外,2022,1819,其他机织服装制造,燃生物质锅炉,DA001,0,[]
SRC-RAW-AB7E7D8E9208EAE163C5,工业锅炉,2022,2925,塑料人造革、合成革制造,燃油锅炉,DA001,9,[]
SRC-RAW-A7D5701E7AA1203C7032,工业锅炉,2022,3982,电子电路制造,燃油锅炉,DA001,9,[]
SRC-RAW-E2FA8E96C0B157708CB2,工业锅炉,2022,3021,水泥制品制造,燃气锅炉,DA001,9,[]
SRC-RAW-2E406A41378FC7A1FB59,范围外,2022,3761,自行车制造,燃生物质锅炉,DA001,0,[]
SRC-RAW-837375A4A99B13FFA8B1,范围外,2022,2221,机制纸及纸板制造,燃生物质锅炉,DA001,0,[]
SRC-RAW-368371478962C5227580,火电热力,2022,4417,生物质能发电,燃生物质锅炉,DA001,9,[]
SRC-RAW-CF9101BE452346B1334F,火电热力,2022,4417,生物质能发电,燃生物质锅炉,DA002,9,[]
SRC-RAW-5A8A322F2C5CF9BABB1B,火电热力,2022,4417,生物质能发电,燃生物质锅炉,DA003,9,[]
SRC-RAW-52CC7690071641027738,工业锅炉,2022,3360,金属表面处理及热处理加工,燃气锅炉,DA001,9,[]
SRC-RAW-38B5F2FFD20DD3D2475D,工业锅炉,2022,2661,化学试剂和助剂制造,燃油锅炉,DA002,9,[]
SRC-RAW-6A4D17DAE3D587E0E989,范围外,2022,3031,粘土砖瓦及建筑砌块制造,燃生物质锅炉,DA001,0,[]
SRC-RAW-420508A9D9949E70075B,工业锅炉,2022,3042,特种玻璃制造,燃气锅炉,DA082,9,[]
SRC-RAW-9A49B37451231EC6D66C,工业锅炉,2022,3042,特种玻璃制造,燃气锅炉,DA082,9,[]
SRC-RAW-8D32C8210B66512F2B36,工业锅炉,2022,3042,特种玻璃制造,燃气锅炉,DA082,9,[]
SRC-RAW-B62B3032FA17D0143BB8,工业锅炉,2022,3042,特种玻璃制造,燃气锅炉,DA082,9,[]
SRC-RAW-5B2605A5528888501FF6,工业锅炉,2022,2642,油墨及类似产品制造,燃气锅炉,DA006,9,[]
SRC-RAW-B7ADDC75BE04113B2EE9,范围外,2022,2921,塑料薄膜制造,燃生物质锅炉,DA002,0,[]
SRC-RAW-BB11116118D1596EFF9C,工业锅炉,2022,2646,密封用填料及类似品制造,燃油锅炉,DA001,9,[]
SRC-RAW-6EF54A2AED6516CF9822,范围外,2022,2437,地毯、挂毯制造,燃生物质锅炉,DA001,0,[]
SRC-RAW-1E16062CE19012A5BC7E,范围外,2022,2437,地毯、挂毯制造,燃生物质锅炉,DA002,0,[]
SRC-RAW-563B3D2844FDB45414C1,范围外,2022,3031,粘土砖瓦及建筑砌块制造,燃生物质锅炉,DA001,0,[]
SRC-RAW-D33330DCC2B1FC75C8E4,范围外,2022,1819,其他机织服装制造,燃生物质锅炉,DA001,0,[]
SRC-RAW-518EF94D6D201A86A313,范围外,2022,2924,泡沫塑料制造,燃生物质锅炉,DA001,0,[]
SRC-RAW-9012A30396A62590C0DE,范围外,2022,3031,粘土砖瓦及建筑砌块制造,燃生物质锅炉,DA001,0,[]
SRC-RAW-70CB8C927AEC9DC40E3B,工业锅炉,2022,3340,金属丝绳及其制品制造,燃气锅炉,DA001,9,[]
SRC-RAW-59CAE3759BD41CCE15E2,范围外,2022,2231,纸和纸板容器制造,燃生物质锅炉,DA001,0,[]
SRC-RAW-AB8CC1D02D605289A662,范围外,2022,1752,化纤织物染整精加工,燃生物质锅炉,DA001,0,[]
SRC-RAW-88CD499AEC25DBA90C39,工业锅炉,2022,2231,纸和纸板容器制造,燃气锅炉,DA002,9,[]
SRC-RAW-1BD8A852C607A5A8BB29,工业锅炉,2022,2239,其他纸制品制造,燃气锅炉,DA001,9,[]
SRC-RAW-B445A010111B4BD20CCD,工业锅炉,2022,2651,初级形态塑料及合成树脂制造,燃气锅炉,DA002,9,[]
SRC-RAW-8F9BEE83B2F02C0D6225,范围外,2022,2651,初级形态塑料及合成树脂制造,燃生物质锅炉,DA001,0,[]
SRC-RAW-11106FC4ED2D1C1D77C3,工业锅炉,2022,2641,涂料制造,燃油锅炉,DA001,9,[]
SRC-RAW-69B1D469AF1B6A7C5298,工业锅炉,2022,2641,涂料制造,燃油锅炉,DA002,9,[]
SRC-RAW-82FAA5D3F00E315387FE,范围外,2022,1819,其他机织服装制造,燃生物质锅炉,DA001,0,[]
SRC-RAW-790D5011866A7F944177,范围外,2022,1819,其他机织服装制造,燃生物质锅炉,DA001,0,[]
SRC-RAW-C47C710D689AD721FA8F,工业锅炉,2022,3982,电子电路制造,燃气锅炉,DA002,9,[]
SRC-RAW-9E7C7850DD9CF7E1A9CC,范围外,2022,2641,涂料制造,燃生物质锅炉,DA001,0,[]
SRC-RAW-FB59E49EB6C2F663805A,范围外,2022,2666,环境污染处理专用药剂材料制造,燃生物质锅炉,DA001,0,[]
SRC-RAW-57AC888C3400CDB174B6,工业锅炉,2022,2641,涂料制造,燃油锅炉,DA003,9,[]
SRC-RAW-D530636714F85E12A525,范围外,2022,1819,其他机织服装制造,燃生物质锅炉,DA001,0,[]
SRC-RAW-9E2A0361C8C21F3BB436,范围外,2022,3982,电子电路制造,燃生物质锅炉,DA001,0,[]
SRC-RAW-15420C220B825E26191B,工业锅炉,2022,3099,其他非金属矿物制品制造,燃气锅炉,DA007,9,[]
SRC-RAW-6BA20454783CB0723278,范围外,2022,2023,刨花板制造,燃生物质锅炉,DA001,0,[]
SRC-RAW-A2669011E3629F2C4A53,工业锅炉,2022,3982,电子电路制造,燃气锅炉,DA001,9,[]
SRC-RAW-FA71A908046A1C0EE25D,工业锅炉,2022,3982,电子电路制造,燃气锅炉,DA001,9,[]
SRC-RAW-665CFCAB1840C116EDC2,工业锅炉,2022,3982,电子电路制造,燃气锅炉,DA002,9,[]
SRC-RAW-EA01C10FD4AEA62A8CBC,工业锅炉,2022,3982,电子电路制造,燃气锅炉,DA063,9,[]
SRC-RAW-5A5AD5216F7851D93BF8,工业锅炉,2022,3399,其他未列明金属制品制造,其他锅炉,DA001,9,[]
SRC-RAW-C885B9F0BBEA30995969,工业锅炉,2022,3399,其他未列明金属制品制造,其他锅炉,DA001,9,[]
SRC-RAW-930FF4E56312323A152D,范围外,2022,2231,纸和纸板容器制造,燃生物质锅炉,DA002,0,[]
SRC-RAW-174BDA26090A8E44BC08,范围外,2022,1752,化纤织物染整精加工,燃生物质锅炉,DA002,0,[]
SRC-RAW-2B5742A229D9D63D3930,范围外,2022,1819,其他机织服装制造,燃生物质锅炉,DA007,0,[]
SRC-RAW-363196F84D132351E78A,范围外,2022,1752,化纤织物染整精加工,燃生物质锅炉,DA001,0,[]
SRC-RAW-F7F7557514965EE4A8FB,范围外,2022,1752,化纤织物染整精加工,燃生物质锅炉,DA001,0,[]
SRC-RAW-50AC86F02671CF91066F,范围外,2022,1819,其他机织服装制造,燃生物质锅炉,DA001,0,[]
SRC-RAW-D538863DCEEEC8399C4F,火电热力,2022,4417,生物质能发电,燃生物质锅炉,DA001,9,[]
SRC-RAW-941E77E1BC804ED59330,火电热力,2022,4417,生物质能发电,燃生物质锅炉,DA002,9,[]
SRC-RAW-962B563D74DBD0372AD7,火电热力,2022,4417,生物质能发电,燃生物质锅炉,DA003,9,[]
SRC-RAW-DC898BDB29452B2CD942,火电热力,2022,4417,生物质能发电,燃生物质锅炉,DA004,9,[]
SRC-RAW-314F98E76FF2E5B18309,工业锅炉,2022,3052,光学玻璃制造,燃气锅炉,DA026,9,[]
SRC-RAW-448ACF757CFCB761E7BF,工业锅炉,2022,3052,光学玻璃制造,燃气锅炉,DA027,9,[]
SRC-RAW-1DEE3BFB76FA944A8550,范围外,2022,3052,光学玻璃制造,燃气轮机,DA028,0,[]
SRC-RAW-1862813271F9212E87F3,工业锅炉,2022,3052,光学玻璃制造,燃气锅炉,DA029,9,[]
SRC-RAW-AE92BCBE344CE2F858FD,工业锅炉,2022,3052,光学玻璃制造,燃气锅炉,DA030,9,[]
SRC-RAW-D0832E58BE1C33FAFE6D,范围外,2022,2929,塑料零件及其他塑料制品制造,燃生物质锅炉,DA002,0,[]
SRC-RAW-D0CA1CA8C93E61D1CDA9,范围外,2022,1819,其他机织服装制造,燃生物质锅炉,DA001,0,[]
SRC-RAW-8E8FF645FFDC7180E945,工业锅炉,2022,1529,茶饮料及其他饮料制造,燃气锅炉,DA001,9,[]
SRC-RAW-DCCC77FCABD7C8E0AACF,范围外,2022,2929,塑料零件及其他塑料制品制造,燃生物质锅炉,DA001,0,[]
SRC-RAW-8C83CF04F78D934357D8,火电热力,2022,4417,生物质能发电,燃生物质锅炉,DA001,9,[]
SRC-RAW-9A283BCE4CB9B94EF24B,火电热力,2022,4417,生物质能发电,燃生物质锅炉,DA002,9,[]
SRC-RAW-237672AA46BE0C968436,火电热力,2022,4417,生物质能发电,燃生物质锅炉,DA003,9,[]
SRC-RAW-8C321BABF3D168B68DBC,火电热力,2022,4417,生物质能发电,燃生物质锅炉,DA004,9,[]
SRC-RAW-832494CEC41AA93C6BD1,范围外,2022,1751,化纤织造加工,燃生物质锅炉,DA001,0,[]
SRC-RAW-90453A44135DDF12663A,工业锅炉,2022,1713,棉印染精加工,燃气锅炉,DA001,9,[]
SRC-RAW-403ADF1124997486C051,工业锅炉,2022,3240,有色金属合金制造,燃气锅炉,DA003,9,[]
SRC-RAW-9C5EFD39A6F41A7166B8,工业锅炉,2022,1713,棉印染精加工,燃气锅炉,DA003,9,[]
SRC-RAW-1E052D59A9B24176EB52,范围外,2022,2740,中成药生产,燃生物质锅炉,DA001,0,[]
SRC-RAW-E364D6818E884FAFAD09,范围外,2022,2541,生物质液体燃料生产,燃生物质锅炉,DA001,0,[]
SRC-RAW-5F4F293315F46E0BE1C8,范围外,2022,2541,生物质液体燃料生产,燃生物质锅炉,DA002,0,[]
SRC-RAW-76F483583C6137F4A09F,范围外,2022,2925,塑料人造革、合成革制造,燃生物质锅炉,DA012,0,[]
SRC-RAW-4057C7501BA64C879ABA,范围外,2022,2925,塑料人造革、合成革制造,燃生物质锅炉,DA012,0,[]
SRC-RAW-F00718CFE2310979665A,工业锅炉,2022,2662,专项化学用品制造,燃气锅炉,DA002,9,[]
SRC-RAW-B43B50CC92D0CF89740F,工业锅炉,2022,1752,化纤织物染整精加工,燃气锅炉,DA004,9,[]
SRC-RAW-BD288B02E8165375CE8C,工业锅炉,2022,1752,化纤织物染整精加工,燃气锅炉,DA004,9,[]
SRC-RAW-D3D64767E15B32590A82,工业锅炉,2022,1752,化纤织物染整精加工,燃气锅炉,DA004,9,[]
SRC-RAW-D5F28DAEE712CB00E88A,范围外,2022,1752,化纤织物染整精加工,燃生物质锅炉,DA001,0,[]
SRC-RAW-AA4E633CE82B550806ED,工业锅炉,2022,1713,棉印染精加工,燃气锅炉,DA001,9,[]
SRC-RAW-52F0EF27AF815A7B2D1C,火电热力,2022,4430,热力生产和供应,燃煤锅炉,DA001,9,[]
SRC-RAW-8B0E2DA501F3DF17E30B,范围外,2022,3012,石灰和石膏制造,燃生物质锅炉,DA002,0,[]
SRC-RAW-02F1A046112170D58872,工业锅炉,2022,3021,水泥制品制造,燃气锅炉,DA011,9,[]
SRC-RAW-8BD3274DFF00801531BF,工业锅炉,2022,3031,粘土砖瓦及建筑砌块制造,燃气锅炉,DA002,9,[]
SRC-RAW-2E64AA6C589C38B8EFBF,工业锅炉,2022,2641,涂料制造,燃油锅炉,DA001,9,[]
SRC-RAW-FF7D5D40C7AA78034E39,工业锅炉,2022,1752,化纤织物染整精加工,燃气锅炉,DA001,9,[]
SRC-RAW-48696A302429B57BE5A6,工业锅炉,2022,1713,棉印染精加工,燃气锅炉,DA003,9,[]
SRC-RAW-7739EBA1AB09ADDB78D9,范围外,2022,1819,其他机织服装制造,燃生物质锅炉,DA001,0,[]
SRC-RAW-F0BC642D0E8871886D0F,范围外,2022,1819,其他机织服装制造,燃生物质锅炉,DA001,0,[]
SRC-RAW-C0DCD3C878B0630AB368,范围外,2022,1819,其他机织服装制造,燃生物质锅炉,DA001,0,[]
SRC-RAW-E2BD71A8A90B93126B3D,范围外,2022,1819,其他机织服装制造,燃生物质锅炉,DA001,0,[]
SRC-RAW-F8E8314F9B51F7B856D5,范围外,2022,1819,其他机织服装制造,燃生物质锅炉,DA001,0,[]
SRC-RAW-B470895EC043FDFFA8CD,工业锅炉,2022,3982,电子电路制造,燃气锅炉,DA070,9,[]
SRC-RAW-11A9E57A807ABCC5BF88,工业锅炉,2022,3982,电子电路制造,燃气锅炉,DA071,9,[]
SRC-RAW-8F9160E94F3FBA93C554,工业锅炉,2022,3982,电子电路制造,燃气锅炉,DA072,9,[]
SRC-RAW-49DBE502F590759DED9F,工业锅炉,2022,3985,电子专用材料制造,燃气锅炉,DA003,9,[]
SRC-RAW-BD2AD43D1D67E8F6AD12,工业锅炉,2022,3985,电子专用材料制造,燃气锅炉,DA004,9,[]
SRC-RAW-1CA9AFD621C4CE8AB667,工业锅炉,2022,3982,电子电路制造,燃油锅炉,DA001,9,[]
SRC-RAW-5694BA5F596675562002,范围外,2022,2110,木质家具制造,燃生物质锅炉,DA002,0,[]
SRC-RAW-85AEDC5E7A49A88B8B64,范围外,2022,2110,木质家具制造,燃生物质锅炉,DA002,0,[]
SRC-RAW-687A1AD56FD3F9640FCA,范围外,2022,2110,木质家具制造,燃生物质锅炉,DA002,0,[]
SRC-RAW-67E9423C391DE7AE048D,范围外,2022,2110,木质家具制造,燃生物质锅炉,DA002,0,[]
SRC-RAW-295DB56622EBD124349E,范围外,2022,2110,木质家具制造,燃生物质锅炉,DA002,0,[]
SRC-RAW-AD4497E832EBB0A5595A,范围外,2022,2110,木质家具制造,燃生物质锅炉,DA002,0,[]
SRC-RAW-FE61932C9661EAAE2A0B,范围外,2022,2110,木质家具制造,燃生物质锅炉,DA002,0,[]
SRC-RAW-44E8020531A0399577A6,范围外,2022,2110,木质家具制造,燃生物质锅炉,DA002,0,[]
SRC-RAW-8870FD82E438104FF280,范围外,2022,2022,纤维板制造,燃生物质锅炉,DA001,0,[]
SRC-RAW-033089ADFCFAC186E231,范围外,2022,2023,刨花板制造,燃生物质锅炉,DA001,0,[]
SRC-RAW-19AD4DE82D041787EA0B,工业锅炉,2022,1752,化纤织物染整精加工,燃气锅炉,DA002,9,[]
SRC-RAW-D971D10F9B4F68AC79A8,工业锅炉,2022,1752,化纤织物染整精加工,燃气锅炉,DA003,9,[]
SRC-RAW-FD69ACCDBEE647EC2547,范围外,2022,1332,非食用植物油加工,,DA001,0,[]
SRC-RAW-858D38D218A9C4B43810,范围外,2022,1713,棉印染精加工,燃生物质锅炉,DA003,0,[]
SRC-RAW-11F462F3BEFD7068A243,范围外,2022,2740,中成药生产,燃生物质锅炉,DA008,0,[]
SRC-RAW-C75ACE45D82D0B287A40,工业锅炉,2022,1713,棉印染精加工,燃气锅炉,DA001,9,[]
SRC-RAW-EFFBEB4668E2D3E3A9BE,工业锅炉,2022,2624,复混肥料制造,燃气锅炉,DA001,9,[]
SRC-RAW-24E4E55CE6E61D075135,工业锅炉,2022,3252,铝压延加工,燃气锅炉,DA001,9,[]
SRC-RAW-0316307F0CE6EA792698,工业锅炉,2022,3252,铝压延加工,燃气锅炉,DA001,9,[]
SRC-RAW-499303600920201A856D,范围外,2022,3252,铝压延加工,,DA001,0,[]
SRC-RAW-52088673193C03ACBDB2,范围外,2022,3252,铝压延加工,,DA001,0,[]
SRC-RAW-879E7757635179390798,范围外,2022,3252,铝压延加工,,DA001,0,[]
SRC-RAW-C7DD0072843A9570E8FB,范围外,2022,2023,刨花板制造,燃生物质锅炉,DA001,0,[]
SRC-RAW-7994B4F81FE6E08DF92A,工业锅炉,2022,1713,棉印染精加工,燃气锅炉,DA005,9,[]
SRC-RAW-9AD21CEDC3DB29F6653C,工业锅炉,2022,2641,涂料制造,燃气锅炉,DA002,9,[]
SRC-RAW-3B759193B4FEF6EB2AD4,范围外,2022,2740,中成药生产,燃生物质锅炉,DA002,0,[]
SRC-RAW-B9FAFD79A9FA80D98AC5,范围外,2022,2740,中成药生产,燃生物质锅炉,DA002,0,[]
SRC-RAW-4742C2291C71D8718095,工业锅炉,2022,2614,有机化学原料制造,燃气锅炉,DA002,9,[]
SRC-RAW-0C7656189CF468228BE7,工业锅炉,2022,2925,塑料人造革、合成革制造,燃煤锅炉,DA001,9,[]
SRC-RAW-411D639F7C0D70820969,工业锅炉,2022,2925,塑料人造革、合成革制造,燃气锅炉,DA002,9,[]
SRC-RAW-BA2B420E12F3BBC5972F,工业锅炉,2022,2925,塑料人造革、合成革制造,燃气锅炉,DA002,9,[]
SRC-RAW-279E32CC37AC63FA2704,工业锅炉,2022,2925,塑料人造革、合成革制造,燃气锅炉,DA003,9,[]
SRC-RAW-F88E4FE796C178ACBC1C,工业锅炉,2022,2925,塑料人造革、合成革制造,燃气锅炉,DA004,9,[]
SRC-RAW-59E381F5487E1FA13DE1,工业锅炉,2022,2925,塑料人造革、合成革制造,燃气锅炉,DA004,9,[]
SRC-RAW-653521401D4C23853664,工业锅炉,2022,1752,化纤织物染整精加工,燃气锅炉,DA001,9,[]
SRC-RAW-140FB3568EE222049F6F,范围外,2022,1391,淀粉及淀粉制品制造,燃生物质锅炉,DA001,0,[]
SRC-RAW-8983BBF33A472467B602,范围外,2022,1340,制糖业,燃生物质锅炉,DA001,0,[]
SRC-RAW-F1ECED05CF4DA85175D2,工业锅炉,2022,1752,化纤织物染整精加工,燃气锅炉,DA001,9,[]
SRC-RAW-A2D24CBCC9673914C5F5,范围外,2022,1723,毛染整精加工,燃生物质锅炉,DA001,0,[]
SRC-RAW-9D1D58A418FE558723E8,范围外,2022,1723,毛染整精加工,燃生物质锅炉,DA002,0,[]
SRC-RAW-B4AB136F6A8901F4152E,工业锅炉,2022,1713,棉印染精加工,燃气锅炉,DA005,9,[]
SRC-RAW-670DD8A13A080F88C7B2,工业锅炉,2022,1713,棉印染精加工,燃气锅炉,DA004,9,[]
SRC-RAW-7A1C10C55701609432B5,工业锅炉,2022,3985,电子专用材料制造,燃气锅炉,DA001,9,[]
SRC-RAW-F39E54106974B91D4988,工业锅炉,2022,3985,电子专用材料制造,燃气锅炉,DA001,9,[]
SRC-RAW-3274412DFB78AC919450,工业锅炉,2022,3985,电子专用材料制造,燃气锅炉,DA001,9,[]
SRC-RAW-13DA78E18111CC9CCD5B,工业锅炉,2022,1752,化纤织物染整精加工,燃气锅炉,DA003,9,[]
SRC-RAW-2FB03926CBC826AE0D66,工业锅炉,2022,1752,化纤织物染整精加工,燃气锅炉,DA003,9,[]
SRC-RAW-348AFBAF861FBDD54230,工业锅炉,2022,2651,初级形态塑料及合成树脂制造,燃气锅炉,DA001,9,[]
SRC-RAW-421EE6A035F31B9154E3,工业锅炉,2022,2651,初级形态塑料及合成树脂制造,燃气锅炉,DA002,9,[]
SRC-RAW-AC819A6E3D3E5E316B8F,范围外,2022,1819,其他机织服装制造,燃生物质锅炉,DA003,0,[]
SRC-RAW-27FFC4408406F21B62E4,范围外,2022,1713,棉印染精加工,燃生物质锅炉,DA001,0,[]
SRC-RAW-71FEBDDF3B3C13715E15,范围外,2022,2221,机制纸及纸板制造,燃生物质锅炉,DA001,0,[]
SRC-RAW-FF14C90594AD69EDD1FF,工业锅炉,2022,1752,化纤织物染整精加工,燃气锅炉,DA006,9,[]
SRC-RAW-76B0DD3A33AFA2951660,工业锅炉,2022,1752,化纤织物染整精加工,燃气锅炉,DA005,9,[]
SRC-RAW-5CDF4FB5DB0CD2C04D05,工业锅炉,2022,1713,棉印染精加工,燃气锅炉,DA001,9,[]
SRC-RAW-47792BC05F750C5B7235,工业锅炉,2022,1713,棉印染精加工,燃气锅炉,DA002,9,[]
SRC-RAW-1762428820A50B8ADC56,工业锅炉,2022,1752,化纤织物染整精加工,燃气锅炉,DA007,9,[]
SRC-RAW-2F6B0DC3F6DC94E1772B,工业锅炉,2022,1713,棉印染精加工,燃气锅炉,DA001,9,[]
SRC-RAW-C61AD863D026B9DEC3AC,工业锅炉,2022,3360,金属表面处理及热处理加工,燃气锅炉,DA098,9,[]
SRC-RAW-1C57FC9748ABC8C61585,工业锅炉,2022,1723,毛染整精加工,燃气锅炉,DA003,9,[]
SRC-RAW-B5749D3B15790703235C,范围外,2022,1713,棉印染精加工,燃生物质锅炉,DA003,0,[]
SRC-RAW-6E9A377D139420737981,范围外,2022,1819,其他机织服装制造,燃生物质锅炉,DA001,0,[]
SRC-RAW-A4D7C804A6670E394FAA,工业锅炉,2022,2662,专项化学用品制造,燃气锅炉,DA006,9,[]
SRC-RAW-6D57E133497937F90D24,工业锅炉,2022,2662,专项化学用品制造,燃气锅炉,DA006,9,[]
SRC-RAW-F1CCBDD0DA70C431BC0D,工业锅炉,2022,1910,皮革鞣制加工,燃气锅炉,DA006,9,[]
SRC-RAW-196BB6ED706F95A44A9D,工业锅炉,2022,1910,皮革鞣制加工,燃气锅炉,DA006,9,[]
SRC-RAW-8B25228558F046351F07,工业锅炉,2022,1752,化纤织物染整精加工,燃气锅炉,DA003,9,[]
SRC-RAW-5FF8EACEB127C4ED9109,工业锅炉,2022,2651,初级形态塑料及合成树脂制造,燃气锅炉,DA004,9,[]
SRC-RAW-1B95D2CA3FCBF36608A1,工业锅炉,2022,1329,其他饲料加工,燃气锅炉,DA001,9,[]
SRC-RAW-A76B7757E313A9932413,工业锅炉,2022,1329,其他饲料加工,燃气锅炉,DA001,9,[]
SRC-RAW-21759F82198C0CB283C9,工业锅炉,2022,1819,其他机织服装制造,燃气锅炉,DA001,9,[]
SRC-RAW-6B99005BA0620C0A223B,范围外,2022,2022,纤维板制造,燃生物质锅炉,DA001,0,[]
SRC-RAW-6CE7A6EC1A74E0B8D442,工业锅炉,2022,1713,棉印染精加工,燃气锅炉,DA001,9,[]
SRC-RAW-348FF696C3C516943543,工业锅炉,2022,4190,其他未列明制造业,燃气锅炉,DA002,9,[]
SRC-RAW-E1098E37A3E6924A129C,工业锅炉,2022,2614,有机化学原料制造,燃气锅炉,DA004,9,[]
SRC-RAW-E2B34DA3E666D7FDA23B,火电热力,2022,4430,热力生产和供应,燃气锅炉,DA001,9,[]
SRC-RAW-83889A99A6D073CA7B35,火电热力,2022,4430,热力生产和供应,燃气锅炉,DA002,9,[]
SRC-RAW-8E58021F08AECEC28695,火电热力,2022,4430,热力生产和供应,燃气锅炉,DA003,9,[]
SRC-RAW-854CD4D6CCE73559FA34,火电热力,2022,4430,热力生产和供应,燃气锅炉,DA004,9,[]
SRC-RAW-AD5B2BC7A9BD5226E3F1,火电热力,2022,4430,热力生产和供应,燃气锅炉,DA005,9,[]
SRC-RAW-5913C6CBDA3641EACC7B,工业锅炉,2022,2239,其他纸制品制造,燃气锅炉,DA002,9,[]
SRC-RAW-8E0A993292E16F5D3BEF,范围外,2022,2929,塑料零件及其他塑料制品制造,燃生物质锅炉,DA001,0,[]
SRC-RAW-071757BC057152F0C712,范围外,2022,2750,兽用药品制造,燃生物质锅炉,DA001,0,[]
SRC-RAW-3774D88E72289D7C176F,范围外,2022,1713,棉印染精加工,燃生物质锅炉,DA001,0,[]
SRC-RAW-047C6273DD06796C5C23,工业锅炉,2022,3021,水泥制品制造,燃煤锅炉,DA001,9,[]
SRC-RAW-4FA3C26E8875FD34E1E8,工业锅炉,2022,3021,水泥制品制造,燃气锅炉,DA002,9,[]
SRC-RAW-A23D29F11218A31A16A8,范围外,2022,1761,针织或钩针编织物织造,燃生物质锅炉,DA001,0,[]
SRC-RAW-F69FD7A256BA1949B503,范围外,2022,1761,针织或钩针编织物织造,燃生物质锅炉,DA001,0,[]
SRC-RAW-A9BC3B267E91271494BA,范围外,2022,1819,其他机织服装制造,燃生物质锅炉,DA001,0,[]
SRC-RAW-CECE3A8B2D646D6B9D99,范围外,2022,1713,棉印染精加工,燃生物质锅炉,DA001,0,[]
SRC-RAW-07703F4FDC2BBC59EB13,火电热力,2022,4417,生物质能发电,燃生物质锅炉,DA001,9,[]
SRC-RAW-797D696DD4DF503D749B,火电热力,2022,4417,生物质能发电,燃生物质锅炉,DA002,9,[]
SRC-RAW-844F18037D3FF01C2D57,火电热力,2022,4417,生物质能发电,燃生物质锅炉,DA003,9,[]
SRC-RAW-8C74753472F4D55E5C1D,范围外,2022,2912,橡胶板、管、带制造,燃生物质锅炉,DA001,0,[]
SRC-RAW-1104B63484EC8A91E092,工业锅炉,2022,1721,毛条和毛纱线加工,燃气锅炉,DA001,9,[]
SRC-RAW-A5E426EB00113B8E7A2E,火电热力,2022,4411,火力发电,燃煤锅炉,DA001,9,[]
SRC-RAW-59CF1BC6B0C3ADF43BD2,火电热力,2022,4411,火力发电,燃煤锅炉,DA002,9,[]
SRC-RAW-096261C444EF53805E39,范围外,2022,3039,其他建筑材料制造,燃生物质锅炉,DA001,0,[]
SRC-RAW-1E61DD313104E43FB556,火电热力,2022,4417,生物质能发电,燃生物质锅炉,DA001,9,[]
SRC-RAW-93C4A477719051F0B695,火电热力,2022,4417,生物质能发电,燃生物质锅炉,DA002,9,[]
SRC-RAW-B1D11E871381E66161D9,工业锅炉,2022,3033,防水建筑材料制造,燃气锅炉,DA007,9,[]
SRC-RAW-55EB92331A8A3C5CC243,工业锅炉,2022,3033,防水建筑材料制造,燃气锅炉,DA008,9,[]
SRC-RAW-333CB81A30828771EF9A,范围外,2022,2662,专项化学用品制造,余热利用锅炉,DA001,0,[]
SRC-RAW-29042BC70D1439CF754F,工业锅炉,2022,2651,初级形态塑料及合成树脂制造,燃气锅炉,DA006,9,[]
SRC-RAW-F8AC40198DF43B9E6E3E,工业锅炉,2022,2710,化学药品原料药制造,燃气锅炉,DA003,9,[]
SRC-RAW-69C3AE04F75E383552BF,工业锅炉,2022,2710,化学药品原料药制造,燃气锅炉,DA003,9,[]
SRC-RAW-86A5CADBAF196F50C68B,工业锅炉,2022,2231,纸和纸板容器制造,燃气锅炉,DA002,9,[]
SRC-RAW-19069B202F99771716D1,工业锅炉,2022,2710,化学药品原料药制造,燃气锅炉,DA015,9,[]
SRC-RAW-ACCE742C0040E3366D58,工业锅炉,2022,2710,化学药品原料药制造,燃气锅炉,DA015,9,[]
SRC-RAW-29A5AE6F3B2D42360613,工业锅炉,2022,1910,皮革鞣制加工,燃气锅炉,DA001,9,[]
SRC-RAW-EB29D170353C2EC08389,范围外,2022,2661,化学试剂和助剂制造,,DA007,0,[]
SRC-RAW-483ACC386F309C31759A,工业锅炉,2022,2614,有机化学原料制造,燃气锅炉,DA002,9,[]
SRC-RAW-0B48E5CE1AB844247E68,工业锅炉,2022,3985,电子专用材料制造,燃油锅炉,DA001,9,[]
SRC-RAW-A015A5ABFFB14433B3D1,工业锅炉,2022,2614,有机化学原料制造,燃油锅炉,DA001,17,[]
SRC-RAW-575570EC8DB517AA8CF5,工业锅炉,2022,2614,有机化学原料制造,燃油锅炉,DA001,17,[]
SRC-RAW-B2D12B18EDD6CCA26046,工业锅炉,2022,2614,有机化学原料制造,燃油锅炉,DA001,17,[]
SRC-RAW-01336EF744A5681D73EF,工业锅炉,2022,2614,有机化学原料制造,燃油锅炉,DA001,17,[]
SRC-RAW-07BACD2475FBECD5911D,工业锅炉,2022,2614,有机化学原料制造,燃气锅炉,DA002,9,[]
SRC-RAW-D4FF57BA0C9E6F57EBEF,工业锅炉,2022,2614,有机化学原料制造,燃气锅炉,DA058,9,[]
SRC-RAW-08487A23413ABD86C756,工业锅炉,2022,2614,有机化学原料制造,燃油锅炉,DA060,17,[]
SRC-RAW-FCE6ECD6BA32A0018E52,工业锅炉,2022,3982,电子电路制造,燃油锅炉,DA001,9,[]
SRC-RAW-CC40F2877C050BC18C0A,工业锅炉,2022,3982,电子电路制造,燃气锅炉,DA004,9,[]
SRC-RAW-325C9E6C87FBC7E367D2,火电热力,2022,4412,热电联产,燃气轮机,DA007,9,[]
SRC-RAW-0E55BDF55B378E70243D,火电热力,2022,4412,热电联产,燃气轮机,DA008,9,[]
SRC-RAW-FBEB32EB815C1C387B87,火电热力,2022,4412,热电联产,燃气轮机,DA009,9,[]
SRC-RAW-D13FAA12365340754746,火电热力,2022,4412,热电联产,燃气轮机,DA010,9,[]
SRC-RAW-C3E131C7DD9257C5B05C,火电热力,2022,4412,热电联产,燃气轮机,DA011,9,[]
SRC-RAW-B6CD40B74D0E4AFAA74B,火电热力,2022,4412,热电联产,燃气轮机,DA012,9,[]
SRC-RAW-51045AA3D9455886E685,范围外,2022,2023,刨花板制造,燃生物质锅炉,DA001,0,[]
SRC-RAW-FB60BCC79AFAB55861E6,工业锅炉,2022,3922,通信终端设备制造,燃气锅炉,DA057,9,[]
SRC-RAW-91DDD2B6951FF7D3C937,工业锅炉,2022,3922,通信终端设备制造,燃气锅炉,DA058,9,[]
SRC-RAW-C00F4C815D0F0635D102,范围外,2022,2511,原油加工及石油制品制造,燃气轮机,DA001,0,[]
SRC-RAW-72A68CDDB580674DD265,工业锅炉,2022,2511,原油加工及石油制品制造,燃油锅炉,DA063,17,[]
SRC-RAW-2F50DE9B3E7F42A53476,工业锅炉,2022,2511,原油加工及石油制品制造,燃油锅炉,DA063,17,[]
SRC-RAW-57143EC38889071DBB00,工业锅炉,2022,2511,原油加工及石油制品制造,燃油锅炉,DA065,17,[]
SRC-RAW-50268E666EDB3B5798FB,工业锅炉,2022,3841,锂离子电池制造,燃气锅炉,DA006,9,[]
SRC-RAW-0FE64D27DD81E4DBA64E,工业锅炉,2022,3841,锂离子电池制造,燃气锅炉,DA006,9,[]
SRC-RAW-6932E6388AB66A055186,工业锅炉,2022,3841,锂离子电池制造,燃气锅炉,DA012,9,[]
SRC-RAW-70A34C0A536CDD1682F4,工业锅炉,2022,3841,锂离子电池制造,燃气锅炉,DA013,9,[]
SRC-RAW-AE00FD77072B88B8E606,工业锅炉,2022,3841,锂离子电池制造,燃气锅炉,DA018,9,[]
SRC-RAW-D715143745E98373535D,工业锅炉,2022,3841,锂离子电池制造,燃气锅炉,DA018,9,[]
SRC-RAW-DC9E490E1C8A44C540C5,火电热力,2022,4412,热电联产,燃煤锅炉,DA001,9,[]
SRC-RAW-B56086824F04D846DBFA,火电热力,2022,4412,热电联产,燃煤锅炉,DA001,9,[]
SRC-RAW-5710070B0CB9F9147DC0,范围外,2022,2924,泡沫塑料制造,燃生物质锅炉,DA001,0,[]
SRC-RAW-896D5497A7D916F6827E,工业锅炉,2022,1361,水产品冷冻加工,燃气锅炉,DA001,9,[]
SRC-RAW-6AD53371C8C98828469A,工业锅炉,2022,3974,显示器件制造,燃气锅炉,DA010,9,[]
SRC-RAW-91EC9830977C4D58214C,工业锅炉,2022,3974,显示器件制造,燃气锅炉,DA010,9,[]
SRC-RAW-EC9FF48576456F8C4B2B,范围外,2022,2740,中成药生产,燃生物质锅炉,DA001,0,[]
SRC-RAW-3251BFD6C0CA150AA5A3,范围外,2022,2223,加工纸制造,燃生物质锅炉,DA001,0,[]
SRC-RAW-D388C5F0DB57365E48ED,工业锅炉,2022,1441,液体乳制造,燃气锅炉,DA001,9,[]
SRC-RAW-579849889E22920E8A7A,工业锅炉,2022,1441,液体乳制造,燃气锅炉,DA001,9,[]
SRC-RAW-65426EEB40497A3F0F2F,范围外,2022,3021,水泥制品制造,燃生物质锅炉,DA001,0,[]
SRC-RAW-B6B4839CDCF33FE98EFA,工业锅炉,2022,1372,食用菌加工,燃气锅炉,DA001,9,[]
SRC-RAW-76B2E95EFAB2711A2F2C,范围外,2022,1372,食用菌加工,燃生物质锅炉,DA002,0,[]
SRC-RAW-A42BE862A6FD2F6F8B9F,工业锅炉,2022,1789,其他产业用纺织制成品制造,燃油锅炉,DA001,9,[]
SRC-RAW-97166FFEC9AA61FA844A,工业锅炉,2022,1789,其他产业用纺织制成品制造,燃油锅炉,DA001,9,[]
SRC-RAW-92E7382A4D890B4CEA33,工业锅炉,2022,3951,电视机制造,燃气锅炉,DA006,9,[]
SRC-RAW-75F368DF89C49D73AD69,工业锅炉,2022,3951,电视机制造,燃气锅炉,DA006,9,[]
SRC-RAW-7AB3FC95FCE777BF1E9F,工业锅炉,2022,2443,健身器材制造,燃气锅炉,DA003,9,[]
SRC-RAW-6A3E710031986EE130F1,工业锅炉,2022,2319,包装装潢及其他印刷,燃气锅炉,DA011,9,[]
SRC-RAW-59A51337F61202BB2841,工业锅炉,2022,2319,包装装潢及其他印刷,燃气锅炉,DA012,9,[]
SRC-RAW-E56C507DF383A8B6A589,范围外,2022,3031,粘土砖瓦及建筑砌块制造,,DA001,0,[]
SRC-RAW-75258FA85480CA994CEE,范围外,2022,3031,粘土砖瓦及建筑砌块制造,燃生物质锅炉,DA001,0,[]
SRC-RAW-70008104A5A32B06DC7F,工业锅炉,2022,3851,家用制冷电器具制造,燃气锅炉,DA004,9,[]
SRC-RAW-051131DBF44EDAB3ABE2,范围外,2022,4119,其他日用杂品制造,燃生物质锅炉,DA001,0,[]
SRC-RAW-E0BF56762EE133BAD0B2,工业锅炉,2022,3841,锂离子电池制造,燃气锅炉,DA015,9,[]
SRC-RAW-F7C0148B317CB89BFA31,工业锅炉,2022,1819,其他机织服装制造,燃气锅炉,DA001,9,[]
SRC-RAW-2CA83F3109A175A47C42,工业锅炉,2022,3951,电视机制造,燃气锅炉,DA002,9,[]
SRC-RAW-E7BD8B49F86E07974AD8,火电热力,2022,4411,火力发电,燃气轮机,DA001,9,[]
SRC-RAW-E42FFC331ADDCA454553,火电热力,2022,4411,火力发电,燃气轮机,DA002,9,[]
SRC-RAW-80B1983ABA5B9926D942,范围外,2022,3021,水泥制品制造,燃生物质锅炉,DA001,0,[]
SRC-RAW-587091464851224288E2,工业锅炉,2022,2651,初级形态塑料及合成树脂制造,燃气锅炉,DA002,9,[]
SRC-RAW-9957A6C77F03B4EDC432,工业锅炉,2022,1521,碳酸饮料制造,燃气锅炉,DA001,9,[]
SRC-RAW-E6294BA76A10E97C54F9,工业锅炉,2022,1521,碳酸饮料制造,燃气锅炉,DA002,9,[]
SRC-RAW-888B36059123DAE1AFAF,范围外,2022,3031,粘土砖瓦及建筑砌块制造,燃生物质锅炉,DA001,0,[]
SRC-RAW-76C8BAB45F34E8B8758B,范围外,2022,3031,粘土砖瓦及建筑砌块制造,燃生物质锅炉,DA001,0,[]
SRC-RAW-F82B370B725B6DC6E56B,工业锅炉,2022,2924,泡沫塑料制造,燃气锅炉,DA001,9,[]
SRC-RAW-103CF41E911E94195C09,工业锅炉,2022,3464,制冷、空调设备制造,燃气锅炉,DA001,9,[]
SRC-RAW-8E15201A0DB18BB1F8D2,范围外,2022,3031,粘土砖瓦及建筑砌块制造,,DA001,0,[]
SRC-RAW-AEC2BC784F47B5B8C228,范围外,2022,3031,粘土砖瓦及建筑砌块制造,燃生物质锅炉,DA001,0,[]
SRC-RAW-7A3DA356F0FD729AC58B,工业锅炉,2022,3841,锂离子电池制造,燃气锅炉,DA012,9,[]
SRC-RAW-F52ABA105DD59EC3CB06,工业锅炉,2022,3841,锂离子电池制造,燃气锅炉,DA012,9,[]
SRC-RAW-55301815182C3AB77FDA,工业锅炉,2022,3841,锂离子电池制造,燃气锅炉,DA012,9,[]
SRC-RAW-7285BDAD79C8F948314B,工业锅炉,2022,3841,锂离子电池制造,燃气锅炉,DA012,9,[]
SRC-RAW-7093564A6D3EE8C86E7C,工业锅炉,2022,3841,锂离子电池制造,燃气锅炉,DA012,9,[]
SRC-RAW-45F78D6B5EA4AAAC57CF,工业锅炉,2022,3841,锂离子电池制造,燃气锅炉,DA011,9,[]
SRC-RAW-D7AAA1D263D8E582CD71,工业锅炉,2022,3841,锂离子电池制造,燃气锅炉,DA011,9,[]
SRC-RAW-178C6108FFA5FED62566,工业锅炉,2022,3841,锂离子电池制造,燃气锅炉,DA011,9,[]
SRC-RAW-53939DA90DE9795ACF87,工业锅炉,2022,2319,包装装潢及其他印刷,燃气锅炉,DA004,9,[]
SRC-RAW-3C3443F3AB037EFCDF88,工业锅炉,2022,1620,卷烟制造,燃气锅炉,DA001,9,[]
SRC-RAW-4C471E1366DAEB3E48C8,火电热力,2022,4417,生物质能发电,燃生物质锅炉,DA001,9,[]
SRC-RAW-7BE10891CED76E8DE565,火电热力,2022,4417,生物质能发电,燃生物质锅炉,DA002,9,[]
SRC-RAW-EF7F317B71F234A0D85B,范围外,2022,3985,电子专用材料制造,燃生物质锅炉,DA001,0,[]
SRC-RAW-A769D077BDF7D0A3C833,工业锅炉,2022,1353,肉制品及副产品加工,燃油锅炉,DA002,9,[]
SRC-RAW-2ED032DD6F5950549025,工业锅炉,2022,1514,黄酒制造,燃气锅炉,DA001,9,[]
SRC-RAW-ACEDFD51051AE32F1014,工业锅炉,2022,3985,电子专用材料制造,燃气锅炉,DA003,9,[]
SRC-RAW-2756BE500AD8DFD03B65,范围外,2022,2740,中成药生产,燃生物质锅炉,DA001,0,[]
SRC-RAW-7D0D3C6830ED0D6586AD,工业锅炉,2022,3982,电子电路制造,燃气锅炉,DA068,9,[]
SRC-RAW-890C3A9FBB0129E29B2F,工业锅炉,2022,1752,化纤织物染整精加工,燃气锅炉,DA001,9,[]
SRC-RAW-7CC4695F45C2F0918DCF,范围外,2022,3982,电子电路制造,燃生物质锅炉,DA025,0,[]
SRC-RAW-704EC92F8783F6464311,范围外,2022,1431,米、面制品制造,燃生物质锅炉,DA001,0,[]
SRC-RAW-63F5F15B97EE1494033F,工业锅炉,2022,3985,电子专用材料制造,燃气锅炉,DA016,9,[]
SRC-RAW-FA9EDF55A8FEA3F612DF,范围外,2022,1499,其他未列明食品制造,燃生物质锅炉,DA001,0,[]
SRC-RAW-8A78BB73B26B9ADA7622,工业锅炉,2022,2319,包装装潢及其他印刷,燃气锅炉,DA006,9,[]
SRC-RAW-0C08B32BA10B02386D81,工业锅炉,2022,2671,炸药及火工产品制造,燃气锅炉,DA001,9,[]
SRC-RAW-37F0982A1ADBD5518794,火电热力,2022,4430,热力生产和供应,燃生物质锅炉,DA001,9,[]
SRC-RAW-DE064C6CB36668D04305,火电热力,2022,4430,热力生产和供应,燃生物质锅炉,DA001,9,[]
SRC-RAW-82905253E15E7B88DC20,工业锅炉,2022,2613,无机盐制造,燃煤锅炉,DA002,9,[]
SRC-RAW-5CC7FCC1477A0CE8FEB0,范围外,2022,3031,粘土砖瓦及建筑砌块制造,燃生物质锅炉,DA002,0,[]
SRC-RAW-8AB01509B518E0C21F31,工业锅炉,2022,2720,化学药品制剂制造,燃气锅炉,DA001,9,[]
SRC-RAW-5E4F8E63EF67E58FE122,工业锅炉,2022,2720,化学药品制剂制造,燃气锅炉,DA001,9,[]
SRC-RAW-7DC8C9B0852595A4A224,工业锅炉,2022,3670,汽车零部件及配件制造,燃气锅炉,DA014,9,[]
SRC-RAW-79CA0A239507BE806AC6,工业锅炉,2022,1495,食品及饲料添加剂制造,燃油锅炉,DA001,9,[]
SRC-RAW-DAFD88C299BC5ACC2C1D,工业锅炉,2022,2919,其他橡胶制品制造,燃气锅炉,DA001,9,[]
SRC-RAW-657FD4E5279DFF06A0DE,范围外,2022,1431,米、面制品制造,燃生物质锅炉,DA001,0,[]
SRC-RAW-62BEA3A18F4B2F4A2E25,工业锅炉,2022,3985,电子专用材料制造,燃气锅炉,DA020,9,[]
SRC-RAW-4F6B19CE50FEEFF7D94C,工业锅炉,2022,3985,电子专用材料制造,燃气锅炉,DA021,9,[]
SRC-RAW-53FBE5ACAABECA0D62E6,火电热力,2022,4411,火力发电,燃煤锅炉,DA001,9,[]
SRC-RAW-54500B315AC89DE39808,火电热力,2022,4411,火力发电,燃煤锅炉,DA001,9,[]
SRC-RAW-500FAC89EE74CD013365,火电热力,2022,4411,火力发电,燃煤锅炉,DA002,9,[]
SRC-RAW-9C2666A045D655DE7A20,火电热力,2022,4411,火力发电,燃煤锅炉,DA002,9,[]
SRC-RAW-F89C0043F631D36465B6,火电热力,2022,4411,火力发电,燃煤锅炉,DA003,9,[]
SRC-RAW-A3FBB4382F65DF34F05E,火电热力,2022,4411,火力发电,燃煤锅炉,DA003,9,[]
SRC-RAW-9DB0FCA44BB323504B82,工业锅炉,2022,2911,轮胎制造,燃煤锅炉,DA019,9,[]
SRC-RAW-9E6561D91E8E29BBCD3D,范围外,2022,3031,粘土砖瓦及建筑砌块制造,燃生物质锅炉,DA002,0,[]
SRC-RAW-E586A7498551DB5EF7C5,工业锅炉,2022,3985,电子专用材料制造,燃气锅炉,DA001,9,[]
SRC-RAW-9F8D4E31D50C6DB52617,工业锅炉,2022,2444,运动防护用具制造,燃气锅炉,DA006,9,[]
SRC-RAW-4D7CB2B228C53881601A,范围外,2022,3031,粘土砖瓦及建筑砌块制造,燃生物质锅炉,DA001,0,[]
SRC-RAW-0CF0D8335C0BB992C611,火电热力,2022,4411,火力发电,燃煤锅炉,DA001,9,[]
SRC-RAW-6A3D9F0940947CB1906F,火电热力,2022,4411,火力发电,燃煤锅炉,DA002,9,[]
SRC-RAW-4A9D5ADBC87CEB371B72,范围外,2022,3031,粘土砖瓦及建筑砌块制造,燃生物质锅炉,DA001,0,[]
SRC-RAW-81EE07160BD2E0AA83F0,范围外,2022,2740,中成药生产,燃生物质锅炉,DA001,0,[]
SRC-RAW-5997CAACDA9E6A5C178C,范围外,2022,2021,胶合板制造,燃生物质锅炉,DA001,0,[]
SRC-RAW-3E132885394DD71EC7C4,范围外,2022,3022,砼结构构件制造,燃生物质锅炉,DA001,0,[]
SRC-RAW-FE23F49166256B3B61B0,范围外,2022,3022,砼结构构件制造,燃生物质锅炉,DA001,0,[]
SRC-RAW-FE9F407050950BC7AD20,范围外,2022,1372,食用菌加工,燃生物质锅炉,DA001,0,[]
SRC-RAW-E654F8A5FA4C1926EBE7,范围外,2022,1372,食用菌加工,燃生物质锅炉,DA002,0,[]
SRC-RAW-730DC0FA8745312A1BE3,范围外,2022,2822,涤纶纤维制造,燃生物质锅炉,DA004,0,[]
SRC-RAW-B2A6B348A08CC9E748C9,工业锅炉,2022,1512,白酒制造,燃油锅炉,DA001,9,[]
SRC-RAW-52240B04EE913F6D545F,范围外,2022,4220,非金属废料和碎屑加工处理,,DA001,0,[]
SRC-RAW-843500BD33D53191EEA3,范围外,2022,2921,塑料薄膜制造,燃生物质锅炉,DA003,0,[]
SRC-RAW-8E6AD9149CAD5D3D8FE7,范围外,2022,1752,化纤织物染整精加工,燃生物质锅炉,DA001,0,[]
SRC-RAW-B721D48578262ADCD0B5,范围外,2022,1752,化纤织物染整精加工,燃生物质锅炉,DA001,0,[]
SRC-RAW-565FE1B9F1351A854433,范围外,2022,2740,中成药生产,燃生物质锅炉,DA001,0,[]
SRC-RAW-EC78E384EB05DF1FB8B8,范围外,2022,3031,粘土砖瓦及建筑砌块制造,燃生物质锅炉,DA001,0,[]
SRC-RAW-5B8AE5C5D25A67BDD39A,范围外,2022,2684,香料、香精制造,燃生物质锅炉,DA001,0,[]
SRC-RAW-5976F8E66964B2420D59,火电热力,2022,4417,生物质能发电,燃生物质锅炉,DA001,9,[]
SRC-RAW-D76FB29E329067250811,火电热力,2022,4417,生物质能发电,燃生物质锅炉,DA002,9,[]
SRC-RAW-6D1CB60D94285C15EB96,范围外,2022,2919,其他橡胶制品制造,燃生物质锅炉,DA005,0,[]
SRC-RAW-48B83B244441B7CDE6CE,范围外,2022,2021,胶合板制造,燃生物质锅炉,DA001,0,[]
SRC-RAW-1C69AC731CC45D096507,工业锅炉,2022,1331,食用植物油加工,燃气锅炉,DA001,9,[]
SRC-RAW-C4FB1F43CAE21E09A7C9,范围外,2022,2110,木质家具制造,燃生物质锅炉,DA001,0,[]
SRC-RAW-CA6C15BB9DD211ECB199,工业锅炉,2022,2645,染料制造,燃气锅炉,DA005,9,[]
SRC-RAW-97525A6EE2179559F6B5,工业锅炉,2022,2221,机制纸及纸板制造,燃煤锅炉,DA001,9,[]
SRC-RAW-FAD36A72AE1EC6D6AD27,范围外,2022,2021,胶合板制造,燃生物质锅炉,DA001,0,[]
SRC-RAW-2D04C39DD2558D7219A5,范围外,2022,2221,机制纸及纸板制造,燃生物质锅炉,DA001,0,[]
SRC-RAW-A525A25FF8208C3C6056,工业锅炉,2022,3212,铅锌冶炼,燃气锅炉,DA005,9,[]
SRC-RAW-C1C45E1100282D9038B0,范围外,2022,1311,稻谷加工,燃生物质锅炉,DA001,0,[]
SRC-RAW-52E07F5C31FBAB39185B,工业锅炉,2022,2221,机制纸及纸板制造,燃煤锅炉,DA001,9,[]
SRC-RAW-D91CF0ED2705080FFB57,范围外,2022,2221,机制纸及纸板制造,燃生物质锅炉,DA001,0,[]
SRC-RAW-798CE41CE8AE4445D745,工业锅炉,2022,2221,机制纸及纸板制造,燃煤锅炉,DA002,9,[]
SRC-RAW-F1E3277CC2B3CFF211F1,工业锅炉,2022,2221,机制纸及纸板制造,燃煤锅炉,DA001,9,[]
SRC-RAW-DBC3FBE50C6B3F270D61,范围外,2022,2021,胶合板制造,燃生物质锅炉,DA001,0,[]
SRC-RAW-7309FAC56FDEEE4A4AE7,范围外,2022,2021,胶合板制造,燃生物质锅炉,DA001,0,[]
SRC-RAW-C71646E60C278AB576F5,范围外,2022,2021,胶合板制造,燃生物质锅炉,DA001,0,[]
SRC-RAW-8F8A7FEE8298D98E8776,范围外,2022,2021,胶合板制造,燃生物质锅炉,DA001,0,[]
SRC-RAW-209F2BAC55575547F840,范围外,2022,2021,胶合板制造,燃生物质锅炉,DA001,0,[]
SRC-RAW-883CD7BB657BEC50853F,范围外,2022,2021,胶合板制造,燃生物质锅炉,DA001,0,[]
SRC-RAW-51B8983B8D05110F1797,工业锅炉,2022,1331,食用植物油加工,燃气锅炉,DA001,9,[]
SRC-RAW-09BBFEC1C24137077CF8,工业锅炉,2022,2740,中成药生产,燃气锅炉,DA001,9,[]
SRC-RAW-B602AB8EB411FAF8A97C,范围外,2022,1512,白酒制造,燃生物质锅炉,DA001,0,[]
SRC-RAW-728628A99F68765B2AE0,工业锅炉,2022,4220,非金属废料和碎屑加工处理,燃气锅炉,DA002,9,[]
SRC-RAW-FD36C799A3DA88B45710,范围外,2022,1495,食品及饲料添加剂制造,燃生物质锅炉,DA003,0,[]
SRC-RAW-A5B1DACBBC19C211C37F,工业锅炉,2022,1495,食品及饲料添加剂制造,燃气锅炉,DA004,9,[]
SRC-RAW-41F81AA4E0623B23C3DF,工业锅炉,2022,1712,棉织造加工,燃油锅炉,DA001,9,[]
SRC-RAW-4D8CF55D2F47A9E43E57,范围外,2022,1712,棉织造加工,燃生物质锅炉,DA001,0,[]
SRC-RAW-32C39E133B468DB07883,工业锅炉,2022,1712,棉织造加工,燃气锅炉,DA001,9,[]
SRC-RAW-06BD87E0A5BB2F01D670,范围外,2022,2221,机制纸及纸板制造,燃生物质锅炉,DA001,0,[]
SRC-RAW-3CAFCEC55D173A1ECDFB,范围外,2022,2221,机制纸及纸板制造,燃生物质锅炉,DA001,0,[]
SRC-RAW-37AAEA0EAF9F332B9EBD,工业锅炉,2022,2221,机制纸及纸板制造,燃油锅炉,DA001,9,[]
SRC-RAW-E7DB85FF512998E4050B,范围外,2022,3021,水泥制品制造,燃生物质锅炉,DA001,0,[]
SRC-RAW-19B02173B9BDBDA24043,火电热力,2022,4417,生物质能发电,燃生物质锅炉,DA001,9,[]
SRC-RAW-F1D793ABD3FE7FB31E9D,火电热力,2022,4417,生物质能发电,燃生物质锅炉,DA002,9,[]
SRC-RAW-E9113E77CE6243FF08E4,范围外,2022,2221,机制纸及纸板制造,燃生物质锅炉,DA001,0,[]
SRC-RAW-ED2DFC5FF1B8EBF65D91,工业锅炉,2022,1713,棉印染精加工,燃油锅炉,DA001,9,[]
SRC-RAW-403B6B904F9EDD18B930,范围外,2022,1421,糖果、巧克力制造,燃生物质锅炉,DA001,0,[]
SRC-RAW-2FAFAF6DC45033222C6C,范围外,2022,1761,针织或钩针编织物织造,燃生物质锅炉,DA001,0,[]
SRC-RAW-73914802A35B0C371DB5,范围外,2022,1761,针织或钩针编织物织造,燃生物质锅炉,DA001,0,[]
SRC-RAW-800344FA02DCE0D666B0,范围外,2022,1361,水产品冷冻加工,燃生物质锅炉,DA001,0,[]
SRC-RAW-A2A4AD38F0CA6D749C7A,范围外,2022,1432,速冻食品制造,燃生物质锅炉,DA001,0,[]
SRC-RAW-26864C8A46584C2EBEFB,范围外,2022,1432,速冻食品制造,燃生物质锅炉,DA001,0,[]
SRC-RAW-3FED5702793EBC59124F,火电热力,2022,4411,火力发电,燃煤锅炉,DA001,9,[]
SRC-RAW-8638EC6E8AF122B97D6A,火电热力,2022,4411,火力发电,燃煤锅炉,DA002,9,[]
SRC-RAW-A9B79E53EDDFDADB0001,火电热力,2022,4411,火力发电,燃煤锅炉,DA003,9,[]
SRC-RAW-2FD3C0B7571FF8A81961,火电热力,2022,4411,火力发电,燃煤锅炉,DA004,9,[]
SRC-RAW-8C5485AE8B4B236E32D1,范围外,2022,3021,水泥制品制造,燃生物质锅炉,DA001,0,[]
SRC-RAW-A77306A283947FDF1A68,范围外,2022,1761,针织或钩针编织物织造,燃生物质锅炉,DA001,0,[]
SRC-RAW-D0979C183F49770C9F6E,工业锅炉,2022,3670,汽车零部件及配件制造,燃气锅炉,DA001,9,[]
SRC-RAW-E70C20401A4B3EF996F3,范围外,2022,1722,毛织造加工,燃生物质锅炉,DA001,0,[]
SRC-RAW-20F39F86C4E04CC03545,范围外,2022,1713,棉印染精加工,燃生物质锅炉,DA007,0,[]
SRC-RAW-66A10D384FB006CAAA38,范围外,2022,1713,棉印染精加工,燃生物质锅炉,DA006,0,[]
SRC-RAW-3458348B3347E78EDD03,火电热力,2022,4417,生物质能发电,燃生物质锅炉,DA001,9,[]
SRC-RAW-4476EF5E040C13E5E4A7,火电热力,2022,4417,生物质能发电,燃生物质锅炉,DA002,9,[]
SRC-RAW-4B39582C04AB351BFEFE,火电热力,2022,4417,生物质能发电,燃生物质锅炉,DA003,9,[]
SRC-RAW-4A619F33E15E8000FC16,范围外,2022,2022,纤维板制造,燃生物质锅炉,DA001,0,[]
SRC-RAW-A370A811ACD69EEF8D2A,工业锅炉,2022,1811,运动机织服装制造,燃气锅炉,DA001,9,[]
SRC-RAW-C61D3C4A6715C7D08976,范围外,2022,2641,涂料制造,燃生物质锅炉,DA001,0,[]
SRC-RAW-6D63EB8BD2F17FA2F663,范围外,2022,1811,运动机织服装制造,燃生物质锅炉,DA001,0,[]
SRC-RAW-61734FBC4068A214DA2F,范围外,2022,1422,蜜饯制作,燃生物质锅炉,DA001,0,[]
SRC-RAW-5DD8916B496891A18FEE,工业锅炉,2022,1713,棉印染精加工,燃煤锅炉,DA001,9,[]
SRC-RAW-BE2999A8F9E6B8742D32,工业锅炉,2022,1713,棉印染精加工,燃煤锅炉,DA002,9,[]
SRC-RAW-E18FF30F3E908AAEF694,工业锅炉,2022,1713,棉印染精加工,燃煤锅炉,DA003,9,[]
SRC-RAW-106FC7F0357E81223574,范围外,2022,1713,棉印染精加工,燃生物质锅炉,DA005,0,[]
SRC-RAW-EA9B631E5E79CFB5F4FA,工业锅炉,2022,1830,服饰制造,燃煤锅炉,DA001,9,[]
SRC-RAW-0428BAB004D05C89DDC8,范围外,2022,1411,糕点、面包制造,燃生物质锅炉,DA001,0,[]
SRC-RAW-3DB749495812F79E0E63,范围外,2022,1819,其他机织服装制造,燃生物质锅炉,DA001,0,[]
SRC-RAW-20393DA3D28DEE7F75A4,范围外,2022,1513,啤酒制造,燃生物质锅炉,DA001,0,[]
SRC-RAW-3BE7D9BDE80C8AF6F455,范围外,2022,1782,绳、索、缆制造,燃生物质锅炉,DA001,0,[]
SRC-RAW-32FDC0060502605F4C77,范围外,2022,1782,绳、索、缆制造,燃生物质锅炉,DA001,0,[]
SRC-RAW-558E833BE3B9896AF0A4,范围外,2022,1782,绳、索、缆制造,燃生物质锅炉,DA001,0,[]
SRC-RAW-6F8BD76567A5200455CE,范围外,2022,1752,化纤织物染整精加工,,DA001,0,[]
SRC-RAW-F574BBC0ACB662843F0D,工业锅炉,2022,1723,毛染整精加工,燃气锅炉,DA001,9,[]
SRC-RAW-F2CD0ED2FBC974ABAE44,工业锅炉,2022,1723,毛染整精加工,燃气锅炉,DA001,9,[]
SRC-RAW-CC0A1384335212373E87,范围外,2022,1819,其他机织服装制造,燃生物质锅炉,DA001,0,[]
SRC-RAW-8E406970C7D6E230EFB1,范围外,2022,1819,其他机织服装制造,燃生物质锅炉,DA003,0,[]
SRC-RAW-4AB107CC788EDFB195C7,工业锅炉,2022,1819,其他机织服装制造,燃煤锅炉,DA001,9,[]
SRC-RAW-C37D2544AE2EC5F7A32B,范围外,2022,3389,其他金属制日用品制造,,DA001,0,[]
SRC-RAW-18EB4DB954549CCCC06E,范围外,2022,3352,建筑装饰及水暖管道零件制造,燃生物质锅炉,DA001,0,[]
SRC-RAW-254AB5A464BB831D8788,范围外,2022,2022,纤维板制造,燃生物质锅炉,DA001,0,[]
SRC-RAW-C4FC404DD0FD7646AA5E,范围外,2022,3082,云母制品制造,燃生物质锅炉,DA006,0,[]
SRC-RAW-0AF040EB2BC49FD36895,范围外,2022,3082,云母制品制造,,DA006,0,[]
SRC-RAW-3CE84EFE5438CA8FB4A0,火电热力,2022,4411,火力发电,燃煤锅炉,DA001,9,[]
SRC-RAW-F2AC45A6F890FFE96ABF,火电热力,2022,4411,火力发电,燃煤锅炉,DA002,9,[]
SRC-RAW-B394AEA737E732417FCD,范围外,2022,1329,其他饲料加工,燃生物质锅炉,DA001,0,[]
SRC-RAW-E3237394DBDF77B871D5,范围外,2022,4419,其他电力生产,燃生物质锅炉,DA001,0,[]
SRC-RAW-E53AD894FFF06A81812A,范围外,2022,4419,其他电力生产,燃生物质锅炉,DA002,0,[]
SRC-RAW-882C77A9192FB2B8D223,范围外,2022,4419,其他电力生产,燃生物质锅炉,DA003,0,[]
SRC-RAW-D47B7885922184F337F0,工业锅炉,2022,2239,其他纸制品制造,燃气锅炉,DA001,9,[]
SRC-RAW-112590082952AA576155,工业锅炉,2022,2110,木质家具制造,燃气锅炉,DA030,9,[]
SRC-RAW-82E52F87D63C9A15F3D1,工业锅炉,2022,3039,其他建筑材料制造,燃气锅炉,DA004,9,[]
SRC-RAW-9D2D3CCEFBE2883FB563,工业锅炉,2022,2239,其他纸制品制造,燃气锅炉,DA001,9,[]
SRC-RAW-22BA5A2282497EAD078C,火电热力,2022,4411,火力发电,燃煤锅炉,DA001,9,[]
SRC-RAW-C5503FD15062A20FAC67,火电热力,2022,4411,火力发电,燃煤锅炉,DA002,9,[]
SRC-RAW-B7600376533499B53C2E,工业锅炉,2022,1713,棉印染精加工,燃煤锅炉,DA001,9,[]
SRC-RAW-7145AA92B3322A4D1772,工业锅炉,2022,1830,服饰制造,燃气锅炉,DA001,9,[]
SRC-RAW-8B27D83B74D29F3D31AE,工业锅炉,2022,3872,照明灯具制造,燃气锅炉,DA014,9,[]
SRC-RAW-ED47F8F3233940DC4071,工业锅炉,2022,1819,其他机织服装制造,燃气锅炉,DA001,9,[]
SRC-RAW-FD5D897A41AAF315624C,工业锅炉,2022,4119,其他日用杂品制造,燃气锅炉,DA002,9,[]
SRC-RAW-94B2400969D9DEBB0992,工业锅炉,2022,1522,瓶（罐）装饮用水制造,燃气锅炉,DA001,9,[]
SRC-RAW-F78A382BFAC07564B287,工业锅炉,2022,1522,瓶（罐）装饮用水制造,燃气锅炉,DA002,9,[]
SRC-RAW-542778CFD8662E58422C,工业锅炉,2022,1522,瓶（罐）装饮用水制造,燃气锅炉,DA003,9,[]
SRC-RAW-52A3D1B19E4F910AC43A,工业锅炉,2022,1829,其他针织或钩针编织服装制造,燃气锅炉,DA001,9,[]
SRC-RAW-F2D81E85CD1326E9ABF9,工业锅炉,2022,1351,牲畜屠宰,燃气锅炉,DA001,9,[]
SRC-RAW-085C4E17126D861BBD8F,工业锅炉,2022,1819,其他机织服装制造,燃气锅炉,DA001,9,[]
SRC-RAW-E258D3EAA65B0B2F2FE1,工业锅炉,2022,1819,其他机织服装制造,燃气锅炉,DA001,9,[]
SRC-RAW-18919BD2B17E258716DC,工业锅炉,2022,1819,其他机织服装制造,燃气锅炉,DA001,9,[]
SRC-RAW-ABED7A65F2C7D1F64203,工业锅炉,2022,1819,其他机织服装制造,燃气锅炉,DA001,9,[]
SRC-RAW-D8B4062ABE2FF777978E,工业锅炉,2022,1819,其他机织服装制造,燃气锅炉,DA001,9,[]
SRC-RAW-5D32AE2BC4E56B3C1A78,工业锅炉,2022,1819,其他机织服装制造,燃气锅炉,DA001,9,[]
SRC-RAW-CA0A763E34A095E9EFE6,工业锅炉,2022,1819,其他机织服装制造,燃气锅炉,DA001,9,[]
SRC-RAW-FCEF7C750F89C047C10F,工业锅炉,2022,1819,其他机织服装制造,燃气锅炉,DA001,9,[]
SRC-RAW-1597D7192B91928C567C,工业锅炉,2022,1819,其他机织服装制造,燃气锅炉,DA001,9,[]
SRC-RAW-518A0EB0CBF1A6CD4F08,工业锅炉,2022,1529,茶饮料及其他饮料制造,燃气锅炉,DA004,9,[]
SRC-RAW-C307B9438A7003D96F28,工业锅炉,2022,1529,茶饮料及其他饮料制造,燃气锅炉,DA005,9,[]
SRC-RAW-3CAA12EEABB13F71BEE9,工业锅炉,2022,1352,禽类屠宰,燃气锅炉,DA004,9,[]
SRC-RAW-0C312A4EA2E22E53B8D0,火电热力,2022,4411,火力发电,燃煤锅炉,DA001,9,[]
SRC-RAW-D754FE900ADCABAF2D31,火电热力,2022,4411,火力发电,燃煤锅炉,DA002,9,[]
SRC-RAW-05EC067D132C6EC05F10,范围外,2022,3021,水泥制品制造,燃生物质锅炉,DA001,0,[]
SRC-RAW-FFB0E7437D9F08C1F929,范围外,2022,3021,水泥制品制造,燃生物质锅炉,DA001,0,[]
SRC-RAW-953D6BC6E01CC5EF3556,工业锅炉,2022,1431,米、面制品制造,燃煤锅炉,DA001,9,[]
SRC-RAW-F31A7A5192DFDA2A4ADF,工业锅炉,2022,1431,米、面制品制造,燃煤锅炉,DA001,9,[]
SRC-RAW-1C1F2A0C622268CF2ED0,范围外,2022,2021,胶合板制造,燃生物质锅炉,DA001,0,[]
SRC-RAW-0FBCF5F3AA6D6D0BBD6D,工业锅炉,2022,2710,化学药品原料药制造,燃油锅炉,DA001,9,[]
SRC-RAW-54FCEBC1A0E7EFF2B073,工业锅炉,2022,3029,其他水泥类似制品制造,燃油锅炉,DA003,9,[]
SRC-RAW-1037E52C697EB6CCE3E0,范围外,2022,2029,其他人造板制造,燃生物质锅炉,DA008,0,[]
SRC-RAW-28C025C19C003327A085,工业锅炉,2022,3099,其他非金属矿物制品制造,燃气锅炉,DA001,9,[]
SRC-RAW-728FC7518876112004D5,工业锅炉,2022,3099,其他非金属矿物制品制造,燃煤锅炉,DA001,9,[]
SRC-RAW-ED4B6607335ABCC8DE40,范围外,2022,3031,粘土砖瓦及建筑砌块制造,燃生物质锅炉,DA001,0,[]
SRC-RAW-EBDC3250A90849451A6D,工业锅炉,2022,3099,其他非金属矿物制品制造,燃气锅炉,DA003,9,[]
SRC-RAW-7DFFD694C7B5B4F656CF,工业锅炉,2022,2921,塑料薄膜制造,燃气锅炉,DA207,9,[]
SRC-RAW-80220A53588C41C3D95F,工业锅炉,2022,3099,其他非金属矿物制品制造,燃气锅炉,DA001,9,[]
SRC-RAW-FE2F78FD90A8FBE90072,工业锅炉,2022,3099,其他非金属矿物制品制造,燃气锅炉,DA001,9,[]
SRC-RAW-FF36B60FA049ECD848DD,工业锅炉,2022,3099,其他非金属矿物制品制造,燃气锅炉,DA001,17,[]
SRC-RAW-ACD197D7CFB14A292B2E,工业锅炉,2022,3031,粘土砖瓦及建筑砌块制造,燃气锅炉,DA001,9,[]
SRC-RAW-8F61560CE814856DEAEB,工业锅炉,2022,3252,铝压延加工,燃气锅炉,DA003,9,[]
SRC-RAW-7E697AF077FE388F3F99,工业锅炉,2022,1521,碳酸饮料制造,燃气锅炉,DA001,9,[]
SRC-RAW-A7BDE2B062AF293C8956,工业锅炉,2022,1431,米、面制品制造,燃气锅炉,DA007,9,[]
SRC-RAW-AFB00C54F51DFBB04DD6,工业锅炉,2022,1431,米、面制品制造,燃气锅炉,DA008,9,[]
SRC-RAW-DD868350CF7F78528A71,范围外,2022,3041,平板玻璃制造,余热利用锅炉,DA044,0,[]
SRC-RAW-028CC8C1288566508CEA,范围外,2022,3041,平板玻璃制造,余热利用锅炉,DA045,0,[]
SRC-RAW-FF35FCD5B7C97FCA5DA2,工业锅炉,2022,1433,方便面制造,燃煤锅炉,DA014,9,[]
SRC-RAW-60831A0838E5948B1385,范围外,2022,1752,化纤织物染整精加工,燃生物质锅炉,DA001,0,[]
SRC-RAW-F2E6920DCCF0B8148FE5,工业锅炉,2022,2929,塑料零件及其他塑料制品制造,燃气锅炉,DA001,9,[]
SRC-RAW-691542AE2A23EC2AAD8E,工业锅炉,2022,2929,塑料零件及其他塑料制品制造,燃气锅炉,DA002,9,[]
SRC-RAW-56F2FF7F2F4F51C83263,范围外,2022,1431,米、面制品制造,燃生物质锅炉,DA001,0,[]
SRC-RAW-9316531E09411817D2FA,范围外,2022,1352,禽类屠宰,燃生物质锅炉,DA001,0,[]
SRC-RAW-A8A36AC7C2A5167BE30A,工业锅炉,2022,1329,其他饲料加工,燃气锅炉,DA001,9,[]
SRC-RAW-7546F8C7D520AA961B52,工业锅炉,2022,1329,其他饲料加工,燃气锅炉,DA002,9,[]
SRC-RAW-F27CCA22277C2B144E2C,范围外,2022,1329,其他饲料加工,燃生物质锅炉,DA001,0,[]
SRC-RAW-6C417D043D5F355A46FF,范围外,2022,1499,其他未列明食品制造,燃生物质锅炉,DA001,0,[]
SRC-RAW-11E54B4B44FDCDB53A59,范围外,2022,2740,中成药生产,燃生物质锅炉,DA001,0,[]
SRC-RAW-57FCAD7CBB4DD9E42BA4,范围外,2022,4220,非金属废料和碎屑加工处理,燃生物质锅炉,DA001,0,[]
SRC-RAW-10A13A1E06AB380CB6A7,工业锅炉,2022,3021,水泥制品制造,燃煤锅炉,DA003,9,[]
SRC-RAW-D374030AB2314D664E08,工业锅炉,2022,3021,水泥制品制造,燃煤锅炉,DA004,9,[]
SRC-RAW-129F135EBADEDAB59D1A,工业锅炉,2022,1329,其他饲料加工,燃气锅炉,DA002,9,[]
SRC-RAW-EB2B235B7BC9DC74CF4D,工业锅炉,2022,1329,其他饲料加工,燃气锅炉,DA001,9,[]
SRC-RAW-08295FAC2B0B58D5B46C,范围外,2022,3389,其他金属制日用品制造,燃生物质锅炉,DA001,0,[]
SRC-RAW-7BA704BF6F91004BD76A,范围外,2022,1910,皮革鞣制加工,燃生物质锅炉,DA010,0,[]
SRC-RAW-DFEB03B84F6D6B549DC6,工业锅炉,2022,3389,其他金属制日用品制造,燃煤锅炉,DA001,9,[]
SRC-RAW-9E3007275EE615732365,范围外,2022,1830,服饰制造,,DA001,0,[]
SRC-RAW-5AF417DAD7D9C2ADB1A6,工业锅炉,2022,2022,纤维板制造,其他锅炉,DA001,9,[]
SRC-RAW-06559C1528FD9583174C,工业锅炉,2022,1713,棉印染精加工,燃煤锅炉,DA001,9,[]
SRC-RAW-E05DBE99EF6D3F68C70E,范围外,2022,1469,其他调味品、发酵制品制造,燃生物质锅炉,DA001,0,[]
SRC-RAW-BC4DE9A9512A7AE57926,工业锅炉,2022,1329,其他饲料加工,燃气锅炉,DA001,9,[]
SRC-RAW-B55C4CA8F394B9DB1698,工业锅炉,2022,1329,其他饲料加工,燃气锅炉,DA002,9,[]
SRC-RAW-EEA73E6C58A50A95BCA5,工业锅炉,2022,1329,其他饲料加工,燃气锅炉,DA003,9,[]
SRC-RAW-67C206280F4FE0046AEE,范围外,2022,2319,包装装潢及其他印刷,燃生物质锅炉,DA001,0,[]
SRC-RAW-57EA62FCA4857BF430C3,范围外,2022,1362,鱼糜制品及水产品干腌制加工,燃生物质锅炉,DA001,0,[]
SRC-RAW-E2367662EC1D50F1C001,工业锅炉,2022,1329,其他饲料加工,燃气锅炉,DA001,9,[]
SRC-RAW-ACF079645B7F475AACC0,范围外,2022,1329,其他饲料加工,燃生物质锅炉,DA001,0,[]
SRC-RAW-2412B332F64DC0E1EC18,范围外,2022,1830,服饰制造,燃生物质锅炉,DA001,0,[]
SRC-RAW-56FFD5E22D66E6292965,工业锅炉,2022,1329,其他饲料加工,燃气锅炉,DA002,9,[]
SRC-RAW-FCF28A0E6751182AEF64,工业锅炉,2022,1329,其他饲料加工,燃气锅炉,DA001,9,[]
SRC-RAW-69FBCB63B9D86A2B35C0,范围外,2022,1830,服饰制造,燃生物质锅炉,DA002,0,[]
SRC-RAW-966655D8C012AA333B62,工业锅炉,2022,1329,其他饲料加工,燃气锅炉,DA001,9,[]
SRC-RAW-87131147FFC99E503705,工业锅炉,2022,1329,其他饲料加工,燃气锅炉,DA001,9,[]
SRC-RAW-D4572E2B07FC911E6C1A,工业锅炉,2022,1361,水产品冷冻加工,燃油锅炉,DA001,9,[]
SRC-RAW-28006D9B72F41142F017,工业锅炉,2022,1362,鱼糜制品及水产品干腌制加工,燃气锅炉,DA001,9,[]
SRC-RAW-C2BE736B5CB2FADAA9BC,工业锅炉,2022,1331,食用植物油加工,燃煤锅炉,DA002,9,[]
SRC-RAW-B9E45D40CF107BE471AB,工业锅炉,2022,1331,食用植物油加工,燃油锅炉,DA004,9,[]
SRC-RAW-53B5837DAD8F9F15017F,火电热力,2022,4430,热力生产和供应,燃煤锅炉,DA001,9,[]
SRC-RAW-4BC4FFE0F212251429F2,工业锅炉,2022,1371,蔬菜加工,燃气锅炉,DA002,9,[]
SRC-RAW-4A8F10E9A5CBDEDA2F24,工业锅炉,2022,3360,金属表面处理及热处理加工,燃气锅炉,DA007,9,[]
SRC-RAW-BACB2D54D687F631C798,范围外,2022,2662,专项化学用品制造,燃生物质锅炉,DA001,0,[]
SRC-RAW-96840E5801D721030E8D,范围外,2022,1713,棉印染精加工,燃生物质锅炉,DA001,0,[]
SRC-RAW-247DEFAF2DC05C394359,范围外,2022,2039,软木制品及其他木制品制造,燃生物质锅炉,DA001,0,[]
SRC-RAW-1203345CDA190F29000A,范围外,2022,3389,其他金属制日用品制造,燃生物质锅炉,DA001,0,[]
SRC-RAW-308362E74FCB6F4841B5,范围外,2022,3389,其他金属制日用品制造,燃生物质锅炉,DA002,0,[]
SRC-RAW-332C83E317C3A4D513C9,范围外,2022,4220,非金属废料和碎屑加工处理,燃生物质锅炉,DA004,0,[]
SRC-RAW-13B1766844EC5478C05B,范围外,2022,1351,牲畜屠宰,燃生物质锅炉,DA001,0,[]
SRC-RAW-AFFEAACCBDE9660E445E,范围外,2022,1499,其他未列明食品制造,燃生物质锅炉,DA001,0,[]
SRC-RAW-3B3C96AD61C4AFA3F650,范围外,2022,1499,其他未列明食品制造,燃生物质锅炉,DA001,0,[]
SRC-RAW-F47CE6470E054794B782,范围外,2022,1513,啤酒制造,燃生物质锅炉,DA001,0,[]
SRC-RAW-A8F5DEDCDED1B328F355,范围外,2022,2022,纤维板制造,燃生物质锅炉,DA001,0,[]
SRC-RAW-CE62BC1C811530ED827F,范围外,2022,2231,纸和纸板容器制造,燃生物质锅炉,DA001,0,[]
SRC-RAW-72B220328E568B392487,范围外,2022,1830,服饰制造,燃生物质锅炉,DA001,0,[]
SRC-RAW-F21610157AF0303F2443,范围外,2022,1713,棉印染精加工,燃生物质锅炉,DA001,0,[]
SRC-RAW-4029A0649D80BED3A8AE,范围外,2022,1713,棉印染精加工,燃生物质锅炉,DA002,0,[]
SRC-RAW-BB003C10C44FBF8129AB,范围外,2022,1713,棉印染精加工,燃生物质锅炉,DA003,0,[]
SRC-RAW-BA802AB490ADBC8D182D,范围外,2022,1713,棉印染精加工,燃生物质锅炉,DA004,0,[]
SRC-RAW-5C72661470C194EB1DAE,范围外,2022,1819,其他机织服装制造,,DA001,0,[]
SRC-RAW-36E19DAF60FBAC319264,范围外,2022,4190,其他未列明制造业,燃生物质锅炉,DA001,0,[]
SRC-RAW-6E44A635583305FB9660,范围外,2022,3029,其他水泥类似制品制造,燃生物质锅炉,DA001,0,[]
SRC-RAW-6EDD16EA4CE3DF539411,工业锅炉,2022,1361,水产品冷冻加工,燃气锅炉,DA001,9,[]
SRC-RAW-45F5D81674F9B5BCB0BE,工业锅炉,2022,1361,水产品冷冻加工,燃气锅炉,DA002,9,[]
SRC-RAW-B932E96AC1F9B4FB2EB4,范围外,2022,2924,泡沫塑料制造,燃生物质锅炉,DA001,0,[]
SRC-RAW-B9447A49D51F3109D6F9,工业锅炉,2022,1462,酱油、食醋及类似制品制造,燃煤锅炉,DA001,9,[]
SRC-RAW-204B9276957F39BDC2B7,工业锅炉,2022,1462,酱油、食醋及类似制品制造,燃煤锅炉,DA002,9,[]
SRC-RAW-11477B8E3447367312EA,范围外,2022,1361,水产品冷冻加工,燃生物质锅炉,DA001,0,[]
SRC-RAW-F5CEF197FA5015DFDBDF,范围外,2022,1519,其他酒制造,燃生物质锅炉,DA001,0,[]
SRC-RAW-025DC4469A5FDDA07CF8,工业锅炉,2022,3021,水泥制品制造,燃煤锅炉,DA001,9,[]
SRC-RAW-00533932A04254ABB991,火电热力,2022,4411,火力发电,燃煤锅炉,DA001,9,[]
SRC-RAW-13051E02DF7384D16801,火电热力,2022,4411,火力发电,燃煤锅炉,DA002,9,[]
SRC-RAW-2E82EF5A72E3F09D05B5,火电热力,2022,4411,火力发电,燃煤锅炉,DA003,9,[]
SRC-RAW-5AD903B74FD95A0CB085,火电热力,2022,4411,火力发电,燃煤锅炉,DA004,9,[]
SRC-RAW-CE34D434EBB7A964698E,火电热力,2022,4411,火力发电,燃煤锅炉,DA005,9,[]
SRC-RAW-3896CD0BD2F11CDF01C1,火电热力,2022,4411,火力发电,燃煤锅炉,DA006,9,[]
SRC-RAW-1B4881D977EE2ADDA491,范围外,2022,1499,其他未列明食品制造,燃生物质锅炉,DA001,0,[]
SRC-RAW-F92D77C605782DB22F70,工业锅炉,2022,1329,其他饲料加工,燃气锅炉,DA001,9,[]
SRC-RAW-2AF08F238DF8F8400429,工业锅炉,2022,1469,其他调味品、发酵制品制造,燃气锅炉,DA001,9,[]
SRC-RAW-FE26685F69E80D55717B,范围外,2022,1329,其他饲料加工,燃生物质锅炉,DA001,0,[]
SRC-RAW-3B20521D0AC3503824DA,工业锅炉,2022,1469,其他调味品、发酵制品制造,燃气锅炉,DA001,9,[]
SRC-RAW-066928FB98DEC25CAB6E,工业锅炉,2022,1469,其他调味品、发酵制品制造,燃气锅炉,DA002,9,[]
SRC-RAW-DFD06267F3E172E6803B,范围外,2022,2049,草及其他制品制造,燃生物质锅炉,DA001,0,[]
SRC-RAW-3710F9FE02BBF8927B98,工业锅炉,2022,3011,水泥制造,燃煤锅炉,DA001,9,[]
SRC-RAW-342F853EC7503E87A9F4,范围外,2022,1512,白酒制造,燃生物质锅炉,DA001,0,[]
SRC-RAW-C7871EE0D7C55F2FCA07,工业锅炉,2022,3391,黑色金属铸造,燃气锅炉,DA005,9,[]
SRC-RAW-6B18AF1F101F47D764FA,工业锅炉,2022,2221,机制纸及纸板制造,燃煤锅炉,DA001,9,[]
SRC-RAW-AE7B4509136016638F9B,工业锅炉,2022,3130,钢压延加工,燃气锅炉,DA001,9,[]
SRC-RAW-020ACE31FC3AE6AD8C1E,工业锅炉,2022,3130,钢压延加工,燃气锅炉,DA001,9,[]
SRC-RAW-8BA6C0021F1DACE6673F,工业锅炉,2022,3130,钢压延加工,燃气锅炉,DA002,9,[]
SRC-RAW-38B1BEC2FB26872ECDB6,范围外,2022,3130,钢压延加工,,DA035,0,[]
SRC-RAW-5AFC754D2EF9765B598E,范围外,2022,2221,机制纸及纸板制造,燃生物质锅炉,DA001,0,[]
SRC-RAW-BF4FEC482CE9EE57B20E,范围外,2022,3031,粘土砖瓦及建筑砌块制造,燃生物质锅炉,DA001,0,[]
SRC-RAW-B0E54AECFEA8BF561D90,范围外,2022,2221,机制纸及纸板制造,燃生物质锅炉,DA001,0,[]
SRC-RAW-0A3DA610ABE9F7879F4A,工业锅炉,2022,2239,其他纸制品制造,燃煤锅炉,DA001,9,[]
SRC-RAW-05F6F1235A84940AABDB,工业锅炉,2022,2221,机制纸及纸板制造,燃煤锅炉,DA001,9,[]
SRC-RAW-BDFF93EDAF38A17F5277,范围外,2022,1752,化纤织物染整精加工,燃生物质锅炉,DA001,0,[]
SRC-RAW-BD2E2268CD1958B3D643,工业锅炉,2022,2221,机制纸及纸板制造,燃煤锅炉,DA001,9,[]
SRC-RAW-0F89FBDA8BDBAB5CBB68,范围外,2022,2740,中成药生产,燃生物质锅炉,DA001,0,[]
SRC-RAW-18E163A217CF0B5594F3,范围外,2022,2312,本册印制,燃生物质锅炉,DA001,0,[]
SRC-RAW-8D703D7D5DEF62F189F8,工业锅炉,2022,2022,纤维板制造,其他锅炉,DA001,9,[]
SRC-RAW-E8428428262257F4C865,范围外,2022,2619,其他基础化学原料制造,燃生物质锅炉,DA006,0,[]
SRC-RAW-41C09A8414270FC9E312,工业锅炉,2022,2619,其他基础化学原料制造,燃气锅炉,DA007,9,[]
SRC-RAW-8E7F1CA184A6A18D9477,工业锅炉,2022,2221,机制纸及纸板制造,燃煤锅炉,DA001,9,[]
SRC-RAW-6830D62F6C0243A02E4C,范围外,2022,1492,保健食品制造,燃生物质锅炉,DA001,0,[]
SRC-RAW-3342690726DCB1331B57,范围外,2022,1830,服饰制造,,DA001,0,[]
SRC-RAW-77C849D849CCC8DE6397,工业锅炉,2022,3392,有色金属铸造,燃气锅炉,DA001,9,[]
SRC-RAW-5F4D3EC1AE40843FD548,工业锅炉,2022,3392,有色金属铸造,燃气锅炉,DA001,9,[]
SRC-RAW-4429B2ABC9ECA0F3B37D,工业锅炉,2022,3392,有色金属铸造,燃气锅炉,DA001,9,[]
SRC-RAW-1B28FECB5613162B45CE,工业锅炉,2022,2021,胶合板制造,燃气锅炉,DA001,9,[]
SRC-RAW-3E9A967CF533BF5F6EA6,工业锅炉,2022,2021,胶合板制造,燃气锅炉,DA001,9,[]
SRC-RAW-32D5CD42D21E9AB6FE99,工业锅炉,2022,2021,胶合板制造,燃气锅炉,DA001,9,[]
SRC-RAW-5B085945BEF295AF4316,工业锅炉,2022,2021,胶合板制造,燃气锅炉,DA001,9,[]
SRC-RAW-FC14BF94CAF077C0CE30,工业锅炉,2022,1340,制糖业,燃气锅炉,DA001,9,[]
SRC-RAW-B1F1C1E743C912A9F498,工业锅炉,2022,1512,白酒制造,燃油锅炉,DA001,9,[]
SRC-RAW-BB3FA8DEC05791369602,工业锅炉,2022,1512,白酒制造,燃油锅炉,DA002,9,[]
SRC-RAW-B53CD0C28F400BAC487A,工业锅炉,2022,3099,其他非金属矿物制品制造,燃油锅炉,DA002,9,[]
SRC-RAW-368D7FB388A0298032FA,火电热力,2022,4417,生物质能发电,燃气轮机,DA001,9,[]
SRC-RAW-D25AD20A8B56B767D243,火电热力,2022,4417,生物质能发电,燃气轮机,DA002,9,[]
SRC-RAW-BAC8D072C1CFEEEBFC98,火电热力,2022,4417,生物质能发电,燃气轮机,DA003,9,[]
SRC-RAW-46C69BBEFC26F7AFD383,火电热力,2022,4417,生物质能发电,燃气轮机,DA004,9,[]
SRC-RAW-8D3BA033908316F5E829,火电热力,2022,4417,生物质能发电,燃气轮机,DA005,9,[]
SRC-RAW-57D9282FF4DB93DA0B28,工业锅炉,2022,2929,塑料零件及其他塑料制品制造,燃气锅炉,DA004,9,[]
SRC-RAW-86D92D6F395BAB605153,工业锅炉,2022,1713,棉印染精加工,燃煤锅炉,DA001,9,[]
SRC-RAW-85C6A2F253D792E965A9,工业锅炉,2022,2682,化妆品制造,燃气锅炉,DA548,9,[]
SRC-RAW-56650747D46EE4CA4DA2,工业锅炉,2022,2661,化学试剂和助剂制造,燃气锅炉,DA014,9,[]
SRC-RAW-36BD396B6242DE29D5A6,工业锅炉,2022,2669,其他专用化学产品制造,燃油锅炉,DA003,9,[]
SRC-RAW-A08139FC4EC4BBBF2BC3,工业锅炉,2022,1353,肉制品及副产品加工,燃气锅炉,DA001,9,[]
SRC-RAW-F61961A88E202DAB0AD2,工业锅炉,2022,2925,塑料人造革、合成革制造,燃气锅炉,DA009,9,[]
SRC-RAW-44BE7D6FFF6F7D4D0527,范围外,2022,2924,泡沫塑料制造,燃生物质锅炉,DA001,0,[]
SRC-RAW-F78F433665860063DCC0,工业锅炉,2022,2925,塑料人造革、合成革制造,燃气锅炉,DA004,9,[]
SRC-RAW-9096CF8924F6A6C72E0C,范围外,2022,2925,塑料人造革、合成革制造,燃生物质锅炉,DA006,0,[]
SRC-RAW-318DC61D993E49CBA722,范围外,2022,2925,塑料人造革、合成革制造,燃生物质锅炉,DA004,0,[]
SRC-RAW-8BC913E199EF76710FB4,工业锅炉,2022,1910,皮革鞣制加工,燃气锅炉,DA001,9,[]
SRC-RAW-84257714B61F0C15839A,工业锅炉,2022,1910,皮革鞣制加工,燃气锅炉,DA001,9,[]
SRC-RAW-2D0EDE6D8D1BCDB4E1A1,工业锅炉,2022,2761,生物药品制造,燃气锅炉,DA001,9,[]
SRC-RAW-4F91660298C58C3B28E7,工业锅炉,2022,2761,生物药品制造,燃气锅炉,DA009,9,[]
SRC-RAW-4AA981F5CBF2B1DC0EF0,工业锅炉,2022,2761,生物药品制造,燃气锅炉,DA010,9,[]
SRC-RAW-9BD4849B5ACEEB6E68C7,工业锅炉,2022,2925,塑料人造革、合成革制造,燃气锅炉,DA002,9,[]
SRC-RAW-202419D94C8869154A80,工业锅炉,2022,2614,有机化学原料制造,燃气锅炉,DA001,9,[]
SRC-RAW-8B3170E9D35242331AC5,工业锅炉,2022,2614,有机化学原料制造,燃气锅炉,DA002,9,[]
SRC-RAW-9A53F1496C4AA9E0633B,工业锅炉,2022,3021,水泥制品制造,燃气锅炉,DA001,9,[]
SRC-RAW-58D0F83DAAAAE0919299,工业锅炉,2022,3021,水泥制品制造,燃气锅炉,DA001,9,[]
SRC-RAW-5406B83673914F3FA854,工业锅炉,2022,3031,粘土砖瓦及建筑砌块制造,燃气锅炉,DA001,9,[]
SRC-RAW-710B0E09A7888FD03909,工业锅炉,2022,1752,化纤织物染整精加工,燃气锅炉,DA001,9,[]
SRC-RAW-483F93150D2DBDDD17FC,工业锅炉,2022,2641,涂料制造,燃气锅炉,DA006,9,[]
SRC-RAW-0CB60526317D6E8E2B66,工业锅炉,2022,2925,塑料人造革、合成革制造,燃气锅炉,DA009,9,[]
SRC-RAW-4D74D83D3A78DC079B81,工业锅炉,2022,2925,塑料人造革、合成革制造,燃气锅炉,DA010,9,[]
SRC-RAW-4120209A63E548828F7C,范围外,2022,2925,塑料人造革、合成革制造,燃生物质锅炉,DA008,0,[]
SRC-RAW-9F1F39831D08E2D0FEA4,工业锅炉,2022,2925,塑料人造革、合成革制造,燃气锅炉,DA009,9,[]
SRC-RAW-551F0ECE7B0327B063C5,工业锅炉,2022,2925,塑料人造革、合成革制造,燃气锅炉,DA009,9,[]
SRC-RAW-E58AF6C95B4A70C07797,工业锅炉,2022,1441,液体乳制造,燃气锅炉,DA001,9,[]
SRC-RAW-E8CD9FB44879B4BDB01F,范围外,2022,2651,初级形态塑料及合成树脂制造,,DA003,0,[]
SRC-RAW-47572C405BD18B9D2235,工业锅炉,2022,2661,化学试剂和助剂制造,燃油锅炉,DA001,9,[]
SRC-RAW-39304672C41BB5777B27,范围外,2022,2022,纤维板制造,燃生物质锅炉,DA001,0,[]
SRC-RAW-AB08AAD2BBFED9AD702C,范围外,2022,1713,棉印染精加工,燃生物质锅炉,DA001,0,[]
SRC-RAW-CC987C659A700AD22133,范围外,2022,1713,棉印染精加工,燃生物质锅炉,DA001,0,[]
SRC-RAW-B0619F72915436C328AB,工业锅炉,2022,1713,棉印染精加工,燃气锅炉,DA001,9,[]
SRC-RAW-6C3D93A564D4443A1CDB,工业锅炉,2022,1819,其他机织服装制造,燃气锅炉,DA001,9,[]
SRC-RAW-D595E5D7DC275E696236,工业锅炉,2022,2925,塑料人造革、合成革制造,燃气锅炉,DA019,9,[]
SRC-RAW-2F0645EEDD86B39E7FD6,工业锅炉,2022,2925,塑料人造革、合成革制造,燃气锅炉,DA020,9,[]
SRC-RAW-A6AC1C419E404AAB5C3B,工业锅炉,2022,4190,其他未列明制造业,燃油锅炉,DA003,9,[]
SRC-RAW-C11B060FF371EF84341B,工业锅炉,2022,3843,铅蓄电池制造,燃气锅炉,DA007,9,[]
SRC-RAW-42641097AF253E1615D3,工业锅炉,2022,2911,轮胎制造,燃煤锅炉,DA006,9,[]
SRC-RAW-F4542B8FB8254D8AA570,工业锅炉,2022,2641,涂料制造,燃油锅炉,DA004,9,[]
SRC-RAW-26C8BF5EA440B6A43E6D,工业锅炉,2022,2924,泡沫塑料制造,燃煤锅炉,DA001,9,[]
SRC-RAW-95ADE5B9BB02C62FFB94,工业锅炉,2022,3061,玻璃纤维及制品制造,燃气锅炉,DA012,9,[]
SRC-RAW-0121B5602E28A3313A92,工业锅炉,2022,3982,电子电路制造,燃气锅炉,DA009,9,[]
SRC-RAW-1A7416B593E4F2D1EE56,火电热力,2022,4430,热力生产和供应,燃气锅炉,DA001,9,[]
SRC-RAW-E3072B8F8C47C7FFC18A,火电热力,2022,4430,热力生产和供应,燃气锅炉,DA001,9,[]
SRC-RAW-4D45D4350F1B4E9C09C3,工业锅炉,2022,3211,铜冶炼,燃气锅炉,DA006,9,[]
SRC-RAW-2FE94DE7F727D940DEE8,工业锅炉,2022,3211,铜冶炼,燃气锅炉,DA006,9,[]
SRC-RAW-F2955CCD88C233AD1C5C,工业锅炉,2022,2912,橡胶板、管、带制造,燃气锅炉,DA004,9,[]
SRC-RAW-01D9AB2CDF4A1670CD27,工业锅炉,2022,1910,皮革鞣制加工,燃气锅炉,DA001,9,[]
SRC-RAW-DE6CF0F339F6A281C8E7,工业锅炉,2022,1929,其他皮革制品制造,燃气锅炉,DA002,9,[]
SRC-RAW-FF4FDD3FE6D694ABFB68,工业锅炉,2022,1929,其他皮革制品制造,燃气锅炉,DA002,9,[]
SRC-RAW-14C9DB656F37F9BAB492,工业锅炉,2022,1929,其他皮革制品制造,燃气锅炉,DA002,9,[]
SRC-RAW-EF9AA0E4ECFE0E125DE0,工业锅炉,2022,2651,初级形态塑料及合成树脂制造,燃气锅炉,DA002,9,[]
SRC-RAW-76B58836535B9B0D5F34,工业锅炉,2022,2762,基因工程药物和疫苗制造,燃气锅炉,DA002,9,[]
SRC-RAW-9F7C018D9F308C895486,工业锅炉,2022,2925,塑料人造革、合成革制造,燃气锅炉,DA006,9,[]
SRC-RAW-8C7EE0722C1D117A4BCC,范围外,2022,2929,塑料零件及其他塑料制品制造,燃生物质锅炉,DA014,0,[]
SRC-RAW-1FBE1106E95C47686EE2,工业锅炉,2022,2720,化学药品制剂制造,燃气锅炉,DA001,9,[]
SRC-RAW-33C76623DC2D62A0B005,工业锅炉,2022,2720,化学药品制剂制造,燃气锅炉,DA002,9,[]
SRC-RAW-820B679ABEF8EE9BB1C0,工业锅炉,2022,2641,涂料制造,燃气锅炉,DA005,9,[]
SRC-RAW-96B4DCAD693CACAFDDB0,工业锅炉,2022,2822,涤纶纤维制造,燃气锅炉,DA002,9,[]
SRC-RAW-69BE425FB14237D14D4F,工业锅炉,2022,2925,塑料人造革、合成革制造,燃气锅炉,DA005,9,[]
SRC-RAW-BCA92445D612DD2A747A,工业锅炉,2022,1352,禽类屠宰,燃气锅炉,DA004,9,[]
SRC-RAW-61716C82811D73C883C0,工业锅炉,2022,1352,禽类屠宰,燃气锅炉,DA004,9,[]
SRC-RAW-26DEDB3969C398E2B1FF,工业锅炉,2022,2661,化学试剂和助剂制造,燃气锅炉,DA001,9,[]
SRC-RAW-B489222605488C21FC3D,工业锅炉,2022,1372,食用菌加工,燃油锅炉,DA001,9,[]
SRC-RAW-78D3BC298F6AC43A9719,工业锅炉,2022,1372,食用菌加工,燃油锅炉,DA002,9,[]
SRC-RAW-40EE6F46F56109589876,工业锅炉,2022,1953,塑料鞋制造,燃气锅炉,DA001,9,[]
SRC-RAW-AF828E9FE765DD8EDEB2,工业锅炉,2022,2643,工业颜料制造,燃气锅炉,DA005,9,[]
SRC-RAW-B244EBAFC805C7C14817,工业锅炉,2022,2643,工业颜料制造,燃气锅炉,DA005,9,[]
SRC-RAW-E699A566BA0C2AE488C2,工业锅炉,2022,1529,茶饮料及其他饮料制造,燃气锅炉,DA001,9,[]
SRC-RAW-8609D61ABDBC02DD79DF,工业锅炉,2022,1752,化纤织物染整精加工,燃煤锅炉,DA001,9,[]
SRC-RAW-09C6CCAF8D6A8EDED319,工业锅炉,2022,2661,化学试剂和助剂制造,燃气锅炉,DA001,9,[]
SRC-RAW-8898856972BCAB6DB4E8,工业锅炉,2022,3033,防水建筑材料制造,燃气锅炉,DA002,9,[]
SRC-RAW-6BBB6246129B49B9361A,工业锅炉,2022,1752,化纤织物染整精加工,燃油锅炉,DA001,9,[]
SRC-RAW-A3FC89857B3DA6406DD0,范围外,2022,2661,化学试剂和助剂制造,燃生物质锅炉,DA001,0,[]
SRC-RAW-F914A616C8E55FEF753E,范围外,2022,2022,纤维板制造,燃生物质锅炉,DA001,0,[]
SRC-RAW-117B6B78C90DA85F3121,工业锅炉,2022,1959,其他制鞋业,燃气锅炉,DA066,9,[]
SRC-RAW-EEB8D640797C27A781C5,工业锅炉,2022,1959,其他制鞋业,燃气锅炉,DA066,9,[]
SRC-RAW-BC0F03727CF8B2A2F2A0,范围外,2022,3219,其他常用有色金属冶炼,燃生物质锅炉,DA001,0,[]
SRC-RAW-C374A27CA6F611F35974,范围外,2022,3219,其他常用有色金属冶炼,燃生物质锅炉,DA002,0,[]
SRC-RAW-CE9833E122537558B8B4,范围外,2022,3219,其他常用有色金属冶炼,燃生物质锅炉,DA001,0,[]
SRC-RAW-7CCB6E696613130D76D7,工业锅炉,2022,1959,其他制鞋业,燃气锅炉,DA014,9,[]
SRC-RAW-0FBF1AE64486BC41E2E2,工业锅炉,2022,1959,其他制鞋业,燃气锅炉,DA014,9,[]
SRC-RAW-73E4E4285CE8E22F1836,工业锅炉,2022,3211,铜冶炼,燃油锅炉,DA005,9,[]
SRC-RAW-8A2155AB0C0925900357,范围外,2022,1713,棉印染精加工,燃生物质锅炉,DA001,0,[]
SRC-RAW-D9E37F4156943AA47187,工业锅炉,2022,2661,化学试剂和助剂制造,燃油锅炉,DA001,9,[]
SRC-RAW-C0F7F4B28DF812E60FBA,范围外,2022,1329,其他饲料加工,,DA001,0,[]
SRC-RAW-82E86066753F19EEADF3,工业锅炉,2022,1329,其他饲料加工,燃气锅炉,DA001,9,[]
SRC-RAW-4FEA934F8F98FC5589B9,工业锅炉,2022,2021,胶合板制造,其他锅炉,DA001,9,[]
SRC-RAW-41263A134690B5867249,工业锅炉,2022,2021,胶合板制造,其他锅炉,DA002,9,[]
SRC-RAW-6246BE15DB6A063E12E1,工业锅炉,2022,2021,胶合板制造,其他锅炉,DA003,9,[]
SRC-RAW-0895632A86EED5D40752,工业锅炉,2022,1329,其他饲料加工,燃气锅炉,DA001,9,[]
SRC-RAW-978E78DC0AC5A1A82FE9,工业锅炉,2022,2021,胶合板制造,燃气锅炉,DA001,9,[]
SRC-RAW-C16414F3F027F3E52E2B,工业锅炉,2022,2021,胶合板制造,燃气锅炉,DA001,9,[]
SRC-RAW-FFB2E4B9038109A5C3DF,工业锅炉,2022,2021,胶合板制造,燃气锅炉,DA001,9,[]
SRC-RAW-30176F7B6938ADFEBE23,范围外,2022,4520,生物质燃气生产和供应业,燃气锅炉,DA002,0,[]
SRC-RAW-228287CEAB7F44D7EA64,范围外,2022,4520,生物质燃气生产和供应业,燃气锅炉,DA003,0,[]
SRC-RAW-BAD4C61295079E328A75,范围外,2022,4520,生物质燃气生产和供应业,燃生物质锅炉,DA002,0,[]
SRC-RAW-7B4BC8539352DD563012,火电热力,2022,4430,热力生产和供应,燃煤锅炉,DA001,9,[]
SRC-RAW-39F79DE3E1F2B10AD763,火电热力,2022,4430,热力生产和供应,燃煤锅炉,DA001,9,[]
SRC-RAW-179DE2302B7639EA7357,火电热力,2022,4430,热力生产和供应,燃煤锅炉,DA001,9,[]
SRC-RAW-3C2BFE2821CAF6CED5D7,火电热力,2022,4430,热力生产和供应,燃煤锅炉,DA001,9,[]
SRC-RAW-368E6E56A5EF575C661A,工业锅炉,2022,1329,其他饲料加工,燃气锅炉,DA006,9,[]
SRC-RAW-3EB376C5BB9CE6B86B22,工业锅炉,2022,1329,其他饲料加工,燃气锅炉,DA006,9,[]
SRC-RAW-CF8FB41A911B44A04E24,工业锅炉,2022,3021,水泥制品制造,燃气锅炉,DA001,9,[]
SRC-RAW-D5C7085FD645AD7428D7,工业锅炉,2022,2927,日用塑料制品制造,燃煤锅炉,DA004,9,[]
SRC-RAW-38FE208766B1AB83868A,工业锅炉,2022,3333,金属包装容器及材料制造,燃气锅炉,DA003,9,[]
SRC-RAW-1DF4565635A9C550810E,工业锅炉,2022,1529,茶饮料及其他饮料制造,燃气锅炉,DA001,9,[]
SRC-RAW-BF0837CDD836C0EF322B,工业锅炉,2022,1529,茶饮料及其他饮料制造,燃气锅炉,DA002,9,[]
SRC-RAW-91FD04B171830099D450,工业锅炉,2022,3464,制冷、空调设备制造,燃油锅炉,DA403,9,[]
SRC-RAW-1BB88A51E2EF7D2A85F3,工业锅炉,2022,3251,铜压延加工,燃煤锅炉,DA001,9,[]
SRC-RAW-92298738751CA446F7FC,工业锅炉,2022,3251,铜压延加工,燃煤锅炉,DA001,9,[]
SRC-RAW-CABDFDEAF8733EAD625C,工业锅炉,2022,1713,棉印染精加工,燃煤锅炉,DA025,9,[]
SRC-RAW-160282C53287E4BC8DD3,工业锅炉,2022,1713,棉印染精加工,燃煤锅炉,DA025,9,[]
SRC-RAW-D990A4C88131D6C7DE52,范围外,2022,1713,棉印染精加工,,DA003,0,[]
SRC-RAW-B7E708DF866D48239EEC,范围外,2022,1713,棉印染精加工,,DA025,0,[]
SRC-RAW-8AF6D32E41945CB0B717,范围外,2022,1713,棉印染精加工,,DA025,0,[]
SRC-RAW-B186FE87FB747B3754C6,工业锅炉,2022,1529,茶饮料及其他饮料制造,燃煤锅炉,DA241,9,[]
SRC-RAW-E64D8F17B7357640302C,工业锅炉,2022,1529,茶饮料及其他饮料制造,燃煤锅炉,DA241,9,[]
SRC-RAW-FC36C2551BC36BAC742B,工业锅炉,2022,3985,电子专用材料制造,燃气锅炉,DA004,9,[]
SRC-RAW-AE084D5862E254C8BDD7,工业锅炉,2022,3985,电子专用材料制造,燃气锅炉,DA006,9,[]
SRC-RAW-C5108CDCAE2E015825C7,工业锅炉,2022,3985,电子专用材料制造,燃气锅炉,DA006,9,[]
SRC-RAW-E348BB5E105793A1C4B3,工业锅炉,2022,3985,电子专用材料制造,燃气锅炉,DA006,9,[]
SRC-RAW-D7B908699C56CDB87422,工业锅炉,2022,3985,电子专用材料制造,燃气锅炉,DA005,9,[]
SRC-RAW-1EC1B3A7BDEBCBDC0B18,工业锅炉,2022,1752,化纤织物染整精加工,燃煤锅炉,DA007,9,[]
SRC-RAW-B6BC009B5BBFD59FD425,工业锅炉,2022,2929,塑料零件及其他塑料制品制造,燃气锅炉,DA006,9,[]
SRC-RAW-555AC0E83B21D681E350,工业锅炉,2022,1713,棉印染精加工,燃煤锅炉,DA002,9,[]
SRC-RAW-9BB4071A4F3FCB9C5BCD,工业锅炉,2022,2645,染料制造,燃气锅炉,DA001,9,[]
SRC-RAW-B86236186E12F46DFB97,工业锅炉,2022,1723,毛染整精加工,燃煤锅炉,DA007,9,[]
SRC-RAW-1C9F4318707277E8E2CA,范围外,2022,1723,毛染整精加工,,DA008,0,[]
SRC-RAW-C01D2FC1F4300560D675,范围外,2022,1723,毛染整精加工,,DA008,0,[]
SRC-RAW-638885D6514352378C6A,范围外,2022,3021,水泥制品制造,燃生物质锅炉,DA001,0,[]
SRC-RAW-237F304F694BC6F0B2B3,范围外,2022,1462,酱油、食醋及类似制品制造,燃生物质锅炉,DA001,0,[]
SRC-RAW-1735747D80A155BFEB3F,范围外,2022,1432,速冻食品制造,燃生物质锅炉,DA001,0,[]
SRC-RAW-E0ADFC8E4858D3858711,火电热力,2022,4417,生物质能发电,燃生物质锅炉,DA003,9,[]
SRC-RAW-440F3ECCAE0DC6816F0D,火电热力,2022,4417,生物质能发电,燃生物质锅炉,DA003,9,[]
SRC-RAW-567469B6C14722E901FA,范围外,2022,2021,胶合板制造,燃生物质锅炉,DA002,0,[]
SRC-RAW-98E35115D3320CE87397,工业锅炉,2022,1329,其他饲料加工,燃气锅炉,DA001,9,[]
SRC-RAW-FD4B863F65E402FDD564,工业锅炉,2022,3031,粘土砖瓦及建筑砌块制造,燃煤锅炉,DA001,9,[]
SRC-RAW-865D9817DE80D539D687,范围外,2022,2613,无机盐制造,燃生物质锅炉,DA001,0,[]
SRC-RAW-542B3513E63154D16D1D,工业锅炉,2022,1469,其他调味品、发酵制品制造,燃煤锅炉,DA009,9,[]
SRC-RAW-02697E2FE98C77B87E94,范围外,2022,1469,其他调味品、发酵制品制造,燃生物质锅炉,DA010,0,[]
SRC-RAW-E40ACDE71839A4AE4E29,范围外,2022,2613,无机盐制造,燃生物质锅炉,DA001,0,[]
SRC-RAW-373A8E4918264F073404,范围外,2022,1512,白酒制造,燃生物质锅炉,DA001,0,[]
SRC-RAW-4CB5C226695733B6A545,范围外,2022,1392,豆制品制造,燃生物质锅炉,DA001,0,[]
SRC-RAW-3849744CF35680D69899,工业锅炉,2022,2643,工业颜料制造,燃煤锅炉,DA001,9,[]
SRC-RAW-9B1503304022BD8F5271,工业锅炉,2022,2641,涂料制造,燃气锅炉,DA004,9,[]
SRC-RAW-107E66457B290A66896E,工业锅炉,2022,2641,涂料制造,燃气锅炉,DA007,9,[]
SRC-RAW-F2F8DADCB1D987405BE4,工业锅炉,2022,2614,有机化学原料制造,燃气锅炉,DA001,9,[]
SRC-RAW-378A0F9988A42417514E,范围外,2022,2641,涂料制造,,DA006,0,[]
SRC-RAW-AB516FA9110B4F49D108,工业锅炉,2022,1351,牲畜屠宰,燃油锅炉,DA001,9,[]
SRC-RAW-0C7F63734FD5691ADE31,工业锅炉,2022,1351,牲畜屠宰,燃油锅炉,DA001,9,[]
SRC-RAW-6DF98CE5EF2C12FF9314,工业锅炉,2022,2925,塑料人造革、合成革制造,燃气锅炉,DA009,9,[]
SRC-RAW-D3CD451518F39C158D31,工业锅炉,2022,2662,专项化学用品制造,燃气锅炉,DA002,9,[]
SRC-RAW-02789BCCC8D9114960B9,范围外,2022,2651,初级形态塑料及合成树脂制造,,DA002,0,[]
SRC-RAW-0490BAAC3E02B5F1FC22,工业锅炉,2022,2624,复混肥料制造,燃气锅炉,DA001,9,[]
SRC-RAW-18D7E919F7702C9BE853,工业锅炉,2022,2922,塑料板、管、型材制造,燃气锅炉,DA001,9,[]
SRC-RAW-986397160354A344E9B5,工业锅炉,2022,2641,涂料制造,燃气锅炉,DA005,9,[]
SRC-RAW-E2617F195B32E35F912D,工业锅炉,2022,2651,初级形态塑料及合成树脂制造,燃气锅炉,DA005,9,[]
SRC-RAW-D5D0170C0A24F1997AD9,工业锅炉,2022,2651,初级形态塑料及合成树脂制造,燃气锅炉,DA002,9,[]
SRC-RAW-1325ADBEA0D8A1BFF7C7,工业锅炉,2022,3033,防水建筑材料制造,燃气锅炉,DA001,9,[]
SRC-RAW-1FE2FCBBE02A85BCE7CE,工业锅炉,2022,3033,防水建筑材料制造,燃气锅炉,DA001,9,[]
SRC-RAW-06E55439634124AB5EF1,工业锅炉,2022,2669,其他专用化学产品制造,燃油锅炉,DA002,9,[]
SRC-RAW-0017158B48D71BDA30D7,范围外,2022,3392,有色金属铸造,燃生物质锅炉,DA001,0,[]
SRC-RAW-581D9DB0EE9A28238395,工业锅炉,2022,2666,环境污染处理专用药剂材料制造,燃油锅炉,DA002,9,[]
SRC-RAW-54458C5D1C2B139E9B70,工业锅炉,2022,1329,其他饲料加工,燃气锅炉,DA001,9,[]
SRC-RAW-CF1366157DFB87A39579,工业锅炉,2022,2925,塑料人造革、合成革制造,燃气锅炉,DA001,9,[]
SRC-RAW-1809F17B07D351D516C3,工业锅炉,2022,2925,塑料人造革、合成革制造,燃气锅炉,DA001,9,[]
SRC-RAW-D95F9FB0340E632FC61F,工业锅炉,2022,2641,涂料制造,燃气锅炉,DA005,9,[]
SRC-RAW-7C1290C7B0BFB34ABEF8,工业锅炉,2022,2651,初级形态塑料及合成树脂制造,燃气锅炉,DA002,9,[]
SRC-RAW-77DB23F913E94C680EDD,工业锅炉,2022,2651,初级形态塑料及合成树脂制造,燃气锅炉,DA002,9,[]
SRC-RAW-A714119231352C3701CC,工业锅炉,2022,3120,炼钢,其他锅炉,DA023,9,[]
SRC-RAW-5AD00ACC070C40BA8C57,工业锅炉,2022,2641,涂料制造,燃油锅炉,DA001,9,[]
SRC-RAW-E9B025C284FF713353DE,工业锅炉,2022,2614,有机化学原料制造,燃气锅炉,DA002,9,[]
SRC-RAW-F434E28EA134CE062D18,工业锅炉,2022,2661,化学试剂和助剂制造,燃气锅炉,DA001,9,[]
SRC-RAW-F16F3E3B477FFFA96A55,工业锅炉,2022,2641,涂料制造,燃气锅炉,DA002,9,[]
SRC-RAW-3B13F65A0E4075722C8F,工业锅炉,2022,2651,初级形态塑料及合成树脂制造,燃油锅炉,DA002,9,[]
SRC-RAW-7CB08E19975D23C2E306,工业锅炉,2022,2651,初级形态塑料及合成树脂制造,燃油锅炉,DA003,9,[]
SRC-RAW-FEAE12D46BB1021E6727,工业锅炉,2022,2641,涂料制造,燃气锅炉,DA001,9,[]
SRC-RAW-5EE33DD9C84DBAC1C218,范围外,2022,2663,林产化学产品制造,燃生物质锅炉,DA001,0,[]
SRC-RAW-CF269C27415335EE681D,范围外,2022,2663,林产化学产品制造,燃生物质锅炉,DA001,0,[]
SRC-RAW-34289F2CCB4FE1F7460B,工业锅炉,2022,2661,化学试剂和助剂制造,燃气锅炉,DA008,9,[]
SRC-RAW-D99B12B6D615A14FAD66,范围外,2022,1495,食品及饲料添加剂制造,燃生物质锅炉,DA001,0,[]
SRC-RAW-B6C860326E46A79FD296,工业锅炉,2022,1495,食品及饲料添加剂制造,燃气锅炉,DA001,9,[]
SRC-RAW-476B23B7AFF52F0D0172,工业锅炉,2022,2641,涂料制造,燃气锅炉,DA001,9,[]
SRC-RAW-96F89BB14FF518ACFB9B,工业锅炉,2022,2651,初级形态塑料及合成树脂制造,燃气锅炉,DA003,9,[]
SRC-RAW-32F4561AA7523CA7DE45,工业锅炉,2022,2651,初级形态塑料及合成树脂制造,燃气锅炉,DA003,9,[]
SRC-RAW-728F1913DAFA8D7EE084,范围外,2022,3211,铜冶炼,燃生物质锅炉,DA002,0,[]
SRC-RAW-6977CEB5139038A34DE0,工业锅炉,2022,3034,隔热和隔音材料制造,燃气锅炉,DA001,9,[]
SRC-RAW-D487B573FE4C1AF26DA6,范围外,2022,1371,蔬菜加工,燃生物质锅炉,DA803,0,[]
SRC-RAW-1B2C8C33FC9957FBB380,工业锅炉,2022,2641,涂料制造,燃油锅炉,DA002,9,[]
SRC-RAW-A53044EE4F60A3001211,工业锅炉,2022,2922,塑料板、管、型材制造,燃气锅炉,DA001,9,[]
SRC-RAW-15AC39CACC27615608A5,工业锅炉,2022,2641,涂料制造,燃气锅炉,DA001,9,[]
SRC-RAW-E7C8354552BDBDDEDB95,工业锅炉,2022,2641,涂料制造,燃气锅炉,DA003,9,[]
SRC-RAW-E99F31494EE0DD7DC9A5,工业锅炉,2022,2641,涂料制造,燃气锅炉,DA002,9,[]
SRC-RAW-566D22952252E2C6F352,工业锅炉,2022,1713,棉印染精加工,燃煤锅炉,DA001,9,[]
SRC-RAW-E4CEDC445F1ABD161EF4,工业锅炉,2022,2641,涂料制造,燃气锅炉,DA001,9,[]
SRC-RAW-8C43AA9999C88217A877,工业锅炉,2022,2641,涂料制造,燃气锅炉,DA001,9,[]
SRC-RAW-624B911436998F4906D6,工业锅炉,2022,2619,其他基础化学原料制造,燃气锅炉,DA001,9,[]
SRC-RAW-08AB7700E376A1350283,范围外,2022,1525,固体饮料制造,燃生物质锅炉,DA001,0,[]
SRC-RAW-E6FACE2232B1B2CBB651,工业锅炉,2022,3213,镍钴冶炼,燃气锅炉,DA026,9,[]
SRC-RAW-B144ABD92C793897B636,工业锅炉,2022,3213,镍钴冶炼,燃气锅炉,DA025,9,[]
SRC-RAW-B5F7C431E14116826BBB,工业锅炉,2022,2631,化学农药制造,燃气锅炉,DA041,9,[]
SRC-RAW-4BD8DA8006C9946F2D7D,工业锅炉,2022,2631,化学农药制造,燃气锅炉,DA041,9,[]
SRC-RAW-C570CD2EAB42876D5C20,范围外,2022,1340,制糖业,燃生物质锅炉,DA002,0,[]
SRC-RAW-A4076ED63C2D9486E78B,范围外,2022,1340,制糖业,燃生物质锅炉,DA002,0,[]
SRC-RAW-C920002958236F8CEC7E,工业锅炉,2022,1752,化纤织物染整精加工,燃气锅炉,DA006,9,[]
SRC-RAW-3DC8FBA6AF4B7E98D47D,范围外,2022,1741,缫丝加工,燃生物质锅炉,DA001,0,[]
SRC-RAW-CEF447937020A306DEB9,工业锅炉,2022,2614,有机化学原料制造,燃油锅炉,DA001,9,[]
SRC-RAW-48EC88DCAB198382370E,工业锅炉,2022,1713,棉印染精加工,燃煤锅炉,DA002,9,[]
SRC-RAW-4025592753DA85EF7DF1,范围外,2022,1713,棉印染精加工,,DA002,0,[]
SRC-RAW-C4F7D42DB91219DE905C,范围外,2022,1713,棉印染精加工,,DA002,0,[]
SRC-RAW-DAF125EAE9DF77C295A7,工业锅炉,2022,3039,其他建筑材料制造,燃煤锅炉,DA001,9,[]
SRC-RAW-7676DCFD83534C580468,工业锅炉,2022,3031,粘土砖瓦及建筑砌块制造,其他锅炉,DA001,9,[]
SRC-RAW-6258359054B6F82FB16A,工业锅炉,2022,2641,涂料制造,燃气锅炉,DA001,9,[]
SRC-RAW-D019D5FE0A2FB083A271,工业锅炉,2022,2662,专项化学用品制造,燃气锅炉,DA002,9,[]
SRC-RAW-82119310428DC8DF3F0A,火电热力,2022,4412,热电联产,燃气锅炉,DA004,9,[]
SRC-RAW-68D0B4013C99C4CD0171,火电热力,2022,4412,热电联产,燃气锅炉,DA005,9,[]
SRC-RAW-D8418E63C24DD4262209,范围外,2022,2029,其他人造板制造,燃生物质锅炉,DA001,0,[]
SRC-RAW-D3DFCE6419ABCB43AF1F,范围外,2022,1469,其他调味品、发酵制品制造,,DA001,0,[]
SRC-RAW-E58348F1FE5F86BF03BC,范围外,2022,2651,初级形态塑料及合成树脂制造,燃生物质锅炉,DA001,0,[]
SRC-RAW-177FD00257652B5476F8,工业锅炉,2022,2925,塑料人造革、合成革制造,燃气锅炉,DA005,9,[]
SRC-RAW-8917622DBFA5CD075805,工业锅炉,2022,2613,无机盐制造,燃煤锅炉,DA001,9,[]
SRC-RAW-60F51185D1AF15D52801,工业锅炉,2022,1329,其他饲料加工,燃气锅炉,DA001,9,[]
SRC-RAW-0ADD776327A78030758D,工业锅炉,2022,1329,其他饲料加工,燃气锅炉,DA002,9,[]
SRC-RAW-112558671E36FAB5E1CF,工业锅炉,2022,2613,无机盐制造,燃煤锅炉,DA001,9,[]
SRC-RAW-2412BC857088A56969EE,范围外,2022,2641,涂料制造,,DA001,0,[]
SRC-RAW-91620BE2B44685C1C55F,工业锅炉,2022,3099,其他非金属矿物制品制造,燃煤锅炉,DA641,9,[]
SRC-RAW-9959AA4A0F89584856E2,范围外,2022,2221,机制纸及纸板制造,燃生物质锅炉,DA001,0,[]
SRC-RAW-F23D2AF8B938FF62D7A6,工业锅炉,2022,3985,电子专用材料制造,燃煤锅炉,DA023,9,[]
SRC-RAW-F7434B6724EF06966D1C,工业锅炉,2022,3985,电子专用材料制造,燃煤锅炉,DA023,9,[]
SRC-RAW-9E084D0AE14ED7F886A8,工业锅炉,2022,1392,豆制品制造,燃煤锅炉,DA001,9,[]
SRC-RAW-DCE0AC2AE66EE542A009,工业锅炉,2022,2925,塑料人造革、合成革制造,燃气锅炉,DA005,9,[]
SRC-RAW-A4E76861B8A9DBD3119A,范围外,2022,2925,塑料人造革、合成革制造,燃生物质锅炉,DA007,0,[]
SRC-RAW-544168DF6C6C3143EDE7,工业锅炉,2022,2925,塑料人造革、合成革制造,燃气锅炉,DA006,9,[]
SRC-RAW-8A52B7E5ABDC8F96B7D2,工业锅炉,2022,2925,塑料人造革、合成革制造,燃气锅炉,DA003,9,[]
SRC-RAW-18480588224FDE048156,工业锅炉,2022,2925,塑料人造革、合成革制造,燃气锅炉,DA006,9,[]
SRC-RAW-3AABAD1AD13CF298D763,工业锅炉,2022,1351,牲畜屠宰,燃气锅炉,DA003,9,[]
SRC-RAW-ADB75F878B30A514B388,工业锅炉,2022,1351,牲畜屠宰,燃气锅炉,DA003,9,[]
SRC-RAW-41842B71471AFC2B36A2,火电热力,2022,4411,火力发电,燃气轮机,DA001,9,[]
SRC-RAW-1CE9A3E08D2C3E61ADF5,火电热力,2022,4411,火力发电,燃气轮机,DA002,9,[]
SRC-RAW-1156C8A82BE921EABAEF,工业锅炉,2022,3982,电子电路制造,燃气锅炉,DA042,9,[]
SRC-RAW-437BC51C90297A6E9696,工业锅炉,2022,3982,电子电路制造,燃气锅炉,DA043,9,[]
SRC-RAW-98505049E8DDE3B976E1,范围外,2022,1352,禽类屠宰,燃生物质锅炉,DA001,0,[]
SRC-RAW-D40C6895942CBD25AB26,范围外,2022,1352,禽类屠宰,燃生物质锅炉,DA001,0,[]
SRC-RAW-F1614FAC9E61196C209A,范围外,2022,1352,禽类屠宰,燃生物质锅炉,DA001,0,[]
SRC-RAW-979B88F4FD8A843751A0,范围外,2022,1352,禽类屠宰,燃生物质锅炉,DA001,0,[]
SRC-RAW-6753F865CA4ED8E8C7F7,工业锅炉,2022,3899,其他未列明电气机械及器材制造,燃油锅炉,DA001,9,[]
SRC-RAW-F68CCA08C468E71A5F62,工业锅炉,2022,3982,电子电路制造,燃气锅炉,DA072,9,[]
SRC-RAW-A0372DE6BD72CDCED68C,工业锅炉,2022,3399,其他未列明金属制品制造,燃气锅炉,DA004,9,[]
SRC-RAW-39DD1CA8C27CD4DF3D08,工业锅炉,2022,3399,其他未列明金属制品制造,燃气锅炉,DA004,9,[]
SRC-RAW-1956480C1A535958881F,工业锅炉,2022,1495,食品及饲料添加剂制造,燃气锅炉,DA001,9,[]
SRC-RAW-502340E0253639A76C43,工业锅炉,2022,1495,食品及饲料添加剂制造,燃气锅炉,DA001,9,[]
SRC-RAW-7D17B0B311225BD97BD5,工业锅炉,2022,1523,果菜汁及果菜汁饮料制造,燃气锅炉,DA021,9,[]
SRC-RAW-BE0E596214E2EC4AEE4C,工业锅炉,2022,1763,针织或钩针编织品制造,燃气锅炉,DA001,9,[]
SRC-RAW-AFE601866F51A8AFA14C,工业锅炉,2022,1761,针织或钩针编织物织造,燃油锅炉,DA001,9,[]
SRC-RAW-2AF8DD41D3B4B0583349,工业锅炉,2022,1761,针织或钩针编织物织造,燃油锅炉,DA001,9,[]
SRC-RAW-F29AC4C653CC90A910B4,范围外,2022,4419,其他电力生产,燃生物质锅炉,DA001,0,[]
SRC-RAW-4F0DB8EE1D2378636A3A,范围外,2022,4419,其他电力生产,燃生物质锅炉,DA001,0,[]
SRC-RAW-F25CD710BE7389F3A357,范围外,2022,4419,其他电力生产,燃生物质锅炉,DA001,0,[]
SRC-RAW-11A45A205215F279C7A6,范围外,2022,4419,其他电力生产,燃生物质锅炉,DA002,0,[]
SRC-RAW-1A5E588FE21A8AE0CAE0,范围外,2022,4419,其他电力生产,燃生物质锅炉,DA002,0,[]
SRC-RAW-87716C0E74849E3961EE,工业锅炉,2022,1432,速冻食品制造,燃气锅炉,DA001,9,[]
SRC-RAW-FF3BE0593D44F0A7B32C,范围外,2022,2812,人造纤维（纤维素纤维）制造,燃气轮机,DA001,0,[]
SRC-RAW-B63B8743B35571F7113F,工业锅炉,2022,1431,米、面制品制造,燃气锅炉,DA003,9,[]
SRC-RAW-5471095FAF3FDB88E699,工业锅炉,2022,1431,米、面制品制造,燃气锅炉,DA001,9,[]
SRC-RAW-CFB84B109B4D712A6EE4,工业锅炉,2022,2319,包装装潢及其他印刷,燃气锅炉,DA005,9,[]
SRC-RAW-968567C43C72F0E8EC36,工业锅炉,2022,2221,机制纸及纸板制造,燃煤锅炉,DA001,9,[]
SRC-RAW-027A73A812B833F5B2AD,工业锅炉,2022,1829,其他针织或钩针编织服装制造,燃气锅炉,DA001,9,[]
SRC-RAW-2764B878824035562904,工业锅炉,2022,2221,机制纸及纸板制造,燃煤锅炉,DA679,9,[]
SRC-RAW-DC7D44874A7DF9C1D655,工业锅炉,2022,2221,机制纸及纸板制造,燃煤锅炉,DA679,9,[]
SRC-RAW-4EACAA6186F431AB1110,工业锅炉,2022,1819,其他机织服装制造,燃气锅炉,DA001,9,[]
SRC-RAW-18DBF692CFF90D52800B,工业锅炉,2022,2919,其他橡胶制品制造,燃气锅炉,DA001,9,[]
SRC-RAW-E9E4373204BDCA83D694,工业锅炉,2022,1762,针织或钩针编织物印染精加工,燃气锅炉,DA001,9,[]
SRC-RAW-94070BF2FFAE38DF202A,工业锅炉,2022,1431,米、面制品制造,燃气锅炉,DA001,9,[]
SRC-RAW-83F1E436FE46ED370569,工业锅炉,2022,1431,米、面制品制造,燃气锅炉,DA001,9,[]
SRC-RAW-EB61186D3F39DEE0E527,工业锅炉,2022,1722,毛织造加工,燃气锅炉,DA001,9,[]
SRC-RAW-44E90CCDFB6F39ACA8F2,工业锅炉,2022,2689,其他日用化学产品制造,燃气锅炉,DA001,9,[]
SRC-RAW-D89246BB76FDE4978B29,工业锅炉,2022,2239,其他纸制品制造,燃气锅炉,DA012,9,[]
SRC-RAW-8A6C99713FB9ADDBD97A,工业锅炉,2022,2239,其他纸制品制造,燃气锅炉,DA011,9,[]
SRC-RAW-A2BCB4BCC7E8D5C61FA8,火电热力,2022,4411,火力发电,燃气轮机,DA001,9,[]
SRC-RAW-2D6F8966E7E5F7BA7B08,工业锅炉,2022,3399,其他未列明金属制品制造,燃气锅炉,DA079,9,[]
SRC-RAW-E5C1AC90712441C4142C,工业锅炉,2022,3399,其他未列明金属制品制造,燃气锅炉,DA079,9,[]
SRC-RAW-4ABCD713E320CFE12DC5,工业锅炉,2022,3985,电子专用材料制造,燃气锅炉,DA013,9,[]
SRC-RAW-87578CAEC97445C564A8,工业锅炉,2022,3985,电子专用材料制造,燃气锅炉,DA005,9,[]
SRC-RAW-276B7DE3EA569DE784F4,工业锅炉,2022,3985,电子专用材料制造,燃气锅炉,DA006,9,[]
SRC-RAW-013124F3CE153B4E5949,工业锅炉,2022,3985,电子专用材料制造,燃气锅炉,DA006,9,[]
SRC-RAW-F4F6FB500285A7D59AC7,工业锅炉,2022,3985,电子专用材料制造,燃气锅炉,DA006,9,[]
SRC-RAW-F388E09B8EA5D494CB0D,工业锅炉,2022,3985,电子专用材料制造,燃气锅炉,DA008,9,[]
SRC-RAW-C616020696E845DFE2C7,工业锅炉,2022,3985,电子专用材料制造,燃气锅炉,DA008,9,[]
SRC-RAW-F202B19217D609469FFB,工业锅炉,2022,3985,电子专用材料制造,燃气锅炉,DA010,9,[]
SRC-RAW-700EBFD84381B78CB313,工业锅炉,2022,3985,电子专用材料制造,燃气锅炉,DA001,9,[]
SRC-RAW-B4F48B0B04FFC0611702,工业锅炉,2022,3985,电子专用材料制造,燃气锅炉,DA002,9,[]
SRC-RAW-7D4C7761FFC79A32831B,工业锅炉,2022,3985,电子专用材料制造,燃气锅炉,DA003,9,[]
SRC-RAW-150CA91BC43F27430752,工业锅炉,2022,3985,电子专用材料制造,燃气锅炉,DA004,9,[]
SRC-RAW-7CDE3F50356C13B48575,工业锅炉,2022,3985,电子专用材料制造,燃气锅炉,DA011,9,[]
SRC-RAW-1B2EF6642B2C041F7354,工业锅炉,2022,3985,电子专用材料制造,燃气锅炉,DA007,9,[]
SRC-RAW-8C4E4667AAE6C7978D3D,工业锅炉,2022,3985,电子专用材料制造,燃气锅炉,DA012,9,[]
SRC-RAW-FA5B0540611C7C808FE1,工业锅炉,2022,3985,电子专用材料制造,燃气锅炉,DA009,9,[]
SRC-RAW-5C9DAF31EF36BE635533,工业锅炉,2022,2740,中成药生产,燃气锅炉,DA010,9,[]
SRC-RAW-CF48EBBD13C5E90327C5,工业锅炉,2022,2661,化学试剂和助剂制造,燃气锅炉,DA001,9,[]
SRC-RAW-DFF6E7FAF484CA9811E0,范围外,2022,2720,化学药品制剂制造,,DA012,0,[]
SRC-RAW-9D8A4A1DB42EECE64F04,工业锅炉,2022,1329,其他饲料加工,燃气锅炉,DA003,9,[]
SRC-RAW-1E8F3E240E301800027E,范围外,2022,1329,其他饲料加工,,DA003,0,[]
SRC-RAW-9C3A405E53064966F9C6,工业锅炉,2022,3841,锂离子电池制造,燃气锅炉,DA021,9,[]
SRC-RAW-CEBAE2307CD4E4D7099A,工业锅炉,2022,2924,泡沫塑料制造,燃气锅炉,DA001,9,[]
SRC-RAW-51FE7BF8BCFD7F38DB41,工业锅炉,2022,2924,泡沫塑料制造,燃气锅炉,DA001,9,[]
SRC-RAW-FC1987DC7CA713402938,工业锅炉,2022,2924,泡沫塑料制造,燃气锅炉,DA001,9,[]
SRC-RAW-2C4318D7F86B2BE1B466,工业锅炉,2022,3360,金属表面处理及热处理加工,燃气锅炉,DA135,9,[]
SRC-RAW-D7A16B0F0A1230C7701F,工业锅炉,2022,3360,金属表面处理及热处理加工,燃气锅炉,DA135,9,[]
SRC-RAW-3D95F77F4B1DFC50D193,工业锅炉,2022,3360,金属表面处理及热处理加工,燃气锅炉,DA135,9,[]
SRC-RAW-FBB6B764F3C338A247F9,工业锅炉,2022,1513,啤酒制造,燃气锅炉,DA001,9,[]
SRC-RAW-66F30C08123FA0D9E3D4,工业锅炉,2022,2110,木质家具制造,燃气锅炉,DA011,9,[]
SRC-RAW-F62E2341BE48415E11F6,工业锅炉,2022,3982,电子电路制造,燃气锅炉,DA049,9,[]
SRC-RAW-45949833DB6B90372B79,工业锅炉,2022,2740,中成药生产,燃气锅炉,DA001,9,[]
SRC-RAW-37E838EA3CD502F1C676,工业锅炉,2022,2929,塑料零件及其他塑料制品制造,燃气锅炉,DA001,9,[]
SRC-RAW-BAD0E7B2F5A7476ABC5E,工业锅炉,2022,2929,塑料零件及其他塑料制品制造,燃气锅炉,DA002,9,[]
SRC-RAW-D8763E4FFCEFDB3EC415,工业锅炉,2022,2444,运动防护用具制造,燃气锅炉,DA001,9,[]
SRC-RAW-3F48683365CA4138C3B1,工业锅炉,2022,3981,电阻电容电感元件制造,燃气锅炉,DA048,9,[]
SRC-RAW-186BB2372C4E06A32F77,工业锅炉,2022,3981,电阻电容电感元件制造,燃气锅炉,DA050,9,[]
SRC-RAW-BF96331B3DB54D094B3E,工业锅炉,2022,1819,其他机织服装制造,燃气锅炉,DA001,9,[]
SRC-RAW-4B297EEFDCB568BE2AC6,工业锅炉,2022,1819,其他机织服装制造,燃气锅炉,DA002,9,[]
SRC-RAW-EB267D5484FD5BCE76D2,工业锅炉,2022,2239,其他纸制品制造,燃气锅炉,DA010,9,[]
SRC-RAW-9A848E8F352BF5BB05BB,工业锅炉,2022,2239,其他纸制品制造,燃气锅炉,DA002,9,[]
SRC-RAW-5AE4A8C62D2BBDDB759C,工业锅炉,2022,1829,其他针织或钩针编织服装制造,燃气锅炉,DA123,9,[]
SRC-RAW-A57EBF857DB92BEBFC0E,工业锅炉,2022,2740,中成药生产,燃气锅炉,DA012,9,[]
SRC-RAW-6080ED29265073967DC9,工业锅炉,2022,2740,中成药生产,燃气锅炉,DA012,9,[]
SRC-RAW-778EE20A1F8DC33EBA31,工业锅炉,2022,1524,含乳饮料和植物蛋白饮料制造,燃气锅炉,DA001,9,[]
SRC-RAW-A685D6412BC152B5464E,工业锅炉,2022,1524,含乳饮料和植物蛋白饮料制造,燃气锅炉,DA001,9,[]
SRC-RAW-561616610C633AFB838C,工业锅炉,2022,1524,含乳饮料和植物蛋白饮料制造,燃气锅炉,DA001,9,[]
SRC-RAW-9460CAC42A4A54C5CD6F,工业锅炉,2022,1524,含乳饮料和植物蛋白饮料制造,燃气锅炉,DA001,9,[]
SRC-RAW-C0E719061084CF55EE16,工业锅炉,2022,1524,含乳饮料和植物蛋白饮料制造,燃气锅炉,DA002,9,[]
SRC-RAW-2E2359EA461192B24F0C,工业锅炉,2022,3989,其他电子元件制造,燃气锅炉,DA006,9,[]
SRC-RAW-F26DD5520139A9036BB9,工业锅炉,2022,3474,复印和胶印设备制造,燃气锅炉,DA001,9,[]
SRC-RAW-6DDD38FB41B3FFB2FE8E,工业锅炉,2022,3474,复印和胶印设备制造,燃气锅炉,DA002,9,[]
SRC-RAW-97091E3C82A6A352B79B,工业锅炉,2022,3474,复印和胶印设备制造,燃气锅炉,DA003,9,[]
SRC-RAW-2A41EEE2843D9BC78C03,工业锅炉,2022,3474,复印和胶印设备制造,燃气锅炉,DA004,9,[]
SRC-RAW-40297167726E29F50AAC,工业锅炉,2022,3474,复印和胶印设备制造,燃气锅炉,DA005,9,[]
SRC-RAW-1C5F4883B381C5BA9F8D,工业锅炉,2022,1524,含乳饮料和植物蛋白饮料制造,燃气锅炉,DA001,9,[]
SRC-RAW-82482DE244FEE68DA32D,工业锅炉,2022,1524,含乳饮料和植物蛋白饮料制造,燃气锅炉,DA001,9,[]
SRC-RAW-7E3DA9DBE11A44144D11,工业锅炉,2022,2924,泡沫塑料制造,燃气锅炉,DA001,9,[]
SRC-RAW-B12B3597C513A58CEEB4,工业锅炉,2022,2924,泡沫塑料制造,燃气锅炉,DA002,9,[]
SRC-RAW-044F8FC23AECA7ED5301,工业锅炉,2022,1422,蜜饯制作,燃气锅炉,DA100,9,[]
SRC-RAW-975A4B705E7FBE301C6E,工业锅炉,2022,2239,其他纸制品制造,燃气锅炉,DA001,9,[]
SRC-RAW-EA8AF75644E128DC5236,工业锅炉,2022,2239,其他纸制品制造,燃气锅炉,DA001,9,[]
SRC-RAW-7861F54BF9A831D34E0B,工业锅炉,2022,2239,其他纸制品制造,燃气锅炉,DA001,9,[]
SRC-RAW-CE9EFE2386E3D37C0007,工业锅炉,2022,2929,塑料零件及其他塑料制品制造,燃气锅炉,DA001,9,[]
SRC-RAW-7A3211926C9E2F110091,工业锅炉,2022,1411,糕点、面包制造,燃气锅炉,DA001,9,[]
SRC-RAW-C5EC329F3605C00CB1AF,工业锅炉,2022,2642,油墨及类似产品制造,燃油锅炉,DA004,9,[]
SRC-RAW-4A899B92F00DF1F615B1,工业锅炉,2022,2822,涤纶纤维制造,燃气锅炉,DA012,9,[]
SRC-RAW-AE9F4E50F0406AB90E7A,工业锅炉,2022,2231,纸和纸板容器制造,燃气锅炉,DA001,9,[]
SRC-RAW-F42C814FCEF573653236,工业锅炉,2022,1462,酱油、食醋及类似制品制造,燃气锅炉,DA001,9,[]
SRC-RAW-9FA747A381AF48DF5D3B,工业锅炉,2022,3982,电子电路制造,燃气锅炉,DA009,9,[]
SRC-RAW-77A4F4360929D6C56190,工业锅炉,2022,2669,其他专用化学产品制造,燃气锅炉,DA001,9,[]
SRC-RAW-2708A747D1CE383C105A,工业锅炉,2022,2669,其他专用化学产品制造,燃气锅炉,DA002,9,[]
SRC-RAW-9A932B0EFD93F6C6FBFA,工业锅炉,2022,2669,其他专用化学产品制造,燃气锅炉,DA003,9,[]
SRC-RAW-218856C698EF84C56E50,工业锅炉,2022,2669,其他专用化学产品制造,燃气锅炉,DA004,9,[]
SRC-RAW-D6DE8BDF6978BD5186B9,工业锅炉,2022,1713,棉印染精加工,燃气锅炉,DA003,9,[]
SRC-RAW-0DDAD613D7041BD24058,工业锅炉,2022,2924,泡沫塑料制造,燃气锅炉,DA001,9,[]
SRC-RAW-D613AE0DD9A9CBA7EA83,工业锅炉,2022,2231,纸和纸板容器制造,燃气锅炉,DA001,9,[]
SRC-RAW-5F03359ECD13E5217849,工业锅炉,2022,3360,金属表面处理及热处理加工,燃气锅炉,DA001,9,[]
SRC-RAW-F8ABFA420C32519C906A,工业锅炉,2022,2689,其他日用化学产品制造,燃油锅炉,DA001,9,[]
SRC-RAW-ADC1325282553EF7CF32,工业锅炉,2022,2319,包装装潢及其他印刷,燃气锅炉,DA007,9,[]
SRC-RAW-EE533CBD03656371992B,工业锅炉,2022,1421,糖果、巧克力制造,燃气锅炉,DA001,9,[]
SRC-RAW-737C6F60A25F926BF38F,工业锅炉,2022,2311,书、报刊印刷,燃气锅炉,DA001,9,[]
SRC-RAW-64C3BDCCFD28D0AD7C6F,工业锅炉,2022,2311,书、报刊印刷,燃气锅炉,DA002,9,[]
SRC-RAW-2867A0430B312C09E15F,工业锅炉,2022,4119,其他日用杂品制造,燃气锅炉,DA001,9,[]
SRC-RAW-208A2A6CBB7BEF0CD8E9,范围外,2022,4119,其他日用杂品制造,,DA001,0,[]
SRC-RAW-DF60BE640739CF2093AD,范围外,2022,4119,其他日用杂品制造,,DA001,0,[]
SRC-RAW-8CFB2B0346CB77312725,工业锅炉,2022,2929,塑料零件及其他塑料制品制造,燃气锅炉,DA001,9,[]
SRC-RAW-BA1C0FBBF550F78EA29C,工业锅炉,2022,1431,米、面制品制造,燃气锅炉,DA001,9,[]
SRC-RAW-43197F6E9A595E76FA9E,工业锅炉,2022,2924,泡沫塑料制造,燃气锅炉,DA001,9,[]
SRC-RAW-DA23539EEED50D072F3F,工业锅炉,2022,2434,花画工艺品制造,燃气锅炉,DA001,9,[]
SRC-RAW-465280863FDBD33A756B,工业锅炉,2022,2434,花画工艺品制造,燃气锅炉,DA002,9,[]
SRC-RAW-A13F1187082C31604A8E,工业锅炉,2022,2434,花画工艺品制造,燃气锅炉,DA003,9,[]
SRC-RAW-498D2055107607FD02AF,工业锅炉,2022,2434,花画工艺品制造,燃气锅炉,DA004,9,[]
SRC-RAW-F9759ABD65C72A283AF7,工业锅炉,2022,2641,涂料制造,燃气锅炉,DA002,9,[]
SRC-RAW-D1EC3BDD7C499EBF0B89,工业锅炉,2022,4119,其他日用杂品制造,燃气锅炉,DA001,9,[]
SRC-RAW-8DD7A29687ADE66ADBF7,工业锅炉,2022,2929,塑料零件及其他塑料制品制造,燃气锅炉,DA001,9,[]
SRC-RAW-3BF5C4DCDAB80E69F87D,工业锅炉,2022,2013,单板加工,燃气锅炉,DA001,9,[]
SRC-RAW-1EF2363C9699D2374994,工业锅炉,2022,2023,刨花板制造,燃气锅炉,DA001,9,[]
SRC-RAW-C19FDEB89E4C702E3677,工业锅炉,2022,2921,塑料薄膜制造,燃气锅炉,DA001,9,[]
SRC-RAW-6F2E294728D73C497876,工业锅炉,2022,2689,其他日用化学产品制造,燃气锅炉,DA001,9,[]
SRC-RAW-0D4E2DD216839DE16E90,工业锅炉,2022,1431,米、面制品制造,燃气锅炉,DA001,9,[]
SRC-RAW-EE8152D9F06A662E0E33,工业锅炉,2022,2239,其他纸制品制造,燃气锅炉,DA001,9,[]
SRC-RAW-535F795F73057FDA2A83,工业锅炉,2022,2929,塑料零件及其他塑料制品制造,燃气锅炉,DA001,9,[]
SRC-RAW-26A839FFD886355B00F0,工业锅炉,2022,2444,运动防护用具制造,燃气锅炉,DA001,9,[]
SRC-RAW-90792BEF9146C5B6A4C4,工业锅炉,2022,3360,金属表面处理及热处理加工,燃气锅炉,DA001,9,[]
SRC-RAW-056312294626944890A3,工业锅炉,2022,3360,金属表面处理及热处理加工,燃气锅炉,DA002,9,[]
SRC-RAW-F8E3FD0CF38E220CB852,工业锅炉,2022,2239,其他纸制品制造,燃气锅炉,DA001,9,[]
SRC-RAW-DB727D57D492E6DF6905,工业锅炉,2022,2239,其他纸制品制造,燃气锅炉,DA002,9,[]
SRC-RAW-622C57E618F4781AE8C0,工业锅炉,2022,2239,其他纸制品制造,燃气锅炉,DA003,9,[]
SRC-RAW-0BDF0463DCBCEB1B9C27,工业锅炉,2022,1521,碳酸饮料制造,燃气锅炉,DA001,9,[]
SRC-RAW-D9C891CB5A283F66B48E,工业锅炉,2022,3360,金属表面处理及热处理加工,燃气锅炉,DA001,9,[]
SRC-RAW-D14D688773E330F99088,工业锅炉,2022,2661,化学试剂和助剂制造,燃气锅炉,DA001,9,[]
SRC-RAW-E3E7C5BFAB132EE4704B,工业锅炉,2022,2922,塑料板、管、型材制造,燃气锅炉,DA001,9,[]
SRC-RAW-350F466C5C6D078F6ECA,工业锅炉,2022,2922,塑料板、管、型材制造,燃油锅炉,DA002,9,[]
SRC-RAW-5D6E7E5F6070C8F878D6,火电热力,2022,4417,生物质能发电,燃生物质锅炉,DA001,9,[]
SRC-RAW-D3DA6E30C8C5C4C93A4D,火电热力,2022,4417,生物质能发电,燃生物质锅炉,DA001,9,[]
SRC-RAW-A4E1DF908647EC9B5A92,火电热力,2022,4417,生物质能发电,燃生物质锅炉,DA001,9,[]
SRC-RAW-4AEB17F105940B804E36,工业锅炉,2022,1830,服饰制造,燃气锅炉,DA001,9,[]
SRC-RAW-0D262D8A4A3A8915D725,火电热力,2022,4417,生物质能发电,燃生物质锅炉,DA001,9,[]
SRC-RAW-64EBFDD7F64EF220A6D1,火电热力,2022,4417,生物质能发电,燃生物质锅炉,DA002,9,[]
SRC-RAW-7F4E1FB70DDED5596F56,火电热力,2022,4417,生物质能发电,燃生物质锅炉,DA003,9,[]
SRC-RAW-0DFDA30AD817180A387D,火电热力,2022,4417,生物质能发电,燃生物质锅炉,DA004,9,[]
SRC-RAW-4412EB459000EAFD6226,火电热力,2022,4417,生物质能发电,燃生物质锅炉,DA005,9,[]
SRC-RAW-841B50D11EDB3F43B63A,火电热力,2022,4417,生物质能发电,燃生物质锅炉,DA006,9,[]
SRC-RAW-CC1F1C004A6E612A4D8E,工业锅炉,2022,1819,其他机织服装制造,燃气锅炉,DA001,9,[]
SRC-RAW-90022D3B7AC7BE84AB39,工业锅炉,2022,1432,速冻食品制造,燃气锅炉,DA001,9,[]
SRC-RAW-D5130BA6EDAE1F46BF75,工业锅炉,2022,1432,速冻食品制造,燃气锅炉,DA002,9,[]
SRC-RAW-2C698CE337E6EEE19670,工业锅炉,2022,1432,速冻食品制造,燃气锅炉,DA003,9,[]
SRC-RAW-704600A05F4D6CD3EBCF,工业锅炉,2022,1821,运动休闲针织服装制造,燃气锅炉,DA001,9,[]
SRC-RAW-DAA49753CE444D14E612,工业锅炉,2022,2239,其他纸制品制造,燃气锅炉,DA001,9,[]
SRC-RAW-1A0F1D5A88D602D42B27,工业锅炉,2022,1329,其他饲料加工,燃气锅炉,DA001,9,[]
SRC-RAW-DAFB73DDD7D8DBEA5128,工业锅炉,2022,2924,泡沫塑料制造,燃气锅炉,DA001,9,[]
SRC-RAW-105438DD5B3F60AF839F,工业锅炉,2022,2921,塑料薄膜制造,燃气锅炉,DA001,9,[]
SRC-RAW-9DBE89AC9AE0DB313457,工业锅炉,2022,2921,塑料薄膜制造,燃气锅炉,DA001,9,[]
SRC-RAW-4E6F7781F92DC7DCDBD5,工业锅炉,2022,2929,塑料零件及其他塑料制品制造,燃气锅炉,DA001,9,[]
SRC-RAW-94F5DA2AF2A1B4A89087,工业锅炉,2022,2929,塑料零件及其他塑料制品制造,燃气锅炉,DA001,9,[]
SRC-RAW-D6092B9828F9125DB1BE,工业锅炉,2022,2822,涤纶纤维制造,燃气锅炉,DA002,9,[]
SRC-RAW-B5FE57113762E261EF3D,范围外,2022,2319,包装装潢及其他印刷,燃气轮机,DA011,0,[]
SRC-RAW-28485085FB7A7DB4C063,工业锅炉,2022,2439,其他工艺美术及礼仪用品制造,燃气锅炉,DA001,9,[]
SRC-RAW-3E84723B8652ADAC5CB8,工业锅炉,2022,1830,服饰制造,燃气锅炉,DA001,9,[]
SRC-RAW-DBE482C909A4A2716AB4,工业锅炉,2022,2239,其他纸制品制造,燃气锅炉,DA001,9,[]
SRC-RAW-A8FF38A5E87A9F16A717,工业锅炉,2022,2924,泡沫塑料制造,燃气锅炉,DA001,9,[]
SRC-RAW-269C1D195F74074D1F8B,工业锅炉,2022,2231,纸和纸板容器制造,燃气锅炉,DA001,9,[]
SRC-RAW-EAB1F3CB6104ECAEA045,工业锅炉,2022,2929,塑料零件及其他塑料制品制造,燃气锅炉,DA001,9,[]
SRC-RAW-E5134FD2DBA745E99521,工业锅炉,2022,3360,金属表面处理及热处理加工,燃气锅炉,DA011,9,[]
SRC-RAW-F505DFCAAED330A413F0,范围外,2022,3360,金属表面处理及热处理加工,,DA011,0,[]
SRC-RAW-C2B96A192546A503D0B6,范围外,2022,2929,塑料零件及其他塑料制品制造,余热利用锅炉,DA001,0,[]
SRC-RAW-72F2D15451D076CE901E,工业锅炉,2022,2921,塑料薄膜制造,燃气锅炉,DA001,9,[]
SRC-RAW-0E136B6ED278D2B88251,工业锅炉,2022,2231,纸和纸板容器制造,燃气锅炉,DA001,9,[]
SRC-RAW-003F8FA3C03F5C539C4A,范围外,2022,1829,其他针织或钩针编织服装制造,,DA001,0,[]
SRC-RAW-005AB00F7C9BF8D0007C,工业锅炉,2022,3982,电子电路制造,燃气锅炉,DA018,9,[]
SRC-RAW-A63A59B5D1373496044B,范围外,2022,3982,电子电路制造,,DA018,0,[]
SRC-RAW-156960F8C78F80997BD9,工业锅炉,2022,2642,油墨及类似产品制造,燃气锅炉,DA002,9,[]
SRC-RAW-6DDF3877D48F39E3D19D,范围外,2022,3360,金属表面处理及热处理加工,燃气轮机,DA006,0,[]
SRC-RAW-375A553F88BBFDA53D26,范围外,2022,1722,毛织造加工,,DA002,0,[]
SRC-RAW-B501CBF3637ABBD30D63,火电热力,2022,4412,热电联产,燃气锅炉,DA001,9,[]
SRC-RAW-83B20122A72152590769,火电热力,2022,4412,热电联产,燃气锅炉,DA002,9,[]
SRC-RAW-ACA9F5CAE67CB217BDB1,工业锅炉,2022,1819,其他机织服装制造,燃气锅炉,DA001,9,[]
SRC-RAW-FCB15F1652E567F9A06E,工业锅炉,2022,1499,其他未列明食品制造,燃气锅炉,DA001,9,[]
SRC-RAW-8132F70FB7454E1F726F,工业锅炉,2022,2929,塑料零件及其他塑料制品制造,燃气锅炉,DA001,9,[]
SRC-RAW-99C17FAB24F58C7B2A71,工业锅炉,2022,2929,塑料零件及其他塑料制品制造,燃气锅炉,DA002,9,[]
SRC-RAW-D9EC1E5FE2BA88519F59,工业锅炉,2022,1499,其他未列明食品制造,燃气锅炉,DA001,9,[]
SRC-RAW-85799C40F36DCB5A1C0F,工业锅炉,2022,1722,毛织造加工,燃气锅炉,DA001,9,[]
SRC-RAW-D42701B690D8CAB839E7,工业锅炉,2022,2651,初级形态塑料及合成树脂制造,燃气锅炉,DA001,9,[]
SRC-RAW-56092C09A9EF5539ABA8,工业锅炉,2022,2682,化妆品制造,燃气锅炉,DA001,9,[]
SRC-RAW-50FC9EF1A6B70EC72BC9,工业锅炉,2022,2682,化妆品制造,燃气锅炉,DA001,9,[]
SRC-RAW-44D1F1947A0BC7AD1715,范围外,2022,1819,其他机织服装制造,,DA001,0,[]
SRC-RAW-3D447F563FD56393747F,工业锅炉,2022,3252,铝压延加工,燃气锅炉,DA001,9,[]
SRC-RAW-C59491EDFED61D0E73D3,工业锅炉,2022,3252,铝压延加工,燃气锅炉,DA001,9,[]
SRC-RAW-ACF1FAD5DD043F6516AE,工业锅炉,2022,2110,木质家具制造,燃气锅炉,DA023,9,[]
SRC-RAW-54ABA9592C41A4257F7C,工业锅炉,2022,2110,木质家具制造,燃气锅炉,DA023,9,[]
SRC-RAW-D4FA466B4DE818950489,火电热力,2022,4430,热力生产和供应,燃气锅炉,DA003,9,[]
SRC-RAW-93996EB314EB7017D34F,工业锅炉,2022,2929,塑料零件及其他塑料制品制造,燃气锅炉,DA001,9,[]
SRC-RAW-4CC9B6F0014074EA489E,工业锅炉,2022,2239,其他纸制品制造,燃气锅炉,DA001,9,[]
SRC-RAW-EC464100F63C287F1D57,工业锅炉,2022,3360,金属表面处理及热处理加工,燃气锅炉,DA001,9,[]
SRC-RAW-244C159DF838910D3390,工业锅炉,2022,2239,其他纸制品制造,燃气锅炉,DA608,9,[]
SRC-RAW-DC2939C56D9034FC84B9,工业锅炉,2022,2239,其他纸制品制造,燃气锅炉,DA002,9,[]
SRC-RAW-E9823D251E24AF38E80D,工业锅炉,2022,2929,塑料零件及其他塑料制品制造,燃气锅炉,DA001,9,[]
SRC-RAW-86395D8BC699CA2B5734,工业锅炉,2022,1819,其他机织服装制造,燃气锅炉,DA001,9,[]
SRC-RAW-961184F7E5AAE4E84123,工业锅炉,2022,1722,毛织造加工,燃气锅炉,DA003,9,[]
SRC-RAW-3799B381F0AFFEFC51E1,工业锅炉,2022,1722,毛织造加工,燃气锅炉,DA004,9,[]
SRC-RAW-A086FEB35C05B5979847,工业锅炉,2022,1829,其他针织或钩针编织服装制造,燃气锅炉,DA062,9,[]
SRC-RAW-FEEAB8E67D7D99AD7B2D,工业锅炉,2022,3360,金属表面处理及热处理加工,燃气锅炉,DA001,9,[]
SRC-RAW-751EB41C4D28AD8F6FC3,工业锅炉,2022,1819,其他机织服装制造,燃气锅炉,DA001,9,[]
SRC-RAW-0A92A70880DA3E8D44C5,工业锅炉,2022,1722,毛织造加工,燃气锅炉,DA001,9,[]
SRC-RAW-6A2EEC08B825F1FEC7F4,工业锅炉,2022,3389,其他金属制日用品制造,燃气锅炉,DA001,9,[]
SRC-RAW-C67EB268434875BC4EFA,工业锅炉,2022,2689,其他日用化学产品制造,燃气锅炉,DA001,17,[]
SRC-RAW-24BA9AF1B85A23967A03,工业锅炉,2022,2689,其他日用化学产品制造,燃气锅炉,DA002,17,[]
SRC-RAW-7AF27F6B71F2A8EAC5CD,范围外,2022,1421,糖果、巧克力制造,,DA001,0,[]
SRC-RAW-2E68EF4B726F00222284,工业锅炉,2022,2661,化学试剂和助剂制造,燃气锅炉,DA010,9,[]
SRC-RAW-7F30AE29F8B0B96882E0,工业锅炉,2022,1392,豆制品制造,燃气锅炉,DA001,9,[]
SRC-RAW-25866A6F53B8D02DCBFD,工业锅炉,2022,1830,服饰制造,燃气锅炉,DA001,9,[]
SRC-RAW-C6C0608BFF9B5128E197,工业锅炉,2022,1829,其他针织或钩针编织服装制造,燃气锅炉,DA001,9,[]
SRC-RAW-FE9E84D046F9053923A2,工业锅炉,2022,1763,针织或钩针编织品制造,燃气锅炉,DA743,9,[]
SRC-RAW-5506F2BAEA4C326A4AF6,工业锅炉,2022,2929,塑料零件及其他塑料制品制造,燃气锅炉,DA001,9,[]
SRC-RAW-D61A8CF50185EFBFBDEC,工业锅炉,2022,2929,塑料零件及其他塑料制品制造,燃气锅炉,DA002,9,[]
SRC-RAW-D4DFE58C9675CF1006FE,工业锅炉,2022,1830,服饰制造,燃气锅炉,DA001,9,[]
SRC-RAW-C0D3C181B7289A946D55,工业锅炉,2022,1819,其他机织服装制造,燃气锅炉,DA001,9,[]
SRC-RAW-16AF92E0E9BA930E50D7,范围外,2022,1513,啤酒制造,燃生物质锅炉,DA001,0,[]
SRC-RAW-92017DE3DBAD105F3114,工业锅炉,2022,1829,其他针织或钩针编织服装制造,燃气锅炉,DA001,9,[]
SRC-RAW-664E3E13DE300817A6B7,工业锅炉,2022,1722,毛织造加工,燃气锅炉,DA001,9,[]
SRC-RAW-1D1203B729C6B5553336,工业锅炉,2022,1722,毛织造加工,燃气锅炉,DA001,9,[]
SRC-RAW-B27385CCAA4A8DE6C550,工业锅炉,2022,1819,其他机织服装制造,燃气锅炉,DA001,9,[]
SRC-RAW-742455DC1116322F592F,工业锅炉,2022,1829,其他针织或钩针编织服装制造,燃气锅炉,DA001,9,[]
SRC-RAW-7A9DB1197BB908A0EFD9,工业锅炉,2022,1529,茶饮料及其他饮料制造,燃气锅炉,DA004,9,[]
SRC-RAW-D13F4ADE4A03F82033C9,工业锅炉,2022,3252,铝压延加工,燃气锅炉,DA001,9,[]
SRC-RAW-9B4685ADA24FF41576C2,工业锅炉,2022,3061,玻璃纤维及制品制造,燃气锅炉,DA001,9,[]
SRC-RAW-DD52141B35105B8FB940,范围外,2022,1431,米、面制品制造,,DA001,0,[]
SRC-RAW-E0315A744159C4623818,工业锅炉,2022,2231,纸和纸板容器制造,燃气锅炉,DA005,9,[]
SRC-RAW-EE1F587AD0B529283E8D,工业锅炉,2022,2231,纸和纸板容器制造,燃气锅炉,DA001,9,[]
SRC-RAW-94B8B1BCCB92708C6007,工业锅炉,2022,2231,纸和纸板容器制造,燃气锅炉,DA002,9,[]
SRC-RAW-BCF11E808EBA078E1186,工业锅炉,2022,1469,其他调味品、发酵制品制造,燃气锅炉,DA001,9,[]
SRC-RAW-337EA93159A74EF45EA9,工业锅炉,2022,3252,铝压延加工,燃气锅炉,DA001,9,[]
SRC-RAW-4695DE3B1E599F516108,工业锅炉,2022,2924,泡沫塑料制造,燃气锅炉,DA001,9,[]
SRC-RAW-6352C2AAAFB7435FE1AB,工业锅炉,2022,2924,泡沫塑料制造,燃气锅炉,DA002,9,[]
SRC-RAW-4CB3D3201942C9EF181D,工业锅炉,2022,1819,其他机织服装制造,燃气锅炉,DA001,9,[]
SRC-RAW-5907F69453F3644E857C,范围外,2022,3360,金属表面处理及热处理加工,,DA008,0,[]
SRC-RAW-363C9889CA71A9F14E65,工业锅炉,2022,2929,塑料零件及其他塑料制品制造,燃气锅炉,DA190,9,[]
SRC-RAW-825AD23F2A5C9F6F9F0E,工业锅炉,2022,2239,其他纸制品制造,燃气锅炉,DA001,9,[]
SRC-RAW-B1470FC9434B8A58C5B5,工业锅炉,2022,2239,其他纸制品制造,燃气锅炉,DA002,9,[]
SRC-RAW-DF6D8311F788D0E45F06,工业锅炉,2022,2239,其他纸制品制造,燃气锅炉,DA003,9,[]
SRC-RAW-300A4DA8087EBD821DD6,火电热力,2022,4411,火力发电,燃气轮机,DA001,9,[]
SRC-RAW-438BDB6A2B00B0AD76DA,火电热力,2022,4411,火力发电,燃气轮机,DA002,9,[]
SRC-RAW-3F092F03C54106B13AC2,火电热力,2022,4411,火力发电,燃气轮机,DA003,9,[]
SRC-RAW-2438777211CEFCD5B995,火电热力,2022,4411,火力发电,燃气轮机,DA004,9,[]
SRC-RAW-261D4050960B16F27DCB,工业锅炉,2022,2419,其他文教办公用品制造,燃气锅炉,DA004,9,[]
SRC-RAW-AF284D3E3A01AEDDE29F,工业锅炉,2022,3311,金属结构制造,燃气锅炉,DA009,9,[]
SRC-RAW-C92A6E51F7F310987024,工业锅炉,2022,2319,包装装潢及其他印刷,燃油锅炉,DA003,9,[]
SRC-RAW-CE555635AE9F9797CA9F,工业锅炉,2022,2319,包装装潢及其他印刷,燃油锅炉,DA003,9,[]
SRC-RAW-59F0B4C7CC6AC0C59B55,工业锅炉,2022,1722,毛织造加工,燃气锅炉,DA001,9,[]
SRC-RAW-8C7CFB9302893E739481,工业锅炉,2022,1762,针织或钩针编织物印染精加工,燃气锅炉,DA001,9,[]
SRC-RAW-E13E246F3B8265A977C8,工业锅炉,2022,1762,针织或钩针编织物印染精加工,燃气锅炉,DA002,9,[]
SRC-RAW-EA2D0B3452BDA7166081,工业锅炉,2022,1722,毛织造加工,燃气锅炉,DA001,9,[]
SRC-RAW-46645C2F24E56918E9CB,工业锅炉,2022,3399,其他未列明金属制品制造,燃油锅炉,DA003,9,[]
SRC-RAW-8F3B3285E68C5A270956,工业锅炉,2022,3099,其他非金属矿物制品制造,燃油锅炉,DA001,9,[]
SRC-RAW-9C63EFEAC7C21A57743D,工业锅炉,2022,1353,肉制品及副产品加工,燃气锅炉,DA001,9,[]
SRC-RAW-108D5DE3219F8711FCA1,工业锅炉,2022,1353,肉制品及副产品加工,燃气锅炉,DA002,9,[]
SRC-RAW-064AEA96868EEE81E157,工业锅炉,2022,2319,包装装潢及其他印刷,燃气锅炉,DA001,9,[]
SRC-RAW-A4852995C316C9B992F2,工业锅炉,2022,1722,毛织造加工,燃气锅炉,DA001,9,[]
SRC-RAW-BA4203ED58782FF4BEDC,工业锅炉,2022,1722,毛织造加工,燃气锅炉,DA001,9,[]
SRC-RAW-57142DC32337D97DC9E7,工业锅炉,2022,2924,泡沫塑料制造,燃气锅炉,DA001,9,[]
SRC-RAW-1712D4E3603143978196,工业锅炉,2022,1722,毛织造加工,燃气锅炉,DA001,9,[]
SRC-RAW-89225C8930693959A7F0,工业锅炉,2022,2239,其他纸制品制造,燃气锅炉,DA001,9,[]
SRC-RAW-ED440CB35376BC8693C2,工业锅炉,2022,2922,塑料板、管、型材制造,燃油锅炉,DA001,9,[]
SRC-RAW-02DDE5F9F42821FA0A4C,工业锅炉,2022,2922,塑料板、管、型材制造,燃油锅炉,DA001,9,[]
SRC-RAW-657AFF41CE2A846CD091,工业锅炉,2022,2319,包装装潢及其他印刷,燃气锅炉,DA002,9,[]
SRC-RAW-60045BB072B03948CA42,工业锅炉,2022,1830,服饰制造,燃气锅炉,DA001,9,[]
SRC-RAW-36BCCB0824DA7C367CEB,工业锅炉,2022,1722,毛织造加工,燃气锅炉,DA001,9,[]
SRC-RAW-D0D1B3EB384A60ECBFAA,工业锅炉,2022,2319,包装装潢及其他印刷,燃气锅炉,DA003,9,[]
SRC-RAW-EB93EF9D83A5D00316C4,工业锅炉,2022,2319,包装装潢及其他印刷,燃气锅炉,DA004,9,[]
SRC-RAW-8549DFFDFD9EB300F77D,工业锅炉,2022,3411,锅炉及辅助设备制造,燃气锅炉,DA002,9,[]
SRC-RAW-A56B49E2585F06A1FC2A,工业锅炉,2022,1722,毛织造加工,燃气锅炉,DA001,9,[]
SRC-RAW-183445A0EAAF10D6BA02,工业锅炉,2022,3360,金属表面处理及热处理加工,燃气锅炉,DA041,9,[]
SRC-RAW-45B6A028FE1F86B70CD4,工业锅炉,2022,3360,金属表面处理及热处理加工,燃气锅炉,DA041,9,[]
SRC-RAW-323DAC786A7551D92E85,工业锅炉,2022,3360,金属表面处理及热处理加工,燃气锅炉,DA041,9,[]
SRC-RAW-4D17AA6A994FA2068F9B,工业锅炉,2022,2919,其他橡胶制品制造,燃气锅炉,DA001,9,[]
SRC-RAW-4914F26ED85265D0C909,工业锅炉,2022,3311,金属结构制造,燃气锅炉,DA022,9,[]
SRC-RAW-C5734C20647D36FE3ECD,工业锅炉,2022,3311,金属结构制造,燃气锅炉,DA022,9,[]
SRC-RAW-3555D9E9F9EBEBACF8E8,工业锅炉,2022,3311,金属结构制造,燃气锅炉,DA022,9,[]
SRC-RAW-932118AF4C15BA5D30CD,范围外,2022,2669,其他专用化学产品制造,,DA005,0,[]
SRC-RAW-00E7BEC8F8799AA05E4A,工业锅炉,2022,2023,刨花板制造,燃气锅炉,DA003,9,[]
SRC-RAW-B95261DA7D6766F90B6A,工业锅炉,2022,4190,其他未列明制造业,燃气锅炉,DA251,9,[]
SRC-RAW-CF24CF742421AA32E29E,工业锅炉,2022,3360,金属表面处理及热处理加工,燃油锅炉,DA002,9,[]
SRC-RAW-379063678184869B8A15,工业锅炉,2022,3360,金属表面处理及热处理加工,燃气锅炉,DA003,9,[]
SRC-RAW-3B6ABDB28F845EAE3D0D,工业锅炉,2022,3360,金属表面处理及热处理加工,燃气锅炉,DA004,9,[]
SRC-RAW-03BE3728EBC78F83A1D5,工业锅炉,2022,2659,其他合成材料制造,燃气锅炉,DA047,9,[]
SRC-RAW-9B8E43ACEB37947FDF63,工业锅炉,2022,2659,其他合成材料制造,燃气锅炉,DA048,9,[]
SRC-RAW-0AF2E5697AF5B1AF792E,范围外,2022,1399,其他未列明农副食品加工,燃气轮机,DA001,0,[]
SRC-RAW-E132E3D1CD1C1CB39CF0,工业锅炉,2022,1761,针织或钩针编织物织造,燃气锅炉,DA001,9,[]
SRC-RAW-EF609B8525A2A41610AC,工业锅炉,2022,1830,服饰制造,燃气锅炉,DA002,9,[]
SRC-RAW-CBC358FEF4034CF21716,工业锅炉,2022,1830,服饰制造,燃气锅炉,DA003,9,[]
SRC-RAW-6D434140EE68A80989FD,工业锅炉,2022,3031,粘土砖瓦及建筑砌块制造,燃气锅炉,DA001,9,[]
SRC-RAW-D0FC65DD8FFA2A495AA7,范围外,2022,1829,其他针织或钩针编织服装制造,,DA559,0,[]
SRC-RAW-35B4517F15B3ADB08B9D,工业锅炉,2022,2239,其他纸制品制造,燃气锅炉,DA001,9,[]
SRC-RAW-1A26FA9666A73EAC586F,工业锅炉,2022,2319,包装装潢及其他印刷,燃气锅炉,DA002,9,[]
SRC-RAW-28C8D7377340612D5446,工业锅炉,2022,3360,金属表面处理及热处理加工,燃气锅炉,DA001,9,[]
SRC-RAW-324CB0704EE74BDCB61E,工业锅炉,2022,3360,金属表面处理及热处理加工,燃气锅炉,DA005,9,[]
SRC-RAW-07B9FDE55CD0A9051E60,工业锅炉,2022,3360,金属表面处理及热处理加工,燃气锅炉,DA005,9,[]
SRC-RAW-5C3A139121140495A388,工业锅炉,2022,2924,泡沫塑料制造,燃气锅炉,DA001,9,[]
SRC-RAW-3A804BBA1704B5A988A3,工业锅炉,2022,2924,泡沫塑料制造,燃气锅炉,DA002,9,[]
SRC-RAW-C97E078760FAB501A653,工业锅炉,2022,2929,塑料零件及其他塑料制品制造,燃气锅炉,DA001,9,[]
SRC-RAW-FBCF3D4E0326C5723947,工业锅炉,2022,2929,塑料零件及其他塑料制品制造,燃气锅炉,DA002,9,[]
SRC-RAW-94D3FDDFAFD889CEE41F,工业锅炉,2022,2929,塑料零件及其他塑料制品制造,燃气锅炉,DA003,9,[]
SRC-RAW-F36B93436C4ECD152813,工业锅炉,2022,2929,塑料零件及其他塑料制品制造,燃气锅炉,DA004,9,[]
SRC-RAW-4793E82E81A2B81A7073,工业锅炉,2022,2929,塑料零件及其他塑料制品制造,燃气锅炉,DA005,9,[]
SRC-RAW-57B881A01E2CA6C2C0DB,工业锅炉,2022,2929,塑料零件及其他塑料制品制造,燃气锅炉,DA006,9,[]
SRC-RAW-8959969FDE5AC0B3CDD2,工业锅炉,2022,2929,塑料零件及其他塑料制品制造,燃气锅炉,DA007,9,[]
SRC-RAW-07B3EC5962049F1F3690,工业锅炉,2022,2929,塑料零件及其他塑料制品制造,燃气锅炉,DA008,9,[]
SRC-RAW-E696BE2A22AE81CAB19A,工业锅炉,2022,2239,其他纸制品制造,燃气锅炉,DA001,9,[]
SRC-RAW-BED032FD60F30F89F887,工业锅炉,2022,3360,金属表面处理及热处理加工,燃气锅炉,DA019,9,[]
SRC-RAW-9D19EAB5D95A5306B28C,工业锅炉,2022,3360,金属表面处理及热处理加工,燃气锅炉,DA020,9,[]
SRC-RAW-22444E7902F0F3F37FF9,范围外,2022,3399,其他未列明金属制品制造,燃气轮机,DA001,0,[]
SRC-RAW-72AC9A3BC44946BF1B89,工业锅炉,2022,2929,塑料零件及其他塑料制品制造,燃气锅炉,DA002,9,[]
SRC-RAW-20E90744E9892B5C238F,工业锅炉,2022,3360,金属表面处理及热处理加工,燃气锅炉,DA001,9,[]
SRC-RAW-ACB7E2BCE80F003FFA27,工业锅炉,2022,3360,金属表面处理及热处理加工,燃气锅炉,DA002,9,[]
SRC-RAW-09AA23D362DAC9EF822E,工业锅炉,2022,3984,电声器件及零件制造,燃气锅炉,DA001,9,[]
SRC-RAW-0B829BD5EAD6F4650CAC,工业锅炉,2022,3984,电声器件及零件制造,燃气锅炉,DA002,9,[]
SRC-RAW-9E18070C139430BAD927,工业锅炉,2022,2922,塑料板、管、型材制造,燃气锅炉,DA001,9,[]
SRC-RAW-B40AE150A87090378FFD,工业锅炉,2022,2922,塑料板、管、型材制造,燃气锅炉,DA002,9,[]
SRC-RAW-7BD594C6D642E5E557E8,工业锅炉,2022,2919,其他橡胶制品制造,燃气锅炉,DA010,9,[]
SRC-RAW-B4B7E052C86B430F84A3,工业锅炉,2022,2239,其他纸制品制造,燃气锅炉,DA001,9,[]
SRC-RAW-799B566FDDB9D216F315,工业锅炉,2022,2239,其他纸制品制造,燃气锅炉,DA002,9,[]
SRC-RAW-C56D18E79535944B82ED,工业锅炉,2022,2239,其他纸制品制造,燃气锅炉,DA003,9,[]
SRC-RAW-229F39A3C7ACDED8D49F,工业锅炉,2022,2239,其他纸制品制造,燃气锅炉,DA004,9,[]
SRC-RAW-E7FCC4476B4BCDC647DF,工业锅炉,2022,3360,金属表面处理及热处理加工,燃气锅炉,DA009,9,[]
SRC-RAW-BDB1284118B46A933651,工业锅炉,2022,3360,金属表面处理及热处理加工,燃气锅炉,DA009,9,[]
SRC-RAW-2C29C9AFF9161F262262,工业锅炉,2022,2442,专项运动器材及配件制造,燃气锅炉,DA001,9,[]
SRC-RAW-844DCEA089B0D62CBAA2,工业锅炉,2022,2442,专项运动器材及配件制造,燃气锅炉,DA002,9,[]
SRC-RAW-A2F7D1F83F23A27434D2,工业锅炉,2022,2442,专项运动器材及配件制造,燃气锅炉,DA003,9,[]
SRC-RAW-80EF088766EA27D263D8,工业锅炉,2022,2924,泡沫塑料制造,燃气锅炉,DA001,9,[]
SRC-RAW-CBE15DD6D685C86D2687,工业锅炉,2022,2924,泡沫塑料制造,燃气锅炉,DA001,9,[]
SRC-RAW-C1A02539CBF0F06DC6BD,工业锅炉,2022,2449,其他体育用品制造,燃气锅炉,DA001,9,[]
SRC-RAW-42D8CC928D7D9112379D,工业锅炉,2022,3360,金属表面处理及热处理加工,燃气锅炉,DA047,9,[]
SRC-RAW-1D1D8D5051F48CC46210,工业锅炉,2022,3360,金属表面处理及热处理加工,燃气锅炉,DA036,9,[]
SRC-RAW-606687207B54A9B68E54,工业锅炉,2022,3360,金属表面处理及热处理加工,燃气锅炉,DA046,9,[]
SRC-RAW-872F6190ACC778432063,工业锅炉,2022,2239,其他纸制品制造,燃油锅炉,DA002,9,[]
SRC-RAW-6D24301ECC1E21094090,工业锅炉,2022,2239,其他纸制品制造,燃油锅炉,DA002,9,[]
SRC-RAW-3150B8B6519B41C9536C,工业锅炉,2022,2449,其他体育用品制造,燃气锅炉,DA014,9,[]
SRC-RAW-1DE5D6D689C82A8FDC01,工业锅炉,2022,3360,金属表面处理及热处理加工,燃气锅炉,DA065,9,[]
SRC-RAW-2DA6EA21C4577E8BD1C6,工业锅炉,2022,3360,金属表面处理及热处理加工,燃气锅炉,DA066,9,[]
SRC-RAW-9E944AB5AD3C16C604CF,工业锅炉,2022,2239,其他纸制品制造,燃气锅炉,DA001,9,[]
SRC-RAW-DC92EAEAEA4ED4973A23,工业锅炉,2022,2239,其他纸制品制造,燃气锅炉,DA002,9,[]
SRC-RAW-F215093A363F3FEC7D5B,工业锅炉,2022,2239,其他纸制品制造,燃气锅炉,DA002,9,[]
SRC-RAW-8D95AD6EB9A6CE348150,工业锅炉,2022,2641,涂料制造,燃油锅炉,DA001,9,[]
SRC-RAW-75DD7110F8CC9651E0F5,工业锅炉,2022,2929,塑料零件及其他塑料制品制造,燃气锅炉,DA002,9,[]
SRC-RAW-C22CC8C49ECC35F50D9B,工业锅炉,2022,2023,刨花板制造,燃气锅炉,DA001,9,[]
SRC-RAW-4589C0EFDE88D7DDB1A4,工业锅炉,2022,2924,泡沫塑料制造,燃气锅炉,DA001,9,[]
SRC-RAW-DF5D6DE0A4F4E4B1E36C,工业锅炉,2022,3031,粘土砖瓦及建筑砌块制造,燃气锅炉,DA001,9,[]
SRC-RAW-159C1274A81C5DADD5F8,工业锅炉,2022,2110,木质家具制造,燃气锅炉,DA011,9,[]
SRC-RAW-6266C313FC0BA90A4377,工业锅炉,2022,2110,木质家具制造,燃气锅炉,DA011,9,[]
SRC-RAW-F532FE482FC7C6D23590,工业锅炉,2022,2110,木质家具制造,燃气锅炉,DA011,9,[]
SRC-RAW-5DF81D3FDDFC15DFD8CF,工业锅炉,2022,2924,泡沫塑料制造,燃气锅炉,DA001,9,[]
SRC-RAW-BC96FC9FE0C6596E78BA,工业锅炉,2022,2924,泡沫塑料制造,燃气锅炉,DA002,9,[]
SRC-RAW-8B4E0DF9FC0F2945A6CA,工业锅炉,2022,2929,塑料零件及其他塑料制品制造,燃气锅炉,DA001,9,[]
SRC-RAW-29B3E787B5D92ACB2413,工业锅炉,2022,1329,其他饲料加工,燃气锅炉,DA001,9,[]
SRC-RAW-C07EC3E32372F6A40C71,工业锅炉,2022,2669,其他专用化学产品制造,燃气锅炉,DA002,9,[]
SRC-RAW-4CEF6B0B0D0FC080571A,工业锅炉,2022,2924,泡沫塑料制造,燃气锅炉,DA001,9,[]
SRC-RAW-BF0A4DF1284473157F58,工业锅炉,2022,2110,木质家具制造,燃气锅炉,DA000,9,[]
SRC-RAW-C297E0BA64AF236C43BD,工业锅炉,2022,2239,其他纸制品制造,燃气锅炉,DA001,9,[]
SRC-RAW-5251D4BD55111ADE5460,工业锅炉,2022,2231,纸和纸板容器制造,燃气锅炉,DA001,9,[]
SRC-RAW-74AA9609ED38C6EA820E,工业锅炉,2022,2110,木质家具制造,燃气锅炉,DA001,9,[]
SRC-RAW-F79F0A16BAE2DC0E78D7,工业锅炉,2022,2239,其他纸制品制造,燃气锅炉,DA001,9,[]
SRC-RAW-2F9941D334CD962B75F4,工业锅炉,2022,2924,泡沫塑料制造,燃气锅炉,DA011,9,[]
SRC-RAW-3748DEF638748EDF5CA4,工业锅炉,2022,2019,其他木材加工,燃气锅炉,DA001,9,[]
SRC-RAW-68FAF62523A33F88893D,工业锅炉,2022,2239,其他纸制品制造,燃气锅炉,DA001,9,[]
SRC-RAW-C8957789ECB40BEC1B17,工业锅炉,2022,2239,其他纸制品制造,燃气锅炉,DA002,9,[]
SRC-RAW-94F1EBC82E3F4847DB6B,工业锅炉,2022,3424,金属切割及焊接设备制造,燃气锅炉,DA002,9,[]
SRC-RAW-292F0381A805A6C885C2,工业锅炉,2022,2641,涂料制造,燃气锅炉,DA003,9,[]
SRC-RAW-653D7E6B38B8D0DC42E4,工业锅炉,2022,3311,金属结构制造,燃气锅炉,DA002,9,[]
SRC-RAW-503E7810652B1682DEA7,工业锅炉,2022,3311,金属结构制造,燃气锅炉,DA002,9,[]
SRC-RAW-606F484812F566660739,工业锅炉,2022,3311,金属结构制造,燃气锅炉,DA002,9,[]
SRC-RAW-44D159C0429F0F7B5765,工业锅炉,2022,3311,金属结构制造,燃气锅炉,DA002,9,[]
SRC-RAW-3F0629F4415127CDAEC5,工业锅炉,2022,2661,化学试剂和助剂制造,燃气锅炉,DA001,9,[]
SRC-RAW-CF05CBFD9ABB2D718AD1,工业锅炉,2022,1499,其他未列明食品制造,燃气锅炉,DA001,9,[]
SRC-RAW-CC39CB06954FDE5E5C0E,工业锅炉,2022,2651,初级形态塑料及合成树脂制造,燃气锅炉,DA001,9,[]
SRC-RAW-054CD73BE2DBFCF75237,工业锅炉,2022,2651,初级形态塑料及合成树脂制造,燃气锅炉,DA002,9,[]
SRC-RAW-9DCB4CE8C5ED9BA82B4E,工业锅炉,2022,2919,其他橡胶制品制造,燃气锅炉,DA005,9,[]
SRC-RAW-655E208165AAF43FE351,工业锅炉,2022,3360,金属表面处理及热处理加工,燃气锅炉,DA007,9,[]
SRC-RAW-D9DFA3F5306E2200E439,工业锅炉,2022,2651,初级形态塑料及合成树脂制造,燃气锅炉,DA001,9,[]
SRC-RAW-CCF741A8A24D321DCC2A,工业锅炉,2022,1353,肉制品及副产品加工,燃气锅炉,DA003,9,[]
SRC-RAW-FDB5D229FC4A558FE077,火电热力,2022,4411,火力发电,燃气轮机,DA003,9,[]
SRC-RAW-3BB7445D05328122E78D,工业锅炉,2022,2669,其他专用化学产品制造,燃气锅炉,DA001,9,[]
SRC-RAW-BBAA3AD6251CAF4DB36F,工业锅炉,2022,2669,其他专用化学产品制造,燃气锅炉,DA002,9,[]
SRC-RAW-5F19D3186772B6CB43CD,工业锅炉,2022,2651,初级形态塑料及合成树脂制造,燃气锅炉,DA001,9,[]
SRC-RAW-F05D274D40AC9B642368,火电热力,2022,4411,火力发电,燃煤锅炉,DA002,9,[]
SRC-RAW-D4CA402F1C186726C968,火电热力,2022,4411,火力发电,燃煤锅炉,DA002,9,[]
SRC-RAW-E906ED14C8B1A69F8B60,工业锅炉,2022,3985,电子专用材料制造,燃气锅炉,DA001,9,[]
SRC-RAW-D101A5FB81E924C8C632,工业锅炉,2022,3985,电子专用材料制造,燃气锅炉,DA002,9,[]
SRC-RAW-DE906A6B92B09AD2E309,工业锅炉,2022,3985,电子专用材料制造,燃气锅炉,DA003,9,[]
SRC-RAW-7F67D5F7567694B8061E,火电热力,2022,4411,火力发电,燃煤锅炉,DA001,17,[]
SRC-RAW-3DAC9E79EA63416E368D,火电热力,2022,4411,火力发电,燃煤锅炉,DA002,17,[]
SRC-RAW-E3BC88DFACEAAA1B6157,火电热力,2022,4411,火力发电,燃煤锅炉,DA003,17,[]
SRC-RAW-B1F479DFAC44FA5CF4FB,工业锅炉,2022,2925,塑料人造革、合成革制造,燃气锅炉,DA003,9,[]
SRC-RAW-E300D0CA3AB407A3F684,工业锅炉,2022,2925,塑料人造革、合成革制造,燃气锅炉,DA002,9,[]
SRC-RAW-635D84F07FA64F8FEAE8,工业锅炉,2022,1723,毛染整精加工,燃气锅炉,DA001,9,[]
SRC-RAW-3F9AD360A6463A22261C,工业锅炉,2022,1723,毛染整精加工,燃气锅炉,DA001,9,[]
SRC-RAW-A3AA9018ED2DE87BEC66,工业锅炉,2022,1929,其他皮革制品制造,燃气锅炉,DA001,9,[]
SRC-RAW-764D1A80B96306CFBC9F,工业锅炉,2022,2925,塑料人造革、合成革制造,燃气锅炉,DA001,9,[]
SRC-RAW-A3432FD3FABE5EFC447A,工业锅炉,2022,2925,塑料人造革、合成革制造,燃气锅炉,DA001,9,[]
SRC-RAW-5B62BC6D0281AA5E494F,工业锅炉,2022,2239,其他纸制品制造,燃气锅炉,DA004,9,[]
SRC-RAW-8E19593F6EA939E08379,工业锅炉,2022,2929,塑料零件及其他塑料制品制造,燃气锅炉,DA001,9,[]
SRC-RAW-3AE35C06042FE8175AB3,工业锅炉,2022,2929,塑料零件及其他塑料制品制造,燃气锅炉,DA002,9,[]
SRC-RAW-7D6C160C01C8161C41CD,工业锅炉,2022,2922,塑料板、管、型材制造,燃气锅炉,DA005,9,[]
SRC-RAW-631D0DBADDC20BE7BBF9,工业锅炉,2022,2929,塑料零件及其他塑料制品制造,燃气锅炉,DA001,9,[]
SRC-RAW-5729D8DE4E7BF1B84E01,工业锅炉,2022,2929,塑料零件及其他塑料制品制造,燃气锅炉,DA001,9,[]
SRC-RAW-A20702B7866AD7982FC0,工业锅炉,2022,1469,其他调味品、发酵制品制造,燃气锅炉,DA001,9,[]
SRC-RAW-D65D6840FF25A017564F,工业锅炉,2022,1469,其他调味品、发酵制品制造,燃气锅炉,DA002,9,[]
SRC-RAW-F248164DF6B5D41D3A27,工业锅炉,2022,2231,纸和纸板容器制造,燃气锅炉,DA002,9,[]
SRC-RAW-E66CFAF0F344B020FBCB,工业锅炉,2022,2925,塑料人造革、合成革制造,燃气锅炉,DA001,9,[]
SRC-RAW-04DE2E5BE0FE2EC3F62C,工业锅炉,2022,2924,泡沫塑料制造,燃气锅炉,DA001,9,[]
SRC-RAW-3B04B59FB5C05AB80CB1,工业锅炉,2022,2924,泡沫塑料制造,燃气锅炉,DA002,9,[]
SRC-RAW-1704C375BBA5EB636CB1,工业锅炉,2022,3670,汽车零部件及配件制造,燃气锅炉,DA002,9,[]
SRC-RAW-2F406CFFEFB381AC4E36,工业锅炉,2022,3670,汽车零部件及配件制造,燃气锅炉,DA003,9,[]
SRC-RAW-864206880F0AEA9E4F05,工业锅炉,2022,2925,塑料人造革、合成革制造,燃气锅炉,DA001,9,[]
SRC-RAW-EE735A3BF173A5A834E6,工业锅炉,2022,2029,其他人造板制造,燃气锅炉,DA001,9,[]
SRC-RAW-12EC93D336D3CEE3F8C8,工业锅炉,2022,3099,其他非金属矿物制品制造,燃气锅炉,DA002,9,[]
SRC-RAW-9199B2CEA6CE1DD6760C,工业锅炉,2022,2925,塑料人造革、合成革制造,燃气锅炉,DA001,9,[]
SRC-RAW-7CC4DB9DF246619C8D22,工业锅炉,2022,2651,初级形态塑料及合成树脂制造,燃气锅炉,DA002,9,[]
SRC-RAW-9DACF42E9A3AB4D01298,火电热力,2022,4417,生物质能发电,燃生物质锅炉,DA001,17,[]
SRC-RAW-D6E45D875E9AF2B3BB71,火电热力,2022,4417,生物质能发电,燃生物质锅炉,DA001,17,[]
SRC-RAW-540564F3DCE00B52D244,工业锅炉,2022,3974,显示器件制造,燃气锅炉,DA007,9,[]
SRC-RAW-DFD1A97CE84FD8FF8722,工业锅炉,2022,3974,显示器件制造,燃气锅炉,DA008,9,[]
SRC-RAW-33A1F0F4A4A24DE7C479,工业锅炉,2022,3974,显示器件制造,燃气锅炉,DA009,9,[]
SRC-RAW-364ADC4259FED2C72DCC,范围外,2022,2929,塑料零件及其他塑料制品制造,燃气轮机,DA001,0,[]
SRC-RAW-C1B03B9D7A7B7FD5E97B,工业锅炉,2022,2919,其他橡胶制品制造,燃气锅炉,DA010,9,[]
SRC-RAW-BC05650C37564F0C0A3E,工业锅炉,2022,1499,其他未列明食品制造,燃气锅炉,DA001,9,[]
SRC-RAW-6A0EA7CECFCB7EB0D8DD,工业锅炉,2022,2912,橡胶板、管、带制造,燃气锅炉,DA001,9,[]
SRC-RAW-8C205A0AEA52142B48EA,工业锅炉,2022,2919,其他橡胶制品制造,燃气锅炉,DA001,9,[]
SRC-RAW-88D9ED2A77B3E71C0834,火电热力,2022,4417,生物质能发电,燃生物质锅炉,DA003,17,[]
SRC-RAW-07BDEFC16D760A9208C5,火电热力,2022,4417,生物质能发电,燃生物质锅炉,DA003,17,[]
SRC-RAW-5708B962ACE800FC2524,火电热力,2022,4417,生物质能发电,燃生物质锅炉,DA003,17,[]
SRC-RAW-EBFE0D1300EE81159919,火电热力,2022,4417,生物质能发电,燃生物质锅炉,DA003,17,[]
SRC-RAW-16997FB97D190B312090,工业锅炉,2022,1910,皮革鞣制加工,燃气锅炉,DA001,9,[]
SRC-RAW-FD0E36F891862628D213,工业锅炉,2022,2231,纸和纸板容器制造,燃气锅炉,DA001,9,[]
SRC-RAW-74809B16E9EC47213FC7,工业锅炉,2022,2231,纸和纸板容器制造,燃气锅炉,DA001,9,[]
SRC-RAW-BCB784908BC80A7CCEB8,工业锅炉,2022,1781,非织造布制造,燃气锅炉,DA001,9,[]
SRC-RAW-D21139D09B87726593FA,工业锅炉,2022,2925,塑料人造革、合成革制造,燃气锅炉,DA001,9,[]
SRC-RAW-E01FDC14D6571D8D4B32,工业锅炉,2022,2641,涂料制造,燃气锅炉,DA001,9,[]
SRC-RAW-1D5E720748D5EE02AC94,工业锅炉,2022,2021,胶合板制造,燃气锅炉,DA004,9,[]
SRC-RAW-D85B044F8A93E6416658,工业锅炉,2022,2661,化学试剂和助剂制造,燃油锅炉,DA002,9,[]
SRC-RAW-018525B458253EB3C56E,范围外,2022,2922,塑料板、管、型材制造,燃气轮机,DA001,0,[]
SRC-RAW-19F12945AC466FFD44A9,工业锅炉,2022,1781,非织造布制造,燃气锅炉,DA005,9,[]
SRC-RAW-60F1DEB6A65D322E09B3,工业锅炉,2022,2444,运动防护用具制造,燃气锅炉,DA001,9,[]
SRC-RAW-DE1EC5D4748556BBE132,工业锅炉,2022,2444,运动防护用具制造,燃气锅炉,DA002,9,[]
SRC-RAW-A7BF1C067BEA0C6DA488,工业锅炉,2022,2444,运动防护用具制造,燃气锅炉,DA003,9,[]
SRC-RAW-AE278289897B14D872AE,工业锅炉,2022,2913,橡胶零件制造,燃气锅炉,DA009,9,[]
SRC-RAW-8283EFE02B3EF5DA6A21,工业锅炉,2022,1752,化纤织物染整精加工,燃气锅炉,DA001,9,[]
SRC-RAW-904F8FA0A2DEA90F4113,工业锅炉,2022,2929,塑料零件及其他塑料制品制造,燃气锅炉,DA001,9,[]
SRC-RAW-54A52AAD97A9FE094A54,工业锅炉,2022,2929,塑料零件及其他塑料制品制造,燃气锅炉,DA001,9,[]
SRC-RAW-7DF0D299352BF2B4EC38,工业锅炉,2022,2929,塑料零件及其他塑料制品制造,燃气锅炉,DA001,9,[]
SRC-RAW-CA720072156253DE6F4B,工业锅炉,2022,1752,化纤织物染整精加工,燃气锅炉,DA009,9,[]
SRC-RAW-17CC5A2E48830CFAC5B3,工业锅炉,2022,1752,化纤织物染整精加工,燃气锅炉,DA009,9,[]
SRC-RAW-CE41359F6B09887CC1B5,工业锅炉,2022,3831,电线、电缆制造,燃气锅炉,DA001,9,[]
SRC-RAW-8652ECD377A37A8B46C1,工业锅炉,2022,1752,化纤织物染整精加工,燃气锅炉,DA006,9,[]
SRC-RAW-590E28889E3BFDC0F186,工业锅炉,2022,2912,橡胶板、管、带制造,燃气锅炉,DA001,9,[]
SRC-RAW-01DC771E150EF527113F,工业锅炉,2022,2912,橡胶板、管、带制造,燃气锅炉,DA002,9,[]
SRC-RAW-4456CE6924F216E8EA4B,工业锅炉,2022,2929,塑料零件及其他塑料制品制造,燃气锅炉,DA001,9,[]
SRC-RAW-5D1EE7300AD3E3636930,工业锅炉,2022,2929,塑料零件及其他塑料制品制造,燃气锅炉,DA002,9,[]
SRC-RAW-65FD9FF10BDCB4EADEEA,工业锅炉,2022,1959,其他制鞋业,燃气锅炉,DA002,9,[]
SRC-RAW-15AEA4FE31D4147555B2,工业锅炉,2022,1959,其他制鞋业,燃气锅炉,DA003,9,[]
SRC-RAW-32E9E6AC8B843BDD1097,工业锅炉,2022,1959,其他制鞋业,燃气锅炉,DA004,9,[]
SRC-RAW-5DA8DD3345799C757B9D,工业锅炉,2022,3099,其他非金属矿物制品制造,燃气锅炉,DA003,9,[]
SRC-RAW-528DE4453A7F77B89F0E,工业锅炉,2022,3099,其他非金属矿物制品制造,燃气锅炉,DA003,9,[]
SRC-RAW-349082408260C0240A68,工业锅炉,2022,3099,其他非金属矿物制品制造,燃气锅炉,DA003,9,[]
SRC-RAW-5C763746065A0A46C484,工业锅炉,2022,3021,水泥制品制造,燃气锅炉,DA001,9,[]
SRC-RAW-8A1002458BFB4AA709A4,工业锅炉,2022,2012,木片加工,燃气锅炉,DA001,9,[]
SRC-RAW-2BD0C455FB654B1A1753,工业锅炉,2022,2651,初级形态塑料及合成树脂制造,燃气锅炉,DA001,9,[]
SRC-RAW-087D5BDE24635E965DE7,工业锅炉,2022,2651,初级形态塑料及合成树脂制造,燃气锅炉,DA001,9,[]
SRC-RAW-6EEA185A96887212933D,工业锅炉,2022,3099,其他非金属矿物制品制造,燃气锅炉,DA001,9,[]
SRC-RAW-ABAD9365ED7704ABC37E,工业锅炉,2022,3099,其他非金属矿物制品制造,燃气锅炉,DA002,9,[]
SRC-RAW-AB14C7FE3226BB7D238F,工业锅炉,2022,3399,其他未列明金属制品制造,燃油锅炉,DA003,9,[]
SRC-RAW-ACA4935DB7137D86914F,工业锅炉,2022,2651,初级形态塑料及合成树脂制造,燃气锅炉,DA002,9,[]
SRC-RAW-D58FCE76180CBED0D483,工业锅炉,2022,2669,其他专用化学产品制造,燃油锅炉,DA001,9,[]
SRC-RAW-91769EC0CCD9A862A2FF,工业锅炉,2022,2929,塑料零件及其他塑料制品制造,燃气锅炉,DA001,9,[]
SRC-RAW-8BBEF913F8D78B05A778,工业锅炉,2022,2929,塑料零件及其他塑料制品制造,燃气锅炉,DA002,9,[]
SRC-RAW-B2BEA554A6132020AB59,工业锅炉,2022,3031,粘土砖瓦及建筑砌块制造,燃气锅炉,DA001,9,[]
SRC-RAW-0D265D8FE6353118F1D0,工业锅炉,2022,1752,化纤织物染整精加工,燃气锅炉,DA016,9,[]
SRC-RAW-3D0F6E42BE684B8EC52F,工业锅炉,2022,3099,其他非金属矿物制品制造,燃气锅炉,DA001,9,[]
SRC-RAW-120DF2F7253FE2A3C73E,工业锅炉,2022,3099,其他非金属矿物制品制造,燃气锅炉,DA001,9,[]
SRC-RAW-A1982FF4F6BBAF4D11F8,工业锅炉,2022,3099,其他非金属矿物制品制造,燃气锅炉,DA001,9,[]
SRC-RAW-854C2B5D351D9C4D0718,工业锅炉,2022,2019,其他木材加工,燃气锅炉,DA001,9,[]
SRC-RAW-58ABBE84746063C7DAEF,范围外,2022,2019,其他木材加工,燃气轮机,DA001,0,[]
SRC-RAW-1A1110C95B07FB2ECF4B,范围外,2022,2019,其他木材加工,燃气轮机,DA001,0,[]
SRC-RAW-FE95C424ACD11943001F,工业锅炉,2022,2239,其他纸制品制造,燃气锅炉,DA001,9,[]
SRC-RAW-C9766C1A039CF417BE27,工业锅炉,2022,2924,泡沫塑料制造,燃气锅炉,DA001,9,[]
SRC-RAW-C2F80A49BBC7FD02089B,工业锅炉,2022,2019,其他木材加工,燃气锅炉,DA001,9,[]
SRC-RAW-A6D44651272AF9D2053D,工业锅炉,2022,2651,初级形态塑料及合成树脂制造,燃气锅炉,DA010,9,[]
SRC-RAW-4063F8309E707D1DDAFF,工业锅炉,2022,2651,初级形态塑料及合成树脂制造,燃气锅炉,DA001,9,[]
SRC-RAW-B5CFF7AAC2A9307661C5,工业锅炉,2022,2651,初级形态塑料及合成树脂制造,燃气锅炉,DA002,9,[]
SRC-RAW-8E880A58EC31520571BD,火电热力,2022,4430,热力生产和供应,燃煤锅炉,DA001,9,[]
SRC-RAW-B156C48CC9B1A481901B,火电热力,2022,4430,热力生产和供应,燃煤锅炉,DA001,9,[]
SRC-RAW-1A6C774067FCCA04A420,火电热力,2022,4430,热力生产和供应,燃气锅炉,DA001,9,[]
SRC-RAW-57E69DC317746C9FB303,火电热力,2022,4430,热力生产和供应,燃气锅炉,DA001,9,[]
SRC-RAW-0EDF476F349CE5ADE9B6,火电热力,2022,4411,火力发电,燃气轮机,DA001,9,[]
SRC-RAW-CA1900C60D52D426E520,火电热力,2022,4411,火力发电,燃气轮机,DA002,9,[]
SRC-RAW-6676A728154F1FFB3ACD,火电热力,2022,4411,火力发电,燃气锅炉,DA003,9,[]
SRC-RAW-0FAD2DBE98099DAE3F58,工业锅炉,2022,3360,金属表面处理及热处理加工,燃气锅炉,DA008,9,[]
SRC-RAW-B663ED5F1D051E474434,工业锅炉,2022,3360,金属表面处理及热处理加工,燃气锅炉,DA010,9,[]
SRC-RAW-AC3BC494FC3246F375B9,工业锅炉,2022,3360,金属表面处理及热处理加工,燃气锅炉,DA017,9,[]
SRC-RAW-FD46941D660A17925203,工业锅炉,2022,3360,金属表面处理及热处理加工,燃气锅炉,DA018,9,[]
SRC-RAW-94F99811219C7D9F008F,工业锅炉,2022,2221,机制纸及纸板制造,燃气锅炉,DA001,9,[]
SRC-RAW-822C34A08F5F308BAA3B,工业锅炉,2022,1319,其他谷物磨制,燃气锅炉,DA001,9,[]
SRC-RAW-77E45EDBEEFBAB332D9C,工业锅炉,2022,1431,米、面制品制造,燃气锅炉,DA001,9,[]
SRC-RAW-18BD72F193BFB3B8B5E1,工业锅炉,2022,2929,塑料零件及其他塑料制品制造,燃气锅炉,DA001,9,[]
SRC-RAW-FEB782F291DE73CFA331,工业锅炉,2022,1954,橡胶鞋制造,燃气锅炉,DA003,9,[]
SRC-RAW-7E9B47287FDA669D9BCD,工业锅炉,2022,2239,其他纸制品制造,燃气锅炉,DA001,9,[]
SRC-RAW-EA451DAB5590368A5D77,工业锅炉,2022,2223,加工纸制造,燃气锅炉,DA002,9,[]
SRC-RAW-4BFB381547C0B1F661CD,工业锅炉,2022,1353,肉制品及副产品加工,燃气锅炉,DA001,9,[]
SRC-RAW-315C631C7FF91FA2D606,工业锅炉,2022,2231,纸和纸板容器制造,燃气锅炉,DA001,9,[]
SRC-RAW-84732AAA943F4967EB36,工业锅炉,2022,2926,塑料包装箱及容器制造,燃气锅炉,DA001,9,[]
SRC-RAW-897E2C2A87F6559F3523,工业锅炉,2022,1953,塑料鞋制造,燃气锅炉,DA001,9,[]
SRC-RAW-430C02CA770C2DFFAF2B,工业锅炉,2022,1492,保健食品制造,燃气锅炉,DA001,9,[]
SRC-RAW-A2F66856176211F75ED0,工业锅炉,2022,1431,米、面制品制造,燃气锅炉,DA001,9,[]
SRC-RAW-4A235B31EB462794CA66,工业锅炉,2022,2319,包装装潢及其他印刷,燃气锅炉,DA002,9,[]
SRC-RAW-57219D96F176BE4B4603,工业锅炉,2022,1431,米、面制品制造,燃气锅炉,DA001,9,[]
SRC-RAW-9CDF74DCD2D887F99169,工业锅炉,2022,1431,米、面制品制造,燃气锅炉,DA002,9,[]
SRC-RAW-3E434F514C6E5005030C,工业锅炉,2022,2221,机制纸及纸板制造,燃气锅炉,DA001,9,[]
SRC-RAW-E8160218F0F65A638AE0,工业锅炉,2022,1712,棉织造加工,燃气锅炉,DA001,9,[]
SRC-RAW-C30BBD23CA5FA3386991,工业锅炉,2022,1819,其他机织服装制造,燃气锅炉,DA001,9,[]
SRC-RAW-9C4FE51707EAD2E39589,工业锅炉,2022,2613,无机盐制造,燃气锅炉,DA002,9,[]
SRC-RAW-6063D7714D0115D773CE,工业锅炉,2022,2613,无机盐制造,燃气锅炉,DA002,9,[]
SRC-RAW-697A5FB9C15C1A8B6387,工业锅炉,2022,1929,其他皮革制品制造,燃气锅炉,DA002,9,[]
SRC-RAW-943848C1991D59FBAD94,范围外,2022,2921,塑料薄膜制造,,DA001,0,[]
SRC-RAW-A00E107D6B6F106C5072,工业锅炉,2022,3099,其他非金属矿物制品制造,燃气锅炉,DA001,9,[]
SRC-RAW-6A7ACE363C66F836898E,工业锅炉,2022,1752,化纤织物染整精加工,燃气锅炉,DA003,9,[]
SRC-RAW-5A2E56310A0AD0B4A2FE,工业锅炉,2022,1752,化纤织物染整精加工,燃气锅炉,DA003,9,[]
SRC-RAW-79B9E530A61A188D8E63,工业锅炉,2022,1431,米、面制品制造,燃气锅炉,DA001,9,[]
SRC-RAW-E8B4619984310D9A8D61,工业锅炉,2022,2029,其他人造板制造,燃气锅炉,DA004,9,[]
SRC-RAW-5DB221B2784D9C9B4E49,工业锅炉,2022,2231,纸和纸板容器制造,燃气锅炉,DA001,9,[]
SRC-RAW-D69E3EB7F873ECF02B86,工业锅炉,2022,3031,粘土砖瓦及建筑砌块制造,燃气锅炉,DA001,9,[]
SRC-RAW-6E0EE1A3B7FE30E27A8D,工业锅炉,2022,1954,橡胶鞋制造,燃气锅炉,DA001,9,[]
SRC-RAW-84305BCD3A49C22B294C,工业锅炉,2022,1929,其他皮革制品制造,燃气锅炉,DA004,9,[]
SRC-RAW-8D9A1AE05D6F0DDA3781,工业锅炉,2022,1929,其他皮革制品制造,燃气锅炉,DA004,9,[]
SRC-RAW-596F1E5DAC22C0776C6E,工业锅炉,2022,1910,皮革鞣制加工,燃气锅炉,DA008,9,[]
SRC-RAW-36101E9EBF7E33EB32CE,工业锅炉,2022,1929,其他皮革制品制造,燃气锅炉,DA001,9,[]
SRC-RAW-EF0B383F1F4D5FF30A41,工业锅炉,2022,1431,米、面制品制造,燃气锅炉,DA001,9,[]
SRC-RAW-3EF12D8C6D02A49609FD,工业锅炉,2022,1959,其他制鞋业,燃气锅炉,DA001,9,[]
SRC-RAW-7B07FD44FD6EAD154128,工业锅炉,2022,1431,米、面制品制造,燃气锅炉,DA001,9,[]
SRC-RAW-2A75407AFD0891257684,工业锅炉,2022,1431,米、面制品制造,燃气锅炉,DA001,9,[]
SRC-RAW-A4890B0276279349FD2B,工业锅炉,2022,2319,包装装潢及其他印刷,燃气锅炉,DA002,9,[]
SRC-RAW-6C8A62FE1566849C3D92,工业锅炉,2022,2239,其他纸制品制造,燃气锅炉,DA001,9,[]
SRC-RAW-A37FFFAF587CE0095A82,工业锅炉,2022,2239,其他纸制品制造,燃气锅炉,DA001,9,[]
SRC-RAW-AF6FD4967F6A9FA293A9,工业锅炉,2022,1431,米、面制品制造,燃气锅炉,DA001,9,[]
SRC-RAW-2BCB801DA39CA2AEE267,工业锅炉,2022,1431,米、面制品制造,燃气锅炉,DA001,9,[]
SRC-RAW-96965189696FEEF625BD,工业锅炉,2022,1431,米、面制品制造,燃气锅炉,DA001,9,[]
SRC-RAW-DF5668C6A1F9C5F65D3C,工业锅炉,2022,2231,纸和纸板容器制造,燃气锅炉,DA006,9,[]
SRC-RAW-88D5BC69038362B6A5AE,工业锅炉,2022,2666,环境污染处理专用药剂材料制造,燃气锅炉,DA001,9,[]
SRC-RAW-24093BA2E8951899FA38,工业锅炉,2022,1713,棉印染精加工,燃气锅炉,DA006,9,[]
SRC-RAW-1A4C6169854AF950732C,工业锅炉,2022,1713,棉印染精加工,燃气锅炉,DA006,9,[]
SRC-RAW-79165623EAA46F8F1EDA,工业锅炉,2022,1713,棉印染精加工,燃气锅炉,DA004,9,[]
SRC-RAW-636703FF4A1D68492B55,范围外,2022,0511,种子种苗培育活动,燃气锅炉,DA001,0,[]
SRC-RAW-21D949E00725DF269968,范围外,2022,0511,种子种苗培育活动,燃气锅炉,DA002,0,[]
SRC-RAW-2C6166BFF054AAE39B26,工业锅炉,2022,2231,纸和纸板容器制造,燃气锅炉,DA001,9,[]
SRC-RAW-5EC44D7E5D2A998A6C8E,工业锅炉,2022,2740,中成药生产,燃气锅炉,DA004,9,[]
SRC-RAW-4C3B936DAD8DAB4686B4,工业锅炉,2022,2221,机制纸及纸板制造,燃煤锅炉,DA002,9,[]
SRC-RAW-B38EDC42BC1BE9A5CAB7,工业锅炉,2022,2221,机制纸及纸板制造,燃煤锅炉,DA003,9,[]
SRC-RAW-67E4013E9CAB14733DE4,工业锅炉,2022,2221,机制纸及纸板制造,燃煤锅炉,DA002,9,[]
SRC-RAW-EF508FA6E060F8F80BA9,工业锅炉,2022,2221,机制纸及纸板制造,燃煤锅炉,DA003,9,[]
SRC-RAW-047B5DC7001BE36DF321,工业锅炉,2022,2221,机制纸及纸板制造,其他锅炉,DA002,9,[]
SRC-RAW-6D23CF0454501646150C,工业锅炉,2022,1331,食用植物油加工,燃气锅炉,DA001,9,[]
SRC-RAW-16D29E2EF77BA05C9B52,工业锅炉,2022,1331,食用植物油加工,燃气锅炉,DA002,9,[]
SRC-RAW-BA4810ADCA7C7500F425,工业锅炉,2022,1399,其他未列明农副食品加工,燃气锅炉,DA001,9,[]
SRC-RAW-E0B869ECB499B676429E,火电热力,2022,4417,生物质能发电,其他锅炉,DA001,9,[]
SRC-RAW-D895BF95646AB77F4052,火电热力,2022,4417,生物质能发电,其他锅炉,DA002,9,[]
SRC-RAW-45130DFF6E5A482D76B3,火电热力,2022,4417,生物质能发电,其他锅炉,DA003,9,[]
SRC-RAW-2C881EB44920EDE36209,工业锅炉,2022,1331,食用植物油加工,燃气锅炉,DA054,9,[]
SRC-RAW-BF437889428D49D34B0B,工业锅炉,2022,1331,食用植物油加工,燃气锅炉,DA055,9,[]
SRC-RAW-EED8EB88730CE892CDA3,工业锅炉,2022,1331,食用植物油加工,燃气锅炉,DA056,9,[]
SRC-RAW-E71E30D09A8E200754D4,工业锅炉,2022,1499,其他未列明食品制造,燃气锅炉,DA001,9,[]
SRC-RAW-45187CCF1201CAEB3747,工业锅炉,2022,1499,其他未列明食品制造,燃气锅炉,DA001,9,[]
SRC-RAW-DCC51B1DF99C0E02B4B7,工业锅炉,2022,1499,其他未列明食品制造,燃气锅炉,DA001,9,[]
SRC-RAW-C59A8F50EDBE3575088F,范围外,2022,1353,肉制品及副产品加工,,DA001,0,[]
SRC-RAW-012BAD168535854F2F44,工业锅炉,2022,1723,毛染整精加工,燃气锅炉,DA001,9,[]
SRC-RAW-71E9C1BA8A4B4DAA4095,工业锅炉,2022,1723,毛染整精加工,燃气锅炉,DA002,9,[]
SRC-RAW-F0CA7C9D777FE1734C4F,工业锅炉,2022,1391,淀粉及淀粉制品制造,燃煤锅炉,DA001,9,[]
SRC-RAW-9C6B4707675ACBC33B55,工业锅炉,2022,2221,机制纸及纸板制造,燃煤锅炉,DA001,9,[]
SRC-RAW-0446E22AB6D9960E7D50,工业锅炉,2022,2221,机制纸及纸板制造,其他锅炉,DA028,9,[]
SRC-RAW-2BA048FA58280879EE4C,工业锅炉,2022,2221,机制纸及纸板制造,其他锅炉,DA006,9,[]
SRC-RAW-1AF21459EF3A70BEDD8D,工业锅炉,2022,2221,机制纸及纸板制造,燃煤锅炉,DA019,9,[]
SRC-RAW-4E59EAB4F2E48EC94BEB,工业锅炉,2022,2221,机制纸及纸板制造,燃煤锅炉,DA002,9,[]
SRC-RAW-86ECEFDE8206FB409A3D,工业锅炉,2022,2221,机制纸及纸板制造,燃煤锅炉,DA002,9,[]
SRC-RAW-50F033F252321CC47E7F,工业锅炉,2022,2221,机制纸及纸板制造,燃煤锅炉,DA003,9,[]
SRC-RAW-9738EC4426C00780C8D7,工业锅炉,2022,2221,机制纸及纸板制造,燃煤锅炉,DA004,9,[]
SRC-RAW-6E67CE59150CFC30034A,工业锅炉,2022,2221,机制纸及纸板制造,燃煤锅炉,DA005,9,[]
SRC-RAW-9BF69049A57980E3BAD4,工业锅炉,2022,2221,机制纸及纸板制造,其他锅炉,DA007,9,[]
SRC-RAW-5963BAEA53E733A15269,工业锅炉,2022,2221,机制纸及纸板制造,其他锅炉,DA029,9,[]
SRC-RAW-B356B2E71C035568C9FB,工业锅炉,2022,1331,食用植物油加工,燃气锅炉,DA003,9,[]
SRC-RAW-8F099E94334F1880537D,工业锅炉,2022,1331,食用植物油加工,燃气锅炉,DA002,9,[]
SRC-RAW-0EB294BC18678FD485D2,范围外,2022,1713,棉印染精加工,,DA001,0,[]
SRC-RAW-03FC74BF2F36C0133C7E,范围外,2022,1713,棉印染精加工,,DA002,0,[]
SRC-RAW-C13AF692B2DFB14B2C41,工业锅炉,2022,3982,电子电路制造,燃油锅炉,DA016,9,[]
SRC-RAW-A9F91DD248E59C583623,工业锅炉,2022,3982,电子电路制造,燃气锅炉,DA017,9,[]
SRC-RAW-289E2E27D32AC29FF085,工业锅炉,2022,1469,其他调味品、发酵制品制造,燃油锅炉,DA001,9,[]
SRC-RAW-E5F10347A494C8E7973E,工业锅炉,2022,3031,粘土砖瓦及建筑砌块制造,燃气锅炉,DA001,9,[]
SRC-RAW-A89E96874023A9ECC2A8,工业锅炉,2022,3031,粘土砖瓦及建筑砌块制造,燃气锅炉,DA001,9,[]
SRC-RAW-DBF1E229DF9B65EC8B58,工业锅炉,2022,4190,其他未列明制造业,燃气锅炉,DA001,9,[]
SRC-RAW-2E66A5FC18D0475E35C2,工业锅炉,2022,1331,食用植物油加工,燃气锅炉,DA001,9,[]
SRC-RAW-546AD0C4820F2B2B7013,工业锅炉,2022,3022,砼结构构件制造,燃气锅炉,DA001,9,[]
SRC-RAW-972F6C7A39AB9261ED49,工业锅炉,2022,3022,砼结构构件制造,燃气锅炉,DA002,9,[]
SRC-RAW-14429F97F8F5592A2AEC,工业锅炉,2022,2921,塑料薄膜制造,燃气锅炉,DA001,9,[]
SRC-RAW-BF325D078789DC015B3F,工业锅炉,2022,1752,化纤织物染整精加工,燃气锅炉,DA001,9,[]
SRC-RAW-46ED9A6F68A9AC3B3EBD,工业锅炉,2022,2641,涂料制造,燃气锅炉,DA004,9,[]
SRC-RAW-B9E125983FE46823B8E3,工业锅炉,2022,2651,初级形态塑料及合成树脂制造,燃气锅炉,DA004,9,[]
SRC-RAW-0CC27FE381F00364FAC4,工业锅炉,2022,2511,原油加工及石油制品制造,燃气锅炉,DA002,9,[]
SRC-RAW-7E48986C76BAE1F445A3,工业锅炉,2022,1331,食用植物油加工,燃气锅炉,DA020,9,[]
SRC-RAW-C4689444558D3D3F6B12,工业锅炉,2022,1331,食用植物油加工,燃气锅炉,DA021,9,[]
SRC-RAW-2B77F0373D62781CFC89,工业锅炉,2022,1331,食用植物油加工,燃气锅炉,DA022,9,[]
SRC-RAW-BA7859C0E85AD47CE769,工业锅炉,2022,2681,肥皂及洗涤剂制造,燃气锅炉,DA005,9,[]
SRC-RAW-1F6333D2B8A494C46271,工业锅炉,2022,2681,肥皂及洗涤剂制造,燃气锅炉,DA006,9,[]
SRC-RAW-68D6AFC9CF58B095849A,火电热力,2022,4430,热力生产和供应,燃气轮机,DA002,9,[]
SRC-RAW-FBD291B35556BBA92444,火电热力,2022,4430,热力生产和供应,燃气锅炉,DA003,9,[]
SRC-RAW-C1C5B08B42D257A2E5AC,火电热力,2022,4430,热力生产和供应,燃气锅炉,DA004,9,[]
SRC-RAW-6E4FEC14D127B80E4601,火电热力,2022,4430,热力生产和供应,燃气锅炉,DA005,9,[]
SRC-RAW-5479998AF260EA90EB92,火电热力,2022,4430,热力生产和供应,燃气锅炉,DA006,9,[]
SRC-RAW-A5A17D585F2737F40532,工业锅炉,2022,1331,食用植物油加工,燃气锅炉,DA009,9,[]
SRC-RAW-5177FA05E558B28228F3,火电热力,2022,4417,生物质能发电,燃生物质锅炉,DA001,9,[]
SRC-RAW-AC6301698694DFD75E60,火电热力,2022,4417,生物质能发电,燃生物质锅炉,DA002,9,[]
SRC-RAW-1880A1585754FDEEF821,火电热力,2022,4417,生物质能发电,燃生物质锅炉,DA003,9,[]
SRC-RAW-5254A29C2277F43AAC4A,工业锅炉,2022,2319,包装装潢及其他印刷,燃气锅炉,DA006,9,[]
SRC-RAW-A34B36832567BCC9B783,工业锅炉,2022,1431,米、面制品制造,燃气锅炉,DA001,9,[]
SRC-RAW-CC816D8160795E6CAE16,工业锅炉,2022,1752,化纤织物染整精加工,燃气锅炉,DA001,9,[]
SRC-RAW-1F1BD4C883B22E997E86,工业锅炉,2022,2661,化学试剂和助剂制造,燃气锅炉,DA003,9,[]
SRC-RAW-BBCD75004661D0952F5A,范围外,2022,2661,化学试剂和助剂制造,,DA003,0,[]
SRC-RAW-23518C38DFA3AA598D7C,工业锅炉,2022,2661,化学试剂和助剂制造,燃气锅炉,DA002,9,[]
SRC-RAW-68BC9DC70ED301210A11,工业锅炉,2022,2919,其他橡胶制品制造,燃气锅炉,DA003,9,[]
SRC-RAW-64B29F3CA0B8BA4D7013,工业锅炉,2022,2239,其他纸制品制造,燃气锅炉,DA002,9,[]
SRC-RAW-48A1A590227A38F01F14,工业锅炉,2022,2612,无机碱制造,燃气锅炉,DA001,9,[]
SRC-RAW-15100EA73F6A32F9126D,工业锅炉,2022,2641,涂料制造,燃气锅炉,DA001,9,[]
SRC-RAW-7BB5A8420A1C71D7C7C6,工业锅炉,2022,2641,涂料制造,燃气锅炉,DA002,9,[]
SRC-RAW-3571CD1B9598A326CCCD,工业锅炉,2022,2919,其他橡胶制品制造,燃气锅炉,DA002,9,[]
SRC-RAW-A3BCF84381E44187779A,工业锅炉,2022,3340,金属丝绳及其制品制造,燃气锅炉,DA002,9,[]
SRC-RAW-D20D737A22F0DD163F7F,工业锅炉,2022,2221,机制纸及纸板制造,燃煤锅炉,DA001,9,[]
SRC-RAW-2DDC5871A960FF9A2A44,工业锅炉,2022,2221,机制纸及纸板制造,燃煤锅炉,DA001,9,[]
SRC-RAW-B2CE19CB3088CFD86FEA,工业锅炉,2022,2221,机制纸及纸板制造,燃煤锅炉,DA002,9,[]
SRC-RAW-2E9E05DFFB0A9E979458,工业锅炉,2022,2221,机制纸及纸板制造,燃煤锅炉,DA002,9,[]
SRC-RAW-0A6B927685F1B970E328,工业锅炉,2022,2221,机制纸及纸板制造,燃煤锅炉,DA001,9,[]
SRC-RAW-7DA4AB14ECE8FBC63033,工业锅炉,2022,2221,机制纸及纸板制造,燃煤锅炉,DA001,9,[]
SRC-RAW-7F52A95A4890A1EB072F,工业锅炉,2022,2221,机制纸及纸板制造,燃煤锅炉,DA001,9,[]
SRC-RAW-F6265D1EBD1CEECD56C0,工业锅炉,2022,3031,粘土砖瓦及建筑砌块制造,燃气锅炉,DA001,9,[]
SRC-RAW-9231C4D68E0681AEC37F,工业锅炉,2022,1830,服饰制造,燃气锅炉,DA005,9,[]
SRC-RAW-FF5E5CE3B8A1DC211298,工业锅炉,2022,2689,其他日用化学产品制造,燃气锅炉,DA002,9,[]
SRC-RAW-E2E17DE6FD0BAF6909C1,工业锅炉,2022,2666,环境污染处理专用药剂材料制造,燃气锅炉,DA008,9,[]
SRC-RAW-4A8004516422323BE74D,工业锅炉,2022,2239,其他纸制品制造,燃气锅炉,DA001,9,[]
SRC-RAW-0E2341F65B65B55809D7,工业锅炉,2022,1829,其他针织或钩针编织服装制造,燃气锅炉,DA001,9,[]
SRC-RAW-40B946B0E8AFBA46B822,工业锅炉,2022,1829,其他针织或钩针编织服装制造,燃气锅炉,DA001,9,[]
SRC-RAW-8DA4A7A55DCFE0FEC10A,工业锅炉,2022,2681,肥皂及洗涤剂制造,燃气锅炉,DA006,9,[]
SRC-RAW-C284CBCD81B9F3AACDD0,工业锅炉,2022,2681,肥皂及洗涤剂制造,其他锅炉,DA007,9,[]
SRC-RAW-23268D17C4F4CCCCF256,工业锅炉,2022,2681,肥皂及洗涤剂制造,其他锅炉,DA011,9,[]
SRC-RAW-625DD65413812610B813,火电热力,2022,4412,热电联产,燃煤锅炉,DA001,9,[]
SRC-RAW-B930DCDEBEC973B533F5,火电热力,2022,4412,热电联产,燃煤锅炉,DA008,9,[]
SRC-RAW-93EDE4EC759B923B8B11,火电热力,2022,4412,热电联产,燃煤锅炉,DA003,9,[]
SRC-RAW-D9EB6560EE659CCEBBF2,工业锅炉,2022,2239,其他纸制品制造,燃气锅炉,DA001,9,[]
SRC-RAW-79514104FF4410E2ACCE,工业锅炉,2022,2221,机制纸及纸板制造,燃煤锅炉,DA001,9,[]
SRC-RAW-E76E5835E7948598F022,工业锅炉,2022,2221,机制纸及纸板制造,燃煤锅炉,DA001,9,[]
SRC-RAW-6489F0D1EC298769B609,范围外,2022,2221,机制纸及纸板制造,燃气轮机,DA009,0,[]
SRC-RAW-E057AE7C4BD6DF00AD98,工业锅炉,2022,2239,其他纸制品制造,燃气锅炉,DA002,9,[]
SRC-RAW-29A4D40D02BD2F1E8E6E,工业锅炉,2022,3216,铝冶炼,燃气锅炉,DA001,9,[]
SRC-RAW-2009D6B8CACA90063A32,工业锅炉,2022,2681,肥皂及洗涤剂制造,燃气锅炉,DA007,9,[]
SRC-RAW-2F240356A25C75EAA142,工业锅炉,2022,2929,塑料零件及其他塑料制品制造,燃气锅炉,DA005,9,[]
SRC-RAW-32FA4821D10CAFDA7505,工业锅炉,2022,2929,塑料零件及其他塑料制品制造,燃气锅炉,DA006,9,[]
SRC-RAW-7FC935BB576D21E41E10,工业锅炉,2022,2221,机制纸及纸板制造,燃煤锅炉,DA001,9,[]
SRC-RAW-58D076C9294560AEC397,范围外,2022,2221,机制纸及纸板制造,,DA001,0,[]
SRC-RAW-A4FFFC78CD989832DACD,工业锅炉,2022,2662,专项化学用品制造,燃气锅炉,DA001,9,[]
SRC-RAW-F22E014C8797D75ADE2E,工业锅炉,2022,2221,机制纸及纸板制造,燃煤锅炉,DA001,9,[]
SRC-RAW-E3EB357DFCE369228D1F,工业锅炉,2022,2221,机制纸及纸板制造,燃煤锅炉,DA001,9,[]
SRC-RAW-7B30B2EFD71E14AA8800,工业锅炉,2022,2221,机制纸及纸板制造,燃煤锅炉,DA001,9,[]
SRC-RAW-B3A968F9A7CA8F82E5E4,工业锅炉,2022,2221,机制纸及纸板制造,燃煤锅炉,DA001,9,[]
SRC-RAW-977479FE6A4BF1C6BD2C,工业锅炉,2022,2221,机制纸及纸板制造,燃煤锅炉,DA001,9,[]
SRC-RAW-EE4A417CD5FFDA161700,工业锅炉,2022,2669,其他专用化学产品制造,燃气锅炉,DA001,9,[]
SRC-RAW-0225694E9A1CB909811A,工业锅炉,2022,2239,其他纸制品制造,燃气锅炉,DA001,9,[]
SRC-RAW-9B5AC4FEA575BE3A2B7F,工业锅炉,2022,2239,其他纸制品制造,燃气锅炉,DA001,9,[]
SRC-RAW-F1AAD9A51B687EF6AD0C,工业锅炉,2022,2239,其他纸制品制造,燃气锅炉,DA001,9,[]
SRC-RAW-7207D1198F5A6D47D57F,工业锅炉,2022,2239,其他纸制品制造,燃气锅炉,DA001,9,[]
SRC-RAW-80E901E769CF4E2E0C58,工业锅炉,2022,2223,加工纸制造,燃气锅炉,DA001,17,[]
SRC-RAW-5E3F0A91D409E8AF1A9F,工业锅炉,2022,2913,橡胶零件制造,燃气锅炉,DA007,9,[]
SRC-RAW-037062E54C8FEB507E59,工业锅炉,2022,2669,其他专用化学产品制造,燃气锅炉,DA002,9,[]
SRC-RAW-E9F80BF417A9B3833D66,工业锅炉,2022,2239,其他纸制品制造,燃气锅炉,DA001,17,[]
SRC-RAW-9D1E833BA1F3972F3805,工业锅炉,2022,2669,其他专用化学产品制造,燃气锅炉,DA004,9,[]
SRC-RAW-EA1EFE413E0985A6B965,工业锅炉,2022,2913,橡胶零件制造,燃油锅炉,DA636,9,[]
SRC-RAW-F6E75A7801E3DA05E497,工业锅炉,2022,2110,木质家具制造,燃气锅炉,DA018,9,[]
SRC-RAW-D60B6467FDF9C52C21E0,工业锅炉,2022,1789,其他产业用纺织制成品制造,燃气锅炉,DA001,9,[]
SRC-RAW-1284A5A8DA801E707684,工业锅炉,2022,2223,加工纸制造,燃气锅炉,DA002,9,[]
SRC-RAW-84EB724485615A318F31,工业锅炉,2022,2223,加工纸制造,燃气锅炉,DA003,9,[]
SRC-RAW-E2F87E57C5652FB317A7,工业锅炉,2022,2029,其他人造板制造,燃气锅炉,DA001,9,[]
SRC-RAW-F325573AA01BEFA19E8E,工业锅炉,2022,2029,其他人造板制造,燃气锅炉,DA001,9,[]
SRC-RAW-CB424F118D9FA6D6B2A7,范围外,2022,1373,水果和坚果加工,,DA001,0,[]
SRC-RAW-AFA5EFBFBFF792D0066B,工业锅炉,2022,3252,铝压延加工,燃气锅炉,DA001,9,[]
SRC-RAW-9D919701B6805CD0A7BD,工业锅炉,2022,3252,铝压延加工,燃气锅炉,DA001,9,[]
SRC-RAW-B32F2698F15DAF518476,工业锅炉,2022,1311,稻谷加工,燃气锅炉,DA001,9,[]
SRC-RAW-A0F2F7DA56B515FFF089,火电热力,2022,4412,热电联产,燃气轮机,DA001,9,[]
SRC-RAW-4C6225AAAF0F02971AD8,火电热力,2022,4412,热电联产,燃气轮机,DA002,9,[]
SRC-RAW-9E466F3BA96A6807CE1F,工业锅炉,2022,2223,加工纸制造,燃气锅炉,DA001,9,[]
SRC-RAW-6415CD11F4342DFDA03B,工业锅炉,2022,2720,化学药品制剂制造,燃气锅炉,DA001,9,[]
SRC-RAW-7719B46A20814AA1A839,工业锅炉,2022,1353,肉制品及副产品加工,燃油锅炉,DA001,9,[]
SRC-RAW-FC250BAA39BA34778399,工业锅炉,2022,2682,化妆品制造,燃气锅炉,DA001,9,[]
SRC-RAW-3BA3E4335D73872D086D,工业锅炉,2022,2682,化妆品制造,燃气锅炉,DA001,9,[]
SRC-RAW-DA044F02B92D018F4CEA,工业锅炉,2022,2614,有机化学原料制造,燃气锅炉,DA001,9,[]
SRC-RAW-DA9541053797DE6E1D74,工业锅炉,2022,2614,有机化学原料制造,燃气锅炉,DA002,9,[]
SRC-RAW-82A3EF717CED938ACE5A,工业锅炉,2022,2319,包装装潢及其他印刷,燃气锅炉,DA001,9,[]
SRC-RAW-0DFBA33633F2DF3EE1B6,工业锅炉,2022,1811,运动机织服装制造,燃气锅炉,DA002,9,[]
SRC-RAW-736232F8C3B041724EBA,工业锅炉,2022,1811,运动机织服装制造,燃气锅炉,DA001,9,[]
SRC-RAW-BBDED7DBAAE39D898B17,工业锅炉,2022,2720,化学药品制剂制造,燃气锅炉,DA001,9,[]
SRC-RAW-7A4BEDF1E49F24126C14,工业锅炉,2022,2319,包装装潢及其他印刷,燃气锅炉,DA001,9,[]
SRC-RAW-5DAC6B1679476BE09914,工业锅炉,2022,3912,计算机零部件制造,燃气锅炉,DA001,9,[]
SRC-RAW-A7B84403050E839DEE87,范围外,2022,3912,计算机零部件制造,,DA002,0,[]
SRC-RAW-6A70ABF01BCF59E393C8,范围外,2022,2223,加工纸制造,燃气轮机,DA001,0,[]
SRC-RAW-5709563BAE32C093AE27,工业锅炉,2022,2223,加工纸制造,燃气锅炉,DA001,9,[]
SRC-RAW-E2F4A3C8E8D9011730A0,范围外,2022,2223,加工纸制造,燃气轮机,DA002,0,[]
SRC-RAW-93B5080441B3443E62C1,工业锅炉,2022,2223,加工纸制造,燃气锅炉,DA001,9,[]
SRC-RAW-398BD0C3DF5065E1DD3F,工业锅炉,2022,1462,酱油、食醋及类似制品制造,燃气锅炉,DA001,9,[]
SRC-RAW-25B9EDA5CE02AABC0075,工业锅炉,2022,1462,酱油、食醋及类似制品制造,燃气锅炉,DA001,9,[]
SRC-RAW-353BFBEA834A784A5D99,工业锅炉,2022,1462,酱油、食醋及类似制品制造,燃气锅炉,DA001,9,[]
SRC-RAW-C1F35ADAE0D2DEECD189,工业锅炉,2022,3982,电子电路制造,燃气锅炉,DA001,9,[]
SRC-RAW-76981F1D4F684DA10083,工业锅炉,2022,3982,电子电路制造,燃气锅炉,DA002,9,[]
SRC-RAW-2D926A68CE561D302587,工业锅炉,2022,3982,电子电路制造,燃气锅炉,DA003,9,[]
SRC-RAW-706EC6654909BE480D41,工业锅炉,2022,3982,电子电路制造,燃气锅炉,DA004,9,[]
SRC-RAW-14F9EB2B9922665229BB,工业锅炉,2022,2651,初级形态塑料及合成树脂制造,燃气锅炉,DA001,9,[]
SRC-RAW-45D791B6E239C770FC14,工业锅炉,2022,2651,初级形态塑料及合成树脂制造,燃气锅炉,DA001,9,[]
SRC-RAW-418BA00DDCB9F77F7671,工业锅炉,2022,2651,初级形态塑料及合成树脂制造,燃气锅炉,DA001,9,[]
SRC-RAW-10DFC49CB39C75A75821,工业锅炉,2022,2651,初级形态塑料及合成树脂制造,燃气锅炉,DA002,9,[]
SRC-RAW-DAC6ADA08E1B7314A5D4,工业锅炉,2022,2651,初级形态塑料及合成树脂制造,燃气锅炉,DA003,9,[]
SRC-RAW-D5E1C33E0640319FC506,工业锅炉,2022,2319,包装装潢及其他印刷,燃气锅炉,DA001,9,[]
SRC-RAW-81A14D8C65AF3537DAE6,工业锅炉,2022,3670,汽车零部件及配件制造,燃气锅炉,DA001,9,[]
SRC-RAW-9E7D5C8A7F35640619CF,工业锅炉,2022,2319,包装装潢及其他印刷,燃气锅炉,DA001,9,[]
SRC-RAW-F24354B5234352845DC9,工业锅炉,2022,2319,包装装潢及其他印刷,燃气锅炉,DA002,9,[]
SRC-RAW-5FB091CB4CD8E0AD37D5,工业锅炉,2022,2662,专项化学用品制造,燃气锅炉,DA001,9,[]
SRC-RAW-84CDEA41E7DC7B49F366,工业锅炉,2022,2662,专项化学用品制造,燃气锅炉,DA001,9,[]
SRC-RAW-B9EDA8106D491D9677A6,工业锅炉,2022,2922,塑料板、管、型材制造,燃气锅炉,DA001,9,[]
SRC-RAW-3EFCE7175CC674107400,工业锅炉,2022,2913,橡胶零件制造,燃气锅炉,DA010,9,[]
SRC-RAW-47A3FBB3795B207516FA,工业锅炉,2022,2913,橡胶零件制造,燃气锅炉,DA010,9,[]
SRC-RAW-A05374F686442AA6711E,工业锅炉,2022,2913,橡胶零件制造,燃气锅炉,DA010,9,[]
SRC-RAW-05E4E23ADD395D352755,工业锅炉,2022,3670,汽车零部件及配件制造,燃气锅炉,DA007,9,[]
SRC-RAW-322BC63524048CA6D962,工业锅炉,2022,3670,汽车零部件及配件制造,燃气锅炉,DA007,9,[]
SRC-RAW-E6C30F78A782DC75EE0D,工业锅炉,2022,3670,汽车零部件及配件制造,燃气锅炉,DA007,9,[]
SRC-RAW-D7D6BFD23AFD8C48651B,工业锅炉,2022,1752,化纤织物染整精加工,燃气锅炉,DA001,9,[]
SRC-RAW-86C6ADC458B669B379A3,工业锅炉,2022,1951,纺织面料鞋制造,燃气锅炉,DA001,9,[]
SRC-RAW-A89342BE25CB3CA9A860,工业锅炉,2022,3985,电子专用材料制造,燃气锅炉,DA001,9,[]
SRC-RAW-FCBFAAF9D411AF0838B9,工业锅炉,2022,3985,电子专用材料制造,燃气锅炉,DA002,9,[]
SRC-RAW-AF4E0443093320C8A4EA,工业锅炉,2022,3985,电子专用材料制造,燃气锅炉,DA002,9,[]
SRC-RAW-F0AAEB10E899AF2654C6,工业锅炉,2022,3670,汽车零部件及配件制造,燃气锅炉,DA001,9,[]
SRC-RAW-0B3A552A799ABE9315B1,工业锅炉,2022,3985,电子专用材料制造,燃气锅炉,DA003,9,[]
SRC-RAW-84FABE3D85C117D9051B,工业锅炉,2022,3985,电子专用材料制造,燃气锅炉,DA003,9,[]
SRC-RAW-B5B9A1F339BF70635312,工业锅炉,2022,3985,电子专用材料制造,燃气锅炉,DA001,9,[]
SRC-RAW-94D2D23E275D69FB2C63,工业锅炉,2022,3985,电子专用材料制造,燃气锅炉,DA001,9,[]
SRC-RAW-CDE00905D05848CC8369,工业锅炉,2022,3985,电子专用材料制造,燃气锅炉,DA001,9,[]
SRC-RAW-6DF6E81D79F4752B399D,工业锅炉,2022,3985,电子专用材料制造,燃气锅炉,DA001,9,[]
SRC-RAW-C29494D83611B6314AE4,工业锅炉,2022,2710,化学药品原料药制造,燃气锅炉,DA001,9,[]
SRC-RAW-6D5BA7BDF1298FD7BB68,工业锅炉,2022,2682,化妆品制造,燃气锅炉,DA001,9,[]
SRC-RAW-4CAAFB527CB7C717008A,工业锅炉,2022,2682,化妆品制造,燃气锅炉,DA001,9,[]
SRC-RAW-9BEF0AC6F1E656671258,工业锅炉,2022,2740,中成药生产,燃气锅炉,DA001,9,[]
SRC-RAW-E50291828F4E25C3570A,工业锅炉,2022,2740,中成药生产,燃气锅炉,DA001,9,[]
SRC-RAW-11470066C9421C23F516,工业锅炉,2022,2740,中成药生产,燃气锅炉,DA001,9,[]
SRC-RAW-FF5AFEF6DEC59BA0E02F,工业锅炉,2022,1351,牲畜屠宰,燃气锅炉,DA005,9,[]
SRC-RAW-7430292B9D560FE0C980,工业锅炉,2022,1351,牲畜屠宰,燃气锅炉,DA005,9,[]
SRC-RAW-F1811F3DE0E051BFA84F,工业锅炉,2022,2683,口腔清洁用品制造,燃气锅炉,DA001,9,[]
SRC-RAW-D2EF9461696E37BE3485,范围外,2022,2925,塑料人造革、合成革制造,燃生物质锅炉,DA003,0,[]
SRC-RAW-A31034415BD42E684A02,工业锅炉,2022,3831,电线、电缆制造,燃气锅炉,DA001,9,[]
SRC-RAW-EBE8F569018A64F18816,范围外,2022,2319,包装装潢及其他印刷,燃生物质锅炉,DA001,0,[]
SRC-RAW-6E6AF346CCFA4C93CC9E,工业锅炉,2022,3979,其他电子器件制造,燃气锅炉,DA001,9,[]
SRC-RAW-63E9B3090ABE6D70DACB,范围外,2022,2319,包装装潢及其他印刷,燃生物质锅炉,DA001,0,[]
SRC-RAW-5493A27F200120F3343D,范围外,2022,1713,棉印染精加工,燃生物质锅炉,DA001,0,[]
SRC-RAW-5C0FCA7599C196531F48,范围外,2022,1713,棉印染精加工,燃生物质锅炉,DA001,0,[]
SRC-RAW-BB0E7696846D1B42483F,范围外,2022,2924,泡沫塑料制造,燃生物质锅炉,DA001,0,[]
SRC-RAW-5DE10126A14F414F71CA,范围外,2022,2924,泡沫塑料制造,燃生物质锅炉,DA001,0,[]
SRC-RAW-399ABF8F9038A7AE0875,工业锅炉,2022,3389,其他金属制日用品制造,燃气锅炉,DA011,9,[]
SRC-RAW-AF1D15CC2B8422F29E48,工业锅炉,2022,3389,其他金属制日用品制造,燃气锅炉,DA011,9,[]
SRC-RAW-F8754D99F9609A9048BD,工业锅炉,2022,1419,饼干及其他焙烤食品制造,燃气锅炉,DA001,9,[]
SRC-RAW-873D153EED5119D19291,工业锅炉,2022,3360,金属表面处理及热处理加工,燃气锅炉,DA001,9,[]
SRC-RAW-6D5A7C4B440638FCDA01,范围外,2022,3360,金属表面处理及热处理加工,,DA005,0,[]
SRC-RAW-63CF4F8323B06D8747F6,工业锅炉,2022,3360,金属表面处理及热处理加工,燃气锅炉,DA001,9,[]
SRC-RAW-65FBCBAFD07A97BA0B3F,范围外,2022,2924,泡沫塑料制造,燃生物质锅炉,DA001,0,[]
SRC-RAW-282C0897835F3CD043A5,范围外,2022,2924,泡沫塑料制造,燃生物质锅炉,DA001,0,[]
SRC-RAW-15A465F319AA6E656D93,工业锅炉,2022,1713,棉印染精加工,燃气锅炉,DA001,9,[]
SRC-RAW-5810F198DFBC21BBAF58,工业锅炉,2022,3360,金属表面处理及热处理加工,燃气锅炉,DA001,9,[]
SRC-RAW-59823AB8554D772D88E8,工业锅炉,2022,3360,金属表面处理及热处理加工,燃气锅炉,DA002,9,[]
SRC-RAW-4F87AEC5D1880BA34A0C,工业锅炉,2022,3360,金属表面处理及热处理加工,燃气锅炉,DA003,9,[]
SRC-RAW-77C1CADBE3F02FE1C594,范围外,2022,2029,其他人造板制造,燃生物质锅炉,DA001,0,[]
SRC-RAW-B2FFF51C5CFB42C67096,范围外,2022,1713,棉印染精加工,燃生物质锅炉,DA008,0,[]
SRC-RAW-9BD3FA7E8B495410B19C,范围外,2022,1713,棉印染精加工,燃生物质锅炉,DA008,0,[]
SRC-RAW-6DE1F869F006CC75D4B4,工业锅炉,2022,3360,金属表面处理及热处理加工,燃气锅炉,DA025,9,[]
SRC-RAW-8D8DFE8EA7D0D966BC49,工业锅炉,2022,3670,汽车零部件及配件制造,燃气锅炉,DA001,9,[]
SRC-RAW-638C0160EC1915063727,工业锅炉,2022,3670,汽车零部件及配件制造,燃气锅炉,DA002,9,[]
SRC-RAW-2BB205C88E3E3097AC72,范围外,2022,2929,塑料零件及其他塑料制品制造,燃生物质锅炉,DA001,0,[]
SRC-RAW-B7068A195BC7E00BAD6E,工业锅炉,2022,3360,金属表面处理及热处理加工,燃气锅炉,DA041,9,[]
SRC-RAW-5B3DDFA6CECB04372331,工业锅炉,2022,1462,酱油、食醋及类似制品制造,燃气锅炉,DA001,9,[]
SRC-RAW-B928CA67B9570E32176D,工业锅炉,2022,2929,塑料零件及其他塑料制品制造,燃气锅炉,DA001,9,[]
SRC-RAW-2ECF3E82320BEFC77C7E,工业锅炉,2022,2921,塑料薄膜制造,燃气锅炉,DA001,9,[]
SRC-RAW-07ABA2F8CFBE1AE36A6C,工业锅炉,2022,2921,塑料薄膜制造,燃气锅炉,DA002,9,[]
SRC-RAW-A2A6499DA84FBD7E3C26,工业锅炉,2022,3360,金属表面处理及热处理加工,燃气锅炉,DA051,9,[]
SRC-RAW-6BE47E5349FD0EDA6301,工业锅炉,2022,2921,塑料薄膜制造,燃气锅炉,DA753,9,[]
SRC-RAW-EE4A48C5FA543FCCBF52,工业锅炉,2022,2921,塑料薄膜制造,燃气锅炉,DA753,9,[]
SRC-RAW-55EC121AC780F1F37384,工业锅炉,2022,3360,金属表面处理及热处理加工,燃气锅炉,DA001,9,[]
SRC-RAW-C9E173AD3F31F626C6C2,工业锅炉,2022,3360,金属表面处理及热处理加工,燃气锅炉,DA058,9,[]
SRC-RAW-65BAC8C74DE72C1F789A,工业锅炉,2022,1529,茶饮料及其他饮料制造,燃气锅炉,DA001,9,[]
SRC-RAW-4CC6349CD79D1BCFF800,工业锅炉,2022,1819,其他机织服装制造,燃气锅炉,DA001,9,[]
SRC-RAW-AE9A74F0AE3378DEB231,工业锅炉,2022,3360,金属表面处理及热处理加工,燃气锅炉,DA122,9,[]
SRC-RAW-59D106BB3E0B0C4421AE,工业锅炉,2022,3360,金属表面处理及热处理加工,燃气锅炉,DA001,9,[]
SRC-RAW-D8C5F2CB942BAA40EC0D,工业锅炉,2022,3360,金属表面处理及热处理加工,燃气锅炉,DA010,9,[]
SRC-RAW-BC0665899513825AC8F2,工业锅炉,2022,3360,金属表面处理及热处理加工,燃气锅炉,DA011,9,[]
SRC-RAW-AAFFD3A557B256B06D82,工业锅炉,2022,3360,金属表面处理及热处理加工,燃气锅炉,DA012,9,[]
SRC-RAW-16AA595ED0B6C8386652,工业锅炉,2022,3360,金属表面处理及热处理加工,燃气锅炉,DA013,9,[]
SRC-RAW-7FAA781013207F6A528F,工业锅炉,2022,3360,金属表面处理及热处理加工,燃气锅炉,DA014,9,[]
SRC-RAW-A066D0C35C3B0EF4B6B5,工业锅炉,2022,3360,金属表面处理及热处理加工,燃气锅炉,DA015,9,[]
SRC-RAW-0B0704C0F793C4ECBDC9,工业锅炉,2022,3360,金属表面处理及热处理加工,燃气锅炉,DA106,9,[]
SRC-RAW-F6F2ACC551AD9A39D26A,工业锅炉,2022,3360,金属表面处理及热处理加工,燃气锅炉,DA017,9,[]
SRC-RAW-D13E2EC9D66BA9751DE5,工业锅炉,2022,3360,金属表面处理及热处理加工,燃气锅炉,DA018,9,[]
SRC-RAW-88F34B36C0A8379DAF11,工业锅炉,2022,3360,金属表面处理及热处理加工,燃气锅炉,DA019,9,[]
SRC-RAW-50C756ACFD88AA34D74C,工业锅炉,2022,3360,金属表面处理及热处理加工,燃气锅炉,DA002,9,[]
SRC-RAW-863B1793E3CA4C500ADE,工业锅炉,2022,3360,金属表面处理及热处理加工,燃气锅炉,DA020,9,[]
SRC-RAW-1F4865B998B831438911,工业锅炉,2022,3360,金属表面处理及热处理加工,燃气锅炉,DA021,9,[]
SRC-RAW-EC6FFFA0377AF2A971F7,工业锅炉,2022,3360,金属表面处理及热处理加工,燃气锅炉,DA022,9,[]
SRC-RAW-4617D86A61C1B2860E32,工业锅炉,2022,3360,金属表面处理及热处理加工,燃气锅炉,DA003,9,[]
SRC-RAW-375102072B8EE65764C2,工业锅炉,2022,3360,金属表面处理及热处理加工,燃气锅炉,DA004,9,[]
SRC-RAW-B5A41617261308871BBD,工业锅炉,2022,3360,金属表面处理及热处理加工,燃气锅炉,DA005,9,[]
SRC-RAW-A1C99F29AC06E82D357A,工业锅炉,2022,3360,金属表面处理及热处理加工,燃气锅炉,DA006,9,[]
SRC-RAW-5D51B95DC10CA06A1049,工业锅炉,2022,3360,金属表面处理及热处理加工,燃气锅炉,DA007,9,[]
SRC-RAW-67E38223EFC9F7564733,工业锅炉,2022,3360,金属表面处理及热处理加工,燃气锅炉,DA008,9,[]
SRC-RAW-1E588F5CCA42D08708E3,工业锅炉,2022,3360,金属表面处理及热处理加工,燃气锅炉,DA009,9,[]
SRC-RAW-A1E23FBA69E0D3EFA963,范围外,2022,2239,其他纸制品制造,燃生物质锅炉,DA006,0,[]
SRC-RAW-BB516AD1096764F394DD,工业锅炉,2022,2239,其他纸制品制造,燃气锅炉,DA006,9,[]
SRC-RAW-5D61D69FDDD7776B8AB3,范围外,2022,3022,砼结构构件制造,燃生物质锅炉,DA001,0,[]
SRC-RAW-2B428CD178E5BEA47031,范围外,2022,3022,砼结构构件制造,燃生物质锅炉,DA001,0,[]
SRC-RAW-3CC78CA9AF6E71C1D6E5,火电热力,2022,4412,热电联产,燃气轮机,DA002,9,[]
SRC-RAW-B17B9317475B60CCC016,工业锅炉,2022,2689,其他日用化学产品制造,燃气锅炉,DA001,9,[]
SRC-RAW-DAC58D29A9F836E5ACBB,工业锅炉,2022,3360,金属表面处理及热处理加工,燃气锅炉,DA012,9,[]
SRC-RAW-349F4703546A6FC3FD7E,工业锅炉,2022,3360,金属表面处理及热处理加工,燃气锅炉,DA001,9,[]
SRC-RAW-2C84D783E7BB1E4940BC,工业锅炉,2022,3360,金属表面处理及热处理加工,燃气锅炉,DA002,9,[]
SRC-RAW-C58039A5A06B1FF5EBE5,工业锅炉,2022,3360,金属表面处理及热处理加工,燃气锅炉,DA003,9,[]
SRC-RAW-772317CFDA213EFAE90D,工业锅炉,2022,3360,金属表面处理及热处理加工,燃气锅炉,DA004,9,[]
SRC-RAW-24D7024B460F07C1A289,工业锅炉,2022,3360,金属表面处理及热处理加工,燃气锅炉,DA005,9,[]
SRC-RAW-F620C45AFD9C380BD46C,范围外,2022,2231,纸和纸板容器制造,燃生物质锅炉,DA001,0,[]
SRC-RAW-6CF741D7611A3AB65C10,范围外,2022,1353,肉制品及副产品加工,燃生物质锅炉,DA001,0,[]
SRC-RAW-46E9F3F37A52CE5698EF,火电热力,2022,4411,火力发电,燃煤锅炉,DA001,9,[]
SRC-RAW-7C468FB3D6E8F251F320,火电热力,2022,4411,火力发电,燃煤锅炉,DA001,9,[]
SRC-RAW-796404FA26594AD8571E,范围外,2022,2319,包装装潢及其他印刷,燃生物质锅炉,DA001,0,[]
SRC-RAW-582F93B05EA64B8E49F9,工业锅炉,2022,2669,其他专用化学产品制造,燃油锅炉,DA001,9,[]
SRC-RAW-E8486597D43B9E4580C0,工业锅炉,2022,2221,机制纸及纸板制造,燃气锅炉,DA001,9,[]
SRC-RAW-0A70DE1D4F6A1EFC63E6,范围外,2022,1811,运动机织服装制造,燃生物质锅炉,DA001,0,[]
SRC-RAW-392D778EDCC24844AE37,工业锅炉,2022,1524,含乳饮料和植物蛋白饮料制造,燃气锅炉,DA001,9,[]
SRC-RAW-9E02512C920598B8B7AF,工业锅炉,2022,1713,棉印染精加工,燃气锅炉,DA002,9,[]
SRC-RAW-019B530520436BFCECEA,工业锅炉,2022,1713,棉印染精加工,燃气锅炉,DA003,9,[]
SRC-RAW-FC5019A99872010DAC61,范围外,2022,1819,其他机织服装制造,燃生物质锅炉,DA001,0,[]
SRC-RAW-8438E6C1DAEF4DFADF56,范围外,2022,2924,泡沫塑料制造,燃生物质锅炉,DA001,0,[]
SRC-RAW-F84CE2C076C3155DDEC3,工业锅炉,2022,1712,棉织造加工,燃气锅炉,DA001,9,[]
SRC-RAW-7AA187C6931B2D2DC760,火电热力,2022,4417,生物质能发电,燃生物质锅炉,DA004,9,[]
SRC-RAW-054673ABE84F2132BAFA,火电热力,2022,4417,生物质能发电,燃生物质锅炉,DA003,9,[]
SRC-RAW-69AA972393F11D13B89C,火电热力,2022,4417,生物质能发电,燃生物质锅炉,DA002,9,[]
SRC-RAW-2684EF5736F6ABE31E9F,火电热力,2022,4417,生物质能发电,燃生物质锅炉,DA005,9,[]
SRC-RAW-CC083CA2C5553F6B3D0F,工业锅炉,2022,1432,速冻食品制造,燃气锅炉,DA001,9,[]
SRC-RAW-92A5896C2E2BFFE70452,工业锅炉,2022,1432,速冻食品制造,燃气锅炉,DA001,9,[]
SRC-RAW-A8EC1500E2F15CF4911F,工业锅炉,2022,1432,速冻食品制造,燃气锅炉,DA001,9,[]
SRC-RAW-1BA294AC30E992E1B864,工业锅炉,2022,2661,化学试剂和助剂制造,燃气锅炉,DA001,9,[]
SRC-RAW-C72E323CE8776AB85B46,工业锅炉,2022,2661,化学试剂和助剂制造,燃气锅炉,DA002,9,[]
SRC-RAW-F112956DE8E9E0B529BD,工业锅炉,2022,2669,其他专用化学产品制造,燃气锅炉,DA001,9,[]
SRC-RAW-A046B4240C9C289FD684,工业锅炉,2022,1332,非食用植物油加工,燃气锅炉,DA001,9,[]
SRC-RAW-D5F962EC62C70A96256E,工业锅炉,2022,2661,化学试剂和助剂制造,燃气锅炉,DA003,9,[]
SRC-RAW-F16FD769C9C23BF699F2,范围外,2022,4690,其他水的处理、利用与分配,燃气锅炉,DA003,0,[]
SRC-RAW-A9706BD25F2F9DA2C584,范围外,2022,4690,其他水的处理、利用与分配,燃气锅炉,DA004,0,[]
SRC-RAW-9CFA024BB37E25BEA740,范围外,2022,4690,其他水的处理、利用与分配,燃气锅炉,DA005,0,[]
SRC-RAW-A1C2B76AD784782DF85D,工业锅炉,2022,3399,其他未列明金属制品制造,燃气锅炉,DA001,9,[]
SRC-RAW-4E171EE8181EE4F79257,工业锅炉,2022,1499,其他未列明食品制造,燃气锅炉,DA001,9,[]
SRC-RAW-40CFC7C08CC48E3C8EF0,工业锅炉,2022,2651,初级形态塑料及合成树脂制造,燃气锅炉,DA001,9,[]
SRC-RAW-A4D5E3910E3701B34D60,工业锅炉,2022,2651,初级形态塑料及合成树脂制造,燃气锅炉,DA003,9,[]
SRC-RAW-01DE0FA9E77244AC4A65,范围外,2022,2319,包装装潢及其他印刷,燃生物质锅炉,DA001,0,[]
SRC-RAW-FAACAA23D6399AEB12CC,工业锅炉,2022,3024,轻质建筑材料制造,燃气锅炉,DA001,9,[]
SRC-RAW-A07F737422B54166D802,范围外,2022,2927,日用塑料制品制造,燃气轮机,DA001,0,[]
SRC-RAW-0AD05BE2ACCC39988499,工业锅炉,2022,3360,金属表面处理及热处理加工,燃气锅炉,DA003,9,[]
SRC-RAW-B4BA86E3B9E1F6EF8769,工业锅炉,2022,2662,专项化学用品制造,燃气锅炉,DA002,9,[]
SRC-RAW-03D05ED5DDFBAA61F399,范围外,2022,1811,运动机织服装制造,燃生物质锅炉,DA001,0,[]
SRC-RAW-5BB377C56F4424867325,工业锅炉,2022,1452,水产品罐头制造,燃气锅炉,DA418,9,[]
SRC-RAW-216D639E35A6E09C43EF,范围外,2022,1811,运动机织服装制造,燃生物质锅炉,DA001,0,[]
SRC-RAW-63D4685263107F593E80,工业锅炉,2022,3041,平板玻璃制造,燃气锅炉,DA001,9,[]
SRC-RAW-0CDD0C21F38E4D5D3B1B,范围外,2022,1743,丝印染精加工,燃生物质锅炉,DA001,0,[]
SRC-RAW-5320411A19F339346A34,范围外,2022,1743,丝印染精加工,燃生物质锅炉,DA001,0,[]
SRC-RAW-5E267DB64943D65B0077,工业锅炉,2022,2651,初级形态塑料及合成树脂制造,燃气锅炉,DA001,9,[]
SRC-RAW-6A058B565D08AA524E59,工业锅炉,2022,2651,初级形态塑料及合成树脂制造,燃气锅炉,DA001,9,[]
SRC-RAW-C91CA05FA14C6D60C52C,范围外,2022,1431,米、面制品制造,燃生物质锅炉,DA001,0,[]
SRC-RAW-DC5FC0729B71B5CE0D02,范围外,2022,1523,果菜汁及果菜汁饮料制造,燃生物质锅炉,DA001,0,[]
SRC-RAW-27B32795AE79E45D517C,工业锅炉,2022,1523,果菜汁及果菜汁饮料制造,燃气锅炉,DA001,9,[]
SRC-RAW-86124FB199211D29F7A4,范围外,2022,1819,其他机织服装制造,燃生物质锅炉,DA000,0,[]
SRC-RAW-F8E697C4992051DEA9CD,范围外,2022,1351,牲畜屠宰,燃生物质锅炉,DA001,0,[]
SRC-RAW-8DF0361D03BF3E094A37,工业锅炉,2022,2740,中成药生产,燃气锅炉,DA001,9,[]
SRC-RAW-E933A5BEE1208935EAA1,工业锅炉,2022,2740,中成药生产,燃气锅炉,DA001,9,[]
SRC-RAW-A8CB030404A6583B8C9D,范围外,2022,1830,服饰制造,燃生物质锅炉,DA001,0,[]
SRC-RAW-F3587E3203D94A1BB869,范围外,2022,1819,其他机织服装制造,燃生物质锅炉,DA001,0,[]
SRC-RAW-7C8C96FD7E078190CF59,范围外,2022,1830,服饰制造,燃生物质锅炉,DA444,0,[]
SRC-RAW-00D6FA65B8E8D8C04017,范围外,2022,1830,服饰制造,燃生物质锅炉,DA001,0,[]
SRC-RAW-D0E2F6ADDC54117860F9,工业锅炉,2022,1529,茶饮料及其他饮料制造,燃气锅炉,DA001,9,[]
SRC-RAW-ACD55482B44B4EE74606,工业锅炉,2022,1830,服饰制造,燃气锅炉,DA001,9,[]
SRC-RAW-FE7239CA5D7DD2E53285,工业锅炉,2022,1830,服饰制造,燃气锅炉,DA002,9,[]
SRC-RAW-5558B34476985A85BE08,工业锅炉,2022,2221,机制纸及纸板制造,燃气锅炉,DA003,9,[]
SRC-RAW-830C5C9718D2FC09F72C,工业锅炉,2022,1811,运动机织服装制造,燃气锅炉,DA000,9,[]
SRC-RAW-22A9D7C70A60181CED48,工业锅炉,2022,1811,运动机织服装制造,燃气锅炉,DA000,9,[]
SRC-RAW-15E040C1626D9B5FF0F0,范围外,2022,1829,其他针织或钩针编织服装制造,燃生物质锅炉,DA000,0,[]
SRC-RAW-97130A26FCF5774AC1FC,工业锅炉,2022,1830,服饰制造,燃气锅炉,DA001,9,[]
SRC-RAW-7065737EDCFE7ADA996D,工业锅炉,2022,1411,糕点、面包制造,燃气锅炉,DA000,9,[]
SRC-RAW-127E2E77FB7679EC2550,范围外,2022,1711,棉纺纱加工,燃生物质锅炉,DA000,0,[]
SRC-RAW-195C16EB418142F37E2A,工业锅炉,2022,1351,牲畜屠宰,燃气锅炉,DA000,9,[]
SRC-RAW-7E9F72B33A02C35F7D73,范围外,2022,1829,其他针织或钩针编织服装制造,燃生物质锅炉,DA001,0,[]
SRC-RAW-AD413CA68679DCD7D4E7,范围外,2022,1830,服饰制造,燃生物质锅炉,DA001,0,[]
SRC-RAW-093D818DE07E5AAD5FAC,范围外,2022,1819,其他机织服装制造,燃生物质锅炉,DA000,0,[]
SRC-RAW-D8B3D2109DC285BDF4BE,范围外,2022,1819,其他机织服装制造,燃生物质锅炉,DA000,0,[]
SRC-RAW-03959ADCB461BD997CA4,工业锅炉,2022,1829,其他针织或钩针编织服装制造,燃气锅炉,DA001,9,[]
SRC-RAW-08EF6983302AFA6F1EEB,范围外,2022,1819,其他机织服装制造,燃生物质锅炉,DA001,0,[]
SRC-RAW-9486DCE8BA31E2A24F10,范围外,2022,1830,服饰制造,燃生物质锅炉,DA002,0,[]
SRC-RAW-172B2275012EC70ACDB9,范围外,2022,1830,服饰制造,燃生物质锅炉,DA002,0,[]
SRC-RAW-EEFE3AFD3D4AA1AE5748,范围外,2022,1752,化纤织物染整精加工,燃生物质锅炉,DA001,0,[]
SRC-RAW-6C339A47441F5D6420D7,范围外,2022,2239,其他纸制品制造,燃生物质锅炉,DA001,0,[]
SRC-RAW-814F953E82B9A2375E54,工业锅炉,2022,2231,纸和纸板容器制造,燃气锅炉,DA001,9,[]
SRC-RAW-852FDCFE4060A769BF0D,范围外,2022,2223,加工纸制造,燃生物质锅炉,DA001,0,[]
SRC-RAW-206AEC949FC89FEAB5D1,范围外,2022,2924,泡沫塑料制造,燃生物质锅炉,DA001,0,[]
SRC-RAW-1DB910528DECEB5B1ECD,范围外,2022,2231,纸和纸板容器制造,燃生物质锅炉,DA001,0,[]
SRC-RAW-B1365AA49D5EC23CC3A2,工业锅炉,2022,2720,化学药品制剂制造,燃气锅炉,DA001,9,[]
SRC-RAW-86C7E4E853C303F2DE0E,工业锅炉,2022,2720,化学药品制剂制造,燃气锅炉,DA002,9,[]
SRC-RAW-0A81FC191B7CA6F8F4B2,工业锅炉,2022,2720,化学药品制剂制造,燃气锅炉,DA003,9,[]
SRC-RAW-C4C79669DC5A4EAB5E75,范围外,2022,1340,制糖业,燃生物质锅炉,DA001,0,[]
SRC-RAW-0B08932E623FBB31D8FD,工业锅炉,2022,1469,其他调味品、发酵制品制造,燃气锅炉,DA122,9,[]
SRC-RAW-A4D2584E992977FF0DF6,范围外,2022,2924,泡沫塑料制造,燃生物质锅炉,DA001,0,[]
SRC-RAW-3F8868DA72E0BD1033D3,范围外,2022,2924,泡沫塑料制造,燃生物质锅炉,DA001,0,[]
SRC-RAW-3582C7728320654720D8,范围外,2022,2034,木地板制造,燃生物质锅炉,DA001,0,[]
SRC-RAW-13D473CA03EDBCD71C95,范围外,2022,2012,木片加工,燃生物质锅炉,DA001,0,[]
SRC-RAW-70778D479DCF24AAF2AD,工业锅炉,2022,3360,金属表面处理及热处理加工,燃气锅炉,DA001,9,[]
SRC-RAW-23EAD146A9F2D37F8DC6,工业锅炉,2022,1713,棉印染精加工,燃气锅炉,DA002,9,[]
SRC-RAW-68EAF69E750EAC46DA8D,工业锅炉,2022,1713,棉印染精加工,燃气锅炉,DA002,9,[]
SRC-RAW-2E1B8E35531D1B99EE7B,工业锅炉,2022,1713,棉印染精加工,燃气锅炉,DA002,9,[]
SRC-RAW-48E70F2129ED180F60D0,范围外,2022,1819,其他机织服装制造,燃生物质锅炉,DA001,0,[]
SRC-RAW-AA043813900AD88C655B,工业锅炉,2022,3360,金属表面处理及热处理加工,燃气锅炉,DA046,9,[]
SRC-RAW-97BA8AED97AE7EAB7455,火电热力,2022,4412,热电联产,燃气轮机,DA001,9,[]
SRC-RAW-EE6CBFD351A2717C607C,火电热力,2022,4412,热电联产,燃气轮机,DA003,9,[]
SRC-RAW-0180EDF55F46EA2F4653,火电热力,2022,4412,热电联产,燃气轮机,DA002,9,[]
SRC-RAW-EA1360CB5846D8659D6A,工业锅炉,2022,3360,金属表面处理及热处理加工,燃气锅炉,DA014,9,[]
SRC-RAW-314F5E6F62ACC2E3D39F,工业锅炉,2022,1713,棉印染精加工,燃气锅炉,DA001,9,[]
SRC-RAW-2589326C704758F4E74F,范围外,2022,2689,其他日用化学产品制造,燃生物质锅炉,DA001,0,[]
SRC-RAW-30C2CC4DED27EF9018C3,工业锅炉,2022,3360,金属表面处理及热处理加工,燃气锅炉,DA023,9,[]
SRC-RAW-13B154DDCC29D9A5AF1B,工业锅炉,2022,3360,金属表面处理及热处理加工,燃气锅炉,DA009,9,[]
SRC-RAW-A52BA0058812AE3D2F10,工业锅炉,2022,3360,金属表面处理及热处理加工,燃气锅炉,DA001,9,[]
SRC-RAW-926554E6C5FAE52ACAAE,工业锅炉,2022,3973,集成电路制造,燃气锅炉,DA412,9,[]
SRC-RAW-443146DFF511FE61B13A,工业锅炉,2022,3973,集成电路制造,燃气锅炉,DA413,9,[]
SRC-RAW-69ACA010CE64FEEA1AC5,工业锅炉,2022,3973,集成电路制造,燃气锅炉,DA414,9,[]
SRC-RAW-C4DE6D86DB414084E762,工业锅炉,2022,3973,集成电路制造,燃气锅炉,DA415,9,[]
SRC-RAW-A6979C74D9277B29DDF4,工业锅炉,2022,3973,集成电路制造,燃气锅炉,DA416,9,[]
SRC-RAW-1D2FCD40AFA8EF680372,工业锅炉,2022,3973,集成电路制造,燃气锅炉,DA417,9,[]
SRC-RAW-74593463D383323E320F,工业锅炉,2022,3973,集成电路制造,燃气锅炉,DA418,9,[]
SRC-RAW-8BF23932943345C75662,工业锅炉,2022,3360,金属表面处理及热处理加工,燃气锅炉,DA020,9,[]
SRC-RAW-2CB169E9ADF9C824B4F4,工业锅炉,2022,1711,棉纺纱加工,燃气锅炉,DA001,9,[]
SRC-RAW-BB52FD7B631AC5B4F1CE,工业锅炉,2022,3360,金属表面处理及热处理加工,燃气锅炉,DA001,9,[]
SRC-RAW-EEF40B56EA74DC74E094,工业锅炉,2022,3360,金属表面处理及热处理加工,燃气锅炉,DA001,9,[]
SRC-RAW-8C928AADEF2FB4D3855D,工业锅炉,2022,2669,其他专用化学产品制造,燃气锅炉,DA001,9,[]
SRC-RAW-5466CEE50DC9ECCE5F59,工业锅炉,2022,1959,其他制鞋业,燃气锅炉,DA260,9,[]
SRC-RAW-32A81678EDC50FE39A04,工业锅炉,2022,3021,水泥制品制造,燃气锅炉,DA001,9,[]
SRC-RAW-A9BDF81770DB889BB7C3,范围外,2022,1713,棉印染精加工,燃生物质锅炉,DA003,0,[]
SRC-RAW-1D2C2019405A2226EC47,工业锅炉,2022,2661,化学试剂和助剂制造,燃气锅炉,DA001,9,[]
SRC-RAW-2646D87760FB57E87999,工业锅炉,2022,3360,金属表面处理及热处理加工,燃气锅炉,DA001,9,[]
SRC-RAW-AF7304AC74CC21CFC334,工业锅炉,2022,3360,金属表面处理及热处理加工,燃气锅炉,DA032,9,[]
SRC-RAW-805EFB9E150371C85CBE,范围外,2022,1762,针织或钩针编织物印染精加工,燃生物质锅炉,DA001,0,[]
SRC-RAW-9151086613E1577C208B,范围外,2022,2669,其他专用化学产品制造,燃生物质锅炉,DA001,0,[]
SRC-RAW-C41D3BA9CAA3E079914F,工业锅炉,2022,2669,其他专用化学产品制造,燃气锅炉,DA001,9,[]
SRC-RAW-57AE84878F4E56A61300,工业锅炉,2022,3360,金属表面处理及热处理加工,燃气锅炉,DA001,9,[]
SRC-RAW-80C525AE36086CB89B9E,工业锅炉,2022,3360,金属表面处理及热处理加工,燃气锅炉,DA006,9,[]
SRC-RAW-086E867F040C34AB08A3,工业锅炉,2022,3360,金属表面处理及热处理加工,燃气锅炉,DA007,9,[]
SRC-RAW-EB198E66E2E24EBB31C8,工业锅炉,2022,3360,金属表面处理及热处理加工,燃气锅炉,DA009,9,[]
SRC-RAW-04CE7FE5DD4FC0102FDA,工业锅炉,2022,3360,金属表面处理及热处理加工,燃气锅炉,DA015,9,[]
SRC-RAW-2DD37E179EC0A06BFF45,工业锅炉,2022,3360,金属表面处理及热处理加工,燃气锅炉,DA035,9,[]
SRC-RAW-8BF35A972BAE388F66DC,工业锅炉,2022,3360,金属表面处理及热处理加工,燃气锅炉,DA018,9,[]
SRC-RAW-621902691D18BAEBCD12,工业锅炉,2022,3360,金属表面处理及热处理加工,燃气锅炉,DA020,9,[]
SRC-RAW-CFFC075533C8A94B7A8E,工业锅炉,2022,3360,金属表面处理及热处理加工,燃气锅炉,DA001,9,[]
SRC-RAW-F845DC337FF6B8E414EB,工业锅炉,2022,3360,金属表面处理及热处理加工,燃气锅炉,DA002,9,[]
SRC-RAW-78E21C61AED9F3590CA8,工业锅炉,2022,3360,金属表面处理及热处理加工,燃气锅炉,DA003,9,[]
SRC-RAW-37EB5A4A443B9563201D,工业锅炉,2022,3360,金属表面处理及热处理加工,燃气锅炉,DA004,9,[]
SRC-RAW-3629C06709A4FD6CC0F6,工业锅炉,2022,3360,金属表面处理及热处理加工,燃气锅炉,DA005,9,[]
SRC-RAW-7BFC7000FD5A9214FDB6,工业锅炉,2022,3360,金属表面处理及热处理加工,燃气锅炉,DA006,9,[]
SRC-RAW-2B64A32559A4F7B7EC6A,工业锅炉,2022,3360,金属表面处理及热处理加工,燃气锅炉,DA007,9,[]
SRC-RAW-E699F073A03763DEDDBE,工业锅炉,2022,3360,金属表面处理及热处理加工,燃气锅炉,DA008,9,[]
SRC-RAW-BADEE5AD590CA7F6E59E,工业锅炉,2022,3360,金属表面处理及热处理加工,燃气锅炉,DA017,9,[]
SRC-RAW-A22C3B6BE1B7FBD787E3,工业锅炉,2022,3360,金属表面处理及热处理加工,燃气锅炉,DA011,9,[]
SRC-RAW-CE732D5D782A199CF41A,工业锅炉,2022,2682,化妆品制造,燃气锅炉,DA001,9,[]
SRC-RAW-58CA452C4588DB2CEBB5,工业锅炉,2022,2682,化妆品制造,燃气锅炉,DA001,9,[]
SRC-RAW-E5FF49F78F48E09AD4B1,范围外,2022,2239,其他纸制品制造,燃生物质锅炉,DA001,0,[]
SRC-RAW-3ABA5C036CD4BBC8E5B0,范围外,2022,2221,机制纸及纸板制造,燃生物质锅炉,DA001,0,[]
SRC-RAW-5FD1EB3318B3758BACE6,范围外,2022,2921,塑料薄膜制造,燃生物质锅炉,DA001,0,[]
SRC-RAW-741048F082F67AA20FB2,范围外,2022,2921,塑料薄膜制造,燃生物质锅炉,DA001,0,[]
SRC-RAW-68CE95C47EC0681A6308,范围外,2022,2925,塑料人造革、合成革制造,燃生物质锅炉,DA001,0,[]
SRC-RAW-718FD88874679FB8809A,工业锅炉,2022,2669,其他专用化学产品制造,燃油锅炉,DA001,9,[]
SRC-RAW-659CAE03C0C5B54D3EAD,范围外,2022,2924,泡沫塑料制造,燃生物质锅炉,DA001,0,[]
SRC-RAW-CD0A709161AA3C9D13F3,范围外,2022,2924,泡沫塑料制造,燃生物质锅炉,DA001,0,[]
SRC-RAW-8AA359EB1DFF8D78AC84,工业锅炉,2022,3360,金属表面处理及热处理加工,燃气锅炉,DA238,9,[]
SRC-RAW-BF2D7D467D99B4C88BE9,工业锅炉,2022,3021,水泥制品制造,燃气锅炉,DA553,9,[]
SRC-RAW-6B5B6A30A35689BED6FA,工业锅炉,2022,3021,水泥制品制造,燃气锅炉,DA553,9,[]
SRC-RAW-1D14B75CCC587329C713,工业锅炉,2022,3389,其他金属制日用品制造,燃气锅炉,DA002,9,[]
SRC-RAW-08E4C6BC514F44659924,工业锅炉,2022,3389,其他金属制日用品制造,燃气锅炉,DA003,9,[]
SRC-RAW-CA58362F5DB99FF2B4F8,工业锅炉,2022,3389,其他金属制日用品制造,燃气锅炉,DA003,9,[]
SRC-RAW-0898956C49B4C9F03CE1,工业锅炉,2022,3389,其他金属制日用品制造,燃气锅炉,DA004,9,[]
SRC-RAW-8CA9E0A7E8BE582F0B88,工业锅炉,2022,2682,化妆品制造,燃气锅炉,DA001,17,[]
SRC-RAW-01C7E3F947D794BE948E,工业锅炉,2022,2682,化妆品制造,燃气锅炉,DA001,9,[]
SRC-RAW-E3B84746FC155361B4ED,工业锅炉,2022,1713,棉印染精加工,燃气锅炉,DA001,9,[]
SRC-RAW-6157DAF9D8FF97FBF2A6,工业锅炉,2022,1713,棉印染精加工,燃气锅炉,DA001,9,[]
SRC-RAW-750DA55BA20CDDF3CECD,范围外,2022,1713,棉印染精加工,燃生物质锅炉,DA004,0,[]
SRC-RAW-CF041ADD7B32B9265EDD,范围外,2022,1329,其他饲料加工,燃生物质锅炉,DA001,0,[]
SRC-RAW-DFEB896F4DD9E771533F,范围外,2022,1329,其他饲料加工,燃生物质锅炉,DA001,0,[]
SRC-RAW-A1A1DBB36B6DA002E4EA,工业锅炉,2022,2669,其他专用化学产品制造,燃气锅炉,DA002,9,[]
SRC-RAW-CF3338CFF1DD2DDAA8B2,范围外,2022,1462,酱油、食醋及类似制品制造,燃生物质锅炉,DA001,0,[]
SRC-RAW-27BF7282AAA1FC0021F5,范围外,2022,1462,酱油、食醋及类似制品制造,燃生物质锅炉,DA002,0,[]
SRC-RAW-1D6AD82D55DDD8053AF1,范围外,2022,1524,含乳饮料和植物蛋白饮料制造,燃生物质锅炉,DA001,0,[]
SRC-RAW-F6A6B328B8668F2037F0,范围外,2022,3360,金属表面处理及热处理加工,燃生物质锅炉,DA002,0,[]
SRC-RAW-8D2782C562A8D66674EB,范围外,2022,2924,泡沫塑料制造,燃生物质锅炉,DA001,0,[]
SRC-RAW-4A5088AFC631F5394110,范围外,2022,3024,轻质建筑材料制造,燃生物质锅炉,DA001,0,[]
SRC-RAW-83606CB9C6946165F3B0,火电热力,2022,4430,热力生产和供应,燃生物质锅炉,DA001,9,[]
SRC-RAW-A7399E9858AC87EEEF48,火电热力,2022,4430,热力生产和供应,燃生物质锅炉,DA002,9,[]
SRC-RAW-0741B2CBDE286E52D2D7,火电热力,2022,4417,生物质能发电,燃生物质锅炉,DA001,9,[]
SRC-RAW-8FAEA5C336C717630644,火电热力,2022,4417,生物质能发电,燃生物质锅炉,DA002,9,[]
SRC-RAW-0AC3DFF43E5B17928155,火电热力,2022,4412,热电联产,燃气轮机,DA001,9,[]
SRC-RAW-6A3E23092705B3565E0C,火电热力,2022,4412,热电联产,燃气轮机,DA002,9,[]
SRC-RAW-C6E41B9C66E2B53636C0,火电热力,2022,4412,热电联产,燃气轮机,DA003,9,[]
SRC-RAW-D24E7DD806096381F6D7,火电热力,2022,4412,热电联产,燃气轮机,DA004,9,[]
SRC-RAW-6035AD1D70625AFF16B7,火电热力,2022,4412,热电联产,燃气轮机,DA005,9,[]
SRC-RAW-DD359C7790B247F4EDAA,工业锅炉,2022,1713,棉印染精加工,燃气锅炉,DA006,9,[]
SRC-RAW-C59DB41FCD264E846672,工业锅炉,2022,1713,棉印染精加工,燃气锅炉,DA006,9,[]
SRC-RAW-EEB59220C80B92CA214E,工业锅炉,2022,1432,速冻食品制造,燃气锅炉,DA001,9,[]
SRC-RAW-BAE2FBA5D5895B4EB5AF,火电热力,2022,4411,火力发电,燃气轮机,DA001,9,[]
SRC-RAW-FD5D347A0907A21ACAB3,火电热力,2022,4411,火力发电,燃气轮机,DA002,9,[]
SRC-RAW-0A8630DDA10E683839D8,火电热力,2022,4417,生物质能发电,燃生物质锅炉,DA001,9,[]
SRC-RAW-777323DB59ABE3FE9278,火电热力,2022,4417,生物质能发电,燃生物质锅炉,DA002,9,[]
SRC-RAW-4227A3ECCE2B1F0D6EB8,火电热力,2022,4417,生物质能发电,燃生物质锅炉,DA003,9,[]
SRC-RAW-F053D8A0545E92C9D588,工业锅炉,2022,1762,针织或钩针编织物印染精加工,燃气锅炉,DA001,9,[]
SRC-RAW-64A174DA356B092CE5A7,工业锅炉,2022,1722,毛织造加工,燃气锅炉,DA001,9,[]
SRC-RAW-1B1D6E20637C5737EF4E,工业锅炉,2022,1722,毛织造加工,燃气锅炉,DA002,9,[]
SRC-RAW-8E737DD0FA44D49633DB,工业锅炉,2022,1722,毛织造加工,燃气锅炉,DA003,9,[]
SRC-RAW-D20C97494D1F599BA3B2,范围外,2022,2929,塑料零件及其他塑料制品制造,燃生物质锅炉,DA001,0,[]
SRC-RAW-D4A312A05899093E307C,工业锅炉,2022,2770,卫生材料及医药用品制造,燃气锅炉,DA001,9,[]
SRC-RAW-B4CE0114B7B58753BC21,工业锅炉,2022,2770,卫生材料及医药用品制造,燃气锅炉,DA001,9,[]
SRC-RAW-5E794200589930F01F38,工业锅炉,2022,2770,卫生材料及医药用品制造,燃气锅炉,DA001,9,[]
SRC-RAW-0E8E9774A92616921F7A,工业锅炉,2022,1830,服饰制造,燃气锅炉,DA001,9,[]
SRC-RAW-A94C19C4E12ED81CEE52,工业锅炉,2022,2927,日用塑料制品制造,燃气锅炉,DA001,9,[]
SRC-RAW-9A38A8CE2ECDFD51E98D,工业锅炉,2022,2927,日用塑料制品制造,燃气锅炉,DA002,9,[]
SRC-RAW-C6AF3400303D581F67AB,范围外,2022,2924,泡沫塑料制造,燃生物质锅炉,DA001,0,[]
SRC-RAW-CF855A9B6B9A6705E3ED,范围外,2022,2924,泡沫塑料制造,燃生物质锅炉,DA002,0,[]
SRC-RAW-38A3384CF9D87CA6ACD2,范围外,2022,2924,泡沫塑料制造,燃生物质锅炉,DA001,0,[]
SRC-RAW-7104D485DD18BC2CACE1,范围外,2022,2924,泡沫塑料制造,燃生物质锅炉,DA001,0,[]
SRC-RAW-9B338CD505DFAFD72A8C,工业锅炉,2022,1941,羽毛（绒）加工,燃气锅炉,DA001,9,[]
SRC-RAW-6217E057717259C00C86,工业锅炉,2022,1941,羽毛（绒）加工,燃气锅炉,DA001,9,[]
SRC-RAW-7A48F0A9A041E7D26096,工业锅炉,2022,1941,羽毛（绒）加工,燃气锅炉,DA001,9,[]
SRC-RAW-65FC4D7728AD586C3BB8,工业锅炉,2022,1819,其他机织服装制造,燃气锅炉,DA001,9,[]
SRC-RAW-4CC65EA5A097D243DDB3,工业锅炉,2022,1763,针织或钩针编织品制造,燃气锅炉,DA001,9,[]
SRC-RAW-07B06A2E3C64F6627CC0,工业锅炉,2022,2689,其他日用化学产品制造,燃气锅炉,DA001,9,[]
SRC-RAW-C0CFA9BA49DE71E95316,范围外,2022,2669,其他专用化学产品制造,燃生物质锅炉,DA001,0,[]
SRC-RAW-9ED76501E6436D9865B4,范围外,2022,3399,其他未列明金属制品制造,燃生物质锅炉,DA001,0,[]
SRC-RAW-B58591EDF8F91FF49476,范围外,2022,3399,其他未列明金属制品制造,燃生物质锅炉,DA001,0,[]
SRC-RAW-DF071C3CE246B18C2279,范围外,2022,1742,绢纺和丝织加工,燃生物质锅炉,DA001,0,[]
SRC-RAW-E46079381567BDFB8C8F,工业锅炉,2022,1723,毛染整精加工,燃气锅炉,DA036,9,[]
SRC-RAW-23BDCB074D31A7409228,工业锅炉,2022,1723,毛染整精加工,燃气锅炉,DA037,9,[]
SRC-RAW-82506FA003ADC9035A2F,工业锅炉,2022,1723,毛染整精加工,燃气锅炉,DA038,9,[]
SRC-RAW-3D65925D6DDA91C0D78D,工业锅炉,2022,1821,运动休闲针织服装制造,燃气锅炉,DA001,9,[]
SRC-RAW-CB71544530A41843C51A,工业锅炉,2022,1819,其他机织服装制造,燃气锅炉,DA002,9,[]
SRC-RAW-C05E7EEE24BE522F0738,工业锅炉,2022,1712,棉织造加工,燃气锅炉,DA003,9,[]
SRC-RAW-BF14A0EFAF43AF082F62,工业锅炉,2022,2110,木质家具制造,燃气锅炉,DA004,9,[]
SRC-RAW-E51330F681BC26C0C586,范围外,2022,1819,其他机织服装制造,燃生物质锅炉,DA001,0,[]
SRC-RAW-A296FE98154F62E570BE,范围外,2022,1819,其他机织服装制造,燃生物质锅炉,DA001,0,[]
SRC-RAW-FCDB14149833819535CD,范围外,2022,1819,其他机织服装制造,燃生物质锅炉,DA001,0,[]
SRC-RAW-24383943665D01003562,范围外,2022,1819,其他机织服装制造,燃生物质锅炉,DA001,0,[]
SRC-RAW-EAD3A0817D2689A3A614,范围外,2022,1819,其他机织服装制造,燃生物质锅炉,DA001,0,[]
SRC-RAW-966DB3FA64FEFBAFBC80,范围外,2022,1819,其他机织服装制造,燃生物质锅炉,DA001,0,[]
SRC-RAW-FEE218595F80E78FB5BB,范围外,2022,1819,其他机织服装制造,燃生物质锅炉,DA001,0,[]
SRC-RAW-A3B459CAE6FAB97095BF,范围外,2022,1819,其他机织服装制造,燃生物质锅炉,DA001,0,[]
SRC-RAW-8DE7A65ABB0A0574E21A,范围外,2022,1819,其他机织服装制造,燃生物质锅炉,DA001,0,[]
SRC-RAW-4D3367D3EBD86597952F,范围外,2022,1819,其他机织服装制造,燃生物质锅炉,DA001,0,[]
SRC-RAW-659B1D3C168983ED2262,范围外,2022,1819,其他机织服装制造,燃生物质锅炉,DA001,0,[]
SRC-RAW-14ECDD532C2E355E4EF4,范围外,2022,1819,其他机织服装制造,燃生物质锅炉,DA001,0,[]
SRC-RAW-34A7E381E15750186947,范围外,2022,1819,其他机织服装制造,燃生物质锅炉,DA001,0,[]
SRC-RAW-1C95731F80C2D81BE102,范围外,2022,1819,其他机织服装制造,燃生物质锅炉,DA001,0,[]
SRC-RAW-CFB408087FD0E44D1905,范围外,2022,1819,其他机织服装制造,燃生物质锅炉,DA001,0,[]
SRC-RAW-9B50B52872149903578C,范围外,2022,2110,木质家具制造,燃生物质锅炉,DA002,0,[]
SRC-RAW-7F74283E87806E8AE81E,范围外,2022,1712,棉织造加工,燃生物质锅炉,DA002,0,[]
SRC-RAW-716EE0D882DC40623FD0,范围外,2022,1712,棉织造加工,燃生物质锅炉,DA002,0,[]
SRC-RAW-E514FAD888A16A024586,范围外,2022,1819,其他机织服装制造,燃生物质锅炉,DA001,0,[]
SRC-RAW-C47863580175A373CB1B,范围外,2022,1819,其他机织服装制造,燃生物质锅炉,DA001,0,[]
SRC-RAW-2D69022633D376666E50,范围外,2022,1819,其他机织服装制造,燃生物质锅炉,DA003,0,[]
SRC-RAW-F6FDDD0C59FBAD6C11F6,范围外,2022,1819,其他机织服装制造,燃生物质锅炉,DA003,0,[]
SRC-RAW-FA46039F5864D9ADCEDF,范围外,2022,1819,其他机织服装制造,燃生物质锅炉,DA002,0,[]
SRC-RAW-CD5F09361F4E900DC0D2,范围外,2022,1819,其他机织服装制造,燃生物质锅炉,DA002,0,[]
SRC-RAW-9E7C5C2107D6577AC137,范围外,2022,1819,其他机织服装制造,燃生物质锅炉,DA002,0,[]
SRC-RAW-1D2B7C26888622BB7C24,范围外,2022,1819,其他机织服装制造,燃生物质锅炉,DA002,0,[]
SRC-RAW-C6C907D114A09CBF4690,范围外,2022,1713,棉印染精加工,燃生物质锅炉,DA001,0,[]
SRC-RAW-2EEC25849CDD1D961A39,范围外,2022,1713,棉印染精加工,燃生物质锅炉,DA001,0,[]
SRC-RAW-CEDEDA31DAD87E3EFC75,范围外,2022,1713,棉印染精加工,燃生物质锅炉,DA001,0,[]
SRC-RAW-2DB6DB7A748FAC39684E,范围外,2022,1713,棉印染精加工,燃生物质锅炉,DA001,0,[]
SRC-RAW-802599C8EA1E4CE88CFC,范围外,2022,1713,棉印染精加工,燃生物质锅炉,DA001,0,[]
SRC-RAW-B348F0BC66495CE41786,范围外,2022,1713,棉印染精加工,燃生物质锅炉,DA002,0,[]
SRC-RAW-F2F86EB2E4A6AF77280B,范围外,2022,1713,棉印染精加工,燃生物质锅炉,DA002,0,[]
SRC-RAW-BE6748A048446094FF72,范围外,2022,1713,棉印染精加工,燃生物质锅炉,DA002,0,[]
SRC-RAW-AF04BC0F8334967ED9A0,范围外,2022,1713,棉印染精加工,燃生物质锅炉,DA001,0,[]
SRC-RAW-324E8E61B673C520892D,范围外,2022,1819,其他机织服装制造,燃生物质锅炉,DA001,0,[]
SRC-RAW-DD8E145220ED1B8C5B71,范围外,2022,1819,其他机织服装制造,燃生物质锅炉,DA001,0,[]
SRC-RAW-20BF8F3D256EEF757D31,范围外,2022,1819,其他机织服装制造,燃生物质锅炉,DA001,0,[]
SRC-RAW-075A11BDCBDF20172A2B,范围外,2022,1819,其他机织服装制造,燃生物质锅炉,DA001,0,[]
SRC-RAW-6BDF49FF6912E3A83609,范围外,2022,1819,其他机织服装制造,燃生物质锅炉,DA001,0,[]
SRC-RAW-D5A61FD55EAEC398CBCA,范围外,2022,1819,其他机织服装制造,燃生物质锅炉,DA001,0,[]
SRC-RAW-FFAB6EE6EFD6012C1C15,范围外,2022,1819,其他机织服装制造,燃生物质锅炉,DA001,0,[]
SRC-RAW-20659CF53740DD8E2A88,范围外,2022,1819,其他机织服装制造,燃生物质锅炉,DA002,0,[]
SRC-RAW-6B7067DE580B4E6BD59B,范围外,2022,1819,其他机织服装制造,燃生物质锅炉,DA002,0,[]
SRC-RAW-EEFA77536678325A8D60,范围外,2022,2110,木质家具制造,燃生物质锅炉,DA001,0,[]
SRC-RAW-C79E713290E26DA45591,工业锅炉,2022,2231,纸和纸板容器制造,燃气锅炉,DA001,9,[]
SRC-RAW-02DC1B92B1132D2EB8F9,工业锅炉,2022,1751,化纤织造加工,燃气锅炉,DA001,9,[]
SRC-RAW-8AE6AA87079BB5B95750,范围外,2022,2929,塑料零件及其他塑料制品制造,燃生物质锅炉,DA001,0,[]
SRC-RAW-1779B0D9551D22F17865,范围外,2022,4419,其他电力生产,燃生物质锅炉,DA001,0,[]
SRC-RAW-F131DF9CDAB627E11AFE,范围外,2022,4419,其他电力生产,燃生物质锅炉,DA002,0,[]
SRC-RAW-1CE97FEDD71814ACA1CD,范围外,2022,4419,其他电力生产,燃生物质锅炉,DA003,0,[]
SRC-RAW-4801A90CF2E5F41D0CD8,范围外,2022,4419,其他电力生产,燃生物质锅炉,DA004,0,[]
SRC-RAW-4231B071DFE84CECAD66,范围外,2022,4419,其他电力生产,燃生物质锅炉,DA005,0,[]
SRC-RAW-3045CE607A5CB9FEC936,工业锅炉,2022,1910,皮革鞣制加工,燃气锅炉,DA001,9,[]
SRC-RAW-0784CC1DBB9CE2DBA27F,工业锅炉,2022,1713,棉印染精加工,燃气锅炉,DA001,9,[]
SRC-RAW-E08ACE12C8DC9392EC8A,范围外,2022,1713,棉印染精加工,,DA002,0,[]
SRC-RAW-BF5B687BB9CC7F4E3862,工业锅炉,2022,1711,棉纺纱加工,燃气锅炉,DA002,9,[]
SRC-RAW-C5D6BC62760D9C4BB95B,范围外,2022,3360,金属表面处理及热处理加工,燃生物质锅炉,DA001,0,[]
SRC-RAW-181626FAA699BA67C8F9,范围外,2022,1752,化纤织物染整精加工,燃生物质锅炉,DA001,0,[]
SRC-RAW-E6E45B25852907F74521,工业锅炉,2022,1752,化纤织物染整精加工,燃气锅炉,DA002,9,[]
SRC-RAW-B01D036B4B7610B409CC,工业锅炉,2022,1713,棉印染精加工,燃气锅炉,DA003,9,[]
SRC-RAW-0AE2CB8A1F887BE3ECCE,范围外,2022,2929,塑料零件及其他塑料制品制造,燃生物质锅炉,DA001,0,[]
SRC-RAW-C37F6C0BEFE6D1DEE0D9,范围外,2022,1713,棉印染精加工,燃生物质锅炉,DA001,0,[]
SRC-RAW-7408B7B6339FD6A0FF07,工业锅炉,2022,1713,棉印染精加工,燃气锅炉,DA008,9,[]
SRC-RAW-9EDFF7B342D0739CDFDC,工业锅炉,2022,2221,机制纸及纸板制造,燃气锅炉,DA002,9,[]
SRC-RAW-19F29C27AD2E001F344F,工业锅炉,2022,2221,机制纸及纸板制造,燃煤锅炉,DA001,9,[]
SRC-RAW-A546BBDC81725E93B131,工业锅炉,2022,3231,钨钼冶炼,燃气锅炉,DA001,9,[]
SRC-RAW-108CB1C265F13E280FB3,工业锅炉,2022,3231,钨钼冶炼,燃气锅炉,DA001,9,[]
SRC-RAW-BAEABE709C323246CB5F,范围外,2022,2740,中成药生产,燃生物质锅炉,DA001,0,[]
SRC-RAW-F2FA0C9E31D470AA9115,范围外,2022,2221,机制纸及纸板制造,燃生物质锅炉,DA001,0,[]
SRC-RAW-D76715A13F93131EE851,范围外,2022,1491,营养食品制造,燃生物质锅炉,DA001,0,[]
SRC-RAW-7F6012360D321C2CA8A5,工业锅炉,2022,1495,食品及饲料添加剂制造,燃油锅炉,DA001,9,[]
SRC-RAW-792FB067F0B51CA39D86,工业锅炉,2022,1495,食品及饲料添加剂制造,燃气锅炉,DA002,9,[]
SRC-RAW-D0C681E26C027D81BEE0,工业锅炉,2022,2221,机制纸及纸板制造,燃煤锅炉,DA001,9,[]
SRC-RAW-2743D2E81FF47B79B5D6,工业锅炉,2022,2221,机制纸及纸板制造,燃煤锅炉,DA002,9,[]
SRC-RAW-19C1DB52E103F238332C,范围外,2022,1713,棉印染精加工,燃生物质锅炉,DA001,0,[]
SRC-RAW-3BE7F22DBA8CECB99AE8,范围外,2022,1713,棉印染精加工,燃生物质锅炉,DA001,0,[]
SRC-RAW-7470E43531D27754E3A6,工业锅炉,2022,1713,棉印染精加工,燃气锅炉,DA004,9,[]
SRC-RAW-B58081700E78F56F242E,工业锅炉,2022,2925,塑料人造革、合成革制造,燃煤锅炉,DA001,9,[]
SRC-RAW-E3A415E55D09B6074556,工业锅炉,2022,1523,果菜汁及果菜汁饮料制造,燃油锅炉,DA001,9,[]
SRC-RAW-B3A91CE1BE8435BD1814,工业锅炉,2022,1713,棉印染精加工,燃气锅炉,DA001,9,[]
SRC-RAW-0E9FE51C04786BF3B7C1,范围外,2022,2740,中成药生产,燃生物质锅炉,DA001,0,[]
SRC-RAW-37D7F53C72BB649EDE9D,工业锅炉,2022,2740,中成药生产,燃气锅炉,DA003,9,[]
SRC-RAW-2F879AE2621AC9D8861A,工业锅炉,2022,1399,其他未列明农副食品加工,燃油锅炉,DA001,9,[]
SRC-RAW-BA4778D4E665EFD28791,工业锅炉,2022,2239,其他纸制品制造,燃煤锅炉,DA001,9,[]
SRC-RAW-8C4940475B0A594E45A7,范围外,2022,4419,其他电力生产,,DA001,0,[]
SRC-RAW-565CFE6D1F87FEE59E4F,范围外,2022,4419,其他电力生产,,DA002,0,[]
SRC-RAW-EF31D7D1D6290A8CDFE7,工业锅炉,2022,2231,纸和纸板容器制造,燃气锅炉,DA001,9,[]
SRC-RAW-5A24B075F14F0082610D,工业锅炉,2022,1439,其他方便食品制造,燃油锅炉,DA001,9,[]
SRC-RAW-4540BCF82A79B69A567F,工业锅炉,2022,2740,中成药生产,燃油锅炉,DA001,9,[]
SRC-RAW-08276B71F80450B40B27,工业锅炉,2022,1421,糖果、巧克力制造,燃油锅炉,DA001,9,[]
SRC-RAW-4C0BDE0CCA087EB15958,工业锅炉,2022,2221,机制纸及纸板制造,燃煤锅炉,DA001,9,[]
SRC-RAW-8352F95E30C33AFE1EFC,工业锅炉,2022,1713,棉印染精加工,燃煤锅炉,DA001,9,[]
SRC-RAW-532C2BC04661FA38B8E9,范围外,2022,2319,包装装潢及其他印刷,燃生物质锅炉,DA002,0,[]
SRC-RAW-D683D38708DB6985060F,工业锅炉,2022,2231,纸和纸板容器制造,燃气锅炉,DA001,9,[]
SRC-RAW-7D653D18C95DD831029C,范围外,2022,2231,纸和纸板容器制造,燃生物质锅炉,DA001,0,[]
SRC-RAW-34C40F8886BE8F556BFB,工业锅炉,2022,2231,纸和纸板容器制造,燃煤锅炉,DA001,9,[]
SRC-RAW-21A076D8C5A742F87F8F,工业锅炉,2022,3989,其他电子元件制造,燃气锅炉,DA011,9,[]
SRC-RAW-4263AB27DE2F4F9EB23B,工业锅炉,2022,2319,包装装潢及其他印刷,燃油锅炉,DA001,9,[]
SRC-RAW-5575B8EFB19E3D17666E,工业锅炉,2022,1391,淀粉及淀粉制品制造,燃煤锅炉,DA001,9,[]
SRC-RAW-64219D2F1798990870D6,工业锅炉,2022,2319,包装装潢及其他印刷,燃油锅炉,DA002,9,[]
SRC-RAW-22891BF70EDB0793FC69,工业锅炉,2022,2613,无机盐制造,燃气锅炉,DA001,9,[]
SRC-RAW-5512902A9654B937D2A4,工业锅炉,2022,1421,糖果、巧克力制造,燃油锅炉,DA001,9,[]
SRC-RAW-3408D337780EBB5868B5,工业锅炉,2022,2221,机制纸及纸板制造,燃煤锅炉,DA001,9,[]
SRC-RAW-FBFB12512E53DB9D8DD9,范围外,2022,2319,包装装潢及其他印刷,燃生物质锅炉,DA002,0,[]
SRC-RAW-7E40FEC491FCD05A0BD9,范围外,2022,2319,包装装潢及其他印刷,燃生物质锅炉,DA011,0,[]
SRC-RAW-DA29F6C4E074A5D7E5A7,工业锅炉,2022,1421,糖果、巧克力制造,燃油锅炉,DA001,9,[]
SRC-RAW-88B1A8C1984CF3923457,工业锅炉,2022,2319,包装装潢及其他印刷,燃油锅炉,DA006,9,[]
SRC-RAW-91CC84C343BC90212BC0,工业锅炉,2022,2319,包装装潢及其他印刷,燃气锅炉,DA001,9,[]
SRC-RAW-60119AF04EE85EA0B657,工业锅炉,2022,1492,保健食品制造,燃油锅炉,DA001,9,[]
SRC-RAW-2282BC95F3A870AD29EB,工业锅炉,2022,1421,糖果、巧克力制造,燃油锅炉,DA001,9,[]
SRC-RAW-36867326CF71077B5F2F,范围外,2022,1422,蜜饯制作,燃生物质锅炉,DA001,0,[]
SRC-RAW-7F962145A6F9029F9D85,范围外,2022,2239,其他纸制品制造,燃生物质锅炉,DA001,0,[]
SRC-RAW-D971A00AEF89E87A57B9,范围外,2022,4419,其他电力生产,燃生物质锅炉,DA001,0,[]
SRC-RAW-566DDB8234ADB888ED73,范围外,2022,4419,其他电力生产,燃生物质锅炉,DA002,0,[]
SRC-RAW-3E974DC98B6AF002C69B,范围外,2022,4419,其他电力生产,燃生物质锅炉,DA003,0,[]
SRC-RAW-DDF4A4858D074AF5425B,工业锅炉,2022,2221,机制纸及纸板制造,燃煤锅炉,DA001,9,[]
SRC-RAW-6CD72584AD55B3DA8317,工业锅炉,2022,2221,机制纸及纸板制造,燃煤锅炉,DA001,9,[]
SRC-RAW-84505D8189EC8FDD1C36,工业锅炉,2022,2641,涂料制造,燃气锅炉,DA001,9,[]
SRC-RAW-63B565D0214106A5D802,工业锅炉,2022,2221,机制纸及纸板制造,燃煤锅炉,DA001,9,[]
SRC-RAW-5BB161330672CF0DD3E3,工业锅炉,2022,2231,纸和纸板容器制造,燃煤锅炉,DA001,9,[]
SRC-RAW-943DBD9629F80437B702,工业锅炉,2022,1421,糖果、巧克力制造,燃油锅炉,DA001,9,[]
SRC-RAW-FD3FA4CE8ABDDD287849,范围外,2022,1439,其他方便食品制造,燃生物质锅炉,DA001,0,[]
SRC-RAW-9198F3AE97B781B13CE0,范围外,2022,1421,糖果、巧克力制造,燃生物质锅炉,DA001,0,[]
SRC-RAW-735E97FF20D753ACA1D5,工业锅炉,2022,1421,糖果、巧克力制造,燃煤锅炉,DA001,9,[]
SRC-RAW-25841F22E38233DBF321,工业锅炉,2022,2221,机制纸及纸板制造,燃煤锅炉,DA001,9,[]
SRC-RAW-B0757B6964EE0450D1D8,范围外,2022,1439,其他方便食品制造,燃生物质锅炉,DA001,0,[]
SRC-RAW-6F4995B8A735E3E98DB5,工业锅炉,2022,2239,其他纸制品制造,燃气锅炉,DA001,9,[]
SRC-RAW-91628F3E312D52D98DA2,工业锅炉,2022,2924,泡沫塑料制造,燃煤锅炉,DA001,9,[]
SRC-RAW-1DDA8F22160D03453C5C,工业锅炉,2022,2221,机制纸及纸板制造,燃煤锅炉,DA001,9,[]
SRC-RAW-4DCC6D5CF7FCE39725C1,工业锅炉,2022,1421,糖果、巧克力制造,燃油锅炉,DA001,9,[]
SRC-RAW-6D9FC079C929B2FA4144,工业锅炉,2022,1713,棉印染精加工,燃煤锅炉,DA001,9,[]
SRC-RAW-C55A85F952E6B603896A,工业锅炉,2022,2319,包装装潢及其他印刷,燃油锅炉,DA001,9,[]
SRC-RAW-FD5ED877D6196C97D135,工业锅炉,2022,2221,机制纸及纸板制造,燃煤锅炉,DA001,9,[]
SRC-RAW-0F2CBC418F77493D94E7,工业锅炉,2022,2319,包装装潢及其他印刷,燃油锅炉,DA002,9,[]
SRC-RAW-FF0836EEC3F98885A29F,范围外,2022,1439,其他方便食品制造,燃生物质锅炉,DA001,0,[]
SRC-RAW-AB46241366457230291D,工业锅炉,2022,2221,机制纸及纸板制造,燃煤锅炉,DA001,9,[]
SRC-RAW-22B9C07EB5936FB95372,工业锅炉,2022,1723,毛染整精加工,燃煤锅炉,DA001,9,[]
SRC-RAW-A642C3DD5F2D3D5E83AD,工业锅炉,2022,3012,石灰和石膏制造,燃气锅炉,DA001,9,[]
SRC-RAW-53A9FA9EFF3358ED4010,工业锅炉,2022,1713,棉印染精加工,燃煤锅炉,DA001,9,[]
SRC-RAW-6E8C13843162B7CAD9DD,范围外,2022,2231,纸和纸板容器制造,燃生物质锅炉,DA003,0,[]
SRC-RAW-872E0D391E4E1F842011,工业锅炉,2022,2231,纸和纸板容器制造,燃煤锅炉,DA001,9,[]
SRC-RAW-B128C55216D53411DC43,工业锅炉,2022,1462,酱油、食醋及类似制品制造,燃油锅炉,DA001,9,[]
SRC-RAW-B3EEE95AA6F706A59B6B,范围外,2022,1462,酱油、食醋及类似制品制造,,DA004,0,[]
SRC-RAW-F40A0016A9A7BEDF76EA,工业锅炉,2022,2221,机制纸及纸板制造,燃煤锅炉,DA001,9,[]
SRC-RAW-84EBB6E5350F73AB686A,工业锅炉,2022,2221,机制纸及纸板制造,燃煤锅炉,DA001,9,[]
SRC-RAW-6EA4C52FD58ED9D4332C,工业锅炉,2022,1353,肉制品及副产品加工,燃油锅炉,DA001,9,[]
SRC-RAW-2E076DB5176001F7B286,工业锅炉,2022,1713,棉印染精加工,燃煤锅炉,DA001,9,[]
SRC-RAW-3F8535F10BFABC71354C,工业锅炉,2022,2221,机制纸及纸板制造,燃煤锅炉,DA001,9,[]
SRC-RAW-2DABEFC5089720627DB1,工业锅炉,2022,2221,机制纸及纸板制造,燃煤锅炉,DA001,9,[]
SRC-RAW-148874107A53B9F07D1B,工业锅炉,2022,1421,糖果、巧克力制造,燃油锅炉,DA001,9,[]
SRC-RAW-FCB227DC757CFE8610F3,工业锅炉,2022,1713,棉印染精加工,燃气锅炉,DA001,9,[]
SRC-RAW-F79C863CDD49D8E92EAE,范围外,2022,1421,糖果、巧克力制造,燃生物质锅炉,DA001,0,[]
SRC-RAW-666377E550A58209784D,火电热力,2022,4412,热电联产,燃气轮机,DA001,9,[]
SRC-RAW-30FA21F1E0FEA79226C7,火电热力,2022,4412,热电联产,燃气轮机,DA002,9,[]
SRC-RAW-2A31F65E2DDE1B721B31,火电热力,2022,4412,热电联产,燃气锅炉,DA003,9,[]
SRC-RAW-B02BF89D0A6BA390AC19,范围外,2022,2231,纸和纸板容器制造,燃生物质锅炉,DA001,0,[]
SRC-RAW-E92B3AE4C3D449B11F36,工业锅炉,2022,4220,非金属废料和碎屑加工处理,燃煤锅炉,DA001,9,[]
SRC-RAW-987D8D0A965B2ACBEFDF,工业锅炉,2022,1432,速冻食品制造,燃油锅炉,DA001,9,[]
SRC-RAW-825F50F1195049BD966D,范围外,2022,3360,金属表面处理及热处理加工,燃生物质锅炉,DA001,0,[]
SRC-RAW-0364C1615A4478B5D6AF,工业锅炉,2022,2221,机制纸及纸板制造,燃煤锅炉,DA001,9,[]
SRC-RAW-44B908083E9DC80C41D8,工业锅炉,2022,4210,金属废料和碎屑加工处理,燃气锅炉,DA001,9,[]
SRC-RAW-AFBB0D9E9C90E2CB4E02,范围外,2022,1329,其他饲料加工,,DA001,0,[]
SRC-RAW-5A33F20CDD916A5C00E2,工业锅炉,2022,1439,其他方便食品制造,燃煤锅炉,DA001,9,[]
SRC-RAW-E009075E9E4B2C376221,工业锅炉,2022,1362,鱼糜制品及水产品干腌制加工,燃煤锅炉,DA001,9,[]
SRC-RAW-AE563E14F46C0A119951,工业锅炉,2022,2221,机制纸及纸板制造,燃煤锅炉,DA001,9,[]
SRC-RAW-D79EC20C19DEBBACC31C,工业锅炉,2022,1329,其他饲料加工,燃煤锅炉,DA001,9,[]
SRC-RAW-712FE57A8849B9C9CF74,工业锅炉,2022,1353,肉制品及副产品加工,燃煤锅炉,DA001,9,[]
SRC-RAW-486324A5C6F2E136D5CB,范围外,2022,1373,水果和坚果加工,燃生物质锅炉,DA001,0,[]
SRC-RAW-764E37EC7F2F19AE3B14,范围外,2022,1353,肉制品及副产品加工,燃生物质锅炉,DA001,0,[]
SRC-RAW-D1B1C4DF1DB39E558820,工业锅炉,2022,1353,肉制品及副产品加工,燃油锅炉,DA002,9,[]
SRC-RAW-6AA1769D56413E1BE54D,范围外,2022,1399,其他未列明农副食品加工,燃生物质锅炉,DA001,0,[]
SRC-RAW-56EBD5CDCD88A837FFF4,范围外,2022,1353,肉制品及副产品加工,燃生物质锅炉,DA001,0,[]
SRC-RAW-2DA4D71C571331BA6F84,火电热力,2022,4411,火力发电,燃煤锅炉,DA001,9,[]
SRC-RAW-84F5F5E88705396F1B23,火电热力,2022,4411,火力发电,燃煤锅炉,DA002,9,[]
SRC-RAW-5579BBBBB608C011246B,火电热力,2022,4411,火力发电,燃煤锅炉,DA003,9,[]
SRC-RAW-FC0E5288D1798D7EE1AD,火电热力,2022,4411,火力发电,燃煤锅炉,DA004,9,[]
SRC-RAW-68E0CF9B8D24E87B9467,工业锅炉,2022,1353,肉制品及副产品加工,燃煤锅炉,DA001,9,[]
SRC-RAW-F65A2544E622C73D8566,范围外,2022,1353,肉制品及副产品加工,燃生物质锅炉,DA001,0,[]
SRC-RAW-3F8FA0CFCC5857661F0F,范围外,2022,1353,肉制品及副产品加工,燃生物质锅炉,DA001,0,[]
SRC-RAW-8A68CC2A9DF3D8249AFD,范围外,2022,2924,泡沫塑料制造,燃生物质锅炉,DA001,0,[]
SRC-RAW-E78C129831BA9502669F,范围外,2022,2924,泡沫塑料制造,燃生物质锅炉,DA001,0,[]
SRC-RAW-9F28544720C1E6ECE479,工业锅炉,2022,1353,肉制品及副产品加工,燃煤锅炉,DA001,9,[]
SRC-RAW-E62D8DA9CCA4A90A7324,工业锅炉,2022,1712,棉织造加工,燃煤锅炉,DA001,9,[]
SRC-RAW-BF1BA6F3861D34F5A0F7,工业锅炉,2022,1712,棉织造加工,燃煤锅炉,DA001,9,[]
SRC-RAW-AFE1C7188CD281192899,范围外,2022,1712,棉织造加工,燃生物质锅炉,DA004,0,[]
SRC-RAW-D341B69D88CCE3312856,火电热力,2022,4417,生物质能发电,燃生物质锅炉,DA001,9,[]
SRC-RAW-F2B0C2BEAE25B9CABDA9,工业锅炉,2022,1340,制糖业,燃煤锅炉,DA001,9,[]
SRC-RAW-544AE082A006EDD87897,范围外,2022,1340,制糖业,燃生物质锅炉,DA002,0,[]
SRC-RAW-DE92F65CC7E9E5E84E62,工业锅炉,2022,1353,肉制品及副产品加工,燃煤锅炉,DA001,9,[]
SRC-RAW-CABCB12A75AC6CB6DAAD,工业锅炉,2022,1353,肉制品及副产品加工,燃煤锅炉,DA001,9,[]
SRC-RAW-FDD20C5CF2662D897F58,范围外,2022,2924,泡沫塑料制造,燃生物质锅炉,DA001,0,[]
SRC-RAW-082A31D373A50D919E46,工业锅炉,2022,2924,泡沫塑料制造,燃气锅炉,DA002,9,[]
SRC-RAW-E6642D426C1576789D73,范围外,2022,2924,泡沫塑料制造,燃生物质锅炉,DA001,0,[]
SRC-RAW-D0761A8C4D5FC9A0A799,范围外,2022,2924,泡沫塑料制造,燃生物质锅炉,DA001,0,[]
SRC-RAW-80655F4888E73C0EA76A,工业锅炉,2022,1941,羽毛（绒）加工,燃气锅炉,DA001,9,[]
SRC-RAW-918990143D79E864FAFB,工业锅炉,2022,1941,羽毛（绒）加工,燃气锅炉,DA001,9,[]
SRC-RAW-15AF8040767798DC8F17,工业锅炉,2022,1941,羽毛（绒）加工,燃气锅炉,DA001,9,[]
SRC-RAW-69859222346D7EE38288,工业锅炉,2022,1941,羽毛（绒）加工,燃气锅炉,DA001,9,[]
SRC-RAW-CD5F810E1083D082E6E4,范围外,2022,2239,其他纸制品制造,燃生物质锅炉,DA001,0,[]
SRC-RAW-6100E84973178B0E2E64,工业锅炉,2022,2239,其他纸制品制造,燃气锅炉,DA002,9,[]
SRC-RAW-C5464941DC03123CF3F5,范围外,2022,2924,泡沫塑料制造,燃生物质锅炉,DA001,0,[]
SRC-RAW-5F0DF8F6D07DCA6292DA,工业锅炉,2022,1941,羽毛（绒）加工,燃气锅炉,DA001,9,[]
SRC-RAW-93D8669057BEA71B70BC,范围外,2022,1929,其他皮革制品制造,燃生物质锅炉,DA003,0,[]
SRC-RAW-7B0BA4DA9397CBF6CA67,范围外,2022,2641,涂料制造,燃生物质锅炉,DA001,0,[]
SRC-RAW-26627AAB543832F08842,工业锅炉,2022,3021,水泥制品制造,燃煤锅炉,DA001,9,[]
SRC-RAW-1C6492BFA275DBA154A4,范围外,2022,1462,酱油、食醋及类似制品制造,燃生物质锅炉,DA001,0,[]
SRC-RAW-A0467A4ED685BDA82EB3,工业锅炉,2022,3240,有色金属合金制造,燃油锅炉,DA001,9,[]
SRC-RAW-F77215A4C5FD3E9357A9,工业锅炉,2022,2023,刨花板制造,其他锅炉,DA002,9,[]
SRC-RAW-13F4242751C03465A1D3,工业锅炉,2022,3360,金属表面处理及热处理加工,燃气锅炉,DA001,9,[]
SRC-RAW-5F7F6E9FDD268D591614,工业锅炉,2022,3360,金属表面处理及热处理加工,燃气锅炉,DA001,9,[]
SRC-RAW-589B6BE02766C7049CE7,工业锅炉,2022,3360,金属表面处理及热处理加工,燃气锅炉,DA001,9,[]
SRC-RAW-EF7B7F35C1AD6A332794,工业锅炉,2022,3360,金属表面处理及热处理加工,燃气锅炉,DA001,9,[]
SRC-RAW-43FD37CCDCA80DC8E4D0,范围外,2022,1453,蔬菜、水果罐头制造,燃生物质锅炉,DA102,0,[]
SRC-RAW-CA7C2EC19290C6B0DF70,工业锅炉,2022,2221,机制纸及纸板制造,燃煤锅炉,DA001,9,[]
SRC-RAW-AC288B45DCEDCE8D5FD2,工业锅炉,2022,2669,其他专用化学产品制造,燃气锅炉,DA002,9,[]
SRC-RAW-DEF5DB5EE0A1EC4F7517,火电热力,2022,4430,热力生产和供应,燃煤锅炉,DA001,9,[]
SRC-RAW-83277A97D19AC0EA1E86,范围外,2022,2021,胶合板制造,燃生物质锅炉,DA001,0,[]
SRC-RAW-17E4433AD4BD23660FC1,工业锅炉,2022,1513,啤酒制造,燃气锅炉,DA003,9,[]
SRC-RAW-14ABC00C1CB8D9A1AE27,范围外,2022,1419,饼干及其他焙烤食品制造,燃生物质锅炉,DA001,0,[]
SRC-RAW-88065A958262A845F77F,范围外,2022,1419,饼干及其他焙烤食品制造,燃生物质锅炉,DA001,0,[]
SRC-RAW-14C27D37BB071919AEDE,工业锅炉,2022,1742,绢纺和丝织加工,燃气锅炉,DA003,9,[]
SRC-RAW-511BA0692D78A77FBCA5,工业锅炉,2022,1742,绢纺和丝织加工,燃气锅炉,DA004,9,[]
SRC-RAW-08AD028BC0F67EF1BD30,工业锅炉,2022,1452,水产品罐头制造,燃气锅炉,DA001,9,[]
SRC-RAW-F7B7564BB530420596D6,工业锅炉,2022,1452,水产品罐头制造,燃气锅炉,DA001,9,[]
SRC-RAW-8FB93678AB6727812326,范围外,2022,1449,其他乳制品制造,燃生物质锅炉,DA001,0,[]
SRC-RAW-2E8EAF7D2A138648D66C,范围外,2022,2221,机制纸及纸板制造,燃生物质锅炉,DA001,0,[]
SRC-RAW-124898FFA7D1877A6446,工业锅炉,2022,1329,其他饲料加工,燃气锅炉,DA001,9,[]
SRC-RAW-2CA3522FE626BD39B496,工业锅炉,2022,1329,其他饲料加工,燃气锅炉,DA002,9,[]
SRC-RAW-A38C5C2F275B53385D60,范围外,2022,2221,机制纸及纸板制造,燃生物质锅炉,DA001,0,[]
SRC-RAW-5DDBA1D8CD70A5DFCE7A,工业锅炉,2022,1453,蔬菜、水果罐头制造,燃气锅炉,DA001,9,[]
SRC-RAW-930218A9B157A06E0A73,工业锅炉,2022,2730,中药饮片加工,燃气锅炉,DA001,9,[]
SRC-RAW-145B589876D4FC78962C,范围外,2022,1713,棉印染精加工,燃生物质锅炉,DA001,0,[]
SRC-RAW-39508BC16A63EDBDF6B0,范围外,2022,1713,棉印染精加工,燃生物质锅炉,DA001,0,[]
SRC-RAW-4C955EA9116C50DD9F3E,工业锅炉,2022,2740,中成药生产,燃气锅炉,DA001,9,[]
SRC-RAW-F7B6E72317E8B0B85585,范围外,2022,2730,中药饮片加工,燃生物质锅炉,DA002,0,[]
SRC-RAW-C1BDB1B516BE7E39288D,范围外,2022,2231,纸和纸板容器制造,燃生物质锅炉,DA001,0,[]
SRC-RAW-BEF7568FDF604F91C944,工业锅炉,2022,1521,碳酸饮料制造,燃气锅炉,DA002,9,[]
SRC-RAW-6508277CEAEAAFD34073,工业锅炉,2022,1521,碳酸饮料制造,燃气锅炉,DA002,9,[]
SRC-RAW-D78161FFFF64E8CFF5B5,范围外,2022,1329,其他饲料加工,燃生物质锅炉,DA001,0,[]
SRC-RAW-62C8F8D457720083A379,工业锅炉,2022,2221,机制纸及纸板制造,燃煤锅炉,DA001,9,[]
SRC-RAW-AE9CBB9641D70DD85489,范围外,2022,1713,棉印染精加工,燃生物质锅炉,DA001,0,[]
SRC-RAW-A1F875663837C7A00F4A,范围外,2022,2021,胶合板制造,燃生物质锅炉,DA001,0,[]
SRC-RAW-8DFE1674E459CC100526,范围外,2022,2239,其他纸制品制造,燃生物质锅炉,DA001,0,[]
SRC-RAW-9352C51BD7C52000A710,火电热力,2022,4417,生物质能发电,燃生物质锅炉,DA002,9,[]
SRC-RAW-6DDA8A1693063CD1B147,火电热力,2022,4417,生物质能发电,燃气轮机,DA001,9,[]
SRC-RAW-BDDE87A72EF639263C80,火电热力,2022,4417,生物质能发电,燃气轮机,DA002,9,[]
SRC-RAW-E95A414DEDC7891E63CD,火电热力,2022,4417,生物质能发电,燃气轮机,DA003,9,[]
SRC-RAW-C104FAAA6872FA9A2EA3,火电热力,2022,4417,生物质能发电,燃气轮机,DA004,9,[]
SRC-RAW-FCB738E061C79D9EFE77,火电热力,2022,4417,生物质能发电,燃气轮机,DA005,9,[]
SRC-RAW-10245DCA80053978E850,火电热力,2022,4417,生物质能发电,燃气轮机,DA006,9,[]
SRC-RAW-B68AD7523F954ADB5B1B,火电热力,2022,4417,生物质能发电,燃生物质锅炉,DA001,9,[]
SRC-RAW-46E47575BE87C0E9356F,火电热力,2022,4417,生物质能发电,燃生物质锅炉,DA002,9,[]
SRC-RAW-BCD057D17B542BBFA016,工业锅炉,2022,1352,禽类屠宰,燃气锅炉,DA001,9,[]
SRC-RAW-81FEDDDE12BA96D6B78D,工业锅炉,2022,1352,禽类屠宰,燃气锅炉,DA002,9,[]
SRC-RAW-743971612EF893C4928C,工业锅炉,2022,1352,禽类屠宰,燃气锅炉,DA003,9,[]
SRC-RAW-DEE00CE3950DA9B2F240,工业锅炉,2022,1352,禽类屠宰,燃气锅炉,DA004,9,[]
SRC-RAW-3CB366B2B5F8EC098C41,工业锅炉,2022,1352,禽类屠宰,燃气锅炉,DA005,9,[]
SRC-RAW-7D06A7FDF4F247BBAF18,工业锅炉,2022,3130,钢压延加工,燃气锅炉,DA001,9,[]
SRC-RAW-EDFD563CBD15E332A27E,范围外,2022,1422,蜜饯制作,燃生物质锅炉,DA001,0,[]
SRC-RAW-D7A16E5959CFE256BBF4,范围外,2022,1453,蔬菜、水果罐头制造,燃生物质锅炉,DA001,0,[]
SRC-RAW-08C2FDFCA4E6E4CD3383,范围外,2022,1422,蜜饯制作,燃生物质锅炉,DA001,0,[]
SRC-RAW-4F5C2CE7623390E27324,范围外,2022,1422,蜜饯制作,燃生物质锅炉,DA001,0,[]
SRC-RAW-54D51F648E6C2ED0F518,范围外,2022,1422,蜜饯制作,燃生物质锅炉,DA001,0,[]
SRC-RAW-645873AC5AB375FF7BF4,范围外,2022,1422,蜜饯制作,燃生物质锅炉,DA001,0,[]
SRC-RAW-72D46AA3944F9CE69DD1,范围外,2022,3482,紧固件制造,燃生物质锅炉,DA001,0,[]
SRC-RAW-53C1726B8AC3B7E84825,范围外,2022,2319,包装装潢及其他印刷,燃生物质锅炉,DA001,0,[]
SRC-RAW-8BAFE6B76C0AD98A4F73,范围外,2022,1422,蜜饯制作,燃生物质锅炉,DA001,0,[]
SRC-RAW-D186E338CA1F146BB283,工业锅炉,2022,2720,化学药品制剂制造,燃气锅炉,DA001,9,[]
SRC-RAW-3C883CC82D706001A26B,范围外,2022,2624,复混肥料制造,燃生物质锅炉,DA001,0,[]
SRC-RAW-6892B3B5D2E43A537ADF,范围外,2022,1453,蔬菜、水果罐头制造,燃生物质锅炉,DA001,0,[]
SRC-RAW-A948CAC6F8F12B076346,范围外,2022,1712,棉织造加工,燃生物质锅炉,DA001,0,[]
SRC-RAW-5649E228C3E510CCBD6F,范围外,2022,2319,包装装潢及其他印刷,燃气轮机,DA001,0,[]
SRC-RAW-52814A2823BF3B8F03D9,工业锅炉,2022,1910,皮革鞣制加工,燃油锅炉,DA004,9,[]
SRC-RAW-C2C405A12A2BBA1FE88C,范围外,2022,3029,其他水泥类似制品制造,,DA001,0,[]
SRC-RAW-0762E7C2A9E55AF14348,范围外,2022,1711,棉纺纱加工,燃生物质锅炉,DA001,0,[]
SRC-RAW-D64C74A34B6417D2DBDD,范围外,2022,1422,蜜饯制作,燃生物质锅炉,DA001,0,[]
SRC-RAW-434E57D56CC3D9FA6D64,范围外,2022,1422,蜜饯制作,燃生物质锅炉,DA001,0,[]
SRC-RAW-0BAE74BA2397CF47D951,工业锅炉,2022,2221,机制纸及纸板制造,燃煤锅炉,DA001,9,[]
SRC-RAW-C0F226ACCEBC1D38A99A,范围外,2022,1462,酱油、食醋及类似制品制造,燃生物质锅炉,DA001,0,[]
SRC-RAW-F31285B7EF926E6F6E22,范围外,2022,1713,棉印染精加工,燃生物质锅炉,DA001,0,[]
SRC-RAW-1453EF7D6625C7EBD5A3,工业锅炉,2022,2221,机制纸及纸板制造,燃煤锅炉,DA001,9,[]
SRC-RAW-0D37E4DC70046446405D,工业锅炉,2022,2221,机制纸及纸板制造,燃煤锅炉,DA001,9,[]
SRC-RAW-6066991D2DA28566115E,火电热力,2022,4411,火力发电,燃煤锅炉,DA001,9,[]
SRC-RAW-927B14F2990B74E2A6EF,火电热力,2022,4411,火力发电,燃煤锅炉,DA002,9,[]
SRC-RAW-F7E56B123AF69F40ACAB,火电热力,2022,4411,火力发电,燃煤锅炉,DA003,9,[]
SRC-RAW-4C935755D3373975791B,火电热力,2022,4411,火力发电,燃煤锅炉,DA004,9,[]
SRC-RAW-399F0EE7A53AF2C65041,范围外,2022,2924,泡沫塑料制造,燃生物质锅炉,DA001,0,[]
SRC-RAW-45A14EBA1746E0AE89A1,工业锅炉,2022,2221,机制纸及纸板制造,燃煤锅炉,DA001,9,[]
SRC-RAW-085159500B39367E640B,范围外,2022,4220,非金属废料和碎屑加工处理,燃生物质锅炉,DA005,0,[]
SRC-RAW-E4C4B0864465CB9DE72D,火电热力,2022,4417,生物质能发电,燃生物质锅炉,DA001,17,[]
SRC-RAW-CD2D407CA1BD066866D0,火电热力,2022,4417,生物质能发电,燃生物质锅炉,DA002,17,[]
SRC-RAW-C5959E978DBB896A450C,范围外,2022,1712,棉织造加工,燃生物质锅炉,DA001,0,[]
SRC-RAW-109F436A28DB230CF701,范围外,2022,1712,棉织造加工,燃生物质锅炉,DA001,0,[]
SRC-RAW-513BED28878195202895,范围外,2022,1453,蔬菜、水果罐头制造,燃生物质锅炉,DA001,0,[]
SRC-RAW-315F5BD07B7FCD7C9D49,范围外,2022,1763,针织或钩针编织品制造,燃生物质锅炉,DA002,0,[]
SRC-RAW-1940DE904E56BEF4832B,工业锅炉,2022,2720,化学药品制剂制造,燃油锅炉,DA003,9,[]
SRC-RAW-0D3BB1F8CAAB44C2CD8A,范围外,2022,2239,其他纸制品制造,燃生物质锅炉,DA001,0,[]
SRC-RAW-23901E46F06D8D8EED6E,工业锅炉,2022,1462,酱油、食醋及类似制品制造,燃气锅炉,DA001,9,[]
SRC-RAW-20F458E22965F9524C4B,范围外,2022,1781,非织造布制造,燃生物质锅炉,DA001,0,[]
SRC-RAW-38ACAB2EB044298906B2,范围外,2022,1462,酱油、食醋及类似制品制造,燃生物质锅炉,DA001,0,[]
SRC-RAW-33BCFFE5D93422B4796D,工业锅炉,2022,2682,化妆品制造,燃油锅炉,DA001,9,[]
SRC-RAW-0D54908F9661EBD5090E,工业锅炉,2022,1495,食品及饲料添加剂制造,燃气锅炉,DA001,9,[]
SRC-RAW-31E474D9EAB38B003986,范围外,2022,2761,生物药品制造,燃生物质锅炉,DA001,0,[]
SRC-RAW-0DAE230825F4A15474C0,范围外,2022,1529,茶饮料及其他饮料制造,燃生物质锅炉,DA001,0,[]
SRC-RAW-DD875A7107ACE0892EA4,范围外,2022,2921,塑料薄膜制造,燃生物质锅炉,DA004,0,[]
SRC-RAW-E7E5ADAFCFECF7200532,工业锅炉,2022,4220,非金属废料和碎屑加工处理,燃煤锅炉,DA001,9,[]
SRC-RAW-6585362B366B486A2083,工业锅炉,2022,2720,化学药品制剂制造,燃煤锅炉,DA001,9,[]
SRC-RAW-9F7FC38BFF12636B192C,范围外,2022,1431,米、面制品制造,燃生物质锅炉,DA001,0,[]
SRC-RAW-64B6CEA14A6C7ABE59F4,范围外,2022,2239,其他纸制品制造,燃生物质锅炉,DA001,0,[]
SRC-RAW-E0F1126203CA2C151663,范围外,2022,1712,棉织造加工,燃生物质锅炉,DA001,0,[]
SRC-RAW-0E37959D8B649244736C,范围外,2022,1712,棉织造加工,燃生物质锅炉,DA001,0,[]
SRC-RAW-9976C9DDE8C9B9FA7D76,范围外,2022,1712,棉织造加工,燃生物质锅炉,DA003,0,[]
SRC-RAW-27A1CB0C8603B51A2364,范围外,2022,1712,棉织造加工,燃生物质锅炉,DA003,0,[]
SRC-RAW-76FBA0A0A41BE254B44E,范围外,2022,1353,肉制品及副产品加工,燃生物质锅炉,DA001,0,[]
SRC-RAW-F7E23C23CF01E91293FB,工业锅炉,2022,1462,酱油、食醋及类似制品制造,燃气锅炉,DA001,9,[]
SRC-RAW-01D927763F658F3F8511,范围外,2022,1811,运动机织服装制造,燃生物质锅炉,DA001,0,[]
SRC-RAW-F6101FE8213EBA18CD80,范围外,2022,1752,化纤织物染整精加工,燃生物质锅炉,DA001,0,[]
SRC-RAW-52D85C10391D48F484B5,工业锅炉,2022,1751,化纤织造加工,燃煤锅炉,DA001,9,[]
SRC-RAW-EDB0C2905A47F63D904D,范围外,2022,1751,化纤织造加工,燃生物质锅炉,DA001,0,[]
SRC-RAW-93A6F9C5D60DF8B794E2,工业锅炉,2022,4190,其他未列明制造业,燃气锅炉,DA001,9,[]
SRC-RAW-1F8525D438DD76441363,范围外,2022,3031,粘土砖瓦及建筑砌块制造,燃生物质锅炉,DA001,0,[]
SRC-RAW-ACD4B9FA66C650A7BCBA,火电热力,2022,4412,热电联产,燃气锅炉,DA001,9,[]
SRC-RAW-ED724E3B10F8B60BC5E8,火电热力,2022,4412,热电联产,燃气锅炉,DA002,9,[]
SRC-RAW-8705C76A23E3D73597AA,火电热力,2022,4412,热电联产,燃气锅炉,DA003,9,[]
SRC-RAW-A1D8833AD5BA125268B7,火电热力,2022,4412,热电联产,燃气锅炉,DA004,9,[]
SRC-RAW-69E9E547E1580C1F7E26,火电热力,2022,4417,生物质能发电,燃生物质锅炉,DA001,17,[]
SRC-RAW-F3BCE8B07FE1DD5CABD0,火电热力,2022,4417,生物质能发电,燃生物质锅炉,DA002,17,[]
SRC-RAW-D4EC9D00EA2027271E68,范围外,2022,1353,肉制品及副产品加工,燃生物质锅炉,DA001,0,[]
SRC-RAW-780597CD9570F3B05345,范围外,2022,1433,方便面制造,燃生物质锅炉,DA001,0,[]
SRC-RAW-3719961AD767891B04CF,范围外,2022,1433,方便面制造,燃生物质锅炉,DA001,0,[]
SRC-RAW-F4539CC7445B600EA30A,范围外,2022,1433,方便面制造,,DA001,0,[]
SRC-RAW-61A4BB1C1DE2BC954995,范围外,2022,1462,酱油、食醋及类似制品制造,燃生物质锅炉,DA001,0,[]
SRC-RAW-36CE4CF5934CC4E59C51,范围外,2022,2319,包装装潢及其他印刷,燃生物质锅炉,DA003,0,[]
SRC-RAW-DEB3E369F22C28856408,范围外,2022,2912,橡胶板、管、带制造,燃生物质锅炉,DA009,0,[]
SRC-RAW-7BD8AE53B4C1882B4966,范围外,2022,1462,酱油、食醋及类似制品制造,燃生物质锅炉,DA124,0,[]
SRC-RAW-245E9606CEC4EFE90CEF,范围外,2022,1433,方便面制造,燃生物质锅炉,DA001,0,[]
SRC-RAW-A4C94B35FB34A968EAA4,范围外,2022,3360,金属表面处理及热处理加工,燃生物质锅炉,DA001,0,[]
SRC-RAW-4E8C1C715FC6448DF880,工业锅炉,2022,3130,钢压延加工,燃气锅炉,DA001,9,[]
SRC-RAW-908100046D1C217BC5D8,范围外,2022,1421,糖果、巧克力制造,燃生物质锅炉,DA001,0,[]
SRC-RAW-AF2CDD2575FD99EA1ECE,工业锅炉,2022,3130,钢压延加工,燃气锅炉,DA001,9,[]
SRC-RAW-6F23CA70C270F6450D69,范围外,2022,1462,酱油、食醋及类似制品制造,燃生物质锅炉,DA001,0,[]
SRC-RAW-1B00A041F82A39688A43,范围外,2022,2023,刨花板制造,燃生物质锅炉,DA001,0,[]
SRC-RAW-B8BC60CF6EB1B29EA431,工业锅炉,2022,1713,棉印染精加工,燃煤锅炉,DA001,9,[]
SRC-RAW-951386E4BDAB649D28E5,范围外,2022,1713,棉印染精加工,燃生物质锅炉,DA002,0,[]
SRC-RAW-18D163D59AC783B5CD79,范围外,2022,1391,淀粉及淀粉制品制造,燃生物质锅炉,DA001,0,[]
SRC-RAW-D0E3EA7CCA8548779A20,范围外,2022,2221,机制纸及纸板制造,燃生物质锅炉,DA001,0,[]
SRC-RAW-75DC939187B9E14A304F,范围外,2022,2221,机制纸及纸板制造,燃生物质锅炉,DA001,0,[]
SRC-RAW-259BDCE12CAE5D7389B0,范围外,2022,2740,中成药生产,燃生物质锅炉,DA001,0,[]
SRC-RAW-5EDC3E58BD6E51867E76,范围外,2022,1711,棉纺纱加工,燃生物质锅炉,DA001,0,[]
SRC-RAW-E0A9F5A7F9A97A8DD5CE,工业锅炉,2022,3110,炼铁,燃气锅炉,DA001,17,[]
SRC-RAW-44266D3C11C9AC784DCE,工业锅炉,2022,1392,豆制品制造,燃煤锅炉,DA001,9,[]
SRC-RAW-7C0D50F41C0089E1F6B6,工业锅炉,2022,2511,原油加工及石油制品制造,燃气锅炉,DA001,17,[]
SRC-RAW-016884A74403910FC27F,工业锅炉,2022,2511,原油加工及石油制品制造,燃气锅炉,DA001,17,[]
SRC-RAW-258AE3A549E690AEC3AD,工业锅炉,2022,2511,原油加工及石油制品制造,燃气锅炉,DA001,17,[]
SRC-RAW-C10F0726975682FC90DC,工业锅炉,2022,2511,原油加工及石油制品制造,燃气锅炉,DA001,17,[]
SRC-RAW-D61018B198766BD3C03F,火电热力,2022,4411,火力发电,燃煤锅炉,DA001,9,[]
SRC-RAW-8E6D2C1C87CB7061CE6D,火电热力,2022,4411,火力发电,燃煤锅炉,DA001,9,[]
SRC-RAW-30E77AB597BA9DCFE076,火电热力,2022,4411,火力发电,燃煤锅炉,DA002,9,[]
SRC-RAW-832F48DC0296C91CE5BC,火电热力,2022,4411,火力发电,燃煤锅炉,DA002,9,[]
SRC-RAW-91B86CDAC74AE512BD58,工业锅炉,2022,1495,食品及饲料添加剂制造,燃气锅炉,DA001,9,[]
SRC-RAW-ACCF20FF90380719677A,范围外,2022,1712,棉织造加工,,DA003,0,[]
SRC-RAW-9AA251E2515BFEDB04FD,工业锅炉,2022,2651,初级形态塑料及合成树脂制造,燃气锅炉,DA001,9,[]
SRC-RAW-619DE16D4A849BF1086B,工业锅炉,2022,2740,中成药生产,燃气锅炉,DA001,9,[]
SRC-RAW-87C4DD7A7904DAEE59AD,工业锅炉,2022,3670,汽车零部件及配件制造,燃气锅炉,DA022,9,[]
SRC-RAW-E9AF873E981E233295E8,工业锅炉,2022,3670,汽车零部件及配件制造,燃气锅炉,DA022,9,[]
SRC-RAW-FA191422CEDAD65A850E,工业锅炉,2022,3670,汽车零部件及配件制造,燃气锅炉,DA022,9,[]
SRC-RAW-FBCB0400B26BEFED3063,工业锅炉,2022,2651,初级形态塑料及合成树脂制造,燃气锅炉,DA001,9,[]
SRC-RAW-CC7D1F236D3C75F239A1,范围外,2022,1779,其他家用纺织制成品制造,燃生物质锅炉,DA001,0,[]
SRC-RAW-D9C2B3B678ACD92E2A42,范围外,2022,2663,林产化学产品制造,燃生物质锅炉,DA002,0,[]
SRC-RAW-3DF950A56A2975F5AB3E,范围外,2022,2663,林产化学产品制造,燃生物质锅炉,DA004,0,[]
SRC-RAW-73C349EB77CFC53ED5D1,工业锅炉,2022,2662,专项化学用品制造,燃气锅炉,DA002,9,[]
SRC-RAW-CD93D05F615EC57CF8C6,工业锅炉,2022,3819,其他电机制造,燃气锅炉,DA001,9,[]
SRC-RAW-BDFA36DEB6B5F564FE4B,工业锅炉,2022,3819,其他电机制造,燃气锅炉,DA001,9,[]
SRC-RAW-75910B9CC0E09390EB96,工业锅炉,2022,2681,肥皂及洗涤剂制造,燃气锅炉,DA001,9,[]
SRC-RAW-5534B6739A0B26E61314,范围外,2022,1352,禽类屠宰,燃生物质锅炉,DA001,0,[]
SRC-RAW-B9DBF41DEB76B0325FF2,工业锅炉,2022,2750,兽用药品制造,燃气锅炉,DA002,9,[]
SRC-RAW-4762F830238742134EA1,工业锅炉,2022,2750,兽用药品制造,燃气锅炉,DA003,9,[]
SRC-RAW-1FB8B3A5CF65FA29B7CF,工业锅炉,2022,2750,兽用药品制造,燃气锅炉,DA003,9,[]
SRC-RAW-465EDBB08953DC2E046C,范围外,2022,2619,其他基础化学原料制造,燃生物质锅炉,DA001,0,[]
SRC-RAW-C6D82ADA0C636EFF013B,工业锅炉,2022,2221,机制纸及纸板制造,燃煤锅炉,DA001,9,[]
SRC-RAW-F0E6EA984FC6A7BE282F,范围外,2022,2221,机制纸及纸板制造,燃生物质锅炉,DA001,0,[]
SRC-RAW-E498DDF5B67C6BF0A151,范围外,2022,2221,机制纸及纸板制造,燃生物质锅炉,DA001,0,[]
SRC-RAW-9CD347CBAA1E4690A8D4,工业锅炉,2022,1431,米、面制品制造,燃煤锅炉,DA001,9,[]
SRC-RAW-27869CCA1A5FF01DDDAB,工业锅炉,2022,1353,肉制品及副产品加工,燃气锅炉,DA001,9,[]
SRC-RAW-EC1135F9614F908FBF96,范围外,2022,1352,禽类屠宰,燃生物质锅炉,DA001,0,[]
SRC-RAW-CFF2D3B4EAAF89D9BDDD,范围外,2022,2221,机制纸及纸板制造,燃生物质锅炉,DA001,0,[]
SRC-RAW-23B2A417885E0B963807,工业锅炉,2022,3021,水泥制品制造,燃煤锅炉,DA001,9,[]
SRC-RAW-E1F1519E7215C225B103,范围外,2022,2651,初级形态塑料及合成树脂制造,燃生物质锅炉,DA001,0,[]
SRC-RAW-DB28F153484BE1F340BE,范围外,2022,2022,纤维板制造,燃生物质锅炉,DA001,0,[]
SRC-RAW-D93FC5D6E86B4F04DB3E,工业锅炉,2022,1495,食品及饲料添加剂制造,燃煤锅炉,DA001,9,[]
SRC-RAW-10DBDEEDC62C021AC9CD,工业锅炉,2022,2619,其他基础化学原料制造,燃气锅炉,DA001,9,[]
SRC-RAW-1499183EFC76641D125A,工业锅炉,2022,2651,初级形态塑料及合成树脂制造,燃气锅炉,DA003,9,[]
SRC-RAW-612F9C918E23E8F52614,工业锅炉,2022,2651,初级形态塑料及合成树脂制造,燃气锅炉,DA004,9,[]
SRC-RAW-7B351D0A95385953A87E,工业锅炉,2022,2651,初级形态塑料及合成树脂制造,燃油锅炉,DA002,9,[]
SRC-RAW-60CCDE1B74EEAAA63955,火电热力,2022,4411,火力发电,燃煤锅炉,DA001,9,[]
SRC-RAW-4C2DE7BEF32D7CAEC468,火电热力,2022,4411,火力发电,燃煤锅炉,DA001,9,[]
SRC-RAW-33854DA4F883C14ADB39,范围外,2022,2684,香料、香精制造,燃生物质锅炉,DA001,0,[]
SRC-RAW-4204D6421DDBCD7204C7,工业锅炉,2022,2613,无机盐制造,燃煤锅炉,DA001,9,[]
SRC-RAW-97C7369D4C6E7A926A53,范围外,2022,1723,毛染整精加工,燃生物质锅炉,DA445,0,[]
SRC-RAW-B7C1381CE7550D6309F6,工业锅炉,2022,1495,食品及饲料添加剂制造,燃气锅炉,DA001,9,[]
SRC-RAW-AD3AB523711916888CFA,工业锅炉,2022,1495,食品及饲料添加剂制造,燃气锅炉,DA002,9,[]
SRC-RAW-496569BFB4E639B9ED80,工业锅炉,2022,1351,牲畜屠宰,燃气锅炉,DA004,9,[]
