source_id,target,pollutant,status,method,activity_value,activity_unit,parameter_value,parameter_unit,control_method,control_efficiency,generation_t,emission_t,standard_reference,reason_code
SRC-PWR-000002,POWER,SO2,calculated,expert_excel_workbook,,,,,既有专家主导型工作簿,,0.382184,0.382184,既有专家主导型清单编制流程,
SRC-PWR-000002,POWER,NOx,calculated,expert_excel_workbook,,,,,既有专家主导型工作簿,,1.2898710000000002,1.2898710000000002,既有专家主导型清单编制流程,
SRC-PWR-000002,POWER,CO,calculated,expert_excel_workbook,,,,,既有专家主导型工作簿,,1.2420980000000001,1.2420980000000001,既有专家主导型清单编制流程,
SRC-PWR-000002,POWER,VOC,calculated,expert_excel_workbook,,,,,既有专家主导型工作簿,,0.0286638,0.0286638,既有专家主导型清单编制流程,
SRC-PWR-000002,POWER,PM10,calculated,expert_excel_workbook,,,,,既有专家主导型工作簿,,0.0286638,0.0286638,既有专家主导型清单编制流程,
SRC-PWR-000002,POWER,PM2.5,calculated,expert_excel_workbook,,,,,既有专家主导型工作簿,,0.0,0.0,既有专家主导型清单编制流程,
SRC-PWR-000002,POWER,BC,calculated,expert_excel_workbook,,,,,既有专家主导型工作簿,,0.0,0.0,既有专家主导型清单编制流程,
SRC-PWR-000002,POWER,OC,calculated,expert_excel_workbook,,,,,既有专家主导型工作簿,,0.0191092,0.0191092,既有专家主导型清单编制流程,
SRC-PWR-000002,POWER,NH3,calculated,expert_excel_workbook,,,,,既有专家主导型工作簿,,0.0,0.0,既有专家主导型清单编制流程,
SRC-PWR-000003,POWER,SO2,calculated,expert_excel_workbook,,,,,既有专家主导型工作簿,,0.15554,0.15554,既有专家主导型清单编制流程,
SRC-PWR-000003,POWER,NOx,calculated,expert_excel_workbook,,,,,既有专家主导型工作簿,,0.5249475,0.5249475,既有专家主导型清单编制流程,
SRC-PWR-000003,POWER,CO,calculated,expert_excel_workbook,,,,,既有专家主导型工作簿,,0.505505,0.505505,既有专家主导型清单编制流程,
SRC-PWR-000003,POWER,VOC,calculated,expert_excel_workbook,,,,,既有专家主导型工作簿,,0.0116655,0.0116655,既有专家主导型清单编制流程,
SRC-PWR-000003,POWER,PM10,calculated,expert_excel_workbook,,,,,既有专家主导型工作簿,,0.0116655,0.0116655,既有专家主导型清单编制流程,
SRC-PWR-000003,POWER,PM2.5,calculated,expert_excel_workbook,,,,,既有专家主导型工作簿,,0.0,0.0,既有专家主导型清单编制流程,
SRC-PWR-000003,POWER,BC,calculated,expert_excel_workbook,,,,,既有专家主导型工作簿,,0.0,0.0,既有专家主导型清单编制流程,
SRC-PWR-000003,POWER,OC,calculated,expert_excel_workbook,,,,,既有专家主导型工作簿,,0.007776999999999999,0.007776999999999999,既有专家主导型清单编制流程,
SRC-PWR-000003,POWER,NH3,calculated,expert_excel_workbook,,,,,既有专家主导型工作簿,,0.0,0.0,既有专家主导型清单编制流程,
SRC-PWR-000004,POWER,SO2,calculated,expert_excel_workbook,,,,,既有专家主导型工作簿,,0.15554,0.15554,既有专家主导型清单编制流程,
SRC-PWR-000004,POWER,NOx,calculated,expert_excel_workbook,,,,,既有专家主导型工作簿,,0.5249475,0.5249475,既有专家主导型清单编制流程,
SRC-PWR-000004,POWER,CO,calculated,expert_excel_workbook,,,,,既有专家主导型工作簿,,0.505505,0.505505,既有专家主导型清单编制流程,
SRC-PWR-000004,POWER,VOC,calculated,expert_excel_workbook,,,,,既有专家主导型工作簿,,0.0116655,0.0116655,既有专家主导型清单编制流程,
SRC-PWR-000004,POWER,PM10,calculated,expert_excel_workbook,,,,,既有专家主导型工作簿,,0.0116655,0.0116655,既有专家主导型清单编制流程,
SRC-PWR-000004,POWER,PM2.5,calculated,expert_excel_workbook,,,,,既有专家主导型工作簿,,0.0,0.0,既有专家主导型清单编制流程,
SRC-PWR-000004,POWER,BC,calculated,expert_excel_workbook,,,,,既有专家主导型工作簿,,0.0,0.0,既有专家主导型清单编制流程,
SRC-PWR-000004,POWER,OC,calculated,expert_excel_workbook,,,,,既有专家主导型工作簿,,0.007776999999999999,0.007776999999999999,既有专家主导型清单编制流程,
SRC-PWR-000004,POWER,NH3,calculated,expert_excel_workbook,,,,,既有专家主导型工作簿,,0.0,0.0,既有专家主导型清单编制流程,
SRC-PWR-000005,POWER,SO2,calculated,expert_excel_workbook,,,,,既有专家主导型工作簿,,0.15554,0.15554,既有专家主导型清单编制流程,
SRC-PWR-000005,POWER,NOx,calculated,expert_excel_workbook,,,,,既有专家主导型工作簿,,0.5249475,0.5249475,既有专家主导型清单编制流程,
SRC-PWR-000005,POWER,CO,calculated,expert_excel_workbook,,,,,既有专家主导型工作簿,,0.505505,0.505505,既有专家主导型清单编制流程,
SRC-PWR-000005,POWER,VOC,calculated,expert_excel_workbook,,,,,既有专家主导型工作簿,,0.0116655,0.0116655,既有专家主导型清单编制流程,
SRC-PWR-000005,POWER,PM10,calculated,expert_excel_workbook,,,,,既有专家主导型工作簿,,0.0116655,0.0116655,既有专家主导型清单编制流程,
SRC-PWR-000005,POWER,PM2.5,calculated,expert_excel_workbook,,,,,既有专家主导型工作簿,,0.0,0.0,既有专家主导型清单编制流程,
SRC-PWR-000005,POWER,BC,calculated,expert_excel_workbook,,,,,既有专家主导型工作簿,,0.0,0.0,既有专家主导型清单编制流程,
SRC-PWR-000005,POWER,OC,calculated,expert_excel_workbook,,,,,既有专家主导型工作簿,,0.007776999999999999,0.007776999999999999,既有专家主导型清单编制流程,
SRC-PWR-000005,POWER,NH3,calculated,expert_excel_workbook,,,,,既有专家主导型工作簿,,0.0,0.0,既有专家主导型清单编制流程,
SRC-PWR-000006,POWER,SO2,calculated,expert_excel_workbook,,,,,既有专家主导型工作簿,,1.82076,1.82076,既有专家主导型清单编制流程,
SRC-PWR-000006,POWER,NOx,calculated,expert_excel_workbook,,,,,既有专家主导型工作簿,,6.145065000000001,3.5641377000000007,既有专家主导型清单编制流程,
SRC-PWR-000006,POWER,CO,calculated,expert_excel_workbook,,,,,既有专家主导型工作簿,,5.917470000000001,5.917470000000001,既有专家主导型清单编制流程,
SRC-PWR-000006,POWER,VOC,calculated,expert_excel_workbook,,,,,既有专家主导型工作簿,,0.136557,0.136557,既有专家主导型清单编制流程,
SRC-PWR-000006,POWER,PM10,calculated,expert_excel_workbook,,,,,既有专家主导型工作簿,,0.136557,0.136557,既有专家主导型清单编制流程,
SRC-PWR-000006,POWER,PM2.5,calculated,expert_excel_workbook,,,,,既有专家主导型工作簿,,0.0,0.0,既有专家主导型清单编制流程,
SRC-PWR-000006,POWER,BC,calculated,expert_excel_workbook,,,,,既有专家主导型工作簿,,0.0,0.0,既有专家主导型清单编制流程,
SRC-PWR-000006,POWER,OC,calculated,expert_excel_workbook,,,,,既有专家主导型工作簿,,0.091038,0.091038,既有专家主导型清单编制流程,
SRC-PWR-000006,POWER,NH3,calculated,expert_excel_workbook,,,,,既有专家主导型工作簿,,0.0,0.0,既有专家主导型清单编制流程,
SRC-PWR-000007,POWER,SO2,calculated,expert_excel_workbook,,,,,既有专家主导型工作簿,,1.21872,1.21872,既有专家主导型清单编制流程,
SRC-PWR-000007,POWER,NOx,calculated,expert_excel_workbook,,,,,既有专家主导型工作簿,,4.113180000000001,2.3856444000000008,既有专家主导型清单编制流程,
SRC-PWR-000007,POWER,CO,calculated,expert_excel_workbook,,,,,既有专家主导型工作簿,,3.96084,3.96084,既有专家主导型清单编制流程,
SRC-PWR-000007,POWER,VOC,calculated,expert_excel_workbook,,,,,既有专家主导型工作簿,,0.091404,0.091404,既有专家主导型清单编制流程,
SRC-PWR-000007,POWER,PM10,calculated,expert_excel_workbook,,,,,既有专家主导型工作簿,,0.091404,0.091404,既有专家主导型清单编制流程,
SRC-PWR-000007,POWER,PM2.5,calculated,expert_excel_workbook,,,,,既有专家主导型工作簿,,0.0,0.0,既有专家主导型清单编制流程,
SRC-PWR-000007,POWER,BC,calculated,expert_excel_workbook,,,,,既有专家主导型工作簿,,0.0,0.0,既有专家主导型清单编制流程,
SRC-PWR-000007,POWER,OC,calculated,expert_excel_workbook,,,,,既有专家主导型工作簿,,0.060936,0.060936,既有专家主导型清单编制流程,
SRC-PWR-000007,POWER,NH3,calculated,expert_excel_workbook,,,,,既有专家主导型工作簿,,0.0,0.0,既有专家主导型清单编制流程,
SRC-PWR-000008,POWER,SO2,calculated,expert_excel_workbook,,,,,既有专家主导型工作簿,,1.8342,1.8342,既有专家主导型清单编制流程,
SRC-PWR-000008,POWER,NOx,calculated,expert_excel_workbook,,,,,既有专家主导型工作簿,,6.190425,3.5904465000000005,既有专家主导型清单编制流程,
SRC-PWR-000008,POWER,CO,calculated,expert_excel_workbook,,,,,既有专家主导型工作簿,,5.96115,5.96115,既有专家主导型清单编制流程,
SRC-PWR-000008,POWER,VOC,calculated,expert_excel_workbook,,,,,既有专家主导型工作簿,,0.137565,0.137565,既有专家主导型清单编制流程,
SRC-PWR-000008,POWER,PM10,calculated,expert_excel_workbook,,,,,既有专家主导型工作簿,,0.137565,0.137565,既有专家主导型清单编制流程,
SRC-PWR-000008,POWER,PM2.5,calculated,expert_excel_workbook,,,,,既有专家主导型工作簿,,0.0,0.0,既有专家主导型清单编制流程,
SRC-PWR-000008,POWER,BC,calculated,expert_excel_workbook,,,,,既有专家主导型工作簿,,0.0,0.0,既有专家主导型清单编制流程,
SRC-PWR-000008,POWER,OC,calculated,expert_excel_workbook,,,,,既有专家主导型工作簿,,0.09171000000000001,0.09171000000000001,既有专家主导型清单编制流程,
SRC-PWR-000008,POWER,NH3,calculated,expert_excel_workbook,,,,,既有专家主导型工作簿,,0.0,0.0,既有专家主导型清单编制流程,
SRC-PWR-000009,POWER,SO2,calculated,expert_excel_workbook,,,,,既有专家主导型工作簿,,1.85,1.85,既有专家主导型清单编制流程,
SRC-PWR-000009,POWER,NOx,calculated,expert_excel_workbook,,,,,既有专家主导型工作簿,,6.24375,3.6213750000000005,既有专家主导型清单编制流程,
SRC-PWR-000009,POWER,CO,calculated,expert_excel_workbook,,,,,既有专家主导型工作簿,,6.0125,6.0125,既有专家主导型清单编制流程,
SRC-PWR-000009,POWER,VOC,calculated,expert_excel_workbook,,,,,既有专家主导型工作簿,,0.13875,0.13875,既有专家主导型清单编制流程,
SRC-PWR-000009,POWER,PM10,calculated,expert_excel_workbook,,,,,既有专家主导型工作簿,,0.13875,0.13875,既有专家主导型清单编制流程,
SRC-PWR-000009,POWER,PM2.5,calculated,expert_excel_workbook,,,,,既有专家主导型工作簿,,0.0,0.0,既有专家主导型清单编制流程,
SRC-PWR-000009,POWER,BC,calculated,expert_excel_workbook,,,,,既有专家主导型工作簿,,0.0,0.0,既有专家主导型清单编制流程,
SRC-PWR-000009,POWER,OC,calculated,expert_excel_workbook,,,,,既有专家主导型工作簿,,0.0925,0.0925,既有专家主导型清单编制流程,
SRC-PWR-000009,POWER,NH3,calculated,expert_excel_workbook,,,,,既有专家主导型工作簿,,0.0,0.0,既有专家主导型清单编制流程,
SRC-PWR-000010,POWER,SO2,calculated,expert_excel_workbook,,,,,既有专家主导型工作簿,,1.69816,1.69816,既有专家主导型清单编制流程,
SRC-PWR-000010,POWER,NOx,calculated,expert_excel_workbook,,,,,既有专家主导型工作簿,,5.73129,3.3241482000000007,既有专家主导型清单编制流程,
SRC-PWR-000010,POWER,CO,calculated,expert_excel_workbook,,,,,既有专家主导型工作簿,,5.51902,5.51902,既有专家主导型清单编制流程,
SRC-PWR-000010,POWER,VOC,calculated,expert_excel_workbook,,,,,既有专家主导型工作簿,,0.127362,0.127362,既有专家主导型清单编制流程,
SRC-PWR-000010,POWER,PM10,calculated,expert_excel_workbook,,,,,既有专家主导型工作簿,,0.127362,0.127362,既有专家主导型清单编制流程,
SRC-PWR-000010,POWER,PM2.5,calculated,expert_excel_workbook,,,,,既有专家主导型工作簿,,0.0,0.0,既有专家主导型清单编制流程,
SRC-PWR-000010,POWER,BC,calculated,expert_excel_workbook,,,,,既有专家主导型工作簿,,0.0,0.0,既有专家主导型清单编制流程,
SRC-PWR-000010,POWER,OC,calculated,expert_excel_workbook,,,,,既有专家主导型工作簿,,0.084908,0.084908,既有专家主导型清单编制流程,
SRC-PWR-000010,POWER,NH3,calculated,expert_excel_workbook,,,,,既有专家主导型工作簿,,0.0,0.0,既有专家主导型清单编制流程,
SRC-PWR-000011,POWER,SO2,calculated,expert_excel_workbook,,,,,既有专家主导型工作簿,,1.80908,1.80908,既有专家主导型清单编制流程,
SRC-PWR-000011,POWER,NOx,calculated,expert_excel_workbook,,,,,既有专家主导型工作簿,,6.105645000000001,3.5412741000000008,既有专家主导型清单编制流程,
SRC-PWR-000011,POWER,CO,calculated,expert_excel_workbook,,,,,既有专家主导型工作簿,,5.87951,5.87951,既有专家主导型清单编制流程,
SRC-PWR-000011,POWER,VOC,calculated,expert_excel_workbook,,,,,既有专家主导型工作簿,,0.135681,0.135681,既有专家主导型清单编制流程,
SRC-PWR-000011,POWER,PM10,calculated,expert_excel_workbook,,,,,既有专家主导型工作簿,,0.135681,0.135681,既有专家主导型清单编制流程,
SRC-PWR-000011,POWER,PM2.5,calculated,expert_excel_workbook,,,,,既有专家主导型工作簿,,0.0,0.0,既有专家主导型清单编制流程,
SRC-PWR-000011,POWER,BC,calculated,expert_excel_workbook,,,,,既有专家主导型工作簿,,0.0,0.0,既有专家主导型清单编制流程,
SRC-PWR-000011,POWER,OC,calculated,expert_excel_workbook,,,,,既有专家主导型工作簿,,0.09045399999999998,0.09045399999999998,既有专家主导型清单编制流程,
SRC-PWR-000011,POWER,NH3,calculated,expert_excel_workbook,,,,,既有专家主导型工作簿,,0.0,0.0,既有专家主导型清单编制流程,
SRC-PWR-000012,POWER,SO2,calculated,expert_excel_workbook,,,,,既有专家主导型工作簿,,1.80672,1.80672,既有专家主导型清单编制流程,
SRC-PWR-000012,POWER,NOx,calculated,expert_excel_workbook,,,,,既有专家主导型工作簿,,6.09768,6.09768,既有专家主导型清单编制流程,
SRC-PWR-000012,POWER,CO,calculated,expert_excel_workbook,,,,,既有专家主导型工作簿,,5.871840000000001,5.871840000000001,既有专家主导型清单编制流程,
SRC-PWR-000012,POWER,VOC,calculated,expert_excel_workbook,,,,,既有专家主导型工作簿,,0.135504,0.135504,既有专家主导型清单编制流程,
SRC-PWR-000012,POWER,PM10,calculated,expert_excel_workbook,,,,,既有专家主导型工作簿,,0.135504,0.135504,既有专家主导型清单编制流程,
SRC-PWR-000012,POWER,PM2.5,calculated,expert_excel_workbook,,,,,既有专家主导型工作簿,,0.0,0.0,既有专家主导型清单编制流程,
SRC-PWR-000012,POWER,BC,calculated,expert_excel_workbook,,,,,既有专家主导型工作簿,,0.0,0.0,既有专家主导型清单编制流程,
SRC-PWR-000012,POWER,OC,calculated,expert_excel_workbook,,,,,既有专家主导型工作簿,,0.090336,0.090336,既有专家主导型清单编制流程,
SRC-PWR-000012,POWER,NH3,calculated,expert_excel_workbook,,,,,既有专家主导型工作簿,,0.0,0.0,既有专家主导型清单编制流程,
SRC-PWR-000013,POWER,SO2,calculated,expert_excel_workbook,,,,,既有专家主导型工作簿,,2.68984,2.68984,既有专家主导型清单编制流程,
SRC-PWR-000013,POWER,NOx,calculated,expert_excel_workbook,,,,,既有专家主导型工作簿,,9.078210000000002,5.265361800000002,既有专家主导型清单编制流程,
SRC-PWR-000013,POWER,CO,calculated,expert_excel_workbook,,,,,既有专家主导型工作簿,,8.74198,8.74198,既有专家主导型清单编制流程,
SRC-PWR-000013,POWER,VOC,calculated,expert_excel_workbook,,,,,既有专家主导型工作簿,,0.201738,0.201738,既有专家主导型清单编制流程,
SRC-PWR-000013,POWER,PM10,calculated,expert_excel_workbook,,,,,既有专家主导型工作簿,,0.201738,0.201738,既有专家主导型清单编制流程,
SRC-PWR-000013,POWER,PM2.5,calculated,expert_excel_workbook,,,,,既有专家主导型工作簿,,0.0,0.0,既有专家主导型清单编制流程,
SRC-PWR-000013,POWER,BC,calculated,expert_excel_workbook,,,,,既有专家主导型工作簿,,0.0,0.0,既有专家主导型清单编制流程,
SRC-PWR-000013,POWER,OC,calculated,expert_excel_workbook,,,,,既有专家主导型工作簿,,0.134492,0.134492,既有专家主导型清单编制流程,
SRC-PWR-000013,POWER,NH3,calculated,expert_excel_workbook,,,,,既有专家主导型工作簿,,0.0,0.0,既有专家主导型清单编制流程,
SRC-PWR-000014,POWER,SO2,calculated,expert_excel_workbook,,,,,既有专家主导型工作簿,,0.03,0.03,既有专家主导型清单编制流程,
SRC-PWR-000014,POWER,NOx,calculated,expert_excel_workbook,,,,,既有专家主导型工作簿,,41.0,5.125,既有专家主导型清单编制流程,
SRC-PWR-000014,POWER,CO,calculated,expert_excel_workbook,,,,,既有专家主导型工作簿,,13.0,13.0,既有专家主导型清单编制流程,
SRC-PWR-000014,POWER,VOC,calculated,expert_excel_workbook,,,,,既有专家主导型工作簿,,0.3,0.3,既有专家主导型清单编制流程,
SRC-PWR-000014,POWER,PM10,calculated,expert_excel_workbook,,,,,既有专家主导型工作簿,,0.3,0.3,既有专家主导型清单编制流程,
SRC-PWR-000014,POWER,PM2.5,calculated,expert_excel_workbook,,,,,既有专家主导型工作簿,,0.0,0.0,既有专家主导型清单编制流程,
SRC-PWR-000014,POWER,BC,calculated,expert_excel_workbook,,,,,既有专家主导型工作簿,,0.0,0.0,既有专家主导型清单编制流程,
SRC-PWR-000014,POWER,OC,calculated,expert_excel_workbook,,,,,既有专家主导型工作簿,,0.2,0.2,既有专家主导型清单编制流程,
SRC-PWR-000014,POWER,NH3,calculated,expert_excel_workbook,,,,,既有专家主导型工作簿,,0.0,0.0,既有专家主导型清单编制流程,
SRC-PWR-000015,POWER,SO2,calculated,expert_excel_workbook,,,,,既有专家主导型工作簿,,0.03,0.03,既有专家主导型清单编制流程,
SRC-PWR-000015,POWER,NOx,calculated,expert_excel_workbook,,,,,既有专家主导型工作簿,,41.0,5.125,既有专家主导型清单编制流程,
SRC-PWR-000015,POWER,CO,calculated,expert_excel_workbook,,,,,既有专家主导型工作簿,,13.0,13.0,既有专家主导型清单编制流程,
SRC-PWR-000015,POWER,VOC,calculated,expert_excel_workbook,,,,,既有专家主导型工作簿,,0.3,0.3,既有专家主导型清单编制流程,
SRC-PWR-000015,POWER,PM10,calculated,expert_excel_workbook,,,,,既有专家主导型工作簿,,0.3,0.3,既有专家主导型清单编制流程,
SRC-PWR-000015,POWER,PM2.5,calculated,expert_excel_workbook,,,,,既有专家主导型工作簿,,0.0,0.0,既有专家主导型清单编制流程,
SRC-PWR-000015,POWER,BC,calculated,expert_excel_workbook,,,,,既有专家主导型工作簿,,0.0,0.0,既有专家主导型清单编制流程,
SRC-PWR-000015,POWER,OC,calculated,expert_excel_workbook,,,,,既有专家主导型工作簿,,0.2,0.2,既有专家主导型清单编制流程,
SRC-PWR-000015,POWER,NH3,calculated,expert_excel_workbook,,,,,既有专家主导型工作簿,,0.0,0.0,既有专家主导型清单编制流程,
SRC-PWR-000016,POWER,SO2,calculated,expert_excel_workbook,,,,,既有专家主导型工作簿,,0.03,0.03,既有专家主导型清单编制流程,
SRC-PWR-000016,POWER,NOx,calculated,expert_excel_workbook,,,,,既有专家主导型工作簿,,41.0,5.125,既有专家主导型清单编制流程,
SRC-PWR-000016,POWER,CO,calculated,expert_excel_workbook,,,,,既有专家主导型工作簿,,13.0,13.0,既有专家主导型清单编制流程,
SRC-PWR-000016,POWER,VOC,calculated,expert_excel_workbook,,,,,既有专家主导型工作簿,,0.3,0.3,既有专家主导型清单编制流程,
SRC-PWR-000016,POWER,PM10,calculated,expert_excel_workbook,,,,,既有专家主导型工作簿,,0.3,0.3,既有专家主导型清单编制流程,
SRC-PWR-000016,POWER,PM2.5,calculated,expert_excel_workbook,,,,,既有专家主导型工作簿,,0.0,0.0,既有专家主导型清单编制流程,
SRC-PWR-000016,POWER,BC,calculated,expert_excel_workbook,,,,,既有专家主导型工作簿,,0.0,0.0,既有专家主导型清单编制流程,
SRC-PWR-000016,POWER,OC,calculated,expert_excel_workbook,,,,,既有专家主导型工作簿,,0.2,0.2,既有专家主导型清单编制流程,
SRC-PWR-000016,POWER,NH3,calculated,expert_excel_workbook,,,,,既有专家主导型工作簿,,0.0,0.0,既有专家主导型清单编制流程,
SRC-PWR-000017,POWER,SO2,calculated,expert_excel_workbook,,,,,既有专家主导型工作簿,,0.03,0.03,既有专家主导型清单编制流程,
SRC-PWR-000017,POWER,NOx,calculated,expert_excel_workbook,,,,,既有专家主导型工作簿,,41.0,5.125,既有专家主导型清单编制流程,
SRC-PWR-000017,POWER,CO,calculated,expert_excel_workbook,,,,,既有专家主导型工作簿,,13.0,13.0,既有专家主导型清单编制流程,
SRC-PWR-000017,POWER,VOC,calculated,expert_excel_workbook,,,,,既有专家主导型工作簿,,0.3,0.3,既有专家主导型清单编制流程,
SRC-PWR-000017,POWER,PM10,calculated,expert_excel_workbook,,,,,既有专家主导型工作簿,,0.3,0.3,既有专家主导型清单编制流程,
SRC-PWR-000017,POWER,PM2.5,calculated,expert_excel_workbook,,,,,既有专家主导型工作簿,,0.0,0.0,既有专家主导型清单编制流程,
SRC-PWR-000017,POWER,BC,calculated,expert_excel_workbook,,,,,既有专家主导型工作簿,,0.0,0.0,既有专家主导型清单编制流程,
SRC-PWR-000017,POWER,OC,calculated,expert_excel_workbook,,,,,既有专家主导型工作簿,,0.2,0.2,既有专家主导型清单编制流程,
SRC-PWR-000017,POWER,NH3,calculated,expert_excel_workbook,,,,,既有专家主导型工作簿,,0.0,0.0,既有专家主导型清单编制流程,
SRC-PWR-000018,POWER,SO2,calculated,expert_excel_workbook,,,,,既有专家主导型工作簿,,0.03,0.03,既有专家主导型清单编制流程,
SRC-PWR-000018,POWER,NOx,calculated,expert_excel_workbook,,,,,既有专家主导型工作簿,,41.0,5.125,既有专家主导型清单编制流程,
SRC-PWR-000018,POWER,CO,calculated,expert_excel_workbook,,,,,既有专家主导型工作簿,,13.0,13.0,既有专家主导型清单编制流程,
SRC-PWR-000018,POWER,VOC,calculated,expert_excel_workbook,,,,,既有专家主导型工作簿,,0.3,0.3,既有专家主导型清单编制流程,
SRC-PWR-000018,POWER,PM10,calculated,expert_excel_workbook,,,,,既有专家主导型工作簿,,0.3,0.3,既有专家主导型清单编制流程,
SRC-PWR-000018,POWER,PM2.5,calculated,expert_excel_workbook,,,,,既有专家主导型工作簿,,0.0,0.0,既有专家主导型清单编制流程,
SRC-PWR-000018,POWER,BC,calculated,expert_excel_workbook,,,,,既有专家主导型工作簿,,0.0,0.0,既有专家主导型清单编制流程,
SRC-PWR-000018,POWER,OC,calculated,expert_excel_workbook,,,,,既有专家主导型工作簿,,0.2,0.2,既有专家主导型清单编制流程,
SRC-PWR-000018,POWER,NH3,calculated,expert_excel_workbook,,,,,既有专家主导型工作簿,,0.0,0.0,既有专家主导型清单编制流程,
SRC-PWR-000019,POWER,SO2,calculated,expert_excel_workbook,,,,,既有专家主导型工作簿,,0.03,0.03,既有专家主导型清单编制流程,
SRC-PWR-000019,POWER,NOx,calculated,expert_excel_workbook,,,,,既有专家主导型工作簿,,41.0,5.125,既有专家主导型清单编制流程,
SRC-PWR-000019,POWER,CO,calculated,expert_excel_workbook,,,,,既有专家主导型工作簿,,13.0,13.0,既有专家主导型清单编制流程,
SRC-PWR-000019,POWER,VOC,calculated,expert_excel_workbook,,,,,既有专家主导型工作簿,,0.3,0.3,既有专家主导型清单编制流程,
SRC-PWR-000019,POWER,PM10,calculated,expert_excel_workbook,,,,,既有专家主导型工作簿,,0.3,0.3,既有专家主导型清单编制流程,
SRC-PWR-000019,POWER,PM2.5,calculated,expert_excel_workbook,,,,,既有专家主导型工作簿,,0.0,0.0,既有专家主导型清单编制流程,
SRC-PWR-000019,POWER,BC,calculated,expert_excel_workbook,,,,,既有专家主导型工作簿,,0.0,0.0,既有专家主导型清单编制流程,
SRC-PWR-000019,POWER,OC,calculated,expert_excel_workbook,,,,,既有专家主导型工作簿,,0.2,0.2,既有专家主导型清单编制流程,
SRC-PWR-000019,POWER,NH3,calculated,expert_excel_workbook,,,,,既有专家主导型工作簿,,0.0,0.0,既有专家主导型清单编制流程,
SRC-PWR-000020,POWER,SO2,calculated,expert_excel_workbook,,,,,既有专家主导型工作簿,,0.175258656,0.175258656,既有专家主导型清单编制流程,
SRC-PWR-000020,POWER,NOx,calculated,expert_excel_workbook,,,,,既有专家主导型工作簿,,898.2006119999998,314.3702141999999,既有专家主导型清单编制流程,
SRC-PWR-000020,POWER,CO,calculated,expert_excel_workbook,,,,,既有专家主导型工作簿,,284.795316,284.795316,既有专家主导型清单编制流程,
SRC-PWR-000020,POWER,VOC,calculated,expert_excel_workbook,,,,,既有专家主导型工作簿,,6.5721995999999985,6.5721995999999985,既有专家主导型清单编制流程,
SRC-PWR-000020,POWER,PM10,calculated,expert_excel_workbook,,,,,既有专家主导型工作簿,,6.5721995999999985,6.5721995999999985,既有专家主导型清单编制流程,
SRC-PWR-000020,POWER,PM2.5,calculated,expert_excel_workbook,,,,,既有专家主导型工作簿,,0.0,0.0,既有专家主导型清单编制流程,
SRC-PWR-000020,POWER,BC,calculated,expert_excel_workbook,,,,,既有专家主导型工作簿,,0.0,0.0,既有专家主导型清单编制流程,
SRC-PWR-000020,POWER,OC,calculated,expert_excel_workbook,,,,,既有专家主导型工作簿,,4.381466400000001,4.381466400000001,既有专家主导型清单编制流程,
SRC-PWR-000020,POWER,NH3,calculated,expert_excel_workbook,,,,,既有专家主导型工作簿,,0.0,0.0,既有专家主导型清单编制流程,
SRC-PWR-000021,POWER,SO2,calculated,expert_excel_workbook,,,,,既有专家主导型工作簿,,0.124633904,0.124633904,既有专家主导型清单编制流程,
SRC-PWR-000021,POWER,NOx,calculated,expert_excel_workbook,,,,,既有专家主导型工作簿,,638.748758,223.56206529999997,既有专家主导型清单编制流程,
SRC-PWR-000021,POWER,CO,calculated,expert_excel_workbook,,,,,既有专家主导型工作簿,,202.530094,202.530094,既有专家主导型清单编制流程,
SRC-PWR-000021,POWER,VOC,calculated,expert_excel_workbook,,,,,既有专家主导型工作簿,,4.6737714,4.6737714,既有专家主导型清单编制流程,
SRC-PWR-000021,POWER,PM10,calculated,expert_excel_workbook,,,,,既有专家主导型工作簿,,4.6737714,4.6737714,既有专家主导型清单编制流程,
SRC-PWR-000021,POWER,PM2.5,calculated,expert_excel_workbook,,,,,既有专家主导型工作簿,,0.0,0.0,既有专家主导型清单编制流程,
SRC-PWR-000021,POWER,BC,calculated,expert_excel_workbook,,,,,既有专家主导型工作簿,,0.0,0.0,既有专家主导型清单编制流程,
SRC-PWR-000021,POWER,OC,calculated,expert_excel_workbook,,,,,既有专家主导型工作簿,,3.1158476,3.1158476,既有专家主导型清单编制流程,
SRC-PWR-000021,POWER,NH3,calculated,expert_excel_workbook,,,,,既有专家主导型工作簿,,0.0,0.0,既有专家主导型清单编制流程,
SRC-PWR-000022,POWER,SO2,calculated,expert_excel_workbook,,,,,既有专家主导型工作簿,,7372.040650000001,65.61116178500015,既有专家主导型清单编制流程,
SRC-PWR-000022,POWER,NOx,calculated,expert_excel_workbook,,,,,既有专家主导型工作簿,,5463.983069999999,819.5974605,既有专家主导型清单编制流程,
SRC-PWR-000022,POWER,CO,calculated,expert_excel_workbook,,,,,既有专家主导型工作簿,,1334.306,1334.306,既有专家主导型清单编制流程,
SRC-PWR-000022,POWER,VOC,calculated,expert_excel_workbook,,,,,既有专家主导型工作簿,,23971.974807750004,143.83184884649748,既有专家主导型清单编制流程,
SRC-PWR-000022,POWER,PM10,calculated,expert_excel_workbook,,,,,既有专家主导型工作簿,,6253.5586455,106.3104969735001,既有专家主导型清单编制流程,
SRC-PWR-000022,POWER,PM2.5,calculated,expert_excel_workbook,,,,,既有专家主导型工作簿,,12.507117291,0.21262099394700018,既有专家主导型清单编制流程,
SRC-PWR-000022,POWER,BC,calculated,expert_excel_workbook,,,,,既有专家主导型工作簿,,0.0,0.0,既有专家主导型清单编制流程,
SRC-PWR-000022,POWER,OC,calculated,expert_excel_workbook,,,,,既有专家主导型工作簿,,26.68612,26.68612,既有专家主导型清单编制流程,
SRC-PWR-000022,POWER,NH3,calculated,expert_excel_workbook,,,,,既有专家主导型工作簿,,0.0,0.0,既有专家主导型清单编制流程,
SRC-PWR-000023,POWER,SO2,calculated,expert_excel_workbook,,,,,既有专家主导型工作簿,,7278.557650000001,64.77916308500015,既有专家主导型清单编制流程,
SRC-PWR-000023,POWER,NOx,calculated,expert_excel_workbook,,,,,既有专家主导型工作簿,,5394.69567,809.2043505000001,既有专家主导型清单编制流程,
SRC-PWR-000023,POWER,CO,calculated,expert_excel_workbook,,,,,既有专家主导型工作簿,,1317.386,1317.386,既有专家主导型清单编制流程,
SRC-PWR-000023,POWER,VOC,calculated,expert_excel_workbook,,,,,既有专家主导型工作簿,,23747.5293825,142.4851762949975,既有专家主导型清单编制流程,
SRC-PWR-000023,POWER,PM10,calculated,expert_excel_workbook,,,,,既有专家主导型工作簿,,6195.007665,105.3151303050001,既有专家主导型清单编制流程,
SRC-PWR-000023,POWER,PM2.5,calculated,expert_excel_workbook,,,,,既有专家主导型工作簿,,12.39001533,0.2106302606100002,既有专家主导型清单编制流程,
SRC-PWR-000023,POWER,BC,calculated,expert_excel_workbook,,,,,既有专家主导型工作簿,,0.0,0.0,既有专家主导型清单编制流程,
SRC-PWR-000023,POWER,OC,calculated,expert_excel_workbook,,,,,既有专家主导型工作簿,,26.347720000000002,26.347720000000002,既有专家主导型清单编制流程,
SRC-PWR-000023,POWER,NH3,calculated,expert_excel_workbook,,,,,既有专家主导型工作簿,,0.0,0.0,既有专家主导型清单编制流程,
SRC-PWR-000024,POWER,SO2,calculated,expert_excel_workbook,,,,,既有专家主导型工作簿,,1578.7849,78.93924500000007,既有专家主导型清单编制流程,
SRC-PWR-000024,POWER,NOx,calculated,expert_excel_workbook,,,,,既有专家主导型工作簿,,1512.9318400000002,77.1595238399999,既有专家主导型清单编制流程,
SRC-PWR-000024,POWER,CO,calculated,expert_excel_workbook,,,,,既有专家主导型工作簿,,337.708,337.708,既有专家主导型清单编制流程,
SRC-PWR-000024,POWER,VOC,calculated,expert_excel_workbook,,,,,既有专家主导型工作簿,,6457.525735500001,12.915051471000014,既有专家主导型清单编制流程,
SRC-PWR-000024,POWER,PM10,calculated,expert_excel_workbook,,,,,既有专家主导型工作簿,,1684.571931,6.738287724000005,既有专家主导型清单编制流程,
SRC-PWR-000024,POWER,PM2.5,calculated,expert_excel_workbook,,,,,既有专家主导型工作簿,,3.369143862,0.013476575448000011,既有专家主导型清单编制流程,
SRC-PWR-000024,POWER,BC,calculated,expert_excel_workbook,,,,,既有专家主导型工作簿,,0.0,0.0,既有专家主导型清单编制流程,
SRC-PWR-000024,POWER,OC,calculated,expert_excel_workbook,,,,,既有专家主导型工作簿,,6.75416,6.75416,既有专家主导型清单编制流程,
SRC-PWR-000024,POWER,NH3,calculated,expert_excel_workbook,,,,,既有专家主导型工作簿,,0.0,0.0,既有专家主导型清单编制流程,
SRC-PWR-000025,POWER,SO2,calculated,expert_excel_workbook,,,,,既有专家主导型工作簿,,1092.2296000000001,54.61148000000006,既有专家主导型清单编制流程,
SRC-PWR-000025,POWER,NOx,calculated,expert_excel_workbook,,,,,既有专家主导型工作簿,,1046.67136,53.38023935999993,既有专家主导型清单编制流程,
SRC-PWR-000025,POWER,CO,calculated,expert_excel_workbook,,,,,既有专家主导型工作簿,,233.632,233.632,既有专家主导型清单编制流程,
SRC-PWR-000025,POWER,VOC,calculated,expert_excel_workbook,,,,,既有专家主导型工作簿,,4467.423492000001,8.934846984000009,既有专家主导型清单编制流程,
SRC-PWR-000025,POWER,PM10,calculated,expert_excel_workbook,,,,,既有专家主导型工作簿,,1165.414824,4.661659296000004,既有专家主导型清单编制流程,
SRC-PWR-000025,POWER,PM2.5,calculated,expert_excel_workbook,,,,,既有专家主导型工作簿,,2.330829648,0.009323318592000009,既有专家主导型清单编制流程,
SRC-PWR-000025,POWER,BC,calculated,expert_excel_workbook,,,,,既有专家主导型工作簿,,0.0,0.0,既有专家主导型清单编制流程,
SRC-PWR-000025,POWER,OC,calculated,expert_excel_workbook,,,,,既有专家主导型工作簿,,4.67264,4.67264,既有专家主导型清单编制流程,
SRC-PWR-000025,POWER,NH3,calculated,expert_excel_workbook,,,,,既有专家主导型工作簿,,0.0,0.0,既有专家主导型清单编制流程,
SRC-PWR-000026,POWER,SO2,calculated,expert_excel_workbook,,,,,既有专家主导型工作簿,,21812.36918,1090.618459000001,既有专家主导型清单编制流程,
SRC-PWR-000026,POWER,NOx,calculated,expert_excel_workbook,,,,,既有专家主导型工作簿,,2295.45701,165.50245042099988,既有专家主导型清单编制流程,
SRC-PWR-000026,POWER,CO,calculated,expert_excel_workbook,,,,,既有专家主导型工作簿,,517.858,517.858,既有专家主导型清单编制流程,
SRC-PWR-000026,POWER,VOC,calculated,expert_excel_workbook,,,,,既有专家主导型工作簿,,1993.9349388,3.9878698776000037,既有专家主导型清单编制流程,
SRC-PWR-000026,POWER,PM10,calculated,expert_excel_workbook,,,,,既有专家主导型工作簿,,481.29464040000005,1.925178561600002,既有专家主导型清单编制流程,
SRC-PWR-000026,POWER,PM2.5,calculated,expert_excel_workbook,,,,,既有专家主导型工作簿,,0.9625892808000001,0.0038503571232000036,既有专家主导型清单编制流程,
SRC-PWR-000026,POWER,BC,calculated,expert_excel_workbook,,,,,既有专家主导型工作簿,,0.0,0.0,既有专家主导型清单编制流程,
SRC-PWR-000026,POWER,OC,calculated,expert_excel_workbook,,,,,既有专家主导型工作簿,,10.35716,10.35716,既有专家主导型清单编制流程,
SRC-PWR-000026,POWER,NH3,calculated,expert_excel_workbook,,,,,既有专家主导型工作簿,,0.0,0.0,既有专家主导型清单编制流程,
SRC-PWR-000027,POWER,SO2,calculated,expert_excel_workbook,,,,,既有专家主导型工作簿,,18429.263440000002,921.4631720000009,既有专家主导型清单编制流程,
SRC-PWR-000027,POWER,NOx,calculated,expert_excel_workbook,,,,,既有专家主导型工作簿,,1918.0142799999999,139.43963815599997,既有专家主导型清单编制流程,
SRC-PWR-000027,POWER,CO,calculated,expert_excel_workbook,,,,,既有专家主导型工作簿,,432.764,432.764,既有专家主导型清单编制流程,
SRC-PWR-000027,POWER,VOC,calculated,expert_excel_workbook,,,,,既有专家主导型工作簿,,1588.5511655999999,3.1771023312000026,既有专家主导型清单编制流程,
SRC-PWR-000027,POWER,PM10,calculated,expert_excel_workbook,,,,,既有专家主导型工作簿,,383.44338480000005,1.5337735392000016,既有专家主导型清单编制流程,
SRC-PWR-000027,POWER,PM2.5,calculated,expert_excel_workbook,,,,,既有专家主导型工作簿,,0.7668867696000001,0.0030675470784000034,既有专家主导型清单编制流程,
SRC-PWR-000027,POWER,BC,calculated,expert_excel_workbook,,,,,既有专家主导型工作簿,,0.0,0.0,既有专家主导型清单编制流程,
SRC-PWR-000027,POWER,OC,calculated,expert_excel_workbook,,,,,既有专家主导型工作簿,,8.65528,8.65528,既有专家主导型清单编制流程,
SRC-PWR-000027,POWER,NH3,calculated,expert_excel_workbook,,,,,既有专家主导型工作簿,,0.0,0.0,既有专家主导型清单编制流程,
SRC-PWR-000028,POWER,SO2,calculated,expert_excel_workbook,,,,,既有专家主导型工作簿,,13899.603749999998,82.00766212500022,既有专家主导型清单编制流程,
SRC-PWR-000028,POWER,NOx,calculated,expert_excel_workbook,,,,,既有专家主导型工作簿,,7860.089650000001,1179.0134475000002,既有专家主导型清单编制流程,
SRC-PWR-000028,POWER,CO,calculated,expert_excel_workbook,,,,,既有专家主导型工作簿,,2180.33,2180.33,既有专家主导型清单编制流程,
SRC-PWR-000028,POWER,VOC,calculated,expert_excel_workbook,,,,,既有专家主导型工作簿,,40130.6088975,240.78365338499577,既有专家主导型清单编制流程,
SRC-PWR-000028,POWER,PM10,calculated,expert_excel_workbook,,,,,既有专家主导型工作簿,,10468.854494999998,177.9705264150001,既有专家主导型清单编制流程,
SRC-PWR-000028,POWER,PM2.5,calculated,expert_excel_workbook,,,,,既有专家主导型工作簿,,20.937708989999997,0.35594105283000027,既有专家主导型清单编制流程,
SRC-PWR-000028,POWER,BC,calculated,expert_excel_workbook,,,,,既有专家主导型工作簿,,0.0,0.0,既有专家主导型清单编制流程,
SRC-PWR-000028,POWER,OC,calculated,expert_excel_workbook,,,,,既有专家主导型工作簿,,43.6066,43.6066,既有专家主导型清单编制流程,
SRC-PWR-000028,POWER,NH3,calculated,expert_excel_workbook,,,,,既有专家主导型工作簿,,0.0,0.0,既有专家主导型清单编制流程,
SRC-PWR-000029,POWER,SO2,calculated,expert_excel_workbook,,,,,既有专家主导型工作簿,,13076.71875,77.15264062500022,既有专家主导型清单编制流程,
SRC-PWR-000029,POWER,NOx,calculated,expert_excel_workbook,,,,,既有专家主导型工作簿,,7394.75625,1109.2134375000003,既有专家主导型清单编制流程,
SRC-PWR-000029,POWER,CO,calculated,expert_excel_workbook,,,,,既有专家主导型工作簿,,2051.25,2051.25,既有专家主导型清单编制流程,
SRC-PWR-000029,POWER,VOC,calculated,expert_excel_workbook,,,,,既有专家主导型工作簿,,37471.722187499996,224.830333124996,既有专家主导型清单编制流程,
SRC-PWR-000029,POWER,PM10,calculated,expert_excel_workbook,,,,,既有专家主导型工作簿,,9775.231875,166.17894187500013,既有专家主导型清单编制流程,
SRC-PWR-000029,POWER,PM2.5,calculated,expert_excel_workbook,,,,,既有专家主导型工作簿,,19.55046375,0.33235788375000025,既有专家主导型清单编制流程,
SRC-PWR-000029,POWER,BC,calculated,expert_excel_workbook,,,,,既有专家主导型工作簿,,0.0,0.0,既有专家主导型清单编制流程,
SRC-PWR-000029,POWER,OC,calculated,expert_excel_workbook,,,,,既有专家主导型工作簿,,41.025,41.025,既有专家主导型清单编制流程,
SRC-PWR-000029,POWER,NH3,calculated,expert_excel_workbook,,,,,既有专家主导型工作簿,,0.0,0.0,既有专家主导型清单编制流程,
SRC-PWR-000030,POWER,SO2,calculated,expert_excel_workbook,,,,,既有专家主导型工作簿,,0.163642832,0.163642832,既有专家主导型清单编制流程,
SRC-PWR-000030,POWER,NOx,calculated,expert_excel_workbook,,,,,既有专家主导型工作簿,,419.33475699999997,243.21415906000001,既有专家主导型清单编制流程,
SRC-PWR-000030,POWER,CO,calculated,expert_excel_workbook,,,,,既有专家主导型工作簿,,132.959801,132.959801,既有专家主导型清单编制流程,
SRC-PWR-000030,POWER,VOC,calculated,expert_excel_workbook,,,,,既有专家主导型工作簿,,3.0683031,3.0683031,既有专家主导型清单编制流程,
SRC-PWR-000030,POWER,PM10,calculated,expert_excel_workbook,,,,,既有专家主导型工作簿,,3.0683031,3.0683031,既有专家主导型清单编制流程,
SRC-PWR-000030,POWER,PM2.5,calculated,expert_excel_workbook,,,,,既有专家主导型工作簿,,0.0,0.0,既有专家主导型清单编制流程,
SRC-PWR-000030,POWER,BC,calculated,expert_excel_workbook,,,,,既有专家主导型工作簿,,0.0,0.0,既有专家主导型清单编制流程,
SRC-PWR-000030,POWER,OC,calculated,expert_excel_workbook,,,,,既有专家主导型工作簿,,2.0455354,2.0455354,既有专家主导型清单编制流程,
SRC-PWR-000030,POWER,NH3,calculated,expert_excel_workbook,,,,,既有专家主导型工作簿,,0.0,0.0,既有专家主导型清单编制流程,
SRC-PWR-000031,POWER,SO2,calculated,expert_excel_workbook,,,,,既有专家主导型工作簿,,0.2721209600000001,0.2721209600000001,既有专家主导型清单编制流程,
SRC-PWR-000031,POWER,NOx,calculated,expert_excel_workbook,,,,,既有专家主导型工作簿,,697.30996,404.43977680000006,既有专家主导型清单编制流程,
SRC-PWR-000031,POWER,CO,calculated,expert_excel_workbook,,,,,既有专家主导型工作簿,,221.09828,221.09828,既有专家主导型清单编制流程,
SRC-PWR-000031,POWER,VOC,calculated,expert_excel_workbook,,,,,既有专家主导型工作簿,,5.102268,5.102268,既有专家主导型清单编制流程,
SRC-PWR-000031,POWER,PM10,calculated,expert_excel_workbook,,,,,既有专家主导型工作簿,,5.102268,5.102268,既有专家主导型清单编制流程,
SRC-PWR-000031,POWER,PM2.5,calculated,expert_excel_workbook,,,,,既有专家主导型工作簿,,0.0,0.0,既有专家主导型清单编制流程,
SRC-PWR-000031,POWER,BC,calculated,expert_excel_workbook,,,,,既有专家主导型工作簿,,0.0,0.0,既有专家主导型清单编制流程,
SRC-PWR-000031,POWER,OC,calculated,expert_excel_workbook,,,,,既有专家主导型工作簿,,3.401512,3.401512,既有专家主导型清单编制流程,
SRC-PWR-000031,POWER,NH3,calculated,expert_excel_workbook,,,,,既有专家主导型工作簿,,0.0,0.0,既有专家主导型清单编制流程,
SRC-PWR-000032,POWER,SO2,calculated,expert_excel_workbook,,,,,既有专家主导型工作簿,,0.43969155,0.43969155,既有专家主导型清单编制流程,
SRC-PWR-000032,POWER,NOx,calculated,expert_excel_workbook,,,,,既有专家主导型工作簿,,120.98894999999999,70.173591,既有专家主导型清单编制流程,
SRC-PWR-000032,POWER,CO,calculated,expert_excel_workbook,,,,,既有专家主导型工作簿,,38.36235,38.36235,既有专家主导型清单编制流程,
SRC-PWR-000032,POWER,VOC,calculated,expert_excel_workbook,,,,,既有专家主导型工作簿,,0.8852849999999999,0.8852849999999999,既有专家主导型清单编制流程,
SRC-PWR-000032,POWER,PM10,calculated,expert_excel_workbook,,,,,既有专家主导型工作簿,,0.8852849999999999,0.8852849999999999,既有专家主导型清单编制流程,
SRC-PWR-000032,POWER,PM2.5,calculated,expert_excel_workbook,,,,,既有专家主导型工作簿,,0.0,0.0,既有专家主导型清单编制流程,
SRC-PWR-000032,POWER,BC,calculated,expert_excel_workbook,,,,,既有专家主导型工作簿,,0.0,0.0,既有专家主导型清单编制流程,
SRC-PWR-000032,POWER,OC,calculated,expert_excel_workbook,,,,,既有专家主导型工作簿,,0.59019,0.59019,既有专家主导型清单编制流程,
SRC-PWR-000032,POWER,NH3,calculated,expert_excel_workbook,,,,,既有专家主导型工作簿,,0.0,0.0,既有专家主导型清单编制流程,
SRC-PWR-000033,POWER,SO2,calculated,expert_excel_workbook,,,,,既有专家主导型工作簿,,1.40461704,1.40461704,既有专家主导型清单编制流程,
SRC-PWR-000033,POWER,NOx,calculated,expert_excel_workbook,,,,,既有专家主导型工作簿,,386.50535999999994,224.1731088,既有专家主导型清单编制流程,
SRC-PWR-000033,POWER,CO,calculated,expert_excel_workbook,,,,,既有专家主导型工作簿,,122.55047999999998,122.55047999999998,既有专家主导型清单编制流程,
SRC-PWR-000033,POWER,VOC,calculated,expert_excel_workbook,,,,,既有专家主导型工作簿,,2.8280879999999997,2.8280879999999997,既有专家主导型清单编制流程,
SRC-PWR-000033,POWER,PM10,calculated,expert_excel_workbook,,,,,既有专家主导型工作簿,,2.8280879999999997,2.8280879999999997,既有专家主导型清单编制流程,
SRC-PWR-000033,POWER,PM2.5,calculated,expert_excel_workbook,,,,,既有专家主导型工作簿,,0.0,0.0,既有专家主导型清单编制流程,
SRC-PWR-000033,POWER,BC,calculated,expert_excel_workbook,,,,,既有专家主导型工作簿,,0.0,0.0,既有专家主导型清单编制流程,
SRC-PWR-000033,POWER,OC,calculated,expert_excel_workbook,,,,,既有专家主导型工作簿,,1.885392,1.885392,既有专家主导型清单编制流程,
SRC-PWR-000033,POWER,NH3,calculated,expert_excel_workbook,,,,,既有专家主导型工作簿,,0.0,0.0,既有专家主导型清单编制流程,
SRC-PWR-000034,POWER,SO2,calculated,expert_excel_workbook,,,,,既有专家主导型工作簿,,0.01097981,0.01097981,既有专家主导型清单编制流程,
SRC-PWR-000034,POWER,NOx,calculated,expert_excel_workbook,,,,,既有专家主导型工作簿,,3.0212899999999996,0.30212899999999987,既有专家主导型清单编制流程,
SRC-PWR-000034,POWER,CO,calculated,expert_excel_workbook,,,,,既有专家主导型工作簿,,0.95797,0.95797,既有专家主导型清单编制流程,
SRC-PWR-000034,POWER,VOC,calculated,expert_excel_workbook,,,,,既有专家主导型工作簿,,0.022106999999999995,0.022106999999999995,既有专家主导型清单编制流程,
SRC-PWR-000034,POWER,PM10,calculated,expert_excel_workbook,,,,,既有专家主导型工作簿,,0.022106999999999995,0.022106999999999995,既有专家主导型清单编制流程,
SRC-PWR-000034,POWER,PM2.5,calculated,expert_excel_workbook,,,,,既有专家主导型工作簿,,0.0,0.0,既有专家主导型清单编制流程,
SRC-PWR-000034,POWER,BC,calculated,expert_excel_workbook,,,,,既有专家主导型工作簿,,0.0,0.0,既有专家主导型清单编制流程,
SRC-PWR-000034,POWER,OC,calculated,expert_excel_workbook,,,,,既有专家主导型工作簿,,0.014738,0.014738,既有专家主导型清单编制流程,
SRC-PWR-000034,POWER,NH3,calculated,expert_excel_workbook,,,,,既有专家主导型工作簿,,0.0,0.0,既有专家主导型清单编制流程,
SRC-PWR-000035,POWER,SO2,calculated,expert_excel_workbook,,,,,既有专家主导型工作簿,,0.01287211,0.01287211,既有专家主导型清单编制流程,
SRC-PWR-000035,POWER,NOx,calculated,expert_excel_workbook,,,,,既有专家主导型工作簿,,3.5419899999999997,0.3541989999999999,既有专家主导型清单编制流程,
SRC-PWR-000035,POWER,CO,calculated,expert_excel_workbook,,,,,既有专家主导型工作簿,,1.12307,1.12307,既有专家主导型清单编制流程,
SRC-PWR-000035,POWER,VOC,calculated,expert_excel_workbook,,,,,既有专家主导型工作簿,,0.025917,0.025917,既有专家主导型清单编制流程,
SRC-PWR-000035,POWER,PM10,calculated,expert_excel_workbook,,,,,既有专家主导型工作簿,,0.025917,0.025917,既有专家主导型清单编制流程,
SRC-PWR-000035,POWER,PM2.5,calculated,expert_excel_workbook,,,,,既有专家主导型工作簿,,0.0,0.0,既有专家主导型清单编制流程,
SRC-PWR-000035,POWER,BC,calculated,expert_excel_workbook,,,,,既有专家主导型工作簿,,0.0,0.0,既有专家主导型清单编制流程,
SRC-PWR-000035,POWER,OC,calculated,expert_excel_workbook,,,,,既有专家主导型工作簿,,0.017278,0.017278,既有专家主导型清单编制流程,
SRC-PWR-000035,POWER,NH3,calculated,expert_excel_workbook,,,,,既有专家主导型工作簿,,0.0,0.0,既有专家主导型清单编制流程,
SRC-PWR-000036,POWER,SO2,calculated,expert_excel_workbook,,,,,既有专家主导型工作簿,,0.009600070000000002,0.009600070000000002,既有专家主导型清单编制流程,
SRC-PWR-000036,POWER,NOx,calculated,expert_excel_workbook,,,,,既有专家主导型工作簿,,2.64163,0.264163,既有专家主导型清单编制流程,
SRC-PWR-000036,POWER,CO,calculated,expert_excel_workbook,,,,,既有专家主导型工作簿,,0.8375900000000002,0.8375900000000002,既有专家主导型清单编制流程,
SRC-PWR-000036,POWER,VOC,calculated,expert_excel_workbook,,,,,既有专家主导型工作簿,,0.019329,0.019329,既有专家主导型清单编制流程,
SRC-PWR-000036,POWER,PM10,calculated,expert_excel_workbook,,,,,既有专家主导型工作簿,,0.019329,0.019329,既有专家主导型清单编制流程,
SRC-PWR-000036,POWER,PM2.5,calculated,expert_excel_workbook,,,,,既有专家主导型工作簿,,0.0,0.0,既有专家主导型清单编制流程,
SRC-PWR-000036,POWER,BC,calculated,expert_excel_workbook,,,,,既有专家主导型工作簿,,0.0,0.0,既有专家主导型清单编制流程,
SRC-PWR-000036,POWER,OC,calculated,expert_excel_workbook,,,,,既有专家主导型工作簿,,0.012886000000000002,0.012886000000000002,既有专家主导型清单编制流程,
SRC-PWR-000036,POWER,NH3,calculated,expert_excel_workbook,,,,,既有专家主导型工作簿,,0.0,0.0,既有专家主导型清单编制流程,
SRC-PWR-000037,POWER,SO2,calculated,expert_excel_workbook,,,,,既有专家主导型工作簿,,0.36098204,0.36098204,既有专家主导型清单编制流程,
SRC-PWR-000037,POWER,NOx,calculated,expert_excel_workbook,,,,,既有专家主导型工作簿,,180.49102,54.14730600000001,既有专家主导型清单编制流程,
SRC-PWR-000037,POWER,CO,calculated,expert_excel_workbook,,,,,既有专家主导型工作簿,,57.228860000000005,57.228860000000005,既有专家主导型清单编制流程,
SRC-PWR-000037,POWER,VOC,calculated,expert_excel_workbook,,,,,既有专家主导型工作簿,,1.320666,1.320666,既有专家主导型清单编制流程,
SRC-PWR-000037,POWER,PM10,calculated,expert_excel_workbook,,,,,既有专家主导型工作簿,,1.320666,1.320666,既有专家主导型清单编制流程,
SRC-PWR-000037,POWER,PM2.5,calculated,expert_excel_workbook,,,,,既有专家主导型工作簿,,0.0,0.0,既有专家主导型清单编制流程,
SRC-PWR-000037,POWER,BC,calculated,expert_excel_workbook,,,,,既有专家主导型工作簿,,0.0,0.0,既有专家主导型清单编制流程,
SRC-PWR-000037,POWER,OC,calculated,expert_excel_workbook,,,,,既有专家主导型工作簿,,0.8804440000000001,0.8804440000000001,既有专家主导型清单编制流程,
SRC-PWR-000037,POWER,NH3,calculated,expert_excel_workbook,,,,,既有专家主导型工作簿,,0.0,0.0,既有专家主导型清单编制流程,
SRC-PWR-000038,POWER,SO2,calculated,expert_excel_workbook,,,,,既有专家主导型工作簿,,0.456092118,0.456092118,既有专家主导型清单编制流程,
SRC-PWR-000038,POWER,NOx,calculated,expert_excel_workbook,,,,,既有专家主导型工作簿,,228.046059,68.41381770000001,既有专家主导型清单编制流程,
SRC-PWR-000038,POWER,CO,calculated,expert_excel_workbook,,,,,既有专家主导型工作簿,,72.307287,72.307287,既有专家主导型清单编制流程,
SRC-PWR-000038,POWER,VOC,calculated,expert_excel_workbook,,,,,既有专家主导型工作簿,,1.6686296999999999,1.6686296999999999,既有专家主导型清单编制流程,
SRC-PWR-000038,POWER,PM10,calculated,expert_excel_workbook,,,,,既有专家主导型工作簿,,1.6686296999999999,1.6686296999999999,既有专家主导型清单编制流程,
SRC-PWR-000038,POWER,PM2.5,calculated,expert_excel_workbook,,,,,既有专家主导型工作簿,,0.0,0.0,既有专家主导型清单编制流程,
SRC-PWR-000038,POWER,BC,calculated,expert_excel_workbook,,,,,既有专家主导型工作簿,,0.0,0.0,既有专家主导型清单编制流程,
SRC-PWR-000038,POWER,OC,calculated,expert_excel_workbook,,,,,既有专家主导型工作簿,,1.1124198,1.1124198,既有专家主导型清单编制流程,
SRC-PWR-000038,POWER,NH3,calculated,expert_excel_workbook,,,,,既有专家主导型工作簿,,0.0,0.0,既有专家主导型清单编制流程,
SRC-PWR-000039,POWER,SO2,calculated,expert_excel_workbook,,,,,既有专家主导型工作簿,,0.00215414,0.00215414,既有专家主导型清单编制流程,
SRC-PWR-000039,POWER,NOx,calculated,expert_excel_workbook,,,,,既有专家主导型工作簿,,1.07707,0.32312100000000005,既有专家主导型清单编制流程,
SRC-PWR-000039,POWER,CO,calculated,expert_excel_workbook,,,,,既有专家主导型工作簿,,0.34151000000000004,0.34151000000000004,既有专家主导型清单编制流程,
SRC-PWR-000039,POWER,VOC,calculated,expert_excel_workbook,,,,,既有专家主导型工作簿,,0.007880999999999999,0.007880999999999999,既有专家主导型清单编制流程,
SRC-PWR-000039,POWER,PM10,calculated,expert_excel_workbook,,,,,既有专家主导型工作簿,,0.007880999999999999,0.007880999999999999,既有专家主导型清单编制流程,
SRC-PWR-000039,POWER,PM2.5,calculated,expert_excel_workbook,,,,,既有专家主导型工作簿,,0.0,0.0,既有专家主导型清单编制流程,
SRC-PWR-000039,POWER,BC,calculated,expert_excel_workbook,,,,,既有专家主导型工作簿,,0.0,0.0,既有专家主导型清单编制流程,
SRC-PWR-000039,POWER,OC,calculated,expert_excel_workbook,,,,,既有专家主导型工作簿,,0.005254,0.005254,既有专家主导型清单编制流程,
SRC-PWR-000039,POWER,NH3,calculated,expert_excel_workbook,,,,,既有专家主导型工作簿,,0.0,0.0,既有专家主导型清单编制流程,
SRC-PWR-000040,POWER,SO2,calculated,expert_excel_workbook,,,,,既有专家主导型工作簿,,5718.7626207,101.79397464846022,既有专家主导型清单编制流程,
SRC-PWR-000040,POWER,NOx,calculated,expert_excel_workbook,,,,,既有专家主导型工作簿,,4756.063524099999,713.409528615,既有专家主导型清单编制流程,
SRC-PWR-000040,POWER,CO,calculated,expert_excel_workbook,,,,,既有专家主导型工作簿,,1319.21507,1319.21507,既有专家主导型清单编制流程,
SRC-PWR-000040,POWER,VOC,calculated,expert_excel_workbook,,,,,既有专家主导型工作簿,,15906.396796755,15906.396796755,既有专家主导型清单编制流程,
SRC-PWR-000040,POWER,PM10,calculated,expert_excel_workbook,,,,,既有专家主导型工作簿,,4149.51781611,16.598071264440016,既有专家主导型清单编制流程,
SRC-PWR-000040,POWER,PM2.5,calculated,expert_excel_workbook,,,,,既有专家主导型工作簿,,8.30039622222,0.03320158488888003,既有专家主导型清单编制流程,
SRC-PWR-000040,POWER,BC,calculated,expert_excel_workbook,,,,,既有专家主导型工作簿,,0.00035804999999999995,1.432200000000001e-06,既有专家主导型清单编制流程,
SRC-PWR-000040,POWER,OC,calculated,expert_excel_workbook,,,,,既有专家主导型工作簿,,26.391115899999996,26.391115899999996,既有专家主导型清单编制流程,
SRC-PWR-000040,POWER,NH3,information_insufficient,expert_excel_workbook,,,,,既有专家主导型工作簿,,0.0,,既有专家主导型清单编制流程,HUMAN_RESULT_NOT_NUMERIC
SRC-PWR-000041,POWER,SO2,calculated,expert_excel_workbook,,,,,既有专家主导型工作簿,,5572.790411200001,99.19566931936022,既有专家主导型清单编制流程,
SRC-PWR-000041,POWER,NOx,calculated,expert_excel_workbook,,,,,既有专家主导型工作簿,,4634.826761599999,695.22401424,既有专家主导型清单编制流程,
SRC-PWR-000041,POWER,CO,calculated,expert_excel_workbook,,,,,既有专家主导型工作簿,,1285.54596,1285.54596,既有专家主导型清单编制流程,
SRC-PWR-000041,POWER,VOC,calculated,expert_excel_workbook,,,,,既有专家主导型工作簿,,15500.24655008,31.00049310016003,既有专家主导型清单编制流程,
SRC-PWR-000041,POWER,PM10,calculated,expert_excel_workbook,,,,,既有专家主导型工作簿,,4043.57658976,16.174306359040013,既有专家主导型清单编制流程,
SRC-PWR-000041,POWER,PM2.5,calculated,expert_excel_workbook,,,,,既有专家主导型工作簿,,8.08916520352,0.03235666081408003,既有专家主导型清单编制流程,
SRC-PWR-000041,POWER,BC,calculated,expert_excel_workbook,,,,,既有专家主导型工作簿,,0.00052948,2.117920000000002e-06,既有专家主导型清单编制流程,
SRC-PWR-000041,POWER,OC,calculated,expert_excel_workbook,,,,,既有专家主导型工作簿,,25.7209964,25.7209964,既有专家主导型清单编制流程,
SRC-PWR-000041,POWER,NH3,calculated,expert_excel_workbook,,,,,既有专家主导型工作簿,,0.0,0.0,既有专家主导型清单编制流程,
SRC-PWR-000042,POWER,SO2,calculated,expert_excel_workbook,,,,,既有专家主导型工作簿,,6787.52281,120.81790601800026,既有专家主导型清单编制流程,
SRC-PWR-000042,POWER,NOx,calculated,expert_excel_workbook,,,,,既有专家主导型工作簿,,5644.709700400001,846.7064550600003,既有专家主导型清单编制流程,
SRC-PWR-000042,POWER,CO,calculated,expert_excel_workbook,,,,,既有专家主导型工作簿,,1565.753776,1565.753776,既有专家主导型清单编制流程,
SRC-PWR-000042,POWER,VOC,calculated,expert_excel_workbook,,,,,既有专家主导型工作簿,,18879.257154500003,37.75851430900004,既有专家主导型清单编制流程,
SRC-PWR-000042,POWER,PM10,calculated,expert_excel_workbook,,,,,既有专家主导型工作簿,,4925.0367322,19.700146928800017,既有专家主导型清单编制流程,
SRC-PWR-000042,POWER,PM2.5,calculated,expert_excel_workbook,,,,,既有专家主导型工作簿,,9.850850002,0.039403400008000036,既有专家主导型清单编制流程,
SRC-PWR-000042,POWER,BC,calculated,expert_excel_workbook,,,,,既有专家主导型工作簿,,0.000204352,8.174080000000008e-07,既有专家主导型清单编制流程,
SRC-PWR-000042,POWER,OC,calculated,expert_excel_workbook,,,,,既有专家主导型工作簿,,31.3189648,31.3189648,既有专家主导型清单编制流程,
SRC-PWR-000042,POWER,NH3,calculated,expert_excel_workbook,,,,,既有专家主导型工作簿,,0.0,0.0,既有专家主导型清单编制流程,
SRC-PWR-000043,POWER,SO2,calculated,expert_excel_workbook,,,,,既有专家主导型工作簿,,6805.034133200001,121.12960757096027,既有专家主导型清单编制流程,
SRC-PWR-000043,POWER,NOx,calculated,expert_excel_workbook,,,,,既有专家主导型工作簿,,5659.8233836,848.9735075400001,既有专家主导型清单编制流程,
SRC-PWR-000043,POWER,CO,calculated,expert_excel_workbook,,,,,既有专家主导型工作簿,,1569.8069999999998,1569.8069999999998,既有专家主导型清单编制流程,
SRC-PWR-000043,POWER,VOC,calculated,expert_excel_workbook,,,,,既有专家主导型工作簿,,18927.49885738,37.85499771476003,既有专家主导型清单编制流程,
SRC-PWR-000043,POWER,PM10,calculated,expert_excel_workbook,,,,,既有专家主导型工作簿,,4937.660888359999,19.750643553440014,既有专家主导型清单编制流程,
SRC-PWR-000043,POWER,PM2.5,calculated,expert_excel_workbook,,,,,既有专家主导型工作簿,,9.878426984719999,0.03951370793888003,既有专家主导型清单编制流程,
SRC-PWR-000043,POWER,BC,calculated,expert_excel_workbook,,,,,既有专家主导型工作簿,,0.0008171600000000002,3.2686400000000036e-06,既有专家主导型清单编制流程,
SRC-PWR-000043,POWER,OC,calculated,expert_excel_workbook,,,,,既有专家主导型工作簿,,31.411692399999996,31.411692399999996,既有专家主导型清单编制流程,
SRC-PWR-000043,POWER,NH3,calculated,expert_excel_workbook,,,,,既有专家主导型工作簿,,0.0,0.0,既有专家主导型清单编制流程,
SRC-PWR-000044,POWER,SO2,calculated,expert_excel_workbook,,,,,既有专家主导型工作簿,,4636.328059999999,947.201822658,既有专家主导型清单编制流程,
SRC-PWR-000044,POWER,NOx,calculated,expert_excel_workbook,,,,,既有专家主导型工作簿,,2493.4873600000005,872.7205760000002,既有专家主导型清单编制流程,
SRC-PWR-000044,POWER,CO,calculated,expert_excel_workbook,,,,,既有专家主导型工作簿,,556.582,556.582,既有专家主导型清单编制流程,
SRC-PWR-000044,POWER,VOC,calculated,expert_excel_workbook,,,,,既有专家主导型工作簿,,11759.59807568,23.51919615136002,既有专家主导型清单编制流程,
SRC-PWR-000044,POWER,PM10,calculated,expert_excel_workbook,,,,,既有专家主导型工作簿,,2838.5236734400005,11.354094693760013,既有专家主导型清单编制流程,
SRC-PWR-000044,POWER,PM2.5,calculated,expert_excel_workbook,,,,,既有专家主导型工作簿,,5.677047346880001,0.022708189387520023,既有专家主导型清单编制流程,
SRC-PWR-000044,POWER,BC,calculated,expert_excel_workbook,,,,,既有专家主导型工作簿,,0.0,0.0,既有专家主导型清单编制流程,
SRC-PWR-000044,POWER,OC,calculated,expert_excel_workbook,,,,,既有专家主导型工作簿,,11.131639999999999,11.131639999999999,既有专家主导型清单编制流程,
SRC-PWR-000044,POWER,NH3,calculated,expert_excel_workbook,,,,,既有专家主导型工作簿,,0.0,0.0,既有专家主导型清单编制流程,
SRC-PWR-000045,POWER,SO2,calculated,expert_excel_workbook,,,,,既有专家主导型工作簿,,765.900507,38.29502535000003,既有专家主导型清单编制流程,
SRC-PWR-000045,POWER,NOx,calculated,expert_excel_workbook,,,,,既有专家主导型工作簿,,424.9206528,53.1150816,既有专家主导型清单编制流程,
SRC-PWR-000045,POWER,CO,calculated,expert_excel_workbook,,,,,既有专家主导型工作簿,,94.84836,94.84836,既有专家主导型清单编制流程,
SRC-PWR-000045,POWER,VOC,calculated,expert_excel_workbook,,,,,既有专家主导型工作簿,,1531.0953422015998,9.186572053209437,既有专家主导型清单编制流程,
SRC-PWR-000045,POWER,PM10,calculated,expert_excel_workbook,,,,,既有专家主导型工作簿,,369.57473777280006,6.282770542137607,既有专家主导型清单编制流程,
SRC-PWR-000045,POWER,PM2.5,calculated,expert_excel_workbook,,,,,既有专家主导型工作簿,,0.7391494755456002,0.012565541084275215,既有专家主导型清单编制流程,
SRC-PWR-000045,POWER,BC,calculated,expert_excel_workbook,,,,,既有专家主导型工作簿,,0.0,0.0,既有专家主导型清单编制流程,
SRC-PWR-000045,POWER,OC,calculated,expert_excel_workbook,,,,,既有专家主导型工作簿,,1.8969672,1.8969672,既有专家主导型清单编制流程,
SRC-PWR-000045,POWER,NH3,calculated,expert_excel_workbook,,,,,既有专家主导型工作簿,,0.0,0.0,既有专家主导型清单编制流程,
SRC-PWR-000046,POWER,SO2,calculated,expert_excel_workbook,,,,,既有专家主导型工作簿,,928.7139915999999,46.43569958000003,既有专家主导型清单编制流程,
SRC-PWR-000046,POWER,NOx,calculated,expert_excel_workbook,,,,,既有专家主导型工作簿,,532.0509824000001,66.50637280000001,既有专家主导型清单编制流程,
SRC-PWR-000046,POWER,CO,calculated,expert_excel_workbook,,,,,既有专家主导型工作簿,,118.76138,118.76138,既有专家主导型清单编制流程,
SRC-PWR-000046,POWER,VOC,calculated,expert_excel_workbook,,,,,既有专家主导型工作簿,,1999.0818068088004,11.99449084085259,既有专家主导型清单编制流程,
SRC-PWR-000046,POWER,PM10,calculated,expert_excel_workbook,,,,,既有专家主导型工作簿,,482.5369878504001,8.20312879345681,既有专家主导型清单编制流程,
SRC-PWR-000046,POWER,PM2.5,calculated,expert_excel_workbook,,,,,既有专家主导型工作簿,,0.9650739757008002,0.01640625758691362,既有专家主导型清单编制流程,
SRC-PWR-000046,POWER,BC,calculated,expert_excel_workbook,,,,,既有专家主导型工作簿,,0.0,0.0,既有专家主导型清单编制流程,
SRC-PWR-000046,POWER,OC,calculated,expert_excel_workbook,,,,,既有专家主导型工作簿,,2.3752276,2.3752276,既有专家主导型清单编制流程,
SRC-PWR-000046,POWER,NH3,calculated,expert_excel_workbook,,,,,既有专家主导型工作簿,,0.0,0.0,既有专家主导型清单编制流程,
SRC-PWR-000047,POWER,SO2,calculated,expert_excel_workbook,,,,,既有专家主导型工作簿,,546.628727,27.331436350000025,既有专家主导型清单编制流程,
SRC-PWR-000047,POWER,NOx,calculated,expert_excel_workbook,,,,,既有专家主导型工作簿,,303.26894080000005,37.90861760000001,既有专家主导型清单编制流程,
SRC-PWR-000047,POWER,CO,calculated,expert_excel_workbook,,,,,既有专家主导型工作簿,,67.69396,67.69396,既有专家主导型清单编制流程,
SRC-PWR-000047,POWER,VOC,calculated,expert_excel_workbook,,,,,既有专家主导型工作簿,,1218.6293756784,7.3117762540702715,既有专家主导型清单编制流程,
SRC-PWR-000047,POWER,PM10,calculated,expert_excel_workbook,,,,,既有专家主导型工作簿,,294.1519182672001,5.000582610542406,既有专家主导型清单编制流程,
SRC-PWR-000047,POWER,PM2.5,calculated,expert_excel_workbook,,,,,既有专家主导型工作簿,,0.5883038365344002,0.010001165221084813,既有专家主导型清单编制流程,
SRC-PWR-000047,POWER,BC,calculated,expert_excel_workbook,,,,,既有专家主导型工作簿,,0.0,0.0,既有专家主导型清单编制流程,
SRC-PWR-000047,POWER,OC,calculated,expert_excel_workbook,,,,,既有专家主导型工作簿,,1.3538792000000002,1.3538792000000002,既有专家主导型清单编制流程,
SRC-PWR-000047,POWER,NH3,calculated,expert_excel_workbook,,,,,既有专家主导型工作簿,,0.0,0.0,既有专家主导型清单编制流程,
SRC-PWR-000048,POWER,SO2,calculated,expert_excel_workbook,,,,,既有专家主导型工作簿,,608.0751164999999,30.403755825000022,既有专家主导型清单编制流程,
SRC-PWR-000048,POWER,NOx,calculated,expert_excel_workbook,,,,,既有专家主导型工作簿,,337.35932160000004,42.169915200000005,既有专家主导型清单编制流程,
SRC-PWR-000048,POWER,CO,calculated,expert_excel_workbook,,,,,既有专家主导型工作簿,,75.30342,75.30342,既有专家主导型清单编制流程,
SRC-PWR-000048,POWER,VOC,calculated,expert_excel_workbook,,,,,既有专家主导型工作簿,,1265.1185409576,7.590711245745466,既有专家主导型清单编制流程,
SRC-PWR-000048,POWER,PM10,calculated,expert_excel_workbook,,,,,既有专家主导型工作簿,,305.3734409208,5.191348495653605,既有专家主导型清单编制流程,
SRC-PWR-000048,POWER,PM2.5,calculated,expert_excel_workbook,,,,,既有专家主导型工作簿,,0.6107468818416001,0.01038269699130721,既有专家主导型清单编制流程,
SRC-PWR-000048,POWER,BC,calculated,expert_excel_workbook,,,,,既有专家主导型工作簿,,0.0,0.0,既有专家主导型清单编制流程,
SRC-PWR-000048,POWER,OC,calculated,expert_excel_workbook,,,,,既有专家主导型工作簿,,1.5060684,1.5060684,既有专家主导型清单编制流程,
SRC-PWR-000048,POWER,NH3,calculated,expert_excel_workbook,,,,,既有专家主导型工作簿,,0.0,0.0,既有专家主导型清单编制流程,
SRC-PWR-000049,POWER,SO2,calculated,expert_excel_workbook,,,,,既有专家主导型工作簿,,216.19920000000002,13.64216952000001,既有专家主导型清单编制流程,
SRC-PWR-000049,POWER,NOx,calculated,expert_excel_workbook,,,,,既有专家主导型工作簿,,203.48160000000001,61.044480000000014,既有专家主导型清单编制流程,
SRC-PWR-000049,POWER,CO,calculated,expert_excel_workbook,,,,,既有专家主导型工作簿,,45.42,45.42,既有专家主导型清单编制流程,
SRC-PWR-000049,POWER,VOC,calculated,expert_excel_workbook,,,,,既有专家主导型工作簿,,844.9446264000001,5.069667758399911,既有专家主导型清单编制流程,
SRC-PWR-000049,POWER,PM10,calculated,expert_excel_workbook,,,,,既有专家主导型工作簿,,203.95215120000006,3.467186570400004,既有专家主导型清单编制流程,
SRC-PWR-000049,POWER,PM2.5,calculated,expert_excel_workbook,,,,,既有专家主导型工作簿,,0.40790430240000014,0.0069343731408000086,既有专家主导型清单编制流程,
SRC-PWR-000049,POWER,BC,calculated,expert_excel_workbook,,,,,既有专家主导型工作簿,,0.0,0.0,既有专家主导型清单编制流程,
SRC-PWR-000049,POWER,OC,calculated,expert_excel_workbook,,,,,既有专家主导型工作簿,,0.9084,0.9084,既有专家主导型清单编制流程,
SRC-PWR-000049,POWER,NH3,calculated,expert_excel_workbook,,,,,既有专家主导型工作簿,,0.0,0.0,既有专家主导型清单编制流程,
SRC-PWR-000050,POWER,SO2,calculated,expert_excel_workbook,,,,,既有专家主导型工作簿,,34.15776,2.155354656000002,既有专家主导型清单编制流程,
SRC-PWR-000050,POWER,NOx,calculated,expert_excel_workbook,,,,,既有专家主导型工作簿,,32.148480000000006,9.644544000000003,既有专家主导型清单编制流程,
SRC-PWR-000050,POWER,CO,calculated,expert_excel_workbook,,,,,既有专家主导型工作簿,,7.176,7.176,既有专家主导型清单编制流程,
SRC-PWR-000050,POWER,VOC,calculated,expert_excel_workbook,,,,,既有专家主导型工作簿,,133.49455392000002,0.800967323519986,既有专家主导型清单编制流程,
SRC-PWR-000050,POWER,PM10,calculated,expert_excel_workbook,,,,,既有专家主导型工作簿,,32.22282336000001,0.5477879971200006,既有专家主导型清单编制流程,
SRC-PWR-000050,POWER,PM2.5,calculated,expert_excel_workbook,,,,,既有专家主导型工作簿,,0.06444564672000001,0.0010955759942400012,既有专家主导型清单编制流程,
SRC-PWR-000050,POWER,BC,calculated,expert_excel_workbook,,,,,既有专家主导型工作簿,,0.0,0.0,既有专家主导型清单编制流程,
SRC-PWR-000050,POWER,OC,calculated,expert_excel_workbook,,,,,既有专家主导型工作簿,,0.14352,0.14352,既有专家主导型清单编制流程,
SRC-PWR-000050,POWER,NH3,calculated,expert_excel_workbook,,,,,既有专家主导型工作簿,,0.0,0.0,既有专家主导型清单编制流程,
SRC-PWR-000051,POWER,SO2,calculated,expert_excel_workbook,,,,,既有专家主导型工作簿,,247.55808000000002,15.620914848000012,既有专家主导型清单编制流程,
SRC-PWR-000051,POWER,NOx,calculated,expert_excel_workbook,,,,,既有专家主导型工作簿,,232.99584000000002,69.89875200000002,既有专家主导型清单编制流程,
SRC-PWR-000051,POWER,CO,calculated,expert_excel_workbook,,,,,既有专家主导型工作簿,,52.008,52.008,既有专家主导型清单编制流程,
SRC-PWR-000051,POWER,VOC,calculated,expert_excel_workbook,,,,,既有专家主导型工作簿,,967.5006633600001,5.805003980159898,既有专家主导型清单编制流程,
SRC-PWR-000051,POWER,PM10,calculated,expert_excel_workbook,,,,,既有专家主导型工作簿,,233.53464288000006,3.9700889289600045,既有专家主导型清单编制流程,
SRC-PWR-000051,POWER,PM2.5,calculated,expert_excel_workbook,,,,,既有专家主导型工作簿,,0.4670692857600001,0.007940177857920009,既有专家主导型清单编制流程,
SRC-PWR-000051,POWER,BC,calculated,expert_excel_workbook,,,,,既有专家主导型工作簿,,0.0,0.0,既有专家主导型清单编制流程,
SRC-PWR-000051,POWER,OC,calculated,expert_excel_workbook,,,,,既有专家主导型工作簿,,1.04016,1.04016,既有专家主导型清单编制流程,
SRC-PWR-000051,POWER,NH3,calculated,expert_excel_workbook,,,,,既有专家主导型工作簿,,0.0,0.0,既有专家主导型清单编制流程,
SRC-PWR-000052,POWER,SO2,calculated,expert_excel_workbook,,,,,既有专家主导型工作簿,,2.945968422,2.945968422,既有专家主导型清单编制流程,
SRC-PWR-000052,POWER,NOx,calculated,expert_excel_workbook,,,,,既有专家主导型工作簿,,1002.8620499999998,581.659989,既有专家主导型清单编制流程,
SRC-PWR-000052,POWER,CO,calculated,expert_excel_workbook,,,,,既有专家主导型工作簿,,317.98065,317.98065,既有专家主导型清单编制流程,
SRC-PWR-000052,POWER,VOC,calculated,expert_excel_workbook,,,,,既有专家主导型工作簿,,7.3380149999999995,7.3380149999999995,既有专家主导型清单编制流程,
SRC-PWR-000052,POWER,PM10,calculated,expert_excel_workbook,,,,,既有专家主导型工作簿,,7.3380149999999995,7.3380149999999995,既有专家主导型清单编制流程,
SRC-PWR-000052,POWER,PM2.5,calculated,expert_excel_workbook,,,,,既有专家主导型工作簿,,0.0,0.0,既有专家主导型清单编制流程,
SRC-PWR-000052,POWER,BC,calculated,expert_excel_workbook,,,,,既有专家主导型工作簿,,0.0,0.0,既有专家主导型清单编制流程,
SRC-PWR-000052,POWER,OC,calculated,expert_excel_workbook,,,,,既有专家主导型工作簿,,4.89201,4.89201,既有专家主导型清单编制流程,
SRC-PWR-000052,POWER,NH3,calculated,expert_excel_workbook,,,,,既有专家主导型工作簿,,0.0,0.0,既有专家主导型清单编制流程,
SRC-PWR-000053,POWER,SO2,calculated,expert_excel_workbook,,,,,既有专家主导型工作簿,,2.8873237772,2.8873237772,既有专家主导型清单编制流程,
SRC-PWR-000053,POWER,NOx,calculated,expert_excel_workbook,,,,,既有专家主导型工作簿,,982.89833,570.0810314,既有专家主导型清单编制流程,
SRC-PWR-000053,POWER,CO,calculated,expert_excel_workbook,,,,,既有专家主导型工作簿,,311.65069000000005,311.65069000000005,既有专家主导型清单编制流程,
SRC-PWR-000053,POWER,VOC,calculated,expert_excel_workbook,,,,,既有专家主导型工作簿,,7.191939,7.191939,既有专家主导型清单编制流程,
SRC-PWR-000053,POWER,PM10,calculated,expert_excel_workbook,,,,,既有专家主导型工作簿,,7.191939,7.191939,既有专家主导型清单编制流程,
SRC-PWR-000053,POWER,PM2.5,calculated,expert_excel_workbook,,,,,既有专家主导型工作簿,,0.0,0.0,既有专家主导型清单编制流程,
SRC-PWR-000053,POWER,BC,calculated,expert_excel_workbook,,,,,既有专家主导型工作簿,,0.0,0.0,既有专家主导型清单编制流程,
SRC-PWR-000053,POWER,OC,calculated,expert_excel_workbook,,,,,既有专家主导型工作簿,,4.794626,4.794626,既有专家主导型清单编制流程,
SRC-PWR-000053,POWER,NH3,calculated,expert_excel_workbook,,,,,既有专家主导型工作簿,,0.0,0.0,既有专家主导型清单编制流程,
SRC-PWR-000054,POWER,SO2,calculated,expert_excel_workbook,,,,,既有专家主导型工作簿,,10585.03491566,529.2517457830005,既有专家主导型清单编制流程,
SRC-PWR-000054,POWER,NOx,calculated,expert_excel_workbook,,,,,既有专家主导型工作簿,,7241.42639289,1086.2139589335002,既有专家主导型清单编制流程,
SRC-PWR-000054,POWER,CO,calculated,expert_excel_workbook,,,,,既有专家主导型工作簿,,2008.5243932,2008.5243932,既有专家主导型清单编制流程,
SRC-PWR-000054,POWER,VOC,calculated,expert_excel_workbook,,,,,既有专家主导型工作簿,,28288.25628718325,169.7295377230965,既有专家主导型清单编制流程,
SRC-PWR-000054,POWER,PM10,calculated,expert_excel_workbook,,,,,既有专家主导型工作簿,,7379.594230656498,125.45310192116058,既有专家主导型清单编制流程,
SRC-PWR-000054,POWER,PM2.5,calculated,expert_excel_workbook,,,,,既有专家主导型工作簿,,14.760384489312997,0.2509265363183212,既有专家主导型清单编制流程,
SRC-PWR-000054,POWER,BC,calculated,expert_excel_workbook,,,,,既有专家主导型工作簿,,0.00531568,9.036656000000007e-05,既有专家主导型清单编制流程,
SRC-PWR-000054,POWER,OC,calculated,expert_excel_workbook,,,,,既有专家主导型工作簿,,40.186169119999995,40.186169119999995,既有专家主导型清单编制流程,
SRC-PWR-000054,POWER,NH3,calculated,expert_excel_workbook,,,,,既有专家主导型工作簿,,0.0,0.0,既有专家主导型清单编制流程,
SRC-PWR-000055,POWER,SO2,calculated,expert_excel_workbook,,,,,既有专家主导型工作簿,,9246.172369887,462.30861849435036,既有专家主导型清单编制流程,
SRC-PWR-000055,POWER,NOx,calculated,expert_excel_workbook,,,,,既有专家主导型工作簿,,6118.552938309999,917.7829407465,既有专家主导型清单编制流程,
SRC-PWR-000055,POWER,CO,calculated,expert_excel_workbook,,,,,既有专家主导型工作簿,,1696.9892296,1696.9892296,既有专家主导型清单编制流程,
SRC-PWR-000055,POWER,VOC,calculated,expert_excel_workbook,,,,,既有专家主导型工作簿,,25846.619881008504,155.0797192860483,既有专家主导型清单编制流程,
SRC-PWR-000055,POWER,PM10,calculated,expert_excel_workbook,,,,,既有专家主导型工作簿,,6742.6604794370005,114.62522815042911,既有专家主导型清单编制流程,
SRC-PWR-000055,POWER,PM2.5,calculated,expert_excel_workbook,,,,,既有专家主导型工作簿,,13.486879272874003,0.22927694763885825,既有专家主导型清单编制流程,
SRC-PWR-000055,POWER,BC,calculated,expert_excel_workbook,,,,,既有专家主导型工作簿,,0.00692584,0.0001177392800000001,既有专家主导型清单编制流程,
SRC-PWR-000055,POWER,OC,calculated,expert_excel_workbook,,,,,既有专家主导型工作簿,,33.960215819999995,33.960215819999995,既有专家主导型清单编制流程,
SRC-PWR-000055,POWER,NH3,calculated,expert_excel_workbook,,,,,既有专家主导型工作簿,,0.0,0.0,既有专家主导型清单编制流程,
SRC-PWR-000056,POWER,SO2,calculated,expert_excel_workbook,,,,,既有专家主导型工作簿,,733.07162,131.95289160000004,既有专家主导型清单编制流程,
SRC-PWR-000056,POWER,NOx,calculated,expert_excel_workbook,,,,,既有专家主导型工作簿,,364.50176,80.19038719999999,既有专家主导型清单编制流程,
SRC-PWR-000056,POWER,CO,calculated,expert_excel_workbook,,,,,既有专家主导型工作簿,,81.362,81.362,既有专家主导型清单编制流程,
SRC-PWR-000056,POWER,VOC,calculated,expert_excel_workbook,,,,,既有专家主导型工作簿,,1692.60948528,3.385218970560003,既有专家主导型清单编制流程,
SRC-PWR-000056,POWER,PM10,calculated,expert_excel_workbook,,,,,既有专家主导型工作簿,,408.56091024000006,1.6342436409600016,既有专家主导型清单编制流程,
SRC-PWR-000056,POWER,PM2.5,calculated,expert_excel_workbook,,,,,既有专家主导型工作簿,,0.8171218204800001,0.0032684872819200034,既有专家主导型清单编制流程,
SRC-PWR-000056,POWER,BC,calculated,expert_excel_workbook,,,,,既有专家主导型工作簿,,0.0,0.0,既有专家主导型清单编制流程,
SRC-PWR-000056,POWER,OC,calculated,expert_excel_workbook,,,,,既有专家主导型工作簿,,1.62724,1.62724,既有专家主导型清单编制流程,
SRC-PWR-000056,POWER,NH3,calculated,expert_excel_workbook,,,,,既有专家主导型工作簿,,0.0,0.0,既有专家主导型清单编制流程,
SRC-PWR-000057,POWER,SO2,calculated,expert_excel_workbook,,,,,既有专家主导型工作簿,,5.613633,5.613633,既有专家主导型清单编制流程,
SRC-PWR-000057,POWER,NOx,calculated,expert_excel_workbook,,,,,既有专家主导型工作簿,,76.719651,44.497397580000005,既有专家主导型清单编制流程,
SRC-PWR-000057,POWER,CO,calculated,expert_excel_workbook,,,,,既有专家主导型工作簿,,24.325743000000003,24.325743000000003,既有专家主导型清单编制流程,
SRC-PWR-000057,POWER,VOC,calculated,expert_excel_workbook,,,,,既有专家主导型工作簿,,0.5613633,0.5613633,既有专家主导型清单编制流程,
SRC-PWR-000057,POWER,PM10,calculated,expert_excel_workbook,,,,,既有专家主导型工作簿,,0.5613633,0.5613633,既有专家主导型清单编制流程,
SRC-PWR-000057,POWER,PM2.5,calculated,expert_excel_workbook,,,,,既有专家主导型工作簿,,0.0,0.0,既有专家主导型清单编制流程,
SRC-PWR-000057,POWER,BC,calculated,expert_excel_workbook,,,,,既有专家主导型工作簿,,0.0,0.0,既有专家主导型清单编制流程,
SRC-PWR-000057,POWER,OC,calculated,expert_excel_workbook,,,,,既有专家主导型工作簿,,0.3742422,0.3742422,既有专家主导型清单编制流程,
SRC-PWR-000057,POWER,NH3,calculated,expert_excel_workbook,,,,,既有专家主导型工作簿,,0.0,0.0,既有专家主导型清单编制流程,
SRC-PWR-000058,POWER,SO2,calculated,expert_excel_workbook,,,,,既有专家主导型工作簿,,2.6942789999999994,2.6942789999999994,既有专家主导型清单编制流程,
SRC-PWR-000058,POWER,NOx,calculated,expert_excel_workbook,,,,,既有专家主导型工作簿,,36.821813,21.35665154,既有专家主导型清单编制流程,
SRC-PWR-000058,POWER,CO,calculated,expert_excel_workbook,,,,,既有专家主导型工作簿,,11.675209,11.675209,既有专家主导型清单编制流程,
SRC-PWR-000058,POWER,VOC,calculated,expert_excel_workbook,,,,,既有专家主导型工作簿,,0.26942789999999994,0.26942789999999994,既有专家主导型清单编制流程,
SRC-PWR-000058,POWER,PM10,calculated,expert_excel_workbook,,,,,既有专家主导型工作簿,,0.26942789999999994,0.26942789999999994,既有专家主导型清单编制流程,
SRC-PWR-000058,POWER,PM2.5,calculated,expert_excel_workbook,,,,,既有专家主导型工作簿,,0.0,0.0,既有专家主导型清单编制流程,
SRC-PWR-000058,POWER,BC,calculated,expert_excel_workbook,,,,,既有专家主导型工作簿,,0.0,0.0,既有专家主导型清单编制流程,
SRC-PWR-000058,POWER,OC,calculated,expert_excel_workbook,,,,,既有专家主导型工作簿,,0.1796186,0.1796186,既有专家主导型清单编制流程,
SRC-PWR-000058,POWER,NH3,calculated,expert_excel_workbook,,,,,既有专家主导型工作簿,,0.0,0.0,既有专家主导型清单编制流程,
SRC-PWR-000059,POWER,SO2,calculated,expert_excel_workbook,,,,,既有专家主导型工作簿,,7627.390598399998,381.3695299200003,既有专家主导型清单编制流程,
SRC-PWR-000059,POWER,NOx,calculated,expert_excel_workbook,,,,,既有专家主导型工作簿,,6739.3978204,1347.8795640799997,既有专家主导型清单编制流程,
SRC-PWR-000059,POWER,CO,calculated,expert_excel_workbook,,,,,既有专家主导型工作簿,,1869.45848,1869.45848,既有专家主导型清单编制流程,
SRC-PWR-000059,POWER,VOC,calculated,expert_excel_workbook,,,,,既有专家主导型工作簿,,19348.895268,116.09337160799795,既有专家主导型清单编制流程,
SRC-PWR-000059,POWER,PM10,calculated,expert_excel_workbook,,,,,既有专家主导型工作簿,,5047.537896,85.80814423200007,既有专家主导型清单编制流程,
SRC-PWR-000059,POWER,PM2.5,calculated,expert_excel_workbook,,,,,既有专家主导型工作簿,,10.095075792,0.17161628846400015,既有专家主导型清单编制流程,
SRC-PWR-000059,POWER,BC,calculated,expert_excel_workbook,,,,,既有专家主导型工作簿,,0.0,0.0,既有专家主导型清单编制流程,
SRC-PWR-000059,POWER,OC,calculated,expert_excel_workbook,,,,,既有专家主导型工作簿,,37.3891696,37.3891696,既有专家主导型清单编制流程,
SRC-PWR-000059,POWER,NH3,calculated,expert_excel_workbook,,,,,既有专家主导型工作簿,,0.0,0.0,既有专家主导型清单编制流程,
SRC-PWR-000060,POWER,SO2,calculated,expert_excel_workbook,,,,,既有专家主导型工作簿,,6631.572431999999,331.57862160000025,既有专家主导型清单编制流程,
SRC-PWR-000060,POWER,NOx,calculated,expert_excel_workbook,,,,,既有专家主导型工作簿,,5859.514367,1171.9028733999996,既有专家主导型清单编制流程,
SRC-PWR-000060,POWER,CO,calculated,expert_excel_workbook,,,,,既有专家主导型工作簿,,1625.3854,1625.3854,既有专家主导型清单编制流程,
SRC-PWR-000060,POWER,VOC,calculated,expert_excel_workbook,,,,,既有专家主导型工作簿,,16766.663093699997,100.59997856219822,既有专家主导型清单编制流程,
SRC-PWR-000060,POWER,PM10,calculated,expert_excel_workbook,,,,,既有专家主导型工作簿,,4373.912111399999,74.35650589380005,既有专家主导型清单编制流程,
SRC-PWR-000060,POWER,PM2.5,calculated,expert_excel_workbook,,,,,既有专家主导型工作簿,,8.747824222799998,0.1487130117876001,既有专家主导型清单编制流程,
SRC-PWR-000060,POWER,BC,calculated,expert_excel_workbook,,,,,既有专家主导型工作簿,,0.0,0.0,既有专家主导型清单编制流程,
SRC-PWR-000060,POWER,OC,calculated,expert_excel_workbook,,,,,既有专家主导型工作簿,,32.507708,32.507708,既有专家主导型清单编制流程,
SRC-PWR-000060,POWER,NH3,calculated,expert_excel_workbook,,,,,既有专家主导型工作簿,,0.0,0.0,既有专家主导型清单编制流程,
SRC-PWR-000061,POWER,SO2,calculated,expert_excel_workbook,,,,,既有专家主导型工作簿,,0.16921189240000004,0.16921189240000004,既有专家主导型清单编制流程,
SRC-PWR-000061,POWER,NOx,calculated,expert_excel_workbook,,,,,既有专家主导型工作簿,,1508.192954,331.80244988,既有专家主导型清单编制流程,
SRC-PWR-000061,POWER,CO,calculated,expert_excel_workbook,,,,,既有专家主导型工作簿,,478.207522,478.207522,既有专家主导型清单编制流程,
SRC-PWR-000061,POWER,VOC,calculated,expert_excel_workbook,,,,,既有专家主导型工作簿,,11.0355582,11.0355582,既有专家主导型清单编制流程,
SRC-PWR-000061,POWER,PM10,calculated,expert_excel_workbook,,,,,既有专家主导型工作簿,,11.0355582,11.0355582,既有专家主导型清单编制流程,
SRC-PWR-000061,POWER,PM2.5,calculated,expert_excel_workbook,,,,,既有专家主导型工作簿,,0.0,0.0,既有专家主导型清单编制流程,
SRC-PWR-000061,POWER,BC,calculated,expert_excel_workbook,,,,,既有专家主导型工作簿,,0.0,0.0,既有专家主导型清单编制流程,
SRC-PWR-000061,POWER,OC,calculated,expert_excel_workbook,,,,,既有专家主导型工作簿,,7.3570388,7.3570388,既有专家主导型清单编制流程,
SRC-PWR-000061,POWER,NH3,calculated,expert_excel_workbook,,,,,既有专家主导型工作簿,,0.0,0.0,既有专家主导型清单编制流程,
SRC-PWR-000062,POWER,SO2,calculated,expert_excel_workbook,,,,,既有专家主导型工作簿,,0.218109207,0.218109207,既有专家主导型清单编制流程,
SRC-PWR-000062,POWER,NOx,calculated,expert_excel_workbook,,,,,既有专家主导型工作簿,,1944.0168449999996,427.6837058999999,既有专家主导型清单编制流程,
SRC-PWR-000062,POWER,CO,calculated,expert_excel_workbook,,,,,既有专家主导型工作簿,,616.395585,616.395585,既有专家主导型清单编制流程,
SRC-PWR-000062,POWER,VOC,calculated,expert_excel_workbook,,,,,既有专家主导型工作簿,,14.224513499999999,14.224513499999999,既有专家主导型清单编制流程,
SRC-PWR-000062,POWER,PM10,calculated,expert_excel_workbook,,,,,既有专家主导型工作簿,,14.224513499999999,14.224513499999999,既有专家主导型清单编制流程,
SRC-PWR-000062,POWER,PM2.5,calculated,expert_excel_workbook,,,,,既有专家主导型工作簿,,0.0,0.0,既有专家主导型清单编制流程,
SRC-PWR-000062,POWER,BC,calculated,expert_excel_workbook,,,,,既有专家主导型工作簿,,0.0,0.0,既有专家主导型清单编制流程,
SRC-PWR-000062,POWER,OC,calculated,expert_excel_workbook,,,,,既有专家主导型工作簿,,9.483009,9.483009,既有专家主导型清单编制流程,
SRC-PWR-000062,POWER,NH3,calculated,expert_excel_workbook,,,,,既有专家主导型工作簿,,0.0,0.0,既有专家主导型清单编制流程,
SRC-PWR-000063,POWER,SO2,calculated,expert_excel_workbook,,,,,既有专家主导型工作簿,,30925.50645994,649.4356356587372,既有专家主导型清单编制流程,
SRC-PWR-000063,POWER,NOx,calculated,expert_excel_workbook,,,,,既有专家主导型工作簿,,12777.78907174,1916.6683607610003,既有专家主导型清单编制流程,
SRC-PWR-000063,POWER,CO,calculated,expert_excel_workbook,,,,,既有专家主导型工作簿,,3544.462988,3544.462988,既有专家主导型清单编制流程,
SRC-PWR-000063,POWER,VOC,calculated,expert_excel_workbook,,,,,既有专家主导型工作簿,,136188.96806523064,817.1338083913695,既有专家主导型清单编制流程,
SRC-PWR-000063,POWER,PM10,calculated,expert_excel_workbook,,,,,既有专家主导型工作簿,,32873.199188159124,558.8443861987056,既有专家主导型清单编制流程,
SRC-PWR-000063,POWER,PM2.5,calculated,expert_excel_workbook,,,,,既有专家主导型工作簿,,65.74639837631824,1.1176887723974112,既有专家主导型清单编制流程,
SRC-PWR-000063,POWER,BC,calculated,expert_excel_workbook,,,,,既有专家主导型工作簿,,0.0,0.0,既有专家主导型清单编制流程,
SRC-PWR-000063,POWER,OC,calculated,expert_excel_workbook,,,,,既有专家主导型工作簿,,70.88925976,70.88925976,既有专家主导型清单编制流程,
SRC-PWR-000063,POWER,NH3,calculated,expert_excel_workbook,,,,,既有专家主导型工作簿,,0.0,0.0,既有专家主导型清单编制流程,
SRC-PWR-000064,POWER,SO2,calculated,expert_excel_workbook,,,,,既有专家主导型工作簿,,27639.14247697,580.4219920163674,既有专家主导型清单编制流程,
SRC-PWR-000064,POWER,NOx,calculated,expert_excel_workbook,,,,,既有专家主导型工作簿,,11419.93044227,1712.9895663405005,既有专家主导型清单编制流程,
SRC-PWR-000064,POWER,CO,calculated,expert_excel_workbook,,,,,既有专家主导型工作簿,,3167.803174,3167.803174,既有专家主导型清单编制流程,
SRC-PWR-000064,POWER,VOC,calculated,expert_excel_workbook,,,,,既有专家主导型工作簿,,121691.29205808288,730.1477523484845,既有专家主导型清单编制流程,
SRC-PWR-000064,POWER,PM10,calculated,expert_excel_workbook,,,,,既有专家主导型工作簿,,29373.760151951043,499.3539225831682,既有专家主导型清单编制流程,
SRC-PWR-000064,POWER,PM2.5,calculated,expert_excel_workbook,,,,,既有专家主导型工作簿,,58.74752030390209,0.9987078451663365,既有专家主导型清单编制流程,
SRC-PWR-000064,POWER,BC,calculated,expert_excel_workbook,,,,,既有专家主导型工作簿,,0.0,0.0,既有专家主导型清单编制流程,
SRC-PWR-000064,POWER,OC,calculated,expert_excel_workbook,,,,,既有专家主导型工作簿,,63.35606348,63.35606348,既有专家主导型清单编制流程,
SRC-PWR-000064,POWER,NH3,calculated,expert_excel_workbook,,,,,既有专家主导型工作簿,,0.0,0.0,既有专家主导型清单编制流程,
SRC-PWR-000065,POWER,SO2,calculated,expert_excel_workbook,,,,,既有专家主导型工作簿,,0.050201145600000004,0.04016091648,既有专家主导型清单编制流程,
SRC-PWR-000065,POWER,NOx,calculated,expert_excel_workbook,,,,,既有专家主导型工作簿,,5.272148999999999,3.0578464199999997,既有专家主导型清单编制流程,
SRC-PWR-000065,POWER,CO,calculated,expert_excel_workbook,,,,,既有专家主导型工作簿,,1.6716570000000002,1.6716570000000002,既有专家主导型清单编制流程,
SRC-PWR-000065,POWER,VOC,calculated,expert_excel_workbook,,,,,既有专家主导型工作簿,,0.0385767,0.0005014971000000004,既有专家主导型清单编制流程,
SRC-PWR-000065,POWER,PM10,calculated,expert_excel_workbook,,,,,既有专家主导型工作簿,,0.0385767,0.001157301000000001,既有专家主导型清单编制流程,
SRC-PWR-000065,POWER,PM2.5,calculated,expert_excel_workbook,,,,,既有专家主导型工作簿,,0.0,0.0,既有专家主导型清单编制流程,
SRC-PWR-000065,POWER,BC,calculated,expert_excel_workbook,,,,,既有专家主导型工作簿,,0.0,0.0,既有专家主导型清单编制流程,
SRC-PWR-000065,POWER,OC,calculated,expert_excel_workbook,,,,,既有专家主导型工作簿,,0.0257178,0.0257178,既有专家主导型清单编制流程,
SRC-PWR-000065,POWER,NH3,calculated,expert_excel_workbook,,,,,既有专家主导型工作簿,,0.0,0.0,既有专家主导型清单编制流程,
SRC-PWR-000066,POWER,SO2,calculated,expert_excel_workbook,,,,,既有专家主导型工作簿,,19.65924648,2.7916130001600004,既有专家主导型清单编制流程,
SRC-PWR-000066,POWER,NOx,calculated,expert_excel_workbook,,,,,既有专家主导型工作簿,,1134.9332685,397.22664397499994,既有专家主导型清单编制流程,
SRC-PWR-000066,POWER,CO,calculated,expert_excel_workbook,,,,,既有专家主导型工作簿,,1092.8987029999998,1092.8987029999998,既有专家主导型清单编制流程,
SRC-PWR-000066,POWER,VOC,calculated,expert_excel_workbook,,,,,既有专家主导型工作簿,,25.220739299999998,0.05044147860000004,既有专家主导型清单编制流程,
SRC-PWR-000066,POWER,PM10,calculated,expert_excel_workbook,,,,,既有专家主导型工作簿,,25.220739299999998,0.10088295720000008,既有专家主导型清单编制流程,
SRC-PWR-000066,POWER,PM2.5,calculated,expert_excel_workbook,,,,,既有专家主导型工作簿,,0.0,0.0,既有专家主导型清单编制流程,
SRC-PWR-000066,POWER,BC,calculated,expert_excel_workbook,,,,,既有专家主导型工作簿,,0.0,0.0,既有专家主导型清单编制流程,
SRC-PWR-000066,POWER,OC,calculated,expert_excel_workbook,,,,,既有专家主导型工作簿,,41.304436,41.304436,既有专家主导型清单编制流程,
SRC-PWR-000066,POWER,NH3,calculated,expert_excel_workbook,,,,,既有专家主导型工作簿,,0.0,0.0,既有专家主导型清单编制流程,
SRC-PWR-000067,POWER,SO2,calculated,expert_excel_workbook,,,,,既有专家主导型工作簿,,1.67078778,0.23725186476000001,既有专家主导型清单编制流程,
SRC-PWR-000067,POWER,NOx,calculated,expert_excel_workbook,,,,,既有专家主导型工作簿,,93.86662050000001,32.853317175,既有专家主导型清单编制流程,
SRC-PWR-000067,POWER,CO,calculated,expert_excel_workbook,,,,,既有专家主导型工作簿,,90.39007900000001,90.39007900000001,既有专家主导型清单编制流程,
SRC-PWR-000067,POWER,VOC,calculated,expert_excel_workbook,,,,,既有专家主导型工作簿,,2.0859249,0.004171849800000004,既有专家主导型清单编制流程,
SRC-PWR-000067,POWER,PM10,calculated,expert_excel_workbook,,,,,既有专家主导型工作簿,,2.0859249,0.008343699600000008,既有专家主导型清单编制流程,
SRC-PWR-000067,POWER,PM2.5,calculated,expert_excel_workbook,,,,,既有专家主导型工作簿,,0.0,0.0,既有专家主导型清单编制流程,
SRC-PWR-000067,POWER,BC,calculated,expert_excel_workbook,,,,,既有专家主导型工作簿,,0.0,0.0,既有专家主导型清单编制流程,
SRC-PWR-000067,POWER,OC,calculated,expert_excel_workbook,,,,,既有专家主导型工作簿,,3.4089233,3.4089233,既有专家主导型清单编制流程,
SRC-PWR-000067,POWER,NH3,calculated,expert_excel_workbook,,,,,既有专家主导型工作簿,,0.0,0.0,既有专家主导型清单编制流程,
SRC-PWR-000068,POWER,SO2,calculated,expert_excel_workbook,,,,,既有专家主导型工作簿,,63.54193434,9.022954676280001,既有专家主导型清单编制流程,
SRC-PWR-000068,POWER,NOx,calculated,expert_excel_workbook,,,,,既有专家主导型工作簿,,2796.2262044999998,978.6791715749998,既有专家主导型清单编制流程,
SRC-PWR-000068,POWER,CO,calculated,expert_excel_workbook,,,,,既有专家主导型工作簿,,2692.662271,2692.662271,既有专家主导型清单编制流程,
SRC-PWR-000068,POWER,VOC,calculated,expert_excel_workbook,,,,,既有专家主导型工作簿,,62.13836009999999,0.1242767202000001,既有专家主导型清单编制流程,
SRC-PWR-000068,POWER,PM10,calculated,expert_excel_workbook,,,,,既有专家主导型工作簿,,62.13836009999999,0.2485534404000002,既有专家主导型清单编制流程,
SRC-PWR-000068,POWER,PM2.5,calculated,expert_excel_workbook,,,,,既有专家主导型工作簿,,0.0,0.0,既有专家主导型清单编制流程,
SRC-PWR-000068,POWER,BC,calculated,expert_excel_workbook,,,,,既有专家主导型工作簿,,0.0,0.0,既有专家主导型清单编制流程,
SRC-PWR-000068,POWER,OC,calculated,expert_excel_workbook,,,,,既有专家主导型工作簿,,99.3286241,99.3286241,既有专家主导型清单编制流程,
SRC-PWR-000068,POWER,NH3,calculated,expert_excel_workbook,,,,,既有专家主导型工作簿,,0.0,0.0,既有专家主导型清单编制流程,
SRC-PWR-000069,POWER,SO2,calculated,expert_excel_workbook,,,,,既有专家主导型工作簿,,64.83203927999999,9.20614957776,既有专家主导型清单编制流程,
SRC-PWR-000069,POWER,NOx,calculated,expert_excel_workbook,,,,,既有专家主导型工作簿,,2850.737058,997.7579703,既有专家主导型清单编制流程,
SRC-PWR-000069,POWER,CO,calculated,expert_excel_workbook,,,,,既有专家主导型工作簿,,2745.154204,2745.154204,既有专家主导型清单编制流程,
SRC-PWR-000069,POWER,VOC,calculated,expert_excel_workbook,,,,,既有专家主导型工作簿,,63.3497124,0.12669942480000013,既有专家主导型清单编制流程,
SRC-PWR-000069,POWER,PM10,calculated,expert_excel_workbook,,,,,既有专家主导型工作簿,,63.3497124,0.25339884960000025,既有专家主导型清单编制流程,
SRC-PWR-000069,POWER,PM2.5,calculated,expert_excel_workbook,,,,,既有专家主导型工作簿,,0.0,0.0,既有专家主导型清单编制流程,
SRC-PWR-000069,POWER,BC,calculated,expert_excel_workbook,,,,,既有专家主导型工作簿,,0.0,0.0,既有专家主导型清单编制流程,
SRC-PWR-000069,POWER,OC,calculated,expert_excel_workbook,,,,,既有专家主导型工作簿,,101.2566908,101.2566908,既有专家主导型清单编制流程,
SRC-PWR-000069,POWER,NH3,calculated,expert_excel_workbook,,,,,既有专家主导型工作簿,,0.0,0.0,既有专家主导型清单编制流程,
SRC-PWR-000070,POWER,SO2,calculated,expert_excel_workbook,,,,,既有专家主导型工作簿,,13213.5288,132.13528800000012,既有专家主导型清单编制流程,
SRC-PWR-000070,POWER,NOx,calculated,expert_excel_workbook,,,,,既有专家主导型工作簿,,7005.113429999999,1190.8692831,既有专家主导型清单编制流程,
SRC-PWR-000070,POWER,CO,calculated,expert_excel_workbook,,,,,既有专家主导型工作簿,,1943.166,1943.166,既有专家主导型清单编制流程,
SRC-PWR-000070,POWER,VOC,calculated,expert_excel_workbook,,,,,既有专家主导型工作簿,,31240.279782,187.4416786919967,既有专家主导型清单编制流程,
SRC-PWR-000070,POWER,PM10,calculated,expert_excel_workbook,,,,,既有专家主导型工作簿,,8149.638204,138.54384946800013,既有专家主导型清单编制流程,
SRC-PWR-000070,POWER,PM2.5,calculated,expert_excel_workbook,,,,,既有专家主导型工作簿,,16.299276408,0.27708769893600027,既有专家主导型清单编制流程,
SRC-PWR-000070,POWER,BC,calculated,expert_excel_workbook,,,,,既有专家主导型工作簿,,0.0,0.0,既有专家主导型清单编制流程,
SRC-PWR-000070,POWER,OC,calculated,expert_excel_workbook,,,,,既有专家主导型工作簿,,38.86332,38.86332,既有专家主导型清单编制流程,
SRC-PWR-000070,POWER,NH3,calculated,expert_excel_workbook,,,,,既有专家主导型工作簿,,0.0,0.0,既有专家主导型清单编制流程,
SRC-PWR-000071,POWER,SO2,calculated,expert_excel_workbook,,,,,既有专家主导型工作簿,,9716.879719999999,97.16879720000007,既有专家主导型清单编制流程,
SRC-PWR-000071,POWER,NOx,calculated,expert_excel_workbook,,,,,既有专家主导型工作簿,,4965.18092,844.0807564000002,既有专家主导型清单编制流程,
SRC-PWR-000071,POWER,CO,calculated,expert_excel_workbook,,,,,既有专家主导型工作簿,,1377.304,1377.304,既有专家主导型清单编制流程,
SRC-PWR-000071,POWER,VOC,calculated,expert_excel_workbook,,,,,既有专家主导型工作簿,,23330.841108000004,139.98504664799756,既有专家主导型清单编制流程,
SRC-PWR-000071,POWER,PM10,calculated,expert_excel_workbook,,,,,既有专家主导型工作簿,,6086.3063760000005,103.4672083920001,既有专家主导型清单编制流程,
SRC-PWR-000071,POWER,PM2.5,calculated,expert_excel_workbook,,,,,既有专家主导型工作簿,,12.172612752000001,0.2069344167840002,既有专家主导型清单编制流程,
SRC-PWR-000071,POWER,BC,calculated,expert_excel_workbook,,,,,既有专家主导型工作簿,,0.0,0.0,既有专家主导型清单编制流程,
SRC-PWR-000071,POWER,OC,calculated,expert_excel_workbook,,,,,既有专家主导型工作簿,,27.546080000000003,27.546080000000003,既有专家主导型清单编制流程,
SRC-PWR-000071,POWER,NH3,calculated,expert_excel_workbook,,,,,既有专家主导型工作簿,,0.0,0.0,既有专家主导型清单编制流程,
SRC-PWR-000072,POWER,SO2,calculated,expert_excel_workbook,,,,,既有专家主导型工作簿,,10701.013119999998,107.01013120000007,既有专家主导型清单编制流程,
SRC-PWR-000072,POWER,NOx,calculated,expert_excel_workbook,,,,,既有专家主导型工作簿,,4933.139679999999,838.6337456000001,既有专家主导型清单编制流程,
SRC-PWR-000072,POWER,CO,calculated,expert_excel_workbook,,,,,既有专家主导型工作簿,,1368.416,1368.416,既有专家主导型清单编制流程,
SRC-PWR-000072,POWER,VOC,calculated,expert_excel_workbook,,,,,既有专家主导型工作簿,,27275.780868,163.65468520799712,既有专家主导型清单编制流程,
SRC-PWR-000072,POWER,PM10,calculated,expert_excel_workbook,,,,,既有专家主导型工作簿,,7115.421096000001,120.96215863200013,既有专家主导型清单编制流程,
SRC-PWR-000072,POWER,PM2.5,calculated,expert_excel_workbook,,,,,既有专家主导型工作簿,,14.230842192000003,0.24192431726400027,既有专家主导型清单编制流程,
SRC-PWR-000072,POWER,BC,calculated,expert_excel_workbook,,,,,既有专家主导型工作簿,,0.0,0.0,既有专家主导型清单编制流程,
SRC-PWR-000072,POWER,OC,calculated,expert_excel_workbook,,,,,既有专家主导型工作簿,,27.36832,27.36832,既有专家主导型清单编制流程,
SRC-PWR-000072,POWER,NH3,calculated,expert_excel_workbook,,,,,既有专家主导型工作簿,,0.0,0.0,既有专家主导型清单编制流程,
SRC-PWR-000073,POWER,SO2,calculated,expert_excel_workbook,,,,,既有专家主导型工作簿,,8855.10926,88.55109260000008,既有专家主导型清单编制流程,
SRC-PWR-000073,POWER,NOx,calculated,expert_excel_workbook,,,,,既有专家主导型工作簿,,3995.32777,679.2057209000002,既有专家主导型清单编制流程,
SRC-PWR-000073,POWER,CO,calculated,expert_excel_workbook,,,,,既有专家主导型工作簿,,1108.274,1108.274,既有专家主导型清单编制流程,
SRC-PWR-000073,POWER,VOC,calculated,expert_excel_workbook,,,,,既有专家主导型工作簿,,22597.152723000003,135.58291633799763,既有专家主导型清单编制流程,
SRC-PWR-000073,POWER,PM10,calculated,expert_excel_workbook,,,,,既有专家主导型工作簿,,5894.909406,100.21345990200008,既有专家主导型清单编制流程,
SRC-PWR-000073,POWER,PM2.5,calculated,expert_excel_workbook,,,,,既有专家主导型工作簿,,11.789818812,0.20042691980400018,既有专家主导型清单编制流程,
SRC-PWR-000073,POWER,BC,calculated,expert_excel_workbook,,,,,既有专家主导型工作簿,,0.0,0.0,既有专家主导型清单编制流程,
SRC-PWR-000073,POWER,OC,calculated,expert_excel_workbook,,,,,既有专家主导型工作簿,,22.16548,22.16548,既有专家主导型清单编制流程,
SRC-PWR-000073,POWER,NH3,calculated,expert_excel_workbook,,,,,既有专家主导型工作簿,,0.0,0.0,既有专家主导型清单编制流程,
SRC-PWR-000074,POWER,SO2,calculated,expert_excel_workbook,,,,,既有专家主导型工作簿,,3273.6778099800003,163.68389049900017,既有专家主导型清单编制流程,
SRC-PWR-000074,POWER,NOx,calculated,expert_excel_workbook,,,,,既有专家主导型工作簿,,1092.03846528,218.36073740750828,既有专家主导型清单编制流程,
SRC-PWR-000074,POWER,CO,calculated,expert_excel_workbook,,,,,既有专家主导型工作簿,,243.758586,243.758586,既有专家主导型清单编制流程,
SRC-PWR-000074,POWER,VOC,calculated,expert_excel_workbook,,,,,既有专家主导型工作簿,,10122.241039488481,60.733446236929815,既有专家主导型清单编制流程,
SRC-PWR-000074,POWER,PM10,calculated,expert_excel_workbook,,,,,既有专家主导型工作簿,,2443.2995612558407,41.536092541349326,既有专家主导型清单编制流程,
SRC-PWR-000074,POWER,PM2.5,calculated,expert_excel_workbook,,,,,既有专家主导型工作簿,,4.886599122511681,0.08307218508269866,既有专家主导型清单编制流程,
SRC-PWR-000074,POWER,BC,calculated,expert_excel_workbook,,,,,既有专家主导型工作簿,,0.0,0.0,既有专家主导型清单编制流程,
SRC-PWR-000074,POWER,OC,calculated,expert_excel_workbook,,,,,既有专家主导型工作簿,,4.87517172,4.87517172,既有专家主导型清单编制流程,
SRC-PWR-000074,POWER,NH3,calculated,expert_excel_workbook,,,,,既有专家主导型工作簿,,0.0,0.0,既有专家主导型清单编制流程,
SRC-PWR-000075,POWER,SO2,calculated,expert_excel_workbook,,,,,既有专家主导型工作簿,,2212.26445882,110.6132229410001,既有专家主导型清单编制流程,
SRC-PWR-000075,POWER,NOx,calculated,expert_excel_workbook,,,,,既有专家主导型工作簿,,737.97057152,147.59282008425177,既有专家主导型清单编制流程,
SRC-PWR-000075,POWER,CO,calculated,expert_excel_workbook,,,,,既有专家主导型工作簿,,164.725574,164.725574,既有专家主导型清单编制流程,
SRC-PWR-000075,POWER,VOC,calculated,expert_excel_workbook,,,,,既有专家主导型工作簿,,6840.34147374032,41.0420488424412,既有专家主导型清单编制流程,
SRC-PWR-000075,POWER,PM10,calculated,expert_excel_workbook,,,,,既有专家主导型工作簿,,1651.11690745456,28.068987426727546,既有专家主导型清单编制流程,
SRC-PWR-000075,POWER,PM2.5,calculated,expert_excel_workbook,,,,,既有专家主导型工作簿,,3.3022338149091204,0.0561379748534551,既有专家主导型清单编制流程,
SRC-PWR-000075,POWER,BC,calculated,expert_excel_workbook,,,,,既有专家主导型工作簿,,0.0,0.0,既有专家主导型清单编制流程,
SRC-PWR-000075,POWER,OC,calculated,expert_excel_workbook,,,,,既有专家主导型工作簿,,3.29451148,3.29451148,既有专家主导型清单编制流程,
SRC-PWR-000075,POWER,NH3,calculated,expert_excel_workbook,,,,,既有专家主导型工作簿,,0.0,0.0,既有专家主导型清单编制流程,
SRC-PWR-000076,POWER,SO2,calculated,expert_excel_workbook,,,,,既有专家主导型工作簿,,5088.317319999999,106.85466371999951,既有专家主导型清单编制流程,
SRC-PWR-000076,POWER,NOx,calculated,expert_excel_workbook,,,,,既有专家主导型工作簿,,4151.20858,830.2417159999999,既有专家主导型清单编制流程,
SRC-PWR-000076,POWER,CO,calculated,expert_excel_workbook,,,,,既有专家主导型工作簿,,1151.289,1151.289,既有专家主导型清单编制流程,
SRC-PWR-000076,POWER,VOC,calculated,expert_excel_workbook,,,,,既有专家主导型工作簿,,13554.259204,81.32555522399856,既有专家主导型清单编制流程,
SRC-PWR-000076,POWER,PM10,calculated,expert_excel_workbook,,,,,既有专家主导型工作簿,,3271.7765320000008,55.62020104400006,既有专家主导型清单编制流程,
SRC-PWR-000076,POWER,PM2.5,calculated,expert_excel_workbook,,,,,既有专家主导型工作簿,,6.5449480640000015,0.11126411708800013,既有专家主导型清单编制流程,
SRC-PWR-000076,POWER,BC,calculated,expert_excel_workbook,,,,,既有专家主导型工作簿,,0.0062,0.0001054000000000001,既有专家主导型清单编制流程,
SRC-PWR-000076,POWER,OC,calculated,expert_excel_workbook,,,,,既有专家主导型工作簿,,23.04407,23.04407,既有专家主导型清单编制流程,
SRC-PWR-000076,POWER,NH3,calculated,expert_excel_workbook,,,,,既有专家主导型工作簿,,0.0,0.0,既有专家主导型清单编制流程,
SRC-PWR-000077,POWER,SO2,calculated,expert_excel_workbook,,,,,既有专家主导型工作簿,,3248.53307,68.21919446999969,既有专家主导型清单编制流程,
SRC-PWR-000077,POWER,NOx,calculated,expert_excel_workbook,,,,,既有专家主导型工作簿,,2418.15283,483.6305659999999,既有专家主导型清单编制流程,
SRC-PWR-000077,POWER,CO,calculated,expert_excel_workbook,,,,,既有专家主导型工作簿,,670.5712,670.5712,既有专家主导型清单编制流程,
SRC-PWR-000077,POWER,VOC,calculated,expert_excel_workbook,,,,,既有专家主导型工作簿,,8672.914687760001,52.03748812655909,既有专家主导型清单编制流程,
SRC-PWR-000077,POWER,PM10,calculated,expert_excel_workbook,,,,,既有专家主导型工作簿,,2093.5160280800005,35.58977247736004,既有专家主导型清单编制流程,
SRC-PWR-000077,POWER,PM2.5,calculated,expert_excel_workbook,,,,,既有专家主导型工作簿,,4.1883100561600015,0.07120127095472009,既有专家主导型清单编制流程,
SRC-PWR-000077,POWER,BC,calculated,expert_excel_workbook,,,,,既有专家主导型工作簿,,0.005679999999999999,9.656000000000008e-05,既有专家主导型清单编制流程,
SRC-PWR-000077,POWER,OC,calculated,expert_excel_workbook,,,,,既有专家主导型工作簿,,13.428180000000001,13.428180000000001,既有专家主导型清单编制流程,
SRC-PWR-000077,POWER,NH3,calculated,expert_excel_workbook,,,,,既有专家主导型工作簿,,0.0,0.0,既有专家主导型清单编制流程,
SRC-PWR-000078,POWER,SO2,calculated,expert_excel_workbook,,,,,既有专家主导型工作簿,,6643.726675500001,119.58708015900012,既有专家主导型清单编制流程,
SRC-PWR-000078,POWER,NOx,calculated,expert_excel_workbook,,,,,既有专家主导型工作簿,,5316.4560855,744.3038519700001,既有专家主导型清单编制流程,
SRC-PWR-000078,POWER,CO,calculated,expert_excel_workbook,,,,,既有专家主导型工作簿,,1474.7451,1474.7451,既有专家主导型清单编制流程,
SRC-PWR-000078,POWER,VOC,calculated,expert_excel_workbook,,,,,既有专家主导型工作簿,,15962.581972596001,95.77549183557431,既有专家主导型清单编制流程,
SRC-PWR-000078,POWER,PM10,calculated,expert_excel_workbook,,,,,既有专家主导型工作簿,,3853.037027868001,65.50162947375608,既有专家主导型清单编制流程,
SRC-PWR-000078,POWER,PM2.5,calculated,expert_excel_workbook,,,,,既有专家主导型工作簿,,7.706074055736003,0.13100325894751216,既有专家主导型清单编制流程,
SRC-PWR-000078,POWER,BC,calculated,expert_excel_workbook,,,,,既有专家主导型工作簿,,0.0,0.0,既有专家主导型清单编制流程,
SRC-PWR-000078,POWER,OC,calculated,expert_excel_workbook,,,,,既有专家主导型工作簿,,29.494902000000003,29.494902000000003,既有专家主导型清单编制流程,
SRC-PWR-000078,POWER,NH3,calculated,expert_excel_workbook,,,,,既有专家主导型工作簿,,0.0,0.0,既有专家主导型清单编制流程,
SRC-PWR-000079,POWER,SO2,calculated,expert_excel_workbook,,,,,既有专家主导型工作簿,,5639.6236254000005,101.5132252572001,既有专家主导型清单编制流程,
SRC-PWR-000079,POWER,NOx,calculated,expert_excel_workbook,,,,,既有专家主导型工作簿,,4689.929220200001,656.5900908280001,既有专家主导型清单编制流程,
SRC-PWR-000079,POWER,CO,calculated,expert_excel_workbook,,,,,既有专家主导型工作簿,,1300.95124,1300.95124,既有专家主导型清单编制流程,
SRC-PWR-000079,POWER,VOC,calculated,expert_excel_workbook,,,,,既有专家主导型工作簿,,12211.665023532802,73.26999014119552,既有专家主导型清单编制流程,
SRC-PWR-000079,POWER,PM10,calculated,expert_excel_workbook,,,,,既有专家主导型工作簿,,2947.643281542401,50.10993578622086,既有专家主导型清单编制流程,
SRC-PWR-000079,POWER,PM2.5,calculated,expert_excel_workbook,,,,,既有专家主导型工作簿,,5.895286563084802,0.10021987157244173,既有专家主导型清单编制流程,
SRC-PWR-000079,POWER,BC,calculated,expert_excel_workbook,,,,,既有专家主导型工作簿,,0.0,0.0,既有专家主导型清单编制流程,
SRC-PWR-000079,POWER,OC,calculated,expert_excel_workbook,,,,,既有专家主导型工作簿,,26.0190248,26.0190248,既有专家主导型清单编制流程,
SRC-PWR-000079,POWER,NH3,calculated,expert_excel_workbook,,,,,既有专家主导型工作簿,,0.0,0.0,既有专家主导型清单编制流程,
SRC-PWR-000080,POWER,SO2,calculated,expert_excel_workbook,,,,,既有专家主导型工作簿,,5.128732,5.128732,既有专家主导型清单编制流程,
SRC-PWR-000080,POWER,NOx,calculated,expert_excel_workbook,,,,,既有专家主导型工作簿,,525.69503,157.70850900000002,既有专家主导型清单编制流程,
SRC-PWR-000080,POWER,CO,calculated,expert_excel_workbook,,,,,既有专家主导型工作簿,,166.68379,166.68379,既有专家主导型清单编制流程,
SRC-PWR-000080,POWER,VOC,calculated,expert_excel_workbook,,,,,既有专家主导型工作簿,,3.846549,3.846549,既有专家主导型清单编制流程,
SRC-PWR-000080,POWER,PM10,calculated,expert_excel_workbook,,,,,既有专家主导型工作簿,,3.846549,3.846549,既有专家主导型清单编制流程,
SRC-PWR-000080,POWER,PM2.5,calculated,expert_excel_workbook,,,,,既有专家主导型工作簿,,0.0,0.0,既有专家主导型清单编制流程,
SRC-PWR-000080,POWER,BC,calculated,expert_excel_workbook,,,,,既有专家主导型工作簿,,0.0,0.0,既有专家主导型清单编制流程,
SRC-PWR-000080,POWER,OC,calculated,expert_excel_workbook,,,,,既有专家主导型工作簿,,2.564366,2.564366,既有专家主导型清单编制流程,
SRC-PWR-000080,POWER,NH3,calculated,expert_excel_workbook,,,,,既有专家主导型工作簿,,0.0,0.0,既有专家主导型清单编制流程,
SRC-PWR-000081,POWER,SO2,calculated,expert_excel_workbook,,,,,既有专家主导型工作簿,,6.139872,6.139872,既有专家主导型清单编制流程,
SRC-PWR-000081,POWER,NOx,calculated,expert_excel_workbook,,,,,既有专家主导型工作簿,,629.33688,188.80106400000003,既有专家主导型清单编制流程,
SRC-PWR-000081,POWER,CO,calculated,expert_excel_workbook,,,,,既有专家主导型工作簿,,199.54584000000003,199.54584000000003,既有专家主导型清单编制流程,
SRC-PWR-000081,POWER,VOC,calculated,expert_excel_workbook,,,,,既有专家主导型工作簿,,4.604904,4.604904,既有专家主导型清单编制流程,
SRC-PWR-000081,POWER,PM10,calculated,expert_excel_workbook,,,,,既有专家主导型工作簿,,4.604904,4.604904,既有专家主导型清单编制流程,
SRC-PWR-000081,POWER,PM2.5,calculated,expert_excel_workbook,,,,,既有专家主导型工作簿,,0.0,0.0,既有专家主导型清单编制流程,
SRC-PWR-000081,POWER,BC,calculated,expert_excel_workbook,,,,,既有专家主导型工作簿,,0.0,0.0,既有专家主导型清单编制流程,
SRC-PWR-000081,POWER,OC,calculated,expert_excel_workbook,,,,,既有专家主导型工作簿,,3.069936,3.069936,既有专家主导型清单编制流程,
SRC-PWR-000081,POWER,NH3,calculated,expert_excel_workbook,,,,,既有专家主导型工作簿,,0.0,0.0,既有专家主导型清单编制流程,
SRC-PWR-000082,POWER,SO2,calculated,expert_excel_workbook,,,,,既有专家主导型工作簿,,5612.367804999999,50.51131024500003,既有专家主导型清单编制流程,
SRC-PWR-000082,POWER,NOx,calculated,expert_excel_workbook,,,,,既有专家主导型工作簿,,4370.50097,489.49610863999993,既有专家主导型清单编制流程,
SRC-PWR-000082,POWER,CO,calculated,expert_excel_workbook,,,,,既有专家主导型工作簿,,1212.463,1212.463,既有专家主导型清单编制流程,
SRC-PWR-000082,POWER,VOC,calculated,expert_excel_workbook,,,,,既有专家主导型工作簿,,15047.025780000002,90.28215467999841,既有专家主导型清单编制流程,
SRC-PWR-000082,POWER,PM10,calculated,expert_excel_workbook,,,,,既有专家主导型工作簿,,3925.3272600000005,66.73056342000007,既有专家主导型清单编制流程,
SRC-PWR-000082,POWER,PM2.5,calculated,expert_excel_workbook,,,,,既有专家主导型工作簿,,7.850610720000001,0.13346038224000012,既有专家主导型清单编制流程,
SRC-PWR-000082,POWER,BC,calculated,expert_excel_workbook,,,,,既有专家主导型工作簿,,0.0,0.0,既有专家主导型清单编制流程,
SRC-PWR-000082,POWER,OC,calculated,expert_excel_workbook,,,,,既有专家主导型工作簿,,24.244880000000002,24.244880000000002,既有专家主导型清单编制流程,
SRC-PWR-000082,POWER,NH3,calculated,expert_excel_workbook,,,,,既有专家主导型工作簿,,0.0,0.0,既有专家主导型清单编制流程,
SRC-PWR-000083,POWER,SO2,calculated,expert_excel_workbook,,,,,既有专家主导型工作簿,,6224.543414999999,74.69452098000005,既有专家主导型清单编制流程,
SRC-PWR-000083,POWER,NOx,calculated,expert_excel_workbook,,,,,既有专家主导型工作簿,,4846.89451,523.46460708,既有专家主导型清单编制流程,
SRC-PWR-000083,POWER,CO,calculated,expert_excel_workbook,,,,,既有专家主导型工作簿,,1344.611,1344.611,既有专家主导型清单编制流程,
SRC-PWR-000083,POWER,VOC,calculated,expert_excel_workbook,,,,,既有专家主导型工作簿,,16688.30394,100.12982363999825,既有专家主导型清单编制流程,
SRC-PWR-000083,POWER,PM10,calculated,expert_excel_workbook,,,,,既有专家主导型工作簿,,4353.48678,74.00927526000007,既有专家主导型清单编制流程,
SRC-PWR-000083,POWER,PM2.5,calculated,expert_excel_workbook,,,,,既有专家主导型工作簿,,8.706929760000001,0.14801780592000016,既有专家主导型清单编制流程,
SRC-PWR-000083,POWER,BC,calculated,expert_excel_workbook,,,,,既有专家主导型工作簿,,0.0,0.0,既有专家主导型清单编制流程,
SRC-PWR-000083,POWER,OC,calculated,expert_excel_workbook,,,,,既有专家主导型工作簿,,26.887840000000004,26.887840000000004,既有专家主导型清单编制流程,
SRC-PWR-000083,POWER,NH3,calculated,expert_excel_workbook,,,,,既有专家主导型工作簿,,0.0,0.0,既有专家主导型清单编制流程,
SRC-PWR-000084,POWER,SO2,calculated,expert_excel_workbook,,,,,既有专家主导型工作簿,,6702.98888,80.43586656000006,既有专家主导型清单编制流程,
SRC-PWR-000084,POWER,NOx,calculated,expert_excel_workbook,,,,,既有专家主导型工作簿,,5218.3651199999995,589.6752585599999,既有专家主导型清单编制流程,
SRC-PWR-000084,POWER,CO,calculated,expert_excel_workbook,,,,,既有专家主导型工作簿,,1447.62,1447.62,既有专家主导型清单编制流程,
SRC-PWR-000084,POWER,VOC,calculated,expert_excel_workbook,,,,,既有专家主导型工作簿,,17971.060080000003,107.82636047999812,既有专家主导型清单编制流程,
SRC-PWR-000084,POWER,PM10,calculated,expert_excel_workbook,,,,,既有专家主导型工作簿,,4688.11416,79.69794072000008,既有专家主导型清单编制流程,
SRC-PWR-000084,POWER,PM2.5,calculated,expert_excel_workbook,,,,,既有专家主导型工作簿,,9.37619712,0.15939535104000016,既有专家主导型清单编制流程,
SRC-PWR-000084,POWER,BC,calculated,expert_excel_workbook,,,,,既有专家主导型工作簿,,0.0,0.0,既有专家主导型清单编制流程,
SRC-PWR-000084,POWER,OC,calculated,expert_excel_workbook,,,,,既有专家主导型工作簿,,28.94928,28.94928,既有专家主导型清单编制流程,
SRC-PWR-000084,POWER,NH3,calculated,expert_excel_workbook,,,,,既有专家主导型工作簿,,0.0,0.0,既有专家主导型清单编制流程,
SRC-PWR-000085,POWER,SO2,calculated,expert_excel_workbook,,,,,既有专家主导型工作簿,,6027.080999999999,72.32497200000006,既有专家主导型清单编制流程,
SRC-PWR-000085,POWER,NOx,calculated,expert_excel_workbook,,,,,既有专家主导型工作簿,,4691.6022,483.2350265999999,既有专家主导型清单编制流程,
SRC-PWR-000085,POWER,CO,calculated,expert_excel_workbook,,,,,既有专家主导型工作簿,,1301.469,1301.469,既有专家主导型清单编制流程,
SRC-PWR-000085,POWER,VOC,calculated,expert_excel_workbook,,,,,既有专家主导型工作簿,,16158.926700000002,96.95356019999831,既有专家主导型清单编制流程,
SRC-PWR-000085,POWER,PM10,calculated,expert_excel_workbook,,,,,既有专家主导型工作簿,,4215.3795,71.66145150000007,既有专家主导型清单编制流程,
SRC-PWR-000085,POWER,PM2.5,calculated,expert_excel_workbook,,,,,既有专家主导型工作簿,,8.4307392,0.14332256640000013,既有专家主导型清单编制流程,
SRC-PWR-000085,POWER,BC,calculated,expert_excel_workbook,,,,,既有专家主导型工作簿,,0.0,0.0,既有专家主导型清单编制流程,
SRC-PWR-000085,POWER,OC,calculated,expert_excel_workbook,,,,,既有专家主导型工作簿,,26.027399999999997,26.027399999999997,既有专家主导型清单编制流程,
SRC-PWR-000085,POWER,NH3,calculated,expert_excel_workbook,,,,,既有专家主导型工作簿,,0.0,0.0,既有专家主导型清单编制流程,
SRC-PWR-000086,POWER,SO2,calculated,expert_excel_workbook,,,,,既有专家主导型工作簿,,6945.090594999999,83.34108714000006,既有专家主导型清单编制流程,
SRC-PWR-000086,POWER,NOx,calculated,expert_excel_workbook,,,,,既有专家主导型工作簿,,5406.56463,535.2498983700004,既有专家主导型清单编制流程,
SRC-PWR-000086,POWER,CO,calculated,expert_excel_workbook,,,,,既有专家主导型工作簿,,1499.817,1499.817,既有专家主导型清单编制流程,
SRC-PWR-000086,POWER,VOC,calculated,expert_excel_workbook,,,,,既有专家主导型工作簿,,18620.152620000004,111.72091571999806,既有专家主导型清单编制流程,
SRC-PWR-000086,POWER,PM10,calculated,expert_excel_workbook,,,,,既有专家主导型工作簿,,4857.441540000001,82.57650618000008,既有专家主导型清单编制流程,
SRC-PWR-000086,POWER,PM2.5,calculated,expert_excel_workbook,,,,,既有专家主导型工作簿,,9.71485488,0.16515253296000015,既有专家主导型清单编制流程,
SRC-PWR-000086,POWER,BC,calculated,expert_excel_workbook,,,,,既有专家主导型工作簿,,0.0,0.0,既有专家主导型清单编制流程,
SRC-PWR-000086,POWER,OC,calculated,expert_excel_workbook,,,,,既有专家主导型工作簿,,29.993519999999997,29.993519999999997,既有专家主导型清单编制流程,
SRC-PWR-000086,POWER,NH3,calculated,expert_excel_workbook,,,,,既有专家主导型工作簿,,0.0,0.0,既有专家主导型清单编制流程,
SRC-PWR-000087,POWER,SO2,calculated,expert_excel_workbook,,,,,既有专家主导型工作簿,,7007.325199999999,84.08790240000006,既有专家主导型清单编制流程,
SRC-PWR-000087,POWER,NOx,calculated,expert_excel_workbook,,,,,既有专家主导型工作簿,,5455.158200000001,730.9911988000001,既有专家主导型清单编制流程,
SRC-PWR-000087,POWER,CO,calculated,expert_excel_workbook,,,,,既有专家主导型工作簿,,1513.303,1513.303,既有专家主导型清单编制流程,
SRC-PWR-000087,POWER,VOC,calculated,expert_excel_workbook,,,,,既有专家主导型工作簿,,18787.004100000002,112.72202459999802,既有专家主导型清单编制流程,
SRC-PWR-000087,POWER,PM10,calculated,expert_excel_workbook,,,,,既有专家主导型工作簿,,4900.968900000001,83.31647130000009,既有专家主导型清单编制流程,
SRC-PWR-000087,POWER,PM2.5,calculated,expert_excel_workbook,,,,,既有专家主导型工作簿,,9.801907200000002,0.16663242240000017,既有专家主导型清单编制流程,
SRC-PWR-000087,POWER,BC,calculated,expert_excel_workbook,,,,,既有专家主导型工作簿,,0.0,0.0,既有专家主导型清单编制流程,
SRC-PWR-000087,POWER,OC,calculated,expert_excel_workbook,,,,,既有专家主导型工作簿,,30.263,30.263,既有专家主导型清单编制流程,
SRC-PWR-000087,POWER,NH3,calculated,expert_excel_workbook,,,,,既有专家主导型工作簿,,0.0,0.0,既有专家主导型清单编制流程,
SRC-PWR-000088,POWER,SO2,calculated,expert_excel_workbook,,,,,既有专家主导型工作簿,,8.0540856,8.0540856,既有专家主导型清单编制流程,
SRC-PWR-000088,POWER,NOx,calculated,expert_excel_workbook,,,,,既有专家主导型工作簿,,825.543774,157.39493720634917,既有专家主导型清单编制流程,
SRC-PWR-000088,POWER,CO,calculated,expert_excel_workbook,,,,,既有专家主导型工作簿,,261.757782,261.757782,既有专家主导型清单编制流程,
SRC-PWR-000088,POWER,VOC,calculated,expert_excel_workbook,,,,,既有专家主导型工作簿,,6.0405642,6.0405642,既有专家主导型清单编制流程,
SRC-PWR-000088,POWER,PM10,calculated,expert_excel_workbook,,,,,既有专家主导型工作簿,,6.0405642,6.0405642,既有专家主导型清单编制流程,
SRC-PWR-000088,POWER,PM2.5,calculated,expert_excel_workbook,,,,,既有专家主导型工作簿,,0.0,0.0,既有专家主导型清单编制流程,
SRC-PWR-000088,POWER,BC,calculated,expert_excel_workbook,,,,,既有专家主导型工作簿,,0.0,0.0,既有专家主导型清单编制流程,
SRC-PWR-000088,POWER,OC,calculated,expert_excel_workbook,,,,,既有专家主导型工作簿,,4.0270428,4.0270428,既有专家主导型清单编制流程,
SRC-PWR-000088,POWER,NH3,calculated,expert_excel_workbook,,,,,既有专家主导型工作簿,,0.0,0.0,既有专家主导型清单编制流程,
SRC-PWR-000089,POWER,SO2,calculated,expert_excel_workbook,,,,,既有专家主导型工作簿,,10.8999144,10.8999144,既有专家主导型清单编制流程,
SRC-PWR-000089,POWER,NOx,calculated,expert_excel_workbook,,,,,既有专家主导型工作簿,,1117.2412259999999,206.94686166542797,既有专家主导型清单编制流程,
SRC-PWR-000089,POWER,CO,calculated,expert_excel_workbook,,,,,既有专家主导型工作簿,,354.247218,354.247218,既有专家主导型清单编制流程,
SRC-PWR-000089,POWER,VOC,calculated,expert_excel_workbook,,,,,既有专家主导型工作簿,,8.1749358,8.1749358,既有专家主导型清单编制流程,
SRC-PWR-000089,POWER,PM10,calculated,expert_excel_workbook,,,,,既有专家主导型工作簿,,8.1749358,8.1749358,既有专家主导型清单编制流程,
SRC-PWR-000089,POWER,PM2.5,calculated,expert_excel_workbook,,,,,既有专家主导型工作簿,,0.0,0.0,既有专家主导型清单编制流程,
SRC-PWR-000089,POWER,BC,calculated,expert_excel_workbook,,,,,既有专家主导型工作簿,,0.0,0.0,既有专家主导型清单编制流程,
SRC-PWR-000089,POWER,OC,calculated,expert_excel_workbook,,,,,既有专家主导型工作簿,,5.4499572,5.4499572,既有专家主导型清单编制流程,
SRC-PWR-000089,POWER,NH3,calculated,expert_excel_workbook,,,,,既有专家主导型工作簿,,0.0,0.0,既有专家主导型清单编制流程,
SRC-PWR-000090,POWER,SO2,calculated,expert_excel_workbook,,,,,既有专家主导型工作簿,,9.2283224,9.2283224,既有专家主导型清单编制流程,
SRC-PWR-000090,POWER,NOx,calculated,expert_excel_workbook,,,,,既有专家主导型工作簿,,945.9030459999999,170.1824206563504,既有专家主导型清单编制流程,
SRC-PWR-000090,POWER,CO,calculated,expert_excel_workbook,,,,,既有专家主导型工作簿,,299.920478,299.920478,既有专家主导型清单编制流程,
SRC-PWR-000090,POWER,VOC,calculated,expert_excel_workbook,,,,,既有专家主导型工作簿,,6.9212418,6.9212418,既有专家主导型清单编制流程,
SRC-PWR-000090,POWER,PM10,calculated,expert_excel_workbook,,,,,既有专家主导型工作簿,,6.9212418,6.9212418,既有专家主导型清单编制流程,
SRC-PWR-000090,POWER,PM2.5,calculated,expert_excel_workbook,,,,,既有专家主导型工作簿,,0.0,0.0,既有专家主导型清单编制流程,
SRC-PWR-000090,POWER,BC,calculated,expert_excel_workbook,,,,,既有专家主导型工作簿,,0.0,0.0,既有专家主导型清单编制流程,
SRC-PWR-000090,POWER,OC,calculated,expert_excel_workbook,,,,,既有专家主导型工作簿,,4.6141612,4.6141612,既有专家主导型清单编制流程,
SRC-PWR-000090,POWER,NH3,calculated,expert_excel_workbook,,,,,既有专家主导型工作簿,,0.0,0.0,既有专家主导型清单编制流程,
SRC-PWR-000091,POWER,SO2,calculated,expert_excel_workbook,,,,,既有专家主导型工作簿,,2.189404,2.189404,既有专家主导型清单编制流程,
SRC-PWR-000091,POWER,NOx,calculated,expert_excel_workbook,,,,,既有专家主导型工作簿,,224.41391,130.1600678,既有专家主导型清单编制流程,
SRC-PWR-000091,POWER,CO,calculated,expert_excel_workbook,,,,,既有专家主导型工作簿,,71.15563,71.15563,既有专家主导型清单编制流程,
SRC-PWR-000091,POWER,VOC,calculated,expert_excel_workbook,,,,,既有专家主导型工作簿,,1.642053,1.642053,既有专家主导型清单编制流程,
SRC-PWR-000091,POWER,PM10,calculated,expert_excel_workbook,,,,,既有专家主导型工作簿,,1.642053,1.642053,既有专家主导型清单编制流程,
SRC-PWR-000091,POWER,PM2.5,calculated,expert_excel_workbook,,,,,既有专家主导型工作簿,,0.0,0.0,既有专家主导型清单编制流程,
SRC-PWR-000091,POWER,BC,calculated,expert_excel_workbook,,,,,既有专家主导型工作簿,,0.0,0.0,既有专家主导型清单编制流程,
SRC-PWR-000091,POWER,OC,calculated,expert_excel_workbook,,,,,既有专家主导型工作簿,,1.094702,1.094702,既有专家主导型清单编制流程,
SRC-PWR-000091,POWER,NH3,calculated,expert_excel_workbook,,,,,既有专家主导型工作簿,,0.0,0.0,既有专家主导型清单编制流程,
SRC-PWR-000092,POWER,SO2,calculated,expert_excel_workbook,,,,,既有专家主导型工作簿,,2.318956,2.318956,既有专家主导型清单编制流程,
SRC-PWR-000092,POWER,NOx,calculated,expert_excel_workbook,,,,,既有专家主导型工作簿,,237.69299,137.86193420000004,既有专家主导型清单编制流程,
SRC-PWR-000092,POWER,CO,calculated,expert_excel_workbook,,,,,既有专家主导型工作簿,,75.36607000000002,75.36607000000002,既有专家主导型清单编制流程,
SRC-PWR-000092,POWER,VOC,calculated,expert_excel_workbook,,,,,既有专家主导型工作簿,,1.7392170000000002,1.7392170000000002,既有专家主导型清单编制流程,
SRC-PWR-000092,POWER,PM10,calculated,expert_excel_workbook,,,,,既有专家主导型工作簿,,1.7392170000000002,1.7392170000000002,既有专家主导型清单编制流程,
SRC-PWR-000092,POWER,PM2.5,calculated,expert_excel_workbook,,,,,既有专家主导型工作簿,,0.0,0.0,既有专家主导型清单编制流程,
SRC-PWR-000092,POWER,BC,calculated,expert_excel_workbook,,,,,既有专家主导型工作簿,,0.0,0.0,既有专家主导型清单编制流程,
SRC-PWR-000092,POWER,OC,calculated,expert_excel_workbook,,,,,既有专家主导型工作簿,,1.1594780000000002,1.1594780000000002,既有专家主导型清单编制流程,
SRC-PWR-000092,POWER,NH3,calculated,expert_excel_workbook,,,,,既有专家主导型工作簿,,0.0,0.0,既有专家主导型清单编制流程,
SRC-PWR-000093,POWER,SO2,calculated,expert_excel_workbook,,,,,既有专家主导型工作簿,,2.4626,2.4626,既有专家主导型清单编制流程,
SRC-PWR-000093,POWER,NOx,calculated,expert_excel_workbook,,,,,既有专家主导型工作簿,,252.41649999999996,146.40157,既有专家主导型清单编制流程,
SRC-PWR-000093,POWER,CO,calculated,expert_excel_workbook,,,,,既有专家主导型工作簿,,80.0345,80.0345,既有专家主导型清单编制流程,
SRC-PWR-000093,POWER,VOC,calculated,expert_excel_workbook,,,,,既有专家主导型工作簿,,1.84695,1.84695,既有专家主导型清单编制流程,
SRC-PWR-000093,POWER,PM10,calculated,expert_excel_workbook,,,,,既有专家主导型工作簿,,1.84695,1.84695,既有专家主导型清单编制流程,
SRC-PWR-000093,POWER,PM2.5,calculated,expert_excel_workbook,,,,,既有专家主导型工作簿,,0.0,0.0,既有专家主导型清单编制流程,
SRC-PWR-000093,POWER,BC,calculated,expert_excel_workbook,,,,,既有专家主导型工作簿,,0.0,0.0,既有专家主导型清单编制流程,
SRC-PWR-000093,POWER,OC,calculated,expert_excel_workbook,,,,,既有专家主导型工作簿,,1.2313,1.2313,既有专家主导型清单编制流程,
SRC-PWR-000093,POWER,NH3,calculated,expert_excel_workbook,,,,,既有专家主导型工作簿,,0.0,0.0,既有专家主导型清单编制流程,
SRC-PWR-000094,POWER,SO2,calculated,expert_excel_workbook,,,,,既有专家主导型工作簿,,0.22,0.22,既有专家主导型清单编制流程,
SRC-PWR-000094,POWER,NOx,calculated,expert_excel_workbook,,,,,既有专家主导型工作簿,,22.55,3.3825000000000007,既有专家主导型清单编制流程,
SRC-PWR-000094,POWER,CO,calculated,expert_excel_workbook,,,,,既有专家主导型工作簿,,7.15,7.15,既有专家主导型清单编制流程,
SRC-PWR-000094,POWER,VOC,calculated,expert_excel_workbook,,,,,既有专家主导型工作簿,,0.165,0.165,既有专家主导型清单编制流程,
SRC-PWR-000094,POWER,PM10,calculated,expert_excel_workbook,,,,,既有专家主导型工作簿,,0.165,0.165,既有专家主导型清单编制流程,
SRC-PWR-000094,POWER,PM2.5,calculated,expert_excel_workbook,,,,,既有专家主导型工作簿,,0.0,0.0,既有专家主导型清单编制流程,
SRC-PWR-000094,POWER,BC,calculated,expert_excel_workbook,,,,,既有专家主导型工作簿,,0.0,0.0,既有专家主导型清单编制流程,
SRC-PWR-000094,POWER,OC,calculated,expert_excel_workbook,,,,,既有专家主导型工作簿,,0.11,0.11,既有专家主导型清单编制流程,
SRC-PWR-000094,POWER,NH3,calculated,expert_excel_workbook,,,,,既有专家主导型工作簿,,0.0,0.0,既有专家主导型清单编制流程,
SRC-PWR-000095,POWER,SO2,calculated,expert_excel_workbook,,,,,既有专家主导型工作簿,,0.22,0.22,既有专家主导型清单编制流程,
SRC-PWR-000095,POWER,NOx,calculated,expert_excel_workbook,,,,,既有专家主导型工作簿,,22.55,3.3825000000000007,既有专家主导型清单编制流程,
SRC-PWR-000095,POWER,CO,calculated,expert_excel_workbook,,,,,既有专家主导型工作簿,,7.15,7.15,既有专家主导型清单编制流程,
SRC-PWR-000095,POWER,VOC,calculated,expert_excel_workbook,,,,,既有专家主导型工作簿,,0.165,0.165,既有专家主导型清单编制流程,
SRC-PWR-000095,POWER,PM10,calculated,expert_excel_workbook,,,,,既有专家主导型工作簿,,0.165,0.165,既有专家主导型清单编制流程,
SRC-PWR-000095,POWER,PM2.5,calculated,expert_excel_workbook,,,,,既有专家主导型工作簿,,0.0,0.0,既有专家主导型清单编制流程,
SRC-PWR-000095,POWER,BC,calculated,expert_excel_workbook,,,,,既有专家主导型工作簿,,0.0,0.0,既有专家主导型清单编制流程,
SRC-PWR-000095,POWER,OC,calculated,expert_excel_workbook,,,,,既有专家主导型工作簿,,0.11,0.11,既有专家主导型清单编制流程,
SRC-PWR-000095,POWER,NH3,calculated,expert_excel_workbook,,,,,既有专家主导型工作簿,,0.0,0.0,既有专家主导型清单编制流程,
SRC-PWR-000096,POWER,SO2,calculated,expert_excel_workbook,,,,,既有专家主导型工作簿,,0.22,0.22,既有专家主导型清单编制流程,
SRC-PWR-000096,POWER,NOx,calculated,expert_excel_workbook,,,,,既有专家主导型工作簿,,22.55,3.3825000000000007,既有专家主导型清单编制流程,
SRC-PWR-000096,POWER,CO,calculated,expert_excel_workbook,,,,,既有专家主导型工作簿,,7.15,7.15,既有专家主导型清单编制流程,
SRC-PWR-000096,POWER,VOC,calculated,expert_excel_workbook,,,,,既有专家主导型工作簿,,0.165,0.165,既有专家主导型清单编制流程,
SRC-PWR-000096,POWER,PM10,calculated,expert_excel_workbook,,,,,既有专家主导型工作簿,,0.165,0.165,既有专家主导型清单编制流程,
SRC-PWR-000096,POWER,PM2.5,calculated,expert_excel_workbook,,,,,既有专家主导型工作簿,,0.0,0.0,既有专家主导型清单编制流程,
SRC-PWR-000096,POWER,BC,calculated,expert_excel_workbook,,,,,既有专家主导型工作簿,,0.0,0.0,既有专家主导型清单编制流程,
SRC-PWR-000096,POWER,OC,calculated,expert_excel_workbook,,,,,既有专家主导型工作簿,,0.11,0.11,既有专家主导型清单编制流程,
SRC-PWR-000096,POWER,NH3,calculated,expert_excel_workbook,,,,,既有专家主导型工作簿,,0.0,0.0,既有专家主导型清单编制流程,
SRC-PWR-000097,POWER,SO2,calculated,expert_excel_workbook,,,,,既有专家主导型工作簿,,1.980737066,1.980737066,既有专家主导型清单编制流程,
SRC-PWR-000097,POWER,NOx,calculated,expert_excel_workbook,,,,,既有专家主导型工作簿,,240.69418999999996,84.24425784712162,既有专家主导型清单编制流程,
SRC-PWR-000097,POWER,CO,calculated,expert_excel_workbook,,,,,既有专家主导型工作簿,,76.31767,76.31767,既有专家主导型清单编制流程,
SRC-PWR-000097,POWER,VOC,calculated,expert_excel_workbook,,,,,既有专家主导型工作簿,,1.7611769999999998,1.7611769999999998,既有专家主导型清单编制流程,
SRC-PWR-000097,POWER,PM10,calculated,expert_excel_workbook,,,,,既有专家主导型工作簿,,1.7611769999999998,1.7611769999999998,既有专家主导型清单编制流程,
SRC-PWR-000097,POWER,PM2.5,calculated,expert_excel_workbook,,,,,既有专家主导型工作簿,,0.0,0.0,既有专家主导型清单编制流程,
SRC-PWR-000097,POWER,BC,calculated,expert_excel_workbook,,,,,既有专家主导型工作簿,,0.0,0.0,既有专家主导型清单编制流程,
SRC-PWR-000097,POWER,OC,calculated,expert_excel_workbook,,,,,既有专家主导型工作簿,,1.174118,1.174118,既有专家主导型清单编制流程,
SRC-PWR-000097,POWER,NH3,calculated,expert_excel_workbook,,,,,既有专家主导型工作簿,,0.0,0.0,既有专家主导型清单编制流程,
SRC-PWR-000098,POWER,SO2,calculated,expert_excel_workbook,,,,,既有专家主导型工作簿,,3.2043863208000003,3.2043863208000003,既有专家主导型清单编制流程,
SRC-PWR-000098,POWER,NOx,calculated,expert_excel_workbook,,,,,既有专家主导型工作簿,,389.38897199999997,136.28420319841482,既有专家主导型清单编制流程,
SRC-PWR-000098,POWER,CO,calculated,expert_excel_workbook,,,,,既有专家主导型工作簿,,123.464796,123.464796,既有专家主导型清单编制流程,
SRC-PWR-000098,POWER,VOC,calculated,expert_excel_workbook,,,,,既有专家主导型工作簿,,2.8491875999999996,2.8491875999999996,既有专家主导型清单编制流程,
SRC-PWR-000098,POWER,PM10,calculated,expert_excel_workbook,,,,,既有专家主导型工作簿,,2.8491875999999996,2.8491875999999996,既有专家主导型清单编制流程,
SRC-PWR-000098,POWER,PM2.5,calculated,expert_excel_workbook,,,,,既有专家主导型工作簿,,0.0,0.0,既有专家主导型清单编制流程,
SRC-PWR-000098,POWER,BC,calculated,expert_excel_workbook,,,,,既有专家主导型工作簿,,0.0,0.0,既有专家主导型清单编制流程,
SRC-PWR-000098,POWER,OC,calculated,expert_excel_workbook,,,,,既有专家主导型工作簿,,1.8994584,1.8994584,既有专家主导型清单编制流程,
SRC-PWR-000098,POWER,NH3,calculated,expert_excel_workbook,,,,,既有专家主导型工作簿,,0.0,0.0,既有专家主导型清单编制流程,
SRC-PWR-000099,POWER,SO2,calculated,expert_excel_workbook,,,,,既有专家主导型工作簿,,3.994723104,3.994723104,既有专家主导型清单编制流程,
SRC-PWR-000099,POWER,NOx,calculated,expert_excel_workbook,,,,,既有专家主导型工作簿,,419.527785,243.32611530000003,既有专家主导型清单编制流程,
SRC-PWR-000099,POWER,CO,calculated,expert_excel_workbook,,,,,既有专家主导型工作簿,,133.021005,133.021005,既有专家主导型清单编制流程,
SRC-PWR-000099,POWER,VOC,calculated,expert_excel_workbook,,,,,既有专家主导型工作簿,,3.0697155,3.0697155,既有专家主导型清单编制流程,
SRC-PWR-000099,POWER,PM10,calculated,expert_excel_workbook,,,,,既有专家主导型工作簿,,3.0697155,3.0697155,既有专家主导型清单编制流程,
SRC-PWR-000099,POWER,PM2.5,calculated,expert_excel_workbook,,,,,既有专家主导型工作簿,,0.0,0.0,既有专家主导型清单编制流程,
SRC-PWR-000099,POWER,BC,calculated,expert_excel_workbook,,,,,既有专家主导型工作簿,,0.0,0.0,既有专家主导型清单编制流程,
SRC-PWR-000099,POWER,OC,calculated,expert_excel_workbook,,,,,既有专家主导型工作簿,,2.0464770000000003,2.0464770000000003,既有专家主导型清单编制流程,
SRC-PWR-000099,POWER,NH3,calculated,expert_excel_workbook,,,,,既有专家主导型工作簿,,0.0,0.0,既有专家主导型清单编制流程,
SRC-PWR-000100,POWER,SO2,calculated,expert_excel_workbook,,,,,既有专家主导型工作簿,,3.7581953599999993,3.7581953599999993,既有专家主导型清单编制流程,
SRC-PWR-000100,POWER,NOx,calculated,expert_excel_workbook,,,,,既有专家主导型工作簿,,394.68752499999994,228.91876449999998,既有专家主导型清单编制流程,
SRC-PWR-000100,POWER,CO,calculated,expert_excel_workbook,,,,,既有专家主导型工作簿,,125.144825,125.144825,既有专家主导型清单编制流程,
SRC-PWR-000100,POWER,VOC,calculated,expert_excel_workbook,,,,,既有专家主导型工作簿,,2.8879575,2.8879575,既有专家主导型清单编制流程,
SRC-PWR-000100,POWER,PM10,calculated,expert_excel_workbook,,,,,既有专家主导型工作簿,,2.8879575,2.8879575,既有专家主导型清单编制流程,
SRC-PWR-000100,POWER,PM2.5,calculated,expert_excel_workbook,,,,,既有专家主导型工作簿,,0.0,0.0,既有专家主导型清单编制流程,
SRC-PWR-000100,POWER,BC,calculated,expert_excel_workbook,,,,,既有专家主导型工作簿,,0.0,0.0,既有专家主导型清单编制流程,
SRC-PWR-000100,POWER,OC,calculated,expert_excel_workbook,,,,,既有专家主导型工作簿,,1.925305,1.925305,既有专家主导型清单编制流程,
SRC-PWR-000100,POWER,NH3,calculated,expert_excel_workbook,,,,,既有专家主导型工作簿,,0.0,0.0,既有专家主导型清单编制流程,
SRC-PWR-000101,POWER,SO2,calculated,expert_excel_workbook,,,,,既有专家主导型工作簿,,4.52924512,4.52924512,既有专家主导型清单编制流程,
SRC-PWR-000101,POWER,NOx,calculated,expert_excel_workbook,,,,,既有专家主导型工作簿,,475.66354999999993,92.72114035258583,既有专家主导型清单编制流程,
SRC-PWR-000101,POWER,CO,calculated,expert_excel_workbook,,,,,既有专家主导型工作簿,,150.82015,150.82015,既有专家主导型清单编制流程,
SRC-PWR-000101,POWER,VOC,calculated,expert_excel_workbook,,,,,既有专家主导型工作簿,,3.480465,3.480465,既有专家主导型清单编制流程,
SRC-PWR-000101,POWER,PM10,calculated,expert_excel_workbook,,,,,既有专家主导型工作簿,,3.480465,3.480465,既有专家主导型清单编制流程,
SRC-PWR-000101,POWER,PM2.5,calculated,expert_excel_workbook,,,,,既有专家主导型工作簿,,0.0,0.0,既有专家主导型清单编制流程,
SRC-PWR-000101,POWER,BC,calculated,expert_excel_workbook,,,,,既有专家主导型工作簿,,0.0,0.0,既有专家主导型清单编制流程,
SRC-PWR-000101,POWER,OC,calculated,expert_excel_workbook,,,,,既有专家主导型工作簿,,2.32031,2.32031,既有专家主导型清单编制流程,
SRC-PWR-000101,POWER,NH3,calculated,expert_excel_workbook,,,,,既有专家主导型工作簿,,0.0,0.0,既有专家主导型清单编制流程,
SRC-PWR-000102,POWER,SO2,calculated,expert_excel_workbook,,,,,既有专家主导型工作簿,,4.504380544,4.504380544,既有专家主导型清单编制流程,
SRC-PWR-000102,POWER,NOx,calculated,expert_excel_workbook,,,,,既有专家主导型工作簿,,473.05225999999993,84.63099955572537,既有专家主导型清单编制流程,
SRC-PWR-000102,POWER,CO,calculated,expert_excel_workbook,,,,,既有专家主导型工作簿,,149.99218,149.99218,既有专家主导型清单编制流程,
SRC-PWR-000102,POWER,VOC,calculated,expert_excel_workbook,,,,,既有专家主导型工作簿,,3.461358,3.461358,既有专家主导型清单编制流程,
SRC-PWR-000102,POWER,PM10,calculated,expert_excel_workbook,,,,,既有专家主导型工作簿,,3.461358,3.461358,既有专家主导型清单编制流程,
SRC-PWR-000102,POWER,PM2.5,calculated,expert_excel_workbook,,,,,既有专家主导型工作簿,,0.0,0.0,既有专家主导型清单编制流程,
SRC-PWR-000102,POWER,BC,calculated,expert_excel_workbook,,,,,既有专家主导型工作簿,,0.0,0.0,既有专家主导型清单编制流程,
SRC-PWR-000102,POWER,OC,calculated,expert_excel_workbook,,,,,既有专家主导型工作簿,,2.307572,2.307572,既有专家主导型清单编制流程,
SRC-PWR-000102,POWER,NH3,calculated,expert_excel_workbook,,,,,既有专家主导型工作簿,,0.0,0.0,既有专家主导型清单编制流程,
SRC-PWR-000103,POWER,SO2,calculated,expert_excel_workbook,,,,,既有专家主导型工作簿,,4.739171008,4.739171008,既有专家主导型清单编制流程,
SRC-PWR-000103,POWER,NOx,calculated,expert_excel_workbook,,,,,既有专家主导型工作簿,,497.71007,104.55627290239937,既有专家主导型清单编制流程,
SRC-PWR-000103,POWER,CO,calculated,expert_excel_workbook,,,,,既有专家主导型工作簿,,157.81051,157.81051,既有专家主导型清单编制流程,
SRC-PWR-000103,POWER,VOC,calculated,expert_excel_workbook,,,,,既有专家主导型工作簿,,3.6417809999999995,3.6417809999999995,既有专家主导型清单编制流程,
SRC-PWR-000103,POWER,PM10,calculated,expert_excel_workbook,,,,,既有专家主导型工作簿,,3.6417809999999995,3.6417809999999995,既有专家主导型清单编制流程,
SRC-PWR-000103,POWER,PM2.5,calculated,expert_excel_workbook,,,,,既有专家主导型工作簿,,0.0,0.0,既有专家主导型清单编制流程,
SRC-PWR-000103,POWER,BC,calculated,expert_excel_workbook,,,,,既有专家主导型工作簿,,0.0,0.0,既有专家主导型清单编制流程,
SRC-PWR-000103,POWER,OC,calculated,expert_excel_workbook,,,,,既有专家主导型工作簿,,2.427854,2.427854,既有专家主导型清单编制流程,
SRC-PWR-000103,POWER,NH3,calculated,expert_excel_workbook,,,,,既有专家主导型工作簿,,0.0,0.0,既有专家主导型清单编制流程,
SRC-PWR-000104,POWER,SO2,calculated,expert_excel_workbook,,,,,既有专家主导型工作簿,,3.2492992,3.2492992,既有专家主导型清单编制流程,
SRC-PWR-000104,POWER,NOx,calculated,expert_excel_workbook,,,,,既有专家主导型工作簿,,341.24299999999994,197.92094,既有专家主导型清单编制流程,
SRC-PWR-000104,POWER,CO,calculated,expert_excel_workbook,,,,,既有专家主导型工作簿,,108.199,108.199,既有专家主导型清单编制流程,
SRC-PWR-000104,POWER,VOC,calculated,expert_excel_workbook,,,,,既有专家主导型工作簿,,2.4969,2.4969,既有专家主导型清单编制流程,
SRC-PWR-000104,POWER,PM10,calculated,expert_excel_workbook,,,,,既有专家主导型工作簿,,2.4969,2.4969,既有专家主导型清单编制流程,
SRC-PWR-000104,POWER,PM2.5,calculated,expert_excel_workbook,,,,,既有专家主导型工作簿,,0.0,0.0,既有专家主导型清单编制流程,
SRC-PWR-000104,POWER,BC,calculated,expert_excel_workbook,,,,,既有专家主导型工作簿,,0.0,0.0,既有专家主导型清单编制流程,
SRC-PWR-000104,POWER,OC,calculated,expert_excel_workbook,,,,,既有专家主导型工作簿,,1.6646,1.6646,既有专家主导型清单编制流程,
SRC-PWR-000104,POWER,NH3,calculated,expert_excel_workbook,,,,,既有专家主导型工作簿,,0.0,0.0,既有专家主导型清单编制流程,
SRC-PWR-000105,POWER,SO2,calculated,expert_excel_workbook,,,,,既有专家主导型工作簿,,4.4845248,4.4845248,既有专家主导型清单编制流程,
SRC-PWR-000105,POWER,NOx,calculated,expert_excel_workbook,,,,,既有专家主导型工作簿,,470.967,273.16086,既有专家主导型清单编制流程,
SRC-PWR-000105,POWER,CO,calculated,expert_excel_workbook,,,,,既有专家主导型工作簿,,149.331,149.331,既有专家主导型清单编制流程,
SRC-PWR-000105,POWER,VOC,calculated,expert_excel_workbook,,,,,既有专家主导型工作簿,,3.4461,3.4461,既有专家主导型清单编制流程,
SRC-PWR-000105,POWER,PM10,calculated,expert_excel_workbook,,,,,既有专家主导型工作簿,,3.4461,3.4461,既有专家主导型清单编制流程,
SRC-PWR-000105,POWER,PM2.5,calculated,expert_excel_workbook,,,,,既有专家主导型工作簿,,0.0,0.0,既有专家主导型清单编制流程,
SRC-PWR-000105,POWER,BC,calculated,expert_excel_workbook,,,,,既有专家主导型工作簿,,0.0,0.0,既有专家主导型清单编制流程,
SRC-PWR-000105,POWER,OC,calculated,expert_excel_workbook,,,,,既有专家主导型工作簿,,2.2974,2.2974,既有专家主导型清单编制流程,
SRC-PWR-000105,POWER,NH3,calculated,expert_excel_workbook,,,,,既有专家主导型工作簿,,0.0,0.0,既有专家主导型清单编制流程,
SRC-PWR-000106,POWER,SO2,calculated,expert_excel_workbook,,,,,既有专家主导型工作簿,,1.4686848,1.4686848,既有专家主导型清单编制流程,
SRC-PWR-000106,POWER,NOx,calculated,expert_excel_workbook,,,,,既有专家主导型工作簿,,154.242,89.46036000000001,既有专家主导型清单编制流程,
SRC-PWR-000106,POWER,CO,calculated,expert_excel_workbook,,,,,既有专家主导型工作簿,,48.906,48.906,既有专家主导型清单编制流程,
SRC-PWR-000106,POWER,VOC,calculated,expert_excel_workbook,,,,,既有专家主导型工作簿,,1.1286,1.1286,既有专家主导型清单编制流程,
SRC-PWR-000106,POWER,PM10,calculated,expert_excel_workbook,,,,,既有专家主导型工作簿,,1.1286,1.1286,既有专家主导型清单编制流程,
SRC-PWR-000106,POWER,PM2.5,calculated,expert_excel_workbook,,,,,既有专家主导型工作簿,,0.0,0.0,既有专家主导型清单编制流程,
SRC-PWR-000106,POWER,BC,calculated,expert_excel_workbook,,,,,既有专家主导型工作簿,,0.0,0.0,既有专家主导型清单编制流程,
SRC-PWR-000106,POWER,OC,calculated,expert_excel_workbook,,,,,既有专家主导型工作簿,,0.7524,0.7524,既有专家主导型清单编制流程,
SRC-PWR-000106,POWER,NH3,calculated,expert_excel_workbook,,,,,既有专家主导型工作簿,,0.0,0.0,既有专家主导型清单编制流程,
SRC-PWR-000107,POWER,SO2,calculated,expert_excel_workbook,,,,,既有专家主导型工作簿,,8.074455808,8.074455808,既有专家主导型清单编制流程,
SRC-PWR-000107,POWER,NOx,calculated,expert_excel_workbook,,,,,既有专家主导型工作簿,,847.98332,276.1463034178507,既有专家主导型清单编制流程,
SRC-PWR-000107,POWER,CO,calculated,expert_excel_workbook,,,,,既有专家主导型工作簿,,268.87276,268.87276,既有专家主导型清单编制流程,
SRC-PWR-000107,POWER,VOC,calculated,expert_excel_workbook,,,,,既有专家主导型工作簿,,6.204756,6.204756,既有专家主导型清单编制流程,
SRC-PWR-000107,POWER,PM10,calculated,expert_excel_workbook,,,,,既有专家主导型工作簿,,6.204756,6.204756,既有专家主导型清单编制流程,
SRC-PWR-000107,POWER,PM2.5,calculated,expert_excel_workbook,,,,,既有专家主导型工作簿,,0.0,0.0,既有专家主导型清单编制流程,
SRC-PWR-000107,POWER,BC,calculated,expert_excel_workbook,,,,,既有专家主导型工作簿,,0.0,0.0,既有专家主导型清单编制流程,
SRC-PWR-000107,POWER,OC,calculated,expert_excel_workbook,,,,,既有专家主导型工作簿,,4.136504,4.136504,既有专家主导型清单编制流程,
SRC-PWR-000107,POWER,NH3,calculated,expert_excel_workbook,,,,,既有专家主导型工作簿,,0.0,0.0,既有专家主导型清单编制流程,
SRC-PWR-000108,POWER,SO2,calculated,expert_excel_workbook,,,,,既有专家主导型工作簿,,10.931410816,10.931410816,既有专家主导型清单编制流程,
SRC-PWR-000108,POWER,NOx,calculated,expert_excel_workbook,,,,,既有专家主导型工作簿,,1148.02214,368.9740258906039,既有专家主导型清单编制流程,
SRC-PWR-000108,POWER,CO,calculated,expert_excel_workbook,,,,,既有专家主导型工作簿,,364.00702000000007,364.00702000000007,既有专家主导型清单编制流程,
SRC-PWR-000108,POWER,VOC,calculated,expert_excel_workbook,,,,,既有专家主导型工作簿,,8.400162,8.400162,既有专家主导型清单编制流程,
SRC-PWR-000108,POWER,PM10,calculated,expert_excel_workbook,,,,,既有专家主导型工作簿,,8.400162,8.400162,既有专家主导型清单编制流程,
SRC-PWR-000108,POWER,PM2.5,calculated,expert_excel_workbook,,,,,既有专家主导型工作簿,,0.0,0.0,既有专家主导型清单编制流程,
SRC-PWR-000108,POWER,BC,calculated,expert_excel_workbook,,,,,既有专家主导型工作簿,,0.0,0.0,既有专家主导型清单编制流程,
SRC-PWR-000108,POWER,OC,calculated,expert_excel_workbook,,,,,既有专家主导型工作簿,,5.600108,5.600108,既有专家主导型清单编制流程,
SRC-PWR-000108,POWER,NH3,calculated,expert_excel_workbook,,,,,既有专家主导型工作簿,,0.0,0.0,既有专家主导型清单编制流程,
SRC-PWR-000109,POWER,SO2,calculated,expert_excel_workbook,,,,,既有专家主导型工作簿,,8.189573056,8.189573056,既有专家主导型清单编制流程,
SRC-PWR-000109,POWER,NOx,calculated,expert_excel_workbook,,,,,既有专家主导型工作簿,,860.0729899999999,311.12203305499344,既有专家主导型清单编制流程,
SRC-PWR-000109,POWER,CO,calculated,expert_excel_workbook,,,,,既有专家主导型工作簿,,272.70607,272.70607,既有专家主导型清单编制流程,
SRC-PWR-000109,POWER,VOC,calculated,expert_excel_workbook,,,,,既有专家主导型工作簿,,6.293217,6.293217,既有专家主导型清单编制流程,
SRC-PWR-000109,POWER,PM10,calculated,expert_excel_workbook,,,,,既有专家主导型工作簿,,6.293217,6.293217,既有专家主导型清单编制流程,
SRC-PWR-000109,POWER,PM2.5,calculated,expert_excel_workbook,,,,,既有专家主导型工作簿,,0.0,0.0,既有专家主导型清单编制流程,
SRC-PWR-000109,POWER,BC,calculated,expert_excel_workbook,,,,,既有专家主导型工作簿,,0.0,0.0,既有专家主导型清单编制流程,
SRC-PWR-000109,POWER,OC,calculated,expert_excel_workbook,,,,,既有专家主导型工作簿,,4.195478,4.195478,既有专家主导型清单编制流程,
SRC-PWR-000109,POWER,NH3,calculated,expert_excel_workbook,,,,,既有专家主导型工作簿,,0.0,0.0,既有专家主导型清单编制流程,
SRC-PWR-000110,POWER,SO2,calculated,expert_excel_workbook,,,,,既有专家主导型工作簿,,26965.905290400002,404.4885793560004,既有专家主导型清单编制流程,
SRC-PWR-000110,POWER,NOx,calculated,expert_excel_workbook,,,,,既有专家主导型工作簿,,19722.5167164,3944.503343279999,既有专家主导型清单编制流程,
SRC-PWR-000110,POWER,CO,calculated,expert_excel_workbook,,,,,既有专家主导型工作簿,,5470.077344,5470.077344,既有专家主导型清单编制流程,
SRC-PWR-000110,POWER,VOC,calculated,expert_excel_workbook,,,,,既有专家主导型工作簿,,60858.04249310001,669.4384674240939,既有专家主导型清单编制流程,
SRC-PWR-000110,POWER,PM10,calculated,expert_excel_workbook,,,,,既有专家主导型工作簿,,15876.214878200002,476.2864463460005,既有专家主导型清单编制流程,
SRC-PWR-000110,POWER,PM2.5,calculated,expert_excel_workbook,,,,,既有专家主导型工作簿,,31.757392716400005,0.952721781492001,既有专家主导型清单编制流程,
SRC-PWR-000110,POWER,BC,calculated,expert_excel_workbook,,,,,既有专家主导型工作簿,,0.022057600000000004,0.0006617280000000007,既有专家主导型清单编制流程,
SRC-PWR-000110,POWER,OC,calculated,expert_excel_workbook,,,,,既有专家主导型工作簿,,109.46661680000001,109.46661680000001,既有专家主导型清单编制流程,
SRC-PWR-000110,POWER,NH3,calculated,expert_excel_workbook,,,,,既有专家主导型工作簿,,0.0,0.0,既有专家主导型清单编制流程,
SRC-PWR-000111,POWER,SO2,calculated,expert_excel_workbook,,,,,既有专家主导型工作簿,,27885.214720599997,418.27822080900035,既有专家主导型清单编制流程,
SRC-PWR-000111,POWER,NOx,calculated,expert_excel_workbook,,,,,既有专家主导型工作簿,,20393.1105476,4078.6221095199994,既有专家主导型清单编制流程,
SRC-PWR-000111,POWER,CO,calculated,expert_excel_workbook,,,,,既有专家主导型工作簿,,5656.4201219999995,5656.4201219999995,既有专家主导型清单编制流程,
SRC-PWR-000111,POWER,VOC,calculated,expert_excel_workbook,,,,,既有专家主导型工作簿,,62932.7207744,692.2599285183936,既有专家主导型清单编制流程,
SRC-PWR-000111,POWER,PM10,calculated,expert_excel_workbook,,,,,既有专家主导型工作簿,,16417.352601799998,492.52057805400034,既有专家主导型清单编制流程,
SRC-PWR-000111,POWER,PM2.5,calculated,expert_excel_workbook,,,,,既有专家主导型工作簿,,32.8376542336,0.9851296270080009,既有专家主导型清单编制流程,
SRC-PWR-000111,POWER,BC,calculated,expert_excel_workbook,,,,,既有专家主导型工作簿,,0.013106800000000002,0.0003932040000000004,既有专家主导型清单编制流程,
SRC-PWR-000111,POWER,OC,calculated,expert_excel_workbook,,,,,既有专家主导型工作簿,,113.16706749999999,113.16706749999999,既有专家主导型清单编制流程,
SRC-PWR-000111,POWER,NH3,calculated,expert_excel_workbook,,,,,既有专家主导型工作簿,,0.0,0.0,既有专家主导型清单编制流程,
SRC-PWR-000112,POWER,SO2,calculated,expert_excel_workbook,,,,,既有专家主导型工作簿,,1.0922632905999998,1.0922632905999998,既有专家主导型清单编制流程,
SRC-PWR-000112,POWER,NOx,calculated,expert_excel_workbook,,,,,既有专家主导型工作簿,,454.1865609999999,263.42820538,既有专家主导型清单编制流程,
SRC-PWR-000112,POWER,CO,calculated,expert_excel_workbook,,,,,既有专家主导型工作簿,,144.010373,144.010373,既有专家主导型清单编制流程,
SRC-PWR-000112,POWER,VOC,calculated,expert_excel_workbook,,,,,既有专家主导型工作簿,,3.3233162999999997,3.3233162999999997,既有专家主导型清单编制流程,
SRC-PWR-000112,POWER,PM10,calculated,expert_excel_workbook,,,,,既有专家主导型工作簿,,3.3233162999999997,3.3233162999999997,既有专家主导型清单编制流程,
SRC-PWR-000112,POWER,PM2.5,calculated,expert_excel_workbook,,,,,既有专家主导型工作簿,,0.0,0.0,既有专家主导型清单编制流程,
SRC-PWR-000112,POWER,BC,calculated,expert_excel_workbook,,,,,既有专家主导型工作簿,,0.0,0.0,既有专家主导型清单编制流程,
SRC-PWR-000112,POWER,OC,calculated,expert_excel_workbook,,,,,既有专家主导型工作簿,,2.2155441999999996,2.2155441999999996,既有专家主导型清单编制流程,
SRC-PWR-000112,POWER,NH3,calculated,expert_excel_workbook,,,,,既有专家主导型工作簿,,0.0,0.0,既有专家主导型清单编制流程,
SRC-PWR-000113,POWER,SO2,calculated,expert_excel_workbook,,,,,既有专家主导型工作簿,,0.8655175047999998,0.8655175047999998,既有专家主导型清单编制流程,
SRC-PWR-000113,POWER,NOx,calculated,expert_excel_workbook,,,,,既有专家主导型工作簿,,359.9007879999999,208.74245703999998,既有专家主导型清单编制流程,
SRC-PWR-000113,POWER,CO,calculated,expert_excel_workbook,,,,,既有专家主导型工作簿,,114.114884,114.114884,既有专家主导型清单编制流程,
SRC-PWR-000113,POWER,VOC,calculated,expert_excel_workbook,,,,,既有专家主导型工作簿,,2.6334204,2.6334204,既有专家主导型清单编制流程,
SRC-PWR-000113,POWER,PM10,calculated,expert_excel_workbook,,,,,既有专家主导型工作簿,,2.6334204,2.6334204,既有专家主导型清单编制流程,
SRC-PWR-000113,POWER,PM2.5,calculated,expert_excel_workbook,,,,,既有专家主导型工作簿,,0.0,0.0,既有专家主导型清单编制流程,
SRC-PWR-000113,POWER,BC,calculated,expert_excel_workbook,,,,,既有专家主导型工作簿,,0.0,0.0,既有专家主导型清单编制流程,
SRC-PWR-000113,POWER,OC,calculated,expert_excel_workbook,,,,,既有专家主导型工作簿,,1.7556135999999998,1.7556135999999998,既有专家主导型清单编制流程,
SRC-PWR-000113,POWER,NH3,calculated,expert_excel_workbook,,,,,既有专家主导型工作簿,,0.0,0.0,既有专家主导型清单编制流程,
SRC-PWR-000114,POWER,SO2,calculated,expert_excel_workbook,,,,,既有专家主导型工作簿,,0.0278792,0.0278792,既有专家主导型清单编制流程,
SRC-PWR-000114,POWER,NOx,calculated,expert_excel_workbook,,,,,既有专家主导型工作簿,,28.57618,28.57618,既有专家主导型清单编制流程,
SRC-PWR-000114,POWER,CO,calculated,expert_excel_workbook,,,,,既有专家主导型工作簿,,9.06074,9.06074,既有专家主导型清单编制流程,
SRC-PWR-000114,POWER,VOC,calculated,expert_excel_workbook,,,,,既有专家主导型工作簿,,0.20909400000000003,0.20909400000000003,既有专家主导型清单编制流程,
SRC-PWR-000114,POWER,PM10,calculated,expert_excel_workbook,,,,,既有专家主导型工作簿,,0.20909400000000003,0.20909400000000003,既有专家主导型清单编制流程,
SRC-PWR-000114,POWER,PM2.5,calculated,expert_excel_workbook,,,,,既有专家主导型工作簿,,0.0,0.0,既有专家主导型清单编制流程,
SRC-PWR-000114,POWER,BC,calculated,expert_excel_workbook,,,,,既有专家主导型工作簿,,0.0,0.0,既有专家主导型清单编制流程,
SRC-PWR-000114,POWER,OC,calculated,expert_excel_workbook,,,,,既有专家主导型工作簿,,0.139396,0.139396,既有专家主导型清单编制流程,
SRC-PWR-000114,POWER,NH3,calculated,expert_excel_workbook,,,,,既有专家主导型工作簿,,0.0,0.0,既有专家主导型清单编制流程,
SRC-PWR-000115,POWER,SO2,calculated,expert_excel_workbook,,,,,既有专家主导型工作簿,,0.02138908,0.02138908,既有专家主导型清单编制流程,
SRC-PWR-000115,POWER,NOx,calculated,expert_excel_workbook,,,,,既有专家主导型工作簿,,21.923806999999996,21.923806999999996,既有专家主导型清单编制流程,
SRC-PWR-000115,POWER,CO,calculated,expert_excel_workbook,,,,,既有专家主导型工作簿,,6.951451,6.951451,既有专家主导型清单编制流程,
SRC-PWR-000115,POWER,VOC,calculated,expert_excel_workbook,,,,,既有专家主导型工作簿,,0.16041809999999998,0.16041809999999998,既有专家主导型清单编制流程,
SRC-PWR-000115,POWER,PM10,calculated,expert_excel_workbook,,,,,既有专家主导型工作簿,,0.16041809999999998,0.16041809999999998,既有专家主导型清单编制流程,
SRC-PWR-000115,POWER,PM2.5,calculated,expert_excel_workbook,,,,,既有专家主导型工作簿,,0.0,0.0,既有专家主导型清单编制流程,
SRC-PWR-000115,POWER,BC,calculated,expert_excel_workbook,,,,,既有专家主导型工作簿,,0.0,0.0,既有专家主导型清单编制流程,
SRC-PWR-000115,POWER,OC,calculated,expert_excel_workbook,,,,,既有专家主导型工作簿,,0.1069454,0.1069454,既有专家主导型清单编制流程,
SRC-PWR-000115,POWER,NH3,calculated,expert_excel_workbook,,,,,既有专家主导型工作簿,,0.0,0.0,既有专家主导型清单编制流程,
SRC-PWR-000116,POWER,SO2,calculated,expert_excel_workbook,,,,,既有专家主导型工作簿,,0.7340599999999999,0.7340599999999999,既有专家主导型清单编制流程,
SRC-PWR-000116,POWER,NOx,calculated,expert_excel_workbook,,,,,既有专家主导型工作簿,,2.7160219999999997,1.57529276,既有专家主导型清单编制流程,
SRC-PWR-000116,POWER,CO,calculated,expert_excel_workbook,,,,,既有专家主导型工作簿,,0.220218,0.220218,既有专家主导型清单编制流程,
SRC-PWR-000116,POWER,VOC,calculated,expert_excel_workbook,,,,,既有专家主导型工作簿,,0.18351499999999998,0.18351499999999998,既有专家主导型清单编制流程,
SRC-PWR-000116,POWER,PM10,calculated,expert_excel_workbook,,,,,既有专家主导型工作簿,,0.18351499999999998,0.18351499999999998,既有专家主导型清单编制流程,
SRC-PWR-000116,POWER,PM2.5,calculated,expert_excel_workbook,,,,,既有专家主导型工作簿,,0.0036702999999999996,0.0036702999999999996,既有专家主导型清单编制流程,
SRC-PWR-000116,POWER,BC,calculated,expert_excel_workbook,,,,,既有专家主导型工作簿,,0.014681199999999998,0.014681199999999998,既有专家主导型清单编制流程,
SRC-PWR-000116,POWER,OC,calculated,expert_excel_workbook,,,,,既有专家主导型工作簿,,0.0477139,0.0477139,既有专家主导型清单编制流程,
SRC-PWR-000116,POWER,NH3,calculated,expert_excel_workbook,,,,,既有专家主导型工作簿,,0.0,0.0,既有专家主导型清单编制流程,
SRC-PWR-000117,POWER,SO2,calculated,expert_excel_workbook,,,,,既有专家主导型工作簿,,0.7340599999999999,0.7340599999999999,既有专家主导型清单编制流程,
SRC-PWR-000117,POWER,NOx,calculated,expert_excel_workbook,,,,,既有专家主导型工作簿,,2.7160219999999997,1.57529276,既有专家主导型清单编制流程,
SRC-PWR-000117,POWER,CO,calculated,expert_excel_workbook,,,,,既有专家主导型工作簿,,0.220218,0.220218,既有专家主导型清单编制流程,
SRC-PWR-000117,POWER,VOC,calculated,expert_excel_workbook,,,,,既有专家主导型工作簿,,0.18351499999999998,0.18351499999999998,既有专家主导型清单编制流程,
SRC-PWR-000117,POWER,PM10,calculated,expert_excel_workbook,,,,,既有专家主导型工作簿,,0.18351499999999998,0.18351499999999998,既有专家主导型清单编制流程,
SRC-PWR-000117,POWER,PM2.5,calculated,expert_excel_workbook,,,,,既有专家主导型工作簿,,0.0036702999999999996,0.0036702999999999996,既有专家主导型清单编制流程,
SRC-PWR-000117,POWER,BC,calculated,expert_excel_workbook,,,,,既有专家主导型工作簿,,0.014681199999999998,0.014681199999999998,既有专家主导型清单编制流程,
SRC-PWR-000117,POWER,OC,calculated,expert_excel_workbook,,,,,既有专家主导型工作簿,,0.0477139,0.0477139,既有专家主导型清单编制流程,
SRC-PWR-000117,POWER,NH3,calculated,expert_excel_workbook,,,,,既有专家主导型工作簿,,0.0,0.0,既有专家主导型清单编制流程,
SRC-PWR-000118,POWER,SO2,calculated,expert_excel_workbook,,,,,既有专家主导型工作簿,,0.7340599999999999,0.7340599999999999,既有专家主导型清单编制流程,
SRC-PWR-000118,POWER,NOx,calculated,expert_excel_workbook,,,,,既有专家主导型工作簿,,2.7160219999999997,1.57529276,既有专家主导型清单编制流程,
SRC-PWR-000118,POWER,CO,calculated,expert_excel_workbook,,,,,既有专家主导型工作簿,,0.220218,0.220218,既有专家主导型清单编制流程,
SRC-PWR-000118,POWER,VOC,calculated,expert_excel_workbook,,,,,既有专家主导型工作簿,,0.18351499999999998,0.18351499999999998,既有专家主导型清单编制流程,
SRC-PWR-000118,POWER,PM10,calculated,expert_excel_workbook,,,,,既有专家主导型工作簿,,0.18351499999999998,0.18351499999999998,既有专家主导型清单编制流程,
SRC-PWR-000118,POWER,PM2.5,calculated,expert_excel_workbook,,,,,既有专家主导型工作簿,,0.0036702999999999996,0.0036702999999999996,既有专家主导型清单编制流程,
SRC-PWR-000118,POWER,BC,calculated,expert_excel_workbook,,,,,既有专家主导型工作簿,,0.014681199999999998,0.014681199999999998,既有专家主导型清单编制流程,
SRC-PWR-000118,POWER,OC,calculated,expert_excel_workbook,,,,,既有专家主导型工作簿,,0.0477139,0.0477139,既有专家主导型清单编制流程,
SRC-PWR-000118,POWER,NH3,calculated,expert_excel_workbook,,,,,既有专家主导型工作簿,,0.0,0.0,既有专家主导型清单编制流程,
SRC-PWR-000119,POWER,SO2,calculated,expert_excel_workbook,,,,,既有专家主导型工作簿,,0.7340599999999999,0.7340599999999999,既有专家主导型清单编制流程,
SRC-PWR-000119,POWER,NOx,calculated,expert_excel_workbook,,,,,既有专家主导型工作簿,,2.7160219999999997,1.57529276,既有专家主导型清单编制流程,
SRC-PWR-000119,POWER,CO,calculated,expert_excel_workbook,,,,,既有专家主导型工作簿,,0.220218,0.220218,既有专家主导型清单编制流程,
SRC-PWR-000119,POWER,VOC,calculated,expert_excel_workbook,,,,,既有专家主导型工作簿,,0.18351499999999998,0.18351499999999998,既有专家主导型清单编制流程,
SRC-PWR-000119,POWER,PM10,calculated,expert_excel_workbook,,,,,既有专家主导型工作簿,,0.18351499999999998,0.18351499999999998,既有专家主导型清单编制流程,
SRC-PWR-000119,POWER,PM2.5,calculated,expert_excel_workbook,,,,,既有专家主导型工作簿,,0.0036702999999999996,0.0036702999999999996,既有专家主导型清单编制流程,
SRC-PWR-000119,POWER,BC,calculated,expert_excel_workbook,,,,,既有专家主导型工作簿,,0.014681199999999998,0.014681199999999998,既有专家主导型清单编制流程,
SRC-PWR-000119,POWER,OC,calculated,expert_excel_workbook,,,,,既有专家主导型工作簿,,0.0477139,0.0477139,既有专家主导型清单编制流程,
SRC-PWR-000119,POWER,NH3,calculated,expert_excel_workbook,,,,,既有专家主导型工作簿,,0.0,0.0,既有专家主导型清单编制流程,
SRC-PWR-000120,POWER,SO2,calculated,expert_excel_workbook,,,,,既有专家主导型工作簿,,0.9617769144,0.9617769144,既有专家主导型清单编制流程,
SRC-PWR-000120,POWER,NOx,calculated,expert_excel_workbook,,,,,既有专家主导型工作簿,,96.083951,55.72869158,既有专家主导型清单编制流程,
SRC-PWR-000120,POWER,CO,calculated,expert_excel_workbook,,,,,既有专家主导型工作簿,,30.465643,30.465643,既有专家主导型清单编制流程,
SRC-PWR-000120,POWER,VOC,calculated,expert_excel_workbook,,,,,既有专家主导型工作簿,,0.7030532999999999,0.7030532999999999,既有专家主导型清单编制流程,
SRC-PWR-000120,POWER,PM10,calculated,expert_excel_workbook,,,,,既有专家主导型工作簿,,0.7030532999999999,0.7030532999999999,既有专家主导型清单编制流程,
SRC-PWR-000120,POWER,PM2.5,calculated,expert_excel_workbook,,,,,既有专家主导型工作簿,,0.0,0.0,既有专家主导型清单编制流程,
SRC-PWR-000120,POWER,BC,calculated,expert_excel_workbook,,,,,既有专家主导型工作簿,,0.0,0.0,既有专家主导型清单编制流程,
SRC-PWR-000120,POWER,OC,calculated,expert_excel_workbook,,,,,既有专家主导型工作簿,,0.4687022,0.4687022,既有专家主导型清单编制流程,
SRC-PWR-000120,POWER,NH3,calculated,expert_excel_workbook,,,,,既有专家主导型工作簿,,0.0,0.0,既有专家主导型清单编制流程,
SRC-PWR-000121,POWER,SO2,calculated,expert_excel_workbook,,,,,既有专家主导型工作簿,,1.3122125496,1.3122125496,既有专家主导型清单编制流程,
SRC-PWR-000121,POWER,NOx,calculated,expert_excel_workbook,,,,,既有专家主导型工作簿,,131.093359,76.03414822,既有专家主导型清单编制流程,
SRC-PWR-000121,POWER,CO,calculated,expert_excel_workbook,,,,,既有专家主导型工作簿,,41.566187,41.566187,既有专家主导型清单编制流程,
SRC-PWR-000121,POWER,VOC,calculated,expert_excel_workbook,,,,,既有专家主导型工作簿,,0.9592196999999998,0.9592196999999998,既有专家主导型清单编制流程,
SRC-PWR-000121,POWER,PM10,calculated,expert_excel_workbook,,,,,既有专家主导型工作簿,,0.9592196999999998,0.9592196999999998,既有专家主导型清单编制流程,
SRC-PWR-000121,POWER,PM2.5,calculated,expert_excel_workbook,,,,,既有专家主导型工作簿,,0.0,0.0,既有专家主导型清单编制流程,
SRC-PWR-000121,POWER,BC,calculated,expert_excel_workbook,,,,,既有专家主导型工作簿,,0.0,0.0,既有专家主导型清单编制流程,
SRC-PWR-000121,POWER,OC,calculated,expert_excel_workbook,,,,,既有专家主导型工作簿,,0.6394798,0.6394798,既有专家主导型清单编制流程,
SRC-PWR-000121,POWER,NH3,calculated,expert_excel_workbook,,,,,既有专家主导型工作簿,,0.0,0.0,既有专家主导型清单编制流程,
SRC-PWR-000122,POWER,SO2,calculated,expert_excel_workbook,,,,,既有专家主导型工作簿,,0.22366176700000004,0.22366176700000004,既有专家主导型清单编制流程,
SRC-PWR-000122,POWER,NOx,calculated,expert_excel_workbook,,,,,既有专家主导型工作簿,,1393.63715,808.3095470000001,既有专家主导型清单编制流程,
SRC-PWR-000122,POWER,CO,calculated,expert_excel_workbook,,,,,既有专家主导型工作簿,,441.88495,441.88495,既有专家主导型清单编制流程,
SRC-PWR-000122,POWER,VOC,calculated,expert_excel_workbook,,,,,既有专家主导型工作簿,,10.197345,10.197345,既有专家主导型清单编制流程,
SRC-PWR-000122,POWER,PM10,calculated,expert_excel_workbook,,,,,既有专家主导型工作簿,,10.197345,10.197345,既有专家主导型清单编制流程,
SRC-PWR-000122,POWER,PM2.5,calculated,expert_excel_workbook,,,,,既有专家主导型工作簿,,0.0,0.0,既有专家主导型清单编制流程,
SRC-PWR-000122,POWER,BC,calculated,expert_excel_workbook,,,,,既有专家主导型工作簿,,0.0,0.0,既有专家主导型清单编制流程,
SRC-PWR-000122,POWER,OC,calculated,expert_excel_workbook,,,,,既有专家主导型工作簿,,6.798230000000001,6.798230000000001,既有专家主导型清单编制流程,
SRC-PWR-000122,POWER,NH3,calculated,expert_excel_workbook,,,,,既有专家主导型工作簿,,0.0,0.0,既有专家主导型清单编制流程,
SRC-PWR-000123,POWER,SO2,calculated,expert_excel_workbook,,,,,既有专家主导型工作簿,,0.23307439119999998,0.23307439119999998,既有专家主导型清单编制流程,
SRC-PWR-000123,POWER,NOx,calculated,expert_excel_workbook,,,,,既有专家主导型工作簿,,1452.2872399999997,842.3265991999999,既有专家主导型清单编制流程,
SRC-PWR-000123,POWER,CO,calculated,expert_excel_workbook,,,,,既有专家主导型工作簿,,460.48132,460.48132,既有专家主导型清单编制流程,
SRC-PWR-000123,POWER,VOC,calculated,expert_excel_workbook,,,,,既有专家主导型工作簿,,10.626491999999999,10.626491999999999,既有专家主导型清单编制流程,
SRC-PWR-000123,POWER,PM10,calculated,expert_excel_workbook,,,,,既有专家主导型工作簿,,10.626491999999999,10.626491999999999,既有专家主导型清单编制流程,
SRC-PWR-000123,POWER,PM2.5,calculated,expert_excel_workbook,,,,,既有专家主导型工作簿,,0.0,0.0,既有专家主导型清单编制流程,
SRC-PWR-000123,POWER,BC,calculated,expert_excel_workbook,,,,,既有专家主导型工作簿,,0.0,0.0,既有专家主导型清单编制流程,
SRC-PWR-000123,POWER,OC,calculated,expert_excel_workbook,,,,,既有专家主导型工作簿,,7.084328,7.084328,既有专家主导型清单编制流程,
SRC-PWR-000123,POWER,NH3,calculated,expert_excel_workbook,,,,,既有专家主导型工作簿,,0.0,0.0,既有专家主导型清单编制流程,
SRC-PWR-000124,POWER,SO2,calculated,expert_excel_workbook,,,,,既有专家主导型工作簿,,476.98192796616604,23.849096398308323,既有专家主导型清单编制流程,
SRC-PWR-000124,POWER,NOx,calculated,expert_excel_workbook,,,,,既有专家主导型工作簿,,573.0271700548617,171.90815101645853,既有专家主导型清单编制流程,
SRC-PWR-000124,POWER,CO,calculated,expert_excel_workbook,,,,,既有专家主导型工作簿,,135.44220057707508,135.44220057707508,既有专家主导型清单编制流程,
SRC-PWR-000124,POWER,VOC,calculated,expert_excel_workbook,,,,,既有专家主导型工作簿,,1532.3102890639454,3.0646205781278937,既有专家主导型清单编制流程,
SRC-PWR-000124,POWER,PM10,calculated,expert_excel_workbook,,,,,既有专家主导型工作簿,,370.78287442786535,1.4831314977114627,既有专家主导型清单编制流程,
SRC-PWR-000124,POWER,PM2.5,calculated,expert_excel_workbook,,,,,既有专家主导型工作簿,,0.91399923482411,0.0036559969392964435,既有专家主导型清单编制流程,
SRC-PWR-000124,POWER,BC,calculated,expert_excel_workbook,,,,,既有专家主导型工作簿,,0.7268858893280633,0.0029075435573122557,既有专家主导型清单编制流程,
SRC-PWR-000124,POWER,OC,calculated,expert_excel_workbook,,,,,既有专家主导型工作簿,,4.062467067667984,4.062467067667984,既有专家主导型清单编制流程,
SRC-PWR-000124,POWER,NH3,calculated,expert_excel_workbook,,,,,既有专家主导型工作簿,,0.323060395256917,0.323060395256917,既有专家主导型清单编制流程,
SRC-PWR-000125,POWER,SO2,calculated,expert_excel_workbook,,,,,既有专家主导型工作簿,,476.98192796616604,23.849096398308323,既有专家主导型清单编制流程,
SRC-PWR-000125,POWER,NOx,calculated,expert_excel_workbook,,,,,既有专家主导型工作簿,,573.0271700548617,171.90815101645853,既有专家主导型清单编制流程,
SRC-PWR-000125,POWER,CO,calculated,expert_excel_workbook,,,,,既有专家主导型工作簿,,135.44220057707508,135.44220057707508,既有专家主导型清单编制流程,
SRC-PWR-000125,POWER,VOC,calculated,expert_excel_workbook,,,,,既有专家主导型工作簿,,1532.3102890639454,3.0646205781278937,既有专家主导型清单编制流程,
SRC-PWR-000125,POWER,PM10,calculated,expert_excel_workbook,,,,,既有专家主导型工作簿,,370.78287442786535,1.4831314977114627,既有专家主导型清单编制流程,
SRC-PWR-000125,POWER,PM2.5,calculated,expert_excel_workbook,,,,,既有专家主导型工作簿,,0.91399923482411,0.0036559969392964435,既有专家主导型清单编制流程,
SRC-PWR-000125,POWER,BC,calculated,expert_excel_workbook,,,,,既有专家主导型工作簿,,0.7268858893280633,0.0029075435573122557,既有专家主导型清单编制流程,
SRC-PWR-000125,POWER,OC,calculated,expert_excel_workbook,,,,,既有专家主导型工作簿,,4.062467067667984,4.062467067667984,既有专家主导型清单编制流程,
SRC-PWR-000125,POWER,NH3,calculated,expert_excel_workbook,,,,,既有专家主导型工作簿,,0.323060395256917,0.323060395256917,既有专家主导型清单编制流程,
SRC-PWR-000126,POWER,SO2,calculated,expert_excel_workbook,,,,,既有专家主导型工作簿,,11467.810062739998,229.35620125480017,既有专家主导型清单编制流程,
SRC-PWR-000126,POWER,NOx,calculated,expert_excel_workbook,,,,,既有专家主导型工作簿,,7977.250743799999,1994.3126859499998,既有专家主导型清单编制流程,
SRC-PWR-000126,POWER,CO,calculated,expert_excel_workbook,,,,,既有专家主导型工作簿,,2212.0485822,2212.0485822,既有专家主导型清单编制流程,
SRC-PWR-000126,POWER,VOC,calculated,expert_excel_workbook,,,,,既有专家主导型工作簿,,18046.294184,108.27776510399808,既有专家主导型清单编制流程,
SRC-PWR-000126,POWER,PM10,calculated,expert_excel_workbook,,,,,既有专家主导型工作簿,,4707.9276095,80.03476936150007,既有专家主导型清单编制流程,
SRC-PWR-000126,POWER,PM2.5,calculated,expert_excel_workbook,,,,,既有专家主导型工作簿,,9.420693952,0.16015179718400016,既有专家主导型清单编制流程,
SRC-PWR-000126,POWER,BC,calculated,expert_excel_workbook,,,,,既有专家主导型工作簿,,0.021505479999999997,0.0003655931600000003,既有专家主导型清单编制流程,
SRC-PWR-000126,POWER,OC,calculated,expert_excel_workbook,,,,,既有专家主导型工作簿,,44.30441281,44.30441281,既有专家主导型清单编制流程,
SRC-PWR-000126,POWER,NH3,calculated,expert_excel_workbook,,,,,既有专家主导型工作簿,,0.0,0.0,既有专家主导型清单编制流程,
SRC-PWR-000127,POWER,SO2,calculated,expert_excel_workbook,,,,,既有专家主导型工作簿,,14789.2119675,295.78423935000023,既有专家主导型清单编制流程,
SRC-PWR-000127,POWER,NOx,calculated,expert_excel_workbook,,,,,既有专家主导型工作簿,,10120.769475,2530.19236875,既有专家主导型清单编制流程,
SRC-PWR-000127,POWER,CO,calculated,expert_excel_workbook,,,,,既有专家主导型工作簿,,2806.629025,2806.629025,既有专家主导型清单编制流程,
SRC-PWR-000127,POWER,VOC,calculated,expert_excel_workbook,,,,,既有专家主导型工作簿,,23478.4815625,140.87088937499752,既有专家主导型清单编制流程,
SRC-PWR-000127,POWER,PM10,calculated,expert_excel_workbook,,,,,既有专家主导型工作簿,,6125.0239375,104.12540693750009,既有专家主导型清单编制流程,
SRC-PWR-000127,POWER,PM2.5,calculated,expert_excel_workbook,,,,,既有专家主导型工作簿,,12.25498325,0.2083347152500002,既有专家主导型清单编制流程,
SRC-PWR-000127,POWER,BC,calculated,expert_excel_workbook,,,,,既有专家主导型工作簿,,0.021935,0.0003728950000000003,既有专家主导型清单编制流程,
SRC-PWR-000127,POWER,OC,calculated,expert_excel_workbook,,,,,既有专家主导型工作簿,,56.19728875,56.19728875,既有专家主导型清单编制流程,
SRC-PWR-000127,POWER,NH3,calculated,expert_excel_workbook,,,,,既有专家主导型工作簿,,0.0,0.0,既有专家主导型清单编制流程,
SRC-PWR-000128,POWER,SO2,calculated,expert_excel_workbook,,,,,既有专家主导型工作簿,,16082.64640132,804.1323200660007,既有专家主导型清单编制流程,
SRC-PWR-000128,POWER,NOx,calculated,expert_excel_workbook,,,,,既有专家主导型工作簿,,11181.8819084,2236.3763816799997,既有专家主导型清单编制流程,
SRC-PWR-000128,POWER,CO,calculated,expert_excel_workbook,,,,,既有专家主导型工作簿,,3101.7658396,3101.7658396,既有专家主导型清单编制流程,
SRC-PWR-000128,POWER,VOC,calculated,expert_excel_workbook,,,,,既有专家主导型工作簿,,40075.56785400001,440.831246393996,既有专家主导型清单编制流程,
SRC-PWR-000128,POWER,PM10,calculated,expert_excel_workbook,,,,,既有专家主导型工作簿,,10454.497095,313.6349128500003,既有专家主导型清单编制流程,
SRC-PWR-000128,POWER,PM2.5,calculated,expert_excel_workbook,,,,,既有专家主导型工作簿,,20.909021784,0.6272706535200006,既有专家主导型清单编制流程,
SRC-PWR-000128,POWER,BC,calculated,expert_excel_workbook,,,,,既有专家主导型工作簿,,0.00012264,3.6792000000000032e-06,既有专家主导型清单编制流程,
SRC-PWR-000128,POWER,OC,calculated,expert_excel_workbook,,,,,既有专家主导型工作簿,,62.03567858,62.03567858,既有专家主导型清单编制流程,
SRC-PWR-000128,POWER,NH3,calculated,expert_excel_workbook,,,,,既有专家主导型工作簿,,0.0,0.0,既有专家主导型清单编制流程,
SRC-PWR-000129,POWER,SO2,calculated,expert_excel_workbook,,,,,既有专家主导型工作簿,,15477.401408259999,773.8700704130006,既有专家主导型清单编制流程,
SRC-PWR-000129,POWER,NOx,calculated,expert_excel_workbook,,,,,既有专家主导型工作簿,,10761.091326200001,2152.2182652399997,既有专家主导型清单编制流程,
SRC-PWR-000129,POWER,CO,calculated,expert_excel_workbook,,,,,既有专家主导型工作簿,,2985.0375478,2985.0375478,既有专家主导型清单编制流程,
SRC-PWR-000129,POWER,VOC,calculated,expert_excel_workbook,,,,,既有专家主导型工作簿,,38567.38849500001,424.2412734449962,既有专家主导型清单编制流程,
SRC-PWR-000129,POWER,PM10,calculated,expert_excel_workbook,,,,,既有专家主导型工作簿,,10061.060053500001,301.8318016050003,既有专家主导型清单编制流程,
SRC-PWR-000129,POWER,PM2.5,calculated,expert_excel_workbook,,,,,既有专家主导型工作簿,,20.122173324000002,0.6036651997200005,既有专家主导型清单编制流程,
SRC-PWR-000129,POWER,BC,calculated,expert_excel_workbook,,,,,既有专家主导型工作簿,,0.00023652000000000002,7.095600000000007e-06,既有专家主导型清单编制流程,
SRC-PWR-000129,POWER,OC,calculated,expert_excel_workbook,,,,,既有专家主导型工作簿,,59.70144869,59.70144869,既有专家主导型清单编制流程,
SRC-PWR-000129,POWER,NH3,calculated,expert_excel_workbook,,,,,既有专家主导型工作簿,,0.0,0.0,既有专家主导型清单编制流程,
SRC-PWR-000130,POWER,SO2,calculated,expert_excel_workbook,,,,,既有专家主导型工作簿,,0.18250873600000003,0.18250873600000003,既有专家主导型清单编制流程,
SRC-PWR-000130,POWER,NOx,calculated,expert_excel_workbook,,,,,既有专家主导型工作簿,,1100.42032,220.08406399999993,既有专家主导型清单编制流程,
SRC-PWR-000130,POWER,CO,calculated,expert_excel_workbook,,,,,既有专家主导型工作簿,,348.9137600000001,348.9137600000001,既有专家主导型清单编制流程,
SRC-PWR-000130,POWER,VOC,calculated,expert_excel_workbook,,,,,既有专家主导型工作簿,,8.051856,8.051856,既有专家主导型清单编制流程,
SRC-PWR-000130,POWER,PM10,calculated,expert_excel_workbook,,,,,既有专家主导型工作簿,,8.051856,8.051856,既有专家主导型清单编制流程,
SRC-PWR-000130,POWER,PM2.5,calculated,expert_excel_workbook,,,,,既有专家主导型工作簿,,0.0,0.0,既有专家主导型清单编制流程,
SRC-PWR-000130,POWER,BC,calculated,expert_excel_workbook,,,,,既有专家主导型工作簿,,0.0,0.0,既有专家主导型清单编制流程,
SRC-PWR-000130,POWER,OC,calculated,expert_excel_workbook,,,,,既有专家主导型工作簿,,5.367904,5.367904,既有专家主导型清单编制流程,
SRC-PWR-000130,POWER,NH3,calculated,expert_excel_workbook,,,,,既有专家主导型工作簿,,0.0,0.0,既有专家主导型清单编制流程,
SRC-PWR-000131,POWER,SO2,calculated,expert_excel_workbook,,,,,既有专家主导型工作簿,,0.15492066,0.15492066,既有专家主导型清单编制流程,
SRC-PWR-000131,POWER,NOx,calculated,expert_excel_workbook,,,,,既有专家主导型工作簿,,934.08045,186.81608999999997,既有专家主导型清单编制流程,
SRC-PWR-000131,POWER,CO,calculated,expert_excel_workbook,,,,,既有专家主导型工作簿,,296.17185,296.17185,既有专家主导型清单编制流程,
SRC-PWR-000131,POWER,VOC,calculated,expert_excel_workbook,,,,,既有专家主导型工作簿,,6.834734999999999,6.834734999999999,既有专家主导型清单编制流程,
SRC-PWR-000131,POWER,PM10,calculated,expert_excel_workbook,,,,,既有专家主导型工作簿,,6.834734999999999,6.834734999999999,既有专家主导型清单编制流程,
SRC-PWR-000131,POWER,PM2.5,calculated,expert_excel_workbook,,,,,既有专家主导型工作簿,,0.0,0.0,既有专家主导型清单编制流程,
SRC-PWR-000131,POWER,BC,calculated,expert_excel_workbook,,,,,既有专家主导型工作簿,,0.0,0.0,既有专家主导型清单编制流程,
SRC-PWR-000131,POWER,OC,calculated,expert_excel_workbook,,,,,既有专家主导型工作簿,,4.55649,4.55649,既有专家主导型清单编制流程,
SRC-PWR-000131,POWER,NH3,calculated,expert_excel_workbook,,,,,既有专家主导型工作簿,,0.0,0.0,既有专家主导型清单编制流程,
SRC-PWR-000132,POWER,SO2,calculated,expert_excel_workbook,,,,,既有专家主导型工作簿,,2.4434,2.4434,既有专家主导型清单编制流程,
SRC-PWR-000132,POWER,NOx,calculated,expert_excel_workbook,,,,,既有专家主导型工作簿,,52.72599999999999,30.58108,既有专家主导型清单编制流程,
SRC-PWR-000132,POWER,CO,calculated,expert_excel_workbook,,,,,既有专家主导型工作簿,,16.718,16.718,既有专家主导型清单编制流程,
SRC-PWR-000132,POWER,VOC,calculated,expert_excel_workbook,,,,,既有专家主导型工作簿,,0.3858,0.3858,既有专家主导型清单编制流程,
SRC-PWR-000132,POWER,PM10,calculated,expert_excel_workbook,,,,,既有专家主导型工作簿,,0.3858,0.3858,既有专家主导型清单编制流程,
SRC-PWR-000132,POWER,PM2.5,calculated,expert_excel_workbook,,,,,既有专家主导型工作簿,,0.0,0.0,既有专家主导型清单编制流程,
SRC-PWR-000132,POWER,BC,calculated,expert_excel_workbook,,,,,既有专家主导型工作簿,,0.0,0.0,既有专家主导型清单编制流程,
SRC-PWR-000132,POWER,OC,calculated,expert_excel_workbook,,,,,既有专家主导型工作簿,,0.2572,0.2572,既有专家主导型清单编制流程,
SRC-PWR-000132,POWER,NH3,calculated,expert_excel_workbook,,,,,既有专家主导型工作簿,,0.0,0.0,既有专家主导型清单编制流程,
SRC-PWR-000133,POWER,SO2,calculated,expert_excel_workbook,,,,,既有专家主导型工作簿,,1.079067,1.079067,既有专家主导型清单编制流程,
SRC-PWR-000133,POWER,NOx,calculated,expert_excel_workbook,,,,,既有专家主导型工作簿,,23.285129999999995,13.505375399999998,既有专家主导型清单编制流程,
SRC-PWR-000133,POWER,CO,calculated,expert_excel_workbook,,,,,既有专家主导型工作簿,,7.38309,7.38309,既有专家主导型清单编制流程,
SRC-PWR-000133,POWER,VOC,calculated,expert_excel_workbook,,,,,既有专家主导型工作簿,,0.17037899999999997,0.17037899999999997,既有专家主导型清单编制流程,
SRC-PWR-000133,POWER,PM10,calculated,expert_excel_workbook,,,,,既有专家主导型工作簿,,0.17037899999999997,0.17037899999999997,既有专家主导型清单编制流程,
SRC-PWR-000133,POWER,PM2.5,calculated,expert_excel_workbook,,,,,既有专家主导型工作簿,,0.0,0.0,既有专家主导型清单编制流程,
SRC-PWR-000133,POWER,BC,calculated,expert_excel_workbook,,,,,既有专家主导型工作簿,,0.0,0.0,既有专家主导型清单编制流程,
SRC-PWR-000133,POWER,OC,calculated,expert_excel_workbook,,,,,既有专家主导型工作簿,,0.11358599999999998,0.11358599999999998,既有专家主导型清单编制流程,
SRC-PWR-000133,POWER,NH3,calculated,expert_excel_workbook,,,,,既有专家主导型工作簿,,0.0,0.0,既有专家主导型清单编制流程,
SRC-PWR-000134,POWER,SO2,calculated,expert_excel_workbook,,,,,既有专家主导型工作簿,,935.66093484,18.713218696800016,既有专家主导型清单编制流程,
SRC-PWR-000134,POWER,NOx,calculated,expert_excel_workbook,,,,,既有专家主导型工作簿,,648.8794099200002,346.359226939069,既有专家主导型清单编制流程,
SRC-PWR-000134,POWER,CO,calculated,expert_excel_workbook,,,,,既有专家主导型工作簿,,579.356616,579.356616,既有专家主导型清单编制流程,
SRC-PWR-000134,POWER,VOC,calculated,expert_excel_workbook,,,,,既有专家主导型工作簿,,490.39640761320015,5.884756891358407,既有专家主导型清单编制流程,
SRC-PWR-000134,POWER,PM10,calculated,expert_excel_workbook,,,,,既有专家主导型工作簿,,148.60497200400005,4.458149160120005,既有专家主导型清单编制流程,
SRC-PWR-000134,POWER,PM2.5,calculated,expert_excel_workbook,,,,,既有专家主导型工作簿,,0.2972099440080001,0.008916298320240011,既有专家主导型清单编制流程,
SRC-PWR-000134,POWER,BC,calculated,expert_excel_workbook,,,,,既有专家主导型工作簿,,0.0,0.0,既有专家主导型清单编制流程,
SRC-PWR-000134,POWER,OC,calculated,expert_excel_workbook,,,,,既有专家主导型工作簿,,2.89678308,2.89678308,既有专家主导型清单编制流程,
SRC-PWR-000134,POWER,NH3,calculated,expert_excel_workbook,,,,,既有专家主导型工作簿,,0.0,0.0,既有专家主导型清单编制流程,
SRC-PWR-000135,POWER,SO2,calculated,expert_excel_workbook,,,,,既有专家主导型工作簿,,6627.093000000001,85.48949970000015,既有专家主导型清单编制流程,
SRC-PWR-000135,POWER,NOx,calculated,expert_excel_workbook,,,,,既有专家主导型工作簿,,4684.4451500000005,936.8890299999999,既有专家主导型清单编制流程,
SRC-PWR-000135,POWER,CO,calculated,expert_excel_workbook,,,,,既有专家主导型工作簿,,1299.43,1299.43,既有专家主导型清单编制流程,
SRC-PWR-000135,POWER,VOC,calculated,expert_excel_workbook,,,,,既有专家主导型工作簿,,17842.47333,107.05483997999812,既有专家主导型清单编制流程,
SRC-PWR-000135,POWER,PM10,calculated,expert_excel_workbook,,,,,既有专家主导型工作簿,,4654.55826,79.12749042000007,既有专家主导型清单编制流程,
SRC-PWR-000135,POWER,PM2.5,calculated,expert_excel_workbook,,,,,既有专家主导型工作簿,,9.30911652,0.15825498084000014,既有专家主导型清单编制流程,
SRC-PWR-000135,POWER,BC,calculated,expert_excel_workbook,,,,,既有专家主导型工作簿,,0.0,0.0,既有专家主导型清单编制流程,
SRC-PWR-000135,POWER,OC,calculated,expert_excel_workbook,,,,,既有专家主导型工作簿,,25.9886,25.9886,既有专家主导型清单编制流程,
SRC-PWR-000135,POWER,NH3,calculated,expert_excel_workbook,,,,,既有专家主导型工作簿,,0.0,0.0,既有专家主导型清单编制流程,
SRC-PWR-000136,POWER,SO2,calculated,expert_excel_workbook,,,,,既有专家主导型工作簿,,7727.537339999999,99.68523168600017,既有专家主导型清单编制流程,
SRC-PWR-000136,POWER,NOx,calculated,expert_excel_workbook,,,,,既有专家主导型工作簿,,5372.76222,1074.5524439999997,既有专家主导型清单编制流程,
SRC-PWR-000136,POWER,CO,calculated,expert_excel_workbook,,,,,既有专家主导型工作簿,,1490.364,1490.364,既有专家主导型清单编制流程,
SRC-PWR-000136,POWER,VOC,calculated,expert_excel_workbook,,,,,既有专家主导型工作簿,,20734.130263500003,124.40478158099782,既有专家主导型清单编制流程,
SRC-PWR-000136,POWER,PM10,calculated,expert_excel_workbook,,,,,既有专家主导型工作簿,,5408.903547,91.95136029900009,既有专家主导型清单编制流程,
SRC-PWR-000136,POWER,PM2.5,calculated,expert_excel_workbook,,,,,既有专家主导型工作簿,,10.817807094,0.18390272059800017,既有专家主导型清单编制流程,
SRC-PWR-000136,POWER,BC,calculated,expert_excel_workbook,,,,,既有专家主导型工作簿,,0.0,0.0,既有专家主导型清单编制流程,
SRC-PWR-000136,POWER,OC,calculated,expert_excel_workbook,,,,,既有专家主导型工作簿,,29.80728,29.80728,既有专家主导型清单编制流程,
SRC-PWR-000136,POWER,NH3,calculated,expert_excel_workbook,,,,,既有专家主导型工作簿,,0.0,0.0,既有专家主导型清单编制流程,
SRC-PWR-000137,POWER,SO2,calculated,expert_excel_workbook,,,,,既有专家主导型工作簿,,12059.409000000001,155.5663761000003,既有专家主导型清单编制流程,
SRC-PWR-000137,POWER,NOx,calculated,expert_excel_workbook,,,,,既有专家主导型工作簿,,8524.34695,1704.8693899999994,既有专家主导型清单编制流程,
SRC-PWR-000137,POWER,CO,calculated,expert_excel_workbook,,,,,既有专家主导型工作簿,,2364.59,2364.59,既有专家主导型清单编制流程,
SRC-PWR-000137,POWER,VOC,calculated,expert_excel_workbook,,,,,既有专家主导型工作簿,,32080.68810375,192.4841286224966,既有专家主导型清单编制流程,
SRC-PWR-000137,POWER,PM10,calculated,expert_excel_workbook,,,,,既有专家主导型工作簿,,8368.8751575,142.27087767750012,既有专家主导型清单编制流程,
SRC-PWR-000137,POWER,PM2.5,calculated,expert_excel_workbook,,,,,既有专家主导型工作簿,,16.737750315000003,0.2845417553550003,既有专家主导型清单编制流程,
SRC-PWR-000137,POWER,BC,calculated,expert_excel_workbook,,,,,既有专家主导型工作簿,,0.0,0.0,既有专家主导型清单编制流程,
SRC-PWR-000137,POWER,OC,calculated,expert_excel_workbook,,,,,既有专家主导型工作簿,,47.2918,47.2918,既有专家主导型清单编制流程,
SRC-PWR-000137,POWER,NH3,calculated,expert_excel_workbook,,,,,既有专家主导型工作簿,,0.0,0.0,既有专家主导型清单编制流程,
SRC-PWR-000138,POWER,SO2,calculated,expert_excel_workbook,,,,,既有专家主导型工作簿,,17501.278388,302.7721161124016,既有专家主导型清单编制流程,
SRC-PWR-000138,POWER,NOx,calculated,expert_excel_workbook,,,,,既有专家主导型工作簿,,18556.5025261,5566.950757830001,既有专家主导型清单编制流程,
SRC-PWR-000138,POWER,CO,calculated,expert_excel_workbook,,,,,既有专家主导型工作簿,,5147.43482,5147.43482,既有专家主导型清单编制流程,
SRC-PWR-000138,POWER,VOC,calculated,expert_excel_workbook,,,,,既有专家主导型工作簿,,32231.949984135,354.55144982548177,既有专家主导型清单编制流程,
SRC-PWR-000138,POWER,PM10,calculated,expert_excel_workbook,,,,,既有专家主导型工作簿,,8408.33477847,252.25004335410023,既有专家主导型清单编制流程,
SRC-PWR-000138,POWER,PM2.5,calculated,expert_excel_workbook,,,,,既有专家主导型工作簿,,16.81666955694,0.5045000867082005,既有专家主导型清单编制流程,
SRC-PWR-000138,POWER,BC,calculated,expert_excel_workbook,,,,,既有专家主导型工作簿,,0.0,0.0,既有专家主导型清单编制流程,
SRC-PWR-000138,POWER,OC,calculated,expert_excel_workbook,,,,,既有专家主导型工作簿,,102.94869640000002,102.94869640000002,既有专家主导型清单编制流程,
SRC-PWR-000138,POWER,NH3,calculated,expert_excel_workbook,,,,,既有专家主导型工作簿,,0.0,0.0,既有专家主导型清单编制流程,
SRC-PWR-000139,POWER,SO2,calculated,expert_excel_workbook,,,,,既有专家主导型工作簿,,17021.291072,294.4683355456016,既有专家主导型清单编制流程,
SRC-PWR-000139,POWER,NOx,calculated,expert_excel_workbook,,,,,既有专家主导型工作簿,,18047.5747984,5414.272439520001,既有专家主导型清单编制流程,
SRC-PWR-000139,POWER,CO,calculated,expert_excel_workbook,,,,,既有专家主导型工作簿,,5006.26208,5006.26208,既有专家主导型清单编制流程,
SRC-PWR-000139,POWER,VOC,calculated,expert_excel_workbook,,,,,既有专家主导型工作簿,,32470.61585088,357.1767743596767,既有专家主导型清单编制流程,
SRC-PWR-000139,POWER,PM10,calculated,expert_excel_workbook,,,,,既有专家主导型工作簿,,8470.595439359999,254.11786318080019,既有专家主导型清单编制流程,
SRC-PWR-000139,POWER,PM2.5,calculated,expert_excel_workbook,,,,,既有专家主导型工作簿,,16.941190878719997,0.5082357263616004,既有专家主导型清单编制流程,
SRC-PWR-000139,POWER,BC,calculated,expert_excel_workbook,,,,,既有专家主导型工作簿,,0.0,0.0,既有专家主导型清单编制流程,
SRC-PWR-000139,POWER,OC,calculated,expert_excel_workbook,,,,,既有专家主导型工作簿,,100.12524160000001,100.12524160000001,既有专家主导型清单编制流程,
SRC-PWR-000139,POWER,NH3,calculated,expert_excel_workbook,,,,,既有专家主导型工作簿,,0.0,0.0,既有专家主导型清单编制流程,
SRC-PWR-000140,POWER,SO2,calculated,expert_excel_workbook,,,,,既有专家主导型工作簿,,9224.229345400001,159.57916767542088,既有专家主导型清单编制流程,
SRC-PWR-000140,POWER,NOx,calculated,expert_excel_workbook,,,,,既有专家主导型工作簿,,11506.348370299998,3451.90451109,既有专家主导型清单编制流程,
SRC-PWR-000140,POWER,CO,calculated,expert_excel_workbook,,,,,既有专家主导型工作簿,,3191.77486,3191.77486,既有专家主导型清单编制流程,
SRC-PWR-000140,POWER,VOC,calculated,expert_excel_workbook,,,,,既有专家主导型工作簿,,18389.41085589,202.28351941478815,既有专家主导型清单编制流程,
SRC-PWR-000140,POWER,PM10,calculated,expert_excel_workbook,,,,,既有专家主导型工作簿,,4797.23761458,143.91712843740012,既有专家主导型清单编制流程,
SRC-PWR-000140,POWER,PM2.5,calculated,expert_excel_workbook,,,,,既有专家主导型工作簿,,9.59447522916,0.28783425687480024,既有专家主导型清单编制流程,
SRC-PWR-000140,POWER,BC,calculated,expert_excel_workbook,,,,,既有专家主导型工作簿,,0.0,0.0,既有专家主导型清单编制流程,
SRC-PWR-000140,POWER,OC,calculated,expert_excel_workbook,,,,,既有专家主导型工作簿,,63.8354972,63.8354972,既有专家主导型清单编制流程,
SRC-PWR-000140,POWER,NH3,calculated,expert_excel_workbook,,,,,既有专家主导型工作簿,,0.0,0.0,既有专家主导型清单编制流程,
SRC-PWR-000141,POWER,SO2,calculated,expert_excel_workbook,,,,,既有专家主导型工作簿,,18787.5078451,325.02388572023176,既有专家主导型清单编制流程,
SRC-PWR-000141,POWER,NOx,calculated,expert_excel_workbook,,,,,既有专家主导型工作簿,,21535.4422199,6460.632665970001,既有专家主导型清单编制流程,
SRC-PWR-000141,POWER,CO,calculated,expert_excel_workbook,,,,,既有专家主导型工作簿,,5973.77038,5973.77038,既有专家主导型清单编制流程,
SRC-PWR-000141,POWER,VOC,calculated,expert_excel_workbook,,,,,既有专家主导型工作簿,,38076.065680822496,418.8367224890436,既有专家主导型清单编制流程,
SRC-PWR-000141,POWER,PM10,calculated,expert_excel_workbook,,,,,既有专家主导型工作簿,,9932.886699344997,297.9866009803502,既有专家主导型清单编制流程,
SRC-PWR-000141,POWER,PM2.5,calculated,expert_excel_workbook,,,,,既有专家主导型工作簿,,19.865773398689996,0.5959732019607004,既有专家主导型清单编制流程,
SRC-PWR-000141,POWER,BC,calculated,expert_excel_workbook,,,,,既有专家主导型工作簿,,0.0,0.0,既有专家主导型清单编制流程,
SRC-PWR-000141,POWER,OC,calculated,expert_excel_workbook,,,,,既有专家主导型工作簿,,119.47540760000001,119.47540760000001,既有专家主导型清单编制流程,
SRC-PWR-000141,POWER,NH3,calculated,expert_excel_workbook,,,,,既有专家主导型工作簿,,0.0,0.0,既有专家主导型清单编制流程,
SRC-PWR-000142,POWER,SO2,calculated,expert_excel_workbook,,,,,既有专家主导型工作簿,,936.8318792000001,13.115646308800013,既有专家主导型清单编制流程,
SRC-PWR-000142,POWER,NOx,calculated,expert_excel_workbook,,,,,既有专家主导型工作簿,,881.7241216000002,264.5172364800001,既有专家主导型清单编制流程,
SRC-PWR-000142,POWER,CO,calculated,expert_excel_workbook,,,,,既有专家主导型工作簿,,196.81342,196.81342,既有专家主导型清单编制流程,
SRC-PWR-000142,POWER,VOC,calculated,expert_excel_workbook,,,,,既有专家主导型工作簿,,3248.9880648232,6.497976129646406,既有专家主导型清单编制流程,
SRC-PWR-000142,POWER,PM10,calculated,expert_excel_workbook,,,,,既有专家主导型工作簿,,784.2384984056002,3.1369539936224036,既有专家主导型清单编制流程,
SRC-PWR-000142,POWER,PM2.5,calculated,expert_excel_workbook,,,,,既有专家主导型工作簿,,1.5684769968112005,0.006273907987244807,既有专家主导型清单编制流程,
SRC-PWR-000142,POWER,BC,calculated,expert_excel_workbook,,,,,既有专家主导型工作簿,,0.0,0.0,既有专家主导型清单编制流程,
SRC-PWR-000142,POWER,OC,calculated,expert_excel_workbook,,,,,既有专家主导型工作簿,,3.9362684000000003,3.9362684000000003,既有专家主导型清单编制流程,
SRC-PWR-000142,POWER,NH3,calculated,expert_excel_workbook,,,,,既有专家主导型工作簿,,0.0,0.0,既有专家主导型清单编制流程,
SRC-PWR-000143,POWER,SO2,calculated,expert_excel_workbook,,,,,既有专家主导型工作簿,,1149.8474008,16.097863611200015,既有专家主导型清单编制流程,
SRC-PWR-000143,POWER,NOx,calculated,expert_excel_workbook,,,,,既有专家主导型工作簿,,1082.2093184,324.66279552000003,既有专家主导型清单编制流程,
SRC-PWR-000143,POWER,CO,calculated,expert_excel_workbook,,,,,既有专家主导型工作簿,,241.56457999999998,241.56457999999998,既有专家主导型清单编制流程,
SRC-PWR-000143,POWER,VOC,calculated,expert_excel_workbook,,,,,既有专家主导型工作簿,,3987.7384240567994,7.975476848113606,既有专家主导型清单编制流程,
SRC-PWR-000143,POWER,PM10,calculated,expert_excel_workbook,,,,,既有专家主导型工作簿,,962.5575506344002,3.8502302025376043,既有专家主导型清单编制流程,
SRC-PWR-000143,POWER,PM2.5,calculated,expert_excel_workbook,,,,,既有专家主导型工作簿,,1.9251151012688004,0.007700460405075209,既有专家主导型清单编制流程,
SRC-PWR-000143,POWER,BC,calculated,expert_excel_workbook,,,,,既有专家主导型工作簿,,0.0,0.0,既有专家主导型清单编制流程,
SRC-PWR-000143,POWER,OC,calculated,expert_excel_workbook,,,,,既有专家主导型工作簿,,4.831291599999999,4.831291599999999,既有专家主导型清单编制流程,
SRC-PWR-000143,POWER,NH3,calculated,expert_excel_workbook,,,,,既有专家主导型工作簿,,0.0,0.0,既有专家主导型清单编制流程,
SRC-PWR-000144,POWER,SO2,calculated,expert_excel_workbook,,,,,既有专家主导型工作簿,,1153.606468,16.150490552000015,既有专家主导型清单编制流程,
SRC-PWR-000144,POWER,NOx,calculated,expert_excel_workbook,,,,,既有专家主导型工作簿,,1085.7472639999999,325.7241792,既有专家主导型清单编制流程,
SRC-PWR-000144,POWER,CO,calculated,expert_excel_workbook,,,,,既有专家主导型工作簿,,242.3543,242.3543,既有专家主导型清单编制流程,
SRC-PWR-000144,POWER,VOC,calculated,expert_excel_workbook,,,,,既有专家主导型工作簿,,4000.7750902279995,8.001550180456006,既有专家主导型清单编制流程,
SRC-PWR-000144,POWER,PM10,calculated,expert_excel_workbook,,,,,既有专家主导型工作簿,,965.7043321240002,3.8628173284960043,既有专家主导型清单编制流程,
SRC-PWR-000144,POWER,PM2.5,calculated,expert_excel_workbook,,,,,既有专家主导型工作簿,,1.9314086642480004,0.007725634656992009,既有专家主导型清单编制流程,
SRC-PWR-000144,POWER,BC,calculated,expert_excel_workbook,,,,,既有专家主导型工作簿,,0.0,0.0,既有专家主导型清单编制流程,
SRC-PWR-000144,POWER,OC,calculated,expert_excel_workbook,,,,,既有专家主导型工作簿,,4.847086,4.847086,既有专家主导型清单编制流程,
SRC-PWR-000144,POWER,NH3,calculated,expert_excel_workbook,,,,,既有专家主导型工作簿,,0.0,0.0,既有专家主导型清单编制流程,
SRC-PWR-000145,POWER,SO2,calculated,expert_excel_workbook,,,,,既有专家主导型工作簿,,2374.2494440000005,33.23949221600004,既有专家主导型清单编制流程,
SRC-PWR-000145,POWER,NOx,calculated,expert_excel_workbook,,,,,既有专家主导型工作簿,,2234.5877120000005,670.3763136000002,既有专家主导型清单编制流程,
SRC-PWR-000145,POWER,CO,calculated,expert_excel_workbook,,,,,既有专家主导型工作簿,,498.7919,498.7919,既有专家主导型清单编制流程,
SRC-PWR-000145,POWER,VOC,calculated,expert_excel_workbook,,,,,既有专家主导型工作簿,,8234.036733523999,16.46807346704801,既有专家主导型清单编制流程,
SRC-PWR-000145,POWER,PM10,calculated,expert_excel_workbook,,,,,既有专家主导型工作簿,,1987.5261080920004,7.950104432368009,既有专家主导型清单编制流程,
SRC-PWR-000145,POWER,PM2.5,calculated,expert_excel_workbook,,,,,既有专家主导型工作簿,,3.9750522161840007,0.015900208864736018,既有专家主导型清单编制流程,
SRC-PWR-000145,POWER,BC,calculated,expert_excel_workbook,,,,,既有专家主导型工作簿,,0.0,0.0,既有专家主导型清单编制流程,
SRC-PWR-000145,POWER,OC,calculated,expert_excel_workbook,,,,,既有专家主导型工作簿,,9.975838000000001,9.975838000000001,既有专家主导型清单编制流程,
SRC-PWR-000145,POWER,NH3,calculated,expert_excel_workbook,,,,,既有专家主导型工作簿,,0.0,0.0,既有专家主导型清单编制流程,
SRC-PWR-000146,POWER,SO2,calculated,expert_excel_workbook,,,,,既有专家主导型工作簿,,53.43623600000001,0.7481073040000008,既有专家主导型清单编制流程,
SRC-PWR-000146,POWER,NOx,calculated,expert_excel_workbook,,,,,既有专家主导型工作簿,,50.29292800000001,15.087878400000005,既有专家主导型清单编制流程,
SRC-PWR-000146,POWER,CO,calculated,expert_excel_workbook,,,,,既有专家主导型工作簿,,11.2261,11.2261,既有专家主导型清单编制流程,
SRC-PWR-000146,POWER,VOC,calculated,expert_excel_workbook,,,,,既有专家主导型工作簿,,185.320009756,0.3706400195120003,既有专家主导型清单编制流程,
SRC-PWR-000146,POWER,PM10,calculated,expert_excel_workbook,,,,,既有专家主导型工作簿,,44.73241614800001,0.17892966459200021,既有专家主导型清单编制流程,
SRC-PWR-000146,POWER,PM2.5,calculated,expert_excel_workbook,,,,,既有专家主导型工作簿,,0.08946483229600002,0.0003578593291840004,既有专家主导型清单编制流程,
SRC-PWR-000146,POWER,BC,calculated,expert_excel_workbook,,,,,既有专家主导型工作簿,,0.0,0.0,既有专家主导型清单编制流程,
SRC-PWR-000146,POWER,OC,calculated,expert_excel_workbook,,,,,既有专家主导型工作簿,,0.22452200000000003,0.22452200000000003,既有专家主导型清单编制流程,
SRC-PWR-000146,POWER,NH3,calculated,expert_excel_workbook,,,,,既有专家主导型工作簿,,0.0,0.0,既有专家主导型清单编制流程,
SRC-PWR-000147,POWER,SO2,calculated,expert_excel_workbook,,,,,既有专家主导型工作簿,,2.1008158488000004,2.1008158488000004,既有专家主导型清单编制流程,
SRC-PWR-000147,POWER,NOx,calculated,expert_excel_workbook,,,,,既有专家主导型工作簿,,209.87682699999996,121.72855965999999,既有专家主导型清单编制流程,
SRC-PWR-000147,POWER,CO,calculated,expert_excel_workbook,,,,,既有专家主导型工作簿,,66.546311,66.546311,既有专家主导型清单编制流程,
SRC-PWR-000147,POWER,VOC,calculated,expert_excel_workbook,,,,,既有专家主导型工作簿,,1.5356841,1.5356841,既有专家主导型清单编制流程,
SRC-PWR-000147,POWER,PM10,calculated,expert_excel_workbook,,,,,既有专家主导型工作簿,,1.5356841,1.5356841,既有专家主导型清单编制流程,
SRC-PWR-000147,POWER,PM2.5,calculated,expert_excel_workbook,,,,,既有专家主导型工作簿,,0.0,0.0,既有专家主导型清单编制流程,
SRC-PWR-000147,POWER,BC,calculated,expert_excel_workbook,,,,,既有专家主导型工作簿,,0.0,0.0,既有专家主导型清单编制流程,
SRC-PWR-000147,POWER,OC,calculated,expert_excel_workbook,,,,,既有专家主导型工作簿,,1.0237894,1.0237894,既有专家主导型清单编制流程,
SRC-PWR-000147,POWER,NH3,calculated,expert_excel_workbook,,,,,既有专家主导型工作簿,,0.0,0.0,既有专家主导型清单编制流程,
SRC-PWR-000148,POWER,SO2,calculated,expert_excel_workbook,,,,,既有专家主导型工作簿,,1.8657247752000001,1.8657247752000001,既有专家主导型清单编制流程,
SRC-PWR-000148,POWER,NOx,calculated,expert_excel_workbook,,,,,既有专家主导型工作簿,,186.39063299999998,108.10656714,既有专家主导型清单编制流程,
SRC-PWR-000148,POWER,CO,calculated,expert_excel_workbook,,,,,既有专家主导型工作簿,,59.099469000000006,59.099469000000006,既有专家主导型清单编制流程,
SRC-PWR-000148,POWER,VOC,calculated,expert_excel_workbook,,,,,既有专家主导型工作簿,,1.3638339,1.3638339,既有专家主导型清单编制流程,
SRC-PWR-000148,POWER,PM10,calculated,expert_excel_workbook,,,,,既有专家主导型工作簿,,1.3638339,1.3638339,既有专家主导型清单编制流程,
SRC-PWR-000148,POWER,PM2.5,calculated,expert_excel_workbook,,,,,既有专家主导型工作簿,,0.0,0.0,既有专家主导型清单编制流程,
SRC-PWR-000148,POWER,BC,calculated,expert_excel_workbook,,,,,既有专家主导型工作簿,,0.0,0.0,既有专家主导型清单编制流程,
SRC-PWR-000148,POWER,OC,calculated,expert_excel_workbook,,,,,既有专家主导型工作簿,,0.9092226000000001,0.9092226000000001,既有专家主导型清单编制流程,
SRC-PWR-000148,POWER,NH3,calculated,expert_excel_workbook,,,,,既有专家主导型工作簿,,0.0,0.0,既有专家主导型清单编制流程,
SRC-PWR-000149,POWER,SO2,calculated,expert_excel_workbook,,,,,既有专家主导型工作簿,,3286.3512949999995,30.56306704350028,既有专家主导型清单编制流程,
SRC-PWR-000149,POWER,NOx,calculated,expert_excel_workbook,,,,,既有专家主导型工作簿,,2280.0999194999995,387.616986315,既有专家主导型清单编制流程,
SRC-PWR-000149,POWER,CO,calculated,expert_excel_workbook,,,,,既有专家主导型工作簿,,2209.9316,2209.9316,既有专家主导型清单编制流程,
SRC-PWR-000149,POWER,VOC,calculated,expert_excel_workbook,,,,,既有专家主导型工作簿,,1570.5630267300003,9.423378160379835,既有专家主导型清单编制流程,
SRC-PWR-000149,POWER,PM10,calculated,expert_excel_workbook,,,,,既有专家主导型工作簿,,476.6066481000001,8.10231301770001,既有专家主导型清单编制流程,
SRC-PWR-000149,POWER,PM2.5,calculated,expert_excel_workbook,,,,,既有专家主导型工作簿,,1.0257720162000001,0.017438124275400018,既有专家主导型清单编制流程,
SRC-PWR-000149,POWER,BC,calculated,expert_excel_workbook,,,,,既有专家主导型工作簿,,0.0936,0.0015912000000000014,既有专家主导型清单编制流程,
SRC-PWR-000149,POWER,OC,calculated,expert_excel_workbook,,,,,既有专家主导型工作簿,,11.399721999999999,11.399721999999999,既有专家主导型清单编制流程,
SRC-PWR-000149,POWER,NH3,calculated,expert_excel_workbook,,,,,既有专家主导型工作簿,,0.0,0.0,既有专家主导型清单编制流程,
SRC-PWR-000150,POWER,SO2,calculated,expert_excel_workbook,,,,,既有专家主导型工作簿,,5610.2049048,52.17490561464048,既有专家主导型清单编制流程,
SRC-PWR-000150,POWER,NOx,calculated,expert_excel_workbook,,,,,既有专家主导型工作簿,,3996.2516402,679.3627788340002,既有专家主导型清单编制流程,
SRC-PWR-000150,POWER,CO,calculated,expert_excel_workbook,,,,,既有专家主导型工作簿,,3883.2070400000002,3883.2070400000002,既有专家主导型清单编制流程,
SRC-PWR-000150,POWER,VOC,calculated,expert_excel_workbook,,,,,既有专家主导型工作簿,,2701.627120004001,16.209762720023722,既有专家主导型清单编制流程,
SRC-PWR-000150,POWER,PM10,calculated,expert_excel_workbook,,,,,既有专家主导型工作簿,,819.4736678800002,13.931052353960016,既有专家主导型清单编制流程,
SRC-PWR-000150,POWER,PM2.5,calculated,expert_excel_workbook,,,,,既有专家主导型工作簿,,1.7243743757600005,0.029314364387920035,既有专家主导型清单编制流程,
SRC-PWR-000150,POWER,BC,calculated,expert_excel_workbook,,,,,既有专家主导型工作簿,,0.1102,0.0018734000000000018,既有专家主导型清单编制流程,
SRC-PWR-000150,POWER,OC,calculated,expert_excel_workbook,,,,,既有专家主导型工作簿,,19.8281832,19.8281832,既有专家主导型清单编制流程,
SRC-PWR-000150,POWER,NH3,calculated,expert_excel_workbook,,,,,既有专家主导型工作簿,,0.0,0.0,既有专家主导型清单编制流程,
SRC-PWR-000151,POWER,SO2,calculated,expert_excel_workbook,,,,,既有专家主导型工作簿,,923.1132600000001,58.248446706000045,既有专家主导型清单编制流程,
SRC-PWR-000151,POWER,NOx,calculated,expert_excel_workbook,,,,,既有专家主导型工作簿,,600.6604800000001,150.16512000000003,既有专家主导型清单编制流程,
SRC-PWR-000151,POWER,CO,calculated,expert_excel_workbook,,,,,既有专家主导型工作簿,,134.076,134.076,既有专家主导型清单编制流程,
SRC-PWR-000151,POWER,VOC,calculated,expert_excel_workbook,,,,,既有专家主导型工作簿,,2500.1486910000003,15.000892145999737,既有专家主导型清单编制流程,
SRC-PWR-000151,POWER,PM10,calculated,expert_excel_workbook,,,,,既有专家主导型工作簿,,652.212702,11.087615934000011,既有专家主导型清单编制流程,
SRC-PWR-000151,POWER,PM2.5,calculated,expert_excel_workbook,,,,,既有专家主导型工作簿,,1.304425404,0.02217523186800002,既有专家主导型清单编制流程,
SRC-PWR-000151,POWER,BC,calculated,expert_excel_workbook,,,,,既有专家主导型工作簿,,0.0,0.0,既有专家主导型清单编制流程,
SRC-PWR-000151,POWER,OC,calculated,expert_excel_workbook,,,,,既有专家主导型工作簿,,2.68152,2.68152,既有专家主导型清单编制流程,
SRC-PWR-000151,POWER,NH3,calculated,expert_excel_workbook,,,,,既有专家主导型工作簿,,0.0,0.0,既有专家主导型清单编制流程,
SRC-PWR-000152,POWER,SO2,calculated,expert_excel_workbook,,,,,既有专家主导型工作簿,,7994.78244,504.47077196400033,既有专家主导型清单编制流程,
SRC-PWR-000152,POWER,NOx,calculated,expert_excel_workbook,,,,,既有专家主导型工作簿,,5076.77184,1269.19296,既有专家主导型清单编制流程,
SRC-PWR-000152,POWER,CO,calculated,expert_excel_workbook,,,,,既有专家主导型工作簿,,1133.208,1133.208,既有专家主导型清单编制流程,
SRC-PWR-000152,POWER,VOC,calculated,expert_excel_workbook,,,,,既有专家主导型工作簿,,21043.247607000005,126.2594856419978,既有专家主导型清单编制流程,
SRC-PWR-000152,POWER,PM10,calculated,expert_excel_workbook,,,,,既有专家主导型工作簿,,5489.542854,93.32222851800009,既有专家主导型清单编制流程,
SRC-PWR-000152,POWER,PM2.5,calculated,expert_excel_workbook,,,,,既有专家主导型工作簿,,10.979085708000001,0.1866444570360002,既有专家主导型清单编制流程,
SRC-PWR-000152,POWER,BC,calculated,expert_excel_workbook,,,,,既有专家主导型工作簿,,0.0,0.0,既有专家主导型清单编制流程,
SRC-PWR-000152,POWER,OC,calculated,expert_excel_workbook,,,,,既有专家主导型工作簿,,22.66416,22.66416,既有专家主导型清单编制流程,
SRC-PWR-000152,POWER,NH3,calculated,expert_excel_workbook,,,,,既有专家主导型工作簿,,0.0,0.0,既有专家主导型清单编制流程,
SRC-PWR-000153,POWER,SO2,calculated,expert_excel_workbook,,,,,既有专家主导型工作簿,,1782.03333,112.44630312300008,既有专家主导型清单编制流程,
SRC-PWR-000153,POWER,NOx,calculated,expert_excel_workbook,,,,,既有专家主导型工作簿,,1361.21216,340.30304,既有专家主导型清单编制流程,
SRC-PWR-000153,POWER,CO,calculated,expert_excel_workbook,,,,,既有专家主导型工作簿,,303.842,303.842,既有专家主导型清单编制流程,
SRC-PWR-000153,POWER,VOC,calculated,expert_excel_workbook,,,,,既有专家主导型工作簿,,4611.19126776,27.667147606559514,既有专家主导型清单编制流程,
SRC-PWR-000153,POWER,PM10,calculated,expert_excel_workbook,,,,,既有专家主导型工作簿,,1113.0461680800004,18.921784857360024,既有专家主导型清单编制流程,
SRC-PWR-000153,POWER,PM2.5,calculated,expert_excel_workbook,,,,,既有专家主导型工作簿,,2.2260923361600007,0.03784356971472005,既有专家主导型清单编制流程,
SRC-PWR-000153,POWER,BC,calculated,expert_excel_workbook,,,,,既有专家主导型工作簿,,0.0,0.0,既有专家主导型清单编制流程,
SRC-PWR-000153,POWER,OC,calculated,expert_excel_workbook,,,,,既有专家主导型工作簿,,6.07684,6.07684,既有专家主导型清单编制流程,
SRC-PWR-000153,POWER,NH3,calculated,expert_excel_workbook,,,,,既有专家主导型工作簿,,0.0,0.0,既有专家主导型清单编制流程,
SRC-PWR-000154,POWER,SO2,calculated,expert_excel_workbook,,,,,既有专家主导型工作簿,,1590.96336,100.38978801600007,既有专家主导型清单编制流程,
SRC-PWR-000154,POWER,NOx,calculated,expert_excel_workbook,,,,,既有专家主导型工作簿,,1215.2627200000002,303.81568000000004,既有专家主导型清单编制流程,
SRC-PWR-000154,POWER,CO,calculated,expert_excel_workbook,,,,,既有专家主导型工作簿,,271.264,271.264,既有专家主导型清单编制流程,
SRC-PWR-000154,POWER,VOC,calculated,expert_excel_workbook,,,,,既有专家主导型工作簿,,4116.778417920001,24.70067050751957,既有专家主导型清单编制流程,
SRC-PWR-000154,POWER,PM10,calculated,expert_excel_workbook,,,,,既有专家主导型工作簿,,993.7051353600003,16.89298730112002,既有专家主导型清单编制流程,
SRC-PWR-000154,POWER,PM2.5,calculated,expert_excel_workbook,,,,,既有专家主导型工作簿,,1.9874102707200008,0.033785974602240046,既有专家主导型清单编制流程,
SRC-PWR-000154,POWER,BC,calculated,expert_excel_workbook,,,,,既有专家主导型工作簿,,0.0,0.0,既有专家主导型清单编制流程,
SRC-PWR-000154,POWER,OC,calculated,expert_excel_workbook,,,,,既有专家主导型工作簿,,5.42528,5.42528,既有专家主导型清单编制流程,
SRC-PWR-000154,POWER,NH3,calculated,expert_excel_workbook,,,,,既有专家主导型工作簿,,0.0,0.0,既有专家主导型清单编制流程,
SRC-PWR-000155,POWER,SO2,calculated,expert_excel_workbook,,,,,既有专家主导型工作簿,,1942.6109508,40.79482996679982,既有专家主导型清单编制流程,
SRC-PWR-000155,POWER,NOx,calculated,expert_excel_workbook,,,,,既有专家主导型工作簿,,2288.5988489,389.0618043130001,既有专家主导型清单编制流程,
SRC-PWR-000155,POWER,CO,calculated,expert_excel_workbook,,,,,既有专家主导型工作簿,,634.84018,634.84018,既有专家主导型清单编制流程,
SRC-PWR-000155,POWER,VOC,calculated,expert_excel_workbook,,,,,既有专家主导型工作簿,,4051.867448850001,24.311204693099576,既有专家主导型清单编制流程,
SRC-PWR-000155,POWER,PM10,calculated,expert_excel_workbook,,,,,既有专家主导型工作簿,,1057.0088997000003,17.96915129490002,既有专家主导型清单编制流程,
SRC-PWR-000155,POWER,PM2.5,calculated,expert_excel_workbook,,,,,既有专家主导型工作簿,,2.1140177994000005,0.03593830258980004,既有专家主导型清单编制流程,
SRC-PWR-000155,POWER,BC,calculated,expert_excel_workbook,,,,,既有专家主导型工作簿,,0.0,0.0,既有专家主导型清单编制流程,
SRC-PWR-000155,POWER,OC,calculated,expert_excel_workbook,,,,,既有专家主导型工作簿,,12.6968036,12.6968036,既有专家主导型清单编制流程,
SRC-PWR-000155,POWER,NH3,calculated,expert_excel_workbook,,,,,既有专家主导型工作簿,,0.0,0.0,既有专家主导型清单编制流程,
SRC-PWR-000156,POWER,SO2,calculated,expert_excel_workbook,,,,,既有专家主导型工作簿,,3334.2631998,70.0195271957997,既有专家主导型清单编制流程,
SRC-PWR-000156,POWER,NOx,calculated,expert_excel_workbook,,,,,既有专家主导型工作簿,,3625.9483666,616.4112223220002,既有专家主导型清单编制流程,
SRC-PWR-000156,POWER,CO,calculated,expert_excel_workbook,,,,,既有专家主导型工作簿,,1005.81092,1005.81092,既有专家主导型清单编制流程,
SRC-PWR-000156,POWER,VOC,calculated,expert_excel_workbook,,,,,既有专家主导型工作簿,,6723.217368375001,40.339304210249296,既有专家主导型清单编制流程,
SRC-PWR-000156,POWER,PM10,calculated,expert_excel_workbook,,,,,既有专家主导型工作簿,,1753.88279175,29.816007459750026,既有专家主导型清单编制流程,
SRC-PWR-000156,POWER,PM2.5,calculated,expert_excel_workbook,,,,,既有专家主导型工作簿,,3.5077655835000003,0.059632014919500057,既有专家主导型清单编制流程,
SRC-PWR-000156,POWER,BC,calculated,expert_excel_workbook,,,,,既有专家主导型工作簿,,0.0,0.0,既有专家主导型清单编制流程,
SRC-PWR-000156,POWER,OC,calculated,expert_excel_workbook,,,,,既有专家主导型工作簿,,20.1162184,20.1162184,既有专家主导型清单编制流程,
SRC-PWR-000156,POWER,NH3,calculated,expert_excel_workbook,,,,,既有专家主导型工作簿,,0.0,0.0,既有专家主导型清单编制流程,
SRC-PWR-000157,POWER,SO2,calculated,expert_excel_workbook,,,,,既有专家主导型工作簿,,93.50952,7.013213999999995,既有专家主导型清单编制流程,
SRC-PWR-000157,POWER,NOx,calculated,expert_excel_workbook,,,,,既有专家主导型工作簿,,114.61632,34.912131072,既有专家主导型清单编制流程,
SRC-PWR-000157,POWER,CO,calculated,expert_excel_workbook,,,,,既有专家主导型工作簿,,102.336,102.336,既有专家主导型清单编制流程,
SRC-PWR-000157,POWER,VOC,calculated,expert_excel_workbook,,,,,既有专家主导型工作簿,,110.81070000000003,0.22162140000000025,既有专家主导型清单编制流程,
SRC-PWR-000157,POWER,PM10,calculated,expert_excel_workbook,,,,,既有专家主导型工作簿,,33.57900000000001,0.13431600000000016,既有专家主导型清单编制流程,
SRC-PWR-000157,POWER,PM2.5,calculated,expert_excel_workbook,,,,,既有专家主导型工作簿,,0.06715800000000002,0.0002686320000000003,既有专家主导型清单编制流程,
SRC-PWR-000157,POWER,BC,calculated,expert_excel_workbook,,,,,既有专家主导型工作簿,,0.0,0.0,既有专家主导型清单编制流程,
SRC-PWR-000157,POWER,OC,calculated,expert_excel_workbook,,,,,既有专家主导型工作簿,,0.51168,0.51168,既有专家主导型清单编制流程,
SRC-PWR-000157,POWER,NH3,calculated,expert_excel_workbook,,,,,既有专家主导型工作簿,,0.0,0.0,既有专家主导型清单编制流程,
SRC-PWR-000158,POWER,SO2,calculated,expert_excel_workbook,,,,,既有专家主导型工作簿,,188.01319999999998,14.10098999999999,既有专家主导型清单编制流程,
SRC-PWR-000158,POWER,NOx,calculated,expert_excel_workbook,,,,,既有专家主导型工作簿,,230.4512,70.19543551999999,既有专家主导型清单编制流程,
SRC-PWR-000158,POWER,CO,calculated,expert_excel_workbook,,,,,既有专家主导型工作簿,,205.76,205.76,既有专家主导型清单编制流程,
SRC-PWR-000158,POWER,VOC,calculated,expert_excel_workbook,,,,,既有专家主导型工作簿,,222.79950000000005,0.4455990000000005,既有专家主导型清单编制流程,
SRC-PWR-000158,POWER,PM10,calculated,expert_excel_workbook,,,,,既有专家主导型工作簿,,67.51500000000001,0.2700600000000003,既有专家主导型清单编制流程,
SRC-PWR-000158,POWER,PM2.5,calculated,expert_excel_workbook,,,,,既有专家主导型工作簿,,0.13503000000000004,0.0005401200000000006,既有专家主导型清单编制流程,
SRC-PWR-000158,POWER,BC,calculated,expert_excel_workbook,,,,,既有专家主导型工作簿,,0.0,0.0,既有专家主导型清单编制流程,
SRC-PWR-000158,POWER,OC,calculated,expert_excel_workbook,,,,,既有专家主导型工作簿,,1.0288,1.0288,既有专家主导型清单编制流程,
SRC-PWR-000158,POWER,NH3,calculated,expert_excel_workbook,,,,,既有专家主导型工作簿,,0.0,0.0,既有专家主导型清单编制流程,
SRC-PWR-000159,POWER,SO2,calculated,expert_excel_workbook,,,,,既有专家主导型工作簿,,94.35748,7.076810999999996,既有专家主导型清单编制流程,
SRC-PWR-000159,POWER,NOx,calculated,expert_excel_workbook,,,,,既有专家主导型工作簿,,115.65568,35.228720128,既有专家主导型清单编制流程,
SRC-PWR-000159,POWER,CO,calculated,expert_excel_workbook,,,,,既有专家主导型工作簿,,103.264,103.264,既有专家主导型清单编制流程,
SRC-PWR-000159,POWER,VOC,calculated,expert_excel_workbook,,,,,既有专家主导型工作簿,,111.81555000000003,0.22363110000000025,既有专家主导型清单编制流程,
SRC-PWR-000159,POWER,PM10,calculated,expert_excel_workbook,,,,,既有专家主导型工作簿,,33.883500000000005,0.13553400000000015,既有专家主导型清单编制流程,
SRC-PWR-000159,POWER,PM2.5,calculated,expert_excel_workbook,,,,,既有专家主导型工作簿,,0.06776700000000001,0.0002710680000000003,既有专家主导型清单编制流程,
SRC-PWR-000159,POWER,BC,calculated,expert_excel_workbook,,,,,既有专家主导型工作簿,,0.0,0.0,既有专家主导型清单编制流程,
SRC-PWR-000159,POWER,OC,calculated,expert_excel_workbook,,,,,既有专家主导型工作簿,,0.51632,0.51632,既有专家主导型清单编制流程,
SRC-PWR-000159,POWER,NH3,calculated,expert_excel_workbook,,,,,既有专家主导型工作簿,,0.0,0.0,既有专家主导型清单编制流程,
SRC-PWR-000160,POWER,SO2,calculated,expert_excel_workbook,,,,,既有专家主导型工作簿,,94.1528,7.061459999999996,既有专家主导型清单编制流程,
SRC-PWR-000160,POWER,NOx,calculated,expert_excel_workbook,,,,,既有专家主导型工作簿,,115.40480000000002,35.152302080000005,既有专家主导型清单编制流程,
SRC-PWR-000160,POWER,CO,calculated,expert_excel_workbook,,,,,既有专家主导型工作簿,,103.04,103.04,既有专家主导型清单编制流程,
SRC-PWR-000160,POWER,VOC,calculated,expert_excel_workbook,,,,,既有专家主导型工作簿,,111.57300000000002,0.22314600000000023,既有专家主导型清单编制流程,
SRC-PWR-000160,POWER,PM10,calculated,expert_excel_workbook,,,,,既有专家主导型工作簿,,33.81000000000001,0.13524000000000017,既有专家主导型清单编制流程,
SRC-PWR-000160,POWER,PM2.5,calculated,expert_excel_workbook,,,,,既有专家主导型工作簿,,0.06762000000000001,0.0002704800000000003,既有专家主导型清单编制流程,
SRC-PWR-000160,POWER,BC,calculated,expert_excel_workbook,,,,,既有专家主导型工作簿,,0.0,0.0,既有专家主导型清单编制流程,
SRC-PWR-000160,POWER,OC,calculated,expert_excel_workbook,,,,,既有专家主导型工作簿,,0.5152,0.5152,既有专家主导型清单编制流程,
SRC-PWR-000160,POWER,NH3,calculated,expert_excel_workbook,,,,,既有专家主导型工作簿,,0.0,0.0,既有专家主导型清单编制流程,
SRC-PWR-000161,POWER,SO2,calculated,expert_excel_workbook,,,,,既有专家主导型工作簿,,4.782348,4.782348,既有专家主导型清单编制流程,
SRC-PWR-000161,POWER,NOx,calculated,expert_excel_workbook,,,,,既有专家主导型工作簿,,163.39688999999996,34.434724177802394,既有专家主导型清单编制流程,
SRC-PWR-000161,POWER,CO,calculated,expert_excel_workbook,,,,,既有专家主导型工作簿,,51.80877000000001,51.80877000000001,既有专家主导型清单编制流程,
SRC-PWR-000161,POWER,VOC,calculated,expert_excel_workbook,,,,,既有专家主导型工作簿,,1.1955869999999997,1.1955869999999997,既有专家主导型清单编制流程,
SRC-PWR-000161,POWER,PM10,calculated,expert_excel_workbook,,,,,既有专家主导型工作簿,,1.1955869999999997,1.1955869999999997,既有专家主导型清单编制流程,
SRC-PWR-000161,POWER,PM2.5,calculated,expert_excel_workbook,,,,,既有专家主导型工作簿,,0.0,0.0,既有专家主导型清单编制流程,
SRC-PWR-000161,POWER,BC,calculated,expert_excel_workbook,,,,,既有专家主导型工作簿,,0.0,0.0,既有专家主导型清单编制流程,
SRC-PWR-000161,POWER,OC,calculated,expert_excel_workbook,,,,,既有专家主导型工作簿,,0.797058,0.797058,既有专家主导型清单编制流程,
SRC-PWR-000161,POWER,NH3,calculated,expert_excel_workbook,,,,,既有专家主导型工作簿,,0.0,0.0,既有专家主导型清单编制流程,
SRC-PWR-000162,POWER,SO2,calculated,expert_excel_workbook,,,,,既有专家主导型工作簿,,5.4725592,5.4725592,既有专家主导型清单编制流程,
SRC-PWR-000162,POWER,NOx,calculated,expert_excel_workbook,,,,,既有专家主导型工作簿,,186.979106,68.50815281030086,既有专家主导型清单编制流程,
SRC-PWR-000162,POWER,CO,calculated,expert_excel_workbook,,,,,既有专家主导型工作簿,,59.286058,59.286058,既有专家主导型清单编制流程,
SRC-PWR-000162,POWER,VOC,calculated,expert_excel_workbook,,,,,既有专家主导型工作簿,,1.3681398,1.3681398,既有专家主导型清单编制流程,
SRC-PWR-000162,POWER,PM10,calculated,expert_excel_workbook,,,,,既有专家主导型工作簿,,1.3681398,1.3681398,既有专家主导型清单编制流程,
SRC-PWR-000162,POWER,PM2.5,calculated,expert_excel_workbook,,,,,既有专家主导型工作簿,,0.0,0.0,既有专家主导型清单编制流程,
SRC-PWR-000162,POWER,BC,calculated,expert_excel_workbook,,,,,既有专家主导型工作簿,,0.0,0.0,既有专家主导型清单编制流程,
SRC-PWR-000162,POWER,OC,calculated,expert_excel_workbook,,,,,既有专家主导型工作簿,,0.9120932,0.9120932,既有专家主导型清单编制流程,
SRC-PWR-000162,POWER,NH3,calculated,expert_excel_workbook,,,,,既有专家主导型工作簿,,0.0,0.0,既有专家主导型清单编制流程,
SRC-PWR-000163,POWER,SO2,calculated,expert_excel_workbook,,,,,既有专家主导型工作簿,,4.0271832,4.0271832,既有专家主导型清单编制流程,
SRC-PWR-000163,POWER,NOx,calculated,expert_excel_workbook,,,,,既有专家主导型工作簿,,137.595426,37.38690033928138,既有专家主导型清单编制流程,
SRC-PWR-000163,POWER,CO,calculated,expert_excel_workbook,,,,,既有专家主导型工作簿,,43.627818,43.627818,既有专家主导型清单编制流程,
SRC-PWR-000163,POWER,VOC,calculated,expert_excel_workbook,,,,,既有专家主导型工作簿,,1.0067958,1.0067958,既有专家主导型清单编制流程,
SRC-PWR-000163,POWER,PM10,calculated,expert_excel_workbook,,,,,既有专家主导型工作簿,,1.0067958,1.0067958,既有专家主导型清单编制流程,
SRC-PWR-000163,POWER,PM2.5,calculated,expert_excel_workbook,,,,,既有专家主导型工作簿,,0.0,0.0,既有专家主导型清单编制流程,
SRC-PWR-000163,POWER,BC,calculated,expert_excel_workbook,,,,,既有专家主导型工作簿,,0.0,0.0,既有专家主导型清单编制流程,
SRC-PWR-000163,POWER,OC,calculated,expert_excel_workbook,,,,,既有专家主导型工作簿,,0.6711971999999999,0.6711971999999999,既有专家主导型清单编制流程,
SRC-PWR-000163,POWER,NH3,calculated,expert_excel_workbook,,,,,既有专家主导型工作簿,,0.0,0.0,既有专家主导型清单编制流程,
SRC-PWR-000164,POWER,SO2,calculated,expert_excel_workbook,,,,,既有专家主导型工作簿,,260.228112,36.952391904,既有专家主导型清单编制流程,
SRC-PWR-000164,POWER,NOx,calculated,expert_excel_workbook,,,,,既有专家主导型工作簿,,457.1850752000001,114.29626880000002,既有专家主导型清单编制流程,
SRC-PWR-000164,POWER,CO,calculated,expert_excel_workbook,,,,,既有专家主导型工作簿,,102.05024,102.05024,既有专家主导型清单编制流程,
SRC-PWR-000164,POWER,VOC,calculated,expert_excel_workbook,,,,,既有专家主导型工作簿,,1056.219984,2.112439968000002,既有专家主导型清单编制流程,
SRC-PWR-000164,POWER,PM10,calculated,expert_excel_workbook,,,,,既有专家主导型工作簿,,275.535648,1.102142592000001,既有专家主导型清单编制流程,
SRC-PWR-000164,POWER,PM2.5,calculated,expert_excel_workbook,,,,,既有专家主导型工作簿,,0.5510712959999999,0.0022042851840000017,既有专家主导型清单编制流程,
SRC-PWR-000164,POWER,BC,calculated,expert_excel_workbook,,,,,既有专家主导型工作簿,,0.0,0.0,既有专家主导型清单编制流程,
SRC-PWR-000164,POWER,OC,calculated,expert_excel_workbook,,,,,既有专家主导型工作簿,,2.0410048,2.0410048,既有专家主导型清单编制流程,
SRC-PWR-000164,POWER,NH3,calculated,expert_excel_workbook,,,,,既有专家主导型工作簿,,0.0,0.0,既有专家主导型清单编制流程,
SRC-PWR-000165,POWER,SO2,calculated,expert_excel_workbook,,,,,既有专家主导型工作簿,,255.047685,36.21677127,既有专家主导型清单编制流程,
SRC-PWR-000165,POWER,NOx,calculated,expert_excel_workbook,,,,,既有专家主导型工作簿,,448.083776,112.020944,既有专家主导型清单编制流程,
SRC-PWR-000165,POWER,CO,calculated,expert_excel_workbook,,,,,既有专家主导型工作簿,,100.0187,100.0187,既有专家主导型清单编制流程,
SRC-PWR-000165,POWER,VOC,calculated,expert_excel_workbook,,,,,既有专家主导型工作簿,,1035.1935449999999,2.0703870900000014,既有专家主导型清单编制流程,
SRC-PWR-000165,POWER,PM10,calculated,expert_excel_workbook,,,,,既有专家主导型工作簿,,270.05048999999997,1.0802019600000008,既有专家主导型清单编制流程,
SRC-PWR-000165,POWER,PM2.5,calculated,expert_excel_workbook,,,,,既有专家主导型工作簿,,0.54010098,0.002160403920000002,既有专家主导型清单编制流程,
SRC-PWR-000165,POWER,BC,calculated,expert_excel_workbook,,,,,既有专家主导型工作簿,,0.0,0.0,既有专家主导型清单编制流程,
SRC-PWR-000165,POWER,OC,calculated,expert_excel_workbook,,,,,既有专家主导型工作簿,,2.000374,2.000374,既有专家主导型清单编制流程,
SRC-PWR-000165,POWER,NH3,calculated,expert_excel_workbook,,,,,既有专家主导型工作簿,,0.0,0.0,既有专家主导型清单编制流程,
SRC-PWR-000166,POWER,SO2,calculated,expert_excel_workbook,,,,,既有专家主导型工作簿,,132.56386650000002,18.824069043000005,既有专家主导型清单编制流程,
SRC-PWR-000166,POWER,NOx,calculated,expert_excel_workbook,,,,,既有专家主导型工作簿,,232.89651840000002,58.224129600000005,既有专家主导型清单编制流程,
SRC-PWR-000166,POWER,CO,calculated,expert_excel_workbook,,,,,既有专家主导型工作簿,,51.98583,51.98583,既有专家主导型清单编制流程,
SRC-PWR-000166,POWER,VOC,calculated,expert_excel_workbook,,,,,既有专家主导型工作簿,,506.54992752000004,1.013099855040001,既有专家主导型清单编制流程,
SRC-PWR-000166,POWER,PM10,calculated,expert_excel_workbook,,,,,既有专家主导型工作簿,,122.27067216000002,0.4890826886400005,既有专家主导型清单编制流程,
SRC-PWR-000166,POWER,PM2.5,calculated,expert_excel_workbook,,,,,既有专家主导型工作簿,,0.24454134432000005,0.000978165377280001,既有专家主导型清单编制流程,
SRC-PWR-000166,POWER,BC,calculated,expert_excel_workbook,,,,,既有专家主导型工作簿,,0.0,0.0,既有专家主导型清单编制流程,
SRC-PWR-000166,POWER,OC,calculated,expert_excel_workbook,,,,,既有专家主导型工作簿,,1.0397166,1.0397166,既有专家主导型清单编制流程,
SRC-PWR-000166,POWER,NH3,calculated,expert_excel_workbook,,,,,既有专家主导型工作簿,,0.0,0.0,既有专家主导型清单编制流程,
SRC-PWR-000167,POWER,SO2,calculated,expert_excel_workbook,,,,,既有专家主导型工作簿,,132.56386650000002,18.824069043000005,既有专家主导型清单编制流程,
SRC-PWR-000167,POWER,NOx,calculated,expert_excel_workbook,,,,,既有专家主导型工作簿,,232.89651840000002,58.224129600000005,既有专家主导型清单编制流程,
SRC-PWR-000167,POWER,CO,calculated,expert_excel_workbook,,,,,既有专家主导型工作簿,,51.98583,51.98583,既有专家主导型清单编制流程,
SRC-PWR-000167,POWER,VOC,calculated,expert_excel_workbook,,,,,既有专家主导型工作簿,,506.54992752000004,1.013099855040001,既有专家主导型清单编制流程,
SRC-PWR-000167,POWER,PM10,calculated,expert_excel_workbook,,,,,既有专家主导型工作簿,,122.27067216000002,0.4890826886400005,既有专家主导型清单编制流程,
SRC-PWR-000167,POWER,PM2.5,calculated,expert_excel_workbook,,,,,既有专家主导型工作簿,,0.24454134432000005,0.000978165377280001,既有专家主导型清单编制流程,
SRC-PWR-000167,POWER,BC,calculated,expert_excel_workbook,,,,,既有专家主导型工作簿,,0.0,0.0,既有专家主导型清单编制流程,
SRC-PWR-000167,POWER,OC,calculated,expert_excel_workbook,,,,,既有专家主导型工作簿,,1.0397166,1.0397166,既有专家主导型清单编制流程,
SRC-PWR-000167,POWER,NH3,calculated,expert_excel_workbook,,,,,既有专家主导型工作簿,,0.0,0.0,既有专家主导型清单编制流程,
SRC-PWR-000168,POWER,SO2,calculated,expert_excel_workbook,,,,,既有专家主导型工作簿,,126.46674000000002,25.293347999999998,既有专家主导型清单编制流程,
SRC-PWR-000168,POWER,NOx,calculated,expert_excel_workbook,,,,,既有专家主导型工作簿,,180.14976000000001,90.07488000000001,既有专家主导型清单编制流程,
SRC-PWR-000168,POWER,CO,calculated,expert_excel_workbook,,,,,既有专家主导型工作簿,,40.212,40.212,既有专家主导型清单编制流程,
SRC-PWR-000168,POWER,VOC,calculated,expert_excel_workbook,,,,,既有专家主导型工作簿,,579.24903456,3.475494207359939,既有专家主导型清单编制流程,
SRC-PWR-000168,POWER,PM10,calculated,expert_excel_workbook,,,,,既有专家主导型工作簿,,139.81873248000002,2.3769184521600026,既有专家主导型清单编制流程,
SRC-PWR-000168,POWER,PM2.5,calculated,expert_excel_workbook,,,,,既有专家主导型工作簿,,0.27963746496,0.004753836904320004,既有专家主导型清单编制流程,
SRC-PWR-000168,POWER,BC,calculated,expert_excel_workbook,,,,,既有专家主导型工作簿,,0.0,0.0,既有专家主导型清单编制流程,
SRC-PWR-000168,POWER,OC,calculated,expert_excel_workbook,,,,,既有专家主导型工作簿,,0.80424,0.80424,既有专家主导型清单编制流程,
SRC-PWR-000168,POWER,NH3,calculated,expert_excel_workbook,,,,,既有专家主导型工作簿,,0.0,0.0,既有专家主导型清单编制流程,
SRC-PWR-000169,POWER,SO2,calculated,expert_excel_workbook,,,,,既有专家主导型工作簿,,63.23337000000001,12.646673999999999,既有专家主导型清单编制流程,
SRC-PWR-000169,POWER,NOx,calculated,expert_excel_workbook,,,,,既有专家主导型工作簿,,90.07488000000001,45.037440000000004,既有专家主导型清单编制流程,
SRC-PWR-000169,POWER,CO,calculated,expert_excel_workbook,,,,,既有专家主导型工作簿,,20.106,20.106,既有专家主导型清单编制流程,
SRC-PWR-000169,POWER,VOC,calculated,expert_excel_workbook,,,,,既有专家主导型工作簿,,289.62451728,1.7377471036799694,既有专家主导型清单编制流程,
SRC-PWR-000169,POWER,PM10,calculated,expert_excel_workbook,,,,,既有专家主导型工作簿,,69.90936624000001,1.1884592260800013,既有专家主导型清单编制流程,
SRC-PWR-000169,POWER,PM2.5,calculated,expert_excel_workbook,,,,,既有专家主导型工作簿,,0.13981873248,0.002376918452160002,既有专家主导型清单编制流程,
SRC-PWR-000169,POWER,BC,calculated,expert_excel_workbook,,,,,既有专家主导型工作簿,,0.0,0.0,既有专家主导型清单编制流程,
SRC-PWR-000169,POWER,OC,calculated,expert_excel_workbook,,,,,既有专家主导型工作簿,,0.40212,0.40212,既有专家主导型清单编制流程,
SRC-PWR-000169,POWER,NH3,calculated,expert_excel_workbook,,,,,既有专家主导型工作簿,,0.0,0.0,既有专家主导型清单编制流程,
SRC-PWR-000170,POWER,SO2,calculated,expert_excel_workbook,,,,,既有专家主导型工作簿,,5503.60278,347.27733541800023,既有专家主导型清单编制流程,
SRC-PWR-000170,POWER,NOx,calculated,expert_excel_workbook,,,,,既有专家主导型工作簿,,5985.06426,1795.5192780000002,既有专家主导型清单编制流程,
SRC-PWR-000170,POWER,CO,calculated,expert_excel_workbook,,,,,既有专家主导型工作簿,,1660.212,1660.212,既有专家主导型清单编制流程,
SRC-PWR-000170,POWER,VOC,calculated,expert_excel_workbook,,,,,既有专家主导型工作簿,,8892.302998500001,53.35381799099907,既有专家主导型清单编制流程,
SRC-PWR-000170,POWER,PM10,calculated,expert_excel_workbook,,,,,既有专家主导型工作簿,,2319.731217,39.435430689000036,既有专家主导型清单编制流程,
SRC-PWR-000170,POWER,PM2.5,calculated,expert_excel_workbook,,,,,既有专家主导型工作簿,,4.639462434,0.07887086137800008,既有专家主导型清单编制流程,
SRC-PWR-000170,POWER,BC,calculated,expert_excel_workbook,,,,,既有专家主导型工作簿,,0.0,0.0,既有专家主导型清单编制流程,
SRC-PWR-000170,POWER,OC,calculated,expert_excel_workbook,,,,,既有专家主导型工作簿,,33.20424,33.20424,既有专家主导型清单编制流程,
SRC-PWR-000170,POWER,NH3,calculated,expert_excel_workbook,,,,,既有专家主导型工作簿,,0.0,0.0,既有专家主导型清单编制流程,
SRC-PWR-000171,POWER,SO2,calculated,expert_excel_workbook,,,,,既有专家主导型工作簿,,4310.66025,272.0026617750002,既有专家主导型清单编制流程,
SRC-PWR-000171,POWER,NOx,calculated,expert_excel_workbook,,,,,既有专家主导型工作簿,,4687.76175,1406.3285250000001,既有专家主导型清单编制流程,
SRC-PWR-000171,POWER,CO,calculated,expert_excel_workbook,,,,,既有专家主导型工作簿,,1300.35,1300.35,既有专家主导型清单编制流程,
SRC-PWR-000171,POWER,VOC,calculated,expert_excel_workbook,,,,,既有专家主导型工作簿,,7020.914737500002,42.12548842499927,既有专家主导型清单编制流程,
SRC-PWR-000171,POWER,PM10,calculated,expert_excel_workbook,,,,,既有专家主导型工作簿,,1831.542975,31.136230575000027,既有专家主导型清单编制流程,
SRC-PWR-000171,POWER,PM2.5,calculated,expert_excel_workbook,,,,,既有专家主导型工作簿,,3.66308595,0.062272461150000055,既有专家主导型清单编制流程,
SRC-PWR-000171,POWER,BC,calculated,expert_excel_workbook,,,,,既有专家主导型工作簿,,0.0,0.0,既有专家主导型清单编制流程,
SRC-PWR-000171,POWER,OC,calculated,expert_excel_workbook,,,,,既有专家主导型工作簿,,26.007,26.007,既有专家主导型清单编制流程,
SRC-PWR-000171,POWER,NH3,calculated,expert_excel_workbook,,,,,既有专家主导型工作簿,,0.0,0.0,既有专家主导型清单编制流程,
SRC-PWR-000172,POWER,SO2,calculated,expert_excel_workbook,,,,,既有专家主导型工作簿,,1.1773488,1.1773488,既有专家主导型清单编制流程,
SRC-PWR-000172,POWER,NOx,calculated,expert_excel_workbook,,,,,既有专家主导型工作簿,,120.67825199999997,69.99338615999999,既有专家主导型清单编制流程,
SRC-PWR-000172,POWER,CO,calculated,expert_excel_workbook,,,,,既有专家主导型工作簿,,38.263836,38.263836,既有专家主导型清单编制流程,
SRC-PWR-000172,POWER,VOC,calculated,expert_excel_workbook,,,,,既有专家主导型工作簿,,0.8830116,0.8830116,既有专家主导型清单编制流程,
SRC-PWR-000172,POWER,PM10,calculated,expert_excel_workbook,,,,,既有专家主导型工作簿,,0.8830116,0.8830116,既有专家主导型清单编制流程,
SRC-PWR-000172,POWER,PM2.5,calculated,expert_excel_workbook,,,,,既有专家主导型工作簿,,0.0,0.0,既有专家主导型清单编制流程,
SRC-PWR-000172,POWER,BC,calculated,expert_excel_workbook,,,,,既有专家主导型工作簿,,0.0,0.0,既有专家主导型清单编制流程,
SRC-PWR-000172,POWER,OC,calculated,expert_excel_workbook,,,,,既有专家主导型工作簿,,0.5886743999999999,0.5886743999999999,既有专家主导型清单编制流程,
SRC-PWR-000172,POWER,NH3,calculated,expert_excel_workbook,,,,,既有专家主导型工作簿,,0.0,0.0,既有专家主导型清单编制流程,
SRC-PWR-000173,POWER,SO2,calculated,expert_excel_workbook,,,,,既有专家主导型工作簿,,1.7401844,1.7401844,既有专家主导型清单编制流程,
SRC-PWR-000173,POWER,NOx,calculated,expert_excel_workbook,,,,,既有专家主导型工作簿,,178.368901,103.45396258000001,既有专家主导型清单编制流程,
SRC-PWR-000173,POWER,CO,calculated,expert_excel_workbook,,,,,既有专家主导型工作簿,,56.55599300000001,56.55599300000001,既有专家主导型清单编制流程,
SRC-PWR-000173,POWER,VOC,calculated,expert_excel_workbook,,,,,既有专家主导型工作簿,,1.3051383,1.3051383,既有专家主导型清单编制流程,
SRC-PWR-000173,POWER,PM10,calculated,expert_excel_workbook,,,,,既有专家主导型工作簿,,1.3051383,1.3051383,既有专家主导型清单编制流程,
SRC-PWR-000173,POWER,PM2.5,calculated,expert_excel_workbook,,,,,既有专家主导型工作簿,,0.0,0.0,既有专家主导型清单编制流程,
SRC-PWR-000173,POWER,BC,calculated,expert_excel_workbook,,,,,既有专家主导型工作簿,,0.0,0.0,既有专家主导型清单编制流程,
SRC-PWR-000173,POWER,OC,calculated,expert_excel_workbook,,,,,既有专家主导型工作簿,,0.8700922000000002,0.8700922000000002,既有专家主导型清单编制流程,
SRC-PWR-000173,POWER,NH3,calculated,expert_excel_workbook,,,,,既有专家主导型工作簿,,0.0,0.0,既有专家主导型清单编制流程,
SRC-PWR-000174,POWER,SO2,calculated,expert_excel_workbook,,,,,既有专家主导型工作簿,,1054.93619,215.523463617,既有专家主导型清单编制流程,
SRC-PWR-000174,POWER,NOx,calculated,expert_excel_workbook,,,,,既有专家主导型工作簿,,1134.72128,397.152448,既有专家主导型清单编制流程,
SRC-PWR-000174,POWER,CO,calculated,expert_excel_workbook,,,,,既有专家主导型工作簿,,253.286,253.286,既有专家主导型清单编制流程,
SRC-PWR-000174,POWER,VOC,calculated,expert_excel_workbook,,,,,既有专家主导型工作簿,,3547.7770020000003,7.0955540040000065,既有专家主导型清单编制流程,
SRC-PWR-000174,POWER,PM10,calculated,expert_excel_workbook,,,,,既有专家主导型工作簿,,856.3599660000001,3.4254398640000034,既有专家主导型清单编制流程,
SRC-PWR-000174,POWER,PM2.5,calculated,expert_excel_workbook,,,,,既有专家主导型工作簿,,1.7127199320000002,0.0068508797280000065,既有专家主导型清单编制流程,
SRC-PWR-000174,POWER,BC,calculated,expert_excel_workbook,,,,,既有专家主导型工作簿,,0.0,0.0,既有专家主导型清单编制流程,
SRC-PWR-000174,POWER,OC,calculated,expert_excel_workbook,,,,,既有专家主导型工作簿,,5.065720000000001,5.065720000000001,既有专家主导型清单编制流程,
SRC-PWR-000174,POWER,NH3,calculated,expert_excel_workbook,,,,,既有专家主导型工作簿,,0.0,0.0,既有专家主导型清单编制流程,
SRC-PWR-000175,POWER,SO2,calculated,expert_excel_workbook,,,,,既有专家主导型工作簿,,1275.3979699999998,260.563805271,既有专家主导型清单编制流程,
SRC-PWR-000175,POWER,NOx,calculated,expert_excel_workbook,,,,,既有专家主导型工作簿,,1371.8566400000002,480.149824,既有专家主导型清单编制流程,
SRC-PWR-000175,POWER,CO,calculated,expert_excel_workbook,,,,,既有专家主导型工作簿,,306.218,306.218,既有专家主导型清单编制流程,
SRC-PWR-000175,POWER,VOC,calculated,expert_excel_workbook,,,,,既有专家主导型工作簿,,4289.195526,8.578391052000008,既有专家主导型清单编制流程,
SRC-PWR-000175,POWER,PM10,calculated,expert_excel_workbook,,,,,既有专家主导型工作簿,,1035.3230580000002,4.141292232000004,既有专家主导型清单编制流程,
SRC-PWR-000175,POWER,PM2.5,calculated,expert_excel_workbook,,,,,既有专家主导型工作簿,,2.0706461160000003,0.008282584464000008,既有专家主导型清单编制流程,
SRC-PWR-000175,POWER,BC,calculated,expert_excel_workbook,,,,,既有专家主导型工作簿,,0.0,0.0,既有专家主导型清单编制流程,
SRC-PWR-000175,POWER,OC,calculated,expert_excel_workbook,,,,,既有专家主导型工作簿,,6.12436,6.12436,既有专家主导型清单编制流程,
SRC-PWR-000175,POWER,NH3,calculated,expert_excel_workbook,,,,,既有专家主导型工作簿,,0.0,0.0,既有专家主导型清单编制流程,
SRC-PWR-000176,POWER,SO2,calculated,expert_excel_workbook,,,,,既有专家主导型工作簿,,624.8582899999999,127.658548647,既有专家主导型清单编制流程,
SRC-PWR-000176,POWER,NOx,calculated,expert_excel_workbook,,,,,既有专家主导型工作簿,,672.1164800000001,235.24076800000003,既有专家主导型清单编制流程,
SRC-PWR-000176,POWER,CO,calculated,expert_excel_workbook,,,,,既有专家主导型工作簿,,150.026,150.026,既有专家主导型清单编制流程,
SRC-PWR-000176,POWER,VOC,calculated,expert_excel_workbook,,,,,既有专家主导型工作簿,,2101.414182,4.202828364000004,既有专家主导型清单编制流程,
SRC-PWR-000176,POWER,PM10,calculated,expert_excel_workbook,,,,,既有专家主导型工作簿,,507.23790600000007,2.028951624000002,既有专家主导型清单编制流程,
SRC-PWR-000176,POWER,PM2.5,calculated,expert_excel_workbook,,,,,既有专家主导型工作簿,,1.0144758120000001,0.004057903248000004,既有专家主导型清单编制流程,
SRC-PWR-000176,POWER,BC,calculated,expert_excel_workbook,,,,,既有专家主导型工作簿,,0.0,0.0,既有专家主导型清单编制流程,
SRC-PWR-000176,POWER,OC,calculated,expert_excel_workbook,,,,,既有专家主导型工作簿,,3.00052,3.00052,既有专家主导型清单编制流程,
SRC-PWR-000176,POWER,NH3,calculated,expert_excel_workbook,,,,,既有专家主导型工作簿,,0.0,0.0,既有专家主导型清单编制流程,
SRC-PWR-000177,POWER,SO2,calculated,expert_excel_workbook,,,,,既有专家主导型工作簿,,789.8006199999999,161.356266666,既有专家主导型清单编制流程,
SRC-PWR-000177,POWER,NOx,calculated,expert_excel_workbook,,,,,既有专家主导型工作簿,,849.53344,297.336704,既有专家主导型清单编制流程,
SRC-PWR-000177,POWER,CO,calculated,expert_excel_workbook,,,,,既有专家主导型工作簿,,189.628,189.628,既有专家主导型清单编制流程,
SRC-PWR-000177,POWER,VOC,calculated,expert_excel_workbook,,,,,既有专家主导型工作簿,,2656.119396,5.312238792000005,既有专家主导型清单编制流程,
SRC-PWR-000177,POWER,PM10,calculated,expert_excel_workbook,,,,,既有专家主导型工作簿,,641.1322680000001,2.5645290720000027,既有专家主导型清单编制流程,
SRC-PWR-000177,POWER,PM2.5,calculated,expert_excel_workbook,,,,,既有专家主导型工作簿,,1.2822645360000002,0.005129058144000005,既有专家主导型清单编制流程,
SRC-PWR-000177,POWER,BC,calculated,expert_excel_workbook,,,,,既有专家主导型工作簿,,0.0,0.0,既有专家主导型清单编制流程,
SRC-PWR-000177,POWER,OC,calculated,expert_excel_workbook,,,,,既有专家主导型工作簿,,3.79256,3.79256,既有专家主导型清单编制流程,
SRC-PWR-000177,POWER,NH3,calculated,expert_excel_workbook,,,,,既有专家主导型工作簿,,0.0,0.0,既有专家主导型清单编制流程,
SRC-PWR-000178,POWER,SO2,calculated,expert_excel_workbook,,,,,既有专家主导型工作簿,,757.4718899999999,154.75150712700002,既有专家主导型清单编制流程,
SRC-PWR-000178,POWER,NOx,calculated,expert_excel_workbook,,,,,既有专家主导型工作簿,,814.75968,285.165888,既有专家主导型清单编制流程,
SRC-PWR-000178,POWER,CO,calculated,expert_excel_workbook,,,,,既有专家主导型工作簿,,181.866,181.866,既有专家主导型清单编制流程,
SRC-PWR-000178,POWER,VOC,calculated,expert_excel_workbook,,,,,既有专家主导型工作簿,,2547.397062,5.094794124000004,既有专家主导型清单编制流程,
SRC-PWR-000178,POWER,PM10,calculated,expert_excel_workbook,,,,,既有专家主导型工作簿,,614.888946,2.459555784000002,既有专家主导型清单编制流程,
SRC-PWR-000178,POWER,PM2.5,calculated,expert_excel_workbook,,,,,既有专家主导型工作簿,,1.229777892,0.004919111568000004,既有专家主导型清单编制流程,
SRC-PWR-000178,POWER,BC,calculated,expert_excel_workbook,,,,,既有专家主导型工作簿,,0.0,0.0,既有专家主导型清单编制流程,
SRC-PWR-000178,POWER,OC,calculated,expert_excel_workbook,,,,,既有专家主导型工作簿,,3.6373200000000003,3.6373200000000003,既有专家主导型清单编制流程,
SRC-PWR-000178,POWER,NH3,calculated,expert_excel_workbook,,,,,既有专家主导型工作簿,,0.0,0.0,既有专家主导型清单编制流程,
SRC-PWR-000179,POWER,SO2,calculated,expert_excel_workbook,,,,,既有专家主导型工作簿,,823.1705999999999,168.17375358,既有专家主导型清单编制流程,
SRC-PWR-000179,POWER,NOx,calculated,expert_excel_workbook,,,,,既有专家主导型工作簿,,885.4272000000001,309.89952,既有专家主导型清单编制流程,
SRC-PWR-000179,POWER,CO,calculated,expert_excel_workbook,,,,,既有专家主导型工作簿,,197.64,197.64,既有专家主导型清单编制流程,
SRC-PWR-000179,POWER,VOC,calculated,expert_excel_workbook,,,,,既有专家主导型工作簿,,2768.34348,5.536686960000005,既有专家主导型清单编制流程,
SRC-PWR-000179,POWER,PM10,calculated,expert_excel_workbook,,,,,既有专家主导型工作簿,,668.2208400000001,2.672883360000003,既有专家主导型清单编制流程,
SRC-PWR-000179,POWER,PM2.5,calculated,expert_excel_workbook,,,,,既有专家主导型工作簿,,1.33644168,0.005345766720000005,既有专家主导型清单编制流程,
SRC-PWR-000179,POWER,BC,calculated,expert_excel_workbook,,,,,既有专家主导型工作簿,,0.0,0.0,既有专家主导型清单编制流程,
SRC-PWR-000179,POWER,OC,calculated,expert_excel_workbook,,,,,既有专家主导型工作簿,,3.9528000000000003,3.9528000000000003,既有专家主导型清单编制流程,
SRC-PWR-000179,POWER,NH3,calculated,expert_excel_workbook,,,,,既有专家主导型工作簿,,0.0,0.0,既有专家主导型清单编制流程,
SRC-PWR-000180,POWER,SO2,calculated,expert_excel_workbook,,,,,既有专家主导型工作簿,,833.3415299999999,170.25167457900002,既有专家主导型清单编制流程,
SRC-PWR-000180,POWER,NOx,calculated,expert_excel_workbook,,,,,既有专家主导型工作簿,,896.3673600000001,313.72857600000003,既有专家主导型清单编制流程,
SRC-PWR-000180,POWER,CO,calculated,expert_excel_workbook,,,,,既有专家主导型工作簿,,200.082,200.082,既有专家主导型清单编制流程,
SRC-PWR-000180,POWER,VOC,calculated,expert_excel_workbook,,,,,既有专家主导型工作簿,,2802.548574,5.605097148000005,既有专家主导型清单编制流程,
SRC-PWR-000180,POWER,PM10,calculated,expert_excel_workbook,,,,,既有专家主导型工作簿,,676.477242,2.705908968000003,既有专家主导型清单编制流程,
SRC-PWR-000180,POWER,PM2.5,calculated,expert_excel_workbook,,,,,既有专家主导型工作簿,,1.352954484,0.005411817936000005,既有专家主导型清单编制流程,
SRC-PWR-000180,POWER,BC,calculated,expert_excel_workbook,,,,,既有专家主导型工作簿,,0.0,0.0,既有专家主导型清单编制流程,
SRC-PWR-000180,POWER,OC,calculated,expert_excel_workbook,,,,,既有专家主导型工作簿,,4.00164,4.00164,既有专家主导型清单编制流程,
SRC-PWR-000180,POWER,NH3,calculated,expert_excel_workbook,,,,,既有专家主导型工作簿,,0.0,0.0,既有专家主导型清单编制流程,
SRC-PWR-000181,POWER,SO2,calculated,expert_excel_workbook,,,,,既有专家主导型工作簿,,10908.636499999999,545.4318250000005,既有专家主导型清单编制流程,
SRC-PWR-000181,POWER,NOx,calculated,expert_excel_workbook,,,,,既有专家主导型工作簿,,7462.16975,1119.3254625000002,既有专家主导型清单编制流程,
SRC-PWR-000181,POWER,CO,calculated,expert_excel_workbook,,,,,既有专家主导型工作簿,,2069.95,2069.95,既有专家主导型清单编制流程,
SRC-PWR-000181,POWER,VOC,calculated,expert_excel_workbook,,,,,既有专家主导型工作簿,,28636.723275,315.0039560249971,既有专家主导型清单编制流程,
SRC-PWR-000181,POWER,PM10,calculated,expert_excel_workbook,,,,,既有专家主导型工作簿,,7470.449549999998,224.11348650000016,既有专家主导型清单编制流程,
SRC-PWR-000181,POWER,PM2.5,calculated,expert_excel_workbook,,,,,既有专家主导型工作簿,,14.940899099999998,0.4482269730000003,既有专家主导型清单编制流程,
SRC-PWR-000181,POWER,BC,calculated,expert_excel_workbook,,,,,既有专家主导型工作簿,,0.0,0.0,既有专家主导型清单编制流程,
SRC-PWR-000181,POWER,OC,calculated,expert_excel_workbook,,,,,既有专家主导型工作簿,,41.399,41.399,既有专家主导型清单编制流程,
SRC-PWR-000181,POWER,NH3,calculated,expert_excel_workbook,,,,,既有专家主导型工作簿,,0.0,0.0,既有专家主导型清单编制流程,
SRC-PWR-000182,POWER,SO2,calculated,expert_excel_workbook,,,,,既有专家主导型工作簿,,9808.226669999998,490.41133350000035,既有专家主导型清单编制流程,
SRC-PWR-000182,POWER,NOx,calculated,expert_excel_workbook,,,,,既有专家主导型工作簿,,7050.5796900000005,1057.5869535000002,既有专家主导型清单编制流程,
SRC-PWR-000182,POWER,CO,calculated,expert_excel_workbook,,,,,既有专家主导型工作簿,,1955.778,1955.778,既有专家主导型清单编制流程,
SRC-PWR-000182,POWER,VOC,calculated,expert_excel_workbook,,,,,既有专家主导型工作簿,,24898.031829,273.87835011899745,既有专家主导型清单编制流程,
SRC-PWR-000182,POWER,PM10,calculated,expert_excel_workbook,,,,,既有专家主导型工作簿,,6495.138738000001,194.8541621400002,既有专家主导型清单编制流程,
SRC-PWR-000182,POWER,PM2.5,calculated,expert_excel_workbook,,,,,既有专家主导型工作簿,,12.990277476000001,0.38970832428000035,既有专家主导型清单编制流程,
SRC-PWR-000182,POWER,BC,calculated,expert_excel_workbook,,,,,既有专家主导型工作簿,,0.0,0.0,既有专家主导型清单编制流程,
SRC-PWR-000182,POWER,OC,calculated,expert_excel_workbook,,,,,既有专家主导型工作簿,,39.115559999999995,39.115559999999995,既有专家主导型清单编制流程,
SRC-PWR-000182,POWER,NH3,calculated,expert_excel_workbook,,,,,既有专家主导型工作簿,,0.0,0.0,既有专家主导型清单编制流程,
SRC-PWR-000183,POWER,SO2,calculated,expert_excel_workbook,,,,,既有专家主导型工作簿,,19.87942464,19.87942464,既有专家主导型清单编制流程,
SRC-PWR-000183,POWER,NOx,calculated,expert_excel_workbook,,,,,既有专家主导型工作簿,,24.297074560000002,14.092303244800004,既有专家主导型清单编制流程,
SRC-PWR-000183,POWER,CO,calculated,expert_excel_workbook,,,,,既有专家主导型工作簿,,2.3387558399999997,2.3387558399999997,既有专家主导型清单编制流程,
SRC-PWR-000183,POWER,VOC,calculated,expert_excel_workbook,,,,,既有专家主导型工作簿,,1.10441248,1.10441248,既有专家主导型清单编制流程,
SRC-PWR-000183,POWER,PM10,calculated,expert_excel_workbook,,,,,既有专家主导型工作簿,,1.10441248,1.10441248,既有专家主导型清单编制流程,
SRC-PWR-000183,POWER,PM2.5,calculated,expert_excel_workbook,,,,,既有专家主导型工作簿,,0.12993088,0.12993088,既有专家主导型清单编制流程,
SRC-PWR-000183,POWER,BC,calculated,expert_excel_workbook,,,,,既有专家主导型工作簿,,0.5846889599999999,0.5846889599999999,既有专家主导型清单编制流程,
SRC-PWR-000183,POWER,OC,calculated,expert_excel_workbook,,,,,既有专家主导型工作簿,,214.385952,214.385952,既有专家主导型清单编制流程,
SRC-PWR-000183,POWER,NH3,calculated,expert_excel_workbook,,,,,既有专家主导型工作簿,,0.0,0.0,既有专家主导型清单编制流程,
SRC-PWR-000184,POWER,SO2,calculated,expert_excel_workbook,,,,,既有专家主导型工作簿,,12.2568453,12.2568453,既有专家主导型清单编制流程,
SRC-PWR-000184,POWER,NOx,calculated,expert_excel_workbook,,,,,既有专家主导型工作簿,,14.980588700000002,8.688741446000002,既有专家主导型清单编制流程,
SRC-PWR-000184,POWER,CO,calculated,expert_excel_workbook,,,,,既有专家主导型工作簿,,1.4419818,1.4419818,既有专家主导型清单编制流程,
SRC-PWR-000184,POWER,VOC,calculated,expert_excel_workbook,,,,,既有专家主导型工作簿,,0.6809358500000001,0.6809358500000001,既有专家主导型清单编制流程,
SRC-PWR-000184,POWER,PM10,calculated,expert_excel_workbook,,,,,既有专家主导型工作簿,,0.6809358500000001,0.6809358500000001,既有专家主导型清单编制流程,
SRC-PWR-000184,POWER,PM2.5,calculated,expert_excel_workbook,,,,,既有专家主导型工作簿,,0.0801101,0.0801101,既有专家主导型清单编制流程,
SRC-PWR-000184,POWER,BC,calculated,expert_excel_workbook,,,,,既有专家主导型工作簿,,0.36049545,0.36049545,既有专家主导型清单编制流程,
SRC-PWR-000184,POWER,OC,calculated,expert_excel_workbook,,,,,既有专家主导型工作簿,,132.181665,132.181665,既有专家主导型清单编制流程,
SRC-PWR-000184,POWER,NH3,calculated,expert_excel_workbook,,,,,既有专家主导型工作簿,,0.0,0.0,既有专家主导型清单编制流程,
SRC-PWR-000185,POWER,SO2,calculated,expert_excel_workbook,,,,,既有专家主导型工作簿,,31.30946712,31.30946712,既有专家主导型清单编制流程,
SRC-PWR-000185,POWER,NOx,calculated,expert_excel_workbook,,,,,既有专家主导型工作簿,,38.26712648000001,22.194933358400007,既有专家主导型清单编制流程,
SRC-PWR-000185,POWER,CO,calculated,expert_excel_workbook,,,,,既有专家主导型工作簿,,3.68346672,3.68346672,既有专家主导型清单编制流程,
SRC-PWR-000185,POWER,VOC,calculated,expert_excel_workbook,,,,,既有专家主导型工作簿,,1.7394148400000005,1.7394148400000005,既有专家主导型清单编制流程,
SRC-PWR-000185,POWER,PM10,calculated,expert_excel_workbook,,,,,既有专家主导型工作簿,,1.7394148400000005,1.7394148400000005,既有专家主导型清单编制流程,
SRC-PWR-000185,POWER,PM2.5,calculated,expert_excel_workbook,,,,,既有专家主导型工作簿,,0.20463704000000002,0.20463704000000002,既有专家主导型清单编制流程,
SRC-PWR-000185,POWER,BC,calculated,expert_excel_workbook,,,,,既有专家主导型工作簿,,0.92086668,0.92086668,既有专家主导型清单编制流程,
SRC-PWR-000185,POWER,OC,calculated,expert_excel_workbook,,,,,既有专家主导型工作簿,,337.65111600000006,337.65111600000006,既有专家主导型清单编制流程,
SRC-PWR-000185,POWER,NH3,calculated,expert_excel_workbook,,,,,既有专家主导型工作簿,,0.0,0.0,既有专家主导型清单编制流程,
SRC-PWR-000186,POWER,SO2,calculated,expert_excel_workbook,,,,,既有专家主导型工作簿,,71.9712,25.189919999999997,既有专家主导型清单编制流程,
SRC-PWR-000186,POWER,NOx,calculated,expert_excel_workbook,,,,,既有专家主导型工作簿,,79.02720000000001,7.902719999999999,既有专家主导型清单编制流程,
SRC-PWR-000186,POWER,CO,calculated,expert_excel_workbook,,,,,既有专家主导型工作簿,,17.64,17.64,既有专家主导型清单编制流程,
SRC-PWR-000186,POWER,VOC,calculated,expert_excel_workbook,,,,,既有专家主导型工作簿,,298.7919648,1.7927517887999684,既有专家主导型清单编制流程,
SRC-PWR-000186,POWER,PM10,calculated,expert_excel_workbook,,,,,既有专家主导型工作簿,,72.12219840000002,1.2260773728000014,既有专家主导型清单编制流程,
SRC-PWR-000186,POWER,PM2.5,calculated,expert_excel_workbook,,,,,既有专家主导型工作簿,,0.14424439680000004,0.002452154745600003,既有专家主导型清单编制流程,
SRC-PWR-000186,POWER,BC,calculated,expert_excel_workbook,,,,,既有专家主导型工作簿,,0.0,0.0,既有专家主导型清单编制流程,
SRC-PWR-000186,POWER,OC,calculated,expert_excel_workbook,,,,,既有专家主导型工作簿,,0.3528,0.3528,既有专家主导型清单编制流程,
SRC-PWR-000186,POWER,NH3,calculated,expert_excel_workbook,,,,,既有专家主导型工作簿,,0.0,0.0,既有专家主导型清单编制流程,
SRC-PWR-000187,POWER,SO2,calculated,expert_excel_workbook,,,,,既有专家主导型工作簿,,7.613279999999999,2.6646479999999992,既有专家主导型清单编制流程,
SRC-PWR-000187,POWER,NOx,calculated,expert_excel_workbook,,,,,既有专家主导型工作簿,,8.35968,0.8359679999999999,既有专家主导型清单编制流程,
SRC-PWR-000187,POWER,CO,calculated,expert_excel_workbook,,,,,既有专家主导型工作簿,,1.866,1.866,既有专家主导型清单编制流程,
SRC-PWR-000187,POWER,VOC,calculated,expert_excel_workbook,,,,,既有专家主导型工作簿,,31.60690512,0.18964143071999667,既有专家主导型清单编制流程,
SRC-PWR-000187,POWER,PM10,calculated,expert_excel_workbook,,,,,既有专家主导型工作簿,,7.629252960000001,0.12969730032000015,既有专家主导型清单编制流程,
SRC-PWR-000187,POWER,PM2.5,calculated,expert_excel_workbook,,,,,既有专家主导型工作簿,,0.015258505920000004,0.0002593946006400003,既有专家主导型清单编制流程,
SRC-PWR-000187,POWER,BC,calculated,expert_excel_workbook,,,,,既有专家主导型工作簿,,0.0,0.0,既有专家主导型清单编制流程,
SRC-PWR-000187,POWER,OC,calculated,expert_excel_workbook,,,,,既有专家主导型工作簿,,0.03732,0.03732,既有专家主导型清单编制流程,
SRC-PWR-000187,POWER,NH3,calculated,expert_excel_workbook,,,,,既有专家主导型工作簿,,0.0,0.0,既有专家主导型清单编制流程,
SRC-PWR-000188,POWER,SO2,calculated,expert_excel_workbook,,,,,既有专家主导型工作簿,,528.1967999999999,184.86887999999996,既有专家主导型清单编制流程,
SRC-PWR-000188,POWER,NOx,calculated,expert_excel_workbook,,,,,既有专家主导型工作簿,,579.9808,57.998079999999995,既有专家主导型清单编制流程,
SRC-PWR-000188,POWER,CO,calculated,expert_excel_workbook,,,,,既有专家主导型工作簿,,129.46,129.46,既有专家主导型清单编制流程,
SRC-PWR-000188,POWER,VOC,calculated,expert_excel_workbook,,,,,既有专家主导型工作簿,,2192.8349072,13.157009443199769,既有专家主导型清单编制流程,
SRC-PWR-000188,POWER,PM10,calculated,expert_excel_workbook,,,,,既有专家主导型工作簿,,529.3049776,8.998184619200009,既有专家主导型清单编制流程,
SRC-PWR-000188,POWER,PM2.5,calculated,expert_excel_workbook,,,,,既有专家主导型工作簿,,1.0586099552000001,0.017996369238400017,既有专家主导型清单编制流程,
SRC-PWR-000188,POWER,BC,calculated,expert_excel_workbook,,,,,既有专家主导型工作簿,,0.0,0.0,既有专家主导型清单编制流程,
SRC-PWR-000188,POWER,OC,calculated,expert_excel_workbook,,,,,既有专家主导型工作簿,,2.5892000000000004,2.5892000000000004,既有专家主导型清单编制流程,
SRC-PWR-000188,POWER,NH3,calculated,expert_excel_workbook,,,,,既有专家主导型工作簿,,0.0,0.0,既有专家主导型清单编制流程,
SRC-PWR-000189,POWER,SO2,calculated,expert_excel_workbook,,,,,既有专家主导型工作簿,,5.6,5.6,既有专家主导型清单编制流程,
SRC-PWR-000189,POWER,NOx,calculated,expert_excel_workbook,,,,,既有专家主导型工作簿,,573.9999999999999,332.91999999999996,既有专家主导型清单编制流程,
SRC-PWR-000189,POWER,CO,calculated,expert_excel_workbook,,,,,既有专家主导型工作簿,,182.0,182.0,既有专家主导型清单编制流程,
SRC-PWR-000189,POWER,VOC,calculated,expert_excel_workbook,,,,,既有专家主导型工作簿,,4.2,4.2,既有专家主导型清单编制流程,
SRC-PWR-000189,POWER,PM10,calculated,expert_excel_workbook,,,,,既有专家主导型工作簿,,4.2,4.2,既有专家主导型清单编制流程,
SRC-PWR-000189,POWER,PM2.5,calculated,expert_excel_workbook,,,,,既有专家主导型工作簿,,0.0,0.0,既有专家主导型清单编制流程,
SRC-PWR-000189,POWER,BC,calculated,expert_excel_workbook,,,,,既有专家主导型工作簿,,0.0,0.0,既有专家主导型清单编制流程,
SRC-PWR-000189,POWER,OC,calculated,expert_excel_workbook,,,,,既有专家主导型工作簿,,2.8,2.8,既有专家主导型清单编制流程,
SRC-PWR-000189,POWER,NH3,calculated,expert_excel_workbook,,,,,既有专家主导型工作簿,,0.0,0.0,既有专家主导型清单编制流程,
SRC-PWR-000190,POWER,SO2,calculated,expert_excel_workbook,,,,,既有专家主导型工作簿,,1.1958108,1.1958108,既有专家主导型清单编制流程,
SRC-PWR-000190,POWER,NOx,calculated,expert_excel_workbook,,,,,既有专家主导型工作簿,,122.570607,71.09095206,既有专家主导型清单编制流程,
SRC-PWR-000190,POWER,CO,calculated,expert_excel_workbook,,,,,既有专家主导型工作簿,,38.863851,38.863851,既有专家主导型清单编制流程,
SRC-PWR-000190,POWER,VOC,calculated,expert_excel_workbook,,,,,既有专家主导型工作簿,,0.8968581000000001,0.8968581000000001,既有专家主导型清单编制流程,
SRC-PWR-000190,POWER,PM10,calculated,expert_excel_workbook,,,,,既有专家主导型工作簿,,0.8968581000000001,0.8968581000000001,既有专家主导型清单编制流程,
SRC-PWR-000190,POWER,PM2.5,calculated,expert_excel_workbook,,,,,既有专家主导型工作簿,,0.0,0.0,既有专家主导型清单编制流程,
SRC-PWR-000190,POWER,BC,calculated,expert_excel_workbook,,,,,既有专家主导型工作簿,,0.0,0.0,既有专家主导型清单编制流程,
SRC-PWR-000190,POWER,OC,calculated,expert_excel_workbook,,,,,既有专家主导型工作簿,,0.5979054,0.5979054,既有专家主导型清单编制流程,
SRC-PWR-000190,POWER,NH3,calculated,expert_excel_workbook,,,,,既有专家主导型工作簿,,0.0,0.0,既有专家主导型清单编制流程,
SRC-PWR-000191,POWER,SO2,calculated,expert_excel_workbook,,,,,既有专家主导型工作簿,,0.06534294,0.06534294,既有专家主导型清单编制流程,
SRC-PWR-000191,POWER,NOx,calculated,expert_excel_workbook,,,,,既有专家主导型工作簿,,446.51009,258.9758522,既有专家主导型清单编制流程,
SRC-PWR-000191,POWER,CO,calculated,expert_excel_workbook,,,,,既有专家主导型工作簿,,141.57637,141.57637,既有专家主导型清单编制流程,
SRC-PWR-000191,POWER,VOC,calculated,expert_excel_workbook,,,,,既有专家主导型工作簿,,3.267147,3.267147,既有专家主导型清单编制流程,
SRC-PWR-000191,POWER,PM10,calculated,expert_excel_workbook,,,,,既有专家主导型工作簿,,3.267147,3.267147,既有专家主导型清单编制流程,
SRC-PWR-000191,POWER,PM2.5,calculated,expert_excel_workbook,,,,,既有专家主导型工作簿,,0.0,0.0,既有专家主导型清单编制流程,
SRC-PWR-000191,POWER,BC,calculated,expert_excel_workbook,,,,,既有专家主导型工作簿,,0.0,0.0,既有专家主导型清单编制流程,
SRC-PWR-000191,POWER,OC,calculated,expert_excel_workbook,,,,,既有专家主导型工作簿,,2.178098,2.178098,既有专家主导型清单编制流程,
SRC-PWR-000191,POWER,NH3,calculated,expert_excel_workbook,,,,,既有专家主导型工作簿,,0.0,0.0,既有专家主导型清单编制流程,
SRC-PWR-000192,POWER,SO2,calculated,expert_excel_workbook,,,,,既有专家主导型工作簿,,0.05900574000000001,0.05900574000000001,既有专家主导型清单编制流程,
SRC-PWR-000192,POWER,NOx,calculated,expert_excel_workbook,,,,,既有专家主导型工作簿,,403.20589,233.85941620000003,既有专家主导型清单编制流程,
SRC-PWR-000192,POWER,CO,calculated,expert_excel_workbook,,,,,既有专家主导型工作簿,,127.84577000000002,127.84577000000002,既有专家主导型清单编制流程,
SRC-PWR-000192,POWER,VOC,calculated,expert_excel_workbook,,,,,既有专家主导型工作簿,,2.950287,2.950287,既有专家主导型清单编制流程,
SRC-PWR-000192,POWER,PM10,calculated,expert_excel_workbook,,,,,既有专家主导型工作簿,,2.950287,2.950287,既有专家主导型清单编制流程,
SRC-PWR-000192,POWER,PM2.5,calculated,expert_excel_workbook,,,,,既有专家主导型工作簿,,0.0,0.0,既有专家主导型清单编制流程,
SRC-PWR-000192,POWER,BC,calculated,expert_excel_workbook,,,,,既有专家主导型工作簿,,0.0,0.0,既有专家主导型清单编制流程,
SRC-PWR-000192,POWER,OC,calculated,expert_excel_workbook,,,,,既有专家主导型工作簿,,1.9668580000000002,1.9668580000000002,既有专家主导型清单编制流程,
SRC-PWR-000192,POWER,NH3,calculated,expert_excel_workbook,,,,,既有专家主导型工作簿,,0.0,0.0,既有专家主导型清单编制流程,
SRC-PWR-000193,POWER,SO2,calculated,expert_excel_workbook,,,,,既有专家主导型工作簿,,0.010016639999999999,0.010016639999999999,既有专家主导型清单编制流程,
SRC-PWR-000193,POWER,NOx,calculated,expert_excel_workbook,,,,,既有专家主导型工作簿,,145.632,84.46656000000002,既有专家主导型清单编制流程,
SRC-PWR-000193,POWER,CO,calculated,expert_excel_workbook,,,,,既有专家主导型工作簿,,46.176,46.176,既有专家主导型清单编制流程,
SRC-PWR-000193,POWER,VOC,calculated,expert_excel_workbook,,,,,既有专家主导型工作簿,,1.0656,1.0656,既有专家主导型清单编制流程,
SRC-PWR-000193,POWER,PM10,calculated,expert_excel_workbook,,,,,既有专家主导型工作簿,,1.0656,1.0656,既有专家主导型清单编制流程,
SRC-PWR-000193,POWER,PM2.5,calculated,expert_excel_workbook,,,,,既有专家主导型工作簿,,0.0,0.0,既有专家主导型清单编制流程,
SRC-PWR-000193,POWER,BC,calculated,expert_excel_workbook,,,,,既有专家主导型工作簿,,0.0,0.0,既有专家主导型清单编制流程,
SRC-PWR-000193,POWER,OC,calculated,expert_excel_workbook,,,,,既有专家主导型工作簿,,0.7104000000000001,0.7104000000000001,既有专家主导型清单编制流程,
SRC-PWR-000193,POWER,NH3,calculated,expert_excel_workbook,,,,,既有专家主导型工作簿,,0.0,0.0,既有专家主导型清单编制流程,
SRC-PWR-000194,POWER,SO2,calculated,expert_excel_workbook,,,,,既有专家主导型工作簿,,0.020633939999999996,0.020633939999999996,既有专家主导型清单编制流程,
SRC-PWR-000194,POWER,NOx,calculated,expert_excel_workbook,,,,,既有专家主导型工作簿,,299.997,173.99826000000002,既有专家主导型清单编制流程,
SRC-PWR-000194,POWER,CO,calculated,expert_excel_workbook,,,,,既有专家主导型工作簿,,95.121,95.121,既有专家主导型清单编制流程,
SRC-PWR-000194,POWER,VOC,calculated,expert_excel_workbook,,,,,既有专家主导型工作簿,,2.1951,2.1951,既有专家主导型清单编制流程,
SRC-PWR-000194,POWER,PM10,calculated,expert_excel_workbook,,,,,既有专家主导型工作簿,,2.1951,2.1951,既有专家主导型清单编制流程,
SRC-PWR-000194,POWER,PM2.5,calculated,expert_excel_workbook,,,,,既有专家主导型工作簿,,0.0,0.0,既有专家主导型清单编制流程,
SRC-PWR-000194,POWER,BC,calculated,expert_excel_workbook,,,,,既有专家主导型工作簿,,0.0,0.0,既有专家主导型清单编制流程,
SRC-PWR-000194,POWER,OC,calculated,expert_excel_workbook,,,,,既有专家主导型工作簿,,1.4634,1.4634,既有专家主导型清单编制流程,
SRC-PWR-000194,POWER,NH3,calculated,expert_excel_workbook,,,,,既有专家主导型工作簿,,0.0,0.0,既有专家主导型清单编制流程,
SRC-PWR-000195,POWER,SO2,calculated,expert_excel_workbook,,,,,既有专家主导型工作簿,,7377.047999999999,115.08194880000042,既有专家主导型清单编制流程,
SRC-PWR-000195,POWER,NOx,calculated,expert_excel_workbook,,,,,既有专家主导型工作簿,,4334.148,1300.2444000000003,既有专家主导型清单编制流程,
SRC-PWR-000195,POWER,CO,calculated,expert_excel_workbook,,,,,既有专家主导型工作簿,,1058.4,1058.4,既有专家主导型清单编制流程,
SRC-PWR-000195,POWER,VOC,calculated,expert_excel_workbook,,,,,既有专家主导型工作簿,,16861.836096000003,185.48019705599833,既有专家主导型清单编制流程,
SRC-PWR-000195,POWER,PM10,calculated,expert_excel_workbook,,,,,既有专家主导型工作簿,,4070.098368000001,122.10295104000014,既有专家主导型清单编制流程,
SRC-PWR-000195,POWER,PM2.5,calculated,expert_excel_workbook,,,,,既有专家主导型工作簿,,8.140196736000002,0.24420590208000026,既有专家主导型清单编制流程,
SRC-PWR-000195,POWER,BC,calculated,expert_excel_workbook,,,,,既有专家主导型工作簿,,0.0,0.0,既有专家主导型清单编制流程,
SRC-PWR-000195,POWER,OC,calculated,expert_excel_workbook,,,,,既有专家主导型工作簿,,21.168,21.168,既有专家主导型清单编制流程,
SRC-PWR-000195,POWER,NH3,calculated,expert_excel_workbook,,,,,既有专家主导型工作簿,,0.0,0.0,既有专家主导型清单编制流程,
SRC-PWR-000196,POWER,SO2,calculated,expert_excel_workbook,,,,,既有专家主导型工作簿,,7192.835999999999,112.2082416000004,既有专家主导型清单编制流程,
SRC-PWR-000196,POWER,NOx,calculated,expert_excel_workbook,,,,,既有专家主导型工作簿,,4125.303,1237.5909000000001,既有专家主导型清单编制流程,
SRC-PWR-000196,POWER,CO,calculated,expert_excel_workbook,,,,,既有专家主导型工作簿,,1007.4,1007.4,既有专家主导型清单编制流程,
SRC-PWR-000196,POWER,VOC,calculated,expert_excel_workbook,,,,,既有专家主导型工作簿,,16049.332656000002,176.5426592159984,既有专家主导型清单编制流程,
SRC-PWR-000196,POWER,PM10,calculated,expert_excel_workbook,,,,,既有专家主导型工作簿,,3873.9768480000007,116.21930544000013,既有专家主导型清单编制流程,
SRC-PWR-000196,POWER,PM2.5,calculated,expert_excel_workbook,,,,,既有专家主导型工作簿,,7.7479536960000015,0.23243861088000026,既有专家主导型清单编制流程,
SRC-PWR-000196,POWER,BC,calculated,expert_excel_workbook,,,,,既有专家主导型工作簿,,0.0,0.0,既有专家主导型清单编制流程,
SRC-PWR-000196,POWER,OC,calculated,expert_excel_workbook,,,,,既有专家主导型工作簿,,20.148,20.148,既有专家主导型清单编制流程,
SRC-PWR-000196,POWER,NH3,calculated,expert_excel_workbook,,,,,既有专家主导型工作簿,,0.0,0.0,既有专家主导型清单编制流程,
SRC-PWR-000197,POWER,SO2,calculated,expert_excel_workbook,,,,,既有专家主导型工作簿,,78.409559,1.8975113278,既有专家主导型清单编制流程,
SRC-PWR-000197,POWER,NOx,calculated,expert_excel_workbook,,,,,既有专家主导型工作簿,,149.19296000000003,37.29824000000001,既有专家主导型清单编制流程,
SRC-PWR-000197,POWER,CO,calculated,expert_excel_workbook,,,,,既有专家主导型工作簿,,33.302,33.302,既有专家主导型清单编制流程,
SRC-PWR-000197,POWER,VOC,calculated,expert_excel_workbook,,,,,既有专家主导型工作簿,,360.45951592,3.9650546751199633,既有专家主导型清单编制流程,
SRC-PWR-000197,POWER,PM10,calculated,expert_excel_workbook,,,,,既有专家主导型工作簿,,87.00746936000002,2.610224080800003,既有专家主导型清单编制流程,
SRC-PWR-000197,POWER,PM2.5,calculated,expert_excel_workbook,,,,,既有专家主导型工作簿,,0.17401493872000004,0.005220448161600006,既有专家主导型清单编制流程,
SRC-PWR-000197,POWER,BC,calculated,expert_excel_workbook,,,,,既有专家主导型工作簿,,0.0,0.0,既有专家主导型清单编制流程,
SRC-PWR-000197,POWER,OC,calculated,expert_excel_workbook,,,,,既有专家主导型工作簿,,0.66604,0.66604,既有专家主导型清单编制流程,
SRC-PWR-000197,POWER,NH3,calculated,expert_excel_workbook,,,,,既有专家主导型工作簿,,0.0,0.0,既有专家主导型清单编制流程,
SRC-PWR-000198,POWER,SO2,calculated,expert_excel_workbook,,,,,既有专家主导型工作簿,,215.57802,5.2169880840000005,既有专家主导型清单编制流程,
SRC-PWR-000198,POWER,NOx,calculated,expert_excel_workbook,,,,,既有专家主导型工作簿,,410.18880000000007,102.54720000000002,既有专家主导型清单编制流程,
SRC-PWR-000198,POWER,CO,calculated,expert_excel_workbook,,,,,既有专家主导型工作簿,,91.56,91.56,既有专家主导型清单编制流程,
SRC-PWR-000198,POWER,VOC,calculated,expert_excel_workbook,,,,,既有专家主导型工作簿,,991.0417776,10.901459553599901,既有专家主导型清单编制流程,
SRC-PWR-000198,POWER,PM10,calculated,expert_excel_workbook,,,,,既有专家主导型工作簿,,239.21698080000004,7.176509424000008,既有专家主导型清单编制流程,
SRC-PWR-000198,POWER,PM2.5,calculated,expert_excel_workbook,,,,,既有专家主导型工作簿,,0.4784339616000001,0.014353018848000016,既有专家主导型清单编制流程,
SRC-PWR-000198,POWER,BC,calculated,expert_excel_workbook,,,,,既有专家主导型工作簿,,0.0,0.0,既有专家主导型清单编制流程,
SRC-PWR-000198,POWER,OC,calculated,expert_excel_workbook,,,,,既有专家主导型工作簿,,1.8312,1.8312,既有专家主导型清单编制流程,
SRC-PWR-000198,POWER,NH3,calculated,expert_excel_workbook,,,,,既有专家主导型工作簿,,0.0,0.0,既有专家主导型清单编制流程,
SRC-PWR-000199,POWER,SO2,calculated,expert_excel_workbook,,,,,既有专家主导型工作簿,,118.92108600000002,2.8778902812000005,既有专家主导型清单编制流程,
SRC-PWR-000199,POWER,NOx,calculated,expert_excel_workbook,,,,,既有专家主导型工作簿,,226.27584000000002,56.568960000000004,既有专家主导型清单编制流程,
SRC-PWR-000199,POWER,CO,calculated,expert_excel_workbook,,,,,既有专家主导型工作簿,,50.508,50.508,既有专家主导型清单编制流程,
SRC-PWR-000199,POWER,VOC,calculated,expert_excel_workbook,,,,,既有专家主导型工作簿,,546.69657168,6.013662288479945,既有专家主导型清单编制流程,
SRC-PWR-000199,POWER,PM10,calculated,expert_excel_workbook,,,,,既有专家主导型工作簿,,131.96124144000004,3.9588372432000045,既有专家主导型清单编制流程,
SRC-PWR-000199,POWER,PM2.5,calculated,expert_excel_workbook,,,,,既有专家主导型工作簿,,0.2639224828800001,0.00791767448640001,既有专家主导型清单编制流程,
SRC-PWR-000199,POWER,BC,calculated,expert_excel_workbook,,,,,既有专家主导型工作簿,,0.0,0.0,既有专家主导型清单编制流程,
SRC-PWR-000199,POWER,OC,calculated,expert_excel_workbook,,,,,既有专家主导型工作簿,,1.01016,1.01016,既有专家主导型清单编制流程,
SRC-PWR-000199,POWER,NH3,calculated,expert_excel_workbook,,,,,既有专家主导型工作簿,,0.0,0.0,既有专家主导型清单编制流程,
SRC-PWR-000200,POWER,SO2,calculated,expert_excel_workbook,,,,,既有专家主导型工作簿,,667.1286599499999,66.71286599499997,既有专家主导型清单编制流程,
SRC-PWR-000200,POWER,NOx,calculated,expert_excel_workbook,,,,,既有专家主导型工作簿,,1212.4691264000003,303.11728160000007,既有专家主导型清单编制流程,
SRC-PWR-000200,POWER,CO,calculated,expert_excel_workbook,,,,,既有专家主导型工作簿,,270.64043,270.64043,既有专家主导型清单编制流程,
SRC-PWR-000200,POWER,VOC,calculated,expert_excel_workbook,,,,,既有专家主导型工作簿,,1307.572173502,2.6151443470040023,既有专家主导型清单编制流程,
SRC-PWR-000200,POWER,PM10,calculated,expert_excel_workbook,,,,,既有专家主导型工作簿,,315.62086946600004,1.2624834778640013,既有专家主导型清单编制流程,
SRC-PWR-000200,POWER,PM2.5,calculated,expert_excel_workbook,,,,,既有专家主导型工作簿,,0.6312417389320001,0.0025249669557280024,既有专家主导型清单编制流程,
SRC-PWR-000200,POWER,BC,calculated,expert_excel_workbook,,,,,既有专家主导型工作簿,,0.0,0.0,既有专家主导型清单编制流程,
SRC-PWR-000200,POWER,OC,calculated,expert_excel_workbook,,,,,既有专家主导型工作簿,,5.4128086,5.4128086,既有专家主导型清单编制流程,
SRC-PWR-000200,POWER,NH3,calculated,expert_excel_workbook,,,,,既有专家主导型工作簿,,0.0,0.0,既有专家主导型清单编制流程,
SRC-PWR-000201,POWER,SO2,calculated,expert_excel_workbook,,,,,既有专家主导型工作簿,,5318.11,50.52204500000034,既有专家主导型清单编制流程,
SRC-PWR-000201,POWER,NOx,calculated,expert_excel_workbook,,,,,既有专家主导型工作簿,,3222.149,483.32235000000003,既有专家主导型清单编制流程,
SRC-PWR-000201,POWER,CO,calculated,expert_excel_workbook,,,,,既有专家主导型工作簿,,893.8,893.8,既有专家主导型清单编制流程,
SRC-PWR-000201,POWER,VOC,calculated,expert_excel_workbook,,,,,既有专家主导型工作簿,,14986.3446,89.91806759999842,既有专家主导型清单编制流程,
SRC-PWR-000201,POWER,PM10,calculated,expert_excel_workbook,,,,,既有专家主导型工作簿,,3909.4812,66.46118040000006,既有专家主导型清单编制流程,
SRC-PWR-000201,POWER,PM2.5,calculated,expert_excel_workbook,,,,,既有专家主导型工作簿,,7.8189624,0.1329223608000001,既有专家主导型清单编制流程,
SRC-PWR-000201,POWER,BC,calculated,expert_excel_workbook,,,,,既有专家主导型工作簿,,0.0,0.0,既有专家主导型清单编制流程,
SRC-PWR-000201,POWER,OC,calculated,expert_excel_workbook,,,,,既有专家主导型工作簿,,17.876,17.876,既有专家主导型清单编制流程,
SRC-PWR-000201,POWER,NH3,calculated,expert_excel_workbook,,,,,既有专家主导型工作簿,,0.0,0.0,既有专家主导型清单编制流程,
SRC-PWR-000202,POWER,SO2,calculated,expert_excel_workbook,,,,,既有专家主导型工作簿,,263.1472194,78.94416582000001,既有专家主导型清单编制流程,
SRC-PWR-000202,POWER,NOx,calculated,expert_excel_workbook,,,,,既有专家主导型工作簿,,355.62580479999997,106.68774144000001,既有专家主导型清单编制流程,
SRC-PWR-000202,POWER,CO,calculated,expert_excel_workbook,,,,,既有专家主导型工作簿,,79.38076,79.38076,既有专家主导型清单编制流程,
SRC-PWR-000202,POWER,VOC,calculated,expert_excel_workbook,,,,,既有专家主导型工作簿,,644.5717712,1.289143542400001,既有专家主导型清单编制流程,
SRC-PWR-000202,POWER,PM10,calculated,expert_excel_workbook,,,,,既有专家主导型工作簿,,155.58628960000001,0.6223451584000006,既有专家主导型清单编制流程,
SRC-PWR-000202,POWER,PM2.5,calculated,expert_excel_workbook,,,,,既有专家主导型工作簿,,0.3111725792,0.0012446903168000013,既有专家主导型清单编制流程,
SRC-PWR-000202,POWER,BC,calculated,expert_excel_workbook,,,,,既有专家主导型工作簿,,0.0,0.0,既有专家主导型清单编制流程,
SRC-PWR-000202,POWER,OC,calculated,expert_excel_workbook,,,,,既有专家主导型工作簿,,1.5876152,1.5876152,既有专家主导型清单编制流程,
SRC-PWR-000202,POWER,NH3,calculated,expert_excel_workbook,,,,,既有专家主导型工作簿,,0.0,0.0,既有专家主导型清单编制流程,
SRC-PWR-000203,POWER,SO2,calculated,expert_excel_workbook,,,,,既有专家主导型工作簿,,209.5792725,6.287378175000006,既有专家主导型清单编制流程,
SRC-PWR-000203,POWER,NOx,calculated,expert_excel_workbook,,,,,既有专家主导型工作簿,,283.23232,84.96969600000001,既有专家主导型清单编制流程,
SRC-PWR-000203,POWER,CO,calculated,expert_excel_workbook,,,,,既有专家主导型工作簿,,63.2215,63.2215,既有专家主导型清单编制流程,
SRC-PWR-000203,POWER,VOC,calculated,expert_excel_workbook,,,,,既有专家主导型工作簿,,513.3585800000001,5.646944379999949,既有专家主导型清单编制流程,
SRC-PWR-000203,POWER,PM10,calculated,expert_excel_workbook,,,,,既有专家主导型工作簿,,123.91414000000002,3.717424200000004,既有专家主导型清单编制流程,
SRC-PWR-000203,POWER,PM2.5,calculated,expert_excel_workbook,,,,,既有专家主导型工作簿,,0.24782828000000004,0.007434848400000008,既有专家主导型清单编制流程,
SRC-PWR-000203,POWER,BC,calculated,expert_excel_workbook,,,,,既有专家主导型工作簿,,0.0,0.0,既有专家主导型清单编制流程,
SRC-PWR-000203,POWER,OC,calculated,expert_excel_workbook,,,,,既有专家主导型工作簿,,1.2644300000000002,1.2644300000000002,既有专家主导型清单编制流程,
SRC-PWR-000203,POWER,NH3,calculated,expert_excel_workbook,,,,,既有专家主导型工作簿,,0.0,0.0,既有专家主导型清单编制流程,
SRC-PWR-000204,POWER,SO2,calculated,expert_excel_workbook,,,,,既有专家主导型工作簿,,3277.9106299500004,163.89553149750017,既有专家主导型清单编制流程,
SRC-PWR-000204,POWER,NOx,calculated,expert_excel_workbook,,,,,既有专家主导型工作簿,,3141.1849459200002,785.2962364800001,既有专家主导型清单编制流程,
SRC-PWR-000204,POWER,CO,calculated,expert_excel_workbook,,,,,既有专家主导型工作簿,,701.157354,701.157354,既有专家主导型清单编制流程,
SRC-PWR-000204,POWER,VOC,calculated,expert_excel_workbook,,,,,既有专家主导型工作簿,,8876.007036874322,53.25604222124499,既有专家主导型清单编制流程,
SRC-PWR-000204,POWER,PM10,calculated,expert_excel_workbook,,,,,既有专家主导型工作簿,,2142.4844571765607,36.422235772001564,既有专家主导型清单编制流程,
SRC-PWR-000204,POWER,PM2.5,calculated,expert_excel_workbook,,,,,既有专家主导型工作簿,,4.284968914353121,0.07284447154400313,既有专家主导型清单编制流程,
SRC-PWR-000204,POWER,BC,calculated,expert_excel_workbook,,,,,既有专家主导型工作簿,,0.0,0.0,既有专家主导型清单编制流程,
SRC-PWR-000204,POWER,OC,calculated,expert_excel_workbook,,,,,既有专家主导型工作簿,,14.023147080000001,14.023147080000001,既有专家主导型清单编制流程,
SRC-PWR-000204,POWER,NH3,calculated,expert_excel_workbook,,,,,既有专家主导型工作簿,,0.0,0.0,既有专家主导型清单编制流程,
SRC-PWR-000205,POWER,SO2,calculated,expert_excel_workbook,,,,,既有专家主导型工作簿,,2458.43296545,122.92164827250012,既有专家主导型清单编制流程,
SRC-PWR-000205,POWER,NOx,calculated,expert_excel_workbook,,,,,既有专家主导型工作簿,,2355.88870272,588.97217568,既有专家主导型清单编制流程,
SRC-PWR-000205,POWER,CO,calculated,expert_excel_workbook,,,,,既有专家主导型工作簿,,525.868014,525.868014,既有专家主导型清单编制流程,
SRC-PWR-000205,POWER,VOC,calculated,expert_excel_workbook,,,,,既有专家主导型工作簿,,6657.00525866712,39.942031552002014,既有专家主导型清单编制流程,
SRC-PWR-000205,POWER,PM10,calculated,expert_excel_workbook,,,,,既有专家主导型工作簿,,1606.8633382989603,27.31667675108235,既有专家主导型清单编制流程,
SRC-PWR-000205,POWER,PM2.5,calculated,expert_excel_workbook,,,,,既有专家主导型工作簿,,3.2137266765979207,0.0546333535021647,既有专家主导型清单编制流程,
SRC-PWR-000205,POWER,BC,calculated,expert_excel_workbook,,,,,既有专家主导型工作簿,,0.0,0.0,既有专家主导型清单编制流程,
SRC-PWR-000205,POWER,OC,calculated,expert_excel_workbook,,,,,既有专家主导型工作簿,,10.517360279999998,10.517360279999998,既有专家主导型清单编制流程,
SRC-PWR-000205,POWER,NH3,calculated,expert_excel_workbook,,,,,既有专家主导型工作簿,,0.0,0.0,既有专家主导型清单编制流程,
SRC-PWR-000206,POWER,SO2,calculated,expert_excel_workbook,,,,,既有专家主导型工作簿,,0.588865286,0.588865286,既有专家主导型清单编制流程,
SRC-PWR-000206,POWER,NOx,calculated,expert_excel_workbook,,,,,既有专家主导型工作簿,,859.19846,498.33510680000006,既有专家主导型清单编制流程,
SRC-PWR-000206,POWER,CO,calculated,expert_excel_workbook,,,,,既有专家主导型工作簿,,272.4287800000001,272.4287800000001,既有专家主导型清单编制流程,
SRC-PWR-000206,POWER,VOC,calculated,expert_excel_workbook,,,,,既有专家主导型工作簿,,6.286818000000001,6.286818000000001,既有专家主导型清单编制流程,
SRC-PWR-000206,POWER,PM10,calculated,expert_excel_workbook,,,,,既有专家主导型工作簿,,6.286818000000001,6.286818000000001,既有专家主导型清单编制流程,
SRC-PWR-000206,POWER,PM2.5,calculated,expert_excel_workbook,,,,,既有专家主导型工作簿,,0.0,0.0,既有专家主导型清单编制流程,
SRC-PWR-000206,POWER,BC,calculated,expert_excel_workbook,,,,,既有专家主导型工作簿,,0.0,0.0,既有专家主导型清单编制流程,
SRC-PWR-000206,POWER,OC,calculated,expert_excel_workbook,,,,,既有专家主导型工作簿,,4.191212,4.191212,既有专家主导型清单编制流程,
SRC-PWR-000206,POWER,NH3,calculated,expert_excel_workbook,,,,,既有专家主导型工作簿,,0.0,0.0,既有专家主导型清单编制流程,
SRC-PWR-000207,POWER,SO2,calculated,expert_excel_workbook,,,,,既有专家主导型工作簿,,0.6639913385,0.6639913385,既有专家主导型清单编制流程,
SRC-PWR-000207,POWER,NOx,calculated,expert_excel_workbook,,,,,既有专家主导型工作簿,,968.8129849999999,561.9115313,既有专家主导型清单编制流程,
SRC-PWR-000207,POWER,CO,calculated,expert_excel_workbook,,,,,既有专家主导型工作簿,,307.184605,307.184605,既有专家主导型清单编制流程,
SRC-PWR-000207,POWER,VOC,calculated,expert_excel_workbook,,,,,既有专家主导型工作簿,,7.088875499999999,7.088875499999999,既有专家主导型清单编制流程,
SRC-PWR-000207,POWER,PM10,calculated,expert_excel_workbook,,,,,既有专家主导型工作簿,,7.088875499999999,7.088875499999999,既有专家主导型清单编制流程,
SRC-PWR-000207,POWER,PM2.5,calculated,expert_excel_workbook,,,,,既有专家主导型工作簿,,0.0,0.0,既有专家主导型清单编制流程,
SRC-PWR-000207,POWER,BC,calculated,expert_excel_workbook,,,,,既有专家主导型工作簿,,0.0,0.0,既有专家主导型清单编制流程,
SRC-PWR-000207,POWER,OC,calculated,expert_excel_workbook,,,,,既有专家主导型工作簿,,4.725917,4.725917,既有专家主导型清单编制流程,
SRC-PWR-000207,POWER,NH3,calculated,expert_excel_workbook,,,,,既有专家主导型工作簿,,0.0,0.0,既有专家主导型清单编制流程,
SRC-PWR-000208,POWER,SO2,calculated,expert_excel_workbook,,,,,既有专家主导型工作簿,,281.78315999999995,17.78051739600001,既有专家主导型清单编制流程,
SRC-PWR-000208,POWER,NOx,calculated,expert_excel_workbook,,,,,既有专家主导型工作簿,,724.4697600000002,181.11744000000004,既有专家主导型清单编制流程,
SRC-PWR-000208,POWER,CO,calculated,expert_excel_workbook,,,,,既有专家主导型工作簿,,161.712,161.712,既有专家主导型清单编制流程,
SRC-PWR-000208,POWER,VOC,calculated,expert_excel_workbook,,,,,既有专家主导型工作簿,,917.8579065600001,5.507147439359903,既有专家主导型清单编制流程,
SRC-PWR-000208,POWER,PM10,calculated,expert_excel_workbook,,,,,既有专家主导型工作簿,,221.55190848000007,3.7663824441600045,既有专家主导型清单编制流程,
SRC-PWR-000208,POWER,PM2.5,calculated,expert_excel_workbook,,,,,既有专家主导型工作簿,,0.4431038169600001,0.007532764888320009,既有专家主导型清单编制流程,
SRC-PWR-000208,POWER,BC,calculated,expert_excel_workbook,,,,,既有专家主导型工作簿,,0.0,0.0,既有专家主导型清单编制流程,
SRC-PWR-000208,POWER,OC,calculated,expert_excel_workbook,,,,,既有专家主导型工作簿,,3.2342400000000002,3.2342400000000002,既有专家主导型清单编制流程,
SRC-PWR-000208,POWER,NH3,calculated,expert_excel_workbook,,,,,既有专家主导型工作簿,,0.0,0.0,既有专家主导型清单编制流程,
SRC-PWR-000209,POWER,SO2,calculated,expert_excel_workbook,,,,,既有专家主导型工作簿,,229.43135773999998,32.57925279908,既有专家主导型清单编制流程,
SRC-PWR-000209,POWER,NOx,calculated,expert_excel_workbook,,,,,既有专家主导型工作簿,,195.03842176000003,33.156531699200016,既有专家主导型清单编制流程,
SRC-PWR-000209,POWER,CO,calculated,expert_excel_workbook,,,,,既有专家主导型工作簿,,43.535362,43.535362,既有专家主导型清单编制流程,
SRC-PWR-000209,POWER,VOC,calculated,expert_excel_workbook,,,,,既有专家主导型工作簿,,600.25512276912,3.6015307366146567,既有专家主导型清单编制流程,
SRC-PWR-000209,POWER,PM10,calculated,expert_excel_workbook,,,,,既有专家主导型工作簿,,144.88916756496002,2.4631158486043225,既有专家主导型清单编制流程,
SRC-PWR-000209,POWER,PM2.5,calculated,expert_excel_workbook,,,,,既有专家主导型工作簿,,0.28977833512992,0.004926231697208645,既有专家主导型清单编制流程,
SRC-PWR-000209,POWER,BC,calculated,expert_excel_workbook,,,,,既有专家主导型工作簿,,0.0,0.0,既有专家主导型清单编制流程,
SRC-PWR-000209,POWER,OC,calculated,expert_excel_workbook,,,,,既有专家主导型工作簿,,0.8707072400000001,0.8707072400000001,既有专家主导型清单编制流程,
SRC-PWR-000209,POWER,NH3,calculated,expert_excel_workbook,,,,,既有专家主导型工作簿,,0.0,0.0,既有专家主导型清单编制流程,
SRC-PWR-000210,POWER,SO2,calculated,expert_excel_workbook,,,,,既有专家主导型工作簿,,420.10088526,59.654325706920005,既有专家主导型清单编制流程,
SRC-PWR-000210,POWER,NOx,calculated,expert_excel_workbook,,,,,既有专家主导型工作簿,,357.12561024,60.711353740800014,既有专家主导型清单编制流程,
SRC-PWR-000210,POWER,CO,calculated,expert_excel_workbook,,,,,既有专家主导型工作簿,,79.715538,79.715538,既有专家主导型清单编制流程,
SRC-PWR-000210,POWER,VOC,calculated,expert_excel_workbook,,,,,既有专家主导型工作簿,,1099.09870621488,6.594592237289164,既有专家主导型清单编制流程,
SRC-PWR-000210,POWER,PM10,calculated,expert_excel_workbook,,,,,既有专家主导型工作簿,,265.29968770704005,4.510094691019685,既有专家主导型清单编制流程,
SRC-PWR-000210,POWER,PM2.5,calculated,expert_excel_workbook,,,,,既有专家主导型工作簿,,0.5305993754140801,0.00902018938203937,既有专家主导型清单编制流程,
SRC-PWR-000210,POWER,BC,calculated,expert_excel_workbook,,,,,既有专家主导型工作簿,,0.0,0.0,既有专家主导型清单编制流程,
SRC-PWR-000210,POWER,OC,calculated,expert_excel_workbook,,,,,既有专家主导型工作簿,,1.5943107600000002,1.5943107600000002,既有专家主导型清单编制流程,
SRC-PWR-000210,POWER,NH3,calculated,expert_excel_workbook,,,,,既有专家主导型工作簿,,0.0,0.0,既有专家主导型清单编制流程,
SRC-PWR-000211,POWER,SO2,calculated,expert_excel_workbook,,,,,既有专家主导型工作簿,,11123.2348695,313.6752233198988,既有专家主导型清单编制流程,
SRC-PWR-000211,POWER,NOx,calculated,expert_excel_workbook,,,,,既有专家主导型工作簿,,10483.467112299999,832.3872887166202,既有专家主导型清单编制流程,
SRC-PWR-000211,POWER,CO,calculated,expert_excel_workbook,,,,,既有专家主导型工作簿,,2908.0352599999997,2908.0352599999997,既有专家主导型清单编制流程,
SRC-PWR-000211,POWER,VOC,calculated,expert_excel_workbook,,,,,既有专家主导型工作簿,,35816.81627978999,214.9008976787362,既有专家主导型清单编制流程,
SRC-PWR-000211,POWER,PM10,calculated,expert_excel_workbook,,,,,既有专家主导型工作簿,,9343.517290379998,158.8397939364601,既有专家主导型清单编制流程,
SRC-PWR-000211,POWER,PM2.5,calculated,expert_excel_workbook,,,,,既有专家主导型工作簿,,18.687034580759995,0.3176795878729202,既有专家主导型清单编制流程,
SRC-PWR-000211,POWER,BC,calculated,expert_excel_workbook,,,,,既有专家主导型工作簿,,0.0,0.0,既有专家主导型清单编制流程,
SRC-PWR-000211,POWER,OC,calculated,expert_excel_workbook,,,,,既有专家主导型工作簿,,58.160705199999995,58.160705199999995,既有专家主导型清单编制流程,
SRC-PWR-000211,POWER,NH3,calculated,expert_excel_workbook,,,,,既有专家主导型工作簿,,0.0,0.0,既有专家主导型清单编制流程,
SRC-PWR-000212,POWER,SO2,calculated,expert_excel_workbook,,,,,既有专家主导型工作簿,,10151.326620000002,340.0694417699998,既有专家主导型清单编制流程,
SRC-PWR-000212,POWER,NOx,calculated,expert_excel_workbook,,,,,既有专家主导型工作簿,,9567.459468000001,1560.4526392308003,既有专家主导型清单编制流程,
SRC-PWR-000212,POWER,CO,calculated,expert_excel_workbook,,,,,既有专家主导型工作簿,,2653.9416,2653.9416,既有专家主导型清单编制流程,
SRC-PWR-000212,POWER,VOC,calculated,expert_excel_workbook,,,,,既有专家主导型工作簿,,32687.2717164,196.12363029839653,既有专家主导型清单编制流程,
SRC-PWR-000212,POWER,PM10,calculated,expert_excel_workbook,,,,,既有专家主导型工作簿,,8527.114360799998,144.9609441336001,既有专家主导型清单编制流程,
SRC-PWR-000212,POWER,PM2.5,calculated,expert_excel_workbook,,,,,既有专家主导型工作簿,,17.054228721599998,0.2899218882672002,既有专家主导型清单编制流程,
SRC-PWR-000212,POWER,BC,calculated,expert_excel_workbook,,,,,既有专家主导型工作簿,,0.0,0.0,既有专家主导型清单编制流程,
SRC-PWR-000212,POWER,OC,calculated,expert_excel_workbook,,,,,既有专家主导型工作簿,,53.078832000000006,53.078832000000006,既有专家主导型清单编制流程,
SRC-PWR-000212,POWER,NH3,calculated,expert_excel_workbook,,,,,既有专家主导型工作簿,,0.0,0.0,既有专家主导型清单编制流程,
SRC-PWR-000213,POWER,SO2,calculated,expert_excel_workbook,,,,,既有专家主导型工作簿,,11385.882549,237.96494527410033,既有专家主导型清单编制流程,
SRC-PWR-000213,POWER,NOx,calculated,expert_excel_workbook,,,,,既有专家主导型工作簿,,10731.008258599999,1962.7014104979405,既有专家主导型清单编制流程,
SRC-PWR-000213,POWER,CO,calculated,expert_excel_workbook,,,,,既有专家主导型工作簿,,2976.7013199999997,2976.7013199999997,既有专家主导型清单编制流程,
SRC-PWR-000213,POWER,VOC,calculated,expert_excel_workbook,,,,,既有专家主导型工作簿,,36662.54180778,219.97525084667612,既有专家主导型清单编制流程,
SRC-PWR-000213,POWER,PM10,calculated,expert_excel_workbook,,,,,既有专家主导型工作簿,,9564.141341159997,162.5904027997201,既有专家主导型清单编制流程,
SRC-PWR-000213,POWER,PM2.5,calculated,expert_excel_workbook,,,,,既有专家主导型工作簿,,19.128282682319995,0.3251808055994402,既有专家主导型清单编制流程,
SRC-PWR-000213,POWER,BC,calculated,expert_excel_workbook,,,,,既有专家主导型工作簿,,0.0,0.0,既有专家主导型清单编制流程,
SRC-PWR-000213,POWER,OC,calculated,expert_excel_workbook,,,,,既有专家主导型工作簿,,59.534026399999995,59.534026399999995,既有专家主导型清单编制流程,
SRC-PWR-000213,POWER,NH3,calculated,expert_excel_workbook,,,,,既有专家主导型工作簿,,0.0,0.0,既有专家主导型清单编制流程,
SRC-PWR-000214,POWER,SO2,calculated,expert_excel_workbook,,,,,既有专家主导型工作簿,,10267.870698,437.4112917348009,既有专家主导型清单编制流程,
SRC-PWR-000214,POWER,NOx,calculated,expert_excel_workbook,,,,,既有专家主导型工作簿,,9677.3003572,1645.1410607240005,既有专家主导型清单编制流程,
SRC-PWR-000214,POWER,CO,calculated,expert_excel_workbook,,,,,既有专家主导型工作簿,,2684.41064,2684.41064,既有专家主导型清单编制流程,
SRC-PWR-000214,POWER,VOC,calculated,expert_excel_workbook,,,,,既有专家主导型工作簿,,33062.54364756,198.3752618853565,既有专家主导型清单编制流程,
SRC-PWR-000214,POWER,PM10,calculated,expert_excel_workbook,,,,,既有专家主导型工作簿,,8625.011386319999,146.6251935674401,既有专家主导型清单编制流程,
SRC-PWR-000214,POWER,PM2.5,calculated,expert_excel_workbook,,,,,既有专家主导型工作簿,,17.250022772639998,0.2932503871348802,既有专家主导型清单编制流程,
SRC-PWR-000214,POWER,BC,calculated,expert_excel_workbook,,,,,既有专家主导型工作簿,,0.0,0.0,既有专家主导型清单编制流程,
SRC-PWR-000214,POWER,OC,calculated,expert_excel_workbook,,,,,既有专家主导型工作簿,,53.6882128,53.6882128,既有专家主导型清单编制流程,
SRC-PWR-000214,POWER,NH3,calculated,expert_excel_workbook,,,,,既有专家主导型工作簿,,0.0,0.0,既有专家主导型清单编制流程,
SRC-PWR-000215,POWER,SO2,calculated,expert_excel_workbook,,,,,既有专家主导型工作簿,,11265.096699,464.12198399880015,既有专家主导型清单编制流程,
SRC-PWR-000215,POWER,NOx,calculated,expert_excel_workbook,,,,,既有专家主导型工作簿,,10617.169568599998,2123.433913719999,既有专家主导型清单编制流程,
SRC-PWR-000215,POWER,CO,calculated,expert_excel_workbook,,,,,既有专家主导型工作簿,,2945.1233199999997,2945.1233199999997,既有专家主导型清单编制流程,
SRC-PWR-000215,POWER,VOC,calculated,expert_excel_workbook,,,,,既有专家主导型工作簿,,36273.611370779996,217.64166822467615,既有专家主导型清单编制流程,
SRC-PWR-000215,POWER,PM10,calculated,expert_excel_workbook,,,,,既有专家主导型工作簿,,9462.681227159997,160.8655808617201,既有专家主导型清单编制流程,
SRC-PWR-000215,POWER,PM2.5,calculated,expert_excel_workbook,,,,,既有专家主导型工作簿,,18.925362454319995,0.3217311617234402,既有专家主导型清单编制流程,
SRC-PWR-000215,POWER,BC,calculated,expert_excel_workbook,,,,,既有专家主导型工作簿,,0.0,0.0,既有专家主导型清单编制流程,
SRC-PWR-000215,POWER,OC,calculated,expert_excel_workbook,,,,,既有专家主导型工作簿,,58.902466399999994,58.902466399999994,既有专家主导型清单编制流程,
SRC-PWR-000215,POWER,NH3,calculated,expert_excel_workbook,,,,,既有专家主导型工作簿,,0.0,0.0,既有专家主导型清单编制流程,
SRC-PWR-000216,POWER,SO2,calculated,expert_excel_workbook,,,,,既有专家主导型工作簿,,19721.051815500003,396.3931414915502,既有专家主导型清单编制流程,
SRC-PWR-000216,POWER,NOx,calculated,expert_excel_workbook,,,,,既有专家主导型工作簿,,18586.7690967,1475.7894662779806,既有专家主导型清单编制流程,
SRC-PWR-000216,POWER,CO,calculated,expert_excel_workbook,,,,,既有专家主导型工作簿,,5155.83054,5155.83054,既有专家主导型清单编制流程,
SRC-PWR-000216,POWER,VOC,calculated,expert_excel_workbook,,,,,既有专家主导型工作簿,,63501.78684591,381.01072107545326,既有专家主导型清单编制流程,
SRC-PWR-000216,POWER,PM10,calculated,expert_excel_workbook,,,,,既有专家主导型工作簿,,16565.683525019995,281.61661992534016,既有专家主导型清单编制流程,
SRC-PWR-000216,POWER,PM2.5,calculated,expert_excel_workbook,,,,,既有专家主导型工作簿,,33.13136705003999,0.5632332398506803,既有专家主导型清单编制流程,
SRC-PWR-000216,POWER,BC,calculated,expert_excel_workbook,,,,,既有专家主导型工作簿,,0.0,0.0,既有专家主导型清单编制流程,
SRC-PWR-000216,POWER,OC,calculated,expert_excel_workbook,,,,,既有专家主导型工作簿,,103.1166108,103.1166108,既有专家主导型清单编制流程,
SRC-PWR-000216,POWER,NH3,calculated,expert_excel_workbook,,,,,既有专家主导型工作簿,,0.0,0.0,既有专家主导型清单编制流程,
SRC-PWR-000217,POWER,SO2,calculated,expert_excel_workbook,,,,,既有专家主导型工作簿,,19480.347243000004,656.4877020891014,既有专家主导型清单编制流程,
SRC-PWR-000217,POWER,NOx,calculated,expert_excel_workbook,,,,,既有专家主导型工作簿,,18359.908970200002,2337.216411906462,既有专家主导型清单编制流程,
SRC-PWR-000217,POWER,CO,calculated,expert_excel_workbook,,,,,既有专家主导型工作簿,,5092.90124,5092.90124,既有专家主导型清单编制流程,
SRC-PWR-000217,POWER,VOC,calculated,expert_excel_workbook,,,,,既有专家主导型工作簿,,62726.71812246,376.36030873475335,既有专家主导型清单编制流程,
SRC-PWR-000217,POWER,PM10,calculated,expert_excel_workbook,,,,,既有专家主导型工作簿,,16363.491684119997,278.1793586300402,既有专家主导型清单编制流程,
SRC-PWR-000217,POWER,PM2.5,calculated,expert_excel_workbook,,,,,既有专家主导型工作簿,,32.72698336824,0.5563587172600805,既有专家主导型清单编制流程,
SRC-PWR-000217,POWER,BC,calculated,expert_excel_workbook,,,,,既有专家主导型工作簿,,0.0,0.0,既有专家主导型清单编制流程,
SRC-PWR-000217,POWER,OC,calculated,expert_excel_workbook,,,,,既有专家主导型工作簿,,101.85802480000001,101.85802480000001,既有专家主导型清单编制流程,
SRC-PWR-000217,POWER,NH3,calculated,expert_excel_workbook,,,,,既有专家主导型工作簿,,0.0,0.0,既有专家主导型清单编制流程,
SRC-PWR-000218,POWER,SO2,calculated,expert_excel_workbook,,,,,既有专家主导型工作簿,,319.1828608,319.1828608,既有专家主导型清单编制流程,
SRC-PWR-000218,POWER,NOx,calculated,expert_excel_workbook,,,,,既有专家主导型工作簿,,525.7129472,525.7129472,既有专家主导型清单编制流程,
SRC-PWR-000218,POWER,CO,calculated,expert_excel_workbook,,,,,既有专家主导型工作簿,,117.34664,117.34664,既有专家主导型清单编制流程,
SRC-PWR-000218,POWER,VOC,calculated,expert_excel_workbook,,,,,既有专家主导型工作簿,,1045.2816243296,12.54337949195521,既有专家主导型清单编制流程,
SRC-PWR-000218,POWER,PM10,calculated,expert_excel_workbook,,,,,既有专家主导型工作簿,,252.30935759680006,7.569280727904008,既有专家主导型清单编制流程,
SRC-PWR-000218,POWER,PM2.5,calculated,expert_excel_workbook,,,,,既有专家主导型工作簿,,0.5046187151936001,0.015138561455808018,既有专家主导型清单编制流程,
SRC-PWR-000218,POWER,BC,calculated,expert_excel_workbook,,,,,既有专家主导型工作簿,,0.0,0.0,既有专家主导型清单编制流程,
SRC-PWR-000218,POWER,OC,calculated,expert_excel_workbook,,,,,既有专家主导型工作簿,,2.3469328000000003,2.3469328000000003,既有专家主导型清单编制流程,
SRC-PWR-000218,POWER,NH3,calculated,expert_excel_workbook,,,,,既有专家主导型工作簿,,0.0,0.0,既有专家主导型清单编制流程,
SRC-PWR-000219,POWER,SO2,calculated,expert_excel_workbook,,,,,既有专家主导型工作簿,,71.91,71.91,既有专家主导型清单编制流程,
SRC-PWR-000219,POWER,NOx,calculated,expert_excel_workbook,,,,,既有专家主导型工作簿,,189.50400000000002,56.85151773049647,既有专家主导型清单编制流程,
SRC-PWR-000219,POWER,CO,calculated,expert_excel_workbook,,,,,既有专家主导型工作簿,,42.3,42.3,既有专家主导型清单编制流程,
SRC-PWR-000219,POWER,VOC,calculated,expert_excel_workbook,,,,,既有专家主导型工作簿,,480.86640000000006,5.770396800000006,既有专家主导型清单编制流程,
SRC-PWR-000219,POWER,PM10,calculated,expert_excel_workbook,,,,,既有专家主导型工作簿,,116.07120000000003,3.482136000000004,既有专家主导型清单编制流程,
SRC-PWR-000219,POWER,PM2.5,calculated,expert_excel_workbook,,,,,既有专家主导型工作簿,,0.23214240000000008,0.006964272000000008,既有专家主导型清单编制流程,
SRC-PWR-000219,POWER,BC,calculated,expert_excel_workbook,,,,,既有专家主导型工作簿,,0.0,0.0,既有专家主导型清单编制流程,
SRC-PWR-000219,POWER,OC,calculated,expert_excel_workbook,,,,,既有专家主导型工作簿,,0.846,0.846,既有专家主导型清单编制流程,
SRC-PWR-000219,POWER,NH3,calculated,expert_excel_workbook,,,,,既有专家主导型工作簿,,0.0,0.0,既有专家主导型清单编制流程,
SRC-PWR-000220,POWER,SO2,calculated,expert_excel_workbook,,,,,既有专家主导型工作簿,,12300.710399999998,83.64483072000033,既有专家主导型清单编制流程,
SRC-PWR-000220,POWER,NOx,calculated,expert_excel_workbook,,,,,既有专家主导型工作簿,,5434.3212,1086.8642399999999,既有专家主导型清单编制流程,
SRC-PWR-000220,POWER,CO,calculated,expert_excel_workbook,,,,,既有专家主导型工作簿,,1507.44,1507.44,既有专家主导型清单编制流程,
SRC-PWR-000220,POWER,VOC,calculated,expert_excel_workbook,,,,,既有专家主导型工作簿,,22739.92083,295.6189707900003,既有专家主导型清单编制流程,
SRC-PWR-000220,POWER,PM10,calculated,expert_excel_workbook,,,,,既有专家主导型工作簿,,5932.153259999999,177.96459780000012,既有专家主导型清单编制流程,
SRC-PWR-000220,POWER,PM2.5,calculated,expert_excel_workbook,,,,,既有专家主导型工作簿,,11.864306519999998,0.35592919560000025,既有专家主导型清单编制流程,
SRC-PWR-000220,POWER,BC,calculated,expert_excel_workbook,,,,,既有专家主导型工作簿,,0.0,0.0,既有专家主导型清单编制流程,
SRC-PWR-000220,POWER,OC,calculated,expert_excel_workbook,,,,,既有专家主导型工作簿,,30.148799999999998,30.148799999999998,既有专家主导型清单编制流程,
SRC-PWR-000220,POWER,NH3,calculated,expert_excel_workbook,,,,,既有专家主导型工作簿,,0.0,0.0,既有专家主导型清单编制流程,
SRC-PWR-000221,POWER,SO2,calculated,expert_excel_workbook,,,,,既有专家主导型工作簿,,9631.558079999999,65.49459494400027,既有专家主导型清单编制流程,
SRC-PWR-000221,POWER,NOx,calculated,expert_excel_workbook,,,,,既有专家主导型工作簿,,4255.11849,851.0236979999997,既有专家主导型清单编制流程,
SRC-PWR-000221,POWER,CO,calculated,expert_excel_workbook,,,,,既有专家主导型工作簿,,1180.338,1180.338,既有专家主导型清单编制流程,
SRC-PWR-000221,POWER,VOC,calculated,expert_excel_workbook,,,,,既有专家主导型工作簿,,17805.546272249998,231.4721015392502,既有专家主导型清单编制流程,
SRC-PWR-000221,POWER,PM10,calculated,expert_excel_workbook,,,,,既有专家主导型工作簿,,4644.9251145,139.34775343500013,既有专家主导型清单编制流程,
SRC-PWR-000221,POWER,PM2.5,calculated,expert_excel_workbook,,,,,既有专家主导型工作簿,,9.289850229,0.2786955068700003,既有专家主导型清单编制流程,
SRC-PWR-000221,POWER,BC,calculated,expert_excel_workbook,,,,,既有专家主导型工作簿,,0.0,0.0,既有专家主导型清单编制流程,
SRC-PWR-000221,POWER,OC,calculated,expert_excel_workbook,,,,,既有专家主导型工作簿,,23.60676,23.60676,既有专家主导型清单编制流程,
SRC-PWR-000221,POWER,NH3,calculated,expert_excel_workbook,,,,,既有专家主导型工作簿,,0.0,0.0,既有专家主导型清单编制流程,
SRC-PWR-000222,POWER,SO2,calculated,expert_excel_workbook,,,,,既有专家主导型工作簿,,12097.069439999997,82.26007219200032,既有专家主导型清单编制流程,
SRC-PWR-000222,POWER,NOx,calculated,expert_excel_workbook,,,,,既有专家主导型工作簿,,5344.3548200000005,1068.870964,既有专家主导型清单编制流程,
SRC-PWR-000222,POWER,CO,calculated,expert_excel_workbook,,,,,既有专家主导型工作簿,,1482.484,1482.484,既有专家主导型清单编制流程,
SRC-PWR-000222,POWER,VOC,calculated,expert_excel_workbook,,,,,既有专家主导型工作簿,,22363.456450499998,290.72493385650023,既有专家主导型清单编制流程,
SRC-PWR-000222,POWER,PM10,calculated,expert_excel_workbook,,,,,既有专家主导型工作簿,,5833.945161,175.01835483000013,既有专家主导型清单编制流程,
SRC-PWR-000222,POWER,PM2.5,calculated,expert_excel_workbook,,,,,既有专家主导型工作簿,,11.667890322,0.35003670966000033,既有专家主导型清单编制流程,
SRC-PWR-000222,POWER,BC,calculated,expert_excel_workbook,,,,,既有专家主导型工作簿,,0.0,0.0,既有专家主导型清单编制流程,
SRC-PWR-000222,POWER,OC,calculated,expert_excel_workbook,,,,,既有专家主导型工作簿,,29.64968,29.64968,既有专家主导型清单编制流程,
SRC-PWR-000222,POWER,NH3,calculated,expert_excel_workbook,,,,,既有专家主导型工作簿,,0.0,0.0,既有专家主导型清单编制流程,
SRC-PWR-000223,POWER,SO2,calculated,expert_excel_workbook,,,,,既有专家主导型工作簿,,11773.917119999998,80.06263641600032,既有专家主导型清单编制流程,
SRC-PWR-000223,POWER,NOx,calculated,expert_excel_workbook,,,,,既有专家主导型工作簿,,5201.58961,1040.3179219999997,既有专家主导型清单编制流程,
SRC-PWR-000223,POWER,CO,calculated,expert_excel_workbook,,,,,既有专家主导型工作簿,,1442.882,1442.882,既有专家主导型清单编制流程,
SRC-PWR-000223,POWER,VOC,calculated,expert_excel_workbook,,,,,既有专家主导型工作簿,,21766.05533025,282.9587192932503,既有专家主导型清单编制流程,
SRC-PWR-000223,POWER,PM10,calculated,expert_excel_workbook,,,,,既有专家主导型工作簿,,5678.101390499999,170.3430417150001,既有专家主导型清单编制流程,
SRC-PWR-000223,POWER,PM2.5,calculated,expert_excel_workbook,,,,,既有专家主导型工作簿,,11.356202780999999,0.3406860834300003,既有专家主导型清单编制流程,
SRC-PWR-000223,POWER,BC,calculated,expert_excel_workbook,,,,,既有专家主导型工作簿,,0.0,0.0,既有专家主导型清单编制流程,
SRC-PWR-000223,POWER,OC,calculated,expert_excel_workbook,,,,,既有专家主导型工作簿,,28.85764,28.85764,既有专家主导型清单编制流程,
SRC-PWR-000223,POWER,NH3,calculated,expert_excel_workbook,,,,,既有专家主导型工作簿,,0.0,0.0,既有专家主导型清单编制流程,
SRC-PWR-000224,POWER,SO2,calculated,expert_excel_workbook,,,,,既有专家主导型工作簿,,16157.13456,502.48688481600027,既有专家主导型清单编制流程,
SRC-PWR-000224,POWER,NOx,calculated,expert_excel_workbook,,,,,既有专家主导型工作簿,,6718.16264,934.496423224,既有专家主导型清单编制流程,
SRC-PWR-000224,POWER,CO,calculated,expert_excel_workbook,,,,,既有专家主导型工作簿,,1863.568,1863.568,既有专家主导型清单编制流程,
SRC-PWR-000224,POWER,VOC,calculated,expert_excel_workbook,,,,,既有专家主导型工作簿,,31182.151560000002,187.09290935999672,既有专家主导型清单编制流程,
SRC-PWR-000224,POWER,PM10,calculated,expert_excel_workbook,,,,,既有专家主导型工作簿,,8134.47432,138.28606344000013,既有专家主导型清单编制流程,
SRC-PWR-000224,POWER,PM2.5,calculated,expert_excel_workbook,,,,,既有专家主导型工作簿,,16.26894864,0.27657212688000027,既有专家主导型清单编制流程,
SRC-PWR-000224,POWER,BC,calculated,expert_excel_workbook,,,,,既有专家主导型工作簿,,0.0,0.0,既有专家主导型清单编制流程,
SRC-PWR-000224,POWER,OC,calculated,expert_excel_workbook,,,,,既有专家主导型工作簿,,37.27136,37.27136,既有专家主导型清单编制流程,
SRC-PWR-000224,POWER,NH3,calculated,expert_excel_workbook,,,,,既有专家主导型工作簿,,0.0,0.0,既有专家主导型清单编制流程,
SRC-PWR-000225,POWER,SO2,calculated,expert_excel_workbook,,,,,既有专家主导型工作簿,,18405.56,712.2951720000013,既有专家主导型清单编制流程,
SRC-PWR-000225,POWER,NOx,calculated,expert_excel_workbook,,,,,既有专家主导型工作簿,,7806.1228,1248.1990357199995,既有专家主导型清单编制流程,
SRC-PWR-000225,POWER,CO,calculated,expert_excel_workbook,,,,,既有专家主导型工作簿,,2165.36,2165.36,既有专家主导型清单编制流程,
SRC-PWR-000225,POWER,VOC,calculated,expert_excel_workbook,,,,,既有专家主导型工作簿,,33729.27138,202.37562827999642,既有专家主导型清单编制流程,
SRC-PWR-000225,POWER,PM10,calculated,expert_excel_workbook,,,,,既有专家主导型工作簿,,8798.940359999999,149.58198612000012,既有专家主导型清单编制流程,
SRC-PWR-000225,POWER,PM2.5,calculated,expert_excel_workbook,,,,,既有专家主导型工作簿,,17.59788072,0.29916397224000024,既有专家主导型清单编制流程,
SRC-PWR-000225,POWER,BC,calculated,expert_excel_workbook,,,,,既有专家主导型工作簿,,0.0,0.0,既有专家主导型清单编制流程,
SRC-PWR-000225,POWER,OC,calculated,expert_excel_workbook,,,,,既有专家主导型工作簿,,43.3072,43.3072,既有专家主导型清单编制流程,
SRC-PWR-000225,POWER,NH3,calculated,expert_excel_workbook,,,,,既有专家主导型工作簿,,0.0,0.0,既有专家主导型清单编制流程,
SRC-PWR-000226,POWER,SO2,calculated,expert_excel_workbook,,,,,既有专家主导型工作簿,,325.8076146,19.548456876000017,既有专家主导型清单编制流程,
SRC-PWR-000226,POWER,NOx,calculated,expert_excel_workbook,,,,,既有专家主导型工作簿,,440.30712320000004,74.85221094400002,既有专家主导型清单编制流程,
SRC-PWR-000226,POWER,CO,calculated,expert_excel_workbook,,,,,既有专家主导型工作簿,,98.28284,98.28284,既有专家主导型清单编制流程,
SRC-PWR-000226,POWER,VOC,calculated,expert_excel_workbook,,,,,既有专家主导型工作簿,,275.329547976,3.028625027735972,既有专家主导型清单编制流程,
SRC-PWR-000226,POWER,PM10,calculated,expert_excel_workbook,,,,,既有专家主导型工作簿,,66.45885640800002,1.9937656922400022,既有专家主导型清单编制流程,
SRC-PWR-000226,POWER,PM2.5,calculated,expert_excel_workbook,,,,,既有专家主导型工作簿,,0.13291771281600004,0.003987531384480005,既有专家主导型清单编制流程,
SRC-PWR-000226,POWER,BC,calculated,expert_excel_workbook,,,,,既有专家主导型工作簿,,0.0,0.0,既有专家主导型清单编制流程,
SRC-PWR-000226,POWER,OC,calculated,expert_excel_workbook,,,,,既有专家主导型工作簿,,1.9656567999999999,1.9656567999999999,既有专家主导型清单编制流程,
SRC-PWR-000226,POWER,NH3,calculated,expert_excel_workbook,,,,,既有专家主导型工作簿,,0.0,0.0,既有专家主导型清单编制流程,
SRC-PWR-000227,POWER,SO2,calculated,expert_excel_workbook,,,,,既有专家主导型工作簿,,100.4326,14.2614292,既有专家主导型清单编制流程,
SRC-PWR-000227,POWER,NOx,calculated,expert_excel_workbook,,,,,既有专家主导型工作簿,,78.589,9.823625,既有专家主导型清单编制流程,
SRC-PWR-000227,POWER,CO,calculated,expert_excel_workbook,,,,,既有专家主导型工作簿,,21.8,21.8,既有专家主导型清单编制流程,
SRC-PWR-000227,POWER,VOC,calculated,expert_excel_workbook,,,,,既有专家主导型工作簿,,234.19216799999998,1.4051530079999752,既有专家主导型清单编制流程,
SRC-PWR-000227,POWER,PM10,calculated,expert_excel_workbook,,,,,既有专家主导型工作簿,,56.529144,0.9609954480000009,既有专家主导型清单编制流程,
SRC-PWR-000227,POWER,PM2.5,calculated,expert_excel_workbook,,,,,既有专家主导型工作簿,,0.113058288,0.0019219908960000018,既有专家主导型清单编制流程,
SRC-PWR-000227,POWER,BC,calculated,expert_excel_workbook,,,,,既有专家主导型工作簿,,0.0,0.0,既有专家主导型清单编制流程,
SRC-PWR-000227,POWER,OC,calculated,expert_excel_workbook,,,,,既有专家主导型工作簿,,0.436,0.436,既有专家主导型清单编制流程,
SRC-PWR-000227,POWER,NH3,calculated,expert_excel_workbook,,,,,既有专家主导型工作簿,,0.0,0.0,既有专家主导型清单编制流程,
SRC-PWR-000228,POWER,SO2,calculated,expert_excel_workbook,,,,,既有专家主导型工作簿,,2327.47814504,330.50189659568,既有专家主导型清单编制流程,
SRC-PWR-000228,POWER,NOx,calculated,expert_excel_workbook,,,,,既有专家主导型工作簿,,1821.2630155999998,227.65787694999997,既有专家主导型清单编制流程,
SRC-PWR-000228,POWER,CO,calculated,expert_excel_workbook,,,,,既有专家主导型工作簿,,505.20471999999995,505.20471999999995,既有专家主导型清单编制流程,
SRC-PWR-000228,POWER,VOC,calculated,expert_excel_workbook,,,,,既有专家主导型工作簿,,5427.293057827199,32.56375834696262,既有专家主导型清单编制流程,
SRC-PWR-000228,POWER,PM10,calculated,expert_excel_workbook,,,,,既有专家主导型工作簿,,1310.0362553376,22.27061634073922,既有专家主导型清单编制流程,
SRC-PWR-000228,POWER,PM2.5,calculated,expert_excel_workbook,,,,,既有专家主导型工作簿,,2.6200725106752003,0.04454123268147844,既有专家主导型清单编制流程,
SRC-PWR-000228,POWER,BC,calculated,expert_excel_workbook,,,,,既有专家主导型工作簿,,0.0,0.0,既有专家主导型清单编制流程,
SRC-PWR-000228,POWER,OC,calculated,expert_excel_workbook,,,,,既有专家主导型工作簿,,10.1040944,10.1040944,既有专家主导型清单编制流程,
SRC-PWR-000228,POWER,NH3,calculated,expert_excel_workbook,,,,,既有专家主导型工作簿,,0.0,0.0,既有专家主导型清单编制流程,
SRC-PWR-000229,POWER,SO2,calculated,expert_excel_workbook,,,,,既有专家主导型工作簿,,2171.76025508,308.3899562213601,既有专家主导型清单编制流程,
SRC-PWR-000229,POWER,NOx,calculated,expert_excel_workbook,,,,,既有专家主导型工作簿,,1699.4130062,212.426625775,既有专家主导型清单编制流程,
SRC-PWR-000229,POWER,CO,calculated,expert_excel_workbook,,,,,既有专家主导型工作簿,,471.40444,471.40444,既有专家主导型清单编制流程,
SRC-PWR-000229,POWER,VOC,calculated,expert_excel_workbook,,,,,既有专家主导型工作簿,,5064.1847618544,30.385108571125862,既有专家主导型清单编制流程,
SRC-PWR-000229,POWER,PM10,calculated,expert_excel_workbook,,,,,既有专家主导型工作簿,,1222.3894252752002,20.780620229678423,既有专家主导型清单编制流程,
SRC-PWR-000229,POWER,PM2.5,calculated,expert_excel_workbook,,,,,既有专家主导型工作簿,,2.4447788505504007,0.04156124045935685,既有专家主导型清单编制流程,
SRC-PWR-000229,POWER,BC,calculated,expert_excel_workbook,,,,,既有专家主导型工作簿,,0.0,0.0,既有专家主导型清单编制流程,
SRC-PWR-000229,POWER,OC,calculated,expert_excel_workbook,,,,,既有专家主导型工作簿,,9.4280888,9.4280888,既有专家主导型清单编制流程,
SRC-PWR-000229,POWER,NH3,calculated,expert_excel_workbook,,,,,既有专家主导型工作簿,,0.0,0.0,既有专家主导型清单编制流程,
SRC-PWR-000230,POWER,SO2,calculated,expert_excel_workbook,,,,,既有专家主导型工作簿,,2012.3575943800001,285.75477840196004,既有专家主导型清单编制流程,
SRC-PWR-000230,POWER,NOx,calculated,expert_excel_workbook,,,,,既有专家主导型工作簿,,1574.6796457,196.8349557125,既有专家主导型清单编制流程,
SRC-PWR-000230,POWER,CO,calculated,expert_excel_workbook,,,,,既有专家主导型工作簿,,436.80434,436.80434,既有专家主导型清单编制流程,
SRC-PWR-000230,POWER,VOC,calculated,expert_excel_workbook,,,,,既有专家主导型工作簿,,4692.4841915784,28.154905149469904,既有专家主导型清单编制流程,
SRC-PWR-000230,POWER,PM10,calculated,expert_excel_workbook,,,,,既有专家主导型工作簿,,1132.6685979672002,19.25536616544242,既有专家主导型清单编制流程,
SRC-PWR-000230,POWER,PM2.5,calculated,expert_excel_workbook,,,,,既有专家主导型工作簿,,2.2653371959344004,0.03851073233088484,既有专家主导型清单编制流程,
SRC-PWR-000230,POWER,BC,calculated,expert_excel_workbook,,,,,既有专家主导型工作簿,,0.0,0.0,既有专家主导型清单编制流程,
SRC-PWR-000230,POWER,OC,calculated,expert_excel_workbook,,,,,既有专家主导型工作簿,,8.7360868,8.7360868,既有专家主导型清单编制流程,
SRC-PWR-000230,POWER,NH3,calculated,expert_excel_workbook,,,,,既有专家主导型工作簿,,0.0,0.0,既有专家主导型清单编制流程,
SRC-PWR-000231,POWER,SO2,calculated,expert_excel_workbook,,,,,既有专家主导型工作簿,,2293.4037194288308,114.67018597144164,既有专家主导型清单编制流程,
SRC-PWR-000231,POWER,NOx,calculated,expert_excel_workbook,,,,,既有专家主导型工作簿,,5714.3338310587205,1428.5834577646801,既有专家主导型清单编制流程,
SRC-PWR-000231,POWER,CO,calculated,expert_excel_workbook,,,,,既有专家主导型工作簿,,3447.442734634324,3447.442734634324,既有专家主导型清单编制流程,
SRC-PWR-000231,POWER,VOC,calculated,expert_excel_workbook,,,,,既有专家主导型工作簿,,4191.684579254638,50.3002149510557,既有专家主导型清单编制流程,
SRC-PWR-000231,POWER,PM10,calculated,expert_excel_workbook,,,,,既有专家主导型工作簿,,1138.1012278946382,34.14303683683918,既有专家主导型清单编制流程,
SRC-PWR-000231,POWER,PM2.5,calculated,expert_excel_workbook,,,,,既有专家主导型工作簿,,2.15547060096,0.06466411802880007,既有专家主导型清单编制流程,
SRC-PWR-000231,POWER,BC,calculated,expert_excel_workbook,,,,,既有专家主导型工作簿,,0.0,0.0,既有专家主导型清单编制流程,
SRC-PWR-000231,POWER,OC,calculated,expert_excel_workbook,,,,,既有专家主导型工作簿,,117.24159662439709,117.24159662439709,既有专家主导型清单编制流程,
SRC-PWR-000231,POWER,NH3,calculated,expert_excel_workbook,,,,,既有专家主导型工作簿,,0.0,0.0,既有专家主导型清单编制流程,
SRC-PWR-000232,POWER,SO2,calculated,expert_excel_workbook,,,,,既有专家主导型工作簿,,2894.4867676888766,144.72433838444397,既有专家主导型清单编制流程,
SRC-PWR-000232,POWER,NOx,calculated,expert_excel_workbook,,,,,既有专家主导型工作簿,,8154.249406998404,2038.562351749601,既有专家主导型清单编制流程,
SRC-PWR-000232,POWER,CO,calculated,expert_excel_workbook,,,,,既有专家主导型工作簿,,5268.607801554019,5268.607801554019,既有专家主导型清单编制流程,
SRC-PWR-000232,POWER,VOC,calculated,expert_excel_workbook,,,,,既有专家主导型工作簿,,5290.897053266632,63.49076463919964,既有专家主导型清单编制流程,
SRC-PWR-000232,POWER,PM10,calculated,expert_excel_workbook,,,,,既有专家主导型工作簿,,1452.2690372666311,43.568071117998976,既有专家主导型清单编制流程,
SRC-PWR-000232,POWER,PM2.5,calculated,expert_excel_workbook,,,,,既有专家主导型工作簿,,2.7096197760000003,0.08128859328000008,既有专家主导型清单编制流程,
SRC-PWR-000232,POWER,BC,calculated,expert_excel_workbook,,,,,既有专家主导型工作簿,,0.0,0.0,既有专家主导型清单编制流程,
SRC-PWR-000232,POWER,OC,calculated,expert_excel_workbook,,,,,既有专家主导型工作簿,,183.3394754443853,183.3394754443853,既有专家主导型清单编制流程,
SRC-PWR-000232,POWER,NH3,calculated,expert_excel_workbook,,,,,既有专家主导型工作簿,,0.0,0.0,既有专家主导型清单编制流程,
SRC-PWR-000233,POWER,SO2,calculated,expert_excel_workbook,,,,,既有专家主导型工作簿,,23.495708409377887,1.1747854204688954,既有专家主导型清单编制流程,
SRC-PWR-000233,POWER,NOx,calculated,expert_excel_workbook,,,,,既有专家主导型工作簿,,2355.3691299123275,588.8422824780819,既有专家主导型清单编制流程,
SRC-PWR-000233,POWER,CO,calculated,expert_excel_workbook,,,,,既有专家主导型工作簿,,2268.1332362118706,2268.1332362118706,既有专家主导型清单编制流程,
SRC-PWR-000233,POWER,VOC,calculated,expert_excel_workbook,,,,,既有专家主导型工作簿,,52.34153622027394,52.34153622027394,既有专家主导型清单编制流程,
SRC-PWR-000233,POWER,PM10,calculated,expert_excel_workbook,,,,,既有专家主导型工作簿,,52.34153622027394,52.34153622027394,既有专家主导型清单编制流程,
SRC-PWR-000233,POWER,PM2.5,calculated,expert_excel_workbook,,,,,既有专家主导型工作簿,,0.0,0.0,既有专家主导型清单编制流程,
SRC-PWR-000233,POWER,BC,calculated,expert_excel_workbook,,,,,既有专家主导型工作簿,,0.0,0.0,既有专家主导型清单编制流程,
SRC-PWR-000233,POWER,OC,calculated,expert_excel_workbook,,,,,既有专家主导型工作簿,,87.23589370045657,87.23589370045657,既有专家主导型清单编制流程,
SRC-PWR-000233,POWER,NH3,calculated,expert_excel_workbook,,,,,既有专家主导型工作簿,,0.0,0.0,既有专家主导型清单编制流程,
SRC-PWR-000234,POWER,SO2,calculated,expert_excel_workbook,,,,,既有专家主导型工作簿,,29.686142149481526,1.4843071074740777,既有专家主导型清单编制流程,
SRC-PWR-000234,POWER,NOx,calculated,expert_excel_workbook,,,,,既有专家主导型工作簿,,2980.8734346455285,745.2183586613821,既有专家主导型清单编制流程,
SRC-PWR-000234,POWER,CO,calculated,expert_excel_workbook,,,,,既有专家主导型工作簿,,2870.470714843842,2870.470714843842,既有专家主导型清单编制流程,
SRC-PWR-000234,POWER,VOC,calculated,expert_excel_workbook,,,,,既有专家主导型工作簿,,66.24163188101174,0.7948995825721417,既有专家主导型清单编制流程,
SRC-PWR-000234,POWER,PM10,calculated,expert_excel_workbook,,,,,既有专家主导型工作簿,,66.24163188101174,1.987248956430354,既有专家主导型清单编制流程,
SRC-PWR-000234,POWER,PM2.5,calculated,expert_excel_workbook,,,,,既有专家主导型工作簿,,0.0,0.0,既有专家主导型清单编制流程,
SRC-PWR-000234,POWER,BC,calculated,expert_excel_workbook,,,,,既有专家主导型工作簿,,0.0,0.0,既有专家主导型清单编制流程,
SRC-PWR-000234,POWER,OC,calculated,expert_excel_workbook,,,,,既有专家主导型工作簿,,110.40271980168623,110.40271980168623,既有专家主导型清单编制流程,
SRC-PWR-000234,POWER,NH3,calculated,expert_excel_workbook,,,,,既有专家主导型工作簿,,0.0,0.0,既有专家主导型清单编制流程,
SRC-PWR-000235,POWER,SO2,calculated,expert_excel_workbook,,,,,既有专家主导型工作簿,,4690.6525613680005,18.76261024547202,既有专家主导型清单编制流程,
SRC-PWR-000235,POWER,NOx,calculated,expert_excel_workbook,,,,,既有专家主导型工作簿,,3059.7151244800007,520.1515711616003,既有专家主导型清单编制流程,
SRC-PWR-000235,POWER,CO,calculated,expert_excel_workbook,,,,,既有专家主导型工作簿,,682.972126,682.972126,既有专家主导型清单编制流程,
SRC-PWR-000235,POWER,VOC,calculated,expert_excel_workbook,,,,,既有专家主导型工作簿,,14041.79763501984,84.25078581011756,既有专家主导型清单编制流程,
SRC-PWR-000235,POWER,PM10,calculated,expert_excel_workbook,,,,,既有专家主导型工作簿,,3389.3994291427202,57.6197902954263,既有专家主导型清单编制流程,
SRC-PWR-000235,POWER,PM2.5,calculated,expert_excel_workbook,,,,,既有专家主导型工作簿,,6.778798858285441,0.1152395805908526,既有专家主导型清单编制流程,
SRC-PWR-000235,POWER,BC,calculated,expert_excel_workbook,,,,,既有专家主导型工作簿,,0.0,0.0,既有专家主导型清单编制流程,
SRC-PWR-000235,POWER,OC,calculated,expert_excel_workbook,,,,,既有专家主导型工作簿,,13.65944252,13.65944252,既有专家主导型清单编制流程,
SRC-PWR-000235,POWER,NH3,calculated,expert_excel_workbook,,,,,既有专家主导型工作簿,,0.0,0.0,既有专家主导型清单编制流程,
SRC-PWR-000236,POWER,SO2,calculated,expert_excel_workbook,,,,,既有专家主导型工作簿,,4365.140116272,17.460560465088015,既有专家主导型清单编制流程,
SRC-PWR-000236,POWER,NOx,calculated,expert_excel_workbook,,,,,既有专家主导型工作簿,,2847.3831859200004,484.0551416064002,既有专家主导型清单编制流程,
SRC-PWR-000236,POWER,CO,calculated,expert_excel_workbook,,,,,既有专家主导型工作簿,,635.5766040000001,635.5766040000001,既有专家主导型清单编制流程,
SRC-PWR-000236,POWER,VOC,calculated,expert_excel_workbook,,,,,既有专家主导型工作簿,,13067.353285983361,78.40411971589879,既有专家主导型清单编制流程,
SRC-PWR-000236,POWER,PM10,calculated,expert_excel_workbook,,,,,既有专家主导型工作簿,,3154.1887242028806,53.62120831144902,既有专家主导型清单编制流程,
SRC-PWR-000236,POWER,PM2.5,calculated,expert_excel_workbook,,,,,既有专家主导型工作簿,,6.3083774484057615,0.10724241662289805,既有专家主导型清单编制流程,
SRC-PWR-000236,POWER,BC,calculated,expert_excel_workbook,,,,,既有专家主导型工作簿,,0.0,0.0,既有专家主导型清单编制流程,
SRC-PWR-000236,POWER,OC,calculated,expert_excel_workbook,,,,,既有专家主导型工作簿,,12.711532080000001,12.711532080000001,既有专家主导型清单编制流程,
SRC-PWR-000236,POWER,NH3,calculated,expert_excel_workbook,,,,,既有专家主导型工作簿,,0.0,0.0,既有专家主导型清单编制流程,
SRC-PWR-000237,POWER,SO2,calculated,expert_excel_workbook,,,,,既有专家主导型工作簿,,4791.328664064,19.165314656256015,既有专家主导型清单编制流程,
SRC-PWR-000237,POWER,NOx,calculated,expert_excel_workbook,,,,,既有专家主导型工作簿,,3125.3861990400005,531.3156538368003,既有专家主导型清单编制流程,
SRC-PWR-000237,POWER,CO,calculated,expert_excel_workbook,,,,,既有专家主导型工作簿,,697.630848,697.630848,既有专家主导型清单编制流程,
SRC-PWR-000237,POWER,VOC,calculated,expert_excel_workbook,,,,,既有专家主导型工作簿,,14343.17861394432,86.0590716836644,既有专家主导型清单编制流程,
SRC-PWR-000237,POWER,PM10,calculated,expert_excel_workbook,,,,,既有专家主导型工作簿,,3462.1465619865603,58.856491553771576,既有专家主导型清单编制流程,
SRC-PWR-000237,POWER,PM2.5,calculated,expert_excel_workbook,,,,,既有专家主导型工作簿,,6.924293123973121,0.11771298310754316,既有专家主导型清单编制流程,
SRC-PWR-000237,POWER,BC,calculated,expert_excel_workbook,,,,,既有专家主导型工作簿,,0.0,0.0,既有专家主导型清单编制流程,
SRC-PWR-000237,POWER,OC,calculated,expert_excel_workbook,,,,,既有专家主导型工作簿,,13.952616959999999,13.952616959999999,既有专家主导型清单编制流程,
SRC-PWR-000237,POWER,NH3,calculated,expert_excel_workbook,,,,,既有专家主导型工作簿,,0.0,0.0,既有专家主导型清单编制流程,
SRC-PWR-000238,POWER,SO2,calculated,expert_excel_workbook,,,,,既有专家主导型工作簿,,4551.025544456,18.204102177824016,既有专家主导型清单编制流程,
SRC-PWR-000238,POWER,NOx,calculated,expert_excel_workbook,,,,,既有专家主导型工作簿,,2968.6363481600006,504.6681791872002,既有专家主导型清单编制流程,
SRC-PWR-000238,POWER,CO,calculated,expert_excel_workbook,,,,,既有专家主导型工作簿,,662.6420420000001,662.6420420000001,既有专家主导型清单编制流程,
SRC-PWR-000238,POWER,VOC,calculated,expert_excel_workbook,,,,,既有专家主导型工作簿,,13623.81436079328,81.74288616475823,既有专家主导型清单编制流程,
SRC-PWR-000238,POWER,PM10,calculated,expert_excel_workbook,,,,,既有专家主导型工作簿,,3288.5069146742403,55.90461754946214,既有专家主导型清单编制流程,
SRC-PWR-000238,POWER,PM2.5,calculated,expert_excel_workbook,,,,,既有专家主导型工作簿,,6.5770138293484806,0.11180923509892426,既有专家主导型清单编制流程,
SRC-PWR-000238,POWER,BC,calculated,expert_excel_workbook,,,,,既有专家主导型工作簿,,0.0,0.0,既有专家主导型清单编制流程,
SRC-PWR-000238,POWER,OC,calculated,expert_excel_workbook,,,,,既有专家主导型工作簿,,13.252840840000001,13.252840840000001,既有专家主导型清单编制流程,
SRC-PWR-000238,POWER,NH3,calculated,expert_excel_workbook,,,,,既有专家主导型工作簿,,0.0,0.0,既有专家主导型清单编制流程,
SRC-PWR-000239,POWER,SO2,calculated,expert_excel_workbook,,,,,既有专家主导型工作簿,,1286.0380728,27.649818565200096,既有专家主导型清单编制流程,
SRC-PWR-000239,POWER,NOx,calculated,expert_excel_workbook,,,,,既有专家主导型工作簿,,1515.0873374,378.77183435,既有专家主导型清单编制流程,
SRC-PWR-000239,POWER,CO,calculated,expert_excel_workbook,,,,,既有专家主导型工作簿,,420.27388,420.27388,既有专家主导型清单编制流程,
SRC-PWR-000239,POWER,VOC,calculated,expert_excel_workbook,,,,,既有专家主导型工作簿,,1020.3745477744002,11.2241200255183,既有专家主导型清单编制流程,
SRC-PWR-000239,POWER,PM10,calculated,expert_excel_workbook,,,,,既有专家主导型工作簿,,246.29730463520005,7.388919139056008,既有专家主导型清单编制流程,
SRC-PWR-000239,POWER,PM2.5,calculated,expert_excel_workbook,,,,,既有专家主导型工作簿,,0.4925946092704001,0.014777838278112016,既有专家主导型清单编制流程,
SRC-PWR-000239,POWER,BC,calculated,expert_excel_workbook,,,,,既有专家主导型工作簿,,0.0,0.0,既有专家主导型清单编制流程,
SRC-PWR-000239,POWER,OC,calculated,expert_excel_workbook,,,,,既有专家主导型工作簿,,8.4054776,8.4054776,既有专家主导型清单编制流程,
SRC-PWR-000239,POWER,NH3,calculated,expert_excel_workbook,,,,,既有专家主导型工作簿,,0.0,0.0,既有专家主导型清单编制流程,
SRC-PWR-000240,POWER,SO2,calculated,expert_excel_workbook,,,,,既有专家主导型工作簿,,19628.836989999996,235.54604388000016,既有专家主导型清单编制流程,
SRC-PWR-000240,POWER,NOx,calculated,expert_excel_workbook,,,,,既有专家主导型工作簿,,16989.66563,2548.4498445000004,既有专家主导型清单编制流程,
SRC-PWR-000240,POWER,CO,calculated,expert_excel_workbook,,,,,既有专家主导型工作簿,,4712.806,4712.806,既有专家主导型清单编制流程,
SRC-PWR-000240,POWER,VOC,calculated,expert_excel_workbook,,,,,既有专家主导型工作簿,,43696.548131250005,262.1792887874954,既有专家主导型清单编制流程,
SRC-PWR-000240,POWER,PM10,calculated,expert_excel_workbook,,,,,既有专家主导型工作簿,,11399.099512499999,193.78469171250015,既有专家主导型清单编制流程,
SRC-PWR-000240,POWER,PM2.5,calculated,expert_excel_workbook,,,,,既有专家主导型工作簿,,22.798199025,0.3875693834250003,既有专家主导型清单编制流程,
SRC-PWR-000240,POWER,BC,calculated,expert_excel_workbook,,,,,既有专家主导型工作簿,,0.0,0.0,既有专家主导型清单编制流程,
SRC-PWR-000240,POWER,OC,calculated,expert_excel_workbook,,,,,既有专家主导型工作簿,,94.25612,94.25612,既有专家主导型清单编制流程,
SRC-PWR-000240,POWER,NH3,calculated,expert_excel_workbook,,,,,既有专家主导型工作簿,,0.0,0.0,既有专家主导型清单编制流程,
SRC-PWR-000241,POWER,SO2,calculated,expert_excel_workbook,,,,,既有专家主导型工作簿,,14303.742879999998,171.64491456000013,既有专家主导型清单编制流程,
SRC-PWR-000241,POWER,NOx,calculated,expert_excel_workbook,,,,,既有专家主导型工作簿,,12380.55056,1857.0825840000002,既有专家主导型清单编制流程,
SRC-PWR-000241,POWER,CO,calculated,expert_excel_workbook,,,,,既有专家主导型工作簿,,3434.272,3434.272,既有专家主导型清单编制流程,
SRC-PWR-000241,POWER,VOC,calculated,expert_excel_workbook,,,,,既有专家主导型工作簿,,31842.140700000004,191.05284419999666,既有专家主导型清单编制流程,
SRC-PWR-000241,POWER,PM10,calculated,expert_excel_workbook,,,,,既有专家主导型工作簿,,8306.6454,141.2129718000001,既有专家主导型清单编制流程,
SRC-PWR-000241,POWER,PM2.5,calculated,expert_excel_workbook,,,,,既有专家主导型工作簿,,16.613290799999998,0.28242594360000023,既有专家主导型清单编制流程,
SRC-PWR-000241,POWER,BC,calculated,expert_excel_workbook,,,,,既有专家主导型工作簿,,0.0,0.0,既有专家主导型清单编制流程,
SRC-PWR-000241,POWER,OC,calculated,expert_excel_workbook,,,,,既有专家主导型工作簿,,68.68544,68.68544,既有专家主导型清单编制流程,
SRC-PWR-000241,POWER,NH3,calculated,expert_excel_workbook,,,,,既有专家主导型工作簿,,0.0,0.0,既有专家主导型清单编制流程,
SRC-PWR-000242,POWER,SO2,calculated,expert_excel_workbook,,,,,既有专家主导型工作簿,,160.29864000000003,8.014932000000009,既有专家主导型清单编制流程,
SRC-PWR-000242,POWER,NOx,calculated,expert_excel_workbook,,,,,既有专家主导型工作簿,,541.00791,216.40316400000003,既有专家主导型清单编制流程,
SRC-PWR-000242,POWER,CO,calculated,expert_excel_workbook,,,,,既有专家主导型工作簿,,520.97058,520.97058,既有专家主导型清单编制流程,
SRC-PWR-000242,POWER,VOC,calculated,expert_excel_workbook,,,,,既有专家主导型工作簿,,12.022398,0.024044796000000025,既有专家主导型清单编制流程,
SRC-PWR-000242,POWER,PM10,calculated,expert_excel_workbook,,,,,既有专家主导型工作簿,,12.022398,0.04808959200000005,既有专家主导型清单编制流程,
SRC-PWR-000242,POWER,PM2.5,calculated,expert_excel_workbook,,,,,既有专家主导型工作簿,,0.0,0.0,既有专家主导型清单编制流程,
SRC-PWR-000242,POWER,BC,calculated,expert_excel_workbook,,,,,既有专家主导型工作簿,,0.0,0.0,既有专家主导型清单编制流程,
SRC-PWR-000242,POWER,OC,calculated,expert_excel_workbook,,,,,既有专家主导型工作簿,,8.014932000000002,8.014932000000002,既有专家主导型清单编制流程,
SRC-PWR-000242,POWER,NH3,calculated,expert_excel_workbook,,,,,既有专家主导型工作簿,,0.0,0.0,既有专家主导型清单编制流程,
SRC-PWR-000243,POWER,SO2,calculated,expert_excel_workbook,,,,,既有专家主导型工作簿,,11531.759373899999,14.991287186069627,既有专家主导型清单编制流程,
SRC-PWR-000243,POWER,NOx,calculated,expert_excel_workbook,,,,,既有专家主导型工作簿,,2178.9907692,303.59847206313395,既有专家主导型清单编制流程,
SRC-PWR-000243,POWER,CO,calculated,expert_excel_workbook,,,,,既有专家主导型工作簿,,489.59954,489.59954,既有专家主导型清单编制流程,
SRC-PWR-000243,POWER,VOC,calculated,expert_excel_workbook,,,,,既有专家主导型工作簿,,4565.5646335656,9.13112926713121,既有专家主导型清单编制流程,
SRC-PWR-000243,POWER,PM10,calculated,expert_excel_workbook,,,,,既有专家主导型工作簿,,1102.0328425848004,4.4081313703392055,既有专家主导型清单编制流程,
SRC-PWR-000243,POWER,PM2.5,calculated,expert_excel_workbook,,,,,既有专家主导型工作簿,,2.204065685169601,0.008816262740678411,既有专家主导型清单编制流程,
SRC-PWR-000243,POWER,BC,calculated,expert_excel_workbook,,,,,既有专家主导型工作簿,,0.0,0.0,既有专家主导型清单编制流程,
SRC-PWR-000243,POWER,OC,calculated,expert_excel_workbook,,,,,既有专家主导型工作簿,,9.7919908,9.7919908,既有专家主导型清单编制流程,
SRC-PWR-000243,POWER,NH3,calculated,expert_excel_workbook,,,,,既有专家主导型工作簿,,0.0,0.0,既有专家主导型清单编制流程,
SRC-PWR-000244,POWER,SO2,calculated,expert_excel_workbook,,,,,既有专家主导型工作簿,,11531.759373899999,14.991287186069627,既有专家主导型清单编制流程,
SRC-PWR-000244,POWER,NOx,calculated,expert_excel_workbook,,,,,既有专家主导型工作簿,,2178.9907692,303.5984720631337,既有专家主导型清单编制流程,
SRC-PWR-000244,POWER,CO,calculated,expert_excel_workbook,,,,,既有专家主导型工作簿,,489.59954,489.59954,既有专家主导型清单编制流程,
SRC-PWR-000244,POWER,VOC,calculated,expert_excel_workbook,,,,,既有专家主导型工作簿,,4565.5646335656,9.13112926713121,既有专家主导型清单编制流程,
SRC-PWR-000244,POWER,PM10,calculated,expert_excel_workbook,,,,,既有专家主导型工作簿,,1102.0328425848004,4.4081313703392055,既有专家主导型清单编制流程,
SRC-PWR-000244,POWER,PM2.5,calculated,expert_excel_workbook,,,,,既有专家主导型工作簿,,2.204065685169601,0.008816262740678411,既有专家主导型清单编制流程,
SRC-PWR-000244,POWER,BC,calculated,expert_excel_workbook,,,,,既有专家主导型工作簿,,0.0,0.0,既有专家主导型清单编制流程,
SRC-PWR-000244,POWER,OC,calculated,expert_excel_workbook,,,,,既有专家主导型工作簿,,9.7919908,9.7919908,既有专家主导型清单编制流程,
SRC-PWR-000244,POWER,NH3,calculated,expert_excel_workbook,,,,,既有专家主导型工作簿,,0.0,0.0,既有专家主导型清单编制流程,
SRC-PWR-000245,POWER,SO2,calculated,expert_excel_workbook,,,,,既有专家主导型工作簿,,11531.759373899999,14.991287186069627,既有专家主导型清单编制流程,
SRC-PWR-000245,POWER,NOx,calculated,expert_excel_workbook,,,,,既有专家主导型工作簿,,2178.9907692,303.5984720631337,既有专家主导型清单编制流程,
SRC-PWR-000245,POWER,CO,calculated,expert_excel_workbook,,,,,既有专家主导型工作簿,,489.59954,489.59954,既有专家主导型清单编制流程,
SRC-PWR-000245,POWER,VOC,calculated,expert_excel_workbook,,,,,既有专家主导型工作簿,,4565.5646335656,9.13112926713121,既有专家主导型清单编制流程,
SRC-PWR-000245,POWER,PM10,calculated,expert_excel_workbook,,,,,既有专家主导型工作簿,,1102.0328425848004,4.4081313703392055,既有专家主导型清单编制流程,
SRC-PWR-000245,POWER,PM2.5,calculated,expert_excel_workbook,,,,,既有专家主导型工作簿,,2.204065685169601,0.008816262740678411,既有专家主导型清单编制流程,
SRC-PWR-000245,POWER,BC,calculated,expert_excel_workbook,,,,,既有专家主导型工作簿,,0.0,0.0,既有专家主导型清单编制流程,
SRC-PWR-000245,POWER,OC,calculated,expert_excel_workbook,,,,,既有专家主导型工作簿,,9.7919908,9.7919908,既有专家主导型清单编制流程,
SRC-PWR-000245,POWER,NH3,calculated,expert_excel_workbook,,,,,既有专家主导型工作簿,,0.0,0.0,既有专家主导型清单编制流程,
SRC-PWR-000246,POWER,SO2,calculated,expert_excel_workbook,,,,,既有专家主导型工作簿,,6514.642882000001,53.42007163239991,既有专家主导型清单编制流程,
SRC-PWR-000246,POWER,NOx,calculated,expert_excel_workbook,,,,,既有专家主导型工作簿,,4025.5533399999995,1006.3883349999999,既有专家主导型清单编制流程,
SRC-PWR-000246,POWER,CO,calculated,expert_excel_workbook,,,,,既有专家主导型工作簿,,982.7464600000001,982.7464600000001,既有专家主导型清单编制流程,
SRC-PWR-000246,POWER,VOC,calculated,expert_excel_workbook,,,,,既有专家主导型工作簿,,16144.854175,177.59339592499836,既有专家主导型清单编制流程,
SRC-PWR-000246,POWER,PM10,calculated,expert_excel_workbook,,,,,既有专家主导型工作簿,,4211.7913,126.3537390000001,既有专家主导型清单编制流程,
SRC-PWR-000246,POWER,PM2.5,calculated,expert_excel_workbook,,,,,既有专家主导型工作簿,,8.425779499999999,0.2527733850000002,既有专家主导型清单编制流程,
SRC-PWR-000246,POWER,BC,calculated,expert_excel_workbook,,,,,既有专家主导型工作簿,,0.009764,0.0002929200000000003,既有专家主导型清单编制流程,
SRC-PWR-000246,POWER,OC,calculated,expert_excel_workbook,,,,,既有专家主导型工作簿,,19.683733,19.683733,既有专家主导型清单编制流程,
SRC-PWR-000246,POWER,NH3,calculated,expert_excel_workbook,,,,,既有专家主导型工作簿,,0.0,0.0,既有专家主导型清单编制流程,
SRC-PWR-000247,POWER,SO2,calculated,expert_excel_workbook,,,,,既有专家主导型工作簿,,9130.178262,74.86746174839986,既有专家主导型清单编制流程,
SRC-PWR-000247,POWER,NOx,calculated,expert_excel_workbook,,,,,既有专家主导型工作簿,,4503.70413,1125.9260325,既有专家主导型清单编制流程,
SRC-PWR-000247,POWER,CO,calculated,expert_excel_workbook,,,,,既有专家主导型工作簿,,1249.08446,1249.08446,既有专家主导型清单编制流程,
SRC-PWR-000247,POWER,VOC,calculated,expert_excel_workbook,,,,,既有专家主导型工作簿,,22460.959208750002,247.07055129624774,既有专家主导型清单编制流程,
SRC-PWR-000247,POWER,PM10,calculated,expert_excel_workbook,,,,,既有专家主导型工作簿,,5859.4339175,175.78301752500013,既有专家主导型清单编制流程,
SRC-PWR-000247,POWER,PM2.5,calculated,expert_excel_workbook,,,,,既有专家主导型工作簿,,11.720164735,0.3516049420500003,既有专家主导型清单编制流程,
SRC-PWR-000247,POWER,BC,calculated,expert_excel_workbook,,,,,既有专家主导型工作簿,,0.005764,0.00017292000000000015,既有专家主导型清单编制流程,
SRC-PWR-000247,POWER,OC,calculated,expert_excel_workbook,,,,,既有专家主导型工作簿,,24.998693,24.998693,既有专家主导型清单编制流程,
SRC-PWR-000247,POWER,NH3,calculated,expert_excel_workbook,,,,,既有专家主导型工作簿,,0.0,0.0,既有专家主导型清单编制流程,
SRC-PWR-000248,POWER,SO2,calculated,expert_excel_workbook,,,,,既有专家主导型工作簿,,22699.403540000003,186.13510902799968,既有专家主导型清单编制流程,
SRC-PWR-000248,POWER,NOx,calculated,expert_excel_workbook,,,,,既有专家主导型工作簿,,9627.41719,2406.8542975,既有专家主导型清单编制流程,
SRC-PWR-000248,POWER,CO,calculated,expert_excel_workbook,,,,,既有专家主导型工作簿,,2670.5342,2670.5342,既有专家主导型清单编制流程,
SRC-PWR-000248,POWER,VOC,calculated,expert_excel_workbook,,,,,既有专家主导型工作簿,,49705.6974045,546.762671449495,既有专家主导型清单编制流程,
SRC-PWR-000248,POWER,PM10,calculated,expert_excel_workbook,,,,,既有专家主导型工作簿,,12966.713648999998,389.0014094700003,既有专家主导型清单编制流程,
SRC-PWR-000248,POWER,PM2.5,calculated,expert_excel_workbook,,,,,既有专家主导型工作簿,,25.933670298,0.7780101089400007,既有专家主导型清单编制流程,
SRC-PWR-000248,POWER,BC,calculated,expert_excel_workbook,,,,,既有专家主导型工作簿,,0.00108,3.240000000000003e-05,既有专家主导型清单编制流程,
SRC-PWR-000248,POWER,OC,calculated,expert_excel_workbook,,,,,既有专家主导型工作簿,,53.413869999999996,53.413869999999996,既有专家主导型清单编制流程,
SRC-PWR-000248,POWER,NH3,calculated,expert_excel_workbook,,,,,既有专家主导型工作簿,,0.0,0.0,既有专家主导型清单编制流程,
SRC-PWR-000249,POWER,SO2,calculated,expert_excel_workbook,,,,,既有专家主导型工作簿,,7142.94810736,5.714358485888163,既有专家主导型清单编制流程,
SRC-PWR-000249,POWER,NOx,calculated,expert_excel_workbook,,,,,既有专家主导型工作簿,,1693.7437911400002,323.4485558301029,既有专家主导型清单编制流程,
SRC-PWR-000249,POWER,CO,calculated,expert_excel_workbook,,,,,既有专家主导型工作簿,,380.14928399999997,380.14928399999997,既有专家主导型清单编制流程,
SRC-PWR-000249,POWER,VOC,calculated,expert_excel_workbook,,,,,既有专家主导型工作簿,,4036.1133847944006,44.397247232737996,既有专家主导型清单编制流程,
SRC-PWR-000249,POWER,PM10,calculated,expert_excel_workbook,,,,,既有专家主导型工作簿,,974.2342652952003,29.227027958856034,既有专家主导型清单编制流程,
SRC-PWR-000249,POWER,PM2.5,calculated,expert_excel_workbook,,,,,既有专家主导型工作簿,,1.9484685305904008,0.05845405591771208,既有专家主导型清单编制流程,
SRC-PWR-000249,POWER,BC,calculated,expert_excel_workbook,,,,,既有专家主导型工作簿,,0.0,0.0,既有专家主导型清单编制流程,
SRC-PWR-000249,POWER,OC,calculated,expert_excel_workbook,,,,,既有专家主导型工作簿,,7.60298568,7.60298568,既有专家主导型清单编制流程,
SRC-PWR-000249,POWER,NH3,calculated,expert_excel_workbook,,,,,既有专家主导型工作簿,,0.0,0.0,既有专家主导型清单编制流程,
SRC-PWR-000250,POWER,SO2,calculated,expert_excel_workbook,,,,,既有专家主导型工作簿,,7142.94810736,5.714358485888163,既有专家主导型清单编制流程,
SRC-PWR-000250,POWER,NOx,calculated,expert_excel_workbook,,,,,既有专家主导型工作簿,,1693.7437911400002,323.4485558301035,既有专家主导型清单编制流程,
SRC-PWR-000250,POWER,CO,calculated,expert_excel_workbook,,,,,既有专家主导型工作簿,,380.14928399999997,380.14928399999997,既有专家主导型清单编制流程,
SRC-PWR-000250,POWER,VOC,calculated,expert_excel_workbook,,,,,既有专家主导型工作簿,,4036.1133847944006,44.397247232737996,既有专家主导型清单编制流程,
SRC-PWR-000250,POWER,PM10,calculated,expert_excel_workbook,,,,,既有专家主导型工作簿,,974.2342652952003,29.227027958856034,既有专家主导型清单编制流程,
SRC-PWR-000250,POWER,PM2.5,calculated,expert_excel_workbook,,,,,既有专家主导型工作簿,,1.9484685305904008,0.05845405591771208,既有专家主导型清单编制流程,
SRC-PWR-000250,POWER,BC,calculated,expert_excel_workbook,,,,,既有专家主导型工作簿,,0.0,0.0,既有专家主导型清单编制流程,
SRC-PWR-000250,POWER,OC,calculated,expert_excel_workbook,,,,,既有专家主导型工作簿,,7.60298568,7.60298568,既有专家主导型清单编制流程,
SRC-PWR-000250,POWER,NH3,calculated,expert_excel_workbook,,,,,既有专家主导型工作簿,,0.0,0.0,既有专家主导型清单编制流程,
SRC-PWR-000251,POWER,SO2,calculated,expert_excel_workbook,,,,,既有专家主导型工作簿,,391.03808000000004,24.67450284800002,既有专家主导型清单编制流程,
SRC-PWR-000251,POWER,NOx,calculated,expert_excel_workbook,,,,,既有专家主导型工作簿,,322.03136000000006,186.77818880000007,既有专家主导型清单编制流程,
SRC-PWR-000251,POWER,CO,calculated,expert_excel_workbook,,,,,既有专家主导型工作簿,,71.882,71.882,既有专家主导型清单编制流程,
SRC-PWR-000251,POWER,VOC,calculated,expert_excel_workbook,,,,,既有专家主导型工作簿,,1307.4473216,15.689367859200013,既有专家主导型清单编制流程,
SRC-PWR-000251,POWER,PM10,calculated,expert_excel_workbook,,,,,既有专家主导型工作簿,,315.5907328,9.46772198400001,既有专家主导型清单编制流程,
SRC-PWR-000251,POWER,PM2.5,calculated,expert_excel_workbook,,,,,既有专家主导型工作簿,,0.6311814656,0.018935443968000017,既有专家主导型清单编制流程,
SRC-PWR-000251,POWER,BC,calculated,expert_excel_workbook,,,,,既有专家主导型工作簿,,0.0,0.0,既有专家主导型清单编制流程,
SRC-PWR-000251,POWER,OC,calculated,expert_excel_workbook,,,,,既有专家主导型工作簿,,1.43764,1.43764,既有专家主导型清单编制流程,
SRC-PWR-000251,POWER,NH3,calculated,expert_excel_workbook,,,,,既有专家主导型工作簿,,0.0,0.0,既有专家主导型清单编制流程,
SRC-PWR-000252,POWER,SO2,calculated,expert_excel_workbook,,,,,既有专家主导型工作簿,,490.44864,30.947309184000023,既有专家主导型清单编制流程,
SRC-PWR-000252,POWER,NOx,calculated,expert_excel_workbook,,,,,既有专家主导型工作簿,,403.8988800000001,234.26135040000008,既有专家主导型清单编制流程,
SRC-PWR-000252,POWER,CO,calculated,expert_excel_workbook,,,,,既有专家主导型工作簿,,90.156,90.156,既有专家主导型清单编制流程,
SRC-PWR-000252,POWER,VOC,calculated,expert_excel_workbook,,,,,既有专家主导型工作簿,,1639.8294528,19.677953433600017,既有专家主导型清单编制流程,
SRC-PWR-000252,POWER,PM10,calculated,expert_excel_workbook,,,,,既有专家主导型工作簿,,395.8209024,11.874627072000012,既有专家主导型清单编制流程,
SRC-PWR-000252,POWER,PM2.5,calculated,expert_excel_workbook,,,,,既有专家主导型工作簿,,0.7916418048,0.02374925414400002,既有专家主导型清单编制流程,
SRC-PWR-000252,POWER,BC,calculated,expert_excel_workbook,,,,,既有专家主导型工作簿,,0.0,0.0,既有专家主导型清单编制流程,
SRC-PWR-000252,POWER,OC,calculated,expert_excel_workbook,,,,,既有专家主导型工作簿,,1.80312,1.80312,既有专家主导型清单编制流程,
SRC-PWR-000252,POWER,NH3,calculated,expert_excel_workbook,,,,,既有专家主导型工作簿,,0.0,0.0,既有专家主导型清单编制流程,
SRC-PWR-000253,POWER,SO2,calculated,expert_excel_workbook,,,,,既有专家主导型工作簿,,1431.5904,90.33335424000006,既有专家主导型清单编制流程,
SRC-PWR-000253,POWER,NOx,calculated,expert_excel_workbook,,,,,既有专家主导型工作簿,,1178.9568000000002,683.7949440000002,既有专家主导型清单编制流程,
SRC-PWR-000253,POWER,CO,calculated,expert_excel_workbook,,,,,既有专家主导型工作簿,,263.16,263.16,既有专家主导型清单编制流程,
SRC-PWR-000253,POWER,VOC,calculated,expert_excel_workbook,,,,,既有专家主导型工作簿,,4786.564608,57.438775296000046,既有专家主导型清单编制流程,
SRC-PWR-000253,POWER,PM10,calculated,expert_excel_workbook,,,,,既有专家主导型工作簿,,1155.377664,34.661329920000036,既有专家主导型清单编制流程,
SRC-PWR-000253,POWER,PM2.5,calculated,expert_excel_workbook,,,,,既有专家主导型工作簿,,2.3107553280000004,0.06932265984000008,既有专家主导型清单编制流程,
SRC-PWR-000253,POWER,BC,calculated,expert_excel_workbook,,,,,既有专家主导型工作簿,,0.0,0.0,既有专家主导型清单编制流程,
SRC-PWR-000253,POWER,OC,calculated,expert_excel_workbook,,,,,既有专家主导型工作簿,,5.263199999999999,5.263199999999999,既有专家主导型清单编制流程,
SRC-PWR-000253,POWER,NH3,calculated,expert_excel_workbook,,,,,既有专家主导型工作簿,,0.0,0.0,既有专家主导型清单编制流程,
SRC-PWR-000254,POWER,SO2,calculated,expert_excel_workbook,,,,,既有专家主导型工作簿,,1917.9945361700002,1.534395628936044,既有专家主导型清单编制流程,
SRC-PWR-000254,POWER,NOx,calculated,expert_excel_workbook,,,,,既有专家主导型工作簿,,1003.6894210400001,21.86354562820045,既有专家主导型清单编制流程,
SRC-PWR-000254,POWER,CO,calculated,expert_excel_workbook,,,,,既有专家主导型工作簿,,224.257454,224.257454,既有专家主导型清单编制流程,
SRC-PWR-000254,POWER,VOC,calculated,expert_excel_workbook,,,,,既有专家主导型工作簿,,3915.7804278090402,7.831560855618087,既有专家主导型清单编制流程,
SRC-PWR-000254,POWER,PM10,calculated,expert_excel_workbook,,,,,既有专家主导型工作簿,,945.1883791263202,3.780753516505284,既有专家主导型清单编制流程,
SRC-PWR-000254,POWER,PM2.5,calculated,expert_excel_workbook,,,,,既有专家主导型工作簿,,1.8903767582526403,0.007561507033010568,既有专家主导型清单编制流程,
SRC-PWR-000254,POWER,BC,calculated,expert_excel_workbook,,,,,既有专家主导型工作簿,,0.0,0.0,既有专家主导型清单编制流程,
SRC-PWR-000254,POWER,OC,calculated,expert_excel_workbook,,,,,既有专家主导型工作簿,,4.48514908,4.48514908,既有专家主导型清单编制流程,
SRC-PWR-000254,POWER,NH3,calculated,expert_excel_workbook,,,,,既有专家主导型工作簿,,0.0,0.0,既有专家主导型清单编制流程,
SRC-PWR-000255,POWER,SO2,calculated,expert_excel_workbook,,,,,既有专家主导型工作簿,,3945.5552744100005,3.156444219528091,既有专家主导型清单编制流程,
SRC-PWR-000255,POWER,NOx,calculated,expert_excel_workbook,,,,,既有专家主导型工作簿,,2023.6756567700004,70.87830332189942,既有专家主导型清单编制流程,
SRC-PWR-000255,POWER,CO,calculated,expert_excel_workbook,,,,,既有专家主导型工作簿,,452.197804,452.197804,既有专家主导型清单编制流程,
SRC-PWR-000255,POWER,VOC,calculated,expert_excel_workbook,,,,,既有专家主导型工作簿,,7834.252279653521,15.668504559307056,既有专家主导型清单编制流程,
SRC-PWR-000255,POWER,PM10,calculated,expert_excel_workbook,,,,,既有专家主导型工作簿,,1891.0264123301604,7.564105649320648,既有专家主导型清单编制流程,
SRC-PWR-000255,POWER,PM2.5,calculated,expert_excel_workbook,,,,,既有专家主导型工作簿,,3.7820528246603207,0.015128211298641297,既有专家主导型清单编制流程,
SRC-PWR-000255,POWER,BC,calculated,expert_excel_workbook,,,,,既有专家主导型工作簿,,0.0,0.0,既有专家主导型清单编制流程,
SRC-PWR-000255,POWER,OC,calculated,expert_excel_workbook,,,,,既有专家主导型工作簿,,9.043956080000001,9.043956080000001,既有专家主导型清单编制流程,
SRC-PWR-000255,POWER,NH3,calculated,expert_excel_workbook,,,,,既有专家主导型工作簿,,0.0,0.0,既有专家主导型清单编制流程,
SRC-PWR-000256,POWER,SO2,calculated,expert_excel_workbook,,,,,既有专家主导型工作簿,,77.06831000000001,26.973908500000004,既有专家主导型清单编制流程,
SRC-PWR-000256,POWER,NOx,calculated,expert_excel_workbook,,,,,既有专家主导型工作簿,,184.63424000000003,46.15856000000001,既有专家主导型清单编制流程,
SRC-PWR-000256,POWER,CO,calculated,expert_excel_workbook,,,,,既有专家主导型工作簿,,41.213,41.213,既有专家主导型清单编制流程,
SRC-PWR-000256,POWER,VOC,calculated,expert_excel_workbook,,,,,既有专家主导型工作簿,,167.32478,1.0039486799999824,既有专家主导型清单编制流程,
SRC-PWR-000256,POWER,PM10,calculated,expert_excel_workbook,,,,,既有专家主导型工作簿,,40.388740000000006,0.6866085800000007,既有专家主导型清单编制流程,
SRC-PWR-000256,POWER,PM2.5,calculated,expert_excel_workbook,,,,,既有专家主导型工作簿,,0.08077748000000001,0.0013732171600000015,既有专家主导型清单编制流程,
SRC-PWR-000256,POWER,BC,calculated,expert_excel_workbook,,,,,既有专家主导型工作簿,,0.0,0.0,既有专家主导型清单编制流程,
SRC-PWR-000256,POWER,OC,calculated,expert_excel_workbook,,,,,既有专家主导型工作簿,,0.82426,0.82426,既有专家主导型清单编制流程,
SRC-PWR-000256,POWER,NH3,calculated,expert_excel_workbook,,,,,既有专家主导型工作簿,,0.0,0.0,既有专家主导型清单编制流程,
SRC-PWR-000257,POWER,SO2,calculated,expert_excel_workbook,,,,,既有专家主导型工作簿,,77.06831000000001,26.973908500000004,既有专家主导型清单编制流程,
SRC-PWR-000257,POWER,NOx,calculated,expert_excel_workbook,,,,,既有专家主导型工作簿,,184.63424000000003,46.15856000000001,既有专家主导型清单编制流程,
SRC-PWR-000257,POWER,CO,calculated,expert_excel_workbook,,,,,既有专家主导型工作簿,,41.213,41.213,既有专家主导型清单编制流程,
SRC-PWR-000257,POWER,VOC,calculated,expert_excel_workbook,,,,,既有专家主导型工作簿,,167.32478,1.0039486799999824,既有专家主导型清单编制流程,
SRC-PWR-000257,POWER,PM10,calculated,expert_excel_workbook,,,,,既有专家主导型工作簿,,40.388740000000006,0.6866085800000007,既有专家主导型清单编制流程,
SRC-PWR-000257,POWER,PM2.5,calculated,expert_excel_workbook,,,,,既有专家主导型工作簿,,0.08077748000000001,0.0013732171600000015,既有专家主导型清单编制流程,
SRC-PWR-000257,POWER,BC,calculated,expert_excel_workbook,,,,,既有专家主导型工作簿,,0.0,0.0,既有专家主导型清单编制流程,
SRC-PWR-000257,POWER,OC,calculated,expert_excel_workbook,,,,,既有专家主导型工作簿,,0.82426,0.82426,既有专家主导型清单编制流程,
SRC-PWR-000257,POWER,NH3,calculated,expert_excel_workbook,,,,,既有专家主导型工作簿,,0.0,0.0,既有专家主导型清单编制流程,
SRC-PWR-000258,POWER,SO2,calculated,expert_excel_workbook,,,,,既有专家主导型工作簿,,31.422038399999995,31.422038399999995,既有专家主导型清单编制流程,
SRC-PWR-000258,POWER,NOx,calculated,expert_excel_workbook,,,,,既有专家主导型工作簿,,38.4047136,11.521414080000001,既有专家主导型清单编制流程,
SRC-PWR-000258,POWER,CO,calculated,expert_excel_workbook,,,,,既有专家主导型工作簿,,3.6967103999999993,3.6967103999999993,既有专家主导型清单编制流程,
SRC-PWR-000258,POWER,VOC,calculated,expert_excel_workbook,,,,,既有专家主导型工作簿,,1.7456688,1.7456688,既有专家主导型清单编制流程,
SRC-PWR-000258,POWER,PM10,calculated,expert_excel_workbook,,,,,既有专家主导型工作簿,,1.7456688,1.7456688,既有专家主导型清单编制流程,
SRC-PWR-000258,POWER,PM2.5,calculated,expert_excel_workbook,,,,,既有专家主导型工作簿,,0.2053728,0.2053728,既有专家主导型清单编制流程,
SRC-PWR-000258,POWER,BC,calculated,expert_excel_workbook,,,,,既有专家主导型工作簿,,0.9241775999999998,0.9241775999999998,既有专家主导型清单编制流程,
SRC-PWR-000258,POWER,OC,calculated,expert_excel_workbook,,,,,既有专家主导型工作簿,,338.86512,338.86512,既有专家主导型清单编制流程,
SRC-PWR-000258,POWER,NH3,calculated,expert_excel_workbook,,,,,既有专家主导型工作簿,,0.0,0.0,既有专家主导型清单编制流程,
SRC-PWR-000259,POWER,SO2,calculated,expert_excel_workbook,,,,,既有专家主导型工作簿,,24.7375908,24.7375908,既有专家主导型清单编制流程,
SRC-PWR-000259,POWER,NOx,calculated,expert_excel_workbook,,,,,既有专家主导型工作簿,,30.234833200000004,9.069567706332071,既有专家主导型清单编制流程,
SRC-PWR-000259,POWER,CO,calculated,expert_excel_workbook,,,,,既有专家主导型工作簿,,2.9103048,2.9103048,既有专家主导型清单编制流程,
SRC-PWR-000259,POWER,VOC,calculated,expert_excel_workbook,,,,,既有专家主导型工作簿,,1.3743106000000003,1.3743106000000003,既有专家主导型清单编制流程,
SRC-PWR-000259,POWER,PM10,calculated,expert_excel_workbook,,,,,既有专家主导型工作簿,,1.3743106000000003,1.3743106000000003,既有专家主导型清单编制流程,
SRC-PWR-000259,POWER,PM2.5,calculated,expert_excel_workbook,,,,,既有专家主导型工作簿,,0.1616836,0.1616836,既有专家主导型清单编制流程,
SRC-PWR-000259,POWER,BC,calculated,expert_excel_workbook,,,,,既有专家主导型工作簿,,0.7275762,0.7275762,既有专家主导型清单编制流程,
SRC-PWR-000259,POWER,OC,calculated,expert_excel_workbook,,,,,既有专家主导型工作簿,,266.77794,266.77794,既有专家主导型清单编制流程,
SRC-PWR-000259,POWER,NH3,calculated,expert_excel_workbook,,,,,既有专家主导型工作簿,,0.0,0.0,既有专家主导型清单编制流程,
SRC-PWR-000260,POWER,SO2,calculated,expert_excel_workbook,,,,,既有专家主导型工作簿,,39592.45752999999,712.6642355400005,既有专家主导型清单编制流程,
SRC-PWR-000260,POWER,NOx,calculated,expert_excel_workbook,,,,,既有专家主导型工作簿,,16625.603890000002,2327.5845446000003,既有专家主导型清单编制流程,
SRC-PWR-000260,POWER,CO,calculated,expert_excel_workbook,,,,,既有专家主导型工作簿,,4611.818,4611.818,既有专家主导型清单编制流程,
SRC-PWR-000260,POWER,VOC,calculated,expert_excel_workbook,,,,,既有专家主导型工作簿,,99442.32562500001,596.6539537499896,既有专家主导型清单编制流程,
SRC-PWR-000260,POWER,PM10,calculated,expert_excel_workbook,,,,,既有专家主导型工作簿,,25941.47625,441.0050962500004,既有专家主导型清单编制流程,
SRC-PWR-000260,POWER,PM2.5,calculated,expert_excel_workbook,,,,,既有专家主导型工作簿,,51.8829525,0.8820101925000008,既有专家主导型清单编制流程,
SRC-PWR-000260,POWER,BC,calculated,expert_excel_workbook,,,,,既有专家主导型工作簿,,0.0,0.0,既有专家主导型清单编制流程,
SRC-PWR-000260,POWER,OC,calculated,expert_excel_workbook,,,,,既有专家主导型工作簿,,92.23636,92.23636,既有专家主导型清单编制流程,
SRC-PWR-000260,POWER,NH3,calculated,expert_excel_workbook,,,,,既有专家主导型工作簿,,0.0,0.0,既有专家主导型清单编制流程,
SRC-PWR-000261,POWER,SO2,calculated,expert_excel_workbook,,,,,既有专家主导型工作簿,,33208.205109999995,597.7476919800005,既有专家主导型清单编制流程,
SRC-PWR-000261,POWER,NOx,calculated,expert_excel_workbook,,,,,既有专家主导型工作簿,,13944.73843,1952.2633802,既有专家主导型清单编制流程,
SRC-PWR-000261,POWER,CO,calculated,expert_excel_workbook,,,,,既有专家主导型工作簿,,3868.166,3868.166,既有专家主导型清单编制流程,
SRC-PWR-000261,POWER,VOC,calculated,expert_excel_workbook,,,,,既有专家主导型工作簿,,83407.329375,500.4439762499912,既有专家主导型清单编制流程,
SRC-PWR-000261,POWER,PM10,calculated,expert_excel_workbook,,,,,既有专家主导型工作簿,,21758.43375,369.8933737500003,既有专家主导型清单编制流程,
SRC-PWR-000261,POWER,PM2.5,calculated,expert_excel_workbook,,,,,既有专家主导型工作簿,,43.516867500000004,0.7397867475000007,既有专家主导型清单编制流程,
SRC-PWR-000261,POWER,BC,calculated,expert_excel_workbook,,,,,既有专家主导型工作簿,,0.0,0.0,既有专家主导型清单编制流程,
SRC-PWR-000261,POWER,OC,calculated,expert_excel_workbook,,,,,既有专家主导型工作簿,,77.36332,77.36332,既有专家主导型清单编制流程,
SRC-PWR-000261,POWER,NH3,calculated,expert_excel_workbook,,,,,既有专家主导型工作簿,,0.0,0.0,既有专家主导型清单编制流程,
SRC-PWR-000262,POWER,SO2,calculated,expert_excel_workbook,,,,,既有专家主导型工作簿,,5.988858384,5.988858384,既有专家主导型清单编制流程,
SRC-PWR-000262,POWER,NOx,calculated,expert_excel_workbook,,,,,既有专家主导型工作簿,,965.1855099999999,559.8075958000001,既有专家主导型清单编制流程,
SRC-PWR-000262,POWER,CO,calculated,expert_excel_workbook,,,,,既有专家主导型工作簿,,306.03443,306.03443,既有专家主导型清单编制流程,
SRC-PWR-000262,POWER,VOC,calculated,expert_excel_workbook,,,,,既有专家主导型工作簿,,7.062333,7.062333,既有专家主导型清单编制流程,
SRC-PWR-000262,POWER,PM10,calculated,expert_excel_workbook,,,,,既有专家主导型工作簿,,7.062333,7.062333,既有专家主导型清单编制流程,
SRC-PWR-000262,POWER,PM2.5,calculated,expert_excel_workbook,,,,,既有专家主导型工作簿,,0.0,0.0,既有专家主导型清单编制流程,
SRC-PWR-000262,POWER,BC,calculated,expert_excel_workbook,,,,,既有专家主导型工作簿,,0.0,0.0,既有专家主导型清单编制流程,
SRC-PWR-000262,POWER,OC,calculated,expert_excel_workbook,,,,,既有专家主导型工作簿,,4.708222,4.708222,既有专家主导型清单编制流程,
SRC-PWR-000262,POWER,NH3,calculated,expert_excel_workbook,,,,,既有专家主导型工作簿,,0.0,0.0,既有专家主导型清单编制流程,
SRC-PWR-000263,POWER,SO2,calculated,expert_excel_workbook,,,,,既有专家主导型工作簿,,4.8883896192,4.8883896192,既有专家主导型清单编制流程,
SRC-PWR-000263,POWER,NOx,calculated,expert_excel_workbook,,,,,既有专家主导型工作簿,,787.8300879999997,456.9414510399999,既有专家主导型清单编制流程,
SRC-PWR-000263,POWER,CO,calculated,expert_excel_workbook,,,,,既有专家主导型工作簿,,249.799784,249.799784,既有专家主导型清单编制流程,
SRC-PWR-000263,POWER,VOC,calculated,expert_excel_workbook,,,,,既有专家主导型工作簿,,5.7646104,5.7646104,既有专家主导型清单编制流程,
SRC-PWR-000263,POWER,PM10,calculated,expert_excel_workbook,,,,,既有专家主导型工作簿,,5.7646104,5.7646104,既有专家主导型清单编制流程,
SRC-PWR-000263,POWER,PM2.5,calculated,expert_excel_workbook,,,,,既有专家主导型工作簿,,0.0,0.0,既有专家主导型清单编制流程,
SRC-PWR-000263,POWER,BC,calculated,expert_excel_workbook,,,,,既有专家主导型工作簿,,0.0,0.0,既有专家主导型清单编制流程,
SRC-PWR-000263,POWER,OC,calculated,expert_excel_workbook,,,,,既有专家主导型工作簿,,3.8430735999999994,3.8430735999999994,既有专家主导型清单编制流程,
SRC-PWR-000263,POWER,NH3,calculated,expert_excel_workbook,,,,,既有专家主导型工作簿,,0.0,0.0,既有专家主导型清单编制流程,
SRC-PWR-000264,POWER,SO2,calculated,expert_excel_workbook,,,,,既有专家主导型工作簿,,579.6613964537548,28.983069822687767,既有专家主导型清单编制流程,
SRC-PWR-000264,POWER,NOx,calculated,expert_excel_workbook,,,,,既有专家主导型工作簿,,886.4485724205534,221.61214310513836,既有专家主导型清单编制流程,
SRC-PWR-000264,POWER,CO,calculated,expert_excel_workbook,,,,,既有专家主导型工作簿,,315.7549856916996,315.7549856916996,既有专家主导型清单编制流程,
SRC-PWR-000264,POWER,VOC,calculated,expert_excel_workbook,,,,,既有专家主导型工作簿,,2547.2727504358577,15.283636502614877,既有专家主导型清单编制流程,
SRC-PWR-000264,POWER,PM10,calculated,expert_excel_workbook,,,,,既有专家主导型工作簿,,614.8589397603795,10.452601975926461,既有专家主导型清单编制流程,
SRC-PWR-000264,POWER,PM2.5,calculated,expert_excel_workbook,,,,,既有专家主导型工作簿,,1.229717879520759,0.020905203951852924,既有专家主导型清单编制流程,
SRC-PWR-000264,POWER,BC,calculated,expert_excel_workbook,,,,,既有专家主导型工作簿,,0.0,0.0,既有专家主导型清单编制流程,
SRC-PWR-000264,POWER,OC,calculated,expert_excel_workbook,,,,,既有专家主导型工作簿,,27.49470508932806,27.49470508932806,既有专家主导型清单编制流程,
SRC-PWR-000264,POWER,NH3,calculated,expert_excel_workbook,,,,,既有专家主导型工作簿,,5.054798418972332,5.054798418972332,既有专家主导型清单编制流程,
SRC-PWR-000265,POWER,SO2,calculated,expert_excel_workbook,,,,,既有专家主导型工作簿,,6954.58304,91.10503782400001,既有专家主导型清单编制流程,
SRC-PWR-000265,POWER,NOx,calculated,expert_excel_workbook,,,,,既有专家主导型工作簿,,9217.379359999999,1152.1724199999999,既有专家主导型清单编制流程,
SRC-PWR-000265,POWER,CO,calculated,expert_excel_workbook,,,,,既有专家主导型工作簿,,2556.832,2556.832,既有专家主导型清单编制流程,
SRC-PWR-000265,POWER,VOC,calculated,expert_excel_workbook,,,,,既有专家主导型工作簿,,34424.227236,68.84845447200006,既有专家主导型清单编制流程,
SRC-PWR-000265,POWER,PM10,calculated,expert_excel_workbook,,,,,既有专家主导型工作簿,,8980.233191999998,35.92093276800002,既有专家主导型清单编制流程,
SRC-PWR-000265,POWER,PM2.5,calculated,expert_excel_workbook,,,,,既有专家主导型工作簿,,17.960466383999997,0.07184186553600005,既有专家主导型清单编制流程,
SRC-PWR-000265,POWER,BC,calculated,expert_excel_workbook,,,,,既有专家主导型工作簿,,0.0,0.0,既有专家主导型清单编制流程,
SRC-PWR-000265,POWER,OC,calculated,expert_excel_workbook,,,,,既有专家主导型工作簿,,51.13664,51.13664,既有专家主导型清单编制流程,
SRC-PWR-000265,POWER,NH3,calculated,expert_excel_workbook,,,,,既有专家主导型工作簿,,0.0,0.0,既有专家主导型清单编制流程,
SRC-PWR-000266,POWER,SO2,calculated,expert_excel_workbook,,,,,既有专家主导型工作簿,,5621.217280000001,73.63794636800002,既有专家主导型清单编制流程,
SRC-PWR-000266,POWER,NOx,calculated,expert_excel_workbook,,,,,既有专家主导型工作簿,,7450.17952,931.27244,既有专家主导型清单编制流程,
SRC-PWR-000266,POWER,CO,calculated,expert_excel_workbook,,,,,既有专家主导型工作簿,,2066.624,2066.624,既有专家主导型清单编制流程,
SRC-PWR-000266,POWER,VOC,calculated,expert_excel_workbook,,,,,既有专家主导型工作簿,,28626.358992,57.25271798400005,既有专家主导型清单编制流程,
SRC-PWR-000266,POWER,PM10,calculated,expert_excel_workbook,,,,,既有专家主导型工作簿,,7467.745824,29.870983296000023,既有专家主导型清单编制流程,
SRC-PWR-000266,POWER,PM2.5,calculated,expert_excel_workbook,,,,,既有专家主导型工作簿,,14.935491648,0.059741966592000054,既有专家主导型清单编制流程,
SRC-PWR-000266,POWER,BC,calculated,expert_excel_workbook,,,,,既有专家主导型工作簿,,0.0,0.0,既有专家主导型清单编制流程,
SRC-PWR-000266,POWER,OC,calculated,expert_excel_workbook,,,,,既有专家主导型工作簿,,41.332480000000004,41.332480000000004,既有专家主导型清单编制流程,
SRC-PWR-000266,POWER,NH3,calculated,expert_excel_workbook,,,,,既有专家主导型工作簿,,0.0,0.0,既有专家主导型清单编制流程,
SRC-PWR-000267,POWER,SO2,calculated,expert_excel_workbook,,,,,既有专家主导型工作簿,,5.075856216,5.075856216,既有专家主导型清单编制流程,
SRC-PWR-000267,POWER,NOx,calculated,expert_excel_workbook,,,,,既有专家主导型工作簿,,818.0428649999999,474.4648617,既有专家主导型清单编制流程,
SRC-PWR-000267,POWER,CO,calculated,expert_excel_workbook,,,,,既有专家主导型工作簿,,259.379445,259.379445,既有专家主导型清单编制流程,
SRC-PWR-000267,POWER,VOC,calculated,expert_excel_workbook,,,,,既有专家主导型工作簿,,5.9856795,5.9856795,既有专家主导型清单编制流程,
SRC-PWR-000267,POWER,PM10,calculated,expert_excel_workbook,,,,,既有专家主导型工作簿,,5.9856795,5.9856795,既有专家主导型清单编制流程,
SRC-PWR-000267,POWER,PM2.5,calculated,expert_excel_workbook,,,,,既有专家主导型工作簿,,0.0,0.0,既有专家主导型清单编制流程,
SRC-PWR-000267,POWER,BC,calculated,expert_excel_workbook,,,,,既有专家主导型工作簿,,0.0,0.0,既有专家主导型清单编制流程,
SRC-PWR-000267,POWER,OC,calculated,expert_excel_workbook,,,,,既有专家主导型工作簿,,3.990453,3.990453,既有专家主导型清单编制流程,
SRC-PWR-000267,POWER,NH3,calculated,expert_excel_workbook,,,,,既有专家主导型工作簿,,0.0,0.0,既有专家主导型清单编制流程,
SRC-PWR-000268,POWER,SO2,calculated,expert_excel_workbook,,,,,既有专家主导型工作簿,,8.4973194672,8.4973194672,既有专家主导型清单编制流程,
SRC-PWR-000268,POWER,NOx,calculated,expert_excel_workbook,,,,,既有专家主导型工作簿,,1369.457933,794.28560114,既有专家主导型清单编制流程,
SRC-PWR-000268,POWER,CO,calculated,expert_excel_workbook,,,,,既有专家主导型工作簿,,434.218369,434.218369,既有专家主导型清单编制流程,
SRC-PWR-000268,POWER,VOC,calculated,expert_excel_workbook,,,,,既有专家主导型工作簿,,10.0204239,10.0204239,既有专家主导型清单编制流程,
SRC-PWR-000268,POWER,PM10,calculated,expert_excel_workbook,,,,,既有专家主导型工作簿,,10.0204239,10.0204239,既有专家主导型清单编制流程,
SRC-PWR-000268,POWER,PM2.5,calculated,expert_excel_workbook,,,,,既有专家主导型工作簿,,0.0,0.0,既有专家主导型清单编制流程,
SRC-PWR-000268,POWER,BC,calculated,expert_excel_workbook,,,,,既有专家主导型工作簿,,0.0,0.0,既有专家主导型清单编制流程,
SRC-PWR-000268,POWER,OC,calculated,expert_excel_workbook,,,,,既有专家主导型工作簿,,6.680282600000001,6.680282600000001,既有专家主导型清单编制流程,
SRC-PWR-000268,POWER,NH3,calculated,expert_excel_workbook,,,,,既有专家主导型工作簿,,0.0,0.0,既有专家主导型清单编制流程,
SRC-PWR-000269,POWER,SO2,calculated,expert_excel_workbook,,,,,既有专家主导型工作簿,,22858.79347,868.6341518599983,既有专家主导型清单编制流程,
SRC-PWR-000269,POWER,NOx,calculated,expert_excel_workbook,,,,,既有专家主导型工作簿,,18292.10887,3658.421773999999,既有专家主导型清单编制流程,
SRC-PWR-000269,POWER,CO,calculated,expert_excel_workbook,,,,,既有专家主导型工作簿,,5074.094,5074.094,既有专家主导型清单编制流程,
SRC-PWR-000269,POWER,VOC,calculated,expert_excel_workbook,,,,,既有专家主导型工作簿,,48184.23088575,530.0265397432452,既有专家主导型清单编制流程,
SRC-PWR-000269,POWER,PM10,calculated,expert_excel_workbook,,,,,既有专家主导型工作簿,,12569.799361500001,377.0939808450004,既有专家主导型清单编制流程,
SRC-PWR-000269,POWER,PM2.5,calculated,expert_excel_workbook,,,,,既有专家主导型工作簿,,25.139598723000002,0.7541879616900008,既有专家主导型清单编制流程,
SRC-PWR-000269,POWER,BC,calculated,expert_excel_workbook,,,,,既有专家主导型工作簿,,0.0,0.0,既有专家主导型清单编制流程,
SRC-PWR-000269,POWER,OC,calculated,expert_excel_workbook,,,,,既有专家主导型工作簿,,101.48188,101.48188,既有专家主导型清单编制流程,
SRC-PWR-000269,POWER,NH3,calculated,expert_excel_workbook,,,,,既有专家主导型工作簿,,0.0,0.0,既有专家主导型清单编制流程,
SRC-PWR-000270,POWER,SO2,calculated,expert_excel_workbook,,,,,既有专家主导型工作簿,,23058.08566,876.2072550799983,既有专家主导型清单编制流程,
SRC-PWR-000270,POWER,NOx,calculated,expert_excel_workbook,,,,,既有专家主导型工作簿,,18451.58686,3690.317371999999,既有专家主导型清单编制流程,
SRC-PWR-000270,POWER,CO,calculated,expert_excel_workbook,,,,,既有专家主导型工作簿,,5118.332,5118.332,既有专家主导型清单编制流程,
SRC-PWR-000270,POWER,VOC,calculated,expert_excel_workbook,,,,,既有专家主导型工作簿,,52003.532703,572.0388597329948,既有专家主导型清单编制流程,
SRC-PWR-000270,POWER,PM10,calculated,expert_excel_workbook,,,,,既有专家主导型工作簿,,13566.138965999997,406.9841689800003,既有专家主导型清单编制流程,
SRC-PWR-000270,POWER,PM2.5,calculated,expert_excel_workbook,,,,,既有专家主导型工作簿,,27.132277931999994,0.8139683379600006,既有专家主导型清单编制流程,
SRC-PWR-000270,POWER,BC,calculated,expert_excel_workbook,,,,,既有专家主导型工作簿,,0.0,0.0,既有专家主导型清单编制流程,
SRC-PWR-000270,POWER,OC,calculated,expert_excel_workbook,,,,,既有专家主导型工作簿,,102.36664,102.36664,既有专家主导型清单编制流程,
SRC-PWR-000270,POWER,NH3,calculated,expert_excel_workbook,,,,,既有专家主导型工作簿,,0.0,0.0,既有专家主导型清单编制流程,
SRC-PWR-000271,POWER,SO2,calculated,expert_excel_workbook,,,,,既有专家主导型工作簿,,633.3423999999999,63.33423999999997,既有专家主导型清单编制流程,
SRC-PWR-000271,POWER,NOx,calculated,expert_excel_workbook,,,,,既有专家主导型工作簿,,615.2568443999999,215.33989553999993,既有专家主导型清单编制流程,
SRC-PWR-000271,POWER,CO,calculated,expert_excel_workbook,,,,,既有专家主导型工作簿,,92.913644,92.913644,既有专家主导型清单编制流程,
SRC-PWR-000271,POWER,VOC,calculated,expert_excel_workbook,,,,,既有专家主导型工作簿,,35.131049000000004,35.131049000000004,既有专家主导型清单编制流程,
SRC-PWR-000271,POWER,PM10,calculated,expert_excel_workbook,,,,,既有专家主导型工作簿,,26.0573788,26.0573788,既有专家主导型清单编制流程,
SRC-PWR-000271,POWER,PM2.5,calculated,expert_excel_workbook,,,,,既有专家主导型工作簿,,1.5780295999999998,1.5780295999999998,既有专家主导型清单编制流程,
SRC-PWR-000271,POWER,BC,calculated,expert_excel_workbook,,,,,既有专家主导型工作簿,,1.972537,1.972537,既有专家主导型清单编制流程,
SRC-PWR-000271,POWER,OC,calculated,expert_excel_workbook,,,,,既有专家主导型工作簿,,8.5609206,8.5609206,既有专家主导型清单编制流程,
SRC-PWR-000271,POWER,NH3,calculated,expert_excel_workbook,,,,,既有专家主导型工作簿,,0.0,0.0,既有专家主导型清单编制流程,
SRC-PWR-000272,POWER,SO2,calculated,expert_excel_workbook,,,,,既有专家主导型工作簿,,455.24892800000003,45.524892799999996,既有专家主导型清单编制流程,
SRC-PWR-000272,POWER,NOx,calculated,expert_excel_workbook,,,,,既有专家主导型工作簿,,382.1564726,133.75476540999998,既有专家主导型清单编制流程,
SRC-PWR-000272,POWER,CO,calculated,expert_excel_workbook,,,,,既有专家主导型工作簿,,47.637485999999996,47.637485999999996,既有专家主导型清单编制流程,
SRC-PWR-000272,POWER,VOC,calculated,expert_excel_workbook,,,,,既有专家主导型工作簿,,24.841254499999998,24.841254499999998,既有专家主导型清单编制流程,
SRC-PWR-000272,POWER,PM10,calculated,expert_excel_workbook,,,,,既有专家主导型工作簿,,18.310586199999996,18.310586199999996,既有专家主导型清单编制流程,
SRC-PWR-000272,POWER,PM2.5,calculated,expert_excel_workbook,,,,,既有专家主导型工作簿,,1.1357684,1.1357684,既有专家主导型清单编制流程,
SRC-PWR-000272,POWER,BC,calculated,expert_excel_workbook,,,,,既有专家主导型工作簿,,1.4197105,1.4197105,既有专家主导型清单编制流程,
SRC-PWR-000272,POWER,OC,calculated,expert_excel_workbook,,,,,既有专家主导型工作簿,,5.8656839000000005,5.8656839000000005,既有专家主导型清单编制流程,
SRC-PWR-000272,POWER,NH3,calculated,expert_excel_workbook,,,,,既有专家主导型工作簿,,0.0,0.0,既有专家主导型清单编制流程,
SRC-PWR-000273,POWER,SO2,calculated,expert_excel_workbook,,,,,既有专家主导型工作簿,,174.39883600000002,17.439883599999998,既有专家主导型清单编制流程,
SRC-PWR-000273,POWER,NOx,calculated,expert_excel_workbook,,,,,既有专家主导型工作簿,,158.62848279999997,55.51996897999999,既有专家主导型清单编制流程,
SRC-PWR-000273,POWER,CO,calculated,expert_excel_workbook,,,,,既有专家主导型工作簿,,22.146498,22.146498,既有专家主导型清单编制流程,
SRC-PWR-000273,POWER,VOC,calculated,expert_excel_workbook,,,,,既有专家主导型工作簿,,9.599965,9.599965,既有专家主导型清单编制流程,
SRC-PWR-000273,POWER,PM10,calculated,expert_excel_workbook,,,,,既有专家主导型工作簿,,7.099892599999999,7.099892599999999,既有专家主导型清单编制流程,
SRC-PWR-000273,POWER,PM2.5,calculated,expert_excel_workbook,,,,,既有专家主导型工作簿,,0.4347952,0.4347952,既有专家主导型清单编制流程,
SRC-PWR-000273,POWER,BC,calculated,expert_excel_workbook,,,,,既有专家主导型工作簿,,0.543494,0.543494,既有专家主导型清单编制流程,
SRC-PWR-000273,POWER,OC,calculated,expert_excel_workbook,,,,,既有专家主导型工作簿,,2.3056552000000003,2.3056552000000003,既有专家主导型清单编制流程,
SRC-PWR-000273,POWER,NH3,calculated,expert_excel_workbook,,,,,既有专家主导型工作簿,,0.0,0.0,既有专家主导型清单编制流程,
SRC-PWR-000274,POWER,SO2,calculated,expert_excel_workbook,,,,,既有专家主导型工作簿,,1001.7080600000002,100.170806,既有专家主导型清单编制流程,
SRC-PWR-000274,POWER,NOx,calculated,expert_excel_workbook,,,,,既有专家主导型工作簿,,917.9545487999999,321.28409207999994,既有专家主导型清单编制流程,
SRC-PWR-000274,POWER,CO,calculated,expert_excel_workbook,,,,,既有专家主导型工作簿,,129.380338,129.380338,既有专家主导型清单编制流程,
SRC-PWR-000274,POWER,VOC,calculated,expert_excel_workbook,,,,,既有专家主导型工作簿,,55.186768,55.186768,既有专家主导型清单编制流程,
SRC-PWR-000274,POWER,PM10,calculated,expert_excel_workbook,,,,,既有专家主导型工作簿,,40.8278726,40.8278726,既有专家主导型清单编制流程,
SRC-PWR-000274,POWER,PM2.5,calculated,expert_excel_workbook,,,,,既有专家主导型工作簿,,2.4971992,2.4971992,既有专家主导型清单编制流程,
SRC-PWR-000274,POWER,BC,calculated,expert_excel_workbook,,,,,既有专家主导型工作簿,,3.1214990000000005,3.1214990000000005,既有专家主导型清单编制流程,
SRC-PWR-000274,POWER,OC,calculated,expert_excel_workbook,,,,,既有专家主导型工作簿,,13.2758862,13.2758862,既有专家主导型清单编制流程,
SRC-PWR-000274,POWER,NH3,calculated,expert_excel_workbook,,,,,既有专家主导型工作簿,,0.0,0.0,既有专家主导型清单编制流程,
SRC-PWR-000275,POWER,SO2,calculated,expert_excel_workbook,,,,,既有专家主导型工作簿,,0.10733629999999998,0.10733629999999998,既有专家主导型清单编制流程,
SRC-PWR-000275,POWER,NOx,calculated,expert_excel_workbook,,,,,既有专家主导型工作簿,,440.0788299999999,154.02759049999997,既有专家主导型清单编制流程,
SRC-PWR-000275,POWER,CO,calculated,expert_excel_workbook,,,,,既有专家主导型工作簿,,139.53719,139.53719,既有专家主导型清单编制流程,
SRC-PWR-000275,POWER,VOC,calculated,expert_excel_workbook,,,,,既有专家主导型工作簿,,3.220089,3.220089,既有专家主导型清单编制流程,
SRC-PWR-000275,POWER,PM10,calculated,expert_excel_workbook,,,,,既有专家主导型工作簿,,3.220089,3.220089,既有专家主导型清单编制流程,
SRC-PWR-000275,POWER,PM2.5,calculated,expert_excel_workbook,,,,,既有专家主导型工作簿,,0.0,0.0,既有专家主导型清单编制流程,
SRC-PWR-000275,POWER,BC,calculated,expert_excel_workbook,,,,,既有专家主导型工作簿,,0.0,0.0,既有专家主导型清单编制流程,
SRC-PWR-000275,POWER,OC,calculated,expert_excel_workbook,,,,,既有专家主导型工作簿,,2.146726,2.146726,既有专家主导型清单编制流程,
SRC-PWR-000275,POWER,NH3,calculated,expert_excel_workbook,,,,,既有专家主导型工作簿,,0.0,0.0,既有专家主导型清单编制流程,
SRC-PWR-000276,POWER,SO2,calculated,expert_excel_workbook,,,,,既有专家主导型工作簿,,0.2458711,0.2458711,既有专家主导型清单编制流程,
SRC-PWR-000276,POWER,NOx,calculated,expert_excel_workbook,,,,,既有专家主导型工作簿,,1008.07151,352.8250285,既有专家主导型清单编制流程,
SRC-PWR-000276,POWER,CO,calculated,expert_excel_workbook,,,,,既有专家主导型工作簿,,319.63243,319.63243,既有专家主导型清单编制流程,
SRC-PWR-000276,POWER,VOC,calculated,expert_excel_workbook,,,,,既有专家主导型工作簿,,7.376133,7.376133,既有专家主导型清单编制流程,
SRC-PWR-000276,POWER,PM10,calculated,expert_excel_workbook,,,,,既有专家主导型工作簿,,7.376133,7.376133,既有专家主导型清单编制流程,
SRC-PWR-000276,POWER,PM2.5,calculated,expert_excel_workbook,,,,,既有专家主导型工作簿,,0.0,0.0,既有专家主导型清单编制流程,
SRC-PWR-000276,POWER,BC,calculated,expert_excel_workbook,,,,,既有专家主导型工作簿,,0.0,0.0,既有专家主导型清单编制流程,
SRC-PWR-000276,POWER,OC,calculated,expert_excel_workbook,,,,,既有专家主导型工作簿,,4.917422,4.917422,既有专家主导型清单编制流程,
SRC-PWR-000276,POWER,NH3,calculated,expert_excel_workbook,,,,,既有专家主导型工作簿,,0.0,0.0,既有专家主导型清单编制流程,
SRC-PWR-000277,POWER,SO2,calculated,expert_excel_workbook,,,,,既有专家主导型工作簿,,1738.8411480000002,173.8841148,既有专家主导型清单编制流程,
SRC-PWR-000277,POWER,NOx,calculated,expert_excel_workbook,,,,,既有专家主导型工作簿,,2081.401451,728.49050785,既有专家主导型清单编制流程,
SRC-PWR-000277,POWER,CO,calculated,expert_excel_workbook,,,,,既有专家主导型工作簿,,380.07812,380.07812,既有专家主导型清单编制流程,
SRC-PWR-000277,POWER,VOC,calculated,expert_excel_workbook,,,,,既有专家主导型工作簿,,99.13530850000001,1.1896237020000011,既有专家主导型清单编制流程,
SRC-PWR-000277,POWER,PM10,calculated,expert_excel_workbook,,,,,既有专家主导型工作簿,,74.278898,2.228366940000002,既有专家主导型清单编制流程,
SRC-PWR-000277,POWER,PM2.5,calculated,expert_excel_workbook,,,,,既有专家主导型工作簿,,4.322854,0.12968562000000014,既有专家主导型清单编制流程,
SRC-PWR-000277,POWER,BC,calculated,expert_excel_workbook,,,,,既有专家主导型工作簿,,5.403567500000001,0.16210702500000018,既有专家主导型清单编制流程,
SRC-PWR-000277,POWER,OC,calculated,expert_excel_workbook,,,,,既有专家主导型工作簿,,25.383330500000003,25.383330500000003,既有专家主导型清单编制流程,
SRC-PWR-000277,POWER,NH3,calculated,expert_excel_workbook,,,,,既有专家主导型工作簿,,0.0,0.0,既有专家主导型清单编制流程,
SRC-PWR-000278,POWER,SO2,calculated,expert_excel_workbook,,,,,既有专家主导型工作簿,,0.20155619,0.20155619,既有专家主导型清单编制流程,
SRC-PWR-000278,POWER,NOx,calculated,expert_excel_workbook,,,,,既有专家主导型工作簿,,826.3803789999997,289.2331326499999,既有专家主导型清单编制流程,
SRC-PWR-000278,POWER,CO,calculated,expert_excel_workbook,,,,,既有专家主导型工作簿,,262.023047,262.023047,既有专家主导型清单编制流程,
SRC-PWR-000278,POWER,VOC,calculated,expert_excel_workbook,,,,,既有专家主导型工作簿,,6.046685699999999,6.046685699999999,既有专家主导型清单编制流程,
SRC-PWR-000278,POWER,PM10,calculated,expert_excel_workbook,,,,,既有专家主导型工作簿,,6.046685699999999,6.046685699999999,既有专家主导型清单编制流程,
SRC-PWR-000278,POWER,PM2.5,calculated,expert_excel_workbook,,,,,既有专家主导型工作簿,,0.0,0.0,既有专家主导型清单编制流程,
SRC-PWR-000278,POWER,BC,calculated,expert_excel_workbook,,,,,既有专家主导型工作簿,,0.0,0.0,既有专家主导型清单编制流程,
SRC-PWR-000278,POWER,OC,calculated,expert_excel_workbook,,,,,既有专家主导型工作簿,,4.0311238,4.0311238,既有专家主导型清单编制流程,
SRC-PWR-000278,POWER,NH3,calculated,expert_excel_workbook,,,,,既有专家主导型工作簿,,0.0,0.0,既有专家主导型清单编制流程,
SRC-PWR-000279,POWER,SO2,calculated,expert_excel_workbook,,,,,既有专家主导型工作簿,,0.25090152,0.25090152,既有专家主导型清单编制流程,
SRC-PWR-000279,POWER,NOx,calculated,expert_excel_workbook,,,,,既有专家主导型工作簿,,1028.6962319999998,360.0436811999999,既有专家主导型清单编制流程,
SRC-PWR-000279,POWER,CO,calculated,expert_excel_workbook,,,,,既有专家主导型工作簿,,326.171976,326.171976,既有专家主导型清单编制流程,
SRC-PWR-000279,POWER,VOC,calculated,expert_excel_workbook,,,,,既有专家主导型工作簿,,7.527045599999998,7.527045599999998,既有专家主导型清单编制流程,
SRC-PWR-000279,POWER,PM10,calculated,expert_excel_workbook,,,,,既有专家主导型工作簿,,7.527045599999998,7.527045599999998,既有专家主导型清单编制流程,
SRC-PWR-000279,POWER,PM2.5,calculated,expert_excel_workbook,,,,,既有专家主导型工作簿,,0.0,0.0,既有专家主导型清单编制流程,
SRC-PWR-000279,POWER,BC,calculated,expert_excel_workbook,,,,,既有专家主导型工作簿,,0.0,0.0,既有专家主导型清单编制流程,
SRC-PWR-000279,POWER,OC,calculated,expert_excel_workbook,,,,,既有专家主导型工作簿,,5.0180304,5.0180304,既有专家主导型清单编制流程,
SRC-PWR-000279,POWER,NH3,calculated,expert_excel_workbook,,,,,既有专家主导型工作簿,,0.0,0.0,既有专家主导型清单编制流程,
SRC-PWR-000280,POWER,SO2,calculated,expert_excel_workbook,,,,,既有专家主导型工作簿,,0.24561661,0.24561661,既有专家主导型清单编制流程,
SRC-PWR-000280,POWER,NOx,calculated,expert_excel_workbook,,,,,既有专家主导型工作簿,,1007.0281009999999,352.45983534999993,既有专家主导型清单编制流程,
SRC-PWR-000280,POWER,CO,calculated,expert_excel_workbook,,,,,既有专家主导型工作簿,,319.301593,319.301593,既有专家主导型清单编制流程,
SRC-PWR-000280,POWER,VOC,calculated,expert_excel_workbook,,,,,既有专家主导型工作簿,,7.3684983,7.3684983,既有专家主导型清单编制流程,
SRC-PWR-000280,POWER,PM10,calculated,expert_excel_workbook,,,,,既有专家主导型工作簿,,7.3684983,7.3684983,既有专家主导型清单编制流程,
SRC-PWR-000280,POWER,PM2.5,calculated,expert_excel_workbook,,,,,既有专家主导型工作簿,,0.0,0.0,既有专家主导型清单编制流程,
SRC-PWR-000280,POWER,BC,calculated,expert_excel_workbook,,,,,既有专家主导型工作簿,,0.0,0.0,既有专家主导型清单编制流程,
SRC-PWR-000280,POWER,OC,calculated,expert_excel_workbook,,,,,既有专家主导型工作簿,,4.9123322,4.9123322,既有专家主导型清单编制流程,
SRC-PWR-000280,POWER,NH3,calculated,expert_excel_workbook,,,,,既有专家主导型工作簿,,0.0,0.0,既有专家主导型清单编制流程,
SRC-PWR-000281,POWER,SO2,calculated,expert_excel_workbook,,,,,既有专家主导型工作簿,,0.09292028,0.09292028,既有专家主导型清单编制流程,
SRC-PWR-000281,POWER,NOx,calculated,expert_excel_workbook,,,,,既有专家主导型工作簿,,380.973148,133.34060179999997,既有专家主导型清单编制流程,
SRC-PWR-000281,POWER,CO,calculated,expert_excel_workbook,,,,,既有专家主导型工作簿,,120.79636400000001,120.79636400000001,既有专家主导型清单编制流程,
SRC-PWR-000281,POWER,VOC,calculated,expert_excel_workbook,,,,,既有专家主导型工作簿,,2.7876084,2.7876084,既有专家主导型清单编制流程,
SRC-PWR-000281,POWER,PM10,calculated,expert_excel_workbook,,,,,既有专家主导型工作簿,,2.7876084,2.7876084,既有专家主导型清单编制流程,
SRC-PWR-000281,POWER,PM2.5,calculated,expert_excel_workbook,,,,,既有专家主导型工作簿,,0.0,0.0,既有专家主导型清单编制流程,
SRC-PWR-000281,POWER,BC,calculated,expert_excel_workbook,,,,,既有专家主导型工作簿,,0.0,0.0,既有专家主导型清单编制流程,
SRC-PWR-000281,POWER,OC,calculated,expert_excel_workbook,,,,,既有专家主导型工作簿,,1.8584056,1.8584056,既有专家主导型清单编制流程,
SRC-PWR-000281,POWER,NH3,calculated,expert_excel_workbook,,,,,既有专家主导型工作簿,,0.0,0.0,既有专家主导型清单编制流程,
SRC-PWR-000282,POWER,SO2,calculated,expert_excel_workbook,,,,,既有专家主导型工作簿,,0.18859811000000004,0.18859811000000004,既有专家主导型清单编制流程,
SRC-PWR-000282,POWER,NOx,calculated,expert_excel_workbook,,,,,既有专家主导型工作簿,,773.252251,270.63828785,既有专家主导型清单编制流程,
SRC-PWR-000282,POWER,CO,calculated,expert_excel_workbook,,,,,既有专家主导型工作簿,,245.17754300000004,245.17754300000004,既有专家主导型清单编制流程,
SRC-PWR-000282,POWER,VOC,calculated,expert_excel_workbook,,,,,既有专家主导型工作簿,,5.6579433,5.6579433,既有专家主导型清单编制流程,
SRC-PWR-000282,POWER,PM10,calculated,expert_excel_workbook,,,,,既有专家主导型工作簿,,5.6579433,5.6579433,既有专家主导型清单编制流程,
SRC-PWR-000282,POWER,PM2.5,calculated,expert_excel_workbook,,,,,既有专家主导型工作簿,,0.0,0.0,既有专家主导型清单编制流程,
SRC-PWR-000282,POWER,BC,calculated,expert_excel_workbook,,,,,既有专家主导型工作簿,,0.0,0.0,既有专家主导型清单编制流程,
SRC-PWR-000282,POWER,OC,calculated,expert_excel_workbook,,,,,既有专家主导型工作簿,,3.7719622000000004,3.7719622000000004,既有专家主导型清单编制流程,
SRC-PWR-000282,POWER,NH3,calculated,expert_excel_workbook,,,,,既有专家主导型工作簿,,0.0,0.0,既有专家主导型清单编制流程,
SRC-PWR-000283,POWER,SO2,calculated,expert_excel_workbook,,,,,既有专家主导型工作簿,,0.17994893,0.17994893,既有专家主导型清单编制流程,
SRC-PWR-000283,POWER,NOx,calculated,expert_excel_workbook,,,,,既有专家主导型工作簿,,737.7906129999999,258.22671454999994,既有专家主导型清单编制流程,
SRC-PWR-000283,POWER,CO,calculated,expert_excel_workbook,,,,,既有专家主导型工作簿,,233.933609,233.933609,既有专家主导型清单编制流程,
SRC-PWR-000283,POWER,VOC,calculated,expert_excel_workbook,,,,,既有专家主导型工作簿,,5.398467899999999,5.398467899999999,既有专家主导型清单编制流程,
SRC-PWR-000283,POWER,PM10,calculated,expert_excel_workbook,,,,,既有专家主导型工作簿,,5.398467899999999,5.398467899999999,既有专家主导型清单编制流程,
SRC-PWR-000283,POWER,PM2.5,calculated,expert_excel_workbook,,,,,既有专家主导型工作簿,,0.0,0.0,既有专家主导型清单编制流程,
SRC-PWR-000283,POWER,BC,calculated,expert_excel_workbook,,,,,既有专家主导型工作簿,,0.0,0.0,既有专家主导型清单编制流程,
SRC-PWR-000283,POWER,OC,calculated,expert_excel_workbook,,,,,既有专家主导型工作簿,,3.5989785999999997,3.5989785999999997,既有专家主导型清单编制流程,
SRC-PWR-000283,POWER,NH3,calculated,expert_excel_workbook,,,,,既有专家主导型工作簿,,0.0,0.0,既有专家主导型清单编制流程,
SRC-PWR-000284,POWER,SO2,calculated,expert_excel_workbook,,,,,既有专家主导型工作簿,,0.05892,0.05892,既有专家主导型清单编制流程,
SRC-PWR-000284,POWER,NOx,calculated,expert_excel_workbook,,,,,既有专家主导型工作簿,,241.57199999999997,84.55019999999999,既有专家主导型清单编制流程,
SRC-PWR-000284,POWER,CO,calculated,expert_excel_workbook,,,,,既有专家主导型工作簿,,76.596,76.596,既有专家主导型清单编制流程,
SRC-PWR-000284,POWER,VOC,calculated,expert_excel_workbook,,,,,既有专家主导型工作簿,,1.7676,1.7676,既有专家主导型清单编制流程,
SRC-PWR-000284,POWER,PM10,calculated,expert_excel_workbook,,,,,既有专家主导型工作簿,,1.7676,1.7676,既有专家主导型清单编制流程,
SRC-PWR-000284,POWER,PM2.5,calculated,expert_excel_workbook,,,,,既有专家主导型工作簿,,0.0,0.0,既有专家主导型清单编制流程,
SRC-PWR-000284,POWER,BC,calculated,expert_excel_workbook,,,,,既有专家主导型工作簿,,0.0,0.0,既有专家主导型清单编制流程,
SRC-PWR-000284,POWER,OC,calculated,expert_excel_workbook,,,,,既有专家主导型工作簿,,1.1784,1.1784,既有专家主导型清单编制流程,
SRC-PWR-000284,POWER,NH3,calculated,expert_excel_workbook,,,,,既有专家主导型工作簿,,0.0,0.0,既有专家主导型清单编制流程,
SRC-PWR-000285,POWER,SO2,calculated,expert_excel_workbook,,,,,既有专家主导型工作簿,,8755.045219999998,254.77181590200007,既有专家主导型清单编制流程,
SRC-PWR-000285,POWER,NOx,calculated,expert_excel_workbook,,,,,既有专家主导型工作簿,,8072.10691,1210.8160365000003,既有专家主导型清单编制流程,
SRC-PWR-000285,POWER,CO,calculated,expert_excel_workbook,,,,,既有专家主导型工作簿,,2239.142,2239.142,既有专家主导型清单编制流程,
SRC-PWR-000285,POWER,VOC,calculated,expert_excel_workbook,,,,,既有专家主导型工作簿,,32503.105379249995,195.01863227549654,既有专家主导型清单编制流程,
SRC-PWR-000285,POWER,PM10,calculated,expert_excel_workbook,,,,,既有专家主导型工作簿,,8479.070968499998,144.1442064645001,既有专家主导型清单编制流程,
SRC-PWR-000285,POWER,PM2.5,calculated,expert_excel_workbook,,,,,既有专家主导型工作簿,,16.958141936999997,0.2882884129290002,既有专家主导型清单编制流程,
SRC-PWR-000285,POWER,BC,calculated,expert_excel_workbook,,,,,既有专家主导型工作簿,,0.0,0.0,既有专家主导型清单编制流程,
SRC-PWR-000285,POWER,OC,calculated,expert_excel_workbook,,,,,既有专家主导型工作簿,,44.78284000000001,44.78284000000001,既有专家主导型清单编制流程,
SRC-PWR-000285,POWER,NH3,calculated,expert_excel_workbook,,,,,既有专家主导型工作簿,,0.0,0.0,既有专家主导型清单编制流程,
SRC-PWR-000286,POWER,SO2,calculated,expert_excel_workbook,,,,,既有专家主导型工作簿,,7105.353659999999,206.76579150600008,既有专家主导型清单编制流程,
SRC-PWR-000286,POWER,NOx,calculated,expert_excel_workbook,,,,,既有专家主导型工作簿,,6551.09973,982.6649595000001,既有专家主导型清单编制流程,
SRC-PWR-000286,POWER,CO,calculated,expert_excel_workbook,,,,,既有专家主导型工作簿,,1817.226,1817.226,既有专家主导型清单编制流程,
SRC-PWR-000286,POWER,VOC,calculated,expert_excel_workbook,,,,,既有专家主导型工作簿,,26378.625462749995,158.27175277649718,既有专家主导型清单编制流程,
SRC-PWR-000286,POWER,PM10,calculated,expert_excel_workbook,,,,,既有专家主导型工作簿,,6881.380555499999,116.98346944350008,既有专家主导型清单编制流程,
SRC-PWR-000286,POWER,PM2.5,calculated,expert_excel_workbook,,,,,既有专家主导型工作簿,,13.762761110999998,0.23396693888700018,既有专家主导型清单编制流程,
SRC-PWR-000286,POWER,BC,calculated,expert_excel_workbook,,,,,既有专家主导型工作簿,,0.0,0.0,既有专家主导型清单编制流程,
SRC-PWR-000286,POWER,OC,calculated,expert_excel_workbook,,,,,既有专家主导型工作簿,,36.34452,36.34452,既有专家主导型清单编制流程,
SRC-PWR-000286,POWER,NH3,calculated,expert_excel_workbook,,,,,既有专家主导型工作簿,,0.0,0.0,既有专家主导型清单编制流程,
SRC-PWR-000287,POWER,SO2,calculated,expert_excel_workbook,,,,,既有专家主导型工作簿,,0.0330759,0.0330759,既有专家主导型清单编制流程,
SRC-PWR-000287,POWER,NOx,calculated,expert_excel_workbook,,,,,既有专家主导型工作簿,,135.61119,78.65449020000001,既有专家主导型清单编制流程,
SRC-PWR-000287,POWER,CO,calculated,expert_excel_workbook,,,,,既有专家主导型工作簿,,42.99867,42.99867,既有专家主导型清单编制流程,
SRC-PWR-000287,POWER,VOC,calculated,expert_excel_workbook,,,,,既有专家主导型工作簿,,0.992277,0.992277,既有专家主导型清单编制流程,
SRC-PWR-000287,POWER,PM10,calculated,expert_excel_workbook,,,,,既有专家主导型工作簿,,0.992277,0.992277,既有专家主导型清单编制流程,
SRC-PWR-000287,POWER,PM2.5,calculated,expert_excel_workbook,,,,,既有专家主导型工作簿,,0.0,0.0,既有专家主导型清单编制流程,
SRC-PWR-000287,POWER,BC,calculated,expert_excel_workbook,,,,,既有专家主导型工作簿,,0.0,0.0,既有专家主导型清单编制流程,
SRC-PWR-000287,POWER,OC,calculated,expert_excel_workbook,,,,,既有专家主导型工作簿,,0.6615180000000002,0.6615180000000002,既有专家主导型清单编制流程,
SRC-PWR-000287,POWER,NH3,calculated,expert_excel_workbook,,,,,既有专家主导型工作簿,,0.0,0.0,既有专家主导型清单编制流程,
SRC-PWR-000288,POWER,SO2,calculated,expert_excel_workbook,,,,,既有专家主导型工作簿,,0.0420965,0.0420965,既有专家主导型清单编制流程,
SRC-PWR-000288,POWER,NOx,calculated,expert_excel_workbook,,,,,既有专家主导型工作簿,,172.59565,100.10547700000002,既有专家主导型清单编制流程,
SRC-PWR-000288,POWER,CO,calculated,expert_excel_workbook,,,,,既有专家主导型工作簿,,54.72545,54.72545,既有专家主导型清单编制流程,
SRC-PWR-000288,POWER,VOC,calculated,expert_excel_workbook,,,,,既有专家主导型工作簿,,1.262895,1.262895,既有专家主导型清单编制流程,
SRC-PWR-000288,POWER,PM10,calculated,expert_excel_workbook,,,,,既有专家主导型工作簿,,1.262895,1.262895,既有专家主导型清单编制流程,
SRC-PWR-000288,POWER,PM2.5,calculated,expert_excel_workbook,,,,,既有专家主导型工作簿,,0.0,0.0,既有专家主导型清单编制流程,
SRC-PWR-000288,POWER,BC,calculated,expert_excel_workbook,,,,,既有专家主导型工作簿,,0.0,0.0,既有专家主导型清单编制流程,
SRC-PWR-000288,POWER,OC,calculated,expert_excel_workbook,,,,,既有专家主导型工作簿,,0.84193,0.84193,既有专家主导型清单编制流程,
SRC-PWR-000288,POWER,NH3,calculated,expert_excel_workbook,,,,,既有专家主导型工作簿,,0.0,0.0,既有专家主导型清单编制流程,
SRC-PWR-000289,POWER,SO2,calculated,expert_excel_workbook,,,,,既有专家主导型工作簿,,1699.9046351,169.99046350999996,既有专家主导型清单编制流程,
SRC-PWR-000289,POWER,NOx,calculated,expert_excel_workbook,,,,,既有专家主导型工作簿,,1342.5476336999998,402.76429011,既有专家主导型清单编制流程,
SRC-PWR-000289,POWER,CO,calculated,expert_excel_workbook,,,,,既有专家主导型工作簿,,327.85046,327.85046,既有专家主导型清单编制流程,
SRC-PWR-000289,POWER,VOC,calculated,expert_excel_workbook,,,,,既有专家主导型工作簿,,4363.256859992801,8.72651371998561,既有专家主导型清单编制流程,
SRC-PWR-000289,POWER,PM10,calculated,expert_excel_workbook,,,,,既有专家主导型工作簿,,1053.1999317224004,4.212799726889605,既有专家主导型清单编制流程,
SRC-PWR-000289,POWER,PM2.5,calculated,expert_excel_workbook,,,,,既有专家主导型工作簿,,2.1063998634448007,0.008425599453779211,既有专家主导型清单编制流程,
SRC-PWR-000289,POWER,BC,calculated,expert_excel_workbook,,,,,既有专家主导型工作簿,,0.0,0.0,既有专家主导型清单编制流程,
SRC-PWR-000289,POWER,OC,calculated,expert_excel_workbook,,,,,既有专家主导型工作簿,,6.5570092,6.5570092,既有专家主导型清单编制流程,
SRC-PWR-000289,POWER,NH3,calculated,expert_excel_workbook,,,,,既有专家主导型工作簿,,0.0,0.0,既有专家主导型清单编制流程,
SRC-PWR-000290,POWER,SO2,calculated,expert_excel_workbook,,,,,既有专家主导型工作簿,,1803.2585881999996,180.32585881999992,既有专家主导型清单编制流程,
SRC-PWR-000290,POWER,NOx,calculated,expert_excel_workbook,,,,,既有专家主导型工作簿,,1424.1743333999998,427.25230002,既有专家主导型清单编制流程,
SRC-PWR-000290,POWER,CO,calculated,expert_excel_workbook,,,,,既有专家主导型工作簿,,347.78371999999996,347.78371999999996,既有专家主导型清单编制流程,
SRC-PWR-000290,POWER,VOC,calculated,expert_excel_workbook,,,,,既有专家主导型工作簿,,4724.558368107199,9.449116736214407,既有专家主导型清单编制流程,
SRC-PWR-000290,POWER,PM10,calculated,expert_excel_workbook,,,,,既有专家主导型工作簿,,1140.4106405776001,4.561642562310404,既有专家主导型清单编制流程,
SRC-PWR-000290,POWER,PM2.5,calculated,expert_excel_workbook,,,,,既有专家主导型工作簿,,2.2808212811552004,0.00912328512462081,既有专家主导型清单编制流程,
SRC-PWR-000290,POWER,BC,calculated,expert_excel_workbook,,,,,既有专家主导型工作簿,,0.0,0.0,既有专家主导型清单编制流程,
SRC-PWR-000290,POWER,OC,calculated,expert_excel_workbook,,,,,既有专家主导型工作簿,,6.9556743999999995,6.9556743999999995,既有专家主导型清单编制流程,
SRC-PWR-000290,POWER,NH3,calculated,expert_excel_workbook,,,,,既有专家主导型工作簿,,0.0,0.0,既有专家主导型清单编制流程,
SRC-PWR-000291,POWER,SO2,calculated,expert_excel_workbook,,,,,既有专家主导型工作簿,,7772.4929832,777.2492983199998,既有专家主导型清单编制流程,
SRC-PWR-000291,POWER,NOx,calculated,expert_excel_workbook,,,,,既有专家主导型工作簿,,4994.6233876,1498.3870162800001,既有专家主导型清单编制流程,
SRC-PWR-000291,POWER,CO,calculated,expert_excel_workbook,,,,,既有专家主导型工作簿,,1385.4711200000002,1385.4711200000002,既有专家主导型清单编制流程,
SRC-PWR-000291,POWER,VOC,calculated,expert_excel_workbook,,,,,既有专家主导型工作簿,,20565.046603763203,41.13009320752644,既有专家主导型清单编制流程,
SRC-PWR-000291,POWER,PM10,calculated,expert_excel_workbook,,,,,既有专家主导型工作簿,,4963.976766425601,19.855907065702425,既有专家主导型清单编制流程,
SRC-PWR-000291,POWER,PM2.5,calculated,expert_excel_workbook,,,,,既有专家主导型工作簿,,9.927953532851204,0.03971181413140485,既有专家主导型清单编制流程,
SRC-PWR-000291,POWER,BC,calculated,expert_excel_workbook,,,,,既有专家主导型工作簿,,0.0,0.0,既有专家主导型清单编制流程,
SRC-PWR-000291,POWER,OC,calculated,expert_excel_workbook,,,,,既有专家主导型工作簿,,27.709422400000005,27.709422400000005,既有专家主导型清单编制流程,
SRC-PWR-000291,POWER,NH3,calculated,expert_excel_workbook,,,,,既有专家主导型工作簿,,0.0,0.0,既有专家主导型清单编制流程,
SRC-PWR-000292,POWER,SO2,calculated,expert_excel_workbook,,,,,既有专家主导型工作簿,,7697.338308800001,769.7338308799999,既有专家主导型清单编制流程,
SRC-PWR-000292,POWER,NOx,calculated,expert_excel_workbook,,,,,既有专家主导型工作簿,,4872.5030032,1461.7509009600003,既有专家主导型清单编制流程,
SRC-PWR-000292,POWER,CO,calculated,expert_excel_workbook,,,,,既有专家主导型工作簿,,1351.5958400000002,1351.5958400000002,既有专家主导型清单编制流程,
SRC-PWR-000292,POWER,VOC,calculated,expert_excel_workbook,,,,,既有专家主导型工作簿,,20534.146831116806,41.06829366223365,既有专家主导型清单编制流程,
SRC-PWR-000292,POWER,PM10,calculated,expert_excel_workbook,,,,,既有专家主导型工作簿,,4956.518200614401,19.826072802457624,既有专家主导型清单编制流程,
SRC-PWR-000292,POWER,PM2.5,calculated,expert_excel_workbook,,,,,既有专家主导型工作簿,,9.913036401228803,0.03965214560491525,既有专家主导型清单编制流程,
SRC-PWR-000292,POWER,BC,calculated,expert_excel_workbook,,,,,既有专家主导型工作簿,,0.0,0.0,既有专家主导型清单编制流程,
SRC-PWR-000292,POWER,OC,calculated,expert_excel_workbook,,,,,既有专家主导型工作簿,,27.0319168,27.0319168,既有专家主导型清单编制流程,
SRC-PWR-000292,POWER,NH3,calculated,expert_excel_workbook,,,,,既有专家主导型工作簿,,0.0,0.0,既有专家主导型清单编制流程,
SRC-PWR-000293,POWER,SO2,calculated,expert_excel_workbook,,,,,既有专家主导型工作簿,,7958.378770900002,397.91893854500046,既有专家主导型清单编制流程,
SRC-PWR-000293,POWER,NOx,calculated,expert_excel_workbook,,,,,既有专家主导型工作簿,,5037.744595100001,1511.3233785300006,既有专家主导型清单编制流程,
SRC-PWR-000293,POWER,CO,calculated,expert_excel_workbook,,,,,既有专家主导型工作簿,,1397.43262,1397.43262,既有专家主导型清单编制流程,
SRC-PWR-000293,POWER,VOC,calculated,expert_excel_workbook,,,,,既有专家主导型工作簿,,20538.346702664006,41.07669340532805,既有专家主导型清单编制流程,
SRC-PWR-000293,POWER,PM10,calculated,expert_excel_workbook,,,,,既有专家主导型工作簿,,4957.531962712002,19.830127850848022,既有专家主导型清单编制流程,
SRC-PWR-000293,POWER,PM2.5,calculated,expert_excel_workbook,,,,,既有专家主导型工作簿,,9.915063925424004,0.039660255701696054,既有专家主导型清单编制流程,
SRC-PWR-000293,POWER,BC,calculated,expert_excel_workbook,,,,,既有专家主导型工作簿,,0.0,0.0,既有专家主导型清单编制流程,
SRC-PWR-000293,POWER,OC,calculated,expert_excel_workbook,,,,,既有专家主导型工作簿,,27.948652400000004,27.948652400000004,既有专家主导型清单编制流程,
SRC-PWR-000293,POWER,NH3,calculated,expert_excel_workbook,,,,,既有专家主导型工作簿,,0.0,0.0,既有专家主导型清单编制流程,
SRC-PWR-000294,POWER,SO2,calculated,expert_excel_workbook,,,,,既有专家主导型工作簿,,7095.6068766,354.78034383000033,既有专家主导型清单编制流程,
SRC-PWR-000294,POWER,NOx,calculated,expert_excel_workbook,,,,,既有专家主导型工作簿,,4559.6546863,1367.8964058900003,既有专家主导型清单编制流程,
SRC-PWR-000294,POWER,CO,calculated,expert_excel_workbook,,,,,既有专家主导型工作簿,,1264.8140600000002,1264.8140600000002,既有专家主导型清单编制流程,
SRC-PWR-000294,POWER,VOC,calculated,expert_excel_workbook,,,,,既有专家主导型工作簿,,20335.174531056004,40.670349062112045,既有专家主导型清单编制流程,
SRC-PWR-000294,POWER,PM10,calculated,expert_excel_workbook,,,,,既有专家主导型工作簿,,4908.490404048001,19.633961616192025,既有专家主导型清单编制流程,
SRC-PWR-000294,POWER,PM2.5,calculated,expert_excel_workbook,,,,,既有专家主导型工作簿,,9.816980808096003,0.039267923232384046,既有专家主导型清单编制流程,
SRC-PWR-000294,POWER,BC,calculated,expert_excel_workbook,,,,,既有专家主导型工作簿,,0.0,0.0,既有专家主导型清单编制流程,
SRC-PWR-000294,POWER,OC,calculated,expert_excel_workbook,,,,,既有专家主导型工作簿,,25.296281200000003,25.296281200000003,既有专家主导型清单编制流程,
SRC-PWR-000294,POWER,NH3,calculated,expert_excel_workbook,,,,,既有专家主导型工作簿,,0.0,0.0,既有专家主导型清单编制流程,
SRC-PWR-000295,POWER,SO2,calculated,expert_excel_workbook,,,,,既有专家主导型工作簿,,17773.959,888.6979500000008,既有专家主导型清单编制流程,
SRC-PWR-000295,POWER,NOx,calculated,expert_excel_workbook,,,,,既有专家主导型工作簿,,8974.10675,1346.1160125000004,既有专家主导型清单编制流程,
SRC-PWR-000295,POWER,CO,calculated,expert_excel_workbook,,,,,既有专家主导型工作簿,,2489.35,2489.35,既有专家主导型清单编制流程,
SRC-PWR-000295,POWER,VOC,calculated,expert_excel_workbook,,,,,既有专家主导型工作簿,,40085.69188125001,240.51415128749582,既有专家主导型清单编制流程,
SRC-PWR-000295,POWER,PM10,calculated,expert_excel_workbook,,,,,既有专家主导型工作簿,,10457.137012500001,177.77132921250018,既有专家主导型清单编制流程,
SRC-PWR-000295,POWER,PM2.5,calculated,expert_excel_workbook,,,,,既有专家主导型工作簿,,20.914274025000005,0.3555426584250004,既有专家主导型清单编制流程,
SRC-PWR-000295,POWER,BC,calculated,expert_excel_workbook,,,,,既有专家主导型工作簿,,0.0,0.0,既有专家主导型清单编制流程,
SRC-PWR-000295,POWER,OC,calculated,expert_excel_workbook,,,,,既有专家主导型工作簿,,49.787,49.787,既有专家主导型清单编制流程,
SRC-PWR-000295,POWER,NH3,calculated,expert_excel_workbook,,,,,既有专家主导型工作簿,,0.0,0.0,既有专家主导型清单编制流程,
SRC-PWR-000296,POWER,SO2,calculated,expert_excel_workbook,,,,,既有专家主导型工作簿,,17843.841239999998,892.1920620000006,既有专家主导型清单编制流程,
SRC-PWR-000296,POWER,NOx,calculated,expert_excel_workbook,,,,,既有专家主导型工作簿,,9229.131660000001,1384.3697490000004,既有专家主导型清单编制流程,
SRC-PWR-000296,POWER,CO,calculated,expert_excel_workbook,,,,,既有专家主导型工作簿,,2560.092,2560.092,既有专家主导型清单编制流程,
SRC-PWR-000296,POWER,VOC,calculated,expert_excel_workbook,,,,,既有专家主导型工作簿,,40783.2255945,244.69935356699568,既有专家主导型清单编制流程,
SRC-PWR-000296,POWER,PM10,calculated,expert_excel_workbook,,,,,既有专家主导型工作簿,,10639.102329,180.86473959300014,既有专家主导型清单编制流程,
SRC-PWR-000296,POWER,PM2.5,calculated,expert_excel_workbook,,,,,既有专家主导型工作簿,,21.278204658,0.36172947918600035,既有专家主导型清单编制流程,
SRC-PWR-000296,POWER,BC,calculated,expert_excel_workbook,,,,,既有专家主导型工作簿,,0.0,0.0,既有专家主导型清单编制流程,
SRC-PWR-000296,POWER,OC,calculated,expert_excel_workbook,,,,,既有专家主导型工作簿,,51.201840000000004,51.201840000000004,既有专家主导型清单编制流程,
SRC-PWR-000296,POWER,NH3,calculated,expert_excel_workbook,,,,,既有专家主导型工作簿,,0.0,0.0,既有专家主导型清单编制流程,
SRC-PWR-000297,POWER,SO2,calculated,expert_excel_workbook,,,,,既有专家主导型工作簿,,16342.804913500002,98.05682948099829,既有专家主导型清单编制流程,
SRC-PWR-000297,POWER,NOx,calculated,expert_excel_workbook,,,,,既有专家主导型工作簿,,10663.4953327,1812.7942065590005,既有专家主导型清单编制流程,
SRC-PWR-000297,POWER,CO,calculated,expert_excel_workbook,,,,,既有专家主导型工作簿,,2957.9737400000004,2957.9737400000004,既有专家主导型清单编制流程,
SRC-PWR-000297,POWER,VOC,calculated,expert_excel_workbook,,,,,既有专家主导型工作簿,,32987.692895197506,197.92615737118155,既有专家主导型清单编制流程,
SRC-PWR-000297,POWER,PM10,calculated,expert_excel_workbook,,,,,既有专家主导型工作簿,,8605.485103095001,146.29324675261515,既有专家主导型清单编制流程,
SRC-PWR-000297,POWER,PM2.5,calculated,expert_excel_workbook,,,,,既有专家主导型工作簿,,17.21097020619,0.2925864935052303,既有专家主导型清单编制流程,
SRC-PWR-000297,POWER,BC,calculated,expert_excel_workbook,,,,,既有专家主导型工作簿,,0.0,0.0,既有专家主导型清单编制流程,
SRC-PWR-000297,POWER,OC,calculated,expert_excel_workbook,,,,,既有专家主导型工作簿,,59.159474800000005,59.159474800000005,既有专家主导型清单编制流程,
SRC-PWR-000297,POWER,NH3,calculated,expert_excel_workbook,,,,,既有专家主导型工作簿,,0.0,0.0,既有专家主导型清单编制流程,
SRC-PWR-000298,POWER,SO2,calculated,expert_excel_workbook,,,,,既有专家主导型工作簿,,17182.890430199997,103.09734258119816,既有专家主导型清单编制流程,
SRC-PWR-000298,POWER,NOx,calculated,expert_excel_workbook,,,,,既有专家主导型工作簿,,11041.7682711,1877.1006060870004,既有专家主导型清单编制流程,
SRC-PWR-000298,POWER,CO,calculated,expert_excel_workbook,,,,,既有专家主导型工作簿,,3062.90382,3062.90382,既有专家主导型清单编制流程,
SRC-PWR-000298,POWER,VOC,calculated,expert_excel_workbook,,,,,既有专家主导型工作簿,,33550.282718325,201.30169630994644,既有专家主导型清单编制流程,
SRC-PWR-000298,POWER,PM10,calculated,expert_excel_workbook,,,,,既有专家主导型工作簿,,8752.247665649998,148.7882103160501,既有专家主导型清单编制流程,
SRC-PWR-000298,POWER,PM2.5,calculated,expert_excel_workbook,,,,,既有专家主导型工作簿,,17.504495331299996,0.2975764206321002,既有专家主导型清单编制流程,
SRC-PWR-000298,POWER,BC,calculated,expert_excel_workbook,,,,,既有专家主导型工作簿,,0.0,0.0,既有专家主导型清单编制流程,
SRC-PWR-000298,POWER,OC,calculated,expert_excel_workbook,,,,,既有专家主导型工作簿,,61.2580764,61.2580764,既有专家主导型清单编制流程,
SRC-PWR-000298,POWER,NH3,calculated,expert_excel_workbook,,,,,既有专家主导型工作簿,,0.0,0.0,既有专家主导型清单编制流程,
SRC-PWR-000299,POWER,SO2,calculated,expert_excel_workbook,,,,,既有专家主导型工作簿,,14249.6245632,85.49774737919849,既有专家主导型清单编制流程,
SRC-PWR-000299,POWER,NOx,calculated,expert_excel_workbook,,,,,既有专家主导型工作簿,,9442.995689399999,1605.3092671980003,既有专家主导型清单编制流程,
SRC-PWR-000299,POWER,CO,calculated,expert_excel_workbook,,,,,既有专家主导型工作簿,,2619.41628,2619.41628,既有专家主导型清单编制流程,
SRC-PWR-000299,POWER,VOC,calculated,expert_excel_workbook,,,,,既有专家主导型工作簿,,28398.729026655,170.39237415992702,既有专家主导型清单编制流程,
SRC-PWR-000299,POWER,PM10,calculated,expert_excel_workbook,,,,,既有专家主导型工作簿,,7408.36409391,125.9421895964701,既有专家主导型清单编制流程,
SRC-PWR-000299,POWER,PM2.5,calculated,expert_excel_workbook,,,,,既有专家主导型工作簿,,14.816728187819999,0.2518843791929402,既有专家主导型清单编制流程,
SRC-PWR-000299,POWER,BC,calculated,expert_excel_workbook,,,,,既有专家主导型工作簿,,0.0,0.0,既有专家主导型清单编制流程,
SRC-PWR-000299,POWER,OC,calculated,expert_excel_workbook,,,,,既有专家主导型工作簿,,52.388325599999995,52.388325599999995,既有专家主导型清单编制流程,
SRC-PWR-000299,POWER,NH3,calculated,expert_excel_workbook,,,,,既有专家主导型工作簿,,0.0,0.0,既有专家主导型清单编制流程,
SRC-PWR-000300,POWER,SO2,calculated,expert_excel_workbook,,,,,既有专家主导型工作簿,,18241.419338999996,109.44851603399805,既有专家主导型清单编制流程,
SRC-PWR-000300,POWER,NOx,calculated,expert_excel_workbook,,,,,既有专家主导型工作簿,,11721.9815895,1992.7368702150004,既有专家主导型清单编制流程,
SRC-PWR-000300,POWER,CO,calculated,expert_excel_workbook,,,,,既有专家主导型工作簿,,3251.5899,3251.5899,既有专家主导型清单编制流程,
SRC-PWR-000300,POWER,VOC,calculated,expert_excel_workbook,,,,,既有专家主导型工作簿,,34775.7539805,208.6545238829963,既有专家主导型清单编制流程,
SRC-PWR-000300,POWER,PM10,calculated,expert_excel_workbook,,,,,既有专家主导型工作簿,,9071.935821,154.22290895700013,既有专家主导型清单编制流程,
SRC-PWR-000300,POWER,PM2.5,calculated,expert_excel_workbook,,,,,既有专家主导型工作簿,,18.143871641999997,0.3084458179140002,既有专家主导型清单编制流程,
SRC-PWR-000300,POWER,BC,calculated,expert_excel_workbook,,,,,既有专家主导型工作簿,,0.0,0.0,既有专家主导型清单编制流程,
SRC-PWR-000300,POWER,OC,calculated,expert_excel_workbook,,,,,既有专家主导型工作簿,,65.03179800000001,65.03179800000001,既有专家主导型清单编制流程,
SRC-PWR-000300,POWER,NH3,calculated,expert_excel_workbook,,,,,既有专家主导型工作簿,,0.0,0.0,既有专家主导型清单编制流程,
SRC-PWR-000301,POWER,SO2,calculated,expert_excel_workbook,,,,,既有专家主导型工作簿,,26616.753800000002,1117.903659600001,既有专家主导型清单编制流程,
SRC-PWR-000301,POWER,NOx,calculated,expert_excel_workbook,,,,,既有专家主导型工作簿,,17367.13076,4341.78269,既有专家主导型清单编制流程,
SRC-PWR-000301,POWER,CO,calculated,expert_excel_workbook,,,,,既有专家主导型工作簿,,4817.512,4817.512,既有专家主导型清单编制流程,
SRC-PWR-000301,POWER,VOC,calculated,expert_excel_workbook,,,,,既有专家主导型工作簿,,69681.095757,418.08657454199266,既有专家主导型清单编制流程,
SRC-PWR-000301,POWER,PM10,calculated,expert_excel_workbook,,,,,既有专家主导型工作簿,,18177.677153999997,309.0205116180002,既有专家主导型清单编制流程,
SRC-PWR-000301,POWER,PM2.5,calculated,expert_excel_workbook,,,,,既有专家主导型工作簿,,36.355354307999995,0.6180410232360005,既有专家主导型清单编制流程,
SRC-PWR-000301,POWER,BC,calculated,expert_excel_workbook,,,,,既有专家主导型工作簿,,0.0,0.0,既有专家主导型清单编制流程,
SRC-PWR-000301,POWER,OC,calculated,expert_excel_workbook,,,,,既有专家主导型工作簿,,96.35024,96.35024,既有专家主导型清单编制流程,
SRC-PWR-000301,POWER,NH3,calculated,expert_excel_workbook,,,,,既有专家主导型工作簿,,0.0,0.0,既有专家主导型清单编制流程,
SRC-PWR-000302,POWER,SO2,calculated,expert_excel_workbook,,,,,既有专家主导型工作簿,,29122.041827999998,1223.125756776001,既有专家主导型清单编制流程,
SRC-PWR-000302,POWER,NOx,calculated,expert_excel_workbook,,,,,既有专家主导型工作簿,,18713.896754,4678.4741885,既有专家主导型清单编制流程,
SRC-PWR-000302,POWER,CO,calculated,expert_excel_workbook,,,,,既有专家主导型工作簿,,5191.0948,5191.0948,既有专家主导型清单编制流程,
SRC-PWR-000302,POWER,VOC,calculated,expert_excel_workbook,,,,,既有专家主导型工作簿,,74502.5925696,447.01555541759217,既有专家主导型清单编制流程,
SRC-PWR-000302,POWER,PM10,calculated,expert_excel_workbook,,,,,既有专家主导型工作簿,,19435.458931199995,330.4028018304002,既有专家主导型清单编制流程,
SRC-PWR-000302,POWER,PM2.5,calculated,expert_excel_workbook,,,,,既有专家主导型工作簿,,38.87091786239999,0.6608056036608004,既有专家主导型清单编制流程,
SRC-PWR-000302,POWER,BC,calculated,expert_excel_workbook,,,,,既有专家主导型工作簿,,0.0,0.0,既有专家主导型清单编制流程,
SRC-PWR-000302,POWER,OC,calculated,expert_excel_workbook,,,,,既有专家主导型工作簿,,103.821896,103.821896,既有专家主导型清单编制流程,
SRC-PWR-000302,POWER,NH3,calculated,expert_excel_workbook,,,,,既有专家主导型工作簿,,0.0,0.0,既有专家主导型清单编制流程,
SRC-PWR-000303,POWER,SO2,calculated,expert_excel_workbook,,,,,既有专家主导型工作簿,,12705.371433399998,635.2685716700005,既有专家主导型清单编制流程,
SRC-PWR-000303,POWER,NOx,calculated,expert_excel_workbook,,,,,既有专家主导型工作簿,,8691.2455441,1303.6868316150003,既有专家主导型清单编制流程,
SRC-PWR-000303,POWER,CO,calculated,expert_excel_workbook,,,,,既有专家主导型工作簿,,2410.88642,2410.88642,既有专家主导型清单编制流程,
SRC-PWR-000303,POWER,VOC,calculated,expert_excel_workbook,,,,,既有专家主导型工作簿,,32979.118060785,428.72853479020534,既有专家主导型清单编制流程,
SRC-PWR-000303,POWER,PM10,calculated,expert_excel_workbook,,,,,既有专家主导型工作簿,,8603.24818977,258.0974456931002,既有专家主导型清单编制流程,
SRC-PWR-000303,POWER,PM2.5,calculated,expert_excel_workbook,,,,,既有专家主导型工作簿,,17.20649637954,0.5161948913862004,既有专家主导型清单编制流程,
SRC-PWR-000303,POWER,BC,calculated,expert_excel_workbook,,,,,既有专家主导型工作簿,,0.0,0.0,既有专家主导型清单编制流程,
SRC-PWR-000303,POWER,OC,calculated,expert_excel_workbook,,,,,既有专家主导型工作簿,,48.2177284,48.2177284,既有专家主导型清单编制流程,
SRC-PWR-000303,POWER,NH3,calculated,expert_excel_workbook,,,,,既有专家主导型工作簿,,0.0,0.0,既有专家主导型清单编制流程,
SRC-PWR-000304,POWER,SO2,calculated,expert_excel_workbook,,,,,既有专家主导型工作簿,,11085.1267974,554.2563398700005,既有专家主导型清单编制流程,
SRC-PWR-000304,POWER,NOx,calculated,expert_excel_workbook,,,,,既有专家主导型工作簿,,7582.8998301,1137.4349745150002,既有专家主导型清单编制流程,
SRC-PWR-000304,POWER,CO,calculated,expert_excel_workbook,,,,,既有专家主导型工作簿,,2103.43962,2103.43962,既有专家主导型清单编制流程,
SRC-PWR-000304,POWER,VOC,calculated,expert_excel_workbook,,,,,既有专家主导型工作簿,,28773.476421885003,374.05519348450537,既有专家主导型清单编制流程,
SRC-PWR-000304,POWER,PM10,calculated,expert_excel_workbook,,,,,既有专家主导型工作簿,,7506.124283970001,225.1837285191002,既有专家主导型清单编制流程,
SRC-PWR-000304,POWER,PM2.5,calculated,expert_excel_workbook,,,,,既有专家主导型工作簿,,15.012248567940002,0.45036745703820047,既有专家主导型清单编制流程,
SRC-PWR-000304,POWER,BC,calculated,expert_excel_workbook,,,,,既有专家主导型工作簿,,0.0,0.0,既有专家主导型清单编制流程,
SRC-PWR-000304,POWER,OC,calculated,expert_excel_workbook,,,,,既有专家主导型工作簿,,42.06879240000001,42.06879240000001,既有专家主导型清单编制流程,
SRC-PWR-000304,POWER,NH3,calculated,expert_excel_workbook,,,,,既有专家主导型工作簿,,0.0,0.0,既有专家主导型清单编制流程,
SRC-PWR-000305,POWER,SO2,calculated,expert_excel_workbook,,,,,既有专家主导型工作簿,,20356.1655,366.41097900000034,既有专家主导型清单编制流程,
SRC-PWR-000305,POWER,NOx,calculated,expert_excel_workbook,,,,,既有专家主导型工作簿,,13080.92275,1831.329185,既有专家主导型清单编制流程,
SRC-PWR-000305,POWER,CO,calculated,expert_excel_workbook,,,,,既有专家主导型工作簿,,3628.55,3628.55,既有专家主导型清单编制流程,
SRC-PWR-000305,POWER,VOC,calculated,expert_excel_workbook,,,,,既有专家主导型工作簿,,46881.77313750001,281.2906388249951,既有专家主导型清单编制流程,
SRC-PWR-000305,POWER,PM10,calculated,expert_excel_workbook,,,,,既有专家主导型工作簿,,12230.027775,207.9104721750002,既有专家主导型清单编制流程,
SRC-PWR-000305,POWER,PM2.5,calculated,expert_excel_workbook,,,,,既有专家主导型工作簿,,24.46005555,0.4158209443500004,既有专家主导型清单编制流程,
SRC-PWR-000305,POWER,BC,calculated,expert_excel_workbook,,,,,既有专家主导型工作簿,,0.0,0.0,既有专家主导型清单编制流程,
SRC-PWR-000305,POWER,OC,calculated,expert_excel_workbook,,,,,既有专家主导型工作簿,,72.571,72.571,既有专家主导型清单编制流程,
SRC-PWR-000305,POWER,NH3,calculated,expert_excel_workbook,,,,,既有专家主导型工作簿,,0.0,0.0,既有专家主导型清单编制流程,
SRC-PWR-000306,POWER,SO2,calculated,expert_excel_workbook,,,,,既有专家主导型工作簿,,21791.29326,392.24327868000034,既有专家主导型清单编制流程,
SRC-PWR-000306,POWER,NOx,calculated,expert_excel_workbook,,,,,既有专家主导型工作簿,,14003.13943,1960.4395202,既有专家主导型清单编制流程,
SRC-PWR-000306,POWER,CO,calculated,expert_excel_workbook,,,,,既有专家主导型工作簿,,3884.366,3884.366,既有专家主导型清单编制流程,
SRC-PWR-000306,POWER,VOC,calculated,expert_excel_workbook,,,,,既有专家主导型工作簿,,50186.9798115,301.1218788689947,既有专家主导型清单编制流程,
SRC-PWR-000306,POWER,PM10,calculated,expert_excel_workbook,,,,,既有专家主导型工作簿,,13092.255603000001,222.5683452510002,既有专家主导型清单编制流程,
SRC-PWR-000306,POWER,PM2.5,calculated,expert_excel_workbook,,,,,既有专家主导型工作簿,,26.184511206000003,0.44513669050200044,既有专家主导型清单编制流程,
SRC-PWR-000306,POWER,BC,calculated,expert_excel_workbook,,,,,既有专家主导型工作簿,,0.0,0.0,既有专家主导型清单编制流程,
SRC-PWR-000306,POWER,OC,calculated,expert_excel_workbook,,,,,既有专家主导型工作簿,,77.68732000000001,77.68732000000001,既有专家主导型清单编制流程,
SRC-PWR-000306,POWER,NH3,calculated,expert_excel_workbook,,,,,既有专家主导型工作簿,,0.0,0.0,既有专家主导型清单编制流程,
SRC-PWR-000307,POWER,SO2,calculated,expert_excel_workbook,,,,,既有专家主导型工作簿,,0.010176,0.010176,既有专家主导型清单编制流程,
SRC-PWR-000307,POWER,NOx,calculated,expert_excel_workbook,,,,,既有专家主导型工作簿,,1.64,0.9512,既有专家主导型清单编制流程,
SRC-PWR-000307,POWER,CO,calculated,expert_excel_workbook,,,,,既有专家主导型工作簿,,0.52,0.52,既有专家主导型清单编制流程,
SRC-PWR-000307,POWER,VOC,calculated,expert_excel_workbook,,,,,既有专家主导型工作簿,,0.012,0.012,既有专家主导型清单编制流程,
SRC-PWR-000307,POWER,PM10,calculated,expert_excel_workbook,,,,,既有专家主导型工作簿,,0.012,0.012,既有专家主导型清单编制流程,
SRC-PWR-000307,POWER,PM2.5,calculated,expert_excel_workbook,,,,,既有专家主导型工作簿,,0.0,0.0,既有专家主导型清单编制流程,
SRC-PWR-000307,POWER,BC,calculated,expert_excel_workbook,,,,,既有专家主导型工作簿,,0.0,0.0,既有专家主导型清单编制流程,
SRC-PWR-000307,POWER,OC,calculated,expert_excel_workbook,,,,,既有专家主导型工作簿,,0.008,0.008,既有专家主导型清单编制流程,
SRC-PWR-000307,POWER,NH3,calculated,expert_excel_workbook,,,,,既有专家主导型工作簿,,0.0,0.0,既有专家主导型清单编制流程,
SRC-PWR-000308,POWER,SO2,calculated,expert_excel_workbook,,,,,既有专家主导型工作簿,,64.39696,64.39696,既有专家主导型清单编制流程,
SRC-PWR-000308,POWER,NOx,calculated,expert_excel_workbook,,,,,既有专家主导型工作簿,,40.489588600000005,7.255533095961583,既有专家主导型清单编制流程,
SRC-PWR-000308,POWER,CO,calculated,expert_excel_workbook,,,,,既有专家主导型工作簿,,2.414886,2.414886,既有专家主导型清单编制流程,
SRC-PWR-000308,POWER,VOC,calculated,expert_excel_workbook,,,,,既有专家主导型工作簿,,3.4210884999999998,3.4210884999999998,既有专家主导型清单编制流程,
SRC-PWR-000308,POWER,PM10,calculated,expert_excel_workbook,,,,,既有专家主导型工作簿,,2.4953822,2.4953822,既有专家主导型清单编制流程,
SRC-PWR-000308,POWER,PM2.5,calculated,expert_excel_workbook,,,,,既有专家主导型工作簿,,0.1609924,0.1609924,既有专家主导型清单编制流程,
SRC-PWR-000308,POWER,BC,calculated,expert_excel_workbook,,,,,既有专家主导型工作簿,,0.2012405,0.2012405,既有专家主导型清单编制流程,
SRC-PWR-000308,POWER,OC,calculated,expert_excel_workbook,,,,,既有专家主导型工作簿,,0.7647139,0.7647139,既有专家主导型清单编制流程,
SRC-PWR-000308,POWER,NH3,calculated,expert_excel_workbook,,,,,既有专家主导型工作簿,,0.0,0.0,既有专家主导型清单编制流程,
SRC-PWR-000309,POWER,SO2,calculated,expert_excel_workbook,,,,,既有专家主导型工作簿,,79.43968,79.43968,既有专家主导型清单编制流程,
SRC-PWR-000309,POWER,NOx,calculated,expert_excel_workbook,,,,,既有专家主导型工作簿,,49.9476988,14.28278086200236,既有专家主导型清单编制流程,
SRC-PWR-000309,POWER,CO,calculated,expert_excel_workbook,,,,,既有专家主导型工作簿,,2.9789879999999997,2.9789879999999997,既有专家主导型清单编制流程,
SRC-PWR-000309,POWER,VOC,calculated,expert_excel_workbook,,,,,既有专家主导型工作簿,,4.2202329999999995,4.2202329999999995,既有专家主导型清单编制流程,
SRC-PWR-000309,POWER,PM10,calculated,expert_excel_workbook,,,,,既有专家主导型工作簿,,3.0782875999999995,3.0782875999999995,既有专家主导型清单编制流程,
SRC-PWR-000309,POWER,PM2.5,calculated,expert_excel_workbook,,,,,既有专家主导型工作簿,,0.1985992,0.1985992,既有专家主导型清单编制流程,
SRC-PWR-000309,POWER,BC,calculated,expert_excel_workbook,,,,,既有专家主导型工作簿,,0.248249,0.248249,既有专家主导型清单编制流程,
SRC-PWR-000309,POWER,OC,calculated,expert_excel_workbook,,,,,既有专家主导型工作簿,,0.9433461999999999,0.9433461999999999,既有专家主导型清单编制流程,
SRC-PWR-000309,POWER,NH3,calculated,expert_excel_workbook,,,,,既有专家主导型工作簿,,0.0,0.0,既有专家主导型清单编制流程,
SRC-PWR-000310,POWER,SO2,calculated,expert_excel_workbook,,,,,既有专家主导型工作簿,,320.7492,320.7492,既有专家主导型清单编制流程,
SRC-PWR-000310,POWER,NOx,calculated,expert_excel_workbook,,,,,既有专家主导型工作簿,,422.63424000000003,244.31316759188593,既有专家主导型清单编制流程,
SRC-PWR-000310,POWER,CO,calculated,expert_excel_workbook,,,,,既有专家主导型工作簿,,94.338,94.338,既有专家主导型清单编制流程,
SRC-PWR-000310,POWER,VOC,calculated,expert_excel_workbook,,,,,既有专家主导型工作簿,,1258.57835208,15.102940224960014,既有专家主导型清单编制流程,
SRC-PWR-000310,POWER,PM10,calculated,expert_excel_workbook,,,,,既有专家主导型工作簿,,303.79477464000007,9.11384323920001,既有专家主导型清单编制流程,
SRC-PWR-000310,POWER,PM2.5,calculated,expert_excel_workbook,,,,,既有专家主导型工作簿,,0.6075895492800002,0.01822768647840002,既有专家主导型清单编制流程,
SRC-PWR-000310,POWER,BC,calculated,expert_excel_workbook,,,,,既有专家主导型工作簿,,0.0,0.0,既有专家主导型清单编制流程,
SRC-PWR-000310,POWER,OC,calculated,expert_excel_workbook,,,,,既有专家主导型工作簿,,1.88676,1.88676,既有专家主导型清单编制流程,
SRC-PWR-000310,POWER,NH3,calculated,expert_excel_workbook,,,,,既有专家主导型工作簿,,0.0,0.0,既有专家主导型清单编制流程,
SRC-PWR-000311,POWER,SO2,calculated,expert_excel_workbook,,,,,既有专家主导型工作簿,,9519.419042,199.90779988199913,既有专家主导型清单编制流程,
SRC-PWR-000311,POWER,NOx,calculated,expert_excel_workbook,,,,,既有专家主导型工作簿,,5767.6480078,881.2966155918404,既有专家主导型清单编制流程,
SRC-PWR-000311,POWER,CO,calculated,expert_excel_workbook,,,,,既有专家主导型工作簿,,1599.90236,1599.90236,既有专家主导型清单编制流程,
SRC-PWR-000311,POWER,VOC,calculated,expert_excel_workbook,,,,,既有专家主导型工作簿,,19456.81257555,116.74087545329795,既有专家主导型清单编制流程,
SRC-PWR-000311,POWER,PM10,calculated,expert_excel_workbook,,,,,既有专家主导型工作簿,,5075.6902371,86.28673403070007,既有专家主导型清单编制流程,
SRC-PWR-000311,POWER,PM2.5,calculated,expert_excel_workbook,,,,,既有专家主导型工作簿,,10.1513804742,0.17257346806140014,既有专家主导型清单编制流程,
SRC-PWR-000311,POWER,BC,calculated,expert_excel_workbook,,,,,既有专家主导型工作簿,,0.0,0.0,既有专家主导型清单编制流程,
SRC-PWR-000311,POWER,OC,calculated,expert_excel_workbook,,,,,既有专家主导型工作簿,,31.998047200000006,31.998047200000006,既有专家主导型清单编制流程,
SRC-PWR-000311,POWER,NH3,calculated,expert_excel_workbook,,,,,既有专家主导型工作簿,,0.0,0.0,既有专家主导型清单编制流程,
SRC-PWR-000312,POWER,SO2,calculated,expert_excel_workbook,,,,,既有专家主导型工作簿,,9332.373056999999,195.97983419699912,既有专家主导型清单编制流程,
SRC-PWR-000312,POWER,NOx,calculated,expert_excel_workbook,,,,,既有专家主导型工作簿,,5654.3201463000005,863.9801183546404,既有专家主导型清单编制流程,
SRC-PWR-000312,POWER,CO,calculated,expert_excel_workbook,,,,,既有专家主导型工作簿,,1568.46606,1568.46606,既有专家主导型清单编制流程,
SRC-PWR-000312,POWER,VOC,calculated,expert_excel_workbook,,,,,既有专家主导型工作簿,,19074.507872175,114.44704723304798,既有专家主导型清单编制流程,
SRC-PWR-000312,POWER,PM10,calculated,expert_excel_workbook,,,,,既有专家主导型工作簿,,4975.95857535,84.59129578095006,既有专家主导型清单编制流程,
SRC-PWR-000312,POWER,PM2.5,calculated,expert_excel_workbook,,,,,既有专家主导型工作簿,,9.9519171507,0.16918259156190016,既有专家主导型清单编制流程,
SRC-PWR-000312,POWER,BC,calculated,expert_excel_workbook,,,,,既有专家主导型工作簿,,0.0,0.0,既有专家主导型清单编制流程,
SRC-PWR-000312,POWER,OC,calculated,expert_excel_workbook,,,,,既有专家主导型工作簿,,31.3693212,31.3693212,既有专家主导型清单编制流程,
SRC-PWR-000312,POWER,NH3,calculated,expert_excel_workbook,,,,,既有专家主导型工作簿,,0.0,0.0,既有专家主导型清单编制流程,
SRC-PWR-000313,POWER,SO2,calculated,expert_excel_workbook,,,,,既有专家主导型工作簿,,10265.489066,215.57527038599906,既有专家主导型清单编制流程,
SRC-PWR-000313,POWER,NOx,calculated,expert_excel_workbook,,,,,既有专家主导型工作簿,,6219.6786694,950.3669006843203,既有专家主导型清单编制流程,
SRC-PWR-000313,POWER,CO,calculated,expert_excel_workbook,,,,,既有专家主导型工作簿,,1725.2922800000001,1725.2922800000001,既有专家主导型清单编制流程,
SRC-PWR-000313,POWER,VOC,calculated,expert_excel_workbook,,,,,既有专家主导型工作簿,,20981.710740149996,125.89026444089775,既有专家主导型清单编制流程,
SRC-PWR-000313,POWER,PM10,calculated,expert_excel_workbook,,,,,既有专家主导型工作簿,,5473.489758299999,93.04932589110007,既有专家主导型清单编制流程,
SRC-PWR-000313,POWER,PM2.5,calculated,expert_excel_workbook,,,,,既有专家主导型工作簿,,10.946979516599999,0.18609865178220014,既有专家主导型清单编制流程,
SRC-PWR-000313,POWER,BC,calculated,expert_excel_workbook,,,,,既有专家主导型工作簿,,0.0,0.0,既有专家主导型清单编制流程,
SRC-PWR-000313,POWER,OC,calculated,expert_excel_workbook,,,,,既有专家主导型工作簿,,34.5058456,34.5058456,既有专家主导型清单编制流程,
SRC-PWR-000313,POWER,NH3,calculated,expert_excel_workbook,,,,,既有专家主导型工作簿,,0.0,0.0,既有专家主导型清单编制流程,
SRC-PWR-000314,POWER,SO2,calculated,expert_excel_workbook,,,,,既有专家主导型工作簿,,13836.321351999999,290.5627483919987,既有专家主导型清单编制流程,
SRC-PWR-000314,POWER,NOx,calculated,expert_excel_workbook,,,,,既有专家主导型工作簿,,8383.1829368,1280.9503527430404,既有专家主导型清单编制流程,
SRC-PWR-000314,POWER,CO,calculated,expert_excel_workbook,,,,,既有专家主导型工作簿,,2325.4321600000003,2325.4321600000003,既有专家主导型清单编制流程,
SRC-PWR-000314,POWER,VOC,calculated,expert_excel_workbook,,,,,既有专家主导型工作簿,,28280.161855799997,169.680971134797,既有专家主导型清单编制流程,
SRC-PWR-000314,POWER,PM10,calculated,expert_excel_workbook,,,,,既有专家主导型工作簿,,7377.433527599999,125.4163699692001,既有专家主导型清单编制流程,
SRC-PWR-000314,POWER,PM2.5,calculated,expert_excel_workbook,,,,,既有专家主导型工作簿,,14.754867055199998,0.2508327399384002,既有专家主导型清单编制流程,
SRC-PWR-000314,POWER,BC,calculated,expert_excel_workbook,,,,,既有专家主导型工作簿,,0.0,0.0,既有专家主导型清单编制流程,
SRC-PWR-000314,POWER,OC,calculated,expert_excel_workbook,,,,,既有专家主导型工作簿,,46.50864320000001,46.50864320000001,既有专家主导型清单编制流程,
SRC-PWR-000314,POWER,NH3,calculated,expert_excel_workbook,,,,,既有专家主导型工作簿,,0.0,0.0,既有专家主导型清单编制流程,
SRC-PWR-000315,POWER,SO2,calculated,expert_excel_workbook,,,,,既有专家主导型工作簿,,32416.345058999996,680.7432462389969,既有专家主导型清单编制流程,
SRC-PWR-000315,POWER,NOx,calculated,expert_excel_workbook,,,,,既有专家主导型工作簿,,19640.4914181,3001.0670886856806,既有专家主导型清单编制流程,
SRC-PWR-000315,POWER,CO,calculated,expert_excel_workbook,,,,,既有专家主导型工作簿,,5448.12522,5448.12522,既有专家主导型清单编制流程,
SRC-PWR-000315,POWER,VOC,calculated,expert_excel_workbook,,,,,既有专家主导型工作簿,,66256.01283172499,397.53607699034296,既有专家主导型清单编制流程,
SRC-PWR-000315,POWER,PM10,calculated,expert_excel_workbook,,,,,既有专家主导型工作簿,,17284.177260449997,293.8310134276502,既有专家主导型清单编制流程,
SRC-PWR-000315,POWER,PM2.5,calculated,expert_excel_workbook,,,,,既有专家主导型工作簿,,34.568354520899994,0.5876620268553004,既有专家主导型清单编制流程,
SRC-PWR-000315,POWER,BC,calculated,expert_excel_workbook,,,,,既有专家主导型工作簿,,0.0,0.0,既有专家主导型清单编制流程,
SRC-PWR-000315,POWER,OC,calculated,expert_excel_workbook,,,,,既有专家主导型工作簿,,108.96250439999999,108.96250439999999,既有专家主导型清单编制流程,
SRC-PWR-000315,POWER,NH3,calculated,expert_excel_workbook,,,,,既有专家主导型工作簿,,0.0,0.0,既有专家主导型清单编制流程,
SRC-PWR-000316,POWER,SO2,calculated,expert_excel_workbook,,,,,既有专家主导型工作簿,,29573.427918999994,621.0419862989971,既有专家主导型清单编制流程,
SRC-PWR-000316,POWER,NOx,calculated,expert_excel_workbook,,,,,既有专家主导型工作簿,,17918.0180921,2737.873164472881,既有专家主导型清单编制流程,
SRC-PWR-000316,POWER,CO,calculated,expert_excel_workbook,,,,,既有专家主导型工作簿,,4970.324019999999,4970.324019999999,既有专家主导型清单编制流程,
SRC-PWR-000316,POWER,VOC,calculated,expert_excel_workbook,,,,,既有专家主导型工作簿,,60445.352988224986,362.67211792934353,既有专家主导型清单编制流程,
SRC-PWR-000316,POWER,PM10,calculated,expert_excel_workbook,,,,,既有专家主导型工作簿,,15768.352953449996,268.06200020865015,既有专家主导型清单编制流程,
SRC-PWR-000316,POWER,PM2.5,calculated,expert_excel_workbook,,,,,既有专家主导型工作簿,,31.536705906899993,0.5361240004173004,既有专家主导型清单编制流程,
SRC-PWR-000316,POWER,BC,calculated,expert_excel_workbook,,,,,既有专家主导型工作簿,,0.0,0.0,既有专家主导型清单编制流程,
SRC-PWR-000316,POWER,OC,calculated,expert_excel_workbook,,,,,既有专家主导型工作簿,,99.4064804,99.4064804,既有专家主导型清单编制流程,
SRC-PWR-000316,POWER,NH3,calculated,expert_excel_workbook,,,,,既有专家主导型工作簿,,0.0,0.0,既有专家主导型清单编制流程,
SRC-PWR-000317,POWER,SO2,calculated,expert_excel_workbook,,,,,既有专家主导型工作簿,,0.0168,0.0168,既有专家主导型清单编制流程,
SRC-PWR-000317,POWER,NOx,calculated,expert_excel_workbook,,,,,既有专家主导型工作簿,,23.625,23.625,既有专家主导型清单编制流程,
SRC-PWR-000317,POWER,CO,calculated,expert_excel_workbook,,,,,既有专家主导型工作簿,,22.75,22.75,既有专家主导型清单编制流程,
SRC-PWR-000317,POWER,VOC,calculated,expert_excel_workbook,,,,,既有专家主导型工作簿,,0.525,0.525,既有专家主导型清单编制流程,
SRC-PWR-000317,POWER,PM10,calculated,expert_excel_workbook,,,,,既有专家主导型工作簿,,0.525,0.525,既有专家主导型清单编制流程,
SRC-PWR-000317,POWER,PM2.5,calculated,expert_excel_workbook,,,,,既有专家主导型工作簿,,0.0,0.0,既有专家主导型清单编制流程,
SRC-PWR-000317,POWER,BC,calculated,expert_excel_workbook,,,,,既有专家主导型工作簿,,0.0,0.0,既有专家主导型清单编制流程,
SRC-PWR-000317,POWER,OC,calculated,expert_excel_workbook,,,,,既有专家主导型工作簿,,0.875,0.875,既有专家主导型清单编制流程,
SRC-PWR-000317,POWER,NH3,calculated,expert_excel_workbook,,,,,既有专家主导型工作簿,,0.0,0.0,既有专家主导型清单编制流程,
SRC-PWR-000318,POWER,SO2,calculated,expert_excel_workbook,,,,,既有专家主导型工作簿,,7.9498392,7.9498392,既有专家主导型清单编制流程,
SRC-PWR-000318,POWER,NOx,calculated,expert_excel_workbook,,,,,既有专家主导型工作簿,,536.6141460000001,311.2362046800001,既有专家主导型清单编制流程,
SRC-PWR-000318,POWER,CO,calculated,expert_excel_workbook,,,,,既有专家主导型工作簿,,516.739548,516.739548,既有专家主导型清单编制流程,
SRC-PWR-000318,POWER,VOC,calculated,expert_excel_workbook,,,,,既有专家主导型工作簿,,11.9247588,11.9247588,既有专家主导型清单编制流程,
SRC-PWR-000318,POWER,PM10,calculated,expert_excel_workbook,,,,,既有专家主导型工作簿,,11.9247588,11.9247588,既有专家主导型清单编制流程,
SRC-PWR-000318,POWER,PM2.5,calculated,expert_excel_workbook,,,,,既有专家主导型工作簿,,0.0,0.0,既有专家主导型清单编制流程,
SRC-PWR-000318,POWER,BC,calculated,expert_excel_workbook,,,,,既有专家主导型工作簿,,0.0,0.0,既有专家主导型清单编制流程,
SRC-PWR-000318,POWER,OC,calculated,expert_excel_workbook,,,,,既有专家主导型工作簿,,19.874598000000002,19.874598000000002,既有专家主导型清单编制流程,
SRC-PWR-000318,POWER,NH3,calculated,expert_excel_workbook,,,,,既有专家主导型工作簿,,0.0,0.0,既有专家主导型清单编制流程,
SRC-PWR-000319,POWER,SO2,calculated,expert_excel_workbook,,,,,既有专家主导型工作簿,,7.317531799999999,7.317531799999999,既有专家主导型清单编制流程,
SRC-PWR-000319,POWER,NOx,calculated,expert_excel_workbook,,,,,既有专家主导型工作簿,,493.9333965,286.48136997000006,既有专家主导型清单编制流程,
SRC-PWR-000319,POWER,CO,calculated,expert_excel_workbook,,,,,既有专家主导型工作簿,,475.639567,475.639567,既有专家主导型清单编制流程,
SRC-PWR-000319,POWER,VOC,calculated,expert_excel_workbook,,,,,既有专家主导型工作簿,,10.9762977,10.9762977,既有专家主导型清单编制流程,
SRC-PWR-000319,POWER,PM10,calculated,expert_excel_workbook,,,,,既有专家主导型工作簿,,10.9762977,10.9762977,既有专家主导型清单编制流程,
SRC-PWR-000319,POWER,PM2.5,calculated,expert_excel_workbook,,,,,既有专家主导型工作簿,,0.0,0.0,既有专家主导型清单编制流程,
SRC-PWR-000319,POWER,BC,calculated,expert_excel_workbook,,,,,既有专家主导型工作簿,,0.0,0.0,既有专家主导型清单编制流程,
SRC-PWR-000319,POWER,OC,calculated,expert_excel_workbook,,,,,既有专家主导型工作簿,,18.2938295,18.2938295,既有专家主导型清单编制流程,
SRC-PWR-000319,POWER,NH3,calculated,expert_excel_workbook,,,,,既有专家主导型工作簿,,0.0,0.0,既有专家主导型清单编制流程,
SRC-PWR-000320,POWER,SO2,calculated,expert_excel_workbook,,,,,既有专家主导型工作簿,,9.307792,9.307792,既有专家主导型清单编制流程,
SRC-PWR-000320,POWER,NOx,calculated,expert_excel_workbook,,,,,既有专家主导型工作簿,,628.27596,364.4000568000001,既有专家主导型清单编制流程,
SRC-PWR-000320,POWER,CO,calculated,expert_excel_workbook,,,,,既有专家主导型工作簿,,605.00648,605.00648,既有专家主导型清单编制流程,
SRC-PWR-000320,POWER,VOC,calculated,expert_excel_workbook,,,,,既有专家主导型工作簿,,13.961688,13.961688,既有专家主导型清单编制流程,
SRC-PWR-000320,POWER,PM10,calculated,expert_excel_workbook,,,,,既有专家主导型工作簿,,13.961688,13.961688,既有专家主导型清单编制流程,
SRC-PWR-000320,POWER,PM2.5,calculated,expert_excel_workbook,,,,,既有专家主导型工作簿,,0.0,0.0,既有专家主导型清单编制流程,
SRC-PWR-000320,POWER,BC,calculated,expert_excel_workbook,,,,,既有专家主导型工作簿,,0.0,0.0,既有专家主导型清单编制流程,
SRC-PWR-000320,POWER,OC,calculated,expert_excel_workbook,,,,,既有专家主导型工作簿,,23.26948,23.26948,既有专家主导型清单编制流程,
SRC-PWR-000320,POWER,NH3,calculated,expert_excel_workbook,,,,,既有专家主导型工作簿,,0.0,0.0,既有专家主导型清单编制流程,
SRC-PWR-000321,POWER,SO2,calculated,expert_excel_workbook,,,,,既有专家主导型工作簿,,27.22033,27.22033,既有专家主导型清单编制流程,
SRC-PWR-000321,POWER,NOx,calculated,expert_excel_workbook,,,,,既有专家主导型工作簿,,1837.372275,1065.6759195000002,既有专家主导型清单编制流程,
SRC-PWR-000321,POWER,CO,calculated,expert_excel_workbook,,,,,既有专家主导型工作簿,,1769.32145,1769.32145,既有专家主导型清单编制流程,
SRC-PWR-000321,POWER,VOC,calculated,expert_excel_workbook,,,,,既有专家主导型工作簿,,40.83049499999999,40.83049499999999,既有专家主导型清单编制流程,
SRC-PWR-000321,POWER,PM10,calculated,expert_excel_workbook,,,,,既有专家主导型工作簿,,40.83049499999999,40.83049499999999,既有专家主导型清单编制流程,
SRC-PWR-000321,POWER,PM2.5,calculated,expert_excel_workbook,,,,,既有专家主导型工作簿,,0.0,0.0,既有专家主导型清单编制流程,
SRC-PWR-000321,POWER,BC,calculated,expert_excel_workbook,,,,,既有专家主导型工作簿,,0.0,0.0,既有专家主导型清单编制流程,
SRC-PWR-000321,POWER,OC,calculated,expert_excel_workbook,,,,,既有专家主导型工作簿,,68.050825,68.050825,既有专家主导型清单编制流程,
SRC-PWR-000321,POWER,NH3,calculated,expert_excel_workbook,,,,,既有专家主导型工作簿,,0.0,0.0,既有专家主导型清单编制流程,
SRC-PWR-000322,POWER,SO2,calculated,expert_excel_workbook,,,,,既有专家主导型工作簿,,0.3219475944,0.3219475944,既有专家主导型清单编制流程,
SRC-PWR-000322,POWER,NOx,calculated,expert_excel_workbook,,,,,既有专家主导型工作簿,,210.98507400000003,210.98507400000003,既有专家主导型清单编制流程,
SRC-PWR-000322,POWER,CO,calculated,expert_excel_workbook,,,,,既有专家主导型工作簿,,203.170812,203.170812,既有专家主导型清单编制流程,
SRC-PWR-000322,POWER,VOC,calculated,expert_excel_workbook,,,,,既有专家主导型工作簿,,4.688557199999999,4.688557199999999,既有专家主导型清单编制流程,
SRC-PWR-000322,POWER,PM10,calculated,expert_excel_workbook,,,,,既有专家主导型工作簿,,4.688557199999999,4.688557199999999,既有专家主导型清单编制流程,
SRC-PWR-000322,POWER,PM2.5,calculated,expert_excel_workbook,,,,,既有专家主导型工作簿,,0.0,0.0,既有专家主导型清单编制流程,
SRC-PWR-000322,POWER,BC,calculated,expert_excel_workbook,,,,,既有专家主导型工作簿,,0.0,0.0,既有专家主导型清单编制流程,
SRC-PWR-000322,POWER,OC,calculated,expert_excel_workbook,,,,,既有专家主导型工作簿,,7.814262,7.814262,既有专家主导型清单编制流程,
SRC-PWR-000322,POWER,NH3,calculated,expert_excel_workbook,,,,,既有专家主导型工作簿,,0.0,0.0,既有专家主导型清单编制流程,
SRC-PWR-000323,POWER,SO2,calculated,expert_excel_workbook,,,,,既有专家主导型工作簿,,6.7875057168,6.7875057168,既有专家主导型清单编制流程,
SRC-PWR-000323,POWER,NOx,calculated,expert_excel_workbook,,,,,既有专家主导型工作簿,,1093.8983269999997,437.5593307999999,既有专家主导型清单编制流程,
SRC-PWR-000323,POWER,CO,calculated,expert_excel_workbook,,,,,既有专家主导型工作簿,,346.8458110000001,346.8458110000001,既有专家主导型清单编制流程,
SRC-PWR-000323,POWER,VOC,calculated,expert_excel_workbook,,,,,既有专家主导型工作簿,,8.0041341,8.0041341,既有专家主导型清单编制流程,
SRC-PWR-000323,POWER,PM10,calculated,expert_excel_workbook,,,,,既有专家主导型工作簿,,8.0041341,8.0041341,既有专家主导型清单编制流程,
SRC-PWR-000323,POWER,PM2.5,calculated,expert_excel_workbook,,,,,既有专家主导型工作簿,,0.0,0.0,既有专家主导型清单编制流程,
SRC-PWR-000323,POWER,BC,calculated,expert_excel_workbook,,,,,既有专家主导型工作簿,,0.0,0.0,既有专家主导型清单编制流程,
SRC-PWR-000323,POWER,OC,calculated,expert_excel_workbook,,,,,既有专家主导型工作簿,,5.3360894,5.3360894,既有专家主导型清单编制流程,
SRC-PWR-000323,POWER,NH3,calculated,expert_excel_workbook,,,,,既有专家主导型工作簿,,0.0,0.0,既有专家主导型清单编制流程,
SRC-PWR-000324,POWER,SO2,calculated,expert_excel_workbook,,,,,既有专家主导型工作簿,,8.3941335552,8.3941335552,既有专家主导型清单编制流程,
SRC-PWR-000324,POWER,NOx,calculated,expert_excel_workbook,,,,,既有专家主导型工作簿,,1352.8281279999997,541.1312511999998,既有专家主导型清单编制流程,
SRC-PWR-000324,POWER,CO,calculated,expert_excel_workbook,,,,,既有专家主导型工作簿,,428.945504,428.945504,既有专家主导型清单编制流程,
SRC-PWR-000324,POWER,VOC,calculated,expert_excel_workbook,,,,,既有专家主导型工作簿,,9.898742399999998,9.898742399999998,既有专家主导型清单编制流程,
SRC-PWR-000324,POWER,PM10,calculated,expert_excel_workbook,,,,,既有专家主导型工作簿,,9.898742399999998,9.898742399999998,既有专家主导型清单编制流程,
SRC-PWR-000324,POWER,PM2.5,calculated,expert_excel_workbook,,,,,既有专家主导型工作簿,,0.0,0.0,既有专家主导型清单编制流程,
SRC-PWR-000324,POWER,BC,calculated,expert_excel_workbook,,,,,既有专家主导型工作簿,,0.0,0.0,既有专家主导型清单编制流程,
SRC-PWR-000324,POWER,OC,calculated,expert_excel_workbook,,,,,既有专家主导型工作簿,,6.5991615999999995,6.5991615999999995,既有专家主导型清单编制流程,
SRC-PWR-000324,POWER,NH3,calculated,expert_excel_workbook,,,,,既有专家主导型工作簿,,0.0,0.0,既有专家主导型清单编制流程,
SRC-PWR-000325,POWER,SO2,calculated,expert_excel_workbook,,,,,既有专家主导型工作簿,,2.5191214498,0.25191214498,既有专家主导型清单编制流程,
SRC-PWR-000325,POWER,NOx,calculated,expert_excel_workbook,,,,,既有专家主导型工作簿,,1348.354823,471.92418804999994,既有专家主导型清单编制流程,
SRC-PWR-000325,POWER,CO,calculated,expert_excel_workbook,,,,,既有专家主导型工作簿,,427.527139,427.527139,既有专家主导型清单编制流程,
SRC-PWR-000325,POWER,VOC,calculated,expert_excel_workbook,,,,,既有专家主导型工作簿,,9.866010900000001,0.059196065399998964,既有专家主导型清单编制流程,
SRC-PWR-000325,POWER,PM10,calculated,expert_excel_workbook,,,,,既有专家主导型工作簿,,9.866010900000001,0.16772218530000016,既有专家主导型清单编制流程,
SRC-PWR-000325,POWER,PM2.5,calculated,expert_excel_workbook,,,,,既有专家主导型工作簿,,0.0,0.0,既有专家主导型清单编制流程,
SRC-PWR-000325,POWER,BC,calculated,expert_excel_workbook,,,,,既有专家主导型工作簿,,0.0,0.0,既有专家主导型清单编制流程,
SRC-PWR-000325,POWER,OC,calculated,expert_excel_workbook,,,,,既有专家主导型工作簿,,6.577340599999999,6.577340599999999,既有专家主导型清单编制流程,
SRC-PWR-000325,POWER,NH3,calculated,expert_excel_workbook,,,,,既有专家主导型工作簿,,0.0,0.0,既有专家主导型清单编制流程,
SRC-PWR-000326,POWER,SO2,calculated,expert_excel_workbook,,,,,既有专家主导型工作簿,,1.5342464482,0.15342464481999996,既有专家主导型清单编制流程,
SRC-PWR-000326,POWER,NOx,calculated,expert_excel_workbook,,,,,既有专家主导型工作簿,,821.202407,287.42084244999995,既有专家主导型清单编制流程,
SRC-PWR-000326,POWER,CO,calculated,expert_excel_workbook,,,,,既有专家主导型工作簿,,260.381251,260.381251,既有专家主导型清单编制流程,
SRC-PWR-000326,POWER,VOC,calculated,expert_excel_workbook,,,,,既有专家主导型工作簿,,6.008798100000001,0.03605278859999937,既有专家主导型清单编制流程,
SRC-PWR-000326,POWER,PM10,calculated,expert_excel_workbook,,,,,既有专家主导型工作簿,,6.008798100000001,0.10214956770000011,既有专家主导型清单编制流程,
SRC-PWR-000326,POWER,PM2.5,calculated,expert_excel_workbook,,,,,既有专家主导型工作簿,,0.0,0.0,既有专家主导型清单编制流程,
SRC-PWR-000326,POWER,BC,calculated,expert_excel_workbook,,,,,既有专家主导型工作簿,,0.0,0.0,既有专家主导型清单编制流程,
SRC-PWR-000326,POWER,OC,calculated,expert_excel_workbook,,,,,既有专家主导型工作簿,,4.0058654,4.0058654,既有专家主导型清单编制流程,
SRC-PWR-000326,POWER,NH3,calculated,expert_excel_workbook,,,,,既有专家主导型工作簿,,0.0,0.0,既有专家主导型清单编制流程,
SRC-PWR-000327,POWER,SO2,calculated,expert_excel_workbook,,,,,既有专家主导型工作簿,,795.8349229999999,79.58349229999997,既有专家主导型清单编制流程,
SRC-PWR-000327,POWER,NOx,calculated,expert_excel_workbook,,,,,既有专家主导型工作簿,,1474.6352984999999,442.39058955,既有专家主导型清单编制流程,
SRC-PWR-000327,POWER,CO,calculated,expert_excel_workbook,,,,,既有专家主导型工作簿,,360.1063,360.1063,既有专家主导型清单编制流程,
SRC-PWR-000327,POWER,VOC,calculated,expert_excel_workbook,,,,,既有专家主导型工作簿,,1824.615409344,10.947692456063807,既有专家主导型清单编制流程,
SRC-PWR-000327,POWER,PM10,calculated,expert_excel_workbook,,,,,既有专家主导型工作簿,,440.424409152,7.487214955584006,既有专家主导型清单编制流程,
SRC-PWR-000327,POWER,PM2.5,calculated,expert_excel_workbook,,,,,既有专家主导型工作簿,,0.8808488183040001,0.014974429911168015,既有专家主导型清单编制流程,
SRC-PWR-000327,POWER,BC,calculated,expert_excel_workbook,,,,,既有专家主导型工作簿,,0.0,0.0,既有专家主导型清单编制流程,
SRC-PWR-000327,POWER,OC,calculated,expert_excel_workbook,,,,,既有专家主导型工作簿,,7.202126,7.202126,既有专家主导型清单编制流程,
SRC-PWR-000327,POWER,NH3,calculated,expert_excel_workbook,,,,,既有专家主导型工作簿,,0.0,0.0,既有专家主导型清单编制流程,
SRC-PWR-000328,POWER,SO2,calculated,expert_excel_workbook,,,,,既有专家主导型工作簿,,56.477399999999996,5.647739999999998,既有专家主导型清单编制流程,
SRC-PWR-000328,POWER,NOx,calculated,expert_excel_workbook,,,,,既有专家主导型工作簿,,141.74720000000002,28.349439999999998,既有专家主导型清单编制流程,
SRC-PWR-000328,POWER,CO,calculated,expert_excel_workbook,,,,,既有专家主导型工作簿,,31.64,31.64,既有专家主导型清单编制流程,
SRC-PWR-000328,POWER,VOC,calculated,expert_excel_workbook,,,,,既有专家主导型工作簿,,174.703424,1.0482205439999817,既有专家主导型清单编制流程,
SRC-PWR-000328,POWER,PM10,calculated,expert_excel_workbook,,,,,既有专家主导型工作簿,,42.169792000000015,0.7168864640000009,既有专家主导型清单编制流程,
SRC-PWR-000328,POWER,PM2.5,calculated,expert_excel_workbook,,,,,既有专家主导型工作簿,,0.08433958400000004,0.001433772928000002,既有专家主导型清单编制流程,
SRC-PWR-000328,POWER,BC,calculated,expert_excel_workbook,,,,,既有专家主导型工作簿,,0.0,0.0,既有专家主导型清单编制流程,
SRC-PWR-000328,POWER,OC,calculated,expert_excel_workbook,,,,,既有专家主导型工作簿,,0.6328,0.6328,既有专家主导型清单编制流程,
SRC-PWR-000328,POWER,NH3,calculated,expert_excel_workbook,,,,,既有专家主导型工作簿,,0.0,0.0,既有专家主导型清单编制流程,
SRC-PWR-000329,POWER,SO2,calculated,expert_excel_workbook,,,,,既有专家主导型工作簿,,56.477399999999996,5.647739999999998,既有专家主导型清单编制流程,
SRC-PWR-000329,POWER,NOx,calculated,expert_excel_workbook,,,,,既有专家主导型工作簿,,141.74720000000002,28.349439999999998,既有专家主导型清单编制流程,
SRC-PWR-000329,POWER,CO,calculated,expert_excel_workbook,,,,,既有专家主导型工作簿,,31.64,31.64,既有专家主导型清单编制流程,
SRC-PWR-000329,POWER,VOC,calculated,expert_excel_workbook,,,,,既有专家主导型工作簿,,172.13425600000002,1.032805535999982,既有专家主导型清单编制流程,
SRC-PWR-000329,POWER,PM10,calculated,expert_excel_workbook,,,,,既有专家主导型工作簿,,41.549648000000005,0.7063440160000007,既有专家主导型清单编制流程,
SRC-PWR-000329,POWER,PM2.5,calculated,expert_excel_workbook,,,,,既有专家主导型工作簿,,0.08309929600000002,0.0014126880320000014,既有专家主导型清单编制流程,
SRC-PWR-000329,POWER,BC,calculated,expert_excel_workbook,,,,,既有专家主导型工作簿,,0.0,0.0,既有专家主导型清单编制流程,
SRC-PWR-000329,POWER,OC,calculated,expert_excel_workbook,,,,,既有专家主导型工作簿,,0.6328,0.6328,既有专家主导型清单编制流程,
SRC-PWR-000329,POWER,NH3,calculated,expert_excel_workbook,,,,,既有专家主导型工作簿,,0.0,0.0,既有专家主导型清单编制流程,
SRC-PWR-000330,POWER,SO2,calculated,expert_excel_workbook,,,,,既有专家主导型工作簿,,3.1296e-05,3.1296e-05,既有专家主导型清单编制流程,
SRC-PWR-000330,POWER,NOx,calculated,expert_excel_workbook,,,,,既有专家主导型工作簿,,0.09839999999999999,0.057072,既有专家主导型清单编制流程,
SRC-PWR-000330,POWER,CO,calculated,expert_excel_workbook,,,,,既有专家主导型工作簿,,0.0312,0.0312,既有专家主导型清单编制流程,
SRC-PWR-000330,POWER,VOC,calculated,expert_excel_workbook,,,,,既有专家主导型工作簿,,0.00072,0.00072,既有专家主导型清单编制流程,
SRC-PWR-000330,POWER,PM10,calculated,expert_excel_workbook,,,,,既有专家主导型工作簿,,0.00072,0.00072,既有专家主导型清单编制流程,
SRC-PWR-000330,POWER,PM2.5,calculated,expert_excel_workbook,,,,,既有专家主导型工作簿,,0.0,0.0,既有专家主导型清单编制流程,
SRC-PWR-000330,POWER,BC,calculated,expert_excel_workbook,,,,,既有专家主导型工作簿,,0.0,0.0,既有专家主导型清单编制流程,
SRC-PWR-000330,POWER,OC,calculated,expert_excel_workbook,,,,,既有专家主导型工作簿,,0.00048,0.00048,既有专家主导型清单编制流程,
SRC-PWR-000330,POWER,NH3,calculated,expert_excel_workbook,,,,,既有专家主导型工作簿,,0.0,0.0,既有专家主导型清单编制流程,
SRC-PWR-000331,POWER,SO2,calculated,expert_excel_workbook,,,,,既有专家主导型工作簿,,13.4488,13.4488,既有专家主导型清单编制流程,
SRC-PWR-000331,POWER,NOx,calculated,expert_excel_workbook,,,,,既有专家主导型工作簿,,1378.5019999999997,551.4007999999999,既有专家主导型清单编制流程,
SRC-PWR-000331,POWER,CO,calculated,expert_excel_workbook,,,,,既有专家主导型工作簿,,437.086,437.086,既有专家主导型清单编制流程,
SRC-PWR-000331,POWER,VOC,calculated,expert_excel_workbook,,,,,既有专家主导型工作簿,,10.0866,10.0866,既有专家主导型清单编制流程,
SRC-PWR-000331,POWER,PM10,calculated,expert_excel_workbook,,,,,既有专家主导型工作簿,,10.0866,10.0866,既有专家主导型清单编制流程,
SRC-PWR-000331,POWER,PM2.5,calculated,expert_excel_workbook,,,,,既有专家主导型工作簿,,0.0,0.0,既有专家主导型清单编制流程,
SRC-PWR-000331,POWER,BC,calculated,expert_excel_workbook,,,,,既有专家主导型工作簿,,0.0,0.0,既有专家主导型清单编制流程,
SRC-PWR-000331,POWER,OC,calculated,expert_excel_workbook,,,,,既有专家主导型工作簿,,6.724400000000001,6.724400000000001,既有专家主导型清单编制流程,
SRC-PWR-000331,POWER,NH3,calculated,expert_excel_workbook,,,,,既有专家主导型工作簿,,0.0,0.0,既有专家主导型清单编制流程,
SRC-PWR-000332,POWER,SO2,calculated,expert_excel_workbook,,,,,既有专家主导型工作簿,,16.6132,16.6132,既有专家主导型清单编制流程,
SRC-PWR-000332,POWER,NOx,calculated,expert_excel_workbook,,,,,既有专家主导型工作簿,,1702.853,681.1412,既有专家主导型清单编制流程,
SRC-PWR-000332,POWER,CO,calculated,expert_excel_workbook,,,,,既有专家主导型工作簿,,539.929,539.929,既有专家主导型清单编制流程,
SRC-PWR-000332,POWER,VOC,calculated,expert_excel_workbook,,,,,既有专家主导型工作簿,,12.4599,12.4599,既有专家主导型清单编制流程,
SRC-PWR-000332,POWER,PM10,calculated,expert_excel_workbook,,,,,既有专家主导型工作簿,,12.4599,12.4599,既有专家主导型清单编制流程,
SRC-PWR-000332,POWER,PM2.5,calculated,expert_excel_workbook,,,,,既有专家主导型工作簿,,0.0,0.0,既有专家主导型清单编制流程,
SRC-PWR-000332,POWER,BC,calculated,expert_excel_workbook,,,,,既有专家主导型工作簿,,0.0,0.0,既有专家主导型清单编制流程,
SRC-PWR-000332,POWER,OC,calculated,expert_excel_workbook,,,,,既有专家主导型工作簿,,8.3066,8.3066,既有专家主导型清单编制流程,
SRC-PWR-000332,POWER,NH3,calculated,expert_excel_workbook,,,,,既有专家主导型工作簿,,0.0,0.0,既有专家主导型清单编制流程,
SRC-PWR-000333,POWER,SO2,calculated,expert_excel_workbook,,,,,既有专家主导型工作簿,,0.3705142,0.3705142,既有专家主导型清单编制流程,
SRC-PWR-000333,POWER,NOx,calculated,expert_excel_workbook,,,,,既有专家主导型工作簿,,198.31699999999998,115.02386,既有专家主导型清单编制流程,
SRC-PWR-000333,POWER,CO,calculated,expert_excel_workbook,,,,,既有专家主导型工作簿,,62.881,62.881,既有专家主导型清单编制流程,
SRC-PWR-000333,POWER,VOC,calculated,expert_excel_workbook,,,,,既有专家主导型工作簿,,1.4510999999999998,1.4510999999999998,既有专家主导型清单编制流程,
SRC-PWR-000333,POWER,PM10,calculated,expert_excel_workbook,,,,,既有专家主导型工作簿,,1.4510999999999998,1.4510999999999998,既有专家主导型清单编制流程,
SRC-PWR-000333,POWER,PM2.5,calculated,expert_excel_workbook,,,,,既有专家主导型工作簿,,0.0,0.0,既有专家主导型清单编制流程,
SRC-PWR-000333,POWER,BC,calculated,expert_excel_workbook,,,,,既有专家主导型工作簿,,0.0,0.0,既有专家主导型清单编制流程,
SRC-PWR-000333,POWER,OC,calculated,expert_excel_workbook,,,,,既有专家主导型工作簿,,0.9674000000000001,0.9674000000000001,既有专家主导型清单编制流程,
SRC-PWR-000333,POWER,NH3,calculated,expert_excel_workbook,,,,,既有专家主导型工作簿,,0.0,0.0,既有专家主导型清单编制流程,
SRC-PWR-000334,POWER,SO2,calculated,expert_excel_workbook,,,,,既有专家主导型工作簿,,0.190351,0.190351,既有专家主导型清单编制流程,
SRC-PWR-000334,POWER,NOx,calculated,expert_excel_workbook,,,,,既有专家主导型工作簿,,101.885,59.09330000000001,既有专家主导型清单编制流程,
SRC-PWR-000334,POWER,CO,calculated,expert_excel_workbook,,,,,既有专家主导型工作簿,,32.305,32.305,既有专家主导型清单编制流程,
SRC-PWR-000334,POWER,VOC,calculated,expert_excel_workbook,,,,,既有专家主导型工作簿,,0.7455,0.7455,既有专家主导型清单编制流程,
SRC-PWR-000334,POWER,PM10,calculated,expert_excel_workbook,,,,,既有专家主导型工作簿,,0.7455,0.7455,既有专家主导型清单编制流程,
SRC-PWR-000334,POWER,PM2.5,calculated,expert_excel_workbook,,,,,既有专家主导型工作簿,,0.0,0.0,既有专家主导型清单编制流程,
SRC-PWR-000334,POWER,BC,calculated,expert_excel_workbook,,,,,既有专家主导型工作簿,,0.0,0.0,既有专家主导型清单编制流程,
SRC-PWR-000334,POWER,OC,calculated,expert_excel_workbook,,,,,既有专家主导型工作簿,,0.497,0.497,既有专家主导型清单编制流程,
SRC-PWR-000334,POWER,NH3,calculated,expert_excel_workbook,,,,,既有专家主导型工作簿,,0.0,0.0,既有专家主导型清单编制流程,
SRC-PWR-000335,POWER,SO2,calculated,expert_excel_workbook,,,,,既有专家主导型工作簿,,1.7971892000000003,1.7971892000000003,既有专家主导型清单编制流程,
SRC-PWR-000335,POWER,NOx,calculated,expert_excel_workbook,,,,,既有专家主导型工作簿,,961.942,557.92636,既有专家主导型清单编制流程,
SRC-PWR-000335,POWER,CO,calculated,expert_excel_workbook,,,,,既有专家主导型工作簿,,305.006,305.006,既有专家主导型清单编制流程,
SRC-PWR-000335,POWER,VOC,calculated,expert_excel_workbook,,,,,既有专家主导型工作簿,,7.0386,7.0386,既有专家主导型清单编制流程,
SRC-PWR-000335,POWER,PM10,calculated,expert_excel_workbook,,,,,既有专家主导型工作簿,,7.0386,7.0386,既有专家主导型清单编制流程,
SRC-PWR-000335,POWER,PM2.5,calculated,expert_excel_workbook,,,,,既有专家主导型工作簿,,0.0,0.0,既有专家主导型清单编制流程,
SRC-PWR-000335,POWER,BC,calculated,expert_excel_workbook,,,,,既有专家主导型工作簿,,0.0,0.0,既有专家主导型清单编制流程,
SRC-PWR-000335,POWER,OC,calculated,expert_excel_workbook,,,,,既有专家主导型工作簿,,4.6924,4.6924,既有专家主导型清单编制流程,
SRC-PWR-000335,POWER,NH3,calculated,expert_excel_workbook,,,,,既有专家主导型工作簿,,0.0,0.0,既有专家主导型清单编制流程,
SRC-PWR-000336,POWER,SO2,calculated,expert_excel_workbook,,,,,既有专家主导型工作簿,,1.6479724,1.6479724,既有专家主导型清单编制流程,
SRC-PWR-000336,POWER,NOx,calculated,expert_excel_workbook,,,,,既有专家主导型工作簿,,882.074,511.60292000000004,既有专家主导型清单编制流程,
SRC-PWR-000336,POWER,CO,calculated,expert_excel_workbook,,,,,既有专家主导型工作簿,,279.682,279.682,既有专家主导型清单编制流程,
SRC-PWR-000336,POWER,VOC,calculated,expert_excel_workbook,,,,,既有专家主导型工作簿,,6.4542,6.4542,既有专家主导型清单编制流程,
SRC-PWR-000336,POWER,PM10,calculated,expert_excel_workbook,,,,,既有专家主导型工作簿,,6.4542,6.4542,既有专家主导型清单编制流程,
SRC-PWR-000336,POWER,PM2.5,calculated,expert_excel_workbook,,,,,既有专家主导型工作簿,,0.0,0.0,既有专家主导型清单编制流程,
SRC-PWR-000336,POWER,BC,calculated,expert_excel_workbook,,,,,既有专家主导型工作簿,,0.0,0.0,既有专家主导型清单编制流程,
SRC-PWR-000336,POWER,OC,calculated,expert_excel_workbook,,,,,既有专家主导型工作簿,,4.3028,4.3028,既有专家主导型清单编制流程,
SRC-PWR-000336,POWER,NH3,calculated,expert_excel_workbook,,,,,既有专家主导型工作簿,,0.0,0.0,既有专家主导型清单编制流程,
SRC-PWR-000337,POWER,SO2,calculated,expert_excel_workbook,,,,,既有专家主导型工作簿,,0.0021448,0.0021448,既有专家主导型清单编制流程,
SRC-PWR-000337,POWER,NOx,calculated,expert_excel_workbook,,,,,既有专家主导型工作簿,,1.1479999999999997,0.6658399999999999,既有专家主导型清单编制流程,
SRC-PWR-000337,POWER,CO,calculated,expert_excel_workbook,,,,,既有专家主导型工作簿,,0.364,0.364,既有专家主导型清单编制流程,
SRC-PWR-000337,POWER,VOC,calculated,expert_excel_workbook,,,,,既有专家主导型工作簿,,0.0084,0.0084,既有专家主导型清单编制流程,
SRC-PWR-000337,POWER,PM10,calculated,expert_excel_workbook,,,,,既有专家主导型工作簿,,0.0084,0.0084,既有专家主导型清单编制流程,
SRC-PWR-000337,POWER,PM2.5,calculated,expert_excel_workbook,,,,,既有专家主导型工作簿,,0.0,0.0,既有专家主导型清单编制流程,
SRC-PWR-000337,POWER,BC,calculated,expert_excel_workbook,,,,,既有专家主导型工作簿,,0.0,0.0,既有专家主导型清单编制流程,
SRC-PWR-000337,POWER,OC,calculated,expert_excel_workbook,,,,,既有专家主导型工作簿,,0.005600000000000001,0.005600000000000001,既有专家主导型清单编制流程,
SRC-PWR-000337,POWER,NH3,calculated,expert_excel_workbook,,,,,既有专家主导型工作簿,,0.0,0.0,既有专家主导型清单编制流程,
SRC-PWR-000338,POWER,SO2,calculated,expert_excel_workbook,,,,,既有专家主导型工作簿,,0.036000000000000004,0.036000000000000004,既有专家主导型清单编制流程,
SRC-PWR-000338,POWER,NOx,calculated,expert_excel_workbook,,,,,既有专家主导型工作簿,,0.1332,0.039304918032786886,既有专家主导型清单编制流程,
SRC-PWR-000338,POWER,CO,calculated,expert_excel_workbook,,,,,既有专家主导型工作簿,,0.010799999999999999,0.010799999999999999,既有专家主导型清单编制流程,
SRC-PWR-000338,POWER,VOC,calculated,expert_excel_workbook,,,,,既有专家主导型工作簿,,0.009,0.009,既有专家主导型清单编制流程,
SRC-PWR-000338,POWER,PM10,calculated,expert_excel_workbook,,,,,既有专家主导型工作簿,,0.009,0.009,既有专家主导型清单编制流程,
SRC-PWR-000338,POWER,PM2.5,calculated,expert_excel_workbook,,,,,既有专家主导型工作簿,,0.00017999999999999998,0.00017999999999999998,既有专家主导型清单编制流程,
SRC-PWR-000338,POWER,BC,calculated,expert_excel_workbook,,,,,既有专家主导型工作簿,,0.0007199999999999999,0.0007199999999999999,既有专家主导型清单编制流程,
SRC-PWR-000338,POWER,OC,calculated,expert_excel_workbook,,,,,既有专家主导型工作簿,,0.00234,0.00234,既有专家主导型清单编制流程,
SRC-PWR-000338,POWER,NH3,calculated,expert_excel_workbook,,,,,既有专家主导型工作簿,,0.0,0.0,既有专家主导型清单编制流程,
SRC-PWR-000339,POWER,SO2,calculated,expert_excel_workbook,,,,,既有专家主导型工作簿,,4.032e-05,3.2256000000000004e-05,既有专家主导型清单编制流程,
SRC-PWR-000339,POWER,NOx,calculated,expert_excel_workbook,,,,,既有专家主导型工作簿,,0.24599999999999997,0.24599999999999997,既有专家主导型清单编制流程,
SRC-PWR-000339,POWER,CO,calculated,expert_excel_workbook,,,,,既有专家主导型工作簿,,0.078,0.078,既有专家主导型清单编制流程,
SRC-PWR-000339,POWER,VOC,calculated,expert_excel_workbook,,,,,既有专家主导型工作簿,,0.0018,2.340000000000002e-05,既有专家主导型清单编制流程,
SRC-PWR-000339,POWER,PM10,calculated,expert_excel_workbook,,,,,既有专家主导型工作簿,,0.0018,5.4000000000000045e-05,既有专家主导型清单编制流程,
SRC-PWR-000339,POWER,PM2.5,calculated,expert_excel_workbook,,,,,既有专家主导型工作簿,,0.0,0.0,既有专家主导型清单编制流程,
SRC-PWR-000339,POWER,BC,calculated,expert_excel_workbook,,,,,既有专家主导型工作簿,,0.0,0.0,既有专家主导型清单编制流程,
SRC-PWR-000339,POWER,OC,calculated,expert_excel_workbook,,,,,既有专家主导型工作簿,,0.0012,0.0012,既有专家主导型清单编制流程,
SRC-PWR-000339,POWER,NH3,calculated,expert_excel_workbook,,,,,既有专家主导型工作簿,,0.0,0.0,既有专家主导型清单编制流程,
SRC-PWR-000340,POWER,SO2,calculated,expert_excel_workbook,,,,,既有专家主导型工作簿,,0.018359999999999998,0.014688,既有专家主导型清单编制流程,
SRC-PWR-000340,POWER,NOx,calculated,expert_excel_workbook,,,,,既有专家主导型工作簿,,0.02244,0.02244,既有专家主导型清单编制流程,
SRC-PWR-000340,POWER,CO,calculated,expert_excel_workbook,,,,,既有专家主导型工作簿,,0.00216,0.00216,既有专家主导型清单编制流程,
SRC-PWR-000340,POWER,VOC,calculated,expert_excel_workbook,,,,,既有专家主导型工作簿,,0.00102,1.3260000000000012e-05,既有专家主导型清单编制流程,
SRC-PWR-000340,POWER,PM10,calculated,expert_excel_workbook,,,,,既有专家主导型工作簿,,0.00102,3.060000000000003e-05,既有专家主导型清单编制流程,
SRC-PWR-000340,POWER,PM2.5,calculated,expert_excel_workbook,,,,,既有专家主导型工作簿,,0.00011999999999999999,3.600000000000003e-06,既有专家主导型清单编制流程,
SRC-PWR-000340,POWER,BC,calculated,expert_excel_workbook,,,,,既有专家主导型工作簿,,0.00054,1.6200000000000014e-05,既有专家主导型清单编制流程,
SRC-PWR-000340,POWER,OC,calculated,expert_excel_workbook,,,,,既有专家主导型工作簿,,0.198,0.198,既有专家主导型清单编制流程,
SRC-PWR-000340,POWER,NH3,calculated,expert_excel_workbook,,,,,既有专家主导型工作簿,,0.0,0.0,既有专家主导型清单编制流程,
SRC-PWR-000341,POWER,SO2,calculated,expert_excel_workbook,,,,,既有专家主导型工作簿,,0.179932634,0.179932634,既有专家主导型清单编制流程,
SRC-PWR-000341,POWER,NOx,calculated,expert_excel_workbook,,,,,既有专家主导型工作簿,,96.30858999999998,55.85898219999999,既有专家主导型清单编制流程,
SRC-PWR-000341,POWER,CO,calculated,expert_excel_workbook,,,,,既有专家主导型工作簿,,30.53687,30.53687,既有专家主导型清单编制流程,
SRC-PWR-000341,POWER,VOC,calculated,expert_excel_workbook,,,,,既有专家主导型工作簿,,0.7046969999999999,0.7046969999999999,既有专家主导型清单编制流程,
SRC-PWR-000341,POWER,PM10,calculated,expert_excel_workbook,,,,,既有专家主导型工作簿,,0.7046969999999999,0.7046969999999999,既有专家主导型清单编制流程,
SRC-PWR-000341,POWER,PM2.5,calculated,expert_excel_workbook,,,,,既有专家主导型工作簿,,0.0,0.0,既有专家主导型清单编制流程,
SRC-PWR-000341,POWER,BC,calculated,expert_excel_workbook,,,,,既有专家主导型工作簿,,0.0,0.0,既有专家主导型清单编制流程,
SRC-PWR-000341,POWER,OC,calculated,expert_excel_workbook,,,,,既有专家主导型工作簿,,0.469798,0.469798,既有专家主导型清单编制流程,
SRC-PWR-000341,POWER,NH3,calculated,expert_excel_workbook,,,,,既有专家主导型工作簿,,0.0,0.0,既有专家主导型清单编制流程,
SRC-PWR-000342,POWER,SO2,calculated,expert_excel_workbook,,,,,既有专家主导型工作簿,,11401.514949999999,570.0757475000005,既有专家主导型清单编制流程,
SRC-PWR-000342,POWER,NOx,calculated,expert_excel_workbook,,,,,既有专家主导型工作簿,,5826.00445,873.9006675000002,既有专家主导型清单编制流程,
SRC-PWR-000342,POWER,CO,calculated,expert_excel_workbook,,,,,既有专家主导型工作簿,,1616.09,1616.09,既有专家主导型清单编制流程,
SRC-PWR-000342,POWER,VOC,calculated,expert_excel_workbook,,,,,既有专家主导型工作簿,,25563.715642500003,153.38229385499733,既有专家主导型清单编制流程,
SRC-PWR-000342,POWER,PM10,calculated,expert_excel_workbook,,,,,既有专家主导型工作簿,,6668.795385,113.36952154500011,既有专家主导型清单编制流程,
SRC-PWR-000342,POWER,PM2.5,calculated,expert_excel_workbook,,,,,既有专家主导型工作簿,,13.33759077,0.2267390430900002,既有专家主导型清单编制流程,
SRC-PWR-000342,POWER,BC,calculated,expert_excel_workbook,,,,,既有专家主导型工作簿,,0.0,0.0,既有专家主导型清单编制流程,
SRC-PWR-000342,POWER,OC,calculated,expert_excel_workbook,,,,,既有专家主导型工作簿,,32.321799999999996,32.321799999999996,既有专家主导型清单编制流程,
SRC-PWR-000342,POWER,NH3,calculated,expert_excel_workbook,,,,,既有专家主导型工作簿,,0.0,0.0,既有专家主导型清单编制流程,
SRC-PWR-000343,POWER,SO2,calculated,expert_excel_workbook,,,,,既有专家主导型工作簿,,11937.991259999999,596.8995630000005,既有专家主导型清单编制流程,
SRC-PWR-000343,POWER,NOx,calculated,expert_excel_workbook,,,,,既有专家主导型工作簿,,6100.13586,915.0203790000002,既有专家主导型清单编制流程,
SRC-PWR-000343,POWER,CO,calculated,expert_excel_workbook,,,,,既有专家主导型工作簿,,1692.132,1692.132,既有专家主导型清单编制流程,
SRC-PWR-000343,POWER,VOC,calculated,expert_excel_workbook,,,,,既有专家主导型工作簿,,26766.567009000006,160.5994020539972,既有专家主导型清单编制流程,
SRC-PWR-000343,POWER,PM10,calculated,expert_excel_workbook,,,,,既有专家主导型工作簿,,6982.582698,118.70390586600011,既有专家主导型清单编制流程,
SRC-PWR-000343,POWER,PM2.5,calculated,expert_excel_workbook,,,,,既有专家主导型工作簿,,13.965165396,0.2374078117320002,既有专家主导型清单编制流程,
SRC-PWR-000343,POWER,BC,calculated,expert_excel_workbook,,,,,既有专家主导型工作簿,,0.0,0.0,既有专家主导型清单编制流程,
SRC-PWR-000343,POWER,OC,calculated,expert_excel_workbook,,,,,既有专家主导型工作簿,,33.84264,33.84264,既有专家主导型清单编制流程,
SRC-PWR-000343,POWER,NH3,calculated,expert_excel_workbook,,,,,既有专家主导型工作簿,,0.0,0.0,既有专家主导型清单编制流程,
SRC-PWR-000344,POWER,SO2,calculated,expert_excel_workbook,,,,,既有专家主导型工作簿,,16547.0756096,105.90128390143936,既有专家主导型清单编制流程,
SRC-PWR-000344,POWER,NOx,calculated,expert_excel_workbook,,,,,既有专家主导型工作簿,,8016.9722280000005,1202.5458342000002,既有专家主导型清单编制流程,
SRC-PWR-000344,POWER,CO,calculated,expert_excel_workbook,,,,,既有专家主导型工作簿,,2222.684552,2222.684552,既有专家主导型清单编制流程,
SRC-PWR-000344,POWER,VOC,calculated,expert_excel_workbook,,,,,既有专家主导型工作簿,,32755.965195499997,196.5357911729965,既有专家主导型清单编制流程,
SRC-PWR-000344,POWER,PM10,calculated,expert_excel_workbook,,,,,既有专家主导型工作簿,,8545.330391,145.2706166470001,既有专家主导型清单编制流程,
SRC-PWR-000344,POWER,PM2.5,calculated,expert_excel_workbook,,,,,既有专家主导型工作簿,,17.097869061999997,0.29066377405400023,既有专家主导型清单编制流程,
SRC-PWR-000344,POWER,BC,calculated,expert_excel_workbook,,,,,既有专家主导型工作簿,,0.0320368,0.0005446256000000004,既有专家主导型清单编制流程,
SRC-PWR-000344,POWER,OC,calculated,expert_excel_workbook,,,,,既有专家主导型工作簿,,44.5481996,44.5481996,既有专家主导型清单编制流程,
SRC-PWR-000344,POWER,NH3,calculated,expert_excel_workbook,,,,,既有专家主导型工作簿,,0.0,0.0,既有专家主导型清单编制流程,
SRC-PWR-000345,POWER,SO2,calculated,expert_excel_workbook,,,,,既有专家主导型工作簿,,16666.158001800002,106.66341121151937,既有专家主导型清单编制流程,
SRC-PWR-000345,POWER,NOx,calculated,expert_excel_workbook,,,,,既有专家主导型工作簿,,7646.126504,1146.9189756,既有专家主导型清单编制流程,
SRC-PWR-000345,POWER,CO,calculated,expert_excel_workbook,,,,,既有专家主导型工作簿,,2120.035406,2120.035406,既有专家主导型清单编制流程,
SRC-PWR-000345,POWER,VOC,calculated,expert_excel_workbook,,,,,既有专家主导型工作簿,,31280.73539425,187.6844123654967,既有专家主导型清单编制流程,
SRC-PWR-000345,POWER,PM10,calculated,expert_excel_workbook,,,,,既有专家主导型工作簿,,8160.4316935,138.72733878950012,既有专家主导型清单编制流程,
SRC-PWR-000345,POWER,PM2.5,calculated,expert_excel_workbook,,,,,既有专家主导型工作簿,,16.326704477,0.27755397610900023,既有专家主导型清单编制流程,
SRC-PWR-000345,POWER,BC,calculated,expert_excel_workbook,,,,,既有专家主导型工作簿,,0.0259604,0.0004413268000000004,既有专家主导型清单编制流程,
SRC-PWR-000345,POWER,OC,calculated,expert_excel_workbook,,,,,既有专家主导型工作簿,,42.4772913,42.4772913,既有专家主导型清单编制流程,
SRC-PWR-000345,POWER,NH3,calculated,expert_excel_workbook,,,,,既有专家主导型工作簿,,0.0,0.0,既有专家主导型清单编制流程,
SRC-PWR-000346,POWER,SO2,calculated,expert_excel_workbook,,,,,既有专家主导型工作簿,,19741.464196599998,126.34537085823922,既有专家主导型清单编制流程,
SRC-PWR-000346,POWER,NOx,calculated,expert_excel_workbook,,,,,既有专家主导型工作簿,,9401.076088,1410.1614132000002,既有专家主导型清单编制流程,
SRC-PWR-000346,POWER,CO,calculated,expert_excel_workbook,,,,,既有专家主导型工作簿,,2606.945862,2606.945862,既有专家主导型清单编制流程,
SRC-PWR-000346,POWER,VOC,calculated,expert_excel_workbook,,,,,既有专家主导型工作簿,,38354.42450649999,230.1265470389959,既有专家主导型清单编制流程,
SRC-PWR-000346,POWER,PM10,calculated,expert_excel_workbook,,,,,既有专家主导型工作簿,,10005.716308,170.09717723600014,既有专家主导型清单编制流程,
SRC-PWR-000346,POWER,PM2.5,calculated,expert_excel_workbook,,,,,既有专家主导型工作簿,,20.016650545999997,0.34028305928200026,既有专家主导型清单编制流程,
SRC-PWR-000346,POWER,BC,calculated,expert_excel_workbook,,,,,既有专家主导型工作簿,,0.0231908,0.0003942436000000004,既有专家主导型清单编制流程,
SRC-PWR-000346,POWER,OC,calculated,expert_excel_workbook,,,,,既有专家主导型工作簿,,52.2073301,52.2073301,既有专家主导型清单编制流程,
SRC-PWR-000346,POWER,NH3,calculated,expert_excel_workbook,,,,,既有专家主导型工作簿,,0.0,0.0,既有专家主导型清单编制流程,
SRC-PWR-000347,POWER,SO2,calculated,expert_excel_workbook,,,,,既有专家主导型工作簿,,529.14897,33.389300007000024,既有专家主导型清单编制流程,
SRC-PWR-000347,POWER,NOx,calculated,expert_excel_workbook,,,,,既有专家主导型工作簿,,648.58752,90.80225280000002,既有专家主导型清单编制流程,
SRC-PWR-000347,POWER,CO,calculated,expert_excel_workbook,,,,,既有专家主导型工作簿,,144.774,144.774,既有专家主导型清单编制流程,
SRC-PWR-000347,POWER,VOC,calculated,expert_excel_workbook,,,,,既有专家主导型工作簿,,2287.64925648,13.725895538879758,既有专家主导型清单编制流程,
SRC-PWR-000347,POWER,PM10,calculated,expert_excel_workbook,,,,,既有专家主导型工作簿,,552.1911998400001,9.38725039728001,既有专家主导型清单编制流程,
SRC-PWR-000347,POWER,PM2.5,calculated,expert_excel_workbook,,,,,既有专家主导型工作簿,,1.1043823996800002,0.01877450079456002,既有专家主导型清单编制流程,
SRC-PWR-000347,POWER,BC,calculated,expert_excel_workbook,,,,,既有专家主导型工作簿,,0.0,0.0,既有专家主导型清单编制流程,
SRC-PWR-000347,POWER,OC,calculated,expert_excel_workbook,,,,,既有专家主导型工作簿,,2.89548,2.89548,既有专家主导型清单编制流程,
SRC-PWR-000347,POWER,NH3,calculated,expert_excel_workbook,,,,,既有专家主导型工作簿,,0.0,0.0,既有专家主导型清单编制流程,
SRC-PWR-000348,POWER,SO2,calculated,expert_excel_workbook,,,,,既有专家主导型工作簿,,499.74814999999995,31.534108265000018,既有专家主导型清单编制流程,
SRC-PWR-000348,POWER,NOx,calculated,expert_excel_workbook,,,,,既有专家主导型工作簿,,612.5504,85.757056,既有专家主导型清单编制流程,
SRC-PWR-000348,POWER,CO,calculated,expert_excel_workbook,,,,,既有专家主导型工作簿,,136.73,136.73,既有专家主导型清单编制流程,
SRC-PWR-000348,POWER,VOC,calculated,expert_excel_workbook,,,,,既有专家主导型工作簿,,2160.5418296,12.96325097759977,既有专家主导型清单编制流程,
SRC-PWR-000348,POWER,PM10,calculated,expert_excel_workbook,,,,,既有专家主导型工作簿,,521.5100968,8.865671645600008,既有专家主导型清单编制流程,
SRC-PWR-000348,POWER,PM2.5,calculated,expert_excel_workbook,,,,,既有专家主导型工作簿,,1.0430201936,0.017731343291200016,既有专家主导型清单编制流程,
SRC-PWR-000348,POWER,BC,calculated,expert_excel_workbook,,,,,既有专家主导型工作簿,,0.0,0.0,既有专家主导型清单编制流程,
SRC-PWR-000348,POWER,OC,calculated,expert_excel_workbook,,,,,既有专家主导型工作簿,,2.7346,2.7346,既有专家主导型清单编制流程,
SRC-PWR-000348,POWER,NH3,calculated,expert_excel_workbook,,,,,既有专家主导型工作簿,,0.0,0.0,既有专家主导型清单编制流程,
SRC-PWR-000349,POWER,SO2,calculated,expert_excel_workbook,,,,,既有专家主导型工作簿,,0.06059060000000001,0.003823266860000003,既有专家主导型清单编制流程,
SRC-PWR-000349,POWER,NOx,calculated,expert_excel_workbook,,,,,既有专家主导型工作簿,,32.431,4.5403400000000005,既有专家主导型清单编制流程,
SRC-PWR-000349,POWER,CO,calculated,expert_excel_workbook,,,,,既有专家主导型工作簿,,10.283,10.283,既有专家主导型清单编制流程,
SRC-PWR-000349,POWER,VOC,calculated,expert_excel_workbook,,,,,既有专家主导型工作簿,,0.2373,0.001423799999999975,既有专家主导型清单编制流程,
SRC-PWR-000349,POWER,PM10,calculated,expert_excel_workbook,,,,,既有专家主导型工作簿,,0.2373,0.004034100000000004,既有专家主导型清单编制流程,
SRC-PWR-000349,POWER,PM2.5,calculated,expert_excel_workbook,,,,,既有专家主导型工作簿,,0.0,0.0,既有专家主导型清单编制流程,
SRC-PWR-000349,POWER,BC,calculated,expert_excel_workbook,,,,,既有专家主导型工作簿,,0.0,0.0,既有专家主导型清单编制流程,
SRC-PWR-000349,POWER,OC,calculated,expert_excel_workbook,,,,,既有专家主导型工作簿,,0.1582,0.1582,既有专家主导型清单编制流程,
SRC-PWR-000349,POWER,NH3,calculated,expert_excel_workbook,,,,,既有专家主导型工作簿,,0.0,0.0,既有专家主导型清单编制流程,
SRC-PWR-000350,POWER,SO2,calculated,expert_excel_workbook,,,,,既有专家主导型工作簿,,0.0630418,0.003977937580000003,既有专家主导型清单编制流程,
SRC-PWR-000350,POWER,NOx,calculated,expert_excel_workbook,,,,,既有专家主导型工作簿,,33.743,4.72402,既有专家主导型清单编制流程,
SRC-PWR-000350,POWER,CO,calculated,expert_excel_workbook,,,,,既有专家主导型工作簿,,10.699,10.699,既有专家主导型清单编制流程,
SRC-PWR-000350,POWER,VOC,calculated,expert_excel_workbook,,,,,既有专家主导型工作簿,,0.24689999999999998,0.0014813999999999739,既有专家主导型清单编制流程,
SRC-PWR-000350,POWER,PM10,calculated,expert_excel_workbook,,,,,既有专家主导型工作簿,,0.24689999999999998,0.004197300000000004,既有专家主导型清单编制流程,
SRC-PWR-000350,POWER,PM2.5,calculated,expert_excel_workbook,,,,,既有专家主导型工作簿,,0.0,0.0,既有专家主导型清单编制流程,
SRC-PWR-000350,POWER,BC,calculated,expert_excel_workbook,,,,,既有专家主导型工作簿,,0.0,0.0,既有专家主导型清单编制流程,
SRC-PWR-000350,POWER,OC,calculated,expert_excel_workbook,,,,,既有专家主导型工作簿,,0.1646,0.1646,既有专家主导型清单编制流程,
SRC-PWR-000350,POWER,NH3,calculated,expert_excel_workbook,,,,,既有专家主导型工作簿,,0.0,0.0,既有专家主导型清单编制流程,
SRC-PWR-000351,POWER,SO2,calculated,expert_excel_workbook,,,,,既有专家主导型工作簿,,0.23649790400000004,0.23649790400000004,既有专家主导型清单编制流程,
SRC-PWR-000351,POWER,NOx,calculated,expert_excel_workbook,,,,,既有专家主导型工作簿,,126.58503999999998,73.4193232,既有专家主导型清单编制流程,
SRC-PWR-000351,POWER,CO,calculated,expert_excel_workbook,,,,,既有专家主导型工作簿,,40.13672,40.13672,既有专家主导型清单编制流程,
SRC-PWR-000351,POWER,VOC,calculated,expert_excel_workbook,,,,,既有专家主导型工作簿,,0.926232,0.926232,既有专家主导型清单编制流程,
SRC-PWR-000351,POWER,PM10,calculated,expert_excel_workbook,,,,,既有专家主导型工作簿,,0.926232,0.926232,既有专家主导型清单编制流程,
SRC-PWR-000351,POWER,PM2.5,calculated,expert_excel_workbook,,,,,既有专家主导型工作簿,,0.0,0.0,既有专家主导型清单编制流程,
SRC-PWR-000351,POWER,BC,calculated,expert_excel_workbook,,,,,既有专家主导型工作簿,,0.0,0.0,既有专家主导型清单编制流程,
SRC-PWR-000351,POWER,OC,calculated,expert_excel_workbook,,,,,既有专家主导型工作簿,,0.617488,0.617488,既有专家主导型清单编制流程,
SRC-PWR-000351,POWER,NH3,calculated,expert_excel_workbook,,,,,既有专家主导型工作簿,,0.0,0.0,既有专家主导型清单编制流程,
SRC-PWR-000352,POWER,SO2,calculated,expert_excel_workbook,,,,,既有专家主导型工作簿,,0.22209787,0.22209787,既有专家主导型清单编制流程,
SRC-PWR-000352,POWER,NOx,calculated,expert_excel_workbook,,,,,既有专家主导型工作簿,,118.87744999999998,68.948921,既有专家主导型清单编制流程,
SRC-PWR-000352,POWER,CO,calculated,expert_excel_workbook,,,,,既有专家主导型工作簿,,37.69285,37.69285,既有专家主导型清单编制流程,
SRC-PWR-000352,POWER,VOC,calculated,expert_excel_workbook,,,,,既有专家主导型工作簿,,0.8698349999999999,0.8698349999999999,既有专家主导型清单编制流程,
SRC-PWR-000352,POWER,PM10,calculated,expert_excel_workbook,,,,,既有专家主导型工作簿,,0.8698349999999999,0.8698349999999999,既有专家主导型清单编制流程,
SRC-PWR-000352,POWER,PM2.5,calculated,expert_excel_workbook,,,,,既有专家主导型工作簿,,0.0,0.0,既有专家主导型清单编制流程,
SRC-PWR-000352,POWER,BC,calculated,expert_excel_workbook,,,,,既有专家主导型工作簿,,0.0,0.0,既有专家主导型清单编制流程,
SRC-PWR-000352,POWER,OC,calculated,expert_excel_workbook,,,,,既有专家主导型工作簿,,0.57989,0.57989,既有专家主导型清单编制流程,
SRC-PWR-000352,POWER,NH3,calculated,expert_excel_workbook,,,,,既有专家主导型工作簿,,0.0,0.0,既有专家主导型清单编制流程,
SRC-PWR-000353,POWER,SO2,calculated,expert_excel_workbook,,,,,既有专家主导型工作簿,,0.0257586,0.02060688,既有专家主导型清单编制流程,
SRC-PWR-000353,POWER,NOx,calculated,expert_excel_workbook,,,,,既有专家主导型工作簿,,52.80513,52.80513,既有专家主导型清单编制流程,
SRC-PWR-000353,POWER,CO,calculated,expert_excel_workbook,,,,,既有专家主导型工作簿,,16.743090000000002,16.743090000000002,既有专家主导型清单编制流程,
SRC-PWR-000353,POWER,VOC,calculated,expert_excel_workbook,,,,,既有专家主导型工作簿,,0.386379,0.005022927000000004,既有专家主导型清单编制流程,
SRC-PWR-000353,POWER,PM10,calculated,expert_excel_workbook,,,,,既有专家主导型工作簿,,0.386379,0.011591370000000009,既有专家主导型清单编制流程,
SRC-PWR-000353,POWER,PM2.5,calculated,expert_excel_workbook,,,,,既有专家主导型工作簿,,0.0,0.0,既有专家主导型清单编制流程,
SRC-PWR-000353,POWER,BC,calculated,expert_excel_workbook,,,,,既有专家主导型工作簿,,0.0,0.0,既有专家主导型清单编制流程,
SRC-PWR-000353,POWER,OC,calculated,expert_excel_workbook,,,,,既有专家主导型工作簿,,0.257586,0.257586,既有专家主导型清单编制流程,
SRC-PWR-000353,POWER,NH3,calculated,expert_excel_workbook,,,,,既有专家主导型工作簿,,0.0,0.0,既有专家主导型清单编制流程,
SRC-PWR-000354,POWER,SO2,calculated,expert_excel_workbook,,,,,既有专家主导型工作簿,,0.0663614,0.053089120000000004,既有专家主导型清单编制流程,
SRC-PWR-000354,POWER,NOx,calculated,expert_excel_workbook,,,,,既有专家主导型工作簿,,136.04087,40.81226100000001,既有专家主导型清单编制流程,
SRC-PWR-000354,POWER,CO,calculated,expert_excel_workbook,,,,,既有专家主导型工作簿,,43.13491,43.13491,既有专家主导型清单编制流程,
SRC-PWR-000354,POWER,VOC,calculated,expert_excel_workbook,,,,,既有专家主导型工作簿,,0.995421,0.012940473000000011,既有专家主导型清单编制流程,
SRC-PWR-000354,POWER,PM10,calculated,expert_excel_workbook,,,,,既有专家主导型工作簿,,0.995421,0.029862630000000025,既有专家主导型清单编制流程,
SRC-PWR-000354,POWER,PM2.5,calculated,expert_excel_workbook,,,,,既有专家主导型工作簿,,0.0,0.0,既有专家主导型清单编制流程,
SRC-PWR-000354,POWER,BC,calculated,expert_excel_workbook,,,,,既有专家主导型工作簿,,0.0,0.0,既有专家主导型清单编制流程,
SRC-PWR-000354,POWER,OC,calculated,expert_excel_workbook,,,,,既有专家主导型工作簿,,0.663614,0.663614,既有专家主导型清单编制流程,
SRC-PWR-000354,POWER,NH3,calculated,expert_excel_workbook,,,,,既有专家主导型工作簿,,0.0,0.0,既有专家主导型清单编制流程,
SRC-PWR-000355,POWER,SO2,calculated,expert_excel_workbook,,,,,既有专家主导型工作簿,,1268.74275645,8.881199295150006,既有专家主导型清单编制流程,
SRC-PWR-000355,POWER,NOx,calculated,expert_excel_workbook,,,,,既有专家主导型工作簿,,1173.1615168,351.94845504000006,既有专家主导型清单编制流程,
SRC-PWR-000355,POWER,CO,calculated,expert_excel_workbook,,,,,既有专家主导型工作簿,,261.86641000000003,261.86641000000003,既有专家主导型清单编制流程,
SRC-PWR-000355,POWER,VOC,calculated,expert_excel_workbook,,,,,既有专家主导型工作簿,,3229.9336235348005,6.459867247069607,既有专家主导型清单编制流程,
SRC-PWR-000355,POWER,PM10,calculated,expert_excel_workbook,,,,,既有专家主导型工作簿,,779.6391505084002,3.1185566020336037,既有专家主导型清单编制流程,
SRC-PWR-000355,POWER,PM2.5,calculated,expert_excel_workbook,,,,,既有专家主导型工作簿,,1.5592783010168005,0.0062371132040672074,既有专家主导型清单编制流程,
SRC-PWR-000355,POWER,BC,calculated,expert_excel_workbook,,,,,既有专家主导型工作簿,,0.0,0.0,既有专家主导型清单编制流程,
SRC-PWR-000355,POWER,OC,calculated,expert_excel_workbook,,,,,既有专家主导型工作簿,,5.2373282,5.2373282,既有专家主导型清单编制流程,
SRC-PWR-000355,POWER,NH3,calculated,expert_excel_workbook,,,,,既有专家主导型工作簿,,0.0,0.0,既有专家主导型清单编制流程,
SRC-PWR-000356,POWER,SO2,calculated,expert_excel_workbook,,,,,既有专家主导型工作簿,,1268.74275645,8.881199295150006,既有专家主导型清单编制流程,
SRC-PWR-000356,POWER,NOx,calculated,expert_excel_workbook,,,,,既有专家主导型工作簿,,1173.1615168,351.94845504000006,既有专家主导型清单编制流程,
SRC-PWR-000356,POWER,CO,calculated,expert_excel_workbook,,,,,既有专家主导型工作簿,,261.86641000000003,261.86641000000003,既有专家主导型清单编制流程,
SRC-PWR-000356,POWER,VOC,calculated,expert_excel_workbook,,,,,既有专家主导型工作簿,,3229.9336235348005,6.459867247069607,既有专家主导型清单编制流程,
SRC-PWR-000356,POWER,PM10,calculated,expert_excel_workbook,,,,,既有专家主导型工作簿,,779.6391505084002,3.1185566020336037,既有专家主导型清单编制流程,
SRC-PWR-000356,POWER,PM2.5,calculated,expert_excel_workbook,,,,,既有专家主导型工作簿,,1.5592783010168005,0.0062371132040672074,既有专家主导型清单编制流程,
SRC-PWR-000356,POWER,BC,calculated,expert_excel_workbook,,,,,既有专家主导型工作簿,,0.0,0.0,既有专家主导型清单编制流程,
SRC-PWR-000356,POWER,OC,calculated,expert_excel_workbook,,,,,既有专家主导型工作簿,,5.2373282,5.2373282,既有专家主导型清单编制流程,
SRC-PWR-000356,POWER,NH3,calculated,expert_excel_workbook,,,,,既有专家主导型工作簿,,0.0,0.0,既有专家主导型清单编制流程,
SRC-PWR-000357,POWER,SO2,calculated,expert_excel_workbook,,,,,既有专家主导型工作簿,,1268.74275645,8.881199295150006,既有专家主导型清单编制流程,
SRC-PWR-000357,POWER,NOx,calculated,expert_excel_workbook,,,,,既有专家主导型工作簿,,1173.1615168,351.94845504000006,既有专家主导型清单编制流程,
SRC-PWR-000357,POWER,CO,calculated,expert_excel_workbook,,,,,既有专家主导型工作簿,,261.86641000000003,261.86641000000003,既有专家主导型清单编制流程,
SRC-PWR-000357,POWER,VOC,calculated,expert_excel_workbook,,,,,既有专家主导型工作簿,,3229.9336235348005,6.459867247069607,既有专家主导型清单编制流程,
SRC-PWR-000357,POWER,PM10,calculated,expert_excel_workbook,,,,,既有专家主导型工作簿,,779.6391505084002,3.1185566020336037,既有专家主导型清单编制流程,
SRC-PWR-000357,POWER,PM2.5,calculated,expert_excel_workbook,,,,,既有专家主导型工作簿,,1.5592783010168005,0.0062371132040672074,既有专家主导型清单编制流程,
SRC-PWR-000357,POWER,BC,calculated,expert_excel_workbook,,,,,既有专家主导型工作簿,,0.0,0.0,既有专家主导型清单编制流程,
SRC-PWR-000357,POWER,OC,calculated,expert_excel_workbook,,,,,既有专家主导型工作簿,,5.2373282,5.2373282,既有专家主导型清单编制流程,
SRC-PWR-000357,POWER,NH3,calculated,expert_excel_workbook,,,,,既有专家主导型工作簿,,0.0,0.0,既有专家主导型清单编制流程,
SRC-PWR-000358,POWER,SO2,calculated,expert_excel_workbook,,,,,既有专家主导型工作簿,,1268.74275645,8.881199295150006,既有专家主导型清单编制流程,
SRC-PWR-000358,POWER,NOx,calculated,expert_excel_workbook,,,,,既有专家主导型工作簿,,1173.1615168,351.94845504000006,既有专家主导型清单编制流程,
SRC-PWR-000358,POWER,CO,calculated,expert_excel_workbook,,,,,既有专家主导型工作簿,,261.86641000000003,261.86641000000003,既有专家主导型清单编制流程,
SRC-PWR-000358,POWER,VOC,calculated,expert_excel_workbook,,,,,既有专家主导型工作簿,,3229.9336235348005,6.459867247069607,既有专家主导型清单编制流程,
SRC-PWR-000358,POWER,PM10,calculated,expert_excel_workbook,,,,,既有专家主导型工作簿,,779.6391505084002,3.1185566020336037,既有专家主导型清单编制流程,
SRC-PWR-000358,POWER,PM2.5,calculated,expert_excel_workbook,,,,,既有专家主导型工作簿,,1.5592783010168005,0.0062371132040672074,既有专家主导型清单编制流程,
SRC-PWR-000358,POWER,BC,calculated,expert_excel_workbook,,,,,既有专家主导型工作簿,,0.0,0.0,既有专家主导型清单编制流程,
SRC-PWR-000358,POWER,OC,calculated,expert_excel_workbook,,,,,既有专家主导型工作簿,,5.2373282,5.2373282,既有专家主导型清单编制流程,
SRC-PWR-000358,POWER,NH3,calculated,expert_excel_workbook,,,,,既有专家主导型工作簿,,0.0,0.0,既有专家主导型清单编制流程,
SRC-PWR-000359,POWER,SO2,calculated,expert_excel_workbook,,,,,既有专家主导型工作簿,,286.1932048,18.05879122288001,既有专家主导型清单编制流程,
SRC-PWR-000359,POWER,NOx,calculated,expert_excel_workbook,,,,,既有专家主导型工作簿,,520.1401856,130.0350464,既有专家主导型清单编制流程,
SRC-PWR-000359,POWER,CO,calculated,expert_excel_workbook,,,,,既有专家主导型工作簿,,464.41088,464.41088,既有专家主导型清单编制流程,
SRC-PWR-000359,POWER,VOC,calculated,expert_excel_workbook,,,,,既有专家主导型工作簿,,181.60787462400006,0.36321574924800043,既有专家主导型清单编制流程,
SRC-PWR-000359,POWER,PM10,calculated,expert_excel_workbook,,,,,既有专家主导型工作簿,,55.032689280000014,0.22013075712000024,既有专家主导型清单编制流程,
SRC-PWR-000359,POWER,PM2.5,calculated,expert_excel_workbook,,,,,既有专家主导型工作簿,,0.11006537856000002,0.00044026151424000047,既有专家主导型清单编制流程,
SRC-PWR-000359,POWER,BC,calculated,expert_excel_workbook,,,,,既有专家主导型工作簿,,0.0,0.0,既有专家主导型清单编制流程,
SRC-PWR-000359,POWER,OC,calculated,expert_excel_workbook,,,,,既有专家主导型工作簿,,2.3220544,2.3220544,既有专家主导型清单编制流程,
SRC-PWR-000359,POWER,NH3,calculated,expert_excel_workbook,,,,,既有专家主导型工作簿,,0.0,0.0,既有专家主导型清单编制流程,
SRC-PWR-000360,POWER,SO2,calculated,expert_excel_workbook,,,,,既有专家主导型工作簿,,2635.35734,27.93478780400014,既有专家主导型清单编制流程,
SRC-PWR-000360,POWER,NOx,calculated,expert_excel_workbook,,,,,既有专家主导型工作簿,,1803.8809600000002,246.22975104000014,既有专家主导型清单编制流程,
SRC-PWR-000360,POWER,CO,calculated,expert_excel_workbook,,,,,既有专家主导型工作簿,,402.652,402.652,既有专家主导型清单编制流程,
SRC-PWR-000360,POWER,VOC,calculated,expert_excel_workbook,,,,,既有专家主导型工作簿,,7379.8561875000005,44.279137124999224,既有专家主导型清单编制流程,
SRC-PWR-000360,POWER,PM10,calculated,expert_excel_workbook,,,,,既有专家主导型工作簿,,1925.179875,32.72805787500003,既有专家主导型清单编制流程,
SRC-PWR-000360,POWER,PM2.5,calculated,expert_excel_workbook,,,,,既有专家主导型工作簿,,3.85035975,0.06545611575000006,既有专家主导型清单编制流程,
SRC-PWR-000360,POWER,BC,calculated,expert_excel_workbook,,,,,既有专家主导型工作簿,,0.0,0.0,既有专家主导型清单编制流程,
SRC-PWR-000360,POWER,OC,calculated,expert_excel_workbook,,,,,既有专家主导型工作簿,,8.05304,8.05304,既有专家主导型清单编制流程,
SRC-PWR-000360,POWER,NH3,calculated,expert_excel_workbook,,,,,既有专家主导型工作簿,,0.0,0.0,既有专家主导型清单编制流程,
SRC-PWR-000361,POWER,SO2,calculated,expert_excel_workbook,,,,,既有专家主导型工作簿,,6883.075430000001,105.31105407899987,既有专家主导型清单编制流程,
SRC-PWR-000361,POWER,NOx,calculated,expert_excel_workbook,,,,,既有专家主导型工作簿,,4306.52313,853.5528843659996,既有专家主导型清单编制流程,
SRC-PWR-000361,POWER,CO,calculated,expert_excel_workbook,,,,,既有专家主导型工作簿,,1051.654,1051.654,既有专家主导型清单编制流程,
SRC-PWR-000361,POWER,VOC,calculated,expert_excel_workbook,,,,,既有专家主导型工作簿,,19274.84596875,115.64907581249795,既有专家主导型清单编制流程,
SRC-PWR-000361,POWER,PM10,calculated,expert_excel_workbook,,,,,既有专家主导型工作簿,,5028.2206875,85.47975168750008,既有专家主导型清单编制流程,
SRC-PWR-000361,POWER,PM2.5,calculated,expert_excel_workbook,,,,,既有专家主导型工作簿,,10.056441375,0.17095950337500015,既有专家主导型清单编制流程,
SRC-PWR-000361,POWER,BC,calculated,expert_excel_workbook,,,,,既有专家主导型工作簿,,0.0,0.0,既有专家主导型清单编制流程,
SRC-PWR-000361,POWER,OC,calculated,expert_excel_workbook,,,,,既有专家主导型工作簿,,21.03308,21.03308,既有专家主导型清单编制流程,
SRC-PWR-000361,POWER,NH3,calculated,expert_excel_workbook,,,,,既有专家主导型工作簿,,0.0,0.0,既有专家主导型清单编制流程,
SRC-PWR-000362,POWER,SO2,calculated,expert_excel_workbook,,,,,既有专家主导型工作簿,,2087.76424125,21.71274810900016,既有专家主导型清单编制流程,
SRC-PWR-000362,POWER,NOx,calculated,expert_excel_workbook,,,,,既有专家主导型工作簿,,1467.1660864,200.2681707936001,既有专家主导型清单编制流程,
SRC-PWR-000362,POWER,CO,calculated,expert_excel_workbook,,,,,既有专家主导型工作簿,,327.49243,327.49243,既有专家主导型清单编制流程,
SRC-PWR-000362,POWER,VOC,calculated,expert_excel_workbook,,,,,既有专家主导型工作簿,,6767.762062922,40.606572377531286,既有专家主导型清单编制流程,
SRC-PWR-000362,POWER,PM10,calculated,expert_excel_workbook,,,,,既有专家主导型工作簿,,1633.5977393260002,27.771161568542027,既有专家主导型清单编制流程,
SRC-PWR-000362,POWER,PM2.5,calculated,expert_excel_workbook,,,,,既有专家主导型工作簿,,3.2671954786520003,0.05554232313708406,既有专家主导型清单编制流程,
SRC-PWR-000362,POWER,BC,calculated,expert_excel_workbook,,,,,既有专家主导型工作簿,,0.0,0.0,既有专家主导型清单编制流程,
SRC-PWR-000362,POWER,OC,calculated,expert_excel_workbook,,,,,既有专家主导型工作簿,,6.549848600000001,6.549848600000001,既有专家主导型清单编制流程,
SRC-PWR-000362,POWER,NH3,calculated,expert_excel_workbook,,,,,既有专家主导型工作簿,,0.0,0.0,既有专家主导型清单编制流程,
SRC-PWR-000363,POWER,SO2,calculated,expert_excel_workbook,,,,,既有专家主导型工作簿,,2087.76424125,21.71274810900016,既有专家主导型清单编制流程,
SRC-PWR-000363,POWER,NOx,calculated,expert_excel_workbook,,,,,既有专家主导型工作簿,,1467.1660864,200.2681707936001,既有专家主导型清单编制流程,
SRC-PWR-000363,POWER,CO,calculated,expert_excel_workbook,,,,,既有专家主导型工作簿,,327.49243,327.49243,既有专家主导型清单编制流程,
SRC-PWR-000363,POWER,VOC,calculated,expert_excel_workbook,,,,,既有专家主导型工作簿,,6767.762062922,40.606572377531286,既有专家主导型清单编制流程,
SRC-PWR-000363,POWER,PM10,calculated,expert_excel_workbook,,,,,既有专家主导型工作簿,,1633.5977393260002,27.771161568542027,既有专家主导型清单编制流程,
SRC-PWR-000363,POWER,PM2.5,calculated,expert_excel_workbook,,,,,既有专家主导型工作簿,,3.2671954786520003,0.05554232313708406,既有专家主导型清单编制流程,
SRC-PWR-000363,POWER,BC,calculated,expert_excel_workbook,,,,,既有专家主导型工作簿,,0.0,0.0,既有专家主导型清单编制流程,
SRC-PWR-000363,POWER,OC,calculated,expert_excel_workbook,,,,,既有专家主导型工作簿,,6.549848600000001,6.549848600000001,既有专家主导型清单编制流程,
SRC-PWR-000363,POWER,NH3,calculated,expert_excel_workbook,,,,,既有专家主导型工作簿,,0.0,0.0,既有专家主导型清单编制流程,
SRC-PWR-000364,POWER,SO2,calculated,expert_excel_workbook,,,,,既有专家主导型工作簿,,3541.6446374999996,36.83310423000027,既有专家主导型清单编制流程,
SRC-PWR-000364,POWER,NOx,calculated,expert_excel_workbook,,,,,既有专家主导型工作簿,,2488.8734080000004,339.7312201920002,既有专家主导型清单编制流程,
SRC-PWR-000364,POWER,CO,calculated,expert_excel_workbook,,,,,既有专家主导型工作簿,,555.5521,555.5521,既有专家主导型清单编制流程,
SRC-PWR-000364,POWER,VOC,calculated,expert_excel_workbook,,,,,既有专家主导型工作簿,,11480.706367339999,68.88423820403878,既有专家主导型清单编制流程,
SRC-PWR-000364,POWER,PM10,calculated,expert_excel_workbook,,,,,既有专家主导型工作簿,,2771.2049852200003,47.11048474874005,既有专家主导型清单编制流程,
SRC-PWR-000364,POWER,PM2.5,calculated,expert_excel_workbook,,,,,既有专家主导型工作簿,,5.5424099704400005,0.09422096949748009,既有专家主导型清单编制流程,
SRC-PWR-000364,POWER,BC,calculated,expert_excel_workbook,,,,,既有专家主导型工作簿,,0.0,0.0,既有专家主导型清单编制流程,
SRC-PWR-000364,POWER,OC,calculated,expert_excel_workbook,,,,,既有专家主导型工作簿,,11.111042,11.111042,既有专家主导型清单编制流程,
SRC-PWR-000364,POWER,NH3,calculated,expert_excel_workbook,,,,,既有专家主导型工作簿,,0.0,0.0,既有专家主导型清单编制流程,
SRC-PWR-000365,POWER,SO2,calculated,expert_excel_workbook,,,,,既有专家主导型工作簿,,3895.1309924999996,26.876403848250064,既有专家主导型清单编制流程,
SRC-PWR-000365,POWER,NOx,calculated,expert_excel_workbook,,,,,既有专家主导型工作簿,,2737.2842112,373.63929482880013,既有专家主导型清单编制流程,
SRC-PWR-000365,POWER,CO,calculated,expert_excel_workbook,,,,,既有专家主导型工作簿,,611.0009399999999,611.0009399999999,既有专家主导型清单编制流程,
SRC-PWR-000365,POWER,VOC,calculated,expert_excel_workbook,,,,,既有专家主导型工作簿,,12626.578825476,75.75947295285467,既有专家主导型清单编制流程,
SRC-PWR-000365,POWER,PM10,calculated,expert_excel_workbook,,,,,既有专家主导型工作簿,,3047.7948889080003,51.812513111436054,既有专家主导型清单编制流程,
SRC-PWR-000365,POWER,PM2.5,calculated,expert_excel_workbook,,,,,既有专家主导型工作簿,,6.095589777816,0.1036250262228721,既有专家主导型清单编制流程,
SRC-PWR-000365,POWER,BC,calculated,expert_excel_workbook,,,,,既有专家主导型工作簿,,0.0,0.0,既有专家主导型清单编制流程,
SRC-PWR-000365,POWER,OC,calculated,expert_excel_workbook,,,,,既有专家主导型工作簿,,12.2200188,12.2200188,既有专家主导型清单编制流程,
SRC-PWR-000365,POWER,NH3,calculated,expert_excel_workbook,,,,,既有专家主导型工作簿,,0.0,0.0,既有专家主导型清单编制流程,
SRC-PWR-000366,POWER,SO2,calculated,expert_excel_workbook,,,,,既有专家主导型工作簿,,4088.5804949999997,38.43265665299985,既有专家主导型清单编制流程,
SRC-PWR-000366,POWER,NOx,calculated,expert_excel_workbook,,,,,既有专家主导型工作簿,,2873.2299008,392.19588145920017,既有专家主导型清单编制流程,
SRC-PWR-000366,POWER,CO,calculated,expert_excel_workbook,,,,,既有专家主导型工作簿,,641.34596,641.34596,既有专家主导型清单编制流程,
SRC-PWR-000366,POWER,VOC,calculated,expert_excel_workbook,,,,,既有专家主导型工作簿,,13253.670801784,79.52202481070259,既有专家主导型清单编制流程,
SRC-PWR-000366,POWER,PM10,calculated,expert_excel_workbook,,,,,既有专家主导型工作簿,,3199.1619176720005,54.385752600424055,既有专家主导型清单编制流程,
SRC-PWR-000366,POWER,PM2.5,calculated,expert_excel_workbook,,,,,既有专家主导型工作簿,,6.3983238353440015,0.10877150520084812,既有专家主导型清单编制流程,
SRC-PWR-000366,POWER,BC,calculated,expert_excel_workbook,,,,,既有专家主导型工作簿,,0.0,0.0,既有专家主导型清单编制流程,
SRC-PWR-000366,POWER,OC,calculated,expert_excel_workbook,,,,,既有专家主导型工作簿,,12.8269192,12.8269192,既有专家主导型清单编制流程,
SRC-PWR-000366,POWER,NH3,calculated,expert_excel_workbook,,,,,既有专家主导型工作簿,,0.0,0.0,既有专家主导型清单编制流程,
SRC-PWR-000367,POWER,SO2,calculated,expert_excel_workbook,,,,,既有专家主导型工作簿,,1355.75935,22.50560520999993,既有专家主导型清单编制流程,
SRC-PWR-000367,POWER,NOx,calculated,expert_excel_workbook,,,,,既有专家主导型工作簿,,1299.2089600000002,392.23118502399996,既有专家主导型清单编制流程,
SRC-PWR-000367,POWER,CO,calculated,expert_excel_workbook,,,,,既有专家主导型工作簿,,290.002,290.002,既有专家主导型清单编制流程,
SRC-PWR-000367,POWER,VOC,calculated,expert_excel_workbook,,,,,既有专家主导型工作簿,,6301.4882582400005,37.808929549439334,既有专家主导型清单编制流程,
SRC-PWR-000367,POWER,PM10,calculated,expert_excel_workbook,,,,,既有专家主导型工作簿,,1521.0488899200002,25.857831128640026,既有专家主导型清单编制流程,
SRC-PWR-000367,POWER,PM2.5,calculated,expert_excel_workbook,,,,,既有专家主导型工作簿,,3.0420977798400006,0.051715662257280054,既有专家主导型清单编制流程,
SRC-PWR-000367,POWER,BC,calculated,expert_excel_workbook,,,,,既有专家主导型工作簿,,0.0,0.0,既有专家主导型清单编制流程,
SRC-PWR-000367,POWER,OC,calculated,expert_excel_workbook,,,,,既有专家主导型工作簿,,5.80004,5.80004,既有专家主导型清单编制流程,
SRC-PWR-000367,POWER,NH3,calculated,expert_excel_workbook,,,,,既有专家主导型工作簿,,0.0,0.0,既有专家主导型清单编制流程,
SRC-PWR-000368,POWER,SO2,calculated,expert_excel_workbook,,,,,既有专家主导型工作簿,,1751.4046,47.11278373999987,既有专家主导型清单编制流程,
SRC-PWR-000368,POWER,NOx,calculated,expert_excel_workbook,,,,,既有专家主导型工作簿,,1678.35136,502.3305620480002,既有专家主导型清单编制流程,
SRC-PWR-000368,POWER,CO,calculated,expert_excel_workbook,,,,,既有专家主导型工作簿,,374.632,374.632,既有专家主导型清单编制流程,
SRC-PWR-000368,POWER,VOC,calculated,expert_excel_workbook,,,,,既有专家主导型工作簿,,8094.79350624,48.568761037439145,既有专家主导型清单编制流程,
SRC-PWR-000368,POWER,PM10,calculated,expert_excel_workbook,,,,,既有专家主导型工作簿,,1953.9156739200005,33.21656645664004,既有专家主导型清单编制流程,
SRC-PWR-000368,POWER,PM2.5,calculated,expert_excel_workbook,,,,,既有专家主导型工作簿,,3.907831347840001,0.06643313291328008,既有专家主导型清单编制流程,
SRC-PWR-000368,POWER,BC,calculated,expert_excel_workbook,,,,,既有专家主导型工作簿,,0.0,0.0,既有专家主导型清单编制流程,
SRC-PWR-000368,POWER,OC,calculated,expert_excel_workbook,,,,,既有专家主导型工作簿,,7.492640000000001,7.492640000000001,既有专家主导型清单编制流程,
SRC-PWR-000368,POWER,NH3,calculated,expert_excel_workbook,,,,,既有专家主导型工作簿,,0.0,0.0,既有专家主导型清单编制流程,
SRC-PWR-000369,POWER,SO2,calculated,expert_excel_workbook,,,,,既有专家主导型工作簿,,0.000502656,0.000502656,既有专家主导型清单编制流程,
SRC-PWR-000369,POWER,NOx,calculated,expert_excel_workbook,,,,,既有专家主导型工作簿,,2.0204799999999996,1.1718784,既有专家主导型清单编制流程,
SRC-PWR-000369,POWER,CO,calculated,expert_excel_workbook,,,,,既有专家主导型工作簿,,0.6406400000000001,0.6406400000000001,既有专家主导型清单编制流程,
SRC-PWR-000369,POWER,VOC,calculated,expert_excel_workbook,,,,,既有专家主导型工作簿,,0.014784,0.014784,既有专家主导型清单编制流程,
SRC-PWR-000369,POWER,PM10,calculated,expert_excel_workbook,,,,,既有专家主导型工作簿,,0.014784,0.014784,既有专家主导型清单编制流程,
SRC-PWR-000369,POWER,PM2.5,calculated,expert_excel_workbook,,,,,既有专家主导型工作簿,,0.0,0.0,既有专家主导型清单编制流程,
SRC-PWR-000369,POWER,BC,calculated,expert_excel_workbook,,,,,既有专家主导型工作簿,,0.0,0.0,既有专家主导型清单编制流程,
SRC-PWR-000369,POWER,OC,calculated,expert_excel_workbook,,,,,既有专家主导型工作簿,,0.009856,0.009856,既有专家主导型清单编制流程,
SRC-PWR-000369,POWER,NH3,calculated,expert_excel_workbook,,,,,既有专家主导型工作簿,,0.0,0.0,既有专家主导型清单编制流程,
SRC-PWR-000370,POWER,SO2,calculated,expert_excel_workbook,,,,,既有专家主导型工作簿,,189.968625,14.874543337500008,既有专家主导型清单编制流程,
SRC-PWR-000370,POWER,NOx,calculated,expert_excel_workbook,,,,,既有专家主导型工作簿,,433.44000000000005,161.23968000000002,既有专家主导型清单编制流程,
SRC-PWR-000370,POWER,CO,calculated,expert_excel_workbook,,,,,既有专家主导型工作簿,,96.75,96.75,既有专家主导型清单编制流程,
SRC-PWR-000370,POWER,VOC,calculated,expert_excel_workbook,,,,,既有专家主导型工作簿,,3036.3826500000005,6.072765300000007,既有专家主导型清单编制流程,
SRC-PWR-000370,POWER,PM10,calculated,expert_excel_workbook,,,,,既有专家主导型工作簿,,732.9199500000001,2.931679800000003,既有专家主导型清单编制流程,
SRC-PWR-000370,POWER,PM2.5,calculated,expert_excel_workbook,,,,,既有专家主导型工作簿,,1.4658399000000002,0.005863359600000006,既有专家主导型清单编制流程,
SRC-PWR-000370,POWER,BC,calculated,expert_excel_workbook,,,,,既有专家主导型工作簿,,0.0,0.0,既有专家主导型清单编制流程,
SRC-PWR-000370,POWER,OC,calculated,expert_excel_workbook,,,,,既有专家主导型工作簿,,1.935,1.935,既有专家主导型清单编制流程,
SRC-PWR-000370,POWER,NH3,calculated,expert_excel_workbook,,,,,既有专家主导型工作簿,,0.0,0.0,既有专家主导型清单编制流程,
SRC-PWR-000371,POWER,SO2,calculated,expert_excel_workbook,,,,,既有专家主导型工作簿,,158.639019,11.850334719299997,既有专家主导型清单编制流程,
SRC-PWR-000371,POWER,NOx,calculated,expert_excel_workbook,,,,,既有专家主导型工作簿,,361.95712000000003,132.222935936,既有专家主导型清单编制流程,
SRC-PWR-000371,POWER,CO,calculated,expert_excel_workbook,,,,,既有专家主导型工作簿,,80.794,80.794,既有专家主导型清单编制流程,
SRC-PWR-000371,POWER,VOC,calculated,expert_excel_workbook,,,,,既有专家主导型工作簿,,2535.6227372000003,5.071245474400005,既有专家主导型清单编制流程,
SRC-PWR-000371,POWER,PM10,calculated,expert_excel_workbook,,,,,既有专家主导型工作簿,,612.0468676000002,2.448187470400003,既有专家主导型清单编制流程,
SRC-PWR-000371,POWER,PM2.5,calculated,expert_excel_workbook,,,,,既有专家主导型工作簿,,1.2240937352000003,0.004896374940800006,既有专家主导型清单编制流程,
SRC-PWR-000371,POWER,BC,calculated,expert_excel_workbook,,,,,既有专家主导型工作簿,,0.0,0.0,既有专家主导型清单编制流程,
SRC-PWR-000371,POWER,OC,calculated,expert_excel_workbook,,,,,既有专家主导型工作簿,,1.6158800000000002,1.6158800000000002,既有专家主导型清单编制流程,
SRC-PWR-000371,POWER,NH3,calculated,expert_excel_workbook,,,,,既有专家主导型工作簿,,0.0,0.0,既有专家主导型清单编制流程,
SRC-PWR-000372,POWER,SO2,calculated,expert_excel_workbook,,,,,既有专家主导型工作簿,,471.263562,35.20338808139999,既有专家主导型清单编制流程,
SRC-PWR-000372,POWER,NOx,calculated,expert_excel_workbook,,,,,既有专家主导型工作簿,,1075.25376,402.359956992,既有专家主导型清单编制流程,
SRC-PWR-000372,POWER,CO,calculated,expert_excel_workbook,,,,,既有专家主导型工作簿,,240.012,240.012,既有专家主导型清单编制流程,
SRC-PWR-000372,POWER,VOC,calculated,expert_excel_workbook,,,,,既有专家主导型工作簿,,7532.4886056000005,15.064977211200015,既有专家主导型清单编制流程,
SRC-PWR-000372,POWER,PM10,calculated,expert_excel_workbook,,,,,既有专家主导型工作簿,,1818.1869048000003,7.272747619200008,既有专家主导型清单编制流程,
SRC-PWR-000372,POWER,PM2.5,calculated,expert_excel_workbook,,,,,既有专家主导型工作簿,,3.6363738096000007,0.014545495238400015,既有专家主导型清单编制流程,
SRC-PWR-000372,POWER,BC,calculated,expert_excel_workbook,,,,,既有专家主导型工作簿,,0.0,0.0,既有专家主导型清单编制流程,
SRC-PWR-000372,POWER,OC,calculated,expert_excel_workbook,,,,,既有专家主导型工作簿,,4.80024,4.80024,既有专家主导型清单编制流程,
SRC-PWR-000372,POWER,NH3,calculated,expert_excel_workbook,,,,,既有专家主导型工作簿,,0.0,0.0,既有专家主导型清单编制流程,
SRC-PWR-000373,POWER,SO2,calculated,expert_excel_workbook,,,,,既有专家主导型工作簿,,669.7105799999999,50.83103302200005,既有专家主导型清单编制流程,
SRC-PWR-000373,POWER,NOx,calculated,expert_excel_workbook,,,,,既有专家主导型工作簿,,1528.0384000000001,568.88869632,既有专家主导型清单编制流程,
SRC-PWR-000373,POWER,CO,calculated,expert_excel_workbook,,,,,既有专家主导型工作簿,,341.08,341.08,既有专家主导型清单编制流程,
SRC-PWR-000373,POWER,VOC,calculated,expert_excel_workbook,,,,,既有专家主导型工作簿,,10704.386504000002,21.408773008000022,既有专家主导型清单编制流程,
SRC-PWR-000373,POWER,PM10,calculated,expert_excel_workbook,,,,,既有专家主导型工作簿,,2583.8174320000003,10.33526972800001,既有专家主导型清单编制流程,
SRC-PWR-000373,POWER,PM2.5,calculated,expert_excel_workbook,,,,,既有专家主导型工作簿,,5.167634864000001,0.02067053945600002,既有专家主导型清单编制流程,
SRC-PWR-000373,POWER,BC,calculated,expert_excel_workbook,,,,,既有专家主导型工作簿,,0.0,0.0,既有专家主导型清单编制流程,
SRC-PWR-000373,POWER,OC,calculated,expert_excel_workbook,,,,,既有专家主导型工作簿,,6.8216,6.8216,既有专家主导型清单编制流程,
SRC-PWR-000373,POWER,NH3,calculated,expert_excel_workbook,,,,,既有专家主导型工作簿,,0.0,0.0,既有专家主导型清单编制流程,
SRC-PWR-000374,POWER,SO2,calculated,expert_excel_workbook,,,,,既有专家主导型工作簿,,61.18083215999999,1.284797475359994,既有专家主导型清单编制流程,
SRC-PWR-000374,POWER,NOx,calculated,expert_excel_workbook,,,,,既有专家主导型工作簿,,268.71581184,69.32867945472,既有专家主导型清单编制流程,
SRC-PWR-000374,POWER,CO,calculated,expert_excel_workbook,,,,,既有专家主导型工作簿,,59.981207999999995,59.981207999999995,既有专家主导型清单编制流程,
SRC-PWR-000374,POWER,VOC,calculated,expert_excel_workbook,,,,,既有专家主导型工作簿,,314.14557877920004,1.884873472675167,既有专家主导型清单编制流程,
SRC-PWR-000374,POWER,PM10,calculated,expert_excel_workbook,,,,,既有专家主导型工作簿,,75.82824315360001,1.2890801336112014,既有专家主导型清单编制流程,
SRC-PWR-000374,POWER,PM2.5,calculated,expert_excel_workbook,,,,,既有专家主导型工作簿,,0.15165648630720002,0.0025781602672224025,既有专家主导型清单编制流程,
SRC-PWR-000374,POWER,BC,calculated,expert_excel_workbook,,,,,既有专家主导型工作簿,,0.0,0.0,既有专家主导型清单编制流程,
SRC-PWR-000374,POWER,OC,calculated,expert_excel_workbook,,,,,既有专家主导型工作簿,,1.1996241600000002,1.1996241600000002,既有专家主导型清单编制流程,
SRC-PWR-000374,POWER,NH3,calculated,expert_excel_workbook,,,,,既有专家主导型工作簿,,0.0,0.0,既有专家主导型清单编制流程,
SRC-PWR-000375,POWER,SO2,calculated,expert_excel_workbook,,,,,既有专家主导型工作簿,,175.30788959999998,3.6814656815999833,既有专家主导型清单编制流程,
SRC-PWR-000375,POWER,NOx,calculated,expert_excel_workbook,,,,,既有专家主导型工作簿,,769.9797504000002,198.65477560320005,既有专家主导型清单编制流程,
SRC-PWR-000375,POWER,CO,calculated,expert_excel_workbook,,,,,既有专家主导型工作簿,,171.87048000000001,171.87048000000001,既有专家主导型清单编制流程,
SRC-PWR-000375,POWER,VOC,calculated,expert_excel_workbook,,,,,既有专家主导型工作簿,,900.1544519520002,5.4009267117119055,既有专家主导型清单编制流程,
SRC-PWR-000375,POWER,PM10,calculated,expert_excel_workbook,,,,,既有专家主导型工作簿,,217.27866081600007,3.6937372338720045,既有专家主导型清单编制流程,
SRC-PWR-000375,POWER,PM2.5,calculated,expert_excel_workbook,,,,,既有专家主导型工作簿,,0.43455732163200017,0.007387474467744009,既有专家主导型清单编制流程,
SRC-PWR-000375,POWER,BC,calculated,expert_excel_workbook,,,,,既有专家主导型工作簿,,0.0,0.0,既有专家主导型清单编制流程,
SRC-PWR-000375,POWER,OC,calculated,expert_excel_workbook,,,,,既有专家主导型工作簿,,3.4374096000000005,3.4374096000000005,既有专家主导型清单编制流程,
SRC-PWR-000375,POWER,NH3,calculated,expert_excel_workbook,,,,,既有专家主导型工作簿,,0.0,0.0,既有专家主导型清单编制流程,
SRC-PWR-000376,POWER,SO2,calculated,expert_excel_workbook,,,,,既有专家主导型工作簿,,150.53239559999997,3.1611803075999854,既有专家主导型清单编制流程,
SRC-PWR-000376,POWER,NOx,calculated,expert_excel_workbook,,,,,既有专家主导型工作簿,,661.1618944,170.5797687552,既有专家主导型清单编制流程,
SRC-PWR-000376,POWER,CO,calculated,expert_excel_workbook,,,,,既有专家主导型工作簿,,147.58078,147.58078,既有专家主导型清单编制流程,
SRC-PWR-000376,POWER,VOC,calculated,expert_excel_workbook,,,,,既有专家主导型工作簿,,772.9395771720001,4.637637463031919,既有专家主导型清单编制流程,
SRC-PWR-000376,POWER,PM10,calculated,expert_excel_workbook,,,,,既有专家主导型工作簿,,186.57162207600004,3.1717175752920035,既有专家主导型清单编制流程,
SRC-PWR-000376,POWER,PM2.5,calculated,expert_excel_workbook,,,,,既有专家主导型工作簿,,0.37314324415200006,0.006343435150584007,既有专家主导型清单编制流程,
SRC-PWR-000376,POWER,BC,calculated,expert_excel_workbook,,,,,既有专家主导型工作簿,,0.0,0.0,既有专家主导型清单编制流程,
SRC-PWR-000376,POWER,OC,calculated,expert_excel_workbook,,,,,既有专家主导型工作簿,,2.9516156000000002,2.9516156000000002,既有专家主导型清单编制流程,
SRC-PWR-000376,POWER,NH3,calculated,expert_excel_workbook,,,,,既有专家主导型工作簿,,0.0,0.0,既有专家主导型清单编制流程,
SRC-PWR-000377,POWER,SO2,calculated,expert_excel_workbook,,,,,既有专家主导型工作簿,,3751.2009599999997,82.1513010240001,既有专家主导型清单编制流程,
SRC-PWR-000377,POWER,NOx,calculated,expert_excel_workbook,,,,,既有专家主导型工作簿,,3764.99214,941.248035,既有专家主导型清单编制流程,
SRC-PWR-000377,POWER,CO,calculated,expert_excel_workbook,,,,,既有专家主导型工作簿,,919.412,919.412,既有专家主导型清单编制流程,
SRC-PWR-000377,POWER,VOC,calculated,expert_excel_workbook,,,,,既有专家主导型工作簿,,19671.9230344,216.391153378398,既有专家主导型清单编制流程,
SRC-PWR-000377,POWER,PM10,calculated,expert_excel_workbook,,,,,既有专家主导型工作簿,,4748.395215200001,142.45185645600017,既有专家主导型清单编制流程,
SRC-PWR-000377,POWER,PM2.5,calculated,expert_excel_workbook,,,,,既有专家主导型工作簿,,9.496790430400003,0.28490371291200034,既有专家主导型清单编制流程,
SRC-PWR-000377,POWER,BC,calculated,expert_excel_workbook,,,,,既有专家主导型工作簿,,0.0,0.0,既有专家主导型清单编制流程,
SRC-PWR-000377,POWER,OC,calculated,expert_excel_workbook,,,,,既有专家主导型工作簿,,18.388240000000003,18.388240000000003,既有专家主导型清单编制流程,
SRC-PWR-000377,POWER,NH3,calculated,expert_excel_workbook,,,,,既有专家主导型工作簿,,0.0,0.0,既有专家主导型清单编制流程,
SRC-PWR-000378,POWER,SO2,calculated,expert_excel_workbook,,,,,既有专家主导型工作簿,,174.81983999999997,3.8285544960000046,既有专家主导型清单编制流程,
SRC-PWR-000378,POWER,NOx,calculated,expert_excel_workbook,,,,,既有专家主导型工作簿,,175.46256,43.86564,既有专家主导型清单编制流程,
SRC-PWR-000378,POWER,CO,calculated,expert_excel_workbook,,,,,既有专家主导型工作簿,,42.848,42.848,既有专家主导型清单编制流程,
SRC-PWR-000378,POWER,VOC,calculated,expert_excel_workbook,,,,,既有专家主导型工作簿,,916.7843776,10.084628153599906,既有专家主导型清单编制流程,
SRC-PWR-000378,POWER,PM10,calculated,expert_excel_workbook,,,,,既有专家主导型工作簿,,221.29278080000003,6.638783424000007,既有专家主导型清单编制流程,
SRC-PWR-000378,POWER,PM2.5,calculated,expert_excel_workbook,,,,,既有专家主导型工作簿,,0.44258556160000007,0.013277566848000013,既有专家主导型清单编制流程,
SRC-PWR-000378,POWER,BC,calculated,expert_excel_workbook,,,,,既有专家主导型工作簿,,0.0,0.0,既有专家主导型清单编制流程,
SRC-PWR-000378,POWER,OC,calculated,expert_excel_workbook,,,,,既有专家主导型工作簿,,0.85696,0.85696,既有专家主导型清单编制流程,
SRC-PWR-000378,POWER,NH3,calculated,expert_excel_workbook,,,,,既有专家主导型工作簿,,0.0,0.0,既有专家主导型清单编制流程,
SRC-PWR-000379,POWER,SO2,calculated,expert_excel_workbook,,,,,既有专家主导型工作簿,,1023.3292799999998,22.41091123200003,既有专家主导型清单编制流程,
SRC-PWR-000379,POWER,NOx,calculated,expert_excel_workbook,,,,,既有专家主导型工作簿,,1123.65568,280.91392,既有专家主导型清单编制流程,
SRC-PWR-000379,POWER,CO,calculated,expert_excel_workbook,,,,,既有专家主导型工作簿,,250.816,250.816,既有专家主导型清单编制流程,
SRC-PWR-000379,POWER,VOC,calculated,expert_excel_workbook,,,,,既有专家主导型工作簿,,5366.5092992,59.031602291199455,既有专家主导型清单编制流程,
SRC-PWR-000379,POWER,PM10,calculated,expert_excel_workbook,,,,,既有专家主导型工作簿,,1295.3643136000003,38.86092940800004,既有专家主导型清单编制流程,
SRC-PWR-000379,POWER,PM2.5,calculated,expert_excel_workbook,,,,,既有专家主导型工作簿,,2.5907286272000007,0.07772185881600009,既有专家主导型清单编制流程,
SRC-PWR-000379,POWER,BC,calculated,expert_excel_workbook,,,,,既有专家主导型工作簿,,0.0,0.0,既有专家主导型清单编制流程,
SRC-PWR-000379,POWER,OC,calculated,expert_excel_workbook,,,,,既有专家主导型工作簿,,5.0163199999999994,5.0163199999999994,既有专家主导型清单编制流程,
SRC-PWR-000379,POWER,NH3,calculated,expert_excel_workbook,,,,,既有专家主导型工作簿,,0.0,0.0,既有专家主导型清单编制流程,
SRC-PWR-000380,POWER,SO2,calculated,expert_excel_workbook,,,,,既有专家主导型工作簿,,679.6806839,3.398403419500003,既有专家主导型清单编制流程,
SRC-PWR-000380,POWER,NOx,calculated,expert_excel_workbook,,,,,既有专家主导型工作簿,,490.72835840000005,245.36417920000002,既有专家主导型清单编制流程,
SRC-PWR-000380,POWER,CO,calculated,expert_excel_workbook,,,,,既有专家主导型工作簿,,109.53758,109.53758,既有专家主导型清单编制流程,
SRC-PWR-000380,POWER,VOC,calculated,expert_excel_workbook,,,,,既有专家主导型工作簿,,1810.9103245856,3.621820649171203,既有专家主导型清单编制流程,
SRC-PWR-000380,POWER,PM10,calculated,expert_excel_workbook,,,,,既有专家主导型工作簿,,437.11628524480005,1.7484651409792018,既有专家主导型清单编制流程,
SRC-PWR-000380,POWER,PM2.5,calculated,expert_excel_workbook,,,,,既有专家主导型工作簿,,0.8742325704896001,0.0034969302819584038,既有专家主导型清单编制流程,
SRC-PWR-000380,POWER,BC,calculated,expert_excel_workbook,,,,,既有专家主导型工作簿,,0.0,0.0,既有专家主导型清单编制流程,
SRC-PWR-000380,POWER,OC,calculated,expert_excel_workbook,,,,,既有专家主导型工作簿,,2.1907516,2.1907516,既有专家主导型清单编制流程,
SRC-PWR-000380,POWER,NH3,calculated,expert_excel_workbook,,,,,既有专家主导型工作簿,,0.0,0.0,既有专家主导型清单编制流程,
SRC-PWR-000381,POWER,SO2,calculated,expert_excel_workbook,,,,,既有专家主导型工作簿,,1143.4026718999999,5.7170133595000046,既有专家主导型清单编制流程,
SRC-PWR-000381,POWER,NOx,calculated,expert_excel_workbook,,,,,既有专家主导型工作簿,,825.5348864000001,412.76744320000006,既有专家主导型清单编制流程,
SRC-PWR-000381,POWER,CO,calculated,expert_excel_workbook,,,,,既有专家主导型工作簿,,184.27118,184.27118,既有专家主导型清单编制流程,
SRC-PWR-000381,POWER,VOC,calculated,expert_excel_workbook,,,,,既有专家主导型工作簿,,3046.4301145376,6.092860229075205,既有专家主导型清单编制流程,
SRC-PWR-000381,POWER,PM10,calculated,expert_excel_workbook,,,,,既有专家主导型工作簿,,735.3452000608,2.941380800243203,既有专家主导型清单编制流程,
SRC-PWR-000381,POWER,PM2.5,calculated,expert_excel_workbook,,,,,既有专家主导型工作簿,,1.4706904001216001,0.005882761600486406,既有专家主导型清单编制流程,
SRC-PWR-000381,POWER,BC,calculated,expert_excel_workbook,,,,,既有专家主导型工作簿,,0.0,0.0,既有专家主导型清单编制流程,
SRC-PWR-000381,POWER,OC,calculated,expert_excel_workbook,,,,,既有专家主导型工作簿,,3.6854236,3.6854236,既有专家主导型清单编制流程,
SRC-PWR-000381,POWER,NH3,calculated,expert_excel_workbook,,,,,既有专家主导型工作簿,,0.0,0.0,既有专家主导型清单编制流程,
SRC-PWR-000382,POWER,SO2,calculated,expert_excel_workbook,,,,,既有专家主导型工作簿,,0.03535856,0.00017679280000000013,既有专家主导型清单编制流程,
SRC-PWR-000382,POWER,NOx,calculated,expert_excel_workbook,,,,,既有专家主导型工作簿,,18.9256,9.4628,既有专家主导型清单编制流程,
SRC-PWR-000382,POWER,CO,calculated,expert_excel_workbook,,,,,既有专家主导型工作簿,,6.0008,6.0008,既有专家主导型清单编制流程,
SRC-PWR-000382,POWER,VOC,calculated,expert_excel_workbook,,,,,既有专家主导型工作簿,,0.13848,0.00027696000000000025,既有专家主导型清单编制流程,
SRC-PWR-000382,POWER,PM10,calculated,expert_excel_workbook,,,,,既有专家主导型工作簿,,0.13848,0.0005539200000000005,既有专家主导型清单编制流程,
SRC-PWR-000382,POWER,PM2.5,calculated,expert_excel_workbook,,,,,既有专家主导型工作簿,,0.0,0.0,既有专家主导型清单编制流程,
SRC-PWR-000382,POWER,BC,calculated,expert_excel_workbook,,,,,既有专家主导型工作簿,,0.0,0.0,既有专家主导型清单编制流程,
SRC-PWR-000382,POWER,OC,calculated,expert_excel_workbook,,,,,既有专家主导型工作簿,,0.09232000000000001,0.09232000000000001,既有专家主导型清单编制流程,
SRC-PWR-000382,POWER,NH3,calculated,expert_excel_workbook,,,,,既有专家主导型工作簿,,0.0,0.0,既有专家主导型清单编制流程,
SRC-PWR-000383,POWER,SO2,calculated,expert_excel_workbook,,,,,既有专家主导型工作簿,,417.91640939999996,83.58328187999997,既有专家主导型清单编制流程,
SRC-PWR-000383,POWER,NOx,calculated,expert_excel_workbook,,,,,既有专家主导型工作簿,,1048.8882432,209.77764863999997,既有专家主导型清单编制流程,
SRC-PWR-000383,POWER,CO,calculated,expert_excel_workbook,,,,,既有专家主导型工作簿,,234.12684,234.12684,既有专家主导型清单编制流程,
SRC-PWR-000383,POWER,VOC,calculated,expert_excel_workbook,,,,,既有专家主导型工作簿,,1536.0968321664,3.0721936643328025,既有专家主导型清单编制流程,
SRC-PWR-000383,POWER,PM10,calculated,expert_excel_workbook,,,,,既有专家主导型工作簿,,370.78199397120005,1.4831279758848015,既有专家主导型清单编制流程,
SRC-PWR-000383,POWER,PM2.5,calculated,expert_excel_workbook,,,,,既有专家主导型工作簿,,0.7415639879424001,0.002966255951769603,既有专家主导型清单编制流程,
SRC-PWR-000383,POWER,BC,calculated,expert_excel_workbook,,,,,既有专家主导型工作簿,,0.0,0.0,既有专家主导型清单编制流程,
SRC-PWR-000383,POWER,OC,calculated,expert_excel_workbook,,,,,既有专家主导型工作簿,,4.6825368,4.6825368,既有专家主导型清单编制流程,
SRC-PWR-000383,POWER,NH3,calculated,expert_excel_workbook,,,,,既有专家主导型工作簿,,0.0,0.0,既有专家主导型清单编制流程,
SRC-PWR-000384,POWER,SO2,calculated,expert_excel_workbook,,,,,既有专家主导型工作簿,,400.802472,80.16049439999999,既有专家主导型清单编制流程,
SRC-PWR-000384,POWER,NOx,calculated,expert_excel_workbook,,,,,既有专家主导型工作簿,,1005.9356160000002,201.1871232,既有专家主导型清单编制流程,
SRC-PWR-000384,POWER,CO,calculated,expert_excel_workbook,,,,,既有专家主导型工作簿,,224.53920000000002,224.53920000000002,既有专家主导型清单编制流程,
SRC-PWR-000384,POWER,VOC,calculated,expert_excel_workbook,,,,,既有专家主导型工作簿,,1473.192709632,2.946385419264003,既有专家主导型清单编制流程,
SRC-PWR-000384,POWER,PM10,calculated,expert_excel_workbook,,,,,既有专家主导型工作簿,,355.5982402560001,1.4223929610240018,既有专家主导型清单编制流程,
SRC-PWR-000384,POWER,PM2.5,calculated,expert_excel_workbook,,,,,既有专家主导型工作簿,,0.7111964805120002,0.0028447859220480033,既有专家主导型清单编制流程,
SRC-PWR-000384,POWER,BC,calculated,expert_excel_workbook,,,,,既有专家主导型工作簿,,0.0,0.0,既有专家主导型清单编制流程,
SRC-PWR-000384,POWER,OC,calculated,expert_excel_workbook,,,,,既有专家主导型工作簿,,4.4907840000000006,4.4907840000000006,既有专家主导型清单编制流程,
SRC-PWR-000384,POWER,NH3,calculated,expert_excel_workbook,,,,,既有专家主导型工作簿,,0.0,0.0,既有专家主导型清单编制流程,
SRC-PWR-000385,POWER,SO2,calculated,expert_excel_workbook,,,,,既有专家主导型工作簿,,198.24196825,4.163081333249982,既有专家主导型清单编制流程,
SRC-PWR-000385,POWER,NOx,calculated,expert_excel_workbook,,,,,既有专家主导型工作簿,,417.94071424000003,229.86739283200004,既有专家主导型清单编制流程,
SRC-PWR-000385,POWER,CO,calculated,expert_excel_workbook,,,,,既有专家主导型工作簿,,93.290338,93.290338,既有专家主导型清单编制流程,
SRC-PWR-000385,POWER,VOC,calculated,expert_excel_workbook,,,,,既有专家主导型工作簿,,424.2098249536,2.545258949721555,既有专家主导型清单编制流程,
SRC-PWR-000385,POWER,PM10,calculated,expert_excel_workbook,,,,,既有专家主导型工作簿,,102.3954749888,1.7407230748096016,既有专家主导型清单编制流程,
SRC-PWR-000385,POWER,PM2.5,calculated,expert_excel_workbook,,,,,既有专家主导型工作簿,,0.2047909499776,0.003481446149619203,既有专家主导型清单编制流程,
SRC-PWR-000385,POWER,BC,calculated,expert_excel_workbook,,,,,既有专家主导型工作簿,,0.0,0.0,既有专家主导型清单编制流程,
SRC-PWR-000385,POWER,OC,calculated,expert_excel_workbook,,,,,既有专家主导型工作簿,,1.8658067600000001,1.8658067600000001,既有专家主导型清单编制流程,
SRC-PWR-000385,POWER,NH3,calculated,expert_excel_workbook,,,,,既有专家主导型工作簿,,0.0,0.0,既有专家主导型清单编制流程,
SRC-PWR-000386,POWER,SO2,calculated,expert_excel_workbook,,,,,既有专家主导型工作簿,,259.89709650000003,5.457839026499976,既有专家主导型清单编制流程,
SRC-PWR-000386,POWER,NOx,calculated,expert_excel_workbook,,,,,既有专家主导型工作簿,,547.92423168,301.35832742400004,既有专家主导型清单编制流程,
SRC-PWR-000386,POWER,CO,calculated,expert_excel_workbook,,,,,既有专家主导型工作簿,,122.304516,122.304516,既有专家主导型清单编制流程,
SRC-PWR-000386,POWER,VOC,calculated,expert_excel_workbook,,,,,既有专家主导型工作簿,,556.1430951552,3.336858570931141,既有专家主导型清单编制流程,
SRC-PWR-000386,POWER,PM10,calculated,expert_excel_workbook,,,,,既有专家主导型工作簿,,134.2414367616,2.2821044249472022,既有专家主导型清单编制流程,
SRC-PWR-000386,POWER,PM2.5,calculated,expert_excel_workbook,,,,,既有专家主导型工作簿,,0.2684828735232,0.004564208849894404,既有专家主导型清单编制流程,
SRC-PWR-000386,POWER,BC,calculated,expert_excel_workbook,,,,,既有专家主导型工作簿,,0.0,0.0,既有专家主导型清单编制流程,
SRC-PWR-000386,POWER,OC,calculated,expert_excel_workbook,,,,,既有专家主导型工作簿,,2.44609032,2.44609032,既有专家主导型清单编制流程,
SRC-PWR-000386,POWER,NH3,calculated,expert_excel_workbook,,,,,既有专家主导型工作簿,,0.0,0.0,既有专家主导型清单编制流程,
SRC-PWR-000387,POWER,SO2,calculated,expert_excel_workbook,,,,,既有专家主导型工作簿,,121.30500450000001,2.547405094499989,既有专家主导型清单编制流程,
SRC-PWR-000387,POWER,NOx,calculated,expert_excel_workbook,,,,,既有专家主导型工作簿,,255.73949184000003,140.65672051200002,既有专家主导型清单编制流程,
SRC-PWR-000387,POWER,CO,calculated,expert_excel_workbook,,,,,既有专家主导型工作簿,,57.084708,57.084708,既有专家主导型清单编制流程,
SRC-PWR-000387,POWER,VOC,calculated,expert_excel_workbook,,,,,既有专家主导型工作簿,,259.57558421759995,1.5574535053055722,既有专家主导型清单编制流程,
SRC-PWR-000387,POWER,PM10,calculated,expert_excel_workbook,,,,,既有专家主导型工作簿,,62.656175500799996,1.065154983513601,既有专家主导型清单编制流程,
SRC-PWR-000387,POWER,PM2.5,calculated,expert_excel_workbook,,,,,既有专家主导型工作簿,,0.1253123510016,0.0021303099670272017,既有专家主导型清单编制流程,
SRC-PWR-000387,POWER,BC,calculated,expert_excel_workbook,,,,,既有专家主导型工作簿,,0.0,0.0,既有专家主导型清单编制流程,
SRC-PWR-000387,POWER,OC,calculated,expert_excel_workbook,,,,,既有专家主导型工作簿,,1.14169416,1.14169416,既有专家主导型清单编制流程,
SRC-PWR-000387,POWER,NH3,calculated,expert_excel_workbook,,,,,既有专家主导型工作簿,,0.0,0.0,既有专家主导型清单编制流程,
SRC-PWR-000388,POWER,SO2,calculated,expert_excel_workbook,,,,,既有专家主导型工作簿,,744.62031075,15.637026525749933,既有专家主导型清单编制流程,
SRC-PWR-000388,POWER,NOx,calculated,expert_excel_workbook,,,,,既有专家主导型工作簿,,1569.8348198400001,863.4091509120002,既有专家主导型清单编制流程,
SRC-PWR-000388,POWER,CO,calculated,expert_excel_workbook,,,,,既有专家主导型工作簿,,350.409558,350.409558,既有专家主导型清单编制流程,
SRC-PWR-000388,POWER,VOC,calculated,expert_excel_workbook,,,,,既有专家主导型工作簿,,1593.3823421375998,9.56029405282543,既有专家主导型清单编制流程,
SRC-PWR-000388,POWER,PM10,calculated,expert_excel_workbook,,,,,既有专家主导型工作簿,,384.6095308608,6.5383620246336065,既有专家主导型清单编制流程,
SRC-PWR-000388,POWER,PM2.5,calculated,expert_excel_workbook,,,,,既有专家主导型工作簿,,0.7692190617216,0.013076724049267211,既有专家主导型清单编制流程,
SRC-PWR-000388,POWER,BC,calculated,expert_excel_workbook,,,,,既有专家主导型工作簿,,0.0,0.0,既有专家主导型清单编制流程,
SRC-PWR-000388,POWER,OC,calculated,expert_excel_workbook,,,,,既有专家主导型工作簿,,7.00819116,7.00819116,既有专家主导型清单编制流程,
SRC-PWR-000388,POWER,NH3,calculated,expert_excel_workbook,,,,,既有专家主导型工作簿,,0.0,0.0,既有专家主导型清单编制流程,
SRC-PWR-000389,POWER,SO2,calculated,expert_excel_workbook,,,,,既有专家主导型工作簿,,844.9950470000001,17.744895986999925,既有专家主导型清单编制流程,
SRC-PWR-000389,POWER,NOx,calculated,expert_excel_workbook,,,,,既有专家主导型工作簿,,1781.44838144,979.7966097920001,既有专家主导型清单编制流程,
SRC-PWR-000389,POWER,CO,calculated,expert_excel_workbook,,,,,既有专家主导型工作簿,,397.644728,397.644728,既有专家主导型清单编制流程,
SRC-PWR-000389,POWER,VOC,calculated,expert_excel_workbook,,,,,既有专家主导型工作簿,,1808.1701071615998,10.849020642969409,既有专家主导型清单编制流程,
SRC-PWR-000389,POWER,PM10,calculated,expert_excel_workbook,,,,,既有专家主导型工作簿,,436.4548534528,7.419732508697607,既有专家主导型清单编制流程,
SRC-PWR-000389,POWER,PM2.5,calculated,expert_excel_workbook,,,,,既有专家主导型工作簿,,0.8729097069056001,0.014839465017395215,既有专家主导型清单编制流程,
SRC-PWR-000389,POWER,BC,calculated,expert_excel_workbook,,,,,既有专家主导型工作簿,,0.0,0.0,既有专家主导型清单编制流程,
SRC-PWR-000389,POWER,OC,calculated,expert_excel_workbook,,,,,既有专家主导型工作簿,,7.952894560000001,7.952894560000001,既有专家主导型清单编制流程,
SRC-PWR-000389,POWER,NH3,calculated,expert_excel_workbook,,,,,既有专家主导型工作簿,,0.0,0.0,既有专家主导型清单编制流程,
SRC-PWR-000390,POWER,SO2,calculated,expert_excel_workbook,,,,,既有专家主导型工作簿,,0.746342142,0.746342142,既有专家主导型清单编制流程,
SRC-PWR-000390,POWER,NOx,calculated,expert_excel_workbook,,,,,既有专家主导型工作簿,,399.47817,231.69733860000002,既有专家主导型清单编制流程,
SRC-PWR-000390,POWER,CO,calculated,expert_excel_workbook,,,,,既有专家主导型工作簿,,126.66381000000001,126.66381000000001,既有专家主导型清单编制流程,
SRC-PWR-000390,POWER,VOC,calculated,expert_excel_workbook,,,,,既有专家主导型工作簿,,2.923011,2.923011,既有专家主导型清单编制流程,
SRC-PWR-000390,POWER,PM10,calculated,expert_excel_workbook,,,,,既有专家主导型工作簿,,2.923011,2.923011,既有专家主导型清单编制流程,
SRC-PWR-000390,POWER,PM2.5,calculated,expert_excel_workbook,,,,,既有专家主导型工作簿,,0.0,0.0,既有专家主导型清单编制流程,
SRC-PWR-000390,POWER,BC,calculated,expert_excel_workbook,,,,,既有专家主导型工作簿,,0.0,0.0,既有专家主导型清单编制流程,
SRC-PWR-000390,POWER,OC,calculated,expert_excel_workbook,,,,,既有专家主导型工作簿,,1.9486740000000002,1.9486740000000002,既有专家主导型清单编制流程,
SRC-PWR-000390,POWER,NH3,calculated,expert_excel_workbook,,,,,既有专家主导型工作簿,,0.0,0.0,既有专家主导型清单编制流程,
SRC-PWR-000391,POWER,SO2,calculated,expert_excel_workbook,,,,,既有专家主导型工作簿,,0.597881384,0.597881384,既有专家主导型清单编制流程,
SRC-PWR-000391,POWER,NOx,calculated,expert_excel_workbook,,,,,既有专家主导型工作簿,,320.01483999999994,185.6086072,既有专家主导型清单编制流程,
SRC-PWR-000391,POWER,CO,calculated,expert_excel_workbook,,,,,既有专家主导型工作簿,,101.46812,101.46812,既有专家主导型清单编制流程,
SRC-PWR-000391,POWER,VOC,calculated,expert_excel_workbook,,,,,既有专家主导型工作簿,,2.341572,2.341572,既有专家主导型清单编制流程,
SRC-PWR-000391,POWER,PM10,calculated,expert_excel_workbook,,,,,既有专家主导型工作簿,,2.341572,2.341572,既有专家主导型清单编制流程,
SRC-PWR-000391,POWER,PM2.5,calculated,expert_excel_workbook,,,,,既有专家主导型工作簿,,0.0,0.0,既有专家主导型清单编制流程,
SRC-PWR-000391,POWER,BC,calculated,expert_excel_workbook,,,,,既有专家主导型工作簿,,0.0,0.0,既有专家主导型清单编制流程,
SRC-PWR-000391,POWER,OC,calculated,expert_excel_workbook,,,,,既有专家主导型工作簿,,1.561048,1.561048,既有专家主导型清单编制流程,
SRC-PWR-000391,POWER,NH3,calculated,expert_excel_workbook,,,,,既有专家主导型工作簿,,0.0,0.0,既有专家主导型清单编制流程,
SRC-PWR-000392,POWER,SO2,calculated,expert_excel_workbook,,,,,既有专家主导型工作簿,,0.3234996,0.3234996,既有专家主导型清单编制流程,
SRC-PWR-000392,POWER,NOx,calculated,expert_excel_workbook,,,,,既有专家主导型工作簿,,132.634836,46.42412962905269,既有专家主导型清单编制流程,
SRC-PWR-000392,POWER,CO,calculated,expert_excel_workbook,,,,,既有专家主导型工作簿,,42.05494800000001,42.05494800000001,既有专家主导型清单编制流程,
SRC-PWR-000392,POWER,VOC,calculated,expert_excel_workbook,,,,,既有专家主导型工作簿,,0.9704988,0.9704988,既有专家主导型清单编制流程,
SRC-PWR-000392,POWER,PM10,calculated,expert_excel_workbook,,,,,既有专家主导型工作簿,,0.9704988,0.9704988,既有专家主导型清单编制流程,
SRC-PWR-000392,POWER,PM2.5,calculated,expert_excel_workbook,,,,,既有专家主导型工作簿,,0.0,0.0,既有专家主导型清单编制流程,
SRC-PWR-000392,POWER,BC,calculated,expert_excel_workbook,,,,,既有专家主导型工作簿,,0.0,0.0,既有专家主导型清单编制流程,
SRC-PWR-000392,POWER,OC,calculated,expert_excel_workbook,,,,,既有专家主导型工作簿,,0.6469992000000001,0.6469992000000001,既有专家主导型清单编制流程,
SRC-PWR-000392,POWER,NH3,calculated,expert_excel_workbook,,,,,既有专家主导型工作簿,,0.0,0.0,既有专家主导型清单编制流程,
SRC-PWR-000393,POWER,SO2,calculated,expert_excel_workbook,,,,,既有专家主导型工作簿,,9655.69709349,173.80254768282015,既有专家主导型清单编制流程,
SRC-PWR-000393,POWER,NOx,calculated,expert_excel_workbook,,,,,既有专家主导型工作簿,,4892.6541601,684.9715824140001,既有专家主导型清单编制流程,
SRC-PWR-000393,POWER,CO,calculated,expert_excel_workbook,,,,,既有专家主导型工作簿,,1357.1856200000002,1357.1856200000002,既有专家主导型清单编制流程,
SRC-PWR-000393,POWER,VOC,calculated,expert_excel_workbook,,,,,既有专家主导型工作簿,,26045.2402888125,156.27144173287223,既有专家主导型清单编制流程,
SRC-PWR-000393,POWER,PM10,calculated,expert_excel_workbook,,,,,既有专家主导型工作簿,,6794.410510125,115.5049786721251,既有专家主导型清单编制流程,
SRC-PWR-000393,POWER,PM2.5,calculated,expert_excel_workbook,,,,,既有专家主导型工作簿,,13.58882102025,0.2310099573442502,既有专家主导型清单编制流程,
SRC-PWR-000393,POWER,BC,calculated,expert_excel_workbook,,,,,既有专家主导型工作簿,,0.0,0.0,既有专家主导型清单编制流程,
SRC-PWR-000393,POWER,OC,calculated,expert_excel_workbook,,,,,既有专家主导型工作簿,,27.143712400000005,27.143712400000005,既有专家主导型清单编制流程,
SRC-PWR-000393,POWER,NH3,calculated,expert_excel_workbook,,,,,既有专家主导型工作簿,,0.0,0.0,既有专家主导型清单编制流程,
SRC-PWR-000394,POWER,SO2,calculated,expert_excel_workbook,,,,,既有专家主导型工作簿,,11007.074171249998,198.12733508250014,既有专家主导型清单编制流程,
SRC-PWR-000394,POWER,NOx,calculated,expert_excel_workbook,,,,,既有专家主导型工作簿,,5577.4126625,780.8377727500001,既有专家主导型清单编制流程,
SRC-PWR-000394,POWER,CO,calculated,expert_excel_workbook,,,,,既有专家主导型工作簿,,1547.1325,1547.1325,既有专家主导型清单编制流程,
SRC-PWR-000394,POWER,VOC,calculated,expert_excel_workbook,,,,,既有专家主导型工作簿,,29690.4396328125,178.14263779687187,既有专家主导型清单编制流程,
SRC-PWR-000394,POWER,PM10,calculated,expert_excel_workbook,,,,,既有专家主导型工作簿,,7745.3320781249995,131.67064532812512,既有专家主导型清单编制流程,
SRC-PWR-000394,POWER,PM2.5,calculated,expert_excel_workbook,,,,,既有专家主导型工作簿,,15.490664156249998,0.2633412906562502,既有专家主导型清单编制流程,
SRC-PWR-000394,POWER,BC,calculated,expert_excel_workbook,,,,,既有专家主导型工作簿,,0.0,0.0,既有专家主导型清单编制流程,
SRC-PWR-000394,POWER,OC,calculated,expert_excel_workbook,,,,,既有专家主导型工作簿,,30.94265,30.94265,既有专家主导型清单编制流程,
SRC-PWR-000394,POWER,NH3,calculated,expert_excel_workbook,,,,,既有专家主导型工作簿,,0.0,0.0,既有专家主导型清单编制流程,
SRC-PWR-000395,POWER,SO2,calculated,expert_excel_workbook,,,,,既有专家主导型工作簿,,0.00027538,0.00027538,既有专家主导型清单编制流程,
SRC-PWR-000395,POWER,NOx,calculated,expert_excel_workbook,,,,,既有专家主导型工作簿,,4.032349999999999,4.032349999999999,既有专家主导型清单编制流程,
SRC-PWR-000395,POWER,CO,calculated,expert_excel_workbook,,,,,既有专家主导型工作簿,,1.27855,1.27855,既有专家主导型清单编制流程,
SRC-PWR-000395,POWER,VOC,calculated,expert_excel_workbook,,,,,既有专家主导型工作簿,,0.029505,0.029505,既有专家主导型清单编制流程,
SRC-PWR-000395,POWER,PM10,calculated,expert_excel_workbook,,,,,既有专家主导型工作簿,,0.029505,0.029505,既有专家主导型清单编制流程,
SRC-PWR-000395,POWER,PM2.5,calculated,expert_excel_workbook,,,,,既有专家主导型工作簿,,0.0,0.0,既有专家主导型清单编制流程,
SRC-PWR-000395,POWER,BC,calculated,expert_excel_workbook,,,,,既有专家主导型工作簿,,0.0,0.0,既有专家主导型清单编制流程,
SRC-PWR-000395,POWER,OC,calculated,expert_excel_workbook,,,,,既有专家主导型工作簿,,0.01967,0.01967,既有专家主导型清单编制流程,
SRC-PWR-000395,POWER,NH3,calculated,expert_excel_workbook,,,,,既有专家主导型工作簿,,0.0,0.0,既有专家主导型清单编制流程,
SRC-PWR-000396,POWER,SO2,calculated,expert_excel_workbook,,,,,既有专家主导型工作簿,,0.31899526140000006,0.31899526140000006,既有专家主导型清单编制流程,
SRC-PWR-000396,POWER,NOx,calculated,expert_excel_workbook,,,,,既有专家主导型工作簿,,170.741589,51.22247670000001,既有专家主导型清单编制流程,
SRC-PWR-000396,POWER,CO,calculated,expert_excel_workbook,,,,,既有专家主导型工作簿,,54.137577,54.137577,既有专家主导型清单编制流程,
SRC-PWR-000396,POWER,VOC,calculated,expert_excel_workbook,,,,,既有专家主导型工作簿,,1.2493287,1.2493287,既有专家主导型清单编制流程,
SRC-PWR-000396,POWER,PM10,calculated,expert_excel_workbook,,,,,既有专家主导型工作簿,,1.2493287,1.2493287,既有专家主导型清单编制流程,
SRC-PWR-000396,POWER,PM2.5,calculated,expert_excel_workbook,,,,,既有专家主导型工作簿,,0.0,0.0,既有专家主导型清单编制流程,
SRC-PWR-000396,POWER,BC,calculated,expert_excel_workbook,,,,,既有专家主导型工作簿,,0.0,0.0,既有专家主导型清单编制流程,
SRC-PWR-000396,POWER,OC,calculated,expert_excel_workbook,,,,,既有专家主导型工作簿,,0.8328858,0.8328858,既有专家主导型清单编制流程,
SRC-PWR-000396,POWER,NH3,calculated,expert_excel_workbook,,,,,既有专家主导型工作簿,,0.0,0.0,既有专家主导型清单编制流程,
SRC-PWR-000397,POWER,SO2,calculated,expert_excel_workbook,,,,,既有专家主导型工作簿,,1.6088020708,1.6088020708,既有专家主导型清单编制流程,
SRC-PWR-000397,POWER,NOx,calculated,expert_excel_workbook,,,,,既有专家主导型工作簿,,861.1081579999998,344.44326319999993,既有专家主导型清单编制流程,
SRC-PWR-000397,POWER,CO,calculated,expert_excel_workbook,,,,,既有专家主导型工作簿,,273.034294,273.034294,既有专家主导型清单编制流程,
SRC-PWR-000397,POWER,VOC,calculated,expert_excel_workbook,,,,,既有专家主导型工作簿,,6.3007914,6.3007914,既有专家主导型清单编制流程,
SRC-PWR-000397,POWER,PM10,calculated,expert_excel_workbook,,,,,既有专家主导型工作簿,,6.3007914,6.3007914,既有专家主导型清单编制流程,
SRC-PWR-000397,POWER,PM2.5,calculated,expert_excel_workbook,,,,,既有专家主导型工作簿,,0.0,0.0,既有专家主导型清单编制流程,
SRC-PWR-000397,POWER,BC,calculated,expert_excel_workbook,,,,,既有专家主导型工作簿,,0.0,0.0,既有专家主导型清单编制流程,
SRC-PWR-000397,POWER,OC,calculated,expert_excel_workbook,,,,,既有专家主导型工作簿,,4.2005276,4.2005276,既有专家主导型清单编制流程,
SRC-PWR-000397,POWER,NH3,calculated,expert_excel_workbook,,,,,既有专家主导型工作簿,,0.0,0.0,既有专家主导型清单编制流程,
SRC-PWR-000398,POWER,SO2,calculated,expert_excel_workbook,,,,,既有专家主导型工作簿,,1.276609472,1.276609472,既有专家主导型清单编制流程,
SRC-PWR-000398,POWER,NOx,calculated,expert_excel_workbook,,,,,既有专家主导型工作簿,,683.3027199999999,273.321088,既有专家主导型清单编制流程,
SRC-PWR-000398,POWER,CO,calculated,expert_excel_workbook,,,,,既有专家主导型工作簿,,216.65696,216.65696,既有专家主导型清单编制流程,
SRC-PWR-000398,POWER,VOC,calculated,expert_excel_workbook,,,,,既有专家主导型工作簿,,4.999775999999999,4.999775999999999,既有专家主导型清单编制流程,
SRC-PWR-000398,POWER,PM10,calculated,expert_excel_workbook,,,,,既有专家主导型工作簿,,4.999775999999999,4.999775999999999,既有专家主导型清单编制流程,
SRC-PWR-000398,POWER,PM2.5,calculated,expert_excel_workbook,,,,,既有专家主导型工作簿,,0.0,0.0,既有专家主导型清单编制流程,
SRC-PWR-000398,POWER,BC,calculated,expert_excel_workbook,,,,,既有专家主导型工作簿,,0.0,0.0,既有专家主导型清单编制流程,
SRC-PWR-000398,POWER,OC,calculated,expert_excel_workbook,,,,,既有专家主导型工作簿,,3.333184,3.333184,既有专家主导型清单编制流程,
SRC-PWR-000398,POWER,NH3,calculated,expert_excel_workbook,,,,,既有专家主导型工作簿,,0.0,0.0,既有专家主导型清单编制流程,
SRC-PWR-000399,POWER,SO2,calculated,expert_excel_workbook,,,,,既有专家主导型工作簿,,2.3916431935999998,2.3916431935999998,既有专家主导型清单编制流程,
SRC-PWR-000399,POWER,NOx,calculated,expert_excel_workbook,,,,,既有专家主导型工作簿,,1280.122336,512.0489344,既有专家主导型清单编制流程,
SRC-PWR-000399,POWER,CO,calculated,expert_excel_workbook,,,,,既有专家主导型工作簿,,405.892448,405.892448,既有专家主导型清单编制流程,
SRC-PWR-000399,POWER,VOC,calculated,expert_excel_workbook,,,,,既有专家主导型工作簿,,9.366748799999998,9.366748799999998,既有专家主导型清单编制流程,
SRC-PWR-000399,POWER,PM10,calculated,expert_excel_workbook,,,,,既有专家主导型工作簿,,9.366748799999998,9.366748799999998,既有专家主导型清单编制流程,
SRC-PWR-000399,POWER,PM2.5,calculated,expert_excel_workbook,,,,,既有专家主导型工作簿,,0.0,0.0,既有专家主导型清单编制流程,
SRC-PWR-000399,POWER,BC,calculated,expert_excel_workbook,,,,,既有专家主导型工作簿,,0.0,0.0,既有专家主导型清单编制流程,
SRC-PWR-000399,POWER,OC,calculated,expert_excel_workbook,,,,,既有专家主导型工作簿,,6.2444992,6.2444992,既有专家主导型清单编制流程,
SRC-PWR-000399,POWER,NH3,calculated,expert_excel_workbook,,,,,既有专家主导型工作簿,,0.0,0.0,既有专家主导型清单编制流程,
SRC-PWR-000400,POWER,SO2,calculated,expert_excel_workbook,,,,,既有专家主导型工作簿,,0.24363424,0.24363424,既有专家主导型清单编制流程,
SRC-PWR-000400,POWER,NOx,calculated,expert_excel_workbook,,,,,既有专家主导型工作簿,,499.45019199999996,289.68111136,既有专家主导型清单编制流程,
SRC-PWR-000400,POWER,CO,calculated,expert_excel_workbook,,,,,既有专家主导型工作簿,,158.362256,158.362256,既有专家主导型清单编制流程,
SRC-PWR-000400,POWER,VOC,calculated,expert_excel_workbook,,,,,既有专家主导型工作簿,,3.6545135999999996,3.6545135999999996,既有专家主导型清单编制流程,
SRC-PWR-000400,POWER,PM10,calculated,expert_excel_workbook,,,,,既有专家主导型工作簿,,3.6545135999999996,3.6545135999999996,既有专家主导型清单编制流程,
SRC-PWR-000400,POWER,PM2.5,calculated,expert_excel_workbook,,,,,既有专家主导型工作簿,,0.0,0.0,既有专家主导型清单编制流程,
SRC-PWR-000400,POWER,BC,calculated,expert_excel_workbook,,,,,既有专家主导型工作簿,,0.0,0.0,既有专家主导型清单编制流程,
SRC-PWR-000400,POWER,OC,calculated,expert_excel_workbook,,,,,既有专家主导型工作簿,,2.4363424,2.4363424,既有专家主导型清单编制流程,
SRC-PWR-000400,POWER,NH3,calculated,expert_excel_workbook,,,,,既有专家主导型工作簿,,0.0,0.0,既有专家主导型清单编制流程,
SRC-PWR-000401,POWER,SO2,calculated,expert_excel_workbook,,,,,既有专家主导型工作簿,,0.18986156,0.18986156,既有专家主导型清单编制流程,
SRC-PWR-000401,POWER,NOx,calculated,expert_excel_workbook,,,,,既有专家主导型工作簿,,389.21619799999996,225.74539484000002,既有专家主导型清单编制流程,
SRC-PWR-000401,POWER,CO,calculated,expert_excel_workbook,,,,,既有专家主导型工作簿,,123.41001399999999,123.41001399999999,既有专家主导型清单编制流程,
SRC-PWR-000401,POWER,VOC,calculated,expert_excel_workbook,,,,,既有专家主导型工作簿,,2.8479233999999995,2.8479233999999995,既有专家主导型清单编制流程,
SRC-PWR-000401,POWER,PM10,calculated,expert_excel_workbook,,,,,既有专家主导型工作簿,,2.8479233999999995,2.8479233999999995,既有专家主导型清单编制流程,
SRC-PWR-000401,POWER,PM2.5,calculated,expert_excel_workbook,,,,,既有专家主导型工作簿,,0.0,0.0,既有专家主导型清单编制流程,
SRC-PWR-000401,POWER,BC,calculated,expert_excel_workbook,,,,,既有专家主导型工作簿,,0.0,0.0,既有专家主导型清单编制流程,
SRC-PWR-000401,POWER,OC,calculated,expert_excel_workbook,,,,,既有专家主导型工作簿,,1.8986155999999998,1.8986155999999998,既有专家主导型清单编制流程,
SRC-PWR-000401,POWER,NH3,calculated,expert_excel_workbook,,,,,既有专家主导型工作簿,,0.0,0.0,既有专家主导型清单编制流程,
SRC-PWR-000402,POWER,SO2,calculated,expert_excel_workbook,,,,,既有专家主导型工作簿,,0.37970832,0.37970832,既有专家主导型清单编制流程,
SRC-PWR-000402,POWER,NOx,calculated,expert_excel_workbook,,,,,既有专家主导型工作簿,,778.402056,451.4731924800001,既有专家主导型清单编制流程,
SRC-PWR-000402,POWER,CO,calculated,expert_excel_workbook,,,,,既有专家主导型工作簿,,246.81040800000002,246.81040800000002,既有专家主导型清单编制流程,
SRC-PWR-000402,POWER,VOC,calculated,expert_excel_workbook,,,,,既有专家主导型工作簿,,5.695624800000001,5.695624800000001,既有专家主导型清单编制流程,
SRC-PWR-000402,POWER,PM10,calculated,expert_excel_workbook,,,,,既有专家主导型工作簿,,5.695624800000001,5.695624800000001,既有专家主导型清单编制流程,
SRC-PWR-000402,POWER,PM2.5,calculated,expert_excel_workbook,,,,,既有专家主导型工作簿,,0.0,0.0,既有专家主导型清单编制流程,
SRC-PWR-000402,POWER,BC,calculated,expert_excel_workbook,,,,,既有专家主导型工作簿,,0.0,0.0,既有专家主导型清单编制流程,
SRC-PWR-000402,POWER,OC,calculated,expert_excel_workbook,,,,,既有专家主导型工作簿,,3.7970832000000003,3.7970832000000003,既有专家主导型清单编制流程,
SRC-PWR-000402,POWER,NH3,calculated,expert_excel_workbook,,,,,既有专家主导型工作簿,,0.0,0.0,既有专家主导型清单编制流程,
SRC-PWR-000403,POWER,SO2,calculated,expert_excel_workbook,,,,,既有专家主导型工作簿,,0.58272946,0.58272946,既有专家主导型清单编制流程,
SRC-PWR-000403,POWER,NOx,calculated,expert_excel_workbook,,,,,既有专家主导型工作簿,,1194.595393,692.8653279400002,既有专家主导型清单编制流程,
SRC-PWR-000403,POWER,CO,calculated,expert_excel_workbook,,,,,既有专家主导型工作簿,,378.7741490000001,378.7741490000001,既有专家主导型清单编制流程,
SRC-PWR-000403,POWER,VOC,calculated,expert_excel_workbook,,,,,既有专家主导型工作簿,,8.740941900000001,8.740941900000001,既有专家主导型清单编制流程,
SRC-PWR-000403,POWER,PM10,calculated,expert_excel_workbook,,,,,既有专家主导型工作簿,,8.740941900000001,8.740941900000001,既有专家主导型清单编制流程,
SRC-PWR-000403,POWER,PM2.5,calculated,expert_excel_workbook,,,,,既有专家主导型工作簿,,0.0,0.0,既有专家主导型清单编制流程,
SRC-PWR-000403,POWER,BC,calculated,expert_excel_workbook,,,,,既有专家主导型工作簿,,0.0,0.0,既有专家主导型清单编制流程,
SRC-PWR-000403,POWER,OC,calculated,expert_excel_workbook,,,,,既有专家主导型工作簿,,5.827294600000001,5.827294600000001,既有专家主导型清单编制流程,
SRC-PWR-000403,POWER,NH3,calculated,expert_excel_workbook,,,,,既有专家主导型工作簿,,0.0,0.0,既有专家主导型清单编制流程,
SRC-PWR-000404,POWER,SO2,calculated,expert_excel_workbook,,,,,既有专家主导型工作簿,,0.59966868,0.59966868,既有专家主导型清单编制流程,
SRC-PWR-000404,POWER,NOx,calculated,expert_excel_workbook,,,,,既有专家主导型工作簿,,1229.3207939999998,713.0060605199999,既有专家主导型清单编制流程,
SRC-PWR-000404,POWER,CO,calculated,expert_excel_workbook,,,,,既有专家主导型工作簿,,389.784642,389.784642,既有专家主导型清单编制流程,
SRC-PWR-000404,POWER,VOC,calculated,expert_excel_workbook,,,,,既有专家主导型工作簿,,8.995030199999999,8.995030199999999,既有专家主导型清单编制流程,
SRC-PWR-000404,POWER,PM10,calculated,expert_excel_workbook,,,,,既有专家主导型工作簿,,8.995030199999999,8.995030199999999,既有专家主导型清单编制流程,
SRC-PWR-000404,POWER,PM2.5,calculated,expert_excel_workbook,,,,,既有专家主导型工作簿,,0.0,0.0,既有专家主导型清单编制流程,
SRC-PWR-000404,POWER,BC,calculated,expert_excel_workbook,,,,,既有专家主导型工作簿,,0.0,0.0,既有专家主导型清单编制流程,
SRC-PWR-000404,POWER,OC,calculated,expert_excel_workbook,,,,,既有专家主导型工作簿,,5.9966868,5.9966868,既有专家主导型清单编制流程,
SRC-PWR-000404,POWER,NH3,calculated,expert_excel_workbook,,,,,既有专家主导型工作簿,,0.0,0.0,既有专家主导型清单编制流程,
SRC-PWR-000405,POWER,SO2,calculated,expert_excel_workbook,,,,,既有专家主导型工作簿,,0.05582293940000001,0.05582293940000001,既有专家主导型清单编制流程,
SRC-PWR-000405,POWER,NOx,calculated,expert_excel_workbook,,,,,既有专家主导型工作簿,,29.879118999999996,17.32988902,既有专家主导型清单编制流程,
SRC-PWR-000405,POWER,CO,calculated,expert_excel_workbook,,,,,既有专家主导型工作簿,,9.473867,9.473867,既有专家主导型清单编制流程,
SRC-PWR-000405,POWER,VOC,calculated,expert_excel_workbook,,,,,既有专家主导型工作簿,,0.2186277,0.2186277,既有专家主导型清单编制流程,
SRC-PWR-000405,POWER,PM10,calculated,expert_excel_workbook,,,,,既有专家主导型工作簿,,0.2186277,0.2186277,既有专家主导型清单编制流程,
SRC-PWR-000405,POWER,PM2.5,calculated,expert_excel_workbook,,,,,既有专家主导型工作簿,,0.0,0.0,既有专家主导型清单编制流程,
SRC-PWR-000405,POWER,BC,calculated,expert_excel_workbook,,,,,既有专家主导型工作簿,,0.0,0.0,既有专家主导型清单编制流程,
SRC-PWR-000405,POWER,OC,calculated,expert_excel_workbook,,,,,既有专家主导型工作簿,,0.14575180000000001,0.14575180000000001,既有专家主导型清单编制流程,
SRC-PWR-000405,POWER,NH3,calculated,expert_excel_workbook,,,,,既有专家主导型工作簿,,0.0,0.0,既有专家主导型清单编制流程,
SRC-PWR-000406,POWER,SO2,calculated,expert_excel_workbook,,,,,既有专家主导型工作簿,,0.0515813676,0.0515813676,既有专家主导型清单编制流程,
SRC-PWR-000406,POWER,NOx,calculated,expert_excel_workbook,,,,,既有专家主导型工作簿,,27.608825999999997,16.01311908,既有专家主导型清单编制流程,
SRC-PWR-000406,POWER,CO,calculated,expert_excel_workbook,,,,,既有专家主导型工作簿,,8.754018,8.754018,既有专家主导型清单编制流程,
SRC-PWR-000406,POWER,VOC,calculated,expert_excel_workbook,,,,,既有专家主导型工作簿,,0.2020158,0.2020158,既有专家主导型清单编制流程,
SRC-PWR-000406,POWER,PM10,calculated,expert_excel_workbook,,,,,既有专家主导型工作簿,,0.2020158,0.2020158,既有专家主导型清单编制流程,
SRC-PWR-000406,POWER,PM2.5,calculated,expert_excel_workbook,,,,,既有专家主导型工作簿,,0.0,0.0,既有专家主导型清单编制流程,
SRC-PWR-000406,POWER,BC,calculated,expert_excel_workbook,,,,,既有专家主导型工作簿,,0.0,0.0,既有专家主导型清单编制流程,
SRC-PWR-000406,POWER,OC,calculated,expert_excel_workbook,,,,,既有专家主导型工作簿,,0.13467720000000002,0.13467720000000002,既有专家主导型清单编制流程,
SRC-PWR-000406,POWER,NH3,calculated,expert_excel_workbook,,,,,既有专家主导型工作簿,,0.0,0.0,既有专家主导型清单编制流程,
SRC-PWR-000407,POWER,SO2,calculated,expert_excel_workbook,,,,,既有专家主导型工作簿,,0.42436464,0.42436464,既有专家主导型清单编制流程,
SRC-PWR-000407,POWER,NOx,calculated,expert_excel_workbook,,,,,既有专家主导型工作簿,,68.39209999999999,39.667418,既有专家主导型清单编制流程,
SRC-PWR-000407,POWER,CO,calculated,expert_excel_workbook,,,,,既有专家主导型工作簿,,21.685299999999998,21.685299999999998,既有专家主导型清单编制流程,
SRC-PWR-000407,POWER,VOC,calculated,expert_excel_workbook,,,,,既有专家主导型工作簿,,0.5004299999999999,0.5004299999999999,既有专家主导型清单编制流程,
SRC-PWR-000407,POWER,PM10,calculated,expert_excel_workbook,,,,,既有专家主导型工作簿,,0.5004299999999999,0.5004299999999999,既有专家主导型清单编制流程,
SRC-PWR-000407,POWER,PM2.5,calculated,expert_excel_workbook,,,,,既有专家主导型工作簿,,0.0,0.0,既有专家主导型清单编制流程,
SRC-PWR-000407,POWER,BC,calculated,expert_excel_workbook,,,,,既有专家主导型工作簿,,0.0,0.0,既有专家主导型清单编制流程,
SRC-PWR-000407,POWER,OC,calculated,expert_excel_workbook,,,,,既有专家主导型工作簿,,0.33362,0.33362,既有专家主导型清单编制流程,
SRC-PWR-000407,POWER,NH3,calculated,expert_excel_workbook,,,,,既有专家主导型工作簿,,0.0,0.0,既有专家主导型清单编制流程,
SRC-PWR-000408,POWER,SO2,calculated,expert_excel_workbook,,,,,既有专家主导型工作簿,,0.32204496,0.32204496,既有专家主导型清单编制流程,
SRC-PWR-000408,POWER,NOx,calculated,expert_excel_workbook,,,,,既有专家主导型工作簿,,51.90189999999999,30.103102,既有专家主导型清单编制流程,
SRC-PWR-000408,POWER,CO,calculated,expert_excel_workbook,,,,,既有专家主导型工作簿,,16.4567,16.4567,既有专家主导型清单编制流程,
SRC-PWR-000408,POWER,VOC,calculated,expert_excel_workbook,,,,,既有专家主导型工作簿,,0.37977000000000005,0.37977000000000005,既有专家主导型清单编制流程,
SRC-PWR-000408,POWER,PM10,calculated,expert_excel_workbook,,,,,既有专家主导型工作簿,,0.37977000000000005,0.37977000000000005,既有专家主导型清单编制流程,
SRC-PWR-000408,POWER,PM2.5,calculated,expert_excel_workbook,,,,,既有专家主导型工作簿,,0.0,0.0,既有专家主导型清单编制流程,
SRC-PWR-000408,POWER,BC,calculated,expert_excel_workbook,,,,,既有专家主导型工作簿,,0.0,0.0,既有专家主导型清单编制流程,
SRC-PWR-000408,POWER,OC,calculated,expert_excel_workbook,,,,,既有专家主导型工作簿,,0.25318,0.25318,既有专家主导型清单编制流程,
SRC-PWR-000408,POWER,NH3,calculated,expert_excel_workbook,,,,,既有专家主导型工作簿,,0.0,0.0,既有专家主导型清单编制流程,
SRC-PWR-000409,POWER,SO2,calculated,expert_excel_workbook,,,,,既有专家主导型工作簿,,13283.948749999998,280.29131862500003,既有专家主导型清单编制流程,
SRC-PWR-000409,POWER,NOx,calculated,expert_excel_workbook,,,,,既有专家主导型工作簿,,13741.35875,2059.2455156935875,既有专家主导型清单编制流程,
SRC-PWR-000409,POWER,CO,calculated,expert_excel_workbook,,,,,既有专家主导型工作簿,,3811.75,3811.75,既有专家主导型清单编制流程,
SRC-PWR-000409,POWER,VOC,calculated,expert_excel_workbook,,,,,既有专家主导型工作簿,,35046.1824375,210.2770946249963,既有专家主导型清单编制流程,
SRC-PWR-000409,POWER,PM10,calculated,expert_excel_workbook,,,,,既有专家主导型工作簿,,9142.482374999998,155.4222003750001,既有专家主导型清单编制流程,
SRC-PWR-000409,POWER,PM2.5,calculated,expert_excel_workbook,,,,,既有专家主导型工作簿,,18.284964749999997,0.3108444007500002,既有专家主导型清单编制流程,
SRC-PWR-000409,POWER,BC,calculated,expert_excel_workbook,,,,,既有专家主导型工作簿,,0.0,0.0,既有专家主导型清单编制流程,
SRC-PWR-000409,POWER,OC,calculated,expert_excel_workbook,,,,,既有专家主导型工作簿,,76.235,76.235,既有专家主导型清单编制流程,
SRC-PWR-000409,POWER,NH3,calculated,expert_excel_workbook,,,,,既有专家主导型工作簿,,0.0,0.0,既有专家主导型清单编制流程,
SRC-PWR-000410,POWER,SO2,calculated,expert_excel_workbook,,,,,既有专家主导型工作簿,,10286.054169999998,217.03574298700002,既有专家主导型清单编制流程,
SRC-PWR-000410,POWER,NOx,calculated,expert_excel_workbook,,,,,既有专家主导型工作簿,,10640.23681,1604.4222717274206,既有专家主导型清单编制流程,
SRC-PWR-000410,POWER,CO,calculated,expert_excel_workbook,,,,,既有专家主导型工作簿,,2951.522,2951.522,既有专家主导型清单编制流程,
SRC-PWR-000410,POWER,VOC,calculated,expert_excel_workbook,,,,,既有专家主导型工作簿,,27137.0311485,162.82218689099713,既有专家主导型清单编制流程,
SRC-PWR-000410,POWER,PM10,calculated,expert_excel_workbook,,,,,既有专家主导型工作簿,,7079.225516999999,120.34683378900009,既有专家主导型清单编制流程,
SRC-PWR-000410,POWER,PM2.5,calculated,expert_excel_workbook,,,,,既有专家主导型工作簿,,14.158451033999999,0.2406936675780002,既有专家主导型清单编制流程,
SRC-PWR-000410,POWER,BC,calculated,expert_excel_workbook,,,,,既有专家主导型工作簿,,0.0,0.0,既有专家主导型清单编制流程,
SRC-PWR-000410,POWER,OC,calculated,expert_excel_workbook,,,,,既有专家主导型工作簿,,59.030440000000006,59.030440000000006,既有专家主导型清单编制流程,
SRC-PWR-000410,POWER,NH3,calculated,expert_excel_workbook,,,,,既有专家主导型工作簿,,0.0,0.0,既有专家主导型清单编制流程,
SRC-PWR-000411,POWER,SO2,calculated,expert_excel_workbook,,,,,既有专家主导型工作簿,,15191.379859999997,320.5381150460001,既有专家主导型清单编制流程,
SRC-PWR-000411,POWER,NOx,calculated,expert_excel_workbook,,,,,既有专家主导型工作簿,,15714.46898,2399.8302311369735,既有专家主导型清单编制流程,
SRC-PWR-000411,POWER,CO,calculated,expert_excel_workbook,,,,,既有专家主导型工作簿,,4359.076,4359.076,既有专家主导型清单编制流程,
SRC-PWR-000411,POWER,VOC,calculated,expert_excel_workbook,,,,,既有专家主导型工作簿,,40078.434513,240.47060707799577,既有专家主导型清单编制流程,
SRC-PWR-000411,POWER,PM10,calculated,expert_excel_workbook,,,,,既有专家主导型工作簿,,10455.243786,177.73914436200013,既有专家主导型清单编制流程,
SRC-PWR-000411,POWER,PM2.5,calculated,expert_excel_workbook,,,,,既有专家主导型工作簿,,20.910487571999997,0.3554782887240003,既有专家主导型清单编制流程,
SRC-PWR-000411,POWER,BC,calculated,expert_excel_workbook,,,,,既有专家主导型工作簿,,0.0,0.0,既有专家主导型清单编制流程,
SRC-PWR-000411,POWER,OC,calculated,expert_excel_workbook,,,,,既有专家主导型工作簿,,87.18152,87.18152,既有专家主导型清单编制流程,
SRC-PWR-000411,POWER,NH3,calculated,expert_excel_workbook,,,,,既有专家主导型工作簿,,0.0,0.0,既有专家主导型清单编制流程,
SRC-PWR-000412,POWER,SO2,calculated,expert_excel_workbook,,,,,既有专家主导型工作簿,,15626.029059999997,329.70921316600004,既有专家主导型清单编制流程,
SRC-PWR-000412,POWER,NOx,calculated,expert_excel_workbook,,,,,既有专家主导型工作簿,,16164.08458,2183.552153251561,既有专家主导型清单编制流程,
SRC-PWR-000412,POWER,CO,calculated,expert_excel_workbook,,,,,既有专家主导型工作簿,,4483.796,4483.796,既有专家主导型清单编制流程,
SRC-PWR-000412,POWER,VOC,calculated,expert_excel_workbook,,,,,既有专家主导型工作簿,,41225.141373,247.35084823799562,既有专家主导型清单编制流程,
SRC-PWR-000412,POWER,PM10,calculated,expert_excel_workbook,,,,,既有专家主导型工作簿,,10754.384705999999,182.82454000200013,既有专家主导型清单编制流程,
SRC-PWR-000412,POWER,PM2.5,calculated,expert_excel_workbook,,,,,既有专家主导型工作簿,,21.508769412,0.3656490800040003,既有专家主导型清单编制流程,
SRC-PWR-000412,POWER,BC,calculated,expert_excel_workbook,,,,,既有专家主导型工作簿,,0.0,0.0,既有专家主导型清单编制流程,
SRC-PWR-000412,POWER,OC,calculated,expert_excel_workbook,,,,,既有专家主导型工作簿,,89.67592,89.67592,既有专家主导型清单编制流程,
SRC-PWR-000412,POWER,NH3,calculated,expert_excel_workbook,,,,,既有专家主导型工作簿,,0.0,0.0,既有专家主导型清单编制流程,
SRC-PWR-000413,POWER,SO2,calculated,expert_excel_workbook,,,,,既有专家主导型工作簿,,23187.087440000003,194.77153449600175,既有专家主导型清单编制流程,
SRC-PWR-000413,POWER,NOx,calculated,expert_excel_workbook,,,,,既有专家主导型工作簿,,11175.06019,1899.7602323000006,既有专家主导型清单编制流程,
SRC-PWR-000413,POWER,CO,calculated,expert_excel_workbook,,,,,既有专家主导型工作簿,,3099.878,3099.878,既有专家主导型清单编制流程,
SRC-PWR-000413,POWER,VOC,calculated,expert_excel_workbook,,,,,既有专家主导型工作簿,,45077.6509065,586.0094617845006,既有专家主导型清单编制流程,
SRC-PWR-000413,POWER,PM10,calculated,expert_excel_workbook,,,,,既有专家主导型工作簿,,11759.387193,352.78161579000033,既有专家主导型清单编制流程,
SRC-PWR-000413,POWER,PM2.5,calculated,expert_excel_workbook,,,,,既有专家主导型工作簿,,23.518774386,0.7055632315800007,既有专家主导型清单编制流程,
SRC-PWR-000413,POWER,BC,calculated,expert_excel_workbook,,,,,既有专家主导型工作簿,,0.0,0.0,既有专家主导型清单编制流程,
SRC-PWR-000413,POWER,OC,calculated,expert_excel_workbook,,,,,既有专家主导型工作簿,,61.99756,61.99756,既有专家主导型清单编制流程,
SRC-PWR-000413,POWER,NH3,calculated,expert_excel_workbook,,,,,既有专家主导型工作簿,,0.0,0.0,既有专家主导型清单编制流程,
SRC-PWR-000414,POWER,SO2,calculated,expert_excel_workbook,,,,,既有专家主导型工作簿,,18642.31424,156.59543961600139,既有专家主导型清单编制流程,
SRC-PWR-000414,POWER,NOx,calculated,expert_excel_workbook,,,,,既有专家主导型工作簿,,8984.69824,1527.3987008000004,既有专家主导型清单编制流程,
SRC-PWR-000414,POWER,CO,calculated,expert_excel_workbook,,,,,既有专家主导型工作簿,,2492.288,2492.288,既有专家主导型清单编制流程,
SRC-PWR-000414,POWER,VOC,calculated,expert_excel_workbook,,,,,既有专家主导型工作簿,,34887.982032,453.5437664160004,既有专家主导型清单编制流程,
SRC-PWR-000414,POWER,PM10,calculated,expert_excel_workbook,,,,,既有专家主导型工作簿,,9101.212704,273.0363811200002,既有专家主导型清单编制流程,
SRC-PWR-000414,POWER,PM2.5,calculated,expert_excel_workbook,,,,,既有专家主导型工作簿,,18.202425408,0.5460727622400005,既有专家主导型清单编制流程,
SRC-PWR-000414,POWER,BC,calculated,expert_excel_workbook,,,,,既有专家主导型工作簿,,0.0,0.0,既有专家主导型清单编制流程,
SRC-PWR-000414,POWER,OC,calculated,expert_excel_workbook,,,,,既有专家主导型工作簿,,49.84576,49.84576,既有专家主导型清单编制流程,
SRC-PWR-000414,POWER,NH3,calculated,expert_excel_workbook,,,,,既有专家主导型工作簿,,0.0,0.0,既有专家主导型清单编制流程,
SRC-PWR-000415,POWER,SO2,calculated,expert_excel_workbook,,,,,既有专家主导型工作簿,,31214.23975,262.1996139000023,既有专家主导型清单编制流程,
SRC-PWR-000415,POWER,NOx,calculated,expert_excel_workbook,,,,,既有专家主导型工作簿,,15574.717550000001,2647.701983500001,既有专家主导型清单编制流程,
SRC-PWR-000415,POWER,CO,calculated,expert_excel_workbook,,,,,既有专家主导型工作簿,,4320.31,4320.31,既有专家主导型清单编制流程,
SRC-PWR-000415,POWER,VOC,calculated,expert_excel_workbook,,,,,既有专家主导型工作簿,,62787.60526875001,816.2388684937508,既有专家主导型清单编制流程,
SRC-PWR-000415,POWER,PM10,calculated,expert_excel_workbook,,,,,既有专家主导型工作簿,,16379.375287500001,491.38125862500044,既有专家主导型清单编制流程,
SRC-PWR-000415,POWER,PM2.5,calculated,expert_excel_workbook,,,,,既有专家主导型工作簿,,32.758750575,0.9827625172500009,既有专家主导型清单编制流程,
SRC-PWR-000415,POWER,BC,calculated,expert_excel_workbook,,,,,既有专家主导型工作簿,,0.0,0.0,既有专家主导型清单编制流程,
SRC-PWR-000415,POWER,OC,calculated,expert_excel_workbook,,,,,既有专家主导型工作簿,,86.4062,86.4062,既有专家主导型清单编制流程,
SRC-PWR-000415,POWER,NH3,calculated,expert_excel_workbook,,,,,既有专家主导型工作簿,,0.0,0.0,既有专家主导型清单编制流程,
SRC-PWR-000416,POWER,SO2,calculated,expert_excel_workbook,,,,,既有专家主导型工作簿,,35205.3,295.72452000000266,既有专家主导型清单编制流程,
SRC-PWR-000416,POWER,NOx,calculated,expert_excel_workbook,,,,,既有专家主导型工作簿,,16590.21,2820.3357000000005,既有专家主导型清单编制流程,
SRC-PWR-000416,POWER,CO,calculated,expert_excel_workbook,,,,,既有专家主导型工作簿,,4602.0,4602.0,既有专家主导型清单编制流程,
SRC-PWR-000416,POWER,VOC,calculated,expert_excel_workbook,,,,,既有专家主导型工作簿,,69580.51425000001,904.5466852500009,既有专家主导型清单编制流程,
SRC-PWR-000416,POWER,PM10,calculated,expert_excel_workbook,,,,,既有专家主导型工作簿,,18151.4385,544.5431550000005,既有专家主导型清单编制流程,
SRC-PWR-000416,POWER,PM2.5,calculated,expert_excel_workbook,,,,,既有专家主导型工作簿,,36.302877,1.089086310000001,既有专家主导型清单编制流程,
SRC-PWR-000416,POWER,BC,calculated,expert_excel_workbook,,,,,既有专家主导型工作簿,,0.0,0.0,既有专家主导型清单编制流程,
SRC-PWR-000416,POWER,OC,calculated,expert_excel_workbook,,,,,既有专家主导型工作簿,,92.04,92.04,既有专家主导型清单编制流程,
SRC-PWR-000416,POWER,NH3,calculated,expert_excel_workbook,,,,,既有专家主导型工作簿,,0.0,0.0,既有专家主导型清单编制流程,
SRC-PWR-000417,POWER,SO2,calculated,expert_excel_workbook,,,,,既有专家主导型工作簿,,1.747579031,1.747579031,既有专家主导型清单编制流程,
SRC-PWR-000417,POWER,NOx,calculated,expert_excel_workbook,,,,,既有专家主导型工作簿,,207.16236000000004,120.15416880000004,既有专家主导型清单编制流程,
SRC-PWR-000417,POWER,CO,calculated,expert_excel_workbook,,,,,既有专家主导型工作簿,,199.48968000000002,199.48968000000002,既有专家主导型清单编制流程,
SRC-PWR-000417,POWER,VOC,calculated,expert_excel_workbook,,,,,既有专家主导型工作簿,,4.6036079999999995,4.6036079999999995,既有专家主导型清单编制流程,
SRC-PWR-000417,POWER,PM10,calculated,expert_excel_workbook,,,,,既有专家主导型工作簿,,4.6036079999999995,4.6036079999999995,既有专家主导型清单编制流程,
SRC-PWR-000417,POWER,PM2.5,calculated,expert_excel_workbook,,,,,既有专家主导型工作簿,,0.0,0.0,既有专家主导型清单编制流程,
SRC-PWR-000417,POWER,BC,calculated,expert_excel_workbook,,,,,既有专家主导型工作簿,,0.0,0.0,既有专家主导型清单编制流程,
SRC-PWR-000417,POWER,OC,calculated,expert_excel_workbook,,,,,既有专家主导型工作簿,,7.67268,7.67268,既有专家主导型清单编制流程,
SRC-PWR-000417,POWER,NH3,calculated,expert_excel_workbook,,,,,既有专家主导型工作簿,,0.0,0.0,既有专家主导型清单编制流程,
SRC-PWR-000418,POWER,SO2,calculated,expert_excel_workbook,,,,,既有专家主导型工作簿,,0.9110532096000001,0.9110532096000001,既有专家主导型清单编制流程,
SRC-PWR-000418,POWER,NOx,calculated,expert_excel_workbook,,,,,既有专家主导型工作簿,,148.98704535880753,52.14546587558264,既有专家主导型清单编制流程,
SRC-PWR-000418,POWER,CO,calculated,expert_excel_workbook,,,,,既有专家主导型工作簿,,48.63394886403689,48.63394886403689,既有专家主导型清单编制流程,
SRC-PWR-000418,POWER,VOC,calculated,expert_excel_workbook,,,,,既有专家主导型工作簿,,1.1223218968623896,1.1223218968623896,既有专家主导型清单编制流程,
SRC-PWR-000418,POWER,PM10,calculated,expert_excel_workbook,,,,,既有专家主导型工作簿,,1.1223218968623896,1.1223218968623896,既有专家主导型清单编制流程,
SRC-PWR-000418,POWER,PM2.5,calculated,expert_excel_workbook,,,,,既有专家主导型工作簿,,0.0,0.0,既有专家主导型清单编制流程,
SRC-PWR-000418,POWER,BC,calculated,expert_excel_workbook,,,,,既有专家主导型工作簿,,0.0,0.0,既有专家主导型清单编制流程,
SRC-PWR-000418,POWER,OC,calculated,expert_excel_workbook,,,,,既有专家主导型工作簿,,0.7961812947706497,0.7961812947706497,既有专家主导型清单编制流程,
SRC-PWR-000418,POWER,NH3,calculated,expert_excel_workbook,,,,,既有专家主导型工作簿,,0.0,0.0,既有专家主导型清单编制流程,
SRC-PWR-000419,POWER,SO2,calculated,expert_excel_workbook,,,,,既有专家主导型工作簿,,1.1174029008,1.1174029008,既有专家主导型清单编制流程,
SRC-PWR-000419,POWER,NOx,calculated,expert_excel_workbook,,,,,既有专家主导型工作簿,,188.07653808292844,65.82678832902495,既有专家主导型清单编制流程,
SRC-PWR-000419,POWER,CO,calculated,expert_excel_workbook,,,,,既有专家主导型工作簿,,64.79594389467184,64.79594389467184,既有专家主导型清单编制流程,
SRC-PWR-000419,POWER,VOC,calculated,expert_excel_workbook,,,,,既有专家主导型工作簿,,1.4952910129539652,1.4952910129539652,既有专家主导型清单编制流程,
SRC-PWR-000419,POWER,PM10,calculated,expert_excel_workbook,,,,,既有专家主导型工作簿,,1.4952910129539652,1.4952910129539652,既有专家主导型清单编制流程,
SRC-PWR-000419,POWER,PM2.5,calculated,expert_excel_workbook,,,,,既有专家主导型工作簿,,0.0,0.0,既有专家主导型清单编制流程,
SRC-PWR-000419,POWER,BC,calculated,expert_excel_workbook,,,,,既有专家主导型工作簿,,0.0,0.0,既有专家主导型清单编制流程,
SRC-PWR-000419,POWER,OC,calculated,expert_excel_workbook,,,,,既有专家主导型工作簿,,1.1744595882566087,1.1744595882566087,既有专家主导型清单编制流程,
SRC-PWR-000419,POWER,NH3,calculated,expert_excel_workbook,,,,,既有专家主导型工作簿,,0.0,0.0,既有专家主导型清单编制流程,
SRC-PWR-000420,POWER,SO2,calculated,expert_excel_workbook,,,,,既有专家主导型工作簿,,1.4612382383999998,1.4612382383999998,既有专家主导型清单编制流程,
SRC-PWR-000420,POWER,NOx,calculated,expert_excel_workbook,,,,,既有专家主导型工作簿,,240.7197281185045,84.25190484147657,既有专家主导型清单编制流程,
SRC-PWR-000420,POWER,CO,calculated,expert_excel_workbook,,,,,既有专家主导型工作簿,,79.69823392893025,79.69823392893025,既有专家主导型清单编制流程,
SRC-PWR-000420,POWER,VOC,calculated,expert_excel_workbook,,,,,既有专家主导型工作簿,,1.839190013744544,1.839190013744544,既有专家主导型清单编制流程,
SRC-PWR-000420,POWER,PM10,calculated,expert_excel_workbook,,,,,既有专家主导型工作簿,,1.839190013744544,1.839190013744544,既有专家主导型清单编制流程,
SRC-PWR-000420,POWER,PM2.5,calculated,expert_excel_workbook,,,,,既有专家主导型工作簿,,0.0,0.0,既有专家主导型清单编制流程,
SRC-PWR-000420,POWER,BC,calculated,expert_excel_workbook,,,,,既有专家主导型工作簿,,0.0,0.0,既有专家主导型清单编制流程,
SRC-PWR-000420,POWER,OC,calculated,expert_excel_workbook,,,,,既有专家主导型工作簿,,1.3421583895742404,1.3421583895742404,既有专家主导型清单编制流程,
SRC-PWR-000420,POWER,NH3,calculated,expert_excel_workbook,,,,,既有专家主导型工作簿,,0.0,0.0,既有专家主导型清单编制流程,
SRC-PWR-000421,POWER,SO2,calculated,expert_excel_workbook,,,,,既有专家主导型工作簿,,1.2309523056000002,1.2309523056000002,既有专家主导型清单编制流程,
SRC-PWR-000421,POWER,NOx,calculated,expert_excel_workbook,,,,,既有专家主导型工作簿,,211.41486503228197,73.99520276129869,既有专家主导型清单编制流程,
SRC-PWR-000421,POWER,CO,calculated,expert_excel_workbook,,,,,既有专家主导型工作簿,,75.45009095701228,75.45009095701228,既有专家主导型清单编制流程,
SRC-PWR-000421,POWER,VOC,calculated,expert_excel_workbook,,,,,既有专家主导型工作簿,,1.7411559451618217,1.7411559451618217,既有专家主导型清单编制流程,
SRC-PWR-000421,POWER,PM10,calculated,expert_excel_workbook,,,,,既有专家主导型工作簿,,1.7411559451618217,1.7411559451618217,既有专家主导型清单编制流程,
SRC-PWR-000421,POWER,PM2.5,calculated,expert_excel_workbook,,,,,既有专家主导型工作簿,,0.0,0.0,既有专家主导型清单编制流程,
SRC-PWR-000421,POWER,BC,calculated,expert_excel_workbook,,,,,既有专家主导型工作簿,,0.0,0.0,既有专家主导型清单编制流程,
SRC-PWR-000421,POWER,OC,calculated,expert_excel_workbook,,,,,既有专家主导型工作簿,,1.4503318752697028,1.4503318752697028,既有专家主导型清单编制流程,
SRC-PWR-000421,POWER,NH3,calculated,expert_excel_workbook,,,,,既有专家主导型工作簿,,0.0,0.0,既有专家主导型清单编制流程,
SRC-PWR-000422,POWER,SO2,calculated,expert_excel_workbook,,,,,既有专家主导型工作簿,,5664.536,118.95525599999948,既有专家主导型清单编制流程,
SRC-PWR-000422,POWER,NOx,calculated,expert_excel_workbook,,,,,既有专家主导型工作簿,,6006.0742,474.0292190865801,既有专家主导型清单编制流程,
SRC-PWR-000422,POWER,CO,calculated,expert_excel_workbook,,,,,既有专家主导型工作簿,,1666.04,1666.04,既有专家主导型清单编制流程,
SRC-PWR-000422,POWER,VOC,calculated,expert_excel_workbook,,,,,既有专家主导型工作簿,,11336.669142400002,147.37669885120016,既有专家主导型清单编制流程,
SRC-PWR-000422,POWER,PM10,calculated,expert_excel_workbook,,,,,既有专家主导型工作簿,,2736.437379200001,82.0931213760001,既有专家主导型清单编制流程,
SRC-PWR-000422,POWER,PM2.5,calculated,expert_excel_workbook,,,,,既有专家主导型工作簿,,5.472874758400002,0.16418624275200022,既有专家主导型清单编制流程,
SRC-PWR-000422,POWER,BC,calculated,expert_excel_workbook,,,,,既有专家主导型工作簿,,0.0,0.0,既有专家主导型清单编制流程,
SRC-PWR-000422,POWER,OC,calculated,expert_excel_workbook,,,,,既有专家主导型工作簿,,33.320800000000006,33.320800000000006,既有专家主导型清单编制流程,
SRC-PWR-000422,POWER,NH3,calculated,expert_excel_workbook,,,,,既有专家主导型工作簿,,0.0,0.0,既有专家主导型清单编制流程,
SRC-PWR-000423,POWER,SO2,calculated,expert_excel_workbook,,,,,既有专家主导型工作簿,,4846.12557,101.76863696999956,既有专家主导型清单编制流程,
SRC-PWR-000423,POWER,NOx,calculated,expert_excel_workbook,,,,,既有专家主导型工作簿,,5270.07019,1428.1890214899995,既有专家主导型清单编制流程,
SRC-PWR-000423,POWER,CO,calculated,expert_excel_workbook,,,,,既有专家主导型工作簿,,1461.878,1461.878,既有专家主导型清单编制流程,
SRC-PWR-000423,POWER,VOC,calculated,expert_excel_workbook,,,,,既有专家主导型工作簿,,10445.995436800002,135.79794067840015,既有专家主导型清单编制流程,
SRC-PWR-000423,POWER,PM10,calculated,expert_excel_workbook,,,,,既有专家主导型工作簿,,2521.4471744000007,75.64341523200008,既有专家主导型清单编制流程,
SRC-PWR-000423,POWER,PM2.5,calculated,expert_excel_workbook,,,,,既有专家主导型工作簿,,5.042894348800002,0.15128683046400018,既有专家主导型清单编制流程,
SRC-PWR-000423,POWER,BC,calculated,expert_excel_workbook,,,,,既有专家主导型工作簿,,0.0,0.0,既有专家主导型清单编制流程,
SRC-PWR-000423,POWER,OC,calculated,expert_excel_workbook,,,,,既有专家主导型工作簿,,29.237560000000002,29.237560000000002,既有专家主导型清单编制流程,
SRC-PWR-000423,POWER,NH3,calculated,expert_excel_workbook,,,,,既有专家主导型工作簿,,0.0,0.0,既有专家主导型清单编制流程,
SRC-PWR-000424,POWER,SO2,calculated,expert_excel_workbook,,,,,既有专家主导型工作簿,,2600.01485,121.94069646499985,既有专家主导型清单编制流程,
SRC-PWR-000424,POWER,NOx,calculated,expert_excel_workbook,,,,,既有专家主导型工作簿,,1407.4105499999998,452.06026866,既有专家主导型清单编制流程,
SRC-PWR-000424,POWER,CO,calculated,expert_excel_workbook,,,,,既有专家主导型工作簿,,343.69,343.69,既有专家主导型清单编制流程,
SRC-PWR-000424,POWER,VOC,calculated,expert_excel_workbook,,,,,既有专家主导型工作簿,,7114.383,92.48697900000008,既有专家主导型清单编制流程,
SRC-PWR-000424,POWER,PM10,calculated,expert_excel_workbook,,,,,既有专家主导型工作簿,,1855.9259999999997,55.67778000000004,既有专家主导型清单编制流程,
SRC-PWR-000424,POWER,PM2.5,calculated,expert_excel_workbook,,,,,既有专家主导型工作簿,,3.7118519999999995,0.11135556000000009,既有专家主导型清单编制流程,
SRC-PWR-000424,POWER,BC,calculated,expert_excel_workbook,,,,,既有专家主导型工作簿,,0.0,0.0,既有专家主导型清单编制流程,
SRC-PWR-000424,POWER,OC,calculated,expert_excel_workbook,,,,,既有专家主导型工作簿,,6.8738,6.8738,既有专家主导型清单编制流程,
SRC-PWR-000424,POWER,NH3,calculated,expert_excel_workbook,,,,,既有专家主导型工作簿,,0.0,0.0,既有专家主导型清单编制流程,
SRC-PWR-000425,POWER,SO2,calculated,expert_excel_workbook,,,,,既有专家主导型工作簿,,3023.5341500000004,143.92022554000027,既有专家主导型清单编制流程,
SRC-PWR-000425,POWER,NOx,calculated,expert_excel_workbook,,,,,既有专家主导型工作簿,,1600.6945499999997,475.08614244,既有专家主导型清单编制流程,
SRC-PWR-000425,POWER,CO,calculated,expert_excel_workbook,,,,,既有专家主导型工作簿,,390.89,390.89,既有专家主导型清单编制流程,
SRC-PWR-000425,POWER,VOC,calculated,expert_excel_workbook,,,,,既有专家主导型工作簿,,7879.0231462500005,102.42730090125009,既有专家主导型清单编制流程,
SRC-PWR-000425,POWER,PM10,calculated,expert_excel_workbook,,,,,既有专家主导型工作簿,,2055.3973425,61.66192027500005,既有专家主导型清单编制流程,
SRC-PWR-000425,POWER,PM2.5,calculated,expert_excel_workbook,,,,,既有专家主导型工作簿,,4.110794685,0.12332384055000012,既有专家主导型清单编制流程,
SRC-PWR-000425,POWER,BC,calculated,expert_excel_workbook,,,,,既有专家主导型工作簿,,0.0,0.0,既有专家主导型清单编制流程,
SRC-PWR-000425,POWER,OC,calculated,expert_excel_workbook,,,,,既有专家主导型工作簿,,7.8178,7.8178,既有专家主导型清单编制流程,
SRC-PWR-000425,POWER,NH3,calculated,expert_excel_workbook,,,,,既有专家主导型工作簿,,0.0,0.0,既有专家主导型清单编制流程,
SRC-PWR-000426,POWER,SO2,calculated,expert_excel_workbook,,,,,既有专家主导型工作簿,,6477.4783800000005,64.77478380000007,既有专家主导型清单编制流程,
SRC-PWR-000426,POWER,NOx,calculated,expert_excel_workbook,,,,,既有专家主导型工作簿,,3059.4318299999995,382.42897874999994,既有专家主导型清单编制流程,
SRC-PWR-000426,POWER,CO,calculated,expert_excel_workbook,,,,,既有专家主导型工作簿,,747.114,747.114,既有专家主导型清单编制流程,
SRC-PWR-000426,POWER,VOC,calculated,expert_excel_workbook,,,,,既有专家主导型工作簿,,19331.57475,115.98944849999796,既有专家主导型清单编制流程,
SRC-PWR-000426,POWER,PM10,calculated,expert_excel_workbook,,,,,既有专家主导型工作簿,,5043.019499999999,85.73133150000007,既有专家主导型清单编制流程,
SRC-PWR-000426,POWER,PM2.5,calculated,expert_excel_workbook,,,,,既有专家主导型工作簿,,10.086039,0.17146266300000015,既有专家主导型清单编制流程,
SRC-PWR-000426,POWER,BC,calculated,expert_excel_workbook,,,,,既有专家主导型工作簿,,0.0,0.0,既有专家主导型清单编制流程,
SRC-PWR-000426,POWER,OC,calculated,expert_excel_workbook,,,,,既有专家主导型工作簿,,14.94228,14.94228,既有专家主导型清单编制流程,
SRC-PWR-000426,POWER,NH3,calculated,expert_excel_workbook,,,,,既有专家主导型工作簿,,0.0,0.0,既有专家主导型清单编制流程,
SRC-PWR-000427,POWER,SO2,calculated,expert_excel_workbook,,,,,既有专家主导型工作簿,,5292.09864,52.92098640000005,既有专家主导型清单编制流程,
SRC-PWR-000427,POWER,NOx,calculated,expert_excel_workbook,,,,,既有专家主导型工作簿,,2499.5552399999997,312.44440499999996,既有专家主导型清单编制流程,
SRC-PWR-000427,POWER,CO,calculated,expert_excel_workbook,,,,,既有专家主导型工作簿,,610.392,610.392,既有专家主导型清单编制流程,
SRC-PWR-000427,POWER,VOC,calculated,expert_excel_workbook,,,,,既有专家主导型工作簿,,15793.893,94.76335799999833,既有专家主导型清单编制流程,
SRC-PWR-000427,POWER,PM10,calculated,expert_excel_workbook,,,,,既有专家主导型工作簿,,4120.146,70.04248200000006,既有专家主导型清单编制流程,
SRC-PWR-000427,POWER,PM2.5,calculated,expert_excel_workbook,,,,,既有专家主导型工作簿,,8.240292,0.14008496400000012,既有专家主导型清单编制流程,
SRC-PWR-000427,POWER,BC,calculated,expert_excel_workbook,,,,,既有专家主导型工作簿,,0.0,0.0,既有专家主导型清单编制流程,
SRC-PWR-000427,POWER,OC,calculated,expert_excel_workbook,,,,,既有专家主导型工作簿,,12.207840000000001,12.207840000000001,既有专家主导型清单编制流程,
SRC-PWR-000427,POWER,NH3,calculated,expert_excel_workbook,,,,,既有专家主导型工作簿,,0.0,0.0,既有专家主导型清单编制流程,
