source_id,target,pollutant,status,method,activity_record_json,parameter_record_json,control_record_json,generation_t,emission_t,standard_reference,reason_code
SRC-RAW-3E66D36FC4F7A71C87FB,POWER,SO2,calculated,产排污系数法/煤质物料衡算法,"[{""component"": ""燃料一"", ""fuel"": ""焦炉煤气"", ""raw_amount"": 95.546, ""unit"": ""万立方米"", ""generation_use"": 95.546, ""heat_use"": 0.0, ""amount"": 95.546, ""sulfur"": null, ""sulfur_unit"": ""毫克/立方米"", ""ash"": null, ""source_row"": 4}]","[{""component"": ""燃料一"", ""factor"": 0, ""unit"": ""g/m3"", ""reference"": ""T/CSES 144-2024 7.2; 表D.1及注a-c""}]",[],0.0,0,T/CSES 144-2024 7.2; 表D.1及注a-c,
SRC-RAW-3E66D36FC4F7A71C87FB,POWER,NOx,information_insufficient,产排污系数法/煤质物料衡算法,"[{""component"": ""燃料一"", ""fuel"": ""焦炉煤气"", ""raw_amount"": 95.546, ""unit"": ""万立方米"", ""generation_use"": 95.546, ""heat_use"": 0.0, ""amount"": 95.546, ""sulfur"": null, ""sulfur_unit"": ""毫克/立方米"", ""ash"": null, ""source_row"": 4}]","[{""component"": ""燃料一"", ""factor"": 1.35, ""unit"": ""g/m3"", ""reference"": ""T/CSES 144-2024 7.2; 表D.1及注a-c""}]",[],1.2898710000000002,,T/CSES 144-2024 7.2; 表D.1及注a-c,SOURCE_RELATION_MISSING
SRC-RAW-3E66D36FC4F7A71C87FB,POWER,CO,calculated,产排污系数法/煤质物料衡算法,"[{""component"": ""燃料一"", ""fuel"": ""焦炉煤气"", ""raw_amount"": 95.546, ""unit"": ""万立方米"", ""generation_use"": 95.546, ""heat_use"": 0.0, ""amount"": 95.546, ""sulfur"": null, ""sulfur_unit"": ""毫克/立方米"", ""ash"": null, ""source_row"": 4}]","[{""component"": ""燃料一"", ""factor"": 1.3, ""unit"": ""g/m3"", ""reference"": ""T/CSES 144-2024 7.2; 表D.1及注a-c""}]","[{""component"": ""燃烧源治理"", ""efficiency"": 0, ""reference"": ""表A.1燃烧源控制措施VOCs为0；CO按表D.1""}]",1.2420980000000001,1.2420980000000001,T/CSES 144-2024 7.2; 表D.1及注a-c,
SRC-RAW-3E66D36FC4F7A71C87FB,POWER,VOC,calculated,产排污系数法/煤质物料衡算法,"[{""component"": ""燃料一"", ""fuel"": ""焦炉煤气"", ""raw_amount"": 95.546, ""unit"": ""万立方米"", ""generation_use"": 95.546, ""heat_use"": 0.0, ""amount"": 95.546, ""sulfur"": null, ""sulfur_unit"": ""毫克/立方米"", ""ash"": null, ""source_row"": 4}]","[{""component"": ""燃料一"", ""factor"": 0.02, ""unit"": ""g/m3"", ""reference"": ""T/CSES 144-2024 7.2; 表D.1及注a-c""}]","[{""component"": ""燃烧源治理"", ""efficiency"": 0, ""reference"": ""表A.1燃烧源控制措施VOCs为0；CO按表D.1""}]",0.019109200000000003,0.019109200000000003,T/CSES 144-2024 7.2; 表D.1及注a-c,
SRC-RAW-3E66D36FC4F7A71C87FB,POWER,PM10,information_insufficient,产排污系数法/煤质物料衡算法,"[{""component"": ""燃料一"", ""fuel"": ""焦炉煤气"", ""raw_amount"": 95.546, ""unit"": ""万立方米"", ""generation_use"": 95.546, ""heat_use"": 0.0, ""amount"": 95.546, ""sulfur"": null, ""sulfur_unit"": ""毫克/立方米"", ""ash"": null, ""source_row"": 4}]","[{""component"": ""燃料一"", ""factor"": 0.03, ""unit"": ""g/m3"", ""reference"": ""T/CSES 144-2024 7.2; 表D.1及注a-c""}]",[],0.0286638,,T/CSES 144-2024 7.2; 表D.1及注a-c,SOURCE_RELATION_MISSING
SRC-RAW-3E66D36FC4F7A71C87FB,POWER,PM2.5,information_insufficient,产排污系数法/煤质物料衡算法,"[{""component"": ""燃料一"", ""fuel"": ""焦炉煤气"", ""raw_amount"": 95.546, ""unit"": ""万立方米"", ""generation_use"": 95.546, ""heat_use"": 0.0, ""amount"": 95.546, ""sulfur"": null, ""sulfur_unit"": ""毫克/立方米"", ""ash"": null, ""source_row"": 4}]","[{""component"": ""燃料一"", ""factor"": 0.03, ""unit"": ""g/m3"", ""reference"": ""T/CSES 144-2024 7.2; 表D.1及注a-c""}]",[],0.0286638,,T/CSES 144-2024 7.2; 表D.1及注a-c,SOURCE_RELATION_MISSING
SRC-RAW-3E66D36FC4F7A71C87FB,POWER,BC,calculated,产排污系数法/煤质物料衡算法,"[{""component"": ""燃料一"", ""fuel"": ""焦炉煤气"", ""raw_amount"": 95.546, ""unit"": ""万立方米"", ""generation_use"": 95.546, ""heat_use"": 0.0, ""amount"": 95.546, ""sulfur"": null, ""sulfur_unit"": ""毫克/立方米"", ""ash"": null, ""source_row"": 4}]","[{""component"": ""燃料一"", ""factor"": 0, ""unit"": ""g/m3"", ""reference"": ""T/CSES 144-2024 7.2; 表D.1及注a-c""}]",[],0.0,0,T/CSES 144-2024 7.2; 表D.1及注a-c,
SRC-RAW-3E66D36FC4F7A71C87FB,POWER,OC,calculated,产排污系数法/煤质物料衡算法,"[{""component"": ""燃料一"", ""fuel"": ""焦炉煤气"", ""raw_amount"": 95.546, ""unit"": ""万立方米"", ""generation_use"": 95.546, ""heat_use"": 0.0, ""amount"": 95.546, ""sulfur"": null, ""sulfur_unit"": ""毫克/立方米"", ""ash"": null, ""source_row"": 4}]","[{""component"": ""燃料一"", ""factor"": 0, ""unit"": ""g/m3"", ""reference"": ""T/CSES 144-2024 7.2; 表D.1及注a-c""}]",[],0.0,0,T/CSES 144-2024 7.2; 表D.1及注a-c,
SRC-RAW-3E66D36FC4F7A71C87FB,POWER,NH3,not_involved,第7章核算范围,[],[],[],,,T/CSES 144-2024第7章、表D.1；未列NH3，未将缺省范围解释为零排放,OUTSIDE_CHAPTER7_POLLUTANT_SCOPE
SRC-RAW-DB41A697E6D3E6CCEBB9,POWER,SO2,information_insufficient,产排污系数法/煤质物料衡算法,"[{""component"": ""燃料一"", ""fuel"": ""焦炉煤气"", ""raw_amount"": 38.885, ""unit"": ""万立方米"", ""generation_use"": 38.885, ""heat_use"": 0.0, ""amount"": 38.885, ""sulfur"": null, ""sulfur_unit"": ""毫克/立方米"", ""ash"": null, ""source_row"": 5}]","[{""component"": ""燃料一"", ""factor"": null, ""unit"": ""g/m3"", ""reference"": ""T/CSES 144-2024 7.2; 表D.1及注a-c；未提供该设备技术的对应系数""}]",[],,,T/CSES 144-2024 7.2; 表D.1及注a-c；未提供该设备技术的对应系数,FACTOR_NOT_APPLICABLE
SRC-RAW-DB41A697E6D3E6CCEBB9,POWER,NOx,information_insufficient,产排污系数法/煤质物料衡算法,"[{""component"": ""燃料一"", ""fuel"": ""焦炉煤气"", ""raw_amount"": 38.885, ""unit"": ""万立方米"", ""generation_use"": 38.885, ""heat_use"": 0.0, ""amount"": 38.885, ""sulfur"": null, ""sulfur_unit"": ""毫克/立方米"", ""ash"": null, ""source_row"": 5}]","[{""component"": ""燃料一"", ""factor"": null, ""unit"": ""g/m3"", ""reference"": ""T/CSES 144-2024 7.2; 表D.1及注a-c；未提供该设备技术的对应系数""}]",[],,,T/CSES 144-2024 7.2; 表D.1及注a-c；未提供该设备技术的对应系数,FACTOR_NOT_APPLICABLE
SRC-RAW-DB41A697E6D3E6CCEBB9,POWER,CO,information_insufficient,产排污系数法/煤质物料衡算法,"[{""component"": ""燃料一"", ""fuel"": ""焦炉煤气"", ""raw_amount"": 38.885, ""unit"": ""万立方米"", ""generation_use"": 38.885, ""heat_use"": 0.0, ""amount"": 38.885, ""sulfur"": null, ""sulfur_unit"": ""毫克/立方米"", ""ash"": null, ""source_row"": 5}]","[{""component"": ""燃料一"", ""factor"": null, ""unit"": ""g/m3"", ""reference"": ""T/CSES 144-2024 7.2; 表D.1及注a-c；未提供该设备技术的对应系数""}]",[],,,T/CSES 144-2024 7.2; 表D.1及注a-c；未提供该设备技术的对应系数,FACTOR_NOT_APPLICABLE
SRC-RAW-DB41A697E6D3E6CCEBB9,POWER,VOC,information_insufficient,产排污系数法/煤质物料衡算法,"[{""component"": ""燃料一"", ""fuel"": ""焦炉煤气"", ""raw_amount"": 38.885, ""unit"": ""万立方米"", ""generation_use"": 38.885, ""heat_use"": 0.0, ""amount"": 38.885, ""sulfur"": null, ""sulfur_unit"": ""毫克/立方米"", ""ash"": null, ""source_row"": 5}]","[{""component"": ""燃料一"", ""factor"": null, ""unit"": ""g/m3"", ""reference"": ""T/CSES 144-2024 7.2; 表D.1及注a-c；未提供该设备技术的对应系数""}]",[],,,T/CSES 144-2024 7.2; 表D.1及注a-c；未提供该设备技术的对应系数,FACTOR_NOT_APPLICABLE
SRC-RAW-DB41A697E6D3E6CCEBB9,POWER,PM10,information_insufficient,产排污系数法/煤质物料衡算法,"[{""component"": ""燃料一"", ""fuel"": ""焦炉煤气"", ""raw_amount"": 38.885, ""unit"": ""万立方米"", ""generation_use"": 38.885, ""heat_use"": 0.0, ""amount"": 38.885, ""sulfur"": null, ""sulfur_unit"": ""毫克/立方米"", ""ash"": null, ""source_row"": 5}]","[{""component"": ""燃料一"", ""factor"": null, ""unit"": ""g/m3"", ""reference"": ""T/CSES 144-2024 7.2; 表D.1及注a-c；未提供该设备技术的对应系数""}]",[],,,T/CSES 144-2024 7.2; 表D.1及注a-c；未提供该设备技术的对应系数,FACTOR_NOT_APPLICABLE
SRC-RAW-DB41A697E6D3E6CCEBB9,POWER,PM2.5,information_insufficient,产排污系数法/煤质物料衡算法,"[{""component"": ""燃料一"", ""fuel"": ""焦炉煤气"", ""raw_amount"": 38.885, ""unit"": ""万立方米"", ""generation_use"": 38.885, ""heat_use"": 0.0, ""amount"": 38.885, ""sulfur"": null, ""sulfur_unit"": ""毫克/立方米"", ""ash"": null, ""source_row"": 5}]","[{""component"": ""燃料一"", ""factor"": null, ""unit"": ""g/m3"", ""reference"": ""T/CSES 144-2024 7.2; 表D.1及注a-c；未提供该设备技术的对应系数""}]",[],,,T/CSES 144-2024 7.2; 表D.1及注a-c；未提供该设备技术的对应系数,FACTOR_NOT_APPLICABLE
SRC-RAW-DB41A697E6D3E6CCEBB9,POWER,BC,information_insufficient,产排污系数法/煤质物料衡算法,"[{""component"": ""燃料一"", ""fuel"": ""焦炉煤气"", ""raw_amount"": 38.885, ""unit"": ""万立方米"", ""generation_use"": 38.885, ""heat_use"": 0.0, ""amount"": 38.885, ""sulfur"": null, ""sulfur_unit"": ""毫克/立方米"", ""ash"": null, ""source_row"": 5}]","[{""component"": ""燃料一"", ""factor"": null, ""unit"": ""g/m3"", ""reference"": ""T/CSES 144-2024 7.2; 表D.1及注a-c；未提供该设备技术的对应系数""}]",[],,,T/CSES 144-2024 7.2; 表D.1及注a-c；未提供该设备技术的对应系数,FACTOR_NOT_APPLICABLE
SRC-RAW-DB41A697E6D3E6CCEBB9,POWER,OC,information_insufficient,产排污系数法/煤质物料衡算法,"[{""component"": ""燃料一"", ""fuel"": ""焦炉煤气"", ""raw_amount"": 38.885, ""unit"": ""万立方米"", ""generation_use"": 38.885, ""heat_use"": 0.0, ""amount"": 38.885, ""sulfur"": null, ""sulfur_unit"": ""毫克/立方米"", ""ash"": null, ""source_row"": 5}]","[{""component"": ""燃料一"", ""factor"": null, ""unit"": ""g/m3"", ""reference"": ""T/CSES 144-2024 7.2; 表D.1及注a-c；未提供该设备技术的对应系数""}]",[],,,T/CSES 144-2024 7.2; 表D.1及注a-c；未提供该设备技术的对应系数,FACTOR_NOT_APPLICABLE
SRC-RAW-DB41A697E6D3E6CCEBB9,POWER,NH3,not_involved,第7章核算范围,[],[],[],,,T/CSES 144-2024第7章、表D.1；未列NH3，未将缺省范围解释为零排放,OUTSIDE_CHAPTER7_POLLUTANT_SCOPE
SRC-RAW-09CC07AB1163C70FFAC1,POWER,SO2,source_data_invalid,产排污系数法/煤质物料衡算法,"[{""component"": ""燃料一"", ""fuel"": ""焦炉煤气"", ""raw_amount"": -38.885, ""unit"": ""万立方米"", ""generation_use"": 38.885, ""heat_use"": 0.0, ""amount"": -38.885, ""sulfur"": null, ""sulfur_unit"": ""毫克/立方米"", ""ash"": null, ""source_row"": 6}]","[{""component"": ""燃料一"", ""factor"": null, ""unit"": ""g/m3"", ""reference"": ""T/CSES 144-2024 7.2; 表D.1及注a-c；未提供该设备技术的对应系数""}]",[],,,T/CSES 144-2024 7.2; 表D.1及注a-c；未提供该设备技术的对应系数,HARD_CONSTRAINT_CONFLICT; FACTOR_NOT_APPLICABLE
SRC-RAW-09CC07AB1163C70FFAC1,POWER,NOx,source_data_invalid,产排污系数法/煤质物料衡算法,"[{""component"": ""燃料一"", ""fuel"": ""焦炉煤气"", ""raw_amount"": -38.885, ""unit"": ""万立方米"", ""generation_use"": 38.885, ""heat_use"": 0.0, ""amount"": -38.885, ""sulfur"": null, ""sulfur_unit"": ""毫克/立方米"", ""ash"": null, ""source_row"": 6}]","[{""component"": ""燃料一"", ""factor"": null, ""unit"": ""g/m3"", ""reference"": ""T/CSES 144-2024 7.2; 表D.1及注a-c；未提供该设备技术的对应系数""}]",[],,,T/CSES 144-2024 7.2; 表D.1及注a-c；未提供该设备技术的对应系数,HARD_CONSTRAINT_CONFLICT; FACTOR_NOT_APPLICABLE
SRC-RAW-09CC07AB1163C70FFAC1,POWER,CO,source_data_invalid,产排污系数法/煤质物料衡算法,"[{""component"": ""燃料一"", ""fuel"": ""焦炉煤气"", ""raw_amount"": -38.885, ""unit"": ""万立方米"", ""generation_use"": 38.885, ""heat_use"": 0.0, ""amount"": -38.885, ""sulfur"": null, ""sulfur_unit"": ""毫克/立方米"", ""ash"": null, ""source_row"": 6}]","[{""component"": ""燃料一"", ""factor"": null, ""unit"": ""g/m3"", ""reference"": ""T/CSES 144-2024 7.2; 表D.1及注a-c；未提供该设备技术的对应系数""}]",[],,,T/CSES 144-2024 7.2; 表D.1及注a-c；未提供该设备技术的对应系数,HARD_CONSTRAINT_CONFLICT; FACTOR_NOT_APPLICABLE
SRC-RAW-09CC07AB1163C70FFAC1,POWER,VOC,source_data_invalid,产排污系数法/煤质物料衡算法,"[{""component"": ""燃料一"", ""fuel"": ""焦炉煤气"", ""raw_amount"": -38.885, ""unit"": ""万立方米"", ""generation_use"": 38.885, ""heat_use"": 0.0, ""amount"": -38.885, ""sulfur"": null, ""sulfur_unit"": ""毫克/立方米"", ""ash"": null, ""source_row"": 6}]","[{""component"": ""燃料一"", ""factor"": null, ""unit"": ""g/m3"", ""reference"": ""T/CSES 144-2024 7.2; 表D.1及注a-c；未提供该设备技术的对应系数""}]",[],,,T/CSES 144-2024 7.2; 表D.1及注a-c；未提供该设备技术的对应系数,HARD_CONSTRAINT_CONFLICT; FACTOR_NOT_APPLICABLE
SRC-RAW-09CC07AB1163C70FFAC1,POWER,PM10,source_data_invalid,产排污系数法/煤质物料衡算法,"[{""component"": ""燃料一"", ""fuel"": ""焦炉煤气"", ""raw_amount"": -38.885, ""unit"": ""万立方米"", ""generation_use"": 38.885, ""heat_use"": 0.0, ""amount"": -38.885, ""sulfur"": null, ""sulfur_unit"": ""毫克/立方米"", ""ash"": null, ""source_row"": 6}]","[{""component"": ""燃料一"", ""factor"": null, ""unit"": ""g/m3"", ""reference"": ""T/CSES 144-2024 7.2; 表D.1及注a-c；未提供该设备技术的对应系数""}]",[],,,T/CSES 144-2024 7.2; 表D.1及注a-c；未提供该设备技术的对应系数,HARD_CONSTRAINT_CONFLICT; FACTOR_NOT_APPLICABLE
SRC-RAW-09CC07AB1163C70FFAC1,POWER,PM2.5,source_data_invalid,产排污系数法/煤质物料衡算法,"[{""component"": ""燃料一"", ""fuel"": ""焦炉煤气"", ""raw_amount"": -38.885, ""unit"": ""万立方米"", ""generation_use"": 38.885, ""heat_use"": 0.0, ""amount"": -38.885, ""sulfur"": null, ""sulfur_unit"": ""毫克/立方米"", ""ash"": null, ""source_row"": 6}]","[{""component"": ""燃料一"", ""factor"": null, ""unit"": ""g/m3"", ""reference"": ""T/CSES 144-2024 7.2; 表D.1及注a-c；未提供该设备技术的对应系数""}]",[],,,T/CSES 144-2024 7.2; 表D.1及注a-c；未提供该设备技术的对应系数,HARD_CONSTRAINT_CONFLICT; FACTOR_NOT_APPLICABLE
SRC-RAW-09CC07AB1163C70FFAC1,POWER,BC,source_data_invalid,产排污系数法/煤质物料衡算法,"[{""component"": ""燃料一"", ""fuel"": ""焦炉煤气"", ""raw_amount"": -38.885, ""unit"": ""万立方米"", ""generation_use"": 38.885, ""heat_use"": 0.0, ""amount"": -38.885, ""sulfur"": null, ""sulfur_unit"": ""毫克/立方米"", ""ash"": null, ""source_row"": 6}]","[{""component"": ""燃料一"", ""factor"": null, ""unit"": ""g/m3"", ""reference"": ""T/CSES 144-2024 7.2; 表D.1及注a-c；未提供该设备技术的对应系数""}]",[],,,T/CSES 144-2024 7.2; 表D.1及注a-c；未提供该设备技术的对应系数,HARD_CONSTRAINT_CONFLICT; FACTOR_NOT_APPLICABLE
SRC-RAW-09CC07AB1163C70FFAC1,POWER,OC,source_data_invalid,产排污系数法/煤质物料衡算法,"[{""component"": ""燃料一"", ""fuel"": ""焦炉煤气"", ""raw_amount"": -38.885, ""unit"": ""万立方米"", ""generation_use"": 38.885, ""heat_use"": 0.0, ""amount"": -38.885, ""sulfur"": null, ""sulfur_unit"": ""毫克/立方米"", ""ash"": null, ""source_row"": 6}]","[{""component"": ""燃料一"", ""factor"": null, ""unit"": ""g/m3"", ""reference"": ""T/CSES 144-2024 7.2; 表D.1及注a-c；未提供该设备技术的对应系数""}]",[],,,T/CSES 144-2024 7.2; 表D.1及注a-c；未提供该设备技术的对应系数,HARD_CONSTRAINT_CONFLICT; FACTOR_NOT_APPLICABLE
SRC-RAW-09CC07AB1163C70FFAC1,POWER,NH3,not_involved,第7章核算范围,[],[],[],,,T/CSES 144-2024第7章、表D.1；未列NH3，未将缺省范围解释为零排放,OUTSIDE_CHAPTER7_POLLUTANT_SCOPE
SRC-RAW-934C722DA5B37B8C1AE7,POWER,SO2,information_insufficient,产排污系数法/煤质物料衡算法,"[{""component"": ""燃料一"", ""fuel"": ""焦炉煤气"", ""raw_amount"": 455.19, ""unit"": ""万立方米"", ""generation_use"": 455.19, ""heat_use"": null, ""amount"": 455.19, ""sulfur"": null, ""sulfur_unit"": ""毫克/立方米"", ""ash"": null, ""source_row"": 7}]","[{""component"": ""燃料一"", ""factor"": null, ""unit"": ""g/m3"", ""reference"": ""T/CSES 144-2024 7.2; 表D.1及注a-c；未提供该设备技术的对应系数""}]",[],,,T/CSES 144-2024 7.2; 表D.1及注a-c；未提供该设备技术的对应系数,FACTOR_NOT_APPLICABLE
SRC-RAW-934C722DA5B37B8C1AE7,POWER,NOx,information_insufficient,产排污系数法/煤质物料衡算法,"[{""component"": ""燃料一"", ""fuel"": ""焦炉煤气"", ""raw_amount"": 455.19, ""unit"": ""万立方米"", ""generation_use"": 455.19, ""heat_use"": null, ""amount"": 455.19, ""sulfur"": null, ""sulfur_unit"": ""毫克/立方米"", ""ash"": null, ""source_row"": 7}]","[{""component"": ""燃料一"", ""factor"": null, ""unit"": ""g/m3"", ""reference"": ""T/CSES 144-2024 7.2; 表D.1及注a-c；未提供该设备技术的对应系数""}]",[],,,T/CSES 144-2024 7.2; 表D.1及注a-c；未提供该设备技术的对应系数,FACTOR_NOT_APPLICABLE
SRC-RAW-934C722DA5B37B8C1AE7,POWER,CO,information_insufficient,产排污系数法/煤质物料衡算法,"[{""component"": ""燃料一"", ""fuel"": ""焦炉煤气"", ""raw_amount"": 455.19, ""unit"": ""万立方米"", ""generation_use"": 455.19, ""heat_use"": null, ""amount"": 455.19, ""sulfur"": null, ""sulfur_unit"": ""毫克/立方米"", ""ash"": null, ""source_row"": 7}]","[{""component"": ""燃料一"", ""factor"": null, ""unit"": ""g/m3"", ""reference"": ""T/CSES 144-2024 7.2; 表D.1及注a-c；未提供该设备技术的对应系数""}]",[],,,T/CSES 144-2024 7.2; 表D.1及注a-c；未提供该设备技术的对应系数,FACTOR_NOT_APPLICABLE
SRC-RAW-934C722DA5B37B8C1AE7,POWER,VOC,information_insufficient,产排污系数法/煤质物料衡算法,"[{""component"": ""燃料一"", ""fuel"": ""焦炉煤气"", ""raw_amount"": 455.19, ""unit"": ""万立方米"", ""generation_use"": 455.19, ""heat_use"": null, ""amount"": 455.19, ""sulfur"": null, ""sulfur_unit"": ""毫克/立方米"", ""ash"": null, ""source_row"": 7}]","[{""component"": ""燃料一"", ""factor"": null, ""unit"": ""g/m3"", ""reference"": ""T/CSES 144-2024 7.2; 表D.1及注a-c；未提供该设备技术的对应系数""}]",[],,,T/CSES 144-2024 7.2; 表D.1及注a-c；未提供该设备技术的对应系数,FACTOR_NOT_APPLICABLE
SRC-RAW-934C722DA5B37B8C1AE7,POWER,PM10,information_insufficient,产排污系数法/煤质物料衡算法,"[{""component"": ""燃料一"", ""fuel"": ""焦炉煤气"", ""raw_amount"": 455.19, ""unit"": ""万立方米"", ""generation_use"": 455.19, ""heat_use"": null, ""amount"": 455.19, ""sulfur"": null, ""sulfur_unit"": ""毫克/立方米"", ""ash"": null, ""source_row"": 7}]","[{""component"": ""燃料一"", ""factor"": null, ""unit"": ""g/m3"", ""reference"": ""T/CSES 144-2024 7.2; 表D.1及注a-c；未提供该设备技术的对应系数""}]",[],,,T/CSES 144-2024 7.2; 表D.1及注a-c；未提供该设备技术的对应系数,FACTOR_NOT_APPLICABLE
SRC-RAW-934C722DA5B37B8C1AE7,POWER,PM2.5,information_insufficient,产排污系数法/煤质物料衡算法,"[{""component"": ""燃料一"", ""fuel"": ""焦炉煤气"", ""raw_amount"": 455.19, ""unit"": ""万立方米"", ""generation_use"": 455.19, ""heat_use"": null, ""amount"": 455.19, ""sulfur"": null, ""sulfur_unit"": ""毫克/立方米"", ""ash"": null, ""source_row"": 7}]","[{""component"": ""燃料一"", ""factor"": null, ""unit"": ""g/m3"", ""reference"": ""T/CSES 144-2024 7.2; 表D.1及注a-c；未提供该设备技术的对应系数""}]",[],,,T/CSES 144-2024 7.2; 表D.1及注a-c；未提供该设备技术的对应系数,FACTOR_NOT_APPLICABLE
SRC-RAW-934C722DA5B37B8C1AE7,POWER,BC,information_insufficient,产排污系数法/煤质物料衡算法,"[{""component"": ""燃料一"", ""fuel"": ""焦炉煤气"", ""raw_amount"": 455.19, ""unit"": ""万立方米"", ""generation_use"": 455.19, ""heat_use"": null, ""amount"": 455.19, ""sulfur"": null, ""sulfur_unit"": ""毫克/立方米"", ""ash"": null, ""source_row"": 7}]","[{""component"": ""燃料一"", ""factor"": null, ""unit"": ""g/m3"", ""reference"": ""T/CSES 144-2024 7.2; 表D.1及注a-c；未提供该设备技术的对应系数""}]",[],,,T/CSES 144-2024 7.2; 表D.1及注a-c；未提供该设备技术的对应系数,FACTOR_NOT_APPLICABLE
SRC-RAW-934C722DA5B37B8C1AE7,POWER,OC,information_insufficient,产排污系数法/煤质物料衡算法,"[{""component"": ""燃料一"", ""fuel"": ""焦炉煤气"", ""raw_amount"": 455.19, ""unit"": ""万立方米"", ""generation_use"": 455.19, ""heat_use"": null, ""amount"": 455.19, ""sulfur"": null, ""sulfur_unit"": ""毫克/立方米"", ""ash"": null, ""source_row"": 7}]","[{""component"": ""燃料一"", ""factor"": null, ""unit"": ""g/m3"", ""reference"": ""T/CSES 144-2024 7.2; 表D.1及注a-c；未提供该设备技术的对应系数""}]",[],,,T/CSES 144-2024 7.2; 表D.1及注a-c；未提供该设备技术的对应系数,FACTOR_NOT_APPLICABLE
SRC-RAW-934C722DA5B37B8C1AE7,POWER,NH3,not_involved,第7章核算范围,[],[],[],,,T/CSES 144-2024第7章、表D.1；未列NH3，未将缺省范围解释为零排放,OUTSIDE_CHAPTER7_POLLUTANT_SCOPE
SRC-RAW-1AB2981F39D95390A9AA,POWER,SO2,information_insufficient,产排污系数法/煤质物料衡算法,"[{""component"": ""燃料一"", ""fuel"": ""焦炉煤气"", ""raw_amount"": null, ""unit"": ""万立方米"", ""generation_use"": 304.68, ""heat_use"": null, ""amount"": null, ""sulfur"": null, ""sulfur_unit"": ""毫克/立方米"", ""ash"": null, ""source_row"": 8}]","[{""component"": ""燃料一"", ""factor"": null, ""unit"": ""g/m3"", ""reference"": ""T/CSES 144-2024 7.2; 表D.1及注a-c；未提供该设备技术的对应系数""}]",[],,,T/CSES 144-2024 7.2; 表D.1及注a-c；未提供该设备技术的对应系数,ACTIVITY_MISSING; FACTOR_NOT_APPLICABLE
SRC-RAW-1AB2981F39D95390A9AA,POWER,NOx,information_insufficient,产排污系数法/煤质物料衡算法,"[{""component"": ""燃料一"", ""fuel"": ""焦炉煤气"", ""raw_amount"": null, ""unit"": ""万立方米"", ""generation_use"": 304.68, ""heat_use"": null, ""amount"": null, ""sulfur"": null, ""sulfur_unit"": ""毫克/立方米"", ""ash"": null, ""source_row"": 8}]","[{""component"": ""燃料一"", ""factor"": null, ""unit"": ""g/m3"", ""reference"": ""T/CSES 144-2024 7.2; 表D.1及注a-c；未提供该设备技术的对应系数""}]",[],,,T/CSES 144-2024 7.2; 表D.1及注a-c；未提供该设备技术的对应系数,ACTIVITY_MISSING; FACTOR_NOT_APPLICABLE
SRC-RAW-1AB2981F39D95390A9AA,POWER,CO,information_insufficient,产排污系数法/煤质物料衡算法,"[{""component"": ""燃料一"", ""fuel"": ""焦炉煤气"", ""raw_amount"": null, ""unit"": ""万立方米"", ""generation_use"": 304.68, ""heat_use"": null, ""amount"": null, ""sulfur"": null, ""sulfur_unit"": ""毫克/立方米"", ""ash"": null, ""source_row"": 8}]","[{""component"": ""燃料一"", ""factor"": null, ""unit"": ""g/m3"", ""reference"": ""T/CSES 144-2024 7.2; 表D.1及注a-c；未提供该设备技术的对应系数""}]",[],,,T/CSES 144-2024 7.2; 表D.1及注a-c；未提供该设备技术的对应系数,ACTIVITY_MISSING; FACTOR_NOT_APPLICABLE
SRC-RAW-1AB2981F39D95390A9AA,POWER,VOC,information_insufficient,产排污系数法/煤质物料衡算法,"[{""component"": ""燃料一"", ""fuel"": ""焦炉煤气"", ""raw_amount"": null, ""unit"": ""万立方米"", ""generation_use"": 304.68, ""heat_use"": null, ""amount"": null, ""sulfur"": null, ""sulfur_unit"": ""毫克/立方米"", ""ash"": null, ""source_row"": 8}]","[{""component"": ""燃料一"", ""factor"": null, ""unit"": ""g/m3"", ""reference"": ""T/CSES 144-2024 7.2; 表D.1及注a-c；未提供该设备技术的对应系数""}]",[],,,T/CSES 144-2024 7.2; 表D.1及注a-c；未提供该设备技术的对应系数,ACTIVITY_MISSING; FACTOR_NOT_APPLICABLE
SRC-RAW-1AB2981F39D95390A9AA,POWER,PM10,information_insufficient,产排污系数法/煤质物料衡算法,"[{""component"": ""燃料一"", ""fuel"": ""焦炉煤气"", ""raw_amount"": null, ""unit"": ""万立方米"", ""generation_use"": 304.68, ""heat_use"": null, ""amount"": null, ""sulfur"": null, ""sulfur_unit"": ""毫克/立方米"", ""ash"": null, ""source_row"": 8}]","[{""component"": ""燃料一"", ""factor"": null, ""unit"": ""g/m3"", ""reference"": ""T/CSES 144-2024 7.2; 表D.1及注a-c；未提供该设备技术的对应系数""}]",[],,,T/CSES 144-2024 7.2; 表D.1及注a-c；未提供该设备技术的对应系数,ACTIVITY_MISSING; FACTOR_NOT_APPLICABLE
SRC-RAW-1AB2981F39D95390A9AA,POWER,PM2.5,information_insufficient,产排污系数法/煤质物料衡算法,"[{""component"": ""燃料一"", ""fuel"": ""焦炉煤气"", ""raw_amount"": null, ""unit"": ""万立方米"", ""generation_use"": 304.68, ""heat_use"": null, ""amount"": null, ""sulfur"": null, ""sulfur_unit"": ""毫克/立方米"", ""ash"": null, ""source_row"": 8}]","[{""component"": ""燃料一"", ""factor"": null, ""unit"": ""g/m3"", ""reference"": ""T/CSES 144-2024 7.2; 表D.1及注a-c；未提供该设备技术的对应系数""}]",[],,,T/CSES 144-2024 7.2; 表D.1及注a-c；未提供该设备技术的对应系数,ACTIVITY_MISSING; FACTOR_NOT_APPLICABLE
SRC-RAW-1AB2981F39D95390A9AA,POWER,BC,information_insufficient,产排污系数法/煤质物料衡算法,"[{""component"": ""燃料一"", ""fuel"": ""焦炉煤气"", ""raw_amount"": null, ""unit"": ""万立方米"", ""generation_use"": 304.68, ""heat_use"": null, ""amount"": null, ""sulfur"": null, ""sulfur_unit"": ""毫克/立方米"", ""ash"": null, ""source_row"": 8}]","[{""component"": ""燃料一"", ""factor"": null, ""unit"": ""g/m3"", ""reference"": ""T/CSES 144-2024 7.2; 表D.1及注a-c；未提供该设备技术的对应系数""}]",[],,,T/CSES 144-2024 7.2; 表D.1及注a-c；未提供该设备技术的对应系数,ACTIVITY_MISSING; FACTOR_NOT_APPLICABLE
SRC-RAW-1AB2981F39D95390A9AA,POWER,OC,information_insufficient,产排污系数法/煤质物料衡算法,"[{""component"": ""燃料一"", ""fuel"": ""焦炉煤气"", ""raw_amount"": null, ""unit"": ""万立方米"", ""generation_use"": 304.68, ""heat_use"": null, ""amount"": null, ""sulfur"": null, ""sulfur_unit"": ""毫克/立方米"", ""ash"": null, ""source_row"": 8}]","[{""component"": ""燃料一"", ""factor"": null, ""unit"": ""g/m3"", ""reference"": ""T/CSES 144-2024 7.2; 表D.1及注a-c；未提供该设备技术的对应系数""}]",[],,,T/CSES 144-2024 7.2; 表D.1及注a-c；未提供该设备技术的对应系数,ACTIVITY_MISSING; FACTOR_NOT_APPLICABLE
SRC-RAW-1AB2981F39D95390A9AA,POWER,NH3,not_involved,第7章核算范围,[],[],[],,,T/CSES 144-2024第7章、表D.1；未列NH3，未将缺省范围解释为零排放,OUTSIDE_CHAPTER7_POLLUTANT_SCOPE
SRC-RAW-7DB401C6AD1D015503BE,POWER,SO2,information_insufficient,产排污系数法/煤质物料衡算法,"[{""component"": ""燃料一"", ""fuel"": ""焦炉煤气"", ""raw_amount"": 458.55, ""unit"": ""万立方米"", ""generation_use"": 458.55, ""heat_use"": null, ""amount"": 458.55, ""sulfur"": null, ""sulfur_unit"": ""毫克/立方米"", ""ash"": null, ""source_row"": 9}]","[{""component"": ""燃料一"", ""factor"": null, ""unit"": ""g/m3"", ""reference"": ""T/CSES 144-2024 7.2; 表D.1及注a-c；未提供该设备技术的对应系数""}]",[],,,T/CSES 144-2024 7.2; 表D.1及注a-c；未提供该设备技术的对应系数,FACTOR_NOT_APPLICABLE
SRC-RAW-7DB401C6AD1D015503BE,POWER,NOx,information_insufficient,产排污系数法/煤质物料衡算法,"[{""component"": ""燃料一"", ""fuel"": ""焦炉煤气"", ""raw_amount"": 458.55, ""unit"": ""万立方米"", ""generation_use"": 458.55, ""heat_use"": null, ""amount"": 458.55, ""sulfur"": null, ""sulfur_unit"": ""毫克/立方米"", ""ash"": null, ""source_row"": 9}]","[{""component"": ""燃料一"", ""factor"": null, ""unit"": ""g/m3"", ""reference"": ""T/CSES 144-2024 7.2; 表D.1及注a-c；未提供该设备技术的对应系数""}]",[],,,T/CSES 144-2024 7.2; 表D.1及注a-c；未提供该设备技术的对应系数,FACTOR_NOT_APPLICABLE
SRC-RAW-7DB401C6AD1D015503BE,POWER,CO,information_insufficient,产排污系数法/煤质物料衡算法,"[{""component"": ""燃料一"", ""fuel"": ""焦炉煤气"", ""raw_amount"": 458.55, ""unit"": ""万立方米"", ""generation_use"": 458.55, ""heat_use"": null, ""amount"": 458.55, ""sulfur"": null, ""sulfur_unit"": ""毫克/立方米"", ""ash"": null, ""source_row"": 9}]","[{""component"": ""燃料一"", ""factor"": null, ""unit"": ""g/m3"", ""reference"": ""T/CSES 144-2024 7.2; 表D.1及注a-c；未提供该设备技术的对应系数""}]",[],,,T/CSES 144-2024 7.2; 表D.1及注a-c；未提供该设备技术的对应系数,FACTOR_NOT_APPLICABLE
SRC-RAW-7DB401C6AD1D015503BE,POWER,VOC,information_insufficient,产排污系数法/煤质物料衡算法,"[{""component"": ""燃料一"", ""fuel"": ""焦炉煤气"", ""raw_amount"": 458.55, ""unit"": ""万立方米"", ""generation_use"": 458.55, ""heat_use"": null, ""amount"": 458.55, ""sulfur"": null, ""sulfur_unit"": ""毫克/立方米"", ""ash"": null, ""source_row"": 9}]","[{""component"": ""燃料一"", ""factor"": null, ""unit"": ""g/m3"", ""reference"": ""T/CSES 144-2024 7.2; 表D.1及注a-c；未提供该设备技术的对应系数""}]",[],,,T/CSES 144-2024 7.2; 表D.1及注a-c；未提供该设备技术的对应系数,FACTOR_NOT_APPLICABLE
SRC-RAW-7DB401C6AD1D015503BE,POWER,PM10,information_insufficient,产排污系数法/煤质物料衡算法,"[{""component"": ""燃料一"", ""fuel"": ""焦炉煤气"", ""raw_amount"": 458.55, ""unit"": ""万立方米"", ""generation_use"": 458.55, ""heat_use"": null, ""amount"": 458.55, ""sulfur"": null, ""sulfur_unit"": ""毫克/立方米"", ""ash"": null, ""source_row"": 9}]","[{""component"": ""燃料一"", ""factor"": null, ""unit"": ""g/m3"", ""reference"": ""T/CSES 144-2024 7.2; 表D.1及注a-c；未提供该设备技术的对应系数""}]",[],,,T/CSES 144-2024 7.2; 表D.1及注a-c；未提供该设备技术的对应系数,FACTOR_NOT_APPLICABLE
SRC-RAW-7DB401C6AD1D015503BE,POWER,PM2.5,information_insufficient,产排污系数法/煤质物料衡算法,"[{""component"": ""燃料一"", ""fuel"": ""焦炉煤气"", ""raw_amount"": 458.55, ""unit"": ""万立方米"", ""generation_use"": 458.55, ""heat_use"": null, ""amount"": 458.55, ""sulfur"": null, ""sulfur_unit"": ""毫克/立方米"", ""ash"": null, ""source_row"": 9}]","[{""component"": ""燃料一"", ""factor"": null, ""unit"": ""g/m3"", ""reference"": ""T/CSES 144-2024 7.2; 表D.1及注a-c；未提供该设备技术的对应系数""}]",[],,,T/CSES 144-2024 7.2; 表D.1及注a-c；未提供该设备技术的对应系数,FACTOR_NOT_APPLICABLE
SRC-RAW-7DB401C6AD1D015503BE,POWER,BC,information_insufficient,产排污系数法/煤质物料衡算法,"[{""component"": ""燃料一"", ""fuel"": ""焦炉煤气"", ""raw_amount"": 458.55, ""unit"": ""万立方米"", ""generation_use"": 458.55, ""heat_use"": null, ""amount"": 458.55, ""sulfur"": null, ""sulfur_unit"": ""毫克/立方米"", ""ash"": null, ""source_row"": 9}]","[{""component"": ""燃料一"", ""factor"": null, ""unit"": ""g/m3"", ""reference"": ""T/CSES 144-2024 7.2; 表D.1及注a-c；未提供该设备技术的对应系数""}]",[],,,T/CSES 144-2024 7.2; 表D.1及注a-c；未提供该设备技术的对应系数,FACTOR_NOT_APPLICABLE
SRC-RAW-7DB401C6AD1D015503BE,POWER,OC,information_insufficient,产排污系数法/煤质物料衡算法,"[{""component"": ""燃料一"", ""fuel"": ""焦炉煤气"", ""raw_amount"": 458.55, ""unit"": ""万立方米"", ""generation_use"": 458.55, ""heat_use"": null, ""amount"": 458.55, ""sulfur"": null, ""sulfur_unit"": ""毫克/立方米"", ""ash"": null, ""source_row"": 9}]","[{""component"": ""燃料一"", ""factor"": null, ""unit"": ""g/m3"", ""reference"": ""T/CSES 144-2024 7.2; 表D.1及注a-c；未提供该设备技术的对应系数""}]",[],,,T/CSES 144-2024 7.2; 表D.1及注a-c；未提供该设备技术的对应系数,FACTOR_NOT_APPLICABLE
SRC-RAW-7DB401C6AD1D015503BE,POWER,NH3,not_involved,第7章核算范围,[],[],[],,,T/CSES 144-2024第7章、表D.1；未列NH3，未将缺省范围解释为零排放,OUTSIDE_CHAPTER7_POLLUTANT_SCOPE
SRC-RAW-B8510A104767F52727BA,POWER,SO2,information_insufficient,产排污系数法/煤质物料衡算法,"[{""component"": ""燃料一"", ""fuel"": ""一般烟煤"", ""raw_amount"": 667153.0, ""unit"": ""吨"", ""generation_use"": 529303.0, ""heat_use"": 137850.0, ""amount"": 667153.0, ""sulfur"": null, ""sulfur_unit"": ""%"", ""ash"": ""20.83"", ""source_row"": 14}]","[{""component"": ""燃料一"", ""factor"": null, ""unit"": ""g/kg"", ""reference"": ""式(3)、表C.1；收到基硫分缺失""}]",[],,,式(3)、表C.1；收到基硫分缺失,POLLUTANT_PARAMETER_MISSING
SRC-RAW-B8510A104767F52727BA,POWER,NOx,information_insufficient,产排污系数法/煤质物料衡算法,"[{""component"": ""燃料一"", ""fuel"": ""一般烟煤"", ""raw_amount"": 667153.0, ""unit"": ""吨"", ""generation_use"": 529303.0, ""heat_use"": 137850.0, ""amount"": 667153.0, ""sulfur"": null, ""sulfur_unit"": ""%"", ""ash"": ""20.83"", ""source_row"": 14}]","[{""component"": ""燃料一"", ""factor"": 8.19, ""unit"": ""g/kg"", ""reference"": ""T/CSES 144-2024 7.2; 表D.1及注a-c；万千瓦×10=MW""}]",[],5463.983069999999,,T/CSES 144-2024 7.2; 表D.1及注a-c；万千瓦×10=MW,SOURCE_RELATION_MISSING
SRC-RAW-B8510A104767F52727BA,POWER,CO,calculated,产排污系数法/煤质物料衡算法,"[{""component"": ""燃料一"", ""fuel"": ""一般烟煤"", ""raw_amount"": 667153.0, ""unit"": ""吨"", ""generation_use"": 529303.0, ""heat_use"": 137850.0, ""amount"": 667153.0, ""sulfur"": null, ""sulfur_unit"": ""%"", ""ash"": ""20.83"", ""source_row"": 14}]","[{""component"": ""燃料一"", ""factor"": 2, ""unit"": ""g/kg"", ""reference"": ""T/CSES 144-2024 7.2; 表D.1及注a-c""}]","[{""component"": ""燃烧源治理"", ""efficiency"": 0, ""reference"": ""表A.1燃烧源控制措施VOCs为0；CO按表D.1""}]",1334.306,1334.306,T/CSES 144-2024 7.2; 表D.1及注a-c,
SRC-RAW-B8510A104767F52727BA,POWER,VOC,calculated,产排污系数法/煤质物料衡算法,"[{""component"": ""燃料一"", ""fuel"": ""一般烟煤"", ""raw_amount"": 667153.0, ""unit"": ""吨"", ""generation_use"": 529303.0, ""heat_use"": 137850.0, ""amount"": 667153.0, ""sulfur"": null, ""sulfur_unit"": ""%"", ""ash"": ""20.83"", ""source_row"": 14}]","[{""component"": ""燃料一"", ""factor"": 0.04, ""unit"": ""g/kg"", ""reference"": ""T/CSES 144-2024 7.2; 表D.1及注a-c""}]","[{""component"": ""燃烧源治理"", ""efficiency"": 0, ""reference"": ""表A.1燃烧源控制措施VOCs为0；CO按表D.1""}]",26.68612,26.68612,T/CSES 144-2024 7.2; 表D.1及注a-c,
SRC-RAW-B8510A104767F52727BA,POWER,PM10,information_insufficient,产排污系数法/煤质物料衡算法,"[{""component"": ""燃料一"", ""fuel"": ""一般烟煤"", ""raw_amount"": 667153.0, ""unit"": ""吨"", ""generation_use"": 529303.0, ""heat_use"": 137850.0, ""amount"": 667153.0, ""sulfur"": null, ""sulfur_unit"": ""%"", ""ash"": ""20.83"", ""source_row"": 14}]","[{""component"": ""燃料一"", ""factor"": 35.93175000000001, ""unit"": ""g/kg"", ""reference"": ""式(4)-(6)、表C.1-C.3；灰分质量分数；g/kg""}]",[],23971.974807750004,,式(4)-(6)、表C.1-C.3；灰分质量分数；g/kg,SOURCE_RELATION_MISSING
SRC-RAW-B8510A104767F52727BA,POWER,PM2.5,information_insufficient,产排污系数法/煤质物料衡算法,"[{""component"": ""燃料一"", ""fuel"": ""一般烟煤"", ""raw_amount"": 667153.0, ""unit"": ""吨"", ""generation_use"": 529303.0, ""heat_use"": 137850.0, ""amount"": 667153.0, ""sulfur"": null, ""sulfur_unit"": ""%"", ""ash"": ""20.83"", ""source_row"": 14}]","[{""component"": ""燃料一"", ""factor"": 9.3735, ""unit"": ""g/kg"", ""reference"": ""式(4)-(6)、表C.1-C.3；灰分质量分数；g/kg""}]",[],6253.558645499999,,式(4)-(6)、表C.1-C.3；灰分质量分数；g/kg,SOURCE_RELATION_MISSING
SRC-RAW-B8510A104767F52727BA,POWER,BC,information_insufficient,产排污系数法/煤质物料衡算法,"[{""component"": ""燃料一"", ""fuel"": ""一般烟煤"", ""raw_amount"": 667153.0, ""unit"": ""吨"", ""generation_use"": 529303.0, ""heat_use"": 137850.0, ""amount"": 667153.0, ""sulfur"": null, ""sulfur_unit"": ""%"", ""ash"": ""20.83"", ""source_row"": 14}]","[{""component"": ""燃料一"", ""factor"": 0.018747, ""unit"": ""g/kg"", ""reference"": ""式(4)-(6)、表C.1-C.3；灰分质量分数；g/kg""}]",[],12.507117291,,式(4)-(6)、表C.1-C.3；灰分质量分数；g/kg,SOURCE_RELATION_MISSING
SRC-RAW-B8510A104767F52727BA,POWER,OC,calculated,产排污系数法/煤质物料衡算法,"[{""component"": ""燃料一"", ""fuel"": ""一般烟煤"", ""raw_amount"": 667153.0, ""unit"": ""吨"", ""generation_use"": 529303.0, ""heat_use"": 137850.0, ""amount"": 667153.0, ""sulfur"": null, ""sulfur_unit"": ""%"", ""ash"": ""20.83"", ""source_row"": 14}]","[{""component"": ""燃料一"", ""factor"": 0, ""unit"": ""g/kg"", ""reference"": ""式(6)、表C.3；电力生产/热力生产和供应OC占比=0""}]",[],0.0,0,式(6)、表C.3；电力生产/热力生产和供应OC占比=0,
SRC-RAW-B8510A104767F52727BA,POWER,NH3,not_involved,第7章核算范围,[],[],[],,,T/CSES 144-2024第7章、表D.1；未列NH3，未将缺省范围解释为零排放,OUTSIDE_CHAPTER7_POLLUTANT_SCOPE
SRC-RAW-9AFF69BBAFECE52DAA67,POWER,SO2,source_data_invalid,产排污系数法/煤质物料衡算法,"[{""component"": ""燃料一"", ""fuel"": ""一般烟煤"", ""raw_amount"": -658693.0, ""unit"": ""吨"", ""generation_use"": 539385.0, ""heat_use"": 119308.0, ""amount"": -658693.0, ""sulfur"": ""0.650"", ""sulfur_unit"": ""%"", ""ash"": ""20.90"", ""source_row"": 15}]","[{""component"": ""燃料一"", ""factor"": 11.05, ""unit"": ""g/kg"", ""reference"": ""式(3)、表C.1；S按质量分数；sr=0.15；g/kg""}]",[],,,式(3)、表C.1；S按质量分数；sr=0.15；g/kg,HARD_CONSTRAINT_CONFLICT
SRC-RAW-9AFF69BBAFECE52DAA67,POWER,NOx,source_data_invalid,产排污系数法/煤质物料衡算法,"[{""component"": ""燃料一"", ""fuel"": ""一般烟煤"", ""raw_amount"": -658693.0, ""unit"": ""吨"", ""generation_use"": 539385.0, ""heat_use"": 119308.0, ""amount"": -658693.0, ""sulfur"": ""0.650"", ""sulfur_unit"": ""%"", ""ash"": ""20.90"", ""source_row"": 15}]","[{""component"": ""燃料一"", ""factor"": 8.19, ""unit"": ""g/kg"", ""reference"": ""T/CSES 144-2024 7.2; 表D.1及注a-c；万千瓦×10=MW""}]",[],,,T/CSES 144-2024 7.2; 表D.1及注a-c；万千瓦×10=MW,HARD_CONSTRAINT_CONFLICT
SRC-RAW-9AFF69BBAFECE52DAA67,POWER,CO,source_data_invalid,产排污系数法/煤质物料衡算法,"[{""component"": ""燃料一"", ""fuel"": ""一般烟煤"", ""raw_amount"": -658693.0, ""unit"": ""吨"", ""generation_use"": 539385.0, ""heat_use"": 119308.0, ""amount"": -658693.0, ""sulfur"": ""0.650"", ""sulfur_unit"": ""%"", ""ash"": ""20.90"", ""source_row"": 15}]","[{""component"": ""燃料一"", ""factor"": 2, ""unit"": ""g/kg"", ""reference"": ""T/CSES 144-2024 7.2; 表D.1及注a-c""}]",[],,,T/CSES 144-2024 7.2; 表D.1及注a-c,HARD_CONSTRAINT_CONFLICT
SRC-RAW-9AFF69BBAFECE52DAA67,POWER,VOC,source_data_invalid,产排污系数法/煤质物料衡算法,"[{""component"": ""燃料一"", ""fuel"": ""一般烟煤"", ""raw_amount"": -658693.0, ""unit"": ""吨"", ""generation_use"": 539385.0, ""heat_use"": 119308.0, ""amount"": -658693.0, ""sulfur"": ""0.650"", ""sulfur_unit"": ""%"", ""ash"": ""20.90"", ""source_row"": 15}]","[{""component"": ""燃料一"", ""factor"": 0.04, ""unit"": ""g/kg"", ""reference"": ""T/CSES 144-2024 7.2; 表D.1及注a-c""}]",[],,,T/CSES 144-2024 7.2; 表D.1及注a-c,HARD_CONSTRAINT_CONFLICT
SRC-RAW-9AFF69BBAFECE52DAA67,POWER,PM10,source_data_invalid,产排污系数法/煤质物料衡算法,"[{""component"": ""燃料一"", ""fuel"": ""一般烟煤"", ""raw_amount"": -658693.0, ""unit"": ""吨"", ""generation_use"": 539385.0, ""heat_use"": 119308.0, ""amount"": -658693.0, ""sulfur"": ""0.650"", ""sulfur_unit"": ""%"", ""ash"": ""20.90"", ""source_row"": 15}]","[{""component"": ""燃料一"", ""factor"": 36.0525, ""unit"": ""g/kg"", ""reference"": ""式(4)-(6)、表C.1-C.3；灰分质量分数；g/kg""}]",[],,,式(4)-(6)、表C.1-C.3；灰分质量分数；g/kg,HARD_CONSTRAINT_CONFLICT
SRC-RAW-9AFF69BBAFECE52DAA67,POWER,PM2.5,source_data_invalid,产排污系数法/煤质物料衡算法,"[{""component"": ""燃料一"", ""fuel"": ""一般烟煤"", ""raw_amount"": -658693.0, ""unit"": ""吨"", ""generation_use"": 539385.0, ""heat_use"": 119308.0, ""amount"": -658693.0, ""sulfur"": ""0.650"", ""sulfur_unit"": ""%"", ""ash"": ""20.90"", ""source_row"": 15}]","[{""component"": ""燃料一"", ""factor"": 9.405, ""unit"": ""g/kg"", ""reference"": ""式(4)-(6)、表C.1-C.3；灰分质量分数；g/kg""}]",[],,,式(4)-(6)、表C.1-C.3；灰分质量分数；g/kg,HARD_CONSTRAINT_CONFLICT
SRC-RAW-9AFF69BBAFECE52DAA67,POWER,BC,source_data_invalid,产排污系数法/煤质物料衡算法,"[{""component"": ""燃料一"", ""fuel"": ""一般烟煤"", ""raw_amount"": -658693.0, ""unit"": ""吨"", ""generation_use"": 539385.0, ""heat_use"": 119308.0, ""amount"": -658693.0, ""sulfur"": ""0.650"", ""sulfur_unit"": ""%"", ""ash"": ""20.90"", ""source_row"": 15}]","[{""component"": ""燃料一"", ""factor"": 0.01881, ""unit"": ""g/kg"", ""reference"": ""式(4)-(6)、表C.1-C.3；灰分质量分数；g/kg""}]",[],,,式(4)-(6)、表C.1-C.3；灰分质量分数；g/kg,HARD_CONSTRAINT_CONFLICT
SRC-RAW-9AFF69BBAFECE52DAA67,POWER,OC,source_data_invalid,产排污系数法/煤质物料衡算法,"[{""component"": ""燃料一"", ""fuel"": ""一般烟煤"", ""raw_amount"": -658693.0, ""unit"": ""吨"", ""generation_use"": 539385.0, ""heat_use"": 119308.0, ""amount"": -658693.0, ""sulfur"": ""0.650"", ""sulfur_unit"": ""%"", ""ash"": ""20.90"", ""source_row"": 15}]","[{""component"": ""燃料一"", ""factor"": 0, ""unit"": ""g/kg"", ""reference"": ""式(6)、表C.3；电力生产/热力生产和供应OC占比=0""}]",[],,,式(6)、表C.3；电力生产/热力生产和供应OC占比=0,HARD_CONSTRAINT_CONFLICT
SRC-RAW-9AFF69BBAFECE52DAA67,POWER,NH3,not_involved,第7章核算范围,[],[],[],,,T/CSES 144-2024第7章、表D.1；未列NH3，未将缺省范围解释为零排放,OUTSIDE_CHAPTER7_POLLUTANT_SCOPE
SRC-RAW-3A966F6751381310DE95,POWER,SO2,information_insufficient,产排污系数法/煤质物料衡算法,"[{""component"": ""燃料一"", ""fuel"": ""一般烟煤"", ""raw_amount"": 1090165.0, ""unit"": ""吨"", ""generation_use"": 848924.0, ""heat_use"": 241241.0, ""amount"": 1090165.0, ""sulfur"": ""0.750"", ""sulfur_unit"": ""%"", ""ash"": ""21.34"", ""source_row"": 21}]","[{""component"": ""燃料一"", ""factor"": 12.75, ""unit"": ""g/kg"", ""reference"": ""式(3)、表C.1；S按质量分数；sr=0.15；g/kg""}]",[],13899.60375,,式(3)、表C.1；S按质量分数；sr=0.15；g/kg,SOURCE_RELATION_MISSING
SRC-RAW-3A966F6751381310DE95,POWER,NOx,information_insufficient,产排污系数法/煤质物料衡算法,"[{""component"": ""燃料一"", ""fuel"": ""一般烟煤"", ""raw_amount"": 1090165.0, ""unit"": ""吨"", ""generation_use"": 848924.0, ""heat_use"": 241241.0, ""amount"": 1090165.0, ""sulfur"": ""0.750"", ""sulfur_unit"": ""%"", ""ash"": ""21.34"", ""source_row"": 21}]","[{""component"": ""燃料一"", ""factor"": 7.21, ""unit"": ""g/kg"", ""reference"": ""T/CSES 144-2024 7.2; 表D.1及注a-c；万千瓦×10=MW""}]",[],7860.089650000001,,T/CSES 144-2024 7.2; 表D.1及注a-c；万千瓦×10=MW,SOURCE_RELATION_MISSING
SRC-RAW-3A966F6751381310DE95,POWER,CO,calculated,产排污系数法/煤质物料衡算法,"[{""component"": ""燃料一"", ""fuel"": ""一般烟煤"", ""raw_amount"": 1090165.0, ""unit"": ""吨"", ""generation_use"": 848924.0, ""heat_use"": 241241.0, ""amount"": 1090165.0, ""sulfur"": ""0.750"", ""sulfur_unit"": ""%"", ""ash"": ""21.34"", ""source_row"": 21}]","[{""component"": ""燃料一"", ""factor"": 2, ""unit"": ""g/kg"", ""reference"": ""T/CSES 144-2024 7.2; 表D.1及注a-c""}]","[{""component"": ""燃烧源治理"", ""efficiency"": 0, ""reference"": ""表A.1燃烧源控制措施VOCs为0；CO按表D.1""}]",2180.33,2180.33,T/CSES 144-2024 7.2; 表D.1及注a-c,
SRC-RAW-3A966F6751381310DE95,POWER,VOC,calculated,产排污系数法/煤质物料衡算法,"[{""component"": ""燃料一"", ""fuel"": ""一般烟煤"", ""raw_amount"": 1090165.0, ""unit"": ""吨"", ""generation_use"": 848924.0, ""heat_use"": 241241.0, ""amount"": 1090165.0, ""sulfur"": ""0.750"", ""sulfur_unit"": ""%"", ""ash"": ""21.34"", ""source_row"": 21}]","[{""component"": ""燃料一"", ""factor"": 0.04, ""unit"": ""g/kg"", ""reference"": ""T/CSES 144-2024 7.2; 表D.1及注a-c""}]","[{""component"": ""燃烧源治理"", ""efficiency"": 0, ""reference"": ""表A.1燃烧源控制措施VOCs为0；CO按表D.1""}]",43.6066,43.6066,T/CSES 144-2024 7.2; 表D.1及注a-c,
SRC-RAW-3A966F6751381310DE95,POWER,PM10,information_insufficient,产排污系数法/煤质物料衡算法,"[{""component"": ""燃料一"", ""fuel"": ""一般烟煤"", ""raw_amount"": 1090165.0, ""unit"": ""吨"", ""generation_use"": 848924.0, ""heat_use"": 241241.0, ""amount"": 1090165.0, ""sulfur"": ""0.750"", ""sulfur_unit"": ""%"", ""ash"": ""21.34"", ""source_row"": 21}]","[{""component"": ""燃料一"", ""factor"": 36.8115, ""unit"": ""g/kg"", ""reference"": ""式(4)-(6)、表C.1-C.3；灰分质量分数；g/kg""}]",[],40130.6088975,,式(4)-(6)、表C.1-C.3；灰分质量分数；g/kg,SOURCE_RELATION_MISSING
SRC-RAW-3A966F6751381310DE95,POWER,PM2.5,information_insufficient,产排污系数法/煤质物料衡算法,"[{""component"": ""燃料一"", ""fuel"": ""一般烟煤"", ""raw_amount"": 1090165.0, ""unit"": ""吨"", ""generation_use"": 848924.0, ""heat_use"": 241241.0, ""amount"": 1090165.0, ""sulfur"": ""0.750"", ""sulfur_unit"": ""%"", ""ash"": ""21.34"", ""source_row"": 21}]","[{""component"": ""燃料一"", ""factor"": 9.602999999999998, ""unit"": ""g/kg"", ""reference"": ""式(4)-(6)、表C.1-C.3；灰分质量分数；g/kg""}]",[],10468.854494999998,,式(4)-(6)、表C.1-C.3；灰分质量分数；g/kg,SOURCE_RELATION_MISSING
SRC-RAW-3A966F6751381310DE95,POWER,BC,information_insufficient,产排污系数法/煤质物料衡算法,"[{""component"": ""燃料一"", ""fuel"": ""一般烟煤"", ""raw_amount"": 1090165.0, ""unit"": ""吨"", ""generation_use"": 848924.0, ""heat_use"": 241241.0, ""amount"": 1090165.0, ""sulfur"": ""0.750"", ""sulfur_unit"": ""%"", ""ash"": ""21.34"", ""source_row"": 21}]","[{""component"": ""燃料一"", ""factor"": 0.019205999999999997, ""unit"": ""g/kg"", ""reference"": ""式(4)-(6)、表C.1-C.3；灰分质量分数；g/kg""}]",[],20.937708989999997,,式(4)-(6)、表C.1-C.3；灰分质量分数；g/kg,SOURCE_RELATION_MISSING
SRC-RAW-3A966F6751381310DE95,POWER,OC,calculated,产排污系数法/煤质物料衡算法,"[{""component"": ""燃料一"", ""fuel"": ""一般烟煤"", ""raw_amount"": 1090165.0, ""unit"": ""吨"", ""generation_use"": 848924.0, ""heat_use"": 241241.0, ""amount"": 1090165.0, ""sulfur"": ""0.750"", ""sulfur_unit"": ""%"", ""ash"": ""21.34"", ""source_row"": 21}]","[{""component"": ""燃料一"", ""factor"": 0, ""unit"": ""g/kg"", ""reference"": ""式(6)、表C.3；电力生产/热力生产和供应OC占比=0""}]",[],0.0,0,式(6)、表C.3；电力生产/热力生产和供应OC占比=0,
SRC-RAW-3A966F6751381310DE95,POWER,NH3,not_involved,第7章核算范围,[],[],[],,,T/CSES 144-2024第7章、表D.1；未列NH3，未将缺省范围解释为零排放,OUTSIDE_CHAPTER7_POLLUTANT_SCOPE
SRC-RAW-3E1F4674BE5DEDEDE380,POWER,SO2,information_insufficient,产排污系数法/煤质物料衡算法,"[{""component"": ""燃料一"", ""fuel"": ""一般烟煤"", ""raw_amount"": 1025625.0, ""unit"": ""吨"", ""generation_use"": 816034.0, ""heat_use"": 209591.0, ""amount"": 1025625.0, ""sulfur"": ""0.750"", ""sulfur_unit"": ""%"", ""ash"": null, ""source_row"": 22}]","[{""component"": ""燃料一"", ""factor"": 12.75, ""unit"": ""g/kg"", ""reference"": ""式(3)、表C.1；S按质量分数；sr=0.15；g/kg""}]",[],13076.71875,,式(3)、表C.1；S按质量分数；sr=0.15；g/kg,SOURCE_RELATION_MISSING
SRC-RAW-3E1F4674BE5DEDEDE380,POWER,NOx,information_insufficient,产排污系数法/煤质物料衡算法,"[{""component"": ""燃料一"", ""fuel"": ""一般烟煤"", ""raw_amount"": 1025625.0, ""unit"": ""吨"", ""generation_use"": 816034.0, ""heat_use"": 209591.0, ""amount"": 1025625.0, ""sulfur"": ""0.750"", ""sulfur_unit"": ""%"", ""ash"": null, ""source_row"": 22}]","[{""component"": ""燃料一"", ""factor"": 7.21, ""unit"": ""g/kg"", ""reference"": ""T/CSES 144-2024 7.2; 表D.1及注a-c；万千瓦×10=MW""}]",[],7394.75625,,T/CSES 144-2024 7.2; 表D.1及注a-c；万千瓦×10=MW,SOURCE_RELATION_MISSING
SRC-RAW-3E1F4674BE5DEDEDE380,POWER,CO,calculated,产排污系数法/煤质物料衡算法,"[{""component"": ""燃料一"", ""fuel"": ""一般烟煤"", ""raw_amount"": 1025625.0, ""unit"": ""吨"", ""generation_use"": 816034.0, ""heat_use"": 209591.0, ""amount"": 1025625.0, ""sulfur"": ""0.750"", ""sulfur_unit"": ""%"", ""ash"": null, ""source_row"": 22}]","[{""component"": ""燃料一"", ""factor"": 2, ""unit"": ""g/kg"", ""reference"": ""T/CSES 144-2024 7.2; 表D.1及注a-c""}]","[{""component"": ""燃烧源治理"", ""efficiency"": 0, ""reference"": ""表A.1燃烧源控制措施VOCs为0；CO按表D.1""}]",2051.25,2051.25,T/CSES 144-2024 7.2; 表D.1及注a-c,
SRC-RAW-3E1F4674BE5DEDEDE380,POWER,VOC,calculated,产排污系数法/煤质物料衡算法,"[{""component"": ""燃料一"", ""fuel"": ""一般烟煤"", ""raw_amount"": 1025625.0, ""unit"": ""吨"", ""generation_use"": 816034.0, ""heat_use"": 209591.0, ""amount"": 1025625.0, ""sulfur"": ""0.750"", ""sulfur_unit"": ""%"", ""ash"": null, ""source_row"": 22}]","[{""component"": ""燃料一"", ""factor"": 0.04, ""unit"": ""g/kg"", ""reference"": ""T/CSES 144-2024 7.2; 表D.1及注a-c""}]","[{""component"": ""燃烧源治理"", ""efficiency"": 0, ""reference"": ""表A.1燃烧源控制措施VOCs为0；CO按表D.1""}]",41.025,41.025,T/CSES 144-2024 7.2; 表D.1及注a-c,
SRC-RAW-3E1F4674BE5DEDEDE380,POWER,PM10,information_insufficient,产排污系数法/煤质物料衡算法,"[{""component"": ""燃料一"", ""fuel"": ""一般烟煤"", ""raw_amount"": 1025625.0, ""unit"": ""吨"", ""generation_use"": 816034.0, ""heat_use"": 209591.0, ""amount"": 1025625.0, ""sulfur"": ""0.750"", ""sulfur_unit"": ""%"", ""ash"": null, ""source_row"": 22}]","[{""component"": ""燃料一"", ""factor"": null, ""unit"": ""g/kg"", ""reference"": ""式(4)-(6)、表C.1-C.3；收到基灰分缺失""}]",[],,,式(4)-(6)、表C.1-C.3；收到基灰分缺失,POLLUTANT_PARAMETER_MISSING
SRC-RAW-3E1F4674BE5DEDEDE380,POWER,PM2.5,information_insufficient,产排污系数法/煤质物料衡算法,"[{""component"": ""燃料一"", ""fuel"": ""一般烟煤"", ""raw_amount"": 1025625.0, ""unit"": ""吨"", ""generation_use"": 816034.0, ""heat_use"": 209591.0, ""amount"": 1025625.0, ""sulfur"": ""0.750"", ""sulfur_unit"": ""%"", ""ash"": null, ""source_row"": 22}]","[{""component"": ""燃料一"", ""factor"": null, ""unit"": ""g/kg"", ""reference"": ""式(4)-(6)、表C.1-C.3；收到基灰分缺失""}]",[],,,式(4)-(6)、表C.1-C.3；收到基灰分缺失,POLLUTANT_PARAMETER_MISSING
SRC-RAW-3E1F4674BE5DEDEDE380,POWER,BC,information_insufficient,产排污系数法/煤质物料衡算法,"[{""component"": ""燃料一"", ""fuel"": ""一般烟煤"", ""raw_amount"": 1025625.0, ""unit"": ""吨"", ""generation_use"": 816034.0, ""heat_use"": 209591.0, ""amount"": 1025625.0, ""sulfur"": ""0.750"", ""sulfur_unit"": ""%"", ""ash"": null, ""source_row"": 22}]","[{""component"": ""燃料一"", ""factor"": null, ""unit"": ""g/kg"", ""reference"": ""式(4)-(6)、表C.1-C.3；收到基灰分缺失""}]",[],,,式(4)-(6)、表C.1-C.3；收到基灰分缺失,POLLUTANT_PARAMETER_MISSING
SRC-RAW-3E1F4674BE5DEDEDE380,POWER,OC,calculated,产排污系数法/煤质物料衡算法,"[{""component"": ""燃料一"", ""fuel"": ""一般烟煤"", ""raw_amount"": 1025625.0, ""unit"": ""吨"", ""generation_use"": 816034.0, ""heat_use"": 209591.0, ""amount"": 1025625.0, ""sulfur"": ""0.750"", ""sulfur_unit"": ""%"", ""ash"": null, ""source_row"": 22}]","[{""component"": ""燃料一"", ""factor"": 0, ""unit"": ""g/kg"", ""reference"": ""式(6)、表C.3；电力生产/热力生产和供应OC占比=0""}]",[],0.0,0,式(6)、表C.3；电力生产/热力生产和供应OC占比=0,
SRC-RAW-3E1F4674BE5DEDEDE380,POWER,NH3,not_involved,第7章核算范围,[],[],[],,,T/CSES 144-2024第7章、表D.1；未列NH3，未将缺省范围解释为零排放,OUTSIDE_CHAPTER7_POLLUTANT_SCOPE
SRC-RAW-6AAABCE4184D20AE823E,POWER,SO2,calculated,产排污系数法/煤质物料衡算法,"[{""component"": ""燃料一"", ""fuel"": ""天然气"", ""raw_amount"": 10227.677, ""unit"": ""万立方米"", ""generation_use"": 5113.838, ""heat_use"": 5113.839, ""amount"": 10227.677, ""sulfur"": ""0.800"", ""sulfur_unit"": ""毫克/立方米"", ""ash"": null, ""source_row"": 24}]","[{""component"": ""燃料一"", ""factor"": 0, ""unit"": ""g/m3"", ""reference"": ""T/CSES 144-2024 7.2; 表D.1及注a-c""}]",[],0.0,0,T/CSES 144-2024 7.2; 表D.1及注a-c,
SRC-RAW-6AAABCE4184D20AE823E,POWER,NOx,information_insufficient,产排污系数法/煤质物料衡算法,"[{""component"": ""燃料一"", ""fuel"": ""天然气"", ""raw_amount"": 10227.677, ""unit"": ""万立方米"", ""generation_use"": 5113.838, ""heat_use"": 5113.839, ""amount"": 10227.677, ""sulfur"": ""0.800"", ""sulfur_unit"": ""毫克/立方米"", ""ash"": null, ""source_row"": 24}]","[{""component"": ""燃料一"", ""factor"": 4.1, ""unit"": ""g/m3"", ""reference"": ""T/CSES 144-2024 7.2; 表D.1及注a-c""}]",[],419.33475699999997,,T/CSES 144-2024 7.2; 表D.1及注a-c,SOURCE_RELATION_MISSING
SRC-RAW-6AAABCE4184D20AE823E,POWER,CO,calculated,产排污系数法/煤质物料衡算法,"[{""component"": ""燃料一"", ""fuel"": ""天然气"", ""raw_amount"": 10227.677, ""unit"": ""万立方米"", ""generation_use"": 5113.838, ""heat_use"": 5113.839, ""amount"": 10227.677, ""sulfur"": ""0.800"", ""sulfur_unit"": ""毫克/立方米"", ""ash"": null, ""source_row"": 24}]","[{""component"": ""燃料一"", ""factor"": 1.3, ""unit"": ""g/m3"", ""reference"": ""T/CSES 144-2024 7.2; 表D.1及注a-c""}]","[{""component"": ""燃烧源治理"", ""efficiency"": 0, ""reference"": ""表A.1燃烧源控制措施VOCs为0；CO按表D.1""}]",132.959801,132.959801,T/CSES 144-2024 7.2; 表D.1及注a-c,
SRC-RAW-6AAABCE4184D20AE823E,POWER,VOC,calculated,产排污系数法/煤质物料衡算法,"[{""component"": ""燃料一"", ""fuel"": ""天然气"", ""raw_amount"": 10227.677, ""unit"": ""万立方米"", ""generation_use"": 5113.838, ""heat_use"": 5113.839, ""amount"": 10227.677, ""sulfur"": ""0.800"", ""sulfur_unit"": ""毫克/立方米"", ""ash"": null, ""source_row"": 24}]","[{""component"": ""燃料一"", ""factor"": 0.02, ""unit"": ""g/m3"", ""reference"": ""T/CSES 144-2024 7.2; 表D.1及注a-c""}]","[{""component"": ""燃烧源治理"", ""efficiency"": 0, ""reference"": ""表A.1燃烧源控制措施VOCs为0；CO按表D.1""}]",2.0455354,2.0455354,T/CSES 144-2024 7.2; 表D.1及注a-c,
SRC-RAW-6AAABCE4184D20AE823E,POWER,PM10,information_insufficient,产排污系数法/煤质物料衡算法,"[{""component"": ""燃料一"", ""fuel"": ""天然气"", ""raw_amount"": 10227.677, ""unit"": ""万立方米"", ""generation_use"": 5113.838, ""heat_use"": 5113.839, ""amount"": 10227.677, ""sulfur"": ""0.800"", ""sulfur_unit"": ""毫克/立方米"", ""ash"": null, ""source_row"": 24}]","[{""component"": ""燃料一"", ""factor"": 0.03, ""unit"": ""g/m3"", ""reference"": ""T/CSES 144-2024 7.2; 表D.1及注a-c""}]",[],3.0683031,,T/CSES 144-2024 7.2; 表D.1及注a-c,SOURCE_RELATION_MISSING
SRC-RAW-6AAABCE4184D20AE823E,POWER,PM2.5,information_insufficient,产排污系数法/煤质物料衡算法,"[{""component"": ""燃料一"", ""fuel"": ""天然气"", ""raw_amount"": 10227.677, ""unit"": ""万立方米"", ""generation_use"": 5113.838, ""heat_use"": 5113.839, ""amount"": 10227.677, ""sulfur"": ""0.800"", ""sulfur_unit"": ""毫克/立方米"", ""ash"": null, ""source_row"": 24}]","[{""component"": ""燃料一"", ""factor"": 0.03, ""unit"": ""g/m3"", ""reference"": ""T/CSES 144-2024 7.2; 表D.1及注a-c""}]",[],3.0683031,,T/CSES 144-2024 7.2; 表D.1及注a-c,SOURCE_RELATION_MISSING
SRC-RAW-6AAABCE4184D20AE823E,POWER,BC,calculated,产排污系数法/煤质物料衡算法,"[{""component"": ""燃料一"", ""fuel"": ""天然气"", ""raw_amount"": 10227.677, ""unit"": ""万立方米"", ""generation_use"": 5113.838, ""heat_use"": 5113.839, ""amount"": 10227.677, ""sulfur"": ""0.800"", ""sulfur_unit"": ""毫克/立方米"", ""ash"": null, ""source_row"": 24}]","[{""component"": ""燃料一"", ""factor"": 0, ""unit"": ""g/m3"", ""reference"": ""T/CSES 144-2024 7.2; 表D.1及注a-c""}]",[],0.0,0,T/CSES 144-2024 7.2; 表D.1及注a-c,
SRC-RAW-6AAABCE4184D20AE823E,POWER,OC,calculated,产排污系数法/煤质物料衡算法,"[{""component"": ""燃料一"", ""fuel"": ""天然气"", ""raw_amount"": 10227.677, ""unit"": ""万立方米"", ""generation_use"": 5113.838, ""heat_use"": 5113.839, ""amount"": 10227.677, ""sulfur"": ""0.800"", ""sulfur_unit"": ""毫克/立方米"", ""ash"": null, ""source_row"": 24}]","[{""component"": ""燃料一"", ""factor"": 0, ""unit"": ""g/m3"", ""reference"": ""T/CSES 144-2024 7.2; 表D.1及注a-c""}]",[],0.0,0,T/CSES 144-2024 7.2; 表D.1及注a-c,
SRC-RAW-6AAABCE4184D20AE823E,POWER,NH3,not_involved,第7章核算范围,[],[],[],,,T/CSES 144-2024第7章、表D.1；未列NH3，未将缺省范围解释为零排放,OUTSIDE_CHAPTER7_POLLUTANT_SCOPE
SRC-RAW-9B8229F8C1512374E339,POWER,SO2,information_insufficient,产排污系数法/煤质物料衡算法,"[{""component"": ""燃料一"", ""fuel"": ""天然气"", ""raw_amount"": 9426.96, ""unit"": ""万立方米"", ""generation_use"": 9022.86, ""heat_use"": 404.1, ""amount"": 9426.96, ""sulfur"": ""7.450"", ""sulfur_unit"": ""毫克/立方米"", ""ash"": null, ""source_row"": 30}]","[{""component"": ""燃料一"", ""factor"": null, ""unit"": ""g/m3"", ""reference"": ""T/CSES 144-2024 7.2; 表D.1及注a-c；未提供该设备技术的对应系数""}]",[],,,T/CSES 144-2024 7.2; 表D.1及注a-c；未提供该设备技术的对应系数,FACTOR_NOT_APPLICABLE
SRC-RAW-9B8229F8C1512374E339,POWER,NOx,information_insufficient,产排污系数法/煤质物料衡算法,"[{""component"": ""燃料一"", ""fuel"": ""天然气"", ""raw_amount"": 9426.96, ""unit"": ""万立方米"", ""generation_use"": 9022.86, ""heat_use"": 404.1, ""amount"": 9426.96, ""sulfur"": ""7.450"", ""sulfur_unit"": ""毫克/立方米"", ""ash"": null, ""source_row"": 30}]","[{""component"": ""燃料一"", ""factor"": null, ""unit"": ""g/m3"", ""reference"": ""T/CSES 144-2024 7.2; 表D.1及注a-c；未提供该设备技术的对应系数""}]",[],,,T/CSES 144-2024 7.2; 表D.1及注a-c；未提供该设备技术的对应系数,FACTOR_NOT_APPLICABLE
SRC-RAW-9B8229F8C1512374E339,POWER,CO,information_insufficient,产排污系数法/煤质物料衡算法,"[{""component"": ""燃料一"", ""fuel"": ""天然气"", ""raw_amount"": 9426.96, ""unit"": ""万立方米"", ""generation_use"": 9022.86, ""heat_use"": 404.1, ""amount"": 9426.96, ""sulfur"": ""7.450"", ""sulfur_unit"": ""毫克/立方米"", ""ash"": null, ""source_row"": 30}]","[{""component"": ""燃料一"", ""factor"": null, ""unit"": ""g/m3"", ""reference"": ""T/CSES 144-2024 7.2; 表D.1及注a-c；未提供该设备技术的对应系数""}]",[],,,T/CSES 144-2024 7.2; 表D.1及注a-c；未提供该设备技术的对应系数,FACTOR_NOT_APPLICABLE
SRC-RAW-9B8229F8C1512374E339,POWER,VOC,information_insufficient,产排污系数法/煤质物料衡算法,"[{""component"": ""燃料一"", ""fuel"": ""天然气"", ""raw_amount"": 9426.96, ""unit"": ""万立方米"", ""generation_use"": 9022.86, ""heat_use"": 404.1, ""amount"": 9426.96, ""sulfur"": ""7.450"", ""sulfur_unit"": ""毫克/立方米"", ""ash"": null, ""source_row"": 30}]","[{""component"": ""燃料一"", ""factor"": null, ""unit"": ""g/m3"", ""reference"": ""T/CSES 144-2024 7.2; 表D.1及注a-c；未提供该设备技术的对应系数""}]",[],,,T/CSES 144-2024 7.2; 表D.1及注a-c；未提供该设备技术的对应系数,FACTOR_NOT_APPLICABLE
SRC-RAW-9B8229F8C1512374E339,POWER,PM10,information_insufficient,产排污系数法/煤质物料衡算法,"[{""component"": ""燃料一"", ""fuel"": ""天然气"", ""raw_amount"": 9426.96, ""unit"": ""万立方米"", ""generation_use"": 9022.86, ""heat_use"": 404.1, ""amount"": 9426.96, ""sulfur"": ""7.450"", ""sulfur_unit"": ""毫克/立方米"", ""ash"": null, ""source_row"": 30}]","[{""component"": ""燃料一"", ""factor"": null, ""unit"": ""g/m3"", ""reference"": ""T/CSES 144-2024 7.2; 表D.1及注a-c；未提供该设备技术的对应系数""}]",[],,,T/CSES 144-2024 7.2; 表D.1及注a-c；未提供该设备技术的对应系数,FACTOR_NOT_APPLICABLE
SRC-RAW-9B8229F8C1512374E339,POWER,PM2.5,information_insufficient,产排污系数法/煤质物料衡算法,"[{""component"": ""燃料一"", ""fuel"": ""天然气"", ""raw_amount"": 9426.96, ""unit"": ""万立方米"", ""generation_use"": 9022.86, ""heat_use"": 404.1, ""amount"": 9426.96, ""sulfur"": ""7.450"", ""sulfur_unit"": ""毫克/立方米"", ""ash"": null, ""source_row"": 30}]","[{""component"": ""燃料一"", ""factor"": null, ""unit"": ""g/m3"", ""reference"": ""T/CSES 144-2024 7.2; 表D.1及注a-c；未提供该设备技术的对应系数""}]",[],,,T/CSES 144-2024 7.2; 表D.1及注a-c；未提供该设备技术的对应系数,FACTOR_NOT_APPLICABLE
SRC-RAW-9B8229F8C1512374E339,POWER,BC,information_insufficient,产排污系数法/煤质物料衡算法,"[{""component"": ""燃料一"", ""fuel"": ""天然气"", ""raw_amount"": 9426.96, ""unit"": ""万立方米"", ""generation_use"": 9022.86, ""heat_use"": 404.1, ""amount"": 9426.96, ""sulfur"": ""7.450"", ""sulfur_unit"": ""毫克/立方米"", ""ash"": null, ""source_row"": 30}]","[{""component"": ""燃料一"", ""factor"": null, ""unit"": ""g/m3"", ""reference"": ""T/CSES 144-2024 7.2; 表D.1及注a-c；未提供该设备技术的对应系数""}]",[],,,T/CSES 144-2024 7.2; 表D.1及注a-c；未提供该设备技术的对应系数,FACTOR_NOT_APPLICABLE
SRC-RAW-9B8229F8C1512374E339,POWER,OC,information_insufficient,产排污系数法/煤质物料衡算法,"[{""component"": ""燃料一"", ""fuel"": ""天然气"", ""raw_amount"": 9426.96, ""unit"": ""万立方米"", ""generation_use"": 9022.86, ""heat_use"": 404.1, ""amount"": 9426.96, ""sulfur"": ""7.450"", ""sulfur_unit"": ""毫克/立方米"", ""ash"": null, ""source_row"": 30}]","[{""component"": ""燃料一"", ""factor"": null, ""unit"": ""g/m3"", ""reference"": ""T/CSES 144-2024 7.2; 表D.1及注a-c；未提供该设备技术的对应系数""}]",[],,,T/CSES 144-2024 7.2; 表D.1及注a-c；未提供该设备技术的对应系数,FACTOR_NOT_APPLICABLE
SRC-RAW-9B8229F8C1512374E339,POWER,NH3,not_involved,第7章核算范围,[],[],[],,,T/CSES 144-2024第7章、表D.1；未列NH3，未将缺省范围解释为零排放,OUTSIDE_CHAPTER7_POLLUTANT_SCOPE
SRC-RAW-AFC8439695D444001224,POWER,SO2,information_insufficient,产排污系数法/煤质物料衡算法,"[{""component"": ""燃料一"", ""fuel"": ""原煤"", ""raw_amount"": 659590.21, ""unit"": ""吨"", ""generation_use"": 659590.21, ""heat_use"": 0.0, ""amount"": 659590.21, ""sulfur"": ""0.510"", ""sulfur_unit"": ""%"", ""ash"": ""13.98"", ""source_row"": 35}, {""component"": ""燃料二"", ""fuel"": ""原油"", ""raw_amount"": 57.75, ""unit"": ""吨"", ""generation_use"": 57.75, ""heat_use"": 0.0, ""amount"": 57.75, ""sulfur"": ""0.001"", ""sulfur_unit"": ""%"", ""ash"": null, ""source_row"": 35}]","[{""component"": ""燃料一"", ""factor"": 8.67, ""unit"": ""g/kg"", ""reference"": ""式(3)、表C.1；S按质量分数；sr=0.15；g/kg""}, {""component"": ""燃料二"", ""factor"": 0, ""unit"": ""g/kg"", ""reference"": ""T/CSES 144-2024 7.2; 表D.1及注a-c""}]",[],5718.6471207,,式(3)、表C.1；S按质量分数；sr=0.15；g/kg; T/CSES 144-2024 7.2; 表D.1及注a-c,SOURCE_RELATION_MISSING
SRC-RAW-AFC8439695D444001224,POWER,NOx,information_insufficient,产排污系数法/煤质物料衡算法,"[{""component"": ""燃料一"", ""fuel"": ""原煤"", ""raw_amount"": 659590.21, ""unit"": ""吨"", ""generation_use"": 659590.21, ""heat_use"": 0.0, ""amount"": 659590.21, ""sulfur"": ""0.510"", ""sulfur_unit"": ""%"", ""ash"": ""13.98"", ""source_row"": 35}, {""component"": ""燃料二"", ""fuel"": ""原油"", ""raw_amount"": 57.75, ""unit"": ""吨"", ""generation_use"": 57.75, ""heat_use"": 0.0, ""amount"": 57.75, ""sulfur"": ""0.001"", ""sulfur_unit"": ""%"", ""ash"": null, ""source_row"": 35}]","[{""component"": ""燃料一"", ""factor"": 7.21, ""unit"": ""g/kg"", ""reference"": ""T/CSES 144-2024 7.2; 表D.1及注a-c；万千瓦×10=MW""}, {""component"": ""燃料二"", ""factor"": 7.24, ""unit"": ""g/kg"", ""reference"": ""T/CSES 144-2024 7.2; 表D.1及注a-c""}]",[],4756.063524099999,,T/CSES 144-2024 7.2; 表D.1及注a-c；万千瓦×10=MW; T/CSES 144-2024 7.2; 表D.1及注a-c,SOURCE_RELATION_MISSING
SRC-RAW-AFC8439695D444001224,POWER,CO,calculated,产排污系数法/煤质物料衡算法,"[{""component"": ""燃料一"", ""fuel"": ""原煤"", ""raw_amount"": 659590.21, ""unit"": ""吨"", ""generation_use"": 659590.21, ""heat_use"": 0.0, ""amount"": 659590.21, ""sulfur"": ""0.510"", ""sulfur_unit"": ""%"", ""ash"": ""13.98"", ""source_row"": 35}, {""component"": ""燃料二"", ""fuel"": ""原油"", ""raw_amount"": 57.75, ""unit"": ""吨"", ""generation_use"": 57.75, ""heat_use"": 0.0, ""amount"": 57.75, ""sulfur"": ""0.001"", ""sulfur_unit"": ""%"", ""ash"": null, ""source_row"": 35}]","[{""component"": ""燃料一"", ""factor"": 2, ""unit"": ""g/kg"", ""reference"": ""T/CSES 144-2024 7.2; 表D.1及注a-c""}, {""component"": ""燃料二"", ""factor"": 0.6, ""unit"": ""g/kg"", ""reference"": ""T/CSES 144-2024 7.2; 表D.1及注a-c""}]","[{""component"": ""燃烧源治理"", ""efficiency"": 0, ""reference"": ""表A.1燃烧源控制措施VOCs为0；CO按表D.1""}]",1319.21507,1319.21507,T/CSES 144-2024 7.2; 表D.1及注a-c,
SRC-RAW-AFC8439695D444001224,POWER,VOC,calculated,产排污系数法/煤质物料衡算法,"[{""component"": ""燃料一"", ""fuel"": ""原煤"", ""raw_amount"": 659590.21, ""unit"": ""吨"", ""generation_use"": 659590.21, ""heat_use"": 0.0, ""amount"": 659590.21, ""sulfur"": ""0.510"", ""sulfur_unit"": ""%"", ""ash"": ""13.98"", ""source_row"": 35}, {""component"": ""燃料二"", ""fuel"": ""原油"", ""raw_amount"": 57.75, ""unit"": ""吨"", ""generation_use"": 57.75, ""heat_use"": 0.0, ""amount"": 57.75, ""sulfur"": ""0.001"", ""sulfur_unit"": ""%"", ""ash"": null, ""source_row"": 35}]","[{""component"": ""燃料一"", ""factor"": 0.04, ""unit"": ""g/kg"", ""reference"": ""T/CSES 144-2024 7.2; 表D.1及注a-c""}, {""component"": ""燃料二"", ""factor"": 0.13, ""unit"": ""g/kg"", ""reference"": ""T/CSES 144-2024 7.2; 表D.1及注a-c""}]","[{""component"": ""燃烧源治理"", ""efficiency"": 0, ""reference"": ""表A.1燃烧源控制措施VOCs为0；CO按表D.1""}]",26.391115899999996,26.391115899999996,T/CSES 144-2024 7.2; 表D.1及注a-c,
SRC-RAW-AFC8439695D444001224,POWER,PM10,information_insufficient,产排污系数法/煤质物料衡算法,"[{""component"": ""燃料一"", ""fuel"": ""原煤"", ""raw_amount"": 659590.21, ""unit"": ""吨"", ""generation_use"": 659590.21, ""heat_use"": 0.0, ""amount"": 659590.21, ""sulfur"": ""0.510"", ""sulfur_unit"": ""%"", ""ash"": ""13.98"", ""source_row"": 35}, {""component"": ""燃料二"", ""fuel"": ""原油"", ""raw_amount"": 57.75, ""unit"": ""吨"", ""generation_use"": 57.75, ""heat_use"": 0.0, ""amount"": 57.75, ""sulfur"": ""0.001"", ""sulfur_unit"": ""%"", ""ash"": null, ""source_row"": 35}]","[{""component"": ""燃料一"", ""factor"": 24.1155, ""unit"": ""g/kg"", ""reference"": ""式(4)-(6)、表C.1-C.3；灰分质量分数；g/kg""}, {""component"": ""燃料二"", ""factor"": 0.85, ""unit"": ""g/kg"", ""reference"": ""T/CSES 144-2024 7.2; 表D.1及注a-c""}]",[],15906.396796755,,式(4)-(6)、表C.1-C.3；灰分质量分数；g/kg; T/CSES 144-2024 7.2; 表D.1及注a-c,SOURCE_RELATION_MISSING
SRC-RAW-AFC8439695D444001224,POWER,PM2.5,information_insufficient,产排污系数法/煤质物料衡算法,"[{""component"": ""燃料一"", ""fuel"": ""原煤"", ""raw_amount"": 659590.21, ""unit"": ""吨"", ""generation_use"": 659590.21, ""heat_use"": 0.0, ""amount"": 659590.21, ""sulfur"": ""0.510"", ""sulfur_unit"": ""%"", ""ash"": ""13.98"", ""source_row"": 35}, {""component"": ""燃料二"", ""fuel"": ""原油"", ""raw_amount"": 57.75, ""unit"": ""吨"", ""generation_use"": 57.75, ""heat_use"": 0.0, ""amount"": 57.75, ""sulfur"": ""0.001"", ""sulfur_unit"": ""%"", ""ash"": null, ""source_row"": 35}]","[{""component"": ""燃料一"", ""factor"": 6.2909999999999995, ""unit"": ""g/kg"", ""reference"": ""式(4)-(6)、表C.1-C.3；灰分质量分数；g/kg""}, {""component"": ""燃料二"", ""factor"": 0.62, ""unit"": ""g/kg"", ""reference"": ""T/CSES 144-2024 7.2; 表D.1及注a-c""}]",[],4149.51781611,,式(4)-(6)、表C.1-C.3；灰分质量分数；g/kg; T/CSES 144-2024 7.2; 表D.1及注a-c,SOURCE_RELATION_MISSING
SRC-RAW-AFC8439695D444001224,POWER,BC,information_insufficient,产排污系数法/煤质物料衡算法,"[{""component"": ""燃料一"", ""fuel"": ""原煤"", ""raw_amount"": 659590.21, ""unit"": ""吨"", ""generation_use"": 659590.21, ""heat_use"": 0.0, ""amount"": 659590.21, ""sulfur"": ""0.510"", ""sulfur_unit"": ""%"", ""ash"": ""13.98"", ""source_row"": 35}, {""component"": ""燃料二"", ""fuel"": ""原油"", ""raw_amount"": 57.75, ""unit"": ""吨"", ""generation_use"": 57.75, ""heat_use"": 0.0, ""amount"": 57.75, ""sulfur"": ""0.001"", ""sulfur_unit"": ""%"", ""ash"": null, ""source_row"": 35}]","[{""component"": ""燃料一"", ""factor"": 0.012582, ""unit"": ""g/kg"", ""reference"": ""式(4)-(6)、表C.1-C.3；灰分质量分数；g/kg""}, {""component"": ""燃料二"", ""factor"": 0.04, ""unit"": ""g/kg"", ""reference"": ""T/CSES 144-2024 7.2; 表D.1及注a-c""}]",[],8.30127402222,,式(4)-(6)、表C.1-C.3；灰分质量分数；g/kg; T/CSES 144-2024 7.2; 表D.1及注a-c,SOURCE_RELATION_MISSING
SRC-RAW-AFC8439695D444001224,POWER,OC,information_insufficient,产排污系数法/煤质物料衡算法,"[{""component"": ""燃料一"", ""fuel"": ""原煤"", ""raw_amount"": 659590.21, ""unit"": ""吨"", ""generation_use"": 659590.21, ""heat_use"": 0.0, ""amount"": 659590.21, ""sulfur"": ""0.510"", ""sulfur_unit"": ""%"", ""ash"": ""13.98"", ""source_row"": 35}, {""component"": ""燃料二"", ""fuel"": ""原油"", ""raw_amount"": 57.75, ""unit"": ""吨"", ""generation_use"": 57.75, ""heat_use"": 0.0, ""amount"": 57.75, ""sulfur"": ""0.001"", ""sulfur_unit"": ""%"", ""ash"": null, ""source_row"": 35}]","[{""component"": ""燃料一"", ""factor"": 0, ""unit"": ""g/kg"", ""reference"": ""式(6)、表C.3；电力生产/热力生产和供应OC占比=0""}, {""component"": ""燃料二"", ""factor"": 0.01, ""unit"": ""g/kg"", ""reference"": ""T/CSES 144-2024 7.2; 表D.1及注a-c""}]",[],0.0005775,,式(6)、表C.3；电力生产/热力生产和供应OC占比=0; T/CSES 144-2024 7.2; 表D.1及注a-c,SOURCE_RELATION_MISSING
SRC-RAW-AFC8439695D444001224,POWER,NH3,not_involved,第7章核算范围,[],[],[],,,T/CSES 144-2024第7章、表D.1；未列NH3，未将缺省范围解释为零排放,OUTSIDE_CHAPTER7_POLLUTANT_SCOPE
SRC-RAW-3ADCA80952BFB5C3B56A,POWER,SO2,source_data_invalid,产排污系数法/煤质物料衡算法,"[{""component"": ""燃料一"", ""fuel"": ""原煤"", ""raw_amount"": -642747.36, ""unit"": ""吨"", ""generation_use"": 642747.36, ""heat_use"": 0.0, ""amount"": -642747.36, ""sulfur"": ""0.510"", ""sulfur_unit"": ""%"", ""ash"": ""13.98"", ""source_row"": 36}, {""component"": ""燃料二"", ""fuel"": ""原油"", ""raw_amount"": 85.4, ""unit"": ""吨"", ""generation_use"": 85.4, ""heat_use"": 0.0, ""amount"": 85.4, ""sulfur"": ""0.001"", ""sulfur_unit"": ""%"", ""ash"": null, ""source_row"": 36}]","[{""component"": ""燃料一"", ""factor"": 8.67, ""unit"": ""g/kg"", ""reference"": ""式(3)、表C.1；S按质量分数；sr=0.15；g/kg""}, {""component"": ""燃料二"", ""factor"": 0, ""unit"": ""g/kg"", ""reference"": ""T/CSES 144-2024 7.2; 表D.1及注a-c""}]",[],,,式(3)、表C.1；S按质量分数；sr=0.15；g/kg; T/CSES 144-2024 7.2; 表D.1及注a-c,HARD_CONSTRAINT_CONFLICT
SRC-RAW-3ADCA80952BFB5C3B56A,POWER,NOx,source_data_invalid,产排污系数法/煤质物料衡算法,"[{""component"": ""燃料一"", ""fuel"": ""原煤"", ""raw_amount"": -642747.36, ""unit"": ""吨"", ""generation_use"": 642747.36, ""heat_use"": 0.0, ""amount"": -642747.36, ""sulfur"": ""0.510"", ""sulfur_unit"": ""%"", ""ash"": ""13.98"", ""source_row"": 36}, {""component"": ""燃料二"", ""fuel"": ""原油"", ""raw_amount"": 85.4, ""unit"": ""吨"", ""generation_use"": 85.4, ""heat_use"": 0.0, ""amount"": 85.4, ""sulfur"": ""0.001"", ""sulfur_unit"": ""%"", ""ash"": null, ""source_row"": 36}]","[{""component"": ""燃料一"", ""factor"": 7.21, ""unit"": ""g/kg"", ""reference"": ""T/CSES 144-2024 7.2; 表D.1及注a-c；万千瓦×10=MW""}, {""component"": ""燃料二"", ""factor"": 7.24, ""unit"": ""g/kg"", ""reference"": ""T/CSES 144-2024 7.2; 表D.1及注a-c""}]",[],,,T/CSES 144-2024 7.2; 表D.1及注a-c；万千瓦×10=MW; T/CSES 144-2024 7.2; 表D.1及注a-c,HARD_CONSTRAINT_CONFLICT
SRC-RAW-3ADCA80952BFB5C3B56A,POWER,CO,source_data_invalid,产排污系数法/煤质物料衡算法,"[{""component"": ""燃料一"", ""fuel"": ""原煤"", ""raw_amount"": -642747.36, ""unit"": ""吨"", ""generation_use"": 642747.36, ""heat_use"": 0.0, ""amount"": -642747.36, ""sulfur"": ""0.510"", ""sulfur_unit"": ""%"", ""ash"": ""13.98"", ""source_row"": 36}, {""component"": ""燃料二"", ""fuel"": ""原油"", ""raw_amount"": 85.4, ""unit"": ""吨"", ""generation_use"": 85.4, ""heat_use"": 0.0, ""amount"": 85.4, ""sulfur"": ""0.001"", ""sulfur_unit"": ""%"", ""ash"": null, ""source_row"": 36}]","[{""component"": ""燃料一"", ""factor"": 2, ""unit"": ""g/kg"", ""reference"": ""T/CSES 144-2024 7.2; 表D.1及注a-c""}, {""component"": ""燃料二"", ""factor"": 0.6, ""unit"": ""g/kg"", ""reference"": ""T/CSES 144-2024 7.2; 表D.1及注a-c""}]",[],,,T/CSES 144-2024 7.2; 表D.1及注a-c,HARD_CONSTRAINT_CONFLICT
SRC-RAW-3ADCA80952BFB5C3B56A,POWER,VOC,source_data_invalid,产排污系数法/煤质物料衡算法,"[{""component"": ""燃料一"", ""fuel"": ""原煤"", ""raw_amount"": -642747.36, ""unit"": ""吨"", ""generation_use"": 642747.36, ""heat_use"": 0.0, ""amount"": -642747.36, ""sulfur"": ""0.510"", ""sulfur_unit"": ""%"", ""ash"": ""13.98"", ""source_row"": 36}, {""component"": ""燃料二"", ""fuel"": ""原油"", ""raw_amount"": 85.4, ""unit"": ""吨"", ""generation_use"": 85.4, ""heat_use"": 0.0, ""amount"": 85.4, ""sulfur"": ""0.001"", ""sulfur_unit"": ""%"", ""ash"": null, ""source_row"": 36}]","[{""component"": ""燃料一"", ""factor"": 0.04, ""unit"": ""g/kg"", ""reference"": ""T/CSES 144-2024 7.2; 表D.1及注a-c""}, {""component"": ""燃料二"", ""factor"": 0.13, ""unit"": ""g/kg"", ""reference"": ""T/CSES 144-2024 7.2; 表D.1及注a-c""}]",[],,,T/CSES 144-2024 7.2; 表D.1及注a-c,HARD_CONSTRAINT_CONFLICT
SRC-RAW-3ADCA80952BFB5C3B56A,POWER,PM10,source_data_invalid,产排污系数法/煤质物料衡算法,"[{""component"": ""燃料一"", ""fuel"": ""原煤"", ""raw_amount"": -642747.36, ""unit"": ""吨"", ""generation_use"": 642747.36, ""heat_use"": 0.0, ""amount"": -642747.36, ""sulfur"": ""0.510"", ""sulfur_unit"": ""%"", ""ash"": ""13.98"", ""source_row"": 36}, {""component"": ""燃料二"", ""fuel"": ""原油"", ""raw_amount"": 85.4, ""unit"": ""吨"", ""generation_use"": 85.4, ""heat_use"": 0.0, ""amount"": 85.4, ""sulfur"": ""0.001"", ""sulfur_unit"": ""%"", ""ash"": null, ""source_row"": 36}]","[{""component"": ""燃料一"", ""factor"": 24.1155, ""unit"": ""g/kg"", ""reference"": ""式(4)-(6)、表C.1-C.3；灰分质量分数；g/kg""}, {""component"": ""燃料二"", ""factor"": 0.85, ""unit"": ""g/kg"", ""reference"": ""T/CSES 144-2024 7.2; 表D.1及注a-c""}]",[],,,式(4)-(6)、表C.1-C.3；灰分质量分数；g/kg; T/CSES 144-2024 7.2; 表D.1及注a-c,HARD_CONSTRAINT_CONFLICT
SRC-RAW-3ADCA80952BFB5C3B56A,POWER,PM2.5,source_data_invalid,产排污系数法/煤质物料衡算法,"[{""component"": ""燃料一"", ""fuel"": ""原煤"", ""raw_amount"": -642747.36, ""unit"": ""吨"", ""generation_use"": 642747.36, ""heat_use"": 0.0, ""amount"": -642747.36, ""sulfur"": ""0.510"", ""sulfur_unit"": ""%"", ""ash"": ""13.98"", ""source_row"": 36}, {""component"": ""燃料二"", ""fuel"": ""原油"", ""raw_amount"": 85.4, ""unit"": ""吨"", ""generation_use"": 85.4, ""heat_use"": 0.0, ""amount"": 85.4, ""sulfur"": ""0.001"", ""sulfur_unit"": ""%"", ""ash"": null, ""source_row"": 36}]","[{""component"": ""燃料一"", ""factor"": 6.2909999999999995, ""unit"": ""g/kg"", ""reference"": ""式(4)-(6)、表C.1-C.3；灰分质量分数；g/kg""}, {""component"": ""燃料二"", ""factor"": 0.62, ""unit"": ""g/kg"", ""reference"": ""T/CSES 144-2024 7.2; 表D.1及注a-c""}]",[],,,式(4)-(6)、表C.1-C.3；灰分质量分数；g/kg; T/CSES 144-2024 7.2; 表D.1及注a-c,HARD_CONSTRAINT_CONFLICT
SRC-RAW-3ADCA80952BFB5C3B56A,POWER,BC,source_data_invalid,产排污系数法/煤质物料衡算法,"[{""component"": ""燃料一"", ""fuel"": ""原煤"", ""raw_amount"": -642747.36, ""unit"": ""吨"", ""generation_use"": 642747.36, ""heat_use"": 0.0, ""amount"": -642747.36, ""sulfur"": ""0.510"", ""sulfur_unit"": ""%"", ""ash"": ""13.98"", ""source_row"": 36}, {""component"": ""燃料二"", ""fuel"": ""原油"", ""raw_amount"": 85.4, ""unit"": ""吨"", ""generation_use"": 85.4, ""heat_use"": 0.0, ""amount"": 85.4, ""sulfur"": ""0.001"", ""sulfur_unit"": ""%"", ""ash"": null, ""source_row"": 36}]","[{""component"": ""燃料一"", ""factor"": 0.012582, ""unit"": ""g/kg"", ""reference"": ""式(4)-(6)、表C.1-C.3；灰分质量分数；g/kg""}, {""component"": ""燃料二"", ""factor"": 0.04, ""unit"": ""g/kg"", ""reference"": ""T/CSES 144-2024 7.2; 表D.1及注a-c""}]",[],,,式(4)-(6)、表C.1-C.3；灰分质量分数；g/kg; T/CSES 144-2024 7.2; 表D.1及注a-c,HARD_CONSTRAINT_CONFLICT
SRC-RAW-3ADCA80952BFB5C3B56A,POWER,OC,source_data_invalid,产排污系数法/煤质物料衡算法,"[{""component"": ""燃料一"", ""fuel"": ""原煤"", ""raw_amount"": -642747.36, ""unit"": ""吨"", ""generation_use"": 642747.36, ""heat_use"": 0.0, ""amount"": -642747.36, ""sulfur"": ""0.510"", ""sulfur_unit"": ""%"", ""ash"": ""13.98"", ""source_row"": 36}, {""component"": ""燃料二"", ""fuel"": ""原油"", ""raw_amount"": 85.4, ""unit"": ""吨"", ""generation_use"": 85.4, ""heat_use"": 0.0, ""amount"": 85.4, ""sulfur"": ""0.001"", ""sulfur_unit"": ""%"", ""ash"": null, ""source_row"": 36}]","[{""component"": ""燃料一"", ""factor"": 0, ""unit"": ""g/kg"", ""reference"": ""式(6)、表C.3；电力生产/热力生产和供应OC占比=0""}, {""component"": ""燃料二"", ""factor"": 0.01, ""unit"": ""g/kg"", ""reference"": ""T/CSES 144-2024 7.2; 表D.1及注a-c""}]",[],,,式(6)、表C.3；电力生产/热力生产和供应OC占比=0; T/CSES 144-2024 7.2; 表D.1及注a-c,HARD_CONSTRAINT_CONFLICT
SRC-RAW-3ADCA80952BFB5C3B56A,POWER,NH3,not_involved,第7章核算范围,[],[],[],,,T/CSES 144-2024第7章、表D.1；未列NH3，未将缺省范围解释为零排放,OUTSIDE_CHAPTER7_POLLUTANT_SCOPE
SRC-RAW-31E69AFCF19B952DA614,POWER,SO2,information_insufficient,产排污系数法/煤质物料衡算法,"[{""component"": ""燃料一"", ""fuel"": ""原煤"", ""raw_amount"": 782867.0, ""unit"": ""吨"", ""generation_use"": 782867.0, ""heat_use"": 0.0, ""amount"": 782867.0, ""sulfur"": ""0.510"", ""sulfur_unit"": ""%"", ""ash"": ""13.98"", ""source_row"": 37}, {""component"": ""燃料二"", ""fuel"": ""原油"", ""raw_amount"": 32.96, ""unit"": ""吨"", ""generation_use"": 32.96, ""heat_use"": 0.0, ""amount"": 32.96, ""sulfur"": ""0.001"", ""sulfur_unit"": ""%"", ""ash"": null, ""source_row"": 37}]","[{""component"": ""燃料一"", ""factor"": 8.67, ""unit"": ""g/kg"", ""reference"": ""式(3)、表C.1；S按质量分数；sr=0.15；g/kg""}, {""component"": ""燃料二"", ""factor"": 0, ""unit"": ""g/kg"", ""reference"": ""T/CSES 144-2024 7.2; 表D.1及注a-c""}]",[],6787.4568899999995,,式(3)、表C.1；S按质量分数；sr=0.15；g/kg; T/CSES 144-2024 7.2; 表D.1及注a-c,SOURCE_RELATION_MISSING
SRC-RAW-31E69AFCF19B952DA614,POWER,NOx,information_insufficient,产排污系数法/煤质物料衡算法,"[{""component"": ""燃料一"", ""fuel"": ""原煤"", ""raw_amount"": 782867.0, ""unit"": ""吨"", ""generation_use"": 782867.0, ""heat_use"": 0.0, ""amount"": 782867.0, ""sulfur"": ""0.510"", ""sulfur_unit"": ""%"", ""ash"": ""13.98"", ""source_row"": 37}, {""component"": ""燃料二"", ""fuel"": ""原油"", ""raw_amount"": 32.96, ""unit"": ""吨"", ""generation_use"": 32.96, ""heat_use"": 0.0, ""amount"": 32.96, ""sulfur"": ""0.001"", ""sulfur_unit"": ""%"", ""ash"": null, ""source_row"": 37}]","[{""component"": ""燃料一"", ""factor"": 7.21, ""unit"": ""g/kg"", ""reference"": ""T/CSES 144-2024 7.2; 表D.1及注a-c；万千瓦×10=MW""}, {""component"": ""燃料二"", ""factor"": 7.24, ""unit"": ""g/kg"", ""reference"": ""T/CSES 144-2024 7.2; 表D.1及注a-c""}]",[],5644.709700400001,,T/CSES 144-2024 7.2; 表D.1及注a-c；万千瓦×10=MW; T/CSES 144-2024 7.2; 表D.1及注a-c,SOURCE_RELATION_MISSING
SRC-RAW-31E69AFCF19B952DA614,POWER,CO,calculated,产排污系数法/煤质物料衡算法,"[{""component"": ""燃料一"", ""fuel"": ""原煤"", ""raw_amount"": 782867.0, ""unit"": ""吨"", ""generation_use"": 782867.0, ""heat_use"": 0.0, ""amount"": 782867.0, ""sulfur"": ""0.510"", ""sulfur_unit"": ""%"", ""ash"": ""13.98"", ""source_row"": 37}, {""component"": ""燃料二"", ""fuel"": ""原油"", ""raw_amount"": 32.96, ""unit"": ""吨"", ""generation_use"": 32.96, ""heat_use"": 0.0, ""amount"": 32.96, ""sulfur"": ""0.001"", ""sulfur_unit"": ""%"", ""ash"": null, ""source_row"": 37}]","[{""component"": ""燃料一"", ""factor"": 2, ""unit"": ""g/kg"", ""reference"": ""T/CSES 144-2024 7.2; 表D.1及注a-c""}, {""component"": ""燃料二"", ""factor"": 0.6, ""unit"": ""g/kg"", ""reference"": ""T/CSES 144-2024 7.2; 表D.1及注a-c""}]","[{""component"": ""燃烧源治理"", ""efficiency"": 0, ""reference"": ""表A.1燃烧源控制措施VOCs为0；CO按表D.1""}]",1565.753776,1565.753776,T/CSES 144-2024 7.2; 表D.1及注a-c,
SRC-RAW-31E69AFCF19B952DA614,POWER,VOC,calculated,产排污系数法/煤质物料衡算法,"[{""component"": ""燃料一"", ""fuel"": ""原煤"", ""raw_amount"": 782867.0, ""unit"": ""吨"", ""generation_use"": 782867.0, ""heat_use"": 0.0, ""amount"": 782867.0, ""sulfur"": ""0.510"", ""sulfur_unit"": ""%"", ""ash"": ""13.98"", ""source_row"": 37}, {""component"": ""燃料二"", ""fuel"": ""原油"", ""raw_amount"": 32.96, ""unit"": ""吨"", ""generation_use"": 32.96, ""heat_use"": 0.0, ""amount"": 32.96, ""sulfur"": ""0.001"", ""sulfur_unit"": ""%"", ""ash"": null, ""source_row"": 37}]","[{""component"": ""燃料一"", ""factor"": 0.04, ""unit"": ""g/kg"", ""reference"": ""T/CSES 144-2024 7.2; 表D.1及注a-c""}, {""component"": ""燃料二"", ""factor"": 0.13, ""unit"": ""g/kg"", ""reference"": ""T/CSES 144-2024 7.2; 表D.1及注a-c""}]","[{""component"": ""燃烧源治理"", ""efficiency"": 0, ""reference"": ""表A.1燃烧源控制措施VOCs为0；CO按表D.1""}]",31.3189648,31.3189648,T/CSES 144-2024 7.2; 表D.1及注a-c,
SRC-RAW-31E69AFCF19B952DA614,POWER,PM10,information_insufficient,产排污系数法/煤质物料衡算法,"[{""component"": ""燃料一"", ""fuel"": ""原煤"", ""raw_amount"": 782867.0, ""unit"": ""吨"", ""generation_use"": 782867.0, ""heat_use"": 0.0, ""amount"": 782867.0, ""sulfur"": ""0.510"", ""sulfur_unit"": ""%"", ""ash"": ""13.98"", ""source_row"": 37}, {""component"": ""燃料二"", ""fuel"": ""原油"", ""raw_amount"": 32.96, ""unit"": ""吨"", ""generation_use"": 32.96, ""heat_use"": 0.0, ""amount"": 32.96, ""sulfur"": ""0.001"", ""sulfur_unit"": ""%"", ""ash"": null, ""source_row"": 37}]","[{""component"": ""燃料一"", ""factor"": 24.1155, ""unit"": ""g/kg"", ""reference"": ""式(4)-(6)、表C.1-C.3；灰分质量分数；g/kg""}, {""component"": ""燃料二"", ""factor"": 0.85, ""unit"": ""g/kg"", ""reference"": ""T/CSES 144-2024 7.2; 表D.1及注a-c""}]",[],18879.257154500003,,式(4)-(6)、表C.1-C.3；灰分质量分数；g/kg; T/CSES 144-2024 7.2; 表D.1及注a-c,SOURCE_RELATION_MISSING
SRC-RAW-31E69AFCF19B952DA614,POWER,PM2.5,information_insufficient,产排污系数法/煤质物料衡算法,"[{""component"": ""燃料一"", ""fuel"": ""原煤"", ""raw_amount"": 782867.0, ""unit"": ""吨"", ""generation_use"": 782867.0, ""heat_use"": 0.0, ""amount"": 782867.0, ""sulfur"": ""0.510"", ""sulfur_unit"": ""%"", ""ash"": ""13.98"", ""source_row"": 37}, {""component"": ""燃料二"", ""fuel"": ""原油"", ""raw_amount"": 32.96, ""unit"": ""吨"", ""generation_use"": 32.96, ""heat_use"": 0.0, ""amount"": 32.96, ""sulfur"": ""0.001"", ""sulfur_unit"": ""%"", ""ash"": null, ""source_row"": 37}]","[{""component"": ""燃料一"", ""factor"": 6.2909999999999995, ""unit"": ""g/kg"", ""reference"": ""式(4)-(6)、表C.1-C.3；灰分质量分数；g/kg""}, {""component"": ""燃料二"", ""factor"": 0.62, ""unit"": ""g/kg"", ""reference"": ""T/CSES 144-2024 7.2; 表D.1及注a-c""}]",[],4925.036732199999,,式(4)-(6)、表C.1-C.3；灰分质量分数；g/kg; T/CSES 144-2024 7.2; 表D.1及注a-c,SOURCE_RELATION_MISSING
SRC-RAW-31E69AFCF19B952DA614,POWER,BC,information_insufficient,产排污系数法/煤质物料衡算法,"[{""component"": ""燃料一"", ""fuel"": ""原煤"", ""raw_amount"": 782867.0, ""unit"": ""吨"", ""generation_use"": 782867.0, ""heat_use"": 0.0, ""amount"": 782867.0, ""sulfur"": ""0.510"", ""sulfur_unit"": ""%"", ""ash"": ""13.98"", ""source_row"": 37}, {""component"": ""燃料二"", ""fuel"": ""原油"", ""raw_amount"": 32.96, ""unit"": ""吨"", ""generation_use"": 32.96, ""heat_use"": 0.0, ""amount"": 32.96, ""sulfur"": ""0.001"", ""sulfur_unit"": ""%"", ""ash"": null, ""source_row"": 37}]","[{""component"": ""燃料一"", ""factor"": 0.012582, ""unit"": ""g/kg"", ""reference"": ""式(4)-(6)、表C.1-C.3；灰分质量分数；g/kg""}, {""component"": ""燃料二"", ""factor"": 0.04, ""unit"": ""g/kg"", ""reference"": ""T/CSES 144-2024 7.2; 表D.1及注a-c""}]",[],9.851350994,,式(4)-(6)、表C.1-C.3；灰分质量分数；g/kg; T/CSES 144-2024 7.2; 表D.1及注a-c,SOURCE_RELATION_MISSING
SRC-RAW-31E69AFCF19B952DA614,POWER,OC,information_insufficient,产排污系数法/煤质物料衡算法,"[{""component"": ""燃料一"", ""fuel"": ""原煤"", ""raw_amount"": 782867.0, ""unit"": ""吨"", ""generation_use"": 782867.0, ""heat_use"": 0.0, ""amount"": 782867.0, ""sulfur"": ""0.510"", ""sulfur_unit"": ""%"", ""ash"": ""13.98"", ""source_row"": 37}, {""component"": ""燃料二"", ""fuel"": ""原油"", ""raw_amount"": 32.96, ""unit"": ""吨"", ""generation_use"": 32.96, ""heat_use"": 0.0, ""amount"": 32.96, ""sulfur"": ""0.001"", ""sulfur_unit"": ""%"", ""ash"": null, ""source_row"": 37}]","[{""component"": ""燃料一"", ""factor"": 0, ""unit"": ""g/kg"", ""reference"": ""式(6)、表C.3；电力生产/热力生产和供应OC占比=0""}, {""component"": ""燃料二"", ""factor"": 0.01, ""unit"": ""g/kg"", ""reference"": ""T/CSES 144-2024 7.2; 表D.1及注a-c""}]",[],0.0003296,,式(6)、表C.3；电力生产/热力生产和供应OC占比=0; T/CSES 144-2024 7.2; 表D.1及注a-c,SOURCE_RELATION_MISSING
SRC-RAW-31E69AFCF19B952DA614,POWER,NH3,not_involved,第7章核算范围,[],[],[],,,T/CSES 144-2024第7章、表D.1；未列NH3，未将缺省范围解释为零排放,OUTSIDE_CHAPTER7_POLLUTANT_SCOPE
SRC-RAW-CCDE74141F81CA791FFA,POWER,SO2,information_insufficient,产排污系数法/煤质物料衡算法,"[{""component"": ""燃料一"", ""fuel"": ""原煤"", ""raw_amount"": 784863.96, ""unit"": ""吨"", ""generation_use"": 784863.96, ""heat_use"": 0.0, ""amount"": 784863.96, ""sulfur"": null, ""sulfur_unit"": ""%"", ""ash"": ""13.98"", ""source_row"": 38}, {""component"": ""燃料二"", ""fuel"": ""原油"", ""raw_amount"": 131.8, ""unit"": ""吨"", ""generation_use"": 131.8, ""heat_use"": 0.0, ""amount"": 131.8, ""sulfur"": ""0.001"", ""sulfur_unit"": ""%"", ""ash"": null, ""source_row"": 38}]","[{""component"": ""燃料一"", ""factor"": null, ""unit"": ""g/kg"", ""reference"": ""式(3)、表C.1；收到基硫分缺失""}, {""component"": ""燃料二"", ""factor"": 0, ""unit"": ""g/kg"", ""reference"": ""T/CSES 144-2024 7.2; 表D.1及注a-c""}]",[],,,式(3)、表C.1；收到基硫分缺失; T/CSES 144-2024 7.2; 表D.1及注a-c,POLLUTANT_PARAMETER_MISSING
SRC-RAW-CCDE74141F81CA791FFA,POWER,NOx,information_insufficient,产排污系数法/煤质物料衡算法,"[{""component"": ""燃料一"", ""fuel"": ""原煤"", ""raw_amount"": 784863.96, ""unit"": ""吨"", ""generation_use"": 784863.96, ""heat_use"": 0.0, ""amount"": 784863.96, ""sulfur"": null, ""sulfur_unit"": ""%"", ""ash"": ""13.98"", ""source_row"": 38}, {""component"": ""燃料二"", ""fuel"": ""原油"", ""raw_amount"": 131.8, ""unit"": ""吨"", ""generation_use"": 131.8, ""heat_use"": 0.0, ""amount"": 131.8, ""sulfur"": ""0.001"", ""sulfur_unit"": ""%"", ""ash"": null, ""source_row"": 38}]","[{""component"": ""燃料一"", ""factor"": 7.21, ""unit"": ""g/kg"", ""reference"": ""T/CSES 144-2024 7.2; 表D.1及注a-c；万千瓦×10=MW""}, {""component"": ""燃料二"", ""factor"": 7.24, ""unit"": ""g/kg"", ""reference"": ""T/CSES 144-2024 7.2; 表D.1及注a-c""}]",[],5659.8233836,,T/CSES 144-2024 7.2; 表D.1及注a-c；万千瓦×10=MW; T/CSES 144-2024 7.2; 表D.1及注a-c,SOURCE_RELATION_MISSING
SRC-RAW-CCDE74141F81CA791FFA,POWER,CO,calculated,产排污系数法/煤质物料衡算法,"[{""component"": ""燃料一"", ""fuel"": ""原煤"", ""raw_amount"": 784863.96, ""unit"": ""吨"", ""generation_use"": 784863.96, ""heat_use"": 0.0, ""amount"": 784863.96, ""sulfur"": null, ""sulfur_unit"": ""%"", ""ash"": ""13.98"", ""source_row"": 38}, {""component"": ""燃料二"", ""fuel"": ""原油"", ""raw_amount"": 131.8, ""unit"": ""吨"", ""generation_use"": 131.8, ""heat_use"": 0.0, ""amount"": 131.8, ""sulfur"": ""0.001"", ""sulfur_unit"": ""%"", ""ash"": null, ""source_row"": 38}]","[{""component"": ""燃料一"", ""factor"": 2, ""unit"": ""g/kg"", ""reference"": ""T/CSES 144-2024 7.2; 表D.1及注a-c""}, {""component"": ""燃料二"", ""factor"": 0.6, ""unit"": ""g/kg"", ""reference"": ""T/CSES 144-2024 7.2; 表D.1及注a-c""}]","[{""component"": ""燃烧源治理"", ""efficiency"": 0, ""reference"": ""表A.1燃烧源控制措施VOCs为0；CO按表D.1""}]",1569.807,1569.807,T/CSES 144-2024 7.2; 表D.1及注a-c,
SRC-RAW-CCDE74141F81CA791FFA,POWER,VOC,calculated,产排污系数法/煤质物料衡算法,"[{""component"": ""燃料一"", ""fuel"": ""原煤"", ""raw_amount"": 784863.96, ""unit"": ""吨"", ""generation_use"": 784863.96, ""heat_use"": 0.0, ""amount"": 784863.96, ""sulfur"": null, ""sulfur_unit"": ""%"", ""ash"": ""13.98"", ""source_row"": 38}, {""component"": ""燃料二"", ""fuel"": ""原油"", ""raw_amount"": 131.8, ""unit"": ""吨"", ""generation_use"": 131.8, ""heat_use"": 0.0, ""amount"": 131.8, ""sulfur"": ""0.001"", ""sulfur_unit"": ""%"", ""ash"": null, ""source_row"": 38}]","[{""component"": ""燃料一"", ""factor"": 0.04, ""unit"": ""g/kg"", ""reference"": ""T/CSES 144-2024 7.2; 表D.1及注a-c""}, {""component"": ""燃料二"", ""factor"": 0.13, ""unit"": ""g/kg"", ""reference"": ""T/CSES 144-2024 7.2; 表D.1及注a-c""}]","[{""component"": ""燃烧源治理"", ""efficiency"": 0, ""reference"": ""表A.1燃烧源控制措施VOCs为0；CO按表D.1""}]",31.411692399999996,31.411692399999996,T/CSES 144-2024 7.2; 表D.1及注a-c,
SRC-RAW-CCDE74141F81CA791FFA,POWER,PM10,information_insufficient,产排污系数法/煤质物料衡算法,"[{""component"": ""燃料一"", ""fuel"": ""原煤"", ""raw_amount"": 784863.96, ""unit"": ""吨"", ""generation_use"": 784863.96, ""heat_use"": 0.0, ""amount"": 784863.96, ""sulfur"": null, ""sulfur_unit"": ""%"", ""ash"": ""13.98"", ""source_row"": 38}, {""component"": ""燃料二"", ""fuel"": ""原油"", ""raw_amount"": 131.8, ""unit"": ""吨"", ""generation_use"": 131.8, ""heat_use"": 0.0, ""amount"": 131.8, ""sulfur"": ""0.001"", ""sulfur_unit"": ""%"", ""ash"": null, ""source_row"": 38}]","[{""component"": ""燃料一"", ""factor"": 24.1155, ""unit"": ""g/kg"", ""reference"": ""式(4)-(6)、表C.1-C.3；灰分质量分数；g/kg""}, {""component"": ""燃料二"", ""factor"": 0.85, ""unit"": ""g/kg"", ""reference"": ""T/CSES 144-2024 7.2; 表D.1及注a-c""}]",[],18927.498857380004,,式(4)-(6)、表C.1-C.3；灰分质量分数；g/kg; T/CSES 144-2024 7.2; 表D.1及注a-c,SOURCE_RELATION_MISSING
SRC-RAW-CCDE74141F81CA791FFA,POWER,PM2.5,information_insufficient,产排污系数法/煤质物料衡算法,"[{""component"": ""燃料一"", ""fuel"": ""原煤"", ""raw_amount"": 784863.96, ""unit"": ""吨"", ""generation_use"": 784863.96, ""heat_use"": 0.0, ""amount"": 784863.96, ""sulfur"": null, ""sulfur_unit"": ""%"", ""ash"": ""13.98"", ""source_row"": 38}, {""component"": ""燃料二"", ""fuel"": ""原油"", ""raw_amount"": 131.8, ""unit"": ""吨"", ""generation_use"": 131.8, ""heat_use"": 0.0, ""amount"": 131.8, ""sulfur"": ""0.001"", ""sulfur_unit"": ""%"", ""ash"": null, ""source_row"": 38}]","[{""component"": ""燃料一"", ""factor"": 6.2909999999999995, ""unit"": ""g/kg"", ""reference"": ""式(4)-(6)、表C.1-C.3；灰分质量分数；g/kg""}, {""component"": ""燃料二"", ""factor"": 0.62, ""unit"": ""g/kg"", ""reference"": ""T/CSES 144-2024 7.2; 表D.1及注a-c""}]",[],4937.660888359999,,式(4)-(6)、表C.1-C.3；灰分质量分数；g/kg; T/CSES 144-2024 7.2; 表D.1及注a-c,SOURCE_RELATION_MISSING
SRC-RAW-CCDE74141F81CA791FFA,POWER,BC,information_insufficient,产排污系数法/煤质物料衡算法,"[{""component"": ""燃料一"", ""fuel"": ""原煤"", ""raw_amount"": 784863.96, ""unit"": ""吨"", ""generation_use"": 784863.96, ""heat_use"": 0.0, ""amount"": 784863.96, ""sulfur"": null, ""sulfur_unit"": ""%"", ""ash"": ""13.98"", ""source_row"": 38}, {""component"": ""燃料二"", ""fuel"": ""原油"", ""raw_amount"": 131.8, ""unit"": ""吨"", ""generation_use"": 131.8, ""heat_use"": 0.0, ""amount"": 131.8, ""sulfur"": ""0.001"", ""sulfur_unit"": ""%"", ""ash"": null, ""source_row"": 38}]","[{""component"": ""燃料一"", ""factor"": 0.012582, ""unit"": ""g/kg"", ""reference"": ""式(4)-(6)、表C.1-C.3；灰分质量分数；g/kg""}, {""component"": ""燃料二"", ""factor"": 0.04, ""unit"": ""g/kg"", ""reference"": ""T/CSES 144-2024 7.2; 表D.1及注a-c""}]",[],9.880430344719999,,式(4)-(6)、表C.1-C.3；灰分质量分数；g/kg; T/CSES 144-2024 7.2; 表D.1及注a-c,SOURCE_RELATION_MISSING
SRC-RAW-CCDE74141F81CA791FFA,POWER,OC,information_insufficient,产排污系数法/煤质物料衡算法,"[{""component"": ""燃料一"", ""fuel"": ""原煤"", ""raw_amount"": 784863.96, ""unit"": ""吨"", ""generation_use"": 784863.96, ""heat_use"": 0.0, ""amount"": 784863.96, ""sulfur"": null, ""sulfur_unit"": ""%"", ""ash"": ""13.98"", ""source_row"": 38}, {""component"": ""燃料二"", ""fuel"": ""原油"", ""raw_amount"": 131.8, ""unit"": ""吨"", ""generation_use"": 131.8, ""heat_use"": 0.0, ""amount"": 131.8, ""sulfur"": ""0.001"", ""sulfur_unit"": ""%"", ""ash"": null, ""source_row"": 38}]","[{""component"": ""燃料一"", ""factor"": 0, ""unit"": ""g/kg"", ""reference"": ""式(6)、表C.3；电力生产/热力生产和供应OC占比=0""}, {""component"": ""燃料二"", ""factor"": 0.01, ""unit"": ""g/kg"", ""reference"": ""T/CSES 144-2024 7.2; 表D.1及注a-c""}]",[],0.0013180000000000002,,式(6)、表C.3；电力生产/热力生产和供应OC占比=0; T/CSES 144-2024 7.2; 表D.1及注a-c,SOURCE_RELATION_MISSING
SRC-RAW-CCDE74141F81CA791FFA,POWER,NH3,not_involved,第7章核算范围,[],[],[],,,T/CSES 144-2024第7章、表D.1；未列NH3，未将缺省范围解释为零排放,OUTSIDE_CHAPTER7_POLLUTANT_SCOPE
SRC-RAW-3EF4C285FA23D36D8A39,POWER,SO2,information_insufficient,产排污系数法/煤质物料衡算法,"[{""component"": ""燃料一"", ""fuel"": ""一般烟煤"", ""raw_amount"": 1004222.329, ""unit"": ""吨"", ""generation_use"": 887161.91, ""heat_use"": 117060.419, ""amount"": 1004222.329, ""sulfur"": ""0.620"", ""sulfur_unit"": ""%"", ""ash"": null, ""source_row"": 44}, {""component"": ""燃料二"", ""fuel"": ""柴油"", ""raw_amount"": 132.892, ""unit"": ""吨"", ""generation_use"": 125.747, ""heat_use"": 7.145, ""amount"": 132.892, ""sulfur"": ""0.200"", ""sulfur_unit"": ""%"", ""ash"": ""0.00"", ""source_row"": 44}]","[{""component"": ""燃料一"", ""factor"": 10.54, ""unit"": ""g/kg"", ""reference"": ""式(3)、表C.1；S按质量分数；sr=0.15；g/kg""}, {""component"": ""燃料二"", ""factor"": 3, ""unit"": ""g/kg"", ""reference"": ""T/CSES 144-2024 7.2; 表D.1及注a-c""}]",[],10584.90202366,,式(3)、表C.1；S按质量分数；sr=0.15；g/kg; T/CSES 144-2024 7.2; 表D.1及注a-c,SOURCE_RELATION_MISSING
SRC-RAW-3EF4C285FA23D36D8A39,POWER,NOx,information_insufficient,产排污系数法/煤质物料衡算法,"[{""component"": ""燃料一"", ""fuel"": ""一般烟煤"", ""raw_amount"": 1004222.329, ""unit"": ""吨"", ""generation_use"": 887161.91, ""heat_use"": 117060.419, ""amount"": 1004222.329, ""sulfur"": ""0.620"", ""sulfur_unit"": ""%"", ""ash"": null, ""source_row"": 44}, {""component"": ""燃料二"", ""fuel"": ""柴油"", ""raw_amount"": 132.892, ""unit"": ""吨"", ""generation_use"": 125.747, ""heat_use"": 7.145, ""amount"": 132.892, ""sulfur"": ""0.200"", ""sulfur_unit"": ""%"", ""ash"": ""0.00"", ""source_row"": 44}]","[{""component"": ""燃料一"", ""factor"": 7.21, ""unit"": ""g/kg"", ""reference"": ""T/CSES 144-2024 7.2; 表D.1及注a-c；万千瓦×10=MW""}, {""component"": ""燃料二"", ""factor"": 7.4, ""unit"": ""g/kg"", ""reference"": ""T/CSES 144-2024 7.2; 表D.1及注a-c""}]",[],7241.42639289,,T/CSES 144-2024 7.2; 表D.1及注a-c；万千瓦×10=MW; T/CSES 144-2024 7.2; 表D.1及注a-c,SOURCE_RELATION_MISSING
SRC-RAW-3EF4C285FA23D36D8A39,POWER,CO,calculated,产排污系数法/煤质物料衡算法,"[{""component"": ""燃料一"", ""fuel"": ""一般烟煤"", ""raw_amount"": 1004222.329, ""unit"": ""吨"", ""generation_use"": 887161.91, ""heat_use"": 117060.419, ""amount"": 1004222.329, ""sulfur"": ""0.620"", ""sulfur_unit"": ""%"", ""ash"": null, ""source_row"": 44}, {""component"": ""燃料二"", ""fuel"": ""柴油"", ""raw_amount"": 132.892, ""unit"": ""吨"", ""generation_use"": 125.747, ""heat_use"": 7.145, ""amount"": 132.892, ""sulfur"": ""0.200"", ""sulfur_unit"": ""%"", ""ash"": ""0.00"", ""source_row"": 44}]","[{""component"": ""燃料一"", ""factor"": 2, ""unit"": ""g/kg"", ""reference"": ""T/CSES 144-2024 7.2; 表D.1及注a-c""}, {""component"": ""燃料二"", ""factor"": 0.6, ""unit"": ""g/kg"", ""reference"": ""T/CSES 144-2024 7.2; 表D.1及注a-c""}]","[{""component"": ""燃烧源治理"", ""efficiency"": 0, ""reference"": ""表A.1燃烧源控制措施VOCs为0；CO按表D.1""}]",2008.5243932,2008.5243932,T/CSES 144-2024 7.2; 表D.1及注a-c,
SRC-RAW-3EF4C285FA23D36D8A39,POWER,VOC,calculated,产排污系数法/煤质物料衡算法,"[{""component"": ""燃料一"", ""fuel"": ""一般烟煤"", ""raw_amount"": 1004222.329, ""unit"": ""吨"", ""generation_use"": 887161.91, ""heat_use"": 117060.419, ""amount"": 1004222.329, ""sulfur"": ""0.620"", ""sulfur_unit"": ""%"", ""ash"": null, ""source_row"": 44}, {""component"": ""燃料二"", ""fuel"": ""柴油"", ""raw_amount"": 132.892, ""unit"": ""吨"", ""generation_use"": 125.747, ""heat_use"": 7.145, ""amount"": 132.892, ""sulfur"": ""0.200"", ""sulfur_unit"": ""%"", ""ash"": ""0.00"", ""source_row"": 44}]","[{""component"": ""燃料一"", ""factor"": 0.04, ""unit"": ""g/kg"", ""reference"": ""T/CSES 144-2024 7.2; 表D.1及注a-c""}, {""component"": ""燃料二"", ""factor"": 0.13, ""unit"": ""g/kg"", ""reference"": ""T/CSES 144-2024 7.2; 表D.1及注a-c""}]","[{""component"": ""燃烧源治理"", ""efficiency"": 0, ""reference"": ""表A.1燃烧源控制措施VOCs为0；CO按表D.1""}]",40.18616912,40.18616912,T/CSES 144-2024 7.2; 表D.1及注a-c,
SRC-RAW-3EF4C285FA23D36D8A39,POWER,PM10,information_insufficient,产排污系数法/煤质物料衡算法,"[{""component"": ""燃料一"", ""fuel"": ""一般烟煤"", ""raw_amount"": 1004222.329, ""unit"": ""吨"", ""generation_use"": 887161.91, ""heat_use"": 117060.419, ""amount"": 1004222.329, ""sulfur"": ""0.620"", ""sulfur_unit"": ""%"", ""ash"": null, ""source_row"": 44}, {""component"": ""燃料二"", ""fuel"": ""柴油"", ""raw_amount"": 132.892, ""unit"": ""吨"", ""generation_use"": 125.747, ""heat_use"": 7.145, ""amount"": 132.892, ""sulfur"": ""0.200"", ""sulfur_unit"": ""%"", ""ash"": ""0.00"", ""source_row"": 44}]","[{""component"": ""燃料一"", ""factor"": null, ""unit"": ""g/kg"", ""reference"": ""式(4)-(6)、表C.1-C.3；收到基灰分缺失""}, {""component"": ""燃料二"", ""factor"": 0.5, ""unit"": ""g/kg"", ""reference"": ""T/CSES 144-2024 7.2; 表D.1及注a-c""}]",[],,,式(4)-(6)、表C.1-C.3；收到基灰分缺失; T/CSES 144-2024 7.2; 表D.1及注a-c,POLLUTANT_PARAMETER_MISSING
SRC-RAW-3EF4C285FA23D36D8A39,POWER,PM2.5,information_insufficient,产排污系数法/煤质物料衡算法,"[{""component"": ""燃料一"", ""fuel"": ""一般烟煤"", ""raw_amount"": 1004222.329, ""unit"": ""吨"", ""generation_use"": 887161.91, ""heat_use"": 117060.419, ""amount"": 1004222.329, ""sulfur"": ""0.620"", ""sulfur_unit"": ""%"", ""ash"": null, ""source_row"": 44}, {""component"": ""燃料二"", ""fuel"": ""柴油"", ""raw_amount"": 132.892, ""unit"": ""吨"", ""generation_use"": 125.747, ""heat_use"": 7.145, ""amount"": 132.892, ""sulfur"": ""0.200"", ""sulfur_unit"": ""%"", ""ash"": ""0.00"", ""source_row"": 44}]","[{""component"": ""燃料一"", ""factor"": null, ""unit"": ""g/kg"", ""reference"": ""式(4)-(6)、表C.1-C.3；收到基灰分缺失""}, {""component"": ""燃料二"", ""factor"": 0.5, ""unit"": ""g/kg"", ""reference"": ""T/CSES 144-2024 7.2; 表D.1及注a-c""}]",[],,,式(4)-(6)、表C.1-C.3；收到基灰分缺失; T/CSES 144-2024 7.2; 表D.1及注a-c,POLLUTANT_PARAMETER_MISSING
SRC-RAW-3EF4C285FA23D36D8A39,POWER,BC,information_insufficient,产排污系数法/煤质物料衡算法,"[{""component"": ""燃料一"", ""fuel"": ""一般烟煤"", ""raw_amount"": 1004222.329, ""unit"": ""吨"", ""generation_use"": 887161.91, ""heat_use"": 117060.419, ""amount"": 1004222.329, ""sulfur"": ""0.620"", ""sulfur_unit"": ""%"", ""ash"": null, ""source_row"": 44}, {""component"": ""燃料二"", ""fuel"": ""柴油"", ""raw_amount"": 132.892, ""unit"": ""吨"", ""generation_use"": 125.747, ""heat_use"": 7.145, ""amount"": 132.892, ""sulfur"": ""0.200"", ""sulfur_unit"": ""%"", ""ash"": ""0.00"", ""source_row"": 44}]","[{""component"": ""燃料一"", ""factor"": null, ""unit"": ""g/kg"", ""reference"": ""式(4)-(6)、表C.1-C.3；收到基灰分缺失""}, {""component"": ""燃料二"", ""factor"": 0.01, ""unit"": ""g/kg"", ""reference"": ""T/CSES 144-2024 7.2; 表D.1及注a-c""}]",[],,,式(4)-(6)、表C.1-C.3；收到基灰分缺失; T/CSES 144-2024 7.2; 表D.1及注a-c,POLLUTANT_PARAMETER_MISSING
SRC-RAW-3EF4C285FA23D36D8A39,POWER,OC,information_insufficient,产排污系数法/煤质物料衡算法,"[{""component"": ""燃料一"", ""fuel"": ""一般烟煤"", ""raw_amount"": 1004222.329, ""unit"": ""吨"", ""generation_use"": 887161.91, ""heat_use"": 117060.419, ""amount"": 1004222.329, ""sulfur"": ""0.620"", ""sulfur_unit"": ""%"", ""ash"": null, ""source_row"": 44}, {""component"": ""燃料二"", ""fuel"": ""柴油"", ""raw_amount"": 132.892, ""unit"": ""吨"", ""generation_use"": 125.747, ""heat_use"": 7.145, ""amount"": 132.892, ""sulfur"": ""0.200"", ""sulfur_unit"": ""%"", ""ash"": ""0.00"", ""source_row"": 44}]","[{""component"": ""燃料一"", ""factor"": 0, ""unit"": ""g/kg"", ""reference"": ""式(6)、表C.3；电力生产/热力生产和供应OC占比=0""}, {""component"": ""燃料二"", ""factor"": 0.04, ""unit"": ""g/kg"", ""reference"": ""T/CSES 144-2024 7.2; 表D.1及注a-c""}]",[],0.00531568,,式(6)、表C.3；电力生产/热力生产和供应OC占比=0; T/CSES 144-2024 7.2; 表D.1及注a-c,SOURCE_RELATION_MISSING
SRC-RAW-3EF4C285FA23D36D8A39,POWER,NH3,not_involved,第7章核算范围,[],[],[],,,T/CSES 144-2024第7章、表D.1；未列NH3，未将缺省范围解释为零排放,OUTSIDE_CHAPTER7_POLLUTANT_SCOPE
SRC-RAW-4BAF29D777E9EDB3D5F5,POWER,SO2,information_insufficient,产排污系数法/煤质物料衡算法,"[{""component"": ""燃料一"", ""fuel"": ""一般烟煤"", ""raw_amount"": null, ""unit"": ""吨"", ""generation_use"": 780435.313, ""heat_use"": 68007.358, ""amount"": 848442.671, ""sulfur"": ""0.641"", ""sulfur_unit"": ""%"", ""ash"": ""17.66"", ""source_row"": 45, ""derivation"": ""同单位发电消耗量+供热消耗量，指南7.2.1.2活动水平定义""}, {""component"": ""燃料二"", ""fuel"": ""柴油"", ""raw_amount"": 173.146, ""unit"": ""吨"", ""generation_use"": 107.099, ""heat_use"": 66.047, ""amount"": 173.146, ""sulfur"": ""0.200"", ""sulfur_unit"": ""%"", ""ash"": ""0.00"", ""source_row"": 45}]","[{""component"": ""燃料一"", ""factor"": 10.896999999999998, ""unit"": ""g/kg"", ""reference"": ""式(3)、表C.1；S按质量分数；sr=0.15；g/kg""}, {""component"": ""燃料二"", ""factor"": 3, ""unit"": ""g/kg"", ""reference"": ""T/CSES 144-2024 7.2; 表D.1及注a-c""}]",[],9245.999223886998,,式(3)、表C.1；S按质量分数；sr=0.15；g/kg; T/CSES 144-2024 7.2; 表D.1及注a-c,SOURCE_RELATION_MISSING
SRC-RAW-4BAF29D777E9EDB3D5F5,POWER,NOx,information_insufficient,产排污系数法/煤质物料衡算法,"[{""component"": ""燃料一"", ""fuel"": ""一般烟煤"", ""raw_amount"": null, ""unit"": ""吨"", ""generation_use"": 780435.313, ""heat_use"": 68007.358, ""amount"": 848442.671, ""sulfur"": ""0.641"", ""sulfur_unit"": ""%"", ""ash"": ""17.66"", ""source_row"": 45, ""derivation"": ""同单位发电消耗量+供热消耗量，指南7.2.1.2活动水平定义""}, {""component"": ""燃料二"", ""fuel"": ""柴油"", ""raw_amount"": 173.146, ""unit"": ""吨"", ""generation_use"": 107.099, ""heat_use"": 66.047, ""amount"": 173.146, ""sulfur"": ""0.200"", ""sulfur_unit"": ""%"", ""ash"": ""0.00"", ""source_row"": 45}]","[{""component"": ""燃料一"", ""factor"": 7.21, ""unit"": ""g/kg"", ""reference"": ""T/CSES 144-2024 7.2; 表D.1及注a-c；万千瓦×10=MW""}, {""component"": ""燃料二"", ""factor"": 7.4, ""unit"": ""g/kg"", ""reference"": ""T/CSES 144-2024 7.2; 表D.1及注a-c""}]",[],6118.552938309999,,T/CSES 144-2024 7.2; 表D.1及注a-c；万千瓦×10=MW; T/CSES 144-2024 7.2; 表D.1及注a-c,SOURCE_RELATION_MISSING
SRC-RAW-4BAF29D777E9EDB3D5F5,POWER,CO,calculated,产排污系数法/煤质物料衡算法,"[{""component"": ""燃料一"", ""fuel"": ""一般烟煤"", ""raw_amount"": null, ""unit"": ""吨"", ""generation_use"": 780435.313, ""heat_use"": 68007.358, ""amount"": 848442.671, ""sulfur"": ""0.641"", ""sulfur_unit"": ""%"", ""ash"": ""17.66"", ""source_row"": 45, ""derivation"": ""同单位发电消耗量+供热消耗量，指南7.2.1.2活动水平定义""}, {""component"": ""燃料二"", ""fuel"": ""柴油"", ""raw_amount"": 173.146, ""unit"": ""吨"", ""generation_use"": 107.099, ""heat_use"": 66.047, ""amount"": 173.146, ""sulfur"": ""0.200"", ""sulfur_unit"": ""%"", ""ash"": ""0.00"", ""source_row"": 45}]","[{""component"": ""燃料一"", ""factor"": 2, ""unit"": ""g/kg"", ""reference"": ""T/CSES 144-2024 7.2; 表D.1及注a-c""}, {""component"": ""燃料二"", ""factor"": 0.6, ""unit"": ""g/kg"", ""reference"": ""T/CSES 144-2024 7.2; 表D.1及注a-c""}]","[{""component"": ""燃烧源治理"", ""efficiency"": 0, ""reference"": ""表A.1燃烧源控制措施VOCs为0；CO按表D.1""}]",1696.9892296,1696.9892296,T/CSES 144-2024 7.2; 表D.1及注a-c,
SRC-RAW-4BAF29D777E9EDB3D5F5,POWER,VOC,calculated,产排污系数法/煤质物料衡算法,"[{""component"": ""燃料一"", ""fuel"": ""一般烟煤"", ""raw_amount"": null, ""unit"": ""吨"", ""generation_use"": 780435.313, ""heat_use"": 68007.358, ""amount"": 848442.671, ""sulfur"": ""0.641"", ""sulfur_unit"": ""%"", ""ash"": ""17.66"", ""source_row"": 45, ""derivation"": ""同单位发电消耗量+供热消耗量，指南7.2.1.2活动水平定义""}, {""component"": ""燃料二"", ""fuel"": ""柴油"", ""raw_amount"": 173.146, ""unit"": ""吨"", ""generation_use"": 107.099, ""heat_use"": 66.047, ""amount"": 173.146, ""sulfur"": ""0.200"", ""sulfur_unit"": ""%"", ""ash"": ""0.00"", ""source_row"": 45}]","[{""component"": ""燃料一"", ""factor"": 0.04, ""unit"": ""g/kg"", ""reference"": ""T/CSES 144-2024 7.2; 表D.1及注a-c""}, {""component"": ""燃料二"", ""factor"": 0.13, ""unit"": ""g/kg"", ""reference"": ""T/CSES 144-2024 7.2; 表D.1及注a-c""}]","[{""component"": ""燃烧源治理"", ""efficiency"": 0, ""reference"": ""表A.1燃烧源控制措施VOCs为0；CO按表D.1""}]",33.960215819999995,33.960215819999995,T/CSES 144-2024 7.2; 表D.1及注a-c,
SRC-RAW-4BAF29D777E9EDB3D5F5,POWER,PM10,information_insufficient,产排污系数法/煤质物料衡算法,"[{""component"": ""燃料一"", ""fuel"": ""一般烟煤"", ""raw_amount"": null, ""unit"": ""吨"", ""generation_use"": 780435.313, ""heat_use"": 68007.358, ""amount"": 848442.671, ""sulfur"": ""0.641"", ""sulfur_unit"": ""%"", ""ash"": ""17.66"", ""source_row"": 45, ""derivation"": ""同单位发电消耗量+供热消耗量，指南7.2.1.2活动水平定义""}, {""component"": ""燃料二"", ""fuel"": ""柴油"", ""raw_amount"": 173.146, ""unit"": ""吨"", ""generation_use"": 107.099, ""heat_use"": 66.047, ""amount"": 173.146, ""sulfur"": ""0.200"", ""sulfur_unit"": ""%"", ""ash"": ""0.00"", ""source_row"": 45}]","[{""component"": ""燃料一"", ""factor"": 30.463500000000003, ""unit"": ""g/kg"", ""reference"": ""式(4)-(6)、表C.1-C.3；灰分质量分数；g/kg""}, {""component"": ""燃料二"", ""factor"": 0.5, ""unit"": ""g/kg"", ""reference"": ""T/CSES 144-2024 7.2; 表D.1及注a-c""}]",[],25846.619881008504,,式(4)-(6)、表C.1-C.3；灰分质量分数；g/kg; T/CSES 144-2024 7.2; 表D.1及注a-c,SOURCE_RELATION_MISSING
SRC-RAW-4BAF29D777E9EDB3D5F5,POWER,PM2.5,information_insufficient,产排污系数法/煤质物料衡算法,"[{""component"": ""燃料一"", ""fuel"": ""一般烟煤"", ""raw_amount"": null, ""unit"": ""吨"", ""generation_use"": 780435.313, ""heat_use"": 68007.358, ""amount"": 848442.671, ""sulfur"": ""0.641"", ""sulfur_unit"": ""%"", ""ash"": ""17.66"", ""source_row"": 45, ""derivation"": ""同单位发电消耗量+供热消耗量，指南7.2.1.2活动水平定义""}, {""component"": ""燃料二"", ""fuel"": ""柴油"", ""raw_amount"": 173.146, ""unit"": ""吨"", ""generation_use"": 107.099, ""heat_use"": 66.047, ""amount"": 173.146, ""sulfur"": ""0.200"", ""sulfur_unit"": ""%"", ""ash"": ""0.00"", ""source_row"": 45}]","[{""component"": ""燃料一"", ""factor"": 7.947000000000001, ""unit"": ""g/kg"", ""reference"": ""式(4)-(6)、表C.1-C.3；灰分质量分数；g/kg""}, {""component"": ""燃料二"", ""factor"": 0.5, ""unit"": ""g/kg"", ""reference"": ""T/CSES 144-2024 7.2; 表D.1及注a-c""}]",[],6742.660479437,,式(4)-(6)、表C.1-C.3；灰分质量分数；g/kg; T/CSES 144-2024 7.2; 表D.1及注a-c,SOURCE_RELATION_MISSING
SRC-RAW-4BAF29D777E9EDB3D5F5,POWER,BC,information_insufficient,产排污系数法/煤质物料衡算法,"[{""component"": ""燃料一"", ""fuel"": ""一般烟煤"", ""raw_amount"": null, ""unit"": ""吨"", ""generation_use"": 780435.313, ""heat_use"": 68007.358, ""amount"": 848442.671, ""sulfur"": ""0.641"", ""sulfur_unit"": ""%"", ""ash"": ""17.66"", ""source_row"": 45, ""derivation"": ""同单位发电消耗量+供热消耗量，指南7.2.1.2活动水平定义""}, {""component"": ""燃料二"", ""fuel"": ""柴油"", ""raw_amount"": 173.146, ""unit"": ""吨"", ""generation_use"": 107.099, ""heat_use"": 66.047, ""amount"": 173.146, ""sulfur"": ""0.200"", ""sulfur_unit"": ""%"", ""ash"": ""0.00"", ""source_row"": 45}]","[{""component"": ""燃料一"", ""factor"": 0.015894000000000002, ""unit"": ""g/kg"", ""reference"": ""式(4)-(6)、表C.1-C.3；灰分质量分数；g/kg""}, {""component"": ""燃料二"", ""factor"": 0.01, ""unit"": ""g/kg"", ""reference"": ""T/CSES 144-2024 7.2; 表D.1及注a-c""}]",[],13.486879272874003,,式(4)-(6)、表C.1-C.3；灰分质量分数；g/kg; T/CSES 144-2024 7.2; 表D.1及注a-c,SOURCE_RELATION_MISSING
SRC-RAW-4BAF29D777E9EDB3D5F5,POWER,OC,information_insufficient,产排污系数法/煤质物料衡算法,"[{""component"": ""燃料一"", ""fuel"": ""一般烟煤"", ""raw_amount"": null, ""unit"": ""吨"", ""generation_use"": 780435.313, ""heat_use"": 68007.358, ""amount"": 848442.671, ""sulfur"": ""0.641"", ""sulfur_unit"": ""%"", ""ash"": ""17.66"", ""source_row"": 45, ""derivation"": ""同单位发电消耗量+供热消耗量，指南7.2.1.2活动水平定义""}, {""component"": ""燃料二"", ""fuel"": ""柴油"", ""raw_amount"": 173.146, ""unit"": ""吨"", ""generation_use"": 107.099, ""heat_use"": 66.047, ""amount"": 173.146, ""sulfur"": ""0.200"", ""sulfur_unit"": ""%"", ""ash"": ""0.00"", ""source_row"": 45}]","[{""component"": ""燃料一"", ""factor"": 0, ""unit"": ""g/kg"", ""reference"": ""式(6)、表C.3；电力生产/热力生产和供应OC占比=0""}, {""component"": ""燃料二"", ""factor"": 0.04, ""unit"": ""g/kg"", ""reference"": ""T/CSES 144-2024 7.2; 表D.1及注a-c""}]",[],0.00692584,,式(6)、表C.3；电力生产/热力生产和供应OC占比=0; T/CSES 144-2024 7.2; 表D.1及注a-c,SOURCE_RELATION_MISSING
SRC-RAW-4BAF29D777E9EDB3D5F5,POWER,NH3,not_involved,第7章核算范围,[],[],[],,,T/CSES 144-2024第7章、表D.1；未列NH3，未将缺省范围解释为零排放,OUTSIDE_CHAPTER7_POLLUTANT_SCOPE
SRC-RAW-2D635CCB2B7DF66F6775,POWER,SO2,calculated,产排污系数法/煤质物料衡算法,"[{""component"": ""燃料一"", ""fuel"": ""天然气"", ""raw_amount"": 1190.51, ""unit"": ""万立方米"", ""generation_use"": 0.0, ""heat_use"": 1190.51, ""amount"": 1190.51, ""sulfur"": ""150.000"", ""sulfur_unit"": ""毫克/立方米"", ""ash"": null, ""source_row"": 46}]","[{""component"": ""燃料一"", ""factor"": 0, ""unit"": ""g/m3"", ""reference"": ""T/CSES 144-2024 7.2; 表D.1及注a-c""}]",[],0.0,0,T/CSES 144-2024 7.2; 表D.1及注a-c,
SRC-RAW-2D635CCB2B7DF66F6775,POWER,NOx,information_insufficient,产排污系数法/煤质物料衡算法,"[{""component"": ""燃料一"", ""fuel"": ""天然气"", ""raw_amount"": 1190.51, ""unit"": ""万立方米"", ""generation_use"": 0.0, ""heat_use"": 1190.51, ""amount"": 1190.51, ""sulfur"": ""150.000"", ""sulfur_unit"": ""毫克/立方米"", ""ash"": null, ""source_row"": 46}]","[{""component"": ""燃料一"", ""factor"": 4.1, ""unit"": ""g/m3"", ""reference"": ""T/CSES 144-2024 7.2; 表D.1及注a-c""}]",[],48.81090999999999,,T/CSES 144-2024 7.2; 表D.1及注a-c,SOURCE_RELATION_MISSING
SRC-RAW-2D635CCB2B7DF66F6775,POWER,CO,calculated,产排污系数法/煤质物料衡算法,"[{""component"": ""燃料一"", ""fuel"": ""天然气"", ""raw_amount"": 1190.51, ""unit"": ""万立方米"", ""generation_use"": 0.0, ""heat_use"": 1190.51, ""amount"": 1190.51, ""sulfur"": ""150.000"", ""sulfur_unit"": ""毫克/立方米"", ""ash"": null, ""source_row"": 46}]","[{""component"": ""燃料一"", ""factor"": 1.3, ""unit"": ""g/m3"", ""reference"": ""T/CSES 144-2024 7.2; 表D.1及注a-c""}]","[{""component"": ""燃烧源治理"", ""efficiency"": 0, ""reference"": ""表A.1燃烧源控制措施VOCs为0；CO按表D.1""}]",15.47663,15.47663,T/CSES 144-2024 7.2; 表D.1及注a-c,
SRC-RAW-2D635CCB2B7DF66F6775,POWER,VOC,calculated,产排污系数法/煤质物料衡算法,"[{""component"": ""燃料一"", ""fuel"": ""天然气"", ""raw_amount"": 1190.51, ""unit"": ""万立方米"", ""generation_use"": 0.0, ""heat_use"": 1190.51, ""amount"": 1190.51, ""sulfur"": ""150.000"", ""sulfur_unit"": ""毫克/立方米"", ""ash"": null, ""source_row"": 46}]","[{""component"": ""燃料一"", ""factor"": 0.02, ""unit"": ""g/m3"", ""reference"": ""T/CSES 144-2024 7.2; 表D.1及注a-c""}]","[{""component"": ""燃烧源治理"", ""efficiency"": 0, ""reference"": ""表A.1燃烧源控制措施VOCs为0；CO按表D.1""}]",0.23810200000000004,0.23810200000000004,T/CSES 144-2024 7.2; 表D.1及注a-c,
SRC-RAW-2D635CCB2B7DF66F6775,POWER,PM10,information_insufficient,产排污系数法/煤质物料衡算法,"[{""component"": ""燃料一"", ""fuel"": ""天然气"", ""raw_amount"": 1190.51, ""unit"": ""万立方米"", ""generation_use"": 0.0, ""heat_use"": 1190.51, ""amount"": 1190.51, ""sulfur"": ""150.000"", ""sulfur_unit"": ""毫克/立方米"", ""ash"": null, ""source_row"": 46}]","[{""component"": ""燃料一"", ""factor"": 0.03, ""unit"": ""g/m3"", ""reference"": ""T/CSES 144-2024 7.2; 表D.1及注a-c""}]",[],0.357153,,T/CSES 144-2024 7.2; 表D.1及注a-c,SOURCE_RELATION_MISSING
SRC-RAW-2D635CCB2B7DF66F6775,POWER,PM2.5,information_insufficient,产排污系数法/煤质物料衡算法,"[{""component"": ""燃料一"", ""fuel"": ""天然气"", ""raw_amount"": 1190.51, ""unit"": ""万立方米"", ""generation_use"": 0.0, ""heat_use"": 1190.51, ""amount"": 1190.51, ""sulfur"": ""150.000"", ""sulfur_unit"": ""毫克/立方米"", ""ash"": null, ""source_row"": 46}]","[{""component"": ""燃料一"", ""factor"": 0.03, ""unit"": ""g/m3"", ""reference"": ""T/CSES 144-2024 7.2; 表D.1及注a-c""}]",[],0.357153,,T/CSES 144-2024 7.2; 表D.1及注a-c,SOURCE_RELATION_MISSING
SRC-RAW-2D635CCB2B7DF66F6775,POWER,BC,calculated,产排污系数法/煤质物料衡算法,"[{""component"": ""燃料一"", ""fuel"": ""天然气"", ""raw_amount"": 1190.51, ""unit"": ""万立方米"", ""generation_use"": 0.0, ""heat_use"": 1190.51, ""amount"": 1190.51, ""sulfur"": ""150.000"", ""sulfur_unit"": ""毫克/立方米"", ""ash"": null, ""source_row"": 46}]","[{""component"": ""燃料一"", ""factor"": 0, ""unit"": ""g/m3"", ""reference"": ""T/CSES 144-2024 7.2; 表D.1及注a-c""}]",[],0.0,0,T/CSES 144-2024 7.2; 表D.1及注a-c,
SRC-RAW-2D635CCB2B7DF66F6775,POWER,OC,calculated,产排污系数法/煤质物料衡算法,"[{""component"": ""燃料一"", ""fuel"": ""天然气"", ""raw_amount"": 1190.51, ""unit"": ""万立方米"", ""generation_use"": 0.0, ""heat_use"": 1190.51, ""amount"": 1190.51, ""sulfur"": ""150.000"", ""sulfur_unit"": ""毫克/立方米"", ""ash"": null, ""source_row"": 46}]","[{""component"": ""燃料一"", ""factor"": 0, ""unit"": ""g/m3"", ""reference"": ""T/CSES 144-2024 7.2; 表D.1及注a-c""}]",[],0.0,0,T/CSES 144-2024 7.2; 表D.1及注a-c,
SRC-RAW-2D635CCB2B7DF66F6775,POWER,NH3,not_involved,第7章核算范围,[],[],[],,,T/CSES 144-2024第7章、表D.1；未列NH3，未将缺省范围解释为零排放,OUTSIDE_CHAPTER7_POLLUTANT_SCOPE
SRC-RAW-3ADABD147A15EE50A339,POWER,SO2,calculated,产排污系数法/煤质物料衡算法,"[{""component"": ""燃料一"", ""fuel"": ""液化天然气"", ""raw_amount"": null, ""unit"": ""吨"", ""generation_use"": 0.0, ""heat_use"": 97.18, ""amount"": 97.18, ""sulfur"": ""0.015"", ""sulfur_unit"": ""%"", ""ash"": null, ""source_row"": 47, ""derivation"": ""同单位发电消耗量+供热消耗量，指南7.2.1.2活动水平定义""}]","[{""component"": ""燃料一"", ""factor"": 0, ""unit"": ""g/kg"", ""reference"": ""T/CSES 144-2024 7.2; 表D.1及注a-c""}]",[],0.0,0,T/CSES 144-2024 7.2; 表D.1及注a-c,
SRC-RAW-3ADABD147A15EE50A339,POWER,NOx,information_insufficient,产排污系数法/煤质物料衡算法,"[{""component"": ""燃料一"", ""fuel"": ""液化天然气"", ""raw_amount"": null, ""unit"": ""吨"", ""generation_use"": 0.0, ""heat_use"": 97.18, ""amount"": 97.18, ""sulfur"": ""0.015"", ""sulfur_unit"": ""%"", ""ash"": null, ""source_row"": 47, ""derivation"": ""同单位发电消耗量+供热消耗量，指南7.2.1.2活动水平定义""}]","[{""component"": ""燃料一"", ""factor"": 3.74, ""unit"": ""g/kg"", ""reference"": ""T/CSES 144-2024 7.2; 表D.1及注a-c""}]",[],0.36345320000000003,,T/CSES 144-2024 7.2; 表D.1及注a-c,SOURCE_RELATION_MISSING
SRC-RAW-3ADABD147A15EE50A339,POWER,CO,calculated,产排污系数法/煤质物料衡算法,"[{""component"": ""燃料一"", ""fuel"": ""液化天然气"", ""raw_amount"": null, ""unit"": ""吨"", ""generation_use"": 0.0, ""heat_use"": 97.18, ""amount"": 97.18, ""sulfur"": ""0.015"", ""sulfur_unit"": ""%"", ""ash"": null, ""source_row"": 47, ""derivation"": ""同单位发电消耗量+供热消耗量，指南7.2.1.2活动水平定义""}]","[{""component"": ""燃料一"", ""factor"": 0.36, ""unit"": ""g/kg"", ""reference"": ""T/CSES 144-2024 7.2; 表D.1及注a-c""}]","[{""component"": ""燃烧源治理"", ""efficiency"": 0, ""reference"": ""表A.1燃烧源控制措施VOCs为0；CO按表D.1""}]",0.0349848,0.0349848,T/CSES 144-2024 7.2; 表D.1及注a-c,
SRC-RAW-3ADABD147A15EE50A339,POWER,VOC,calculated,产排污系数法/煤质物料衡算法,"[{""component"": ""燃料一"", ""fuel"": ""液化天然气"", ""raw_amount"": null, ""unit"": ""吨"", ""generation_use"": 0.0, ""heat_use"": 97.18, ""amount"": 97.18, ""sulfur"": ""0.015"", ""sulfur_unit"": ""%"", ""ash"": null, ""source_row"": 47, ""derivation"": ""同单位发电消耗量+供热消耗量，指南7.2.1.2活动水平定义""}]","[{""component"": ""燃料一"", ""factor"": 33, ""unit"": ""g/kg"", ""reference"": ""T/CSES 144-2024 7.2; 表D.1及注a-c""}]","[{""component"": ""燃烧源治理"", ""efficiency"": 0, ""reference"": ""表A.1燃烧源控制措施VOCs为0；CO按表D.1""}]",3.20694,3.20694,T/CSES 144-2024 7.2; 表D.1及注a-c,
SRC-RAW-3ADABD147A15EE50A339,POWER,PM10,information_insufficient,产排污系数法/煤质物料衡算法,"[{""component"": ""燃料一"", ""fuel"": ""液化天然气"", ""raw_amount"": null, ""unit"": ""吨"", ""generation_use"": 0.0, ""heat_use"": 97.18, ""amount"": 97.18, ""sulfur"": ""0.015"", ""sulfur_unit"": ""%"", ""ash"": null, ""source_row"": 47, ""derivation"": ""同单位发电消耗量+供热消耗量，指南7.2.1.2活动水平定义""}]","[{""component"": ""燃料一"", ""factor"": 0.17, ""unit"": ""g/kg"", ""reference"": ""T/CSES 144-2024 7.2; 表D.1及注a-c""}]",[],0.016520600000000003,,T/CSES 144-2024 7.2; 表D.1及注a-c,SOURCE_RELATION_MISSING
SRC-RAW-3ADABD147A15EE50A339,POWER,PM2.5,information_insufficient,产排污系数法/煤质物料衡算法,"[{""component"": ""燃料一"", ""fuel"": ""液化天然气"", ""raw_amount"": null, ""unit"": ""吨"", ""generation_use"": 0.0, ""heat_use"": 97.18, ""amount"": 97.18, ""sulfur"": ""0.015"", ""sulfur_unit"": ""%"", ""ash"": null, ""source_row"": 47, ""derivation"": ""同单位发电消耗量+供热消耗量，指南7.2.1.2活动水平定义""}]","[{""component"": ""燃料一"", ""factor"": 0.17, ""unit"": ""g/kg"", ""reference"": ""T/CSES 144-2024 7.2; 表D.1及注a-c""}]",[],0.016520600000000003,,T/CSES 144-2024 7.2; 表D.1及注a-c,SOURCE_RELATION_MISSING
SRC-RAW-3ADABD147A15EE50A339,POWER,BC,information_insufficient,产排污系数法/煤质物料衡算法,"[{""component"": ""燃料一"", ""fuel"": ""液化天然气"", ""raw_amount"": null, ""unit"": ""吨"", ""generation_use"": 0.0, ""heat_use"": 97.18, ""amount"": 97.18, ""sulfur"": ""0.015"", ""sulfur_unit"": ""%"", ""ash"": null, ""source_row"": 47, ""derivation"": ""同单位发电消耗量+供热消耗量，指南7.2.1.2活动水平定义""}]","[{""component"": ""燃料一"", ""factor"": 0.02, ""unit"": ""g/kg"", ""reference"": ""T/CSES 144-2024 7.2; 表D.1及注a-c""}]",[],0.0019436000000000002,,T/CSES 144-2024 7.2; 表D.1及注a-c,SOURCE_RELATION_MISSING
SRC-RAW-3ADABD147A15EE50A339,POWER,OC,information_insufficient,产排污系数法/煤质物料衡算法,"[{""component"": ""燃料一"", ""fuel"": ""液化天然气"", ""raw_amount"": null, ""unit"": ""吨"", ""generation_use"": 0.0, ""heat_use"": 97.18, ""amount"": 97.18, ""sulfur"": ""0.015"", ""sulfur_unit"": ""%"", ""ash"": null, ""source_row"": 47, ""derivation"": ""同单位发电消耗量+供热消耗量，指南7.2.1.2活动水平定义""}]","[{""component"": ""燃料一"", ""factor"": 0.09, ""unit"": ""g/kg"", ""reference"": ""T/CSES 144-2024 7.2; 表D.1及注a-c""}]",[],0.0087462,,T/CSES 144-2024 7.2; 表D.1及注a-c,SOURCE_RELATION_MISSING
SRC-RAW-3ADABD147A15EE50A339,POWER,NH3,not_involved,第7章核算范围,[],[],[],,,T/CSES 144-2024第7章、表D.1；未列NH3，未将缺省范围解释为零排放,OUTSIDE_CHAPTER7_POLLUTANT_SCOPE
SRC-RAW-30779838865FD24E2A88,POWER,SO2,calculated,产排污系数法/煤质物料衡算法,"[{""component"": ""燃料一"", ""fuel"": ""天然气"", ""raw_amount"": 290.9, ""unit"": ""万立方米"", ""generation_use"": 0.0, ""heat_use"": 290.9, ""amount"": 290.9, ""sulfur"": ""0.180"", ""sulfur_unit"": ""毫克/立方米"", ""ash"": null, ""source_row"": 49}]","[{""component"": ""燃料一"", ""factor"": 0, ""unit"": ""g/m3"", ""reference"": ""T/CSES 144-2024 7.2; 表D.1及注a-c""}]",[],0.0,0,T/CSES 144-2024 7.2; 表D.1及注a-c,
SRC-RAW-30779838865FD24E2A88,POWER,NOx,information_insufficient,产排污系数法/煤质物料衡算法,"[{""component"": ""燃料一"", ""fuel"": ""天然气"", ""raw_amount"": 290.9, ""unit"": ""万立方米"", ""generation_use"": 0.0, ""heat_use"": 290.9, ""amount"": 290.9, ""sulfur"": ""0.180"", ""sulfur_unit"": ""毫克/立方米"", ""ash"": null, ""source_row"": 49}]","[{""component"": ""燃料一"", ""factor"": 4.1, ""unit"": ""g/m3"", ""reference"": ""T/CSES 144-2024 7.2; 表D.1及注a-c""}]",[],11.926899999999998,,T/CSES 144-2024 7.2; 表D.1及注a-c,SOURCE_RELATION_MISSING
SRC-RAW-30779838865FD24E2A88,POWER,CO,calculated,产排污系数法/煤质物料衡算法,"[{""component"": ""燃料一"", ""fuel"": ""天然气"", ""raw_amount"": 290.9, ""unit"": ""万立方米"", ""generation_use"": 0.0, ""heat_use"": 290.9, ""amount"": 290.9, ""sulfur"": ""0.180"", ""sulfur_unit"": ""毫克/立方米"", ""ash"": null, ""source_row"": 49}]","[{""component"": ""燃料一"", ""factor"": 1.3, ""unit"": ""g/m3"", ""reference"": ""T/CSES 144-2024 7.2; 表D.1及注a-c""}]","[{""component"": ""燃烧源治理"", ""efficiency"": 0, ""reference"": ""表A.1燃烧源控制措施VOCs为0；CO按表D.1""}]",3.7817,3.7817,T/CSES 144-2024 7.2; 表D.1及注a-c,
SRC-RAW-30779838865FD24E2A88,POWER,VOC,calculated,产排污系数法/煤质物料衡算法,"[{""component"": ""燃料一"", ""fuel"": ""天然气"", ""raw_amount"": 290.9, ""unit"": ""万立方米"", ""generation_use"": 0.0, ""heat_use"": 290.9, ""amount"": 290.9, ""sulfur"": ""0.180"", ""sulfur_unit"": ""毫克/立方米"", ""ash"": null, ""source_row"": 49}]","[{""component"": ""燃料一"", ""factor"": 0.02, ""unit"": ""g/m3"", ""reference"": ""T/CSES 144-2024 7.2; 表D.1及注a-c""}]","[{""component"": ""燃烧源治理"", ""efficiency"": 0, ""reference"": ""表A.1燃烧源控制措施VOCs为0；CO按表D.1""}]",0.058179999999999996,0.058179999999999996,T/CSES 144-2024 7.2; 表D.1及注a-c,
SRC-RAW-30779838865FD24E2A88,POWER,PM10,information_insufficient,产排污系数法/煤质物料衡算法,"[{""component"": ""燃料一"", ""fuel"": ""天然气"", ""raw_amount"": 290.9, ""unit"": ""万立方米"", ""generation_use"": 0.0, ""heat_use"": 290.9, ""amount"": 290.9, ""sulfur"": ""0.180"", ""sulfur_unit"": ""毫克/立方米"", ""ash"": null, ""source_row"": 49}]","[{""component"": ""燃料一"", ""factor"": 0.03, ""unit"": ""g/m3"", ""reference"": ""T/CSES 144-2024 7.2; 表D.1及注a-c""}]",[],0.08726999999999999,,T/CSES 144-2024 7.2; 表D.1及注a-c,SOURCE_RELATION_MISSING
SRC-RAW-30779838865FD24E2A88,POWER,PM2.5,information_insufficient,产排污系数法/煤质物料衡算法,"[{""component"": ""燃料一"", ""fuel"": ""天然气"", ""raw_amount"": 290.9, ""unit"": ""万立方米"", ""generation_use"": 0.0, ""heat_use"": 290.9, ""amount"": 290.9, ""sulfur"": ""0.180"", ""sulfur_unit"": ""毫克/立方米"", ""ash"": null, ""source_row"": 49}]","[{""component"": ""燃料一"", ""factor"": 0.03, ""unit"": ""g/m3"", ""reference"": ""T/CSES 144-2024 7.2; 表D.1及注a-c""}]",[],0.08726999999999999,,T/CSES 144-2024 7.2; 表D.1及注a-c,SOURCE_RELATION_MISSING
SRC-RAW-30779838865FD24E2A88,POWER,BC,calculated,产排污系数法/煤质物料衡算法,"[{""component"": ""燃料一"", ""fuel"": ""天然气"", ""raw_amount"": 290.9, ""unit"": ""万立方米"", ""generation_use"": 0.0, ""heat_use"": 290.9, ""amount"": 290.9, ""sulfur"": ""0.180"", ""sulfur_unit"": ""毫克/立方米"", ""ash"": null, ""source_row"": 49}]","[{""component"": ""燃料一"", ""factor"": 0, ""unit"": ""g/m3"", ""reference"": ""T/CSES 144-2024 7.2; 表D.1及注a-c""}]",[],0.0,0,T/CSES 144-2024 7.2; 表D.1及注a-c,
SRC-RAW-30779838865FD24E2A88,POWER,OC,calculated,产排污系数法/煤质物料衡算法,"[{""component"": ""燃料一"", ""fuel"": ""天然气"", ""raw_amount"": 290.9, ""unit"": ""万立方米"", ""generation_use"": 0.0, ""heat_use"": 290.9, ""amount"": 290.9, ""sulfur"": ""0.180"", ""sulfur_unit"": ""毫克/立方米"", ""ash"": null, ""source_row"": 49}]","[{""component"": ""燃料一"", ""factor"": 0, ""unit"": ""g/m3"", ""reference"": ""T/CSES 144-2024 7.2; 表D.1及注a-c""}]",[],0.0,0,T/CSES 144-2024 7.2; 表D.1及注a-c,
SRC-RAW-30779838865FD24E2A88,POWER,NH3,not_involved,第7章核算范围,[],[],[],,,T/CSES 144-2024第7章、表D.1；未列NH3，未将缺省范围解释为零排放,OUTSIDE_CHAPTER7_POLLUTANT_SCOPE
SRC-RAW-E9553B256B7E6AEFE791,POWER,SO2,information_insufficient,产排污系数法/煤质物料衡算法,"[{""component"": ""燃料一"", ""fuel"": ""原煤"", ""raw_amount"": null, ""unit"": ""吨"", ""generation_use"": 787249.19, ""heat_use"": 147480.05, ""amount"": 934729.24, ""sulfur"": ""0.480"", ""sulfur_unit"": ""%"", ""ash"": ""12.00"", ""source_row"": 51, ""derivation"": ""同单位发电消耗量+供热消耗量，指南7.2.1.2活动水平定义""}]","[{""component"": ""燃料一"", ""factor"": 8.159999999999998, ""unit"": ""g/kg"", ""reference"": ""式(3)、表C.1；S按质量分数；sr=0.15；g/kg""}]",[],7627.390598399998,,式(3)、表C.1；S按质量分数；sr=0.15；g/kg,SOURCE_RELATION_MISSING
SRC-RAW-E9553B256B7E6AEFE791,POWER,NOx,information_insufficient,产排污系数法/煤质物料衡算法,"[{""component"": ""燃料一"", ""fuel"": ""原煤"", ""raw_amount"": null, ""unit"": ""吨"", ""generation_use"": 787249.19, ""heat_use"": 147480.05, ""amount"": 934729.24, ""sulfur"": ""0.480"", ""sulfur_unit"": ""%"", ""ash"": ""12.00"", ""source_row"": 51, ""derivation"": ""同单位发电消耗量+供热消耗量，指南7.2.1.2活动水平定义""}]","[{""component"": ""燃料一"", ""factor"": 7.21, ""unit"": ""g/kg"", ""reference"": ""T/CSES 144-2024 7.2; 表D.1及注a-c；万千瓦×10=MW""}]",[],6739.3978204,,T/CSES 144-2024 7.2; 表D.1及注a-c；万千瓦×10=MW,SOURCE_RELATION_MISSING
SRC-RAW-E9553B256B7E6AEFE791,POWER,CO,calculated,产排污系数法/煤质物料衡算法,"[{""component"": ""燃料一"", ""fuel"": ""原煤"", ""raw_amount"": null, ""unit"": ""吨"", ""generation_use"": 787249.19, ""heat_use"": 147480.05, ""amount"": 934729.24, ""sulfur"": ""0.480"", ""sulfur_unit"": ""%"", ""ash"": ""12.00"", ""source_row"": 51, ""derivation"": ""同单位发电消耗量+供热消耗量，指南7.2.1.2活动水平定义""}]","[{""component"": ""燃料一"", ""factor"": 2, ""unit"": ""g/kg"", ""reference"": ""T/CSES 144-2024 7.2; 表D.1及注a-c""}]","[{""component"": ""燃烧源治理"", ""efficiency"": 0, ""reference"": ""表A.1燃烧源控制措施VOCs为0；CO按表D.1""}]",1869.45848,1869.45848,T/CSES 144-2024 7.2; 表D.1及注a-c,
SRC-RAW-E9553B256B7E6AEFE791,POWER,VOC,calculated,产排污系数法/煤质物料衡算法,"[{""component"": ""燃料一"", ""fuel"": ""原煤"", ""raw_amount"": null, ""unit"": ""吨"", ""generation_use"": 787249.19, ""heat_use"": 147480.05, ""amount"": 934729.24, ""sulfur"": ""0.480"", ""sulfur_unit"": ""%"", ""ash"": ""12.00"", ""source_row"": 51, ""derivation"": ""同单位发电消耗量+供热消耗量，指南7.2.1.2活动水平定义""}]","[{""component"": ""燃料一"", ""factor"": 0.04, ""unit"": ""g/kg"", ""reference"": ""T/CSES 144-2024 7.2; 表D.1及注a-c""}]","[{""component"": ""燃烧源治理"", ""efficiency"": 0, ""reference"": ""表A.1燃烧源控制措施VOCs为0；CO按表D.1""}]",37.3891696,37.3891696,T/CSES 144-2024 7.2; 表D.1及注a-c,
SRC-RAW-E9553B256B7E6AEFE791,POWER,PM10,information_insufficient,产排污系数法/煤质物料衡算法,"[{""component"": ""燃料一"", ""fuel"": ""原煤"", ""raw_amount"": null, ""unit"": ""吨"", ""generation_use"": 787249.19, ""heat_use"": 147480.05, ""amount"": 934729.24, ""sulfur"": ""0.480"", ""sulfur_unit"": ""%"", ""ash"": ""12.00"", ""source_row"": 51, ""derivation"": ""同单位发电消耗量+供热消耗量，指南7.2.1.2活动水平定义""}]","[{""component"": ""燃料一"", ""factor"": 20.7, ""unit"": ""g/kg"", ""reference"": ""式(4)-(6)、表C.1-C.3；灰分质量分数；g/kg""}]",[],19348.895268,,式(4)-(6)、表C.1-C.3；灰分质量分数；g/kg,SOURCE_RELATION_MISSING
SRC-RAW-E9553B256B7E6AEFE791,POWER,PM2.5,information_insufficient,产排污系数法/煤质物料衡算法,"[{""component"": ""燃料一"", ""fuel"": ""原煤"", ""raw_amount"": null, ""unit"": ""吨"", ""generation_use"": 787249.19, ""heat_use"": 147480.05, ""amount"": 934729.24, ""sulfur"": ""0.480"", ""sulfur_unit"": ""%"", ""ash"": ""12.00"", ""source_row"": 51, ""derivation"": ""同单位发电消耗量+供热消耗量，指南7.2.1.2活动水平定义""}]","[{""component"": ""燃料一"", ""factor"": 5.3999999999999995, ""unit"": ""g/kg"", ""reference"": ""式(4)-(6)、表C.1-C.3；灰分质量分数；g/kg""}]",[],5047.537896,,式(4)-(6)、表C.1-C.3；灰分质量分数；g/kg,SOURCE_RELATION_MISSING
SRC-RAW-E9553B256B7E6AEFE791,POWER,BC,information_insufficient,产排污系数法/煤质物料衡算法,"[{""component"": ""燃料一"", ""fuel"": ""原煤"", ""raw_amount"": null, ""unit"": ""吨"", ""generation_use"": 787249.19, ""heat_use"": 147480.05, ""amount"": 934729.24, ""sulfur"": ""0.480"", ""sulfur_unit"": ""%"", ""ash"": ""12.00"", ""source_row"": 51, ""derivation"": ""同单位发电消耗量+供热消耗量，指南7.2.1.2活动水平定义""}]","[{""component"": ""燃料一"", ""factor"": 0.010799999999999999, ""unit"": ""g/kg"", ""reference"": ""式(4)-(6)、表C.1-C.3；灰分质量分数；g/kg""}]",[],10.095075792,,式(4)-(6)、表C.1-C.3；灰分质量分数；g/kg,SOURCE_RELATION_MISSING
SRC-RAW-E9553B256B7E6AEFE791,POWER,OC,calculated,产排污系数法/煤质物料衡算法,"[{""component"": ""燃料一"", ""fuel"": ""原煤"", ""raw_amount"": null, ""unit"": ""吨"", ""generation_use"": 787249.19, ""heat_use"": 147480.05, ""amount"": 934729.24, ""sulfur"": ""0.480"", ""sulfur_unit"": ""%"", ""ash"": ""12.00"", ""source_row"": 51, ""derivation"": ""同单位发电消耗量+供热消耗量，指南7.2.1.2活动水平定义""}]","[{""component"": ""燃料一"", ""factor"": 0, ""unit"": ""g/kg"", ""reference"": ""式(6)、表C.3；电力生产/热力生产和供应OC占比=0""}]",[],0.0,0,式(6)、表C.3；电力生产/热力生产和供应OC占比=0,
SRC-RAW-E9553B256B7E6AEFE791,POWER,NH3,not_involved,第7章核算范围,[],[],[],,,T/CSES 144-2024第7章、表D.1；未列NH3，未将缺省范围解释为零排放,OUTSIDE_CHAPTER7_POLLUTANT_SCOPE
SRC-RAW-82B5828D08384E0505B2,POWER,SO2,information_insufficient,产排污系数法/煤质物料衡算法,"[{""component"": ""燃料一"", ""fuel"": ""原煤"", ""raw_amount"": 812692.7, ""unit"": ""吨"", ""generation_use"": 691064.24, ""heat_use"": 121628.46, ""amount"": 812692.7, ""sulfur"": ""0.480"", ""sulfur_unit"": ""%"", ""ash"": null, ""source_row"": 52}]","[{""component"": ""燃料一"", ""factor"": 8.159999999999998, ""unit"": ""g/kg"", ""reference"": ""式(3)、表C.1；S按质量分数；sr=0.15；g/kg""}]",[],6631.572431999998,,式(3)、表C.1；S按质量分数；sr=0.15；g/kg,SOURCE_RELATION_MISSING
SRC-RAW-82B5828D08384E0505B2,POWER,NOx,information_insufficient,产排污系数法/煤质物料衡算法,"[{""component"": ""燃料一"", ""fuel"": ""原煤"", ""raw_amount"": 812692.7, ""unit"": ""吨"", ""generation_use"": 691064.24, ""heat_use"": 121628.46, ""amount"": 812692.7, ""sulfur"": ""0.480"", ""sulfur_unit"": ""%"", ""ash"": null, ""source_row"": 52}]","[{""component"": ""燃料一"", ""factor"": 7.21, ""unit"": ""g/kg"", ""reference"": ""T/CSES 144-2024 7.2; 表D.1及注a-c；万千瓦×10=MW""}]",[],5859.514367,,T/CSES 144-2024 7.2; 表D.1及注a-c；万千瓦×10=MW,SOURCE_RELATION_MISSING
SRC-RAW-82B5828D08384E0505B2,POWER,CO,calculated,产排污系数法/煤质物料衡算法,"[{""component"": ""燃料一"", ""fuel"": ""原煤"", ""raw_amount"": 812692.7, ""unit"": ""吨"", ""generation_use"": 691064.24, ""heat_use"": 121628.46, ""amount"": 812692.7, ""sulfur"": ""0.480"", ""sulfur_unit"": ""%"", ""ash"": null, ""source_row"": 52}]","[{""component"": ""燃料一"", ""factor"": 2, ""unit"": ""g/kg"", ""reference"": ""T/CSES 144-2024 7.2; 表D.1及注a-c""}]","[{""component"": ""燃烧源治理"", ""efficiency"": 0, ""reference"": ""表A.1燃烧源控制措施VOCs为0；CO按表D.1""}]",1625.3854,1625.3854,T/CSES 144-2024 7.2; 表D.1及注a-c,
SRC-RAW-82B5828D08384E0505B2,POWER,VOC,calculated,产排污系数法/煤质物料衡算法,"[{""component"": ""燃料一"", ""fuel"": ""原煤"", ""raw_amount"": 812692.7, ""unit"": ""吨"", ""generation_use"": 691064.24, ""heat_use"": 121628.46, ""amount"": 812692.7, ""sulfur"": ""0.480"", ""sulfur_unit"": ""%"", ""ash"": null, ""source_row"": 52}]","[{""component"": ""燃料一"", ""factor"": 0.04, ""unit"": ""g/kg"", ""reference"": ""T/CSES 144-2024 7.2; 表D.1及注a-c""}]","[{""component"": ""燃烧源治理"", ""efficiency"": 0, ""reference"": ""表A.1燃烧源控制措施VOCs为0；CO按表D.1""}]",32.507708,32.507708,T/CSES 144-2024 7.2; 表D.1及注a-c,
SRC-RAW-82B5828D08384E0505B2,POWER,PM10,information_insufficient,产排污系数法/煤质物料衡算法,"[{""component"": ""燃料一"", ""fuel"": ""原煤"", ""raw_amount"": 812692.7, ""unit"": ""吨"", ""generation_use"": 691064.24, ""heat_use"": 121628.46, ""amount"": 812692.7, ""sulfur"": ""0.480"", ""sulfur_unit"": ""%"", ""ash"": null, ""source_row"": 52}]","[{""component"": ""燃料一"", ""factor"": null, ""unit"": ""g/kg"", ""reference"": ""式(4)-(6)、表C.1-C.3；收到基灰分缺失""}]",[],,,式(4)-(6)、表C.1-C.3；收到基灰分缺失,POLLUTANT_PARAMETER_MISSING
SRC-RAW-82B5828D08384E0505B2,POWER,PM2.5,information_insufficient,产排污系数法/煤质物料衡算法,"[{""component"": ""燃料一"", ""fuel"": ""原煤"", ""raw_amount"": 812692.7, ""unit"": ""吨"", ""generation_use"": 691064.24, ""heat_use"": 121628.46, ""amount"": 812692.7, ""sulfur"": ""0.480"", ""sulfur_unit"": ""%"", ""ash"": null, ""source_row"": 52}]","[{""component"": ""燃料一"", ""factor"": null, ""unit"": ""g/kg"", ""reference"": ""式(4)-(6)、表C.1-C.3；收到基灰分缺失""}]",[],,,式(4)-(6)、表C.1-C.3；收到基灰分缺失,POLLUTANT_PARAMETER_MISSING
SRC-RAW-82B5828D08384E0505B2,POWER,BC,information_insufficient,产排污系数法/煤质物料衡算法,"[{""component"": ""燃料一"", ""fuel"": ""原煤"", ""raw_amount"": 812692.7, ""unit"": ""吨"", ""generation_use"": 691064.24, ""heat_use"": 121628.46, ""amount"": 812692.7, ""sulfur"": ""0.480"", ""sulfur_unit"": ""%"", ""ash"": null, ""source_row"": 52}]","[{""component"": ""燃料一"", ""factor"": null, ""unit"": ""g/kg"", ""reference"": ""式(4)-(6)、表C.1-C.3；收到基灰分缺失""}]",[],,,式(4)-(6)、表C.1-C.3；收到基灰分缺失,POLLUTANT_PARAMETER_MISSING
SRC-RAW-82B5828D08384E0505B2,POWER,OC,calculated,产排污系数法/煤质物料衡算法,"[{""component"": ""燃料一"", ""fuel"": ""原煤"", ""raw_amount"": 812692.7, ""unit"": ""吨"", ""generation_use"": 691064.24, ""heat_use"": 121628.46, ""amount"": 812692.7, ""sulfur"": ""0.480"", ""sulfur_unit"": ""%"", ""ash"": null, ""source_row"": 52}]","[{""component"": ""燃料一"", ""factor"": 0, ""unit"": ""g/kg"", ""reference"": ""式(6)、表C.3；电力生产/热力生产和供应OC占比=0""}]",[],0.0,0,式(6)、表C.3；电力生产/热力生产和供应OC占比=0,
SRC-RAW-82B5828D08384E0505B2,POWER,NH3,not_involved,第7章核算范围,[],[],[],,,T/CSES 144-2024第7章、表D.1；未列NH3，未将缺省范围解释为零排放,OUTSIDE_CHAPTER7_POLLUTANT_SCOPE
SRC-RAW-0FD82B1672C4D5D5BD9F,POWER,SO2,source_data_invalid,产排污系数法/煤质物料衡算法,"[{""component"": ""燃料一"", ""fuel"": ""原煤"", ""raw_amount"": -805917.604, ""unit"": ""吨"", ""generation_use"": 805917.604, ""heat_use"": 0.0, ""amount"": -805917.604, ""sulfur"": ""0.830"", ""sulfur_unit"": ""%"", ""ash"": ""19.69"", ""source_row"": 55}, {""component"": ""燃料二"", ""fuel"": ""煤矸石（用于燃料）"", ""raw_amount"": 777983.983, ""unit"": ""吨"", ""generation_use"": 777983.983, ""heat_use"": 0.0, ""amount"": 777983.983, ""sulfur"": ""1.230"", ""sulfur_unit"": ""%"", ""ash"": ""75.92"", ""source_row"": 55}]","[{""component"": ""燃料一"", ""factor"": 14.11, ""unit"": ""g/kg"", ""reference"": ""式(3)、表C.1；S按质量分数；sr=0.15；g/kg""}, {""component"": ""燃料二"", ""factor"": 20.909999999999997, ""unit"": ""g/kg"", ""reference"": ""式(3)、表C.1；S按质量分数；sr=0.15；g/kg""}]",[],,,式(3)、表C.1；S按质量分数；sr=0.15；g/kg,HARD_CONSTRAINT_CONFLICT
SRC-RAW-0FD82B1672C4D5D5BD9F,POWER,NOx,source_data_invalid,产排污系数法/煤质物料衡算法,"[{""component"": ""燃料一"", ""fuel"": ""原煤"", ""raw_amount"": -805917.604, ""unit"": ""吨"", ""generation_use"": 805917.604, ""heat_use"": 0.0, ""amount"": -805917.604, ""sulfur"": ""0.830"", ""sulfur_unit"": ""%"", ""ash"": ""19.69"", ""source_row"": 55}, {""component"": ""燃料二"", ""fuel"": ""煤矸石（用于燃料）"", ""raw_amount"": 777983.983, ""unit"": ""吨"", ""generation_use"": 777983.983, ""heat_use"": 0.0, ""amount"": 777983.983, ""sulfur"": ""1.230"", ""sulfur_unit"": ""%"", ""ash"": ""75.92"", ""source_row"": 55}]","[{""component"": ""燃料一"", ""factor"": 7.21, ""unit"": ""g/kg"", ""reference"": ""T/CSES 144-2024 7.2; 表D.1及注a-c；万千瓦×10=MW""}, {""component"": ""燃料二"", ""factor"": 7.21, ""unit"": ""g/kg"", ""reference"": ""T/CSES 144-2024 7.2; 表D.1及注a-c；万千瓦×10=MW""}]",[],,,T/CSES 144-2024 7.2; 表D.1及注a-c；万千瓦×10=MW,HARD_CONSTRAINT_CONFLICT
SRC-RAW-0FD82B1672C4D5D5BD9F,POWER,CO,source_data_invalid,产排污系数法/煤质物料衡算法,"[{""component"": ""燃料一"", ""fuel"": ""原煤"", ""raw_amount"": -805917.604, ""unit"": ""吨"", ""generation_use"": 805917.604, ""heat_use"": 0.0, ""amount"": -805917.604, ""sulfur"": ""0.830"", ""sulfur_unit"": ""%"", ""ash"": ""19.69"", ""source_row"": 55}, {""component"": ""燃料二"", ""fuel"": ""煤矸石（用于燃料）"", ""raw_amount"": 777983.983, ""unit"": ""吨"", ""generation_use"": 777983.983, ""heat_use"": 0.0, ""amount"": 777983.983, ""sulfur"": ""1.230"", ""sulfur_unit"": ""%"", ""ash"": ""75.92"", ""source_row"": 55}]","[{""component"": ""燃料一"", ""factor"": 2, ""unit"": ""g/kg"", ""reference"": ""T/CSES 144-2024 7.2; 表D.1及注a-c""}, {""component"": ""燃料二"", ""factor"": 2, ""unit"": ""g/kg"", ""reference"": ""T/CSES 144-2024 7.2; 表D.1及注a-c""}]",[],,,T/CSES 144-2024 7.2; 表D.1及注a-c,HARD_CONSTRAINT_CONFLICT
SRC-RAW-0FD82B1672C4D5D5BD9F,POWER,VOC,source_data_invalid,产排污系数法/煤质物料衡算法,"[{""component"": ""燃料一"", ""fuel"": ""原煤"", ""raw_amount"": -805917.604, ""unit"": ""吨"", ""generation_use"": 805917.604, ""heat_use"": 0.0, ""amount"": -805917.604, ""sulfur"": ""0.830"", ""sulfur_unit"": ""%"", ""ash"": ""19.69"", ""source_row"": 55}, {""component"": ""燃料二"", ""fuel"": ""煤矸石（用于燃料）"", ""raw_amount"": 777983.983, ""unit"": ""吨"", ""generation_use"": 777983.983, ""heat_use"": 0.0, ""amount"": 777983.983, ""sulfur"": ""1.230"", ""sulfur_unit"": ""%"", ""ash"": ""75.92"", ""source_row"": 55}]","[{""component"": ""燃料一"", ""factor"": 0.04, ""unit"": ""g/kg"", ""reference"": ""T/CSES 144-2024 7.2; 表D.1及注a-c""}, {""component"": ""燃料二"", ""factor"": 0.04, ""unit"": ""g/kg"", ""reference"": ""T/CSES 144-2024 7.2; 表D.1及注a-c""}]",[],,,T/CSES 144-2024 7.2; 表D.1及注a-c,HARD_CONSTRAINT_CONFLICT
SRC-RAW-0FD82B1672C4D5D5BD9F,POWER,PM10,source_data_invalid,产排污系数法/煤质物料衡算法,"[{""component"": ""燃料一"", ""fuel"": ""原煤"", ""raw_amount"": -805917.604, ""unit"": ""吨"", ""generation_use"": 805917.604, ""heat_use"": 0.0, ""amount"": -805917.604, ""sulfur"": ""0.830"", ""sulfur_unit"": ""%"", ""ash"": ""19.69"", ""source_row"": 55}, {""component"": ""燃料二"", ""fuel"": ""煤矸石（用于燃料）"", ""raw_amount"": 777983.983, ""unit"": ""吨"", ""generation_use"": 777983.983, ""heat_use"": 0.0, ""amount"": 777983.983, ""sulfur"": ""1.230"", ""sulfur_unit"": ""%"", ""ash"": ""75.92"", ""source_row"": 55}]","[{""component"": ""燃料一"", ""factor"": 31.976560000000003, ""unit"": ""g/kg"", ""reference"": ""式(4)-(6)、表C.1-C.3；灰分质量分数；g/kg""}, {""component"": ""燃料二"", ""factor"": 123.29408, ""unit"": ""g/kg"", ""reference"": ""式(4)-(6)、表C.1-C.3；灰分质量分数；g/kg""}]",[],,,式(4)-(6)、表C.1-C.3；灰分质量分数；g/kg,HARD_CONSTRAINT_CONFLICT
SRC-RAW-0FD82B1672C4D5D5BD9F,POWER,PM2.5,source_data_invalid,产排污系数法/煤质物料衡算法,"[{""component"": ""燃料一"", ""fuel"": ""原煤"", ""raw_amount"": -805917.604, ""unit"": ""吨"", ""generation_use"": 805917.604, ""heat_use"": 0.0, ""amount"": -805917.604, ""sulfur"": ""0.830"", ""sulfur_unit"": ""%"", ""ash"": ""19.69"", ""source_row"": 55}, {""component"": ""燃料二"", ""fuel"": ""煤矸石（用于燃料）"", ""raw_amount"": 777983.983, ""unit"": ""吨"", ""generation_use"": 777983.983, ""heat_use"": 0.0, ""amount"": 777983.983, ""sulfur"": ""1.230"", ""sulfur_unit"": ""%"", ""ash"": ""75.92"", ""source_row"": 55}]","[{""component"": ""燃料一"", ""factor"": 7.718480000000001, ""unit"": ""g/kg"", ""reference"": ""式(4)-(6)、表C.1-C.3；灰分质量分数；g/kg""}, {""component"": ""燃料二"", ""factor"": 29.760640000000006, ""unit"": ""g/kg"", ""reference"": ""式(4)-(6)、表C.1-C.3；灰分质量分数；g/kg""}]",[],,,式(4)-(6)、表C.1-C.3；灰分质量分数；g/kg,HARD_CONSTRAINT_CONFLICT
SRC-RAW-0FD82B1672C4D5D5BD9F,POWER,BC,source_data_invalid,产排污系数法/煤质物料衡算法,"[{""component"": ""燃料一"", ""fuel"": ""原煤"", ""raw_amount"": -805917.604, ""unit"": ""吨"", ""generation_use"": 805917.604, ""heat_use"": 0.0, ""amount"": -805917.604, ""sulfur"": ""0.830"", ""sulfur_unit"": ""%"", ""ash"": ""19.69"", ""source_row"": 55}, {""component"": ""燃料二"", ""fuel"": ""煤矸石（用于燃料）"", ""raw_amount"": 777983.983, ""unit"": ""吨"", ""generation_use"": 777983.983, ""heat_use"": 0.0, ""amount"": 777983.983, ""sulfur"": ""1.230"", ""sulfur_unit"": ""%"", ""ash"": ""75.92"", ""source_row"": 55}]","[{""component"": ""燃料一"", ""factor"": 0.015436960000000001, ""unit"": ""g/kg"", ""reference"": ""式(4)-(6)、表C.1-C.3；灰分质量分数；g/kg""}, {""component"": ""燃料二"", ""factor"": 0.05952128000000002, ""unit"": ""g/kg"", ""reference"": ""式(4)-(6)、表C.1-C.3；灰分质量分数；g/kg""}]",[],,,式(4)-(6)、表C.1-C.3；灰分质量分数；g/kg,HARD_CONSTRAINT_CONFLICT
SRC-RAW-0FD82B1672C4D5D5BD9F,POWER,OC,source_data_invalid,产排污系数法/煤质物料衡算法,"[{""component"": ""燃料一"", ""fuel"": ""原煤"", ""raw_amount"": -805917.604, ""unit"": ""吨"", ""generation_use"": 805917.604, ""heat_use"": 0.0, ""amount"": -805917.604, ""sulfur"": ""0.830"", ""sulfur_unit"": ""%"", ""ash"": ""19.69"", ""source_row"": 55}, {""component"": ""燃料二"", ""fuel"": ""煤矸石（用于燃料）"", ""raw_amount"": 777983.983, ""unit"": ""吨"", ""generation_use"": 777983.983, ""heat_use"": 0.0, ""amount"": 777983.983, ""sulfur"": ""1.230"", ""sulfur_unit"": ""%"", ""ash"": ""75.92"", ""source_row"": 55}]","[{""component"": ""燃料一"", ""factor"": 0, ""unit"": ""g/kg"", ""reference"": ""式(6)、表C.3；电力生产/热力生产和供应OC占比=0""}, {""component"": ""燃料二"", ""factor"": 0, ""unit"": ""g/kg"", ""reference"": ""式(6)、表C.3；电力生产/热力生产和供应OC占比=0""}]",[],,,式(6)、表C.3；电力生产/热力生产和供应OC占比=0,HARD_CONSTRAINT_CONFLICT
SRC-RAW-0FD82B1672C4D5D5BD9F,POWER,NH3,not_involved,第7章核算范围,[],[],[],,,T/CSES 144-2024第7章、表D.1；未列NH3，未将缺省范围解释为零排放,OUTSIDE_CHAPTER7_POLLUTANT_SCOPE
SRC-RAW-031B3589BCDCF633B0EA,POWER,SO2,information_insufficient,产排污系数法/煤质物料衡算法,"[{""component"": ""燃料一"", ""fuel"": ""一般烟煤"", ""raw_amount"": null, ""unit"": ""吨"", ""generation_use"": 688652.0, ""heat_use"": 0.0, ""amount"": 688652.0, ""sulfur"": ""0.830"", ""sulfur_unit"": ""%"", ""ash"": ""19.64"", ""source_row"": 57, ""derivation"": ""同单位发电消耗量+供热消耗量，指南7.2.1.2活动水平定义""}]","[{""component"": ""燃料一"", ""factor"": 14.11, ""unit"": ""g/kg"", ""reference"": ""式(3)、表C.1；S按质量分数；sr=0.15；g/kg""}]",[],9716.879719999999,,式(3)、表C.1；S按质量分数；sr=0.15；g/kg,SOURCE_RELATION_MISSING
SRC-RAW-031B3589BCDCF633B0EA,POWER,NOx,information_insufficient,产排污系数法/煤质物料衡算法,"[{""component"": ""燃料一"", ""fuel"": ""一般烟煤"", ""raw_amount"": null, ""unit"": ""吨"", ""generation_use"": 688652.0, ""heat_use"": 0.0, ""amount"": 688652.0, ""sulfur"": ""0.830"", ""sulfur_unit"": ""%"", ""ash"": ""19.64"", ""source_row"": 57, ""derivation"": ""同单位发电消耗量+供热消耗量，指南7.2.1.2活动水平定义""}]","[{""component"": ""燃料一"", ""factor"": 7.21, ""unit"": ""g/kg"", ""reference"": ""T/CSES 144-2024 7.2; 表D.1及注a-c；万千瓦×10=MW""}]",[],4965.18092,,T/CSES 144-2024 7.2; 表D.1及注a-c；万千瓦×10=MW,SOURCE_RELATION_MISSING
SRC-RAW-031B3589BCDCF633B0EA,POWER,CO,calculated,产排污系数法/煤质物料衡算法,"[{""component"": ""燃料一"", ""fuel"": ""一般烟煤"", ""raw_amount"": null, ""unit"": ""吨"", ""generation_use"": 688652.0, ""heat_use"": 0.0, ""amount"": 688652.0, ""sulfur"": ""0.830"", ""sulfur_unit"": ""%"", ""ash"": ""19.64"", ""source_row"": 57, ""derivation"": ""同单位发电消耗量+供热消耗量，指南7.2.1.2活动水平定义""}]","[{""component"": ""燃料一"", ""factor"": 2, ""unit"": ""g/kg"", ""reference"": ""T/CSES 144-2024 7.2; 表D.1及注a-c""}]","[{""component"": ""燃烧源治理"", ""efficiency"": 0, ""reference"": ""表A.1燃烧源控制措施VOCs为0；CO按表D.1""}]",1377.304,1377.304,T/CSES 144-2024 7.2; 表D.1及注a-c,
SRC-RAW-031B3589BCDCF633B0EA,POWER,VOC,calculated,产排污系数法/煤质物料衡算法,"[{""component"": ""燃料一"", ""fuel"": ""一般烟煤"", ""raw_amount"": null, ""unit"": ""吨"", ""generation_use"": 688652.0, ""heat_use"": 0.0, ""amount"": 688652.0, ""sulfur"": ""0.830"", ""sulfur_unit"": ""%"", ""ash"": ""19.64"", ""source_row"": 57, ""derivation"": ""同单位发电消耗量+供热消耗量，指南7.2.1.2活动水平定义""}]","[{""component"": ""燃料一"", ""factor"": 0.04, ""unit"": ""g/kg"", ""reference"": ""T/CSES 144-2024 7.2; 表D.1及注a-c""}]","[{""component"": ""燃烧源治理"", ""efficiency"": 0, ""reference"": ""表A.1燃烧源控制措施VOCs为0；CO按表D.1""}]",27.546080000000003,27.546080000000003,T/CSES 144-2024 7.2; 表D.1及注a-c,
SRC-RAW-031B3589BCDCF633B0EA,POWER,PM10,information_insufficient,产排污系数法/煤质物料衡算法,"[{""component"": ""燃料一"", ""fuel"": ""一般烟煤"", ""raw_amount"": null, ""unit"": ""吨"", ""generation_use"": 688652.0, ""heat_use"": 0.0, ""amount"": 688652.0, ""sulfur"": ""0.830"", ""sulfur_unit"": ""%"", ""ash"": ""19.64"", ""source_row"": 57, ""derivation"": ""同单位发电消耗量+供热消耗量，指南7.2.1.2活动水平定义""}]","[{""component"": ""燃料一"", ""factor"": 33.879000000000005, ""unit"": ""g/kg"", ""reference"": ""式(4)-(6)、表C.1-C.3；灰分质量分数；g/kg""}]",[],23330.841108000004,,式(4)-(6)、表C.1-C.3；灰分质量分数；g/kg,SOURCE_RELATION_MISSING
SRC-RAW-031B3589BCDCF633B0EA,POWER,PM2.5,information_insufficient,产排污系数法/煤质物料衡算法,"[{""component"": ""燃料一"", ""fuel"": ""一般烟煤"", ""raw_amount"": null, ""unit"": ""吨"", ""generation_use"": 688652.0, ""heat_use"": 0.0, ""amount"": 688652.0, ""sulfur"": ""0.830"", ""sulfur_unit"": ""%"", ""ash"": ""19.64"", ""source_row"": 57, ""derivation"": ""同单位发电消耗量+供热消耗量，指南7.2.1.2活动水平定义""}]","[{""component"": ""燃料一"", ""factor"": 8.838000000000001, ""unit"": ""g/kg"", ""reference"": ""式(4)-(6)、表C.1-C.3；灰分质量分数；g/kg""}]",[],6086.306376000001,,式(4)-(6)、表C.1-C.3；灰分质量分数；g/kg,SOURCE_RELATION_MISSING
SRC-RAW-031B3589BCDCF633B0EA,POWER,BC,information_insufficient,产排污系数法/煤质物料衡算法,"[{""component"": ""燃料一"", ""fuel"": ""一般烟煤"", ""raw_amount"": null, ""unit"": ""吨"", ""generation_use"": 688652.0, ""heat_use"": 0.0, ""amount"": 688652.0, ""sulfur"": ""0.830"", ""sulfur_unit"": ""%"", ""ash"": ""19.64"", ""source_row"": 57, ""derivation"": ""同单位发电消耗量+供热消耗量，指南7.2.1.2活动水平定义""}]","[{""component"": ""燃料一"", ""factor"": 0.017676, ""unit"": ""g/kg"", ""reference"": ""式(4)-(6)、表C.1-C.3；灰分质量分数；g/kg""}]",[],12.172612752000001,,式(4)-(6)、表C.1-C.3；灰分质量分数；g/kg,SOURCE_RELATION_MISSING
SRC-RAW-031B3589BCDCF633B0EA,POWER,OC,calculated,产排污系数法/煤质物料衡算法,"[{""component"": ""燃料一"", ""fuel"": ""一般烟煤"", ""raw_amount"": null, ""unit"": ""吨"", ""generation_use"": 688652.0, ""heat_use"": 0.0, ""amount"": 688652.0, ""sulfur"": ""0.830"", ""sulfur_unit"": ""%"", ""ash"": ""19.64"", ""source_row"": 57, ""derivation"": ""同单位发电消耗量+供热消耗量，指南7.2.1.2活动水平定义""}]","[{""component"": ""燃料一"", ""factor"": 0, ""unit"": ""g/kg"", ""reference"": ""式(6)、表C.3；电力生产/热力生产和供应OC占比=0""}]",[],0.0,0,式(6)、表C.3；电力生产/热力生产和供应OC占比=0,
SRC-RAW-031B3589BCDCF633B0EA,POWER,NH3,not_involved,第7章核算范围,[],[],[],,,T/CSES 144-2024第7章、表D.1；未列NH3，未将缺省范围解释为零排放,OUTSIDE_CHAPTER7_POLLUTANT_SCOPE
SRC-RAW-48C23C1682ABD09D7103,POWER,SO2,information_insufficient,产排污系数法/煤质物料衡算法,"[{""component"": ""燃料一"", ""fuel"": ""一般烟煤"", ""raw_amount"": 684208.0, ""unit"": ""吨"", ""generation_use"": 684208.0, ""heat_use"": 0.0, ""amount"": 684208.0, ""sulfur"": ""0.920"", ""sulfur_unit"": ""%"", ""ash"": ""23.11"", ""source_row"": 58}]","[{""component"": ""燃料一"", ""factor"": 15.639999999999997, ""unit"": ""g/kg"", ""reference"": ""式(3)、表C.1；S按质量分数；sr=0.15；g/kg""}]",[],10701.013119999998,,式(3)、表C.1；S按质量分数；sr=0.15；g/kg,SOURCE_RELATION_MISSING
SRC-RAW-48C23C1682ABD09D7103,POWER,NOx,information_insufficient,产排污系数法/煤质物料衡算法,"[{""component"": ""燃料一"", ""fuel"": ""一般烟煤"", ""raw_amount"": 684208.0, ""unit"": ""吨"", ""generation_use"": 684208.0, ""heat_use"": 0.0, ""amount"": 684208.0, ""sulfur"": ""0.920"", ""sulfur_unit"": ""%"", ""ash"": ""23.11"", ""source_row"": 58}]","[{""component"": ""燃料一"", ""factor"": 7.21, ""unit"": ""g/kg"", ""reference"": ""T/CSES 144-2024 7.2; 表D.1及注a-c；万千瓦×10=MW""}]",[],4933.13968,,T/CSES 144-2024 7.2; 表D.1及注a-c；万千瓦×10=MW,SOURCE_RELATION_MISSING
SRC-RAW-48C23C1682ABD09D7103,POWER,CO,calculated,产排污系数法/煤质物料衡算法,"[{""component"": ""燃料一"", ""fuel"": ""一般烟煤"", ""raw_amount"": 684208.0, ""unit"": ""吨"", ""generation_use"": 684208.0, ""heat_use"": 0.0, ""amount"": 684208.0, ""sulfur"": ""0.920"", ""sulfur_unit"": ""%"", ""ash"": ""23.11"", ""source_row"": 58}]","[{""component"": ""燃料一"", ""factor"": 2, ""unit"": ""g/kg"", ""reference"": ""T/CSES 144-2024 7.2; 表D.1及注a-c""}]","[{""component"": ""燃烧源治理"", ""efficiency"": 0, ""reference"": ""表A.1燃烧源控制措施VOCs为0；CO按表D.1""}]",1368.416,1368.416,T/CSES 144-2024 7.2; 表D.1及注a-c,
SRC-RAW-48C23C1682ABD09D7103,POWER,VOC,calculated,产排污系数法/煤质物料衡算法,"[{""component"": ""燃料一"", ""fuel"": ""一般烟煤"", ""raw_amount"": 684208.0, ""unit"": ""吨"", ""generation_use"": 684208.0, ""heat_use"": 0.0, ""amount"": 684208.0, ""sulfur"": ""0.920"", ""sulfur_unit"": ""%"", ""ash"": ""23.11"", ""source_row"": 58}]","[{""component"": ""燃料一"", ""factor"": 0.04, ""unit"": ""g/kg"", ""reference"": ""T/CSES 144-2024 7.2; 表D.1及注a-c""}]","[{""component"": ""燃烧源治理"", ""efficiency"": 0, ""reference"": ""表A.1燃烧源控制措施VOCs为0；CO按表D.1""}]",27.36832,27.36832,T/CSES 144-2024 7.2; 表D.1及注a-c,
SRC-RAW-48C23C1682ABD09D7103,POWER,PM10,information_insufficient,产排污系数法/煤质物料衡算法,"[{""component"": ""燃料一"", ""fuel"": ""一般烟煤"", ""raw_amount"": 684208.0, ""unit"": ""吨"", ""generation_use"": 684208.0, ""heat_use"": 0.0, ""amount"": 684208.0, ""sulfur"": ""0.920"", ""sulfur_unit"": ""%"", ""ash"": ""23.11"", ""source_row"": 58}]","[{""component"": ""燃料一"", ""factor"": 39.86475, ""unit"": ""g/kg"", ""reference"": ""式(4)-(6)、表C.1-C.3；灰分质量分数；g/kg""}]",[],27275.780868,,式(4)-(6)、表C.1-C.3；灰分质量分数；g/kg,SOURCE_RELATION_MISSING
SRC-RAW-48C23C1682ABD09D7103,POWER,PM2.5,information_insufficient,产排污系数法/煤质物料衡算法,"[{""component"": ""燃料一"", ""fuel"": ""一般烟煤"", ""raw_amount"": 684208.0, ""unit"": ""吨"", ""generation_use"": 684208.0, ""heat_use"": 0.0, ""amount"": 684208.0, ""sulfur"": ""0.920"", ""sulfur_unit"": ""%"", ""ash"": ""23.11"", ""source_row"": 58}]","[{""component"": ""燃料一"", ""factor"": 10.399500000000002, ""unit"": ""g/kg"", ""reference"": ""式(4)-(6)、表C.1-C.3；灰分质量分数；g/kg""}]",[],7115.421096000001,,式(4)-(6)、表C.1-C.3；灰分质量分数；g/kg,SOURCE_RELATION_MISSING
SRC-RAW-48C23C1682ABD09D7103,POWER,BC,information_insufficient,产排污系数法/煤质物料衡算法,"[{""component"": ""燃料一"", ""fuel"": ""一般烟煤"", ""raw_amount"": 684208.0, ""unit"": ""吨"", ""generation_use"": 684208.0, ""heat_use"": 0.0, ""amount"": 684208.0, ""sulfur"": ""0.920"", ""sulfur_unit"": ""%"", ""ash"": ""23.11"", ""source_row"": 58}]","[{""component"": ""燃料一"", ""factor"": 0.020799, ""unit"": ""g/kg"", ""reference"": ""式(4)-(6)、表C.1-C.3；灰分质量分数；g/kg""}]",[],14.230842192000003,,式(4)-(6)、表C.1-C.3；灰分质量分数；g/kg,SOURCE_RELATION_MISSING
SRC-RAW-48C23C1682ABD09D7103,POWER,OC,calculated,产排污系数法/煤质物料衡算法,"[{""component"": ""燃料一"", ""fuel"": ""一般烟煤"", ""raw_amount"": 684208.0, ""unit"": ""吨"", ""generation_use"": 684208.0, ""heat_use"": 0.0, ""amount"": 684208.0, ""sulfur"": ""0.920"", ""sulfur_unit"": ""%"", ""ash"": ""23.11"", ""source_row"": 58}]","[{""component"": ""燃料一"", ""factor"": 0, ""unit"": ""g/kg"", ""reference"": ""式(6)、表C.3；电力生产/热力生产和供应OC占比=0""}]",[],0.0,0,式(6)、表C.3；电力生产/热力生产和供应OC占比=0,
SRC-RAW-48C23C1682ABD09D7103,POWER,NH3,not_involved,第7章核算范围,[],[],[],,,T/CSES 144-2024第7章、表D.1；未列NH3，未将缺省范围解释为零排放,OUTSIDE_CHAPTER7_POLLUTANT_SCOPE
SRC-RAW-7F76A3AC469336B1002A,POWER,SO2,information_insufficient,产排污系数法/煤质物料衡算法,"[{""component"": ""燃料一"", ""fuel"": ""原煤"", ""raw_amount"": null, ""unit"": ""吨"", ""generation_use"": 121879.293, ""heat_use"": 0.0, ""amount"": 121879.293, ""sulfur"": ""1.580"", ""sulfur_unit"": ""%"", ""ash"": ""51.14"", ""source_row"": 59, ""derivation"": ""同单位发电消耗量+供热消耗量，指南7.2.1.2活动水平定义""}]","[{""component"": ""燃料一"", ""factor"": 26.860000000000003, ""unit"": ""g/kg"", ""reference"": ""式(3)、表C.1；S按质量分数；sr=0.15；g/kg""}]",[],3273.6778099800003,,式(3)、表C.1；S按质量分数；sr=0.15；g/kg,SOURCE_RELATION_MISSING
SRC-RAW-7F76A3AC469336B1002A,POWER,NOx,information_insufficient,产排污系数法/煤质物料衡算法,"[{""component"": ""燃料一"", ""fuel"": ""原煤"", ""raw_amount"": null, ""unit"": ""吨"", ""generation_use"": 121879.293, ""heat_use"": 0.0, ""amount"": 121879.293, ""sulfur"": ""1.580"", ""sulfur_unit"": ""%"", ""ash"": ""51.14"", ""source_row"": 59, ""derivation"": ""同单位发电消耗量+供热消耗量，指南7.2.1.2活动水平定义""}]","[{""component"": ""燃料一"", ""factor"": 8.96, ""unit"": ""g/kg"", ""reference"": ""T/CSES 144-2024 7.2; 表D.1及注a-c；万千瓦×10=MW""}]",[],1092.03846528,,T/CSES 144-2024 7.2; 表D.1及注a-c；万千瓦×10=MW,SOURCE_RELATION_MISSING
SRC-RAW-7F76A3AC469336B1002A,POWER,CO,calculated,产排污系数法/煤质物料衡算法,"[{""component"": ""燃料一"", ""fuel"": ""原煤"", ""raw_amount"": null, ""unit"": ""吨"", ""generation_use"": 121879.293, ""heat_use"": 0.0, ""amount"": 121879.293, ""sulfur"": ""1.580"", ""sulfur_unit"": ""%"", ""ash"": ""51.14"", ""source_row"": 59, ""derivation"": ""同单位发电消耗量+供热消耗量，指南7.2.1.2活动水平定义""}]","[{""component"": ""燃料一"", ""factor"": 2, ""unit"": ""g/kg"", ""reference"": ""T/CSES 144-2024 7.2; 表D.1及注a-c""}]","[{""component"": ""燃烧源治理"", ""efficiency"": 0, ""reference"": ""表A.1燃烧源控制措施VOCs为0；CO按表D.1""}]",243.758586,243.758586,T/CSES 144-2024 7.2; 表D.1及注a-c,
SRC-RAW-7F76A3AC469336B1002A,POWER,VOC,calculated,产排污系数法/煤质物料衡算法,"[{""component"": ""燃料一"", ""fuel"": ""原煤"", ""raw_amount"": null, ""unit"": ""吨"", ""generation_use"": 121879.293, ""heat_use"": 0.0, ""amount"": 121879.293, ""sulfur"": ""1.580"", ""sulfur_unit"": ""%"", ""ash"": ""51.14"", ""source_row"": 59, ""derivation"": ""同单位发电消耗量+供热消耗量，指南7.2.1.2活动水平定义""}]","[{""component"": ""燃料一"", ""factor"": 0.04, ""unit"": ""g/kg"", ""reference"": ""T/CSES 144-2024 7.2; 表D.1及注a-c""}]","[{""component"": ""燃烧源治理"", ""efficiency"": 0, ""reference"": ""表A.1燃烧源控制措施VOCs为0；CO按表D.1""}]",4.87517172,4.87517172,T/CSES 144-2024 7.2; 表D.1及注a-c,
SRC-RAW-7F76A3AC469336B1002A,POWER,PM10,information_insufficient,产排污系数法/煤质物料衡算法,"[{""component"": ""燃料一"", ""fuel"": ""原煤"", ""raw_amount"": null, ""unit"": ""吨"", ""generation_use"": 121879.293, ""heat_use"": 0.0, ""amount"": 121879.293, ""sulfur"": ""1.580"", ""sulfur_unit"": ""%"", ""ash"": ""51.14"", ""source_row"": 59, ""derivation"": ""同单位发电消耗量+供热消耗量，指南7.2.1.2活动水平定义""}]","[{""component"": ""燃料一"", ""factor"": 83.05136, ""unit"": ""g/kg"", ""reference"": ""式(4)-(6)、表C.1-C.3；灰分质量分数；g/kg""}]",[],10122.241039488481,,式(4)-(6)、表C.1-C.3；灰分质量分数；g/kg,SOURCE_RELATION_MISSING
SRC-RAW-7F76A3AC469336B1002A,POWER,PM2.5,information_insufficient,产排污系数法/煤质物料衡算法,"[{""component"": ""燃料一"", ""fuel"": ""原煤"", ""raw_amount"": null, ""unit"": ""吨"", ""generation_use"": 121879.293, ""heat_use"": 0.0, ""amount"": 121879.293, ""sulfur"": ""1.580"", ""sulfur_unit"": ""%"", ""ash"": ""51.14"", ""source_row"": 59, ""derivation"": ""同单位发电消耗量+供热消耗量，指南7.2.1.2活动水平定义""}]","[{""component"": ""燃料一"", ""factor"": 20.04688, ""unit"": ""g/kg"", ""reference"": ""式(4)-(6)、表C.1-C.3；灰分质量分数；g/kg""}]",[],2443.29956125584,,式(4)-(6)、表C.1-C.3；灰分质量分数；g/kg,SOURCE_RELATION_MISSING
SRC-RAW-7F76A3AC469336B1002A,POWER,BC,information_insufficient,产排污系数法/煤质物料衡算法,"[{""component"": ""燃料一"", ""fuel"": ""原煤"", ""raw_amount"": null, ""unit"": ""吨"", ""generation_use"": 121879.293, ""heat_use"": 0.0, ""amount"": 121879.293, ""sulfur"": ""1.580"", ""sulfur_unit"": ""%"", ""ash"": ""51.14"", ""source_row"": 59, ""derivation"": ""同单位发电消耗量+供热消耗量，指南7.2.1.2活动水平定义""}]","[{""component"": ""燃料一"", ""factor"": 0.04009376000000001, ""unit"": ""g/kg"", ""reference"": ""式(4)-(6)、表C.1-C.3；灰分质量分数；g/kg""}]",[],4.886599122511681,,式(4)-(6)、表C.1-C.3；灰分质量分数；g/kg,SOURCE_RELATION_MISSING
SRC-RAW-7F76A3AC469336B1002A,POWER,OC,calculated,产排污系数法/煤质物料衡算法,"[{""component"": ""燃料一"", ""fuel"": ""原煤"", ""raw_amount"": null, ""unit"": ""吨"", ""generation_use"": 121879.293, ""heat_use"": 0.0, ""amount"": 121879.293, ""sulfur"": ""1.580"", ""sulfur_unit"": ""%"", ""ash"": ""51.14"", ""source_row"": 59, ""derivation"": ""同单位发电消耗量+供热消耗量，指南7.2.1.2活动水平定义""}]","[{""component"": ""燃料一"", ""factor"": 0, ""unit"": ""g/kg"", ""reference"": ""式(6)、表C.3；电力生产/热力生产和供应OC占比=0""}]",[],0.0,0,式(6)、表C.3；电力生产/热力生产和供应OC占比=0,
SRC-RAW-7F76A3AC469336B1002A,POWER,NH3,not_involved,第7章核算范围,[],[],[],,,T/CSES 144-2024第7章、表D.1；未列NH3，未将缺省范围解释为零排放,OUTSIDE_CHAPTER7_POLLUTANT_SCOPE
SRC-RAW-D2363A650EC4E8571988,POWER,SO2,information_insufficient,产排污系数法/煤质物料衡算法,"[{""component"": ""燃料一"", ""fuel"": ""原煤"", ""raw_amount"": 82362.787, ""unit"": ""吨"", ""generation_use"": 82362.787, ""heat_use"": 0.0, ""amount"": 82362.787, ""sulfur"": ""1.580"", ""sulfur_unit"": ""%"", ""ash"": ""51.14"", ""source_row"": 60}]","[{""component"": ""燃料一"", ""factor"": 26.860000000000003, ""unit"": ""g/kg"", ""reference"": ""式(3)、表C.1；S按质量分数；sr=0.15；g/kg""}]",[],2212.2644588200005,,式(3)、表C.1；S按质量分数；sr=0.15；g/kg,SOURCE_RELATION_MISSING
SRC-RAW-D2363A650EC4E8571988,POWER,NOx,information_insufficient,产排污系数法/煤质物料衡算法,"[{""component"": ""燃料一"", ""fuel"": ""原煤"", ""raw_amount"": 82362.787, ""unit"": ""吨"", ""generation_use"": 82362.787, ""heat_use"": 0.0, ""amount"": 82362.787, ""sulfur"": ""1.580"", ""sulfur_unit"": ""%"", ""ash"": ""51.14"", ""source_row"": 60}]","[{""component"": ""燃料一"", ""factor"": 8.96, ""unit"": ""g/kg"", ""reference"": ""T/CSES 144-2024 7.2; 表D.1及注a-c；万千瓦×10=MW""}]",[],737.97057152,,T/CSES 144-2024 7.2; 表D.1及注a-c；万千瓦×10=MW,SOURCE_RELATION_MISSING
SRC-RAW-D2363A650EC4E8571988,POWER,CO,calculated,产排污系数法/煤质物料衡算法,"[{""component"": ""燃料一"", ""fuel"": ""原煤"", ""raw_amount"": 82362.787, ""unit"": ""吨"", ""generation_use"": 82362.787, ""heat_use"": 0.0, ""amount"": 82362.787, ""sulfur"": ""1.580"", ""sulfur_unit"": ""%"", ""ash"": ""51.14"", ""source_row"": 60}]","[{""component"": ""燃料一"", ""factor"": 2, ""unit"": ""g/kg"", ""reference"": ""T/CSES 144-2024 7.2; 表D.1及注a-c""}]","[{""component"": ""燃烧源治理"", ""efficiency"": 0, ""reference"": ""表A.1燃烧源控制措施VOCs为0；CO按表D.1""}]",164.725574,164.725574,T/CSES 144-2024 7.2; 表D.1及注a-c,
SRC-RAW-D2363A650EC4E8571988,POWER,VOC,calculated,产排污系数法/煤质物料衡算法,"[{""component"": ""燃料一"", ""fuel"": ""原煤"", ""raw_amount"": 82362.787, ""unit"": ""吨"", ""generation_use"": 82362.787, ""heat_use"": 0.0, ""amount"": 82362.787, ""sulfur"": ""1.580"", ""sulfur_unit"": ""%"", ""ash"": ""51.14"", ""source_row"": 60}]","[{""component"": ""燃料一"", ""factor"": 0.04, ""unit"": ""g/kg"", ""reference"": ""T/CSES 144-2024 7.2; 表D.1及注a-c""}]","[{""component"": ""燃烧源治理"", ""efficiency"": 0, ""reference"": ""表A.1燃烧源控制措施VOCs为0；CO按表D.1""}]",3.29451148,3.29451148,T/CSES 144-2024 7.2; 表D.1及注a-c,
SRC-RAW-D2363A650EC4E8571988,POWER,PM10,information_insufficient,产排污系数法/煤质物料衡算法,"[{""component"": ""燃料一"", ""fuel"": ""原煤"", ""raw_amount"": 82362.787, ""unit"": ""吨"", ""generation_use"": 82362.787, ""heat_use"": 0.0, ""amount"": 82362.787, ""sulfur"": ""1.580"", ""sulfur_unit"": ""%"", ""ash"": ""51.14"", ""source_row"": 60}]","[{""component"": ""燃料一"", ""factor"": 83.05136, ""unit"": ""g/kg"", ""reference"": ""式(4)-(6)、表C.1-C.3；灰分质量分数；g/kg""}]",[],6840.34147374032,,式(4)-(6)、表C.1-C.3；灰分质量分数；g/kg,SOURCE_RELATION_MISSING
SRC-RAW-D2363A650EC4E8571988,POWER,PM2.5,information_insufficient,产排污系数法/煤质物料衡算法,"[{""component"": ""燃料一"", ""fuel"": ""原煤"", ""raw_amount"": 82362.787, ""unit"": ""吨"", ""generation_use"": 82362.787, ""heat_use"": 0.0, ""amount"": 82362.787, ""sulfur"": ""1.580"", ""sulfur_unit"": ""%"", ""ash"": ""51.14"", ""source_row"": 60}]","[{""component"": ""燃料一"", ""factor"": 20.04688, ""unit"": ""g/kg"", ""reference"": ""式(4)-(6)、表C.1-C.3；灰分质量分数；g/kg""}]",[],1651.11690745456,,式(4)-(6)、表C.1-C.3；灰分质量分数；g/kg,SOURCE_RELATION_MISSING
SRC-RAW-D2363A650EC4E8571988,POWER,BC,information_insufficient,产排污系数法/煤质物料衡算法,"[{""component"": ""燃料一"", ""fuel"": ""原煤"", ""raw_amount"": 82362.787, ""unit"": ""吨"", ""generation_use"": 82362.787, ""heat_use"": 0.0, ""amount"": 82362.787, ""sulfur"": ""1.580"", ""sulfur_unit"": ""%"", ""ash"": ""51.14"", ""source_row"": 60}]","[{""component"": ""燃料一"", ""factor"": 0.04009376000000001, ""unit"": ""g/kg"", ""reference"": ""式(4)-(6)、表C.1-C.3；灰分质量分数；g/kg""}]",[],3.3022338149091213,,式(4)-(6)、表C.1-C.3；灰分质量分数；g/kg,SOURCE_RELATION_MISSING
SRC-RAW-D2363A650EC4E8571988,POWER,OC,calculated,产排污系数法/煤质物料衡算法,"[{""component"": ""燃料一"", ""fuel"": ""原煤"", ""raw_amount"": 82362.787, ""unit"": ""吨"", ""generation_use"": 82362.787, ""heat_use"": 0.0, ""amount"": 82362.787, ""sulfur"": ""1.580"", ""sulfur_unit"": ""%"", ""ash"": ""51.14"", ""source_row"": 60}]","[{""component"": ""燃料一"", ""factor"": 0, ""unit"": ""g/kg"", ""reference"": ""式(6)、表C.3；电力生产/热力生产和供应OC占比=0""}]",[],0.0,0,式(6)、表C.3；电力生产/热力生产和供应OC占比=0,
SRC-RAW-D2363A650EC4E8571988,POWER,NH3,not_involved,第7章核算范围,[],[],[],,,T/CSES 144-2024第7章、表D.1；未列NH3，未将缺省范围解释为零排放,OUTSIDE_CHAPTER7_POLLUTANT_SCOPE
SRC-RAW-D6A8375EC710B4B00990,POWER,SO2,information_insufficient,产排污系数法/煤质物料衡算法,"[{""component"": ""燃料一"", ""fuel"": ""无烟煤"", ""raw_amount"": 575598.0, ""unit"": ""吨"", ""generation_use"": 559519.78, ""heat_use"": 16078.22, ""amount"": 575598.0, ""sulfur"": ""0.520"", ""sulfur_unit"": ""%"", ""ash"": ""14.50"", ""source_row"": 64}, {""component"": ""燃料二"", ""fuel"": ""柴油"", ""raw_amount"": 155.0, ""unit"": ""吨"", ""generation_use"": 135.0, ""heat_use"": 20.0, ""amount"": 155.0, ""sulfur"": ""0.010"", ""sulfur_unit"": ""%"", ""ash"": ""0.00"", ""source_row"": 64}]","[{""component"": ""燃料一"", ""factor"": 8.839999999999998, ""unit"": ""g/kg"", ""reference"": ""式(3)、表C.1；S按质量分数；sr=0.15；g/kg""}, {""component"": ""燃料二"", ""factor"": 3, ""unit"": ""g/kg"", ""reference"": ""T/CSES 144-2024 7.2; 表D.1及注a-c""}]",[],5088.7513199999985,,式(3)、表C.1；S按质量分数；sr=0.15；g/kg; T/CSES 144-2024 7.2; 表D.1及注a-c,SOURCE_RELATION_MISSING
SRC-RAW-D6A8375EC710B4B00990,POWER,NOx,information_insufficient,产排污系数法/煤质物料衡算法,"[{""component"": ""燃料一"", ""fuel"": ""无烟煤"", ""raw_amount"": 575598.0, ""unit"": ""吨"", ""generation_use"": 559519.78, ""heat_use"": 16078.22, ""amount"": 575598.0, ""sulfur"": ""0.520"", ""sulfur_unit"": ""%"", ""ash"": ""14.50"", ""source_row"": 64}, {""component"": ""燃料二"", ""fuel"": ""柴油"", ""raw_amount"": 155.0, ""unit"": ""吨"", ""generation_use"": 135.0, ""heat_use"": 20.0, ""amount"": 155.0, ""sulfur"": ""0.010"", ""sulfur_unit"": ""%"", ""ash"": ""0.00"", ""source_row"": 64}]","[{""component"": ""燃料一"", ""factor"": 7.21, ""unit"": ""g/kg"", ""reference"": ""T/CSES 144-2024 7.2; 表D.1及注a-c；万千瓦×10=MW""}, {""component"": ""燃料二"", ""factor"": 7.4, ""unit"": ""g/kg"", ""reference"": ""T/CSES 144-2024 7.2; 表D.1及注a-c""}]",[],4151.20858,,T/CSES 144-2024 7.2; 表D.1及注a-c；万千瓦×10=MW; T/CSES 144-2024 7.2; 表D.1及注a-c,SOURCE_RELATION_MISSING
SRC-RAW-D6A8375EC710B4B00990,POWER,CO,calculated,产排污系数法/煤质物料衡算法,"[{""component"": ""燃料一"", ""fuel"": ""无烟煤"", ""raw_amount"": 575598.0, ""unit"": ""吨"", ""generation_use"": 559519.78, ""heat_use"": 16078.22, ""amount"": 575598.0, ""sulfur"": ""0.520"", ""sulfur_unit"": ""%"", ""ash"": ""14.50"", ""source_row"": 64}, {""component"": ""燃料二"", ""fuel"": ""柴油"", ""raw_amount"": 155.0, ""unit"": ""吨"", ""generation_use"": 135.0, ""heat_use"": 20.0, ""amount"": 155.0, ""sulfur"": ""0.010"", ""sulfur_unit"": ""%"", ""ash"": ""0.00"", ""source_row"": 64}]","[{""component"": ""燃料一"", ""factor"": 2, ""unit"": ""g/kg"", ""reference"": ""T/CSES 144-2024 7.2; 表D.1及注a-c""}, {""component"": ""燃料二"", ""factor"": 0.6, ""unit"": ""g/kg"", ""reference"": ""T/CSES 144-2024 7.2; 表D.1及注a-c""}]","[{""component"": ""燃烧源治理"", ""efficiency"": 0, ""reference"": ""表A.1燃烧源控制措施VOCs为0；CO按表D.1""}]",1151.289,1151.289,T/CSES 144-2024 7.2; 表D.1及注a-c,
SRC-RAW-D6A8375EC710B4B00990,POWER,VOC,calculated,产排污系数法/煤质物料衡算法,"[{""component"": ""燃料一"", ""fuel"": ""无烟煤"", ""raw_amount"": 575598.0, ""unit"": ""吨"", ""generation_use"": 559519.78, ""heat_use"": 16078.22, ""amount"": 575598.0, ""sulfur"": ""0.520"", ""sulfur_unit"": ""%"", ""ash"": ""14.50"", ""source_row"": 64}, {""component"": ""燃料二"", ""fuel"": ""柴油"", ""raw_amount"": 155.0, ""unit"": ""吨"", ""generation_use"": 135.0, ""heat_use"": 20.0, ""amount"": 155.0, ""sulfur"": ""0.010"", ""sulfur_unit"": ""%"", ""ash"": ""0.00"", ""source_row"": 64}]","[{""component"": ""燃料一"", ""factor"": 0.04, ""unit"": ""g/kg"", ""reference"": ""T/CSES 144-2024 7.2; 表D.1及注a-c""}, {""component"": ""燃料二"", ""factor"": 0.13, ""unit"": ""g/kg"", ""reference"": ""T/CSES 144-2024 7.2; 表D.1及注a-c""}]","[{""component"": ""燃烧源治理"", ""efficiency"": 0, ""reference"": ""表A.1燃烧源控制措施VOCs为0；CO按表D.1""}]",23.044070000000005,23.044070000000005,T/CSES 144-2024 7.2; 表D.1及注a-c,
SRC-RAW-D6A8375EC710B4B00990,POWER,PM10,information_insufficient,产排污系数法/煤质物料衡算法,"[{""component"": ""燃料一"", ""fuel"": ""无烟煤"", ""raw_amount"": 575598.0, ""unit"": ""吨"", ""generation_use"": 559519.78, ""heat_use"": 16078.22, ""amount"": 575598.0, ""sulfur"": ""0.520"", ""sulfur_unit"": ""%"", ""ash"": ""14.50"", ""source_row"": 64}, {""component"": ""燃料二"", ""fuel"": ""柴油"", ""raw_amount"": 155.0, ""unit"": ""吨"", ""generation_use"": 135.0, ""heat_use"": 20.0, ""amount"": 155.0, ""sulfur"": ""0.010"", ""sulfur_unit"": ""%"", ""ash"": ""0.00"", ""source_row"": 64}]","[{""component"": ""燃料一"", ""factor"": 23.548, ""unit"": ""g/kg"", ""reference"": ""式(4)-(6)、表C.1-C.3；灰分质量分数；g/kg""}, {""component"": ""燃料二"", ""factor"": 0.5, ""unit"": ""g/kg"", ""reference"": ""T/CSES 144-2024 7.2; 表D.1及注a-c""}]",[],13554.259204,,式(4)-(6)、表C.1-C.3；灰分质量分数；g/kg; T/CSES 144-2024 7.2; 表D.1及注a-c,SOURCE_RELATION_MISSING
SRC-RAW-D6A8375EC710B4B00990,POWER,PM2.5,information_insufficient,产排污系数法/煤质物料衡算法,"[{""component"": ""燃料一"", ""fuel"": ""无烟煤"", ""raw_amount"": 575598.0, ""unit"": ""吨"", ""generation_use"": 559519.78, ""heat_use"": 16078.22, ""amount"": 575598.0, ""sulfur"": ""0.520"", ""sulfur_unit"": ""%"", ""ash"": ""14.50"", ""source_row"": 64}, {""component"": ""燃料二"", ""fuel"": ""柴油"", ""raw_amount"": 155.0, ""unit"": ""吨"", ""generation_use"": 135.0, ""heat_use"": 20.0, ""amount"": 155.0, ""sulfur"": ""0.010"", ""sulfur_unit"": ""%"", ""ash"": ""0.00"", ""source_row"": 64}]","[{""component"": ""燃料一"", ""factor"": 5.684000000000002, ""unit"": ""g/kg"", ""reference"": ""式(4)-(6)、表C.1-C.3；灰分质量分数；g/kg""}, {""component"": ""燃料二"", ""factor"": 0.5, ""unit"": ""g/kg"", ""reference"": ""T/CSES 144-2024 7.2; 表D.1及注a-c""}]",[],3271.7765320000008,,式(4)-(6)、表C.1-C.3；灰分质量分数；g/kg; T/CSES 144-2024 7.2; 表D.1及注a-c,SOURCE_RELATION_MISSING
SRC-RAW-D6A8375EC710B4B00990,POWER,BC,information_insufficient,产排污系数法/煤质物料衡算法,"[{""component"": ""燃料一"", ""fuel"": ""无烟煤"", ""raw_amount"": 575598.0, ""unit"": ""吨"", ""generation_use"": 559519.78, ""heat_use"": 16078.22, ""amount"": 575598.0, ""sulfur"": ""0.520"", ""sulfur_unit"": ""%"", ""ash"": ""14.50"", ""source_row"": 64}, {""component"": ""燃料二"", ""fuel"": ""柴油"", ""raw_amount"": 155.0, ""unit"": ""吨"", ""generation_use"": 135.0, ""heat_use"": 20.0, ""amount"": 155.0, ""sulfur"": ""0.010"", ""sulfur_unit"": ""%"", ""ash"": ""0.00"", ""source_row"": 64}]","[{""component"": ""燃料一"", ""factor"": 0.011368000000000003, ""unit"": ""g/kg"", ""reference"": ""式(4)-(6)、表C.1-C.3；灰分质量分数；g/kg""}, {""component"": ""燃料二"", ""factor"": 0.01, ""unit"": ""g/kg"", ""reference"": ""T/CSES 144-2024 7.2; 表D.1及注a-c""}]",[],6.5449480640000015,,式(4)-(6)、表C.1-C.3；灰分质量分数；g/kg; T/CSES 144-2024 7.2; 表D.1及注a-c,SOURCE_RELATION_MISSING
SRC-RAW-D6A8375EC710B4B00990,POWER,OC,information_insufficient,产排污系数法/煤质物料衡算法,"[{""component"": ""燃料一"", ""fuel"": ""无烟煤"", ""raw_amount"": 575598.0, ""unit"": ""吨"", ""generation_use"": 559519.78, ""heat_use"": 16078.22, ""amount"": 575598.0, ""sulfur"": ""0.520"", ""sulfur_unit"": ""%"", ""ash"": ""14.50"", ""source_row"": 64}, {""component"": ""燃料二"", ""fuel"": ""柴油"", ""raw_amount"": 155.0, ""unit"": ""吨"", ""generation_use"": 135.0, ""heat_use"": 20.0, ""amount"": 155.0, ""sulfur"": ""0.010"", ""sulfur_unit"": ""%"", ""ash"": ""0.00"", ""source_row"": 64}]","[{""component"": ""燃料一"", ""factor"": 0, ""unit"": ""g/kg"", ""reference"": ""式(6)、表C.3；电力生产/热力生产和供应OC占比=0""}, {""component"": ""燃料二"", ""factor"": 0.04, ""unit"": ""g/kg"", ""reference"": ""T/CSES 144-2024 7.2; 表D.1及注a-c""}]",[],0.006200000000000001,,式(6)、表C.3；电力生产/热力生产和供应OC占比=0; T/CSES 144-2024 7.2; 表D.1及注a-c,SOURCE_RELATION_MISSING
SRC-RAW-D6A8375EC710B4B00990,POWER,NH3,not_involved,第7章核算范围,[],[],[],,,T/CSES 144-2024第7章、表D.1；未列NH3，未将缺省范围解释为零排放,OUTSIDE_CHAPTER7_POLLUTANT_SCOPE
SRC-RAW-7620EF002BA9ADAD6CF1,POWER,SO2,source_data_invalid,产排污系数法/煤质物料衡算法,"[{""component"": ""燃料一"", ""fuel"": ""无烟煤"", ""raw_amount"": -335243.0, ""unit"": ""吨"", ""generation_use"": 328745.68, ""heat_use"": 6497.32, ""amount"": -335243.0, ""sulfur"": ""0.570"", ""sulfur_unit"": ""%"", ""ash"": ""15.93"", ""source_row"": 65}, {""component"": ""燃料二"", ""fuel"": ""柴油"", ""raw_amount"": 142.0, ""unit"": ""吨"", ""generation_use"": 122.0, ""heat_use"": 20.0, ""amount"": 142.0, ""sulfur"": ""0.010"", ""sulfur_unit"": ""%"", ""ash"": ""0.00"", ""source_row"": 65}]","[{""component"": ""燃料一"", ""factor"": 9.69, ""unit"": ""g/kg"", ""reference"": ""式(3)、表C.1；S按质量分数；sr=0.15；g/kg""}, {""component"": ""燃料二"", ""factor"": 3, ""unit"": ""g/kg"", ""reference"": ""T/CSES 144-2024 7.2; 表D.1及注a-c""}]",[],,,式(3)、表C.1；S按质量分数；sr=0.15；g/kg; T/CSES 144-2024 7.2; 表D.1及注a-c,HARD_CONSTRAINT_CONFLICT
SRC-RAW-7620EF002BA9ADAD6CF1,POWER,NOx,source_data_invalid,产排污系数法/煤质物料衡算法,"[{""component"": ""燃料一"", ""fuel"": ""无烟煤"", ""raw_amount"": -335243.0, ""unit"": ""吨"", ""generation_use"": 328745.68, ""heat_use"": 6497.32, ""amount"": -335243.0, ""sulfur"": ""0.570"", ""sulfur_unit"": ""%"", ""ash"": ""15.93"", ""source_row"": 65}, {""component"": ""燃料二"", ""fuel"": ""柴油"", ""raw_amount"": 142.0, ""unit"": ""吨"", ""generation_use"": 122.0, ""heat_use"": 20.0, ""amount"": 142.0, ""sulfur"": ""0.010"", ""sulfur_unit"": ""%"", ""ash"": ""0.00"", ""source_row"": 65}]","[{""component"": ""燃料一"", ""factor"": 7.21, ""unit"": ""g/kg"", ""reference"": ""T/CSES 144-2024 7.2; 表D.1及注a-c；万千瓦×10=MW""}, {""component"": ""燃料二"", ""factor"": 7.4, ""unit"": ""g/kg"", ""reference"": ""T/CSES 144-2024 7.2; 表D.1及注a-c""}]",[],,,T/CSES 144-2024 7.2; 表D.1及注a-c；万千瓦×10=MW; T/CSES 144-2024 7.2; 表D.1及注a-c,HARD_CONSTRAINT_CONFLICT
SRC-RAW-7620EF002BA9ADAD6CF1,POWER,CO,source_data_invalid,产排污系数法/煤质物料衡算法,"[{""component"": ""燃料一"", ""fuel"": ""无烟煤"", ""raw_amount"": -335243.0, ""unit"": ""吨"", ""generation_use"": 328745.68, ""heat_use"": 6497.32, ""amount"": -335243.0, ""sulfur"": ""0.570"", ""sulfur_unit"": ""%"", ""ash"": ""15.93"", ""source_row"": 65}, {""component"": ""燃料二"", ""fuel"": ""柴油"", ""raw_amount"": 142.0, ""unit"": ""吨"", ""generation_use"": 122.0, ""heat_use"": 20.0, ""amount"": 142.0, ""sulfur"": ""0.010"", ""sulfur_unit"": ""%"", ""ash"": ""0.00"", ""source_row"": 65}]","[{""component"": ""燃料一"", ""factor"": 2, ""unit"": ""g/kg"", ""reference"": ""T/CSES 144-2024 7.2; 表D.1及注a-c""}, {""component"": ""燃料二"", ""factor"": 0.6, ""unit"": ""g/kg"", ""reference"": ""T/CSES 144-2024 7.2; 表D.1及注a-c""}]",[],,,T/CSES 144-2024 7.2; 表D.1及注a-c,HARD_CONSTRAINT_CONFLICT
SRC-RAW-7620EF002BA9ADAD6CF1,POWER,VOC,source_data_invalid,产排污系数法/煤质物料衡算法,"[{""component"": ""燃料一"", ""fuel"": ""无烟煤"", ""raw_amount"": -335243.0, ""unit"": ""吨"", ""generation_use"": 328745.68, ""heat_use"": 6497.32, ""amount"": -335243.0, ""sulfur"": ""0.570"", ""sulfur_unit"": ""%"", ""ash"": ""15.93"", ""source_row"": 65}, {""component"": ""燃料二"", ""fuel"": ""柴油"", ""raw_amount"": 142.0, ""unit"": ""吨"", ""generation_use"": 122.0, ""heat_use"": 20.0, ""amount"": 142.0, ""sulfur"": ""0.010"", ""sulfur_unit"": ""%"", ""ash"": ""0.00"", ""source_row"": 65}]","[{""component"": ""燃料一"", ""factor"": 0.04, ""unit"": ""g/kg"", ""reference"": ""T/CSES 144-2024 7.2; 表D.1及注a-c""}, {""component"": ""燃料二"", ""factor"": 0.13, ""unit"": ""g/kg"", ""reference"": ""T/CSES 144-2024 7.2; 表D.1及注a-c""}]",[],,,T/CSES 144-2024 7.2; 表D.1及注a-c,HARD_CONSTRAINT_CONFLICT
SRC-RAW-7620EF002BA9ADAD6CF1,POWER,PM10,source_data_invalid,产排污系数法/煤质物料衡算法,"[{""component"": ""燃料一"", ""fuel"": ""无烟煤"", ""raw_amount"": -335243.0, ""unit"": ""吨"", ""generation_use"": 328745.68, ""heat_use"": 6497.32, ""amount"": -335243.0, ""sulfur"": ""0.570"", ""sulfur_unit"": ""%"", ""ash"": ""15.93"", ""source_row"": 65}, {""component"": ""燃料二"", ""fuel"": ""柴油"", ""raw_amount"": 142.0, ""unit"": ""吨"", ""generation_use"": 122.0, ""heat_use"": 20.0, ""amount"": 142.0, ""sulfur"": ""0.010"", ""sulfur_unit"": ""%"", ""ash"": ""0.00"", ""source_row"": 65}]","[{""component"": ""燃料一"", ""factor"": 25.870320000000003, ""unit"": ""g/kg"", ""reference"": ""式(4)-(6)、表C.1-C.3；灰分质量分数；g/kg""}, {""component"": ""燃料二"", ""factor"": 0.5, ""unit"": ""g/kg"", ""reference"": ""T/CSES 144-2024 7.2; 表D.1及注a-c""}]",[],,,式(4)-(6)、表C.1-C.3；灰分质量分数；g/kg; T/CSES 144-2024 7.2; 表D.1及注a-c,HARD_CONSTRAINT_CONFLICT
SRC-RAW-7620EF002BA9ADAD6CF1,POWER,PM2.5,source_data_invalid,产排污系数法/煤质物料衡算法,"[{""component"": ""燃料一"", ""fuel"": ""无烟煤"", ""raw_amount"": -335243.0, ""unit"": ""吨"", ""generation_use"": 328745.68, ""heat_use"": 6497.32, ""amount"": -335243.0, ""sulfur"": ""0.570"", ""sulfur_unit"": ""%"", ""ash"": ""15.93"", ""source_row"": 65}, {""component"": ""燃料二"", ""fuel"": ""柴油"", ""raw_amount"": 142.0, ""unit"": ""吨"", ""generation_use"": 122.0, ""heat_use"": 20.0, ""amount"": 142.0, ""sulfur"": ""0.010"", ""sulfur_unit"": ""%"", ""ash"": ""0.00"", ""source_row"": 65}]","[{""component"": ""燃料一"", ""factor"": 6.244560000000002, ""unit"": ""g/kg"", ""reference"": ""式(4)-(6)、表C.1-C.3；灰分质量分数；g/kg""}, {""component"": ""燃料二"", ""factor"": 0.5, ""unit"": ""g/kg"", ""reference"": ""T/CSES 144-2024 7.2; 表D.1及注a-c""}]",[],,,式(4)-(6)、表C.1-C.3；灰分质量分数；g/kg; T/CSES 144-2024 7.2; 表D.1及注a-c,HARD_CONSTRAINT_CONFLICT
SRC-RAW-7620EF002BA9ADAD6CF1,POWER,BC,source_data_invalid,产排污系数法/煤质物料衡算法,"[{""component"": ""燃料一"", ""fuel"": ""无烟煤"", ""raw_amount"": -335243.0, ""unit"": ""吨"", ""generation_use"": 328745.68, ""heat_use"": 6497.32, ""amount"": -335243.0, ""sulfur"": ""0.570"", ""sulfur_unit"": ""%"", ""ash"": ""15.93"", ""source_row"": 65}, {""component"": ""燃料二"", ""fuel"": ""柴油"", ""raw_amount"": 142.0, ""unit"": ""吨"", ""generation_use"": 122.0, ""heat_use"": 20.0, ""amount"": 142.0, ""sulfur"": ""0.010"", ""sulfur_unit"": ""%"", ""ash"": ""0.00"", ""source_row"": 65}]","[{""component"": ""燃料一"", ""factor"": 0.012489120000000003, ""unit"": ""g/kg"", ""reference"": ""式(4)-(6)、表C.1-C.3；灰分质量分数；g/kg""}, {""component"": ""燃料二"", ""factor"": 0.01, ""unit"": ""g/kg"", ""reference"": ""T/CSES 144-2024 7.2; 表D.1及注a-c""}]",[],,,式(4)-(6)、表C.1-C.3；灰分质量分数；g/kg; T/CSES 144-2024 7.2; 表D.1及注a-c,HARD_CONSTRAINT_CONFLICT
SRC-RAW-7620EF002BA9ADAD6CF1,POWER,OC,source_data_invalid,产排污系数法/煤质物料衡算法,"[{""component"": ""燃料一"", ""fuel"": ""无烟煤"", ""raw_amount"": -335243.0, ""unit"": ""吨"", ""generation_use"": 328745.68, ""heat_use"": 6497.32, ""amount"": -335243.0, ""sulfur"": ""0.570"", ""sulfur_unit"": ""%"", ""ash"": ""15.93"", ""source_row"": 65}, {""component"": ""燃料二"", ""fuel"": ""柴油"", ""raw_amount"": 142.0, ""unit"": ""吨"", ""generation_use"": 122.0, ""heat_use"": 20.0, ""amount"": 142.0, ""sulfur"": ""0.010"", ""sulfur_unit"": ""%"", ""ash"": ""0.00"", ""source_row"": 65}]","[{""component"": ""燃料一"", ""factor"": 0, ""unit"": ""g/kg"", ""reference"": ""式(6)、表C.3；电力生产/热力生产和供应OC占比=0""}, {""component"": ""燃料二"", ""factor"": 0.04, ""unit"": ""g/kg"", ""reference"": ""T/CSES 144-2024 7.2; 表D.1及注a-c""}]",[],,,式(6)、表C.3；电力生产/热力生产和供应OC占比=0; T/CSES 144-2024 7.2; 表D.1及注a-c,HARD_CONSTRAINT_CONFLICT
SRC-RAW-7620EF002BA9ADAD6CF1,POWER,NH3,not_involved,第7章核算范围,[],[],[],,,T/CSES 144-2024第7章、表D.1；未列NH3，未将缺省范围解释为零排放,OUTSIDE_CHAPTER7_POLLUTANT_SCOPE
SRC-RAW-6B2A959B5DD6F8A603F6,POWER,SO2,information_insufficient,产排污系数法/煤质物料衡算法,"[{""component"": ""燃料一"", ""fuel"": ""褐煤"", ""raw_amount"": 737372.55, ""unit"": ""吨"", ""generation_use"": 708963.35, ""heat_use"": 28409.2, ""amount"": 737372.55, ""sulfur"": ""0.530"", ""sulfur_unit"": ""%"", ""ash"": null, ""source_row"": 66}]","[{""component"": ""燃料一"", ""factor"": 9.01, ""unit"": ""g/kg"", ""reference"": ""式(3)、表C.1；S按质量分数；sr=0.15；g/kg""}]",[],6643.7266755,,式(3)、表C.1；S按质量分数；sr=0.15；g/kg,SOURCE_RELATION_MISSING
SRC-RAW-6B2A959B5DD6F8A603F6,POWER,NOx,information_insufficient,产排污系数法/煤质物料衡算法,"[{""component"": ""燃料一"", ""fuel"": ""褐煤"", ""raw_amount"": 737372.55, ""unit"": ""吨"", ""generation_use"": 708963.35, ""heat_use"": 28409.2, ""amount"": 737372.55, ""sulfur"": ""0.530"", ""sulfur_unit"": ""%"", ""ash"": null, ""source_row"": 66}]","[{""component"": ""燃料一"", ""factor"": 7.21, ""unit"": ""g/kg"", ""reference"": ""T/CSES 144-2024 7.2; 表D.1及注a-c；万千瓦×10=MW""}]",[],5316.4560855,,T/CSES 144-2024 7.2; 表D.1及注a-c；万千瓦×10=MW,SOURCE_RELATION_MISSING
SRC-RAW-6B2A959B5DD6F8A603F6,POWER,CO,calculated,产排污系数法/煤质物料衡算法,"[{""component"": ""燃料一"", ""fuel"": ""褐煤"", ""raw_amount"": 737372.55, ""unit"": ""吨"", ""generation_use"": 708963.35, ""heat_use"": 28409.2, ""amount"": 737372.55, ""sulfur"": ""0.530"", ""sulfur_unit"": ""%"", ""ash"": null, ""source_row"": 66}]","[{""component"": ""燃料一"", ""factor"": 2, ""unit"": ""g/kg"", ""reference"": ""T/CSES 144-2024 7.2; 表D.1及注a-c""}]","[{""component"": ""燃烧源治理"", ""efficiency"": 0, ""reference"": ""表A.1燃烧源控制措施VOCs为0；CO按表D.1""}]",1474.7451,1474.7451,T/CSES 144-2024 7.2; 表D.1及注a-c,
SRC-RAW-6B2A959B5DD6F8A603F6,POWER,VOC,calculated,产排污系数法/煤质物料衡算法,"[{""component"": ""燃料一"", ""fuel"": ""褐煤"", ""raw_amount"": 737372.55, ""unit"": ""吨"", ""generation_use"": 708963.35, ""heat_use"": 28409.2, ""amount"": 737372.55, ""sulfur"": ""0.530"", ""sulfur_unit"": ""%"", ""ash"": null, ""source_row"": 66}]","[{""component"": ""燃料一"", ""factor"": 0.04, ""unit"": ""g/kg"", ""reference"": ""T/CSES 144-2024 7.2; 表D.1及注a-c""}]","[{""component"": ""燃烧源治理"", ""efficiency"": 0, ""reference"": ""表A.1燃烧源控制措施VOCs为0；CO按表D.1""}]",29.494902000000003,29.494902000000003,T/CSES 144-2024 7.2; 表D.1及注a-c,
SRC-RAW-6B2A959B5DD6F8A603F6,POWER,PM10,information_insufficient,产排污系数法/煤质物料衡算法,"[{""component"": ""燃料一"", ""fuel"": ""褐煤"", ""raw_amount"": 737372.55, ""unit"": ""吨"", ""generation_use"": 708963.35, ""heat_use"": 28409.2, ""amount"": 737372.55, ""sulfur"": ""0.530"", ""sulfur_unit"": ""%"", ""ash"": null, ""source_row"": 66}]","[{""component"": ""燃料一"", ""factor"": null, ""unit"": ""g/kg"", ""reference"": ""式(4)-(6)、表C.1-C.3；收到基灰分缺失""}]",[],,,式(4)-(6)、表C.1-C.3；收到基灰分缺失,POLLUTANT_PARAMETER_MISSING
SRC-RAW-6B2A959B5DD6F8A603F6,POWER,PM2.5,information_insufficient,产排污系数法/煤质物料衡算法,"[{""component"": ""燃料一"", ""fuel"": ""褐煤"", ""raw_amount"": 737372.55, ""unit"": ""吨"", ""generation_use"": 708963.35, ""heat_use"": 28409.2, ""amount"": 737372.55, ""sulfur"": ""0.530"", ""sulfur_unit"": ""%"", ""ash"": null, ""source_row"": 66}]","[{""component"": ""燃料一"", ""factor"": null, ""unit"": ""g/kg"", ""reference"": ""式(4)-(6)、表C.1-C.3；收到基灰分缺失""}]",[],,,式(4)-(6)、表C.1-C.3；收到基灰分缺失,POLLUTANT_PARAMETER_MISSING
SRC-RAW-6B2A959B5DD6F8A603F6,POWER,BC,information_insufficient,产排污系数法/煤质物料衡算法,"[{""component"": ""燃料一"", ""fuel"": ""褐煤"", ""raw_amount"": 737372.55, ""unit"": ""吨"", ""generation_use"": 708963.35, ""heat_use"": 28409.2, ""amount"": 737372.55, ""sulfur"": ""0.530"", ""sulfur_unit"": ""%"", ""ash"": null, ""source_row"": 66}]","[{""component"": ""燃料一"", ""factor"": null, ""unit"": ""g/kg"", ""reference"": ""式(4)-(6)、表C.1-C.3；收到基灰分缺失""}]",[],,,式(4)-(6)、表C.1-C.3；收到基灰分缺失,POLLUTANT_PARAMETER_MISSING
SRC-RAW-6B2A959B5DD6F8A603F6,POWER,OC,calculated,产排污系数法/煤质物料衡算法,"[{""component"": ""燃料一"", ""fuel"": ""褐煤"", ""raw_amount"": 737372.55, ""unit"": ""吨"", ""generation_use"": 708963.35, ""heat_use"": 28409.2, ""amount"": 737372.55, ""sulfur"": ""0.530"", ""sulfur_unit"": ""%"", ""ash"": null, ""source_row"": 66}]","[{""component"": ""燃料一"", ""factor"": 0, ""unit"": ""g/kg"", ""reference"": ""式(6)、表C.3；电力生产/热力生产和供应OC占比=0""}]",[],0.0,0,式(6)、表C.3；电力生产/热力生产和供应OC占比=0,
SRC-RAW-6B2A959B5DD6F8A603F6,POWER,NH3,not_involved,第7章核算范围,[],[],[],,,T/CSES 144-2024第7章、表D.1；未列NH3，未将缺省范围解释为零排放,OUTSIDE_CHAPTER7_POLLUTANT_SCOPE
SRC-RAW-B9D25D90184C1D6081DC,POWER,SO2,information_insufficient,产排污系数法/煤质物料衡算法,"[{""component"": ""燃料一"", ""fuel"": ""褐煤"", ""raw_amount"": null, ""unit"": ""吨"", ""generation_use"": 631943.91, ""heat_use"": 18531.71, ""amount"": 650475.62, ""sulfur"": ""0.510"", ""sulfur_unit"": ""%"", ""ash"": ""11.56"", ""source_row"": 67, ""derivation"": ""同单位发电消耗量+供热消耗量，指南7.2.1.2活动水平定义""}]","[{""component"": ""燃料一"", ""factor"": 8.67, ""unit"": ""g/kg"", ""reference"": ""式(3)、表C.1；S按质量分数；sr=0.15；g/kg""}]",[],5639.6236254000005,,式(3)、表C.1；S按质量分数；sr=0.15；g/kg,SOURCE_RELATION_MISSING
SRC-RAW-B9D25D90184C1D6081DC,POWER,NOx,information_insufficient,产排污系数法/煤质物料衡算法,"[{""component"": ""燃料一"", ""fuel"": ""褐煤"", ""raw_amount"": null, ""unit"": ""吨"", ""generation_use"": 631943.91, ""heat_use"": 18531.71, ""amount"": 650475.62, ""sulfur"": ""0.510"", ""sulfur_unit"": ""%"", ""ash"": ""11.56"", ""source_row"": 67, ""derivation"": ""同单位发电消耗量+供热消耗量，指南7.2.1.2活动水平定义""}]","[{""component"": ""燃料一"", ""factor"": 7.21, ""unit"": ""g/kg"", ""reference"": ""T/CSES 144-2024 7.2; 表D.1及注a-c；万千瓦×10=MW""}]",[],4689.929220200001,,T/CSES 144-2024 7.2; 表D.1及注a-c；万千瓦×10=MW,SOURCE_RELATION_MISSING
SRC-RAW-B9D25D90184C1D6081DC,POWER,CO,calculated,产排污系数法/煤质物料衡算法,"[{""component"": ""燃料一"", ""fuel"": ""褐煤"", ""raw_amount"": null, ""unit"": ""吨"", ""generation_use"": 631943.91, ""heat_use"": 18531.71, ""amount"": 650475.62, ""sulfur"": ""0.510"", ""sulfur_unit"": ""%"", ""ash"": ""11.56"", ""source_row"": 67, ""derivation"": ""同单位发电消耗量+供热消耗量，指南7.2.1.2活动水平定义""}]","[{""component"": ""燃料一"", ""factor"": 2, ""unit"": ""g/kg"", ""reference"": ""T/CSES 144-2024 7.2; 表D.1及注a-c""}]","[{""component"": ""燃烧源治理"", ""efficiency"": 0, ""reference"": ""表A.1燃烧源控制措施VOCs为0；CO按表D.1""}]",1300.95124,1300.95124,T/CSES 144-2024 7.2; 表D.1及注a-c,
SRC-RAW-B9D25D90184C1D6081DC,POWER,VOC,calculated,产排污系数法/煤质物料衡算法,"[{""component"": ""燃料一"", ""fuel"": ""褐煤"", ""raw_amount"": null, ""unit"": ""吨"", ""generation_use"": 631943.91, ""heat_use"": 18531.71, ""amount"": 650475.62, ""sulfur"": ""0.510"", ""sulfur_unit"": ""%"", ""ash"": ""11.56"", ""source_row"": 67, ""derivation"": ""同单位发电消耗量+供热消耗量，指南7.2.1.2活动水平定义""}]","[{""component"": ""燃料一"", ""factor"": 0.04, ""unit"": ""g/kg"", ""reference"": ""T/CSES 144-2024 7.2; 表D.1及注a-c""}]","[{""component"": ""燃烧源治理"", ""efficiency"": 0, ""reference"": ""表A.1燃烧源控制措施VOCs为0；CO按表D.1""}]",26.0190248,26.0190248,T/CSES 144-2024 7.2; 表D.1及注a-c,
SRC-RAW-B9D25D90184C1D6081DC,POWER,PM10,information_insufficient,产排污系数法/煤质物料衡算法,"[{""component"": ""燃料一"", ""fuel"": ""褐煤"", ""raw_amount"": null, ""unit"": ""吨"", ""generation_use"": 631943.91, ""heat_use"": 18531.71, ""amount"": 650475.62, ""sulfur"": ""0.510"", ""sulfur_unit"": ""%"", ""ash"": ""11.56"", ""source_row"": 67, ""derivation"": ""同单位发电消耗量+供热消耗量，指南7.2.1.2活动水平定义""}]","[{""component"": ""燃料一"", ""factor"": 18.77344, ""unit"": ""g/kg"", ""reference"": ""式(4)-(6)、表C.1-C.3；灰分质量分数；g/kg""}]",[],12211.6650235328,,式(4)-(6)、表C.1-C.3；灰分质量分数；g/kg,SOURCE_RELATION_MISSING
SRC-RAW-B9D25D90184C1D6081DC,POWER,PM2.5,information_insufficient,产排污系数法/煤质物料衡算法,"[{""component"": ""燃料一"", ""fuel"": ""褐煤"", ""raw_amount"": null, ""unit"": ""吨"", ""generation_use"": 631943.91, ""heat_use"": 18531.71, ""amount"": 650475.62, ""sulfur"": ""0.510"", ""sulfur_unit"": ""%"", ""ash"": ""11.56"", ""source_row"": 67, ""derivation"": ""同单位发电消耗量+供热消耗量，指南7.2.1.2活动水平定义""}]","[{""component"": ""燃料一"", ""factor"": 4.531520000000001, ""unit"": ""g/kg"", ""reference"": ""式(4)-(6)、表C.1-C.3；灰分质量分数；g/kg""}]",[],2947.643281542401,,式(4)-(6)、表C.1-C.3；灰分质量分数；g/kg,SOURCE_RELATION_MISSING
SRC-RAW-B9D25D90184C1D6081DC,POWER,BC,information_insufficient,产排污系数法/煤质物料衡算法,"[{""component"": ""燃料一"", ""fuel"": ""褐煤"", ""raw_amount"": null, ""unit"": ""吨"", ""generation_use"": 631943.91, ""heat_use"": 18531.71, ""amount"": 650475.62, ""sulfur"": ""0.510"", ""sulfur_unit"": ""%"", ""ash"": ""11.56"", ""source_row"": 67, ""derivation"": ""同单位发电消耗量+供热消耗量，指南7.2.1.2活动水平定义""}]","[{""component"": ""燃料一"", ""factor"": 0.009063040000000003, ""unit"": ""g/kg"", ""reference"": ""式(4)-(6)、表C.1-C.3；灰分质量分数；g/kg""}]",[],5.895286563084802,,式(4)-(6)、表C.1-C.3；灰分质量分数；g/kg,SOURCE_RELATION_MISSING
SRC-RAW-B9D25D90184C1D6081DC,POWER,OC,calculated,产排污系数法/煤质物料衡算法,"[{""component"": ""燃料一"", ""fuel"": ""褐煤"", ""raw_amount"": null, ""unit"": ""吨"", ""generation_use"": 631943.91, ""heat_use"": 18531.71, ""amount"": 650475.62, ""sulfur"": ""0.510"", ""sulfur_unit"": ""%"", ""ash"": ""11.56"", ""source_row"": 67, ""derivation"": ""同单位发电消耗量+供热消耗量，指南7.2.1.2活动水平定义""}]","[{""component"": ""燃料一"", ""factor"": 0, ""unit"": ""g/kg"", ""reference"": ""式(6)、表C.3；电力生产/热力生产和供应OC占比=0""}]",[],0.0,0,式(6)、表C.3；电力生产/热力生产和供应OC占比=0,
SRC-RAW-B9D25D90184C1D6081DC,POWER,NH3,not_involved,第7章核算范围,[],[],[],,,T/CSES 144-2024第7章、表D.1；未列NH3，未将缺省范围解释为零排放,OUTSIDE_CHAPTER7_POLLUTANT_SCOPE
SRC-RAW-755E6F80A48AC746200C,POWER,SO2,information_insufficient,产排污系数法/煤质物料衡算法,"[{""component"": ""燃料一"", ""fuel"": ""原煤"", ""raw_amount"": 749603.0, ""unit"": ""吨"", ""generation_use"": 749603.0, ""heat_use"": 0.0, ""amount"": 749603.0, ""sulfur"": ""0.545"", ""sulfur_unit"": ""%"", ""ash"": ""14.40"", ""source_row"": 68}, {""component"": ""燃料二"", ""fuel"": ""天然气"", ""raw_amount"": 47.0, ""unit"": ""万立方米"", ""generation_use"": 47.0, ""heat_use"": 0.0, ""amount"": 47.0, ""sulfur"": ""20.000"", ""sulfur_unit"": ""毫克/立方米"", ""ash"": ""0.00"", ""source_row"": 68}]","[{""component"": ""燃料一"", ""factor"": 9.264999999999999, ""unit"": ""g/kg"", ""reference"": ""式(3)、表C.1；S按质量分数；sr=0.15；g/kg""}, {""component"": ""燃料二"", ""factor"": 0, ""unit"": ""g/m3"", ""reference"": ""T/CSES 144-2024 7.2; 表D.1及注a-c""}]",[],6945.071794999999,,式(3)、表C.1；S按质量分数；sr=0.15；g/kg; T/CSES 144-2024 7.2; 表D.1及注a-c,SOURCE_RELATION_MISSING
SRC-RAW-755E6F80A48AC746200C,POWER,NOx,information_insufficient,产排污系数法/煤质物料衡算法,"[{""component"": ""燃料一"", ""fuel"": ""原煤"", ""raw_amount"": 749603.0, ""unit"": ""吨"", ""generation_use"": 749603.0, ""heat_use"": 0.0, ""amount"": 749603.0, ""sulfur"": ""0.545"", ""sulfur_unit"": ""%"", ""ash"": ""14.40"", ""source_row"": 68}, {""component"": ""燃料二"", ""fuel"": ""天然气"", ""raw_amount"": 47.0, ""unit"": ""万立方米"", ""generation_use"": 47.0, ""heat_use"": 0.0, ""amount"": 47.0, ""sulfur"": ""20.000"", ""sulfur_unit"": ""毫克/立方米"", ""ash"": ""0.00"", ""source_row"": 68}]","[{""component"": ""燃料一"", ""factor"": 7.21, ""unit"": ""g/kg"", ""reference"": ""T/CSES 144-2024 7.2; 表D.1及注a-c；万千瓦×10=MW""}, {""component"": ""燃料二"", ""factor"": 4.1, ""unit"": ""g/m3"", ""reference"": ""T/CSES 144-2024 7.2; 表D.1及注a-c""}]",[],5406.56463,,T/CSES 144-2024 7.2; 表D.1及注a-c；万千瓦×10=MW; T/CSES 144-2024 7.2; 表D.1及注a-c,SOURCE_RELATION_MISSING
SRC-RAW-755E6F80A48AC746200C,POWER,CO,calculated,产排污系数法/煤质物料衡算法,"[{""component"": ""燃料一"", ""fuel"": ""原煤"", ""raw_amount"": 749603.0, ""unit"": ""吨"", ""generation_use"": 749603.0, ""heat_use"": 0.0, ""amount"": 749603.0, ""sulfur"": ""0.545"", ""sulfur_unit"": ""%"", ""ash"": ""14.40"", ""source_row"": 68}, {""component"": ""燃料二"", ""fuel"": ""天然气"", ""raw_amount"": 47.0, ""unit"": ""万立方米"", ""generation_use"": 47.0, ""heat_use"": 0.0, ""amount"": 47.0, ""sulfur"": ""20.000"", ""sulfur_unit"": ""毫克/立方米"", ""ash"": ""0.00"", ""source_row"": 68}]","[{""component"": ""燃料一"", ""factor"": 2, ""unit"": ""g/kg"", ""reference"": ""T/CSES 144-2024 7.2; 表D.1及注a-c""}, {""component"": ""燃料二"", ""factor"": 1.3, ""unit"": ""g/m3"", ""reference"": ""T/CSES 144-2024 7.2; 表D.1及注a-c""}]","[{""component"": ""燃烧源治理"", ""efficiency"": 0, ""reference"": ""表A.1燃烧源控制措施VOCs为0；CO按表D.1""}]",1499.8170000000002,1499.8170000000002,T/CSES 144-2024 7.2; 表D.1及注a-c,
SRC-RAW-755E6F80A48AC746200C,POWER,VOC,calculated,产排污系数法/煤质物料衡算法,"[{""component"": ""燃料一"", ""fuel"": ""原煤"", ""raw_amount"": 749603.0, ""unit"": ""吨"", ""generation_use"": 749603.0, ""heat_use"": 0.0, ""amount"": 749603.0, ""sulfur"": ""0.545"", ""sulfur_unit"": ""%"", ""ash"": ""14.40"", ""source_row"": 68}, {""component"": ""燃料二"", ""fuel"": ""天然气"", ""raw_amount"": 47.0, ""unit"": ""万立方米"", ""generation_use"": 47.0, ""heat_use"": 0.0, ""amount"": 47.0, ""sulfur"": ""20.000"", ""sulfur_unit"": ""毫克/立方米"", ""ash"": ""0.00"", ""source_row"": 68}]","[{""component"": ""燃料一"", ""factor"": 0.04, ""unit"": ""g/kg"", ""reference"": ""T/CSES 144-2024 7.2; 表D.1及注a-c""}, {""component"": ""燃料二"", ""factor"": 0.02, ""unit"": ""g/m3"", ""reference"": ""T/CSES 144-2024 7.2; 表D.1及注a-c""}]","[{""component"": ""燃烧源治理"", ""efficiency"": 0, ""reference"": ""表A.1燃烧源控制措施VOCs为0；CO按表D.1""}]",29.99352,29.99352,T/CSES 144-2024 7.2; 表D.1及注a-c,
SRC-RAW-755E6F80A48AC746200C,POWER,PM10,information_insufficient,产排污系数法/煤质物料衡算法,"[{""component"": ""燃料一"", ""fuel"": ""原煤"", ""raw_amount"": 749603.0, ""unit"": ""吨"", ""generation_use"": 749603.0, ""heat_use"": 0.0, ""amount"": 749603.0, ""sulfur"": ""0.545"", ""sulfur_unit"": ""%"", ""ash"": ""14.40"", ""source_row"": 68}, {""component"": ""燃料二"", ""fuel"": ""天然气"", ""raw_amount"": 47.0, ""unit"": ""万立方米"", ""generation_use"": 47.0, ""heat_use"": 0.0, ""amount"": 47.0, ""sulfur"": ""20.000"", ""sulfur_unit"": ""毫克/立方米"", ""ash"": ""0.00"", ""source_row"": 68}]","[{""component"": ""燃料一"", ""factor"": 24.840000000000003, ""unit"": ""g/kg"", ""reference"": ""式(4)-(6)、表C.1-C.3；灰分质量分数；g/kg""}, {""component"": ""燃料二"", ""factor"": 0.03, ""unit"": ""g/m3"", ""reference"": ""T/CSES 144-2024 7.2; 表D.1及注a-c""}]",[],18620.152620000004,,式(4)-(6)、表C.1-C.3；灰分质量分数；g/kg; T/CSES 144-2024 7.2; 表D.1及注a-c,SOURCE_RELATION_MISSING
SRC-RAW-755E6F80A48AC746200C,POWER,PM2.5,information_insufficient,产排污系数法/煤质物料衡算法,"[{""component"": ""燃料一"", ""fuel"": ""原煤"", ""raw_amount"": 749603.0, ""unit"": ""吨"", ""generation_use"": 749603.0, ""heat_use"": 0.0, ""amount"": 749603.0, ""sulfur"": ""0.545"", ""sulfur_unit"": ""%"", ""ash"": ""14.40"", ""source_row"": 68}, {""component"": ""燃料二"", ""fuel"": ""天然气"", ""raw_amount"": 47.0, ""unit"": ""万立方米"", ""generation_use"": 47.0, ""heat_use"": 0.0, ""amount"": 47.0, ""sulfur"": ""20.000"", ""sulfur_unit"": ""毫克/立方米"", ""ash"": ""0.00"", ""source_row"": 68}]","[{""component"": ""燃料一"", ""factor"": 6.48, ""unit"": ""g/kg"", ""reference"": ""式(4)-(6)、表C.1-C.3；灰分质量分数；g/kg""}, {""component"": ""燃料二"", ""factor"": 0.03, ""unit"": ""g/m3"", ""reference"": ""T/CSES 144-2024 7.2; 表D.1及注a-c""}]",[],4857.441540000001,,式(4)-(6)、表C.1-C.3；灰分质量分数；g/kg; T/CSES 144-2024 7.2; 表D.1及注a-c,SOURCE_RELATION_MISSING
SRC-RAW-755E6F80A48AC746200C,POWER,BC,information_insufficient,产排污系数法/煤质物料衡算法,"[{""component"": ""燃料一"", ""fuel"": ""原煤"", ""raw_amount"": 749603.0, ""unit"": ""吨"", ""generation_use"": 749603.0, ""heat_use"": 0.0, ""amount"": 749603.0, ""sulfur"": ""0.545"", ""sulfur_unit"": ""%"", ""ash"": ""14.40"", ""source_row"": 68}, {""component"": ""燃料二"", ""fuel"": ""天然气"", ""raw_amount"": 47.0, ""unit"": ""万立方米"", ""generation_use"": 47.0, ""heat_use"": 0.0, ""amount"": 47.0, ""sulfur"": ""20.000"", ""sulfur_unit"": ""毫克/立方米"", ""ash"": ""0.00"", ""source_row"": 68}]","[{""component"": ""燃料一"", ""factor"": 0.012960000000000001, ""unit"": ""g/kg"", ""reference"": ""式(4)-(6)、表C.1-C.3；灰分质量分数；g/kg""}, {""component"": ""燃料二"", ""factor"": 0, ""unit"": ""g/m3"", ""reference"": ""T/CSES 144-2024 7.2; 表D.1及注a-c""}]",[],9.71485488,,式(4)-(6)、表C.1-C.3；灰分质量分数；g/kg; T/CSES 144-2024 7.2; 表D.1及注a-c,SOURCE_RELATION_MISSING
SRC-RAW-755E6F80A48AC746200C,POWER,OC,calculated,产排污系数法/煤质物料衡算法,"[{""component"": ""燃料一"", ""fuel"": ""原煤"", ""raw_amount"": 749603.0, ""unit"": ""吨"", ""generation_use"": 749603.0, ""heat_use"": 0.0, ""amount"": 749603.0, ""sulfur"": ""0.545"", ""sulfur_unit"": ""%"", ""ash"": ""14.40"", ""source_row"": 68}, {""component"": ""燃料二"", ""fuel"": ""天然气"", ""raw_amount"": 47.0, ""unit"": ""万立方米"", ""generation_use"": 47.0, ""heat_use"": 0.0, ""amount"": 47.0, ""sulfur"": ""20.000"", ""sulfur_unit"": ""毫克/立方米"", ""ash"": ""0.00"", ""source_row"": 68}]","[{""component"": ""燃料一"", ""factor"": 0, ""unit"": ""g/kg"", ""reference"": ""式(6)、表C.3；电力生产/热力生产和供应OC占比=0""}, {""component"": ""燃料二"", ""factor"": 0, ""unit"": ""g/m3"", ""reference"": ""T/CSES 144-2024 7.2; 表D.1及注a-c""}]",[],0.0,0,式(6)、表C.3；电力生产/热力生产和供应OC占比=0; T/CSES 144-2024 7.2; 表D.1及注a-c,
SRC-RAW-755E6F80A48AC746200C,POWER,NH3,not_involved,第7章核算范围,[],[],[],,,T/CSES 144-2024第7章、表D.1；未列NH3，未将缺省范围解释为零排放,OUTSIDE_CHAPTER7_POLLUTANT_SCOPE
SRC-RAW-72233F12645656D2C844,POWER,SO2,information_insufficient,产排污系数法/煤质物料衡算法,"[{""component"": ""燃料一"", ""fuel"": ""原煤"", ""raw_amount"": 756320.0, ""unit"": ""吨"", ""generation_use"": 755990.0, ""heat_use"": 330.0, ""amount"": 756320.0, ""sulfur"": null, ""sulfur_unit"": ""%"", ""ash"": ""14.40"", ""source_row"": 69}, {""component"": ""燃料二"", ""fuel"": ""天然气"", ""raw_amount"": 51.0, ""unit"": ""万立方米"", ""generation_use"": 31.0, ""heat_use"": 20.0, ""amount"": 51.0, ""sulfur"": ""20.000"", ""sulfur_unit"": ""毫克/立方米"", ""ash"": ""0.00"", ""source_row"": 69}]","[{""component"": ""燃料一"", ""factor"": null, ""unit"": ""g/kg"", ""reference"": ""式(3)、表C.1；收到基硫分缺失""}, {""component"": ""燃料二"", ""factor"": 0, ""unit"": ""g/m3"", ""reference"": ""T/CSES 144-2024 7.2; 表D.1及注a-c""}]",[],,,式(3)、表C.1；收到基硫分缺失; T/CSES 144-2024 7.2; 表D.1及注a-c,POLLUTANT_PARAMETER_MISSING
SRC-RAW-72233F12645656D2C844,POWER,NOx,information_insufficient,产排污系数法/煤质物料衡算法,"[{""component"": ""燃料一"", ""fuel"": ""原煤"", ""raw_amount"": 756320.0, ""unit"": ""吨"", ""generation_use"": 755990.0, ""heat_use"": 330.0, ""amount"": 756320.0, ""sulfur"": null, ""sulfur_unit"": ""%"", ""ash"": ""14.40"", ""source_row"": 69}, {""component"": ""燃料二"", ""fuel"": ""天然气"", ""raw_amount"": 51.0, ""unit"": ""万立方米"", ""generation_use"": 31.0, ""heat_use"": 20.0, ""amount"": 51.0, ""sulfur"": ""20.000"", ""sulfur_unit"": ""毫克/立方米"", ""ash"": ""0.00"", ""source_row"": 69}]","[{""component"": ""燃料一"", ""factor"": 7.21, ""unit"": ""g/kg"", ""reference"": ""T/CSES 144-2024 7.2; 表D.1及注a-c；万千瓦×10=MW""}, {""component"": ""燃料二"", ""factor"": 4.1, ""unit"": ""g/m3"", ""reference"": ""T/CSES 144-2024 7.2; 表D.1及注a-c""}]",[],5455.158200000001,,T/CSES 144-2024 7.2; 表D.1及注a-c；万千瓦×10=MW; T/CSES 144-2024 7.2; 表D.1及注a-c,SOURCE_RELATION_MISSING
SRC-RAW-72233F12645656D2C844,POWER,CO,calculated,产排污系数法/煤质物料衡算法,"[{""component"": ""燃料一"", ""fuel"": ""原煤"", ""raw_amount"": 756320.0, ""unit"": ""吨"", ""generation_use"": 755990.0, ""heat_use"": 330.0, ""amount"": 756320.0, ""sulfur"": null, ""sulfur_unit"": ""%"", ""ash"": ""14.40"", ""source_row"": 69}, {""component"": ""燃料二"", ""fuel"": ""天然气"", ""raw_amount"": 51.0, ""unit"": ""万立方米"", ""generation_use"": 31.0, ""heat_use"": 20.0, ""amount"": 51.0, ""sulfur"": ""20.000"", ""sulfur_unit"": ""毫克/立方米"", ""ash"": ""0.00"", ""source_row"": 69}]","[{""component"": ""燃料一"", ""factor"": 2, ""unit"": ""g/kg"", ""reference"": ""T/CSES 144-2024 7.2; 表D.1及注a-c""}, {""component"": ""燃料二"", ""factor"": 1.3, ""unit"": ""g/m3"", ""reference"": ""T/CSES 144-2024 7.2; 表D.1及注a-c""}]","[{""component"": ""燃烧源治理"", ""efficiency"": 0, ""reference"": ""表A.1燃烧源控制措施VOCs为0；CO按表D.1""}]",1513.303,1513.303,T/CSES 144-2024 7.2; 表D.1及注a-c,
SRC-RAW-72233F12645656D2C844,POWER,VOC,calculated,产排污系数法/煤质物料衡算法,"[{""component"": ""燃料一"", ""fuel"": ""原煤"", ""raw_amount"": 756320.0, ""unit"": ""吨"", ""generation_use"": 755990.0, ""heat_use"": 330.0, ""amount"": 756320.0, ""sulfur"": null, ""sulfur_unit"": ""%"", ""ash"": ""14.40"", ""source_row"": 69}, {""component"": ""燃料二"", ""fuel"": ""天然气"", ""raw_amount"": 51.0, ""unit"": ""万立方米"", ""generation_use"": 31.0, ""heat_use"": 20.0, ""amount"": 51.0, ""sulfur"": ""20.000"", ""sulfur_unit"": ""毫克/立方米"", ""ash"": ""0.00"", ""source_row"": 69}]","[{""component"": ""燃料一"", ""factor"": 0.04, ""unit"": ""g/kg"", ""reference"": ""T/CSES 144-2024 7.2; 表D.1及注a-c""}, {""component"": ""燃料二"", ""factor"": 0.02, ""unit"": ""g/m3"", ""reference"": ""T/CSES 144-2024 7.2; 表D.1及注a-c""}]","[{""component"": ""燃烧源治理"", ""efficiency"": 0, ""reference"": ""表A.1燃烧源控制措施VOCs为0；CO按表D.1""}]",30.263,30.263,T/CSES 144-2024 7.2; 表D.1及注a-c,
SRC-RAW-72233F12645656D2C844,POWER,PM10,information_insufficient,产排污系数法/煤质物料衡算法,"[{""component"": ""燃料一"", ""fuel"": ""原煤"", ""raw_amount"": 756320.0, ""unit"": ""吨"", ""generation_use"": 755990.0, ""heat_use"": 330.0, ""amount"": 756320.0, ""sulfur"": null, ""sulfur_unit"": ""%"", ""ash"": ""14.40"", ""source_row"": 69}, {""component"": ""燃料二"", ""fuel"": ""天然气"", ""raw_amount"": 51.0, ""unit"": ""万立方米"", ""generation_use"": 31.0, ""heat_use"": 20.0, ""amount"": 51.0, ""sulfur"": ""20.000"", ""sulfur_unit"": ""毫克/立方米"", ""ash"": ""0.00"", ""source_row"": 69}]","[{""component"": ""燃料一"", ""factor"": 24.840000000000003, ""unit"": ""g/kg"", ""reference"": ""式(4)-(6)、表C.1-C.3；灰分质量分数；g/kg""}, {""component"": ""燃料二"", ""factor"": 0.03, ""unit"": ""g/m3"", ""reference"": ""T/CSES 144-2024 7.2; 表D.1及注a-c""}]",[],18787.004100000002,,式(4)-(6)、表C.1-C.3；灰分质量分数；g/kg; T/CSES 144-2024 7.2; 表D.1及注a-c,SOURCE_RELATION_MISSING
SRC-RAW-72233F12645656D2C844,POWER,PM2.5,information_insufficient,产排污系数法/煤质物料衡算法,"[{""component"": ""燃料一"", ""fuel"": ""原煤"", ""raw_amount"": 756320.0, ""unit"": ""吨"", ""generation_use"": 755990.0, ""heat_use"": 330.0, ""amount"": 756320.0, ""sulfur"": null, ""sulfur_unit"": ""%"", ""ash"": ""14.40"", ""source_row"": 69}, {""component"": ""燃料二"", ""fuel"": ""天然气"", ""raw_amount"": 51.0, ""unit"": ""万立方米"", ""generation_use"": 31.0, ""heat_use"": 20.0, ""amount"": 51.0, ""sulfur"": ""20.000"", ""sulfur_unit"": ""毫克/立方米"", ""ash"": ""0.00"", ""source_row"": 69}]","[{""component"": ""燃料一"", ""factor"": 6.48, ""unit"": ""g/kg"", ""reference"": ""式(4)-(6)、表C.1-C.3；灰分质量分数；g/kg""}, {""component"": ""燃料二"", ""factor"": 0.03, ""unit"": ""g/m3"", ""reference"": ""T/CSES 144-2024 7.2; 表D.1及注a-c""}]",[],4900.968900000001,,式(4)-(6)、表C.1-C.3；灰分质量分数；g/kg; T/CSES 144-2024 7.2; 表D.1及注a-c,SOURCE_RELATION_MISSING
SRC-RAW-72233F12645656D2C844,POWER,BC,information_insufficient,产排污系数法/煤质物料衡算法,"[{""component"": ""燃料一"", ""fuel"": ""原煤"", ""raw_amount"": 756320.0, ""unit"": ""吨"", ""generation_use"": 755990.0, ""heat_use"": 330.0, ""amount"": 756320.0, ""sulfur"": null, ""sulfur_unit"": ""%"", ""ash"": ""14.40"", ""source_row"": 69}, {""component"": ""燃料二"", ""fuel"": ""天然气"", ""raw_amount"": 51.0, ""unit"": ""万立方米"", ""generation_use"": 31.0, ""heat_use"": 20.0, ""amount"": 51.0, ""sulfur"": ""20.000"", ""sulfur_unit"": ""毫克/立方米"", ""ash"": ""0.00"", ""source_row"": 69}]","[{""component"": ""燃料一"", ""factor"": 0.012960000000000001, ""unit"": ""g/kg"", ""reference"": ""式(4)-(6)、表C.1-C.3；灰分质量分数；g/kg""}, {""component"": ""燃料二"", ""factor"": 0, ""unit"": ""g/m3"", ""reference"": ""T/CSES 144-2024 7.2; 表D.1及注a-c""}]",[],9.801907200000002,,式(4)-(6)、表C.1-C.3；灰分质量分数；g/kg; T/CSES 144-2024 7.2; 表D.1及注a-c,SOURCE_RELATION_MISSING
SRC-RAW-72233F12645656D2C844,POWER,OC,calculated,产排污系数法/煤质物料衡算法,"[{""component"": ""燃料一"", ""fuel"": ""原煤"", ""raw_amount"": 756320.0, ""unit"": ""吨"", ""generation_use"": 755990.0, ""heat_use"": 330.0, ""amount"": 756320.0, ""sulfur"": null, ""sulfur_unit"": ""%"", ""ash"": ""14.40"", ""source_row"": 69}, {""component"": ""燃料二"", ""fuel"": ""天然气"", ""raw_amount"": 51.0, ""unit"": ""万立方米"", ""generation_use"": 31.0, ""heat_use"": 20.0, ""amount"": 51.0, ""sulfur"": ""20.000"", ""sulfur_unit"": ""毫克/立方米"", ""ash"": ""0.00"", ""source_row"": 69}]","[{""component"": ""燃料一"", ""factor"": 0, ""unit"": ""g/kg"", ""reference"": ""式(6)、表C.3；电力生产/热力生产和供应OC占比=0""}, {""component"": ""燃料二"", ""factor"": 0, ""unit"": ""g/m3"", ""reference"": ""T/CSES 144-2024 7.2; 表D.1及注a-c""}]",[],0.0,0,式(6)、表C.3；电力生产/热力生产和供应OC占比=0; T/CSES 144-2024 7.2; 表D.1及注a-c,
SRC-RAW-72233F12645656D2C844,POWER,NH3,not_involved,第7章核算范围,[],[],[],,,T/CSES 144-2024第7章、表D.1；未列NH3，未将缺省范围解释为零排放,OUTSIDE_CHAPTER7_POLLUTANT_SCOPE
SRC-RAW-CB1B81AA30BD9D6FB18E,POWER,SO2,information_insufficient,产排污系数法/煤质物料衡算法,"[{""component"": ""燃料一"", ""fuel"": ""天然气"", ""raw_amount"": 28000.54, ""unit"": ""万立方米"", ""generation_use"": 28000.54, ""heat_use"": 0.0, ""amount"": 28000.54, ""sulfur"": null, ""sulfur_unit"": ""毫克/立方米"", ""ash"": null, ""source_row"": 77}]","[{""component"": ""燃料一"", ""factor"": null, ""unit"": ""g/m3"", ""reference"": ""T/CSES 144-2024 7.2; 表D.1及注a-c；未提供该设备技术的对应系数""}]",[],,,T/CSES 144-2024 7.2; 表D.1及注a-c；未提供该设备技术的对应系数,FACTOR_NOT_APPLICABLE
SRC-RAW-CB1B81AA30BD9D6FB18E,POWER,NOx,information_insufficient,产排污系数法/煤质物料衡算法,"[{""component"": ""燃料一"", ""fuel"": ""天然气"", ""raw_amount"": 28000.54, ""unit"": ""万立方米"", ""generation_use"": 28000.54, ""heat_use"": 0.0, ""amount"": 28000.54, ""sulfur"": null, ""sulfur_unit"": ""毫克/立方米"", ""ash"": null, ""source_row"": 77}]","[{""component"": ""燃料一"", ""factor"": null, ""unit"": ""g/m3"", ""reference"": ""T/CSES 144-2024 7.2; 表D.1及注a-c；未提供该设备技术的对应系数""}]",[],,,T/CSES 144-2024 7.2; 表D.1及注a-c；未提供该设备技术的对应系数,FACTOR_NOT_APPLICABLE
SRC-RAW-CB1B81AA30BD9D6FB18E,POWER,CO,information_insufficient,产排污系数法/煤质物料衡算法,"[{""component"": ""燃料一"", ""fuel"": ""天然气"", ""raw_amount"": 28000.54, ""unit"": ""万立方米"", ""generation_use"": 28000.54, ""heat_use"": 0.0, ""amount"": 28000.54, ""sulfur"": null, ""sulfur_unit"": ""毫克/立方米"", ""ash"": null, ""source_row"": 77}]","[{""component"": ""燃料一"", ""factor"": null, ""unit"": ""g/m3"", ""reference"": ""T/CSES 144-2024 7.2; 表D.1及注a-c；未提供该设备技术的对应系数""}]",[],,,T/CSES 144-2024 7.2; 表D.1及注a-c；未提供该设备技术的对应系数,FACTOR_NOT_APPLICABLE
SRC-RAW-CB1B81AA30BD9D6FB18E,POWER,VOC,information_insufficient,产排污系数法/煤质物料衡算法,"[{""component"": ""燃料一"", ""fuel"": ""天然气"", ""raw_amount"": 28000.54, ""unit"": ""万立方米"", ""generation_use"": 28000.54, ""heat_use"": 0.0, ""amount"": 28000.54, ""sulfur"": null, ""sulfur_unit"": ""毫克/立方米"", ""ash"": null, ""source_row"": 77}]","[{""component"": ""燃料一"", ""factor"": null, ""unit"": ""g/m3"", ""reference"": ""T/CSES 144-2024 7.2; 表D.1及注a-c；未提供该设备技术的对应系数""}]",[],,,T/CSES 144-2024 7.2; 表D.1及注a-c；未提供该设备技术的对应系数,FACTOR_NOT_APPLICABLE
SRC-RAW-CB1B81AA30BD9D6FB18E,POWER,PM10,information_insufficient,产排污系数法/煤质物料衡算法,"[{""component"": ""燃料一"", ""fuel"": ""天然气"", ""raw_amount"": 28000.54, ""unit"": ""万立方米"", ""generation_use"": 28000.54, ""heat_use"": 0.0, ""amount"": 28000.54, ""sulfur"": null, ""sulfur_unit"": ""毫克/立方米"", ""ash"": null, ""source_row"": 77}]","[{""component"": ""燃料一"", ""factor"": null, ""unit"": ""g/m3"", ""reference"": ""T/CSES 144-2024 7.2; 表D.1及注a-c；未提供该设备技术的对应系数""}]",[],,,T/CSES 144-2024 7.2; 表D.1及注a-c；未提供该设备技术的对应系数,FACTOR_NOT_APPLICABLE
SRC-RAW-CB1B81AA30BD9D6FB18E,POWER,PM2.5,information_insufficient,产排污系数法/煤质物料衡算法,"[{""component"": ""燃料一"", ""fuel"": ""天然气"", ""raw_amount"": 28000.54, ""unit"": ""万立方米"", ""generation_use"": 28000.54, ""heat_use"": 0.0, ""amount"": 28000.54, ""sulfur"": null, ""sulfur_unit"": ""毫克/立方米"", ""ash"": null, ""source_row"": 77}]","[{""component"": ""燃料一"", ""factor"": null, ""unit"": ""g/m3"", ""reference"": ""T/CSES 144-2024 7.2; 表D.1及注a-c；未提供该设备技术的对应系数""}]",[],,,T/CSES 144-2024 7.2; 表D.1及注a-c；未提供该设备技术的对应系数,FACTOR_NOT_APPLICABLE
SRC-RAW-CB1B81AA30BD9D6FB18E,POWER,BC,information_insufficient,产排污系数法/煤质物料衡算法,"[{""component"": ""燃料一"", ""fuel"": ""天然气"", ""raw_amount"": 28000.54, ""unit"": ""万立方米"", ""generation_use"": 28000.54, ""heat_use"": 0.0, ""amount"": 28000.54, ""sulfur"": null, ""sulfur_unit"": ""毫克/立方米"", ""ash"": null, ""source_row"": 77}]","[{""component"": ""燃料一"", ""factor"": null, ""unit"": ""g/m3"", ""reference"": ""T/CSES 144-2024 7.2; 表D.1及注a-c；未提供该设备技术的对应系数""}]",[],,,T/CSES 144-2024 7.2; 表D.1及注a-c；未提供该设备技术的对应系数,FACTOR_NOT_APPLICABLE
SRC-RAW-CB1B81AA30BD9D6FB18E,POWER,OC,information_insufficient,产排污系数法/煤质物料衡算法,"[{""component"": ""燃料一"", ""fuel"": ""天然气"", ""raw_amount"": 28000.54, ""unit"": ""万立方米"", ""generation_use"": 28000.54, ""heat_use"": 0.0, ""amount"": 28000.54, ""sulfur"": null, ""sulfur_unit"": ""毫克/立方米"", ""ash"": null, ""source_row"": 77}]","[{""component"": ""燃料一"", ""factor"": null, ""unit"": ""g/m3"", ""reference"": ""T/CSES 144-2024 7.2; 表D.1及注a-c；未提供该设备技术的对应系数""}]",[],,,T/CSES 144-2024 7.2; 表D.1及注a-c；未提供该设备技术的对应系数,FACTOR_NOT_APPLICABLE
SRC-RAW-CB1B81AA30BD9D6FB18E,POWER,NH3,not_involved,第7章核算范围,[],[],[],,,T/CSES 144-2024第7章、表D.1；未列NH3，未将缺省范围解释为零排放,OUTSIDE_CHAPTER7_POLLUTANT_SCOPE
SRC-RAW-7C1A45CA61EBF52066B0,POWER,SO2,information_insufficient,产排污系数法/煤质物料衡算法,"[{""component"": ""燃料一"", ""fuel"": ""褐煤"", ""raw_amount"": 2734873.24, ""unit"": ""吨"", ""generation_use"": 2734873.24, ""heat_use"": 0.0, ""amount"": 2734873.24, ""sulfur"": ""0.580"", ""sulfur_unit"": ""%"", ""ash"": ""12.90"", ""source_row"": 78}, {""component"": ""燃料二"", ""fuel"": ""柴油"", ""raw_amount"": 551.44, ""unit"": ""吨"", ""generation_use"": 551.44, ""heat_use"": 0.0, ""amount"": 551.44, ""sulfur"": ""0.005"", ""sulfur_unit"": ""%"", ""ash"": null, ""source_row"": 78}]","[{""component"": ""燃料一"", ""factor"": 9.86, ""unit"": ""g/kg"", ""reference"": ""式(3)、表C.1；S按质量分数；sr=0.15；g/kg""}, {""component"": ""燃料二"", ""factor"": 3, ""unit"": ""g/kg"", ""reference"": ""T/CSES 144-2024 7.2; 表D.1及注a-c""}]",[],26967.5044664,,式(3)、表C.1；S按质量分数；sr=0.15；g/kg; T/CSES 144-2024 7.2; 表D.1及注a-c,SOURCE_RELATION_MISSING
SRC-RAW-7C1A45CA61EBF52066B0,POWER,NOx,information_insufficient,产排污系数法/煤质物料衡算法,"[{""component"": ""燃料一"", ""fuel"": ""褐煤"", ""raw_amount"": 2734873.24, ""unit"": ""吨"", ""generation_use"": 2734873.24, ""heat_use"": 0.0, ""amount"": 2734873.24, ""sulfur"": ""0.580"", ""sulfur_unit"": ""%"", ""ash"": ""12.90"", ""source_row"": 78}, {""component"": ""燃料二"", ""fuel"": ""柴油"", ""raw_amount"": 551.44, ""unit"": ""吨"", ""generation_use"": 551.44, ""heat_use"": 0.0, ""amount"": 551.44, ""sulfur"": ""0.005"", ""sulfur_unit"": ""%"", ""ash"": null, ""source_row"": 78}]","[{""component"": ""燃料一"", ""factor"": 7.21, ""unit"": ""g/kg"", ""reference"": ""T/CSES 144-2024 7.2; 表D.1及注a-c；万千瓦×10=MW""}, {""component"": ""燃料二"", ""factor"": 7.4, ""unit"": ""g/kg"", ""reference"": ""T/CSES 144-2024 7.2; 表D.1及注a-c""}]",[],19722.5167164,,T/CSES 144-2024 7.2; 表D.1及注a-c；万千瓦×10=MW; T/CSES 144-2024 7.2; 表D.1及注a-c,SOURCE_RELATION_MISSING
SRC-RAW-7C1A45CA61EBF52066B0,POWER,CO,calculated,产排污系数法/煤质物料衡算法,"[{""component"": ""燃料一"", ""fuel"": ""褐煤"", ""raw_amount"": 2734873.24, ""unit"": ""吨"", ""generation_use"": 2734873.24, ""heat_use"": 0.0, ""amount"": 2734873.24, ""sulfur"": ""0.580"", ""sulfur_unit"": ""%"", ""ash"": ""12.90"", ""source_row"": 78}, {""component"": ""燃料二"", ""fuel"": ""柴油"", ""raw_amount"": 551.44, ""unit"": ""吨"", ""generation_use"": 551.44, ""heat_use"": 0.0, ""amount"": 551.44, ""sulfur"": ""0.005"", ""sulfur_unit"": ""%"", ""ash"": null, ""source_row"": 78}]","[{""component"": ""燃料一"", ""factor"": 2, ""unit"": ""g/kg"", ""reference"": ""T/CSES 144-2024 7.2; 表D.1及注a-c""}, {""component"": ""燃料二"", ""factor"": 0.6, ""unit"": ""g/kg"", ""reference"": ""T/CSES 144-2024 7.2; 表D.1及注a-c""}]","[{""component"": ""燃烧源治理"", ""efficiency"": 0, ""reference"": ""表A.1燃烧源控制措施VOCs为0；CO按表D.1""}]",5470.077344,5470.077344,T/CSES 144-2024 7.2; 表D.1及注a-c,
SRC-RAW-7C1A45CA61EBF52066B0,POWER,VOC,calculated,产排污系数法/煤质物料衡算法,"[{""component"": ""燃料一"", ""fuel"": ""褐煤"", ""raw_amount"": 2734873.24, ""unit"": ""吨"", ""generation_use"": 2734873.24, ""heat_use"": 0.0, ""amount"": 2734873.24, ""sulfur"": ""0.580"", ""sulfur_unit"": ""%"", ""ash"": ""12.90"", ""source_row"": 78}, {""component"": ""燃料二"", ""fuel"": ""柴油"", ""raw_amount"": 551.44, ""unit"": ""吨"", ""generation_use"": 551.44, ""heat_use"": 0.0, ""amount"": 551.44, ""sulfur"": ""0.005"", ""sulfur_unit"": ""%"", ""ash"": null, ""source_row"": 78}]","[{""component"": ""燃料一"", ""factor"": 0.04, ""unit"": ""g/kg"", ""reference"": ""T/CSES 144-2024 7.2; 表D.1及注a-c""}, {""component"": ""燃料二"", ""factor"": 0.13, ""unit"": ""g/kg"", ""reference"": ""T/CSES 144-2024 7.2; 表D.1及注a-c""}]","[{""component"": ""燃烧源治理"", ""efficiency"": 0, ""reference"": ""表A.1燃烧源控制措施VOCs为0；CO按表D.1""}]",109.46661680000003,109.46661680000003,T/CSES 144-2024 7.2; 表D.1及注a-c,
SRC-RAW-7C1A45CA61EBF52066B0,POWER,PM10,information_insufficient,产排污系数法/煤质物料衡算法,"[{""component"": ""燃料一"", ""fuel"": ""褐煤"", ""raw_amount"": 2734873.24, ""unit"": ""吨"", ""generation_use"": 2734873.24, ""heat_use"": 0.0, ""amount"": 2734873.24, ""sulfur"": ""0.580"", ""sulfur_unit"": ""%"", ""ash"": ""12.90"", ""source_row"": 78}, {""component"": ""燃料二"", ""fuel"": ""柴油"", ""raw_amount"": 551.44, ""unit"": ""吨"", ""generation_use"": 551.44, ""heat_use"": 0.0, ""amount"": 551.44, ""sulfur"": ""0.005"", ""sulfur_unit"": ""%"", ""ash"": null, ""source_row"": 78}]","[{""component"": ""燃料一"", ""factor"": 22.2525, ""unit"": ""g/kg"", ""reference"": ""式(4)-(6)、表C.1-C.3；灰分质量分数；g/kg""}, {""component"": ""燃料二"", ""factor"": 0.5, ""unit"": ""g/kg"", ""reference"": ""T/CSES 144-2024 7.2; 表D.1及注a-c""}]",[],60858.04249310001,,式(4)-(6)、表C.1-C.3；灰分质量分数；g/kg; T/CSES 144-2024 7.2; 表D.1及注a-c,SOURCE_RELATION_MISSING
SRC-RAW-7C1A45CA61EBF52066B0,POWER,PM2.5,information_insufficient,产排污系数法/煤质物料衡算法,"[{""component"": ""燃料一"", ""fuel"": ""褐煤"", ""raw_amount"": 2734873.24, ""unit"": ""吨"", ""generation_use"": 2734873.24, ""heat_use"": 0.0, ""amount"": 2734873.24, ""sulfur"": ""0.580"", ""sulfur_unit"": ""%"", ""ash"": ""12.90"", ""source_row"": 78}, {""component"": ""燃料二"", ""fuel"": ""柴油"", ""raw_amount"": 551.44, ""unit"": ""吨"", ""generation_use"": 551.44, ""heat_use"": 0.0, ""amount"": 551.44, ""sulfur"": ""0.005"", ""sulfur_unit"": ""%"", ""ash"": null, ""source_row"": 78}]","[{""component"": ""燃料一"", ""factor"": 5.805000000000001, ""unit"": ""g/kg"", ""reference"": ""式(4)-(6)、表C.1-C.3；灰分质量分数；g/kg""}, {""component"": ""燃料二"", ""factor"": 0.5, ""unit"": ""g/kg"", ""reference"": ""T/CSES 144-2024 7.2; 表D.1及注a-c""}]",[],15876.214878200004,,式(4)-(6)、表C.1-C.3；灰分质量分数；g/kg; T/CSES 144-2024 7.2; 表D.1及注a-c,SOURCE_RELATION_MISSING
SRC-RAW-7C1A45CA61EBF52066B0,POWER,BC,information_insufficient,产排污系数法/煤质物料衡算法,"[{""component"": ""燃料一"", ""fuel"": ""褐煤"", ""raw_amount"": 2734873.24, ""unit"": ""吨"", ""generation_use"": 2734873.24, ""heat_use"": 0.0, ""amount"": 2734873.24, ""sulfur"": ""0.580"", ""sulfur_unit"": ""%"", ""ash"": ""12.90"", ""source_row"": 78}, {""component"": ""燃料二"", ""fuel"": ""柴油"", ""raw_amount"": 551.44, ""unit"": ""吨"", ""generation_use"": 551.44, ""heat_use"": 0.0, ""amount"": 551.44, ""sulfur"": ""0.005"", ""sulfur_unit"": ""%"", ""ash"": null, ""source_row"": 78}]","[{""component"": ""燃料一"", ""factor"": 0.01161, ""unit"": ""g/kg"", ""reference"": ""式(4)-(6)、表C.1-C.3；灰分质量分数；g/kg""}, {""component"": ""燃料二"", ""factor"": 0.01, ""unit"": ""g/kg"", ""reference"": ""T/CSES 144-2024 7.2; 表D.1及注a-c""}]",[],31.757392716400005,,式(4)-(6)、表C.1-C.3；灰分质量分数；g/kg; T/CSES 144-2024 7.2; 表D.1及注a-c,SOURCE_RELATION_MISSING
SRC-RAW-7C1A45CA61EBF52066B0,POWER,OC,information_insufficient,产排污系数法/煤质物料衡算法,"[{""component"": ""燃料一"", ""fuel"": ""褐煤"", ""raw_amount"": 2734873.24, ""unit"": ""吨"", ""generation_use"": 2734873.24, ""heat_use"": 0.0, ""amount"": 2734873.24, ""sulfur"": ""0.580"", ""sulfur_unit"": ""%"", ""ash"": ""12.90"", ""source_row"": 78}, {""component"": ""燃料二"", ""fuel"": ""柴油"", ""raw_amount"": 551.44, ""unit"": ""吨"", ""generation_use"": 551.44, ""heat_use"": 0.0, ""amount"": 551.44, ""sulfur"": ""0.005"", ""sulfur_unit"": ""%"", ""ash"": null, ""source_row"": 78}]","[{""component"": ""燃料一"", ""factor"": 0, ""unit"": ""g/kg"", ""reference"": ""式(6)、表C.3；电力生产/热力生产和供应OC占比=0""}, {""component"": ""燃料二"", ""factor"": 0.04, ""unit"": ""g/kg"", ""reference"": ""T/CSES 144-2024 7.2; 表D.1及注a-c""}]",[],0.022057600000000004,,式(6)、表C.3；电力生产/热力生产和供应OC占比=0; T/CSES 144-2024 7.2; 表D.1及注a-c,SOURCE_RELATION_MISSING
SRC-RAW-7C1A45CA61EBF52066B0,POWER,NH3,not_involved,第7章核算范围,[],[],[],,,T/CSES 144-2024第7章、表D.1；未列NH3，未将缺省范围解释为零排放,OUTSIDE_CHAPTER7_POLLUTANT_SCOPE
SRC-RAW-6F0411A459B438D419BD,POWER,SO2,information_insufficient,产排污系数法/煤质物料衡算法,"[{""component"": ""燃料一"", ""fuel"": ""褐煤"", ""raw_amount"": 2828111.76, ""unit"": ""吨"", ""generation_use"": 2828111.76, ""heat_use"": 0.0, ""amount"": 2828111.76, ""sulfur"": ""0.580"", ""sulfur_unit"": ""%"", ""ash"": null, ""source_row"": 79}, {""component"": ""燃料二"", ""fuel"": ""柴油"", ""raw_amount"": 327.67, ""unit"": ""吨"", ""generation_use"": 327.67, ""heat_use"": 0.0, ""amount"": 327.67, ""sulfur"": ""0.005"", ""sulfur_unit"": ""%"", ""ash"": null, ""source_row"": 79}]","[{""component"": ""燃料一"", ""factor"": 9.86, ""unit"": ""g/kg"", ""reference"": ""式(3)、表C.1；S按质量分数；sr=0.15；g/kg""}, {""component"": ""燃料二"", ""factor"": 3, ""unit"": ""g/kg"", ""reference"": ""T/CSES 144-2024 7.2; 表D.1及注a-c""}]",[],27886.164963599997,,式(3)、表C.1；S按质量分数；sr=0.15；g/kg; T/CSES 144-2024 7.2; 表D.1及注a-c,SOURCE_RELATION_MISSING
SRC-RAW-6F0411A459B438D419BD,POWER,NOx,information_insufficient,产排污系数法/煤质物料衡算法,"[{""component"": ""燃料一"", ""fuel"": ""褐煤"", ""raw_amount"": 2828111.76, ""unit"": ""吨"", ""generation_use"": 2828111.76, ""heat_use"": 0.0, ""amount"": 2828111.76, ""sulfur"": ""0.580"", ""sulfur_unit"": ""%"", ""ash"": null, ""source_row"": 79}, {""component"": ""燃料二"", ""fuel"": ""柴油"", ""raw_amount"": 327.67, ""unit"": ""吨"", ""generation_use"": 327.67, ""heat_use"": 0.0, ""amount"": 327.67, ""sulfur"": ""0.005"", ""sulfur_unit"": ""%"", ""ash"": null, ""source_row"": 79}]","[{""component"": ""燃料一"", ""factor"": 7.21, ""unit"": ""g/kg"", ""reference"": ""T/CSES 144-2024 7.2; 表D.1及注a-c；万千瓦×10=MW""}, {""component"": ""燃料二"", ""factor"": 7.4, ""unit"": ""g/kg"", ""reference"": ""T/CSES 144-2024 7.2; 表D.1及注a-c""}]",[],20393.1105476,,T/CSES 144-2024 7.2; 表D.1及注a-c；万千瓦×10=MW; T/CSES 144-2024 7.2; 表D.1及注a-c,SOURCE_RELATION_MISSING
SRC-RAW-6F0411A459B438D419BD,POWER,CO,calculated,产排污系数法/煤质物料衡算法,"[{""component"": ""燃料一"", ""fuel"": ""褐煤"", ""raw_amount"": 2828111.76, ""unit"": ""吨"", ""generation_use"": 2828111.76, ""heat_use"": 0.0, ""amount"": 2828111.76, ""sulfur"": ""0.580"", ""sulfur_unit"": ""%"", ""ash"": null, ""source_row"": 79}, {""component"": ""燃料二"", ""fuel"": ""柴油"", ""raw_amount"": 327.67, ""unit"": ""吨"", ""generation_use"": 327.67, ""heat_use"": 0.0, ""amount"": 327.67, ""sulfur"": ""0.005"", ""sulfur_unit"": ""%"", ""ash"": null, ""source_row"": 79}]","[{""component"": ""燃料一"", ""factor"": 2, ""unit"": ""g/kg"", ""reference"": ""T/CSES 144-2024 7.2; 表D.1及注a-c""}, {""component"": ""燃料二"", ""factor"": 0.6, ""unit"": ""g/kg"", ""reference"": ""T/CSES 144-2024 7.2; 表D.1及注a-c""}]","[{""component"": ""燃烧源治理"", ""efficiency"": 0, ""reference"": ""表A.1燃烧源控制措施VOCs为0；CO按表D.1""}]",5656.4201219999995,5656.4201219999995,T/CSES 144-2024 7.2; 表D.1及注a-c,
SRC-RAW-6F0411A459B438D419BD,POWER,VOC,calculated,产排污系数法/煤质物料衡算法,"[{""component"": ""燃料一"", ""fuel"": ""褐煤"", ""raw_amount"": 2828111.76, ""unit"": ""吨"", ""generation_use"": 2828111.76, ""heat_use"": 0.0, ""amount"": 2828111.76, ""sulfur"": ""0.580"", ""sulfur_unit"": ""%"", ""ash"": null, ""source_row"": 79}, {""component"": ""燃料二"", ""fuel"": ""柴油"", ""raw_amount"": 327.67, ""unit"": ""吨"", ""generation_use"": 327.67, ""heat_use"": 0.0, ""amount"": 327.67, ""sulfur"": ""0.005"", ""sulfur_unit"": ""%"", ""ash"": null, ""source_row"": 79}]","[{""component"": ""燃料一"", ""factor"": 0.04, ""unit"": ""g/kg"", ""reference"": ""T/CSES 144-2024 7.2; 表D.1及注a-c""}, {""component"": ""燃料二"", ""factor"": 0.13, ""unit"": ""g/kg"", ""reference"": ""T/CSES 144-2024 7.2; 表D.1及注a-c""}]","[{""component"": ""燃烧源治理"", ""efficiency"": 0, ""reference"": ""表A.1燃烧源控制措施VOCs为0；CO按表D.1""}]",113.16706749999999,113.16706749999999,T/CSES 144-2024 7.2; 表D.1及注a-c,
SRC-RAW-6F0411A459B438D419BD,POWER,PM10,information_insufficient,产排污系数法/煤质物料衡算法,"[{""component"": ""燃料一"", ""fuel"": ""褐煤"", ""raw_amount"": 2828111.76, ""unit"": ""吨"", ""generation_use"": 2828111.76, ""heat_use"": 0.0, ""amount"": 2828111.76, ""sulfur"": ""0.580"", ""sulfur_unit"": ""%"", ""ash"": null, ""source_row"": 79}, {""component"": ""燃料二"", ""fuel"": ""柴油"", ""raw_amount"": 327.67, ""unit"": ""吨"", ""generation_use"": 327.67, ""heat_use"": 0.0, ""amount"": 327.67, ""sulfur"": ""0.005"", ""sulfur_unit"": ""%"", ""ash"": null, ""source_row"": 79}]","[{""component"": ""燃料一"", ""factor"": null, ""unit"": ""g/kg"", ""reference"": ""式(4)-(6)、表C.1-C.3；收到基灰分缺失""}, {""component"": ""燃料二"", ""factor"": 0.5, ""unit"": ""g/kg"", ""reference"": ""T/CSES 144-2024 7.2; 表D.1及注a-c""}]",[],,,式(4)-(6)、表C.1-C.3；收到基灰分缺失; T/CSES 144-2024 7.2; 表D.1及注a-c,POLLUTANT_PARAMETER_MISSING
SRC-RAW-6F0411A459B438D419BD,POWER,PM2.5,information_insufficient,产排污系数法/煤质物料衡算法,"[{""component"": ""燃料一"", ""fuel"": ""褐煤"", ""raw_amount"": 2828111.76, ""unit"": ""吨"", ""generation_use"": 2828111.76, ""heat_use"": 0.0, ""amount"": 2828111.76, ""sulfur"": ""0.580"", ""sulfur_unit"": ""%"", ""ash"": null, ""source_row"": 79}, {""component"": ""燃料二"", ""fuel"": ""柴油"", ""raw_amount"": 327.67, ""unit"": ""吨"", ""generation_use"": 327.67, ""heat_use"": 0.0, ""amount"": 327.67, ""sulfur"": ""0.005"", ""sulfur_unit"": ""%"", ""ash"": null, ""source_row"": 79}]","[{""component"": ""燃料一"", ""factor"": null, ""unit"": ""g/kg"", ""reference"": ""式(4)-(6)、表C.1-C.3；收到基灰分缺失""}, {""component"": ""燃料二"", ""factor"": 0.5, ""unit"": ""g/kg"", ""reference"": ""T/CSES 144-2024 7.2; 表D.1及注a-c""}]",[],,,式(4)-(6)、表C.1-C.3；收到基灰分缺失; T/CSES 144-2024 7.2; 表D.1及注a-c,POLLUTANT_PARAMETER_MISSING
SRC-RAW-6F0411A459B438D419BD,POWER,BC,information_insufficient,产排污系数法/煤质物料衡算法,"[{""component"": ""燃料一"", ""fuel"": ""褐煤"", ""raw_amount"": 2828111.76, ""unit"": ""吨"", ""generation_use"": 2828111.76, ""heat_use"": 0.0, ""amount"": 2828111.76, ""sulfur"": ""0.580"", ""sulfur_unit"": ""%"", ""ash"": null, ""source_row"": 79}, {""component"": ""燃料二"", ""fuel"": ""柴油"", ""raw_amount"": 327.67, ""unit"": ""吨"", ""generation_use"": 327.67, ""heat_use"": 0.0, ""amount"": 327.67, ""sulfur"": ""0.005"", ""sulfur_unit"": ""%"", ""ash"": null, ""source_row"": 79}]","[{""component"": ""燃料一"", ""factor"": null, ""unit"": ""g/kg"", ""reference"": ""式(4)-(6)、表C.1-C.3；收到基灰分缺失""}, {""component"": ""燃料二"", ""factor"": 0.01, ""unit"": ""g/kg"", ""reference"": ""T/CSES 144-2024 7.2; 表D.1及注a-c""}]",[],,,式(4)-(6)、表C.1-C.3；收到基灰分缺失; T/CSES 144-2024 7.2; 表D.1及注a-c,POLLUTANT_PARAMETER_MISSING
SRC-RAW-6F0411A459B438D419BD,POWER,OC,information_insufficient,产排污系数法/煤质物料衡算法,"[{""component"": ""燃料一"", ""fuel"": ""褐煤"", ""raw_amount"": 2828111.76, ""unit"": ""吨"", ""generation_use"": 2828111.76, ""heat_use"": 0.0, ""amount"": 2828111.76, ""sulfur"": ""0.580"", ""sulfur_unit"": ""%"", ""ash"": null, ""source_row"": 79}, {""component"": ""燃料二"", ""fuel"": ""柴油"", ""raw_amount"": 327.67, ""unit"": ""吨"", ""generation_use"": 327.67, ""heat_use"": 0.0, ""amount"": 327.67, ""sulfur"": ""0.005"", ""sulfur_unit"": ""%"", ""ash"": null, ""source_row"": 79}]","[{""component"": ""燃料一"", ""factor"": 0, ""unit"": ""g/kg"", ""reference"": ""式(6)、表C.3；电力生产/热力生产和供应OC占比=0""}, {""component"": ""燃料二"", ""factor"": 0.04, ""unit"": ""g/kg"", ""reference"": ""T/CSES 144-2024 7.2; 表D.1及注a-c""}]",[],0.013106800000000002,,式(6)、表C.3；电力生产/热力生产和供应OC占比=0; T/CSES 144-2024 7.2; 表D.1及注a-c,SOURCE_RELATION_MISSING
SRC-RAW-6F0411A459B438D419BD,POWER,NH3,not_involved,第7章核算范围,[],[],[],,,T/CSES 144-2024第7章、表D.1；未列NH3，未将缺省范围解释为零排放,OUTSIDE_CHAPTER7_POLLUTANT_SCOPE
SRC-RAW-D16EA3E11682DFFC3340,POWER,SO2,information_insufficient,产排污系数法/煤质物料衡算法,"[{""component"": ""燃料一"", ""fuel"": ""天然气"", ""raw_amount"": null, ""unit"": ""万立方米"", ""generation_use"": 8778.068, ""heat_use"": 0.0, ""amount"": 8778.068, ""sulfur"": ""4.930"", ""sulfur_unit"": ""毫克/立方米"", ""ash"": null, ""source_row"": 82, ""derivation"": ""同单位发电消耗量+供热消耗量，指南7.2.1.2活动水平定义""}]","[{""component"": ""燃料一"", ""factor"": null, ""unit"": ""g/m3"", ""reference"": ""T/CSES 144-2024 7.2; 表D.1及注a-c；未提供该设备技术的对应系数""}]",[],,,T/CSES 144-2024 7.2; 表D.1及注a-c；未提供该设备技术的对应系数,FACTOR_NOT_APPLICABLE
SRC-RAW-D16EA3E11682DFFC3340,POWER,NOx,information_insufficient,产排污系数法/煤质物料衡算法,"[{""component"": ""燃料一"", ""fuel"": ""天然气"", ""raw_amount"": null, ""unit"": ""万立方米"", ""generation_use"": 8778.068, ""heat_use"": 0.0, ""amount"": 8778.068, ""sulfur"": ""4.930"", ""sulfur_unit"": ""毫克/立方米"", ""ash"": null, ""source_row"": 82, ""derivation"": ""同单位发电消耗量+供热消耗量，指南7.2.1.2活动水平定义""}]","[{""component"": ""燃料一"", ""factor"": null, ""unit"": ""g/m3"", ""reference"": ""T/CSES 144-2024 7.2; 表D.1及注a-c；未提供该设备技术的对应系数""}]",[],,,T/CSES 144-2024 7.2; 表D.1及注a-c；未提供该设备技术的对应系数,FACTOR_NOT_APPLICABLE
SRC-RAW-D16EA3E11682DFFC3340,POWER,CO,information_insufficient,产排污系数法/煤质物料衡算法,"[{""component"": ""燃料一"", ""fuel"": ""天然气"", ""raw_amount"": null, ""unit"": ""万立方米"", ""generation_use"": 8778.068, ""heat_use"": 0.0, ""amount"": 8778.068, ""sulfur"": ""4.930"", ""sulfur_unit"": ""毫克/立方米"", ""ash"": null, ""source_row"": 82, ""derivation"": ""同单位发电消耗量+供热消耗量，指南7.2.1.2活动水平定义""}]","[{""component"": ""燃料一"", ""factor"": null, ""unit"": ""g/m3"", ""reference"": ""T/CSES 144-2024 7.2; 表D.1及注a-c；未提供该设备技术的对应系数""}]",[],,,T/CSES 144-2024 7.2; 表D.1及注a-c；未提供该设备技术的对应系数,FACTOR_NOT_APPLICABLE
SRC-RAW-D16EA3E11682DFFC3340,POWER,VOC,information_insufficient,产排污系数法/煤质物料衡算法,"[{""component"": ""燃料一"", ""fuel"": ""天然气"", ""raw_amount"": null, ""unit"": ""万立方米"", ""generation_use"": 8778.068, ""heat_use"": 0.0, ""amount"": 8778.068, ""sulfur"": ""4.930"", ""sulfur_unit"": ""毫克/立方米"", ""ash"": null, ""source_row"": 82, ""derivation"": ""同单位发电消耗量+供热消耗量，指南7.2.1.2活动水平定义""}]","[{""component"": ""燃料一"", ""factor"": null, ""unit"": ""g/m3"", ""reference"": ""T/CSES 144-2024 7.2; 表D.1及注a-c；未提供该设备技术的对应系数""}]",[],,,T/CSES 144-2024 7.2; 表D.1及注a-c；未提供该设备技术的对应系数,FACTOR_NOT_APPLICABLE
SRC-RAW-D16EA3E11682DFFC3340,POWER,PM10,information_insufficient,产排污系数法/煤质物料衡算法,"[{""component"": ""燃料一"", ""fuel"": ""天然气"", ""raw_amount"": null, ""unit"": ""万立方米"", ""generation_use"": 8778.068, ""heat_use"": 0.0, ""amount"": 8778.068, ""sulfur"": ""4.930"", ""sulfur_unit"": ""毫克/立方米"", ""ash"": null, ""source_row"": 82, ""derivation"": ""同单位发电消耗量+供热消耗量，指南7.2.1.2活动水平定义""}]","[{""component"": ""燃料一"", ""factor"": null, ""unit"": ""g/m3"", ""reference"": ""T/CSES 144-2024 7.2; 表D.1及注a-c；未提供该设备技术的对应系数""}]",[],,,T/CSES 144-2024 7.2; 表D.1及注a-c；未提供该设备技术的对应系数,FACTOR_NOT_APPLICABLE
SRC-RAW-D16EA3E11682DFFC3340,POWER,PM2.5,information_insufficient,产排污系数法/煤质物料衡算法,"[{""component"": ""燃料一"", ""fuel"": ""天然气"", ""raw_amount"": null, ""unit"": ""万立方米"", ""generation_use"": 8778.068, ""heat_use"": 0.0, ""amount"": 8778.068, ""sulfur"": ""4.930"", ""sulfur_unit"": ""毫克/立方米"", ""ash"": null, ""source_row"": 82, ""derivation"": ""同单位发电消耗量+供热消耗量，指南7.2.1.2活动水平定义""}]","[{""component"": ""燃料一"", ""factor"": null, ""unit"": ""g/m3"", ""reference"": ""T/CSES 144-2024 7.2; 表D.1及注a-c；未提供该设备技术的对应系数""}]",[],,,T/CSES 144-2024 7.2; 表D.1及注a-c；未提供该设备技术的对应系数,FACTOR_NOT_APPLICABLE
SRC-RAW-D16EA3E11682DFFC3340,POWER,BC,information_insufficient,产排污系数法/煤质物料衡算法,"[{""component"": ""燃料一"", ""fuel"": ""天然气"", ""raw_amount"": null, ""unit"": ""万立方米"", ""generation_use"": 8778.068, ""heat_use"": 0.0, ""amount"": 8778.068, ""sulfur"": ""4.930"", ""sulfur_unit"": ""毫克/立方米"", ""ash"": null, ""source_row"": 82, ""derivation"": ""同单位发电消耗量+供热消耗量，指南7.2.1.2活动水平定义""}]","[{""component"": ""燃料一"", ""factor"": null, ""unit"": ""g/m3"", ""reference"": ""T/CSES 144-2024 7.2; 表D.1及注a-c；未提供该设备技术的对应系数""}]",[],,,T/CSES 144-2024 7.2; 表D.1及注a-c；未提供该设备技术的对应系数,FACTOR_NOT_APPLICABLE
SRC-RAW-D16EA3E11682DFFC3340,POWER,OC,information_insufficient,产排污系数法/煤质物料衡算法,"[{""component"": ""燃料一"", ""fuel"": ""天然气"", ""raw_amount"": null, ""unit"": ""万立方米"", ""generation_use"": 8778.068, ""heat_use"": 0.0, ""amount"": 8778.068, ""sulfur"": ""4.930"", ""sulfur_unit"": ""毫克/立方米"", ""ash"": null, ""source_row"": 82, ""derivation"": ""同单位发电消耗量+供热消耗量，指南7.2.1.2活动水平定义""}]","[{""component"": ""燃料一"", ""factor"": null, ""unit"": ""g/m3"", ""reference"": ""T/CSES 144-2024 7.2; 表D.1及注a-c；未提供该设备技术的对应系数""}]",[],,,T/CSES 144-2024 7.2; 表D.1及注a-c；未提供该设备技术的对应系数,FACTOR_NOT_APPLICABLE
SRC-RAW-D16EA3E11682DFFC3340,POWER,NH3,not_involved,第7章核算范围,[],[],[],,,T/CSES 144-2024第7章、表D.1；未列NH3，未将缺省范围解释为零排放,OUTSIDE_CHAPTER7_POLLUTANT_SCOPE
SRC-RAW-B165A18B20946B2E00E5,POWER,SO2,information_insufficient,产排污系数法/煤质物料衡算法,"[{""component"": ""燃料一"", ""fuel"": ""柴油"", ""raw_amount"": 367.03, ""unit"": ""吨"", ""generation_use"": 367.03, ""heat_use"": null, ""amount"": 367.03, ""sulfur"": null, ""sulfur_unit"": ""%"", ""ash"": null, ""source_row"": 83}]","[{""component"": ""燃料一"", ""factor"": 3, ""unit"": ""g/kg"", ""reference"": ""T/CSES 144-2024 7.2; 表D.1及注a-c""}]",[],1.10109,,T/CSES 144-2024 7.2; 表D.1及注a-c,SOURCE_RELATION_MISSING
SRC-RAW-B165A18B20946B2E00E5,POWER,NOx,information_insufficient,产排污系数法/煤质物料衡算法,"[{""component"": ""燃料一"", ""fuel"": ""柴油"", ""raw_amount"": 367.03, ""unit"": ""吨"", ""generation_use"": 367.03, ""heat_use"": null, ""amount"": 367.03, ""sulfur"": null, ""sulfur_unit"": ""%"", ""ash"": null, ""source_row"": 83}]","[{""component"": ""燃料一"", ""factor"": 7.4, ""unit"": ""g/kg"", ""reference"": ""T/CSES 144-2024 7.2; 表D.1及注a-c""}]",[],2.716022,,T/CSES 144-2024 7.2; 表D.1及注a-c,SOURCE_RELATION_MISSING
SRC-RAW-B165A18B20946B2E00E5,POWER,CO,calculated,产排污系数法/煤质物料衡算法,"[{""component"": ""燃料一"", ""fuel"": ""柴油"", ""raw_amount"": 367.03, ""unit"": ""吨"", ""generation_use"": 367.03, ""heat_use"": null, ""amount"": 367.03, ""sulfur"": null, ""sulfur_unit"": ""%"", ""ash"": null, ""source_row"": 83}]","[{""component"": ""燃料一"", ""factor"": 0.6, ""unit"": ""g/kg"", ""reference"": ""T/CSES 144-2024 7.2; 表D.1及注a-c""}]","[{""component"": ""燃烧源治理"", ""efficiency"": 0, ""reference"": ""表A.1燃烧源控制措施VOCs为0；CO按表D.1""}]",0.220218,0.220218,T/CSES 144-2024 7.2; 表D.1及注a-c,
SRC-RAW-B165A18B20946B2E00E5,POWER,VOC,calculated,产排污系数法/煤质物料衡算法,"[{""component"": ""燃料一"", ""fuel"": ""柴油"", ""raw_amount"": 367.03, ""unit"": ""吨"", ""generation_use"": 367.03, ""heat_use"": null, ""amount"": 367.03, ""sulfur"": null, ""sulfur_unit"": ""%"", ""ash"": null, ""source_row"": 83}]","[{""component"": ""燃料一"", ""factor"": 0.13, ""unit"": ""g/kg"", ""reference"": ""T/CSES 144-2024 7.2; 表D.1及注a-c""}]","[{""component"": ""燃烧源治理"", ""efficiency"": 0, ""reference"": ""表A.1燃烧源控制措施VOCs为0；CO按表D.1""}]",0.0477139,0.0477139,T/CSES 144-2024 7.2; 表D.1及注a-c,
SRC-RAW-B165A18B20946B2E00E5,POWER,PM10,information_insufficient,产排污系数法/煤质物料衡算法,"[{""component"": ""燃料一"", ""fuel"": ""柴油"", ""raw_amount"": 367.03, ""unit"": ""吨"", ""generation_use"": 367.03, ""heat_use"": null, ""amount"": 367.03, ""sulfur"": null, ""sulfur_unit"": ""%"", ""ash"": null, ""source_row"": 83}]","[{""component"": ""燃料一"", ""factor"": 0.5, ""unit"": ""g/kg"", ""reference"": ""T/CSES 144-2024 7.2; 表D.1及注a-c""}]",[],0.18351499999999998,,T/CSES 144-2024 7.2; 表D.1及注a-c,SOURCE_RELATION_MISSING
SRC-RAW-B165A18B20946B2E00E5,POWER,PM2.5,information_insufficient,产排污系数法/煤质物料衡算法,"[{""component"": ""燃料一"", ""fuel"": ""柴油"", ""raw_amount"": 367.03, ""unit"": ""吨"", ""generation_use"": 367.03, ""heat_use"": null, ""amount"": 367.03, ""sulfur"": null, ""sulfur_unit"": ""%"", ""ash"": null, ""source_row"": 83}]","[{""component"": ""燃料一"", ""factor"": 0.5, ""unit"": ""g/kg"", ""reference"": ""T/CSES 144-2024 7.2; 表D.1及注a-c""}]",[],0.18351499999999998,,T/CSES 144-2024 7.2; 表D.1及注a-c,SOURCE_RELATION_MISSING
SRC-RAW-B165A18B20946B2E00E5,POWER,BC,information_insufficient,产排污系数法/煤质物料衡算法,"[{""component"": ""燃料一"", ""fuel"": ""柴油"", ""raw_amount"": 367.03, ""unit"": ""吨"", ""generation_use"": 367.03, ""heat_use"": null, ""amount"": 367.03, ""sulfur"": null, ""sulfur_unit"": ""%"", ""ash"": null, ""source_row"": 83}]","[{""component"": ""燃料一"", ""factor"": 0.01, ""unit"": ""g/kg"", ""reference"": ""T/CSES 144-2024 7.2; 表D.1及注a-c""}]",[],0.0036702999999999996,,T/CSES 144-2024 7.2; 表D.1及注a-c,SOURCE_RELATION_MISSING
SRC-RAW-B165A18B20946B2E00E5,POWER,OC,information_insufficient,产排污系数法/煤质物料衡算法,"[{""component"": ""燃料一"", ""fuel"": ""柴油"", ""raw_amount"": 367.03, ""unit"": ""吨"", ""generation_use"": 367.03, ""heat_use"": null, ""amount"": 367.03, ""sulfur"": null, ""sulfur_unit"": ""%"", ""ash"": null, ""source_row"": 83}]","[{""component"": ""燃料一"", ""factor"": 0.04, ""unit"": ""g/kg"", ""reference"": ""T/CSES 144-2024 7.2; 表D.1及注a-c""}]",[],0.014681199999999998,,T/CSES 144-2024 7.2; 表D.1及注a-c,SOURCE_RELATION_MISSING
SRC-RAW-B165A18B20946B2E00E5,POWER,NH3,not_involved,第7章核算范围,[],[],[],,,T/CSES 144-2024第7章、表D.1；未列NH3，未将缺省范围解释为零排放,OUTSIDE_CHAPTER7_POLLUTANT_SCOPE
SRC-RAW-45FDCD49242692C59CC2,POWER,SO2,information_insufficient,产排污系数法/煤质物料衡算法,"[{""component"": ""燃料一"", ""fuel"": ""柴油"", ""raw_amount"": null, ""unit"": ""吨"", ""generation_use"": 367.03, ""heat_use"": null, ""amount"": null, ""sulfur"": null, ""sulfur_unit"": ""%"", ""ash"": null, ""source_row"": 84}]","[{""component"": ""燃料一"", ""factor"": 3, ""unit"": ""g/kg"", ""reference"": ""T/CSES 144-2024 7.2; 表D.1及注a-c""}]",[],,,T/CSES 144-2024 7.2; 表D.1及注a-c,ACTIVITY_MISSING
SRC-RAW-45FDCD49242692C59CC2,POWER,NOx,information_insufficient,产排污系数法/煤质物料衡算法,"[{""component"": ""燃料一"", ""fuel"": ""柴油"", ""raw_amount"": null, ""unit"": ""吨"", ""generation_use"": 367.03, ""heat_use"": null, ""amount"": null, ""sulfur"": null, ""sulfur_unit"": ""%"", ""ash"": null, ""source_row"": 84}]","[{""component"": ""燃料一"", ""factor"": 7.4, ""unit"": ""g/kg"", ""reference"": ""T/CSES 144-2024 7.2; 表D.1及注a-c""}]",[],,,T/CSES 144-2024 7.2; 表D.1及注a-c,ACTIVITY_MISSING
SRC-RAW-45FDCD49242692C59CC2,POWER,CO,information_insufficient,产排污系数法/煤质物料衡算法,"[{""component"": ""燃料一"", ""fuel"": ""柴油"", ""raw_amount"": null, ""unit"": ""吨"", ""generation_use"": 367.03, ""heat_use"": null, ""amount"": null, ""sulfur"": null, ""sulfur_unit"": ""%"", ""ash"": null, ""source_row"": 84}]","[{""component"": ""燃料一"", ""factor"": 0.6, ""unit"": ""g/kg"", ""reference"": ""T/CSES 144-2024 7.2; 表D.1及注a-c""}]",[],,,T/CSES 144-2024 7.2; 表D.1及注a-c,ACTIVITY_MISSING
SRC-RAW-45FDCD49242692C59CC2,POWER,VOC,information_insufficient,产排污系数法/煤质物料衡算法,"[{""component"": ""燃料一"", ""fuel"": ""柴油"", ""raw_amount"": null, ""unit"": ""吨"", ""generation_use"": 367.03, ""heat_use"": null, ""amount"": null, ""sulfur"": null, ""sulfur_unit"": ""%"", ""ash"": null, ""source_row"": 84}]","[{""component"": ""燃料一"", ""factor"": 0.13, ""unit"": ""g/kg"", ""reference"": ""T/CSES 144-2024 7.2; 表D.1及注a-c""}]",[],,,T/CSES 144-2024 7.2; 表D.1及注a-c,ACTIVITY_MISSING
SRC-RAW-45FDCD49242692C59CC2,POWER,PM10,information_insufficient,产排污系数法/煤质物料衡算法,"[{""component"": ""燃料一"", ""fuel"": ""柴油"", ""raw_amount"": null, ""unit"": ""吨"", ""generation_use"": 367.03, ""heat_use"": null, ""amount"": null, ""sulfur"": null, ""sulfur_unit"": ""%"", ""ash"": null, ""source_row"": 84}]","[{""component"": ""燃料一"", ""factor"": 0.5, ""unit"": ""g/kg"", ""reference"": ""T/CSES 144-2024 7.2; 表D.1及注a-c""}]",[],,,T/CSES 144-2024 7.2; 表D.1及注a-c,ACTIVITY_MISSING
SRC-RAW-45FDCD49242692C59CC2,POWER,PM2.5,information_insufficient,产排污系数法/煤质物料衡算法,"[{""component"": ""燃料一"", ""fuel"": ""柴油"", ""raw_amount"": null, ""unit"": ""吨"", ""generation_use"": 367.03, ""heat_use"": null, ""amount"": null, ""sulfur"": null, ""sulfur_unit"": ""%"", ""ash"": null, ""source_row"": 84}]","[{""component"": ""燃料一"", ""factor"": 0.5, ""unit"": ""g/kg"", ""reference"": ""T/CSES 144-2024 7.2; 表D.1及注a-c""}]",[],,,T/CSES 144-2024 7.2; 表D.1及注a-c,ACTIVITY_MISSING
SRC-RAW-45FDCD49242692C59CC2,POWER,BC,information_insufficient,产排污系数法/煤质物料衡算法,"[{""component"": ""燃料一"", ""fuel"": ""柴油"", ""raw_amount"": null, ""unit"": ""吨"", ""generation_use"": 367.03, ""heat_use"": null, ""amount"": null, ""sulfur"": null, ""sulfur_unit"": ""%"", ""ash"": null, ""source_row"": 84}]","[{""component"": ""燃料一"", ""factor"": 0.01, ""unit"": ""g/kg"", ""reference"": ""T/CSES 144-2024 7.2; 表D.1及注a-c""}]",[],,,T/CSES 144-2024 7.2; 表D.1及注a-c,ACTIVITY_MISSING
SRC-RAW-45FDCD49242692C59CC2,POWER,OC,information_insufficient,产排污系数法/煤质物料衡算法,"[{""component"": ""燃料一"", ""fuel"": ""柴油"", ""raw_amount"": null, ""unit"": ""吨"", ""generation_use"": 367.03, ""heat_use"": null, ""amount"": null, ""sulfur"": null, ""sulfur_unit"": ""%"", ""ash"": null, ""source_row"": 84}]","[{""component"": ""燃料一"", ""factor"": 0.04, ""unit"": ""g/kg"", ""reference"": ""T/CSES 144-2024 7.2; 表D.1及注a-c""}]",[],,,T/CSES 144-2024 7.2; 表D.1及注a-c,ACTIVITY_MISSING
SRC-RAW-45FDCD49242692C59CC2,POWER,NH3,not_involved,第7章核算范围,[],[],[],,,T/CSES 144-2024第7章、表D.1；未列NH3，未将缺省范围解释为零排放,OUTSIDE_CHAPTER7_POLLUTANT_SCOPE
SRC-RAW-EEBE090EA58DAA871EB5,POWER,SO2,information_insufficient,产排污系数法/煤质物料衡算法,"[{""component"": ""燃料一"", ""fuel"": ""柴油"", ""raw_amount"": 367.03, ""unit"": ""吨"", ""generation_use"": 367.03, ""heat_use"": null, ""amount"": 367.03, ""sulfur"": null, ""sulfur_unit"": ""%"", ""ash"": null, ""source_row"": 85}]","[{""component"": ""燃料一"", ""factor"": 3, ""unit"": ""g/kg"", ""reference"": ""T/CSES 144-2024 7.2; 表D.1及注a-c""}]",[],1.10109,,T/CSES 144-2024 7.2; 表D.1及注a-c,SOURCE_RELATION_MISSING
SRC-RAW-EEBE090EA58DAA871EB5,POWER,NOx,information_insufficient,产排污系数法/煤质物料衡算法,"[{""component"": ""燃料一"", ""fuel"": ""柴油"", ""raw_amount"": 367.03, ""unit"": ""吨"", ""generation_use"": 367.03, ""heat_use"": null, ""amount"": 367.03, ""sulfur"": null, ""sulfur_unit"": ""%"", ""ash"": null, ""source_row"": 85}]","[{""component"": ""燃料一"", ""factor"": 7.4, ""unit"": ""g/kg"", ""reference"": ""T/CSES 144-2024 7.2; 表D.1及注a-c""}]",[],2.716022,,T/CSES 144-2024 7.2; 表D.1及注a-c,SOURCE_RELATION_MISSING
SRC-RAW-EEBE090EA58DAA871EB5,POWER,CO,calculated,产排污系数法/煤质物料衡算法,"[{""component"": ""燃料一"", ""fuel"": ""柴油"", ""raw_amount"": 367.03, ""unit"": ""吨"", ""generation_use"": 367.03, ""heat_use"": null, ""amount"": 367.03, ""sulfur"": null, ""sulfur_unit"": ""%"", ""ash"": null, ""source_row"": 85}]","[{""component"": ""燃料一"", ""factor"": 0.6, ""unit"": ""g/kg"", ""reference"": ""T/CSES 144-2024 7.2; 表D.1及注a-c""}]","[{""component"": ""燃烧源治理"", ""efficiency"": 0, ""reference"": ""表A.1燃烧源控制措施VOCs为0；CO按表D.1""}]",0.220218,0.220218,T/CSES 144-2024 7.2; 表D.1及注a-c,
SRC-RAW-EEBE090EA58DAA871EB5,POWER,VOC,calculated,产排污系数法/煤质物料衡算法,"[{""component"": ""燃料一"", ""fuel"": ""柴油"", ""raw_amount"": 367.03, ""unit"": ""吨"", ""generation_use"": 367.03, ""heat_use"": null, ""amount"": 367.03, ""sulfur"": null, ""sulfur_unit"": ""%"", ""ash"": null, ""source_row"": 85}]","[{""component"": ""燃料一"", ""factor"": 0.13, ""unit"": ""g/kg"", ""reference"": ""T/CSES 144-2024 7.2; 表D.1及注a-c""}]","[{""component"": ""燃烧源治理"", ""efficiency"": 0, ""reference"": ""表A.1燃烧源控制措施VOCs为0；CO按表D.1""}]",0.0477139,0.0477139,T/CSES 144-2024 7.2; 表D.1及注a-c,
SRC-RAW-EEBE090EA58DAA871EB5,POWER,PM10,information_insufficient,产排污系数法/煤质物料衡算法,"[{""component"": ""燃料一"", ""fuel"": ""柴油"", ""raw_amount"": 367.03, ""unit"": ""吨"", ""generation_use"": 367.03, ""heat_use"": null, ""amount"": 367.03, ""sulfur"": null, ""sulfur_unit"": ""%"", ""ash"": null, ""source_row"": 85}]","[{""component"": ""燃料一"", ""factor"": 0.5, ""unit"": ""g/kg"", ""reference"": ""T/CSES 144-2024 7.2; 表D.1及注a-c""}]",[],0.18351499999999998,,T/CSES 144-2024 7.2; 表D.1及注a-c,SOURCE_RELATION_MISSING
SRC-RAW-EEBE090EA58DAA871EB5,POWER,PM2.5,information_insufficient,产排污系数法/煤质物料衡算法,"[{""component"": ""燃料一"", ""fuel"": ""柴油"", ""raw_amount"": 367.03, ""unit"": ""吨"", ""generation_use"": 367.03, ""heat_use"": null, ""amount"": 367.03, ""sulfur"": null, ""sulfur_unit"": ""%"", ""ash"": null, ""source_row"": 85}]","[{""component"": ""燃料一"", ""factor"": 0.5, ""unit"": ""g/kg"", ""reference"": ""T/CSES 144-2024 7.2; 表D.1及注a-c""}]",[],0.18351499999999998,,T/CSES 144-2024 7.2; 表D.1及注a-c,SOURCE_RELATION_MISSING
SRC-RAW-EEBE090EA58DAA871EB5,POWER,BC,information_insufficient,产排污系数法/煤质物料衡算法,"[{""component"": ""燃料一"", ""fuel"": ""柴油"", ""raw_amount"": 367.03, ""unit"": ""吨"", ""generation_use"": 367.03, ""heat_use"": null, ""amount"": 367.03, ""sulfur"": null, ""sulfur_unit"": ""%"", ""ash"": null, ""source_row"": 85}]","[{""component"": ""燃料一"", ""factor"": 0.01, ""unit"": ""g/kg"", ""reference"": ""T/CSES 144-2024 7.2; 表D.1及注a-c""}]",[],0.0036702999999999996,,T/CSES 144-2024 7.2; 表D.1及注a-c,SOURCE_RELATION_MISSING
SRC-RAW-EEBE090EA58DAA871EB5,POWER,OC,information_insufficient,产排污系数法/煤质物料衡算法,"[{""component"": ""燃料一"", ""fuel"": ""柴油"", ""raw_amount"": 367.03, ""unit"": ""吨"", ""generation_use"": 367.03, ""heat_use"": null, ""amount"": 367.03, ""sulfur"": null, ""sulfur_unit"": ""%"", ""ash"": null, ""source_row"": 85}]","[{""component"": ""燃料一"", ""factor"": 0.04, ""unit"": ""g/kg"", ""reference"": ""T/CSES 144-2024 7.2; 表D.1及注a-c""}]",[],0.014681199999999998,,T/CSES 144-2024 7.2; 表D.1及注a-c,SOURCE_RELATION_MISSING
SRC-RAW-EEBE090EA58DAA871EB5,POWER,NH3,not_involved,第7章核算范围,[],[],[],,,T/CSES 144-2024第7章、表D.1；未列NH3，未将缺省范围解释为零排放,OUTSIDE_CHAPTER7_POLLUTANT_SCOPE
SRC-RAW-F4E2E3A5D2805919502A,POWER,SO2,source_data_invalid,产排污系数法/煤质物料衡算法,"[{""component"": ""燃料一"", ""fuel"": ""柴油"", ""raw_amount"": -367.03, ""unit"": ""吨"", ""generation_use"": 367.03, ""heat_use"": null, ""amount"": -367.03, ""sulfur"": null, ""sulfur_unit"": ""%"", ""ash"": null, ""source_row"": 86}]","[{""component"": ""燃料一"", ""factor"": 3, ""unit"": ""g/kg"", ""reference"": ""T/CSES 144-2024 7.2; 表D.1及注a-c""}]",[],,,T/CSES 144-2024 7.2; 表D.1及注a-c,HARD_CONSTRAINT_CONFLICT
SRC-RAW-F4E2E3A5D2805919502A,POWER,NOx,source_data_invalid,产排污系数法/煤质物料衡算法,"[{""component"": ""燃料一"", ""fuel"": ""柴油"", ""raw_amount"": -367.03, ""unit"": ""吨"", ""generation_use"": 367.03, ""heat_use"": null, ""amount"": -367.03, ""sulfur"": null, ""sulfur_unit"": ""%"", ""ash"": null, ""source_row"": 86}]","[{""component"": ""燃料一"", ""factor"": 7.4, ""unit"": ""g/kg"", ""reference"": ""T/CSES 144-2024 7.2; 表D.1及注a-c""}]",[],,,T/CSES 144-2024 7.2; 表D.1及注a-c,HARD_CONSTRAINT_CONFLICT
SRC-RAW-F4E2E3A5D2805919502A,POWER,CO,source_data_invalid,产排污系数法/煤质物料衡算法,"[{""component"": ""燃料一"", ""fuel"": ""柴油"", ""raw_amount"": -367.03, ""unit"": ""吨"", ""generation_use"": 367.03, ""heat_use"": null, ""amount"": -367.03, ""sulfur"": null, ""sulfur_unit"": ""%"", ""ash"": null, ""source_row"": 86}]","[{""component"": ""燃料一"", ""factor"": 0.6, ""unit"": ""g/kg"", ""reference"": ""T/CSES 144-2024 7.2; 表D.1及注a-c""}]",[],,,T/CSES 144-2024 7.2; 表D.1及注a-c,HARD_CONSTRAINT_CONFLICT
SRC-RAW-F4E2E3A5D2805919502A,POWER,VOC,source_data_invalid,产排污系数法/煤质物料衡算法,"[{""component"": ""燃料一"", ""fuel"": ""柴油"", ""raw_amount"": -367.03, ""unit"": ""吨"", ""generation_use"": 367.03, ""heat_use"": null, ""amount"": -367.03, ""sulfur"": null, ""sulfur_unit"": ""%"", ""ash"": null, ""source_row"": 86}]","[{""component"": ""燃料一"", ""factor"": 0.13, ""unit"": ""g/kg"", ""reference"": ""T/CSES 144-2024 7.2; 表D.1及注a-c""}]",[],,,T/CSES 144-2024 7.2; 表D.1及注a-c,HARD_CONSTRAINT_CONFLICT
SRC-RAW-F4E2E3A5D2805919502A,POWER,PM10,source_data_invalid,产排污系数法/煤质物料衡算法,"[{""component"": ""燃料一"", ""fuel"": ""柴油"", ""raw_amount"": -367.03, ""unit"": ""吨"", ""generation_use"": 367.03, ""heat_use"": null, ""amount"": -367.03, ""sulfur"": null, ""sulfur_unit"": ""%"", ""ash"": null, ""source_row"": 86}]","[{""component"": ""燃料一"", ""factor"": 0.5, ""unit"": ""g/kg"", ""reference"": ""T/CSES 144-2024 7.2; 表D.1及注a-c""}]",[],,,T/CSES 144-2024 7.2; 表D.1及注a-c,HARD_CONSTRAINT_CONFLICT
SRC-RAW-F4E2E3A5D2805919502A,POWER,PM2.5,source_data_invalid,产排污系数法/煤质物料衡算法,"[{""component"": ""燃料一"", ""fuel"": ""柴油"", ""raw_amount"": -367.03, ""unit"": ""吨"", ""generation_use"": 367.03, ""heat_use"": null, ""amount"": -367.03, ""sulfur"": null, ""sulfur_unit"": ""%"", ""ash"": null, ""source_row"": 86}]","[{""component"": ""燃料一"", ""factor"": 0.5, ""unit"": ""g/kg"", ""reference"": ""T/CSES 144-2024 7.2; 表D.1及注a-c""}]",[],,,T/CSES 144-2024 7.2; 表D.1及注a-c,HARD_CONSTRAINT_CONFLICT
SRC-RAW-F4E2E3A5D2805919502A,POWER,BC,source_data_invalid,产排污系数法/煤质物料衡算法,"[{""component"": ""燃料一"", ""fuel"": ""柴油"", ""raw_amount"": -367.03, ""unit"": ""吨"", ""generation_use"": 367.03, ""heat_use"": null, ""amount"": -367.03, ""sulfur"": null, ""sulfur_unit"": ""%"", ""ash"": null, ""source_row"": 86}]","[{""component"": ""燃料一"", ""factor"": 0.01, ""unit"": ""g/kg"", ""reference"": ""T/CSES 144-2024 7.2; 表D.1及注a-c""}]",[],,,T/CSES 144-2024 7.2; 表D.1及注a-c,HARD_CONSTRAINT_CONFLICT
SRC-RAW-F4E2E3A5D2805919502A,POWER,OC,source_data_invalid,产排污系数法/煤质物料衡算法,"[{""component"": ""燃料一"", ""fuel"": ""柴油"", ""raw_amount"": -367.03, ""unit"": ""吨"", ""generation_use"": 367.03, ""heat_use"": null, ""amount"": -367.03, ""sulfur"": null, ""sulfur_unit"": ""%"", ""ash"": null, ""source_row"": 86}]","[{""component"": ""燃料一"", ""factor"": 0.04, ""unit"": ""g/kg"", ""reference"": ""T/CSES 144-2024 7.2; 表D.1及注a-c""}]",[],,,T/CSES 144-2024 7.2; 表D.1及注a-c,HARD_CONSTRAINT_CONFLICT
SRC-RAW-F4E2E3A5D2805919502A,POWER,NH3,not_involved,第7章核算范围,[],[],[],,,T/CSES 144-2024第7章、表D.1；未列NH3，未将缺省范围解释为零排放,OUTSIDE_CHAPTER7_POLLUTANT_SCOPE
SRC-RAW-CA1482BE0E160DD8597C,POWER,SO2,calculated,产排污系数法/煤质物料衡算法,"[{""component"": ""燃料一"", ""fuel"": ""天然气"", ""raw_amount"": 33991.15, ""unit"": ""万立方米"", ""generation_use"": 32238.66, ""heat_use"": 1752.49, ""amount"": 33991.15, ""sulfur"": ""0.329"", ""sulfur_unit"": ""毫克/立方米"", ""ash"": ""0.00"", ""source_row"": 88}]","[{""component"": ""燃料一"", ""factor"": 0, ""unit"": ""g/m3"", ""reference"": ""T/CSES 144-2024 7.2; 表D.1及注a-c""}]",[],0.0,0,T/CSES 144-2024 7.2; 表D.1及注a-c,
SRC-RAW-CA1482BE0E160DD8597C,POWER,NOx,information_insufficient,产排污系数法/煤质物料衡算法,"[{""component"": ""燃料一"", ""fuel"": ""天然气"", ""raw_amount"": 33991.15, ""unit"": ""万立方米"", ""generation_use"": 32238.66, ""heat_use"": 1752.49, ""amount"": 33991.15, ""sulfur"": ""0.329"", ""sulfur_unit"": ""毫克/立方米"", ""ash"": ""0.00"", ""source_row"": 88}]","[{""component"": ""燃料一"", ""factor"": 4.1, ""unit"": ""g/m3"", ""reference"": ""T/CSES 144-2024 7.2; 表D.1及注a-c""}]",[],1393.63715,,T/CSES 144-2024 7.2; 表D.1及注a-c,SOURCE_RELATION_MISSING
SRC-RAW-CA1482BE0E160DD8597C,POWER,CO,calculated,产排污系数法/煤质物料衡算法,"[{""component"": ""燃料一"", ""fuel"": ""天然气"", ""raw_amount"": 33991.15, ""unit"": ""万立方米"", ""generation_use"": 32238.66, ""heat_use"": 1752.49, ""amount"": 33991.15, ""sulfur"": ""0.329"", ""sulfur_unit"": ""毫克/立方米"", ""ash"": ""0.00"", ""source_row"": 88}]","[{""component"": ""燃料一"", ""factor"": 1.3, ""unit"": ""g/m3"", ""reference"": ""T/CSES 144-2024 7.2; 表D.1及注a-c""}]","[{""component"": ""燃烧源治理"", ""efficiency"": 0, ""reference"": ""表A.1燃烧源控制措施VOCs为0；CO按表D.1""}]",441.88495000000006,441.88495000000006,T/CSES 144-2024 7.2; 表D.1及注a-c,
SRC-RAW-CA1482BE0E160DD8597C,POWER,VOC,calculated,产排污系数法/煤质物料衡算法,"[{""component"": ""燃料一"", ""fuel"": ""天然气"", ""raw_amount"": 33991.15, ""unit"": ""万立方米"", ""generation_use"": 32238.66, ""heat_use"": 1752.49, ""amount"": 33991.15, ""sulfur"": ""0.329"", ""sulfur_unit"": ""毫克/立方米"", ""ash"": ""0.00"", ""source_row"": 88}]","[{""component"": ""燃料一"", ""factor"": 0.02, ""unit"": ""g/m3"", ""reference"": ""T/CSES 144-2024 7.2; 表D.1及注a-c""}]","[{""component"": ""燃烧源治理"", ""efficiency"": 0, ""reference"": ""表A.1燃烧源控制措施VOCs为0；CO按表D.1""}]",6.798230000000001,6.798230000000001,T/CSES 144-2024 7.2; 表D.1及注a-c,
SRC-RAW-CA1482BE0E160DD8597C,POWER,PM10,information_insufficient,产排污系数法/煤质物料衡算法,"[{""component"": ""燃料一"", ""fuel"": ""天然气"", ""raw_amount"": 33991.15, ""unit"": ""万立方米"", ""generation_use"": 32238.66, ""heat_use"": 1752.49, ""amount"": 33991.15, ""sulfur"": ""0.329"", ""sulfur_unit"": ""毫克/立方米"", ""ash"": ""0.00"", ""source_row"": 88}]","[{""component"": ""燃料一"", ""factor"": 0.03, ""unit"": ""g/m3"", ""reference"": ""T/CSES 144-2024 7.2; 表D.1及注a-c""}]",[],10.197345,,T/CSES 144-2024 7.2; 表D.1及注a-c,SOURCE_RELATION_MISSING
SRC-RAW-CA1482BE0E160DD8597C,POWER,PM2.5,information_insufficient,产排污系数法/煤质物料衡算法,"[{""component"": ""燃料一"", ""fuel"": ""天然气"", ""raw_amount"": 33991.15, ""unit"": ""万立方米"", ""generation_use"": 32238.66, ""heat_use"": 1752.49, ""amount"": 33991.15, ""sulfur"": ""0.329"", ""sulfur_unit"": ""毫克/立方米"", ""ash"": ""0.00"", ""source_row"": 88}]","[{""component"": ""燃料一"", ""factor"": 0.03, ""unit"": ""g/m3"", ""reference"": ""T/CSES 144-2024 7.2; 表D.1及注a-c""}]",[],10.197345,,T/CSES 144-2024 7.2; 表D.1及注a-c,SOURCE_RELATION_MISSING
SRC-RAW-CA1482BE0E160DD8597C,POWER,BC,calculated,产排污系数法/煤质物料衡算法,"[{""component"": ""燃料一"", ""fuel"": ""天然气"", ""raw_amount"": 33991.15, ""unit"": ""万立方米"", ""generation_use"": 32238.66, ""heat_use"": 1752.49, ""amount"": 33991.15, ""sulfur"": ""0.329"", ""sulfur_unit"": ""毫克/立方米"", ""ash"": ""0.00"", ""source_row"": 88}]","[{""component"": ""燃料一"", ""factor"": 0, ""unit"": ""g/m3"", ""reference"": ""T/CSES 144-2024 7.2; 表D.1及注a-c""}]",[],0.0,0,T/CSES 144-2024 7.2; 表D.1及注a-c,
SRC-RAW-CA1482BE0E160DD8597C,POWER,OC,calculated,产排污系数法/煤质物料衡算法,"[{""component"": ""燃料一"", ""fuel"": ""天然气"", ""raw_amount"": 33991.15, ""unit"": ""万立方米"", ""generation_use"": 32238.66, ""heat_use"": 1752.49, ""amount"": 33991.15, ""sulfur"": ""0.329"", ""sulfur_unit"": ""毫克/立方米"", ""ash"": ""0.00"", ""source_row"": 88}]","[{""component"": ""燃料一"", ""factor"": 0, ""unit"": ""g/m3"", ""reference"": ""T/CSES 144-2024 7.2; 表D.1及注a-c""}]",[],0.0,0,T/CSES 144-2024 7.2; 表D.1及注a-c,
SRC-RAW-CA1482BE0E160DD8597C,POWER,NH3,not_involved,第7章核算范围,[],[],[],,,T/CSES 144-2024第7章、表D.1；未列NH3，未将缺省范围解释为零排放,OUTSIDE_CHAPTER7_POLLUTANT_SCOPE
SRC-RAW-EA575374F3359E937FB7,POWER,SO2,calculated,产排污系数法/煤质物料衡算法,"[{""component"": ""燃料一"", ""fuel"": ""天然气"", ""raw_amount"": null, ""unit"": ""万立方米"", ""generation_use"": 33334.1, ""heat_use"": 2087.54, ""amount"": 35421.64, ""sulfur"": ""0.329"", ""sulfur_unit"": ""毫克/立方米"", ""ash"": ""0.00"", ""source_row"": 89, ""derivation"": ""同单位发电消耗量+供热消耗量，指南7.2.1.2活动水平定义""}]","[{""component"": ""燃料一"", ""factor"": 0, ""unit"": ""g/m3"", ""reference"": ""T/CSES 144-2024 7.2; 表D.1及注a-c""}]",[],0.0,0,T/CSES 144-2024 7.2; 表D.1及注a-c,
SRC-RAW-EA575374F3359E937FB7,POWER,NOx,information_insufficient,产排污系数法/煤质物料衡算法,"[{""component"": ""燃料一"", ""fuel"": ""天然气"", ""raw_amount"": null, ""unit"": ""万立方米"", ""generation_use"": 33334.1, ""heat_use"": 2087.54, ""amount"": 35421.64, ""sulfur"": ""0.329"", ""sulfur_unit"": ""毫克/立方米"", ""ash"": ""0.00"", ""source_row"": 89, ""derivation"": ""同单位发电消耗量+供热消耗量，指南7.2.1.2活动水平定义""}]","[{""component"": ""燃料一"", ""factor"": 4.1, ""unit"": ""g/m3"", ""reference"": ""T/CSES 144-2024 7.2; 表D.1及注a-c""}]",[],1452.2872399999999,,T/CSES 144-2024 7.2; 表D.1及注a-c,SOURCE_RELATION_MISSING
SRC-RAW-EA575374F3359E937FB7,POWER,CO,calculated,产排污系数法/煤质物料衡算法,"[{""component"": ""燃料一"", ""fuel"": ""天然气"", ""raw_amount"": null, ""unit"": ""万立方米"", ""generation_use"": 33334.1, ""heat_use"": 2087.54, ""amount"": 35421.64, ""sulfur"": ""0.329"", ""sulfur_unit"": ""毫克/立方米"", ""ash"": ""0.00"", ""source_row"": 89, ""derivation"": ""同单位发电消耗量+供热消耗量，指南7.2.1.2活动水平定义""}]","[{""component"": ""燃料一"", ""factor"": 1.3, ""unit"": ""g/m3"", ""reference"": ""T/CSES 144-2024 7.2; 表D.1及注a-c""}]","[{""component"": ""燃烧源治理"", ""efficiency"": 0, ""reference"": ""表A.1燃烧源控制措施VOCs为0；CO按表D.1""}]",460.48132,460.48132,T/CSES 144-2024 7.2; 表D.1及注a-c,
SRC-RAW-EA575374F3359E937FB7,POWER,VOC,calculated,产排污系数法/煤质物料衡算法,"[{""component"": ""燃料一"", ""fuel"": ""天然气"", ""raw_amount"": null, ""unit"": ""万立方米"", ""generation_use"": 33334.1, ""heat_use"": 2087.54, ""amount"": 35421.64, ""sulfur"": ""0.329"", ""sulfur_unit"": ""毫克/立方米"", ""ash"": ""0.00"", ""source_row"": 89, ""derivation"": ""同单位发电消耗量+供热消耗量，指南7.2.1.2活动水平定义""}]","[{""component"": ""燃料一"", ""factor"": 0.02, ""unit"": ""g/m3"", ""reference"": ""T/CSES 144-2024 7.2; 表D.1及注a-c""}]","[{""component"": ""燃烧源治理"", ""efficiency"": 0, ""reference"": ""表A.1燃烧源控制措施VOCs为0；CO按表D.1""}]",7.084328,7.084328,T/CSES 144-2024 7.2; 表D.1及注a-c,
SRC-RAW-EA575374F3359E937FB7,POWER,PM10,information_insufficient,产排污系数法/煤质物料衡算法,"[{""component"": ""燃料一"", ""fuel"": ""天然气"", ""raw_amount"": null, ""unit"": ""万立方米"", ""generation_use"": 33334.1, ""heat_use"": 2087.54, ""amount"": 35421.64, ""sulfur"": ""0.329"", ""sulfur_unit"": ""毫克/立方米"", ""ash"": ""0.00"", ""source_row"": 89, ""derivation"": ""同单位发电消耗量+供热消耗量，指南7.2.1.2活动水平定义""}]","[{""component"": ""燃料一"", ""factor"": 0.03, ""unit"": ""g/m3"", ""reference"": ""T/CSES 144-2024 7.2; 表D.1及注a-c""}]",[],10.626491999999999,,T/CSES 144-2024 7.2; 表D.1及注a-c,SOURCE_RELATION_MISSING
SRC-RAW-EA575374F3359E937FB7,POWER,PM2.5,information_insufficient,产排污系数法/煤质物料衡算法,"[{""component"": ""燃料一"", ""fuel"": ""天然气"", ""raw_amount"": null, ""unit"": ""万立方米"", ""generation_use"": 33334.1, ""heat_use"": 2087.54, ""amount"": 35421.64, ""sulfur"": ""0.329"", ""sulfur_unit"": ""毫克/立方米"", ""ash"": ""0.00"", ""source_row"": 89, ""derivation"": ""同单位发电消耗量+供热消耗量，指南7.2.1.2活动水平定义""}]","[{""component"": ""燃料一"", ""factor"": 0.03, ""unit"": ""g/m3"", ""reference"": ""T/CSES 144-2024 7.2; 表D.1及注a-c""}]",[],10.626491999999999,,T/CSES 144-2024 7.2; 表D.1及注a-c,SOURCE_RELATION_MISSING
SRC-RAW-EA575374F3359E937FB7,POWER,BC,calculated,产排污系数法/煤质物料衡算法,"[{""component"": ""燃料一"", ""fuel"": ""天然气"", ""raw_amount"": null, ""unit"": ""万立方米"", ""generation_use"": 33334.1, ""heat_use"": 2087.54, ""amount"": 35421.64, ""sulfur"": ""0.329"", ""sulfur_unit"": ""毫克/立方米"", ""ash"": ""0.00"", ""source_row"": 89, ""derivation"": ""同单位发电消耗量+供热消耗量，指南7.2.1.2活动水平定义""}]","[{""component"": ""燃料一"", ""factor"": 0, ""unit"": ""g/m3"", ""reference"": ""T/CSES 144-2024 7.2; 表D.1及注a-c""}]",[],0.0,0,T/CSES 144-2024 7.2; 表D.1及注a-c,
SRC-RAW-EA575374F3359E937FB7,POWER,OC,calculated,产排污系数法/煤质物料衡算法,"[{""component"": ""燃料一"", ""fuel"": ""天然气"", ""raw_amount"": null, ""unit"": ""万立方米"", ""generation_use"": 33334.1, ""heat_use"": 2087.54, ""amount"": 35421.64, ""sulfur"": ""0.329"", ""sulfur_unit"": ""毫克/立方米"", ""ash"": ""0.00"", ""source_row"": 89, ""derivation"": ""同单位发电消耗量+供热消耗量，指南7.2.1.2活动水平定义""}]","[{""component"": ""燃料一"", ""factor"": 0, ""unit"": ""g/m3"", ""reference"": ""T/CSES 144-2024 7.2; 表D.1及注a-c""}]",[],0.0,0,T/CSES 144-2024 7.2; 表D.1及注a-c,
SRC-RAW-EA575374F3359E937FB7,POWER,NH3,not_involved,第7章核算范围,[],[],[],,,T/CSES 144-2024第7章、表D.1；未列NH3，未将缺省范围解释为零排放,OUTSIDE_CHAPTER7_POLLUTANT_SCOPE
SRC-RAW-FAB5057D4C83F3A4DE14,POWER,SO2,information_insufficient,产排污系数法/煤质物料衡算法,"[{""component"": ""燃料一"", ""fuel"": ""一般烟煤"", ""raw_amount"": 1105863.0, ""unit"": ""吨"", ""generation_use"": 1080451.0, ""heat_use"": 25412.0, ""amount"": 1105863.0, ""sulfur"": ""0.610"", ""sulfur_unit"": ""%"", ""ash"": null, ""source_row"": 91}, {""component"": ""燃料二"", ""fuel"": ""柴油"", ""raw_amount"": 537.637, ""unit"": ""吨"", ""generation_use"": 537.636, ""heat_use"": 0.001, ""amount"": 537.637, ""sulfur"": ""0.001"", ""sulfur_unit"": ""%"", ""ash"": ""0.00"", ""source_row"": 91}]","[{""component"": ""燃料一"", ""factor"": 10.37, ""unit"": ""g/kg"", ""reference"": ""式(3)、表C.1；S按质量分数；sr=0.15；g/kg""}, {""component"": ""燃料二"", ""factor"": 3, ""unit"": ""g/kg"", ""reference"": ""T/CSES 144-2024 7.2; 表D.1及注a-c""}]",[],11469.412220999999,,式(3)、表C.1；S按质量分数；sr=0.15；g/kg; T/CSES 144-2024 7.2; 表D.1及注a-c,SOURCE_RELATION_MISSING
SRC-RAW-FAB5057D4C83F3A4DE14,POWER,NOx,information_insufficient,产排污系数法/煤质物料衡算法,"[{""component"": ""燃料一"", ""fuel"": ""一般烟煤"", ""raw_amount"": 1105863.0, ""unit"": ""吨"", ""generation_use"": 1080451.0, ""heat_use"": 25412.0, ""amount"": 1105863.0, ""sulfur"": ""0.610"", ""sulfur_unit"": ""%"", ""ash"": null, ""source_row"": 91}, {""component"": ""燃料二"", ""fuel"": ""柴油"", ""raw_amount"": 537.637, ""unit"": ""吨"", ""generation_use"": 537.636, ""heat_use"": 0.001, ""amount"": 537.637, ""sulfur"": ""0.001"", ""sulfur_unit"": ""%"", ""ash"": ""0.00"", ""source_row"": 91}]","[{""component"": ""燃料一"", ""factor"": 7.21, ""unit"": ""g/kg"", ""reference"": ""T/CSES 144-2024 7.2; 表D.1及注a-c；万千瓦×10=MW""}, {""component"": ""燃料二"", ""factor"": 7.4, ""unit"": ""g/kg"", ""reference"": ""T/CSES 144-2024 7.2; 表D.1及注a-c""}]",[],7977.250743799999,,T/CSES 144-2024 7.2; 表D.1及注a-c；万千瓦×10=MW; T/CSES 144-2024 7.2; 表D.1及注a-c,SOURCE_RELATION_MISSING
SRC-RAW-FAB5057D4C83F3A4DE14,POWER,CO,calculated,产排污系数法/煤质物料衡算法,"[{""component"": ""燃料一"", ""fuel"": ""一般烟煤"", ""raw_amount"": 1105863.0, ""unit"": ""吨"", ""generation_use"": 1080451.0, ""heat_use"": 25412.0, ""amount"": 1105863.0, ""sulfur"": ""0.610"", ""sulfur_unit"": ""%"", ""ash"": null, ""source_row"": 91}, {""component"": ""燃料二"", ""fuel"": ""柴油"", ""raw_amount"": 537.637, ""unit"": ""吨"", ""generation_use"": 537.636, ""heat_use"": 0.001, ""amount"": 537.637, ""sulfur"": ""0.001"", ""sulfur_unit"": ""%"", ""ash"": ""0.00"", ""source_row"": 91}]","[{""component"": ""燃料一"", ""factor"": 2, ""unit"": ""g/kg"", ""reference"": ""T/CSES 144-2024 7.2; 表D.1及注a-c""}, {""component"": ""燃料二"", ""factor"": 0.6, ""unit"": ""g/kg"", ""reference"": ""T/CSES 144-2024 7.2; 表D.1及注a-c""}]","[{""component"": ""燃烧源治理"", ""efficiency"": 0, ""reference"": ""表A.1燃烧源控制措施VOCs为0；CO按表D.1""}]",2212.0485822,2212.0485822,T/CSES 144-2024 7.2; 表D.1及注a-c,
SRC-RAW-FAB5057D4C83F3A4DE14,POWER,VOC,calculated,产排污系数法/煤质物料衡算法,"[{""component"": ""燃料一"", ""fuel"": ""一般烟煤"", ""raw_amount"": 1105863.0, ""unit"": ""吨"", ""generation_use"": 1080451.0, ""heat_use"": 25412.0, ""amount"": 1105863.0, ""sulfur"": ""0.610"", ""sulfur_unit"": ""%"", ""ash"": null, ""source_row"": 91}, {""component"": ""燃料二"", ""fuel"": ""柴油"", ""raw_amount"": 537.637, ""unit"": ""吨"", ""generation_use"": 537.636, ""heat_use"": 0.001, ""amount"": 537.637, ""sulfur"": ""0.001"", ""sulfur_unit"": ""%"", ""ash"": ""0.00"", ""source_row"": 91}]","[{""component"": ""燃料一"", ""factor"": 0.04, ""unit"": ""g/kg"", ""reference"": ""T/CSES 144-2024 7.2; 表D.1及注a-c""}, {""component"": ""燃料二"", ""factor"": 0.13, ""unit"": ""g/kg"", ""reference"": ""T/CSES 144-2024 7.2; 表D.1及注a-c""}]","[{""component"": ""燃烧源治理"", ""efficiency"": 0, ""reference"": ""表A.1燃烧源控制措施VOCs为0；CO按表D.1""}]",44.30441281,44.30441281,T/CSES 144-2024 7.2; 表D.1及注a-c,
SRC-RAW-FAB5057D4C83F3A4DE14,POWER,PM10,information_insufficient,产排污系数法/煤质物料衡算法,"[{""component"": ""燃料一"", ""fuel"": ""一般烟煤"", ""raw_amount"": 1105863.0, ""unit"": ""吨"", ""generation_use"": 1080451.0, ""heat_use"": 25412.0, ""amount"": 1105863.0, ""sulfur"": ""0.610"", ""sulfur_unit"": ""%"", ""ash"": null, ""source_row"": 91}, {""component"": ""燃料二"", ""fuel"": ""柴油"", ""raw_amount"": 537.637, ""unit"": ""吨"", ""generation_use"": 537.636, ""heat_use"": 0.001, ""amount"": 537.637, ""sulfur"": ""0.001"", ""sulfur_unit"": ""%"", ""ash"": ""0.00"", ""source_row"": 91}]","[{""component"": ""燃料一"", ""factor"": null, ""unit"": ""g/kg"", ""reference"": ""式(4)-(6)、表C.1-C.3；收到基灰分缺失""}, {""component"": ""燃料二"", ""factor"": 0.5, ""unit"": ""g/kg"", ""reference"": ""T/CSES 144-2024 7.2; 表D.1及注a-c""}]",[],,,式(4)-(6)、表C.1-C.3；收到基灰分缺失; T/CSES 144-2024 7.2; 表D.1及注a-c,POLLUTANT_PARAMETER_MISSING
SRC-RAW-FAB5057D4C83F3A4DE14,POWER,PM2.5,information_insufficient,产排污系数法/煤质物料衡算法,"[{""component"": ""燃料一"", ""fuel"": ""一般烟煤"", ""raw_amount"": 1105863.0, ""unit"": ""吨"", ""generation_use"": 1080451.0, ""heat_use"": 25412.0, ""amount"": 1105863.0, ""sulfur"": ""0.610"", ""sulfur_unit"": ""%"", ""ash"": null, ""source_row"": 91}, {""component"": ""燃料二"", ""fuel"": ""柴油"", ""raw_amount"": 537.637, ""unit"": ""吨"", ""generation_use"": 537.636, ""heat_use"": 0.001, ""amount"": 537.637, ""sulfur"": ""0.001"", ""sulfur_unit"": ""%"", ""ash"": ""0.00"", ""source_row"": 91}]","[{""component"": ""燃料一"", ""factor"": null, ""unit"": ""g/kg"", ""reference"": ""式(4)-(6)、表C.1-C.3；收到基灰分缺失""}, {""component"": ""燃料二"", ""factor"": 0.5, ""unit"": ""g/kg"", ""reference"": ""T/CSES 144-2024 7.2; 表D.1及注a-c""}]",[],,,式(4)-(6)、表C.1-C.3；收到基灰分缺失; T/CSES 144-2024 7.2; 表D.1及注a-c,POLLUTANT_PARAMETER_MISSING
SRC-RAW-FAB5057D4C83F3A4DE14,POWER,BC,information_insufficient,产排污系数法/煤质物料衡算法,"[{""component"": ""燃料一"", ""fuel"": ""一般烟煤"", ""raw_amount"": 1105863.0, ""unit"": ""吨"", ""generation_use"": 1080451.0, ""heat_use"": 25412.0, ""amount"": 1105863.0, ""sulfur"": ""0.610"", ""sulfur_unit"": ""%"", ""ash"": null, ""source_row"": 91}, {""component"": ""燃料二"", ""fuel"": ""柴油"", ""raw_amount"": 537.637, ""unit"": ""吨"", ""generation_use"": 537.636, ""heat_use"": 0.001, ""amount"": 537.637, ""sulfur"": ""0.001"", ""sulfur_unit"": ""%"", ""ash"": ""0.00"", ""source_row"": 91}]","[{""component"": ""燃料一"", ""factor"": null, ""unit"": ""g/kg"", ""reference"": ""式(4)-(6)、表C.1-C.3；收到基灰分缺失""}, {""component"": ""燃料二"", ""factor"": 0.01, ""unit"": ""g/kg"", ""reference"": ""T/CSES 144-2024 7.2; 表D.1及注a-c""}]",[],,,式(4)-(6)、表C.1-C.3；收到基灰分缺失; T/CSES 144-2024 7.2; 表D.1及注a-c,POLLUTANT_PARAMETER_MISSING
SRC-RAW-FAB5057D4C83F3A4DE14,POWER,OC,information_insufficient,产排污系数法/煤质物料衡算法,"[{""component"": ""燃料一"", ""fuel"": ""一般烟煤"", ""raw_amount"": 1105863.0, ""unit"": ""吨"", ""generation_use"": 1080451.0, ""heat_use"": 25412.0, ""amount"": 1105863.0, ""sulfur"": ""0.610"", ""sulfur_unit"": ""%"", ""ash"": null, ""source_row"": 91}, {""component"": ""燃料二"", ""fuel"": ""柴油"", ""raw_amount"": 537.637, ""unit"": ""吨"", ""generation_use"": 537.636, ""heat_use"": 0.001, ""amount"": 537.637, ""sulfur"": ""0.001"", ""sulfur_unit"": ""%"", ""ash"": ""0.00"", ""source_row"": 91}]","[{""component"": ""燃料一"", ""factor"": 0, ""unit"": ""g/kg"", ""reference"": ""式(6)、表C.3；电力生产/热力生产和供应OC占比=0""}, {""component"": ""燃料二"", ""factor"": 0.04, ""unit"": ""g/kg"", ""reference"": ""T/CSES 144-2024 7.2; 表D.1及注a-c""}]",[],0.02150548,,式(6)、表C.3；电力生产/热力生产和供应OC占比=0; T/CSES 144-2024 7.2; 表D.1及注a-c,SOURCE_RELATION_MISSING
SRC-RAW-FAB5057D4C83F3A4DE14,POWER,NH3,not_involved,第7章核算范围,[],[],[],,,T/CSES 144-2024第7章、表D.1；未列NH3，未将缺省范围解释为零排放,OUTSIDE_CHAPTER7_POLLUTANT_SCOPE
SRC-RAW-AD8770B38710366C7C2C,POWER,SO2,information_insufficient,产排污系数法/煤质物料衡算法,"[{""component"": ""燃料一"", ""fuel"": ""一般烟煤"", ""raw_amount"": 1403150.0, ""unit"": ""吨"", ""generation_use"": 1337819.0, ""heat_use"": 65331.0, ""amount"": 1403150.0, ""sulfur"": ""0.620"", ""sulfur_unit"": ""%"", ""ash"": ""9.70"", ""source_row"": 92}, {""component"": ""燃料二"", ""fuel"": ""柴油"", ""raw_amount"": 548.375, ""unit"": ""吨"", ""generation_use"": 548.374, ""heat_use"": 0.001, ""amount"": 548.375, ""sulfur"": ""0.001"", ""sulfur_unit"": ""%"", ""ash"": ""0.00"", ""source_row"": 92}]","[{""component"": ""燃料一"", ""factor"": 10.54, ""unit"": ""g/kg"", ""reference"": ""式(3)、表C.1；S按质量分数；sr=0.15；g/kg""}, {""component"": ""燃料二"", ""factor"": 3, ""unit"": ""g/kg"", ""reference"": ""T/CSES 144-2024 7.2; 表D.1及注a-c""}]",[],14790.846124999998,,式(3)、表C.1；S按质量分数；sr=0.15；g/kg; T/CSES 144-2024 7.2; 表D.1及注a-c,SOURCE_RELATION_MISSING
SRC-RAW-AD8770B38710366C7C2C,POWER,NOx,information_insufficient,产排污系数法/煤质物料衡算法,"[{""component"": ""燃料一"", ""fuel"": ""一般烟煤"", ""raw_amount"": 1403150.0, ""unit"": ""吨"", ""generation_use"": 1337819.0, ""heat_use"": 65331.0, ""amount"": 1403150.0, ""sulfur"": ""0.620"", ""sulfur_unit"": ""%"", ""ash"": ""9.70"", ""source_row"": 92}, {""component"": ""燃料二"", ""fuel"": ""柴油"", ""raw_amount"": 548.375, ""unit"": ""吨"", ""generation_use"": 548.374, ""heat_use"": 0.001, ""amount"": 548.375, ""sulfur"": ""0.001"", ""sulfur_unit"": ""%"", ""ash"": ""0.00"", ""source_row"": 92}]","[{""component"": ""燃料一"", ""factor"": 7.21, ""unit"": ""g/kg"", ""reference"": ""T/CSES 144-2024 7.2; 表D.1及注a-c；万千瓦×10=MW""}, {""component"": ""燃料二"", ""factor"": 7.4, ""unit"": ""g/kg"", ""reference"": ""T/CSES 144-2024 7.2; 表D.1及注a-c""}]",[],10120.769475,,T/CSES 144-2024 7.2; 表D.1及注a-c；万千瓦×10=MW; T/CSES 144-2024 7.2; 表D.1及注a-c,SOURCE_RELATION_MISSING
SRC-RAW-AD8770B38710366C7C2C,POWER,CO,calculated,产排污系数法/煤质物料衡算法,"[{""component"": ""燃料一"", ""fuel"": ""一般烟煤"", ""raw_amount"": 1403150.0, ""unit"": ""吨"", ""generation_use"": 1337819.0, ""heat_use"": 65331.0, ""amount"": 1403150.0, ""sulfur"": ""0.620"", ""sulfur_unit"": ""%"", ""ash"": ""9.70"", ""source_row"": 92}, {""component"": ""燃料二"", ""fuel"": ""柴油"", ""raw_amount"": 548.375, ""unit"": ""吨"", ""generation_use"": 548.374, ""heat_use"": 0.001, ""amount"": 548.375, ""sulfur"": ""0.001"", ""sulfur_unit"": ""%"", ""ash"": ""0.00"", ""source_row"": 92}]","[{""component"": ""燃料一"", ""factor"": 2, ""unit"": ""g/kg"", ""reference"": ""T/CSES 144-2024 7.2; 表D.1及注a-c""}, {""component"": ""燃料二"", ""factor"": 0.6, ""unit"": ""g/kg"", ""reference"": ""T/CSES 144-2024 7.2; 表D.1及注a-c""}]","[{""component"": ""燃烧源治理"", ""efficiency"": 0, ""reference"": ""表A.1燃烧源控制措施VOCs为0；CO按表D.1""}]",2806.629025,2806.629025,T/CSES 144-2024 7.2; 表D.1及注a-c,
SRC-RAW-AD8770B38710366C7C2C,POWER,VOC,calculated,产排污系数法/煤质物料衡算法,"[{""component"": ""燃料一"", ""fuel"": ""一般烟煤"", ""raw_amount"": 1403150.0, ""unit"": ""吨"", ""generation_use"": 1337819.0, ""heat_use"": 65331.0, ""amount"": 1403150.0, ""sulfur"": ""0.620"", ""sulfur_unit"": ""%"", ""ash"": ""9.70"", ""source_row"": 92}, {""component"": ""燃料二"", ""fuel"": ""柴油"", ""raw_amount"": 548.375, ""unit"": ""吨"", ""generation_use"": 548.374, ""heat_use"": 0.001, ""amount"": 548.375, ""sulfur"": ""0.001"", ""sulfur_unit"": ""%"", ""ash"": ""0.00"", ""source_row"": 92}]","[{""component"": ""燃料一"", ""factor"": 0.04, ""unit"": ""g/kg"", ""reference"": ""T/CSES 144-2024 7.2; 表D.1及注a-c""}, {""component"": ""燃料二"", ""factor"": 0.13, ""unit"": ""g/kg"", ""reference"": ""T/CSES 144-2024 7.2; 表D.1及注a-c""}]","[{""component"": ""燃烧源治理"", ""efficiency"": 0, ""reference"": ""表A.1燃烧源控制措施VOCs为0；CO按表D.1""}]",56.19728875,56.19728875,T/CSES 144-2024 7.2; 表D.1及注a-c,
SRC-RAW-AD8770B38710366C7C2C,POWER,PM10,information_insufficient,产排污系数法/煤质物料衡算法,"[{""component"": ""燃料一"", ""fuel"": ""一般烟煤"", ""raw_amount"": 1403150.0, ""unit"": ""吨"", ""generation_use"": 1337819.0, ""heat_use"": 65331.0, ""amount"": 1403150.0, ""sulfur"": ""0.620"", ""sulfur_unit"": ""%"", ""ash"": ""9.70"", ""source_row"": 92}, {""component"": ""燃料二"", ""fuel"": ""柴油"", ""raw_amount"": 548.375, ""unit"": ""吨"", ""generation_use"": 548.374, ""heat_use"": 0.001, ""amount"": 548.375, ""sulfur"": ""0.001"", ""sulfur_unit"": ""%"", ""ash"": ""0.00"", ""source_row"": 92}]","[{""component"": ""燃料一"", ""factor"": 16.7325, ""unit"": ""g/kg"", ""reference"": ""式(4)-(6)、表C.1-C.3；灰分质量分数；g/kg""}, {""component"": ""燃料二"", ""factor"": 0.5, ""unit"": ""g/kg"", ""reference"": ""T/CSES 144-2024 7.2; 表D.1及注a-c""}]",[],23478.481562500005,,式(4)-(6)、表C.1-C.3；灰分质量分数；g/kg; T/CSES 144-2024 7.2; 表D.1及注a-c,SOURCE_RELATION_MISSING
SRC-RAW-AD8770B38710366C7C2C,POWER,PM2.5,information_insufficient,产排污系数法/煤质物料衡算法,"[{""component"": ""燃料一"", ""fuel"": ""一般烟煤"", ""raw_amount"": 1403150.0, ""unit"": ""吨"", ""generation_use"": 1337819.0, ""heat_use"": 65331.0, ""amount"": 1403150.0, ""sulfur"": ""0.620"", ""sulfur_unit"": ""%"", ""ash"": ""9.70"", ""source_row"": 92}, {""component"": ""燃料二"", ""fuel"": ""柴油"", ""raw_amount"": 548.375, ""unit"": ""吨"", ""generation_use"": 548.374, ""heat_use"": 0.001, ""amount"": 548.375, ""sulfur"": ""0.001"", ""sulfur_unit"": ""%"", ""ash"": ""0.00"", ""source_row"": 92}]","[{""component"": ""燃料一"", ""factor"": 4.365, ""unit"": ""g/kg"", ""reference"": ""式(4)-(6)、表C.1-C.3；灰分质量分数；g/kg""}, {""component"": ""燃料二"", ""factor"": 0.5, ""unit"": ""g/kg"", ""reference"": ""T/CSES 144-2024 7.2; 表D.1及注a-c""}]",[],6125.0239375,,式(4)-(6)、表C.1-C.3；灰分质量分数；g/kg; T/CSES 144-2024 7.2; 表D.1及注a-c,SOURCE_RELATION_MISSING
SRC-RAW-AD8770B38710366C7C2C,POWER,BC,information_insufficient,产排污系数法/煤质物料衡算法,"[{""component"": ""燃料一"", ""fuel"": ""一般烟煤"", ""raw_amount"": 1403150.0, ""unit"": ""吨"", ""generation_use"": 1337819.0, ""heat_use"": 65331.0, ""amount"": 1403150.0, ""sulfur"": ""0.620"", ""sulfur_unit"": ""%"", ""ash"": ""9.70"", ""source_row"": 92}, {""component"": ""燃料二"", ""fuel"": ""柴油"", ""raw_amount"": 548.375, ""unit"": ""吨"", ""generation_use"": 548.374, ""heat_use"": 0.001, ""amount"": 548.375, ""sulfur"": ""0.001"", ""sulfur_unit"": ""%"", ""ash"": ""0.00"", ""source_row"": 92}]","[{""component"": ""燃料一"", ""factor"": 0.00873, ""unit"": ""g/kg"", ""reference"": ""式(4)-(6)、表C.1-C.3；灰分质量分数；g/kg""}, {""component"": ""燃料二"", ""factor"": 0.01, ""unit"": ""g/kg"", ""reference"": ""T/CSES 144-2024 7.2; 表D.1及注a-c""}]",[],12.25498325,,式(4)-(6)、表C.1-C.3；灰分质量分数；g/kg; T/CSES 144-2024 7.2; 表D.1及注a-c,SOURCE_RELATION_MISSING
SRC-RAW-AD8770B38710366C7C2C,POWER,OC,information_insufficient,产排污系数法/煤质物料衡算法,"[{""component"": ""燃料一"", ""fuel"": ""一般烟煤"", ""raw_amount"": 1403150.0, ""unit"": ""吨"", ""generation_use"": 1337819.0, ""heat_use"": 65331.0, ""amount"": 1403150.0, ""sulfur"": ""0.620"", ""sulfur_unit"": ""%"", ""ash"": ""9.70"", ""source_row"": 92}, {""component"": ""燃料二"", ""fuel"": ""柴油"", ""raw_amount"": 548.375, ""unit"": ""吨"", ""generation_use"": 548.374, ""heat_use"": 0.001, ""amount"": 548.375, ""sulfur"": ""0.001"", ""sulfur_unit"": ""%"", ""ash"": ""0.00"", ""source_row"": 92}]","[{""component"": ""燃料一"", ""factor"": 0, ""unit"": ""g/kg"", ""reference"": ""式(6)、表C.3；电力生产/热力生产和供应OC占比=0""}, {""component"": ""燃料二"", ""factor"": 0.04, ""unit"": ""g/kg"", ""reference"": ""T/CSES 144-2024 7.2; 表D.1及注a-c""}]",[],0.021935,,式(6)、表C.3；电力生产/热力生产和供应OC占比=0; T/CSES 144-2024 7.2; 表D.1及注a-c,SOURCE_RELATION_MISSING
SRC-RAW-AD8770B38710366C7C2C,POWER,NH3,not_involved,第7章核算范围,[],[],[],,,T/CSES 144-2024第7章、表D.1；未列NH3，未将缺省范围解释为零排放,OUTSIDE_CHAPTER7_POLLUTANT_SCOPE
SRC-RAW-3813565566A3B83E884B,POWER,SO2,information_insufficient,产排污系数法/煤质物料衡算法,"[{""component"": ""燃料一"", ""fuel"": ""原煤"", ""raw_amount"": 1550882.0, ""unit"": ""吨"", ""generation_use"": 1420899.0, ""heat_use"": 129983.0, ""amount"": 1550882.0, ""sulfur"": ""0.610"", ""sulfur_unit"": ""%"", ""ash"": ""14.98"", ""source_row"": 93}, {""component"": ""燃料二"", ""fuel"": ""柴油"", ""raw_amount"": 3.066, ""unit"": ""吨"", ""generation_use"": 3.065, ""heat_use"": 0.001, ""amount"": 3.066, ""sulfur"": ""0.001"", ""sulfur_unit"": ""%"", ""ash"": ""0.00"", ""source_row"": 93}]","[{""component"": ""燃料一"", ""factor"": 10.37, ""unit"": ""g/kg"", ""reference"": ""式(3)、表C.1；S按质量分数；sr=0.15；g/kg""}, {""component"": ""燃料二"", ""factor"": 3, ""unit"": ""g/kg"", ""reference"": ""T/CSES 144-2024 7.2; 表D.1及注a-c""}]",[],16082.655537999997,,式(3)、表C.1；S按质量分数；sr=0.15；g/kg; T/CSES 144-2024 7.2; 表D.1及注a-c,SOURCE_RELATION_MISSING
SRC-RAW-3813565566A3B83E884B,POWER,NOx,information_insufficient,产排污系数法/煤质物料衡算法,"[{""component"": ""燃料一"", ""fuel"": ""原煤"", ""raw_amount"": 1550882.0, ""unit"": ""吨"", ""generation_use"": 1420899.0, ""heat_use"": 129983.0, ""amount"": 1550882.0, ""sulfur"": ""0.610"", ""sulfur_unit"": ""%"", ""ash"": ""14.98"", ""source_row"": 93}, {""component"": ""燃料二"", ""fuel"": ""柴油"", ""raw_amount"": 3.066, ""unit"": ""吨"", ""generation_use"": 3.065, ""heat_use"": 0.001, ""amount"": 3.066, ""sulfur"": ""0.001"", ""sulfur_unit"": ""%"", ""ash"": ""0.00"", ""source_row"": 93}]","[{""component"": ""燃料一"", ""factor"": 7.21, ""unit"": ""g/kg"", ""reference"": ""T/CSES 144-2024 7.2; 表D.1及注a-c；万千瓦×10=MW""}, {""component"": ""燃料二"", ""factor"": 7.4, ""unit"": ""g/kg"", ""reference"": ""T/CSES 144-2024 7.2; 表D.1及注a-c""}]",[],11181.8819084,,T/CSES 144-2024 7.2; 表D.1及注a-c；万千瓦×10=MW; T/CSES 144-2024 7.2; 表D.1及注a-c,SOURCE_RELATION_MISSING
SRC-RAW-3813565566A3B83E884B,POWER,CO,calculated,产排污系数法/煤质物料衡算法,"[{""component"": ""燃料一"", ""fuel"": ""原煤"", ""raw_amount"": 1550882.0, ""unit"": ""吨"", ""generation_use"": 1420899.0, ""heat_use"": 129983.0, ""amount"": 1550882.0, ""sulfur"": ""0.610"", ""sulfur_unit"": ""%"", ""ash"": ""14.98"", ""source_row"": 93}, {""component"": ""燃料二"", ""fuel"": ""柴油"", ""raw_amount"": 3.066, ""unit"": ""吨"", ""generation_use"": 3.065, ""heat_use"": 0.001, ""amount"": 3.066, ""sulfur"": ""0.001"", ""sulfur_unit"": ""%"", ""ash"": ""0.00"", ""source_row"": 93}]","[{""component"": ""燃料一"", ""factor"": 2, ""unit"": ""g/kg"", ""reference"": ""T/CSES 144-2024 7.2; 表D.1及注a-c""}, {""component"": ""燃料二"", ""factor"": 0.6, ""unit"": ""g/kg"", ""reference"": ""T/CSES 144-2024 7.2; 表D.1及注a-c""}]","[{""component"": ""燃烧源治理"", ""efficiency"": 0, ""reference"": ""表A.1燃烧源控制措施VOCs为0；CO按表D.1""}]",3101.7658396,3101.7658396,T/CSES 144-2024 7.2; 表D.1及注a-c,
SRC-RAW-3813565566A3B83E884B,POWER,VOC,calculated,产排污系数法/煤质物料衡算法,"[{""component"": ""燃料一"", ""fuel"": ""原煤"", ""raw_amount"": 1550882.0, ""unit"": ""吨"", ""generation_use"": 1420899.0, ""heat_use"": 129983.0, ""amount"": 1550882.0, ""sulfur"": ""0.610"", ""sulfur_unit"": ""%"", ""ash"": ""14.98"", ""source_row"": 93}, {""component"": ""燃料二"", ""fuel"": ""柴油"", ""raw_amount"": 3.066, ""unit"": ""吨"", ""generation_use"": 3.065, ""heat_use"": 0.001, ""amount"": 3.066, ""sulfur"": ""0.001"", ""sulfur_unit"": ""%"", ""ash"": ""0.00"", ""source_row"": 93}]","[{""component"": ""燃料一"", ""factor"": 0.04, ""unit"": ""g/kg"", ""reference"": ""T/CSES 144-2024 7.2; 表D.1及注a-c""}, {""component"": ""燃料二"", ""factor"": 0.13, ""unit"": ""g/kg"", ""reference"": ""T/CSES 144-2024 7.2; 表D.1及注a-c""}]","[{""component"": ""燃烧源治理"", ""efficiency"": 0, ""reference"": ""表A.1燃烧源控制措施VOCs为0；CO按表D.1""}]",62.03567858,62.03567858,T/CSES 144-2024 7.2; 表D.1及注a-c,
SRC-RAW-3813565566A3B83E884B,POWER,PM10,information_insufficient,产排污系数法/煤质物料衡算法,"[{""component"": ""燃料一"", ""fuel"": ""原煤"", ""raw_amount"": 1550882.0, ""unit"": ""吨"", ""generation_use"": 1420899.0, ""heat_use"": 129983.0, ""amount"": 1550882.0, ""sulfur"": ""0.610"", ""sulfur_unit"": ""%"", ""ash"": ""14.98"", ""source_row"": 93}, {""component"": ""燃料二"", ""fuel"": ""柴油"", ""raw_amount"": 3.066, ""unit"": ""吨"", ""generation_use"": 3.065, ""heat_use"": 0.001, ""amount"": 3.066, ""sulfur"": ""0.001"", ""sulfur_unit"": ""%"", ""ash"": ""0.00"", ""source_row"": 93}]","[{""component"": ""燃料一"", ""factor"": 25.840500000000002, ""unit"": ""g/kg"", ""reference"": ""式(4)-(6)、表C.1-C.3；灰分质量分数；g/kg""}, {""component"": ""燃料二"", ""factor"": 0.5, ""unit"": ""g/kg"", ""reference"": ""T/CSES 144-2024 7.2; 表D.1及注a-c""}]",[],40075.56785400001,,式(4)-(6)、表C.1-C.3；灰分质量分数；g/kg; T/CSES 144-2024 7.2; 表D.1及注a-c,SOURCE_RELATION_MISSING
SRC-RAW-3813565566A3B83E884B,POWER,PM2.5,information_insufficient,产排污系数法/煤质物料衡算法,"[{""component"": ""燃料一"", ""fuel"": ""原煤"", ""raw_amount"": 1550882.0, ""unit"": ""吨"", ""generation_use"": 1420899.0, ""heat_use"": 129983.0, ""amount"": 1550882.0, ""sulfur"": ""0.610"", ""sulfur_unit"": ""%"", ""ash"": ""14.98"", ""source_row"": 93}, {""component"": ""燃料二"", ""fuel"": ""柴油"", ""raw_amount"": 3.066, ""unit"": ""吨"", ""generation_use"": 3.065, ""heat_use"": 0.001, ""amount"": 3.066, ""sulfur"": ""0.001"", ""sulfur_unit"": ""%"", ""ash"": ""0.00"", ""source_row"": 93}]","[{""component"": ""燃料一"", ""factor"": 6.7410000000000005, ""unit"": ""g/kg"", ""reference"": ""式(4)-(6)、表C.1-C.3；灰分质量分数；g/kg""}, {""component"": ""燃料二"", ""factor"": 0.5, ""unit"": ""g/kg"", ""reference"": ""T/CSES 144-2024 7.2; 表D.1及注a-c""}]",[],10454.497095000002,,式(4)-(6)、表C.1-C.3；灰分质量分数；g/kg; T/CSES 144-2024 7.2; 表D.1及注a-c,SOURCE_RELATION_MISSING
SRC-RAW-3813565566A3B83E884B,POWER,BC,information_insufficient,产排污系数法/煤质物料衡算法,"[{""component"": ""燃料一"", ""fuel"": ""原煤"", ""raw_amount"": 1550882.0, ""unit"": ""吨"", ""generation_use"": 1420899.0, ""heat_use"": 129983.0, ""amount"": 1550882.0, ""sulfur"": ""0.610"", ""sulfur_unit"": ""%"", ""ash"": ""14.98"", ""source_row"": 93}, {""component"": ""燃料二"", ""fuel"": ""柴油"", ""raw_amount"": 3.066, ""unit"": ""吨"", ""generation_use"": 3.065, ""heat_use"": 0.001, ""amount"": 3.066, ""sulfur"": ""0.001"", ""sulfur_unit"": ""%"", ""ash"": ""0.00"", ""source_row"": 93}]","[{""component"": ""燃料一"", ""factor"": 0.013482000000000001, ""unit"": ""g/kg"", ""reference"": ""式(4)-(6)、表C.1-C.3；灰分质量分数；g/kg""}, {""component"": ""燃料二"", ""factor"": 0.01, ""unit"": ""g/kg"", ""reference"": ""T/CSES 144-2024 7.2; 表D.1及注a-c""}]",[],20.909021784,,式(4)-(6)、表C.1-C.3；灰分质量分数；g/kg; T/CSES 144-2024 7.2; 表D.1及注a-c,SOURCE_RELATION_MISSING
SRC-RAW-3813565566A3B83E884B,POWER,OC,information_insufficient,产排污系数法/煤质物料衡算法,"[{""component"": ""燃料一"", ""fuel"": ""原煤"", ""raw_amount"": 1550882.0, ""unit"": ""吨"", ""generation_use"": 1420899.0, ""heat_use"": 129983.0, ""amount"": 1550882.0, ""sulfur"": ""0.610"", ""sulfur_unit"": ""%"", ""ash"": ""14.98"", ""source_row"": 93}, {""component"": ""燃料二"", ""fuel"": ""柴油"", ""raw_amount"": 3.066, ""unit"": ""吨"", ""generation_use"": 3.065, ""heat_use"": 0.001, ""amount"": 3.066, ""sulfur"": ""0.001"", ""sulfur_unit"": ""%"", ""ash"": ""0.00"", ""source_row"": 93}]","[{""component"": ""燃料一"", ""factor"": 0, ""unit"": ""g/kg"", ""reference"": ""式(6)、表C.3；电力生产/热力生产和供应OC占比=0""}, {""component"": ""燃料二"", ""factor"": 0.04, ""unit"": ""g/kg"", ""reference"": ""T/CSES 144-2024 7.2; 表D.1及注a-c""}]",[],0.00012264,,式(6)、表C.3；电力生产/热力生产和供应OC占比=0; T/CSES 144-2024 7.2; 表D.1及注a-c,SOURCE_RELATION_MISSING
SRC-RAW-3813565566A3B83E884B,POWER,NH3,not_involved,第7章核算范围,[],[],[],,,T/CSES 144-2024第7章、表D.1；未列NH3，未将缺省范围解释为零排放,OUTSIDE_CHAPTER7_POLLUTANT_SCOPE
SRC-RAW-034EA11B7545A4E80FF5,POWER,SO2,information_insufficient,产排污系数法/煤质物料衡算法,"[{""component"": ""燃料一"", ""fuel"": ""原煤"", ""raw_amount"": null, ""unit"": ""吨"", ""generation_use"": 1367558.0, ""heat_use"": 124959.0, ""amount"": 1492517.0, ""sulfur"": ""0.610"", ""sulfur_unit"": ""%"", ""ash"": ""14.98"", ""source_row"": 94, ""derivation"": ""同单位发电消耗量+供热消耗量，指南7.2.1.2活动水平定义""}, {""component"": ""燃料二"", ""fuel"": ""柴油"", ""raw_amount"": 5.913, ""unit"": ""吨"", ""generation_use"": 5.912, ""heat_use"": 0.001, ""amount"": 5.913, ""sulfur"": ""0.001"", ""sulfur_unit"": ""%"", ""ash"": ""0.00"", ""source_row"": 94}]","[{""component"": ""燃料一"", ""factor"": 10.37, ""unit"": ""g/kg"", ""reference"": ""式(3)、表C.1；S按质量分数；sr=0.15；g/kg""}, {""component"": ""燃料二"", ""factor"": 3, ""unit"": ""g/kg"", ""reference"": ""T/CSES 144-2024 7.2; 表D.1及注a-c""}]",[],15477.419029,,式(3)、表C.1；S按质量分数；sr=0.15；g/kg; T/CSES 144-2024 7.2; 表D.1及注a-c,SOURCE_RELATION_MISSING
SRC-RAW-034EA11B7545A4E80FF5,POWER,NOx,information_insufficient,产排污系数法/煤质物料衡算法,"[{""component"": ""燃料一"", ""fuel"": ""原煤"", ""raw_amount"": null, ""unit"": ""吨"", ""generation_use"": 1367558.0, ""heat_use"": 124959.0, ""amount"": 1492517.0, ""sulfur"": ""0.610"", ""sulfur_unit"": ""%"", ""ash"": ""14.98"", ""source_row"": 94, ""derivation"": ""同单位发电消耗量+供热消耗量，指南7.2.1.2活动水平定义""}, {""component"": ""燃料二"", ""fuel"": ""柴油"", ""raw_amount"": 5.913, ""unit"": ""吨"", ""generation_use"": 5.912, ""heat_use"": 0.001, ""amount"": 5.913, ""sulfur"": ""0.001"", ""sulfur_unit"": ""%"", ""ash"": ""0.00"", ""source_row"": 94}]","[{""component"": ""燃料一"", ""factor"": 7.21, ""unit"": ""g/kg"", ""reference"": ""T/CSES 144-2024 7.2; 表D.1及注a-c；万千瓦×10=MW""}, {""component"": ""燃料二"", ""factor"": 7.4, ""unit"": ""g/kg"", ""reference"": ""T/CSES 144-2024 7.2; 表D.1及注a-c""}]",[],10761.091326200001,,T/CSES 144-2024 7.2; 表D.1及注a-c；万千瓦×10=MW; T/CSES 144-2024 7.2; 表D.1及注a-c,SOURCE_RELATION_MISSING
SRC-RAW-034EA11B7545A4E80FF5,POWER,CO,calculated,产排污系数法/煤质物料衡算法,"[{""component"": ""燃料一"", ""fuel"": ""原煤"", ""raw_amount"": null, ""unit"": ""吨"", ""generation_use"": 1367558.0, ""heat_use"": 124959.0, ""amount"": 1492517.0, ""sulfur"": ""0.610"", ""sulfur_unit"": ""%"", ""ash"": ""14.98"", ""source_row"": 94, ""derivation"": ""同单位发电消耗量+供热消耗量，指南7.2.1.2活动水平定义""}, {""component"": ""燃料二"", ""fuel"": ""柴油"", ""raw_amount"": 5.913, ""unit"": ""吨"", ""generation_use"": 5.912, ""heat_use"": 0.001, ""amount"": 5.913, ""sulfur"": ""0.001"", ""sulfur_unit"": ""%"", ""ash"": ""0.00"", ""source_row"": 94}]","[{""component"": ""燃料一"", ""factor"": 2, ""unit"": ""g/kg"", ""reference"": ""T/CSES 144-2024 7.2; 表D.1及注a-c""}, {""component"": ""燃料二"", ""factor"": 0.6, ""unit"": ""g/kg"", ""reference"": ""T/CSES 144-2024 7.2; 表D.1及注a-c""}]","[{""component"": ""燃烧源治理"", ""efficiency"": 0, ""reference"": ""表A.1燃烧源控制措施VOCs为0；CO按表D.1""}]",2985.0375478,2985.0375478,T/CSES 144-2024 7.2; 表D.1及注a-c,
SRC-RAW-034EA11B7545A4E80FF5,POWER,VOC,calculated,产排污系数法/煤质物料衡算法,"[{""component"": ""燃料一"", ""fuel"": ""原煤"", ""raw_amount"": null, ""unit"": ""吨"", ""generation_use"": 1367558.0, ""heat_use"": 124959.0, ""amount"": 1492517.0, ""sulfur"": ""0.610"", ""sulfur_unit"": ""%"", ""ash"": ""14.98"", ""source_row"": 94, ""derivation"": ""同单位发电消耗量+供热消耗量，指南7.2.1.2活动水平定义""}, {""component"": ""燃料二"", ""fuel"": ""柴油"", ""raw_amount"": 5.913, ""unit"": ""吨"", ""generation_use"": 5.912, ""heat_use"": 0.001, ""amount"": 5.913, ""sulfur"": ""0.001"", ""sulfur_unit"": ""%"", ""ash"": ""0.00"", ""source_row"": 94}]","[{""component"": ""燃料一"", ""factor"": 0.04, ""unit"": ""g/kg"", ""reference"": ""T/CSES 144-2024 7.2; 表D.1及注a-c""}, {""component"": ""燃料二"", ""factor"": 0.13, ""unit"": ""g/kg"", ""reference"": ""T/CSES 144-2024 7.2; 表D.1及注a-c""}]","[{""component"": ""燃烧源治理"", ""efficiency"": 0, ""reference"": ""表A.1燃烧源控制措施VOCs为0；CO按表D.1""}]",59.70144869,59.70144869,T/CSES 144-2024 7.2; 表D.1及注a-c,
SRC-RAW-034EA11B7545A4E80FF5,POWER,PM10,information_insufficient,产排污系数法/煤质物料衡算法,"[{""component"": ""燃料一"", ""fuel"": ""原煤"", ""raw_amount"": null, ""unit"": ""吨"", ""generation_use"": 1367558.0, ""heat_use"": 124959.0, ""amount"": 1492517.0, ""sulfur"": ""0.610"", ""sulfur_unit"": ""%"", ""ash"": ""14.98"", ""source_row"": 94, ""derivation"": ""同单位发电消耗量+供热消耗量，指南7.2.1.2活动水平定义""}, {""component"": ""燃料二"", ""fuel"": ""柴油"", ""raw_amount"": 5.913, ""unit"": ""吨"", ""generation_use"": 5.912, ""heat_use"": 0.001, ""amount"": 5.913, ""sulfur"": ""0.001"", ""sulfur_unit"": ""%"", ""ash"": ""0.00"", ""source_row"": 94}]","[{""component"": ""燃料一"", ""factor"": 25.840500000000002, ""unit"": ""g/kg"", ""reference"": ""式(4)-(6)、表C.1-C.3；灰分质量分数；g/kg""}, {""component"": ""燃料二"", ""factor"": 0.5, ""unit"": ""g/kg"", ""reference"": ""T/CSES 144-2024 7.2; 表D.1及注a-c""}]",[],38567.38849500001,,式(4)-(6)、表C.1-C.3；灰分质量分数；g/kg; T/CSES 144-2024 7.2; 表D.1及注a-c,SOURCE_RELATION_MISSING
SRC-RAW-034EA11B7545A4E80FF5,POWER,PM2.5,information_insufficient,产排污系数法/煤质物料衡算法,"[{""component"": ""燃料一"", ""fuel"": ""原煤"", ""raw_amount"": null, ""unit"": ""吨"", ""generation_use"": 1367558.0, ""heat_use"": 124959.0, ""amount"": 1492517.0, ""sulfur"": ""0.610"", ""sulfur_unit"": ""%"", ""ash"": ""14.98"", ""source_row"": 94, ""derivation"": ""同单位发电消耗量+供热消耗量，指南7.2.1.2活动水平定义""}, {""component"": ""燃料二"", ""fuel"": ""柴油"", ""raw_amount"": 5.913, ""unit"": ""吨"", ""generation_use"": 5.912, ""heat_use"": 0.001, ""amount"": 5.913, ""sulfur"": ""0.001"", ""sulfur_unit"": ""%"", ""ash"": ""0.00"", ""source_row"": 94}]","[{""component"": ""燃料一"", ""factor"": 6.7410000000000005, ""unit"": ""g/kg"", ""reference"": ""式(4)-(6)、表C.1-C.3；灰分质量分数；g/kg""}, {""component"": ""燃料二"", ""factor"": 0.5, ""unit"": ""g/kg"", ""reference"": ""T/CSES 144-2024 7.2; 表D.1及注a-c""}]",[],10061.060053500001,,式(4)-(6)、表C.1-C.3；灰分质量分数；g/kg; T/CSES 144-2024 7.2; 表D.1及注a-c,SOURCE_RELATION_MISSING
SRC-RAW-034EA11B7545A4E80FF5,POWER,BC,information_insufficient,产排污系数法/煤质物料衡算法,"[{""component"": ""燃料一"", ""fuel"": ""原煤"", ""raw_amount"": null, ""unit"": ""吨"", ""generation_use"": 1367558.0, ""heat_use"": 124959.0, ""amount"": 1492517.0, ""sulfur"": ""0.610"", ""sulfur_unit"": ""%"", ""ash"": ""14.98"", ""source_row"": 94, ""derivation"": ""同单位发电消耗量+供热消耗量，指南7.2.1.2活动水平定义""}, {""component"": ""燃料二"", ""fuel"": ""柴油"", ""raw_amount"": 5.913, ""unit"": ""吨"", ""generation_use"": 5.912, ""heat_use"": 0.001, ""amount"": 5.913, ""sulfur"": ""0.001"", ""sulfur_unit"": ""%"", ""ash"": ""0.00"", ""source_row"": 94}]","[{""component"": ""燃料一"", ""factor"": 0.013482000000000001, ""unit"": ""g/kg"", ""reference"": ""式(4)-(6)、表C.1-C.3；灰分质量分数；g/kg""}, {""component"": ""燃料二"", ""factor"": 0.01, ""unit"": ""g/kg"", ""reference"": ""T/CSES 144-2024 7.2; 表D.1及注a-c""}]",[],20.122173324000002,,式(4)-(6)、表C.1-C.3；灰分质量分数；g/kg; T/CSES 144-2024 7.2; 表D.1及注a-c,SOURCE_RELATION_MISSING
SRC-RAW-034EA11B7545A4E80FF5,POWER,OC,information_insufficient,产排污系数法/煤质物料衡算法,"[{""component"": ""燃料一"", ""fuel"": ""原煤"", ""raw_amount"": null, ""unit"": ""吨"", ""generation_use"": 1367558.0, ""heat_use"": 124959.0, ""amount"": 1492517.0, ""sulfur"": ""0.610"", ""sulfur_unit"": ""%"", ""ash"": ""14.98"", ""source_row"": 94, ""derivation"": ""同单位发电消耗量+供热消耗量，指南7.2.1.2活动水平定义""}, {""component"": ""燃料二"", ""fuel"": ""柴油"", ""raw_amount"": 5.913, ""unit"": ""吨"", ""generation_use"": 5.912, ""heat_use"": 0.001, ""amount"": 5.913, ""sulfur"": ""0.001"", ""sulfur_unit"": ""%"", ""ash"": ""0.00"", ""source_row"": 94}]","[{""component"": ""燃料一"", ""factor"": 0, ""unit"": ""g/kg"", ""reference"": ""式(6)、表C.3；电力生产/热力生产和供应OC占比=0""}, {""component"": ""燃料二"", ""factor"": 0.04, ""unit"": ""g/kg"", ""reference"": ""T/CSES 144-2024 7.2; 表D.1及注a-c""}]",[],0.00023652000000000002,,式(6)、表C.3；电力生产/热力生产和供应OC占比=0; T/CSES 144-2024 7.2; 表D.1及注a-c,SOURCE_RELATION_MISSING
SRC-RAW-034EA11B7545A4E80FF5,POWER,NH3,not_involved,第7章核算范围,[],[],[],,,T/CSES 144-2024第7章、表D.1；未列NH3，未将缺省范围解释为零排放,OUTSIDE_CHAPTER7_POLLUTANT_SCOPE
SRC-RAW-A76844F8CA4874DDAB78,POWER,SO2,information_insufficient,产排污系数法/煤质物料衡算法,"[{""component"": ""燃料一"", ""fuel"": ""原煤"", ""raw_amount"": 649715.0, ""unit"": ""吨"", ""generation_use"": 640554.0, ""heat_use"": 9161.0, ""amount"": 649715.0, ""sulfur"": ""0.600"", ""sulfur_unit"": ""%"", ""ash"": ""15.92"", ""source_row"": 97}]","[{""component"": ""燃料一"", ""factor"": 10.200000000000001, ""unit"": ""g/kg"", ""reference"": ""式(3)、表C.1；S按质量分数；sr=0.15；g/kg""}]",[],6627.093000000001,,式(3)、表C.1；S按质量分数；sr=0.15；g/kg,SOURCE_RELATION_MISSING
SRC-RAW-A76844F8CA4874DDAB78,POWER,NOx,information_insufficient,产排污系数法/煤质物料衡算法,"[{""component"": ""燃料一"", ""fuel"": ""原煤"", ""raw_amount"": 649715.0, ""unit"": ""吨"", ""generation_use"": 640554.0, ""heat_use"": 9161.0, ""amount"": 649715.0, ""sulfur"": ""0.600"", ""sulfur_unit"": ""%"", ""ash"": ""15.92"", ""source_row"": 97}]","[{""component"": ""燃料一"", ""factor"": 7.21, ""unit"": ""g/kg"", ""reference"": ""T/CSES 144-2024 7.2; 表D.1及注a-c；万千瓦×10=MW""}]",[],4684.4451500000005,,T/CSES 144-2024 7.2; 表D.1及注a-c；万千瓦×10=MW,SOURCE_RELATION_MISSING
SRC-RAW-A76844F8CA4874DDAB78,POWER,CO,calculated,产排污系数法/煤质物料衡算法,"[{""component"": ""燃料一"", ""fuel"": ""原煤"", ""raw_amount"": 649715.0, ""unit"": ""吨"", ""generation_use"": 640554.0, ""heat_use"": 9161.0, ""amount"": 649715.0, ""sulfur"": ""0.600"", ""sulfur_unit"": ""%"", ""ash"": ""15.92"", ""source_row"": 97}]","[{""component"": ""燃料一"", ""factor"": 2, ""unit"": ""g/kg"", ""reference"": ""T/CSES 144-2024 7.2; 表D.1及注a-c""}]","[{""component"": ""燃烧源治理"", ""efficiency"": 0, ""reference"": ""表A.1燃烧源控制措施VOCs为0；CO按表D.1""}]",1299.43,1299.43,T/CSES 144-2024 7.2; 表D.1及注a-c,
SRC-RAW-A76844F8CA4874DDAB78,POWER,VOC,calculated,产排污系数法/煤质物料衡算法,"[{""component"": ""燃料一"", ""fuel"": ""原煤"", ""raw_amount"": 649715.0, ""unit"": ""吨"", ""generation_use"": 640554.0, ""heat_use"": 9161.0, ""amount"": 649715.0, ""sulfur"": ""0.600"", ""sulfur_unit"": ""%"", ""ash"": ""15.92"", ""source_row"": 97}]","[{""component"": ""燃料一"", ""factor"": 0.04, ""unit"": ""g/kg"", ""reference"": ""T/CSES 144-2024 7.2; 表D.1及注a-c""}]","[{""component"": ""燃烧源治理"", ""efficiency"": 0, ""reference"": ""表A.1燃烧源控制措施VOCs为0；CO按表D.1""}]",25.9886,25.9886,T/CSES 144-2024 7.2; 表D.1及注a-c,
SRC-RAW-A76844F8CA4874DDAB78,POWER,PM10,information_insufficient,产排污系数法/煤质物料衡算法,"[{""component"": ""燃料一"", ""fuel"": ""原煤"", ""raw_amount"": 649715.0, ""unit"": ""吨"", ""generation_use"": 640554.0, ""heat_use"": 9161.0, ""amount"": 649715.0, ""sulfur"": ""0.600"", ""sulfur_unit"": ""%"", ""ash"": ""15.92"", ""source_row"": 97}]","[{""component"": ""燃料一"", ""factor"": 27.462000000000003, ""unit"": ""g/kg"", ""reference"": ""式(4)-(6)、表C.1-C.3；灰分质量分数；g/kg""}]",[],17842.47333,,式(4)-(6)、表C.1-C.3；灰分质量分数；g/kg,SOURCE_RELATION_MISSING
SRC-RAW-A76844F8CA4874DDAB78,POWER,PM2.5,information_insufficient,产排污系数法/煤质物料衡算法,"[{""component"": ""燃料一"", ""fuel"": ""原煤"", ""raw_amount"": 649715.0, ""unit"": ""吨"", ""generation_use"": 640554.0, ""heat_use"": 9161.0, ""amount"": 649715.0, ""sulfur"": ""0.600"", ""sulfur_unit"": ""%"", ""ash"": ""15.92"", ""source_row"": 97}]","[{""component"": ""燃料一"", ""factor"": 7.164000000000001, ""unit"": ""g/kg"", ""reference"": ""式(4)-(6)、表C.1-C.3；灰分质量分数；g/kg""}]",[],4654.558260000001,,式(4)-(6)、表C.1-C.3；灰分质量分数；g/kg,SOURCE_RELATION_MISSING
SRC-RAW-A76844F8CA4874DDAB78,POWER,BC,information_insufficient,产排污系数法/煤质物料衡算法,"[{""component"": ""燃料一"", ""fuel"": ""原煤"", ""raw_amount"": 649715.0, ""unit"": ""吨"", ""generation_use"": 640554.0, ""heat_use"": 9161.0, ""amount"": 649715.0, ""sulfur"": ""0.600"", ""sulfur_unit"": ""%"", ""ash"": ""15.92"", ""source_row"": 97}]","[{""component"": ""燃料一"", ""factor"": 0.014328, ""unit"": ""g/kg"", ""reference"": ""式(4)-(6)、表C.1-C.3；灰分质量分数；g/kg""}]",[],9.30911652,,式(4)-(6)、表C.1-C.3；灰分质量分数；g/kg,SOURCE_RELATION_MISSING
SRC-RAW-A76844F8CA4874DDAB78,POWER,OC,calculated,产排污系数法/煤质物料衡算法,"[{""component"": ""燃料一"", ""fuel"": ""原煤"", ""raw_amount"": 649715.0, ""unit"": ""吨"", ""generation_use"": 640554.0, ""heat_use"": 9161.0, ""amount"": 649715.0, ""sulfur"": ""0.600"", ""sulfur_unit"": ""%"", ""ash"": ""15.92"", ""source_row"": 97}]","[{""component"": ""燃料一"", ""factor"": 0, ""unit"": ""g/kg"", ""reference"": ""式(6)、表C.3；电力生产/热力生产和供应OC占比=0""}]",[],0.0,0,式(6)、表C.3；电力生产/热力生产和供应OC占比=0,
SRC-RAW-A76844F8CA4874DDAB78,POWER,NH3,not_involved,第7章核算范围,[],[],[],,,T/CSES 144-2024第7章、表D.1；未列NH3，未将缺省范围解释为零排放,OUTSIDE_CHAPTER7_POLLUTANT_SCOPE
SRC-RAW-57975824CAAF1FEA69F8,POWER,SO2,source_data_invalid,产排污系数法/煤质物料衡算法,"[{""component"": ""燃料一"", ""fuel"": ""原煤"", ""raw_amount"": -745182.0, ""unit"": ""吨"", ""generation_use"": 742708.0, ""heat_use"": 2474.0, ""amount"": -745182.0, ""sulfur"": ""0.610"", ""sulfur_unit"": ""%"", ""ash"": ""16.13"", ""source_row"": 98}]","[{""component"": ""燃料一"", ""factor"": 10.37, ""unit"": ""g/kg"", ""reference"": ""式(3)、表C.1；S按质量分数；sr=0.15；g/kg""}]",[],,,式(3)、表C.1；S按质量分数；sr=0.15；g/kg,HARD_CONSTRAINT_CONFLICT
SRC-RAW-57975824CAAF1FEA69F8,POWER,NOx,source_data_invalid,产排污系数法/煤质物料衡算法,"[{""component"": ""燃料一"", ""fuel"": ""原煤"", ""raw_amount"": -745182.0, ""unit"": ""吨"", ""generation_use"": 742708.0, ""heat_use"": 2474.0, ""amount"": -745182.0, ""sulfur"": ""0.610"", ""sulfur_unit"": ""%"", ""ash"": ""16.13"", ""source_row"": 98}]","[{""component"": ""燃料一"", ""factor"": 7.21, ""unit"": ""g/kg"", ""reference"": ""T/CSES 144-2024 7.2; 表D.1及注a-c；万千瓦×10=MW""}]",[],,,T/CSES 144-2024 7.2; 表D.1及注a-c；万千瓦×10=MW,HARD_CONSTRAINT_CONFLICT
SRC-RAW-57975824CAAF1FEA69F8,POWER,CO,source_data_invalid,产排污系数法/煤质物料衡算法,"[{""component"": ""燃料一"", ""fuel"": ""原煤"", ""raw_amount"": -745182.0, ""unit"": ""吨"", ""generation_use"": 742708.0, ""heat_use"": 2474.0, ""amount"": -745182.0, ""sulfur"": ""0.610"", ""sulfur_unit"": ""%"", ""ash"": ""16.13"", ""source_row"": 98}]","[{""component"": ""燃料一"", ""factor"": 2, ""unit"": ""g/kg"", ""reference"": ""T/CSES 144-2024 7.2; 表D.1及注a-c""}]",[],,,T/CSES 144-2024 7.2; 表D.1及注a-c,HARD_CONSTRAINT_CONFLICT
SRC-RAW-57975824CAAF1FEA69F8,POWER,VOC,source_data_invalid,产排污系数法/煤质物料衡算法,"[{""component"": ""燃料一"", ""fuel"": ""原煤"", ""raw_amount"": -745182.0, ""unit"": ""吨"", ""generation_use"": 742708.0, ""heat_use"": 2474.0, ""amount"": -745182.0, ""sulfur"": ""0.610"", ""sulfur_unit"": ""%"", ""ash"": ""16.13"", ""source_row"": 98}]","[{""component"": ""燃料一"", ""factor"": 0.04, ""unit"": ""g/kg"", ""reference"": ""T/CSES 144-2024 7.2; 表D.1及注a-c""}]",[],,,T/CSES 144-2024 7.2; 表D.1及注a-c,HARD_CONSTRAINT_CONFLICT
SRC-RAW-57975824CAAF1FEA69F8,POWER,PM10,source_data_invalid,产排污系数法/煤质物料衡算法,"[{""component"": ""燃料一"", ""fuel"": ""原煤"", ""raw_amount"": -745182.0, ""unit"": ""吨"", ""generation_use"": 742708.0, ""heat_use"": 2474.0, ""amount"": -745182.0, ""sulfur"": ""0.610"", ""sulfur_unit"": ""%"", ""ash"": ""16.13"", ""source_row"": 98}]","[{""component"": ""燃料一"", ""factor"": 27.824250000000003, ""unit"": ""g/kg"", ""reference"": ""式(4)-(6)、表C.1-C.3；灰分质量分数；g/kg""}]",[],,,式(4)-(6)、表C.1-C.3；灰分质量分数；g/kg,HARD_CONSTRAINT_CONFLICT
SRC-RAW-57975824CAAF1FEA69F8,POWER,PM2.5,source_data_invalid,产排污系数法/煤质物料衡算法,"[{""component"": ""燃料一"", ""fuel"": ""原煤"", ""raw_amount"": -745182.0, ""unit"": ""吨"", ""generation_use"": 742708.0, ""heat_use"": 2474.0, ""amount"": -745182.0, ""sulfur"": ""0.610"", ""sulfur_unit"": ""%"", ""ash"": ""16.13"", ""source_row"": 98}]","[{""component"": ""燃料一"", ""factor"": 7.2585, ""unit"": ""g/kg"", ""reference"": ""式(4)-(6)、表C.1-C.3；灰分质量分数；g/kg""}]",[],,,式(4)-(6)、表C.1-C.3；灰分质量分数；g/kg,HARD_CONSTRAINT_CONFLICT
SRC-RAW-57975824CAAF1FEA69F8,POWER,BC,source_data_invalid,产排污系数法/煤质物料衡算法,"[{""component"": ""燃料一"", ""fuel"": ""原煤"", ""raw_amount"": -745182.0, ""unit"": ""吨"", ""generation_use"": 742708.0, ""heat_use"": 2474.0, ""amount"": -745182.0, ""sulfur"": ""0.610"", ""sulfur_unit"": ""%"", ""ash"": ""16.13"", ""source_row"": 98}]","[{""component"": ""燃料一"", ""factor"": 0.014516999999999999, ""unit"": ""g/kg"", ""reference"": ""式(4)-(6)、表C.1-C.3；灰分质量分数；g/kg""}]",[],,,式(4)-(6)、表C.1-C.3；灰分质量分数；g/kg,HARD_CONSTRAINT_CONFLICT
SRC-RAW-57975824CAAF1FEA69F8,POWER,OC,source_data_invalid,产排污系数法/煤质物料衡算法,"[{""component"": ""燃料一"", ""fuel"": ""原煤"", ""raw_amount"": -745182.0, ""unit"": ""吨"", ""generation_use"": 742708.0, ""heat_use"": 2474.0, ""amount"": -745182.0, ""sulfur"": ""0.610"", ""sulfur_unit"": ""%"", ""ash"": ""16.13"", ""source_row"": 98}]","[{""component"": ""燃料一"", ""factor"": 0, ""unit"": ""g/kg"", ""reference"": ""式(6)、表C.3；电力生产/热力生产和供应OC占比=0""}]",[],,,式(6)、表C.3；电力生产/热力生产和供应OC占比=0,HARD_CONSTRAINT_CONFLICT
SRC-RAW-57975824CAAF1FEA69F8,POWER,NH3,not_involved,第7章核算范围,[],[],[],,,T/CSES 144-2024第7章、表D.1；未列NH3，未将缺省范围解释为零排放,OUTSIDE_CHAPTER7_POLLUTANT_SCOPE
SRC-RAW-E1396E97602796F2B2D9,POWER,SO2,information_insufficient,产排污系数法/煤质物料衡算法,"[{""component"": ""燃料一"", ""fuel"": ""原煤"", ""raw_amount"": 1182295.0, ""unit"": ""吨"", ""generation_use"": 1172353.0, ""heat_use"": 9942.0, ""amount"": 1182295.0, ""sulfur"": null, ""sulfur_unit"": ""%"", ""ash"": ""15.73"", ""source_row"": 99}]","[{""component"": ""燃料一"", ""factor"": null, ""unit"": ""g/kg"", ""reference"": ""式(3)、表C.1；收到基硫分缺失""}]",[],,,式(3)、表C.1；收到基硫分缺失,POLLUTANT_PARAMETER_MISSING
SRC-RAW-E1396E97602796F2B2D9,POWER,NOx,information_insufficient,产排污系数法/煤质物料衡算法,"[{""component"": ""燃料一"", ""fuel"": ""原煤"", ""raw_amount"": 1182295.0, ""unit"": ""吨"", ""generation_use"": 1172353.0, ""heat_use"": 9942.0, ""amount"": 1182295.0, ""sulfur"": null, ""sulfur_unit"": ""%"", ""ash"": ""15.73"", ""source_row"": 99}]","[{""component"": ""燃料一"", ""factor"": 7.21, ""unit"": ""g/kg"", ""reference"": ""T/CSES 144-2024 7.2; 表D.1及注a-c；万千瓦×10=MW""}]",[],8524.34695,,T/CSES 144-2024 7.2; 表D.1及注a-c；万千瓦×10=MW,SOURCE_RELATION_MISSING
SRC-RAW-E1396E97602796F2B2D9,POWER,CO,calculated,产排污系数法/煤质物料衡算法,"[{""component"": ""燃料一"", ""fuel"": ""原煤"", ""raw_amount"": 1182295.0, ""unit"": ""吨"", ""generation_use"": 1172353.0, ""heat_use"": 9942.0, ""amount"": 1182295.0, ""sulfur"": null, ""sulfur_unit"": ""%"", ""ash"": ""15.73"", ""source_row"": 99}]","[{""component"": ""燃料一"", ""factor"": 2, ""unit"": ""g/kg"", ""reference"": ""T/CSES 144-2024 7.2; 表D.1及注a-c""}]","[{""component"": ""燃烧源治理"", ""efficiency"": 0, ""reference"": ""表A.1燃烧源控制措施VOCs为0；CO按表D.1""}]",2364.59,2364.59,T/CSES 144-2024 7.2; 表D.1及注a-c,
SRC-RAW-E1396E97602796F2B2D9,POWER,VOC,calculated,产排污系数法/煤质物料衡算法,"[{""component"": ""燃料一"", ""fuel"": ""原煤"", ""raw_amount"": 1182295.0, ""unit"": ""吨"", ""generation_use"": 1172353.0, ""heat_use"": 9942.0, ""amount"": 1182295.0, ""sulfur"": null, ""sulfur_unit"": ""%"", ""ash"": ""15.73"", ""source_row"": 99}]","[{""component"": ""燃料一"", ""factor"": 0.04, ""unit"": ""g/kg"", ""reference"": ""T/CSES 144-2024 7.2; 表D.1及注a-c""}]","[{""component"": ""燃烧源治理"", ""efficiency"": 0, ""reference"": ""表A.1燃烧源控制措施VOCs为0；CO按表D.1""}]",47.2918,47.2918,T/CSES 144-2024 7.2; 表D.1及注a-c,
SRC-RAW-E1396E97602796F2B2D9,POWER,PM10,information_insufficient,产排污系数法/煤质物料衡算法,"[{""component"": ""燃料一"", ""fuel"": ""原煤"", ""raw_amount"": 1182295.0, ""unit"": ""吨"", ""generation_use"": 1172353.0, ""heat_use"": 9942.0, ""amount"": 1182295.0, ""sulfur"": null, ""sulfur_unit"": ""%"", ""ash"": ""15.73"", ""source_row"": 99}]","[{""component"": ""燃料一"", ""factor"": 27.134249999999998, ""unit"": ""g/kg"", ""reference"": ""式(4)-(6)、表C.1-C.3；灰分质量分数；g/kg""}]",[],32080.68810375,,式(4)-(6)、表C.1-C.3；灰分质量分数；g/kg,SOURCE_RELATION_MISSING
SRC-RAW-E1396E97602796F2B2D9,POWER,PM2.5,information_insufficient,产排污系数法/煤质物料衡算法,"[{""component"": ""燃料一"", ""fuel"": ""原煤"", ""raw_amount"": 1182295.0, ""unit"": ""吨"", ""generation_use"": 1172353.0, ""heat_use"": 9942.0, ""amount"": 1182295.0, ""sulfur"": null, ""sulfur_unit"": ""%"", ""ash"": ""15.73"", ""source_row"": 99}]","[{""component"": ""燃料一"", ""factor"": 7.0785, ""unit"": ""g/kg"", ""reference"": ""式(4)-(6)、表C.1-C.3；灰分质量分数；g/kg""}]",[],8368.8751575,,式(4)-(6)、表C.1-C.3；灰分质量分数；g/kg,SOURCE_RELATION_MISSING
SRC-RAW-E1396E97602796F2B2D9,POWER,BC,information_insufficient,产排污系数法/煤质物料衡算法,"[{""component"": ""燃料一"", ""fuel"": ""原煤"", ""raw_amount"": 1182295.0, ""unit"": ""吨"", ""generation_use"": 1172353.0, ""heat_use"": 9942.0, ""amount"": 1182295.0, ""sulfur"": null, ""sulfur_unit"": ""%"", ""ash"": ""15.73"", ""source_row"": 99}]","[{""component"": ""燃料一"", ""factor"": 0.014157, ""unit"": ""g/kg"", ""reference"": ""式(4)-(6)、表C.1-C.3；灰分质量分数；g/kg""}]",[],16.737750315000003,,式(4)-(6)、表C.1-C.3；灰分质量分数；g/kg,SOURCE_RELATION_MISSING
SRC-RAW-E1396E97602796F2B2D9,POWER,OC,calculated,产排污系数法/煤质物料衡算法,"[{""component"": ""燃料一"", ""fuel"": ""原煤"", ""raw_amount"": 1182295.0, ""unit"": ""吨"", ""generation_use"": 1172353.0, ""heat_use"": 9942.0, ""amount"": 1182295.0, ""sulfur"": null, ""sulfur_unit"": ""%"", ""ash"": ""15.73"", ""source_row"": 99}]","[{""component"": ""燃料一"", ""factor"": 0, ""unit"": ""g/kg"", ""reference"": ""式(6)、表C.3；电力生产/热力生产和供应OC占比=0""}]",[],0.0,0,式(6)、表C.3；电力生产/热力生产和供应OC占比=0,
SRC-RAW-E1396E97602796F2B2D9,POWER,NH3,not_involved,第7章核算范围,[],[],[],,,T/CSES 144-2024第7章、表D.1；未列NH3，未将缺省范围解释为零排放,OUTSIDE_CHAPTER7_POLLUTANT_SCOPE
SRC-RAW-58D05AB6943C48568AE9,POWER,SO2,information_insufficient,产排污系数法/煤质物料衡算法,"[{""component"": ""燃料一"", ""fuel"": ""一般烟煤"", ""raw_amount"": 2573717.41, ""unit"": ""吨"", ""generation_use"": 2562594.65, ""heat_use"": 11122.76, ""amount"": 2573717.41, ""sulfur"": ""0.400"", ""sulfur_unit"": ""%"", ""ash"": ""7.26"", ""source_row"": 100}]","[{""component"": ""燃料一"", ""factor"": 6.8, ""unit"": ""g/kg"", ""reference"": ""式(3)、表C.1；S按质量分数；sr=0.15；g/kg""}]",[],17501.278388000002,,式(3)、表C.1；S按质量分数；sr=0.15；g/kg,SOURCE_RELATION_MISSING
SRC-RAW-58D05AB6943C48568AE9,POWER,NOx,information_insufficient,产排污系数法/煤质物料衡算法,"[{""component"": ""燃料一"", ""fuel"": ""一般烟煤"", ""raw_amount"": 2573717.41, ""unit"": ""吨"", ""generation_use"": 2562594.65, ""heat_use"": 11122.76, ""amount"": 2573717.41, ""sulfur"": ""0.400"", ""sulfur_unit"": ""%"", ""ash"": ""7.26"", ""source_row"": 100}]","[{""component"": ""燃料一"", ""factor"": 7.21, ""unit"": ""g/kg"", ""reference"": ""T/CSES 144-2024 7.2; 表D.1及注a-c；万千瓦×10=MW""}]",[],18556.5025261,,T/CSES 144-2024 7.2; 表D.1及注a-c；万千瓦×10=MW,SOURCE_RELATION_MISSING
SRC-RAW-58D05AB6943C48568AE9,POWER,CO,calculated,产排污系数法/煤质物料衡算法,"[{""component"": ""燃料一"", ""fuel"": ""一般烟煤"", ""raw_amount"": 2573717.41, ""unit"": ""吨"", ""generation_use"": 2562594.65, ""heat_use"": 11122.76, ""amount"": 2573717.41, ""sulfur"": ""0.400"", ""sulfur_unit"": ""%"", ""ash"": ""7.26"", ""source_row"": 100}]","[{""component"": ""燃料一"", ""factor"": 2, ""unit"": ""g/kg"", ""reference"": ""T/CSES 144-2024 7.2; 表D.1及注a-c""}]","[{""component"": ""燃烧源治理"", ""efficiency"": 0, ""reference"": ""表A.1燃烧源控制措施VOCs为0；CO按表D.1""}]",5147.43482,5147.43482,T/CSES 144-2024 7.2; 表D.1及注a-c,
SRC-RAW-58D05AB6943C48568AE9,POWER,VOC,calculated,产排污系数法/煤质物料衡算法,"[{""component"": ""燃料一"", ""fuel"": ""一般烟煤"", ""raw_amount"": 2573717.41, ""unit"": ""吨"", ""generation_use"": 2562594.65, ""heat_use"": 11122.76, ""amount"": 2573717.41, ""sulfur"": ""0.400"", ""sulfur_unit"": ""%"", ""ash"": ""7.26"", ""source_row"": 100}]","[{""component"": ""燃料一"", ""factor"": 0.04, ""unit"": ""g/kg"", ""reference"": ""T/CSES 144-2024 7.2; 表D.1及注a-c""}]","[{""component"": ""燃烧源治理"", ""efficiency"": 0, ""reference"": ""表A.1燃烧源控制措施VOCs为0；CO按表D.1""}]",102.94869640000002,102.94869640000002,T/CSES 144-2024 7.2; 表D.1及注a-c,
SRC-RAW-58D05AB6943C48568AE9,POWER,PM10,information_insufficient,产排污系数法/煤质物料衡算法,"[{""component"": ""燃料一"", ""fuel"": ""一般烟煤"", ""raw_amount"": 2573717.41, ""unit"": ""吨"", ""generation_use"": 2562594.65, ""heat_use"": 11122.76, ""amount"": 2573717.41, ""sulfur"": ""0.400"", ""sulfur_unit"": ""%"", ""ash"": ""7.26"", ""source_row"": 100}]","[{""component"": ""燃料一"", ""factor"": 12.5235, ""unit"": ""g/kg"", ""reference"": ""式(4)-(6)、表C.1-C.3；灰分质量分数；g/kg""}]",[],32231.949984135004,,式(4)-(6)、表C.1-C.3；灰分质量分数；g/kg,SOURCE_RELATION_MISSING
SRC-RAW-58D05AB6943C48568AE9,POWER,PM2.5,information_insufficient,产排污系数法/煤质物料衡算法,"[{""component"": ""燃料一"", ""fuel"": ""一般烟煤"", ""raw_amount"": 2573717.41, ""unit"": ""吨"", ""generation_use"": 2562594.65, ""heat_use"": 11122.76, ""amount"": 2573717.41, ""sulfur"": ""0.400"", ""sulfur_unit"": ""%"", ""ash"": ""7.26"", ""source_row"": 100}]","[{""component"": ""燃料一"", ""factor"": 3.267, ""unit"": ""g/kg"", ""reference"": ""式(4)-(6)、表C.1-C.3；灰分质量分数；g/kg""}]",[],8408.33477847,,式(4)-(6)、表C.1-C.3；灰分质量分数；g/kg,SOURCE_RELATION_MISSING
SRC-RAW-58D05AB6943C48568AE9,POWER,BC,information_insufficient,产排污系数法/煤质物料衡算法,"[{""component"": ""燃料一"", ""fuel"": ""一般烟煤"", ""raw_amount"": 2573717.41, ""unit"": ""吨"", ""generation_use"": 2562594.65, ""heat_use"": 11122.76, ""amount"": 2573717.41, ""sulfur"": ""0.400"", ""sulfur_unit"": ""%"", ""ash"": ""7.26"", ""source_row"": 100}]","[{""component"": ""燃料一"", ""factor"": 0.006534, ""unit"": ""g/kg"", ""reference"": ""式(4)-(6)、表C.1-C.3；灰分质量分数；g/kg""}]",[],16.81666955694,,式(4)-(6)、表C.1-C.3；灰分质量分数；g/kg,SOURCE_RELATION_MISSING
SRC-RAW-58D05AB6943C48568AE9,POWER,OC,calculated,产排污系数法/煤质物料衡算法,"[{""component"": ""燃料一"", ""fuel"": ""一般烟煤"", ""raw_amount"": 2573717.41, ""unit"": ""吨"", ""generation_use"": 2562594.65, ""heat_use"": 11122.76, ""amount"": 2573717.41, ""sulfur"": ""0.400"", ""sulfur_unit"": ""%"", ""ash"": ""7.26"", ""source_row"": 100}]","[{""component"": ""燃料一"", ""factor"": 0, ""unit"": ""g/kg"", ""reference"": ""式(6)、表C.3；电力生产/热力生产和供应OC占比=0""}]",[],0.0,0,式(6)、表C.3；电力生产/热力生产和供应OC占比=0,
SRC-RAW-58D05AB6943C48568AE9,POWER,NH3,not_involved,第7章核算范围,[],[],[],,,T/CSES 144-2024第7章、表D.1；未列NH3，未将缺省范围解释为零排放,OUTSIDE_CHAPTER7_POLLUTANT_SCOPE
SRC-RAW-A42AE6EB5B122E58A6B2,POWER,SO2,information_insufficient,产排污系数法/煤质物料衡算法,"[{""component"": ""燃料一"", ""fuel"": ""一般烟煤"", ""raw_amount"": 2503131.04, ""unit"": ""吨"", ""generation_use"": 2459194.19, ""heat_use"": 43936.85, ""amount"": 2503131.04, ""sulfur"": ""0.400"", ""sulfur_unit"": ""%"", ""ash"": null, ""source_row"": 101}]","[{""component"": ""燃料一"", ""factor"": 6.8, ""unit"": ""g/kg"", ""reference"": ""式(3)、表C.1；S按质量分数；sr=0.15；g/kg""}]",[],17021.291072,,式(3)、表C.1；S按质量分数；sr=0.15；g/kg,SOURCE_RELATION_MISSING
SRC-RAW-A42AE6EB5B122E58A6B2,POWER,NOx,information_insufficient,产排污系数法/煤质物料衡算法,"[{""component"": ""燃料一"", ""fuel"": ""一般烟煤"", ""raw_amount"": 2503131.04, ""unit"": ""吨"", ""generation_use"": 2459194.19, ""heat_use"": 43936.85, ""amount"": 2503131.04, ""sulfur"": ""0.400"", ""sulfur_unit"": ""%"", ""ash"": null, ""source_row"": 101}]","[{""component"": ""燃料一"", ""factor"": 7.21, ""unit"": ""g/kg"", ""reference"": ""T/CSES 144-2024 7.2; 表D.1及注a-c；万千瓦×10=MW""}]",[],18047.5747984,,T/CSES 144-2024 7.2; 表D.1及注a-c；万千瓦×10=MW,SOURCE_RELATION_MISSING
SRC-RAW-A42AE6EB5B122E58A6B2,POWER,CO,calculated,产排污系数法/煤质物料衡算法,"[{""component"": ""燃料一"", ""fuel"": ""一般烟煤"", ""raw_amount"": 2503131.04, ""unit"": ""吨"", ""generation_use"": 2459194.19, ""heat_use"": 43936.85, ""amount"": 2503131.04, ""sulfur"": ""0.400"", ""sulfur_unit"": ""%"", ""ash"": null, ""source_row"": 101}]","[{""component"": ""燃料一"", ""factor"": 2, ""unit"": ""g/kg"", ""reference"": ""T/CSES 144-2024 7.2; 表D.1及注a-c""}]","[{""component"": ""燃烧源治理"", ""efficiency"": 0, ""reference"": ""表A.1燃烧源控制措施VOCs为0；CO按表D.1""}]",5006.26208,5006.26208,T/CSES 144-2024 7.2; 表D.1及注a-c,
SRC-RAW-A42AE6EB5B122E58A6B2,POWER,VOC,calculated,产排污系数法/煤质物料衡算法,"[{""component"": ""燃料一"", ""fuel"": ""一般烟煤"", ""raw_amount"": 2503131.04, ""unit"": ""吨"", ""generation_use"": 2459194.19, ""heat_use"": 43936.85, ""amount"": 2503131.04, ""sulfur"": ""0.400"", ""sulfur_unit"": ""%"", ""ash"": null, ""source_row"": 101}]","[{""component"": ""燃料一"", ""factor"": 0.04, ""unit"": ""g/kg"", ""reference"": ""T/CSES 144-2024 7.2; 表D.1及注a-c""}]","[{""component"": ""燃烧源治理"", ""efficiency"": 0, ""reference"": ""表A.1燃烧源控制措施VOCs为0；CO按表D.1""}]",100.12524160000001,100.12524160000001,T/CSES 144-2024 7.2; 表D.1及注a-c,
SRC-RAW-A42AE6EB5B122E58A6B2,POWER,PM10,information_insufficient,产排污系数法/煤质物料衡算法,"[{""component"": ""燃料一"", ""fuel"": ""一般烟煤"", ""raw_amount"": 2503131.04, ""unit"": ""吨"", ""generation_use"": 2459194.19, ""heat_use"": 43936.85, ""amount"": 2503131.04, ""sulfur"": ""0.400"", ""sulfur_unit"": ""%"", ""ash"": null, ""source_row"": 101}]","[{""component"": ""燃料一"", ""factor"": null, ""unit"": ""g/kg"", ""reference"": ""式(4)-(6)、表C.1-C.3；收到基灰分缺失""}]",[],,,式(4)-(6)、表C.1-C.3；收到基灰分缺失,POLLUTANT_PARAMETER_MISSING
SRC-RAW-A42AE6EB5B122E58A6B2,POWER,PM2.5,information_insufficient,产排污系数法/煤质物料衡算法,"[{""component"": ""燃料一"", ""fuel"": ""一般烟煤"", ""raw_amount"": 2503131.04, ""unit"": ""吨"", ""generation_use"": 2459194.19, ""heat_use"": 43936.85, ""amount"": 2503131.04, ""sulfur"": ""0.400"", ""sulfur_unit"": ""%"", ""ash"": null, ""source_row"": 101}]","[{""component"": ""燃料一"", ""factor"": null, ""unit"": ""g/kg"", ""reference"": ""式(4)-(6)、表C.1-C.3；收到基灰分缺失""}]",[],,,式(4)-(6)、表C.1-C.3；收到基灰分缺失,POLLUTANT_PARAMETER_MISSING
SRC-RAW-A42AE6EB5B122E58A6B2,POWER,BC,information_insufficient,产排污系数法/煤质物料衡算法,"[{""component"": ""燃料一"", ""fuel"": ""一般烟煤"", ""raw_amount"": 2503131.04, ""unit"": ""吨"", ""generation_use"": 2459194.19, ""heat_use"": 43936.85, ""amount"": 2503131.04, ""sulfur"": ""0.400"", ""sulfur_unit"": ""%"", ""ash"": null, ""source_row"": 101}]","[{""component"": ""燃料一"", ""factor"": null, ""unit"": ""g/kg"", ""reference"": ""式(4)-(6)、表C.1-C.3；收到基灰分缺失""}]",[],,,式(4)-(6)、表C.1-C.3；收到基灰分缺失,POLLUTANT_PARAMETER_MISSING
SRC-RAW-A42AE6EB5B122E58A6B2,POWER,OC,calculated,产排污系数法/煤质物料衡算法,"[{""component"": ""燃料一"", ""fuel"": ""一般烟煤"", ""raw_amount"": 2503131.04, ""unit"": ""吨"", ""generation_use"": 2459194.19, ""heat_use"": 43936.85, ""amount"": 2503131.04, ""sulfur"": ""0.400"", ""sulfur_unit"": ""%"", ""ash"": null, ""source_row"": 101}]","[{""component"": ""燃料一"", ""factor"": 0, ""unit"": ""g/kg"", ""reference"": ""式(6)、表C.3；电力生产/热力生产和供应OC占比=0""}]",[],0.0,0,式(6)、表C.3；电力生产/热力生产和供应OC占比=0,
SRC-RAW-A42AE6EB5B122E58A6B2,POWER,NH3,not_involved,第7章核算范围,[],[],[],,,T/CSES 144-2024第7章、表D.1；未列NH3，未将缺省范围解释为零排放,OUTSIDE_CHAPTER7_POLLUTANT_SCOPE
SRC-RAW-91758580F3D639F02735,POWER,SO2,source_data_invalid,产排污系数法/煤质物料衡算法,"[{""component"": ""燃料一"", ""fuel"": ""一般烟煤"", ""raw_amount"": -1595887.43, ""unit"": ""吨"", ""generation_use"": 1522713.27, ""heat_use"": 73174.16, ""amount"": -1595887.43, ""sulfur"": ""0.340"", ""sulfur_unit"": ""%"", ""ash"": ""6.68"", ""source_row"": 102}]","[{""component"": ""燃料一"", ""factor"": 5.78, ""unit"": ""g/kg"", ""reference"": ""式(3)、表C.1；S按质量分数；sr=0.15；g/kg""}]",[],,,式(3)、表C.1；S按质量分数；sr=0.15；g/kg,HARD_CONSTRAINT_CONFLICT
SRC-RAW-91758580F3D639F02735,POWER,NOx,source_data_invalid,产排污系数法/煤质物料衡算法,"[{""component"": ""燃料一"", ""fuel"": ""一般烟煤"", ""raw_amount"": -1595887.43, ""unit"": ""吨"", ""generation_use"": 1522713.27, ""heat_use"": 73174.16, ""amount"": -1595887.43, ""sulfur"": ""0.340"", ""sulfur_unit"": ""%"", ""ash"": ""6.68"", ""source_row"": 102}]","[{""component"": ""燃料一"", ""factor"": 7.21, ""unit"": ""g/kg"", ""reference"": ""T/CSES 144-2024 7.2; 表D.1及注a-c；万千瓦×10=MW""}]",[],,,T/CSES 144-2024 7.2; 表D.1及注a-c；万千瓦×10=MW,HARD_CONSTRAINT_CONFLICT
SRC-RAW-91758580F3D639F02735,POWER,CO,source_data_invalid,产排污系数法/煤质物料衡算法,"[{""component"": ""燃料一"", ""fuel"": ""一般烟煤"", ""raw_amount"": -1595887.43, ""unit"": ""吨"", ""generation_use"": 1522713.27, ""heat_use"": 73174.16, ""amount"": -1595887.43, ""sulfur"": ""0.340"", ""sulfur_unit"": ""%"", ""ash"": ""6.68"", ""source_row"": 102}]","[{""component"": ""燃料一"", ""factor"": 2, ""unit"": ""g/kg"", ""reference"": ""T/CSES 144-2024 7.2; 表D.1及注a-c""}]",[],,,T/CSES 144-2024 7.2; 表D.1及注a-c,HARD_CONSTRAINT_CONFLICT
SRC-RAW-91758580F3D639F02735,POWER,VOC,source_data_invalid,产排污系数法/煤质物料衡算法,"[{""component"": ""燃料一"", ""fuel"": ""一般烟煤"", ""raw_amount"": -1595887.43, ""unit"": ""吨"", ""generation_use"": 1522713.27, ""heat_use"": 73174.16, ""amount"": -1595887.43, ""sulfur"": ""0.340"", ""sulfur_unit"": ""%"", ""ash"": ""6.68"", ""source_row"": 102}]","[{""component"": ""燃料一"", ""factor"": 0.04, ""unit"": ""g/kg"", ""reference"": ""T/CSES 144-2024 7.2; 表D.1及注a-c""}]",[],,,T/CSES 144-2024 7.2; 表D.1及注a-c,HARD_CONSTRAINT_CONFLICT
SRC-RAW-91758580F3D639F02735,POWER,PM10,source_data_invalid,产排污系数法/煤质物料衡算法,"[{""component"": ""燃料一"", ""fuel"": ""一般烟煤"", ""raw_amount"": -1595887.43, ""unit"": ""吨"", ""generation_use"": 1522713.27, ""heat_use"": 73174.16, ""amount"": -1595887.43, ""sulfur"": ""0.340"", ""sulfur_unit"": ""%"", ""ash"": ""6.68"", ""source_row"": 102}]","[{""component"": ""燃料一"", ""factor"": 11.523, ""unit"": ""g/kg"", ""reference"": ""式(4)-(6)、表C.1-C.3；灰分质量分数；g/kg""}]",[],,,式(4)-(6)、表C.1-C.3；灰分质量分数；g/kg,HARD_CONSTRAINT_CONFLICT
SRC-RAW-91758580F3D639F02735,POWER,PM2.5,source_data_invalid,产排污系数法/煤质物料衡算法,"[{""component"": ""燃料一"", ""fuel"": ""一般烟煤"", ""raw_amount"": -1595887.43, ""unit"": ""吨"", ""generation_use"": 1522713.27, ""heat_use"": 73174.16, ""amount"": -1595887.43, ""sulfur"": ""0.340"", ""sulfur_unit"": ""%"", ""ash"": ""6.68"", ""source_row"": 102}]","[{""component"": ""燃料一"", ""factor"": 3.006, ""unit"": ""g/kg"", ""reference"": ""式(4)-(6)、表C.1-C.3；灰分质量分数；g/kg""}]",[],,,式(4)-(6)、表C.1-C.3；灰分质量分数；g/kg,HARD_CONSTRAINT_CONFLICT
SRC-RAW-91758580F3D639F02735,POWER,BC,source_data_invalid,产排污系数法/煤质物料衡算法,"[{""component"": ""燃料一"", ""fuel"": ""一般烟煤"", ""raw_amount"": -1595887.43, ""unit"": ""吨"", ""generation_use"": 1522713.27, ""heat_use"": 73174.16, ""amount"": -1595887.43, ""sulfur"": ""0.340"", ""sulfur_unit"": ""%"", ""ash"": ""6.68"", ""source_row"": 102}]","[{""component"": ""燃料一"", ""factor"": 0.006012, ""unit"": ""g/kg"", ""reference"": ""式(4)-(6)、表C.1-C.3；灰分质量分数；g/kg""}]",[],,,式(4)-(6)、表C.1-C.3；灰分质量分数；g/kg,HARD_CONSTRAINT_CONFLICT
SRC-RAW-91758580F3D639F02735,POWER,OC,source_data_invalid,产排污系数法/煤质物料衡算法,"[{""component"": ""燃料一"", ""fuel"": ""一般烟煤"", ""raw_amount"": -1595887.43, ""unit"": ""吨"", ""generation_use"": 1522713.27, ""heat_use"": 73174.16, ""amount"": -1595887.43, ""sulfur"": ""0.340"", ""sulfur_unit"": ""%"", ""ash"": ""6.68"", ""source_row"": 102}]","[{""component"": ""燃料一"", ""factor"": 0, ""unit"": ""g/kg"", ""reference"": ""式(6)、表C.3；电力生产/热力生产和供应OC占比=0""}]",[],,,式(6)、表C.3；电力生产/热力生产和供应OC占比=0,HARD_CONSTRAINT_CONFLICT
SRC-RAW-91758580F3D639F02735,POWER,NH3,not_involved,第7章核算范围,[],[],[],,,T/CSES 144-2024第7章、表D.1；未列NH3，未将缺省范围解释为零排放,OUTSIDE_CHAPTER7_POLLUTANT_SCOPE
SRC-RAW-D16F224D5164D01920EB,POWER,SO2,information_insufficient,产排污系数法/煤质物料衡算法,"[{""component"": ""燃料一"", ""fuel"": ""一般烟煤"", ""raw_amount"": 2986885.19, ""unit"": ""吨"", ""generation_use"": 2788634.3, ""heat_use"": 198250.89, ""amount"": 2986885.19, ""sulfur"": ""0.370"", ""sulfur_unit"": ""%"", ""ash"": ""7.39"", ""source_row"": 103}]","[{""component"": ""燃料一"", ""factor"": 6.29, ""unit"": ""g/kg"", ""reference"": ""式(3)、表C.1；S按质量分数；sr=0.15；g/kg""}]",[],18787.5078451,,式(3)、表C.1；S按质量分数；sr=0.15；g/kg,SOURCE_RELATION_MISSING
SRC-RAW-D16F224D5164D01920EB,POWER,NOx,information_insufficient,产排污系数法/煤质物料衡算法,"[{""component"": ""燃料一"", ""fuel"": ""一般烟煤"", ""raw_amount"": 2986885.19, ""unit"": ""吨"", ""generation_use"": 2788634.3, ""heat_use"": 198250.89, ""amount"": 2986885.19, ""sulfur"": ""0.370"", ""sulfur_unit"": ""%"", ""ash"": ""7.39"", ""source_row"": 103}]","[{""component"": ""燃料一"", ""factor"": 7.21, ""unit"": ""g/kg"", ""reference"": ""T/CSES 144-2024 7.2; 表D.1及注a-c；万千瓦×10=MW""}]",[],21535.4422199,,T/CSES 144-2024 7.2; 表D.1及注a-c；万千瓦×10=MW,SOURCE_RELATION_MISSING
SRC-RAW-D16F224D5164D01920EB,POWER,CO,calculated,产排污系数法/煤质物料衡算法,"[{""component"": ""燃料一"", ""fuel"": ""一般烟煤"", ""raw_amount"": 2986885.19, ""unit"": ""吨"", ""generation_use"": 2788634.3, ""heat_use"": 198250.89, ""amount"": 2986885.19, ""sulfur"": ""0.370"", ""sulfur_unit"": ""%"", ""ash"": ""7.39"", ""source_row"": 103}]","[{""component"": ""燃料一"", ""factor"": 2, ""unit"": ""g/kg"", ""reference"": ""T/CSES 144-2024 7.2; 表D.1及注a-c""}]","[{""component"": ""燃烧源治理"", ""efficiency"": 0, ""reference"": ""表A.1燃烧源控制措施VOCs为0；CO按表D.1""}]",5973.77038,5973.77038,T/CSES 144-2024 7.2; 表D.1及注a-c,
SRC-RAW-D16F224D5164D01920EB,POWER,VOC,calculated,产排污系数法/煤质物料衡算法,"[{""component"": ""燃料一"", ""fuel"": ""一般烟煤"", ""raw_amount"": 2986885.19, ""unit"": ""吨"", ""generation_use"": 2788634.3, ""heat_use"": 198250.89, ""amount"": 2986885.19, ""sulfur"": ""0.370"", ""sulfur_unit"": ""%"", ""ash"": ""7.39"", ""source_row"": 103}]","[{""component"": ""燃料一"", ""factor"": 0.04, ""unit"": ""g/kg"", ""reference"": ""T/CSES 144-2024 7.2; 表D.1及注a-c""}]","[{""component"": ""燃烧源治理"", ""efficiency"": 0, ""reference"": ""表A.1燃烧源控制措施VOCs为0；CO按表D.1""}]",119.47540760000001,119.47540760000001,T/CSES 144-2024 7.2; 表D.1及注a-c,
SRC-RAW-D16F224D5164D01920EB,POWER,PM10,information_insufficient,产排污系数法/煤质物料衡算法,"[{""component"": ""燃料一"", ""fuel"": ""一般烟煤"", ""raw_amount"": 2986885.19, ""unit"": ""吨"", ""generation_use"": 2788634.3, ""heat_use"": 198250.89, ""amount"": 2986885.19, ""sulfur"": ""0.370"", ""sulfur_unit"": ""%"", ""ash"": ""7.39"", ""source_row"": 103}]","[{""component"": ""燃料一"", ""factor"": 12.747749999999998, ""unit"": ""g/kg"", ""reference"": ""式(4)-(6)、表C.1-C.3；灰分质量分数；g/kg""}]",[],38076.065680822496,,式(4)-(6)、表C.1-C.3；灰分质量分数；g/kg,SOURCE_RELATION_MISSING
SRC-RAW-D16F224D5164D01920EB,POWER,PM2.5,information_insufficient,产排污系数法/煤质物料衡算法,"[{""component"": ""燃料一"", ""fuel"": ""一般烟煤"", ""raw_amount"": 2986885.19, ""unit"": ""吨"", ""generation_use"": 2788634.3, ""heat_use"": 198250.89, ""amount"": 2986885.19, ""sulfur"": ""0.370"", ""sulfur_unit"": ""%"", ""ash"": ""7.39"", ""source_row"": 103}]","[{""component"": ""燃料一"", ""factor"": 3.3254999999999995, ""unit"": ""g/kg"", ""reference"": ""式(4)-(6)、表C.1-C.3；灰分质量分数；g/kg""}]",[],9932.886699345,,式(4)-(6)、表C.1-C.3；灰分质量分数；g/kg,SOURCE_RELATION_MISSING
SRC-RAW-D16F224D5164D01920EB,POWER,BC,information_insufficient,产排污系数法/煤质物料衡算法,"[{""component"": ""燃料一"", ""fuel"": ""一般烟煤"", ""raw_amount"": 2986885.19, ""unit"": ""吨"", ""generation_use"": 2788634.3, ""heat_use"": 198250.89, ""amount"": 2986885.19, ""sulfur"": ""0.370"", ""sulfur_unit"": ""%"", ""ash"": ""7.39"", ""source_row"": 103}]","[{""component"": ""燃料一"", ""factor"": 0.006650999999999999, ""unit"": ""g/kg"", ""reference"": ""式(4)-(6)、表C.1-C.3；灰分质量分数；g/kg""}]",[],19.865773398689996,,式(4)-(6)、表C.1-C.3；灰分质量分数；g/kg,SOURCE_RELATION_MISSING
SRC-RAW-D16F224D5164D01920EB,POWER,OC,calculated,产排污系数法/煤质物料衡算法,"[{""component"": ""燃料一"", ""fuel"": ""一般烟煤"", ""raw_amount"": 2986885.19, ""unit"": ""吨"", ""generation_use"": 2788634.3, ""heat_use"": 198250.89, ""amount"": 2986885.19, ""sulfur"": ""0.370"", ""sulfur_unit"": ""%"", ""ash"": ""7.39"", ""source_row"": 103}]","[{""component"": ""燃料一"", ""factor"": 0, ""unit"": ""g/kg"", ""reference"": ""式(6)、表C.3；电力生产/热力生产和供应OC占比=0""}]",[],0.0,0,式(6)、表C.3；电力生产/热力生产和供应OC占比=0,
SRC-RAW-D16F224D5164D01920EB,POWER,NH3,not_involved,第7章核算范围,[],[],[],,,T/CSES 144-2024第7章、表D.1；未列NH3，未将缺省范围解释为零排放,OUTSIDE_CHAPTER7_POLLUTANT_SCOPE
SRC-RAW-2D6580A941F7A3221868,POWER,SO2,information_insufficient,产排污系数法/煤质物料衡算法,"[{""component"": ""燃料一"", ""fuel"": ""一般烟煤"", ""raw_amount"": 98406.71, ""unit"": ""吨"", ""generation_use"": 7550.552, ""heat_use"": 90856.158, ""amount"": 98406.71, ""sulfur"": ""0.560"", ""sulfur_unit"": ""%"", ""ash"": ""20.33"", ""source_row"": 104}]","[{""component"": ""燃料一"", ""factor"": 9.520000000000001, ""unit"": ""g/kg"", ""reference"": ""式(3)、表C.1；S按质量分数；sr=0.15；g/kg""}]",[],936.8318792000002,,式(3)、表C.1；S按质量分数；sr=0.15；g/kg,SOURCE_RELATION_MISSING
SRC-RAW-2D6580A941F7A3221868,POWER,NOx,information_insufficient,产排污系数法/煤质物料衡算法,"[{""component"": ""燃料一"", ""fuel"": ""一般烟煤"", ""raw_amount"": 98406.71, ""unit"": ""吨"", ""generation_use"": 7550.552, ""heat_use"": 90856.158, ""amount"": 98406.71, ""sulfur"": ""0.560"", ""sulfur_unit"": ""%"", ""ash"": ""20.33"", ""source_row"": 104}]","[{""component"": ""燃料一"", ""factor"": 8.96, ""unit"": ""g/kg"", ""reference"": ""T/CSES 144-2024 7.2; 表D.1及注a-c；万千瓦×10=MW""}]",[],881.7241216000002,,T/CSES 144-2024 7.2; 表D.1及注a-c；万千瓦×10=MW,SOURCE_RELATION_MISSING
SRC-RAW-2D6580A941F7A3221868,POWER,CO,calculated,产排污系数法/煤质物料衡算法,"[{""component"": ""燃料一"", ""fuel"": ""一般烟煤"", ""raw_amount"": 98406.71, ""unit"": ""吨"", ""generation_use"": 7550.552, ""heat_use"": 90856.158, ""amount"": 98406.71, ""sulfur"": ""0.560"", ""sulfur_unit"": ""%"", ""ash"": ""20.33"", ""source_row"": 104}]","[{""component"": ""燃料一"", ""factor"": 2, ""unit"": ""g/kg"", ""reference"": ""T/CSES 144-2024 7.2; 表D.1及注a-c""}]","[{""component"": ""燃烧源治理"", ""efficiency"": 0, ""reference"": ""表A.1燃烧源控制措施VOCs为0；CO按表D.1""}]",196.81342,196.81342,T/CSES 144-2024 7.2; 表D.1及注a-c,
SRC-RAW-2D6580A941F7A3221868,POWER,VOC,calculated,产排污系数法/煤质物料衡算法,"[{""component"": ""燃料一"", ""fuel"": ""一般烟煤"", ""raw_amount"": 98406.71, ""unit"": ""吨"", ""generation_use"": 7550.552, ""heat_use"": 90856.158, ""amount"": 98406.71, ""sulfur"": ""0.560"", ""sulfur_unit"": ""%"", ""ash"": ""20.33"", ""source_row"": 104}]","[{""component"": ""燃料一"", ""factor"": 0.04, ""unit"": ""g/kg"", ""reference"": ""T/CSES 144-2024 7.2; 表D.1及注a-c""}]","[{""component"": ""燃烧源治理"", ""efficiency"": 0, ""reference"": ""表A.1燃烧源控制措施VOCs为0；CO按表D.1""}]",3.9362684000000003,3.9362684000000003,T/CSES 144-2024 7.2; 表D.1及注a-c,
SRC-RAW-2D6580A941F7A3221868,POWER,PM10,information_insufficient,产排污系数法/煤质物料衡算法,"[{""component"": ""燃料一"", ""fuel"": ""一般烟煤"", ""raw_amount"": 98406.71, ""unit"": ""吨"", ""generation_use"": 7550.552, ""heat_use"": 90856.158, ""amount"": 98406.71, ""sulfur"": ""0.560"", ""sulfur_unit"": ""%"", ""ash"": ""20.33"", ""source_row"": 104}]","[{""component"": ""燃料一"", ""factor"": 33.015919999999994, ""unit"": ""g/kg"", ""reference"": ""式(4)-(6)、表C.1-C.3；灰分质量分数；g/kg""}]",[],3248.9880648231997,,式(4)-(6)、表C.1-C.3；灰分质量分数；g/kg,SOURCE_RELATION_MISSING
SRC-RAW-2D6580A941F7A3221868,POWER,PM2.5,information_insufficient,产排污系数法/煤质物料衡算法,"[{""component"": ""燃料一"", ""fuel"": ""一般烟煤"", ""raw_amount"": 98406.71, ""unit"": ""吨"", ""generation_use"": 7550.552, ""heat_use"": 90856.158, ""amount"": 98406.71, ""sulfur"": ""0.560"", ""sulfur_unit"": ""%"", ""ash"": ""20.33"", ""source_row"": 104}]","[{""component"": ""燃料一"", ""factor"": 7.969360000000002, ""unit"": ""g/kg"", ""reference"": ""式(4)-(6)、表C.1-C.3；灰分质量分数；g/kg""}]",[],784.2384984056002,,式(4)-(6)、表C.1-C.3；灰分质量分数；g/kg,SOURCE_RELATION_MISSING
SRC-RAW-2D6580A941F7A3221868,POWER,BC,information_insufficient,产排污系数法/煤质物料衡算法,"[{""component"": ""燃料一"", ""fuel"": ""一般烟煤"", ""raw_amount"": 98406.71, ""unit"": ""吨"", ""generation_use"": 7550.552, ""heat_use"": 90856.158, ""amount"": 98406.71, ""sulfur"": ""0.560"", ""sulfur_unit"": ""%"", ""ash"": ""20.33"", ""source_row"": 104}]","[{""component"": ""燃料一"", ""factor"": 0.015938720000000003, ""unit"": ""g/kg"", ""reference"": ""式(4)-(6)、表C.1-C.3；灰分质量分数；g/kg""}]",[],1.5684769968112005,,式(4)-(6)、表C.1-C.3；灰分质量分数；g/kg,SOURCE_RELATION_MISSING
SRC-RAW-2D6580A941F7A3221868,POWER,OC,calculated,产排污系数法/煤质物料衡算法,"[{""component"": ""燃料一"", ""fuel"": ""一般烟煤"", ""raw_amount"": 98406.71, ""unit"": ""吨"", ""generation_use"": 7550.552, ""heat_use"": 90856.158, ""amount"": 98406.71, ""sulfur"": ""0.560"", ""sulfur_unit"": ""%"", ""ash"": ""20.33"", ""source_row"": 104}]","[{""component"": ""燃料一"", ""factor"": 0, ""unit"": ""g/kg"", ""reference"": ""式(6)、表C.3；电力生产/热力生产和供应OC占比=0""}]",[],0.0,0,式(6)、表C.3；电力生产/热力生产和供应OC占比=0,
SRC-RAW-2D6580A941F7A3221868,POWER,NH3,not_involved,第7章核算范围,[],[],[],,,T/CSES 144-2024第7章、表D.1；未列NH3，未将缺省范围解释为零排放,OUTSIDE_CHAPTER7_POLLUTANT_SCOPE
SRC-RAW-730A96C0F1BB19F1D46E,POWER,SO2,information_insufficient,产排污系数法/煤质物料衡算法,"[{""component"": ""燃料一"", ""fuel"": ""一般烟煤"", ""raw_amount"": null, ""unit"": ""吨"", ""generation_use"": 12753.613, ""heat_use"": 108028.677, ""amount"": 120782.29, ""sulfur"": ""0.560"", ""sulfur_unit"": ""%"", ""ash"": ""20.33"", ""source_row"": 105, ""derivation"": ""同单位发电消耗量+供热消耗量，指南7.2.1.2活动水平定义""}]","[{""component"": ""燃料一"", ""factor"": 9.520000000000001, ""unit"": ""g/kg"", ""reference"": ""式(3)、表C.1；S按质量分数；sr=0.15；g/kg""}]",[],1149.8474008000003,,式(3)、表C.1；S按质量分数；sr=0.15；g/kg,SOURCE_RELATION_MISSING
SRC-RAW-730A96C0F1BB19F1D46E,POWER,NOx,information_insufficient,产排污系数法/煤质物料衡算法,"[{""component"": ""燃料一"", ""fuel"": ""一般烟煤"", ""raw_amount"": null, ""unit"": ""吨"", ""generation_use"": 12753.613, ""heat_use"": 108028.677, ""amount"": 120782.29, ""sulfur"": ""0.560"", ""sulfur_unit"": ""%"", ""ash"": ""20.33"", ""source_row"": 105, ""derivation"": ""同单位发电消耗量+供热消耗量，指南7.2.1.2活动水平定义""}]","[{""component"": ""燃料一"", ""factor"": 8.96, ""unit"": ""g/kg"", ""reference"": ""T/CSES 144-2024 7.2; 表D.1及注a-c；万千瓦×10=MW""}]",[],1082.2093184,,T/CSES 144-2024 7.2; 表D.1及注a-c；万千瓦×10=MW,SOURCE_RELATION_MISSING
SRC-RAW-730A96C0F1BB19F1D46E,POWER,CO,calculated,产排污系数法/煤质物料衡算法,"[{""component"": ""燃料一"", ""fuel"": ""一般烟煤"", ""raw_amount"": null, ""unit"": ""吨"", ""generation_use"": 12753.613, ""heat_use"": 108028.677, ""amount"": 120782.29, ""sulfur"": ""0.560"", ""sulfur_unit"": ""%"", ""ash"": ""20.33"", ""source_row"": 105, ""derivation"": ""同单位发电消耗量+供热消耗量，指南7.2.1.2活动水平定义""}]","[{""component"": ""燃料一"", ""factor"": 2, ""unit"": ""g/kg"", ""reference"": ""T/CSES 144-2024 7.2; 表D.1及注a-c""}]","[{""component"": ""燃烧源治理"", ""efficiency"": 0, ""reference"": ""表A.1燃烧源控制措施VOCs为0；CO按表D.1""}]",241.56457999999998,241.56457999999998,T/CSES 144-2024 7.2; 表D.1及注a-c,
SRC-RAW-730A96C0F1BB19F1D46E,POWER,VOC,calculated,产排污系数法/煤质物料衡算法,"[{""component"": ""燃料一"", ""fuel"": ""一般烟煤"", ""raw_amount"": null, ""unit"": ""吨"", ""generation_use"": 12753.613, ""heat_use"": 108028.677, ""amount"": 120782.29, ""sulfur"": ""0.560"", ""sulfur_unit"": ""%"", ""ash"": ""20.33"", ""source_row"": 105, ""derivation"": ""同单位发电消耗量+供热消耗量，指南7.2.1.2活动水平定义""}]","[{""component"": ""燃料一"", ""factor"": 0.04, ""unit"": ""g/kg"", ""reference"": ""T/CSES 144-2024 7.2; 表D.1及注a-c""}]","[{""component"": ""燃烧源治理"", ""efficiency"": 0, ""reference"": ""表A.1燃烧源控制措施VOCs为0；CO按表D.1""}]",4.831291599999999,4.831291599999999,T/CSES 144-2024 7.2; 表D.1及注a-c,
SRC-RAW-730A96C0F1BB19F1D46E,POWER,PM10,information_insufficient,产排污系数法/煤质物料衡算法,"[{""component"": ""燃料一"", ""fuel"": ""一般烟煤"", ""raw_amount"": null, ""unit"": ""吨"", ""generation_use"": 12753.613, ""heat_use"": 108028.677, ""amount"": 120782.29, ""sulfur"": ""0.560"", ""sulfur_unit"": ""%"", ""ash"": ""20.33"", ""source_row"": 105, ""derivation"": ""同单位发电消耗量+供热消耗量，指南7.2.1.2活动水平定义""}]","[{""component"": ""燃料一"", ""factor"": 33.015919999999994, ""unit"": ""g/kg"", ""reference"": ""式(4)-(6)、表C.1-C.3；灰分质量分数；g/kg""}]",[],3987.7384240567994,,式(4)-(6)、表C.1-C.3；灰分质量分数；g/kg,SOURCE_RELATION_MISSING
SRC-RAW-730A96C0F1BB19F1D46E,POWER,PM2.5,information_insufficient,产排污系数法/煤质物料衡算法,"[{""component"": ""燃料一"", ""fuel"": ""一般烟煤"", ""raw_amount"": null, ""unit"": ""吨"", ""generation_use"": 12753.613, ""heat_use"": 108028.677, ""amount"": 120782.29, ""sulfur"": ""0.560"", ""sulfur_unit"": ""%"", ""ash"": ""20.33"", ""source_row"": 105, ""derivation"": ""同单位发电消耗量+供热消耗量，指南7.2.1.2活动水平定义""}]","[{""component"": ""燃料一"", ""factor"": 7.969360000000002, ""unit"": ""g/kg"", ""reference"": ""式(4)-(6)、表C.1-C.3；灰分质量分数；g/kg""}]",[],962.5575506344003,,式(4)-(6)、表C.1-C.3；灰分质量分数；g/kg,SOURCE_RELATION_MISSING
SRC-RAW-730A96C0F1BB19F1D46E,POWER,BC,information_insufficient,产排污系数法/煤质物料衡算法,"[{""component"": ""燃料一"", ""fuel"": ""一般烟煤"", ""raw_amount"": null, ""unit"": ""吨"", ""generation_use"": 12753.613, ""heat_use"": 108028.677, ""amount"": 120782.29, ""sulfur"": ""0.560"", ""sulfur_unit"": ""%"", ""ash"": ""20.33"", ""source_row"": 105, ""derivation"": ""同单位发电消耗量+供热消耗量，指南7.2.1.2活动水平定义""}]","[{""component"": ""燃料一"", ""factor"": 0.015938720000000003, ""unit"": ""g/kg"", ""reference"": ""式(4)-(6)、表C.1-C.3；灰分质量分数；g/kg""}]",[],1.9251151012688004,,式(4)-(6)、表C.1-C.3；灰分质量分数；g/kg,SOURCE_RELATION_MISSING
SRC-RAW-730A96C0F1BB19F1D46E,POWER,OC,calculated,产排污系数法/煤质物料衡算法,"[{""component"": ""燃料一"", ""fuel"": ""一般烟煤"", ""raw_amount"": null, ""unit"": ""吨"", ""generation_use"": 12753.613, ""heat_use"": 108028.677, ""amount"": 120782.29, ""sulfur"": ""0.560"", ""sulfur_unit"": ""%"", ""ash"": ""20.33"", ""source_row"": 105, ""derivation"": ""同单位发电消耗量+供热消耗量，指南7.2.1.2活动水平定义""}]","[{""component"": ""燃料一"", ""factor"": 0, ""unit"": ""g/kg"", ""reference"": ""式(6)、表C.3；电力生产/热力生产和供应OC占比=0""}]",[],0.0,0,式(6)、表C.3；电力生产/热力生产和供应OC占比=0,
SRC-RAW-730A96C0F1BB19F1D46E,POWER,NH3,not_involved,第7章核算范围,[],[],[],,,T/CSES 144-2024第7章、表D.1；未列NH3，未将缺省范围解释为零排放,OUTSIDE_CHAPTER7_POLLUTANT_SCOPE
SRC-RAW-CBBFC1A28AA95EDC417A,POWER,SO2,information_insufficient,产排污系数法/煤质物料衡算法,"[{""component"": ""燃料一"", ""fuel"": ""一般烟煤"", ""raw_amount"": 249395.95, ""unit"": ""吨"", ""generation_use"": 33037.368, ""heat_use"": 216358.582, ""amount"": 249395.95, ""sulfur"": null, ""sulfur_unit"": ""%"", ""ash"": ""20.33"", ""source_row"": 106}]","[{""component"": ""燃料一"", ""factor"": null, ""unit"": ""g/kg"", ""reference"": ""式(3)、表C.1；收到基硫分缺失""}]",[],,,式(3)、表C.1；收到基硫分缺失,POLLUTANT_PARAMETER_MISSING
SRC-RAW-CBBFC1A28AA95EDC417A,POWER,NOx,information_insufficient,产排污系数法/煤质物料衡算法,"[{""component"": ""燃料一"", ""fuel"": ""一般烟煤"", ""raw_amount"": 249395.95, ""unit"": ""吨"", ""generation_use"": 33037.368, ""heat_use"": 216358.582, ""amount"": 249395.95, ""sulfur"": null, ""sulfur_unit"": ""%"", ""ash"": ""20.33"", ""source_row"": 106}]","[{""component"": ""燃料一"", ""factor"": 8.96, ""unit"": ""g/kg"", ""reference"": ""T/CSES 144-2024 7.2; 表D.1及注a-c；万千瓦×10=MW""}]",[],2234.5877120000005,,T/CSES 144-2024 7.2; 表D.1及注a-c；万千瓦×10=MW,SOURCE_RELATION_MISSING
SRC-RAW-CBBFC1A28AA95EDC417A,POWER,CO,calculated,产排污系数法/煤质物料衡算法,"[{""component"": ""燃料一"", ""fuel"": ""一般烟煤"", ""raw_amount"": 249395.95, ""unit"": ""吨"", ""generation_use"": 33037.368, ""heat_use"": 216358.582, ""amount"": 249395.95, ""sulfur"": null, ""sulfur_unit"": ""%"", ""ash"": ""20.33"", ""source_row"": 106}]","[{""component"": ""燃料一"", ""factor"": 2, ""unit"": ""g/kg"", ""reference"": ""T/CSES 144-2024 7.2; 表D.1及注a-c""}]","[{""component"": ""燃烧源治理"", ""efficiency"": 0, ""reference"": ""表A.1燃烧源控制措施VOCs为0；CO按表D.1""}]",498.79190000000006,498.79190000000006,T/CSES 144-2024 7.2; 表D.1及注a-c,
SRC-RAW-CBBFC1A28AA95EDC417A,POWER,VOC,calculated,产排污系数法/煤质物料衡算法,"[{""component"": ""燃料一"", ""fuel"": ""一般烟煤"", ""raw_amount"": 249395.95, ""unit"": ""吨"", ""generation_use"": 33037.368, ""heat_use"": 216358.582, ""amount"": 249395.95, ""sulfur"": null, ""sulfur_unit"": ""%"", ""ash"": ""20.33"", ""source_row"": 106}]","[{""component"": ""燃料一"", ""factor"": 0.04, ""unit"": ""g/kg"", ""reference"": ""T/CSES 144-2024 7.2; 表D.1及注a-c""}]","[{""component"": ""燃烧源治理"", ""efficiency"": 0, ""reference"": ""表A.1燃烧源控制措施VOCs为0；CO按表D.1""}]",9.975838000000001,9.975838000000001,T/CSES 144-2024 7.2; 表D.1及注a-c,
SRC-RAW-CBBFC1A28AA95EDC417A,POWER,PM10,information_insufficient,产排污系数法/煤质物料衡算法,"[{""component"": ""燃料一"", ""fuel"": ""一般烟煤"", ""raw_amount"": 249395.95, ""unit"": ""吨"", ""generation_use"": 33037.368, ""heat_use"": 216358.582, ""amount"": 249395.95, ""sulfur"": null, ""sulfur_unit"": ""%"", ""ash"": ""20.33"", ""source_row"": 106}]","[{""component"": ""燃料一"", ""factor"": 33.015919999999994, ""unit"": ""g/kg"", ""reference"": ""式(4)-(6)、表C.1-C.3；灰分质量分数；g/kg""}]",[],8234.036733523999,,式(4)-(6)、表C.1-C.3；灰分质量分数；g/kg,SOURCE_RELATION_MISSING
SRC-RAW-CBBFC1A28AA95EDC417A,POWER,PM2.5,information_insufficient,产排污系数法/煤质物料衡算法,"[{""component"": ""燃料一"", ""fuel"": ""一般烟煤"", ""raw_amount"": 249395.95, ""unit"": ""吨"", ""generation_use"": 33037.368, ""heat_use"": 216358.582, ""amount"": 249395.95, ""sulfur"": null, ""sulfur_unit"": ""%"", ""ash"": ""20.33"", ""source_row"": 106}]","[{""component"": ""燃料一"", ""factor"": 7.969360000000002, ""unit"": ""g/kg"", ""reference"": ""式(4)-(6)、表C.1-C.3；灰分质量分数；g/kg""}]",[],1987.5261080920004,,式(4)-(6)、表C.1-C.3；灰分质量分数；g/kg,SOURCE_RELATION_MISSING
SRC-RAW-CBBFC1A28AA95EDC417A,POWER,BC,information_insufficient,产排污系数法/煤质物料衡算法,"[{""component"": ""燃料一"", ""fuel"": ""一般烟煤"", ""raw_amount"": 249395.95, ""unit"": ""吨"", ""generation_use"": 33037.368, ""heat_use"": 216358.582, ""amount"": 249395.95, ""sulfur"": null, ""sulfur_unit"": ""%"", ""ash"": ""20.33"", ""source_row"": 106}]","[{""component"": ""燃料一"", ""factor"": 0.015938720000000003, ""unit"": ""g/kg"", ""reference"": ""式(4)-(6)、表C.1-C.3；灰分质量分数；g/kg""}]",[],3.9750522161840007,,式(4)-(6)、表C.1-C.3；灰分质量分数；g/kg,SOURCE_RELATION_MISSING
SRC-RAW-CBBFC1A28AA95EDC417A,POWER,OC,calculated,产排污系数法/煤质物料衡算法,"[{""component"": ""燃料一"", ""fuel"": ""一般烟煤"", ""raw_amount"": 249395.95, ""unit"": ""吨"", ""generation_use"": 33037.368, ""heat_use"": 216358.582, ""amount"": 249395.95, ""sulfur"": null, ""sulfur_unit"": ""%"", ""ash"": ""20.33"", ""source_row"": 106}]","[{""component"": ""燃料一"", ""factor"": 0, ""unit"": ""g/kg"", ""reference"": ""式(6)、表C.3；电力生产/热力生产和供应OC占比=0""}]",[],0.0,0,式(6)、表C.3；电力生产/热力生产和供应OC占比=0,
SRC-RAW-CBBFC1A28AA95EDC417A,POWER,NH3,not_involved,第7章核算范围,[],[],[],,,T/CSES 144-2024第7章、表D.1；未列NH3，未将缺省范围解释为零排放,OUTSIDE_CHAPTER7_POLLUTANT_SCOPE
SRC-RAW-1119E36BA6B9144F2860,POWER,SO2,source_data_invalid,产排污系数法/煤质物料衡算法,"[{""component"": ""燃料一"", ""fuel"": ""一般烟煤"", ""raw_amount"": -5613.05, ""unit"": ""吨"", ""generation_use"": 760.97, ""heat_use"": 4852.08, ""amount"": -5613.05, ""sulfur"": ""0.560"", ""sulfur_unit"": ""%"", ""ash"": ""20.33"", ""source_row"": 107}]","[{""component"": ""燃料一"", ""factor"": 9.520000000000001, ""unit"": ""g/kg"", ""reference"": ""式(3)、表C.1；S按质量分数；sr=0.15；g/kg""}]",[],,,式(3)、表C.1；S按质量分数；sr=0.15；g/kg,HARD_CONSTRAINT_CONFLICT
SRC-RAW-1119E36BA6B9144F2860,POWER,NOx,source_data_invalid,产排污系数法/煤质物料衡算法,"[{""component"": ""燃料一"", ""fuel"": ""一般烟煤"", ""raw_amount"": -5613.05, ""unit"": ""吨"", ""generation_use"": 760.97, ""heat_use"": 4852.08, ""amount"": -5613.05, ""sulfur"": ""0.560"", ""sulfur_unit"": ""%"", ""ash"": ""20.33"", ""source_row"": 107}]","[{""component"": ""燃料一"", ""factor"": 8.96, ""unit"": ""g/kg"", ""reference"": ""T/CSES 144-2024 7.2; 表D.1及注a-c；万千瓦×10=MW""}]",[],,,T/CSES 144-2024 7.2; 表D.1及注a-c；万千瓦×10=MW,HARD_CONSTRAINT_CONFLICT
SRC-RAW-1119E36BA6B9144F2860,POWER,CO,source_data_invalid,产排污系数法/煤质物料衡算法,"[{""component"": ""燃料一"", ""fuel"": ""一般烟煤"", ""raw_amount"": -5613.05, ""unit"": ""吨"", ""generation_use"": 760.97, ""heat_use"": 4852.08, ""amount"": -5613.05, ""sulfur"": ""0.560"", ""sulfur_unit"": ""%"", ""ash"": ""20.33"", ""source_row"": 107}]","[{""component"": ""燃料一"", ""factor"": 2, ""unit"": ""g/kg"", ""reference"": ""T/CSES 144-2024 7.2; 表D.1及注a-c""}]",[],,,T/CSES 144-2024 7.2; 表D.1及注a-c,HARD_CONSTRAINT_CONFLICT
SRC-RAW-1119E36BA6B9144F2860,POWER,VOC,source_data_invalid,产排污系数法/煤质物料衡算法,"[{""component"": ""燃料一"", ""fuel"": ""一般烟煤"", ""raw_amount"": -5613.05, ""unit"": ""吨"", ""generation_use"": 760.97, ""heat_use"": 4852.08, ""amount"": -5613.05, ""sulfur"": ""0.560"", ""sulfur_unit"": ""%"", ""ash"": ""20.33"", ""source_row"": 107}]","[{""component"": ""燃料一"", ""factor"": 0.04, ""unit"": ""g/kg"", ""reference"": ""T/CSES 144-2024 7.2; 表D.1及注a-c""}]",[],,,T/CSES 144-2024 7.2; 表D.1及注a-c,HARD_CONSTRAINT_CONFLICT
SRC-RAW-1119E36BA6B9144F2860,POWER,PM10,source_data_invalid,产排污系数法/煤质物料衡算法,"[{""component"": ""燃料一"", ""fuel"": ""一般烟煤"", ""raw_amount"": -5613.05, ""unit"": ""吨"", ""generation_use"": 760.97, ""heat_use"": 4852.08, ""amount"": -5613.05, ""sulfur"": ""0.560"", ""sulfur_unit"": ""%"", ""ash"": ""20.33"", ""source_row"": 107}]","[{""component"": ""燃料一"", ""factor"": 33.015919999999994, ""unit"": ""g/kg"", ""reference"": ""式(4)-(6)、表C.1-C.3；灰分质量分数；g/kg""}]",[],,,式(4)-(6)、表C.1-C.3；灰分质量分数；g/kg,HARD_CONSTRAINT_CONFLICT
SRC-RAW-1119E36BA6B9144F2860,POWER,PM2.5,source_data_invalid,产排污系数法/煤质物料衡算法,"[{""component"": ""燃料一"", ""fuel"": ""一般烟煤"", ""raw_amount"": -5613.05, ""unit"": ""吨"", ""generation_use"": 760.97, ""heat_use"": 4852.08, ""amount"": -5613.05, ""sulfur"": ""0.560"", ""sulfur_unit"": ""%"", ""ash"": ""20.33"", ""source_row"": 107}]","[{""component"": ""燃料一"", ""factor"": 7.969360000000002, ""unit"": ""g/kg"", ""reference"": ""式(4)-(6)、表C.1-C.3；灰分质量分数；g/kg""}]",[],,,式(4)-(6)、表C.1-C.3；灰分质量分数；g/kg,HARD_CONSTRAINT_CONFLICT
SRC-RAW-1119E36BA6B9144F2860,POWER,BC,source_data_invalid,产排污系数法/煤质物料衡算法,"[{""component"": ""燃料一"", ""fuel"": ""一般烟煤"", ""raw_amount"": -5613.05, ""unit"": ""吨"", ""generation_use"": 760.97, ""heat_use"": 4852.08, ""amount"": -5613.05, ""sulfur"": ""0.560"", ""sulfur_unit"": ""%"", ""ash"": ""20.33"", ""source_row"": 107}]","[{""component"": ""燃料一"", ""factor"": 0.015938720000000003, ""unit"": ""g/kg"", ""reference"": ""式(4)-(6)、表C.1-C.3；灰分质量分数；g/kg""}]",[],,,式(4)-(6)、表C.1-C.3；灰分质量分数；g/kg,HARD_CONSTRAINT_CONFLICT
SRC-RAW-1119E36BA6B9144F2860,POWER,OC,source_data_invalid,产排污系数法/煤质物料衡算法,"[{""component"": ""燃料一"", ""fuel"": ""一般烟煤"", ""raw_amount"": -5613.05, ""unit"": ""吨"", ""generation_use"": 760.97, ""heat_use"": 4852.08, ""amount"": -5613.05, ""sulfur"": ""0.560"", ""sulfur_unit"": ""%"", ""ash"": ""20.33"", ""source_row"": 107}]","[{""component"": ""燃料一"", ""factor"": 0, ""unit"": ""g/kg"", ""reference"": ""式(6)、表C.3；电力生产/热力生产和供应OC占比=0""}]",[],,,式(6)、表C.3；电力生产/热力生产和供应OC占比=0,HARD_CONSTRAINT_CONFLICT
SRC-RAW-1119E36BA6B9144F2860,POWER,NH3,not_involved,第7章核算范围,[],[],[],,,T/CSES 144-2024第7章、表D.1；未列NH3，未将缺省范围解释为零排放,OUTSIDE_CHAPTER7_POLLUTANT_SCOPE
SRC-RAW-A39EE44DA4D0B77CDE6B,POWER,SO2,source_data_invalid,产排污系数法/煤质物料衡算法,"[{""component"": ""燃料一"", ""fuel"": ""一般烟煤"", ""raw_amount"": -67038.0, ""unit"": ""吨"", ""generation_use"": 64649.0, ""heat_use"": 2389.0, ""amount"": -67038.0, ""sulfur"": ""0.810"", ""sulfur_unit"": ""%"", ""ash"": ""21.62"", ""source_row"": 118}]","[{""component"": ""燃料一"", ""factor"": 13.770000000000001, ""unit"": ""g/kg"", ""reference"": ""式(3)、表C.1；S按质量分数；sr=0.15；g/kg""}]",[],,,式(3)、表C.1；S按质量分数；sr=0.15；g/kg,HARD_CONSTRAINT_CONFLICT
SRC-RAW-A39EE44DA4D0B77CDE6B,POWER,NOx,source_data_invalid,产排污系数法/煤质物料衡算法,"[{""component"": ""燃料一"", ""fuel"": ""一般烟煤"", ""raw_amount"": -67038.0, ""unit"": ""吨"", ""generation_use"": 64649.0, ""heat_use"": 2389.0, ""amount"": -67038.0, ""sulfur"": ""0.810"", ""sulfur_unit"": ""%"", ""ash"": ""21.62"", ""source_row"": 118}]","[{""component"": ""燃料一"", ""factor"": 8.96, ""unit"": ""g/kg"", ""reference"": ""T/CSES 144-2024 7.2; 表D.1及注a-c；万千瓦×10=MW""}]",[],,,T/CSES 144-2024 7.2; 表D.1及注a-c；万千瓦×10=MW,HARD_CONSTRAINT_CONFLICT
SRC-RAW-A39EE44DA4D0B77CDE6B,POWER,CO,source_data_invalid,产排污系数法/煤质物料衡算法,"[{""component"": ""燃料一"", ""fuel"": ""一般烟煤"", ""raw_amount"": -67038.0, ""unit"": ""吨"", ""generation_use"": 64649.0, ""heat_use"": 2389.0, ""amount"": -67038.0, ""sulfur"": ""0.810"", ""sulfur_unit"": ""%"", ""ash"": ""21.62"", ""source_row"": 118}]","[{""component"": ""燃料一"", ""factor"": 2, ""unit"": ""g/kg"", ""reference"": ""T/CSES 144-2024 7.2; 表D.1及注a-c""}]",[],,,T/CSES 144-2024 7.2; 表D.1及注a-c,HARD_CONSTRAINT_CONFLICT
SRC-RAW-A39EE44DA4D0B77CDE6B,POWER,VOC,source_data_invalid,产排污系数法/煤质物料衡算法,"[{""component"": ""燃料一"", ""fuel"": ""一般烟煤"", ""raw_amount"": -67038.0, ""unit"": ""吨"", ""generation_use"": 64649.0, ""heat_use"": 2389.0, ""amount"": -67038.0, ""sulfur"": ""0.810"", ""sulfur_unit"": ""%"", ""ash"": ""21.62"", ""source_row"": 118}]","[{""component"": ""燃料一"", ""factor"": 0.04, ""unit"": ""g/kg"", ""reference"": ""T/CSES 144-2024 7.2; 表D.1及注a-c""}]",[],,,T/CSES 144-2024 7.2; 表D.1及注a-c,HARD_CONSTRAINT_CONFLICT
SRC-RAW-A39EE44DA4D0B77CDE6B,POWER,PM10,source_data_invalid,产排污系数法/煤质物料衡算法,"[{""component"": ""燃料一"", ""fuel"": ""一般烟煤"", ""raw_amount"": -67038.0, ""unit"": ""吨"", ""generation_use"": 64649.0, ""heat_use"": 2389.0, ""amount"": -67038.0, ""sulfur"": ""0.810"", ""sulfur_unit"": ""%"", ""ash"": ""21.62"", ""source_row"": 118}]","[{""component"": ""燃料一"", ""factor"": 37.294500000000006, ""unit"": ""g/kg"", ""reference"": ""式(4)-(6)、表C.1-C.3；灰分质量分数；g/kg""}]",[],,,式(4)-(6)、表C.1-C.3；灰分质量分数；g/kg,HARD_CONSTRAINT_CONFLICT
SRC-RAW-A39EE44DA4D0B77CDE6B,POWER,PM2.5,source_data_invalid,产排污系数法/煤质物料衡算法,"[{""component"": ""燃料一"", ""fuel"": ""一般烟煤"", ""raw_amount"": -67038.0, ""unit"": ""吨"", ""generation_use"": 64649.0, ""heat_use"": 2389.0, ""amount"": -67038.0, ""sulfur"": ""0.810"", ""sulfur_unit"": ""%"", ""ash"": ""21.62"", ""source_row"": 118}]","[{""component"": ""燃料一"", ""factor"": 9.729, ""unit"": ""g/kg"", ""reference"": ""式(4)-(6)、表C.1-C.3；灰分质量分数；g/kg""}]",[],,,式(4)-(6)、表C.1-C.3；灰分质量分数；g/kg,HARD_CONSTRAINT_CONFLICT
SRC-RAW-A39EE44DA4D0B77CDE6B,POWER,BC,source_data_invalid,产排污系数法/煤质物料衡算法,"[{""component"": ""燃料一"", ""fuel"": ""一般烟煤"", ""raw_amount"": -67038.0, ""unit"": ""吨"", ""generation_use"": 64649.0, ""heat_use"": 2389.0, ""amount"": -67038.0, ""sulfur"": ""0.810"", ""sulfur_unit"": ""%"", ""ash"": ""21.62"", ""source_row"": 118}]","[{""component"": ""燃料一"", ""factor"": 0.019458, ""unit"": ""g/kg"", ""reference"": ""式(4)-(6)、表C.1-C.3；灰分质量分数；g/kg""}]",[],,,式(4)-(6)、表C.1-C.3；灰分质量分数；g/kg,HARD_CONSTRAINT_CONFLICT
SRC-RAW-A39EE44DA4D0B77CDE6B,POWER,OC,source_data_invalid,产排污系数法/煤质物料衡算法,"[{""component"": ""燃料一"", ""fuel"": ""一般烟煤"", ""raw_amount"": -67038.0, ""unit"": ""吨"", ""generation_use"": 64649.0, ""heat_use"": 2389.0, ""amount"": -67038.0, ""sulfur"": ""0.810"", ""sulfur_unit"": ""%"", ""ash"": ""21.62"", ""source_row"": 118}]","[{""component"": ""燃料一"", ""factor"": 0, ""unit"": ""g/kg"", ""reference"": ""式(6)、表C.3；电力生产/热力生产和供应OC占比=0""}]",[],,,式(6)、表C.3；电力生产/热力生产和供应OC占比=0,HARD_CONSTRAINT_CONFLICT
SRC-RAW-A39EE44DA4D0B77CDE6B,POWER,NH3,not_involved,第7章核算范围,[],[],[],,,T/CSES 144-2024第7章、表D.1；未列NH3，未将缺省范围解释为零排放,OUTSIDE_CHAPTER7_POLLUTANT_SCOPE
SRC-RAW-08ED845850C20B09F0BA,POWER,SO2,information_insufficient,产排污系数法/煤质物料衡算法,"[{""component"": ""燃料一"", ""fuel"": ""一般烟煤"", ""raw_amount"": null, ""unit"": ""吨"", ""generation_use"": 97806.0, ""heat_use"": 468798.0, ""amount"": 566604.0, ""sulfur"": ""0.830"", ""sulfur_unit"": ""%"", ""ash"": ""21.53"", ""source_row"": 119, ""derivation"": ""同单位发电消耗量+供热消耗量，指南7.2.1.2活动水平定义""}]","[{""component"": ""燃料一"", ""factor"": 14.11, ""unit"": ""g/kg"", ""reference"": ""式(3)、表C.1；S按质量分数；sr=0.15；g/kg""}]",[],7994.78244,,式(3)、表C.1；S按质量分数；sr=0.15；g/kg,SOURCE_RELATION_MISSING
SRC-RAW-08ED845850C20B09F0BA,POWER,NOx,information_insufficient,产排污系数法/煤质物料衡算法,"[{""component"": ""燃料一"", ""fuel"": ""一般烟煤"", ""raw_amount"": null, ""unit"": ""吨"", ""generation_use"": 97806.0, ""heat_use"": 468798.0, ""amount"": 566604.0, ""sulfur"": ""0.830"", ""sulfur_unit"": ""%"", ""ash"": ""21.53"", ""source_row"": 119, ""derivation"": ""同单位发电消耗量+供热消耗量，指南7.2.1.2活动水平定义""}]","[{""component"": ""燃料一"", ""factor"": 8.96, ""unit"": ""g/kg"", ""reference"": ""T/CSES 144-2024 7.2; 表D.1及注a-c；万千瓦×10=MW""}]",[],5076.771840000001,,T/CSES 144-2024 7.2; 表D.1及注a-c；万千瓦×10=MW,SOURCE_RELATION_MISSING
SRC-RAW-08ED845850C20B09F0BA,POWER,CO,calculated,产排污系数法/煤质物料衡算法,"[{""component"": ""燃料一"", ""fuel"": ""一般烟煤"", ""raw_amount"": null, ""unit"": ""吨"", ""generation_use"": 97806.0, ""heat_use"": 468798.0, ""amount"": 566604.0, ""sulfur"": ""0.830"", ""sulfur_unit"": ""%"", ""ash"": ""21.53"", ""source_row"": 119, ""derivation"": ""同单位发电消耗量+供热消耗量，指南7.2.1.2活动水平定义""}]","[{""component"": ""燃料一"", ""factor"": 2, ""unit"": ""g/kg"", ""reference"": ""T/CSES 144-2024 7.2; 表D.1及注a-c""}]","[{""component"": ""燃烧源治理"", ""efficiency"": 0, ""reference"": ""表A.1燃烧源控制措施VOCs为0；CO按表D.1""}]",1133.208,1133.208,T/CSES 144-2024 7.2; 表D.1及注a-c,
SRC-RAW-08ED845850C20B09F0BA,POWER,VOC,calculated,产排污系数法/煤质物料衡算法,"[{""component"": ""燃料一"", ""fuel"": ""一般烟煤"", ""raw_amount"": null, ""unit"": ""吨"", ""generation_use"": 97806.0, ""heat_use"": 468798.0, ""amount"": 566604.0, ""sulfur"": ""0.830"", ""sulfur_unit"": ""%"", ""ash"": ""21.53"", ""source_row"": 119, ""derivation"": ""同单位发电消耗量+供热消耗量，指南7.2.1.2活动水平定义""}]","[{""component"": ""燃料一"", ""factor"": 0.04, ""unit"": ""g/kg"", ""reference"": ""T/CSES 144-2024 7.2; 表D.1及注a-c""}]","[{""component"": ""燃烧源治理"", ""efficiency"": 0, ""reference"": ""表A.1燃烧源控制措施VOCs为0；CO按表D.1""}]",22.66416,22.66416,T/CSES 144-2024 7.2; 表D.1及注a-c,
SRC-RAW-08ED845850C20B09F0BA,POWER,PM10,information_insufficient,产排污系数法/煤质物料衡算法,"[{""component"": ""燃料一"", ""fuel"": ""一般烟煤"", ""raw_amount"": null, ""unit"": ""吨"", ""generation_use"": 97806.0, ""heat_use"": 468798.0, ""amount"": 566604.0, ""sulfur"": ""0.830"", ""sulfur_unit"": ""%"", ""ash"": ""21.53"", ""source_row"": 119, ""derivation"": ""同单位发电消耗量+供热消耗量，指南7.2.1.2活动水平定义""}]","[{""component"": ""燃料一"", ""factor"": 37.139250000000004, ""unit"": ""g/kg"", ""reference"": ""式(4)-(6)、表C.1-C.3；灰分质量分数；g/kg""}]",[],21043.247607,,式(4)-(6)、表C.1-C.3；灰分质量分数；g/kg,SOURCE_RELATION_MISSING
SRC-RAW-08ED845850C20B09F0BA,POWER,PM2.5,information_insufficient,产排污系数法/煤质物料衡算法,"[{""component"": ""燃料一"", ""fuel"": ""一般烟煤"", ""raw_amount"": null, ""unit"": ""吨"", ""generation_use"": 97806.0, ""heat_use"": 468798.0, ""amount"": 566604.0, ""sulfur"": ""0.830"", ""sulfur_unit"": ""%"", ""ash"": ""21.53"", ""source_row"": 119, ""derivation"": ""同单位发电消耗量+供热消耗量，指南7.2.1.2活动水平定义""}]","[{""component"": ""燃料一"", ""factor"": 9.688500000000001, ""unit"": ""g/kg"", ""reference"": ""式(4)-(6)、表C.1-C.3；灰分质量分数；g/kg""}]",[],5489.542854,,式(4)-(6)、表C.1-C.3；灰分质量分数；g/kg,SOURCE_RELATION_MISSING
SRC-RAW-08ED845850C20B09F0BA,POWER,BC,information_insufficient,产排污系数法/煤质物料衡算法,"[{""component"": ""燃料一"", ""fuel"": ""一般烟煤"", ""raw_amount"": null, ""unit"": ""吨"", ""generation_use"": 97806.0, ""heat_use"": 468798.0, ""amount"": 566604.0, ""sulfur"": ""0.830"", ""sulfur_unit"": ""%"", ""ash"": ""21.53"", ""source_row"": 119, ""derivation"": ""同单位发电消耗量+供热消耗量，指南7.2.1.2活动水平定义""}]","[{""component"": ""燃料一"", ""factor"": 0.019377000000000002, ""unit"": ""g/kg"", ""reference"": ""式(4)-(6)、表C.1-C.3；灰分质量分数；g/kg""}]",[],10.979085708000001,,式(4)-(6)、表C.1-C.3；灰分质量分数；g/kg,SOURCE_RELATION_MISSING
SRC-RAW-08ED845850C20B09F0BA,POWER,OC,calculated,产排污系数法/煤质物料衡算法,"[{""component"": ""燃料一"", ""fuel"": ""一般烟煤"", ""raw_amount"": null, ""unit"": ""吨"", ""generation_use"": 97806.0, ""heat_use"": 468798.0, ""amount"": 566604.0, ""sulfur"": ""0.830"", ""sulfur_unit"": ""%"", ""ash"": ""21.53"", ""source_row"": 119, ""derivation"": ""同单位发电消耗量+供热消耗量，指南7.2.1.2活动水平定义""}]","[{""component"": ""燃料一"", ""factor"": 0, ""unit"": ""g/kg"", ""reference"": ""式(6)、表C.3；电力生产/热力生产和供应OC占比=0""}]",[],0.0,0,式(6)、表C.3；电力生产/热力生产和供应OC占比=0,
SRC-RAW-08ED845850C20B09F0BA,POWER,NH3,not_involved,第7章核算范围,[],[],[],,,T/CSES 144-2024第7章、表D.1；未列NH3，未将缺省范围解释为零排放,OUTSIDE_CHAPTER7_POLLUTANT_SCOPE
SRC-RAW-7B1B93A760DD2B1DB0F8,POWER,SO2,information_insufficient,产排污系数法/煤质物料衡算法,"[{""component"": ""燃料一"", ""fuel"": ""一般烟煤"", ""raw_amount"": 151921.0, ""unit"": ""吨"", ""generation_use"": 90363.0, ""heat_use"": 61558.0, ""amount"": 151921.0, ""sulfur"": ""0.690"", ""sulfur_unit"": ""%"", ""ash"": null, ""source_row"": 120}]","[{""component"": ""燃料一"", ""factor"": 11.729999999999999, ""unit"": ""g/kg"", ""reference"": ""式(3)、表C.1；S按质量分数；sr=0.15；g/kg""}]",[],1782.03333,,式(3)、表C.1；S按质量分数；sr=0.15；g/kg,SOURCE_RELATION_MISSING
SRC-RAW-7B1B93A760DD2B1DB0F8,POWER,NOx,information_insufficient,产排污系数法/煤质物料衡算法,"[{""component"": ""燃料一"", ""fuel"": ""一般烟煤"", ""raw_amount"": 151921.0, ""unit"": ""吨"", ""generation_use"": 90363.0, ""heat_use"": 61558.0, ""amount"": 151921.0, ""sulfur"": ""0.690"", ""sulfur_unit"": ""%"", ""ash"": null, ""source_row"": 120}]","[{""component"": ""燃料一"", ""factor"": 8.96, ""unit"": ""g/kg"", ""reference"": ""T/CSES 144-2024 7.2; 表D.1及注a-c；万千瓦×10=MW""}]",[],1361.2121600000003,,T/CSES 144-2024 7.2; 表D.1及注a-c；万千瓦×10=MW,SOURCE_RELATION_MISSING
SRC-RAW-7B1B93A760DD2B1DB0F8,POWER,CO,calculated,产排污系数法/煤质物料衡算法,"[{""component"": ""燃料一"", ""fuel"": ""一般烟煤"", ""raw_amount"": 151921.0, ""unit"": ""吨"", ""generation_use"": 90363.0, ""heat_use"": 61558.0, ""amount"": 151921.0, ""sulfur"": ""0.690"", ""sulfur_unit"": ""%"", ""ash"": null, ""source_row"": 120}]","[{""component"": ""燃料一"", ""factor"": 2, ""unit"": ""g/kg"", ""reference"": ""T/CSES 144-2024 7.2; 表D.1及注a-c""}]","[{""component"": ""燃烧源治理"", ""efficiency"": 0, ""reference"": ""表A.1燃烧源控制措施VOCs为0；CO按表D.1""}]",303.842,303.842,T/CSES 144-2024 7.2; 表D.1及注a-c,
SRC-RAW-7B1B93A760DD2B1DB0F8,POWER,VOC,calculated,产排污系数法/煤质物料衡算法,"[{""component"": ""燃料一"", ""fuel"": ""一般烟煤"", ""raw_amount"": 151921.0, ""unit"": ""吨"", ""generation_use"": 90363.0, ""heat_use"": 61558.0, ""amount"": 151921.0, ""sulfur"": ""0.690"", ""sulfur_unit"": ""%"", ""ash"": null, ""source_row"": 120}]","[{""component"": ""燃料一"", ""factor"": 0.04, ""unit"": ""g/kg"", ""reference"": ""T/CSES 144-2024 7.2; 表D.1及注a-c""}]","[{""component"": ""燃烧源治理"", ""efficiency"": 0, ""reference"": ""表A.1燃烧源控制措施VOCs为0；CO按表D.1""}]",6.076840000000001,6.076840000000001,T/CSES 144-2024 7.2; 表D.1及注a-c,
SRC-RAW-7B1B93A760DD2B1DB0F8,POWER,PM10,information_insufficient,产排污系数法/煤质物料衡算法,"[{""component"": ""燃料一"", ""fuel"": ""一般烟煤"", ""raw_amount"": 151921.0, ""unit"": ""吨"", ""generation_use"": 90363.0, ""heat_use"": 61558.0, ""amount"": 151921.0, ""sulfur"": ""0.690"", ""sulfur_unit"": ""%"", ""ash"": null, ""source_row"": 120}]","[{""component"": ""燃料一"", ""factor"": null, ""unit"": ""g/kg"", ""reference"": ""式(4)-(6)、表C.1-C.3；收到基灰分缺失""}]",[],,,式(4)-(6)、表C.1-C.3；收到基灰分缺失,POLLUTANT_PARAMETER_MISSING
SRC-RAW-7B1B93A760DD2B1DB0F8,POWER,PM2.5,information_insufficient,产排污系数法/煤质物料衡算法,"[{""component"": ""燃料一"", ""fuel"": ""一般烟煤"", ""raw_amount"": 151921.0, ""unit"": ""吨"", ""generation_use"": 90363.0, ""heat_use"": 61558.0, ""amount"": 151921.0, ""sulfur"": ""0.690"", ""sulfur_unit"": ""%"", ""ash"": null, ""source_row"": 120}]","[{""component"": ""燃料一"", ""factor"": null, ""unit"": ""g/kg"", ""reference"": ""式(4)-(6)、表C.1-C.3；收到基灰分缺失""}]",[],,,式(4)-(6)、表C.1-C.3；收到基灰分缺失,POLLUTANT_PARAMETER_MISSING
SRC-RAW-7B1B93A760DD2B1DB0F8,POWER,BC,information_insufficient,产排污系数法/煤质物料衡算法,"[{""component"": ""燃料一"", ""fuel"": ""一般烟煤"", ""raw_amount"": 151921.0, ""unit"": ""吨"", ""generation_use"": 90363.0, ""heat_use"": 61558.0, ""amount"": 151921.0, ""sulfur"": ""0.690"", ""sulfur_unit"": ""%"", ""ash"": null, ""source_row"": 120}]","[{""component"": ""燃料一"", ""factor"": null, ""unit"": ""g/kg"", ""reference"": ""式(4)-(6)、表C.1-C.3；收到基灰分缺失""}]",[],,,式(4)-(6)、表C.1-C.3；收到基灰分缺失,POLLUTANT_PARAMETER_MISSING
SRC-RAW-7B1B93A760DD2B1DB0F8,POWER,OC,calculated,产排污系数法/煤质物料衡算法,"[{""component"": ""燃料一"", ""fuel"": ""一般烟煤"", ""raw_amount"": 151921.0, ""unit"": ""吨"", ""generation_use"": 90363.0, ""heat_use"": 61558.0, ""amount"": 151921.0, ""sulfur"": ""0.690"", ""sulfur_unit"": ""%"", ""ash"": null, ""source_row"": 120}]","[{""component"": ""燃料一"", ""factor"": 0, ""unit"": ""g/kg"", ""reference"": ""式(6)、表C.3；电力生产/热力生产和供应OC占比=0""}]",[],0.0,0,式(6)、表C.3；电力生产/热力生产和供应OC占比=0,
SRC-RAW-7B1B93A760DD2B1DB0F8,POWER,NH3,not_involved,第7章核算范围,[],[],[],,,T/CSES 144-2024第7章、表D.1；未列NH3，未将缺省范围解释为零排放,OUTSIDE_CHAPTER7_POLLUTANT_SCOPE
SRC-RAW-2FB8FC20271C9C66798A,POWER,SO2,source_data_invalid,产排污系数法/煤质物料衡算法,"[{""component"": ""燃料一"", ""fuel"": ""一般烟煤"", ""raw_amount"": -135632.0, ""unit"": ""吨"", ""generation_use"": 73709.0, ""heat_use"": 61923.0, ""amount"": -135632.0, ""sulfur"": ""0.690"", ""sulfur_unit"": ""%"", ""ash"": ""18.69"", ""source_row"": 121}]","[{""component"": ""燃料一"", ""factor"": 11.729999999999999, ""unit"": ""g/kg"", ""reference"": ""式(3)、表C.1；S按质量分数；sr=0.15；g/kg""}]",[],,,式(3)、表C.1；S按质量分数；sr=0.15；g/kg,HARD_CONSTRAINT_CONFLICT
SRC-RAW-2FB8FC20271C9C66798A,POWER,NOx,source_data_invalid,产排污系数法/煤质物料衡算法,"[{""component"": ""燃料一"", ""fuel"": ""一般烟煤"", ""raw_amount"": -135632.0, ""unit"": ""吨"", ""generation_use"": 73709.0, ""heat_use"": 61923.0, ""amount"": -135632.0, ""sulfur"": ""0.690"", ""sulfur_unit"": ""%"", ""ash"": ""18.69"", ""source_row"": 121}]","[{""component"": ""燃料一"", ""factor"": 8.96, ""unit"": ""g/kg"", ""reference"": ""T/CSES 144-2024 7.2; 表D.1及注a-c；万千瓦×10=MW""}]",[],,,T/CSES 144-2024 7.2; 表D.1及注a-c；万千瓦×10=MW,HARD_CONSTRAINT_CONFLICT
SRC-RAW-2FB8FC20271C9C66798A,POWER,CO,source_data_invalid,产排污系数法/煤质物料衡算法,"[{""component"": ""燃料一"", ""fuel"": ""一般烟煤"", ""raw_amount"": -135632.0, ""unit"": ""吨"", ""generation_use"": 73709.0, ""heat_use"": 61923.0, ""amount"": -135632.0, ""sulfur"": ""0.690"", ""sulfur_unit"": ""%"", ""ash"": ""18.69"", ""source_row"": 121}]","[{""component"": ""燃料一"", ""factor"": 2, ""unit"": ""g/kg"", ""reference"": ""T/CSES 144-2024 7.2; 表D.1及注a-c""}]",[],,,T/CSES 144-2024 7.2; 表D.1及注a-c,HARD_CONSTRAINT_CONFLICT
SRC-RAW-2FB8FC20271C9C66798A,POWER,VOC,source_data_invalid,产排污系数法/煤质物料衡算法,"[{""component"": ""燃料一"", ""fuel"": ""一般烟煤"", ""raw_amount"": -135632.0, ""unit"": ""吨"", ""generation_use"": 73709.0, ""heat_use"": 61923.0, ""amount"": -135632.0, ""sulfur"": ""0.690"", ""sulfur_unit"": ""%"", ""ash"": ""18.69"", ""source_row"": 121}]","[{""component"": ""燃料一"", ""factor"": 0.04, ""unit"": ""g/kg"", ""reference"": ""T/CSES 144-2024 7.2; 表D.1及注a-c""}]",[],,,T/CSES 144-2024 7.2; 表D.1及注a-c,HARD_CONSTRAINT_CONFLICT
SRC-RAW-2FB8FC20271C9C66798A,POWER,PM10,source_data_invalid,产排污系数法/煤质物料衡算法,"[{""component"": ""燃料一"", ""fuel"": ""一般烟煤"", ""raw_amount"": -135632.0, ""unit"": ""吨"", ""generation_use"": 73709.0, ""heat_use"": 61923.0, ""amount"": -135632.0, ""sulfur"": ""0.690"", ""sulfur_unit"": ""%"", ""ash"": ""18.69"", ""source_row"": 121}]","[{""component"": ""燃料一"", ""factor"": 30.352560000000004, ""unit"": ""g/kg"", ""reference"": ""式(4)-(6)、表C.1-C.3；灰分质量分数；g/kg""}]",[],,,式(4)-(6)、表C.1-C.3；灰分质量分数；g/kg,HARD_CONSTRAINT_CONFLICT
SRC-RAW-2FB8FC20271C9C66798A,POWER,PM2.5,source_data_invalid,产排污系数法/煤质物料衡算法,"[{""component"": ""燃料一"", ""fuel"": ""一般烟煤"", ""raw_amount"": -135632.0, ""unit"": ""吨"", ""generation_use"": 73709.0, ""heat_use"": 61923.0, ""amount"": -135632.0, ""sulfur"": ""0.690"", ""sulfur_unit"": ""%"", ""ash"": ""18.69"", ""source_row"": 121}]","[{""component"": ""燃料一"", ""factor"": 7.326480000000003, ""unit"": ""g/kg"", ""reference"": ""式(4)-(6)、表C.1-C.3；灰分质量分数；g/kg""}]",[],,,式(4)-(6)、表C.1-C.3；灰分质量分数；g/kg,HARD_CONSTRAINT_CONFLICT
SRC-RAW-2FB8FC20271C9C66798A,POWER,BC,source_data_invalid,产排污系数法/煤质物料衡算法,"[{""component"": ""燃料一"", ""fuel"": ""一般烟煤"", ""raw_amount"": -135632.0, ""unit"": ""吨"", ""generation_use"": 73709.0, ""heat_use"": 61923.0, ""amount"": -135632.0, ""sulfur"": ""0.690"", ""sulfur_unit"": ""%"", ""ash"": ""18.69"", ""source_row"": 121}]","[{""component"": ""燃料一"", ""factor"": 0.014652960000000007, ""unit"": ""g/kg"", ""reference"": ""式(4)-(6)、表C.1-C.3；灰分质量分数；g/kg""}]",[],,,式(4)-(6)、表C.1-C.3；灰分质量分数；g/kg,HARD_CONSTRAINT_CONFLICT
SRC-RAW-2FB8FC20271C9C66798A,POWER,OC,source_data_invalid,产排污系数法/煤质物料衡算法,"[{""component"": ""燃料一"", ""fuel"": ""一般烟煤"", ""raw_amount"": -135632.0, ""unit"": ""吨"", ""generation_use"": 73709.0, ""heat_use"": 61923.0, ""amount"": -135632.0, ""sulfur"": ""0.690"", ""sulfur_unit"": ""%"", ""ash"": ""18.69"", ""source_row"": 121}]","[{""component"": ""燃料一"", ""factor"": 0, ""unit"": ""g/kg"", ""reference"": ""式(6)、表C.3；电力生产/热力生产和供应OC占比=0""}]",[],,,式(6)、表C.3；电力生产/热力生产和供应OC占比=0,HARD_CONSTRAINT_CONFLICT
SRC-RAW-2FB8FC20271C9C66798A,POWER,NH3,not_involved,第7章核算范围,[],[],[],,,T/CSES 144-2024第7章、表D.1；未列NH3，未将缺省范围解释为零排放,OUTSIDE_CHAPTER7_POLLUTANT_SCOPE
SRC-RAW-6EAB6262167FA0E8D39E,POWER,SO2,source_data_invalid,产排污系数法/煤质物料衡算法,"[{""component"": ""燃料一"", ""fuel"": ""无烟煤"", ""raw_amount"": -317420.09, ""unit"": ""吨"", ""generation_use"": 288574.0, ""heat_use"": 28846.09, ""amount"": -317420.09, ""sulfur"": ""0.360"", ""sulfur_unit"": ""%"", ""ash"": ""7.40"", ""source_row"": 126}]","[{""component"": ""燃料一"", ""factor"": 6.119999999999999, ""unit"": ""g/kg"", ""reference"": ""式(3)、表C.1；S按质量分数；sr=0.15；g/kg""}]",[],,,式(3)、表C.1；S按质量分数；sr=0.15；g/kg,HARD_CONSTRAINT_CONFLICT
SRC-RAW-6EAB6262167FA0E8D39E,POWER,NOx,source_data_invalid,产排污系数法/煤质物料衡算法,"[{""component"": ""燃料一"", ""fuel"": ""无烟煤"", ""raw_amount"": -317420.09, ""unit"": ""吨"", ""generation_use"": 288574.0, ""heat_use"": 28846.09, ""amount"": -317420.09, ""sulfur"": ""0.360"", ""sulfur_unit"": ""%"", ""ash"": ""7.40"", ""source_row"": 126}]","[{""component"": ""燃料一"", ""factor"": 7.21, ""unit"": ""g/kg"", ""reference"": ""T/CSES 144-2024 7.2; 表D.1及注a-c；万千瓦×10=MW""}]",[],,,T/CSES 144-2024 7.2; 表D.1及注a-c；万千瓦×10=MW,HARD_CONSTRAINT_CONFLICT
SRC-RAW-6EAB6262167FA0E8D39E,POWER,CO,source_data_invalid,产排污系数法/煤质物料衡算法,"[{""component"": ""燃料一"", ""fuel"": ""无烟煤"", ""raw_amount"": -317420.09, ""unit"": ""吨"", ""generation_use"": 288574.0, ""heat_use"": 28846.09, ""amount"": -317420.09, ""sulfur"": ""0.360"", ""sulfur_unit"": ""%"", ""ash"": ""7.40"", ""source_row"": 126}]","[{""component"": ""燃料一"", ""factor"": 2, ""unit"": ""g/kg"", ""reference"": ""T/CSES 144-2024 7.2; 表D.1及注a-c""}]",[],,,T/CSES 144-2024 7.2; 表D.1及注a-c,HARD_CONSTRAINT_CONFLICT
SRC-RAW-6EAB6262167FA0E8D39E,POWER,VOC,source_data_invalid,产排污系数法/煤质物料衡算法,"[{""component"": ""燃料一"", ""fuel"": ""无烟煤"", ""raw_amount"": -317420.09, ""unit"": ""吨"", ""generation_use"": 288574.0, ""heat_use"": 28846.09, ""amount"": -317420.09, ""sulfur"": ""0.360"", ""sulfur_unit"": ""%"", ""ash"": ""7.40"", ""source_row"": 126}]","[{""component"": ""燃料一"", ""factor"": 0.04, ""unit"": ""g/kg"", ""reference"": ""T/CSES 144-2024 7.2; 表D.1及注a-c""}]",[],,,T/CSES 144-2024 7.2; 表D.1及注a-c,HARD_CONSTRAINT_CONFLICT
SRC-RAW-6EAB6262167FA0E8D39E,POWER,PM10,source_data_invalid,产排污系数法/煤质物料衡算法,"[{""component"": ""燃料一"", ""fuel"": ""无烟煤"", ""raw_amount"": -317420.09, ""unit"": ""吨"", ""generation_use"": 288574.0, ""heat_use"": 28846.09, ""amount"": -317420.09, ""sulfur"": ""0.360"", ""sulfur_unit"": ""%"", ""ash"": ""7.40"", ""source_row"": 126}]","[{""component"": ""燃料一"", ""factor"": 12.765000000000002, ""unit"": ""g/kg"", ""reference"": ""式(4)-(6)、表C.1-C.3；灰分质量分数；g/kg""}]",[],,,式(4)-(6)、表C.1-C.3；灰分质量分数；g/kg,HARD_CONSTRAINT_CONFLICT
SRC-RAW-6EAB6262167FA0E8D39E,POWER,PM2.5,source_data_invalid,产排污系数法/煤质物料衡算法,"[{""component"": ""燃料一"", ""fuel"": ""无烟煤"", ""raw_amount"": -317420.09, ""unit"": ""吨"", ""generation_use"": 288574.0, ""heat_use"": 28846.09, ""amount"": -317420.09, ""sulfur"": ""0.360"", ""sulfur_unit"": ""%"", ""ash"": ""7.40"", ""source_row"": 126}]","[{""component"": ""燃料一"", ""factor"": 3.3300000000000005, ""unit"": ""g/kg"", ""reference"": ""式(4)-(6)、表C.1-C.3；灰分质量分数；g/kg""}]",[],,,式(4)-(6)、表C.1-C.3；灰分质量分数；g/kg,HARD_CONSTRAINT_CONFLICT
SRC-RAW-6EAB6262167FA0E8D39E,POWER,BC,source_data_invalid,产排污系数法/煤质物料衡算法,"[{""component"": ""燃料一"", ""fuel"": ""无烟煤"", ""raw_amount"": -317420.09, ""unit"": ""吨"", ""generation_use"": 288574.0, ""heat_use"": 28846.09, ""amount"": -317420.09, ""sulfur"": ""0.360"", ""sulfur_unit"": ""%"", ""ash"": ""7.40"", ""source_row"": 126}]","[{""component"": ""燃料一"", ""factor"": 0.006660000000000002, ""unit"": ""g/kg"", ""reference"": ""式(4)-(6)、表C.1-C.3；灰分质量分数；g/kg""}]",[],,,式(4)-(6)、表C.1-C.3；灰分质量分数；g/kg,HARD_CONSTRAINT_CONFLICT
SRC-RAW-6EAB6262167FA0E8D39E,POWER,OC,source_data_invalid,产排污系数法/煤质物料衡算法,"[{""component"": ""燃料一"", ""fuel"": ""无烟煤"", ""raw_amount"": -317420.09, ""unit"": ""吨"", ""generation_use"": 288574.0, ""heat_use"": 28846.09, ""amount"": -317420.09, ""sulfur"": ""0.360"", ""sulfur_unit"": ""%"", ""ash"": ""7.40"", ""source_row"": 126}]","[{""component"": ""燃料一"", ""factor"": 0, ""unit"": ""g/kg"", ""reference"": ""式(6)、表C.3；电力生产/热力生产和供应OC占比=0""}]",[],,,式(6)、表C.3；电力生产/热力生产和供应OC占比=0,HARD_CONSTRAINT_CONFLICT
SRC-RAW-6EAB6262167FA0E8D39E,POWER,NH3,not_involved,第7章核算范围,[],[],[],,,T/CSES 144-2024第7章、表D.1；未列NH3，未将缺省范围解释为零排放,OUTSIDE_CHAPTER7_POLLUTANT_SCOPE
SRC-RAW-094CC43E62D48F0DFC4D,POWER,SO2,information_insufficient,产排污系数法/煤质物料衡算法,"[{""component"": ""燃料一"", ""fuel"": ""无烟煤"", ""raw_amount"": 502905.46, ""unit"": ""吨"", ""generation_use"": 446285.92, ""heat_use"": 56619.54, ""amount"": 502905.46, ""sulfur"": null, ""sulfur_unit"": ""%"", ""ash"": ""7.75"", ""source_row"": 127}]","[{""component"": ""燃料一"", ""factor"": null, ""unit"": ""g/kg"", ""reference"": ""式(3)、表C.1；收到基硫分缺失""}]",[],,,式(3)、表C.1；收到基硫分缺失,POLLUTANT_PARAMETER_MISSING
SRC-RAW-094CC43E62D48F0DFC4D,POWER,NOx,information_insufficient,产排污系数法/煤质物料衡算法,"[{""component"": ""燃料一"", ""fuel"": ""无烟煤"", ""raw_amount"": 502905.46, ""unit"": ""吨"", ""generation_use"": 446285.92, ""heat_use"": 56619.54, ""amount"": 502905.46, ""sulfur"": null, ""sulfur_unit"": ""%"", ""ash"": ""7.75"", ""source_row"": 127}]","[{""component"": ""燃料一"", ""factor"": 7.21, ""unit"": ""g/kg"", ""reference"": ""T/CSES 144-2024 7.2; 表D.1及注a-c；万千瓦×10=MW""}]",[],3625.9483666000006,,T/CSES 144-2024 7.2; 表D.1及注a-c；万千瓦×10=MW,SOURCE_RELATION_MISSING
SRC-RAW-094CC43E62D48F0DFC4D,POWER,CO,calculated,产排污系数法/煤质物料衡算法,"[{""component"": ""燃料一"", ""fuel"": ""无烟煤"", ""raw_amount"": 502905.46, ""unit"": ""吨"", ""generation_use"": 446285.92, ""heat_use"": 56619.54, ""amount"": 502905.46, ""sulfur"": null, ""sulfur_unit"": ""%"", ""ash"": ""7.75"", ""source_row"": 127}]","[{""component"": ""燃料一"", ""factor"": 2, ""unit"": ""g/kg"", ""reference"": ""T/CSES 144-2024 7.2; 表D.1及注a-c""}]","[{""component"": ""燃烧源治理"", ""efficiency"": 0, ""reference"": ""表A.1燃烧源控制措施VOCs为0；CO按表D.1""}]",1005.81092,1005.81092,T/CSES 144-2024 7.2; 表D.1及注a-c,
SRC-RAW-094CC43E62D48F0DFC4D,POWER,VOC,calculated,产排污系数法/煤质物料衡算法,"[{""component"": ""燃料一"", ""fuel"": ""无烟煤"", ""raw_amount"": 502905.46, ""unit"": ""吨"", ""generation_use"": 446285.92, ""heat_use"": 56619.54, ""amount"": 502905.46, ""sulfur"": null, ""sulfur_unit"": ""%"", ""ash"": ""7.75"", ""source_row"": 127}]","[{""component"": ""燃料一"", ""factor"": 0.04, ""unit"": ""g/kg"", ""reference"": ""T/CSES 144-2024 7.2; 表D.1及注a-c""}]","[{""component"": ""燃烧源治理"", ""efficiency"": 0, ""reference"": ""表A.1燃烧源控制措施VOCs为0；CO按表D.1""}]",20.1162184,20.1162184,T/CSES 144-2024 7.2; 表D.1及注a-c,
SRC-RAW-094CC43E62D48F0DFC4D,POWER,PM10,information_insufficient,产排污系数法/煤质物料衡算法,"[{""component"": ""燃料一"", ""fuel"": ""无烟煤"", ""raw_amount"": 502905.46, ""unit"": ""吨"", ""generation_use"": 446285.92, ""heat_use"": 56619.54, ""amount"": 502905.46, ""sulfur"": null, ""sulfur_unit"": ""%"", ""ash"": ""7.75"", ""source_row"": 127}]","[{""component"": ""燃料一"", ""factor"": 13.36875, ""unit"": ""g/kg"", ""reference"": ""式(4)-(6)、表C.1-C.3；灰分质量分数；g/kg""}]",[],6723.217368375001,,式(4)-(6)、表C.1-C.3；灰分质量分数；g/kg,SOURCE_RELATION_MISSING
SRC-RAW-094CC43E62D48F0DFC4D,POWER,PM2.5,information_insufficient,产排污系数法/煤质物料衡算法,"[{""component"": ""燃料一"", ""fuel"": ""无烟煤"", ""raw_amount"": 502905.46, ""unit"": ""吨"", ""generation_use"": 446285.92, ""heat_use"": 56619.54, ""amount"": 502905.46, ""sulfur"": null, ""sulfur_unit"": ""%"", ""ash"": ""7.75"", ""source_row"": 127}]","[{""component"": ""燃料一"", ""factor"": 3.4875, ""unit"": ""g/kg"", ""reference"": ""式(4)-(6)、表C.1-C.3；灰分质量分数；g/kg""}]",[],1753.88279175,,式(4)-(6)、表C.1-C.3；灰分质量分数；g/kg,SOURCE_RELATION_MISSING
SRC-RAW-094CC43E62D48F0DFC4D,POWER,BC,information_insufficient,产排污系数法/煤质物料衡算法,"[{""component"": ""燃料一"", ""fuel"": ""无烟煤"", ""raw_amount"": 502905.46, ""unit"": ""吨"", ""generation_use"": 446285.92, ""heat_use"": 56619.54, ""amount"": 502905.46, ""sulfur"": null, ""sulfur_unit"": ""%"", ""ash"": ""7.75"", ""source_row"": 127}]","[{""component"": ""燃料一"", ""factor"": 0.006974999999999999, ""unit"": ""g/kg"", ""reference"": ""式(4)-(6)、表C.1-C.3；灰分质量分数；g/kg""}]",[],3.5077655835000003,,式(4)-(6)、表C.1-C.3；灰分质量分数；g/kg,SOURCE_RELATION_MISSING
SRC-RAW-094CC43E62D48F0DFC4D,POWER,OC,calculated,产排污系数法/煤质物料衡算法,"[{""component"": ""燃料一"", ""fuel"": ""无烟煤"", ""raw_amount"": 502905.46, ""unit"": ""吨"", ""generation_use"": 446285.92, ""heat_use"": 56619.54, ""amount"": 502905.46, ""sulfur"": null, ""sulfur_unit"": ""%"", ""ash"": ""7.75"", ""source_row"": 127}]","[{""component"": ""燃料一"", ""factor"": 0, ""unit"": ""g/kg"", ""reference"": ""式(6)、表C.3；电力生产/热力生产和供应OC占比=0""}]",[],0.0,0,式(6)、表C.3；电力生产/热力生产和供应OC占比=0,
SRC-RAW-094CC43E62D48F0DFC4D,POWER,NH3,not_involved,第7章核算范围,[],[],[],,,T/CSES 144-2024第7章、表D.1；未列NH3，未将缺省范围解释为零排放,OUTSIDE_CHAPTER7_POLLUTANT_SCOPE
SRC-RAW-139C8F4E7E7BCF1E39F8,POWER,SO2,source_data_invalid,产排污系数法/煤质物料衡算法,"[{""component"": ""燃料一"", ""fuel"": ""一般烟煤"", ""raw_amount"": -51025.12, ""unit"": ""吨"", ""generation_use"": 14797.28, ""heat_use"": 36227.84, ""amount"": -51025.12, ""sulfur"": ""0.300"", ""sulfur_unit"": ""%"", ""ash"": ""12.00"", ""source_row"": 130}]","[{""component"": ""燃料一"", ""factor"": 5.1000000000000005, ""unit"": ""g/kg"", ""reference"": ""式(3)、表C.1；S按质量分数；sr=0.15；g/kg""}]",[],,,式(3)、表C.1；S按质量分数；sr=0.15；g/kg,HARD_CONSTRAINT_CONFLICT
SRC-RAW-139C8F4E7E7BCF1E39F8,POWER,NOx,source_data_invalid,产排污系数法/煤质物料衡算法,"[{""component"": ""燃料一"", ""fuel"": ""一般烟煤"", ""raw_amount"": -51025.12, ""unit"": ""吨"", ""generation_use"": 14797.28, ""heat_use"": 36227.84, ""amount"": -51025.12, ""sulfur"": ""0.300"", ""sulfur_unit"": ""%"", ""ash"": ""12.00"", ""source_row"": 130}]","[{""component"": ""燃料一"", ""factor"": 8.85, ""unit"": ""g/kg"", ""reference"": ""T/CSES 144-2024 7.2; 表D.1及注a-c""}]",[],,,T/CSES 144-2024 7.2; 表D.1及注a-c,HARD_CONSTRAINT_CONFLICT
SRC-RAW-139C8F4E7E7BCF1E39F8,POWER,CO,source_data_invalid,产排污系数法/煤质物料衡算法,"[{""component"": ""燃料一"", ""fuel"": ""一般烟煤"", ""raw_amount"": -51025.12, ""unit"": ""吨"", ""generation_use"": 14797.28, ""heat_use"": 36227.84, ""amount"": -51025.12, ""sulfur"": ""0.300"", ""sulfur_unit"": ""%"", ""ash"": ""12.00"", ""source_row"": 130}]","[{""component"": ""燃料一"", ""factor"": 2, ""unit"": ""g/kg"", ""reference"": ""T/CSES 144-2024 7.2; 表D.1及注a-c""}]",[],,,T/CSES 144-2024 7.2; 表D.1及注a-c,HARD_CONSTRAINT_CONFLICT
SRC-RAW-139C8F4E7E7BCF1E39F8,POWER,VOC,source_data_invalid,产排污系数法/煤质物料衡算法,"[{""component"": ""燃料一"", ""fuel"": ""一般烟煤"", ""raw_amount"": -51025.12, ""unit"": ""吨"", ""generation_use"": 14797.28, ""heat_use"": 36227.84, ""amount"": -51025.12, ""sulfur"": ""0.300"", ""sulfur_unit"": ""%"", ""ash"": ""12.00"", ""source_row"": 130}]","[{""component"": ""燃料一"", ""factor"": 0.18, ""unit"": ""g/kg"", ""reference"": ""T/CSES 144-2024 7.2; 表D.1及注a-c""}]",[],,,T/CSES 144-2024 7.2; 表D.1及注a-c,HARD_CONSTRAINT_CONFLICT
SRC-RAW-139C8F4E7E7BCF1E39F8,POWER,PM10,source_data_invalid,产排污系数法/煤质物料衡算法,"[{""component"": ""燃料一"", ""fuel"": ""一般烟煤"", ""raw_amount"": -51025.12, ""unit"": ""吨"", ""generation_use"": 14797.28, ""heat_use"": 36227.84, ""amount"": -51025.12, ""sulfur"": ""0.300"", ""sulfur_unit"": ""%"", ""ash"": ""12.00"", ""source_row"": 130}]","[{""component"": ""燃料一"", ""factor"": 20.7, ""unit"": ""g/kg"", ""reference"": ""式(4)-(6)、表C.1-C.3；灰分质量分数；g/kg""}]",[],,,式(4)-(6)、表C.1-C.3；灰分质量分数；g/kg,HARD_CONSTRAINT_CONFLICT
SRC-RAW-139C8F4E7E7BCF1E39F8,POWER,PM2.5,source_data_invalid,产排污系数法/煤质物料衡算法,"[{""component"": ""燃料一"", ""fuel"": ""一般烟煤"", ""raw_amount"": -51025.12, ""unit"": ""吨"", ""generation_use"": 14797.28, ""heat_use"": 36227.84, ""amount"": -51025.12, ""sulfur"": ""0.300"", ""sulfur_unit"": ""%"", ""ash"": ""12.00"", ""source_row"": 130}]","[{""component"": ""燃料一"", ""factor"": 5.3999999999999995, ""unit"": ""g/kg"", ""reference"": ""式(4)-(6)、表C.1-C.3；灰分质量分数；g/kg""}]",[],,,式(4)-(6)、表C.1-C.3；灰分质量分数；g/kg,HARD_CONSTRAINT_CONFLICT
SRC-RAW-139C8F4E7E7BCF1E39F8,POWER,BC,source_data_invalid,产排污系数法/煤质物料衡算法,"[{""component"": ""燃料一"", ""fuel"": ""一般烟煤"", ""raw_amount"": -51025.12, ""unit"": ""吨"", ""generation_use"": 14797.28, ""heat_use"": 36227.84, ""amount"": -51025.12, ""sulfur"": ""0.300"", ""sulfur_unit"": ""%"", ""ash"": ""12.00"", ""source_row"": 130}]","[{""component"": ""燃料一"", ""factor"": 0.010799999999999999, ""unit"": ""g/kg"", ""reference"": ""式(4)-(6)、表C.1-C.3；灰分质量分数；g/kg""}]",[],,,式(4)-(6)、表C.1-C.3；灰分质量分数；g/kg,HARD_CONSTRAINT_CONFLICT
SRC-RAW-139C8F4E7E7BCF1E39F8,POWER,OC,source_data_invalid,产排污系数法/煤质物料衡算法,"[{""component"": ""燃料一"", ""fuel"": ""一般烟煤"", ""raw_amount"": -51025.12, ""unit"": ""吨"", ""generation_use"": 14797.28, ""heat_use"": 36227.84, ""amount"": -51025.12, ""sulfur"": ""0.300"", ""sulfur_unit"": ""%"", ""ash"": ""12.00"", ""source_row"": 130}]","[{""component"": ""燃料一"", ""factor"": 0, ""unit"": ""g/kg"", ""reference"": ""式(6)、表C.3；电力生产/热力生产和供应OC占比=0""}]",[],,,式(6)、表C.3；电力生产/热力生产和供应OC占比=0,HARD_CONSTRAINT_CONFLICT
SRC-RAW-139C8F4E7E7BCF1E39F8,POWER,NH3,not_involved,第7章核算范围,[],[],[],,,T/CSES 144-2024第7章、表D.1；未列NH3，未将缺省范围解释为零排放,OUTSIDE_CHAPTER7_POLLUTANT_SCOPE
SRC-RAW-1AF62196C8AA9525EBDE,POWER,SO2,information_insufficient,产排污系数法/煤质物料衡算法,"[{""component"": ""燃料一"", ""fuel"": ""一般烟煤"", ""raw_amount"": 50009.35, ""unit"": ""吨"", ""generation_use"": 14502.71, ""heat_use"": 35506.64, ""amount"": 50009.35, ""sulfur"": ""0.300"", ""sulfur_unit"": ""%"", ""ash"": ""12.00"", ""source_row"": 131}]","[{""component"": ""燃料一"", ""factor"": 5.1000000000000005, ""unit"": ""g/kg"", ""reference"": ""式(3)、表C.1；S按质量分数；sr=0.15；g/kg""}]",[],255.04768500000003,,式(3)、表C.1；S按质量分数；sr=0.15；g/kg,SOURCE_RELATION_MISSING
SRC-RAW-1AF62196C8AA9525EBDE,POWER,NOx,information_insufficient,产排污系数法/煤质物料衡算法,"[{""component"": ""燃料一"", ""fuel"": ""一般烟煤"", ""raw_amount"": 50009.35, ""unit"": ""吨"", ""generation_use"": 14502.71, ""heat_use"": 35506.64, ""amount"": 50009.35, ""sulfur"": ""0.300"", ""sulfur_unit"": ""%"", ""ash"": ""12.00"", ""source_row"": 131}]","[{""component"": ""燃料一"", ""factor"": 8.85, ""unit"": ""g/kg"", ""reference"": ""T/CSES 144-2024 7.2; 表D.1及注a-c""}]",[],442.5827475,,T/CSES 144-2024 7.2; 表D.1及注a-c,SOURCE_RELATION_MISSING
SRC-RAW-1AF62196C8AA9525EBDE,POWER,CO,calculated,产排污系数法/煤质物料衡算法,"[{""component"": ""燃料一"", ""fuel"": ""一般烟煤"", ""raw_amount"": 50009.35, ""unit"": ""吨"", ""generation_use"": 14502.71, ""heat_use"": 35506.64, ""amount"": 50009.35, ""sulfur"": ""0.300"", ""sulfur_unit"": ""%"", ""ash"": ""12.00"", ""source_row"": 131}]","[{""component"": ""燃料一"", ""factor"": 2, ""unit"": ""g/kg"", ""reference"": ""T/CSES 144-2024 7.2; 表D.1及注a-c""}]","[{""component"": ""燃烧源治理"", ""efficiency"": 0, ""reference"": ""表A.1燃烧源控制措施VOCs为0；CO按表D.1""}]",100.0187,100.0187,T/CSES 144-2024 7.2; 表D.1及注a-c,
SRC-RAW-1AF62196C8AA9525EBDE,POWER,VOC,calculated,产排污系数法/煤质物料衡算法,"[{""component"": ""燃料一"", ""fuel"": ""一般烟煤"", ""raw_amount"": 50009.35, ""unit"": ""吨"", ""generation_use"": 14502.71, ""heat_use"": 35506.64, ""amount"": 50009.35, ""sulfur"": ""0.300"", ""sulfur_unit"": ""%"", ""ash"": ""12.00"", ""source_row"": 131}]","[{""component"": ""燃料一"", ""factor"": 0.18, ""unit"": ""g/kg"", ""reference"": ""T/CSES 144-2024 7.2; 表D.1及注a-c""}]","[{""component"": ""燃烧源治理"", ""efficiency"": 0, ""reference"": ""表A.1燃烧源控制措施VOCs为0；CO按表D.1""}]",9.001683,9.001683,T/CSES 144-2024 7.2; 表D.1及注a-c,
SRC-RAW-1AF62196C8AA9525EBDE,POWER,PM10,information_insufficient,产排污系数法/煤质物料衡算法,"[{""component"": ""燃料一"", ""fuel"": ""一般烟煤"", ""raw_amount"": 50009.35, ""unit"": ""吨"", ""generation_use"": 14502.71, ""heat_use"": 35506.64, ""amount"": 50009.35, ""sulfur"": ""0.300"", ""sulfur_unit"": ""%"", ""ash"": ""12.00"", ""source_row"": 131}]","[{""component"": ""燃料一"", ""factor"": 20.7, ""unit"": ""g/kg"", ""reference"": ""式(4)-(6)、表C.1-C.3；灰分质量分数；g/kg""}]",[],1035.1935449999999,,式(4)-(6)、表C.1-C.3；灰分质量分数；g/kg,SOURCE_RELATION_MISSING
SRC-RAW-1AF62196C8AA9525EBDE,POWER,PM2.5,information_insufficient,产排污系数法/煤质物料衡算法,"[{""component"": ""燃料一"", ""fuel"": ""一般烟煤"", ""raw_amount"": 50009.35, ""unit"": ""吨"", ""generation_use"": 14502.71, ""heat_use"": 35506.64, ""amount"": 50009.35, ""sulfur"": ""0.300"", ""sulfur_unit"": ""%"", ""ash"": ""12.00"", ""source_row"": 131}]","[{""component"": ""燃料一"", ""factor"": 5.3999999999999995, ""unit"": ""g/kg"", ""reference"": ""式(4)-(6)、表C.1-C.3；灰分质量分数；g/kg""}]",[],270.05048999999997,,式(4)-(6)、表C.1-C.3；灰分质量分数；g/kg,SOURCE_RELATION_MISSING
SRC-RAW-1AF62196C8AA9525EBDE,POWER,BC,information_insufficient,产排污系数法/煤质物料衡算法,"[{""component"": ""燃料一"", ""fuel"": ""一般烟煤"", ""raw_amount"": 50009.35, ""unit"": ""吨"", ""generation_use"": 14502.71, ""heat_use"": 35506.64, ""amount"": 50009.35, ""sulfur"": ""0.300"", ""sulfur_unit"": ""%"", ""ash"": ""12.00"", ""source_row"": 131}]","[{""component"": ""燃料一"", ""factor"": 0.010799999999999999, ""unit"": ""g/kg"", ""reference"": ""式(4)-(6)、表C.1-C.3；灰分质量分数；g/kg""}]",[],0.54010098,,式(4)-(6)、表C.1-C.3；灰分质量分数；g/kg,SOURCE_RELATION_MISSING
SRC-RAW-1AF62196C8AA9525EBDE,POWER,OC,calculated,产排污系数法/煤质物料衡算法,"[{""component"": ""燃料一"", ""fuel"": ""一般烟煤"", ""raw_amount"": 50009.35, ""unit"": ""吨"", ""generation_use"": 14502.71, ""heat_use"": 35506.64, ""amount"": 50009.35, ""sulfur"": ""0.300"", ""sulfur_unit"": ""%"", ""ash"": ""12.00"", ""source_row"": 131}]","[{""component"": ""燃料一"", ""factor"": 0, ""unit"": ""g/kg"", ""reference"": ""式(6)、表C.3；电力生产/热力生产和供应OC占比=0""}]",[],0.0,0,式(6)、表C.3；电力生产/热力生产和供应OC占比=0,
SRC-RAW-1AF62196C8AA9525EBDE,POWER,NH3,not_involved,第7章核算范围,[],[],[],,,T/CSES 144-2024第7章、表D.1；未列NH3，未将缺省范围解释为零排放,OUTSIDE_CHAPTER7_POLLUTANT_SCOPE
SRC-RAW-AD963A2E98F587C4C005,POWER,SO2,information_insufficient,产排污系数法/煤质物料衡算法,"[{""component"": ""燃料一"", ""fuel"": ""一般烟煤"", ""raw_amount"": 25992.915, ""unit"": ""吨"", ""generation_use"": 7537.945, ""heat_use"": 18454.97, ""amount"": 25992.915, ""sulfur"": null, ""sulfur_unit"": ""%"", ""ash"": ""12.00"", ""source_row"": 132}]","[{""component"": ""燃料一"", ""factor"": null, ""unit"": ""g/kg"", ""reference"": ""式(3)、表C.1；收到基硫分缺失""}]",[],,,式(3)、表C.1；收到基硫分缺失,POLLUTANT_PARAMETER_MISSING
SRC-RAW-AD963A2E98F587C4C005,POWER,NOx,information_insufficient,产排污系数法/煤质物料衡算法,"[{""component"": ""燃料一"", ""fuel"": ""一般烟煤"", ""raw_amount"": 25992.915, ""unit"": ""吨"", ""generation_use"": 7537.945, ""heat_use"": 18454.97, ""amount"": 25992.915, ""sulfur"": null, ""sulfur_unit"": ""%"", ""ash"": ""12.00"", ""source_row"": 132}]","[{""component"": ""燃料一"", ""factor"": 7.5, ""unit"": ""g/kg"", ""reference"": ""T/CSES 144-2024 7.2; 表D.1及注a-c""}]",[],194.9468625,,T/CSES 144-2024 7.2; 表D.1及注a-c,SOURCE_RELATION_MISSING
SRC-RAW-AD963A2E98F587C4C005,POWER,CO,calculated,产排污系数法/煤质物料衡算法,"[{""component"": ""燃料一"", ""fuel"": ""一般烟煤"", ""raw_amount"": 25992.915, ""unit"": ""吨"", ""generation_use"": 7537.945, ""heat_use"": 18454.97, ""amount"": 25992.915, ""sulfur"": null, ""sulfur_unit"": ""%"", ""ash"": ""12.00"", ""source_row"": 132}]","[{""component"": ""燃料一"", ""factor"": 2, ""unit"": ""g/kg"", ""reference"": ""T/CSES 144-2024 7.2; 表D.1及注a-c""}]","[{""component"": ""燃烧源治理"", ""efficiency"": 0, ""reference"": ""表A.1燃烧源控制措施VOCs为0；CO按表D.1""}]",51.98583,51.98583,T/CSES 144-2024 7.2; 表D.1及注a-c,
SRC-RAW-AD963A2E98F587C4C005,POWER,VOC,calculated,产排污系数法/煤质物料衡算法,"[{""component"": ""燃料一"", ""fuel"": ""一般烟煤"", ""raw_amount"": 25992.915, ""unit"": ""吨"", ""generation_use"": 7537.945, ""heat_use"": 18454.97, ""amount"": 25992.915, ""sulfur"": null, ""sulfur_unit"": ""%"", ""ash"": ""12.00"", ""source_row"": 132}]","[{""component"": ""燃料一"", ""factor"": 0.18, ""unit"": ""g/kg"", ""reference"": ""T/CSES 144-2024 7.2; 表D.1及注a-c""}]","[{""component"": ""燃烧源治理"", ""efficiency"": 0, ""reference"": ""表A.1燃烧源控制措施VOCs为0；CO按表D.1""}]",4.6787247,4.6787247,T/CSES 144-2024 7.2; 表D.1及注a-c,
SRC-RAW-AD963A2E98F587C4C005,POWER,PM10,information_insufficient,产排污系数法/煤质物料衡算法,"[{""component"": ""燃料一"", ""fuel"": ""一般烟煤"", ""raw_amount"": 25992.915, ""unit"": ""吨"", ""generation_use"": 7537.945, ""heat_use"": 18454.97, ""amount"": 25992.915, ""sulfur"": null, ""sulfur_unit"": ""%"", ""ash"": ""12.00"", ""source_row"": 132}]","[{""component"": ""燃料一"", ""factor"": 19.488000000000003, ""unit"": ""g/kg"", ""reference"": ""式(4)-(6)、表C.1-C.3；灰分质量分数；g/kg""}]",[],506.5499275200001,,式(4)-(6)、表C.1-C.3；灰分质量分数；g/kg,SOURCE_RELATION_MISSING
SRC-RAW-AD963A2E98F587C4C005,POWER,PM2.5,information_insufficient,产排污系数法/煤质物料衡算法,"[{""component"": ""燃料一"", ""fuel"": ""一般烟煤"", ""raw_amount"": 25992.915, ""unit"": ""吨"", ""generation_use"": 7537.945, ""heat_use"": 18454.97, ""amount"": 25992.915, ""sulfur"": null, ""sulfur_unit"": ""%"", ""ash"": ""12.00"", ""source_row"": 132}]","[{""component"": ""燃料一"", ""factor"": 4.704000000000001, ""unit"": ""g/kg"", ""reference"": ""式(4)-(6)、表C.1-C.3；灰分质量分数；g/kg""}]",[],122.27067216000002,,式(4)-(6)、表C.1-C.3；灰分质量分数；g/kg,SOURCE_RELATION_MISSING
SRC-RAW-AD963A2E98F587C4C005,POWER,BC,information_insufficient,产排污系数法/煤质物料衡算法,"[{""component"": ""燃料一"", ""fuel"": ""一般烟煤"", ""raw_amount"": 25992.915, ""unit"": ""吨"", ""generation_use"": 7537.945, ""heat_use"": 18454.97, ""amount"": 25992.915, ""sulfur"": null, ""sulfur_unit"": ""%"", ""ash"": ""12.00"", ""source_row"": 132}]","[{""component"": ""燃料一"", ""factor"": 0.009408000000000001, ""unit"": ""g/kg"", ""reference"": ""式(4)-(6)、表C.1-C.3；灰分质量分数；g/kg""}]",[],0.24454134432000005,,式(4)-(6)、表C.1-C.3；灰分质量分数；g/kg,SOURCE_RELATION_MISSING
SRC-RAW-AD963A2E98F587C4C005,POWER,OC,calculated,产排污系数法/煤质物料衡算法,"[{""component"": ""燃料一"", ""fuel"": ""一般烟煤"", ""raw_amount"": 25992.915, ""unit"": ""吨"", ""generation_use"": 7537.945, ""heat_use"": 18454.97, ""amount"": 25992.915, ""sulfur"": null, ""sulfur_unit"": ""%"", ""ash"": ""12.00"", ""source_row"": 132}]","[{""component"": ""燃料一"", ""factor"": 0, ""unit"": ""g/kg"", ""reference"": ""式(6)、表C.3；电力生产/热力生产和供应OC占比=0""}]",[],0.0,0,式(6)、表C.3；电力生产/热力生产和供应OC占比=0,
SRC-RAW-AD963A2E98F587C4C005,POWER,NH3,not_involved,第7章核算范围,[],[],[],,,T/CSES 144-2024第7章、表D.1；未列NH3，未将缺省范围解释为零排放,OUTSIDE_CHAPTER7_POLLUTANT_SCOPE
SRC-RAW-A3D7BBC967379E671B7C,POWER,SO2,information_insufficient,产排污系数法/煤质物料衡算法,"[{""component"": ""燃料一"", ""fuel"": ""一般烟煤"", ""raw_amount"": 25992.915, ""unit"": ""吨"", ""generation_use"": 7537.945, ""heat_use"": 18454.97, ""amount"": 25992.915, ""sulfur"": ""0.300"", ""sulfur_unit"": ""%"", ""ash"": ""12.00"", ""source_row"": 133}]","[{""component"": ""燃料一"", ""factor"": 5.1000000000000005, ""unit"": ""g/kg"", ""reference"": ""式(3)、表C.1；S按质量分数；sr=0.15；g/kg""}]",[],132.56386650000005,,式(3)、表C.1；S按质量分数；sr=0.15；g/kg,SOURCE_RELATION_MISSING
SRC-RAW-A3D7BBC967379E671B7C,POWER,NOx,information_insufficient,产排污系数法/煤质物料衡算法,"[{""component"": ""燃料一"", ""fuel"": ""一般烟煤"", ""raw_amount"": 25992.915, ""unit"": ""吨"", ""generation_use"": 7537.945, ""heat_use"": 18454.97, ""amount"": 25992.915, ""sulfur"": ""0.300"", ""sulfur_unit"": ""%"", ""ash"": ""12.00"", ""source_row"": 133}]","[{""component"": ""燃料一"", ""factor"": 7.5, ""unit"": ""g/kg"", ""reference"": ""T/CSES 144-2024 7.2; 表D.1及注a-c""}]",[],194.9468625,,T/CSES 144-2024 7.2; 表D.1及注a-c,SOURCE_RELATION_MISSING
SRC-RAW-A3D7BBC967379E671B7C,POWER,CO,calculated,产排污系数法/煤质物料衡算法,"[{""component"": ""燃料一"", ""fuel"": ""一般烟煤"", ""raw_amount"": 25992.915, ""unit"": ""吨"", ""generation_use"": 7537.945, ""heat_use"": 18454.97, ""amount"": 25992.915, ""sulfur"": ""0.300"", ""sulfur_unit"": ""%"", ""ash"": ""12.00"", ""source_row"": 133}]","[{""component"": ""燃料一"", ""factor"": 2, ""unit"": ""g/kg"", ""reference"": ""T/CSES 144-2024 7.2; 表D.1及注a-c""}]","[{""component"": ""燃烧源治理"", ""efficiency"": 0, ""reference"": ""表A.1燃烧源控制措施VOCs为0；CO按表D.1""}]",51.98583,51.98583,T/CSES 144-2024 7.2; 表D.1及注a-c,
SRC-RAW-A3D7BBC967379E671B7C,POWER,VOC,calculated,产排污系数法/煤质物料衡算法,"[{""component"": ""燃料一"", ""fuel"": ""一般烟煤"", ""raw_amount"": 25992.915, ""unit"": ""吨"", ""generation_use"": 7537.945, ""heat_use"": 18454.97, ""amount"": 25992.915, ""sulfur"": ""0.300"", ""sulfur_unit"": ""%"", ""ash"": ""12.00"", ""source_row"": 133}]","[{""component"": ""燃料一"", ""factor"": 0.18, ""unit"": ""g/kg"", ""reference"": ""T/CSES 144-2024 7.2; 表D.1及注a-c""}]","[{""component"": ""燃烧源治理"", ""efficiency"": 0, ""reference"": ""表A.1燃烧源控制措施VOCs为0；CO按表D.1""}]",4.6787247,4.6787247,T/CSES 144-2024 7.2; 表D.1及注a-c,
SRC-RAW-A3D7BBC967379E671B7C,POWER,PM10,information_insufficient,产排污系数法/煤质物料衡算法,"[{""component"": ""燃料一"", ""fuel"": ""一般烟煤"", ""raw_amount"": 25992.915, ""unit"": ""吨"", ""generation_use"": 7537.945, ""heat_use"": 18454.97, ""amount"": 25992.915, ""sulfur"": ""0.300"", ""sulfur_unit"": ""%"", ""ash"": ""12.00"", ""source_row"": 133}]","[{""component"": ""燃料一"", ""factor"": 19.488000000000003, ""unit"": ""g/kg"", ""reference"": ""式(4)-(6)、表C.1-C.3；灰分质量分数；g/kg""}]",[],506.5499275200001,,式(4)-(6)、表C.1-C.3；灰分质量分数；g/kg,SOURCE_RELATION_MISSING
SRC-RAW-A3D7BBC967379E671B7C,POWER,PM2.5,information_insufficient,产排污系数法/煤质物料衡算法,"[{""component"": ""燃料一"", ""fuel"": ""一般烟煤"", ""raw_amount"": 25992.915, ""unit"": ""吨"", ""generation_use"": 7537.945, ""heat_use"": 18454.97, ""amount"": 25992.915, ""sulfur"": ""0.300"", ""sulfur_unit"": ""%"", ""ash"": ""12.00"", ""source_row"": 133}]","[{""component"": ""燃料一"", ""factor"": 4.704000000000001, ""unit"": ""g/kg"", ""reference"": ""式(4)-(6)、表C.1-C.3；灰分质量分数；g/kg""}]",[],122.27067216000002,,式(4)-(6)、表C.1-C.3；灰分质量分数；g/kg,SOURCE_RELATION_MISSING
SRC-RAW-A3D7BBC967379E671B7C,POWER,BC,information_insufficient,产排污系数法/煤质物料衡算法,"[{""component"": ""燃料一"", ""fuel"": ""一般烟煤"", ""raw_amount"": 25992.915, ""unit"": ""吨"", ""generation_use"": 7537.945, ""heat_use"": 18454.97, ""amount"": 25992.915, ""sulfur"": ""0.300"", ""sulfur_unit"": ""%"", ""ash"": ""12.00"", ""source_row"": 133}]","[{""component"": ""燃料一"", ""factor"": 0.009408000000000001, ""unit"": ""g/kg"", ""reference"": ""式(4)-(6)、表C.1-C.3；灰分质量分数；g/kg""}]",[],0.24454134432000005,,式(4)-(6)、表C.1-C.3；灰分质量分数；g/kg,SOURCE_RELATION_MISSING
SRC-RAW-A3D7BBC967379E671B7C,POWER,OC,calculated,产排污系数法/煤质物料衡算法,"[{""component"": ""燃料一"", ""fuel"": ""一般烟煤"", ""raw_amount"": 25992.915, ""unit"": ""吨"", ""generation_use"": 7537.945, ""heat_use"": 18454.97, ""amount"": 25992.915, ""sulfur"": ""0.300"", ""sulfur_unit"": ""%"", ""ash"": ""12.00"", ""source_row"": 133}]","[{""component"": ""燃料一"", ""factor"": 0, ""unit"": ""g/kg"", ""reference"": ""式(6)、表C.3；电力生产/热力生产和供应OC占比=0""}]",[],0.0,0,式(6)、表C.3；电力生产/热力生产和供应OC占比=0,
SRC-RAW-A3D7BBC967379E671B7C,POWER,NH3,not_involved,第7章核算范围,[],[],[],,,T/CSES 144-2024第7章、表D.1；未列NH3，未将缺省范围解释为零排放,OUTSIDE_CHAPTER7_POLLUTANT_SCOPE
SRC-RAW-5DE8C0C6F54C098F0500,POWER,SO2,information_insufficient,产排污系数法/煤质物料衡算法,"[{""component"": ""燃料一"", ""fuel"": ""天然气"", ""raw_amount"": null, ""unit"": ""万立方米"", ""generation_use"": null, ""heat_use"": 644.487, ""amount"": null, ""sulfur"": ""60.000"", ""sulfur_unit"": ""毫克/立方米"", ""ash"": null, ""source_row"": 134}]","[{""component"": ""燃料一"", ""factor"": 0, ""unit"": ""g/m3"", ""reference"": ""T/CSES 144-2024 7.2; 表D.1及注a-c""}]",[],,,T/CSES 144-2024 7.2; 表D.1及注a-c,ACTIVITY_MISSING
SRC-RAW-5DE8C0C6F54C098F0500,POWER,NOx,information_insufficient,产排污系数法/煤质物料衡算法,"[{""component"": ""燃料一"", ""fuel"": ""天然气"", ""raw_amount"": null, ""unit"": ""万立方米"", ""generation_use"": null, ""heat_use"": 644.487, ""amount"": null, ""sulfur"": ""60.000"", ""sulfur_unit"": ""毫克/立方米"", ""ash"": null, ""source_row"": 134}]","[{""component"": ""燃料一"", ""factor"": 4.1, ""unit"": ""g/m3"", ""reference"": ""T/CSES 144-2024 7.2; 表D.1及注a-c""}]",[],,,T/CSES 144-2024 7.2; 表D.1及注a-c,ACTIVITY_MISSING
SRC-RAW-5DE8C0C6F54C098F0500,POWER,CO,information_insufficient,产排污系数法/煤质物料衡算法,"[{""component"": ""燃料一"", ""fuel"": ""天然气"", ""raw_amount"": null, ""unit"": ""万立方米"", ""generation_use"": null, ""heat_use"": 644.487, ""amount"": null, ""sulfur"": ""60.000"", ""sulfur_unit"": ""毫克/立方米"", ""ash"": null, ""source_row"": 134}]","[{""component"": ""燃料一"", ""factor"": 1.3, ""unit"": ""g/m3"", ""reference"": ""T/CSES 144-2024 7.2; 表D.1及注a-c""}]",[],,,T/CSES 144-2024 7.2; 表D.1及注a-c,ACTIVITY_MISSING
SRC-RAW-5DE8C0C6F54C098F0500,POWER,VOC,information_insufficient,产排污系数法/煤质物料衡算法,"[{""component"": ""燃料一"", ""fuel"": ""天然气"", ""raw_amount"": null, ""unit"": ""万立方米"", ""generation_use"": null, ""heat_use"": 644.487, ""amount"": null, ""sulfur"": ""60.000"", ""sulfur_unit"": ""毫克/立方米"", ""ash"": null, ""source_row"": 134}]","[{""component"": ""燃料一"", ""factor"": 0.02, ""unit"": ""g/m3"", ""reference"": ""T/CSES 144-2024 7.2; 表D.1及注a-c""}]",[],,,T/CSES 144-2024 7.2; 表D.1及注a-c,ACTIVITY_MISSING
SRC-RAW-5DE8C0C6F54C098F0500,POWER,PM10,information_insufficient,产排污系数法/煤质物料衡算法,"[{""component"": ""燃料一"", ""fuel"": ""天然气"", ""raw_amount"": null, ""unit"": ""万立方米"", ""generation_use"": null, ""heat_use"": 644.487, ""amount"": null, ""sulfur"": ""60.000"", ""sulfur_unit"": ""毫克/立方米"", ""ash"": null, ""source_row"": 134}]","[{""component"": ""燃料一"", ""factor"": 0.03, ""unit"": ""g/m3"", ""reference"": ""T/CSES 144-2024 7.2; 表D.1及注a-c""}]",[],,,T/CSES 144-2024 7.2; 表D.1及注a-c,ACTIVITY_MISSING
SRC-RAW-5DE8C0C6F54C098F0500,POWER,PM2.5,information_insufficient,产排污系数法/煤质物料衡算法,"[{""component"": ""燃料一"", ""fuel"": ""天然气"", ""raw_amount"": null, ""unit"": ""万立方米"", ""generation_use"": null, ""heat_use"": 644.487, ""amount"": null, ""sulfur"": ""60.000"", ""sulfur_unit"": ""毫克/立方米"", ""ash"": null, ""source_row"": 134}]","[{""component"": ""燃料一"", ""factor"": 0.03, ""unit"": ""g/m3"", ""reference"": ""T/CSES 144-2024 7.2; 表D.1及注a-c""}]",[],,,T/CSES 144-2024 7.2; 表D.1及注a-c,ACTIVITY_MISSING
SRC-RAW-5DE8C0C6F54C098F0500,POWER,BC,information_insufficient,产排污系数法/煤质物料衡算法,"[{""component"": ""燃料一"", ""fuel"": ""天然气"", ""raw_amount"": null, ""unit"": ""万立方米"", ""generation_use"": null, ""heat_use"": 644.487, ""amount"": null, ""sulfur"": ""60.000"", ""sulfur_unit"": ""毫克/立方米"", ""ash"": null, ""source_row"": 134}]","[{""component"": ""燃料一"", ""factor"": 0, ""unit"": ""g/m3"", ""reference"": ""T/CSES 144-2024 7.2; 表D.1及注a-c""}]",[],,,T/CSES 144-2024 7.2; 表D.1及注a-c,ACTIVITY_MISSING
SRC-RAW-5DE8C0C6F54C098F0500,POWER,OC,information_insufficient,产排污系数法/煤质物料衡算法,"[{""component"": ""燃料一"", ""fuel"": ""天然气"", ""raw_amount"": null, ""unit"": ""万立方米"", ""generation_use"": null, ""heat_use"": 644.487, ""amount"": null, ""sulfur"": ""60.000"", ""sulfur_unit"": ""毫克/立方米"", ""ash"": null, ""source_row"": 134}]","[{""component"": ""燃料一"", ""factor"": 0, ""unit"": ""g/m3"", ""reference"": ""T/CSES 144-2024 7.2; 表D.1及注a-c""}]",[],,,T/CSES 144-2024 7.2; 表D.1及注a-c,ACTIVITY_MISSING
SRC-RAW-5DE8C0C6F54C098F0500,POWER,NH3,not_involved,第7章核算范围,[],[],[],,,T/CSES 144-2024第7章、表D.1；未列NH3，未将缺省范围解释为零排放,OUTSIDE_CHAPTER7_POLLUTANT_SCOPE
SRC-RAW-C4CB2C34A6EC14F82F9F,POWER,SO2,information_insufficient,产排污系数法/煤质物料衡算法,"[{""component"": ""燃料一"", ""fuel"": ""一般烟煤"", ""raw_amount"": 650175.0, ""unit"": ""吨"", ""generation_use"": 588591.0, ""heat_use"": 61584.0, ""amount"": 650175.0, ""sulfur"": ""0.390"", ""sulfur_unit"": ""%"", ""ash"": ""6.26"", ""source_row"": 136}]","[{""component"": ""燃料一"", ""factor"": 6.630000000000001, ""unit"": ""g/kg"", ""reference"": ""式(3)、表C.1；S按质量分数；sr=0.15；g/kg""}]",[],4310.660250000001,,式(3)、表C.1；S按质量分数；sr=0.15；g/kg,SOURCE_RELATION_MISSING
SRC-RAW-C4CB2C34A6EC14F82F9F,POWER,NOx,information_insufficient,产排污系数法/煤质物料衡算法,"[{""component"": ""燃料一"", ""fuel"": ""一般烟煤"", ""raw_amount"": 650175.0, ""unit"": ""吨"", ""generation_use"": 588591.0, ""heat_use"": 61584.0, ""amount"": 650175.0, ""sulfur"": ""0.390"", ""sulfur_unit"": ""%"", ""ash"": ""6.26"", ""source_row"": 136}]","[{""component"": ""燃料一"", ""factor"": 7.21, ""unit"": ""g/kg"", ""reference"": ""T/CSES 144-2024 7.2; 表D.1及注a-c；万千瓦×10=MW""}]",[],4687.76175,,T/CSES 144-2024 7.2; 表D.1及注a-c；万千瓦×10=MW,SOURCE_RELATION_MISSING
SRC-RAW-C4CB2C34A6EC14F82F9F,POWER,CO,calculated,产排污系数法/煤质物料衡算法,"[{""component"": ""燃料一"", ""fuel"": ""一般烟煤"", ""raw_amount"": 650175.0, ""unit"": ""吨"", ""generation_use"": 588591.0, ""heat_use"": 61584.0, ""amount"": 650175.0, ""sulfur"": ""0.390"", ""sulfur_unit"": ""%"", ""ash"": ""6.26"", ""source_row"": 136}]","[{""component"": ""燃料一"", ""factor"": 2, ""unit"": ""g/kg"", ""reference"": ""T/CSES 144-2024 7.2; 表D.1及注a-c""}]","[{""component"": ""燃烧源治理"", ""efficiency"": 0, ""reference"": ""表A.1燃烧源控制措施VOCs为0；CO按表D.1""}]",1300.3500000000001,1300.3500000000001,T/CSES 144-2024 7.2; 表D.1及注a-c,
SRC-RAW-C4CB2C34A6EC14F82F9F,POWER,VOC,calculated,产排污系数法/煤质物料衡算法,"[{""component"": ""燃料一"", ""fuel"": ""一般烟煤"", ""raw_amount"": 650175.0, ""unit"": ""吨"", ""generation_use"": 588591.0, ""heat_use"": 61584.0, ""amount"": 650175.0, ""sulfur"": ""0.390"", ""sulfur_unit"": ""%"", ""ash"": ""6.26"", ""source_row"": 136}]","[{""component"": ""燃料一"", ""factor"": 0.04, ""unit"": ""g/kg"", ""reference"": ""T/CSES 144-2024 7.2; 表D.1及注a-c""}]","[{""component"": ""燃烧源治理"", ""efficiency"": 0, ""reference"": ""表A.1燃烧源控制措施VOCs为0；CO按表D.1""}]",26.007,26.007,T/CSES 144-2024 7.2; 表D.1及注a-c,
SRC-RAW-C4CB2C34A6EC14F82F9F,POWER,PM10,information_insufficient,产排污系数法/煤质物料衡算法,"[{""component"": ""燃料一"", ""fuel"": ""一般烟煤"", ""raw_amount"": 650175.0, ""unit"": ""吨"", ""generation_use"": 588591.0, ""heat_use"": 61584.0, ""amount"": 650175.0, ""sulfur"": ""0.390"", ""sulfur_unit"": ""%"", ""ash"": ""6.26"", ""source_row"": 136}]","[{""component"": ""燃料一"", ""factor"": 10.798500000000002, ""unit"": ""g/kg"", ""reference"": ""式(4)-(6)、表C.1-C.3；灰分质量分数；g/kg""}]",[],7020.914737500002,,式(4)-(6)、表C.1-C.3；灰分质量分数；g/kg,SOURCE_RELATION_MISSING
SRC-RAW-C4CB2C34A6EC14F82F9F,POWER,PM2.5,information_insufficient,产排污系数法/煤质物料衡算法,"[{""component"": ""燃料一"", ""fuel"": ""一般烟煤"", ""raw_amount"": 650175.0, ""unit"": ""吨"", ""generation_use"": 588591.0, ""heat_use"": 61584.0, ""amount"": 650175.0, ""sulfur"": ""0.390"", ""sulfur_unit"": ""%"", ""ash"": ""6.26"", ""source_row"": 136}]","[{""component"": ""燃料一"", ""factor"": 2.817, ""unit"": ""g/kg"", ""reference"": ""式(4)-(6)、表C.1-C.3；灰分质量分数；g/kg""}]",[],1831.542975,,式(4)-(6)、表C.1-C.3；灰分质量分数；g/kg,SOURCE_RELATION_MISSING
SRC-RAW-C4CB2C34A6EC14F82F9F,POWER,BC,information_insufficient,产排污系数法/煤质物料衡算法,"[{""component"": ""燃料一"", ""fuel"": ""一般烟煤"", ""raw_amount"": 650175.0, ""unit"": ""吨"", ""generation_use"": 588591.0, ""heat_use"": 61584.0, ""amount"": 650175.0, ""sulfur"": ""0.390"", ""sulfur_unit"": ""%"", ""ash"": ""6.26"", ""source_row"": 136}]","[{""component"": ""燃料一"", ""factor"": 0.005634000000000001, ""unit"": ""g/kg"", ""reference"": ""式(4)-(6)、表C.1-C.3；灰分质量分数；g/kg""}]",[],3.6630859500000006,,式(4)-(6)、表C.1-C.3；灰分质量分数；g/kg,SOURCE_RELATION_MISSING
SRC-RAW-C4CB2C34A6EC14F82F9F,POWER,OC,calculated,产排污系数法/煤质物料衡算法,"[{""component"": ""燃料一"", ""fuel"": ""一般烟煤"", ""raw_amount"": 650175.0, ""unit"": ""吨"", ""generation_use"": 588591.0, ""heat_use"": 61584.0, ""amount"": 650175.0, ""sulfur"": ""0.390"", ""sulfur_unit"": ""%"", ""ash"": ""6.26"", ""source_row"": 136}]","[{""component"": ""燃料一"", ""factor"": 0, ""unit"": ""g/kg"", ""reference"": ""式(6)、表C.3；电力生产/热力生产和供应OC占比=0""}]",[],0.0,0,式(6)、表C.3；电力生产/热力生产和供应OC占比=0,
SRC-RAW-C4CB2C34A6EC14F82F9F,POWER,NH3,not_involved,第7章核算范围,[],[],[],,,T/CSES 144-2024第7章、表D.1；未列NH3，未将缺省范围解释为零排放,OUTSIDE_CHAPTER7_POLLUTANT_SCOPE
SRC-RAW-C6588136B75D868414EE,POWER,SO2,information_insufficient,产排污系数法/煤质物料衡算法,"[{""component"": ""燃料一"", ""fuel"": ""一般烟煤"", ""raw_amount"": 126643.0, ""unit"": ""吨"", ""generation_use"": 4439.92, ""heat_use"": 122203.08, ""amount"": 126643.0, ""sulfur"": ""0.490"", ""sulfur_unit"": ""%"", ""ash"": ""17.25"", ""source_row"": 137}]","[{""component"": ""燃料一"", ""factor"": 8.329999999999998, ""unit"": ""g/kg"", ""reference"": ""式(3)、表C.1；S按质量分数；sr=0.15；g/kg""}]",[],1054.9361899999997,,式(3)、表C.1；S按质量分数；sr=0.15；g/kg,SOURCE_RELATION_MISSING
SRC-RAW-C6588136B75D868414EE,POWER,NOx,information_insufficient,产排污系数法/煤质物料衡算法,"[{""component"": ""燃料一"", ""fuel"": ""一般烟煤"", ""raw_amount"": 126643.0, ""unit"": ""吨"", ""generation_use"": 4439.92, ""heat_use"": 122203.08, ""amount"": 126643.0, ""sulfur"": ""0.490"", ""sulfur_unit"": ""%"", ""ash"": ""17.25"", ""source_row"": 137}]","[{""component"": ""燃料一"", ""factor"": 8.96, ""unit"": ""g/kg"", ""reference"": ""T/CSES 144-2024 7.2; 表D.1及注a-c；万千瓦×10=MW""}]",[],1134.72128,,T/CSES 144-2024 7.2; 表D.1及注a-c；万千瓦×10=MW,SOURCE_RELATION_MISSING
SRC-RAW-C6588136B75D868414EE,POWER,CO,calculated,产排污系数法/煤质物料衡算法,"[{""component"": ""燃料一"", ""fuel"": ""一般烟煤"", ""raw_amount"": 126643.0, ""unit"": ""吨"", ""generation_use"": 4439.92, ""heat_use"": 122203.08, ""amount"": 126643.0, ""sulfur"": ""0.490"", ""sulfur_unit"": ""%"", ""ash"": ""17.25"", ""source_row"": 137}]","[{""component"": ""燃料一"", ""factor"": 2, ""unit"": ""g/kg"", ""reference"": ""T/CSES 144-2024 7.2; 表D.1及注a-c""}]","[{""component"": ""燃烧源治理"", ""efficiency"": 0, ""reference"": ""表A.1燃烧源控制措施VOCs为0；CO按表D.1""}]",253.286,253.286,T/CSES 144-2024 7.2; 表D.1及注a-c,
SRC-RAW-C6588136B75D868414EE,POWER,VOC,calculated,产排污系数法/煤质物料衡算法,"[{""component"": ""燃料一"", ""fuel"": ""一般烟煤"", ""raw_amount"": 126643.0, ""unit"": ""吨"", ""generation_use"": 4439.92, ""heat_use"": 122203.08, ""amount"": 126643.0, ""sulfur"": ""0.490"", ""sulfur_unit"": ""%"", ""ash"": ""17.25"", ""source_row"": 137}]","[{""component"": ""燃料一"", ""factor"": 0.04, ""unit"": ""g/kg"", ""reference"": ""T/CSES 144-2024 7.2; 表D.1及注a-c""}]","[{""component"": ""燃烧源治理"", ""efficiency"": 0, ""reference"": ""表A.1燃烧源控制措施VOCs为0；CO按表D.1""}]",5.065720000000001,5.065720000000001,T/CSES 144-2024 7.2; 表D.1及注a-c,
SRC-RAW-C6588136B75D868414EE,POWER,PM10,information_insufficient,产排污系数法/煤质物料衡算法,"[{""component"": ""燃料一"", ""fuel"": ""一般烟煤"", ""raw_amount"": 126643.0, ""unit"": ""吨"", ""generation_use"": 4439.92, ""heat_use"": 122203.08, ""amount"": 126643.0, ""sulfur"": ""0.490"", ""sulfur_unit"": ""%"", ""ash"": ""17.25"", ""source_row"": 137}]","[{""component"": ""燃料一"", ""factor"": 28.014, ""unit"": ""g/kg"", ""reference"": ""式(4)-(6)、表C.1-C.3；灰分质量分数；g/kg""}]",[],3547.777002,,式(4)-(6)、表C.1-C.3；灰分质量分数；g/kg,SOURCE_RELATION_MISSING
SRC-RAW-C6588136B75D868414EE,POWER,PM2.5,information_insufficient,产排污系数法/煤质物料衡算法,"[{""component"": ""燃料一"", ""fuel"": ""一般烟煤"", ""raw_amount"": 126643.0, ""unit"": ""吨"", ""generation_use"": 4439.92, ""heat_use"": 122203.08, ""amount"": 126643.0, ""sulfur"": ""0.490"", ""sulfur_unit"": ""%"", ""ash"": ""17.25"", ""source_row"": 137}]","[{""component"": ""燃料一"", ""factor"": 6.7620000000000005, ""unit"": ""g/kg"", ""reference"": ""式(4)-(6)、表C.1-C.3；灰分质量分数；g/kg""}]",[],856.359966,,式(4)-(6)、表C.1-C.3；灰分质量分数；g/kg,SOURCE_RELATION_MISSING
SRC-RAW-C6588136B75D868414EE,POWER,BC,information_insufficient,产排污系数法/煤质物料衡算法,"[{""component"": ""燃料一"", ""fuel"": ""一般烟煤"", ""raw_amount"": 126643.0, ""unit"": ""吨"", ""generation_use"": 4439.92, ""heat_use"": 122203.08, ""amount"": 126643.0, ""sulfur"": ""0.490"", ""sulfur_unit"": ""%"", ""ash"": ""17.25"", ""source_row"": 137}]","[{""component"": ""燃料一"", ""factor"": 0.013524000000000001, ""unit"": ""g/kg"", ""reference"": ""式(4)-(6)、表C.1-C.3；灰分质量分数；g/kg""}]",[],1.7127199320000002,,式(4)-(6)、表C.1-C.3；灰分质量分数；g/kg,SOURCE_RELATION_MISSING
SRC-RAW-C6588136B75D868414EE,POWER,OC,calculated,产排污系数法/煤质物料衡算法,"[{""component"": ""燃料一"", ""fuel"": ""一般烟煤"", ""raw_amount"": 126643.0, ""unit"": ""吨"", ""generation_use"": 4439.92, ""heat_use"": 122203.08, ""amount"": 126643.0, ""sulfur"": ""0.490"", ""sulfur_unit"": ""%"", ""ash"": ""17.25"", ""source_row"": 137}]","[{""component"": ""燃料一"", ""factor"": 0, ""unit"": ""g/kg"", ""reference"": ""式(6)、表C.3；电力生产/热力生产和供应OC占比=0""}]",[],0.0,0,式(6)、表C.3；电力生产/热力生产和供应OC占比=0,
SRC-RAW-C6588136B75D868414EE,POWER,NH3,not_involved,第7章核算范围,[],[],[],,,T/CSES 144-2024第7章、表D.1；未列NH3，未将缺省范围解释为零排放,OUTSIDE_CHAPTER7_POLLUTANT_SCOPE
SRC-RAW-48982EB2A6FC7EFCB18F,POWER,SO2,information_insufficient,产排污系数法/煤质物料衡算法,"[{""component"": ""燃料一"", ""fuel"": ""一般烟煤"", ""raw_amount"": 153109.0, ""unit"": ""吨"", ""generation_use"": 5367.78, ""heat_use"": 147741.22, ""amount"": 153109.0, ""sulfur"": ""0.490"", ""sulfur_unit"": ""%"", ""ash"": ""17.25"", ""source_row"": 138}]","[{""component"": ""燃料一"", ""factor"": 8.329999999999998, ""unit"": ""g/kg"", ""reference"": ""式(3)、表C.1；S按质量分数；sr=0.15；g/kg""}]",[],1275.3979699999998,,式(3)、表C.1；S按质量分数；sr=0.15；g/kg,SOURCE_RELATION_MISSING
SRC-RAW-48982EB2A6FC7EFCB18F,POWER,NOx,information_insufficient,产排污系数法/煤质物料衡算法,"[{""component"": ""燃料一"", ""fuel"": ""一般烟煤"", ""raw_amount"": 153109.0, ""unit"": ""吨"", ""generation_use"": 5367.78, ""heat_use"": 147741.22, ""amount"": 153109.0, ""sulfur"": ""0.490"", ""sulfur_unit"": ""%"", ""ash"": ""17.25"", ""source_row"": 138}]","[{""component"": ""燃料一"", ""factor"": 8.96, ""unit"": ""g/kg"", ""reference"": ""T/CSES 144-2024 7.2; 表D.1及注a-c；万千瓦×10=MW""}]",[],1371.8566400000002,,T/CSES 144-2024 7.2; 表D.1及注a-c；万千瓦×10=MW,SOURCE_RELATION_MISSING
SRC-RAW-48982EB2A6FC7EFCB18F,POWER,CO,calculated,产排污系数法/煤质物料衡算法,"[{""component"": ""燃料一"", ""fuel"": ""一般烟煤"", ""raw_amount"": 153109.0, ""unit"": ""吨"", ""generation_use"": 5367.78, ""heat_use"": 147741.22, ""amount"": 153109.0, ""sulfur"": ""0.490"", ""sulfur_unit"": ""%"", ""ash"": ""17.25"", ""source_row"": 138}]","[{""component"": ""燃料一"", ""factor"": 2, ""unit"": ""g/kg"", ""reference"": ""T/CSES 144-2024 7.2; 表D.1及注a-c""}]","[{""component"": ""燃烧源治理"", ""efficiency"": 0, ""reference"": ""表A.1燃烧源控制措施VOCs为0；CO按表D.1""}]",306.218,306.218,T/CSES 144-2024 7.2; 表D.1及注a-c,
SRC-RAW-48982EB2A6FC7EFCB18F,POWER,VOC,calculated,产排污系数法/煤质物料衡算法,"[{""component"": ""燃料一"", ""fuel"": ""一般烟煤"", ""raw_amount"": 153109.0, ""unit"": ""吨"", ""generation_use"": 5367.78, ""heat_use"": 147741.22, ""amount"": 153109.0, ""sulfur"": ""0.490"", ""sulfur_unit"": ""%"", ""ash"": ""17.25"", ""source_row"": 138}]","[{""component"": ""燃料一"", ""factor"": 0.04, ""unit"": ""g/kg"", ""reference"": ""T/CSES 144-2024 7.2; 表D.1及注a-c""}]","[{""component"": ""燃烧源治理"", ""efficiency"": 0, ""reference"": ""表A.1燃烧源控制措施VOCs为0；CO按表D.1""}]",6.124360000000001,6.124360000000001,T/CSES 144-2024 7.2; 表D.1及注a-c,
SRC-RAW-48982EB2A6FC7EFCB18F,POWER,PM10,information_insufficient,产排污系数法/煤质物料衡算法,"[{""component"": ""燃料一"", ""fuel"": ""一般烟煤"", ""raw_amount"": 153109.0, ""unit"": ""吨"", ""generation_use"": 5367.78, ""heat_use"": 147741.22, ""amount"": 153109.0, ""sulfur"": ""0.490"", ""sulfur_unit"": ""%"", ""ash"": ""17.25"", ""source_row"": 138}]","[{""component"": ""燃料一"", ""factor"": 28.014, ""unit"": ""g/kg"", ""reference"": ""式(4)-(6)、表C.1-C.3；灰分质量分数；g/kg""}]",[],4289.1955259999995,,式(4)-(6)、表C.1-C.3；灰分质量分数；g/kg,SOURCE_RELATION_MISSING
SRC-RAW-48982EB2A6FC7EFCB18F,POWER,PM2.5,information_insufficient,产排污系数法/煤质物料衡算法,"[{""component"": ""燃料一"", ""fuel"": ""一般烟煤"", ""raw_amount"": 153109.0, ""unit"": ""吨"", ""generation_use"": 5367.78, ""heat_use"": 147741.22, ""amount"": 153109.0, ""sulfur"": ""0.490"", ""sulfur_unit"": ""%"", ""ash"": ""17.25"", ""source_row"": 138}]","[{""component"": ""燃料一"", ""factor"": 6.7620000000000005, ""unit"": ""g/kg"", ""reference"": ""式(4)-(6)、表C.1-C.3；灰分质量分数；g/kg""}]",[],1035.3230580000002,,式(4)-(6)、表C.1-C.3；灰分质量分数；g/kg,SOURCE_RELATION_MISSING
SRC-RAW-48982EB2A6FC7EFCB18F,POWER,BC,information_insufficient,产排污系数法/煤质物料衡算法,"[{""component"": ""燃料一"", ""fuel"": ""一般烟煤"", ""raw_amount"": 153109.0, ""unit"": ""吨"", ""generation_use"": 5367.78, ""heat_use"": 147741.22, ""amount"": 153109.0, ""sulfur"": ""0.490"", ""sulfur_unit"": ""%"", ""ash"": ""17.25"", ""source_row"": 138}]","[{""component"": ""燃料一"", ""factor"": 0.013524000000000001, ""unit"": ""g/kg"", ""reference"": ""式(4)-(6)、表C.1-C.3；灰分质量分数；g/kg""}]",[],2.0706461160000003,,式(4)-(6)、表C.1-C.3；灰分质量分数；g/kg,SOURCE_RELATION_MISSING
SRC-RAW-48982EB2A6FC7EFCB18F,POWER,OC,calculated,产排污系数法/煤质物料衡算法,"[{""component"": ""燃料一"", ""fuel"": ""一般烟煤"", ""raw_amount"": 153109.0, ""unit"": ""吨"", ""generation_use"": 5367.78, ""heat_use"": 147741.22, ""amount"": 153109.0, ""sulfur"": ""0.490"", ""sulfur_unit"": ""%"", ""ash"": ""17.25"", ""source_row"": 138}]","[{""component"": ""燃料一"", ""factor"": 0, ""unit"": ""g/kg"", ""reference"": ""式(6)、表C.3；电力生产/热力生产和供应OC占比=0""}]",[],0.0,0,式(6)、表C.3；电力生产/热力生产和供应OC占比=0,
SRC-RAW-48982EB2A6FC7EFCB18F,POWER,NH3,not_involved,第7章核算范围,[],[],[],,,T/CSES 144-2024第7章、表D.1；未列NH3，未将缺省范围解释为零排放,OUTSIDE_CHAPTER7_POLLUTANT_SCOPE
SRC-RAW-3D68C3391F8E405ACFFC,POWER,SO2,information_insufficient,产排污系数法/煤质物料衡算法,"[{""component"": ""燃料一"", ""fuel"": ""一般烟煤"", ""raw_amount"": null, ""unit"": ""吨"", ""generation_use"": 3464.49, ""heat_use"": 95355.51, ""amount"": 98820.0, ""sulfur"": ""0.490"", ""sulfur_unit"": ""%"", ""ash"": ""17.25"", ""source_row"": 139, ""derivation"": ""同单位发电消耗量+供热消耗量，指南7.2.1.2活动水平定义""}]","[{""component"": ""燃料一"", ""factor"": 8.329999999999998, ""unit"": ""g/kg"", ""reference"": ""式(3)、表C.1；S按质量分数；sr=0.15；g/kg""}]",[],823.1705999999999,,式(3)、表C.1；S按质量分数；sr=0.15；g/kg,SOURCE_RELATION_MISSING
SRC-RAW-3D68C3391F8E405ACFFC,POWER,NOx,information_insufficient,产排污系数法/煤质物料衡算法,"[{""component"": ""燃料一"", ""fuel"": ""一般烟煤"", ""raw_amount"": null, ""unit"": ""吨"", ""generation_use"": 3464.49, ""heat_use"": 95355.51, ""amount"": 98820.0, ""sulfur"": ""0.490"", ""sulfur_unit"": ""%"", ""ash"": ""17.25"", ""source_row"": 139, ""derivation"": ""同单位发电消耗量+供热消耗量，指南7.2.1.2活动水平定义""}]","[{""component"": ""燃料一"", ""factor"": 8.96, ""unit"": ""g/kg"", ""reference"": ""T/CSES 144-2024 7.2; 表D.1及注a-c；万千瓦×10=MW""}]",[],885.4272000000001,,T/CSES 144-2024 7.2; 表D.1及注a-c；万千瓦×10=MW,SOURCE_RELATION_MISSING
SRC-RAW-3D68C3391F8E405ACFFC,POWER,CO,calculated,产排污系数法/煤质物料衡算法,"[{""component"": ""燃料一"", ""fuel"": ""一般烟煤"", ""raw_amount"": null, ""unit"": ""吨"", ""generation_use"": 3464.49, ""heat_use"": 95355.51, ""amount"": 98820.0, ""sulfur"": ""0.490"", ""sulfur_unit"": ""%"", ""ash"": ""17.25"", ""source_row"": 139, ""derivation"": ""同单位发电消耗量+供热消耗量，指南7.2.1.2活动水平定义""}]","[{""component"": ""燃料一"", ""factor"": 2, ""unit"": ""g/kg"", ""reference"": ""T/CSES 144-2024 7.2; 表D.1及注a-c""}]","[{""component"": ""燃烧源治理"", ""efficiency"": 0, ""reference"": ""表A.1燃烧源控制措施VOCs为0；CO按表D.1""}]",197.64000000000001,197.64000000000001,T/CSES 144-2024 7.2; 表D.1及注a-c,
SRC-RAW-3D68C3391F8E405ACFFC,POWER,VOC,calculated,产排污系数法/煤质物料衡算法,"[{""component"": ""燃料一"", ""fuel"": ""一般烟煤"", ""raw_amount"": null, ""unit"": ""吨"", ""generation_use"": 3464.49, ""heat_use"": 95355.51, ""amount"": 98820.0, ""sulfur"": ""0.490"", ""sulfur_unit"": ""%"", ""ash"": ""17.25"", ""source_row"": 139, ""derivation"": ""同单位发电消耗量+供热消耗量，指南7.2.1.2活动水平定义""}]","[{""component"": ""燃料一"", ""factor"": 0.04, ""unit"": ""g/kg"", ""reference"": ""T/CSES 144-2024 7.2; 表D.1及注a-c""}]","[{""component"": ""燃烧源治理"", ""efficiency"": 0, ""reference"": ""表A.1燃烧源控制措施VOCs为0；CO按表D.1""}]",3.9528000000000003,3.9528000000000003,T/CSES 144-2024 7.2; 表D.1及注a-c,
SRC-RAW-3D68C3391F8E405ACFFC,POWER,PM10,information_insufficient,产排污系数法/煤质物料衡算法,"[{""component"": ""燃料一"", ""fuel"": ""一般烟煤"", ""raw_amount"": null, ""unit"": ""吨"", ""generation_use"": 3464.49, ""heat_use"": 95355.51, ""amount"": 98820.0, ""sulfur"": ""0.490"", ""sulfur_unit"": ""%"", ""ash"": ""17.25"", ""source_row"": 139, ""derivation"": ""同单位发电消耗量+供热消耗量，指南7.2.1.2活动水平定义""}]","[{""component"": ""燃料一"", ""factor"": 28.014, ""unit"": ""g/kg"", ""reference"": ""式(4)-(6)、表C.1-C.3；灰分质量分数；g/kg""}]",[],2768.34348,,式(4)-(6)、表C.1-C.3；灰分质量分数；g/kg,SOURCE_RELATION_MISSING
SRC-RAW-3D68C3391F8E405ACFFC,POWER,PM2.5,information_insufficient,产排污系数法/煤质物料衡算法,"[{""component"": ""燃料一"", ""fuel"": ""一般烟煤"", ""raw_amount"": null, ""unit"": ""吨"", ""generation_use"": 3464.49, ""heat_use"": 95355.51, ""amount"": 98820.0, ""sulfur"": ""0.490"", ""sulfur_unit"": ""%"", ""ash"": ""17.25"", ""source_row"": 139, ""derivation"": ""同单位发电消耗量+供热消耗量，指南7.2.1.2活动水平定义""}]","[{""component"": ""燃料一"", ""factor"": 6.7620000000000005, ""unit"": ""g/kg"", ""reference"": ""式(4)-(6)、表C.1-C.3；灰分质量分数；g/kg""}]",[],668.2208400000001,,式(4)-(6)、表C.1-C.3；灰分质量分数；g/kg,SOURCE_RELATION_MISSING
SRC-RAW-3D68C3391F8E405ACFFC,POWER,BC,information_insufficient,产排污系数法/煤质物料衡算法,"[{""component"": ""燃料一"", ""fuel"": ""一般烟煤"", ""raw_amount"": null, ""unit"": ""吨"", ""generation_use"": 3464.49, ""heat_use"": 95355.51, ""amount"": 98820.0, ""sulfur"": ""0.490"", ""sulfur_unit"": ""%"", ""ash"": ""17.25"", ""source_row"": 139, ""derivation"": ""同单位发电消耗量+供热消耗量，指南7.2.1.2活动水平定义""}]","[{""component"": ""燃料一"", ""factor"": 0.013524000000000001, ""unit"": ""g/kg"", ""reference"": ""式(4)-(6)、表C.1-C.3；灰分质量分数；g/kg""}]",[],1.33644168,,式(4)-(6)、表C.1-C.3；灰分质量分数；g/kg,SOURCE_RELATION_MISSING
SRC-RAW-3D68C3391F8E405ACFFC,POWER,OC,calculated,产排污系数法/煤质物料衡算法,"[{""component"": ""燃料一"", ""fuel"": ""一般烟煤"", ""raw_amount"": null, ""unit"": ""吨"", ""generation_use"": 3464.49, ""heat_use"": 95355.51, ""amount"": 98820.0, ""sulfur"": ""0.490"", ""sulfur_unit"": ""%"", ""ash"": ""17.25"", ""source_row"": 139, ""derivation"": ""同单位发电消耗量+供热消耗量，指南7.2.1.2活动水平定义""}]","[{""component"": ""燃料一"", ""factor"": 0, ""unit"": ""g/kg"", ""reference"": ""式(6)、表C.3；电力生产/热力生产和供应OC占比=0""}]",[],0.0,0,式(6)、表C.3；电力生产/热力生产和供应OC占比=0,
SRC-RAW-3D68C3391F8E405ACFFC,POWER,NH3,not_involved,第7章核算范围,[],[],[],,,T/CSES 144-2024第7章、表D.1；未列NH3，未将缺省范围解释为零排放,OUTSIDE_CHAPTER7_POLLUTANT_SCOPE
SRC-RAW-F800B5F8A13295EAB36B,POWER,SO2,source_data_invalid,产排污系数法/煤质物料衡算法,"[{""component"": ""燃料一"", ""fuel"": ""一般烟煤"", ""raw_amount"": -100041.0, ""unit"": ""吨"", ""generation_use"": 3507.29, ""heat_use"": 96533.71, ""amount"": -100041.0, ""sulfur"": ""0.490"", ""sulfur_unit"": ""%"", ""ash"": ""17.25"", ""source_row"": 140}]","[{""component"": ""燃料一"", ""factor"": 8.329999999999998, ""unit"": ""g/kg"", ""reference"": ""式(3)、表C.1；S按质量分数；sr=0.15；g/kg""}]",[],,,式(3)、表C.1；S按质量分数；sr=0.15；g/kg,HARD_CONSTRAINT_CONFLICT
SRC-RAW-F800B5F8A13295EAB36B,POWER,NOx,source_data_invalid,产排污系数法/煤质物料衡算法,"[{""component"": ""燃料一"", ""fuel"": ""一般烟煤"", ""raw_amount"": -100041.0, ""unit"": ""吨"", ""generation_use"": 3507.29, ""heat_use"": 96533.71, ""amount"": -100041.0, ""sulfur"": ""0.490"", ""sulfur_unit"": ""%"", ""ash"": ""17.25"", ""source_row"": 140}]","[{""component"": ""燃料一"", ""factor"": 8.96, ""unit"": ""g/kg"", ""reference"": ""T/CSES 144-2024 7.2; 表D.1及注a-c；万千瓦×10=MW""}]",[],,,T/CSES 144-2024 7.2; 表D.1及注a-c；万千瓦×10=MW,HARD_CONSTRAINT_CONFLICT
SRC-RAW-F800B5F8A13295EAB36B,POWER,CO,source_data_invalid,产排污系数法/煤质物料衡算法,"[{""component"": ""燃料一"", ""fuel"": ""一般烟煤"", ""raw_amount"": -100041.0, ""unit"": ""吨"", ""generation_use"": 3507.29, ""heat_use"": 96533.71, ""amount"": -100041.0, ""sulfur"": ""0.490"", ""sulfur_unit"": ""%"", ""ash"": ""17.25"", ""source_row"": 140}]","[{""component"": ""燃料一"", ""factor"": 2, ""unit"": ""g/kg"", ""reference"": ""T/CSES 144-2024 7.2; 表D.1及注a-c""}]",[],,,T/CSES 144-2024 7.2; 表D.1及注a-c,HARD_CONSTRAINT_CONFLICT
SRC-RAW-F800B5F8A13295EAB36B,POWER,VOC,source_data_invalid,产排污系数法/煤质物料衡算法,"[{""component"": ""燃料一"", ""fuel"": ""一般烟煤"", ""raw_amount"": -100041.0, ""unit"": ""吨"", ""generation_use"": 3507.29, ""heat_use"": 96533.71, ""amount"": -100041.0, ""sulfur"": ""0.490"", ""sulfur_unit"": ""%"", ""ash"": ""17.25"", ""source_row"": 140}]","[{""component"": ""燃料一"", ""factor"": 0.04, ""unit"": ""g/kg"", ""reference"": ""T/CSES 144-2024 7.2; 表D.1及注a-c""}]",[],,,T/CSES 144-2024 7.2; 表D.1及注a-c,HARD_CONSTRAINT_CONFLICT
SRC-RAW-F800B5F8A13295EAB36B,POWER,PM10,source_data_invalid,产排污系数法/煤质物料衡算法,"[{""component"": ""燃料一"", ""fuel"": ""一般烟煤"", ""raw_amount"": -100041.0, ""unit"": ""吨"", ""generation_use"": 3507.29, ""heat_use"": 96533.71, ""amount"": -100041.0, ""sulfur"": ""0.490"", ""sulfur_unit"": ""%"", ""ash"": ""17.25"", ""source_row"": 140}]","[{""component"": ""燃料一"", ""factor"": 28.014, ""unit"": ""g/kg"", ""reference"": ""式(4)-(6)、表C.1-C.3；灰分质量分数；g/kg""}]",[],,,式(4)-(6)、表C.1-C.3；灰分质量分数；g/kg,HARD_CONSTRAINT_CONFLICT
SRC-RAW-F800B5F8A13295EAB36B,POWER,PM2.5,source_data_invalid,产排污系数法/煤质物料衡算法,"[{""component"": ""燃料一"", ""fuel"": ""一般烟煤"", ""raw_amount"": -100041.0, ""unit"": ""吨"", ""generation_use"": 3507.29, ""heat_use"": 96533.71, ""amount"": -100041.0, ""sulfur"": ""0.490"", ""sulfur_unit"": ""%"", ""ash"": ""17.25"", ""source_row"": 140}]","[{""component"": ""燃料一"", ""factor"": 6.7620000000000005, ""unit"": ""g/kg"", ""reference"": ""式(4)-(6)、表C.1-C.3；灰分质量分数；g/kg""}]",[],,,式(4)-(6)、表C.1-C.3；灰分质量分数；g/kg,HARD_CONSTRAINT_CONFLICT
SRC-RAW-F800B5F8A13295EAB36B,POWER,BC,source_data_invalid,产排污系数法/煤质物料衡算法,"[{""component"": ""燃料一"", ""fuel"": ""一般烟煤"", ""raw_amount"": -100041.0, ""unit"": ""吨"", ""generation_use"": 3507.29, ""heat_use"": 96533.71, ""amount"": -100041.0, ""sulfur"": ""0.490"", ""sulfur_unit"": ""%"", ""ash"": ""17.25"", ""source_row"": 140}]","[{""component"": ""燃料一"", ""factor"": 0.013524000000000001, ""unit"": ""g/kg"", ""reference"": ""式(4)-(6)、表C.1-C.3；灰分质量分数；g/kg""}]",[],,,式(4)-(6)、表C.1-C.3；灰分质量分数；g/kg,HARD_CONSTRAINT_CONFLICT
SRC-RAW-F800B5F8A13295EAB36B,POWER,OC,source_data_invalid,产排污系数法/煤质物料衡算法,"[{""component"": ""燃料一"", ""fuel"": ""一般烟煤"", ""raw_amount"": -100041.0, ""unit"": ""吨"", ""generation_use"": 3507.29, ""heat_use"": 96533.71, ""amount"": -100041.0, ""sulfur"": ""0.490"", ""sulfur_unit"": ""%"", ""ash"": ""17.25"", ""source_row"": 140}]","[{""component"": ""燃料一"", ""factor"": 0, ""unit"": ""g/kg"", ""reference"": ""式(6)、表C.3；电力生产/热力生产和供应OC占比=0""}]",[],,,式(6)、表C.3；电力生产/热力生产和供应OC占比=0,HARD_CONSTRAINT_CONFLICT
SRC-RAW-F800B5F8A13295EAB36B,POWER,NH3,not_involved,第7章核算范围,[],[],[],,,T/CSES 144-2024第7章、表D.1；未列NH3，未将缺省范围解释为零排放,OUTSIDE_CHAPTER7_POLLUTANT_SCOPE
SRC-RAW-0EA1C3FA4810EDBD34F9,POWER,SO2,information_insufficient,产排污系数法/煤质物料衡算法,"[{""component"": ""燃料一"", ""fuel"": ""原煤"", ""raw_amount"": null, ""unit"": ""吨"", ""generation_use"": 993907.3, ""heat_use"": 41067.7, ""amount"": 1034975.0, ""sulfur"": ""0.620"", ""sulfur_unit"": ""%"", ""ash"": ""16.04"", ""source_row"": 141, ""derivation"": ""同单位发电消耗量+供热消耗量，指南7.2.1.2活动水平定义""}]","[{""component"": ""燃料一"", ""factor"": 10.54, ""unit"": ""g/kg"", ""reference"": ""式(3)、表C.1；S按质量分数；sr=0.15；g/kg""}]",[],10908.6365,,式(3)、表C.1；S按质量分数；sr=0.15；g/kg,SOURCE_RELATION_MISSING
SRC-RAW-0EA1C3FA4810EDBD34F9,POWER,NOx,information_insufficient,产排污系数法/煤质物料衡算法,"[{""component"": ""燃料一"", ""fuel"": ""原煤"", ""raw_amount"": null, ""unit"": ""吨"", ""generation_use"": 993907.3, ""heat_use"": 41067.7, ""amount"": 1034975.0, ""sulfur"": ""0.620"", ""sulfur_unit"": ""%"", ""ash"": ""16.04"", ""source_row"": 141, ""derivation"": ""同单位发电消耗量+供热消耗量，指南7.2.1.2活动水平定义""}]","[{""component"": ""燃料一"", ""factor"": 7.21, ""unit"": ""g/kg"", ""reference"": ""T/CSES 144-2024 7.2; 表D.1及注a-c；万千瓦×10=MW""}]",[],7462.16975,,T/CSES 144-2024 7.2; 表D.1及注a-c；万千瓦×10=MW,SOURCE_RELATION_MISSING
SRC-RAW-0EA1C3FA4810EDBD34F9,POWER,CO,calculated,产排污系数法/煤质物料衡算法,"[{""component"": ""燃料一"", ""fuel"": ""原煤"", ""raw_amount"": null, ""unit"": ""吨"", ""generation_use"": 993907.3, ""heat_use"": 41067.7, ""amount"": 1034975.0, ""sulfur"": ""0.620"", ""sulfur_unit"": ""%"", ""ash"": ""16.04"", ""source_row"": 141, ""derivation"": ""同单位发电消耗量+供热消耗量，指南7.2.1.2活动水平定义""}]","[{""component"": ""燃料一"", ""factor"": 2, ""unit"": ""g/kg"", ""reference"": ""T/CSES 144-2024 7.2; 表D.1及注a-c""}]","[{""component"": ""燃烧源治理"", ""efficiency"": 0, ""reference"": ""表A.1燃烧源控制措施VOCs为0；CO按表D.1""}]",2069.95,2069.95,T/CSES 144-2024 7.2; 表D.1及注a-c,
SRC-RAW-0EA1C3FA4810EDBD34F9,POWER,VOC,calculated,产排污系数法/煤质物料衡算法,"[{""component"": ""燃料一"", ""fuel"": ""原煤"", ""raw_amount"": null, ""unit"": ""吨"", ""generation_use"": 993907.3, ""heat_use"": 41067.7, ""amount"": 1034975.0, ""sulfur"": ""0.620"", ""sulfur_unit"": ""%"", ""ash"": ""16.04"", ""source_row"": 141, ""derivation"": ""同单位发电消耗量+供热消耗量，指南7.2.1.2活动水平定义""}]","[{""component"": ""燃料一"", ""factor"": 0.04, ""unit"": ""g/kg"", ""reference"": ""T/CSES 144-2024 7.2; 表D.1及注a-c""}]","[{""component"": ""燃烧源治理"", ""efficiency"": 0, ""reference"": ""表A.1燃烧源控制措施VOCs为0；CO按表D.1""}]",41.399,41.399,T/CSES 144-2024 7.2; 表D.1及注a-c,
SRC-RAW-0EA1C3FA4810EDBD34F9,POWER,PM10,information_insufficient,产排污系数法/煤质物料衡算法,"[{""component"": ""燃料一"", ""fuel"": ""原煤"", ""raw_amount"": null, ""unit"": ""吨"", ""generation_use"": 993907.3, ""heat_use"": 41067.7, ""amount"": 1034975.0, ""sulfur"": ""0.620"", ""sulfur_unit"": ""%"", ""ash"": ""16.04"", ""source_row"": 141, ""derivation"": ""同单位发电消耗量+供热消耗量，指南7.2.1.2活动水平定义""}]","[{""component"": ""燃料一"", ""factor"": 27.669, ""unit"": ""g/kg"", ""reference"": ""式(4)-(6)、表C.1-C.3；灰分质量分数；g/kg""}]",[],28636.723275000004,,式(4)-(6)、表C.1-C.3；灰分质量分数；g/kg,SOURCE_RELATION_MISSING
SRC-RAW-0EA1C3FA4810EDBD34F9,POWER,PM2.5,information_insufficient,产排污系数法/煤质物料衡算法,"[{""component"": ""燃料一"", ""fuel"": ""原煤"", ""raw_amount"": null, ""unit"": ""吨"", ""generation_use"": 993907.3, ""heat_use"": 41067.7, ""amount"": 1034975.0, ""sulfur"": ""0.620"", ""sulfur_unit"": ""%"", ""ash"": ""16.04"", ""source_row"": 141, ""derivation"": ""同单位发电消耗量+供热消耗量，指南7.2.1.2活动水平定义""}]","[{""component"": ""燃料一"", ""factor"": 7.217999999999999, ""unit"": ""g/kg"", ""reference"": ""式(4)-(6)、表C.1-C.3；灰分质量分数；g/kg""}]",[],7470.449549999999,,式(4)-(6)、表C.1-C.3；灰分质量分数；g/kg,SOURCE_RELATION_MISSING
SRC-RAW-0EA1C3FA4810EDBD34F9,POWER,BC,information_insufficient,产排污系数法/煤质物料衡算法,"[{""component"": ""燃料一"", ""fuel"": ""原煤"", ""raw_amount"": null, ""unit"": ""吨"", ""generation_use"": 993907.3, ""heat_use"": 41067.7, ""amount"": 1034975.0, ""sulfur"": ""0.620"", ""sulfur_unit"": ""%"", ""ash"": ""16.04"", ""source_row"": 141, ""derivation"": ""同单位发电消耗量+供热消耗量，指南7.2.1.2活动水平定义""}]","[{""component"": ""燃料一"", ""factor"": 0.014435999999999997, ""unit"": ""g/kg"", ""reference"": ""式(4)-(6)、表C.1-C.3；灰分质量分数；g/kg""}]",[],14.940899099999998,,式(4)-(6)、表C.1-C.3；灰分质量分数；g/kg,SOURCE_RELATION_MISSING
SRC-RAW-0EA1C3FA4810EDBD34F9,POWER,OC,calculated,产排污系数法/煤质物料衡算法,"[{""component"": ""燃料一"", ""fuel"": ""原煤"", ""raw_amount"": null, ""unit"": ""吨"", ""generation_use"": 993907.3, ""heat_use"": 41067.7, ""amount"": 1034975.0, ""sulfur"": ""0.620"", ""sulfur_unit"": ""%"", ""ash"": ""16.04"", ""source_row"": 141, ""derivation"": ""同单位发电消耗量+供热消耗量，指南7.2.1.2活动水平定义""}]","[{""component"": ""燃料一"", ""factor"": 0, ""unit"": ""g/kg"", ""reference"": ""式(6)、表C.3；电力生产/热力生产和供应OC占比=0""}]",[],0.0,0,式(6)、表C.3；电力生产/热力生产和供应OC占比=0,
SRC-RAW-0EA1C3FA4810EDBD34F9,POWER,NH3,not_involved,第7章核算范围,[],[],[],,,T/CSES 144-2024第7章、表D.1；未列NH3，未将缺省范围解释为零排放,OUTSIDE_CHAPTER7_POLLUTANT_SCOPE
SRC-RAW-A9FB6E4E293E435004D8,POWER,SO2,information_insufficient,产排污系数法/煤质物料衡算法,"[{""component"": ""燃料一"", ""fuel"": ""原煤"", ""raw_amount"": 977889.0, ""unit"": ""吨"", ""generation_use"": 938747.02, ""heat_use"": 39141.98, ""amount"": 977889.0, ""sulfur"": null, ""sulfur_unit"": ""%"", ""ash"": ""14.76"", ""source_row"": 142}]","[{""component"": ""燃料一"", ""factor"": null, ""unit"": ""g/kg"", ""reference"": ""式(3)、表C.1；收到基硫分缺失""}]",[],,,式(3)、表C.1；收到基硫分缺失,POLLUTANT_PARAMETER_MISSING
SRC-RAW-A9FB6E4E293E435004D8,POWER,NOx,information_insufficient,产排污系数法/煤质物料衡算法,"[{""component"": ""燃料一"", ""fuel"": ""原煤"", ""raw_amount"": 977889.0, ""unit"": ""吨"", ""generation_use"": 938747.02, ""heat_use"": 39141.98, ""amount"": 977889.0, ""sulfur"": null, ""sulfur_unit"": ""%"", ""ash"": ""14.76"", ""source_row"": 142}]","[{""component"": ""燃料一"", ""factor"": 7.21, ""unit"": ""g/kg"", ""reference"": ""T/CSES 144-2024 7.2; 表D.1及注a-c；万千瓦×10=MW""}]",[],7050.5796900000005,,T/CSES 144-2024 7.2; 表D.1及注a-c；万千瓦×10=MW,SOURCE_RELATION_MISSING
SRC-RAW-A9FB6E4E293E435004D8,POWER,CO,calculated,产排污系数法/煤质物料衡算法,"[{""component"": ""燃料一"", ""fuel"": ""原煤"", ""raw_amount"": 977889.0, ""unit"": ""吨"", ""generation_use"": 938747.02, ""heat_use"": 39141.98, ""amount"": 977889.0, ""sulfur"": null, ""sulfur_unit"": ""%"", ""ash"": ""14.76"", ""source_row"": 142}]","[{""component"": ""燃料一"", ""factor"": 2, ""unit"": ""g/kg"", ""reference"": ""T/CSES 144-2024 7.2; 表D.1及注a-c""}]","[{""component"": ""燃烧源治理"", ""efficiency"": 0, ""reference"": ""表A.1燃烧源控制措施VOCs为0；CO按表D.1""}]",1955.778,1955.778,T/CSES 144-2024 7.2; 表D.1及注a-c,
SRC-RAW-A9FB6E4E293E435004D8,POWER,VOC,calculated,产排污系数法/煤质物料衡算法,"[{""component"": ""燃料一"", ""fuel"": ""原煤"", ""raw_amount"": 977889.0, ""unit"": ""吨"", ""generation_use"": 938747.02, ""heat_use"": 39141.98, ""amount"": 977889.0, ""sulfur"": null, ""sulfur_unit"": ""%"", ""ash"": ""14.76"", ""source_row"": 142}]","[{""component"": ""燃料一"", ""factor"": 0.04, ""unit"": ""g/kg"", ""reference"": ""T/CSES 144-2024 7.2; 表D.1及注a-c""}]","[{""component"": ""燃烧源治理"", ""efficiency"": 0, ""reference"": ""表A.1燃烧源控制措施VOCs为0；CO按表D.1""}]",39.115559999999995,39.115559999999995,T/CSES 144-2024 7.2; 表D.1及注a-c,
SRC-RAW-A9FB6E4E293E435004D8,POWER,PM10,information_insufficient,产排污系数法/煤质物料衡算法,"[{""component"": ""燃料一"", ""fuel"": ""原煤"", ""raw_amount"": 977889.0, ""unit"": ""吨"", ""generation_use"": 938747.02, ""heat_use"": 39141.98, ""amount"": 977889.0, ""sulfur"": null, ""sulfur_unit"": ""%"", ""ash"": ""14.76"", ""source_row"": 142}]","[{""component"": ""燃料一"", ""factor"": 25.461000000000002, ""unit"": ""g/kg"", ""reference"": ""式(4)-(6)、表C.1-C.3；灰分质量分数；g/kg""}]",[],24898.031829000003,,式(4)-(6)、表C.1-C.3；灰分质量分数；g/kg,SOURCE_RELATION_MISSING
SRC-RAW-A9FB6E4E293E435004D8,POWER,PM2.5,information_insufficient,产排污系数法/煤质物料衡算法,"[{""component"": ""燃料一"", ""fuel"": ""原煤"", ""raw_amount"": 977889.0, ""unit"": ""吨"", ""generation_use"": 938747.02, ""heat_use"": 39141.98, ""amount"": 977889.0, ""sulfur"": null, ""sulfur_unit"": ""%"", ""ash"": ""14.76"", ""source_row"": 142}]","[{""component"": ""燃料一"", ""factor"": 6.642, ""unit"": ""g/kg"", ""reference"": ""式(4)-(6)、表C.1-C.3；灰分质量分数；g/kg""}]",[],6495.138738,,式(4)-(6)、表C.1-C.3；灰分质量分数；g/kg,SOURCE_RELATION_MISSING
SRC-RAW-A9FB6E4E293E435004D8,POWER,BC,information_insufficient,产排污系数法/煤质物料衡算法,"[{""component"": ""燃料一"", ""fuel"": ""原煤"", ""raw_amount"": 977889.0, ""unit"": ""吨"", ""generation_use"": 938747.02, ""heat_use"": 39141.98, ""amount"": 977889.0, ""sulfur"": null, ""sulfur_unit"": ""%"", ""ash"": ""14.76"", ""source_row"": 142}]","[{""component"": ""燃料一"", ""factor"": 0.013284, ""unit"": ""g/kg"", ""reference"": ""式(4)-(6)、表C.1-C.3；灰分质量分数；g/kg""}]",[],12.990277476000001,,式(4)-(6)、表C.1-C.3；灰分质量分数；g/kg,SOURCE_RELATION_MISSING
SRC-RAW-A9FB6E4E293E435004D8,POWER,OC,calculated,产排污系数法/煤质物料衡算法,"[{""component"": ""燃料一"", ""fuel"": ""原煤"", ""raw_amount"": 977889.0, ""unit"": ""吨"", ""generation_use"": 938747.02, ""heat_use"": 39141.98, ""amount"": 977889.0, ""sulfur"": null, ""sulfur_unit"": ""%"", ""ash"": ""14.76"", ""source_row"": 142}]","[{""component"": ""燃料一"", ""factor"": 0, ""unit"": ""g/kg"", ""reference"": ""式(6)、表C.3；电力生产/热力生产和供应OC占比=0""}]",[],0.0,0,式(6)、表C.3；电力生产/热力生产和供应OC占比=0,
SRC-RAW-A9FB6E4E293E435004D8,POWER,NH3,not_involved,第7章核算范围,[],[],[],,,T/CSES 144-2024第7章、表D.1；未列NH3，未将缺省范围解释为零排放,OUTSIDE_CHAPTER7_POLLUTANT_SCOPE
SRC-RAW-EDFD19AE3DB2C5C2A978,POWER,SO2,source_data_invalid,产排污系数法/煤质物料衡算法,"[{""component"": ""燃料一"", ""fuel"": ""液化天然气"", ""raw_amount"": -6496.544, ""unit"": ""吨"", ""generation_use"": 1386.73, ""heat_use"": 5109.814, ""amount"": -6496.544, ""sulfur"": null, ""sulfur_unit"": ""%"", ""ash"": null, ""source_row"": 145}]","[{""component"": ""燃料一"", ""factor"": 0, ""unit"": ""g/kg"", ""reference"": ""T/CSES 144-2024 7.2; 表D.1及注a-c""}]",[],,,T/CSES 144-2024 7.2; 表D.1及注a-c,HARD_CONSTRAINT_CONFLICT
SRC-RAW-EDFD19AE3DB2C5C2A978,POWER,NOx,source_data_invalid,产排污系数法/煤质物料衡算法,"[{""component"": ""燃料一"", ""fuel"": ""液化天然气"", ""raw_amount"": -6496.544, ""unit"": ""吨"", ""generation_use"": 1386.73, ""heat_use"": 5109.814, ""amount"": -6496.544, ""sulfur"": null, ""sulfur_unit"": ""%"", ""ash"": null, ""source_row"": 145}]","[{""component"": ""燃料一"", ""factor"": 3.74, ""unit"": ""g/kg"", ""reference"": ""T/CSES 144-2024 7.2; 表D.1及注a-c""}]",[],,,T/CSES 144-2024 7.2; 表D.1及注a-c,HARD_CONSTRAINT_CONFLICT
SRC-RAW-EDFD19AE3DB2C5C2A978,POWER,CO,source_data_invalid,产排污系数法/煤质物料衡算法,"[{""component"": ""燃料一"", ""fuel"": ""液化天然气"", ""raw_amount"": -6496.544, ""unit"": ""吨"", ""generation_use"": 1386.73, ""heat_use"": 5109.814, ""amount"": -6496.544, ""sulfur"": null, ""sulfur_unit"": ""%"", ""ash"": null, ""source_row"": 145}]","[{""component"": ""燃料一"", ""factor"": 0.36, ""unit"": ""g/kg"", ""reference"": ""T/CSES 144-2024 7.2; 表D.1及注a-c""}]",[],,,T/CSES 144-2024 7.2; 表D.1及注a-c,HARD_CONSTRAINT_CONFLICT
SRC-RAW-EDFD19AE3DB2C5C2A978,POWER,VOC,source_data_invalid,产排污系数法/煤质物料衡算法,"[{""component"": ""燃料一"", ""fuel"": ""液化天然气"", ""raw_amount"": -6496.544, ""unit"": ""吨"", ""generation_use"": 1386.73, ""heat_use"": 5109.814, ""amount"": -6496.544, ""sulfur"": null, ""sulfur_unit"": ""%"", ""ash"": null, ""source_row"": 145}]","[{""component"": ""燃料一"", ""factor"": 33, ""unit"": ""g/kg"", ""reference"": ""T/CSES 144-2024 7.2; 表D.1及注a-c""}]",[],,,T/CSES 144-2024 7.2; 表D.1及注a-c,HARD_CONSTRAINT_CONFLICT
SRC-RAW-EDFD19AE3DB2C5C2A978,POWER,PM10,source_data_invalid,产排污系数法/煤质物料衡算法,"[{""component"": ""燃料一"", ""fuel"": ""液化天然气"", ""raw_amount"": -6496.544, ""unit"": ""吨"", ""generation_use"": 1386.73, ""heat_use"": 5109.814, ""amount"": -6496.544, ""sulfur"": null, ""sulfur_unit"": ""%"", ""ash"": null, ""source_row"": 145}]","[{""component"": ""燃料一"", ""factor"": 0.17, ""unit"": ""g/kg"", ""reference"": ""T/CSES 144-2024 7.2; 表D.1及注a-c""}]",[],,,T/CSES 144-2024 7.2; 表D.1及注a-c,HARD_CONSTRAINT_CONFLICT
SRC-RAW-EDFD19AE3DB2C5C2A978,POWER,PM2.5,source_data_invalid,产排污系数法/煤质物料衡算法,"[{""component"": ""燃料一"", ""fuel"": ""液化天然气"", ""raw_amount"": -6496.544, ""unit"": ""吨"", ""generation_use"": 1386.73, ""heat_use"": 5109.814, ""amount"": -6496.544, ""sulfur"": null, ""sulfur_unit"": ""%"", ""ash"": null, ""source_row"": 145}]","[{""component"": ""燃料一"", ""factor"": 0.17, ""unit"": ""g/kg"", ""reference"": ""T/CSES 144-2024 7.2; 表D.1及注a-c""}]",[],,,T/CSES 144-2024 7.2; 表D.1及注a-c,HARD_CONSTRAINT_CONFLICT
SRC-RAW-EDFD19AE3DB2C5C2A978,POWER,BC,source_data_invalid,产排污系数法/煤质物料衡算法,"[{""component"": ""燃料一"", ""fuel"": ""液化天然气"", ""raw_amount"": -6496.544, ""unit"": ""吨"", ""generation_use"": 1386.73, ""heat_use"": 5109.814, ""amount"": -6496.544, ""sulfur"": null, ""sulfur_unit"": ""%"", ""ash"": null, ""source_row"": 145}]","[{""component"": ""燃料一"", ""factor"": 0.02, ""unit"": ""g/kg"", ""reference"": ""T/CSES 144-2024 7.2; 表D.1及注a-c""}]",[],,,T/CSES 144-2024 7.2; 表D.1及注a-c,HARD_CONSTRAINT_CONFLICT
SRC-RAW-EDFD19AE3DB2C5C2A978,POWER,OC,source_data_invalid,产排污系数法/煤质物料衡算法,"[{""component"": ""燃料一"", ""fuel"": ""液化天然气"", ""raw_amount"": -6496.544, ""unit"": ""吨"", ""generation_use"": 1386.73, ""heat_use"": 5109.814, ""amount"": -6496.544, ""sulfur"": null, ""sulfur_unit"": ""%"", ""ash"": null, ""source_row"": 145}]","[{""component"": ""燃料一"", ""factor"": 0.05, ""unit"": ""g/kg"", ""reference"": ""T/CSES 144-2024 7.2; 表D.1及注a-c""}]",[],,,T/CSES 144-2024 7.2; 表D.1及注a-c,HARD_CONSTRAINT_CONFLICT
SRC-RAW-EDFD19AE3DB2C5C2A978,POWER,NH3,not_involved,第7章核算范围,[],[],[],,,T/CSES 144-2024第7章、表D.1；未列NH3，未将缺省范围解释为零排放,OUTSIDE_CHAPTER7_POLLUTANT_SCOPE
SRC-RAW-730DB3353BFFB25FE637,POWER,SO2,calculated,产排污系数法/煤质物料衡算法,"[{""component"": ""燃料一"", ""fuel"": ""液化天然气"", ""raw_amount"": 4005.505, ""unit"": ""吨"", ""generation_use"": 855.002, ""heat_use"": 3150.503, ""amount"": 4005.505, ""sulfur"": null, ""sulfur_unit"": ""%"", ""ash"": null, ""source_row"": 146}]","[{""component"": ""燃料一"", ""factor"": 0, ""unit"": ""g/kg"", ""reference"": ""T/CSES 144-2024 7.2; 表D.1及注a-c""}]",[],0.0,0,T/CSES 144-2024 7.2; 表D.1及注a-c,
SRC-RAW-730DB3353BFFB25FE637,POWER,NOx,information_insufficient,产排污系数法/煤质物料衡算法,"[{""component"": ""燃料一"", ""fuel"": ""液化天然气"", ""raw_amount"": 4005.505, ""unit"": ""吨"", ""generation_use"": 855.002, ""heat_use"": 3150.503, ""amount"": 4005.505, ""sulfur"": null, ""sulfur_unit"": ""%"", ""ash"": null, ""source_row"": 146}]","[{""component"": ""燃料一"", ""factor"": 3.74, ""unit"": ""g/kg"", ""reference"": ""T/CSES 144-2024 7.2; 表D.1及注a-c""}]",[],14.980588700000002,,T/CSES 144-2024 7.2; 表D.1及注a-c,SOURCE_RELATION_MISSING
SRC-RAW-730DB3353BFFB25FE637,POWER,CO,calculated,产排污系数法/煤质物料衡算法,"[{""component"": ""燃料一"", ""fuel"": ""液化天然气"", ""raw_amount"": 4005.505, ""unit"": ""吨"", ""generation_use"": 855.002, ""heat_use"": 3150.503, ""amount"": 4005.505, ""sulfur"": null, ""sulfur_unit"": ""%"", ""ash"": null, ""source_row"": 146}]","[{""component"": ""燃料一"", ""factor"": 0.36, ""unit"": ""g/kg"", ""reference"": ""T/CSES 144-2024 7.2; 表D.1及注a-c""}]","[{""component"": ""燃烧源治理"", ""efficiency"": 0, ""reference"": ""表A.1燃烧源控制措施VOCs为0；CO按表D.1""}]",1.4419818,1.4419818,T/CSES 144-2024 7.2; 表D.1及注a-c,
SRC-RAW-730DB3353BFFB25FE637,POWER,VOC,calculated,产排污系数法/煤质物料衡算法,"[{""component"": ""燃料一"", ""fuel"": ""液化天然气"", ""raw_amount"": 4005.505, ""unit"": ""吨"", ""generation_use"": 855.002, ""heat_use"": 3150.503, ""amount"": 4005.505, ""sulfur"": null, ""sulfur_unit"": ""%"", ""ash"": null, ""source_row"": 146}]","[{""component"": ""燃料一"", ""factor"": 33, ""unit"": ""g/kg"", ""reference"": ""T/CSES 144-2024 7.2; 表D.1及注a-c""}]","[{""component"": ""燃烧源治理"", ""efficiency"": 0, ""reference"": ""表A.1燃烧源控制措施VOCs为0；CO按表D.1""}]",132.181665,132.181665,T/CSES 144-2024 7.2; 表D.1及注a-c,
SRC-RAW-730DB3353BFFB25FE637,POWER,PM10,information_insufficient,产排污系数法/煤质物料衡算法,"[{""component"": ""燃料一"", ""fuel"": ""液化天然气"", ""raw_amount"": 4005.505, ""unit"": ""吨"", ""generation_use"": 855.002, ""heat_use"": 3150.503, ""amount"": 4005.505, ""sulfur"": null, ""sulfur_unit"": ""%"", ""ash"": null, ""source_row"": 146}]","[{""component"": ""燃料一"", ""factor"": 0.17, ""unit"": ""g/kg"", ""reference"": ""T/CSES 144-2024 7.2; 表D.1及注a-c""}]",[],0.6809358500000001,,T/CSES 144-2024 7.2; 表D.1及注a-c,SOURCE_RELATION_MISSING
SRC-RAW-730DB3353BFFB25FE637,POWER,PM2.5,information_insufficient,产排污系数法/煤质物料衡算法,"[{""component"": ""燃料一"", ""fuel"": ""液化天然气"", ""raw_amount"": 4005.505, ""unit"": ""吨"", ""generation_use"": 855.002, ""heat_use"": 3150.503, ""amount"": 4005.505, ""sulfur"": null, ""sulfur_unit"": ""%"", ""ash"": null, ""source_row"": 146}]","[{""component"": ""燃料一"", ""factor"": 0.17, ""unit"": ""g/kg"", ""reference"": ""T/CSES 144-2024 7.2; 表D.1及注a-c""}]",[],0.6809358500000001,,T/CSES 144-2024 7.2; 表D.1及注a-c,SOURCE_RELATION_MISSING
SRC-RAW-730DB3353BFFB25FE637,POWER,BC,information_insufficient,产排污系数法/煤质物料衡算法,"[{""component"": ""燃料一"", ""fuel"": ""液化天然气"", ""raw_amount"": 4005.505, ""unit"": ""吨"", ""generation_use"": 855.002, ""heat_use"": 3150.503, ""amount"": 4005.505, ""sulfur"": null, ""sulfur_unit"": ""%"", ""ash"": null, ""source_row"": 146}]","[{""component"": ""燃料一"", ""factor"": 0.02, ""unit"": ""g/kg"", ""reference"": ""T/CSES 144-2024 7.2; 表D.1及注a-c""}]",[],0.0801101,,T/CSES 144-2024 7.2; 表D.1及注a-c,SOURCE_RELATION_MISSING
SRC-RAW-730DB3353BFFB25FE637,POWER,OC,information_insufficient,产排污系数法/煤质物料衡算法,"[{""component"": ""燃料一"", ""fuel"": ""液化天然气"", ""raw_amount"": 4005.505, ""unit"": ""吨"", ""generation_use"": 855.002, ""heat_use"": 3150.503, ""amount"": 4005.505, ""sulfur"": null, ""sulfur_unit"": ""%"", ""ash"": null, ""source_row"": 146}]","[{""component"": ""燃料一"", ""factor"": 0.05, ""unit"": ""g/kg"", ""reference"": ""T/CSES 144-2024 7.2; 表D.1及注a-c""}]",[],0.20027525000000004,,T/CSES 144-2024 7.2; 表D.1及注a-c,SOURCE_RELATION_MISSING
SRC-RAW-730DB3353BFFB25FE637,POWER,NH3,not_involved,第7章核算范围,[],[],[],,,T/CSES 144-2024第7章、表D.1；未列NH3，未将缺省范围解释为零排放,OUTSIDE_CHAPTER7_POLLUTANT_SCOPE
SRC-RAW-1B39BD9ABE4A6CC6FCE8,POWER,SO2,source_data_invalid,产排污系数法/煤质物料衡算法,"[{""component"": ""燃料一"", ""fuel"": ""天然气"", ""raw_amount"": -21.11, ""unit"": ""万立方米"", ""generation_use"": 0.0, ""heat_use"": 21.11, ""amount"": -21.11, ""sulfur"": ""0.300"", ""sulfur_unit"": ""毫克/立方米"", ""ash"": ""0.00"", ""source_row"": 157}]","[{""component"": ""燃料一"", ""factor"": 0, ""unit"": ""g/m3"", ""reference"": ""T/CSES 144-2024 7.2; 表D.1及注a-c""}]",[],,,T/CSES 144-2024 7.2; 表D.1及注a-c,HARD_CONSTRAINT_CONFLICT
SRC-RAW-1B39BD9ABE4A6CC6FCE8,POWER,NOx,source_data_invalid,产排污系数法/煤质物料衡算法,"[{""component"": ""燃料一"", ""fuel"": ""天然气"", ""raw_amount"": -21.11, ""unit"": ""万立方米"", ""generation_use"": 0.0, ""heat_use"": 21.11, ""amount"": -21.11, ""sulfur"": ""0.300"", ""sulfur_unit"": ""毫克/立方米"", ""ash"": ""0.00"", ""source_row"": 157}]","[{""component"": ""燃料一"", ""factor"": 4.1, ""unit"": ""g/m3"", ""reference"": ""T/CSES 144-2024 7.2; 表D.1及注a-c""}]",[],,,T/CSES 144-2024 7.2; 表D.1及注a-c,HARD_CONSTRAINT_CONFLICT
SRC-RAW-1B39BD9ABE4A6CC6FCE8,POWER,CO,source_data_invalid,产排污系数法/煤质物料衡算法,"[{""component"": ""燃料一"", ""fuel"": ""天然气"", ""raw_amount"": -21.11, ""unit"": ""万立方米"", ""generation_use"": 0.0, ""heat_use"": 21.11, ""amount"": -21.11, ""sulfur"": ""0.300"", ""sulfur_unit"": ""毫克/立方米"", ""ash"": ""0.00"", ""source_row"": 157}]","[{""component"": ""燃料一"", ""factor"": 1.3, ""unit"": ""g/m3"", ""reference"": ""T/CSES 144-2024 7.2; 表D.1及注a-c""}]",[],,,T/CSES 144-2024 7.2; 表D.1及注a-c,HARD_CONSTRAINT_CONFLICT
SRC-RAW-1B39BD9ABE4A6CC6FCE8,POWER,VOC,source_data_invalid,产排污系数法/煤质物料衡算法,"[{""component"": ""燃料一"", ""fuel"": ""天然气"", ""raw_amount"": -21.11, ""unit"": ""万立方米"", ""generation_use"": 0.0, ""heat_use"": 21.11, ""amount"": -21.11, ""sulfur"": ""0.300"", ""sulfur_unit"": ""毫克/立方米"", ""ash"": ""0.00"", ""source_row"": 157}]","[{""component"": ""燃料一"", ""factor"": 0.02, ""unit"": ""g/m3"", ""reference"": ""T/CSES 144-2024 7.2; 表D.1及注a-c""}]",[],,,T/CSES 144-2024 7.2; 表D.1及注a-c,HARD_CONSTRAINT_CONFLICT
SRC-RAW-1B39BD9ABE4A6CC6FCE8,POWER,PM10,source_data_invalid,产排污系数法/煤质物料衡算法,"[{""component"": ""燃料一"", ""fuel"": ""天然气"", ""raw_amount"": -21.11, ""unit"": ""万立方米"", ""generation_use"": 0.0, ""heat_use"": 21.11, ""amount"": -21.11, ""sulfur"": ""0.300"", ""sulfur_unit"": ""毫克/立方米"", ""ash"": ""0.00"", ""source_row"": 157}]","[{""component"": ""燃料一"", ""factor"": 0.03, ""unit"": ""g/m3"", ""reference"": ""T/CSES 144-2024 7.2; 表D.1及注a-c""}]",[],,,T/CSES 144-2024 7.2; 表D.1及注a-c,HARD_CONSTRAINT_CONFLICT
SRC-RAW-1B39BD9ABE4A6CC6FCE8,POWER,PM2.5,source_data_invalid,产排污系数法/煤质物料衡算法,"[{""component"": ""燃料一"", ""fuel"": ""天然气"", ""raw_amount"": -21.11, ""unit"": ""万立方米"", ""generation_use"": 0.0, ""heat_use"": 21.11, ""amount"": -21.11, ""sulfur"": ""0.300"", ""sulfur_unit"": ""毫克/立方米"", ""ash"": ""0.00"", ""source_row"": 157}]","[{""component"": ""燃料一"", ""factor"": 0.03, ""unit"": ""g/m3"", ""reference"": ""T/CSES 144-2024 7.2; 表D.1及注a-c""}]",[],,,T/CSES 144-2024 7.2; 表D.1及注a-c,HARD_CONSTRAINT_CONFLICT
SRC-RAW-1B39BD9ABE4A6CC6FCE8,POWER,BC,source_data_invalid,产排污系数法/煤质物料衡算法,"[{""component"": ""燃料一"", ""fuel"": ""天然气"", ""raw_amount"": -21.11, ""unit"": ""万立方米"", ""generation_use"": 0.0, ""heat_use"": 21.11, ""amount"": -21.11, ""sulfur"": ""0.300"", ""sulfur_unit"": ""毫克/立方米"", ""ash"": ""0.00"", ""source_row"": 157}]","[{""component"": ""燃料一"", ""factor"": 0, ""unit"": ""g/m3"", ""reference"": ""T/CSES 144-2024 7.2; 表D.1及注a-c""}]",[],,,T/CSES 144-2024 7.2; 表D.1及注a-c,HARD_CONSTRAINT_CONFLICT
SRC-RAW-1B39BD9ABE4A6CC6FCE8,POWER,OC,source_data_invalid,产排污系数法/煤质物料衡算法,"[{""component"": ""燃料一"", ""fuel"": ""天然气"", ""raw_amount"": -21.11, ""unit"": ""万立方米"", ""generation_use"": 0.0, ""heat_use"": 21.11, ""amount"": -21.11, ""sulfur"": ""0.300"", ""sulfur_unit"": ""毫克/立方米"", ""ash"": ""0.00"", ""source_row"": 157}]","[{""component"": ""燃料一"", ""factor"": 0, ""unit"": ""g/m3"", ""reference"": ""T/CSES 144-2024 7.2; 表D.1及注a-c""}]",[],,,T/CSES 144-2024 7.2; 表D.1及注a-c,HARD_CONSTRAINT_CONFLICT
SRC-RAW-1B39BD9ABE4A6CC6FCE8,POWER,NH3,not_involved,第7章核算范围,[],[],[],,,T/CSES 144-2024第7章、表D.1；未列NH3，未将缺省范围解释为零排放,OUTSIDE_CHAPTER7_POLLUTANT_SCOPE
SRC-RAW-22605CA85E03A3F25500,POWER,SO2,calculated,产排污系数法/煤质物料衡算法,"[{""component"": ""燃料一"", ""fuel"": ""天然气"", ""raw_amount"": 70.0, ""unit"": ""万立方米"", ""generation_use"": 0.0, ""heat_use"": 70.0, ""amount"": 70.0, ""sulfur"": ""0.141"", ""sulfur_unit"": ""毫克/立方米"", ""ash"": null, ""source_row"": 164}]","[{""component"": ""燃料一"", ""factor"": 0, ""unit"": ""g/m3"", ""reference"": ""T/CSES 144-2024 7.2; 表D.1及注a-c""}]",[],0.0,0,T/CSES 144-2024 7.2; 表D.1及注a-c,
SRC-RAW-22605CA85E03A3F25500,POWER,NOx,information_insufficient,产排污系数法/煤质物料衡算法,"[{""component"": ""燃料一"", ""fuel"": ""天然气"", ""raw_amount"": 70.0, ""unit"": ""万立方米"", ""generation_use"": 0.0, ""heat_use"": 70.0, ""amount"": 70.0, ""sulfur"": ""0.141"", ""sulfur_unit"": ""毫克/立方米"", ""ash"": null, ""source_row"": 164}]","[{""component"": ""燃料一"", ""factor"": 4.1, ""unit"": ""g/m3"", ""reference"": ""T/CSES 144-2024 7.2; 表D.1及注a-c""}]",[],2.87,,T/CSES 144-2024 7.2; 表D.1及注a-c,SOURCE_RELATION_MISSING
SRC-RAW-22605CA85E03A3F25500,POWER,CO,calculated,产排污系数法/煤质物料衡算法,"[{""component"": ""燃料一"", ""fuel"": ""天然气"", ""raw_amount"": 70.0, ""unit"": ""万立方米"", ""generation_use"": 0.0, ""heat_use"": 70.0, ""amount"": 70.0, ""sulfur"": ""0.141"", ""sulfur_unit"": ""毫克/立方米"", ""ash"": null, ""source_row"": 164}]","[{""component"": ""燃料一"", ""factor"": 1.3, ""unit"": ""g/m3"", ""reference"": ""T/CSES 144-2024 7.2; 表D.1及注a-c""}]","[{""component"": ""燃烧源治理"", ""efficiency"": 0, ""reference"": ""表A.1燃烧源控制措施VOCs为0；CO按表D.1""}]",0.91,0.91,T/CSES 144-2024 7.2; 表D.1及注a-c,
SRC-RAW-22605CA85E03A3F25500,POWER,VOC,calculated,产排污系数法/煤质物料衡算法,"[{""component"": ""燃料一"", ""fuel"": ""天然气"", ""raw_amount"": 70.0, ""unit"": ""万立方米"", ""generation_use"": 0.0, ""heat_use"": 70.0, ""amount"": 70.0, ""sulfur"": ""0.141"", ""sulfur_unit"": ""毫克/立方米"", ""ash"": null, ""source_row"": 164}]","[{""component"": ""燃料一"", ""factor"": 0.02, ""unit"": ""g/m3"", ""reference"": ""T/CSES 144-2024 7.2; 表D.1及注a-c""}]","[{""component"": ""燃烧源治理"", ""efficiency"": 0, ""reference"": ""表A.1燃烧源控制措施VOCs为0；CO按表D.1""}]",0.014000000000000002,0.014000000000000002,T/CSES 144-2024 7.2; 表D.1及注a-c,
SRC-RAW-22605CA85E03A3F25500,POWER,PM10,information_insufficient,产排污系数法/煤质物料衡算法,"[{""component"": ""燃料一"", ""fuel"": ""天然气"", ""raw_amount"": 70.0, ""unit"": ""万立方米"", ""generation_use"": 0.0, ""heat_use"": 70.0, ""amount"": 70.0, ""sulfur"": ""0.141"", ""sulfur_unit"": ""毫克/立方米"", ""ash"": null, ""source_row"": 164}]","[{""component"": ""燃料一"", ""factor"": 0.03, ""unit"": ""g/m3"", ""reference"": ""T/CSES 144-2024 7.2; 表D.1及注a-c""}]",[],0.021,,T/CSES 144-2024 7.2; 表D.1及注a-c,SOURCE_RELATION_MISSING
SRC-RAW-22605CA85E03A3F25500,POWER,PM2.5,information_insufficient,产排污系数法/煤质物料衡算法,"[{""component"": ""燃料一"", ""fuel"": ""天然气"", ""raw_amount"": 70.0, ""unit"": ""万立方米"", ""generation_use"": 0.0, ""heat_use"": 70.0, ""amount"": 70.0, ""sulfur"": ""0.141"", ""sulfur_unit"": ""毫克/立方米"", ""ash"": null, ""source_row"": 164}]","[{""component"": ""燃料一"", ""factor"": 0.03, ""unit"": ""g/m3"", ""reference"": ""T/CSES 144-2024 7.2; 表D.1及注a-c""}]",[],0.021,,T/CSES 144-2024 7.2; 表D.1及注a-c,SOURCE_RELATION_MISSING
SRC-RAW-22605CA85E03A3F25500,POWER,BC,calculated,产排污系数法/煤质物料衡算法,"[{""component"": ""燃料一"", ""fuel"": ""天然气"", ""raw_amount"": 70.0, ""unit"": ""万立方米"", ""generation_use"": 0.0, ""heat_use"": 70.0, ""amount"": 70.0, ""sulfur"": ""0.141"", ""sulfur_unit"": ""毫克/立方米"", ""ash"": null, ""source_row"": 164}]","[{""component"": ""燃料一"", ""factor"": 0, ""unit"": ""g/m3"", ""reference"": ""T/CSES 144-2024 7.2; 表D.1及注a-c""}]",[],0.0,0,T/CSES 144-2024 7.2; 表D.1及注a-c,
SRC-RAW-22605CA85E03A3F25500,POWER,OC,calculated,产排污系数法/煤质物料衡算法,"[{""component"": ""燃料一"", ""fuel"": ""天然气"", ""raw_amount"": 70.0, ""unit"": ""万立方米"", ""generation_use"": 0.0, ""heat_use"": 70.0, ""amount"": 70.0, ""sulfur"": ""0.141"", ""sulfur_unit"": ""毫克/立方米"", ""ash"": null, ""source_row"": 164}]","[{""component"": ""燃料一"", ""factor"": 0, ""unit"": ""g/m3"", ""reference"": ""T/CSES 144-2024 7.2; 表D.1及注a-c""}]",[],0.0,0,T/CSES 144-2024 7.2; 表D.1及注a-c,
SRC-RAW-22605CA85E03A3F25500,POWER,NH3,not_involved,第7章核算范围,[],[],[],,,T/CSES 144-2024第7章、表D.1；未列NH3，未将缺省范围解释为零排放,OUTSIDE_CHAPTER7_POLLUTANT_SCOPE
SRC-RAW-3203977F5D5270B760BF,POWER,SO2,information_insufficient,产排污系数法/煤质物料衡算法,"[{""component"": ""燃料一"", ""fuel"": ""原煤"", ""raw_amount"": 529200.0, ""unit"": ""吨"", ""generation_use"": 303100.0, ""heat_use"": 226100.0, ""amount"": 529200.0, ""sulfur"": ""0.820"", ""sulfur_unit"": ""%"", ""ash"": null, ""source_row"": 166}]","[{""component"": ""燃料一"", ""factor"": 13.939999999999998, ""unit"": ""g/kg"", ""reference"": ""式(3)、表C.1；S按质量分数；sr=0.15；g/kg""}]",[],7377.047999999999,,式(3)、表C.1；S按质量分数；sr=0.15；g/kg,SOURCE_RELATION_MISSING
SRC-RAW-3203977F5D5270B760BF,POWER,NOx,information_insufficient,产排污系数法/煤质物料衡算法,"[{""component"": ""燃料一"", ""fuel"": ""原煤"", ""raw_amount"": 529200.0, ""unit"": ""吨"", ""generation_use"": 303100.0, ""heat_use"": 226100.0, ""amount"": 529200.0, ""sulfur"": ""0.820"", ""sulfur_unit"": ""%"", ""ash"": null, ""source_row"": 166}]","[{""component"": ""燃料一"", ""factor"": 8.19, ""unit"": ""g/kg"", ""reference"": ""T/CSES 144-2024 7.2; 表D.1及注a-c；万千瓦×10=MW""}]",[],4334.148,,T/CSES 144-2024 7.2; 表D.1及注a-c；万千瓦×10=MW,SOURCE_RELATION_MISSING
SRC-RAW-3203977F5D5270B760BF,POWER,CO,calculated,产排污系数法/煤质物料衡算法,"[{""component"": ""燃料一"", ""fuel"": ""原煤"", ""raw_amount"": 529200.0, ""unit"": ""吨"", ""generation_use"": 303100.0, ""heat_use"": 226100.0, ""amount"": 529200.0, ""sulfur"": ""0.820"", ""sulfur_unit"": ""%"", ""ash"": null, ""source_row"": 166}]","[{""component"": ""燃料一"", ""factor"": 2, ""unit"": ""g/kg"", ""reference"": ""T/CSES 144-2024 7.2; 表D.1及注a-c""}]","[{""component"": ""燃烧源治理"", ""efficiency"": 0, ""reference"": ""表A.1燃烧源控制措施VOCs为0；CO按表D.1""}]",1058.4,1058.4,T/CSES 144-2024 7.2; 表D.1及注a-c,
SRC-RAW-3203977F5D5270B760BF,POWER,VOC,calculated,产排污系数法/煤质物料衡算法,"[{""component"": ""燃料一"", ""fuel"": ""原煤"", ""raw_amount"": 529200.0, ""unit"": ""吨"", ""generation_use"": 303100.0, ""heat_use"": 226100.0, ""amount"": 529200.0, ""sulfur"": ""0.820"", ""sulfur_unit"": ""%"", ""ash"": null, ""source_row"": 166}]","[{""component"": ""燃料一"", ""factor"": 0.04, ""unit"": ""g/kg"", ""reference"": ""T/CSES 144-2024 7.2; 表D.1及注a-c""}]","[{""component"": ""燃烧源治理"", ""efficiency"": 0, ""reference"": ""表A.1燃烧源控制措施VOCs为0；CO按表D.1""}]",21.168,21.168,T/CSES 144-2024 7.2; 表D.1及注a-c,
SRC-RAW-3203977F5D5270B760BF,POWER,PM10,information_insufficient,产排污系数法/煤质物料衡算法,"[{""component"": ""燃料一"", ""fuel"": ""原煤"", ""raw_amount"": 529200.0, ""unit"": ""吨"", ""generation_use"": 303100.0, ""heat_use"": 226100.0, ""amount"": 529200.0, ""sulfur"": ""0.820"", ""sulfur_unit"": ""%"", ""ash"": null, ""source_row"": 166}]","[{""component"": ""燃料一"", ""factor"": null, ""unit"": ""g/kg"", ""reference"": ""式(4)-(6)、表C.1-C.3；收到基灰分缺失""}]",[],,,式(4)-(6)、表C.1-C.3；收到基灰分缺失,POLLUTANT_PARAMETER_MISSING
SRC-RAW-3203977F5D5270B760BF,POWER,PM2.5,information_insufficient,产排污系数法/煤质物料衡算法,"[{""component"": ""燃料一"", ""fuel"": ""原煤"", ""raw_amount"": 529200.0, ""unit"": ""吨"", ""generation_use"": 303100.0, ""heat_use"": 226100.0, ""amount"": 529200.0, ""sulfur"": ""0.820"", ""sulfur_unit"": ""%"", ""ash"": null, ""source_row"": 166}]","[{""component"": ""燃料一"", ""factor"": null, ""unit"": ""g/kg"", ""reference"": ""式(4)-(6)、表C.1-C.3；收到基灰分缺失""}]",[],,,式(4)-(6)、表C.1-C.3；收到基灰分缺失,POLLUTANT_PARAMETER_MISSING
SRC-RAW-3203977F5D5270B760BF,POWER,BC,information_insufficient,产排污系数法/煤质物料衡算法,"[{""component"": ""燃料一"", ""fuel"": ""原煤"", ""raw_amount"": 529200.0, ""unit"": ""吨"", ""generation_use"": 303100.0, ""heat_use"": 226100.0, ""amount"": 529200.0, ""sulfur"": ""0.820"", ""sulfur_unit"": ""%"", ""ash"": null, ""source_row"": 166}]","[{""component"": ""燃料一"", ""factor"": null, ""unit"": ""g/kg"", ""reference"": ""式(4)-(6)、表C.1-C.3；收到基灰分缺失""}]",[],,,式(4)-(6)、表C.1-C.3；收到基灰分缺失,POLLUTANT_PARAMETER_MISSING
SRC-RAW-3203977F5D5270B760BF,POWER,OC,calculated,产排污系数法/煤质物料衡算法,"[{""component"": ""燃料一"", ""fuel"": ""原煤"", ""raw_amount"": 529200.0, ""unit"": ""吨"", ""generation_use"": 303100.0, ""heat_use"": 226100.0, ""amount"": 529200.0, ""sulfur"": ""0.820"", ""sulfur_unit"": ""%"", ""ash"": null, ""source_row"": 166}]","[{""component"": ""燃料一"", ""factor"": 0, ""unit"": ""g/kg"", ""reference"": ""式(6)、表C.3；电力生产/热力生产和供应OC占比=0""}]",[],0.0,0,式(6)、表C.3；电力生产/热力生产和供应OC占比=0,
SRC-RAW-3203977F5D5270B760BF,POWER,NH3,not_involved,第7章核算范围,[],[],[],,,T/CSES 144-2024第7章、表D.1；未列NH3，未将缺省范围解释为零排放,OUTSIDE_CHAPTER7_POLLUTANT_SCOPE
SRC-RAW-E2673803482D4F76F5EC,POWER,SO2,information_insufficient,产排污系数法/煤质物料衡算法,"[{""component"": ""燃料一"", ""fuel"": ""原煤"", ""raw_amount"": null, ""unit"": ""吨"", ""generation_use"": 365400.0, ""heat_use"": 138300.0, ""amount"": 503700.0, ""sulfur"": ""0.840"", ""sulfur_unit"": ""%"", ""ash"": ""19.62"", ""source_row"": 167, ""derivation"": ""同单位发电消耗量+供热消耗量，指南7.2.1.2活动水平定义""}]","[{""component"": ""燃料一"", ""factor"": 14.28, ""unit"": ""g/kg"", ""reference"": ""式(3)、表C.1；S按质量分数；sr=0.15；g/kg""}]",[],7192.836,,式(3)、表C.1；S按质量分数；sr=0.15；g/kg,SOURCE_RELATION_MISSING
SRC-RAW-E2673803482D4F76F5EC,POWER,NOx,information_insufficient,产排污系数法/煤质物料衡算法,"[{""component"": ""燃料一"", ""fuel"": ""原煤"", ""raw_amount"": null, ""unit"": ""吨"", ""generation_use"": 365400.0, ""heat_use"": 138300.0, ""amount"": 503700.0, ""sulfur"": ""0.840"", ""sulfur_unit"": ""%"", ""ash"": ""19.62"", ""source_row"": 167, ""derivation"": ""同单位发电消耗量+供热消耗量，指南7.2.1.2活动水平定义""}]","[{""component"": ""燃料一"", ""factor"": 8.19, ""unit"": ""g/kg"", ""reference"": ""T/CSES 144-2024 7.2; 表D.1及注a-c；万千瓦×10=MW""}]",[],4125.303,,T/CSES 144-2024 7.2; 表D.1及注a-c；万千瓦×10=MW,SOURCE_RELATION_MISSING
SRC-RAW-E2673803482D4F76F5EC,POWER,CO,calculated,产排污系数法/煤质物料衡算法,"[{""component"": ""燃料一"", ""fuel"": ""原煤"", ""raw_amount"": null, ""unit"": ""吨"", ""generation_use"": 365400.0, ""heat_use"": 138300.0, ""amount"": 503700.0, ""sulfur"": ""0.840"", ""sulfur_unit"": ""%"", ""ash"": ""19.62"", ""source_row"": 167, ""derivation"": ""同单位发电消耗量+供热消耗量，指南7.2.1.2活动水平定义""}]","[{""component"": ""燃料一"", ""factor"": 2, ""unit"": ""g/kg"", ""reference"": ""T/CSES 144-2024 7.2; 表D.1及注a-c""}]","[{""component"": ""燃烧源治理"", ""efficiency"": 0, ""reference"": ""表A.1燃烧源控制措施VOCs为0；CO按表D.1""}]",1007.4,1007.4,T/CSES 144-2024 7.2; 表D.1及注a-c,
SRC-RAW-E2673803482D4F76F5EC,POWER,VOC,calculated,产排污系数法/煤质物料衡算法,"[{""component"": ""燃料一"", ""fuel"": ""原煤"", ""raw_amount"": null, ""unit"": ""吨"", ""generation_use"": 365400.0, ""heat_use"": 138300.0, ""amount"": 503700.0, ""sulfur"": ""0.840"", ""sulfur_unit"": ""%"", ""ash"": ""19.62"", ""source_row"": 167, ""derivation"": ""同单位发电消耗量+供热消耗量，指南7.2.1.2活动水平定义""}]","[{""component"": ""燃料一"", ""factor"": 0.04, ""unit"": ""g/kg"", ""reference"": ""T/CSES 144-2024 7.2; 表D.1及注a-c""}]","[{""component"": ""燃烧源治理"", ""efficiency"": 0, ""reference"": ""表A.1燃烧源控制措施VOCs为0；CO按表D.1""}]",20.148,20.148,T/CSES 144-2024 7.2; 表D.1及注a-c,
SRC-RAW-E2673803482D4F76F5EC,POWER,PM10,information_insufficient,产排污系数法/煤质物料衡算法,"[{""component"": ""燃料一"", ""fuel"": ""原煤"", ""raw_amount"": null, ""unit"": ""吨"", ""generation_use"": 365400.0, ""heat_use"": 138300.0, ""amount"": 503700.0, ""sulfur"": ""0.840"", ""sulfur_unit"": ""%"", ""ash"": ""19.62"", ""source_row"": 167, ""derivation"": ""同单位发电消耗量+供热消耗量，指南7.2.1.2活动水平定义""}]","[{""component"": ""燃料一"", ""factor"": 31.862880000000004, ""unit"": ""g/kg"", ""reference"": ""式(4)-(6)、表C.1-C.3；灰分质量分数；g/kg""}]",[],16049.332656000002,,式(4)-(6)、表C.1-C.3；灰分质量分数；g/kg,SOURCE_RELATION_MISSING
SRC-RAW-E2673803482D4F76F5EC,POWER,PM2.5,information_insufficient,产排污系数法/煤质物料衡算法,"[{""component"": ""燃料一"", ""fuel"": ""原煤"", ""raw_amount"": null, ""unit"": ""吨"", ""generation_use"": 365400.0, ""heat_use"": 138300.0, ""amount"": 503700.0, ""sulfur"": ""0.840"", ""sulfur_unit"": ""%"", ""ash"": ""19.62"", ""source_row"": 167, ""derivation"": ""同单位发电消耗量+供热消耗量，指南7.2.1.2活动水平定义""}]","[{""component"": ""燃料一"", ""factor"": 7.691040000000001, ""unit"": ""g/kg"", ""reference"": ""式(4)-(6)、表C.1-C.3；灰分质量分数；g/kg""}]",[],3873.9768480000007,,式(4)-(6)、表C.1-C.3；灰分质量分数；g/kg,SOURCE_RELATION_MISSING
SRC-RAW-E2673803482D4F76F5EC,POWER,BC,information_insufficient,产排污系数法/煤质物料衡算法,"[{""component"": ""燃料一"", ""fuel"": ""原煤"", ""raw_amount"": null, ""unit"": ""吨"", ""generation_use"": 365400.0, ""heat_use"": 138300.0, ""amount"": 503700.0, ""sulfur"": ""0.840"", ""sulfur_unit"": ""%"", ""ash"": ""19.62"", ""source_row"": 167, ""derivation"": ""同单位发电消耗量+供热消耗量，指南7.2.1.2活动水平定义""}]","[{""component"": ""燃料一"", ""factor"": 0.015382080000000001, ""unit"": ""g/kg"", ""reference"": ""式(4)-(6)、表C.1-C.3；灰分质量分数；g/kg""}]",[],7.747953696000001,,式(4)-(6)、表C.1-C.3；灰分质量分数；g/kg,SOURCE_RELATION_MISSING
SRC-RAW-E2673803482D4F76F5EC,POWER,OC,calculated,产排污系数法/煤质物料衡算法,"[{""component"": ""燃料一"", ""fuel"": ""原煤"", ""raw_amount"": null, ""unit"": ""吨"", ""generation_use"": 365400.0, ""heat_use"": 138300.0, ""amount"": 503700.0, ""sulfur"": ""0.840"", ""sulfur_unit"": ""%"", ""ash"": ""19.62"", ""source_row"": 167, ""derivation"": ""同单位发电消耗量+供热消耗量，指南7.2.1.2活动水平定义""}]","[{""component"": ""燃料一"", ""factor"": 0, ""unit"": ""g/kg"", ""reference"": ""式(6)、表C.3；电力生产/热力生产和供应OC占比=0""}]",[],0.0,0,式(6)、表C.3；电力生产/热力生产和供应OC占比=0,
SRC-RAW-E2673803482D4F76F5EC,POWER,NH3,not_involved,第7章核算范围,[],[],[],,,T/CSES 144-2024第7章、表D.1；未列NH3，未将缺省范围解释为零排放,OUTSIDE_CHAPTER7_POLLUTANT_SCOPE
SRC-RAW-C31AC3A1AA390A1FBEB2,POWER,SO2,information_insufficient,产排污系数法/煤质物料衡算法,"[{""component"": ""燃料一"", ""fuel"": ""原煤"", ""raw_amount"": null, ""unit"": ""吨"", ""generation_use"": 445000.0, ""heat_use"": 1900.0, ""amount"": 446900.0, ""sulfur"": ""0.700"", ""sulfur_unit"": ""%"", ""ash"": ""19.44"", ""source_row"": 168, ""derivation"": ""同单位发电消耗量+供热消耗量，指南7.2.1.2活动水平定义""}]","[{""component"": ""燃料一"", ""factor"": 11.899999999999999, ""unit"": ""g/kg"", ""reference"": ""式(3)、表C.1；S按质量分数；sr=0.15；g/kg""}]",[],5318.109999999999,,式(3)、表C.1；S按质量分数；sr=0.15；g/kg,SOURCE_RELATION_MISSING
SRC-RAW-C31AC3A1AA390A1FBEB2,POWER,NOx,information_insufficient,产排污系数法/煤质物料衡算法,"[{""component"": ""燃料一"", ""fuel"": ""原煤"", ""raw_amount"": null, ""unit"": ""吨"", ""generation_use"": 445000.0, ""heat_use"": 1900.0, ""amount"": 446900.0, ""sulfur"": ""0.700"", ""sulfur_unit"": ""%"", ""ash"": ""19.44"", ""source_row"": 168, ""derivation"": ""同单位发电消耗量+供热消耗量，指南7.2.1.2活动水平定义""}]","[{""component"": ""燃料一"", ""factor"": 7.21, ""unit"": ""g/kg"", ""reference"": ""T/CSES 144-2024 7.2; 表D.1及注a-c；万千瓦×10=MW""}]",[],3222.149,,T/CSES 144-2024 7.2; 表D.1及注a-c；万千瓦×10=MW,SOURCE_RELATION_MISSING
SRC-RAW-C31AC3A1AA390A1FBEB2,POWER,CO,calculated,产排污系数法/煤质物料衡算法,"[{""component"": ""燃料一"", ""fuel"": ""原煤"", ""raw_amount"": null, ""unit"": ""吨"", ""generation_use"": 445000.0, ""heat_use"": 1900.0, ""amount"": 446900.0, ""sulfur"": ""0.700"", ""sulfur_unit"": ""%"", ""ash"": ""19.44"", ""source_row"": 168, ""derivation"": ""同单位发电消耗量+供热消耗量，指南7.2.1.2活动水平定义""}]","[{""component"": ""燃料一"", ""factor"": 2, ""unit"": ""g/kg"", ""reference"": ""T/CSES 144-2024 7.2; 表D.1及注a-c""}]","[{""component"": ""燃烧源治理"", ""efficiency"": 0, ""reference"": ""表A.1燃烧源控制措施VOCs为0；CO按表D.1""}]",893.8000000000001,893.8000000000001,T/CSES 144-2024 7.2; 表D.1及注a-c,
SRC-RAW-C31AC3A1AA390A1FBEB2,POWER,VOC,calculated,产排污系数法/煤质物料衡算法,"[{""component"": ""燃料一"", ""fuel"": ""原煤"", ""raw_amount"": null, ""unit"": ""吨"", ""generation_use"": 445000.0, ""heat_use"": 1900.0, ""amount"": 446900.0, ""sulfur"": ""0.700"", ""sulfur_unit"": ""%"", ""ash"": ""19.44"", ""source_row"": 168, ""derivation"": ""同单位发电消耗量+供热消耗量，指南7.2.1.2活动水平定义""}]","[{""component"": ""燃料一"", ""factor"": 0.04, ""unit"": ""g/kg"", ""reference"": ""T/CSES 144-2024 7.2; 表D.1及注a-c""}]","[{""component"": ""燃烧源治理"", ""efficiency"": 0, ""reference"": ""表A.1燃烧源控制措施VOCs为0；CO按表D.1""}]",17.876,17.876,T/CSES 144-2024 7.2; 表D.1及注a-c,
SRC-RAW-C31AC3A1AA390A1FBEB2,POWER,PM10,information_insufficient,产排污系数法/煤质物料衡算法,"[{""component"": ""燃料一"", ""fuel"": ""原煤"", ""raw_amount"": null, ""unit"": ""吨"", ""generation_use"": 445000.0, ""heat_use"": 1900.0, ""amount"": 446900.0, ""sulfur"": ""0.700"", ""sulfur_unit"": ""%"", ""ash"": ""19.44"", ""source_row"": 168, ""derivation"": ""同单位发电消耗量+供热消耗量，指南7.2.1.2活动水平定义""}]","[{""component"": ""燃料一"", ""factor"": 33.534, ""unit"": ""g/kg"", ""reference"": ""式(4)-(6)、表C.1-C.3；灰分质量分数；g/kg""}]",[],14986.3446,,式(4)-(6)、表C.1-C.3；灰分质量分数；g/kg,SOURCE_RELATION_MISSING
SRC-RAW-C31AC3A1AA390A1FBEB2,POWER,PM2.5,information_insufficient,产排污系数法/煤质物料衡算法,"[{""component"": ""燃料一"", ""fuel"": ""原煤"", ""raw_amount"": null, ""unit"": ""吨"", ""generation_use"": 445000.0, ""heat_use"": 1900.0, ""amount"": 446900.0, ""sulfur"": ""0.700"", ""sulfur_unit"": ""%"", ""ash"": ""19.44"", ""source_row"": 168, ""derivation"": ""同单位发电消耗量+供热消耗量，指南7.2.1.2活动水平定义""}]","[{""component"": ""燃料一"", ""factor"": 8.748000000000001, ""unit"": ""g/kg"", ""reference"": ""式(4)-(6)、表C.1-C.3；灰分质量分数；g/kg""}]",[],3909.4812000000006,,式(4)-(6)、表C.1-C.3；灰分质量分数；g/kg,SOURCE_RELATION_MISSING
SRC-RAW-C31AC3A1AA390A1FBEB2,POWER,BC,information_insufficient,产排污系数法/煤质物料衡算法,"[{""component"": ""燃料一"", ""fuel"": ""原煤"", ""raw_amount"": null, ""unit"": ""吨"", ""generation_use"": 445000.0, ""heat_use"": 1900.0, ""amount"": 446900.0, ""sulfur"": ""0.700"", ""sulfur_unit"": ""%"", ""ash"": ""19.44"", ""source_row"": 168, ""derivation"": ""同单位发电消耗量+供热消耗量，指南7.2.1.2活动水平定义""}]","[{""component"": ""燃料一"", ""factor"": 0.017496, ""unit"": ""g/kg"", ""reference"": ""式(4)-(6)、表C.1-C.3；灰分质量分数；g/kg""}]",[],7.8189624,,式(4)-(6)、表C.1-C.3；灰分质量分数；g/kg,SOURCE_RELATION_MISSING
SRC-RAW-C31AC3A1AA390A1FBEB2,POWER,OC,calculated,产排污系数法/煤质物料衡算法,"[{""component"": ""燃料一"", ""fuel"": ""原煤"", ""raw_amount"": null, ""unit"": ""吨"", ""generation_use"": 445000.0, ""heat_use"": 1900.0, ""amount"": 446900.0, ""sulfur"": ""0.700"", ""sulfur_unit"": ""%"", ""ash"": ""19.44"", ""source_row"": 168, ""derivation"": ""同单位发电消耗量+供热消耗量，指南7.2.1.2活动水平定义""}]","[{""component"": ""燃料一"", ""factor"": 0, ""unit"": ""g/kg"", ""reference"": ""式(6)、表C.3；电力生产/热力生产和供应OC占比=0""}]",[],0.0,0,式(6)、表C.3；电力生产/热力生产和供应OC占比=0,
SRC-RAW-C31AC3A1AA390A1FBEB2,POWER,NH3,not_involved,第7章核算范围,[],[],[],,,T/CSES 144-2024第7章、表D.1；未列NH3，未将缺省范围解释为零排放,OUTSIDE_CHAPTER7_POLLUTANT_SCOPE
SRC-RAW-BFD53C684A1E68C0BAD5,POWER,SO2,information_insufficient,产排污系数法/煤质物料衡算法,"[{""component"": ""燃料一"", ""fuel"": ""原煤"", ""raw_amount"": 21767.681, ""unit"": ""吨"", ""generation_use"": 16650.0, ""heat_use"": 5117.681, ""amount"": 21767.681, ""sulfur"": ""0.620"", ""sulfur_unit"": ""%"", ""ash"": null, ""source_row"": 171}]","[{""component"": ""燃料一"", ""factor"": 10.54, ""unit"": ""g/kg"", ""reference"": ""式(3)、表C.1；S按质量分数；sr=0.15；g/kg""}]",[],229.43135773999998,,式(3)、表C.1；S按质量分数；sr=0.15；g/kg,SOURCE_RELATION_MISSING
SRC-RAW-BFD53C684A1E68C0BAD5,POWER,NOx,information_insufficient,产排污系数法/煤质物料衡算法,"[{""component"": ""燃料一"", ""fuel"": ""原煤"", ""raw_amount"": 21767.681, ""unit"": ""吨"", ""generation_use"": 16650.0, ""heat_use"": 5117.681, ""amount"": 21767.681, ""sulfur"": ""0.620"", ""sulfur_unit"": ""%"", ""ash"": null, ""source_row"": 171}]","[{""component"": ""燃料一"", ""factor"": 8.96, ""unit"": ""g/kg"", ""reference"": ""T/CSES 144-2024 7.2; 表D.1及注a-c；万千瓦×10=MW""}]",[],195.03842176000003,,T/CSES 144-2024 7.2; 表D.1及注a-c；万千瓦×10=MW,SOURCE_RELATION_MISSING
SRC-RAW-BFD53C684A1E68C0BAD5,POWER,CO,calculated,产排污系数法/煤质物料衡算法,"[{""component"": ""燃料一"", ""fuel"": ""原煤"", ""raw_amount"": 21767.681, ""unit"": ""吨"", ""generation_use"": 16650.0, ""heat_use"": 5117.681, ""amount"": 21767.681, ""sulfur"": ""0.620"", ""sulfur_unit"": ""%"", ""ash"": null, ""source_row"": 171}]","[{""component"": ""燃料一"", ""factor"": 2, ""unit"": ""g/kg"", ""reference"": ""T/CSES 144-2024 7.2; 表D.1及注a-c""}]","[{""component"": ""燃烧源治理"", ""efficiency"": 0, ""reference"": ""表A.1燃烧源控制措施VOCs为0；CO按表D.1""}]",43.535362,43.535362,T/CSES 144-2024 7.2; 表D.1及注a-c,
SRC-RAW-BFD53C684A1E68C0BAD5,POWER,VOC,calculated,产排污系数法/煤质物料衡算法,"[{""component"": ""燃料一"", ""fuel"": ""原煤"", ""raw_amount"": 21767.681, ""unit"": ""吨"", ""generation_use"": 16650.0, ""heat_use"": 5117.681, ""amount"": 21767.681, ""sulfur"": ""0.620"", ""sulfur_unit"": ""%"", ""ash"": null, ""source_row"": 171}]","[{""component"": ""燃料一"", ""factor"": 0.04, ""unit"": ""g/kg"", ""reference"": ""T/CSES 144-2024 7.2; 表D.1及注a-c""}]","[{""component"": ""燃烧源治理"", ""efficiency"": 0, ""reference"": ""表A.1燃烧源控制措施VOCs为0；CO按表D.1""}]",0.8707072400000001,0.8707072400000001,T/CSES 144-2024 7.2; 表D.1及注a-c,
SRC-RAW-BFD53C684A1E68C0BAD5,POWER,PM10,information_insufficient,产排污系数法/煤质物料衡算法,"[{""component"": ""燃料一"", ""fuel"": ""原煤"", ""raw_amount"": 21767.681, ""unit"": ""吨"", ""generation_use"": 16650.0, ""heat_use"": 5117.681, ""amount"": 21767.681, ""sulfur"": ""0.620"", ""sulfur_unit"": ""%"", ""ash"": null, ""source_row"": 171}]","[{""component"": ""燃料一"", ""factor"": null, ""unit"": ""g/kg"", ""reference"": ""式(4)-(6)、表C.1-C.3；收到基灰分缺失""}]",[],,,式(4)-(6)、表C.1-C.3；收到基灰分缺失,POLLUTANT_PARAMETER_MISSING
SRC-RAW-BFD53C684A1E68C0BAD5,POWER,PM2.5,information_insufficient,产排污系数法/煤质物料衡算法,"[{""component"": ""燃料一"", ""fuel"": ""原煤"", ""raw_amount"": 21767.681, ""unit"": ""吨"", ""generation_use"": 16650.0, ""heat_use"": 5117.681, ""amount"": 21767.681, ""sulfur"": ""0.620"", ""sulfur_unit"": ""%"", ""ash"": null, ""source_row"": 171}]","[{""component"": ""燃料一"", ""factor"": null, ""unit"": ""g/kg"", ""reference"": ""式(4)-(6)、表C.1-C.3；收到基灰分缺失""}]",[],,,式(4)-(6)、表C.1-C.3；收到基灰分缺失,POLLUTANT_PARAMETER_MISSING
SRC-RAW-BFD53C684A1E68C0BAD5,POWER,BC,information_insufficient,产排污系数法/煤质物料衡算法,"[{""component"": ""燃料一"", ""fuel"": ""原煤"", ""raw_amount"": 21767.681, ""unit"": ""吨"", ""generation_use"": 16650.0, ""heat_use"": 5117.681, ""amount"": 21767.681, ""sulfur"": ""0.620"", ""sulfur_unit"": ""%"", ""ash"": null, ""source_row"": 171}]","[{""component"": ""燃料一"", ""factor"": null, ""unit"": ""g/kg"", ""reference"": ""式(4)-(6)、表C.1-C.3；收到基灰分缺失""}]",[],,,式(4)-(6)、表C.1-C.3；收到基灰分缺失,POLLUTANT_PARAMETER_MISSING
SRC-RAW-BFD53C684A1E68C0BAD5,POWER,OC,calculated,产排污系数法/煤质物料衡算法,"[{""component"": ""燃料一"", ""fuel"": ""原煤"", ""raw_amount"": 21767.681, ""unit"": ""吨"", ""generation_use"": 16650.0, ""heat_use"": 5117.681, ""amount"": 21767.681, ""sulfur"": ""0.620"", ""sulfur_unit"": ""%"", ""ash"": null, ""source_row"": 171}]","[{""component"": ""燃料一"", ""factor"": 0, ""unit"": ""g/kg"", ""reference"": ""式(6)、表C.3；电力生产/热力生产和供应OC占比=0""}]",[],0.0,0,式(6)、表C.3；电力生产/热力生产和供应OC占比=0,
SRC-RAW-BFD53C684A1E68C0BAD5,POWER,NH3,not_involved,第7章核算范围,[],[],[],,,T/CSES 144-2024第7章、表D.1；未列NH3，未将缺省范围解释为零排放,OUTSIDE_CHAPTER7_POLLUTANT_SCOPE
SRC-RAW-F4362B1F0DD113F7107D,POWER,SO2,information_insufficient,产排污系数法/煤质物料衡算法,"[{""component"": ""燃料一"", ""fuel"": ""原煤"", ""raw_amount"": 1454017.63, ""unit"": ""吨"", ""generation_use"": 1454017.63, ""heat_use"": 0.0, ""amount"": 1454017.63, ""sulfur"": ""0.450"", ""sulfur_unit"": ""%"", ""ash"": ""14.28"", ""source_row"": 172}]","[{""component"": ""燃料一"", ""factor"": 7.65, ""unit"": ""g/kg"", ""reference"": ""式(3)、表C.1；S按质量分数；sr=0.15；g/kg""}]",[],11123.2348695,,式(3)、表C.1；S按质量分数；sr=0.15；g/kg,SOURCE_RELATION_MISSING
SRC-RAW-F4362B1F0DD113F7107D,POWER,NOx,information_insufficient,产排污系数法/煤质物料衡算法,"[{""component"": ""燃料一"", ""fuel"": ""原煤"", ""raw_amount"": 1454017.63, ""unit"": ""吨"", ""generation_use"": 1454017.63, ""heat_use"": 0.0, ""amount"": 1454017.63, ""sulfur"": ""0.450"", ""sulfur_unit"": ""%"", ""ash"": ""14.28"", ""source_row"": 172}]","[{""component"": ""燃料一"", ""factor"": 7.21, ""unit"": ""g/kg"", ""reference"": ""T/CSES 144-2024 7.2; 表D.1及注a-c；万千瓦×10=MW""}]",[],10483.467112299999,,T/CSES 144-2024 7.2; 表D.1及注a-c；万千瓦×10=MW,SOURCE_RELATION_MISSING
SRC-RAW-F4362B1F0DD113F7107D,POWER,CO,calculated,产排污系数法/煤质物料衡算法,"[{""component"": ""燃料一"", ""fuel"": ""原煤"", ""raw_amount"": 1454017.63, ""unit"": ""吨"", ""generation_use"": 1454017.63, ""heat_use"": 0.0, ""amount"": 1454017.63, ""sulfur"": ""0.450"", ""sulfur_unit"": ""%"", ""ash"": ""14.28"", ""source_row"": 172}]","[{""component"": ""燃料一"", ""factor"": 2, ""unit"": ""g/kg"", ""reference"": ""T/CSES 144-2024 7.2; 表D.1及注a-c""}]","[{""component"": ""燃烧源治理"", ""efficiency"": 0, ""reference"": ""表A.1燃烧源控制措施VOCs为0；CO按表D.1""}]",2908.0352599999997,2908.0352599999997,T/CSES 144-2024 7.2; 表D.1及注a-c,
SRC-RAW-F4362B1F0DD113F7107D,POWER,VOC,calculated,产排污系数法/煤质物料衡算法,"[{""component"": ""燃料一"", ""fuel"": ""原煤"", ""raw_amount"": 1454017.63, ""unit"": ""吨"", ""generation_use"": 1454017.63, ""heat_use"": 0.0, ""amount"": 1454017.63, ""sulfur"": ""0.450"", ""sulfur_unit"": ""%"", ""ash"": ""14.28"", ""source_row"": 172}]","[{""component"": ""燃料一"", ""factor"": 0.04, ""unit"": ""g/kg"", ""reference"": ""T/CSES 144-2024 7.2; 表D.1及注a-c""}]","[{""component"": ""燃烧源治理"", ""efficiency"": 0, ""reference"": ""表A.1燃烧源控制措施VOCs为0；CO按表D.1""}]",58.160705199999995,58.160705199999995,T/CSES 144-2024 7.2; 表D.1及注a-c,
SRC-RAW-F4362B1F0DD113F7107D,POWER,PM10,information_insufficient,产排污系数法/煤质物料衡算法,"[{""component"": ""燃料一"", ""fuel"": ""原煤"", ""raw_amount"": 1454017.63, ""unit"": ""吨"", ""generation_use"": 1454017.63, ""heat_use"": 0.0, ""amount"": 1454017.63, ""sulfur"": ""0.450"", ""sulfur_unit"": ""%"", ""ash"": ""14.28"", ""source_row"": 172}]","[{""component"": ""燃料一"", ""factor"": 24.633, ""unit"": ""g/kg"", ""reference"": ""式(4)-(6)、表C.1-C.3；灰分质量分数；g/kg""}]",[],35816.81627979,,式(4)-(6)、表C.1-C.3；灰分质量分数；g/kg,SOURCE_RELATION_MISSING
SRC-RAW-F4362B1F0DD113F7107D,POWER,PM2.5,information_insufficient,产排污系数法/煤质物料衡算法,"[{""component"": ""燃料一"", ""fuel"": ""原煤"", ""raw_amount"": 1454017.63, ""unit"": ""吨"", ""generation_use"": 1454017.63, ""heat_use"": 0.0, ""amount"": 1454017.63, ""sulfur"": ""0.450"", ""sulfur_unit"": ""%"", ""ash"": ""14.28"", ""source_row"": 172}]","[{""component"": ""燃料一"", ""factor"": 6.425999999999998, ""unit"": ""g/kg"", ""reference"": ""式(4)-(6)、表C.1-C.3；灰分质量分数；g/kg""}]",[],9343.517290379998,,式(4)-(6)、表C.1-C.3；灰分质量分数；g/kg,SOURCE_RELATION_MISSING
SRC-RAW-F4362B1F0DD113F7107D,POWER,BC,information_insufficient,产排污系数法/煤质物料衡算法,"[{""component"": ""燃料一"", ""fuel"": ""原煤"", ""raw_amount"": 1454017.63, ""unit"": ""吨"", ""generation_use"": 1454017.63, ""heat_use"": 0.0, ""amount"": 1454017.63, ""sulfur"": ""0.450"", ""sulfur_unit"": ""%"", ""ash"": ""14.28"", ""source_row"": 172}]","[{""component"": ""燃料一"", ""factor"": 0.012851999999999997, ""unit"": ""g/kg"", ""reference"": ""式(4)-(6)、表C.1-C.3；灰分质量分数；g/kg""}]",[],18.687034580759995,,式(4)-(6)、表C.1-C.3；灰分质量分数；g/kg,SOURCE_RELATION_MISSING
SRC-RAW-F4362B1F0DD113F7107D,POWER,OC,calculated,产排污系数法/煤质物料衡算法,"[{""component"": ""燃料一"", ""fuel"": ""原煤"", ""raw_amount"": 1454017.63, ""unit"": ""吨"", ""generation_use"": 1454017.63, ""heat_use"": 0.0, ""amount"": 1454017.63, ""sulfur"": ""0.450"", ""sulfur_unit"": ""%"", ""ash"": ""14.28"", ""source_row"": 172}]","[{""component"": ""燃料一"", ""factor"": 0, ""unit"": ""g/kg"", ""reference"": ""式(6)、表C.3；电力生产/热力生产和供应OC占比=0""}]",[],0.0,0,式(6)、表C.3；电力生产/热力生产和供应OC占比=0,
SRC-RAW-F4362B1F0DD113F7107D,POWER,NH3,not_involved,第7章核算范围,[],[],[],,,T/CSES 144-2024第7章、表D.1；未列NH3，未将缺省范围解释为零排放,OUTSIDE_CHAPTER7_POLLUTANT_SCOPE
SRC-RAW-FD6EF161EFDABABAC119,POWER,SO2,information_insufficient,产排污系数法/煤质物料衡算法,"[{""component"": ""燃料一"", ""fuel"": ""原煤"", ""raw_amount"": 1472561.66, ""unit"": ""吨"", ""generation_use"": 1472561.66, ""heat_use"": 0.0, ""amount"": 1472561.66, ""sulfur"": ""0.450"", ""sulfur_unit"": ""%"", ""ash"": ""14.28"", ""source_row"": 173}]","[{""component"": ""燃料一"", ""factor"": 7.65, ""unit"": ""g/kg"", ""reference"": ""式(3)、表C.1；S按质量分数；sr=0.15；g/kg""}]",[],11265.096699,,式(3)、表C.1；S按质量分数；sr=0.15；g/kg,SOURCE_RELATION_MISSING
SRC-RAW-FD6EF161EFDABABAC119,POWER,NOx,information_insufficient,产排污系数法/煤质物料衡算法,"[{""component"": ""燃料一"", ""fuel"": ""原煤"", ""raw_amount"": 1472561.66, ""unit"": ""吨"", ""generation_use"": 1472561.66, ""heat_use"": 0.0, ""amount"": 1472561.66, ""sulfur"": ""0.450"", ""sulfur_unit"": ""%"", ""ash"": ""14.28"", ""source_row"": 173}]","[{""component"": ""燃料一"", ""factor"": 7.21, ""unit"": ""g/kg"", ""reference"": ""T/CSES 144-2024 7.2; 表D.1及注a-c；万千瓦×10=MW""}]",[],10617.169568599998,,T/CSES 144-2024 7.2; 表D.1及注a-c；万千瓦×10=MW,SOURCE_RELATION_MISSING
SRC-RAW-FD6EF161EFDABABAC119,POWER,CO,calculated,产排污系数法/煤质物料衡算法,"[{""component"": ""燃料一"", ""fuel"": ""原煤"", ""raw_amount"": 1472561.66, ""unit"": ""吨"", ""generation_use"": 1472561.66, ""heat_use"": 0.0, ""amount"": 1472561.66, ""sulfur"": ""0.450"", ""sulfur_unit"": ""%"", ""ash"": ""14.28"", ""source_row"": 173}]","[{""component"": ""燃料一"", ""factor"": 2, ""unit"": ""g/kg"", ""reference"": ""T/CSES 144-2024 7.2; 表D.1及注a-c""}]","[{""component"": ""燃烧源治理"", ""efficiency"": 0, ""reference"": ""表A.1燃烧源控制措施VOCs为0；CO按表D.1""}]",2945.1233199999997,2945.1233199999997,T/CSES 144-2024 7.2; 表D.1及注a-c,
SRC-RAW-FD6EF161EFDABABAC119,POWER,VOC,calculated,产排污系数法/煤质物料衡算法,"[{""component"": ""燃料一"", ""fuel"": ""原煤"", ""raw_amount"": 1472561.66, ""unit"": ""吨"", ""generation_use"": 1472561.66, ""heat_use"": 0.0, ""amount"": 1472561.66, ""sulfur"": ""0.450"", ""sulfur_unit"": ""%"", ""ash"": ""14.28"", ""source_row"": 173}]","[{""component"": ""燃料一"", ""factor"": 0.04, ""unit"": ""g/kg"", ""reference"": ""T/CSES 144-2024 7.2; 表D.1及注a-c""}]","[{""component"": ""燃烧源治理"", ""efficiency"": 0, ""reference"": ""表A.1燃烧源控制措施VOCs为0；CO按表D.1""}]",58.9024664,58.9024664,T/CSES 144-2024 7.2; 表D.1及注a-c,
SRC-RAW-FD6EF161EFDABABAC119,POWER,PM10,information_insufficient,产排污系数法/煤质物料衡算法,"[{""component"": ""燃料一"", ""fuel"": ""原煤"", ""raw_amount"": 1472561.66, ""unit"": ""吨"", ""generation_use"": 1472561.66, ""heat_use"": 0.0, ""amount"": 1472561.66, ""sulfur"": ""0.450"", ""sulfur_unit"": ""%"", ""ash"": ""14.28"", ""source_row"": 173}]","[{""component"": ""燃料一"", ""factor"": 24.633, ""unit"": ""g/kg"", ""reference"": ""式(4)-(6)、表C.1-C.3；灰分质量分数；g/kg""}]",[],36273.611370779996,,式(4)-(6)、表C.1-C.3；灰分质量分数；g/kg,SOURCE_RELATION_MISSING
SRC-RAW-FD6EF161EFDABABAC119,POWER,PM2.5,information_insufficient,产排污系数法/煤质物料衡算法,"[{""component"": ""燃料一"", ""fuel"": ""原煤"", ""raw_amount"": 1472561.66, ""unit"": ""吨"", ""generation_use"": 1472561.66, ""heat_use"": 0.0, ""amount"": 1472561.66, ""sulfur"": ""0.450"", ""sulfur_unit"": ""%"", ""ash"": ""14.28"", ""source_row"": 173}]","[{""component"": ""燃料一"", ""factor"": 6.425999999999998, ""unit"": ""g/kg"", ""reference"": ""式(4)-(6)、表C.1-C.3；灰分质量分数；g/kg""}]",[],9462.681227159997,,式(4)-(6)、表C.1-C.3；灰分质量分数；g/kg,SOURCE_RELATION_MISSING
SRC-RAW-FD6EF161EFDABABAC119,POWER,BC,information_insufficient,产排污系数法/煤质物料衡算法,"[{""component"": ""燃料一"", ""fuel"": ""原煤"", ""raw_amount"": 1472561.66, ""unit"": ""吨"", ""generation_use"": 1472561.66, ""heat_use"": 0.0, ""amount"": 1472561.66, ""sulfur"": ""0.450"", ""sulfur_unit"": ""%"", ""ash"": ""14.28"", ""source_row"": 173}]","[{""component"": ""燃料一"", ""factor"": 0.012851999999999997, ""unit"": ""g/kg"", ""reference"": ""式(4)-(6)、表C.1-C.3；灰分质量分数；g/kg""}]",[],18.925362454319995,,式(4)-(6)、表C.1-C.3；灰分质量分数；g/kg,SOURCE_RELATION_MISSING
SRC-RAW-FD6EF161EFDABABAC119,POWER,OC,calculated,产排污系数法/煤质物料衡算法,"[{""component"": ""燃料一"", ""fuel"": ""原煤"", ""raw_amount"": 1472561.66, ""unit"": ""吨"", ""generation_use"": 1472561.66, ""heat_use"": 0.0, ""amount"": 1472561.66, ""sulfur"": ""0.450"", ""sulfur_unit"": ""%"", ""ash"": ""14.28"", ""source_row"": 173}]","[{""component"": ""燃料一"", ""factor"": 0, ""unit"": ""g/kg"", ""reference"": ""式(6)、表C.3；电力生产/热力生产和供应OC占比=0""}]",[],0.0,0,式(6)、表C.3；电力生产/热力生产和供应OC占比=0,
SRC-RAW-FD6EF161EFDABABAC119,POWER,NH3,not_involved,第7章核算范围,[],[],[],,,T/CSES 144-2024第7章、表D.1；未列NH3，未将缺省范围解释为零排放,OUTSIDE_CHAPTER7_POLLUTANT_SCOPE
SRC-RAW-00C256E474D31C7B6CE7,POWER,SO2,source_data_invalid,产排污系数法/煤质物料衡算法,"[{""component"": ""燃料一"", ""fuel"": ""一般烟煤"", ""raw_amount"": -590169.0, ""unit"": ""吨"", ""generation_use"": 590169.0, ""heat_use"": 0.0, ""amount"": -590169.0, ""sulfur"": ""0.960"", ""sulfur_unit"": ""%"", ""ash"": ""17.49"", ""source_row"": 178}]","[{""component"": ""燃料一"", ""factor"": 16.319999999999997, ""unit"": ""g/kg"", ""reference"": ""式(3)、表C.1；S按质量分数；sr=0.15；g/kg""}]",[],,,式(3)、表C.1；S按质量分数；sr=0.15；g/kg,HARD_CONSTRAINT_CONFLICT
SRC-RAW-00C256E474D31C7B6CE7,POWER,NOx,source_data_invalid,产排污系数法/煤质物料衡算法,"[{""component"": ""燃料一"", ""fuel"": ""一般烟煤"", ""raw_amount"": -590169.0, ""unit"": ""吨"", ""generation_use"": 590169.0, ""heat_use"": 0.0, ""amount"": -590169.0, ""sulfur"": ""0.960"", ""sulfur_unit"": ""%"", ""ash"": ""17.49"", ""source_row"": 178}]","[{""component"": ""燃料一"", ""factor"": 7.21, ""unit"": ""g/kg"", ""reference"": ""T/CSES 144-2024 7.2; 表D.1及注a-c；万千瓦×10=MW""}]",[],,,T/CSES 144-2024 7.2; 表D.1及注a-c；万千瓦×10=MW,HARD_CONSTRAINT_CONFLICT
SRC-RAW-00C256E474D31C7B6CE7,POWER,CO,source_data_invalid,产排污系数法/煤质物料衡算法,"[{""component"": ""燃料一"", ""fuel"": ""一般烟煤"", ""raw_amount"": -590169.0, ""unit"": ""吨"", ""generation_use"": 590169.0, ""heat_use"": 0.0, ""amount"": -590169.0, ""sulfur"": ""0.960"", ""sulfur_unit"": ""%"", ""ash"": ""17.49"", ""source_row"": 178}]","[{""component"": ""燃料一"", ""factor"": 2, ""unit"": ""g/kg"", ""reference"": ""T/CSES 144-2024 7.2; 表D.1及注a-c""}]",[],,,T/CSES 144-2024 7.2; 表D.1及注a-c,HARD_CONSTRAINT_CONFLICT
SRC-RAW-00C256E474D31C7B6CE7,POWER,VOC,source_data_invalid,产排污系数法/煤质物料衡算法,"[{""component"": ""燃料一"", ""fuel"": ""一般烟煤"", ""raw_amount"": -590169.0, ""unit"": ""吨"", ""generation_use"": 590169.0, ""heat_use"": 0.0, ""amount"": -590169.0, ""sulfur"": ""0.960"", ""sulfur_unit"": ""%"", ""ash"": ""17.49"", ""source_row"": 178}]","[{""component"": ""燃料一"", ""factor"": 0.04, ""unit"": ""g/kg"", ""reference"": ""T/CSES 144-2024 7.2; 表D.1及注a-c""}]",[],,,T/CSES 144-2024 7.2; 表D.1及注a-c,HARD_CONSTRAINT_CONFLICT
SRC-RAW-00C256E474D31C7B6CE7,POWER,PM10,source_data_invalid,产排污系数法/煤质物料衡算法,"[{""component"": ""燃料一"", ""fuel"": ""一般烟煤"", ""raw_amount"": -590169.0, ""unit"": ""吨"", ""generation_use"": 590169.0, ""heat_use"": 0.0, ""amount"": -590169.0, ""sulfur"": ""0.960"", ""sulfur_unit"": ""%"", ""ash"": ""17.49"", ""source_row"": 178}]","[{""component"": ""燃料一"", ""factor"": 30.17025, ""unit"": ""g/kg"", ""reference"": ""式(4)-(6)、表C.1-C.3；灰分质量分数；g/kg""}]",[],,,式(4)-(6)、表C.1-C.3；灰分质量分数；g/kg,HARD_CONSTRAINT_CONFLICT
SRC-RAW-00C256E474D31C7B6CE7,POWER,PM2.5,source_data_invalid,产排污系数法/煤质物料衡算法,"[{""component"": ""燃料一"", ""fuel"": ""一般烟煤"", ""raw_amount"": -590169.0, ""unit"": ""吨"", ""generation_use"": 590169.0, ""heat_use"": 0.0, ""amount"": -590169.0, ""sulfur"": ""0.960"", ""sulfur_unit"": ""%"", ""ash"": ""17.49"", ""source_row"": 178}]","[{""component"": ""燃料一"", ""factor"": 7.870499999999999, ""unit"": ""g/kg"", ""reference"": ""式(4)-(6)、表C.1-C.3；灰分质量分数；g/kg""}]",[],,,式(4)-(6)、表C.1-C.3；灰分质量分数；g/kg,HARD_CONSTRAINT_CONFLICT
SRC-RAW-00C256E474D31C7B6CE7,POWER,BC,source_data_invalid,产排污系数法/煤质物料衡算法,"[{""component"": ""燃料一"", ""fuel"": ""一般烟煤"", ""raw_amount"": -590169.0, ""unit"": ""吨"", ""generation_use"": 590169.0, ""heat_use"": 0.0, ""amount"": -590169.0, ""sulfur"": ""0.960"", ""sulfur_unit"": ""%"", ""ash"": ""17.49"", ""source_row"": 178}]","[{""component"": ""燃料一"", ""factor"": 0.015740999999999998, ""unit"": ""g/kg"", ""reference"": ""式(4)-(6)、表C.1-C.3；灰分质量分数；g/kg""}]",[],,,式(4)-(6)、表C.1-C.3；灰分质量分数；g/kg,HARD_CONSTRAINT_CONFLICT
SRC-RAW-00C256E474D31C7B6CE7,POWER,OC,source_data_invalid,产排污系数法/煤质物料衡算法,"[{""component"": ""燃料一"", ""fuel"": ""一般烟煤"", ""raw_amount"": -590169.0, ""unit"": ""吨"", ""generation_use"": 590169.0, ""heat_use"": 0.0, ""amount"": -590169.0, ""sulfur"": ""0.960"", ""sulfur_unit"": ""%"", ""ash"": ""17.49"", ""source_row"": 178}]","[{""component"": ""燃料一"", ""factor"": 0, ""unit"": ""g/kg"", ""reference"": ""式(6)、表C.3；电力生产/热力生产和供应OC占比=0""}]",[],,,式(6)、表C.3；电力生产/热力生产和供应OC占比=0,HARD_CONSTRAINT_CONFLICT
SRC-RAW-00C256E474D31C7B6CE7,POWER,NH3,not_involved,第7章核算范围,[],[],[],,,T/CSES 144-2024第7章、表D.1；未列NH3，未将缺省范围解释为零排放,OUTSIDE_CHAPTER7_POLLUTANT_SCOPE
SRC-RAW-6811A2193F6208E866A7,POWER,SO2,information_insufficient,产排污系数法/煤质物料衡算法,"[{""component"": ""燃料一"", ""fuel"": ""一般烟煤"", ""raw_amount"": 741242.0, ""unit"": ""吨"", ""generation_use"": 741242.0, ""heat_use"": 0.0, ""amount"": 741242.0, ""sulfur"": null, ""sulfur_unit"": ""%"", ""ash"": ""17.49"", ""source_row"": 179}]","[{""component"": ""燃料一"", ""factor"": null, ""unit"": ""g/kg"", ""reference"": ""式(3)、表C.1；收到基硫分缺失""}]",[],,,式(3)、表C.1；收到基硫分缺失,POLLUTANT_PARAMETER_MISSING
SRC-RAW-6811A2193F6208E866A7,POWER,NOx,information_insufficient,产排污系数法/煤质物料衡算法,"[{""component"": ""燃料一"", ""fuel"": ""一般烟煤"", ""raw_amount"": 741242.0, ""unit"": ""吨"", ""generation_use"": 741242.0, ""heat_use"": 0.0, ""amount"": 741242.0, ""sulfur"": null, ""sulfur_unit"": ""%"", ""ash"": ""17.49"", ""source_row"": 179}]","[{""component"": ""燃料一"", ""factor"": 7.21, ""unit"": ""g/kg"", ""reference"": ""T/CSES 144-2024 7.2; 表D.1及注a-c；万千瓦×10=MW""}]",[],5344.3548200000005,,T/CSES 144-2024 7.2; 表D.1及注a-c；万千瓦×10=MW,SOURCE_RELATION_MISSING
SRC-RAW-6811A2193F6208E866A7,POWER,CO,calculated,产排污系数法/煤质物料衡算法,"[{""component"": ""燃料一"", ""fuel"": ""一般烟煤"", ""raw_amount"": 741242.0, ""unit"": ""吨"", ""generation_use"": 741242.0, ""heat_use"": 0.0, ""amount"": 741242.0, ""sulfur"": null, ""sulfur_unit"": ""%"", ""ash"": ""17.49"", ""source_row"": 179}]","[{""component"": ""燃料一"", ""factor"": 2, ""unit"": ""g/kg"", ""reference"": ""T/CSES 144-2024 7.2; 表D.1及注a-c""}]","[{""component"": ""燃烧源治理"", ""efficiency"": 0, ""reference"": ""表A.1燃烧源控制措施VOCs为0；CO按表D.1""}]",1482.484,1482.484,T/CSES 144-2024 7.2; 表D.1及注a-c,
SRC-RAW-6811A2193F6208E866A7,POWER,VOC,calculated,产排污系数法/煤质物料衡算法,"[{""component"": ""燃料一"", ""fuel"": ""一般烟煤"", ""raw_amount"": 741242.0, ""unit"": ""吨"", ""generation_use"": 741242.0, ""heat_use"": 0.0, ""amount"": 741242.0, ""sulfur"": null, ""sulfur_unit"": ""%"", ""ash"": ""17.49"", ""source_row"": 179}]","[{""component"": ""燃料一"", ""factor"": 0.04, ""unit"": ""g/kg"", ""reference"": ""T/CSES 144-2024 7.2; 表D.1及注a-c""}]","[{""component"": ""燃烧源治理"", ""efficiency"": 0, ""reference"": ""表A.1燃烧源控制措施VOCs为0；CO按表D.1""}]",29.64968,29.64968,T/CSES 144-2024 7.2; 表D.1及注a-c,
SRC-RAW-6811A2193F6208E866A7,POWER,PM10,information_insufficient,产排污系数法/煤质物料衡算法,"[{""component"": ""燃料一"", ""fuel"": ""一般烟煤"", ""raw_amount"": 741242.0, ""unit"": ""吨"", ""generation_use"": 741242.0, ""heat_use"": 0.0, ""amount"": 741242.0, ""sulfur"": null, ""sulfur_unit"": ""%"", ""ash"": ""17.49"", ""source_row"": 179}]","[{""component"": ""燃料一"", ""factor"": 30.17025, ""unit"": ""g/kg"", ""reference"": ""式(4)-(6)、表C.1-C.3；灰分质量分数；g/kg""}]",[],22363.4564505,,式(4)-(6)、表C.1-C.3；灰分质量分数；g/kg,SOURCE_RELATION_MISSING
SRC-RAW-6811A2193F6208E866A7,POWER,PM2.5,information_insufficient,产排污系数法/煤质物料衡算法,"[{""component"": ""燃料一"", ""fuel"": ""一般烟煤"", ""raw_amount"": 741242.0, ""unit"": ""吨"", ""generation_use"": 741242.0, ""heat_use"": 0.0, ""amount"": 741242.0, ""sulfur"": null, ""sulfur_unit"": ""%"", ""ash"": ""17.49"", ""source_row"": 179}]","[{""component"": ""燃料一"", ""factor"": 7.870499999999999, ""unit"": ""g/kg"", ""reference"": ""式(4)-(6)、表C.1-C.3；灰分质量分数；g/kg""}]",[],5833.945161,,式(4)-(6)、表C.1-C.3；灰分质量分数；g/kg,SOURCE_RELATION_MISSING
SRC-RAW-6811A2193F6208E866A7,POWER,BC,information_insufficient,产排污系数法/煤质物料衡算法,"[{""component"": ""燃料一"", ""fuel"": ""一般烟煤"", ""raw_amount"": 741242.0, ""unit"": ""吨"", ""generation_use"": 741242.0, ""heat_use"": 0.0, ""amount"": 741242.0, ""sulfur"": null, ""sulfur_unit"": ""%"", ""ash"": ""17.49"", ""source_row"": 179}]","[{""component"": ""燃料一"", ""factor"": 0.015740999999999998, ""unit"": ""g/kg"", ""reference"": ""式(4)-(6)、表C.1-C.3；灰分质量分数；g/kg""}]",[],11.667890322,,式(4)-(6)、表C.1-C.3；灰分质量分数；g/kg,SOURCE_RELATION_MISSING
SRC-RAW-6811A2193F6208E866A7,POWER,OC,calculated,产排污系数法/煤质物料衡算法,"[{""component"": ""燃料一"", ""fuel"": ""一般烟煤"", ""raw_amount"": 741242.0, ""unit"": ""吨"", ""generation_use"": 741242.0, ""heat_use"": 0.0, ""amount"": 741242.0, ""sulfur"": null, ""sulfur_unit"": ""%"", ""ash"": ""17.49"", ""source_row"": 179}]","[{""component"": ""燃料一"", ""factor"": 0, ""unit"": ""g/kg"", ""reference"": ""式(6)、表C.3；电力生产/热力生产和供应OC占比=0""}]",[],0.0,0,式(6)、表C.3；电力生产/热力生产和供应OC占比=0,
SRC-RAW-6811A2193F6208E866A7,POWER,NH3,not_involved,第7章核算范围,[],[],[],,,T/CSES 144-2024第7章、表D.1；未列NH3，未将缺省范围解释为零排放,OUTSIDE_CHAPTER7_POLLUTANT_SCOPE
SRC-RAW-0543F60FDC1976D763BF,POWER,SO2,information_insufficient,产排污系数法/煤质物料衡算法,"[{""component"": ""燃料一"", ""fuel"": ""一般烟煤"", ""raw_amount"": 721441.0, ""unit"": ""吨"", ""generation_use"": 721441.0, ""heat_use"": 0.0, ""amount"": 721441.0, ""sulfur"": ""0.960"", ""sulfur_unit"": ""%"", ""ash"": ""17.49"", ""source_row"": 180}]","[{""component"": ""燃料一"", ""factor"": 16.319999999999997, ""unit"": ""g/kg"", ""reference"": ""式(3)、表C.1；S按质量分数；sr=0.15；g/kg""}]",[],11773.917119999998,,式(3)、表C.1；S按质量分数；sr=0.15；g/kg,SOURCE_RELATION_MISSING
SRC-RAW-0543F60FDC1976D763BF,POWER,NOx,information_insufficient,产排污系数法/煤质物料衡算法,"[{""component"": ""燃料一"", ""fuel"": ""一般烟煤"", ""raw_amount"": 721441.0, ""unit"": ""吨"", ""generation_use"": 721441.0, ""heat_use"": 0.0, ""amount"": 721441.0, ""sulfur"": ""0.960"", ""sulfur_unit"": ""%"", ""ash"": ""17.49"", ""source_row"": 180}]","[{""component"": ""燃料一"", ""factor"": 7.21, ""unit"": ""g/kg"", ""reference"": ""T/CSES 144-2024 7.2; 表D.1及注a-c；万千瓦×10=MW""}]",[],5201.58961,,T/CSES 144-2024 7.2; 表D.1及注a-c；万千瓦×10=MW,SOURCE_RELATION_MISSING
SRC-RAW-0543F60FDC1976D763BF,POWER,CO,calculated,产排污系数法/煤质物料衡算法,"[{""component"": ""燃料一"", ""fuel"": ""一般烟煤"", ""raw_amount"": 721441.0, ""unit"": ""吨"", ""generation_use"": 721441.0, ""heat_use"": 0.0, ""amount"": 721441.0, ""sulfur"": ""0.960"", ""sulfur_unit"": ""%"", ""ash"": ""17.49"", ""source_row"": 180}]","[{""component"": ""燃料一"", ""factor"": 2, ""unit"": ""g/kg"", ""reference"": ""T/CSES 144-2024 7.2; 表D.1及注a-c""}]","[{""component"": ""燃烧源治理"", ""efficiency"": 0, ""reference"": ""表A.1燃烧源控制措施VOCs为0；CO按表D.1""}]",1442.882,1442.882,T/CSES 144-2024 7.2; 表D.1及注a-c,
SRC-RAW-0543F60FDC1976D763BF,POWER,VOC,calculated,产排污系数法/煤质物料衡算法,"[{""component"": ""燃料一"", ""fuel"": ""一般烟煤"", ""raw_amount"": 721441.0, ""unit"": ""吨"", ""generation_use"": 721441.0, ""heat_use"": 0.0, ""amount"": 721441.0, ""sulfur"": ""0.960"", ""sulfur_unit"": ""%"", ""ash"": ""17.49"", ""source_row"": 180}]","[{""component"": ""燃料一"", ""factor"": 0.04, ""unit"": ""g/kg"", ""reference"": ""T/CSES 144-2024 7.2; 表D.1及注a-c""}]","[{""component"": ""燃烧源治理"", ""efficiency"": 0, ""reference"": ""表A.1燃烧源控制措施VOCs为0；CO按表D.1""}]",28.85764,28.85764,T/CSES 144-2024 7.2; 表D.1及注a-c,
SRC-RAW-0543F60FDC1976D763BF,POWER,PM10,information_insufficient,产排污系数法/煤质物料衡算法,"[{""component"": ""燃料一"", ""fuel"": ""一般烟煤"", ""raw_amount"": 721441.0, ""unit"": ""吨"", ""generation_use"": 721441.0, ""heat_use"": 0.0, ""amount"": 721441.0, ""sulfur"": ""0.960"", ""sulfur_unit"": ""%"", ""ash"": ""17.49"", ""source_row"": 180}]","[{""component"": ""燃料一"", ""factor"": 30.17025, ""unit"": ""g/kg"", ""reference"": ""式(4)-(6)、表C.1-C.3；灰分质量分数；g/kg""}]",[],21766.055330249997,,式(4)-(6)、表C.1-C.3；灰分质量分数；g/kg,SOURCE_RELATION_MISSING
SRC-RAW-0543F60FDC1976D763BF,POWER,PM2.5,information_insufficient,产排污系数法/煤质物料衡算法,"[{""component"": ""燃料一"", ""fuel"": ""一般烟煤"", ""raw_amount"": 721441.0, ""unit"": ""吨"", ""generation_use"": 721441.0, ""heat_use"": 0.0, ""amount"": 721441.0, ""sulfur"": ""0.960"", ""sulfur_unit"": ""%"", ""ash"": ""17.49"", ""source_row"": 180}]","[{""component"": ""燃料一"", ""factor"": 7.870499999999999, ""unit"": ""g/kg"", ""reference"": ""式(4)-(6)、表C.1-C.3；灰分质量分数；g/kg""}]",[],5678.101390499999,,式(4)-(6)、表C.1-C.3；灰分质量分数；g/kg,SOURCE_RELATION_MISSING
SRC-RAW-0543F60FDC1976D763BF,POWER,BC,information_insufficient,产排污系数法/煤质物料衡算法,"[{""component"": ""燃料一"", ""fuel"": ""一般烟煤"", ""raw_amount"": 721441.0, ""unit"": ""吨"", ""generation_use"": 721441.0, ""heat_use"": 0.0, ""amount"": 721441.0, ""sulfur"": ""0.960"", ""sulfur_unit"": ""%"", ""ash"": ""17.49"", ""source_row"": 180}]","[{""component"": ""燃料一"", ""factor"": 0.015740999999999998, ""unit"": ""g/kg"", ""reference"": ""式(4)-(6)、表C.1-C.3；灰分质量分数；g/kg""}]",[],11.356202780999999,,式(4)-(6)、表C.1-C.3；灰分质量分数；g/kg,SOURCE_RELATION_MISSING
SRC-RAW-0543F60FDC1976D763BF,POWER,OC,calculated,产排污系数法/煤质物料衡算法,"[{""component"": ""燃料一"", ""fuel"": ""一般烟煤"", ""raw_amount"": 721441.0, ""unit"": ""吨"", ""generation_use"": 721441.0, ""heat_use"": 0.0, ""amount"": 721441.0, ""sulfur"": ""0.960"", ""sulfur_unit"": ""%"", ""ash"": ""17.49"", ""source_row"": 180}]","[{""component"": ""燃料一"", ""factor"": 0, ""unit"": ""g/kg"", ""reference"": ""式(6)、表C.3；电力生产/热力生产和供应OC占比=0""}]",[],0.0,0,式(6)、表C.3；电力生产/热力生产和供应OC占比=0,
SRC-RAW-0543F60FDC1976D763BF,POWER,NH3,not_involved,第7章核算范围,[],[],[],,,T/CSES 144-2024第7章、表D.1；未列NH3，未将缺省范围解释为零排放,OUTSIDE_CHAPTER7_POLLUTANT_SCOPE
SRC-RAW-59D25E06FBF47F3798DD,POWER,SO2,source_data_invalid,产排污系数法/煤质物料衡算法,"[{""component"": ""燃料一"", ""fuel"": ""原煤"", ""raw_amount"": -931784.0, ""unit"": ""吨"", ""generation_use"": 931784.0, ""heat_use"": 0.0, ""amount"": -931784.0, ""sulfur"": ""1.020"", ""sulfur_unit"": ""%"", ""ash"": ""19.40"", ""source_row"": 181}]","[{""component"": ""燃料一"", ""factor"": 17.34, ""unit"": ""g/kg"", ""reference"": ""式(3)、表C.1；S按质量分数；sr=0.15；g/kg""}]",[],,,式(3)、表C.1；S按质量分数；sr=0.15；g/kg,HARD_CONSTRAINT_CONFLICT
SRC-RAW-59D25E06FBF47F3798DD,POWER,NOx,source_data_invalid,产排污系数法/煤质物料衡算法,"[{""component"": ""燃料一"", ""fuel"": ""原煤"", ""raw_amount"": -931784.0, ""unit"": ""吨"", ""generation_use"": 931784.0, ""heat_use"": 0.0, ""amount"": -931784.0, ""sulfur"": ""1.020"", ""sulfur_unit"": ""%"", ""ash"": ""19.40"", ""source_row"": 181}]","[{""component"": ""燃料一"", ""factor"": 7.21, ""unit"": ""g/kg"", ""reference"": ""T/CSES 144-2024 7.2; 表D.1及注a-c；万千瓦×10=MW""}]",[],,,T/CSES 144-2024 7.2; 表D.1及注a-c；万千瓦×10=MW,HARD_CONSTRAINT_CONFLICT
SRC-RAW-59D25E06FBF47F3798DD,POWER,CO,source_data_invalid,产排污系数法/煤质物料衡算法,"[{""component"": ""燃料一"", ""fuel"": ""原煤"", ""raw_amount"": -931784.0, ""unit"": ""吨"", ""generation_use"": 931784.0, ""heat_use"": 0.0, ""amount"": -931784.0, ""sulfur"": ""1.020"", ""sulfur_unit"": ""%"", ""ash"": ""19.40"", ""source_row"": 181}]","[{""component"": ""燃料一"", ""factor"": 2, ""unit"": ""g/kg"", ""reference"": ""T/CSES 144-2024 7.2; 表D.1及注a-c""}]",[],,,T/CSES 144-2024 7.2; 表D.1及注a-c,HARD_CONSTRAINT_CONFLICT
SRC-RAW-59D25E06FBF47F3798DD,POWER,VOC,source_data_invalid,产排污系数法/煤质物料衡算法,"[{""component"": ""燃料一"", ""fuel"": ""原煤"", ""raw_amount"": -931784.0, ""unit"": ""吨"", ""generation_use"": 931784.0, ""heat_use"": 0.0, ""amount"": -931784.0, ""sulfur"": ""1.020"", ""sulfur_unit"": ""%"", ""ash"": ""19.40"", ""source_row"": 181}]","[{""component"": ""燃料一"", ""factor"": 0.04, ""unit"": ""g/kg"", ""reference"": ""T/CSES 144-2024 7.2; 表D.1及注a-c""}]",[],,,T/CSES 144-2024 7.2; 表D.1及注a-c,HARD_CONSTRAINT_CONFLICT
SRC-RAW-59D25E06FBF47F3798DD,POWER,PM10,source_data_invalid,产排污系数法/煤质物料衡算法,"[{""component"": ""燃料一"", ""fuel"": ""原煤"", ""raw_amount"": -931784.0, ""unit"": ""吨"", ""generation_use"": 931784.0, ""heat_use"": 0.0, ""amount"": -931784.0, ""sulfur"": ""1.020"", ""sulfur_unit"": ""%"", ""ash"": ""19.40"", ""source_row"": 181}]","[{""component"": ""燃料一"", ""factor"": 33.465, ""unit"": ""g/kg"", ""reference"": ""式(4)-(6)、表C.1-C.3；灰分质量分数；g/kg""}]",[],,,式(4)-(6)、表C.1-C.3；灰分质量分数；g/kg,HARD_CONSTRAINT_CONFLICT
SRC-RAW-59D25E06FBF47F3798DD,POWER,PM2.5,source_data_invalid,产排污系数法/煤质物料衡算法,"[{""component"": ""燃料一"", ""fuel"": ""原煤"", ""raw_amount"": -931784.0, ""unit"": ""吨"", ""generation_use"": 931784.0, ""heat_use"": 0.0, ""amount"": -931784.0, ""sulfur"": ""1.020"", ""sulfur_unit"": ""%"", ""ash"": ""19.40"", ""source_row"": 181}]","[{""component"": ""燃料一"", ""factor"": 8.73, ""unit"": ""g/kg"", ""reference"": ""式(4)-(6)、表C.1-C.3；灰分质量分数；g/kg""}]",[],,,式(4)-(6)、表C.1-C.3；灰分质量分数；g/kg,HARD_CONSTRAINT_CONFLICT
SRC-RAW-59D25E06FBF47F3798DD,POWER,BC,source_data_invalid,产排污系数法/煤质物料衡算法,"[{""component"": ""燃料一"", ""fuel"": ""原煤"", ""raw_amount"": -931784.0, ""unit"": ""吨"", ""generation_use"": 931784.0, ""heat_use"": 0.0, ""amount"": -931784.0, ""sulfur"": ""1.020"", ""sulfur_unit"": ""%"", ""ash"": ""19.40"", ""source_row"": 181}]","[{""component"": ""燃料一"", ""factor"": 0.01746, ""unit"": ""g/kg"", ""reference"": ""式(4)-(6)、表C.1-C.3；灰分质量分数；g/kg""}]",[],,,式(4)-(6)、表C.1-C.3；灰分质量分数；g/kg,HARD_CONSTRAINT_CONFLICT
SRC-RAW-59D25E06FBF47F3798DD,POWER,OC,source_data_invalid,产排污系数法/煤质物料衡算法,"[{""component"": ""燃料一"", ""fuel"": ""原煤"", ""raw_amount"": -931784.0, ""unit"": ""吨"", ""generation_use"": 931784.0, ""heat_use"": 0.0, ""amount"": -931784.0, ""sulfur"": ""1.020"", ""sulfur_unit"": ""%"", ""ash"": ""19.40"", ""source_row"": 181}]","[{""component"": ""燃料一"", ""factor"": 0, ""unit"": ""g/kg"", ""reference"": ""式(6)、表C.3；电力生产/热力生产和供应OC占比=0""}]",[],,,式(6)、表C.3；电力生产/热力生产和供应OC占比=0,HARD_CONSTRAINT_CONFLICT
SRC-RAW-59D25E06FBF47F3798DD,POWER,NH3,not_involved,第7章核算范围,[],[],[],,,T/CSES 144-2024第7章、表D.1；未列NH3，未将缺省范围解释为零排放,OUTSIDE_CHAPTER7_POLLUTANT_SCOPE
SRC-RAW-7BA6D986CE61FF7D51B7,POWER,SO2,information_insufficient,产排污系数法/煤质物料衡算法,"[{""component"": ""燃料一"", ""fuel"": ""一般烟煤"", ""raw_amount"": 2356403.0, ""unit"": ""吨"", ""generation_use"": 2356403.0, ""heat_use"": 0.0, ""amount"": 2356403.0, ""sulfur"": ""0.490"", ""sulfur_unit"": ""%"", ""ash"": null, ""source_row"": 183}]","[{""component"": ""燃料一"", ""factor"": 8.329999999999998, ""unit"": ""g/kg"", ""reference"": ""式(3)、表C.1；S按质量分数；sr=0.15；g/kg""}]",[],19628.836989999996,,式(3)、表C.1；S按质量分数；sr=0.15；g/kg,SOURCE_RELATION_MISSING
SRC-RAW-7BA6D986CE61FF7D51B7,POWER,NOx,information_insufficient,产排污系数法/煤质物料衡算法,"[{""component"": ""燃料一"", ""fuel"": ""一般烟煤"", ""raw_amount"": 2356403.0, ""unit"": ""吨"", ""generation_use"": 2356403.0, ""heat_use"": 0.0, ""amount"": 2356403.0, ""sulfur"": ""0.490"", ""sulfur_unit"": ""%"", ""ash"": null, ""source_row"": 183}]","[{""component"": ""燃料一"", ""factor"": 7.21, ""unit"": ""g/kg"", ""reference"": ""T/CSES 144-2024 7.2; 表D.1及注a-c；万千瓦×10=MW""}]",[],16989.66563,,T/CSES 144-2024 7.2; 表D.1及注a-c；万千瓦×10=MW,SOURCE_RELATION_MISSING
SRC-RAW-7BA6D986CE61FF7D51B7,POWER,CO,calculated,产排污系数法/煤质物料衡算法,"[{""component"": ""燃料一"", ""fuel"": ""一般烟煤"", ""raw_amount"": 2356403.0, ""unit"": ""吨"", ""generation_use"": 2356403.0, ""heat_use"": 0.0, ""amount"": 2356403.0, ""sulfur"": ""0.490"", ""sulfur_unit"": ""%"", ""ash"": null, ""source_row"": 183}]","[{""component"": ""燃料一"", ""factor"": 2, ""unit"": ""g/kg"", ""reference"": ""T/CSES 144-2024 7.2; 表D.1及注a-c""}]","[{""component"": ""燃烧源治理"", ""efficiency"": 0, ""reference"": ""表A.1燃烧源控制措施VOCs为0；CO按表D.1""}]",4712.8060000000005,4712.8060000000005,T/CSES 144-2024 7.2; 表D.1及注a-c,
SRC-RAW-7BA6D986CE61FF7D51B7,POWER,VOC,calculated,产排污系数法/煤质物料衡算法,"[{""component"": ""燃料一"", ""fuel"": ""一般烟煤"", ""raw_amount"": 2356403.0, ""unit"": ""吨"", ""generation_use"": 2356403.0, ""heat_use"": 0.0, ""amount"": 2356403.0, ""sulfur"": ""0.490"", ""sulfur_unit"": ""%"", ""ash"": null, ""source_row"": 183}]","[{""component"": ""燃料一"", ""factor"": 0.04, ""unit"": ""g/kg"", ""reference"": ""T/CSES 144-2024 7.2; 表D.1及注a-c""}]","[{""component"": ""燃烧源治理"", ""efficiency"": 0, ""reference"": ""表A.1燃烧源控制措施VOCs为0；CO按表D.1""}]",94.25612,94.25612,T/CSES 144-2024 7.2; 表D.1及注a-c,
SRC-RAW-7BA6D986CE61FF7D51B7,POWER,PM10,information_insufficient,产排污系数法/煤质物料衡算法,"[{""component"": ""燃料一"", ""fuel"": ""一般烟煤"", ""raw_amount"": 2356403.0, ""unit"": ""吨"", ""generation_use"": 2356403.0, ""heat_use"": 0.0, ""amount"": 2356403.0, ""sulfur"": ""0.490"", ""sulfur_unit"": ""%"", ""ash"": null, ""source_row"": 183}]","[{""component"": ""燃料一"", ""factor"": null, ""unit"": ""g/kg"", ""reference"": ""式(4)-(6)、表C.1-C.3；收到基灰分缺失""}]",[],,,式(4)-(6)、表C.1-C.3；收到基灰分缺失,POLLUTANT_PARAMETER_MISSING
SRC-RAW-7BA6D986CE61FF7D51B7,POWER,PM2.5,information_insufficient,产排污系数法/煤质物料衡算法,"[{""component"": ""燃料一"", ""fuel"": ""一般烟煤"", ""raw_amount"": 2356403.0, ""unit"": ""吨"", ""generation_use"": 2356403.0, ""heat_use"": 0.0, ""amount"": 2356403.0, ""sulfur"": ""0.490"", ""sulfur_unit"": ""%"", ""ash"": null, ""source_row"": 183}]","[{""component"": ""燃料一"", ""factor"": null, ""unit"": ""g/kg"", ""reference"": ""式(4)-(6)、表C.1-C.3；收到基灰分缺失""}]",[],,,式(4)-(6)、表C.1-C.3；收到基灰分缺失,POLLUTANT_PARAMETER_MISSING
SRC-RAW-7BA6D986CE61FF7D51B7,POWER,BC,information_insufficient,产排污系数法/煤质物料衡算法,"[{""component"": ""燃料一"", ""fuel"": ""一般烟煤"", ""raw_amount"": 2356403.0, ""unit"": ""吨"", ""generation_use"": 2356403.0, ""heat_use"": 0.0, ""amount"": 2356403.0, ""sulfur"": ""0.490"", ""sulfur_unit"": ""%"", ""ash"": null, ""source_row"": 183}]","[{""component"": ""燃料一"", ""factor"": null, ""unit"": ""g/kg"", ""reference"": ""式(4)-(6)、表C.1-C.3；收到基灰分缺失""}]",[],,,式(4)-(6)、表C.1-C.3；收到基灰分缺失,POLLUTANT_PARAMETER_MISSING
SRC-RAW-7BA6D986CE61FF7D51B7,POWER,OC,calculated,产排污系数法/煤质物料衡算法,"[{""component"": ""燃料一"", ""fuel"": ""一般烟煤"", ""raw_amount"": 2356403.0, ""unit"": ""吨"", ""generation_use"": 2356403.0, ""heat_use"": 0.0, ""amount"": 2356403.0, ""sulfur"": ""0.490"", ""sulfur_unit"": ""%"", ""ash"": null, ""source_row"": 183}]","[{""component"": ""燃料一"", ""factor"": 0, ""unit"": ""g/kg"", ""reference"": ""式(6)、表C.3；电力生产/热力生产和供应OC占比=0""}]",[],0.0,0,式(6)、表C.3；电力生产/热力生产和供应OC占比=0,
SRC-RAW-7BA6D986CE61FF7D51B7,POWER,NH3,not_involved,第7章核算范围,[],[],[],,,T/CSES 144-2024第7章、表D.1；未列NH3，未将缺省范围解释为零排放,OUTSIDE_CHAPTER7_POLLUTANT_SCOPE
SRC-RAW-1BCCD905C534AF5E1304,POWER,SO2,information_insufficient,产排污系数法/煤质物料衡算法,"[{""component"": ""燃料一"", ""fuel"": ""一般烟煤"", ""raw_amount"": null, ""unit"": ""吨"", ""generation_use"": 1717136.0, ""heat_use"": 0.0, ""amount"": 1717136.0, ""sulfur"": ""0.490"", ""sulfur_unit"": ""%"", ""ash"": ""10.75"", ""source_row"": 184, ""derivation"": ""同单位发电消耗量+供热消耗量，指南7.2.1.2活动水平定义""}]","[{""component"": ""燃料一"", ""factor"": 8.329999999999998, ""unit"": ""g/kg"", ""reference"": ""式(3)、表C.1；S按质量分数；sr=0.15；g/kg""}]",[],14303.742879999998,,式(3)、表C.1；S按质量分数；sr=0.15；g/kg,SOURCE_RELATION_MISSING
SRC-RAW-1BCCD905C534AF5E1304,POWER,NOx,information_insufficient,产排污系数法/煤质物料衡算法,"[{""component"": ""燃料一"", ""fuel"": ""一般烟煤"", ""raw_amount"": null, ""unit"": ""吨"", ""generation_use"": 1717136.0, ""heat_use"": 0.0, ""amount"": 1717136.0, ""sulfur"": ""0.490"", ""sulfur_unit"": ""%"", ""ash"": ""10.75"", ""source_row"": 184, ""derivation"": ""同单位发电消耗量+供热消耗量，指南7.2.1.2活动水平定义""}]","[{""component"": ""燃料一"", ""factor"": 7.21, ""unit"": ""g/kg"", ""reference"": ""T/CSES 144-2024 7.2; 表D.1及注a-c；万千瓦×10=MW""}]",[],12380.550560000001,,T/CSES 144-2024 7.2; 表D.1及注a-c；万千瓦×10=MW,SOURCE_RELATION_MISSING
SRC-RAW-1BCCD905C534AF5E1304,POWER,CO,calculated,产排污系数法/煤质物料衡算法,"[{""component"": ""燃料一"", ""fuel"": ""一般烟煤"", ""raw_amount"": null, ""unit"": ""吨"", ""generation_use"": 1717136.0, ""heat_use"": 0.0, ""amount"": 1717136.0, ""sulfur"": ""0.490"", ""sulfur_unit"": ""%"", ""ash"": ""10.75"", ""source_row"": 184, ""derivation"": ""同单位发电消耗量+供热消耗量，指南7.2.1.2活动水平定义""}]","[{""component"": ""燃料一"", ""factor"": 2, ""unit"": ""g/kg"", ""reference"": ""T/CSES 144-2024 7.2; 表D.1及注a-c""}]","[{""component"": ""燃烧源治理"", ""efficiency"": 0, ""reference"": ""表A.1燃烧源控制措施VOCs为0；CO按表D.1""}]",3434.272,3434.272,T/CSES 144-2024 7.2; 表D.1及注a-c,
SRC-RAW-1BCCD905C534AF5E1304,POWER,VOC,calculated,产排污系数法/煤质物料衡算法,"[{""component"": ""燃料一"", ""fuel"": ""一般烟煤"", ""raw_amount"": null, ""unit"": ""吨"", ""generation_use"": 1717136.0, ""heat_use"": 0.0, ""amount"": 1717136.0, ""sulfur"": ""0.490"", ""sulfur_unit"": ""%"", ""ash"": ""10.75"", ""source_row"": 184, ""derivation"": ""同单位发电消耗量+供热消耗量，指南7.2.1.2活动水平定义""}]","[{""component"": ""燃料一"", ""factor"": 0.04, ""unit"": ""g/kg"", ""reference"": ""T/CSES 144-2024 7.2; 表D.1及注a-c""}]","[{""component"": ""燃烧源治理"", ""efficiency"": 0, ""reference"": ""表A.1燃烧源控制措施VOCs为0；CO按表D.1""}]",68.68544,68.68544,T/CSES 144-2024 7.2; 表D.1及注a-c,
SRC-RAW-1BCCD905C534AF5E1304,POWER,PM10,information_insufficient,产排污系数法/煤质物料衡算法,"[{""component"": ""燃料一"", ""fuel"": ""一般烟煤"", ""raw_amount"": null, ""unit"": ""吨"", ""generation_use"": 1717136.0, ""heat_use"": 0.0, ""amount"": 1717136.0, ""sulfur"": ""0.490"", ""sulfur_unit"": ""%"", ""ash"": ""10.75"", ""source_row"": 184, ""derivation"": ""同单位发电消耗量+供热消耗量，指南7.2.1.2活动水平定义""}]","[{""component"": ""燃料一"", ""factor"": 18.543750000000003, ""unit"": ""g/kg"", ""reference"": ""式(4)-(6)、表C.1-C.3；灰分质量分数；g/kg""}]",[],31842.140700000007,,式(4)-(6)、表C.1-C.3；灰分质量分数；g/kg,SOURCE_RELATION_MISSING
SRC-RAW-1BCCD905C534AF5E1304,POWER,PM2.5,information_insufficient,产排污系数法/煤质物料衡算法,"[{""component"": ""燃料一"", ""fuel"": ""一般烟煤"", ""raw_amount"": null, ""unit"": ""吨"", ""generation_use"": 1717136.0, ""heat_use"": 0.0, ""amount"": 1717136.0, ""sulfur"": ""0.490"", ""sulfur_unit"": ""%"", ""ash"": ""10.75"", ""source_row"": 184, ""derivation"": ""同单位发电消耗量+供热消耗量，指南7.2.1.2活动水平定义""}]","[{""component"": ""燃料一"", ""factor"": 4.8374999999999995, ""unit"": ""g/kg"", ""reference"": ""式(4)-(6)、表C.1-C.3；灰分质量分数；g/kg""}]",[],8306.6454,,式(4)-(6)、表C.1-C.3；灰分质量分数；g/kg,SOURCE_RELATION_MISSING
SRC-RAW-1BCCD905C534AF5E1304,POWER,BC,information_insufficient,产排污系数法/煤质物料衡算法,"[{""component"": ""燃料一"", ""fuel"": ""一般烟煤"", ""raw_amount"": null, ""unit"": ""吨"", ""generation_use"": 1717136.0, ""heat_use"": 0.0, ""amount"": 1717136.0, ""sulfur"": ""0.490"", ""sulfur_unit"": ""%"", ""ash"": ""10.75"", ""source_row"": 184, ""derivation"": ""同单位发电消耗量+供热消耗量，指南7.2.1.2活动水平定义""}]","[{""component"": ""燃料一"", ""factor"": 0.009675, ""unit"": ""g/kg"", ""reference"": ""式(4)-(6)、表C.1-C.3；灰分质量分数；g/kg""}]",[],16.613290799999998,,式(4)-(6)、表C.1-C.3；灰分质量分数；g/kg,SOURCE_RELATION_MISSING
SRC-RAW-1BCCD905C534AF5E1304,POWER,OC,calculated,产排污系数法/煤质物料衡算法,"[{""component"": ""燃料一"", ""fuel"": ""一般烟煤"", ""raw_amount"": null, ""unit"": ""吨"", ""generation_use"": 1717136.0, ""heat_use"": 0.0, ""amount"": 1717136.0, ""sulfur"": ""0.490"", ""sulfur_unit"": ""%"", ""ash"": ""10.75"", ""source_row"": 184, ""derivation"": ""同单位发电消耗量+供热消耗量，指南7.2.1.2活动水平定义""}]","[{""component"": ""燃料一"", ""factor"": 0, ""unit"": ""g/kg"", ""reference"": ""式(6)、表C.3；电力生产/热力生产和供应OC占比=0""}]",[],0.0,0,式(6)、表C.3；电力生产/热力生产和供应OC占比=0,
SRC-RAW-1BCCD905C534AF5E1304,POWER,NH3,not_involved,第7章核算范围,[],[],[],,,T/CSES 144-2024第7章、表D.1；未列NH3，未将缺省范围解释为零排放,OUTSIDE_CHAPTER7_POLLUTANT_SCOPE
SRC-RAW-061DB3E543B16331E37B,POWER,SO2,source_data_invalid,产排污系数法/煤质物料衡算法,"[{""component"": ""燃料一"", ""fuel"": ""一般烟煤"", ""raw_amount"": -491300.0, ""unit"": ""吨"", ""generation_use"": 483022.0, ""heat_use"": 8278.0, ""amount"": -491300.0, ""sulfur"": ""0.780"", ""sulfur_unit"": ""%"", ""ash"": ""19.05"", ""source_row"": 186}, {""component"": ""燃料二"", ""fuel"": ""柴油"", ""raw_amount"": 244.1, ""unit"": ""吨"", ""generation_use"": 244.0, ""heat_use"": 0.1, ""amount"": 244.1, ""sulfur"": ""0.001"", ""sulfur_unit"": ""%"", ""ash"": ""0.00"", ""source_row"": 186}]","[{""component"": ""燃料一"", ""factor"": 13.260000000000002, ""unit"": ""g/kg"", ""reference"": ""式(3)、表C.1；S按质量分数；sr=0.15；g/kg""}, {""component"": ""燃料二"", ""factor"": 3, ""unit"": ""g/kg"", ""reference"": ""T/CSES 144-2024 7.2; 表D.1及注a-c""}]",[],,,式(3)、表C.1；S按质量分数；sr=0.15；g/kg; T/CSES 144-2024 7.2; 表D.1及注a-c,HARD_CONSTRAINT_CONFLICT
SRC-RAW-061DB3E543B16331E37B,POWER,NOx,source_data_invalid,产排污系数法/煤质物料衡算法,"[{""component"": ""燃料一"", ""fuel"": ""一般烟煤"", ""raw_amount"": -491300.0, ""unit"": ""吨"", ""generation_use"": 483022.0, ""heat_use"": 8278.0, ""amount"": -491300.0, ""sulfur"": ""0.780"", ""sulfur_unit"": ""%"", ""ash"": ""19.05"", ""source_row"": 186}, {""component"": ""燃料二"", ""fuel"": ""柴油"", ""raw_amount"": 244.1, ""unit"": ""吨"", ""generation_use"": 244.0, ""heat_use"": 0.1, ""amount"": 244.1, ""sulfur"": ""0.001"", ""sulfur_unit"": ""%"", ""ash"": ""0.00"", ""source_row"": 186}]","[{""component"": ""燃料一"", ""factor"": 8.19, ""unit"": ""g/kg"", ""reference"": ""T/CSES 144-2024 7.2; 表D.1及注a-c；万千瓦×10=MW""}, {""component"": ""燃料二"", ""factor"": 7.4, ""unit"": ""g/kg"", ""reference"": ""T/CSES 144-2024 7.2; 表D.1及注a-c""}]",[],,,T/CSES 144-2024 7.2; 表D.1及注a-c；万千瓦×10=MW; T/CSES 144-2024 7.2; 表D.1及注a-c,HARD_CONSTRAINT_CONFLICT
SRC-RAW-061DB3E543B16331E37B,POWER,CO,source_data_invalid,产排污系数法/煤质物料衡算法,"[{""component"": ""燃料一"", ""fuel"": ""一般烟煤"", ""raw_amount"": -491300.0, ""unit"": ""吨"", ""generation_use"": 483022.0, ""heat_use"": 8278.0, ""amount"": -491300.0, ""sulfur"": ""0.780"", ""sulfur_unit"": ""%"", ""ash"": ""19.05"", ""source_row"": 186}, {""component"": ""燃料二"", ""fuel"": ""柴油"", ""raw_amount"": 244.1, ""unit"": ""吨"", ""generation_use"": 244.0, ""heat_use"": 0.1, ""amount"": 244.1, ""sulfur"": ""0.001"", ""sulfur_unit"": ""%"", ""ash"": ""0.00"", ""source_row"": 186}]","[{""component"": ""燃料一"", ""factor"": 2, ""unit"": ""g/kg"", ""reference"": ""T/CSES 144-2024 7.2; 表D.1及注a-c""}, {""component"": ""燃料二"", ""factor"": 0.6, ""unit"": ""g/kg"", ""reference"": ""T/CSES 144-2024 7.2; 表D.1及注a-c""}]",[],,,T/CSES 144-2024 7.2; 表D.1及注a-c,HARD_CONSTRAINT_CONFLICT
SRC-RAW-061DB3E543B16331E37B,POWER,VOC,source_data_invalid,产排污系数法/煤质物料衡算法,"[{""component"": ""燃料一"", ""fuel"": ""一般烟煤"", ""raw_amount"": -491300.0, ""unit"": ""吨"", ""generation_use"": 483022.0, ""heat_use"": 8278.0, ""amount"": -491300.0, ""sulfur"": ""0.780"", ""sulfur_unit"": ""%"", ""ash"": ""19.05"", ""source_row"": 186}, {""component"": ""燃料二"", ""fuel"": ""柴油"", ""raw_amount"": 244.1, ""unit"": ""吨"", ""generation_use"": 244.0, ""heat_use"": 0.1, ""amount"": 244.1, ""sulfur"": ""0.001"", ""sulfur_unit"": ""%"", ""ash"": ""0.00"", ""source_row"": 186}]","[{""component"": ""燃料一"", ""factor"": 0.04, ""unit"": ""g/kg"", ""reference"": ""T/CSES 144-2024 7.2; 表D.1及注a-c""}, {""component"": ""燃料二"", ""factor"": 0.13, ""unit"": ""g/kg"", ""reference"": ""T/CSES 144-2024 7.2; 表D.1及注a-c""}]",[],,,T/CSES 144-2024 7.2; 表D.1及注a-c,HARD_CONSTRAINT_CONFLICT
SRC-RAW-061DB3E543B16331E37B,POWER,PM10,source_data_invalid,产排污系数法/煤质物料衡算法,"[{""component"": ""燃料一"", ""fuel"": ""一般烟煤"", ""raw_amount"": -491300.0, ""unit"": ""吨"", ""generation_use"": 483022.0, ""heat_use"": 8278.0, ""amount"": -491300.0, ""sulfur"": ""0.780"", ""sulfur_unit"": ""%"", ""ash"": ""19.05"", ""source_row"": 186}, {""component"": ""燃料二"", ""fuel"": ""柴油"", ""raw_amount"": 244.1, ""unit"": ""吨"", ""generation_use"": 244.0, ""heat_use"": 0.1, ""amount"": 244.1, ""sulfur"": ""0.001"", ""sulfur_unit"": ""%"", ""ash"": ""0.00"", ""source_row"": 186}]","[{""component"": ""燃料一"", ""factor"": 32.86125, ""unit"": ""g/kg"", ""reference"": ""式(4)-(6)、表C.1-C.3；灰分质量分数；g/kg""}, {""component"": ""燃料二"", ""factor"": 0.5, ""unit"": ""g/kg"", ""reference"": ""T/CSES 144-2024 7.2; 表D.1及注a-c""}]",[],,,式(4)-(6)、表C.1-C.3；灰分质量分数；g/kg; T/CSES 144-2024 7.2; 表D.1及注a-c,HARD_CONSTRAINT_CONFLICT
SRC-RAW-061DB3E543B16331E37B,POWER,PM2.5,source_data_invalid,产排污系数法/煤质物料衡算法,"[{""component"": ""燃料一"", ""fuel"": ""一般烟煤"", ""raw_amount"": -491300.0, ""unit"": ""吨"", ""generation_use"": 483022.0, ""heat_use"": 8278.0, ""amount"": -491300.0, ""sulfur"": ""0.780"", ""sulfur_unit"": ""%"", ""ash"": ""19.05"", ""source_row"": 186}, {""component"": ""燃料二"", ""fuel"": ""柴油"", ""raw_amount"": 244.1, ""unit"": ""吨"", ""generation_use"": 244.0, ""heat_use"": 0.1, ""amount"": 244.1, ""sulfur"": ""0.001"", ""sulfur_unit"": ""%"", ""ash"": ""0.00"", ""source_row"": 186}]","[{""component"": ""燃料一"", ""factor"": 8.5725, ""unit"": ""g/kg"", ""reference"": ""式(4)-(6)、表C.1-C.3；灰分质量分数；g/kg""}, {""component"": ""燃料二"", ""factor"": 0.5, ""unit"": ""g/kg"", ""reference"": ""T/CSES 144-2024 7.2; 表D.1及注a-c""}]",[],,,式(4)-(6)、表C.1-C.3；灰分质量分数；g/kg; T/CSES 144-2024 7.2; 表D.1及注a-c,HARD_CONSTRAINT_CONFLICT
SRC-RAW-061DB3E543B16331E37B,POWER,BC,source_data_invalid,产排污系数法/煤质物料衡算法,"[{""component"": ""燃料一"", ""fuel"": ""一般烟煤"", ""raw_amount"": -491300.0, ""unit"": ""吨"", ""generation_use"": 483022.0, ""heat_use"": 8278.0, ""amount"": -491300.0, ""sulfur"": ""0.780"", ""sulfur_unit"": ""%"", ""ash"": ""19.05"", ""source_row"": 186}, {""component"": ""燃料二"", ""fuel"": ""柴油"", ""raw_amount"": 244.1, ""unit"": ""吨"", ""generation_use"": 244.0, ""heat_use"": 0.1, ""amount"": 244.1, ""sulfur"": ""0.001"", ""sulfur_unit"": ""%"", ""ash"": ""0.00"", ""source_row"": 186}]","[{""component"": ""燃料一"", ""factor"": 0.017145, ""unit"": ""g/kg"", ""reference"": ""式(4)-(6)、表C.1-C.3；灰分质量分数；g/kg""}, {""component"": ""燃料二"", ""factor"": 0.01, ""unit"": ""g/kg"", ""reference"": ""T/CSES 144-2024 7.2; 表D.1及注a-c""}]",[],,,式(4)-(6)、表C.1-C.3；灰分质量分数；g/kg; T/CSES 144-2024 7.2; 表D.1及注a-c,HARD_CONSTRAINT_CONFLICT
SRC-RAW-061DB3E543B16331E37B,POWER,OC,source_data_invalid,产排污系数法/煤质物料衡算法,"[{""component"": ""燃料一"", ""fuel"": ""一般烟煤"", ""raw_amount"": -491300.0, ""unit"": ""吨"", ""generation_use"": 483022.0, ""heat_use"": 8278.0, ""amount"": -491300.0, ""sulfur"": ""0.780"", ""sulfur_unit"": ""%"", ""ash"": ""19.05"", ""source_row"": 186}, {""component"": ""燃料二"", ""fuel"": ""柴油"", ""raw_amount"": 244.1, ""unit"": ""吨"", ""generation_use"": 244.0, ""heat_use"": 0.1, ""amount"": 244.1, ""sulfur"": ""0.001"", ""sulfur_unit"": ""%"", ""ash"": ""0.00"", ""source_row"": 186}]","[{""component"": ""燃料一"", ""factor"": 0, ""unit"": ""g/kg"", ""reference"": ""式(6)、表C.3；电力生产/热力生产和供应OC占比=0""}, {""component"": ""燃料二"", ""factor"": 0.04, ""unit"": ""g/kg"", ""reference"": ""T/CSES 144-2024 7.2; 表D.1及注a-c""}]",[],,,式(6)、表C.3；电力生产/热力生产和供应OC占比=0; T/CSES 144-2024 7.2; 表D.1及注a-c,HARD_CONSTRAINT_CONFLICT
SRC-RAW-061DB3E543B16331E37B,POWER,NH3,not_involved,第7章核算范围,[],[],[],,,T/CSES 144-2024第7章、表D.1；未列NH3，未将缺省范围解释为零排放,OUTSIDE_CHAPTER7_POLLUTANT_SCOPE
SRC-RAW-689A0257BF9EEA8A27B5,POWER,SO2,information_insufficient,产排污系数法/煤质物料衡算法,"[{""component"": ""燃料一"", ""fuel"": ""一般烟煤"", ""raw_amount"": 624499.0, ""unit"": ""吨"", ""generation_use"": 615149.0, ""heat_use"": 9350.0, ""amount"": 624499.0, ""sulfur"": null, ""sulfur_unit"": ""%"", ""ash"": ""20.85"", ""source_row"": 187}, {""component"": ""燃料二"", ""fuel"": ""柴油"", ""raw_amount"": 144.1, ""unit"": ""吨"", ""generation_use"": 144.0, ""heat_use"": 0.1, ""amount"": 144.1, ""sulfur"": ""0.001"", ""sulfur_unit"": ""%"", ""ash"": ""0.00"", ""source_row"": 187}]","[{""component"": ""燃料一"", ""factor"": null, ""unit"": ""g/kg"", ""reference"": ""式(3)、表C.1；收到基硫分缺失""}, {""component"": ""燃料二"", ""factor"": 3, ""unit"": ""g/kg"", ""reference"": ""T/CSES 144-2024 7.2; 表D.1及注a-c""}]",[],,,式(3)、表C.1；收到基硫分缺失; T/CSES 144-2024 7.2; 表D.1及注a-c,POLLUTANT_PARAMETER_MISSING
SRC-RAW-689A0257BF9EEA8A27B5,POWER,NOx,information_insufficient,产排污系数法/煤质物料衡算法,"[{""component"": ""燃料一"", ""fuel"": ""一般烟煤"", ""raw_amount"": 624499.0, ""unit"": ""吨"", ""generation_use"": 615149.0, ""heat_use"": 9350.0, ""amount"": 624499.0, ""sulfur"": null, ""sulfur_unit"": ""%"", ""ash"": ""20.85"", ""source_row"": 187}, {""component"": ""燃料二"", ""fuel"": ""柴油"", ""raw_amount"": 144.1, ""unit"": ""吨"", ""generation_use"": 144.0, ""heat_use"": 0.1, ""amount"": 144.1, ""sulfur"": ""0.001"", ""sulfur_unit"": ""%"", ""ash"": ""0.00"", ""source_row"": 187}]","[{""component"": ""燃料一"", ""factor"": 7.21, ""unit"": ""g/kg"", ""reference"": ""T/CSES 144-2024 7.2; 表D.1及注a-c；万千瓦×10=MW""}, {""component"": ""燃料二"", ""factor"": 7.4, ""unit"": ""g/kg"", ""reference"": ""T/CSES 144-2024 7.2; 表D.1及注a-c""}]",[],4503.70413,,T/CSES 144-2024 7.2; 表D.1及注a-c；万千瓦×10=MW; T/CSES 144-2024 7.2; 表D.1及注a-c,SOURCE_RELATION_MISSING
SRC-RAW-689A0257BF9EEA8A27B5,POWER,CO,calculated,产排污系数法/煤质物料衡算法,"[{""component"": ""燃料一"", ""fuel"": ""一般烟煤"", ""raw_amount"": 624499.0, ""unit"": ""吨"", ""generation_use"": 615149.0, ""heat_use"": 9350.0, ""amount"": 624499.0, ""sulfur"": null, ""sulfur_unit"": ""%"", ""ash"": ""20.85"", ""source_row"": 187}, {""component"": ""燃料二"", ""fuel"": ""柴油"", ""raw_amount"": 144.1, ""unit"": ""吨"", ""generation_use"": 144.0, ""heat_use"": 0.1, ""amount"": 144.1, ""sulfur"": ""0.001"", ""sulfur_unit"": ""%"", ""ash"": ""0.00"", ""source_row"": 187}]","[{""component"": ""燃料一"", ""factor"": 2, ""unit"": ""g/kg"", ""reference"": ""T/CSES 144-2024 7.2; 表D.1及注a-c""}, {""component"": ""燃料二"", ""factor"": 0.6, ""unit"": ""g/kg"", ""reference"": ""T/CSES 144-2024 7.2; 表D.1及注a-c""}]","[{""component"": ""燃烧源治理"", ""efficiency"": 0, ""reference"": ""表A.1燃烧源控制措施VOCs为0；CO按表D.1""}]",1249.08446,1249.08446,T/CSES 144-2024 7.2; 表D.1及注a-c,
SRC-RAW-689A0257BF9EEA8A27B5,POWER,VOC,calculated,产排污系数法/煤质物料衡算法,"[{""component"": ""燃料一"", ""fuel"": ""一般烟煤"", ""raw_amount"": 624499.0, ""unit"": ""吨"", ""generation_use"": 615149.0, ""heat_use"": 9350.0, ""amount"": 624499.0, ""sulfur"": null, ""sulfur_unit"": ""%"", ""ash"": ""20.85"", ""source_row"": 187}, {""component"": ""燃料二"", ""fuel"": ""柴油"", ""raw_amount"": 144.1, ""unit"": ""吨"", ""generation_use"": 144.0, ""heat_use"": 0.1, ""amount"": 144.1, ""sulfur"": ""0.001"", ""sulfur_unit"": ""%"", ""ash"": ""0.00"", ""source_row"": 187}]","[{""component"": ""燃料一"", ""factor"": 0.04, ""unit"": ""g/kg"", ""reference"": ""T/CSES 144-2024 7.2; 表D.1及注a-c""}, {""component"": ""燃料二"", ""factor"": 0.13, ""unit"": ""g/kg"", ""reference"": ""T/CSES 144-2024 7.2; 表D.1及注a-c""}]","[{""component"": ""燃烧源治理"", ""efficiency"": 0, ""reference"": ""表A.1燃烧源控制措施VOCs为0；CO按表D.1""}]",24.998693,24.998693,T/CSES 144-2024 7.2; 表D.1及注a-c,
SRC-RAW-689A0257BF9EEA8A27B5,POWER,PM10,information_insufficient,产排污系数法/煤质物料衡算法,"[{""component"": ""燃料一"", ""fuel"": ""一般烟煤"", ""raw_amount"": 624499.0, ""unit"": ""吨"", ""generation_use"": 615149.0, ""heat_use"": 9350.0, ""amount"": 624499.0, ""sulfur"": null, ""sulfur_unit"": ""%"", ""ash"": ""20.85"", ""source_row"": 187}, {""component"": ""燃料二"", ""fuel"": ""柴油"", ""raw_amount"": 144.1, ""unit"": ""吨"", ""generation_use"": 144.0, ""heat_use"": 0.1, ""amount"": 144.1, ""sulfur"": ""0.001"", ""sulfur_unit"": ""%"", ""ash"": ""0.00"", ""source_row"": 187}]","[{""component"": ""燃料一"", ""factor"": 35.96625, ""unit"": ""g/kg"", ""reference"": ""式(4)-(6)、表C.1-C.3；灰分质量分数；g/kg""}, {""component"": ""燃料二"", ""factor"": 0.5, ""unit"": ""g/kg"", ""reference"": ""T/CSES 144-2024 7.2; 表D.1及注a-c""}]",[],22460.959208750002,,式(4)-(6)、表C.1-C.3；灰分质量分数；g/kg; T/CSES 144-2024 7.2; 表D.1及注a-c,SOURCE_RELATION_MISSING
SRC-RAW-689A0257BF9EEA8A27B5,POWER,PM2.5,information_insufficient,产排污系数法/煤质物料衡算法,"[{""component"": ""燃料一"", ""fuel"": ""一般烟煤"", ""raw_amount"": 624499.0, ""unit"": ""吨"", ""generation_use"": 615149.0, ""heat_use"": 9350.0, ""amount"": 624499.0, ""sulfur"": null, ""sulfur_unit"": ""%"", ""ash"": ""20.85"", ""source_row"": 187}, {""component"": ""燃料二"", ""fuel"": ""柴油"", ""raw_amount"": 144.1, ""unit"": ""吨"", ""generation_use"": 144.0, ""heat_use"": 0.1, ""amount"": 144.1, ""sulfur"": ""0.001"", ""sulfur_unit"": ""%"", ""ash"": ""0.00"", ""source_row"": 187}]","[{""component"": ""燃料一"", ""factor"": 9.3825, ""unit"": ""g/kg"", ""reference"": ""式(4)-(6)、表C.1-C.3；灰分质量分数；g/kg""}, {""component"": ""燃料二"", ""factor"": 0.5, ""unit"": ""g/kg"", ""reference"": ""T/CSES 144-2024 7.2; 表D.1及注a-c""}]",[],5859.4339175000005,,式(4)-(6)、表C.1-C.3；灰分质量分数；g/kg; T/CSES 144-2024 7.2; 表D.1及注a-c,SOURCE_RELATION_MISSING
SRC-RAW-689A0257BF9EEA8A27B5,POWER,BC,information_insufficient,产排污系数法/煤质物料衡算法,"[{""component"": ""燃料一"", ""fuel"": ""一般烟煤"", ""raw_amount"": 624499.0, ""unit"": ""吨"", ""generation_use"": 615149.0, ""heat_use"": 9350.0, ""amount"": 624499.0, ""sulfur"": null, ""sulfur_unit"": ""%"", ""ash"": ""20.85"", ""source_row"": 187}, {""component"": ""燃料二"", ""fuel"": ""柴油"", ""raw_amount"": 144.1, ""unit"": ""吨"", ""generation_use"": 144.0, ""heat_use"": 0.1, ""amount"": 144.1, ""sulfur"": ""0.001"", ""sulfur_unit"": ""%"", ""ash"": ""0.00"", ""source_row"": 187}]","[{""component"": ""燃料一"", ""factor"": 0.018765, ""unit"": ""g/kg"", ""reference"": ""式(4)-(6)、表C.1-C.3；灰分质量分数；g/kg""}, {""component"": ""燃料二"", ""factor"": 0.01, ""unit"": ""g/kg"", ""reference"": ""T/CSES 144-2024 7.2; 表D.1及注a-c""}]",[],11.720164735,,式(4)-(6)、表C.1-C.3；灰分质量分数；g/kg; T/CSES 144-2024 7.2; 表D.1及注a-c,SOURCE_RELATION_MISSING
SRC-RAW-689A0257BF9EEA8A27B5,POWER,OC,information_insufficient,产排污系数法/煤质物料衡算法,"[{""component"": ""燃料一"", ""fuel"": ""一般烟煤"", ""raw_amount"": 624499.0, ""unit"": ""吨"", ""generation_use"": 615149.0, ""heat_use"": 9350.0, ""amount"": 624499.0, ""sulfur"": null, ""sulfur_unit"": ""%"", ""ash"": ""20.85"", ""source_row"": 187}, {""component"": ""燃料二"", ""fuel"": ""柴油"", ""raw_amount"": 144.1, ""unit"": ""吨"", ""generation_use"": 144.0, ""heat_use"": 0.1, ""amount"": 144.1, ""sulfur"": ""0.001"", ""sulfur_unit"": ""%"", ""ash"": ""0.00"", ""source_row"": 187}]","[{""component"": ""燃料一"", ""factor"": 0, ""unit"": ""g/kg"", ""reference"": ""式(6)、表C.3；电力生产/热力生产和供应OC占比=0""}, {""component"": ""燃料二"", ""factor"": 0.04, ""unit"": ""g/kg"", ""reference"": ""T/CSES 144-2024 7.2; 表D.1及注a-c""}]",[],0.005764,,式(6)、表C.3；电力生产/热力生产和供应OC占比=0; T/CSES 144-2024 7.2; 表D.1及注a-c,SOURCE_RELATION_MISSING
SRC-RAW-689A0257BF9EEA8A27B5,POWER,NH3,not_involved,第7章核算范围,[],[],[],,,T/CSES 144-2024第7章、表D.1；未列NH3，未将缺省范围解释为零排放,OUTSIDE_CHAPTER7_POLLUTANT_SCOPE
SRC-RAW-943A68DDDE5616AFED0D,POWER,SO2,information_insufficient,产排污系数法/煤质物料衡算法,"[{""component"": ""燃料一"", ""fuel"": ""一般烟煤"", ""raw_amount"": 1335259.0, ""unit"": ""吨"", ""generation_use"": 1335259.0, ""heat_use"": 0.0, ""amount"": 1335259.0, ""sulfur"": ""1.000"", ""sulfur_unit"": ""%"", ""ash"": ""21.58"", ""source_row"": 188}, {""component"": ""燃料二"", ""fuel"": ""柴油"", ""raw_amount"": 27.0, ""unit"": ""吨"", ""generation_use"": 27.0, ""heat_use"": null, ""amount"": 27.0, ""sulfur"": ""0.001"", ""sulfur_unit"": ""%"", ""ash"": ""0.00"", ""source_row"": 188}]","[{""component"": ""燃料一"", ""factor"": 17.0, ""unit"": ""g/kg"", ""reference"": ""式(3)、表C.1；S按质量分数；sr=0.15；g/kg""}, {""component"": ""燃料二"", ""factor"": 3, ""unit"": ""g/kg"", ""reference"": ""T/CSES 144-2024 7.2; 表D.1及注a-c""}]",[],22699.484,,式(3)、表C.1；S按质量分数；sr=0.15；g/kg; T/CSES 144-2024 7.2; 表D.1及注a-c,SOURCE_RELATION_MISSING
SRC-RAW-943A68DDDE5616AFED0D,POWER,NOx,information_insufficient,产排污系数法/煤质物料衡算法,"[{""component"": ""燃料一"", ""fuel"": ""一般烟煤"", ""raw_amount"": 1335259.0, ""unit"": ""吨"", ""generation_use"": 1335259.0, ""heat_use"": 0.0, ""amount"": 1335259.0, ""sulfur"": ""1.000"", ""sulfur_unit"": ""%"", ""ash"": ""21.58"", ""source_row"": 188}, {""component"": ""燃料二"", ""fuel"": ""柴油"", ""raw_amount"": 27.0, ""unit"": ""吨"", ""generation_use"": 27.0, ""heat_use"": null, ""amount"": 27.0, ""sulfur"": ""0.001"", ""sulfur_unit"": ""%"", ""ash"": ""0.00"", ""source_row"": 188}]","[{""component"": ""燃料一"", ""factor"": 7.21, ""unit"": ""g/kg"", ""reference"": ""T/CSES 144-2024 7.2; 表D.1及注a-c；万千瓦×10=MW""}, {""component"": ""燃料二"", ""factor"": 7.4, ""unit"": ""g/kg"", ""reference"": ""T/CSES 144-2024 7.2; 表D.1及注a-c""}]",[],9627.417190000002,,T/CSES 144-2024 7.2; 表D.1及注a-c；万千瓦×10=MW; T/CSES 144-2024 7.2; 表D.1及注a-c,SOURCE_RELATION_MISSING
SRC-RAW-943A68DDDE5616AFED0D,POWER,CO,calculated,产排污系数法/煤质物料衡算法,"[{""component"": ""燃料一"", ""fuel"": ""一般烟煤"", ""raw_amount"": 1335259.0, ""unit"": ""吨"", ""generation_use"": 1335259.0, ""heat_use"": 0.0, ""amount"": 1335259.0, ""sulfur"": ""1.000"", ""sulfur_unit"": ""%"", ""ash"": ""21.58"", ""source_row"": 188}, {""component"": ""燃料二"", ""fuel"": ""柴油"", ""raw_amount"": 27.0, ""unit"": ""吨"", ""generation_use"": 27.0, ""heat_use"": null, ""amount"": 27.0, ""sulfur"": ""0.001"", ""sulfur_unit"": ""%"", ""ash"": ""0.00"", ""source_row"": 188}]","[{""component"": ""燃料一"", ""factor"": 2, ""unit"": ""g/kg"", ""reference"": ""T/CSES 144-2024 7.2; 表D.1及注a-c""}, {""component"": ""燃料二"", ""factor"": 0.6, ""unit"": ""g/kg"", ""reference"": ""T/CSES 144-2024 7.2; 表D.1及注a-c""}]","[{""component"": ""燃烧源治理"", ""efficiency"": 0, ""reference"": ""表A.1燃烧源控制措施VOCs为0；CO按表D.1""}]",2670.5342,2670.5342,T/CSES 144-2024 7.2; 表D.1及注a-c,
SRC-RAW-943A68DDDE5616AFED0D,POWER,VOC,calculated,产排污系数法/煤质物料衡算法,"[{""component"": ""燃料一"", ""fuel"": ""一般烟煤"", ""raw_amount"": 1335259.0, ""unit"": ""吨"", ""generation_use"": 1335259.0, ""heat_use"": 0.0, ""amount"": 1335259.0, ""sulfur"": ""1.000"", ""sulfur_unit"": ""%"", ""ash"": ""21.58"", ""source_row"": 188}, {""component"": ""燃料二"", ""fuel"": ""柴油"", ""raw_amount"": 27.0, ""unit"": ""吨"", ""generation_use"": 27.0, ""heat_use"": null, ""amount"": 27.0, ""sulfur"": ""0.001"", ""sulfur_unit"": ""%"", ""ash"": ""0.00"", ""source_row"": 188}]","[{""component"": ""燃料一"", ""factor"": 0.04, ""unit"": ""g/kg"", ""reference"": ""T/CSES 144-2024 7.2; 表D.1及注a-c""}, {""component"": ""燃料二"", ""factor"": 0.13, ""unit"": ""g/kg"", ""reference"": ""T/CSES 144-2024 7.2; 表D.1及注a-c""}]","[{""component"": ""燃烧源治理"", ""efficiency"": 0, ""reference"": ""表A.1燃烧源控制措施VOCs为0；CO按表D.1""}]",53.41387,53.41387,T/CSES 144-2024 7.2; 表D.1及注a-c,
SRC-RAW-943A68DDDE5616AFED0D,POWER,PM10,information_insufficient,产排污系数法/煤质物料衡算法,"[{""component"": ""燃料一"", ""fuel"": ""一般烟煤"", ""raw_amount"": 1335259.0, ""unit"": ""吨"", ""generation_use"": 1335259.0, ""heat_use"": 0.0, ""amount"": 1335259.0, ""sulfur"": ""1.000"", ""sulfur_unit"": ""%"", ""ash"": ""21.58"", ""source_row"": 188}, {""component"": ""燃料二"", ""fuel"": ""柴油"", ""raw_amount"": 27.0, ""unit"": ""吨"", ""generation_use"": 27.0, ""heat_use"": null, ""amount"": 27.0, ""sulfur"": ""0.001"", ""sulfur_unit"": ""%"", ""ash"": ""0.00"", ""source_row"": 188}]","[{""component"": ""燃料一"", ""factor"": 37.225500000000004, ""unit"": ""g/kg"", ""reference"": ""式(4)-(6)、表C.1-C.3；灰分质量分数；g/kg""}, {""component"": ""燃料二"", ""factor"": 0.5, ""unit"": ""g/kg"", ""reference"": ""T/CSES 144-2024 7.2; 表D.1及注a-c""}]",[],49705.69740450001,,式(4)-(6)、表C.1-C.3；灰分质量分数；g/kg; T/CSES 144-2024 7.2; 表D.1及注a-c,SOURCE_RELATION_MISSING
SRC-RAW-943A68DDDE5616AFED0D,POWER,PM2.5,information_insufficient,产排污系数法/煤质物料衡算法,"[{""component"": ""燃料一"", ""fuel"": ""一般烟煤"", ""raw_amount"": 1335259.0, ""unit"": ""吨"", ""generation_use"": 1335259.0, ""heat_use"": 0.0, ""amount"": 1335259.0, ""sulfur"": ""1.000"", ""sulfur_unit"": ""%"", ""ash"": ""21.58"", ""source_row"": 188}, {""component"": ""燃料二"", ""fuel"": ""柴油"", ""raw_amount"": 27.0, ""unit"": ""吨"", ""generation_use"": 27.0, ""heat_use"": null, ""amount"": 27.0, ""sulfur"": ""0.001"", ""sulfur_unit"": ""%"", ""ash"": ""0.00"", ""source_row"": 188}]","[{""component"": ""燃料一"", ""factor"": 9.710999999999999, ""unit"": ""g/kg"", ""reference"": ""式(4)-(6)、表C.1-C.3；灰分质量分数；g/kg""}, {""component"": ""燃料二"", ""factor"": 0.5, ""unit"": ""g/kg"", ""reference"": ""T/CSES 144-2024 7.2; 表D.1及注a-c""}]",[],12966.713648999998,,式(4)-(6)、表C.1-C.3；灰分质量分数；g/kg; T/CSES 144-2024 7.2; 表D.1及注a-c,SOURCE_RELATION_MISSING
SRC-RAW-943A68DDDE5616AFED0D,POWER,BC,information_insufficient,产排污系数法/煤质物料衡算法,"[{""component"": ""燃料一"", ""fuel"": ""一般烟煤"", ""raw_amount"": 1335259.0, ""unit"": ""吨"", ""generation_use"": 1335259.0, ""heat_use"": 0.0, ""amount"": 1335259.0, ""sulfur"": ""1.000"", ""sulfur_unit"": ""%"", ""ash"": ""21.58"", ""source_row"": 188}, {""component"": ""燃料二"", ""fuel"": ""柴油"", ""raw_amount"": 27.0, ""unit"": ""吨"", ""generation_use"": 27.0, ""heat_use"": null, ""amount"": 27.0, ""sulfur"": ""0.001"", ""sulfur_unit"": ""%"", ""ash"": ""0.00"", ""source_row"": 188}]","[{""component"": ""燃料一"", ""factor"": 0.019422, ""unit"": ""g/kg"", ""reference"": ""式(4)-(6)、表C.1-C.3；灰分质量分数；g/kg""}, {""component"": ""燃料二"", ""factor"": 0.01, ""unit"": ""g/kg"", ""reference"": ""T/CSES 144-2024 7.2; 表D.1及注a-c""}]",[],25.933670298,,式(4)-(6)、表C.1-C.3；灰分质量分数；g/kg; T/CSES 144-2024 7.2; 表D.1及注a-c,SOURCE_RELATION_MISSING
SRC-RAW-943A68DDDE5616AFED0D,POWER,OC,information_insufficient,产排污系数法/煤质物料衡算法,"[{""component"": ""燃料一"", ""fuel"": ""一般烟煤"", ""raw_amount"": 1335259.0, ""unit"": ""吨"", ""generation_use"": 1335259.0, ""heat_use"": 0.0, ""amount"": 1335259.0, ""sulfur"": ""1.000"", ""sulfur_unit"": ""%"", ""ash"": ""21.58"", ""source_row"": 188}, {""component"": ""燃料二"", ""fuel"": ""柴油"", ""raw_amount"": 27.0, ""unit"": ""吨"", ""generation_use"": 27.0, ""heat_use"": null, ""amount"": 27.0, ""sulfur"": ""0.001"", ""sulfur_unit"": ""%"", ""ash"": ""0.00"", ""source_row"": 188}]","[{""component"": ""燃料一"", ""factor"": 0, ""unit"": ""g/kg"", ""reference"": ""式(6)、表C.3；电力生产/热力生产和供应OC占比=0""}, {""component"": ""燃料二"", ""factor"": 0.04, ""unit"": ""g/kg"", ""reference"": ""T/CSES 144-2024 7.2; 表D.1及注a-c""}]",[],0.00108,,式(6)、表C.3；电力生产/热力生产和供应OC占比=0; T/CSES 144-2024 7.2; 表D.1及注a-c,SOURCE_RELATION_MISSING
SRC-RAW-943A68DDDE5616AFED0D,POWER,NH3,not_involved,第7章核算范围,[],[],[],,,T/CSES 144-2024第7章、表D.1；未列NH3，未将缺省范围解释为零排放,OUTSIDE_CHAPTER7_POLLUTANT_SCOPE
SRC-RAW-FCC268F768A43B518486,POWER,SO2,source_data_invalid,产排污系数法/煤质物料衡算法,"[{""component"": ""燃料一"", ""fuel"": ""液化天然气"", ""raw_amount"": -10268.64, ""unit"": ""吨"", ""generation_use"": 5134.32, ""heat_use"": 5134.32, ""amount"": -10268.64, ""sulfur"": ""0.000"", ""sulfur_unit"": ""%"", ""ash"": ""0.00"", ""source_row"": 190}]","[{""component"": ""燃料一"", ""factor"": null, ""unit"": ""g/kg"", ""reference"": ""T/CSES 144-2024 7.2; 表D.1及注a-c；未提供该设备技术的对应系数""}]",[],,,T/CSES 144-2024 7.2; 表D.1及注a-c；未提供该设备技术的对应系数,HARD_CONSTRAINT_CONFLICT; FACTOR_NOT_APPLICABLE
SRC-RAW-FCC268F768A43B518486,POWER,NOx,source_data_invalid,产排污系数法/煤质物料衡算法,"[{""component"": ""燃料一"", ""fuel"": ""液化天然气"", ""raw_amount"": -10268.64, ""unit"": ""吨"", ""generation_use"": 5134.32, ""heat_use"": 5134.32, ""amount"": -10268.64, ""sulfur"": ""0.000"", ""sulfur_unit"": ""%"", ""ash"": ""0.00"", ""source_row"": 190}]","[{""component"": ""燃料一"", ""factor"": null, ""unit"": ""g/kg"", ""reference"": ""T/CSES 144-2024 7.2; 表D.1及注a-c；未提供该设备技术的对应系数""}]",[],,,T/CSES 144-2024 7.2; 表D.1及注a-c；未提供该设备技术的对应系数,HARD_CONSTRAINT_CONFLICT; FACTOR_NOT_APPLICABLE
SRC-RAW-FCC268F768A43B518486,POWER,CO,source_data_invalid,产排污系数法/煤质物料衡算法,"[{""component"": ""燃料一"", ""fuel"": ""液化天然气"", ""raw_amount"": -10268.64, ""unit"": ""吨"", ""generation_use"": 5134.32, ""heat_use"": 5134.32, ""amount"": -10268.64, ""sulfur"": ""0.000"", ""sulfur_unit"": ""%"", ""ash"": ""0.00"", ""source_row"": 190}]","[{""component"": ""燃料一"", ""factor"": null, ""unit"": ""g/kg"", ""reference"": ""T/CSES 144-2024 7.2; 表D.1及注a-c；未提供该设备技术的对应系数""}]",[],,,T/CSES 144-2024 7.2; 表D.1及注a-c；未提供该设备技术的对应系数,HARD_CONSTRAINT_CONFLICT; FACTOR_NOT_APPLICABLE
SRC-RAW-FCC268F768A43B518486,POWER,VOC,source_data_invalid,产排污系数法/煤质物料衡算法,"[{""component"": ""燃料一"", ""fuel"": ""液化天然气"", ""raw_amount"": -10268.64, ""unit"": ""吨"", ""generation_use"": 5134.32, ""heat_use"": 5134.32, ""amount"": -10268.64, ""sulfur"": ""0.000"", ""sulfur_unit"": ""%"", ""ash"": ""0.00"", ""source_row"": 190}]","[{""component"": ""燃料一"", ""factor"": null, ""unit"": ""g/kg"", ""reference"": ""T/CSES 144-2024 7.2; 表D.1及注a-c；未提供该设备技术的对应系数""}]",[],,,T/CSES 144-2024 7.2; 表D.1及注a-c；未提供该设备技术的对应系数,HARD_CONSTRAINT_CONFLICT; FACTOR_NOT_APPLICABLE
SRC-RAW-FCC268F768A43B518486,POWER,PM10,source_data_invalid,产排污系数法/煤质物料衡算法,"[{""component"": ""燃料一"", ""fuel"": ""液化天然气"", ""raw_amount"": -10268.64, ""unit"": ""吨"", ""generation_use"": 5134.32, ""heat_use"": 5134.32, ""amount"": -10268.64, ""sulfur"": ""0.000"", ""sulfur_unit"": ""%"", ""ash"": ""0.00"", ""source_row"": 190}]","[{""component"": ""燃料一"", ""factor"": null, ""unit"": ""g/kg"", ""reference"": ""T/CSES 144-2024 7.2; 表D.1及注a-c；未提供该设备技术的对应系数""}]",[],,,T/CSES 144-2024 7.2; 表D.1及注a-c；未提供该设备技术的对应系数,HARD_CONSTRAINT_CONFLICT; FACTOR_NOT_APPLICABLE
SRC-RAW-FCC268F768A43B518486,POWER,PM2.5,source_data_invalid,产排污系数法/煤质物料衡算法,"[{""component"": ""燃料一"", ""fuel"": ""液化天然气"", ""raw_amount"": -10268.64, ""unit"": ""吨"", ""generation_use"": 5134.32, ""heat_use"": 5134.32, ""amount"": -10268.64, ""sulfur"": ""0.000"", ""sulfur_unit"": ""%"", ""ash"": ""0.00"", ""source_row"": 190}]","[{""component"": ""燃料一"", ""factor"": null, ""unit"": ""g/kg"", ""reference"": ""T/CSES 144-2024 7.2; 表D.1及注a-c；未提供该设备技术的对应系数""}]",[],,,T/CSES 144-2024 7.2; 表D.1及注a-c；未提供该设备技术的对应系数,HARD_CONSTRAINT_CONFLICT; FACTOR_NOT_APPLICABLE
SRC-RAW-FCC268F768A43B518486,POWER,BC,source_data_invalid,产排污系数法/煤质物料衡算法,"[{""component"": ""燃料一"", ""fuel"": ""液化天然气"", ""raw_amount"": -10268.64, ""unit"": ""吨"", ""generation_use"": 5134.32, ""heat_use"": 5134.32, ""amount"": -10268.64, ""sulfur"": ""0.000"", ""sulfur_unit"": ""%"", ""ash"": ""0.00"", ""source_row"": 190}]","[{""component"": ""燃料一"", ""factor"": null, ""unit"": ""g/kg"", ""reference"": ""T/CSES 144-2024 7.2; 表D.1及注a-c；未提供该设备技术的对应系数""}]",[],,,T/CSES 144-2024 7.2; 表D.1及注a-c；未提供该设备技术的对应系数,HARD_CONSTRAINT_CONFLICT; FACTOR_NOT_APPLICABLE
SRC-RAW-FCC268F768A43B518486,POWER,OC,source_data_invalid,产排污系数法/煤质物料衡算法,"[{""component"": ""燃料一"", ""fuel"": ""液化天然气"", ""raw_amount"": -10268.64, ""unit"": ""吨"", ""generation_use"": 5134.32, ""heat_use"": 5134.32, ""amount"": -10268.64, ""sulfur"": ""0.000"", ""sulfur_unit"": ""%"", ""ash"": ""0.00"", ""source_row"": 190}]","[{""component"": ""燃料一"", ""factor"": null, ""unit"": ""g/kg"", ""reference"": ""T/CSES 144-2024 7.2; 表D.1及注a-c；未提供该设备技术的对应系数""}]",[],,,T/CSES 144-2024 7.2; 表D.1及注a-c；未提供该设备技术的对应系数,HARD_CONSTRAINT_CONFLICT; FACTOR_NOT_APPLICABLE
SRC-RAW-FCC268F768A43B518486,POWER,NH3,not_involved,第7章核算范围,[],[],[],,,T/CSES 144-2024第7章、表D.1；未列NH3，未将缺省范围解释为零排放,OUTSIDE_CHAPTER7_POLLUTANT_SCOPE
SRC-RAW-2DC355A7DAB92666CE8A,POWER,SO2,information_insufficient,产排污系数法/煤质物料衡算法,"[{""component"": ""燃料一"", ""fuel"": ""液化天然气"", ""raw_amount"": 8084.18, ""unit"": ""吨"", ""generation_use"": 4042.09, ""heat_use"": 4042.09, ""amount"": 8084.18, ""sulfur"": ""0.000"", ""sulfur_unit"": ""%"", ""ash"": ""0.00"", ""source_row"": 191}]","[{""component"": ""燃料一"", ""factor"": null, ""unit"": ""g/kg"", ""reference"": ""T/CSES 144-2024 7.2; 表D.1及注a-c；未提供该设备技术的对应系数""}]",[],,,T/CSES 144-2024 7.2; 表D.1及注a-c；未提供该设备技术的对应系数,FACTOR_NOT_APPLICABLE
SRC-RAW-2DC355A7DAB92666CE8A,POWER,NOx,information_insufficient,产排污系数法/煤质物料衡算法,"[{""component"": ""燃料一"", ""fuel"": ""液化天然气"", ""raw_amount"": 8084.18, ""unit"": ""吨"", ""generation_use"": 4042.09, ""heat_use"": 4042.09, ""amount"": 8084.18, ""sulfur"": ""0.000"", ""sulfur_unit"": ""%"", ""ash"": ""0.00"", ""source_row"": 191}]","[{""component"": ""燃料一"", ""factor"": null, ""unit"": ""g/kg"", ""reference"": ""T/CSES 144-2024 7.2; 表D.1及注a-c；未提供该设备技术的对应系数""}]",[],,,T/CSES 144-2024 7.2; 表D.1及注a-c；未提供该设备技术的对应系数,FACTOR_NOT_APPLICABLE
SRC-RAW-2DC355A7DAB92666CE8A,POWER,CO,information_insufficient,产排污系数法/煤质物料衡算法,"[{""component"": ""燃料一"", ""fuel"": ""液化天然气"", ""raw_amount"": 8084.18, ""unit"": ""吨"", ""generation_use"": 4042.09, ""heat_use"": 4042.09, ""amount"": 8084.18, ""sulfur"": ""0.000"", ""sulfur_unit"": ""%"", ""ash"": ""0.00"", ""source_row"": 191}]","[{""component"": ""燃料一"", ""factor"": null, ""unit"": ""g/kg"", ""reference"": ""T/CSES 144-2024 7.2; 表D.1及注a-c；未提供该设备技术的对应系数""}]",[],,,T/CSES 144-2024 7.2; 表D.1及注a-c；未提供该设备技术的对应系数,FACTOR_NOT_APPLICABLE
SRC-RAW-2DC355A7DAB92666CE8A,POWER,VOC,information_insufficient,产排污系数法/煤质物料衡算法,"[{""component"": ""燃料一"", ""fuel"": ""液化天然气"", ""raw_amount"": 8084.18, ""unit"": ""吨"", ""generation_use"": 4042.09, ""heat_use"": 4042.09, ""amount"": 8084.18, ""sulfur"": ""0.000"", ""sulfur_unit"": ""%"", ""ash"": ""0.00"", ""source_row"": 191}]","[{""component"": ""燃料一"", ""factor"": null, ""unit"": ""g/kg"", ""reference"": ""T/CSES 144-2024 7.2; 表D.1及注a-c；未提供该设备技术的对应系数""}]",[],,,T/CSES 144-2024 7.2; 表D.1及注a-c；未提供该设备技术的对应系数,FACTOR_NOT_APPLICABLE
SRC-RAW-2DC355A7DAB92666CE8A,POWER,PM10,information_insufficient,产排污系数法/煤质物料衡算法,"[{""component"": ""燃料一"", ""fuel"": ""液化天然气"", ""raw_amount"": 8084.18, ""unit"": ""吨"", ""generation_use"": 4042.09, ""heat_use"": 4042.09, ""amount"": 8084.18, ""sulfur"": ""0.000"", ""sulfur_unit"": ""%"", ""ash"": ""0.00"", ""source_row"": 191}]","[{""component"": ""燃料一"", ""factor"": null, ""unit"": ""g/kg"", ""reference"": ""T/CSES 144-2024 7.2; 表D.1及注a-c；未提供该设备技术的对应系数""}]",[],,,T/CSES 144-2024 7.2; 表D.1及注a-c；未提供该设备技术的对应系数,FACTOR_NOT_APPLICABLE
SRC-RAW-2DC355A7DAB92666CE8A,POWER,PM2.5,information_insufficient,产排污系数法/煤质物料衡算法,"[{""component"": ""燃料一"", ""fuel"": ""液化天然气"", ""raw_amount"": 8084.18, ""unit"": ""吨"", ""generation_use"": 4042.09, ""heat_use"": 4042.09, ""amount"": 8084.18, ""sulfur"": ""0.000"", ""sulfur_unit"": ""%"", ""ash"": ""0.00"", ""source_row"": 191}]","[{""component"": ""燃料一"", ""factor"": null, ""unit"": ""g/kg"", ""reference"": ""T/CSES 144-2024 7.2; 表D.1及注a-c；未提供该设备技术的对应系数""}]",[],,,T/CSES 144-2024 7.2; 表D.1及注a-c；未提供该设备技术的对应系数,FACTOR_NOT_APPLICABLE
SRC-RAW-2DC355A7DAB92666CE8A,POWER,BC,information_insufficient,产排污系数法/煤质物料衡算法,"[{""component"": ""燃料一"", ""fuel"": ""液化天然气"", ""raw_amount"": 8084.18, ""unit"": ""吨"", ""generation_use"": 4042.09, ""heat_use"": 4042.09, ""amount"": 8084.18, ""sulfur"": ""0.000"", ""sulfur_unit"": ""%"", ""ash"": ""0.00"", ""source_row"": 191}]","[{""component"": ""燃料一"", ""factor"": null, ""unit"": ""g/kg"", ""reference"": ""T/CSES 144-2024 7.2; 表D.1及注a-c；未提供该设备技术的对应系数""}]",[],,,T/CSES 144-2024 7.2; 表D.1及注a-c；未提供该设备技术的对应系数,FACTOR_NOT_APPLICABLE
SRC-RAW-2DC355A7DAB92666CE8A,POWER,OC,information_insufficient,产排污系数法/煤质物料衡算法,"[{""component"": ""燃料一"", ""fuel"": ""液化天然气"", ""raw_amount"": 8084.18, ""unit"": ""吨"", ""generation_use"": 4042.09, ""heat_use"": 4042.09, ""amount"": 8084.18, ""sulfur"": ""0.000"", ""sulfur_unit"": ""%"", ""ash"": ""0.00"", ""source_row"": 191}]","[{""component"": ""燃料一"", ""factor"": null, ""unit"": ""g/kg"", ""reference"": ""T/CSES 144-2024 7.2; 表D.1及注a-c；未提供该设备技术的对应系数""}]",[],,,T/CSES 144-2024 7.2; 表D.1及注a-c；未提供该设备技术的对应系数,FACTOR_NOT_APPLICABLE
SRC-RAW-2DC355A7DAB92666CE8A,POWER,NH3,not_involved,第7章核算范围,[],[],[],,,T/CSES 144-2024第7章、表D.1；未列NH3，未将缺省范围解释为零排放,OUTSIDE_CHAPTER7_POLLUTANT_SCOPE
SRC-RAW-DEAEFF26B2F6E10A50BC,POWER,SO2,source_data_invalid,产排污系数法/煤质物料衡算法,"[{""component"": ""燃料一"", ""fuel"": ""原煤"", ""raw_amount"": -1278416.0, ""unit"": ""吨"", ""generation_use"": 1014095.657, ""heat_use"": 264320.343, ""amount"": -1278416.0, ""sulfur"": ""0.320"", ""sulfur_unit"": ""%"", ""ash"": ""15.61"", ""source_row"": 194}]","[{""component"": ""燃料一"", ""factor"": 5.44, ""unit"": ""g/kg"", ""reference"": ""式(3)、表C.1；S按质量分数；sr=0.15；g/kg""}]",[],,,式(3)、表C.1；S按质量分数；sr=0.15；g/kg,HARD_CONSTRAINT_CONFLICT
SRC-RAW-DEAEFF26B2F6E10A50BC,POWER,NOx,source_data_invalid,产排污系数法/煤质物料衡算法,"[{""component"": ""燃料一"", ""fuel"": ""原煤"", ""raw_amount"": -1278416.0, ""unit"": ""吨"", ""generation_use"": 1014095.657, ""heat_use"": 264320.343, ""amount"": -1278416.0, ""sulfur"": ""0.320"", ""sulfur_unit"": ""%"", ""ash"": ""15.61"", ""source_row"": 194}]","[{""component"": ""燃料一"", ""factor"": 7.21, ""unit"": ""g/kg"", ""reference"": ""T/CSES 144-2024 7.2; 表D.1及注a-c；万千瓦×10=MW""}]",[],,,T/CSES 144-2024 7.2; 表D.1及注a-c；万千瓦×10=MW,HARD_CONSTRAINT_CONFLICT
SRC-RAW-DEAEFF26B2F6E10A50BC,POWER,CO,source_data_invalid,产排污系数法/煤质物料衡算法,"[{""component"": ""燃料一"", ""fuel"": ""原煤"", ""raw_amount"": -1278416.0, ""unit"": ""吨"", ""generation_use"": 1014095.657, ""heat_use"": 264320.343, ""amount"": -1278416.0, ""sulfur"": ""0.320"", ""sulfur_unit"": ""%"", ""ash"": ""15.61"", ""source_row"": 194}]","[{""component"": ""燃料一"", ""factor"": 2, ""unit"": ""g/kg"", ""reference"": ""T/CSES 144-2024 7.2; 表D.1及注a-c""}]",[],,,T/CSES 144-2024 7.2; 表D.1及注a-c,HARD_CONSTRAINT_CONFLICT
SRC-RAW-DEAEFF26B2F6E10A50BC,POWER,VOC,source_data_invalid,产排污系数法/煤质物料衡算法,"[{""component"": ""燃料一"", ""fuel"": ""原煤"", ""raw_amount"": -1278416.0, ""unit"": ""吨"", ""generation_use"": 1014095.657, ""heat_use"": 264320.343, ""amount"": -1278416.0, ""sulfur"": ""0.320"", ""sulfur_unit"": ""%"", ""ash"": ""15.61"", ""source_row"": 194}]","[{""component"": ""燃料一"", ""factor"": 0.04, ""unit"": ""g/kg"", ""reference"": ""T/CSES 144-2024 7.2; 表D.1及注a-c""}]",[],,,T/CSES 144-2024 7.2; 表D.1及注a-c,HARD_CONSTRAINT_CONFLICT
SRC-RAW-DEAEFF26B2F6E10A50BC,POWER,PM10,source_data_invalid,产排污系数法/煤质物料衡算法,"[{""component"": ""燃料一"", ""fuel"": ""原煤"", ""raw_amount"": -1278416.0, ""unit"": ""吨"", ""generation_use"": 1014095.657, ""heat_use"": 264320.343, ""amount"": -1278416.0, ""sulfur"": ""0.320"", ""sulfur_unit"": ""%"", ""ash"": ""15.61"", ""source_row"": 194}]","[{""component"": ""燃料一"", ""factor"": 26.927249999999997, ""unit"": ""g/kg"", ""reference"": ""式(4)-(6)、表C.1-C.3；灰分质量分数；g/kg""}]",[],,,式(4)-(6)、表C.1-C.3；灰分质量分数；g/kg,HARD_CONSTRAINT_CONFLICT
SRC-RAW-DEAEFF26B2F6E10A50BC,POWER,PM2.5,source_data_invalid,产排污系数法/煤质物料衡算法,"[{""component"": ""燃料一"", ""fuel"": ""原煤"", ""raw_amount"": -1278416.0, ""unit"": ""吨"", ""generation_use"": 1014095.657, ""heat_use"": 264320.343, ""amount"": -1278416.0, ""sulfur"": ""0.320"", ""sulfur_unit"": ""%"", ""ash"": ""15.61"", ""source_row"": 194}]","[{""component"": ""燃料一"", ""factor"": 7.024499999999999, ""unit"": ""g/kg"", ""reference"": ""式(4)-(6)、表C.1-C.3；灰分质量分数；g/kg""}]",[],,,式(4)-(6)、表C.1-C.3；灰分质量分数；g/kg,HARD_CONSTRAINT_CONFLICT
SRC-RAW-DEAEFF26B2F6E10A50BC,POWER,BC,source_data_invalid,产排污系数法/煤质物料衡算法,"[{""component"": ""燃料一"", ""fuel"": ""原煤"", ""raw_amount"": -1278416.0, ""unit"": ""吨"", ""generation_use"": 1014095.657, ""heat_use"": 264320.343, ""amount"": -1278416.0, ""sulfur"": ""0.320"", ""sulfur_unit"": ""%"", ""ash"": ""15.61"", ""source_row"": 194}]","[{""component"": ""燃料一"", ""factor"": 0.014048999999999997, ""unit"": ""g/kg"", ""reference"": ""式(4)-(6)、表C.1-C.3；灰分质量分数；g/kg""}]",[],,,式(4)-(6)、表C.1-C.3；灰分质量分数；g/kg,HARD_CONSTRAINT_CONFLICT
SRC-RAW-DEAEFF26B2F6E10A50BC,POWER,OC,source_data_invalid,产排污系数法/煤质物料衡算法,"[{""component"": ""燃料一"", ""fuel"": ""原煤"", ""raw_amount"": -1278416.0, ""unit"": ""吨"", ""generation_use"": 1014095.657, ""heat_use"": 264320.343, ""amount"": -1278416.0, ""sulfur"": ""0.320"", ""sulfur_unit"": ""%"", ""ash"": ""15.61"", ""source_row"": 194}]","[{""component"": ""燃料一"", ""factor"": 0, ""unit"": ""g/kg"", ""reference"": ""式(6)、表C.3；电力生产/热力生产和供应OC占比=0""}]",[],,,式(6)、表C.3；电力生产/热力生产和供应OC占比=0,HARD_CONSTRAINT_CONFLICT
SRC-RAW-DEAEFF26B2F6E10A50BC,POWER,NH3,not_involved,第7章核算范围,[],[],[],,,T/CSES 144-2024第7章、表D.1；未列NH3，未将缺省范围解释为零排放,OUTSIDE_CHAPTER7_POLLUTANT_SCOPE
SRC-RAW-8454B9202B0628E9CEC4,POWER,SO2,information_insufficient,产排污系数法/煤质物料衡算法,"[{""component"": ""燃料一"", ""fuel"": ""原煤"", ""raw_amount"": null, ""unit"": ""吨"", ""generation_use"": 853410.242, ""heat_use"": 179901.758, ""amount"": 1033312.0, ""sulfur"": ""0.320"", ""sulfur_unit"": ""%"", ""ash"": ""16.06"", ""source_row"": 195, ""derivation"": ""同单位发电消耗量+供热消耗量，指南7.2.1.2活动水平定义""}]","[{""component"": ""燃料一"", ""factor"": 5.44, ""unit"": ""g/kg"", ""reference"": ""式(3)、表C.1；S按质量分数；sr=0.15；g/kg""}]",[],5621.217280000001,,式(3)、表C.1；S按质量分数；sr=0.15；g/kg,SOURCE_RELATION_MISSING
SRC-RAW-8454B9202B0628E9CEC4,POWER,NOx,information_insufficient,产排污系数法/煤质物料衡算法,"[{""component"": ""燃料一"", ""fuel"": ""原煤"", ""raw_amount"": null, ""unit"": ""吨"", ""generation_use"": 853410.242, ""heat_use"": 179901.758, ""amount"": 1033312.0, ""sulfur"": ""0.320"", ""sulfur_unit"": ""%"", ""ash"": ""16.06"", ""source_row"": 195, ""derivation"": ""同单位发电消耗量+供热消耗量，指南7.2.1.2活动水平定义""}]","[{""component"": ""燃料一"", ""factor"": 7.21, ""unit"": ""g/kg"", ""reference"": ""T/CSES 144-2024 7.2; 表D.1及注a-c；万千瓦×10=MW""}]",[],7450.17952,,T/CSES 144-2024 7.2; 表D.1及注a-c；万千瓦×10=MW,SOURCE_RELATION_MISSING
SRC-RAW-8454B9202B0628E9CEC4,POWER,CO,calculated,产排污系数法/煤质物料衡算法,"[{""component"": ""燃料一"", ""fuel"": ""原煤"", ""raw_amount"": null, ""unit"": ""吨"", ""generation_use"": 853410.242, ""heat_use"": 179901.758, ""amount"": 1033312.0, ""sulfur"": ""0.320"", ""sulfur_unit"": ""%"", ""ash"": ""16.06"", ""source_row"": 195, ""derivation"": ""同单位发电消耗量+供热消耗量，指南7.2.1.2活动水平定义""}]","[{""component"": ""燃料一"", ""factor"": 2, ""unit"": ""g/kg"", ""reference"": ""T/CSES 144-2024 7.2; 表D.1及注a-c""}]","[{""component"": ""燃烧源治理"", ""efficiency"": 0, ""reference"": ""表A.1燃烧源控制措施VOCs为0；CO按表D.1""}]",2066.6240000000003,2066.6240000000003,T/CSES 144-2024 7.2; 表D.1及注a-c,
SRC-RAW-8454B9202B0628E9CEC4,POWER,VOC,calculated,产排污系数法/煤质物料衡算法,"[{""component"": ""燃料一"", ""fuel"": ""原煤"", ""raw_amount"": null, ""unit"": ""吨"", ""generation_use"": 853410.242, ""heat_use"": 179901.758, ""amount"": 1033312.0, ""sulfur"": ""0.320"", ""sulfur_unit"": ""%"", ""ash"": ""16.06"", ""source_row"": 195, ""derivation"": ""同单位发电消耗量+供热消耗量，指南7.2.1.2活动水平定义""}]","[{""component"": ""燃料一"", ""factor"": 0.04, ""unit"": ""g/kg"", ""reference"": ""T/CSES 144-2024 7.2; 表D.1及注a-c""}]","[{""component"": ""燃烧源治理"", ""efficiency"": 0, ""reference"": ""表A.1燃烧源控制措施VOCs为0；CO按表D.1""}]",41.332480000000004,41.332480000000004,T/CSES 144-2024 7.2; 表D.1及注a-c,
SRC-RAW-8454B9202B0628E9CEC4,POWER,PM10,information_insufficient,产排污系数法/煤质物料衡算法,"[{""component"": ""燃料一"", ""fuel"": ""原煤"", ""raw_amount"": null, ""unit"": ""吨"", ""generation_use"": 853410.242, ""heat_use"": 179901.758, ""amount"": 1033312.0, ""sulfur"": ""0.320"", ""sulfur_unit"": ""%"", ""ash"": ""16.06"", ""source_row"": 195, ""derivation"": ""同单位发电消耗量+供热消耗量，指南7.2.1.2活动水平定义""}]","[{""component"": ""燃料一"", ""factor"": 27.703500000000002, ""unit"": ""g/kg"", ""reference"": ""式(4)-(6)、表C.1-C.3；灰分质量分数；g/kg""}]",[],28626.358992,,式(4)-(6)、表C.1-C.3；灰分质量分数；g/kg,SOURCE_RELATION_MISSING
SRC-RAW-8454B9202B0628E9CEC4,POWER,PM2.5,information_insufficient,产排污系数法/煤质物料衡算法,"[{""component"": ""燃料一"", ""fuel"": ""原煤"", ""raw_amount"": null, ""unit"": ""吨"", ""generation_use"": 853410.242, ""heat_use"": 179901.758, ""amount"": 1033312.0, ""sulfur"": ""0.320"", ""sulfur_unit"": ""%"", ""ash"": ""16.06"", ""source_row"": 195, ""derivation"": ""同单位发电消耗量+供热消耗量，指南7.2.1.2活动水平定义""}]","[{""component"": ""燃料一"", ""factor"": 7.227, ""unit"": ""g/kg"", ""reference"": ""式(4)-(6)、表C.1-C.3；灰分质量分数；g/kg""}]",[],7467.7458240000005,,式(4)-(6)、表C.1-C.3；灰分质量分数；g/kg,SOURCE_RELATION_MISSING
SRC-RAW-8454B9202B0628E9CEC4,POWER,BC,information_insufficient,产排污系数法/煤质物料衡算法,"[{""component"": ""燃料一"", ""fuel"": ""原煤"", ""raw_amount"": null, ""unit"": ""吨"", ""generation_use"": 853410.242, ""heat_use"": 179901.758, ""amount"": 1033312.0, ""sulfur"": ""0.320"", ""sulfur_unit"": ""%"", ""ash"": ""16.06"", ""source_row"": 195, ""derivation"": ""同单位发电消耗量+供热消耗量，指南7.2.1.2活动水平定义""}]","[{""component"": ""燃料一"", ""factor"": 0.014454000000000002, ""unit"": ""g/kg"", ""reference"": ""式(4)-(6)、表C.1-C.3；灰分质量分数；g/kg""}]",[],14.935491648000001,,式(4)-(6)、表C.1-C.3；灰分质量分数；g/kg,SOURCE_RELATION_MISSING
SRC-RAW-8454B9202B0628E9CEC4,POWER,OC,calculated,产排污系数法/煤质物料衡算法,"[{""component"": ""燃料一"", ""fuel"": ""原煤"", ""raw_amount"": null, ""unit"": ""吨"", ""generation_use"": 853410.242, ""heat_use"": 179901.758, ""amount"": 1033312.0, ""sulfur"": ""0.320"", ""sulfur_unit"": ""%"", ""ash"": ""16.06"", ""source_row"": 195, ""derivation"": ""同单位发电消耗量+供热消耗量，指南7.2.1.2活动水平定义""}]","[{""component"": ""燃料一"", ""factor"": 0, ""unit"": ""g/kg"", ""reference"": ""式(6)、表C.3；电力生产/热力生产和供应OC占比=0""}]",[],0.0,0,式(6)、表C.3；电力生产/热力生产和供应OC占比=0,
SRC-RAW-8454B9202B0628E9CEC4,POWER,NH3,not_involved,第7章核算范围,[],[],[],,,T/CSES 144-2024第7章、表D.1；未列NH3，未将缺省范围解释为零排放,OUTSIDE_CHAPTER7_POLLUTANT_SCOPE
SRC-RAW-98EE935979FF9D9781A6,POWER,SO2,calculated,产排污系数法/煤质物料衡算法,"[{""component"": ""燃料一"", ""fuel"": ""天然气"", ""raw_amount"": 350.0, ""unit"": ""万立方米"", ""generation_use"": 0.0, ""heat_use"": 350.0, ""amount"": 350.0, ""sulfur"": ""200.000"", ""sulfur_unit"": ""毫克/立方米"", ""ash"": null, ""source_row"": 196}]","[{""component"": ""燃料一"", ""factor"": 0, ""unit"": ""g/m3"", ""reference"": ""T/CSES 144-2024 7.2; 表D.1及注a-c""}]",[],0.0,0,T/CSES 144-2024 7.2; 表D.1及注a-c,
SRC-RAW-98EE935979FF9D9781A6,POWER,NOx,information_insufficient,产排污系数法/煤质物料衡算法,"[{""component"": ""燃料一"", ""fuel"": ""天然气"", ""raw_amount"": 350.0, ""unit"": ""万立方米"", ""generation_use"": 0.0, ""heat_use"": 350.0, ""amount"": 350.0, ""sulfur"": ""200.000"", ""sulfur_unit"": ""毫克/立方米"", ""ash"": null, ""source_row"": 196}]","[{""component"": ""燃料一"", ""factor"": 4.1, ""unit"": ""g/m3"", ""reference"": ""T/CSES 144-2024 7.2; 表D.1及注a-c""}]",[],14.349999999999998,,T/CSES 144-2024 7.2; 表D.1及注a-c,SOURCE_RELATION_MISSING
SRC-RAW-98EE935979FF9D9781A6,POWER,CO,calculated,产排污系数法/煤质物料衡算法,"[{""component"": ""燃料一"", ""fuel"": ""天然气"", ""raw_amount"": 350.0, ""unit"": ""万立方米"", ""generation_use"": 0.0, ""heat_use"": 350.0, ""amount"": 350.0, ""sulfur"": ""200.000"", ""sulfur_unit"": ""毫克/立方米"", ""ash"": null, ""source_row"": 196}]","[{""component"": ""燃料一"", ""factor"": 1.3, ""unit"": ""g/m3"", ""reference"": ""T/CSES 144-2024 7.2; 表D.1及注a-c""}]","[{""component"": ""燃烧源治理"", ""efficiency"": 0, ""reference"": ""表A.1燃烧源控制措施VOCs为0；CO按表D.1""}]",4.55,4.55,T/CSES 144-2024 7.2; 表D.1及注a-c,
SRC-RAW-98EE935979FF9D9781A6,POWER,VOC,calculated,产排污系数法/煤质物料衡算法,"[{""component"": ""燃料一"", ""fuel"": ""天然气"", ""raw_amount"": 350.0, ""unit"": ""万立方米"", ""generation_use"": 0.0, ""heat_use"": 350.0, ""amount"": 350.0, ""sulfur"": ""200.000"", ""sulfur_unit"": ""毫克/立方米"", ""ash"": null, ""source_row"": 196}]","[{""component"": ""燃料一"", ""factor"": 0.02, ""unit"": ""g/m3"", ""reference"": ""T/CSES 144-2024 7.2; 表D.1及注a-c""}]","[{""component"": ""燃烧源治理"", ""efficiency"": 0, ""reference"": ""表A.1燃烧源控制措施VOCs为0；CO按表D.1""}]",0.07,0.07,T/CSES 144-2024 7.2; 表D.1及注a-c,
SRC-RAW-98EE935979FF9D9781A6,POWER,PM10,information_insufficient,产排污系数法/煤质物料衡算法,"[{""component"": ""燃料一"", ""fuel"": ""天然气"", ""raw_amount"": 350.0, ""unit"": ""万立方米"", ""generation_use"": 0.0, ""heat_use"": 350.0, ""amount"": 350.0, ""sulfur"": ""200.000"", ""sulfur_unit"": ""毫克/立方米"", ""ash"": null, ""source_row"": 196}]","[{""component"": ""燃料一"", ""factor"": 0.03, ""unit"": ""g/m3"", ""reference"": ""T/CSES 144-2024 7.2; 表D.1及注a-c""}]",[],0.105,,T/CSES 144-2024 7.2; 表D.1及注a-c,SOURCE_RELATION_MISSING
SRC-RAW-98EE935979FF9D9781A6,POWER,PM2.5,information_insufficient,产排污系数法/煤质物料衡算法,"[{""component"": ""燃料一"", ""fuel"": ""天然气"", ""raw_amount"": 350.0, ""unit"": ""万立方米"", ""generation_use"": 0.0, ""heat_use"": 350.0, ""amount"": 350.0, ""sulfur"": ""200.000"", ""sulfur_unit"": ""毫克/立方米"", ""ash"": null, ""source_row"": 196}]","[{""component"": ""燃料一"", ""factor"": 0.03, ""unit"": ""g/m3"", ""reference"": ""T/CSES 144-2024 7.2; 表D.1及注a-c""}]",[],0.105,,T/CSES 144-2024 7.2; 表D.1及注a-c,SOURCE_RELATION_MISSING
SRC-RAW-98EE935979FF9D9781A6,POWER,BC,calculated,产排污系数法/煤质物料衡算法,"[{""component"": ""燃料一"", ""fuel"": ""天然气"", ""raw_amount"": 350.0, ""unit"": ""万立方米"", ""generation_use"": 0.0, ""heat_use"": 350.0, ""amount"": 350.0, ""sulfur"": ""200.000"", ""sulfur_unit"": ""毫克/立方米"", ""ash"": null, ""source_row"": 196}]","[{""component"": ""燃料一"", ""factor"": 0, ""unit"": ""g/m3"", ""reference"": ""T/CSES 144-2024 7.2; 表D.1及注a-c""}]",[],0.0,0,T/CSES 144-2024 7.2; 表D.1及注a-c,
SRC-RAW-98EE935979FF9D9781A6,POWER,OC,calculated,产排污系数法/煤质物料衡算法,"[{""component"": ""燃料一"", ""fuel"": ""天然气"", ""raw_amount"": 350.0, ""unit"": ""万立方米"", ""generation_use"": 0.0, ""heat_use"": 350.0, ""amount"": 350.0, ""sulfur"": ""200.000"", ""sulfur_unit"": ""毫克/立方米"", ""ash"": null, ""source_row"": 196}]","[{""component"": ""燃料一"", ""factor"": 0, ""unit"": ""g/m3"", ""reference"": ""T/CSES 144-2024 7.2; 表D.1及注a-c""}]",[],0.0,0,T/CSES 144-2024 7.2; 表D.1及注a-c,
SRC-RAW-98EE935979FF9D9781A6,POWER,NH3,not_involved,第7章核算范围,[],[],[],,,T/CSES 144-2024第7章、表D.1；未列NH3，未将缺省范围解释为零排放,OUTSIDE_CHAPTER7_POLLUTANT_SCOPE
SRC-RAW-129F5F9B694D3A429A0B,POWER,SO2,information_insufficient,产排污系数法/煤质物料衡算法,"[{""component"": ""燃料一"", ""fuel"": ""天然气"", ""raw_amount"": 19952.265, ""unit"": ""万立方米"", ""generation_use"": 18022.607, ""heat_use"": 1929.658, ""amount"": 19952.265, ""sulfur"": ""0.000"", ""sulfur_unit"": ""毫克/立方米"", ""ash"": ""0.00"", ""source_row"": 197}]","[{""component"": ""燃料一"", ""factor"": null, ""unit"": ""g/m3"", ""reference"": ""T/CSES 144-2024 7.2; 表D.1及注a-c；未提供该设备技术的对应系数""}]",[],,,T/CSES 144-2024 7.2; 表D.1及注a-c；未提供该设备技术的对应系数,FACTOR_NOT_APPLICABLE
SRC-RAW-129F5F9B694D3A429A0B,POWER,NOx,information_insufficient,产排污系数法/煤质物料衡算法,"[{""component"": ""燃料一"", ""fuel"": ""天然气"", ""raw_amount"": 19952.265, ""unit"": ""万立方米"", ""generation_use"": 18022.607, ""heat_use"": 1929.658, ""amount"": 19952.265, ""sulfur"": ""0.000"", ""sulfur_unit"": ""毫克/立方米"", ""ash"": ""0.00"", ""source_row"": 197}]","[{""component"": ""燃料一"", ""factor"": null, ""unit"": ""g/m3"", ""reference"": ""T/CSES 144-2024 7.2; 表D.1及注a-c；未提供该设备技术的对应系数""}]",[],,,T/CSES 144-2024 7.2; 表D.1及注a-c；未提供该设备技术的对应系数,FACTOR_NOT_APPLICABLE
SRC-RAW-129F5F9B694D3A429A0B,POWER,CO,information_insufficient,产排污系数法/煤质物料衡算法,"[{""component"": ""燃料一"", ""fuel"": ""天然气"", ""raw_amount"": 19952.265, ""unit"": ""万立方米"", ""generation_use"": 18022.607, ""heat_use"": 1929.658, ""amount"": 19952.265, ""sulfur"": ""0.000"", ""sulfur_unit"": ""毫克/立方米"", ""ash"": ""0.00"", ""source_row"": 197}]","[{""component"": ""燃料一"", ""factor"": null, ""unit"": ""g/m3"", ""reference"": ""T/CSES 144-2024 7.2; 表D.1及注a-c；未提供该设备技术的对应系数""}]",[],,,T/CSES 144-2024 7.2; 表D.1及注a-c；未提供该设备技术的对应系数,FACTOR_NOT_APPLICABLE
SRC-RAW-129F5F9B694D3A429A0B,POWER,VOC,information_insufficient,产排污系数法/煤质物料衡算法,"[{""component"": ""燃料一"", ""fuel"": ""天然气"", ""raw_amount"": 19952.265, ""unit"": ""万立方米"", ""generation_use"": 18022.607, ""heat_use"": 1929.658, ""amount"": 19952.265, ""sulfur"": ""0.000"", ""sulfur_unit"": ""毫克/立方米"", ""ash"": ""0.00"", ""source_row"": 197}]","[{""component"": ""燃料一"", ""factor"": null, ""unit"": ""g/m3"", ""reference"": ""T/CSES 144-2024 7.2; 表D.1及注a-c；未提供该设备技术的对应系数""}]",[],,,T/CSES 144-2024 7.2; 表D.1及注a-c；未提供该设备技术的对应系数,FACTOR_NOT_APPLICABLE
SRC-RAW-129F5F9B694D3A429A0B,POWER,PM10,information_insufficient,产排污系数法/煤质物料衡算法,"[{""component"": ""燃料一"", ""fuel"": ""天然气"", ""raw_amount"": 19952.265, ""unit"": ""万立方米"", ""generation_use"": 18022.607, ""heat_use"": 1929.658, ""amount"": 19952.265, ""sulfur"": ""0.000"", ""sulfur_unit"": ""毫克/立方米"", ""ash"": ""0.00"", ""source_row"": 197}]","[{""component"": ""燃料一"", ""factor"": null, ""unit"": ""g/m3"", ""reference"": ""T/CSES 144-2024 7.2; 表D.1及注a-c；未提供该设备技术的对应系数""}]",[],,,T/CSES 144-2024 7.2; 表D.1及注a-c；未提供该设备技术的对应系数,FACTOR_NOT_APPLICABLE
SRC-RAW-129F5F9B694D3A429A0B,POWER,PM2.5,information_insufficient,产排污系数法/煤质物料衡算法,"[{""component"": ""燃料一"", ""fuel"": ""天然气"", ""raw_amount"": 19952.265, ""unit"": ""万立方米"", ""generation_use"": 18022.607, ""heat_use"": 1929.658, ""amount"": 19952.265, ""sulfur"": ""0.000"", ""sulfur_unit"": ""毫克/立方米"", ""ash"": ""0.00"", ""source_row"": 197}]","[{""component"": ""燃料一"", ""factor"": null, ""unit"": ""g/m3"", ""reference"": ""T/CSES 144-2024 7.2; 表D.1及注a-c；未提供该设备技术的对应系数""}]",[],,,T/CSES 144-2024 7.2; 表D.1及注a-c；未提供该设备技术的对应系数,FACTOR_NOT_APPLICABLE
SRC-RAW-129F5F9B694D3A429A0B,POWER,BC,information_insufficient,产排污系数法/煤质物料衡算法,"[{""component"": ""燃料一"", ""fuel"": ""天然气"", ""raw_amount"": 19952.265, ""unit"": ""万立方米"", ""generation_use"": 18022.607, ""heat_use"": 1929.658, ""amount"": 19952.265, ""sulfur"": ""0.000"", ""sulfur_unit"": ""毫克/立方米"", ""ash"": ""0.00"", ""source_row"": 197}]","[{""component"": ""燃料一"", ""factor"": null, ""unit"": ""g/m3"", ""reference"": ""T/CSES 144-2024 7.2; 表D.1及注a-c；未提供该设备技术的对应系数""}]",[],,,T/CSES 144-2024 7.2; 表D.1及注a-c；未提供该设备技术的对应系数,FACTOR_NOT_APPLICABLE
SRC-RAW-129F5F9B694D3A429A0B,POWER,OC,information_insufficient,产排污系数法/煤质物料衡算法,"[{""component"": ""燃料一"", ""fuel"": ""天然气"", ""raw_amount"": 19952.265, ""unit"": ""万立方米"", ""generation_use"": 18022.607, ""heat_use"": 1929.658, ""amount"": 19952.265, ""sulfur"": ""0.000"", ""sulfur_unit"": ""毫克/立方米"", ""ash"": ""0.00"", ""source_row"": 197}]","[{""component"": ""燃料一"", ""factor"": null, ""unit"": ""g/m3"", ""reference"": ""T/CSES 144-2024 7.2; 表D.1及注a-c；未提供该设备技术的对应系数""}]",[],,,T/CSES 144-2024 7.2; 表D.1及注a-c；未提供该设备技术的对应系数,FACTOR_NOT_APPLICABLE
SRC-RAW-129F5F9B694D3A429A0B,POWER,NH3,not_involved,第7章核算范围,[],[],[],,,T/CSES 144-2024第7章、表D.1；未列NH3，未将缺省范围解释为零排放,OUTSIDE_CHAPTER7_POLLUTANT_SCOPE
SRC-RAW-F4651AD603FDCB921B58,POWER,SO2,information_insufficient,产排污系数法/煤质物料衡算法,"[{""component"": ""燃料一"", ""fuel"": ""液化石油气"", ""raw_amount"": null, ""unit"": ""吨"", ""generation_use"": null, ""heat_use"": 17400.0, ""amount"": null, ""sulfur"": null, ""sulfur_unit"": ""%"", ""ash"": null, ""source_row"": 201}]","[{""component"": ""燃料一"", ""factor"": 0, ""unit"": ""g/kg"", ""reference"": ""T/CSES 144-2024 7.2; 表D.1及注a-c""}]",[],,,T/CSES 144-2024 7.2; 表D.1及注a-c,ACTIVITY_MISSING
SRC-RAW-F4651AD603FDCB921B58,POWER,NOx,information_insufficient,产排污系数法/煤质物料衡算法,"[{""component"": ""燃料一"", ""fuel"": ""液化石油气"", ""raw_amount"": null, ""unit"": ""吨"", ""generation_use"": null, ""heat_use"": 17400.0, ""amount"": null, ""sulfur"": null, ""sulfur_unit"": ""%"", ""ash"": null, ""source_row"": 201}]","[{""component"": ""燃料一"", ""factor"": 3.74, ""unit"": ""g/kg"", ""reference"": ""T/CSES 144-2024 7.2; 表D.1及注a-c""}]",[],,,T/CSES 144-2024 7.2; 表D.1及注a-c,ACTIVITY_MISSING
SRC-RAW-F4651AD603FDCB921B58,POWER,CO,information_insufficient,产排污系数法/煤质物料衡算法,"[{""component"": ""燃料一"", ""fuel"": ""液化石油气"", ""raw_amount"": null, ""unit"": ""吨"", ""generation_use"": null, ""heat_use"": 17400.0, ""amount"": null, ""sulfur"": null, ""sulfur_unit"": ""%"", ""ash"": null, ""source_row"": 201}]","[{""component"": ""燃料一"", ""factor"": 0.36, ""unit"": ""g/kg"", ""reference"": ""T/CSES 144-2024 7.2; 表D.1及注a-c""}]",[],,,T/CSES 144-2024 7.2; 表D.1及注a-c,ACTIVITY_MISSING
SRC-RAW-F4651AD603FDCB921B58,POWER,VOC,information_insufficient,产排污系数法/煤质物料衡算法,"[{""component"": ""燃料一"", ""fuel"": ""液化石油气"", ""raw_amount"": null, ""unit"": ""吨"", ""generation_use"": null, ""heat_use"": 17400.0, ""amount"": null, ""sulfur"": null, ""sulfur_unit"": ""%"", ""ash"": null, ""source_row"": 201}]","[{""component"": ""燃料一"", ""factor"": 33, ""unit"": ""g/kg"", ""reference"": ""T/CSES 144-2024 7.2; 表D.1及注a-c""}]",[],,,T/CSES 144-2024 7.2; 表D.1及注a-c,ACTIVITY_MISSING
SRC-RAW-F4651AD603FDCB921B58,POWER,PM10,information_insufficient,产排污系数法/煤质物料衡算法,"[{""component"": ""燃料一"", ""fuel"": ""液化石油气"", ""raw_amount"": null, ""unit"": ""吨"", ""generation_use"": null, ""heat_use"": 17400.0, ""amount"": null, ""sulfur"": null, ""sulfur_unit"": ""%"", ""ash"": null, ""source_row"": 201}]","[{""component"": ""燃料一"", ""factor"": 0.17, ""unit"": ""g/kg"", ""reference"": ""T/CSES 144-2024 7.2; 表D.1及注a-c""}]",[],,,T/CSES 144-2024 7.2; 表D.1及注a-c,ACTIVITY_MISSING
SRC-RAW-F4651AD603FDCB921B58,POWER,PM2.5,information_insufficient,产排污系数法/煤质物料衡算法,"[{""component"": ""燃料一"", ""fuel"": ""液化石油气"", ""raw_amount"": null, ""unit"": ""吨"", ""generation_use"": null, ""heat_use"": 17400.0, ""amount"": null, ""sulfur"": null, ""sulfur_unit"": ""%"", ""ash"": null, ""source_row"": 201}]","[{""component"": ""燃料一"", ""factor"": 0.17, ""unit"": ""g/kg"", ""reference"": ""T/CSES 144-2024 7.2; 表D.1及注a-c""}]",[],,,T/CSES 144-2024 7.2; 表D.1及注a-c,ACTIVITY_MISSING
SRC-RAW-F4651AD603FDCB921B58,POWER,BC,information_insufficient,产排污系数法/煤质物料衡算法,"[{""component"": ""燃料一"", ""fuel"": ""液化石油气"", ""raw_amount"": null, ""unit"": ""吨"", ""generation_use"": null, ""heat_use"": 17400.0, ""amount"": null, ""sulfur"": null, ""sulfur_unit"": ""%"", ""ash"": null, ""source_row"": 201}]","[{""component"": ""燃料一"", ""factor"": 0.02, ""unit"": ""g/kg"", ""reference"": ""T/CSES 144-2024 7.2; 表D.1及注a-c""}]",[],,,T/CSES 144-2024 7.2; 表D.1及注a-c,ACTIVITY_MISSING
SRC-RAW-F4651AD603FDCB921B58,POWER,OC,information_insufficient,产排污系数法/煤质物料衡算法,"[{""component"": ""燃料一"", ""fuel"": ""液化石油气"", ""raw_amount"": null, ""unit"": ""吨"", ""generation_use"": null, ""heat_use"": 17400.0, ""amount"": null, ""sulfur"": null, ""sulfur_unit"": ""%"", ""ash"": null, ""source_row"": 201}]","[{""component"": ""燃料一"", ""factor"": 0.09, ""unit"": ""g/kg"", ""reference"": ""T/CSES 144-2024 7.2; 表D.1及注a-c""}]",[],,,T/CSES 144-2024 7.2; 表D.1及注a-c,ACTIVITY_MISSING
SRC-RAW-F4651AD603FDCB921B58,POWER,NH3,not_involved,第7章核算范围,[],[],[],,,T/CSES 144-2024第7章、表D.1；未列NH3，未将缺省范围解释为零排放,OUTSIDE_CHAPTER7_POLLUTANT_SCOPE
SRC-RAW-83889A99A6D073CA7B35,POWER,SO2,calculated,产排污系数法/煤质物料衡算法,"[{""component"": ""燃料一"", ""fuel"": ""液化天然气"", ""raw_amount"": 666.04, ""unit"": ""吨"", ""generation_use"": null, ""heat_use"": 666.04, ""amount"": 666.04, ""sulfur"": ""0.010"", ""sulfur_unit"": ""%"", ""ash"": null, ""source_row"": 205}]","[{""component"": ""燃料一"", ""factor"": 0, ""unit"": ""g/kg"", ""reference"": ""T/CSES 144-2024 7.2; 表D.1及注a-c""}]",[],0.0,0,T/CSES 144-2024 7.2; 表D.1及注a-c,
SRC-RAW-83889A99A6D073CA7B35,POWER,NOx,information_insufficient,产排污系数法/煤质物料衡算法,"[{""component"": ""燃料一"", ""fuel"": ""液化天然气"", ""raw_amount"": 666.04, ""unit"": ""吨"", ""generation_use"": null, ""heat_use"": 666.04, ""amount"": 666.04, ""sulfur"": ""0.010"", ""sulfur_unit"": ""%"", ""ash"": null, ""source_row"": 205}]","[{""component"": ""燃料一"", ""factor"": 3.74, ""unit"": ""g/kg"", ""reference"": ""T/CSES 144-2024 7.2; 表D.1及注a-c""}]",[],2.4909896,,T/CSES 144-2024 7.2; 表D.1及注a-c,SOURCE_RELATION_MISSING
SRC-RAW-83889A99A6D073CA7B35,POWER,CO,calculated,产排污系数法/煤质物料衡算法,"[{""component"": ""燃料一"", ""fuel"": ""液化天然气"", ""raw_amount"": 666.04, ""unit"": ""吨"", ""generation_use"": null, ""heat_use"": 666.04, ""amount"": 666.04, ""sulfur"": ""0.010"", ""sulfur_unit"": ""%"", ""ash"": null, ""source_row"": 205}]","[{""component"": ""燃料一"", ""factor"": 0.36, ""unit"": ""g/kg"", ""reference"": ""T/CSES 144-2024 7.2; 表D.1及注a-c""}]","[{""component"": ""燃烧源治理"", ""efficiency"": 0, ""reference"": ""表A.1燃烧源控制措施VOCs为0；CO按表D.1""}]",0.2397744,0.2397744,T/CSES 144-2024 7.2; 表D.1及注a-c,
SRC-RAW-83889A99A6D073CA7B35,POWER,VOC,calculated,产排污系数法/煤质物料衡算法,"[{""component"": ""燃料一"", ""fuel"": ""液化天然气"", ""raw_amount"": 666.04, ""unit"": ""吨"", ""generation_use"": null, ""heat_use"": 666.04, ""amount"": 666.04, ""sulfur"": ""0.010"", ""sulfur_unit"": ""%"", ""ash"": null, ""source_row"": 205}]","[{""component"": ""燃料一"", ""factor"": 33, ""unit"": ""g/kg"", ""reference"": ""T/CSES 144-2024 7.2; 表D.1及注a-c""}]","[{""component"": ""燃烧源治理"", ""efficiency"": 0, ""reference"": ""表A.1燃烧源控制措施VOCs为0；CO按表D.1""}]",21.97932,21.97932,T/CSES 144-2024 7.2; 表D.1及注a-c,
SRC-RAW-83889A99A6D073CA7B35,POWER,PM10,information_insufficient,产排污系数法/煤质物料衡算法,"[{""component"": ""燃料一"", ""fuel"": ""液化天然气"", ""raw_amount"": 666.04, ""unit"": ""吨"", ""generation_use"": null, ""heat_use"": 666.04, ""amount"": 666.04, ""sulfur"": ""0.010"", ""sulfur_unit"": ""%"", ""ash"": null, ""source_row"": 205}]","[{""component"": ""燃料一"", ""factor"": 0.17, ""unit"": ""g/kg"", ""reference"": ""T/CSES 144-2024 7.2; 表D.1及注a-c""}]",[],0.1132268,,T/CSES 144-2024 7.2; 表D.1及注a-c,SOURCE_RELATION_MISSING
SRC-RAW-83889A99A6D073CA7B35,POWER,PM2.5,information_insufficient,产排污系数法/煤质物料衡算法,"[{""component"": ""燃料一"", ""fuel"": ""液化天然气"", ""raw_amount"": 666.04, ""unit"": ""吨"", ""generation_use"": null, ""heat_use"": 666.04, ""amount"": 666.04, ""sulfur"": ""0.010"", ""sulfur_unit"": ""%"", ""ash"": null, ""source_row"": 205}]","[{""component"": ""燃料一"", ""factor"": 0.17, ""unit"": ""g/kg"", ""reference"": ""T/CSES 144-2024 7.2; 表D.1及注a-c""}]",[],0.1132268,,T/CSES 144-2024 7.2; 表D.1及注a-c,SOURCE_RELATION_MISSING
SRC-RAW-83889A99A6D073CA7B35,POWER,BC,information_insufficient,产排污系数法/煤质物料衡算法,"[{""component"": ""燃料一"", ""fuel"": ""液化天然气"", ""raw_amount"": 666.04, ""unit"": ""吨"", ""generation_use"": null, ""heat_use"": 666.04, ""amount"": 666.04, ""sulfur"": ""0.010"", ""sulfur_unit"": ""%"", ""ash"": null, ""source_row"": 205}]","[{""component"": ""燃料一"", ""factor"": 0.02, ""unit"": ""g/kg"", ""reference"": ""T/CSES 144-2024 7.2; 表D.1及注a-c""}]",[],0.0133208,,T/CSES 144-2024 7.2; 表D.1及注a-c,SOURCE_RELATION_MISSING
SRC-RAW-83889A99A6D073CA7B35,POWER,OC,information_insufficient,产排污系数法/煤质物料衡算法,"[{""component"": ""燃料一"", ""fuel"": ""液化天然气"", ""raw_amount"": 666.04, ""unit"": ""吨"", ""generation_use"": null, ""heat_use"": 666.04, ""amount"": 666.04, ""sulfur"": ""0.010"", ""sulfur_unit"": ""%"", ""ash"": null, ""source_row"": 205}]","[{""component"": ""燃料一"", ""factor"": 0.09, ""unit"": ""g/kg"", ""reference"": ""T/CSES 144-2024 7.2; 表D.1及注a-c""}]",[],0.0599436,,T/CSES 144-2024 7.2; 表D.1及注a-c,SOURCE_RELATION_MISSING
SRC-RAW-83889A99A6D073CA7B35,POWER,NH3,not_involved,第7章核算范围,[],[],[],,,T/CSES 144-2024第7章、表D.1；未列NH3，未将缺省范围解释为零排放,OUTSIDE_CHAPTER7_POLLUTANT_SCOPE
SRC-RAW-AD5B2BC7A9BD5226E3F1,POWER,SO2,calculated,产排污系数法/煤质物料衡算法,"[{""component"": ""燃料一"", ""fuel"": ""液化天然气"", ""raw_amount"": 5589.86, ""unit"": ""吨"", ""generation_use"": null, ""heat_use"": 5589.86, ""amount"": 5589.86, ""sulfur"": ""0.010"", ""sulfur_unit"": ""%"", ""ash"": null, ""source_row"": 206}]","[{""component"": ""燃料一"", ""factor"": 0, ""unit"": ""g/kg"", ""reference"": ""T/CSES 144-2024 7.2; 表D.1及注a-c""}]",[],0.0,0,T/CSES 144-2024 7.2; 表D.1及注a-c,
SRC-RAW-AD5B2BC7A9BD5226E3F1,POWER,NOx,information_insufficient,产排污系数法/煤质物料衡算法,"[{""component"": ""燃料一"", ""fuel"": ""液化天然气"", ""raw_amount"": 5589.86, ""unit"": ""吨"", ""generation_use"": null, ""heat_use"": 5589.86, ""amount"": 5589.86, ""sulfur"": ""0.010"", ""sulfur_unit"": ""%"", ""ash"": null, ""source_row"": 206}]","[{""component"": ""燃料一"", ""factor"": 3.74, ""unit"": ""g/kg"", ""reference"": ""T/CSES 144-2024 7.2; 表D.1及注a-c""}]",[],20.906076400000003,,T/CSES 144-2024 7.2; 表D.1及注a-c,SOURCE_RELATION_MISSING
SRC-RAW-AD5B2BC7A9BD5226E3F1,POWER,CO,calculated,产排污系数法/煤质物料衡算法,"[{""component"": ""燃料一"", ""fuel"": ""液化天然气"", ""raw_amount"": 5589.86, ""unit"": ""吨"", ""generation_use"": null, ""heat_use"": 5589.86, ""amount"": 5589.86, ""sulfur"": ""0.010"", ""sulfur_unit"": ""%"", ""ash"": null, ""source_row"": 206}]","[{""component"": ""燃料一"", ""factor"": 0.36, ""unit"": ""g/kg"", ""reference"": ""T/CSES 144-2024 7.2; 表D.1及注a-c""}]","[{""component"": ""燃烧源治理"", ""efficiency"": 0, ""reference"": ""表A.1燃烧源控制措施VOCs为0；CO按表D.1""}]",2.0123496,2.0123496,T/CSES 144-2024 7.2; 表D.1及注a-c,
SRC-RAW-AD5B2BC7A9BD5226E3F1,POWER,VOC,calculated,产排污系数法/煤质物料衡算法,"[{""component"": ""燃料一"", ""fuel"": ""液化天然气"", ""raw_amount"": 5589.86, ""unit"": ""吨"", ""generation_use"": null, ""heat_use"": 5589.86, ""amount"": 5589.86, ""sulfur"": ""0.010"", ""sulfur_unit"": ""%"", ""ash"": null, ""source_row"": 206}]","[{""component"": ""燃料一"", ""factor"": 33, ""unit"": ""g/kg"", ""reference"": ""T/CSES 144-2024 7.2; 表D.1及注a-c""}]","[{""component"": ""燃烧源治理"", ""efficiency"": 0, ""reference"": ""表A.1燃烧源控制措施VOCs为0；CO按表D.1""}]",184.46537999999998,184.46537999999998,T/CSES 144-2024 7.2; 表D.1及注a-c,
SRC-RAW-AD5B2BC7A9BD5226E3F1,POWER,PM10,information_insufficient,产排污系数法/煤质物料衡算法,"[{""component"": ""燃料一"", ""fuel"": ""液化天然气"", ""raw_amount"": 5589.86, ""unit"": ""吨"", ""generation_use"": null, ""heat_use"": 5589.86, ""amount"": 5589.86, ""sulfur"": ""0.010"", ""sulfur_unit"": ""%"", ""ash"": null, ""source_row"": 206}]","[{""component"": ""燃料一"", ""factor"": 0.17, ""unit"": ""g/kg"", ""reference"": ""T/CSES 144-2024 7.2; 表D.1及注a-c""}]",[],0.9502762,,T/CSES 144-2024 7.2; 表D.1及注a-c,SOURCE_RELATION_MISSING
SRC-RAW-AD5B2BC7A9BD5226E3F1,POWER,PM2.5,information_insufficient,产排污系数法/煤质物料衡算法,"[{""component"": ""燃料一"", ""fuel"": ""液化天然气"", ""raw_amount"": 5589.86, ""unit"": ""吨"", ""generation_use"": null, ""heat_use"": 5589.86, ""amount"": 5589.86, ""sulfur"": ""0.010"", ""sulfur_unit"": ""%"", ""ash"": null, ""source_row"": 206}]","[{""component"": ""燃料一"", ""factor"": 0.17, ""unit"": ""g/kg"", ""reference"": ""T/CSES 144-2024 7.2; 表D.1及注a-c""}]",[],0.9502762,,T/CSES 144-2024 7.2; 表D.1及注a-c,SOURCE_RELATION_MISSING
SRC-RAW-AD5B2BC7A9BD5226E3F1,POWER,BC,information_insufficient,产排污系数法/煤质物料衡算法,"[{""component"": ""燃料一"", ""fuel"": ""液化天然气"", ""raw_amount"": 5589.86, ""unit"": ""吨"", ""generation_use"": null, ""heat_use"": 5589.86, ""amount"": 5589.86, ""sulfur"": ""0.010"", ""sulfur_unit"": ""%"", ""ash"": null, ""source_row"": 206}]","[{""component"": ""燃料一"", ""factor"": 0.02, ""unit"": ""g/kg"", ""reference"": ""T/CSES 144-2024 7.2; 表D.1及注a-c""}]",[],0.11179719999999999,,T/CSES 144-2024 7.2; 表D.1及注a-c,SOURCE_RELATION_MISSING
SRC-RAW-AD5B2BC7A9BD5226E3F1,POWER,OC,information_insufficient,产排污系数法/煤质物料衡算法,"[{""component"": ""燃料一"", ""fuel"": ""液化天然气"", ""raw_amount"": 5589.86, ""unit"": ""吨"", ""generation_use"": null, ""heat_use"": 5589.86, ""amount"": 5589.86, ""sulfur"": ""0.010"", ""sulfur_unit"": ""%"", ""ash"": null, ""source_row"": 206}]","[{""component"": ""燃料一"", ""factor"": 0.09, ""unit"": ""g/kg"", ""reference"": ""T/CSES 144-2024 7.2; 表D.1及注a-c""}]",[],0.5030874,,T/CSES 144-2024 7.2; 表D.1及注a-c,SOURCE_RELATION_MISSING
SRC-RAW-AD5B2BC7A9BD5226E3F1,POWER,NH3,not_involved,第7章核算范围,[],[],[],,,T/CSES 144-2024第7章、表D.1；未列NH3，未将缺省范围解释为零排放,OUTSIDE_CHAPTER7_POLLUTANT_SCOPE
SRC-RAW-A5E426EB00113B8E7A2E,POWER,SO2,information_insufficient,产排污系数法/煤质物料衡算法,"[{""component"": ""燃料一"", ""fuel"": ""原煤"", ""raw_amount"": 2537047.0, ""unit"": ""吨"", ""generation_use"": 2537047.0, ""heat_use"": 0.0, ""amount"": 2537047.0, ""sulfur"": ""0.530"", ""sulfur_unit"": ""%"", ""ash"": ""11.01"", ""source_row"": 207}]","[{""component"": ""燃料一"", ""factor"": 9.01, ""unit"": ""g/kg"", ""reference"": ""式(3)、表C.1；S按质量分数；sr=0.15；g/kg""}]",[],22858.79347,,式(3)、表C.1；S按质量分数；sr=0.15；g/kg,SOURCE_RELATION_MISSING
SRC-RAW-A5E426EB00113B8E7A2E,POWER,NOx,information_insufficient,产排污系数法/煤质物料衡算法,"[{""component"": ""燃料一"", ""fuel"": ""原煤"", ""raw_amount"": 2537047.0, ""unit"": ""吨"", ""generation_use"": 2537047.0, ""heat_use"": 0.0, ""amount"": 2537047.0, ""sulfur"": ""0.530"", ""sulfur_unit"": ""%"", ""ash"": ""11.01"", ""source_row"": 207}]","[{""component"": ""燃料一"", ""factor"": 7.21, ""unit"": ""g/kg"", ""reference"": ""T/CSES 144-2024 7.2; 表D.1及注a-c；万千瓦×10=MW""}]",[],18292.10887,,T/CSES 144-2024 7.2; 表D.1及注a-c；万千瓦×10=MW,SOURCE_RELATION_MISSING
SRC-RAW-A5E426EB00113B8E7A2E,POWER,CO,calculated,产排污系数法/煤质物料衡算法,"[{""component"": ""燃料一"", ""fuel"": ""原煤"", ""raw_amount"": 2537047.0, ""unit"": ""吨"", ""generation_use"": 2537047.0, ""heat_use"": 0.0, ""amount"": 2537047.0, ""sulfur"": ""0.530"", ""sulfur_unit"": ""%"", ""ash"": ""11.01"", ""source_row"": 207}]","[{""component"": ""燃料一"", ""factor"": 2, ""unit"": ""g/kg"", ""reference"": ""T/CSES 144-2024 7.2; 表D.1及注a-c""}]","[{""component"": ""燃烧源治理"", ""efficiency"": 0, ""reference"": ""表A.1燃烧源控制措施VOCs为0；CO按表D.1""}]",5074.094,5074.094,T/CSES 144-2024 7.2; 表D.1及注a-c,
SRC-RAW-A5E426EB00113B8E7A2E,POWER,VOC,calculated,产排污系数法/煤质物料衡算法,"[{""component"": ""燃料一"", ""fuel"": ""原煤"", ""raw_amount"": 2537047.0, ""unit"": ""吨"", ""generation_use"": 2537047.0, ""heat_use"": 0.0, ""amount"": 2537047.0, ""sulfur"": ""0.530"", ""sulfur_unit"": ""%"", ""ash"": ""11.01"", ""source_row"": 207}]","[{""component"": ""燃料一"", ""factor"": 0.04, ""unit"": ""g/kg"", ""reference"": ""T/CSES 144-2024 7.2; 表D.1及注a-c""}]","[{""component"": ""燃烧源治理"", ""efficiency"": 0, ""reference"": ""表A.1燃烧源控制措施VOCs为0；CO按表D.1""}]",101.48188,101.48188,T/CSES 144-2024 7.2; 表D.1及注a-c,
SRC-RAW-A5E426EB00113B8E7A2E,POWER,PM10,information_insufficient,产排污系数法/煤质物料衡算法,"[{""component"": ""燃料一"", ""fuel"": ""原煤"", ""raw_amount"": 2537047.0, ""unit"": ""吨"", ""generation_use"": 2537047.0, ""heat_use"": 0.0, ""amount"": 2537047.0, ""sulfur"": ""0.530"", ""sulfur_unit"": ""%"", ""ash"": ""11.01"", ""source_row"": 207}]","[{""component"": ""燃料一"", ""factor"": 18.992250000000002, ""unit"": ""g/kg"", ""reference"": ""式(4)-(6)、表C.1-C.3；灰分质量分数；g/kg""}]",[],48184.23088575,,式(4)-(6)、表C.1-C.3；灰分质量分数；g/kg,SOURCE_RELATION_MISSING
SRC-RAW-A5E426EB00113B8E7A2E,POWER,PM2.5,information_insufficient,产排污系数法/煤质物料衡算法,"[{""component"": ""燃料一"", ""fuel"": ""原煤"", ""raw_amount"": 2537047.0, ""unit"": ""吨"", ""generation_use"": 2537047.0, ""heat_use"": 0.0, ""amount"": 2537047.0, ""sulfur"": ""0.530"", ""sulfur_unit"": ""%"", ""ash"": ""11.01"", ""source_row"": 207}]","[{""component"": ""燃料一"", ""factor"": 4.9545, ""unit"": ""g/kg"", ""reference"": ""式(4)-(6)、表C.1-C.3；灰分质量分数；g/kg""}]",[],12569.799361500001,,式(4)-(6)、表C.1-C.3；灰分质量分数；g/kg,SOURCE_RELATION_MISSING
SRC-RAW-A5E426EB00113B8E7A2E,POWER,BC,information_insufficient,产排污系数法/煤质物料衡算法,"[{""component"": ""燃料一"", ""fuel"": ""原煤"", ""raw_amount"": 2537047.0, ""unit"": ""吨"", ""generation_use"": 2537047.0, ""heat_use"": 0.0, ""amount"": 2537047.0, ""sulfur"": ""0.530"", ""sulfur_unit"": ""%"", ""ash"": ""11.01"", ""source_row"": 207}]","[{""component"": ""燃料一"", ""factor"": 0.009909000000000001, ""unit"": ""g/kg"", ""reference"": ""式(4)-(6)、表C.1-C.3；灰分质量分数；g/kg""}]",[],25.139598723000002,,式(4)-(6)、表C.1-C.3；灰分质量分数；g/kg,SOURCE_RELATION_MISSING
SRC-RAW-A5E426EB00113B8E7A2E,POWER,OC,calculated,产排污系数法/煤质物料衡算法,"[{""component"": ""燃料一"", ""fuel"": ""原煤"", ""raw_amount"": 2537047.0, ""unit"": ""吨"", ""generation_use"": 2537047.0, ""heat_use"": 0.0, ""amount"": 2537047.0, ""sulfur"": ""0.530"", ""sulfur_unit"": ""%"", ""ash"": ""11.01"", ""source_row"": 207}]","[{""component"": ""燃料一"", ""factor"": 0, ""unit"": ""g/kg"", ""reference"": ""式(6)、表C.3；电力生产/热力生产和供应OC占比=0""}]",[],0.0,0,式(6)、表C.3；电力生产/热力生产和供应OC占比=0,
SRC-RAW-A5E426EB00113B8E7A2E,POWER,NH3,not_involved,第7章核算范围,[],[],[],,,T/CSES 144-2024第7章、表D.1；未列NH3，未将缺省范围解释为零排放,OUTSIDE_CHAPTER7_POLLUTANT_SCOPE
SRC-RAW-59CF1BC6B0C3ADF43BD2,POWER,SO2,information_insufficient,产排污系数法/煤质物料衡算法,"[{""component"": ""燃料一"", ""fuel"": ""原煤"", ""raw_amount"": 2559166.0, ""unit"": ""吨"", ""generation_use"": 2559166.0, ""heat_use"": 0.0, ""amount"": 2559166.0, ""sulfur"": null, ""sulfur_unit"": ""%"", ""ash"": ""11.78"", ""source_row"": 208}]","[{""component"": ""燃料一"", ""factor"": null, ""unit"": ""g/kg"", ""reference"": ""式(3)、表C.1；收到基硫分缺失""}]",[],,,式(3)、表C.1；收到基硫分缺失,POLLUTANT_PARAMETER_MISSING
SRC-RAW-59CF1BC6B0C3ADF43BD2,POWER,NOx,information_insufficient,产排污系数法/煤质物料衡算法,"[{""component"": ""燃料一"", ""fuel"": ""原煤"", ""raw_amount"": 2559166.0, ""unit"": ""吨"", ""generation_use"": 2559166.0, ""heat_use"": 0.0, ""amount"": 2559166.0, ""sulfur"": null, ""sulfur_unit"": ""%"", ""ash"": ""11.78"", ""source_row"": 208}]","[{""component"": ""燃料一"", ""factor"": 7.21, ""unit"": ""g/kg"", ""reference"": ""T/CSES 144-2024 7.2; 表D.1及注a-c；万千瓦×10=MW""}]",[],18451.58686,,T/CSES 144-2024 7.2; 表D.1及注a-c；万千瓦×10=MW,SOURCE_RELATION_MISSING
SRC-RAW-59CF1BC6B0C3ADF43BD2,POWER,CO,calculated,产排污系数法/煤质物料衡算法,"[{""component"": ""燃料一"", ""fuel"": ""原煤"", ""raw_amount"": 2559166.0, ""unit"": ""吨"", ""generation_use"": 2559166.0, ""heat_use"": 0.0, ""amount"": 2559166.0, ""sulfur"": null, ""sulfur_unit"": ""%"", ""ash"": ""11.78"", ""source_row"": 208}]","[{""component"": ""燃料一"", ""factor"": 2, ""unit"": ""g/kg"", ""reference"": ""T/CSES 144-2024 7.2; 表D.1及注a-c""}]","[{""component"": ""燃烧源治理"", ""efficiency"": 0, ""reference"": ""表A.1燃烧源控制措施VOCs为0；CO按表D.1""}]",5118.332,5118.332,T/CSES 144-2024 7.2; 表D.1及注a-c,
SRC-RAW-59CF1BC6B0C3ADF43BD2,POWER,VOC,calculated,产排污系数法/煤质物料衡算法,"[{""component"": ""燃料一"", ""fuel"": ""原煤"", ""raw_amount"": 2559166.0, ""unit"": ""吨"", ""generation_use"": 2559166.0, ""heat_use"": 0.0, ""amount"": 2559166.0, ""sulfur"": null, ""sulfur_unit"": ""%"", ""ash"": ""11.78"", ""source_row"": 208}]","[{""component"": ""燃料一"", ""factor"": 0.04, ""unit"": ""g/kg"", ""reference"": ""T/CSES 144-2024 7.2; 表D.1及注a-c""}]","[{""component"": ""燃烧源治理"", ""efficiency"": 0, ""reference"": ""表A.1燃烧源控制措施VOCs为0；CO按表D.1""}]",102.36664,102.36664,T/CSES 144-2024 7.2; 表D.1及注a-c,
SRC-RAW-59CF1BC6B0C3ADF43BD2,POWER,PM10,information_insufficient,产排污系数法/煤质物料衡算法,"[{""component"": ""燃料一"", ""fuel"": ""原煤"", ""raw_amount"": 2559166.0, ""unit"": ""吨"", ""generation_use"": 2559166.0, ""heat_use"": 0.0, ""amount"": 2559166.0, ""sulfur"": null, ""sulfur_unit"": ""%"", ""ash"": ""11.78"", ""source_row"": 208}]","[{""component"": ""燃料一"", ""factor"": 20.3205, ""unit"": ""g/kg"", ""reference"": ""式(4)-(6)、表C.1-C.3；灰分质量分数；g/kg""}]",[],52003.532703,,式(4)-(6)、表C.1-C.3；灰分质量分数；g/kg,SOURCE_RELATION_MISSING
SRC-RAW-59CF1BC6B0C3ADF43BD2,POWER,PM2.5,information_insufficient,产排污系数法/煤质物料衡算法,"[{""component"": ""燃料一"", ""fuel"": ""原煤"", ""raw_amount"": 2559166.0, ""unit"": ""吨"", ""generation_use"": 2559166.0, ""heat_use"": 0.0, ""amount"": 2559166.0, ""sulfur"": null, ""sulfur_unit"": ""%"", ""ash"": ""11.78"", ""source_row"": 208}]","[{""component"": ""燃料一"", ""factor"": 5.300999999999998, ""unit"": ""g/kg"", ""reference"": ""式(4)-(6)、表C.1-C.3；灰分质量分数；g/kg""}]",[],13566.138965999997,,式(4)-(6)、表C.1-C.3；灰分质量分数；g/kg,SOURCE_RELATION_MISSING
SRC-RAW-59CF1BC6B0C3ADF43BD2,POWER,BC,information_insufficient,产排污系数法/煤质物料衡算法,"[{""component"": ""燃料一"", ""fuel"": ""原煤"", ""raw_amount"": 2559166.0, ""unit"": ""吨"", ""generation_use"": 2559166.0, ""heat_use"": 0.0, ""amount"": 2559166.0, ""sulfur"": null, ""sulfur_unit"": ""%"", ""ash"": ""11.78"", ""source_row"": 208}]","[{""component"": ""燃料一"", ""factor"": 0.010601999999999999, ""unit"": ""g/kg"", ""reference"": ""式(4)-(6)、表C.1-C.3；灰分质量分数；g/kg""}]",[],27.132277931999997,,式(4)-(6)、表C.1-C.3；灰分质量分数；g/kg,SOURCE_RELATION_MISSING
SRC-RAW-59CF1BC6B0C3ADF43BD2,POWER,OC,calculated,产排污系数法/煤质物料衡算法,"[{""component"": ""燃料一"", ""fuel"": ""原煤"", ""raw_amount"": 2559166.0, ""unit"": ""吨"", ""generation_use"": 2559166.0, ""heat_use"": 0.0, ""amount"": 2559166.0, ""sulfur"": null, ""sulfur_unit"": ""%"", ""ash"": ""11.78"", ""source_row"": 208}]","[{""component"": ""燃料一"", ""factor"": 0, ""unit"": ""g/kg"", ""reference"": ""式(6)、表C.3；电力生产/热力生产和供应OC占比=0""}]",[],0.0,0,式(6)、表C.3；电力生产/热力生产和供应OC占比=0,
SRC-RAW-59CF1BC6B0C3ADF43BD2,POWER,NH3,not_involved,第7章核算范围,[],[],[],,,T/CSES 144-2024第7章、表D.1；未列NH3，未将缺省范围解释为零排放,OUTSIDE_CHAPTER7_POLLUTANT_SCOPE
SRC-RAW-DC9E490E1C8A44C540C5,POWER,SO2,information_insufficient,产排污系数法/煤质物料衡算法,"[{""component"": ""燃料一"", ""fuel"": ""原煤"", ""raw_amount"": 1119571.0, ""unit"": ""吨"", ""generation_use"": 876367.56, ""heat_use"": 243203.44, ""amount"": 1119571.0, ""sulfur"": null, ""sulfur_unit"": ""%"", ""ash"": ""16.83"", ""source_row"": 210}]","[{""component"": ""燃料一"", ""factor"": null, ""unit"": ""g/kg"", ""reference"": ""式(3)、表C.1；收到基硫分缺失""}]",[],,,式(3)、表C.1；收到基硫分缺失,POLLUTANT_PARAMETER_MISSING
SRC-RAW-DC9E490E1C8A44C540C5,POWER,NOx,information_insufficient,产排污系数法/煤质物料衡算法,"[{""component"": ""燃料一"", ""fuel"": ""原煤"", ""raw_amount"": 1119571.0, ""unit"": ""吨"", ""generation_use"": 876367.56, ""heat_use"": 243203.44, ""amount"": 1119571.0, ""sulfur"": null, ""sulfur_unit"": ""%"", ""ash"": ""16.83"", ""source_row"": 210}]","[{""component"": ""燃料一"", ""factor"": 7.21, ""unit"": ""g/kg"", ""reference"": ""T/CSES 144-2024 7.2; 表D.1及注a-c；万千瓦×10=MW""}]",[],8072.10691,,T/CSES 144-2024 7.2; 表D.1及注a-c；万千瓦×10=MW,SOURCE_RELATION_MISSING
SRC-RAW-DC9E490E1C8A44C540C5,POWER,CO,calculated,产排污系数法/煤质物料衡算法,"[{""component"": ""燃料一"", ""fuel"": ""原煤"", ""raw_amount"": 1119571.0, ""unit"": ""吨"", ""generation_use"": 876367.56, ""heat_use"": 243203.44, ""amount"": 1119571.0, ""sulfur"": null, ""sulfur_unit"": ""%"", ""ash"": ""16.83"", ""source_row"": 210}]","[{""component"": ""燃料一"", ""factor"": 2, ""unit"": ""g/kg"", ""reference"": ""T/CSES 144-2024 7.2; 表D.1及注a-c""}]","[{""component"": ""燃烧源治理"", ""efficiency"": 0, ""reference"": ""表A.1燃烧源控制措施VOCs为0；CO按表D.1""}]",2239.142,2239.142,T/CSES 144-2024 7.2; 表D.1及注a-c,
SRC-RAW-DC9E490E1C8A44C540C5,POWER,VOC,calculated,产排污系数法/煤质物料衡算法,"[{""component"": ""燃料一"", ""fuel"": ""原煤"", ""raw_amount"": 1119571.0, ""unit"": ""吨"", ""generation_use"": 876367.56, ""heat_use"": 243203.44, ""amount"": 1119571.0, ""sulfur"": null, ""sulfur_unit"": ""%"", ""ash"": ""16.83"", ""source_row"": 210}]","[{""component"": ""燃料一"", ""factor"": 0.04, ""unit"": ""g/kg"", ""reference"": ""T/CSES 144-2024 7.2; 表D.1及注a-c""}]","[{""component"": ""燃烧源治理"", ""efficiency"": 0, ""reference"": ""表A.1燃烧源控制措施VOCs为0；CO按表D.1""}]",44.78284000000001,44.78284000000001,T/CSES 144-2024 7.2; 表D.1及注a-c,
SRC-RAW-DC9E490E1C8A44C540C5,POWER,PM10,information_insufficient,产排污系数法/煤质物料衡算法,"[{""component"": ""燃料一"", ""fuel"": ""原煤"", ""raw_amount"": 1119571.0, ""unit"": ""吨"", ""generation_use"": 876367.56, ""heat_use"": 243203.44, ""amount"": 1119571.0, ""sulfur"": null, ""sulfur_unit"": ""%"", ""ash"": ""16.83"", ""source_row"": 210}]","[{""component"": ""燃料一"", ""factor"": 29.031749999999995, ""unit"": ""g/kg"", ""reference"": ""式(4)-(6)、表C.1-C.3；灰分质量分数；g/kg""}]",[],32503.105379249995,,式(4)-(6)、表C.1-C.3；灰分质量分数；g/kg,SOURCE_RELATION_MISSING
SRC-RAW-DC9E490E1C8A44C540C5,POWER,PM2.5,information_insufficient,产排污系数法/煤质物料衡算法,"[{""component"": ""燃料一"", ""fuel"": ""原煤"", ""raw_amount"": 1119571.0, ""unit"": ""吨"", ""generation_use"": 876367.56, ""heat_use"": 243203.44, ""amount"": 1119571.0, ""sulfur"": null, ""sulfur_unit"": ""%"", ""ash"": ""16.83"", ""source_row"": 210}]","[{""component"": ""燃料一"", ""factor"": 7.573499999999998, ""unit"": ""g/kg"", ""reference"": ""式(4)-(6)、表C.1-C.3；灰分质量分数；g/kg""}]",[],8479.070968499998,,式(4)-(6)、表C.1-C.3；灰分质量分数；g/kg,SOURCE_RELATION_MISSING
SRC-RAW-DC9E490E1C8A44C540C5,POWER,BC,information_insufficient,产排污系数法/煤质物料衡算法,"[{""component"": ""燃料一"", ""fuel"": ""原煤"", ""raw_amount"": 1119571.0, ""unit"": ""吨"", ""generation_use"": 876367.56, ""heat_use"": 243203.44, ""amount"": 1119571.0, ""sulfur"": null, ""sulfur_unit"": ""%"", ""ash"": ""16.83"", ""source_row"": 210}]","[{""component"": ""燃料一"", ""factor"": 0.015146999999999997, ""unit"": ""g/kg"", ""reference"": ""式(4)-(6)、表C.1-C.3；灰分质量分数；g/kg""}]",[],16.958141936999997,,式(4)-(6)、表C.1-C.3；灰分质量分数；g/kg,SOURCE_RELATION_MISSING
SRC-RAW-DC9E490E1C8A44C540C5,POWER,OC,calculated,产排污系数法/煤质物料衡算法,"[{""component"": ""燃料一"", ""fuel"": ""原煤"", ""raw_amount"": 1119571.0, ""unit"": ""吨"", ""generation_use"": 876367.56, ""heat_use"": 243203.44, ""amount"": 1119571.0, ""sulfur"": null, ""sulfur_unit"": ""%"", ""ash"": ""16.83"", ""source_row"": 210}]","[{""component"": ""燃料一"", ""factor"": 0, ""unit"": ""g/kg"", ""reference"": ""式(6)、表C.3；电力生产/热力生产和供应OC占比=0""}]",[],0.0,0,式(6)、表C.3；电力生产/热力生产和供应OC占比=0,
SRC-RAW-DC9E490E1C8A44C540C5,POWER,NH3,not_involved,第7章核算范围,[],[],[],,,T/CSES 144-2024第7章、表D.1；未列NH3，未将缺省范围解释为零排放,OUTSIDE_CHAPTER7_POLLUTANT_SCOPE
SRC-RAW-B56086824F04D846DBFA,POWER,SO2,information_insufficient,产排污系数法/煤质物料衡算法,"[{""component"": ""燃料一"", ""fuel"": ""原煤"", ""raw_amount"": null, ""unit"": ""吨"", ""generation_use"": 719428.49, ""heat_use"": 189184.51, ""amount"": 908613.0, ""sulfur"": ""0.460"", ""sulfur_unit"": ""%"", ""ash"": ""16.83"", ""source_row"": 211, ""derivation"": ""同单位发电消耗量+供热消耗量，指南7.2.1.2活动水平定义""}]","[{""component"": ""燃料一"", ""factor"": 7.8199999999999985, ""unit"": ""g/kg"", ""reference"": ""式(3)、表C.1；S按质量分数；sr=0.15；g/kg""}]",[],7105.353659999999,,式(3)、表C.1；S按质量分数；sr=0.15；g/kg,SOURCE_RELATION_MISSING
SRC-RAW-B56086824F04D846DBFA,POWER,NOx,information_insufficient,产排污系数法/煤质物料衡算法,"[{""component"": ""燃料一"", ""fuel"": ""原煤"", ""raw_amount"": null, ""unit"": ""吨"", ""generation_use"": 719428.49, ""heat_use"": 189184.51, ""amount"": 908613.0, ""sulfur"": ""0.460"", ""sulfur_unit"": ""%"", ""ash"": ""16.83"", ""source_row"": 211, ""derivation"": ""同单位发电消耗量+供热消耗量，指南7.2.1.2活动水平定义""}]","[{""component"": ""燃料一"", ""factor"": 7.21, ""unit"": ""g/kg"", ""reference"": ""T/CSES 144-2024 7.2; 表D.1及注a-c；万千瓦×10=MW""}]",[],6551.09973,,T/CSES 144-2024 7.2; 表D.1及注a-c；万千瓦×10=MW,SOURCE_RELATION_MISSING
SRC-RAW-B56086824F04D846DBFA,POWER,CO,calculated,产排污系数法/煤质物料衡算法,"[{""component"": ""燃料一"", ""fuel"": ""原煤"", ""raw_amount"": null, ""unit"": ""吨"", ""generation_use"": 719428.49, ""heat_use"": 189184.51, ""amount"": 908613.0, ""sulfur"": ""0.460"", ""sulfur_unit"": ""%"", ""ash"": ""16.83"", ""source_row"": 211, ""derivation"": ""同单位发电消耗量+供热消耗量，指南7.2.1.2活动水平定义""}]","[{""component"": ""燃料一"", ""factor"": 2, ""unit"": ""g/kg"", ""reference"": ""T/CSES 144-2024 7.2; 表D.1及注a-c""}]","[{""component"": ""燃烧源治理"", ""efficiency"": 0, ""reference"": ""表A.1燃烧源控制措施VOCs为0；CO按表D.1""}]",1817.226,1817.226,T/CSES 144-2024 7.2; 表D.1及注a-c,
SRC-RAW-B56086824F04D846DBFA,POWER,VOC,calculated,产排污系数法/煤质物料衡算法,"[{""component"": ""燃料一"", ""fuel"": ""原煤"", ""raw_amount"": null, ""unit"": ""吨"", ""generation_use"": 719428.49, ""heat_use"": 189184.51, ""amount"": 908613.0, ""sulfur"": ""0.460"", ""sulfur_unit"": ""%"", ""ash"": ""16.83"", ""source_row"": 211, ""derivation"": ""同单位发电消耗量+供热消耗量，指南7.2.1.2活动水平定义""}]","[{""component"": ""燃料一"", ""factor"": 0.04, ""unit"": ""g/kg"", ""reference"": ""T/CSES 144-2024 7.2; 表D.1及注a-c""}]","[{""component"": ""燃烧源治理"", ""efficiency"": 0, ""reference"": ""表A.1燃烧源控制措施VOCs为0；CO按表D.1""}]",36.34452,36.34452,T/CSES 144-2024 7.2; 表D.1及注a-c,
SRC-RAW-B56086824F04D846DBFA,POWER,PM10,information_insufficient,产排污系数法/煤质物料衡算法,"[{""component"": ""燃料一"", ""fuel"": ""原煤"", ""raw_amount"": null, ""unit"": ""吨"", ""generation_use"": 719428.49, ""heat_use"": 189184.51, ""amount"": 908613.0, ""sulfur"": ""0.460"", ""sulfur_unit"": ""%"", ""ash"": ""16.83"", ""source_row"": 211, ""derivation"": ""同单位发电消耗量+供热消耗量，指南7.2.1.2活动水平定义""}]","[{""component"": ""燃料一"", ""factor"": 29.031749999999995, ""unit"": ""g/kg"", ""reference"": ""式(4)-(6)、表C.1-C.3；灰分质量分数；g/kg""}]",[],26378.625462749995,,式(4)-(6)、表C.1-C.3；灰分质量分数；g/kg,SOURCE_RELATION_MISSING
SRC-RAW-B56086824F04D846DBFA,POWER,PM2.5,information_insufficient,产排污系数法/煤质物料衡算法,"[{""component"": ""燃料一"", ""fuel"": ""原煤"", ""raw_amount"": null, ""unit"": ""吨"", ""generation_use"": 719428.49, ""heat_use"": 189184.51, ""amount"": 908613.0, ""sulfur"": ""0.460"", ""sulfur_unit"": ""%"", ""ash"": ""16.83"", ""source_row"": 211, ""derivation"": ""同单位发电消耗量+供热消耗量，指南7.2.1.2活动水平定义""}]","[{""component"": ""燃料一"", ""factor"": 7.573499999999998, ""unit"": ""g/kg"", ""reference"": ""式(4)-(6)、表C.1-C.3；灰分质量分数；g/kg""}]",[],6881.380555499999,,式(4)-(6)、表C.1-C.3；灰分质量分数；g/kg,SOURCE_RELATION_MISSING
SRC-RAW-B56086824F04D846DBFA,POWER,BC,information_insufficient,产排污系数法/煤质物料衡算法,"[{""component"": ""燃料一"", ""fuel"": ""原煤"", ""raw_amount"": null, ""unit"": ""吨"", ""generation_use"": 719428.49, ""heat_use"": 189184.51, ""amount"": 908613.0, ""sulfur"": ""0.460"", ""sulfur_unit"": ""%"", ""ash"": ""16.83"", ""source_row"": 211, ""derivation"": ""同单位发电消耗量+供热消耗量，指南7.2.1.2活动水平定义""}]","[{""component"": ""燃料一"", ""factor"": 0.015146999999999997, ""unit"": ""g/kg"", ""reference"": ""式(4)-(6)、表C.1-C.3；灰分质量分数；g/kg""}]",[],13.762761110999998,,式(4)-(6)、表C.1-C.3；灰分质量分数；g/kg,SOURCE_RELATION_MISSING
SRC-RAW-B56086824F04D846DBFA,POWER,OC,calculated,产排污系数法/煤质物料衡算法,"[{""component"": ""燃料一"", ""fuel"": ""原煤"", ""raw_amount"": null, ""unit"": ""吨"", ""generation_use"": 719428.49, ""heat_use"": 189184.51, ""amount"": 908613.0, ""sulfur"": ""0.460"", ""sulfur_unit"": ""%"", ""ash"": ""16.83"", ""source_row"": 211, ""derivation"": ""同单位发电消耗量+供热消耗量，指南7.2.1.2活动水平定义""}]","[{""component"": ""燃料一"", ""factor"": 0, ""unit"": ""g/kg"", ""reference"": ""式(6)、表C.3；电力生产/热力生产和供应OC占比=0""}]",[],0.0,0,式(6)、表C.3；电力生产/热力生产和供应OC占比=0,
SRC-RAW-B56086824F04D846DBFA,POWER,NH3,not_involved,第7章核算范围,[],[],[],,,T/CSES 144-2024第7章、表D.1；未列NH3，未将缺省范围解释为零排放,OUTSIDE_CHAPTER7_POLLUTANT_SCOPE
SRC-RAW-9C2666A045D655DE7A20,POWER,SO2,information_insufficient,产排污系数法/煤质物料衡算法,"[{""component"": ""燃料一"", ""fuel"": ""原煤"", ""raw_amount"": 675797.92, ""unit"": ""吨"", ""generation_use"": 675797.92, ""heat_use"": 0.0, ""amount"": 675797.92, ""sulfur"": ""0.670"", ""sulfur_unit"": ""%"", ""ash"": ""18.71"", ""source_row"": 213}]","[{""component"": ""燃料一"", ""factor"": 11.39, ""unit"": ""g/kg"", ""reference"": ""式(3)、表C.1；S按质量分数；sr=0.15；g/kg""}]",[],7697.338308800001,,式(3)、表C.1；S按质量分数；sr=0.15；g/kg,SOURCE_RELATION_MISSING
SRC-RAW-9C2666A045D655DE7A20,POWER,NOx,information_insufficient,产排污系数法/煤质物料衡算法,"[{""component"": ""燃料一"", ""fuel"": ""原煤"", ""raw_amount"": 675797.92, ""unit"": ""吨"", ""generation_use"": 675797.92, ""heat_use"": 0.0, ""amount"": 675797.92, ""sulfur"": ""0.670"", ""sulfur_unit"": ""%"", ""ash"": ""18.71"", ""source_row"": 213}]","[{""component"": ""燃料一"", ""factor"": 7.21, ""unit"": ""g/kg"", ""reference"": ""T/CSES 144-2024 7.2; 表D.1及注a-c；万千瓦×10=MW""}]",[],4872.5030032,,T/CSES 144-2024 7.2; 表D.1及注a-c；万千瓦×10=MW,SOURCE_RELATION_MISSING
SRC-RAW-9C2666A045D655DE7A20,POWER,CO,calculated,产排污系数法/煤质物料衡算法,"[{""component"": ""燃料一"", ""fuel"": ""原煤"", ""raw_amount"": 675797.92, ""unit"": ""吨"", ""generation_use"": 675797.92, ""heat_use"": 0.0, ""amount"": 675797.92, ""sulfur"": ""0.670"", ""sulfur_unit"": ""%"", ""ash"": ""18.71"", ""source_row"": 213}]","[{""component"": ""燃料一"", ""factor"": 2, ""unit"": ""g/kg"", ""reference"": ""T/CSES 144-2024 7.2; 表D.1及注a-c""}]","[{""component"": ""燃烧源治理"", ""efficiency"": 0, ""reference"": ""表A.1燃烧源控制措施VOCs为0；CO按表D.1""}]",1351.5958400000002,1351.5958400000002,T/CSES 144-2024 7.2; 表D.1及注a-c,
SRC-RAW-9C2666A045D655DE7A20,POWER,VOC,calculated,产排污系数法/煤质物料衡算法,"[{""component"": ""燃料一"", ""fuel"": ""原煤"", ""raw_amount"": 675797.92, ""unit"": ""吨"", ""generation_use"": 675797.92, ""heat_use"": 0.0, ""amount"": 675797.92, ""sulfur"": ""0.670"", ""sulfur_unit"": ""%"", ""ash"": ""18.71"", ""source_row"": 213}]","[{""component"": ""燃料一"", ""factor"": 0.04, ""unit"": ""g/kg"", ""reference"": ""T/CSES 144-2024 7.2; 表D.1及注a-c""}]","[{""component"": ""燃烧源治理"", ""efficiency"": 0, ""reference"": ""表A.1燃烧源控制措施VOCs为0；CO按表D.1""}]",27.031916800000005,27.031916800000005,T/CSES 144-2024 7.2; 表D.1及注a-c,
SRC-RAW-9C2666A045D655DE7A20,POWER,PM10,information_insufficient,产排污系数法/煤质物料衡算法,"[{""component"": ""燃料一"", ""fuel"": ""原煤"", ""raw_amount"": 675797.92, ""unit"": ""吨"", ""generation_use"": 675797.92, ""heat_use"": 0.0, ""amount"": 675797.92, ""sulfur"": ""0.670"", ""sulfur_unit"": ""%"", ""ash"": ""18.71"", ""source_row"": 213}]","[{""component"": ""燃料一"", ""factor"": 30.385040000000007, ""unit"": ""g/kg"", ""reference"": ""式(4)-(6)、表C.1-C.3；灰分质量分数；g/kg""}]",[],20534.146831116806,,式(4)-(6)、表C.1-C.3；灰分质量分数；g/kg,SOURCE_RELATION_MISSING
SRC-RAW-9C2666A045D655DE7A20,POWER,PM2.5,information_insufficient,产排污系数法/煤质物料衡算法,"[{""component"": ""燃料一"", ""fuel"": ""原煤"", ""raw_amount"": 675797.92, ""unit"": ""吨"", ""generation_use"": 675797.92, ""heat_use"": 0.0, ""amount"": 675797.92, ""sulfur"": ""0.670"", ""sulfur_unit"": ""%"", ""ash"": ""18.71"", ""source_row"": 213}]","[{""component"": ""燃料一"", ""factor"": 7.334320000000002, ""unit"": ""g/kg"", ""reference"": ""式(4)-(6)、表C.1-C.3；灰分质量分数；g/kg""}]",[],4956.518200614401,,式(4)-(6)、表C.1-C.3；灰分质量分数；g/kg,SOURCE_RELATION_MISSING
SRC-RAW-9C2666A045D655DE7A20,POWER,BC,information_insufficient,产排污系数法/煤质物料衡算法,"[{""component"": ""燃料一"", ""fuel"": ""原煤"", ""raw_amount"": 675797.92, ""unit"": ""吨"", ""generation_use"": 675797.92, ""heat_use"": 0.0, ""amount"": 675797.92, ""sulfur"": ""0.670"", ""sulfur_unit"": ""%"", ""ash"": ""18.71"", ""source_row"": 213}]","[{""component"": ""燃料一"", ""factor"": 0.014668640000000004, ""unit"": ""g/kg"", ""reference"": ""式(4)-(6)、表C.1-C.3；灰分质量分数；g/kg""}]",[],9.913036401228803,,式(4)-(6)、表C.1-C.3；灰分质量分数；g/kg,SOURCE_RELATION_MISSING
SRC-RAW-9C2666A045D655DE7A20,POWER,OC,calculated,产排污系数法/煤质物料衡算法,"[{""component"": ""燃料一"", ""fuel"": ""原煤"", ""raw_amount"": 675797.92, ""unit"": ""吨"", ""generation_use"": 675797.92, ""heat_use"": 0.0, ""amount"": 675797.92, ""sulfur"": ""0.670"", ""sulfur_unit"": ""%"", ""ash"": ""18.71"", ""source_row"": 213}]","[{""component"": ""燃料一"", ""factor"": 0, ""unit"": ""g/kg"", ""reference"": ""式(6)、表C.3；电力生产/热力生产和供应OC占比=0""}]",[],0.0,0,式(6)、表C.3；电力生产/热力生产和供应OC占比=0,
SRC-RAW-9C2666A045D655DE7A20,POWER,NH3,not_involved,第7章核算范围,[],[],[],,,T/CSES 144-2024第7章、表D.1；未列NH3，未将缺省范围解释为零排放,OUTSIDE_CHAPTER7_POLLUTANT_SCOPE
SRC-RAW-A3FBB4382F65DF34F05E,POWER,SO2,information_insufficient,产排污系数法/煤质物料衡算法,"[{""component"": ""燃料一"", ""fuel"": ""原煤"", ""raw_amount"": 632407.03, ""unit"": ""吨"", ""generation_use"": 632407.03, ""heat_use"": 0.0, ""amount"": 632407.03, ""sulfur"": ""0.660"", ""sulfur_unit"": ""%"", ""ash"": ""19.80"", ""source_row"": 214}]","[{""component"": ""燃料一"", ""factor"": 11.219999999999999, ""unit"": ""g/kg"", ""reference"": ""式(3)、表C.1；S按质量分数；sr=0.15；g/kg""}]",[],7095.606876599999,,式(3)、表C.1；S按质量分数；sr=0.15；g/kg,SOURCE_RELATION_MISSING
SRC-RAW-A3FBB4382F65DF34F05E,POWER,NOx,information_insufficient,产排污系数法/煤质物料衡算法,"[{""component"": ""燃料一"", ""fuel"": ""原煤"", ""raw_amount"": 632407.03, ""unit"": ""吨"", ""generation_use"": 632407.03, ""heat_use"": 0.0, ""amount"": 632407.03, ""sulfur"": ""0.660"", ""sulfur_unit"": ""%"", ""ash"": ""19.80"", ""source_row"": 214}]","[{""component"": ""燃料一"", ""factor"": 7.21, ""unit"": ""g/kg"", ""reference"": ""T/CSES 144-2024 7.2; 表D.1及注a-c；万千瓦×10=MW""}]",[],4559.6546863,,T/CSES 144-2024 7.2; 表D.1及注a-c；万千瓦×10=MW,SOURCE_RELATION_MISSING
SRC-RAW-A3FBB4382F65DF34F05E,POWER,CO,calculated,产排污系数法/煤质物料衡算法,"[{""component"": ""燃料一"", ""fuel"": ""原煤"", ""raw_amount"": 632407.03, ""unit"": ""吨"", ""generation_use"": 632407.03, ""heat_use"": 0.0, ""amount"": 632407.03, ""sulfur"": ""0.660"", ""sulfur_unit"": ""%"", ""ash"": ""19.80"", ""source_row"": 214}]","[{""component"": ""燃料一"", ""factor"": 2, ""unit"": ""g/kg"", ""reference"": ""T/CSES 144-2024 7.2; 表D.1及注a-c""}]","[{""component"": ""燃烧源治理"", ""efficiency"": 0, ""reference"": ""表A.1燃烧源控制措施VOCs为0；CO按表D.1""}]",1264.8140600000002,1264.8140600000002,T/CSES 144-2024 7.2; 表D.1及注a-c,
SRC-RAW-A3FBB4382F65DF34F05E,POWER,VOC,calculated,产排污系数法/煤质物料衡算法,"[{""component"": ""燃料一"", ""fuel"": ""原煤"", ""raw_amount"": 632407.03, ""unit"": ""吨"", ""generation_use"": 632407.03, ""heat_use"": 0.0, ""amount"": 632407.03, ""sulfur"": ""0.660"", ""sulfur_unit"": ""%"", ""ash"": ""19.80"", ""source_row"": 214}]","[{""component"": ""燃料一"", ""factor"": 0.04, ""unit"": ""g/kg"", ""reference"": ""T/CSES 144-2024 7.2; 表D.1及注a-c""}]","[{""component"": ""燃烧源治理"", ""efficiency"": 0, ""reference"": ""表A.1燃烧源控制措施VOCs为0；CO按表D.1""}]",25.296281200000003,25.296281200000003,T/CSES 144-2024 7.2; 表D.1及注a-c,
SRC-RAW-A3FBB4382F65DF34F05E,POWER,PM10,information_insufficient,产排污系数法/煤质物料衡算法,"[{""component"": ""燃料一"", ""fuel"": ""原煤"", ""raw_amount"": 632407.03, ""unit"": ""吨"", ""generation_use"": 632407.03, ""heat_use"": 0.0, ""amount"": 632407.03, ""sulfur"": ""0.660"", ""sulfur_unit"": ""%"", ""ash"": ""19.80"", ""source_row"": 214}]","[{""component"": ""燃料一"", ""factor"": 32.1552, ""unit"": ""g/kg"", ""reference"": ""式(4)-(6)、表C.1-C.3；灰分质量分数；g/kg""}]",[],20335.174531056004,,式(4)-(6)、表C.1-C.3；灰分质量分数；g/kg,SOURCE_RELATION_MISSING
SRC-RAW-A3FBB4382F65DF34F05E,POWER,PM2.5,information_insufficient,产排污系数法/煤质物料衡算法,"[{""component"": ""燃料一"", ""fuel"": ""原煤"", ""raw_amount"": 632407.03, ""unit"": ""吨"", ""generation_use"": 632407.03, ""heat_use"": 0.0, ""amount"": 632407.03, ""sulfur"": ""0.660"", ""sulfur_unit"": ""%"", ""ash"": ""19.80"", ""source_row"": 214}]","[{""component"": ""燃料一"", ""factor"": 7.761600000000002, ""unit"": ""g/kg"", ""reference"": ""式(4)-(6)、表C.1-C.3；灰分质量分数；g/kg""}]",[],4908.490404048001,,式(4)-(6)、表C.1-C.3；灰分质量分数；g/kg,SOURCE_RELATION_MISSING
SRC-RAW-A3FBB4382F65DF34F05E,POWER,BC,information_insufficient,产排污系数法/煤质物料衡算法,"[{""component"": ""燃料一"", ""fuel"": ""原煤"", ""raw_amount"": 632407.03, ""unit"": ""吨"", ""generation_use"": 632407.03, ""heat_use"": 0.0, ""amount"": 632407.03, ""sulfur"": ""0.660"", ""sulfur_unit"": ""%"", ""ash"": ""19.80"", ""source_row"": 214}]","[{""component"": ""燃料一"", ""factor"": 0.015523200000000004, ""unit"": ""g/kg"", ""reference"": ""式(4)-(6)、表C.1-C.3；灰分质量分数；g/kg""}]",[],9.816980808096003,,式(4)-(6)、表C.1-C.3；灰分质量分数；g/kg,SOURCE_RELATION_MISSING
SRC-RAW-A3FBB4382F65DF34F05E,POWER,OC,calculated,产排污系数法/煤质物料衡算法,"[{""component"": ""燃料一"", ""fuel"": ""原煤"", ""raw_amount"": 632407.03, ""unit"": ""吨"", ""generation_use"": 632407.03, ""heat_use"": 0.0, ""amount"": 632407.03, ""sulfur"": ""0.660"", ""sulfur_unit"": ""%"", ""ash"": ""19.80"", ""source_row"": 214}]","[{""component"": ""燃料一"", ""factor"": 0, ""unit"": ""g/kg"", ""reference"": ""式(6)、表C.3；电力生产/热力生产和供应OC占比=0""}]",[],0.0,0,式(6)、表C.3；电力生产/热力生产和供应OC占比=0,
SRC-RAW-A3FBB4382F65DF34F05E,POWER,NH3,not_involved,第7章核算范围,[],[],[],,,T/CSES 144-2024第7章、表D.1；未列NH3，未将缺省范围解释为零排放,OUTSIDE_CHAPTER7_POLLUTANT_SCOPE
SRC-RAW-0CF0D8335C0BB992C611,POWER,SO2,information_insufficient,产排污系数法/煤质物料衡算法,"[{""component"": ""燃料一"", ""fuel"": ""原煤"", ""raw_amount"": 1244675.0, ""unit"": ""吨"", ""generation_use"": 1244675.0, ""heat_use"": 0.0, ""amount"": 1244675.0, ""sulfur"": null, ""sulfur_unit"": ""%"", ""ash"": ""18.67"", ""source_row"": 215}]","[{""component"": ""燃料一"", ""factor"": null, ""unit"": ""g/kg"", ""reference"": ""式(3)、表C.1；收到基硫分缺失""}]",[],,,式(3)、表C.1；收到基硫分缺失,POLLUTANT_PARAMETER_MISSING
SRC-RAW-0CF0D8335C0BB992C611,POWER,NOx,information_insufficient,产排污系数法/煤质物料衡算法,"[{""component"": ""燃料一"", ""fuel"": ""原煤"", ""raw_amount"": 1244675.0, ""unit"": ""吨"", ""generation_use"": 1244675.0, ""heat_use"": 0.0, ""amount"": 1244675.0, ""sulfur"": null, ""sulfur_unit"": ""%"", ""ash"": ""18.67"", ""source_row"": 215}]","[{""component"": ""燃料一"", ""factor"": 7.21, ""unit"": ""g/kg"", ""reference"": ""T/CSES 144-2024 7.2; 表D.1及注a-c；万千瓦×10=MW""}]",[],8974.10675,,T/CSES 144-2024 7.2; 表D.1及注a-c；万千瓦×10=MW,SOURCE_RELATION_MISSING
SRC-RAW-0CF0D8335C0BB992C611,POWER,CO,calculated,产排污系数法/煤质物料衡算法,"[{""component"": ""燃料一"", ""fuel"": ""原煤"", ""raw_amount"": 1244675.0, ""unit"": ""吨"", ""generation_use"": 1244675.0, ""heat_use"": 0.0, ""amount"": 1244675.0, ""sulfur"": null, ""sulfur_unit"": ""%"", ""ash"": ""18.67"", ""source_row"": 215}]","[{""component"": ""燃料一"", ""factor"": 2, ""unit"": ""g/kg"", ""reference"": ""T/CSES 144-2024 7.2; 表D.1及注a-c""}]","[{""component"": ""燃烧源治理"", ""efficiency"": 0, ""reference"": ""表A.1燃烧源控制措施VOCs为0；CO按表D.1""}]",2489.35,2489.35,T/CSES 144-2024 7.2; 表D.1及注a-c,
SRC-RAW-0CF0D8335C0BB992C611,POWER,VOC,calculated,产排污系数法/煤质物料衡算法,"[{""component"": ""燃料一"", ""fuel"": ""原煤"", ""raw_amount"": 1244675.0, ""unit"": ""吨"", ""generation_use"": 1244675.0, ""heat_use"": 0.0, ""amount"": 1244675.0, ""sulfur"": null, ""sulfur_unit"": ""%"", ""ash"": ""18.67"", ""source_row"": 215}]","[{""component"": ""燃料一"", ""factor"": 0.04, ""unit"": ""g/kg"", ""reference"": ""T/CSES 144-2024 7.2; 表D.1及注a-c""}]","[{""component"": ""燃烧源治理"", ""efficiency"": 0, ""reference"": ""表A.1燃烧源控制措施VOCs为0；CO按表D.1""}]",49.787,49.787,T/CSES 144-2024 7.2; 表D.1及注a-c,
SRC-RAW-0CF0D8335C0BB992C611,POWER,PM10,information_insufficient,产排污系数法/煤质物料衡算法,"[{""component"": ""燃料一"", ""fuel"": ""原煤"", ""raw_amount"": 1244675.0, ""unit"": ""吨"", ""generation_use"": 1244675.0, ""heat_use"": 0.0, ""amount"": 1244675.0, ""sulfur"": null, ""sulfur_unit"": ""%"", ""ash"": ""18.67"", ""source_row"": 215}]","[{""component"": ""燃料一"", ""factor"": 32.20575, ""unit"": ""g/kg"", ""reference"": ""式(4)-(6)、表C.1-C.3；灰分质量分数；g/kg""}]",[],40085.69188125,,式(4)-(6)、表C.1-C.3；灰分质量分数；g/kg,SOURCE_RELATION_MISSING
SRC-RAW-0CF0D8335C0BB992C611,POWER,PM2.5,information_insufficient,产排污系数法/煤质物料衡算法,"[{""component"": ""燃料一"", ""fuel"": ""原煤"", ""raw_amount"": 1244675.0, ""unit"": ""吨"", ""generation_use"": 1244675.0, ""heat_use"": 0.0, ""amount"": 1244675.0, ""sulfur"": null, ""sulfur_unit"": ""%"", ""ash"": ""18.67"", ""source_row"": 215}]","[{""component"": ""燃料一"", ""factor"": 8.4015, ""unit"": ""g/kg"", ""reference"": ""式(4)-(6)、表C.1-C.3；灰分质量分数；g/kg""}]",[],10457.137012500001,,式(4)-(6)、表C.1-C.3；灰分质量分数；g/kg,SOURCE_RELATION_MISSING
SRC-RAW-0CF0D8335C0BB992C611,POWER,BC,information_insufficient,产排污系数法/煤质物料衡算法,"[{""component"": ""燃料一"", ""fuel"": ""原煤"", ""raw_amount"": 1244675.0, ""unit"": ""吨"", ""generation_use"": 1244675.0, ""heat_use"": 0.0, ""amount"": 1244675.0, ""sulfur"": null, ""sulfur_unit"": ""%"", ""ash"": ""18.67"", ""source_row"": 215}]","[{""component"": ""燃料一"", ""factor"": 0.016803000000000002, ""unit"": ""g/kg"", ""reference"": ""式(4)-(6)、表C.1-C.3；灰分质量分数；g/kg""}]",[],20.914274025000005,,式(4)-(6)、表C.1-C.3；灰分质量分数；g/kg,SOURCE_RELATION_MISSING
SRC-RAW-0CF0D8335C0BB992C611,POWER,OC,calculated,产排污系数法/煤质物料衡算法,"[{""component"": ""燃料一"", ""fuel"": ""原煤"", ""raw_amount"": 1244675.0, ""unit"": ""吨"", ""generation_use"": 1244675.0, ""heat_use"": 0.0, ""amount"": 1244675.0, ""sulfur"": null, ""sulfur_unit"": ""%"", ""ash"": ""18.67"", ""source_row"": 215}]","[{""component"": ""燃料一"", ""factor"": 0, ""unit"": ""g/kg"", ""reference"": ""式(6)、表C.3；电力生产/热力生产和供应OC占比=0""}]",[],0.0,0,式(6)、表C.3；电力生产/热力生产和供应OC占比=0,
SRC-RAW-0CF0D8335C0BB992C611,POWER,NH3,not_involved,第7章核算范围,[],[],[],,,T/CSES 144-2024第7章、表D.1；未列NH3，未将缺省范围解释为零排放,OUTSIDE_CHAPTER7_POLLUTANT_SCOPE
SRC-RAW-6A3D9F0940947CB1906F,POWER,SO2,information_insufficient,产排污系数法/煤质物料衡算法,"[{""component"": ""燃料一"", ""fuel"": ""原煤"", ""raw_amount"": null, ""unit"": ""吨"", ""generation_use"": 1280046.0, ""heat_use"": 0.0, ""amount"": 1280046.0, ""sulfur"": ""0.820"", ""sulfur_unit"": ""%"", ""ash"": ""18.47"", ""source_row"": 216, ""derivation"": ""同单位发电消耗量+供热消耗量，指南7.2.1.2活动水平定义""}]","[{""component"": ""燃料一"", ""factor"": 13.939999999999998, ""unit"": ""g/kg"", ""reference"": ""式(3)、表C.1；S按质量分数；sr=0.15；g/kg""}]",[],17843.841239999998,,式(3)、表C.1；S按质量分数；sr=0.15；g/kg,SOURCE_RELATION_MISSING
SRC-RAW-6A3D9F0940947CB1906F,POWER,NOx,information_insufficient,产排污系数法/煤质物料衡算法,"[{""component"": ""燃料一"", ""fuel"": ""原煤"", ""raw_amount"": null, ""unit"": ""吨"", ""generation_use"": 1280046.0, ""heat_use"": 0.0, ""amount"": 1280046.0, ""sulfur"": ""0.820"", ""sulfur_unit"": ""%"", ""ash"": ""18.47"", ""source_row"": 216, ""derivation"": ""同单位发电消耗量+供热消耗量，指南7.2.1.2活动水平定义""}]","[{""component"": ""燃料一"", ""factor"": 7.21, ""unit"": ""g/kg"", ""reference"": ""T/CSES 144-2024 7.2; 表D.1及注a-c；万千瓦×10=MW""}]",[],9229.131660000001,,T/CSES 144-2024 7.2; 表D.1及注a-c；万千瓦×10=MW,SOURCE_RELATION_MISSING
SRC-RAW-6A3D9F0940947CB1906F,POWER,CO,calculated,产排污系数法/煤质物料衡算法,"[{""component"": ""燃料一"", ""fuel"": ""原煤"", ""raw_amount"": null, ""unit"": ""吨"", ""generation_use"": 1280046.0, ""heat_use"": 0.0, ""amount"": 1280046.0, ""sulfur"": ""0.820"", ""sulfur_unit"": ""%"", ""ash"": ""18.47"", ""source_row"": 216, ""derivation"": ""同单位发电消耗量+供热消耗量，指南7.2.1.2活动水平定义""}]","[{""component"": ""燃料一"", ""factor"": 2, ""unit"": ""g/kg"", ""reference"": ""T/CSES 144-2024 7.2; 表D.1及注a-c""}]","[{""component"": ""燃烧源治理"", ""efficiency"": 0, ""reference"": ""表A.1燃烧源控制措施VOCs为0；CO按表D.1""}]",2560.092,2560.092,T/CSES 144-2024 7.2; 表D.1及注a-c,
SRC-RAW-6A3D9F0940947CB1906F,POWER,VOC,calculated,产排污系数法/煤质物料衡算法,"[{""component"": ""燃料一"", ""fuel"": ""原煤"", ""raw_amount"": null, ""unit"": ""吨"", ""generation_use"": 1280046.0, ""heat_use"": 0.0, ""amount"": 1280046.0, ""sulfur"": ""0.820"", ""sulfur_unit"": ""%"", ""ash"": ""18.47"", ""source_row"": 216, ""derivation"": ""同单位发电消耗量+供热消耗量，指南7.2.1.2活动水平定义""}]","[{""component"": ""燃料一"", ""factor"": 0.04, ""unit"": ""g/kg"", ""reference"": ""T/CSES 144-2024 7.2; 表D.1及注a-c""}]","[{""component"": ""燃烧源治理"", ""efficiency"": 0, ""reference"": ""表A.1燃烧源控制措施VOCs为0；CO按表D.1""}]",51.201840000000004,51.201840000000004,T/CSES 144-2024 7.2; 表D.1及注a-c,
SRC-RAW-6A3D9F0940947CB1906F,POWER,PM10,information_insufficient,产排污系数法/煤质物料衡算法,"[{""component"": ""燃料一"", ""fuel"": ""原煤"", ""raw_amount"": null, ""unit"": ""吨"", ""generation_use"": 1280046.0, ""heat_use"": 0.0, ""amount"": 1280046.0, ""sulfur"": ""0.820"", ""sulfur_unit"": ""%"", ""ash"": ""18.47"", ""source_row"": 216, ""derivation"": ""同单位发电消耗量+供热消耗量，指南7.2.1.2活动水平定义""}]","[{""component"": ""燃料一"", ""factor"": 31.86075, ""unit"": ""g/kg"", ""reference"": ""式(4)-(6)、表C.1-C.3；灰分质量分数；g/kg""}]",[],40783.2255945,,式(4)-(6)、表C.1-C.3；灰分质量分数；g/kg,SOURCE_RELATION_MISSING
SRC-RAW-6A3D9F0940947CB1906F,POWER,PM2.5,information_insufficient,产排污系数法/煤质物料衡算法,"[{""component"": ""燃料一"", ""fuel"": ""原煤"", ""raw_amount"": null, ""unit"": ""吨"", ""generation_use"": 1280046.0, ""heat_use"": 0.0, ""amount"": 1280046.0, ""sulfur"": ""0.820"", ""sulfur_unit"": ""%"", ""ash"": ""18.47"", ""source_row"": 216, ""derivation"": ""同单位发电消耗量+供热消耗量，指南7.2.1.2活动水平定义""}]","[{""component"": ""燃料一"", ""factor"": 8.311499999999999, ""unit"": ""g/kg"", ""reference"": ""式(4)-(6)、表C.1-C.3；灰分质量分数；g/kg""}]",[],10639.102328999998,,式(4)-(6)、表C.1-C.3；灰分质量分数；g/kg,SOURCE_RELATION_MISSING
SRC-RAW-6A3D9F0940947CB1906F,POWER,BC,information_insufficient,产排污系数法/煤质物料衡算法,"[{""component"": ""燃料一"", ""fuel"": ""原煤"", ""raw_amount"": null, ""unit"": ""吨"", ""generation_use"": 1280046.0, ""heat_use"": 0.0, ""amount"": 1280046.0, ""sulfur"": ""0.820"", ""sulfur_unit"": ""%"", ""ash"": ""18.47"", ""source_row"": 216, ""derivation"": ""同单位发电消耗量+供热消耗量，指南7.2.1.2活动水平定义""}]","[{""component"": ""燃料一"", ""factor"": 0.016623, ""unit"": ""g/kg"", ""reference"": ""式(4)-(6)、表C.1-C.3；灰分质量分数；g/kg""}]",[],21.278204658,,式(4)-(6)、表C.1-C.3；灰分质量分数；g/kg,SOURCE_RELATION_MISSING
SRC-RAW-6A3D9F0940947CB1906F,POWER,OC,calculated,产排污系数法/煤质物料衡算法,"[{""component"": ""燃料一"", ""fuel"": ""原煤"", ""raw_amount"": null, ""unit"": ""吨"", ""generation_use"": 1280046.0, ""heat_use"": 0.0, ""amount"": 1280046.0, ""sulfur"": ""0.820"", ""sulfur_unit"": ""%"", ""ash"": ""18.47"", ""source_row"": 216, ""derivation"": ""同单位发电消耗量+供热消耗量，指南7.2.1.2活动水平定义""}]","[{""component"": ""燃料一"", ""factor"": 0, ""unit"": ""g/kg"", ""reference"": ""式(6)、表C.3；电力生产/热力生产和供应OC占比=0""}]",[],0.0,0,式(6)、表C.3；电力生产/热力生产和供应OC占比=0,
SRC-RAW-6A3D9F0940947CB1906F,POWER,NH3,not_involved,第7章核算范围,[],[],[],,,T/CSES 144-2024第7章、表D.1；未列NH3，未将缺省范围解释为零排放,OUTSIDE_CHAPTER7_POLLUTANT_SCOPE
SRC-RAW-3FED5702793EBC59124F,POWER,SO2,information_insufficient,产排污系数法/煤质物料衡算法,"[{""component"": ""燃料一"", ""fuel"": ""一般烟煤"", ""raw_amount"": 1478986.87, ""unit"": ""吨"", ""generation_use"": 1478986.87, ""heat_use"": 0.0, ""amount"": 1478986.87, ""sulfur"": ""0.650"", ""sulfur_unit"": ""%"", ""ash"": ""12.93"", ""source_row"": 218}]","[{""component"": ""燃料一"", ""factor"": 11.05, ""unit"": ""g/kg"", ""reference"": ""式(3)、表C.1；S按质量分数；sr=0.15；g/kg""}]",[],16342.804913500002,,式(3)、表C.1；S按质量分数；sr=0.15；g/kg,SOURCE_RELATION_MISSING
SRC-RAW-3FED5702793EBC59124F,POWER,NOx,information_insufficient,产排污系数法/煤质物料衡算法,"[{""component"": ""燃料一"", ""fuel"": ""一般烟煤"", ""raw_amount"": 1478986.87, ""unit"": ""吨"", ""generation_use"": 1478986.87, ""heat_use"": 0.0, ""amount"": 1478986.87, ""sulfur"": ""0.650"", ""sulfur_unit"": ""%"", ""ash"": ""12.93"", ""source_row"": 218}]","[{""component"": ""燃料一"", ""factor"": 7.21, ""unit"": ""g/kg"", ""reference"": ""T/CSES 144-2024 7.2; 表D.1及注a-c；万千瓦×10=MW""}]",[],10663.495332700002,,T/CSES 144-2024 7.2; 表D.1及注a-c；万千瓦×10=MW,SOURCE_RELATION_MISSING
SRC-RAW-3FED5702793EBC59124F,POWER,CO,calculated,产排污系数法/煤质物料衡算法,"[{""component"": ""燃料一"", ""fuel"": ""一般烟煤"", ""raw_amount"": 1478986.87, ""unit"": ""吨"", ""generation_use"": 1478986.87, ""heat_use"": 0.0, ""amount"": 1478986.87, ""sulfur"": ""0.650"", ""sulfur_unit"": ""%"", ""ash"": ""12.93"", ""source_row"": 218}]","[{""component"": ""燃料一"", ""factor"": 2, ""unit"": ""g/kg"", ""reference"": ""T/CSES 144-2024 7.2; 表D.1及注a-c""}]","[{""component"": ""燃烧源治理"", ""efficiency"": 0, ""reference"": ""表A.1燃烧源控制措施VOCs为0；CO按表D.1""}]",2957.9737400000004,2957.9737400000004,T/CSES 144-2024 7.2; 表D.1及注a-c,
SRC-RAW-3FED5702793EBC59124F,POWER,VOC,calculated,产排污系数法/煤质物料衡算法,"[{""component"": ""燃料一"", ""fuel"": ""一般烟煤"", ""raw_amount"": 1478986.87, ""unit"": ""吨"", ""generation_use"": 1478986.87, ""heat_use"": 0.0, ""amount"": 1478986.87, ""sulfur"": ""0.650"", ""sulfur_unit"": ""%"", ""ash"": ""12.93"", ""source_row"": 218}]","[{""component"": ""燃料一"", ""factor"": 0.04, ""unit"": ""g/kg"", ""reference"": ""T/CSES 144-2024 7.2; 表D.1及注a-c""}]","[{""component"": ""燃烧源治理"", ""efficiency"": 0, ""reference"": ""表A.1燃烧源控制措施VOCs为0；CO按表D.1""}]",59.159474800000005,59.159474800000005,T/CSES 144-2024 7.2; 表D.1及注a-c,
SRC-RAW-3FED5702793EBC59124F,POWER,PM10,information_insufficient,产排污系数法/煤质物料衡算法,"[{""component"": ""燃料一"", ""fuel"": ""一般烟煤"", ""raw_amount"": 1478986.87, ""unit"": ""吨"", ""generation_use"": 1478986.87, ""heat_use"": 0.0, ""amount"": 1478986.87, ""sulfur"": ""0.650"", ""sulfur_unit"": ""%"", ""ash"": ""12.93"", ""source_row"": 218}]","[{""component"": ""燃料一"", ""factor"": 22.30425, ""unit"": ""g/kg"", ""reference"": ""式(4)-(6)、表C.1-C.3；灰分质量分数；g/kg""}]",[],32987.692895197506,,式(4)-(6)、表C.1-C.3；灰分质量分数；g/kg,SOURCE_RELATION_MISSING
SRC-RAW-3FED5702793EBC59124F,POWER,PM2.5,information_insufficient,产排污系数法/煤质物料衡算法,"[{""component"": ""燃料一"", ""fuel"": ""一般烟煤"", ""raw_amount"": 1478986.87, ""unit"": ""吨"", ""generation_use"": 1478986.87, ""heat_use"": 0.0, ""amount"": 1478986.87, ""sulfur"": ""0.650"", ""sulfur_unit"": ""%"", ""ash"": ""12.93"", ""source_row"": 218}]","[{""component"": ""燃料一"", ""factor"": 5.8185, ""unit"": ""g/kg"", ""reference"": ""式(4)-(6)、表C.1-C.3；灰分质量分数；g/kg""}]",[],8605.485103095001,,式(4)-(6)、表C.1-C.3；灰分质量分数；g/kg,SOURCE_RELATION_MISSING
SRC-RAW-3FED5702793EBC59124F,POWER,BC,information_insufficient,产排污系数法/煤质物料衡算法,"[{""component"": ""燃料一"", ""fuel"": ""一般烟煤"", ""raw_amount"": 1478986.87, ""unit"": ""吨"", ""generation_use"": 1478986.87, ""heat_use"": 0.0, ""amount"": 1478986.87, ""sulfur"": ""0.650"", ""sulfur_unit"": ""%"", ""ash"": ""12.93"", ""source_row"": 218}]","[{""component"": ""燃料一"", ""factor"": 0.011637, ""unit"": ""g/kg"", ""reference"": ""式(4)-(6)、表C.1-C.3；灰分质量分数；g/kg""}]",[],17.21097020619,,式(4)-(6)、表C.1-C.3；灰分质量分数；g/kg,SOURCE_RELATION_MISSING
SRC-RAW-3FED5702793EBC59124F,POWER,OC,calculated,产排污系数法/煤质物料衡算法,"[{""component"": ""燃料一"", ""fuel"": ""一般烟煤"", ""raw_amount"": 1478986.87, ""unit"": ""吨"", ""generation_use"": 1478986.87, ""heat_use"": 0.0, ""amount"": 1478986.87, ""sulfur"": ""0.650"", ""sulfur_unit"": ""%"", ""ash"": ""12.93"", ""source_row"": 218}]","[{""component"": ""燃料一"", ""factor"": 0, ""unit"": ""g/kg"", ""reference"": ""式(6)、表C.3；电力生产/热力生产和供应OC占比=0""}]",[],0.0,0,式(6)、表C.3；电力生产/热力生产和供应OC占比=0,
SRC-RAW-3FED5702793EBC59124F,POWER,NH3,not_involved,第7章核算范围,[],[],[],,,T/CSES 144-2024第7章、表D.1；未列NH3，未将缺省范围解释为零排放,OUTSIDE_CHAPTER7_POLLUTANT_SCOPE
SRC-RAW-8638EC6E8AF122B97D6A,POWER,SO2,source_data_invalid,产排污系数法/煤质物料衡算法,"[{""component"": ""燃料一"", ""fuel"": ""一般烟煤"", ""raw_amount"": -1531451.91, ""unit"": ""吨"", ""generation_use"": 1531451.91, ""heat_use"": 0.0, ""amount"": -1531451.91, ""sulfur"": ""0.660"", ""sulfur_unit"": ""%"", ""ash"": ""12.70"", ""source_row"": 219}]","[{""component"": ""燃料一"", ""factor"": 11.219999999999999, ""unit"": ""g/kg"", ""reference"": ""式(3)、表C.1；S按质量分数；sr=0.15；g/kg""}]",[],,,式(3)、表C.1；S按质量分数；sr=0.15；g/kg,HARD_CONSTRAINT_CONFLICT
SRC-RAW-8638EC6E8AF122B97D6A,POWER,NOx,source_data_invalid,产排污系数法/煤质物料衡算法,"[{""component"": ""燃料一"", ""fuel"": ""一般烟煤"", ""raw_amount"": -1531451.91, ""unit"": ""吨"", ""generation_use"": 1531451.91, ""heat_use"": 0.0, ""amount"": -1531451.91, ""sulfur"": ""0.660"", ""sulfur_unit"": ""%"", ""ash"": ""12.70"", ""source_row"": 219}]","[{""component"": ""燃料一"", ""factor"": 7.21, ""unit"": ""g/kg"", ""reference"": ""T/CSES 144-2024 7.2; 表D.1及注a-c；万千瓦×10=MW""}]",[],,,T/CSES 144-2024 7.2; 表D.1及注a-c；万千瓦×10=MW,HARD_CONSTRAINT_CONFLICT
SRC-RAW-8638EC6E8AF122B97D6A,POWER,CO,source_data_invalid,产排污系数法/煤质物料衡算法,"[{""component"": ""燃料一"", ""fuel"": ""一般烟煤"", ""raw_amount"": -1531451.91, ""unit"": ""吨"", ""generation_use"": 1531451.91, ""heat_use"": 0.0, ""amount"": -1531451.91, ""sulfur"": ""0.660"", ""sulfur_unit"": ""%"", ""ash"": ""12.70"", ""source_row"": 219}]","[{""component"": ""燃料一"", ""factor"": 2, ""unit"": ""g/kg"", ""reference"": ""T/CSES 144-2024 7.2; 表D.1及注a-c""}]",[],,,T/CSES 144-2024 7.2; 表D.1及注a-c,HARD_CONSTRAINT_CONFLICT
SRC-RAW-8638EC6E8AF122B97D6A,POWER,VOC,source_data_invalid,产排污系数法/煤质物料衡算法,"[{""component"": ""燃料一"", ""fuel"": ""一般烟煤"", ""raw_amount"": -1531451.91, ""unit"": ""吨"", ""generation_use"": 1531451.91, ""heat_use"": 0.0, ""amount"": -1531451.91, ""sulfur"": ""0.660"", ""sulfur_unit"": ""%"", ""ash"": ""12.70"", ""source_row"": 219}]","[{""component"": ""燃料一"", ""factor"": 0.04, ""unit"": ""g/kg"", ""reference"": ""T/CSES 144-2024 7.2; 表D.1及注a-c""}]",[],,,T/CSES 144-2024 7.2; 表D.1及注a-c,HARD_CONSTRAINT_CONFLICT
SRC-RAW-8638EC6E8AF122B97D6A,POWER,PM10,source_data_invalid,产排污系数法/煤质物料衡算法,"[{""component"": ""燃料一"", ""fuel"": ""一般烟煤"", ""raw_amount"": -1531451.91, ""unit"": ""吨"", ""generation_use"": 1531451.91, ""heat_use"": 0.0, ""amount"": -1531451.91, ""sulfur"": ""0.660"", ""sulfur_unit"": ""%"", ""ash"": ""12.70"", ""source_row"": 219}]","[{""component"": ""燃料一"", ""factor"": 21.9075, ""unit"": ""g/kg"", ""reference"": ""式(4)-(6)、表C.1-C.3；灰分质量分数；g/kg""}]",[],,,式(4)-(6)、表C.1-C.3；灰分质量分数；g/kg,HARD_CONSTRAINT_CONFLICT
SRC-RAW-8638EC6E8AF122B97D6A,POWER,PM2.5,source_data_invalid,产排污系数法/煤质物料衡算法,"[{""component"": ""燃料一"", ""fuel"": ""一般烟煤"", ""raw_amount"": -1531451.91, ""unit"": ""吨"", ""generation_use"": 1531451.91, ""heat_use"": 0.0, ""amount"": -1531451.91, ""sulfur"": ""0.660"", ""sulfur_unit"": ""%"", ""ash"": ""12.70"", ""source_row"": 219}]","[{""component"": ""燃料一"", ""factor"": 5.715, ""unit"": ""g/kg"", ""reference"": ""式(4)-(6)、表C.1-C.3；灰分质量分数；g/kg""}]",[],,,式(4)-(6)、表C.1-C.3；灰分质量分数；g/kg,HARD_CONSTRAINT_CONFLICT
SRC-RAW-8638EC6E8AF122B97D6A,POWER,BC,source_data_invalid,产排污系数法/煤质物料衡算法,"[{""component"": ""燃料一"", ""fuel"": ""一般烟煤"", ""raw_amount"": -1531451.91, ""unit"": ""吨"", ""generation_use"": 1531451.91, ""heat_use"": 0.0, ""amount"": -1531451.91, ""sulfur"": ""0.660"", ""sulfur_unit"": ""%"", ""ash"": ""12.70"", ""source_row"": 219}]","[{""component"": ""燃料一"", ""factor"": 0.01143, ""unit"": ""g/kg"", ""reference"": ""式(4)-(6)、表C.1-C.3；灰分质量分数；g/kg""}]",[],,,式(4)-(6)、表C.1-C.3；灰分质量分数；g/kg,HARD_CONSTRAINT_CONFLICT
SRC-RAW-8638EC6E8AF122B97D6A,POWER,OC,source_data_invalid,产排污系数法/煤质物料衡算法,"[{""component"": ""燃料一"", ""fuel"": ""一般烟煤"", ""raw_amount"": -1531451.91, ""unit"": ""吨"", ""generation_use"": 1531451.91, ""heat_use"": 0.0, ""amount"": -1531451.91, ""sulfur"": ""0.660"", ""sulfur_unit"": ""%"", ""ash"": ""12.70"", ""source_row"": 219}]","[{""component"": ""燃料一"", ""factor"": 0, ""unit"": ""g/kg"", ""reference"": ""式(6)、表C.3；电力生产/热力生产和供应OC占比=0""}]",[],,,式(6)、表C.3；电力生产/热力生产和供应OC占比=0,HARD_CONSTRAINT_CONFLICT
SRC-RAW-8638EC6E8AF122B97D6A,POWER,NH3,not_involved,第7章核算范围,[],[],[],,,T/CSES 144-2024第7章、表D.1；未列NH3，未将缺省范围解释为零排放,OUTSIDE_CHAPTER7_POLLUTANT_SCOPE
SRC-RAW-A9B79E53EDDFDADB0001,POWER,SO2,information_insufficient,产排污系数法/煤质物料衡算法,"[{""component"": ""燃料一"", ""fuel"": ""一般烟煤"", ""raw_amount"": 1309708.14, ""unit"": ""吨"", ""generation_use"": 1309708.14, ""heat_use"": 0.0, ""amount"": 1309708.14, ""sulfur"": ""0.640"", ""sulfur_unit"": ""%"", ""ash"": ""12.57"", ""source_row"": 220}]","[{""component"": ""燃料一"", ""factor"": 10.88, ""unit"": ""g/kg"", ""reference"": ""式(3)、表C.1；S按质量分数；sr=0.15；g/kg""}]",[],14249.624563200001,,式(3)、表C.1；S按质量分数；sr=0.15；g/kg,SOURCE_RELATION_MISSING
SRC-RAW-A9B79E53EDDFDADB0001,POWER,NOx,information_insufficient,产排污系数法/煤质物料衡算法,"[{""component"": ""燃料一"", ""fuel"": ""一般烟煤"", ""raw_amount"": 1309708.14, ""unit"": ""吨"", ""generation_use"": 1309708.14, ""heat_use"": 0.0, ""amount"": 1309708.14, ""sulfur"": ""0.640"", ""sulfur_unit"": ""%"", ""ash"": ""12.57"", ""source_row"": 220}]","[{""component"": ""燃料一"", ""factor"": 7.21, ""unit"": ""g/kg"", ""reference"": ""T/CSES 144-2024 7.2; 表D.1及注a-c；万千瓦×10=MW""}]",[],9442.995689399999,,T/CSES 144-2024 7.2; 表D.1及注a-c；万千瓦×10=MW,SOURCE_RELATION_MISSING
SRC-RAW-A9B79E53EDDFDADB0001,POWER,CO,calculated,产排污系数法/煤质物料衡算法,"[{""component"": ""燃料一"", ""fuel"": ""一般烟煤"", ""raw_amount"": 1309708.14, ""unit"": ""吨"", ""generation_use"": 1309708.14, ""heat_use"": 0.0, ""amount"": 1309708.14, ""sulfur"": ""0.640"", ""sulfur_unit"": ""%"", ""ash"": ""12.57"", ""source_row"": 220}]","[{""component"": ""燃料一"", ""factor"": 2, ""unit"": ""g/kg"", ""reference"": ""T/CSES 144-2024 7.2; 表D.1及注a-c""}]","[{""component"": ""燃烧源治理"", ""efficiency"": 0, ""reference"": ""表A.1燃烧源控制措施VOCs为0；CO按表D.1""}]",2619.41628,2619.41628,T/CSES 144-2024 7.2; 表D.1及注a-c,
SRC-RAW-A9B79E53EDDFDADB0001,POWER,VOC,calculated,产排污系数法/煤质物料衡算法,"[{""component"": ""燃料一"", ""fuel"": ""一般烟煤"", ""raw_amount"": 1309708.14, ""unit"": ""吨"", ""generation_use"": 1309708.14, ""heat_use"": 0.0, ""amount"": 1309708.14, ""sulfur"": ""0.640"", ""sulfur_unit"": ""%"", ""ash"": ""12.57"", ""source_row"": 220}]","[{""component"": ""燃料一"", ""factor"": 0.04, ""unit"": ""g/kg"", ""reference"": ""T/CSES 144-2024 7.2; 表D.1及注a-c""}]","[{""component"": ""燃烧源治理"", ""efficiency"": 0, ""reference"": ""表A.1燃烧源控制措施VOCs为0；CO按表D.1""}]",52.388325599999995,52.388325599999995,T/CSES 144-2024 7.2; 表D.1及注a-c,
SRC-RAW-A9B79E53EDDFDADB0001,POWER,PM10,information_insufficient,产排污系数法/煤质物料衡算法,"[{""component"": ""燃料一"", ""fuel"": ""一般烟煤"", ""raw_amount"": 1309708.14, ""unit"": ""吨"", ""generation_use"": 1309708.14, ""heat_use"": 0.0, ""amount"": 1309708.14, ""sulfur"": ""0.640"", ""sulfur_unit"": ""%"", ""ash"": ""12.57"", ""source_row"": 220}]","[{""component"": ""燃料一"", ""factor"": 21.68325, ""unit"": ""g/kg"", ""reference"": ""式(4)-(6)、表C.1-C.3；灰分质量分数；g/kg""}]",[],28398.729026655,,式(4)-(6)、表C.1-C.3；灰分质量分数；g/kg,SOURCE_RELATION_MISSING
SRC-RAW-A9B79E53EDDFDADB0001,POWER,PM2.5,information_insufficient,产排污系数法/煤质物料衡算法,"[{""component"": ""燃料一"", ""fuel"": ""一般烟煤"", ""raw_amount"": 1309708.14, ""unit"": ""吨"", ""generation_use"": 1309708.14, ""heat_use"": 0.0, ""amount"": 1309708.14, ""sulfur"": ""0.640"", ""sulfur_unit"": ""%"", ""ash"": ""12.57"", ""source_row"": 220}]","[{""component"": ""燃料一"", ""factor"": 5.6565, ""unit"": ""g/kg"", ""reference"": ""式(4)-(6)、表C.1-C.3；灰分质量分数；g/kg""}]",[],7408.36409391,,式(4)-(6)、表C.1-C.3；灰分质量分数；g/kg,SOURCE_RELATION_MISSING
SRC-RAW-A9B79E53EDDFDADB0001,POWER,BC,information_insufficient,产排污系数法/煤质物料衡算法,"[{""component"": ""燃料一"", ""fuel"": ""一般烟煤"", ""raw_amount"": 1309708.14, ""unit"": ""吨"", ""generation_use"": 1309708.14, ""heat_use"": 0.0, ""amount"": 1309708.14, ""sulfur"": ""0.640"", ""sulfur_unit"": ""%"", ""ash"": ""12.57"", ""source_row"": 220}]","[{""component"": ""燃料一"", ""factor"": 0.011313, ""unit"": ""g/kg"", ""reference"": ""式(4)-(6)、表C.1-C.3；灰分质量分数；g/kg""}]",[],14.816728187819999,,式(4)-(6)、表C.1-C.3；灰分质量分数；g/kg,SOURCE_RELATION_MISSING
SRC-RAW-A9B79E53EDDFDADB0001,POWER,OC,calculated,产排污系数法/煤质物料衡算法,"[{""component"": ""燃料一"", ""fuel"": ""一般烟煤"", ""raw_amount"": 1309708.14, ""unit"": ""吨"", ""generation_use"": 1309708.14, ""heat_use"": 0.0, ""amount"": 1309708.14, ""sulfur"": ""0.640"", ""sulfur_unit"": ""%"", ""ash"": ""12.57"", ""source_row"": 220}]","[{""component"": ""燃料一"", ""factor"": 0, ""unit"": ""g/kg"", ""reference"": ""式(6)、表C.3；电力生产/热力生产和供应OC占比=0""}]",[],0.0,0,式(6)、表C.3；电力生产/热力生产和供应OC占比=0,
SRC-RAW-A9B79E53EDDFDADB0001,POWER,NH3,not_involved,第7章核算范围,[],[],[],,,T/CSES 144-2024第7章、表D.1；未列NH3，未将缺省范围解释为零排放,OUTSIDE_CHAPTER7_POLLUTANT_SCOPE
SRC-RAW-2FD3C0B7571FF8A81961,POWER,SO2,information_insufficient,产排污系数法/煤质物料衡算法,"[{""component"": ""燃料一"", ""fuel"": ""一般烟煤"", ""raw_amount"": 1625794.95, ""unit"": ""吨"", ""generation_use"": 1625794.95, ""heat_use"": 0.0, ""amount"": 1625794.95, ""sulfur"": ""0.660"", ""sulfur_unit"": ""%"", ""ash"": null, ""source_row"": 221}]","[{""component"": ""燃料一"", ""factor"": 11.219999999999999, ""unit"": ""g/kg"", ""reference"": ""式(3)、表C.1；S按质量分数；sr=0.15；g/kg""}]",[],18241.419338999996,,式(3)、表C.1；S按质量分数；sr=0.15；g/kg,SOURCE_RELATION_MISSING
SRC-RAW-2FD3C0B7571FF8A81961,POWER,NOx,information_insufficient,产排污系数法/煤质物料衡算法,"[{""component"": ""燃料一"", ""fuel"": ""一般烟煤"", ""raw_amount"": 1625794.95, ""unit"": ""吨"", ""generation_use"": 1625794.95, ""heat_use"": 0.0, ""amount"": 1625794.95, ""sulfur"": ""0.660"", ""sulfur_unit"": ""%"", ""ash"": null, ""source_row"": 221}]","[{""component"": ""燃料一"", ""factor"": 7.21, ""unit"": ""g/kg"", ""reference"": ""T/CSES 144-2024 7.2; 表D.1及注a-c；万千瓦×10=MW""}]",[],11721.9815895,,T/CSES 144-2024 7.2; 表D.1及注a-c；万千瓦×10=MW,SOURCE_RELATION_MISSING
SRC-RAW-2FD3C0B7571FF8A81961,POWER,CO,calculated,产排污系数法/煤质物料衡算法,"[{""component"": ""燃料一"", ""fuel"": ""一般烟煤"", ""raw_amount"": 1625794.95, ""unit"": ""吨"", ""generation_use"": 1625794.95, ""heat_use"": 0.0, ""amount"": 1625794.95, ""sulfur"": ""0.660"", ""sulfur_unit"": ""%"", ""ash"": null, ""source_row"": 221}]","[{""component"": ""燃料一"", ""factor"": 2, ""unit"": ""g/kg"", ""reference"": ""T/CSES 144-2024 7.2; 表D.1及注a-c""}]","[{""component"": ""燃烧源治理"", ""efficiency"": 0, ""reference"": ""表A.1燃烧源控制措施VOCs为0；CO按表D.1""}]",3251.5899,3251.5899,T/CSES 144-2024 7.2; 表D.1及注a-c,
SRC-RAW-2FD3C0B7571FF8A81961,POWER,VOC,calculated,产排污系数法/煤质物料衡算法,"[{""component"": ""燃料一"", ""fuel"": ""一般烟煤"", ""raw_amount"": 1625794.95, ""unit"": ""吨"", ""generation_use"": 1625794.95, ""heat_use"": 0.0, ""amount"": 1625794.95, ""sulfur"": ""0.660"", ""sulfur_unit"": ""%"", ""ash"": null, ""source_row"": 221}]","[{""component"": ""燃料一"", ""factor"": 0.04, ""unit"": ""g/kg"", ""reference"": ""T/CSES 144-2024 7.2; 表D.1及注a-c""}]","[{""component"": ""燃烧源治理"", ""efficiency"": 0, ""reference"": ""表A.1燃烧源控制措施VOCs为0；CO按表D.1""}]",65.03179800000001,65.03179800000001,T/CSES 144-2024 7.2; 表D.1及注a-c,
SRC-RAW-2FD3C0B7571FF8A81961,POWER,PM10,information_insufficient,产排污系数法/煤质物料衡算法,"[{""component"": ""燃料一"", ""fuel"": ""一般烟煤"", ""raw_amount"": 1625794.95, ""unit"": ""吨"", ""generation_use"": 1625794.95, ""heat_use"": 0.0, ""amount"": 1625794.95, ""sulfur"": ""0.660"", ""sulfur_unit"": ""%"", ""ash"": null, ""source_row"": 221}]","[{""component"": ""燃料一"", ""factor"": null, ""unit"": ""g/kg"", ""reference"": ""式(4)-(6)、表C.1-C.3；收到基灰分缺失""}]",[],,,式(4)-(6)、表C.1-C.3；收到基灰分缺失,POLLUTANT_PARAMETER_MISSING
SRC-RAW-2FD3C0B7571FF8A81961,POWER,PM2.5,information_insufficient,产排污系数法/煤质物料衡算法,"[{""component"": ""燃料一"", ""fuel"": ""一般烟煤"", ""raw_amount"": 1625794.95, ""unit"": ""吨"", ""generation_use"": 1625794.95, ""heat_use"": 0.0, ""amount"": 1625794.95, ""sulfur"": ""0.660"", ""sulfur_unit"": ""%"", ""ash"": null, ""source_row"": 221}]","[{""component"": ""燃料一"", ""factor"": null, ""unit"": ""g/kg"", ""reference"": ""式(4)-(6)、表C.1-C.3；收到基灰分缺失""}]",[],,,式(4)-(6)、表C.1-C.3；收到基灰分缺失,POLLUTANT_PARAMETER_MISSING
SRC-RAW-2FD3C0B7571FF8A81961,POWER,BC,information_insufficient,产排污系数法/煤质物料衡算法,"[{""component"": ""燃料一"", ""fuel"": ""一般烟煤"", ""raw_amount"": 1625794.95, ""unit"": ""吨"", ""generation_use"": 1625794.95, ""heat_use"": 0.0, ""amount"": 1625794.95, ""sulfur"": ""0.660"", ""sulfur_unit"": ""%"", ""ash"": null, ""source_row"": 221}]","[{""component"": ""燃料一"", ""factor"": null, ""unit"": ""g/kg"", ""reference"": ""式(4)-(6)、表C.1-C.3；收到基灰分缺失""}]",[],,,式(4)-(6)、表C.1-C.3；收到基灰分缺失,POLLUTANT_PARAMETER_MISSING
SRC-RAW-2FD3C0B7571FF8A81961,POWER,OC,calculated,产排污系数法/煤质物料衡算法,"[{""component"": ""燃料一"", ""fuel"": ""一般烟煤"", ""raw_amount"": 1625794.95, ""unit"": ""吨"", ""generation_use"": 1625794.95, ""heat_use"": 0.0, ""amount"": 1625794.95, ""sulfur"": ""0.660"", ""sulfur_unit"": ""%"", ""ash"": null, ""source_row"": 221}]","[{""component"": ""燃料一"", ""factor"": 0, ""unit"": ""g/kg"", ""reference"": ""式(6)、表C.3；电力生产/热力生产和供应OC占比=0""}]",[],0.0,0,式(6)、表C.3；电力生产/热力生产和供应OC占比=0,
SRC-RAW-2FD3C0B7571FF8A81961,POWER,NH3,not_involved,第7章核算范围,[],[],[],,,T/CSES 144-2024第7章、表D.1；未列NH3，未将缺省范围解释为零排放,OUTSIDE_CHAPTER7_POLLUTANT_SCOPE
SRC-RAW-3CE84EFE5438CA8FB4A0,POWER,SO2,information_insufficient,产排污系数法/煤质物料衡算法,"[{""component"": ""燃料一"", ""fuel"": ""一般烟煤"", ""raw_amount"": 2408756.0, ""unit"": ""吨"", ""generation_use"": 2408756.0, ""heat_use"": 0.0, ""amount"": 2408756.0, ""sulfur"": ""0.650"", ""sulfur_unit"": ""%"", ""ash"": null, ""source_row"": 222}]","[{""component"": ""燃料一"", ""factor"": 11.05, ""unit"": ""g/kg"", ""reference"": ""式(3)、表C.1；S按质量分数；sr=0.15；g/kg""}]",[],26616.753800000002,,式(3)、表C.1；S按质量分数；sr=0.15；g/kg,SOURCE_RELATION_MISSING
SRC-RAW-3CE84EFE5438CA8FB4A0,POWER,NOx,information_insufficient,产排污系数法/煤质物料衡算法,"[{""component"": ""燃料一"", ""fuel"": ""一般烟煤"", ""raw_amount"": 2408756.0, ""unit"": ""吨"", ""generation_use"": 2408756.0, ""heat_use"": 0.0, ""amount"": 2408756.0, ""sulfur"": ""0.650"", ""sulfur_unit"": ""%"", ""ash"": null, ""source_row"": 222}]","[{""component"": ""燃料一"", ""factor"": 7.21, ""unit"": ""g/kg"", ""reference"": ""T/CSES 144-2024 7.2; 表D.1及注a-c；万千瓦×10=MW""}]",[],17367.130760000004,,T/CSES 144-2024 7.2; 表D.1及注a-c；万千瓦×10=MW,SOURCE_RELATION_MISSING
SRC-RAW-3CE84EFE5438CA8FB4A0,POWER,CO,calculated,产排污系数法/煤质物料衡算法,"[{""component"": ""燃料一"", ""fuel"": ""一般烟煤"", ""raw_amount"": 2408756.0, ""unit"": ""吨"", ""generation_use"": 2408756.0, ""heat_use"": 0.0, ""amount"": 2408756.0, ""sulfur"": ""0.650"", ""sulfur_unit"": ""%"", ""ash"": null, ""source_row"": 222}]","[{""component"": ""燃料一"", ""factor"": 2, ""unit"": ""g/kg"", ""reference"": ""T/CSES 144-2024 7.2; 表D.1及注a-c""}]","[{""component"": ""燃烧源治理"", ""efficiency"": 0, ""reference"": ""表A.1燃烧源控制措施VOCs为0；CO按表D.1""}]",4817.512,4817.512,T/CSES 144-2024 7.2; 表D.1及注a-c,
SRC-RAW-3CE84EFE5438CA8FB4A0,POWER,VOC,calculated,产排污系数法/煤质物料衡算法,"[{""component"": ""燃料一"", ""fuel"": ""一般烟煤"", ""raw_amount"": 2408756.0, ""unit"": ""吨"", ""generation_use"": 2408756.0, ""heat_use"": 0.0, ""amount"": 2408756.0, ""sulfur"": ""0.650"", ""sulfur_unit"": ""%"", ""ash"": null, ""source_row"": 222}]","[{""component"": ""燃料一"", ""factor"": 0.04, ""unit"": ""g/kg"", ""reference"": ""T/CSES 144-2024 7.2; 表D.1及注a-c""}]","[{""component"": ""燃烧源治理"", ""efficiency"": 0, ""reference"": ""表A.1燃烧源控制措施VOCs为0；CO按表D.1""}]",96.35024000000001,96.35024000000001,T/CSES 144-2024 7.2; 表D.1及注a-c,
SRC-RAW-3CE84EFE5438CA8FB4A0,POWER,PM10,information_insufficient,产排污系数法/煤质物料衡算法,"[{""component"": ""燃料一"", ""fuel"": ""一般烟煤"", ""raw_amount"": 2408756.0, ""unit"": ""吨"", ""generation_use"": 2408756.0, ""heat_use"": 0.0, ""amount"": 2408756.0, ""sulfur"": ""0.650"", ""sulfur_unit"": ""%"", ""ash"": null, ""source_row"": 222}]","[{""component"": ""燃料一"", ""factor"": null, ""unit"": ""g/kg"", ""reference"": ""式(4)-(6)、表C.1-C.3；收到基灰分缺失""}]",[],,,式(4)-(6)、表C.1-C.3；收到基灰分缺失,POLLUTANT_PARAMETER_MISSING
SRC-RAW-3CE84EFE5438CA8FB4A0,POWER,PM2.5,information_insufficient,产排污系数法/煤质物料衡算法,"[{""component"": ""燃料一"", ""fuel"": ""一般烟煤"", ""raw_amount"": 2408756.0, ""unit"": ""吨"", ""generation_use"": 2408756.0, ""heat_use"": 0.0, ""amount"": 2408756.0, ""sulfur"": ""0.650"", ""sulfur_unit"": ""%"", ""ash"": null, ""source_row"": 222}]","[{""component"": ""燃料一"", ""factor"": null, ""unit"": ""g/kg"", ""reference"": ""式(4)-(6)、表C.1-C.3；收到基灰分缺失""}]",[],,,式(4)-(6)、表C.1-C.3；收到基灰分缺失,POLLUTANT_PARAMETER_MISSING
SRC-RAW-3CE84EFE5438CA8FB4A0,POWER,BC,information_insufficient,产排污系数法/煤质物料衡算法,"[{""component"": ""燃料一"", ""fuel"": ""一般烟煤"", ""raw_amount"": 2408756.0, ""unit"": ""吨"", ""generation_use"": 2408756.0, ""heat_use"": 0.0, ""amount"": 2408756.0, ""sulfur"": ""0.650"", ""sulfur_unit"": ""%"", ""ash"": null, ""source_row"": 222}]","[{""component"": ""燃料一"", ""factor"": null, ""unit"": ""g/kg"", ""reference"": ""式(4)-(6)、表C.1-C.3；收到基灰分缺失""}]",[],,,式(4)-(6)、表C.1-C.3；收到基灰分缺失,POLLUTANT_PARAMETER_MISSING
SRC-RAW-3CE84EFE5438CA8FB4A0,POWER,OC,calculated,产排污系数法/煤质物料衡算法,"[{""component"": ""燃料一"", ""fuel"": ""一般烟煤"", ""raw_amount"": 2408756.0, ""unit"": ""吨"", ""generation_use"": 2408756.0, ""heat_use"": 0.0, ""amount"": 2408756.0, ""sulfur"": ""0.650"", ""sulfur_unit"": ""%"", ""ash"": null, ""source_row"": 222}]","[{""component"": ""燃料一"", ""factor"": 0, ""unit"": ""g/kg"", ""reference"": ""式(6)、表C.3；电力生产/热力生产和供应OC占比=0""}]",[],0.0,0,式(6)、表C.3；电力生产/热力生产和供应OC占比=0,
SRC-RAW-3CE84EFE5438CA8FB4A0,POWER,NH3,not_involved,第7章核算范围,[],[],[],,,T/CSES 144-2024第7章、表D.1；未列NH3，未将缺省范围解释为零排放,OUTSIDE_CHAPTER7_POLLUTANT_SCOPE
SRC-RAW-F2AC45A6F890FFE96ABF,POWER,SO2,information_insufficient,产排污系数法/煤质物料衡算法,"[{""component"": ""燃料一"", ""fuel"": ""一般烟煤"", ""raw_amount"": null, ""unit"": ""吨"", ""generation_use"": 2595547.4, ""heat_use"": 0.0, ""amount"": 2595547.4, ""sulfur"": ""0.660"", ""sulfur_unit"": ""%"", ""ash"": ""16.64"", ""source_row"": 223, ""derivation"": ""同单位发电消耗量+供热消耗量，指南7.2.1.2活动水平定义""}]","[{""component"": ""燃料一"", ""factor"": 11.219999999999999, ""unit"": ""g/kg"", ""reference"": ""式(3)、表C.1；S按质量分数；sr=0.15；g/kg""}]",[],29122.041827999994,,式(3)、表C.1；S按质量分数；sr=0.15；g/kg,SOURCE_RELATION_MISSING
SRC-RAW-F2AC45A6F890FFE96ABF,POWER,NOx,information_insufficient,产排污系数法/煤质物料衡算法,"[{""component"": ""燃料一"", ""fuel"": ""一般烟煤"", ""raw_amount"": null, ""unit"": ""吨"", ""generation_use"": 2595547.4, ""heat_use"": 0.0, ""amount"": 2595547.4, ""sulfur"": ""0.660"", ""sulfur_unit"": ""%"", ""ash"": ""16.64"", ""source_row"": 223, ""derivation"": ""同单位发电消耗量+供热消耗量，指南7.2.1.2活动水平定义""}]","[{""component"": ""燃料一"", ""factor"": 7.21, ""unit"": ""g/kg"", ""reference"": ""T/CSES 144-2024 7.2; 表D.1及注a-c；万千瓦×10=MW""}]",[],18713.896754,,T/CSES 144-2024 7.2; 表D.1及注a-c；万千瓦×10=MW,SOURCE_RELATION_MISSING
SRC-RAW-F2AC45A6F890FFE96ABF,POWER,CO,calculated,产排污系数法/煤质物料衡算法,"[{""component"": ""燃料一"", ""fuel"": ""一般烟煤"", ""raw_amount"": null, ""unit"": ""吨"", ""generation_use"": 2595547.4, ""heat_use"": 0.0, ""amount"": 2595547.4, ""sulfur"": ""0.660"", ""sulfur_unit"": ""%"", ""ash"": ""16.64"", ""source_row"": 223, ""derivation"": ""同单位发电消耗量+供热消耗量，指南7.2.1.2活动水平定义""}]","[{""component"": ""燃料一"", ""factor"": 2, ""unit"": ""g/kg"", ""reference"": ""T/CSES 144-2024 7.2; 表D.1及注a-c""}]","[{""component"": ""燃烧源治理"", ""efficiency"": 0, ""reference"": ""表A.1燃烧源控制措施VOCs为0；CO按表D.1""}]",5191.0948,5191.0948,T/CSES 144-2024 7.2; 表D.1及注a-c,
SRC-RAW-F2AC45A6F890FFE96ABF,POWER,VOC,calculated,产排污系数法/煤质物料衡算法,"[{""component"": ""燃料一"", ""fuel"": ""一般烟煤"", ""raw_amount"": null, ""unit"": ""吨"", ""generation_use"": 2595547.4, ""heat_use"": 0.0, ""amount"": 2595547.4, ""sulfur"": ""0.660"", ""sulfur_unit"": ""%"", ""ash"": ""16.64"", ""source_row"": 223, ""derivation"": ""同单位发电消耗量+供热消耗量，指南7.2.1.2活动水平定义""}]","[{""component"": ""燃料一"", ""factor"": 0.04, ""unit"": ""g/kg"", ""reference"": ""T/CSES 144-2024 7.2; 表D.1及注a-c""}]","[{""component"": ""燃烧源治理"", ""efficiency"": 0, ""reference"": ""表A.1燃烧源控制措施VOCs为0；CO按表D.1""}]",103.821896,103.821896,T/CSES 144-2024 7.2; 表D.1及注a-c,
SRC-RAW-F2AC45A6F890FFE96ABF,POWER,PM10,information_insufficient,产排污系数法/煤质物料衡算法,"[{""component"": ""燃料一"", ""fuel"": ""一般烟煤"", ""raw_amount"": null, ""unit"": ""吨"", ""generation_use"": 2595547.4, ""heat_use"": 0.0, ""amount"": 2595547.4, ""sulfur"": ""0.660"", ""sulfur_unit"": ""%"", ""ash"": ""16.64"", ""source_row"": 223, ""derivation"": ""同单位发电消耗量+供热消耗量，指南7.2.1.2活动水平定义""}]","[{""component"": ""燃料一"", ""factor"": 28.704, ""unit"": ""g/kg"", ""reference"": ""式(4)-(6)、表C.1-C.3；灰分质量分数；g/kg""}]",[],74502.5925696,,式(4)-(6)、表C.1-C.3；灰分质量分数；g/kg,SOURCE_RELATION_MISSING
SRC-RAW-F2AC45A6F890FFE96ABF,POWER,PM2.5,information_insufficient,产排污系数法/煤质物料衡算法,"[{""component"": ""燃料一"", ""fuel"": ""一般烟煤"", ""raw_amount"": null, ""unit"": ""吨"", ""generation_use"": 2595547.4, ""heat_use"": 0.0, ""amount"": 2595547.4, ""sulfur"": ""0.660"", ""sulfur_unit"": ""%"", ""ash"": ""16.64"", ""source_row"": 223, ""derivation"": ""同单位发电消耗量+供热消耗量，指南7.2.1.2活动水平定义""}]","[{""component"": ""燃料一"", ""factor"": 7.487999999999999, ""unit"": ""g/kg"", ""reference"": ""式(4)-(6)、表C.1-C.3；灰分质量分数；g/kg""}]",[],19435.4589312,,式(4)-(6)、表C.1-C.3；灰分质量分数；g/kg,SOURCE_RELATION_MISSING
SRC-RAW-F2AC45A6F890FFE96ABF,POWER,BC,information_insufficient,产排污系数法/煤质物料衡算法,"[{""component"": ""燃料一"", ""fuel"": ""一般烟煤"", ""raw_amount"": null, ""unit"": ""吨"", ""generation_use"": 2595547.4, ""heat_use"": 0.0, ""amount"": 2595547.4, ""sulfur"": ""0.660"", ""sulfur_unit"": ""%"", ""ash"": ""16.64"", ""source_row"": 223, ""derivation"": ""同单位发电消耗量+供热消耗量，指南7.2.1.2活动水平定义""}]","[{""component"": ""燃料一"", ""factor"": 0.014975999999999998, ""unit"": ""g/kg"", ""reference"": ""式(4)-(6)、表C.1-C.3；灰分质量分数；g/kg""}]",[],38.87091786239999,,式(4)-(6)、表C.1-C.3；灰分质量分数；g/kg,SOURCE_RELATION_MISSING
SRC-RAW-F2AC45A6F890FFE96ABF,POWER,OC,calculated,产排污系数法/煤质物料衡算法,"[{""component"": ""燃料一"", ""fuel"": ""一般烟煤"", ""raw_amount"": null, ""unit"": ""吨"", ""generation_use"": 2595547.4, ""heat_use"": 0.0, ""amount"": 2595547.4, ""sulfur"": ""0.660"", ""sulfur_unit"": ""%"", ""ash"": ""16.64"", ""source_row"": 223, ""derivation"": ""同单位发电消耗量+供热消耗量，指南7.2.1.2活动水平定义""}]","[{""component"": ""燃料一"", ""factor"": 0, ""unit"": ""g/kg"", ""reference"": ""式(6)、表C.3；电力生产/热力生产和供应OC占比=0""}]",[],0.0,0,式(6)、表C.3；电力生产/热力生产和供应OC占比=0,
SRC-RAW-F2AC45A6F890FFE96ABF,POWER,NH3,not_involved,第7章核算范围,[],[],[],,,T/CSES 144-2024第7章、表D.1；未列NH3，未将缺省范围解释为零排放,OUTSIDE_CHAPTER7_POLLUTANT_SCOPE
SRC-RAW-22BA5A2282497EAD078C,POWER,SO2,information_insufficient,产排污系数法/煤质物料衡算法,"[{""component"": ""燃料一"", ""fuel"": ""原煤"", ""raw_amount"": 1205443.21, ""unit"": ""吨"", ""generation_use"": 1193444.1, ""heat_use"": 11999.11, ""amount"": 1205443.21, ""sulfur"": ""0.620"", ""sulfur_unit"": ""%"", ""ash"": ""15.86"", ""source_row"": 225}]","[{""component"": ""燃料一"", ""factor"": 10.54, ""unit"": ""g/kg"", ""reference"": ""式(3)、表C.1；S按质量分数；sr=0.15；g/kg""}]",[],12705.371433399998,,式(3)、表C.1；S按质量分数；sr=0.15；g/kg,SOURCE_RELATION_MISSING
SRC-RAW-22BA5A2282497EAD078C,POWER,NOx,information_insufficient,产排污系数法/煤质物料衡算法,"[{""component"": ""燃料一"", ""fuel"": ""原煤"", ""raw_amount"": 1205443.21, ""unit"": ""吨"", ""generation_use"": 1193444.1, ""heat_use"": 11999.11, ""amount"": 1205443.21, ""sulfur"": ""0.620"", ""sulfur_unit"": ""%"", ""ash"": ""15.86"", ""source_row"": 225}]","[{""component"": ""燃料一"", ""factor"": 7.21, ""unit"": ""g/kg"", ""reference"": ""T/CSES 144-2024 7.2; 表D.1及注a-c；万千瓦×10=MW""}]",[],8691.2455441,,T/CSES 144-2024 7.2; 表D.1及注a-c；万千瓦×10=MW,SOURCE_RELATION_MISSING
SRC-RAW-22BA5A2282497EAD078C,POWER,CO,calculated,产排污系数法/煤质物料衡算法,"[{""component"": ""燃料一"", ""fuel"": ""原煤"", ""raw_amount"": 1205443.21, ""unit"": ""吨"", ""generation_use"": 1193444.1, ""heat_use"": 11999.11, ""amount"": 1205443.21, ""sulfur"": ""0.620"", ""sulfur_unit"": ""%"", ""ash"": ""15.86"", ""source_row"": 225}]","[{""component"": ""燃料一"", ""factor"": 2, ""unit"": ""g/kg"", ""reference"": ""T/CSES 144-2024 7.2; 表D.1及注a-c""}]","[{""component"": ""燃烧源治理"", ""efficiency"": 0, ""reference"": ""表A.1燃烧源控制措施VOCs为0；CO按表D.1""}]",2410.88642,2410.88642,T/CSES 144-2024 7.2; 表D.1及注a-c,
SRC-RAW-22BA5A2282497EAD078C,POWER,VOC,calculated,产排污系数法/煤质物料衡算法,"[{""component"": ""燃料一"", ""fuel"": ""原煤"", ""raw_amount"": 1205443.21, ""unit"": ""吨"", ""generation_use"": 1193444.1, ""heat_use"": 11999.11, ""amount"": 1205443.21, ""sulfur"": ""0.620"", ""sulfur_unit"": ""%"", ""ash"": ""15.86"", ""source_row"": 225}]","[{""component"": ""燃料一"", ""factor"": 0.04, ""unit"": ""g/kg"", ""reference"": ""T/CSES 144-2024 7.2; 表D.1及注a-c""}]","[{""component"": ""燃烧源治理"", ""efficiency"": 0, ""reference"": ""表A.1燃烧源控制措施VOCs为0；CO按表D.1""}]",48.2177284,48.2177284,T/CSES 144-2024 7.2; 表D.1及注a-c,
SRC-RAW-22BA5A2282497EAD078C,POWER,PM10,information_insufficient,产排污系数法/煤质物料衡算法,"[{""component"": ""燃料一"", ""fuel"": ""原煤"", ""raw_amount"": 1205443.21, ""unit"": ""吨"", ""generation_use"": 1193444.1, ""heat_use"": 11999.11, ""amount"": 1205443.21, ""sulfur"": ""0.620"", ""sulfur_unit"": ""%"", ""ash"": ""15.86"", ""source_row"": 225}]","[{""component"": ""燃料一"", ""factor"": 27.3585, ""unit"": ""g/kg"", ""reference"": ""式(4)-(6)、表C.1-C.3；灰分质量分数；g/kg""}]",[],32979.118060785,,式(4)-(6)、表C.1-C.3；灰分质量分数；g/kg,SOURCE_RELATION_MISSING
SRC-RAW-22BA5A2282497EAD078C,POWER,PM2.5,information_insufficient,产排污系数法/煤质物料衡算法,"[{""component"": ""燃料一"", ""fuel"": ""原煤"", ""raw_amount"": 1205443.21, ""unit"": ""吨"", ""generation_use"": 1193444.1, ""heat_use"": 11999.11, ""amount"": 1205443.21, ""sulfur"": ""0.620"", ""sulfur_unit"": ""%"", ""ash"": ""15.86"", ""source_row"": 225}]","[{""component"": ""燃料一"", ""factor"": 7.1370000000000005, ""unit"": ""g/kg"", ""reference"": ""式(4)-(6)、表C.1-C.3；灰分质量分数；g/kg""}]",[],8603.24818977,,式(4)-(6)、表C.1-C.3；灰分质量分数；g/kg,SOURCE_RELATION_MISSING
SRC-RAW-22BA5A2282497EAD078C,POWER,BC,information_insufficient,产排污系数法/煤质物料衡算法,"[{""component"": ""燃料一"", ""fuel"": ""原煤"", ""raw_amount"": 1205443.21, ""unit"": ""吨"", ""generation_use"": 1193444.1, ""heat_use"": 11999.11, ""amount"": 1205443.21, ""sulfur"": ""0.620"", ""sulfur_unit"": ""%"", ""ash"": ""15.86"", ""source_row"": 225}]","[{""component"": ""燃料一"", ""factor"": 0.014274, ""unit"": ""g/kg"", ""reference"": ""式(4)-(6)、表C.1-C.3；灰分质量分数；g/kg""}]",[],17.20649637954,,式(4)-(6)、表C.1-C.3；灰分质量分数；g/kg,SOURCE_RELATION_MISSING
SRC-RAW-22BA5A2282497EAD078C,POWER,OC,calculated,产排污系数法/煤质物料衡算法,"[{""component"": ""燃料一"", ""fuel"": ""原煤"", ""raw_amount"": 1205443.21, ""unit"": ""吨"", ""generation_use"": 1193444.1, ""heat_use"": 11999.11, ""amount"": 1205443.21, ""sulfur"": ""0.620"", ""sulfur_unit"": ""%"", ""ash"": ""15.86"", ""source_row"": 225}]","[{""component"": ""燃料一"", ""factor"": 0, ""unit"": ""g/kg"", ""reference"": ""式(6)、表C.3；电力生产/热力生产和供应OC占比=0""}]",[],0.0,0,式(6)、表C.3；电力生产/热力生产和供应OC占比=0,
SRC-RAW-22BA5A2282497EAD078C,POWER,NH3,not_involved,第7章核算范围,[],[],[],,,T/CSES 144-2024第7章、表D.1；未列NH3，未将缺省范围解释为零排放,OUTSIDE_CHAPTER7_POLLUTANT_SCOPE
SRC-RAW-D754FE900ADCABAF2D31,POWER,SO2,information_insufficient,产排污系数法/煤质物料衡算法,"[{""component"": ""燃料一"", ""fuel"": ""原煤"", ""raw_amount"": null, ""unit"": ""吨"", ""generation_use"": 1942183.0, ""heat_use"": 0.0, ""amount"": 1942183.0, ""sulfur"": ""0.660"", ""sulfur_unit"": ""%"", ""ash"": ""14.98"", ""source_row"": 226, ""derivation"": ""同单位发电消耗量+供热消耗量，指南7.2.1.2活动水平定义""}]","[{""component"": ""燃料一"", ""factor"": 11.219999999999999, ""unit"": ""g/kg"", ""reference"": ""式(3)、表C.1；S按质量分数；sr=0.15；g/kg""}]",[],21791.29326,,式(3)、表C.1；S按质量分数；sr=0.15；g/kg,SOURCE_RELATION_MISSING
SRC-RAW-D754FE900ADCABAF2D31,POWER,NOx,information_insufficient,产排污系数法/煤质物料衡算法,"[{""component"": ""燃料一"", ""fuel"": ""原煤"", ""raw_amount"": null, ""unit"": ""吨"", ""generation_use"": 1942183.0, ""heat_use"": 0.0, ""amount"": 1942183.0, ""sulfur"": ""0.660"", ""sulfur_unit"": ""%"", ""ash"": ""14.98"", ""source_row"": 226, ""derivation"": ""同单位发电消耗量+供热消耗量，指南7.2.1.2活动水平定义""}]","[{""component"": ""燃料一"", ""factor"": 7.21, ""unit"": ""g/kg"", ""reference"": ""T/CSES 144-2024 7.2; 表D.1及注a-c；万千瓦×10=MW""}]",[],14003.13943,,T/CSES 144-2024 7.2; 表D.1及注a-c；万千瓦×10=MW,SOURCE_RELATION_MISSING
SRC-RAW-D754FE900ADCABAF2D31,POWER,CO,calculated,产排污系数法/煤质物料衡算法,"[{""component"": ""燃料一"", ""fuel"": ""原煤"", ""raw_amount"": null, ""unit"": ""吨"", ""generation_use"": 1942183.0, ""heat_use"": 0.0, ""amount"": 1942183.0, ""sulfur"": ""0.660"", ""sulfur_unit"": ""%"", ""ash"": ""14.98"", ""source_row"": 226, ""derivation"": ""同单位发电消耗量+供热消耗量，指南7.2.1.2活动水平定义""}]","[{""component"": ""燃料一"", ""factor"": 2, ""unit"": ""g/kg"", ""reference"": ""T/CSES 144-2024 7.2; 表D.1及注a-c""}]","[{""component"": ""燃烧源治理"", ""efficiency"": 0, ""reference"": ""表A.1燃烧源控制措施VOCs为0；CO按表D.1""}]",3884.366,3884.366,T/CSES 144-2024 7.2; 表D.1及注a-c,
SRC-RAW-D754FE900ADCABAF2D31,POWER,VOC,calculated,产排污系数法/煤质物料衡算法,"[{""component"": ""燃料一"", ""fuel"": ""原煤"", ""raw_amount"": null, ""unit"": ""吨"", ""generation_use"": 1942183.0, ""heat_use"": 0.0, ""amount"": 1942183.0, ""sulfur"": ""0.660"", ""sulfur_unit"": ""%"", ""ash"": ""14.98"", ""source_row"": 226, ""derivation"": ""同单位发电消耗量+供热消耗量，指南7.2.1.2活动水平定义""}]","[{""component"": ""燃料一"", ""factor"": 0.04, ""unit"": ""g/kg"", ""reference"": ""T/CSES 144-2024 7.2; 表D.1及注a-c""}]","[{""component"": ""燃烧源治理"", ""efficiency"": 0, ""reference"": ""表A.1燃烧源控制措施VOCs为0；CO按表D.1""}]",77.68732000000001,77.68732000000001,T/CSES 144-2024 7.2; 表D.1及注a-c,
SRC-RAW-D754FE900ADCABAF2D31,POWER,PM10,information_insufficient,产排污系数法/煤质物料衡算法,"[{""component"": ""燃料一"", ""fuel"": ""原煤"", ""raw_amount"": null, ""unit"": ""吨"", ""generation_use"": 1942183.0, ""heat_use"": 0.0, ""amount"": 1942183.0, ""sulfur"": ""0.660"", ""sulfur_unit"": ""%"", ""ash"": ""14.98"", ""source_row"": 226, ""derivation"": ""同单位发电消耗量+供热消耗量，指南7.2.1.2活动水平定义""}]","[{""component"": ""燃料一"", ""factor"": 25.840500000000002, ""unit"": ""g/kg"", ""reference"": ""式(4)-(6)、表C.1-C.3；灰分质量分数；g/kg""}]",[],50186.97981150001,,式(4)-(6)、表C.1-C.3；灰分质量分数；g/kg,SOURCE_RELATION_MISSING
SRC-RAW-D754FE900ADCABAF2D31,POWER,PM2.5,information_insufficient,产排污系数法/煤质物料衡算法,"[{""component"": ""燃料一"", ""fuel"": ""原煤"", ""raw_amount"": null, ""unit"": ""吨"", ""generation_use"": 1942183.0, ""heat_use"": 0.0, ""amount"": 1942183.0, ""sulfur"": ""0.660"", ""sulfur_unit"": ""%"", ""ash"": ""14.98"", ""source_row"": 226, ""derivation"": ""同单位发电消耗量+供热消耗量，指南7.2.1.2活动水平定义""}]","[{""component"": ""燃料一"", ""factor"": 6.7410000000000005, ""unit"": ""g/kg"", ""reference"": ""式(4)-(6)、表C.1-C.3；灰分质量分数；g/kg""}]",[],13092.255603000001,,式(4)-(6)、表C.1-C.3；灰分质量分数；g/kg,SOURCE_RELATION_MISSING
SRC-RAW-D754FE900ADCABAF2D31,POWER,BC,information_insufficient,产排污系数法/煤质物料衡算法,"[{""component"": ""燃料一"", ""fuel"": ""原煤"", ""raw_amount"": null, ""unit"": ""吨"", ""generation_use"": 1942183.0, ""heat_use"": 0.0, ""amount"": 1942183.0, ""sulfur"": ""0.660"", ""sulfur_unit"": ""%"", ""ash"": ""14.98"", ""source_row"": 226, ""derivation"": ""同单位发电消耗量+供热消耗量，指南7.2.1.2活动水平定义""}]","[{""component"": ""燃料一"", ""factor"": 0.013482000000000001, ""unit"": ""g/kg"", ""reference"": ""式(4)-(6)、表C.1-C.3；灰分质量分数；g/kg""}]",[],26.184511206000003,,式(4)-(6)、表C.1-C.3；灰分质量分数；g/kg,SOURCE_RELATION_MISSING
SRC-RAW-D754FE900ADCABAF2D31,POWER,OC,calculated,产排污系数法/煤质物料衡算法,"[{""component"": ""燃料一"", ""fuel"": ""原煤"", ""raw_amount"": null, ""unit"": ""吨"", ""generation_use"": 1942183.0, ""heat_use"": 0.0, ""amount"": 1942183.0, ""sulfur"": ""0.660"", ""sulfur_unit"": ""%"", ""ash"": ""14.98"", ""source_row"": 226, ""derivation"": ""同单位发电消耗量+供热消耗量，指南7.2.1.2活动水平定义""}]","[{""component"": ""燃料一"", ""factor"": 0, ""unit"": ""g/kg"", ""reference"": ""式(6)、表C.3；电力生产/热力生产和供应OC占比=0""}]",[],0.0,0,式(6)、表C.3；电力生产/热力生产和供应OC占比=0,
SRC-RAW-D754FE900ADCABAF2D31,POWER,NH3,not_involved,第7章核算范围,[],[],[],,,T/CSES 144-2024第7章、表D.1；未列NH3，未将缺省范围解释为零排放,OUTSIDE_CHAPTER7_POLLUTANT_SCOPE
SRC-RAW-13051E02DF7384D16801,POWER,SO2,information_insufficient,产排污系数法/煤质物料衡算法,"[{""component"": ""燃料一"", ""fuel"": ""一般烟煤"", ""raw_amount"": 784233.03, ""unit"": ""吨"", ""generation_use"": 784233.03, ""heat_use"": 0.0, ""amount"": 784233.03, ""sulfur"": null, ""sulfur_unit"": ""%"", ""ash"": ""14.10"", ""source_row"": 231}]","[{""component"": ""燃料一"", ""factor"": null, ""unit"": ""g/kg"", ""reference"": ""式(3)、表C.1；收到基硫分缺失""}]",[],,,式(3)、表C.1；收到基硫分缺失,POLLUTANT_PARAMETER_MISSING
SRC-RAW-13051E02DF7384D16801,POWER,NOx,information_insufficient,产排污系数法/煤质物料衡算法,"[{""component"": ""燃料一"", ""fuel"": ""一般烟煤"", ""raw_amount"": 784233.03, ""unit"": ""吨"", ""generation_use"": 784233.03, ""heat_use"": 0.0, ""amount"": 784233.03, ""sulfur"": null, ""sulfur_unit"": ""%"", ""ash"": ""14.10"", ""source_row"": 231}]","[{""component"": ""燃料一"", ""factor"": 7.21, ""unit"": ""g/kg"", ""reference"": ""T/CSES 144-2024 7.2; 表D.1及注a-c；万千瓦×10=MW""}]",[],5654.3201463000005,,T/CSES 144-2024 7.2; 表D.1及注a-c；万千瓦×10=MW,SOURCE_RELATION_MISSING
SRC-RAW-13051E02DF7384D16801,POWER,CO,calculated,产排污系数法/煤质物料衡算法,"[{""component"": ""燃料一"", ""fuel"": ""一般烟煤"", ""raw_amount"": 784233.03, ""unit"": ""吨"", ""generation_use"": 784233.03, ""heat_use"": 0.0, ""amount"": 784233.03, ""sulfur"": null, ""sulfur_unit"": ""%"", ""ash"": ""14.10"", ""source_row"": 231}]","[{""component"": ""燃料一"", ""factor"": 2, ""unit"": ""g/kg"", ""reference"": ""T/CSES 144-2024 7.2; 表D.1及注a-c""}]","[{""component"": ""燃烧源治理"", ""efficiency"": 0, ""reference"": ""表A.1燃烧源控制措施VOCs为0；CO按表D.1""}]",1568.4660600000002,1568.4660600000002,T/CSES 144-2024 7.2; 表D.1及注a-c,
SRC-RAW-13051E02DF7384D16801,POWER,VOC,calculated,产排污系数法/煤质物料衡算法,"[{""component"": ""燃料一"", ""fuel"": ""一般烟煤"", ""raw_amount"": 784233.03, ""unit"": ""吨"", ""generation_use"": 784233.03, ""heat_use"": 0.0, ""amount"": 784233.03, ""sulfur"": null, ""sulfur_unit"": ""%"", ""ash"": ""14.10"", ""source_row"": 231}]","[{""component"": ""燃料一"", ""factor"": 0.04, ""unit"": ""g/kg"", ""reference"": ""T/CSES 144-2024 7.2; 表D.1及注a-c""}]","[{""component"": ""燃烧源治理"", ""efficiency"": 0, ""reference"": ""表A.1燃烧源控制措施VOCs为0；CO按表D.1""}]",31.3693212,31.3693212,T/CSES 144-2024 7.2; 表D.1及注a-c,
SRC-RAW-13051E02DF7384D16801,POWER,PM10,information_insufficient,产排污系数法/煤质物料衡算法,"[{""component"": ""燃料一"", ""fuel"": ""一般烟煤"", ""raw_amount"": 784233.03, ""unit"": ""吨"", ""generation_use"": 784233.03, ""heat_use"": 0.0, ""amount"": 784233.03, ""sulfur"": null, ""sulfur_unit"": ""%"", ""ash"": ""14.10"", ""source_row"": 231}]","[{""component"": ""燃料一"", ""factor"": 24.322499999999998, ""unit"": ""g/kg"", ""reference"": ""式(4)-(6)、表C.1-C.3；灰分质量分数；g/kg""}]",[],19074.507872175,,式(4)-(6)、表C.1-C.3；灰分质量分数；g/kg,SOURCE_RELATION_MISSING
SRC-RAW-13051E02DF7384D16801,POWER,PM2.5,information_insufficient,产排污系数法/煤质物料衡算法,"[{""component"": ""燃料一"", ""fuel"": ""一般烟煤"", ""raw_amount"": 784233.03, ""unit"": ""吨"", ""generation_use"": 784233.03, ""heat_use"": 0.0, ""amount"": 784233.03, ""sulfur"": null, ""sulfur_unit"": ""%"", ""ash"": ""14.10"", ""source_row"": 231}]","[{""component"": ""燃料一"", ""factor"": 6.344999999999999, ""unit"": ""g/kg"", ""reference"": ""式(4)-(6)、表C.1-C.3；灰分质量分数；g/kg""}]",[],4975.95857535,,式(4)-(6)、表C.1-C.3；灰分质量分数；g/kg,SOURCE_RELATION_MISSING
SRC-RAW-13051E02DF7384D16801,POWER,BC,information_insufficient,产排污系数法/煤质物料衡算法,"[{""component"": ""燃料一"", ""fuel"": ""一般烟煤"", ""raw_amount"": 784233.03, ""unit"": ""吨"", ""generation_use"": 784233.03, ""heat_use"": 0.0, ""amount"": 784233.03, ""sulfur"": null, ""sulfur_unit"": ""%"", ""ash"": ""14.10"", ""source_row"": 231}]","[{""component"": ""燃料一"", ""factor"": 0.012689999999999998, ""unit"": ""g/kg"", ""reference"": ""式(4)-(6)、表C.1-C.3；灰分质量分数；g/kg""}]",[],9.9519171507,,式(4)-(6)、表C.1-C.3；灰分质量分数；g/kg,SOURCE_RELATION_MISSING
SRC-RAW-13051E02DF7384D16801,POWER,OC,calculated,产排污系数法/煤质物料衡算法,"[{""component"": ""燃料一"", ""fuel"": ""一般烟煤"", ""raw_amount"": 784233.03, ""unit"": ""吨"", ""generation_use"": 784233.03, ""heat_use"": 0.0, ""amount"": 784233.03, ""sulfur"": null, ""sulfur_unit"": ""%"", ""ash"": ""14.10"", ""source_row"": 231}]","[{""component"": ""燃料一"", ""factor"": 0, ""unit"": ""g/kg"", ""reference"": ""式(6)、表C.3；电力生产/热力生产和供应OC占比=0""}]",[],0.0,0,式(6)、表C.3；电力生产/热力生产和供应OC占比=0,
SRC-RAW-13051E02DF7384D16801,POWER,NH3,not_involved,第7章核算范围,[],[],[],,,T/CSES 144-2024第7章、表D.1；未列NH3，未将缺省范围解释为零排放,OUTSIDE_CHAPTER7_POLLUTANT_SCOPE
SRC-RAW-CE34D434EBB7A964698E,POWER,SO2,information_insufficient,产排污系数法/煤质物料衡算法,"[{""component"": ""燃料一"", ""fuel"": ""一般烟煤"", ""raw_amount"": 2724062.61, ""unit"": ""吨"", ""generation_use"": 2724062.61, ""heat_use"": 0.0, ""amount"": 2724062.61, ""sulfur"": ""0.700"", ""sulfur_unit"": ""%"", ""ash"": ""14.10"", ""source_row"": 232}]","[{""component"": ""燃料一"", ""factor"": 11.899999999999999, ""unit"": ""g/kg"", ""reference"": ""式(3)、表C.1；S按质量分数；sr=0.15；g/kg""}]",[],32416.345058999992,,式(3)、表C.1；S按质量分数；sr=0.15；g/kg,SOURCE_RELATION_MISSING
SRC-RAW-CE34D434EBB7A964698E,POWER,NOx,information_insufficient,产排污系数法/煤质物料衡算法,"[{""component"": ""燃料一"", ""fuel"": ""一般烟煤"", ""raw_amount"": 2724062.61, ""unit"": ""吨"", ""generation_use"": 2724062.61, ""heat_use"": 0.0, ""amount"": 2724062.61, ""sulfur"": ""0.700"", ""sulfur_unit"": ""%"", ""ash"": ""14.10"", ""source_row"": 232}]","[{""component"": ""燃料一"", ""factor"": 7.21, ""unit"": ""g/kg"", ""reference"": ""T/CSES 144-2024 7.2; 表D.1及注a-c；万千瓦×10=MW""}]",[],19640.4914181,,T/CSES 144-2024 7.2; 表D.1及注a-c；万千瓦×10=MW,SOURCE_RELATION_MISSING
SRC-RAW-CE34D434EBB7A964698E,POWER,CO,calculated,产排污系数法/煤质物料衡算法,"[{""component"": ""燃料一"", ""fuel"": ""一般烟煤"", ""raw_amount"": 2724062.61, ""unit"": ""吨"", ""generation_use"": 2724062.61, ""heat_use"": 0.0, ""amount"": 2724062.61, ""sulfur"": ""0.700"", ""sulfur_unit"": ""%"", ""ash"": ""14.10"", ""source_row"": 232}]","[{""component"": ""燃料一"", ""factor"": 2, ""unit"": ""g/kg"", ""reference"": ""T/CSES 144-2024 7.2; 表D.1及注a-c""}]","[{""component"": ""燃烧源治理"", ""efficiency"": 0, ""reference"": ""表A.1燃烧源控制措施VOCs为0；CO按表D.1""}]",5448.12522,5448.12522,T/CSES 144-2024 7.2; 表D.1及注a-c,
SRC-RAW-CE34D434EBB7A964698E,POWER,VOC,calculated,产排污系数法/煤质物料衡算法,"[{""component"": ""燃料一"", ""fuel"": ""一般烟煤"", ""raw_amount"": 2724062.61, ""unit"": ""吨"", ""generation_use"": 2724062.61, ""heat_use"": 0.0, ""amount"": 2724062.61, ""sulfur"": ""0.700"", ""sulfur_unit"": ""%"", ""ash"": ""14.10"", ""source_row"": 232}]","[{""component"": ""燃料一"", ""factor"": 0.04, ""unit"": ""g/kg"", ""reference"": ""T/CSES 144-2024 7.2; 表D.1及注a-c""}]","[{""component"": ""燃烧源治理"", ""efficiency"": 0, ""reference"": ""表A.1燃烧源控制措施VOCs为0；CO按表D.1""}]",108.96250439999999,108.96250439999999,T/CSES 144-2024 7.2; 表D.1及注a-c,
SRC-RAW-CE34D434EBB7A964698E,POWER,PM10,information_insufficient,产排污系数法/煤质物料衡算法,"[{""component"": ""燃料一"", ""fuel"": ""一般烟煤"", ""raw_amount"": 2724062.61, ""unit"": ""吨"", ""generation_use"": 2724062.61, ""heat_use"": 0.0, ""amount"": 2724062.61, ""sulfur"": ""0.700"", ""sulfur_unit"": ""%"", ""ash"": ""14.10"", ""source_row"": 232}]","[{""component"": ""燃料一"", ""factor"": 24.322499999999998, ""unit"": ""g/kg"", ""reference"": ""式(4)-(6)、表C.1-C.3；灰分质量分数；g/kg""}]",[],66256.01283172499,,式(4)-(6)、表C.1-C.3；灰分质量分数；g/kg,SOURCE_RELATION_MISSING
SRC-RAW-CE34D434EBB7A964698E,POWER,PM2.5,information_insufficient,产排污系数法/煤质物料衡算法,"[{""component"": ""燃料一"", ""fuel"": ""一般烟煤"", ""raw_amount"": 2724062.61, ""unit"": ""吨"", ""generation_use"": 2724062.61, ""heat_use"": 0.0, ""amount"": 2724062.61, ""sulfur"": ""0.700"", ""sulfur_unit"": ""%"", ""ash"": ""14.10"", ""source_row"": 232}]","[{""component"": ""燃料一"", ""factor"": 6.344999999999999, ""unit"": ""g/kg"", ""reference"": ""式(4)-(6)、表C.1-C.3；灰分质量分数；g/kg""}]",[],17284.177260449993,,式(4)-(6)、表C.1-C.3；灰分质量分数；g/kg,SOURCE_RELATION_MISSING
SRC-RAW-CE34D434EBB7A964698E,POWER,BC,information_insufficient,产排污系数法/煤质物料衡算法,"[{""component"": ""燃料一"", ""fuel"": ""一般烟煤"", ""raw_amount"": 2724062.61, ""unit"": ""吨"", ""generation_use"": 2724062.61, ""heat_use"": 0.0, ""amount"": 2724062.61, ""sulfur"": ""0.700"", ""sulfur_unit"": ""%"", ""ash"": ""14.10"", ""source_row"": 232}]","[{""component"": ""燃料一"", ""factor"": 0.012689999999999998, ""unit"": ""g/kg"", ""reference"": ""式(4)-(6)、表C.1-C.3；灰分质量分数；g/kg""}]",[],34.568354520899994,,式(4)-(6)、表C.1-C.3；灰分质量分数；g/kg,SOURCE_RELATION_MISSING
SRC-RAW-CE34D434EBB7A964698E,POWER,OC,calculated,产排污系数法/煤质物料衡算法,"[{""component"": ""燃料一"", ""fuel"": ""一般烟煤"", ""raw_amount"": 2724062.61, ""unit"": ""吨"", ""generation_use"": 2724062.61, ""heat_use"": 0.0, ""amount"": 2724062.61, ""sulfur"": ""0.700"", ""sulfur_unit"": ""%"", ""ash"": ""14.10"", ""source_row"": 232}]","[{""component"": ""燃料一"", ""factor"": 0, ""unit"": ""g/kg"", ""reference"": ""式(6)、表C.3；电力生产/热力生产和供应OC占比=0""}]",[],0.0,0,式(6)、表C.3；电力生产/热力生产和供应OC占比=0,
SRC-RAW-CE34D434EBB7A964698E,POWER,NH3,not_involved,第7章核算范围,[],[],[],,,T/CSES 144-2024第7章、表D.1；未列NH3，未将缺省范围解释为零排放,OUTSIDE_CHAPTER7_POLLUTANT_SCOPE
SRC-RAW-1A7416B593E4F2D1EE56,POWER,SO2,calculated,产排污系数法/煤质物料衡算法,"[{""component"": ""燃料一"", ""fuel"": ""天然气"", ""raw_amount"": 412.081, ""unit"": ""万立方米"", ""generation_use"": 0.0, ""heat_use"": 412.081, ""amount"": 412.081, ""sulfur"": ""20.000"", ""sulfur_unit"": ""毫克/立方米"", ""ash"": null, ""source_row"": 235}]","[{""component"": ""燃料一"", ""factor"": 0, ""unit"": ""g/m3"", ""reference"": ""T/CSES 144-2024 7.2; 表D.1及注a-c""}]",[],0.0,0,T/CSES 144-2024 7.2; 表D.1及注a-c,
SRC-RAW-1A7416B593E4F2D1EE56,POWER,NOx,information_insufficient,产排污系数法/煤质物料衡算法,"[{""component"": ""燃料一"", ""fuel"": ""天然气"", ""raw_amount"": 412.081, ""unit"": ""万立方米"", ""generation_use"": 0.0, ""heat_use"": 412.081, ""amount"": 412.081, ""sulfur"": ""20.000"", ""sulfur_unit"": ""毫克/立方米"", ""ash"": null, ""source_row"": 235}]","[{""component"": ""燃料一"", ""factor"": 4.1, ""unit"": ""g/m3"", ""reference"": ""T/CSES 144-2024 7.2; 表D.1及注a-c""}]",[],16.895321,,T/CSES 144-2024 7.2; 表D.1及注a-c,SOURCE_RELATION_MISSING
SRC-RAW-1A7416B593E4F2D1EE56,POWER,CO,calculated,产排污系数法/煤质物料衡算法,"[{""component"": ""燃料一"", ""fuel"": ""天然气"", ""raw_amount"": 412.081, ""unit"": ""万立方米"", ""generation_use"": 0.0, ""heat_use"": 412.081, ""amount"": 412.081, ""sulfur"": ""20.000"", ""sulfur_unit"": ""毫克/立方米"", ""ash"": null, ""source_row"": 235}]","[{""component"": ""燃料一"", ""factor"": 1.3, ""unit"": ""g/m3"", ""reference"": ""T/CSES 144-2024 7.2; 表D.1及注a-c""}]","[{""component"": ""燃烧源治理"", ""efficiency"": 0, ""reference"": ""表A.1燃烧源控制措施VOCs为0；CO按表D.1""}]",5.3570530000000005,5.3570530000000005,T/CSES 144-2024 7.2; 表D.1及注a-c,
SRC-RAW-1A7416B593E4F2D1EE56,POWER,VOC,calculated,产排污系数法/煤质物料衡算法,"[{""component"": ""燃料一"", ""fuel"": ""天然气"", ""raw_amount"": 412.081, ""unit"": ""万立方米"", ""generation_use"": 0.0, ""heat_use"": 412.081, ""amount"": 412.081, ""sulfur"": ""20.000"", ""sulfur_unit"": ""毫克/立方米"", ""ash"": null, ""source_row"": 235}]","[{""component"": ""燃料一"", ""factor"": 0.02, ""unit"": ""g/m3"", ""reference"": ""T/CSES 144-2024 7.2; 表D.1及注a-c""}]","[{""component"": ""燃烧源治理"", ""efficiency"": 0, ""reference"": ""表A.1燃烧源控制措施VOCs为0；CO按表D.1""}]",0.08241620000000001,0.08241620000000001,T/CSES 144-2024 7.2; 表D.1及注a-c,
SRC-RAW-1A7416B593E4F2D1EE56,POWER,PM10,information_insufficient,产排污系数法/煤质物料衡算法,"[{""component"": ""燃料一"", ""fuel"": ""天然气"", ""raw_amount"": 412.081, ""unit"": ""万立方米"", ""generation_use"": 0.0, ""heat_use"": 412.081, ""amount"": 412.081, ""sulfur"": ""20.000"", ""sulfur_unit"": ""毫克/立方米"", ""ash"": null, ""source_row"": 235}]","[{""component"": ""燃料一"", ""factor"": 0.03, ""unit"": ""g/m3"", ""reference"": ""T/CSES 144-2024 7.2; 表D.1及注a-c""}]",[],0.1236243,,T/CSES 144-2024 7.2; 表D.1及注a-c,SOURCE_RELATION_MISSING
SRC-RAW-1A7416B593E4F2D1EE56,POWER,PM2.5,information_insufficient,产排污系数法/煤质物料衡算法,"[{""component"": ""燃料一"", ""fuel"": ""天然气"", ""raw_amount"": 412.081, ""unit"": ""万立方米"", ""generation_use"": 0.0, ""heat_use"": 412.081, ""amount"": 412.081, ""sulfur"": ""20.000"", ""sulfur_unit"": ""毫克/立方米"", ""ash"": null, ""source_row"": 235}]","[{""component"": ""燃料一"", ""factor"": 0.03, ""unit"": ""g/m3"", ""reference"": ""T/CSES 144-2024 7.2; 表D.1及注a-c""}]",[],0.1236243,,T/CSES 144-2024 7.2; 表D.1及注a-c,SOURCE_RELATION_MISSING
SRC-RAW-1A7416B593E4F2D1EE56,POWER,BC,calculated,产排污系数法/煤质物料衡算法,"[{""component"": ""燃料一"", ""fuel"": ""天然气"", ""raw_amount"": 412.081, ""unit"": ""万立方米"", ""generation_use"": 0.0, ""heat_use"": 412.081, ""amount"": 412.081, ""sulfur"": ""20.000"", ""sulfur_unit"": ""毫克/立方米"", ""ash"": null, ""source_row"": 235}]","[{""component"": ""燃料一"", ""factor"": 0, ""unit"": ""g/m3"", ""reference"": ""T/CSES 144-2024 7.2; 表D.1及注a-c""}]",[],0.0,0,T/CSES 144-2024 7.2; 表D.1及注a-c,
SRC-RAW-1A7416B593E4F2D1EE56,POWER,OC,calculated,产排污系数法/煤质物料衡算法,"[{""component"": ""燃料一"", ""fuel"": ""天然气"", ""raw_amount"": 412.081, ""unit"": ""万立方米"", ""generation_use"": 0.0, ""heat_use"": 412.081, ""amount"": 412.081, ""sulfur"": ""20.000"", ""sulfur_unit"": ""毫克/立方米"", ""ash"": null, ""source_row"": 235}]","[{""component"": ""燃料一"", ""factor"": 0, ""unit"": ""g/m3"", ""reference"": ""T/CSES 144-2024 7.2; 表D.1及注a-c""}]",[],0.0,0,T/CSES 144-2024 7.2; 表D.1及注a-c,
SRC-RAW-1A7416B593E4F2D1EE56,POWER,NH3,not_involved,第7章核算范围,[],[],[],,,T/CSES 144-2024第7章、表D.1；未列NH3，未将缺省范围解释为零排放,OUTSIDE_CHAPTER7_POLLUTANT_SCOPE
SRC-RAW-A2BCB4BCC7E8D5C61FA8,POWER,SO2,information_insufficient,产排污系数法/煤质物料衡算法,"[{""component"": ""燃料一"", ""fuel"": ""天然气"", ""raw_amount"": 2.4, ""unit"": ""万立方米"", ""generation_use"": 2.4, ""heat_use"": 0.0, ""amount"": 2.4, ""sulfur"": ""0.652"", ""sulfur_unit"": ""毫克/立方米"", ""ash"": null, ""source_row"": 245}]","[{""component"": ""燃料一"", ""factor"": null, ""unit"": ""g/m3"", ""reference"": ""T/CSES 144-2024 7.2; 表D.1及注a-c；未提供该设备技术的对应系数""}]",[],,,T/CSES 144-2024 7.2; 表D.1及注a-c；未提供该设备技术的对应系数,FACTOR_NOT_APPLICABLE
SRC-RAW-A2BCB4BCC7E8D5C61FA8,POWER,NOx,information_insufficient,产排污系数法/煤质物料衡算法,"[{""component"": ""燃料一"", ""fuel"": ""天然气"", ""raw_amount"": 2.4, ""unit"": ""万立方米"", ""generation_use"": 2.4, ""heat_use"": 0.0, ""amount"": 2.4, ""sulfur"": ""0.652"", ""sulfur_unit"": ""毫克/立方米"", ""ash"": null, ""source_row"": 245}]","[{""component"": ""燃料一"", ""factor"": null, ""unit"": ""g/m3"", ""reference"": ""T/CSES 144-2024 7.2; 表D.1及注a-c；未提供该设备技术的对应系数""}]",[],,,T/CSES 144-2024 7.2; 表D.1及注a-c；未提供该设备技术的对应系数,FACTOR_NOT_APPLICABLE
SRC-RAW-A2BCB4BCC7E8D5C61FA8,POWER,CO,information_insufficient,产排污系数法/煤质物料衡算法,"[{""component"": ""燃料一"", ""fuel"": ""天然气"", ""raw_amount"": 2.4, ""unit"": ""万立方米"", ""generation_use"": 2.4, ""heat_use"": 0.0, ""amount"": 2.4, ""sulfur"": ""0.652"", ""sulfur_unit"": ""毫克/立方米"", ""ash"": null, ""source_row"": 245}]","[{""component"": ""燃料一"", ""factor"": null, ""unit"": ""g/m3"", ""reference"": ""T/CSES 144-2024 7.2; 表D.1及注a-c；未提供该设备技术的对应系数""}]",[],,,T/CSES 144-2024 7.2; 表D.1及注a-c；未提供该设备技术的对应系数,FACTOR_NOT_APPLICABLE
SRC-RAW-A2BCB4BCC7E8D5C61FA8,POWER,VOC,information_insufficient,产排污系数法/煤质物料衡算法,"[{""component"": ""燃料一"", ""fuel"": ""天然气"", ""raw_amount"": 2.4, ""unit"": ""万立方米"", ""generation_use"": 2.4, ""heat_use"": 0.0, ""amount"": 2.4, ""sulfur"": ""0.652"", ""sulfur_unit"": ""毫克/立方米"", ""ash"": null, ""source_row"": 245}]","[{""component"": ""燃料一"", ""factor"": null, ""unit"": ""g/m3"", ""reference"": ""T/CSES 144-2024 7.2; 表D.1及注a-c；未提供该设备技术的对应系数""}]",[],,,T/CSES 144-2024 7.2; 表D.1及注a-c；未提供该设备技术的对应系数,FACTOR_NOT_APPLICABLE
SRC-RAW-A2BCB4BCC7E8D5C61FA8,POWER,PM10,information_insufficient,产排污系数法/煤质物料衡算法,"[{""component"": ""燃料一"", ""fuel"": ""天然气"", ""raw_amount"": 2.4, ""unit"": ""万立方米"", ""generation_use"": 2.4, ""heat_use"": 0.0, ""amount"": 2.4, ""sulfur"": ""0.652"", ""sulfur_unit"": ""毫克/立方米"", ""ash"": null, ""source_row"": 245}]","[{""component"": ""燃料一"", ""factor"": null, ""unit"": ""g/m3"", ""reference"": ""T/CSES 144-2024 7.2; 表D.1及注a-c；未提供该设备技术的对应系数""}]",[],,,T/CSES 144-2024 7.2; 表D.1及注a-c；未提供该设备技术的对应系数,FACTOR_NOT_APPLICABLE
SRC-RAW-A2BCB4BCC7E8D5C61FA8,POWER,PM2.5,information_insufficient,产排污系数法/煤质物料衡算法,"[{""component"": ""燃料一"", ""fuel"": ""天然气"", ""raw_amount"": 2.4, ""unit"": ""万立方米"", ""generation_use"": 2.4, ""heat_use"": 0.0, ""amount"": 2.4, ""sulfur"": ""0.652"", ""sulfur_unit"": ""毫克/立方米"", ""ash"": null, ""source_row"": 245}]","[{""component"": ""燃料一"", ""factor"": null, ""unit"": ""g/m3"", ""reference"": ""T/CSES 144-2024 7.2; 表D.1及注a-c；未提供该设备技术的对应系数""}]",[],,,T/CSES 144-2024 7.2; 表D.1及注a-c；未提供该设备技术的对应系数,FACTOR_NOT_APPLICABLE
SRC-RAW-A2BCB4BCC7E8D5C61FA8,POWER,BC,information_insufficient,产排污系数法/煤质物料衡算法,"[{""component"": ""燃料一"", ""fuel"": ""天然气"", ""raw_amount"": 2.4, ""unit"": ""万立方米"", ""generation_use"": 2.4, ""heat_use"": 0.0, ""amount"": 2.4, ""sulfur"": ""0.652"", ""sulfur_unit"": ""毫克/立方米"", ""ash"": null, ""source_row"": 245}]","[{""component"": ""燃料一"", ""factor"": null, ""unit"": ""g/m3"", ""reference"": ""T/CSES 144-2024 7.2; 表D.1及注a-c；未提供该设备技术的对应系数""}]",[],,,T/CSES 144-2024 7.2; 表D.1及注a-c；未提供该设备技术的对应系数,FACTOR_NOT_APPLICABLE
SRC-RAW-A2BCB4BCC7E8D5C61FA8,POWER,OC,information_insufficient,产排污系数法/煤质物料衡算法,"[{""component"": ""燃料一"", ""fuel"": ""天然气"", ""raw_amount"": 2.4, ""unit"": ""万立方米"", ""generation_use"": 2.4, ""heat_use"": 0.0, ""amount"": 2.4, ""sulfur"": ""0.652"", ""sulfur_unit"": ""毫克/立方米"", ""ash"": null, ""source_row"": 245}]","[{""component"": ""燃料一"", ""factor"": null, ""unit"": ""g/m3"", ""reference"": ""T/CSES 144-2024 7.2; 表D.1及注a-c；未提供该设备技术的对应系数""}]",[],,,T/CSES 144-2024 7.2; 表D.1及注a-c；未提供该设备技术的对应系数,FACTOR_NOT_APPLICABLE
SRC-RAW-A2BCB4BCC7E8D5C61FA8,POWER,NH3,not_involved,第7章核算范围,[],[],[],,,T/CSES 144-2024第7章、表D.1；未列NH3，未将缺省范围解释为零排放,OUTSIDE_CHAPTER7_POLLUTANT_SCOPE
SRC-RAW-D4FA466B4DE818950489,POWER,SO2,information_insufficient,产排污系数法/煤质物料衡算法,"[{""component"": ""燃料一"", ""fuel"": ""天然气"", ""raw_amount"": null, ""unit"": ""万立方米"", ""generation_use"": null, ""heat_use"": 1.0, ""amount"": null, ""sulfur"": ""1.000"", ""sulfur_unit"": ""毫克/立方米"", ""ash"": null, ""source_row"": 252}]","[{""component"": ""燃料一"", ""factor"": 0, ""unit"": ""g/m3"", ""reference"": ""T/CSES 144-2024 7.2; 表D.1及注a-c""}]",[],,,T/CSES 144-2024 7.2; 表D.1及注a-c,ACTIVITY_MISSING
SRC-RAW-D4FA466B4DE818950489,POWER,NOx,information_insufficient,产排污系数法/煤质物料衡算法,"[{""component"": ""燃料一"", ""fuel"": ""天然气"", ""raw_amount"": null, ""unit"": ""万立方米"", ""generation_use"": null, ""heat_use"": 1.0, ""amount"": null, ""sulfur"": ""1.000"", ""sulfur_unit"": ""毫克/立方米"", ""ash"": null, ""source_row"": 252}]","[{""component"": ""燃料一"", ""factor"": 4.1, ""unit"": ""g/m3"", ""reference"": ""T/CSES 144-2024 7.2; 表D.1及注a-c""}]",[],,,T/CSES 144-2024 7.2; 表D.1及注a-c,ACTIVITY_MISSING
SRC-RAW-D4FA466B4DE818950489,POWER,CO,information_insufficient,产排污系数法/煤质物料衡算法,"[{""component"": ""燃料一"", ""fuel"": ""天然气"", ""raw_amount"": null, ""unit"": ""万立方米"", ""generation_use"": null, ""heat_use"": 1.0, ""amount"": null, ""sulfur"": ""1.000"", ""sulfur_unit"": ""毫克/立方米"", ""ash"": null, ""source_row"": 252}]","[{""component"": ""燃料一"", ""factor"": 1.3, ""unit"": ""g/m3"", ""reference"": ""T/CSES 144-2024 7.2; 表D.1及注a-c""}]",[],,,T/CSES 144-2024 7.2; 表D.1及注a-c,ACTIVITY_MISSING
SRC-RAW-D4FA466B4DE818950489,POWER,VOC,information_insufficient,产排污系数法/煤质物料衡算法,"[{""component"": ""燃料一"", ""fuel"": ""天然气"", ""raw_amount"": null, ""unit"": ""万立方米"", ""generation_use"": null, ""heat_use"": 1.0, ""amount"": null, ""sulfur"": ""1.000"", ""sulfur_unit"": ""毫克/立方米"", ""ash"": null, ""source_row"": 252}]","[{""component"": ""燃料一"", ""factor"": 0.02, ""unit"": ""g/m3"", ""reference"": ""T/CSES 144-2024 7.2; 表D.1及注a-c""}]",[],,,T/CSES 144-2024 7.2; 表D.1及注a-c,ACTIVITY_MISSING
SRC-RAW-D4FA466B4DE818950489,POWER,PM10,information_insufficient,产排污系数法/煤质物料衡算法,"[{""component"": ""燃料一"", ""fuel"": ""天然气"", ""raw_amount"": null, ""unit"": ""万立方米"", ""generation_use"": null, ""heat_use"": 1.0, ""amount"": null, ""sulfur"": ""1.000"", ""sulfur_unit"": ""毫克/立方米"", ""ash"": null, ""source_row"": 252}]","[{""component"": ""燃料一"", ""factor"": 0.03, ""unit"": ""g/m3"", ""reference"": ""T/CSES 144-2024 7.2; 表D.1及注a-c""}]",[],,,T/CSES 144-2024 7.2; 表D.1及注a-c,ACTIVITY_MISSING
SRC-RAW-D4FA466B4DE818950489,POWER,PM2.5,information_insufficient,产排污系数法/煤质物料衡算法,"[{""component"": ""燃料一"", ""fuel"": ""天然气"", ""raw_amount"": null, ""unit"": ""万立方米"", ""generation_use"": null, ""heat_use"": 1.0, ""amount"": null, ""sulfur"": ""1.000"", ""sulfur_unit"": ""毫克/立方米"", ""ash"": null, ""source_row"": 252}]","[{""component"": ""燃料一"", ""factor"": 0.03, ""unit"": ""g/m3"", ""reference"": ""T/CSES 144-2024 7.2; 表D.1及注a-c""}]",[],,,T/CSES 144-2024 7.2; 表D.1及注a-c,ACTIVITY_MISSING
SRC-RAW-D4FA466B4DE818950489,POWER,BC,information_insufficient,产排污系数法/煤质物料衡算法,"[{""component"": ""燃料一"", ""fuel"": ""天然气"", ""raw_amount"": null, ""unit"": ""万立方米"", ""generation_use"": null, ""heat_use"": 1.0, ""amount"": null, ""sulfur"": ""1.000"", ""sulfur_unit"": ""毫克/立方米"", ""ash"": null, ""source_row"": 252}]","[{""component"": ""燃料一"", ""factor"": 0, ""unit"": ""g/m3"", ""reference"": ""T/CSES 144-2024 7.2; 表D.1及注a-c""}]",[],,,T/CSES 144-2024 7.2; 表D.1及注a-c,ACTIVITY_MISSING
SRC-RAW-D4FA466B4DE818950489,POWER,OC,information_insufficient,产排污系数法/煤质物料衡算法,"[{""component"": ""燃料一"", ""fuel"": ""天然气"", ""raw_amount"": null, ""unit"": ""万立方米"", ""generation_use"": null, ""heat_use"": 1.0, ""amount"": null, ""sulfur"": ""1.000"", ""sulfur_unit"": ""毫克/立方米"", ""ash"": null, ""source_row"": 252}]","[{""component"": ""燃料一"", ""factor"": 0, ""unit"": ""g/m3"", ""reference"": ""T/CSES 144-2024 7.2; 表D.1及注a-c""}]",[],,,T/CSES 144-2024 7.2; 表D.1及注a-c,ACTIVITY_MISSING
SRC-RAW-D4FA466B4DE818950489,POWER,NH3,not_involved,第7章核算范围,[],[],[],,,T/CSES 144-2024第7章、表D.1；未列NH3，未将缺省范围解释为零排放,OUTSIDE_CHAPTER7_POLLUTANT_SCOPE
SRC-RAW-F05D274D40AC9B642368,POWER,SO2,source_data_invalid,产排污系数法/煤质物料衡算法,"[{""component"": ""燃料一"", ""fuel"": ""一般烟煤"", ""raw_amount"": -808045.0, ""unit"": ""吨"", ""generation_use"": 808045.0, ""heat_use"": 0.0, ""amount"": -808045.0, ""sulfur"": ""0.830"", ""sulfur_unit"": ""%"", ""ash"": ""18.34"", ""source_row"": 257}]","[{""component"": ""燃料一"", ""factor"": 14.11, ""unit"": ""g/kg"", ""reference"": ""式(3)、表C.1；S按质量分数；sr=0.15；g/kg""}]",[],,,式(3)、表C.1；S按质量分数；sr=0.15；g/kg,HARD_CONSTRAINT_CONFLICT
SRC-RAW-F05D274D40AC9B642368,POWER,NOx,source_data_invalid,产排污系数法/煤质物料衡算法,"[{""component"": ""燃料一"", ""fuel"": ""一般烟煤"", ""raw_amount"": -808045.0, ""unit"": ""吨"", ""generation_use"": 808045.0, ""heat_use"": 0.0, ""amount"": -808045.0, ""sulfur"": ""0.830"", ""sulfur_unit"": ""%"", ""ash"": ""18.34"", ""source_row"": 257}]","[{""component"": ""燃料一"", ""factor"": 7.21, ""unit"": ""g/kg"", ""reference"": ""T/CSES 144-2024 7.2; 表D.1及注a-c；万千瓦×10=MW""}]",[],,,T/CSES 144-2024 7.2; 表D.1及注a-c；万千瓦×10=MW,HARD_CONSTRAINT_CONFLICT
SRC-RAW-F05D274D40AC9B642368,POWER,CO,source_data_invalid,产排污系数法/煤质物料衡算法,"[{""component"": ""燃料一"", ""fuel"": ""一般烟煤"", ""raw_amount"": -808045.0, ""unit"": ""吨"", ""generation_use"": 808045.0, ""heat_use"": 0.0, ""amount"": -808045.0, ""sulfur"": ""0.830"", ""sulfur_unit"": ""%"", ""ash"": ""18.34"", ""source_row"": 257}]","[{""component"": ""燃料一"", ""factor"": 2, ""unit"": ""g/kg"", ""reference"": ""T/CSES 144-2024 7.2; 表D.1及注a-c""}]",[],,,T/CSES 144-2024 7.2; 表D.1及注a-c,HARD_CONSTRAINT_CONFLICT
SRC-RAW-F05D274D40AC9B642368,POWER,VOC,source_data_invalid,产排污系数法/煤质物料衡算法,"[{""component"": ""燃料一"", ""fuel"": ""一般烟煤"", ""raw_amount"": -808045.0, ""unit"": ""吨"", ""generation_use"": 808045.0, ""heat_use"": 0.0, ""amount"": -808045.0, ""sulfur"": ""0.830"", ""sulfur_unit"": ""%"", ""ash"": ""18.34"", ""source_row"": 257}]","[{""component"": ""燃料一"", ""factor"": 0.04, ""unit"": ""g/kg"", ""reference"": ""T/CSES 144-2024 7.2; 表D.1及注a-c""}]",[],,,T/CSES 144-2024 7.2; 表D.1及注a-c,HARD_CONSTRAINT_CONFLICT
SRC-RAW-F05D274D40AC9B642368,POWER,PM10,source_data_invalid,产排污系数法/煤质物料衡算法,"[{""component"": ""燃料一"", ""fuel"": ""一般烟煤"", ""raw_amount"": -808045.0, ""unit"": ""吨"", ""generation_use"": 808045.0, ""heat_use"": 0.0, ""amount"": -808045.0, ""sulfur"": ""0.830"", ""sulfur_unit"": ""%"", ""ash"": ""18.34"", ""source_row"": 257}]","[{""component"": ""燃料一"", ""factor"": 31.636500000000005, ""unit"": ""g/kg"", ""reference"": ""式(4)-(6)、表C.1-C.3；灰分质量分数；g/kg""}]",[],,,式(4)-(6)、表C.1-C.3；灰分质量分数；g/kg,HARD_CONSTRAINT_CONFLICT
SRC-RAW-F05D274D40AC9B642368,POWER,PM2.5,source_data_invalid,产排污系数法/煤质物料衡算法,"[{""component"": ""燃料一"", ""fuel"": ""一般烟煤"", ""raw_amount"": -808045.0, ""unit"": ""吨"", ""generation_use"": 808045.0, ""heat_use"": 0.0, ""amount"": -808045.0, ""sulfur"": ""0.830"", ""sulfur_unit"": ""%"", ""ash"": ""18.34"", ""source_row"": 257}]","[{""component"": ""燃料一"", ""factor"": 8.253, ""unit"": ""g/kg"", ""reference"": ""式(4)-(6)、表C.1-C.3；灰分质量分数；g/kg""}]",[],,,式(4)-(6)、表C.1-C.3；灰分质量分数；g/kg,HARD_CONSTRAINT_CONFLICT
SRC-RAW-F05D274D40AC9B642368,POWER,BC,source_data_invalid,产排污系数法/煤质物料衡算法,"[{""component"": ""燃料一"", ""fuel"": ""一般烟煤"", ""raw_amount"": -808045.0, ""unit"": ""吨"", ""generation_use"": 808045.0, ""heat_use"": 0.0, ""amount"": -808045.0, ""sulfur"": ""0.830"", ""sulfur_unit"": ""%"", ""ash"": ""18.34"", ""source_row"": 257}]","[{""component"": ""燃料一"", ""factor"": 0.016506, ""unit"": ""g/kg"", ""reference"": ""式(4)-(6)、表C.1-C.3；灰分质量分数；g/kg""}]",[],,,式(4)-(6)、表C.1-C.3；灰分质量分数；g/kg,HARD_CONSTRAINT_CONFLICT
SRC-RAW-F05D274D40AC9B642368,POWER,OC,source_data_invalid,产排污系数法/煤质物料衡算法,"[{""component"": ""燃料一"", ""fuel"": ""一般烟煤"", ""raw_amount"": -808045.0, ""unit"": ""吨"", ""generation_use"": 808045.0, ""heat_use"": 0.0, ""amount"": -808045.0, ""sulfur"": ""0.830"", ""sulfur_unit"": ""%"", ""ash"": ""18.34"", ""source_row"": 257}]","[{""component"": ""燃料一"", ""factor"": 0, ""unit"": ""g/kg"", ""reference"": ""式(6)、表C.3；电力生产/热力生产和供应OC占比=0""}]",[],,,式(6)、表C.3；电力生产/热力生产和供应OC占比=0,HARD_CONSTRAINT_CONFLICT
SRC-RAW-F05D274D40AC9B642368,POWER,NH3,not_involved,第7章核算范围,[],[],[],,,T/CSES 144-2024第7章、表D.1；未列NH3，未将缺省范围解释为零排放,OUTSIDE_CHAPTER7_POLLUTANT_SCOPE
SRC-RAW-D4CA402F1C186726C968,POWER,SO2,information_insufficient,产排污系数法/煤质物料衡算法,"[{""component"": ""燃料一"", ""fuel"": ""一般烟煤"", ""raw_amount"": null, ""unit"": ""吨"", ""generation_use"": 846066.0, ""heat_use"": 0.0, ""amount"": 846066.0, ""sulfur"": ""0.830"", ""sulfur_unit"": ""%"", ""ash"": ""18.34"", ""source_row"": 258, ""derivation"": ""同单位发电消耗量+供热消耗量，指南7.2.1.2活动水平定义""}]","[{""component"": ""燃料一"", ""factor"": 14.11, ""unit"": ""g/kg"", ""reference"": ""式(3)、表C.1；S按质量分数；sr=0.15；g/kg""}]",[],11937.99126,,式(3)、表C.1；S按质量分数；sr=0.15；g/kg,SOURCE_RELATION_MISSING
SRC-RAW-D4CA402F1C186726C968,POWER,NOx,information_insufficient,产排污系数法/煤质物料衡算法,"[{""component"": ""燃料一"", ""fuel"": ""一般烟煤"", ""raw_amount"": null, ""unit"": ""吨"", ""generation_use"": 846066.0, ""heat_use"": 0.0, ""amount"": 846066.0, ""sulfur"": ""0.830"", ""sulfur_unit"": ""%"", ""ash"": ""18.34"", ""source_row"": 258, ""derivation"": ""同单位发电消耗量+供热消耗量，指南7.2.1.2活动水平定义""}]","[{""component"": ""燃料一"", ""factor"": 7.21, ""unit"": ""g/kg"", ""reference"": ""T/CSES 144-2024 7.2; 表D.1及注a-c；万千瓦×10=MW""}]",[],6100.13586,,T/CSES 144-2024 7.2; 表D.1及注a-c；万千瓦×10=MW,SOURCE_RELATION_MISSING
SRC-RAW-D4CA402F1C186726C968,POWER,CO,calculated,产排污系数法/煤质物料衡算法,"[{""component"": ""燃料一"", ""fuel"": ""一般烟煤"", ""raw_amount"": null, ""unit"": ""吨"", ""generation_use"": 846066.0, ""heat_use"": 0.0, ""amount"": 846066.0, ""sulfur"": ""0.830"", ""sulfur_unit"": ""%"", ""ash"": ""18.34"", ""source_row"": 258, ""derivation"": ""同单位发电消耗量+供热消耗量，指南7.2.1.2活动水平定义""}]","[{""component"": ""燃料一"", ""factor"": 2, ""unit"": ""g/kg"", ""reference"": ""T/CSES 144-2024 7.2; 表D.1及注a-c""}]","[{""component"": ""燃烧源治理"", ""efficiency"": 0, ""reference"": ""表A.1燃烧源控制措施VOCs为0；CO按表D.1""}]",1692.132,1692.132,T/CSES 144-2024 7.2; 表D.1及注a-c,
SRC-RAW-D4CA402F1C186726C968,POWER,VOC,calculated,产排污系数法/煤质物料衡算法,"[{""component"": ""燃料一"", ""fuel"": ""一般烟煤"", ""raw_amount"": null, ""unit"": ""吨"", ""generation_use"": 846066.0, ""heat_use"": 0.0, ""amount"": 846066.0, ""sulfur"": ""0.830"", ""sulfur_unit"": ""%"", ""ash"": ""18.34"", ""source_row"": 258, ""derivation"": ""同单位发电消耗量+供热消耗量，指南7.2.1.2活动水平定义""}]","[{""component"": ""燃料一"", ""factor"": 0.04, ""unit"": ""g/kg"", ""reference"": ""T/CSES 144-2024 7.2; 表D.1及注a-c""}]","[{""component"": ""燃烧源治理"", ""efficiency"": 0, ""reference"": ""表A.1燃烧源控制措施VOCs为0；CO按表D.1""}]",33.84264,33.84264,T/CSES 144-2024 7.2; 表D.1及注a-c,
SRC-RAW-D4CA402F1C186726C968,POWER,PM10,information_insufficient,产排污系数法/煤质物料衡算法,"[{""component"": ""燃料一"", ""fuel"": ""一般烟煤"", ""raw_amount"": null, ""unit"": ""吨"", ""generation_use"": 846066.0, ""heat_use"": 0.0, ""amount"": 846066.0, ""sulfur"": ""0.830"", ""sulfur_unit"": ""%"", ""ash"": ""18.34"", ""source_row"": 258, ""derivation"": ""同单位发电消耗量+供热消耗量，指南7.2.1.2活动水平定义""}]","[{""component"": ""燃料一"", ""factor"": 31.636500000000005, ""unit"": ""g/kg"", ""reference"": ""式(4)-(6)、表C.1-C.3；灰分质量分数；g/kg""}]",[],26766.567009000002,,式(4)-(6)、表C.1-C.3；灰分质量分数；g/kg,SOURCE_RELATION_MISSING
SRC-RAW-D4CA402F1C186726C968,POWER,PM2.5,information_insufficient,产排污系数法/煤质物料衡算法,"[{""component"": ""燃料一"", ""fuel"": ""一般烟煤"", ""raw_amount"": null, ""unit"": ""吨"", ""generation_use"": 846066.0, ""heat_use"": 0.0, ""amount"": 846066.0, ""sulfur"": ""0.830"", ""sulfur_unit"": ""%"", ""ash"": ""18.34"", ""source_row"": 258, ""derivation"": ""同单位发电消耗量+供热消耗量，指南7.2.1.2活动水平定义""}]","[{""component"": ""燃料一"", ""factor"": 8.253, ""unit"": ""g/kg"", ""reference"": ""式(4)-(6)、表C.1-C.3；灰分质量分数；g/kg""}]",[],6982.582698,,式(4)-(6)、表C.1-C.3；灰分质量分数；g/kg,SOURCE_RELATION_MISSING
SRC-RAW-D4CA402F1C186726C968,POWER,BC,information_insufficient,产排污系数法/煤质物料衡算法,"[{""component"": ""燃料一"", ""fuel"": ""一般烟煤"", ""raw_amount"": null, ""unit"": ""吨"", ""generation_use"": 846066.0, ""heat_use"": 0.0, ""amount"": 846066.0, ""sulfur"": ""0.830"", ""sulfur_unit"": ""%"", ""ash"": ""18.34"", ""source_row"": 258, ""derivation"": ""同单位发电消耗量+供热消耗量，指南7.2.1.2活动水平定义""}]","[{""component"": ""燃料一"", ""factor"": 0.016506, ""unit"": ""g/kg"", ""reference"": ""式(4)-(6)、表C.1-C.3；灰分质量分数；g/kg""}]",[],13.965165396,,式(4)-(6)、表C.1-C.3；灰分质量分数；g/kg,SOURCE_RELATION_MISSING
SRC-RAW-D4CA402F1C186726C968,POWER,OC,calculated,产排污系数法/煤质物料衡算法,"[{""component"": ""燃料一"", ""fuel"": ""一般烟煤"", ""raw_amount"": null, ""unit"": ""吨"", ""generation_use"": 846066.0, ""heat_use"": 0.0, ""amount"": 846066.0, ""sulfur"": ""0.830"", ""sulfur_unit"": ""%"", ""ash"": ""18.34"", ""source_row"": 258, ""derivation"": ""同单位发电消耗量+供热消耗量，指南7.2.1.2活动水平定义""}]","[{""component"": ""燃料一"", ""factor"": 0, ""unit"": ""g/kg"", ""reference"": ""式(6)、表C.3；电力生产/热力生产和供应OC占比=0""}]",[],0.0,0,式(6)、表C.3；电力生产/热力生产和供应OC占比=0,
SRC-RAW-D4CA402F1C186726C968,POWER,NH3,not_involved,第7章核算范围,[],[],[],,,T/CSES 144-2024第7章、表D.1；未列NH3，未将缺省范围解释为零排放,OUTSIDE_CHAPTER7_POLLUTANT_SCOPE
SRC-RAW-7F67D5F7567694B8061E,POWER,SO2,source_data_invalid,产排污系数法/煤质物料衡算法,"[{""component"": ""燃料一"", ""fuel"": ""一般烟煤"", ""raw_amount"": -1111102.0, ""unit"": ""吨"", ""generation_use"": 1107349.0, ""heat_use"": 3753.0, ""amount"": -1111102.0, ""sulfur"": ""0.876"", ""sulfur_unit"": ""%"", ""ash"": ""17.09"", ""source_row"": 260}, {""component"": ""燃料二"", ""fuel"": ""柴油"", ""raw_amount"": 800.92, ""unit"": ""吨"", ""generation_use"": 800.82, ""heat_use"": 0.1, ""amount"": 800.92, ""sulfur"": ""0.000"", ""sulfur_unit"": ""%"", ""ash"": ""0.00"", ""source_row"": 260}]","[{""component"": ""燃料一"", ""factor"": 14.892000000000001, ""unit"": ""g/kg"", ""reference"": ""式(3)、表C.1；S按质量分数；sr=0.15；g/kg""}, {""component"": ""燃料二"", ""factor"": 3, ""unit"": ""g/kg"", ""reference"": ""T/CSES 144-2024 7.2; 表D.1及注a-c""}]",[],,,式(3)、表C.1；S按质量分数；sr=0.15；g/kg; T/CSES 144-2024 7.2; 表D.1及注a-c,HARD_CONSTRAINT_CONFLICT
SRC-RAW-7F67D5F7567694B8061E,POWER,NOx,source_data_invalid,产排污系数法/煤质物料衡算法,"[{""component"": ""燃料一"", ""fuel"": ""一般烟煤"", ""raw_amount"": -1111102.0, ""unit"": ""吨"", ""generation_use"": 1107349.0, ""heat_use"": 3753.0, ""amount"": -1111102.0, ""sulfur"": ""0.876"", ""sulfur_unit"": ""%"", ""ash"": ""17.09"", ""source_row"": 260}, {""component"": ""燃料二"", ""fuel"": ""柴油"", ""raw_amount"": 800.92, ""unit"": ""吨"", ""generation_use"": 800.82, ""heat_use"": 0.1, ""amount"": 800.92, ""sulfur"": ""0.000"", ""sulfur_unit"": ""%"", ""ash"": ""0.00"", ""source_row"": 260}]","[{""component"": ""燃料一"", ""factor"": 7.21, ""unit"": ""g/kg"", ""reference"": ""T/CSES 144-2024 7.2; 表D.1及注a-c；万千瓦×10=MW""}, {""component"": ""燃料二"", ""factor"": 7.4, ""unit"": ""g/kg"", ""reference"": ""T/CSES 144-2024 7.2; 表D.1及注a-c""}]",[],,,T/CSES 144-2024 7.2; 表D.1及注a-c；万千瓦×10=MW; T/CSES 144-2024 7.2; 表D.1及注a-c,HARD_CONSTRAINT_CONFLICT
SRC-RAW-7F67D5F7567694B8061E,POWER,CO,source_data_invalid,产排污系数法/煤质物料衡算法,"[{""component"": ""燃料一"", ""fuel"": ""一般烟煤"", ""raw_amount"": -1111102.0, ""unit"": ""吨"", ""generation_use"": 1107349.0, ""heat_use"": 3753.0, ""amount"": -1111102.0, ""sulfur"": ""0.876"", ""sulfur_unit"": ""%"", ""ash"": ""17.09"", ""source_row"": 260}, {""component"": ""燃料二"", ""fuel"": ""柴油"", ""raw_amount"": 800.92, ""unit"": ""吨"", ""generation_use"": 800.82, ""heat_use"": 0.1, ""amount"": 800.92, ""sulfur"": ""0.000"", ""sulfur_unit"": ""%"", ""ash"": ""0.00"", ""source_row"": 260}]","[{""component"": ""燃料一"", ""factor"": 2, ""unit"": ""g/kg"", ""reference"": ""T/CSES 144-2024 7.2; 表D.1及注a-c""}, {""component"": ""燃料二"", ""factor"": 0.6, ""unit"": ""g/kg"", ""reference"": ""T/CSES 144-2024 7.2; 表D.1及注a-c""}]",[],,,T/CSES 144-2024 7.2; 表D.1及注a-c,HARD_CONSTRAINT_CONFLICT
SRC-RAW-7F67D5F7567694B8061E,POWER,VOC,source_data_invalid,产排污系数法/煤质物料衡算法,"[{""component"": ""燃料一"", ""fuel"": ""一般烟煤"", ""raw_amount"": -1111102.0, ""unit"": ""吨"", ""generation_use"": 1107349.0, ""heat_use"": 3753.0, ""amount"": -1111102.0, ""sulfur"": ""0.876"", ""sulfur_unit"": ""%"", ""ash"": ""17.09"", ""source_row"": 260}, {""component"": ""燃料二"", ""fuel"": ""柴油"", ""raw_amount"": 800.92, ""unit"": ""吨"", ""generation_use"": 800.82, ""heat_use"": 0.1, ""amount"": 800.92, ""sulfur"": ""0.000"", ""sulfur_unit"": ""%"", ""ash"": ""0.00"", ""source_row"": 260}]","[{""component"": ""燃料一"", ""factor"": 0.04, ""unit"": ""g/kg"", ""reference"": ""T/CSES 144-2024 7.2; 表D.1及注a-c""}, {""component"": ""燃料二"", ""factor"": 0.13, ""unit"": ""g/kg"", ""reference"": ""T/CSES 144-2024 7.2; 表D.1及注a-c""}]",[],,,T/CSES 144-2024 7.2; 表D.1及注a-c,HARD_CONSTRAINT_CONFLICT
SRC-RAW-7F67D5F7567694B8061E,POWER,PM10,source_data_invalid,产排污系数法/煤质物料衡算法,"[{""component"": ""燃料一"", ""fuel"": ""一般烟煤"", ""raw_amount"": -1111102.0, ""unit"": ""吨"", ""generation_use"": 1107349.0, ""heat_use"": 3753.0, ""amount"": -1111102.0, ""sulfur"": ""0.876"", ""sulfur_unit"": ""%"", ""ash"": ""17.09"", ""source_row"": 260}, {""component"": ""燃料二"", ""fuel"": ""柴油"", ""raw_amount"": 800.92, ""unit"": ""吨"", ""generation_use"": 800.82, ""heat_use"": 0.1, ""amount"": 800.92, ""sulfur"": ""0.000"", ""sulfur_unit"": ""%"", ""ash"": ""0.00"", ""source_row"": 260}]","[{""component"": ""燃料一"", ""factor"": 29.480249999999995, ""unit"": ""g/kg"", ""reference"": ""式(4)-(6)、表C.1-C.3；灰分质量分数；g/kg""}, {""component"": ""燃料二"", ""factor"": 0.5, ""unit"": ""g/kg"", ""reference"": ""T/CSES 144-2024 7.2; 表D.1及注a-c""}]",[],,,式(4)-(6)、表C.1-C.3；灰分质量分数；g/kg; T/CSES 144-2024 7.2; 表D.1及注a-c,HARD_CONSTRAINT_CONFLICT
SRC-RAW-7F67D5F7567694B8061E,POWER,PM2.5,source_data_invalid,产排污系数法/煤质物料衡算法,"[{""component"": ""燃料一"", ""fuel"": ""一般烟煤"", ""raw_amount"": -1111102.0, ""unit"": ""吨"", ""generation_use"": 1107349.0, ""heat_use"": 3753.0, ""amount"": -1111102.0, ""sulfur"": ""0.876"", ""sulfur_unit"": ""%"", ""ash"": ""17.09"", ""source_row"": 260}, {""component"": ""燃料二"", ""fuel"": ""柴油"", ""raw_amount"": 800.92, ""unit"": ""吨"", ""generation_use"": 800.82, ""heat_use"": 0.1, ""amount"": 800.92, ""sulfur"": ""0.000"", ""sulfur_unit"": ""%"", ""ash"": ""0.00"", ""source_row"": 260}]","[{""component"": ""燃料一"", ""factor"": 7.690499999999998, ""unit"": ""g/kg"", ""reference"": ""式(4)-(6)、表C.1-C.3；灰分质量分数；g/kg""}, {""component"": ""燃料二"", ""factor"": 0.5, ""unit"": ""g/kg"", ""reference"": ""T/CSES 144-2024 7.2; 表D.1及注a-c""}]",[],,,式(4)-(6)、表C.1-C.3；灰分质量分数；g/kg; T/CSES 144-2024 7.2; 表D.1及注a-c,HARD_CONSTRAINT_CONFLICT
SRC-RAW-7F67D5F7567694B8061E,POWER,BC,source_data_invalid,产排污系数法/煤质物料衡算法,"[{""component"": ""燃料一"", ""fuel"": ""一般烟煤"", ""raw_amount"": -1111102.0, ""unit"": ""吨"", ""generation_use"": 1107349.0, ""heat_use"": 3753.0, ""amount"": -1111102.0, ""sulfur"": ""0.876"", ""sulfur_unit"": ""%"", ""ash"": ""17.09"", ""source_row"": 260}, {""component"": ""燃料二"", ""fuel"": ""柴油"", ""raw_amount"": 800.92, ""unit"": ""吨"", ""generation_use"": 800.82, ""heat_use"": 0.1, ""amount"": 800.92, ""sulfur"": ""0.000"", ""sulfur_unit"": ""%"", ""ash"": ""0.00"", ""source_row"": 260}]","[{""component"": ""燃料一"", ""factor"": 0.015380999999999997, ""unit"": ""g/kg"", ""reference"": ""式(4)-(6)、表C.1-C.3；灰分质量分数；g/kg""}, {""component"": ""燃料二"", ""factor"": 0.01, ""unit"": ""g/kg"", ""reference"": ""T/CSES 144-2024 7.2; 表D.1及注a-c""}]",[],,,式(4)-(6)、表C.1-C.3；灰分质量分数；g/kg; T/CSES 144-2024 7.2; 表D.1及注a-c,HARD_CONSTRAINT_CONFLICT
SRC-RAW-7F67D5F7567694B8061E,POWER,OC,source_data_invalid,产排污系数法/煤质物料衡算法,"[{""component"": ""燃料一"", ""fuel"": ""一般烟煤"", ""raw_amount"": -1111102.0, ""unit"": ""吨"", ""generation_use"": 1107349.0, ""heat_use"": 3753.0, ""amount"": -1111102.0, ""sulfur"": ""0.876"", ""sulfur_unit"": ""%"", ""ash"": ""17.09"", ""source_row"": 260}, {""component"": ""燃料二"", ""fuel"": ""柴油"", ""raw_amount"": 800.92, ""unit"": ""吨"", ""generation_use"": 800.82, ""heat_use"": 0.1, ""amount"": 800.92, ""sulfur"": ""0.000"", ""sulfur_unit"": ""%"", ""ash"": ""0.00"", ""source_row"": 260}]","[{""component"": ""燃料一"", ""factor"": 0, ""unit"": ""g/kg"", ""reference"": ""式(6)、表C.3；电力生产/热力生产和供应OC占比=0""}, {""component"": ""燃料二"", ""factor"": 0.04, ""unit"": ""g/kg"", ""reference"": ""T/CSES 144-2024 7.2; 表D.1及注a-c""}]",[],,,式(6)、表C.3；电力生产/热力生产和供应OC占比=0; T/CSES 144-2024 7.2; 表D.1及注a-c,HARD_CONSTRAINT_CONFLICT
SRC-RAW-7F67D5F7567694B8061E,POWER,NH3,not_involved,第7章核算范围,[],[],[],,,T/CSES 144-2024第7章、表D.1；未列NH3，未将缺省范围解释为零排放,OUTSIDE_CHAPTER7_POLLUTANT_SCOPE
SRC-RAW-3DAC9E79EA63416E368D,POWER,SO2,information_insufficient,产排污系数法/煤质物料衡算法,"[{""component"": ""燃料一"", ""fuel"": ""一般烟煤"", ""raw_amount"": 1059823.0, ""unit"": ""吨"", ""generation_use"": 1054172.0, ""heat_use"": 5651.0, ""amount"": 1059823.0, ""sulfur"": ""0.925"", ""sulfur_unit"": ""%"", ""ash"": ""17.11"", ""source_row"": 261}, {""component"": ""燃料二"", ""fuel"": ""柴油"", ""raw_amount"": 649.01, ""unit"": ""吨"", ""generation_use"": 648.91, ""heat_use"": 0.1, ""amount"": 649.01, ""sulfur"": ""0.000"", ""sulfur_unit"": ""%"", ""ash"": ""0.00"", ""source_row"": 261}]","[{""component"": ""燃料一"", ""factor"": 15.725000000000003, ""unit"": ""g/kg"", ""reference"": ""式(3)、表C.1；S按质量分数；sr=0.15；g/kg""}, {""component"": ""燃料二"", ""factor"": 3, ""unit"": ""g/kg"", ""reference"": ""T/CSES 144-2024 7.2; 表D.1及注a-c""}]",[],16667.663705000003,,式(3)、表C.1；S按质量分数；sr=0.15；g/kg; T/CSES 144-2024 7.2; 表D.1及注a-c,SOURCE_RELATION_MISSING
SRC-RAW-3DAC9E79EA63416E368D,POWER,NOx,information_insufficient,产排污系数法/煤质物料衡算法,"[{""component"": ""燃料一"", ""fuel"": ""一般烟煤"", ""raw_amount"": 1059823.0, ""unit"": ""吨"", ""generation_use"": 1054172.0, ""heat_use"": 5651.0, ""amount"": 1059823.0, ""sulfur"": ""0.925"", ""sulfur_unit"": ""%"", ""ash"": ""17.11"", ""source_row"": 261}, {""component"": ""燃料二"", ""fuel"": ""柴油"", ""raw_amount"": 649.01, ""unit"": ""吨"", ""generation_use"": 648.91, ""heat_use"": 0.1, ""amount"": 649.01, ""sulfur"": ""0.000"", ""sulfur_unit"": ""%"", ""ash"": ""0.00"", ""source_row"": 261}]","[{""component"": ""燃料一"", ""factor"": 7.21, ""unit"": ""g/kg"", ""reference"": ""T/CSES 144-2024 7.2; 表D.1及注a-c；万千瓦×10=MW""}, {""component"": ""燃料二"", ""factor"": 7.4, ""unit"": ""g/kg"", ""reference"": ""T/CSES 144-2024 7.2; 表D.1及注a-c""}]",[],7646.126504,,T/CSES 144-2024 7.2; 表D.1及注a-c；万千瓦×10=MW; T/CSES 144-2024 7.2; 表D.1及注a-c,SOURCE_RELATION_MISSING
SRC-RAW-3DAC9E79EA63416E368D,POWER,CO,calculated,产排污系数法/煤质物料衡算法,"[{""component"": ""燃料一"", ""fuel"": ""一般烟煤"", ""raw_amount"": 1059823.0, ""unit"": ""吨"", ""generation_use"": 1054172.0, ""heat_use"": 5651.0, ""amount"": 1059823.0, ""sulfur"": ""0.925"", ""sulfur_unit"": ""%"", ""ash"": ""17.11"", ""source_row"": 261}, {""component"": ""燃料二"", ""fuel"": ""柴油"", ""raw_amount"": 649.01, ""unit"": ""吨"", ""generation_use"": 648.91, ""heat_use"": 0.1, ""amount"": 649.01, ""sulfur"": ""0.000"", ""sulfur_unit"": ""%"", ""ash"": ""0.00"", ""source_row"": 261}]","[{""component"": ""燃料一"", ""factor"": 2, ""unit"": ""g/kg"", ""reference"": ""T/CSES 144-2024 7.2; 表D.1及注a-c""}, {""component"": ""燃料二"", ""factor"": 0.6, ""unit"": ""g/kg"", ""reference"": ""T/CSES 144-2024 7.2; 表D.1及注a-c""}]","[{""component"": ""燃烧源治理"", ""efficiency"": 0, ""reference"": ""表A.1燃烧源控制措施VOCs为0；CO按表D.1""}]",2120.035406,2120.035406,T/CSES 144-2024 7.2; 表D.1及注a-c,
SRC-RAW-3DAC9E79EA63416E368D,POWER,VOC,calculated,产排污系数法/煤质物料衡算法,"[{""component"": ""燃料一"", ""fuel"": ""一般烟煤"", ""raw_amount"": 1059823.0, ""unit"": ""吨"", ""generation_use"": 1054172.0, ""heat_use"": 5651.0, ""amount"": 1059823.0, ""sulfur"": ""0.925"", ""sulfur_unit"": ""%"", ""ash"": ""17.11"", ""source_row"": 261}, {""component"": ""燃料二"", ""fuel"": ""柴油"", ""raw_amount"": 649.01, ""unit"": ""吨"", ""generation_use"": 648.91, ""heat_use"": 0.1, ""amount"": 649.01, ""sulfur"": ""0.000"", ""sulfur_unit"": ""%"", ""ash"": ""0.00"", ""source_row"": 261}]","[{""component"": ""燃料一"", ""factor"": 0.04, ""unit"": ""g/kg"", ""reference"": ""T/CSES 144-2024 7.2; 表D.1及注a-c""}, {""component"": ""燃料二"", ""factor"": 0.13, ""unit"": ""g/kg"", ""reference"": ""T/CSES 144-2024 7.2; 表D.1及注a-c""}]","[{""component"": ""燃烧源治理"", ""efficiency"": 0, ""reference"": ""表A.1燃烧源控制措施VOCs为0；CO按表D.1""}]",42.4772913,42.4772913,T/CSES 144-2024 7.2; 表D.1及注a-c,
SRC-RAW-3DAC9E79EA63416E368D,POWER,PM10,information_insufficient,产排污系数法/煤质物料衡算法,"[{""component"": ""燃料一"", ""fuel"": ""一般烟煤"", ""raw_amount"": 1059823.0, ""unit"": ""吨"", ""generation_use"": 1054172.0, ""heat_use"": 5651.0, ""amount"": 1059823.0, ""sulfur"": ""0.925"", ""sulfur_unit"": ""%"", ""ash"": ""17.11"", ""source_row"": 261}, {""component"": ""燃料二"", ""fuel"": ""柴油"", ""raw_amount"": 649.01, ""unit"": ""吨"", ""generation_use"": 648.91, ""heat_use"": 0.1, ""amount"": 649.01, ""sulfur"": ""0.000"", ""sulfur_unit"": ""%"", ""ash"": ""0.00"", ""source_row"": 261}]","[{""component"": ""燃料一"", ""factor"": 29.51475, ""unit"": ""g/kg"", ""reference"": ""式(4)-(6)、表C.1-C.3；灰分质量分数；g/kg""}, {""component"": ""燃料二"", ""factor"": 0.5, ""unit"": ""g/kg"", ""reference"": ""T/CSES 144-2024 7.2; 表D.1及注a-c""}]",[],31280.73539425,,式(4)-(6)、表C.1-C.3；灰分质量分数；g/kg; T/CSES 144-2024 7.2; 表D.1及注a-c,SOURCE_RELATION_MISSING
SRC-RAW-3DAC9E79EA63416E368D,POWER,PM2.5,information_insufficient,产排污系数法/煤质物料衡算法,"[{""component"": ""燃料一"", ""fuel"": ""一般烟煤"", ""raw_amount"": 1059823.0, ""unit"": ""吨"", ""generation_use"": 1054172.0, ""heat_use"": 5651.0, ""amount"": 1059823.0, ""sulfur"": ""0.925"", ""sulfur_unit"": ""%"", ""ash"": ""17.11"", ""source_row"": 261}, {""component"": ""燃料二"", ""fuel"": ""柴油"", ""raw_amount"": 649.01, ""unit"": ""吨"", ""generation_use"": 648.91, ""heat_use"": 0.1, ""amount"": 649.01, ""sulfur"": ""0.000"", ""sulfur_unit"": ""%"", ""ash"": ""0.00"", ""source_row"": 261}]","[{""component"": ""燃料一"", ""factor"": 7.6995, ""unit"": ""g/kg"", ""reference"": ""式(4)-(6)、表C.1-C.3；灰分质量分数；g/kg""}, {""component"": ""燃料二"", ""factor"": 0.5, ""unit"": ""g/kg"", ""reference"": ""T/CSES 144-2024 7.2; 表D.1及注a-c""}]",[],8160.431693499999,,式(4)-(6)、表C.1-C.3；灰分质量分数；g/kg; T/CSES 144-2024 7.2; 表D.1及注a-c,SOURCE_RELATION_MISSING
SRC-RAW-3DAC9E79EA63416E368D,POWER,BC,information_insufficient,产排污系数法/煤质物料衡算法,"[{""component"": ""燃料一"", ""fuel"": ""一般烟煤"", ""raw_amount"": 1059823.0, ""unit"": ""吨"", ""generation_use"": 1054172.0, ""heat_use"": 5651.0, ""amount"": 1059823.0, ""sulfur"": ""0.925"", ""sulfur_unit"": ""%"", ""ash"": ""17.11"", ""source_row"": 261}, {""component"": ""燃料二"", ""fuel"": ""柴油"", ""raw_amount"": 649.01, ""unit"": ""吨"", ""generation_use"": 648.91, ""heat_use"": 0.1, ""amount"": 649.01, ""sulfur"": ""0.000"", ""sulfur_unit"": ""%"", ""ash"": ""0.00"", ""source_row"": 261}]","[{""component"": ""燃料一"", ""factor"": 0.015399, ""unit"": ""g/kg"", ""reference"": ""式(4)-(6)、表C.1-C.3；灰分质量分数；g/kg""}, {""component"": ""燃料二"", ""factor"": 0.01, ""unit"": ""g/kg"", ""reference"": ""T/CSES 144-2024 7.2; 表D.1及注a-c""}]",[],16.326704477,,式(4)-(6)、表C.1-C.3；灰分质量分数；g/kg; T/CSES 144-2024 7.2; 表D.1及注a-c,SOURCE_RELATION_MISSING
SRC-RAW-3DAC9E79EA63416E368D,POWER,OC,information_insufficient,产排污系数法/煤质物料衡算法,"[{""component"": ""燃料一"", ""fuel"": ""一般烟煤"", ""raw_amount"": 1059823.0, ""unit"": ""吨"", ""generation_use"": 1054172.0, ""heat_use"": 5651.0, ""amount"": 1059823.0, ""sulfur"": ""0.925"", ""sulfur_unit"": ""%"", ""ash"": ""17.11"", ""source_row"": 261}, {""component"": ""燃料二"", ""fuel"": ""柴油"", ""raw_amount"": 649.01, ""unit"": ""吨"", ""generation_use"": 648.91, ""heat_use"": 0.1, ""amount"": 649.01, ""sulfur"": ""0.000"", ""sulfur_unit"": ""%"", ""ash"": ""0.00"", ""source_row"": 261}]","[{""component"": ""燃料一"", ""factor"": 0, ""unit"": ""g/kg"", ""reference"": ""式(6)、表C.3；电力生产/热力生产和供应OC占比=0""}, {""component"": ""燃料二"", ""factor"": 0.04, ""unit"": ""g/kg"", ""reference"": ""T/CSES 144-2024 7.2; 表D.1及注a-c""}]",[],0.0259604,,式(6)、表C.3；电力生产/热力生产和供应OC占比=0; T/CSES 144-2024 7.2; 表D.1及注a-c,SOURCE_RELATION_MISSING
SRC-RAW-3DAC9E79EA63416E368D,POWER,NH3,not_involved,第7章核算范围,[],[],[],,,T/CSES 144-2024第7章、表D.1；未列NH3，未将缺省范围解释为零排放,OUTSIDE_CHAPTER7_POLLUTANT_SCOPE
SRC-RAW-8E880A58EC31520571BD,POWER,SO2,information_insufficient,产排污系数法/煤质物料衡算法,"[{""component"": ""燃料一"", ""fuel"": ""一般烟煤"", ""raw_amount"": null, ""unit"": ""吨"", ""generation_use"": 10526.0, ""heat_use"": 61861.0, ""amount"": 72387.0, ""sulfur"": ""0.430"", ""sulfur_unit"": ""%"", ""ash"": ""19.46"", ""source_row"": 266, ""derivation"": ""同单位发电消耗量+供热消耗量，指南7.2.1.2活动水平定义""}]","[{""component"": ""燃料一"", ""factor"": 7.31, ""unit"": ""g/kg"", ""reference"": ""式(3)、表C.1；S按质量分数；sr=0.15；g/kg""}]",[],529.14897,,式(3)、表C.1；S按质量分数；sr=0.15；g/kg,SOURCE_RELATION_MISSING
SRC-RAW-8E880A58EC31520571BD,POWER,NOx,information_insufficient,产排污系数法/煤质物料衡算法,"[{""component"": ""燃料一"", ""fuel"": ""一般烟煤"", ""raw_amount"": null, ""unit"": ""吨"", ""generation_use"": 10526.0, ""heat_use"": 61861.0, ""amount"": 72387.0, ""sulfur"": ""0.430"", ""sulfur_unit"": ""%"", ""ash"": ""19.46"", ""source_row"": 266, ""derivation"": ""同单位发电消耗量+供热消耗量，指南7.2.1.2活动水平定义""}]","[{""component"": ""燃料一"", ""factor"": 7.5, ""unit"": ""g/kg"", ""reference"": ""T/CSES 144-2024 7.2; 表D.1及注a-c""}]",[],542.9025,,T/CSES 144-2024 7.2; 表D.1及注a-c,SOURCE_RELATION_MISSING
SRC-RAW-8E880A58EC31520571BD,POWER,CO,calculated,产排污系数法/煤质物料衡算法,"[{""component"": ""燃料一"", ""fuel"": ""一般烟煤"", ""raw_amount"": null, ""unit"": ""吨"", ""generation_use"": 10526.0, ""heat_use"": 61861.0, ""amount"": 72387.0, ""sulfur"": ""0.430"", ""sulfur_unit"": ""%"", ""ash"": ""19.46"", ""source_row"": 266, ""derivation"": ""同单位发电消耗量+供热消耗量，指南7.2.1.2活动水平定义""}]","[{""component"": ""燃料一"", ""factor"": 2, ""unit"": ""g/kg"", ""reference"": ""T/CSES 144-2024 7.2; 表D.1及注a-c""}]","[{""component"": ""燃烧源治理"", ""efficiency"": 0, ""reference"": ""表A.1燃烧源控制措施VOCs为0；CO按表D.1""}]",144.774,144.774,T/CSES 144-2024 7.2; 表D.1及注a-c,
SRC-RAW-8E880A58EC31520571BD,POWER,VOC,calculated,产排污系数法/煤质物料衡算法,"[{""component"": ""燃料一"", ""fuel"": ""一般烟煤"", ""raw_amount"": null, ""unit"": ""吨"", ""generation_use"": 10526.0, ""heat_use"": 61861.0, ""amount"": 72387.0, ""sulfur"": ""0.430"", ""sulfur_unit"": ""%"", ""ash"": ""19.46"", ""source_row"": 266, ""derivation"": ""同单位发电消耗量+供热消耗量，指南7.2.1.2活动水平定义""}]","[{""component"": ""燃料一"", ""factor"": 0.18, ""unit"": ""g/kg"", ""reference"": ""T/CSES 144-2024 7.2; 表D.1及注a-c""}]","[{""component"": ""燃烧源治理"", ""efficiency"": 0, ""reference"": ""表A.1燃烧源控制措施VOCs为0；CO按表D.1""}]",13.02966,13.02966,T/CSES 144-2024 7.2; 表D.1及注a-c,
SRC-RAW-8E880A58EC31520571BD,POWER,PM10,information_insufficient,产排污系数法/煤质物料衡算法,"[{""component"": ""燃料一"", ""fuel"": ""一般烟煤"", ""raw_amount"": null, ""unit"": ""吨"", ""generation_use"": 10526.0, ""heat_use"": 61861.0, ""amount"": 72387.0, ""sulfur"": ""0.430"", ""sulfur_unit"": ""%"", ""ash"": ""19.46"", ""source_row"": 266, ""derivation"": ""同单位发电消耗量+供热消耗量，指南7.2.1.2活动水平定义""}]","[{""component"": ""燃料一"", ""factor"": 31.60304, ""unit"": ""g/kg"", ""reference"": ""式(4)-(6)、表C.1-C.3；灰分质量分数；g/kg""}]",[],2287.64925648,,式(4)-(6)、表C.1-C.3；灰分质量分数；g/kg,SOURCE_RELATION_MISSING
SRC-RAW-8E880A58EC31520571BD,POWER,PM2.5,information_insufficient,产排污系数法/煤质物料衡算法,"[{""component"": ""燃料一"", ""fuel"": ""一般烟煤"", ""raw_amount"": null, ""unit"": ""吨"", ""generation_use"": 10526.0, ""heat_use"": 61861.0, ""amount"": 72387.0, ""sulfur"": ""0.430"", ""sulfur_unit"": ""%"", ""ash"": ""19.46"", ""source_row"": 266, ""derivation"": ""同单位发电消耗量+供热消耗量，指南7.2.1.2活动水平定义""}]","[{""component"": ""燃料一"", ""factor"": 7.628320000000001, ""unit"": ""g/kg"", ""reference"": ""式(4)-(6)、表C.1-C.3；灰分质量分数；g/kg""}]",[],552.1911998400002,,式(4)-(6)、表C.1-C.3；灰分质量分数；g/kg,SOURCE_RELATION_MISSING
SRC-RAW-8E880A58EC31520571BD,POWER,BC,information_insufficient,产排污系数法/煤质物料衡算法,"[{""component"": ""燃料一"", ""fuel"": ""一般烟煤"", ""raw_amount"": null, ""unit"": ""吨"", ""generation_use"": 10526.0, ""heat_use"": 61861.0, ""amount"": 72387.0, ""sulfur"": ""0.430"", ""sulfur_unit"": ""%"", ""ash"": ""19.46"", ""source_row"": 266, ""derivation"": ""同单位发电消耗量+供热消耗量，指南7.2.1.2活动水平定义""}]","[{""component"": ""燃料一"", ""factor"": 0.015256640000000002, ""unit"": ""g/kg"", ""reference"": ""式(4)-(6)、表C.1-C.3；灰分质量分数；g/kg""}]",[],1.1043823996800002,,式(4)-(6)、表C.1-C.3；灰分质量分数；g/kg,SOURCE_RELATION_MISSING
SRC-RAW-8E880A58EC31520571BD,POWER,OC,calculated,产排污系数法/煤质物料衡算法,"[{""component"": ""燃料一"", ""fuel"": ""一般烟煤"", ""raw_amount"": null, ""unit"": ""吨"", ""generation_use"": 10526.0, ""heat_use"": 61861.0, ""amount"": 72387.0, ""sulfur"": ""0.430"", ""sulfur_unit"": ""%"", ""ash"": ""19.46"", ""source_row"": 266, ""derivation"": ""同单位发电消耗量+供热消耗量，指南7.2.1.2活动水平定义""}]","[{""component"": ""燃料一"", ""factor"": 0, ""unit"": ""g/kg"", ""reference"": ""式(6)、表C.3；电力生产/热力生产和供应OC占比=0""}]",[],0.0,0,式(6)、表C.3；电力生产/热力生产和供应OC占比=0,
SRC-RAW-8E880A58EC31520571BD,POWER,NH3,not_involved,第7章核算范围,[],[],[],,,T/CSES 144-2024第7章、表D.1；未列NH3，未将缺省范围解释为零排放,OUTSIDE_CHAPTER7_POLLUTANT_SCOPE
SRC-RAW-B156C48CC9B1A481901B,POWER,SO2,source_data_invalid,产排污系数法/煤质物料衡算法,"[{""component"": ""燃料一"", ""fuel"": ""一般烟煤"", ""raw_amount"": -68365.0, ""unit"": ""吨"", ""generation_use"": 9938.0, ""heat_use"": 58427.0, ""amount"": -68365.0, ""sulfur"": ""0.430"", ""sulfur_unit"": ""%"", ""ash"": ""19.46"", ""source_row"": 267}]","[{""component"": ""燃料一"", ""factor"": 7.31, ""unit"": ""g/kg"", ""reference"": ""式(3)、表C.1；S按质量分数；sr=0.15；g/kg""}]",[],,,式(3)、表C.1；S按质量分数；sr=0.15；g/kg,HARD_CONSTRAINT_CONFLICT
SRC-RAW-B156C48CC9B1A481901B,POWER,NOx,source_data_invalid,产排污系数法/煤质物料衡算法,"[{""component"": ""燃料一"", ""fuel"": ""一般烟煤"", ""raw_amount"": -68365.0, ""unit"": ""吨"", ""generation_use"": 9938.0, ""heat_use"": 58427.0, ""amount"": -68365.0, ""sulfur"": ""0.430"", ""sulfur_unit"": ""%"", ""ash"": ""19.46"", ""source_row"": 267}]","[{""component"": ""燃料一"", ""factor"": 7.5, ""unit"": ""g/kg"", ""reference"": ""T/CSES 144-2024 7.2; 表D.1及注a-c""}]",[],,,T/CSES 144-2024 7.2; 表D.1及注a-c,HARD_CONSTRAINT_CONFLICT
SRC-RAW-B156C48CC9B1A481901B,POWER,CO,source_data_invalid,产排污系数法/煤质物料衡算法,"[{""component"": ""燃料一"", ""fuel"": ""一般烟煤"", ""raw_amount"": -68365.0, ""unit"": ""吨"", ""generation_use"": 9938.0, ""heat_use"": 58427.0, ""amount"": -68365.0, ""sulfur"": ""0.430"", ""sulfur_unit"": ""%"", ""ash"": ""19.46"", ""source_row"": 267}]","[{""component"": ""燃料一"", ""factor"": 2, ""unit"": ""g/kg"", ""reference"": ""T/CSES 144-2024 7.2; 表D.1及注a-c""}]",[],,,T/CSES 144-2024 7.2; 表D.1及注a-c,HARD_CONSTRAINT_CONFLICT
SRC-RAW-B156C48CC9B1A481901B,POWER,VOC,source_data_invalid,产排污系数法/煤质物料衡算法,"[{""component"": ""燃料一"", ""fuel"": ""一般烟煤"", ""raw_amount"": -68365.0, ""unit"": ""吨"", ""generation_use"": 9938.0, ""heat_use"": 58427.0, ""amount"": -68365.0, ""sulfur"": ""0.430"", ""sulfur_unit"": ""%"", ""ash"": ""19.46"", ""source_row"": 267}]","[{""component"": ""燃料一"", ""factor"": 0.18, ""unit"": ""g/kg"", ""reference"": ""T/CSES 144-2024 7.2; 表D.1及注a-c""}]",[],,,T/CSES 144-2024 7.2; 表D.1及注a-c,HARD_CONSTRAINT_CONFLICT
SRC-RAW-B156C48CC9B1A481901B,POWER,PM10,source_data_invalid,产排污系数法/煤质物料衡算法,"[{""component"": ""燃料一"", ""fuel"": ""一般烟煤"", ""raw_amount"": -68365.0, ""unit"": ""吨"", ""generation_use"": 9938.0, ""heat_use"": 58427.0, ""amount"": -68365.0, ""sulfur"": ""0.430"", ""sulfur_unit"": ""%"", ""ash"": ""19.46"", ""source_row"": 267}]","[{""component"": ""燃料一"", ""factor"": 31.60304, ""unit"": ""g/kg"", ""reference"": ""式(4)-(6)、表C.1-C.3；灰分质量分数；g/kg""}]",[],,,式(4)-(6)、表C.1-C.3；灰分质量分数；g/kg,HARD_CONSTRAINT_CONFLICT
SRC-RAW-B156C48CC9B1A481901B,POWER,PM2.5,source_data_invalid,产排污系数法/煤质物料衡算法,"[{""component"": ""燃料一"", ""fuel"": ""一般烟煤"", ""raw_amount"": -68365.0, ""unit"": ""吨"", ""generation_use"": 9938.0, ""heat_use"": 58427.0, ""amount"": -68365.0, ""sulfur"": ""0.430"", ""sulfur_unit"": ""%"", ""ash"": ""19.46"", ""source_row"": 267}]","[{""component"": ""燃料一"", ""factor"": 7.628320000000001, ""unit"": ""g/kg"", ""reference"": ""式(4)-(6)、表C.1-C.3；灰分质量分数；g/kg""}]",[],,,式(4)-(6)、表C.1-C.3；灰分质量分数；g/kg,HARD_CONSTRAINT_CONFLICT
SRC-RAW-B156C48CC9B1A481901B,POWER,BC,source_data_invalid,产排污系数法/煤质物料衡算法,"[{""component"": ""燃料一"", ""fuel"": ""一般烟煤"", ""raw_amount"": -68365.0, ""unit"": ""吨"", ""generation_use"": 9938.0, ""heat_use"": 58427.0, ""amount"": -68365.0, ""sulfur"": ""0.430"", ""sulfur_unit"": ""%"", ""ash"": ""19.46"", ""source_row"": 267}]","[{""component"": ""燃料一"", ""factor"": 0.015256640000000002, ""unit"": ""g/kg"", ""reference"": ""式(4)-(6)、表C.1-C.3；灰分质量分数；g/kg""}]",[],,,式(4)-(6)、表C.1-C.3；灰分质量分数；g/kg,HARD_CONSTRAINT_CONFLICT
SRC-RAW-B156C48CC9B1A481901B,POWER,OC,source_data_invalid,产排污系数法/煤质物料衡算法,"[{""component"": ""燃料一"", ""fuel"": ""一般烟煤"", ""raw_amount"": -68365.0, ""unit"": ""吨"", ""generation_use"": 9938.0, ""heat_use"": 58427.0, ""amount"": -68365.0, ""sulfur"": ""0.430"", ""sulfur_unit"": ""%"", ""ash"": ""19.46"", ""source_row"": 267}]","[{""component"": ""燃料一"", ""factor"": 0, ""unit"": ""g/kg"", ""reference"": ""式(6)、表C.3；电力生产/热力生产和供应OC占比=0""}]",[],,,式(6)、表C.3；电力生产/热力生产和供应OC占比=0,HARD_CONSTRAINT_CONFLICT
SRC-RAW-B156C48CC9B1A481901B,POWER,NH3,not_involved,第7章核算范围,[],[],[],,,T/CSES 144-2024第7章、表D.1；未列NH3，未将缺省范围解释为零排放,OUTSIDE_CHAPTER7_POLLUTANT_SCOPE
SRC-RAW-FBD291B35556BBA92444,POWER,SO2,calculated,产排污系数法/煤质物料衡算法,"[{""component"": ""燃料一"", ""fuel"": ""天然气"", ""raw_amount"": 88.913, ""unit"": ""万立方米"", ""generation_use"": null, ""heat_use"": 88.913, ""amount"": 88.913, ""sulfur"": ""0.510"", ""sulfur_unit"": ""毫克/立方米"", ""ash"": null, ""source_row"": 272}]","[{""component"": ""燃料一"", ""factor"": 0, ""unit"": ""g/m3"", ""reference"": ""T/CSES 144-2024 7.2; 表D.1及注a-c""}]",[],0.0,0,T/CSES 144-2024 7.2; 表D.1及注a-c,
SRC-RAW-FBD291B35556BBA92444,POWER,NOx,information_insufficient,产排污系数法/煤质物料衡算法,"[{""component"": ""燃料一"", ""fuel"": ""天然气"", ""raw_amount"": 88.913, ""unit"": ""万立方米"", ""generation_use"": null, ""heat_use"": 88.913, ""amount"": 88.913, ""sulfur"": ""0.510"", ""sulfur_unit"": ""毫克/立方米"", ""ash"": null, ""source_row"": 272}]","[{""component"": ""燃料一"", ""factor"": 4.1, ""unit"": ""g/m3"", ""reference"": ""T/CSES 144-2024 7.2; 表D.1及注a-c""}]",[],3.6454329999999993,,T/CSES 144-2024 7.2; 表D.1及注a-c,SOURCE_RELATION_MISSING
SRC-RAW-FBD291B35556BBA92444,POWER,CO,calculated,产排污系数法/煤质物料衡算法,"[{""component"": ""燃料一"", ""fuel"": ""天然气"", ""raw_amount"": 88.913, ""unit"": ""万立方米"", ""generation_use"": null, ""heat_use"": 88.913, ""amount"": 88.913, ""sulfur"": ""0.510"", ""sulfur_unit"": ""毫克/立方米"", ""ash"": null, ""source_row"": 272}]","[{""component"": ""燃料一"", ""factor"": 1.3, ""unit"": ""g/m3"", ""reference"": ""T/CSES 144-2024 7.2; 表D.1及注a-c""}]","[{""component"": ""燃烧源治理"", ""efficiency"": 0, ""reference"": ""表A.1燃烧源控制措施VOCs为0；CO按表D.1""}]",1.155869,1.155869,T/CSES 144-2024 7.2; 表D.1及注a-c,
SRC-RAW-FBD291B35556BBA92444,POWER,VOC,calculated,产排污系数法/煤质物料衡算法,"[{""component"": ""燃料一"", ""fuel"": ""天然气"", ""raw_amount"": 88.913, ""unit"": ""万立方米"", ""generation_use"": null, ""heat_use"": 88.913, ""amount"": 88.913, ""sulfur"": ""0.510"", ""sulfur_unit"": ""毫克/立方米"", ""ash"": null, ""source_row"": 272}]","[{""component"": ""燃料一"", ""factor"": 0.02, ""unit"": ""g/m3"", ""reference"": ""T/CSES 144-2024 7.2; 表D.1及注a-c""}]","[{""component"": ""燃烧源治理"", ""efficiency"": 0, ""reference"": ""表A.1燃烧源控制措施VOCs为0；CO按表D.1""}]",0.0177826,0.0177826,T/CSES 144-2024 7.2; 表D.1及注a-c,
SRC-RAW-FBD291B35556BBA92444,POWER,PM10,information_insufficient,产排污系数法/煤质物料衡算法,"[{""component"": ""燃料一"", ""fuel"": ""天然气"", ""raw_amount"": 88.913, ""unit"": ""万立方米"", ""generation_use"": null, ""heat_use"": 88.913, ""amount"": 88.913, ""sulfur"": ""0.510"", ""sulfur_unit"": ""毫克/立方米"", ""ash"": null, ""source_row"": 272}]","[{""component"": ""燃料一"", ""factor"": 0.03, ""unit"": ""g/m3"", ""reference"": ""T/CSES 144-2024 7.2; 表D.1及注a-c""}]",[],0.026673899999999997,,T/CSES 144-2024 7.2; 表D.1及注a-c,SOURCE_RELATION_MISSING
SRC-RAW-FBD291B35556BBA92444,POWER,PM2.5,information_insufficient,产排污系数法/煤质物料衡算法,"[{""component"": ""燃料一"", ""fuel"": ""天然气"", ""raw_amount"": 88.913, ""unit"": ""万立方米"", ""generation_use"": null, ""heat_use"": 88.913, ""amount"": 88.913, ""sulfur"": ""0.510"", ""sulfur_unit"": ""毫克/立方米"", ""ash"": null, ""source_row"": 272}]","[{""component"": ""燃料一"", ""factor"": 0.03, ""unit"": ""g/m3"", ""reference"": ""T/CSES 144-2024 7.2; 表D.1及注a-c""}]",[],0.026673899999999997,,T/CSES 144-2024 7.2; 表D.1及注a-c,SOURCE_RELATION_MISSING
SRC-RAW-FBD291B35556BBA92444,POWER,BC,calculated,产排污系数法/煤质物料衡算法,"[{""component"": ""燃料一"", ""fuel"": ""天然气"", ""raw_amount"": 88.913, ""unit"": ""万立方米"", ""generation_use"": null, ""heat_use"": 88.913, ""amount"": 88.913, ""sulfur"": ""0.510"", ""sulfur_unit"": ""毫克/立方米"", ""ash"": null, ""source_row"": 272}]","[{""component"": ""燃料一"", ""factor"": 0, ""unit"": ""g/m3"", ""reference"": ""T/CSES 144-2024 7.2; 表D.1及注a-c""}]",[],0.0,0,T/CSES 144-2024 7.2; 表D.1及注a-c,
SRC-RAW-FBD291B35556BBA92444,POWER,OC,calculated,产排污系数法/煤质物料衡算法,"[{""component"": ""燃料一"", ""fuel"": ""天然气"", ""raw_amount"": 88.913, ""unit"": ""万立方米"", ""generation_use"": null, ""heat_use"": 88.913, ""amount"": 88.913, ""sulfur"": ""0.510"", ""sulfur_unit"": ""毫克/立方米"", ""ash"": null, ""source_row"": 272}]","[{""component"": ""燃料一"", ""factor"": 0, ""unit"": ""g/m3"", ""reference"": ""T/CSES 144-2024 7.2; 表D.1及注a-c""}]",[],0.0,0,T/CSES 144-2024 7.2; 表D.1及注a-c,
SRC-RAW-FBD291B35556BBA92444,POWER,NH3,not_involved,第7章核算范围,[],[],[],,,T/CSES 144-2024第7章、表D.1；未列NH3，未将缺省范围解释为零排放,OUTSIDE_CHAPTER7_POLLUTANT_SCOPE
SRC-RAW-C1C5B08B42D257A2E5AC,POWER,SO2,calculated,产排污系数法/煤质物料衡算法,"[{""component"": ""燃料一"", ""fuel"": ""天然气"", ""raw_amount"": 60.763, ""unit"": ""万立方米"", ""generation_use"": null, ""heat_use"": 60.763, ""amount"": 60.763, ""sulfur"": ""0.510"", ""sulfur_unit"": ""毫克/立方米"", ""ash"": null, ""source_row"": 273}]","[{""component"": ""燃料一"", ""factor"": 0, ""unit"": ""g/m3"", ""reference"": ""T/CSES 144-2024 7.2; 表D.1及注a-c""}]",[],0.0,0,T/CSES 144-2024 7.2; 表D.1及注a-c,
SRC-RAW-C1C5B08B42D257A2E5AC,POWER,NOx,information_insufficient,产排污系数法/煤质物料衡算法,"[{""component"": ""燃料一"", ""fuel"": ""天然气"", ""raw_amount"": 60.763, ""unit"": ""万立方米"", ""generation_use"": null, ""heat_use"": 60.763, ""amount"": 60.763, ""sulfur"": ""0.510"", ""sulfur_unit"": ""毫克/立方米"", ""ash"": null, ""source_row"": 273}]","[{""component"": ""燃料一"", ""factor"": 4.1, ""unit"": ""g/m3"", ""reference"": ""T/CSES 144-2024 7.2; 表D.1及注a-c""}]",[],2.4912829999999997,,T/CSES 144-2024 7.2; 表D.1及注a-c,SOURCE_RELATION_MISSING
SRC-RAW-C1C5B08B42D257A2E5AC,POWER,CO,calculated,产排污系数法/煤质物料衡算法,"[{""component"": ""燃料一"", ""fuel"": ""天然气"", ""raw_amount"": 60.763, ""unit"": ""万立方米"", ""generation_use"": null, ""heat_use"": 60.763, ""amount"": 60.763, ""sulfur"": ""0.510"", ""sulfur_unit"": ""毫克/立方米"", ""ash"": null, ""source_row"": 273}]","[{""component"": ""燃料一"", ""factor"": 1.3, ""unit"": ""g/m3"", ""reference"": ""T/CSES 144-2024 7.2; 表D.1及注a-c""}]","[{""component"": ""燃烧源治理"", ""efficiency"": 0, ""reference"": ""表A.1燃烧源控制措施VOCs为0；CO按表D.1""}]",0.789919,0.789919,T/CSES 144-2024 7.2; 表D.1及注a-c,
SRC-RAW-C1C5B08B42D257A2E5AC,POWER,VOC,calculated,产排污系数法/煤质物料衡算法,"[{""component"": ""燃料一"", ""fuel"": ""天然气"", ""raw_amount"": 60.763, ""unit"": ""万立方米"", ""generation_use"": null, ""heat_use"": 60.763, ""amount"": 60.763, ""sulfur"": ""0.510"", ""sulfur_unit"": ""毫克/立方米"", ""ash"": null, ""source_row"": 273}]","[{""component"": ""燃料一"", ""factor"": 0.02, ""unit"": ""g/m3"", ""reference"": ""T/CSES 144-2024 7.2; 表D.1及注a-c""}]","[{""component"": ""燃烧源治理"", ""efficiency"": 0, ""reference"": ""表A.1燃烧源控制措施VOCs为0；CO按表D.1""}]",0.0121526,0.0121526,T/CSES 144-2024 7.2; 表D.1及注a-c,
SRC-RAW-C1C5B08B42D257A2E5AC,POWER,PM10,information_insufficient,产排污系数法/煤质物料衡算法,"[{""component"": ""燃料一"", ""fuel"": ""天然气"", ""raw_amount"": 60.763, ""unit"": ""万立方米"", ""generation_use"": null, ""heat_use"": 60.763, ""amount"": 60.763, ""sulfur"": ""0.510"", ""sulfur_unit"": ""毫克/立方米"", ""ash"": null, ""source_row"": 273}]","[{""component"": ""燃料一"", ""factor"": 0.03, ""unit"": ""g/m3"", ""reference"": ""T/CSES 144-2024 7.2; 表D.1及注a-c""}]",[],0.0182289,,T/CSES 144-2024 7.2; 表D.1及注a-c,SOURCE_RELATION_MISSING
SRC-RAW-C1C5B08B42D257A2E5AC,POWER,PM2.5,information_insufficient,产排污系数法/煤质物料衡算法,"[{""component"": ""燃料一"", ""fuel"": ""天然气"", ""raw_amount"": 60.763, ""unit"": ""万立方米"", ""generation_use"": null, ""heat_use"": 60.763, ""amount"": 60.763, ""sulfur"": ""0.510"", ""sulfur_unit"": ""毫克/立方米"", ""ash"": null, ""source_row"": 273}]","[{""component"": ""燃料一"", ""factor"": 0.03, ""unit"": ""g/m3"", ""reference"": ""T/CSES 144-2024 7.2; 表D.1及注a-c""}]",[],0.0182289,,T/CSES 144-2024 7.2; 表D.1及注a-c,SOURCE_RELATION_MISSING
SRC-RAW-C1C5B08B42D257A2E5AC,POWER,BC,calculated,产排污系数法/煤质物料衡算法,"[{""component"": ""燃料一"", ""fuel"": ""天然气"", ""raw_amount"": 60.763, ""unit"": ""万立方米"", ""generation_use"": null, ""heat_use"": 60.763, ""amount"": 60.763, ""sulfur"": ""0.510"", ""sulfur_unit"": ""毫克/立方米"", ""ash"": null, ""source_row"": 273}]","[{""component"": ""燃料一"", ""factor"": 0, ""unit"": ""g/m3"", ""reference"": ""T/CSES 144-2024 7.2; 表D.1及注a-c""}]",[],0.0,0,T/CSES 144-2024 7.2; 表D.1及注a-c,
SRC-RAW-C1C5B08B42D257A2E5AC,POWER,OC,calculated,产排污系数法/煤质物料衡算法,"[{""component"": ""燃料一"", ""fuel"": ""天然气"", ""raw_amount"": 60.763, ""unit"": ""万立方米"", ""generation_use"": null, ""heat_use"": 60.763, ""amount"": 60.763, ""sulfur"": ""0.510"", ""sulfur_unit"": ""毫克/立方米"", ""ash"": null, ""source_row"": 273}]","[{""component"": ""燃料一"", ""factor"": 0, ""unit"": ""g/m3"", ""reference"": ""T/CSES 144-2024 7.2; 表D.1及注a-c""}]",[],0.0,0,T/CSES 144-2024 7.2; 表D.1及注a-c,
SRC-RAW-C1C5B08B42D257A2E5AC,POWER,NH3,not_involved,第7章核算范围,[],[],[],,,T/CSES 144-2024第7章、表D.1；未列NH3，未将缺省范围解释为零排放,OUTSIDE_CHAPTER7_POLLUTANT_SCOPE
SRC-RAW-625DD65413812610B813,POWER,SO2,information_insufficient,产排污系数法/煤质物料衡算法,"[{""component"": ""燃料一"", ""fuel"": ""原煤"", ""raw_amount"": 459706.0, ""unit"": ""吨"", ""generation_use"": 391577.0, ""heat_use"": 68129.0, ""amount"": 459706.0, ""sulfur"": ""0.480"", ""sulfur_unit"": ""%"", ""ash"": ""26.35"", ""source_row"": 275}]","[{""component"": ""燃料一"", ""factor"": 8.159999999999998, ""unit"": ""g/kg"", ""reference"": ""式(3)、表C.1；S按质量分数；sr=0.15；g/kg""}]",[],3751.200959999999,,式(3)、表C.1；S按质量分数；sr=0.15；g/kg,SOURCE_RELATION_MISSING
SRC-RAW-625DD65413812610B813,POWER,NOx,information_insufficient,产排污系数法/煤质物料衡算法,"[{""component"": ""燃料一"", ""fuel"": ""原煤"", ""raw_amount"": 459706.0, ""unit"": ""吨"", ""generation_use"": 391577.0, ""heat_use"": 68129.0, ""amount"": 459706.0, ""sulfur"": ""0.480"", ""sulfur_unit"": ""%"", ""ash"": ""26.35"", ""source_row"": 275}]","[{""component"": ""燃料一"", ""factor"": 8.19, ""unit"": ""g/kg"", ""reference"": ""T/CSES 144-2024 7.2; 表D.1及注a-c；万千瓦×10=MW""}]",[],3764.99214,,T/CSES 144-2024 7.2; 表D.1及注a-c；万千瓦×10=MW,SOURCE_RELATION_MISSING
SRC-RAW-625DD65413812610B813,POWER,CO,calculated,产排污系数法/煤质物料衡算法,"[{""component"": ""燃料一"", ""fuel"": ""原煤"", ""raw_amount"": 459706.0, ""unit"": ""吨"", ""generation_use"": 391577.0, ""heat_use"": 68129.0, ""amount"": 459706.0, ""sulfur"": ""0.480"", ""sulfur_unit"": ""%"", ""ash"": ""26.35"", ""source_row"": 275}]","[{""component"": ""燃料一"", ""factor"": 2, ""unit"": ""g/kg"", ""reference"": ""T/CSES 144-2024 7.2; 表D.1及注a-c""}]","[{""component"": ""燃烧源治理"", ""efficiency"": 0, ""reference"": ""表A.1燃烧源控制措施VOCs为0；CO按表D.1""}]",919.412,919.412,T/CSES 144-2024 7.2; 表D.1及注a-c,
SRC-RAW-625DD65413812610B813,POWER,VOC,calculated,产排污系数法/煤质物料衡算法,"[{""component"": ""燃料一"", ""fuel"": ""原煤"", ""raw_amount"": 459706.0, ""unit"": ""吨"", ""generation_use"": 391577.0, ""heat_use"": 68129.0, ""amount"": 459706.0, ""sulfur"": ""0.480"", ""sulfur_unit"": ""%"", ""ash"": ""26.35"", ""source_row"": 275}]","[{""component"": ""燃料一"", ""factor"": 0.04, ""unit"": ""g/kg"", ""reference"": ""T/CSES 144-2024 7.2; 表D.1及注a-c""}]","[{""component"": ""燃烧源治理"", ""efficiency"": 0, ""reference"": ""表A.1燃烧源控制措施VOCs为0；CO按表D.1""}]",18.388240000000003,18.388240000000003,T/CSES 144-2024 7.2; 表D.1及注a-c,
SRC-RAW-625DD65413812610B813,POWER,PM10,information_insufficient,产排污系数法/煤质物料衡算法,"[{""component"": ""燃料一"", ""fuel"": ""原煤"", ""raw_amount"": 459706.0, ""unit"": ""吨"", ""generation_use"": 391577.0, ""heat_use"": 68129.0, ""amount"": 459706.0, ""sulfur"": ""0.480"", ""sulfur_unit"": ""%"", ""ash"": ""26.35"", ""source_row"": 275}]","[{""component"": ""燃料一"", ""factor"": 42.7924, ""unit"": ""g/kg"", ""reference"": ""式(4)-(6)、表C.1-C.3；灰分质量分数；g/kg""}]",[],19671.923034400003,,式(4)-(6)、表C.1-C.3；灰分质量分数；g/kg,SOURCE_RELATION_MISSING
SRC-RAW-625DD65413812610B813,POWER,PM2.5,information_insufficient,产排污系数法/煤质物料衡算法,"[{""component"": ""燃料一"", ""fuel"": ""原煤"", ""raw_amount"": 459706.0, ""unit"": ""吨"", ""generation_use"": 391577.0, ""heat_use"": 68129.0, ""amount"": 459706.0, ""sulfur"": ""0.480"", ""sulfur_unit"": ""%"", ""ash"": ""26.35"", ""source_row"": 275}]","[{""component"": ""燃料一"", ""factor"": 10.329200000000002, ""unit"": ""g/kg"", ""reference"": ""式(4)-(6)、表C.1-C.3；灰分质量分数；g/kg""}]",[],4748.3952152,,式(4)-(6)、表C.1-C.3；灰分质量分数；g/kg,SOURCE_RELATION_MISSING
SRC-RAW-625DD65413812610B813,POWER,BC,information_insufficient,产排污系数法/煤质物料衡算法,"[{""component"": ""燃料一"", ""fuel"": ""原煤"", ""raw_amount"": 459706.0, ""unit"": ""吨"", ""generation_use"": 391577.0, ""heat_use"": 68129.0, ""amount"": 459706.0, ""sulfur"": ""0.480"", ""sulfur_unit"": ""%"", ""ash"": ""26.35"", ""source_row"": 275}]","[{""component"": ""燃料一"", ""factor"": 0.020658400000000004, ""unit"": ""g/kg"", ""reference"": ""式(4)-(6)、表C.1-C.3；灰分质量分数；g/kg""}]",[],9.496790430400003,,式(4)-(6)、表C.1-C.3；灰分质量分数；g/kg,SOURCE_RELATION_MISSING
SRC-RAW-625DD65413812610B813,POWER,OC,calculated,产排污系数法/煤质物料衡算法,"[{""component"": ""燃料一"", ""fuel"": ""原煤"", ""raw_amount"": 459706.0, ""unit"": ""吨"", ""generation_use"": 391577.0, ""heat_use"": 68129.0, ""amount"": 459706.0, ""sulfur"": ""0.480"", ""sulfur_unit"": ""%"", ""ash"": ""26.35"", ""source_row"": 275}]","[{""component"": ""燃料一"", ""factor"": 0, ""unit"": ""g/kg"", ""reference"": ""式(6)、表C.3；电力生产/热力生产和供应OC占比=0""}]",[],0.0,0,式(6)、表C.3；电力生产/热力生产和供应OC占比=0,
SRC-RAW-625DD65413812610B813,POWER,NH3,not_involved,第7章核算范围,[],[],[],,,T/CSES 144-2024第7章、表D.1；未列NH3，未将缺省范围解释为零排放,OUTSIDE_CHAPTER7_POLLUTANT_SCOPE
SRC-RAW-B930DCDEBEC973B533F5,POWER,SO2,information_insufficient,产排污系数法/煤质物料衡算法,"[{""component"": ""燃料一"", ""fuel"": ""原煤"", ""raw_amount"": 21424.0, ""unit"": ""吨"", ""generation_use"": 19401.0, ""heat_use"": 2023.0, ""amount"": 21424.0, ""sulfur"": null, ""sulfur_unit"": ""%"", ""ash"": ""26.35"", ""source_row"": 276}]","[{""component"": ""燃料一"", ""factor"": null, ""unit"": ""g/kg"", ""reference"": ""式(3)、表C.1；收到基硫分缺失""}]",[],,,式(3)、表C.1；收到基硫分缺失,POLLUTANT_PARAMETER_MISSING
SRC-RAW-B930DCDEBEC973B533F5,POWER,NOx,information_insufficient,产排污系数法/煤质物料衡算法,"[{""component"": ""燃料一"", ""fuel"": ""原煤"", ""raw_amount"": 21424.0, ""unit"": ""吨"", ""generation_use"": 19401.0, ""heat_use"": 2023.0, ""amount"": 21424.0, ""sulfur"": null, ""sulfur_unit"": ""%"", ""ash"": ""26.35"", ""source_row"": 276}]","[{""component"": ""燃料一"", ""factor"": 8.19, ""unit"": ""g/kg"", ""reference"": ""T/CSES 144-2024 7.2; 表D.1及注a-c；万千瓦×10=MW""}]",[],175.46256,,T/CSES 144-2024 7.2; 表D.1及注a-c；万千瓦×10=MW,SOURCE_RELATION_MISSING
SRC-RAW-B930DCDEBEC973B533F5,POWER,CO,calculated,产排污系数法/煤质物料衡算法,"[{""component"": ""燃料一"", ""fuel"": ""原煤"", ""raw_amount"": 21424.0, ""unit"": ""吨"", ""generation_use"": 19401.0, ""heat_use"": 2023.0, ""amount"": 21424.0, ""sulfur"": null, ""sulfur_unit"": ""%"", ""ash"": ""26.35"", ""source_row"": 276}]","[{""component"": ""燃料一"", ""factor"": 2, ""unit"": ""g/kg"", ""reference"": ""T/CSES 144-2024 7.2; 表D.1及注a-c""}]","[{""component"": ""燃烧源治理"", ""efficiency"": 0, ""reference"": ""表A.1燃烧源控制措施VOCs为0；CO按表D.1""}]",42.848,42.848,T/CSES 144-2024 7.2; 表D.1及注a-c,
SRC-RAW-B930DCDEBEC973B533F5,POWER,VOC,calculated,产排污系数法/煤质物料衡算法,"[{""component"": ""燃料一"", ""fuel"": ""原煤"", ""raw_amount"": 21424.0, ""unit"": ""吨"", ""generation_use"": 19401.0, ""heat_use"": 2023.0, ""amount"": 21424.0, ""sulfur"": null, ""sulfur_unit"": ""%"", ""ash"": ""26.35"", ""source_row"": 276}]","[{""component"": ""燃料一"", ""factor"": 0.04, ""unit"": ""g/kg"", ""reference"": ""T/CSES 144-2024 7.2; 表D.1及注a-c""}]","[{""component"": ""燃烧源治理"", ""efficiency"": 0, ""reference"": ""表A.1燃烧源控制措施VOCs为0；CO按表D.1""}]",0.85696,0.85696,T/CSES 144-2024 7.2; 表D.1及注a-c,
SRC-RAW-B930DCDEBEC973B533F5,POWER,PM10,information_insufficient,产排污系数法/煤质物料衡算法,"[{""component"": ""燃料一"", ""fuel"": ""原煤"", ""raw_amount"": 21424.0, ""unit"": ""吨"", ""generation_use"": 19401.0, ""heat_use"": 2023.0, ""amount"": 21424.0, ""sulfur"": null, ""sulfur_unit"": ""%"", ""ash"": ""26.35"", ""source_row"": 276}]","[{""component"": ""燃料一"", ""factor"": 42.7924, ""unit"": ""g/kg"", ""reference"": ""式(4)-(6)、表C.1-C.3；灰分质量分数；g/kg""}]",[],916.7843776,,式(4)-(6)、表C.1-C.3；灰分质量分数；g/kg,SOURCE_RELATION_MISSING
SRC-RAW-B930DCDEBEC973B533F5,POWER,PM2.5,information_insufficient,产排污系数法/煤质物料衡算法,"[{""component"": ""燃料一"", ""fuel"": ""原煤"", ""raw_amount"": 21424.0, ""unit"": ""吨"", ""generation_use"": 19401.0, ""heat_use"": 2023.0, ""amount"": 21424.0, ""sulfur"": null, ""sulfur_unit"": ""%"", ""ash"": ""26.35"", ""source_row"": 276}]","[{""component"": ""燃料一"", ""factor"": 10.329200000000002, ""unit"": ""g/kg"", ""reference"": ""式(4)-(6)、表C.1-C.3；灰分质量分数；g/kg""}]",[],221.29278080000003,,式(4)-(6)、表C.1-C.3；灰分质量分数；g/kg,SOURCE_RELATION_MISSING
SRC-RAW-B930DCDEBEC973B533F5,POWER,BC,information_insufficient,产排污系数法/煤质物料衡算法,"[{""component"": ""燃料一"", ""fuel"": ""原煤"", ""raw_amount"": 21424.0, ""unit"": ""吨"", ""generation_use"": 19401.0, ""heat_use"": 2023.0, ""amount"": 21424.0, ""sulfur"": null, ""sulfur_unit"": ""%"", ""ash"": ""26.35"", ""source_row"": 276}]","[{""component"": ""燃料一"", ""factor"": 0.020658400000000004, ""unit"": ""g/kg"", ""reference"": ""式(4)-(6)、表C.1-C.3；灰分质量分数；g/kg""}]",[],0.44258556160000007,,式(4)-(6)、表C.1-C.3；灰分质量分数；g/kg,SOURCE_RELATION_MISSING
SRC-RAW-B930DCDEBEC973B533F5,POWER,OC,calculated,产排污系数法/煤质物料衡算法,"[{""component"": ""燃料一"", ""fuel"": ""原煤"", ""raw_amount"": 21424.0, ""unit"": ""吨"", ""generation_use"": 19401.0, ""heat_use"": 2023.0, ""amount"": 21424.0, ""sulfur"": null, ""sulfur_unit"": ""%"", ""ash"": ""26.35"", ""source_row"": 276}]","[{""component"": ""燃料一"", ""factor"": 0, ""unit"": ""g/kg"", ""reference"": ""式(6)、表C.3；电力生产/热力生产和供应OC占比=0""}]",[],0.0,0,式(6)、表C.3；电力生产/热力生产和供应OC占比=0,
SRC-RAW-B930DCDEBEC973B533F5,POWER,NH3,not_involved,第7章核算范围,[],[],[],,,T/CSES 144-2024第7章、表D.1；未列NH3，未将缺省范围解释为零排放,OUTSIDE_CHAPTER7_POLLUTANT_SCOPE
SRC-RAW-93EDE4EC759B923B8B11,POWER,SO2,source_data_invalid,产排污系数法/煤质物料衡算法,"[{""component"": ""燃料一"", ""fuel"": ""原煤"", ""raw_amount"": -125408.0, ""unit"": ""吨"", ""generation_use"": 82521.0, ""heat_use"": 42887.0, ""amount"": -125408.0, ""sulfur"": ""0.480"", ""sulfur_unit"": ""%"", ""ash"": ""26.35"", ""source_row"": 277}]","[{""component"": ""燃料一"", ""factor"": 8.159999999999998, ""unit"": ""g/kg"", ""reference"": ""式(3)、表C.1；S按质量分数；sr=0.15；g/kg""}]",[],,,式(3)、表C.1；S按质量分数；sr=0.15；g/kg,HARD_CONSTRAINT_CONFLICT
SRC-RAW-93EDE4EC759B923B8B11,POWER,NOx,source_data_invalid,产排污系数法/煤质物料衡算法,"[{""component"": ""燃料一"", ""fuel"": ""原煤"", ""raw_amount"": -125408.0, ""unit"": ""吨"", ""generation_use"": 82521.0, ""heat_use"": 42887.0, ""amount"": -125408.0, ""sulfur"": ""0.480"", ""sulfur_unit"": ""%"", ""ash"": ""26.35"", ""source_row"": 277}]","[{""component"": ""燃料一"", ""factor"": 8.96, ""unit"": ""g/kg"", ""reference"": ""T/CSES 144-2024 7.2; 表D.1及注a-c；万千瓦×10=MW""}]",[],,,T/CSES 144-2024 7.2; 表D.1及注a-c；万千瓦×10=MW,HARD_CONSTRAINT_CONFLICT
SRC-RAW-93EDE4EC759B923B8B11,POWER,CO,source_data_invalid,产排污系数法/煤质物料衡算法,"[{""component"": ""燃料一"", ""fuel"": ""原煤"", ""raw_amount"": -125408.0, ""unit"": ""吨"", ""generation_use"": 82521.0, ""heat_use"": 42887.0, ""amount"": -125408.0, ""sulfur"": ""0.480"", ""sulfur_unit"": ""%"", ""ash"": ""26.35"", ""source_row"": 277}]","[{""component"": ""燃料一"", ""factor"": 2, ""unit"": ""g/kg"", ""reference"": ""T/CSES 144-2024 7.2; 表D.1及注a-c""}]",[],,,T/CSES 144-2024 7.2; 表D.1及注a-c,HARD_CONSTRAINT_CONFLICT
SRC-RAW-93EDE4EC759B923B8B11,POWER,VOC,source_data_invalid,产排污系数法/煤质物料衡算法,"[{""component"": ""燃料一"", ""fuel"": ""原煤"", ""raw_amount"": -125408.0, ""unit"": ""吨"", ""generation_use"": 82521.0, ""heat_use"": 42887.0, ""amount"": -125408.0, ""sulfur"": ""0.480"", ""sulfur_unit"": ""%"", ""ash"": ""26.35"", ""source_row"": 277}]","[{""component"": ""燃料一"", ""factor"": 0.04, ""unit"": ""g/kg"", ""reference"": ""T/CSES 144-2024 7.2; 表D.1及注a-c""}]",[],,,T/CSES 144-2024 7.2; 表D.1及注a-c,HARD_CONSTRAINT_CONFLICT
SRC-RAW-93EDE4EC759B923B8B11,POWER,PM10,source_data_invalid,产排污系数法/煤质物料衡算法,"[{""component"": ""燃料一"", ""fuel"": ""原煤"", ""raw_amount"": -125408.0, ""unit"": ""吨"", ""generation_use"": 82521.0, ""heat_use"": 42887.0, ""amount"": -125408.0, ""sulfur"": ""0.480"", ""sulfur_unit"": ""%"", ""ash"": ""26.35"", ""source_row"": 277}]","[{""component"": ""燃料一"", ""factor"": 42.7924, ""unit"": ""g/kg"", ""reference"": ""式(4)-(6)、表C.1-C.3；灰分质量分数；g/kg""}]",[],,,式(4)-(6)、表C.1-C.3；灰分质量分数；g/kg,HARD_CONSTRAINT_CONFLICT
SRC-RAW-93EDE4EC759B923B8B11,POWER,PM2.5,source_data_invalid,产排污系数法/煤质物料衡算法,"[{""component"": ""燃料一"", ""fuel"": ""原煤"", ""raw_amount"": -125408.0, ""unit"": ""吨"", ""generation_use"": 82521.0, ""heat_use"": 42887.0, ""amount"": -125408.0, ""sulfur"": ""0.480"", ""sulfur_unit"": ""%"", ""ash"": ""26.35"", ""source_row"": 277}]","[{""component"": ""燃料一"", ""factor"": 10.329200000000002, ""unit"": ""g/kg"", ""reference"": ""式(4)-(6)、表C.1-C.3；灰分质量分数；g/kg""}]",[],,,式(4)-(6)、表C.1-C.3；灰分质量分数；g/kg,HARD_CONSTRAINT_CONFLICT
SRC-RAW-93EDE4EC759B923B8B11,POWER,BC,source_data_invalid,产排污系数法/煤质物料衡算法,"[{""component"": ""燃料一"", ""fuel"": ""原煤"", ""raw_amount"": -125408.0, ""unit"": ""吨"", ""generation_use"": 82521.0, ""heat_use"": 42887.0, ""amount"": -125408.0, ""sulfur"": ""0.480"", ""sulfur_unit"": ""%"", ""ash"": ""26.35"", ""source_row"": 277}]","[{""component"": ""燃料一"", ""factor"": 0.020658400000000004, ""unit"": ""g/kg"", ""reference"": ""式(4)-(6)、表C.1-C.3；灰分质量分数；g/kg""}]",[],,,式(4)-(6)、表C.1-C.3；灰分质量分数；g/kg,HARD_CONSTRAINT_CONFLICT
SRC-RAW-93EDE4EC759B923B8B11,POWER,OC,source_data_invalid,产排污系数法/煤质物料衡算法,"[{""component"": ""燃料一"", ""fuel"": ""原煤"", ""raw_amount"": -125408.0, ""unit"": ""吨"", ""generation_use"": 82521.0, ""heat_use"": 42887.0, ""amount"": -125408.0, ""sulfur"": ""0.480"", ""sulfur_unit"": ""%"", ""ash"": ""26.35"", ""source_row"": 277}]","[{""component"": ""燃料一"", ""factor"": 0, ""unit"": ""g/kg"", ""reference"": ""式(6)、表C.3；电力生产/热力生产和供应OC占比=0""}]",[],,,式(6)、表C.3；电力生产/热力生产和供应OC占比=0,HARD_CONSTRAINT_CONFLICT
SRC-RAW-93EDE4EC759B923B8B11,POWER,NH3,not_involved,第7章核算范围,[],[],[],,,T/CSES 144-2024第7章、表D.1；未列NH3，未将缺省范围解释为零排放,OUTSIDE_CHAPTER7_POLLUTANT_SCOPE
SRC-RAW-A0F2F7DA56B515FFF089,POWER,SO2,source_data_invalid,产排污系数法/煤质物料衡算法,"[{""component"": ""燃料一"", ""fuel"": ""天然气"", ""raw_amount"": -9743.37, ""unit"": ""万立方米"", ""generation_use"": 9270.69, ""heat_use"": 472.68, ""amount"": -9743.37, ""sulfur"": null, ""sulfur_unit"": ""毫克/立方米"", ""ash"": null, ""source_row"": 278}]","[{""component"": ""燃料一"", ""factor"": null, ""unit"": ""g/m3"", ""reference"": ""T/CSES 144-2024 7.2; 表D.1及注a-c；未提供该设备技术的对应系数""}]",[],,,T/CSES 144-2024 7.2; 表D.1及注a-c；未提供该设备技术的对应系数,HARD_CONSTRAINT_CONFLICT; FACTOR_NOT_APPLICABLE
SRC-RAW-A0F2F7DA56B515FFF089,POWER,NOx,source_data_invalid,产排污系数法/煤质物料衡算法,"[{""component"": ""燃料一"", ""fuel"": ""天然气"", ""raw_amount"": -9743.37, ""unit"": ""万立方米"", ""generation_use"": 9270.69, ""heat_use"": 472.68, ""amount"": -9743.37, ""sulfur"": null, ""sulfur_unit"": ""毫克/立方米"", ""ash"": null, ""source_row"": 278}]","[{""component"": ""燃料一"", ""factor"": null, ""unit"": ""g/m3"", ""reference"": ""T/CSES 144-2024 7.2; 表D.1及注a-c；未提供该设备技术的对应系数""}]",[],,,T/CSES 144-2024 7.2; 表D.1及注a-c；未提供该设备技术的对应系数,HARD_CONSTRAINT_CONFLICT; FACTOR_NOT_APPLICABLE
SRC-RAW-A0F2F7DA56B515FFF089,POWER,CO,source_data_invalid,产排污系数法/煤质物料衡算法,"[{""component"": ""燃料一"", ""fuel"": ""天然气"", ""raw_amount"": -9743.37, ""unit"": ""万立方米"", ""generation_use"": 9270.69, ""heat_use"": 472.68, ""amount"": -9743.37, ""sulfur"": null, ""sulfur_unit"": ""毫克/立方米"", ""ash"": null, ""source_row"": 278}]","[{""component"": ""燃料一"", ""factor"": null, ""unit"": ""g/m3"", ""reference"": ""T/CSES 144-2024 7.2; 表D.1及注a-c；未提供该设备技术的对应系数""}]",[],,,T/CSES 144-2024 7.2; 表D.1及注a-c；未提供该设备技术的对应系数,HARD_CONSTRAINT_CONFLICT; FACTOR_NOT_APPLICABLE
SRC-RAW-A0F2F7DA56B515FFF089,POWER,VOC,source_data_invalid,产排污系数法/煤质物料衡算法,"[{""component"": ""燃料一"", ""fuel"": ""天然气"", ""raw_amount"": -9743.37, ""unit"": ""万立方米"", ""generation_use"": 9270.69, ""heat_use"": 472.68, ""amount"": -9743.37, ""sulfur"": null, ""sulfur_unit"": ""毫克/立方米"", ""ash"": null, ""source_row"": 278}]","[{""component"": ""燃料一"", ""factor"": null, ""unit"": ""g/m3"", ""reference"": ""T/CSES 144-2024 7.2; 表D.1及注a-c；未提供该设备技术的对应系数""}]",[],,,T/CSES 144-2024 7.2; 表D.1及注a-c；未提供该设备技术的对应系数,HARD_CONSTRAINT_CONFLICT; FACTOR_NOT_APPLICABLE
SRC-RAW-A0F2F7DA56B515FFF089,POWER,PM10,source_data_invalid,产排污系数法/煤质物料衡算法,"[{""component"": ""燃料一"", ""fuel"": ""天然气"", ""raw_amount"": -9743.37, ""unit"": ""万立方米"", ""generation_use"": 9270.69, ""heat_use"": 472.68, ""amount"": -9743.37, ""sulfur"": null, ""sulfur_unit"": ""毫克/立方米"", ""ash"": null, ""source_row"": 278}]","[{""component"": ""燃料一"", ""factor"": null, ""unit"": ""g/m3"", ""reference"": ""T/CSES 144-2024 7.2; 表D.1及注a-c；未提供该设备技术的对应系数""}]",[],,,T/CSES 144-2024 7.2; 表D.1及注a-c；未提供该设备技术的对应系数,HARD_CONSTRAINT_CONFLICT; FACTOR_NOT_APPLICABLE
SRC-RAW-A0F2F7DA56B515FFF089,POWER,PM2.5,source_data_invalid,产排污系数法/煤质物料衡算法,"[{""component"": ""燃料一"", ""fuel"": ""天然气"", ""raw_amount"": -9743.37, ""unit"": ""万立方米"", ""generation_use"": 9270.69, ""heat_use"": 472.68, ""amount"": -9743.37, ""sulfur"": null, ""sulfur_unit"": ""毫克/立方米"", ""ash"": null, ""source_row"": 278}]","[{""component"": ""燃料一"", ""factor"": null, ""unit"": ""g/m3"", ""reference"": ""T/CSES 144-2024 7.2; 表D.1及注a-c；未提供该设备技术的对应系数""}]",[],,,T/CSES 144-2024 7.2; 表D.1及注a-c；未提供该设备技术的对应系数,HARD_CONSTRAINT_CONFLICT; FACTOR_NOT_APPLICABLE
SRC-RAW-A0F2F7DA56B515FFF089,POWER,BC,source_data_invalid,产排污系数法/煤质物料衡算法,"[{""component"": ""燃料一"", ""fuel"": ""天然气"", ""raw_amount"": -9743.37, ""unit"": ""万立方米"", ""generation_use"": 9270.69, ""heat_use"": 472.68, ""amount"": -9743.37, ""sulfur"": null, ""sulfur_unit"": ""毫克/立方米"", ""ash"": null, ""source_row"": 278}]","[{""component"": ""燃料一"", ""factor"": null, ""unit"": ""g/m3"", ""reference"": ""T/CSES 144-2024 7.2; 表D.1及注a-c；未提供该设备技术的对应系数""}]",[],,,T/CSES 144-2024 7.2; 表D.1及注a-c；未提供该设备技术的对应系数,HARD_CONSTRAINT_CONFLICT; FACTOR_NOT_APPLICABLE
SRC-RAW-A0F2F7DA56B515FFF089,POWER,OC,source_data_invalid,产排污系数法/煤质物料衡算法,"[{""component"": ""燃料一"", ""fuel"": ""天然气"", ""raw_amount"": -9743.37, ""unit"": ""万立方米"", ""generation_use"": 9270.69, ""heat_use"": 472.68, ""amount"": -9743.37, ""sulfur"": null, ""sulfur_unit"": ""毫克/立方米"", ""ash"": null, ""source_row"": 278}]","[{""component"": ""燃料一"", ""factor"": null, ""unit"": ""g/m3"", ""reference"": ""T/CSES 144-2024 7.2; 表D.1及注a-c；未提供该设备技术的对应系数""}]",[],,,T/CSES 144-2024 7.2; 表D.1及注a-c；未提供该设备技术的对应系数,HARD_CONSTRAINT_CONFLICT; FACTOR_NOT_APPLICABLE
SRC-RAW-A0F2F7DA56B515FFF089,POWER,NH3,not_involved,第7章核算范围,[],[],[],,,T/CSES 144-2024第7章、表D.1；未列NH3，未将缺省范围解释为零排放,OUTSIDE_CHAPTER7_POLLUTANT_SCOPE
SRC-RAW-46E9F3F37A52CE5698EF,POWER,SO2,information_insufficient,产排污系数法/煤质物料衡算法,"[{""component"": ""燃料一"", ""fuel"": ""一般烟煤"", ""raw_amount"": null, ""unit"": ""吨"", ""generation_use"": 543306.93, ""heat_use"": 135285.88, ""amount"": 678592.81, ""sulfur"": ""0.837"", ""sulfur_unit"": ""%"", ""ash"": ""22.25"", ""source_row"": 281, ""derivation"": ""同单位发电消耗量+供热消耗量，指南7.2.1.2活动水平定义""}]","[{""component"": ""燃料一"", ""factor"": 14.229, ""unit"": ""g/kg"", ""reference"": ""式(3)、表C.1；S按质量分数；sr=0.15；g/kg""}]",[],9655.697093490002,,式(3)、表C.1；S按质量分数；sr=0.15；g/kg,SOURCE_RELATION_MISSING
SRC-RAW-46E9F3F37A52CE5698EF,POWER,NOx,information_insufficient,产排污系数法/煤质物料衡算法,"[{""component"": ""燃料一"", ""fuel"": ""一般烟煤"", ""raw_amount"": null, ""unit"": ""吨"", ""generation_use"": 543306.93, ""heat_use"": 135285.88, ""amount"": 678592.81, ""sulfur"": ""0.837"", ""sulfur_unit"": ""%"", ""ash"": ""22.25"", ""source_row"": 281, ""derivation"": ""同单位发电消耗量+供热消耗量，指南7.2.1.2活动水平定义""}]","[{""component"": ""燃料一"", ""factor"": 7.21, ""unit"": ""g/kg"", ""reference"": ""T/CSES 144-2024 7.2; 表D.1及注a-c；万千瓦×10=MW""}]",[],4892.6541601,,T/CSES 144-2024 7.2; 表D.1及注a-c；万千瓦×10=MW,SOURCE_RELATION_MISSING
SRC-RAW-46E9F3F37A52CE5698EF,POWER,CO,calculated,产排污系数法/煤质物料衡算法,"[{""component"": ""燃料一"", ""fuel"": ""一般烟煤"", ""raw_amount"": null, ""unit"": ""吨"", ""generation_use"": 543306.93, ""heat_use"": 135285.88, ""amount"": 678592.81, ""sulfur"": ""0.837"", ""sulfur_unit"": ""%"", ""ash"": ""22.25"", ""source_row"": 281, ""derivation"": ""同单位发电消耗量+供热消耗量，指南7.2.1.2活动水平定义""}]","[{""component"": ""燃料一"", ""factor"": 2, ""unit"": ""g/kg"", ""reference"": ""T/CSES 144-2024 7.2; 表D.1及注a-c""}]","[{""component"": ""燃烧源治理"", ""efficiency"": 0, ""reference"": ""表A.1燃烧源控制措施VOCs为0；CO按表D.1""}]",1357.1856200000002,1357.1856200000002,T/CSES 144-2024 7.2; 表D.1及注a-c,
SRC-RAW-46E9F3F37A52CE5698EF,POWER,VOC,calculated,产排污系数法/煤质物料衡算法,"[{""component"": ""燃料一"", ""fuel"": ""一般烟煤"", ""raw_amount"": null, ""unit"": ""吨"", ""generation_use"": 543306.93, ""heat_use"": 135285.88, ""amount"": 678592.81, ""sulfur"": ""0.837"", ""sulfur_unit"": ""%"", ""ash"": ""22.25"", ""source_row"": 281, ""derivation"": ""同单位发电消耗量+供热消耗量，指南7.2.1.2活动水平定义""}]","[{""component"": ""燃料一"", ""factor"": 0.04, ""unit"": ""g/kg"", ""reference"": ""T/CSES 144-2024 7.2; 表D.1及注a-c""}]","[{""component"": ""燃烧源治理"", ""efficiency"": 0, ""reference"": ""表A.1燃烧源控制措施VOCs为0；CO按表D.1""}]",27.143712400000005,27.143712400000005,T/CSES 144-2024 7.2; 表D.1及注a-c,
SRC-RAW-46E9F3F37A52CE5698EF,POWER,PM10,information_insufficient,产排污系数法/煤质物料衡算法,"[{""component"": ""燃料一"", ""fuel"": ""一般烟煤"", ""raw_amount"": null, ""unit"": ""吨"", ""generation_use"": 543306.93, ""heat_use"": 135285.88, ""amount"": 678592.81, ""sulfur"": ""0.837"", ""sulfur_unit"": ""%"", ""ash"": ""22.25"", ""source_row"": 281, ""derivation"": ""同单位发电消耗量+供热消耗量，指南7.2.1.2活动水平定义""}]","[{""component"": ""燃料一"", ""factor"": 38.38125, ""unit"": ""g/kg"", ""reference"": ""式(4)-(6)、表C.1-C.3；灰分质量分数；g/kg""}]",[],26045.240288812503,,式(4)-(6)、表C.1-C.3；灰分质量分数；g/kg,SOURCE_RELATION_MISSING
SRC-RAW-46E9F3F37A52CE5698EF,POWER,PM2.5,information_insufficient,产排污系数法/煤质物料衡算法,"[{""component"": ""燃料一"", ""fuel"": ""一般烟煤"", ""raw_amount"": null, ""unit"": ""吨"", ""generation_use"": 543306.93, ""heat_use"": 135285.88, ""amount"": 678592.81, ""sulfur"": ""0.837"", ""sulfur_unit"": ""%"", ""ash"": ""22.25"", ""source_row"": 281, ""derivation"": ""同单位发电消耗量+供热消耗量，指南7.2.1.2活动水平定义""}]","[{""component"": ""燃料一"", ""factor"": 10.0125, ""unit"": ""g/kg"", ""reference"": ""式(4)-(6)、表C.1-C.3；灰分质量分数；g/kg""}]",[],6794.410510125,,式(4)-(6)、表C.1-C.3；灰分质量分数；g/kg,SOURCE_RELATION_MISSING
SRC-RAW-46E9F3F37A52CE5698EF,POWER,BC,information_insufficient,产排污系数法/煤质物料衡算法,"[{""component"": ""燃料一"", ""fuel"": ""一般烟煤"", ""raw_amount"": null, ""unit"": ""吨"", ""generation_use"": 543306.93, ""heat_use"": 135285.88, ""amount"": 678592.81, ""sulfur"": ""0.837"", ""sulfur_unit"": ""%"", ""ash"": ""22.25"", ""source_row"": 281, ""derivation"": ""同单位发电消耗量+供热消耗量，指南7.2.1.2活动水平定义""}]","[{""component"": ""燃料一"", ""factor"": 0.020024999999999998, ""unit"": ""g/kg"", ""reference"": ""式(4)-(6)、表C.1-C.3；灰分质量分数；g/kg""}]",[],13.58882102025,,式(4)-(6)、表C.1-C.3；灰分质量分数；g/kg,SOURCE_RELATION_MISSING
SRC-RAW-46E9F3F37A52CE5698EF,POWER,OC,calculated,产排污系数法/煤质物料衡算法,"[{""component"": ""燃料一"", ""fuel"": ""一般烟煤"", ""raw_amount"": null, ""unit"": ""吨"", ""generation_use"": 543306.93, ""heat_use"": 135285.88, ""amount"": 678592.81, ""sulfur"": ""0.837"", ""sulfur_unit"": ""%"", ""ash"": ""22.25"", ""source_row"": 281, ""derivation"": ""同单位发电消耗量+供热消耗量，指南7.2.1.2活动水平定义""}]","[{""component"": ""燃料一"", ""factor"": 0, ""unit"": ""g/kg"", ""reference"": ""式(6)、表C.3；电力生产/热力生产和供应OC占比=0""}]",[],0.0,0,式(6)、表C.3；电力生产/热力生产和供应OC占比=0,
SRC-RAW-46E9F3F37A52CE5698EF,POWER,NH3,not_involved,第7章核算范围,[],[],[],,,T/CSES 144-2024第7章、表D.1；未列NH3，未将缺省范围解释为零排放,OUTSIDE_CHAPTER7_POLLUTANT_SCOPE
SRC-RAW-7C468FB3D6E8F251F320,POWER,SO2,information_insufficient,产排污系数法/煤质物料衡算法,"[{""component"": ""燃料一"", ""fuel"": ""一般烟煤"", ""raw_amount"": 773566.25, ""unit"": ""吨"", ""generation_use"": 612316.47, ""heat_use"": 161249.78, ""amount"": 773566.25, ""sulfur"": ""0.837"", ""sulfur_unit"": ""%"", ""ash"": ""22.25"", ""source_row"": 282}]","[{""component"": ""燃料一"", ""factor"": 14.229, ""unit"": ""g/kg"", ""reference"": ""式(3)、表C.1；S按质量分数；sr=0.15；g/kg""}]",[],11007.074171249998,,式(3)、表C.1；S按质量分数；sr=0.15；g/kg,SOURCE_RELATION_MISSING
SRC-RAW-7C468FB3D6E8F251F320,POWER,NOx,information_insufficient,产排污系数法/煤质物料衡算法,"[{""component"": ""燃料一"", ""fuel"": ""一般烟煤"", ""raw_amount"": 773566.25, ""unit"": ""吨"", ""generation_use"": 612316.47, ""heat_use"": 161249.78, ""amount"": 773566.25, ""sulfur"": ""0.837"", ""sulfur_unit"": ""%"", ""ash"": ""22.25"", ""source_row"": 282}]","[{""component"": ""燃料一"", ""factor"": 7.21, ""unit"": ""g/kg"", ""reference"": ""T/CSES 144-2024 7.2; 表D.1及注a-c；万千瓦×10=MW""}]",[],5577.4126625,,T/CSES 144-2024 7.2; 表D.1及注a-c；万千瓦×10=MW,SOURCE_RELATION_MISSING
SRC-RAW-7C468FB3D6E8F251F320,POWER,CO,calculated,产排污系数法/煤质物料衡算法,"[{""component"": ""燃料一"", ""fuel"": ""一般烟煤"", ""raw_amount"": 773566.25, ""unit"": ""吨"", ""generation_use"": 612316.47, ""heat_use"": 161249.78, ""amount"": 773566.25, ""sulfur"": ""0.837"", ""sulfur_unit"": ""%"", ""ash"": ""22.25"", ""source_row"": 282}]","[{""component"": ""燃料一"", ""factor"": 2, ""unit"": ""g/kg"", ""reference"": ""T/CSES 144-2024 7.2; 表D.1及注a-c""}]","[{""component"": ""燃烧源治理"", ""efficiency"": 0, ""reference"": ""表A.1燃烧源控制措施VOCs为0；CO按表D.1""}]",1547.1325,1547.1325,T/CSES 144-2024 7.2; 表D.1及注a-c,
SRC-RAW-7C468FB3D6E8F251F320,POWER,VOC,calculated,产排污系数法/煤质物料衡算法,"[{""component"": ""燃料一"", ""fuel"": ""一般烟煤"", ""raw_amount"": 773566.25, ""unit"": ""吨"", ""generation_use"": 612316.47, ""heat_use"": 161249.78, ""amount"": 773566.25, ""sulfur"": ""0.837"", ""sulfur_unit"": ""%"", ""ash"": ""22.25"", ""source_row"": 282}]","[{""component"": ""燃料一"", ""factor"": 0.04, ""unit"": ""g/kg"", ""reference"": ""T/CSES 144-2024 7.2; 表D.1及注a-c""}]","[{""component"": ""燃烧源治理"", ""efficiency"": 0, ""reference"": ""表A.1燃烧源控制措施VOCs为0；CO按表D.1""}]",30.94265,30.94265,T/CSES 144-2024 7.2; 表D.1及注a-c,
SRC-RAW-7C468FB3D6E8F251F320,POWER,PM10,information_insufficient,产排污系数法/煤质物料衡算法,"[{""component"": ""燃料一"", ""fuel"": ""一般烟煤"", ""raw_amount"": 773566.25, ""unit"": ""吨"", ""generation_use"": 612316.47, ""heat_use"": 161249.78, ""amount"": 773566.25, ""sulfur"": ""0.837"", ""sulfur_unit"": ""%"", ""ash"": ""22.25"", ""source_row"": 282}]","[{""component"": ""燃料一"", ""factor"": 38.38125, ""unit"": ""g/kg"", ""reference"": ""式(4)-(6)、表C.1-C.3；灰分质量分数；g/kg""}]",[],29690.4396328125,,式(4)-(6)、表C.1-C.3；灰分质量分数；g/kg,SOURCE_RELATION_MISSING
SRC-RAW-7C468FB3D6E8F251F320,POWER,PM2.5,information_insufficient,产排污系数法/煤质物料衡算法,"[{""component"": ""燃料一"", ""fuel"": ""一般烟煤"", ""raw_amount"": 773566.25, ""unit"": ""吨"", ""generation_use"": 612316.47, ""heat_use"": 161249.78, ""amount"": 773566.25, ""sulfur"": ""0.837"", ""sulfur_unit"": ""%"", ""ash"": ""22.25"", ""source_row"": 282}]","[{""component"": ""燃料一"", ""factor"": 10.0125, ""unit"": ""g/kg"", ""reference"": ""式(4)-(6)、表C.1-C.3；灰分质量分数；g/kg""}]",[],7745.3320781249995,,式(4)-(6)、表C.1-C.3；灰分质量分数；g/kg,SOURCE_RELATION_MISSING
SRC-RAW-7C468FB3D6E8F251F320,POWER,BC,information_insufficient,产排污系数法/煤质物料衡算法,"[{""component"": ""燃料一"", ""fuel"": ""一般烟煤"", ""raw_amount"": 773566.25, ""unit"": ""吨"", ""generation_use"": 612316.47, ""heat_use"": 161249.78, ""amount"": 773566.25, ""sulfur"": ""0.837"", ""sulfur_unit"": ""%"", ""ash"": ""22.25"", ""source_row"": 282}]","[{""component"": ""燃料一"", ""factor"": 0.020024999999999998, ""unit"": ""g/kg"", ""reference"": ""式(4)-(6)、表C.1-C.3；灰分质量分数；g/kg""}]",[],15.490664156249998,,式(4)-(6)、表C.1-C.3；灰分质量分数；g/kg,SOURCE_RELATION_MISSING
SRC-RAW-7C468FB3D6E8F251F320,POWER,OC,calculated,产排污系数法/煤质物料衡算法,"[{""component"": ""燃料一"", ""fuel"": ""一般烟煤"", ""raw_amount"": 773566.25, ""unit"": ""吨"", ""generation_use"": 612316.47, ""heat_use"": 161249.78, ""amount"": 773566.25, ""sulfur"": ""0.837"", ""sulfur_unit"": ""%"", ""ash"": ""22.25"", ""source_row"": 282}]","[{""component"": ""燃料一"", ""factor"": 0, ""unit"": ""g/kg"", ""reference"": ""式(6)、表C.3；电力生产/热力生产和供应OC占比=0""}]",[],0.0,0,式(6)、表C.3；电力生产/热力生产和供应OC占比=0,
SRC-RAW-7C468FB3D6E8F251F320,POWER,NH3,not_involved,第7章核算范围,[],[],[],,,T/CSES 144-2024第7章、表D.1；未列NH3，未将缺省范围解释为零排放,OUTSIDE_CHAPTER7_POLLUTANT_SCOPE
SRC-RAW-2A31F65E2DDE1B721B31,POWER,SO2,source_data_invalid,产排污系数法/煤质物料衡算法,"[{""component"": ""燃料一"", ""fuel"": ""天然气"", ""raw_amount"": -22.54, ""unit"": ""万立方米"", ""generation_use"": 0.0, ""heat_use"": 22.54, ""amount"": -22.54, ""sulfur"": ""0.000"", ""sulfur_unit"": ""毫克/立方米"", ""ash"": ""0.00"", ""source_row"": 289}]","[{""component"": ""燃料一"", ""factor"": 0, ""unit"": ""g/m3"", ""reference"": ""T/CSES 144-2024 7.2; 表D.1及注a-c""}]",[],,,T/CSES 144-2024 7.2; 表D.1及注a-c,HARD_CONSTRAINT_CONFLICT
SRC-RAW-2A31F65E2DDE1B721B31,POWER,NOx,source_data_invalid,产排污系数法/煤质物料衡算法,"[{""component"": ""燃料一"", ""fuel"": ""天然气"", ""raw_amount"": -22.54, ""unit"": ""万立方米"", ""generation_use"": 0.0, ""heat_use"": 22.54, ""amount"": -22.54, ""sulfur"": ""0.000"", ""sulfur_unit"": ""毫克/立方米"", ""ash"": ""0.00"", ""source_row"": 289}]","[{""component"": ""燃料一"", ""factor"": 4.1, ""unit"": ""g/m3"", ""reference"": ""T/CSES 144-2024 7.2; 表D.1及注a-c""}]",[],,,T/CSES 144-2024 7.2; 表D.1及注a-c,HARD_CONSTRAINT_CONFLICT
SRC-RAW-2A31F65E2DDE1B721B31,POWER,CO,source_data_invalid,产排污系数法/煤质物料衡算法,"[{""component"": ""燃料一"", ""fuel"": ""天然气"", ""raw_amount"": -22.54, ""unit"": ""万立方米"", ""generation_use"": 0.0, ""heat_use"": 22.54, ""amount"": -22.54, ""sulfur"": ""0.000"", ""sulfur_unit"": ""毫克/立方米"", ""ash"": ""0.00"", ""source_row"": 289}]","[{""component"": ""燃料一"", ""factor"": 1.3, ""unit"": ""g/m3"", ""reference"": ""T/CSES 144-2024 7.2; 表D.1及注a-c""}]",[],,,T/CSES 144-2024 7.2; 表D.1及注a-c,HARD_CONSTRAINT_CONFLICT
SRC-RAW-2A31F65E2DDE1B721B31,POWER,VOC,source_data_invalid,产排污系数法/煤质物料衡算法,"[{""component"": ""燃料一"", ""fuel"": ""天然气"", ""raw_amount"": -22.54, ""unit"": ""万立方米"", ""generation_use"": 0.0, ""heat_use"": 22.54, ""amount"": -22.54, ""sulfur"": ""0.000"", ""sulfur_unit"": ""毫克/立方米"", ""ash"": ""0.00"", ""source_row"": 289}]","[{""component"": ""燃料一"", ""factor"": 0.02, ""unit"": ""g/m3"", ""reference"": ""T/CSES 144-2024 7.2; 表D.1及注a-c""}]",[],,,T/CSES 144-2024 7.2; 表D.1及注a-c,HARD_CONSTRAINT_CONFLICT
SRC-RAW-2A31F65E2DDE1B721B31,POWER,PM10,source_data_invalid,产排污系数法/煤质物料衡算法,"[{""component"": ""燃料一"", ""fuel"": ""天然气"", ""raw_amount"": -22.54, ""unit"": ""万立方米"", ""generation_use"": 0.0, ""heat_use"": 22.54, ""amount"": -22.54, ""sulfur"": ""0.000"", ""sulfur_unit"": ""毫克/立方米"", ""ash"": ""0.00"", ""source_row"": 289}]","[{""component"": ""燃料一"", ""factor"": 0.03, ""unit"": ""g/m3"", ""reference"": ""T/CSES 144-2024 7.2; 表D.1及注a-c""}]",[],,,T/CSES 144-2024 7.2; 表D.1及注a-c,HARD_CONSTRAINT_CONFLICT
SRC-RAW-2A31F65E2DDE1B721B31,POWER,PM2.5,source_data_invalid,产排污系数法/煤质物料衡算法,"[{""component"": ""燃料一"", ""fuel"": ""天然气"", ""raw_amount"": -22.54, ""unit"": ""万立方米"", ""generation_use"": 0.0, ""heat_use"": 22.54, ""amount"": -22.54, ""sulfur"": ""0.000"", ""sulfur_unit"": ""毫克/立方米"", ""ash"": ""0.00"", ""source_row"": 289}]","[{""component"": ""燃料一"", ""factor"": 0.03, ""unit"": ""g/m3"", ""reference"": ""T/CSES 144-2024 7.2; 表D.1及注a-c""}]",[],,,T/CSES 144-2024 7.2; 表D.1及注a-c,HARD_CONSTRAINT_CONFLICT
SRC-RAW-2A31F65E2DDE1B721B31,POWER,BC,source_data_invalid,产排污系数法/煤质物料衡算法,"[{""component"": ""燃料一"", ""fuel"": ""天然气"", ""raw_amount"": -22.54, ""unit"": ""万立方米"", ""generation_use"": 0.0, ""heat_use"": 22.54, ""amount"": -22.54, ""sulfur"": ""0.000"", ""sulfur_unit"": ""毫克/立方米"", ""ash"": ""0.00"", ""source_row"": 289}]","[{""component"": ""燃料一"", ""factor"": 0, ""unit"": ""g/m3"", ""reference"": ""T/CSES 144-2024 7.2; 表D.1及注a-c""}]",[],,,T/CSES 144-2024 7.2; 表D.1及注a-c,HARD_CONSTRAINT_CONFLICT
SRC-RAW-2A31F65E2DDE1B721B31,POWER,OC,source_data_invalid,产排污系数法/煤质物料衡算法,"[{""component"": ""燃料一"", ""fuel"": ""天然气"", ""raw_amount"": -22.54, ""unit"": ""万立方米"", ""generation_use"": 0.0, ""heat_use"": 22.54, ""amount"": -22.54, ""sulfur"": ""0.000"", ""sulfur_unit"": ""毫克/立方米"", ""ash"": ""0.00"", ""source_row"": 289}]","[{""component"": ""燃料一"", ""factor"": 0, ""unit"": ""g/m3"", ""reference"": ""T/CSES 144-2024 7.2; 表D.1及注a-c""}]",[],,,T/CSES 144-2024 7.2; 表D.1及注a-c,HARD_CONSTRAINT_CONFLICT
SRC-RAW-2A31F65E2DDE1B721B31,POWER,NH3,not_involved,第7章核算范围,[],[],[],,,T/CSES 144-2024第7章、表D.1；未列NH3，未将缺省范围解释为零排放,OUTSIDE_CHAPTER7_POLLUTANT_SCOPE
SRC-RAW-6066991D2DA28566115E,POWER,SO2,information_insufficient,产排污系数法/煤质物料衡算法,"[{""component"": ""燃料一"", ""fuel"": ""一般烟煤"", ""raw_amount"": 1549939.0, ""unit"": ""吨"", ""generation_use"": 1549939.0, ""heat_use"": 0.0, ""amount"": 1549939.0, ""sulfur"": ""0.880"", ""sulfur_unit"": ""%"", ""ash"": ""16.86"", ""source_row"": 292}]","[{""component"": ""燃料一"", ""factor"": 14.96, ""unit"": ""g/kg"", ""reference"": ""式(3)、表C.1；S按质量分数；sr=0.15；g/kg""}]",[],23187.087440000003,,式(3)、表C.1；S按质量分数；sr=0.15；g/kg,SOURCE_RELATION_MISSING
SRC-RAW-6066991D2DA28566115E,POWER,NOx,information_insufficient,产排污系数法/煤质物料衡算法,"[{""component"": ""燃料一"", ""fuel"": ""一般烟煤"", ""raw_amount"": 1549939.0, ""unit"": ""吨"", ""generation_use"": 1549939.0, ""heat_use"": 0.0, ""amount"": 1549939.0, ""sulfur"": ""0.880"", ""sulfur_unit"": ""%"", ""ash"": ""16.86"", ""source_row"": 292}]","[{""component"": ""燃料一"", ""factor"": 7.21, ""unit"": ""g/kg"", ""reference"": ""T/CSES 144-2024 7.2; 表D.1及注a-c；万千瓦×10=MW""}]",[],11175.06019,,T/CSES 144-2024 7.2; 表D.1及注a-c；万千瓦×10=MW,SOURCE_RELATION_MISSING
SRC-RAW-6066991D2DA28566115E,POWER,CO,calculated,产排污系数法/煤质物料衡算法,"[{""component"": ""燃料一"", ""fuel"": ""一般烟煤"", ""raw_amount"": 1549939.0, ""unit"": ""吨"", ""generation_use"": 1549939.0, ""heat_use"": 0.0, ""amount"": 1549939.0, ""sulfur"": ""0.880"", ""sulfur_unit"": ""%"", ""ash"": ""16.86"", ""source_row"": 292}]","[{""component"": ""燃料一"", ""factor"": 2, ""unit"": ""g/kg"", ""reference"": ""T/CSES 144-2024 7.2; 表D.1及注a-c""}]","[{""component"": ""燃烧源治理"", ""efficiency"": 0, ""reference"": ""表A.1燃烧源控制措施VOCs为0；CO按表D.1""}]",3099.878,3099.878,T/CSES 144-2024 7.2; 表D.1及注a-c,
SRC-RAW-6066991D2DA28566115E,POWER,VOC,calculated,产排污系数法/煤质物料衡算法,"[{""component"": ""燃料一"", ""fuel"": ""一般烟煤"", ""raw_amount"": 1549939.0, ""unit"": ""吨"", ""generation_use"": 1549939.0, ""heat_use"": 0.0, ""amount"": 1549939.0, ""sulfur"": ""0.880"", ""sulfur_unit"": ""%"", ""ash"": ""16.86"", ""source_row"": 292}]","[{""component"": ""燃料一"", ""factor"": 0.04, ""unit"": ""g/kg"", ""reference"": ""T/CSES 144-2024 7.2; 表D.1及注a-c""}]","[{""component"": ""燃烧源治理"", ""efficiency"": 0, ""reference"": ""表A.1燃烧源控制措施VOCs为0；CO按表D.1""}]",61.99756,61.99756,T/CSES 144-2024 7.2; 表D.1及注a-c,
SRC-RAW-6066991D2DA28566115E,POWER,PM10,information_insufficient,产排污系数法/煤质物料衡算法,"[{""component"": ""燃料一"", ""fuel"": ""一般烟煤"", ""raw_amount"": 1549939.0, ""unit"": ""吨"", ""generation_use"": 1549939.0, ""heat_use"": 0.0, ""amount"": 1549939.0, ""sulfur"": ""0.880"", ""sulfur_unit"": ""%"", ""ash"": ""16.86"", ""source_row"": 292}]","[{""component"": ""燃料一"", ""factor"": 29.0835, ""unit"": ""g/kg"", ""reference"": ""式(4)-(6)、表C.1-C.3；灰分质量分数；g/kg""}]",[],45077.65090650001,,式(4)-(6)、表C.1-C.3；灰分质量分数；g/kg,SOURCE_RELATION_MISSING
SRC-RAW-6066991D2DA28566115E,POWER,PM2.5,information_insufficient,产排污系数法/煤质物料衡算法,"[{""component"": ""燃料一"", ""fuel"": ""一般烟煤"", ""raw_amount"": 1549939.0, ""unit"": ""吨"", ""generation_use"": 1549939.0, ""heat_use"": 0.0, ""amount"": 1549939.0, ""sulfur"": ""0.880"", ""sulfur_unit"": ""%"", ""ash"": ""16.86"", ""source_row"": 292}]","[{""component"": ""燃料一"", ""factor"": 7.587, ""unit"": ""g/kg"", ""reference"": ""式(4)-(6)、表C.1-C.3；灰分质量分数；g/kg""}]",[],11759.387193,,式(4)-(6)、表C.1-C.3；灰分质量分数；g/kg,SOURCE_RELATION_MISSING
SRC-RAW-6066991D2DA28566115E,POWER,BC,information_insufficient,产排污系数法/煤质物料衡算法,"[{""component"": ""燃料一"", ""fuel"": ""一般烟煤"", ""raw_amount"": 1549939.0, ""unit"": ""吨"", ""generation_use"": 1549939.0, ""heat_use"": 0.0, ""amount"": 1549939.0, ""sulfur"": ""0.880"", ""sulfur_unit"": ""%"", ""ash"": ""16.86"", ""source_row"": 292}]","[{""component"": ""燃料一"", ""factor"": 0.015174, ""unit"": ""g/kg"", ""reference"": ""式(4)-(6)、表C.1-C.3；灰分质量分数；g/kg""}]",[],23.518774386,,式(4)-(6)、表C.1-C.3；灰分质量分数；g/kg,SOURCE_RELATION_MISSING
SRC-RAW-6066991D2DA28566115E,POWER,OC,calculated,产排污系数法/煤质物料衡算法,"[{""component"": ""燃料一"", ""fuel"": ""一般烟煤"", ""raw_amount"": 1549939.0, ""unit"": ""吨"", ""generation_use"": 1549939.0, ""heat_use"": 0.0, ""amount"": 1549939.0, ""sulfur"": ""0.880"", ""sulfur_unit"": ""%"", ""ash"": ""16.86"", ""source_row"": 292}]","[{""component"": ""燃料一"", ""factor"": 0, ""unit"": ""g/kg"", ""reference"": ""式(6)、表C.3；电力生产/热力生产和供应OC占比=0""}]",[],0.0,0,式(6)、表C.3；电力生产/热力生产和供应OC占比=0,
SRC-RAW-6066991D2DA28566115E,POWER,NH3,not_involved,第7章核算范围,[],[],[],,,T/CSES 144-2024第7章、表D.1；未列NH3，未将缺省范围解释为零排放,OUTSIDE_CHAPTER7_POLLUTANT_SCOPE
SRC-RAW-927B14F2990B74E2A6EF,POWER,SO2,information_insufficient,产排污系数法/煤质物料衡算法,"[{""component"": ""燃料一"", ""fuel"": ""一般烟煤"", ""raw_amount"": 1246144.0, ""unit"": ""吨"", ""generation_use"": 1246144.0, ""heat_use"": 0.0, ""amount"": 1246144.0, ""sulfur"": ""0.880"", ""sulfur_unit"": ""%"", ""ash"": ""16.23"", ""source_row"": 293}]","[{""component"": ""燃料一"", ""factor"": 14.96, ""unit"": ""g/kg"", ""reference"": ""式(3)、表C.1；S按质量分数；sr=0.15；g/kg""}]",[],18642.314240000003,,式(3)、表C.1；S按质量分数；sr=0.15；g/kg,SOURCE_RELATION_MISSING
SRC-RAW-927B14F2990B74E2A6EF,POWER,NOx,information_insufficient,产排污系数法/煤质物料衡算法,"[{""component"": ""燃料一"", ""fuel"": ""一般烟煤"", ""raw_amount"": 1246144.0, ""unit"": ""吨"", ""generation_use"": 1246144.0, ""heat_use"": 0.0, ""amount"": 1246144.0, ""sulfur"": ""0.880"", ""sulfur_unit"": ""%"", ""ash"": ""16.23"", ""source_row"": 293}]","[{""component"": ""燃料一"", ""factor"": 7.21, ""unit"": ""g/kg"", ""reference"": ""T/CSES 144-2024 7.2; 表D.1及注a-c；万千瓦×10=MW""}]",[],8984.69824,,T/CSES 144-2024 7.2; 表D.1及注a-c；万千瓦×10=MW,SOURCE_RELATION_MISSING
SRC-RAW-927B14F2990B74E2A6EF,POWER,CO,calculated,产排污系数法/煤质物料衡算法,"[{""component"": ""燃料一"", ""fuel"": ""一般烟煤"", ""raw_amount"": 1246144.0, ""unit"": ""吨"", ""generation_use"": 1246144.0, ""heat_use"": 0.0, ""amount"": 1246144.0, ""sulfur"": ""0.880"", ""sulfur_unit"": ""%"", ""ash"": ""16.23"", ""source_row"": 293}]","[{""component"": ""燃料一"", ""factor"": 2, ""unit"": ""g/kg"", ""reference"": ""T/CSES 144-2024 7.2; 表D.1及注a-c""}]","[{""component"": ""燃烧源治理"", ""efficiency"": 0, ""reference"": ""表A.1燃烧源控制措施VOCs为0；CO按表D.1""}]",2492.288,2492.288,T/CSES 144-2024 7.2; 表D.1及注a-c,
SRC-RAW-927B14F2990B74E2A6EF,POWER,VOC,calculated,产排污系数法/煤质物料衡算法,"[{""component"": ""燃料一"", ""fuel"": ""一般烟煤"", ""raw_amount"": 1246144.0, ""unit"": ""吨"", ""generation_use"": 1246144.0, ""heat_use"": 0.0, ""amount"": 1246144.0, ""sulfur"": ""0.880"", ""sulfur_unit"": ""%"", ""ash"": ""16.23"", ""source_row"": 293}]","[{""component"": ""燃料一"", ""factor"": 0.04, ""unit"": ""g/kg"", ""reference"": ""T/CSES 144-2024 7.2; 表D.1及注a-c""}]","[{""component"": ""燃烧源治理"", ""efficiency"": 0, ""reference"": ""表A.1燃烧源控制措施VOCs为0；CO按表D.1""}]",49.845760000000006,49.845760000000006,T/CSES 144-2024 7.2; 表D.1及注a-c,
SRC-RAW-927B14F2990B74E2A6EF,POWER,PM10,information_insufficient,产排污系数法/煤质物料衡算法,"[{""component"": ""燃料一"", ""fuel"": ""一般烟煤"", ""raw_amount"": 1246144.0, ""unit"": ""吨"", ""generation_use"": 1246144.0, ""heat_use"": 0.0, ""amount"": 1246144.0, ""sulfur"": ""0.880"", ""sulfur_unit"": ""%"", ""ash"": ""16.23"", ""source_row"": 293}]","[{""component"": ""燃料一"", ""factor"": 27.996750000000002, ""unit"": ""g/kg"", ""reference"": ""式(4)-(6)、表C.1-C.3；灰分质量分数；g/kg""}]",[],34887.98203200001,,式(4)-(6)、表C.1-C.3；灰分质量分数；g/kg,SOURCE_RELATION_MISSING
SRC-RAW-927B14F2990B74E2A6EF,POWER,PM2.5,information_insufficient,产排污系数法/煤质物料衡算法,"[{""component"": ""燃料一"", ""fuel"": ""一般烟煤"", ""raw_amount"": 1246144.0, ""unit"": ""吨"", ""generation_use"": 1246144.0, ""heat_use"": 0.0, ""amount"": 1246144.0, ""sulfur"": ""0.880"", ""sulfur_unit"": ""%"", ""ash"": ""16.23"", ""source_row"": 293}]","[{""component"": ""燃料一"", ""factor"": 7.3035, ""unit"": ""g/kg"", ""reference"": ""式(4)-(6)、表C.1-C.3；灰分质量分数；g/kg""}]",[],9101.212704,,式(4)-(6)、表C.1-C.3；灰分质量分数；g/kg,SOURCE_RELATION_MISSING
SRC-RAW-927B14F2990B74E2A6EF,POWER,BC,information_insufficient,产排污系数法/煤质物料衡算法,"[{""component"": ""燃料一"", ""fuel"": ""一般烟煤"", ""raw_amount"": 1246144.0, ""unit"": ""吨"", ""generation_use"": 1246144.0, ""heat_use"": 0.0, ""amount"": 1246144.0, ""sulfur"": ""0.880"", ""sulfur_unit"": ""%"", ""ash"": ""16.23"", ""source_row"": 293}]","[{""component"": ""燃料一"", ""factor"": 0.014607, ""unit"": ""g/kg"", ""reference"": ""式(4)-(6)、表C.1-C.3；灰分质量分数；g/kg""}]",[],18.202425408,,式(4)-(6)、表C.1-C.3；灰分质量分数；g/kg,SOURCE_RELATION_MISSING
SRC-RAW-927B14F2990B74E2A6EF,POWER,OC,calculated,产排污系数法/煤质物料衡算法,"[{""component"": ""燃料一"", ""fuel"": ""一般烟煤"", ""raw_amount"": 1246144.0, ""unit"": ""吨"", ""generation_use"": 1246144.0, ""heat_use"": 0.0, ""amount"": 1246144.0, ""sulfur"": ""0.880"", ""sulfur_unit"": ""%"", ""ash"": ""16.23"", ""source_row"": 293}]","[{""component"": ""燃料一"", ""factor"": 0, ""unit"": ""g/kg"", ""reference"": ""式(6)、表C.3；电力生产/热力生产和供应OC占比=0""}]",[],0.0,0,式(6)、表C.3；电力生产/热力生产和供应OC占比=0,
SRC-RAW-927B14F2990B74E2A6EF,POWER,NH3,not_involved,第7章核算范围,[],[],[],,,T/CSES 144-2024第7章、表D.1；未列NH3，未将缺省范围解释为零排放,OUTSIDE_CHAPTER7_POLLUTANT_SCOPE
SRC-RAW-F7E56B123AF69F40ACAB,POWER,SO2,information_insufficient,产排污系数法/煤质物料衡算法,"[{""component"": ""燃料一"", ""fuel"": ""一般烟煤"", ""raw_amount"": 2160155.0, ""unit"": ""吨"", ""generation_use"": 2160155.0, ""heat_use"": 0.0, ""amount"": 2160155.0, ""sulfur"": ""0.850"", ""sulfur_unit"": ""%"", ""ash"": null, ""source_row"": 294}]","[{""component"": ""燃料一"", ""factor"": 14.450000000000001, ""unit"": ""g/kg"", ""reference"": ""式(3)、表C.1；S按质量分数；sr=0.15；g/kg""}]",[],31214.239750000004,,式(3)、表C.1；S按质量分数；sr=0.15；g/kg,SOURCE_RELATION_MISSING
SRC-RAW-F7E56B123AF69F40ACAB,POWER,NOx,information_insufficient,产排污系数法/煤质物料衡算法,"[{""component"": ""燃料一"", ""fuel"": ""一般烟煤"", ""raw_amount"": 2160155.0, ""unit"": ""吨"", ""generation_use"": 2160155.0, ""heat_use"": 0.0, ""amount"": 2160155.0, ""sulfur"": ""0.850"", ""sulfur_unit"": ""%"", ""ash"": null, ""source_row"": 294}]","[{""component"": ""燃料一"", ""factor"": 7.21, ""unit"": ""g/kg"", ""reference"": ""T/CSES 144-2024 7.2; 表D.1及注a-c；万千瓦×10=MW""}]",[],15574.717550000001,,T/CSES 144-2024 7.2; 表D.1及注a-c；万千瓦×10=MW,SOURCE_RELATION_MISSING
SRC-RAW-F7E56B123AF69F40ACAB,POWER,CO,calculated,产排污系数法/煤质物料衡算法,"[{""component"": ""燃料一"", ""fuel"": ""一般烟煤"", ""raw_amount"": 2160155.0, ""unit"": ""吨"", ""generation_use"": 2160155.0, ""heat_use"": 0.0, ""amount"": 2160155.0, ""sulfur"": ""0.850"", ""sulfur_unit"": ""%"", ""ash"": null, ""source_row"": 294}]","[{""component"": ""燃料一"", ""factor"": 2, ""unit"": ""g/kg"", ""reference"": ""T/CSES 144-2024 7.2; 表D.1及注a-c""}]","[{""component"": ""燃烧源治理"", ""efficiency"": 0, ""reference"": ""表A.1燃烧源控制措施VOCs为0；CO按表D.1""}]",4320.31,4320.31,T/CSES 144-2024 7.2; 表D.1及注a-c,
SRC-RAW-F7E56B123AF69F40ACAB,POWER,VOC,calculated,产排污系数法/煤质物料衡算法,"[{""component"": ""燃料一"", ""fuel"": ""一般烟煤"", ""raw_amount"": 2160155.0, ""unit"": ""吨"", ""generation_use"": 2160155.0, ""heat_use"": 0.0, ""amount"": 2160155.0, ""sulfur"": ""0.850"", ""sulfur_unit"": ""%"", ""ash"": null, ""source_row"": 294}]","[{""component"": ""燃料一"", ""factor"": 0.04, ""unit"": ""g/kg"", ""reference"": ""T/CSES 144-2024 7.2; 表D.1及注a-c""}]","[{""component"": ""燃烧源治理"", ""efficiency"": 0, ""reference"": ""表A.1燃烧源控制措施VOCs为0；CO按表D.1""}]",86.4062,86.4062,T/CSES 144-2024 7.2; 表D.1及注a-c,
SRC-RAW-F7E56B123AF69F40ACAB,POWER,PM10,information_insufficient,产排污系数法/煤质物料衡算法,"[{""component"": ""燃料一"", ""fuel"": ""一般烟煤"", ""raw_amount"": 2160155.0, ""unit"": ""吨"", ""generation_use"": 2160155.0, ""heat_use"": 0.0, ""amount"": 2160155.0, ""sulfur"": ""0.850"", ""sulfur_unit"": ""%"", ""ash"": null, ""source_row"": 294}]","[{""component"": ""燃料一"", ""factor"": null, ""unit"": ""g/kg"", ""reference"": ""式(4)-(6)、表C.1-C.3；收到基灰分缺失""}]",[],,,式(4)-(6)、表C.1-C.3；收到基灰分缺失,POLLUTANT_PARAMETER_MISSING
SRC-RAW-F7E56B123AF69F40ACAB,POWER,PM2.5,information_insufficient,产排污系数法/煤质物料衡算法,"[{""component"": ""燃料一"", ""fuel"": ""一般烟煤"", ""raw_amount"": 2160155.0, ""unit"": ""吨"", ""generation_use"": 2160155.0, ""heat_use"": 0.0, ""amount"": 2160155.0, ""sulfur"": ""0.850"", ""sulfur_unit"": ""%"", ""ash"": null, ""source_row"": 294}]","[{""component"": ""燃料一"", ""factor"": null, ""unit"": ""g/kg"", ""reference"": ""式(4)-(6)、表C.1-C.3；收到基灰分缺失""}]",[],,,式(4)-(6)、表C.1-C.3；收到基灰分缺失,POLLUTANT_PARAMETER_MISSING
SRC-RAW-F7E56B123AF69F40ACAB,POWER,BC,information_insufficient,产排污系数法/煤质物料衡算法,"[{""component"": ""燃料一"", ""fuel"": ""一般烟煤"", ""raw_amount"": 2160155.0, ""unit"": ""吨"", ""generation_use"": 2160155.0, ""heat_use"": 0.0, ""amount"": 2160155.0, ""sulfur"": ""0.850"", ""sulfur_unit"": ""%"", ""ash"": null, ""source_row"": 294}]","[{""component"": ""燃料一"", ""factor"": null, ""unit"": ""g/kg"", ""reference"": ""式(4)-(6)、表C.1-C.3；收到基灰分缺失""}]",[],,,式(4)-(6)、表C.1-C.3；收到基灰分缺失,POLLUTANT_PARAMETER_MISSING
SRC-RAW-F7E56B123AF69F40ACAB,POWER,OC,calculated,产排污系数法/煤质物料衡算法,"[{""component"": ""燃料一"", ""fuel"": ""一般烟煤"", ""raw_amount"": 2160155.0, ""unit"": ""吨"", ""generation_use"": 2160155.0, ""heat_use"": 0.0, ""amount"": 2160155.0, ""sulfur"": ""0.850"", ""sulfur_unit"": ""%"", ""ash"": null, ""source_row"": 294}]","[{""component"": ""燃料一"", ""factor"": 0, ""unit"": ""g/kg"", ""reference"": ""式(6)、表C.3；电力生产/热力生产和供应OC占比=0""}]",[],0.0,0,式(6)、表C.3；电力生产/热力生产和供应OC占比=0,
SRC-RAW-F7E56B123AF69F40ACAB,POWER,NH3,not_involved,第7章核算范围,[],[],[],,,T/CSES 144-2024第7章、表D.1；未列NH3，未将缺省范围解释为零排放,OUTSIDE_CHAPTER7_POLLUTANT_SCOPE
SRC-RAW-4C935755D3373975791B,POWER,SO2,source_data_invalid,产排污系数法/煤质物料衡算法,"[{""component"": ""燃料一"", ""fuel"": ""一般烟煤"", ""raw_amount"": -2301000.0, ""unit"": ""吨"", ""generation_use"": 2301000.0, ""heat_use"": 0.0, ""amount"": -2301000.0, ""sulfur"": ""0.900"", ""sulfur_unit"": ""%"", ""ash"": ""17.53"", ""source_row"": 295}]","[{""component"": ""燃料一"", ""factor"": 15.3, ""unit"": ""g/kg"", ""reference"": ""式(3)、表C.1；S按质量分数；sr=0.15；g/kg""}]",[],,,式(3)、表C.1；S按质量分数；sr=0.15；g/kg,HARD_CONSTRAINT_CONFLICT
SRC-RAW-4C935755D3373975791B,POWER,NOx,source_data_invalid,产排污系数法/煤质物料衡算法,"[{""component"": ""燃料一"", ""fuel"": ""一般烟煤"", ""raw_amount"": -2301000.0, ""unit"": ""吨"", ""generation_use"": 2301000.0, ""heat_use"": 0.0, ""amount"": -2301000.0, ""sulfur"": ""0.900"", ""sulfur_unit"": ""%"", ""ash"": ""17.53"", ""source_row"": 295}]","[{""component"": ""燃料一"", ""factor"": 7.21, ""unit"": ""g/kg"", ""reference"": ""T/CSES 144-2024 7.2; 表D.1及注a-c；万千瓦×10=MW""}]",[],,,T/CSES 144-2024 7.2; 表D.1及注a-c；万千瓦×10=MW,HARD_CONSTRAINT_CONFLICT
SRC-RAW-4C935755D3373975791B,POWER,CO,source_data_invalid,产排污系数法/煤质物料衡算法,"[{""component"": ""燃料一"", ""fuel"": ""一般烟煤"", ""raw_amount"": -2301000.0, ""unit"": ""吨"", ""generation_use"": 2301000.0, ""heat_use"": 0.0, ""amount"": -2301000.0, ""sulfur"": ""0.900"", ""sulfur_unit"": ""%"", ""ash"": ""17.53"", ""source_row"": 295}]","[{""component"": ""燃料一"", ""factor"": 2, ""unit"": ""g/kg"", ""reference"": ""T/CSES 144-2024 7.2; 表D.1及注a-c""}]",[],,,T/CSES 144-2024 7.2; 表D.1及注a-c,HARD_CONSTRAINT_CONFLICT
SRC-RAW-4C935755D3373975791B,POWER,VOC,source_data_invalid,产排污系数法/煤质物料衡算法,"[{""component"": ""燃料一"", ""fuel"": ""一般烟煤"", ""raw_amount"": -2301000.0, ""unit"": ""吨"", ""generation_use"": 2301000.0, ""heat_use"": 0.0, ""amount"": -2301000.0, ""sulfur"": ""0.900"", ""sulfur_unit"": ""%"", ""ash"": ""17.53"", ""source_row"": 295}]","[{""component"": ""燃料一"", ""factor"": 0.04, ""unit"": ""g/kg"", ""reference"": ""T/CSES 144-2024 7.2; 表D.1及注a-c""}]",[],,,T/CSES 144-2024 7.2; 表D.1及注a-c,HARD_CONSTRAINT_CONFLICT
SRC-RAW-4C935755D3373975791B,POWER,PM10,source_data_invalid,产排污系数法/煤质物料衡算法,"[{""component"": ""燃料一"", ""fuel"": ""一般烟煤"", ""raw_amount"": -2301000.0, ""unit"": ""吨"", ""generation_use"": 2301000.0, ""heat_use"": 0.0, ""amount"": -2301000.0, ""sulfur"": ""0.900"", ""sulfur_unit"": ""%"", ""ash"": ""17.53"", ""source_row"": 295}]","[{""component"": ""燃料一"", ""factor"": 30.239250000000002, ""unit"": ""g/kg"", ""reference"": ""式(4)-(6)、表C.1-C.3；灰分质量分数；g/kg""}]",[],,,式(4)-(6)、表C.1-C.3；灰分质量分数；g/kg,HARD_CONSTRAINT_CONFLICT
SRC-RAW-4C935755D3373975791B,POWER,PM2.5,source_data_invalid,产排污系数法/煤质物料衡算法,"[{""component"": ""燃料一"", ""fuel"": ""一般烟煤"", ""raw_amount"": -2301000.0, ""unit"": ""吨"", ""generation_use"": 2301000.0, ""heat_use"": 0.0, ""amount"": -2301000.0, ""sulfur"": ""0.900"", ""sulfur_unit"": ""%"", ""ash"": ""17.53"", ""source_row"": 295}]","[{""component"": ""燃料一"", ""factor"": 7.8885, ""unit"": ""g/kg"", ""reference"": ""式(4)-(6)、表C.1-C.3；灰分质量分数；g/kg""}]",[],,,式(4)-(6)、表C.1-C.3；灰分质量分数；g/kg,HARD_CONSTRAINT_CONFLICT
SRC-RAW-4C935755D3373975791B,POWER,BC,source_data_invalid,产排污系数法/煤质物料衡算法,"[{""component"": ""燃料一"", ""fuel"": ""一般烟煤"", ""raw_amount"": -2301000.0, ""unit"": ""吨"", ""generation_use"": 2301000.0, ""heat_use"": 0.0, ""amount"": -2301000.0, ""sulfur"": ""0.900"", ""sulfur_unit"": ""%"", ""ash"": ""17.53"", ""source_row"": 295}]","[{""component"": ""燃料一"", ""factor"": 0.015777, ""unit"": ""g/kg"", ""reference"": ""式(4)-(6)、表C.1-C.3；灰分质量分数；g/kg""}]",[],,,式(4)-(6)、表C.1-C.3；灰分质量分数；g/kg,HARD_CONSTRAINT_CONFLICT
SRC-RAW-4C935755D3373975791B,POWER,OC,source_data_invalid,产排污系数法/煤质物料衡算法,"[{""component"": ""燃料一"", ""fuel"": ""一般烟煤"", ""raw_amount"": -2301000.0, ""unit"": ""吨"", ""generation_use"": 2301000.0, ""heat_use"": 0.0, ""amount"": -2301000.0, ""sulfur"": ""0.900"", ""sulfur_unit"": ""%"", ""ash"": ""17.53"", ""source_row"": 295}]","[{""component"": ""燃料一"", ""factor"": 0, ""unit"": ""g/kg"", ""reference"": ""式(6)、表C.3；电力生产/热力生产和供应OC占比=0""}]",[],,,式(6)、表C.3；电力生产/热力生产和供应OC占比=0,HARD_CONSTRAINT_CONFLICT
SRC-RAW-4C935755D3373975791B,POWER,NH3,not_involved,第7章核算范围,[],[],[],,,T/CSES 144-2024第7章、表D.1；未列NH3，未将缺省范围解释为零排放,OUTSIDE_CHAPTER7_POLLUTANT_SCOPE
SRC-RAW-D61018B198766BD3C03F,POWER,SO2,information_insufficient,产排污系数法/煤质物料衡算法,"[{""component"": ""燃料一"", ""fuel"": ""原煤"", ""raw_amount"": 833020.0, ""unit"": ""吨"", ""generation_use"": 828056.0, ""heat_use"": 4964.0, ""amount"": 833020.0, ""sulfur"": ""0.400"", ""sulfur_unit"": ""%"", ""ash"": null, ""source_row"": 296}]","[{""component"": ""燃料一"", ""factor"": 6.8, ""unit"": ""g/kg"", ""reference"": ""式(3)、表C.1；S按质量分数；sr=0.15；g/kg""}]",[],5664.536,,式(3)、表C.1；S按质量分数；sr=0.15；g/kg,SOURCE_RELATION_MISSING
SRC-RAW-D61018B198766BD3C03F,POWER,NOx,information_insufficient,产排污系数法/煤质物料衡算法,"[{""component"": ""燃料一"", ""fuel"": ""原煤"", ""raw_amount"": 833020.0, ""unit"": ""吨"", ""generation_use"": 828056.0, ""heat_use"": 4964.0, ""amount"": 833020.0, ""sulfur"": ""0.400"", ""sulfur_unit"": ""%"", ""ash"": null, ""source_row"": 296}]","[{""component"": ""燃料一"", ""factor"": 7.21, ""unit"": ""g/kg"", ""reference"": ""T/CSES 144-2024 7.2; 表D.1及注a-c；万千瓦×10=MW""}]",[],6006.0742,,T/CSES 144-2024 7.2; 表D.1及注a-c；万千瓦×10=MW,SOURCE_RELATION_MISSING
SRC-RAW-D61018B198766BD3C03F,POWER,CO,calculated,产排污系数法/煤质物料衡算法,"[{""component"": ""燃料一"", ""fuel"": ""原煤"", ""raw_amount"": 833020.0, ""unit"": ""吨"", ""generation_use"": 828056.0, ""heat_use"": 4964.0, ""amount"": 833020.0, ""sulfur"": ""0.400"", ""sulfur_unit"": ""%"", ""ash"": null, ""source_row"": 296}]","[{""component"": ""燃料一"", ""factor"": 2, ""unit"": ""g/kg"", ""reference"": ""T/CSES 144-2024 7.2; 表D.1及注a-c""}]","[{""component"": ""燃烧源治理"", ""efficiency"": 0, ""reference"": ""表A.1燃烧源控制措施VOCs为0；CO按表D.1""}]",1666.04,1666.04,T/CSES 144-2024 7.2; 表D.1及注a-c,
SRC-RAW-D61018B198766BD3C03F,POWER,VOC,calculated,产排污系数法/煤质物料衡算法,"[{""component"": ""燃料一"", ""fuel"": ""原煤"", ""raw_amount"": 833020.0, ""unit"": ""吨"", ""generation_use"": 828056.0, ""heat_use"": 4964.0, ""amount"": 833020.0, ""sulfur"": ""0.400"", ""sulfur_unit"": ""%"", ""ash"": null, ""source_row"": 296}]","[{""component"": ""燃料一"", ""factor"": 0.04, ""unit"": ""g/kg"", ""reference"": ""T/CSES 144-2024 7.2; 表D.1及注a-c""}]","[{""component"": ""燃烧源治理"", ""efficiency"": 0, ""reference"": ""表A.1燃烧源控制措施VOCs为0；CO按表D.1""}]",33.320800000000006,33.320800000000006,T/CSES 144-2024 7.2; 表D.1及注a-c,
SRC-RAW-D61018B198766BD3C03F,POWER,PM10,information_insufficient,产排污系数法/煤质物料衡算法,"[{""component"": ""燃料一"", ""fuel"": ""原煤"", ""raw_amount"": 833020.0, ""unit"": ""吨"", ""generation_use"": 828056.0, ""heat_use"": 4964.0, ""amount"": 833020.0, ""sulfur"": ""0.400"", ""sulfur_unit"": ""%"", ""ash"": null, ""source_row"": 296}]","[{""component"": ""燃料一"", ""factor"": null, ""unit"": ""g/kg"", ""reference"": ""式(4)-(6)、表C.1-C.3；收到基灰分缺失""}]",[],,,式(4)-(6)、表C.1-C.3；收到基灰分缺失,POLLUTANT_PARAMETER_MISSING
SRC-RAW-D61018B198766BD3C03F,POWER,PM2.5,information_insufficient,产排污系数法/煤质物料衡算法,"[{""component"": ""燃料一"", ""fuel"": ""原煤"", ""raw_amount"": 833020.0, ""unit"": ""吨"", ""generation_use"": 828056.0, ""heat_use"": 4964.0, ""amount"": 833020.0, ""sulfur"": ""0.400"", ""sulfur_unit"": ""%"", ""ash"": null, ""source_row"": 296}]","[{""component"": ""燃料一"", ""factor"": null, ""unit"": ""g/kg"", ""reference"": ""式(4)-(6)、表C.1-C.3；收到基灰分缺失""}]",[],,,式(4)-(6)、表C.1-C.3；收到基灰分缺失,POLLUTANT_PARAMETER_MISSING
SRC-RAW-D61018B198766BD3C03F,POWER,BC,information_insufficient,产排污系数法/煤质物料衡算法,"[{""component"": ""燃料一"", ""fuel"": ""原煤"", ""raw_amount"": 833020.0, ""unit"": ""吨"", ""generation_use"": 828056.0, ""heat_use"": 4964.0, ""amount"": 833020.0, ""sulfur"": ""0.400"", ""sulfur_unit"": ""%"", ""ash"": null, ""source_row"": 296}]","[{""component"": ""燃料一"", ""factor"": null, ""unit"": ""g/kg"", ""reference"": ""式(4)-(6)、表C.1-C.3；收到基灰分缺失""}]",[],,,式(4)-(6)、表C.1-C.3；收到基灰分缺失,POLLUTANT_PARAMETER_MISSING
SRC-RAW-D61018B198766BD3C03F,POWER,OC,calculated,产排污系数法/煤质物料衡算法,"[{""component"": ""燃料一"", ""fuel"": ""原煤"", ""raw_amount"": 833020.0, ""unit"": ""吨"", ""generation_use"": 828056.0, ""heat_use"": 4964.0, ""amount"": 833020.0, ""sulfur"": ""0.400"", ""sulfur_unit"": ""%"", ""ash"": null, ""source_row"": 296}]","[{""component"": ""燃料一"", ""factor"": 0, ""unit"": ""g/kg"", ""reference"": ""式(6)、表C.3；电力生产/热力生产和供应OC占比=0""}]",[],0.0,0,式(6)、表C.3；电力生产/热力生产和供应OC占比=0,
SRC-RAW-D61018B198766BD3C03F,POWER,NH3,not_involved,第7章核算范围,[],[],[],,,T/CSES 144-2024第7章、表D.1；未列NH3，未将缺省范围解释为零排放,OUTSIDE_CHAPTER7_POLLUTANT_SCOPE
SRC-RAW-8E6D2C1C87CB7061CE6D,POWER,SO2,information_insufficient,产排污系数法/煤质物料衡算法,"[{""component"": ""燃料一"", ""fuel"": ""原煤"", ""raw_amount"": 730939.0, ""unit"": ""吨"", ""generation_use"": 727114.0, ""heat_use"": 3825.0, ""amount"": 730939.0, ""sulfur"": ""0.390"", ""sulfur_unit"": ""%"", ""ash"": ""8.80"", ""source_row"": 297}]","[{""component"": ""燃料一"", ""factor"": 6.630000000000001, ""unit"": ""g/kg"", ""reference"": ""式(3)、表C.1；S按质量分数；sr=0.15；g/kg""}]",[],4846.12557,,式(3)、表C.1；S按质量分数；sr=0.15；g/kg,SOURCE_RELATION_MISSING
SRC-RAW-8E6D2C1C87CB7061CE6D,POWER,NOx,information_insufficient,产排污系数法/煤质物料衡算法,"[{""component"": ""燃料一"", ""fuel"": ""原煤"", ""raw_amount"": 730939.0, ""unit"": ""吨"", ""generation_use"": 727114.0, ""heat_use"": 3825.0, ""amount"": 730939.0, ""sulfur"": ""0.390"", ""sulfur_unit"": ""%"", ""ash"": ""8.80"", ""source_row"": 297}]","[{""component"": ""燃料一"", ""factor"": 7.21, ""unit"": ""g/kg"", ""reference"": ""T/CSES 144-2024 7.2; 表D.1及注a-c；万千瓦×10=MW""}]",[],5270.07019,,T/CSES 144-2024 7.2; 表D.1及注a-c；万千瓦×10=MW,SOURCE_RELATION_MISSING
SRC-RAW-8E6D2C1C87CB7061CE6D,POWER,CO,calculated,产排污系数法/煤质物料衡算法,"[{""component"": ""燃料一"", ""fuel"": ""原煤"", ""raw_amount"": 730939.0, ""unit"": ""吨"", ""generation_use"": 727114.0, ""heat_use"": 3825.0, ""amount"": 730939.0, ""sulfur"": ""0.390"", ""sulfur_unit"": ""%"", ""ash"": ""8.80"", ""source_row"": 297}]","[{""component"": ""燃料一"", ""factor"": 2, ""unit"": ""g/kg"", ""reference"": ""T/CSES 144-2024 7.2; 表D.1及注a-c""}]","[{""component"": ""燃烧源治理"", ""efficiency"": 0, ""reference"": ""表A.1燃烧源控制措施VOCs为0；CO按表D.1""}]",1461.878,1461.878,T/CSES 144-2024 7.2; 表D.1及注a-c,
SRC-RAW-8E6D2C1C87CB7061CE6D,POWER,VOC,calculated,产排污系数法/煤质物料衡算法,"[{""component"": ""燃料一"", ""fuel"": ""原煤"", ""raw_amount"": 730939.0, ""unit"": ""吨"", ""generation_use"": 727114.0, ""heat_use"": 3825.0, ""amount"": 730939.0, ""sulfur"": ""0.390"", ""sulfur_unit"": ""%"", ""ash"": ""8.80"", ""source_row"": 297}]","[{""component"": ""燃料一"", ""factor"": 0.04, ""unit"": ""g/kg"", ""reference"": ""T/CSES 144-2024 7.2; 表D.1及注a-c""}]","[{""component"": ""燃烧源治理"", ""efficiency"": 0, ""reference"": ""表A.1燃烧源控制措施VOCs为0；CO按表D.1""}]",29.237560000000002,29.237560000000002,T/CSES 144-2024 7.2; 表D.1及注a-c,
SRC-RAW-8E6D2C1C87CB7061CE6D,POWER,PM10,information_insufficient,产排污系数法/煤质物料衡算法,"[{""component"": ""燃料一"", ""fuel"": ""原煤"", ""raw_amount"": 730939.0, ""unit"": ""吨"", ""generation_use"": 727114.0, ""heat_use"": 3825.0, ""amount"": 730939.0, ""sulfur"": ""0.390"", ""sulfur_unit"": ""%"", ""ash"": ""8.80"", ""source_row"": 297}]","[{""component"": ""燃料一"", ""factor"": 14.291200000000002, ""unit"": ""g/kg"", ""reference"": ""式(4)-(6)、表C.1-C.3；灰分质量分数；g/kg""}]",[],10445.995436800002,,式(4)-(6)、表C.1-C.3；灰分质量分数；g/kg,SOURCE_RELATION_MISSING
SRC-RAW-8E6D2C1C87CB7061CE6D,POWER,PM2.5,information_insufficient,产排污系数法/煤质物料衡算法,"[{""component"": ""燃料一"", ""fuel"": ""原煤"", ""raw_amount"": 730939.0, ""unit"": ""吨"", ""generation_use"": 727114.0, ""heat_use"": 3825.0, ""amount"": 730939.0, ""sulfur"": ""0.390"", ""sulfur_unit"": ""%"", ""ash"": ""8.80"", ""source_row"": 297}]","[{""component"": ""燃料一"", ""factor"": 3.449600000000001, ""unit"": ""g/kg"", ""reference"": ""式(4)-(6)、表C.1-C.3；灰分质量分数；g/kg""}]",[],2521.4471744000007,,式(4)-(6)、表C.1-C.3；灰分质量分数；g/kg,SOURCE_RELATION_MISSING
SRC-RAW-8E6D2C1C87CB7061CE6D,POWER,BC,information_insufficient,产排污系数法/煤质物料衡算法,"[{""component"": ""燃料一"", ""fuel"": ""原煤"", ""raw_amount"": 730939.0, ""unit"": ""吨"", ""generation_use"": 727114.0, ""heat_use"": 3825.0, ""amount"": 730939.0, ""sulfur"": ""0.390"", ""sulfur_unit"": ""%"", ""ash"": ""8.80"", ""source_row"": 297}]","[{""component"": ""燃料一"", ""factor"": 0.006899200000000003, ""unit"": ""g/kg"", ""reference"": ""式(4)-(6)、表C.1-C.3；灰分质量分数；g/kg""}]",[],5.042894348800003,,式(4)-(6)、表C.1-C.3；灰分质量分数；g/kg,SOURCE_RELATION_MISSING
SRC-RAW-8E6D2C1C87CB7061CE6D,POWER,OC,calculated,产排污系数法/煤质物料衡算法,"[{""component"": ""燃料一"", ""fuel"": ""原煤"", ""raw_amount"": 730939.0, ""unit"": ""吨"", ""generation_use"": 727114.0, ""heat_use"": 3825.0, ""amount"": 730939.0, ""sulfur"": ""0.390"", ""sulfur_unit"": ""%"", ""ash"": ""8.80"", ""source_row"": 297}]","[{""component"": ""燃料一"", ""factor"": 0, ""unit"": ""g/kg"", ""reference"": ""式(6)、表C.3；电力生产/热力生产和供应OC占比=0""}]",[],0.0,0,式(6)、表C.3；电力生产/热力生产和供应OC占比=0,
SRC-RAW-8E6D2C1C87CB7061CE6D,POWER,NH3,not_involved,第7章核算范围,[],[],[],,,T/CSES 144-2024第7章、表D.1；未列NH3，未将缺省范围解释为零排放,OUTSIDE_CHAPTER7_POLLUTANT_SCOPE
SRC-RAW-30E77AB597BA9DCFE076,POWER,SO2,source_data_invalid,产排污系数法/煤质物料衡算法,"[{""component"": ""燃料一"", ""fuel"": ""一般烟煤"", ""raw_amount"": -171845.0, ""unit"": ""吨"", ""generation_use"": 171845.0, ""heat_use"": 0.0, ""amount"": -171845.0, ""sulfur"": ""0.890"", ""sulfur_unit"": ""%"", ""ash"": ""24.00"", ""source_row"": 298}]","[{""component"": ""燃料一"", ""factor"": 15.129999999999999, ""unit"": ""g/kg"", ""reference"": ""式(3)、表C.1；S按质量分数；sr=0.15；g/kg""}]",[],,,式(3)、表C.1；S按质量分数；sr=0.15；g/kg,HARD_CONSTRAINT_CONFLICT
SRC-RAW-30E77AB597BA9DCFE076,POWER,NOx,source_data_invalid,产排污系数法/煤质物料衡算法,"[{""component"": ""燃料一"", ""fuel"": ""一般烟煤"", ""raw_amount"": -171845.0, ""unit"": ""吨"", ""generation_use"": 171845.0, ""heat_use"": 0.0, ""amount"": -171845.0, ""sulfur"": ""0.890"", ""sulfur_unit"": ""%"", ""ash"": ""24.00"", ""source_row"": 298}]","[{""component"": ""燃料一"", ""factor"": 8.19, ""unit"": ""g/kg"", ""reference"": ""T/CSES 144-2024 7.2; 表D.1及注a-c；万千瓦×10=MW""}]",[],,,T/CSES 144-2024 7.2; 表D.1及注a-c；万千瓦×10=MW,HARD_CONSTRAINT_CONFLICT
SRC-RAW-30E77AB597BA9DCFE076,POWER,CO,source_data_invalid,产排污系数法/煤质物料衡算法,"[{""component"": ""燃料一"", ""fuel"": ""一般烟煤"", ""raw_amount"": -171845.0, ""unit"": ""吨"", ""generation_use"": 171845.0, ""heat_use"": 0.0, ""amount"": -171845.0, ""sulfur"": ""0.890"", ""sulfur_unit"": ""%"", ""ash"": ""24.00"", ""source_row"": 298}]","[{""component"": ""燃料一"", ""factor"": 2, ""unit"": ""g/kg"", ""reference"": ""T/CSES 144-2024 7.2; 表D.1及注a-c""}]",[],,,T/CSES 144-2024 7.2; 表D.1及注a-c,HARD_CONSTRAINT_CONFLICT
SRC-RAW-30E77AB597BA9DCFE076,POWER,VOC,source_data_invalid,产排污系数法/煤质物料衡算法,"[{""component"": ""燃料一"", ""fuel"": ""一般烟煤"", ""raw_amount"": -171845.0, ""unit"": ""吨"", ""generation_use"": 171845.0, ""heat_use"": 0.0, ""amount"": -171845.0, ""sulfur"": ""0.890"", ""sulfur_unit"": ""%"", ""ash"": ""24.00"", ""source_row"": 298}]","[{""component"": ""燃料一"", ""factor"": 0.04, ""unit"": ""g/kg"", ""reference"": ""T/CSES 144-2024 7.2; 表D.1及注a-c""}]",[],,,T/CSES 144-2024 7.2; 表D.1及注a-c,HARD_CONSTRAINT_CONFLICT
SRC-RAW-30E77AB597BA9DCFE076,POWER,PM10,source_data_invalid,产排污系数法/煤质物料衡算法,"[{""component"": ""燃料一"", ""fuel"": ""一般烟煤"", ""raw_amount"": -171845.0, ""unit"": ""吨"", ""generation_use"": 171845.0, ""heat_use"": 0.0, ""amount"": -171845.0, ""sulfur"": ""0.890"", ""sulfur_unit"": ""%"", ""ash"": ""24.00"", ""source_row"": 298}]","[{""component"": ""燃料一"", ""factor"": 41.4, ""unit"": ""g/kg"", ""reference"": ""式(4)-(6)、表C.1-C.3；灰分质量分数；g/kg""}]",[],,,式(4)-(6)、表C.1-C.3；灰分质量分数；g/kg,HARD_CONSTRAINT_CONFLICT
SRC-RAW-30E77AB597BA9DCFE076,POWER,PM2.5,source_data_invalid,产排污系数法/煤质物料衡算法,"[{""component"": ""燃料一"", ""fuel"": ""一般烟煤"", ""raw_amount"": -171845.0, ""unit"": ""吨"", ""generation_use"": 171845.0, ""heat_use"": 0.0, ""amount"": -171845.0, ""sulfur"": ""0.890"", ""sulfur_unit"": ""%"", ""ash"": ""24.00"", ""source_row"": 298}]","[{""component"": ""燃料一"", ""factor"": 10.799999999999999, ""unit"": ""g/kg"", ""reference"": ""式(4)-(6)、表C.1-C.3；灰分质量分数；g/kg""}]",[],,,式(4)-(6)、表C.1-C.3；灰分质量分数；g/kg,HARD_CONSTRAINT_CONFLICT
SRC-RAW-30E77AB597BA9DCFE076,POWER,BC,source_data_invalid,产排污系数法/煤质物料衡算法,"[{""component"": ""燃料一"", ""fuel"": ""一般烟煤"", ""raw_amount"": -171845.0, ""unit"": ""吨"", ""generation_use"": 171845.0, ""heat_use"": 0.0, ""amount"": -171845.0, ""sulfur"": ""0.890"", ""sulfur_unit"": ""%"", ""ash"": ""24.00"", ""source_row"": 298}]","[{""component"": ""燃料一"", ""factor"": 0.021599999999999998, ""unit"": ""g/kg"", ""reference"": ""式(4)-(6)、表C.1-C.3；灰分质量分数；g/kg""}]",[],,,式(4)-(6)、表C.1-C.3；灰分质量分数；g/kg,HARD_CONSTRAINT_CONFLICT
SRC-RAW-30E77AB597BA9DCFE076,POWER,OC,source_data_invalid,产排污系数法/煤质物料衡算法,"[{""component"": ""燃料一"", ""fuel"": ""一般烟煤"", ""raw_amount"": -171845.0, ""unit"": ""吨"", ""generation_use"": 171845.0, ""heat_use"": 0.0, ""amount"": -171845.0, ""sulfur"": ""0.890"", ""sulfur_unit"": ""%"", ""ash"": ""24.00"", ""source_row"": 298}]","[{""component"": ""燃料一"", ""factor"": 0, ""unit"": ""g/kg"", ""reference"": ""式(6)、表C.3；电力生产/热力生产和供应OC占比=0""}]",[],,,式(6)、表C.3；电力生产/热力生产和供应OC占比=0,HARD_CONSTRAINT_CONFLICT
SRC-RAW-30E77AB597BA9DCFE076,POWER,NH3,not_involved,第7章核算范围,[],[],[],,,T/CSES 144-2024第7章、表D.1；未列NH3，未将缺省范围解释为零排放,OUTSIDE_CHAPTER7_POLLUTANT_SCOPE
SRC-RAW-832F48DC0296C91CE5BC,POWER,SO2,information_insufficient,产排污系数法/煤质物料衡算法,"[{""component"": ""燃料一"", ""fuel"": ""一般烟煤"", ""raw_amount"": 195445.0, ""unit"": ""吨"", ""generation_use"": 195445.0, ""heat_use"": 0.0, ""amount"": 195445.0, ""sulfur"": ""0.910"", ""sulfur_unit"": ""%"", ""ash"": ""23.37"", ""source_row"": 299}]","[{""component"": ""燃料一"", ""factor"": 15.47, ""unit"": ""g/kg"", ""reference"": ""式(3)、表C.1；S按质量分数；sr=0.15；g/kg""}]",[],3023.53415,,式(3)、表C.1；S按质量分数；sr=0.15；g/kg,SOURCE_RELATION_MISSING
SRC-RAW-832F48DC0296C91CE5BC,POWER,NOx,information_insufficient,产排污系数法/煤质物料衡算法,"[{""component"": ""燃料一"", ""fuel"": ""一般烟煤"", ""raw_amount"": 195445.0, ""unit"": ""吨"", ""generation_use"": 195445.0, ""heat_use"": 0.0, ""amount"": 195445.0, ""sulfur"": ""0.910"", ""sulfur_unit"": ""%"", ""ash"": ""23.37"", ""source_row"": 299}]","[{""component"": ""燃料一"", ""factor"": 8.19, ""unit"": ""g/kg"", ""reference"": ""T/CSES 144-2024 7.2; 表D.1及注a-c；万千瓦×10=MW""}]",[],1600.69455,,T/CSES 144-2024 7.2; 表D.1及注a-c；万千瓦×10=MW,SOURCE_RELATION_MISSING
SRC-RAW-832F48DC0296C91CE5BC,POWER,CO,calculated,产排污系数法/煤质物料衡算法,"[{""component"": ""燃料一"", ""fuel"": ""一般烟煤"", ""raw_amount"": 195445.0, ""unit"": ""吨"", ""generation_use"": 195445.0, ""heat_use"": 0.0, ""amount"": 195445.0, ""sulfur"": ""0.910"", ""sulfur_unit"": ""%"", ""ash"": ""23.37"", ""source_row"": 299}]","[{""component"": ""燃料一"", ""factor"": 2, ""unit"": ""g/kg"", ""reference"": ""T/CSES 144-2024 7.2; 表D.1及注a-c""}]","[{""component"": ""燃烧源治理"", ""efficiency"": 0, ""reference"": ""表A.1燃烧源控制措施VOCs为0；CO按表D.1""}]",390.89,390.89,T/CSES 144-2024 7.2; 表D.1及注a-c,
SRC-RAW-832F48DC0296C91CE5BC,POWER,VOC,calculated,产排污系数法/煤质物料衡算法,"[{""component"": ""燃料一"", ""fuel"": ""一般烟煤"", ""raw_amount"": 195445.0, ""unit"": ""吨"", ""generation_use"": 195445.0, ""heat_use"": 0.0, ""amount"": 195445.0, ""sulfur"": ""0.910"", ""sulfur_unit"": ""%"", ""ash"": ""23.37"", ""source_row"": 299}]","[{""component"": ""燃料一"", ""factor"": 0.04, ""unit"": ""g/kg"", ""reference"": ""T/CSES 144-2024 7.2; 表D.1及注a-c""}]","[{""component"": ""燃烧源治理"", ""efficiency"": 0, ""reference"": ""表A.1燃烧源控制措施VOCs为0；CO按表D.1""}]",7.8178,7.8178,T/CSES 144-2024 7.2; 表D.1及注a-c,
SRC-RAW-832F48DC0296C91CE5BC,POWER,PM10,information_insufficient,产排污系数法/煤质物料衡算法,"[{""component"": ""燃料一"", ""fuel"": ""一般烟煤"", ""raw_amount"": 195445.0, ""unit"": ""吨"", ""generation_use"": 195445.0, ""heat_use"": 0.0, ""amount"": 195445.0, ""sulfur"": ""0.910"", ""sulfur_unit"": ""%"", ""ash"": ""23.37"", ""source_row"": 299}]","[{""component"": ""燃料一"", ""factor"": 40.313250000000004, ""unit"": ""g/kg"", ""reference"": ""式(4)-(6)、表C.1-C.3；灰分质量分数；g/kg""}]",[],7879.023146250001,,式(4)-(6)、表C.1-C.3；灰分质量分数；g/kg,SOURCE_RELATION_MISSING
SRC-RAW-832F48DC0296C91CE5BC,POWER,PM2.5,information_insufficient,产排污系数法/煤质物料衡算法,"[{""component"": ""燃料一"", ""fuel"": ""一般烟煤"", ""raw_amount"": 195445.0, ""unit"": ""吨"", ""generation_use"": 195445.0, ""heat_use"": 0.0, ""amount"": 195445.0, ""sulfur"": ""0.910"", ""sulfur_unit"": ""%"", ""ash"": ""23.37"", ""source_row"": 299}]","[{""component"": ""燃料一"", ""factor"": 10.5165, ""unit"": ""g/kg"", ""reference"": ""式(4)-(6)、表C.1-C.3；灰分质量分数；g/kg""}]",[],2055.3973425,,式(4)-(6)、表C.1-C.3；灰分质量分数；g/kg,SOURCE_RELATION_MISSING
SRC-RAW-832F48DC0296C91CE5BC,POWER,BC,information_insufficient,产排污系数法/煤质物料衡算法,"[{""component"": ""燃料一"", ""fuel"": ""一般烟煤"", ""raw_amount"": 195445.0, ""unit"": ""吨"", ""generation_use"": 195445.0, ""heat_use"": 0.0, ""amount"": 195445.0, ""sulfur"": ""0.910"", ""sulfur_unit"": ""%"", ""ash"": ""23.37"", ""source_row"": 299}]","[{""component"": ""燃料一"", ""factor"": 0.021033, ""unit"": ""g/kg"", ""reference"": ""式(4)-(6)、表C.1-C.3；灰分质量分数；g/kg""}]",[],4.110794685,,式(4)-(6)、表C.1-C.3；灰分质量分数；g/kg,SOURCE_RELATION_MISSING
SRC-RAW-832F48DC0296C91CE5BC,POWER,OC,calculated,产排污系数法/煤质物料衡算法,"[{""component"": ""燃料一"", ""fuel"": ""一般烟煤"", ""raw_amount"": 195445.0, ""unit"": ""吨"", ""generation_use"": 195445.0, ""heat_use"": 0.0, ""amount"": 195445.0, ""sulfur"": ""0.910"", ""sulfur_unit"": ""%"", ""ash"": ""23.37"", ""source_row"": 299}]","[{""component"": ""燃料一"", ""factor"": 0, ""unit"": ""g/kg"", ""reference"": ""式(6)、表C.3；电力生产/热力生产和供应OC占比=0""}]",[],0.0,0,式(6)、表C.3；电力生产/热力生产和供应OC占比=0,
SRC-RAW-832F48DC0296C91CE5BC,POWER,NH3,not_involved,第7章核算范围,[],[],[],,,T/CSES 144-2024第7章、表D.1；未列NH3，未将缺省范围解释为零排放,OUTSIDE_CHAPTER7_POLLUTANT_SCOPE
SRC-RAW-4C2DE7BEF32D7CAEC468,POWER,SO2,information_insufficient,产排污系数法/煤质物料衡算法,"[{""component"": ""燃料一"", ""fuel"": ""一般烟煤"", ""raw_amount"": null, ""unit"": ""吨"", ""generation_use"": 260254.0, ""heat_use"": 44942.0, ""amount"": 305196.0, ""sulfur"": ""1.020"", ""sulfur_unit"": ""%"", ""ash"": ""30.00"", ""source_row"": 301, ""derivation"": ""同单位发电消耗量+供热消耗量，指南7.2.1.2活动水平定义""}]","[{""component"": ""燃料一"", ""factor"": 17.34, ""unit"": ""g/kg"", ""reference"": ""式(3)、表C.1；S按质量分数；sr=0.15；g/kg""}]",[],5292.09864,,式(3)、表C.1；S按质量分数；sr=0.15；g/kg,SOURCE_RELATION_MISSING
SRC-RAW-4C2DE7BEF32D7CAEC468,POWER,NOx,information_insufficient,产排污系数法/煤质物料衡算法,"[{""component"": ""燃料一"", ""fuel"": ""一般烟煤"", ""raw_amount"": null, ""unit"": ""吨"", ""generation_use"": 260254.0, ""heat_use"": 44942.0, ""amount"": 305196.0, ""sulfur"": ""1.020"", ""sulfur_unit"": ""%"", ""ash"": ""30.00"", ""source_row"": 301, ""derivation"": ""同单位发电消耗量+供热消耗量，指南7.2.1.2活动水平定义""}]","[{""component"": ""燃料一"", ""factor"": 8.19, ""unit"": ""g/kg"", ""reference"": ""T/CSES 144-2024 7.2; 表D.1及注a-c；万千瓦×10=MW""}]",[],2499.5552399999997,,T/CSES 144-2024 7.2; 表D.1及注a-c；万千瓦×10=MW,SOURCE_RELATION_MISSING
SRC-RAW-4C2DE7BEF32D7CAEC468,POWER,CO,calculated,产排污系数法/煤质物料衡算法,"[{""component"": ""燃料一"", ""fuel"": ""一般烟煤"", ""raw_amount"": null, ""unit"": ""吨"", ""generation_use"": 260254.0, ""heat_use"": 44942.0, ""amount"": 305196.0, ""sulfur"": ""1.020"", ""sulfur_unit"": ""%"", ""ash"": ""30.00"", ""source_row"": 301, ""derivation"": ""同单位发电消耗量+供热消耗量，指南7.2.1.2活动水平定义""}]","[{""component"": ""燃料一"", ""factor"": 2, ""unit"": ""g/kg"", ""reference"": ""T/CSES 144-2024 7.2; 表D.1及注a-c""}]","[{""component"": ""燃烧源治理"", ""efficiency"": 0, ""reference"": ""表A.1燃烧源控制措施VOCs为0；CO按表D.1""}]",610.392,610.392,T/CSES 144-2024 7.2; 表D.1及注a-c,
SRC-RAW-4C2DE7BEF32D7CAEC468,POWER,VOC,calculated,产排污系数法/煤质物料衡算法,"[{""component"": ""燃料一"", ""fuel"": ""一般烟煤"", ""raw_amount"": null, ""unit"": ""吨"", ""generation_use"": 260254.0, ""heat_use"": 44942.0, ""amount"": 305196.0, ""sulfur"": ""1.020"", ""sulfur_unit"": ""%"", ""ash"": ""30.00"", ""source_row"": 301, ""derivation"": ""同单位发电消耗量+供热消耗量，指南7.2.1.2活动水平定义""}]","[{""component"": ""燃料一"", ""factor"": 0.04, ""unit"": ""g/kg"", ""reference"": ""T/CSES 144-2024 7.2; 表D.1及注a-c""}]","[{""component"": ""燃烧源治理"", ""efficiency"": 0, ""reference"": ""表A.1燃烧源控制措施VOCs为0；CO按表D.1""}]",12.207840000000001,12.207840000000001,T/CSES 144-2024 7.2; 表D.1及注a-c,
SRC-RAW-4C2DE7BEF32D7CAEC468,POWER,PM10,information_insufficient,产排污系数法/煤质物料衡算法,"[{""component"": ""燃料一"", ""fuel"": ""一般烟煤"", ""raw_amount"": null, ""unit"": ""吨"", ""generation_use"": 260254.0, ""heat_use"": 44942.0, ""amount"": 305196.0, ""sulfur"": ""1.020"", ""sulfur_unit"": ""%"", ""ash"": ""30.00"", ""source_row"": 301, ""derivation"": ""同单位发电消耗量+供热消耗量，指南7.2.1.2活动水平定义""}]","[{""component"": ""燃料一"", ""factor"": 51.75, ""unit"": ""g/kg"", ""reference"": ""式(4)-(6)、表C.1-C.3；灰分质量分数；g/kg""}]",[],15793.893,,式(4)-(6)、表C.1-C.3；灰分质量分数；g/kg,SOURCE_RELATION_MISSING
SRC-RAW-4C2DE7BEF32D7CAEC468,POWER,PM2.5,information_insufficient,产排污系数法/煤质物料衡算法,"[{""component"": ""燃料一"", ""fuel"": ""一般烟煤"", ""raw_amount"": null, ""unit"": ""吨"", ""generation_use"": 260254.0, ""heat_use"": 44942.0, ""amount"": 305196.0, ""sulfur"": ""1.020"", ""sulfur_unit"": ""%"", ""ash"": ""30.00"", ""source_row"": 301, ""derivation"": ""同单位发电消耗量+供热消耗量，指南7.2.1.2活动水平定义""}]","[{""component"": ""燃料一"", ""factor"": 13.499999999999998, ""unit"": ""g/kg"", ""reference"": ""式(4)-(6)、表C.1-C.3；灰分质量分数；g/kg""}]",[],4120.146,,式(4)-(6)、表C.1-C.3；灰分质量分数；g/kg,SOURCE_RELATION_MISSING
SRC-RAW-4C2DE7BEF32D7CAEC468,POWER,BC,information_insufficient,产排污系数法/煤质物料衡算法,"[{""component"": ""燃料一"", ""fuel"": ""一般烟煤"", ""raw_amount"": null, ""unit"": ""吨"", ""generation_use"": 260254.0, ""heat_use"": 44942.0, ""amount"": 305196.0, ""sulfur"": ""1.020"", ""sulfur_unit"": ""%"", ""ash"": ""30.00"", ""source_row"": 301, ""derivation"": ""同单位发电消耗量+供热消耗量，指南7.2.1.2活动水平定义""}]","[{""component"": ""燃料一"", ""factor"": 0.026999999999999996, ""unit"": ""g/kg"", ""reference"": ""式(4)-(6)、表C.1-C.3；灰分质量分数；g/kg""}]",[],8.240292,,式(4)-(6)、表C.1-C.3；灰分质量分数；g/kg,SOURCE_RELATION_MISSING
SRC-RAW-4C2DE7BEF32D7CAEC468,POWER,OC,calculated,产排污系数法/煤质物料衡算法,"[{""component"": ""燃料一"", ""fuel"": ""一般烟煤"", ""raw_amount"": null, ""unit"": ""吨"", ""generation_use"": 260254.0, ""heat_use"": 44942.0, ""amount"": 305196.0, ""sulfur"": ""1.020"", ""sulfur_unit"": ""%"", ""ash"": ""30.00"", ""source_row"": 301, ""derivation"": ""同单位发电消耗量+供热消耗量，指南7.2.1.2活动水平定义""}]","[{""component"": ""燃料一"", ""factor"": 0, ""unit"": ""g/kg"", ""reference"": ""式(6)、表C.3；电力生产/热力生产和供应OC占比=0""}]",[],0.0,0,式(6)、表C.3；电力生产/热力生产和供应OC占比=0,
SRC-RAW-4C2DE7BEF32D7CAEC468,POWER,NH3,not_involved,第7章核算范围,[],[],[],,,T/CSES 144-2024第7章、表D.1；未列NH3，未将缺省范围解释为零排放,OUTSIDE_CHAPTER7_POLLUTANT_SCOPE
