source_id,pollutant,root_cause,action_required
SRC-RAW-3E66D36FC4F7A71C87FB,ALL,SOURCE_RELATION_MISSING: 源排放口编号缺失,补充设备与排放口关系，不按企业治理设施平均分摊
SRC-RAW-3E66D36FC4F7A71C87FB,NOx,SOURCE_RELATION_MISSING: 排放口编号缺失，无法确定治理链,补充或核正该项原始信息；保留其他污染物可核算部分
SRC-RAW-3E66D36FC4F7A71C87FB,PM10,SOURCE_RELATION_MISSING: 排放口编号缺失，无法确定治理链,补充或核正该项原始信息；保留其他污染物可核算部分
SRC-RAW-3E66D36FC4F7A71C87FB,PM2.5,SOURCE_RELATION_MISSING: 排放口编号缺失，无法确定治理链,补充或核正该项原始信息；保留其他污染物可核算部分
SRC-RAW-DB41A697E6D3E6CCEBB9,SO2,FACTOR_NOT_APPLICABLE: T/CSES 144-2024 7.2; 表D.1及注a-c；未提供该设备技术的对应系数,补充对应污染物参数或该燃料/设备适用系数
SRC-RAW-DB41A697E6D3E6CCEBB9,SO2,FACTOR_NOT_APPLICABLE: T/CSES 144-2024 7.2; 表D.1及注a-c；未提供该设备技术的对应系数,补充或核正该项原始信息；保留其他污染物可核算部分
SRC-RAW-DB41A697E6D3E6CCEBB9,NOx,FACTOR_NOT_APPLICABLE: T/CSES 144-2024 7.2; 表D.1及注a-c；未提供该设备技术的对应系数,补充对应污染物参数或该燃料/设备适用系数
SRC-RAW-DB41A697E6D3E6CCEBB9,NOx,FACTOR_NOT_APPLICABLE: T/CSES 144-2024 7.2; 表D.1及注a-c；未提供该设备技术的对应系数,补充或核正该项原始信息；保留其他污染物可核算部分
SRC-RAW-DB41A697E6D3E6CCEBB9,CO,FACTOR_NOT_APPLICABLE: T/CSES 144-2024 7.2; 表D.1及注a-c；未提供该设备技术的对应系数,补充对应污染物参数或该燃料/设备适用系数
SRC-RAW-DB41A697E6D3E6CCEBB9,CO,FACTOR_NOT_APPLICABLE: T/CSES 144-2024 7.2; 表D.1及注a-c；未提供该设备技术的对应系数,补充或核正该项原始信息；保留其他污染物可核算部分
SRC-RAW-DB41A697E6D3E6CCEBB9,VOC,FACTOR_NOT_APPLICABLE: T/CSES 144-2024 7.2; 表D.1及注a-c；未提供该设备技术的对应系数,补充对应污染物参数或该燃料/设备适用系数
SRC-RAW-DB41A697E6D3E6CCEBB9,VOC,FACTOR_NOT_APPLICABLE: T/CSES 144-2024 7.2; 表D.1及注a-c；未提供该设备技术的对应系数,补充或核正该项原始信息；保留其他污染物可核算部分
SRC-RAW-DB41A697E6D3E6CCEBB9,PM10,FACTOR_NOT_APPLICABLE: T/CSES 144-2024 7.2; 表D.1及注a-c；未提供该设备技术的对应系数,补充对应污染物参数或该燃料/设备适用系数
SRC-RAW-DB41A697E6D3E6CCEBB9,PM10,FACTOR_NOT_APPLICABLE: T/CSES 144-2024 7.2; 表D.1及注a-c；未提供该设备技术的对应系数,补充或核正该项原始信息；保留其他污染物可核算部分
SRC-RAW-DB41A697E6D3E6CCEBB9,PM2.5,FACTOR_NOT_APPLICABLE: T/CSES 144-2024 7.2; 表D.1及注a-c；未提供该设备技术的对应系数,补充对应污染物参数或该燃料/设备适用系数
SRC-RAW-DB41A697E6D3E6CCEBB9,PM2.5,FACTOR_NOT_APPLICABLE: T/CSES 144-2024 7.2; 表D.1及注a-c；未提供该设备技术的对应系数,补充或核正该项原始信息；保留其他污染物可核算部分
SRC-RAW-DB41A697E6D3E6CCEBB9,BC,FACTOR_NOT_APPLICABLE: T/CSES 144-2024 7.2; 表D.1及注a-c；未提供该设备技术的对应系数,补充对应污染物参数或该燃料/设备适用系数
SRC-RAW-DB41A697E6D3E6CCEBB9,BC,FACTOR_NOT_APPLICABLE: T/CSES 144-2024 7.2; 表D.1及注a-c；未提供该设备技术的对应系数,补充或核正该项原始信息；保留其他污染物可核算部分
SRC-RAW-DB41A697E6D3E6CCEBB9,OC,FACTOR_NOT_APPLICABLE: T/CSES 144-2024 7.2; 表D.1及注a-c；未提供该设备技术的对应系数,补充对应污染物参数或该燃料/设备适用系数
SRC-RAW-DB41A697E6D3E6CCEBB9,OC,FACTOR_NOT_APPLICABLE: T/CSES 144-2024 7.2; 表D.1及注a-c；未提供该设备技术的对应系数,补充或核正该项原始信息；保留其他污染物可核算部分
SRC-RAW-09CC07AB1163C70FFAC1,ALL,HARD_CONSTRAINT_CONFLICT: 燃料一消耗量为负，不能以正分项覆盖冲突,核正原始燃料总量及分项
SRC-RAW-09CC07AB1163C70FFAC1,SO2,FACTOR_NOT_APPLICABLE: T/CSES 144-2024 7.2; 表D.1及注a-c；未提供该设备技术的对应系数,补充对应污染物参数或该燃料/设备适用系数
SRC-RAW-09CC07AB1163C70FFAC1,SO2,HARD_CONSTRAINT_CONFLICT: 燃料一消耗量为负,补充或核正该项原始信息；保留其他污染物可核算部分
SRC-RAW-09CC07AB1163C70FFAC1,SO2,FACTOR_NOT_APPLICABLE: T/CSES 144-2024 7.2; 表D.1及注a-c；未提供该设备技术的对应系数,补充或核正该项原始信息；保留其他污染物可核算部分
SRC-RAW-09CC07AB1163C70FFAC1,NOx,FACTOR_NOT_APPLICABLE: T/CSES 144-2024 7.2; 表D.1及注a-c；未提供该设备技术的对应系数,补充对应污染物参数或该燃料/设备适用系数
SRC-RAW-09CC07AB1163C70FFAC1,NOx,HARD_CONSTRAINT_CONFLICT: 燃料一消耗量为负,补充或核正该项原始信息；保留其他污染物可核算部分
SRC-RAW-09CC07AB1163C70FFAC1,NOx,FACTOR_NOT_APPLICABLE: T/CSES 144-2024 7.2; 表D.1及注a-c；未提供该设备技术的对应系数,补充或核正该项原始信息；保留其他污染物可核算部分
SRC-RAW-09CC07AB1163C70FFAC1,CO,FACTOR_NOT_APPLICABLE: T/CSES 144-2024 7.2; 表D.1及注a-c；未提供该设备技术的对应系数,补充对应污染物参数或该燃料/设备适用系数
SRC-RAW-09CC07AB1163C70FFAC1,CO,HARD_CONSTRAINT_CONFLICT: 燃料一消耗量为负,补充或核正该项原始信息；保留其他污染物可核算部分
SRC-RAW-09CC07AB1163C70FFAC1,CO,FACTOR_NOT_APPLICABLE: T/CSES 144-2024 7.2; 表D.1及注a-c；未提供该设备技术的对应系数,补充或核正该项原始信息；保留其他污染物可核算部分
SRC-RAW-09CC07AB1163C70FFAC1,VOC,FACTOR_NOT_APPLICABLE: T/CSES 144-2024 7.2; 表D.1及注a-c；未提供该设备技术的对应系数,补充对应污染物参数或该燃料/设备适用系数
SRC-RAW-09CC07AB1163C70FFAC1,VOC,HARD_CONSTRAINT_CONFLICT: 燃料一消耗量为负,补充或核正该项原始信息；保留其他污染物可核算部分
SRC-RAW-09CC07AB1163C70FFAC1,VOC,FACTOR_NOT_APPLICABLE: T/CSES 144-2024 7.2; 表D.1及注a-c；未提供该设备技术的对应系数,补充或核正该项原始信息；保留其他污染物可核算部分
SRC-RAW-09CC07AB1163C70FFAC1,PM10,FACTOR_NOT_APPLICABLE: T/CSES 144-2024 7.2; 表D.1及注a-c；未提供该设备技术的对应系数,补充对应污染物参数或该燃料/设备适用系数
SRC-RAW-09CC07AB1163C70FFAC1,PM10,HARD_CONSTRAINT_CONFLICT: 燃料一消耗量为负,补充或核正该项原始信息；保留其他污染物可核算部分
SRC-RAW-09CC07AB1163C70FFAC1,PM10,FACTOR_NOT_APPLICABLE: T/CSES 144-2024 7.2; 表D.1及注a-c；未提供该设备技术的对应系数,补充或核正该项原始信息；保留其他污染物可核算部分
SRC-RAW-09CC07AB1163C70FFAC1,PM2.5,FACTOR_NOT_APPLICABLE: T/CSES 144-2024 7.2; 表D.1及注a-c；未提供该设备技术的对应系数,补充对应污染物参数或该燃料/设备适用系数
SRC-RAW-09CC07AB1163C70FFAC1,PM2.5,HARD_CONSTRAINT_CONFLICT: 燃料一消耗量为负,补充或核正该项原始信息；保留其他污染物可核算部分
SRC-RAW-09CC07AB1163C70FFAC1,PM2.5,FACTOR_NOT_APPLICABLE: T/CSES 144-2024 7.2; 表D.1及注a-c；未提供该设备技术的对应系数,补充或核正该项原始信息；保留其他污染物可核算部分
SRC-RAW-09CC07AB1163C70FFAC1,BC,FACTOR_NOT_APPLICABLE: T/CSES 144-2024 7.2; 表D.1及注a-c；未提供该设备技术的对应系数,补充对应污染物参数或该燃料/设备适用系数
SRC-RAW-09CC07AB1163C70FFAC1,BC,HARD_CONSTRAINT_CONFLICT: 燃料一消耗量为负,补充或核正该项原始信息；保留其他污染物可核算部分
SRC-RAW-09CC07AB1163C70FFAC1,BC,FACTOR_NOT_APPLICABLE: T/CSES 144-2024 7.2; 表D.1及注a-c；未提供该设备技术的对应系数,补充或核正该项原始信息；保留其他污染物可核算部分
SRC-RAW-09CC07AB1163C70FFAC1,OC,FACTOR_NOT_APPLICABLE: T/CSES 144-2024 7.2; 表D.1及注a-c；未提供该设备技术的对应系数,补充对应污染物参数或该燃料/设备适用系数
SRC-RAW-09CC07AB1163C70FFAC1,OC,HARD_CONSTRAINT_CONFLICT: 燃料一消耗量为负,补充或核正该项原始信息；保留其他污染物可核算部分
SRC-RAW-09CC07AB1163C70FFAC1,OC,FACTOR_NOT_APPLICABLE: T/CSES 144-2024 7.2; 表D.1及注a-c；未提供该设备技术的对应系数,补充或核正该项原始信息；保留其他污染物可核算部分
SRC-RAW-934C722DA5B37B8C1AE7,SO2,FACTOR_NOT_APPLICABLE: T/CSES 144-2024 7.2; 表D.1及注a-c；未提供该设备技术的对应系数,补充对应污染物参数或该燃料/设备适用系数
SRC-RAW-934C722DA5B37B8C1AE7,SO2,FACTOR_NOT_APPLICABLE: T/CSES 144-2024 7.2; 表D.1及注a-c；未提供该设备技术的对应系数,补充或核正该项原始信息；保留其他污染物可核算部分
SRC-RAW-934C722DA5B37B8C1AE7,NOx,FACTOR_NOT_APPLICABLE: T/CSES 144-2024 7.2; 表D.1及注a-c；未提供该设备技术的对应系数,补充对应污染物参数或该燃料/设备适用系数
SRC-RAW-934C722DA5B37B8C1AE7,NOx,FACTOR_NOT_APPLICABLE: T/CSES 144-2024 7.2; 表D.1及注a-c；未提供该设备技术的对应系数,补充或核正该项原始信息；保留其他污染物可核算部分
SRC-RAW-934C722DA5B37B8C1AE7,CO,FACTOR_NOT_APPLICABLE: T/CSES 144-2024 7.2; 表D.1及注a-c；未提供该设备技术的对应系数,补充对应污染物参数或该燃料/设备适用系数
SRC-RAW-934C722DA5B37B8C1AE7,CO,FACTOR_NOT_APPLICABLE: T/CSES 144-2024 7.2; 表D.1及注a-c；未提供该设备技术的对应系数,补充或核正该项原始信息；保留其他污染物可核算部分
SRC-RAW-934C722DA5B37B8C1AE7,VOC,FACTOR_NOT_APPLICABLE: T/CSES 144-2024 7.2; 表D.1及注a-c；未提供该设备技术的对应系数,补充对应污染物参数或该燃料/设备适用系数
SRC-RAW-934C722DA5B37B8C1AE7,VOC,FACTOR_NOT_APPLICABLE: T/CSES 144-2024 7.2; 表D.1及注a-c；未提供该设备技术的对应系数,补充或核正该项原始信息；保留其他污染物可核算部分
SRC-RAW-934C722DA5B37B8C1AE7,PM10,FACTOR_NOT_APPLICABLE: T/CSES 144-2024 7.2; 表D.1及注a-c；未提供该设备技术的对应系数,补充对应污染物参数或该燃料/设备适用系数
SRC-RAW-934C722DA5B37B8C1AE7,PM10,FACTOR_NOT_APPLICABLE: T/CSES 144-2024 7.2; 表D.1及注a-c；未提供该设备技术的对应系数,补充或核正该项原始信息；保留其他污染物可核算部分
SRC-RAW-934C722DA5B37B8C1AE7,PM2.5,FACTOR_NOT_APPLICABLE: T/CSES 144-2024 7.2; 表D.1及注a-c；未提供该设备技术的对应系数,补充对应污染物参数或该燃料/设备适用系数
SRC-RAW-934C722DA5B37B8C1AE7,PM2.5,FACTOR_NOT_APPLICABLE: T/CSES 144-2024 7.2; 表D.1及注a-c；未提供该设备技术的对应系数,补充或核正该项原始信息；保留其他污染物可核算部分
SRC-RAW-934C722DA5B37B8C1AE7,BC,FACTOR_NOT_APPLICABLE: T/CSES 144-2024 7.2; 表D.1及注a-c；未提供该设备技术的对应系数,补充对应污染物参数或该燃料/设备适用系数
SRC-RAW-934C722DA5B37B8C1AE7,BC,FACTOR_NOT_APPLICABLE: T/CSES 144-2024 7.2; 表D.1及注a-c；未提供该设备技术的对应系数,补充或核正该项原始信息；保留其他污染物可核算部分
SRC-RAW-934C722DA5B37B8C1AE7,OC,FACTOR_NOT_APPLICABLE: T/CSES 144-2024 7.2; 表D.1及注a-c；未提供该设备技术的对应系数,补充对应污染物参数或该燃料/设备适用系数
SRC-RAW-934C722DA5B37B8C1AE7,OC,FACTOR_NOT_APPLICABLE: T/CSES 144-2024 7.2; 表D.1及注a-c；未提供该设备技术的对应系数,补充或核正该项原始信息；保留其他污染物可核算部分
SRC-RAW-1AB2981F39D95390A9AA,ALL,ACTIVITY_MISSING: 燃料一总消耗量空白,在同单位发电及供热分项完整时相加；否则补充总量
SRC-RAW-1AB2981F39D95390A9AA,SO2,FACTOR_NOT_APPLICABLE: T/CSES 144-2024 7.2; 表D.1及注a-c；未提供该设备技术的对应系数,补充对应污染物参数或该燃料/设备适用系数
SRC-RAW-1AB2981F39D95390A9AA,SO2,ACTIVITY_MISSING: 燃料一总量与完整分项不足,补充或核正该项原始信息；保留其他污染物可核算部分
SRC-RAW-1AB2981F39D95390A9AA,SO2,FACTOR_NOT_APPLICABLE: T/CSES 144-2024 7.2; 表D.1及注a-c；未提供该设备技术的对应系数,补充或核正该项原始信息；保留其他污染物可核算部分
SRC-RAW-1AB2981F39D95390A9AA,NOx,FACTOR_NOT_APPLICABLE: T/CSES 144-2024 7.2; 表D.1及注a-c；未提供该设备技术的对应系数,补充对应污染物参数或该燃料/设备适用系数
SRC-RAW-1AB2981F39D95390A9AA,NOx,ACTIVITY_MISSING: 燃料一总量与完整分项不足,补充或核正该项原始信息；保留其他污染物可核算部分
SRC-RAW-1AB2981F39D95390A9AA,NOx,FACTOR_NOT_APPLICABLE: T/CSES 144-2024 7.2; 表D.1及注a-c；未提供该设备技术的对应系数,补充或核正该项原始信息；保留其他污染物可核算部分
SRC-RAW-1AB2981F39D95390A9AA,CO,FACTOR_NOT_APPLICABLE: T/CSES 144-2024 7.2; 表D.1及注a-c；未提供该设备技术的对应系数,补充对应污染物参数或该燃料/设备适用系数
SRC-RAW-1AB2981F39D95390A9AA,CO,ACTIVITY_MISSING: 燃料一总量与完整分项不足,补充或核正该项原始信息；保留其他污染物可核算部分
SRC-RAW-1AB2981F39D95390A9AA,CO,FACTOR_NOT_APPLICABLE: T/CSES 144-2024 7.2; 表D.1及注a-c；未提供该设备技术的对应系数,补充或核正该项原始信息；保留其他污染物可核算部分
SRC-RAW-1AB2981F39D95390A9AA,VOC,FACTOR_NOT_APPLICABLE: T/CSES 144-2024 7.2; 表D.1及注a-c；未提供该设备技术的对应系数,补充对应污染物参数或该燃料/设备适用系数
SRC-RAW-1AB2981F39D95390A9AA,VOC,ACTIVITY_MISSING: 燃料一总量与完整分项不足,补充或核正该项原始信息；保留其他污染物可核算部分
SRC-RAW-1AB2981F39D95390A9AA,VOC,FACTOR_NOT_APPLICABLE: T/CSES 144-2024 7.2; 表D.1及注a-c；未提供该设备技术的对应系数,补充或核正该项原始信息；保留其他污染物可核算部分
SRC-RAW-1AB2981F39D95390A9AA,PM10,FACTOR_NOT_APPLICABLE: T/CSES 144-2024 7.2; 表D.1及注a-c；未提供该设备技术的对应系数,补充对应污染物参数或该燃料/设备适用系数
SRC-RAW-1AB2981F39D95390A9AA,PM10,ACTIVITY_MISSING: 燃料一总量与完整分项不足,补充或核正该项原始信息；保留其他污染物可核算部分
SRC-RAW-1AB2981F39D95390A9AA,PM10,FACTOR_NOT_APPLICABLE: T/CSES 144-2024 7.2; 表D.1及注a-c；未提供该设备技术的对应系数,补充或核正该项原始信息；保留其他污染物可核算部分
SRC-RAW-1AB2981F39D95390A9AA,PM2.5,FACTOR_NOT_APPLICABLE: T/CSES 144-2024 7.2; 表D.1及注a-c；未提供该设备技术的对应系数,补充对应污染物参数或该燃料/设备适用系数
SRC-RAW-1AB2981F39D95390A9AA,PM2.5,ACTIVITY_MISSING: 燃料一总量与完整分项不足,补充或核正该项原始信息；保留其他污染物可核算部分
SRC-RAW-1AB2981F39D95390A9AA,PM2.5,FACTOR_NOT_APPLICABLE: T/CSES 144-2024 7.2; 表D.1及注a-c；未提供该设备技术的对应系数,补充或核正该项原始信息；保留其他污染物可核算部分
SRC-RAW-1AB2981F39D95390A9AA,BC,FACTOR_NOT_APPLICABLE: T/CSES 144-2024 7.2; 表D.1及注a-c；未提供该设备技术的对应系数,补充对应污染物参数或该燃料/设备适用系数
SRC-RAW-1AB2981F39D95390A9AA,BC,ACTIVITY_MISSING: 燃料一总量与完整分项不足,补充或核正该项原始信息；保留其他污染物可核算部分
SRC-RAW-1AB2981F39D95390A9AA,BC,FACTOR_NOT_APPLICABLE: T/CSES 144-2024 7.2; 表D.1及注a-c；未提供该设备技术的对应系数,补充或核正该项原始信息；保留其他污染物可核算部分
SRC-RAW-1AB2981F39D95390A9AA,OC,FACTOR_NOT_APPLICABLE: T/CSES 144-2024 7.2; 表D.1及注a-c；未提供该设备技术的对应系数,补充对应污染物参数或该燃料/设备适用系数
SRC-RAW-1AB2981F39D95390A9AA,OC,ACTIVITY_MISSING: 燃料一总量与完整分项不足,补充或核正该项原始信息；保留其他污染物可核算部分
SRC-RAW-1AB2981F39D95390A9AA,OC,FACTOR_NOT_APPLICABLE: T/CSES 144-2024 7.2; 表D.1及注a-c；未提供该设备技术的对应系数,补充或核正该项原始信息；保留其他污染物可核算部分
SRC-RAW-7DB401C6AD1D015503BE,ALL,SOURCE_RELATION_MISSING: 源排放口编号缺失,补充设备与排放口关系，不按企业治理设施平均分摊
SRC-RAW-7DB401C6AD1D015503BE,SO2,FACTOR_NOT_APPLICABLE: T/CSES 144-2024 7.2; 表D.1及注a-c；未提供该设备技术的对应系数,补充对应污染物参数或该燃料/设备适用系数
SRC-RAW-7DB401C6AD1D015503BE,SO2,FACTOR_NOT_APPLICABLE: T/CSES 144-2024 7.2; 表D.1及注a-c；未提供该设备技术的对应系数,补充或核正该项原始信息；保留其他污染物可核算部分
SRC-RAW-7DB401C6AD1D015503BE,NOx,FACTOR_NOT_APPLICABLE: T/CSES 144-2024 7.2; 表D.1及注a-c；未提供该设备技术的对应系数,补充对应污染物参数或该燃料/设备适用系数
SRC-RAW-7DB401C6AD1D015503BE,NOx,FACTOR_NOT_APPLICABLE: T/CSES 144-2024 7.2; 表D.1及注a-c；未提供该设备技术的对应系数,补充或核正该项原始信息；保留其他污染物可核算部分
SRC-RAW-7DB401C6AD1D015503BE,CO,FACTOR_NOT_APPLICABLE: T/CSES 144-2024 7.2; 表D.1及注a-c；未提供该设备技术的对应系数,补充对应污染物参数或该燃料/设备适用系数
SRC-RAW-7DB401C6AD1D015503BE,CO,FACTOR_NOT_APPLICABLE: T/CSES 144-2024 7.2; 表D.1及注a-c；未提供该设备技术的对应系数,补充或核正该项原始信息；保留其他污染物可核算部分
SRC-RAW-7DB401C6AD1D015503BE,VOC,FACTOR_NOT_APPLICABLE: T/CSES 144-2024 7.2; 表D.1及注a-c；未提供该设备技术的对应系数,补充对应污染物参数或该燃料/设备适用系数
SRC-RAW-7DB401C6AD1D015503BE,VOC,FACTOR_NOT_APPLICABLE: T/CSES 144-2024 7.2; 表D.1及注a-c；未提供该设备技术的对应系数,补充或核正该项原始信息；保留其他污染物可核算部分
SRC-RAW-7DB401C6AD1D015503BE,PM10,FACTOR_NOT_APPLICABLE: T/CSES 144-2024 7.2; 表D.1及注a-c；未提供该设备技术的对应系数,补充对应污染物参数或该燃料/设备适用系数
SRC-RAW-7DB401C6AD1D015503BE,PM10,FACTOR_NOT_APPLICABLE: T/CSES 144-2024 7.2; 表D.1及注a-c；未提供该设备技术的对应系数,补充或核正该项原始信息；保留其他污染物可核算部分
SRC-RAW-7DB401C6AD1D015503BE,PM2.5,FACTOR_NOT_APPLICABLE: T/CSES 144-2024 7.2; 表D.1及注a-c；未提供该设备技术的对应系数,补充对应污染物参数或该燃料/设备适用系数
SRC-RAW-7DB401C6AD1D015503BE,PM2.5,FACTOR_NOT_APPLICABLE: T/CSES 144-2024 7.2; 表D.1及注a-c；未提供该设备技术的对应系数,补充或核正该项原始信息；保留其他污染物可核算部分
SRC-RAW-7DB401C6AD1D015503BE,BC,FACTOR_NOT_APPLICABLE: T/CSES 144-2024 7.2; 表D.1及注a-c；未提供该设备技术的对应系数,补充对应污染物参数或该燃料/设备适用系数
SRC-RAW-7DB401C6AD1D015503BE,BC,FACTOR_NOT_APPLICABLE: T/CSES 144-2024 7.2; 表D.1及注a-c；未提供该设备技术的对应系数,补充或核正该项原始信息；保留其他污染物可核算部分
SRC-RAW-7DB401C6AD1D015503BE,OC,FACTOR_NOT_APPLICABLE: T/CSES 144-2024 7.2; 表D.1及注a-c；未提供该设备技术的对应系数,补充对应污染物参数或该燃料/设备适用系数
SRC-RAW-7DB401C6AD1D015503BE,OC,FACTOR_NOT_APPLICABLE: T/CSES 144-2024 7.2; 表D.1及注a-c；未提供该设备技术的对应系数,补充或核正该项原始信息；保留其他污染物可核算部分
SRC-RAW-B8510A104767F52727BA,SO2,POLLUTANT_PARAMETER_MISSING: 式(3)、表C.1；收到基硫分缺失,补充对应污染物参数或该燃料/设备适用系数
SRC-RAW-B8510A104767F52727BA,SO2,POLLUTANT_PARAMETER_MISSING: 式(3)、表C.1；收到基硫分缺失,补充或核正该项原始信息；保留其他污染物可核算部分
SRC-RAW-B8510A104767F52727BA,NOx,SOURCE_RELATION_MISSING: 企业存在治理设施但本源排放口无对应脱硝记录,补充或核正该项原始信息；保留其他污染物可核算部分
SRC-RAW-B8510A104767F52727BA,PM10,SOURCE_RELATION_MISSING: 企业存在治理设施但本源排放口无对应除尘记录,补充或核正该项原始信息；保留其他污染物可核算部分
SRC-RAW-B8510A104767F52727BA,PM2.5,SOURCE_RELATION_MISSING: 企业存在治理设施但本源排放口无对应除尘记录,补充或核正该项原始信息；保留其他污染物可核算部分
SRC-RAW-B8510A104767F52727BA,BC,SOURCE_RELATION_MISSING: 企业存在治理设施但本源排放口无对应除尘记录,补充或核正该项原始信息；保留其他污染物可核算部分
SRC-RAW-9AFF69BBAFECE52DAA67,ALL,HARD_CONSTRAINT_CONFLICT: 燃料一消耗量为负，不能以正分项覆盖冲突,核正原始燃料总量及分项
SRC-RAW-9AFF69BBAFECE52DAA67,SO2,HARD_CONSTRAINT_CONFLICT: 燃料一消耗量为负,补充或核正该项原始信息；保留其他污染物可核算部分
SRC-RAW-9AFF69BBAFECE52DAA67,NOx,HARD_CONSTRAINT_CONFLICT: 燃料一消耗量为负,补充或核正该项原始信息；保留其他污染物可核算部分
SRC-RAW-9AFF69BBAFECE52DAA67,CO,HARD_CONSTRAINT_CONFLICT: 燃料一消耗量为负,补充或核正该项原始信息；保留其他污染物可核算部分
SRC-RAW-9AFF69BBAFECE52DAA67,VOC,HARD_CONSTRAINT_CONFLICT: 燃料一消耗量为负,补充或核正该项原始信息；保留其他污染物可核算部分
SRC-RAW-9AFF69BBAFECE52DAA67,PM10,HARD_CONSTRAINT_CONFLICT: 燃料一消耗量为负,补充或核正该项原始信息；保留其他污染物可核算部分
SRC-RAW-9AFF69BBAFECE52DAA67,PM2.5,HARD_CONSTRAINT_CONFLICT: 燃料一消耗量为负,补充或核正该项原始信息；保留其他污染物可核算部分
SRC-RAW-9AFF69BBAFECE52DAA67,BC,HARD_CONSTRAINT_CONFLICT: 燃料一消耗量为负,补充或核正该项原始信息；保留其他污染物可核算部分
SRC-RAW-9AFF69BBAFECE52DAA67,OC,HARD_CONSTRAINT_CONFLICT: 燃料一消耗量为负,补充或核正该项原始信息；保留其他污染物可核算部分
SRC-RAW-3A966F6751381310DE95,SO2,SOURCE_RELATION_MISSING: 企业存在治理设施但本源排放口无对应脱硫记录,补充或核正该项原始信息；保留其他污染物可核算部分
SRC-RAW-3A966F6751381310DE95,NOx,SOURCE_RELATION_MISSING: 企业存在治理设施但本源排放口无对应脱硝记录,补充或核正该项原始信息；保留其他污染物可核算部分
SRC-RAW-3A966F6751381310DE95,PM10,SOURCE_RELATION_MISSING: 企业存在治理设施但本源排放口无对应除尘记录,补充或核正该项原始信息；保留其他污染物可核算部分
SRC-RAW-3A966F6751381310DE95,PM2.5,SOURCE_RELATION_MISSING: 企业存在治理设施但本源排放口无对应除尘记录,补充或核正该项原始信息；保留其他污染物可核算部分
SRC-RAW-3A966F6751381310DE95,BC,SOURCE_RELATION_MISSING: 企业存在治理设施但本源排放口无对应除尘记录,补充或核正该项原始信息；保留其他污染物可核算部分
SRC-RAW-3E1F4674BE5DEDEDE380,SO2,SOURCE_RELATION_MISSING: 企业存在治理设施但本源排放口无对应脱硫记录,补充或核正该项原始信息；保留其他污染物可核算部分
SRC-RAW-3E1F4674BE5DEDEDE380,NOx,SOURCE_RELATION_MISSING: 企业存在治理设施但本源排放口无对应脱硝记录,补充或核正该项原始信息；保留其他污染物可核算部分
SRC-RAW-3E1F4674BE5DEDEDE380,PM10,POLLUTANT_PARAMETER_MISSING: 式(4)-(6)、表C.1-C.3；收到基灰分缺失,补充对应污染物参数或该燃料/设备适用系数
SRC-RAW-3E1F4674BE5DEDEDE380,PM10,POLLUTANT_PARAMETER_MISSING: 式(4)-(6)、表C.1-C.3；收到基灰分缺失,补充或核正该项原始信息；保留其他污染物可核算部分
SRC-RAW-3E1F4674BE5DEDEDE380,PM2.5,POLLUTANT_PARAMETER_MISSING: 式(4)-(6)、表C.1-C.3；收到基灰分缺失,补充对应污染物参数或该燃料/设备适用系数
SRC-RAW-3E1F4674BE5DEDEDE380,PM2.5,POLLUTANT_PARAMETER_MISSING: 式(4)-(6)、表C.1-C.3；收到基灰分缺失,补充或核正该项原始信息；保留其他污染物可核算部分
SRC-RAW-3E1F4674BE5DEDEDE380,BC,POLLUTANT_PARAMETER_MISSING: 式(4)-(6)、表C.1-C.3；收到基灰分缺失,补充对应污染物参数或该燃料/设备适用系数
SRC-RAW-3E1F4674BE5DEDEDE380,BC,POLLUTANT_PARAMETER_MISSING: 式(4)-(6)、表C.1-C.3；收到基灰分缺失,补充或核正该项原始信息；保留其他污染物可核算部分
SRC-RAW-6AAABCE4184D20AE823E,NOx,SOURCE_RELATION_MISSING: 无可关联治理设施记录，不能推定无治理,补充或核正该项原始信息；保留其他污染物可核算部分
SRC-RAW-6AAABCE4184D20AE823E,PM10,SOURCE_RELATION_MISSING: 无可关联治理设施记录，不能推定无治理,补充或核正该项原始信息；保留其他污染物可核算部分
SRC-RAW-6AAABCE4184D20AE823E,PM2.5,SOURCE_RELATION_MISSING: 无可关联治理设施记录，不能推定无治理,补充或核正该项原始信息；保留其他污染物可核算部分
SRC-RAW-9B8229F8C1512374E339,SO2,FACTOR_NOT_APPLICABLE: T/CSES 144-2024 7.2; 表D.1及注a-c；未提供该设备技术的对应系数,补充对应污染物参数或该燃料/设备适用系数
SRC-RAW-9B8229F8C1512374E339,SO2,FACTOR_NOT_APPLICABLE: T/CSES 144-2024 7.2; 表D.1及注a-c；未提供该设备技术的对应系数,补充或核正该项原始信息；保留其他污染物可核算部分
SRC-RAW-9B8229F8C1512374E339,NOx,FACTOR_NOT_APPLICABLE: T/CSES 144-2024 7.2; 表D.1及注a-c；未提供该设备技术的对应系数,补充对应污染物参数或该燃料/设备适用系数
SRC-RAW-9B8229F8C1512374E339,NOx,FACTOR_NOT_APPLICABLE: T/CSES 144-2024 7.2; 表D.1及注a-c；未提供该设备技术的对应系数,补充或核正该项原始信息；保留其他污染物可核算部分
SRC-RAW-9B8229F8C1512374E339,CO,FACTOR_NOT_APPLICABLE: T/CSES 144-2024 7.2; 表D.1及注a-c；未提供该设备技术的对应系数,补充对应污染物参数或该燃料/设备适用系数
SRC-RAW-9B8229F8C1512374E339,CO,FACTOR_NOT_APPLICABLE: T/CSES 144-2024 7.2; 表D.1及注a-c；未提供该设备技术的对应系数,补充或核正该项原始信息；保留其他污染物可核算部分
SRC-RAW-9B8229F8C1512374E339,VOC,FACTOR_NOT_APPLICABLE: T/CSES 144-2024 7.2; 表D.1及注a-c；未提供该设备技术的对应系数,补充对应污染物参数或该燃料/设备适用系数
SRC-RAW-9B8229F8C1512374E339,VOC,FACTOR_NOT_APPLICABLE: T/CSES 144-2024 7.2; 表D.1及注a-c；未提供该设备技术的对应系数,补充或核正该项原始信息；保留其他污染物可核算部分
SRC-RAW-9B8229F8C1512374E339,PM10,FACTOR_NOT_APPLICABLE: T/CSES 144-2024 7.2; 表D.1及注a-c；未提供该设备技术的对应系数,补充对应污染物参数或该燃料/设备适用系数
SRC-RAW-9B8229F8C1512374E339,PM10,FACTOR_NOT_APPLICABLE: T/CSES 144-2024 7.2; 表D.1及注a-c；未提供该设备技术的对应系数,补充或核正该项原始信息；保留其他污染物可核算部分
SRC-RAW-9B8229F8C1512374E339,PM2.5,FACTOR_NOT_APPLICABLE: T/CSES 144-2024 7.2; 表D.1及注a-c；未提供该设备技术的对应系数,补充对应污染物参数或该燃料/设备适用系数
SRC-RAW-9B8229F8C1512374E339,PM2.5,FACTOR_NOT_APPLICABLE: T/CSES 144-2024 7.2; 表D.1及注a-c；未提供该设备技术的对应系数,补充或核正该项原始信息；保留其他污染物可核算部分
SRC-RAW-9B8229F8C1512374E339,BC,FACTOR_NOT_APPLICABLE: T/CSES 144-2024 7.2; 表D.1及注a-c；未提供该设备技术的对应系数,补充对应污染物参数或该燃料/设备适用系数
SRC-RAW-9B8229F8C1512374E339,BC,FACTOR_NOT_APPLICABLE: T/CSES 144-2024 7.2; 表D.1及注a-c；未提供该设备技术的对应系数,补充或核正该项原始信息；保留其他污染物可核算部分
SRC-RAW-9B8229F8C1512374E339,OC,FACTOR_NOT_APPLICABLE: T/CSES 144-2024 7.2; 表D.1及注a-c；未提供该设备技术的对应系数,补充对应污染物参数或该燃料/设备适用系数
SRC-RAW-9B8229F8C1512374E339,OC,FACTOR_NOT_APPLICABLE: T/CSES 144-2024 7.2; 表D.1及注a-c；未提供该设备技术的对应系数,补充或核正该项原始信息；保留其他污染物可核算部分
SRC-RAW-AFC8439695D444001224,SO2,SOURCE_RELATION_MISSING: 企业存在治理设施但本源排放口无对应脱硫记录,补充或核正该项原始信息；保留其他污染物可核算部分
SRC-RAW-AFC8439695D444001224,NOx,SOURCE_RELATION_MISSING: 企业存在治理设施但本源排放口无对应脱硝记录,补充或核正该项原始信息；保留其他污染物可核算部分
SRC-RAW-AFC8439695D444001224,PM10,SOURCE_RELATION_MISSING: 企业存在治理设施但本源排放口无对应除尘记录,补充或核正该项原始信息；保留其他污染物可核算部分
SRC-RAW-AFC8439695D444001224,PM2.5,SOURCE_RELATION_MISSING: 企业存在治理设施但本源排放口无对应除尘记录,补充或核正该项原始信息；保留其他污染物可核算部分
SRC-RAW-AFC8439695D444001224,BC,SOURCE_RELATION_MISSING: 企业存在治理设施但本源排放口无对应除尘记录,补充或核正该项原始信息；保留其他污染物可核算部分
SRC-RAW-AFC8439695D444001224,OC,SOURCE_RELATION_MISSING: 企业存在治理设施但本源排放口无对应除尘记录,补充或核正该项原始信息；保留其他污染物可核算部分
SRC-RAW-3ADCA80952BFB5C3B56A,ALL,HARD_CONSTRAINT_CONFLICT: 燃料一消耗量为负，不能以正分项覆盖冲突,核正原始燃料总量及分项
SRC-RAW-3ADCA80952BFB5C3B56A,SO2,HARD_CONSTRAINT_CONFLICT: 燃料一消耗量为负,补充或核正该项原始信息；保留其他污染物可核算部分
SRC-RAW-3ADCA80952BFB5C3B56A,NOx,HARD_CONSTRAINT_CONFLICT: 燃料一消耗量为负,补充或核正该项原始信息；保留其他污染物可核算部分
SRC-RAW-3ADCA80952BFB5C3B56A,CO,HARD_CONSTRAINT_CONFLICT: 燃料一消耗量为负,补充或核正该项原始信息；保留其他污染物可核算部分
SRC-RAW-3ADCA80952BFB5C3B56A,VOC,HARD_CONSTRAINT_CONFLICT: 燃料一消耗量为负,补充或核正该项原始信息；保留其他污染物可核算部分
SRC-RAW-3ADCA80952BFB5C3B56A,PM10,HARD_CONSTRAINT_CONFLICT: 燃料一消耗量为负,补充或核正该项原始信息；保留其他污染物可核算部分
SRC-RAW-3ADCA80952BFB5C3B56A,PM2.5,HARD_CONSTRAINT_CONFLICT: 燃料一消耗量为负,补充或核正该项原始信息；保留其他污染物可核算部分
SRC-RAW-3ADCA80952BFB5C3B56A,BC,HARD_CONSTRAINT_CONFLICT: 燃料一消耗量为负,补充或核正该项原始信息；保留其他污染物可核算部分
SRC-RAW-3ADCA80952BFB5C3B56A,OC,HARD_CONSTRAINT_CONFLICT: 燃料一消耗量为负,补充或核正该项原始信息；保留其他污染物可核算部分
SRC-RAW-31E69AFCF19B952DA614,ALL,SOURCE_RELATION_MISSING: 源排放口编号缺失,补充设备与排放口关系，不按企业治理设施平均分摊
SRC-RAW-31E69AFCF19B952DA614,SO2,SOURCE_RELATION_MISSING: 排放口编号缺失，无法确定治理链,补充或核正该项原始信息；保留其他污染物可核算部分
SRC-RAW-31E69AFCF19B952DA614,NOx,SOURCE_RELATION_MISSING: 排放口编号缺失，无法确定治理链,补充或核正该项原始信息；保留其他污染物可核算部分
SRC-RAW-31E69AFCF19B952DA614,PM10,SOURCE_RELATION_MISSING: 排放口编号缺失，无法确定治理链,补充或核正该项原始信息；保留其他污染物可核算部分
SRC-RAW-31E69AFCF19B952DA614,PM2.5,SOURCE_RELATION_MISSING: 排放口编号缺失，无法确定治理链,补充或核正该项原始信息；保留其他污染物可核算部分
SRC-RAW-31E69AFCF19B952DA614,BC,SOURCE_RELATION_MISSING: 排放口编号缺失，无法确定治理链,补充或核正该项原始信息；保留其他污染物可核算部分
SRC-RAW-31E69AFCF19B952DA614,OC,SOURCE_RELATION_MISSING: 排放口编号缺失，无法确定治理链,补充或核正该项原始信息；保留其他污染物可核算部分
SRC-RAW-CCDE74141F81CA791FFA,SO2,POLLUTANT_PARAMETER_MISSING: 式(3)、表C.1；收到基硫分缺失,补充对应污染物参数或该燃料/设备适用系数
SRC-RAW-CCDE74141F81CA791FFA,SO2,POLLUTANT_PARAMETER_MISSING: 式(3)、表C.1；收到基硫分缺失,补充或核正该项原始信息；保留其他污染物可核算部分
SRC-RAW-CCDE74141F81CA791FFA,NOx,SOURCE_RELATION_MISSING: 企业存在治理设施但本源排放口无对应脱硝记录,补充或核正该项原始信息；保留其他污染物可核算部分
SRC-RAW-CCDE74141F81CA791FFA,PM10,SOURCE_RELATION_MISSING: 企业存在治理设施但本源排放口无对应除尘记录,补充或核正该项原始信息；保留其他污染物可核算部分
SRC-RAW-CCDE74141F81CA791FFA,PM2.5,SOURCE_RELATION_MISSING: 企业存在治理设施但本源排放口无对应除尘记录,补充或核正该项原始信息；保留其他污染物可核算部分
SRC-RAW-CCDE74141F81CA791FFA,BC,SOURCE_RELATION_MISSING: 企业存在治理设施但本源排放口无对应除尘记录,补充或核正该项原始信息；保留其他污染物可核算部分
SRC-RAW-CCDE74141F81CA791FFA,OC,SOURCE_RELATION_MISSING: 企业存在治理设施但本源排放口无对应除尘记录,补充或核正该项原始信息；保留其他污染物可核算部分
SRC-RAW-3EF4C285FA23D36D8A39,SO2,SOURCE_RELATION_MISSING: 企业存在治理设施但本源排放口无对应脱硫记录,补充或核正该项原始信息；保留其他污染物可核算部分
SRC-RAW-3EF4C285FA23D36D8A39,NOx,SOURCE_RELATION_MISSING: 企业存在治理设施但本源排放口无对应脱硝记录,补充或核正该项原始信息；保留其他污染物可核算部分
SRC-RAW-3EF4C285FA23D36D8A39,PM10,POLLUTANT_PARAMETER_MISSING: 式(4)-(6)、表C.1-C.3；收到基灰分缺失,补充对应污染物参数或该燃料/设备适用系数
SRC-RAW-3EF4C285FA23D36D8A39,PM10,POLLUTANT_PARAMETER_MISSING: 式(4)-(6)、表C.1-C.3；收到基灰分缺失,补充或核正该项原始信息；保留其他污染物可核算部分
SRC-RAW-3EF4C285FA23D36D8A39,PM2.5,POLLUTANT_PARAMETER_MISSING: 式(4)-(6)、表C.1-C.3；收到基灰分缺失,补充对应污染物参数或该燃料/设备适用系数
SRC-RAW-3EF4C285FA23D36D8A39,PM2.5,POLLUTANT_PARAMETER_MISSING: 式(4)-(6)、表C.1-C.3；收到基灰分缺失,补充或核正该项原始信息；保留其他污染物可核算部分
SRC-RAW-3EF4C285FA23D36D8A39,BC,POLLUTANT_PARAMETER_MISSING: 式(4)-(6)、表C.1-C.3；收到基灰分缺失,补充对应污染物参数或该燃料/设备适用系数
SRC-RAW-3EF4C285FA23D36D8A39,BC,POLLUTANT_PARAMETER_MISSING: 式(4)-(6)、表C.1-C.3；收到基灰分缺失,补充或核正该项原始信息；保留其他污染物可核算部分
SRC-RAW-3EF4C285FA23D36D8A39,OC,SOURCE_RELATION_MISSING: 企业存在治理设施但本源排放口无对应除尘记录,补充或核正该项原始信息；保留其他污染物可核算部分
SRC-RAW-4BAF29D777E9EDB3D5F5,ALL,ACTIVITY_MISSING: 燃料一总消耗量空白,在同单位发电及供热分项完整时相加；否则补充总量
SRC-RAW-4BAF29D777E9EDB3D5F5,SO2,SOURCE_RELATION_MISSING: 企业存在治理设施但本源排放口无对应脱硫记录,补充或核正该项原始信息；保留其他污染物可核算部分
SRC-RAW-4BAF29D777E9EDB3D5F5,NOx,SOURCE_RELATION_MISSING: 企业存在治理设施但本源排放口无对应脱硝记录,补充或核正该项原始信息；保留其他污染物可核算部分
SRC-RAW-4BAF29D777E9EDB3D5F5,PM10,SOURCE_RELATION_MISSING: 企业存在治理设施但本源排放口无对应除尘记录,补充或核正该项原始信息；保留其他污染物可核算部分
SRC-RAW-4BAF29D777E9EDB3D5F5,PM2.5,SOURCE_RELATION_MISSING: 企业存在治理设施但本源排放口无对应除尘记录,补充或核正该项原始信息；保留其他污染物可核算部分
SRC-RAW-4BAF29D777E9EDB3D5F5,BC,SOURCE_RELATION_MISSING: 企业存在治理设施但本源排放口无对应除尘记录,补充或核正该项原始信息；保留其他污染物可核算部分
SRC-RAW-4BAF29D777E9EDB3D5F5,OC,SOURCE_RELATION_MISSING: 企业存在治理设施但本源排放口无对应除尘记录,补充或核正该项原始信息；保留其他污染物可核算部分
SRC-RAW-2D635CCB2B7DF66F6775,NOx,SOURCE_RELATION_MISSING: 无可关联治理设施记录，不能推定无治理,补充或核正该项原始信息；保留其他污染物可核算部分
SRC-RAW-2D635CCB2B7DF66F6775,PM10,SOURCE_RELATION_MISSING: 无可关联治理设施记录，不能推定无治理,补充或核正该项原始信息；保留其他污染物可核算部分
SRC-RAW-2D635CCB2B7DF66F6775,PM2.5,SOURCE_RELATION_MISSING: 无可关联治理设施记录，不能推定无治理,补充或核正该项原始信息；保留其他污染物可核算部分
SRC-RAW-3ADABD147A15EE50A339,ALL,ACTIVITY_MISSING: 燃料一总消耗量空白,在同单位发电及供热分项完整时相加；否则补充总量
SRC-RAW-3ADABD147A15EE50A339,NOx,SOURCE_RELATION_MISSING: 无可关联治理设施记录，不能推定无治理,补充或核正该项原始信息；保留其他污染物可核算部分
SRC-RAW-3ADABD147A15EE50A339,PM10,SOURCE_RELATION_MISSING: 无可关联治理设施记录，不能推定无治理,补充或核正该项原始信息；保留其他污染物可核算部分
SRC-RAW-3ADABD147A15EE50A339,PM2.5,SOURCE_RELATION_MISSING: 无可关联治理设施记录，不能推定无治理,补充或核正该项原始信息；保留其他污染物可核算部分
SRC-RAW-3ADABD147A15EE50A339,BC,SOURCE_RELATION_MISSING: 无可关联治理设施记录，不能推定无治理,补充或核正该项原始信息；保留其他污染物可核算部分
SRC-RAW-3ADABD147A15EE50A339,OC,SOURCE_RELATION_MISSING: 无可关联治理设施记录，不能推定无治理,补充或核正该项原始信息；保留其他污染物可核算部分
SRC-RAW-30779838865FD24E2A88,NOx,SOURCE_RELATION_MISSING: 无可关联治理设施记录，不能推定无治理,补充或核正该项原始信息；保留其他污染物可核算部分
SRC-RAW-30779838865FD24E2A88,PM10,SOURCE_RELATION_MISSING: 无可关联治理设施记录，不能推定无治理,补充或核正该项原始信息；保留其他污染物可核算部分
SRC-RAW-30779838865FD24E2A88,PM2.5,SOURCE_RELATION_MISSING: 无可关联治理设施记录，不能推定无治理,补充或核正该项原始信息；保留其他污染物可核算部分
SRC-RAW-E9553B256B7E6AEFE791,ALL,ACTIVITY_MISSING: 燃料一总消耗量空白,在同单位发电及供热分项完整时相加；否则补充总量
SRC-RAW-E9553B256B7E6AEFE791,SO2,SOURCE_RELATION_MISSING: 企业存在治理设施但本源排放口无对应脱硫记录,补充或核正该项原始信息；保留其他污染物可核算部分
SRC-RAW-E9553B256B7E6AEFE791,NOx,SOURCE_RELATION_MISSING: 企业存在治理设施但本源排放口无对应脱硝记录,补充或核正该项原始信息；保留其他污染物可核算部分
SRC-RAW-E9553B256B7E6AEFE791,PM10,SOURCE_RELATION_MISSING: 企业存在治理设施但本源排放口无对应除尘记录,补充或核正该项原始信息；保留其他污染物可核算部分
SRC-RAW-E9553B256B7E6AEFE791,PM2.5,SOURCE_RELATION_MISSING: 企业存在治理设施但本源排放口无对应除尘记录,补充或核正该项原始信息；保留其他污染物可核算部分
SRC-RAW-E9553B256B7E6AEFE791,BC,SOURCE_RELATION_MISSING: 企业存在治理设施但本源排放口无对应除尘记录,补充或核正该项原始信息；保留其他污染物可核算部分
SRC-RAW-82B5828D08384E0505B2,SO2,SOURCE_RELATION_MISSING: 企业存在治理设施但本源排放口无对应脱硫记录,补充或核正该项原始信息；保留其他污染物可核算部分
SRC-RAW-82B5828D08384E0505B2,NOx,SOURCE_RELATION_MISSING: 企业存在治理设施但本源排放口无对应脱硝记录,补充或核正该项原始信息；保留其他污染物可核算部分
SRC-RAW-82B5828D08384E0505B2,PM10,POLLUTANT_PARAMETER_MISSING: 式(4)-(6)、表C.1-C.3；收到基灰分缺失,补充对应污染物参数或该燃料/设备适用系数
SRC-RAW-82B5828D08384E0505B2,PM10,POLLUTANT_PARAMETER_MISSING: 式(4)-(6)、表C.1-C.3；收到基灰分缺失,补充或核正该项原始信息；保留其他污染物可核算部分
SRC-RAW-82B5828D08384E0505B2,PM2.5,POLLUTANT_PARAMETER_MISSING: 式(4)-(6)、表C.1-C.3；收到基灰分缺失,补充对应污染物参数或该燃料/设备适用系数
SRC-RAW-82B5828D08384E0505B2,PM2.5,POLLUTANT_PARAMETER_MISSING: 式(4)-(6)、表C.1-C.3；收到基灰分缺失,补充或核正该项原始信息；保留其他污染物可核算部分
SRC-RAW-82B5828D08384E0505B2,BC,POLLUTANT_PARAMETER_MISSING: 式(4)-(6)、表C.1-C.3；收到基灰分缺失,补充对应污染物参数或该燃料/设备适用系数
SRC-RAW-82B5828D08384E0505B2,BC,POLLUTANT_PARAMETER_MISSING: 式(4)-(6)、表C.1-C.3；收到基灰分缺失,补充或核正该项原始信息；保留其他污染物可核算部分
SRC-RAW-0FD82B1672C4D5D5BD9F,ALL,HARD_CONSTRAINT_CONFLICT: 燃料一消耗量为负，不能以正分项覆盖冲突,核正原始燃料总量及分项
SRC-RAW-0FD82B1672C4D5D5BD9F,SO2,HARD_CONSTRAINT_CONFLICT: 燃料一消耗量为负,补充或核正该项原始信息；保留其他污染物可核算部分
SRC-RAW-0FD82B1672C4D5D5BD9F,NOx,HARD_CONSTRAINT_CONFLICT: 燃料一消耗量为负,补充或核正该项原始信息；保留其他污染物可核算部分
SRC-RAW-0FD82B1672C4D5D5BD9F,CO,HARD_CONSTRAINT_CONFLICT: 燃料一消耗量为负,补充或核正该项原始信息；保留其他污染物可核算部分
SRC-RAW-0FD82B1672C4D5D5BD9F,VOC,HARD_CONSTRAINT_CONFLICT: 燃料一消耗量为负,补充或核正该项原始信息；保留其他污染物可核算部分
SRC-RAW-0FD82B1672C4D5D5BD9F,PM10,HARD_CONSTRAINT_CONFLICT: 燃料一消耗量为负,补充或核正该项原始信息；保留其他污染物可核算部分
SRC-RAW-0FD82B1672C4D5D5BD9F,PM2.5,HARD_CONSTRAINT_CONFLICT: 燃料一消耗量为负,补充或核正该项原始信息；保留其他污染物可核算部分
SRC-RAW-0FD82B1672C4D5D5BD9F,BC,HARD_CONSTRAINT_CONFLICT: 燃料一消耗量为负,补充或核正该项原始信息；保留其他污染物可核算部分
SRC-RAW-0FD82B1672C4D5D5BD9F,OC,HARD_CONSTRAINT_CONFLICT: 燃料一消耗量为负,补充或核正该项原始信息；保留其他污染物可核算部分
SRC-RAW-031B3589BCDCF633B0EA,ALL,ACTIVITY_MISSING: 燃料一总消耗量空白,在同单位发电及供热分项完整时相加；否则补充总量
SRC-RAW-031B3589BCDCF633B0EA,SO2,SOURCE_RELATION_MISSING: 企业存在治理设施但本源排放口无对应脱硫记录,补充或核正该项原始信息；保留其他污染物可核算部分
SRC-RAW-031B3589BCDCF633B0EA,NOx,SOURCE_RELATION_MISSING: 企业存在治理设施但本源排放口无对应脱硝记录,补充或核正该项原始信息；保留其他污染物可核算部分
SRC-RAW-031B3589BCDCF633B0EA,PM10,SOURCE_RELATION_MISSING: 企业存在治理设施但本源排放口无对应除尘记录,补充或核正该项原始信息；保留其他污染物可核算部分
SRC-RAW-031B3589BCDCF633B0EA,PM2.5,SOURCE_RELATION_MISSING: 企业存在治理设施但本源排放口无对应除尘记录,补充或核正该项原始信息；保留其他污染物可核算部分
SRC-RAW-031B3589BCDCF633B0EA,BC,SOURCE_RELATION_MISSING: 企业存在治理设施但本源排放口无对应除尘记录,补充或核正该项原始信息；保留其他污染物可核算部分
SRC-RAW-48C23C1682ABD09D7103,SO2,SOURCE_RELATION_MISSING: 企业存在治理设施但本源排放口无对应脱硫记录,补充或核正该项原始信息；保留其他污染物可核算部分
SRC-RAW-48C23C1682ABD09D7103,NOx,SOURCE_RELATION_MISSING: 企业存在治理设施但本源排放口无对应脱硝记录,补充或核正该项原始信息；保留其他污染物可核算部分
SRC-RAW-48C23C1682ABD09D7103,PM10,SOURCE_RELATION_MISSING: 企业存在治理设施但本源排放口无对应除尘记录,补充或核正该项原始信息；保留其他污染物可核算部分
SRC-RAW-48C23C1682ABD09D7103,PM2.5,SOURCE_RELATION_MISSING: 企业存在治理设施但本源排放口无对应除尘记录,补充或核正该项原始信息；保留其他污染物可核算部分
SRC-RAW-48C23C1682ABD09D7103,BC,SOURCE_RELATION_MISSING: 企业存在治理设施但本源排放口无对应除尘记录,补充或核正该项原始信息；保留其他污染物可核算部分
SRC-RAW-7F76A3AC469336B1002A,ALL,ACTIVITY_MISSING: 燃料一总消耗量空白,在同单位发电及供热分项完整时相加；否则补充总量
SRC-RAW-7F76A3AC469336B1002A,SO2,SOURCE_RELATION_MISSING: 无可关联治理设施记录，不能推定无治理,补充或核正该项原始信息；保留其他污染物可核算部分
SRC-RAW-7F76A3AC469336B1002A,NOx,SOURCE_RELATION_MISSING: 无可关联治理设施记录，不能推定无治理,补充或核正该项原始信息；保留其他污染物可核算部分
SRC-RAW-7F76A3AC469336B1002A,PM10,SOURCE_RELATION_MISSING: 无可关联治理设施记录，不能推定无治理,补充或核正该项原始信息；保留其他污染物可核算部分
SRC-RAW-7F76A3AC469336B1002A,PM2.5,SOURCE_RELATION_MISSING: 无可关联治理设施记录，不能推定无治理,补充或核正该项原始信息；保留其他污染物可核算部分
SRC-RAW-7F76A3AC469336B1002A,BC,SOURCE_RELATION_MISSING: 无可关联治理设施记录，不能推定无治理,补充或核正该项原始信息；保留其他污染物可核算部分
SRC-RAW-D2363A650EC4E8571988,SO2,SOURCE_RELATION_MISSING: 无可关联治理设施记录，不能推定无治理,补充或核正该项原始信息；保留其他污染物可核算部分
SRC-RAW-D2363A650EC4E8571988,NOx,SOURCE_RELATION_MISSING: 无可关联治理设施记录，不能推定无治理,补充或核正该项原始信息；保留其他污染物可核算部分
SRC-RAW-D2363A650EC4E8571988,PM10,SOURCE_RELATION_MISSING: 无可关联治理设施记录，不能推定无治理,补充或核正该项原始信息；保留其他污染物可核算部分
SRC-RAW-D2363A650EC4E8571988,PM2.5,SOURCE_RELATION_MISSING: 无可关联治理设施记录，不能推定无治理,补充或核正该项原始信息；保留其他污染物可核算部分
SRC-RAW-D2363A650EC4E8571988,BC,SOURCE_RELATION_MISSING: 无可关联治理设施记录，不能推定无治理,补充或核正该项原始信息；保留其他污染物可核算部分
SRC-RAW-D6A8375EC710B4B00990,ALL,SOURCE_RELATION_MISSING: 源排放口编号缺失,补充设备与排放口关系，不按企业治理设施平均分摊
SRC-RAW-D6A8375EC710B4B00990,SO2,SOURCE_RELATION_MISSING: 排放口编号缺失，无法确定治理链,补充或核正该项原始信息；保留其他污染物可核算部分
SRC-RAW-D6A8375EC710B4B00990,NOx,SOURCE_RELATION_MISSING: 排放口编号缺失，无法确定治理链,补充或核正该项原始信息；保留其他污染物可核算部分
SRC-RAW-D6A8375EC710B4B00990,PM10,SOURCE_RELATION_MISSING: 排放口编号缺失，无法确定治理链,补充或核正该项原始信息；保留其他污染物可核算部分
SRC-RAW-D6A8375EC710B4B00990,PM2.5,SOURCE_RELATION_MISSING: 排放口编号缺失，无法确定治理链,补充或核正该项原始信息；保留其他污染物可核算部分
SRC-RAW-D6A8375EC710B4B00990,BC,SOURCE_RELATION_MISSING: 排放口编号缺失，无法确定治理链,补充或核正该项原始信息；保留其他污染物可核算部分
SRC-RAW-D6A8375EC710B4B00990,OC,SOURCE_RELATION_MISSING: 排放口编号缺失，无法确定治理链,补充或核正该项原始信息；保留其他污染物可核算部分
SRC-RAW-7620EF002BA9ADAD6CF1,ALL,HARD_CONSTRAINT_CONFLICT: 燃料一消耗量为负，不能以正分项覆盖冲突,核正原始燃料总量及分项
SRC-RAW-7620EF002BA9ADAD6CF1,SO2,HARD_CONSTRAINT_CONFLICT: 燃料一消耗量为负,补充或核正该项原始信息；保留其他污染物可核算部分
SRC-RAW-7620EF002BA9ADAD6CF1,NOx,HARD_CONSTRAINT_CONFLICT: 燃料一消耗量为负,补充或核正该项原始信息；保留其他污染物可核算部分
SRC-RAW-7620EF002BA9ADAD6CF1,CO,HARD_CONSTRAINT_CONFLICT: 燃料一消耗量为负,补充或核正该项原始信息；保留其他污染物可核算部分
SRC-RAW-7620EF002BA9ADAD6CF1,VOC,HARD_CONSTRAINT_CONFLICT: 燃料一消耗量为负,补充或核正该项原始信息；保留其他污染物可核算部分
SRC-RAW-7620EF002BA9ADAD6CF1,PM10,HARD_CONSTRAINT_CONFLICT: 燃料一消耗量为负,补充或核正该项原始信息；保留其他污染物可核算部分
SRC-RAW-7620EF002BA9ADAD6CF1,PM2.5,HARD_CONSTRAINT_CONFLICT: 燃料一消耗量为负,补充或核正该项原始信息；保留其他污染物可核算部分
SRC-RAW-7620EF002BA9ADAD6CF1,BC,HARD_CONSTRAINT_CONFLICT: 燃料一消耗量为负,补充或核正该项原始信息；保留其他污染物可核算部分
SRC-RAW-7620EF002BA9ADAD6CF1,OC,HARD_CONSTRAINT_CONFLICT: 燃料一消耗量为负,补充或核正该项原始信息；保留其他污染物可核算部分
SRC-RAW-6B2A959B5DD6F8A603F6,SO2,SOURCE_RELATION_MISSING: 企业存在治理设施但本源排放口无对应脱硫记录,补充或核正该项原始信息；保留其他污染物可核算部分
SRC-RAW-6B2A959B5DD6F8A603F6,NOx,SOURCE_RELATION_MISSING: 企业存在治理设施但本源排放口无对应脱硝记录,补充或核正该项原始信息；保留其他污染物可核算部分
SRC-RAW-6B2A959B5DD6F8A603F6,PM10,POLLUTANT_PARAMETER_MISSING: 式(4)-(6)、表C.1-C.3；收到基灰分缺失,补充对应污染物参数或该燃料/设备适用系数
SRC-RAW-6B2A959B5DD6F8A603F6,PM10,POLLUTANT_PARAMETER_MISSING: 式(4)-(6)、表C.1-C.3；收到基灰分缺失,补充或核正该项原始信息；保留其他污染物可核算部分
SRC-RAW-6B2A959B5DD6F8A603F6,PM2.5,POLLUTANT_PARAMETER_MISSING: 式(4)-(6)、表C.1-C.3；收到基灰分缺失,补充对应污染物参数或该燃料/设备适用系数
SRC-RAW-6B2A959B5DD6F8A603F6,PM2.5,POLLUTANT_PARAMETER_MISSING: 式(4)-(6)、表C.1-C.3；收到基灰分缺失,补充或核正该项原始信息；保留其他污染物可核算部分
SRC-RAW-6B2A959B5DD6F8A603F6,BC,POLLUTANT_PARAMETER_MISSING: 式(4)-(6)、表C.1-C.3；收到基灰分缺失,补充对应污染物参数或该燃料/设备适用系数
SRC-RAW-6B2A959B5DD6F8A603F6,BC,POLLUTANT_PARAMETER_MISSING: 式(4)-(6)、表C.1-C.3；收到基灰分缺失,补充或核正该项原始信息；保留其他污染物可核算部分
SRC-RAW-B9D25D90184C1D6081DC,ALL,ACTIVITY_MISSING: 燃料一总消耗量空白,在同单位发电及供热分项完整时相加；否则补充总量
SRC-RAW-B9D25D90184C1D6081DC,SO2,SOURCE_RELATION_MISSING: 企业存在治理设施但本源排放口无对应脱硫记录,补充或核正该项原始信息；保留其他污染物可核算部分
SRC-RAW-B9D25D90184C1D6081DC,NOx,SOURCE_RELATION_MISSING: 企业存在治理设施但本源排放口无对应脱硝记录,补充或核正该项原始信息；保留其他污染物可核算部分
SRC-RAW-B9D25D90184C1D6081DC,PM10,SOURCE_RELATION_MISSING: 企业存在治理设施但本源排放口无对应除尘记录,补充或核正该项原始信息；保留其他污染物可核算部分
SRC-RAW-B9D25D90184C1D6081DC,PM2.5,SOURCE_RELATION_MISSING: 企业存在治理设施但本源排放口无对应除尘记录,补充或核正该项原始信息；保留其他污染物可核算部分
SRC-RAW-B9D25D90184C1D6081DC,BC,SOURCE_RELATION_MISSING: 企业存在治理设施但本源排放口无对应除尘记录,补充或核正该项原始信息；保留其他污染物可核算部分
SRC-RAW-755E6F80A48AC746200C,SO2,SOURCE_RELATION_MISSING: 企业存在治理设施但本源排放口无对应脱硫记录,补充或核正该项原始信息；保留其他污染物可核算部分
SRC-RAW-755E6F80A48AC746200C,NOx,SOURCE_RELATION_MISSING: 企业存在治理设施但本源排放口无对应脱硝记录,补充或核正该项原始信息；保留其他污染物可核算部分
SRC-RAW-755E6F80A48AC746200C,PM10,SOURCE_RELATION_MISSING: 企业存在治理设施但本源排放口无对应除尘记录,补充或核正该项原始信息；保留其他污染物可核算部分
SRC-RAW-755E6F80A48AC746200C,PM2.5,SOURCE_RELATION_MISSING: 企业存在治理设施但本源排放口无对应除尘记录,补充或核正该项原始信息；保留其他污染物可核算部分
SRC-RAW-755E6F80A48AC746200C,BC,SOURCE_RELATION_MISSING: 企业存在治理设施但本源排放口无对应除尘记录,补充或核正该项原始信息；保留其他污染物可核算部分
SRC-RAW-72233F12645656D2C844,SO2,POLLUTANT_PARAMETER_MISSING: 式(3)、表C.1；收到基硫分缺失,补充对应污染物参数或该燃料/设备适用系数
SRC-RAW-72233F12645656D2C844,SO2,POLLUTANT_PARAMETER_MISSING: 式(3)、表C.1；收到基硫分缺失,补充或核正该项原始信息；保留其他污染物可核算部分
SRC-RAW-72233F12645656D2C844,NOx,SOURCE_RELATION_MISSING: 企业存在治理设施但本源排放口无对应脱硝记录,补充或核正该项原始信息；保留其他污染物可核算部分
SRC-RAW-72233F12645656D2C844,PM10,SOURCE_RELATION_MISSING: 企业存在治理设施但本源排放口无对应除尘记录,补充或核正该项原始信息；保留其他污染物可核算部分
SRC-RAW-72233F12645656D2C844,PM2.5,SOURCE_RELATION_MISSING: 企业存在治理设施但本源排放口无对应除尘记录,补充或核正该项原始信息；保留其他污染物可核算部分
SRC-RAW-72233F12645656D2C844,BC,SOURCE_RELATION_MISSING: 企业存在治理设施但本源排放口无对应除尘记录,补充或核正该项原始信息；保留其他污染物可核算部分
SRC-RAW-CB1B81AA30BD9D6FB18E,ALL,SOURCE_RELATION_MISSING: 源排放口编号缺失,补充设备与排放口关系，不按企业治理设施平均分摊
SRC-RAW-CB1B81AA30BD9D6FB18E,SO2,FACTOR_NOT_APPLICABLE: T/CSES 144-2024 7.2; 表D.1及注a-c；未提供该设备技术的对应系数,补充对应污染物参数或该燃料/设备适用系数
SRC-RAW-CB1B81AA30BD9D6FB18E,SO2,FACTOR_NOT_APPLICABLE: T/CSES 144-2024 7.2; 表D.1及注a-c；未提供该设备技术的对应系数,补充或核正该项原始信息；保留其他污染物可核算部分
SRC-RAW-CB1B81AA30BD9D6FB18E,NOx,FACTOR_NOT_APPLICABLE: T/CSES 144-2024 7.2; 表D.1及注a-c；未提供该设备技术的对应系数,补充对应污染物参数或该燃料/设备适用系数
SRC-RAW-CB1B81AA30BD9D6FB18E,NOx,FACTOR_NOT_APPLICABLE: T/CSES 144-2024 7.2; 表D.1及注a-c；未提供该设备技术的对应系数,补充或核正该项原始信息；保留其他污染物可核算部分
SRC-RAW-CB1B81AA30BD9D6FB18E,CO,FACTOR_NOT_APPLICABLE: T/CSES 144-2024 7.2; 表D.1及注a-c；未提供该设备技术的对应系数,补充对应污染物参数或该燃料/设备适用系数
SRC-RAW-CB1B81AA30BD9D6FB18E,CO,FACTOR_NOT_APPLICABLE: T/CSES 144-2024 7.2; 表D.1及注a-c；未提供该设备技术的对应系数,补充或核正该项原始信息；保留其他污染物可核算部分
SRC-RAW-CB1B81AA30BD9D6FB18E,VOC,FACTOR_NOT_APPLICABLE: T/CSES 144-2024 7.2; 表D.1及注a-c；未提供该设备技术的对应系数,补充对应污染物参数或该燃料/设备适用系数
SRC-RAW-CB1B81AA30BD9D6FB18E,VOC,FACTOR_NOT_APPLICABLE: T/CSES 144-2024 7.2; 表D.1及注a-c；未提供该设备技术的对应系数,补充或核正该项原始信息；保留其他污染物可核算部分
SRC-RAW-CB1B81AA30BD9D6FB18E,PM10,FACTOR_NOT_APPLICABLE: T/CSES 144-2024 7.2; 表D.1及注a-c；未提供该设备技术的对应系数,补充对应污染物参数或该燃料/设备适用系数
SRC-RAW-CB1B81AA30BD9D6FB18E,PM10,FACTOR_NOT_APPLICABLE: T/CSES 144-2024 7.2; 表D.1及注a-c；未提供该设备技术的对应系数,补充或核正该项原始信息；保留其他污染物可核算部分
SRC-RAW-CB1B81AA30BD9D6FB18E,PM2.5,FACTOR_NOT_APPLICABLE: T/CSES 144-2024 7.2; 表D.1及注a-c；未提供该设备技术的对应系数,补充对应污染物参数或该燃料/设备适用系数
SRC-RAW-CB1B81AA30BD9D6FB18E,PM2.5,FACTOR_NOT_APPLICABLE: T/CSES 144-2024 7.2; 表D.1及注a-c；未提供该设备技术的对应系数,补充或核正该项原始信息；保留其他污染物可核算部分
SRC-RAW-CB1B81AA30BD9D6FB18E,BC,FACTOR_NOT_APPLICABLE: T/CSES 144-2024 7.2; 表D.1及注a-c；未提供该设备技术的对应系数,补充对应污染物参数或该燃料/设备适用系数
SRC-RAW-CB1B81AA30BD9D6FB18E,BC,FACTOR_NOT_APPLICABLE: T/CSES 144-2024 7.2; 表D.1及注a-c；未提供该设备技术的对应系数,补充或核正该项原始信息；保留其他污染物可核算部分
SRC-RAW-CB1B81AA30BD9D6FB18E,OC,FACTOR_NOT_APPLICABLE: T/CSES 144-2024 7.2; 表D.1及注a-c；未提供该设备技术的对应系数,补充对应污染物参数或该燃料/设备适用系数
SRC-RAW-CB1B81AA30BD9D6FB18E,OC,FACTOR_NOT_APPLICABLE: T/CSES 144-2024 7.2; 表D.1及注a-c；未提供该设备技术的对应系数,补充或核正该项原始信息；保留其他污染物可核算部分
SRC-RAW-7C1A45CA61EBF52066B0,ALL,SOURCE_RELATION_MISSING: 源排放口编号缺失,补充设备与排放口关系，不按企业治理设施平均分摊
SRC-RAW-7C1A45CA61EBF52066B0,SO2,SOURCE_RELATION_MISSING: 排放口编号缺失，无法确定治理链,补充或核正该项原始信息；保留其他污染物可核算部分
SRC-RAW-7C1A45CA61EBF52066B0,NOx,SOURCE_RELATION_MISSING: 排放口编号缺失，无法确定治理链,补充或核正该项原始信息；保留其他污染物可核算部分
SRC-RAW-7C1A45CA61EBF52066B0,PM10,SOURCE_RELATION_MISSING: 排放口编号缺失，无法确定治理链,补充或核正该项原始信息；保留其他污染物可核算部分
SRC-RAW-7C1A45CA61EBF52066B0,PM2.5,SOURCE_RELATION_MISSING: 排放口编号缺失，无法确定治理链,补充或核正该项原始信息；保留其他污染物可核算部分
SRC-RAW-7C1A45CA61EBF52066B0,BC,SOURCE_RELATION_MISSING: 排放口编号缺失，无法确定治理链,补充或核正该项原始信息；保留其他污染物可核算部分
SRC-RAW-7C1A45CA61EBF52066B0,OC,SOURCE_RELATION_MISSING: 排放口编号缺失，无法确定治理链,补充或核正该项原始信息；保留其他污染物可核算部分
SRC-RAW-6F0411A459B438D419BD,SO2,SOURCE_RELATION_MISSING: 企业存在治理设施但本源排放口无对应脱硫记录,补充或核正该项原始信息；保留其他污染物可核算部分
SRC-RAW-6F0411A459B438D419BD,NOx,SOURCE_RELATION_MISSING: 企业存在治理设施但本源排放口无对应脱硝记录,补充或核正该项原始信息；保留其他污染物可核算部分
SRC-RAW-6F0411A459B438D419BD,PM10,POLLUTANT_PARAMETER_MISSING: 式(4)-(6)、表C.1-C.3；收到基灰分缺失,补充对应污染物参数或该燃料/设备适用系数
SRC-RAW-6F0411A459B438D419BD,PM10,POLLUTANT_PARAMETER_MISSING: 式(4)-(6)、表C.1-C.3；收到基灰分缺失,补充或核正该项原始信息；保留其他污染物可核算部分
SRC-RAW-6F0411A459B438D419BD,PM2.5,POLLUTANT_PARAMETER_MISSING: 式(4)-(6)、表C.1-C.3；收到基灰分缺失,补充对应污染物参数或该燃料/设备适用系数
SRC-RAW-6F0411A459B438D419BD,PM2.5,POLLUTANT_PARAMETER_MISSING: 式(4)-(6)、表C.1-C.3；收到基灰分缺失,补充或核正该项原始信息；保留其他污染物可核算部分
SRC-RAW-6F0411A459B438D419BD,BC,POLLUTANT_PARAMETER_MISSING: 式(4)-(6)、表C.1-C.3；收到基灰分缺失,补充对应污染物参数或该燃料/设备适用系数
SRC-RAW-6F0411A459B438D419BD,BC,POLLUTANT_PARAMETER_MISSING: 式(4)-(6)、表C.1-C.3；收到基灰分缺失,补充或核正该项原始信息；保留其他污染物可核算部分
SRC-RAW-6F0411A459B438D419BD,OC,SOURCE_RELATION_MISSING: 企业存在治理设施但本源排放口无对应除尘记录,补充或核正该项原始信息；保留其他污染物可核算部分
SRC-RAW-D16EA3E11682DFFC3340,ALL,ACTIVITY_MISSING: 燃料一总消耗量空白,在同单位发电及供热分项完整时相加；否则补充总量
SRC-RAW-D16EA3E11682DFFC3340,SO2,FACTOR_NOT_APPLICABLE: T/CSES 144-2024 7.2; 表D.1及注a-c；未提供该设备技术的对应系数,补充对应污染物参数或该燃料/设备适用系数
SRC-RAW-D16EA3E11682DFFC3340,SO2,FACTOR_NOT_APPLICABLE: T/CSES 144-2024 7.2; 表D.1及注a-c；未提供该设备技术的对应系数,补充或核正该项原始信息；保留其他污染物可核算部分
SRC-RAW-D16EA3E11682DFFC3340,NOx,FACTOR_NOT_APPLICABLE: T/CSES 144-2024 7.2; 表D.1及注a-c；未提供该设备技术的对应系数,补充对应污染物参数或该燃料/设备适用系数
SRC-RAW-D16EA3E11682DFFC3340,NOx,FACTOR_NOT_APPLICABLE: T/CSES 144-2024 7.2; 表D.1及注a-c；未提供该设备技术的对应系数,补充或核正该项原始信息；保留其他污染物可核算部分
SRC-RAW-D16EA3E11682DFFC3340,CO,FACTOR_NOT_APPLICABLE: T/CSES 144-2024 7.2; 表D.1及注a-c；未提供该设备技术的对应系数,补充对应污染物参数或该燃料/设备适用系数
SRC-RAW-D16EA3E11682DFFC3340,CO,FACTOR_NOT_APPLICABLE: T/CSES 144-2024 7.2; 表D.1及注a-c；未提供该设备技术的对应系数,补充或核正该项原始信息；保留其他污染物可核算部分
SRC-RAW-D16EA3E11682DFFC3340,VOC,FACTOR_NOT_APPLICABLE: T/CSES 144-2024 7.2; 表D.1及注a-c；未提供该设备技术的对应系数,补充对应污染物参数或该燃料/设备适用系数
SRC-RAW-D16EA3E11682DFFC3340,VOC,FACTOR_NOT_APPLICABLE: T/CSES 144-2024 7.2; 表D.1及注a-c；未提供该设备技术的对应系数,补充或核正该项原始信息；保留其他污染物可核算部分
SRC-RAW-D16EA3E11682DFFC3340,PM10,FACTOR_NOT_APPLICABLE: T/CSES 144-2024 7.2; 表D.1及注a-c；未提供该设备技术的对应系数,补充对应污染物参数或该燃料/设备适用系数
SRC-RAW-D16EA3E11682DFFC3340,PM10,FACTOR_NOT_APPLICABLE: T/CSES 144-2024 7.2; 表D.1及注a-c；未提供该设备技术的对应系数,补充或核正该项原始信息；保留其他污染物可核算部分
SRC-RAW-D16EA3E11682DFFC3340,PM2.5,FACTOR_NOT_APPLICABLE: T/CSES 144-2024 7.2; 表D.1及注a-c；未提供该设备技术的对应系数,补充对应污染物参数或该燃料/设备适用系数
SRC-RAW-D16EA3E11682DFFC3340,PM2.5,FACTOR_NOT_APPLICABLE: T/CSES 144-2024 7.2; 表D.1及注a-c；未提供该设备技术的对应系数,补充或核正该项原始信息；保留其他污染物可核算部分
SRC-RAW-D16EA3E11682DFFC3340,BC,FACTOR_NOT_APPLICABLE: T/CSES 144-2024 7.2; 表D.1及注a-c；未提供该设备技术的对应系数,补充对应污染物参数或该燃料/设备适用系数
SRC-RAW-D16EA3E11682DFFC3340,BC,FACTOR_NOT_APPLICABLE: T/CSES 144-2024 7.2; 表D.1及注a-c；未提供该设备技术的对应系数,补充或核正该项原始信息；保留其他污染物可核算部分
SRC-RAW-D16EA3E11682DFFC3340,OC,FACTOR_NOT_APPLICABLE: T/CSES 144-2024 7.2; 表D.1及注a-c；未提供该设备技术的对应系数,补充对应污染物参数或该燃料/设备适用系数
SRC-RAW-D16EA3E11682DFFC3340,OC,FACTOR_NOT_APPLICABLE: T/CSES 144-2024 7.2; 表D.1及注a-c；未提供该设备技术的对应系数,补充或核正该项原始信息；保留其他污染物可核算部分
SRC-RAW-B165A18B20946B2E00E5,ALL,SOURCE_RELATION_MISSING: 源排放口编号缺失,补充设备与排放口关系，不按企业治理设施平均分摊
SRC-RAW-B165A18B20946B2E00E5,SO2,SOURCE_RELATION_MISSING: 排放口编号缺失，无法确定治理链,补充或核正该项原始信息；保留其他污染物可核算部分
SRC-RAW-B165A18B20946B2E00E5,NOx,SOURCE_RELATION_MISSING: 排放口编号缺失，无法确定治理链,补充或核正该项原始信息；保留其他污染物可核算部分
SRC-RAW-B165A18B20946B2E00E5,PM10,SOURCE_RELATION_MISSING: 排放口编号缺失，无法确定治理链,补充或核正该项原始信息；保留其他污染物可核算部分
SRC-RAW-B165A18B20946B2E00E5,PM2.5,SOURCE_RELATION_MISSING: 排放口编号缺失，无法确定治理链,补充或核正该项原始信息；保留其他污染物可核算部分
SRC-RAW-B165A18B20946B2E00E5,BC,SOURCE_RELATION_MISSING: 排放口编号缺失，无法确定治理链,补充或核正该项原始信息；保留其他污染物可核算部分
SRC-RAW-B165A18B20946B2E00E5,OC,SOURCE_RELATION_MISSING: 排放口编号缺失，无法确定治理链,补充或核正该项原始信息；保留其他污染物可核算部分
SRC-RAW-45FDCD49242692C59CC2,ALL,ACTIVITY_MISSING: 燃料一总消耗量空白,在同单位发电及供热分项完整时相加；否则补充总量
SRC-RAW-45FDCD49242692C59CC2,SO2,ACTIVITY_MISSING: 燃料一总量与完整分项不足,补充或核正该项原始信息；保留其他污染物可核算部分
SRC-RAW-45FDCD49242692C59CC2,NOx,ACTIVITY_MISSING: 燃料一总量与完整分项不足,补充或核正该项原始信息；保留其他污染物可核算部分
SRC-RAW-45FDCD49242692C59CC2,CO,ACTIVITY_MISSING: 燃料一总量与完整分项不足,补充或核正该项原始信息；保留其他污染物可核算部分
SRC-RAW-45FDCD49242692C59CC2,VOC,ACTIVITY_MISSING: 燃料一总量与完整分项不足,补充或核正该项原始信息；保留其他污染物可核算部分
SRC-RAW-45FDCD49242692C59CC2,PM10,ACTIVITY_MISSING: 燃料一总量与完整分项不足,补充或核正该项原始信息；保留其他污染物可核算部分
SRC-RAW-45FDCD49242692C59CC2,PM2.5,ACTIVITY_MISSING: 燃料一总量与完整分项不足,补充或核正该项原始信息；保留其他污染物可核算部分
SRC-RAW-45FDCD49242692C59CC2,BC,ACTIVITY_MISSING: 燃料一总量与完整分项不足,补充或核正该项原始信息；保留其他污染物可核算部分
SRC-RAW-45FDCD49242692C59CC2,OC,ACTIVITY_MISSING: 燃料一总量与完整分项不足,补充或核正该项原始信息；保留其他污染物可核算部分
SRC-RAW-EEBE090EA58DAA871EB5,SO2,SOURCE_RELATION_MISSING: 无可关联治理设施记录，不能推定无治理,补充或核正该项原始信息；保留其他污染物可核算部分
SRC-RAW-EEBE090EA58DAA871EB5,NOx,SOURCE_RELATION_MISSING: 无可关联治理设施记录，不能推定无治理,补充或核正该项原始信息；保留其他污染物可核算部分
SRC-RAW-EEBE090EA58DAA871EB5,PM10,SOURCE_RELATION_MISSING: 无可关联治理设施记录，不能推定无治理,补充或核正该项原始信息；保留其他污染物可核算部分
SRC-RAW-EEBE090EA58DAA871EB5,PM2.5,SOURCE_RELATION_MISSING: 无可关联治理设施记录，不能推定无治理,补充或核正该项原始信息；保留其他污染物可核算部分
SRC-RAW-EEBE090EA58DAA871EB5,BC,SOURCE_RELATION_MISSING: 无可关联治理设施记录，不能推定无治理,补充或核正该项原始信息；保留其他污染物可核算部分
SRC-RAW-EEBE090EA58DAA871EB5,OC,SOURCE_RELATION_MISSING: 无可关联治理设施记录，不能推定无治理,补充或核正该项原始信息；保留其他污染物可核算部分
SRC-RAW-F4E2E3A5D2805919502A,ALL,HARD_CONSTRAINT_CONFLICT: 燃料一消耗量为负，不能以正分项覆盖冲突,核正原始燃料总量及分项
SRC-RAW-F4E2E3A5D2805919502A,SO2,HARD_CONSTRAINT_CONFLICT: 燃料一消耗量为负,补充或核正该项原始信息；保留其他污染物可核算部分
SRC-RAW-F4E2E3A5D2805919502A,NOx,HARD_CONSTRAINT_CONFLICT: 燃料一消耗量为负,补充或核正该项原始信息；保留其他污染物可核算部分
SRC-RAW-F4E2E3A5D2805919502A,CO,HARD_CONSTRAINT_CONFLICT: 燃料一消耗量为负,补充或核正该项原始信息；保留其他污染物可核算部分
SRC-RAW-F4E2E3A5D2805919502A,VOC,HARD_CONSTRAINT_CONFLICT: 燃料一消耗量为负,补充或核正该项原始信息；保留其他污染物可核算部分
SRC-RAW-F4E2E3A5D2805919502A,PM10,HARD_CONSTRAINT_CONFLICT: 燃料一消耗量为负,补充或核正该项原始信息；保留其他污染物可核算部分
SRC-RAW-F4E2E3A5D2805919502A,PM2.5,HARD_CONSTRAINT_CONFLICT: 燃料一消耗量为负,补充或核正该项原始信息；保留其他污染物可核算部分
SRC-RAW-F4E2E3A5D2805919502A,BC,HARD_CONSTRAINT_CONFLICT: 燃料一消耗量为负,补充或核正该项原始信息；保留其他污染物可核算部分
SRC-RAW-F4E2E3A5D2805919502A,OC,HARD_CONSTRAINT_CONFLICT: 燃料一消耗量为负,补充或核正该项原始信息；保留其他污染物可核算部分
SRC-RAW-CA1482BE0E160DD8597C,ALL,SOURCE_RELATION_MISSING: 源排放口编号缺失,补充设备与排放口关系，不按企业治理设施平均分摊
SRC-RAW-CA1482BE0E160DD8597C,NOx,SOURCE_RELATION_MISSING: 排放口编号缺失，无法确定治理链,补充或核正该项原始信息；保留其他污染物可核算部分
SRC-RAW-CA1482BE0E160DD8597C,PM10,SOURCE_RELATION_MISSING: 排放口编号缺失，无法确定治理链,补充或核正该项原始信息；保留其他污染物可核算部分
SRC-RAW-CA1482BE0E160DD8597C,PM2.5,SOURCE_RELATION_MISSING: 排放口编号缺失，无法确定治理链,补充或核正该项原始信息；保留其他污染物可核算部分
SRC-RAW-EA575374F3359E937FB7,ALL,ACTIVITY_MISSING: 燃料一总消耗量空白,在同单位发电及供热分项完整时相加；否则补充总量
SRC-RAW-EA575374F3359E937FB7,NOx,SOURCE_RELATION_MISSING: 企业存在治理设施但本源排放口无对应脱硝记录,补充或核正该项原始信息；保留其他污染物可核算部分
SRC-RAW-EA575374F3359E937FB7,PM10,SOURCE_RELATION_MISSING: 企业存在治理设施但本源排放口无对应除尘记录,补充或核正该项原始信息；保留其他污染物可核算部分
SRC-RAW-EA575374F3359E937FB7,PM2.5,SOURCE_RELATION_MISSING: 企业存在治理设施但本源排放口无对应除尘记录,补充或核正该项原始信息；保留其他污染物可核算部分
SRC-RAW-FAB5057D4C83F3A4DE14,SO2,SOURCE_RELATION_MISSING: 企业存在治理设施但本源排放口无对应脱硫记录,补充或核正该项原始信息；保留其他污染物可核算部分
SRC-RAW-FAB5057D4C83F3A4DE14,NOx,SOURCE_RELATION_MISSING: 企业存在治理设施但本源排放口无对应脱硝记录,补充或核正该项原始信息；保留其他污染物可核算部分
SRC-RAW-FAB5057D4C83F3A4DE14,PM10,POLLUTANT_PARAMETER_MISSING: 式(4)-(6)、表C.1-C.3；收到基灰分缺失,补充对应污染物参数或该燃料/设备适用系数
SRC-RAW-FAB5057D4C83F3A4DE14,PM10,POLLUTANT_PARAMETER_MISSING: 式(4)-(6)、表C.1-C.3；收到基灰分缺失,补充或核正该项原始信息；保留其他污染物可核算部分
SRC-RAW-FAB5057D4C83F3A4DE14,PM2.5,POLLUTANT_PARAMETER_MISSING: 式(4)-(6)、表C.1-C.3；收到基灰分缺失,补充对应污染物参数或该燃料/设备适用系数
SRC-RAW-FAB5057D4C83F3A4DE14,PM2.5,POLLUTANT_PARAMETER_MISSING: 式(4)-(6)、表C.1-C.3；收到基灰分缺失,补充或核正该项原始信息；保留其他污染物可核算部分
SRC-RAW-FAB5057D4C83F3A4DE14,BC,POLLUTANT_PARAMETER_MISSING: 式(4)-(6)、表C.1-C.3；收到基灰分缺失,补充对应污染物参数或该燃料/设备适用系数
SRC-RAW-FAB5057D4C83F3A4DE14,BC,POLLUTANT_PARAMETER_MISSING: 式(4)-(6)、表C.1-C.3；收到基灰分缺失,补充或核正该项原始信息；保留其他污染物可核算部分
SRC-RAW-FAB5057D4C83F3A4DE14,OC,SOURCE_RELATION_MISSING: 企业存在治理设施但本源排放口无对应除尘记录,补充或核正该项原始信息；保留其他污染物可核算部分
SRC-RAW-AD8770B38710366C7C2C,ALL,SOURCE_RELATION_MISSING: 源排放口编号缺失,补充设备与排放口关系，不按企业治理设施平均分摊
SRC-RAW-AD8770B38710366C7C2C,SO2,SOURCE_RELATION_MISSING: 排放口编号缺失，无法确定治理链,补充或核正该项原始信息；保留其他污染物可核算部分
SRC-RAW-AD8770B38710366C7C2C,NOx,SOURCE_RELATION_MISSING: 排放口编号缺失，无法确定治理链,补充或核正该项原始信息；保留其他污染物可核算部分
SRC-RAW-AD8770B38710366C7C2C,PM10,SOURCE_RELATION_MISSING: 排放口编号缺失，无法确定治理链,补充或核正该项原始信息；保留其他污染物可核算部分
SRC-RAW-AD8770B38710366C7C2C,PM2.5,SOURCE_RELATION_MISSING: 排放口编号缺失，无法确定治理链,补充或核正该项原始信息；保留其他污染物可核算部分
SRC-RAW-AD8770B38710366C7C2C,BC,SOURCE_RELATION_MISSING: 排放口编号缺失，无法确定治理链,补充或核正该项原始信息；保留其他污染物可核算部分
SRC-RAW-AD8770B38710366C7C2C,OC,SOURCE_RELATION_MISSING: 排放口编号缺失，无法确定治理链,补充或核正该项原始信息；保留其他污染物可核算部分
SRC-RAW-3813565566A3B83E884B,ALL,SOURCE_RELATION_MISSING: 源排放口编号缺失,补充设备与排放口关系，不按企业治理设施平均分摊
SRC-RAW-3813565566A3B83E884B,SO2,SOURCE_RELATION_MISSING: 排放口编号缺失，无法确定治理链,补充或核正该项原始信息；保留其他污染物可核算部分
SRC-RAW-3813565566A3B83E884B,NOx,SOURCE_RELATION_MISSING: 排放口编号缺失，无法确定治理链,补充或核正该项原始信息；保留其他污染物可核算部分
SRC-RAW-3813565566A3B83E884B,PM10,SOURCE_RELATION_MISSING: 排放口编号缺失，无法确定治理链,补充或核正该项原始信息；保留其他污染物可核算部分
SRC-RAW-3813565566A3B83E884B,PM2.5,SOURCE_RELATION_MISSING: 排放口编号缺失，无法确定治理链,补充或核正该项原始信息；保留其他污染物可核算部分
SRC-RAW-3813565566A3B83E884B,BC,SOURCE_RELATION_MISSING: 排放口编号缺失，无法确定治理链,补充或核正该项原始信息；保留其他污染物可核算部分
SRC-RAW-3813565566A3B83E884B,OC,SOURCE_RELATION_MISSING: 排放口编号缺失，无法确定治理链,补充或核正该项原始信息；保留其他污染物可核算部分
SRC-RAW-034EA11B7545A4E80FF5,ALL,ACTIVITY_MISSING: 燃料一总消耗量空白,在同单位发电及供热分项完整时相加；否则补充总量
SRC-RAW-034EA11B7545A4E80FF5,SO2,SOURCE_RELATION_MISSING: 企业存在治理设施但本源排放口无对应脱硫记录,补充或核正该项原始信息；保留其他污染物可核算部分
SRC-RAW-034EA11B7545A4E80FF5,NOx,SOURCE_RELATION_MISSING: 企业存在治理设施但本源排放口无对应脱硝记录,补充或核正该项原始信息；保留其他污染物可核算部分
SRC-RAW-034EA11B7545A4E80FF5,PM10,SOURCE_RELATION_MISSING: 企业存在治理设施但本源排放口无对应除尘记录,补充或核正该项原始信息；保留其他污染物可核算部分
SRC-RAW-034EA11B7545A4E80FF5,PM2.5,SOURCE_RELATION_MISSING: 企业存在治理设施但本源排放口无对应除尘记录,补充或核正该项原始信息；保留其他污染物可核算部分
SRC-RAW-034EA11B7545A4E80FF5,BC,SOURCE_RELATION_MISSING: 企业存在治理设施但本源排放口无对应除尘记录,补充或核正该项原始信息；保留其他污染物可核算部分
SRC-RAW-034EA11B7545A4E80FF5,OC,SOURCE_RELATION_MISSING: 企业存在治理设施但本源排放口无对应除尘记录,补充或核正该项原始信息；保留其他污染物可核算部分
SRC-RAW-A76844F8CA4874DDAB78,ALL,SOURCE_RELATION_MISSING: 源排放口编号缺失,补充设备与排放口关系，不按企业治理设施平均分摊
SRC-RAW-A76844F8CA4874DDAB78,SO2,SOURCE_RELATION_MISSING: 排放口编号缺失，无法确定治理链,补充或核正该项原始信息；保留其他污染物可核算部分
SRC-RAW-A76844F8CA4874DDAB78,NOx,SOURCE_RELATION_MISSING: 排放口编号缺失，无法确定治理链,补充或核正该项原始信息；保留其他污染物可核算部分
SRC-RAW-A76844F8CA4874DDAB78,PM10,SOURCE_RELATION_MISSING: 排放口编号缺失，无法确定治理链,补充或核正该项原始信息；保留其他污染物可核算部分
SRC-RAW-A76844F8CA4874DDAB78,PM2.5,SOURCE_RELATION_MISSING: 排放口编号缺失，无法确定治理链,补充或核正该项原始信息；保留其他污染物可核算部分
SRC-RAW-A76844F8CA4874DDAB78,BC,SOURCE_RELATION_MISSING: 排放口编号缺失，无法确定治理链,补充或核正该项原始信息；保留其他污染物可核算部分
SRC-RAW-57975824CAAF1FEA69F8,ALL,HARD_CONSTRAINT_CONFLICT: 燃料一消耗量为负，不能以正分项覆盖冲突,核正原始燃料总量及分项
SRC-RAW-57975824CAAF1FEA69F8,SO2,HARD_CONSTRAINT_CONFLICT: 燃料一消耗量为负,补充或核正该项原始信息；保留其他污染物可核算部分
SRC-RAW-57975824CAAF1FEA69F8,NOx,HARD_CONSTRAINT_CONFLICT: 燃料一消耗量为负,补充或核正该项原始信息；保留其他污染物可核算部分
SRC-RAW-57975824CAAF1FEA69F8,CO,HARD_CONSTRAINT_CONFLICT: 燃料一消耗量为负,补充或核正该项原始信息；保留其他污染物可核算部分
SRC-RAW-57975824CAAF1FEA69F8,VOC,HARD_CONSTRAINT_CONFLICT: 燃料一消耗量为负,补充或核正该项原始信息；保留其他污染物可核算部分
SRC-RAW-57975824CAAF1FEA69F8,PM10,HARD_CONSTRAINT_CONFLICT: 燃料一消耗量为负,补充或核正该项原始信息；保留其他污染物可核算部分
SRC-RAW-57975824CAAF1FEA69F8,PM2.5,HARD_CONSTRAINT_CONFLICT: 燃料一消耗量为负,补充或核正该项原始信息；保留其他污染物可核算部分
SRC-RAW-57975824CAAF1FEA69F8,BC,HARD_CONSTRAINT_CONFLICT: 燃料一消耗量为负,补充或核正该项原始信息；保留其他污染物可核算部分
SRC-RAW-57975824CAAF1FEA69F8,OC,HARD_CONSTRAINT_CONFLICT: 燃料一消耗量为负,补充或核正该项原始信息；保留其他污染物可核算部分
SRC-RAW-E1396E97602796F2B2D9,SO2,POLLUTANT_PARAMETER_MISSING: 式(3)、表C.1；收到基硫分缺失,补充对应污染物参数或该燃料/设备适用系数
SRC-RAW-E1396E97602796F2B2D9,SO2,POLLUTANT_PARAMETER_MISSING: 式(3)、表C.1；收到基硫分缺失,补充或核正该项原始信息；保留其他污染物可核算部分
SRC-RAW-E1396E97602796F2B2D9,NOx,SOURCE_RELATION_MISSING: 企业存在治理设施但本源排放口无对应脱硝记录,补充或核正该项原始信息；保留其他污染物可核算部分
SRC-RAW-E1396E97602796F2B2D9,PM10,SOURCE_RELATION_MISSING: 企业存在治理设施但本源排放口无对应除尘记录,补充或核正该项原始信息；保留其他污染物可核算部分
SRC-RAW-E1396E97602796F2B2D9,PM2.5,SOURCE_RELATION_MISSING: 企业存在治理设施但本源排放口无对应除尘记录,补充或核正该项原始信息；保留其他污染物可核算部分
SRC-RAW-E1396E97602796F2B2D9,BC,SOURCE_RELATION_MISSING: 企业存在治理设施但本源排放口无对应除尘记录,补充或核正该项原始信息；保留其他污染物可核算部分
SRC-RAW-58D05AB6943C48568AE9,ALL,SOURCE_RELATION_MISSING: 源排放口编号缺失,补充设备与排放口关系，不按企业治理设施平均分摊
SRC-RAW-58D05AB6943C48568AE9,SO2,SOURCE_RELATION_MISSING: 排放口编号缺失，无法确定治理链,补充或核正该项原始信息；保留其他污染物可核算部分
SRC-RAW-58D05AB6943C48568AE9,NOx,SOURCE_RELATION_MISSING: 排放口编号缺失，无法确定治理链,补充或核正该项原始信息；保留其他污染物可核算部分
SRC-RAW-58D05AB6943C48568AE9,PM10,SOURCE_RELATION_MISSING: 排放口编号缺失，无法确定治理链,补充或核正该项原始信息；保留其他污染物可核算部分
SRC-RAW-58D05AB6943C48568AE9,PM2.5,SOURCE_RELATION_MISSING: 排放口编号缺失，无法确定治理链,补充或核正该项原始信息；保留其他污染物可核算部分
SRC-RAW-58D05AB6943C48568AE9,BC,SOURCE_RELATION_MISSING: 排放口编号缺失，无法确定治理链,补充或核正该项原始信息；保留其他污染物可核算部分
SRC-RAW-A42AE6EB5B122E58A6B2,SO2,SOURCE_RELATION_MISSING: 企业存在治理设施但本源排放口无对应脱硫记录,补充或核正该项原始信息；保留其他污染物可核算部分
SRC-RAW-A42AE6EB5B122E58A6B2,NOx,SOURCE_RELATION_MISSING: 企业存在治理设施但本源排放口无对应脱硝记录,补充或核正该项原始信息；保留其他污染物可核算部分
SRC-RAW-A42AE6EB5B122E58A6B2,PM10,POLLUTANT_PARAMETER_MISSING: 式(4)-(6)、表C.1-C.3；收到基灰分缺失,补充对应污染物参数或该燃料/设备适用系数
SRC-RAW-A42AE6EB5B122E58A6B2,PM10,POLLUTANT_PARAMETER_MISSING: 式(4)-(6)、表C.1-C.3；收到基灰分缺失,补充或核正该项原始信息；保留其他污染物可核算部分
SRC-RAW-A42AE6EB5B122E58A6B2,PM2.5,POLLUTANT_PARAMETER_MISSING: 式(4)-(6)、表C.1-C.3；收到基灰分缺失,补充对应污染物参数或该燃料/设备适用系数
SRC-RAW-A42AE6EB5B122E58A6B2,PM2.5,POLLUTANT_PARAMETER_MISSING: 式(4)-(6)、表C.1-C.3；收到基灰分缺失,补充或核正该项原始信息；保留其他污染物可核算部分
SRC-RAW-A42AE6EB5B122E58A6B2,BC,POLLUTANT_PARAMETER_MISSING: 式(4)-(6)、表C.1-C.3；收到基灰分缺失,补充对应污染物参数或该燃料/设备适用系数
SRC-RAW-A42AE6EB5B122E58A6B2,BC,POLLUTANT_PARAMETER_MISSING: 式(4)-(6)、表C.1-C.3；收到基灰分缺失,补充或核正该项原始信息；保留其他污染物可核算部分
SRC-RAW-91758580F3D639F02735,ALL,HARD_CONSTRAINT_CONFLICT: 燃料一消耗量为负，不能以正分项覆盖冲突,核正原始燃料总量及分项
SRC-RAW-91758580F3D639F02735,SO2,HARD_CONSTRAINT_CONFLICT: 燃料一消耗量为负,补充或核正该项原始信息；保留其他污染物可核算部分
SRC-RAW-91758580F3D639F02735,NOx,HARD_CONSTRAINT_CONFLICT: 燃料一消耗量为负,补充或核正该项原始信息；保留其他污染物可核算部分
SRC-RAW-91758580F3D639F02735,CO,HARD_CONSTRAINT_CONFLICT: 燃料一消耗量为负,补充或核正该项原始信息；保留其他污染物可核算部分
SRC-RAW-91758580F3D639F02735,VOC,HARD_CONSTRAINT_CONFLICT: 燃料一消耗量为负,补充或核正该项原始信息；保留其他污染物可核算部分
SRC-RAW-91758580F3D639F02735,PM10,HARD_CONSTRAINT_CONFLICT: 燃料一消耗量为负,补充或核正该项原始信息；保留其他污染物可核算部分
SRC-RAW-91758580F3D639F02735,PM2.5,HARD_CONSTRAINT_CONFLICT: 燃料一消耗量为负,补充或核正该项原始信息；保留其他污染物可核算部分
SRC-RAW-91758580F3D639F02735,BC,HARD_CONSTRAINT_CONFLICT: 燃料一消耗量为负,补充或核正该项原始信息；保留其他污染物可核算部分
SRC-RAW-91758580F3D639F02735,OC,HARD_CONSTRAINT_CONFLICT: 燃料一消耗量为负,补充或核正该项原始信息；保留其他污染物可核算部分
SRC-RAW-D16F224D5164D01920EB,SO2,SOURCE_RELATION_MISSING: 企业存在治理设施但本源排放口无对应脱硫记录,补充或核正该项原始信息；保留其他污染物可核算部分
SRC-RAW-D16F224D5164D01920EB,NOx,SOURCE_RELATION_MISSING: 企业存在治理设施但本源排放口无对应脱硝记录,补充或核正该项原始信息；保留其他污染物可核算部分
SRC-RAW-D16F224D5164D01920EB,PM10,SOURCE_RELATION_MISSING: 企业存在治理设施但本源排放口无对应除尘记录,补充或核正该项原始信息；保留其他污染物可核算部分
SRC-RAW-D16F224D5164D01920EB,PM2.5,SOURCE_RELATION_MISSING: 企业存在治理设施但本源排放口无对应除尘记录,补充或核正该项原始信息；保留其他污染物可核算部分
SRC-RAW-D16F224D5164D01920EB,BC,SOURCE_RELATION_MISSING: 企业存在治理设施但本源排放口无对应除尘记录,补充或核正该项原始信息；保留其他污染物可核算部分
SRC-RAW-2D6580A941F7A3221868,SO2,SOURCE_RELATION_MISSING: 企业存在治理设施但本源排放口无对应脱硫记录,补充或核正该项原始信息；保留其他污染物可核算部分
SRC-RAW-2D6580A941F7A3221868,NOx,SOURCE_RELATION_MISSING: 企业存在治理设施但本源排放口无对应脱硝记录,补充或核正该项原始信息；保留其他污染物可核算部分
SRC-RAW-2D6580A941F7A3221868,PM10,SOURCE_RELATION_MISSING: 企业存在治理设施但本源排放口无对应除尘记录,补充或核正该项原始信息；保留其他污染物可核算部分
SRC-RAW-2D6580A941F7A3221868,PM2.5,SOURCE_RELATION_MISSING: 企业存在治理设施但本源排放口无对应除尘记录,补充或核正该项原始信息；保留其他污染物可核算部分
SRC-RAW-2D6580A941F7A3221868,BC,SOURCE_RELATION_MISSING: 企业存在治理设施但本源排放口无对应除尘记录,补充或核正该项原始信息；保留其他污染物可核算部分
SRC-RAW-730A96C0F1BB19F1D46E,ALL,ACTIVITY_MISSING: 燃料一总消耗量空白,在同单位发电及供热分项完整时相加；否则补充总量
SRC-RAW-730A96C0F1BB19F1D46E,SO2,SOURCE_RELATION_MISSING: 企业存在治理设施但本源排放口无对应脱硫记录,补充或核正该项原始信息；保留其他污染物可核算部分
SRC-RAW-730A96C0F1BB19F1D46E,NOx,SOURCE_RELATION_MISSING: 企业存在治理设施但本源排放口无对应脱硝记录,补充或核正该项原始信息；保留其他污染物可核算部分
SRC-RAW-730A96C0F1BB19F1D46E,PM10,SOURCE_RELATION_MISSING: 企业存在治理设施但本源排放口无对应除尘记录,补充或核正该项原始信息；保留其他污染物可核算部分
SRC-RAW-730A96C0F1BB19F1D46E,PM2.5,SOURCE_RELATION_MISSING: 企业存在治理设施但本源排放口无对应除尘记录,补充或核正该项原始信息；保留其他污染物可核算部分
SRC-RAW-730A96C0F1BB19F1D46E,BC,SOURCE_RELATION_MISSING: 企业存在治理设施但本源排放口无对应除尘记录,补充或核正该项原始信息；保留其他污染物可核算部分
SRC-RAW-CBBFC1A28AA95EDC417A,SO2,POLLUTANT_PARAMETER_MISSING: 式(3)、表C.1；收到基硫分缺失,补充对应污染物参数或该燃料/设备适用系数
SRC-RAW-CBBFC1A28AA95EDC417A,SO2,POLLUTANT_PARAMETER_MISSING: 式(3)、表C.1；收到基硫分缺失,补充或核正该项原始信息；保留其他污染物可核算部分
SRC-RAW-CBBFC1A28AA95EDC417A,NOx,SOURCE_RELATION_MISSING: 企业存在治理设施但本源排放口无对应脱硝记录,补充或核正该项原始信息；保留其他污染物可核算部分
SRC-RAW-CBBFC1A28AA95EDC417A,PM10,SOURCE_RELATION_MISSING: 企业存在治理设施但本源排放口无对应除尘记录,补充或核正该项原始信息；保留其他污染物可核算部分
SRC-RAW-CBBFC1A28AA95EDC417A,PM2.5,SOURCE_RELATION_MISSING: 企业存在治理设施但本源排放口无对应除尘记录,补充或核正该项原始信息；保留其他污染物可核算部分
SRC-RAW-CBBFC1A28AA95EDC417A,BC,SOURCE_RELATION_MISSING: 企业存在治理设施但本源排放口无对应除尘记录,补充或核正该项原始信息；保留其他污染物可核算部分
SRC-RAW-1119E36BA6B9144F2860,ALL,HARD_CONSTRAINT_CONFLICT: 燃料一消耗量为负，不能以正分项覆盖冲突,核正原始燃料总量及分项
SRC-RAW-1119E36BA6B9144F2860,SO2,HARD_CONSTRAINT_CONFLICT: 燃料一消耗量为负,补充或核正该项原始信息；保留其他污染物可核算部分
SRC-RAW-1119E36BA6B9144F2860,NOx,HARD_CONSTRAINT_CONFLICT: 燃料一消耗量为负,补充或核正该项原始信息；保留其他污染物可核算部分
SRC-RAW-1119E36BA6B9144F2860,CO,HARD_CONSTRAINT_CONFLICT: 燃料一消耗量为负,补充或核正该项原始信息；保留其他污染物可核算部分
SRC-RAW-1119E36BA6B9144F2860,VOC,HARD_CONSTRAINT_CONFLICT: 燃料一消耗量为负,补充或核正该项原始信息；保留其他污染物可核算部分
SRC-RAW-1119E36BA6B9144F2860,PM10,HARD_CONSTRAINT_CONFLICT: 燃料一消耗量为负,补充或核正该项原始信息；保留其他污染物可核算部分
SRC-RAW-1119E36BA6B9144F2860,PM2.5,HARD_CONSTRAINT_CONFLICT: 燃料一消耗量为负,补充或核正该项原始信息；保留其他污染物可核算部分
SRC-RAW-1119E36BA6B9144F2860,BC,HARD_CONSTRAINT_CONFLICT: 燃料一消耗量为负,补充或核正该项原始信息；保留其他污染物可核算部分
SRC-RAW-1119E36BA6B9144F2860,OC,HARD_CONSTRAINT_CONFLICT: 燃料一消耗量为负,补充或核正该项原始信息；保留其他污染物可核算部分
SRC-RAW-A39EE44DA4D0B77CDE6B,ALL,HARD_CONSTRAINT_CONFLICT: 燃料一消耗量为负，不能以正分项覆盖冲突,核正原始燃料总量及分项
SRC-RAW-A39EE44DA4D0B77CDE6B,SO2,HARD_CONSTRAINT_CONFLICT: 燃料一消耗量为负,补充或核正该项原始信息；保留其他污染物可核算部分
SRC-RAW-A39EE44DA4D0B77CDE6B,NOx,HARD_CONSTRAINT_CONFLICT: 燃料一消耗量为负,补充或核正该项原始信息；保留其他污染物可核算部分
SRC-RAW-A39EE44DA4D0B77CDE6B,CO,HARD_CONSTRAINT_CONFLICT: 燃料一消耗量为负,补充或核正该项原始信息；保留其他污染物可核算部分
SRC-RAW-A39EE44DA4D0B77CDE6B,VOC,HARD_CONSTRAINT_CONFLICT: 燃料一消耗量为负,补充或核正该项原始信息；保留其他污染物可核算部分
SRC-RAW-A39EE44DA4D0B77CDE6B,PM10,HARD_CONSTRAINT_CONFLICT: 燃料一消耗量为负,补充或核正该项原始信息；保留其他污染物可核算部分
SRC-RAW-A39EE44DA4D0B77CDE6B,PM2.5,HARD_CONSTRAINT_CONFLICT: 燃料一消耗量为负,补充或核正该项原始信息；保留其他污染物可核算部分
SRC-RAW-A39EE44DA4D0B77CDE6B,BC,HARD_CONSTRAINT_CONFLICT: 燃料一消耗量为负,补充或核正该项原始信息；保留其他污染物可核算部分
SRC-RAW-A39EE44DA4D0B77CDE6B,OC,HARD_CONSTRAINT_CONFLICT: 燃料一消耗量为负,补充或核正该项原始信息；保留其他污染物可核算部分
SRC-RAW-08ED845850C20B09F0BA,ALL,ACTIVITY_MISSING: 燃料一总消耗量空白,在同单位发电及供热分项完整时相加；否则补充总量
SRC-RAW-08ED845850C20B09F0BA,SO2,SOURCE_RELATION_MISSING: 企业存在治理设施但本源排放口无对应脱硫记录,补充或核正该项原始信息；保留其他污染物可核算部分
SRC-RAW-08ED845850C20B09F0BA,NOx,SOURCE_RELATION_MISSING: 企业存在治理设施但本源排放口无对应脱硝记录,补充或核正该项原始信息；保留其他污染物可核算部分
SRC-RAW-08ED845850C20B09F0BA,PM10,SOURCE_RELATION_MISSING: 企业存在治理设施但本源排放口无对应除尘记录,补充或核正该项原始信息；保留其他污染物可核算部分
SRC-RAW-08ED845850C20B09F0BA,PM2.5,SOURCE_RELATION_MISSING: 企业存在治理设施但本源排放口无对应除尘记录,补充或核正该项原始信息；保留其他污染物可核算部分
SRC-RAW-08ED845850C20B09F0BA,BC,SOURCE_RELATION_MISSING: 企业存在治理设施但本源排放口无对应除尘记录,补充或核正该项原始信息；保留其他污染物可核算部分
SRC-RAW-7B1B93A760DD2B1DB0F8,SO2,SOURCE_RELATION_MISSING: 企业存在治理设施但本源排放口无对应脱硫记录,补充或核正该项原始信息；保留其他污染物可核算部分
SRC-RAW-7B1B93A760DD2B1DB0F8,NOx,SOURCE_RELATION_MISSING: 企业存在治理设施但本源排放口无对应脱硝记录,补充或核正该项原始信息；保留其他污染物可核算部分
SRC-RAW-7B1B93A760DD2B1DB0F8,PM10,POLLUTANT_PARAMETER_MISSING: 式(4)-(6)、表C.1-C.3；收到基灰分缺失,补充对应污染物参数或该燃料/设备适用系数
SRC-RAW-7B1B93A760DD2B1DB0F8,PM10,POLLUTANT_PARAMETER_MISSING: 式(4)-(6)、表C.1-C.3；收到基灰分缺失,补充或核正该项原始信息；保留其他污染物可核算部分
SRC-RAW-7B1B93A760DD2B1DB0F8,PM2.5,POLLUTANT_PARAMETER_MISSING: 式(4)-(6)、表C.1-C.3；收到基灰分缺失,补充对应污染物参数或该燃料/设备适用系数
SRC-RAW-7B1B93A760DD2B1DB0F8,PM2.5,POLLUTANT_PARAMETER_MISSING: 式(4)-(6)、表C.1-C.3；收到基灰分缺失,补充或核正该项原始信息；保留其他污染物可核算部分
SRC-RAW-7B1B93A760DD2B1DB0F8,BC,POLLUTANT_PARAMETER_MISSING: 式(4)-(6)、表C.1-C.3；收到基灰分缺失,补充对应污染物参数或该燃料/设备适用系数
SRC-RAW-7B1B93A760DD2B1DB0F8,BC,POLLUTANT_PARAMETER_MISSING: 式(4)-(6)、表C.1-C.3；收到基灰分缺失,补充或核正该项原始信息；保留其他污染物可核算部分
SRC-RAW-2FB8FC20271C9C66798A,ALL,HARD_CONSTRAINT_CONFLICT: 燃料一消耗量为负，不能以正分项覆盖冲突,核正原始燃料总量及分项
SRC-RAW-2FB8FC20271C9C66798A,SO2,HARD_CONSTRAINT_CONFLICT: 燃料一消耗量为负,补充或核正该项原始信息；保留其他污染物可核算部分
SRC-RAW-2FB8FC20271C9C66798A,NOx,HARD_CONSTRAINT_CONFLICT: 燃料一消耗量为负,补充或核正该项原始信息；保留其他污染物可核算部分
SRC-RAW-2FB8FC20271C9C66798A,CO,HARD_CONSTRAINT_CONFLICT: 燃料一消耗量为负,补充或核正该项原始信息；保留其他污染物可核算部分
SRC-RAW-2FB8FC20271C9C66798A,VOC,HARD_CONSTRAINT_CONFLICT: 燃料一消耗量为负,补充或核正该项原始信息；保留其他污染物可核算部分
SRC-RAW-2FB8FC20271C9C66798A,PM10,HARD_CONSTRAINT_CONFLICT: 燃料一消耗量为负,补充或核正该项原始信息；保留其他污染物可核算部分
SRC-RAW-2FB8FC20271C9C66798A,PM2.5,HARD_CONSTRAINT_CONFLICT: 燃料一消耗量为负,补充或核正该项原始信息；保留其他污染物可核算部分
SRC-RAW-2FB8FC20271C9C66798A,BC,HARD_CONSTRAINT_CONFLICT: 燃料一消耗量为负,补充或核正该项原始信息；保留其他污染物可核算部分
SRC-RAW-2FB8FC20271C9C66798A,OC,HARD_CONSTRAINT_CONFLICT: 燃料一消耗量为负,补充或核正该项原始信息；保留其他污染物可核算部分
SRC-RAW-6EAB6262167FA0E8D39E,ALL,HARD_CONSTRAINT_CONFLICT: 燃料一消耗量为负，不能以正分项覆盖冲突,核正原始燃料总量及分项
SRC-RAW-6EAB6262167FA0E8D39E,SO2,HARD_CONSTRAINT_CONFLICT: 燃料一消耗量为负,补充或核正该项原始信息；保留其他污染物可核算部分
SRC-RAW-6EAB6262167FA0E8D39E,NOx,HARD_CONSTRAINT_CONFLICT: 燃料一消耗量为负,补充或核正该项原始信息；保留其他污染物可核算部分
SRC-RAW-6EAB6262167FA0E8D39E,CO,HARD_CONSTRAINT_CONFLICT: 燃料一消耗量为负,补充或核正该项原始信息；保留其他污染物可核算部分
SRC-RAW-6EAB6262167FA0E8D39E,VOC,HARD_CONSTRAINT_CONFLICT: 燃料一消耗量为负,补充或核正该项原始信息；保留其他污染物可核算部分
SRC-RAW-6EAB6262167FA0E8D39E,PM10,HARD_CONSTRAINT_CONFLICT: 燃料一消耗量为负,补充或核正该项原始信息；保留其他污染物可核算部分
SRC-RAW-6EAB6262167FA0E8D39E,PM2.5,HARD_CONSTRAINT_CONFLICT: 燃料一消耗量为负,补充或核正该项原始信息；保留其他污染物可核算部分
SRC-RAW-6EAB6262167FA0E8D39E,BC,HARD_CONSTRAINT_CONFLICT: 燃料一消耗量为负,补充或核正该项原始信息；保留其他污染物可核算部分
SRC-RAW-6EAB6262167FA0E8D39E,OC,HARD_CONSTRAINT_CONFLICT: 燃料一消耗量为负,补充或核正该项原始信息；保留其他污染物可核算部分
SRC-RAW-094CC43E62D48F0DFC4D,SO2,POLLUTANT_PARAMETER_MISSING: 式(3)、表C.1；收到基硫分缺失,补充对应污染物参数或该燃料/设备适用系数
SRC-RAW-094CC43E62D48F0DFC4D,SO2,POLLUTANT_PARAMETER_MISSING: 式(3)、表C.1；收到基硫分缺失,补充或核正该项原始信息；保留其他污染物可核算部分
SRC-RAW-094CC43E62D48F0DFC4D,NOx,SOURCE_RELATION_MISSING: 企业存在治理设施但本源排放口无对应脱硝记录,补充或核正该项原始信息；保留其他污染物可核算部分
SRC-RAW-094CC43E62D48F0DFC4D,PM10,SOURCE_RELATION_MISSING: 企业存在治理设施但本源排放口无对应除尘记录,补充或核正该项原始信息；保留其他污染物可核算部分
SRC-RAW-094CC43E62D48F0DFC4D,PM2.5,SOURCE_RELATION_MISSING: 企业存在治理设施但本源排放口无对应除尘记录,补充或核正该项原始信息；保留其他污染物可核算部分
SRC-RAW-094CC43E62D48F0DFC4D,BC,SOURCE_RELATION_MISSING: 企业存在治理设施但本源排放口无对应除尘记录,补充或核正该项原始信息；保留其他污染物可核算部分
SRC-RAW-139C8F4E7E7BCF1E39F8,ALL,HARD_CONSTRAINT_CONFLICT: 燃料一消耗量为负，不能以正分项覆盖冲突,核正原始燃料总量及分项
SRC-RAW-139C8F4E7E7BCF1E39F8,SO2,HARD_CONSTRAINT_CONFLICT: 燃料一消耗量为负,补充或核正该项原始信息；保留其他污染物可核算部分
SRC-RAW-139C8F4E7E7BCF1E39F8,NOx,HARD_CONSTRAINT_CONFLICT: 燃料一消耗量为负,补充或核正该项原始信息；保留其他污染物可核算部分
SRC-RAW-139C8F4E7E7BCF1E39F8,CO,HARD_CONSTRAINT_CONFLICT: 燃料一消耗量为负,补充或核正该项原始信息；保留其他污染物可核算部分
SRC-RAW-139C8F4E7E7BCF1E39F8,VOC,HARD_CONSTRAINT_CONFLICT: 燃料一消耗量为负,补充或核正该项原始信息；保留其他污染物可核算部分
SRC-RAW-139C8F4E7E7BCF1E39F8,PM10,HARD_CONSTRAINT_CONFLICT: 燃料一消耗量为负,补充或核正该项原始信息；保留其他污染物可核算部分
SRC-RAW-139C8F4E7E7BCF1E39F8,PM2.5,HARD_CONSTRAINT_CONFLICT: 燃料一消耗量为负,补充或核正该项原始信息；保留其他污染物可核算部分
SRC-RAW-139C8F4E7E7BCF1E39F8,BC,HARD_CONSTRAINT_CONFLICT: 燃料一消耗量为负,补充或核正该项原始信息；保留其他污染物可核算部分
SRC-RAW-139C8F4E7E7BCF1E39F8,OC,HARD_CONSTRAINT_CONFLICT: 燃料一消耗量为负,补充或核正该项原始信息；保留其他污染物可核算部分
SRC-RAW-1AF62196C8AA9525EBDE,ALL,SOURCE_RELATION_MISSING: 源排放口编号缺失,补充设备与排放口关系，不按企业治理设施平均分摊
SRC-RAW-1AF62196C8AA9525EBDE,SO2,SOURCE_RELATION_MISSING: 排放口编号缺失，无法确定治理链,补充或核正该项原始信息；保留其他污染物可核算部分
SRC-RAW-1AF62196C8AA9525EBDE,NOx,SOURCE_RELATION_MISSING: 排放口编号缺失，无法确定治理链,补充或核正该项原始信息；保留其他污染物可核算部分
SRC-RAW-1AF62196C8AA9525EBDE,PM10,SOURCE_RELATION_MISSING: 排放口编号缺失，无法确定治理链,补充或核正该项原始信息；保留其他污染物可核算部分
SRC-RAW-1AF62196C8AA9525EBDE,PM2.5,SOURCE_RELATION_MISSING: 排放口编号缺失，无法确定治理链,补充或核正该项原始信息；保留其他污染物可核算部分
SRC-RAW-1AF62196C8AA9525EBDE,BC,SOURCE_RELATION_MISSING: 排放口编号缺失，无法确定治理链,补充或核正该项原始信息；保留其他污染物可核算部分
SRC-RAW-AD963A2E98F587C4C005,SO2,POLLUTANT_PARAMETER_MISSING: 式(3)、表C.1；收到基硫分缺失,补充对应污染物参数或该燃料/设备适用系数
SRC-RAW-AD963A2E98F587C4C005,SO2,POLLUTANT_PARAMETER_MISSING: 式(3)、表C.1；收到基硫分缺失,补充或核正该项原始信息；保留其他污染物可核算部分
SRC-RAW-AD963A2E98F587C4C005,NOx,SOURCE_RELATION_MISSING: 企业存在治理设施但本源排放口无对应脱硝记录,补充或核正该项原始信息；保留其他污染物可核算部分
SRC-RAW-AD963A2E98F587C4C005,PM10,SOURCE_RELATION_MISSING: 企业存在治理设施但本源排放口无对应除尘记录,补充或核正该项原始信息；保留其他污染物可核算部分
SRC-RAW-AD963A2E98F587C4C005,PM2.5,SOURCE_RELATION_MISSING: 企业存在治理设施但本源排放口无对应除尘记录,补充或核正该项原始信息；保留其他污染物可核算部分
SRC-RAW-AD963A2E98F587C4C005,BC,SOURCE_RELATION_MISSING: 企业存在治理设施但本源排放口无对应除尘记录,补充或核正该项原始信息；保留其他污染物可核算部分
SRC-RAW-A3D7BBC967379E671B7C,SO2,SOURCE_RELATION_MISSING: 企业存在治理设施但本源排放口无对应脱硫记录,补充或核正该项原始信息；保留其他污染物可核算部分
SRC-RAW-A3D7BBC967379E671B7C,NOx,SOURCE_RELATION_MISSING: 企业存在治理设施但本源排放口无对应脱硝记录,补充或核正该项原始信息；保留其他污染物可核算部分
SRC-RAW-A3D7BBC967379E671B7C,PM10,SOURCE_RELATION_MISSING: 企业存在治理设施但本源排放口无对应除尘记录,补充或核正该项原始信息；保留其他污染物可核算部分
SRC-RAW-A3D7BBC967379E671B7C,PM2.5,SOURCE_RELATION_MISSING: 企业存在治理设施但本源排放口无对应除尘记录,补充或核正该项原始信息；保留其他污染物可核算部分
SRC-RAW-A3D7BBC967379E671B7C,BC,SOURCE_RELATION_MISSING: 企业存在治理设施但本源排放口无对应除尘记录,补充或核正该项原始信息；保留其他污染物可核算部分
SRC-RAW-5DE8C0C6F54C098F0500,ALL,ACTIVITY_MISSING: 燃料一总消耗量空白,在同单位发电及供热分项完整时相加；否则补充总量
SRC-RAW-5DE8C0C6F54C098F0500,SO2,ACTIVITY_MISSING: 燃料一总量与完整分项不足,补充或核正该项原始信息；保留其他污染物可核算部分
SRC-RAW-5DE8C0C6F54C098F0500,NOx,ACTIVITY_MISSING: 燃料一总量与完整分项不足,补充或核正该项原始信息；保留其他污染物可核算部分
SRC-RAW-5DE8C0C6F54C098F0500,CO,ACTIVITY_MISSING: 燃料一总量与完整分项不足,补充或核正该项原始信息；保留其他污染物可核算部分
SRC-RAW-5DE8C0C6F54C098F0500,VOC,ACTIVITY_MISSING: 燃料一总量与完整分项不足,补充或核正该项原始信息；保留其他污染物可核算部分
SRC-RAW-5DE8C0C6F54C098F0500,PM10,ACTIVITY_MISSING: 燃料一总量与完整分项不足,补充或核正该项原始信息；保留其他污染物可核算部分
SRC-RAW-5DE8C0C6F54C098F0500,PM2.5,ACTIVITY_MISSING: 燃料一总量与完整分项不足,补充或核正该项原始信息；保留其他污染物可核算部分
SRC-RAW-5DE8C0C6F54C098F0500,BC,ACTIVITY_MISSING: 燃料一总量与完整分项不足,补充或核正该项原始信息；保留其他污染物可核算部分
SRC-RAW-5DE8C0C6F54C098F0500,OC,ACTIVITY_MISSING: 燃料一总量与完整分项不足,补充或核正该项原始信息；保留其他污染物可核算部分
SRC-RAW-C4CB2C34A6EC14F82F9F,ALL,SOURCE_RELATION_MISSING: 源排放口编号缺失,补充设备与排放口关系，不按企业治理设施平均分摊
SRC-RAW-C4CB2C34A6EC14F82F9F,SO2,SOURCE_RELATION_MISSING: 排放口编号缺失，无法确定治理链,补充或核正该项原始信息；保留其他污染物可核算部分
SRC-RAW-C4CB2C34A6EC14F82F9F,NOx,SOURCE_RELATION_MISSING: 排放口编号缺失，无法确定治理链,补充或核正该项原始信息；保留其他污染物可核算部分
SRC-RAW-C4CB2C34A6EC14F82F9F,PM10,SOURCE_RELATION_MISSING: 排放口编号缺失，无法确定治理链,补充或核正该项原始信息；保留其他污染物可核算部分
SRC-RAW-C4CB2C34A6EC14F82F9F,PM2.5,SOURCE_RELATION_MISSING: 排放口编号缺失，无法确定治理链,补充或核正该项原始信息；保留其他污染物可核算部分
SRC-RAW-C4CB2C34A6EC14F82F9F,BC,SOURCE_RELATION_MISSING: 排放口编号缺失，无法确定治理链,补充或核正该项原始信息；保留其他污染物可核算部分
SRC-RAW-C6588136B75D868414EE,SO2,SOURCE_RELATION_MISSING: 企业存在治理设施但本源排放口无对应脱硫记录,补充或核正该项原始信息；保留其他污染物可核算部分
SRC-RAW-C6588136B75D868414EE,NOx,SOURCE_RELATION_MISSING: 企业存在治理设施但本源排放口无对应脱硝记录,补充或核正该项原始信息；保留其他污染物可核算部分
SRC-RAW-C6588136B75D868414EE,PM10,SOURCE_RELATION_MISSING: 企业存在治理设施但本源排放口无对应除尘记录,补充或核正该项原始信息；保留其他污染物可核算部分
SRC-RAW-C6588136B75D868414EE,PM2.5,SOURCE_RELATION_MISSING: 企业存在治理设施但本源排放口无对应除尘记录,补充或核正该项原始信息；保留其他污染物可核算部分
SRC-RAW-C6588136B75D868414EE,BC,SOURCE_RELATION_MISSING: 企业存在治理设施但本源排放口无对应除尘记录,补充或核正该项原始信息；保留其他污染物可核算部分
SRC-RAW-48982EB2A6FC7EFCB18F,ALL,SOURCE_RELATION_MISSING: 源排放口编号缺失,补充设备与排放口关系，不按企业治理设施平均分摊
SRC-RAW-48982EB2A6FC7EFCB18F,SO2,SOURCE_RELATION_MISSING: 排放口编号缺失，无法确定治理链,补充或核正该项原始信息；保留其他污染物可核算部分
SRC-RAW-48982EB2A6FC7EFCB18F,NOx,SOURCE_RELATION_MISSING: 排放口编号缺失，无法确定治理链,补充或核正该项原始信息；保留其他污染物可核算部分
SRC-RAW-48982EB2A6FC7EFCB18F,PM10,SOURCE_RELATION_MISSING: 排放口编号缺失，无法确定治理链,补充或核正该项原始信息；保留其他污染物可核算部分
SRC-RAW-48982EB2A6FC7EFCB18F,PM2.5,SOURCE_RELATION_MISSING: 排放口编号缺失，无法确定治理链,补充或核正该项原始信息；保留其他污染物可核算部分
SRC-RAW-48982EB2A6FC7EFCB18F,BC,SOURCE_RELATION_MISSING: 排放口编号缺失，无法确定治理链,补充或核正该项原始信息；保留其他污染物可核算部分
SRC-RAW-3D68C3391F8E405ACFFC,ALL,ACTIVITY_MISSING: 燃料一总消耗量空白,在同单位发电及供热分项完整时相加；否则补充总量
SRC-RAW-3D68C3391F8E405ACFFC,SO2,SOURCE_RELATION_MISSING: 企业存在治理设施但本源排放口无对应脱硫记录,补充或核正该项原始信息；保留其他污染物可核算部分
SRC-RAW-3D68C3391F8E405ACFFC,NOx,SOURCE_RELATION_MISSING: 企业存在治理设施但本源排放口无对应脱硝记录,补充或核正该项原始信息；保留其他污染物可核算部分
SRC-RAW-3D68C3391F8E405ACFFC,PM10,SOURCE_RELATION_MISSING: 企业存在治理设施但本源排放口无对应除尘记录,补充或核正该项原始信息；保留其他污染物可核算部分
SRC-RAW-3D68C3391F8E405ACFFC,PM2.5,SOURCE_RELATION_MISSING: 企业存在治理设施但本源排放口无对应除尘记录,补充或核正该项原始信息；保留其他污染物可核算部分
SRC-RAW-3D68C3391F8E405ACFFC,BC,SOURCE_RELATION_MISSING: 企业存在治理设施但本源排放口无对应除尘记录,补充或核正该项原始信息；保留其他污染物可核算部分
SRC-RAW-F800B5F8A13295EAB36B,ALL,HARD_CONSTRAINT_CONFLICT: 燃料一消耗量为负，不能以正分项覆盖冲突,核正原始燃料总量及分项
SRC-RAW-F800B5F8A13295EAB36B,SO2,HARD_CONSTRAINT_CONFLICT: 燃料一消耗量为负,补充或核正该项原始信息；保留其他污染物可核算部分
SRC-RAW-F800B5F8A13295EAB36B,NOx,HARD_CONSTRAINT_CONFLICT: 燃料一消耗量为负,补充或核正该项原始信息；保留其他污染物可核算部分
SRC-RAW-F800B5F8A13295EAB36B,CO,HARD_CONSTRAINT_CONFLICT: 燃料一消耗量为负,补充或核正该项原始信息；保留其他污染物可核算部分
SRC-RAW-F800B5F8A13295EAB36B,VOC,HARD_CONSTRAINT_CONFLICT: 燃料一消耗量为负,补充或核正该项原始信息；保留其他污染物可核算部分
SRC-RAW-F800B5F8A13295EAB36B,PM10,HARD_CONSTRAINT_CONFLICT: 燃料一消耗量为负,补充或核正该项原始信息；保留其他污染物可核算部分
SRC-RAW-F800B5F8A13295EAB36B,PM2.5,HARD_CONSTRAINT_CONFLICT: 燃料一消耗量为负,补充或核正该项原始信息；保留其他污染物可核算部分
SRC-RAW-F800B5F8A13295EAB36B,BC,HARD_CONSTRAINT_CONFLICT: 燃料一消耗量为负,补充或核正该项原始信息；保留其他污染物可核算部分
SRC-RAW-F800B5F8A13295EAB36B,OC,HARD_CONSTRAINT_CONFLICT: 燃料一消耗量为负,补充或核正该项原始信息；保留其他污染物可核算部分
SRC-RAW-0EA1C3FA4810EDBD34F9,ALL,ACTIVITY_MISSING: 燃料一总消耗量空白,在同单位发电及供热分项完整时相加；否则补充总量
SRC-RAW-0EA1C3FA4810EDBD34F9,SO2,SOURCE_RELATION_MISSING: 企业存在治理设施但本源排放口无对应脱硫记录,补充或核正该项原始信息；保留其他污染物可核算部分
SRC-RAW-0EA1C3FA4810EDBD34F9,NOx,SOURCE_RELATION_MISSING: 企业存在治理设施但本源排放口无对应脱硝记录,补充或核正该项原始信息；保留其他污染物可核算部分
SRC-RAW-0EA1C3FA4810EDBD34F9,PM10,SOURCE_RELATION_MISSING: 企业存在治理设施但本源排放口无对应除尘记录,补充或核正该项原始信息；保留其他污染物可核算部分
SRC-RAW-0EA1C3FA4810EDBD34F9,PM2.5,SOURCE_RELATION_MISSING: 企业存在治理设施但本源排放口无对应除尘记录,补充或核正该项原始信息；保留其他污染物可核算部分
SRC-RAW-0EA1C3FA4810EDBD34F9,BC,SOURCE_RELATION_MISSING: 企业存在治理设施但本源排放口无对应除尘记录,补充或核正该项原始信息；保留其他污染物可核算部分
SRC-RAW-A9FB6E4E293E435004D8,SO2,POLLUTANT_PARAMETER_MISSING: 式(3)、表C.1；收到基硫分缺失,补充对应污染物参数或该燃料/设备适用系数
SRC-RAW-A9FB6E4E293E435004D8,SO2,POLLUTANT_PARAMETER_MISSING: 式(3)、表C.1；收到基硫分缺失,补充或核正该项原始信息；保留其他污染物可核算部分
SRC-RAW-A9FB6E4E293E435004D8,NOx,SOURCE_RELATION_MISSING: 企业存在治理设施但本源排放口无对应脱硝记录,补充或核正该项原始信息；保留其他污染物可核算部分
SRC-RAW-A9FB6E4E293E435004D8,PM10,SOURCE_RELATION_MISSING: 企业存在治理设施但本源排放口无对应除尘记录,补充或核正该项原始信息；保留其他污染物可核算部分
SRC-RAW-A9FB6E4E293E435004D8,PM2.5,SOURCE_RELATION_MISSING: 企业存在治理设施但本源排放口无对应除尘记录,补充或核正该项原始信息；保留其他污染物可核算部分
SRC-RAW-A9FB6E4E293E435004D8,BC,SOURCE_RELATION_MISSING: 企业存在治理设施但本源排放口无对应除尘记录,补充或核正该项原始信息；保留其他污染物可核算部分
SRC-RAW-EDFD19AE3DB2C5C2A978,ALL,HARD_CONSTRAINT_CONFLICT: 燃料一消耗量为负，不能以正分项覆盖冲突,核正原始燃料总量及分项
SRC-RAW-EDFD19AE3DB2C5C2A978,SO2,HARD_CONSTRAINT_CONFLICT: 燃料一消耗量为负,补充或核正该项原始信息；保留其他污染物可核算部分
SRC-RAW-EDFD19AE3DB2C5C2A978,NOx,HARD_CONSTRAINT_CONFLICT: 燃料一消耗量为负,补充或核正该项原始信息；保留其他污染物可核算部分
SRC-RAW-EDFD19AE3DB2C5C2A978,CO,HARD_CONSTRAINT_CONFLICT: 燃料一消耗量为负,补充或核正该项原始信息；保留其他污染物可核算部分
SRC-RAW-EDFD19AE3DB2C5C2A978,VOC,HARD_CONSTRAINT_CONFLICT: 燃料一消耗量为负,补充或核正该项原始信息；保留其他污染物可核算部分
SRC-RAW-EDFD19AE3DB2C5C2A978,PM10,HARD_CONSTRAINT_CONFLICT: 燃料一消耗量为负,补充或核正该项原始信息；保留其他污染物可核算部分
SRC-RAW-EDFD19AE3DB2C5C2A978,PM2.5,HARD_CONSTRAINT_CONFLICT: 燃料一消耗量为负,补充或核正该项原始信息；保留其他污染物可核算部分
SRC-RAW-EDFD19AE3DB2C5C2A978,BC,HARD_CONSTRAINT_CONFLICT: 燃料一消耗量为负,补充或核正该项原始信息；保留其他污染物可核算部分
SRC-RAW-EDFD19AE3DB2C5C2A978,OC,HARD_CONSTRAINT_CONFLICT: 燃料一消耗量为负,补充或核正该项原始信息；保留其他污染物可核算部分
SRC-RAW-730DB3353BFFB25FE637,NOx,SOURCE_RELATION_MISSING: 无可关联治理设施记录，不能推定无治理,补充或核正该项原始信息；保留其他污染物可核算部分
SRC-RAW-730DB3353BFFB25FE637,PM10,SOURCE_RELATION_MISSING: 无可关联治理设施记录，不能推定无治理,补充或核正该项原始信息；保留其他污染物可核算部分
SRC-RAW-730DB3353BFFB25FE637,PM2.5,SOURCE_RELATION_MISSING: 无可关联治理设施记录，不能推定无治理,补充或核正该项原始信息；保留其他污染物可核算部分
SRC-RAW-730DB3353BFFB25FE637,BC,SOURCE_RELATION_MISSING: 无可关联治理设施记录，不能推定无治理,补充或核正该项原始信息；保留其他污染物可核算部分
SRC-RAW-730DB3353BFFB25FE637,OC,SOURCE_RELATION_MISSING: 无可关联治理设施记录，不能推定无治理,补充或核正该项原始信息；保留其他污染物可核算部分
SRC-RAW-1B39BD9ABE4A6CC6FCE8,ALL,HARD_CONSTRAINT_CONFLICT: 燃料一消耗量为负，不能以正分项覆盖冲突,核正原始燃料总量及分项
SRC-RAW-1B39BD9ABE4A6CC6FCE8,SO2,HARD_CONSTRAINT_CONFLICT: 燃料一消耗量为负,补充或核正该项原始信息；保留其他污染物可核算部分
SRC-RAW-1B39BD9ABE4A6CC6FCE8,NOx,HARD_CONSTRAINT_CONFLICT: 燃料一消耗量为负,补充或核正该项原始信息；保留其他污染物可核算部分
SRC-RAW-1B39BD9ABE4A6CC6FCE8,CO,HARD_CONSTRAINT_CONFLICT: 燃料一消耗量为负,补充或核正该项原始信息；保留其他污染物可核算部分
SRC-RAW-1B39BD9ABE4A6CC6FCE8,VOC,HARD_CONSTRAINT_CONFLICT: 燃料一消耗量为负,补充或核正该项原始信息；保留其他污染物可核算部分
SRC-RAW-1B39BD9ABE4A6CC6FCE8,PM10,HARD_CONSTRAINT_CONFLICT: 燃料一消耗量为负,补充或核正该项原始信息；保留其他污染物可核算部分
SRC-RAW-1B39BD9ABE4A6CC6FCE8,PM2.5,HARD_CONSTRAINT_CONFLICT: 燃料一消耗量为负,补充或核正该项原始信息；保留其他污染物可核算部分
SRC-RAW-1B39BD9ABE4A6CC6FCE8,BC,HARD_CONSTRAINT_CONFLICT: 燃料一消耗量为负,补充或核正该项原始信息；保留其他污染物可核算部分
SRC-RAW-1B39BD9ABE4A6CC6FCE8,OC,HARD_CONSTRAINT_CONFLICT: 燃料一消耗量为负,补充或核正该项原始信息；保留其他污染物可核算部分
SRC-RAW-22605CA85E03A3F25500,ALL,SOURCE_RELATION_MISSING: 源排放口编号缺失,补充设备与排放口关系，不按企业治理设施平均分摊
SRC-RAW-22605CA85E03A3F25500,NOx,SOURCE_RELATION_MISSING: 排放口编号缺失，无法确定治理链,补充或核正该项原始信息；保留其他污染物可核算部分
SRC-RAW-22605CA85E03A3F25500,PM10,SOURCE_RELATION_MISSING: 排放口编号缺失，无法确定治理链,补充或核正该项原始信息；保留其他污染物可核算部分
SRC-RAW-22605CA85E03A3F25500,PM2.5,SOURCE_RELATION_MISSING: 排放口编号缺失，无法确定治理链,补充或核正该项原始信息；保留其他污染物可核算部分
SRC-RAW-3203977F5D5270B760BF,SO2,SOURCE_RELATION_MISSING: 企业存在治理设施但本源排放口无对应脱硫记录,补充或核正该项原始信息；保留其他污染物可核算部分
SRC-RAW-3203977F5D5270B760BF,NOx,SOURCE_RELATION_MISSING: 企业存在治理设施但本源排放口无对应脱硝记录,补充或核正该项原始信息；保留其他污染物可核算部分
SRC-RAW-3203977F5D5270B760BF,PM10,POLLUTANT_PARAMETER_MISSING: 式(4)-(6)、表C.1-C.3；收到基灰分缺失,补充对应污染物参数或该燃料/设备适用系数
SRC-RAW-3203977F5D5270B760BF,PM10,POLLUTANT_PARAMETER_MISSING: 式(4)-(6)、表C.1-C.3；收到基灰分缺失,补充或核正该项原始信息；保留其他污染物可核算部分
SRC-RAW-3203977F5D5270B760BF,PM2.5,POLLUTANT_PARAMETER_MISSING: 式(4)-(6)、表C.1-C.3；收到基灰分缺失,补充对应污染物参数或该燃料/设备适用系数
SRC-RAW-3203977F5D5270B760BF,PM2.5,POLLUTANT_PARAMETER_MISSING: 式(4)-(6)、表C.1-C.3；收到基灰分缺失,补充或核正该项原始信息；保留其他污染物可核算部分
SRC-RAW-3203977F5D5270B760BF,BC,POLLUTANT_PARAMETER_MISSING: 式(4)-(6)、表C.1-C.3；收到基灰分缺失,补充对应污染物参数或该燃料/设备适用系数
SRC-RAW-3203977F5D5270B760BF,BC,POLLUTANT_PARAMETER_MISSING: 式(4)-(6)、表C.1-C.3；收到基灰分缺失,补充或核正该项原始信息；保留其他污染物可核算部分
SRC-RAW-E2673803482D4F76F5EC,ALL,ACTIVITY_MISSING: 燃料一总消耗量空白,在同单位发电及供热分项完整时相加；否则补充总量
SRC-RAW-E2673803482D4F76F5EC,SO2,SOURCE_RELATION_MISSING: 企业存在治理设施但本源排放口无对应脱硫记录,补充或核正该项原始信息；保留其他污染物可核算部分
SRC-RAW-E2673803482D4F76F5EC,NOx,SOURCE_RELATION_MISSING: 企业存在治理设施但本源排放口无对应脱硝记录,补充或核正该项原始信息；保留其他污染物可核算部分
SRC-RAW-E2673803482D4F76F5EC,PM10,SOURCE_RELATION_MISSING: 企业存在治理设施但本源排放口无对应除尘记录,补充或核正该项原始信息；保留其他污染物可核算部分
SRC-RAW-E2673803482D4F76F5EC,PM2.5,SOURCE_RELATION_MISSING: 企业存在治理设施但本源排放口无对应除尘记录,补充或核正该项原始信息；保留其他污染物可核算部分
SRC-RAW-E2673803482D4F76F5EC,BC,SOURCE_RELATION_MISSING: 企业存在治理设施但本源排放口无对应除尘记录,补充或核正该项原始信息；保留其他污染物可核算部分
SRC-RAW-C31AC3A1AA390A1FBEB2,ALL,ACTIVITY_MISSING: 燃料一总消耗量空白,在同单位发电及供热分项完整时相加；否则补充总量
SRC-RAW-C31AC3A1AA390A1FBEB2,SO2,SOURCE_RELATION_MISSING: 企业存在治理设施但本源排放口无对应脱硫记录,补充或核正该项原始信息；保留其他污染物可核算部分
SRC-RAW-C31AC3A1AA390A1FBEB2,NOx,SOURCE_RELATION_MISSING: 企业存在治理设施但本源排放口无对应脱硝记录,补充或核正该项原始信息；保留其他污染物可核算部分
SRC-RAW-C31AC3A1AA390A1FBEB2,PM10,SOURCE_RELATION_MISSING: 企业存在治理设施但本源排放口无对应除尘记录,补充或核正该项原始信息；保留其他污染物可核算部分
SRC-RAW-C31AC3A1AA390A1FBEB2,PM2.5,SOURCE_RELATION_MISSING: 企业存在治理设施但本源排放口无对应除尘记录,补充或核正该项原始信息；保留其他污染物可核算部分
SRC-RAW-C31AC3A1AA390A1FBEB2,BC,SOURCE_RELATION_MISSING: 企业存在治理设施但本源排放口无对应除尘记录,补充或核正该项原始信息；保留其他污染物可核算部分
SRC-RAW-BFD53C684A1E68C0BAD5,SO2,SOURCE_RELATION_MISSING: 企业存在治理设施但本源排放口无对应脱硫记录,补充或核正该项原始信息；保留其他污染物可核算部分
SRC-RAW-BFD53C684A1E68C0BAD5,NOx,SOURCE_RELATION_MISSING: 企业存在治理设施但本源排放口无对应脱硝记录,补充或核正该项原始信息；保留其他污染物可核算部分
SRC-RAW-BFD53C684A1E68C0BAD5,PM10,POLLUTANT_PARAMETER_MISSING: 式(4)-(6)、表C.1-C.3；收到基灰分缺失,补充对应污染物参数或该燃料/设备适用系数
SRC-RAW-BFD53C684A1E68C0BAD5,PM10,POLLUTANT_PARAMETER_MISSING: 式(4)-(6)、表C.1-C.3；收到基灰分缺失,补充或核正该项原始信息；保留其他污染物可核算部分
SRC-RAW-BFD53C684A1E68C0BAD5,PM2.5,POLLUTANT_PARAMETER_MISSING: 式(4)-(6)、表C.1-C.3；收到基灰分缺失,补充对应污染物参数或该燃料/设备适用系数
SRC-RAW-BFD53C684A1E68C0BAD5,PM2.5,POLLUTANT_PARAMETER_MISSING: 式(4)-(6)、表C.1-C.3；收到基灰分缺失,补充或核正该项原始信息；保留其他污染物可核算部分
SRC-RAW-BFD53C684A1E68C0BAD5,BC,POLLUTANT_PARAMETER_MISSING: 式(4)-(6)、表C.1-C.3；收到基灰分缺失,补充对应污染物参数或该燃料/设备适用系数
SRC-RAW-BFD53C684A1E68C0BAD5,BC,POLLUTANT_PARAMETER_MISSING: 式(4)-(6)、表C.1-C.3；收到基灰分缺失,补充或核正该项原始信息；保留其他污染物可核算部分
SRC-RAW-F4362B1F0DD113F7107D,ALL,SOURCE_RELATION_MISSING: 源排放口编号缺失,补充设备与排放口关系，不按企业治理设施平均分摊
SRC-RAW-F4362B1F0DD113F7107D,SO2,SOURCE_RELATION_MISSING: 排放口编号缺失，无法确定治理链,补充或核正该项原始信息；保留其他污染物可核算部分
SRC-RAW-F4362B1F0DD113F7107D,NOx,SOURCE_RELATION_MISSING: 排放口编号缺失，无法确定治理链,补充或核正该项原始信息；保留其他污染物可核算部分
SRC-RAW-F4362B1F0DD113F7107D,PM10,SOURCE_RELATION_MISSING: 排放口编号缺失，无法确定治理链,补充或核正该项原始信息；保留其他污染物可核算部分
SRC-RAW-F4362B1F0DD113F7107D,PM2.5,SOURCE_RELATION_MISSING: 排放口编号缺失，无法确定治理链,补充或核正该项原始信息；保留其他污染物可核算部分
SRC-RAW-F4362B1F0DD113F7107D,BC,SOURCE_RELATION_MISSING: 排放口编号缺失，无法确定治理链,补充或核正该项原始信息；保留其他污染物可核算部分
SRC-RAW-FD6EF161EFDABABAC119,SO2,SOURCE_RELATION_MISSING: 无可关联治理设施记录，不能推定无治理,补充或核正该项原始信息；保留其他污染物可核算部分
SRC-RAW-FD6EF161EFDABABAC119,NOx,SOURCE_RELATION_MISSING: 无可关联治理设施记录，不能推定无治理,补充或核正该项原始信息；保留其他污染物可核算部分
SRC-RAW-FD6EF161EFDABABAC119,PM10,SOURCE_RELATION_MISSING: 无可关联治理设施记录，不能推定无治理,补充或核正该项原始信息；保留其他污染物可核算部分
SRC-RAW-FD6EF161EFDABABAC119,PM2.5,SOURCE_RELATION_MISSING: 无可关联治理设施记录，不能推定无治理,补充或核正该项原始信息；保留其他污染物可核算部分
SRC-RAW-FD6EF161EFDABABAC119,BC,SOURCE_RELATION_MISSING: 无可关联治理设施记录，不能推定无治理,补充或核正该项原始信息；保留其他污染物可核算部分
SRC-RAW-00C256E474D31C7B6CE7,ALL,SOURCE_RELATION_MISSING: 统一社会信用代码空白，保留原始身份缺口,以同年组织机构代码或脱敏企业名称关联；身份索引只定位候选
SRC-RAW-00C256E474D31C7B6CE7,ALL,HARD_CONSTRAINT_CONFLICT: 燃料一消耗量为负，不能以正分项覆盖冲突,核正原始燃料总量及分项
SRC-RAW-00C256E474D31C7B6CE7,SO2,HARD_CONSTRAINT_CONFLICT: 燃料一消耗量为负,补充或核正该项原始信息；保留其他污染物可核算部分
SRC-RAW-00C256E474D31C7B6CE7,NOx,HARD_CONSTRAINT_CONFLICT: 燃料一消耗量为负,补充或核正该项原始信息；保留其他污染物可核算部分
SRC-RAW-00C256E474D31C7B6CE7,CO,HARD_CONSTRAINT_CONFLICT: 燃料一消耗量为负,补充或核正该项原始信息；保留其他污染物可核算部分
SRC-RAW-00C256E474D31C7B6CE7,VOC,HARD_CONSTRAINT_CONFLICT: 燃料一消耗量为负,补充或核正该项原始信息；保留其他污染物可核算部分
SRC-RAW-00C256E474D31C7B6CE7,PM10,HARD_CONSTRAINT_CONFLICT: 燃料一消耗量为负,补充或核正该项原始信息；保留其他污染物可核算部分
SRC-RAW-00C256E474D31C7B6CE7,PM2.5,HARD_CONSTRAINT_CONFLICT: 燃料一消耗量为负,补充或核正该项原始信息；保留其他污染物可核算部分
SRC-RAW-00C256E474D31C7B6CE7,BC,HARD_CONSTRAINT_CONFLICT: 燃料一消耗量为负,补充或核正该项原始信息；保留其他污染物可核算部分
SRC-RAW-00C256E474D31C7B6CE7,OC,HARD_CONSTRAINT_CONFLICT: 燃料一消耗量为负,补充或核正该项原始信息；保留其他污染物可核算部分
SRC-RAW-6811A2193F6208E866A7,ALL,SOURCE_RELATION_MISSING: 统一社会信用代码空白，保留原始身份缺口,以同年组织机构代码或脱敏企业名称关联；身份索引只定位候选
SRC-RAW-6811A2193F6208E866A7,SO2,POLLUTANT_PARAMETER_MISSING: 式(3)、表C.1；收到基硫分缺失,补充对应污染物参数或该燃料/设备适用系数
SRC-RAW-6811A2193F6208E866A7,SO2,POLLUTANT_PARAMETER_MISSING: 式(3)、表C.1；收到基硫分缺失,补充或核正该项原始信息；保留其他污染物可核算部分
SRC-RAW-6811A2193F6208E866A7,NOx,SOURCE_RELATION_MISSING: 企业存在治理设施但本源排放口无对应脱硝记录,补充或核正该项原始信息；保留其他污染物可核算部分
SRC-RAW-6811A2193F6208E866A7,PM10,SOURCE_RELATION_MISSING: 企业存在治理设施但本源排放口无对应除尘记录,补充或核正该项原始信息；保留其他污染物可核算部分
SRC-RAW-6811A2193F6208E866A7,PM2.5,SOURCE_RELATION_MISSING: 企业存在治理设施但本源排放口无对应除尘记录,补充或核正该项原始信息；保留其他污染物可核算部分
SRC-RAW-6811A2193F6208E866A7,BC,SOURCE_RELATION_MISSING: 企业存在治理设施但本源排放口无对应除尘记录,补充或核正该项原始信息；保留其他污染物可核算部分
SRC-RAW-0543F60FDC1976D763BF,ALL,SOURCE_RELATION_MISSING: 统一社会信用代码空白，保留原始身份缺口,以同年组织机构代码或脱敏企业名称关联；身份索引只定位候选
SRC-RAW-0543F60FDC1976D763BF,ALL,SOURCE_RELATION_MISSING: 源排放口编号缺失,补充设备与排放口关系，不按企业治理设施平均分摊
SRC-RAW-0543F60FDC1976D763BF,SO2,SOURCE_RELATION_MISSING: 排放口编号缺失，无法确定治理链,补充或核正该项原始信息；保留其他污染物可核算部分
SRC-RAW-0543F60FDC1976D763BF,NOx,SOURCE_RELATION_MISSING: 排放口编号缺失，无法确定治理链,补充或核正该项原始信息；保留其他污染物可核算部分
SRC-RAW-0543F60FDC1976D763BF,PM10,SOURCE_RELATION_MISSING: 排放口编号缺失，无法确定治理链,补充或核正该项原始信息；保留其他污染物可核算部分
SRC-RAW-0543F60FDC1976D763BF,PM2.5,SOURCE_RELATION_MISSING: 排放口编号缺失，无法确定治理链,补充或核正该项原始信息；保留其他污染物可核算部分
SRC-RAW-0543F60FDC1976D763BF,BC,SOURCE_RELATION_MISSING: 排放口编号缺失，无法确定治理链,补充或核正该项原始信息；保留其他污染物可核算部分
SRC-RAW-59D25E06FBF47F3798DD,ALL,HARD_CONSTRAINT_CONFLICT: 燃料一消耗量为负，不能以正分项覆盖冲突,核正原始燃料总量及分项
SRC-RAW-59D25E06FBF47F3798DD,SO2,HARD_CONSTRAINT_CONFLICT: 燃料一消耗量为负,补充或核正该项原始信息；保留其他污染物可核算部分
SRC-RAW-59D25E06FBF47F3798DD,NOx,HARD_CONSTRAINT_CONFLICT: 燃料一消耗量为负,补充或核正该项原始信息；保留其他污染物可核算部分
SRC-RAW-59D25E06FBF47F3798DD,CO,HARD_CONSTRAINT_CONFLICT: 燃料一消耗量为负,补充或核正该项原始信息；保留其他污染物可核算部分
SRC-RAW-59D25E06FBF47F3798DD,VOC,HARD_CONSTRAINT_CONFLICT: 燃料一消耗量为负,补充或核正该项原始信息；保留其他污染物可核算部分
SRC-RAW-59D25E06FBF47F3798DD,PM10,HARD_CONSTRAINT_CONFLICT: 燃料一消耗量为负,补充或核正该项原始信息；保留其他污染物可核算部分
SRC-RAW-59D25E06FBF47F3798DD,PM2.5,HARD_CONSTRAINT_CONFLICT: 燃料一消耗量为负,补充或核正该项原始信息；保留其他污染物可核算部分
SRC-RAW-59D25E06FBF47F3798DD,BC,HARD_CONSTRAINT_CONFLICT: 燃料一消耗量为负,补充或核正该项原始信息；保留其他污染物可核算部分
SRC-RAW-59D25E06FBF47F3798DD,OC,HARD_CONSTRAINT_CONFLICT: 燃料一消耗量为负,补充或核正该项原始信息；保留其他污染物可核算部分
SRC-RAW-7BA6D986CE61FF7D51B7,SO2,SOURCE_RELATION_MISSING: 企业存在治理设施但本源排放口无对应脱硫记录,补充或核正该项原始信息；保留其他污染物可核算部分
SRC-RAW-7BA6D986CE61FF7D51B7,NOx,SOURCE_RELATION_MISSING: 企业存在治理设施但本源排放口无对应脱硝记录,补充或核正该项原始信息；保留其他污染物可核算部分
SRC-RAW-7BA6D986CE61FF7D51B7,PM10,POLLUTANT_PARAMETER_MISSING: 式(4)-(6)、表C.1-C.3；收到基灰分缺失,补充对应污染物参数或该燃料/设备适用系数
SRC-RAW-7BA6D986CE61FF7D51B7,PM10,POLLUTANT_PARAMETER_MISSING: 式(4)-(6)、表C.1-C.3；收到基灰分缺失,补充或核正该项原始信息；保留其他污染物可核算部分
SRC-RAW-7BA6D986CE61FF7D51B7,PM2.5,POLLUTANT_PARAMETER_MISSING: 式(4)-(6)、表C.1-C.3；收到基灰分缺失,补充对应污染物参数或该燃料/设备适用系数
SRC-RAW-7BA6D986CE61FF7D51B7,PM2.5,POLLUTANT_PARAMETER_MISSING: 式(4)-(6)、表C.1-C.3；收到基灰分缺失,补充或核正该项原始信息；保留其他污染物可核算部分
SRC-RAW-7BA6D986CE61FF7D51B7,BC,POLLUTANT_PARAMETER_MISSING: 式(4)-(6)、表C.1-C.3；收到基灰分缺失,补充对应污染物参数或该燃料/设备适用系数
SRC-RAW-7BA6D986CE61FF7D51B7,BC,POLLUTANT_PARAMETER_MISSING: 式(4)-(6)、表C.1-C.3；收到基灰分缺失,补充或核正该项原始信息；保留其他污染物可核算部分
SRC-RAW-1BCCD905C534AF5E1304,ALL,ACTIVITY_MISSING: 燃料一总消耗量空白,在同单位发电及供热分项完整时相加；否则补充总量
SRC-RAW-1BCCD905C534AF5E1304,SO2,SOURCE_RELATION_MISSING: 企业存在治理设施但本源排放口无对应脱硫记录,补充或核正该项原始信息；保留其他污染物可核算部分
SRC-RAW-1BCCD905C534AF5E1304,NOx,SOURCE_RELATION_MISSING: 企业存在治理设施但本源排放口无对应脱硝记录,补充或核正该项原始信息；保留其他污染物可核算部分
SRC-RAW-1BCCD905C534AF5E1304,PM10,SOURCE_RELATION_MISSING: 企业存在治理设施但本源排放口无对应除尘记录,补充或核正该项原始信息；保留其他污染物可核算部分
SRC-RAW-1BCCD905C534AF5E1304,PM2.5,SOURCE_RELATION_MISSING: 企业存在治理设施但本源排放口无对应除尘记录,补充或核正该项原始信息；保留其他污染物可核算部分
SRC-RAW-1BCCD905C534AF5E1304,BC,SOURCE_RELATION_MISSING: 企业存在治理设施但本源排放口无对应除尘记录,补充或核正该项原始信息；保留其他污染物可核算部分
SRC-RAW-061DB3E543B16331E37B,ALL,HARD_CONSTRAINT_CONFLICT: 燃料一消耗量为负，不能以正分项覆盖冲突,核正原始燃料总量及分项
SRC-RAW-061DB3E543B16331E37B,SO2,HARD_CONSTRAINT_CONFLICT: 燃料一消耗量为负,补充或核正该项原始信息；保留其他污染物可核算部分
SRC-RAW-061DB3E543B16331E37B,NOx,HARD_CONSTRAINT_CONFLICT: 燃料一消耗量为负,补充或核正该项原始信息；保留其他污染物可核算部分
SRC-RAW-061DB3E543B16331E37B,CO,HARD_CONSTRAINT_CONFLICT: 燃料一消耗量为负,补充或核正该项原始信息；保留其他污染物可核算部分
SRC-RAW-061DB3E543B16331E37B,VOC,HARD_CONSTRAINT_CONFLICT: 燃料一消耗量为负,补充或核正该项原始信息；保留其他污染物可核算部分
SRC-RAW-061DB3E543B16331E37B,PM10,HARD_CONSTRAINT_CONFLICT: 燃料一消耗量为负,补充或核正该项原始信息；保留其他污染物可核算部分
SRC-RAW-061DB3E543B16331E37B,PM2.5,HARD_CONSTRAINT_CONFLICT: 燃料一消耗量为负,补充或核正该项原始信息；保留其他污染物可核算部分
SRC-RAW-061DB3E543B16331E37B,BC,HARD_CONSTRAINT_CONFLICT: 燃料一消耗量为负,补充或核正该项原始信息；保留其他污染物可核算部分
SRC-RAW-061DB3E543B16331E37B,OC,HARD_CONSTRAINT_CONFLICT: 燃料一消耗量为负,补充或核正该项原始信息；保留其他污染物可核算部分
SRC-RAW-689A0257BF9EEA8A27B5,SO2,POLLUTANT_PARAMETER_MISSING: 式(3)、表C.1；收到基硫分缺失,补充对应污染物参数或该燃料/设备适用系数
SRC-RAW-689A0257BF9EEA8A27B5,SO2,POLLUTANT_PARAMETER_MISSING: 式(3)、表C.1；收到基硫分缺失,补充或核正该项原始信息；保留其他污染物可核算部分
SRC-RAW-689A0257BF9EEA8A27B5,NOx,SOURCE_RELATION_MISSING: 企业存在治理设施但本源排放口无对应脱硝记录,补充或核正该项原始信息；保留其他污染物可核算部分
SRC-RAW-689A0257BF9EEA8A27B5,PM10,SOURCE_RELATION_MISSING: 企业存在治理设施但本源排放口无对应除尘记录,补充或核正该项原始信息；保留其他污染物可核算部分
SRC-RAW-689A0257BF9EEA8A27B5,PM2.5,SOURCE_RELATION_MISSING: 企业存在治理设施但本源排放口无对应除尘记录,补充或核正该项原始信息；保留其他污染物可核算部分
SRC-RAW-689A0257BF9EEA8A27B5,BC,SOURCE_RELATION_MISSING: 企业存在治理设施但本源排放口无对应除尘记录,补充或核正该项原始信息；保留其他污染物可核算部分
SRC-RAW-689A0257BF9EEA8A27B5,OC,SOURCE_RELATION_MISSING: 企业存在治理设施但本源排放口无对应除尘记录,补充或核正该项原始信息；保留其他污染物可核算部分
SRC-RAW-943A68DDDE5616AFED0D,ALL,SOURCE_RELATION_MISSING: 源排放口编号缺失,补充设备与排放口关系，不按企业治理设施平均分摊
SRC-RAW-943A68DDDE5616AFED0D,SO2,SOURCE_RELATION_MISSING: 排放口编号缺失，无法确定治理链,补充或核正该项原始信息；保留其他污染物可核算部分
SRC-RAW-943A68DDDE5616AFED0D,NOx,SOURCE_RELATION_MISSING: 排放口编号缺失，无法确定治理链,补充或核正该项原始信息；保留其他污染物可核算部分
SRC-RAW-943A68DDDE5616AFED0D,PM10,SOURCE_RELATION_MISSING: 排放口编号缺失，无法确定治理链,补充或核正该项原始信息；保留其他污染物可核算部分
SRC-RAW-943A68DDDE5616AFED0D,PM2.5,SOURCE_RELATION_MISSING: 排放口编号缺失，无法确定治理链,补充或核正该项原始信息；保留其他污染物可核算部分
SRC-RAW-943A68DDDE5616AFED0D,BC,SOURCE_RELATION_MISSING: 排放口编号缺失，无法确定治理链,补充或核正该项原始信息；保留其他污染物可核算部分
SRC-RAW-943A68DDDE5616AFED0D,OC,SOURCE_RELATION_MISSING: 排放口编号缺失，无法确定治理链,补充或核正该项原始信息；保留其他污染物可核算部分
SRC-RAW-FCC268F768A43B518486,ALL,HARD_CONSTRAINT_CONFLICT: 燃料一消耗量为负，不能以正分项覆盖冲突,核正原始燃料总量及分项
SRC-RAW-FCC268F768A43B518486,SO2,FACTOR_NOT_APPLICABLE: T/CSES 144-2024 7.2; 表D.1及注a-c；未提供该设备技术的对应系数,补充对应污染物参数或该燃料/设备适用系数
SRC-RAW-FCC268F768A43B518486,SO2,HARD_CONSTRAINT_CONFLICT: 燃料一消耗量为负,补充或核正该项原始信息；保留其他污染物可核算部分
SRC-RAW-FCC268F768A43B518486,SO2,FACTOR_NOT_APPLICABLE: T/CSES 144-2024 7.2; 表D.1及注a-c；未提供该设备技术的对应系数,补充或核正该项原始信息；保留其他污染物可核算部分
SRC-RAW-FCC268F768A43B518486,NOx,FACTOR_NOT_APPLICABLE: T/CSES 144-2024 7.2; 表D.1及注a-c；未提供该设备技术的对应系数,补充对应污染物参数或该燃料/设备适用系数
SRC-RAW-FCC268F768A43B518486,NOx,HARD_CONSTRAINT_CONFLICT: 燃料一消耗量为负,补充或核正该项原始信息；保留其他污染物可核算部分
SRC-RAW-FCC268F768A43B518486,NOx,FACTOR_NOT_APPLICABLE: T/CSES 144-2024 7.2; 表D.1及注a-c；未提供该设备技术的对应系数,补充或核正该项原始信息；保留其他污染物可核算部分
SRC-RAW-FCC268F768A43B518486,CO,FACTOR_NOT_APPLICABLE: T/CSES 144-2024 7.2; 表D.1及注a-c；未提供该设备技术的对应系数,补充对应污染物参数或该燃料/设备适用系数
SRC-RAW-FCC268F768A43B518486,CO,HARD_CONSTRAINT_CONFLICT: 燃料一消耗量为负,补充或核正该项原始信息；保留其他污染物可核算部分
SRC-RAW-FCC268F768A43B518486,CO,FACTOR_NOT_APPLICABLE: T/CSES 144-2024 7.2; 表D.1及注a-c；未提供该设备技术的对应系数,补充或核正该项原始信息；保留其他污染物可核算部分
SRC-RAW-FCC268F768A43B518486,VOC,FACTOR_NOT_APPLICABLE: T/CSES 144-2024 7.2; 表D.1及注a-c；未提供该设备技术的对应系数,补充对应污染物参数或该燃料/设备适用系数
SRC-RAW-FCC268F768A43B518486,VOC,HARD_CONSTRAINT_CONFLICT: 燃料一消耗量为负,补充或核正该项原始信息；保留其他污染物可核算部分
SRC-RAW-FCC268F768A43B518486,VOC,FACTOR_NOT_APPLICABLE: T/CSES 144-2024 7.2; 表D.1及注a-c；未提供该设备技术的对应系数,补充或核正该项原始信息；保留其他污染物可核算部分
SRC-RAW-FCC268F768A43B518486,PM10,FACTOR_NOT_APPLICABLE: T/CSES 144-2024 7.2; 表D.1及注a-c；未提供该设备技术的对应系数,补充对应污染物参数或该燃料/设备适用系数
SRC-RAW-FCC268F768A43B518486,PM10,HARD_CONSTRAINT_CONFLICT: 燃料一消耗量为负,补充或核正该项原始信息；保留其他污染物可核算部分
SRC-RAW-FCC268F768A43B518486,PM10,FACTOR_NOT_APPLICABLE: T/CSES 144-2024 7.2; 表D.1及注a-c；未提供该设备技术的对应系数,补充或核正该项原始信息；保留其他污染物可核算部分
SRC-RAW-FCC268F768A43B518486,PM2.5,FACTOR_NOT_APPLICABLE: T/CSES 144-2024 7.2; 表D.1及注a-c；未提供该设备技术的对应系数,补充对应污染物参数或该燃料/设备适用系数
SRC-RAW-FCC268F768A43B518486,PM2.5,HARD_CONSTRAINT_CONFLICT: 燃料一消耗量为负,补充或核正该项原始信息；保留其他污染物可核算部分
SRC-RAW-FCC268F768A43B518486,PM2.5,FACTOR_NOT_APPLICABLE: T/CSES 144-2024 7.2; 表D.1及注a-c；未提供该设备技术的对应系数,补充或核正该项原始信息；保留其他污染物可核算部分
SRC-RAW-FCC268F768A43B518486,BC,FACTOR_NOT_APPLICABLE: T/CSES 144-2024 7.2; 表D.1及注a-c；未提供该设备技术的对应系数,补充对应污染物参数或该燃料/设备适用系数
SRC-RAW-FCC268F768A43B518486,BC,HARD_CONSTRAINT_CONFLICT: 燃料一消耗量为负,补充或核正该项原始信息；保留其他污染物可核算部分
SRC-RAW-FCC268F768A43B518486,BC,FACTOR_NOT_APPLICABLE: T/CSES 144-2024 7.2; 表D.1及注a-c；未提供该设备技术的对应系数,补充或核正该项原始信息；保留其他污染物可核算部分
SRC-RAW-FCC268F768A43B518486,OC,FACTOR_NOT_APPLICABLE: T/CSES 144-2024 7.2; 表D.1及注a-c；未提供该设备技术的对应系数,补充对应污染物参数或该燃料/设备适用系数
SRC-RAW-FCC268F768A43B518486,OC,HARD_CONSTRAINT_CONFLICT: 燃料一消耗量为负,补充或核正该项原始信息；保留其他污染物可核算部分
SRC-RAW-FCC268F768A43B518486,OC,FACTOR_NOT_APPLICABLE: T/CSES 144-2024 7.2; 表D.1及注a-c；未提供该设备技术的对应系数,补充或核正该项原始信息；保留其他污染物可核算部分
SRC-RAW-2DC355A7DAB92666CE8A,ALL,SOURCE_RELATION_MISSING: 源排放口编号缺失,补充设备与排放口关系，不按企业治理设施平均分摊
SRC-RAW-2DC355A7DAB92666CE8A,SO2,FACTOR_NOT_APPLICABLE: T/CSES 144-2024 7.2; 表D.1及注a-c；未提供该设备技术的对应系数,补充对应污染物参数或该燃料/设备适用系数
SRC-RAW-2DC355A7DAB92666CE8A,SO2,FACTOR_NOT_APPLICABLE: T/CSES 144-2024 7.2; 表D.1及注a-c；未提供该设备技术的对应系数,补充或核正该项原始信息；保留其他污染物可核算部分
SRC-RAW-2DC355A7DAB92666CE8A,NOx,FACTOR_NOT_APPLICABLE: T/CSES 144-2024 7.2; 表D.1及注a-c；未提供该设备技术的对应系数,补充对应污染物参数或该燃料/设备适用系数
SRC-RAW-2DC355A7DAB92666CE8A,NOx,FACTOR_NOT_APPLICABLE: T/CSES 144-2024 7.2; 表D.1及注a-c；未提供该设备技术的对应系数,补充或核正该项原始信息；保留其他污染物可核算部分
SRC-RAW-2DC355A7DAB92666CE8A,CO,FACTOR_NOT_APPLICABLE: T/CSES 144-2024 7.2; 表D.1及注a-c；未提供该设备技术的对应系数,补充对应污染物参数或该燃料/设备适用系数
SRC-RAW-2DC355A7DAB92666CE8A,CO,FACTOR_NOT_APPLICABLE: T/CSES 144-2024 7.2; 表D.1及注a-c；未提供该设备技术的对应系数,补充或核正该项原始信息；保留其他污染物可核算部分
SRC-RAW-2DC355A7DAB92666CE8A,VOC,FACTOR_NOT_APPLICABLE: T/CSES 144-2024 7.2; 表D.1及注a-c；未提供该设备技术的对应系数,补充对应污染物参数或该燃料/设备适用系数
SRC-RAW-2DC355A7DAB92666CE8A,VOC,FACTOR_NOT_APPLICABLE: T/CSES 144-2024 7.2; 表D.1及注a-c；未提供该设备技术的对应系数,补充或核正该项原始信息；保留其他污染物可核算部分
SRC-RAW-2DC355A7DAB92666CE8A,PM10,FACTOR_NOT_APPLICABLE: T/CSES 144-2024 7.2; 表D.1及注a-c；未提供该设备技术的对应系数,补充对应污染物参数或该燃料/设备适用系数
SRC-RAW-2DC355A7DAB92666CE8A,PM10,FACTOR_NOT_APPLICABLE: T/CSES 144-2024 7.2; 表D.1及注a-c；未提供该设备技术的对应系数,补充或核正该项原始信息；保留其他污染物可核算部分
SRC-RAW-2DC355A7DAB92666CE8A,PM2.5,FACTOR_NOT_APPLICABLE: T/CSES 144-2024 7.2; 表D.1及注a-c；未提供该设备技术的对应系数,补充对应污染物参数或该燃料/设备适用系数
SRC-RAW-2DC355A7DAB92666CE8A,PM2.5,FACTOR_NOT_APPLICABLE: T/CSES 144-2024 7.2; 表D.1及注a-c；未提供该设备技术的对应系数,补充或核正该项原始信息；保留其他污染物可核算部分
SRC-RAW-2DC355A7DAB92666CE8A,BC,FACTOR_NOT_APPLICABLE: T/CSES 144-2024 7.2; 表D.1及注a-c；未提供该设备技术的对应系数,补充对应污染物参数或该燃料/设备适用系数
SRC-RAW-2DC355A7DAB92666CE8A,BC,FACTOR_NOT_APPLICABLE: T/CSES 144-2024 7.2; 表D.1及注a-c；未提供该设备技术的对应系数,补充或核正该项原始信息；保留其他污染物可核算部分
SRC-RAW-2DC355A7DAB92666CE8A,OC,FACTOR_NOT_APPLICABLE: T/CSES 144-2024 7.2; 表D.1及注a-c；未提供该设备技术的对应系数,补充对应污染物参数或该燃料/设备适用系数
SRC-RAW-2DC355A7DAB92666CE8A,OC,FACTOR_NOT_APPLICABLE: T/CSES 144-2024 7.2; 表D.1及注a-c；未提供该设备技术的对应系数,补充或核正该项原始信息；保留其他污染物可核算部分
SRC-RAW-DEAEFF26B2F6E10A50BC,ALL,HARD_CONSTRAINT_CONFLICT: 燃料一消耗量为负，不能以正分项覆盖冲突,核正原始燃料总量及分项
SRC-RAW-DEAEFF26B2F6E10A50BC,SO2,HARD_CONSTRAINT_CONFLICT: 燃料一消耗量为负,补充或核正该项原始信息；保留其他污染物可核算部分
SRC-RAW-DEAEFF26B2F6E10A50BC,NOx,HARD_CONSTRAINT_CONFLICT: 燃料一消耗量为负,补充或核正该项原始信息；保留其他污染物可核算部分
SRC-RAW-DEAEFF26B2F6E10A50BC,CO,HARD_CONSTRAINT_CONFLICT: 燃料一消耗量为负,补充或核正该项原始信息；保留其他污染物可核算部分
SRC-RAW-DEAEFF26B2F6E10A50BC,VOC,HARD_CONSTRAINT_CONFLICT: 燃料一消耗量为负,补充或核正该项原始信息；保留其他污染物可核算部分
SRC-RAW-DEAEFF26B2F6E10A50BC,PM10,HARD_CONSTRAINT_CONFLICT: 燃料一消耗量为负,补充或核正该项原始信息；保留其他污染物可核算部分
SRC-RAW-DEAEFF26B2F6E10A50BC,PM2.5,HARD_CONSTRAINT_CONFLICT: 燃料一消耗量为负,补充或核正该项原始信息；保留其他污染物可核算部分
SRC-RAW-DEAEFF26B2F6E10A50BC,BC,HARD_CONSTRAINT_CONFLICT: 燃料一消耗量为负,补充或核正该项原始信息；保留其他污染物可核算部分
SRC-RAW-DEAEFF26B2F6E10A50BC,OC,HARD_CONSTRAINT_CONFLICT: 燃料一消耗量为负,补充或核正该项原始信息；保留其他污染物可核算部分
SRC-RAW-8454B9202B0628E9CEC4,ALL,ACTIVITY_MISSING: 燃料一总消耗量空白,在同单位发电及供热分项完整时相加；否则补充总量
SRC-RAW-8454B9202B0628E9CEC4,SO2,SOURCE_RELATION_MISSING: 企业存在治理设施但本源排放口无对应脱硫记录,补充或核正该项原始信息；保留其他污染物可核算部分
SRC-RAW-8454B9202B0628E9CEC4,NOx,SOURCE_RELATION_MISSING: 企业存在治理设施但本源排放口无对应脱硝记录,补充或核正该项原始信息；保留其他污染物可核算部分
SRC-RAW-8454B9202B0628E9CEC4,PM10,SOURCE_RELATION_MISSING: 企业存在治理设施但本源排放口无对应除尘记录,补充或核正该项原始信息；保留其他污染物可核算部分
SRC-RAW-8454B9202B0628E9CEC4,PM2.5,SOURCE_RELATION_MISSING: 企业存在治理设施但本源排放口无对应除尘记录,补充或核正该项原始信息；保留其他污染物可核算部分
SRC-RAW-8454B9202B0628E9CEC4,BC,SOURCE_RELATION_MISSING: 企业存在治理设施但本源排放口无对应除尘记录,补充或核正该项原始信息；保留其他污染物可核算部分
SRC-RAW-98EE935979FF9D9781A6,NOx,SOURCE_RELATION_MISSING: 无可关联治理设施记录，不能推定无治理,补充或核正该项原始信息；保留其他污染物可核算部分
SRC-RAW-98EE935979FF9D9781A6,PM10,SOURCE_RELATION_MISSING: 无可关联治理设施记录，不能推定无治理,补充或核正该项原始信息；保留其他污染物可核算部分
SRC-RAW-98EE935979FF9D9781A6,PM2.5,SOURCE_RELATION_MISSING: 无可关联治理设施记录，不能推定无治理,补充或核正该项原始信息；保留其他污染物可核算部分
SRC-RAW-129F5F9B694D3A429A0B,SO2,FACTOR_NOT_APPLICABLE: T/CSES 144-2024 7.2; 表D.1及注a-c；未提供该设备技术的对应系数,补充对应污染物参数或该燃料/设备适用系数
SRC-RAW-129F5F9B694D3A429A0B,SO2,FACTOR_NOT_APPLICABLE: T/CSES 144-2024 7.2; 表D.1及注a-c；未提供该设备技术的对应系数,补充或核正该项原始信息；保留其他污染物可核算部分
SRC-RAW-129F5F9B694D3A429A0B,NOx,FACTOR_NOT_APPLICABLE: T/CSES 144-2024 7.2; 表D.1及注a-c；未提供该设备技术的对应系数,补充对应污染物参数或该燃料/设备适用系数
SRC-RAW-129F5F9B694D3A429A0B,NOx,FACTOR_NOT_APPLICABLE: T/CSES 144-2024 7.2; 表D.1及注a-c；未提供该设备技术的对应系数,补充或核正该项原始信息；保留其他污染物可核算部分
SRC-RAW-129F5F9B694D3A429A0B,CO,FACTOR_NOT_APPLICABLE: T/CSES 144-2024 7.2; 表D.1及注a-c；未提供该设备技术的对应系数,补充对应污染物参数或该燃料/设备适用系数
SRC-RAW-129F5F9B694D3A429A0B,CO,FACTOR_NOT_APPLICABLE: T/CSES 144-2024 7.2; 表D.1及注a-c；未提供该设备技术的对应系数,补充或核正该项原始信息；保留其他污染物可核算部分
SRC-RAW-129F5F9B694D3A429A0B,VOC,FACTOR_NOT_APPLICABLE: T/CSES 144-2024 7.2; 表D.1及注a-c；未提供该设备技术的对应系数,补充对应污染物参数或该燃料/设备适用系数
SRC-RAW-129F5F9B694D3A429A0B,VOC,FACTOR_NOT_APPLICABLE: T/CSES 144-2024 7.2; 表D.1及注a-c；未提供该设备技术的对应系数,补充或核正该项原始信息；保留其他污染物可核算部分
SRC-RAW-129F5F9B694D3A429A0B,PM10,FACTOR_NOT_APPLICABLE: T/CSES 144-2024 7.2; 表D.1及注a-c；未提供该设备技术的对应系数,补充对应污染物参数或该燃料/设备适用系数
SRC-RAW-129F5F9B694D3A429A0B,PM10,FACTOR_NOT_APPLICABLE: T/CSES 144-2024 7.2; 表D.1及注a-c；未提供该设备技术的对应系数,补充或核正该项原始信息；保留其他污染物可核算部分
SRC-RAW-129F5F9B694D3A429A0B,PM2.5,FACTOR_NOT_APPLICABLE: T/CSES 144-2024 7.2; 表D.1及注a-c；未提供该设备技术的对应系数,补充对应污染物参数或该燃料/设备适用系数
SRC-RAW-129F5F9B694D3A429A0B,PM2.5,FACTOR_NOT_APPLICABLE: T/CSES 144-2024 7.2; 表D.1及注a-c；未提供该设备技术的对应系数,补充或核正该项原始信息；保留其他污染物可核算部分
SRC-RAW-129F5F9B694D3A429A0B,BC,FACTOR_NOT_APPLICABLE: T/CSES 144-2024 7.2; 表D.1及注a-c；未提供该设备技术的对应系数,补充对应污染物参数或该燃料/设备适用系数
SRC-RAW-129F5F9B694D3A429A0B,BC,FACTOR_NOT_APPLICABLE: T/CSES 144-2024 7.2; 表D.1及注a-c；未提供该设备技术的对应系数,补充或核正该项原始信息；保留其他污染物可核算部分
SRC-RAW-129F5F9B694D3A429A0B,OC,FACTOR_NOT_APPLICABLE: T/CSES 144-2024 7.2; 表D.1及注a-c；未提供该设备技术的对应系数,补充对应污染物参数或该燃料/设备适用系数
SRC-RAW-129F5F9B694D3A429A0B,OC,FACTOR_NOT_APPLICABLE: T/CSES 144-2024 7.2; 表D.1及注a-c；未提供该设备技术的对应系数,补充或核正该项原始信息；保留其他污染物可核算部分
SRC-RAW-F4651AD603FDCB921B58,ALL,ACTIVITY_MISSING: 燃料一总消耗量空白,在同单位发电及供热分项完整时相加；否则补充总量
SRC-RAW-F4651AD603FDCB921B58,SO2,ACTIVITY_MISSING: 燃料一总量与完整分项不足,补充或核正该项原始信息；保留其他污染物可核算部分
SRC-RAW-F4651AD603FDCB921B58,NOx,ACTIVITY_MISSING: 燃料一总量与完整分项不足,补充或核正该项原始信息；保留其他污染物可核算部分
SRC-RAW-F4651AD603FDCB921B58,CO,ACTIVITY_MISSING: 燃料一总量与完整分项不足,补充或核正该项原始信息；保留其他污染物可核算部分
SRC-RAW-F4651AD603FDCB921B58,VOC,ACTIVITY_MISSING: 燃料一总量与完整分项不足,补充或核正该项原始信息；保留其他污染物可核算部分
SRC-RAW-F4651AD603FDCB921B58,PM10,ACTIVITY_MISSING: 燃料一总量与完整分项不足,补充或核正该项原始信息；保留其他污染物可核算部分
SRC-RAW-F4651AD603FDCB921B58,PM2.5,ACTIVITY_MISSING: 燃料一总量与完整分项不足,补充或核正该项原始信息；保留其他污染物可核算部分
SRC-RAW-F4651AD603FDCB921B58,BC,ACTIVITY_MISSING: 燃料一总量与完整分项不足,补充或核正该项原始信息；保留其他污染物可核算部分
SRC-RAW-F4651AD603FDCB921B58,OC,ACTIVITY_MISSING: 燃料一总量与完整分项不足,补充或核正该项原始信息；保留其他污染物可核算部分
SRC-RAW-83889A99A6D073CA7B35,NOx,SOURCE_RELATION_MISSING: 无可关联治理设施记录，不能推定无治理,补充或核正该项原始信息；保留其他污染物可核算部分
SRC-RAW-83889A99A6D073CA7B35,PM10,SOURCE_RELATION_MISSING: 无可关联治理设施记录，不能推定无治理,补充或核正该项原始信息；保留其他污染物可核算部分
SRC-RAW-83889A99A6D073CA7B35,PM2.5,SOURCE_RELATION_MISSING: 无可关联治理设施记录，不能推定无治理,补充或核正该项原始信息；保留其他污染物可核算部分
SRC-RAW-83889A99A6D073CA7B35,BC,SOURCE_RELATION_MISSING: 无可关联治理设施记录，不能推定无治理,补充或核正该项原始信息；保留其他污染物可核算部分
SRC-RAW-83889A99A6D073CA7B35,OC,SOURCE_RELATION_MISSING: 无可关联治理设施记录，不能推定无治理,补充或核正该项原始信息；保留其他污染物可核算部分
SRC-RAW-AD5B2BC7A9BD5226E3F1,ALL,SOURCE_RELATION_MISSING: 源排放口编号缺失,补充设备与排放口关系，不按企业治理设施平均分摊
SRC-RAW-AD5B2BC7A9BD5226E3F1,NOx,SOURCE_RELATION_MISSING: 排放口编号缺失，无法确定治理链,补充或核正该项原始信息；保留其他污染物可核算部分
SRC-RAW-AD5B2BC7A9BD5226E3F1,PM10,SOURCE_RELATION_MISSING: 排放口编号缺失，无法确定治理链,补充或核正该项原始信息；保留其他污染物可核算部分
SRC-RAW-AD5B2BC7A9BD5226E3F1,PM2.5,SOURCE_RELATION_MISSING: 排放口编号缺失，无法确定治理链,补充或核正该项原始信息；保留其他污染物可核算部分
SRC-RAW-AD5B2BC7A9BD5226E3F1,BC,SOURCE_RELATION_MISSING: 排放口编号缺失，无法确定治理链,补充或核正该项原始信息；保留其他污染物可核算部分
SRC-RAW-AD5B2BC7A9BD5226E3F1,OC,SOURCE_RELATION_MISSING: 排放口编号缺失，无法确定治理链,补充或核正该项原始信息；保留其他污染物可核算部分
SRC-RAW-A5E426EB00113B8E7A2E,ALL,SOURCE_RELATION_MISSING: 源排放口编号缺失,补充设备与排放口关系，不按企业治理设施平均分摊
SRC-RAW-A5E426EB00113B8E7A2E,SO2,SOURCE_RELATION_MISSING: 排放口编号缺失，无法确定治理链,补充或核正该项原始信息；保留其他污染物可核算部分
SRC-RAW-A5E426EB00113B8E7A2E,NOx,SOURCE_RELATION_MISSING: 排放口编号缺失，无法确定治理链,补充或核正该项原始信息；保留其他污染物可核算部分
SRC-RAW-A5E426EB00113B8E7A2E,PM10,SOURCE_RELATION_MISSING: 排放口编号缺失，无法确定治理链,补充或核正该项原始信息；保留其他污染物可核算部分
SRC-RAW-A5E426EB00113B8E7A2E,PM2.5,SOURCE_RELATION_MISSING: 排放口编号缺失，无法确定治理链,补充或核正该项原始信息；保留其他污染物可核算部分
SRC-RAW-A5E426EB00113B8E7A2E,BC,SOURCE_RELATION_MISSING: 排放口编号缺失，无法确定治理链,补充或核正该项原始信息；保留其他污染物可核算部分
SRC-RAW-59CF1BC6B0C3ADF43BD2,SO2,POLLUTANT_PARAMETER_MISSING: 式(3)、表C.1；收到基硫分缺失,补充对应污染物参数或该燃料/设备适用系数
SRC-RAW-59CF1BC6B0C3ADF43BD2,SO2,POLLUTANT_PARAMETER_MISSING: 式(3)、表C.1；收到基硫分缺失,补充或核正该项原始信息；保留其他污染物可核算部分
SRC-RAW-59CF1BC6B0C3ADF43BD2,NOx,SOURCE_RELATION_MISSING: 企业存在治理设施但本源排放口无对应脱硝记录,补充或核正该项原始信息；保留其他污染物可核算部分
SRC-RAW-59CF1BC6B0C3ADF43BD2,PM10,SOURCE_RELATION_MISSING: 企业存在治理设施但本源排放口无对应除尘记录,补充或核正该项原始信息；保留其他污染物可核算部分
SRC-RAW-59CF1BC6B0C3ADF43BD2,PM2.5,SOURCE_RELATION_MISSING: 企业存在治理设施但本源排放口无对应除尘记录,补充或核正该项原始信息；保留其他污染物可核算部分
SRC-RAW-59CF1BC6B0C3ADF43BD2,BC,SOURCE_RELATION_MISSING: 企业存在治理设施但本源排放口无对应除尘记录,补充或核正该项原始信息；保留其他污染物可核算部分
SRC-RAW-DC9E490E1C8A44C540C5,SO2,POLLUTANT_PARAMETER_MISSING: 式(3)、表C.1；收到基硫分缺失,补充对应污染物参数或该燃料/设备适用系数
SRC-RAW-DC9E490E1C8A44C540C5,SO2,POLLUTANT_PARAMETER_MISSING: 式(3)、表C.1；收到基硫分缺失,补充或核正该项原始信息；保留其他污染物可核算部分
SRC-RAW-DC9E490E1C8A44C540C5,NOx,SOURCE_RELATION_MISSING: 企业存在治理设施但本源排放口无对应脱硝记录,补充或核正该项原始信息；保留其他污染物可核算部分
SRC-RAW-DC9E490E1C8A44C540C5,PM10,SOURCE_RELATION_MISSING: 企业存在治理设施但本源排放口无对应除尘记录,补充或核正该项原始信息；保留其他污染物可核算部分
SRC-RAW-DC9E490E1C8A44C540C5,PM2.5,SOURCE_RELATION_MISSING: 企业存在治理设施但本源排放口无对应除尘记录,补充或核正该项原始信息；保留其他污染物可核算部分
SRC-RAW-DC9E490E1C8A44C540C5,BC,SOURCE_RELATION_MISSING: 企业存在治理设施但本源排放口无对应除尘记录,补充或核正该项原始信息；保留其他污染物可核算部分
SRC-RAW-B56086824F04D846DBFA,ALL,ACTIVITY_MISSING: 燃料一总消耗量空白,在同单位发电及供热分项完整时相加；否则补充总量
SRC-RAW-B56086824F04D846DBFA,SO2,SOURCE_RELATION_MISSING: 企业存在治理设施但本源排放口无对应脱硫记录,补充或核正该项原始信息；保留其他污染物可核算部分
SRC-RAW-B56086824F04D846DBFA,NOx,SOURCE_RELATION_MISSING: 企业存在治理设施但本源排放口无对应脱硝记录,补充或核正该项原始信息；保留其他污染物可核算部分
SRC-RAW-B56086824F04D846DBFA,PM10,SOURCE_RELATION_MISSING: 企业存在治理设施但本源排放口无对应除尘记录,补充或核正该项原始信息；保留其他污染物可核算部分
SRC-RAW-B56086824F04D846DBFA,PM2.5,SOURCE_RELATION_MISSING: 企业存在治理设施但本源排放口无对应除尘记录,补充或核正该项原始信息；保留其他污染物可核算部分
SRC-RAW-B56086824F04D846DBFA,BC,SOURCE_RELATION_MISSING: 企业存在治理设施但本源排放口无对应除尘记录,补充或核正该项原始信息；保留其他污染物可核算部分
SRC-RAW-9C2666A045D655DE7A20,SO2,SOURCE_RELATION_MISSING: 企业存在治理设施但本源排放口无对应脱硫记录,补充或核正该项原始信息；保留其他污染物可核算部分
SRC-RAW-9C2666A045D655DE7A20,NOx,SOURCE_RELATION_MISSING: 企业存在治理设施但本源排放口无对应脱硝记录,补充或核正该项原始信息；保留其他污染物可核算部分
SRC-RAW-9C2666A045D655DE7A20,PM10,SOURCE_RELATION_MISSING: 企业存在治理设施但本源排放口无对应除尘记录,补充或核正该项原始信息；保留其他污染物可核算部分
SRC-RAW-9C2666A045D655DE7A20,PM2.5,SOURCE_RELATION_MISSING: 企业存在治理设施但本源排放口无对应除尘记录,补充或核正该项原始信息；保留其他污染物可核算部分
SRC-RAW-9C2666A045D655DE7A20,BC,SOURCE_RELATION_MISSING: 企业存在治理设施但本源排放口无对应除尘记录,补充或核正该项原始信息；保留其他污染物可核算部分
SRC-RAW-A3FBB4382F65DF34F05E,ALL,SOURCE_RELATION_MISSING: 源排放口编号缺失,补充设备与排放口关系，不按企业治理设施平均分摊
SRC-RAW-A3FBB4382F65DF34F05E,SO2,SOURCE_RELATION_MISSING: 排放口编号缺失，无法确定治理链,补充或核正该项原始信息；保留其他污染物可核算部分
SRC-RAW-A3FBB4382F65DF34F05E,NOx,SOURCE_RELATION_MISSING: 排放口编号缺失，无法确定治理链,补充或核正该项原始信息；保留其他污染物可核算部分
SRC-RAW-A3FBB4382F65DF34F05E,PM10,SOURCE_RELATION_MISSING: 排放口编号缺失，无法确定治理链,补充或核正该项原始信息；保留其他污染物可核算部分
SRC-RAW-A3FBB4382F65DF34F05E,PM2.5,SOURCE_RELATION_MISSING: 排放口编号缺失，无法确定治理链,补充或核正该项原始信息；保留其他污染物可核算部分
SRC-RAW-A3FBB4382F65DF34F05E,BC,SOURCE_RELATION_MISSING: 排放口编号缺失，无法确定治理链,补充或核正该项原始信息；保留其他污染物可核算部分
SRC-RAW-0CF0D8335C0BB992C611,SO2,POLLUTANT_PARAMETER_MISSING: 式(3)、表C.1；收到基硫分缺失,补充对应污染物参数或该燃料/设备适用系数
SRC-RAW-0CF0D8335C0BB992C611,SO2,POLLUTANT_PARAMETER_MISSING: 式(3)、表C.1；收到基硫分缺失,补充或核正该项原始信息；保留其他污染物可核算部分
SRC-RAW-0CF0D8335C0BB992C611,NOx,SOURCE_RELATION_MISSING: 企业存在治理设施但本源排放口无对应脱硝记录,补充或核正该项原始信息；保留其他污染物可核算部分
SRC-RAW-0CF0D8335C0BB992C611,PM10,SOURCE_RELATION_MISSING: 企业存在治理设施但本源排放口无对应除尘记录,补充或核正该项原始信息；保留其他污染物可核算部分
SRC-RAW-0CF0D8335C0BB992C611,PM2.5,SOURCE_RELATION_MISSING: 企业存在治理设施但本源排放口无对应除尘记录,补充或核正该项原始信息；保留其他污染物可核算部分
SRC-RAW-0CF0D8335C0BB992C611,BC,SOURCE_RELATION_MISSING: 企业存在治理设施但本源排放口无对应除尘记录,补充或核正该项原始信息；保留其他污染物可核算部分
SRC-RAW-6A3D9F0940947CB1906F,ALL,ACTIVITY_MISSING: 燃料一总消耗量空白,在同单位发电及供热分项完整时相加；否则补充总量
SRC-RAW-6A3D9F0940947CB1906F,SO2,SOURCE_RELATION_MISSING: 企业存在治理设施但本源排放口无对应脱硫记录,补充或核正该项原始信息；保留其他污染物可核算部分
SRC-RAW-6A3D9F0940947CB1906F,NOx,SOURCE_RELATION_MISSING: 企业存在治理设施但本源排放口无对应脱硝记录,补充或核正该项原始信息；保留其他污染物可核算部分
SRC-RAW-6A3D9F0940947CB1906F,PM10,SOURCE_RELATION_MISSING: 企业存在治理设施但本源排放口无对应除尘记录,补充或核正该项原始信息；保留其他污染物可核算部分
SRC-RAW-6A3D9F0940947CB1906F,PM2.5,SOURCE_RELATION_MISSING: 企业存在治理设施但本源排放口无对应除尘记录,补充或核正该项原始信息；保留其他污染物可核算部分
SRC-RAW-6A3D9F0940947CB1906F,BC,SOURCE_RELATION_MISSING: 企业存在治理设施但本源排放口无对应除尘记录,补充或核正该项原始信息；保留其他污染物可核算部分
SRC-RAW-3FED5702793EBC59124F,SO2,SOURCE_RELATION_MISSING: 企业存在治理设施但本源排放口无对应脱硫记录,补充或核正该项原始信息；保留其他污染物可核算部分
SRC-RAW-3FED5702793EBC59124F,NOx,SOURCE_RELATION_MISSING: 企业存在治理设施但本源排放口无对应脱硝记录,补充或核正该项原始信息；保留其他污染物可核算部分
SRC-RAW-3FED5702793EBC59124F,PM10,SOURCE_RELATION_MISSING: 企业存在治理设施但本源排放口无对应除尘记录,补充或核正该项原始信息；保留其他污染物可核算部分
SRC-RAW-3FED5702793EBC59124F,PM2.5,SOURCE_RELATION_MISSING: 企业存在治理设施但本源排放口无对应除尘记录,补充或核正该项原始信息；保留其他污染物可核算部分
SRC-RAW-3FED5702793EBC59124F,BC,SOURCE_RELATION_MISSING: 企业存在治理设施但本源排放口无对应除尘记录,补充或核正该项原始信息；保留其他污染物可核算部分
SRC-RAW-8638EC6E8AF122B97D6A,ALL,HARD_CONSTRAINT_CONFLICT: 燃料一消耗量为负，不能以正分项覆盖冲突,核正原始燃料总量及分项
SRC-RAW-8638EC6E8AF122B97D6A,SO2,HARD_CONSTRAINT_CONFLICT: 燃料一消耗量为负,补充或核正该项原始信息；保留其他污染物可核算部分
SRC-RAW-8638EC6E8AF122B97D6A,NOx,HARD_CONSTRAINT_CONFLICT: 燃料一消耗量为负,补充或核正该项原始信息；保留其他污染物可核算部分
SRC-RAW-8638EC6E8AF122B97D6A,CO,HARD_CONSTRAINT_CONFLICT: 燃料一消耗量为负,补充或核正该项原始信息；保留其他污染物可核算部分
SRC-RAW-8638EC6E8AF122B97D6A,VOC,HARD_CONSTRAINT_CONFLICT: 燃料一消耗量为负,补充或核正该项原始信息；保留其他污染物可核算部分
SRC-RAW-8638EC6E8AF122B97D6A,PM10,HARD_CONSTRAINT_CONFLICT: 燃料一消耗量为负,补充或核正该项原始信息；保留其他污染物可核算部分
SRC-RAW-8638EC6E8AF122B97D6A,PM2.5,HARD_CONSTRAINT_CONFLICT: 燃料一消耗量为负,补充或核正该项原始信息；保留其他污染物可核算部分
SRC-RAW-8638EC6E8AF122B97D6A,BC,HARD_CONSTRAINT_CONFLICT: 燃料一消耗量为负,补充或核正该项原始信息；保留其他污染物可核算部分
SRC-RAW-8638EC6E8AF122B97D6A,OC,HARD_CONSTRAINT_CONFLICT: 燃料一消耗量为负,补充或核正该项原始信息；保留其他污染物可核算部分
SRC-RAW-A9B79E53EDDFDADB0001,ALL,SOURCE_RELATION_MISSING: 源排放口编号缺失,补充设备与排放口关系，不按企业治理设施平均分摊
SRC-RAW-A9B79E53EDDFDADB0001,SO2,SOURCE_RELATION_MISSING: 排放口编号缺失，无法确定治理链,补充或核正该项原始信息；保留其他污染物可核算部分
SRC-RAW-A9B79E53EDDFDADB0001,NOx,SOURCE_RELATION_MISSING: 排放口编号缺失，无法确定治理链,补充或核正该项原始信息；保留其他污染物可核算部分
SRC-RAW-A9B79E53EDDFDADB0001,PM10,SOURCE_RELATION_MISSING: 排放口编号缺失，无法确定治理链,补充或核正该项原始信息；保留其他污染物可核算部分
SRC-RAW-A9B79E53EDDFDADB0001,PM2.5,SOURCE_RELATION_MISSING: 排放口编号缺失，无法确定治理链,补充或核正该项原始信息；保留其他污染物可核算部分
SRC-RAW-A9B79E53EDDFDADB0001,BC,SOURCE_RELATION_MISSING: 排放口编号缺失，无法确定治理链,补充或核正该项原始信息；保留其他污染物可核算部分
SRC-RAW-2FD3C0B7571FF8A81961,SO2,SOURCE_RELATION_MISSING: 企业存在治理设施但本源排放口无对应脱硫记录,补充或核正该项原始信息；保留其他污染物可核算部分
SRC-RAW-2FD3C0B7571FF8A81961,NOx,SOURCE_RELATION_MISSING: 企业存在治理设施但本源排放口无对应脱硝记录,补充或核正该项原始信息；保留其他污染物可核算部分
SRC-RAW-2FD3C0B7571FF8A81961,PM10,POLLUTANT_PARAMETER_MISSING: 式(4)-(6)、表C.1-C.3；收到基灰分缺失,补充对应污染物参数或该燃料/设备适用系数
SRC-RAW-2FD3C0B7571FF8A81961,PM10,POLLUTANT_PARAMETER_MISSING: 式(4)-(6)、表C.1-C.3；收到基灰分缺失,补充或核正该项原始信息；保留其他污染物可核算部分
SRC-RAW-2FD3C0B7571FF8A81961,PM2.5,POLLUTANT_PARAMETER_MISSING: 式(4)-(6)、表C.1-C.3；收到基灰分缺失,补充对应污染物参数或该燃料/设备适用系数
SRC-RAW-2FD3C0B7571FF8A81961,PM2.5,POLLUTANT_PARAMETER_MISSING: 式(4)-(6)、表C.1-C.3；收到基灰分缺失,补充或核正该项原始信息；保留其他污染物可核算部分
SRC-RAW-2FD3C0B7571FF8A81961,BC,POLLUTANT_PARAMETER_MISSING: 式(4)-(6)、表C.1-C.3；收到基灰分缺失,补充对应污染物参数或该燃料/设备适用系数
SRC-RAW-2FD3C0B7571FF8A81961,BC,POLLUTANT_PARAMETER_MISSING: 式(4)-(6)、表C.1-C.3；收到基灰分缺失,补充或核正该项原始信息；保留其他污染物可核算部分
SRC-RAW-3CE84EFE5438CA8FB4A0,SO2,SOURCE_RELATION_MISSING: 企业存在治理设施但本源排放口无对应脱硫记录,补充或核正该项原始信息；保留其他污染物可核算部分
SRC-RAW-3CE84EFE5438CA8FB4A0,NOx,SOURCE_RELATION_MISSING: 企业存在治理设施但本源排放口无对应脱硝记录,补充或核正该项原始信息；保留其他污染物可核算部分
SRC-RAW-3CE84EFE5438CA8FB4A0,PM10,POLLUTANT_PARAMETER_MISSING: 式(4)-(6)、表C.1-C.3；收到基灰分缺失,补充对应污染物参数或该燃料/设备适用系数
SRC-RAW-3CE84EFE5438CA8FB4A0,PM10,POLLUTANT_PARAMETER_MISSING: 式(4)-(6)、表C.1-C.3；收到基灰分缺失,补充或核正该项原始信息；保留其他污染物可核算部分
SRC-RAW-3CE84EFE5438CA8FB4A0,PM2.5,POLLUTANT_PARAMETER_MISSING: 式(4)-(6)、表C.1-C.3；收到基灰分缺失,补充对应污染物参数或该燃料/设备适用系数
SRC-RAW-3CE84EFE5438CA8FB4A0,PM2.5,POLLUTANT_PARAMETER_MISSING: 式(4)-(6)、表C.1-C.3；收到基灰分缺失,补充或核正该项原始信息；保留其他污染物可核算部分
SRC-RAW-3CE84EFE5438CA8FB4A0,BC,POLLUTANT_PARAMETER_MISSING: 式(4)-(6)、表C.1-C.3；收到基灰分缺失,补充对应污染物参数或该燃料/设备适用系数
SRC-RAW-3CE84EFE5438CA8FB4A0,BC,POLLUTANT_PARAMETER_MISSING: 式(4)-(6)、表C.1-C.3；收到基灰分缺失,补充或核正该项原始信息；保留其他污染物可核算部分
SRC-RAW-F2AC45A6F890FFE96ABF,ALL,ACTIVITY_MISSING: 燃料一总消耗量空白,在同单位发电及供热分项完整时相加；否则补充总量
SRC-RAW-F2AC45A6F890FFE96ABF,SO2,SOURCE_RELATION_MISSING: 企业存在治理设施但本源排放口无对应脱硫记录,补充或核正该项原始信息；保留其他污染物可核算部分
SRC-RAW-F2AC45A6F890FFE96ABF,NOx,SOURCE_RELATION_MISSING: 企业存在治理设施但本源排放口无对应脱硝记录,补充或核正该项原始信息；保留其他污染物可核算部分
SRC-RAW-F2AC45A6F890FFE96ABF,PM10,SOURCE_RELATION_MISSING: 企业存在治理设施但本源排放口无对应除尘记录,补充或核正该项原始信息；保留其他污染物可核算部分
SRC-RAW-F2AC45A6F890FFE96ABF,PM2.5,SOURCE_RELATION_MISSING: 企业存在治理设施但本源排放口无对应除尘记录,补充或核正该项原始信息；保留其他污染物可核算部分
SRC-RAW-F2AC45A6F890FFE96ABF,BC,SOURCE_RELATION_MISSING: 企业存在治理设施但本源排放口无对应除尘记录,补充或核正该项原始信息；保留其他污染物可核算部分
SRC-RAW-22BA5A2282497EAD078C,ALL,SOURCE_RELATION_MISSING: 统一社会信用代码空白，保留原始身份缺口,以同年组织机构代码或脱敏企业名称关联；身份索引只定位候选
SRC-RAW-22BA5A2282497EAD078C,ALL,SOURCE_RELATION_MISSING: 源排放口编号缺失,补充设备与排放口关系，不按企业治理设施平均分摊
SRC-RAW-22BA5A2282497EAD078C,SO2,SOURCE_RELATION_MISSING: 排放口编号缺失，无法确定治理链,补充或核正该项原始信息；保留其他污染物可核算部分
SRC-RAW-22BA5A2282497EAD078C,NOx,SOURCE_RELATION_MISSING: 排放口编号缺失，无法确定治理链,补充或核正该项原始信息；保留其他污染物可核算部分
SRC-RAW-22BA5A2282497EAD078C,PM10,SOURCE_RELATION_MISSING: 排放口编号缺失，无法确定治理链,补充或核正该项原始信息；保留其他污染物可核算部分
SRC-RAW-22BA5A2282497EAD078C,PM2.5,SOURCE_RELATION_MISSING: 排放口编号缺失，无法确定治理链,补充或核正该项原始信息；保留其他污染物可核算部分
SRC-RAW-22BA5A2282497EAD078C,BC,SOURCE_RELATION_MISSING: 排放口编号缺失，无法确定治理链,补充或核正该项原始信息；保留其他污染物可核算部分
SRC-RAW-D754FE900ADCABAF2D31,ALL,ACTIVITY_MISSING: 燃料一总消耗量空白,在同单位发电及供热分项完整时相加；否则补充总量
SRC-RAW-D754FE900ADCABAF2D31,SO2,SOURCE_RELATION_MISSING: 企业存在治理设施但本源排放口无对应脱硫记录,补充或核正该项原始信息；保留其他污染物可核算部分
SRC-RAW-D754FE900ADCABAF2D31,NOx,SOURCE_RELATION_MISSING: 企业存在治理设施但本源排放口无对应脱硝记录,补充或核正该项原始信息；保留其他污染物可核算部分
SRC-RAW-D754FE900ADCABAF2D31,PM10,SOURCE_RELATION_MISSING: 企业存在治理设施但本源排放口无对应除尘记录,补充或核正该项原始信息；保留其他污染物可核算部分
SRC-RAW-D754FE900ADCABAF2D31,PM2.5,SOURCE_RELATION_MISSING: 企业存在治理设施但本源排放口无对应除尘记录,补充或核正该项原始信息；保留其他污染物可核算部分
SRC-RAW-D754FE900ADCABAF2D31,BC,SOURCE_RELATION_MISSING: 企业存在治理设施但本源排放口无对应除尘记录,补充或核正该项原始信息；保留其他污染物可核算部分
SRC-RAW-13051E02DF7384D16801,SO2,POLLUTANT_PARAMETER_MISSING: 式(3)、表C.1；收到基硫分缺失,补充对应污染物参数或该燃料/设备适用系数
SRC-RAW-13051E02DF7384D16801,SO2,POLLUTANT_PARAMETER_MISSING: 式(3)、表C.1；收到基硫分缺失,补充或核正该项原始信息；保留其他污染物可核算部分
SRC-RAW-13051E02DF7384D16801,NOx,SOURCE_RELATION_MISSING: 企业存在治理设施但本源排放口无对应脱硝记录,补充或核正该项原始信息；保留其他污染物可核算部分
SRC-RAW-13051E02DF7384D16801,PM10,SOURCE_RELATION_MISSING: 企业存在治理设施但本源排放口无对应除尘记录,补充或核正该项原始信息；保留其他污染物可核算部分
SRC-RAW-13051E02DF7384D16801,PM2.5,SOURCE_RELATION_MISSING: 企业存在治理设施但本源排放口无对应除尘记录,补充或核正该项原始信息；保留其他污染物可核算部分
SRC-RAW-13051E02DF7384D16801,BC,SOURCE_RELATION_MISSING: 企业存在治理设施但本源排放口无对应除尘记录,补充或核正该项原始信息；保留其他污染物可核算部分
SRC-RAW-CE34D434EBB7A964698E,ALL,SOURCE_RELATION_MISSING: 源排放口编号缺失,补充设备与排放口关系，不按企业治理设施平均分摊
SRC-RAW-CE34D434EBB7A964698E,SO2,SOURCE_RELATION_MISSING: 排放口编号缺失，无法确定治理链,补充或核正该项原始信息；保留其他污染物可核算部分
SRC-RAW-CE34D434EBB7A964698E,NOx,SOURCE_RELATION_MISSING: 排放口编号缺失，无法确定治理链,补充或核正该项原始信息；保留其他污染物可核算部分
SRC-RAW-CE34D434EBB7A964698E,PM10,SOURCE_RELATION_MISSING: 排放口编号缺失，无法确定治理链,补充或核正该项原始信息；保留其他污染物可核算部分
SRC-RAW-CE34D434EBB7A964698E,PM2.5,SOURCE_RELATION_MISSING: 排放口编号缺失，无法确定治理链,补充或核正该项原始信息；保留其他污染物可核算部分
SRC-RAW-CE34D434EBB7A964698E,BC,SOURCE_RELATION_MISSING: 排放口编号缺失，无法确定治理链,补充或核正该项原始信息；保留其他污染物可核算部分
SRC-RAW-1A7416B593E4F2D1EE56,NOx,SOURCE_RELATION_MISSING: 无可关联治理设施记录，不能推定无治理,补充或核正该项原始信息；保留其他污染物可核算部分
SRC-RAW-1A7416B593E4F2D1EE56,PM10,SOURCE_RELATION_MISSING: 无可关联治理设施记录，不能推定无治理,补充或核正该项原始信息；保留其他污染物可核算部分
SRC-RAW-1A7416B593E4F2D1EE56,PM2.5,SOURCE_RELATION_MISSING: 无可关联治理设施记录，不能推定无治理,补充或核正该项原始信息；保留其他污染物可核算部分
SRC-RAW-A2BCB4BCC7E8D5C61FA8,SO2,FACTOR_NOT_APPLICABLE: T/CSES 144-2024 7.2; 表D.1及注a-c；未提供该设备技术的对应系数,补充对应污染物参数或该燃料/设备适用系数
SRC-RAW-A2BCB4BCC7E8D5C61FA8,SO2,FACTOR_NOT_APPLICABLE: T/CSES 144-2024 7.2; 表D.1及注a-c；未提供该设备技术的对应系数,补充或核正该项原始信息；保留其他污染物可核算部分
SRC-RAW-A2BCB4BCC7E8D5C61FA8,NOx,FACTOR_NOT_APPLICABLE: T/CSES 144-2024 7.2; 表D.1及注a-c；未提供该设备技术的对应系数,补充对应污染物参数或该燃料/设备适用系数
SRC-RAW-A2BCB4BCC7E8D5C61FA8,NOx,FACTOR_NOT_APPLICABLE: T/CSES 144-2024 7.2; 表D.1及注a-c；未提供该设备技术的对应系数,补充或核正该项原始信息；保留其他污染物可核算部分
SRC-RAW-A2BCB4BCC7E8D5C61FA8,CO,FACTOR_NOT_APPLICABLE: T/CSES 144-2024 7.2; 表D.1及注a-c；未提供该设备技术的对应系数,补充对应污染物参数或该燃料/设备适用系数
SRC-RAW-A2BCB4BCC7E8D5C61FA8,CO,FACTOR_NOT_APPLICABLE: T/CSES 144-2024 7.2; 表D.1及注a-c；未提供该设备技术的对应系数,补充或核正该项原始信息；保留其他污染物可核算部分
SRC-RAW-A2BCB4BCC7E8D5C61FA8,VOC,FACTOR_NOT_APPLICABLE: T/CSES 144-2024 7.2; 表D.1及注a-c；未提供该设备技术的对应系数,补充对应污染物参数或该燃料/设备适用系数
SRC-RAW-A2BCB4BCC7E8D5C61FA8,VOC,FACTOR_NOT_APPLICABLE: T/CSES 144-2024 7.2; 表D.1及注a-c；未提供该设备技术的对应系数,补充或核正该项原始信息；保留其他污染物可核算部分
SRC-RAW-A2BCB4BCC7E8D5C61FA8,PM10,FACTOR_NOT_APPLICABLE: T/CSES 144-2024 7.2; 表D.1及注a-c；未提供该设备技术的对应系数,补充对应污染物参数或该燃料/设备适用系数
SRC-RAW-A2BCB4BCC7E8D5C61FA8,PM10,FACTOR_NOT_APPLICABLE: T/CSES 144-2024 7.2; 表D.1及注a-c；未提供该设备技术的对应系数,补充或核正该项原始信息；保留其他污染物可核算部分
SRC-RAW-A2BCB4BCC7E8D5C61FA8,PM2.5,FACTOR_NOT_APPLICABLE: T/CSES 144-2024 7.2; 表D.1及注a-c；未提供该设备技术的对应系数,补充对应污染物参数或该燃料/设备适用系数
SRC-RAW-A2BCB4BCC7E8D5C61FA8,PM2.5,FACTOR_NOT_APPLICABLE: T/CSES 144-2024 7.2; 表D.1及注a-c；未提供该设备技术的对应系数,补充或核正该项原始信息；保留其他污染物可核算部分
SRC-RAW-A2BCB4BCC7E8D5C61FA8,BC,FACTOR_NOT_APPLICABLE: T/CSES 144-2024 7.2; 表D.1及注a-c；未提供该设备技术的对应系数,补充对应污染物参数或该燃料/设备适用系数
SRC-RAW-A2BCB4BCC7E8D5C61FA8,BC,FACTOR_NOT_APPLICABLE: T/CSES 144-2024 7.2; 表D.1及注a-c；未提供该设备技术的对应系数,补充或核正该项原始信息；保留其他污染物可核算部分
SRC-RAW-A2BCB4BCC7E8D5C61FA8,OC,FACTOR_NOT_APPLICABLE: T/CSES 144-2024 7.2; 表D.1及注a-c；未提供该设备技术的对应系数,补充对应污染物参数或该燃料/设备适用系数
SRC-RAW-A2BCB4BCC7E8D5C61FA8,OC,FACTOR_NOT_APPLICABLE: T/CSES 144-2024 7.2; 表D.1及注a-c；未提供该设备技术的对应系数,补充或核正该项原始信息；保留其他污染物可核算部分
SRC-RAW-D4FA466B4DE818950489,ALL,ACTIVITY_MISSING: 燃料一总消耗量空白,在同单位发电及供热分项完整时相加；否则补充总量
SRC-RAW-D4FA466B4DE818950489,SO2,ACTIVITY_MISSING: 燃料一总量与完整分项不足,补充或核正该项原始信息；保留其他污染物可核算部分
SRC-RAW-D4FA466B4DE818950489,NOx,ACTIVITY_MISSING: 燃料一总量与完整分项不足,补充或核正该项原始信息；保留其他污染物可核算部分
SRC-RAW-D4FA466B4DE818950489,CO,ACTIVITY_MISSING: 燃料一总量与完整分项不足,补充或核正该项原始信息；保留其他污染物可核算部分
SRC-RAW-D4FA466B4DE818950489,VOC,ACTIVITY_MISSING: 燃料一总量与完整分项不足,补充或核正该项原始信息；保留其他污染物可核算部分
SRC-RAW-D4FA466B4DE818950489,PM10,ACTIVITY_MISSING: 燃料一总量与完整分项不足,补充或核正该项原始信息；保留其他污染物可核算部分
SRC-RAW-D4FA466B4DE818950489,PM2.5,ACTIVITY_MISSING: 燃料一总量与完整分项不足,补充或核正该项原始信息；保留其他污染物可核算部分
SRC-RAW-D4FA466B4DE818950489,BC,ACTIVITY_MISSING: 燃料一总量与完整分项不足,补充或核正该项原始信息；保留其他污染物可核算部分
SRC-RAW-D4FA466B4DE818950489,OC,ACTIVITY_MISSING: 燃料一总量与完整分项不足,补充或核正该项原始信息；保留其他污染物可核算部分
SRC-RAW-F05D274D40AC9B642368,ALL,HARD_CONSTRAINT_CONFLICT: 燃料一消耗量为负，不能以正分项覆盖冲突,核正原始燃料总量及分项
SRC-RAW-F05D274D40AC9B642368,SO2,HARD_CONSTRAINT_CONFLICT: 燃料一消耗量为负,补充或核正该项原始信息；保留其他污染物可核算部分
SRC-RAW-F05D274D40AC9B642368,NOx,HARD_CONSTRAINT_CONFLICT: 燃料一消耗量为负,补充或核正该项原始信息；保留其他污染物可核算部分
SRC-RAW-F05D274D40AC9B642368,CO,HARD_CONSTRAINT_CONFLICT: 燃料一消耗量为负,补充或核正该项原始信息；保留其他污染物可核算部分
SRC-RAW-F05D274D40AC9B642368,VOC,HARD_CONSTRAINT_CONFLICT: 燃料一消耗量为负,补充或核正该项原始信息；保留其他污染物可核算部分
SRC-RAW-F05D274D40AC9B642368,PM10,HARD_CONSTRAINT_CONFLICT: 燃料一消耗量为负,补充或核正该项原始信息；保留其他污染物可核算部分
SRC-RAW-F05D274D40AC9B642368,PM2.5,HARD_CONSTRAINT_CONFLICT: 燃料一消耗量为负,补充或核正该项原始信息；保留其他污染物可核算部分
SRC-RAW-F05D274D40AC9B642368,BC,HARD_CONSTRAINT_CONFLICT: 燃料一消耗量为负,补充或核正该项原始信息；保留其他污染物可核算部分
SRC-RAW-F05D274D40AC9B642368,OC,HARD_CONSTRAINT_CONFLICT: 燃料一消耗量为负,补充或核正该项原始信息；保留其他污染物可核算部分
SRC-RAW-D4CA402F1C186726C968,ALL,ACTIVITY_MISSING: 燃料一总消耗量空白,在同单位发电及供热分项完整时相加；否则补充总量
SRC-RAW-D4CA402F1C186726C968,SO2,SOURCE_RELATION_MISSING: 企业存在治理设施但本源排放口无对应脱硫记录,补充或核正该项原始信息；保留其他污染物可核算部分
SRC-RAW-D4CA402F1C186726C968,NOx,SOURCE_RELATION_MISSING: 企业存在治理设施但本源排放口无对应脱硝记录,补充或核正该项原始信息；保留其他污染物可核算部分
SRC-RAW-D4CA402F1C186726C968,PM10,SOURCE_RELATION_MISSING: 企业存在治理设施但本源排放口无对应除尘记录,补充或核正该项原始信息；保留其他污染物可核算部分
SRC-RAW-D4CA402F1C186726C968,PM2.5,SOURCE_RELATION_MISSING: 企业存在治理设施但本源排放口无对应除尘记录,补充或核正该项原始信息；保留其他污染物可核算部分
SRC-RAW-D4CA402F1C186726C968,BC,SOURCE_RELATION_MISSING: 企业存在治理设施但本源排放口无对应除尘记录,补充或核正该项原始信息；保留其他污染物可核算部分
SRC-RAW-7F67D5F7567694B8061E,ALL,HARD_CONSTRAINT_CONFLICT: 燃料一消耗量为负，不能以正分项覆盖冲突,核正原始燃料总量及分项
SRC-RAW-7F67D5F7567694B8061E,SO2,HARD_CONSTRAINT_CONFLICT: 燃料一消耗量为负,补充或核正该项原始信息；保留其他污染物可核算部分
SRC-RAW-7F67D5F7567694B8061E,NOx,HARD_CONSTRAINT_CONFLICT: 燃料一消耗量为负,补充或核正该项原始信息；保留其他污染物可核算部分
SRC-RAW-7F67D5F7567694B8061E,CO,HARD_CONSTRAINT_CONFLICT: 燃料一消耗量为负,补充或核正该项原始信息；保留其他污染物可核算部分
SRC-RAW-7F67D5F7567694B8061E,VOC,HARD_CONSTRAINT_CONFLICT: 燃料一消耗量为负,补充或核正该项原始信息；保留其他污染物可核算部分
SRC-RAW-7F67D5F7567694B8061E,PM10,HARD_CONSTRAINT_CONFLICT: 燃料一消耗量为负,补充或核正该项原始信息；保留其他污染物可核算部分
SRC-RAW-7F67D5F7567694B8061E,PM2.5,HARD_CONSTRAINT_CONFLICT: 燃料一消耗量为负,补充或核正该项原始信息；保留其他污染物可核算部分
SRC-RAW-7F67D5F7567694B8061E,BC,HARD_CONSTRAINT_CONFLICT: 燃料一消耗量为负,补充或核正该项原始信息；保留其他污染物可核算部分
SRC-RAW-7F67D5F7567694B8061E,OC,HARD_CONSTRAINT_CONFLICT: 燃料一消耗量为负,补充或核正该项原始信息；保留其他污染物可核算部分
SRC-RAW-3DAC9E79EA63416E368D,ALL,SOURCE_RELATION_MISSING: 源排放口编号缺失,补充设备与排放口关系，不按企业治理设施平均分摊
SRC-RAW-3DAC9E79EA63416E368D,SO2,SOURCE_RELATION_MISSING: 排放口编号缺失，无法确定治理链,补充或核正该项原始信息；保留其他污染物可核算部分
SRC-RAW-3DAC9E79EA63416E368D,NOx,SOURCE_RELATION_MISSING: 排放口编号缺失，无法确定治理链,补充或核正该项原始信息；保留其他污染物可核算部分
SRC-RAW-3DAC9E79EA63416E368D,PM10,SOURCE_RELATION_MISSING: 排放口编号缺失，无法确定治理链,补充或核正该项原始信息；保留其他污染物可核算部分
SRC-RAW-3DAC9E79EA63416E368D,PM2.5,SOURCE_RELATION_MISSING: 排放口编号缺失，无法确定治理链,补充或核正该项原始信息；保留其他污染物可核算部分
SRC-RAW-3DAC9E79EA63416E368D,BC,SOURCE_RELATION_MISSING: 排放口编号缺失，无法确定治理链,补充或核正该项原始信息；保留其他污染物可核算部分
SRC-RAW-3DAC9E79EA63416E368D,OC,SOURCE_RELATION_MISSING: 排放口编号缺失，无法确定治理链,补充或核正该项原始信息；保留其他污染物可核算部分
SRC-RAW-8E880A58EC31520571BD,ALL,ACTIVITY_MISSING: 燃料一总消耗量空白,在同单位发电及供热分项完整时相加；否则补充总量
SRC-RAW-8E880A58EC31520571BD,SO2,SOURCE_RELATION_MISSING: 企业存在治理设施但本源排放口无对应脱硫记录,补充或核正该项原始信息；保留其他污染物可核算部分
SRC-RAW-8E880A58EC31520571BD,NOx,SOURCE_RELATION_MISSING: 企业存在治理设施但本源排放口无对应脱硝记录,补充或核正该项原始信息；保留其他污染物可核算部分
SRC-RAW-8E880A58EC31520571BD,PM10,SOURCE_RELATION_MISSING: 企业存在治理设施但本源排放口无对应除尘记录,补充或核正该项原始信息；保留其他污染物可核算部分
SRC-RAW-8E880A58EC31520571BD,PM2.5,SOURCE_RELATION_MISSING: 企业存在治理设施但本源排放口无对应除尘记录,补充或核正该项原始信息；保留其他污染物可核算部分
SRC-RAW-8E880A58EC31520571BD,BC,SOURCE_RELATION_MISSING: 企业存在治理设施但本源排放口无对应除尘记录,补充或核正该项原始信息；保留其他污染物可核算部分
SRC-RAW-B156C48CC9B1A481901B,ALL,HARD_CONSTRAINT_CONFLICT: 燃料一消耗量为负，不能以正分项覆盖冲突,核正原始燃料总量及分项
SRC-RAW-B156C48CC9B1A481901B,SO2,HARD_CONSTRAINT_CONFLICT: 燃料一消耗量为负,补充或核正该项原始信息；保留其他污染物可核算部分
SRC-RAW-B156C48CC9B1A481901B,NOx,HARD_CONSTRAINT_CONFLICT: 燃料一消耗量为负,补充或核正该项原始信息；保留其他污染物可核算部分
SRC-RAW-B156C48CC9B1A481901B,CO,HARD_CONSTRAINT_CONFLICT: 燃料一消耗量为负,补充或核正该项原始信息；保留其他污染物可核算部分
SRC-RAW-B156C48CC9B1A481901B,VOC,HARD_CONSTRAINT_CONFLICT: 燃料一消耗量为负,补充或核正该项原始信息；保留其他污染物可核算部分
SRC-RAW-B156C48CC9B1A481901B,PM10,HARD_CONSTRAINT_CONFLICT: 燃料一消耗量为负,补充或核正该项原始信息；保留其他污染物可核算部分
SRC-RAW-B156C48CC9B1A481901B,PM2.5,HARD_CONSTRAINT_CONFLICT: 燃料一消耗量为负,补充或核正该项原始信息；保留其他污染物可核算部分
SRC-RAW-B156C48CC9B1A481901B,BC,HARD_CONSTRAINT_CONFLICT: 燃料一消耗量为负,补充或核正该项原始信息；保留其他污染物可核算部分
SRC-RAW-B156C48CC9B1A481901B,OC,HARD_CONSTRAINT_CONFLICT: 燃料一消耗量为负,补充或核正该项原始信息；保留其他污染物可核算部分
SRC-RAW-FBD291B35556BBA92444,ALL,SOURCE_RELATION_MISSING: 源排放口编号缺失,补充设备与排放口关系，不按企业治理设施平均分摊
SRC-RAW-FBD291B35556BBA92444,NOx,SOURCE_RELATION_MISSING: 排放口编号缺失，无法确定治理链,补充或核正该项原始信息；保留其他污染物可核算部分
SRC-RAW-FBD291B35556BBA92444,PM10,SOURCE_RELATION_MISSING: 排放口编号缺失，无法确定治理链,补充或核正该项原始信息；保留其他污染物可核算部分
SRC-RAW-FBD291B35556BBA92444,PM2.5,SOURCE_RELATION_MISSING: 排放口编号缺失，无法确定治理链,补充或核正该项原始信息；保留其他污染物可核算部分
SRC-RAW-C1C5B08B42D257A2E5AC,NOx,SOURCE_RELATION_MISSING: 企业存在治理设施但本源排放口无对应脱硝记录,补充或核正该项原始信息；保留其他污染物可核算部分
SRC-RAW-C1C5B08B42D257A2E5AC,PM10,SOURCE_RELATION_MISSING: 企业存在治理设施但本源排放口无对应除尘记录,补充或核正该项原始信息；保留其他污染物可核算部分
SRC-RAW-C1C5B08B42D257A2E5AC,PM2.5,SOURCE_RELATION_MISSING: 企业存在治理设施但本源排放口无对应除尘记录,补充或核正该项原始信息；保留其他污染物可核算部分
SRC-RAW-625DD65413812610B813,ALL,SOURCE_RELATION_MISSING: 源排放口编号缺失,补充设备与排放口关系，不按企业治理设施平均分摊
SRC-RAW-625DD65413812610B813,SO2,SOURCE_RELATION_MISSING: 排放口编号缺失，无法确定治理链,补充或核正该项原始信息；保留其他污染物可核算部分
SRC-RAW-625DD65413812610B813,NOx,SOURCE_RELATION_MISSING: 排放口编号缺失，无法确定治理链,补充或核正该项原始信息；保留其他污染物可核算部分
SRC-RAW-625DD65413812610B813,PM10,SOURCE_RELATION_MISSING: 排放口编号缺失，无法确定治理链,补充或核正该项原始信息；保留其他污染物可核算部分
SRC-RAW-625DD65413812610B813,PM2.5,SOURCE_RELATION_MISSING: 排放口编号缺失，无法确定治理链,补充或核正该项原始信息；保留其他污染物可核算部分
SRC-RAW-625DD65413812610B813,BC,SOURCE_RELATION_MISSING: 排放口编号缺失，无法确定治理链,补充或核正该项原始信息；保留其他污染物可核算部分
SRC-RAW-B930DCDEBEC973B533F5,SO2,POLLUTANT_PARAMETER_MISSING: 式(3)、表C.1；收到基硫分缺失,补充对应污染物参数或该燃料/设备适用系数
SRC-RAW-B930DCDEBEC973B533F5,SO2,POLLUTANT_PARAMETER_MISSING: 式(3)、表C.1；收到基硫分缺失,补充或核正该项原始信息；保留其他污染物可核算部分
SRC-RAW-B930DCDEBEC973B533F5,NOx,SOURCE_RELATION_MISSING: 企业存在治理设施但本源排放口无对应脱硝记录,补充或核正该项原始信息；保留其他污染物可核算部分
SRC-RAW-B930DCDEBEC973B533F5,PM10,SOURCE_RELATION_MISSING: 企业存在治理设施但本源排放口无对应除尘记录,补充或核正该项原始信息；保留其他污染物可核算部分
SRC-RAW-B930DCDEBEC973B533F5,PM2.5,SOURCE_RELATION_MISSING: 企业存在治理设施但本源排放口无对应除尘记录,补充或核正该项原始信息；保留其他污染物可核算部分
SRC-RAW-B930DCDEBEC973B533F5,BC,SOURCE_RELATION_MISSING: 企业存在治理设施但本源排放口无对应除尘记录,补充或核正该项原始信息；保留其他污染物可核算部分
SRC-RAW-93EDE4EC759B923B8B11,ALL,HARD_CONSTRAINT_CONFLICT: 燃料一消耗量为负，不能以正分项覆盖冲突,核正原始燃料总量及分项
SRC-RAW-93EDE4EC759B923B8B11,SO2,HARD_CONSTRAINT_CONFLICT: 燃料一消耗量为负,补充或核正该项原始信息；保留其他污染物可核算部分
SRC-RAW-93EDE4EC759B923B8B11,NOx,HARD_CONSTRAINT_CONFLICT: 燃料一消耗量为负,补充或核正该项原始信息；保留其他污染物可核算部分
SRC-RAW-93EDE4EC759B923B8B11,CO,HARD_CONSTRAINT_CONFLICT: 燃料一消耗量为负,补充或核正该项原始信息；保留其他污染物可核算部分
SRC-RAW-93EDE4EC759B923B8B11,VOC,HARD_CONSTRAINT_CONFLICT: 燃料一消耗量为负,补充或核正该项原始信息；保留其他污染物可核算部分
SRC-RAW-93EDE4EC759B923B8B11,PM10,HARD_CONSTRAINT_CONFLICT: 燃料一消耗量为负,补充或核正该项原始信息；保留其他污染物可核算部分
SRC-RAW-93EDE4EC759B923B8B11,PM2.5,HARD_CONSTRAINT_CONFLICT: 燃料一消耗量为负,补充或核正该项原始信息；保留其他污染物可核算部分
SRC-RAW-93EDE4EC759B923B8B11,BC,HARD_CONSTRAINT_CONFLICT: 燃料一消耗量为负,补充或核正该项原始信息；保留其他污染物可核算部分
SRC-RAW-93EDE4EC759B923B8B11,OC,HARD_CONSTRAINT_CONFLICT: 燃料一消耗量为负,补充或核正该项原始信息；保留其他污染物可核算部分
SRC-RAW-A0F2F7DA56B515FFF089,ALL,HARD_CONSTRAINT_CONFLICT: 燃料一消耗量为负，不能以正分项覆盖冲突,核正原始燃料总量及分项
SRC-RAW-A0F2F7DA56B515FFF089,SO2,FACTOR_NOT_APPLICABLE: T/CSES 144-2024 7.2; 表D.1及注a-c；未提供该设备技术的对应系数,补充对应污染物参数或该燃料/设备适用系数
SRC-RAW-A0F2F7DA56B515FFF089,SO2,HARD_CONSTRAINT_CONFLICT: 燃料一消耗量为负,补充或核正该项原始信息；保留其他污染物可核算部分
SRC-RAW-A0F2F7DA56B515FFF089,SO2,FACTOR_NOT_APPLICABLE: T/CSES 144-2024 7.2; 表D.1及注a-c；未提供该设备技术的对应系数,补充或核正该项原始信息；保留其他污染物可核算部分
SRC-RAW-A0F2F7DA56B515FFF089,NOx,FACTOR_NOT_APPLICABLE: T/CSES 144-2024 7.2; 表D.1及注a-c；未提供该设备技术的对应系数,补充对应污染物参数或该燃料/设备适用系数
SRC-RAW-A0F2F7DA56B515FFF089,NOx,HARD_CONSTRAINT_CONFLICT: 燃料一消耗量为负,补充或核正该项原始信息；保留其他污染物可核算部分
SRC-RAW-A0F2F7DA56B515FFF089,NOx,FACTOR_NOT_APPLICABLE: T/CSES 144-2024 7.2; 表D.1及注a-c；未提供该设备技术的对应系数,补充或核正该项原始信息；保留其他污染物可核算部分
SRC-RAW-A0F2F7DA56B515FFF089,CO,FACTOR_NOT_APPLICABLE: T/CSES 144-2024 7.2; 表D.1及注a-c；未提供该设备技术的对应系数,补充对应污染物参数或该燃料/设备适用系数
SRC-RAW-A0F2F7DA56B515FFF089,CO,HARD_CONSTRAINT_CONFLICT: 燃料一消耗量为负,补充或核正该项原始信息；保留其他污染物可核算部分
SRC-RAW-A0F2F7DA56B515FFF089,CO,FACTOR_NOT_APPLICABLE: T/CSES 144-2024 7.2; 表D.1及注a-c；未提供该设备技术的对应系数,补充或核正该项原始信息；保留其他污染物可核算部分
SRC-RAW-A0F2F7DA56B515FFF089,VOC,FACTOR_NOT_APPLICABLE: T/CSES 144-2024 7.2; 表D.1及注a-c；未提供该设备技术的对应系数,补充对应污染物参数或该燃料/设备适用系数
SRC-RAW-A0F2F7DA56B515FFF089,VOC,HARD_CONSTRAINT_CONFLICT: 燃料一消耗量为负,补充或核正该项原始信息；保留其他污染物可核算部分
SRC-RAW-A0F2F7DA56B515FFF089,VOC,FACTOR_NOT_APPLICABLE: T/CSES 144-2024 7.2; 表D.1及注a-c；未提供该设备技术的对应系数,补充或核正该项原始信息；保留其他污染物可核算部分
SRC-RAW-A0F2F7DA56B515FFF089,PM10,FACTOR_NOT_APPLICABLE: T/CSES 144-2024 7.2; 表D.1及注a-c；未提供该设备技术的对应系数,补充对应污染物参数或该燃料/设备适用系数
SRC-RAW-A0F2F7DA56B515FFF089,PM10,HARD_CONSTRAINT_CONFLICT: 燃料一消耗量为负,补充或核正该项原始信息；保留其他污染物可核算部分
SRC-RAW-A0F2F7DA56B515FFF089,PM10,FACTOR_NOT_APPLICABLE: T/CSES 144-2024 7.2; 表D.1及注a-c；未提供该设备技术的对应系数,补充或核正该项原始信息；保留其他污染物可核算部分
SRC-RAW-A0F2F7DA56B515FFF089,PM2.5,FACTOR_NOT_APPLICABLE: T/CSES 144-2024 7.2; 表D.1及注a-c；未提供该设备技术的对应系数,补充对应污染物参数或该燃料/设备适用系数
SRC-RAW-A0F2F7DA56B515FFF089,PM2.5,HARD_CONSTRAINT_CONFLICT: 燃料一消耗量为负,补充或核正该项原始信息；保留其他污染物可核算部分
SRC-RAW-A0F2F7DA56B515FFF089,PM2.5,FACTOR_NOT_APPLICABLE: T/CSES 144-2024 7.2; 表D.1及注a-c；未提供该设备技术的对应系数,补充或核正该项原始信息；保留其他污染物可核算部分
SRC-RAW-A0F2F7DA56B515FFF089,BC,FACTOR_NOT_APPLICABLE: T/CSES 144-2024 7.2; 表D.1及注a-c；未提供该设备技术的对应系数,补充对应污染物参数或该燃料/设备适用系数
SRC-RAW-A0F2F7DA56B515FFF089,BC,HARD_CONSTRAINT_CONFLICT: 燃料一消耗量为负,补充或核正该项原始信息；保留其他污染物可核算部分
SRC-RAW-A0F2F7DA56B515FFF089,BC,FACTOR_NOT_APPLICABLE: T/CSES 144-2024 7.2; 表D.1及注a-c；未提供该设备技术的对应系数,补充或核正该项原始信息；保留其他污染物可核算部分
SRC-RAW-A0F2F7DA56B515FFF089,OC,FACTOR_NOT_APPLICABLE: T/CSES 144-2024 7.2; 表D.1及注a-c；未提供该设备技术的对应系数,补充对应污染物参数或该燃料/设备适用系数
SRC-RAW-A0F2F7DA56B515FFF089,OC,HARD_CONSTRAINT_CONFLICT: 燃料一消耗量为负,补充或核正该项原始信息；保留其他污染物可核算部分
SRC-RAW-A0F2F7DA56B515FFF089,OC,FACTOR_NOT_APPLICABLE: T/CSES 144-2024 7.2; 表D.1及注a-c；未提供该设备技术的对应系数,补充或核正该项原始信息；保留其他污染物可核算部分
SRC-RAW-46E9F3F37A52CE5698EF,ALL,ACTIVITY_MISSING: 燃料一总消耗量空白,在同单位发电及供热分项完整时相加；否则补充总量
SRC-RAW-46E9F3F37A52CE5698EF,SO2,SOURCE_RELATION_MISSING: 企业存在治理设施但本源排放口无对应脱硫记录,补充或核正该项原始信息；保留其他污染物可核算部分
SRC-RAW-46E9F3F37A52CE5698EF,NOx,SOURCE_RELATION_MISSING: 企业存在治理设施但本源排放口无对应脱硝记录,补充或核正该项原始信息；保留其他污染物可核算部分
SRC-RAW-46E9F3F37A52CE5698EF,PM10,SOURCE_RELATION_MISSING: 企业存在治理设施但本源排放口无对应除尘记录,补充或核正该项原始信息；保留其他污染物可核算部分
SRC-RAW-46E9F3F37A52CE5698EF,PM2.5,SOURCE_RELATION_MISSING: 企业存在治理设施但本源排放口无对应除尘记录,补充或核正该项原始信息；保留其他污染物可核算部分
SRC-RAW-46E9F3F37A52CE5698EF,BC,SOURCE_RELATION_MISSING: 企业存在治理设施但本源排放口无对应除尘记录,补充或核正该项原始信息；保留其他污染物可核算部分
SRC-RAW-7C468FB3D6E8F251F320,SO2,SOURCE_RELATION_MISSING: 企业存在治理设施但本源排放口无对应脱硫记录,补充或核正该项原始信息；保留其他污染物可核算部分
SRC-RAW-7C468FB3D6E8F251F320,NOx,SOURCE_RELATION_MISSING: 企业存在治理设施但本源排放口无对应脱硝记录,补充或核正该项原始信息；保留其他污染物可核算部分
SRC-RAW-7C468FB3D6E8F251F320,PM10,SOURCE_RELATION_MISSING: 企业存在治理设施但本源排放口无对应除尘记录,补充或核正该项原始信息；保留其他污染物可核算部分
SRC-RAW-7C468FB3D6E8F251F320,PM2.5,SOURCE_RELATION_MISSING: 企业存在治理设施但本源排放口无对应除尘记录,补充或核正该项原始信息；保留其他污染物可核算部分
SRC-RAW-7C468FB3D6E8F251F320,BC,SOURCE_RELATION_MISSING: 企业存在治理设施但本源排放口无对应除尘记录,补充或核正该项原始信息；保留其他污染物可核算部分
SRC-RAW-2A31F65E2DDE1B721B31,ALL,HARD_CONSTRAINT_CONFLICT: 燃料一消耗量为负，不能以正分项覆盖冲突,核正原始燃料总量及分项
SRC-RAW-2A31F65E2DDE1B721B31,SO2,HARD_CONSTRAINT_CONFLICT: 燃料一消耗量为负,补充或核正该项原始信息；保留其他污染物可核算部分
SRC-RAW-2A31F65E2DDE1B721B31,NOx,HARD_CONSTRAINT_CONFLICT: 燃料一消耗量为负,补充或核正该项原始信息；保留其他污染物可核算部分
SRC-RAW-2A31F65E2DDE1B721B31,CO,HARD_CONSTRAINT_CONFLICT: 燃料一消耗量为负,补充或核正该项原始信息；保留其他污染物可核算部分
SRC-RAW-2A31F65E2DDE1B721B31,VOC,HARD_CONSTRAINT_CONFLICT: 燃料一消耗量为负,补充或核正该项原始信息；保留其他污染物可核算部分
SRC-RAW-2A31F65E2DDE1B721B31,PM10,HARD_CONSTRAINT_CONFLICT: 燃料一消耗量为负,补充或核正该项原始信息；保留其他污染物可核算部分
SRC-RAW-2A31F65E2DDE1B721B31,PM2.5,HARD_CONSTRAINT_CONFLICT: 燃料一消耗量为负,补充或核正该项原始信息；保留其他污染物可核算部分
SRC-RAW-2A31F65E2DDE1B721B31,BC,HARD_CONSTRAINT_CONFLICT: 燃料一消耗量为负,补充或核正该项原始信息；保留其他污染物可核算部分
SRC-RAW-2A31F65E2DDE1B721B31,OC,HARD_CONSTRAINT_CONFLICT: 燃料一消耗量为负,补充或核正该项原始信息；保留其他污染物可核算部分
SRC-RAW-6066991D2DA28566115E,ALL,SOURCE_RELATION_MISSING: 统一社会信用代码空白，保留原始身份缺口,以同年组织机构代码或脱敏企业名称关联；身份索引只定位候选
SRC-RAW-6066991D2DA28566115E,ALL,SOURCE_RELATION_MISSING: 源排放口编号缺失,补充设备与排放口关系，不按企业治理设施平均分摊
SRC-RAW-6066991D2DA28566115E,SO2,SOURCE_RELATION_MISSING: 排放口编号缺失，无法确定治理链,补充或核正该项原始信息；保留其他污染物可核算部分
SRC-RAW-6066991D2DA28566115E,NOx,SOURCE_RELATION_MISSING: 排放口编号缺失，无法确定治理链,补充或核正该项原始信息；保留其他污染物可核算部分
SRC-RAW-6066991D2DA28566115E,PM10,SOURCE_RELATION_MISSING: 排放口编号缺失，无法确定治理链,补充或核正该项原始信息；保留其他污染物可核算部分
SRC-RAW-6066991D2DA28566115E,PM2.5,SOURCE_RELATION_MISSING: 排放口编号缺失，无法确定治理链,补充或核正该项原始信息；保留其他污染物可核算部分
SRC-RAW-6066991D2DA28566115E,BC,SOURCE_RELATION_MISSING: 排放口编号缺失，无法确定治理链,补充或核正该项原始信息；保留其他污染物可核算部分
SRC-RAW-927B14F2990B74E2A6EF,ALL,SOURCE_RELATION_MISSING: 统一社会信用代码空白，保留原始身份缺口,以同年组织机构代码或脱敏企业名称关联；身份索引只定位候选
SRC-RAW-927B14F2990B74E2A6EF,SO2,SOURCE_RELATION_MISSING: 企业存在治理设施但本源排放口无对应脱硫记录,补充或核正该项原始信息；保留其他污染物可核算部分
SRC-RAW-927B14F2990B74E2A6EF,NOx,SOURCE_RELATION_MISSING: 企业存在治理设施但本源排放口无对应脱硝记录,补充或核正该项原始信息；保留其他污染物可核算部分
SRC-RAW-927B14F2990B74E2A6EF,PM10,SOURCE_RELATION_MISSING: 企业存在治理设施但本源排放口无对应除尘记录,补充或核正该项原始信息；保留其他污染物可核算部分
SRC-RAW-927B14F2990B74E2A6EF,PM2.5,SOURCE_RELATION_MISSING: 企业存在治理设施但本源排放口无对应除尘记录,补充或核正该项原始信息；保留其他污染物可核算部分
SRC-RAW-927B14F2990B74E2A6EF,BC,SOURCE_RELATION_MISSING: 企业存在治理设施但本源排放口无对应除尘记录,补充或核正该项原始信息；保留其他污染物可核算部分
SRC-RAW-F7E56B123AF69F40ACAB,ALL,SOURCE_RELATION_MISSING: 统一社会信用代码空白，保留原始身份缺口,以同年组织机构代码或脱敏企业名称关联；身份索引只定位候选
SRC-RAW-F7E56B123AF69F40ACAB,SO2,SOURCE_RELATION_MISSING: 企业存在治理设施但本源排放口无对应脱硫记录,补充或核正该项原始信息；保留其他污染物可核算部分
SRC-RAW-F7E56B123AF69F40ACAB,NOx,SOURCE_RELATION_MISSING: 企业存在治理设施但本源排放口无对应脱硝记录,补充或核正该项原始信息；保留其他污染物可核算部分
SRC-RAW-F7E56B123AF69F40ACAB,PM10,POLLUTANT_PARAMETER_MISSING: 式(4)-(6)、表C.1-C.3；收到基灰分缺失,补充对应污染物参数或该燃料/设备适用系数
SRC-RAW-F7E56B123AF69F40ACAB,PM10,POLLUTANT_PARAMETER_MISSING: 式(4)-(6)、表C.1-C.3；收到基灰分缺失,补充或核正该项原始信息；保留其他污染物可核算部分
SRC-RAW-F7E56B123AF69F40ACAB,PM2.5,POLLUTANT_PARAMETER_MISSING: 式(4)-(6)、表C.1-C.3；收到基灰分缺失,补充对应污染物参数或该燃料/设备适用系数
SRC-RAW-F7E56B123AF69F40ACAB,PM2.5,POLLUTANT_PARAMETER_MISSING: 式(4)-(6)、表C.1-C.3；收到基灰分缺失,补充或核正该项原始信息；保留其他污染物可核算部分
SRC-RAW-F7E56B123AF69F40ACAB,BC,POLLUTANT_PARAMETER_MISSING: 式(4)-(6)、表C.1-C.3；收到基灰分缺失,补充对应污染物参数或该燃料/设备适用系数
SRC-RAW-F7E56B123AF69F40ACAB,BC,POLLUTANT_PARAMETER_MISSING: 式(4)-(6)、表C.1-C.3；收到基灰分缺失,补充或核正该项原始信息；保留其他污染物可核算部分
SRC-RAW-4C935755D3373975791B,ALL,SOURCE_RELATION_MISSING: 统一社会信用代码空白，保留原始身份缺口,以同年组织机构代码或脱敏企业名称关联；身份索引只定位候选
SRC-RAW-4C935755D3373975791B,ALL,HARD_CONSTRAINT_CONFLICT: 燃料一消耗量为负，不能以正分项覆盖冲突,核正原始燃料总量及分项
SRC-RAW-4C935755D3373975791B,SO2,HARD_CONSTRAINT_CONFLICT: 燃料一消耗量为负,补充或核正该项原始信息；保留其他污染物可核算部分
SRC-RAW-4C935755D3373975791B,NOx,HARD_CONSTRAINT_CONFLICT: 燃料一消耗量为负,补充或核正该项原始信息；保留其他污染物可核算部分
SRC-RAW-4C935755D3373975791B,CO,HARD_CONSTRAINT_CONFLICT: 燃料一消耗量为负,补充或核正该项原始信息；保留其他污染物可核算部分
SRC-RAW-4C935755D3373975791B,VOC,HARD_CONSTRAINT_CONFLICT: 燃料一消耗量为负,补充或核正该项原始信息；保留其他污染物可核算部分
SRC-RAW-4C935755D3373975791B,PM10,HARD_CONSTRAINT_CONFLICT: 燃料一消耗量为负,补充或核正该项原始信息；保留其他污染物可核算部分
SRC-RAW-4C935755D3373975791B,PM2.5,HARD_CONSTRAINT_CONFLICT: 燃料一消耗量为负,补充或核正该项原始信息；保留其他污染物可核算部分
SRC-RAW-4C935755D3373975791B,BC,HARD_CONSTRAINT_CONFLICT: 燃料一消耗量为负,补充或核正该项原始信息；保留其他污染物可核算部分
SRC-RAW-4C935755D3373975791B,OC,HARD_CONSTRAINT_CONFLICT: 燃料一消耗量为负,补充或核正该项原始信息；保留其他污染物可核算部分
SRC-RAW-D61018B198766BD3C03F,ALL,SOURCE_RELATION_MISSING: 统一社会信用代码空白，保留原始身份缺口,以同年组织机构代码或脱敏企业名称关联；身份索引只定位候选
SRC-RAW-D61018B198766BD3C03F,SO2,SOURCE_RELATION_MISSING: 企业存在治理设施但本源排放口无对应脱硫记录,补充或核正该项原始信息；保留其他污染物可核算部分
SRC-RAW-D61018B198766BD3C03F,NOx,SOURCE_RELATION_MISSING: 企业存在治理设施但本源排放口无对应脱硝记录,补充或核正该项原始信息；保留其他污染物可核算部分
SRC-RAW-D61018B198766BD3C03F,PM10,POLLUTANT_PARAMETER_MISSING: 式(4)-(6)、表C.1-C.3；收到基灰分缺失,补充对应污染物参数或该燃料/设备适用系数
SRC-RAW-D61018B198766BD3C03F,PM10,POLLUTANT_PARAMETER_MISSING: 式(4)-(6)、表C.1-C.3；收到基灰分缺失,补充或核正该项原始信息；保留其他污染物可核算部分
SRC-RAW-D61018B198766BD3C03F,PM2.5,POLLUTANT_PARAMETER_MISSING: 式(4)-(6)、表C.1-C.3；收到基灰分缺失,补充对应污染物参数或该燃料/设备适用系数
SRC-RAW-D61018B198766BD3C03F,PM2.5,POLLUTANT_PARAMETER_MISSING: 式(4)-(6)、表C.1-C.3；收到基灰分缺失,补充或核正该项原始信息；保留其他污染物可核算部分
SRC-RAW-D61018B198766BD3C03F,BC,POLLUTANT_PARAMETER_MISSING: 式(4)-(6)、表C.1-C.3；收到基灰分缺失,补充对应污染物参数或该燃料/设备适用系数
SRC-RAW-D61018B198766BD3C03F,BC,POLLUTANT_PARAMETER_MISSING: 式(4)-(6)、表C.1-C.3；收到基灰分缺失,补充或核正该项原始信息；保留其他污染物可核算部分
SRC-RAW-8E6D2C1C87CB7061CE6D,ALL,SOURCE_RELATION_MISSING: 统一社会信用代码空白，保留原始身份缺口,以同年组织机构代码或脱敏企业名称关联；身份索引只定位候选
SRC-RAW-8E6D2C1C87CB7061CE6D,SO2,SOURCE_RELATION_MISSING: 企业存在治理设施但本源排放口无对应脱硫记录,补充或核正该项原始信息；保留其他污染物可核算部分
SRC-RAW-8E6D2C1C87CB7061CE6D,NOx,SOURCE_RELATION_MISSING: 企业存在治理设施但本源排放口无对应脱硝记录,补充或核正该项原始信息；保留其他污染物可核算部分
SRC-RAW-8E6D2C1C87CB7061CE6D,PM10,SOURCE_RELATION_MISSING: 企业存在治理设施但本源排放口无对应除尘记录,补充或核正该项原始信息；保留其他污染物可核算部分
SRC-RAW-8E6D2C1C87CB7061CE6D,PM2.5,SOURCE_RELATION_MISSING: 企业存在治理设施但本源排放口无对应除尘记录,补充或核正该项原始信息；保留其他污染物可核算部分
SRC-RAW-8E6D2C1C87CB7061CE6D,BC,SOURCE_RELATION_MISSING: 企业存在治理设施但本源排放口无对应除尘记录,补充或核正该项原始信息；保留其他污染物可核算部分
SRC-RAW-30E77AB597BA9DCFE076,ALL,SOURCE_RELATION_MISSING: 统一社会信用代码空白，保留原始身份缺口,以同年组织机构代码或脱敏企业名称关联；身份索引只定位候选
SRC-RAW-30E77AB597BA9DCFE076,ALL,HARD_CONSTRAINT_CONFLICT: 燃料一消耗量为负，不能以正分项覆盖冲突,核正原始燃料总量及分项
SRC-RAW-30E77AB597BA9DCFE076,SO2,HARD_CONSTRAINT_CONFLICT: 燃料一消耗量为负,补充或核正该项原始信息；保留其他污染物可核算部分
SRC-RAW-30E77AB597BA9DCFE076,NOx,HARD_CONSTRAINT_CONFLICT: 燃料一消耗量为负,补充或核正该项原始信息；保留其他污染物可核算部分
SRC-RAW-30E77AB597BA9DCFE076,CO,HARD_CONSTRAINT_CONFLICT: 燃料一消耗量为负,补充或核正该项原始信息；保留其他污染物可核算部分
SRC-RAW-30E77AB597BA9DCFE076,VOC,HARD_CONSTRAINT_CONFLICT: 燃料一消耗量为负,补充或核正该项原始信息；保留其他污染物可核算部分
SRC-RAW-30E77AB597BA9DCFE076,PM10,HARD_CONSTRAINT_CONFLICT: 燃料一消耗量为负,补充或核正该项原始信息；保留其他污染物可核算部分
SRC-RAW-30E77AB597BA9DCFE076,PM2.5,HARD_CONSTRAINT_CONFLICT: 燃料一消耗量为负,补充或核正该项原始信息；保留其他污染物可核算部分
SRC-RAW-30E77AB597BA9DCFE076,BC,HARD_CONSTRAINT_CONFLICT: 燃料一消耗量为负,补充或核正该项原始信息；保留其他污染物可核算部分
SRC-RAW-30E77AB597BA9DCFE076,OC,HARD_CONSTRAINT_CONFLICT: 燃料一消耗量为负,补充或核正该项原始信息；保留其他污染物可核算部分
SRC-RAW-832F48DC0296C91CE5BC,ALL,SOURCE_RELATION_MISSING: 统一社会信用代码空白，保留原始身份缺口,以同年组织机构代码或脱敏企业名称关联；身份索引只定位候选
SRC-RAW-832F48DC0296C91CE5BC,SO2,SOURCE_RELATION_MISSING: 企业存在治理设施但本源排放口无对应脱硫记录,补充或核正该项原始信息；保留其他污染物可核算部分
SRC-RAW-832F48DC0296C91CE5BC,NOx,SOURCE_RELATION_MISSING: 企业存在治理设施但本源排放口无对应脱硝记录,补充或核正该项原始信息；保留其他污染物可核算部分
SRC-RAW-832F48DC0296C91CE5BC,PM10,SOURCE_RELATION_MISSING: 企业存在治理设施但本源排放口无对应除尘记录,补充或核正该项原始信息；保留其他污染物可核算部分
SRC-RAW-832F48DC0296C91CE5BC,PM2.5,SOURCE_RELATION_MISSING: 企业存在治理设施但本源排放口无对应除尘记录,补充或核正该项原始信息；保留其他污染物可核算部分
SRC-RAW-832F48DC0296C91CE5BC,BC,SOURCE_RELATION_MISSING: 企业存在治理设施但本源排放口无对应除尘记录,补充或核正该项原始信息；保留其他污染物可核算部分
SRC-RAW-4C2DE7BEF32D7CAEC468,ALL,ACTIVITY_MISSING: 燃料一总消耗量空白,在同单位发电及供热分项完整时相加；否则补充总量
SRC-RAW-4C2DE7BEF32D7CAEC468,SO2,SOURCE_RELATION_MISSING: 企业存在治理设施但本源排放口无对应脱硫记录,补充或核正该项原始信息；保留其他污染物可核算部分
SRC-RAW-4C2DE7BEF32D7CAEC468,NOx,SOURCE_RELATION_MISSING: 企业存在治理设施但本源排放口无对应脱硝记录,补充或核正该项原始信息；保留其他污染物可核算部分
SRC-RAW-4C2DE7BEF32D7CAEC468,PM10,SOURCE_RELATION_MISSING: 企业存在治理设施但本源排放口无对应除尘记录,补充或核正该项原始信息；保留其他污染物可核算部分
SRC-RAW-4C2DE7BEF32D7CAEC468,PM2.5,SOURCE_RELATION_MISSING: 企业存在治理设施但本源排放口无对应除尘记录,补充或核正该项原始信息；保留其他污染物可核算部分
SRC-RAW-4C2DE7BEF32D7CAEC468,BC,SOURCE_RELATION_MISSING: 企业存在治理设施但本源排放口无对应除尘记录,补充或核正该项原始信息；保留其他污染物可核算部分
