source_id,pollutant,root_cause,action_required
SRC-RAW-97675F7EB454C52FE916,NOx,POLLUTANT_PARAMETER_MISSING,对应治理设施缺年度有效运行小时数，不能将平均效率直接当全年实际效率；补齐设施投运率；颗粒物需区分PM2.5和粗粒径效率
SRC-RAW-97675F7EB454C52FE916,PM10,POLLUTANT_PARAMETER_MISSING,对应治理设施缺年度有效运行小时数，不能将平均效率直接当全年实际效率；补齐设施投运率；颗粒物需区分PM2.5和粗粒径效率
SRC-RAW-97675F7EB454C52FE916,PM2.5,POLLUTANT_PARAMETER_MISSING,对应治理设施缺年度有效运行小时数，不能将平均效率直接当全年实际效率；补齐设施投运率；颗粒物需区分PM2.5和粗粒径效率
SRC-RAW-97675F7EB454C52FE916,NH3,POLLUTANT_PARAMETER_MISSING,补齐脱硝SCR/SNCR工艺，表E.1按煤计的氨因子不能据设施名称选定
SRC-RAW-97675F7EB454C52FE916,NH3,factor_not_applicable,表E.1氨因子分母为煤，当前燃料天然气不具备可直接使用的氨因子；提供适用因子或实测氨排放
SRC-RAW-0EF8DA82CE4CEF4F06DD,SO2,POLLUTANT_PARAMETER_MISSING,对应治理设施缺年度有效运行小时数，不能将平均效率直接当全年实际效率；补齐设施投运率；颗粒物需区分PM2.5和粗粒径效率
SRC-RAW-0EF8DA82CE4CEF4F06DD,NOx,POLLUTANT_PARAMETER_MISSING,对应治理设施缺年度有效运行小时数，不能将平均效率直接当全年实际效率；补齐设施投运率；颗粒物需区分PM2.5和粗粒径效率
SRC-RAW-0EF8DA82CE4CEF4F06DD,PM10,POLLUTANT_PARAMETER_MISSING,对应治理设施缺年度有效运行小时数，不能将平均效率直接当全年实际效率；补齐设施投运率；颗粒物需区分PM2.5和粗粒径效率
SRC-RAW-0EF8DA82CE4CEF4F06DD,PM2.5,POLLUTANT_PARAMETER_MISSING,对应治理设施缺年度有效运行小时数，不能将平均效率直接当全年实际效率；补齐设施投运率；颗粒物需区分PM2.5和粗粒径效率
SRC-RAW-0EF8DA82CE4CEF4F06DD,BC,POLLUTANT_PARAMETER_MISSING,对应治理设施缺年度有效运行小时数，不能将平均效率直接当全年实际效率；补齐设施投运率；颗粒物需区分PM2.5和粗粒径效率
SRC-RAW-0EF8DA82CE4CEF4F06DD,OC,POLLUTANT_PARAMETER_MISSING,对应治理设施缺年度有效运行小时数，不能将平均效率直接当全年实际效率；补齐设施投运率；颗粒物需区分PM2.5和粗粒径效率
SRC-RAW-0EF8DA82CE4CEF4F06DD,NH3,factor_not_applicable,表E.1氨因子分母为煤，当前燃料柴油不具备可直接使用的氨因子；提供适用因子或实测氨排放
SRC-RAW-BF8FABB62BF404DE7259,PM10,POLLUTANT_PARAMETER_MISSING,对应治理设施缺年度有效运行小时数，不能将平均效率直接当全年实际效率；补齐设施投运率；颗粒物需区分PM2.5和粗粒径效率
SRC-RAW-BF8FABB62BF404DE7259,PM2.5,POLLUTANT_PARAMETER_MISSING,对应治理设施缺年度有效运行小时数，不能将平均效率直接当全年实际效率；补齐设施投运率；颗粒物需区分PM2.5和粗粒径效率
SRC-RAW-BF8FABB62BF404DE7259,BC,POLLUTANT_PARAMETER_MISSING,对应治理设施缺年度有效运行小时数，不能将平均效率直接当全年实际效率；补齐设施投运率；颗粒物需区分PM2.5和粗粒径效率
SRC-RAW-BF8FABB62BF404DE7259,OC,POLLUTANT_PARAMETER_MISSING,对应治理设施缺年度有效运行小时数，不能将平均效率直接当全年实际效率；补齐设施投运率；颗粒物需区分PM2.5和粗粒径效率
SRC-RAW-308A0403BAB78A56EA33,PM10,POLLUTANT_PARAMETER_MISSING,对应治理设施缺年度有效运行小时数，不能将平均效率直接当全年实际效率；补齐设施投运率；颗粒物需区分PM2.5和粗粒径效率
SRC-RAW-308A0403BAB78A56EA33,PM2.5,POLLUTANT_PARAMETER_MISSING,对应治理设施缺年度有效运行小时数，不能将平均效率直接当全年实际效率；补齐设施投运率；颗粒物需区分PM2.5和粗粒径效率
SRC-RAW-892FFB8F931A692ED8E8,PM10,SOURCE_RELATION_MISSING,GYGL仅为工业锅炉类别且企业有多台锅炉；补齐本锅炉与治理设施对应关系
SRC-RAW-892FFB8F931A692ED8E8,PM2.5,SOURCE_RELATION_MISSING,GYGL仅为工业锅炉类别且企业有多台锅炉；补齐本锅炉与治理设施对应关系
SRC-RAW-E7ED3970081AD667EBE2,PM10,SOURCE_RELATION_MISSING,GYGL仅为工业锅炉类别且企业有多台锅炉；补齐本锅炉与治理设施对应关系
SRC-RAW-E7ED3970081AD667EBE2,PM2.5,SOURCE_RELATION_MISSING,GYGL仅为工业锅炉类别且企业有多台锅炉；补齐本锅炉与治理设施对应关系
SRC-RAW-81733743F341489CC94D,PM10,SOURCE_RELATION_MISSING,GYGL仅为工业锅炉类别且企业有多台锅炉；补齐本锅炉与治理设施对应关系
SRC-RAW-81733743F341489CC94D,PM2.5,SOURCE_RELATION_MISSING,GYGL仅为工业锅炉类别且企业有多台锅炉；补齐本锅炉与治理设施对应关系
SRC-RAW-81733743F341489CC94D,BC,SOURCE_RELATION_MISSING,GYGL仅为工业锅炉类别且企业有多台锅炉；补齐本锅炉与治理设施对应关系
SRC-RAW-81733743F341489CC94D,OC,SOURCE_RELATION_MISSING,GYGL仅为工业锅炉类别且企业有多台锅炉；补齐本锅炉与治理设施对应关系
SRC-RAW-6ED484F333A78A6E17D7,PM10,SOURCE_RELATION_MISSING,GYGL仅为工业锅炉类别且企业有多台锅炉；补齐本锅炉与治理设施对应关系
SRC-RAW-6ED484F333A78A6E17D7,PM2.5,SOURCE_RELATION_MISSING,GYGL仅为工业锅炉类别且企业有多台锅炉；补齐本锅炉与治理设施对应关系
SRC-RAW-6ED484F333A78A6E17D7,BC,SOURCE_RELATION_MISSING,GYGL仅为工业锅炉类别且企业有多台锅炉；补齐本锅炉与治理设施对应关系
SRC-RAW-6ED484F333A78A6E17D7,OC,SOURCE_RELATION_MISSING,GYGL仅为工业锅炉类别且企业有多台锅炉；补齐本锅炉与治理设施对应关系
SRC-RAW-55212FA9353DA419A877,NOx,SOURCE_RELATION_MISSING,GYGL仅为工业锅炉类别且企业有多台锅炉；补齐本锅炉与治理设施对应关系
SRC-RAW-55212FA9353DA419A877,PM10,SOURCE_RELATION_MISSING,GYGL仅为工业锅炉类别且企业有多台锅炉；补齐本锅炉与治理设施对应关系
SRC-RAW-55212FA9353DA419A877,PM2.5,SOURCE_RELATION_MISSING,GYGL仅为工业锅炉类别且企业有多台锅炉；补齐本锅炉与治理设施对应关系
SRC-RAW-55212FA9353DA419A877,NH3,SOURCE_RELATION_MISSING,工业锅炉类别脱硝设施对应多台锅炉；补齐设备—脱硝设施关系
SRC-RAW-55212FA9353DA419A877,NH3,POLLUTANT_PARAMETER_MISSING,补齐脱硝SCR/SNCR工艺，表E.1按煤计的氨因子不能据设施名称选定
SRC-RAW-55212FA9353DA419A877,NH3,factor_not_applicable,表E.1氨因子分母为煤，当前燃料天然气不具备可直接使用的氨因子；提供适用因子或实测氨排放
SRC-RAW-C4E7E8F8DBFE20599C8A,NOx,SOURCE_RELATION_MISSING,GYGL仅为工业锅炉类别且企业有多台锅炉；补齐本锅炉与治理设施对应关系
SRC-RAW-C4E7E8F8DBFE20599C8A,PM10,SOURCE_RELATION_MISSING,GYGL仅为工业锅炉类别且企业有多台锅炉；补齐本锅炉与治理设施对应关系
SRC-RAW-C4E7E8F8DBFE20599C8A,PM2.5,SOURCE_RELATION_MISSING,GYGL仅为工业锅炉类别且企业有多台锅炉；补齐本锅炉与治理设施对应关系
SRC-RAW-C4E7E8F8DBFE20599C8A,NH3,SOURCE_RELATION_MISSING,工业锅炉类别脱硝设施对应多台锅炉；补齐设备—脱硝设施关系
SRC-RAW-C4E7E8F8DBFE20599C8A,NH3,POLLUTANT_PARAMETER_MISSING,补齐脱硝SCR/SNCR工艺，表E.1按煤计的氨因子不能据设施名称选定
SRC-RAW-C4E7E8F8DBFE20599C8A,NH3,factor_not_applicable,表E.1氨因子分母为煤，当前燃料天然气不具备可直接使用的氨因子；提供适用因子或实测氨排放
SRC-RAW-91A2B98FFF56709CD6F5,PM10,SOURCE_RELATION_MISSING,GYGL仅为工业锅炉类别且企业有多台锅炉；补齐本锅炉与治理设施对应关系
SRC-RAW-91A2B98FFF56709CD6F5,PM2.5,SOURCE_RELATION_MISSING,GYGL仅为工业锅炉类别且企业有多台锅炉；补齐本锅炉与治理设施对应关系
SRC-RAW-41C89BE0BD0526286522,PM10,POLLUTANT_PARAMETER_MISSING,治理工艺及去除效率缺失；补齐后按A.1选取
SRC-RAW-41C89BE0BD0526286522,PM10,POLLUTANT_PARAMETER_MISSING,对应治理设施缺年度有效运行小时数，不能将平均效率直接当全年实际效率；补齐设施投运率；颗粒物需区分PM2.5和粗粒径效率
SRC-RAW-41C89BE0BD0526286522,PM2.5,POLLUTANT_PARAMETER_MISSING,治理工艺及去除效率缺失；补齐后按A.1选取
SRC-RAW-41C89BE0BD0526286522,PM2.5,POLLUTANT_PARAMETER_MISSING,对应治理设施缺年度有效运行小时数，不能将平均效率直接当全年实际效率；补齐设施投运率；颗粒物需区分PM2.5和粗粒径效率
SRC-RAW-0557949286FFBD4AADD6,NOx,POLLUTANT_PARAMETER_MISSING,对应治理设施缺年度有效运行小时数，不能将平均效率直接当全年实际效率；补齐设施投运率；颗粒物需区分PM2.5和粗粒径效率
SRC-RAW-0557949286FFBD4AADD6,PM10,POLLUTANT_PARAMETER_MISSING,对应治理设施缺年度有效运行小时数，不能将平均效率直接当全年实际效率；补齐设施投运率；颗粒物需区分PM2.5和粗粒径效率
SRC-RAW-0557949286FFBD4AADD6,PM2.5,POLLUTANT_PARAMETER_MISSING,对应治理设施缺年度有效运行小时数，不能将平均效率直接当全年实际效率；补齐设施投运率；颗粒物需区分PM2.5和粗粒径效率
SRC-RAW-0557949286FFBD4AADD6,NH3,POLLUTANT_PARAMETER_MISSING,补齐脱硝SCR/SNCR工艺，表E.1按煤计的氨因子不能据设施名称选定
SRC-RAW-0557949286FFBD4AADD6,NH3,factor_not_applicable,表E.1氨因子分母为煤，当前燃料天然气不具备可直接使用的氨因子；提供适用因子或实测氨排放
SRC-RAW-A923798622F492596D56,NOx,SOURCE_RELATION_MISSING,GYGL仅为工业锅炉类别且企业有多台锅炉；补齐本锅炉与治理设施对应关系
SRC-RAW-A923798622F492596D56,PM10,SOURCE_RELATION_MISSING,GYGL仅为工业锅炉类别且企业有多台锅炉；补齐本锅炉与治理设施对应关系
SRC-RAW-A923798622F492596D56,PM2.5,SOURCE_RELATION_MISSING,GYGL仅为工业锅炉类别且企业有多台锅炉；补齐本锅炉与治理设施对应关系
SRC-RAW-A923798622F492596D56,BC,SOURCE_RELATION_MISSING,GYGL仅为工业锅炉类别且企业有多台锅炉；补齐本锅炉与治理设施对应关系
SRC-RAW-A923798622F492596D56,OC,SOURCE_RELATION_MISSING,GYGL仅为工业锅炉类别且企业有多台锅炉；补齐本锅炉与治理设施对应关系
SRC-RAW-A923798622F492596D56,NH3,SOURCE_RELATION_MISSING,工业锅炉类别脱硝设施对应多台锅炉；补齐设备—脱硝设施关系
SRC-RAW-A923798622F492596D56,NH3,POLLUTANT_PARAMETER_MISSING,补齐脱硝SCR/SNCR工艺，表E.1按煤计的氨因子不能据设施名称选定
SRC-RAW-A923798622F492596D56,NH3,factor_not_applicable,表E.1氨因子分母为煤，当前燃料柴油不具备可直接使用的氨因子；提供适用因子或实测氨排放
SRC-RAW-E4EF4F7190431A1909EF,SO2,activity_unit_unresolved,燃料一单位吨标准煤与因子分母t不一致；补原燃料实物量或有依据的换算关系
SRC-RAW-E4EF4F7190431A1909EF,NOx,activity_unit_unresolved,燃料一单位吨标准煤与因子分母t不一致；补原燃料实物量或有依据的换算关系
SRC-RAW-E4EF4F7190431A1909EF,CO,activity_unit_unresolved,燃料一单位吨标准煤与因子分母t不一致；补原燃料实物量或有依据的换算关系
SRC-RAW-E4EF4F7190431A1909EF,VOC,activity_unit_unresolved,燃料一单位吨标准煤与因子分母t不一致；补原燃料实物量或有依据的换算关系
SRC-RAW-E4EF4F7190431A1909EF,PM10,activity_unit_unresolved,燃料一单位吨标准煤与因子分母t不一致；补原燃料实物量或有依据的换算关系
SRC-RAW-E4EF4F7190431A1909EF,PM10,SOURCE_RELATION_MISSING,GYGL仅为工业锅炉类别且企业有多台锅炉；补齐本锅炉与治理设施对应关系
SRC-RAW-E4EF4F7190431A1909EF,PM2.5,activity_unit_unresolved,燃料一单位吨标准煤与因子分母t不一致；补原燃料实物量或有依据的换算关系
SRC-RAW-E4EF4F7190431A1909EF,PM2.5,SOURCE_RELATION_MISSING,GYGL仅为工业锅炉类别且企业有多台锅炉；补齐本锅炉与治理设施对应关系
SRC-RAW-E4EF4F7190431A1909EF,BC,activity_unit_unresolved,燃料一单位吨标准煤与因子分母t不一致；补原燃料实物量或有依据的换算关系
SRC-RAW-E4EF4F7190431A1909EF,BC,SOURCE_RELATION_MISSING,GYGL仅为工业锅炉类别且企业有多台锅炉；补齐本锅炉与治理设施对应关系
SRC-RAW-E4EF4F7190431A1909EF,OC,activity_unit_unresolved,燃料一单位吨标准煤与因子分母t不一致；补原燃料实物量或有依据的换算关系
SRC-RAW-E4EF4F7190431A1909EF,OC,SOURCE_RELATION_MISSING,GYGL仅为工业锅炉类别且企业有多台锅炉；补齐本锅炉与治理设施对应关系
SRC-RAW-4999DD976082EB064BB5,SO2,activity_unit_unresolved,燃料一单位吨标准煤与因子分母t不一致；补原燃料实物量或有依据的换算关系
SRC-RAW-4999DD976082EB064BB5,NOx,activity_unit_unresolved,燃料一单位吨标准煤与因子分母t不一致；补原燃料实物量或有依据的换算关系
SRC-RAW-4999DD976082EB064BB5,CO,activity_unit_unresolved,燃料一单位吨标准煤与因子分母t不一致；补原燃料实物量或有依据的换算关系
SRC-RAW-4999DD976082EB064BB5,VOC,activity_unit_unresolved,燃料一单位吨标准煤与因子分母t不一致；补原燃料实物量或有依据的换算关系
SRC-RAW-4999DD976082EB064BB5,PM10,activity_unit_unresolved,燃料一单位吨标准煤与因子分母t不一致；补原燃料实物量或有依据的换算关系
SRC-RAW-4999DD976082EB064BB5,PM10,SOURCE_RELATION_MISSING,GYGL仅为工业锅炉类别且企业有多台锅炉；补齐本锅炉与治理设施对应关系
SRC-RAW-4999DD976082EB064BB5,PM2.5,activity_unit_unresolved,燃料一单位吨标准煤与因子分母t不一致；补原燃料实物量或有依据的换算关系
SRC-RAW-4999DD976082EB064BB5,PM2.5,SOURCE_RELATION_MISSING,GYGL仅为工业锅炉类别且企业有多台锅炉；补齐本锅炉与治理设施对应关系
SRC-RAW-4999DD976082EB064BB5,BC,activity_unit_unresolved,燃料一单位吨标准煤与因子分母t不一致；补原燃料实物量或有依据的换算关系
SRC-RAW-4999DD976082EB064BB5,BC,SOURCE_RELATION_MISSING,GYGL仅为工业锅炉类别且企业有多台锅炉；补齐本锅炉与治理设施对应关系
SRC-RAW-4999DD976082EB064BB5,OC,activity_unit_unresolved,燃料一单位吨标准煤与因子分母t不一致；补原燃料实物量或有依据的换算关系
SRC-RAW-4999DD976082EB064BB5,OC,SOURCE_RELATION_MISSING,GYGL仅为工业锅炉类别且企业有多台锅炉；补齐本锅炉与治理设施对应关系
SRC-RAW-C41D91B98EF8B2B548EA,PM10,POLLUTANT_PARAMETER_MISSING,对应治理设施缺年度有效运行小时数，不能将平均效率直接当全年实际效率；补齐设施投运率；颗粒物需区分PM2.5和粗粒径效率
SRC-RAW-C41D91B98EF8B2B548EA,PM2.5,POLLUTANT_PARAMETER_MISSING,对应治理设施缺年度有效运行小时数，不能将平均效率直接当全年实际效率；补齐设施投运率；颗粒物需区分PM2.5和粗粒径效率
SRC-RAW-E1E4202FDDF4A3F8EBF9,NOx,POLLUTANT_PARAMETER_MISSING,对应治理设施缺年度有效运行小时数，不能将平均效率直接当全年实际效率；补齐设施投运率；颗粒物需区分PM2.5和粗粒径效率
SRC-RAW-E1E4202FDDF4A3F8EBF9,PM10,POLLUTANT_PARAMETER_MISSING,对应治理设施缺年度有效运行小时数，不能将平均效率直接当全年实际效率；补齐设施投运率；颗粒物需区分PM2.5和粗粒径效率
SRC-RAW-E1E4202FDDF4A3F8EBF9,PM2.5,POLLUTANT_PARAMETER_MISSING,对应治理设施缺年度有效运行小时数，不能将平均效率直接当全年实际效率；补齐设施投运率；颗粒物需区分PM2.5和粗粒径效率
SRC-RAW-E1E4202FDDF4A3F8EBF9,NH3,POLLUTANT_PARAMETER_MISSING,补齐脱硝SCR/SNCR工艺，表E.1按煤计的氨因子不能据设施名称选定
SRC-RAW-E1E4202FDDF4A3F8EBF9,NH3,factor_not_applicable,表E.1氨因子分母为煤，当前燃料天然气不具备可直接使用的氨因子；提供适用因子或实测氨排放
SRC-RAW-87D9CC69CF5E7347EA96,PM10,SOURCE_RELATION_MISSING,GYGL仅为工业锅炉类别且企业有多台锅炉；补齐本锅炉与治理设施对应关系
SRC-RAW-87D9CC69CF5E7347EA96,PM2.5,SOURCE_RELATION_MISSING,GYGL仅为工业锅炉类别且企业有多台锅炉；补齐本锅炉与治理设施对应关系
SRC-RAW-B63F3D36D47460AB74AE,SO2,factor_not_applicable,表E.7及相关附录无当前燃料工业废料(用于燃料)的可直接适用工业锅炉因子；提供适用因子，不能借用电力或生活部门
SRC-RAW-B63F3D36D47460AB74AE,NOx,factor_not_applicable,表E.7及相关附录无当前燃料工业废料(用于燃料)的可直接适用工业锅炉因子；提供适用因子，不能借用电力或生活部门
SRC-RAW-B63F3D36D47460AB74AE,NOx,SOURCE_RELATION_MISSING,GYGL仅为工业锅炉类别且企业有多台锅炉；补齐本锅炉与治理设施对应关系
SRC-RAW-B63F3D36D47460AB74AE,CO,factor_not_applicable,表E.7及相关附录无当前燃料工业废料(用于燃料)的可直接适用工业锅炉因子；提供适用因子，不能借用电力或生活部门
SRC-RAW-B63F3D36D47460AB74AE,VOC,factor_not_applicable,表E.7及相关附录无当前燃料工业废料(用于燃料)的可直接适用工业锅炉因子；提供适用因子，不能借用电力或生活部门
SRC-RAW-B63F3D36D47460AB74AE,PM10,factor_not_applicable,表E.7及相关附录无当前燃料工业废料(用于燃料)的可直接适用工业锅炉因子；提供适用因子，不能借用电力或生活部门
SRC-RAW-B63F3D36D47460AB74AE,PM10,SOURCE_RELATION_MISSING,GYGL仅为工业锅炉类别且企业有多台锅炉；补齐本锅炉与治理设施对应关系
SRC-RAW-B63F3D36D47460AB74AE,PM2.5,factor_not_applicable,表E.7及相关附录无当前燃料工业废料(用于燃料)的可直接适用工业锅炉因子；提供适用因子，不能借用电力或生活部门
SRC-RAW-B63F3D36D47460AB74AE,PM2.5,SOURCE_RELATION_MISSING,GYGL仅为工业锅炉类别且企业有多台锅炉；补齐本锅炉与治理设施对应关系
SRC-RAW-B63F3D36D47460AB74AE,BC,factor_not_applicable,表E.7及相关附录无当前燃料工业废料(用于燃料)的可直接适用工业锅炉因子；提供适用因子，不能借用电力或生活部门
SRC-RAW-B63F3D36D47460AB74AE,BC,SOURCE_RELATION_MISSING,GYGL仅为工业锅炉类别且企业有多台锅炉；补齐本锅炉与治理设施对应关系
SRC-RAW-B63F3D36D47460AB74AE,OC,factor_not_applicable,表E.7及相关附录无当前燃料工业废料(用于燃料)的可直接适用工业锅炉因子；提供适用因子，不能借用电力或生活部门
SRC-RAW-B63F3D36D47460AB74AE,OC,SOURCE_RELATION_MISSING,GYGL仅为工业锅炉类别且企业有多台锅炉；补齐本锅炉与治理设施对应关系
SRC-RAW-B63F3D36D47460AB74AE,NH3,SOURCE_RELATION_MISSING,工业锅炉类别脱硝设施对应多台锅炉；补齐设备—脱硝设施关系
SRC-RAW-B63F3D36D47460AB74AE,NH3,POLLUTANT_PARAMETER_MISSING,补齐脱硝SCR/SNCR工艺，表E.1按煤计的氨因子不能据设施名称选定
SRC-RAW-B63F3D36D47460AB74AE,NH3,factor_not_applicable,表E.1氨因子分母为煤，当前燃料天然气不具备可直接使用的氨因子；提供适用因子或实测氨排放
SRC-RAW-B63F3D36D47460AB74AE,NH3,factor_not_applicable,表E.1氨因子分母为煤，当前燃料工业废料(用于燃料)不具备可直接使用的氨因子；提供适用因子或实测氨排放
SRC-RAW-A8A98218FD3680A7BCFB,NOx,SOURCE_RELATION_MISSING,GYGL仅为工业锅炉类别且企业有多台锅炉；补齐本锅炉与治理设施对应关系
SRC-RAW-A8A98218FD3680A7BCFB,PM10,SOURCE_RELATION_MISSING,GYGL仅为工业锅炉类别且企业有多台锅炉；补齐本锅炉与治理设施对应关系
SRC-RAW-A8A98218FD3680A7BCFB,PM2.5,SOURCE_RELATION_MISSING,GYGL仅为工业锅炉类别且企业有多台锅炉；补齐本锅炉与治理设施对应关系
SRC-RAW-A8A98218FD3680A7BCFB,NH3,SOURCE_RELATION_MISSING,工业锅炉类别脱硝设施对应多台锅炉；补齐设备—脱硝设施关系
SRC-RAW-A8A98218FD3680A7BCFB,NH3,POLLUTANT_PARAMETER_MISSING,补齐脱硝SCR/SNCR工艺，表E.1按煤计的氨因子不能据设施名称选定
SRC-RAW-A8A98218FD3680A7BCFB,NH3,factor_not_applicable,表E.1氨因子分母为煤，当前燃料天然气不具备可直接使用的氨因子；提供适用因子或实测氨排放
SRC-RAW-DA497BB83F921094820B,NOx,SOURCE_RELATION_MISSING,GYGL仅为工业锅炉类别且企业有多台锅炉；补齐本锅炉与治理设施对应关系
SRC-RAW-DA497BB83F921094820B,PM10,SOURCE_RELATION_MISSING,GYGL仅为工业锅炉类别且企业有多台锅炉；补齐本锅炉与治理设施对应关系
SRC-RAW-DA497BB83F921094820B,PM2.5,SOURCE_RELATION_MISSING,GYGL仅为工业锅炉类别且企业有多台锅炉；补齐本锅炉与治理设施对应关系
SRC-RAW-DA497BB83F921094820B,NH3,SOURCE_RELATION_MISSING,工业锅炉类别脱硝设施对应多台锅炉；补齐设备—脱硝设施关系
SRC-RAW-DA497BB83F921094820B,NH3,POLLUTANT_PARAMETER_MISSING,补齐脱硝SCR/SNCR工艺，表E.1按煤计的氨因子不能据设施名称选定
SRC-RAW-DA497BB83F921094820B,NH3,factor_not_applicable,表E.1氨因子分母为煤，当前燃料天然气不具备可直接使用的氨因子；提供适用因子或实测氨排放
SRC-RAW-DB4F1902B71327C15806,PM10,POLLUTANT_PARAMETER_MISSING,对应治理设施缺年度有效运行小时数，不能将平均效率直接当全年实际效率；补齐设施投运率；颗粒物需区分PM2.5和粗粒径效率
SRC-RAW-DB4F1902B71327C15806,PM2.5,POLLUTANT_PARAMETER_MISSING,对应治理设施缺年度有效运行小时数，不能将平均效率直接当全年实际效率；补齐设施投运率；颗粒物需区分PM2.5和粗粒径效率
SRC-RAW-498A117B8960F8EB65D3,SO2,activity_unit_unresolved,燃料一单位吨标准煤与因子分母t不一致；补原燃料实物量或有依据的换算关系
SRC-RAW-498A117B8960F8EB65D3,SO2,POLLUTANT_PARAMETER_MISSING,对应治理设施缺年度有效运行小时数，不能将平均效率直接当全年实际效率；补齐设施投运率；颗粒物需区分PM2.5和粗粒径效率
SRC-RAW-498A117B8960F8EB65D3,NOx,activity_unit_unresolved,燃料一单位吨标准煤与因子分母t不一致；补原燃料实物量或有依据的换算关系
SRC-RAW-498A117B8960F8EB65D3,NOx,POLLUTANT_PARAMETER_MISSING,对应治理设施缺年度有效运行小时数，不能将平均效率直接当全年实际效率；补齐设施投运率；颗粒物需区分PM2.5和粗粒径效率
SRC-RAW-498A117B8960F8EB65D3,CO,activity_unit_unresolved,燃料一单位吨标准煤与因子分母t不一致；补原燃料实物量或有依据的换算关系
SRC-RAW-498A117B8960F8EB65D3,VOC,activity_unit_unresolved,燃料一单位吨标准煤与因子分母t不一致；补原燃料实物量或有依据的换算关系
SRC-RAW-498A117B8960F8EB65D3,PM10,activity_unit_unresolved,燃料一单位吨标准煤与因子分母t不一致；补原燃料实物量或有依据的换算关系
SRC-RAW-498A117B8960F8EB65D3,PM10,POLLUTANT_PARAMETER_MISSING,对应治理设施缺年度有效运行小时数，不能将平均效率直接当全年实际效率；补齐设施投运率；颗粒物需区分PM2.5和粗粒径效率
SRC-RAW-498A117B8960F8EB65D3,PM2.5,activity_unit_unresolved,燃料一单位吨标准煤与因子分母t不一致；补原燃料实物量或有依据的换算关系
SRC-RAW-498A117B8960F8EB65D3,PM2.5,POLLUTANT_PARAMETER_MISSING,对应治理设施缺年度有效运行小时数，不能将平均效率直接当全年实际效率；补齐设施投运率；颗粒物需区分PM2.5和粗粒径效率
SRC-RAW-498A117B8960F8EB65D3,BC,activity_unit_unresolved,燃料一单位吨标准煤与因子分母t不一致；补原燃料实物量或有依据的换算关系
SRC-RAW-498A117B8960F8EB65D3,BC,POLLUTANT_PARAMETER_MISSING,对应治理设施缺年度有效运行小时数，不能将平均效率直接当全年实际效率；补齐设施投运率；颗粒物需区分PM2.5和粗粒径效率
SRC-RAW-498A117B8960F8EB65D3,OC,activity_unit_unresolved,燃料一单位吨标准煤与因子分母t不一致；补原燃料实物量或有依据的换算关系
SRC-RAW-498A117B8960F8EB65D3,OC,POLLUTANT_PARAMETER_MISSING,对应治理设施缺年度有效运行小时数，不能将平均效率直接当全年实际效率；补齐设施投运率；颗粒物需区分PM2.5和粗粒径效率
SRC-RAW-498A117B8960F8EB65D3,NH3,factor_not_applicable,表E.1氨因子分母为煤，当前燃料其他燃料不具备可直接使用的氨因子；提供适用因子或实测氨排放
SRC-RAW-18E1B3B43BCE322909B9,PM10,POLLUTANT_PARAMETER_MISSING,对应治理设施缺年度有效运行小时数，不能将平均效率直接当全年实际效率；补齐设施投运率；颗粒物需区分PM2.5和粗粒径效率
SRC-RAW-18E1B3B43BCE322909B9,PM2.5,POLLUTANT_PARAMETER_MISSING,对应治理设施缺年度有效运行小时数，不能将平均效率直接当全年实际效率；补齐设施投运率；颗粒物需区分PM2.5和粗粒径效率
SRC-RAW-CF4CE62BF0FDA7FBCE35,PM10,POLLUTANT_PARAMETER_MISSING,对应治理设施缺年度有效运行小时数，不能将平均效率直接当全年实际效率；补齐设施投运率；颗粒物需区分PM2.5和粗粒径效率
SRC-RAW-CF4CE62BF0FDA7FBCE35,PM2.5,POLLUTANT_PARAMETER_MISSING,对应治理设施缺年度有效运行小时数，不能将平均效率直接当全年实际效率；补齐设施投运率；颗粒物需区分PM2.5和粗粒径效率
SRC-RAW-CF4CE62BF0FDA7FBCE35,BC,POLLUTANT_PARAMETER_MISSING,对应治理设施缺年度有效运行小时数，不能将平均效率直接当全年实际效率；补齐设施投运率；颗粒物需区分PM2.5和粗粒径效率
SRC-RAW-CF4CE62BF0FDA7FBCE35,OC,POLLUTANT_PARAMETER_MISSING,对应治理设施缺年度有效运行小时数，不能将平均效率直接当全年实际效率；补齐设施投运率；颗粒物需区分PM2.5和粗粒径效率
SRC-RAW-95F6D5B0A630F773DA4A,PM10,POLLUTANT_PARAMETER_MISSING,对应治理设施缺年度有效运行小时数，不能将平均效率直接当全年实际效率；补齐设施投运率；颗粒物需区分PM2.5和粗粒径效率
SRC-RAW-95F6D5B0A630F773DA4A,PM2.5,POLLUTANT_PARAMETER_MISSING,对应治理设施缺年度有效运行小时数，不能将平均效率直接当全年实际效率；补齐设施投运率；颗粒物需区分PM2.5和粗粒径效率
SRC-RAW-95F6D5B0A630F773DA4A,BC,POLLUTANT_PARAMETER_MISSING,对应治理设施缺年度有效运行小时数，不能将平均效率直接当全年实际效率；补齐设施投运率；颗粒物需区分PM2.5和粗粒径效率
SRC-RAW-95F6D5B0A630F773DA4A,OC,POLLUTANT_PARAMETER_MISSING,对应治理设施缺年度有效运行小时数，不能将平均效率直接当全年实际效率；补齐设施投运率；颗粒物需区分PM2.5和粗粒径效率
SRC-RAW-88BDA408E30EF6B4E215,NOx,SOURCE_RELATION_MISSING,GYGL仅为工业锅炉类别且企业有多台锅炉；补齐本锅炉与治理设施对应关系
SRC-RAW-88BDA408E30EF6B4E215,PM10,SOURCE_RELATION_MISSING,GYGL仅为工业锅炉类别且企业有多台锅炉；补齐本锅炉与治理设施对应关系
SRC-RAW-88BDA408E30EF6B4E215,PM2.5,SOURCE_RELATION_MISSING,GYGL仅为工业锅炉类别且企业有多台锅炉；补齐本锅炉与治理设施对应关系
SRC-RAW-88BDA408E30EF6B4E215,NH3,SOURCE_RELATION_MISSING,工业锅炉类别脱硝设施对应多台锅炉；补齐设备—脱硝设施关系
SRC-RAW-88BDA408E30EF6B4E215,NH3,POLLUTANT_PARAMETER_MISSING,补齐脱硝SCR/SNCR工艺，表E.1按煤计的氨因子不能据设施名称选定
SRC-RAW-88BDA408E30EF6B4E215,NH3,factor_not_applicable,表E.1氨因子分母为煤，当前燃料天然气不具备可直接使用的氨因子；提供适用因子或实测氨排放
SRC-RAW-D0465D4ACB201A6A321B,NOx,SOURCE_RELATION_MISSING,GYGL仅为工业锅炉类别且企业有多台锅炉；补齐本锅炉与治理设施对应关系
SRC-RAW-D0465D4ACB201A6A321B,PM10,SOURCE_RELATION_MISSING,GYGL仅为工业锅炉类别且企业有多台锅炉；补齐本锅炉与治理设施对应关系
SRC-RAW-D0465D4ACB201A6A321B,PM2.5,SOURCE_RELATION_MISSING,GYGL仅为工业锅炉类别且企业有多台锅炉；补齐本锅炉与治理设施对应关系
SRC-RAW-D0465D4ACB201A6A321B,NH3,SOURCE_RELATION_MISSING,工业锅炉类别脱硝设施对应多台锅炉；补齐设备—脱硝设施关系
SRC-RAW-D0465D4ACB201A6A321B,NH3,POLLUTANT_PARAMETER_MISSING,补齐脱硝SCR/SNCR工艺，表E.1按煤计的氨因子不能据设施名称选定
SRC-RAW-D0465D4ACB201A6A321B,NH3,factor_not_applicable,表E.1氨因子分母为煤，当前燃料天然气不具备可直接使用的氨因子；提供适用因子或实测氨排放
SRC-RAW-49D2AA9711B49056C72D,SO2,ACTIVITY_MISSING,燃料一类型和消耗量缺失；补齐本锅炉年度燃料活动水平
SRC-RAW-49D2AA9711B49056C72D,NOx,ACTIVITY_MISSING,燃料一类型和消耗量缺失；补齐本锅炉年度燃料活动水平
SRC-RAW-49D2AA9711B49056C72D,NOx,POLLUTANT_PARAMETER_MISSING,是否采用低氮燃烧技术缺失；确认后选取NOx控制参数
SRC-RAW-49D2AA9711B49056C72D,CO,ACTIVITY_MISSING,燃料一类型和消耗量缺失；补齐本锅炉年度燃料活动水平
SRC-RAW-49D2AA9711B49056C72D,VOC,ACTIVITY_MISSING,燃料一类型和消耗量缺失；补齐本锅炉年度燃料活动水平
SRC-RAW-49D2AA9711B49056C72D,PM10,ACTIVITY_MISSING,燃料一类型和消耗量缺失；补齐本锅炉年度燃料活动水平
SRC-RAW-49D2AA9711B49056C72D,PM2.5,ACTIVITY_MISSING,燃料一类型和消耗量缺失；补齐本锅炉年度燃料活动水平
SRC-RAW-49D2AA9711B49056C72D,BC,ACTIVITY_MISSING,燃料一类型和消耗量缺失；补齐本锅炉年度燃料活动水平
SRC-RAW-49D2AA9711B49056C72D,OC,ACTIVITY_MISSING,燃料一类型和消耗量缺失；补齐本锅炉年度燃料活动水平
SRC-RAW-BA10A6AF747FE6E0D0A0,NOx,SOURCE_RELATION_MISSING,GYGL仅为工业锅炉类别且企业有多台锅炉；补齐本锅炉与治理设施对应关系
SRC-RAW-BA10A6AF747FE6E0D0A0,PM10,SOURCE_RELATION_MISSING,GYGL仅为工业锅炉类别且企业有多台锅炉；补齐本锅炉与治理设施对应关系
SRC-RAW-BA10A6AF747FE6E0D0A0,PM2.5,SOURCE_RELATION_MISSING,GYGL仅为工业锅炉类别且企业有多台锅炉；补齐本锅炉与治理设施对应关系
SRC-RAW-BA10A6AF747FE6E0D0A0,NH3,SOURCE_RELATION_MISSING,工业锅炉类别脱硝设施对应多台锅炉；补齐设备—脱硝设施关系
SRC-RAW-BA10A6AF747FE6E0D0A0,NH3,POLLUTANT_PARAMETER_MISSING,补齐脱硝SCR/SNCR工艺，表E.1按煤计的氨因子不能据设施名称选定
SRC-RAW-BA10A6AF747FE6E0D0A0,NH3,factor_not_applicable,表E.1氨因子分母为煤，当前燃料天然气不具备可直接使用的氨因子；提供适用因子或实测氨排放
SRC-RAW-25A8C679625A720EB715,NOx,POLLUTANT_PARAMETER_MISSING,是否采用低氮燃烧技术缺失；确认后选取NOx控制参数
SRC-RAW-F8BA9083DF97EED386F9,NOx,POLLUTANT_PARAMETER_MISSING,治理工艺及去除效率缺失；补齐后按A.1选取
SRC-RAW-F8BA9083DF97EED386F9,NOx,POLLUTANT_PARAMETER_MISSING,对应治理设施缺年度有效运行小时数，不能将平均效率直接当全年实际效率；补齐设施投运率；颗粒物需区分PM2.5和粗粒径效率
SRC-RAW-F8BA9083DF97EED386F9,PM10,POLLUTANT_PARAMETER_MISSING,治理工艺及去除效率缺失；补齐后按A.1选取
SRC-RAW-F8BA9083DF97EED386F9,PM10,POLLUTANT_PARAMETER_MISSING,对应治理设施缺年度有效运行小时数，不能将平均效率直接当全年实际效率；补齐设施投运率；颗粒物需区分PM2.5和粗粒径效率
SRC-RAW-F8BA9083DF97EED386F9,PM2.5,POLLUTANT_PARAMETER_MISSING,治理工艺及去除效率缺失；补齐后按A.1选取
SRC-RAW-F8BA9083DF97EED386F9,PM2.5,POLLUTANT_PARAMETER_MISSING,对应治理设施缺年度有效运行小时数，不能将平均效率直接当全年实际效率；补齐设施投运率；颗粒物需区分PM2.5和粗粒径效率
SRC-RAW-F8BA9083DF97EED386F9,NH3,POLLUTANT_PARAMETER_MISSING,补齐脱硝SCR/SNCR工艺，表E.1按煤计的氨因子不能据设施名称选定
SRC-RAW-F8BA9083DF97EED386F9,NH3,factor_not_applicable,表E.1氨因子分母为煤，当前燃料天然气不具备可直接使用的氨因子；提供适用因子或实测氨排放
SRC-RAW-370FFC81B8AE2633771F,NOx,SOURCE_RELATION_MISSING,GYGL仅为工业锅炉类别且企业有多台锅炉；补齐本锅炉与治理设施对应关系
SRC-RAW-370FFC81B8AE2633771F,PM10,SOURCE_RELATION_MISSING,GYGL仅为工业锅炉类别且企业有多台锅炉；补齐本锅炉与治理设施对应关系
SRC-RAW-370FFC81B8AE2633771F,PM2.5,SOURCE_RELATION_MISSING,GYGL仅为工业锅炉类别且企业有多台锅炉；补齐本锅炉与治理设施对应关系
SRC-RAW-370FFC81B8AE2633771F,NH3,SOURCE_RELATION_MISSING,工业锅炉类别脱硝设施对应多台锅炉；补齐设备—脱硝设施关系
SRC-RAW-370FFC81B8AE2633771F,NH3,POLLUTANT_PARAMETER_MISSING,补齐脱硝SCR/SNCR工艺，表E.1按煤计的氨因子不能据设施名称选定
SRC-RAW-370FFC81B8AE2633771F,NH3,factor_not_applicable,表E.1氨因子分母为煤，当前燃料天然气不具备可直接使用的氨因子；提供适用因子或实测氨排放
SRC-RAW-95619C74ABACBC389983,NOx,SOURCE_RELATION_MISSING,GYGL仅为工业锅炉类别且企业有多台锅炉；补齐本锅炉与治理设施对应关系
SRC-RAW-95619C74ABACBC389983,PM10,SOURCE_RELATION_MISSING,GYGL仅为工业锅炉类别且企业有多台锅炉；补齐本锅炉与治理设施对应关系
SRC-RAW-95619C74ABACBC389983,PM2.5,SOURCE_RELATION_MISSING,GYGL仅为工业锅炉类别且企业有多台锅炉；补齐本锅炉与治理设施对应关系
SRC-RAW-95619C74ABACBC389983,NH3,SOURCE_RELATION_MISSING,工业锅炉类别脱硝设施对应多台锅炉；补齐设备—脱硝设施关系
SRC-RAW-95619C74ABACBC389983,NH3,POLLUTANT_PARAMETER_MISSING,补齐脱硝SCR/SNCR工艺，表E.1按煤计的氨因子不能据设施名称选定
SRC-RAW-95619C74ABACBC389983,NH3,factor_not_applicable,表E.1氨因子分母为煤，当前燃料天然气不具备可直接使用的氨因子；提供适用因子或实测氨排放
SRC-RAW-02ABF4AF1C8EEF4F27CD,NOx,SOURCE_RELATION_MISSING,GYGL仅为工业锅炉类别且企业有多台锅炉；补齐本锅炉与治理设施对应关系
SRC-RAW-02ABF4AF1C8EEF4F27CD,PM10,SOURCE_RELATION_MISSING,GYGL仅为工业锅炉类别且企业有多台锅炉；补齐本锅炉与治理设施对应关系
SRC-RAW-02ABF4AF1C8EEF4F27CD,PM2.5,SOURCE_RELATION_MISSING,GYGL仅为工业锅炉类别且企业有多台锅炉；补齐本锅炉与治理设施对应关系
SRC-RAW-02ABF4AF1C8EEF4F27CD,NH3,SOURCE_RELATION_MISSING,工业锅炉类别脱硝设施对应多台锅炉；补齐设备—脱硝设施关系
SRC-RAW-02ABF4AF1C8EEF4F27CD,NH3,POLLUTANT_PARAMETER_MISSING,补齐脱硝SCR/SNCR工艺，表E.1按煤计的氨因子不能据设施名称选定
SRC-RAW-02ABF4AF1C8EEF4F27CD,NH3,factor_not_applicable,表E.1氨因子分母为煤，当前燃料天然气不具备可直接使用的氨因子；提供适用因子或实测氨排放
SRC-RAW-625EBFF20BF723416120,NOx,SOURCE_RELATION_MISSING,GYGL仅为工业锅炉类别且企业有多台锅炉；补齐本锅炉与治理设施对应关系
SRC-RAW-625EBFF20BF723416120,PM10,SOURCE_RELATION_MISSING,GYGL仅为工业锅炉类别且企业有多台锅炉；补齐本锅炉与治理设施对应关系
SRC-RAW-625EBFF20BF723416120,PM2.5,SOURCE_RELATION_MISSING,GYGL仅为工业锅炉类别且企业有多台锅炉；补齐本锅炉与治理设施对应关系
SRC-RAW-625EBFF20BF723416120,NH3,SOURCE_RELATION_MISSING,工业锅炉类别脱硝设施对应多台锅炉；补齐设备—脱硝设施关系
SRC-RAW-625EBFF20BF723416120,NH3,POLLUTANT_PARAMETER_MISSING,补齐脱硝SCR/SNCR工艺，表E.1按煤计的氨因子不能据设施名称选定
SRC-RAW-625EBFF20BF723416120,NH3,factor_not_applicable,表E.1氨因子分母为煤，当前燃料天然气不具备可直接使用的氨因子；提供适用因子或实测氨排放
SRC-RAW-37D1E0E55C892A9CA6A3,NOx,SOURCE_RELATION_MISSING,GYGL仅为工业锅炉类别且企业有多台锅炉；补齐本锅炉与治理设施对应关系
SRC-RAW-37D1E0E55C892A9CA6A3,PM10,SOURCE_RELATION_MISSING,GYGL仅为工业锅炉类别且企业有多台锅炉；补齐本锅炉与治理设施对应关系
SRC-RAW-37D1E0E55C892A9CA6A3,PM2.5,SOURCE_RELATION_MISSING,GYGL仅为工业锅炉类别且企业有多台锅炉；补齐本锅炉与治理设施对应关系
SRC-RAW-37D1E0E55C892A9CA6A3,NH3,SOURCE_RELATION_MISSING,工业锅炉类别脱硝设施对应多台锅炉；补齐设备—脱硝设施关系
SRC-RAW-37D1E0E55C892A9CA6A3,NH3,POLLUTANT_PARAMETER_MISSING,补齐脱硝SCR/SNCR工艺，表E.1按煤计的氨因子不能据设施名称选定
SRC-RAW-37D1E0E55C892A9CA6A3,NH3,factor_not_applicable,表E.1氨因子分母为煤，当前燃料天然气不具备可直接使用的氨因子；提供适用因子或实测氨排放
SRC-RAW-31FF82B93ED72DDF39C1,SO2,activity_unit_unresolved,燃料一单位吨标准煤与因子分母t不一致；补原燃料实物量或有依据的换算关系
SRC-RAW-31FF82B93ED72DDF39C1,SO2,SOURCE_RELATION_MISSING,GYGL仅为工业锅炉类别且企业有多台锅炉；补齐本锅炉与治理设施对应关系
SRC-RAW-31FF82B93ED72DDF39C1,NOx,activity_unit_unresolved,燃料一单位吨标准煤与因子分母t不一致；补原燃料实物量或有依据的换算关系
SRC-RAW-31FF82B93ED72DDF39C1,NOx,SOURCE_RELATION_MISSING,GYGL仅为工业锅炉类别且企业有多台锅炉；补齐本锅炉与治理设施对应关系
SRC-RAW-31FF82B93ED72DDF39C1,CO,activity_unit_unresolved,燃料一单位吨标准煤与因子分母t不一致；补原燃料实物量或有依据的换算关系
SRC-RAW-31FF82B93ED72DDF39C1,VOC,activity_unit_unresolved,燃料一单位吨标准煤与因子分母t不一致；补原燃料实物量或有依据的换算关系
SRC-RAW-31FF82B93ED72DDF39C1,PM10,activity_unit_unresolved,燃料一单位吨标准煤与因子分母t不一致；补原燃料实物量或有依据的换算关系
SRC-RAW-31FF82B93ED72DDF39C1,PM10,SOURCE_RELATION_MISSING,GYGL仅为工业锅炉类别且企业有多台锅炉；补齐本锅炉与治理设施对应关系
SRC-RAW-31FF82B93ED72DDF39C1,PM2.5,activity_unit_unresolved,燃料一单位吨标准煤与因子分母t不一致；补原燃料实物量或有依据的换算关系
SRC-RAW-31FF82B93ED72DDF39C1,PM2.5,SOURCE_RELATION_MISSING,GYGL仅为工业锅炉类别且企业有多台锅炉；补齐本锅炉与治理设施对应关系
SRC-RAW-31FF82B93ED72DDF39C1,BC,activity_unit_unresolved,燃料一单位吨标准煤与因子分母t不一致；补原燃料实物量或有依据的换算关系
SRC-RAW-31FF82B93ED72DDF39C1,BC,SOURCE_RELATION_MISSING,GYGL仅为工业锅炉类别且企业有多台锅炉；补齐本锅炉与治理设施对应关系
SRC-RAW-31FF82B93ED72DDF39C1,OC,activity_unit_unresolved,燃料一单位吨标准煤与因子分母t不一致；补原燃料实物量或有依据的换算关系
SRC-RAW-31FF82B93ED72DDF39C1,OC,SOURCE_RELATION_MISSING,GYGL仅为工业锅炉类别且企业有多台锅炉；补齐本锅炉与治理设施对应关系
SRC-RAW-31FF82B93ED72DDF39C1,NH3,SOURCE_RELATION_MISSING,工业锅炉类别脱硝设施对应多台锅炉；补齐设备—脱硝设施关系
SRC-RAW-31FF82B93ED72DDF39C1,NH3,POLLUTANT_PARAMETER_MISSING,补齐脱硝SCR/SNCR工艺，表E.1按煤计的氨因子不能据设施名称选定
SRC-RAW-31FF82B93ED72DDF39C1,NH3,factor_not_applicable,表E.1氨因子分母为煤，当前燃料其他燃料不具备可直接使用的氨因子；提供适用因子或实测氨排放
SRC-RAW-BF98682A2AFB57E35D66,NOx,SOURCE_RELATION_MISSING,GYGL仅为工业锅炉类别且企业有多台锅炉；补齐本锅炉与治理设施对应关系
SRC-RAW-BF98682A2AFB57E35D66,PM10,SOURCE_RELATION_MISSING,GYGL仅为工业锅炉类别且企业有多台锅炉；补齐本锅炉与治理设施对应关系
SRC-RAW-BF98682A2AFB57E35D66,PM2.5,SOURCE_RELATION_MISSING,GYGL仅为工业锅炉类别且企业有多台锅炉；补齐本锅炉与治理设施对应关系
SRC-RAW-BF98682A2AFB57E35D66,NH3,SOURCE_RELATION_MISSING,工业锅炉类别脱硝设施对应多台锅炉；补齐设备—脱硝设施关系
SRC-RAW-BF98682A2AFB57E35D66,NH3,POLLUTANT_PARAMETER_MISSING,补齐脱硝SCR/SNCR工艺，表E.1按煤计的氨因子不能据设施名称选定
SRC-RAW-BF98682A2AFB57E35D66,NH3,factor_not_applicable,表E.1氨因子分母为煤，当前燃料天然气不具备可直接使用的氨因子；提供适用因子或实测氨排放
SRC-RAW-FFDFD6FB2EBED4F0B26C,SO2,factor_not_applicable,表E.7及相关附录无当前燃料煤矸石(用于燃料)的可直接适用工业锅炉因子；提供适用因子，不能借用电力或生活部门
SRC-RAW-FFDFD6FB2EBED4F0B26C,SO2,POLLUTANT_PARAMETER_MISSING,治理工艺及去除效率缺失；补齐后按A.1选取
SRC-RAW-FFDFD6FB2EBED4F0B26C,SO2,POLLUTANT_PARAMETER_MISSING,对应治理设施缺年度有效运行小时数，不能将平均效率直接当全年实际效率；补齐设施投运率；颗粒物需区分PM2.5和粗粒径效率
SRC-RAW-FFDFD6FB2EBED4F0B26C,NOx,factor_not_applicable,表E.7及相关附录无当前燃料煤矸石(用于燃料)的可直接适用工业锅炉因子；提供适用因子，不能借用电力或生活部门
SRC-RAW-FFDFD6FB2EBED4F0B26C,CO,factor_not_applicable,表E.7及相关附录无当前燃料煤矸石(用于燃料)的可直接适用工业锅炉因子；提供适用因子，不能借用电力或生活部门
SRC-RAW-FFDFD6FB2EBED4F0B26C,VOC,factor_not_applicable,表E.7及相关附录无当前燃料煤矸石(用于燃料)的可直接适用工业锅炉因子；提供适用因子，不能借用电力或生活部门
SRC-RAW-FFDFD6FB2EBED4F0B26C,PM10,factor_not_applicable,表E.7及相关附录无当前燃料煤矸石(用于燃料)的可直接适用工业锅炉因子；提供适用因子，不能借用电力或生活部门
SRC-RAW-FFDFD6FB2EBED4F0B26C,PM10,POLLUTANT_PARAMETER_MISSING,治理工艺及去除效率缺失；补齐后按A.1选取
SRC-RAW-FFDFD6FB2EBED4F0B26C,PM10,POLLUTANT_PARAMETER_MISSING,对应治理设施缺年度有效运行小时数，不能将平均效率直接当全年实际效率；补齐设施投运率；颗粒物需区分PM2.5和粗粒径效率
SRC-RAW-FFDFD6FB2EBED4F0B26C,PM2.5,factor_not_applicable,表E.7及相关附录无当前燃料煤矸石(用于燃料)的可直接适用工业锅炉因子；提供适用因子，不能借用电力或生活部门
SRC-RAW-FFDFD6FB2EBED4F0B26C,PM2.5,POLLUTANT_PARAMETER_MISSING,治理工艺及去除效率缺失；补齐后按A.1选取
SRC-RAW-FFDFD6FB2EBED4F0B26C,PM2.5,POLLUTANT_PARAMETER_MISSING,对应治理设施缺年度有效运行小时数，不能将平均效率直接当全年实际效率；补齐设施投运率；颗粒物需区分PM2.5和粗粒径效率
SRC-RAW-FFDFD6FB2EBED4F0B26C,BC,factor_not_applicable,表E.7及相关附录无当前燃料煤矸石(用于燃料)的可直接适用工业锅炉因子；提供适用因子，不能借用电力或生活部门
SRC-RAW-FFDFD6FB2EBED4F0B26C,BC,POLLUTANT_PARAMETER_MISSING,治理工艺及去除效率缺失；补齐后按A.1选取
SRC-RAW-FFDFD6FB2EBED4F0B26C,BC,POLLUTANT_PARAMETER_MISSING,对应治理设施缺年度有效运行小时数，不能将平均效率直接当全年实际效率；补齐设施投运率；颗粒物需区分PM2.5和粗粒径效率
SRC-RAW-FFDFD6FB2EBED4F0B26C,OC,factor_not_applicable,表E.7及相关附录无当前燃料煤矸石(用于燃料)的可直接适用工业锅炉因子；提供适用因子，不能借用电力或生活部门
SRC-RAW-FFDFD6FB2EBED4F0B26C,OC,POLLUTANT_PARAMETER_MISSING,治理工艺及去除效率缺失；补齐后按A.1选取
SRC-RAW-FFDFD6FB2EBED4F0B26C,OC,POLLUTANT_PARAMETER_MISSING,对应治理设施缺年度有效运行小时数，不能将平均效率直接当全年实际效率；补齐设施投运率；颗粒物需区分PM2.5和粗粒径效率
SRC-RAW-AD1915D95E18721BD8B7,SO2,POLLUTANT_PARAMETER_MISSING,治理工艺及去除效率缺失；补齐后按A.1选取
SRC-RAW-AD1915D95E18721BD8B7,SO2,POLLUTANT_PARAMETER_MISSING,对应治理设施缺年度有效运行小时数，不能将平均效率直接当全年实际效率；补齐设施投运率；颗粒物需区分PM2.5和粗粒径效率
SRC-RAW-AD1915D95E18721BD8B7,PM10,POLLUTANT_PARAMETER_MISSING,治理工艺及去除效率缺失；补齐后按A.1选取
SRC-RAW-AD1915D95E18721BD8B7,PM10,POLLUTANT_PARAMETER_MISSING,对应治理设施缺年度有效运行小时数，不能将平均效率直接当全年实际效率；补齐设施投运率；颗粒物需区分PM2.5和粗粒径效率
SRC-RAW-AD1915D95E18721BD8B7,PM2.5,POLLUTANT_PARAMETER_MISSING,治理工艺及去除效率缺失；补齐后按A.1选取
SRC-RAW-AD1915D95E18721BD8B7,PM2.5,POLLUTANT_PARAMETER_MISSING,对应治理设施缺年度有效运行小时数，不能将平均效率直接当全年实际效率；补齐设施投运率；颗粒物需区分PM2.5和粗粒径效率
SRC-RAW-AD1915D95E18721BD8B7,BC,POLLUTANT_PARAMETER_MISSING,治理工艺及去除效率缺失；补齐后按A.1选取
SRC-RAW-AD1915D95E18721BD8B7,BC,POLLUTANT_PARAMETER_MISSING,对应治理设施缺年度有效运行小时数，不能将平均效率直接当全年实际效率；补齐设施投运率；颗粒物需区分PM2.5和粗粒径效率
SRC-RAW-AD1915D95E18721BD8B7,OC,POLLUTANT_PARAMETER_MISSING,治理工艺及去除效率缺失；补齐后按A.1选取
SRC-RAW-AD1915D95E18721BD8B7,OC,POLLUTANT_PARAMETER_MISSING,对应治理设施缺年度有效运行小时数，不能将平均效率直接当全年实际效率；补齐设施投运率；颗粒物需区分PM2.5和粗粒径效率
SRC-RAW-8A9BE1A79C58689EA0DB,NOx,SOURCE_RELATION_MISSING,GYGL仅为工业锅炉类别且企业有多台锅炉；补齐本锅炉与治理设施对应关系
SRC-RAW-8A9BE1A79C58689EA0DB,PM10,SOURCE_RELATION_MISSING,GYGL仅为工业锅炉类别且企业有多台锅炉；补齐本锅炉与治理设施对应关系
SRC-RAW-8A9BE1A79C58689EA0DB,PM2.5,SOURCE_RELATION_MISSING,GYGL仅为工业锅炉类别且企业有多台锅炉；补齐本锅炉与治理设施对应关系
SRC-RAW-8A9BE1A79C58689EA0DB,NH3,SOURCE_RELATION_MISSING,工业锅炉类别脱硝设施对应多台锅炉；补齐设备—脱硝设施关系
SRC-RAW-8A9BE1A79C58689EA0DB,NH3,POLLUTANT_PARAMETER_MISSING,补齐脱硝SCR/SNCR工艺，表E.1按煤计的氨因子不能据设施名称选定
SRC-RAW-8A9BE1A79C58689EA0DB,NH3,factor_not_applicable,表E.1氨因子分母为煤，当前燃料天然气不具备可直接使用的氨因子；提供适用因子或实测氨排放
SRC-RAW-C3829952A64CFF085B8E,SO2,activity_unit_unresolved,燃料一单位吨标准煤与因子分母t不一致；补原燃料实物量或有依据的换算关系
SRC-RAW-C3829952A64CFF085B8E,NOx,activity_unit_unresolved,燃料一单位吨标准煤与因子分母t不一致；补原燃料实物量或有依据的换算关系
SRC-RAW-C3829952A64CFF085B8E,CO,activity_unit_unresolved,燃料一单位吨标准煤与因子分母t不一致；补原燃料实物量或有依据的换算关系
SRC-RAW-C3829952A64CFF085B8E,VOC,activity_unit_unresolved,燃料一单位吨标准煤与因子分母t不一致；补原燃料实物量或有依据的换算关系
SRC-RAW-C3829952A64CFF085B8E,PM10,activity_unit_unresolved,燃料一单位吨标准煤与因子分母t不一致；补原燃料实物量或有依据的换算关系
SRC-RAW-C3829952A64CFF085B8E,PM10,POLLUTANT_PARAMETER_MISSING,对应治理设施缺年度有效运行小时数，不能将平均效率直接当全年实际效率；补齐设施投运率；颗粒物需区分PM2.5和粗粒径效率
SRC-RAW-C3829952A64CFF085B8E,PM2.5,activity_unit_unresolved,燃料一单位吨标准煤与因子分母t不一致；补原燃料实物量或有依据的换算关系
SRC-RAW-C3829952A64CFF085B8E,PM2.5,POLLUTANT_PARAMETER_MISSING,对应治理设施缺年度有效运行小时数，不能将平均效率直接当全年实际效率；补齐设施投运率；颗粒物需区分PM2.5和粗粒径效率
SRC-RAW-C3829952A64CFF085B8E,BC,activity_unit_unresolved,燃料一单位吨标准煤与因子分母t不一致；补原燃料实物量或有依据的换算关系
SRC-RAW-C3829952A64CFF085B8E,BC,POLLUTANT_PARAMETER_MISSING,对应治理设施缺年度有效运行小时数，不能将平均效率直接当全年实际效率；补齐设施投运率；颗粒物需区分PM2.5和粗粒径效率
SRC-RAW-C3829952A64CFF085B8E,OC,activity_unit_unresolved,燃料一单位吨标准煤与因子分母t不一致；补原燃料实物量或有依据的换算关系
SRC-RAW-C3829952A64CFF085B8E,OC,POLLUTANT_PARAMETER_MISSING,对应治理设施缺年度有效运行小时数，不能将平均效率直接当全年实际效率；补齐设施投运率；颗粒物需区分PM2.5和粗粒径效率
SRC-RAW-64FE853265E18A8D10CD,PM10,POLLUTANT_PARAMETER_MISSING,对应治理设施缺年度有效运行小时数，不能将平均效率直接当全年实际效率；补齐设施投运率；颗粒物需区分PM2.5和粗粒径效率
SRC-RAW-64FE853265E18A8D10CD,PM2.5,POLLUTANT_PARAMETER_MISSING,对应治理设施缺年度有效运行小时数，不能将平均效率直接当全年实际效率；补齐设施投运率；颗粒物需区分PM2.5和粗粒径效率
SRC-RAW-64FE853265E18A8D10CD,BC,POLLUTANT_PARAMETER_MISSING,对应治理设施缺年度有效运行小时数，不能将平均效率直接当全年实际效率；补齐设施投运率；颗粒物需区分PM2.5和粗粒径效率
SRC-RAW-64FE853265E18A8D10CD,OC,POLLUTANT_PARAMETER_MISSING,对应治理设施缺年度有效运行小时数，不能将平均效率直接当全年实际效率；补齐设施投运率；颗粒物需区分PM2.5和粗粒径效率
SRC-RAW-FFC0B973A05AAD3E232F,SO2,SOURCE_RELATION_MISSING,GYGL仅为工业锅炉类别且企业有多台锅炉；补齐本锅炉与治理设施对应关系
SRC-RAW-FFC0B973A05AAD3E232F,NOx,SOURCE_RELATION_MISSING,GYGL仅为工业锅炉类别且企业有多台锅炉；补齐本锅炉与治理设施对应关系
SRC-RAW-FFC0B973A05AAD3E232F,PM10,SOURCE_RELATION_MISSING,GYGL仅为工业锅炉类别且企业有多台锅炉；补齐本锅炉与治理设施对应关系
SRC-RAW-FFC0B973A05AAD3E232F,PM2.5,SOURCE_RELATION_MISSING,GYGL仅为工业锅炉类别且企业有多台锅炉；补齐本锅炉与治理设施对应关系
SRC-RAW-FFC0B973A05AAD3E232F,BC,SOURCE_RELATION_MISSING,GYGL仅为工业锅炉类别且企业有多台锅炉；补齐本锅炉与治理设施对应关系
SRC-RAW-FFC0B973A05AAD3E232F,OC,SOURCE_RELATION_MISSING,GYGL仅为工业锅炉类别且企业有多台锅炉；补齐本锅炉与治理设施对应关系
SRC-RAW-FFC0B973A05AAD3E232F,NH3,SOURCE_RELATION_MISSING,工业锅炉类别脱硝设施对应多台锅炉；补齐设备—脱硝设施关系
SRC-RAW-FFC0B973A05AAD3E232F,NH3,POLLUTANT_PARAMETER_MISSING,补齐脱硝SCR/SNCR工艺，表E.1按煤计的氨因子不能据设施名称选定
SRC-RAW-6290F926041D0A06E760,SO2,SOURCE_RELATION_MISSING,GYGL仅为工业锅炉类别且企业有多台锅炉；补齐本锅炉与治理设施对应关系
SRC-RAW-6290F926041D0A06E760,NOx,SOURCE_RELATION_MISSING,GYGL仅为工业锅炉类别且企业有多台锅炉；补齐本锅炉与治理设施对应关系
SRC-RAW-6290F926041D0A06E760,PM10,SOURCE_RELATION_MISSING,GYGL仅为工业锅炉类别且企业有多台锅炉；补齐本锅炉与治理设施对应关系
SRC-RAW-6290F926041D0A06E760,PM2.5,SOURCE_RELATION_MISSING,GYGL仅为工业锅炉类别且企业有多台锅炉；补齐本锅炉与治理设施对应关系
SRC-RAW-6290F926041D0A06E760,BC,SOURCE_RELATION_MISSING,GYGL仅为工业锅炉类别且企业有多台锅炉；补齐本锅炉与治理设施对应关系
SRC-RAW-6290F926041D0A06E760,OC,SOURCE_RELATION_MISSING,GYGL仅为工业锅炉类别且企业有多台锅炉；补齐本锅炉与治理设施对应关系
SRC-RAW-6290F926041D0A06E760,NH3,SOURCE_RELATION_MISSING,工业锅炉类别脱硝设施对应多台锅炉；补齐设备—脱硝设施关系
SRC-RAW-6290F926041D0A06E760,NH3,POLLUTANT_PARAMETER_MISSING,补齐脱硝SCR/SNCR工艺，表E.1按煤计的氨因子不能据设施名称选定
SRC-RAW-6290F926041D0A06E760,NH3,factor_not_applicable,表E.1氨因子分母为煤，当前燃料柴油不具备可直接使用的氨因子；提供适用因子或实测氨排放
SRC-RAW-3800BC369678EA2296B8,NOx,POLLUTANT_PARAMETER_MISSING,燃烧方式其他层燃炉不足以选取E.7的CO/NOx/VOC系数；确认手动或自动炉排
SRC-RAW-3800BC369678EA2296B8,CO,POLLUTANT_PARAMETER_MISSING,燃烧方式其他层燃炉不足以选取E.7的CO/NOx/VOC系数；确认手动或自动炉排
SRC-RAW-3800BC369678EA2296B8,VOC,POLLUTANT_PARAMETER_MISSING,燃烧方式其他层燃炉不足以选取E.7的CO/NOx/VOC系数；确认手动或自动炉排
SRC-RAW-3800BC369678EA2296B8,PM10,POLLUTANT_PARAMETER_MISSING,治理工艺及去除效率缺失；补齐后按A.1选取
SRC-RAW-3800BC369678EA2296B8,PM10,POLLUTANT_PARAMETER_MISSING,对应治理设施缺年度有效运行小时数，不能将平均效率直接当全年实际效率；补齐设施投运率；颗粒物需区分PM2.5和粗粒径效率
SRC-RAW-3800BC369678EA2296B8,PM2.5,POLLUTANT_PARAMETER_MISSING,治理工艺及去除效率缺失；补齐后按A.1选取
SRC-RAW-3800BC369678EA2296B8,PM2.5,POLLUTANT_PARAMETER_MISSING,对应治理设施缺年度有效运行小时数，不能将平均效率直接当全年实际效率；补齐设施投运率；颗粒物需区分PM2.5和粗粒径效率
SRC-RAW-3800BC369678EA2296B8,BC,POLLUTANT_PARAMETER_MISSING,治理工艺及去除效率缺失；补齐后按A.1选取
SRC-RAW-3800BC369678EA2296B8,BC,POLLUTANT_PARAMETER_MISSING,对应治理设施缺年度有效运行小时数，不能将平均效率直接当全年实际效率；补齐设施投运率；颗粒物需区分PM2.5和粗粒径效率
SRC-RAW-3800BC369678EA2296B8,OC,POLLUTANT_PARAMETER_MISSING,治理工艺及去除效率缺失；补齐后按A.1选取
SRC-RAW-3800BC369678EA2296B8,OC,POLLUTANT_PARAMETER_MISSING,对应治理设施缺年度有效运行小时数，不能将平均效率直接当全年实际效率；补齐设施投运率；颗粒物需区分PM2.5和粗粒径效率
SRC-RAW-86BF35AEE127AA6DD830,SO2,SOURCE_RELATION_MISSING,GYGL仅为工业锅炉类别且企业有多台锅炉；补齐本锅炉与治理设施对应关系
SRC-RAW-86BF35AEE127AA6DD830,NOx,SOURCE_RELATION_MISSING,GYGL仅为工业锅炉类别且企业有多台锅炉；补齐本锅炉与治理设施对应关系
SRC-RAW-86BF35AEE127AA6DD830,PM10,SOURCE_RELATION_MISSING,GYGL仅为工业锅炉类别且企业有多台锅炉；补齐本锅炉与治理设施对应关系
SRC-RAW-86BF35AEE127AA6DD830,PM2.5,SOURCE_RELATION_MISSING,GYGL仅为工业锅炉类别且企业有多台锅炉；补齐本锅炉与治理设施对应关系
SRC-RAW-86BF35AEE127AA6DD830,BC,SOURCE_RELATION_MISSING,GYGL仅为工业锅炉类别且企业有多台锅炉；补齐本锅炉与治理设施对应关系
SRC-RAW-86BF35AEE127AA6DD830,NH3,SOURCE_RELATION_MISSING,工业锅炉类别脱硝设施对应多台锅炉；补齐设备—脱硝设施关系
SRC-RAW-86BF35AEE127AA6DD830,NH3,POLLUTANT_PARAMETER_MISSING,补齐脱硝SCR/SNCR工艺，表E.1按煤计的氨因子不能据设施名称选定
SRC-RAW-3D0F8A0C824879549D57,SO2,SOURCE_RELATION_MISSING,GYGL仅为工业锅炉类别且企业有多台锅炉；补齐本锅炉与治理设施对应关系
SRC-RAW-3D0F8A0C824879549D57,NOx,SOURCE_RELATION_MISSING,GYGL仅为工业锅炉类别且企业有多台锅炉；补齐本锅炉与治理设施对应关系
SRC-RAW-3D0F8A0C824879549D57,PM10,SOURCE_RELATION_MISSING,GYGL仅为工业锅炉类别且企业有多台锅炉；补齐本锅炉与治理设施对应关系
SRC-RAW-3D0F8A0C824879549D57,PM2.5,SOURCE_RELATION_MISSING,GYGL仅为工业锅炉类别且企业有多台锅炉；补齐本锅炉与治理设施对应关系
SRC-RAW-3D0F8A0C824879549D57,BC,SOURCE_RELATION_MISSING,GYGL仅为工业锅炉类别且企业有多台锅炉；补齐本锅炉与治理设施对应关系
SRC-RAW-3D0F8A0C824879549D57,NH3,SOURCE_RELATION_MISSING,工业锅炉类别脱硝设施对应多台锅炉；补齐设备—脱硝设施关系
SRC-RAW-3D0F8A0C824879549D57,NH3,POLLUTANT_PARAMETER_MISSING,补齐脱硝SCR/SNCR工艺，表E.1按煤计的氨因子不能据设施名称选定
SRC-RAW-27530327156B9D8050B1,SO2,SOURCE_RELATION_MISSING,GYGL仅为工业锅炉类别且企业有多台锅炉；补齐本锅炉与治理设施对应关系
SRC-RAW-27530327156B9D8050B1,NOx,SOURCE_RELATION_MISSING,GYGL仅为工业锅炉类别且企业有多台锅炉；补齐本锅炉与治理设施对应关系
SRC-RAW-27530327156B9D8050B1,PM10,SOURCE_RELATION_MISSING,GYGL仅为工业锅炉类别且企业有多台锅炉；补齐本锅炉与治理设施对应关系
SRC-RAW-27530327156B9D8050B1,PM2.5,SOURCE_RELATION_MISSING,GYGL仅为工业锅炉类别且企业有多台锅炉；补齐本锅炉与治理设施对应关系
SRC-RAW-27530327156B9D8050B1,BC,SOURCE_RELATION_MISSING,GYGL仅为工业锅炉类别且企业有多台锅炉；补齐本锅炉与治理设施对应关系
SRC-RAW-27530327156B9D8050B1,NH3,SOURCE_RELATION_MISSING,工业锅炉类别脱硝设施对应多台锅炉；补齐设备—脱硝设施关系
SRC-RAW-27530327156B9D8050B1,NH3,POLLUTANT_PARAMETER_MISSING,补齐脱硝SCR/SNCR工艺，表E.1按煤计的氨因子不能据设施名称选定
SRC-RAW-B10933171A524D6B738A,SO2,POLLUTANT_PARAMETER_MISSING,对应治理设施缺年度有效运行小时数，不能将平均效率直接当全年实际效率；补齐设施投运率；颗粒物需区分PM2.5和粗粒径效率
SRC-RAW-B10933171A524D6B738A,NOx,POLLUTANT_PARAMETER_MISSING,对应治理设施缺年度有效运行小时数，不能将平均效率直接当全年实际效率；补齐设施投运率；颗粒物需区分PM2.5和粗粒径效率
SRC-RAW-B10933171A524D6B738A,PM10,POLLUTANT_PARAMETER_MISSING,对应治理设施缺年度有效运行小时数，不能将平均效率直接当全年实际效率；补齐设施投运率；颗粒物需区分PM2.5和粗粒径效率
SRC-RAW-B10933171A524D6B738A,PM2.5,POLLUTANT_PARAMETER_MISSING,对应治理设施缺年度有效运行小时数，不能将平均效率直接当全年实际效率；补齐设施投运率；颗粒物需区分PM2.5和粗粒径效率
SRC-RAW-B10933171A524D6B738A,BC,POLLUTANT_PARAMETER_MISSING,对应治理设施缺年度有效运行小时数，不能将平均效率直接当全年实际效率；补齐设施投运率；颗粒物需区分PM2.5和粗粒径效率
SRC-RAW-C031B0903E3C911E0178,SO2,SOURCE_RELATION_MISSING,GYGL仅为工业锅炉类别且企业有多台锅炉；补齐本锅炉与治理设施对应关系
SRC-RAW-C031B0903E3C911E0178,NOx,SOURCE_RELATION_MISSING,GYGL仅为工业锅炉类别且企业有多台锅炉；补齐本锅炉与治理设施对应关系
SRC-RAW-C031B0903E3C911E0178,PM10,SOURCE_RELATION_MISSING,GYGL仅为工业锅炉类别且企业有多台锅炉；补齐本锅炉与治理设施对应关系
SRC-RAW-C031B0903E3C911E0178,PM2.5,SOURCE_RELATION_MISSING,GYGL仅为工业锅炉类别且企业有多台锅炉；补齐本锅炉与治理设施对应关系
SRC-RAW-C031B0903E3C911E0178,BC,SOURCE_RELATION_MISSING,GYGL仅为工业锅炉类别且企业有多台锅炉；补齐本锅炉与治理设施对应关系
SRC-RAW-C031B0903E3C911E0178,NH3,SOURCE_RELATION_MISSING,工业锅炉类别脱硝设施对应多台锅炉；补齐设备—脱硝设施关系
SRC-RAW-C031B0903E3C911E0178,NH3,POLLUTANT_PARAMETER_MISSING,补齐脱硝SCR/SNCR工艺，表E.1按煤计的氨因子不能据设施名称选定
SRC-RAW-F315C68599D1E94FAD39,SO2,SOURCE_RELATION_MISSING,GYGL仅为工业锅炉类别且企业有多台锅炉；补齐本锅炉与治理设施对应关系
SRC-RAW-F315C68599D1E94FAD39,NOx,SOURCE_RELATION_MISSING,GYGL仅为工业锅炉类别且企业有多台锅炉；补齐本锅炉与治理设施对应关系
SRC-RAW-F315C68599D1E94FAD39,PM10,SOURCE_RELATION_MISSING,GYGL仅为工业锅炉类别且企业有多台锅炉；补齐本锅炉与治理设施对应关系
SRC-RAW-F315C68599D1E94FAD39,PM2.5,SOURCE_RELATION_MISSING,GYGL仅为工业锅炉类别且企业有多台锅炉；补齐本锅炉与治理设施对应关系
SRC-RAW-F315C68599D1E94FAD39,BC,SOURCE_RELATION_MISSING,GYGL仅为工业锅炉类别且企业有多台锅炉；补齐本锅炉与治理设施对应关系
SRC-RAW-F315C68599D1E94FAD39,NH3,SOURCE_RELATION_MISSING,工业锅炉类别脱硝设施对应多台锅炉；补齐设备—脱硝设施关系
SRC-RAW-F315C68599D1E94FAD39,NH3,POLLUTANT_PARAMETER_MISSING,补齐脱硝SCR/SNCR工艺，表E.1按煤计的氨因子不能据设施名称选定
SRC-RAW-4CC90B4633ECDBF1D813,SO2,SOURCE_RELATION_MISSING,GYGL仅为工业锅炉类别且企业有多台锅炉；补齐本锅炉与治理设施对应关系
SRC-RAW-4CC90B4633ECDBF1D813,NOx,SOURCE_RELATION_MISSING,GYGL仅为工业锅炉类别且企业有多台锅炉；补齐本锅炉与治理设施对应关系
SRC-RAW-4CC90B4633ECDBF1D813,PM10,SOURCE_RELATION_MISSING,GYGL仅为工业锅炉类别且企业有多台锅炉；补齐本锅炉与治理设施对应关系
SRC-RAW-4CC90B4633ECDBF1D813,PM2.5,SOURCE_RELATION_MISSING,GYGL仅为工业锅炉类别且企业有多台锅炉；补齐本锅炉与治理设施对应关系
SRC-RAW-4CC90B4633ECDBF1D813,BC,SOURCE_RELATION_MISSING,GYGL仅为工业锅炉类别且企业有多台锅炉；补齐本锅炉与治理设施对应关系
SRC-RAW-4CC90B4633ECDBF1D813,NH3,SOURCE_RELATION_MISSING,工业锅炉类别脱硝设施对应多台锅炉；补齐设备—脱硝设施关系
SRC-RAW-4CC90B4633ECDBF1D813,NH3,POLLUTANT_PARAMETER_MISSING,补齐脱硝SCR/SNCR工艺，表E.1按煤计的氨因子不能据设施名称选定
SRC-RAW-C7AC585292842C79D6B0,NOx,SOURCE_RELATION_MISSING,GYGL仅为工业锅炉类别且企业有多台锅炉；补齐本锅炉与治理设施对应关系
SRC-RAW-C7AC585292842C79D6B0,PM10,SOURCE_RELATION_MISSING,GYGL仅为工业锅炉类别且企业有多台锅炉；补齐本锅炉与治理设施对应关系
SRC-RAW-C7AC585292842C79D6B0,PM2.5,SOURCE_RELATION_MISSING,GYGL仅为工业锅炉类别且企业有多台锅炉；补齐本锅炉与治理设施对应关系
SRC-RAW-C7AC585292842C79D6B0,NH3,SOURCE_RELATION_MISSING,工业锅炉类别脱硝设施对应多台锅炉；补齐设备—脱硝设施关系
SRC-RAW-C7AC585292842C79D6B0,NH3,POLLUTANT_PARAMETER_MISSING,补齐脱硝SCR/SNCR工艺，表E.1按煤计的氨因子不能据设施名称选定
SRC-RAW-C7AC585292842C79D6B0,NH3,factor_not_applicable,表E.1氨因子分母为煤，当前燃料天然气不具备可直接使用的氨因子；提供适用因子或实测氨排放
SRC-RAW-F2645EB65A7E39101B20,SO2,POLLUTANT_PARAMETER_MISSING,治理工艺及去除效率缺失；补齐后按A.1选取
SRC-RAW-F2645EB65A7E39101B20,SO2,POLLUTANT_PARAMETER_MISSING,对应治理设施缺年度有效运行小时数，不能将平均效率直接当全年实际效率；补齐设施投运率；颗粒物需区分PM2.5和粗粒径效率
SRC-RAW-F2645EB65A7E39101B20,PM10,POLLUTANT_PARAMETER_MISSING,治理工艺及去除效率缺失；补齐后按A.1选取
SRC-RAW-F2645EB65A7E39101B20,PM10,POLLUTANT_PARAMETER_MISSING,对应治理设施缺年度有效运行小时数，不能将平均效率直接当全年实际效率；补齐设施投运率；颗粒物需区分PM2.5和粗粒径效率
SRC-RAW-F2645EB65A7E39101B20,PM2.5,POLLUTANT_PARAMETER_MISSING,治理工艺及去除效率缺失；补齐后按A.1选取
SRC-RAW-F2645EB65A7E39101B20,PM2.5,POLLUTANT_PARAMETER_MISSING,对应治理设施缺年度有效运行小时数，不能将平均效率直接当全年实际效率；补齐设施投运率；颗粒物需区分PM2.5和粗粒径效率
SRC-RAW-F2645EB65A7E39101B20,BC,POLLUTANT_PARAMETER_MISSING,治理工艺及去除效率缺失；补齐后按A.1选取
SRC-RAW-F2645EB65A7E39101B20,BC,POLLUTANT_PARAMETER_MISSING,对应治理设施缺年度有效运行小时数，不能将平均效率直接当全年实际效率；补齐设施投运率；颗粒物需区分PM2.5和粗粒径效率
SRC-RAW-76B8FA8AD0C1B5634563,NOx,SOURCE_RELATION_MISSING,GYGL仅为工业锅炉类别且企业有多台锅炉；补齐本锅炉与治理设施对应关系
SRC-RAW-76B8FA8AD0C1B5634563,PM10,SOURCE_RELATION_MISSING,GYGL仅为工业锅炉类别且企业有多台锅炉；补齐本锅炉与治理设施对应关系
SRC-RAW-76B8FA8AD0C1B5634563,PM2.5,SOURCE_RELATION_MISSING,GYGL仅为工业锅炉类别且企业有多台锅炉；补齐本锅炉与治理设施对应关系
SRC-RAW-76B8FA8AD0C1B5634563,NH3,SOURCE_RELATION_MISSING,工业锅炉类别脱硝设施对应多台锅炉；补齐设备—脱硝设施关系
SRC-RAW-76B8FA8AD0C1B5634563,NH3,POLLUTANT_PARAMETER_MISSING,补齐脱硝SCR/SNCR工艺，表E.1按煤计的氨因子不能据设施名称选定
SRC-RAW-76B8FA8AD0C1B5634563,NH3,factor_not_applicable,表E.1氨因子分母为煤，当前燃料天然气不具备可直接使用的氨因子；提供适用因子或实测氨排放
SRC-RAW-41252FD72D5FEE379D1F,PM10,POLLUTANT_PARAMETER_MISSING,对应治理设施缺年度有效运行小时数，不能将平均效率直接当全年实际效率；补齐设施投运率；颗粒物需区分PM2.5和粗粒径效率
SRC-RAW-41252FD72D5FEE379D1F,PM2.5,POLLUTANT_PARAMETER_MISSING,对应治理设施缺年度有效运行小时数，不能将平均效率直接当全年实际效率；补齐设施投运率；颗粒物需区分PM2.5和粗粒径效率
SRC-RAW-1B27919C875544867089,NOx,SOURCE_RELATION_MISSING,GYGL仅为工业锅炉类别且企业有多台锅炉；补齐本锅炉与治理设施对应关系
SRC-RAW-1B27919C875544867089,PM10,SOURCE_RELATION_MISSING,GYGL仅为工业锅炉类别且企业有多台锅炉；补齐本锅炉与治理设施对应关系
SRC-RAW-1B27919C875544867089,PM2.5,SOURCE_RELATION_MISSING,GYGL仅为工业锅炉类别且企业有多台锅炉；补齐本锅炉与治理设施对应关系
SRC-RAW-1B27919C875544867089,NH3,SOURCE_RELATION_MISSING,工业锅炉类别脱硝设施对应多台锅炉；补齐设备—脱硝设施关系
SRC-RAW-1B27919C875544867089,NH3,POLLUTANT_PARAMETER_MISSING,补齐脱硝SCR/SNCR工艺，表E.1按煤计的氨因子不能据设施名称选定
SRC-RAW-1B27919C875544867089,NH3,factor_not_applicable,表E.1氨因子分母为煤，当前燃料天然气不具备可直接使用的氨因子；提供适用因子或实测氨排放
SRC-RAW-D23C2C5C0786B25E3E38,SO2,ACTIVITY_MISSING,燃料一类型和消耗量缺失；补齐本锅炉年度燃料活动水平
SRC-RAW-D23C2C5C0786B25E3E38,NOx,ACTIVITY_MISSING,燃料一类型和消耗量缺失；补齐本锅炉年度燃料活动水平
SRC-RAW-D23C2C5C0786B25E3E38,CO,ACTIVITY_MISSING,燃料一类型和消耗量缺失；补齐本锅炉年度燃料活动水平
SRC-RAW-D23C2C5C0786B25E3E38,VOC,ACTIVITY_MISSING,燃料一类型和消耗量缺失；补齐本锅炉年度燃料活动水平
SRC-RAW-D23C2C5C0786B25E3E38,PM10,ACTIVITY_MISSING,燃料一类型和消耗量缺失；补齐本锅炉年度燃料活动水平
SRC-RAW-D23C2C5C0786B25E3E38,PM2.5,ACTIVITY_MISSING,燃料一类型和消耗量缺失；补齐本锅炉年度燃料活动水平
SRC-RAW-D23C2C5C0786B25E3E38,BC,ACTIVITY_MISSING,燃料一类型和消耗量缺失；补齐本锅炉年度燃料活动水平
SRC-RAW-D23C2C5C0786B25E3E38,OC,ACTIVITY_MISSING,燃料一类型和消耗量缺失；补齐本锅炉年度燃料活动水平
SRC-RAW-3DECD2EAA675912E63DB,NOx,SOURCE_RELATION_MISSING,GYGL仅为工业锅炉类别且企业有多台锅炉；补齐本锅炉与治理设施对应关系
SRC-RAW-3DECD2EAA675912E63DB,PM10,SOURCE_RELATION_MISSING,GYGL仅为工业锅炉类别且企业有多台锅炉；补齐本锅炉与治理设施对应关系
SRC-RAW-3DECD2EAA675912E63DB,PM2.5,SOURCE_RELATION_MISSING,GYGL仅为工业锅炉类别且企业有多台锅炉；补齐本锅炉与治理设施对应关系
SRC-RAW-3DECD2EAA675912E63DB,NH3,SOURCE_RELATION_MISSING,工业锅炉类别脱硝设施对应多台锅炉；补齐设备—脱硝设施关系
SRC-RAW-3DECD2EAA675912E63DB,NH3,POLLUTANT_PARAMETER_MISSING,补齐脱硝SCR/SNCR工艺，表E.1按煤计的氨因子不能据设施名称选定
SRC-RAW-3DECD2EAA675912E63DB,NH3,factor_not_applicable,表E.1氨因子分母为煤，当前燃料天然气不具备可直接使用的氨因子；提供适用因子或实测氨排放
SRC-RAW-BCEBEAE8FA637E1C2F2E,NOx,SOURCE_RELATION_MISSING,GYGL仅为工业锅炉类别且企业有多台锅炉；补齐本锅炉与治理设施对应关系
SRC-RAW-BCEBEAE8FA637E1C2F2E,PM10,SOURCE_RELATION_MISSING,GYGL仅为工业锅炉类别且企业有多台锅炉；补齐本锅炉与治理设施对应关系
SRC-RAW-BCEBEAE8FA637E1C2F2E,PM2.5,SOURCE_RELATION_MISSING,GYGL仅为工业锅炉类别且企业有多台锅炉；补齐本锅炉与治理设施对应关系
SRC-RAW-BCEBEAE8FA637E1C2F2E,NH3,SOURCE_RELATION_MISSING,工业锅炉类别脱硝设施对应多台锅炉；补齐设备—脱硝设施关系
SRC-RAW-BCEBEAE8FA637E1C2F2E,NH3,POLLUTANT_PARAMETER_MISSING,补齐脱硝SCR/SNCR工艺，表E.1按煤计的氨因子不能据设施名称选定
SRC-RAW-BCEBEAE8FA637E1C2F2E,NH3,factor_not_applicable,表E.1氨因子分母为煤，当前燃料天然气不具备可直接使用的氨因子；提供适用因子或实测氨排放
SRC-RAW-BEC866CF2B65BFCADBAB,NOx,SOURCE_RELATION_MISSING,GYGL仅为工业锅炉类别且企业有多台锅炉；补齐本锅炉与治理设施对应关系
SRC-RAW-BEC866CF2B65BFCADBAB,PM10,SOURCE_RELATION_MISSING,GYGL仅为工业锅炉类别且企业有多台锅炉；补齐本锅炉与治理设施对应关系
SRC-RAW-BEC866CF2B65BFCADBAB,PM2.5,SOURCE_RELATION_MISSING,GYGL仅为工业锅炉类别且企业有多台锅炉；补齐本锅炉与治理设施对应关系
SRC-RAW-BEC866CF2B65BFCADBAB,NH3,SOURCE_RELATION_MISSING,工业锅炉类别脱硝设施对应多台锅炉；补齐设备—脱硝设施关系
SRC-RAW-BEC866CF2B65BFCADBAB,NH3,POLLUTANT_PARAMETER_MISSING,补齐脱硝SCR/SNCR工艺，表E.1按煤计的氨因子不能据设施名称选定
SRC-RAW-BEC866CF2B65BFCADBAB,NH3,factor_not_applicable,表E.1氨因子分母为煤，当前燃料天然气不具备可直接使用的氨因子；提供适用因子或实测氨排放
SRC-RAW-2892E0E82C8DC7298B59,NOx,SOURCE_RELATION_MISSING,GYGL仅为工业锅炉类别且企业有多台锅炉；补齐本锅炉与治理设施对应关系
SRC-RAW-2892E0E82C8DC7298B59,PM10,SOURCE_RELATION_MISSING,GYGL仅为工业锅炉类别且企业有多台锅炉；补齐本锅炉与治理设施对应关系
SRC-RAW-2892E0E82C8DC7298B59,PM2.5,SOURCE_RELATION_MISSING,GYGL仅为工业锅炉类别且企业有多台锅炉；补齐本锅炉与治理设施对应关系
SRC-RAW-2892E0E82C8DC7298B59,NH3,SOURCE_RELATION_MISSING,工业锅炉类别脱硝设施对应多台锅炉；补齐设备—脱硝设施关系
SRC-RAW-2892E0E82C8DC7298B59,NH3,POLLUTANT_PARAMETER_MISSING,补齐脱硝SCR/SNCR工艺，表E.1按煤计的氨因子不能据设施名称选定
SRC-RAW-2892E0E82C8DC7298B59,NH3,factor_not_applicable,表E.1氨因子分母为煤，当前燃料天然气不具备可直接使用的氨因子；提供适用因子或实测氨排放
SRC-RAW-9F6E8E8846F11AF7FD50,NOx,SOURCE_RELATION_MISSING,GYGL仅为工业锅炉类别且企业有多台锅炉；补齐本锅炉与治理设施对应关系
SRC-RAW-9F6E8E8846F11AF7FD50,PM10,SOURCE_RELATION_MISSING,GYGL仅为工业锅炉类别且企业有多台锅炉；补齐本锅炉与治理设施对应关系
SRC-RAW-9F6E8E8846F11AF7FD50,PM2.5,SOURCE_RELATION_MISSING,GYGL仅为工业锅炉类别且企业有多台锅炉；补齐本锅炉与治理设施对应关系
SRC-RAW-9F6E8E8846F11AF7FD50,NH3,SOURCE_RELATION_MISSING,工业锅炉类别脱硝设施对应多台锅炉；补齐设备—脱硝设施关系
SRC-RAW-9F6E8E8846F11AF7FD50,NH3,POLLUTANT_PARAMETER_MISSING,补齐脱硝SCR/SNCR工艺，表E.1按煤计的氨因子不能据设施名称选定
SRC-RAW-9F6E8E8846F11AF7FD50,NH3,factor_not_applicable,表E.1氨因子分母为煤，当前燃料天然气不具备可直接使用的氨因子；提供适用因子或实测氨排放
SRC-RAW-02F3B6B0A5B2638BD02F,NOx,SOURCE_RELATION_MISSING,GYGL仅为工业锅炉类别且企业有多台锅炉；补齐本锅炉与治理设施对应关系
SRC-RAW-02F3B6B0A5B2638BD02F,PM10,SOURCE_RELATION_MISSING,GYGL仅为工业锅炉类别且企业有多台锅炉；补齐本锅炉与治理设施对应关系
SRC-RAW-02F3B6B0A5B2638BD02F,PM2.5,SOURCE_RELATION_MISSING,GYGL仅为工业锅炉类别且企业有多台锅炉；补齐本锅炉与治理设施对应关系
SRC-RAW-02F3B6B0A5B2638BD02F,NH3,SOURCE_RELATION_MISSING,工业锅炉类别脱硝设施对应多台锅炉；补齐设备—脱硝设施关系
SRC-RAW-02F3B6B0A5B2638BD02F,NH3,POLLUTANT_PARAMETER_MISSING,补齐脱硝SCR/SNCR工艺，表E.1按煤计的氨因子不能据设施名称选定
SRC-RAW-02F3B6B0A5B2638BD02F,NH3,factor_not_applicable,表E.1氨因子分母为煤，当前燃料天然气不具备可直接使用的氨因子；提供适用因子或实测氨排放
SRC-RAW-EEF5B86652858DBE1F2D,NOx,SOURCE_RELATION_MISSING,GYGL仅为工业锅炉类别且企业有多台锅炉；补齐本锅炉与治理设施对应关系
SRC-RAW-EEF5B86652858DBE1F2D,PM10,SOURCE_RELATION_MISSING,GYGL仅为工业锅炉类别且企业有多台锅炉；补齐本锅炉与治理设施对应关系
SRC-RAW-EEF5B86652858DBE1F2D,PM2.5,SOURCE_RELATION_MISSING,GYGL仅为工业锅炉类别且企业有多台锅炉；补齐本锅炉与治理设施对应关系
SRC-RAW-EEF5B86652858DBE1F2D,NH3,SOURCE_RELATION_MISSING,工业锅炉类别脱硝设施对应多台锅炉；补齐设备—脱硝设施关系
SRC-RAW-EEF5B86652858DBE1F2D,NH3,POLLUTANT_PARAMETER_MISSING,补齐脱硝SCR/SNCR工艺，表E.1按煤计的氨因子不能据设施名称选定
SRC-RAW-EEF5B86652858DBE1F2D,NH3,factor_not_applicable,表E.1氨因子分母为煤，当前燃料天然气不具备可直接使用的氨因子；提供适用因子或实测氨排放
SRC-RAW-49B024D105198A61ED0C,NOx,SOURCE_RELATION_MISSING,GYGL仅为工业锅炉类别且企业有多台锅炉；补齐本锅炉与治理设施对应关系
SRC-RAW-49B024D105198A61ED0C,PM10,SOURCE_RELATION_MISSING,GYGL仅为工业锅炉类别且企业有多台锅炉；补齐本锅炉与治理设施对应关系
SRC-RAW-49B024D105198A61ED0C,PM2.5,SOURCE_RELATION_MISSING,GYGL仅为工业锅炉类别且企业有多台锅炉；补齐本锅炉与治理设施对应关系
SRC-RAW-49B024D105198A61ED0C,NH3,SOURCE_RELATION_MISSING,工业锅炉类别脱硝设施对应多台锅炉；补齐设备—脱硝设施关系
SRC-RAW-49B024D105198A61ED0C,NH3,POLLUTANT_PARAMETER_MISSING,补齐脱硝SCR/SNCR工艺，表E.1按煤计的氨因子不能据设施名称选定
SRC-RAW-49B024D105198A61ED0C,NH3,factor_not_applicable,表E.1氨因子分母为煤，当前燃料天然气不具备可直接使用的氨因子；提供适用因子或实测氨排放
SRC-RAW-0EE5EF6B377A4C2F0470,NOx,SOURCE_RELATION_MISSING,GYGL仅为工业锅炉类别且企业有多台锅炉；补齐本锅炉与治理设施对应关系
SRC-RAW-0EE5EF6B377A4C2F0470,PM10,SOURCE_RELATION_MISSING,GYGL仅为工业锅炉类别且企业有多台锅炉；补齐本锅炉与治理设施对应关系
SRC-RAW-0EE5EF6B377A4C2F0470,PM2.5,SOURCE_RELATION_MISSING,GYGL仅为工业锅炉类别且企业有多台锅炉；补齐本锅炉与治理设施对应关系
SRC-RAW-0EE5EF6B377A4C2F0470,NH3,SOURCE_RELATION_MISSING,工业锅炉类别脱硝设施对应多台锅炉；补齐设备—脱硝设施关系
SRC-RAW-0EE5EF6B377A4C2F0470,NH3,POLLUTANT_PARAMETER_MISSING,补齐脱硝SCR/SNCR工艺，表E.1按煤计的氨因子不能据设施名称选定
SRC-RAW-0EE5EF6B377A4C2F0470,NH3,factor_not_applicable,表E.1氨因子分母为煤，当前燃料天然气不具备可直接使用的氨因子；提供适用因子或实测氨排放
SRC-RAW-18553E96706DF462604B,NOx,SOURCE_RELATION_MISSING,GYGL仅为工业锅炉类别且企业有多台锅炉；补齐本锅炉与治理设施对应关系
SRC-RAW-18553E96706DF462604B,PM10,SOURCE_RELATION_MISSING,GYGL仅为工业锅炉类别且企业有多台锅炉；补齐本锅炉与治理设施对应关系
SRC-RAW-18553E96706DF462604B,PM2.5,SOURCE_RELATION_MISSING,GYGL仅为工业锅炉类别且企业有多台锅炉；补齐本锅炉与治理设施对应关系
SRC-RAW-18553E96706DF462604B,NH3,SOURCE_RELATION_MISSING,工业锅炉类别脱硝设施对应多台锅炉；补齐设备—脱硝设施关系
SRC-RAW-18553E96706DF462604B,NH3,POLLUTANT_PARAMETER_MISSING,补齐脱硝SCR/SNCR工艺，表E.1按煤计的氨因子不能据设施名称选定
SRC-RAW-18553E96706DF462604B,NH3,factor_not_applicable,表E.1氨因子分母为煤，当前燃料天然气不具备可直接使用的氨因子；提供适用因子或实测氨排放
SRC-RAW-8B278BDE9916034F0A4C,NOx,SOURCE_RELATION_MISSING,GYGL仅为工业锅炉类别且企业有多台锅炉；补齐本锅炉与治理设施对应关系
SRC-RAW-8B278BDE9916034F0A4C,PM10,SOURCE_RELATION_MISSING,GYGL仅为工业锅炉类别且企业有多台锅炉；补齐本锅炉与治理设施对应关系
SRC-RAW-8B278BDE9916034F0A4C,PM2.5,SOURCE_RELATION_MISSING,GYGL仅为工业锅炉类别且企业有多台锅炉；补齐本锅炉与治理设施对应关系
SRC-RAW-8B278BDE9916034F0A4C,NH3,SOURCE_RELATION_MISSING,工业锅炉类别脱硝设施对应多台锅炉；补齐设备—脱硝设施关系
SRC-RAW-8B278BDE9916034F0A4C,NH3,POLLUTANT_PARAMETER_MISSING,补齐脱硝SCR/SNCR工艺，表E.1按煤计的氨因子不能据设施名称选定
SRC-RAW-8B278BDE9916034F0A4C,NH3,factor_not_applicable,表E.1氨因子分母为煤，当前燃料天然气不具备可直接使用的氨因子；提供适用因子或实测氨排放
SRC-RAW-D1445CF8A29DF778BC57,NOx,SOURCE_RELATION_MISSING,GYGL仅为工业锅炉类别且企业有多台锅炉；补齐本锅炉与治理设施对应关系
SRC-RAW-D1445CF8A29DF778BC57,PM10,SOURCE_RELATION_MISSING,GYGL仅为工业锅炉类别且企业有多台锅炉；补齐本锅炉与治理设施对应关系
SRC-RAW-D1445CF8A29DF778BC57,PM2.5,SOURCE_RELATION_MISSING,GYGL仅为工业锅炉类别且企业有多台锅炉；补齐本锅炉与治理设施对应关系
SRC-RAW-D1445CF8A29DF778BC57,NH3,SOURCE_RELATION_MISSING,工业锅炉类别脱硝设施对应多台锅炉；补齐设备—脱硝设施关系
SRC-RAW-D1445CF8A29DF778BC57,NH3,POLLUTANT_PARAMETER_MISSING,补齐脱硝SCR/SNCR工艺，表E.1按煤计的氨因子不能据设施名称选定
SRC-RAW-D1445CF8A29DF778BC57,NH3,factor_not_applicable,表E.1氨因子分母为煤，当前燃料天然气不具备可直接使用的氨因子；提供适用因子或实测氨排放
SRC-RAW-97D6A8CD9A2DC652D3DD,NOx,SOURCE_RELATION_MISSING,GYGL仅为工业锅炉类别且企业有多台锅炉；补齐本锅炉与治理设施对应关系
SRC-RAW-97D6A8CD9A2DC652D3DD,PM10,SOURCE_RELATION_MISSING,GYGL仅为工业锅炉类别且企业有多台锅炉；补齐本锅炉与治理设施对应关系
SRC-RAW-97D6A8CD9A2DC652D3DD,PM2.5,SOURCE_RELATION_MISSING,GYGL仅为工业锅炉类别且企业有多台锅炉；补齐本锅炉与治理设施对应关系
SRC-RAW-97D6A8CD9A2DC652D3DD,NH3,SOURCE_RELATION_MISSING,工业锅炉类别脱硝设施对应多台锅炉；补齐设备—脱硝设施关系
SRC-RAW-97D6A8CD9A2DC652D3DD,NH3,POLLUTANT_PARAMETER_MISSING,补齐脱硝SCR/SNCR工艺，表E.1按煤计的氨因子不能据设施名称选定
SRC-RAW-97D6A8CD9A2DC652D3DD,NH3,factor_not_applicable,表E.1氨因子分母为煤，当前燃料天然气不具备可直接使用的氨因子；提供适用因子或实测氨排放
SRC-RAW-E022E032B80E3A797B4F,NOx,SOURCE_RELATION_MISSING,GYGL仅为工业锅炉类别且企业有多台锅炉；补齐本锅炉与治理设施对应关系
SRC-RAW-E022E032B80E3A797B4F,PM10,SOURCE_RELATION_MISSING,GYGL仅为工业锅炉类别且企业有多台锅炉；补齐本锅炉与治理设施对应关系
SRC-RAW-E022E032B80E3A797B4F,PM2.5,SOURCE_RELATION_MISSING,GYGL仅为工业锅炉类别且企业有多台锅炉；补齐本锅炉与治理设施对应关系
SRC-RAW-E022E032B80E3A797B4F,NH3,SOURCE_RELATION_MISSING,工业锅炉类别脱硝设施对应多台锅炉；补齐设备—脱硝设施关系
SRC-RAW-E022E032B80E3A797B4F,NH3,POLLUTANT_PARAMETER_MISSING,补齐脱硝SCR/SNCR工艺，表E.1按煤计的氨因子不能据设施名称选定
SRC-RAW-E022E032B80E3A797B4F,NH3,factor_not_applicable,表E.1氨因子分母为煤，当前燃料天然气不具备可直接使用的氨因子；提供适用因子或实测氨排放
SRC-RAW-074E57C45AC724ABD623,NOx,SOURCE_RELATION_MISSING,GYGL仅为工业锅炉类别且企业有多台锅炉；补齐本锅炉与治理设施对应关系
SRC-RAW-074E57C45AC724ABD623,PM10,SOURCE_RELATION_MISSING,GYGL仅为工业锅炉类别且企业有多台锅炉；补齐本锅炉与治理设施对应关系
SRC-RAW-074E57C45AC724ABD623,PM2.5,SOURCE_RELATION_MISSING,GYGL仅为工业锅炉类别且企业有多台锅炉；补齐本锅炉与治理设施对应关系
SRC-RAW-074E57C45AC724ABD623,NH3,SOURCE_RELATION_MISSING,工业锅炉类别脱硝设施对应多台锅炉；补齐设备—脱硝设施关系
SRC-RAW-074E57C45AC724ABD623,NH3,POLLUTANT_PARAMETER_MISSING,补齐脱硝SCR/SNCR工艺，表E.1按煤计的氨因子不能据设施名称选定
SRC-RAW-074E57C45AC724ABD623,NH3,factor_not_applicable,表E.1氨因子分母为煤，当前燃料天然气不具备可直接使用的氨因子；提供适用因子或实测氨排放
SRC-RAW-6B9B577FC59943857991,NOx,SOURCE_RELATION_MISSING,GYGL仅为工业锅炉类别且企业有多台锅炉；补齐本锅炉与治理设施对应关系
SRC-RAW-6B9B577FC59943857991,PM10,SOURCE_RELATION_MISSING,GYGL仅为工业锅炉类别且企业有多台锅炉；补齐本锅炉与治理设施对应关系
SRC-RAW-6B9B577FC59943857991,PM2.5,SOURCE_RELATION_MISSING,GYGL仅为工业锅炉类别且企业有多台锅炉；补齐本锅炉与治理设施对应关系
SRC-RAW-6B9B577FC59943857991,NH3,SOURCE_RELATION_MISSING,工业锅炉类别脱硝设施对应多台锅炉；补齐设备—脱硝设施关系
SRC-RAW-6B9B577FC59943857991,NH3,POLLUTANT_PARAMETER_MISSING,补齐脱硝SCR/SNCR工艺，表E.1按煤计的氨因子不能据设施名称选定
SRC-RAW-6B9B577FC59943857991,NH3,factor_not_applicable,表E.1氨因子分母为煤，当前燃料天然气不具备可直接使用的氨因子；提供适用因子或实测氨排放
SRC-RAW-16BAA46D8F4AD8BBCE19,NOx,SOURCE_RELATION_MISSING,GYGL仅为工业锅炉类别且企业有多台锅炉；补齐本锅炉与治理设施对应关系
SRC-RAW-16BAA46D8F4AD8BBCE19,PM10,SOURCE_RELATION_MISSING,GYGL仅为工业锅炉类别且企业有多台锅炉；补齐本锅炉与治理设施对应关系
SRC-RAW-16BAA46D8F4AD8BBCE19,PM2.5,SOURCE_RELATION_MISSING,GYGL仅为工业锅炉类别且企业有多台锅炉；补齐本锅炉与治理设施对应关系
SRC-RAW-16BAA46D8F4AD8BBCE19,NH3,SOURCE_RELATION_MISSING,工业锅炉类别脱硝设施对应多台锅炉；补齐设备—脱硝设施关系
SRC-RAW-16BAA46D8F4AD8BBCE19,NH3,POLLUTANT_PARAMETER_MISSING,补齐脱硝SCR/SNCR工艺，表E.1按煤计的氨因子不能据设施名称选定
SRC-RAW-16BAA46D8F4AD8BBCE19,NH3,factor_not_applicable,表E.1氨因子分母为煤，当前燃料天然气不具备可直接使用的氨因子；提供适用因子或实测氨排放
SRC-RAW-53229F3C87248859F80B,NOx,SOURCE_RELATION_MISSING,GYGL仅为工业锅炉类别且企业有多台锅炉；补齐本锅炉与治理设施对应关系
SRC-RAW-53229F3C87248859F80B,PM10,SOURCE_RELATION_MISSING,GYGL仅为工业锅炉类别且企业有多台锅炉；补齐本锅炉与治理设施对应关系
SRC-RAW-53229F3C87248859F80B,PM2.5,SOURCE_RELATION_MISSING,GYGL仅为工业锅炉类别且企业有多台锅炉；补齐本锅炉与治理设施对应关系
SRC-RAW-53229F3C87248859F80B,NH3,SOURCE_RELATION_MISSING,工业锅炉类别脱硝设施对应多台锅炉；补齐设备—脱硝设施关系
SRC-RAW-53229F3C87248859F80B,NH3,POLLUTANT_PARAMETER_MISSING,补齐脱硝SCR/SNCR工艺，表E.1按煤计的氨因子不能据设施名称选定
SRC-RAW-53229F3C87248859F80B,NH3,factor_not_applicable,表E.1氨因子分母为煤，当前燃料天然气不具备可直接使用的氨因子；提供适用因子或实测氨排放
SRC-RAW-1E5D12B04AC89EC4B3C6,NOx,SOURCE_RELATION_MISSING,GYGL仅为工业锅炉类别且企业有多台锅炉；补齐本锅炉与治理设施对应关系
SRC-RAW-1E5D12B04AC89EC4B3C6,PM10,SOURCE_RELATION_MISSING,GYGL仅为工业锅炉类别且企业有多台锅炉；补齐本锅炉与治理设施对应关系
SRC-RAW-1E5D12B04AC89EC4B3C6,PM2.5,SOURCE_RELATION_MISSING,GYGL仅为工业锅炉类别且企业有多台锅炉；补齐本锅炉与治理设施对应关系
SRC-RAW-1E5D12B04AC89EC4B3C6,NH3,SOURCE_RELATION_MISSING,工业锅炉类别脱硝设施对应多台锅炉；补齐设备—脱硝设施关系
SRC-RAW-1E5D12B04AC89EC4B3C6,NH3,POLLUTANT_PARAMETER_MISSING,补齐脱硝SCR/SNCR工艺，表E.1按煤计的氨因子不能据设施名称选定
SRC-RAW-1E5D12B04AC89EC4B3C6,NH3,factor_not_applicable,表E.1氨因子分母为煤，当前燃料天然气不具备可直接使用的氨因子；提供适用因子或实测氨排放
SRC-RAW-9CE0BE6DD4DB190D9C30,NOx,SOURCE_RELATION_MISSING,GYGL仅为工业锅炉类别且企业有多台锅炉；补齐本锅炉与治理设施对应关系
SRC-RAW-9CE0BE6DD4DB190D9C30,PM10,SOURCE_RELATION_MISSING,GYGL仅为工业锅炉类别且企业有多台锅炉；补齐本锅炉与治理设施对应关系
SRC-RAW-9CE0BE6DD4DB190D9C30,PM2.5,SOURCE_RELATION_MISSING,GYGL仅为工业锅炉类别且企业有多台锅炉；补齐本锅炉与治理设施对应关系
SRC-RAW-9CE0BE6DD4DB190D9C30,NH3,SOURCE_RELATION_MISSING,工业锅炉类别脱硝设施对应多台锅炉；补齐设备—脱硝设施关系
SRC-RAW-9CE0BE6DD4DB190D9C30,NH3,POLLUTANT_PARAMETER_MISSING,补齐脱硝SCR/SNCR工艺，表E.1按煤计的氨因子不能据设施名称选定
SRC-RAW-9CE0BE6DD4DB190D9C30,NH3,factor_not_applicable,表E.1氨因子分母为煤，当前燃料天然气不具备可直接使用的氨因子；提供适用因子或实测氨排放
SRC-RAW-DD4D83E8B3A16A4F9AE0,NOx,SOURCE_RELATION_MISSING,GYGL仅为工业锅炉类别且企业有多台锅炉；补齐本锅炉与治理设施对应关系
SRC-RAW-DD4D83E8B3A16A4F9AE0,PM10,SOURCE_RELATION_MISSING,GYGL仅为工业锅炉类别且企业有多台锅炉；补齐本锅炉与治理设施对应关系
SRC-RAW-DD4D83E8B3A16A4F9AE0,PM2.5,SOURCE_RELATION_MISSING,GYGL仅为工业锅炉类别且企业有多台锅炉；补齐本锅炉与治理设施对应关系
SRC-RAW-DD4D83E8B3A16A4F9AE0,NH3,SOURCE_RELATION_MISSING,工业锅炉类别脱硝设施对应多台锅炉；补齐设备—脱硝设施关系
SRC-RAW-DD4D83E8B3A16A4F9AE0,NH3,POLLUTANT_PARAMETER_MISSING,补齐脱硝SCR/SNCR工艺，表E.1按煤计的氨因子不能据设施名称选定
SRC-RAW-DD4D83E8B3A16A4F9AE0,NH3,factor_not_applicable,表E.1氨因子分母为煤，当前燃料天然气不具备可直接使用的氨因子；提供适用因子或实测氨排放
SRC-RAW-C308A5FC792155E6DA27,PM10,POLLUTANT_PARAMETER_MISSING,对应治理设施缺年度有效运行小时数，不能将平均效率直接当全年实际效率；补齐设施投运率；颗粒物需区分PM2.5和粗粒径效率
SRC-RAW-C308A5FC792155E6DA27,PM2.5,POLLUTANT_PARAMETER_MISSING,对应治理设施缺年度有效运行小时数，不能将平均效率直接当全年实际效率；补齐设施投运率；颗粒物需区分PM2.5和粗粒径效率
SRC-RAW-44673F9CFFD766B0A8B0,NOx,SOURCE_RELATION_MISSING,GYGL仅为工业锅炉类别且企业有多台锅炉；补齐本锅炉与治理设施对应关系
SRC-RAW-44673F9CFFD766B0A8B0,PM10,SOURCE_RELATION_MISSING,GYGL仅为工业锅炉类别且企业有多台锅炉；补齐本锅炉与治理设施对应关系
SRC-RAW-44673F9CFFD766B0A8B0,PM2.5,SOURCE_RELATION_MISSING,GYGL仅为工业锅炉类别且企业有多台锅炉；补齐本锅炉与治理设施对应关系
SRC-RAW-44673F9CFFD766B0A8B0,NH3,SOURCE_RELATION_MISSING,工业锅炉类别脱硝设施对应多台锅炉；补齐设备—脱硝设施关系
SRC-RAW-44673F9CFFD766B0A8B0,NH3,POLLUTANT_PARAMETER_MISSING,补齐脱硝SCR/SNCR工艺，表E.1按煤计的氨因子不能据设施名称选定
SRC-RAW-44673F9CFFD766B0A8B0,NH3,factor_not_applicable,表E.1氨因子分母为煤，当前燃料天然气不具备可直接使用的氨因子；提供适用因子或实测氨排放
SRC-RAW-8BF570DBF127949D941B,NOx,SOURCE_RELATION_MISSING,GYGL仅为工业锅炉类别且企业有多台锅炉；补齐本锅炉与治理设施对应关系
SRC-RAW-8BF570DBF127949D941B,PM10,SOURCE_RELATION_MISSING,GYGL仅为工业锅炉类别且企业有多台锅炉；补齐本锅炉与治理设施对应关系
SRC-RAW-8BF570DBF127949D941B,PM2.5,SOURCE_RELATION_MISSING,GYGL仅为工业锅炉类别且企业有多台锅炉；补齐本锅炉与治理设施对应关系
SRC-RAW-8BF570DBF127949D941B,NH3,SOURCE_RELATION_MISSING,工业锅炉类别脱硝设施对应多台锅炉；补齐设备—脱硝设施关系
SRC-RAW-8BF570DBF127949D941B,NH3,POLLUTANT_PARAMETER_MISSING,补齐脱硝SCR/SNCR工艺，表E.1按煤计的氨因子不能据设施名称选定
SRC-RAW-8BF570DBF127949D941B,NH3,factor_not_applicable,表E.1氨因子分母为煤，当前燃料天然气不具备可直接使用的氨因子；提供适用因子或实测氨排放
SRC-RAW-F0FCAEC7F5D42FEACFA6,NOx,SOURCE_RELATION_MISSING,GYGL仅为工业锅炉类别且企业有多台锅炉；补齐本锅炉与治理设施对应关系
SRC-RAW-F0FCAEC7F5D42FEACFA6,PM10,SOURCE_RELATION_MISSING,GYGL仅为工业锅炉类别且企业有多台锅炉；补齐本锅炉与治理设施对应关系
SRC-RAW-F0FCAEC7F5D42FEACFA6,PM2.5,SOURCE_RELATION_MISSING,GYGL仅为工业锅炉类别且企业有多台锅炉；补齐本锅炉与治理设施对应关系
SRC-RAW-F0FCAEC7F5D42FEACFA6,NH3,SOURCE_RELATION_MISSING,工业锅炉类别脱硝设施对应多台锅炉；补齐设备—脱硝设施关系
SRC-RAW-F0FCAEC7F5D42FEACFA6,NH3,POLLUTANT_PARAMETER_MISSING,补齐脱硝SCR/SNCR工艺，表E.1按煤计的氨因子不能据设施名称选定
SRC-RAW-F0FCAEC7F5D42FEACFA6,NH3,factor_not_applicable,表E.1氨因子分母为煤，当前燃料天然气不具备可直接使用的氨因子；提供适用因子或实测氨排放
SRC-RAW-2AA5BF79AF5715DA16BA,NOx,SOURCE_RELATION_MISSING,GYGL仅为工业锅炉类别且企业有多台锅炉；补齐本锅炉与治理设施对应关系
SRC-RAW-2AA5BF79AF5715DA16BA,PM10,SOURCE_RELATION_MISSING,GYGL仅为工业锅炉类别且企业有多台锅炉；补齐本锅炉与治理设施对应关系
SRC-RAW-2AA5BF79AF5715DA16BA,PM2.5,SOURCE_RELATION_MISSING,GYGL仅为工业锅炉类别且企业有多台锅炉；补齐本锅炉与治理设施对应关系
SRC-RAW-2AA5BF79AF5715DA16BA,NH3,SOURCE_RELATION_MISSING,工业锅炉类别脱硝设施对应多台锅炉；补齐设备—脱硝设施关系
SRC-RAW-2AA5BF79AF5715DA16BA,NH3,POLLUTANT_PARAMETER_MISSING,补齐脱硝SCR/SNCR工艺，表E.1按煤计的氨因子不能据设施名称选定
SRC-RAW-2AA5BF79AF5715DA16BA,NH3,factor_not_applicable,表E.1氨因子分母为煤，当前燃料天然气不具备可直接使用的氨因子；提供适用因子或实测氨排放
SRC-RAW-A6631A4F01F59313039C,NOx,SOURCE_RELATION_MISSING,GYGL仅为工业锅炉类别且企业有多台锅炉；补齐本锅炉与治理设施对应关系
SRC-RAW-A6631A4F01F59313039C,PM10,SOURCE_RELATION_MISSING,GYGL仅为工业锅炉类别且企业有多台锅炉；补齐本锅炉与治理设施对应关系
SRC-RAW-A6631A4F01F59313039C,PM2.5,SOURCE_RELATION_MISSING,GYGL仅为工业锅炉类别且企业有多台锅炉；补齐本锅炉与治理设施对应关系
SRC-RAW-A6631A4F01F59313039C,NH3,SOURCE_RELATION_MISSING,工业锅炉类别脱硝设施对应多台锅炉；补齐设备—脱硝设施关系
SRC-RAW-A6631A4F01F59313039C,NH3,POLLUTANT_PARAMETER_MISSING,补齐脱硝SCR/SNCR工艺，表E.1按煤计的氨因子不能据设施名称选定
SRC-RAW-A6631A4F01F59313039C,NH3,factor_not_applicable,表E.1氨因子分母为煤，当前燃料天然气不具备可直接使用的氨因子；提供适用因子或实测氨排放
SRC-RAW-9C8432BEC01C10BF7D18,NOx,SOURCE_RELATION_MISSING,GYGL仅为工业锅炉类别且企业有多台锅炉；补齐本锅炉与治理设施对应关系
SRC-RAW-9C8432BEC01C10BF7D18,PM10,SOURCE_RELATION_MISSING,GYGL仅为工业锅炉类别且企业有多台锅炉；补齐本锅炉与治理设施对应关系
SRC-RAW-9C8432BEC01C10BF7D18,PM2.5,SOURCE_RELATION_MISSING,GYGL仅为工业锅炉类别且企业有多台锅炉；补齐本锅炉与治理设施对应关系
SRC-RAW-9C8432BEC01C10BF7D18,NH3,SOURCE_RELATION_MISSING,工业锅炉类别脱硝设施对应多台锅炉；补齐设备—脱硝设施关系
SRC-RAW-9C8432BEC01C10BF7D18,NH3,POLLUTANT_PARAMETER_MISSING,补齐脱硝SCR/SNCR工艺，表E.1按煤计的氨因子不能据设施名称选定
SRC-RAW-9C8432BEC01C10BF7D18,NH3,factor_not_applicable,表E.1氨因子分母为煤，当前燃料天然气不具备可直接使用的氨因子；提供适用因子或实测氨排放
SRC-RAW-0F284B897123065B8900,NOx,SOURCE_RELATION_MISSING,GYGL仅为工业锅炉类别且企业有多台锅炉；补齐本锅炉与治理设施对应关系
SRC-RAW-0F284B897123065B8900,PM10,SOURCE_RELATION_MISSING,GYGL仅为工业锅炉类别且企业有多台锅炉；补齐本锅炉与治理设施对应关系
SRC-RAW-0F284B897123065B8900,PM2.5,SOURCE_RELATION_MISSING,GYGL仅为工业锅炉类别且企业有多台锅炉；补齐本锅炉与治理设施对应关系
SRC-RAW-0F284B897123065B8900,NH3,SOURCE_RELATION_MISSING,工业锅炉类别脱硝设施对应多台锅炉；补齐设备—脱硝设施关系
SRC-RAW-0F284B897123065B8900,NH3,POLLUTANT_PARAMETER_MISSING,补齐脱硝SCR/SNCR工艺，表E.1按煤计的氨因子不能据设施名称选定
SRC-RAW-0F284B897123065B8900,NH3,factor_not_applicable,表E.1氨因子分母为煤，当前燃料天然气不具备可直接使用的氨因子；提供适用因子或实测氨排放
SRC-RAW-E9C2A298CA351C36C1B4,NOx,SOURCE_RELATION_MISSING,GYGL仅为工业锅炉类别且企业有多台锅炉；补齐本锅炉与治理设施对应关系
SRC-RAW-E9C2A298CA351C36C1B4,PM10,SOURCE_RELATION_MISSING,GYGL仅为工业锅炉类别且企业有多台锅炉；补齐本锅炉与治理设施对应关系
SRC-RAW-E9C2A298CA351C36C1B4,PM2.5,SOURCE_RELATION_MISSING,GYGL仅为工业锅炉类别且企业有多台锅炉；补齐本锅炉与治理设施对应关系
SRC-RAW-E9C2A298CA351C36C1B4,NH3,SOURCE_RELATION_MISSING,工业锅炉类别脱硝设施对应多台锅炉；补齐设备—脱硝设施关系
SRC-RAW-E9C2A298CA351C36C1B4,NH3,POLLUTANT_PARAMETER_MISSING,补齐脱硝SCR/SNCR工艺，表E.1按煤计的氨因子不能据设施名称选定
SRC-RAW-E9C2A298CA351C36C1B4,NH3,factor_not_applicable,表E.1氨因子分母为煤，当前燃料天然气不具备可直接使用的氨因子；提供适用因子或实测氨排放
SRC-RAW-5836A1201C852E160B80,NOx,SOURCE_RELATION_MISSING,GYGL仅为工业锅炉类别且企业有多台锅炉；补齐本锅炉与治理设施对应关系
SRC-RAW-5836A1201C852E160B80,PM10,SOURCE_RELATION_MISSING,GYGL仅为工业锅炉类别且企业有多台锅炉；补齐本锅炉与治理设施对应关系
SRC-RAW-5836A1201C852E160B80,PM2.5,SOURCE_RELATION_MISSING,GYGL仅为工业锅炉类别且企业有多台锅炉；补齐本锅炉与治理设施对应关系
SRC-RAW-5836A1201C852E160B80,NH3,SOURCE_RELATION_MISSING,工业锅炉类别脱硝设施对应多台锅炉；补齐设备—脱硝设施关系
SRC-RAW-5836A1201C852E160B80,NH3,POLLUTANT_PARAMETER_MISSING,补齐脱硝SCR/SNCR工艺，表E.1按煤计的氨因子不能据设施名称选定
SRC-RAW-5836A1201C852E160B80,NH3,factor_not_applicable,表E.1氨因子分母为煤，当前燃料天然气不具备可直接使用的氨因子；提供适用因子或实测氨排放
SRC-RAW-BCCA6967336AC2EE5B6C,NOx,SOURCE_RELATION_MISSING,GYGL仅为工业锅炉类别且企业有多台锅炉；补齐本锅炉与治理设施对应关系
SRC-RAW-BCCA6967336AC2EE5B6C,PM10,SOURCE_RELATION_MISSING,GYGL仅为工业锅炉类别且企业有多台锅炉；补齐本锅炉与治理设施对应关系
SRC-RAW-BCCA6967336AC2EE5B6C,PM2.5,SOURCE_RELATION_MISSING,GYGL仅为工业锅炉类别且企业有多台锅炉；补齐本锅炉与治理设施对应关系
SRC-RAW-BCCA6967336AC2EE5B6C,NH3,SOURCE_RELATION_MISSING,工业锅炉类别脱硝设施对应多台锅炉；补齐设备—脱硝设施关系
SRC-RAW-BCCA6967336AC2EE5B6C,NH3,POLLUTANT_PARAMETER_MISSING,补齐脱硝SCR/SNCR工艺，表E.1按煤计的氨因子不能据设施名称选定
SRC-RAW-BCCA6967336AC2EE5B6C,NH3,factor_not_applicable,表E.1氨因子分母为煤，当前燃料天然气不具备可直接使用的氨因子；提供适用因子或实测氨排放
SRC-RAW-8C5997F0892DEFDA2484,NOx,SOURCE_RELATION_MISSING,GYGL仅为工业锅炉类别且企业有多台锅炉；补齐本锅炉与治理设施对应关系
SRC-RAW-8C5997F0892DEFDA2484,PM10,SOURCE_RELATION_MISSING,GYGL仅为工业锅炉类别且企业有多台锅炉；补齐本锅炉与治理设施对应关系
SRC-RAW-8C5997F0892DEFDA2484,PM2.5,SOURCE_RELATION_MISSING,GYGL仅为工业锅炉类别且企业有多台锅炉；补齐本锅炉与治理设施对应关系
SRC-RAW-8C5997F0892DEFDA2484,NH3,SOURCE_RELATION_MISSING,工业锅炉类别脱硝设施对应多台锅炉；补齐设备—脱硝设施关系
SRC-RAW-8C5997F0892DEFDA2484,NH3,POLLUTANT_PARAMETER_MISSING,补齐脱硝SCR/SNCR工艺，表E.1按煤计的氨因子不能据设施名称选定
SRC-RAW-8C5997F0892DEFDA2484,NH3,factor_not_applicable,表E.1氨因子分母为煤，当前燃料天然气不具备可直接使用的氨因子；提供适用因子或实测氨排放
SRC-RAW-EE68DB78FB44DEE14E78,NOx,SOURCE_RELATION_MISSING,GYGL仅为工业锅炉类别且企业有多台锅炉；补齐本锅炉与治理设施对应关系
SRC-RAW-EE68DB78FB44DEE14E78,PM10,SOURCE_RELATION_MISSING,GYGL仅为工业锅炉类别且企业有多台锅炉；补齐本锅炉与治理设施对应关系
SRC-RAW-EE68DB78FB44DEE14E78,PM2.5,SOURCE_RELATION_MISSING,GYGL仅为工业锅炉类别且企业有多台锅炉；补齐本锅炉与治理设施对应关系
SRC-RAW-EE68DB78FB44DEE14E78,NH3,SOURCE_RELATION_MISSING,工业锅炉类别脱硝设施对应多台锅炉；补齐设备—脱硝设施关系
SRC-RAW-EE68DB78FB44DEE14E78,NH3,POLLUTANT_PARAMETER_MISSING,补齐脱硝SCR/SNCR工艺，表E.1按煤计的氨因子不能据设施名称选定
SRC-RAW-EE68DB78FB44DEE14E78,NH3,factor_not_applicable,表E.1氨因子分母为煤，当前燃料天然气不具备可直接使用的氨因子；提供适用因子或实测氨排放
SRC-RAW-8E4CEF55532E420C301B,NOx,SOURCE_RELATION_MISSING,GYGL仅为工业锅炉类别且企业有多台锅炉；补齐本锅炉与治理设施对应关系
SRC-RAW-8E4CEF55532E420C301B,PM10,SOURCE_RELATION_MISSING,GYGL仅为工业锅炉类别且企业有多台锅炉；补齐本锅炉与治理设施对应关系
SRC-RAW-8E4CEF55532E420C301B,PM2.5,SOURCE_RELATION_MISSING,GYGL仅为工业锅炉类别且企业有多台锅炉；补齐本锅炉与治理设施对应关系
SRC-RAW-8E4CEF55532E420C301B,NH3,SOURCE_RELATION_MISSING,工业锅炉类别脱硝设施对应多台锅炉；补齐设备—脱硝设施关系
SRC-RAW-8E4CEF55532E420C301B,NH3,POLLUTANT_PARAMETER_MISSING,补齐脱硝SCR/SNCR工艺，表E.1按煤计的氨因子不能据设施名称选定
SRC-RAW-8E4CEF55532E420C301B,NH3,factor_not_applicable,表E.1氨因子分母为煤，当前燃料天然气不具备可直接使用的氨因子；提供适用因子或实测氨排放
SRC-RAW-CF1B2E74119D1DCF72C4,NOx,SOURCE_RELATION_MISSING,GYGL仅为工业锅炉类别且企业有多台锅炉；补齐本锅炉与治理设施对应关系
SRC-RAW-CF1B2E74119D1DCF72C4,PM10,SOURCE_RELATION_MISSING,GYGL仅为工业锅炉类别且企业有多台锅炉；补齐本锅炉与治理设施对应关系
SRC-RAW-CF1B2E74119D1DCF72C4,PM2.5,SOURCE_RELATION_MISSING,GYGL仅为工业锅炉类别且企业有多台锅炉；补齐本锅炉与治理设施对应关系
SRC-RAW-CF1B2E74119D1DCF72C4,NH3,SOURCE_RELATION_MISSING,工业锅炉类别脱硝设施对应多台锅炉；补齐设备—脱硝设施关系
SRC-RAW-CF1B2E74119D1DCF72C4,NH3,POLLUTANT_PARAMETER_MISSING,补齐脱硝SCR/SNCR工艺，表E.1按煤计的氨因子不能据设施名称选定
SRC-RAW-CF1B2E74119D1DCF72C4,NH3,factor_not_applicable,表E.1氨因子分母为煤，当前燃料天然气不具备可直接使用的氨因子；提供适用因子或实测氨排放
SRC-RAW-6043CCF6004473009216,NOx,SOURCE_RELATION_MISSING,GYGL仅为工业锅炉类别且企业有多台锅炉；补齐本锅炉与治理设施对应关系
SRC-RAW-6043CCF6004473009216,PM10,SOURCE_RELATION_MISSING,GYGL仅为工业锅炉类别且企业有多台锅炉；补齐本锅炉与治理设施对应关系
SRC-RAW-6043CCF6004473009216,PM2.5,SOURCE_RELATION_MISSING,GYGL仅为工业锅炉类别且企业有多台锅炉；补齐本锅炉与治理设施对应关系
SRC-RAW-6043CCF6004473009216,NH3,SOURCE_RELATION_MISSING,工业锅炉类别脱硝设施对应多台锅炉；补齐设备—脱硝设施关系
SRC-RAW-6043CCF6004473009216,NH3,POLLUTANT_PARAMETER_MISSING,补齐脱硝SCR/SNCR工艺，表E.1按煤计的氨因子不能据设施名称选定
SRC-RAW-6043CCF6004473009216,NH3,factor_not_applicable,表E.1氨因子分母为煤，当前燃料天然气不具备可直接使用的氨因子；提供适用因子或实测氨排放
SRC-RAW-E94C720B89DD5D757E9D,NOx,SOURCE_RELATION_MISSING,GYGL仅为工业锅炉类别且企业有多台锅炉；补齐本锅炉与治理设施对应关系
SRC-RAW-E94C720B89DD5D757E9D,PM10,SOURCE_RELATION_MISSING,GYGL仅为工业锅炉类别且企业有多台锅炉；补齐本锅炉与治理设施对应关系
SRC-RAW-E94C720B89DD5D757E9D,PM2.5,SOURCE_RELATION_MISSING,GYGL仅为工业锅炉类别且企业有多台锅炉；补齐本锅炉与治理设施对应关系
SRC-RAW-E94C720B89DD5D757E9D,NH3,SOURCE_RELATION_MISSING,工业锅炉类别脱硝设施对应多台锅炉；补齐设备—脱硝设施关系
SRC-RAW-E94C720B89DD5D757E9D,NH3,POLLUTANT_PARAMETER_MISSING,补齐脱硝SCR/SNCR工艺，表E.1按煤计的氨因子不能据设施名称选定
SRC-RAW-E94C720B89DD5D757E9D,NH3,factor_not_applicable,表E.1氨因子分母为煤，当前燃料天然气不具备可直接使用的氨因子；提供适用因子或实测氨排放
SRC-RAW-81B8B1217CCBC394F944,NOx,SOURCE_RELATION_MISSING,GYGL仅为工业锅炉类别且企业有多台锅炉；补齐本锅炉与治理设施对应关系
SRC-RAW-81B8B1217CCBC394F944,PM10,SOURCE_RELATION_MISSING,GYGL仅为工业锅炉类别且企业有多台锅炉；补齐本锅炉与治理设施对应关系
SRC-RAW-81B8B1217CCBC394F944,PM2.5,SOURCE_RELATION_MISSING,GYGL仅为工业锅炉类别且企业有多台锅炉；补齐本锅炉与治理设施对应关系
SRC-RAW-81B8B1217CCBC394F944,NH3,SOURCE_RELATION_MISSING,工业锅炉类别脱硝设施对应多台锅炉；补齐设备—脱硝设施关系
SRC-RAW-81B8B1217CCBC394F944,NH3,POLLUTANT_PARAMETER_MISSING,补齐脱硝SCR/SNCR工艺，表E.1按煤计的氨因子不能据设施名称选定
SRC-RAW-81B8B1217CCBC394F944,NH3,factor_not_applicable,表E.1氨因子分母为煤，当前燃料天然气不具备可直接使用的氨因子；提供适用因子或实测氨排放
SRC-RAW-15EADC2A31E6ECDCC708,NOx,SOURCE_RELATION_MISSING,GYGL仅为工业锅炉类别且企业有多台锅炉；补齐本锅炉与治理设施对应关系
SRC-RAW-15EADC2A31E6ECDCC708,PM10,SOURCE_RELATION_MISSING,GYGL仅为工业锅炉类别且企业有多台锅炉；补齐本锅炉与治理设施对应关系
SRC-RAW-15EADC2A31E6ECDCC708,PM2.5,SOURCE_RELATION_MISSING,GYGL仅为工业锅炉类别且企业有多台锅炉；补齐本锅炉与治理设施对应关系
SRC-RAW-15EADC2A31E6ECDCC708,NH3,SOURCE_RELATION_MISSING,工业锅炉类别脱硝设施对应多台锅炉；补齐设备—脱硝设施关系
SRC-RAW-15EADC2A31E6ECDCC708,NH3,POLLUTANT_PARAMETER_MISSING,补齐脱硝SCR/SNCR工艺，表E.1按煤计的氨因子不能据设施名称选定
SRC-RAW-15EADC2A31E6ECDCC708,NH3,factor_not_applicable,表E.1氨因子分母为煤，当前燃料天然气不具备可直接使用的氨因子；提供适用因子或实测氨排放
SRC-RAW-47958131825C056257E6,SO2,activity_unit_unresolved,燃料一单位吨标准煤与因子分母t不一致；补原燃料实物量或有依据的换算关系
SRC-RAW-47958131825C056257E6,NOx,activity_unit_unresolved,燃料一单位吨标准煤与因子分母t不一致；补原燃料实物量或有依据的换算关系
SRC-RAW-47958131825C056257E6,CO,activity_unit_unresolved,燃料一单位吨标准煤与因子分母t不一致；补原燃料实物量或有依据的换算关系
SRC-RAW-47958131825C056257E6,VOC,activity_unit_unresolved,燃料一单位吨标准煤与因子分母t不一致；补原燃料实物量或有依据的换算关系
SRC-RAW-47958131825C056257E6,PM10,activity_unit_unresolved,燃料一单位吨标准煤与因子分母t不一致；补原燃料实物量或有依据的换算关系
SRC-RAW-47958131825C056257E6,PM2.5,activity_unit_unresolved,燃料一单位吨标准煤与因子分母t不一致；补原燃料实物量或有依据的换算关系
SRC-RAW-47958131825C056257E6,BC,activity_unit_unresolved,燃料一单位吨标准煤与因子分母t不一致；补原燃料实物量或有依据的换算关系
SRC-RAW-47958131825C056257E6,OC,activity_unit_unresolved,燃料一单位吨标准煤与因子分母t不一致；补原燃料实物量或有依据的换算关系
SRC-RAW-8BAF72D125F94514DB4A,PM10,SOURCE_RELATION_MISSING,GYGL仅为工业锅炉类别且企业有多台锅炉；补齐本锅炉与治理设施对应关系
SRC-RAW-8BAF72D125F94514DB4A,PM2.5,SOURCE_RELATION_MISSING,GYGL仅为工业锅炉类别且企业有多台锅炉；补齐本锅炉与治理设施对应关系
SRC-RAW-7BA5C429380EAC58A88A,PM10,SOURCE_RELATION_MISSING,GYGL仅为工业锅炉类别且企业有多台锅炉；补齐本锅炉与治理设施对应关系
SRC-RAW-7BA5C429380EAC58A88A,PM2.5,SOURCE_RELATION_MISSING,GYGL仅为工业锅炉类别且企业有多台锅炉；补齐本锅炉与治理设施对应关系
SRC-RAW-53472C3411002ACF1E05,PM10,POLLUTANT_PARAMETER_MISSING,对应治理设施缺年度有效运行小时数，不能将平均效率直接当全年实际效率；补齐设施投运率；颗粒物需区分PM2.5和粗粒径效率
SRC-RAW-53472C3411002ACF1E05,PM2.5,POLLUTANT_PARAMETER_MISSING,对应治理设施缺年度有效运行小时数，不能将平均效率直接当全年实际效率；补齐设施投运率；颗粒物需区分PM2.5和粗粒径效率
SRC-RAW-53472C3411002ACF1E05,BC,POLLUTANT_PARAMETER_MISSING,对应治理设施缺年度有效运行小时数，不能将平均效率直接当全年实际效率；补齐设施投运率；颗粒物需区分PM2.5和粗粒径效率
SRC-RAW-53472C3411002ACF1E05,OC,POLLUTANT_PARAMETER_MISSING,对应治理设施缺年度有效运行小时数，不能将平均效率直接当全年实际效率；补齐设施投运率；颗粒物需区分PM2.5和粗粒径效率
SRC-RAW-FA8A194AE30E25A94DB5,PM10,POLLUTANT_PARAMETER_MISSING,治理工艺及去除效率缺失；补齐后按A.1选取
SRC-RAW-FA8A194AE30E25A94DB5,PM10,POLLUTANT_PARAMETER_MISSING,对应治理设施缺年度有效运行小时数，不能将平均效率直接当全年实际效率；补齐设施投运率；颗粒物需区分PM2.5和粗粒径效率
SRC-RAW-FA8A194AE30E25A94DB5,PM2.5,POLLUTANT_PARAMETER_MISSING,治理工艺及去除效率缺失；补齐后按A.1选取
SRC-RAW-FA8A194AE30E25A94DB5,PM2.5,POLLUTANT_PARAMETER_MISSING,对应治理设施缺年度有效运行小时数，不能将平均效率直接当全年实际效率；补齐设施投运率；颗粒物需区分PM2.5和粗粒径效率
SRC-RAW-FA8A194AE30E25A94DB5,BC,POLLUTANT_PARAMETER_MISSING,治理工艺及去除效率缺失；补齐后按A.1选取
SRC-RAW-FA8A194AE30E25A94DB5,BC,POLLUTANT_PARAMETER_MISSING,对应治理设施缺年度有效运行小时数，不能将平均效率直接当全年实际效率；补齐设施投运率；颗粒物需区分PM2.5和粗粒径效率
SRC-RAW-FA8A194AE30E25A94DB5,OC,POLLUTANT_PARAMETER_MISSING,治理工艺及去除效率缺失；补齐后按A.1选取
SRC-RAW-FA8A194AE30E25A94DB5,OC,POLLUTANT_PARAMETER_MISSING,对应治理设施缺年度有效运行小时数，不能将平均效率直接当全年实际效率；补齐设施投运率；颗粒物需区分PM2.5和粗粒径效率
SRC-RAW-ADB308566702A6A79D11,NOx,SOURCE_RELATION_MISSING,GYGL仅为工业锅炉类别且企业有多台锅炉；补齐本锅炉与治理设施对应关系
SRC-RAW-ADB308566702A6A79D11,PM10,SOURCE_RELATION_MISSING,GYGL仅为工业锅炉类别且企业有多台锅炉；补齐本锅炉与治理设施对应关系
SRC-RAW-ADB308566702A6A79D11,PM2.5,SOURCE_RELATION_MISSING,GYGL仅为工业锅炉类别且企业有多台锅炉；补齐本锅炉与治理设施对应关系
SRC-RAW-ADB308566702A6A79D11,NH3,SOURCE_RELATION_MISSING,工业锅炉类别脱硝设施对应多台锅炉；补齐设备—脱硝设施关系
SRC-RAW-ADB308566702A6A79D11,NH3,POLLUTANT_PARAMETER_MISSING,补齐脱硝SCR/SNCR工艺，表E.1按煤计的氨因子不能据设施名称选定
SRC-RAW-ADB308566702A6A79D11,NH3,factor_not_applicable,表E.1氨因子分母为煤，当前燃料天然气不具备可直接使用的氨因子；提供适用因子或实测氨排放
SRC-RAW-282E9F03D367AEC84683,NOx,SOURCE_RELATION_MISSING,GYGL仅为工业锅炉类别且企业有多台锅炉；补齐本锅炉与治理设施对应关系
SRC-RAW-282E9F03D367AEC84683,PM10,SOURCE_RELATION_MISSING,GYGL仅为工业锅炉类别且企业有多台锅炉；补齐本锅炉与治理设施对应关系
SRC-RAW-282E9F03D367AEC84683,PM2.5,SOURCE_RELATION_MISSING,GYGL仅为工业锅炉类别且企业有多台锅炉；补齐本锅炉与治理设施对应关系
SRC-RAW-282E9F03D367AEC84683,NH3,SOURCE_RELATION_MISSING,工业锅炉类别脱硝设施对应多台锅炉；补齐设备—脱硝设施关系
SRC-RAW-282E9F03D367AEC84683,NH3,POLLUTANT_PARAMETER_MISSING,补齐脱硝SCR/SNCR工艺，表E.1按煤计的氨因子不能据设施名称选定
SRC-RAW-282E9F03D367AEC84683,NH3,factor_not_applicable,表E.1氨因子分母为煤，当前燃料天然气不具备可直接使用的氨因子；提供适用因子或实测氨排放
SRC-RAW-4412309C9F411C103CFD,PM10,SOURCE_RELATION_MISSING,GYGL仅为工业锅炉类别且企业有多台锅炉；补齐本锅炉与治理设施对应关系
SRC-RAW-4412309C9F411C103CFD,PM2.5,SOURCE_RELATION_MISSING,GYGL仅为工业锅炉类别且企业有多台锅炉；补齐本锅炉与治理设施对应关系
SRC-RAW-4412309C9F411C103CFD,BC,SOURCE_RELATION_MISSING,GYGL仅为工业锅炉类别且企业有多台锅炉；补齐本锅炉与治理设施对应关系
SRC-RAW-4412309C9F411C103CFD,OC,SOURCE_RELATION_MISSING,GYGL仅为工业锅炉类别且企业有多台锅炉；补齐本锅炉与治理设施对应关系
SRC-RAW-FA6CE82F65D745F12FCF,PM10,SOURCE_RELATION_MISSING,GYGL仅为工业锅炉类别且企业有多台锅炉；补齐本锅炉与治理设施对应关系
SRC-RAW-FA6CE82F65D745F12FCF,PM2.5,SOURCE_RELATION_MISSING,GYGL仅为工业锅炉类别且企业有多台锅炉；补齐本锅炉与治理设施对应关系
SRC-RAW-FA6CE82F65D745F12FCF,BC,SOURCE_RELATION_MISSING,GYGL仅为工业锅炉类别且企业有多台锅炉；补齐本锅炉与治理设施对应关系
SRC-RAW-FA6CE82F65D745F12FCF,OC,SOURCE_RELATION_MISSING,GYGL仅为工业锅炉类别且企业有多台锅炉；补齐本锅炉与治理设施对应关系
SRC-RAW-2C6198E59A019129E4ED,PM10,POLLUTANT_PARAMETER_MISSING,对应治理设施缺年度有效运行小时数，不能将平均效率直接当全年实际效率；补齐设施投运率；颗粒物需区分PM2.5和粗粒径效率
SRC-RAW-2C6198E59A019129E4ED,PM2.5,POLLUTANT_PARAMETER_MISSING,对应治理设施缺年度有效运行小时数，不能将平均效率直接当全年实际效率；补齐设施投运率；颗粒物需区分PM2.5和粗粒径效率
SRC-RAW-2C6198E59A019129E4ED,BC,POLLUTANT_PARAMETER_MISSING,对应治理设施缺年度有效运行小时数，不能将平均效率直接当全年实际效率；补齐设施投运率；颗粒物需区分PM2.5和粗粒径效率
SRC-RAW-2C6198E59A019129E4ED,OC,POLLUTANT_PARAMETER_MISSING,对应治理设施缺年度有效运行小时数，不能将平均效率直接当全年实际效率；补齐设施投运率；颗粒物需区分PM2.5和粗粒径效率
SRC-RAW-16A75D53146530607FC2,NOx,SOURCE_RELATION_MISSING,GYGL仅为工业锅炉类别且企业有多台锅炉；补齐本锅炉与治理设施对应关系
SRC-RAW-16A75D53146530607FC2,PM10,SOURCE_RELATION_MISSING,GYGL仅为工业锅炉类别且企业有多台锅炉；补齐本锅炉与治理设施对应关系
SRC-RAW-16A75D53146530607FC2,PM2.5,SOURCE_RELATION_MISSING,GYGL仅为工业锅炉类别且企业有多台锅炉；补齐本锅炉与治理设施对应关系
SRC-RAW-16A75D53146530607FC2,NH3,SOURCE_RELATION_MISSING,工业锅炉类别脱硝设施对应多台锅炉；补齐设备—脱硝设施关系
SRC-RAW-16A75D53146530607FC2,NH3,POLLUTANT_PARAMETER_MISSING,补齐脱硝SCR/SNCR工艺，表E.1按煤计的氨因子不能据设施名称选定
SRC-RAW-16A75D53146530607FC2,NH3,factor_not_applicable,表E.1氨因子分母为煤，当前燃料天然气不具备可直接使用的氨因子；提供适用因子或实测氨排放
SRC-RAW-D396E0E2AE57C916A380,NOx,SOURCE_RELATION_MISSING,GYGL仅为工业锅炉类别且企业有多台锅炉；补齐本锅炉与治理设施对应关系
SRC-RAW-D396E0E2AE57C916A380,PM10,SOURCE_RELATION_MISSING,GYGL仅为工业锅炉类别且企业有多台锅炉；补齐本锅炉与治理设施对应关系
SRC-RAW-D396E0E2AE57C916A380,PM2.5,SOURCE_RELATION_MISSING,GYGL仅为工业锅炉类别且企业有多台锅炉；补齐本锅炉与治理设施对应关系
SRC-RAW-D396E0E2AE57C916A380,NH3,SOURCE_RELATION_MISSING,工业锅炉类别脱硝设施对应多台锅炉；补齐设备—脱硝设施关系
SRC-RAW-D396E0E2AE57C916A380,NH3,POLLUTANT_PARAMETER_MISSING,补齐脱硝SCR/SNCR工艺，表E.1按煤计的氨因子不能据设施名称选定
SRC-RAW-D396E0E2AE57C916A380,NH3,factor_not_applicable,表E.1氨因子分母为煤，当前燃料天然气不具备可直接使用的氨因子；提供适用因子或实测氨排放
SRC-RAW-AF7C8DDEE831FF4229BD,NOx,SOURCE_RELATION_MISSING,GYGL仅为工业锅炉类别且企业有多台锅炉；补齐本锅炉与治理设施对应关系
SRC-RAW-AF7C8DDEE831FF4229BD,PM10,SOURCE_RELATION_MISSING,GYGL仅为工业锅炉类别且企业有多台锅炉；补齐本锅炉与治理设施对应关系
SRC-RAW-AF7C8DDEE831FF4229BD,PM2.5,SOURCE_RELATION_MISSING,GYGL仅为工业锅炉类别且企业有多台锅炉；补齐本锅炉与治理设施对应关系
SRC-RAW-AF7C8DDEE831FF4229BD,NH3,SOURCE_RELATION_MISSING,工业锅炉类别脱硝设施对应多台锅炉；补齐设备—脱硝设施关系
SRC-RAW-AF7C8DDEE831FF4229BD,NH3,POLLUTANT_PARAMETER_MISSING,补齐脱硝SCR/SNCR工艺，表E.1按煤计的氨因子不能据设施名称选定
SRC-RAW-AF7C8DDEE831FF4229BD,NH3,factor_not_applicable,表E.1氨因子分母为煤，当前燃料天然气不具备可直接使用的氨因子；提供适用因子或实测氨排放
SRC-RAW-1AEA8EAD8B4AF21A669E,SO2,activity_unit_unresolved,燃料一单位吨标准煤与因子分母t不一致；补原燃料实物量或有依据的换算关系
SRC-RAW-1AEA8EAD8B4AF21A669E,NOx,activity_unit_unresolved,燃料一单位吨标准煤与因子分母t不一致；补原燃料实物量或有依据的换算关系
SRC-RAW-1AEA8EAD8B4AF21A669E,CO,activity_unit_unresolved,燃料一单位吨标准煤与因子分母t不一致；补原燃料实物量或有依据的换算关系
SRC-RAW-1AEA8EAD8B4AF21A669E,VOC,activity_unit_unresolved,燃料一单位吨标准煤与因子分母t不一致；补原燃料实物量或有依据的换算关系
SRC-RAW-1AEA8EAD8B4AF21A669E,PM10,activity_unit_unresolved,燃料一单位吨标准煤与因子分母t不一致；补原燃料实物量或有依据的换算关系
SRC-RAW-1AEA8EAD8B4AF21A669E,PM2.5,activity_unit_unresolved,燃料一单位吨标准煤与因子分母t不一致；补原燃料实物量或有依据的换算关系
SRC-RAW-1AEA8EAD8B4AF21A669E,BC,activity_unit_unresolved,燃料一单位吨标准煤与因子分母t不一致；补原燃料实物量或有依据的换算关系
SRC-RAW-1AEA8EAD8B4AF21A669E,OC,activity_unit_unresolved,燃料一单位吨标准煤与因子分母t不一致；补原燃料实物量或有依据的换算关系
SRC-RAW-20439094AEFBE6E03410,NOx,SOURCE_RELATION_MISSING,GYGL仅为工业锅炉类别且企业有多台锅炉；补齐本锅炉与治理设施对应关系
SRC-RAW-20439094AEFBE6E03410,PM10,SOURCE_RELATION_MISSING,GYGL仅为工业锅炉类别且企业有多台锅炉；补齐本锅炉与治理设施对应关系
SRC-RAW-20439094AEFBE6E03410,PM2.5,SOURCE_RELATION_MISSING,GYGL仅为工业锅炉类别且企业有多台锅炉；补齐本锅炉与治理设施对应关系
SRC-RAW-20439094AEFBE6E03410,NH3,SOURCE_RELATION_MISSING,工业锅炉类别脱硝设施对应多台锅炉；补齐设备—脱硝设施关系
SRC-RAW-20439094AEFBE6E03410,NH3,POLLUTANT_PARAMETER_MISSING,补齐脱硝SCR/SNCR工艺，表E.1按煤计的氨因子不能据设施名称选定
SRC-RAW-20439094AEFBE6E03410,NH3,factor_not_applicable,表E.1氨因子分母为煤，当前燃料天然气不具备可直接使用的氨因子；提供适用因子或实测氨排放
SRC-RAW-CCE8F2E04A1964203095,NOx,SOURCE_RELATION_MISSING,GYGL仅为工业锅炉类别且企业有多台锅炉；补齐本锅炉与治理设施对应关系
SRC-RAW-CCE8F2E04A1964203095,PM10,SOURCE_RELATION_MISSING,GYGL仅为工业锅炉类别且企业有多台锅炉；补齐本锅炉与治理设施对应关系
SRC-RAW-CCE8F2E04A1964203095,PM2.5,SOURCE_RELATION_MISSING,GYGL仅为工业锅炉类别且企业有多台锅炉；补齐本锅炉与治理设施对应关系
SRC-RAW-CCE8F2E04A1964203095,NH3,SOURCE_RELATION_MISSING,工业锅炉类别脱硝设施对应多台锅炉；补齐设备—脱硝设施关系
SRC-RAW-CCE8F2E04A1964203095,NH3,POLLUTANT_PARAMETER_MISSING,补齐脱硝SCR/SNCR工艺，表E.1按煤计的氨因子不能据设施名称选定
SRC-RAW-CCE8F2E04A1964203095,NH3,factor_not_applicable,表E.1氨因子分母为煤，当前燃料天然气不具备可直接使用的氨因子；提供适用因子或实测氨排放
SRC-RAW-C459691C9AC7E3769F04,NOx,SOURCE_RELATION_MISSING,GYGL仅为工业锅炉类别且企业有多台锅炉；补齐本锅炉与治理设施对应关系
SRC-RAW-C459691C9AC7E3769F04,PM10,SOURCE_RELATION_MISSING,GYGL仅为工业锅炉类别且企业有多台锅炉；补齐本锅炉与治理设施对应关系
SRC-RAW-C459691C9AC7E3769F04,PM2.5,SOURCE_RELATION_MISSING,GYGL仅为工业锅炉类别且企业有多台锅炉；补齐本锅炉与治理设施对应关系
SRC-RAW-C459691C9AC7E3769F04,NH3,SOURCE_RELATION_MISSING,工业锅炉类别脱硝设施对应多台锅炉；补齐设备—脱硝设施关系
SRC-RAW-C459691C9AC7E3769F04,NH3,POLLUTANT_PARAMETER_MISSING,补齐脱硝SCR/SNCR工艺，表E.1按煤计的氨因子不能据设施名称选定
SRC-RAW-C459691C9AC7E3769F04,NH3,factor_not_applicable,表E.1氨因子分母为煤，当前燃料天然气不具备可直接使用的氨因子；提供适用因子或实测氨排放
SRC-RAW-F52DFE419B46BE467D79,SO2,activity_unit_unresolved,燃料一单位吨标准煤与因子分母t不一致；补原燃料实物量或有依据的换算关系
SRC-RAW-F52DFE419B46BE467D79,NOx,activity_unit_unresolved,燃料一单位吨标准煤与因子分母t不一致；补原燃料实物量或有依据的换算关系
SRC-RAW-F52DFE419B46BE467D79,CO,activity_unit_unresolved,燃料一单位吨标准煤与因子分母t不一致；补原燃料实物量或有依据的换算关系
SRC-RAW-F52DFE419B46BE467D79,VOC,activity_unit_unresolved,燃料一单位吨标准煤与因子分母t不一致；补原燃料实物量或有依据的换算关系
SRC-RAW-F52DFE419B46BE467D79,PM10,activity_unit_unresolved,燃料一单位吨标准煤与因子分母t不一致；补原燃料实物量或有依据的换算关系
SRC-RAW-F52DFE419B46BE467D79,PM2.5,activity_unit_unresolved,燃料一单位吨标准煤与因子分母t不一致；补原燃料实物量或有依据的换算关系
SRC-RAW-F52DFE419B46BE467D79,BC,activity_unit_unresolved,燃料一单位吨标准煤与因子分母t不一致；补原燃料实物量或有依据的换算关系
SRC-RAW-F52DFE419B46BE467D79,OC,activity_unit_unresolved,燃料一单位吨标准煤与因子分母t不一致；补原燃料实物量或有依据的换算关系
SRC-RAW-4E26EF7D1475F9D5F459,SO2,activity_unit_unresolved,燃料一单位吨标准煤与因子分母t不一致；补原燃料实物量或有依据的换算关系
SRC-RAW-4E26EF7D1475F9D5F459,NOx,activity_unit_unresolved,燃料一单位吨标准煤与因子分母t不一致；补原燃料实物量或有依据的换算关系
SRC-RAW-4E26EF7D1475F9D5F459,CO,activity_unit_unresolved,燃料一单位吨标准煤与因子分母t不一致；补原燃料实物量或有依据的换算关系
SRC-RAW-4E26EF7D1475F9D5F459,VOC,activity_unit_unresolved,燃料一单位吨标准煤与因子分母t不一致；补原燃料实物量或有依据的换算关系
SRC-RAW-4E26EF7D1475F9D5F459,PM10,activity_unit_unresolved,燃料一单位吨标准煤与因子分母t不一致；补原燃料实物量或有依据的换算关系
SRC-RAW-4E26EF7D1475F9D5F459,PM2.5,activity_unit_unresolved,燃料一单位吨标准煤与因子分母t不一致；补原燃料实物量或有依据的换算关系
SRC-RAW-4E26EF7D1475F9D5F459,BC,activity_unit_unresolved,燃料一单位吨标准煤与因子分母t不一致；补原燃料实物量或有依据的换算关系
SRC-RAW-4E26EF7D1475F9D5F459,OC,activity_unit_unresolved,燃料一单位吨标准煤与因子分母t不一致；补原燃料实物量或有依据的换算关系
SRC-RAW-B1BBC48DA52DFF6587E8,NOx,POLLUTANT_PARAMETER_MISSING,是否采用低氮燃烧技术缺失；确认后选取NOx控制参数
SRC-RAW-748322CEB4048A84E195,NOx,POLLUTANT_PARAMETER_MISSING,是否采用低氮燃烧技术缺失；确认后选取NOx控制参数
SRC-RAW-E3E613F7E1216ECB52C1,NOx,POLLUTANT_PARAMETER_MISSING,是否采用低氮燃烧技术缺失；确认后选取NOx控制参数
SRC-RAW-CACA8FED3147DA52D7C6,NOx,POLLUTANT_PARAMETER_MISSING,是否采用低氮燃烧技术缺失；确认后选取NOx控制参数
SRC-RAW-A25F8714E2FF75BD237B,PM10,SOURCE_RELATION_MISSING,GYGL仅为工业锅炉类别且企业有多台锅炉；补齐本锅炉与治理设施对应关系
SRC-RAW-A25F8714E2FF75BD237B,PM2.5,SOURCE_RELATION_MISSING,GYGL仅为工业锅炉类别且企业有多台锅炉；补齐本锅炉与治理设施对应关系
SRC-RAW-336175CD9F6BE92DE5C8,PM10,SOURCE_RELATION_MISSING,GYGL仅为工业锅炉类别且企业有多台锅炉；补齐本锅炉与治理设施对应关系
SRC-RAW-336175CD9F6BE92DE5C8,PM2.5,SOURCE_RELATION_MISSING,GYGL仅为工业锅炉类别且企业有多台锅炉；补齐本锅炉与治理设施对应关系
SRC-RAW-E05C62BE45142150DE58,NOx,SOURCE_RELATION_MISSING,GYGL仅为工业锅炉类别且企业有多台锅炉；补齐本锅炉与治理设施对应关系
SRC-RAW-E05C62BE45142150DE58,PM10,SOURCE_RELATION_MISSING,GYGL仅为工业锅炉类别且企业有多台锅炉；补齐本锅炉与治理设施对应关系
SRC-RAW-E05C62BE45142150DE58,PM2.5,SOURCE_RELATION_MISSING,GYGL仅为工业锅炉类别且企业有多台锅炉；补齐本锅炉与治理设施对应关系
SRC-RAW-E05C62BE45142150DE58,NH3,SOURCE_RELATION_MISSING,工业锅炉类别脱硝设施对应多台锅炉；补齐设备—脱硝设施关系
SRC-RAW-E05C62BE45142150DE58,NH3,POLLUTANT_PARAMETER_MISSING,补齐脱硝SCR/SNCR工艺，表E.1按煤计的氨因子不能据设施名称选定
SRC-RAW-E05C62BE45142150DE58,NH3,factor_not_applicable,表E.1氨因子分母为煤，当前燃料天然气不具备可直接使用的氨因子；提供适用因子或实测氨排放
SRC-RAW-0FF9EAE742E1CA475E9D,NOx,SOURCE_RELATION_MISSING,GYGL仅为工业锅炉类别且企业有多台锅炉；补齐本锅炉与治理设施对应关系
SRC-RAW-0FF9EAE742E1CA475E9D,PM10,SOURCE_RELATION_MISSING,GYGL仅为工业锅炉类别且企业有多台锅炉；补齐本锅炉与治理设施对应关系
SRC-RAW-0FF9EAE742E1CA475E9D,PM2.5,SOURCE_RELATION_MISSING,GYGL仅为工业锅炉类别且企业有多台锅炉；补齐本锅炉与治理设施对应关系
SRC-RAW-0FF9EAE742E1CA475E9D,NH3,SOURCE_RELATION_MISSING,工业锅炉类别脱硝设施对应多台锅炉；补齐设备—脱硝设施关系
SRC-RAW-0FF9EAE742E1CA475E9D,NH3,POLLUTANT_PARAMETER_MISSING,补齐脱硝SCR/SNCR工艺，表E.1按煤计的氨因子不能据设施名称选定
SRC-RAW-0FF9EAE742E1CA475E9D,NH3,factor_not_applicable,表E.1氨因子分母为煤，当前燃料天然气不具备可直接使用的氨因子；提供适用因子或实测氨排放
SRC-RAW-54F5388507ACDD9A9B95,NOx,SOURCE_RELATION_MISSING,GYGL仅为工业锅炉类别且企业有多台锅炉；补齐本锅炉与治理设施对应关系
SRC-RAW-54F5388507ACDD9A9B95,PM10,SOURCE_RELATION_MISSING,GYGL仅为工业锅炉类别且企业有多台锅炉；补齐本锅炉与治理设施对应关系
SRC-RAW-54F5388507ACDD9A9B95,PM2.5,SOURCE_RELATION_MISSING,GYGL仅为工业锅炉类别且企业有多台锅炉；补齐本锅炉与治理设施对应关系
SRC-RAW-54F5388507ACDD9A9B95,NH3,SOURCE_RELATION_MISSING,工业锅炉类别脱硝设施对应多台锅炉；补齐设备—脱硝设施关系
SRC-RAW-54F5388507ACDD9A9B95,NH3,POLLUTANT_PARAMETER_MISSING,补齐脱硝SCR/SNCR工艺，表E.1按煤计的氨因子不能据设施名称选定
SRC-RAW-54F5388507ACDD9A9B95,NH3,factor_not_applicable,表E.1氨因子分母为煤，当前燃料天然气不具备可直接使用的氨因子；提供适用因子或实测氨排放
SRC-RAW-DDA808883637FE886702,NOx,SOURCE_RELATION_MISSING,GYGL仅为工业锅炉类别且企业有多台锅炉；补齐本锅炉与治理设施对应关系
SRC-RAW-DDA808883637FE886702,PM10,SOURCE_RELATION_MISSING,GYGL仅为工业锅炉类别且企业有多台锅炉；补齐本锅炉与治理设施对应关系
SRC-RAW-DDA808883637FE886702,PM2.5,SOURCE_RELATION_MISSING,GYGL仅为工业锅炉类别且企业有多台锅炉；补齐本锅炉与治理设施对应关系
SRC-RAW-DDA808883637FE886702,NH3,SOURCE_RELATION_MISSING,工业锅炉类别脱硝设施对应多台锅炉；补齐设备—脱硝设施关系
SRC-RAW-DDA808883637FE886702,NH3,POLLUTANT_PARAMETER_MISSING,补齐脱硝SCR/SNCR工艺，表E.1按煤计的氨因子不能据设施名称选定
SRC-RAW-DDA808883637FE886702,NH3,factor_not_applicable,表E.1氨因子分母为煤，当前燃料天然气不具备可直接使用的氨因子；提供适用因子或实测氨排放
SRC-RAW-D9DB5B61B97442F431AA,NOx,SOURCE_RELATION_MISSING,GYGL仅为工业锅炉类别且企业有多台锅炉；补齐本锅炉与治理设施对应关系
SRC-RAW-D9DB5B61B97442F431AA,PM10,SOURCE_RELATION_MISSING,GYGL仅为工业锅炉类别且企业有多台锅炉；补齐本锅炉与治理设施对应关系
SRC-RAW-D9DB5B61B97442F431AA,PM2.5,SOURCE_RELATION_MISSING,GYGL仅为工业锅炉类别且企业有多台锅炉；补齐本锅炉与治理设施对应关系
SRC-RAW-D9DB5B61B97442F431AA,NH3,SOURCE_RELATION_MISSING,工业锅炉类别脱硝设施对应多台锅炉；补齐设备—脱硝设施关系
SRC-RAW-D9DB5B61B97442F431AA,NH3,POLLUTANT_PARAMETER_MISSING,补齐脱硝SCR/SNCR工艺，表E.1按煤计的氨因子不能据设施名称选定
SRC-RAW-D9DB5B61B97442F431AA,NH3,factor_not_applicable,表E.1氨因子分母为煤，当前燃料天然气不具备可直接使用的氨因子；提供适用因子或实测氨排放
SRC-RAW-50E48C034B0B4C31D6F8,PM10,SOURCE_RELATION_MISSING,GYGL仅为工业锅炉类别且企业有多台锅炉；补齐本锅炉与治理设施对应关系
SRC-RAW-50E48C034B0B4C31D6F8,PM2.5,SOURCE_RELATION_MISSING,GYGL仅为工业锅炉类别且企业有多台锅炉；补齐本锅炉与治理设施对应关系
SRC-RAW-A076DDED16ACAC5CF10B,PM10,SOURCE_RELATION_MISSING,GYGL仅为工业锅炉类别且企业有多台锅炉；补齐本锅炉与治理设施对应关系
SRC-RAW-A076DDED16ACAC5CF10B,PM2.5,SOURCE_RELATION_MISSING,GYGL仅为工业锅炉类别且企业有多台锅炉；补齐本锅炉与治理设施对应关系
SRC-RAW-9D21F6C1391C94F6A7B5,PM10,SOURCE_RELATION_MISSING,GYGL仅为工业锅炉类别且企业有多台锅炉；补齐本锅炉与治理设施对应关系
SRC-RAW-9D21F6C1391C94F6A7B5,PM2.5,SOURCE_RELATION_MISSING,GYGL仅为工业锅炉类别且企业有多台锅炉；补齐本锅炉与治理设施对应关系
SRC-RAW-AB17FD2426831249046B,SO2,activity_unit_unresolved,燃料一单位吨标准煤与因子分母t不一致；补原燃料实物量或有依据的换算关系
SRC-RAW-AB17FD2426831249046B,NOx,activity_unit_unresolved,燃料一单位吨标准煤与因子分母t不一致；补原燃料实物量或有依据的换算关系
SRC-RAW-AB17FD2426831249046B,CO,activity_unit_unresolved,燃料一单位吨标准煤与因子分母t不一致；补原燃料实物量或有依据的换算关系
SRC-RAW-AB17FD2426831249046B,VOC,activity_unit_unresolved,燃料一单位吨标准煤与因子分母t不一致；补原燃料实物量或有依据的换算关系
SRC-RAW-AB17FD2426831249046B,PM10,activity_unit_unresolved,燃料一单位吨标准煤与因子分母t不一致；补原燃料实物量或有依据的换算关系
SRC-RAW-AB17FD2426831249046B,PM2.5,activity_unit_unresolved,燃料一单位吨标准煤与因子分母t不一致；补原燃料实物量或有依据的换算关系
SRC-RAW-AB17FD2426831249046B,BC,activity_unit_unresolved,燃料一单位吨标准煤与因子分母t不一致；补原燃料实物量或有依据的换算关系
SRC-RAW-AB17FD2426831249046B,OC,activity_unit_unresolved,燃料一单位吨标准煤与因子分母t不一致；补原燃料实物量或有依据的换算关系
SRC-RAW-F5A7F88C5E99835BC649,NOx,POLLUTANT_PARAMETER_MISSING,治理工艺及去除效率缺失；补齐后按A.1选取
SRC-RAW-F5A7F88C5E99835BC649,NOx,POLLUTANT_PARAMETER_MISSING,对应治理设施缺年度有效运行小时数，不能将平均效率直接当全年实际效率；补齐设施投运率；颗粒物需区分PM2.5和粗粒径效率
SRC-RAW-F5A7F88C5E99835BC649,PM10,POLLUTANT_PARAMETER_MISSING,治理工艺及去除效率缺失；补齐后按A.1选取
SRC-RAW-F5A7F88C5E99835BC649,PM10,POLLUTANT_PARAMETER_MISSING,对应治理设施缺年度有效运行小时数，不能将平均效率直接当全年实际效率；补齐设施投运率；颗粒物需区分PM2.5和粗粒径效率
SRC-RAW-F5A7F88C5E99835BC649,PM2.5,POLLUTANT_PARAMETER_MISSING,治理工艺及去除效率缺失；补齐后按A.1选取
SRC-RAW-F5A7F88C5E99835BC649,PM2.5,POLLUTANT_PARAMETER_MISSING,对应治理设施缺年度有效运行小时数，不能将平均效率直接当全年实际效率；补齐设施投运率；颗粒物需区分PM2.5和粗粒径效率
SRC-RAW-F5A7F88C5E99835BC649,NH3,POLLUTANT_PARAMETER_MISSING,补齐脱硝SCR/SNCR工艺，表E.1按煤计的氨因子不能据设施名称选定
SRC-RAW-F5A7F88C5E99835BC649,NH3,factor_not_applicable,表E.1氨因子分母为煤，当前燃料天然气不具备可直接使用的氨因子；提供适用因子或实测氨排放
SRC-RAW-6F08F34F83FFCD505F03,PM10,POLLUTANT_PARAMETER_MISSING,对应治理设施缺年度有效运行小时数，不能将平均效率直接当全年实际效率；补齐设施投运率；颗粒物需区分PM2.5和粗粒径效率
SRC-RAW-6F08F34F83FFCD505F03,PM2.5,POLLUTANT_PARAMETER_MISSING,对应治理设施缺年度有效运行小时数，不能将平均效率直接当全年实际效率；补齐设施投运率；颗粒物需区分PM2.5和粗粒径效率
SRC-RAW-424B62172DDC93D5CAEA,PM10,SOURCE_RELATION_MISSING,GYGL仅为工业锅炉类别且企业有多台锅炉；补齐本锅炉与治理设施对应关系
SRC-RAW-424B62172DDC93D5CAEA,PM2.5,SOURCE_RELATION_MISSING,GYGL仅为工业锅炉类别且企业有多台锅炉；补齐本锅炉与治理设施对应关系
SRC-RAW-98A00F2B6AF1D22FE90B,SO2,SOURCE_RELATION_MISSING,GYGL仅为工业锅炉类别且企业有多台锅炉；补齐本锅炉与治理设施对应关系
SRC-RAW-98A00F2B6AF1D22FE90B,NOx,SOURCE_RELATION_MISSING,GYGL仅为工业锅炉类别且企业有多台锅炉；补齐本锅炉与治理设施对应关系
SRC-RAW-98A00F2B6AF1D22FE90B,PM10,SOURCE_RELATION_MISSING,GYGL仅为工业锅炉类别且企业有多台锅炉；补齐本锅炉与治理设施对应关系
SRC-RAW-98A00F2B6AF1D22FE90B,PM2.5,SOURCE_RELATION_MISSING,GYGL仅为工业锅炉类别且企业有多台锅炉；补齐本锅炉与治理设施对应关系
SRC-RAW-98A00F2B6AF1D22FE90B,BC,SOURCE_RELATION_MISSING,GYGL仅为工业锅炉类别且企业有多台锅炉；补齐本锅炉与治理设施对应关系
SRC-RAW-98A00F2B6AF1D22FE90B,OC,SOURCE_RELATION_MISSING,GYGL仅为工业锅炉类别且企业有多台锅炉；补齐本锅炉与治理设施对应关系
SRC-RAW-98A00F2B6AF1D22FE90B,NH3,SOURCE_RELATION_MISSING,工业锅炉类别脱硝设施对应多台锅炉；补齐设备—脱硝设施关系
SRC-RAW-98A00F2B6AF1D22FE90B,NH3,POLLUTANT_PARAMETER_MISSING,补齐脱硝SCR/SNCR工艺，表E.1按煤计的氨因子不能据设施名称选定
SRC-RAW-98A00F2B6AF1D22FE90B,NH3,factor_not_applicable,表E.1氨因子分母为煤，当前燃料柴油不具备可直接使用的氨因子；提供适用因子或实测氨排放
SRC-RAW-FE6A36E2E0549341A7B2,SO2,activity_unit_unresolved,燃料一单位吨标准煤与因子分母t不一致；补原燃料实物量或有依据的换算关系
SRC-RAW-FE6A36E2E0549341A7B2,SO2,POLLUTANT_PARAMETER_MISSING,对应治理设施缺年度有效运行小时数，不能将平均效率直接当全年实际效率；补齐设施投运率；颗粒物需区分PM2.5和粗粒径效率
SRC-RAW-FE6A36E2E0549341A7B2,NOx,activity_unit_unresolved,燃料一单位吨标准煤与因子分母t不一致；补原燃料实物量或有依据的换算关系
SRC-RAW-FE6A36E2E0549341A7B2,NOx,POLLUTANT_PARAMETER_MISSING,对应治理设施缺年度有效运行小时数，不能将平均效率直接当全年实际效率；补齐设施投运率；颗粒物需区分PM2.5和粗粒径效率
SRC-RAW-FE6A36E2E0549341A7B2,CO,activity_unit_unresolved,燃料一单位吨标准煤与因子分母t不一致；补原燃料实物量或有依据的换算关系
SRC-RAW-FE6A36E2E0549341A7B2,VOC,activity_unit_unresolved,燃料一单位吨标准煤与因子分母t不一致；补原燃料实物量或有依据的换算关系
SRC-RAW-FE6A36E2E0549341A7B2,PM10,activity_unit_unresolved,燃料一单位吨标准煤与因子分母t不一致；补原燃料实物量或有依据的换算关系
SRC-RAW-FE6A36E2E0549341A7B2,PM10,POLLUTANT_PARAMETER_MISSING,对应治理设施缺年度有效运行小时数，不能将平均效率直接当全年实际效率；补齐设施投运率；颗粒物需区分PM2.5和粗粒径效率
SRC-RAW-FE6A36E2E0549341A7B2,PM2.5,activity_unit_unresolved,燃料一单位吨标准煤与因子分母t不一致；补原燃料实物量或有依据的换算关系
SRC-RAW-FE6A36E2E0549341A7B2,PM2.5,POLLUTANT_PARAMETER_MISSING,对应治理设施缺年度有效运行小时数，不能将平均效率直接当全年实际效率；补齐设施投运率；颗粒物需区分PM2.5和粗粒径效率
SRC-RAW-FE6A36E2E0549341A7B2,BC,activity_unit_unresolved,燃料一单位吨标准煤与因子分母t不一致；补原燃料实物量或有依据的换算关系
SRC-RAW-FE6A36E2E0549341A7B2,BC,POLLUTANT_PARAMETER_MISSING,对应治理设施缺年度有效运行小时数，不能将平均效率直接当全年实际效率；补齐设施投运率；颗粒物需区分PM2.5和粗粒径效率
SRC-RAW-FE6A36E2E0549341A7B2,OC,activity_unit_unresolved,燃料一单位吨标准煤与因子分母t不一致；补原燃料实物量或有依据的换算关系
SRC-RAW-FE6A36E2E0549341A7B2,OC,POLLUTANT_PARAMETER_MISSING,对应治理设施缺年度有效运行小时数，不能将平均效率直接当全年实际效率；补齐设施投运率；颗粒物需区分PM2.5和粗粒径效率
SRC-RAW-FE6A36E2E0549341A7B2,NH3,factor_not_applicable,表E.1氨因子分母为煤，当前燃料其他燃料不具备可直接使用的氨因子；提供适用因子或实测氨排放
SRC-RAW-6E9D19660F2B6888DDB9,NOx,SOURCE_RELATION_MISSING,GYGL仅为工业锅炉类别且企业有多台锅炉；补齐本锅炉与治理设施对应关系
SRC-RAW-6E9D19660F2B6888DDB9,PM10,SOURCE_RELATION_MISSING,GYGL仅为工业锅炉类别且企业有多台锅炉；补齐本锅炉与治理设施对应关系
SRC-RAW-6E9D19660F2B6888DDB9,PM2.5,SOURCE_RELATION_MISSING,GYGL仅为工业锅炉类别且企业有多台锅炉；补齐本锅炉与治理设施对应关系
SRC-RAW-6E9D19660F2B6888DDB9,NH3,SOURCE_RELATION_MISSING,工业锅炉类别脱硝设施对应多台锅炉；补齐设备—脱硝设施关系
SRC-RAW-6E9D19660F2B6888DDB9,NH3,POLLUTANT_PARAMETER_MISSING,补齐脱硝SCR/SNCR工艺，表E.1按煤计的氨因子不能据设施名称选定
SRC-RAW-6E9D19660F2B6888DDB9,NH3,factor_not_applicable,表E.1氨因子分母为煤，当前燃料天然气不具备可直接使用的氨因子；提供适用因子或实测氨排放
SRC-RAW-CC0550907390844013B4,NOx,SOURCE_RELATION_MISSING,GYGL仅为工业锅炉类别且企业有多台锅炉；补齐本锅炉与治理设施对应关系
SRC-RAW-CC0550907390844013B4,PM10,SOURCE_RELATION_MISSING,GYGL仅为工业锅炉类别且企业有多台锅炉；补齐本锅炉与治理设施对应关系
SRC-RAW-CC0550907390844013B4,PM2.5,SOURCE_RELATION_MISSING,GYGL仅为工业锅炉类别且企业有多台锅炉；补齐本锅炉与治理设施对应关系
SRC-RAW-CC0550907390844013B4,NH3,SOURCE_RELATION_MISSING,工业锅炉类别脱硝设施对应多台锅炉；补齐设备—脱硝设施关系
SRC-RAW-CC0550907390844013B4,NH3,POLLUTANT_PARAMETER_MISSING,补齐脱硝SCR/SNCR工艺，表E.1按煤计的氨因子不能据设施名称选定
SRC-RAW-CC0550907390844013B4,NH3,factor_not_applicable,表E.1氨因子分母为煤，当前燃料天然气不具备可直接使用的氨因子；提供适用因子或实测氨排放
SRC-RAW-287B4C414FE923EFC658,NOx,SOURCE_RELATION_MISSING,GYGL仅为工业锅炉类别且企业有多台锅炉；补齐本锅炉与治理设施对应关系
SRC-RAW-287B4C414FE923EFC658,PM10,SOURCE_RELATION_MISSING,GYGL仅为工业锅炉类别且企业有多台锅炉；补齐本锅炉与治理设施对应关系
SRC-RAW-287B4C414FE923EFC658,PM2.5,SOURCE_RELATION_MISSING,GYGL仅为工业锅炉类别且企业有多台锅炉；补齐本锅炉与治理设施对应关系
SRC-RAW-287B4C414FE923EFC658,NH3,SOURCE_RELATION_MISSING,工业锅炉类别脱硝设施对应多台锅炉；补齐设备—脱硝设施关系
SRC-RAW-287B4C414FE923EFC658,NH3,POLLUTANT_PARAMETER_MISSING,补齐脱硝SCR/SNCR工艺，表E.1按煤计的氨因子不能据设施名称选定
SRC-RAW-287B4C414FE923EFC658,NH3,factor_not_applicable,表E.1氨因子分母为煤，当前燃料天然气不具备可直接使用的氨因子；提供适用因子或实测氨排放
SRC-RAW-4B26B4131240357A1230,PM10,POLLUTANT_PARAMETER_MISSING,对应治理设施缺年度有效运行小时数，不能将平均效率直接当全年实际效率；补齐设施投运率；颗粒物需区分PM2.5和粗粒径效率
SRC-RAW-4B26B4131240357A1230,PM2.5,POLLUTANT_PARAMETER_MISSING,对应治理设施缺年度有效运行小时数，不能将平均效率直接当全年实际效率；补齐设施投运率；颗粒物需区分PM2.5和粗粒径效率
SRC-RAW-4B26B4131240357A1230,BC,POLLUTANT_PARAMETER_MISSING,对应治理设施缺年度有效运行小时数，不能将平均效率直接当全年实际效率；补齐设施投运率；颗粒物需区分PM2.5和粗粒径效率
SRC-RAW-4B26B4131240357A1230,OC,POLLUTANT_PARAMETER_MISSING,对应治理设施缺年度有效运行小时数，不能将平均效率直接当全年实际效率；补齐设施投运率；颗粒物需区分PM2.5和粗粒径效率
SRC-RAW-29C618B8DC611DDAA506,SO2,activity_unit_unresolved,燃料一单位吨标准煤与因子分母t不一致；补原燃料实物量或有依据的换算关系
SRC-RAW-29C618B8DC611DDAA506,NOx,activity_unit_unresolved,燃料一单位吨标准煤与因子分母t不一致；补原燃料实物量或有依据的换算关系
SRC-RAW-29C618B8DC611DDAA506,NOx,POLLUTANT_PARAMETER_MISSING,是否采用低氮燃烧技术缺失；确认后选取NOx控制参数
SRC-RAW-29C618B8DC611DDAA506,CO,activity_unit_unresolved,燃料一单位吨标准煤与因子分母t不一致；补原燃料实物量或有依据的换算关系
SRC-RAW-29C618B8DC611DDAA506,VOC,activity_unit_unresolved,燃料一单位吨标准煤与因子分母t不一致；补原燃料实物量或有依据的换算关系
SRC-RAW-29C618B8DC611DDAA506,PM10,activity_unit_unresolved,燃料一单位吨标准煤与因子分母t不一致；补原燃料实物量或有依据的换算关系
SRC-RAW-29C618B8DC611DDAA506,PM10,POLLUTANT_PARAMETER_MISSING,对应治理设施缺年度有效运行小时数，不能将平均效率直接当全年实际效率；补齐设施投运率；颗粒物需区分PM2.5和粗粒径效率
SRC-RAW-29C618B8DC611DDAA506,PM2.5,activity_unit_unresolved,燃料一单位吨标准煤与因子分母t不一致；补原燃料实物量或有依据的换算关系
SRC-RAW-29C618B8DC611DDAA506,PM2.5,POLLUTANT_PARAMETER_MISSING,对应治理设施缺年度有效运行小时数，不能将平均效率直接当全年实际效率；补齐设施投运率；颗粒物需区分PM2.5和粗粒径效率
SRC-RAW-29C618B8DC611DDAA506,BC,activity_unit_unresolved,燃料一单位吨标准煤与因子分母t不一致；补原燃料实物量或有依据的换算关系
SRC-RAW-29C618B8DC611DDAA506,BC,POLLUTANT_PARAMETER_MISSING,对应治理设施缺年度有效运行小时数，不能将平均效率直接当全年实际效率；补齐设施投运率；颗粒物需区分PM2.5和粗粒径效率
SRC-RAW-29C618B8DC611DDAA506,OC,activity_unit_unresolved,燃料一单位吨标准煤与因子分母t不一致；补原燃料实物量或有依据的换算关系
SRC-RAW-29C618B8DC611DDAA506,OC,POLLUTANT_PARAMETER_MISSING,对应治理设施缺年度有效运行小时数，不能将平均效率直接当全年实际效率；补齐设施投运率；颗粒物需区分PM2.5和粗粒径效率
SRC-RAW-D9649FCC348A9A329877,SO2,SOURCE_RELATION_MISSING,GYGL仅为工业锅炉类别且企业有多台锅炉；补齐本锅炉与治理设施对应关系
SRC-RAW-D9649FCC348A9A329877,NOx,SOURCE_RELATION_MISSING,GYGL仅为工业锅炉类别且企业有多台锅炉；补齐本锅炉与治理设施对应关系
SRC-RAW-D9649FCC348A9A329877,PM10,SOURCE_RELATION_MISSING,GYGL仅为工业锅炉类别且企业有多台锅炉；补齐本锅炉与治理设施对应关系
SRC-RAW-D9649FCC348A9A329877,PM2.5,SOURCE_RELATION_MISSING,GYGL仅为工业锅炉类别且企业有多台锅炉；补齐本锅炉与治理设施对应关系
SRC-RAW-D9649FCC348A9A329877,BC,SOURCE_RELATION_MISSING,GYGL仅为工业锅炉类别且企业有多台锅炉；补齐本锅炉与治理设施对应关系
SRC-RAW-D9649FCC348A9A329877,OC,SOURCE_RELATION_MISSING,GYGL仅为工业锅炉类别且企业有多台锅炉；补齐本锅炉与治理设施对应关系
SRC-RAW-D9649FCC348A9A329877,NH3,SOURCE_RELATION_MISSING,工业锅炉类别脱硝设施对应多台锅炉；补齐设备—脱硝设施关系
SRC-RAW-D9649FCC348A9A329877,NH3,POLLUTANT_PARAMETER_MISSING,补齐脱硝SCR/SNCR工艺，表E.1按煤计的氨因子不能据设施名称选定
SRC-RAW-D9649FCC348A9A329877,NH3,factor_not_applicable,表E.1氨因子分母为煤，当前燃料柴油不具备可直接使用的氨因子；提供适用因子或实测氨排放
SRC-RAW-E8D8A4F112B9DBDBA700,SO2,POLLUTANT_PARAMETER_MISSING,对应治理设施缺年度有效运行小时数，不能将平均效率直接当全年实际效率；补齐设施投运率；颗粒物需区分PM2.5和粗粒径效率
SRC-RAW-E8D8A4F112B9DBDBA700,NOx,POLLUTANT_PARAMETER_MISSING,对应治理设施缺年度有效运行小时数，不能将平均效率直接当全年实际效率；补齐设施投运率；颗粒物需区分PM2.5和粗粒径效率
SRC-RAW-E8D8A4F112B9DBDBA700,PM10,POLLUTANT_PARAMETER_MISSING,对应治理设施缺年度有效运行小时数，不能将平均效率直接当全年实际效率；补齐设施投运率；颗粒物需区分PM2.5和粗粒径效率
SRC-RAW-E8D8A4F112B9DBDBA700,PM2.5,POLLUTANT_PARAMETER_MISSING,对应治理设施缺年度有效运行小时数，不能将平均效率直接当全年实际效率；补齐设施投运率；颗粒物需区分PM2.5和粗粒径效率
SRC-RAW-E8D8A4F112B9DBDBA700,BC,POLLUTANT_PARAMETER_MISSING,对应治理设施缺年度有效运行小时数，不能将平均效率直接当全年实际效率；补齐设施投运率；颗粒物需区分PM2.5和粗粒径效率
SRC-RAW-E8D8A4F112B9DBDBA700,OC,POLLUTANT_PARAMETER_MISSING,对应治理设施缺年度有效运行小时数，不能将平均效率直接当全年实际效率；补齐设施投运率；颗粒物需区分PM2.5和粗粒径效率
SRC-RAW-AA2F2D14EF15706D5215,SO2,POLLUTANT_PARAMETER_MISSING,对应治理设施缺年度有效运行小时数，不能将平均效率直接当全年实际效率；补齐设施投运率；颗粒物需区分PM2.5和粗粒径效率
SRC-RAW-AA2F2D14EF15706D5215,PM10,POLLUTANT_PARAMETER_MISSING,对应治理设施缺年度有效运行小时数，不能将平均效率直接当全年实际效率；补齐设施投运率；颗粒物需区分PM2.5和粗粒径效率
SRC-RAW-AA2F2D14EF15706D5215,PM2.5,POLLUTANT_PARAMETER_MISSING,对应治理设施缺年度有效运行小时数，不能将平均效率直接当全年实际效率；补齐设施投运率；颗粒物需区分PM2.5和粗粒径效率
SRC-RAW-AA2F2D14EF15706D5215,BC,POLLUTANT_PARAMETER_MISSING,对应治理设施缺年度有效运行小时数，不能将平均效率直接当全年实际效率；补齐设施投运率；颗粒物需区分PM2.5和粗粒径效率
SRC-RAW-AA2F2D14EF15706D5215,OC,POLLUTANT_PARAMETER_MISSING,对应治理设施缺年度有效运行小时数，不能将平均效率直接当全年实际效率；补齐设施投运率；颗粒物需区分PM2.5和粗粒径效率
SRC-RAW-05A3F69CD0063E32B769,NOx,POLLUTANT_PARAMETER_MISSING,燃烧方式其他层燃炉不足以选取E.7的CO/NOx/VOC系数；确认手动或自动炉排
SRC-RAW-05A3F69CD0063E32B769,CO,POLLUTANT_PARAMETER_MISSING,燃烧方式其他层燃炉不足以选取E.7的CO/NOx/VOC系数；确认手动或自动炉排
SRC-RAW-05A3F69CD0063E32B769,VOC,POLLUTANT_PARAMETER_MISSING,燃烧方式其他层燃炉不足以选取E.7的CO/NOx/VOC系数；确认手动或自动炉排
SRC-RAW-05A3F69CD0063E32B769,PM10,POLLUTANT_PARAMETER_MISSING,对应治理设施缺年度有效运行小时数，不能将平均效率直接当全年实际效率；补齐设施投运率；颗粒物需区分PM2.5和粗粒径效率
SRC-RAW-05A3F69CD0063E32B769,PM2.5,POLLUTANT_PARAMETER_MISSING,对应治理设施缺年度有效运行小时数，不能将平均效率直接当全年实际效率；补齐设施投运率；颗粒物需区分PM2.5和粗粒径效率
SRC-RAW-05A3F69CD0063E32B769,BC,POLLUTANT_PARAMETER_MISSING,对应治理设施缺年度有效运行小时数，不能将平均效率直接当全年实际效率；补齐设施投运率；颗粒物需区分PM2.5和粗粒径效率
SRC-RAW-05A3F69CD0063E32B769,OC,POLLUTANT_PARAMETER_MISSING,对应治理设施缺年度有效运行小时数，不能将平均效率直接当全年实际效率；补齐设施投运率；颗粒物需区分PM2.5和粗粒径效率
SRC-RAW-A6EA64E9B35CD18BF4C2,SO2,POLLUTANT_PARAMETER_MISSING,对应治理设施缺年度有效运行小时数，不能将平均效率直接当全年实际效率；补齐设施投运率；颗粒物需区分PM2.5和粗粒径效率
SRC-RAW-A6EA64E9B35CD18BF4C2,NOx,POLLUTANT_PARAMETER_MISSING,燃烧方式其他不足以选取E.7的CO/NOx/VOC系数；确认手动或自动炉排
SRC-RAW-A6EA64E9B35CD18BF4C2,CO,POLLUTANT_PARAMETER_MISSING,燃烧方式其他不足以选取E.7的CO/NOx/VOC系数；确认手动或自动炉排
SRC-RAW-A6EA64E9B35CD18BF4C2,VOC,POLLUTANT_PARAMETER_MISSING,燃烧方式其他不足以选取E.7的CO/NOx/VOC系数；确认手动或自动炉排
SRC-RAW-A6EA64E9B35CD18BF4C2,PM10,POLLUTANT_PARAMETER_MISSING,燃烧方式其他不足以选取C.1—C.3参数；补齐炉型
SRC-RAW-A6EA64E9B35CD18BF4C2,PM10,POLLUTANT_PARAMETER_MISSING,对应治理设施缺年度有效运行小时数，不能将平均效率直接当全年实际效率；补齐设施投运率；颗粒物需区分PM2.5和粗粒径效率
SRC-RAW-A6EA64E9B35CD18BF4C2,PM2.5,POLLUTANT_PARAMETER_MISSING,燃烧方式其他不足以选取C.1—C.3参数；补齐炉型
SRC-RAW-A6EA64E9B35CD18BF4C2,PM2.5,POLLUTANT_PARAMETER_MISSING,对应治理设施缺年度有效运行小时数，不能将平均效率直接当全年实际效率；补齐设施投运率；颗粒物需区分PM2.5和粗粒径效率
SRC-RAW-A6EA64E9B35CD18BF4C2,BC,POLLUTANT_PARAMETER_MISSING,燃烧方式其他不足以选取C.1—C.3参数；补齐炉型
SRC-RAW-A6EA64E9B35CD18BF4C2,BC,POLLUTANT_PARAMETER_MISSING,对应治理设施缺年度有效运行小时数，不能将平均效率直接当全年实际效率；补齐设施投运率；颗粒物需区分PM2.5和粗粒径效率
SRC-RAW-A6EA64E9B35CD18BF4C2,OC,POLLUTANT_PARAMETER_MISSING,燃烧方式其他不足以选取C.1—C.3参数；补齐炉型
SRC-RAW-A6EA64E9B35CD18BF4C2,OC,POLLUTANT_PARAMETER_MISSING,对应治理设施缺年度有效运行小时数，不能将平均效率直接当全年实际效率；补齐设施投运率；颗粒物需区分PM2.5和粗粒径效率
SRC-RAW-35478B3D508045C4B1D3,SO2,POLLUTANT_PARAMETER_MISSING,对应治理设施缺年度有效运行小时数，不能将平均效率直接当全年实际效率；补齐设施投运率；颗粒物需区分PM2.5和粗粒径效率
SRC-RAW-35478B3D508045C4B1D3,PM10,POLLUTANT_PARAMETER_MISSING,对应治理设施缺年度有效运行小时数，不能将平均效率直接当全年实际效率；补齐设施投运率；颗粒物需区分PM2.5和粗粒径效率
SRC-RAW-35478B3D508045C4B1D3,PM2.5,POLLUTANT_PARAMETER_MISSING,对应治理设施缺年度有效运行小时数，不能将平均效率直接当全年实际效率；补齐设施投运率；颗粒物需区分PM2.5和粗粒径效率
SRC-RAW-35478B3D508045C4B1D3,BC,POLLUTANT_PARAMETER_MISSING,对应治理设施缺年度有效运行小时数，不能将平均效率直接当全年实际效率；补齐设施投运率；颗粒物需区分PM2.5和粗粒径效率
SRC-RAW-35478B3D508045C4B1D3,OC,POLLUTANT_PARAMETER_MISSING,对应治理设施缺年度有效运行小时数，不能将平均效率直接当全年实际效率；补齐设施投运率；颗粒物需区分PM2.5和粗粒径效率
SRC-RAW-67F8451E6D8ED28AA69A,SO2,POLLUTANT_PARAMETER_MISSING,对应治理设施缺年度有效运行小时数，不能将平均效率直接当全年实际效率；补齐设施投运率；颗粒物需区分PM2.5和粗粒径效率
SRC-RAW-67F8451E6D8ED28AA69A,PM10,POLLUTANT_PARAMETER_MISSING,对应治理设施缺年度有效运行小时数，不能将平均效率直接当全年实际效率；补齐设施投运率；颗粒物需区分PM2.5和粗粒径效率
SRC-RAW-67F8451E6D8ED28AA69A,PM2.5,POLLUTANT_PARAMETER_MISSING,对应治理设施缺年度有效运行小时数，不能将平均效率直接当全年实际效率；补齐设施投运率；颗粒物需区分PM2.5和粗粒径效率
SRC-RAW-67F8451E6D8ED28AA69A,BC,POLLUTANT_PARAMETER_MISSING,对应治理设施缺年度有效运行小时数，不能将平均效率直接当全年实际效率；补齐设施投运率；颗粒物需区分PM2.5和粗粒径效率
SRC-RAW-67F8451E6D8ED28AA69A,OC,POLLUTANT_PARAMETER_MISSING,对应治理设施缺年度有效运行小时数，不能将平均效率直接当全年实际效率；补齐设施投运率；颗粒物需区分PM2.5和粗粒径效率
SRC-RAW-1B9F906F002B3B0C9461,SO2,POLLUTANT_PARAMETER_MISSING,对应治理设施缺年度有效运行小时数，不能将平均效率直接当全年实际效率；补齐设施投运率；颗粒物需区分PM2.5和粗粒径效率
SRC-RAW-1B9F906F002B3B0C9461,PM10,POLLUTANT_PARAMETER_MISSING,对应治理设施缺年度有效运行小时数，不能将平均效率直接当全年实际效率；补齐设施投运率；颗粒物需区分PM2.5和粗粒径效率
SRC-RAW-1B9F906F002B3B0C9461,PM2.5,POLLUTANT_PARAMETER_MISSING,对应治理设施缺年度有效运行小时数，不能将平均效率直接当全年实际效率；补齐设施投运率；颗粒物需区分PM2.5和粗粒径效率
SRC-RAW-1B9F906F002B3B0C9461,BC,POLLUTANT_PARAMETER_MISSING,对应治理设施缺年度有效运行小时数，不能将平均效率直接当全年实际效率；补齐设施投运率；颗粒物需区分PM2.5和粗粒径效率
SRC-RAW-1B9F906F002B3B0C9461,OC,POLLUTANT_PARAMETER_MISSING,对应治理设施缺年度有效运行小时数，不能将平均效率直接当全年实际效率；补齐设施投运率；颗粒物需区分PM2.5和粗粒径效率
SRC-RAW-DE1C504FCD5A913A752B,NOx,POLLUTANT_PARAMETER_MISSING,燃烧方式其他不足以选取E.7的CO/NOx/VOC系数；确认手动或自动炉排
SRC-RAW-DE1C504FCD5A913A752B,CO,POLLUTANT_PARAMETER_MISSING,燃烧方式其他不足以选取E.7的CO/NOx/VOC系数；确认手动或自动炉排
SRC-RAW-DE1C504FCD5A913A752B,VOC,POLLUTANT_PARAMETER_MISSING,燃烧方式其他不足以选取E.7的CO/NOx/VOC系数；确认手动或自动炉排
SRC-RAW-DE1C504FCD5A913A752B,PM10,POLLUTANT_PARAMETER_MISSING,燃烧方式其他不足以选取C.1—C.3参数；补齐炉型
SRC-RAW-DE1C504FCD5A913A752B,PM10,SOURCE_RELATION_MISSING,GYGL仅为工业锅炉类别且企业有多台锅炉；补齐本锅炉与治理设施对应关系
SRC-RAW-DE1C504FCD5A913A752B,PM2.5,POLLUTANT_PARAMETER_MISSING,燃烧方式其他不足以选取C.1—C.3参数；补齐炉型
SRC-RAW-DE1C504FCD5A913A752B,PM2.5,SOURCE_RELATION_MISSING,GYGL仅为工业锅炉类别且企业有多台锅炉；补齐本锅炉与治理设施对应关系
SRC-RAW-DE1C504FCD5A913A752B,BC,POLLUTANT_PARAMETER_MISSING,燃烧方式其他不足以选取C.1—C.3参数；补齐炉型
SRC-RAW-DE1C504FCD5A913A752B,BC,SOURCE_RELATION_MISSING,GYGL仅为工业锅炉类别且企业有多台锅炉；补齐本锅炉与治理设施对应关系
SRC-RAW-DE1C504FCD5A913A752B,OC,POLLUTANT_PARAMETER_MISSING,燃烧方式其他不足以选取C.1—C.3参数；补齐炉型
SRC-RAW-DE1C504FCD5A913A752B,OC,SOURCE_RELATION_MISSING,GYGL仅为工业锅炉类别且企业有多台锅炉；补齐本锅炉与治理设施对应关系
SRC-RAW-65F8A3AA58DBCA96FC6E,NOx,POLLUTANT_PARAMETER_MISSING,燃烧方式其他不足以选取E.7的CO/NOx/VOC系数；确认手动或自动炉排
SRC-RAW-65F8A3AA58DBCA96FC6E,CO,POLLUTANT_PARAMETER_MISSING,燃烧方式其他不足以选取E.7的CO/NOx/VOC系数；确认手动或自动炉排
SRC-RAW-65F8A3AA58DBCA96FC6E,VOC,POLLUTANT_PARAMETER_MISSING,燃烧方式其他不足以选取E.7的CO/NOx/VOC系数；确认手动或自动炉排
SRC-RAW-65F8A3AA58DBCA96FC6E,PM10,POLLUTANT_PARAMETER_MISSING,燃烧方式其他不足以选取C.1—C.3参数；补齐炉型
SRC-RAW-65F8A3AA58DBCA96FC6E,PM10,SOURCE_RELATION_MISSING,GYGL仅为工业锅炉类别且企业有多台锅炉；补齐本锅炉与治理设施对应关系
SRC-RAW-65F8A3AA58DBCA96FC6E,PM2.5,POLLUTANT_PARAMETER_MISSING,燃烧方式其他不足以选取C.1—C.3参数；补齐炉型
SRC-RAW-65F8A3AA58DBCA96FC6E,PM2.5,SOURCE_RELATION_MISSING,GYGL仅为工业锅炉类别且企业有多台锅炉；补齐本锅炉与治理设施对应关系
SRC-RAW-65F8A3AA58DBCA96FC6E,BC,POLLUTANT_PARAMETER_MISSING,燃烧方式其他不足以选取C.1—C.3参数；补齐炉型
SRC-RAW-65F8A3AA58DBCA96FC6E,BC,SOURCE_RELATION_MISSING,GYGL仅为工业锅炉类别且企业有多台锅炉；补齐本锅炉与治理设施对应关系
SRC-RAW-65F8A3AA58DBCA96FC6E,OC,POLLUTANT_PARAMETER_MISSING,燃烧方式其他不足以选取C.1—C.3参数；补齐炉型
SRC-RAW-65F8A3AA58DBCA96FC6E,OC,SOURCE_RELATION_MISSING,GYGL仅为工业锅炉类别且企业有多台锅炉；补齐本锅炉与治理设施对应关系
SRC-RAW-F92F160DECAC98DECCC2,SO2,POLLUTANT_PARAMETER_MISSING,对应治理设施缺年度有效运行小时数，不能将平均效率直接当全年实际效率；补齐设施投运率；颗粒物需区分PM2.5和粗粒径效率
SRC-RAW-F92F160DECAC98DECCC2,PM10,POLLUTANT_PARAMETER_MISSING,对应治理设施缺年度有效运行小时数，不能将平均效率直接当全年实际效率；补齐设施投运率；颗粒物需区分PM2.5和粗粒径效率
SRC-RAW-F92F160DECAC98DECCC2,PM2.5,POLLUTANT_PARAMETER_MISSING,对应治理设施缺年度有效运行小时数，不能将平均效率直接当全年实际效率；补齐设施投运率；颗粒物需区分PM2.5和粗粒径效率
SRC-RAW-F92F160DECAC98DECCC2,BC,POLLUTANT_PARAMETER_MISSING,对应治理设施缺年度有效运行小时数，不能将平均效率直接当全年实际效率；补齐设施投运率；颗粒物需区分PM2.5和粗粒径效率
SRC-RAW-F92F160DECAC98DECCC2,OC,POLLUTANT_PARAMETER_MISSING,对应治理设施缺年度有效运行小时数，不能将平均效率直接当全年实际效率；补齐设施投运率；颗粒物需区分PM2.5和粗粒径效率
SRC-RAW-2548FC369A45883F67D0,SO2,SOURCE_RELATION_MISSING,GYGL仅为工业锅炉类别且企业有多台锅炉；补齐本锅炉与治理设施对应关系
SRC-RAW-2548FC369A45883F67D0,NOx,SOURCE_RELATION_MISSING,GYGL仅为工业锅炉类别且企业有多台锅炉；补齐本锅炉与治理设施对应关系
SRC-RAW-2548FC369A45883F67D0,PM10,SOURCE_RELATION_MISSING,GYGL仅为工业锅炉类别且企业有多台锅炉；补齐本锅炉与治理设施对应关系
SRC-RAW-2548FC369A45883F67D0,PM2.5,SOURCE_RELATION_MISSING,GYGL仅为工业锅炉类别且企业有多台锅炉；补齐本锅炉与治理设施对应关系
SRC-RAW-2548FC369A45883F67D0,BC,SOURCE_RELATION_MISSING,GYGL仅为工业锅炉类别且企业有多台锅炉；补齐本锅炉与治理设施对应关系
SRC-RAW-2548FC369A45883F67D0,OC,SOURCE_RELATION_MISSING,GYGL仅为工业锅炉类别且企业有多台锅炉；补齐本锅炉与治理设施对应关系
SRC-RAW-2548FC369A45883F67D0,NH3,SOURCE_RELATION_MISSING,工业锅炉类别脱硝设施对应多台锅炉；补齐设备—脱硝设施关系
SRC-RAW-2548FC369A45883F67D0,NH3,POLLUTANT_PARAMETER_MISSING,补齐脱硝SCR/SNCR工艺，表E.1按煤计的氨因子不能据设施名称选定
SRC-RAW-4F35FA7A746C938FC50F,SO2,SOURCE_RELATION_MISSING,GYGL仅为工业锅炉类别且企业有多台锅炉；补齐本锅炉与治理设施对应关系
SRC-RAW-4F35FA7A746C938FC50F,NOx,SOURCE_RELATION_MISSING,GYGL仅为工业锅炉类别且企业有多台锅炉；补齐本锅炉与治理设施对应关系
SRC-RAW-4F35FA7A746C938FC50F,PM10,SOURCE_RELATION_MISSING,GYGL仅为工业锅炉类别且企业有多台锅炉；补齐本锅炉与治理设施对应关系
SRC-RAW-4F35FA7A746C938FC50F,PM2.5,SOURCE_RELATION_MISSING,GYGL仅为工业锅炉类别且企业有多台锅炉；补齐本锅炉与治理设施对应关系
SRC-RAW-4F35FA7A746C938FC50F,BC,SOURCE_RELATION_MISSING,GYGL仅为工业锅炉类别且企业有多台锅炉；补齐本锅炉与治理设施对应关系
SRC-RAW-4F35FA7A746C938FC50F,OC,SOURCE_RELATION_MISSING,GYGL仅为工业锅炉类别且企业有多台锅炉；补齐本锅炉与治理设施对应关系
SRC-RAW-4F35FA7A746C938FC50F,NH3,SOURCE_RELATION_MISSING,工业锅炉类别脱硝设施对应多台锅炉；补齐设备—脱硝设施关系
SRC-RAW-4F35FA7A746C938FC50F,NH3,POLLUTANT_PARAMETER_MISSING,补齐脱硝SCR/SNCR工艺，表E.1按煤计的氨因子不能据设施名称选定
SRC-RAW-D6211821E6E6FAF20F2B,SO2,POLLUTANT_PARAMETER_MISSING,对应治理设施缺年度有效运行小时数，不能将平均效率直接当全年实际效率；补齐设施投运率；颗粒物需区分PM2.5和粗粒径效率
SRC-RAW-D6211821E6E6FAF20F2B,NOx,POLLUTANT_PARAMETER_MISSING,对应治理设施缺年度有效运行小时数，不能将平均效率直接当全年实际效率；补齐设施投运率；颗粒物需区分PM2.5和粗粒径效率
SRC-RAW-D6211821E6E6FAF20F2B,PM10,POLLUTANT_PARAMETER_MISSING,对应治理设施缺年度有效运行小时数，不能将平均效率直接当全年实际效率；补齐设施投运率；颗粒物需区分PM2.5和粗粒径效率
SRC-RAW-D6211821E6E6FAF20F2B,PM2.5,POLLUTANT_PARAMETER_MISSING,对应治理设施缺年度有效运行小时数，不能将平均效率直接当全年实际效率；补齐设施投运率；颗粒物需区分PM2.5和粗粒径效率
SRC-RAW-D6211821E6E6FAF20F2B,BC,POLLUTANT_PARAMETER_MISSING,对应治理设施缺年度有效运行小时数，不能将平均效率直接当全年实际效率；补齐设施投运率；颗粒物需区分PM2.5和粗粒径效率
SRC-RAW-D6211821E6E6FAF20F2B,OC,POLLUTANT_PARAMETER_MISSING,对应治理设施缺年度有效运行小时数，不能将平均效率直接当全年实际效率；补齐设施投运率；颗粒物需区分PM2.5和粗粒径效率
SRC-RAW-C01052A73F93CEE2756E,SO2,POLLUTANT_PARAMETER_MISSING,对应治理设施缺年度有效运行小时数，不能将平均效率直接当全年实际效率；补齐设施投运率；颗粒物需区分PM2.5和粗粒径效率
SRC-RAW-C01052A73F93CEE2756E,NOx,POLLUTANT_PARAMETER_MISSING,对应治理设施缺年度有效运行小时数，不能将平均效率直接当全年实际效率；补齐设施投运率；颗粒物需区分PM2.5和粗粒径效率
SRC-RAW-C01052A73F93CEE2756E,PM10,POLLUTANT_PARAMETER_MISSING,对应治理设施缺年度有效运行小时数，不能将平均效率直接当全年实际效率；补齐设施投运率；颗粒物需区分PM2.5和粗粒径效率
SRC-RAW-C01052A73F93CEE2756E,PM2.5,POLLUTANT_PARAMETER_MISSING,对应治理设施缺年度有效运行小时数，不能将平均效率直接当全年实际效率；补齐设施投运率；颗粒物需区分PM2.5和粗粒径效率
SRC-RAW-C01052A73F93CEE2756E,BC,POLLUTANT_PARAMETER_MISSING,对应治理设施缺年度有效运行小时数，不能将平均效率直接当全年实际效率；补齐设施投运率；颗粒物需区分PM2.5和粗粒径效率
SRC-RAW-C01052A73F93CEE2756E,OC,POLLUTANT_PARAMETER_MISSING,对应治理设施缺年度有效运行小时数，不能将平均效率直接当全年实际效率；补齐设施投运率；颗粒物需区分PM2.5和粗粒径效率
SRC-RAW-9CD4BFD1780AF702BCCE,PM10,POLLUTANT_PARAMETER_MISSING,对应治理设施缺年度有效运行小时数，不能将平均效率直接当全年实际效率；补齐设施投运率；颗粒物需区分PM2.5和粗粒径效率
SRC-RAW-9CD4BFD1780AF702BCCE,PM2.5,POLLUTANT_PARAMETER_MISSING,对应治理设施缺年度有效运行小时数，不能将平均效率直接当全年实际效率；补齐设施投运率；颗粒物需区分PM2.5和粗粒径效率
SRC-RAW-9CD4BFD1780AF702BCCE,BC,POLLUTANT_PARAMETER_MISSING,对应治理设施缺年度有效运行小时数，不能将平均效率直接当全年实际效率；补齐设施投运率；颗粒物需区分PM2.5和粗粒径效率
SRC-RAW-9CD4BFD1780AF702BCCE,OC,POLLUTANT_PARAMETER_MISSING,对应治理设施缺年度有效运行小时数，不能将平均效率直接当全年实际效率；补齐设施投运率；颗粒物需区分PM2.5和粗粒径效率
SRC-RAW-46B0CDADAB674BDA4378,SO2,POLLUTANT_PARAMETER_MISSING,对应治理设施缺年度有效运行小时数，不能将平均效率直接当全年实际效率；补齐设施投运率；颗粒物需区分PM2.5和粗粒径效率
SRC-RAW-46B0CDADAB674BDA4378,PM10,POLLUTANT_PARAMETER_MISSING,对应治理设施缺年度有效运行小时数，不能将平均效率直接当全年实际效率；补齐设施投运率；颗粒物需区分PM2.5和粗粒径效率
SRC-RAW-46B0CDADAB674BDA4378,PM2.5,POLLUTANT_PARAMETER_MISSING,对应治理设施缺年度有效运行小时数，不能将平均效率直接当全年实际效率；补齐设施投运率；颗粒物需区分PM2.5和粗粒径效率
SRC-RAW-46B0CDADAB674BDA4378,BC,POLLUTANT_PARAMETER_MISSING,对应治理设施缺年度有效运行小时数，不能将平均效率直接当全年实际效率；补齐设施投运率；颗粒物需区分PM2.5和粗粒径效率
SRC-RAW-46B0CDADAB674BDA4378,OC,POLLUTANT_PARAMETER_MISSING,对应治理设施缺年度有效运行小时数，不能将平均效率直接当全年实际效率；补齐设施投运率；颗粒物需区分PM2.5和粗粒径效率
SRC-RAW-9121992E803A49E9E205,PM10,SOURCE_RELATION_MISSING,GYGL仅为工业锅炉类别且企业有多台锅炉；补齐本锅炉与治理设施对应关系
SRC-RAW-9121992E803A49E9E205,PM2.5,SOURCE_RELATION_MISSING,GYGL仅为工业锅炉类别且企业有多台锅炉；补齐本锅炉与治理设施对应关系
SRC-RAW-9121992E803A49E9E205,BC,SOURCE_RELATION_MISSING,GYGL仅为工业锅炉类别且企业有多台锅炉；补齐本锅炉与治理设施对应关系
SRC-RAW-9121992E803A49E9E205,OC,SOURCE_RELATION_MISSING,GYGL仅为工业锅炉类别且企业有多台锅炉；补齐本锅炉与治理设施对应关系
SRC-RAW-743F40101701DA67C278,PM10,SOURCE_RELATION_MISSING,GYGL仅为工业锅炉类别且企业有多台锅炉；补齐本锅炉与治理设施对应关系
SRC-RAW-743F40101701DA67C278,PM2.5,SOURCE_RELATION_MISSING,GYGL仅为工业锅炉类别且企业有多台锅炉；补齐本锅炉与治理设施对应关系
SRC-RAW-743F40101701DA67C278,BC,SOURCE_RELATION_MISSING,GYGL仅为工业锅炉类别且企业有多台锅炉；补齐本锅炉与治理设施对应关系
SRC-RAW-743F40101701DA67C278,OC,SOURCE_RELATION_MISSING,GYGL仅为工业锅炉类别且企业有多台锅炉；补齐本锅炉与治理设施对应关系
SRC-RAW-F8398CE0A40B16D25D6D,SO2,POLLUTANT_PARAMETER_MISSING,对应治理设施缺年度有效运行小时数，不能将平均效率直接当全年实际效率；补齐设施投运率；颗粒物需区分PM2.5和粗粒径效率
SRC-RAW-F8398CE0A40B16D25D6D,NOx,POLLUTANT_PARAMETER_MISSING,对应治理设施缺年度有效运行小时数，不能将平均效率直接当全年实际效率；补齐设施投运率；颗粒物需区分PM2.5和粗粒径效率
SRC-RAW-F8398CE0A40B16D25D6D,PM10,POLLUTANT_PARAMETER_MISSING,对应治理设施缺年度有效运行小时数，不能将平均效率直接当全年实际效率；补齐设施投运率；颗粒物需区分PM2.5和粗粒径效率
SRC-RAW-F8398CE0A40B16D25D6D,PM2.5,POLLUTANT_PARAMETER_MISSING,对应治理设施缺年度有效运行小时数，不能将平均效率直接当全年实际效率；补齐设施投运率；颗粒物需区分PM2.5和粗粒径效率
SRC-RAW-F8398CE0A40B16D25D6D,BC,POLLUTANT_PARAMETER_MISSING,对应治理设施缺年度有效运行小时数，不能将平均效率直接当全年实际效率；补齐设施投运率；颗粒物需区分PM2.5和粗粒径效率
SRC-RAW-F8398CE0A40B16D25D6D,OC,POLLUTANT_PARAMETER_MISSING,对应治理设施缺年度有效运行小时数，不能将平均效率直接当全年实际效率；补齐设施投运率；颗粒物需区分PM2.5和粗粒径效率
SRC-RAW-817513EC94EFE272C4E3,SO2,POLLUTANT_PARAMETER_MISSING,对应治理设施缺年度有效运行小时数，不能将平均效率直接当全年实际效率；补齐设施投运率；颗粒物需区分PM2.5和粗粒径效率
SRC-RAW-817513EC94EFE272C4E3,PM10,POLLUTANT_PARAMETER_MISSING,对应治理设施缺年度有效运行小时数，不能将平均效率直接当全年实际效率；补齐设施投运率；颗粒物需区分PM2.5和粗粒径效率
SRC-RAW-817513EC94EFE272C4E3,PM2.5,POLLUTANT_PARAMETER_MISSING,对应治理设施缺年度有效运行小时数，不能将平均效率直接当全年实际效率；补齐设施投运率；颗粒物需区分PM2.5和粗粒径效率
SRC-RAW-817513EC94EFE272C4E3,BC,POLLUTANT_PARAMETER_MISSING,对应治理设施缺年度有效运行小时数，不能将平均效率直接当全年实际效率；补齐设施投运率；颗粒物需区分PM2.5和粗粒径效率
SRC-RAW-817513EC94EFE272C4E3,OC,POLLUTANT_PARAMETER_MISSING,对应治理设施缺年度有效运行小时数，不能将平均效率直接当全年实际效率；补齐设施投运率；颗粒物需区分PM2.5和粗粒径效率
SRC-RAW-F8F52823DF900D6EB1EF,SO2,POLLUTANT_PARAMETER_MISSING,对应治理设施缺年度有效运行小时数，不能将平均效率直接当全年实际效率；补齐设施投运率；颗粒物需区分PM2.5和粗粒径效率
SRC-RAW-F8F52823DF900D6EB1EF,PM10,POLLUTANT_PARAMETER_MISSING,对应治理设施缺年度有效运行小时数，不能将平均效率直接当全年实际效率；补齐设施投运率；颗粒物需区分PM2.5和粗粒径效率
SRC-RAW-F8F52823DF900D6EB1EF,PM2.5,POLLUTANT_PARAMETER_MISSING,对应治理设施缺年度有效运行小时数，不能将平均效率直接当全年实际效率；补齐设施投运率；颗粒物需区分PM2.5和粗粒径效率
SRC-RAW-F8F52823DF900D6EB1EF,BC,POLLUTANT_PARAMETER_MISSING,对应治理设施缺年度有效运行小时数，不能将平均效率直接当全年实际效率；补齐设施投运率；颗粒物需区分PM2.5和粗粒径效率
SRC-RAW-F8F52823DF900D6EB1EF,OC,POLLUTANT_PARAMETER_MISSING,对应治理设施缺年度有效运行小时数，不能将平均效率直接当全年实际效率；补齐设施投运率；颗粒物需区分PM2.5和粗粒径效率
SRC-RAW-F08FAB80B6413ACB8598,PM10,POLLUTANT_PARAMETER_MISSING,对应治理设施缺年度有效运行小时数，不能将平均效率直接当全年实际效率；补齐设施投运率；颗粒物需区分PM2.5和粗粒径效率
SRC-RAW-F08FAB80B6413ACB8598,PM2.5,POLLUTANT_PARAMETER_MISSING,对应治理设施缺年度有效运行小时数，不能将平均效率直接当全年实际效率；补齐设施投运率；颗粒物需区分PM2.5和粗粒径效率
SRC-RAW-F08FAB80B6413ACB8598,BC,POLLUTANT_PARAMETER_MISSING,对应治理设施缺年度有效运行小时数，不能将平均效率直接当全年实际效率；补齐设施投运率；颗粒物需区分PM2.5和粗粒径效率
SRC-RAW-F08FAB80B6413ACB8598,OC,POLLUTANT_PARAMETER_MISSING,对应治理设施缺年度有效运行小时数，不能将平均效率直接当全年实际效率；补齐设施投运率；颗粒物需区分PM2.5和粗粒径效率
SRC-RAW-82AE6EB133FCA18EA008,NOx,POLLUTANT_PARAMETER_MISSING,燃烧方式其他不足以选取E.7的CO/NOx/VOC系数；确认手动或自动炉排
SRC-RAW-82AE6EB133FCA18EA008,CO,POLLUTANT_PARAMETER_MISSING,燃烧方式其他不足以选取E.7的CO/NOx/VOC系数；确认手动或自动炉排
SRC-RAW-82AE6EB133FCA18EA008,VOC,POLLUTANT_PARAMETER_MISSING,燃烧方式其他不足以选取E.7的CO/NOx/VOC系数；确认手动或自动炉排
SRC-RAW-82AE6EB133FCA18EA008,PM10,POLLUTANT_PARAMETER_MISSING,燃烧方式其他不足以选取C.1—C.3参数；补齐炉型
SRC-RAW-82AE6EB133FCA18EA008,PM10,POLLUTANT_PARAMETER_MISSING,对应治理设施缺年度有效运行小时数，不能将平均效率直接当全年实际效率；补齐设施投运率；颗粒物需区分PM2.5和粗粒径效率
SRC-RAW-82AE6EB133FCA18EA008,PM2.5,POLLUTANT_PARAMETER_MISSING,燃烧方式其他不足以选取C.1—C.3参数；补齐炉型
SRC-RAW-82AE6EB133FCA18EA008,PM2.5,POLLUTANT_PARAMETER_MISSING,对应治理设施缺年度有效运行小时数，不能将平均效率直接当全年实际效率；补齐设施投运率；颗粒物需区分PM2.5和粗粒径效率
SRC-RAW-82AE6EB133FCA18EA008,BC,POLLUTANT_PARAMETER_MISSING,燃烧方式其他不足以选取C.1—C.3参数；补齐炉型
SRC-RAW-82AE6EB133FCA18EA008,BC,POLLUTANT_PARAMETER_MISSING,对应治理设施缺年度有效运行小时数，不能将平均效率直接当全年实际效率；补齐设施投运率；颗粒物需区分PM2.5和粗粒径效率
SRC-RAW-82AE6EB133FCA18EA008,OC,POLLUTANT_PARAMETER_MISSING,燃烧方式其他不足以选取C.1—C.3参数；补齐炉型
SRC-RAW-82AE6EB133FCA18EA008,OC,POLLUTANT_PARAMETER_MISSING,对应治理设施缺年度有效运行小时数，不能将平均效率直接当全年实际效率；补齐设施投运率；颗粒物需区分PM2.5和粗粒径效率
SRC-RAW-D2F87FB2ECBDF4439296,SO2,POLLUTANT_PARAMETER_MISSING,对应治理设施缺年度有效运行小时数，不能将平均效率直接当全年实际效率；补齐设施投运率；颗粒物需区分PM2.5和粗粒径效率
SRC-RAW-D2F87FB2ECBDF4439296,PM10,POLLUTANT_PARAMETER_MISSING,对应治理设施缺年度有效运行小时数，不能将平均效率直接当全年实际效率；补齐设施投运率；颗粒物需区分PM2.5和粗粒径效率
SRC-RAW-D2F87FB2ECBDF4439296,PM2.5,POLLUTANT_PARAMETER_MISSING,对应治理设施缺年度有效运行小时数，不能将平均效率直接当全年实际效率；补齐设施投运率；颗粒物需区分PM2.5和粗粒径效率
SRC-RAW-D2F87FB2ECBDF4439296,BC,POLLUTANT_PARAMETER_MISSING,对应治理设施缺年度有效运行小时数，不能将平均效率直接当全年实际效率；补齐设施投运率；颗粒物需区分PM2.5和粗粒径效率
SRC-RAW-D2F87FB2ECBDF4439296,OC,POLLUTANT_PARAMETER_MISSING,对应治理设施缺年度有效运行小时数，不能将平均效率直接当全年实际效率；补齐设施投运率；颗粒物需区分PM2.5和粗粒径效率
SRC-RAW-B921109FB77E419C5D70,SO2,POLLUTANT_PARAMETER_MISSING,对应治理设施缺年度有效运行小时数，不能将平均效率直接当全年实际效率；补齐设施投运率；颗粒物需区分PM2.5和粗粒径效率
SRC-RAW-B921109FB77E419C5D70,PM10,POLLUTANT_PARAMETER_MISSING,对应治理设施缺年度有效运行小时数，不能将平均效率直接当全年实际效率；补齐设施投运率；颗粒物需区分PM2.5和粗粒径效率
SRC-RAW-B921109FB77E419C5D70,PM2.5,POLLUTANT_PARAMETER_MISSING,对应治理设施缺年度有效运行小时数，不能将平均效率直接当全年实际效率；补齐设施投运率；颗粒物需区分PM2.5和粗粒径效率
SRC-RAW-B921109FB77E419C5D70,BC,POLLUTANT_PARAMETER_MISSING,对应治理设施缺年度有效运行小时数，不能将平均效率直接当全年实际效率；补齐设施投运率；颗粒物需区分PM2.5和粗粒径效率
SRC-RAW-B921109FB77E419C5D70,OC,POLLUTANT_PARAMETER_MISSING,对应治理设施缺年度有效运行小时数，不能将平均效率直接当全年实际效率；补齐设施投运率；颗粒物需区分PM2.5和粗粒径效率
SRC-RAW-6BCBFDBB312B393AF47B,PM10,SOURCE_RELATION_MISSING,GYGL仅为工业锅炉类别且企业有多台锅炉；补齐本锅炉与治理设施对应关系
SRC-RAW-6BCBFDBB312B393AF47B,PM2.5,SOURCE_RELATION_MISSING,GYGL仅为工业锅炉类别且企业有多台锅炉；补齐本锅炉与治理设施对应关系
SRC-RAW-6BCBFDBB312B393AF47B,BC,SOURCE_RELATION_MISSING,GYGL仅为工业锅炉类别且企业有多台锅炉；补齐本锅炉与治理设施对应关系
SRC-RAW-6BCBFDBB312B393AF47B,OC,SOURCE_RELATION_MISSING,GYGL仅为工业锅炉类别且企业有多台锅炉；补齐本锅炉与治理设施对应关系
SRC-RAW-1B41840AD5008B05B524,PM10,SOURCE_RELATION_MISSING,GYGL仅为工业锅炉类别且企业有多台锅炉；补齐本锅炉与治理设施对应关系
SRC-RAW-1B41840AD5008B05B524,PM2.5,SOURCE_RELATION_MISSING,GYGL仅为工业锅炉类别且企业有多台锅炉；补齐本锅炉与治理设施对应关系
SRC-RAW-1B41840AD5008B05B524,BC,SOURCE_RELATION_MISSING,GYGL仅为工业锅炉类别且企业有多台锅炉；补齐本锅炉与治理设施对应关系
SRC-RAW-1B41840AD5008B05B524,OC,SOURCE_RELATION_MISSING,GYGL仅为工业锅炉类别且企业有多台锅炉；补齐本锅炉与治理设施对应关系
SRC-RAW-37FA4AC21CF3D24B2557,PM10,POLLUTANT_PARAMETER_MISSING,对应治理设施缺年度有效运行小时数，不能将平均效率直接当全年实际效率；补齐设施投运率；颗粒物需区分PM2.5和粗粒径效率
SRC-RAW-37FA4AC21CF3D24B2557,PM2.5,POLLUTANT_PARAMETER_MISSING,对应治理设施缺年度有效运行小时数，不能将平均效率直接当全年实际效率；补齐设施投运率；颗粒物需区分PM2.5和粗粒径效率
SRC-RAW-37FA4AC21CF3D24B2557,BC,POLLUTANT_PARAMETER_MISSING,对应治理设施缺年度有效运行小时数，不能将平均效率直接当全年实际效率；补齐设施投运率；颗粒物需区分PM2.5和粗粒径效率
SRC-RAW-37FA4AC21CF3D24B2557,OC,POLLUTANT_PARAMETER_MISSING,对应治理设施缺年度有效运行小时数，不能将平均效率直接当全年实际效率；补齐设施投运率；颗粒物需区分PM2.5和粗粒径效率
SRC-RAW-8B07FEFF8C3463AE7CDC,SO2,SOURCE_RELATION_MISSING,GYGL仅为工业锅炉类别且企业有多台锅炉；补齐本锅炉与治理设施对应关系
SRC-RAW-8B07FEFF8C3463AE7CDC,NOx,POLLUTANT_PARAMETER_MISSING,燃烧方式抛煤机炉不足以选取E.7的CO/NOx/VOC系数；确认手动或自动炉排
SRC-RAW-8B07FEFF8C3463AE7CDC,NOx,SOURCE_RELATION_MISSING,GYGL仅为工业锅炉类别且企业有多台锅炉；补齐本锅炉与治理设施对应关系
SRC-RAW-8B07FEFF8C3463AE7CDC,CO,POLLUTANT_PARAMETER_MISSING,燃烧方式抛煤机炉不足以选取E.7的CO/NOx/VOC系数；确认手动或自动炉排
SRC-RAW-8B07FEFF8C3463AE7CDC,VOC,POLLUTANT_PARAMETER_MISSING,燃烧方式抛煤机炉不足以选取E.7的CO/NOx/VOC系数；确认手动或自动炉排
SRC-RAW-8B07FEFF8C3463AE7CDC,PM10,SOURCE_RELATION_MISSING,GYGL仅为工业锅炉类别且企业有多台锅炉；补齐本锅炉与治理设施对应关系
SRC-RAW-8B07FEFF8C3463AE7CDC,PM2.5,SOURCE_RELATION_MISSING,GYGL仅为工业锅炉类别且企业有多台锅炉；补齐本锅炉与治理设施对应关系
SRC-RAW-8B07FEFF8C3463AE7CDC,BC,SOURCE_RELATION_MISSING,GYGL仅为工业锅炉类别且企业有多台锅炉；补齐本锅炉与治理设施对应关系
SRC-RAW-8B07FEFF8C3463AE7CDC,OC,SOURCE_RELATION_MISSING,GYGL仅为工业锅炉类别且企业有多台锅炉；补齐本锅炉与治理设施对应关系
SRC-RAW-8B07FEFF8C3463AE7CDC,NH3,SOURCE_RELATION_MISSING,工业锅炉类别脱硝设施对应多台锅炉；补齐设备—脱硝设施关系
SRC-RAW-8B07FEFF8C3463AE7CDC,NH3,POLLUTANT_PARAMETER_MISSING,补齐脱硝SCR/SNCR工艺，表E.1按煤计的氨因子不能据设施名称选定
SRC-RAW-170500AEA59A1BC9325D,SO2,SOURCE_RELATION_MISSING,GYGL仅为工业锅炉类别且企业有多台锅炉；补齐本锅炉与治理设施对应关系
SRC-RAW-170500AEA59A1BC9325D,NOx,POLLUTANT_PARAMETER_MISSING,燃烧方式抛煤机炉不足以选取E.7的CO/NOx/VOC系数；确认手动或自动炉排
SRC-RAW-170500AEA59A1BC9325D,NOx,SOURCE_RELATION_MISSING,GYGL仅为工业锅炉类别且企业有多台锅炉；补齐本锅炉与治理设施对应关系
SRC-RAW-170500AEA59A1BC9325D,CO,POLLUTANT_PARAMETER_MISSING,燃烧方式抛煤机炉不足以选取E.7的CO/NOx/VOC系数；确认手动或自动炉排
SRC-RAW-170500AEA59A1BC9325D,VOC,POLLUTANT_PARAMETER_MISSING,燃烧方式抛煤机炉不足以选取E.7的CO/NOx/VOC系数；确认手动或自动炉排
SRC-RAW-170500AEA59A1BC9325D,PM10,SOURCE_RELATION_MISSING,GYGL仅为工业锅炉类别且企业有多台锅炉；补齐本锅炉与治理设施对应关系
SRC-RAW-170500AEA59A1BC9325D,PM2.5,SOURCE_RELATION_MISSING,GYGL仅为工业锅炉类别且企业有多台锅炉；补齐本锅炉与治理设施对应关系
SRC-RAW-170500AEA59A1BC9325D,BC,SOURCE_RELATION_MISSING,GYGL仅为工业锅炉类别且企业有多台锅炉；补齐本锅炉与治理设施对应关系
SRC-RAW-170500AEA59A1BC9325D,OC,SOURCE_RELATION_MISSING,GYGL仅为工业锅炉类别且企业有多台锅炉；补齐本锅炉与治理设施对应关系
SRC-RAW-170500AEA59A1BC9325D,NH3,SOURCE_RELATION_MISSING,工业锅炉类别脱硝设施对应多台锅炉；补齐设备—脱硝设施关系
SRC-RAW-170500AEA59A1BC9325D,NH3,POLLUTANT_PARAMETER_MISSING,补齐脱硝SCR/SNCR工艺，表E.1按煤计的氨因子不能据设施名称选定
SRC-RAW-5A611CB426E8DD7E653A,SO2,SOURCE_RELATION_MISSING,GYGL仅为工业锅炉类别且企业有多台锅炉；补齐本锅炉与治理设施对应关系
SRC-RAW-5A611CB426E8DD7E653A,NOx,SOURCE_RELATION_MISSING,GYGL仅为工业锅炉类别且企业有多台锅炉；补齐本锅炉与治理设施对应关系
SRC-RAW-5A611CB426E8DD7E653A,PM10,SOURCE_RELATION_MISSING,GYGL仅为工业锅炉类别且企业有多台锅炉；补齐本锅炉与治理设施对应关系
SRC-RAW-5A611CB426E8DD7E653A,PM2.5,SOURCE_RELATION_MISSING,GYGL仅为工业锅炉类别且企业有多台锅炉；补齐本锅炉与治理设施对应关系
SRC-RAW-5A611CB426E8DD7E653A,BC,SOURCE_RELATION_MISSING,GYGL仅为工业锅炉类别且企业有多台锅炉；补齐本锅炉与治理设施对应关系
SRC-RAW-5A611CB426E8DD7E653A,NH3,SOURCE_RELATION_MISSING,工业锅炉类别脱硝设施对应多台锅炉；补齐设备—脱硝设施关系
SRC-RAW-5A611CB426E8DD7E653A,NH3,POLLUTANT_PARAMETER_MISSING,补齐脱硝SCR/SNCR工艺，表E.1按煤计的氨因子不能据设施名称选定
SRC-RAW-16E254F1FA9BD95B4982,SO2,SOURCE_RELATION_MISSING,GYGL仅为工业锅炉类别且企业有多台锅炉；补齐本锅炉与治理设施对应关系
SRC-RAW-16E254F1FA9BD95B4982,NOx,SOURCE_RELATION_MISSING,GYGL仅为工业锅炉类别且企业有多台锅炉；补齐本锅炉与治理设施对应关系
SRC-RAW-16E254F1FA9BD95B4982,PM10,SOURCE_RELATION_MISSING,GYGL仅为工业锅炉类别且企业有多台锅炉；补齐本锅炉与治理设施对应关系
SRC-RAW-16E254F1FA9BD95B4982,PM2.5,SOURCE_RELATION_MISSING,GYGL仅为工业锅炉类别且企业有多台锅炉；补齐本锅炉与治理设施对应关系
SRC-RAW-16E254F1FA9BD95B4982,BC,SOURCE_RELATION_MISSING,GYGL仅为工业锅炉类别且企业有多台锅炉；补齐本锅炉与治理设施对应关系
SRC-RAW-16E254F1FA9BD95B4982,NH3,SOURCE_RELATION_MISSING,工业锅炉类别脱硝设施对应多台锅炉；补齐设备—脱硝设施关系
SRC-RAW-16E254F1FA9BD95B4982,NH3,POLLUTANT_PARAMETER_MISSING,补齐脱硝SCR/SNCR工艺，表E.1按煤计的氨因子不能据设施名称选定
SRC-RAW-04E126087B33678961DB,SO2,SOURCE_RELATION_MISSING,GYGL仅为工业锅炉类别且企业有多台锅炉；补齐本锅炉与治理设施对应关系
SRC-RAW-04E126087B33678961DB,NOx,SOURCE_RELATION_MISSING,GYGL仅为工业锅炉类别且企业有多台锅炉；补齐本锅炉与治理设施对应关系
SRC-RAW-04E126087B33678961DB,PM10,SOURCE_RELATION_MISSING,GYGL仅为工业锅炉类别且企业有多台锅炉；补齐本锅炉与治理设施对应关系
SRC-RAW-04E126087B33678961DB,PM2.5,SOURCE_RELATION_MISSING,GYGL仅为工业锅炉类别且企业有多台锅炉；补齐本锅炉与治理设施对应关系
SRC-RAW-04E126087B33678961DB,BC,SOURCE_RELATION_MISSING,GYGL仅为工业锅炉类别且企业有多台锅炉；补齐本锅炉与治理设施对应关系
SRC-RAW-04E126087B33678961DB,OC,SOURCE_RELATION_MISSING,GYGL仅为工业锅炉类别且企业有多台锅炉；补齐本锅炉与治理设施对应关系
SRC-RAW-04E126087B33678961DB,NH3,SOURCE_RELATION_MISSING,工业锅炉类别脱硝设施对应多台锅炉；补齐设备—脱硝设施关系
SRC-RAW-04E126087B33678961DB,NH3,POLLUTANT_PARAMETER_MISSING,补齐脱硝SCR/SNCR工艺，表E.1按煤计的氨因子不能据设施名称选定
SRC-RAW-0E97E8612FB2163E01BE,SO2,SOURCE_RELATION_MISSING,GYGL仅为工业锅炉类别且企业有多台锅炉；补齐本锅炉与治理设施对应关系
SRC-RAW-0E97E8612FB2163E01BE,NOx,SOURCE_RELATION_MISSING,GYGL仅为工业锅炉类别且企业有多台锅炉；补齐本锅炉与治理设施对应关系
SRC-RAW-0E97E8612FB2163E01BE,PM10,SOURCE_RELATION_MISSING,GYGL仅为工业锅炉类别且企业有多台锅炉；补齐本锅炉与治理设施对应关系
SRC-RAW-0E97E8612FB2163E01BE,PM2.5,SOURCE_RELATION_MISSING,GYGL仅为工业锅炉类别且企业有多台锅炉；补齐本锅炉与治理设施对应关系
SRC-RAW-0E97E8612FB2163E01BE,BC,SOURCE_RELATION_MISSING,GYGL仅为工业锅炉类别且企业有多台锅炉；补齐本锅炉与治理设施对应关系
SRC-RAW-0E97E8612FB2163E01BE,OC,SOURCE_RELATION_MISSING,GYGL仅为工业锅炉类别且企业有多台锅炉；补齐本锅炉与治理设施对应关系
SRC-RAW-0E97E8612FB2163E01BE,NH3,SOURCE_RELATION_MISSING,工业锅炉类别脱硝设施对应多台锅炉；补齐设备—脱硝设施关系
SRC-RAW-0E97E8612FB2163E01BE,NH3,POLLUTANT_PARAMETER_MISSING,补齐脱硝SCR/SNCR工艺，表E.1按煤计的氨因子不能据设施名称选定
SRC-RAW-87CBBB5B6DBAE6B09929,SO2,SOURCE_RELATION_MISSING,GYGL仅为工业锅炉类别且企业有多台锅炉；补齐本锅炉与治理设施对应关系
SRC-RAW-87CBBB5B6DBAE6B09929,NOx,SOURCE_RELATION_MISSING,GYGL仅为工业锅炉类别且企业有多台锅炉；补齐本锅炉与治理设施对应关系
SRC-RAW-87CBBB5B6DBAE6B09929,PM10,SOURCE_RELATION_MISSING,GYGL仅为工业锅炉类别且企业有多台锅炉；补齐本锅炉与治理设施对应关系
SRC-RAW-87CBBB5B6DBAE6B09929,PM2.5,SOURCE_RELATION_MISSING,GYGL仅为工业锅炉类别且企业有多台锅炉；补齐本锅炉与治理设施对应关系
SRC-RAW-87CBBB5B6DBAE6B09929,BC,SOURCE_RELATION_MISSING,GYGL仅为工业锅炉类别且企业有多台锅炉；补齐本锅炉与治理设施对应关系
SRC-RAW-87CBBB5B6DBAE6B09929,OC,SOURCE_RELATION_MISSING,GYGL仅为工业锅炉类别且企业有多台锅炉；补齐本锅炉与治理设施对应关系
SRC-RAW-87CBBB5B6DBAE6B09929,NH3,SOURCE_RELATION_MISSING,工业锅炉类别脱硝设施对应多台锅炉；补齐设备—脱硝设施关系
SRC-RAW-87CBBB5B6DBAE6B09929,NH3,POLLUTANT_PARAMETER_MISSING,补齐脱硝SCR/SNCR工艺，表E.1按煤计的氨因子不能据设施名称选定
SRC-RAW-646F4C05C12887870A23,NOx,POLLUTANT_PARAMETER_MISSING,燃烧方式其他不足以选取E.7的CO/NOx/VOC系数；确认手动或自动炉排
SRC-RAW-646F4C05C12887870A23,CO,POLLUTANT_PARAMETER_MISSING,燃烧方式其他不足以选取E.7的CO/NOx/VOC系数；确认手动或自动炉排
SRC-RAW-646F4C05C12887870A23,VOC,POLLUTANT_PARAMETER_MISSING,燃烧方式其他不足以选取E.7的CO/NOx/VOC系数；确认手动或自动炉排
SRC-RAW-646F4C05C12887870A23,PM10,POLLUTANT_PARAMETER_MISSING,燃烧方式其他不足以选取C.1—C.3参数；补齐炉型
SRC-RAW-646F4C05C12887870A23,PM10,POLLUTANT_PARAMETER_MISSING,对应治理设施缺年度有效运行小时数，不能将平均效率直接当全年实际效率；补齐设施投运率；颗粒物需区分PM2.5和粗粒径效率
SRC-RAW-646F4C05C12887870A23,PM2.5,POLLUTANT_PARAMETER_MISSING,燃烧方式其他不足以选取C.1—C.3参数；补齐炉型
SRC-RAW-646F4C05C12887870A23,PM2.5,POLLUTANT_PARAMETER_MISSING,对应治理设施缺年度有效运行小时数，不能将平均效率直接当全年实际效率；补齐设施投运率；颗粒物需区分PM2.5和粗粒径效率
SRC-RAW-646F4C05C12887870A23,BC,POLLUTANT_PARAMETER_MISSING,燃烧方式其他不足以选取C.1—C.3参数；补齐炉型
SRC-RAW-646F4C05C12887870A23,BC,POLLUTANT_PARAMETER_MISSING,对应治理设施缺年度有效运行小时数，不能将平均效率直接当全年实际效率；补齐设施投运率；颗粒物需区分PM2.5和粗粒径效率
SRC-RAW-646F4C05C12887870A23,OC,POLLUTANT_PARAMETER_MISSING,燃烧方式其他不足以选取C.1—C.3参数；补齐炉型
SRC-RAW-646F4C05C12887870A23,OC,POLLUTANT_PARAMETER_MISSING,对应治理设施缺年度有效运行小时数，不能将平均效率直接当全年实际效率；补齐设施投运率；颗粒物需区分PM2.5和粗粒径效率
SRC-RAW-A5225A4C9EDEEE132A2F,SO2,POLLUTANT_PARAMETER_MISSING,对应治理设施缺年度有效运行小时数，不能将平均效率直接当全年实际效率；补齐设施投运率；颗粒物需区分PM2.5和粗粒径效率
SRC-RAW-A5225A4C9EDEEE132A2F,NOx,POLLUTANT_PARAMETER_MISSING,对应治理设施缺年度有效运行小时数，不能将平均效率直接当全年实际效率；补齐设施投运率；颗粒物需区分PM2.5和粗粒径效率
SRC-RAW-A5225A4C9EDEEE132A2F,PM10,POLLUTANT_PARAMETER_MISSING,对应治理设施缺年度有效运行小时数，不能将平均效率直接当全年实际效率；补齐设施投运率；颗粒物需区分PM2.5和粗粒径效率
SRC-RAW-A5225A4C9EDEEE132A2F,PM2.5,POLLUTANT_PARAMETER_MISSING,对应治理设施缺年度有效运行小时数，不能将平均效率直接当全年实际效率；补齐设施投运率；颗粒物需区分PM2.5和粗粒径效率
SRC-RAW-A5225A4C9EDEEE132A2F,BC,POLLUTANT_PARAMETER_MISSING,对应治理设施缺年度有效运行小时数，不能将平均效率直接当全年实际效率；补齐设施投运率；颗粒物需区分PM2.5和粗粒径效率
SRC-RAW-3130847D4368455A730B,NOx,POLLUTANT_PARAMETER_MISSING,燃烧方式其他不足以选取E.7的CO/NOx/VOC系数；确认手动或自动炉排
SRC-RAW-3130847D4368455A730B,CO,POLLUTANT_PARAMETER_MISSING,燃烧方式其他不足以选取E.7的CO/NOx/VOC系数；确认手动或自动炉排
SRC-RAW-3130847D4368455A730B,VOC,POLLUTANT_PARAMETER_MISSING,燃烧方式其他不足以选取E.7的CO/NOx/VOC系数；确认手动或自动炉排
SRC-RAW-3130847D4368455A730B,PM10,POLLUTANT_PARAMETER_MISSING,燃烧方式其他不足以选取C.1—C.3参数；补齐炉型
SRC-RAW-3130847D4368455A730B,PM10,POLLUTANT_PARAMETER_MISSING,对应治理设施缺年度有效运行小时数，不能将平均效率直接当全年实际效率；补齐设施投运率；颗粒物需区分PM2.5和粗粒径效率
SRC-RAW-3130847D4368455A730B,PM2.5,POLLUTANT_PARAMETER_MISSING,燃烧方式其他不足以选取C.1—C.3参数；补齐炉型
SRC-RAW-3130847D4368455A730B,PM2.5,POLLUTANT_PARAMETER_MISSING,对应治理设施缺年度有效运行小时数，不能将平均效率直接当全年实际效率；补齐设施投运率；颗粒物需区分PM2.5和粗粒径效率
SRC-RAW-3130847D4368455A730B,BC,POLLUTANT_PARAMETER_MISSING,燃烧方式其他不足以选取C.1—C.3参数；补齐炉型
SRC-RAW-3130847D4368455A730B,BC,POLLUTANT_PARAMETER_MISSING,对应治理设施缺年度有效运行小时数，不能将平均效率直接当全年实际效率；补齐设施投运率；颗粒物需区分PM2.5和粗粒径效率
SRC-RAW-3130847D4368455A730B,OC,POLLUTANT_PARAMETER_MISSING,燃烧方式其他不足以选取C.1—C.3参数；补齐炉型
SRC-RAW-3130847D4368455A730B,OC,POLLUTANT_PARAMETER_MISSING,对应治理设施缺年度有效运行小时数，不能将平均效率直接当全年实际效率；补齐设施投运率；颗粒物需区分PM2.5和粗粒径效率
SRC-RAW-B6D097FDD8C2330D09F8,SO2,POLLUTANT_PARAMETER_MISSING,对应治理设施缺年度有效运行小时数，不能将平均效率直接当全年实际效率；补齐设施投运率；颗粒物需区分PM2.5和粗粒径效率
SRC-RAW-B6D097FDD8C2330D09F8,PM10,POLLUTANT_PARAMETER_MISSING,对应治理设施缺年度有效运行小时数，不能将平均效率直接当全年实际效率；补齐设施投运率；颗粒物需区分PM2.5和粗粒径效率
SRC-RAW-B6D097FDD8C2330D09F8,PM2.5,POLLUTANT_PARAMETER_MISSING,对应治理设施缺年度有效运行小时数，不能将平均效率直接当全年实际效率；补齐设施投运率；颗粒物需区分PM2.5和粗粒径效率
SRC-RAW-B6D097FDD8C2330D09F8,BC,POLLUTANT_PARAMETER_MISSING,对应治理设施缺年度有效运行小时数，不能将平均效率直接当全年实际效率；补齐设施投运率；颗粒物需区分PM2.5和粗粒径效率
SRC-RAW-B6D097FDD8C2330D09F8,OC,POLLUTANT_PARAMETER_MISSING,对应治理设施缺年度有效运行小时数，不能将平均效率直接当全年实际效率；补齐设施投运率；颗粒物需区分PM2.5和粗粒径效率
SRC-RAW-CC90A0A81AB98DF1F7DD,PM10,POLLUTANT_PARAMETER_MISSING,治理工艺及去除效率缺失；补齐后按A.1选取
SRC-RAW-CC90A0A81AB98DF1F7DD,PM10,POLLUTANT_PARAMETER_MISSING,对应治理设施缺年度有效运行小时数，不能将平均效率直接当全年实际效率；补齐设施投运率；颗粒物需区分PM2.5和粗粒径效率
SRC-RAW-CC90A0A81AB98DF1F7DD,PM2.5,POLLUTANT_PARAMETER_MISSING,治理工艺及去除效率缺失；补齐后按A.1选取
SRC-RAW-CC90A0A81AB98DF1F7DD,PM2.5,POLLUTANT_PARAMETER_MISSING,对应治理设施缺年度有效运行小时数，不能将平均效率直接当全年实际效率；补齐设施投运率；颗粒物需区分PM2.5和粗粒径效率
SRC-RAW-CC90A0A81AB98DF1F7DD,BC,POLLUTANT_PARAMETER_MISSING,治理工艺及去除效率缺失；补齐后按A.1选取
SRC-RAW-CC90A0A81AB98DF1F7DD,BC,POLLUTANT_PARAMETER_MISSING,对应治理设施缺年度有效运行小时数，不能将平均效率直接当全年实际效率；补齐设施投运率；颗粒物需区分PM2.5和粗粒径效率
SRC-RAW-75A7AB89B30441D1F77D,NOx,POLLUTANT_PARAMETER_MISSING,燃烧方式抛煤机炉不足以选取E.7的CO/NOx/VOC系数；确认手动或自动炉排
SRC-RAW-75A7AB89B30441D1F77D,CO,POLLUTANT_PARAMETER_MISSING,燃烧方式抛煤机炉不足以选取E.7的CO/NOx/VOC系数；确认手动或自动炉排
SRC-RAW-75A7AB89B30441D1F77D,VOC,POLLUTANT_PARAMETER_MISSING,燃烧方式抛煤机炉不足以选取E.7的CO/NOx/VOC系数；确认手动或自动炉排
SRC-RAW-75A7AB89B30441D1F77D,PM10,POLLUTANT_PARAMETER_MISSING,对应治理设施缺年度有效运行小时数，不能将平均效率直接当全年实际效率；补齐设施投运率；颗粒物需区分PM2.5和粗粒径效率
SRC-RAW-75A7AB89B30441D1F77D,PM2.5,POLLUTANT_PARAMETER_MISSING,对应治理设施缺年度有效运行小时数，不能将平均效率直接当全年实际效率；补齐设施投运率；颗粒物需区分PM2.5和粗粒径效率
SRC-RAW-75A7AB89B30441D1F77D,BC,POLLUTANT_PARAMETER_MISSING,对应治理设施缺年度有效运行小时数，不能将平均效率直接当全年实际效率；补齐设施投运率；颗粒物需区分PM2.5和粗粒径效率
SRC-RAW-75A7AB89B30441D1F77D,OC,POLLUTANT_PARAMETER_MISSING,对应治理设施缺年度有效运行小时数，不能将平均效率直接当全年实际效率；补齐设施投运率；颗粒物需区分PM2.5和粗粒径效率
SRC-RAW-80978BD8728EDF3B15C9,SO2,POLLUTANT_PARAMETER_MISSING,治理工艺及去除效率缺失；补齐后按A.1选取
SRC-RAW-80978BD8728EDF3B15C9,SO2,POLLUTANT_PARAMETER_MISSING,对应治理设施缺年度有效运行小时数，不能将平均效率直接当全年实际效率；补齐设施投运率；颗粒物需区分PM2.5和粗粒径效率
SRC-RAW-80978BD8728EDF3B15C9,NOx,POLLUTANT_PARAMETER_MISSING,燃烧方式抛煤机炉不足以选取E.7的CO/NOx/VOC系数；确认手动或自动炉排
SRC-RAW-80978BD8728EDF3B15C9,CO,POLLUTANT_PARAMETER_MISSING,燃烧方式抛煤机炉不足以选取E.7的CO/NOx/VOC系数；确认手动或自动炉排
SRC-RAW-80978BD8728EDF3B15C9,VOC,POLLUTANT_PARAMETER_MISSING,燃烧方式抛煤机炉不足以选取E.7的CO/NOx/VOC系数；确认手动或自动炉排
SRC-RAW-80978BD8728EDF3B15C9,PM10,POLLUTANT_PARAMETER_MISSING,治理工艺及去除效率缺失；补齐后按A.1选取
SRC-RAW-80978BD8728EDF3B15C9,PM10,POLLUTANT_PARAMETER_MISSING,对应治理设施缺年度有效运行小时数，不能将平均效率直接当全年实际效率；补齐设施投运率；颗粒物需区分PM2.5和粗粒径效率
SRC-RAW-80978BD8728EDF3B15C9,PM2.5,POLLUTANT_PARAMETER_MISSING,治理工艺及去除效率缺失；补齐后按A.1选取
SRC-RAW-80978BD8728EDF3B15C9,PM2.5,POLLUTANT_PARAMETER_MISSING,对应治理设施缺年度有效运行小时数，不能将平均效率直接当全年实际效率；补齐设施投运率；颗粒物需区分PM2.5和粗粒径效率
SRC-RAW-80978BD8728EDF3B15C9,BC,POLLUTANT_PARAMETER_MISSING,治理工艺及去除效率缺失；补齐后按A.1选取
SRC-RAW-80978BD8728EDF3B15C9,BC,POLLUTANT_PARAMETER_MISSING,对应治理设施缺年度有效运行小时数，不能将平均效率直接当全年实际效率；补齐设施投运率；颗粒物需区分PM2.5和粗粒径效率
SRC-RAW-80978BD8728EDF3B15C9,OC,POLLUTANT_PARAMETER_MISSING,治理工艺及去除效率缺失；补齐后按A.1选取
SRC-RAW-80978BD8728EDF3B15C9,OC,POLLUTANT_PARAMETER_MISSING,对应治理设施缺年度有效运行小时数，不能将平均效率直接当全年实际效率；补齐设施投运率；颗粒物需区分PM2.5和粗粒径效率
SRC-RAW-21CAF03E52D608D455F5,NOx,POLLUTANT_PARAMETER_MISSING,燃烧方式抛煤机炉不足以选取E.7的CO/NOx/VOC系数；确认手动或自动炉排
SRC-RAW-21CAF03E52D608D455F5,CO,POLLUTANT_PARAMETER_MISSING,燃烧方式抛煤机炉不足以选取E.7的CO/NOx/VOC系数；确认手动或自动炉排
SRC-RAW-21CAF03E52D608D455F5,VOC,POLLUTANT_PARAMETER_MISSING,燃烧方式抛煤机炉不足以选取E.7的CO/NOx/VOC系数；确认手动或自动炉排
SRC-RAW-21CAF03E52D608D455F5,PM10,POLLUTANT_PARAMETER_MISSING,对应治理设施缺年度有效运行小时数，不能将平均效率直接当全年实际效率；补齐设施投运率；颗粒物需区分PM2.5和粗粒径效率
SRC-RAW-21CAF03E52D608D455F5,PM2.5,POLLUTANT_PARAMETER_MISSING,对应治理设施缺年度有效运行小时数，不能将平均效率直接当全年实际效率；补齐设施投运率；颗粒物需区分PM2.5和粗粒径效率
SRC-RAW-21CAF03E52D608D455F5,BC,POLLUTANT_PARAMETER_MISSING,对应治理设施缺年度有效运行小时数，不能将平均效率直接当全年实际效率；补齐设施投运率；颗粒物需区分PM2.5和粗粒径效率
SRC-RAW-21CAF03E52D608D455F5,OC,POLLUTANT_PARAMETER_MISSING,对应治理设施缺年度有效运行小时数，不能将平均效率直接当全年实际效率；补齐设施投运率；颗粒物需区分PM2.5和粗粒径效率
SRC-RAW-E1CA90AF5B1138F2A52A,SO2,POLLUTANT_PARAMETER_MISSING,对应治理设施缺年度有效运行小时数，不能将平均效率直接当全年实际效率；补齐设施投运率；颗粒物需区分PM2.5和粗粒径效率
SRC-RAW-E1CA90AF5B1138F2A52A,NOx,POLLUTANT_PARAMETER_MISSING,对应治理设施缺年度有效运行小时数，不能将平均效率直接当全年实际效率；补齐设施投运率；颗粒物需区分PM2.5和粗粒径效率
SRC-RAW-E1CA90AF5B1138F2A52A,PM10,POLLUTANT_PARAMETER_MISSING,对应治理设施缺年度有效运行小时数，不能将平均效率直接当全年实际效率；补齐设施投运率；颗粒物需区分PM2.5和粗粒径效率
SRC-RAW-E1CA90AF5B1138F2A52A,PM2.5,POLLUTANT_PARAMETER_MISSING,对应治理设施缺年度有效运行小时数，不能将平均效率直接当全年实际效率；补齐设施投运率；颗粒物需区分PM2.5和粗粒径效率
SRC-RAW-E1CA90AF5B1138F2A52A,BC,POLLUTANT_PARAMETER_MISSING,对应治理设施缺年度有效运行小时数，不能将平均效率直接当全年实际效率；补齐设施投运率；颗粒物需区分PM2.5和粗粒径效率
SRC-RAW-8A1B5935CC6200241332,SO2,POLLUTANT_PARAMETER_MISSING,对应治理设施缺年度有效运行小时数，不能将平均效率直接当全年实际效率；补齐设施投运率；颗粒物需区分PM2.5和粗粒径效率
SRC-RAW-8A1B5935CC6200241332,PM10,POLLUTANT_PARAMETER_MISSING,对应治理设施缺年度有效运行小时数，不能将平均效率直接当全年实际效率；补齐设施投运率；颗粒物需区分PM2.5和粗粒径效率
SRC-RAW-8A1B5935CC6200241332,PM2.5,POLLUTANT_PARAMETER_MISSING,对应治理设施缺年度有效运行小时数，不能将平均效率直接当全年实际效率；补齐设施投运率；颗粒物需区分PM2.5和粗粒径效率
SRC-RAW-8A1B5935CC6200241332,BC,POLLUTANT_PARAMETER_MISSING,对应治理设施缺年度有效运行小时数，不能将平均效率直接当全年实际效率；补齐设施投运率；颗粒物需区分PM2.5和粗粒径效率
SRC-RAW-8A1B5935CC6200241332,OC,POLLUTANT_PARAMETER_MISSING,对应治理设施缺年度有效运行小时数，不能将平均效率直接当全年实际效率；补齐设施投运率；颗粒物需区分PM2.5和粗粒径效率
SRC-RAW-3042C63E9849155B0925,SO2,POLLUTANT_PARAMETER_MISSING,对应治理设施缺年度有效运行小时数，不能将平均效率直接当全年实际效率；补齐设施投运率；颗粒物需区分PM2.5和粗粒径效率
SRC-RAW-3042C63E9849155B0925,NOx,POLLUTANT_PARAMETER_MISSING,燃烧方式其他不足以选取E.7的CO/NOx/VOC系数；确认手动或自动炉排
SRC-RAW-3042C63E9849155B0925,CO,POLLUTANT_PARAMETER_MISSING,燃烧方式其他不足以选取E.7的CO/NOx/VOC系数；确认手动或自动炉排
SRC-RAW-3042C63E9849155B0925,VOC,POLLUTANT_PARAMETER_MISSING,燃烧方式其他不足以选取E.7的CO/NOx/VOC系数；确认手动或自动炉排
SRC-RAW-3042C63E9849155B0925,PM10,POLLUTANT_PARAMETER_MISSING,燃烧方式其他不足以选取C.1—C.3参数；补齐炉型
SRC-RAW-3042C63E9849155B0925,PM10,POLLUTANT_PARAMETER_MISSING,对应治理设施缺年度有效运行小时数，不能将平均效率直接当全年实际效率；补齐设施投运率；颗粒物需区分PM2.5和粗粒径效率
SRC-RAW-3042C63E9849155B0925,PM2.5,POLLUTANT_PARAMETER_MISSING,燃烧方式其他不足以选取C.1—C.3参数；补齐炉型
SRC-RAW-3042C63E9849155B0925,PM2.5,POLLUTANT_PARAMETER_MISSING,对应治理设施缺年度有效运行小时数，不能将平均效率直接当全年实际效率；补齐设施投运率；颗粒物需区分PM2.5和粗粒径效率
SRC-RAW-3042C63E9849155B0925,BC,POLLUTANT_PARAMETER_MISSING,燃烧方式其他不足以选取C.1—C.3参数；补齐炉型
SRC-RAW-3042C63E9849155B0925,BC,POLLUTANT_PARAMETER_MISSING,对应治理设施缺年度有效运行小时数，不能将平均效率直接当全年实际效率；补齐设施投运率；颗粒物需区分PM2.5和粗粒径效率
SRC-RAW-3042C63E9849155B0925,OC,POLLUTANT_PARAMETER_MISSING,燃烧方式其他不足以选取C.1—C.3参数；补齐炉型
SRC-RAW-3042C63E9849155B0925,OC,POLLUTANT_PARAMETER_MISSING,对应治理设施缺年度有效运行小时数，不能将平均效率直接当全年实际效率；补齐设施投运率；颗粒物需区分PM2.5和粗粒径效率
SRC-RAW-0E15F50E5F976EAA1890,PM10,POLLUTANT_PARAMETER_MISSING,对应治理设施缺年度有效运行小时数，不能将平均效率直接当全年实际效率；补齐设施投运率；颗粒物需区分PM2.5和粗粒径效率
SRC-RAW-0E15F50E5F976EAA1890,PM2.5,POLLUTANT_PARAMETER_MISSING,对应治理设施缺年度有效运行小时数，不能将平均效率直接当全年实际效率；补齐设施投运率；颗粒物需区分PM2.5和粗粒径效率
SRC-RAW-0E15F50E5F976EAA1890,BC,POLLUTANT_PARAMETER_MISSING,对应治理设施缺年度有效运行小时数，不能将平均效率直接当全年实际效率；补齐设施投运率；颗粒物需区分PM2.5和粗粒径效率
SRC-RAW-0E15F50E5F976EAA1890,OC,POLLUTANT_PARAMETER_MISSING,对应治理设施缺年度有效运行小时数，不能将平均效率直接当全年实际效率；补齐设施投运率；颗粒物需区分PM2.5和粗粒径效率
SRC-RAW-6F7F73C53959FB9C99F1,NOx,POLLUTANT_PARAMETER_MISSING,对应治理设施缺年度有效运行小时数，不能将平均效率直接当全年实际效率；补齐设施投运率；颗粒物需区分PM2.5和粗粒径效率
SRC-RAW-6F7F73C53959FB9C99F1,PM10,POLLUTANT_PARAMETER_MISSING,对应治理设施缺年度有效运行小时数，不能将平均效率直接当全年实际效率；补齐设施投运率；颗粒物需区分PM2.5和粗粒径效率
SRC-RAW-6F7F73C53959FB9C99F1,PM2.5,POLLUTANT_PARAMETER_MISSING,对应治理设施缺年度有效运行小时数，不能将平均效率直接当全年实际效率；补齐设施投运率；颗粒物需区分PM2.5和粗粒径效率
SRC-RAW-6F7F73C53959FB9C99F1,BC,POLLUTANT_PARAMETER_MISSING,对应治理设施缺年度有效运行小时数，不能将平均效率直接当全年实际效率；补齐设施投运率；颗粒物需区分PM2.5和粗粒径效率
SRC-RAW-6F7F73C53959FB9C99F1,OC,POLLUTANT_PARAMETER_MISSING,对应治理设施缺年度有效运行小时数，不能将平均效率直接当全年实际效率；补齐设施投运率；颗粒物需区分PM2.5和粗粒径效率
SRC-RAW-E5BFCD7A29CEC2B7A216,SO2,POLLUTANT_PARAMETER_MISSING,对应治理设施缺年度有效运行小时数，不能将平均效率直接当全年实际效率；补齐设施投运率；颗粒物需区分PM2.5和粗粒径效率
SRC-RAW-E5BFCD7A29CEC2B7A216,NOx,POLLUTANT_PARAMETER_MISSING,燃烧方式抛煤机炉不足以选取E.7的CO/NOx/VOC系数；确认手动或自动炉排
SRC-RAW-E5BFCD7A29CEC2B7A216,CO,POLLUTANT_PARAMETER_MISSING,燃烧方式抛煤机炉不足以选取E.7的CO/NOx/VOC系数；确认手动或自动炉排
SRC-RAW-E5BFCD7A29CEC2B7A216,VOC,POLLUTANT_PARAMETER_MISSING,燃烧方式抛煤机炉不足以选取E.7的CO/NOx/VOC系数；确认手动或自动炉排
SRC-RAW-E5BFCD7A29CEC2B7A216,PM10,POLLUTANT_PARAMETER_MISSING,对应治理设施缺年度有效运行小时数，不能将平均效率直接当全年实际效率；补齐设施投运率；颗粒物需区分PM2.5和粗粒径效率
SRC-RAW-E5BFCD7A29CEC2B7A216,PM2.5,POLLUTANT_PARAMETER_MISSING,对应治理设施缺年度有效运行小时数，不能将平均效率直接当全年实际效率；补齐设施投运率；颗粒物需区分PM2.5和粗粒径效率
SRC-RAW-E5BFCD7A29CEC2B7A216,BC,POLLUTANT_PARAMETER_MISSING,对应治理设施缺年度有效运行小时数，不能将平均效率直接当全年实际效率；补齐设施投运率；颗粒物需区分PM2.5和粗粒径效率
SRC-RAW-E5BFCD7A29CEC2B7A216,OC,POLLUTANT_PARAMETER_MISSING,对应治理设施缺年度有效运行小时数，不能将平均效率直接当全年实际效率；补齐设施投运率；颗粒物需区分PM2.5和粗粒径效率
SRC-RAW-9C257CDB65577FEE6DF9,NOx,POLLUTANT_PARAMETER_MISSING,燃烧方式抛煤机炉不足以选取E.7的CO/NOx/VOC系数；确认手动或自动炉排
SRC-RAW-9C257CDB65577FEE6DF9,CO,POLLUTANT_PARAMETER_MISSING,燃烧方式抛煤机炉不足以选取E.7的CO/NOx/VOC系数；确认手动或自动炉排
SRC-RAW-9C257CDB65577FEE6DF9,VOC,POLLUTANT_PARAMETER_MISSING,燃烧方式抛煤机炉不足以选取E.7的CO/NOx/VOC系数；确认手动或自动炉排
SRC-RAW-9C257CDB65577FEE6DF9,PM10,POLLUTANT_PARAMETER_MISSING,对应治理设施缺年度有效运行小时数，不能将平均效率直接当全年实际效率；补齐设施投运率；颗粒物需区分PM2.5和粗粒径效率
SRC-RAW-9C257CDB65577FEE6DF9,PM2.5,POLLUTANT_PARAMETER_MISSING,对应治理设施缺年度有效运行小时数，不能将平均效率直接当全年实际效率；补齐设施投运率；颗粒物需区分PM2.5和粗粒径效率
SRC-RAW-9C257CDB65577FEE6DF9,BC,POLLUTANT_PARAMETER_MISSING,对应治理设施缺年度有效运行小时数，不能将平均效率直接当全年实际效率；补齐设施投运率；颗粒物需区分PM2.5和粗粒径效率
SRC-RAW-9C257CDB65577FEE6DF9,OC,POLLUTANT_PARAMETER_MISSING,对应治理设施缺年度有效运行小时数，不能将平均效率直接当全年实际效率；补齐设施投运率；颗粒物需区分PM2.5和粗粒径效率
SRC-RAW-8CBE27BA219BED5E4192,NOx,POLLUTANT_PARAMETER_MISSING,燃烧方式其他不足以选取E.7的CO/NOx/VOC系数；确认手动或自动炉排
SRC-RAW-8CBE27BA219BED5E4192,CO,POLLUTANT_PARAMETER_MISSING,燃烧方式其他不足以选取E.7的CO/NOx/VOC系数；确认手动或自动炉排
SRC-RAW-8CBE27BA219BED5E4192,VOC,POLLUTANT_PARAMETER_MISSING,燃烧方式其他不足以选取E.7的CO/NOx/VOC系数；确认手动或自动炉排
SRC-RAW-8CBE27BA219BED5E4192,PM10,POLLUTANT_PARAMETER_MISSING,燃烧方式其他不足以选取C.1—C.3参数；补齐炉型
SRC-RAW-8CBE27BA219BED5E4192,PM10,POLLUTANT_PARAMETER_MISSING,对应治理设施缺年度有效运行小时数，不能将平均效率直接当全年实际效率；补齐设施投运率；颗粒物需区分PM2.5和粗粒径效率
SRC-RAW-8CBE27BA219BED5E4192,PM2.5,POLLUTANT_PARAMETER_MISSING,燃烧方式其他不足以选取C.1—C.3参数；补齐炉型
SRC-RAW-8CBE27BA219BED5E4192,PM2.5,POLLUTANT_PARAMETER_MISSING,对应治理设施缺年度有效运行小时数，不能将平均效率直接当全年实际效率；补齐设施投运率；颗粒物需区分PM2.5和粗粒径效率
SRC-RAW-8CBE27BA219BED5E4192,BC,POLLUTANT_PARAMETER_MISSING,燃烧方式其他不足以选取C.1—C.3参数；补齐炉型
SRC-RAW-8CBE27BA219BED5E4192,BC,POLLUTANT_PARAMETER_MISSING,对应治理设施缺年度有效运行小时数，不能将平均效率直接当全年实际效率；补齐设施投运率；颗粒物需区分PM2.5和粗粒径效率
SRC-RAW-8CBE27BA219BED5E4192,OC,POLLUTANT_PARAMETER_MISSING,燃烧方式其他不足以选取C.1—C.3参数；补齐炉型
SRC-RAW-8CBE27BA219BED5E4192,OC,POLLUTANT_PARAMETER_MISSING,对应治理设施缺年度有效运行小时数，不能将平均效率直接当全年实际效率；补齐设施投运率；颗粒物需区分PM2.5和粗粒径效率
SRC-RAW-F37E8CD77F669C3C4E3E,NOx,POLLUTANT_PARAMETER_MISSING,对应治理设施缺年度有效运行小时数，不能将平均效率直接当全年实际效率；补齐设施投运率；颗粒物需区分PM2.5和粗粒径效率
SRC-RAW-F37E8CD77F669C3C4E3E,PM10,POLLUTANT_PARAMETER_MISSING,对应治理设施缺年度有效运行小时数，不能将平均效率直接当全年实际效率；补齐设施投运率；颗粒物需区分PM2.5和粗粒径效率
SRC-RAW-F37E8CD77F669C3C4E3E,PM2.5,POLLUTANT_PARAMETER_MISSING,对应治理设施缺年度有效运行小时数，不能将平均效率直接当全年实际效率；补齐设施投运率；颗粒物需区分PM2.5和粗粒径效率
SRC-RAW-F37E8CD77F669C3C4E3E,BC,POLLUTANT_PARAMETER_MISSING,对应治理设施缺年度有效运行小时数，不能将平均效率直接当全年实际效率；补齐设施投运率；颗粒物需区分PM2.5和粗粒径效率
SRC-RAW-F37E8CD77F669C3C4E3E,OC,POLLUTANT_PARAMETER_MISSING,对应治理设施缺年度有效运行小时数，不能将平均效率直接当全年实际效率；补齐设施投运率；颗粒物需区分PM2.5和粗粒径效率
SRC-RAW-AFDB2F69DD021732280B,PM10,POLLUTANT_PARAMETER_MISSING,对应治理设施缺年度有效运行小时数，不能将平均效率直接当全年实际效率；补齐设施投运率；颗粒物需区分PM2.5和粗粒径效率
SRC-RAW-AFDB2F69DD021732280B,PM2.5,POLLUTANT_PARAMETER_MISSING,对应治理设施缺年度有效运行小时数，不能将平均效率直接当全年实际效率；补齐设施投运率；颗粒物需区分PM2.5和粗粒径效率
SRC-RAW-AFDB2F69DD021732280B,BC,POLLUTANT_PARAMETER_MISSING,对应治理设施缺年度有效运行小时数，不能将平均效率直接当全年实际效率；补齐设施投运率；颗粒物需区分PM2.5和粗粒径效率
SRC-RAW-AFDB2F69DD021732280B,OC,POLLUTANT_PARAMETER_MISSING,对应治理设施缺年度有效运行小时数，不能将平均效率直接当全年实际效率；补齐设施投运率；颗粒物需区分PM2.5和粗粒径效率
SRC-RAW-0103FCBE38BE68BEE90E,SO2,POLLUTANT_PARAMETER_MISSING,对应治理设施缺年度有效运行小时数，不能将平均效率直接当全年实际效率；补齐设施投运率；颗粒物需区分PM2.5和粗粒径效率
SRC-RAW-0103FCBE38BE68BEE90E,NOx,POLLUTANT_PARAMETER_MISSING,对应治理设施缺年度有效运行小时数，不能将平均效率直接当全年实际效率；补齐设施投运率；颗粒物需区分PM2.5和粗粒径效率
SRC-RAW-0103FCBE38BE68BEE90E,PM10,POLLUTANT_PARAMETER_MISSING,对应治理设施缺年度有效运行小时数，不能将平均效率直接当全年实际效率；补齐设施投运率；颗粒物需区分PM2.5和粗粒径效率
SRC-RAW-0103FCBE38BE68BEE90E,PM2.5,POLLUTANT_PARAMETER_MISSING,对应治理设施缺年度有效运行小时数，不能将平均效率直接当全年实际效率；补齐设施投运率；颗粒物需区分PM2.5和粗粒径效率
SRC-RAW-0103FCBE38BE68BEE90E,BC,POLLUTANT_PARAMETER_MISSING,对应治理设施缺年度有效运行小时数，不能将平均效率直接当全年实际效率；补齐设施投运率；颗粒物需区分PM2.5和粗粒径效率
SRC-RAW-0103FCBE38BE68BEE90E,OC,POLLUTANT_PARAMETER_MISSING,对应治理设施缺年度有效运行小时数，不能将平均效率直接当全年实际效率；补齐设施投运率；颗粒物需区分PM2.5和粗粒径效率
SRC-RAW-44A4C7A2B93159C1E3F9,PM10,POLLUTANT_PARAMETER_MISSING,对应治理设施缺年度有效运行小时数，不能将平均效率直接当全年实际效率；补齐设施投运率；颗粒物需区分PM2.5和粗粒径效率
SRC-RAW-44A4C7A2B93159C1E3F9,PM2.5,POLLUTANT_PARAMETER_MISSING,对应治理设施缺年度有效运行小时数，不能将平均效率直接当全年实际效率；补齐设施投运率；颗粒物需区分PM2.5和粗粒径效率
SRC-RAW-44A4C7A2B93159C1E3F9,BC,POLLUTANT_PARAMETER_MISSING,对应治理设施缺年度有效运行小时数，不能将平均效率直接当全年实际效率；补齐设施投运率；颗粒物需区分PM2.5和粗粒径效率
SRC-RAW-46119431773A9235066F,SO2,POLLUTANT_PARAMETER_MISSING,对应治理设施缺年度有效运行小时数，不能将平均效率直接当全年实际效率；补齐设施投运率；颗粒物需区分PM2.5和粗粒径效率
SRC-RAW-46119431773A9235066F,NOx,POLLUTANT_PARAMETER_MISSING,对应治理设施缺年度有效运行小时数，不能将平均效率直接当全年实际效率；补齐设施投运率；颗粒物需区分PM2.5和粗粒径效率
SRC-RAW-46119431773A9235066F,PM10,POLLUTANT_PARAMETER_MISSING,对应治理设施缺年度有效运行小时数，不能将平均效率直接当全年实际效率；补齐设施投运率；颗粒物需区分PM2.5和粗粒径效率
SRC-RAW-46119431773A9235066F,PM2.5,POLLUTANT_PARAMETER_MISSING,对应治理设施缺年度有效运行小时数，不能将平均效率直接当全年实际效率；补齐设施投运率；颗粒物需区分PM2.5和粗粒径效率
SRC-RAW-46119431773A9235066F,BC,POLLUTANT_PARAMETER_MISSING,对应治理设施缺年度有效运行小时数，不能将平均效率直接当全年实际效率；补齐设施投运率；颗粒物需区分PM2.5和粗粒径效率
SRC-RAW-46119431773A9235066F,OC,POLLUTANT_PARAMETER_MISSING,对应治理设施缺年度有效运行小时数，不能将平均效率直接当全年实际效率；补齐设施投运率；颗粒物需区分PM2.5和粗粒径效率
SRC-RAW-D0E1D7D809221865179F,SO2,SOURCE_RELATION_MISSING,GYGL仅为工业锅炉类别且企业有多台锅炉；补齐本锅炉与治理设施对应关系
SRC-RAW-D0E1D7D809221865179F,NOx,SOURCE_RELATION_MISSING,GYGL仅为工业锅炉类别且企业有多台锅炉；补齐本锅炉与治理设施对应关系
SRC-RAW-D0E1D7D809221865179F,PM10,SOURCE_RELATION_MISSING,GYGL仅为工业锅炉类别且企业有多台锅炉；补齐本锅炉与治理设施对应关系
SRC-RAW-D0E1D7D809221865179F,PM2.5,SOURCE_RELATION_MISSING,GYGL仅为工业锅炉类别且企业有多台锅炉；补齐本锅炉与治理设施对应关系
SRC-RAW-D0E1D7D809221865179F,BC,SOURCE_RELATION_MISSING,GYGL仅为工业锅炉类别且企业有多台锅炉；补齐本锅炉与治理设施对应关系
SRC-RAW-D0E1D7D809221865179F,OC,SOURCE_RELATION_MISSING,GYGL仅为工业锅炉类别且企业有多台锅炉；补齐本锅炉与治理设施对应关系
SRC-RAW-D0E1D7D809221865179F,NH3,SOURCE_RELATION_MISSING,工业锅炉类别脱硝设施对应多台锅炉；补齐设备—脱硝设施关系
SRC-RAW-D0E1D7D809221865179F,NH3,POLLUTANT_PARAMETER_MISSING,补齐脱硝SCR/SNCR工艺，表E.1按煤计的氨因子不能据设施名称选定
SRC-RAW-AF7E65363880BC32D9A8,SO2,SOURCE_RELATION_MISSING,GYGL仅为工业锅炉类别且企业有多台锅炉；补齐本锅炉与治理设施对应关系
SRC-RAW-AF7E65363880BC32D9A8,NOx,SOURCE_RELATION_MISSING,GYGL仅为工业锅炉类别且企业有多台锅炉；补齐本锅炉与治理设施对应关系
SRC-RAW-AF7E65363880BC32D9A8,PM10,SOURCE_RELATION_MISSING,GYGL仅为工业锅炉类别且企业有多台锅炉；补齐本锅炉与治理设施对应关系
SRC-RAW-AF7E65363880BC32D9A8,PM2.5,SOURCE_RELATION_MISSING,GYGL仅为工业锅炉类别且企业有多台锅炉；补齐本锅炉与治理设施对应关系
SRC-RAW-AF7E65363880BC32D9A8,BC,SOURCE_RELATION_MISSING,GYGL仅为工业锅炉类别且企业有多台锅炉；补齐本锅炉与治理设施对应关系
SRC-RAW-AF7E65363880BC32D9A8,OC,SOURCE_RELATION_MISSING,GYGL仅为工业锅炉类别且企业有多台锅炉；补齐本锅炉与治理设施对应关系
SRC-RAW-AF7E65363880BC32D9A8,NH3,SOURCE_RELATION_MISSING,工业锅炉类别脱硝设施对应多台锅炉；补齐设备—脱硝设施关系
SRC-RAW-AF7E65363880BC32D9A8,NH3,POLLUTANT_PARAMETER_MISSING,补齐脱硝SCR/SNCR工艺，表E.1按煤计的氨因子不能据设施名称选定
SRC-RAW-4726CD81DB31A7076352,SO2,SOURCE_RELATION_MISSING,GYGL仅为工业锅炉类别且企业有多台锅炉；补齐本锅炉与治理设施对应关系
SRC-RAW-4726CD81DB31A7076352,NOx,SOURCE_RELATION_MISSING,GYGL仅为工业锅炉类别且企业有多台锅炉；补齐本锅炉与治理设施对应关系
SRC-RAW-4726CD81DB31A7076352,PM10,SOURCE_RELATION_MISSING,GYGL仅为工业锅炉类别且企业有多台锅炉；补齐本锅炉与治理设施对应关系
SRC-RAW-4726CD81DB31A7076352,PM2.5,SOURCE_RELATION_MISSING,GYGL仅为工业锅炉类别且企业有多台锅炉；补齐本锅炉与治理设施对应关系
SRC-RAW-4726CD81DB31A7076352,BC,SOURCE_RELATION_MISSING,GYGL仅为工业锅炉类别且企业有多台锅炉；补齐本锅炉与治理设施对应关系
SRC-RAW-4726CD81DB31A7076352,OC,SOURCE_RELATION_MISSING,GYGL仅为工业锅炉类别且企业有多台锅炉；补齐本锅炉与治理设施对应关系
SRC-RAW-4726CD81DB31A7076352,NH3,SOURCE_RELATION_MISSING,工业锅炉类别脱硝设施对应多台锅炉；补齐设备—脱硝设施关系
SRC-RAW-4726CD81DB31A7076352,NH3,POLLUTANT_PARAMETER_MISSING,补齐脱硝SCR/SNCR工艺，表E.1按煤计的氨因子不能据设施名称选定
SRC-RAW-36037EDD3D5B7E487309,PM10,POLLUTANT_PARAMETER_MISSING,对应治理设施缺年度有效运行小时数，不能将平均效率直接当全年实际效率；补齐设施投运率；颗粒物需区分PM2.5和粗粒径效率
SRC-RAW-36037EDD3D5B7E487309,PM2.5,POLLUTANT_PARAMETER_MISSING,对应治理设施缺年度有效运行小时数，不能将平均效率直接当全年实际效率；补齐设施投运率；颗粒物需区分PM2.5和粗粒径效率
SRC-RAW-36037EDD3D5B7E487309,BC,POLLUTANT_PARAMETER_MISSING,对应治理设施缺年度有效运行小时数，不能将平均效率直接当全年实际效率；补齐设施投运率；颗粒物需区分PM2.5和粗粒径效率
SRC-RAW-9EFC121F784DF5C6F78C,PM10,POLLUTANT_PARAMETER_MISSING,对应治理设施缺年度有效运行小时数，不能将平均效率直接当全年实际效率；补齐设施投运率；颗粒物需区分PM2.5和粗粒径效率
SRC-RAW-9EFC121F784DF5C6F78C,PM2.5,POLLUTANT_PARAMETER_MISSING,对应治理设施缺年度有效运行小时数，不能将平均效率直接当全年实际效率；补齐设施投运率；颗粒物需区分PM2.5和粗粒径效率
SRC-RAW-9EFC121F784DF5C6F78C,BC,POLLUTANT_PARAMETER_MISSING,对应治理设施缺年度有效运行小时数，不能将平均效率直接当全年实际效率；补齐设施投运率；颗粒物需区分PM2.5和粗粒径效率
SRC-RAW-9EFC121F784DF5C6F78C,OC,POLLUTANT_PARAMETER_MISSING,对应治理设施缺年度有效运行小时数，不能将平均效率直接当全年实际效率；补齐设施投运率；颗粒物需区分PM2.5和粗粒径效率
SRC-RAW-447FBEA00511E8F78A82,SO2,POLLUTANT_PARAMETER_MISSING,对应治理设施缺年度有效运行小时数，不能将平均效率直接当全年实际效率；补齐设施投运率；颗粒物需区分PM2.5和粗粒径效率
SRC-RAW-447FBEA00511E8F78A82,NOx,POLLUTANT_PARAMETER_MISSING,燃烧方式其他不足以选取E.7的CO/NOx/VOC系数；确认手动或自动炉排
SRC-RAW-447FBEA00511E8F78A82,CO,POLLUTANT_PARAMETER_MISSING,燃烧方式其他不足以选取E.7的CO/NOx/VOC系数；确认手动或自动炉排
SRC-RAW-447FBEA00511E8F78A82,VOC,POLLUTANT_PARAMETER_MISSING,燃烧方式其他不足以选取E.7的CO/NOx/VOC系数；确认手动或自动炉排
SRC-RAW-447FBEA00511E8F78A82,PM10,POLLUTANT_PARAMETER_MISSING,燃烧方式其他不足以选取C.1—C.3参数；补齐炉型
SRC-RAW-447FBEA00511E8F78A82,PM10,POLLUTANT_PARAMETER_MISSING,对应治理设施缺年度有效运行小时数，不能将平均效率直接当全年实际效率；补齐设施投运率；颗粒物需区分PM2.5和粗粒径效率
SRC-RAW-447FBEA00511E8F78A82,PM2.5,POLLUTANT_PARAMETER_MISSING,燃烧方式其他不足以选取C.1—C.3参数；补齐炉型
SRC-RAW-447FBEA00511E8F78A82,PM2.5,POLLUTANT_PARAMETER_MISSING,对应治理设施缺年度有效运行小时数，不能将平均效率直接当全年实际效率；补齐设施投运率；颗粒物需区分PM2.5和粗粒径效率
SRC-RAW-447FBEA00511E8F78A82,BC,POLLUTANT_PARAMETER_MISSING,燃烧方式其他不足以选取C.1—C.3参数；补齐炉型
SRC-RAW-447FBEA00511E8F78A82,BC,POLLUTANT_PARAMETER_MISSING,对应治理设施缺年度有效运行小时数，不能将平均效率直接当全年实际效率；补齐设施投运率；颗粒物需区分PM2.5和粗粒径效率
SRC-RAW-447FBEA00511E8F78A82,OC,POLLUTANT_PARAMETER_MISSING,燃烧方式其他不足以选取C.1—C.3参数；补齐炉型
SRC-RAW-447FBEA00511E8F78A82,OC,POLLUTANT_PARAMETER_MISSING,对应治理设施缺年度有效运行小时数，不能将平均效率直接当全年实际效率；补齐设施投运率；颗粒物需区分PM2.5和粗粒径效率
SRC-RAW-7B95DBB82A526713329E,SO2,POLLUTANT_PARAMETER_MISSING,对应治理设施缺年度有效运行小时数，不能将平均效率直接当全年实际效率；补齐设施投运率；颗粒物需区分PM2.5和粗粒径效率
SRC-RAW-7B95DBB82A526713329E,NOx,POLLUTANT_PARAMETER_MISSING,对应治理设施缺年度有效运行小时数，不能将平均效率直接当全年实际效率；补齐设施投运率；颗粒物需区分PM2.5和粗粒径效率
SRC-RAW-7B95DBB82A526713329E,PM10,POLLUTANT_PARAMETER_MISSING,对应治理设施缺年度有效运行小时数，不能将平均效率直接当全年实际效率；补齐设施投运率；颗粒物需区分PM2.5和粗粒径效率
SRC-RAW-7B95DBB82A526713329E,PM2.5,POLLUTANT_PARAMETER_MISSING,对应治理设施缺年度有效运行小时数，不能将平均效率直接当全年实际效率；补齐设施投运率；颗粒物需区分PM2.5和粗粒径效率
SRC-RAW-7B95DBB82A526713329E,BC,POLLUTANT_PARAMETER_MISSING,对应治理设施缺年度有效运行小时数，不能将平均效率直接当全年实际效率；补齐设施投运率；颗粒物需区分PM2.5和粗粒径效率
SRC-RAW-7B95DBB82A526713329E,OC,POLLUTANT_PARAMETER_MISSING,对应治理设施缺年度有效运行小时数，不能将平均效率直接当全年实际效率；补齐设施投运率；颗粒物需区分PM2.5和粗粒径效率
SRC-RAW-E21EA0C1A54C29600821,SO2,POLLUTANT_PARAMETER_MISSING,对应治理设施缺年度有效运行小时数，不能将平均效率直接当全年实际效率；补齐设施投运率；颗粒物需区分PM2.5和粗粒径效率
SRC-RAW-E21EA0C1A54C29600821,NOx,POLLUTANT_PARAMETER_MISSING,燃烧方式其他不足以选取E.7的CO/NOx/VOC系数；确认手动或自动炉排
SRC-RAW-E21EA0C1A54C29600821,CO,POLLUTANT_PARAMETER_MISSING,燃烧方式其他不足以选取E.7的CO/NOx/VOC系数；确认手动或自动炉排
SRC-RAW-E21EA0C1A54C29600821,VOC,POLLUTANT_PARAMETER_MISSING,燃烧方式其他不足以选取E.7的CO/NOx/VOC系数；确认手动或自动炉排
SRC-RAW-E21EA0C1A54C29600821,PM10,POLLUTANT_PARAMETER_MISSING,燃烧方式其他不足以选取C.1—C.3参数；补齐炉型
SRC-RAW-E21EA0C1A54C29600821,PM10,POLLUTANT_PARAMETER_MISSING,对应治理设施缺年度有效运行小时数，不能将平均效率直接当全年实际效率；补齐设施投运率；颗粒物需区分PM2.5和粗粒径效率
SRC-RAW-E21EA0C1A54C29600821,PM2.5,POLLUTANT_PARAMETER_MISSING,燃烧方式其他不足以选取C.1—C.3参数；补齐炉型
SRC-RAW-E21EA0C1A54C29600821,PM2.5,POLLUTANT_PARAMETER_MISSING,对应治理设施缺年度有效运行小时数，不能将平均效率直接当全年实际效率；补齐设施投运率；颗粒物需区分PM2.5和粗粒径效率
SRC-RAW-E21EA0C1A54C29600821,BC,POLLUTANT_PARAMETER_MISSING,燃烧方式其他不足以选取C.1—C.3参数；补齐炉型
SRC-RAW-E21EA0C1A54C29600821,BC,POLLUTANT_PARAMETER_MISSING,对应治理设施缺年度有效运行小时数，不能将平均效率直接当全年实际效率；补齐设施投运率；颗粒物需区分PM2.5和粗粒径效率
SRC-RAW-E21EA0C1A54C29600821,OC,POLLUTANT_PARAMETER_MISSING,燃烧方式其他不足以选取C.1—C.3参数；补齐炉型
SRC-RAW-E21EA0C1A54C29600821,OC,POLLUTANT_PARAMETER_MISSING,对应治理设施缺年度有效运行小时数，不能将平均效率直接当全年实际效率；补齐设施投运率；颗粒物需区分PM2.5和粗粒径效率
SRC-RAW-DA902E601B9588014471,SO2,activity_unit_unresolved,燃料一单位吨标准煤与因子分母t不一致；补原燃料实物量或有依据的换算关系
SRC-RAW-DA902E601B9588014471,NOx,activity_unit_unresolved,燃料一单位吨标准煤与因子分母t不一致；补原燃料实物量或有依据的换算关系
SRC-RAW-DA902E601B9588014471,NOx,POLLUTANT_PARAMETER_MISSING,对应治理设施缺年度有效运行小时数，不能将平均效率直接当全年实际效率；补齐设施投运率；颗粒物需区分PM2.5和粗粒径效率
SRC-RAW-DA902E601B9588014471,CO,activity_unit_unresolved,燃料一单位吨标准煤与因子分母t不一致；补原燃料实物量或有依据的换算关系
SRC-RAW-DA902E601B9588014471,VOC,activity_unit_unresolved,燃料一单位吨标准煤与因子分母t不一致；补原燃料实物量或有依据的换算关系
SRC-RAW-DA902E601B9588014471,PM10,activity_unit_unresolved,燃料一单位吨标准煤与因子分母t不一致；补原燃料实物量或有依据的换算关系
SRC-RAW-DA902E601B9588014471,PM10,POLLUTANT_PARAMETER_MISSING,对应治理设施缺年度有效运行小时数，不能将平均效率直接当全年实际效率；补齐设施投运率；颗粒物需区分PM2.5和粗粒径效率
SRC-RAW-DA902E601B9588014471,PM2.5,activity_unit_unresolved,燃料一单位吨标准煤与因子分母t不一致；补原燃料实物量或有依据的换算关系
SRC-RAW-DA902E601B9588014471,PM2.5,POLLUTANT_PARAMETER_MISSING,对应治理设施缺年度有效运行小时数，不能将平均效率直接当全年实际效率；补齐设施投运率；颗粒物需区分PM2.5和粗粒径效率
SRC-RAW-DA902E601B9588014471,BC,activity_unit_unresolved,燃料一单位吨标准煤与因子分母t不一致；补原燃料实物量或有依据的换算关系
SRC-RAW-DA902E601B9588014471,BC,POLLUTANT_PARAMETER_MISSING,对应治理设施缺年度有效运行小时数，不能将平均效率直接当全年实际效率；补齐设施投运率；颗粒物需区分PM2.5和粗粒径效率
SRC-RAW-DA902E601B9588014471,OC,activity_unit_unresolved,燃料一单位吨标准煤与因子分母t不一致；补原燃料实物量或有依据的换算关系
SRC-RAW-DA902E601B9588014471,OC,POLLUTANT_PARAMETER_MISSING,对应治理设施缺年度有效运行小时数，不能将平均效率直接当全年实际效率；补齐设施投运率；颗粒物需区分PM2.5和粗粒径效率
SRC-RAW-DA902E601B9588014471,NH3,factor_not_applicable,表E.1氨因子分母为煤，当前燃料其他燃料不具备可直接使用的氨因子；提供适用因子或实测氨排放
SRC-RAW-5BB8E08FBD28FF734E7C,PM10,POLLUTANT_PARAMETER_MISSING,治理工艺及去除效率缺失；补齐后按A.1选取
SRC-RAW-5BB8E08FBD28FF734E7C,PM10,POLLUTANT_PARAMETER_MISSING,对应治理设施缺年度有效运行小时数，不能将平均效率直接当全年实际效率；补齐设施投运率；颗粒物需区分PM2.5和粗粒径效率
SRC-RAW-5BB8E08FBD28FF734E7C,PM2.5,POLLUTANT_PARAMETER_MISSING,治理工艺及去除效率缺失；补齐后按A.1选取
SRC-RAW-5BB8E08FBD28FF734E7C,PM2.5,POLLUTANT_PARAMETER_MISSING,对应治理设施缺年度有效运行小时数，不能将平均效率直接当全年实际效率；补齐设施投运率；颗粒物需区分PM2.5和粗粒径效率
SRC-RAW-5BB8E08FBD28FF734E7C,BC,POLLUTANT_PARAMETER_MISSING,治理工艺及去除效率缺失；补齐后按A.1选取
SRC-RAW-5BB8E08FBD28FF734E7C,BC,POLLUTANT_PARAMETER_MISSING,对应治理设施缺年度有效运行小时数，不能将平均效率直接当全年实际效率；补齐设施投运率；颗粒物需区分PM2.5和粗粒径效率
SRC-RAW-5BB8E08FBD28FF734E7C,OC,POLLUTANT_PARAMETER_MISSING,治理工艺及去除效率缺失；补齐后按A.1选取
SRC-RAW-5BB8E08FBD28FF734E7C,OC,POLLUTANT_PARAMETER_MISSING,对应治理设施缺年度有效运行小时数，不能将平均效率直接当全年实际效率；补齐设施投运率；颗粒物需区分PM2.5和粗粒径效率
SRC-RAW-0DE26DDBEFD455855252,SO2,POLLUTANT_PARAMETER_MISSING,对应治理设施缺年度有效运行小时数，不能将平均效率直接当全年实际效率；补齐设施投运率；颗粒物需区分PM2.5和粗粒径效率
SRC-RAW-0DE26DDBEFD455855252,NOx,POLLUTANT_PARAMETER_MISSING,对应治理设施缺年度有效运行小时数，不能将平均效率直接当全年实际效率；补齐设施投运率；颗粒物需区分PM2.5和粗粒径效率
SRC-RAW-0DE26DDBEFD455855252,PM10,POLLUTANT_PARAMETER_MISSING,对应治理设施缺年度有效运行小时数，不能将平均效率直接当全年实际效率；补齐设施投运率；颗粒物需区分PM2.5和粗粒径效率
SRC-RAW-0DE26DDBEFD455855252,PM2.5,POLLUTANT_PARAMETER_MISSING,对应治理设施缺年度有效运行小时数，不能将平均效率直接当全年实际效率；补齐设施投运率；颗粒物需区分PM2.5和粗粒径效率
SRC-RAW-0DE26DDBEFD455855252,BC,POLLUTANT_PARAMETER_MISSING,对应治理设施缺年度有效运行小时数，不能将平均效率直接当全年实际效率；补齐设施投运率；颗粒物需区分PM2.5和粗粒径效率
SRC-RAW-75CF55C29BD450F5108C,SO2,POLLUTANT_PARAMETER_MISSING,治理工艺及去除效率缺失；补齐后按A.1选取
SRC-RAW-75CF55C29BD450F5108C,SO2,POLLUTANT_PARAMETER_MISSING,对应治理设施缺年度有效运行小时数，不能将平均效率直接当全年实际效率；补齐设施投运率；颗粒物需区分PM2.5和粗粒径效率
SRC-RAW-75CF55C29BD450F5108C,PM10,POLLUTANT_PARAMETER_MISSING,治理工艺及去除效率缺失；补齐后按A.1选取
SRC-RAW-75CF55C29BD450F5108C,PM10,POLLUTANT_PARAMETER_MISSING,对应治理设施缺年度有效运行小时数，不能将平均效率直接当全年实际效率；补齐设施投运率；颗粒物需区分PM2.5和粗粒径效率
SRC-RAW-75CF55C29BD450F5108C,PM2.5,POLLUTANT_PARAMETER_MISSING,治理工艺及去除效率缺失；补齐后按A.1选取
SRC-RAW-75CF55C29BD450F5108C,PM2.5,POLLUTANT_PARAMETER_MISSING,对应治理设施缺年度有效运行小时数，不能将平均效率直接当全年实际效率；补齐设施投运率；颗粒物需区分PM2.5和粗粒径效率
SRC-RAW-75CF55C29BD450F5108C,BC,POLLUTANT_PARAMETER_MISSING,治理工艺及去除效率缺失；补齐后按A.1选取
SRC-RAW-75CF55C29BD450F5108C,BC,POLLUTANT_PARAMETER_MISSING,对应治理设施缺年度有效运行小时数，不能将平均效率直接当全年实际效率；补齐设施投运率；颗粒物需区分PM2.5和粗粒径效率
SRC-RAW-75CF55C29BD450F5108C,OC,POLLUTANT_PARAMETER_MISSING,治理工艺及去除效率缺失；补齐后按A.1选取
SRC-RAW-75CF55C29BD450F5108C,OC,POLLUTANT_PARAMETER_MISSING,对应治理设施缺年度有效运行小时数，不能将平均效率直接当全年实际效率；补齐设施投运率；颗粒物需区分PM2.5和粗粒径效率
SRC-RAW-27B2789BD4E5E6793CAF,PM10,POLLUTANT_PARAMETER_MISSING,治理工艺及去除效率缺失；补齐后按A.1选取
SRC-RAW-27B2789BD4E5E6793CAF,PM10,POLLUTANT_PARAMETER_MISSING,对应治理设施缺年度有效运行小时数，不能将平均效率直接当全年实际效率；补齐设施投运率；颗粒物需区分PM2.5和粗粒径效率
SRC-RAW-27B2789BD4E5E6793CAF,PM2.5,POLLUTANT_PARAMETER_MISSING,治理工艺及去除效率缺失；补齐后按A.1选取
SRC-RAW-27B2789BD4E5E6793CAF,PM2.5,POLLUTANT_PARAMETER_MISSING,对应治理设施缺年度有效运行小时数，不能将平均效率直接当全年实际效率；补齐设施投运率；颗粒物需区分PM2.5和粗粒径效率
SRC-RAW-27B2789BD4E5E6793CAF,BC,POLLUTANT_PARAMETER_MISSING,治理工艺及去除效率缺失；补齐后按A.1选取
SRC-RAW-27B2789BD4E5E6793CAF,BC,POLLUTANT_PARAMETER_MISSING,对应治理设施缺年度有效运行小时数，不能将平均效率直接当全年实际效率；补齐设施投运率；颗粒物需区分PM2.5和粗粒径效率
SRC-RAW-27B2789BD4E5E6793CAF,OC,POLLUTANT_PARAMETER_MISSING,治理工艺及去除效率缺失；补齐后按A.1选取
SRC-RAW-27B2789BD4E5E6793CAF,OC,POLLUTANT_PARAMETER_MISSING,对应治理设施缺年度有效运行小时数，不能将平均效率直接当全年实际效率；补齐设施投运率；颗粒物需区分PM2.5和粗粒径效率
SRC-RAW-D416F9DD021BA74195D5,PM10,POLLUTANT_PARAMETER_MISSING,对应治理设施缺年度有效运行小时数，不能将平均效率直接当全年实际效率；补齐设施投运率；颗粒物需区分PM2.5和粗粒径效率
SRC-RAW-D416F9DD021BA74195D5,PM2.5,POLLUTANT_PARAMETER_MISSING,对应治理设施缺年度有效运行小时数，不能将平均效率直接当全年实际效率；补齐设施投运率；颗粒物需区分PM2.5和粗粒径效率
SRC-RAW-C0C5DF8D3CF3A4429E60,PM10,POLLUTANT_PARAMETER_MISSING,治理工艺及去除效率缺失；补齐后按A.1选取
SRC-RAW-C0C5DF8D3CF3A4429E60,PM10,POLLUTANT_PARAMETER_MISSING,对应治理设施缺年度有效运行小时数，不能将平均效率直接当全年实际效率；补齐设施投运率；颗粒物需区分PM2.5和粗粒径效率
SRC-RAW-C0C5DF8D3CF3A4429E60,PM2.5,POLLUTANT_PARAMETER_MISSING,治理工艺及去除效率缺失；补齐后按A.1选取
SRC-RAW-C0C5DF8D3CF3A4429E60,PM2.5,POLLUTANT_PARAMETER_MISSING,对应治理设施缺年度有效运行小时数，不能将平均效率直接当全年实际效率；补齐设施投运率；颗粒物需区分PM2.5和粗粒径效率
SRC-RAW-49A01F9C949CD19C532E,SO2,POLLUTANT_PARAMETER_MISSING,治理工艺及去除效率缺失；补齐后按A.1选取
SRC-RAW-49A01F9C949CD19C532E,SO2,POLLUTANT_PARAMETER_MISSING,对应治理设施缺年度有效运行小时数，不能将平均效率直接当全年实际效率；补齐设施投运率；颗粒物需区分PM2.5和粗粒径效率
SRC-RAW-49A01F9C949CD19C532E,PM10,POLLUTANT_PARAMETER_MISSING,治理工艺及去除效率缺失；补齐后按A.1选取
SRC-RAW-49A01F9C949CD19C532E,PM10,POLLUTANT_PARAMETER_MISSING,对应治理设施缺年度有效运行小时数，不能将平均效率直接当全年实际效率；补齐设施投运率；颗粒物需区分PM2.5和粗粒径效率
SRC-RAW-49A01F9C949CD19C532E,PM2.5,POLLUTANT_PARAMETER_MISSING,治理工艺及去除效率缺失；补齐后按A.1选取
SRC-RAW-49A01F9C949CD19C532E,PM2.5,POLLUTANT_PARAMETER_MISSING,对应治理设施缺年度有效运行小时数，不能将平均效率直接当全年实际效率；补齐设施投运率；颗粒物需区分PM2.5和粗粒径效率
SRC-RAW-49A01F9C949CD19C532E,BC,POLLUTANT_PARAMETER_MISSING,治理工艺及去除效率缺失；补齐后按A.1选取
SRC-RAW-49A01F9C949CD19C532E,BC,POLLUTANT_PARAMETER_MISSING,对应治理设施缺年度有效运行小时数，不能将平均效率直接当全年实际效率；补齐设施投运率；颗粒物需区分PM2.5和粗粒径效率
SRC-RAW-49A01F9C949CD19C532E,OC,POLLUTANT_PARAMETER_MISSING,治理工艺及去除效率缺失；补齐后按A.1选取
SRC-RAW-49A01F9C949CD19C532E,OC,POLLUTANT_PARAMETER_MISSING,对应治理设施缺年度有效运行小时数，不能将平均效率直接当全年实际效率；补齐设施投运率；颗粒物需区分PM2.5和粗粒径效率
SRC-RAW-1A019E18811F4036A320,SO2,POLLUTANT_PARAMETER_MISSING,对应治理设施缺年度有效运行小时数，不能将平均效率直接当全年实际效率；补齐设施投运率；颗粒物需区分PM2.5和粗粒径效率
SRC-RAW-1A019E18811F4036A320,PM10,POLLUTANT_PARAMETER_MISSING,对应治理设施缺年度有效运行小时数，不能将平均效率直接当全年实际效率；补齐设施投运率；颗粒物需区分PM2.5和粗粒径效率
SRC-RAW-1A019E18811F4036A320,PM2.5,POLLUTANT_PARAMETER_MISSING,对应治理设施缺年度有效运行小时数，不能将平均效率直接当全年实际效率；补齐设施投运率；颗粒物需区分PM2.5和粗粒径效率
SRC-RAW-1A019E18811F4036A320,BC,POLLUTANT_PARAMETER_MISSING,对应治理设施缺年度有效运行小时数，不能将平均效率直接当全年实际效率；补齐设施投运率；颗粒物需区分PM2.5和粗粒径效率
SRC-RAW-1A019E18811F4036A320,OC,POLLUTANT_PARAMETER_MISSING,对应治理设施缺年度有效运行小时数，不能将平均效率直接当全年实际效率；补齐设施投运率；颗粒物需区分PM2.5和粗粒径效率
SRC-RAW-C52C876E12EF5401DC92,NOx,POLLUTANT_PARAMETER_MISSING,治理工艺及去除效率缺失；补齐后按A.1选取
SRC-RAW-C52C876E12EF5401DC92,NOx,POLLUTANT_PARAMETER_MISSING,对应治理设施缺年度有效运行小时数，不能将平均效率直接当全年实际效率；补齐设施投运率；颗粒物需区分PM2.5和粗粒径效率
SRC-RAW-C52C876E12EF5401DC92,PM10,POLLUTANT_PARAMETER_MISSING,治理工艺及去除效率缺失；补齐后按A.1选取
SRC-RAW-C52C876E12EF5401DC92,PM10,POLLUTANT_PARAMETER_MISSING,对应治理设施缺年度有效运行小时数，不能将平均效率直接当全年实际效率；补齐设施投运率；颗粒物需区分PM2.5和粗粒径效率
SRC-RAW-C52C876E12EF5401DC92,PM2.5,POLLUTANT_PARAMETER_MISSING,治理工艺及去除效率缺失；补齐后按A.1选取
SRC-RAW-C52C876E12EF5401DC92,PM2.5,POLLUTANT_PARAMETER_MISSING,对应治理设施缺年度有效运行小时数，不能将平均效率直接当全年实际效率；补齐设施投运率；颗粒物需区分PM2.5和粗粒径效率
SRC-RAW-C52C876E12EF5401DC92,NH3,POLLUTANT_PARAMETER_MISSING,补齐脱硝SCR/SNCR工艺，表E.1按煤计的氨因子不能据设施名称选定
SRC-RAW-C52C876E12EF5401DC92,NH3,factor_not_applicable,表E.1氨因子分母为煤，当前燃料天然气不具备可直接使用的氨因子；提供适用因子或实测氨排放
SRC-RAW-DBB8F6B93FFAAEBD7D49,SO2,POLLUTANT_PARAMETER_MISSING,对应治理设施缺年度有效运行小时数，不能将平均效率直接当全年实际效率；补齐设施投运率；颗粒物需区分PM2.5和粗粒径效率
SRC-RAW-DBB8F6B93FFAAEBD7D49,PM10,POLLUTANT_PARAMETER_MISSING,对应治理设施缺年度有效运行小时数，不能将平均效率直接当全年实际效率；补齐设施投运率；颗粒物需区分PM2.5和粗粒径效率
SRC-RAW-DBB8F6B93FFAAEBD7D49,PM2.5,POLLUTANT_PARAMETER_MISSING,对应治理设施缺年度有效运行小时数，不能将平均效率直接当全年实际效率；补齐设施投运率；颗粒物需区分PM2.5和粗粒径效率
SRC-RAW-DBB8F6B93FFAAEBD7D49,BC,POLLUTANT_PARAMETER_MISSING,对应治理设施缺年度有效运行小时数，不能将平均效率直接当全年实际效率；补齐设施投运率；颗粒物需区分PM2.5和粗粒径效率
SRC-RAW-DBB8F6B93FFAAEBD7D49,OC,POLLUTANT_PARAMETER_MISSING,对应治理设施缺年度有效运行小时数，不能将平均效率直接当全年实际效率；补齐设施投运率；颗粒物需区分PM2.5和粗粒径效率
SRC-RAW-8D800B5564DE321522D6,NOx,SOURCE_RELATION_MISSING,GYGL仅为工业锅炉类别且企业有多台锅炉；补齐本锅炉与治理设施对应关系
SRC-RAW-8D800B5564DE321522D6,PM10,SOURCE_RELATION_MISSING,GYGL仅为工业锅炉类别且企业有多台锅炉；补齐本锅炉与治理设施对应关系
SRC-RAW-8D800B5564DE321522D6,PM2.5,SOURCE_RELATION_MISSING,GYGL仅为工业锅炉类别且企业有多台锅炉；补齐本锅炉与治理设施对应关系
SRC-RAW-8D800B5564DE321522D6,NH3,SOURCE_RELATION_MISSING,工业锅炉类别脱硝设施对应多台锅炉；补齐设备—脱硝设施关系
SRC-RAW-8D800B5564DE321522D6,NH3,POLLUTANT_PARAMETER_MISSING,补齐脱硝SCR/SNCR工艺，表E.1按煤计的氨因子不能据设施名称选定
SRC-RAW-8D800B5564DE321522D6,NH3,factor_not_applicable,表E.1氨因子分母为煤，当前燃料天然气不具备可直接使用的氨因子；提供适用因子或实测氨排放
SRC-RAW-BAEE507643C8114175B4,NOx,SOURCE_RELATION_MISSING,GYGL仅为工业锅炉类别且企业有多台锅炉；补齐本锅炉与治理设施对应关系
SRC-RAW-BAEE507643C8114175B4,PM10,SOURCE_RELATION_MISSING,GYGL仅为工业锅炉类别且企业有多台锅炉；补齐本锅炉与治理设施对应关系
SRC-RAW-BAEE507643C8114175B4,PM2.5,SOURCE_RELATION_MISSING,GYGL仅为工业锅炉类别且企业有多台锅炉；补齐本锅炉与治理设施对应关系
SRC-RAW-BAEE507643C8114175B4,NH3,SOURCE_RELATION_MISSING,工业锅炉类别脱硝设施对应多台锅炉；补齐设备—脱硝设施关系
SRC-RAW-BAEE507643C8114175B4,NH3,POLLUTANT_PARAMETER_MISSING,补齐脱硝SCR/SNCR工艺，表E.1按煤计的氨因子不能据设施名称选定
SRC-RAW-BAEE507643C8114175B4,NH3,factor_not_applicable,表E.1氨因子分母为煤，当前燃料天然气不具备可直接使用的氨因子；提供适用因子或实测氨排放
SRC-RAW-F94C2C49EC7474D44071,NOx,SOURCE_RELATION_MISSING,GYGL仅为工业锅炉类别且企业有多台锅炉；补齐本锅炉与治理设施对应关系
SRC-RAW-F94C2C49EC7474D44071,PM10,SOURCE_RELATION_MISSING,GYGL仅为工业锅炉类别且企业有多台锅炉；补齐本锅炉与治理设施对应关系
SRC-RAW-F94C2C49EC7474D44071,PM2.5,SOURCE_RELATION_MISSING,GYGL仅为工业锅炉类别且企业有多台锅炉；补齐本锅炉与治理设施对应关系
SRC-RAW-F94C2C49EC7474D44071,NH3,SOURCE_RELATION_MISSING,工业锅炉类别脱硝设施对应多台锅炉；补齐设备—脱硝设施关系
SRC-RAW-F94C2C49EC7474D44071,NH3,POLLUTANT_PARAMETER_MISSING,补齐脱硝SCR/SNCR工艺，表E.1按煤计的氨因子不能据设施名称选定
SRC-RAW-F94C2C49EC7474D44071,NH3,factor_not_applicable,表E.1氨因子分母为煤，当前燃料天然气不具备可直接使用的氨因子；提供适用因子或实测氨排放
SRC-RAW-6A93B73A2400F0858C6B,NOx,SOURCE_RELATION_MISSING,GYGL仅为工业锅炉类别且企业有多台锅炉；补齐本锅炉与治理设施对应关系
SRC-RAW-6A93B73A2400F0858C6B,PM10,SOURCE_RELATION_MISSING,GYGL仅为工业锅炉类别且企业有多台锅炉；补齐本锅炉与治理设施对应关系
SRC-RAW-6A93B73A2400F0858C6B,PM2.5,SOURCE_RELATION_MISSING,GYGL仅为工业锅炉类别且企业有多台锅炉；补齐本锅炉与治理设施对应关系
SRC-RAW-6A93B73A2400F0858C6B,NH3,SOURCE_RELATION_MISSING,工业锅炉类别脱硝设施对应多台锅炉；补齐设备—脱硝设施关系
SRC-RAW-6A93B73A2400F0858C6B,NH3,POLLUTANT_PARAMETER_MISSING,补齐脱硝SCR/SNCR工艺，表E.1按煤计的氨因子不能据设施名称选定
SRC-RAW-6A93B73A2400F0858C6B,NH3,factor_not_applicable,表E.1氨因子分母为煤，当前燃料天然气不具备可直接使用的氨因子；提供适用因子或实测氨排放
SRC-RAW-6873BCFF957E0BDC7331,PM10,POLLUTANT_PARAMETER_MISSING,治理工艺及去除效率缺失；补齐后按A.1选取
SRC-RAW-6873BCFF957E0BDC7331,PM10,POLLUTANT_PARAMETER_MISSING,对应治理设施缺年度有效运行小时数，不能将平均效率直接当全年实际效率；补齐设施投运率；颗粒物需区分PM2.5和粗粒径效率
SRC-RAW-6873BCFF957E0BDC7331,PM2.5,POLLUTANT_PARAMETER_MISSING,治理工艺及去除效率缺失；补齐后按A.1选取
SRC-RAW-6873BCFF957E0BDC7331,PM2.5,POLLUTANT_PARAMETER_MISSING,对应治理设施缺年度有效运行小时数，不能将平均效率直接当全年实际效率；补齐设施投运率；颗粒物需区分PM2.5和粗粒径效率
SRC-RAW-1FB77EEDCDAC11D16837,PM10,POLLUTANT_PARAMETER_MISSING,治理工艺及去除效率缺失；补齐后按A.1选取
SRC-RAW-1FB77EEDCDAC11D16837,PM10,POLLUTANT_PARAMETER_MISSING,对应治理设施缺年度有效运行小时数，不能将平均效率直接当全年实际效率；补齐设施投运率；颗粒物需区分PM2.5和粗粒径效率
SRC-RAW-1FB77EEDCDAC11D16837,PM2.5,POLLUTANT_PARAMETER_MISSING,治理工艺及去除效率缺失；补齐后按A.1选取
SRC-RAW-1FB77EEDCDAC11D16837,PM2.5,POLLUTANT_PARAMETER_MISSING,对应治理设施缺年度有效运行小时数，不能将平均效率直接当全年实际效率；补齐设施投运率；颗粒物需区分PM2.5和粗粒径效率
SRC-RAW-16E32DA8FA2DD0CEE3D1,PM10,SOURCE_RELATION_MISSING,GYGL仅为工业锅炉类别且企业有多台锅炉；补齐本锅炉与治理设施对应关系
SRC-RAW-16E32DA8FA2DD0CEE3D1,PM2.5,SOURCE_RELATION_MISSING,GYGL仅为工业锅炉类别且企业有多台锅炉；补齐本锅炉与治理设施对应关系
SRC-RAW-16E32DA8FA2DD0CEE3D1,BC,SOURCE_RELATION_MISSING,GYGL仅为工业锅炉类别且企业有多台锅炉；补齐本锅炉与治理设施对应关系
SRC-RAW-16E32DA8FA2DD0CEE3D1,OC,SOURCE_RELATION_MISSING,GYGL仅为工业锅炉类别且企业有多台锅炉；补齐本锅炉与治理设施对应关系
SRC-RAW-C0B40247E475D6C85E43,SO2,SOURCE_RELATION_MISSING,GYGL仅为工业锅炉类别且企业有多台锅炉；补齐本锅炉与治理设施对应关系
SRC-RAW-C0B40247E475D6C85E43,PM10,SOURCE_RELATION_MISSING,GYGL仅为工业锅炉类别且企业有多台锅炉；补齐本锅炉与治理设施对应关系
SRC-RAW-C0B40247E475D6C85E43,PM2.5,SOURCE_RELATION_MISSING,GYGL仅为工业锅炉类别且企业有多台锅炉；补齐本锅炉与治理设施对应关系
SRC-RAW-C0B40247E475D6C85E43,BC,SOURCE_RELATION_MISSING,GYGL仅为工业锅炉类别且企业有多台锅炉；补齐本锅炉与治理设施对应关系
SRC-RAW-C0B40247E475D6C85E43,OC,SOURCE_RELATION_MISSING,GYGL仅为工业锅炉类别且企业有多台锅炉；补齐本锅炉与治理设施对应关系
SRC-RAW-54A963C6840BB4BDDF26,PM10,SOURCE_RELATION_MISSING,GYGL仅为工业锅炉类别且企业有多台锅炉；补齐本锅炉与治理设施对应关系
SRC-RAW-54A963C6840BB4BDDF26,PM2.5,SOURCE_RELATION_MISSING,GYGL仅为工业锅炉类别且企业有多台锅炉；补齐本锅炉与治理设施对应关系
SRC-RAW-FE8E9C6971B774E1CD96,PM10,SOURCE_RELATION_MISSING,GYGL仅为工业锅炉类别且企业有多台锅炉；补齐本锅炉与治理设施对应关系
SRC-RAW-FE8E9C6971B774E1CD96,PM2.5,SOURCE_RELATION_MISSING,GYGL仅为工业锅炉类别且企业有多台锅炉；补齐本锅炉与治理设施对应关系
SRC-RAW-19E698D2101F9CB3FB70,PM10,SOURCE_RELATION_MISSING,GYGL仅为工业锅炉类别且企业有多台锅炉；补齐本锅炉与治理设施对应关系
SRC-RAW-19E698D2101F9CB3FB70,PM2.5,SOURCE_RELATION_MISSING,GYGL仅为工业锅炉类别且企业有多台锅炉；补齐本锅炉与治理设施对应关系
SRC-RAW-27DDBE46F0CAD828F876,SO2,activity_unit_unresolved,燃料一单位吨标准煤与因子分母t不一致；补原燃料实物量或有依据的换算关系
SRC-RAW-27DDBE46F0CAD828F876,NOx,activity_unit_unresolved,燃料一单位吨标准煤与因子分母t不一致；补原燃料实物量或有依据的换算关系
SRC-RAW-27DDBE46F0CAD828F876,CO,activity_unit_unresolved,燃料一单位吨标准煤与因子分母t不一致；补原燃料实物量或有依据的换算关系
SRC-RAW-27DDBE46F0CAD828F876,VOC,activity_unit_unresolved,燃料一单位吨标准煤与因子分母t不一致；补原燃料实物量或有依据的换算关系
SRC-RAW-27DDBE46F0CAD828F876,PM10,activity_unit_unresolved,燃料一单位吨标准煤与因子分母t不一致；补原燃料实物量或有依据的换算关系
SRC-RAW-27DDBE46F0CAD828F876,PM2.5,activity_unit_unresolved,燃料一单位吨标准煤与因子分母t不一致；补原燃料实物量或有依据的换算关系
SRC-RAW-27DDBE46F0CAD828F876,BC,activity_unit_unresolved,燃料一单位吨标准煤与因子分母t不一致；补原燃料实物量或有依据的换算关系
SRC-RAW-27DDBE46F0CAD828F876,OC,activity_unit_unresolved,燃料一单位吨标准煤与因子分母t不一致；补原燃料实物量或有依据的换算关系
SRC-RAW-FBAACE4B685B72687EDA,SO2,activity_unit_unresolved,燃料一单位吨标准煤与因子分母t不一致；补原燃料实物量或有依据的换算关系
SRC-RAW-FBAACE4B685B72687EDA,NOx,activity_unit_unresolved,燃料一单位吨标准煤与因子分母t不一致；补原燃料实物量或有依据的换算关系
SRC-RAW-FBAACE4B685B72687EDA,CO,activity_unit_unresolved,燃料一单位吨标准煤与因子分母t不一致；补原燃料实物量或有依据的换算关系
SRC-RAW-FBAACE4B685B72687EDA,VOC,activity_unit_unresolved,燃料一单位吨标准煤与因子分母t不一致；补原燃料实物量或有依据的换算关系
SRC-RAW-FBAACE4B685B72687EDA,PM10,activity_unit_unresolved,燃料一单位吨标准煤与因子分母t不一致；补原燃料实物量或有依据的换算关系
SRC-RAW-FBAACE4B685B72687EDA,PM2.5,activity_unit_unresolved,燃料一单位吨标准煤与因子分母t不一致；补原燃料实物量或有依据的换算关系
SRC-RAW-FBAACE4B685B72687EDA,BC,activity_unit_unresolved,燃料一单位吨标准煤与因子分母t不一致；补原燃料实物量或有依据的换算关系
SRC-RAW-FBAACE4B685B72687EDA,OC,activity_unit_unresolved,燃料一单位吨标准煤与因子分母t不一致；补原燃料实物量或有依据的换算关系
SRC-RAW-E0C077F6D14BF5A97FCF,PM10,SOURCE_RELATION_MISSING,GYGL仅为工业锅炉类别且企业有多台锅炉；补齐本锅炉与治理设施对应关系
SRC-RAW-E0C077F6D14BF5A97FCF,PM2.5,SOURCE_RELATION_MISSING,GYGL仅为工业锅炉类别且企业有多台锅炉；补齐本锅炉与治理设施对应关系
SRC-RAW-9929DC0CB84094E15A64,PM10,POLLUTANT_PARAMETER_MISSING,治理工艺及去除效率缺失；补齐后按A.1选取
SRC-RAW-9929DC0CB84094E15A64,PM10,POLLUTANT_PARAMETER_MISSING,对应治理设施缺年度有效运行小时数，不能将平均效率直接当全年实际效率；补齐设施投运率；颗粒物需区分PM2.5和粗粒径效率
SRC-RAW-9929DC0CB84094E15A64,PM2.5,POLLUTANT_PARAMETER_MISSING,治理工艺及去除效率缺失；补齐后按A.1选取
SRC-RAW-9929DC0CB84094E15A64,PM2.5,POLLUTANT_PARAMETER_MISSING,对应治理设施缺年度有效运行小时数，不能将平均效率直接当全年实际效率；补齐设施投运率；颗粒物需区分PM2.5和粗粒径效率
SRC-RAW-AD5FA80D962145F2F4F3,SO2,POLLUTANT_PARAMETER_MISSING,治理工艺及去除效率缺失；补齐后按A.1选取
SRC-RAW-AD5FA80D962145F2F4F3,SO2,POLLUTANT_PARAMETER_MISSING,对应治理设施缺年度有效运行小时数，不能将平均效率直接当全年实际效率；补齐设施投运率；颗粒物需区分PM2.5和粗粒径效率
SRC-RAW-AD5FA80D962145F2F4F3,NOx,POLLUTANT_PARAMETER_MISSING,治理工艺及去除效率缺失；补齐后按A.1选取
SRC-RAW-AD5FA80D962145F2F4F3,NOx,POLLUTANT_PARAMETER_MISSING,对应治理设施缺年度有效运行小时数，不能将平均效率直接当全年实际效率；补齐设施投运率；颗粒物需区分PM2.5和粗粒径效率
SRC-RAW-AD5FA80D962145F2F4F3,PM10,POLLUTANT_PARAMETER_MISSING,治理工艺及去除效率缺失；补齐后按A.1选取
SRC-RAW-AD5FA80D962145F2F4F3,PM10,POLLUTANT_PARAMETER_MISSING,对应治理设施缺年度有效运行小时数，不能将平均效率直接当全年实际效率；补齐设施投运率；颗粒物需区分PM2.5和粗粒径效率
SRC-RAW-AD5FA80D962145F2F4F3,PM2.5,POLLUTANT_PARAMETER_MISSING,治理工艺及去除效率缺失；补齐后按A.1选取
SRC-RAW-AD5FA80D962145F2F4F3,PM2.5,POLLUTANT_PARAMETER_MISSING,对应治理设施缺年度有效运行小时数，不能将平均效率直接当全年实际效率；补齐设施投运率；颗粒物需区分PM2.5和粗粒径效率
SRC-RAW-AD5FA80D962145F2F4F3,BC,POLLUTANT_PARAMETER_MISSING,治理工艺及去除效率缺失；补齐后按A.1选取
SRC-RAW-AD5FA80D962145F2F4F3,BC,POLLUTANT_PARAMETER_MISSING,对应治理设施缺年度有效运行小时数，不能将平均效率直接当全年实际效率；补齐设施投运率；颗粒物需区分PM2.5和粗粒径效率
SRC-RAW-AD5FA80D962145F2F4F3,NH3,POLLUTANT_PARAMETER_MISSING,补齐脱硝SCR/SNCR工艺，表E.1按煤计的氨因子不能据设施名称选定
SRC-RAW-3CCA598CC2D59E595061,SO2,POLLUTANT_PARAMETER_MISSING,对应治理设施缺年度有效运行小时数，不能将平均效率直接当全年实际效率；补齐设施投运率；颗粒物需区分PM2.5和粗粒径效率
SRC-RAW-3CCA598CC2D59E595061,NOx,POLLUTANT_PARAMETER_MISSING,对应治理设施缺年度有效运行小时数，不能将平均效率直接当全年实际效率；补齐设施投运率；颗粒物需区分PM2.5和粗粒径效率
SRC-RAW-3CCA598CC2D59E595061,PM10,POLLUTANT_PARAMETER_MISSING,对应治理设施缺年度有效运行小时数，不能将平均效率直接当全年实际效率；补齐设施投运率；颗粒物需区分PM2.5和粗粒径效率
SRC-RAW-3CCA598CC2D59E595061,PM2.5,POLLUTANT_PARAMETER_MISSING,对应治理设施缺年度有效运行小时数，不能将平均效率直接当全年实际效率；补齐设施投运率；颗粒物需区分PM2.5和粗粒径效率
SRC-RAW-3CCA598CC2D59E595061,BC,POLLUTANT_PARAMETER_MISSING,对应治理设施缺年度有效运行小时数，不能将平均效率直接当全年实际效率；补齐设施投运率；颗粒物需区分PM2.5和粗粒径效率
SRC-RAW-EF49BFC9CE07F40C05AF,SO2,SOURCE_RELATION_MISSING,GYGL仅为工业锅炉类别且企业有多台锅炉；补齐本锅炉与治理设施对应关系
SRC-RAW-EF49BFC9CE07F40C05AF,NOx,SOURCE_RELATION_MISSING,GYGL仅为工业锅炉类别且企业有多台锅炉；补齐本锅炉与治理设施对应关系
SRC-RAW-EF49BFC9CE07F40C05AF,PM10,SOURCE_RELATION_MISSING,GYGL仅为工业锅炉类别且企业有多台锅炉；补齐本锅炉与治理设施对应关系
SRC-RAW-EF49BFC9CE07F40C05AF,PM2.5,SOURCE_RELATION_MISSING,GYGL仅为工业锅炉类别且企业有多台锅炉；补齐本锅炉与治理设施对应关系
SRC-RAW-EF49BFC9CE07F40C05AF,BC,SOURCE_RELATION_MISSING,GYGL仅为工业锅炉类别且企业有多台锅炉；补齐本锅炉与治理设施对应关系
SRC-RAW-EF49BFC9CE07F40C05AF,NH3,SOURCE_RELATION_MISSING,工业锅炉类别脱硝设施对应多台锅炉；补齐设备—脱硝设施关系
SRC-RAW-EF49BFC9CE07F40C05AF,NH3,POLLUTANT_PARAMETER_MISSING,补齐脱硝SCR/SNCR工艺，表E.1按煤计的氨因子不能据设施名称选定
SRC-RAW-8F019945DE40A78C7036,SO2,SOURCE_RELATION_MISSING,GYGL仅为工业锅炉类别且企业有多台锅炉；补齐本锅炉与治理设施对应关系
SRC-RAW-8F019945DE40A78C7036,NOx,SOURCE_RELATION_MISSING,GYGL仅为工业锅炉类别且企业有多台锅炉；补齐本锅炉与治理设施对应关系
SRC-RAW-8F019945DE40A78C7036,PM10,SOURCE_RELATION_MISSING,GYGL仅为工业锅炉类别且企业有多台锅炉；补齐本锅炉与治理设施对应关系
SRC-RAW-8F019945DE40A78C7036,PM2.5,SOURCE_RELATION_MISSING,GYGL仅为工业锅炉类别且企业有多台锅炉；补齐本锅炉与治理设施对应关系
SRC-RAW-8F019945DE40A78C7036,BC,SOURCE_RELATION_MISSING,GYGL仅为工业锅炉类别且企业有多台锅炉；补齐本锅炉与治理设施对应关系
SRC-RAW-8F019945DE40A78C7036,NH3,SOURCE_RELATION_MISSING,工业锅炉类别脱硝设施对应多台锅炉；补齐设备—脱硝设施关系
SRC-RAW-8F019945DE40A78C7036,NH3,POLLUTANT_PARAMETER_MISSING,补齐脱硝SCR/SNCR工艺，表E.1按煤计的氨因子不能据设施名称选定
SRC-RAW-B5EF0D0C5ECC99B39CC1,SO2,SOURCE_RELATION_MISSING,GYGL仅为工业锅炉类别且企业有多台锅炉；补齐本锅炉与治理设施对应关系
SRC-RAW-B5EF0D0C5ECC99B39CC1,NOx,SOURCE_RELATION_MISSING,GYGL仅为工业锅炉类别且企业有多台锅炉；补齐本锅炉与治理设施对应关系
SRC-RAW-B5EF0D0C5ECC99B39CC1,PM10,SOURCE_RELATION_MISSING,GYGL仅为工业锅炉类别且企业有多台锅炉；补齐本锅炉与治理设施对应关系
SRC-RAW-B5EF0D0C5ECC99B39CC1,PM2.5,SOURCE_RELATION_MISSING,GYGL仅为工业锅炉类别且企业有多台锅炉；补齐本锅炉与治理设施对应关系
SRC-RAW-B5EF0D0C5ECC99B39CC1,BC,SOURCE_RELATION_MISSING,GYGL仅为工业锅炉类别且企业有多台锅炉；补齐本锅炉与治理设施对应关系
SRC-RAW-B5EF0D0C5ECC99B39CC1,NH3,SOURCE_RELATION_MISSING,工业锅炉类别脱硝设施对应多台锅炉；补齐设备—脱硝设施关系
SRC-RAW-B5EF0D0C5ECC99B39CC1,NH3,POLLUTANT_PARAMETER_MISSING,补齐脱硝SCR/SNCR工艺，表E.1按煤计的氨因子不能据设施名称选定
SRC-RAW-77D2B10D19D5DCC9A822,SO2,SOURCE_RELATION_MISSING,GYGL仅为工业锅炉类别且企业有多台锅炉；补齐本锅炉与治理设施对应关系
SRC-RAW-77D2B10D19D5DCC9A822,NOx,SOURCE_RELATION_MISSING,GYGL仅为工业锅炉类别且企业有多台锅炉；补齐本锅炉与治理设施对应关系
SRC-RAW-77D2B10D19D5DCC9A822,PM10,SOURCE_RELATION_MISSING,GYGL仅为工业锅炉类别且企业有多台锅炉；补齐本锅炉与治理设施对应关系
SRC-RAW-77D2B10D19D5DCC9A822,PM2.5,SOURCE_RELATION_MISSING,GYGL仅为工业锅炉类别且企业有多台锅炉；补齐本锅炉与治理设施对应关系
SRC-RAW-77D2B10D19D5DCC9A822,BC,SOURCE_RELATION_MISSING,GYGL仅为工业锅炉类别且企业有多台锅炉；补齐本锅炉与治理设施对应关系
SRC-RAW-77D2B10D19D5DCC9A822,NH3,SOURCE_RELATION_MISSING,工业锅炉类别脱硝设施对应多台锅炉；补齐设备—脱硝设施关系
SRC-RAW-77D2B10D19D5DCC9A822,NH3,POLLUTANT_PARAMETER_MISSING,补齐脱硝SCR/SNCR工艺，表E.1按煤计的氨因子不能据设施名称选定
SRC-RAW-86F65D13633969BE4451,NOx,SOURCE_RELATION_MISSING,GYGL仅为工业锅炉类别且企业有多台锅炉；补齐本锅炉与治理设施对应关系
SRC-RAW-86F65D13633969BE4451,PM10,SOURCE_RELATION_MISSING,GYGL仅为工业锅炉类别且企业有多台锅炉；补齐本锅炉与治理设施对应关系
SRC-RAW-86F65D13633969BE4451,PM2.5,SOURCE_RELATION_MISSING,GYGL仅为工业锅炉类别且企业有多台锅炉；补齐本锅炉与治理设施对应关系
SRC-RAW-86F65D13633969BE4451,NH3,SOURCE_RELATION_MISSING,工业锅炉类别脱硝设施对应多台锅炉；补齐设备—脱硝设施关系
SRC-RAW-86F65D13633969BE4451,NH3,POLLUTANT_PARAMETER_MISSING,补齐脱硝SCR/SNCR工艺，表E.1按煤计的氨因子不能据设施名称选定
SRC-RAW-86F65D13633969BE4451,NH3,factor_not_applicable,表E.1氨因子分母为煤，当前燃料天然气不具备可直接使用的氨因子；提供适用因子或实测氨排放
SRC-RAW-6ADA202FE692387E00FC,PM10,POLLUTANT_PARAMETER_MISSING,治理工艺及去除效率缺失；补齐后按A.1选取
SRC-RAW-6ADA202FE692387E00FC,PM10,POLLUTANT_PARAMETER_MISSING,对应治理设施缺年度有效运行小时数，不能将平均效率直接当全年实际效率；补齐设施投运率；颗粒物需区分PM2.5和粗粒径效率
SRC-RAW-6ADA202FE692387E00FC,PM2.5,POLLUTANT_PARAMETER_MISSING,治理工艺及去除效率缺失；补齐后按A.1选取
SRC-RAW-6ADA202FE692387E00FC,PM2.5,POLLUTANT_PARAMETER_MISSING,对应治理设施缺年度有效运行小时数，不能将平均效率直接当全年实际效率；补齐设施投运率；颗粒物需区分PM2.5和粗粒径效率
SRC-RAW-65D6480DE6FB41CE0D5A,NOx,POLLUTANT_PARAMETER_MISSING,对应治理设施缺年度有效运行小时数，不能将平均效率直接当全年实际效率；补齐设施投运率；颗粒物需区分PM2.5和粗粒径效率
SRC-RAW-65D6480DE6FB41CE0D5A,PM10,POLLUTANT_PARAMETER_MISSING,对应治理设施缺年度有效运行小时数，不能将平均效率直接当全年实际效率；补齐设施投运率；颗粒物需区分PM2.5和粗粒径效率
SRC-RAW-65D6480DE6FB41CE0D5A,PM2.5,POLLUTANT_PARAMETER_MISSING,对应治理设施缺年度有效运行小时数，不能将平均效率直接当全年实际效率；补齐设施投运率；颗粒物需区分PM2.5和粗粒径效率
SRC-RAW-65D6480DE6FB41CE0D5A,NH3,factor_not_applicable,表E.1氨因子分母为煤，当前燃料天然气不具备可直接使用的氨因子；提供适用因子或实测氨排放
SRC-RAW-BE2AC3971A7956E826BC,PM10,POLLUTANT_PARAMETER_MISSING,治理工艺及去除效率缺失；补齐后按A.1选取
SRC-RAW-BE2AC3971A7956E826BC,PM10,POLLUTANT_PARAMETER_MISSING,对应治理设施缺年度有效运行小时数，不能将平均效率直接当全年实际效率；补齐设施投运率；颗粒物需区分PM2.5和粗粒径效率
SRC-RAW-BE2AC3971A7956E826BC,PM2.5,POLLUTANT_PARAMETER_MISSING,治理工艺及去除效率缺失；补齐后按A.1选取
SRC-RAW-BE2AC3971A7956E826BC,PM2.5,POLLUTANT_PARAMETER_MISSING,对应治理设施缺年度有效运行小时数，不能将平均效率直接当全年实际效率；补齐设施投运率；颗粒物需区分PM2.5和粗粒径效率
SRC-RAW-E1C13DD7C324AF4D63D5,NOx,SOURCE_RELATION_MISSING,GYGL仅为工业锅炉类别且企业有多台锅炉；补齐本锅炉与治理设施对应关系
SRC-RAW-E1C13DD7C324AF4D63D5,PM10,SOURCE_RELATION_MISSING,GYGL仅为工业锅炉类别且企业有多台锅炉；补齐本锅炉与治理设施对应关系
SRC-RAW-E1C13DD7C324AF4D63D5,PM2.5,SOURCE_RELATION_MISSING,GYGL仅为工业锅炉类别且企业有多台锅炉；补齐本锅炉与治理设施对应关系
SRC-RAW-E1C13DD7C324AF4D63D5,NH3,SOURCE_RELATION_MISSING,工业锅炉类别脱硝设施对应多台锅炉；补齐设备—脱硝设施关系
SRC-RAW-E1C13DD7C324AF4D63D5,NH3,POLLUTANT_PARAMETER_MISSING,补齐脱硝SCR/SNCR工艺，表E.1按煤计的氨因子不能据设施名称选定
SRC-RAW-E1C13DD7C324AF4D63D5,NH3,factor_not_applicable,表E.1氨因子分母为煤，当前燃料天然气不具备可直接使用的氨因子；提供适用因子或实测氨排放
SRC-RAW-79604203216C107E6960,NOx,SOURCE_RELATION_MISSING,GYGL仅为工业锅炉类别且企业有多台锅炉；补齐本锅炉与治理设施对应关系
SRC-RAW-79604203216C107E6960,PM10,SOURCE_RELATION_MISSING,GYGL仅为工业锅炉类别且企业有多台锅炉；补齐本锅炉与治理设施对应关系
SRC-RAW-79604203216C107E6960,PM2.5,SOURCE_RELATION_MISSING,GYGL仅为工业锅炉类别且企业有多台锅炉；补齐本锅炉与治理设施对应关系
SRC-RAW-79604203216C107E6960,NH3,SOURCE_RELATION_MISSING,工业锅炉类别脱硝设施对应多台锅炉；补齐设备—脱硝设施关系
SRC-RAW-79604203216C107E6960,NH3,POLLUTANT_PARAMETER_MISSING,补齐脱硝SCR/SNCR工艺，表E.1按煤计的氨因子不能据设施名称选定
SRC-RAW-79604203216C107E6960,NH3,factor_not_applicable,表E.1氨因子分母为煤，当前燃料天然气不具备可直接使用的氨因子；提供适用因子或实测氨排放
SRC-RAW-6278B2904CE6C8FC39E2,PM10,POLLUTANT_PARAMETER_MISSING,治理工艺及去除效率缺失；补齐后按A.1选取
SRC-RAW-6278B2904CE6C8FC39E2,PM10,POLLUTANT_PARAMETER_MISSING,对应治理设施缺年度有效运行小时数，不能将平均效率直接当全年实际效率；补齐设施投运率；颗粒物需区分PM2.5和粗粒径效率
SRC-RAW-6278B2904CE6C8FC39E2,PM2.5,POLLUTANT_PARAMETER_MISSING,治理工艺及去除效率缺失；补齐后按A.1选取
SRC-RAW-6278B2904CE6C8FC39E2,PM2.5,POLLUTANT_PARAMETER_MISSING,对应治理设施缺年度有效运行小时数，不能将平均效率直接当全年实际效率；补齐设施投运率；颗粒物需区分PM2.5和粗粒径效率
SRC-RAW-10858214F0F15A892B4B,NOx,POLLUTANT_PARAMETER_MISSING,是否采用低氮燃烧技术缺失；确认后选取NOx控制参数
SRC-RAW-F1220029AD887E209B43,PM10,SOURCE_RELATION_MISSING,GYGL仅为工业锅炉类别且企业有多台锅炉；补齐本锅炉与治理设施对应关系
SRC-RAW-F1220029AD887E209B43,PM2.5,SOURCE_RELATION_MISSING,GYGL仅为工业锅炉类别且企业有多台锅炉；补齐本锅炉与治理设施对应关系
SRC-RAW-F67ED07E6D46DD6B0009,SO2,SOURCE_RELATION_MISSING,GYGL仅为工业锅炉类别且企业有多台锅炉；补齐本锅炉与治理设施对应关系
SRC-RAW-F67ED07E6D46DD6B0009,NOx,SOURCE_RELATION_MISSING,GYGL仅为工业锅炉类别且企业有多台锅炉；补齐本锅炉与治理设施对应关系
SRC-RAW-F67ED07E6D46DD6B0009,PM10,SOURCE_RELATION_MISSING,GYGL仅为工业锅炉类别且企业有多台锅炉；补齐本锅炉与治理设施对应关系
SRC-RAW-F67ED07E6D46DD6B0009,PM2.5,SOURCE_RELATION_MISSING,GYGL仅为工业锅炉类别且企业有多台锅炉；补齐本锅炉与治理设施对应关系
SRC-RAW-F67ED07E6D46DD6B0009,BC,SOURCE_RELATION_MISSING,GYGL仅为工业锅炉类别且企业有多台锅炉；补齐本锅炉与治理设施对应关系
SRC-RAW-F67ED07E6D46DD6B0009,NH3,SOURCE_RELATION_MISSING,工业锅炉类别脱硝设施对应多台锅炉；补齐设备—脱硝设施关系
SRC-RAW-F67ED07E6D46DD6B0009,NH3,POLLUTANT_PARAMETER_MISSING,补齐脱硝SCR/SNCR工艺，表E.1按煤计的氨因子不能据设施名称选定
SRC-RAW-02A50B98137D7E51CD29,SO2,SOURCE_RELATION_MISSING,GYGL仅为工业锅炉类别且企业有多台锅炉；补齐本锅炉与治理设施对应关系
SRC-RAW-02A50B98137D7E51CD29,NOx,SOURCE_RELATION_MISSING,GYGL仅为工业锅炉类别且企业有多台锅炉；补齐本锅炉与治理设施对应关系
SRC-RAW-02A50B98137D7E51CD29,PM10,SOURCE_RELATION_MISSING,GYGL仅为工业锅炉类别且企业有多台锅炉；补齐本锅炉与治理设施对应关系
SRC-RAW-02A50B98137D7E51CD29,PM2.5,SOURCE_RELATION_MISSING,GYGL仅为工业锅炉类别且企业有多台锅炉；补齐本锅炉与治理设施对应关系
SRC-RAW-02A50B98137D7E51CD29,BC,SOURCE_RELATION_MISSING,GYGL仅为工业锅炉类别且企业有多台锅炉；补齐本锅炉与治理设施对应关系
SRC-RAW-02A50B98137D7E51CD29,NH3,SOURCE_RELATION_MISSING,工业锅炉类别脱硝设施对应多台锅炉；补齐设备—脱硝设施关系
SRC-RAW-02A50B98137D7E51CD29,NH3,POLLUTANT_PARAMETER_MISSING,补齐脱硝SCR/SNCR工艺，表E.1按煤计的氨因子不能据设施名称选定
SRC-RAW-58DD8F678B0A72A2AE13,SO2,SOURCE_RELATION_MISSING,GYGL仅为工业锅炉类别且企业有多台锅炉；补齐本锅炉与治理设施对应关系
SRC-RAW-58DD8F678B0A72A2AE13,NOx,SOURCE_RELATION_MISSING,GYGL仅为工业锅炉类别且企业有多台锅炉；补齐本锅炉与治理设施对应关系
SRC-RAW-58DD8F678B0A72A2AE13,PM10,SOURCE_RELATION_MISSING,GYGL仅为工业锅炉类别且企业有多台锅炉；补齐本锅炉与治理设施对应关系
SRC-RAW-58DD8F678B0A72A2AE13,PM2.5,SOURCE_RELATION_MISSING,GYGL仅为工业锅炉类别且企业有多台锅炉；补齐本锅炉与治理设施对应关系
SRC-RAW-58DD8F678B0A72A2AE13,BC,SOURCE_RELATION_MISSING,GYGL仅为工业锅炉类别且企业有多台锅炉；补齐本锅炉与治理设施对应关系
SRC-RAW-58DD8F678B0A72A2AE13,NH3,SOURCE_RELATION_MISSING,工业锅炉类别脱硝设施对应多台锅炉；补齐设备—脱硝设施关系
SRC-RAW-58DD8F678B0A72A2AE13,NH3,POLLUTANT_PARAMETER_MISSING,补齐脱硝SCR/SNCR工艺，表E.1按煤计的氨因子不能据设施名称选定
SRC-RAW-93B032DE97655D5110C6,PM10,SOURCE_RELATION_MISSING,GYGL仅为工业锅炉类别且企业有多台锅炉；补齐本锅炉与治理设施对应关系
SRC-RAW-93B032DE97655D5110C6,PM2.5,SOURCE_RELATION_MISSING,GYGL仅为工业锅炉类别且企业有多台锅炉；补齐本锅炉与治理设施对应关系
SRC-RAW-E6F864CEE3D716932DE6,PM10,SOURCE_RELATION_MISSING,GYGL仅为工业锅炉类别且企业有多台锅炉；补齐本锅炉与治理设施对应关系
SRC-RAW-E6F864CEE3D716932DE6,PM2.5,SOURCE_RELATION_MISSING,GYGL仅为工业锅炉类别且企业有多台锅炉；补齐本锅炉与治理设施对应关系
SRC-RAW-6B3646609D58950A5DAC,PM10,SOURCE_RELATION_MISSING,GYGL仅为工业锅炉类别且企业有多台锅炉；补齐本锅炉与治理设施对应关系
SRC-RAW-6B3646609D58950A5DAC,PM2.5,SOURCE_RELATION_MISSING,GYGL仅为工业锅炉类别且企业有多台锅炉；补齐本锅炉与治理设施对应关系
SRC-RAW-F6A289C8361F708E7ECD,PM10,SOURCE_RELATION_MISSING,GYGL仅为工业锅炉类别且企业有多台锅炉；补齐本锅炉与治理设施对应关系
SRC-RAW-F6A289C8361F708E7ECD,PM2.5,SOURCE_RELATION_MISSING,GYGL仅为工业锅炉类别且企业有多台锅炉；补齐本锅炉与治理设施对应关系
SRC-RAW-AEC63871C203D2AFF862,SO2,POLLUTANT_PARAMETER_MISSING,对应治理设施缺年度有效运行小时数，不能将平均效率直接当全年实际效率；补齐设施投运率；颗粒物需区分PM2.5和粗粒径效率
SRC-RAW-AEC63871C203D2AFF862,NOx,POLLUTANT_PARAMETER_MISSING,对应治理设施缺年度有效运行小时数，不能将平均效率直接当全年实际效率；补齐设施投运率；颗粒物需区分PM2.5和粗粒径效率
SRC-RAW-AEC63871C203D2AFF862,PM10,POLLUTANT_PARAMETER_MISSING,对应治理设施缺年度有效运行小时数，不能将平均效率直接当全年实际效率；补齐设施投运率；颗粒物需区分PM2.5和粗粒径效率
SRC-RAW-AEC63871C203D2AFF862,PM2.5,POLLUTANT_PARAMETER_MISSING,对应治理设施缺年度有效运行小时数，不能将平均效率直接当全年实际效率；补齐设施投运率；颗粒物需区分PM2.5和粗粒径效率
SRC-RAW-AEC63871C203D2AFF862,BC,POLLUTANT_PARAMETER_MISSING,对应治理设施缺年度有效运行小时数，不能将平均效率直接当全年实际效率；补齐设施投运率；颗粒物需区分PM2.5和粗粒径效率
SRC-RAW-A2927385EEAE262152EB,NOx,SOURCE_RELATION_MISSING,GYGL仅为工业锅炉类别且企业有多台锅炉；补齐本锅炉与治理设施对应关系
SRC-RAW-A2927385EEAE262152EB,PM10,SOURCE_RELATION_MISSING,GYGL仅为工业锅炉类别且企业有多台锅炉；补齐本锅炉与治理设施对应关系
SRC-RAW-A2927385EEAE262152EB,PM2.5,SOURCE_RELATION_MISSING,GYGL仅为工业锅炉类别且企业有多台锅炉；补齐本锅炉与治理设施对应关系
SRC-RAW-A2927385EEAE262152EB,NH3,SOURCE_RELATION_MISSING,工业锅炉类别脱硝设施对应多台锅炉；补齐设备—脱硝设施关系
SRC-RAW-A2927385EEAE262152EB,NH3,POLLUTANT_PARAMETER_MISSING,补齐脱硝SCR/SNCR工艺，表E.1按煤计的氨因子不能据设施名称选定
SRC-RAW-A2927385EEAE262152EB,NH3,factor_not_applicable,表E.1氨因子分母为煤，当前燃料天然气不具备可直接使用的氨因子；提供适用因子或实测氨排放
SRC-RAW-359C6F5F973D7A831907,PM10,SOURCE_RELATION_MISSING,GYGL仅为工业锅炉类别且企业有多台锅炉；补齐本锅炉与治理设施对应关系
SRC-RAW-359C6F5F973D7A831907,PM2.5,SOURCE_RELATION_MISSING,GYGL仅为工业锅炉类别且企业有多台锅炉；补齐本锅炉与治理设施对应关系
SRC-RAW-E554E034D7527B6F1FF6,PM10,SOURCE_RELATION_MISSING,GYGL仅为工业锅炉类别且企业有多台锅炉；补齐本锅炉与治理设施对应关系
SRC-RAW-E554E034D7527B6F1FF6,PM2.5,SOURCE_RELATION_MISSING,GYGL仅为工业锅炉类别且企业有多台锅炉；补齐本锅炉与治理设施对应关系
SRC-RAW-8188683F65489B0CDE6C,SO2,activity_unit_unresolved,燃料一单位吨标准煤与因子分母t不一致；补原燃料实物量或有依据的换算关系
SRC-RAW-8188683F65489B0CDE6C,NOx,activity_unit_unresolved,燃料一单位吨标准煤与因子分母t不一致；补原燃料实物量或有依据的换算关系
SRC-RAW-8188683F65489B0CDE6C,CO,activity_unit_unresolved,燃料一单位吨标准煤与因子分母t不一致；补原燃料实物量或有依据的换算关系
SRC-RAW-8188683F65489B0CDE6C,VOC,activity_unit_unresolved,燃料一单位吨标准煤与因子分母t不一致；补原燃料实物量或有依据的换算关系
SRC-RAW-8188683F65489B0CDE6C,PM10,activity_unit_unresolved,燃料一单位吨标准煤与因子分母t不一致；补原燃料实物量或有依据的换算关系
SRC-RAW-8188683F65489B0CDE6C,PM10,POLLUTANT_PARAMETER_MISSING,对应治理设施缺年度有效运行小时数，不能将平均效率直接当全年实际效率；补齐设施投运率；颗粒物需区分PM2.5和粗粒径效率
SRC-RAW-8188683F65489B0CDE6C,PM2.5,activity_unit_unresolved,燃料一单位吨标准煤与因子分母t不一致；补原燃料实物量或有依据的换算关系
SRC-RAW-8188683F65489B0CDE6C,PM2.5,POLLUTANT_PARAMETER_MISSING,对应治理设施缺年度有效运行小时数，不能将平均效率直接当全年实际效率；补齐设施投运率；颗粒物需区分PM2.5和粗粒径效率
SRC-RAW-8188683F65489B0CDE6C,BC,activity_unit_unresolved,燃料一单位吨标准煤与因子分母t不一致；补原燃料实物量或有依据的换算关系
SRC-RAW-8188683F65489B0CDE6C,BC,POLLUTANT_PARAMETER_MISSING,对应治理设施缺年度有效运行小时数，不能将平均效率直接当全年实际效率；补齐设施投运率；颗粒物需区分PM2.5和粗粒径效率
SRC-RAW-8188683F65489B0CDE6C,OC,activity_unit_unresolved,燃料一单位吨标准煤与因子分母t不一致；补原燃料实物量或有依据的换算关系
SRC-RAW-8188683F65489B0CDE6C,OC,POLLUTANT_PARAMETER_MISSING,对应治理设施缺年度有效运行小时数，不能将平均效率直接当全年实际效率；补齐设施投运率；颗粒物需区分PM2.5和粗粒径效率
SRC-RAW-6B54E64A1162B333C4E6,SO2,SOURCE_RELATION_MISSING,GYGL仅为工业锅炉类别且企业有多台锅炉；补齐本锅炉与治理设施对应关系
SRC-RAW-6B54E64A1162B333C4E6,NOx,SOURCE_RELATION_MISSING,GYGL仅为工业锅炉类别且企业有多台锅炉；补齐本锅炉与治理设施对应关系
SRC-RAW-6B54E64A1162B333C4E6,PM10,SOURCE_RELATION_MISSING,GYGL仅为工业锅炉类别且企业有多台锅炉；补齐本锅炉与治理设施对应关系
SRC-RAW-6B54E64A1162B333C4E6,PM2.5,SOURCE_RELATION_MISSING,GYGL仅为工业锅炉类别且企业有多台锅炉；补齐本锅炉与治理设施对应关系
SRC-RAW-6B54E64A1162B333C4E6,BC,SOURCE_RELATION_MISSING,GYGL仅为工业锅炉类别且企业有多台锅炉；补齐本锅炉与治理设施对应关系
SRC-RAW-6B54E64A1162B333C4E6,OC,SOURCE_RELATION_MISSING,GYGL仅为工业锅炉类别且企业有多台锅炉；补齐本锅炉与治理设施对应关系
SRC-RAW-6B54E64A1162B333C4E6,NH3,SOURCE_RELATION_MISSING,工业锅炉类别脱硝设施对应多台锅炉；补齐设备—脱硝设施关系
SRC-RAW-6B54E64A1162B333C4E6,NH3,POLLUTANT_PARAMETER_MISSING,补齐脱硝SCR/SNCR工艺，表E.1按煤计的氨因子不能据设施名称选定
SRC-RAW-585965911AD7B9ABDBB4,SO2,SOURCE_RELATION_MISSING,GYGL仅为工业锅炉类别且企业有多台锅炉；补齐本锅炉与治理设施对应关系
SRC-RAW-585965911AD7B9ABDBB4,NOx,SOURCE_RELATION_MISSING,GYGL仅为工业锅炉类别且企业有多台锅炉；补齐本锅炉与治理设施对应关系
SRC-RAW-585965911AD7B9ABDBB4,PM10,SOURCE_RELATION_MISSING,GYGL仅为工业锅炉类别且企业有多台锅炉；补齐本锅炉与治理设施对应关系
SRC-RAW-585965911AD7B9ABDBB4,PM2.5,SOURCE_RELATION_MISSING,GYGL仅为工业锅炉类别且企业有多台锅炉；补齐本锅炉与治理设施对应关系
SRC-RAW-585965911AD7B9ABDBB4,BC,SOURCE_RELATION_MISSING,GYGL仅为工业锅炉类别且企业有多台锅炉；补齐本锅炉与治理设施对应关系
SRC-RAW-585965911AD7B9ABDBB4,OC,SOURCE_RELATION_MISSING,GYGL仅为工业锅炉类别且企业有多台锅炉；补齐本锅炉与治理设施对应关系
SRC-RAW-585965911AD7B9ABDBB4,NH3,SOURCE_RELATION_MISSING,工业锅炉类别脱硝设施对应多台锅炉；补齐设备—脱硝设施关系
SRC-RAW-585965911AD7B9ABDBB4,NH3,POLLUTANT_PARAMETER_MISSING,补齐脱硝SCR/SNCR工艺，表E.1按煤计的氨因子不能据设施名称选定
SRC-RAW-5EFCCF08CF28370B2F78,PM10,SOURCE_RELATION_MISSING,GYGL仅为工业锅炉类别且企业有多台锅炉；补齐本锅炉与治理设施对应关系
SRC-RAW-5EFCCF08CF28370B2F78,PM2.5,SOURCE_RELATION_MISSING,GYGL仅为工业锅炉类别且企业有多台锅炉；补齐本锅炉与治理设施对应关系
SRC-RAW-103D92045127E4E7C69B,PM10,SOURCE_RELATION_MISSING,GYGL仅为工业锅炉类别且企业有多台锅炉；补齐本锅炉与治理设施对应关系
SRC-RAW-103D92045127E4E7C69B,PM2.5,SOURCE_RELATION_MISSING,GYGL仅为工业锅炉类别且企业有多台锅炉；补齐本锅炉与治理设施对应关系
SRC-RAW-DC173A78ABD1D4EA45D4,PM10,SOURCE_RELATION_MISSING,GYGL仅为工业锅炉类别且企业有多台锅炉；补齐本锅炉与治理设施对应关系
SRC-RAW-DC173A78ABD1D4EA45D4,PM2.5,SOURCE_RELATION_MISSING,GYGL仅为工业锅炉类别且企业有多台锅炉；补齐本锅炉与治理设施对应关系
SRC-RAW-6D3E3B7DED9374C6CCAF,SO2,POLLUTANT_PARAMETER_MISSING,对应治理设施缺年度有效运行小时数，不能将平均效率直接当全年实际效率；补齐设施投运率；颗粒物需区分PM2.5和粗粒径效率
SRC-RAW-6D3E3B7DED9374C6CCAF,NOx,POLLUTANT_PARAMETER_MISSING,对应治理设施缺年度有效运行小时数，不能将平均效率直接当全年实际效率；补齐设施投运率；颗粒物需区分PM2.5和粗粒径效率
SRC-RAW-6D3E3B7DED9374C6CCAF,PM10,POLLUTANT_PARAMETER_MISSING,对应治理设施缺年度有效运行小时数，不能将平均效率直接当全年实际效率；补齐设施投运率；颗粒物需区分PM2.5和粗粒径效率
SRC-RAW-6D3E3B7DED9374C6CCAF,PM2.5,POLLUTANT_PARAMETER_MISSING,对应治理设施缺年度有效运行小时数，不能将平均效率直接当全年实际效率；补齐设施投运率；颗粒物需区分PM2.5和粗粒径效率
SRC-RAW-6D3E3B7DED9374C6CCAF,BC,POLLUTANT_PARAMETER_MISSING,对应治理设施缺年度有效运行小时数，不能将平均效率直接当全年实际效率；补齐设施投运率；颗粒物需区分PM2.5和粗粒径效率
SRC-RAW-5A674BA4FABA4F7493D7,NOx,SOURCE_RELATION_MISSING,GYGL仅为工业锅炉类别且企业有多台锅炉；补齐本锅炉与治理设施对应关系
SRC-RAW-5A674BA4FABA4F7493D7,PM10,SOURCE_RELATION_MISSING,GYGL仅为工业锅炉类别且企业有多台锅炉；补齐本锅炉与治理设施对应关系
SRC-RAW-5A674BA4FABA4F7493D7,PM2.5,SOURCE_RELATION_MISSING,GYGL仅为工业锅炉类别且企业有多台锅炉；补齐本锅炉与治理设施对应关系
SRC-RAW-5A674BA4FABA4F7493D7,NH3,SOURCE_RELATION_MISSING,工业锅炉类别脱硝设施对应多台锅炉；补齐设备—脱硝设施关系
SRC-RAW-5A674BA4FABA4F7493D7,NH3,POLLUTANT_PARAMETER_MISSING,补齐脱硝SCR/SNCR工艺，表E.1按煤计的氨因子不能据设施名称选定
SRC-RAW-5A674BA4FABA4F7493D7,NH3,factor_not_applicable,表E.1氨因子分母为煤，当前燃料天然气不具备可直接使用的氨因子；提供适用因子或实测氨排放
SRC-RAW-D812BC1DFB6CCB64371C,NOx,SOURCE_RELATION_MISSING,GYGL仅为工业锅炉类别且企业有多台锅炉；补齐本锅炉与治理设施对应关系
SRC-RAW-D812BC1DFB6CCB64371C,PM10,SOURCE_RELATION_MISSING,GYGL仅为工业锅炉类别且企业有多台锅炉；补齐本锅炉与治理设施对应关系
SRC-RAW-D812BC1DFB6CCB64371C,PM2.5,SOURCE_RELATION_MISSING,GYGL仅为工业锅炉类别且企业有多台锅炉；补齐本锅炉与治理设施对应关系
SRC-RAW-D812BC1DFB6CCB64371C,NH3,SOURCE_RELATION_MISSING,工业锅炉类别脱硝设施对应多台锅炉；补齐设备—脱硝设施关系
SRC-RAW-D812BC1DFB6CCB64371C,NH3,POLLUTANT_PARAMETER_MISSING,补齐脱硝SCR/SNCR工艺，表E.1按煤计的氨因子不能据设施名称选定
SRC-RAW-D812BC1DFB6CCB64371C,NH3,factor_not_applicable,表E.1氨因子分母为煤，当前燃料天然气不具备可直接使用的氨因子；提供适用因子或实测氨排放
SRC-RAW-CE7FBFB4A14D7E3A242D,SO2,activity_unit_unresolved,燃料一单位吨标准煤与因子分母t不一致；补原燃料实物量或有依据的换算关系
SRC-RAW-CE7FBFB4A14D7E3A242D,SO2,POLLUTANT_PARAMETER_MISSING,对应治理设施缺年度有效运行小时数，不能将平均效率直接当全年实际效率；补齐设施投运率；颗粒物需区分PM2.5和粗粒径效率
SRC-RAW-CE7FBFB4A14D7E3A242D,NOx,activity_unit_unresolved,燃料一单位吨标准煤与因子分母t不一致；补原燃料实物量或有依据的换算关系
SRC-RAW-CE7FBFB4A14D7E3A242D,NOx,POLLUTANT_PARAMETER_MISSING,对应治理设施缺年度有效运行小时数，不能将平均效率直接当全年实际效率；补齐设施投运率；颗粒物需区分PM2.5和粗粒径效率
SRC-RAW-CE7FBFB4A14D7E3A242D,CO,activity_unit_unresolved,燃料一单位吨标准煤与因子分母t不一致；补原燃料实物量或有依据的换算关系
SRC-RAW-CE7FBFB4A14D7E3A242D,VOC,activity_unit_unresolved,燃料一单位吨标准煤与因子分母t不一致；补原燃料实物量或有依据的换算关系
SRC-RAW-CE7FBFB4A14D7E3A242D,PM10,activity_unit_unresolved,燃料一单位吨标准煤与因子分母t不一致；补原燃料实物量或有依据的换算关系
SRC-RAW-CE7FBFB4A14D7E3A242D,PM10,POLLUTANT_PARAMETER_MISSING,对应治理设施缺年度有效运行小时数，不能将平均效率直接当全年实际效率；补齐设施投运率；颗粒物需区分PM2.5和粗粒径效率
SRC-RAW-CE7FBFB4A14D7E3A242D,PM2.5,activity_unit_unresolved,燃料一单位吨标准煤与因子分母t不一致；补原燃料实物量或有依据的换算关系
SRC-RAW-CE7FBFB4A14D7E3A242D,PM2.5,POLLUTANT_PARAMETER_MISSING,对应治理设施缺年度有效运行小时数，不能将平均效率直接当全年实际效率；补齐设施投运率；颗粒物需区分PM2.5和粗粒径效率
SRC-RAW-CE7FBFB4A14D7E3A242D,BC,activity_unit_unresolved,燃料一单位吨标准煤与因子分母t不一致；补原燃料实物量或有依据的换算关系
SRC-RAW-CE7FBFB4A14D7E3A242D,BC,POLLUTANT_PARAMETER_MISSING,对应治理设施缺年度有效运行小时数，不能将平均效率直接当全年实际效率；补齐设施投运率；颗粒物需区分PM2.5和粗粒径效率
SRC-RAW-CE7FBFB4A14D7E3A242D,OC,activity_unit_unresolved,燃料一单位吨标准煤与因子分母t不一致；补原燃料实物量或有依据的换算关系
SRC-RAW-CE7FBFB4A14D7E3A242D,OC,POLLUTANT_PARAMETER_MISSING,对应治理设施缺年度有效运行小时数，不能将平均效率直接当全年实际效率；补齐设施投运率；颗粒物需区分PM2.5和粗粒径效率
SRC-RAW-CE7FBFB4A14D7E3A242D,NH3,factor_not_applicable,表E.1氨因子分母为煤，当前燃料其他燃料不具备可直接使用的氨因子；提供适用因子或实测氨排放
SRC-RAW-701DFEA81EC8DE6913A8,PM10,POLLUTANT_PARAMETER_MISSING,对应治理设施缺年度有效运行小时数，不能将平均效率直接当全年实际效率；补齐设施投运率；颗粒物需区分PM2.5和粗粒径效率
SRC-RAW-701DFEA81EC8DE6913A8,PM2.5,POLLUTANT_PARAMETER_MISSING,对应治理设施缺年度有效运行小时数，不能将平均效率直接当全年实际效率；补齐设施投运率；颗粒物需区分PM2.5和粗粒径效率
SRC-RAW-E74160F22F6BB76159E7,NOx,SOURCE_RELATION_MISSING,GYGL仅为工业锅炉类别且企业有多台锅炉；补齐本锅炉与治理设施对应关系
SRC-RAW-E74160F22F6BB76159E7,PM10,SOURCE_RELATION_MISSING,GYGL仅为工业锅炉类别且企业有多台锅炉；补齐本锅炉与治理设施对应关系
SRC-RAW-E74160F22F6BB76159E7,PM2.5,SOURCE_RELATION_MISSING,GYGL仅为工业锅炉类别且企业有多台锅炉；补齐本锅炉与治理设施对应关系
SRC-RAW-E74160F22F6BB76159E7,NH3,SOURCE_RELATION_MISSING,工业锅炉类别脱硝设施对应多台锅炉；补齐设备—脱硝设施关系
SRC-RAW-E74160F22F6BB76159E7,NH3,POLLUTANT_PARAMETER_MISSING,补齐脱硝SCR/SNCR工艺，表E.1按煤计的氨因子不能据设施名称选定
SRC-RAW-E74160F22F6BB76159E7,NH3,factor_not_applicable,表E.1氨因子分母为煤，当前燃料天然气不具备可直接使用的氨因子；提供适用因子或实测氨排放
SRC-RAW-8903F849E498CE3E44DF,NOx,SOURCE_RELATION_MISSING,GYGL仅为工业锅炉类别且企业有多台锅炉；补齐本锅炉与治理设施对应关系
SRC-RAW-8903F849E498CE3E44DF,PM10,SOURCE_RELATION_MISSING,GYGL仅为工业锅炉类别且企业有多台锅炉；补齐本锅炉与治理设施对应关系
SRC-RAW-8903F849E498CE3E44DF,PM2.5,SOURCE_RELATION_MISSING,GYGL仅为工业锅炉类别且企业有多台锅炉；补齐本锅炉与治理设施对应关系
SRC-RAW-8903F849E498CE3E44DF,NH3,SOURCE_RELATION_MISSING,工业锅炉类别脱硝设施对应多台锅炉；补齐设备—脱硝设施关系
SRC-RAW-8903F849E498CE3E44DF,NH3,POLLUTANT_PARAMETER_MISSING,补齐脱硝SCR/SNCR工艺，表E.1按煤计的氨因子不能据设施名称选定
SRC-RAW-8903F849E498CE3E44DF,NH3,factor_not_applicable,表E.1氨因子分母为煤，当前燃料天然气不具备可直接使用的氨因子；提供适用因子或实测氨排放
SRC-RAW-E15DB01DCBB71669921A,PM10,SOURCE_RELATION_MISSING,GYGL仅为工业锅炉类别且企业有多台锅炉；补齐本锅炉与治理设施对应关系
SRC-RAW-E15DB01DCBB71669921A,PM2.5,SOURCE_RELATION_MISSING,GYGL仅为工业锅炉类别且企业有多台锅炉；补齐本锅炉与治理设施对应关系
SRC-RAW-570F09E022C953AB412E,PM10,SOURCE_RELATION_MISSING,GYGL仅为工业锅炉类别且企业有多台锅炉；补齐本锅炉与治理设施对应关系
SRC-RAW-570F09E022C953AB412E,PM2.5,SOURCE_RELATION_MISSING,GYGL仅为工业锅炉类别且企业有多台锅炉；补齐本锅炉与治理设施对应关系
SRC-RAW-F6788FA76631915B0A23,SO2,activity_unit_unresolved,燃料一单位吨标准煤与因子分母t不一致；补原燃料实物量或有依据的换算关系
SRC-RAW-F6788FA76631915B0A23,NOx,activity_unit_unresolved,燃料一单位吨标准煤与因子分母t不一致；补原燃料实物量或有依据的换算关系
SRC-RAW-F6788FA76631915B0A23,NOx,POLLUTANT_PARAMETER_MISSING,治理工艺及去除效率缺失；补齐后按A.1选取
SRC-RAW-F6788FA76631915B0A23,NOx,POLLUTANT_PARAMETER_MISSING,对应治理设施缺年度有效运行小时数，不能将平均效率直接当全年实际效率；补齐设施投运率；颗粒物需区分PM2.5和粗粒径效率
SRC-RAW-F6788FA76631915B0A23,CO,activity_unit_unresolved,燃料一单位吨标准煤与因子分母t不一致；补原燃料实物量或有依据的换算关系
SRC-RAW-F6788FA76631915B0A23,VOC,activity_unit_unresolved,燃料一单位吨标准煤与因子分母t不一致；补原燃料实物量或有依据的换算关系
SRC-RAW-F6788FA76631915B0A23,PM10,activity_unit_unresolved,燃料一单位吨标准煤与因子分母t不一致；补原燃料实物量或有依据的换算关系
SRC-RAW-F6788FA76631915B0A23,PM10,POLLUTANT_PARAMETER_MISSING,治理工艺及去除效率缺失；补齐后按A.1选取
SRC-RAW-F6788FA76631915B0A23,PM10,POLLUTANT_PARAMETER_MISSING,对应治理设施缺年度有效运行小时数，不能将平均效率直接当全年实际效率；补齐设施投运率；颗粒物需区分PM2.5和粗粒径效率
SRC-RAW-F6788FA76631915B0A23,PM2.5,activity_unit_unresolved,燃料一单位吨标准煤与因子分母t不一致；补原燃料实物量或有依据的换算关系
SRC-RAW-F6788FA76631915B0A23,PM2.5,POLLUTANT_PARAMETER_MISSING,治理工艺及去除效率缺失；补齐后按A.1选取
SRC-RAW-F6788FA76631915B0A23,PM2.5,POLLUTANT_PARAMETER_MISSING,对应治理设施缺年度有效运行小时数，不能将平均效率直接当全年实际效率；补齐设施投运率；颗粒物需区分PM2.5和粗粒径效率
SRC-RAW-F6788FA76631915B0A23,BC,activity_unit_unresolved,燃料一单位吨标准煤与因子分母t不一致；补原燃料实物量或有依据的换算关系
SRC-RAW-F6788FA76631915B0A23,BC,POLLUTANT_PARAMETER_MISSING,治理工艺及去除效率缺失；补齐后按A.1选取
SRC-RAW-F6788FA76631915B0A23,BC,POLLUTANT_PARAMETER_MISSING,对应治理设施缺年度有效运行小时数，不能将平均效率直接当全年实际效率；补齐设施投运率；颗粒物需区分PM2.5和粗粒径效率
SRC-RAW-F6788FA76631915B0A23,OC,activity_unit_unresolved,燃料一单位吨标准煤与因子分母t不一致；补原燃料实物量或有依据的换算关系
SRC-RAW-F6788FA76631915B0A23,OC,POLLUTANT_PARAMETER_MISSING,治理工艺及去除效率缺失；补齐后按A.1选取
SRC-RAW-F6788FA76631915B0A23,OC,POLLUTANT_PARAMETER_MISSING,对应治理设施缺年度有效运行小时数，不能将平均效率直接当全年实际效率；补齐设施投运率；颗粒物需区分PM2.5和粗粒径效率
SRC-RAW-F6788FA76631915B0A23,NH3,POLLUTANT_PARAMETER_MISSING,补齐脱硝SCR/SNCR工艺，表E.1按煤计的氨因子不能据设施名称选定
SRC-RAW-F6788FA76631915B0A23,NH3,factor_not_applicable,表E.1氨因子分母为煤，当前燃料其他燃料不具备可直接使用的氨因子；提供适用因子或实测氨排放
SRC-RAW-2357FD701EFB063BB3A7,PM10,SOURCE_RELATION_MISSING,GYGL仅为工业锅炉类别且企业有多台锅炉；补齐本锅炉与治理设施对应关系
SRC-RAW-2357FD701EFB063BB3A7,PM2.5,SOURCE_RELATION_MISSING,GYGL仅为工业锅炉类别且企业有多台锅炉；补齐本锅炉与治理设施对应关系
SRC-RAW-2357FD701EFB063BB3A7,BC,SOURCE_RELATION_MISSING,GYGL仅为工业锅炉类别且企业有多台锅炉；补齐本锅炉与治理设施对应关系
SRC-RAW-2357FD701EFB063BB3A7,OC,SOURCE_RELATION_MISSING,GYGL仅为工业锅炉类别且企业有多台锅炉；补齐本锅炉与治理设施对应关系
SRC-RAW-E0DE0DF08E0F5FF6E12D,PM10,SOURCE_RELATION_MISSING,GYGL仅为工业锅炉类别且企业有多台锅炉；补齐本锅炉与治理设施对应关系
SRC-RAW-E0DE0DF08E0F5FF6E12D,PM2.5,SOURCE_RELATION_MISSING,GYGL仅为工业锅炉类别且企业有多台锅炉；补齐本锅炉与治理设施对应关系
SRC-RAW-E0DE0DF08E0F5FF6E12D,BC,SOURCE_RELATION_MISSING,GYGL仅为工业锅炉类别且企业有多台锅炉；补齐本锅炉与治理设施对应关系
SRC-RAW-E0DE0DF08E0F5FF6E12D,OC,SOURCE_RELATION_MISSING,GYGL仅为工业锅炉类别且企业有多台锅炉；补齐本锅炉与治理设施对应关系
SRC-RAW-03E6E32F6CF21C7AA070,PM10,SOURCE_RELATION_MISSING,GYGL仅为工业锅炉类别且企业有多台锅炉；补齐本锅炉与治理设施对应关系
SRC-RAW-03E6E32F6CF21C7AA070,PM2.5,SOURCE_RELATION_MISSING,GYGL仅为工业锅炉类别且企业有多台锅炉；补齐本锅炉与治理设施对应关系
SRC-RAW-03E6E32F6CF21C7AA070,BC,SOURCE_RELATION_MISSING,GYGL仅为工业锅炉类别且企业有多台锅炉；补齐本锅炉与治理设施对应关系
SRC-RAW-03E6E32F6CF21C7AA070,OC,SOURCE_RELATION_MISSING,GYGL仅为工业锅炉类别且企业有多台锅炉；补齐本锅炉与治理设施对应关系
SRC-RAW-C479E7721DCE7C715C41,SO2,activity_unit_unresolved,燃料一单位吨标准煤与因子分母t不一致；补原燃料实物量或有依据的换算关系
SRC-RAW-C479E7721DCE7C715C41,NOx,activity_unit_unresolved,燃料一单位吨标准煤与因子分母t不一致；补原燃料实物量或有依据的换算关系
SRC-RAW-C479E7721DCE7C715C41,NOx,POLLUTANT_PARAMETER_MISSING,治理工艺及去除效率缺失；补齐后按A.1选取
SRC-RAW-C479E7721DCE7C715C41,NOx,POLLUTANT_PARAMETER_MISSING,对应治理设施缺年度有效运行小时数，不能将平均效率直接当全年实际效率；补齐设施投运率；颗粒物需区分PM2.5和粗粒径效率
SRC-RAW-C479E7721DCE7C715C41,CO,activity_unit_unresolved,燃料一单位吨标准煤与因子分母t不一致；补原燃料实物量或有依据的换算关系
SRC-RAW-C479E7721DCE7C715C41,VOC,activity_unit_unresolved,燃料一单位吨标准煤与因子分母t不一致；补原燃料实物量或有依据的换算关系
SRC-RAW-C479E7721DCE7C715C41,PM10,activity_unit_unresolved,燃料一单位吨标准煤与因子分母t不一致；补原燃料实物量或有依据的换算关系
SRC-RAW-C479E7721DCE7C715C41,PM10,POLLUTANT_PARAMETER_MISSING,治理工艺及去除效率缺失；补齐后按A.1选取
SRC-RAW-C479E7721DCE7C715C41,PM10,POLLUTANT_PARAMETER_MISSING,对应治理设施缺年度有效运行小时数，不能将平均效率直接当全年实际效率；补齐设施投运率；颗粒物需区分PM2.5和粗粒径效率
SRC-RAW-C479E7721DCE7C715C41,PM2.5,activity_unit_unresolved,燃料一单位吨标准煤与因子分母t不一致；补原燃料实物量或有依据的换算关系
SRC-RAW-C479E7721DCE7C715C41,PM2.5,POLLUTANT_PARAMETER_MISSING,治理工艺及去除效率缺失；补齐后按A.1选取
SRC-RAW-C479E7721DCE7C715C41,PM2.5,POLLUTANT_PARAMETER_MISSING,对应治理设施缺年度有效运行小时数，不能将平均效率直接当全年实际效率；补齐设施投运率；颗粒物需区分PM2.5和粗粒径效率
SRC-RAW-C479E7721DCE7C715C41,BC,activity_unit_unresolved,燃料一单位吨标准煤与因子分母t不一致；补原燃料实物量或有依据的换算关系
SRC-RAW-C479E7721DCE7C715C41,BC,POLLUTANT_PARAMETER_MISSING,治理工艺及去除效率缺失；补齐后按A.1选取
SRC-RAW-C479E7721DCE7C715C41,BC,POLLUTANT_PARAMETER_MISSING,对应治理设施缺年度有效运行小时数，不能将平均效率直接当全年实际效率；补齐设施投运率；颗粒物需区分PM2.5和粗粒径效率
SRC-RAW-C479E7721DCE7C715C41,OC,activity_unit_unresolved,燃料一单位吨标准煤与因子分母t不一致；补原燃料实物量或有依据的换算关系
SRC-RAW-C479E7721DCE7C715C41,OC,POLLUTANT_PARAMETER_MISSING,治理工艺及去除效率缺失；补齐后按A.1选取
SRC-RAW-C479E7721DCE7C715C41,OC,POLLUTANT_PARAMETER_MISSING,对应治理设施缺年度有效运行小时数，不能将平均效率直接当全年实际效率；补齐设施投运率；颗粒物需区分PM2.5和粗粒径效率
SRC-RAW-C479E7721DCE7C715C41,NH3,POLLUTANT_PARAMETER_MISSING,补齐脱硝SCR/SNCR工艺，表E.1按煤计的氨因子不能据设施名称选定
SRC-RAW-C479E7721DCE7C715C41,NH3,factor_not_applicable,表E.1氨因子分母为煤，当前燃料其他燃料不具备可直接使用的氨因子；提供适用因子或实测氨排放
SRC-RAW-A95B57E83DEAD978F698,SO2,POLLUTANT_PARAMETER_MISSING,对应治理设施缺年度有效运行小时数，不能将平均效率直接当全年实际效率；补齐设施投运率；颗粒物需区分PM2.5和粗粒径效率
SRC-RAW-A95B57E83DEAD978F698,NOx,POLLUTANT_PARAMETER_MISSING,对应治理设施缺年度有效运行小时数，不能将平均效率直接当全年实际效率；补齐设施投运率；颗粒物需区分PM2.5和粗粒径效率
SRC-RAW-A95B57E83DEAD978F698,PM10,POLLUTANT_PARAMETER_MISSING,对应治理设施缺年度有效运行小时数，不能将平均效率直接当全年实际效率；补齐设施投运率；颗粒物需区分PM2.5和粗粒径效率
SRC-RAW-A95B57E83DEAD978F698,PM2.5,POLLUTANT_PARAMETER_MISSING,对应治理设施缺年度有效运行小时数，不能将平均效率直接当全年实际效率；补齐设施投运率；颗粒物需区分PM2.5和粗粒径效率
SRC-RAW-A95B57E83DEAD978F698,BC,POLLUTANT_PARAMETER_MISSING,对应治理设施缺年度有效运行小时数，不能将平均效率直接当全年实际效率；补齐设施投运率；颗粒物需区分PM2.5和粗粒径效率
SRC-RAW-A96A9517A4718604FC8A,PM10,SOURCE_RELATION_MISSING,GYGL仅为工业锅炉类别且企业有多台锅炉；补齐本锅炉与治理设施对应关系
SRC-RAW-A96A9517A4718604FC8A,PM2.5,SOURCE_RELATION_MISSING,GYGL仅为工业锅炉类别且企业有多台锅炉；补齐本锅炉与治理设施对应关系
SRC-RAW-DFE19DBE9EB2DC0F36A1,PM10,SOURCE_RELATION_MISSING,GYGL仅为工业锅炉类别且企业有多台锅炉；补齐本锅炉与治理设施对应关系
SRC-RAW-DFE19DBE9EB2DC0F36A1,PM2.5,SOURCE_RELATION_MISSING,GYGL仅为工业锅炉类别且企业有多台锅炉；补齐本锅炉与治理设施对应关系
SRC-RAW-7037631EF196ADB2BD49,PM10,POLLUTANT_PARAMETER_MISSING,治理工艺及去除效率缺失；补齐后按A.1选取
SRC-RAW-7037631EF196ADB2BD49,PM10,POLLUTANT_PARAMETER_MISSING,对应治理设施缺年度有效运行小时数，不能将平均效率直接当全年实际效率；补齐设施投运率；颗粒物需区分PM2.5和粗粒径效率
SRC-RAW-7037631EF196ADB2BD49,PM2.5,POLLUTANT_PARAMETER_MISSING,治理工艺及去除效率缺失；补齐后按A.1选取
SRC-RAW-7037631EF196ADB2BD49,PM2.5,POLLUTANT_PARAMETER_MISSING,对应治理设施缺年度有效运行小时数，不能将平均效率直接当全年实际效率；补齐设施投运率；颗粒物需区分PM2.5和粗粒径效率
SRC-RAW-9ABC48AF22E5E29A5A80,PM10,SOURCE_RELATION_MISSING,GYGL仅为工业锅炉类别且企业有多台锅炉；补齐本锅炉与治理设施对应关系
SRC-RAW-9ABC48AF22E5E29A5A80,PM2.5,SOURCE_RELATION_MISSING,GYGL仅为工业锅炉类别且企业有多台锅炉；补齐本锅炉与治理设施对应关系
SRC-RAW-9ABC48AF22E5E29A5A80,BC,SOURCE_RELATION_MISSING,GYGL仅为工业锅炉类别且企业有多台锅炉；补齐本锅炉与治理设施对应关系
SRC-RAW-9ABC48AF22E5E29A5A80,OC,SOURCE_RELATION_MISSING,GYGL仅为工业锅炉类别且企业有多台锅炉；补齐本锅炉与治理设施对应关系
SRC-RAW-B960A302E802DF2B774D,PM10,SOURCE_RELATION_MISSING,GYGL仅为工业锅炉类别且企业有多台锅炉；补齐本锅炉与治理设施对应关系
SRC-RAW-B960A302E802DF2B774D,PM2.5,SOURCE_RELATION_MISSING,GYGL仅为工业锅炉类别且企业有多台锅炉；补齐本锅炉与治理设施对应关系
SRC-RAW-B960A302E802DF2B774D,BC,SOURCE_RELATION_MISSING,GYGL仅为工业锅炉类别且企业有多台锅炉；补齐本锅炉与治理设施对应关系
SRC-RAW-B960A302E802DF2B774D,OC,SOURCE_RELATION_MISSING,GYGL仅为工业锅炉类别且企业有多台锅炉；补齐本锅炉与治理设施对应关系
SRC-RAW-58D392F757D993DA26E3,PM10,SOURCE_RELATION_MISSING,GYGL仅为工业锅炉类别且企业有多台锅炉；补齐本锅炉与治理设施对应关系
SRC-RAW-58D392F757D993DA26E3,PM2.5,SOURCE_RELATION_MISSING,GYGL仅为工业锅炉类别且企业有多台锅炉；补齐本锅炉与治理设施对应关系
SRC-RAW-58D392F757D993DA26E3,BC,SOURCE_RELATION_MISSING,GYGL仅为工业锅炉类别且企业有多台锅炉；补齐本锅炉与治理设施对应关系
SRC-RAW-58D392F757D993DA26E3,OC,SOURCE_RELATION_MISSING,GYGL仅为工业锅炉类别且企业有多台锅炉；补齐本锅炉与治理设施对应关系
SRC-RAW-F790726CFD8BAFE59941,PM10,SOURCE_RELATION_MISSING,GYGL仅为工业锅炉类别且企业有多台锅炉；补齐本锅炉与治理设施对应关系
SRC-RAW-F790726CFD8BAFE59941,PM2.5,SOURCE_RELATION_MISSING,GYGL仅为工业锅炉类别且企业有多台锅炉；补齐本锅炉与治理设施对应关系
SRC-RAW-73AFD237AF021A9DBA1A,NOx,SOURCE_RELATION_MISSING,GYGL仅为工业锅炉类别且企业有多台锅炉；补齐本锅炉与治理设施对应关系
SRC-RAW-73AFD237AF021A9DBA1A,PM10,SOURCE_RELATION_MISSING,GYGL仅为工业锅炉类别且企业有多台锅炉；补齐本锅炉与治理设施对应关系
SRC-RAW-73AFD237AF021A9DBA1A,PM2.5,SOURCE_RELATION_MISSING,GYGL仅为工业锅炉类别且企业有多台锅炉；补齐本锅炉与治理设施对应关系
SRC-RAW-73AFD237AF021A9DBA1A,NH3,SOURCE_RELATION_MISSING,工业锅炉类别脱硝设施对应多台锅炉；补齐设备—脱硝设施关系
SRC-RAW-73AFD237AF021A9DBA1A,NH3,POLLUTANT_PARAMETER_MISSING,补齐脱硝SCR/SNCR工艺，表E.1按煤计的氨因子不能据设施名称选定
SRC-RAW-73AFD237AF021A9DBA1A,NH3,factor_not_applicable,表E.1氨因子分母为煤，当前燃料天然气不具备可直接使用的氨因子；提供适用因子或实测氨排放
SRC-RAW-BAF963863D114AE4C1F6,NOx,SOURCE_RELATION_MISSING,GYGL仅为工业锅炉类别且企业有多台锅炉；补齐本锅炉与治理设施对应关系
SRC-RAW-BAF963863D114AE4C1F6,PM10,SOURCE_RELATION_MISSING,GYGL仅为工业锅炉类别且企业有多台锅炉；补齐本锅炉与治理设施对应关系
SRC-RAW-BAF963863D114AE4C1F6,PM2.5,SOURCE_RELATION_MISSING,GYGL仅为工业锅炉类别且企业有多台锅炉；补齐本锅炉与治理设施对应关系
SRC-RAW-BAF963863D114AE4C1F6,NH3,SOURCE_RELATION_MISSING,工业锅炉类别脱硝设施对应多台锅炉；补齐设备—脱硝设施关系
SRC-RAW-BAF963863D114AE4C1F6,NH3,POLLUTANT_PARAMETER_MISSING,补齐脱硝SCR/SNCR工艺，表E.1按煤计的氨因子不能据设施名称选定
SRC-RAW-BAF963863D114AE4C1F6,NH3,factor_not_applicable,表E.1氨因子分母为煤，当前燃料天然气不具备可直接使用的氨因子；提供适用因子或实测氨排放
SRC-RAW-D14BA715E55C24E291A7,PM10,POLLUTANT_PARAMETER_MISSING,对应治理设施缺年度有效运行小时数，不能将平均效率直接当全年实际效率；补齐设施投运率；颗粒物需区分PM2.5和粗粒径效率
SRC-RAW-D14BA715E55C24E291A7,PM2.5,POLLUTANT_PARAMETER_MISSING,对应治理设施缺年度有效运行小时数，不能将平均效率直接当全年实际效率；补齐设施投运率；颗粒物需区分PM2.5和粗粒径效率
SRC-RAW-3FEE277A7F25883026B3,NOx,SOURCE_RELATION_MISSING,GYGL仅为工业锅炉类别且企业有多台锅炉；补齐本锅炉与治理设施对应关系
SRC-RAW-3FEE277A7F25883026B3,PM10,SOURCE_RELATION_MISSING,GYGL仅为工业锅炉类别且企业有多台锅炉；补齐本锅炉与治理设施对应关系
SRC-RAW-3FEE277A7F25883026B3,PM2.5,SOURCE_RELATION_MISSING,GYGL仅为工业锅炉类别且企业有多台锅炉；补齐本锅炉与治理设施对应关系
SRC-RAW-3FEE277A7F25883026B3,NH3,SOURCE_RELATION_MISSING,工业锅炉类别脱硝设施对应多台锅炉；补齐设备—脱硝设施关系
SRC-RAW-3FEE277A7F25883026B3,NH3,POLLUTANT_PARAMETER_MISSING,补齐脱硝SCR/SNCR工艺，表E.1按煤计的氨因子不能据设施名称选定
SRC-RAW-3FEE277A7F25883026B3,NH3,factor_not_applicable,表E.1氨因子分母为煤，当前燃料天然气不具备可直接使用的氨因子；提供适用因子或实测氨排放
SRC-RAW-B3213B6CA969CD54A800,PM10,SOURCE_RELATION_MISSING,GYGL仅为工业锅炉类别且企业有多台锅炉；补齐本锅炉与治理设施对应关系
SRC-RAW-B3213B6CA969CD54A800,PM2.5,SOURCE_RELATION_MISSING,GYGL仅为工业锅炉类别且企业有多台锅炉；补齐本锅炉与治理设施对应关系
SRC-RAW-CCF28152C44845D4E274,NOx,SOURCE_RELATION_MISSING,GYGL仅为工业锅炉类别且企业有多台锅炉；补齐本锅炉与治理设施对应关系
SRC-RAW-CCF28152C44845D4E274,PM10,SOURCE_RELATION_MISSING,GYGL仅为工业锅炉类别且企业有多台锅炉；补齐本锅炉与治理设施对应关系
SRC-RAW-CCF28152C44845D4E274,PM2.5,SOURCE_RELATION_MISSING,GYGL仅为工业锅炉类别且企业有多台锅炉；补齐本锅炉与治理设施对应关系
SRC-RAW-CCF28152C44845D4E274,NH3,SOURCE_RELATION_MISSING,工业锅炉类别脱硝设施对应多台锅炉；补齐设备—脱硝设施关系
SRC-RAW-CCF28152C44845D4E274,NH3,POLLUTANT_PARAMETER_MISSING,补齐脱硝SCR/SNCR工艺，表E.1按煤计的氨因子不能据设施名称选定
SRC-RAW-CCF28152C44845D4E274,NH3,factor_not_applicable,表E.1氨因子分母为煤，当前燃料天然气不具备可直接使用的氨因子；提供适用因子或实测氨排放
SRC-RAW-294BD0892645B59CFE1F,NOx,POLLUTANT_PARAMETER_MISSING,燃烧方式其他不足以选取E.7的CO/NOx/VOC系数；确认手动或自动炉排
SRC-RAW-294BD0892645B59CFE1F,CO,POLLUTANT_PARAMETER_MISSING,燃烧方式其他不足以选取E.7的CO/NOx/VOC系数；确认手动或自动炉排
SRC-RAW-294BD0892645B59CFE1F,VOC,POLLUTANT_PARAMETER_MISSING,燃烧方式其他不足以选取E.7的CO/NOx/VOC系数；确认手动或自动炉排
SRC-RAW-294BD0892645B59CFE1F,PM10,POLLUTANT_PARAMETER_MISSING,燃烧方式其他不足以选取C.1—C.3参数；补齐炉型
SRC-RAW-294BD0892645B59CFE1F,PM2.5,POLLUTANT_PARAMETER_MISSING,燃烧方式其他不足以选取C.1—C.3参数；补齐炉型
SRC-RAW-294BD0892645B59CFE1F,BC,POLLUTANT_PARAMETER_MISSING,燃烧方式其他不足以选取C.1—C.3参数；补齐炉型
SRC-RAW-294BD0892645B59CFE1F,OC,POLLUTANT_PARAMETER_MISSING,燃烧方式其他不足以选取C.1—C.3参数；补齐炉型
SRC-RAW-28382250DDB3E29C0D33,SO2,SOURCE_RELATION_MISSING,GYGL仅为工业锅炉类别且企业有多台锅炉；补齐本锅炉与治理设施对应关系
SRC-RAW-28382250DDB3E29C0D33,NOx,SOURCE_RELATION_MISSING,GYGL仅为工业锅炉类别且企业有多台锅炉；补齐本锅炉与治理设施对应关系
SRC-RAW-28382250DDB3E29C0D33,PM10,SOURCE_RELATION_MISSING,GYGL仅为工业锅炉类别且企业有多台锅炉；补齐本锅炉与治理设施对应关系
SRC-RAW-28382250DDB3E29C0D33,PM2.5,SOURCE_RELATION_MISSING,GYGL仅为工业锅炉类别且企业有多台锅炉；补齐本锅炉与治理设施对应关系
SRC-RAW-28382250DDB3E29C0D33,BC,SOURCE_RELATION_MISSING,GYGL仅为工业锅炉类别且企业有多台锅炉；补齐本锅炉与治理设施对应关系
SRC-RAW-28382250DDB3E29C0D33,NH3,SOURCE_RELATION_MISSING,工业锅炉类别脱硝设施对应多台锅炉；补齐设备—脱硝设施关系
SRC-RAW-28382250DDB3E29C0D33,NH3,POLLUTANT_PARAMETER_MISSING,补齐脱硝SCR/SNCR工艺，表E.1按煤计的氨因子不能据设施名称选定
SRC-RAW-02C3AD7C6A1E4CD731A5,SO2,SOURCE_RELATION_MISSING,GYGL仅为工业锅炉类别且企业有多台锅炉；补齐本锅炉与治理设施对应关系
SRC-RAW-02C3AD7C6A1E4CD731A5,NOx,SOURCE_RELATION_MISSING,GYGL仅为工业锅炉类别且企业有多台锅炉；补齐本锅炉与治理设施对应关系
SRC-RAW-02C3AD7C6A1E4CD731A5,PM10,SOURCE_RELATION_MISSING,GYGL仅为工业锅炉类别且企业有多台锅炉；补齐本锅炉与治理设施对应关系
SRC-RAW-02C3AD7C6A1E4CD731A5,PM2.5,SOURCE_RELATION_MISSING,GYGL仅为工业锅炉类别且企业有多台锅炉；补齐本锅炉与治理设施对应关系
SRC-RAW-02C3AD7C6A1E4CD731A5,BC,SOURCE_RELATION_MISSING,GYGL仅为工业锅炉类别且企业有多台锅炉；补齐本锅炉与治理设施对应关系
SRC-RAW-02C3AD7C6A1E4CD731A5,NH3,SOURCE_RELATION_MISSING,工业锅炉类别脱硝设施对应多台锅炉；补齐设备—脱硝设施关系
SRC-RAW-02C3AD7C6A1E4CD731A5,NH3,POLLUTANT_PARAMETER_MISSING,补齐脱硝SCR/SNCR工艺，表E.1按煤计的氨因子不能据设施名称选定
SRC-RAW-A1B072585C38520BBD42,SO2,SOURCE_RELATION_MISSING,GYGL仅为工业锅炉类别且企业有多台锅炉；补齐本锅炉与治理设施对应关系
SRC-RAW-A1B072585C38520BBD42,NOx,SOURCE_RELATION_MISSING,GYGL仅为工业锅炉类别且企业有多台锅炉；补齐本锅炉与治理设施对应关系
SRC-RAW-A1B072585C38520BBD42,PM10,SOURCE_RELATION_MISSING,GYGL仅为工业锅炉类别且企业有多台锅炉；补齐本锅炉与治理设施对应关系
SRC-RAW-A1B072585C38520BBD42,PM2.5,SOURCE_RELATION_MISSING,GYGL仅为工业锅炉类别且企业有多台锅炉；补齐本锅炉与治理设施对应关系
SRC-RAW-A1B072585C38520BBD42,BC,SOURCE_RELATION_MISSING,GYGL仅为工业锅炉类别且企业有多台锅炉；补齐本锅炉与治理设施对应关系
SRC-RAW-A1B072585C38520BBD42,NH3,SOURCE_RELATION_MISSING,工业锅炉类别脱硝设施对应多台锅炉；补齐设备—脱硝设施关系
SRC-RAW-A1B072585C38520BBD42,NH3,POLLUTANT_PARAMETER_MISSING,补齐脱硝SCR/SNCR工艺，表E.1按煤计的氨因子不能据设施名称选定
SRC-RAW-F3D48E0E23B64F9DC1FC,NOx,SOURCE_RELATION_MISSING,GYGL仅为工业锅炉类别且企业有多台锅炉；补齐本锅炉与治理设施对应关系
SRC-RAW-F3D48E0E23B64F9DC1FC,PM10,SOURCE_RELATION_MISSING,GYGL仅为工业锅炉类别且企业有多台锅炉；补齐本锅炉与治理设施对应关系
SRC-RAW-F3D48E0E23B64F9DC1FC,PM2.5,SOURCE_RELATION_MISSING,GYGL仅为工业锅炉类别且企业有多台锅炉；补齐本锅炉与治理设施对应关系
SRC-RAW-F3D48E0E23B64F9DC1FC,NH3,SOURCE_RELATION_MISSING,工业锅炉类别脱硝设施对应多台锅炉；补齐设备—脱硝设施关系
SRC-RAW-F3D48E0E23B64F9DC1FC,NH3,POLLUTANT_PARAMETER_MISSING,补齐脱硝SCR/SNCR工艺，表E.1按煤计的氨因子不能据设施名称选定
SRC-RAW-F3D48E0E23B64F9DC1FC,NH3,factor_not_applicable,表E.1氨因子分母为煤，当前燃料天然气不具备可直接使用的氨因子；提供适用因子或实测氨排放
SRC-RAW-22CCDBE712A1E60D0D34,NOx,SOURCE_RELATION_MISSING,GYGL仅为工业锅炉类别且企业有多台锅炉；补齐本锅炉与治理设施对应关系
SRC-RAW-22CCDBE712A1E60D0D34,PM10,SOURCE_RELATION_MISSING,GYGL仅为工业锅炉类别且企业有多台锅炉；补齐本锅炉与治理设施对应关系
SRC-RAW-22CCDBE712A1E60D0D34,PM2.5,SOURCE_RELATION_MISSING,GYGL仅为工业锅炉类别且企业有多台锅炉；补齐本锅炉与治理设施对应关系
SRC-RAW-22CCDBE712A1E60D0D34,NH3,SOURCE_RELATION_MISSING,工业锅炉类别脱硝设施对应多台锅炉；补齐设备—脱硝设施关系
SRC-RAW-22CCDBE712A1E60D0D34,NH3,POLLUTANT_PARAMETER_MISSING,补齐脱硝SCR/SNCR工艺，表E.1按煤计的氨因子不能据设施名称选定
SRC-RAW-22CCDBE712A1E60D0D34,NH3,factor_not_applicable,表E.1氨因子分母为煤，当前燃料天然气不具备可直接使用的氨因子；提供适用因子或实测氨排放
SRC-RAW-65311CCF59250832E9B7,NOx,SOURCE_RELATION_MISSING,GYGL仅为工业锅炉类别且企业有多台锅炉；补齐本锅炉与治理设施对应关系
SRC-RAW-65311CCF59250832E9B7,PM10,SOURCE_RELATION_MISSING,GYGL仅为工业锅炉类别且企业有多台锅炉；补齐本锅炉与治理设施对应关系
SRC-RAW-65311CCF59250832E9B7,PM2.5,SOURCE_RELATION_MISSING,GYGL仅为工业锅炉类别且企业有多台锅炉；补齐本锅炉与治理设施对应关系
SRC-RAW-65311CCF59250832E9B7,BC,SOURCE_RELATION_MISSING,GYGL仅为工业锅炉类别且企业有多台锅炉；补齐本锅炉与治理设施对应关系
SRC-RAW-65311CCF59250832E9B7,OC,SOURCE_RELATION_MISSING,GYGL仅为工业锅炉类别且企业有多台锅炉；补齐本锅炉与治理设施对应关系
SRC-RAW-65311CCF59250832E9B7,NH3,SOURCE_RELATION_MISSING,工业锅炉类别脱硝设施对应多台锅炉；补齐设备—脱硝设施关系
SRC-RAW-65311CCF59250832E9B7,NH3,POLLUTANT_PARAMETER_MISSING,补齐脱硝SCR/SNCR工艺，表E.1按煤计的氨因子不能据设施名称选定
SRC-RAW-65311CCF59250832E9B7,NH3,factor_not_applicable,表E.1氨因子分母为煤，当前燃料柴油不具备可直接使用的氨因子；提供适用因子或实测氨排放
SRC-RAW-B4ADA3FD95BF8CF2C554,SO2,POLLUTANT_PARAMETER_MISSING,对应治理设施缺年度有效运行小时数，不能将平均效率直接当全年实际效率；补齐设施投运率；颗粒物需区分PM2.5和粗粒径效率
SRC-RAW-B4ADA3FD95BF8CF2C554,NOx,POLLUTANT_PARAMETER_MISSING,燃烧方式其他层燃炉不足以选取E.7的CO/NOx/VOC系数；确认手动或自动炉排
SRC-RAW-B4ADA3FD95BF8CF2C554,CO,POLLUTANT_PARAMETER_MISSING,燃烧方式其他层燃炉不足以选取E.7的CO/NOx/VOC系数；确认手动或自动炉排
SRC-RAW-B4ADA3FD95BF8CF2C554,VOC,POLLUTANT_PARAMETER_MISSING,燃烧方式其他层燃炉不足以选取E.7的CO/NOx/VOC系数；确认手动或自动炉排
SRC-RAW-B4ADA3FD95BF8CF2C554,PM10,POLLUTANT_PARAMETER_MISSING,对应治理设施缺年度有效运行小时数，不能将平均效率直接当全年实际效率；补齐设施投运率；颗粒物需区分PM2.5和粗粒径效率
SRC-RAW-B4ADA3FD95BF8CF2C554,PM2.5,POLLUTANT_PARAMETER_MISSING,对应治理设施缺年度有效运行小时数，不能将平均效率直接当全年实际效率；补齐设施投运率；颗粒物需区分PM2.5和粗粒径效率
SRC-RAW-B4ADA3FD95BF8CF2C554,BC,POLLUTANT_PARAMETER_MISSING,对应治理设施缺年度有效运行小时数，不能将平均效率直接当全年实际效率；补齐设施投运率；颗粒物需区分PM2.5和粗粒径效率
SRC-RAW-B4ADA3FD95BF8CF2C554,OC,POLLUTANT_PARAMETER_MISSING,对应治理设施缺年度有效运行小时数，不能将平均效率直接当全年实际效率；补齐设施投运率；颗粒物需区分PM2.5和粗粒径效率
SRC-RAW-94BE44414A86E0BA753A,SO2,SOURCE_RELATION_MISSING,GYGL仅为工业锅炉类别且企业有多台锅炉；补齐本锅炉与治理设施对应关系
SRC-RAW-94BE44414A86E0BA753A,NOx,SOURCE_RELATION_MISSING,GYGL仅为工业锅炉类别且企业有多台锅炉；补齐本锅炉与治理设施对应关系
SRC-RAW-94BE44414A86E0BA753A,PM10,SOURCE_RELATION_MISSING,GYGL仅为工业锅炉类别且企业有多台锅炉；补齐本锅炉与治理设施对应关系
SRC-RAW-94BE44414A86E0BA753A,PM2.5,SOURCE_RELATION_MISSING,GYGL仅为工业锅炉类别且企业有多台锅炉；补齐本锅炉与治理设施对应关系
SRC-RAW-94BE44414A86E0BA753A,BC,SOURCE_RELATION_MISSING,GYGL仅为工业锅炉类别且企业有多台锅炉；补齐本锅炉与治理设施对应关系
SRC-RAW-94BE44414A86E0BA753A,NH3,SOURCE_RELATION_MISSING,工业锅炉类别脱硝设施对应多台锅炉；补齐设备—脱硝设施关系
SRC-RAW-94BE44414A86E0BA753A,NH3,POLLUTANT_PARAMETER_MISSING,补齐脱硝SCR/SNCR工艺，表E.1按煤计的氨因子不能据设施名称选定
SRC-RAW-0380C629EC4DDD7F3CE7,SO2,POLLUTANT_PARAMETER_MISSING,对应治理设施缺年度有效运行小时数，不能将平均效率直接当全年实际效率；补齐设施投运率；颗粒物需区分PM2.5和粗粒径效率
SRC-RAW-0380C629EC4DDD7F3CE7,PM10,POLLUTANT_PARAMETER_MISSING,对应治理设施缺年度有效运行小时数，不能将平均效率直接当全年实际效率；补齐设施投运率；颗粒物需区分PM2.5和粗粒径效率
SRC-RAW-0380C629EC4DDD7F3CE7,PM2.5,POLLUTANT_PARAMETER_MISSING,对应治理设施缺年度有效运行小时数，不能将平均效率直接当全年实际效率；补齐设施投运率；颗粒物需区分PM2.5和粗粒径效率
SRC-RAW-0380C629EC4DDD7F3CE7,BC,POLLUTANT_PARAMETER_MISSING,对应治理设施缺年度有效运行小时数，不能将平均效率直接当全年实际效率；补齐设施投运率；颗粒物需区分PM2.5和粗粒径效率
SRC-RAW-0380C629EC4DDD7F3CE7,OC,POLLUTANT_PARAMETER_MISSING,对应治理设施缺年度有效运行小时数，不能将平均效率直接当全年实际效率；补齐设施投运率；颗粒物需区分PM2.5和粗粒径效率
SRC-RAW-B7055220CFF10280C5E4,SO2,activity_unit_unresolved,燃料一单位吨标准煤与因子分母t不一致；补原燃料实物量或有依据的换算关系
SRC-RAW-B7055220CFF10280C5E4,NOx,activity_unit_unresolved,燃料一单位吨标准煤与因子分母t不一致；补原燃料实物量或有依据的换算关系
SRC-RAW-B7055220CFF10280C5E4,CO,activity_unit_unresolved,燃料一单位吨标准煤与因子分母t不一致；补原燃料实物量或有依据的换算关系
SRC-RAW-B7055220CFF10280C5E4,VOC,activity_unit_unresolved,燃料一单位吨标准煤与因子分母t不一致；补原燃料实物量或有依据的换算关系
SRC-RAW-B7055220CFF10280C5E4,PM10,activity_unit_unresolved,燃料一单位吨标准煤与因子分母t不一致；补原燃料实物量或有依据的换算关系
SRC-RAW-B7055220CFF10280C5E4,PM2.5,activity_unit_unresolved,燃料一单位吨标准煤与因子分母t不一致；补原燃料实物量或有依据的换算关系
SRC-RAW-B7055220CFF10280C5E4,BC,activity_unit_unresolved,燃料一单位吨标准煤与因子分母t不一致；补原燃料实物量或有依据的换算关系
SRC-RAW-B7055220CFF10280C5E4,OC,activity_unit_unresolved,燃料一单位吨标准煤与因子分母t不一致；补原燃料实物量或有依据的换算关系
SRC-RAW-7A3FECD810EC37C2A406,SO2,SOURCE_RELATION_MISSING,GYGL仅为工业锅炉类别且企业有多台锅炉；补齐本锅炉与治理设施对应关系
SRC-RAW-7A3FECD810EC37C2A406,NOx,SOURCE_RELATION_MISSING,GYGL仅为工业锅炉类别且企业有多台锅炉；补齐本锅炉与治理设施对应关系
SRC-RAW-7A3FECD810EC37C2A406,PM10,SOURCE_RELATION_MISSING,GYGL仅为工业锅炉类别且企业有多台锅炉；补齐本锅炉与治理设施对应关系
SRC-RAW-7A3FECD810EC37C2A406,PM2.5,SOURCE_RELATION_MISSING,GYGL仅为工业锅炉类别且企业有多台锅炉；补齐本锅炉与治理设施对应关系
SRC-RAW-7A3FECD810EC37C2A406,BC,SOURCE_RELATION_MISSING,GYGL仅为工业锅炉类别且企业有多台锅炉；补齐本锅炉与治理设施对应关系
SRC-RAW-7A3FECD810EC37C2A406,NH3,SOURCE_RELATION_MISSING,工业锅炉类别脱硝设施对应多台锅炉；补齐设备—脱硝设施关系
SRC-RAW-7A3FECD810EC37C2A406,NH3,POLLUTANT_PARAMETER_MISSING,补齐脱硝SCR/SNCR工艺，表E.1按煤计的氨因子不能据设施名称选定
SRC-RAW-D8FE6D894F6CB995850D,SO2,SOURCE_RELATION_MISSING,GYGL仅为工业锅炉类别且企业有多台锅炉；补齐本锅炉与治理设施对应关系
SRC-RAW-D8FE6D894F6CB995850D,NOx,SOURCE_RELATION_MISSING,GYGL仅为工业锅炉类别且企业有多台锅炉；补齐本锅炉与治理设施对应关系
SRC-RAW-D8FE6D894F6CB995850D,PM10,SOURCE_RELATION_MISSING,GYGL仅为工业锅炉类别且企业有多台锅炉；补齐本锅炉与治理设施对应关系
SRC-RAW-D8FE6D894F6CB995850D,PM2.5,SOURCE_RELATION_MISSING,GYGL仅为工业锅炉类别且企业有多台锅炉；补齐本锅炉与治理设施对应关系
SRC-RAW-D8FE6D894F6CB995850D,BC,SOURCE_RELATION_MISSING,GYGL仅为工业锅炉类别且企业有多台锅炉；补齐本锅炉与治理设施对应关系
SRC-RAW-D8FE6D894F6CB995850D,NH3,SOURCE_RELATION_MISSING,工业锅炉类别脱硝设施对应多台锅炉；补齐设备—脱硝设施关系
SRC-RAW-D8FE6D894F6CB995850D,NH3,POLLUTANT_PARAMETER_MISSING,补齐脱硝SCR/SNCR工艺，表E.1按煤计的氨因子不能据设施名称选定
SRC-RAW-8887761FFD2352F1185E,SO2,activity_unit_unresolved,燃料一单位吨标准煤与因子分母t不一致；补原燃料实物量或有依据的换算关系
SRC-RAW-8887761FFD2352F1185E,SO2,SOURCE_RELATION_MISSING,GYGL仅为工业锅炉类别且企业有多台锅炉；补齐本锅炉与治理设施对应关系
SRC-RAW-8887761FFD2352F1185E,NOx,activity_unit_unresolved,燃料一单位吨标准煤与因子分母t不一致；补原燃料实物量或有依据的换算关系
SRC-RAW-8887761FFD2352F1185E,NOx,SOURCE_RELATION_MISSING,GYGL仅为工业锅炉类别且企业有多台锅炉；补齐本锅炉与治理设施对应关系
SRC-RAW-8887761FFD2352F1185E,CO,activity_unit_unresolved,燃料一单位吨标准煤与因子分母t不一致；补原燃料实物量或有依据的换算关系
SRC-RAW-8887761FFD2352F1185E,VOC,activity_unit_unresolved,燃料一单位吨标准煤与因子分母t不一致；补原燃料实物量或有依据的换算关系
SRC-RAW-8887761FFD2352F1185E,PM10,activity_unit_unresolved,燃料一单位吨标准煤与因子分母t不一致；补原燃料实物量或有依据的换算关系
SRC-RAW-8887761FFD2352F1185E,PM10,SOURCE_RELATION_MISSING,GYGL仅为工业锅炉类别且企业有多台锅炉；补齐本锅炉与治理设施对应关系
SRC-RAW-8887761FFD2352F1185E,PM2.5,activity_unit_unresolved,燃料一单位吨标准煤与因子分母t不一致；补原燃料实物量或有依据的换算关系
SRC-RAW-8887761FFD2352F1185E,PM2.5,SOURCE_RELATION_MISSING,GYGL仅为工业锅炉类别且企业有多台锅炉；补齐本锅炉与治理设施对应关系
SRC-RAW-8887761FFD2352F1185E,BC,activity_unit_unresolved,燃料一单位吨标准煤与因子分母t不一致；补原燃料实物量或有依据的换算关系
SRC-RAW-8887761FFD2352F1185E,BC,SOURCE_RELATION_MISSING,GYGL仅为工业锅炉类别且企业有多台锅炉；补齐本锅炉与治理设施对应关系
SRC-RAW-8887761FFD2352F1185E,OC,activity_unit_unresolved,燃料一单位吨标准煤与因子分母t不一致；补原燃料实物量或有依据的换算关系
SRC-RAW-8887761FFD2352F1185E,OC,SOURCE_RELATION_MISSING,GYGL仅为工业锅炉类别且企业有多台锅炉；补齐本锅炉与治理设施对应关系
SRC-RAW-8887761FFD2352F1185E,NH3,SOURCE_RELATION_MISSING,工业锅炉类别脱硝设施对应多台锅炉；补齐设备—脱硝设施关系
SRC-RAW-8887761FFD2352F1185E,NH3,POLLUTANT_PARAMETER_MISSING,补齐脱硝SCR/SNCR工艺，表E.1按煤计的氨因子不能据设施名称选定
SRC-RAW-8887761FFD2352F1185E,NH3,factor_not_applicable,表E.1氨因子分母为煤，当前燃料其他燃料不具备可直接使用的氨因子；提供适用因子或实测氨排放
SRC-RAW-66B9EC18C327CABD8CD8,SO2,activity_unit_unresolved,燃料一单位吨标准煤与因子分母t不一致；补原燃料实物量或有依据的换算关系
SRC-RAW-66B9EC18C327CABD8CD8,SO2,SOURCE_RELATION_MISSING,GYGL仅为工业锅炉类别且企业有多台锅炉；补齐本锅炉与治理设施对应关系
SRC-RAW-66B9EC18C327CABD8CD8,NOx,activity_unit_unresolved,燃料一单位吨标准煤与因子分母t不一致；补原燃料实物量或有依据的换算关系
SRC-RAW-66B9EC18C327CABD8CD8,NOx,SOURCE_RELATION_MISSING,GYGL仅为工业锅炉类别且企业有多台锅炉；补齐本锅炉与治理设施对应关系
SRC-RAW-66B9EC18C327CABD8CD8,CO,activity_unit_unresolved,燃料一单位吨标准煤与因子分母t不一致；补原燃料实物量或有依据的换算关系
SRC-RAW-66B9EC18C327CABD8CD8,VOC,activity_unit_unresolved,燃料一单位吨标准煤与因子分母t不一致；补原燃料实物量或有依据的换算关系
SRC-RAW-66B9EC18C327CABD8CD8,PM10,activity_unit_unresolved,燃料一单位吨标准煤与因子分母t不一致；补原燃料实物量或有依据的换算关系
SRC-RAW-66B9EC18C327CABD8CD8,PM10,SOURCE_RELATION_MISSING,GYGL仅为工业锅炉类别且企业有多台锅炉；补齐本锅炉与治理设施对应关系
SRC-RAW-66B9EC18C327CABD8CD8,PM2.5,activity_unit_unresolved,燃料一单位吨标准煤与因子分母t不一致；补原燃料实物量或有依据的换算关系
SRC-RAW-66B9EC18C327CABD8CD8,PM2.5,SOURCE_RELATION_MISSING,GYGL仅为工业锅炉类别且企业有多台锅炉；补齐本锅炉与治理设施对应关系
SRC-RAW-66B9EC18C327CABD8CD8,BC,activity_unit_unresolved,燃料一单位吨标准煤与因子分母t不一致；补原燃料实物量或有依据的换算关系
SRC-RAW-66B9EC18C327CABD8CD8,BC,SOURCE_RELATION_MISSING,GYGL仅为工业锅炉类别且企业有多台锅炉；补齐本锅炉与治理设施对应关系
SRC-RAW-66B9EC18C327CABD8CD8,OC,activity_unit_unresolved,燃料一单位吨标准煤与因子分母t不一致；补原燃料实物量或有依据的换算关系
SRC-RAW-66B9EC18C327CABD8CD8,OC,SOURCE_RELATION_MISSING,GYGL仅为工业锅炉类别且企业有多台锅炉；补齐本锅炉与治理设施对应关系
SRC-RAW-66B9EC18C327CABD8CD8,NH3,SOURCE_RELATION_MISSING,工业锅炉类别脱硝设施对应多台锅炉；补齐设备—脱硝设施关系
SRC-RAW-66B9EC18C327CABD8CD8,NH3,POLLUTANT_PARAMETER_MISSING,补齐脱硝SCR/SNCR工艺，表E.1按煤计的氨因子不能据设施名称选定
SRC-RAW-66B9EC18C327CABD8CD8,NH3,factor_not_applicable,表E.1氨因子分母为煤，当前燃料其他燃料不具备可直接使用的氨因子；提供适用因子或实测氨排放
SRC-RAW-16867003BFCEEE83A9E9,SO2,activity_unit_unresolved,燃料一单位吨标准煤与因子分母t不一致；补原燃料实物量或有依据的换算关系
SRC-RAW-16867003BFCEEE83A9E9,SO2,SOURCE_RELATION_MISSING,GYGL仅为工业锅炉类别且企业有多台锅炉；补齐本锅炉与治理设施对应关系
SRC-RAW-16867003BFCEEE83A9E9,NOx,activity_unit_unresolved,燃料一单位吨标准煤与因子分母t不一致；补原燃料实物量或有依据的换算关系
SRC-RAW-16867003BFCEEE83A9E9,NOx,SOURCE_RELATION_MISSING,GYGL仅为工业锅炉类别且企业有多台锅炉；补齐本锅炉与治理设施对应关系
SRC-RAW-16867003BFCEEE83A9E9,CO,activity_unit_unresolved,燃料一单位吨标准煤与因子分母t不一致；补原燃料实物量或有依据的换算关系
SRC-RAW-16867003BFCEEE83A9E9,VOC,activity_unit_unresolved,燃料一单位吨标准煤与因子分母t不一致；补原燃料实物量或有依据的换算关系
SRC-RAW-16867003BFCEEE83A9E9,PM10,activity_unit_unresolved,燃料一单位吨标准煤与因子分母t不一致；补原燃料实物量或有依据的换算关系
SRC-RAW-16867003BFCEEE83A9E9,PM10,SOURCE_RELATION_MISSING,GYGL仅为工业锅炉类别且企业有多台锅炉；补齐本锅炉与治理设施对应关系
SRC-RAW-16867003BFCEEE83A9E9,PM2.5,activity_unit_unresolved,燃料一单位吨标准煤与因子分母t不一致；补原燃料实物量或有依据的换算关系
SRC-RAW-16867003BFCEEE83A9E9,PM2.5,SOURCE_RELATION_MISSING,GYGL仅为工业锅炉类别且企业有多台锅炉；补齐本锅炉与治理设施对应关系
SRC-RAW-16867003BFCEEE83A9E9,BC,activity_unit_unresolved,燃料一单位吨标准煤与因子分母t不一致；补原燃料实物量或有依据的换算关系
SRC-RAW-16867003BFCEEE83A9E9,BC,SOURCE_RELATION_MISSING,GYGL仅为工业锅炉类别且企业有多台锅炉；补齐本锅炉与治理设施对应关系
SRC-RAW-16867003BFCEEE83A9E9,OC,activity_unit_unresolved,燃料一单位吨标准煤与因子分母t不一致；补原燃料实物量或有依据的换算关系
SRC-RAW-16867003BFCEEE83A9E9,OC,SOURCE_RELATION_MISSING,GYGL仅为工业锅炉类别且企业有多台锅炉；补齐本锅炉与治理设施对应关系
SRC-RAW-16867003BFCEEE83A9E9,NH3,SOURCE_RELATION_MISSING,工业锅炉类别脱硝设施对应多台锅炉；补齐设备—脱硝设施关系
SRC-RAW-16867003BFCEEE83A9E9,NH3,POLLUTANT_PARAMETER_MISSING,补齐脱硝SCR/SNCR工艺，表E.1按煤计的氨因子不能据设施名称选定
SRC-RAW-16867003BFCEEE83A9E9,NH3,factor_not_applicable,表E.1氨因子分母为煤，当前燃料其他燃料不具备可直接使用的氨因子；提供适用因子或实测氨排放
SRC-RAW-B21C76F77DB0AC685C94,SO2,activity_unit_unresolved,燃料一单位吨标准煤与因子分母t不一致；补原燃料实物量或有依据的换算关系
SRC-RAW-B21C76F77DB0AC685C94,SO2,SOURCE_RELATION_MISSING,GYGL仅为工业锅炉类别且企业有多台锅炉；补齐本锅炉与治理设施对应关系
SRC-RAW-B21C76F77DB0AC685C94,NOx,activity_unit_unresolved,燃料一单位吨标准煤与因子分母t不一致；补原燃料实物量或有依据的换算关系
SRC-RAW-B21C76F77DB0AC685C94,NOx,SOURCE_RELATION_MISSING,GYGL仅为工业锅炉类别且企业有多台锅炉；补齐本锅炉与治理设施对应关系
SRC-RAW-B21C76F77DB0AC685C94,CO,activity_unit_unresolved,燃料一单位吨标准煤与因子分母t不一致；补原燃料实物量或有依据的换算关系
SRC-RAW-B21C76F77DB0AC685C94,VOC,activity_unit_unresolved,燃料一单位吨标准煤与因子分母t不一致；补原燃料实物量或有依据的换算关系
SRC-RAW-B21C76F77DB0AC685C94,PM10,activity_unit_unresolved,燃料一单位吨标准煤与因子分母t不一致；补原燃料实物量或有依据的换算关系
SRC-RAW-B21C76F77DB0AC685C94,PM10,SOURCE_RELATION_MISSING,GYGL仅为工业锅炉类别且企业有多台锅炉；补齐本锅炉与治理设施对应关系
SRC-RAW-B21C76F77DB0AC685C94,PM2.5,activity_unit_unresolved,燃料一单位吨标准煤与因子分母t不一致；补原燃料实物量或有依据的换算关系
SRC-RAW-B21C76F77DB0AC685C94,PM2.5,SOURCE_RELATION_MISSING,GYGL仅为工业锅炉类别且企业有多台锅炉；补齐本锅炉与治理设施对应关系
SRC-RAW-B21C76F77DB0AC685C94,BC,activity_unit_unresolved,燃料一单位吨标准煤与因子分母t不一致；补原燃料实物量或有依据的换算关系
SRC-RAW-B21C76F77DB0AC685C94,BC,SOURCE_RELATION_MISSING,GYGL仅为工业锅炉类别且企业有多台锅炉；补齐本锅炉与治理设施对应关系
SRC-RAW-B21C76F77DB0AC685C94,OC,activity_unit_unresolved,燃料一单位吨标准煤与因子分母t不一致；补原燃料实物量或有依据的换算关系
SRC-RAW-B21C76F77DB0AC685C94,OC,SOURCE_RELATION_MISSING,GYGL仅为工业锅炉类别且企业有多台锅炉；补齐本锅炉与治理设施对应关系
SRC-RAW-B21C76F77DB0AC685C94,NH3,SOURCE_RELATION_MISSING,工业锅炉类别脱硝设施对应多台锅炉；补齐设备—脱硝设施关系
SRC-RAW-B21C76F77DB0AC685C94,NH3,POLLUTANT_PARAMETER_MISSING,补齐脱硝SCR/SNCR工艺，表E.1按煤计的氨因子不能据设施名称选定
SRC-RAW-B21C76F77DB0AC685C94,NH3,factor_not_applicable,表E.1氨因子分母为煤，当前燃料其他燃料不具备可直接使用的氨因子；提供适用因子或实测氨排放
SRC-RAW-D6775E884FB0464EFF38,SO2,activity_unit_unresolved,燃料一单位吨标准煤与因子分母t不一致；补原燃料实物量或有依据的换算关系
SRC-RAW-D6775E884FB0464EFF38,SO2,SOURCE_RELATION_MISSING,GYGL仅为工业锅炉类别且企业有多台锅炉；补齐本锅炉与治理设施对应关系
SRC-RAW-D6775E884FB0464EFF38,NOx,activity_unit_unresolved,燃料一单位吨标准煤与因子分母t不一致；补原燃料实物量或有依据的换算关系
SRC-RAW-D6775E884FB0464EFF38,NOx,SOURCE_RELATION_MISSING,GYGL仅为工业锅炉类别且企业有多台锅炉；补齐本锅炉与治理设施对应关系
SRC-RAW-D6775E884FB0464EFF38,CO,activity_unit_unresolved,燃料一单位吨标准煤与因子分母t不一致；补原燃料实物量或有依据的换算关系
SRC-RAW-D6775E884FB0464EFF38,VOC,activity_unit_unresolved,燃料一单位吨标准煤与因子分母t不一致；补原燃料实物量或有依据的换算关系
SRC-RAW-D6775E884FB0464EFF38,PM10,activity_unit_unresolved,燃料一单位吨标准煤与因子分母t不一致；补原燃料实物量或有依据的换算关系
SRC-RAW-D6775E884FB0464EFF38,PM10,SOURCE_RELATION_MISSING,GYGL仅为工业锅炉类别且企业有多台锅炉；补齐本锅炉与治理设施对应关系
SRC-RAW-D6775E884FB0464EFF38,PM2.5,activity_unit_unresolved,燃料一单位吨标准煤与因子分母t不一致；补原燃料实物量或有依据的换算关系
SRC-RAW-D6775E884FB0464EFF38,PM2.5,SOURCE_RELATION_MISSING,GYGL仅为工业锅炉类别且企业有多台锅炉；补齐本锅炉与治理设施对应关系
SRC-RAW-D6775E884FB0464EFF38,BC,activity_unit_unresolved,燃料一单位吨标准煤与因子分母t不一致；补原燃料实物量或有依据的换算关系
SRC-RAW-D6775E884FB0464EFF38,BC,SOURCE_RELATION_MISSING,GYGL仅为工业锅炉类别且企业有多台锅炉；补齐本锅炉与治理设施对应关系
SRC-RAW-D6775E884FB0464EFF38,OC,activity_unit_unresolved,燃料一单位吨标准煤与因子分母t不一致；补原燃料实物量或有依据的换算关系
SRC-RAW-D6775E884FB0464EFF38,OC,SOURCE_RELATION_MISSING,GYGL仅为工业锅炉类别且企业有多台锅炉；补齐本锅炉与治理设施对应关系
SRC-RAW-D6775E884FB0464EFF38,NH3,SOURCE_RELATION_MISSING,工业锅炉类别脱硝设施对应多台锅炉；补齐设备—脱硝设施关系
SRC-RAW-D6775E884FB0464EFF38,NH3,POLLUTANT_PARAMETER_MISSING,补齐脱硝SCR/SNCR工艺，表E.1按煤计的氨因子不能据设施名称选定
SRC-RAW-D6775E884FB0464EFF38,NH3,factor_not_applicable,表E.1氨因子分母为煤，当前燃料其他燃料不具备可直接使用的氨因子；提供适用因子或实测氨排放
SRC-RAW-1B4454155E3E441B9D8D,SO2,POLLUTANT_PARAMETER_MISSING,对应治理设施缺年度有效运行小时数，不能将平均效率直接当全年实际效率；补齐设施投运率；颗粒物需区分PM2.5和粗粒径效率
SRC-RAW-1B4454155E3E441B9D8D,PM10,POLLUTANT_PARAMETER_MISSING,对应治理设施缺年度有效运行小时数，不能将平均效率直接当全年实际效率；补齐设施投运率；颗粒物需区分PM2.5和粗粒径效率
SRC-RAW-1B4454155E3E441B9D8D,PM2.5,POLLUTANT_PARAMETER_MISSING,对应治理设施缺年度有效运行小时数，不能将平均效率直接当全年实际效率；补齐设施投运率；颗粒物需区分PM2.5和粗粒径效率
SRC-RAW-1B4454155E3E441B9D8D,BC,POLLUTANT_PARAMETER_MISSING,对应治理设施缺年度有效运行小时数，不能将平均效率直接当全年实际效率；补齐设施投运率；颗粒物需区分PM2.5和粗粒径效率
SRC-RAW-1B4454155E3E441B9D8D,OC,POLLUTANT_PARAMETER_MISSING,对应治理设施缺年度有效运行小时数，不能将平均效率直接当全年实际效率；补齐设施投运率；颗粒物需区分PM2.5和粗粒径效率
SRC-RAW-73110D32EB4CDA304ABB,SO2,POLLUTANT_PARAMETER_MISSING,对应治理设施缺年度有效运行小时数，不能将平均效率直接当全年实际效率；补齐设施投运率；颗粒物需区分PM2.5和粗粒径效率
SRC-RAW-73110D32EB4CDA304ABB,PM10,POLLUTANT_PARAMETER_MISSING,对应治理设施缺年度有效运行小时数，不能将平均效率直接当全年实际效率；补齐设施投运率；颗粒物需区分PM2.5和粗粒径效率
SRC-RAW-73110D32EB4CDA304ABB,PM2.5,POLLUTANT_PARAMETER_MISSING,对应治理设施缺年度有效运行小时数，不能将平均效率直接当全年实际效率；补齐设施投运率；颗粒物需区分PM2.5和粗粒径效率
SRC-RAW-73110D32EB4CDA304ABB,BC,POLLUTANT_PARAMETER_MISSING,对应治理设施缺年度有效运行小时数，不能将平均效率直接当全年实际效率；补齐设施投运率；颗粒物需区分PM2.5和粗粒径效率
SRC-RAW-73110D32EB4CDA304ABB,OC,POLLUTANT_PARAMETER_MISSING,对应治理设施缺年度有效运行小时数，不能将平均效率直接当全年实际效率；补齐设施投运率；颗粒物需区分PM2.5和粗粒径效率
SRC-RAW-D047539A8B3FBECE848F,SO2,POLLUTANT_PARAMETER_MISSING,治理工艺及去除效率缺失；补齐后按A.1选取
SRC-RAW-D047539A8B3FBECE848F,SO2,POLLUTANT_PARAMETER_MISSING,对应治理设施缺年度有效运行小时数，不能将平均效率直接当全年实际效率；补齐设施投运率；颗粒物需区分PM2.5和粗粒径效率
SRC-RAW-D047539A8B3FBECE848F,PM10,POLLUTANT_PARAMETER_MISSING,治理工艺及去除效率缺失；补齐后按A.1选取
SRC-RAW-D047539A8B3FBECE848F,PM10,POLLUTANT_PARAMETER_MISSING,对应治理设施缺年度有效运行小时数，不能将平均效率直接当全年实际效率；补齐设施投运率；颗粒物需区分PM2.5和粗粒径效率
SRC-RAW-D047539A8B3FBECE848F,PM2.5,POLLUTANT_PARAMETER_MISSING,治理工艺及去除效率缺失；补齐后按A.1选取
SRC-RAW-D047539A8B3FBECE848F,PM2.5,POLLUTANT_PARAMETER_MISSING,对应治理设施缺年度有效运行小时数，不能将平均效率直接当全年实际效率；补齐设施投运率；颗粒物需区分PM2.5和粗粒径效率
SRC-RAW-D047539A8B3FBECE848F,BC,POLLUTANT_PARAMETER_MISSING,治理工艺及去除效率缺失；补齐后按A.1选取
SRC-RAW-D047539A8B3FBECE848F,BC,POLLUTANT_PARAMETER_MISSING,对应治理设施缺年度有效运行小时数，不能将平均效率直接当全年实际效率；补齐设施投运率；颗粒物需区分PM2.5和粗粒径效率
SRC-RAW-8CF4DAAA9A1D5633F069,SO2,POLLUTANT_PARAMETER_MISSING,治理工艺及去除效率缺失；补齐后按A.1选取
SRC-RAW-8CF4DAAA9A1D5633F069,SO2,POLLUTANT_PARAMETER_MISSING,对应治理设施缺年度有效运行小时数，不能将平均效率直接当全年实际效率；补齐设施投运率；颗粒物需区分PM2.5和粗粒径效率
SRC-RAW-8CF4DAAA9A1D5633F069,PM10,POLLUTANT_PARAMETER_MISSING,治理工艺及去除效率缺失；补齐后按A.1选取
SRC-RAW-8CF4DAAA9A1D5633F069,PM10,POLLUTANT_PARAMETER_MISSING,对应治理设施缺年度有效运行小时数，不能将平均效率直接当全年实际效率；补齐设施投运率；颗粒物需区分PM2.5和粗粒径效率
SRC-RAW-8CF4DAAA9A1D5633F069,PM2.5,POLLUTANT_PARAMETER_MISSING,治理工艺及去除效率缺失；补齐后按A.1选取
SRC-RAW-8CF4DAAA9A1D5633F069,PM2.5,POLLUTANT_PARAMETER_MISSING,对应治理设施缺年度有效运行小时数，不能将平均效率直接当全年实际效率；补齐设施投运率；颗粒物需区分PM2.5和粗粒径效率
SRC-RAW-8CF4DAAA9A1D5633F069,BC,POLLUTANT_PARAMETER_MISSING,治理工艺及去除效率缺失；补齐后按A.1选取
SRC-RAW-8CF4DAAA9A1D5633F069,BC,POLLUTANT_PARAMETER_MISSING,对应治理设施缺年度有效运行小时数，不能将平均效率直接当全年实际效率；补齐设施投运率；颗粒物需区分PM2.5和粗粒径效率
SRC-RAW-8CF4DAAA9A1D5633F069,OC,POLLUTANT_PARAMETER_MISSING,治理工艺及去除效率缺失；补齐后按A.1选取
SRC-RAW-8CF4DAAA9A1D5633F069,OC,POLLUTANT_PARAMETER_MISSING,对应治理设施缺年度有效运行小时数，不能将平均效率直接当全年实际效率；补齐设施投运率；颗粒物需区分PM2.5和粗粒径效率
SRC-RAW-EA7E0D0B456A29AD7A45,SO2,POLLUTANT_PARAMETER_MISSING,对应治理设施缺年度有效运行小时数，不能将平均效率直接当全年实际效率；补齐设施投运率；颗粒物需区分PM2.5和粗粒径效率
SRC-RAW-EA7E0D0B456A29AD7A45,PM10,POLLUTANT_PARAMETER_MISSING,对应治理设施缺年度有效运行小时数，不能将平均效率直接当全年实际效率；补齐设施投运率；颗粒物需区分PM2.5和粗粒径效率
SRC-RAW-EA7E0D0B456A29AD7A45,PM2.5,POLLUTANT_PARAMETER_MISSING,对应治理设施缺年度有效运行小时数，不能将平均效率直接当全年实际效率；补齐设施投运率；颗粒物需区分PM2.5和粗粒径效率
SRC-RAW-EA7E0D0B456A29AD7A45,BC,POLLUTANT_PARAMETER_MISSING,对应治理设施缺年度有效运行小时数，不能将平均效率直接当全年实际效率；补齐设施投运率；颗粒物需区分PM2.5和粗粒径效率
SRC-RAW-0ED6382A41A784E5F7DD,NOx,SOURCE_RELATION_MISSING,GYGL仅为工业锅炉类别且企业有多台锅炉；补齐本锅炉与治理设施对应关系
SRC-RAW-0ED6382A41A784E5F7DD,PM10,SOURCE_RELATION_MISSING,GYGL仅为工业锅炉类别且企业有多台锅炉；补齐本锅炉与治理设施对应关系
SRC-RAW-0ED6382A41A784E5F7DD,PM2.5,SOURCE_RELATION_MISSING,GYGL仅为工业锅炉类别且企业有多台锅炉；补齐本锅炉与治理设施对应关系
SRC-RAW-0ED6382A41A784E5F7DD,NH3,SOURCE_RELATION_MISSING,工业锅炉类别脱硝设施对应多台锅炉；补齐设备—脱硝设施关系
SRC-RAW-0ED6382A41A784E5F7DD,NH3,POLLUTANT_PARAMETER_MISSING,补齐脱硝SCR/SNCR工艺，表E.1按煤计的氨因子不能据设施名称选定
SRC-RAW-0ED6382A41A784E5F7DD,NH3,factor_not_applicable,表E.1氨因子分母为煤，当前燃料天然气不具备可直接使用的氨因子；提供适用因子或实测氨排放
SRC-RAW-AC7CFAD1E73B6414E730,NOx,SOURCE_RELATION_MISSING,GYGL仅为工业锅炉类别且企业有多台锅炉；补齐本锅炉与治理设施对应关系
SRC-RAW-AC7CFAD1E73B6414E730,PM10,SOURCE_RELATION_MISSING,GYGL仅为工业锅炉类别且企业有多台锅炉；补齐本锅炉与治理设施对应关系
SRC-RAW-AC7CFAD1E73B6414E730,PM2.5,SOURCE_RELATION_MISSING,GYGL仅为工业锅炉类别且企业有多台锅炉；补齐本锅炉与治理设施对应关系
SRC-RAW-AC7CFAD1E73B6414E730,NH3,SOURCE_RELATION_MISSING,工业锅炉类别脱硝设施对应多台锅炉；补齐设备—脱硝设施关系
SRC-RAW-AC7CFAD1E73B6414E730,NH3,POLLUTANT_PARAMETER_MISSING,补齐脱硝SCR/SNCR工艺，表E.1按煤计的氨因子不能据设施名称选定
SRC-RAW-AC7CFAD1E73B6414E730,NH3,factor_not_applicable,表E.1氨因子分母为煤，当前燃料天然气不具备可直接使用的氨因子；提供适用因子或实测氨排放
SRC-RAW-93CE55C0174278EDEF6C,SO2,POLLUTANT_PARAMETER_MISSING,对应治理设施缺年度有效运行小时数，不能将平均效率直接当全年实际效率；补齐设施投运率；颗粒物需区分PM2.5和粗粒径效率
SRC-RAW-93CE55C0174278EDEF6C,NOx,POLLUTANT_PARAMETER_MISSING,燃烧方式其他不足以选取E.7的CO/NOx/VOC系数；确认手动或自动炉排
SRC-RAW-93CE55C0174278EDEF6C,CO,POLLUTANT_PARAMETER_MISSING,燃烧方式其他不足以选取E.7的CO/NOx/VOC系数；确认手动或自动炉排
SRC-RAW-93CE55C0174278EDEF6C,VOC,POLLUTANT_PARAMETER_MISSING,燃烧方式其他不足以选取E.7的CO/NOx/VOC系数；确认手动或自动炉排
SRC-RAW-93CE55C0174278EDEF6C,PM10,POLLUTANT_PARAMETER_MISSING,燃烧方式其他不足以选取C.1—C.3参数；补齐炉型
SRC-RAW-93CE55C0174278EDEF6C,PM10,POLLUTANT_PARAMETER_MISSING,对应治理设施缺年度有效运行小时数，不能将平均效率直接当全年实际效率；补齐设施投运率；颗粒物需区分PM2.5和粗粒径效率
SRC-RAW-93CE55C0174278EDEF6C,PM2.5,POLLUTANT_PARAMETER_MISSING,燃烧方式其他不足以选取C.1—C.3参数；补齐炉型
SRC-RAW-93CE55C0174278EDEF6C,PM2.5,POLLUTANT_PARAMETER_MISSING,对应治理设施缺年度有效运行小时数，不能将平均效率直接当全年实际效率；补齐设施投运率；颗粒物需区分PM2.5和粗粒径效率
SRC-RAW-93CE55C0174278EDEF6C,BC,POLLUTANT_PARAMETER_MISSING,燃烧方式其他不足以选取C.1—C.3参数；补齐炉型
SRC-RAW-93CE55C0174278EDEF6C,BC,POLLUTANT_PARAMETER_MISSING,对应治理设施缺年度有效运行小时数，不能将平均效率直接当全年实际效率；补齐设施投运率；颗粒物需区分PM2.5和粗粒径效率
SRC-RAW-93CE55C0174278EDEF6C,OC,POLLUTANT_PARAMETER_MISSING,燃烧方式其他不足以选取C.1—C.3参数；补齐炉型
SRC-RAW-93CE55C0174278EDEF6C,OC,POLLUTANT_PARAMETER_MISSING,对应治理设施缺年度有效运行小时数，不能将平均效率直接当全年实际效率；补齐设施投运率；颗粒物需区分PM2.5和粗粒径效率
SRC-RAW-984B4A319E8A347890C6,SO2,SOURCE_RELATION_MISSING,GYGL仅为工业锅炉类别且企业有多台锅炉；补齐本锅炉与治理设施对应关系
SRC-RAW-984B4A319E8A347890C6,NOx,SOURCE_RELATION_MISSING,GYGL仅为工业锅炉类别且企业有多台锅炉；补齐本锅炉与治理设施对应关系
SRC-RAW-984B4A319E8A347890C6,PM10,SOURCE_RELATION_MISSING,GYGL仅为工业锅炉类别且企业有多台锅炉；补齐本锅炉与治理设施对应关系
SRC-RAW-984B4A319E8A347890C6,PM2.5,SOURCE_RELATION_MISSING,GYGL仅为工业锅炉类别且企业有多台锅炉；补齐本锅炉与治理设施对应关系
SRC-RAW-984B4A319E8A347890C6,BC,SOURCE_RELATION_MISSING,GYGL仅为工业锅炉类别且企业有多台锅炉；补齐本锅炉与治理设施对应关系
SRC-RAW-984B4A319E8A347890C6,NH3,SOURCE_RELATION_MISSING,工业锅炉类别脱硝设施对应多台锅炉；补齐设备—脱硝设施关系
SRC-RAW-984B4A319E8A347890C6,NH3,POLLUTANT_PARAMETER_MISSING,补齐脱硝SCR/SNCR工艺，表E.1按煤计的氨因子不能据设施名称选定
SRC-RAW-A4FDF150A128909BE0BD,SO2,SOURCE_RELATION_MISSING,GYGL仅为工业锅炉类别且企业有多台锅炉；补齐本锅炉与治理设施对应关系
SRC-RAW-A4FDF150A128909BE0BD,NOx,SOURCE_RELATION_MISSING,GYGL仅为工业锅炉类别且企业有多台锅炉；补齐本锅炉与治理设施对应关系
SRC-RAW-A4FDF150A128909BE0BD,PM10,SOURCE_RELATION_MISSING,GYGL仅为工业锅炉类别且企业有多台锅炉；补齐本锅炉与治理设施对应关系
SRC-RAW-A4FDF150A128909BE0BD,PM2.5,SOURCE_RELATION_MISSING,GYGL仅为工业锅炉类别且企业有多台锅炉；补齐本锅炉与治理设施对应关系
SRC-RAW-A4FDF150A128909BE0BD,BC,SOURCE_RELATION_MISSING,GYGL仅为工业锅炉类别且企业有多台锅炉；补齐本锅炉与治理设施对应关系
SRC-RAW-A4FDF150A128909BE0BD,NH3,SOURCE_RELATION_MISSING,工业锅炉类别脱硝设施对应多台锅炉；补齐设备—脱硝设施关系
SRC-RAW-A4FDF150A128909BE0BD,NH3,POLLUTANT_PARAMETER_MISSING,补齐脱硝SCR/SNCR工艺，表E.1按煤计的氨因子不能据设施名称选定
SRC-RAW-EAF214BF5CA49BFFD278,SO2,SOURCE_RELATION_MISSING,GYGL仅为工业锅炉类别且企业有多台锅炉；补齐本锅炉与治理设施对应关系
SRC-RAW-EAF214BF5CA49BFFD278,NOx,SOURCE_RELATION_MISSING,GYGL仅为工业锅炉类别且企业有多台锅炉；补齐本锅炉与治理设施对应关系
SRC-RAW-EAF214BF5CA49BFFD278,PM10,SOURCE_RELATION_MISSING,GYGL仅为工业锅炉类别且企业有多台锅炉；补齐本锅炉与治理设施对应关系
SRC-RAW-EAF214BF5CA49BFFD278,PM2.5,SOURCE_RELATION_MISSING,GYGL仅为工业锅炉类别且企业有多台锅炉；补齐本锅炉与治理设施对应关系
SRC-RAW-EAF214BF5CA49BFFD278,BC,SOURCE_RELATION_MISSING,GYGL仅为工业锅炉类别且企业有多台锅炉；补齐本锅炉与治理设施对应关系
SRC-RAW-EAF214BF5CA49BFFD278,NH3,SOURCE_RELATION_MISSING,工业锅炉类别脱硝设施对应多台锅炉；补齐设备—脱硝设施关系
SRC-RAW-EAF214BF5CA49BFFD278,NH3,POLLUTANT_PARAMETER_MISSING,补齐脱硝SCR/SNCR工艺，表E.1按煤计的氨因子不能据设施名称选定
SRC-RAW-8CA8D5C1B75AFE3065FA,SO2,SOURCE_RELATION_MISSING,GYGL仅为工业锅炉类别且企业有多台锅炉；补齐本锅炉与治理设施对应关系
SRC-RAW-8CA8D5C1B75AFE3065FA,PM10,SOURCE_RELATION_MISSING,GYGL仅为工业锅炉类别且企业有多台锅炉；补齐本锅炉与治理设施对应关系
SRC-RAW-8CA8D5C1B75AFE3065FA,PM2.5,SOURCE_RELATION_MISSING,GYGL仅为工业锅炉类别且企业有多台锅炉；补齐本锅炉与治理设施对应关系
SRC-RAW-8CA8D5C1B75AFE3065FA,BC,SOURCE_RELATION_MISSING,GYGL仅为工业锅炉类别且企业有多台锅炉；补齐本锅炉与治理设施对应关系
SRC-RAW-8CA8D5C1B75AFE3065FA,OC,SOURCE_RELATION_MISSING,GYGL仅为工业锅炉类别且企业有多台锅炉；补齐本锅炉与治理设施对应关系
SRC-RAW-25D8A18C654764C34610,SO2,SOURCE_RELATION_MISSING,GYGL仅为工业锅炉类别且企业有多台锅炉；补齐本锅炉与治理设施对应关系
SRC-RAW-25D8A18C654764C34610,PM10,SOURCE_RELATION_MISSING,GYGL仅为工业锅炉类别且企业有多台锅炉；补齐本锅炉与治理设施对应关系
SRC-RAW-25D8A18C654764C34610,PM2.5,SOURCE_RELATION_MISSING,GYGL仅为工业锅炉类别且企业有多台锅炉；补齐本锅炉与治理设施对应关系
SRC-RAW-25D8A18C654764C34610,BC,SOURCE_RELATION_MISSING,GYGL仅为工业锅炉类别且企业有多台锅炉；补齐本锅炉与治理设施对应关系
SRC-RAW-25D8A18C654764C34610,OC,SOURCE_RELATION_MISSING,GYGL仅为工业锅炉类别且企业有多台锅炉；补齐本锅炉与治理设施对应关系
SRC-RAW-9E00DEFF9856D58CA30C,NOx,SOURCE_RELATION_MISSING,GYGL仅为工业锅炉类别且企业有多台锅炉；补齐本锅炉与治理设施对应关系
SRC-RAW-9E00DEFF9856D58CA30C,PM10,SOURCE_RELATION_MISSING,GYGL仅为工业锅炉类别且企业有多台锅炉；补齐本锅炉与治理设施对应关系
SRC-RAW-9E00DEFF9856D58CA30C,PM2.5,SOURCE_RELATION_MISSING,GYGL仅为工业锅炉类别且企业有多台锅炉；补齐本锅炉与治理设施对应关系
SRC-RAW-9E00DEFF9856D58CA30C,BC,SOURCE_RELATION_MISSING,GYGL仅为工业锅炉类别且企业有多台锅炉；补齐本锅炉与治理设施对应关系
SRC-RAW-9E00DEFF9856D58CA30C,OC,SOURCE_RELATION_MISSING,GYGL仅为工业锅炉类别且企业有多台锅炉；补齐本锅炉与治理设施对应关系
SRC-RAW-9E00DEFF9856D58CA30C,NH3,SOURCE_RELATION_MISSING,工业锅炉类别脱硝设施对应多台锅炉；补齐设备—脱硝设施关系
SRC-RAW-9E00DEFF9856D58CA30C,NH3,POLLUTANT_PARAMETER_MISSING,补齐脱硝SCR/SNCR工艺，表E.1按煤计的氨因子不能据设施名称选定
SRC-RAW-9E00DEFF9856D58CA30C,NH3,factor_not_applicable,表E.1氨因子分母为煤，当前燃料润滑油不具备可直接使用的氨因子；提供适用因子或实测氨排放
SRC-RAW-07E50F92385E3D48CD87,NOx,SOURCE_RELATION_MISSING,GYGL仅为工业锅炉类别且企业有多台锅炉；补齐本锅炉与治理设施对应关系
SRC-RAW-07E50F92385E3D48CD87,PM10,SOURCE_RELATION_MISSING,GYGL仅为工业锅炉类别且企业有多台锅炉；补齐本锅炉与治理设施对应关系
SRC-RAW-07E50F92385E3D48CD87,PM2.5,SOURCE_RELATION_MISSING,GYGL仅为工业锅炉类别且企业有多台锅炉；补齐本锅炉与治理设施对应关系
SRC-RAW-07E50F92385E3D48CD87,NH3,SOURCE_RELATION_MISSING,工业锅炉类别脱硝设施对应多台锅炉；补齐设备—脱硝设施关系
SRC-RAW-07E50F92385E3D48CD87,NH3,POLLUTANT_PARAMETER_MISSING,补齐脱硝SCR/SNCR工艺，表E.1按煤计的氨因子不能据设施名称选定
SRC-RAW-07E50F92385E3D48CD87,NH3,factor_not_applicable,表E.1氨因子分母为煤，当前燃料天然气不具备可直接使用的氨因子；提供适用因子或实测氨排放
SRC-RAW-52C53DF1FFA5D30C5AB0,NOx,POLLUTANT_PARAMETER_MISSING,燃烧方式其他层燃炉不足以选取E.7的CO/NOx/VOC系数；确认手动或自动炉排
SRC-RAW-52C53DF1FFA5D30C5AB0,CO,POLLUTANT_PARAMETER_MISSING,燃烧方式其他层燃炉不足以选取E.7的CO/NOx/VOC系数；确认手动或自动炉排
SRC-RAW-52C53DF1FFA5D30C5AB0,VOC,POLLUTANT_PARAMETER_MISSING,燃烧方式其他层燃炉不足以选取E.7的CO/NOx/VOC系数；确认手动或自动炉排
SRC-RAW-F54508C12F21486E099E,NOx,POLLUTANT_PARAMETER_MISSING,燃烧方式其他层燃炉不足以选取E.7的CO/NOx/VOC系数；确认手动或自动炉排
SRC-RAW-F54508C12F21486E099E,CO,POLLUTANT_PARAMETER_MISSING,燃烧方式其他层燃炉不足以选取E.7的CO/NOx/VOC系数；确认手动或自动炉排
SRC-RAW-F54508C12F21486E099E,VOC,POLLUTANT_PARAMETER_MISSING,燃烧方式其他层燃炉不足以选取E.7的CO/NOx/VOC系数；确认手动或自动炉排
SRC-RAW-06769CDAB42CB73FDF17,NOx,POLLUTANT_PARAMETER_MISSING,燃烧方式抛煤机炉不足以选取E.7的CO/NOx/VOC系数；确认手动或自动炉排
SRC-RAW-06769CDAB42CB73FDF17,CO,POLLUTANT_PARAMETER_MISSING,燃烧方式抛煤机炉不足以选取E.7的CO/NOx/VOC系数；确认手动或自动炉排
SRC-RAW-06769CDAB42CB73FDF17,VOC,POLLUTANT_PARAMETER_MISSING,燃烧方式抛煤机炉不足以选取E.7的CO/NOx/VOC系数；确认手动或自动炉排
SRC-RAW-FBC6A863EC966C6D4697,PM10,POLLUTANT_PARAMETER_MISSING,对应治理设施缺年度有效运行小时数，不能将平均效率直接当全年实际效率；补齐设施投运率；颗粒物需区分PM2.5和粗粒径效率
SRC-RAW-FBC6A863EC966C6D4697,PM2.5,POLLUTANT_PARAMETER_MISSING,对应治理设施缺年度有效运行小时数，不能将平均效率直接当全年实际效率；补齐设施投运率；颗粒物需区分PM2.5和粗粒径效率
SRC-RAW-FBC6A863EC966C6D4697,BC,POLLUTANT_PARAMETER_MISSING,对应治理设施缺年度有效运行小时数，不能将平均效率直接当全年实际效率；补齐设施投运率；颗粒物需区分PM2.5和粗粒径效率
SRC-RAW-FBC6A863EC966C6D4697,OC,POLLUTANT_PARAMETER_MISSING,对应治理设施缺年度有效运行小时数，不能将平均效率直接当全年实际效率；补齐设施投运率；颗粒物需区分PM2.5和粗粒径效率
SRC-RAW-42923CF3A707087450FB,SO2,POLLUTANT_PARAMETER_MISSING,治理工艺及去除效率缺失；补齐后按A.1选取
SRC-RAW-42923CF3A707087450FB,SO2,POLLUTANT_PARAMETER_MISSING,对应治理设施缺年度有效运行小时数，不能将平均效率直接当全年实际效率；补齐设施投运率；颗粒物需区分PM2.5和粗粒径效率
SRC-RAW-42923CF3A707087450FB,PM10,POLLUTANT_PARAMETER_MISSING,治理工艺及去除效率缺失；补齐后按A.1选取
SRC-RAW-42923CF3A707087450FB,PM10,POLLUTANT_PARAMETER_MISSING,对应治理设施缺年度有效运行小时数，不能将平均效率直接当全年实际效率；补齐设施投运率；颗粒物需区分PM2.5和粗粒径效率
SRC-RAW-42923CF3A707087450FB,PM2.5,POLLUTANT_PARAMETER_MISSING,治理工艺及去除效率缺失；补齐后按A.1选取
SRC-RAW-42923CF3A707087450FB,PM2.5,POLLUTANT_PARAMETER_MISSING,对应治理设施缺年度有效运行小时数，不能将平均效率直接当全年实际效率；补齐设施投运率；颗粒物需区分PM2.5和粗粒径效率
SRC-RAW-42923CF3A707087450FB,BC,POLLUTANT_PARAMETER_MISSING,治理工艺及去除效率缺失；补齐后按A.1选取
SRC-RAW-42923CF3A707087450FB,BC,POLLUTANT_PARAMETER_MISSING,对应治理设施缺年度有效运行小时数，不能将平均效率直接当全年实际效率；补齐设施投运率；颗粒物需区分PM2.5和粗粒径效率
SRC-RAW-42923CF3A707087450FB,OC,POLLUTANT_PARAMETER_MISSING,治理工艺及去除效率缺失；补齐后按A.1选取
SRC-RAW-42923CF3A707087450FB,OC,POLLUTANT_PARAMETER_MISSING,对应治理设施缺年度有效运行小时数，不能将平均效率直接当全年实际效率；补齐设施投运率；颗粒物需区分PM2.5和粗粒径效率
SRC-RAW-FEB0007E12B4A01FF338,NOx,POLLUTANT_PARAMETER_MISSING,对应治理设施缺年度有效运行小时数，不能将平均效率直接当全年实际效率；补齐设施投运率；颗粒物需区分PM2.5和粗粒径效率
SRC-RAW-FEB0007E12B4A01FF338,PM10,POLLUTANT_PARAMETER_MISSING,对应治理设施缺年度有效运行小时数，不能将平均效率直接当全年实际效率；补齐设施投运率；颗粒物需区分PM2.5和粗粒径效率
SRC-RAW-FEB0007E12B4A01FF338,PM2.5,POLLUTANT_PARAMETER_MISSING,对应治理设施缺年度有效运行小时数，不能将平均效率直接当全年实际效率；补齐设施投运率；颗粒物需区分PM2.5和粗粒径效率
SRC-RAW-FEB0007E12B4A01FF338,NH3,POLLUTANT_PARAMETER_MISSING,补齐脱硝SCR/SNCR工艺，表E.1按煤计的氨因子不能据设施名称选定
SRC-RAW-FEB0007E12B4A01FF338,NH3,factor_not_applicable,表E.1氨因子分母为煤，当前燃料天然气不具备可直接使用的氨因子；提供适用因子或实测氨排放
SRC-RAW-5EB7A3720C0B46FC9769,NOx,SOURCE_RELATION_MISSING,GYGL仅为工业锅炉类别且企业有多台锅炉；补齐本锅炉与治理设施对应关系
SRC-RAW-5EB7A3720C0B46FC9769,PM10,SOURCE_RELATION_MISSING,GYGL仅为工业锅炉类别且企业有多台锅炉；补齐本锅炉与治理设施对应关系
SRC-RAW-5EB7A3720C0B46FC9769,PM2.5,SOURCE_RELATION_MISSING,GYGL仅为工业锅炉类别且企业有多台锅炉；补齐本锅炉与治理设施对应关系
SRC-RAW-5EB7A3720C0B46FC9769,NH3,SOURCE_RELATION_MISSING,工业锅炉类别脱硝设施对应多台锅炉；补齐设备—脱硝设施关系
SRC-RAW-5EB7A3720C0B46FC9769,NH3,POLLUTANT_PARAMETER_MISSING,补齐脱硝SCR/SNCR工艺，表E.1按煤计的氨因子不能据设施名称选定
SRC-RAW-5EB7A3720C0B46FC9769,NH3,factor_not_applicable,表E.1氨因子分母为煤，当前燃料天然气不具备可直接使用的氨因子；提供适用因子或实测氨排放
SRC-RAW-EAAB377964C8A7EDD5A8,SO2,ACTIVITY_MISSING,其他燃料仅有标准煤总量，缺实物燃料分项及用量；补齐后汇总
SRC-RAW-EAAB377964C8A7EDD5A8,SO2,POLLUTANT_PARAMETER_MISSING,治理工艺及去除效率缺失；补齐后按A.1选取
SRC-RAW-EAAB377964C8A7EDD5A8,SO2,POLLUTANT_PARAMETER_MISSING,对应治理设施缺年度有效运行小时数，不能将平均效率直接当全年实际效率；补齐设施投运率；颗粒物需区分PM2.5和粗粒径效率
SRC-RAW-EAAB377964C8A7EDD5A8,NOx,ACTIVITY_MISSING,其他燃料仅有标准煤总量，缺实物燃料分项及用量；补齐后汇总
SRC-RAW-EAAB377964C8A7EDD5A8,NOx,POLLUTANT_PARAMETER_MISSING,治理工艺及去除效率缺失；补齐后按A.1选取
SRC-RAW-EAAB377964C8A7EDD5A8,NOx,POLLUTANT_PARAMETER_MISSING,对应治理设施缺年度有效运行小时数，不能将平均效率直接当全年实际效率；补齐设施投运率；颗粒物需区分PM2.5和粗粒径效率
SRC-RAW-EAAB377964C8A7EDD5A8,CO,ACTIVITY_MISSING,其他燃料仅有标准煤总量，缺实物燃料分项及用量；补齐后汇总
SRC-RAW-EAAB377964C8A7EDD5A8,VOC,ACTIVITY_MISSING,其他燃料仅有标准煤总量，缺实物燃料分项及用量；补齐后汇总
SRC-RAW-EAAB377964C8A7EDD5A8,PM10,ACTIVITY_MISSING,其他燃料仅有标准煤总量，缺实物燃料分项及用量；补齐后汇总
SRC-RAW-EAAB377964C8A7EDD5A8,PM10,POLLUTANT_PARAMETER_MISSING,治理工艺及去除效率缺失；补齐后按A.1选取
SRC-RAW-EAAB377964C8A7EDD5A8,PM10,POLLUTANT_PARAMETER_MISSING,对应治理设施缺年度有效运行小时数，不能将平均效率直接当全年实际效率；补齐设施投运率；颗粒物需区分PM2.5和粗粒径效率
SRC-RAW-EAAB377964C8A7EDD5A8,PM2.5,ACTIVITY_MISSING,其他燃料仅有标准煤总量，缺实物燃料分项及用量；补齐后汇总
SRC-RAW-EAAB377964C8A7EDD5A8,PM2.5,POLLUTANT_PARAMETER_MISSING,治理工艺及去除效率缺失；补齐后按A.1选取
SRC-RAW-EAAB377964C8A7EDD5A8,PM2.5,POLLUTANT_PARAMETER_MISSING,对应治理设施缺年度有效运行小时数，不能将平均效率直接当全年实际效率；补齐设施投运率；颗粒物需区分PM2.5和粗粒径效率
SRC-RAW-EAAB377964C8A7EDD5A8,BC,ACTIVITY_MISSING,其他燃料仅有标准煤总量，缺实物燃料分项及用量；补齐后汇总
SRC-RAW-EAAB377964C8A7EDD5A8,BC,POLLUTANT_PARAMETER_MISSING,治理工艺及去除效率缺失；补齐后按A.1选取
SRC-RAW-EAAB377964C8A7EDD5A8,BC,POLLUTANT_PARAMETER_MISSING,对应治理设施缺年度有效运行小时数，不能将平均效率直接当全年实际效率；补齐设施投运率；颗粒物需区分PM2.5和粗粒径效率
SRC-RAW-EAAB377964C8A7EDD5A8,OC,ACTIVITY_MISSING,其他燃料仅有标准煤总量，缺实物燃料分项及用量；补齐后汇总
SRC-RAW-EAAB377964C8A7EDD5A8,OC,POLLUTANT_PARAMETER_MISSING,治理工艺及去除效率缺失；补齐后按A.1选取
SRC-RAW-EAAB377964C8A7EDD5A8,OC,POLLUTANT_PARAMETER_MISSING,对应治理设施缺年度有效运行小时数，不能将平均效率直接当全年实际效率；补齐设施投运率；颗粒物需区分PM2.5和粗粒径效率
SRC-RAW-EAAB377964C8A7EDD5A8,NH3,POLLUTANT_PARAMETER_MISSING,补齐脱硝SCR/SNCR工艺，表E.1按煤计的氨因子不能据设施名称选定
SRC-RAW-EAAB377964C8A7EDD5A8,NH3,factor_not_applicable,表E.1氨因子分母为煤，当前燃料天然气不具备可直接使用的氨因子；提供适用因子或实测氨排放
SRC-RAW-EAAB377964C8A7EDD5A8,NH3,factor_not_applicable,表E.1氨因子分母为煤，当前燃料炼厂干气不具备可直接使用的氨因子；提供适用因子或实测氨排放
SRC-RAW-EAAB377964C8A7EDD5A8,NH3,ACTIVITY_MISSING,其他燃料仅有标准煤总量，缺实物燃料分项及用量；补齐后汇总
SRC-RAW-A5106E72289E47884877,NOx,POLLUTANT_PARAMETER_MISSING,燃烧方式其他层燃炉不足以选取E.7的CO/NOx/VOC系数；确认手动或自动炉排
SRC-RAW-A5106E72289E47884877,CO,POLLUTANT_PARAMETER_MISSING,燃烧方式其他层燃炉不足以选取E.7的CO/NOx/VOC系数；确认手动或自动炉排
SRC-RAW-A5106E72289E47884877,VOC,POLLUTANT_PARAMETER_MISSING,燃烧方式其他层燃炉不足以选取E.7的CO/NOx/VOC系数；确认手动或自动炉排
SRC-RAW-5A761855DA7B395F8DD6,NOx,POLLUTANT_PARAMETER_MISSING,燃烧方式抛煤机炉不足以选取E.7的CO/NOx/VOC系数；确认手动或自动炉排
SRC-RAW-5A761855DA7B395F8DD6,CO,POLLUTANT_PARAMETER_MISSING,燃烧方式抛煤机炉不足以选取E.7的CO/NOx/VOC系数；确认手动或自动炉排
SRC-RAW-5A761855DA7B395F8DD6,VOC,POLLUTANT_PARAMETER_MISSING,燃烧方式抛煤机炉不足以选取E.7的CO/NOx/VOC系数；确认手动或自动炉排
SRC-RAW-EC144274C8A58138D692,SO2,activity_unit_unresolved,燃料一单位吨标准煤与因子分母t不一致；补原燃料实物量或有依据的换算关系
SRC-RAW-EC144274C8A58138D692,NOx,activity_unit_unresolved,燃料一单位吨标准煤与因子分母t不一致；补原燃料实物量或有依据的换算关系
SRC-RAW-EC144274C8A58138D692,NOx,POLLUTANT_PARAMETER_MISSING,燃烧方式层燃炉不足以选取E.7的CO/NOx/VOC系数；确认手动或自动炉排
SRC-RAW-EC144274C8A58138D692,CO,activity_unit_unresolved,燃料一单位吨标准煤与因子分母t不一致；补原燃料实物量或有依据的换算关系
SRC-RAW-EC144274C8A58138D692,CO,POLLUTANT_PARAMETER_MISSING,燃烧方式层燃炉不足以选取E.7的CO/NOx/VOC系数；确认手动或自动炉排
SRC-RAW-EC144274C8A58138D692,VOC,activity_unit_unresolved,燃料一单位吨标准煤与因子分母t不一致；补原燃料实物量或有依据的换算关系
SRC-RAW-EC144274C8A58138D692,VOC,POLLUTANT_PARAMETER_MISSING,燃烧方式层燃炉不足以选取E.7的CO/NOx/VOC系数；确认手动或自动炉排
SRC-RAW-EC144274C8A58138D692,PM10,activity_unit_unresolved,燃料一单位吨标准煤与因子分母t不一致；补原燃料实物量或有依据的换算关系
SRC-RAW-EC144274C8A58138D692,PM10,POLLUTANT_PARAMETER_MISSING,治理工艺及去除效率缺失；补齐后按A.1选取
SRC-RAW-EC144274C8A58138D692,PM10,POLLUTANT_PARAMETER_MISSING,对应治理设施缺年度有效运行小时数，不能将平均效率直接当全年实际效率；补齐设施投运率；颗粒物需区分PM2.5和粗粒径效率
SRC-RAW-EC144274C8A58138D692,PM2.5,activity_unit_unresolved,燃料一单位吨标准煤与因子分母t不一致；补原燃料实物量或有依据的换算关系
SRC-RAW-EC144274C8A58138D692,PM2.5,POLLUTANT_PARAMETER_MISSING,治理工艺及去除效率缺失；补齐后按A.1选取
SRC-RAW-EC144274C8A58138D692,PM2.5,POLLUTANT_PARAMETER_MISSING,对应治理设施缺年度有效运行小时数，不能将平均效率直接当全年实际效率；补齐设施投运率；颗粒物需区分PM2.5和粗粒径效率
SRC-RAW-EC144274C8A58138D692,BC,activity_unit_unresolved,燃料一单位吨标准煤与因子分母t不一致；补原燃料实物量或有依据的换算关系
SRC-RAW-EC144274C8A58138D692,BC,POLLUTANT_PARAMETER_MISSING,治理工艺及去除效率缺失；补齐后按A.1选取
SRC-RAW-EC144274C8A58138D692,BC,POLLUTANT_PARAMETER_MISSING,对应治理设施缺年度有效运行小时数，不能将平均效率直接当全年实际效率；补齐设施投运率；颗粒物需区分PM2.5和粗粒径效率
SRC-RAW-EC144274C8A58138D692,OC,activity_unit_unresolved,燃料一单位吨标准煤与因子分母t不一致；补原燃料实物量或有依据的换算关系
SRC-RAW-EC144274C8A58138D692,OC,POLLUTANT_PARAMETER_MISSING,治理工艺及去除效率缺失；补齐后按A.1选取
SRC-RAW-EC144274C8A58138D692,OC,POLLUTANT_PARAMETER_MISSING,对应治理设施缺年度有效运行小时数，不能将平均效率直接当全年实际效率；补齐设施投运率；颗粒物需区分PM2.5和粗粒径效率
SRC-RAW-5A526F8A9AD83B1B7462,NOx,SOURCE_RELATION_MISSING,GYGL仅为工业锅炉类别且企业有多台锅炉；补齐本锅炉与治理设施对应关系
SRC-RAW-5A526F8A9AD83B1B7462,PM10,SOURCE_RELATION_MISSING,GYGL仅为工业锅炉类别且企业有多台锅炉；补齐本锅炉与治理设施对应关系
SRC-RAW-5A526F8A9AD83B1B7462,PM2.5,SOURCE_RELATION_MISSING,GYGL仅为工业锅炉类别且企业有多台锅炉；补齐本锅炉与治理设施对应关系
SRC-RAW-5A526F8A9AD83B1B7462,NH3,SOURCE_RELATION_MISSING,工业锅炉类别脱硝设施对应多台锅炉；补齐设备—脱硝设施关系
SRC-RAW-5A526F8A9AD83B1B7462,NH3,POLLUTANT_PARAMETER_MISSING,补齐脱硝SCR/SNCR工艺，表E.1按煤计的氨因子不能据设施名称选定
SRC-RAW-5A526F8A9AD83B1B7462,NH3,factor_not_applicable,表E.1氨因子分母为煤，当前燃料天然气不具备可直接使用的氨因子；提供适用因子或实测氨排放
SRC-RAW-686979DD53CD036E7B50,NOx,SOURCE_RELATION_MISSING,GYGL仅为工业锅炉类别且企业有多台锅炉；补齐本锅炉与治理设施对应关系
SRC-RAW-686979DD53CD036E7B50,PM10,SOURCE_RELATION_MISSING,GYGL仅为工业锅炉类别且企业有多台锅炉；补齐本锅炉与治理设施对应关系
SRC-RAW-686979DD53CD036E7B50,PM2.5,SOURCE_RELATION_MISSING,GYGL仅为工业锅炉类别且企业有多台锅炉；补齐本锅炉与治理设施对应关系
SRC-RAW-686979DD53CD036E7B50,NH3,SOURCE_RELATION_MISSING,工业锅炉类别脱硝设施对应多台锅炉；补齐设备—脱硝设施关系
SRC-RAW-686979DD53CD036E7B50,NH3,POLLUTANT_PARAMETER_MISSING,补齐脱硝SCR/SNCR工艺，表E.1按煤计的氨因子不能据设施名称选定
SRC-RAW-686979DD53CD036E7B50,NH3,factor_not_applicable,表E.1氨因子分母为煤，当前燃料天然气不具备可直接使用的氨因子；提供适用因子或实测氨排放
SRC-RAW-A0F34B0B9824238CA1B7,NOx,SOURCE_RELATION_MISSING,GYGL仅为工业锅炉类别且企业有多台锅炉；补齐本锅炉与治理设施对应关系
SRC-RAW-A0F34B0B9824238CA1B7,PM10,SOURCE_RELATION_MISSING,GYGL仅为工业锅炉类别且企业有多台锅炉；补齐本锅炉与治理设施对应关系
SRC-RAW-A0F34B0B9824238CA1B7,PM2.5,SOURCE_RELATION_MISSING,GYGL仅为工业锅炉类别且企业有多台锅炉；补齐本锅炉与治理设施对应关系
SRC-RAW-A0F34B0B9824238CA1B7,NH3,SOURCE_RELATION_MISSING,工业锅炉类别脱硝设施对应多台锅炉；补齐设备—脱硝设施关系
SRC-RAW-A0F34B0B9824238CA1B7,NH3,POLLUTANT_PARAMETER_MISSING,补齐脱硝SCR/SNCR工艺，表E.1按煤计的氨因子不能据设施名称选定
SRC-RAW-A0F34B0B9824238CA1B7,NH3,factor_not_applicable,表E.1氨因子分母为煤，当前燃料天然气不具备可直接使用的氨因子；提供适用因子或实测氨排放
SRC-RAW-DFDF3C845423612DD675,NOx,SOURCE_RELATION_MISSING,GYGL仅为工业锅炉类别且企业有多台锅炉；补齐本锅炉与治理设施对应关系
SRC-RAW-DFDF3C845423612DD675,PM10,SOURCE_RELATION_MISSING,GYGL仅为工业锅炉类别且企业有多台锅炉；补齐本锅炉与治理设施对应关系
SRC-RAW-DFDF3C845423612DD675,PM2.5,SOURCE_RELATION_MISSING,GYGL仅为工业锅炉类别且企业有多台锅炉；补齐本锅炉与治理设施对应关系
SRC-RAW-DFDF3C845423612DD675,NH3,SOURCE_RELATION_MISSING,工业锅炉类别脱硝设施对应多台锅炉；补齐设备—脱硝设施关系
SRC-RAW-DFDF3C845423612DD675,NH3,POLLUTANT_PARAMETER_MISSING,补齐脱硝SCR/SNCR工艺，表E.1按煤计的氨因子不能据设施名称选定
SRC-RAW-DFDF3C845423612DD675,NH3,factor_not_applicable,表E.1氨因子分母为煤，当前燃料天然气不具备可直接使用的氨因子；提供适用因子或实测氨排放
SRC-RAW-715D3D448989F1B05A62,PM10,POLLUTANT_PARAMETER_MISSING,治理工艺及去除效率缺失；补齐后按A.1选取
SRC-RAW-715D3D448989F1B05A62,PM10,POLLUTANT_PARAMETER_MISSING,对应治理设施缺年度有效运行小时数，不能将平均效率直接当全年实际效率；补齐设施投运率；颗粒物需区分PM2.5和粗粒径效率
SRC-RAW-715D3D448989F1B05A62,PM2.5,POLLUTANT_PARAMETER_MISSING,治理工艺及去除效率缺失；补齐后按A.1选取
SRC-RAW-715D3D448989F1B05A62,PM2.5,POLLUTANT_PARAMETER_MISSING,对应治理设施缺年度有效运行小时数，不能将平均效率直接当全年实际效率；补齐设施投运率；颗粒物需区分PM2.5和粗粒径效率
SRC-RAW-DF3CE57B55115534424B,PM10,POLLUTANT_PARAMETER_MISSING,治理工艺及去除效率缺失；补齐后按A.1选取
SRC-RAW-DF3CE57B55115534424B,PM10,POLLUTANT_PARAMETER_MISSING,对应治理设施缺年度有效运行小时数，不能将平均效率直接当全年实际效率；补齐设施投运率；颗粒物需区分PM2.5和粗粒径效率
SRC-RAW-DF3CE57B55115534424B,PM2.5,POLLUTANT_PARAMETER_MISSING,治理工艺及去除效率缺失；补齐后按A.1选取
SRC-RAW-DF3CE57B55115534424B,PM2.5,POLLUTANT_PARAMETER_MISSING,对应治理设施缺年度有效运行小时数，不能将平均效率直接当全年实际效率；补齐设施投运率；颗粒物需区分PM2.5和粗粒径效率
SRC-RAW-E87B40EB8AA6CC19949E,SO2,POLLUTANT_PARAMETER_MISSING,对应治理设施缺年度有效运行小时数，不能将平均效率直接当全年实际效率；补齐设施投运率；颗粒物需区分PM2.5和粗粒径效率
SRC-RAW-E87B40EB8AA6CC19949E,NOx,POLLUTANT_PARAMETER_MISSING,对应治理设施缺年度有效运行小时数，不能将平均效率直接当全年实际效率；补齐设施投运率；颗粒物需区分PM2.5和粗粒径效率
SRC-RAW-E87B40EB8AA6CC19949E,PM10,POLLUTANT_PARAMETER_MISSING,对应治理设施缺年度有效运行小时数，不能将平均效率直接当全年实际效率；补齐设施投运率；颗粒物需区分PM2.5和粗粒径效率
SRC-RAW-E87B40EB8AA6CC19949E,PM2.5,POLLUTANT_PARAMETER_MISSING,对应治理设施缺年度有效运行小时数，不能将平均效率直接当全年实际效率；补齐设施投运率；颗粒物需区分PM2.5和粗粒径效率
SRC-RAW-E87B40EB8AA6CC19949E,BC,POLLUTANT_PARAMETER_MISSING,对应治理设施缺年度有效运行小时数，不能将平均效率直接当全年实际效率；补齐设施投运率；颗粒物需区分PM2.5和粗粒径效率
SRC-RAW-24E2C8F85D041A7DDEA0,PM10,SOURCE_RELATION_MISSING,GYGL仅为工业锅炉类别且企业有多台锅炉；补齐本锅炉与治理设施对应关系
SRC-RAW-24E2C8F85D041A7DDEA0,PM2.5,SOURCE_RELATION_MISSING,GYGL仅为工业锅炉类别且企业有多台锅炉；补齐本锅炉与治理设施对应关系
SRC-RAW-24E2C8F85D041A7DDEA0,BC,SOURCE_RELATION_MISSING,GYGL仅为工业锅炉类别且企业有多台锅炉；补齐本锅炉与治理设施对应关系
SRC-RAW-24E2C8F85D041A7DDEA0,OC,SOURCE_RELATION_MISSING,GYGL仅为工业锅炉类别且企业有多台锅炉；补齐本锅炉与治理设施对应关系
SRC-RAW-31030AC90D8DCCD013B0,PM10,POLLUTANT_PARAMETER_MISSING,治理工艺及去除效率缺失；补齐后按A.1选取
SRC-RAW-31030AC90D8DCCD013B0,PM10,POLLUTANT_PARAMETER_MISSING,对应治理设施缺年度有效运行小时数，不能将平均效率直接当全年实际效率；补齐设施投运率；颗粒物需区分PM2.5和粗粒径效率
SRC-RAW-31030AC90D8DCCD013B0,PM2.5,POLLUTANT_PARAMETER_MISSING,治理工艺及去除效率缺失；补齐后按A.1选取
SRC-RAW-31030AC90D8DCCD013B0,PM2.5,POLLUTANT_PARAMETER_MISSING,对应治理设施缺年度有效运行小时数，不能将平均效率直接当全年实际效率；补齐设施投运率；颗粒物需区分PM2.5和粗粒径效率
SRC-RAW-31030AC90D8DCCD013B0,BC,POLLUTANT_PARAMETER_MISSING,治理工艺及去除效率缺失；补齐后按A.1选取
SRC-RAW-31030AC90D8DCCD013B0,BC,POLLUTANT_PARAMETER_MISSING,对应治理设施缺年度有效运行小时数，不能将平均效率直接当全年实际效率；补齐设施投运率；颗粒物需区分PM2.5和粗粒径效率
SRC-RAW-31030AC90D8DCCD013B0,OC,POLLUTANT_PARAMETER_MISSING,治理工艺及去除效率缺失；补齐后按A.1选取
SRC-RAW-31030AC90D8DCCD013B0,OC,POLLUTANT_PARAMETER_MISSING,对应治理设施缺年度有效运行小时数，不能将平均效率直接当全年实际效率；补齐设施投运率；颗粒物需区分PM2.5和粗粒径效率
SRC-RAW-6A05B76DDB1798728B5E,NOx,SOURCE_RELATION_MISSING,GYGL仅为工业锅炉类别且企业有多台锅炉；补齐本锅炉与治理设施对应关系
SRC-RAW-6A05B76DDB1798728B5E,PM10,SOURCE_RELATION_MISSING,GYGL仅为工业锅炉类别且企业有多台锅炉；补齐本锅炉与治理设施对应关系
SRC-RAW-6A05B76DDB1798728B5E,PM2.5,SOURCE_RELATION_MISSING,GYGL仅为工业锅炉类别且企业有多台锅炉；补齐本锅炉与治理设施对应关系
SRC-RAW-6A05B76DDB1798728B5E,BC,SOURCE_RELATION_MISSING,GYGL仅为工业锅炉类别且企业有多台锅炉；补齐本锅炉与治理设施对应关系
SRC-RAW-6A05B76DDB1798728B5E,OC,SOURCE_RELATION_MISSING,GYGL仅为工业锅炉类别且企业有多台锅炉；补齐本锅炉与治理设施对应关系
SRC-RAW-6A05B76DDB1798728B5E,NH3,SOURCE_RELATION_MISSING,工业锅炉类别脱硝设施对应多台锅炉；补齐设备—脱硝设施关系
SRC-RAW-6A05B76DDB1798728B5E,NH3,POLLUTANT_PARAMETER_MISSING,补齐脱硝SCR/SNCR工艺，表E.1按煤计的氨因子不能据设施名称选定
SRC-RAW-6A05B76DDB1798728B5E,NH3,factor_not_applicable,表E.1氨因子分母为煤，当前燃料液化石油气不具备可直接使用的氨因子；提供适用因子或实测氨排放
SRC-RAW-31F6076EAB35AFB04D4C,SO2,factor_not_applicable,表E.7及相关附录无当前燃料煤矸石(用于燃料)的可直接适用工业锅炉因子；提供适用因子，不能借用电力或生活部门
SRC-RAW-31F6076EAB35AFB04D4C,NOx,factor_not_applicable,表E.7及相关附录无当前燃料煤矸石(用于燃料)的可直接适用工业锅炉因子；提供适用因子，不能借用电力或生活部门
SRC-RAW-31F6076EAB35AFB04D4C,CO,factor_not_applicable,表E.7及相关附录无当前燃料煤矸石(用于燃料)的可直接适用工业锅炉因子；提供适用因子，不能借用电力或生活部门
SRC-RAW-31F6076EAB35AFB04D4C,VOC,factor_not_applicable,表E.7及相关附录无当前燃料煤矸石(用于燃料)的可直接适用工业锅炉因子；提供适用因子，不能借用电力或生活部门
SRC-RAW-31F6076EAB35AFB04D4C,PM10,factor_not_applicable,表E.7及相关附录无当前燃料煤矸石(用于燃料)的可直接适用工业锅炉因子；提供适用因子，不能借用电力或生活部门
SRC-RAW-31F6076EAB35AFB04D4C,PM2.5,factor_not_applicable,表E.7及相关附录无当前燃料煤矸石(用于燃料)的可直接适用工业锅炉因子；提供适用因子，不能借用电力或生活部门
SRC-RAW-31F6076EAB35AFB04D4C,BC,factor_not_applicable,表E.7及相关附录无当前燃料煤矸石(用于燃料)的可直接适用工业锅炉因子；提供适用因子，不能借用电力或生活部门
SRC-RAW-31F6076EAB35AFB04D4C,OC,factor_not_applicable,表E.7及相关附录无当前燃料煤矸石(用于燃料)的可直接适用工业锅炉因子；提供适用因子，不能借用电力或生活部门
SRC-RAW-B52DA8171CFBF38950BF,SO2,activity_unit_unresolved,燃料一单位吨标准煤与因子分母t不一致；补原燃料实物量或有依据的换算关系
SRC-RAW-B52DA8171CFBF38950BF,SO2,SOURCE_RELATION_MISSING,GYGL仅为工业锅炉类别且企业有多台锅炉；补齐本锅炉与治理设施对应关系
SRC-RAW-B52DA8171CFBF38950BF,NOx,activity_unit_unresolved,燃料一单位吨标准煤与因子分母t不一致；补原燃料实物量或有依据的换算关系
SRC-RAW-B52DA8171CFBF38950BF,NOx,SOURCE_RELATION_MISSING,GYGL仅为工业锅炉类别且企业有多台锅炉；补齐本锅炉与治理设施对应关系
SRC-RAW-B52DA8171CFBF38950BF,CO,activity_unit_unresolved,燃料一单位吨标准煤与因子分母t不一致；补原燃料实物量或有依据的换算关系
SRC-RAW-B52DA8171CFBF38950BF,VOC,activity_unit_unresolved,燃料一单位吨标准煤与因子分母t不一致；补原燃料实物量或有依据的换算关系
SRC-RAW-B52DA8171CFBF38950BF,PM10,activity_unit_unresolved,燃料一单位吨标准煤与因子分母t不一致；补原燃料实物量或有依据的换算关系
SRC-RAW-B52DA8171CFBF38950BF,PM10,SOURCE_RELATION_MISSING,GYGL仅为工业锅炉类别且企业有多台锅炉；补齐本锅炉与治理设施对应关系
SRC-RAW-B52DA8171CFBF38950BF,PM2.5,activity_unit_unresolved,燃料一单位吨标准煤与因子分母t不一致；补原燃料实物量或有依据的换算关系
SRC-RAW-B52DA8171CFBF38950BF,PM2.5,SOURCE_RELATION_MISSING,GYGL仅为工业锅炉类别且企业有多台锅炉；补齐本锅炉与治理设施对应关系
SRC-RAW-B52DA8171CFBF38950BF,BC,activity_unit_unresolved,燃料一单位吨标准煤与因子分母t不一致；补原燃料实物量或有依据的换算关系
SRC-RAW-B52DA8171CFBF38950BF,BC,SOURCE_RELATION_MISSING,GYGL仅为工业锅炉类别且企业有多台锅炉；补齐本锅炉与治理设施对应关系
SRC-RAW-B52DA8171CFBF38950BF,OC,activity_unit_unresolved,燃料一单位吨标准煤与因子分母t不一致；补原燃料实物量或有依据的换算关系
SRC-RAW-B52DA8171CFBF38950BF,OC,SOURCE_RELATION_MISSING,GYGL仅为工业锅炉类别且企业有多台锅炉；补齐本锅炉与治理设施对应关系
SRC-RAW-B52DA8171CFBF38950BF,NH3,SOURCE_RELATION_MISSING,工业锅炉类别脱硝设施对应多台锅炉；补齐设备—脱硝设施关系
SRC-RAW-B52DA8171CFBF38950BF,NH3,POLLUTANT_PARAMETER_MISSING,补齐脱硝SCR/SNCR工艺，表E.1按煤计的氨因子不能据设施名称选定
SRC-RAW-B52DA8171CFBF38950BF,NH3,factor_not_applicable,表E.1氨因子分母为煤，当前燃料其他燃料不具备可直接使用的氨因子；提供适用因子或实测氨排放
SRC-RAW-463CC6F06837AF82FACF,SO2,activity_unit_unresolved,燃料一单位吨标准煤与因子分母t不一致；补原燃料实物量或有依据的换算关系
SRC-RAW-463CC6F06837AF82FACF,SO2,SOURCE_RELATION_MISSING,GYGL仅为工业锅炉类别且企业有多台锅炉；补齐本锅炉与治理设施对应关系
SRC-RAW-463CC6F06837AF82FACF,NOx,activity_unit_unresolved,燃料一单位吨标准煤与因子分母t不一致；补原燃料实物量或有依据的换算关系
SRC-RAW-463CC6F06837AF82FACF,NOx,SOURCE_RELATION_MISSING,GYGL仅为工业锅炉类别且企业有多台锅炉；补齐本锅炉与治理设施对应关系
SRC-RAW-463CC6F06837AF82FACF,CO,activity_unit_unresolved,燃料一单位吨标准煤与因子分母t不一致；补原燃料实物量或有依据的换算关系
SRC-RAW-463CC6F06837AF82FACF,VOC,activity_unit_unresolved,燃料一单位吨标准煤与因子分母t不一致；补原燃料实物量或有依据的换算关系
SRC-RAW-463CC6F06837AF82FACF,PM10,activity_unit_unresolved,燃料一单位吨标准煤与因子分母t不一致；补原燃料实物量或有依据的换算关系
SRC-RAW-463CC6F06837AF82FACF,PM10,SOURCE_RELATION_MISSING,GYGL仅为工业锅炉类别且企业有多台锅炉；补齐本锅炉与治理设施对应关系
SRC-RAW-463CC6F06837AF82FACF,PM2.5,activity_unit_unresolved,燃料一单位吨标准煤与因子分母t不一致；补原燃料实物量或有依据的换算关系
SRC-RAW-463CC6F06837AF82FACF,PM2.5,SOURCE_RELATION_MISSING,GYGL仅为工业锅炉类别且企业有多台锅炉；补齐本锅炉与治理设施对应关系
SRC-RAW-463CC6F06837AF82FACF,BC,activity_unit_unresolved,燃料一单位吨标准煤与因子分母t不一致；补原燃料实物量或有依据的换算关系
SRC-RAW-463CC6F06837AF82FACF,BC,SOURCE_RELATION_MISSING,GYGL仅为工业锅炉类别且企业有多台锅炉；补齐本锅炉与治理设施对应关系
SRC-RAW-463CC6F06837AF82FACF,OC,activity_unit_unresolved,燃料一单位吨标准煤与因子分母t不一致；补原燃料实物量或有依据的换算关系
SRC-RAW-463CC6F06837AF82FACF,OC,SOURCE_RELATION_MISSING,GYGL仅为工业锅炉类别且企业有多台锅炉；补齐本锅炉与治理设施对应关系
SRC-RAW-463CC6F06837AF82FACF,NH3,SOURCE_RELATION_MISSING,工业锅炉类别脱硝设施对应多台锅炉；补齐设备—脱硝设施关系
SRC-RAW-463CC6F06837AF82FACF,NH3,POLLUTANT_PARAMETER_MISSING,补齐脱硝SCR/SNCR工艺，表E.1按煤计的氨因子不能据设施名称选定
SRC-RAW-463CC6F06837AF82FACF,NH3,factor_not_applicable,表E.1氨因子分母为煤，当前燃料其他燃料不具备可直接使用的氨因子；提供适用因子或实测氨排放
SRC-RAW-A070D68673392E11AE9E,SO2,SOURCE_RELATION_MISSING,GYGL仅为工业锅炉类别且企业有多台锅炉；补齐本锅炉与治理设施对应关系
SRC-RAW-A070D68673392E11AE9E,PM10,SOURCE_RELATION_MISSING,GYGL仅为工业锅炉类别且企业有多台锅炉；补齐本锅炉与治理设施对应关系
SRC-RAW-A070D68673392E11AE9E,PM2.5,SOURCE_RELATION_MISSING,GYGL仅为工业锅炉类别且企业有多台锅炉；补齐本锅炉与治理设施对应关系
SRC-RAW-A070D68673392E11AE9E,BC,SOURCE_RELATION_MISSING,GYGL仅为工业锅炉类别且企业有多台锅炉；补齐本锅炉与治理设施对应关系
SRC-RAW-A070D68673392E11AE9E,OC,SOURCE_RELATION_MISSING,GYGL仅为工业锅炉类别且企业有多台锅炉；补齐本锅炉与治理设施对应关系
SRC-RAW-5370869516B1CF95C5AB,SO2,SOURCE_RELATION_MISSING,GYGL仅为工业锅炉类别且企业有多台锅炉；补齐本锅炉与治理设施对应关系
SRC-RAW-5370869516B1CF95C5AB,PM10,SOURCE_RELATION_MISSING,GYGL仅为工业锅炉类别且企业有多台锅炉；补齐本锅炉与治理设施对应关系
SRC-RAW-5370869516B1CF95C5AB,PM2.5,SOURCE_RELATION_MISSING,GYGL仅为工业锅炉类别且企业有多台锅炉；补齐本锅炉与治理设施对应关系
SRC-RAW-5370869516B1CF95C5AB,BC,SOURCE_RELATION_MISSING,GYGL仅为工业锅炉类别且企业有多台锅炉；补齐本锅炉与治理设施对应关系
SRC-RAW-5370869516B1CF95C5AB,OC,SOURCE_RELATION_MISSING,GYGL仅为工业锅炉类别且企业有多台锅炉；补齐本锅炉与治理设施对应关系
SRC-RAW-0A0ABE3E36142182A4FD,SO2,activity_unit_unresolved,燃料一单位吨标准煤与因子分母t不一致；补原燃料实物量或有依据的换算关系
SRC-RAW-0A0ABE3E36142182A4FD,NOx,activity_unit_unresolved,燃料一单位吨标准煤与因子分母t不一致；补原燃料实物量或有依据的换算关系
SRC-RAW-0A0ABE3E36142182A4FD,CO,activity_unit_unresolved,燃料一单位吨标准煤与因子分母t不一致；补原燃料实物量或有依据的换算关系
SRC-RAW-0A0ABE3E36142182A4FD,VOC,activity_unit_unresolved,燃料一单位吨标准煤与因子分母t不一致；补原燃料实物量或有依据的换算关系
SRC-RAW-0A0ABE3E36142182A4FD,PM10,activity_unit_unresolved,燃料一单位吨标准煤与因子分母t不一致；补原燃料实物量或有依据的换算关系
SRC-RAW-0A0ABE3E36142182A4FD,PM10,POLLUTANT_PARAMETER_MISSING,对应治理设施缺年度有效运行小时数，不能将平均效率直接当全年实际效率；补齐设施投运率；颗粒物需区分PM2.5和粗粒径效率
SRC-RAW-0A0ABE3E36142182A4FD,PM2.5,activity_unit_unresolved,燃料一单位吨标准煤与因子分母t不一致；补原燃料实物量或有依据的换算关系
SRC-RAW-0A0ABE3E36142182A4FD,PM2.5,POLLUTANT_PARAMETER_MISSING,对应治理设施缺年度有效运行小时数，不能将平均效率直接当全年实际效率；补齐设施投运率；颗粒物需区分PM2.5和粗粒径效率
SRC-RAW-0A0ABE3E36142182A4FD,BC,activity_unit_unresolved,燃料一单位吨标准煤与因子分母t不一致；补原燃料实物量或有依据的换算关系
SRC-RAW-0A0ABE3E36142182A4FD,BC,POLLUTANT_PARAMETER_MISSING,对应治理设施缺年度有效运行小时数，不能将平均效率直接当全年实际效率；补齐设施投运率；颗粒物需区分PM2.5和粗粒径效率
SRC-RAW-0A0ABE3E36142182A4FD,OC,activity_unit_unresolved,燃料一单位吨标准煤与因子分母t不一致；补原燃料实物量或有依据的换算关系
SRC-RAW-0A0ABE3E36142182A4FD,OC,POLLUTANT_PARAMETER_MISSING,对应治理设施缺年度有效运行小时数，不能将平均效率直接当全年实际效率；补齐设施投运率；颗粒物需区分PM2.5和粗粒径效率
SRC-RAW-67410B8672B15BCF6B7D,PM10,SOURCE_RELATION_MISSING,GYGL仅为工业锅炉类别且企业有多台锅炉；补齐本锅炉与治理设施对应关系
SRC-RAW-67410B8672B15BCF6B7D,PM2.5,SOURCE_RELATION_MISSING,GYGL仅为工业锅炉类别且企业有多台锅炉；补齐本锅炉与治理设施对应关系
SRC-RAW-D2F4F92D0954B6DA756E,PM10,SOURCE_RELATION_MISSING,GYGL仅为工业锅炉类别且企业有多台锅炉；补齐本锅炉与治理设施对应关系
SRC-RAW-D2F4F92D0954B6DA756E,PM2.5,SOURCE_RELATION_MISSING,GYGL仅为工业锅炉类别且企业有多台锅炉；补齐本锅炉与治理设施对应关系
SRC-RAW-38D55BB8E485BFCBEC71,PM10,SOURCE_RELATION_MISSING,GYGL仅为工业锅炉类别且企业有多台锅炉；补齐本锅炉与治理设施对应关系
SRC-RAW-38D55BB8E485BFCBEC71,PM2.5,SOURCE_RELATION_MISSING,GYGL仅为工业锅炉类别且企业有多台锅炉；补齐本锅炉与治理设施对应关系
SRC-RAW-05C5204A485A45B7ED28,NOx,SOURCE_RELATION_MISSING,GYGL仅为工业锅炉类别且企业有多台锅炉；补齐本锅炉与治理设施对应关系
SRC-RAW-05C5204A485A45B7ED28,PM10,SOURCE_RELATION_MISSING,GYGL仅为工业锅炉类别且企业有多台锅炉；补齐本锅炉与治理设施对应关系
SRC-RAW-05C5204A485A45B7ED28,PM2.5,SOURCE_RELATION_MISSING,GYGL仅为工业锅炉类别且企业有多台锅炉；补齐本锅炉与治理设施对应关系
SRC-RAW-05C5204A485A45B7ED28,NH3,SOURCE_RELATION_MISSING,工业锅炉类别脱硝设施对应多台锅炉；补齐设备—脱硝设施关系
SRC-RAW-05C5204A485A45B7ED28,NH3,POLLUTANT_PARAMETER_MISSING,补齐脱硝SCR/SNCR工艺，表E.1按煤计的氨因子不能据设施名称选定
SRC-RAW-05C5204A485A45B7ED28,NH3,factor_not_applicable,表E.1氨因子分母为煤，当前燃料天然气不具备可直接使用的氨因子；提供适用因子或实测氨排放
SRC-RAW-9EC1B6359222B8DC4E10,NOx,POLLUTANT_PARAMETER_MISSING,对应治理设施缺年度有效运行小时数，不能将平均效率直接当全年实际效率；补齐设施投运率；颗粒物需区分PM2.5和粗粒径效率
SRC-RAW-9EC1B6359222B8DC4E10,PM10,POLLUTANT_PARAMETER_MISSING,对应治理设施缺年度有效运行小时数，不能将平均效率直接当全年实际效率；补齐设施投运率；颗粒物需区分PM2.5和粗粒径效率
SRC-RAW-9EC1B6359222B8DC4E10,PM2.5,POLLUTANT_PARAMETER_MISSING,对应治理设施缺年度有效运行小时数，不能将平均效率直接当全年实际效率；补齐设施投运率；颗粒物需区分PM2.5和粗粒径效率
SRC-RAW-9EC1B6359222B8DC4E10,NH3,POLLUTANT_PARAMETER_MISSING,补齐脱硝SCR/SNCR工艺，表E.1按煤计的氨因子不能据设施名称选定
SRC-RAW-9EC1B6359222B8DC4E10,NH3,factor_not_applicable,表E.1氨因子分母为煤，当前燃料天然气不具备可直接使用的氨因子；提供适用因子或实测氨排放
SRC-RAW-A7CABABCBD35180D1E3D,SO2,ACTIVITY_MISSING,燃料一类型和消耗量缺失；补齐本锅炉年度燃料活动水平
SRC-RAW-A7CABABCBD35180D1E3D,NOx,ACTIVITY_MISSING,燃料一类型和消耗量缺失；补齐本锅炉年度燃料活动水平
SRC-RAW-A7CABABCBD35180D1E3D,CO,ACTIVITY_MISSING,燃料一类型和消耗量缺失；补齐本锅炉年度燃料活动水平
SRC-RAW-A7CABABCBD35180D1E3D,VOC,ACTIVITY_MISSING,燃料一类型和消耗量缺失；补齐本锅炉年度燃料活动水平
SRC-RAW-A7CABABCBD35180D1E3D,PM10,ACTIVITY_MISSING,燃料一类型和消耗量缺失；补齐本锅炉年度燃料活动水平
SRC-RAW-A7CABABCBD35180D1E3D,PM2.5,ACTIVITY_MISSING,燃料一类型和消耗量缺失；补齐本锅炉年度燃料活动水平
SRC-RAW-A7CABABCBD35180D1E3D,BC,ACTIVITY_MISSING,燃料一类型和消耗量缺失；补齐本锅炉年度燃料活动水平
SRC-RAW-A7CABABCBD35180D1E3D,OC,ACTIVITY_MISSING,燃料一类型和消耗量缺失；补齐本锅炉年度燃料活动水平
SRC-RAW-906C9D4E590AC5B1AD1A,SO2,ACTIVITY_MISSING,燃料一类型和消耗量缺失；补齐本锅炉年度燃料活动水平
SRC-RAW-906C9D4E590AC5B1AD1A,NOx,ACTIVITY_MISSING,燃料一类型和消耗量缺失；补齐本锅炉年度燃料活动水平
SRC-RAW-906C9D4E590AC5B1AD1A,CO,ACTIVITY_MISSING,燃料一类型和消耗量缺失；补齐本锅炉年度燃料活动水平
SRC-RAW-906C9D4E590AC5B1AD1A,VOC,ACTIVITY_MISSING,燃料一类型和消耗量缺失；补齐本锅炉年度燃料活动水平
SRC-RAW-906C9D4E590AC5B1AD1A,PM10,ACTIVITY_MISSING,燃料一类型和消耗量缺失；补齐本锅炉年度燃料活动水平
SRC-RAW-906C9D4E590AC5B1AD1A,PM2.5,ACTIVITY_MISSING,燃料一类型和消耗量缺失；补齐本锅炉年度燃料活动水平
SRC-RAW-906C9D4E590AC5B1AD1A,BC,ACTIVITY_MISSING,燃料一类型和消耗量缺失；补齐本锅炉年度燃料活动水平
SRC-RAW-906C9D4E590AC5B1AD1A,OC,ACTIVITY_MISSING,燃料一类型和消耗量缺失；补齐本锅炉年度燃料活动水平
SRC-RAW-0ADF1E27F0CFBB62BCEE,PM10,POLLUTANT_PARAMETER_MISSING,治理工艺及去除效率缺失；补齐后按A.1选取
SRC-RAW-0ADF1E27F0CFBB62BCEE,PM10,POLLUTANT_PARAMETER_MISSING,对应治理设施缺年度有效运行小时数，不能将平均效率直接当全年实际效率；补齐设施投运率；颗粒物需区分PM2.5和粗粒径效率
SRC-RAW-0ADF1E27F0CFBB62BCEE,PM2.5,POLLUTANT_PARAMETER_MISSING,治理工艺及去除效率缺失；补齐后按A.1选取
SRC-RAW-0ADF1E27F0CFBB62BCEE,PM2.5,POLLUTANT_PARAMETER_MISSING,对应治理设施缺年度有效运行小时数，不能将平均效率直接当全年实际效率；补齐设施投运率；颗粒物需区分PM2.5和粗粒径效率
SRC-RAW-0ADF1E27F0CFBB62BCEE,BC,POLLUTANT_PARAMETER_MISSING,治理工艺及去除效率缺失；补齐后按A.1选取
SRC-RAW-0ADF1E27F0CFBB62BCEE,BC,POLLUTANT_PARAMETER_MISSING,对应治理设施缺年度有效运行小时数，不能将平均效率直接当全年实际效率；补齐设施投运率；颗粒物需区分PM2.5和粗粒径效率
SRC-RAW-0ADF1E27F0CFBB62BCEE,OC,POLLUTANT_PARAMETER_MISSING,治理工艺及去除效率缺失；补齐后按A.1选取
SRC-RAW-0ADF1E27F0CFBB62BCEE,OC,POLLUTANT_PARAMETER_MISSING,对应治理设施缺年度有效运行小时数，不能将平均效率直接当全年实际效率；补齐设施投运率；颗粒物需区分PM2.5和粗粒径效率
SRC-RAW-4218B9CA662C5D42EB1B,SO2,POLLUTANT_PARAMETER_MISSING,对应治理设施缺年度有效运行小时数，不能将平均效率直接当全年实际效率；补齐设施投运率；颗粒物需区分PM2.5和粗粒径效率
SRC-RAW-4218B9CA662C5D42EB1B,NOx,POLLUTANT_PARAMETER_MISSING,对应治理设施缺年度有效运行小时数，不能将平均效率直接当全年实际效率；补齐设施投运率；颗粒物需区分PM2.5和粗粒径效率
SRC-RAW-4218B9CA662C5D42EB1B,PM10,POLLUTANT_PARAMETER_MISSING,对应治理设施缺年度有效运行小时数，不能将平均效率直接当全年实际效率；补齐设施投运率；颗粒物需区分PM2.5和粗粒径效率
SRC-RAW-4218B9CA662C5D42EB1B,PM2.5,POLLUTANT_PARAMETER_MISSING,对应治理设施缺年度有效运行小时数，不能将平均效率直接当全年实际效率；补齐设施投运率；颗粒物需区分PM2.5和粗粒径效率
SRC-RAW-4218B9CA662C5D42EB1B,BC,POLLUTANT_PARAMETER_MISSING,对应治理设施缺年度有效运行小时数，不能将平均效率直接当全年实际效率；补齐设施投运率；颗粒物需区分PM2.5和粗粒径效率
SRC-RAW-4218B9CA662C5D42EB1B,OC,POLLUTANT_PARAMETER_MISSING,对应治理设施缺年度有效运行小时数，不能将平均效率直接当全年实际效率；补齐设施投运率；颗粒物需区分PM2.5和粗粒径效率
SRC-RAW-4218B9CA662C5D42EB1B,NH3,POLLUTANT_PARAMETER_MISSING,补齐脱硝SCR/SNCR工艺，表E.1按煤计的氨因子不能据设施名称选定
SRC-RAW-4218B9CA662C5D42EB1B,NH3,factor_not_applicable,表E.1氨因子分母为煤，当前燃料柴油不具备可直接使用的氨因子；提供适用因子或实测氨排放
SRC-RAW-D4530217F879F9441125,PM10,POLLUTANT_PARAMETER_MISSING,对应治理设施缺年度有效运行小时数，不能将平均效率直接当全年实际效率；补齐设施投运率；颗粒物需区分PM2.5和粗粒径效率
SRC-RAW-D4530217F879F9441125,PM2.5,POLLUTANT_PARAMETER_MISSING,对应治理设施缺年度有效运行小时数，不能将平均效率直接当全年实际效率；补齐设施投运率；颗粒物需区分PM2.5和粗粒径效率
SRC-RAW-D4530217F879F9441125,BC,POLLUTANT_PARAMETER_MISSING,对应治理设施缺年度有效运行小时数，不能将平均效率直接当全年实际效率；补齐设施投运率；颗粒物需区分PM2.5和粗粒径效率
SRC-RAW-D4530217F879F9441125,OC,POLLUTANT_PARAMETER_MISSING,对应治理设施缺年度有效运行小时数，不能将平均效率直接当全年实际效率；补齐设施投运率；颗粒物需区分PM2.5和粗粒径效率
SRC-RAW-8E03A71EC5F0437A718C,NOx,SOURCE_RELATION_MISSING,GYGL仅为工业锅炉类别且企业有多台锅炉；补齐本锅炉与治理设施对应关系
SRC-RAW-8E03A71EC5F0437A718C,PM10,SOURCE_RELATION_MISSING,GYGL仅为工业锅炉类别且企业有多台锅炉；补齐本锅炉与治理设施对应关系
SRC-RAW-8E03A71EC5F0437A718C,PM2.5,SOURCE_RELATION_MISSING,GYGL仅为工业锅炉类别且企业有多台锅炉；补齐本锅炉与治理设施对应关系
SRC-RAW-8E03A71EC5F0437A718C,NH3,SOURCE_RELATION_MISSING,工业锅炉类别脱硝设施对应多台锅炉；补齐设备—脱硝设施关系
SRC-RAW-8E03A71EC5F0437A718C,NH3,POLLUTANT_PARAMETER_MISSING,补齐脱硝SCR/SNCR工艺，表E.1按煤计的氨因子不能据设施名称选定
SRC-RAW-8E03A71EC5F0437A718C,NH3,factor_not_applicable,表E.1氨因子分母为煤，当前燃料天然气不具备可直接使用的氨因子；提供适用因子或实测氨排放
SRC-RAW-4A068362DFAB102DE2AF,NOx,SOURCE_RELATION_MISSING,GYGL仅为工业锅炉类别且企业有多台锅炉；补齐本锅炉与治理设施对应关系
SRC-RAW-4A068362DFAB102DE2AF,PM10,SOURCE_RELATION_MISSING,GYGL仅为工业锅炉类别且企业有多台锅炉；补齐本锅炉与治理设施对应关系
SRC-RAW-4A068362DFAB102DE2AF,PM2.5,SOURCE_RELATION_MISSING,GYGL仅为工业锅炉类别且企业有多台锅炉；补齐本锅炉与治理设施对应关系
SRC-RAW-4A068362DFAB102DE2AF,NH3,SOURCE_RELATION_MISSING,工业锅炉类别脱硝设施对应多台锅炉；补齐设备—脱硝设施关系
SRC-RAW-4A068362DFAB102DE2AF,NH3,POLLUTANT_PARAMETER_MISSING,补齐脱硝SCR/SNCR工艺，表E.1按煤计的氨因子不能据设施名称选定
SRC-RAW-4A068362DFAB102DE2AF,NH3,factor_not_applicable,表E.1氨因子分母为煤，当前燃料天然气不具备可直接使用的氨因子；提供适用因子或实测氨排放
SRC-RAW-83576ECECAF3853F64B3,PM10,SOURCE_RELATION_MISSING,GYGL仅为工业锅炉类别且企业有多台锅炉；补齐本锅炉与治理设施对应关系
SRC-RAW-83576ECECAF3853F64B3,PM2.5,SOURCE_RELATION_MISSING,GYGL仅为工业锅炉类别且企业有多台锅炉；补齐本锅炉与治理设施对应关系
SRC-RAW-FA99B4B16C12725B41E1,PM10,SOURCE_RELATION_MISSING,GYGL仅为工业锅炉类别且企业有多台锅炉；补齐本锅炉与治理设施对应关系
SRC-RAW-FA99B4B16C12725B41E1,PM2.5,SOURCE_RELATION_MISSING,GYGL仅为工业锅炉类别且企业有多台锅炉；补齐本锅炉与治理设施对应关系
SRC-RAW-11106FC4ED2D1C1D77C3,PM10,SOURCE_RELATION_MISSING,GYGL仅为工业锅炉类别且企业有多台锅炉；补齐本锅炉与治理设施对应关系
SRC-RAW-11106FC4ED2D1C1D77C3,PM2.5,SOURCE_RELATION_MISSING,GYGL仅为工业锅炉类别且企业有多台锅炉；补齐本锅炉与治理设施对应关系
SRC-RAW-11106FC4ED2D1C1D77C3,BC,SOURCE_RELATION_MISSING,GYGL仅为工业锅炉类别且企业有多台锅炉；补齐本锅炉与治理设施对应关系
SRC-RAW-11106FC4ED2D1C1D77C3,OC,SOURCE_RELATION_MISSING,GYGL仅为工业锅炉类别且企业有多台锅炉；补齐本锅炉与治理设施对应关系
SRC-RAW-69B1D469AF1B6A7C5298,PM10,SOURCE_RELATION_MISSING,GYGL仅为工业锅炉类别且企业有多台锅炉；补齐本锅炉与治理设施对应关系
SRC-RAW-69B1D469AF1B6A7C5298,PM2.5,SOURCE_RELATION_MISSING,GYGL仅为工业锅炉类别且企业有多台锅炉；补齐本锅炉与治理设施对应关系
SRC-RAW-69B1D469AF1B6A7C5298,BC,SOURCE_RELATION_MISSING,GYGL仅为工业锅炉类别且企业有多台锅炉；补齐本锅炉与治理设施对应关系
SRC-RAW-69B1D469AF1B6A7C5298,OC,SOURCE_RELATION_MISSING,GYGL仅为工业锅炉类别且企业有多台锅炉；补齐本锅炉与治理设施对应关系
SRC-RAW-57AC888C3400CDB174B6,SO2,POLLUTANT_PARAMETER_MISSING,对应治理设施缺年度有效运行小时数，不能将平均效率直接当全年实际效率；补齐设施投运率；颗粒物需区分PM2.5和粗粒径效率
SRC-RAW-57AC888C3400CDB174B6,PM10,POLLUTANT_PARAMETER_MISSING,对应治理设施缺年度有效运行小时数，不能将平均效率直接当全年实际效率；补齐设施投运率；颗粒物需区分PM2.5和粗粒径效率
SRC-RAW-57AC888C3400CDB174B6,PM2.5,POLLUTANT_PARAMETER_MISSING,对应治理设施缺年度有效运行小时数，不能将平均效率直接当全年实际效率；补齐设施投运率；颗粒物需区分PM2.5和粗粒径效率
SRC-RAW-57AC888C3400CDB174B6,BC,POLLUTANT_PARAMETER_MISSING,对应治理设施缺年度有效运行小时数，不能将平均效率直接当全年实际效率；补齐设施投运率；颗粒物需区分PM2.5和粗粒径效率
SRC-RAW-57AC888C3400CDB174B6,OC,POLLUTANT_PARAMETER_MISSING,对应治理设施缺年度有效运行小时数，不能将平均效率直接当全年实际效率；补齐设施投运率；颗粒物需区分PM2.5和粗粒径效率
SRC-RAW-930FF4E56312323A152D,SO2,activity_unit_unresolved,燃料一单位吨标准煤与因子分母t不一致；补原燃料实物量或有依据的换算关系
SRC-RAW-930FF4E56312323A152D,NOx,activity_unit_unresolved,燃料一单位吨标准煤与因子分母t不一致；补原燃料实物量或有依据的换算关系
SRC-RAW-930FF4E56312323A152D,CO,activity_unit_unresolved,燃料一单位吨标准煤与因子分母t不一致；补原燃料实物量或有依据的换算关系
SRC-RAW-930FF4E56312323A152D,VOC,activity_unit_unresolved,燃料一单位吨标准煤与因子分母t不一致；补原燃料实物量或有依据的换算关系
SRC-RAW-930FF4E56312323A152D,PM10,activity_unit_unresolved,燃料一单位吨标准煤与因子分母t不一致；补原燃料实物量或有依据的换算关系
SRC-RAW-930FF4E56312323A152D,PM10,POLLUTANT_PARAMETER_MISSING,治理工艺及去除效率缺失；补齐后按A.1选取
SRC-RAW-930FF4E56312323A152D,PM10,POLLUTANT_PARAMETER_MISSING,对应治理设施缺年度有效运行小时数，不能将平均效率直接当全年实际效率；补齐设施投运率；颗粒物需区分PM2.5和粗粒径效率
SRC-RAW-930FF4E56312323A152D,PM2.5,activity_unit_unresolved,燃料一单位吨标准煤与因子分母t不一致；补原燃料实物量或有依据的换算关系
SRC-RAW-930FF4E56312323A152D,PM2.5,POLLUTANT_PARAMETER_MISSING,治理工艺及去除效率缺失；补齐后按A.1选取
SRC-RAW-930FF4E56312323A152D,PM2.5,POLLUTANT_PARAMETER_MISSING,对应治理设施缺年度有效运行小时数，不能将平均效率直接当全年实际效率；补齐设施投运率；颗粒物需区分PM2.5和粗粒径效率
SRC-RAW-930FF4E56312323A152D,BC,activity_unit_unresolved,燃料一单位吨标准煤与因子分母t不一致；补原燃料实物量或有依据的换算关系
SRC-RAW-930FF4E56312323A152D,BC,POLLUTANT_PARAMETER_MISSING,治理工艺及去除效率缺失；补齐后按A.1选取
SRC-RAW-930FF4E56312323A152D,BC,POLLUTANT_PARAMETER_MISSING,对应治理设施缺年度有效运行小时数，不能将平均效率直接当全年实际效率；补齐设施投运率；颗粒物需区分PM2.5和粗粒径效率
SRC-RAW-930FF4E56312323A152D,OC,activity_unit_unresolved,燃料一单位吨标准煤与因子分母t不一致；补原燃料实物量或有依据的换算关系
SRC-RAW-930FF4E56312323A152D,OC,POLLUTANT_PARAMETER_MISSING,治理工艺及去除效率缺失；补齐后按A.1选取
SRC-RAW-930FF4E56312323A152D,OC,POLLUTANT_PARAMETER_MISSING,对应治理设施缺年度有效运行小时数，不能将平均效率直接当全年实际效率；补齐设施投运率；颗粒物需区分PM2.5和粗粒径效率
SRC-RAW-403ADF1124997486C051,PM10,POLLUTANT_PARAMETER_MISSING,治理工艺及去除效率缺失；补齐后按A.1选取
SRC-RAW-403ADF1124997486C051,PM10,POLLUTANT_PARAMETER_MISSING,对应治理设施缺年度有效运行小时数，不能将平均效率直接当全年实际效率；补齐设施投运率；颗粒物需区分PM2.5和粗粒径效率
SRC-RAW-403ADF1124997486C051,PM2.5,POLLUTANT_PARAMETER_MISSING,治理工艺及去除效率缺失；补齐后按A.1选取
SRC-RAW-403ADF1124997486C051,PM2.5,POLLUTANT_PARAMETER_MISSING,对应治理设施缺年度有效运行小时数，不能将平均效率直接当全年实际效率；补齐设施投运率；颗粒物需区分PM2.5和粗粒径效率
SRC-RAW-B43B50CC92D0CF89740F,NOx,SOURCE_RELATION_MISSING,GYGL仅为工业锅炉类别且企业有多台锅炉；补齐本锅炉与治理设施对应关系
SRC-RAW-B43B50CC92D0CF89740F,PM10,SOURCE_RELATION_MISSING,GYGL仅为工业锅炉类别且企业有多台锅炉；补齐本锅炉与治理设施对应关系
SRC-RAW-B43B50CC92D0CF89740F,PM2.5,SOURCE_RELATION_MISSING,GYGL仅为工业锅炉类别且企业有多台锅炉；补齐本锅炉与治理设施对应关系
SRC-RAW-B43B50CC92D0CF89740F,NH3,SOURCE_RELATION_MISSING,工业锅炉类别脱硝设施对应多台锅炉；补齐设备—脱硝设施关系
SRC-RAW-B43B50CC92D0CF89740F,NH3,POLLUTANT_PARAMETER_MISSING,补齐脱硝SCR/SNCR工艺，表E.1按煤计的氨因子不能据设施名称选定
SRC-RAW-B43B50CC92D0CF89740F,NH3,factor_not_applicable,表E.1氨因子分母为煤，当前燃料天然气不具备可直接使用的氨因子；提供适用因子或实测氨排放
SRC-RAW-BD288B02E8165375CE8C,NOx,SOURCE_RELATION_MISSING,GYGL仅为工业锅炉类别且企业有多台锅炉；补齐本锅炉与治理设施对应关系
SRC-RAW-BD288B02E8165375CE8C,PM10,SOURCE_RELATION_MISSING,GYGL仅为工业锅炉类别且企业有多台锅炉；补齐本锅炉与治理设施对应关系
SRC-RAW-BD288B02E8165375CE8C,PM2.5,SOURCE_RELATION_MISSING,GYGL仅为工业锅炉类别且企业有多台锅炉；补齐本锅炉与治理设施对应关系
SRC-RAW-BD288B02E8165375CE8C,NH3,SOURCE_RELATION_MISSING,工业锅炉类别脱硝设施对应多台锅炉；补齐设备—脱硝设施关系
SRC-RAW-BD288B02E8165375CE8C,NH3,POLLUTANT_PARAMETER_MISSING,补齐脱硝SCR/SNCR工艺，表E.1按煤计的氨因子不能据设施名称选定
SRC-RAW-BD288B02E8165375CE8C,NH3,factor_not_applicable,表E.1氨因子分母为煤，当前燃料天然气不具备可直接使用的氨因子；提供适用因子或实测氨排放
SRC-RAW-D3D64767E15B32590A82,NOx,SOURCE_RELATION_MISSING,GYGL仅为工业锅炉类别且企业有多台锅炉；补齐本锅炉与治理设施对应关系
SRC-RAW-D3D64767E15B32590A82,PM10,SOURCE_RELATION_MISSING,GYGL仅为工业锅炉类别且企业有多台锅炉；补齐本锅炉与治理设施对应关系
SRC-RAW-D3D64767E15B32590A82,PM2.5,SOURCE_RELATION_MISSING,GYGL仅为工业锅炉类别且企业有多台锅炉；补齐本锅炉与治理设施对应关系
SRC-RAW-D3D64767E15B32590A82,NH3,SOURCE_RELATION_MISSING,工业锅炉类别脱硝设施对应多台锅炉；补齐设备—脱硝设施关系
SRC-RAW-D3D64767E15B32590A82,NH3,POLLUTANT_PARAMETER_MISSING,补齐脱硝SCR/SNCR工艺，表E.1按煤计的氨因子不能据设施名称选定
SRC-RAW-D3D64767E15B32590A82,NH3,factor_not_applicable,表E.1氨因子分母为煤，当前燃料天然气不具备可直接使用的氨因子；提供适用因子或实测氨排放
SRC-RAW-AA4E633CE82B550806ED,NOx,POLLUTANT_PARAMETER_MISSING,对应治理设施缺年度有效运行小时数，不能将平均效率直接当全年实际效率；补齐设施投运率；颗粒物需区分PM2.5和粗粒径效率
SRC-RAW-AA4E633CE82B550806ED,PM10,POLLUTANT_PARAMETER_MISSING,对应治理设施缺年度有效运行小时数，不能将平均效率直接当全年实际效率；补齐设施投运率；颗粒物需区分PM2.5和粗粒径效率
SRC-RAW-AA4E633CE82B550806ED,PM2.5,POLLUTANT_PARAMETER_MISSING,对应治理设施缺年度有效运行小时数，不能将平均效率直接当全年实际效率；补齐设施投运率；颗粒物需区分PM2.5和粗粒径效率
SRC-RAW-AA4E633CE82B550806ED,NH3,POLLUTANT_PARAMETER_MISSING,补齐脱硝SCR/SNCR工艺，表E.1按煤计的氨因子不能据设施名称选定
SRC-RAW-AA4E633CE82B550806ED,NH3,factor_not_applicable,表E.1氨因子分母为煤，当前燃料天然气不具备可直接使用的氨因子；提供适用因子或实测氨排放
SRC-RAW-9AD21CEDC3DB29F6653C,NOx,POLLUTANT_PARAMETER_MISSING,对应治理设施缺年度有效运行小时数，不能将平均效率直接当全年实际效率；补齐设施投运率；颗粒物需区分PM2.5和粗粒径效率
SRC-RAW-9AD21CEDC3DB29F6653C,PM10,POLLUTANT_PARAMETER_MISSING,对应治理设施缺年度有效运行小时数，不能将平均效率直接当全年实际效率；补齐设施投运率；颗粒物需区分PM2.5和粗粒径效率
SRC-RAW-9AD21CEDC3DB29F6653C,PM2.5,POLLUTANT_PARAMETER_MISSING,对应治理设施缺年度有效运行小时数，不能将平均效率直接当全年实际效率；补齐设施投运率；颗粒物需区分PM2.5和粗粒径效率
SRC-RAW-9AD21CEDC3DB29F6653C,NH3,POLLUTANT_PARAMETER_MISSING,补齐脱硝SCR/SNCR工艺，表E.1按煤计的氨因子不能据设施名称选定
SRC-RAW-9AD21CEDC3DB29F6653C,NH3,factor_not_applicable,表E.1氨因子分母为煤，当前燃料天然气不具备可直接使用的氨因子；提供适用因子或实测氨排放
SRC-RAW-0C7656189CF468228BE7,SO2,SOURCE_RELATION_MISSING,GYGL仅为工业锅炉类别且企业有多台锅炉；补齐本锅炉与治理设施对应关系
SRC-RAW-0C7656189CF468228BE7,NOx,POLLUTANT_PARAMETER_MISSING,燃烧方式其他层燃炉不足以选取E.7的CO/NOx/VOC系数；确认手动或自动炉排
SRC-RAW-0C7656189CF468228BE7,NOx,SOURCE_RELATION_MISSING,GYGL仅为工业锅炉类别且企业有多台锅炉；补齐本锅炉与治理设施对应关系
SRC-RAW-0C7656189CF468228BE7,CO,POLLUTANT_PARAMETER_MISSING,燃烧方式其他层燃炉不足以选取E.7的CO/NOx/VOC系数；确认手动或自动炉排
SRC-RAW-0C7656189CF468228BE7,VOC,POLLUTANT_PARAMETER_MISSING,燃烧方式其他层燃炉不足以选取E.7的CO/NOx/VOC系数；确认手动或自动炉排
SRC-RAW-0C7656189CF468228BE7,PM10,SOURCE_RELATION_MISSING,GYGL仅为工业锅炉类别且企业有多台锅炉；补齐本锅炉与治理设施对应关系
SRC-RAW-0C7656189CF468228BE7,PM2.5,SOURCE_RELATION_MISSING,GYGL仅为工业锅炉类别且企业有多台锅炉；补齐本锅炉与治理设施对应关系
SRC-RAW-0C7656189CF468228BE7,BC,SOURCE_RELATION_MISSING,GYGL仅为工业锅炉类别且企业有多台锅炉；补齐本锅炉与治理设施对应关系
SRC-RAW-0C7656189CF468228BE7,OC,SOURCE_RELATION_MISSING,GYGL仅为工业锅炉类别且企业有多台锅炉；补齐本锅炉与治理设施对应关系
SRC-RAW-0C7656189CF468228BE7,NH3,SOURCE_RELATION_MISSING,工业锅炉类别脱硝设施对应多台锅炉；补齐设备—脱硝设施关系
SRC-RAW-0C7656189CF468228BE7,NH3,POLLUTANT_PARAMETER_MISSING,补齐脱硝SCR/SNCR工艺，表E.1按煤计的氨因子不能据设施名称选定
SRC-RAW-411D639F7C0D70820969,NOx,SOURCE_RELATION_MISSING,GYGL仅为工业锅炉类别且企业有多台锅炉；补齐本锅炉与治理设施对应关系
SRC-RAW-411D639F7C0D70820969,PM10,SOURCE_RELATION_MISSING,GYGL仅为工业锅炉类别且企业有多台锅炉；补齐本锅炉与治理设施对应关系
SRC-RAW-411D639F7C0D70820969,PM2.5,SOURCE_RELATION_MISSING,GYGL仅为工业锅炉类别且企业有多台锅炉；补齐本锅炉与治理设施对应关系
SRC-RAW-411D639F7C0D70820969,NH3,SOURCE_RELATION_MISSING,工业锅炉类别脱硝设施对应多台锅炉；补齐设备—脱硝设施关系
SRC-RAW-411D639F7C0D70820969,NH3,POLLUTANT_PARAMETER_MISSING,补齐脱硝SCR/SNCR工艺，表E.1按煤计的氨因子不能据设施名称选定
SRC-RAW-411D639F7C0D70820969,NH3,factor_not_applicable,表E.1氨因子分母为煤，当前燃料天然气不具备可直接使用的氨因子；提供适用因子或实测氨排放
SRC-RAW-BA2B420E12F3BBC5972F,NOx,SOURCE_RELATION_MISSING,GYGL仅为工业锅炉类别且企业有多台锅炉；补齐本锅炉与治理设施对应关系
SRC-RAW-BA2B420E12F3BBC5972F,PM10,SOURCE_RELATION_MISSING,GYGL仅为工业锅炉类别且企业有多台锅炉；补齐本锅炉与治理设施对应关系
SRC-RAW-BA2B420E12F3BBC5972F,PM2.5,SOURCE_RELATION_MISSING,GYGL仅为工业锅炉类别且企业有多台锅炉；补齐本锅炉与治理设施对应关系
SRC-RAW-BA2B420E12F3BBC5972F,NH3,SOURCE_RELATION_MISSING,工业锅炉类别脱硝设施对应多台锅炉；补齐设备—脱硝设施关系
SRC-RAW-BA2B420E12F3BBC5972F,NH3,POLLUTANT_PARAMETER_MISSING,补齐脱硝SCR/SNCR工艺，表E.1按煤计的氨因子不能据设施名称选定
SRC-RAW-BA2B420E12F3BBC5972F,NH3,factor_not_applicable,表E.1氨因子分母为煤，当前燃料天然气不具备可直接使用的氨因子；提供适用因子或实测氨排放
SRC-RAW-279E32CC37AC63FA2704,NOx,SOURCE_RELATION_MISSING,GYGL仅为工业锅炉类别且企业有多台锅炉；补齐本锅炉与治理设施对应关系
SRC-RAW-279E32CC37AC63FA2704,PM10,SOURCE_RELATION_MISSING,GYGL仅为工业锅炉类别且企业有多台锅炉；补齐本锅炉与治理设施对应关系
SRC-RAW-279E32CC37AC63FA2704,PM2.5,SOURCE_RELATION_MISSING,GYGL仅为工业锅炉类别且企业有多台锅炉；补齐本锅炉与治理设施对应关系
SRC-RAW-279E32CC37AC63FA2704,NH3,SOURCE_RELATION_MISSING,工业锅炉类别脱硝设施对应多台锅炉；补齐设备—脱硝设施关系
SRC-RAW-279E32CC37AC63FA2704,NH3,POLLUTANT_PARAMETER_MISSING,补齐脱硝SCR/SNCR工艺，表E.1按煤计的氨因子不能据设施名称选定
SRC-RAW-279E32CC37AC63FA2704,NH3,factor_not_applicable,表E.1氨因子分母为煤，当前燃料天然气不具备可直接使用的氨因子；提供适用因子或实测氨排放
SRC-RAW-F88E4FE796C178ACBC1C,NOx,SOURCE_RELATION_MISSING,GYGL仅为工业锅炉类别且企业有多台锅炉；补齐本锅炉与治理设施对应关系
SRC-RAW-F88E4FE796C178ACBC1C,PM10,SOURCE_RELATION_MISSING,GYGL仅为工业锅炉类别且企业有多台锅炉；补齐本锅炉与治理设施对应关系
SRC-RAW-F88E4FE796C178ACBC1C,PM2.5,SOURCE_RELATION_MISSING,GYGL仅为工业锅炉类别且企业有多台锅炉；补齐本锅炉与治理设施对应关系
SRC-RAW-F88E4FE796C178ACBC1C,NH3,SOURCE_RELATION_MISSING,工业锅炉类别脱硝设施对应多台锅炉；补齐设备—脱硝设施关系
SRC-RAW-F88E4FE796C178ACBC1C,NH3,POLLUTANT_PARAMETER_MISSING,补齐脱硝SCR/SNCR工艺，表E.1按煤计的氨因子不能据设施名称选定
SRC-RAW-F88E4FE796C178ACBC1C,NH3,factor_not_applicable,表E.1氨因子分母为煤，当前燃料天然气不具备可直接使用的氨因子；提供适用因子或实测氨排放
SRC-RAW-59E381F5487E1FA13DE1,NOx,SOURCE_RELATION_MISSING,GYGL仅为工业锅炉类别且企业有多台锅炉；补齐本锅炉与治理设施对应关系
SRC-RAW-59E381F5487E1FA13DE1,PM10,SOURCE_RELATION_MISSING,GYGL仅为工业锅炉类别且企业有多台锅炉；补齐本锅炉与治理设施对应关系
SRC-RAW-59E381F5487E1FA13DE1,PM2.5,SOURCE_RELATION_MISSING,GYGL仅为工业锅炉类别且企业有多台锅炉；补齐本锅炉与治理设施对应关系
SRC-RAW-59E381F5487E1FA13DE1,NH3,SOURCE_RELATION_MISSING,工业锅炉类别脱硝设施对应多台锅炉；补齐设备—脱硝设施关系
SRC-RAW-59E381F5487E1FA13DE1,NH3,POLLUTANT_PARAMETER_MISSING,补齐脱硝SCR/SNCR工艺，表E.1按煤计的氨因子不能据设施名称选定
SRC-RAW-59E381F5487E1FA13DE1,NH3,factor_not_applicable,表E.1氨因子分母为煤，当前燃料天然气不具备可直接使用的氨因子；提供适用因子或实测氨排放
SRC-RAW-F1ECED05CF4DA85175D2,PM10,POLLUTANT_PARAMETER_MISSING,治理工艺及去除效率缺失；补齐后按A.1选取
SRC-RAW-F1ECED05CF4DA85175D2,PM10,POLLUTANT_PARAMETER_MISSING,对应治理设施缺年度有效运行小时数，不能将平均效率直接当全年实际效率；补齐设施投运率；颗粒物需区分PM2.5和粗粒径效率
SRC-RAW-F1ECED05CF4DA85175D2,PM2.5,POLLUTANT_PARAMETER_MISSING,治理工艺及去除效率缺失；补齐后按A.1选取
SRC-RAW-F1ECED05CF4DA85175D2,PM2.5,POLLUTANT_PARAMETER_MISSING,对应治理设施缺年度有效运行小时数，不能将平均效率直接当全年实际效率；补齐设施投运率；颗粒物需区分PM2.5和粗粒径效率
SRC-RAW-5CDF4FB5DB0CD2C04D05,NOx,SOURCE_RELATION_MISSING,GYGL仅为工业锅炉类别且企业有多台锅炉；补齐本锅炉与治理设施对应关系
SRC-RAW-5CDF4FB5DB0CD2C04D05,PM10,SOURCE_RELATION_MISSING,GYGL仅为工业锅炉类别且企业有多台锅炉；补齐本锅炉与治理设施对应关系
SRC-RAW-5CDF4FB5DB0CD2C04D05,PM2.5,SOURCE_RELATION_MISSING,GYGL仅为工业锅炉类别且企业有多台锅炉；补齐本锅炉与治理设施对应关系
SRC-RAW-5CDF4FB5DB0CD2C04D05,NH3,SOURCE_RELATION_MISSING,工业锅炉类别脱硝设施对应多台锅炉；补齐设备—脱硝设施关系
SRC-RAW-5CDF4FB5DB0CD2C04D05,NH3,POLLUTANT_PARAMETER_MISSING,补齐脱硝SCR/SNCR工艺，表E.1按煤计的氨因子不能据设施名称选定
SRC-RAW-5CDF4FB5DB0CD2C04D05,NH3,factor_not_applicable,表E.1氨因子分母为煤，当前燃料天然气不具备可直接使用的氨因子；提供适用因子或实测氨排放
SRC-RAW-47792BC05F750C5B7235,NOx,SOURCE_RELATION_MISSING,GYGL仅为工业锅炉类别且企业有多台锅炉；补齐本锅炉与治理设施对应关系
SRC-RAW-47792BC05F750C5B7235,PM10,SOURCE_RELATION_MISSING,GYGL仅为工业锅炉类别且企业有多台锅炉；补齐本锅炉与治理设施对应关系
SRC-RAW-47792BC05F750C5B7235,PM2.5,SOURCE_RELATION_MISSING,GYGL仅为工业锅炉类别且企业有多台锅炉；补齐本锅炉与治理设施对应关系
SRC-RAW-47792BC05F750C5B7235,NH3,SOURCE_RELATION_MISSING,工业锅炉类别脱硝设施对应多台锅炉；补齐设备—脱硝设施关系
SRC-RAW-47792BC05F750C5B7235,NH3,POLLUTANT_PARAMETER_MISSING,补齐脱硝SCR/SNCR工艺，表E.1按煤计的氨因子不能据设施名称选定
SRC-RAW-47792BC05F750C5B7235,NH3,factor_not_applicable,表E.1氨因子分母为煤，当前燃料天然气不具备可直接使用的氨因子；提供适用因子或实测氨排放
SRC-RAW-2F6B0DC3F6DC94E1772B,PM10,POLLUTANT_PARAMETER_MISSING,治理工艺及去除效率缺失；补齐后按A.1选取
SRC-RAW-2F6B0DC3F6DC94E1772B,PM10,POLLUTANT_PARAMETER_MISSING,对应治理设施缺年度有效运行小时数，不能将平均效率直接当全年实际效率；补齐设施投运率；颗粒物需区分PM2.5和粗粒径效率
SRC-RAW-2F6B0DC3F6DC94E1772B,PM2.5,POLLUTANT_PARAMETER_MISSING,治理工艺及去除效率缺失；补齐后按A.1选取
SRC-RAW-2F6B0DC3F6DC94E1772B,PM2.5,POLLUTANT_PARAMETER_MISSING,对应治理设施缺年度有效运行小时数，不能将平均效率直接当全年实际效率；补齐设施投运率；颗粒物需区分PM2.5和粗粒径效率
SRC-RAW-8B25228558F046351F07,NOx,POLLUTANT_PARAMETER_MISSING,治理工艺及去除效率缺失；补齐后按A.1选取
SRC-RAW-8B25228558F046351F07,NOx,POLLUTANT_PARAMETER_MISSING,对应治理设施缺年度有效运行小时数，不能将平均效率直接当全年实际效率；补齐设施投运率；颗粒物需区分PM2.5和粗粒径效率
SRC-RAW-8B25228558F046351F07,PM10,POLLUTANT_PARAMETER_MISSING,治理工艺及去除效率缺失；补齐后按A.1选取
SRC-RAW-8B25228558F046351F07,PM10,POLLUTANT_PARAMETER_MISSING,对应治理设施缺年度有效运行小时数，不能将平均效率直接当全年实际效率；补齐设施投运率；颗粒物需区分PM2.5和粗粒径效率
SRC-RAW-8B25228558F046351F07,PM2.5,POLLUTANT_PARAMETER_MISSING,治理工艺及去除效率缺失；补齐后按A.1选取
SRC-RAW-8B25228558F046351F07,PM2.5,POLLUTANT_PARAMETER_MISSING,对应治理设施缺年度有效运行小时数，不能将平均效率直接当全年实际效率；补齐设施投运率；颗粒物需区分PM2.5和粗粒径效率
SRC-RAW-8B25228558F046351F07,NH3,POLLUTANT_PARAMETER_MISSING,补齐脱硝SCR/SNCR工艺，表E.1按煤计的氨因子不能据设施名称选定
SRC-RAW-8B25228558F046351F07,NH3,factor_not_applicable,表E.1氨因子分母为煤，当前燃料天然气不具备可直接使用的氨因子；提供适用因子或实测氨排放
SRC-RAW-1B95D2CA3FCBF36608A1,PM10,SOURCE_RELATION_MISSING,GYGL仅为工业锅炉类别且企业有多台锅炉；补齐本锅炉与治理设施对应关系
SRC-RAW-1B95D2CA3FCBF36608A1,PM2.5,SOURCE_RELATION_MISSING,GYGL仅为工业锅炉类别且企业有多台锅炉；补齐本锅炉与治理设施对应关系
SRC-RAW-A76B7757E313A9932413,PM10,SOURCE_RELATION_MISSING,GYGL仅为工业锅炉类别且企业有多台锅炉；补齐本锅炉与治理设施对应关系
SRC-RAW-A76B7757E313A9932413,PM2.5,SOURCE_RELATION_MISSING,GYGL仅为工业锅炉类别且企业有多台锅炉；补齐本锅炉与治理设施对应关系
SRC-RAW-071757BC057152F0C712,SO2,activity_unit_unresolved,燃料一单位吨标准煤与因子分母t不一致；补原燃料实物量或有依据的换算关系
SRC-RAW-071757BC057152F0C712,NOx,activity_unit_unresolved,燃料一单位吨标准煤与因子分母t不一致；补原燃料实物量或有依据的换算关系
SRC-RAW-071757BC057152F0C712,CO,activity_unit_unresolved,燃料一单位吨标准煤与因子分母t不一致；补原燃料实物量或有依据的换算关系
SRC-RAW-071757BC057152F0C712,VOC,activity_unit_unresolved,燃料一单位吨标准煤与因子分母t不一致；补原燃料实物量或有依据的换算关系
SRC-RAW-071757BC057152F0C712,PM10,activity_unit_unresolved,燃料一单位吨标准煤与因子分母t不一致；补原燃料实物量或有依据的换算关系
SRC-RAW-071757BC057152F0C712,PM10,POLLUTANT_PARAMETER_MISSING,对应治理设施缺年度有效运行小时数，不能将平均效率直接当全年实际效率；补齐设施投运率；颗粒物需区分PM2.5和粗粒径效率
SRC-RAW-071757BC057152F0C712,PM2.5,activity_unit_unresolved,燃料一单位吨标准煤与因子分母t不一致；补原燃料实物量或有依据的换算关系
SRC-RAW-071757BC057152F0C712,PM2.5,POLLUTANT_PARAMETER_MISSING,对应治理设施缺年度有效运行小时数，不能将平均效率直接当全年实际效率；补齐设施投运率；颗粒物需区分PM2.5和粗粒径效率
SRC-RAW-071757BC057152F0C712,BC,activity_unit_unresolved,燃料一单位吨标准煤与因子分母t不一致；补原燃料实物量或有依据的换算关系
SRC-RAW-071757BC057152F0C712,BC,POLLUTANT_PARAMETER_MISSING,对应治理设施缺年度有效运行小时数，不能将平均效率直接当全年实际效率；补齐设施投运率；颗粒物需区分PM2.5和粗粒径效率
SRC-RAW-071757BC057152F0C712,OC,activity_unit_unresolved,燃料一单位吨标准煤与因子分母t不一致；补原燃料实物量或有依据的换算关系
SRC-RAW-071757BC057152F0C712,OC,POLLUTANT_PARAMETER_MISSING,对应治理设施缺年度有效运行小时数，不能将平均效率直接当全年实际效率；补齐设施投运率；颗粒物需区分PM2.5和粗粒径效率
SRC-RAW-4FA3C26E8875FD34E1E8,PM10,SOURCE_RELATION_MISSING,GYGL仅为工业锅炉类别且企业有多台锅炉；补齐本锅炉与治理设施对应关系
SRC-RAW-4FA3C26E8875FD34E1E8,PM2.5,SOURCE_RELATION_MISSING,GYGL仅为工业锅炉类别且企业有多台锅炉；补齐本锅炉与治理设施对应关系
SRC-RAW-333CB81A30828771EF9A,NOx,POLLUTANT_PARAMETER_MISSING,是否采用低氮燃烧技术缺失；确认后选取NOx控制参数
SRC-RAW-F8AC40198DF43B9E6E3E,NOx,SOURCE_RELATION_MISSING,GYGL仅为工业锅炉类别且企业有多台锅炉；补齐本锅炉与治理设施对应关系
SRC-RAW-F8AC40198DF43B9E6E3E,PM10,SOURCE_RELATION_MISSING,GYGL仅为工业锅炉类别且企业有多台锅炉；补齐本锅炉与治理设施对应关系
SRC-RAW-F8AC40198DF43B9E6E3E,PM2.5,SOURCE_RELATION_MISSING,GYGL仅为工业锅炉类别且企业有多台锅炉；补齐本锅炉与治理设施对应关系
SRC-RAW-F8AC40198DF43B9E6E3E,NH3,SOURCE_RELATION_MISSING,工业锅炉类别脱硝设施对应多台锅炉；补齐设备—脱硝设施关系
SRC-RAW-F8AC40198DF43B9E6E3E,NH3,POLLUTANT_PARAMETER_MISSING,补齐脱硝SCR/SNCR工艺，表E.1按煤计的氨因子不能据设施名称选定
SRC-RAW-F8AC40198DF43B9E6E3E,NH3,factor_not_applicable,表E.1氨因子分母为煤，当前燃料天然气不具备可直接使用的氨因子；提供适用因子或实测氨排放
SRC-RAW-69C3AE04F75E383552BF,NOx,SOURCE_RELATION_MISSING,GYGL仅为工业锅炉类别且企业有多台锅炉；补齐本锅炉与治理设施对应关系
SRC-RAW-69C3AE04F75E383552BF,PM10,SOURCE_RELATION_MISSING,GYGL仅为工业锅炉类别且企业有多台锅炉；补齐本锅炉与治理设施对应关系
SRC-RAW-69C3AE04F75E383552BF,PM2.5,SOURCE_RELATION_MISSING,GYGL仅为工业锅炉类别且企业有多台锅炉；补齐本锅炉与治理设施对应关系
SRC-RAW-69C3AE04F75E383552BF,NH3,SOURCE_RELATION_MISSING,工业锅炉类别脱硝设施对应多台锅炉；补齐设备—脱硝设施关系
SRC-RAW-69C3AE04F75E383552BF,NH3,POLLUTANT_PARAMETER_MISSING,补齐脱硝SCR/SNCR工艺，表E.1按煤计的氨因子不能据设施名称选定
SRC-RAW-69C3AE04F75E383552BF,NH3,factor_not_applicable,表E.1氨因子分母为煤，当前燃料天然气不具备可直接使用的氨因子；提供适用因子或实测氨排放
SRC-RAW-CC40F2877C050BC18C0A,NOx,POLLUTANT_PARAMETER_MISSING,治理工艺及去除效率缺失；补齐后按A.1选取
SRC-RAW-CC40F2877C050BC18C0A,NOx,POLLUTANT_PARAMETER_MISSING,对应治理设施缺年度有效运行小时数，不能将平均效率直接当全年实际效率；补齐设施投运率；颗粒物需区分PM2.5和粗粒径效率
SRC-RAW-CC40F2877C050BC18C0A,PM10,POLLUTANT_PARAMETER_MISSING,治理工艺及去除效率缺失；补齐后按A.1选取
SRC-RAW-CC40F2877C050BC18C0A,PM10,POLLUTANT_PARAMETER_MISSING,对应治理设施缺年度有效运行小时数，不能将平均效率直接当全年实际效率；补齐设施投运率；颗粒物需区分PM2.5和粗粒径效率
SRC-RAW-CC40F2877C050BC18C0A,PM2.5,POLLUTANT_PARAMETER_MISSING,治理工艺及去除效率缺失；补齐后按A.1选取
SRC-RAW-CC40F2877C050BC18C0A,PM2.5,POLLUTANT_PARAMETER_MISSING,对应治理设施缺年度有效运行小时数，不能将平均效率直接当全年实际效率；补齐设施投运率；颗粒物需区分PM2.5和粗粒径效率
SRC-RAW-CC40F2877C050BC18C0A,NH3,POLLUTANT_PARAMETER_MISSING,补齐脱硝SCR/SNCR工艺，表E.1按煤计的氨因子不能据设施名称选定
SRC-RAW-CC40F2877C050BC18C0A,NH3,factor_not_applicable,表E.1氨因子分母为煤，当前燃料天然气不具备可直接使用的氨因子；提供适用因子或实测氨排放
SRC-RAW-FB60BCC79AFAB55861E6,NOx,SOURCE_RELATION_MISSING,GYGL仅为工业锅炉类别且企业有多台锅炉；补齐本锅炉与治理设施对应关系
SRC-RAW-FB60BCC79AFAB55861E6,PM10,SOURCE_RELATION_MISSING,GYGL仅为工业锅炉类别且企业有多台锅炉；补齐本锅炉与治理设施对应关系
SRC-RAW-FB60BCC79AFAB55861E6,PM2.5,SOURCE_RELATION_MISSING,GYGL仅为工业锅炉类别且企业有多台锅炉；补齐本锅炉与治理设施对应关系
SRC-RAW-FB60BCC79AFAB55861E6,NH3,SOURCE_RELATION_MISSING,工业锅炉类别脱硝设施对应多台锅炉；补齐设备—脱硝设施关系
SRC-RAW-FB60BCC79AFAB55861E6,NH3,POLLUTANT_PARAMETER_MISSING,补齐脱硝SCR/SNCR工艺，表E.1按煤计的氨因子不能据设施名称选定
SRC-RAW-FB60BCC79AFAB55861E6,NH3,factor_not_applicable,表E.1氨因子分母为煤，当前燃料天然气不具备可直接使用的氨因子；提供适用因子或实测氨排放
SRC-RAW-91DDD2B6951FF7D3C937,NOx,SOURCE_RELATION_MISSING,GYGL仅为工业锅炉类别且企业有多台锅炉；补齐本锅炉与治理设施对应关系
SRC-RAW-91DDD2B6951FF7D3C937,PM10,SOURCE_RELATION_MISSING,GYGL仅为工业锅炉类别且企业有多台锅炉；补齐本锅炉与治理设施对应关系
SRC-RAW-91DDD2B6951FF7D3C937,PM2.5,SOURCE_RELATION_MISSING,GYGL仅为工业锅炉类别且企业有多台锅炉；补齐本锅炉与治理设施对应关系
SRC-RAW-91DDD2B6951FF7D3C937,NH3,SOURCE_RELATION_MISSING,工业锅炉类别脱硝设施对应多台锅炉；补齐设备—脱硝设施关系
SRC-RAW-91DDD2B6951FF7D3C937,NH3,POLLUTANT_PARAMETER_MISSING,补齐脱硝SCR/SNCR工艺，表E.1按煤计的氨因子不能据设施名称选定
SRC-RAW-91DDD2B6951FF7D3C937,NH3,factor_not_applicable,表E.1氨因子分母为煤，当前燃料天然气不具备可直接使用的氨因子；提供适用因子或实测氨排放
SRC-RAW-72A68CDDB580674DD265,NOx,SOURCE_RELATION_MISSING,GYGL仅为工业锅炉类别且企业有多台锅炉；补齐本锅炉与治理设施对应关系
SRC-RAW-72A68CDDB580674DD265,PM10,SOURCE_RELATION_MISSING,GYGL仅为工业锅炉类别且企业有多台锅炉；补齐本锅炉与治理设施对应关系
SRC-RAW-72A68CDDB580674DD265,PM2.5,SOURCE_RELATION_MISSING,GYGL仅为工业锅炉类别且企业有多台锅炉；补齐本锅炉与治理设施对应关系
SRC-RAW-72A68CDDB580674DD265,BC,SOURCE_RELATION_MISSING,GYGL仅为工业锅炉类别且企业有多台锅炉；补齐本锅炉与治理设施对应关系
SRC-RAW-72A68CDDB580674DD265,OC,SOURCE_RELATION_MISSING,GYGL仅为工业锅炉类别且企业有多台锅炉；补齐本锅炉与治理设施对应关系
SRC-RAW-72A68CDDB580674DD265,NH3,SOURCE_RELATION_MISSING,工业锅炉类别脱硝设施对应多台锅炉；补齐设备—脱硝设施关系
SRC-RAW-72A68CDDB580674DD265,NH3,POLLUTANT_PARAMETER_MISSING,补齐脱硝SCR/SNCR工艺，表E.1按煤计的氨因子不能据设施名称选定
SRC-RAW-72A68CDDB580674DD265,NH3,factor_not_applicable,表E.1氨因子分母为煤，当前燃料炼厂干气不具备可直接使用的氨因子；提供适用因子或实测氨排放
SRC-RAW-72A68CDDB580674DD265,NH3,factor_not_applicable,表E.1氨因子分母为煤，当前燃料燃料油不具备可直接使用的氨因子；提供适用因子或实测氨排放
SRC-RAW-2F50DE9B3E7F42A53476,NOx,SOURCE_RELATION_MISSING,GYGL仅为工业锅炉类别且企业有多台锅炉；补齐本锅炉与治理设施对应关系
SRC-RAW-2F50DE9B3E7F42A53476,PM10,SOURCE_RELATION_MISSING,GYGL仅为工业锅炉类别且企业有多台锅炉；补齐本锅炉与治理设施对应关系
SRC-RAW-2F50DE9B3E7F42A53476,PM2.5,SOURCE_RELATION_MISSING,GYGL仅为工业锅炉类别且企业有多台锅炉；补齐本锅炉与治理设施对应关系
SRC-RAW-2F50DE9B3E7F42A53476,BC,SOURCE_RELATION_MISSING,GYGL仅为工业锅炉类别且企业有多台锅炉；补齐本锅炉与治理设施对应关系
SRC-RAW-2F50DE9B3E7F42A53476,OC,SOURCE_RELATION_MISSING,GYGL仅为工业锅炉类别且企业有多台锅炉；补齐本锅炉与治理设施对应关系
SRC-RAW-2F50DE9B3E7F42A53476,NH3,SOURCE_RELATION_MISSING,工业锅炉类别脱硝设施对应多台锅炉；补齐设备—脱硝设施关系
SRC-RAW-2F50DE9B3E7F42A53476,NH3,POLLUTANT_PARAMETER_MISSING,补齐脱硝SCR/SNCR工艺，表E.1按煤计的氨因子不能据设施名称选定
SRC-RAW-2F50DE9B3E7F42A53476,NH3,factor_not_applicable,表E.1氨因子分母为煤，当前燃料炼厂干气不具备可直接使用的氨因子；提供适用因子或实测氨排放
SRC-RAW-2F50DE9B3E7F42A53476,NH3,factor_not_applicable,表E.1氨因子分母为煤，当前燃料燃料油不具备可直接使用的氨因子；提供适用因子或实测氨排放
SRC-RAW-57143EC38889071DBB00,NOx,SOURCE_RELATION_MISSING,GYGL仅为工业锅炉类别且企业有多台锅炉；补齐本锅炉与治理设施对应关系
SRC-RAW-57143EC38889071DBB00,PM10,SOURCE_RELATION_MISSING,GYGL仅为工业锅炉类别且企业有多台锅炉；补齐本锅炉与治理设施对应关系
SRC-RAW-57143EC38889071DBB00,PM2.5,SOURCE_RELATION_MISSING,GYGL仅为工业锅炉类别且企业有多台锅炉；补齐本锅炉与治理设施对应关系
SRC-RAW-57143EC38889071DBB00,BC,SOURCE_RELATION_MISSING,GYGL仅为工业锅炉类别且企业有多台锅炉；补齐本锅炉与治理设施对应关系
SRC-RAW-57143EC38889071DBB00,OC,SOURCE_RELATION_MISSING,GYGL仅为工业锅炉类别且企业有多台锅炉；补齐本锅炉与治理设施对应关系
SRC-RAW-57143EC38889071DBB00,NH3,SOURCE_RELATION_MISSING,工业锅炉类别脱硝设施对应多台锅炉；补齐设备—脱硝设施关系
SRC-RAW-57143EC38889071DBB00,NH3,POLLUTANT_PARAMETER_MISSING,补齐脱硝SCR/SNCR工艺，表E.1按煤计的氨因子不能据设施名称选定
SRC-RAW-57143EC38889071DBB00,NH3,factor_not_applicable,表E.1氨因子分母为煤，当前燃料炼厂干气不具备可直接使用的氨因子；提供适用因子或实测氨排放
SRC-RAW-57143EC38889071DBB00,NH3,factor_not_applicable,表E.1氨因子分母为煤，当前燃料燃料油不具备可直接使用的氨因子；提供适用因子或实测氨排放
SRC-RAW-50268E666EDB3B5798FB,NOx,SOURCE_RELATION_MISSING,GYGL仅为工业锅炉类别且企业有多台锅炉；补齐本锅炉与治理设施对应关系
SRC-RAW-50268E666EDB3B5798FB,PM10,SOURCE_RELATION_MISSING,GYGL仅为工业锅炉类别且企业有多台锅炉；补齐本锅炉与治理设施对应关系
SRC-RAW-50268E666EDB3B5798FB,PM2.5,SOURCE_RELATION_MISSING,GYGL仅为工业锅炉类别且企业有多台锅炉；补齐本锅炉与治理设施对应关系
SRC-RAW-50268E666EDB3B5798FB,NH3,SOURCE_RELATION_MISSING,工业锅炉类别脱硝设施对应多台锅炉；补齐设备—脱硝设施关系
SRC-RAW-50268E666EDB3B5798FB,NH3,POLLUTANT_PARAMETER_MISSING,补齐脱硝SCR/SNCR工艺，表E.1按煤计的氨因子不能据设施名称选定
SRC-RAW-50268E666EDB3B5798FB,NH3,factor_not_applicable,表E.1氨因子分母为煤，当前燃料天然气不具备可直接使用的氨因子；提供适用因子或实测氨排放
SRC-RAW-0FE64D27DD81E4DBA64E,NOx,SOURCE_RELATION_MISSING,GYGL仅为工业锅炉类别且企业有多台锅炉；补齐本锅炉与治理设施对应关系
SRC-RAW-0FE64D27DD81E4DBA64E,PM10,SOURCE_RELATION_MISSING,GYGL仅为工业锅炉类别且企业有多台锅炉；补齐本锅炉与治理设施对应关系
SRC-RAW-0FE64D27DD81E4DBA64E,PM2.5,SOURCE_RELATION_MISSING,GYGL仅为工业锅炉类别且企业有多台锅炉；补齐本锅炉与治理设施对应关系
SRC-RAW-0FE64D27DD81E4DBA64E,NH3,SOURCE_RELATION_MISSING,工业锅炉类别脱硝设施对应多台锅炉；补齐设备—脱硝设施关系
SRC-RAW-0FE64D27DD81E4DBA64E,NH3,POLLUTANT_PARAMETER_MISSING,补齐脱硝SCR/SNCR工艺，表E.1按煤计的氨因子不能据设施名称选定
SRC-RAW-0FE64D27DD81E4DBA64E,NH3,factor_not_applicable,表E.1氨因子分母为煤，当前燃料天然气不具备可直接使用的氨因子；提供适用因子或实测氨排放
SRC-RAW-6932E6388AB66A055186,NOx,SOURCE_RELATION_MISSING,GYGL仅为工业锅炉类别且企业有多台锅炉；补齐本锅炉与治理设施对应关系
SRC-RAW-6932E6388AB66A055186,PM10,SOURCE_RELATION_MISSING,GYGL仅为工业锅炉类别且企业有多台锅炉；补齐本锅炉与治理设施对应关系
SRC-RAW-6932E6388AB66A055186,PM2.5,SOURCE_RELATION_MISSING,GYGL仅为工业锅炉类别且企业有多台锅炉；补齐本锅炉与治理设施对应关系
SRC-RAW-6932E6388AB66A055186,NH3,SOURCE_RELATION_MISSING,工业锅炉类别脱硝设施对应多台锅炉；补齐设备—脱硝设施关系
SRC-RAW-6932E6388AB66A055186,NH3,POLLUTANT_PARAMETER_MISSING,补齐脱硝SCR/SNCR工艺，表E.1按煤计的氨因子不能据设施名称选定
SRC-RAW-6932E6388AB66A055186,NH3,factor_not_applicable,表E.1氨因子分母为煤，当前燃料天然气不具备可直接使用的氨因子；提供适用因子或实测氨排放
SRC-RAW-70A34C0A536CDD1682F4,NOx,SOURCE_RELATION_MISSING,GYGL仅为工业锅炉类别且企业有多台锅炉；补齐本锅炉与治理设施对应关系
SRC-RAW-70A34C0A536CDD1682F4,PM10,SOURCE_RELATION_MISSING,GYGL仅为工业锅炉类别且企业有多台锅炉；补齐本锅炉与治理设施对应关系
SRC-RAW-70A34C0A536CDD1682F4,PM2.5,SOURCE_RELATION_MISSING,GYGL仅为工业锅炉类别且企业有多台锅炉；补齐本锅炉与治理设施对应关系
SRC-RAW-70A34C0A536CDD1682F4,NH3,SOURCE_RELATION_MISSING,工业锅炉类别脱硝设施对应多台锅炉；补齐设备—脱硝设施关系
SRC-RAW-70A34C0A536CDD1682F4,NH3,POLLUTANT_PARAMETER_MISSING,补齐脱硝SCR/SNCR工艺，表E.1按煤计的氨因子不能据设施名称选定
SRC-RAW-70A34C0A536CDD1682F4,NH3,factor_not_applicable,表E.1氨因子分母为煤，当前燃料天然气不具备可直接使用的氨因子；提供适用因子或实测氨排放
SRC-RAW-AE00FD77072B88B8E606,NOx,SOURCE_RELATION_MISSING,GYGL仅为工业锅炉类别且企业有多台锅炉；补齐本锅炉与治理设施对应关系
SRC-RAW-AE00FD77072B88B8E606,PM10,SOURCE_RELATION_MISSING,GYGL仅为工业锅炉类别且企业有多台锅炉；补齐本锅炉与治理设施对应关系
SRC-RAW-AE00FD77072B88B8E606,PM2.5,SOURCE_RELATION_MISSING,GYGL仅为工业锅炉类别且企业有多台锅炉；补齐本锅炉与治理设施对应关系
SRC-RAW-AE00FD77072B88B8E606,NH3,SOURCE_RELATION_MISSING,工业锅炉类别脱硝设施对应多台锅炉；补齐设备—脱硝设施关系
SRC-RAW-AE00FD77072B88B8E606,NH3,POLLUTANT_PARAMETER_MISSING,补齐脱硝SCR/SNCR工艺，表E.1按煤计的氨因子不能据设施名称选定
SRC-RAW-AE00FD77072B88B8E606,NH3,factor_not_applicable,表E.1氨因子分母为煤，当前燃料天然气不具备可直接使用的氨因子；提供适用因子或实测氨排放
SRC-RAW-D715143745E98373535D,NOx,SOURCE_RELATION_MISSING,GYGL仅为工业锅炉类别且企业有多台锅炉；补齐本锅炉与治理设施对应关系
SRC-RAW-D715143745E98373535D,PM10,SOURCE_RELATION_MISSING,GYGL仅为工业锅炉类别且企业有多台锅炉；补齐本锅炉与治理设施对应关系
SRC-RAW-D715143745E98373535D,PM2.5,SOURCE_RELATION_MISSING,GYGL仅为工业锅炉类别且企业有多台锅炉；补齐本锅炉与治理设施对应关系
SRC-RAW-D715143745E98373535D,NH3,SOURCE_RELATION_MISSING,工业锅炉类别脱硝设施对应多台锅炉；补齐设备—脱硝设施关系
SRC-RAW-D715143745E98373535D,NH3,POLLUTANT_PARAMETER_MISSING,补齐脱硝SCR/SNCR工艺，表E.1按煤计的氨因子不能据设施名称选定
SRC-RAW-D715143745E98373535D,NH3,factor_not_applicable,表E.1氨因子分母为煤，当前燃料天然气不具备可直接使用的氨因子；提供适用因子或实测氨排放
SRC-RAW-B6B4839CDCF33FE98EFA,PM10,SOURCE_RELATION_MISSING,GYGL仅为工业锅炉类别且企业有多台锅炉；补齐本锅炉与治理设施对应关系
SRC-RAW-B6B4839CDCF33FE98EFA,PM2.5,SOURCE_RELATION_MISSING,GYGL仅为工业锅炉类别且企业有多台锅炉；补齐本锅炉与治理设施对应关系
SRC-RAW-2CA83F3109A175A47C42,PM10,POLLUTANT_PARAMETER_MISSING,对应治理设施缺年度有效运行小时数，不能将平均效率直接当全年实际效率；补齐设施投运率；颗粒物需区分PM2.5和粗粒径效率
SRC-RAW-2CA83F3109A175A47C42,PM2.5,POLLUTANT_PARAMETER_MISSING,对应治理设施缺年度有效运行小时数，不能将平均效率直接当全年实际效率；补齐设施投运率；颗粒物需区分PM2.5和粗粒径效率
SRC-RAW-82905253E15E7B88DC20,SO2,POLLUTANT_PARAMETER_MISSING,对应治理设施缺年度有效运行小时数，不能将平均效率直接当全年实际效率；补齐设施投运率；颗粒物需区分PM2.5和粗粒径效率
SRC-RAW-82905253E15E7B88DC20,NOx,POLLUTANT_PARAMETER_MISSING,对应治理设施缺年度有效运行小时数，不能将平均效率直接当全年实际效率；补齐设施投运率；颗粒物需区分PM2.5和粗粒径效率
SRC-RAW-82905253E15E7B88DC20,PM10,POLLUTANT_PARAMETER_MISSING,对应治理设施缺年度有效运行小时数，不能将平均效率直接当全年实际效率；补齐设施投运率；颗粒物需区分PM2.5和粗粒径效率
SRC-RAW-82905253E15E7B88DC20,PM2.5,POLLUTANT_PARAMETER_MISSING,对应治理设施缺年度有效运行小时数，不能将平均效率直接当全年实际效率；补齐设施投运率；颗粒物需区分PM2.5和粗粒径效率
SRC-RAW-82905253E15E7B88DC20,BC,POLLUTANT_PARAMETER_MISSING,对应治理设施缺年度有效运行小时数，不能将平均效率直接当全年实际效率；补齐设施投运率；颗粒物需区分PM2.5和粗粒径效率
SRC-RAW-82905253E15E7B88DC20,NH3,POLLUTANT_PARAMETER_MISSING,补齐脱硝SCR/SNCR工艺，表E.1按煤计的氨因子不能据设施名称选定
SRC-RAW-9DB0FCA44BB323504B82,SO2,POLLUTANT_PARAMETER_MISSING,对应治理设施缺年度有效运行小时数，不能将平均效率直接当全年实际效率；补齐设施投运率；颗粒物需区分PM2.5和粗粒径效率
SRC-RAW-9DB0FCA44BB323504B82,PM10,POLLUTANT_PARAMETER_MISSING,对应治理设施缺年度有效运行小时数，不能将平均效率直接当全年实际效率；补齐设施投运率；颗粒物需区分PM2.5和粗粒径效率
SRC-RAW-9DB0FCA44BB323504B82,PM2.5,POLLUTANT_PARAMETER_MISSING,对应治理设施缺年度有效运行小时数，不能将平均效率直接当全年实际效率；补齐设施投运率；颗粒物需区分PM2.5和粗粒径效率
SRC-RAW-9DB0FCA44BB323504B82,BC,POLLUTANT_PARAMETER_MISSING,对应治理设施缺年度有效运行小时数，不能将平均效率直接当全年实际效率；补齐设施投运率；颗粒物需区分PM2.5和粗粒径效率
SRC-RAW-B2A6B348A08CC9E748C9,SO2,activity_unit_unresolved,燃料一单位吨标准煤与因子分母t不一致；补原燃料实物量或有依据的换算关系
SRC-RAW-B2A6B348A08CC9E748C9,NOx,activity_unit_unresolved,燃料一单位吨标准煤与因子分母t不一致；补原燃料实物量或有依据的换算关系
SRC-RAW-B2A6B348A08CC9E748C9,CO,activity_unit_unresolved,燃料一单位吨标准煤与因子分母t不一致；补原燃料实物量或有依据的换算关系
SRC-RAW-B2A6B348A08CC9E748C9,VOC,activity_unit_unresolved,燃料一单位吨标准煤与因子分母t不一致；补原燃料实物量或有依据的换算关系
SRC-RAW-B2A6B348A08CC9E748C9,PM10,activity_unit_unresolved,燃料一单位吨标准煤与因子分母t不一致；补原燃料实物量或有依据的换算关系
SRC-RAW-B2A6B348A08CC9E748C9,PM2.5,activity_unit_unresolved,燃料一单位吨标准煤与因子分母t不一致；补原燃料实物量或有依据的换算关系
SRC-RAW-B2A6B348A08CC9E748C9,BC,activity_unit_unresolved,燃料一单位吨标准煤与因子分母t不一致；补原燃料实物量或有依据的换算关系
SRC-RAW-B2A6B348A08CC9E748C9,OC,activity_unit_unresolved,燃料一单位吨标准煤与因子分母t不一致；补原燃料实物量或有依据的换算关系
SRC-RAW-97525A6EE2179559F6B5,SO2,POLLUTANT_PARAMETER_MISSING,治理工艺及去除效率缺失；补齐后按A.1选取
SRC-RAW-97525A6EE2179559F6B5,SO2,POLLUTANT_PARAMETER_MISSING,对应治理设施缺年度有效运行小时数，不能将平均效率直接当全年实际效率；补齐设施投运率；颗粒物需区分PM2.5和粗粒径效率
SRC-RAW-97525A6EE2179559F6B5,NOx,POLLUTANT_PARAMETER_MISSING,燃烧方式其他不足以选取E.7的CO/NOx/VOC系数；确认手动或自动炉排
SRC-RAW-97525A6EE2179559F6B5,NOx,POLLUTANT_PARAMETER_MISSING,治理工艺及去除效率缺失；补齐后按A.1选取
SRC-RAW-97525A6EE2179559F6B5,NOx,POLLUTANT_PARAMETER_MISSING,对应治理设施缺年度有效运行小时数，不能将平均效率直接当全年实际效率；补齐设施投运率；颗粒物需区分PM2.5和粗粒径效率
SRC-RAW-97525A6EE2179559F6B5,CO,POLLUTANT_PARAMETER_MISSING,燃烧方式其他不足以选取E.7的CO/NOx/VOC系数；确认手动或自动炉排
SRC-RAW-97525A6EE2179559F6B5,VOC,POLLUTANT_PARAMETER_MISSING,燃烧方式其他不足以选取E.7的CO/NOx/VOC系数；确认手动或自动炉排
SRC-RAW-97525A6EE2179559F6B5,PM10,POLLUTANT_PARAMETER_MISSING,燃烧方式其他不足以选取C.1—C.3参数；补齐炉型
SRC-RAW-97525A6EE2179559F6B5,PM10,POLLUTANT_PARAMETER_MISSING,治理工艺及去除效率缺失；补齐后按A.1选取
SRC-RAW-97525A6EE2179559F6B5,PM10,POLLUTANT_PARAMETER_MISSING,对应治理设施缺年度有效运行小时数，不能将平均效率直接当全年实际效率；补齐设施投运率；颗粒物需区分PM2.5和粗粒径效率
SRC-RAW-97525A6EE2179559F6B5,PM2.5,POLLUTANT_PARAMETER_MISSING,燃烧方式其他不足以选取C.1—C.3参数；补齐炉型
SRC-RAW-97525A6EE2179559F6B5,PM2.5,POLLUTANT_PARAMETER_MISSING,治理工艺及去除效率缺失；补齐后按A.1选取
SRC-RAW-97525A6EE2179559F6B5,PM2.5,POLLUTANT_PARAMETER_MISSING,对应治理设施缺年度有效运行小时数，不能将平均效率直接当全年实际效率；补齐设施投运率；颗粒物需区分PM2.5和粗粒径效率
SRC-RAW-97525A6EE2179559F6B5,BC,POLLUTANT_PARAMETER_MISSING,燃烧方式其他不足以选取C.1—C.3参数；补齐炉型
SRC-RAW-97525A6EE2179559F6B5,BC,POLLUTANT_PARAMETER_MISSING,治理工艺及去除效率缺失；补齐后按A.1选取
SRC-RAW-97525A6EE2179559F6B5,BC,POLLUTANT_PARAMETER_MISSING,对应治理设施缺年度有效运行小时数，不能将平均效率直接当全年实际效率；补齐设施投运率；颗粒物需区分PM2.5和粗粒径效率
SRC-RAW-97525A6EE2179559F6B5,OC,POLLUTANT_PARAMETER_MISSING,燃烧方式其他不足以选取C.1—C.3参数；补齐炉型
SRC-RAW-97525A6EE2179559F6B5,OC,POLLUTANT_PARAMETER_MISSING,治理工艺及去除效率缺失；补齐后按A.1选取
SRC-RAW-97525A6EE2179559F6B5,OC,POLLUTANT_PARAMETER_MISSING,对应治理设施缺年度有效运行小时数，不能将平均效率直接当全年实际效率；补齐设施投运率；颗粒物需区分PM2.5和粗粒径效率
SRC-RAW-97525A6EE2179559F6B5,NH3,POLLUTANT_PARAMETER_MISSING,补齐脱硝SCR/SNCR工艺，表E.1按煤计的氨因子不能据设施名称选定
SRC-RAW-52E07F5C31FBAB39185B,SO2,SOURCE_RELATION_MISSING,GYGL仅为工业锅炉类别且企业有多台锅炉；补齐本锅炉与治理设施对应关系
SRC-RAW-52E07F5C31FBAB39185B,PM10,SOURCE_RELATION_MISSING,GYGL仅为工业锅炉类别且企业有多台锅炉；补齐本锅炉与治理设施对应关系
SRC-RAW-52E07F5C31FBAB39185B,PM2.5,SOURCE_RELATION_MISSING,GYGL仅为工业锅炉类别且企业有多台锅炉；补齐本锅炉与治理设施对应关系
SRC-RAW-52E07F5C31FBAB39185B,BC,SOURCE_RELATION_MISSING,GYGL仅为工业锅炉类别且企业有多台锅炉；补齐本锅炉与治理设施对应关系
SRC-RAW-798CE41CE8AE4445D745,SO2,SOURCE_RELATION_MISSING,GYGL仅为工业锅炉类别且企业有多台锅炉；补齐本锅炉与治理设施对应关系
SRC-RAW-798CE41CE8AE4445D745,NOx,SOURCE_RELATION_MISSING,GYGL仅为工业锅炉类别且企业有多台锅炉；补齐本锅炉与治理设施对应关系
SRC-RAW-798CE41CE8AE4445D745,PM10,SOURCE_RELATION_MISSING,GYGL仅为工业锅炉类别且企业有多台锅炉；补齐本锅炉与治理设施对应关系
SRC-RAW-798CE41CE8AE4445D745,PM2.5,SOURCE_RELATION_MISSING,GYGL仅为工业锅炉类别且企业有多台锅炉；补齐本锅炉与治理设施对应关系
SRC-RAW-798CE41CE8AE4445D745,BC,SOURCE_RELATION_MISSING,GYGL仅为工业锅炉类别且企业有多台锅炉；补齐本锅炉与治理设施对应关系
SRC-RAW-798CE41CE8AE4445D745,OC,SOURCE_RELATION_MISSING,GYGL仅为工业锅炉类别且企业有多台锅炉；补齐本锅炉与治理设施对应关系
SRC-RAW-798CE41CE8AE4445D745,NH3,SOURCE_RELATION_MISSING,工业锅炉类别脱硝设施对应多台锅炉；补齐设备—脱硝设施关系
SRC-RAW-798CE41CE8AE4445D745,NH3,POLLUTANT_PARAMETER_MISSING,补齐脱硝SCR/SNCR工艺，表E.1按煤计的氨因子不能据设施名称选定
SRC-RAW-F1E3277CC2B3CFF211F1,SO2,SOURCE_RELATION_MISSING,GYGL仅为工业锅炉类别且企业有多台锅炉；补齐本锅炉与治理设施对应关系
SRC-RAW-F1E3277CC2B3CFF211F1,NOx,SOURCE_RELATION_MISSING,GYGL仅为工业锅炉类别且企业有多台锅炉；补齐本锅炉与治理设施对应关系
SRC-RAW-F1E3277CC2B3CFF211F1,PM10,SOURCE_RELATION_MISSING,GYGL仅为工业锅炉类别且企业有多台锅炉；补齐本锅炉与治理设施对应关系
SRC-RAW-F1E3277CC2B3CFF211F1,PM2.5,SOURCE_RELATION_MISSING,GYGL仅为工业锅炉类别且企业有多台锅炉；补齐本锅炉与治理设施对应关系
SRC-RAW-F1E3277CC2B3CFF211F1,BC,SOURCE_RELATION_MISSING,GYGL仅为工业锅炉类别且企业有多台锅炉；补齐本锅炉与治理设施对应关系
SRC-RAW-F1E3277CC2B3CFF211F1,NH3,SOURCE_RELATION_MISSING,工业锅炉类别脱硝设施对应多台锅炉；补齐设备—脱硝设施关系
SRC-RAW-F1E3277CC2B3CFF211F1,NH3,POLLUTANT_PARAMETER_MISSING,补齐脱硝SCR/SNCR工艺，表E.1按煤计的氨因子不能据设施名称选定
SRC-RAW-A5B1DACBBC19C211C37F,PM10,SOURCE_RELATION_MISSING,GYGL仅为工业锅炉类别且企业有多台锅炉；补齐本锅炉与治理设施对应关系
SRC-RAW-A5B1DACBBC19C211C37F,PM2.5,SOURCE_RELATION_MISSING,GYGL仅为工业锅炉类别且企业有多台锅炉；补齐本锅炉与治理设施对应关系
SRC-RAW-41F81AA4E0623B23C3DF,SO2,activity_unit_unresolved,燃料一单位吨标准煤与因子分母t不一致；补原燃料实物量或有依据的换算关系
SRC-RAW-41F81AA4E0623B23C3DF,NOx,activity_unit_unresolved,燃料一单位吨标准煤与因子分母t不一致；补原燃料实物量或有依据的换算关系
SRC-RAW-41F81AA4E0623B23C3DF,CO,activity_unit_unresolved,燃料一单位吨标准煤与因子分母t不一致；补原燃料实物量或有依据的换算关系
SRC-RAW-41F81AA4E0623B23C3DF,VOC,activity_unit_unresolved,燃料一单位吨标准煤与因子分母t不一致；补原燃料实物量或有依据的换算关系
SRC-RAW-41F81AA4E0623B23C3DF,PM10,activity_unit_unresolved,燃料一单位吨标准煤与因子分母t不一致；补原燃料实物量或有依据的换算关系
SRC-RAW-41F81AA4E0623B23C3DF,PM2.5,activity_unit_unresolved,燃料一单位吨标准煤与因子分母t不一致；补原燃料实物量或有依据的换算关系
SRC-RAW-41F81AA4E0623B23C3DF,BC,activity_unit_unresolved,燃料一单位吨标准煤与因子分母t不一致；补原燃料实物量或有依据的换算关系
SRC-RAW-41F81AA4E0623B23C3DF,OC,activity_unit_unresolved,燃料一单位吨标准煤与因子分母t不一致；补原燃料实物量或有依据的换算关系
SRC-RAW-37AAEA0EAF9F332B9EBD,SO2,activity_unit_unresolved,燃料一单位吨标准煤与因子分母t不一致；补原燃料实物量或有依据的换算关系
SRC-RAW-37AAEA0EAF9F332B9EBD,NOx,activity_unit_unresolved,燃料一单位吨标准煤与因子分母t不一致；补原燃料实物量或有依据的换算关系
SRC-RAW-37AAEA0EAF9F332B9EBD,CO,activity_unit_unresolved,燃料一单位吨标准煤与因子分母t不一致；补原燃料实物量或有依据的换算关系
SRC-RAW-37AAEA0EAF9F332B9EBD,VOC,activity_unit_unresolved,燃料一单位吨标准煤与因子分母t不一致；补原燃料实物量或有依据的换算关系
SRC-RAW-37AAEA0EAF9F332B9EBD,PM10,activity_unit_unresolved,燃料一单位吨标准煤与因子分母t不一致；补原燃料实物量或有依据的换算关系
SRC-RAW-37AAEA0EAF9F332B9EBD,PM2.5,activity_unit_unresolved,燃料一单位吨标准煤与因子分母t不一致；补原燃料实物量或有依据的换算关系
SRC-RAW-37AAEA0EAF9F332B9EBD,BC,activity_unit_unresolved,燃料一单位吨标准煤与因子分母t不一致；补原燃料实物量或有依据的换算关系
SRC-RAW-37AAEA0EAF9F332B9EBD,OC,activity_unit_unresolved,燃料一单位吨标准煤与因子分母t不一致；补原燃料实物量或有依据的换算关系
SRC-RAW-ED2DFC5FF1B8EBF65D91,SO2,activity_unit_unresolved,燃料一单位吨标准煤与因子分母t不一致；补原燃料实物量或有依据的换算关系
SRC-RAW-ED2DFC5FF1B8EBF65D91,NOx,activity_unit_unresolved,燃料一单位吨标准煤与因子分母t不一致；补原燃料实物量或有依据的换算关系
SRC-RAW-ED2DFC5FF1B8EBF65D91,CO,activity_unit_unresolved,燃料一单位吨标准煤与因子分母t不一致；补原燃料实物量或有依据的换算关系
SRC-RAW-ED2DFC5FF1B8EBF65D91,VOC,activity_unit_unresolved,燃料一单位吨标准煤与因子分母t不一致；补原燃料实物量或有依据的换算关系
SRC-RAW-ED2DFC5FF1B8EBF65D91,PM10,activity_unit_unresolved,燃料一单位吨标准煤与因子分母t不一致；补原燃料实物量或有依据的换算关系
SRC-RAW-ED2DFC5FF1B8EBF65D91,PM2.5,activity_unit_unresolved,燃料一单位吨标准煤与因子分母t不一致；补原燃料实物量或有依据的换算关系
SRC-RAW-ED2DFC5FF1B8EBF65D91,BC,activity_unit_unresolved,燃料一单位吨标准煤与因子分母t不一致；补原燃料实物量或有依据的换算关系
SRC-RAW-ED2DFC5FF1B8EBF65D91,OC,activity_unit_unresolved,燃料一单位吨标准煤与因子分母t不一致；补原燃料实物量或有依据的换算关系
SRC-RAW-C61D3C4A6715C7D08976,SO2,activity_unit_unresolved,燃料一单位吨标准煤与因子分母t不一致；补原燃料实物量或有依据的换算关系
SRC-RAW-C61D3C4A6715C7D08976,NOx,activity_unit_unresolved,燃料一单位吨标准煤与因子分母t不一致；补原燃料实物量或有依据的换算关系
SRC-RAW-C61D3C4A6715C7D08976,CO,activity_unit_unresolved,燃料一单位吨标准煤与因子分母t不一致；补原燃料实物量或有依据的换算关系
SRC-RAW-C61D3C4A6715C7D08976,VOC,activity_unit_unresolved,燃料一单位吨标准煤与因子分母t不一致；补原燃料实物量或有依据的换算关系
SRC-RAW-C61D3C4A6715C7D08976,PM10,activity_unit_unresolved,燃料一单位吨标准煤与因子分母t不一致；补原燃料实物量或有依据的换算关系
SRC-RAW-C61D3C4A6715C7D08976,PM2.5,activity_unit_unresolved,燃料一单位吨标准煤与因子分母t不一致；补原燃料实物量或有依据的换算关系
SRC-RAW-C61D3C4A6715C7D08976,BC,activity_unit_unresolved,燃料一单位吨标准煤与因子分母t不一致；补原燃料实物量或有依据的换算关系
SRC-RAW-C61D3C4A6715C7D08976,OC,activity_unit_unresolved,燃料一单位吨标准煤与因子分母t不一致；补原燃料实物量或有依据的换算关系
SRC-RAW-5DD8916B496891A18FEE,SO2,SOURCE_RELATION_MISSING,GYGL仅为工业锅炉类别且企业有多台锅炉；补齐本锅炉与治理设施对应关系
SRC-RAW-5DD8916B496891A18FEE,NOx,POLLUTANT_PARAMETER_MISSING,燃烧方式其他层燃炉不足以选取E.7的CO/NOx/VOC系数；确认手动或自动炉排
SRC-RAW-5DD8916B496891A18FEE,CO,POLLUTANT_PARAMETER_MISSING,燃烧方式其他层燃炉不足以选取E.7的CO/NOx/VOC系数；确认手动或自动炉排
SRC-RAW-5DD8916B496891A18FEE,VOC,POLLUTANT_PARAMETER_MISSING,燃烧方式其他层燃炉不足以选取E.7的CO/NOx/VOC系数；确认手动或自动炉排
SRC-RAW-5DD8916B496891A18FEE,PM10,SOURCE_RELATION_MISSING,GYGL仅为工业锅炉类别且企业有多台锅炉；补齐本锅炉与治理设施对应关系
SRC-RAW-5DD8916B496891A18FEE,PM2.5,SOURCE_RELATION_MISSING,GYGL仅为工业锅炉类别且企业有多台锅炉；补齐本锅炉与治理设施对应关系
SRC-RAW-5DD8916B496891A18FEE,BC,SOURCE_RELATION_MISSING,GYGL仅为工业锅炉类别且企业有多台锅炉；补齐本锅炉与治理设施对应关系
SRC-RAW-5DD8916B496891A18FEE,OC,SOURCE_RELATION_MISSING,GYGL仅为工业锅炉类别且企业有多台锅炉；补齐本锅炉与治理设施对应关系
SRC-RAW-BE2999A8F9E6B8742D32,SO2,SOURCE_RELATION_MISSING,GYGL仅为工业锅炉类别且企业有多台锅炉；补齐本锅炉与治理设施对应关系
SRC-RAW-BE2999A8F9E6B8742D32,NOx,POLLUTANT_PARAMETER_MISSING,燃烧方式其他层燃炉不足以选取E.7的CO/NOx/VOC系数；确认手动或自动炉排
SRC-RAW-BE2999A8F9E6B8742D32,CO,POLLUTANT_PARAMETER_MISSING,燃烧方式其他层燃炉不足以选取E.7的CO/NOx/VOC系数；确认手动或自动炉排
SRC-RAW-BE2999A8F9E6B8742D32,VOC,POLLUTANT_PARAMETER_MISSING,燃烧方式其他层燃炉不足以选取E.7的CO/NOx/VOC系数；确认手动或自动炉排
SRC-RAW-BE2999A8F9E6B8742D32,PM10,SOURCE_RELATION_MISSING,GYGL仅为工业锅炉类别且企业有多台锅炉；补齐本锅炉与治理设施对应关系
SRC-RAW-BE2999A8F9E6B8742D32,PM2.5,SOURCE_RELATION_MISSING,GYGL仅为工业锅炉类别且企业有多台锅炉；补齐本锅炉与治理设施对应关系
SRC-RAW-BE2999A8F9E6B8742D32,BC,SOURCE_RELATION_MISSING,GYGL仅为工业锅炉类别且企业有多台锅炉；补齐本锅炉与治理设施对应关系
SRC-RAW-BE2999A8F9E6B8742D32,OC,SOURCE_RELATION_MISSING,GYGL仅为工业锅炉类别且企业有多台锅炉；补齐本锅炉与治理设施对应关系
SRC-RAW-E18FF30F3E908AAEF694,SO2,SOURCE_RELATION_MISSING,GYGL仅为工业锅炉类别且企业有多台锅炉；补齐本锅炉与治理设施对应关系
SRC-RAW-E18FF30F3E908AAEF694,NOx,POLLUTANT_PARAMETER_MISSING,燃烧方式其他层燃炉不足以选取E.7的CO/NOx/VOC系数；确认手动或自动炉排
SRC-RAW-E18FF30F3E908AAEF694,CO,POLLUTANT_PARAMETER_MISSING,燃烧方式其他层燃炉不足以选取E.7的CO/NOx/VOC系数；确认手动或自动炉排
SRC-RAW-E18FF30F3E908AAEF694,VOC,POLLUTANT_PARAMETER_MISSING,燃烧方式其他层燃炉不足以选取E.7的CO/NOx/VOC系数；确认手动或自动炉排
SRC-RAW-E18FF30F3E908AAEF694,PM10,SOURCE_RELATION_MISSING,GYGL仅为工业锅炉类别且企业有多台锅炉；补齐本锅炉与治理设施对应关系
SRC-RAW-E18FF30F3E908AAEF694,PM2.5,SOURCE_RELATION_MISSING,GYGL仅为工业锅炉类别且企业有多台锅炉；补齐本锅炉与治理设施对应关系
SRC-RAW-E18FF30F3E908AAEF694,BC,SOURCE_RELATION_MISSING,GYGL仅为工业锅炉类别且企业有多台锅炉；补齐本锅炉与治理设施对应关系
SRC-RAW-E18FF30F3E908AAEF694,OC,SOURCE_RELATION_MISSING,GYGL仅为工业锅炉类别且企业有多台锅炉；补齐本锅炉与治理设施对应关系
SRC-RAW-EA9B631E5E79CFB5F4FA,PM10,POLLUTANT_PARAMETER_MISSING,治理工艺及去除效率缺失；补齐后按A.1选取
SRC-RAW-EA9B631E5E79CFB5F4FA,PM10,POLLUTANT_PARAMETER_MISSING,对应治理设施缺年度有效运行小时数，不能将平均效率直接当全年实际效率；补齐设施投运率；颗粒物需区分PM2.5和粗粒径效率
SRC-RAW-EA9B631E5E79CFB5F4FA,PM2.5,POLLUTANT_PARAMETER_MISSING,治理工艺及去除效率缺失；补齐后按A.1选取
SRC-RAW-EA9B631E5E79CFB5F4FA,PM2.5,POLLUTANT_PARAMETER_MISSING,对应治理设施缺年度有效运行小时数，不能将平均效率直接当全年实际效率；补齐设施投运率；颗粒物需区分PM2.5和粗粒径效率
SRC-RAW-EA9B631E5E79CFB5F4FA,BC,POLLUTANT_PARAMETER_MISSING,治理工艺及去除效率缺失；补齐后按A.1选取
SRC-RAW-EA9B631E5E79CFB5F4FA,BC,POLLUTANT_PARAMETER_MISSING,对应治理设施缺年度有效运行小时数，不能将平均效率直接当全年实际效率；补齐设施投运率；颗粒物需区分PM2.5和粗粒径效率
SRC-RAW-CC0A1384335212373E87,SO2,activity_unit_unresolved,燃料一单位吨标准煤与因子分母t不一致；补原燃料实物量或有依据的换算关系
SRC-RAW-CC0A1384335212373E87,NOx,activity_unit_unresolved,燃料一单位吨标准煤与因子分母t不一致；补原燃料实物量或有依据的换算关系
SRC-RAW-CC0A1384335212373E87,CO,activity_unit_unresolved,燃料一单位吨标准煤与因子分母t不一致；补原燃料实物量或有依据的换算关系
SRC-RAW-CC0A1384335212373E87,VOC,activity_unit_unresolved,燃料一单位吨标准煤与因子分母t不一致；补原燃料实物量或有依据的换算关系
SRC-RAW-CC0A1384335212373E87,PM10,activity_unit_unresolved,燃料一单位吨标准煤与因子分母t不一致；补原燃料实物量或有依据的换算关系
SRC-RAW-CC0A1384335212373E87,PM2.5,activity_unit_unresolved,燃料一单位吨标准煤与因子分母t不一致；补原燃料实物量或有依据的换算关系
SRC-RAW-CC0A1384335212373E87,BC,activity_unit_unresolved,燃料一单位吨标准煤与因子分母t不一致；补原燃料实物量或有依据的换算关系
SRC-RAW-CC0A1384335212373E87,OC,activity_unit_unresolved,燃料一单位吨标准煤与因子分母t不一致；补原燃料实物量或有依据的换算关系
SRC-RAW-8E406970C7D6E230EFB1,SO2,activity_unit_unresolved,燃料一单位吨标准煤与因子分母t不一致；补原燃料实物量或有依据的换算关系
SRC-RAW-8E406970C7D6E230EFB1,NOx,activity_unit_unresolved,燃料一单位吨标准煤与因子分母t不一致；补原燃料实物量或有依据的换算关系
SRC-RAW-8E406970C7D6E230EFB1,CO,activity_unit_unresolved,燃料一单位吨标准煤与因子分母t不一致；补原燃料实物量或有依据的换算关系
SRC-RAW-8E406970C7D6E230EFB1,VOC,activity_unit_unresolved,燃料一单位吨标准煤与因子分母t不一致；补原燃料实物量或有依据的换算关系
SRC-RAW-8E406970C7D6E230EFB1,PM10,activity_unit_unresolved,燃料一单位吨标准煤与因子分母t不一致；补原燃料实物量或有依据的换算关系
SRC-RAW-8E406970C7D6E230EFB1,PM2.5,activity_unit_unresolved,燃料一单位吨标准煤与因子分母t不一致；补原燃料实物量或有依据的换算关系
SRC-RAW-8E406970C7D6E230EFB1,BC,activity_unit_unresolved,燃料一单位吨标准煤与因子分母t不一致；补原燃料实物量或有依据的换算关系
SRC-RAW-8E406970C7D6E230EFB1,OC,activity_unit_unresolved,燃料一单位吨标准煤与因子分母t不一致；补原燃料实物量或有依据的换算关系
SRC-RAW-4AB107CC788EDFB195C7,PM10,POLLUTANT_PARAMETER_MISSING,治理工艺及去除效率缺失；补齐后按A.1选取
SRC-RAW-4AB107CC788EDFB195C7,PM10,POLLUTANT_PARAMETER_MISSING,对应治理设施缺年度有效运行小时数，不能将平均效率直接当全年实际效率；补齐设施投运率；颗粒物需区分PM2.5和粗粒径效率
SRC-RAW-4AB107CC788EDFB195C7,PM2.5,POLLUTANT_PARAMETER_MISSING,治理工艺及去除效率缺失；补齐后按A.1选取
SRC-RAW-4AB107CC788EDFB195C7,PM2.5,POLLUTANT_PARAMETER_MISSING,对应治理设施缺年度有效运行小时数，不能将平均效率直接当全年实际效率；补齐设施投运率；颗粒物需区分PM2.5和粗粒径效率
SRC-RAW-4AB107CC788EDFB195C7,BC,POLLUTANT_PARAMETER_MISSING,治理工艺及去除效率缺失；补齐后按A.1选取
SRC-RAW-4AB107CC788EDFB195C7,BC,POLLUTANT_PARAMETER_MISSING,对应治理设施缺年度有效运行小时数，不能将平均效率直接当全年实际效率；补齐设施投运率；颗粒物需区分PM2.5和粗粒径效率
SRC-RAW-4AB107CC788EDFB195C7,OC,POLLUTANT_PARAMETER_MISSING,治理工艺及去除效率缺失；补齐后按A.1选取
SRC-RAW-4AB107CC788EDFB195C7,OC,POLLUTANT_PARAMETER_MISSING,对应治理设施缺年度有效运行小时数，不能将平均效率直接当全年实际效率；补齐设施投运率；颗粒物需区分PM2.5和粗粒径效率
SRC-RAW-C37D2544AE2EC5F7A32B,PM10,POLLUTANT_PARAMETER_MISSING,治理工艺及去除效率缺失；补齐后按A.1选取
SRC-RAW-C37D2544AE2EC5F7A32B,PM10,POLLUTANT_PARAMETER_MISSING,对应治理设施缺年度有效运行小时数，不能将平均效率直接当全年实际效率；补齐设施投运率；颗粒物需区分PM2.5和粗粒径效率
SRC-RAW-C37D2544AE2EC5F7A32B,PM2.5,POLLUTANT_PARAMETER_MISSING,治理工艺及去除效率缺失；补齐后按A.1选取
SRC-RAW-C37D2544AE2EC5F7A32B,PM2.5,POLLUTANT_PARAMETER_MISSING,对应治理设施缺年度有效运行小时数，不能将平均效率直接当全年实际效率；补齐设施投运率；颗粒物需区分PM2.5和粗粒径效率
SRC-RAW-C37D2544AE2EC5F7A32B,BC,POLLUTANT_PARAMETER_MISSING,治理工艺及去除效率缺失；补齐后按A.1选取
SRC-RAW-C37D2544AE2EC5F7A32B,BC,POLLUTANT_PARAMETER_MISSING,对应治理设施缺年度有效运行小时数，不能将平均效率直接当全年实际效率；补齐设施投运率；颗粒物需区分PM2.5和粗粒径效率
SRC-RAW-B394AEA737E732417FCD,SO2,activity_unit_unresolved,燃料一单位吨标准煤与因子分母t不一致；补原燃料实物量或有依据的换算关系
SRC-RAW-B394AEA737E732417FCD,NOx,activity_unit_unresolved,燃料一单位吨标准煤与因子分母t不一致；补原燃料实物量或有依据的换算关系
SRC-RAW-B394AEA737E732417FCD,CO,activity_unit_unresolved,燃料一单位吨标准煤与因子分母t不一致；补原燃料实物量或有依据的换算关系
SRC-RAW-B394AEA737E732417FCD,VOC,activity_unit_unresolved,燃料一单位吨标准煤与因子分母t不一致；补原燃料实物量或有依据的换算关系
SRC-RAW-B394AEA737E732417FCD,PM10,activity_unit_unresolved,燃料一单位吨标准煤与因子分母t不一致；补原燃料实物量或有依据的换算关系
SRC-RAW-B394AEA737E732417FCD,PM2.5,activity_unit_unresolved,燃料一单位吨标准煤与因子分母t不一致；补原燃料实物量或有依据的换算关系
SRC-RAW-B394AEA737E732417FCD,BC,activity_unit_unresolved,燃料一单位吨标准煤与因子分母t不一致；补原燃料实物量或有依据的换算关系
SRC-RAW-B394AEA737E732417FCD,OC,activity_unit_unresolved,燃料一单位吨标准煤与因子分母t不一致；补原燃料实物量或有依据的换算关系
SRC-RAW-B7600376533499B53C2E,NOx,POLLUTANT_PARAMETER_MISSING,燃烧方式其他不足以选取E.7的CO/NOx/VOC系数；确认手动或自动炉排
SRC-RAW-B7600376533499B53C2E,CO,POLLUTANT_PARAMETER_MISSING,燃烧方式其他不足以选取E.7的CO/NOx/VOC系数；确认手动或自动炉排
SRC-RAW-B7600376533499B53C2E,VOC,POLLUTANT_PARAMETER_MISSING,燃烧方式其他不足以选取E.7的CO/NOx/VOC系数；确认手动或自动炉排
SRC-RAW-B7600376533499B53C2E,PM10,POLLUTANT_PARAMETER_MISSING,燃烧方式其他不足以选取C.1—C.3参数；补齐炉型
SRC-RAW-B7600376533499B53C2E,PM2.5,POLLUTANT_PARAMETER_MISSING,燃烧方式其他不足以选取C.1—C.3参数；补齐炉型
SRC-RAW-B7600376533499B53C2E,BC,POLLUTANT_PARAMETER_MISSING,燃烧方式其他不足以选取C.1—C.3参数；补齐炉型
SRC-RAW-B7600376533499B53C2E,OC,POLLUTANT_PARAMETER_MISSING,燃烧方式其他不足以选取C.1—C.3参数；补齐炉型
SRC-RAW-94B2400969D9DEBB0992,NOx,SOURCE_RELATION_MISSING,GYGL仅为工业锅炉类别且企业有多台锅炉；补齐本锅炉与治理设施对应关系
SRC-RAW-94B2400969D9DEBB0992,PM10,SOURCE_RELATION_MISSING,GYGL仅为工业锅炉类别且企业有多台锅炉；补齐本锅炉与治理设施对应关系
SRC-RAW-94B2400969D9DEBB0992,PM2.5,SOURCE_RELATION_MISSING,GYGL仅为工业锅炉类别且企业有多台锅炉；补齐本锅炉与治理设施对应关系
SRC-RAW-94B2400969D9DEBB0992,NH3,SOURCE_RELATION_MISSING,工业锅炉类别脱硝设施对应多台锅炉；补齐设备—脱硝设施关系
SRC-RAW-94B2400969D9DEBB0992,NH3,POLLUTANT_PARAMETER_MISSING,补齐脱硝SCR/SNCR工艺，表E.1按煤计的氨因子不能据设施名称选定
SRC-RAW-94B2400969D9DEBB0992,NH3,factor_not_applicable,表E.1氨因子分母为煤，当前燃料天然气不具备可直接使用的氨因子；提供适用因子或实测氨排放
SRC-RAW-F78A382BFAC07564B287,NOx,SOURCE_RELATION_MISSING,GYGL仅为工业锅炉类别且企业有多台锅炉；补齐本锅炉与治理设施对应关系
SRC-RAW-F78A382BFAC07564B287,PM10,SOURCE_RELATION_MISSING,GYGL仅为工业锅炉类别且企业有多台锅炉；补齐本锅炉与治理设施对应关系
SRC-RAW-F78A382BFAC07564B287,PM2.5,SOURCE_RELATION_MISSING,GYGL仅为工业锅炉类别且企业有多台锅炉；补齐本锅炉与治理设施对应关系
SRC-RAW-F78A382BFAC07564B287,NH3,SOURCE_RELATION_MISSING,工业锅炉类别脱硝设施对应多台锅炉；补齐设备—脱硝设施关系
SRC-RAW-F78A382BFAC07564B287,NH3,POLLUTANT_PARAMETER_MISSING,补齐脱硝SCR/SNCR工艺，表E.1按煤计的氨因子不能据设施名称选定
SRC-RAW-F78A382BFAC07564B287,NH3,factor_not_applicable,表E.1氨因子分母为煤，当前燃料天然气不具备可直接使用的氨因子；提供适用因子或实测氨排放
SRC-RAW-542778CFD8662E58422C,NOx,SOURCE_RELATION_MISSING,GYGL仅为工业锅炉类别且企业有多台锅炉；补齐本锅炉与治理设施对应关系
SRC-RAW-542778CFD8662E58422C,PM10,SOURCE_RELATION_MISSING,GYGL仅为工业锅炉类别且企业有多台锅炉；补齐本锅炉与治理设施对应关系
SRC-RAW-542778CFD8662E58422C,PM2.5,SOURCE_RELATION_MISSING,GYGL仅为工业锅炉类别且企业有多台锅炉；补齐本锅炉与治理设施对应关系
SRC-RAW-542778CFD8662E58422C,NH3,SOURCE_RELATION_MISSING,工业锅炉类别脱硝设施对应多台锅炉；补齐设备—脱硝设施关系
SRC-RAW-542778CFD8662E58422C,NH3,POLLUTANT_PARAMETER_MISSING,补齐脱硝SCR/SNCR工艺，表E.1按煤计的氨因子不能据设施名称选定
SRC-RAW-542778CFD8662E58422C,NH3,factor_not_applicable,表E.1氨因子分母为煤，当前燃料天然气不具备可直接使用的氨因子；提供适用因子或实测氨排放
SRC-RAW-085C4E17126D861BBD8F,NOx,SOURCE_RELATION_MISSING,GYGL仅为工业锅炉类别且企业有多台锅炉；补齐本锅炉与治理设施对应关系
SRC-RAW-085C4E17126D861BBD8F,PM10,SOURCE_RELATION_MISSING,GYGL仅为工业锅炉类别且企业有多台锅炉；补齐本锅炉与治理设施对应关系
SRC-RAW-085C4E17126D861BBD8F,PM2.5,SOURCE_RELATION_MISSING,GYGL仅为工业锅炉类别且企业有多台锅炉；补齐本锅炉与治理设施对应关系
SRC-RAW-085C4E17126D861BBD8F,NH3,SOURCE_RELATION_MISSING,工业锅炉类别脱硝设施对应多台锅炉；补齐设备—脱硝设施关系
SRC-RAW-085C4E17126D861BBD8F,NH3,POLLUTANT_PARAMETER_MISSING,补齐脱硝SCR/SNCR工艺，表E.1按煤计的氨因子不能据设施名称选定
SRC-RAW-085C4E17126D861BBD8F,NH3,factor_not_applicable,表E.1氨因子分母为煤，当前燃料天然气不具备可直接使用的氨因子；提供适用因子或实测氨排放
SRC-RAW-E258D3EAA65B0B2F2FE1,NOx,SOURCE_RELATION_MISSING,GYGL仅为工业锅炉类别且企业有多台锅炉；补齐本锅炉与治理设施对应关系
SRC-RAW-E258D3EAA65B0B2F2FE1,PM10,SOURCE_RELATION_MISSING,GYGL仅为工业锅炉类别且企业有多台锅炉；补齐本锅炉与治理设施对应关系
SRC-RAW-E258D3EAA65B0B2F2FE1,PM2.5,SOURCE_RELATION_MISSING,GYGL仅为工业锅炉类别且企业有多台锅炉；补齐本锅炉与治理设施对应关系
SRC-RAW-E258D3EAA65B0B2F2FE1,NH3,SOURCE_RELATION_MISSING,工业锅炉类别脱硝设施对应多台锅炉；补齐设备—脱硝设施关系
SRC-RAW-E258D3EAA65B0B2F2FE1,NH3,POLLUTANT_PARAMETER_MISSING,补齐脱硝SCR/SNCR工艺，表E.1按煤计的氨因子不能据设施名称选定
SRC-RAW-E258D3EAA65B0B2F2FE1,NH3,factor_not_applicable,表E.1氨因子分母为煤，当前燃料天然气不具备可直接使用的氨因子；提供适用因子或实测氨排放
SRC-RAW-18919BD2B17E258716DC,NOx,SOURCE_RELATION_MISSING,GYGL仅为工业锅炉类别且企业有多台锅炉；补齐本锅炉与治理设施对应关系
SRC-RAW-18919BD2B17E258716DC,PM10,SOURCE_RELATION_MISSING,GYGL仅为工业锅炉类别且企业有多台锅炉；补齐本锅炉与治理设施对应关系
SRC-RAW-18919BD2B17E258716DC,PM2.5,SOURCE_RELATION_MISSING,GYGL仅为工业锅炉类别且企业有多台锅炉；补齐本锅炉与治理设施对应关系
SRC-RAW-18919BD2B17E258716DC,NH3,SOURCE_RELATION_MISSING,工业锅炉类别脱硝设施对应多台锅炉；补齐设备—脱硝设施关系
SRC-RAW-18919BD2B17E258716DC,NH3,POLLUTANT_PARAMETER_MISSING,补齐脱硝SCR/SNCR工艺，表E.1按煤计的氨因子不能据设施名称选定
SRC-RAW-18919BD2B17E258716DC,NH3,factor_not_applicable,表E.1氨因子分母为煤，当前燃料天然气不具备可直接使用的氨因子；提供适用因子或实测氨排放
SRC-RAW-728FC7518876112004D5,SO2,POLLUTANT_PARAMETER_MISSING,对应治理设施缺年度有效运行小时数，不能将平均效率直接当全年实际效率；补齐设施投运率；颗粒物需区分PM2.5和粗粒径效率
SRC-RAW-728FC7518876112004D5,NOx,POLLUTANT_PARAMETER_MISSING,燃烧方式其他层燃炉不足以选取E.7的CO/NOx/VOC系数；确认手动或自动炉排
SRC-RAW-728FC7518876112004D5,CO,POLLUTANT_PARAMETER_MISSING,燃烧方式其他层燃炉不足以选取E.7的CO/NOx/VOC系数；确认手动或自动炉排
SRC-RAW-728FC7518876112004D5,VOC,POLLUTANT_PARAMETER_MISSING,燃烧方式其他层燃炉不足以选取E.7的CO/NOx/VOC系数；确认手动或自动炉排
SRC-RAW-728FC7518876112004D5,PM10,POLLUTANT_PARAMETER_MISSING,对应治理设施缺年度有效运行小时数，不能将平均效率直接当全年实际效率；补齐设施投运率；颗粒物需区分PM2.5和粗粒径效率
SRC-RAW-728FC7518876112004D5,PM2.5,POLLUTANT_PARAMETER_MISSING,对应治理设施缺年度有效运行小时数，不能将平均效率直接当全年实际效率；补齐设施投运率；颗粒物需区分PM2.5和粗粒径效率
SRC-RAW-728FC7518876112004D5,BC,POLLUTANT_PARAMETER_MISSING,对应治理设施缺年度有效运行小时数，不能将平均效率直接当全年实际效率；补齐设施投运率；颗粒物需区分PM2.5和粗粒径效率
SRC-RAW-728FC7518876112004D5,OC,POLLUTANT_PARAMETER_MISSING,对应治理设施缺年度有效运行小时数，不能将平均效率直接当全年实际效率；补齐设施投运率；颗粒物需区分PM2.5和粗粒径效率
SRC-RAW-ED4B6607335ABCC8DE40,SO2,activity_unit_unresolved,燃料一单位吨标准煤与因子分母t不一致；补原燃料实物量或有依据的换算关系
SRC-RAW-ED4B6607335ABCC8DE40,SO2,POLLUTANT_PARAMETER_MISSING,治理工艺及去除效率缺失；补齐后按A.1选取
SRC-RAW-ED4B6607335ABCC8DE40,SO2,POLLUTANT_PARAMETER_MISSING,对应治理设施缺年度有效运行小时数，不能将平均效率直接当全年实际效率；补齐设施投运率；颗粒物需区分PM2.5和粗粒径效率
SRC-RAW-ED4B6607335ABCC8DE40,NOx,activity_unit_unresolved,燃料一单位吨标准煤与因子分母t不一致；补原燃料实物量或有依据的换算关系
SRC-RAW-ED4B6607335ABCC8DE40,CO,activity_unit_unresolved,燃料一单位吨标准煤与因子分母t不一致；补原燃料实物量或有依据的换算关系
SRC-RAW-ED4B6607335ABCC8DE40,VOC,activity_unit_unresolved,燃料一单位吨标准煤与因子分母t不一致；补原燃料实物量或有依据的换算关系
SRC-RAW-ED4B6607335ABCC8DE40,PM10,activity_unit_unresolved,燃料一单位吨标准煤与因子分母t不一致；补原燃料实物量或有依据的换算关系
SRC-RAW-ED4B6607335ABCC8DE40,PM10,POLLUTANT_PARAMETER_MISSING,治理工艺及去除效率缺失；补齐后按A.1选取
SRC-RAW-ED4B6607335ABCC8DE40,PM10,POLLUTANT_PARAMETER_MISSING,对应治理设施缺年度有效运行小时数，不能将平均效率直接当全年实际效率；补齐设施投运率；颗粒物需区分PM2.5和粗粒径效率
SRC-RAW-ED4B6607335ABCC8DE40,PM2.5,activity_unit_unresolved,燃料一单位吨标准煤与因子分母t不一致；补原燃料实物量或有依据的换算关系
SRC-RAW-ED4B6607335ABCC8DE40,PM2.5,POLLUTANT_PARAMETER_MISSING,治理工艺及去除效率缺失；补齐后按A.1选取
SRC-RAW-ED4B6607335ABCC8DE40,PM2.5,POLLUTANT_PARAMETER_MISSING,对应治理设施缺年度有效运行小时数，不能将平均效率直接当全年实际效率；补齐设施投运率；颗粒物需区分PM2.5和粗粒径效率
SRC-RAW-ED4B6607335ABCC8DE40,BC,activity_unit_unresolved,燃料一单位吨标准煤与因子分母t不一致；补原燃料实物量或有依据的换算关系
SRC-RAW-ED4B6607335ABCC8DE40,BC,POLLUTANT_PARAMETER_MISSING,治理工艺及去除效率缺失；补齐后按A.1选取
SRC-RAW-ED4B6607335ABCC8DE40,BC,POLLUTANT_PARAMETER_MISSING,对应治理设施缺年度有效运行小时数，不能将平均效率直接当全年实际效率；补齐设施投运率；颗粒物需区分PM2.5和粗粒径效率
SRC-RAW-ED4B6607335ABCC8DE40,OC,activity_unit_unresolved,燃料一单位吨标准煤与因子分母t不一致；补原燃料实物量或有依据的换算关系
SRC-RAW-ED4B6607335ABCC8DE40,OC,POLLUTANT_PARAMETER_MISSING,治理工艺及去除效率缺失；补齐后按A.1选取
SRC-RAW-ED4B6607335ABCC8DE40,OC,POLLUTANT_PARAMETER_MISSING,对应治理设施缺年度有效运行小时数，不能将平均效率直接当全年实际效率；补齐设施投运率；颗粒物需区分PM2.5和粗粒径效率
SRC-RAW-FF36B60FA049ECD848DD,PM10,POLLUTANT_PARAMETER_MISSING,治理工艺及去除效率缺失；补齐后按A.1选取
SRC-RAW-FF36B60FA049ECD848DD,PM10,POLLUTANT_PARAMETER_MISSING,对应治理设施缺年度有效运行小时数，不能将平均效率直接当全年实际效率；补齐设施投运率；颗粒物需区分PM2.5和粗粒径效率
SRC-RAW-FF36B60FA049ECD848DD,PM2.5,POLLUTANT_PARAMETER_MISSING,治理工艺及去除效率缺失；补齐后按A.1选取
SRC-RAW-FF36B60FA049ECD848DD,PM2.5,POLLUTANT_PARAMETER_MISSING,对应治理设施缺年度有效运行小时数，不能将平均效率直接当全年实际效率；补齐设施投运率；颗粒物需区分PM2.5和粗粒径效率
SRC-RAW-FF35FCD5B7C97FCA5DA2,SO2,POLLUTANT_PARAMETER_MISSING,治理工艺及去除效率缺失；补齐后按A.1选取
SRC-RAW-FF35FCD5B7C97FCA5DA2,SO2,POLLUTANT_PARAMETER_MISSING,对应治理设施缺年度有效运行小时数，不能将平均效率直接当全年实际效率；补齐设施投运率；颗粒物需区分PM2.5和粗粒径效率
SRC-RAW-FF35FCD5B7C97FCA5DA2,PM10,POLLUTANT_PARAMETER_MISSING,治理工艺及去除效率缺失；补齐后按A.1选取
SRC-RAW-FF35FCD5B7C97FCA5DA2,PM10,POLLUTANT_PARAMETER_MISSING,对应治理设施缺年度有效运行小时数，不能将平均效率直接当全年实际效率；补齐设施投运率；颗粒物需区分PM2.5和粗粒径效率
SRC-RAW-FF35FCD5B7C97FCA5DA2,PM2.5,POLLUTANT_PARAMETER_MISSING,治理工艺及去除效率缺失；补齐后按A.1选取
SRC-RAW-FF35FCD5B7C97FCA5DA2,PM2.5,POLLUTANT_PARAMETER_MISSING,对应治理设施缺年度有效运行小时数，不能将平均效率直接当全年实际效率；补齐设施投运率；颗粒物需区分PM2.5和粗粒径效率
SRC-RAW-FF35FCD5B7C97FCA5DA2,BC,POLLUTANT_PARAMETER_MISSING,治理工艺及去除效率缺失；补齐后按A.1选取
SRC-RAW-FF35FCD5B7C97FCA5DA2,BC,POLLUTANT_PARAMETER_MISSING,对应治理设施缺年度有效运行小时数，不能将平均效率直接当全年实际效率；补齐设施投运率；颗粒物需区分PM2.5和粗粒径效率
SRC-RAW-10A13A1E06AB380CB6A7,SO2,SOURCE_RELATION_MISSING,GYGL仅为工业锅炉类别且企业有多台锅炉；补齐本锅炉与治理设施对应关系
SRC-RAW-10A13A1E06AB380CB6A7,PM10,SOURCE_RELATION_MISSING,GYGL仅为工业锅炉类别且企业有多台锅炉；补齐本锅炉与治理设施对应关系
SRC-RAW-10A13A1E06AB380CB6A7,PM2.5,SOURCE_RELATION_MISSING,GYGL仅为工业锅炉类别且企业有多台锅炉；补齐本锅炉与治理设施对应关系
SRC-RAW-10A13A1E06AB380CB6A7,BC,SOURCE_RELATION_MISSING,GYGL仅为工业锅炉类别且企业有多台锅炉；补齐本锅炉与治理设施对应关系
SRC-RAW-10A13A1E06AB380CB6A7,OC,SOURCE_RELATION_MISSING,GYGL仅为工业锅炉类别且企业有多台锅炉；补齐本锅炉与治理设施对应关系
SRC-RAW-D374030AB2314D664E08,SO2,SOURCE_RELATION_MISSING,GYGL仅为工业锅炉类别且企业有多台锅炉；补齐本锅炉与治理设施对应关系
SRC-RAW-D374030AB2314D664E08,PM10,SOURCE_RELATION_MISSING,GYGL仅为工业锅炉类别且企业有多台锅炉；补齐本锅炉与治理设施对应关系
SRC-RAW-D374030AB2314D664E08,PM2.5,SOURCE_RELATION_MISSING,GYGL仅为工业锅炉类别且企业有多台锅炉；补齐本锅炉与治理设施对应关系
SRC-RAW-D374030AB2314D664E08,BC,SOURCE_RELATION_MISSING,GYGL仅为工业锅炉类别且企业有多台锅炉；补齐本锅炉与治理设施对应关系
SRC-RAW-D374030AB2314D664E08,OC,SOURCE_RELATION_MISSING,GYGL仅为工业锅炉类别且企业有多台锅炉；补齐本锅炉与治理设施对应关系
SRC-RAW-DFEB03B84F6D6B549DC6,PM10,POLLUTANT_PARAMETER_MISSING,燃烧方式其他不足以选取C.1—C.3参数；补齐炉型
SRC-RAW-DFEB03B84F6D6B549DC6,PM10,POLLUTANT_PARAMETER_MISSING,治理工艺及去除效率缺失；补齐后按A.1选取
SRC-RAW-DFEB03B84F6D6B549DC6,PM10,POLLUTANT_PARAMETER_MISSING,对应治理设施缺年度有效运行小时数，不能将平均效率直接当全年实际效率；补齐设施投运率；颗粒物需区分PM2.5和粗粒径效率
SRC-RAW-DFEB03B84F6D6B549DC6,PM2.5,POLLUTANT_PARAMETER_MISSING,燃烧方式其他不足以选取C.1—C.3参数；补齐炉型
SRC-RAW-DFEB03B84F6D6B549DC6,PM2.5,POLLUTANT_PARAMETER_MISSING,治理工艺及去除效率缺失；补齐后按A.1选取
SRC-RAW-DFEB03B84F6D6B549DC6,PM2.5,POLLUTANT_PARAMETER_MISSING,对应治理设施缺年度有效运行小时数，不能将平均效率直接当全年实际效率；补齐设施投运率；颗粒物需区分PM2.5和粗粒径效率
SRC-RAW-DFEB03B84F6D6B549DC6,BC,POLLUTANT_PARAMETER_MISSING,燃烧方式其他不足以选取C.1—C.3参数；补齐炉型
SRC-RAW-DFEB03B84F6D6B549DC6,BC,POLLUTANT_PARAMETER_MISSING,治理工艺及去除效率缺失；补齐后按A.1选取
SRC-RAW-DFEB03B84F6D6B549DC6,BC,POLLUTANT_PARAMETER_MISSING,对应治理设施缺年度有效运行小时数，不能将平均效率直接当全年实际效率；补齐设施投运率；颗粒物需区分PM2.5和粗粒径效率
SRC-RAW-DFEB03B84F6D6B549DC6,OC,POLLUTANT_PARAMETER_MISSING,燃烧方式其他不足以选取C.1—C.3参数；补齐炉型
SRC-RAW-DFEB03B84F6D6B549DC6,OC,POLLUTANT_PARAMETER_MISSING,治理工艺及去除效率缺失；补齐后按A.1选取
SRC-RAW-DFEB03B84F6D6B549DC6,OC,POLLUTANT_PARAMETER_MISSING,对应治理设施缺年度有效运行小时数，不能将平均效率直接当全年实际效率；补齐设施投运率；颗粒物需区分PM2.5和粗粒径效率
SRC-RAW-9E3007275EE615732365,SO2,ACTIVITY_MISSING,燃料一类型和消耗量缺失；补齐本锅炉年度燃料活动水平
SRC-RAW-9E3007275EE615732365,NOx,ACTIVITY_MISSING,燃料一类型和消耗量缺失；补齐本锅炉年度燃料活动水平
SRC-RAW-9E3007275EE615732365,NOx,POLLUTANT_PARAMETER_MISSING,是否采用低氮燃烧技术缺失；确认后选取NOx控制参数
SRC-RAW-9E3007275EE615732365,CO,ACTIVITY_MISSING,燃料一类型和消耗量缺失；补齐本锅炉年度燃料活动水平
SRC-RAW-9E3007275EE615732365,VOC,ACTIVITY_MISSING,燃料一类型和消耗量缺失；补齐本锅炉年度燃料活动水平
SRC-RAW-9E3007275EE615732365,PM10,ACTIVITY_MISSING,燃料一类型和消耗量缺失；补齐本锅炉年度燃料活动水平
SRC-RAW-9E3007275EE615732365,PM10,POLLUTANT_PARAMETER_MISSING,治理工艺及去除效率缺失；补齐后按A.1选取
SRC-RAW-9E3007275EE615732365,PM10,POLLUTANT_PARAMETER_MISSING,对应治理设施缺年度有效运行小时数，不能将平均效率直接当全年实际效率；补齐设施投运率；颗粒物需区分PM2.5和粗粒径效率
SRC-RAW-9E3007275EE615732365,PM2.5,ACTIVITY_MISSING,燃料一类型和消耗量缺失；补齐本锅炉年度燃料活动水平
SRC-RAW-9E3007275EE615732365,PM2.5,POLLUTANT_PARAMETER_MISSING,治理工艺及去除效率缺失；补齐后按A.1选取
SRC-RAW-9E3007275EE615732365,PM2.5,POLLUTANT_PARAMETER_MISSING,对应治理设施缺年度有效运行小时数，不能将平均效率直接当全年实际效率；补齐设施投运率；颗粒物需区分PM2.5和粗粒径效率
SRC-RAW-9E3007275EE615732365,BC,ACTIVITY_MISSING,燃料一类型和消耗量缺失；补齐本锅炉年度燃料活动水平
SRC-RAW-9E3007275EE615732365,BC,POLLUTANT_PARAMETER_MISSING,治理工艺及去除效率缺失；补齐后按A.1选取
SRC-RAW-9E3007275EE615732365,BC,POLLUTANT_PARAMETER_MISSING,对应治理设施缺年度有效运行小时数，不能将平均效率直接当全年实际效率；补齐设施投运率；颗粒物需区分PM2.5和粗粒径效率
SRC-RAW-9E3007275EE615732365,OC,ACTIVITY_MISSING,燃料一类型和消耗量缺失；补齐本锅炉年度燃料活动水平
SRC-RAW-9E3007275EE615732365,OC,POLLUTANT_PARAMETER_MISSING,治理工艺及去除效率缺失；补齐后按A.1选取
SRC-RAW-9E3007275EE615732365,OC,POLLUTANT_PARAMETER_MISSING,对应治理设施缺年度有效运行小时数，不能将平均效率直接当全年实际效率；补齐设施投运率；颗粒物需区分PM2.5和粗粒径效率
SRC-RAW-5AF417DAD7D9C2ADB1A6,SO2,activity_unit_unresolved,燃料一单位吨标准煤与因子分母t不一致；补原燃料实物量或有依据的换算关系
SRC-RAW-5AF417DAD7D9C2ADB1A6,NOx,activity_unit_unresolved,燃料一单位吨标准煤与因子分母t不一致；补原燃料实物量或有依据的换算关系
SRC-RAW-5AF417DAD7D9C2ADB1A6,CO,activity_unit_unresolved,燃料一单位吨标准煤与因子分母t不一致；补原燃料实物量或有依据的换算关系
SRC-RAW-5AF417DAD7D9C2ADB1A6,VOC,activity_unit_unresolved,燃料一单位吨标准煤与因子分母t不一致；补原燃料实物量或有依据的换算关系
SRC-RAW-5AF417DAD7D9C2ADB1A6,PM10,activity_unit_unresolved,燃料一单位吨标准煤与因子分母t不一致；补原燃料实物量或有依据的换算关系
SRC-RAW-5AF417DAD7D9C2ADB1A6,PM2.5,activity_unit_unresolved,燃料一单位吨标准煤与因子分母t不一致；补原燃料实物量或有依据的换算关系
SRC-RAW-5AF417DAD7D9C2ADB1A6,BC,activity_unit_unresolved,燃料一单位吨标准煤与因子分母t不一致；补原燃料实物量或有依据的换算关系
SRC-RAW-5AF417DAD7D9C2ADB1A6,OC,activity_unit_unresolved,燃料一单位吨标准煤与因子分母t不一致；补原燃料实物量或有依据的换算关系
SRC-RAW-E05DBE99EF6D3F68C70E,SO2,activity_unit_unresolved,燃料一单位吨标准煤与因子分母t不一致；补原燃料实物量或有依据的换算关系
SRC-RAW-E05DBE99EF6D3F68C70E,NOx,activity_unit_unresolved,燃料一单位吨标准煤与因子分母t不一致；补原燃料实物量或有依据的换算关系
SRC-RAW-E05DBE99EF6D3F68C70E,CO,activity_unit_unresolved,燃料一单位吨标准煤与因子分母t不一致；补原燃料实物量或有依据的换算关系
SRC-RAW-E05DBE99EF6D3F68C70E,VOC,activity_unit_unresolved,燃料一单位吨标准煤与因子分母t不一致；补原燃料实物量或有依据的换算关系
SRC-RAW-E05DBE99EF6D3F68C70E,PM10,activity_unit_unresolved,燃料一单位吨标准煤与因子分母t不一致；补原燃料实物量或有依据的换算关系
SRC-RAW-E05DBE99EF6D3F68C70E,PM2.5,activity_unit_unresolved,燃料一单位吨标准煤与因子分母t不一致；补原燃料实物量或有依据的换算关系
SRC-RAW-E05DBE99EF6D3F68C70E,BC,activity_unit_unresolved,燃料一单位吨标准煤与因子分母t不一致；补原燃料实物量或有依据的换算关系
SRC-RAW-E05DBE99EF6D3F68C70E,OC,activity_unit_unresolved,燃料一单位吨标准煤与因子分母t不一致；补原燃料实物量或有依据的换算关系
SRC-RAW-BC4DE9A9512A7AE57926,PM10,SOURCE_RELATION_MISSING,GYGL仅为工业锅炉类别且企业有多台锅炉；补齐本锅炉与治理设施对应关系
SRC-RAW-BC4DE9A9512A7AE57926,PM2.5,SOURCE_RELATION_MISSING,GYGL仅为工业锅炉类别且企业有多台锅炉；补齐本锅炉与治理设施对应关系
SRC-RAW-B55C4CA8F394B9DB1698,PM10,SOURCE_RELATION_MISSING,GYGL仅为工业锅炉类别且企业有多台锅炉；补齐本锅炉与治理设施对应关系
SRC-RAW-B55C4CA8F394B9DB1698,PM2.5,SOURCE_RELATION_MISSING,GYGL仅为工业锅炉类别且企业有多台锅炉；补齐本锅炉与治理设施对应关系
SRC-RAW-EEA73E6C58A50A95BCA5,PM10,SOURCE_RELATION_MISSING,GYGL仅为工业锅炉类别且企业有多台锅炉；补齐本锅炉与治理设施对应关系
SRC-RAW-EEA73E6C58A50A95BCA5,PM2.5,SOURCE_RELATION_MISSING,GYGL仅为工业锅炉类别且企业有多台锅炉；补齐本锅炉与治理设施对应关系
SRC-RAW-E2367662EC1D50F1C001,PM10,POLLUTANT_PARAMETER_MISSING,治理工艺及去除效率缺失；补齐后按A.1选取
SRC-RAW-E2367662EC1D50F1C001,PM10,POLLUTANT_PARAMETER_MISSING,对应治理设施缺年度有效运行小时数，不能将平均效率直接当全年实际效率；补齐设施投运率；颗粒物需区分PM2.5和粗粒径效率
SRC-RAW-E2367662EC1D50F1C001,PM2.5,POLLUTANT_PARAMETER_MISSING,治理工艺及去除效率缺失；补齐后按A.1选取
SRC-RAW-E2367662EC1D50F1C001,PM2.5,POLLUTANT_PARAMETER_MISSING,对应治理设施缺年度有效运行小时数，不能将平均效率直接当全年实际效率；补齐设施投运率；颗粒物需区分PM2.5和粗粒径效率
SRC-RAW-87131147FFC99E503705,NOx,POLLUTANT_PARAMETER_MISSING,对应治理设施缺年度有效运行小时数，不能将平均效率直接当全年实际效率；补齐设施投运率；颗粒物需区分PM2.5和粗粒径效率
SRC-RAW-87131147FFC99E503705,PM10,POLLUTANT_PARAMETER_MISSING,对应治理设施缺年度有效运行小时数，不能将平均效率直接当全年实际效率；补齐设施投运率；颗粒物需区分PM2.5和粗粒径效率
SRC-RAW-87131147FFC99E503705,PM2.5,POLLUTANT_PARAMETER_MISSING,对应治理设施缺年度有效运行小时数，不能将平均效率直接当全年实际效率；补齐设施投运率；颗粒物需区分PM2.5和粗粒径效率
SRC-RAW-87131147FFC99E503705,NH3,POLLUTANT_PARAMETER_MISSING,补齐脱硝SCR/SNCR工艺，表E.1按煤计的氨因子不能据设施名称选定
SRC-RAW-87131147FFC99E503705,NH3,factor_not_applicable,表E.1氨因子分母为煤，当前燃料天然气不具备可直接使用的氨因子；提供适用因子或实测氨排放
SRC-RAW-D4572E2B07FC911E6C1A,SO2,POLLUTANT_PARAMETER_MISSING,对应治理设施缺年度有效运行小时数，不能将平均效率直接当全年实际效率；补齐设施投运率；颗粒物需区分PM2.5和粗粒径效率
SRC-RAW-D4572E2B07FC911E6C1A,PM10,POLLUTANT_PARAMETER_MISSING,对应治理设施缺年度有效运行小时数，不能将平均效率直接当全年实际效率；补齐设施投运率；颗粒物需区分PM2.5和粗粒径效率
SRC-RAW-D4572E2B07FC911E6C1A,PM2.5,POLLUTANT_PARAMETER_MISSING,对应治理设施缺年度有效运行小时数，不能将平均效率直接当全年实际效率；补齐设施投运率；颗粒物需区分PM2.5和粗粒径效率
SRC-RAW-D4572E2B07FC911E6C1A,BC,POLLUTANT_PARAMETER_MISSING,对应治理设施缺年度有效运行小时数，不能将平均效率直接当全年实际效率；补齐设施投运率；颗粒物需区分PM2.5和粗粒径效率
SRC-RAW-D4572E2B07FC911E6C1A,OC,POLLUTANT_PARAMETER_MISSING,对应治理设施缺年度有效运行小时数，不能将平均效率直接当全年实际效率；补齐设施投运率；颗粒物需区分PM2.5和粗粒径效率
SRC-RAW-72B220328E568B392487,SO2,activity_unit_unresolved,燃料一单位吨标准煤与因子分母t不一致；补原燃料实物量或有依据的换算关系
SRC-RAW-72B220328E568B392487,NOx,activity_unit_unresolved,燃料一单位吨标准煤与因子分母t不一致；补原燃料实物量或有依据的换算关系
SRC-RAW-72B220328E568B392487,CO,activity_unit_unresolved,燃料一单位吨标准煤与因子分母t不一致；补原燃料实物量或有依据的换算关系
SRC-RAW-72B220328E568B392487,VOC,activity_unit_unresolved,燃料一单位吨标准煤与因子分母t不一致；补原燃料实物量或有依据的换算关系
SRC-RAW-72B220328E568B392487,PM10,activity_unit_unresolved,燃料一单位吨标准煤与因子分母t不一致；补原燃料实物量或有依据的换算关系
SRC-RAW-72B220328E568B392487,PM10,POLLUTANT_PARAMETER_MISSING,治理工艺及去除效率缺失；补齐后按A.1选取
SRC-RAW-72B220328E568B392487,PM10,POLLUTANT_PARAMETER_MISSING,对应治理设施缺年度有效运行小时数，不能将平均效率直接当全年实际效率；补齐设施投运率；颗粒物需区分PM2.5和粗粒径效率
SRC-RAW-72B220328E568B392487,PM2.5,activity_unit_unresolved,燃料一单位吨标准煤与因子分母t不一致；补原燃料实物量或有依据的换算关系
SRC-RAW-72B220328E568B392487,PM2.5,POLLUTANT_PARAMETER_MISSING,治理工艺及去除效率缺失；补齐后按A.1选取
SRC-RAW-72B220328E568B392487,PM2.5,POLLUTANT_PARAMETER_MISSING,对应治理设施缺年度有效运行小时数，不能将平均效率直接当全年实际效率；补齐设施投运率；颗粒物需区分PM2.5和粗粒径效率
SRC-RAW-72B220328E568B392487,BC,activity_unit_unresolved,燃料一单位吨标准煤与因子分母t不一致；补原燃料实物量或有依据的换算关系
SRC-RAW-72B220328E568B392487,BC,POLLUTANT_PARAMETER_MISSING,治理工艺及去除效率缺失；补齐后按A.1选取
SRC-RAW-72B220328E568B392487,BC,POLLUTANT_PARAMETER_MISSING,对应治理设施缺年度有效运行小时数，不能将平均效率直接当全年实际效率；补齐设施投运率；颗粒物需区分PM2.5和粗粒径效率
SRC-RAW-72B220328E568B392487,OC,activity_unit_unresolved,燃料一单位吨标准煤与因子分母t不一致；补原燃料实物量或有依据的换算关系
SRC-RAW-72B220328E568B392487,OC,POLLUTANT_PARAMETER_MISSING,治理工艺及去除效率缺失；补齐后按A.1选取
SRC-RAW-72B220328E568B392487,OC,POLLUTANT_PARAMETER_MISSING,对应治理设施缺年度有效运行小时数，不能将平均效率直接当全年实际效率；补齐设施投运率；颗粒物需区分PM2.5和粗粒径效率
SRC-RAW-B9447A49D51F3109D6F9,SO2,SOURCE_RELATION_MISSING,GYGL仅为工业锅炉类别且企业有多台锅炉；补齐本锅炉与治理设施对应关系
SRC-RAW-B9447A49D51F3109D6F9,NOx,SOURCE_RELATION_MISSING,GYGL仅为工业锅炉类别且企业有多台锅炉；补齐本锅炉与治理设施对应关系
SRC-RAW-B9447A49D51F3109D6F9,PM10,SOURCE_RELATION_MISSING,GYGL仅为工业锅炉类别且企业有多台锅炉；补齐本锅炉与治理设施对应关系
SRC-RAW-B9447A49D51F3109D6F9,PM2.5,SOURCE_RELATION_MISSING,GYGL仅为工业锅炉类别且企业有多台锅炉；补齐本锅炉与治理设施对应关系
SRC-RAW-B9447A49D51F3109D6F9,BC,SOURCE_RELATION_MISSING,GYGL仅为工业锅炉类别且企业有多台锅炉；补齐本锅炉与治理设施对应关系
SRC-RAW-B9447A49D51F3109D6F9,NH3,SOURCE_RELATION_MISSING,工业锅炉类别脱硝设施对应多台锅炉；补齐设备—脱硝设施关系
SRC-RAW-B9447A49D51F3109D6F9,NH3,POLLUTANT_PARAMETER_MISSING,补齐脱硝SCR/SNCR工艺，表E.1按煤计的氨因子不能据设施名称选定
SRC-RAW-204B9276957F39BDC2B7,SO2,SOURCE_RELATION_MISSING,GYGL仅为工业锅炉类别且企业有多台锅炉；补齐本锅炉与治理设施对应关系
SRC-RAW-204B9276957F39BDC2B7,NOx,SOURCE_RELATION_MISSING,GYGL仅为工业锅炉类别且企业有多台锅炉；补齐本锅炉与治理设施对应关系
SRC-RAW-204B9276957F39BDC2B7,PM10,SOURCE_RELATION_MISSING,GYGL仅为工业锅炉类别且企业有多台锅炉；补齐本锅炉与治理设施对应关系
SRC-RAW-204B9276957F39BDC2B7,PM2.5,SOURCE_RELATION_MISSING,GYGL仅为工业锅炉类别且企业有多台锅炉；补齐本锅炉与治理设施对应关系
SRC-RAW-204B9276957F39BDC2B7,BC,SOURCE_RELATION_MISSING,GYGL仅为工业锅炉类别且企业有多台锅炉；补齐本锅炉与治理设施对应关系
SRC-RAW-204B9276957F39BDC2B7,NH3,SOURCE_RELATION_MISSING,工业锅炉类别脱硝设施对应多台锅炉；补齐设备—脱硝设施关系
SRC-RAW-204B9276957F39BDC2B7,NH3,POLLUTANT_PARAMETER_MISSING,补齐脱硝SCR/SNCR工艺，表E.1按煤计的氨因子不能据设施名称选定
SRC-RAW-025DC4469A5FDDA07CF8,SO2,POLLUTANT_PARAMETER_MISSING,对应治理设施缺年度有效运行小时数，不能将平均效率直接当全年实际效率；补齐设施投运率；颗粒物需区分PM2.5和粗粒径效率
SRC-RAW-025DC4469A5FDDA07CF8,NOx,POLLUTANT_PARAMETER_MISSING,燃烧方式其他层燃炉不足以选取E.7的CO/NOx/VOC系数；确认手动或自动炉排
SRC-RAW-025DC4469A5FDDA07CF8,NOx,POLLUTANT_PARAMETER_MISSING,对应治理设施缺年度有效运行小时数，不能将平均效率直接当全年实际效率；补齐设施投运率；颗粒物需区分PM2.5和粗粒径效率
SRC-RAW-025DC4469A5FDDA07CF8,CO,POLLUTANT_PARAMETER_MISSING,燃烧方式其他层燃炉不足以选取E.7的CO/NOx/VOC系数；确认手动或自动炉排
SRC-RAW-025DC4469A5FDDA07CF8,VOC,POLLUTANT_PARAMETER_MISSING,燃烧方式其他层燃炉不足以选取E.7的CO/NOx/VOC系数；确认手动或自动炉排
SRC-RAW-025DC4469A5FDDA07CF8,PM10,POLLUTANT_PARAMETER_MISSING,对应治理设施缺年度有效运行小时数，不能将平均效率直接当全年实际效率；补齐设施投运率；颗粒物需区分PM2.5和粗粒径效率
SRC-RAW-025DC4469A5FDDA07CF8,PM2.5,POLLUTANT_PARAMETER_MISSING,对应治理设施缺年度有效运行小时数，不能将平均效率直接当全年实际效率；补齐设施投运率；颗粒物需区分PM2.5和粗粒径效率
SRC-RAW-025DC4469A5FDDA07CF8,BC,POLLUTANT_PARAMETER_MISSING,对应治理设施缺年度有效运行小时数，不能将平均效率直接当全年实际效率；补齐设施投运率；颗粒物需区分PM2.5和粗粒径效率
SRC-RAW-025DC4469A5FDDA07CF8,OC,POLLUTANT_PARAMETER_MISSING,对应治理设施缺年度有效运行小时数，不能将平均效率直接当全年实际效率；补齐设施投运率；颗粒物需区分PM2.5和粗粒径效率
SRC-RAW-3710F9FE02BBF8927B98,SO2,POLLUTANT_PARAMETER_MISSING,治理工艺及去除效率缺失；补齐后按A.1选取
SRC-RAW-3710F9FE02BBF8927B98,SO2,POLLUTANT_PARAMETER_MISSING,对应治理设施缺年度有效运行小时数，不能将平均效率直接当全年实际效率；补齐设施投运率；颗粒物需区分PM2.5和粗粒径效率
SRC-RAW-3710F9FE02BBF8927B98,NOx,POLLUTANT_PARAMETER_MISSING,燃烧方式抛煤机炉不足以选取E.7的CO/NOx/VOC系数；确认手动或自动炉排
SRC-RAW-3710F9FE02BBF8927B98,CO,POLLUTANT_PARAMETER_MISSING,燃烧方式抛煤机炉不足以选取E.7的CO/NOx/VOC系数；确认手动或自动炉排
SRC-RAW-3710F9FE02BBF8927B98,VOC,POLLUTANT_PARAMETER_MISSING,燃烧方式抛煤机炉不足以选取E.7的CO/NOx/VOC系数；确认手动或自动炉排
SRC-RAW-3710F9FE02BBF8927B98,PM10,POLLUTANT_PARAMETER_MISSING,治理工艺及去除效率缺失；补齐后按A.1选取
SRC-RAW-3710F9FE02BBF8927B98,PM10,POLLUTANT_PARAMETER_MISSING,对应治理设施缺年度有效运行小时数，不能将平均效率直接当全年实际效率；补齐设施投运率；颗粒物需区分PM2.5和粗粒径效率
SRC-RAW-3710F9FE02BBF8927B98,PM2.5,POLLUTANT_PARAMETER_MISSING,治理工艺及去除效率缺失；补齐后按A.1选取
SRC-RAW-3710F9FE02BBF8927B98,PM2.5,POLLUTANT_PARAMETER_MISSING,对应治理设施缺年度有效运行小时数，不能将平均效率直接当全年实际效率；补齐设施投运率；颗粒物需区分PM2.5和粗粒径效率
SRC-RAW-3710F9FE02BBF8927B98,BC,POLLUTANT_PARAMETER_MISSING,治理工艺及去除效率缺失；补齐后按A.1选取
SRC-RAW-3710F9FE02BBF8927B98,BC,POLLUTANT_PARAMETER_MISSING,对应治理设施缺年度有效运行小时数，不能将平均效率直接当全年实际效率；补齐设施投运率；颗粒物需区分PM2.5和粗粒径效率
SRC-RAW-3710F9FE02BBF8927B98,OC,POLLUTANT_PARAMETER_MISSING,治理工艺及去除效率缺失；补齐后按A.1选取
SRC-RAW-3710F9FE02BBF8927B98,OC,POLLUTANT_PARAMETER_MISSING,对应治理设施缺年度有效运行小时数，不能将平均效率直接当全年实际效率；补齐设施投运率；颗粒物需区分PM2.5和粗粒径效率
SRC-RAW-6B18AF1F101F47D764FA,SO2,POLLUTANT_PARAMETER_MISSING,治理工艺及去除效率缺失；补齐后按A.1选取
SRC-RAW-6B18AF1F101F47D764FA,SO2,POLLUTANT_PARAMETER_MISSING,对应治理设施缺年度有效运行小时数，不能将平均效率直接当全年实际效率；补齐设施投运率；颗粒物需区分PM2.5和粗粒径效率
SRC-RAW-6B18AF1F101F47D764FA,PM10,POLLUTANT_PARAMETER_MISSING,治理工艺及去除效率缺失；补齐后按A.1选取
SRC-RAW-6B18AF1F101F47D764FA,PM10,POLLUTANT_PARAMETER_MISSING,对应治理设施缺年度有效运行小时数，不能将平均效率直接当全年实际效率；补齐设施投运率；颗粒物需区分PM2.5和粗粒径效率
SRC-RAW-6B18AF1F101F47D764FA,PM2.5,POLLUTANT_PARAMETER_MISSING,治理工艺及去除效率缺失；补齐后按A.1选取
SRC-RAW-6B18AF1F101F47D764FA,PM2.5,POLLUTANT_PARAMETER_MISSING,对应治理设施缺年度有效运行小时数，不能将平均效率直接当全年实际效率；补齐设施投运率；颗粒物需区分PM2.5和粗粒径效率
SRC-RAW-6B18AF1F101F47D764FA,BC,POLLUTANT_PARAMETER_MISSING,治理工艺及去除效率缺失；补齐后按A.1选取
SRC-RAW-6B18AF1F101F47D764FA,BC,POLLUTANT_PARAMETER_MISSING,对应治理设施缺年度有效运行小时数，不能将平均效率直接当全年实际效率；补齐设施投运率；颗粒物需区分PM2.5和粗粒径效率
SRC-RAW-38B1BEC2FB26872ECDB6,ALL,SOURCE_RELATION_MISSING,boiler_identity_missing；补齐行业或锅炉身份
SRC-RAW-0A3DA610ABE9F7879F4A,SO2,POLLUTANT_PARAMETER_MISSING,治理工艺及去除效率缺失；补齐后按A.1选取
SRC-RAW-0A3DA610ABE9F7879F4A,SO2,POLLUTANT_PARAMETER_MISSING,对应治理设施缺年度有效运行小时数，不能将平均效率直接当全年实际效率；补齐设施投运率；颗粒物需区分PM2.5和粗粒径效率
SRC-RAW-0A3DA610ABE9F7879F4A,PM10,POLLUTANT_PARAMETER_MISSING,治理工艺及去除效率缺失；补齐后按A.1选取
SRC-RAW-0A3DA610ABE9F7879F4A,PM10,POLLUTANT_PARAMETER_MISSING,对应治理设施缺年度有效运行小时数，不能将平均效率直接当全年实际效率；补齐设施投运率；颗粒物需区分PM2.5和粗粒径效率
SRC-RAW-0A3DA610ABE9F7879F4A,PM2.5,POLLUTANT_PARAMETER_MISSING,治理工艺及去除效率缺失；补齐后按A.1选取
SRC-RAW-0A3DA610ABE9F7879F4A,PM2.5,POLLUTANT_PARAMETER_MISSING,对应治理设施缺年度有效运行小时数，不能将平均效率直接当全年实际效率；补齐设施投运率；颗粒物需区分PM2.5和粗粒径效率
SRC-RAW-0A3DA610ABE9F7879F4A,BC,POLLUTANT_PARAMETER_MISSING,治理工艺及去除效率缺失；补齐后按A.1选取
SRC-RAW-0A3DA610ABE9F7879F4A,BC,POLLUTANT_PARAMETER_MISSING,对应治理设施缺年度有效运行小时数，不能将平均效率直接当全年实际效率；补齐设施投运率；颗粒物需区分PM2.5和粗粒径效率
SRC-RAW-05F6F1235A84940AABDB,SO2,POLLUTANT_PARAMETER_MISSING,治理工艺及去除效率缺失；补齐后按A.1选取
SRC-RAW-05F6F1235A84940AABDB,SO2,POLLUTANT_PARAMETER_MISSING,对应治理设施缺年度有效运行小时数，不能将平均效率直接当全年实际效率；补齐设施投运率；颗粒物需区分PM2.5和粗粒径效率
SRC-RAW-05F6F1235A84940AABDB,PM10,POLLUTANT_PARAMETER_MISSING,治理工艺及去除效率缺失；补齐后按A.1选取
SRC-RAW-05F6F1235A84940AABDB,PM10,POLLUTANT_PARAMETER_MISSING,对应治理设施缺年度有效运行小时数，不能将平均效率直接当全年实际效率；补齐设施投运率；颗粒物需区分PM2.5和粗粒径效率
SRC-RAW-05F6F1235A84940AABDB,PM2.5,POLLUTANT_PARAMETER_MISSING,治理工艺及去除效率缺失；补齐后按A.1选取
SRC-RAW-05F6F1235A84940AABDB,PM2.5,POLLUTANT_PARAMETER_MISSING,对应治理设施缺年度有效运行小时数，不能将平均效率直接当全年实际效率；补齐设施投运率；颗粒物需区分PM2.5和粗粒径效率
SRC-RAW-05F6F1235A84940AABDB,BC,POLLUTANT_PARAMETER_MISSING,治理工艺及去除效率缺失；补齐后按A.1选取
SRC-RAW-05F6F1235A84940AABDB,BC,POLLUTANT_PARAMETER_MISSING,对应治理设施缺年度有效运行小时数，不能将平均效率直接当全年实际效率；补齐设施投运率；颗粒物需区分PM2.5和粗粒径效率
SRC-RAW-BD2E2268CD1958B3D643,SO2,POLLUTANT_PARAMETER_MISSING,治理工艺及去除效率缺失；补齐后按A.1选取
SRC-RAW-BD2E2268CD1958B3D643,SO2,POLLUTANT_PARAMETER_MISSING,对应治理设施缺年度有效运行小时数，不能将平均效率直接当全年实际效率；补齐设施投运率；颗粒物需区分PM2.5和粗粒径效率
SRC-RAW-BD2E2268CD1958B3D643,NOx,POLLUTANT_PARAMETER_MISSING,治理工艺及去除效率缺失；补齐后按A.1选取
SRC-RAW-BD2E2268CD1958B3D643,NOx,POLLUTANT_PARAMETER_MISSING,对应治理设施缺年度有效运行小时数，不能将平均效率直接当全年实际效率；补齐设施投运率；颗粒物需区分PM2.5和粗粒径效率
SRC-RAW-BD2E2268CD1958B3D643,PM10,POLLUTANT_PARAMETER_MISSING,治理工艺及去除效率缺失；补齐后按A.1选取
SRC-RAW-BD2E2268CD1958B3D643,PM10,POLLUTANT_PARAMETER_MISSING,对应治理设施缺年度有效运行小时数，不能将平均效率直接当全年实际效率；补齐设施投运率；颗粒物需区分PM2.5和粗粒径效率
SRC-RAW-BD2E2268CD1958B3D643,PM2.5,POLLUTANT_PARAMETER_MISSING,治理工艺及去除效率缺失；补齐后按A.1选取
SRC-RAW-BD2E2268CD1958B3D643,PM2.5,POLLUTANT_PARAMETER_MISSING,对应治理设施缺年度有效运行小时数，不能将平均效率直接当全年实际效率；补齐设施投运率；颗粒物需区分PM2.5和粗粒径效率
SRC-RAW-BD2E2268CD1958B3D643,BC,POLLUTANT_PARAMETER_MISSING,治理工艺及去除效率缺失；补齐后按A.1选取
SRC-RAW-BD2E2268CD1958B3D643,BC,POLLUTANT_PARAMETER_MISSING,对应治理设施缺年度有效运行小时数，不能将平均效率直接当全年实际效率；补齐设施投运率；颗粒物需区分PM2.5和粗粒径效率
SRC-RAW-BD2E2268CD1958B3D643,NH3,POLLUTANT_PARAMETER_MISSING,补齐脱硝SCR/SNCR工艺，表E.1按煤计的氨因子不能据设施名称选定
SRC-RAW-18E163A217CF0B5594F3,SO2,activity_unit_unresolved,燃料一单位吨标准煤与因子分母t不一致；补原燃料实物量或有依据的换算关系
SRC-RAW-18E163A217CF0B5594F3,NOx,activity_unit_unresolved,燃料一单位吨标准煤与因子分母t不一致；补原燃料实物量或有依据的换算关系
SRC-RAW-18E163A217CF0B5594F3,CO,activity_unit_unresolved,燃料一单位吨标准煤与因子分母t不一致；补原燃料实物量或有依据的换算关系
SRC-RAW-18E163A217CF0B5594F3,VOC,activity_unit_unresolved,燃料一单位吨标准煤与因子分母t不一致；补原燃料实物量或有依据的换算关系
SRC-RAW-18E163A217CF0B5594F3,PM10,activity_unit_unresolved,燃料一单位吨标准煤与因子分母t不一致；补原燃料实物量或有依据的换算关系
SRC-RAW-18E163A217CF0B5594F3,PM10,POLLUTANT_PARAMETER_MISSING,治理工艺及去除效率缺失；补齐后按A.1选取
SRC-RAW-18E163A217CF0B5594F3,PM10,POLLUTANT_PARAMETER_MISSING,对应治理设施缺年度有效运行小时数，不能将平均效率直接当全年实际效率；补齐设施投运率；颗粒物需区分PM2.5和粗粒径效率
SRC-RAW-18E163A217CF0B5594F3,PM2.5,activity_unit_unresolved,燃料一单位吨标准煤与因子分母t不一致；补原燃料实物量或有依据的换算关系
SRC-RAW-18E163A217CF0B5594F3,PM2.5,POLLUTANT_PARAMETER_MISSING,治理工艺及去除效率缺失；补齐后按A.1选取
SRC-RAW-18E163A217CF0B5594F3,PM2.5,POLLUTANT_PARAMETER_MISSING,对应治理设施缺年度有效运行小时数，不能将平均效率直接当全年实际效率；补齐设施投运率；颗粒物需区分PM2.5和粗粒径效率
SRC-RAW-18E163A217CF0B5594F3,BC,activity_unit_unresolved,燃料一单位吨标准煤与因子分母t不一致；补原燃料实物量或有依据的换算关系
SRC-RAW-18E163A217CF0B5594F3,BC,POLLUTANT_PARAMETER_MISSING,治理工艺及去除效率缺失；补齐后按A.1选取
SRC-RAW-18E163A217CF0B5594F3,BC,POLLUTANT_PARAMETER_MISSING,对应治理设施缺年度有效运行小时数，不能将平均效率直接当全年实际效率；补齐设施投运率；颗粒物需区分PM2.5和粗粒径效率
SRC-RAW-18E163A217CF0B5594F3,OC,activity_unit_unresolved,燃料一单位吨标准煤与因子分母t不一致；补原燃料实物量或有依据的换算关系
SRC-RAW-18E163A217CF0B5594F3,OC,POLLUTANT_PARAMETER_MISSING,治理工艺及去除效率缺失；补齐后按A.1选取
SRC-RAW-18E163A217CF0B5594F3,OC,POLLUTANT_PARAMETER_MISSING,对应治理设施缺年度有效运行小时数，不能将平均效率直接当全年实际效率；补齐设施投运率；颗粒物需区分PM2.5和粗粒径效率
SRC-RAW-8D703D7D5DEF62F189F8,SO2,activity_unit_unresolved,燃料一单位吨标准煤与因子分母t不一致；补原燃料实物量或有依据的换算关系
SRC-RAW-8D703D7D5DEF62F189F8,NOx,activity_unit_unresolved,燃料一单位吨标准煤与因子分母t不一致；补原燃料实物量或有依据的换算关系
SRC-RAW-8D703D7D5DEF62F189F8,CO,activity_unit_unresolved,燃料一单位吨标准煤与因子分母t不一致；补原燃料实物量或有依据的换算关系
SRC-RAW-8D703D7D5DEF62F189F8,VOC,activity_unit_unresolved,燃料一单位吨标准煤与因子分母t不一致；补原燃料实物量或有依据的换算关系
SRC-RAW-8D703D7D5DEF62F189F8,PM10,activity_unit_unresolved,燃料一单位吨标准煤与因子分母t不一致；补原燃料实物量或有依据的换算关系
SRC-RAW-8D703D7D5DEF62F189F8,PM10,POLLUTANT_PARAMETER_MISSING,治理工艺及去除效率缺失；补齐后按A.1选取
SRC-RAW-8D703D7D5DEF62F189F8,PM10,POLLUTANT_PARAMETER_MISSING,对应治理设施缺年度有效运行小时数，不能将平均效率直接当全年实际效率；补齐设施投运率；颗粒物需区分PM2.5和粗粒径效率
SRC-RAW-8D703D7D5DEF62F189F8,PM2.5,activity_unit_unresolved,燃料一单位吨标准煤与因子分母t不一致；补原燃料实物量或有依据的换算关系
SRC-RAW-8D703D7D5DEF62F189F8,PM2.5,POLLUTANT_PARAMETER_MISSING,治理工艺及去除效率缺失；补齐后按A.1选取
SRC-RAW-8D703D7D5DEF62F189F8,PM2.5,POLLUTANT_PARAMETER_MISSING,对应治理设施缺年度有效运行小时数，不能将平均效率直接当全年实际效率；补齐设施投运率；颗粒物需区分PM2.5和粗粒径效率
SRC-RAW-8D703D7D5DEF62F189F8,BC,activity_unit_unresolved,燃料一单位吨标准煤与因子分母t不一致；补原燃料实物量或有依据的换算关系
SRC-RAW-8D703D7D5DEF62F189F8,BC,POLLUTANT_PARAMETER_MISSING,治理工艺及去除效率缺失；补齐后按A.1选取
SRC-RAW-8D703D7D5DEF62F189F8,BC,POLLUTANT_PARAMETER_MISSING,对应治理设施缺年度有效运行小时数，不能将平均效率直接当全年实际效率；补齐设施投运率；颗粒物需区分PM2.5和粗粒径效率
SRC-RAW-8D703D7D5DEF62F189F8,OC,activity_unit_unresolved,燃料一单位吨标准煤与因子分母t不一致；补原燃料实物量或有依据的换算关系
SRC-RAW-8D703D7D5DEF62F189F8,OC,POLLUTANT_PARAMETER_MISSING,治理工艺及去除效率缺失；补齐后按A.1选取
SRC-RAW-8D703D7D5DEF62F189F8,OC,POLLUTANT_PARAMETER_MISSING,对应治理设施缺年度有效运行小时数，不能将平均效率直接当全年实际效率；补齐设施投运率；颗粒物需区分PM2.5和粗粒径效率
SRC-RAW-8E7F1CA184A6A18D9477,NOx,POLLUTANT_PARAMETER_MISSING,治理工艺及去除效率缺失；补齐后按A.1选取
SRC-RAW-8E7F1CA184A6A18D9477,NOx,POLLUTANT_PARAMETER_MISSING,对应治理设施缺年度有效运行小时数，不能将平均效率直接当全年实际效率；补齐设施投运率；颗粒物需区分PM2.5和粗粒径效率
SRC-RAW-8E7F1CA184A6A18D9477,PM10,POLLUTANT_PARAMETER_MISSING,治理工艺及去除效率缺失；补齐后按A.1选取
SRC-RAW-8E7F1CA184A6A18D9477,PM10,POLLUTANT_PARAMETER_MISSING,对应治理设施缺年度有效运行小时数，不能将平均效率直接当全年实际效率；补齐设施投运率；颗粒物需区分PM2.5和粗粒径效率
SRC-RAW-8E7F1CA184A6A18D9477,PM2.5,POLLUTANT_PARAMETER_MISSING,治理工艺及去除效率缺失；补齐后按A.1选取
SRC-RAW-8E7F1CA184A6A18D9477,PM2.5,POLLUTANT_PARAMETER_MISSING,对应治理设施缺年度有效运行小时数，不能将平均效率直接当全年实际效率；补齐设施投运率；颗粒物需区分PM2.5和粗粒径效率
SRC-RAW-8E7F1CA184A6A18D9477,BC,POLLUTANT_PARAMETER_MISSING,治理工艺及去除效率缺失；补齐后按A.1选取
SRC-RAW-8E7F1CA184A6A18D9477,BC,POLLUTANT_PARAMETER_MISSING,对应治理设施缺年度有效运行小时数，不能将平均效率直接当全年实际效率；补齐设施投运率；颗粒物需区分PM2.5和粗粒径效率
SRC-RAW-8E7F1CA184A6A18D9477,NH3,POLLUTANT_PARAMETER_MISSING,补齐脱硝SCR/SNCR工艺，表E.1按煤计的氨因子不能据设施名称选定
SRC-RAW-1B28FECB5613162B45CE,NOx,SOURCE_RELATION_MISSING,GYGL仅为工业锅炉类别且企业有多台锅炉；补齐本锅炉与治理设施对应关系
SRC-RAW-1B28FECB5613162B45CE,PM10,SOURCE_RELATION_MISSING,GYGL仅为工业锅炉类别且企业有多台锅炉；补齐本锅炉与治理设施对应关系
SRC-RAW-1B28FECB5613162B45CE,PM2.5,SOURCE_RELATION_MISSING,GYGL仅为工业锅炉类别且企业有多台锅炉；补齐本锅炉与治理设施对应关系
SRC-RAW-1B28FECB5613162B45CE,NH3,SOURCE_RELATION_MISSING,工业锅炉类别脱硝设施对应多台锅炉；补齐设备—脱硝设施关系
SRC-RAW-1B28FECB5613162B45CE,NH3,POLLUTANT_PARAMETER_MISSING,补齐脱硝SCR/SNCR工艺，表E.1按煤计的氨因子不能据设施名称选定
SRC-RAW-1B28FECB5613162B45CE,NH3,factor_not_applicable,表E.1氨因子分母为煤，当前燃料天然气不具备可直接使用的氨因子；提供适用因子或实测氨排放
SRC-RAW-3E9A967CF533BF5F6EA6,NOx,SOURCE_RELATION_MISSING,GYGL仅为工业锅炉类别且企业有多台锅炉；补齐本锅炉与治理设施对应关系
SRC-RAW-3E9A967CF533BF5F6EA6,PM10,SOURCE_RELATION_MISSING,GYGL仅为工业锅炉类别且企业有多台锅炉；补齐本锅炉与治理设施对应关系
SRC-RAW-3E9A967CF533BF5F6EA6,PM2.5,SOURCE_RELATION_MISSING,GYGL仅为工业锅炉类别且企业有多台锅炉；补齐本锅炉与治理设施对应关系
SRC-RAW-3E9A967CF533BF5F6EA6,NH3,SOURCE_RELATION_MISSING,工业锅炉类别脱硝设施对应多台锅炉；补齐设备—脱硝设施关系
SRC-RAW-3E9A967CF533BF5F6EA6,NH3,POLLUTANT_PARAMETER_MISSING,补齐脱硝SCR/SNCR工艺，表E.1按煤计的氨因子不能据设施名称选定
SRC-RAW-3E9A967CF533BF5F6EA6,NH3,factor_not_applicable,表E.1氨因子分母为煤，当前燃料天然气不具备可直接使用的氨因子；提供适用因子或实测氨排放
SRC-RAW-32D5CD42D21E9AB6FE99,NOx,SOURCE_RELATION_MISSING,GYGL仅为工业锅炉类别且企业有多台锅炉；补齐本锅炉与治理设施对应关系
SRC-RAW-32D5CD42D21E9AB6FE99,PM10,SOURCE_RELATION_MISSING,GYGL仅为工业锅炉类别且企业有多台锅炉；补齐本锅炉与治理设施对应关系
SRC-RAW-32D5CD42D21E9AB6FE99,PM2.5,SOURCE_RELATION_MISSING,GYGL仅为工业锅炉类别且企业有多台锅炉；补齐本锅炉与治理设施对应关系
SRC-RAW-32D5CD42D21E9AB6FE99,NH3,SOURCE_RELATION_MISSING,工业锅炉类别脱硝设施对应多台锅炉；补齐设备—脱硝设施关系
SRC-RAW-32D5CD42D21E9AB6FE99,NH3,POLLUTANT_PARAMETER_MISSING,补齐脱硝SCR/SNCR工艺，表E.1按煤计的氨因子不能据设施名称选定
SRC-RAW-32D5CD42D21E9AB6FE99,NH3,factor_not_applicable,表E.1氨因子分母为煤，当前燃料天然气不具备可直接使用的氨因子；提供适用因子或实测氨排放
SRC-RAW-86D92D6F395BAB605153,SO2,POLLUTANT_PARAMETER_MISSING,对应治理设施缺年度有效运行小时数，不能将平均效率直接当全年实际效率；补齐设施投运率；颗粒物需区分PM2.5和粗粒径效率
SRC-RAW-86D92D6F395BAB605153,NOx,POLLUTANT_PARAMETER_MISSING,治理工艺及去除效率缺失；补齐后按A.1选取
SRC-RAW-86D92D6F395BAB605153,NOx,POLLUTANT_PARAMETER_MISSING,对应治理设施缺年度有效运行小时数，不能将平均效率直接当全年实际效率；补齐设施投运率；颗粒物需区分PM2.5和粗粒径效率
SRC-RAW-86D92D6F395BAB605153,PM10,POLLUTANT_PARAMETER_MISSING,治理工艺及去除效率缺失；补齐后按A.1选取
SRC-RAW-86D92D6F395BAB605153,PM10,POLLUTANT_PARAMETER_MISSING,对应治理设施缺年度有效运行小时数，不能将平均效率直接当全年实际效率；补齐设施投运率；颗粒物需区分PM2.5和粗粒径效率
SRC-RAW-86D92D6F395BAB605153,PM2.5,POLLUTANT_PARAMETER_MISSING,治理工艺及去除效率缺失；补齐后按A.1选取
SRC-RAW-86D92D6F395BAB605153,PM2.5,POLLUTANT_PARAMETER_MISSING,对应治理设施缺年度有效运行小时数，不能将平均效率直接当全年实际效率；补齐设施投运率；颗粒物需区分PM2.5和粗粒径效率
SRC-RAW-86D92D6F395BAB605153,BC,POLLUTANT_PARAMETER_MISSING,治理工艺及去除效率缺失；补齐后按A.1选取
SRC-RAW-86D92D6F395BAB605153,BC,POLLUTANT_PARAMETER_MISSING,对应治理设施缺年度有效运行小时数，不能将平均效率直接当全年实际效率；补齐设施投运率；颗粒物需区分PM2.5和粗粒径效率
SRC-RAW-86D92D6F395BAB605153,OC,POLLUTANT_PARAMETER_MISSING,治理工艺及去除效率缺失；补齐后按A.1选取
SRC-RAW-86D92D6F395BAB605153,OC,POLLUTANT_PARAMETER_MISSING,对应治理设施缺年度有效运行小时数，不能将平均效率直接当全年实际效率；补齐设施投运率；颗粒物需区分PM2.5和粗粒径效率
SRC-RAW-86D92D6F395BAB605153,NH3,POLLUTANT_PARAMETER_MISSING,补齐脱硝SCR/SNCR工艺，表E.1按煤计的氨因子不能据设施名称选定
SRC-RAW-36BD396B6242DE29D5A6,SO2,activity_unit_unresolved,燃料一单位吨标准煤与因子分母t不一致；补原燃料实物量或有依据的换算关系
SRC-RAW-36BD396B6242DE29D5A6,SO2,SOURCE_RELATION_MISSING,GYGL仅为工业锅炉类别且企业有多台锅炉；补齐本锅炉与治理设施对应关系
SRC-RAW-36BD396B6242DE29D5A6,NOx,activity_unit_unresolved,燃料一单位吨标准煤与因子分母t不一致；补原燃料实物量或有依据的换算关系
SRC-RAW-36BD396B6242DE29D5A6,NOx,SOURCE_RELATION_MISSING,GYGL仅为工业锅炉类别且企业有多台锅炉；补齐本锅炉与治理设施对应关系
SRC-RAW-36BD396B6242DE29D5A6,CO,activity_unit_unresolved,燃料一单位吨标准煤与因子分母t不一致；补原燃料实物量或有依据的换算关系
SRC-RAW-36BD396B6242DE29D5A6,VOC,activity_unit_unresolved,燃料一单位吨标准煤与因子分母t不一致；补原燃料实物量或有依据的换算关系
SRC-RAW-36BD396B6242DE29D5A6,PM10,activity_unit_unresolved,燃料一单位吨标准煤与因子分母t不一致；补原燃料实物量或有依据的换算关系
SRC-RAW-36BD396B6242DE29D5A6,PM10,SOURCE_RELATION_MISSING,GYGL仅为工业锅炉类别且企业有多台锅炉；补齐本锅炉与治理设施对应关系
SRC-RAW-36BD396B6242DE29D5A6,PM2.5,activity_unit_unresolved,燃料一单位吨标准煤与因子分母t不一致；补原燃料实物量或有依据的换算关系
SRC-RAW-36BD396B6242DE29D5A6,PM2.5,SOURCE_RELATION_MISSING,GYGL仅为工业锅炉类别且企业有多台锅炉；补齐本锅炉与治理设施对应关系
SRC-RAW-36BD396B6242DE29D5A6,BC,activity_unit_unresolved,燃料一单位吨标准煤与因子分母t不一致；补原燃料实物量或有依据的换算关系
SRC-RAW-36BD396B6242DE29D5A6,BC,SOURCE_RELATION_MISSING,GYGL仅为工业锅炉类别且企业有多台锅炉；补齐本锅炉与治理设施对应关系
SRC-RAW-36BD396B6242DE29D5A6,OC,activity_unit_unresolved,燃料一单位吨标准煤与因子分母t不一致；补原燃料实物量或有依据的换算关系
SRC-RAW-36BD396B6242DE29D5A6,OC,SOURCE_RELATION_MISSING,GYGL仅为工业锅炉类别且企业有多台锅炉；补齐本锅炉与治理设施对应关系
SRC-RAW-36BD396B6242DE29D5A6,NH3,SOURCE_RELATION_MISSING,工业锅炉类别脱硝设施对应多台锅炉；补齐设备—脱硝设施关系
SRC-RAW-36BD396B6242DE29D5A6,NH3,POLLUTANT_PARAMETER_MISSING,补齐脱硝SCR/SNCR工艺，表E.1按煤计的氨因子不能据设施名称选定
SRC-RAW-36BD396B6242DE29D5A6,NH3,factor_not_applicable,表E.1氨因子分母为煤，当前燃料其他燃料不具备可直接使用的氨因子；提供适用因子或实测氨排放
SRC-RAW-202419D94C8869154A80,NOx,SOURCE_RELATION_MISSING,GYGL仅为工业锅炉类别且企业有多台锅炉；补齐本锅炉与治理设施对应关系
SRC-RAW-202419D94C8869154A80,PM10,SOURCE_RELATION_MISSING,GYGL仅为工业锅炉类别且企业有多台锅炉；补齐本锅炉与治理设施对应关系
SRC-RAW-202419D94C8869154A80,PM2.5,SOURCE_RELATION_MISSING,GYGL仅为工业锅炉类别且企业有多台锅炉；补齐本锅炉与治理设施对应关系
SRC-RAW-202419D94C8869154A80,NH3,SOURCE_RELATION_MISSING,工业锅炉类别脱硝设施对应多台锅炉；补齐设备—脱硝设施关系
SRC-RAW-202419D94C8869154A80,NH3,POLLUTANT_PARAMETER_MISSING,补齐脱硝SCR/SNCR工艺，表E.1按煤计的氨因子不能据设施名称选定
SRC-RAW-202419D94C8869154A80,NH3,factor_not_applicable,表E.1氨因子分母为煤，当前燃料天然气不具备可直接使用的氨因子；提供适用因子或实测氨排放
SRC-RAW-5406B83673914F3FA854,NOx,SOURCE_RELATION_MISSING,GYGL仅为工业锅炉类别且企业有多台锅炉；补齐本锅炉与治理设施对应关系
SRC-RAW-5406B83673914F3FA854,PM10,SOURCE_RELATION_MISSING,GYGL仅为工业锅炉类别且企业有多台锅炉；补齐本锅炉与治理设施对应关系
SRC-RAW-5406B83673914F3FA854,PM2.5,SOURCE_RELATION_MISSING,GYGL仅为工业锅炉类别且企业有多台锅炉；补齐本锅炉与治理设施对应关系
SRC-RAW-5406B83673914F3FA854,NH3,SOURCE_RELATION_MISSING,工业锅炉类别脱硝设施对应多台锅炉；补齐设备—脱硝设施关系
SRC-RAW-5406B83673914F3FA854,NH3,POLLUTANT_PARAMETER_MISSING,补齐脱硝SCR/SNCR工艺，表E.1按煤计的氨因子不能据设施名称选定
SRC-RAW-5406B83673914F3FA854,NH3,factor_not_applicable,表E.1氨因子分母为煤，当前燃料天然气不具备可直接使用的氨因子；提供适用因子或实测氨排放
SRC-RAW-483F93150D2DBDDD17FC,NOx,SOURCE_RELATION_MISSING,GYGL仅为工业锅炉类别且企业有多台锅炉；补齐本锅炉与治理设施对应关系
SRC-RAW-483F93150D2DBDDD17FC,PM10,SOURCE_RELATION_MISSING,GYGL仅为工业锅炉类别且企业有多台锅炉；补齐本锅炉与治理设施对应关系
SRC-RAW-483F93150D2DBDDD17FC,PM2.5,SOURCE_RELATION_MISSING,GYGL仅为工业锅炉类别且企业有多台锅炉；补齐本锅炉与治理设施对应关系
SRC-RAW-483F93150D2DBDDD17FC,NH3,SOURCE_RELATION_MISSING,工业锅炉类别脱硝设施对应多台锅炉；补齐设备—脱硝设施关系
SRC-RAW-483F93150D2DBDDD17FC,NH3,POLLUTANT_PARAMETER_MISSING,补齐脱硝SCR/SNCR工艺，表E.1按煤计的氨因子不能据设施名称选定
SRC-RAW-483F93150D2DBDDD17FC,NH3,factor_not_applicable,表E.1氨因子分母为煤，当前燃料天然气不具备可直接使用的氨因子；提供适用因子或实测氨排放
SRC-RAW-B0619F72915436C328AB,NOx,POLLUTANT_PARAMETER_MISSING,治理工艺及去除效率缺失；补齐后按A.1选取
SRC-RAW-B0619F72915436C328AB,NOx,POLLUTANT_PARAMETER_MISSING,对应治理设施缺年度有效运行小时数，不能将平均效率直接当全年实际效率；补齐设施投运率；颗粒物需区分PM2.5和粗粒径效率
SRC-RAW-B0619F72915436C328AB,PM10,POLLUTANT_PARAMETER_MISSING,治理工艺及去除效率缺失；补齐后按A.1选取
SRC-RAW-B0619F72915436C328AB,PM10,POLLUTANT_PARAMETER_MISSING,对应治理设施缺年度有效运行小时数，不能将平均效率直接当全年实际效率；补齐设施投运率；颗粒物需区分PM2.5和粗粒径效率
SRC-RAW-B0619F72915436C328AB,PM2.5,POLLUTANT_PARAMETER_MISSING,治理工艺及去除效率缺失；补齐后按A.1选取
SRC-RAW-B0619F72915436C328AB,PM2.5,POLLUTANT_PARAMETER_MISSING,对应治理设施缺年度有效运行小时数，不能将平均效率直接当全年实际效率；补齐设施投运率；颗粒物需区分PM2.5和粗粒径效率
SRC-RAW-B0619F72915436C328AB,NH3,POLLUTANT_PARAMETER_MISSING,补齐脱硝SCR/SNCR工艺，表E.1按煤计的氨因子不能据设施名称选定
SRC-RAW-B0619F72915436C328AB,NH3,factor_not_applicable,表E.1氨因子分母为煤，当前燃料天然气不具备可直接使用的氨因子；提供适用因子或实测氨排放
SRC-RAW-A6AC1C419E404AAB5C3B,SO2,activity_unit_unresolved,燃料一单位吨标准煤与因子分母t不一致；补原燃料实物量或有依据的换算关系
SRC-RAW-A6AC1C419E404AAB5C3B,NOx,activity_unit_unresolved,燃料一单位吨标准煤与因子分母t不一致；补原燃料实物量或有依据的换算关系
SRC-RAW-A6AC1C419E404AAB5C3B,CO,activity_unit_unresolved,燃料一单位吨标准煤与因子分母t不一致；补原燃料实物量或有依据的换算关系
SRC-RAW-A6AC1C419E404AAB5C3B,VOC,activity_unit_unresolved,燃料一单位吨标准煤与因子分母t不一致；补原燃料实物量或有依据的换算关系
SRC-RAW-A6AC1C419E404AAB5C3B,PM10,activity_unit_unresolved,燃料一单位吨标准煤与因子分母t不一致；补原燃料实物量或有依据的换算关系
SRC-RAW-A6AC1C419E404AAB5C3B,PM2.5,activity_unit_unresolved,燃料一单位吨标准煤与因子分母t不一致；补原燃料实物量或有依据的换算关系
SRC-RAW-A6AC1C419E404AAB5C3B,BC,activity_unit_unresolved,燃料一单位吨标准煤与因子分母t不一致；补原燃料实物量或有依据的换算关系
SRC-RAW-A6AC1C419E404AAB5C3B,OC,activity_unit_unresolved,燃料一单位吨标准煤与因子分母t不一致；补原燃料实物量或有依据的换算关系
SRC-RAW-C11B060FF371EF84341B,NOx,SOURCE_RELATION_MISSING,GYGL仅为工业锅炉类别且企业有多台锅炉；补齐本锅炉与治理设施对应关系
SRC-RAW-C11B060FF371EF84341B,PM10,SOURCE_RELATION_MISSING,GYGL仅为工业锅炉类别且企业有多台锅炉；补齐本锅炉与治理设施对应关系
SRC-RAW-C11B060FF371EF84341B,PM2.5,SOURCE_RELATION_MISSING,GYGL仅为工业锅炉类别且企业有多台锅炉；补齐本锅炉与治理设施对应关系
SRC-RAW-C11B060FF371EF84341B,NH3,SOURCE_RELATION_MISSING,工业锅炉类别脱硝设施对应多台锅炉；补齐设备—脱硝设施关系
SRC-RAW-C11B060FF371EF84341B,NH3,POLLUTANT_PARAMETER_MISSING,补齐脱硝SCR/SNCR工艺，表E.1按煤计的氨因子不能据设施名称选定
SRC-RAW-C11B060FF371EF84341B,NH3,factor_not_applicable,表E.1氨因子分母为煤，当前燃料天然气不具备可直接使用的氨因子；提供适用因子或实测氨排放
SRC-RAW-42641097AF253E1615D3,SO2,POLLUTANT_PARAMETER_MISSING,对应治理设施缺年度有效运行小时数，不能将平均效率直接当全年实际效率；补齐设施投运率；颗粒物需区分PM2.5和粗粒径效率
SRC-RAW-42641097AF253E1615D3,PM10,POLLUTANT_PARAMETER_MISSING,对应治理设施缺年度有效运行小时数，不能将平均效率直接当全年实际效率；补齐设施投运率；颗粒物需区分PM2.5和粗粒径效率
SRC-RAW-42641097AF253E1615D3,PM2.5,POLLUTANT_PARAMETER_MISSING,对应治理设施缺年度有效运行小时数，不能将平均效率直接当全年实际效率；补齐设施投运率；颗粒物需区分PM2.5和粗粒径效率
SRC-RAW-42641097AF253E1615D3,BC,POLLUTANT_PARAMETER_MISSING,对应治理设施缺年度有效运行小时数，不能将平均效率直接当全年实际效率；补齐设施投运率；颗粒物需区分PM2.5和粗粒径效率
SRC-RAW-42641097AF253E1615D3,OC,POLLUTANT_PARAMETER_MISSING,对应治理设施缺年度有效运行小时数，不能将平均效率直接当全年实际效率；补齐设施投运率；颗粒物需区分PM2.5和粗粒径效率
SRC-RAW-0121B5602E28A3313A92,NOx,POLLUTANT_PARAMETER_MISSING,治理工艺及去除效率缺失；补齐后按A.1选取
SRC-RAW-0121B5602E28A3313A92,NOx,POLLUTANT_PARAMETER_MISSING,对应治理设施缺年度有效运行小时数，不能将平均效率直接当全年实际效率；补齐设施投运率；颗粒物需区分PM2.5和粗粒径效率
SRC-RAW-0121B5602E28A3313A92,PM10,POLLUTANT_PARAMETER_MISSING,治理工艺及去除效率缺失；补齐后按A.1选取
SRC-RAW-0121B5602E28A3313A92,PM10,POLLUTANT_PARAMETER_MISSING,对应治理设施缺年度有效运行小时数，不能将平均效率直接当全年实际效率；补齐设施投运率；颗粒物需区分PM2.5和粗粒径效率
SRC-RAW-0121B5602E28A3313A92,PM2.5,POLLUTANT_PARAMETER_MISSING,治理工艺及去除效率缺失；补齐后按A.1选取
SRC-RAW-0121B5602E28A3313A92,PM2.5,POLLUTANT_PARAMETER_MISSING,对应治理设施缺年度有效运行小时数，不能将平均效率直接当全年实际效率；补齐设施投运率；颗粒物需区分PM2.5和粗粒径效率
SRC-RAW-0121B5602E28A3313A92,NH3,POLLUTANT_PARAMETER_MISSING,补齐脱硝SCR/SNCR工艺，表E.1按煤计的氨因子不能据设施名称选定
SRC-RAW-0121B5602E28A3313A92,NH3,factor_not_applicable,表E.1氨因子分母为煤，当前燃料天然气不具备可直接使用的氨因子；提供适用因子或实测氨排放
SRC-RAW-01D9AB2CDF4A1670CD27,NOx,SOURCE_RELATION_MISSING,GYGL仅为工业锅炉类别且企业有多台锅炉；补齐本锅炉与治理设施对应关系
SRC-RAW-01D9AB2CDF4A1670CD27,PM10,SOURCE_RELATION_MISSING,GYGL仅为工业锅炉类别且企业有多台锅炉；补齐本锅炉与治理设施对应关系
SRC-RAW-01D9AB2CDF4A1670CD27,PM2.5,SOURCE_RELATION_MISSING,GYGL仅为工业锅炉类别且企业有多台锅炉；补齐本锅炉与治理设施对应关系
SRC-RAW-01D9AB2CDF4A1670CD27,NH3,SOURCE_RELATION_MISSING,工业锅炉类别脱硝设施对应多台锅炉；补齐设备—脱硝设施关系
SRC-RAW-01D9AB2CDF4A1670CD27,NH3,POLLUTANT_PARAMETER_MISSING,补齐脱硝SCR/SNCR工艺，表E.1按煤计的氨因子不能据设施名称选定
SRC-RAW-01D9AB2CDF4A1670CD27,NH3,factor_not_applicable,表E.1氨因子分母为煤，当前燃料天然气不具备可直接使用的氨因子；提供适用因子或实测氨排放
SRC-RAW-B489222605488C21FC3D,SO2,SOURCE_RELATION_MISSING,GYGL仅为工业锅炉类别且企业有多台锅炉；补齐本锅炉与治理设施对应关系
SRC-RAW-B489222605488C21FC3D,PM10,SOURCE_RELATION_MISSING,GYGL仅为工业锅炉类别且企业有多台锅炉；补齐本锅炉与治理设施对应关系
SRC-RAW-B489222605488C21FC3D,PM2.5,SOURCE_RELATION_MISSING,GYGL仅为工业锅炉类别且企业有多台锅炉；补齐本锅炉与治理设施对应关系
SRC-RAW-B489222605488C21FC3D,BC,SOURCE_RELATION_MISSING,GYGL仅为工业锅炉类别且企业有多台锅炉；补齐本锅炉与治理设施对应关系
SRC-RAW-B489222605488C21FC3D,OC,SOURCE_RELATION_MISSING,GYGL仅为工业锅炉类别且企业有多台锅炉；补齐本锅炉与治理设施对应关系
SRC-RAW-78D3BC298F6AC43A9719,SO2,SOURCE_RELATION_MISSING,GYGL仅为工业锅炉类别且企业有多台锅炉；补齐本锅炉与治理设施对应关系
SRC-RAW-78D3BC298F6AC43A9719,PM10,SOURCE_RELATION_MISSING,GYGL仅为工业锅炉类别且企业有多台锅炉；补齐本锅炉与治理设施对应关系
SRC-RAW-78D3BC298F6AC43A9719,PM2.5,SOURCE_RELATION_MISSING,GYGL仅为工业锅炉类别且企业有多台锅炉；补齐本锅炉与治理设施对应关系
SRC-RAW-78D3BC298F6AC43A9719,BC,SOURCE_RELATION_MISSING,GYGL仅为工业锅炉类别且企业有多台锅炉；补齐本锅炉与治理设施对应关系
SRC-RAW-78D3BC298F6AC43A9719,OC,SOURCE_RELATION_MISSING,GYGL仅为工业锅炉类别且企业有多台锅炉；补齐本锅炉与治理设施对应关系
SRC-RAW-40EE6F46F56109589876,NOx,SOURCE_RELATION_MISSING,GYGL仅为工业锅炉类别且企业有多台锅炉；补齐本锅炉与治理设施对应关系
SRC-RAW-40EE6F46F56109589876,PM10,SOURCE_RELATION_MISSING,GYGL仅为工业锅炉类别且企业有多台锅炉；补齐本锅炉与治理设施对应关系
SRC-RAW-40EE6F46F56109589876,PM2.5,SOURCE_RELATION_MISSING,GYGL仅为工业锅炉类别且企业有多台锅炉；补齐本锅炉与治理设施对应关系
SRC-RAW-40EE6F46F56109589876,NH3,SOURCE_RELATION_MISSING,工业锅炉类别脱硝设施对应多台锅炉；补齐设备—脱硝设施关系
SRC-RAW-40EE6F46F56109589876,NH3,POLLUTANT_PARAMETER_MISSING,补齐脱硝SCR/SNCR工艺，表E.1按煤计的氨因子不能据设施名称选定
SRC-RAW-40EE6F46F56109589876,NH3,factor_not_applicable,表E.1氨因子分母为煤，当前燃料天然气不具备可直接使用的氨因子；提供适用因子或实测氨排放
SRC-RAW-E699A566BA0C2AE488C2,NOx,SOURCE_RELATION_MISSING,GYGL仅为工业锅炉类别且企业有多台锅炉；补齐本锅炉与治理设施对应关系
SRC-RAW-E699A566BA0C2AE488C2,PM10,SOURCE_RELATION_MISSING,GYGL仅为工业锅炉类别且企业有多台锅炉；补齐本锅炉与治理设施对应关系
SRC-RAW-E699A566BA0C2AE488C2,PM2.5,SOURCE_RELATION_MISSING,GYGL仅为工业锅炉类别且企业有多台锅炉；补齐本锅炉与治理设施对应关系
SRC-RAW-E699A566BA0C2AE488C2,BC,SOURCE_RELATION_MISSING,GYGL仅为工业锅炉类别且企业有多台锅炉；补齐本锅炉与治理设施对应关系
SRC-RAW-E699A566BA0C2AE488C2,OC,SOURCE_RELATION_MISSING,GYGL仅为工业锅炉类别且企业有多台锅炉；补齐本锅炉与治理设施对应关系
SRC-RAW-E699A566BA0C2AE488C2,NH3,SOURCE_RELATION_MISSING,工业锅炉类别脱硝设施对应多台锅炉；补齐设备—脱硝设施关系
SRC-RAW-E699A566BA0C2AE488C2,NH3,POLLUTANT_PARAMETER_MISSING,补齐脱硝SCR/SNCR工艺，表E.1按煤计的氨因子不能据设施名称选定
SRC-RAW-E699A566BA0C2AE488C2,NH3,factor_not_applicable,表E.1氨因子分母为煤，当前燃料液化天然气不具备可直接使用的氨因子；提供适用因子或实测氨排放
SRC-RAW-8609D61ABDBC02DD79DF,SO2,POLLUTANT_PARAMETER_MISSING,对应治理设施缺年度有效运行小时数，不能将平均效率直接当全年实际效率；补齐设施投运率；颗粒物需区分PM2.5和粗粒径效率
SRC-RAW-8609D61ABDBC02DD79DF,NOx,POLLUTANT_PARAMETER_MISSING,对应治理设施缺年度有效运行小时数，不能将平均效率直接当全年实际效率；补齐设施投运率；颗粒物需区分PM2.5和粗粒径效率
SRC-RAW-8609D61ABDBC02DD79DF,PM10,POLLUTANT_PARAMETER_MISSING,对应治理设施缺年度有效运行小时数，不能将平均效率直接当全年实际效率；补齐设施投运率；颗粒物需区分PM2.5和粗粒径效率
SRC-RAW-8609D61ABDBC02DD79DF,PM2.5,POLLUTANT_PARAMETER_MISSING,对应治理设施缺年度有效运行小时数，不能将平均效率直接当全年实际效率；补齐设施投运率；颗粒物需区分PM2.5和粗粒径效率
SRC-RAW-8609D61ABDBC02DD79DF,BC,POLLUTANT_PARAMETER_MISSING,对应治理设施缺年度有效运行小时数，不能将平均效率直接当全年实际效率；补齐设施投运率；颗粒物需区分PM2.5和粗粒径效率
SRC-RAW-8609D61ABDBC02DD79DF,OC,POLLUTANT_PARAMETER_MISSING,对应治理设施缺年度有效运行小时数，不能将平均效率直接当全年实际效率；补齐设施投运率；颗粒物需区分PM2.5和粗粒径效率
SRC-RAW-6BBB6246129B49B9361A,SO2,POLLUTANT_PARAMETER_MISSING,对应治理设施缺年度有效运行小时数，不能将平均效率直接当全年实际效率；补齐设施投运率；颗粒物需区分PM2.5和粗粒径效率
SRC-RAW-6BBB6246129B49B9361A,PM10,POLLUTANT_PARAMETER_MISSING,对应治理设施缺年度有效运行小时数，不能将平均效率直接当全年实际效率；补齐设施投运率；颗粒物需区分PM2.5和粗粒径效率
SRC-RAW-6BBB6246129B49B9361A,PM2.5,POLLUTANT_PARAMETER_MISSING,对应治理设施缺年度有效运行小时数，不能将平均效率直接当全年实际效率；补齐设施投运率；颗粒物需区分PM2.5和粗粒径效率
SRC-RAW-6BBB6246129B49B9361A,BC,POLLUTANT_PARAMETER_MISSING,对应治理设施缺年度有效运行小时数，不能将平均效率直接当全年实际效率；补齐设施投运率；颗粒物需区分PM2.5和粗粒径效率
SRC-RAW-6BBB6246129B49B9361A,OC,POLLUTANT_PARAMETER_MISSING,对应治理设施缺年度有效运行小时数，不能将平均效率直接当全年实际效率；补齐设施投运率；颗粒物需区分PM2.5和粗粒径效率
SRC-RAW-73E4E4285CE8E22F1836,SO2,POLLUTANT_PARAMETER_MISSING,治理工艺及去除效率缺失；补齐后按A.1选取
SRC-RAW-73E4E4285CE8E22F1836,SO2,POLLUTANT_PARAMETER_MISSING,对应治理设施缺年度有效运行小时数，不能将平均效率直接当全年实际效率；补齐设施投运率；颗粒物需区分PM2.5和粗粒径效率
SRC-RAW-73E4E4285CE8E22F1836,PM10,POLLUTANT_PARAMETER_MISSING,治理工艺及去除效率缺失；补齐后按A.1选取
SRC-RAW-73E4E4285CE8E22F1836,PM10,POLLUTANT_PARAMETER_MISSING,对应治理设施缺年度有效运行小时数，不能将平均效率直接当全年实际效率；补齐设施投运率；颗粒物需区分PM2.5和粗粒径效率
SRC-RAW-73E4E4285CE8E22F1836,PM2.5,POLLUTANT_PARAMETER_MISSING,治理工艺及去除效率缺失；补齐后按A.1选取
SRC-RAW-73E4E4285CE8E22F1836,PM2.5,POLLUTANT_PARAMETER_MISSING,对应治理设施缺年度有效运行小时数，不能将平均效率直接当全年实际效率；补齐设施投运率；颗粒物需区分PM2.5和粗粒径效率
SRC-RAW-73E4E4285CE8E22F1836,BC,POLLUTANT_PARAMETER_MISSING,治理工艺及去除效率缺失；补齐后按A.1选取
SRC-RAW-73E4E4285CE8E22F1836,BC,POLLUTANT_PARAMETER_MISSING,对应治理设施缺年度有效运行小时数，不能将平均效率直接当全年实际效率；补齐设施投运率；颗粒物需区分PM2.5和粗粒径效率
SRC-RAW-73E4E4285CE8E22F1836,OC,POLLUTANT_PARAMETER_MISSING,治理工艺及去除效率缺失；补齐后按A.1选取
SRC-RAW-73E4E4285CE8E22F1836,OC,POLLUTANT_PARAMETER_MISSING,对应治理设施缺年度有效运行小时数，不能将平均效率直接当全年实际效率；补齐设施投运率；颗粒物需区分PM2.5和粗粒径效率
SRC-RAW-D9E37F4156943AA47187,SO2,POLLUTANT_PARAMETER_MISSING,治理工艺及去除效率缺失；补齐后按A.1选取
SRC-RAW-D9E37F4156943AA47187,SO2,POLLUTANT_PARAMETER_MISSING,对应治理设施缺年度有效运行小时数，不能将平均效率直接当全年实际效率；补齐设施投运率；颗粒物需区分PM2.5和粗粒径效率
SRC-RAW-D9E37F4156943AA47187,PM10,POLLUTANT_PARAMETER_MISSING,治理工艺及去除效率缺失；补齐后按A.1选取
SRC-RAW-D9E37F4156943AA47187,PM10,POLLUTANT_PARAMETER_MISSING,对应治理设施缺年度有效运行小时数，不能将平均效率直接当全年实际效率；补齐设施投运率；颗粒物需区分PM2.5和粗粒径效率
SRC-RAW-D9E37F4156943AA47187,PM2.5,POLLUTANT_PARAMETER_MISSING,治理工艺及去除效率缺失；补齐后按A.1选取
SRC-RAW-D9E37F4156943AA47187,PM2.5,POLLUTANT_PARAMETER_MISSING,对应治理设施缺年度有效运行小时数，不能将平均效率直接当全年实际效率；补齐设施投运率；颗粒物需区分PM2.5和粗粒径效率
SRC-RAW-D9E37F4156943AA47187,BC,POLLUTANT_PARAMETER_MISSING,治理工艺及去除效率缺失；补齐后按A.1选取
SRC-RAW-D9E37F4156943AA47187,BC,POLLUTANT_PARAMETER_MISSING,对应治理设施缺年度有效运行小时数，不能将平均效率直接当全年实际效率；补齐设施投运率；颗粒物需区分PM2.5和粗粒径效率
SRC-RAW-D9E37F4156943AA47187,OC,POLLUTANT_PARAMETER_MISSING,治理工艺及去除效率缺失；补齐后按A.1选取
SRC-RAW-D9E37F4156943AA47187,OC,POLLUTANT_PARAMETER_MISSING,对应治理设施缺年度有效运行小时数，不能将平均效率直接当全年实际效率；补齐设施投运率；颗粒物需区分PM2.5和粗粒径效率
SRC-RAW-C0F7F4B28DF812E60FBA,PM10,POLLUTANT_PARAMETER_MISSING,治理工艺及去除效率缺失；补齐后按A.1选取
SRC-RAW-C0F7F4B28DF812E60FBA,PM10,POLLUTANT_PARAMETER_MISSING,对应治理设施缺年度有效运行小时数，不能将平均效率直接当全年实际效率；补齐设施投运率；颗粒物需区分PM2.5和粗粒径效率
SRC-RAW-C0F7F4B28DF812E60FBA,PM2.5,POLLUTANT_PARAMETER_MISSING,治理工艺及去除效率缺失；补齐后按A.1选取
SRC-RAW-C0F7F4B28DF812E60FBA,PM2.5,POLLUTANT_PARAMETER_MISSING,对应治理设施缺年度有效运行小时数，不能将平均效率直接当全年实际效率；补齐设施投运率；颗粒物需区分PM2.5和粗粒径效率
SRC-RAW-30176F7B6938ADFEBE23,NOx,SOURCE_RELATION_MISSING,GYGL仅为工业锅炉类别且企业有多台锅炉；补齐本锅炉与治理设施对应关系
SRC-RAW-30176F7B6938ADFEBE23,PM10,SOURCE_RELATION_MISSING,GYGL仅为工业锅炉类别且企业有多台锅炉；补齐本锅炉与治理设施对应关系
SRC-RAW-30176F7B6938ADFEBE23,PM2.5,SOURCE_RELATION_MISSING,GYGL仅为工业锅炉类别且企业有多台锅炉；补齐本锅炉与治理设施对应关系
SRC-RAW-30176F7B6938ADFEBE23,NH3,SOURCE_RELATION_MISSING,工业锅炉类别脱硝设施对应多台锅炉；补齐设备—脱硝设施关系
SRC-RAW-30176F7B6938ADFEBE23,NH3,POLLUTANT_PARAMETER_MISSING,补齐脱硝SCR/SNCR工艺，表E.1按煤计的氨因子不能据设施名称选定
SRC-RAW-30176F7B6938ADFEBE23,NH3,factor_not_applicable,表E.1氨因子分母为煤，当前燃料天然气不具备可直接使用的氨因子；提供适用因子或实测氨排放
SRC-RAW-228287CEAB7F44D7EA64,NOx,SOURCE_RELATION_MISSING,GYGL仅为工业锅炉类别且企业有多台锅炉；补齐本锅炉与治理设施对应关系
SRC-RAW-228287CEAB7F44D7EA64,PM10,SOURCE_RELATION_MISSING,GYGL仅为工业锅炉类别且企业有多台锅炉；补齐本锅炉与治理设施对应关系
SRC-RAW-228287CEAB7F44D7EA64,PM2.5,SOURCE_RELATION_MISSING,GYGL仅为工业锅炉类别且企业有多台锅炉；补齐本锅炉与治理设施对应关系
SRC-RAW-228287CEAB7F44D7EA64,NH3,SOURCE_RELATION_MISSING,工业锅炉类别脱硝设施对应多台锅炉；补齐设备—脱硝设施关系
SRC-RAW-228287CEAB7F44D7EA64,NH3,POLLUTANT_PARAMETER_MISSING,补齐脱硝SCR/SNCR工艺，表E.1按煤计的氨因子不能据设施名称选定
SRC-RAW-228287CEAB7F44D7EA64,NH3,factor_not_applicable,表E.1氨因子分母为煤，当前燃料天然气不具备可直接使用的氨因子；提供适用因子或实测氨排放
SRC-RAW-368E6E56A5EF575C661A,NOx,SOURCE_RELATION_MISSING,GYGL仅为工业锅炉类别且企业有多台锅炉；补齐本锅炉与治理设施对应关系
SRC-RAW-368E6E56A5EF575C661A,PM10,SOURCE_RELATION_MISSING,GYGL仅为工业锅炉类别且企业有多台锅炉；补齐本锅炉与治理设施对应关系
SRC-RAW-368E6E56A5EF575C661A,PM2.5,SOURCE_RELATION_MISSING,GYGL仅为工业锅炉类别且企业有多台锅炉；补齐本锅炉与治理设施对应关系
SRC-RAW-368E6E56A5EF575C661A,NH3,SOURCE_RELATION_MISSING,工业锅炉类别脱硝设施对应多台锅炉；补齐设备—脱硝设施关系
SRC-RAW-368E6E56A5EF575C661A,NH3,POLLUTANT_PARAMETER_MISSING,补齐脱硝SCR/SNCR工艺，表E.1按煤计的氨因子不能据设施名称选定
SRC-RAW-368E6E56A5EF575C661A,NH3,factor_not_applicable,表E.1氨因子分母为煤，当前燃料天然气不具备可直接使用的氨因子；提供适用因子或实测氨排放
SRC-RAW-3EB376C5BB9CE6B86B22,NOx,SOURCE_RELATION_MISSING,GYGL仅为工业锅炉类别且企业有多台锅炉；补齐本锅炉与治理设施对应关系
SRC-RAW-3EB376C5BB9CE6B86B22,PM10,SOURCE_RELATION_MISSING,GYGL仅为工业锅炉类别且企业有多台锅炉；补齐本锅炉与治理设施对应关系
SRC-RAW-3EB376C5BB9CE6B86B22,PM2.5,SOURCE_RELATION_MISSING,GYGL仅为工业锅炉类别且企业有多台锅炉；补齐本锅炉与治理设施对应关系
SRC-RAW-3EB376C5BB9CE6B86B22,NH3,SOURCE_RELATION_MISSING,工业锅炉类别脱硝设施对应多台锅炉；补齐设备—脱硝设施关系
SRC-RAW-3EB376C5BB9CE6B86B22,NH3,POLLUTANT_PARAMETER_MISSING,补齐脱硝SCR/SNCR工艺，表E.1按煤计的氨因子不能据设施名称选定
SRC-RAW-3EB376C5BB9CE6B86B22,NH3,factor_not_applicable,表E.1氨因子分母为煤，当前燃料天然气不具备可直接使用的氨因子；提供适用因子或实测氨排放
SRC-RAW-CF8FB41A911B44A04E24,NOx,POLLUTANT_PARAMETER_MISSING,治理工艺及去除效率缺失；补齐后按A.1选取
SRC-RAW-CF8FB41A911B44A04E24,NOx,POLLUTANT_PARAMETER_MISSING,对应治理设施缺年度有效运行小时数，不能将平均效率直接当全年实际效率；补齐设施投运率；颗粒物需区分PM2.5和粗粒径效率
SRC-RAW-CF8FB41A911B44A04E24,PM10,POLLUTANT_PARAMETER_MISSING,治理工艺及去除效率缺失；补齐后按A.1选取
SRC-RAW-CF8FB41A911B44A04E24,PM10,POLLUTANT_PARAMETER_MISSING,对应治理设施缺年度有效运行小时数，不能将平均效率直接当全年实际效率；补齐设施投运率；颗粒物需区分PM2.5和粗粒径效率
SRC-RAW-CF8FB41A911B44A04E24,PM2.5,POLLUTANT_PARAMETER_MISSING,治理工艺及去除效率缺失；补齐后按A.1选取
SRC-RAW-CF8FB41A911B44A04E24,PM2.5,POLLUTANT_PARAMETER_MISSING,对应治理设施缺年度有效运行小时数，不能将平均效率直接当全年实际效率；补齐设施投运率；颗粒物需区分PM2.5和粗粒径效率
SRC-RAW-CF8FB41A911B44A04E24,NH3,POLLUTANT_PARAMETER_MISSING,补齐脱硝SCR/SNCR工艺，表E.1按煤计的氨因子不能据设施名称选定
SRC-RAW-CF8FB41A911B44A04E24,NH3,factor_not_applicable,表E.1氨因子分母为煤，当前燃料天然气不具备可直接使用的氨因子；提供适用因子或实测氨排放
SRC-RAW-D5C7085FD645AD7428D7,SO2,POLLUTANT_PARAMETER_MISSING,治理工艺及去除效率缺失；补齐后按A.1选取
SRC-RAW-D5C7085FD645AD7428D7,SO2,POLLUTANT_PARAMETER_MISSING,对应治理设施缺年度有效运行小时数，不能将平均效率直接当全年实际效率；补齐设施投运率；颗粒物需区分PM2.5和粗粒径效率
SRC-RAW-D5C7085FD645AD7428D7,NOx,POLLUTANT_PARAMETER_MISSING,燃烧方式抛煤机炉不足以选取E.7的CO/NOx/VOC系数；确认手动或自动炉排
SRC-RAW-D5C7085FD645AD7428D7,CO,POLLUTANT_PARAMETER_MISSING,燃烧方式抛煤机炉不足以选取E.7的CO/NOx/VOC系数；确认手动或自动炉排
SRC-RAW-D5C7085FD645AD7428D7,VOC,POLLUTANT_PARAMETER_MISSING,燃烧方式抛煤机炉不足以选取E.7的CO/NOx/VOC系数；确认手动或自动炉排
SRC-RAW-D5C7085FD645AD7428D7,PM10,POLLUTANT_PARAMETER_MISSING,治理工艺及去除效率缺失；补齐后按A.1选取
SRC-RAW-D5C7085FD645AD7428D7,PM10,POLLUTANT_PARAMETER_MISSING,对应治理设施缺年度有效运行小时数，不能将平均效率直接当全年实际效率；补齐设施投运率；颗粒物需区分PM2.5和粗粒径效率
SRC-RAW-D5C7085FD645AD7428D7,PM2.5,POLLUTANT_PARAMETER_MISSING,治理工艺及去除效率缺失；补齐后按A.1选取
SRC-RAW-D5C7085FD645AD7428D7,PM2.5,POLLUTANT_PARAMETER_MISSING,对应治理设施缺年度有效运行小时数，不能将平均效率直接当全年实际效率；补齐设施投运率；颗粒物需区分PM2.5和粗粒径效率
SRC-RAW-D5C7085FD645AD7428D7,BC,POLLUTANT_PARAMETER_MISSING,治理工艺及去除效率缺失；补齐后按A.1选取
SRC-RAW-D5C7085FD645AD7428D7,BC,POLLUTANT_PARAMETER_MISSING,对应治理设施缺年度有效运行小时数，不能将平均效率直接当全年实际效率；补齐设施投运率；颗粒物需区分PM2.5和粗粒径效率
SRC-RAW-D5C7085FD645AD7428D7,OC,POLLUTANT_PARAMETER_MISSING,治理工艺及去除效率缺失；补齐后按A.1选取
SRC-RAW-D5C7085FD645AD7428D7,OC,POLLUTANT_PARAMETER_MISSING,对应治理设施缺年度有效运行小时数，不能将平均效率直接当全年实际效率；补齐设施投运率；颗粒物需区分PM2.5和粗粒径效率
SRC-RAW-1BB88A51E2EF7D2A85F3,SO2,SOURCE_RELATION_MISSING,GYGL仅为工业锅炉类别且企业有多台锅炉；补齐本锅炉与治理设施对应关系
SRC-RAW-1BB88A51E2EF7D2A85F3,NOx,SOURCE_RELATION_MISSING,GYGL仅为工业锅炉类别且企业有多台锅炉；补齐本锅炉与治理设施对应关系
SRC-RAW-1BB88A51E2EF7D2A85F3,PM10,SOURCE_RELATION_MISSING,GYGL仅为工业锅炉类别且企业有多台锅炉；补齐本锅炉与治理设施对应关系
SRC-RAW-1BB88A51E2EF7D2A85F3,PM2.5,SOURCE_RELATION_MISSING,GYGL仅为工业锅炉类别且企业有多台锅炉；补齐本锅炉与治理设施对应关系
SRC-RAW-1BB88A51E2EF7D2A85F3,BC,SOURCE_RELATION_MISSING,GYGL仅为工业锅炉类别且企业有多台锅炉；补齐本锅炉与治理设施对应关系
SRC-RAW-1BB88A51E2EF7D2A85F3,NH3,SOURCE_RELATION_MISSING,工业锅炉类别脱硝设施对应多台锅炉；补齐设备—脱硝设施关系
SRC-RAW-1BB88A51E2EF7D2A85F3,NH3,POLLUTANT_PARAMETER_MISSING,补齐脱硝SCR/SNCR工艺，表E.1按煤计的氨因子不能据设施名称选定
SRC-RAW-92298738751CA446F7FC,SO2,SOURCE_RELATION_MISSING,GYGL仅为工业锅炉类别且企业有多台锅炉；补齐本锅炉与治理设施对应关系
SRC-RAW-92298738751CA446F7FC,NOx,SOURCE_RELATION_MISSING,GYGL仅为工业锅炉类别且企业有多台锅炉；补齐本锅炉与治理设施对应关系
SRC-RAW-92298738751CA446F7FC,PM10,SOURCE_RELATION_MISSING,GYGL仅为工业锅炉类别且企业有多台锅炉；补齐本锅炉与治理设施对应关系
SRC-RAW-92298738751CA446F7FC,PM2.5,SOURCE_RELATION_MISSING,GYGL仅为工业锅炉类别且企业有多台锅炉；补齐本锅炉与治理设施对应关系
SRC-RAW-92298738751CA446F7FC,BC,SOURCE_RELATION_MISSING,GYGL仅为工业锅炉类别且企业有多台锅炉；补齐本锅炉与治理设施对应关系
SRC-RAW-92298738751CA446F7FC,OC,SOURCE_RELATION_MISSING,GYGL仅为工业锅炉类别且企业有多台锅炉；补齐本锅炉与治理设施对应关系
SRC-RAW-92298738751CA446F7FC,NH3,SOURCE_RELATION_MISSING,工业锅炉类别脱硝设施对应多台锅炉；补齐设备—脱硝设施关系
SRC-RAW-92298738751CA446F7FC,NH3,POLLUTANT_PARAMETER_MISSING,补齐脱硝SCR/SNCR工艺，表E.1按煤计的氨因子不能据设施名称选定
SRC-RAW-CABDFDEAF8733EAD625C,SO2,SOURCE_RELATION_MISSING,GYGL仅为工业锅炉类别且企业有多台锅炉；补齐本锅炉与治理设施对应关系
SRC-RAW-CABDFDEAF8733EAD625C,NOx,SOURCE_RELATION_MISSING,GYGL仅为工业锅炉类别且企业有多台锅炉；补齐本锅炉与治理设施对应关系
SRC-RAW-CABDFDEAF8733EAD625C,PM10,SOURCE_RELATION_MISSING,GYGL仅为工业锅炉类别且企业有多台锅炉；补齐本锅炉与治理设施对应关系
SRC-RAW-CABDFDEAF8733EAD625C,PM2.5,SOURCE_RELATION_MISSING,GYGL仅为工业锅炉类别且企业有多台锅炉；补齐本锅炉与治理设施对应关系
SRC-RAW-CABDFDEAF8733EAD625C,BC,SOURCE_RELATION_MISSING,GYGL仅为工业锅炉类别且企业有多台锅炉；补齐本锅炉与治理设施对应关系
SRC-RAW-CABDFDEAF8733EAD625C,OC,SOURCE_RELATION_MISSING,GYGL仅为工业锅炉类别且企业有多台锅炉；补齐本锅炉与治理设施对应关系
SRC-RAW-CABDFDEAF8733EAD625C,NH3,SOURCE_RELATION_MISSING,工业锅炉类别脱硝设施对应多台锅炉；补齐设备—脱硝设施关系
SRC-RAW-CABDFDEAF8733EAD625C,NH3,POLLUTANT_PARAMETER_MISSING,补齐脱硝SCR/SNCR工艺，表E.1按煤计的氨因子不能据设施名称选定
SRC-RAW-160282C53287E4BC8DD3,SO2,SOURCE_RELATION_MISSING,GYGL仅为工业锅炉类别且企业有多台锅炉；补齐本锅炉与治理设施对应关系
SRC-RAW-160282C53287E4BC8DD3,NOx,SOURCE_RELATION_MISSING,GYGL仅为工业锅炉类别且企业有多台锅炉；补齐本锅炉与治理设施对应关系
SRC-RAW-160282C53287E4BC8DD3,PM10,SOURCE_RELATION_MISSING,GYGL仅为工业锅炉类别且企业有多台锅炉；补齐本锅炉与治理设施对应关系
SRC-RAW-160282C53287E4BC8DD3,PM2.5,SOURCE_RELATION_MISSING,GYGL仅为工业锅炉类别且企业有多台锅炉；补齐本锅炉与治理设施对应关系
SRC-RAW-160282C53287E4BC8DD3,BC,SOURCE_RELATION_MISSING,GYGL仅为工业锅炉类别且企业有多台锅炉；补齐本锅炉与治理设施对应关系
SRC-RAW-160282C53287E4BC8DD3,NH3,SOURCE_RELATION_MISSING,工业锅炉类别脱硝设施对应多台锅炉；补齐设备—脱硝设施关系
SRC-RAW-160282C53287E4BC8DD3,NH3,POLLUTANT_PARAMETER_MISSING,补齐脱硝SCR/SNCR工艺，表E.1按煤计的氨因子不能据设施名称选定
SRC-RAW-D990A4C88131D6C7DE52,SO2,ACTIVITY_MISSING,燃料一类型和消耗量缺失；补齐本锅炉年度燃料活动水平
SRC-RAW-D990A4C88131D6C7DE52,SO2,SOURCE_RELATION_MISSING,GYGL仅为工业锅炉类别且企业有多台锅炉；补齐本锅炉与治理设施对应关系
SRC-RAW-D990A4C88131D6C7DE52,NOx,ACTIVITY_MISSING,燃料一类型和消耗量缺失；补齐本锅炉年度燃料活动水平
SRC-RAW-D990A4C88131D6C7DE52,NOx,SOURCE_RELATION_MISSING,GYGL仅为工业锅炉类别且企业有多台锅炉；补齐本锅炉与治理设施对应关系
SRC-RAW-D990A4C88131D6C7DE52,CO,ACTIVITY_MISSING,燃料一类型和消耗量缺失；补齐本锅炉年度燃料活动水平
SRC-RAW-D990A4C88131D6C7DE52,VOC,ACTIVITY_MISSING,燃料一类型和消耗量缺失；补齐本锅炉年度燃料活动水平
SRC-RAW-D990A4C88131D6C7DE52,PM10,ACTIVITY_MISSING,燃料一类型和消耗量缺失；补齐本锅炉年度燃料活动水平
SRC-RAW-D990A4C88131D6C7DE52,PM10,SOURCE_RELATION_MISSING,GYGL仅为工业锅炉类别且企业有多台锅炉；补齐本锅炉与治理设施对应关系
SRC-RAW-D990A4C88131D6C7DE52,PM2.5,ACTIVITY_MISSING,燃料一类型和消耗量缺失；补齐本锅炉年度燃料活动水平
SRC-RAW-D990A4C88131D6C7DE52,PM2.5,SOURCE_RELATION_MISSING,GYGL仅为工业锅炉类别且企业有多台锅炉；补齐本锅炉与治理设施对应关系
SRC-RAW-D990A4C88131D6C7DE52,BC,ACTIVITY_MISSING,燃料一类型和消耗量缺失；补齐本锅炉年度燃料活动水平
SRC-RAW-D990A4C88131D6C7DE52,BC,SOURCE_RELATION_MISSING,GYGL仅为工业锅炉类别且企业有多台锅炉；补齐本锅炉与治理设施对应关系
SRC-RAW-D990A4C88131D6C7DE52,OC,ACTIVITY_MISSING,燃料一类型和消耗量缺失；补齐本锅炉年度燃料活动水平
SRC-RAW-D990A4C88131D6C7DE52,OC,SOURCE_RELATION_MISSING,GYGL仅为工业锅炉类别且企业有多台锅炉；补齐本锅炉与治理设施对应关系
SRC-RAW-D990A4C88131D6C7DE52,NH3,SOURCE_RELATION_MISSING,工业锅炉类别脱硝设施对应多台锅炉；补齐设备—脱硝设施关系
SRC-RAW-D990A4C88131D6C7DE52,NH3,POLLUTANT_PARAMETER_MISSING,补齐脱硝SCR/SNCR工艺，表E.1按煤计的氨因子不能据设施名称选定
SRC-RAW-D990A4C88131D6C7DE52,NH3,ACTIVITY_MISSING,燃料一类型和消耗量缺失；补齐本锅炉年度燃料活动水平
SRC-RAW-B7E708DF866D48239EEC,SO2,ACTIVITY_MISSING,燃料一类型和消耗量缺失；补齐本锅炉年度燃料活动水平
SRC-RAW-B7E708DF866D48239EEC,SO2,SOURCE_RELATION_MISSING,GYGL仅为工业锅炉类别且企业有多台锅炉；补齐本锅炉与治理设施对应关系
SRC-RAW-B7E708DF866D48239EEC,NOx,ACTIVITY_MISSING,燃料一类型和消耗量缺失；补齐本锅炉年度燃料活动水平
SRC-RAW-B7E708DF866D48239EEC,NOx,SOURCE_RELATION_MISSING,GYGL仅为工业锅炉类别且企业有多台锅炉；补齐本锅炉与治理设施对应关系
SRC-RAW-B7E708DF866D48239EEC,CO,ACTIVITY_MISSING,燃料一类型和消耗量缺失；补齐本锅炉年度燃料活动水平
SRC-RAW-B7E708DF866D48239EEC,VOC,ACTIVITY_MISSING,燃料一类型和消耗量缺失；补齐本锅炉年度燃料活动水平
SRC-RAW-B7E708DF866D48239EEC,PM10,ACTIVITY_MISSING,燃料一类型和消耗量缺失；补齐本锅炉年度燃料活动水平
SRC-RAW-B7E708DF866D48239EEC,PM10,SOURCE_RELATION_MISSING,GYGL仅为工业锅炉类别且企业有多台锅炉；补齐本锅炉与治理设施对应关系
SRC-RAW-B7E708DF866D48239EEC,PM2.5,ACTIVITY_MISSING,燃料一类型和消耗量缺失；补齐本锅炉年度燃料活动水平
SRC-RAW-B7E708DF866D48239EEC,PM2.5,SOURCE_RELATION_MISSING,GYGL仅为工业锅炉类别且企业有多台锅炉；补齐本锅炉与治理设施对应关系
SRC-RAW-B7E708DF866D48239EEC,BC,ACTIVITY_MISSING,燃料一类型和消耗量缺失；补齐本锅炉年度燃料活动水平
SRC-RAW-B7E708DF866D48239EEC,BC,SOURCE_RELATION_MISSING,GYGL仅为工业锅炉类别且企业有多台锅炉；补齐本锅炉与治理设施对应关系
SRC-RAW-B7E708DF866D48239EEC,OC,ACTIVITY_MISSING,燃料一类型和消耗量缺失；补齐本锅炉年度燃料活动水平
SRC-RAW-B7E708DF866D48239EEC,OC,SOURCE_RELATION_MISSING,GYGL仅为工业锅炉类别且企业有多台锅炉；补齐本锅炉与治理设施对应关系
SRC-RAW-B7E708DF866D48239EEC,NH3,SOURCE_RELATION_MISSING,工业锅炉类别脱硝设施对应多台锅炉；补齐设备—脱硝设施关系
SRC-RAW-B7E708DF866D48239EEC,NH3,POLLUTANT_PARAMETER_MISSING,补齐脱硝SCR/SNCR工艺，表E.1按煤计的氨因子不能据设施名称选定
SRC-RAW-B7E708DF866D48239EEC,NH3,ACTIVITY_MISSING,燃料一类型和消耗量缺失；补齐本锅炉年度燃料活动水平
SRC-RAW-8AF6D32E41945CB0B717,SO2,ACTIVITY_MISSING,燃料一类型和消耗量缺失；补齐本锅炉年度燃料活动水平
SRC-RAW-8AF6D32E41945CB0B717,SO2,SOURCE_RELATION_MISSING,GYGL仅为工业锅炉类别且企业有多台锅炉；补齐本锅炉与治理设施对应关系
SRC-RAW-8AF6D32E41945CB0B717,NOx,ACTIVITY_MISSING,燃料一类型和消耗量缺失；补齐本锅炉年度燃料活动水平
SRC-RAW-8AF6D32E41945CB0B717,NOx,SOURCE_RELATION_MISSING,GYGL仅为工业锅炉类别且企业有多台锅炉；补齐本锅炉与治理设施对应关系
SRC-RAW-8AF6D32E41945CB0B717,CO,ACTIVITY_MISSING,燃料一类型和消耗量缺失；补齐本锅炉年度燃料活动水平
SRC-RAW-8AF6D32E41945CB0B717,VOC,ACTIVITY_MISSING,燃料一类型和消耗量缺失；补齐本锅炉年度燃料活动水平
SRC-RAW-8AF6D32E41945CB0B717,PM10,ACTIVITY_MISSING,燃料一类型和消耗量缺失；补齐本锅炉年度燃料活动水平
SRC-RAW-8AF6D32E41945CB0B717,PM10,SOURCE_RELATION_MISSING,GYGL仅为工业锅炉类别且企业有多台锅炉；补齐本锅炉与治理设施对应关系
SRC-RAW-8AF6D32E41945CB0B717,PM2.5,ACTIVITY_MISSING,燃料一类型和消耗量缺失；补齐本锅炉年度燃料活动水平
SRC-RAW-8AF6D32E41945CB0B717,PM2.5,SOURCE_RELATION_MISSING,GYGL仅为工业锅炉类别且企业有多台锅炉；补齐本锅炉与治理设施对应关系
SRC-RAW-8AF6D32E41945CB0B717,BC,ACTIVITY_MISSING,燃料一类型和消耗量缺失；补齐本锅炉年度燃料活动水平
SRC-RAW-8AF6D32E41945CB0B717,BC,SOURCE_RELATION_MISSING,GYGL仅为工业锅炉类别且企业有多台锅炉；补齐本锅炉与治理设施对应关系
SRC-RAW-8AF6D32E41945CB0B717,OC,ACTIVITY_MISSING,燃料一类型和消耗量缺失；补齐本锅炉年度燃料活动水平
SRC-RAW-8AF6D32E41945CB0B717,OC,SOURCE_RELATION_MISSING,GYGL仅为工业锅炉类别且企业有多台锅炉；补齐本锅炉与治理设施对应关系
SRC-RAW-8AF6D32E41945CB0B717,NH3,SOURCE_RELATION_MISSING,工业锅炉类别脱硝设施对应多台锅炉；补齐设备—脱硝设施关系
SRC-RAW-8AF6D32E41945CB0B717,NH3,POLLUTANT_PARAMETER_MISSING,补齐脱硝SCR/SNCR工艺，表E.1按煤计的氨因子不能据设施名称选定
SRC-RAW-8AF6D32E41945CB0B717,NH3,ACTIVITY_MISSING,燃料一类型和消耗量缺失；补齐本锅炉年度燃料活动水平
SRC-RAW-B186FE87FB747B3754C6,SO2,SOURCE_RELATION_MISSING,GYGL仅为工业锅炉类别且企业有多台锅炉；补齐本锅炉与治理设施对应关系
SRC-RAW-B186FE87FB747B3754C6,NOx,POLLUTANT_PARAMETER_MISSING,燃烧方式其他不足以选取E.7的CO/NOx/VOC系数；确认手动或自动炉排
SRC-RAW-B186FE87FB747B3754C6,CO,POLLUTANT_PARAMETER_MISSING,燃烧方式其他不足以选取E.7的CO/NOx/VOC系数；确认手动或自动炉排
SRC-RAW-B186FE87FB747B3754C6,VOC,POLLUTANT_PARAMETER_MISSING,燃烧方式其他不足以选取E.7的CO/NOx/VOC系数；确认手动或自动炉排
SRC-RAW-B186FE87FB747B3754C6,PM10,POLLUTANT_PARAMETER_MISSING,燃烧方式其他不足以选取C.1—C.3参数；补齐炉型
SRC-RAW-B186FE87FB747B3754C6,PM10,SOURCE_RELATION_MISSING,GYGL仅为工业锅炉类别且企业有多台锅炉；补齐本锅炉与治理设施对应关系
SRC-RAW-B186FE87FB747B3754C6,PM2.5,POLLUTANT_PARAMETER_MISSING,燃烧方式其他不足以选取C.1—C.3参数；补齐炉型
SRC-RAW-B186FE87FB747B3754C6,PM2.5,SOURCE_RELATION_MISSING,GYGL仅为工业锅炉类别且企业有多台锅炉；补齐本锅炉与治理设施对应关系
SRC-RAW-B186FE87FB747B3754C6,BC,POLLUTANT_PARAMETER_MISSING,燃烧方式其他不足以选取C.1—C.3参数；补齐炉型
SRC-RAW-B186FE87FB747B3754C6,BC,SOURCE_RELATION_MISSING,GYGL仅为工业锅炉类别且企业有多台锅炉；补齐本锅炉与治理设施对应关系
SRC-RAW-B186FE87FB747B3754C6,OC,POLLUTANT_PARAMETER_MISSING,燃烧方式其他不足以选取C.1—C.3参数；补齐炉型
SRC-RAW-B186FE87FB747B3754C6,OC,SOURCE_RELATION_MISSING,GYGL仅为工业锅炉类别且企业有多台锅炉；补齐本锅炉与治理设施对应关系
SRC-RAW-E64D8F17B7357640302C,SO2,SOURCE_RELATION_MISSING,GYGL仅为工业锅炉类别且企业有多台锅炉；补齐本锅炉与治理设施对应关系
SRC-RAW-E64D8F17B7357640302C,NOx,POLLUTANT_PARAMETER_MISSING,燃烧方式其他不足以选取E.7的CO/NOx/VOC系数；确认手动或自动炉排
SRC-RAW-E64D8F17B7357640302C,CO,POLLUTANT_PARAMETER_MISSING,燃烧方式其他不足以选取E.7的CO/NOx/VOC系数；确认手动或自动炉排
SRC-RAW-E64D8F17B7357640302C,VOC,POLLUTANT_PARAMETER_MISSING,燃烧方式其他不足以选取E.7的CO/NOx/VOC系数；确认手动或自动炉排
SRC-RAW-E64D8F17B7357640302C,PM10,POLLUTANT_PARAMETER_MISSING,燃烧方式其他不足以选取C.1—C.3参数；补齐炉型
SRC-RAW-E64D8F17B7357640302C,PM10,SOURCE_RELATION_MISSING,GYGL仅为工业锅炉类别且企业有多台锅炉；补齐本锅炉与治理设施对应关系
SRC-RAW-E64D8F17B7357640302C,PM2.5,POLLUTANT_PARAMETER_MISSING,燃烧方式其他不足以选取C.1—C.3参数；补齐炉型
SRC-RAW-E64D8F17B7357640302C,PM2.5,SOURCE_RELATION_MISSING,GYGL仅为工业锅炉类别且企业有多台锅炉；补齐本锅炉与治理设施对应关系
SRC-RAW-E64D8F17B7357640302C,BC,POLLUTANT_PARAMETER_MISSING,燃烧方式其他不足以选取C.1—C.3参数；补齐炉型
SRC-RAW-E64D8F17B7357640302C,BC,SOURCE_RELATION_MISSING,GYGL仅为工业锅炉类别且企业有多台锅炉；补齐本锅炉与治理设施对应关系
SRC-RAW-E64D8F17B7357640302C,OC,POLLUTANT_PARAMETER_MISSING,燃烧方式其他不足以选取C.1—C.3参数；补齐炉型
SRC-RAW-E64D8F17B7357640302C,OC,SOURCE_RELATION_MISSING,GYGL仅为工业锅炉类别且企业有多台锅炉；补齐本锅炉与治理设施对应关系
SRC-RAW-FC36C2551BC36BAC742B,NOx,POLLUTANT_PARAMETER_MISSING,对应治理设施缺年度有效运行小时数，不能将平均效率直接当全年实际效率；补齐设施投运率；颗粒物需区分PM2.5和粗粒径效率
SRC-RAW-FC36C2551BC36BAC742B,PM10,POLLUTANT_PARAMETER_MISSING,对应治理设施缺年度有效运行小时数，不能将平均效率直接当全年实际效率；补齐设施投运率；颗粒物需区分PM2.5和粗粒径效率
SRC-RAW-FC36C2551BC36BAC742B,PM2.5,POLLUTANT_PARAMETER_MISSING,对应治理设施缺年度有效运行小时数，不能将平均效率直接当全年实际效率；补齐设施投运率；颗粒物需区分PM2.5和粗粒径效率
SRC-RAW-FC36C2551BC36BAC742B,NH3,factor_not_applicable,表E.1氨因子分母为煤，当前燃料天然气不具备可直接使用的氨因子；提供适用因子或实测氨排放
SRC-RAW-1EC1B3A7BDEBCBDC0B18,NOx,POLLUTANT_PARAMETER_MISSING,燃烧方式其他不足以选取E.7的CO/NOx/VOC系数；确认手动或自动炉排
SRC-RAW-1EC1B3A7BDEBCBDC0B18,CO,POLLUTANT_PARAMETER_MISSING,燃烧方式其他不足以选取E.7的CO/NOx/VOC系数；确认手动或自动炉排
SRC-RAW-1EC1B3A7BDEBCBDC0B18,VOC,POLLUTANT_PARAMETER_MISSING,燃烧方式其他不足以选取E.7的CO/NOx/VOC系数；确认手动或自动炉排
SRC-RAW-1EC1B3A7BDEBCBDC0B18,PM10,POLLUTANT_PARAMETER_MISSING,燃烧方式其他不足以选取C.1—C.3参数；补齐炉型
SRC-RAW-1EC1B3A7BDEBCBDC0B18,PM10,POLLUTANT_PARAMETER_MISSING,治理工艺及去除效率缺失；补齐后按A.1选取
SRC-RAW-1EC1B3A7BDEBCBDC0B18,PM10,POLLUTANT_PARAMETER_MISSING,对应治理设施缺年度有效运行小时数，不能将平均效率直接当全年实际效率；补齐设施投运率；颗粒物需区分PM2.5和粗粒径效率
SRC-RAW-1EC1B3A7BDEBCBDC0B18,PM2.5,POLLUTANT_PARAMETER_MISSING,燃烧方式其他不足以选取C.1—C.3参数；补齐炉型
SRC-RAW-1EC1B3A7BDEBCBDC0B18,PM2.5,POLLUTANT_PARAMETER_MISSING,治理工艺及去除效率缺失；补齐后按A.1选取
SRC-RAW-1EC1B3A7BDEBCBDC0B18,PM2.5,POLLUTANT_PARAMETER_MISSING,对应治理设施缺年度有效运行小时数，不能将平均效率直接当全年实际效率；补齐设施投运率；颗粒物需区分PM2.5和粗粒径效率
SRC-RAW-1EC1B3A7BDEBCBDC0B18,BC,POLLUTANT_PARAMETER_MISSING,燃烧方式其他不足以选取C.1—C.3参数；补齐炉型
SRC-RAW-1EC1B3A7BDEBCBDC0B18,BC,POLLUTANT_PARAMETER_MISSING,治理工艺及去除效率缺失；补齐后按A.1选取
SRC-RAW-1EC1B3A7BDEBCBDC0B18,BC,POLLUTANT_PARAMETER_MISSING,对应治理设施缺年度有效运行小时数，不能将平均效率直接当全年实际效率；补齐设施投运率；颗粒物需区分PM2.5和粗粒径效率
SRC-RAW-1EC1B3A7BDEBCBDC0B18,OC,POLLUTANT_PARAMETER_MISSING,燃烧方式其他不足以选取C.1—C.3参数；补齐炉型
SRC-RAW-1EC1B3A7BDEBCBDC0B18,OC,POLLUTANT_PARAMETER_MISSING,治理工艺及去除效率缺失；补齐后按A.1选取
SRC-RAW-1EC1B3A7BDEBCBDC0B18,OC,POLLUTANT_PARAMETER_MISSING,对应治理设施缺年度有效运行小时数，不能将平均效率直接当全年实际效率；补齐设施投运率；颗粒物需区分PM2.5和粗粒径效率
SRC-RAW-555AC0E83B21D681E350,SO2,POLLUTANT_PARAMETER_MISSING,对应治理设施缺年度有效运行小时数，不能将平均效率直接当全年实际效率；补齐设施投运率；颗粒物需区分PM2.5和粗粒径效率
SRC-RAW-555AC0E83B21D681E350,NOx,POLLUTANT_PARAMETER_MISSING,对应治理设施缺年度有效运行小时数，不能将平均效率直接当全年实际效率；补齐设施投运率；颗粒物需区分PM2.5和粗粒径效率
SRC-RAW-555AC0E83B21D681E350,PM10,POLLUTANT_PARAMETER_MISSING,对应治理设施缺年度有效运行小时数，不能将平均效率直接当全年实际效率；补齐设施投运率；颗粒物需区分PM2.5和粗粒径效率
SRC-RAW-555AC0E83B21D681E350,PM2.5,POLLUTANT_PARAMETER_MISSING,对应治理设施缺年度有效运行小时数，不能将平均效率直接当全年实际效率；补齐设施投运率；颗粒物需区分PM2.5和粗粒径效率
SRC-RAW-555AC0E83B21D681E350,BC,POLLUTANT_PARAMETER_MISSING,对应治理设施缺年度有效运行小时数，不能将平均效率直接当全年实际效率；补齐设施投运率；颗粒物需区分PM2.5和粗粒径效率
SRC-RAW-555AC0E83B21D681E350,NH3,POLLUTANT_PARAMETER_MISSING,补齐脱硝SCR/SNCR工艺，表E.1按煤计的氨因子不能据设施名称选定
SRC-RAW-B86236186E12F46DFB97,SO2,SOURCE_RELATION_MISSING,GYGL仅为工业锅炉类别且企业有多台锅炉；补齐本锅炉与治理设施对应关系
SRC-RAW-B86236186E12F46DFB97,NOx,SOURCE_RELATION_MISSING,GYGL仅为工业锅炉类别且企业有多台锅炉；补齐本锅炉与治理设施对应关系
SRC-RAW-B86236186E12F46DFB97,PM10,SOURCE_RELATION_MISSING,GYGL仅为工业锅炉类别且企业有多台锅炉；补齐本锅炉与治理设施对应关系
SRC-RAW-B86236186E12F46DFB97,PM2.5,SOURCE_RELATION_MISSING,GYGL仅为工业锅炉类别且企业有多台锅炉；补齐本锅炉与治理设施对应关系
SRC-RAW-B86236186E12F46DFB97,BC,SOURCE_RELATION_MISSING,GYGL仅为工业锅炉类别且企业有多台锅炉；补齐本锅炉与治理设施对应关系
SRC-RAW-B86236186E12F46DFB97,OC,SOURCE_RELATION_MISSING,GYGL仅为工业锅炉类别且企业有多台锅炉；补齐本锅炉与治理设施对应关系
SRC-RAW-B86236186E12F46DFB97,NH3,SOURCE_RELATION_MISSING,工业锅炉类别脱硝设施对应多台锅炉；补齐设备—脱硝设施关系
SRC-RAW-B86236186E12F46DFB97,NH3,POLLUTANT_PARAMETER_MISSING,补齐脱硝SCR/SNCR工艺，表E.1按煤计的氨因子不能据设施名称选定
SRC-RAW-1C9F4318707277E8E2CA,SO2,ACTIVITY_MISSING,燃料一类型和消耗量缺失；补齐本锅炉年度燃料活动水平
SRC-RAW-1C9F4318707277E8E2CA,SO2,SOURCE_RELATION_MISSING,GYGL仅为工业锅炉类别且企业有多台锅炉；补齐本锅炉与治理设施对应关系
SRC-RAW-1C9F4318707277E8E2CA,NOx,ACTIVITY_MISSING,燃料一类型和消耗量缺失；补齐本锅炉年度燃料活动水平
SRC-RAW-1C9F4318707277E8E2CA,NOx,SOURCE_RELATION_MISSING,GYGL仅为工业锅炉类别且企业有多台锅炉；补齐本锅炉与治理设施对应关系
SRC-RAW-1C9F4318707277E8E2CA,CO,ACTIVITY_MISSING,燃料一类型和消耗量缺失；补齐本锅炉年度燃料活动水平
SRC-RAW-1C9F4318707277E8E2CA,VOC,ACTIVITY_MISSING,燃料一类型和消耗量缺失；补齐本锅炉年度燃料活动水平
SRC-RAW-1C9F4318707277E8E2CA,PM10,ACTIVITY_MISSING,燃料一类型和消耗量缺失；补齐本锅炉年度燃料活动水平
SRC-RAW-1C9F4318707277E8E2CA,PM10,SOURCE_RELATION_MISSING,GYGL仅为工业锅炉类别且企业有多台锅炉；补齐本锅炉与治理设施对应关系
SRC-RAW-1C9F4318707277E8E2CA,PM2.5,ACTIVITY_MISSING,燃料一类型和消耗量缺失；补齐本锅炉年度燃料活动水平
SRC-RAW-1C9F4318707277E8E2CA,PM2.5,SOURCE_RELATION_MISSING,GYGL仅为工业锅炉类别且企业有多台锅炉；补齐本锅炉与治理设施对应关系
SRC-RAW-1C9F4318707277E8E2CA,BC,ACTIVITY_MISSING,燃料一类型和消耗量缺失；补齐本锅炉年度燃料活动水平
SRC-RAW-1C9F4318707277E8E2CA,BC,SOURCE_RELATION_MISSING,GYGL仅为工业锅炉类别且企业有多台锅炉；补齐本锅炉与治理设施对应关系
SRC-RAW-1C9F4318707277E8E2CA,OC,ACTIVITY_MISSING,燃料一类型和消耗量缺失；补齐本锅炉年度燃料活动水平
SRC-RAW-1C9F4318707277E8E2CA,OC,SOURCE_RELATION_MISSING,GYGL仅为工业锅炉类别且企业有多台锅炉；补齐本锅炉与治理设施对应关系
SRC-RAW-1C9F4318707277E8E2CA,NH3,SOURCE_RELATION_MISSING,工业锅炉类别脱硝设施对应多台锅炉；补齐设备—脱硝设施关系
SRC-RAW-1C9F4318707277E8E2CA,NH3,POLLUTANT_PARAMETER_MISSING,补齐脱硝SCR/SNCR工艺，表E.1按煤计的氨因子不能据设施名称选定
SRC-RAW-1C9F4318707277E8E2CA,NH3,ACTIVITY_MISSING,燃料一类型和消耗量缺失；补齐本锅炉年度燃料活动水平
SRC-RAW-C01D2FC1F4300560D675,SO2,ACTIVITY_MISSING,燃料一类型和消耗量缺失；补齐本锅炉年度燃料活动水平
SRC-RAW-C01D2FC1F4300560D675,SO2,SOURCE_RELATION_MISSING,GYGL仅为工业锅炉类别且企业有多台锅炉；补齐本锅炉与治理设施对应关系
SRC-RAW-C01D2FC1F4300560D675,NOx,ACTIVITY_MISSING,燃料一类型和消耗量缺失；补齐本锅炉年度燃料活动水平
SRC-RAW-C01D2FC1F4300560D675,NOx,SOURCE_RELATION_MISSING,GYGL仅为工业锅炉类别且企业有多台锅炉；补齐本锅炉与治理设施对应关系
SRC-RAW-C01D2FC1F4300560D675,CO,ACTIVITY_MISSING,燃料一类型和消耗量缺失；补齐本锅炉年度燃料活动水平
SRC-RAW-C01D2FC1F4300560D675,VOC,ACTIVITY_MISSING,燃料一类型和消耗量缺失；补齐本锅炉年度燃料活动水平
SRC-RAW-C01D2FC1F4300560D675,PM10,ACTIVITY_MISSING,燃料一类型和消耗量缺失；补齐本锅炉年度燃料活动水平
SRC-RAW-C01D2FC1F4300560D675,PM10,SOURCE_RELATION_MISSING,GYGL仅为工业锅炉类别且企业有多台锅炉；补齐本锅炉与治理设施对应关系
SRC-RAW-C01D2FC1F4300560D675,PM2.5,ACTIVITY_MISSING,燃料一类型和消耗量缺失；补齐本锅炉年度燃料活动水平
SRC-RAW-C01D2FC1F4300560D675,PM2.5,SOURCE_RELATION_MISSING,GYGL仅为工业锅炉类别且企业有多台锅炉；补齐本锅炉与治理设施对应关系
SRC-RAW-C01D2FC1F4300560D675,BC,ACTIVITY_MISSING,燃料一类型和消耗量缺失；补齐本锅炉年度燃料活动水平
SRC-RAW-C01D2FC1F4300560D675,BC,SOURCE_RELATION_MISSING,GYGL仅为工业锅炉类别且企业有多台锅炉；补齐本锅炉与治理设施对应关系
SRC-RAW-C01D2FC1F4300560D675,OC,ACTIVITY_MISSING,燃料一类型和消耗量缺失；补齐本锅炉年度燃料活动水平
SRC-RAW-C01D2FC1F4300560D675,OC,SOURCE_RELATION_MISSING,GYGL仅为工业锅炉类别且企业有多台锅炉；补齐本锅炉与治理设施对应关系
SRC-RAW-C01D2FC1F4300560D675,NH3,SOURCE_RELATION_MISSING,工业锅炉类别脱硝设施对应多台锅炉；补齐设备—脱硝设施关系
SRC-RAW-C01D2FC1F4300560D675,NH3,POLLUTANT_PARAMETER_MISSING,补齐脱硝SCR/SNCR工艺，表E.1按煤计的氨因子不能据设施名称选定
SRC-RAW-C01D2FC1F4300560D675,NH3,ACTIVITY_MISSING,燃料一类型和消耗量缺失；补齐本锅炉年度燃料活动水平
SRC-RAW-FD4B863F65E402FDD564,SO2,POLLUTANT_PARAMETER_MISSING,对应治理设施缺年度有效运行小时数，不能将平均效率直接当全年实际效率；补齐设施投运率；颗粒物需区分PM2.5和粗粒径效率
SRC-RAW-FD4B863F65E402FDD564,PM10,POLLUTANT_PARAMETER_MISSING,对应治理设施缺年度有效运行小时数，不能将平均效率直接当全年实际效率；补齐设施投运率；颗粒物需区分PM2.5和粗粒径效率
SRC-RAW-FD4B863F65E402FDD564,PM2.5,POLLUTANT_PARAMETER_MISSING,对应治理设施缺年度有效运行小时数，不能将平均效率直接当全年实际效率；补齐设施投运率；颗粒物需区分PM2.5和粗粒径效率
SRC-RAW-FD4B863F65E402FDD564,BC,POLLUTANT_PARAMETER_MISSING,对应治理设施缺年度有效运行小时数，不能将平均效率直接当全年实际效率；补齐设施投运率；颗粒物需区分PM2.5和粗粒径效率
SRC-RAW-542B3513E63154D16D1D,SO2,SOURCE_RELATION_MISSING,GYGL仅为工业锅炉类别且企业有多台锅炉；补齐本锅炉与治理设施对应关系
SRC-RAW-542B3513E63154D16D1D,NOx,POLLUTANT_PARAMETER_MISSING,燃烧方式抛煤机炉不足以选取E.7的CO/NOx/VOC系数；确认手动或自动炉排
SRC-RAW-542B3513E63154D16D1D,NOx,SOURCE_RELATION_MISSING,GYGL仅为工业锅炉类别且企业有多台锅炉；补齐本锅炉与治理设施对应关系
SRC-RAW-542B3513E63154D16D1D,CO,POLLUTANT_PARAMETER_MISSING,燃烧方式抛煤机炉不足以选取E.7的CO/NOx/VOC系数；确认手动或自动炉排
SRC-RAW-542B3513E63154D16D1D,VOC,POLLUTANT_PARAMETER_MISSING,燃烧方式抛煤机炉不足以选取E.7的CO/NOx/VOC系数；确认手动或自动炉排
SRC-RAW-542B3513E63154D16D1D,PM10,SOURCE_RELATION_MISSING,GYGL仅为工业锅炉类别且企业有多台锅炉；补齐本锅炉与治理设施对应关系
SRC-RAW-542B3513E63154D16D1D,PM2.5,SOURCE_RELATION_MISSING,GYGL仅为工业锅炉类别且企业有多台锅炉；补齐本锅炉与治理设施对应关系
SRC-RAW-542B3513E63154D16D1D,BC,SOURCE_RELATION_MISSING,GYGL仅为工业锅炉类别且企业有多台锅炉；补齐本锅炉与治理设施对应关系
SRC-RAW-542B3513E63154D16D1D,OC,SOURCE_RELATION_MISSING,GYGL仅为工业锅炉类别且企业有多台锅炉；补齐本锅炉与治理设施对应关系
SRC-RAW-542B3513E63154D16D1D,NH3,SOURCE_RELATION_MISSING,工业锅炉类别脱硝设施对应多台锅炉；补齐设备—脱硝设施关系
SRC-RAW-542B3513E63154D16D1D,NH3,POLLUTANT_PARAMETER_MISSING,补齐脱硝SCR/SNCR工艺，表E.1按煤计的氨因子不能据设施名称选定
SRC-RAW-3849744CF35680D69899,SO2,POLLUTANT_PARAMETER_MISSING,对应治理设施缺年度有效运行小时数，不能将平均效率直接当全年实际效率；补齐设施投运率；颗粒物需区分PM2.5和粗粒径效率
SRC-RAW-3849744CF35680D69899,NOx,POLLUTANT_PARAMETER_MISSING,燃烧方式其他不足以选取E.7的CO/NOx/VOC系数；确认手动或自动炉排
SRC-RAW-3849744CF35680D69899,NOx,POLLUTANT_PARAMETER_MISSING,对应治理设施缺年度有效运行小时数，不能将平均效率直接当全年实际效率；补齐设施投运率；颗粒物需区分PM2.5和粗粒径效率
SRC-RAW-3849744CF35680D69899,CO,POLLUTANT_PARAMETER_MISSING,燃烧方式其他不足以选取E.7的CO/NOx/VOC系数；确认手动或自动炉排
SRC-RAW-3849744CF35680D69899,VOC,POLLUTANT_PARAMETER_MISSING,燃烧方式其他不足以选取E.7的CO/NOx/VOC系数；确认手动或自动炉排
SRC-RAW-3849744CF35680D69899,PM10,POLLUTANT_PARAMETER_MISSING,燃烧方式其他不足以选取C.1—C.3参数；补齐炉型
SRC-RAW-3849744CF35680D69899,PM10,POLLUTANT_PARAMETER_MISSING,对应治理设施缺年度有效运行小时数，不能将平均效率直接当全年实际效率；补齐设施投运率；颗粒物需区分PM2.5和粗粒径效率
SRC-RAW-3849744CF35680D69899,PM2.5,POLLUTANT_PARAMETER_MISSING,燃烧方式其他不足以选取C.1—C.3参数；补齐炉型
SRC-RAW-3849744CF35680D69899,PM2.5,POLLUTANT_PARAMETER_MISSING,对应治理设施缺年度有效运行小时数，不能将平均效率直接当全年实际效率；补齐设施投运率；颗粒物需区分PM2.5和粗粒径效率
SRC-RAW-3849744CF35680D69899,BC,POLLUTANT_PARAMETER_MISSING,燃烧方式其他不足以选取C.1—C.3参数；补齐炉型
SRC-RAW-3849744CF35680D69899,BC,POLLUTANT_PARAMETER_MISSING,对应治理设施缺年度有效运行小时数，不能将平均效率直接当全年实际效率；补齐设施投运率；颗粒物需区分PM2.5和粗粒径效率
SRC-RAW-3849744CF35680D69899,OC,POLLUTANT_PARAMETER_MISSING,燃烧方式其他不足以选取C.1—C.3参数；补齐炉型
SRC-RAW-3849744CF35680D69899,OC,POLLUTANT_PARAMETER_MISSING,对应治理设施缺年度有效运行小时数，不能将平均效率直接当全年实际效率；补齐设施投运率；颗粒物需区分PM2.5和粗粒径效率
SRC-RAW-06E55439634124AB5EF1,SO2,POLLUTANT_PARAMETER_MISSING,治理工艺及去除效率缺失；补齐后按A.1选取
SRC-RAW-06E55439634124AB5EF1,SO2,POLLUTANT_PARAMETER_MISSING,对应治理设施缺年度有效运行小时数，不能将平均效率直接当全年实际效率；补齐设施投运率；颗粒物需区分PM2.5和粗粒径效率
SRC-RAW-06E55439634124AB5EF1,PM10,POLLUTANT_PARAMETER_MISSING,治理工艺及去除效率缺失；补齐后按A.1选取
SRC-RAW-06E55439634124AB5EF1,PM10,POLLUTANT_PARAMETER_MISSING,对应治理设施缺年度有效运行小时数，不能将平均效率直接当全年实际效率；补齐设施投运率；颗粒物需区分PM2.5和粗粒径效率
SRC-RAW-06E55439634124AB5EF1,PM2.5,POLLUTANT_PARAMETER_MISSING,治理工艺及去除效率缺失；补齐后按A.1选取
SRC-RAW-06E55439634124AB5EF1,PM2.5,POLLUTANT_PARAMETER_MISSING,对应治理设施缺年度有效运行小时数，不能将平均效率直接当全年实际效率；补齐设施投运率；颗粒物需区分PM2.5和粗粒径效率
SRC-RAW-06E55439634124AB5EF1,BC,POLLUTANT_PARAMETER_MISSING,治理工艺及去除效率缺失；补齐后按A.1选取
SRC-RAW-06E55439634124AB5EF1,BC,POLLUTANT_PARAMETER_MISSING,对应治理设施缺年度有效运行小时数，不能将平均效率直接当全年实际效率；补齐设施投运率；颗粒物需区分PM2.5和粗粒径效率
SRC-RAW-06E55439634124AB5EF1,OC,POLLUTANT_PARAMETER_MISSING,治理工艺及去除效率缺失；补齐后按A.1选取
SRC-RAW-06E55439634124AB5EF1,OC,POLLUTANT_PARAMETER_MISSING,对应治理设施缺年度有效运行小时数，不能将平均效率直接当全年实际效率；补齐设施投运率；颗粒物需区分PM2.5和粗粒径效率
SRC-RAW-B6C860326E46A79FD296,PM10,SOURCE_RELATION_MISSING,GYGL仅为工业锅炉类别且企业有多台锅炉；补齐本锅炉与治理设施对应关系
SRC-RAW-B6C860326E46A79FD296,PM2.5,SOURCE_RELATION_MISSING,GYGL仅为工业锅炉类别且企业有多台锅炉；补齐本锅炉与治理设施对应关系
SRC-RAW-6977CEB5139038A34DE0,PM10,POLLUTANT_PARAMETER_MISSING,对应治理设施缺年度有效运行小时数，不能将平均效率直接当全年实际效率；补齐设施投运率；颗粒物需区分PM2.5和粗粒径效率
SRC-RAW-6977CEB5139038A34DE0,PM2.5,POLLUTANT_PARAMETER_MISSING,对应治理设施缺年度有效运行小时数，不能将平均效率直接当全年实际效率；补齐设施投运率；颗粒物需区分PM2.5和粗粒径效率
SRC-RAW-566D22952252E2C6F352,SO2,POLLUTANT_PARAMETER_MISSING,对应治理设施缺年度有效运行小时数，不能将平均效率直接当全年实际效率；补齐设施投运率；颗粒物需区分PM2.5和粗粒径效率
SRC-RAW-566D22952252E2C6F352,NOx,POLLUTANT_PARAMETER_MISSING,对应治理设施缺年度有效运行小时数，不能将平均效率直接当全年实际效率；补齐设施投运率；颗粒物需区分PM2.5和粗粒径效率
SRC-RAW-566D22952252E2C6F352,PM10,POLLUTANT_PARAMETER_MISSING,对应治理设施缺年度有效运行小时数，不能将平均效率直接当全年实际效率；补齐设施投运率；颗粒物需区分PM2.5和粗粒径效率
SRC-RAW-566D22952252E2C6F352,PM2.5,POLLUTANT_PARAMETER_MISSING,对应治理设施缺年度有效运行小时数，不能将平均效率直接当全年实际效率；补齐设施投运率；颗粒物需区分PM2.5和粗粒径效率
SRC-RAW-566D22952252E2C6F352,BC,POLLUTANT_PARAMETER_MISSING,对应治理设施缺年度有效运行小时数，不能将平均效率直接当全年实际效率；补齐设施投运率；颗粒物需区分PM2.5和粗粒径效率
SRC-RAW-CEF447937020A306DEB9,SO2,POLLUTANT_PARAMETER_MISSING,治理工艺及去除效率缺失；补齐后按A.1选取
SRC-RAW-CEF447937020A306DEB9,SO2,POLLUTANT_PARAMETER_MISSING,对应治理设施缺年度有效运行小时数，不能将平均效率直接当全年实际效率；补齐设施投运率；颗粒物需区分PM2.5和粗粒径效率
SRC-RAW-CEF447937020A306DEB9,PM10,POLLUTANT_PARAMETER_MISSING,治理工艺及去除效率缺失；补齐后按A.1选取
SRC-RAW-CEF447937020A306DEB9,PM10,POLLUTANT_PARAMETER_MISSING,对应治理设施缺年度有效运行小时数，不能将平均效率直接当全年实际效率；补齐设施投运率；颗粒物需区分PM2.5和粗粒径效率
SRC-RAW-CEF447937020A306DEB9,PM2.5,POLLUTANT_PARAMETER_MISSING,治理工艺及去除效率缺失；补齐后按A.1选取
SRC-RAW-CEF447937020A306DEB9,PM2.5,POLLUTANT_PARAMETER_MISSING,对应治理设施缺年度有效运行小时数，不能将平均效率直接当全年实际效率；补齐设施投运率；颗粒物需区分PM2.5和粗粒径效率
SRC-RAW-CEF447937020A306DEB9,BC,POLLUTANT_PARAMETER_MISSING,治理工艺及去除效率缺失；补齐后按A.1选取
SRC-RAW-CEF447937020A306DEB9,BC,POLLUTANT_PARAMETER_MISSING,对应治理设施缺年度有效运行小时数，不能将平均效率直接当全年实际效率；补齐设施投运率；颗粒物需区分PM2.5和粗粒径效率
SRC-RAW-CEF447937020A306DEB9,OC,POLLUTANT_PARAMETER_MISSING,治理工艺及去除效率缺失；补齐后按A.1选取
SRC-RAW-CEF447937020A306DEB9,OC,POLLUTANT_PARAMETER_MISSING,对应治理设施缺年度有效运行小时数，不能将平均效率直接当全年实际效率；补齐设施投运率；颗粒物需区分PM2.5和粗粒径效率
SRC-RAW-48EC88DCAB198382370E,SO2,SOURCE_RELATION_MISSING,GYGL仅为工业锅炉类别且企业有多台锅炉；补齐本锅炉与治理设施对应关系
SRC-RAW-48EC88DCAB198382370E,NOx,SOURCE_RELATION_MISSING,GYGL仅为工业锅炉类别且企业有多台锅炉；补齐本锅炉与治理设施对应关系
SRC-RAW-48EC88DCAB198382370E,PM10,SOURCE_RELATION_MISSING,GYGL仅为工业锅炉类别且企业有多台锅炉；补齐本锅炉与治理设施对应关系
SRC-RAW-48EC88DCAB198382370E,PM2.5,SOURCE_RELATION_MISSING,GYGL仅为工业锅炉类别且企业有多台锅炉；补齐本锅炉与治理设施对应关系
SRC-RAW-48EC88DCAB198382370E,BC,SOURCE_RELATION_MISSING,GYGL仅为工业锅炉类别且企业有多台锅炉；补齐本锅炉与治理设施对应关系
SRC-RAW-48EC88DCAB198382370E,NH3,SOURCE_RELATION_MISSING,工业锅炉类别脱硝设施对应多台锅炉；补齐设备—脱硝设施关系
SRC-RAW-48EC88DCAB198382370E,NH3,POLLUTANT_PARAMETER_MISSING,补齐脱硝SCR/SNCR工艺，表E.1按煤计的氨因子不能据设施名称选定
SRC-RAW-4025592753DA85EF7DF1,SO2,ACTIVITY_MISSING,燃料一类型和消耗量缺失；补齐本锅炉年度燃料活动水平
SRC-RAW-4025592753DA85EF7DF1,SO2,SOURCE_RELATION_MISSING,GYGL仅为工业锅炉类别且企业有多台锅炉；补齐本锅炉与治理设施对应关系
SRC-RAW-4025592753DA85EF7DF1,NOx,ACTIVITY_MISSING,燃料一类型和消耗量缺失；补齐本锅炉年度燃料活动水平
SRC-RAW-4025592753DA85EF7DF1,NOx,SOURCE_RELATION_MISSING,GYGL仅为工业锅炉类别且企业有多台锅炉；补齐本锅炉与治理设施对应关系
SRC-RAW-4025592753DA85EF7DF1,CO,ACTIVITY_MISSING,燃料一类型和消耗量缺失；补齐本锅炉年度燃料活动水平
SRC-RAW-4025592753DA85EF7DF1,VOC,ACTIVITY_MISSING,燃料一类型和消耗量缺失；补齐本锅炉年度燃料活动水平
SRC-RAW-4025592753DA85EF7DF1,PM10,ACTIVITY_MISSING,燃料一类型和消耗量缺失；补齐本锅炉年度燃料活动水平
SRC-RAW-4025592753DA85EF7DF1,PM10,SOURCE_RELATION_MISSING,GYGL仅为工业锅炉类别且企业有多台锅炉；补齐本锅炉与治理设施对应关系
SRC-RAW-4025592753DA85EF7DF1,PM2.5,ACTIVITY_MISSING,燃料一类型和消耗量缺失；补齐本锅炉年度燃料活动水平
SRC-RAW-4025592753DA85EF7DF1,PM2.5,SOURCE_RELATION_MISSING,GYGL仅为工业锅炉类别且企业有多台锅炉；补齐本锅炉与治理设施对应关系
SRC-RAW-4025592753DA85EF7DF1,BC,ACTIVITY_MISSING,燃料一类型和消耗量缺失；补齐本锅炉年度燃料活动水平
SRC-RAW-4025592753DA85EF7DF1,BC,SOURCE_RELATION_MISSING,GYGL仅为工业锅炉类别且企业有多台锅炉；补齐本锅炉与治理设施对应关系
SRC-RAW-4025592753DA85EF7DF1,OC,ACTIVITY_MISSING,燃料一类型和消耗量缺失；补齐本锅炉年度燃料活动水平
SRC-RAW-4025592753DA85EF7DF1,OC,SOURCE_RELATION_MISSING,GYGL仅为工业锅炉类别且企业有多台锅炉；补齐本锅炉与治理设施对应关系
SRC-RAW-4025592753DA85EF7DF1,NH3,SOURCE_RELATION_MISSING,工业锅炉类别脱硝设施对应多台锅炉；补齐设备—脱硝设施关系
SRC-RAW-4025592753DA85EF7DF1,NH3,POLLUTANT_PARAMETER_MISSING,补齐脱硝SCR/SNCR工艺，表E.1按煤计的氨因子不能据设施名称选定
SRC-RAW-4025592753DA85EF7DF1,NH3,ACTIVITY_MISSING,燃料一类型和消耗量缺失；补齐本锅炉年度燃料活动水平
SRC-RAW-C4F7D42DB91219DE905C,SO2,ACTIVITY_MISSING,燃料一类型和消耗量缺失；补齐本锅炉年度燃料活动水平
SRC-RAW-C4F7D42DB91219DE905C,SO2,SOURCE_RELATION_MISSING,GYGL仅为工业锅炉类别且企业有多台锅炉；补齐本锅炉与治理设施对应关系
SRC-RAW-C4F7D42DB91219DE905C,NOx,ACTIVITY_MISSING,燃料一类型和消耗量缺失；补齐本锅炉年度燃料活动水平
SRC-RAW-C4F7D42DB91219DE905C,NOx,SOURCE_RELATION_MISSING,GYGL仅为工业锅炉类别且企业有多台锅炉；补齐本锅炉与治理设施对应关系
SRC-RAW-C4F7D42DB91219DE905C,CO,ACTIVITY_MISSING,燃料一类型和消耗量缺失；补齐本锅炉年度燃料活动水平
SRC-RAW-C4F7D42DB91219DE905C,VOC,ACTIVITY_MISSING,燃料一类型和消耗量缺失；补齐本锅炉年度燃料活动水平
SRC-RAW-C4F7D42DB91219DE905C,PM10,ACTIVITY_MISSING,燃料一类型和消耗量缺失；补齐本锅炉年度燃料活动水平
SRC-RAW-C4F7D42DB91219DE905C,PM10,SOURCE_RELATION_MISSING,GYGL仅为工业锅炉类别且企业有多台锅炉；补齐本锅炉与治理设施对应关系
SRC-RAW-C4F7D42DB91219DE905C,PM2.5,ACTIVITY_MISSING,燃料一类型和消耗量缺失；补齐本锅炉年度燃料活动水平
SRC-RAW-C4F7D42DB91219DE905C,PM2.5,SOURCE_RELATION_MISSING,GYGL仅为工业锅炉类别且企业有多台锅炉；补齐本锅炉与治理设施对应关系
SRC-RAW-C4F7D42DB91219DE905C,BC,ACTIVITY_MISSING,燃料一类型和消耗量缺失；补齐本锅炉年度燃料活动水平
SRC-RAW-C4F7D42DB91219DE905C,BC,SOURCE_RELATION_MISSING,GYGL仅为工业锅炉类别且企业有多台锅炉；补齐本锅炉与治理设施对应关系
SRC-RAW-C4F7D42DB91219DE905C,OC,ACTIVITY_MISSING,燃料一类型和消耗量缺失；补齐本锅炉年度燃料活动水平
SRC-RAW-C4F7D42DB91219DE905C,OC,SOURCE_RELATION_MISSING,GYGL仅为工业锅炉类别且企业有多台锅炉；补齐本锅炉与治理设施对应关系
SRC-RAW-C4F7D42DB91219DE905C,NH3,SOURCE_RELATION_MISSING,工业锅炉类别脱硝设施对应多台锅炉；补齐设备—脱硝设施关系
SRC-RAW-C4F7D42DB91219DE905C,NH3,POLLUTANT_PARAMETER_MISSING,补齐脱硝SCR/SNCR工艺，表E.1按煤计的氨因子不能据设施名称选定
SRC-RAW-C4F7D42DB91219DE905C,NH3,ACTIVITY_MISSING,燃料一类型和消耗量缺失；补齐本锅炉年度燃料活动水平
SRC-RAW-177FD00257652B5476F8,PM10,POLLUTANT_PARAMETER_MISSING,对应治理设施缺年度有效运行小时数，不能将平均效率直接当全年实际效率；补齐设施投运率；颗粒物需区分PM2.5和粗粒径效率
SRC-RAW-177FD00257652B5476F8,PM2.5,POLLUTANT_PARAMETER_MISSING,对应治理设施缺年度有效运行小时数，不能将平均效率直接当全年实际效率；补齐设施投运率；颗粒物需区分PM2.5和粗粒径效率
SRC-RAW-8917622DBFA5CD075805,SO2,POLLUTANT_PARAMETER_MISSING,对应治理设施缺年度有效运行小时数，不能将平均效率直接当全年实际效率；补齐设施投运率；颗粒物需区分PM2.5和粗粒径效率
SRC-RAW-8917622DBFA5CD075805,PM10,POLLUTANT_PARAMETER_MISSING,对应治理设施缺年度有效运行小时数，不能将平均效率直接当全年实际效率；补齐设施投运率；颗粒物需区分PM2.5和粗粒径效率
SRC-RAW-8917622DBFA5CD075805,PM2.5,POLLUTANT_PARAMETER_MISSING,对应治理设施缺年度有效运行小时数，不能将平均效率直接当全年实际效率；补齐设施投运率；颗粒物需区分PM2.5和粗粒径效率
SRC-RAW-8917622DBFA5CD075805,BC,POLLUTANT_PARAMETER_MISSING,对应治理设施缺年度有效运行小时数，不能将平均效率直接当全年实际效率；补齐设施投运率；颗粒物需区分PM2.5和粗粒径效率
SRC-RAW-8917622DBFA5CD075805,OC,POLLUTANT_PARAMETER_MISSING,对应治理设施缺年度有效运行小时数，不能将平均效率直接当全年实际效率；补齐设施投运率；颗粒物需区分PM2.5和粗粒径效率
SRC-RAW-112558671E36FAB5E1CF,NOx,POLLUTANT_PARAMETER_MISSING,燃烧方式其他层燃炉不足以选取E.7的CO/NOx/VOC系数；确认手动或自动炉排
SRC-RAW-112558671E36FAB5E1CF,CO,POLLUTANT_PARAMETER_MISSING,燃烧方式其他层燃炉不足以选取E.7的CO/NOx/VOC系数；确认手动或自动炉排
SRC-RAW-112558671E36FAB5E1CF,VOC,POLLUTANT_PARAMETER_MISSING,燃烧方式其他层燃炉不足以选取E.7的CO/NOx/VOC系数；确认手动或自动炉排
SRC-RAW-F23D2AF8B938FF62D7A6,SO2,SOURCE_RELATION_MISSING,GYGL仅为工业锅炉类别且企业有多台锅炉；补齐本锅炉与治理设施对应关系
SRC-RAW-F23D2AF8B938FF62D7A6,NOx,SOURCE_RELATION_MISSING,GYGL仅为工业锅炉类别且企业有多台锅炉；补齐本锅炉与治理设施对应关系
SRC-RAW-F23D2AF8B938FF62D7A6,PM10,SOURCE_RELATION_MISSING,GYGL仅为工业锅炉类别且企业有多台锅炉；补齐本锅炉与治理设施对应关系
SRC-RAW-F23D2AF8B938FF62D7A6,PM2.5,SOURCE_RELATION_MISSING,GYGL仅为工业锅炉类别且企业有多台锅炉；补齐本锅炉与治理设施对应关系
SRC-RAW-F23D2AF8B938FF62D7A6,BC,SOURCE_RELATION_MISSING,GYGL仅为工业锅炉类别且企业有多台锅炉；补齐本锅炉与治理设施对应关系
SRC-RAW-F23D2AF8B938FF62D7A6,NH3,SOURCE_RELATION_MISSING,工业锅炉类别脱硝设施对应多台锅炉；补齐设备—脱硝设施关系
SRC-RAW-F23D2AF8B938FF62D7A6,NH3,POLLUTANT_PARAMETER_MISSING,补齐脱硝SCR/SNCR工艺，表E.1按煤计的氨因子不能据设施名称选定
SRC-RAW-F7434B6724EF06966D1C,SO2,SOURCE_RELATION_MISSING,GYGL仅为工业锅炉类别且企业有多台锅炉；补齐本锅炉与治理设施对应关系
SRC-RAW-F7434B6724EF06966D1C,NOx,SOURCE_RELATION_MISSING,GYGL仅为工业锅炉类别且企业有多台锅炉；补齐本锅炉与治理设施对应关系
SRC-RAW-F7434B6724EF06966D1C,PM10,SOURCE_RELATION_MISSING,GYGL仅为工业锅炉类别且企业有多台锅炉；补齐本锅炉与治理设施对应关系
SRC-RAW-F7434B6724EF06966D1C,PM2.5,SOURCE_RELATION_MISSING,GYGL仅为工业锅炉类别且企业有多台锅炉；补齐本锅炉与治理设施对应关系
SRC-RAW-F7434B6724EF06966D1C,BC,SOURCE_RELATION_MISSING,GYGL仅为工业锅炉类别且企业有多台锅炉；补齐本锅炉与治理设施对应关系
SRC-RAW-F7434B6724EF06966D1C,NH3,SOURCE_RELATION_MISSING,工业锅炉类别脱硝设施对应多台锅炉；补齐设备—脱硝设施关系
SRC-RAW-F7434B6724EF06966D1C,NH3,POLLUTANT_PARAMETER_MISSING,补齐脱硝SCR/SNCR工艺，表E.1按煤计的氨因子不能据设施名称选定
SRC-RAW-6753F865CA4ED8E8C7F7,PM10,POLLUTANT_PARAMETER_MISSING,治理工艺及去除效率缺失；补齐后按A.1选取
SRC-RAW-6753F865CA4ED8E8C7F7,PM10,POLLUTANT_PARAMETER_MISSING,对应治理设施缺年度有效运行小时数，不能将平均效率直接当全年实际效率；补齐设施投运率；颗粒物需区分PM2.5和粗粒径效率
SRC-RAW-6753F865CA4ED8E8C7F7,PM2.5,POLLUTANT_PARAMETER_MISSING,治理工艺及去除效率缺失；补齐后按A.1选取
SRC-RAW-6753F865CA4ED8E8C7F7,PM2.5,POLLUTANT_PARAMETER_MISSING,对应治理设施缺年度有效运行小时数，不能将平均效率直接当全年实际效率；补齐设施投运率；颗粒物需区分PM2.5和粗粒径效率
SRC-RAW-6753F865CA4ED8E8C7F7,BC,POLLUTANT_PARAMETER_MISSING,治理工艺及去除效率缺失；补齐后按A.1选取
SRC-RAW-6753F865CA4ED8E8C7F7,BC,POLLUTANT_PARAMETER_MISSING,对应治理设施缺年度有效运行小时数，不能将平均效率直接当全年实际效率；补齐设施投运率；颗粒物需区分PM2.5和粗粒径效率
SRC-RAW-6753F865CA4ED8E8C7F7,OC,POLLUTANT_PARAMETER_MISSING,治理工艺及去除效率缺失；补齐后按A.1选取
SRC-RAW-6753F865CA4ED8E8C7F7,OC,POLLUTANT_PARAMETER_MISSING,对应治理设施缺年度有效运行小时数，不能将平均效率直接当全年实际效率；补齐设施投运率；颗粒物需区分PM2.5和粗粒径效率
SRC-RAW-7D17B0B311225BD97BD5,NOx,SOURCE_RELATION_MISSING,GYGL仅为工业锅炉类别且企业有多台锅炉；补齐本锅炉与治理设施对应关系
SRC-RAW-7D17B0B311225BD97BD5,PM10,SOURCE_RELATION_MISSING,GYGL仅为工业锅炉类别且企业有多台锅炉；补齐本锅炉与治理设施对应关系
SRC-RAW-7D17B0B311225BD97BD5,PM2.5,SOURCE_RELATION_MISSING,GYGL仅为工业锅炉类别且企业有多台锅炉；补齐本锅炉与治理设施对应关系
SRC-RAW-7D17B0B311225BD97BD5,NH3,SOURCE_RELATION_MISSING,工业锅炉类别脱硝设施对应多台锅炉；补齐设备—脱硝设施关系
SRC-RAW-7D17B0B311225BD97BD5,NH3,POLLUTANT_PARAMETER_MISSING,补齐脱硝SCR/SNCR工艺，表E.1按煤计的氨因子不能据设施名称选定
SRC-RAW-7D17B0B311225BD97BD5,NH3,factor_not_applicable,表E.1氨因子分母为煤，当前燃料天然气不具备可直接使用的氨因子；提供适用因子或实测氨排放
SRC-RAW-BE0E596214E2EC4AEE4C,NOx,SOURCE_RELATION_MISSING,GYGL仅为工业锅炉类别且企业有多台锅炉；补齐本锅炉与治理设施对应关系
SRC-RAW-BE0E596214E2EC4AEE4C,PM10,SOURCE_RELATION_MISSING,GYGL仅为工业锅炉类别且企业有多台锅炉；补齐本锅炉与治理设施对应关系
SRC-RAW-BE0E596214E2EC4AEE4C,PM2.5,SOURCE_RELATION_MISSING,GYGL仅为工业锅炉类别且企业有多台锅炉；补齐本锅炉与治理设施对应关系
SRC-RAW-BE0E596214E2EC4AEE4C,NH3,SOURCE_RELATION_MISSING,工业锅炉类别脱硝设施对应多台锅炉；补齐设备—脱硝设施关系
SRC-RAW-BE0E596214E2EC4AEE4C,NH3,POLLUTANT_PARAMETER_MISSING,补齐脱硝SCR/SNCR工艺，表E.1按煤计的氨因子不能据设施名称选定
SRC-RAW-BE0E596214E2EC4AEE4C,NH3,factor_not_applicable,表E.1氨因子分母为煤，当前燃料天然气不具备可直接使用的氨因子；提供适用因子或实测氨排放
SRC-RAW-AFE601866F51A8AFA14C,SO2,SOURCE_RELATION_MISSING,GYGL仅为工业锅炉类别且企业有多台锅炉；补齐本锅炉与治理设施对应关系
SRC-RAW-AFE601866F51A8AFA14C,NOx,SOURCE_RELATION_MISSING,GYGL仅为工业锅炉类别且企业有多台锅炉；补齐本锅炉与治理设施对应关系
SRC-RAW-AFE601866F51A8AFA14C,PM10,SOURCE_RELATION_MISSING,GYGL仅为工业锅炉类别且企业有多台锅炉；补齐本锅炉与治理设施对应关系
SRC-RAW-AFE601866F51A8AFA14C,PM2.5,SOURCE_RELATION_MISSING,GYGL仅为工业锅炉类别且企业有多台锅炉；补齐本锅炉与治理设施对应关系
SRC-RAW-AFE601866F51A8AFA14C,BC,SOURCE_RELATION_MISSING,GYGL仅为工业锅炉类别且企业有多台锅炉；补齐本锅炉与治理设施对应关系
SRC-RAW-AFE601866F51A8AFA14C,OC,SOURCE_RELATION_MISSING,GYGL仅为工业锅炉类别且企业有多台锅炉；补齐本锅炉与治理设施对应关系
SRC-RAW-AFE601866F51A8AFA14C,NH3,SOURCE_RELATION_MISSING,工业锅炉类别脱硝设施对应多台锅炉；补齐设备—脱硝设施关系
SRC-RAW-AFE601866F51A8AFA14C,NH3,POLLUTANT_PARAMETER_MISSING,补齐脱硝SCR/SNCR工艺，表E.1按煤计的氨因子不能据设施名称选定
SRC-RAW-AFE601866F51A8AFA14C,NH3,factor_not_applicable,表E.1氨因子分母为煤，当前燃料柴油不具备可直接使用的氨因子；提供适用因子或实测氨排放
SRC-RAW-2AF8DD41D3B4B0583349,SO2,SOURCE_RELATION_MISSING,GYGL仅为工业锅炉类别且企业有多台锅炉；补齐本锅炉与治理设施对应关系
SRC-RAW-2AF8DD41D3B4B0583349,NOx,SOURCE_RELATION_MISSING,GYGL仅为工业锅炉类别且企业有多台锅炉；补齐本锅炉与治理设施对应关系
SRC-RAW-2AF8DD41D3B4B0583349,PM10,SOURCE_RELATION_MISSING,GYGL仅为工业锅炉类别且企业有多台锅炉；补齐本锅炉与治理设施对应关系
SRC-RAW-2AF8DD41D3B4B0583349,PM2.5,SOURCE_RELATION_MISSING,GYGL仅为工业锅炉类别且企业有多台锅炉；补齐本锅炉与治理设施对应关系
SRC-RAW-2AF8DD41D3B4B0583349,BC,SOURCE_RELATION_MISSING,GYGL仅为工业锅炉类别且企业有多台锅炉；补齐本锅炉与治理设施对应关系
SRC-RAW-2AF8DD41D3B4B0583349,OC,SOURCE_RELATION_MISSING,GYGL仅为工业锅炉类别且企业有多台锅炉；补齐本锅炉与治理设施对应关系
SRC-RAW-2AF8DD41D3B4B0583349,NH3,SOURCE_RELATION_MISSING,工业锅炉类别脱硝设施对应多台锅炉；补齐设备—脱硝设施关系
SRC-RAW-2AF8DD41D3B4B0583349,NH3,POLLUTANT_PARAMETER_MISSING,补齐脱硝SCR/SNCR工艺，表E.1按煤计的氨因子不能据设施名称选定
SRC-RAW-2AF8DD41D3B4B0583349,NH3,factor_not_applicable,表E.1氨因子分母为煤，当前燃料柴油不具备可直接使用的氨因子；提供适用因子或实测氨排放
SRC-RAW-18DBF692CFF90D52800B,NOx,SOURCE_RELATION_MISSING,GYGL仅为工业锅炉类别且企业有多台锅炉；补齐本锅炉与治理设施对应关系
SRC-RAW-18DBF692CFF90D52800B,PM10,SOURCE_RELATION_MISSING,GYGL仅为工业锅炉类别且企业有多台锅炉；补齐本锅炉与治理设施对应关系
SRC-RAW-18DBF692CFF90D52800B,PM2.5,SOURCE_RELATION_MISSING,GYGL仅为工业锅炉类别且企业有多台锅炉；补齐本锅炉与治理设施对应关系
SRC-RAW-18DBF692CFF90D52800B,NH3,SOURCE_RELATION_MISSING,工业锅炉类别脱硝设施对应多台锅炉；补齐设备—脱硝设施关系
SRC-RAW-18DBF692CFF90D52800B,NH3,POLLUTANT_PARAMETER_MISSING,补齐脱硝SCR/SNCR工艺，表E.1按煤计的氨因子不能据设施名称选定
SRC-RAW-18DBF692CFF90D52800B,NH3,factor_not_applicable,表E.1氨因子分母为煤，当前燃料天然气不具备可直接使用的氨因子；提供适用因子或实测氨排放
SRC-RAW-1E8F3E240E301800027E,SO2,ACTIVITY_MISSING,燃料一类型和消耗量缺失；补齐本锅炉年度燃料活动水平
SRC-RAW-1E8F3E240E301800027E,NOx,ACTIVITY_MISSING,燃料一类型和消耗量缺失；补齐本锅炉年度燃料活动水平
SRC-RAW-1E8F3E240E301800027E,CO,ACTIVITY_MISSING,燃料一类型和消耗量缺失；补齐本锅炉年度燃料活动水平
SRC-RAW-1E8F3E240E301800027E,VOC,ACTIVITY_MISSING,燃料一类型和消耗量缺失；补齐本锅炉年度燃料活动水平
SRC-RAW-1E8F3E240E301800027E,PM10,ACTIVITY_MISSING,燃料一类型和消耗量缺失；补齐本锅炉年度燃料活动水平
SRC-RAW-1E8F3E240E301800027E,PM2.5,ACTIVITY_MISSING,燃料一类型和消耗量缺失；补齐本锅炉年度燃料活动水平
SRC-RAW-1E8F3E240E301800027E,BC,ACTIVITY_MISSING,燃料一类型和消耗量缺失；补齐本锅炉年度燃料活动水平
SRC-RAW-1E8F3E240E301800027E,OC,ACTIVITY_MISSING,燃料一类型和消耗量缺失；补齐本锅炉年度燃料活动水平
SRC-RAW-CEBAE2307CD4E4D7099A,PM10,SOURCE_RELATION_MISSING,GYGL仅为工业锅炉类别且企业有多台锅炉；补齐本锅炉与治理设施对应关系
SRC-RAW-CEBAE2307CD4E4D7099A,PM2.5,SOURCE_RELATION_MISSING,GYGL仅为工业锅炉类别且企业有多台锅炉；补齐本锅炉与治理设施对应关系
SRC-RAW-51FE7BF8BCFD7F38DB41,PM10,SOURCE_RELATION_MISSING,GYGL仅为工业锅炉类别且企业有多台锅炉；补齐本锅炉与治理设施对应关系
SRC-RAW-51FE7BF8BCFD7F38DB41,PM2.5,SOURCE_RELATION_MISSING,GYGL仅为工业锅炉类别且企业有多台锅炉；补齐本锅炉与治理设施对应关系
SRC-RAW-FC1987DC7CA713402938,PM10,SOURCE_RELATION_MISSING,GYGL仅为工业锅炉类别且企业有多台锅炉；补齐本锅炉与治理设施对应关系
SRC-RAW-FC1987DC7CA713402938,PM2.5,SOURCE_RELATION_MISSING,GYGL仅为工业锅炉类别且企业有多台锅炉；补齐本锅炉与治理设施对应关系
SRC-RAW-45949833DB6B90372B79,PM10,POLLUTANT_PARAMETER_MISSING,治理工艺及去除效率缺失；补齐后按A.1选取
SRC-RAW-45949833DB6B90372B79,PM10,POLLUTANT_PARAMETER_MISSING,对应治理设施缺年度有效运行小时数，不能将平均效率直接当全年实际效率；补齐设施投运率；颗粒物需区分PM2.5和粗粒径效率
SRC-RAW-45949833DB6B90372B79,PM2.5,POLLUTANT_PARAMETER_MISSING,治理工艺及去除效率缺失；补齐后按A.1选取
SRC-RAW-45949833DB6B90372B79,PM2.5,POLLUTANT_PARAMETER_MISSING,对应治理设施缺年度有效运行小时数，不能将平均效率直接当全年实际效率；补齐设施投运率；颗粒物需区分PM2.5和粗粒径效率
SRC-RAW-F26DD5520139A9036BB9,NOx,SOURCE_RELATION_MISSING,GYGL仅为工业锅炉类别且企业有多台锅炉；补齐本锅炉与治理设施对应关系
SRC-RAW-F26DD5520139A9036BB9,PM10,SOURCE_RELATION_MISSING,GYGL仅为工业锅炉类别且企业有多台锅炉；补齐本锅炉与治理设施对应关系
SRC-RAW-F26DD5520139A9036BB9,PM2.5,SOURCE_RELATION_MISSING,GYGL仅为工业锅炉类别且企业有多台锅炉；补齐本锅炉与治理设施对应关系
SRC-RAW-F26DD5520139A9036BB9,NH3,SOURCE_RELATION_MISSING,工业锅炉类别脱硝设施对应多台锅炉；补齐设备—脱硝设施关系
SRC-RAW-F26DD5520139A9036BB9,NH3,POLLUTANT_PARAMETER_MISSING,补齐脱硝SCR/SNCR工艺，表E.1按煤计的氨因子不能据设施名称选定
SRC-RAW-F26DD5520139A9036BB9,NH3,factor_not_applicable,表E.1氨因子分母为煤，当前燃料天然气不具备可直接使用的氨因子；提供适用因子或实测氨排放
SRC-RAW-6DDD38FB41B3FFB2FE8E,NOx,SOURCE_RELATION_MISSING,GYGL仅为工业锅炉类别且企业有多台锅炉；补齐本锅炉与治理设施对应关系
SRC-RAW-6DDD38FB41B3FFB2FE8E,PM10,SOURCE_RELATION_MISSING,GYGL仅为工业锅炉类别且企业有多台锅炉；补齐本锅炉与治理设施对应关系
SRC-RAW-6DDD38FB41B3FFB2FE8E,PM2.5,SOURCE_RELATION_MISSING,GYGL仅为工业锅炉类别且企业有多台锅炉；补齐本锅炉与治理设施对应关系
SRC-RAW-6DDD38FB41B3FFB2FE8E,NH3,SOURCE_RELATION_MISSING,工业锅炉类别脱硝设施对应多台锅炉；补齐设备—脱硝设施关系
SRC-RAW-6DDD38FB41B3FFB2FE8E,NH3,POLLUTANT_PARAMETER_MISSING,补齐脱硝SCR/SNCR工艺，表E.1按煤计的氨因子不能据设施名称选定
SRC-RAW-6DDD38FB41B3FFB2FE8E,NH3,factor_not_applicable,表E.1氨因子分母为煤，当前燃料天然气不具备可直接使用的氨因子；提供适用因子或实测氨排放
SRC-RAW-97091E3C82A6A352B79B,NOx,SOURCE_RELATION_MISSING,GYGL仅为工业锅炉类别且企业有多台锅炉；补齐本锅炉与治理设施对应关系
SRC-RAW-97091E3C82A6A352B79B,PM10,SOURCE_RELATION_MISSING,GYGL仅为工业锅炉类别且企业有多台锅炉；补齐本锅炉与治理设施对应关系
SRC-RAW-97091E3C82A6A352B79B,PM2.5,SOURCE_RELATION_MISSING,GYGL仅为工业锅炉类别且企业有多台锅炉；补齐本锅炉与治理设施对应关系
SRC-RAW-97091E3C82A6A352B79B,NH3,SOURCE_RELATION_MISSING,工业锅炉类别脱硝设施对应多台锅炉；补齐设备—脱硝设施关系
SRC-RAW-97091E3C82A6A352B79B,NH3,POLLUTANT_PARAMETER_MISSING,补齐脱硝SCR/SNCR工艺，表E.1按煤计的氨因子不能据设施名称选定
SRC-RAW-97091E3C82A6A352B79B,NH3,factor_not_applicable,表E.1氨因子分母为煤，当前燃料天然气不具备可直接使用的氨因子；提供适用因子或实测氨排放
SRC-RAW-2A41EEE2843D9BC78C03,NOx,SOURCE_RELATION_MISSING,GYGL仅为工业锅炉类别且企业有多台锅炉；补齐本锅炉与治理设施对应关系
SRC-RAW-2A41EEE2843D9BC78C03,PM10,SOURCE_RELATION_MISSING,GYGL仅为工业锅炉类别且企业有多台锅炉；补齐本锅炉与治理设施对应关系
SRC-RAW-2A41EEE2843D9BC78C03,PM2.5,SOURCE_RELATION_MISSING,GYGL仅为工业锅炉类别且企业有多台锅炉；补齐本锅炉与治理设施对应关系
SRC-RAW-2A41EEE2843D9BC78C03,NH3,SOURCE_RELATION_MISSING,工业锅炉类别脱硝设施对应多台锅炉；补齐设备—脱硝设施关系
SRC-RAW-2A41EEE2843D9BC78C03,NH3,POLLUTANT_PARAMETER_MISSING,补齐脱硝SCR/SNCR工艺，表E.1按煤计的氨因子不能据设施名称选定
SRC-RAW-2A41EEE2843D9BC78C03,NH3,factor_not_applicable,表E.1氨因子分母为煤，当前燃料天然气不具备可直接使用的氨因子；提供适用因子或实测氨排放
SRC-RAW-40297167726E29F50AAC,NOx,SOURCE_RELATION_MISSING,GYGL仅为工业锅炉类别且企业有多台锅炉；补齐本锅炉与治理设施对应关系
SRC-RAW-40297167726E29F50AAC,PM10,SOURCE_RELATION_MISSING,GYGL仅为工业锅炉类别且企业有多台锅炉；补齐本锅炉与治理设施对应关系
SRC-RAW-40297167726E29F50AAC,PM2.5,SOURCE_RELATION_MISSING,GYGL仅为工业锅炉类别且企业有多台锅炉；补齐本锅炉与治理设施对应关系
SRC-RAW-40297167726E29F50AAC,NH3,SOURCE_RELATION_MISSING,工业锅炉类别脱硝设施对应多台锅炉；补齐设备—脱硝设施关系
SRC-RAW-40297167726E29F50AAC,NH3,POLLUTANT_PARAMETER_MISSING,补齐脱硝SCR/SNCR工艺，表E.1按煤计的氨因子不能据设施名称选定
SRC-RAW-40297167726E29F50AAC,NH3,factor_not_applicable,表E.1氨因子分母为煤，当前燃料天然气不具备可直接使用的氨因子；提供适用因子或实测氨排放
SRC-RAW-4A899B92F00DF1F615B1,NOx,POLLUTANT_PARAMETER_MISSING,治理工艺及去除效率缺失；补齐后按A.1选取
SRC-RAW-4A899B92F00DF1F615B1,NOx,POLLUTANT_PARAMETER_MISSING,对应治理设施缺年度有效运行小时数，不能将平均效率直接当全年实际效率；补齐设施投运率；颗粒物需区分PM2.5和粗粒径效率
SRC-RAW-4A899B92F00DF1F615B1,PM10,POLLUTANT_PARAMETER_MISSING,治理工艺及去除效率缺失；补齐后按A.1选取
SRC-RAW-4A899B92F00DF1F615B1,PM10,POLLUTANT_PARAMETER_MISSING,对应治理设施缺年度有效运行小时数，不能将平均效率直接当全年实际效率；补齐设施投运率；颗粒物需区分PM2.5和粗粒径效率
SRC-RAW-4A899B92F00DF1F615B1,PM2.5,POLLUTANT_PARAMETER_MISSING,治理工艺及去除效率缺失；补齐后按A.1选取
SRC-RAW-4A899B92F00DF1F615B1,PM2.5,POLLUTANT_PARAMETER_MISSING,对应治理设施缺年度有效运行小时数，不能将平均效率直接当全年实际效率；补齐设施投运率；颗粒物需区分PM2.5和粗粒径效率
SRC-RAW-4A899B92F00DF1F615B1,NH3,POLLUTANT_PARAMETER_MISSING,补齐脱硝SCR/SNCR工艺，表E.1按煤计的氨因子不能据设施名称选定
SRC-RAW-4A899B92F00DF1F615B1,NH3,factor_not_applicable,表E.1氨因子分母为煤，当前燃料天然气不具备可直接使用的氨因子；提供适用因子或实测氨排放
SRC-RAW-D613AE0DD9A9CBA7EA83,NOx,SOURCE_RELATION_MISSING,GYGL仅为工业锅炉类别且企业有多台锅炉；补齐本锅炉与治理设施对应关系
SRC-RAW-D613AE0DD9A9CBA7EA83,PM10,SOURCE_RELATION_MISSING,GYGL仅为工业锅炉类别且企业有多台锅炉；补齐本锅炉与治理设施对应关系
SRC-RAW-D613AE0DD9A9CBA7EA83,PM2.5,SOURCE_RELATION_MISSING,GYGL仅为工业锅炉类别且企业有多台锅炉；补齐本锅炉与治理设施对应关系
SRC-RAW-D613AE0DD9A9CBA7EA83,NH3,SOURCE_RELATION_MISSING,工业锅炉类别脱硝设施对应多台锅炉；补齐设备—脱硝设施关系
SRC-RAW-D613AE0DD9A9CBA7EA83,NH3,POLLUTANT_PARAMETER_MISSING,补齐脱硝SCR/SNCR工艺，表E.1按煤计的氨因子不能据设施名称选定
SRC-RAW-D613AE0DD9A9CBA7EA83,NH3,factor_not_applicable,表E.1氨因子分母为煤，当前燃料天然气不具备可直接使用的氨因子；提供适用因子或实测氨排放
SRC-RAW-0D4E2DD216839DE16E90,NOx,SOURCE_RELATION_MISSING,GYGL仅为工业锅炉类别且企业有多台锅炉；补齐本锅炉与治理设施对应关系
SRC-RAW-0D4E2DD216839DE16E90,PM10,SOURCE_RELATION_MISSING,GYGL仅为工业锅炉类别且企业有多台锅炉；补齐本锅炉与治理设施对应关系
SRC-RAW-0D4E2DD216839DE16E90,PM2.5,SOURCE_RELATION_MISSING,GYGL仅为工业锅炉类别且企业有多台锅炉；补齐本锅炉与治理设施对应关系
SRC-RAW-0D4E2DD216839DE16E90,NH3,SOURCE_RELATION_MISSING,工业锅炉类别脱硝设施对应多台锅炉；补齐设备—脱硝设施关系
SRC-RAW-0D4E2DD216839DE16E90,NH3,POLLUTANT_PARAMETER_MISSING,补齐脱硝SCR/SNCR工艺，表E.1按煤计的氨因子不能据设施名称选定
SRC-RAW-0D4E2DD216839DE16E90,NH3,factor_not_applicable,表E.1氨因子分母为煤，当前燃料天然气不具备可直接使用的氨因子；提供适用因子或实测氨排放
SRC-RAW-F8E3FD0CF38E220CB852,NOx,SOURCE_RELATION_MISSING,GYGL仅为工业锅炉类别且企业有多台锅炉；补齐本锅炉与治理设施对应关系
SRC-RAW-F8E3FD0CF38E220CB852,PM10,SOURCE_RELATION_MISSING,GYGL仅为工业锅炉类别且企业有多台锅炉；补齐本锅炉与治理设施对应关系
SRC-RAW-F8E3FD0CF38E220CB852,PM2.5,SOURCE_RELATION_MISSING,GYGL仅为工业锅炉类别且企业有多台锅炉；补齐本锅炉与治理设施对应关系
SRC-RAW-F8E3FD0CF38E220CB852,NH3,SOURCE_RELATION_MISSING,工业锅炉类别脱硝设施对应多台锅炉；补齐设备—脱硝设施关系
SRC-RAW-F8E3FD0CF38E220CB852,NH3,POLLUTANT_PARAMETER_MISSING,补齐脱硝SCR/SNCR工艺，表E.1按煤计的氨因子不能据设施名称选定
SRC-RAW-F8E3FD0CF38E220CB852,NH3,factor_not_applicable,表E.1氨因子分母为煤，当前燃料天然气不具备可直接使用的氨因子；提供适用因子或实测氨排放
SRC-RAW-DB727D57D492E6DF6905,NOx,SOURCE_RELATION_MISSING,GYGL仅为工业锅炉类别且企业有多台锅炉；补齐本锅炉与治理设施对应关系
SRC-RAW-DB727D57D492E6DF6905,PM10,SOURCE_RELATION_MISSING,GYGL仅为工业锅炉类别且企业有多台锅炉；补齐本锅炉与治理设施对应关系
SRC-RAW-DB727D57D492E6DF6905,PM2.5,SOURCE_RELATION_MISSING,GYGL仅为工业锅炉类别且企业有多台锅炉；补齐本锅炉与治理设施对应关系
SRC-RAW-DB727D57D492E6DF6905,NH3,SOURCE_RELATION_MISSING,工业锅炉类别脱硝设施对应多台锅炉；补齐设备—脱硝设施关系
SRC-RAW-DB727D57D492E6DF6905,NH3,POLLUTANT_PARAMETER_MISSING,补齐脱硝SCR/SNCR工艺，表E.1按煤计的氨因子不能据设施名称选定
SRC-RAW-DB727D57D492E6DF6905,NH3,factor_not_applicable,表E.1氨因子分母为煤，当前燃料天然气不具备可直接使用的氨因子；提供适用因子或实测氨排放
SRC-RAW-622C57E618F4781AE8C0,NOx,SOURCE_RELATION_MISSING,GYGL仅为工业锅炉类别且企业有多台锅炉；补齐本锅炉与治理设施对应关系
SRC-RAW-622C57E618F4781AE8C0,PM10,SOURCE_RELATION_MISSING,GYGL仅为工业锅炉类别且企业有多台锅炉；补齐本锅炉与治理设施对应关系
SRC-RAW-622C57E618F4781AE8C0,PM2.5,SOURCE_RELATION_MISSING,GYGL仅为工业锅炉类别且企业有多台锅炉；补齐本锅炉与治理设施对应关系
SRC-RAW-622C57E618F4781AE8C0,NH3,SOURCE_RELATION_MISSING,工业锅炉类别脱硝设施对应多台锅炉；补齐设备—脱硝设施关系
SRC-RAW-622C57E618F4781AE8C0,NH3,POLLUTANT_PARAMETER_MISSING,补齐脱硝SCR/SNCR工艺，表E.1按煤计的氨因子不能据设施名称选定
SRC-RAW-622C57E618F4781AE8C0,NH3,factor_not_applicable,表E.1氨因子分母为煤，当前燃料天然气不具备可直接使用的氨因子；提供适用因子或实测氨排放
SRC-RAW-E3E7C5BFAB132EE4704B,NOx,SOURCE_RELATION_MISSING,GYGL仅为工业锅炉类别且企业有多台锅炉；补齐本锅炉与治理设施对应关系
SRC-RAW-E3E7C5BFAB132EE4704B,PM10,SOURCE_RELATION_MISSING,GYGL仅为工业锅炉类别且企业有多台锅炉；补齐本锅炉与治理设施对应关系
SRC-RAW-E3E7C5BFAB132EE4704B,PM2.5,SOURCE_RELATION_MISSING,GYGL仅为工业锅炉类别且企业有多台锅炉；补齐本锅炉与治理设施对应关系
SRC-RAW-E3E7C5BFAB132EE4704B,NH3,SOURCE_RELATION_MISSING,工业锅炉类别脱硝设施对应多台锅炉；补齐设备—脱硝设施关系
SRC-RAW-E3E7C5BFAB132EE4704B,NH3,POLLUTANT_PARAMETER_MISSING,补齐脱硝SCR/SNCR工艺，表E.1按煤计的氨因子不能据设施名称选定
SRC-RAW-E3E7C5BFAB132EE4704B,NH3,factor_not_applicable,表E.1氨因子分母为煤，当前燃料天然气不具备可直接使用的氨因子；提供适用因子或实测氨排放
SRC-RAW-350F466C5C6D078F6ECA,SO2,SOURCE_RELATION_MISSING,GYGL仅为工业锅炉类别且企业有多台锅炉；补齐本锅炉与治理设施对应关系
SRC-RAW-350F466C5C6D078F6ECA,NOx,SOURCE_RELATION_MISSING,GYGL仅为工业锅炉类别且企业有多台锅炉；补齐本锅炉与治理设施对应关系
SRC-RAW-350F466C5C6D078F6ECA,PM10,SOURCE_RELATION_MISSING,GYGL仅为工业锅炉类别且企业有多台锅炉；补齐本锅炉与治理设施对应关系
SRC-RAW-350F466C5C6D078F6ECA,PM2.5,SOURCE_RELATION_MISSING,GYGL仅为工业锅炉类别且企业有多台锅炉；补齐本锅炉与治理设施对应关系
SRC-RAW-350F466C5C6D078F6ECA,BC,SOURCE_RELATION_MISSING,GYGL仅为工业锅炉类别且企业有多台锅炉；补齐本锅炉与治理设施对应关系
SRC-RAW-350F466C5C6D078F6ECA,OC,SOURCE_RELATION_MISSING,GYGL仅为工业锅炉类别且企业有多台锅炉；补齐本锅炉与治理设施对应关系
SRC-RAW-350F466C5C6D078F6ECA,NH3,SOURCE_RELATION_MISSING,工业锅炉类别脱硝设施对应多台锅炉；补齐设备—脱硝设施关系
SRC-RAW-350F466C5C6D078F6ECA,NH3,POLLUTANT_PARAMETER_MISSING,补齐脱硝SCR/SNCR工艺，表E.1按煤计的氨因子不能据设施名称选定
SRC-RAW-350F466C5C6D078F6ECA,NH3,factor_not_applicable,表E.1氨因子分母为煤，当前燃料柴油不具备可直接使用的氨因子；提供适用因子或实测氨排放
SRC-RAW-90022D3B7AC7BE84AB39,NOx,SOURCE_RELATION_MISSING,GYGL仅为工业锅炉类别且企业有多台锅炉；补齐本锅炉与治理设施对应关系
SRC-RAW-90022D3B7AC7BE84AB39,PM10,SOURCE_RELATION_MISSING,GYGL仅为工业锅炉类别且企业有多台锅炉；补齐本锅炉与治理设施对应关系
SRC-RAW-90022D3B7AC7BE84AB39,PM2.5,SOURCE_RELATION_MISSING,GYGL仅为工业锅炉类别且企业有多台锅炉；补齐本锅炉与治理设施对应关系
SRC-RAW-90022D3B7AC7BE84AB39,NH3,SOURCE_RELATION_MISSING,工业锅炉类别脱硝设施对应多台锅炉；补齐设备—脱硝设施关系
SRC-RAW-90022D3B7AC7BE84AB39,NH3,POLLUTANT_PARAMETER_MISSING,补齐脱硝SCR/SNCR工艺，表E.1按煤计的氨因子不能据设施名称选定
SRC-RAW-90022D3B7AC7BE84AB39,NH3,factor_not_applicable,表E.1氨因子分母为煤，当前燃料天然气不具备可直接使用的氨因子；提供适用因子或实测氨排放
SRC-RAW-D5130BA6EDAE1F46BF75,NOx,SOURCE_RELATION_MISSING,GYGL仅为工业锅炉类别且企业有多台锅炉；补齐本锅炉与治理设施对应关系
SRC-RAW-D5130BA6EDAE1F46BF75,PM10,SOURCE_RELATION_MISSING,GYGL仅为工业锅炉类别且企业有多台锅炉；补齐本锅炉与治理设施对应关系
SRC-RAW-D5130BA6EDAE1F46BF75,PM2.5,SOURCE_RELATION_MISSING,GYGL仅为工业锅炉类别且企业有多台锅炉；补齐本锅炉与治理设施对应关系
SRC-RAW-D5130BA6EDAE1F46BF75,NH3,SOURCE_RELATION_MISSING,工业锅炉类别脱硝设施对应多台锅炉；补齐设备—脱硝设施关系
SRC-RAW-D5130BA6EDAE1F46BF75,NH3,POLLUTANT_PARAMETER_MISSING,补齐脱硝SCR/SNCR工艺，表E.1按煤计的氨因子不能据设施名称选定
SRC-RAW-D5130BA6EDAE1F46BF75,NH3,factor_not_applicable,表E.1氨因子分母为煤，当前燃料天然气不具备可直接使用的氨因子；提供适用因子或实测氨排放
SRC-RAW-2C698CE337E6EEE19670,NOx,SOURCE_RELATION_MISSING,GYGL仅为工业锅炉类别且企业有多台锅炉；补齐本锅炉与治理设施对应关系
SRC-RAW-2C698CE337E6EEE19670,PM10,SOURCE_RELATION_MISSING,GYGL仅为工业锅炉类别且企业有多台锅炉；补齐本锅炉与治理设施对应关系
SRC-RAW-2C698CE337E6EEE19670,PM2.5,SOURCE_RELATION_MISSING,GYGL仅为工业锅炉类别且企业有多台锅炉；补齐本锅炉与治理设施对应关系
SRC-RAW-2C698CE337E6EEE19670,NH3,SOURCE_RELATION_MISSING,工业锅炉类别脱硝设施对应多台锅炉；补齐设备—脱硝设施关系
SRC-RAW-2C698CE337E6EEE19670,NH3,POLLUTANT_PARAMETER_MISSING,补齐脱硝SCR/SNCR工艺，表E.1按煤计的氨因子不能据设施名称选定
SRC-RAW-2C698CE337E6EEE19670,NH3,factor_not_applicable,表E.1氨因子分母为煤，当前燃料天然气不具备可直接使用的氨因子；提供适用因子或实测氨排放
SRC-RAW-DAA49753CE444D14E612,NOx,SOURCE_RELATION_MISSING,GYGL仅为工业锅炉类别且企业有多台锅炉；补齐本锅炉与治理设施对应关系
SRC-RAW-DAA49753CE444D14E612,PM10,SOURCE_RELATION_MISSING,GYGL仅为工业锅炉类别且企业有多台锅炉；补齐本锅炉与治理设施对应关系
SRC-RAW-DAA49753CE444D14E612,PM2.5,SOURCE_RELATION_MISSING,GYGL仅为工业锅炉类别且企业有多台锅炉；补齐本锅炉与治理设施对应关系
SRC-RAW-DAA49753CE444D14E612,NH3,SOURCE_RELATION_MISSING,工业锅炉类别脱硝设施对应多台锅炉；补齐设备—脱硝设施关系
SRC-RAW-DAA49753CE444D14E612,NH3,POLLUTANT_PARAMETER_MISSING,补齐脱硝SCR/SNCR工艺，表E.1按煤计的氨因子不能据设施名称选定
SRC-RAW-DAA49753CE444D14E612,NH3,factor_not_applicable,表E.1氨因子分母为煤，当前燃料天然气不具备可直接使用的氨因子；提供适用因子或实测氨排放
SRC-RAW-1A0F1D5A88D602D42B27,NOx,SOURCE_RELATION_MISSING,GYGL仅为工业锅炉类别且企业有多台锅炉；补齐本锅炉与治理设施对应关系
SRC-RAW-1A0F1D5A88D602D42B27,PM10,SOURCE_RELATION_MISSING,GYGL仅为工业锅炉类别且企业有多台锅炉；补齐本锅炉与治理设施对应关系
SRC-RAW-1A0F1D5A88D602D42B27,PM2.5,SOURCE_RELATION_MISSING,GYGL仅为工业锅炉类别且企业有多台锅炉；补齐本锅炉与治理设施对应关系
SRC-RAW-1A0F1D5A88D602D42B27,NH3,SOURCE_RELATION_MISSING,工业锅炉类别脱硝设施对应多台锅炉；补齐设备—脱硝设施关系
SRC-RAW-1A0F1D5A88D602D42B27,NH3,POLLUTANT_PARAMETER_MISSING,补齐脱硝SCR/SNCR工艺，表E.1按煤计的氨因子不能据设施名称选定
SRC-RAW-1A0F1D5A88D602D42B27,NH3,factor_not_applicable,表E.1氨因子分母为煤，当前燃料天然气不具备可直接使用的氨因子；提供适用因子或实测氨排放
SRC-RAW-9DBE89AC9AE0DB313457,PM10,POLLUTANT_PARAMETER_MISSING,治理工艺及去除效率缺失；补齐后按A.1选取
SRC-RAW-9DBE89AC9AE0DB313457,PM10,POLLUTANT_PARAMETER_MISSING,对应治理设施缺年度有效运行小时数，不能将平均效率直接当全年实际效率；补齐设施投运率；颗粒物需区分PM2.5和粗粒径效率
SRC-RAW-9DBE89AC9AE0DB313457,PM2.5,POLLUTANT_PARAMETER_MISSING,治理工艺及去除效率缺失；补齐后按A.1选取
SRC-RAW-9DBE89AC9AE0DB313457,PM2.5,POLLUTANT_PARAMETER_MISSING,对应治理设施缺年度有效运行小时数，不能将平均效率直接当全年实际效率；补齐设施投运率；颗粒物需区分PM2.5和粗粒径效率
SRC-RAW-28485085FB7A7DB4C063,NOx,SOURCE_RELATION_MISSING,GYGL仅为工业锅炉类别且企业有多台锅炉；补齐本锅炉与治理设施对应关系
SRC-RAW-28485085FB7A7DB4C063,PM10,SOURCE_RELATION_MISSING,GYGL仅为工业锅炉类别且企业有多台锅炉；补齐本锅炉与治理设施对应关系
SRC-RAW-28485085FB7A7DB4C063,PM2.5,SOURCE_RELATION_MISSING,GYGL仅为工业锅炉类别且企业有多台锅炉；补齐本锅炉与治理设施对应关系
SRC-RAW-28485085FB7A7DB4C063,NH3,SOURCE_RELATION_MISSING,工业锅炉类别脱硝设施对应多台锅炉；补齐设备—脱硝设施关系
SRC-RAW-28485085FB7A7DB4C063,NH3,POLLUTANT_PARAMETER_MISSING,补齐脱硝SCR/SNCR工艺，表E.1按煤计的氨因子不能据设施名称选定
SRC-RAW-28485085FB7A7DB4C063,NH3,factor_not_applicable,表E.1氨因子分母为煤，当前燃料天然气不具备可直接使用的氨因子；提供适用因子或实测氨排放
SRC-RAW-3E84723B8652ADAC5CB8,NOx,SOURCE_RELATION_MISSING,GYGL仅为工业锅炉类别且企业有多台锅炉；补齐本锅炉与治理设施对应关系
SRC-RAW-3E84723B8652ADAC5CB8,PM10,SOURCE_RELATION_MISSING,GYGL仅为工业锅炉类别且企业有多台锅炉；补齐本锅炉与治理设施对应关系
SRC-RAW-3E84723B8652ADAC5CB8,PM2.5,SOURCE_RELATION_MISSING,GYGL仅为工业锅炉类别且企业有多台锅炉；补齐本锅炉与治理设施对应关系
SRC-RAW-3E84723B8652ADAC5CB8,NH3,SOURCE_RELATION_MISSING,工业锅炉类别脱硝设施对应多台锅炉；补齐设备—脱硝设施关系
SRC-RAW-3E84723B8652ADAC5CB8,NH3,POLLUTANT_PARAMETER_MISSING,补齐脱硝SCR/SNCR工艺，表E.1按煤计的氨因子不能据设施名称选定
SRC-RAW-3E84723B8652ADAC5CB8,NH3,factor_not_applicable,表E.1氨因子分母为煤，当前燃料天然气不具备可直接使用的氨因子；提供适用因子或实测氨排放
SRC-RAW-DBE482C909A4A2716AB4,NOx,SOURCE_RELATION_MISSING,GYGL仅为工业锅炉类别且企业有多台锅炉；补齐本锅炉与治理设施对应关系
SRC-RAW-DBE482C909A4A2716AB4,PM10,SOURCE_RELATION_MISSING,GYGL仅为工业锅炉类别且企业有多台锅炉；补齐本锅炉与治理设施对应关系
SRC-RAW-DBE482C909A4A2716AB4,PM2.5,SOURCE_RELATION_MISSING,GYGL仅为工业锅炉类别且企业有多台锅炉；补齐本锅炉与治理设施对应关系
SRC-RAW-DBE482C909A4A2716AB4,NH3,SOURCE_RELATION_MISSING,工业锅炉类别脱硝设施对应多台锅炉；补齐设备—脱硝设施关系
SRC-RAW-DBE482C909A4A2716AB4,NH3,POLLUTANT_PARAMETER_MISSING,补齐脱硝SCR/SNCR工艺，表E.1按煤计的氨因子不能据设施名称选定
SRC-RAW-DBE482C909A4A2716AB4,NH3,factor_not_applicable,表E.1氨因子分母为煤，当前燃料天然气不具备可直接使用的氨因子；提供适用因子或实测氨排放
SRC-RAW-A8FF38A5E87A9F16A717,NOx,SOURCE_RELATION_MISSING,GYGL仅为工业锅炉类别且企业有多台锅炉；补齐本锅炉与治理设施对应关系
SRC-RAW-A8FF38A5E87A9F16A717,PM10,SOURCE_RELATION_MISSING,GYGL仅为工业锅炉类别且企业有多台锅炉；补齐本锅炉与治理设施对应关系
SRC-RAW-A8FF38A5E87A9F16A717,PM2.5,SOURCE_RELATION_MISSING,GYGL仅为工业锅炉类别且企业有多台锅炉；补齐本锅炉与治理设施对应关系
SRC-RAW-A8FF38A5E87A9F16A717,NH3,SOURCE_RELATION_MISSING,工业锅炉类别脱硝设施对应多台锅炉；补齐设备—脱硝设施关系
SRC-RAW-A8FF38A5E87A9F16A717,NH3,POLLUTANT_PARAMETER_MISSING,补齐脱硝SCR/SNCR工艺，表E.1按煤计的氨因子不能据设施名称选定
SRC-RAW-A8FF38A5E87A9F16A717,NH3,factor_not_applicable,表E.1氨因子分母为煤，当前燃料天然气不具备可直接使用的氨因子；提供适用因子或实测氨排放
SRC-RAW-E5134FD2DBA745E99521,PM10,SOURCE_RELATION_MISSING,GYGL仅为工业锅炉类别且企业有多台锅炉；补齐本锅炉与治理设施对应关系
SRC-RAW-E5134FD2DBA745E99521,PM2.5,SOURCE_RELATION_MISSING,GYGL仅为工业锅炉类别且企业有多台锅炉；补齐本锅炉与治理设施对应关系
SRC-RAW-F505DFCAAED330A413F0,PM10,SOURCE_RELATION_MISSING,GYGL仅为工业锅炉类别且企业有多台锅炉；补齐本锅炉与治理设施对应关系
SRC-RAW-F505DFCAAED330A413F0,PM2.5,SOURCE_RELATION_MISSING,GYGL仅为工业锅炉类别且企业有多台锅炉；补齐本锅炉与治理设施对应关系
SRC-RAW-C2B96A192546A503D0B6,NOx,POLLUTANT_PARAMETER_MISSING,是否采用低氮燃烧技术缺失；确认后选取NOx控制参数
SRC-RAW-0E136B6ED278D2B88251,NOx,SOURCE_RELATION_MISSING,GYGL仅为工业锅炉类别且企业有多台锅炉；补齐本锅炉与治理设施对应关系
SRC-RAW-0E136B6ED278D2B88251,PM10,SOURCE_RELATION_MISSING,GYGL仅为工业锅炉类别且企业有多台锅炉；补齐本锅炉与治理设施对应关系
SRC-RAW-0E136B6ED278D2B88251,PM2.5,SOURCE_RELATION_MISSING,GYGL仅为工业锅炉类别且企业有多台锅炉；补齐本锅炉与治理设施对应关系
SRC-RAW-0E136B6ED278D2B88251,NH3,SOURCE_RELATION_MISSING,工业锅炉类别脱硝设施对应多台锅炉；补齐设备—脱硝设施关系
SRC-RAW-0E136B6ED278D2B88251,NH3,POLLUTANT_PARAMETER_MISSING,补齐脱硝SCR/SNCR工艺，表E.1按煤计的氨因子不能据设施名称选定
SRC-RAW-0E136B6ED278D2B88251,NH3,factor_not_applicable,表E.1氨因子分母为煤，当前燃料天然气不具备可直接使用的氨因子；提供适用因子或实测氨排放
SRC-RAW-003F8FA3C03F5C539C4A,SO2,SOURCE_RELATION_MISSING,GYGL仅为工业锅炉类别且企业有多台锅炉；补齐本锅炉与治理设施对应关系
SRC-RAW-003F8FA3C03F5C539C4A,NOx,SOURCE_RELATION_MISSING,GYGL仅为工业锅炉类别且企业有多台锅炉；补齐本锅炉与治理设施对应关系
SRC-RAW-003F8FA3C03F5C539C4A,PM10,SOURCE_RELATION_MISSING,GYGL仅为工业锅炉类别且企业有多台锅炉；补齐本锅炉与治理设施对应关系
SRC-RAW-003F8FA3C03F5C539C4A,PM2.5,SOURCE_RELATION_MISSING,GYGL仅为工业锅炉类别且企业有多台锅炉；补齐本锅炉与治理设施对应关系
SRC-RAW-003F8FA3C03F5C539C4A,BC,SOURCE_RELATION_MISSING,GYGL仅为工业锅炉类别且企业有多台锅炉；补齐本锅炉与治理设施对应关系
SRC-RAW-003F8FA3C03F5C539C4A,OC,SOURCE_RELATION_MISSING,GYGL仅为工业锅炉类别且企业有多台锅炉；补齐本锅炉与治理设施对应关系
SRC-RAW-003F8FA3C03F5C539C4A,NH3,SOURCE_RELATION_MISSING,工业锅炉类别脱硝设施对应多台锅炉；补齐设备—脱硝设施关系
SRC-RAW-003F8FA3C03F5C539C4A,NH3,POLLUTANT_PARAMETER_MISSING,补齐脱硝SCR/SNCR工艺，表E.1按煤计的氨因子不能据设施名称选定
SRC-RAW-003F8FA3C03F5C539C4A,NH3,factor_not_applicable,表E.1氨因子分母为煤，当前燃料柴油不具备可直接使用的氨因子；提供适用因子或实测氨排放
SRC-RAW-375A553F88BBFDA53D26,PM10,POLLUTANT_PARAMETER_MISSING,对应治理设施缺年度有效运行小时数，不能将平均效率直接当全年实际效率；补齐设施投运率；颗粒物需区分PM2.5和粗粒径效率
SRC-RAW-375A553F88BBFDA53D26,PM2.5,POLLUTANT_PARAMETER_MISSING,对应治理设施缺年度有效运行小时数，不能将平均效率直接当全年实际效率；补齐设施投运率；颗粒物需区分PM2.5和粗粒径效率
SRC-RAW-44D1F1947A0BC7AD1715,NOx,POLLUTANT_PARAMETER_MISSING,是否采用低氮燃烧技术缺失；确认后选取NOx控制参数
SRC-RAW-3D447F563FD56393747F,PM10,SOURCE_RELATION_MISSING,GYGL仅为工业锅炉类别且企业有多台锅炉；补齐本锅炉与治理设施对应关系
SRC-RAW-3D447F563FD56393747F,PM2.5,SOURCE_RELATION_MISSING,GYGL仅为工业锅炉类别且企业有多台锅炉；补齐本锅炉与治理设施对应关系
SRC-RAW-C59491EDFED61D0E73D3,PM10,SOURCE_RELATION_MISSING,GYGL仅为工业锅炉类别且企业有多台锅炉；补齐本锅炉与治理设施对应关系
SRC-RAW-C59491EDFED61D0E73D3,PM2.5,SOURCE_RELATION_MISSING,GYGL仅为工业锅炉类别且企业有多台锅炉；补齐本锅炉与治理设施对应关系
SRC-RAW-1D1203B729C6B5553336,NOx,SOURCE_RELATION_MISSING,GYGL仅为工业锅炉类别且企业有多台锅炉；补齐本锅炉与治理设施对应关系
SRC-RAW-1D1203B729C6B5553336,PM10,SOURCE_RELATION_MISSING,GYGL仅为工业锅炉类别且企业有多台锅炉；补齐本锅炉与治理设施对应关系
SRC-RAW-1D1203B729C6B5553336,PM2.5,SOURCE_RELATION_MISSING,GYGL仅为工业锅炉类别且企业有多台锅炉；补齐本锅炉与治理设施对应关系
SRC-RAW-1D1203B729C6B5553336,NH3,SOURCE_RELATION_MISSING,工业锅炉类别脱硝设施对应多台锅炉；补齐设备—脱硝设施关系
SRC-RAW-1D1203B729C6B5553336,NH3,POLLUTANT_PARAMETER_MISSING,补齐脱硝SCR/SNCR工艺，表E.1按煤计的氨因子不能据设施名称选定
SRC-RAW-1D1203B729C6B5553336,NH3,factor_not_applicable,表E.1氨因子分母为煤，当前燃料天然气不具备可直接使用的氨因子；提供适用因子或实测氨排放
SRC-RAW-4CB3D3201942C9EF181D,NOx,SOURCE_RELATION_MISSING,GYGL仅为工业锅炉类别且企业有多台锅炉；补齐本锅炉与治理设施对应关系
SRC-RAW-4CB3D3201942C9EF181D,PM10,SOURCE_RELATION_MISSING,GYGL仅为工业锅炉类别且企业有多台锅炉；补齐本锅炉与治理设施对应关系
SRC-RAW-4CB3D3201942C9EF181D,PM2.5,SOURCE_RELATION_MISSING,GYGL仅为工业锅炉类别且企业有多台锅炉；补齐本锅炉与治理设施对应关系
SRC-RAW-4CB3D3201942C9EF181D,NH3,SOURCE_RELATION_MISSING,工业锅炉类别脱硝设施对应多台锅炉；补齐设备—脱硝设施关系
SRC-RAW-4CB3D3201942C9EF181D,NH3,POLLUTANT_PARAMETER_MISSING,补齐脱硝SCR/SNCR工艺，表E.1按煤计的氨因子不能据设施名称选定
SRC-RAW-4CB3D3201942C9EF181D,NH3,factor_not_applicable,表E.1氨因子分母为煤，当前燃料天然气不具备可直接使用的氨因子；提供适用因子或实测氨排放
SRC-RAW-5907F69453F3644E857C,NOx,POLLUTANT_PARAMETER_MISSING,治理工艺及去除效率缺失；补齐后按A.1选取
SRC-RAW-5907F69453F3644E857C,NOx,POLLUTANT_PARAMETER_MISSING,对应治理设施缺年度有效运行小时数，不能将平均效率直接当全年实际效率；补齐设施投运率；颗粒物需区分PM2.5和粗粒径效率
SRC-RAW-5907F69453F3644E857C,PM10,POLLUTANT_PARAMETER_MISSING,治理工艺及去除效率缺失；补齐后按A.1选取
SRC-RAW-5907F69453F3644E857C,PM10,POLLUTANT_PARAMETER_MISSING,对应治理设施缺年度有效运行小时数，不能将平均效率直接当全年实际效率；补齐设施投运率；颗粒物需区分PM2.5和粗粒径效率
SRC-RAW-5907F69453F3644E857C,PM2.5,POLLUTANT_PARAMETER_MISSING,治理工艺及去除效率缺失；补齐后按A.1选取
SRC-RAW-5907F69453F3644E857C,PM2.5,POLLUTANT_PARAMETER_MISSING,对应治理设施缺年度有效运行小时数，不能将平均效率直接当全年实际效率；补齐设施投运率；颗粒物需区分PM2.5和粗粒径效率
SRC-RAW-5907F69453F3644E857C,NH3,POLLUTANT_PARAMETER_MISSING,补齐脱硝SCR/SNCR工艺，表E.1按煤计的氨因子不能据设施名称选定
SRC-RAW-5907F69453F3644E857C,NH3,factor_not_applicable,表E.1氨因子分母为煤，当前燃料天然气不具备可直接使用的氨因子；提供适用因子或实测氨排放
SRC-RAW-AF284D3E3A01AEDDE29F,NOx,POLLUTANT_PARAMETER_MISSING,治理工艺及去除效率缺失；补齐后按A.1选取
SRC-RAW-AF284D3E3A01AEDDE29F,NOx,POLLUTANT_PARAMETER_MISSING,对应治理设施缺年度有效运行小时数，不能将平均效率直接当全年实际效率；补齐设施投运率；颗粒物需区分PM2.5和粗粒径效率
SRC-RAW-AF284D3E3A01AEDDE29F,PM10,POLLUTANT_PARAMETER_MISSING,治理工艺及去除效率缺失；补齐后按A.1选取
SRC-RAW-AF284D3E3A01AEDDE29F,PM10,POLLUTANT_PARAMETER_MISSING,对应治理设施缺年度有效运行小时数，不能将平均效率直接当全年实际效率；补齐设施投运率；颗粒物需区分PM2.5和粗粒径效率
SRC-RAW-AF284D3E3A01AEDDE29F,PM2.5,POLLUTANT_PARAMETER_MISSING,治理工艺及去除效率缺失；补齐后按A.1选取
SRC-RAW-AF284D3E3A01AEDDE29F,PM2.5,POLLUTANT_PARAMETER_MISSING,对应治理设施缺年度有效运行小时数，不能将平均效率直接当全年实际效率；补齐设施投运率；颗粒物需区分PM2.5和粗粒径效率
SRC-RAW-AF284D3E3A01AEDDE29F,NH3,POLLUTANT_PARAMETER_MISSING,补齐脱硝SCR/SNCR工艺，表E.1按煤计的氨因子不能据设施名称选定
SRC-RAW-AF284D3E3A01AEDDE29F,NH3,factor_not_applicable,表E.1氨因子分母为煤，当前燃料天然气不具备可直接使用的氨因子；提供适用因子或实测氨排放
SRC-RAW-C92A6E51F7F310987024,SO2,SOURCE_RELATION_MISSING,GYGL仅为工业锅炉类别且企业有多台锅炉；补齐本锅炉与治理设施对应关系
SRC-RAW-C92A6E51F7F310987024,PM10,SOURCE_RELATION_MISSING,GYGL仅为工业锅炉类别且企业有多台锅炉；补齐本锅炉与治理设施对应关系
SRC-RAW-C92A6E51F7F310987024,PM2.5,SOURCE_RELATION_MISSING,GYGL仅为工业锅炉类别且企业有多台锅炉；补齐本锅炉与治理设施对应关系
SRC-RAW-C92A6E51F7F310987024,BC,SOURCE_RELATION_MISSING,GYGL仅为工业锅炉类别且企业有多台锅炉；补齐本锅炉与治理设施对应关系
SRC-RAW-C92A6E51F7F310987024,OC,SOURCE_RELATION_MISSING,GYGL仅为工业锅炉类别且企业有多台锅炉；补齐本锅炉与治理设施对应关系
SRC-RAW-CE555635AE9F9797CA9F,SO2,SOURCE_RELATION_MISSING,GYGL仅为工业锅炉类别且企业有多台锅炉；补齐本锅炉与治理设施对应关系
SRC-RAW-CE555635AE9F9797CA9F,PM10,SOURCE_RELATION_MISSING,GYGL仅为工业锅炉类别且企业有多台锅炉；补齐本锅炉与治理设施对应关系
SRC-RAW-CE555635AE9F9797CA9F,PM2.5,SOURCE_RELATION_MISSING,GYGL仅为工业锅炉类别且企业有多台锅炉；补齐本锅炉与治理设施对应关系
SRC-RAW-CE555635AE9F9797CA9F,BC,SOURCE_RELATION_MISSING,GYGL仅为工业锅炉类别且企业有多台锅炉；补齐本锅炉与治理设施对应关系
SRC-RAW-CE555635AE9F9797CA9F,OC,SOURCE_RELATION_MISSING,GYGL仅为工业锅炉类别且企业有多台锅炉；补齐本锅炉与治理设施对应关系
SRC-RAW-8C7CFB9302893E739481,NOx,SOURCE_RELATION_MISSING,GYGL仅为工业锅炉类别且企业有多台锅炉；补齐本锅炉与治理设施对应关系
SRC-RAW-8C7CFB9302893E739481,PM10,SOURCE_RELATION_MISSING,GYGL仅为工业锅炉类别且企业有多台锅炉；补齐本锅炉与治理设施对应关系
SRC-RAW-8C7CFB9302893E739481,PM2.5,SOURCE_RELATION_MISSING,GYGL仅为工业锅炉类别且企业有多台锅炉；补齐本锅炉与治理设施对应关系
SRC-RAW-8C7CFB9302893E739481,BC,SOURCE_RELATION_MISSING,GYGL仅为工业锅炉类别且企业有多台锅炉；补齐本锅炉与治理设施对应关系
SRC-RAW-8C7CFB9302893E739481,OC,SOURCE_RELATION_MISSING,GYGL仅为工业锅炉类别且企业有多台锅炉；补齐本锅炉与治理设施对应关系
SRC-RAW-8C7CFB9302893E739481,NH3,SOURCE_RELATION_MISSING,工业锅炉类别脱硝设施对应多台锅炉；补齐设备—脱硝设施关系
SRC-RAW-8C7CFB9302893E739481,NH3,POLLUTANT_PARAMETER_MISSING,补齐脱硝SCR/SNCR工艺，表E.1按煤计的氨因子不能据设施名称选定
SRC-RAW-8C7CFB9302893E739481,NH3,factor_not_applicable,表E.1氨因子分母为煤，当前燃料液化石油气不具备可直接使用的氨因子；提供适用因子或实测氨排放
SRC-RAW-E13E246F3B8265A977C8,NOx,SOURCE_RELATION_MISSING,GYGL仅为工业锅炉类别且企业有多台锅炉；补齐本锅炉与治理设施对应关系
SRC-RAW-E13E246F3B8265A977C8,PM10,SOURCE_RELATION_MISSING,GYGL仅为工业锅炉类别且企业有多台锅炉；补齐本锅炉与治理设施对应关系
SRC-RAW-E13E246F3B8265A977C8,PM2.5,SOURCE_RELATION_MISSING,GYGL仅为工业锅炉类别且企业有多台锅炉；补齐本锅炉与治理设施对应关系
SRC-RAW-E13E246F3B8265A977C8,BC,SOURCE_RELATION_MISSING,GYGL仅为工业锅炉类别且企业有多台锅炉；补齐本锅炉与治理设施对应关系
SRC-RAW-E13E246F3B8265A977C8,OC,SOURCE_RELATION_MISSING,GYGL仅为工业锅炉类别且企业有多台锅炉；补齐本锅炉与治理设施对应关系
SRC-RAW-E13E246F3B8265A977C8,NH3,SOURCE_RELATION_MISSING,工业锅炉类别脱硝设施对应多台锅炉；补齐设备—脱硝设施关系
SRC-RAW-E13E246F3B8265A977C8,NH3,POLLUTANT_PARAMETER_MISSING,补齐脱硝SCR/SNCR工艺，表E.1按煤计的氨因子不能据设施名称选定
SRC-RAW-E13E246F3B8265A977C8,NH3,factor_not_applicable,表E.1氨因子分母为煤，当前燃料液化石油气不具备可直接使用的氨因子；提供适用因子或实测氨排放
SRC-RAW-EA2D0B3452BDA7166081,NOx,SOURCE_RELATION_MISSING,GYGL仅为工业锅炉类别且企业有多台锅炉；补齐本锅炉与治理设施对应关系
SRC-RAW-EA2D0B3452BDA7166081,PM10,SOURCE_RELATION_MISSING,GYGL仅为工业锅炉类别且企业有多台锅炉；补齐本锅炉与治理设施对应关系
SRC-RAW-EA2D0B3452BDA7166081,PM2.5,SOURCE_RELATION_MISSING,GYGL仅为工业锅炉类别且企业有多台锅炉；补齐本锅炉与治理设施对应关系
SRC-RAW-EA2D0B3452BDA7166081,NH3,SOURCE_RELATION_MISSING,工业锅炉类别脱硝设施对应多台锅炉；补齐设备—脱硝设施关系
SRC-RAW-EA2D0B3452BDA7166081,NH3,POLLUTANT_PARAMETER_MISSING,补齐脱硝SCR/SNCR工艺，表E.1按煤计的氨因子不能据设施名称选定
SRC-RAW-EA2D0B3452BDA7166081,NH3,factor_not_applicable,表E.1氨因子分母为煤，当前燃料天然气不具备可直接使用的氨因子；提供适用因子或实测氨排放
SRC-RAW-8F3B3285E68C5A270956,PM10,POLLUTANT_PARAMETER_MISSING,对应治理设施缺年度有效运行小时数，不能将平均效率直接当全年实际效率；补齐设施投运率；颗粒物需区分PM2.5和粗粒径效率
SRC-RAW-8F3B3285E68C5A270956,PM2.5,POLLUTANT_PARAMETER_MISSING,对应治理设施缺年度有效运行小时数，不能将平均效率直接当全年实际效率；补齐设施投运率；颗粒物需区分PM2.5和粗粒径效率
SRC-RAW-8F3B3285E68C5A270956,BC,POLLUTANT_PARAMETER_MISSING,对应治理设施缺年度有效运行小时数，不能将平均效率直接当全年实际效率；补齐设施投运率；颗粒物需区分PM2.5和粗粒径效率
SRC-RAW-8F3B3285E68C5A270956,OC,POLLUTANT_PARAMETER_MISSING,对应治理设施缺年度有效运行小时数，不能将平均效率直接当全年实际效率；补齐设施投运率；颗粒物需区分PM2.5和粗粒径效率
SRC-RAW-57142DC32337D97DC9E7,PM10,POLLUTANT_PARAMETER_MISSING,对应治理设施缺年度有效运行小时数，不能将平均效率直接当全年实际效率；补齐设施投运率；颗粒物需区分PM2.5和粗粒径效率
SRC-RAW-57142DC32337D97DC9E7,PM2.5,POLLUTANT_PARAMETER_MISSING,对应治理设施缺年度有效运行小时数，不能将平均效率直接当全年实际效率；补齐设施投运率；颗粒物需区分PM2.5和粗粒径效率
SRC-RAW-ED440CB35376BC8693C2,SO2,SOURCE_RELATION_MISSING,GYGL仅为工业锅炉类别且企业有多台锅炉；补齐本锅炉与治理设施对应关系
SRC-RAW-ED440CB35376BC8693C2,PM10,SOURCE_RELATION_MISSING,GYGL仅为工业锅炉类别且企业有多台锅炉；补齐本锅炉与治理设施对应关系
SRC-RAW-ED440CB35376BC8693C2,PM2.5,SOURCE_RELATION_MISSING,GYGL仅为工业锅炉类别且企业有多台锅炉；补齐本锅炉与治理设施对应关系
SRC-RAW-ED440CB35376BC8693C2,BC,SOURCE_RELATION_MISSING,GYGL仅为工业锅炉类别且企业有多台锅炉；补齐本锅炉与治理设施对应关系
SRC-RAW-ED440CB35376BC8693C2,OC,SOURCE_RELATION_MISSING,GYGL仅为工业锅炉类别且企业有多台锅炉；补齐本锅炉与治理设施对应关系
SRC-RAW-02DDE5F9F42821FA0A4C,SO2,SOURCE_RELATION_MISSING,GYGL仅为工业锅炉类别且企业有多台锅炉；补齐本锅炉与治理设施对应关系
SRC-RAW-02DDE5F9F42821FA0A4C,PM10,SOURCE_RELATION_MISSING,GYGL仅为工业锅炉类别且企业有多台锅炉；补齐本锅炉与治理设施对应关系
SRC-RAW-02DDE5F9F42821FA0A4C,PM2.5,SOURCE_RELATION_MISSING,GYGL仅为工业锅炉类别且企业有多台锅炉；补齐本锅炉与治理设施对应关系
SRC-RAW-02DDE5F9F42821FA0A4C,BC,SOURCE_RELATION_MISSING,GYGL仅为工业锅炉类别且企业有多台锅炉；补齐本锅炉与治理设施对应关系
SRC-RAW-02DDE5F9F42821FA0A4C,OC,SOURCE_RELATION_MISSING,GYGL仅为工业锅炉类别且企业有多台锅炉；补齐本锅炉与治理设施对应关系
SRC-RAW-657AFF41CE2A846CD091,NOx,POLLUTANT_PARAMETER_MISSING,对应治理设施缺年度有效运行小时数，不能将平均效率直接当全年实际效率；补齐设施投运率；颗粒物需区分PM2.5和粗粒径效率
SRC-RAW-657AFF41CE2A846CD091,PM10,POLLUTANT_PARAMETER_MISSING,对应治理设施缺年度有效运行小时数，不能将平均效率直接当全年实际效率；补齐设施投运率；颗粒物需区分PM2.5和粗粒径效率
SRC-RAW-657AFF41CE2A846CD091,PM2.5,POLLUTANT_PARAMETER_MISSING,对应治理设施缺年度有效运行小时数，不能将平均效率直接当全年实际效率；补齐设施投运率；颗粒物需区分PM2.5和粗粒径效率
SRC-RAW-657AFF41CE2A846CD091,NH3,POLLUTANT_PARAMETER_MISSING,补齐脱硝SCR/SNCR工艺，表E.1按煤计的氨因子不能据设施名称选定
SRC-RAW-657AFF41CE2A846CD091,NH3,factor_not_applicable,表E.1氨因子分母为煤，当前燃料天然气不具备可直接使用的氨因子；提供适用因子或实测氨排放
SRC-RAW-36BCCB0824DA7C367CEB,NOx,SOURCE_RELATION_MISSING,GYGL仅为工业锅炉类别且企业有多台锅炉；补齐本锅炉与治理设施对应关系
SRC-RAW-36BCCB0824DA7C367CEB,PM10,SOURCE_RELATION_MISSING,GYGL仅为工业锅炉类别且企业有多台锅炉；补齐本锅炉与治理设施对应关系
SRC-RAW-36BCCB0824DA7C367CEB,PM2.5,SOURCE_RELATION_MISSING,GYGL仅为工业锅炉类别且企业有多台锅炉；补齐本锅炉与治理设施对应关系
SRC-RAW-36BCCB0824DA7C367CEB,NH3,SOURCE_RELATION_MISSING,工业锅炉类别脱硝设施对应多台锅炉；补齐设备—脱硝设施关系
SRC-RAW-36BCCB0824DA7C367CEB,NH3,POLLUTANT_PARAMETER_MISSING,补齐脱硝SCR/SNCR工艺，表E.1按煤计的氨因子不能据设施名称选定
SRC-RAW-36BCCB0824DA7C367CEB,NH3,factor_not_applicable,表E.1氨因子分母为煤，当前燃料天然气不具备可直接使用的氨因子；提供适用因子或实测氨排放
SRC-RAW-8549DFFDFD9EB300F77D,PM10,POLLUTANT_PARAMETER_MISSING,治理工艺及去除效率缺失；补齐后按A.1选取
SRC-RAW-8549DFFDFD9EB300F77D,PM10,POLLUTANT_PARAMETER_MISSING,对应治理设施缺年度有效运行小时数，不能将平均效率直接当全年实际效率；补齐设施投运率；颗粒物需区分PM2.5和粗粒径效率
SRC-RAW-8549DFFDFD9EB300F77D,PM2.5,POLLUTANT_PARAMETER_MISSING,治理工艺及去除效率缺失；补齐后按A.1选取
SRC-RAW-8549DFFDFD9EB300F77D,PM2.5,POLLUTANT_PARAMETER_MISSING,对应治理设施缺年度有效运行小时数，不能将平均效率直接当全年实际效率；补齐设施投运率；颗粒物需区分PM2.5和粗粒径效率
SRC-RAW-8549DFFDFD9EB300F77D,BC,POLLUTANT_PARAMETER_MISSING,治理工艺及去除效率缺失；补齐后按A.1选取
SRC-RAW-8549DFFDFD9EB300F77D,BC,POLLUTANT_PARAMETER_MISSING,对应治理设施缺年度有效运行小时数，不能将平均效率直接当全年实际效率；补齐设施投运率；颗粒物需区分PM2.5和粗粒径效率
SRC-RAW-8549DFFDFD9EB300F77D,OC,POLLUTANT_PARAMETER_MISSING,治理工艺及去除效率缺失；补齐后按A.1选取
SRC-RAW-8549DFFDFD9EB300F77D,OC,POLLUTANT_PARAMETER_MISSING,对应治理设施缺年度有效运行小时数，不能将平均效率直接当全年实际效率；补齐设施投运率；颗粒物需区分PM2.5和粗粒径效率
SRC-RAW-A56B49E2585F06A1FC2A,NOx,SOURCE_RELATION_MISSING,GYGL仅为工业锅炉类别且企业有多台锅炉；补齐本锅炉与治理设施对应关系
SRC-RAW-A56B49E2585F06A1FC2A,PM10,SOURCE_RELATION_MISSING,GYGL仅为工业锅炉类别且企业有多台锅炉；补齐本锅炉与治理设施对应关系
SRC-RAW-A56B49E2585F06A1FC2A,PM2.5,SOURCE_RELATION_MISSING,GYGL仅为工业锅炉类别且企业有多台锅炉；补齐本锅炉与治理设施对应关系
SRC-RAW-A56B49E2585F06A1FC2A,NH3,SOURCE_RELATION_MISSING,工业锅炉类别脱硝设施对应多台锅炉；补齐设备—脱硝设施关系
SRC-RAW-A56B49E2585F06A1FC2A,NH3,POLLUTANT_PARAMETER_MISSING,补齐脱硝SCR/SNCR工艺，表E.1按煤计的氨因子不能据设施名称选定
SRC-RAW-A56B49E2585F06A1FC2A,NH3,factor_not_applicable,表E.1氨因子分母为煤，当前燃料天然气不具备可直接使用的氨因子；提供适用因子或实测氨排放
SRC-RAW-00E7BEC8F8799AA05E4A,PM10,POLLUTANT_PARAMETER_MISSING,对应治理设施缺年度有效运行小时数，不能将平均效率直接当全年实际效率；补齐设施投运率；颗粒物需区分PM2.5和粗粒径效率
SRC-RAW-00E7BEC8F8799AA05E4A,PM2.5,POLLUTANT_PARAMETER_MISSING,对应治理设施缺年度有效运行小时数，不能将平均效率直接当全年实际效率；补齐设施投运率；颗粒物需区分PM2.5和粗粒径效率
SRC-RAW-00E7BEC8F8799AA05E4A,BC,POLLUTANT_PARAMETER_MISSING,对应治理设施缺年度有效运行小时数，不能将平均效率直接当全年实际效率；补齐设施投运率；颗粒物需区分PM2.5和粗粒径效率
SRC-RAW-00E7BEC8F8799AA05E4A,OC,POLLUTANT_PARAMETER_MISSING,对应治理设施缺年度有效运行小时数，不能将平均效率直接当全年实际效率；补齐设施投运率；颗粒物需区分PM2.5和粗粒径效率
SRC-RAW-E132E3D1CD1C1CB39CF0,NOx,SOURCE_RELATION_MISSING,GYGL仅为工业锅炉类别且企业有多台锅炉；补齐本锅炉与治理设施对应关系
SRC-RAW-E132E3D1CD1C1CB39CF0,PM10,SOURCE_RELATION_MISSING,GYGL仅为工业锅炉类别且企业有多台锅炉；补齐本锅炉与治理设施对应关系
SRC-RAW-E132E3D1CD1C1CB39CF0,PM2.5,SOURCE_RELATION_MISSING,GYGL仅为工业锅炉类别且企业有多台锅炉；补齐本锅炉与治理设施对应关系
SRC-RAW-E132E3D1CD1C1CB39CF0,NH3,SOURCE_RELATION_MISSING,工业锅炉类别脱硝设施对应多台锅炉；补齐设备—脱硝设施关系
SRC-RAW-E132E3D1CD1C1CB39CF0,NH3,POLLUTANT_PARAMETER_MISSING,补齐脱硝SCR/SNCR工艺，表E.1按煤计的氨因子不能据设施名称选定
SRC-RAW-E132E3D1CD1C1CB39CF0,NH3,factor_not_applicable,表E.1氨因子分母为煤，当前燃料天然气不具备可直接使用的氨因子；提供适用因子或实测氨排放
SRC-RAW-EF609B8525A2A41610AC,NOx,SOURCE_RELATION_MISSING,GYGL仅为工业锅炉类别且企业有多台锅炉；补齐本锅炉与治理设施对应关系
SRC-RAW-EF609B8525A2A41610AC,PM10,SOURCE_RELATION_MISSING,GYGL仅为工业锅炉类别且企业有多台锅炉；补齐本锅炉与治理设施对应关系
SRC-RAW-EF609B8525A2A41610AC,PM2.5,SOURCE_RELATION_MISSING,GYGL仅为工业锅炉类别且企业有多台锅炉；补齐本锅炉与治理设施对应关系
SRC-RAW-EF609B8525A2A41610AC,NH3,SOURCE_RELATION_MISSING,工业锅炉类别脱硝设施对应多台锅炉；补齐设备—脱硝设施关系
SRC-RAW-EF609B8525A2A41610AC,NH3,POLLUTANT_PARAMETER_MISSING,补齐脱硝SCR/SNCR工艺，表E.1按煤计的氨因子不能据设施名称选定
SRC-RAW-EF609B8525A2A41610AC,NH3,factor_not_applicable,表E.1氨因子分母为煤，当前燃料天然气不具备可直接使用的氨因子；提供适用因子或实测氨排放
SRC-RAW-CBC358FEF4034CF21716,NOx,SOURCE_RELATION_MISSING,GYGL仅为工业锅炉类别且企业有多台锅炉；补齐本锅炉与治理设施对应关系
SRC-RAW-CBC358FEF4034CF21716,PM10,SOURCE_RELATION_MISSING,GYGL仅为工业锅炉类别且企业有多台锅炉；补齐本锅炉与治理设施对应关系
SRC-RAW-CBC358FEF4034CF21716,PM2.5,SOURCE_RELATION_MISSING,GYGL仅为工业锅炉类别且企业有多台锅炉；补齐本锅炉与治理设施对应关系
SRC-RAW-CBC358FEF4034CF21716,NH3,SOURCE_RELATION_MISSING,工业锅炉类别脱硝设施对应多台锅炉；补齐设备—脱硝设施关系
SRC-RAW-CBC358FEF4034CF21716,NH3,POLLUTANT_PARAMETER_MISSING,补齐脱硝SCR/SNCR工艺，表E.1按煤计的氨因子不能据设施名称选定
SRC-RAW-CBC358FEF4034CF21716,NH3,factor_not_applicable,表E.1氨因子分母为煤，当前燃料天然气不具备可直接使用的氨因子；提供适用因子或实测氨排放
SRC-RAW-35B4517F15B3ADB08B9D,NOx,SOURCE_RELATION_MISSING,GYGL仅为工业锅炉类别且企业有多台锅炉；补齐本锅炉与治理设施对应关系
SRC-RAW-35B4517F15B3ADB08B9D,PM10,SOURCE_RELATION_MISSING,GYGL仅为工业锅炉类别且企业有多台锅炉；补齐本锅炉与治理设施对应关系
SRC-RAW-35B4517F15B3ADB08B9D,PM2.5,SOURCE_RELATION_MISSING,GYGL仅为工业锅炉类别且企业有多台锅炉；补齐本锅炉与治理设施对应关系
SRC-RAW-35B4517F15B3ADB08B9D,NH3,SOURCE_RELATION_MISSING,工业锅炉类别脱硝设施对应多台锅炉；补齐设备—脱硝设施关系
SRC-RAW-35B4517F15B3ADB08B9D,NH3,POLLUTANT_PARAMETER_MISSING,补齐脱硝SCR/SNCR工艺，表E.1按煤计的氨因子不能据设施名称选定
SRC-RAW-35B4517F15B3ADB08B9D,NH3,factor_not_applicable,表E.1氨因子分母为煤，当前燃料天然气不具备可直接使用的氨因子；提供适用因子或实测氨排放
SRC-RAW-1A26FA9666A73EAC586F,NOx,SOURCE_RELATION_MISSING,GYGL仅为工业锅炉类别且企业有多台锅炉；补齐本锅炉与治理设施对应关系
SRC-RAW-1A26FA9666A73EAC586F,PM10,SOURCE_RELATION_MISSING,GYGL仅为工业锅炉类别且企业有多台锅炉；补齐本锅炉与治理设施对应关系
SRC-RAW-1A26FA9666A73EAC586F,PM2.5,SOURCE_RELATION_MISSING,GYGL仅为工业锅炉类别且企业有多台锅炉；补齐本锅炉与治理设施对应关系
SRC-RAW-1A26FA9666A73EAC586F,NH3,SOURCE_RELATION_MISSING,工业锅炉类别脱硝设施对应多台锅炉；补齐设备—脱硝设施关系
SRC-RAW-1A26FA9666A73EAC586F,NH3,POLLUTANT_PARAMETER_MISSING,补齐脱硝SCR/SNCR工艺，表E.1按煤计的氨因子不能据设施名称选定
SRC-RAW-1A26FA9666A73EAC586F,NH3,factor_not_applicable,表E.1氨因子分母为煤，当前燃料天然气不具备可直接使用的氨因子；提供适用因子或实测氨排放
SRC-RAW-5C3A139121140495A388,NOx,SOURCE_RELATION_MISSING,GYGL仅为工业锅炉类别且企业有多台锅炉；补齐本锅炉与治理设施对应关系
SRC-RAW-5C3A139121140495A388,PM10,SOURCE_RELATION_MISSING,GYGL仅为工业锅炉类别且企业有多台锅炉；补齐本锅炉与治理设施对应关系
SRC-RAW-5C3A139121140495A388,PM2.5,SOURCE_RELATION_MISSING,GYGL仅为工业锅炉类别且企业有多台锅炉；补齐本锅炉与治理设施对应关系
SRC-RAW-5C3A139121140495A388,NH3,SOURCE_RELATION_MISSING,工业锅炉类别脱硝设施对应多台锅炉；补齐设备—脱硝设施关系
SRC-RAW-5C3A139121140495A388,NH3,POLLUTANT_PARAMETER_MISSING,补齐脱硝SCR/SNCR工艺，表E.1按煤计的氨因子不能据设施名称选定
SRC-RAW-5C3A139121140495A388,NH3,factor_not_applicable,表E.1氨因子分母为煤，当前燃料天然气不具备可直接使用的氨因子；提供适用因子或实测氨排放
SRC-RAW-3A804BBA1704B5A988A3,NOx,SOURCE_RELATION_MISSING,GYGL仅为工业锅炉类别且企业有多台锅炉；补齐本锅炉与治理设施对应关系
SRC-RAW-3A804BBA1704B5A988A3,PM10,SOURCE_RELATION_MISSING,GYGL仅为工业锅炉类别且企业有多台锅炉；补齐本锅炉与治理设施对应关系
SRC-RAW-3A804BBA1704B5A988A3,PM2.5,SOURCE_RELATION_MISSING,GYGL仅为工业锅炉类别且企业有多台锅炉；补齐本锅炉与治理设施对应关系
SRC-RAW-3A804BBA1704B5A988A3,NH3,SOURCE_RELATION_MISSING,工业锅炉类别脱硝设施对应多台锅炉；补齐设备—脱硝设施关系
SRC-RAW-3A804BBA1704B5A988A3,NH3,POLLUTANT_PARAMETER_MISSING,补齐脱硝SCR/SNCR工艺，表E.1按煤计的氨因子不能据设施名称选定
SRC-RAW-3A804BBA1704B5A988A3,NH3,factor_not_applicable,表E.1氨因子分母为煤，当前燃料天然气不具备可直接使用的氨因子；提供适用因子或实测氨排放
SRC-RAW-872F6190ACC778432063,SO2,SOURCE_RELATION_MISSING,GYGL仅为工业锅炉类别且企业有多台锅炉；补齐本锅炉与治理设施对应关系
SRC-RAW-872F6190ACC778432063,PM10,SOURCE_RELATION_MISSING,GYGL仅为工业锅炉类别且企业有多台锅炉；补齐本锅炉与治理设施对应关系
SRC-RAW-872F6190ACC778432063,PM2.5,SOURCE_RELATION_MISSING,GYGL仅为工业锅炉类别且企业有多台锅炉；补齐本锅炉与治理设施对应关系
SRC-RAW-872F6190ACC778432063,BC,SOURCE_RELATION_MISSING,GYGL仅为工业锅炉类别且企业有多台锅炉；补齐本锅炉与治理设施对应关系
SRC-RAW-872F6190ACC778432063,OC,SOURCE_RELATION_MISSING,GYGL仅为工业锅炉类别且企业有多台锅炉；补齐本锅炉与治理设施对应关系
SRC-RAW-6D24301ECC1E21094090,SO2,SOURCE_RELATION_MISSING,GYGL仅为工业锅炉类别且企业有多台锅炉；补齐本锅炉与治理设施对应关系
SRC-RAW-6D24301ECC1E21094090,PM10,SOURCE_RELATION_MISSING,GYGL仅为工业锅炉类别且企业有多台锅炉；补齐本锅炉与治理设施对应关系
SRC-RAW-6D24301ECC1E21094090,PM2.5,SOURCE_RELATION_MISSING,GYGL仅为工业锅炉类别且企业有多台锅炉；补齐本锅炉与治理设施对应关系
SRC-RAW-6D24301ECC1E21094090,BC,SOURCE_RELATION_MISSING,GYGL仅为工业锅炉类别且企业有多台锅炉；补齐本锅炉与治理设施对应关系
SRC-RAW-6D24301ECC1E21094090,OC,SOURCE_RELATION_MISSING,GYGL仅为工业锅炉类别且企业有多台锅炉；补齐本锅炉与治理设施对应关系
SRC-RAW-3150B8B6519B41C9536C,NOx,SOURCE_RELATION_MISSING,GYGL仅为工业锅炉类别且企业有多台锅炉；补齐本锅炉与治理设施对应关系
SRC-RAW-3150B8B6519B41C9536C,PM10,SOURCE_RELATION_MISSING,GYGL仅为工业锅炉类别且企业有多台锅炉；补齐本锅炉与治理设施对应关系
SRC-RAW-3150B8B6519B41C9536C,PM2.5,SOURCE_RELATION_MISSING,GYGL仅为工业锅炉类别且企业有多台锅炉；补齐本锅炉与治理设施对应关系
SRC-RAW-3150B8B6519B41C9536C,NH3,SOURCE_RELATION_MISSING,工业锅炉类别脱硝设施对应多台锅炉；补齐设备—脱硝设施关系
SRC-RAW-3150B8B6519B41C9536C,NH3,POLLUTANT_PARAMETER_MISSING,补齐脱硝SCR/SNCR工艺，表E.1按煤计的氨因子不能据设施名称选定
SRC-RAW-3150B8B6519B41C9536C,NH3,factor_not_applicable,表E.1氨因子分母为煤，当前燃料天然气不具备可直接使用的氨因子；提供适用因子或实测氨排放
SRC-RAW-9E944AB5AD3C16C604CF,NOx,SOURCE_RELATION_MISSING,GYGL仅为工业锅炉类别且企业有多台锅炉；补齐本锅炉与治理设施对应关系
SRC-RAW-9E944AB5AD3C16C604CF,PM10,SOURCE_RELATION_MISSING,GYGL仅为工业锅炉类别且企业有多台锅炉；补齐本锅炉与治理设施对应关系
SRC-RAW-9E944AB5AD3C16C604CF,PM2.5,SOURCE_RELATION_MISSING,GYGL仅为工业锅炉类别且企业有多台锅炉；补齐本锅炉与治理设施对应关系
SRC-RAW-9E944AB5AD3C16C604CF,NH3,SOURCE_RELATION_MISSING,工业锅炉类别脱硝设施对应多台锅炉；补齐设备—脱硝设施关系
SRC-RAW-9E944AB5AD3C16C604CF,NH3,POLLUTANT_PARAMETER_MISSING,补齐脱硝SCR/SNCR工艺，表E.1按煤计的氨因子不能据设施名称选定
SRC-RAW-9E944AB5AD3C16C604CF,NH3,factor_not_applicable,表E.1氨因子分母为煤，当前燃料天然气不具备可直接使用的氨因子；提供适用因子或实测氨排放
SRC-RAW-DC92EAEAEA4ED4973A23,NOx,SOURCE_RELATION_MISSING,GYGL仅为工业锅炉类别且企业有多台锅炉；补齐本锅炉与治理设施对应关系
SRC-RAW-DC92EAEAEA4ED4973A23,PM10,SOURCE_RELATION_MISSING,GYGL仅为工业锅炉类别且企业有多台锅炉；补齐本锅炉与治理设施对应关系
SRC-RAW-DC92EAEAEA4ED4973A23,PM2.5,SOURCE_RELATION_MISSING,GYGL仅为工业锅炉类别且企业有多台锅炉；补齐本锅炉与治理设施对应关系
SRC-RAW-DC92EAEAEA4ED4973A23,NH3,SOURCE_RELATION_MISSING,工业锅炉类别脱硝设施对应多台锅炉；补齐设备—脱硝设施关系
SRC-RAW-DC92EAEAEA4ED4973A23,NH3,POLLUTANT_PARAMETER_MISSING,补齐脱硝SCR/SNCR工艺，表E.1按煤计的氨因子不能据设施名称选定
SRC-RAW-DC92EAEAEA4ED4973A23,NH3,factor_not_applicable,表E.1氨因子分母为煤，当前燃料天然气不具备可直接使用的氨因子；提供适用因子或实测氨排放
SRC-RAW-8D95AD6EB9A6CE348150,SO2,POLLUTANT_PARAMETER_MISSING,对应治理设施缺年度有效运行小时数，不能将平均效率直接当全年实际效率；补齐设施投运率；颗粒物需区分PM2.5和粗粒径效率
SRC-RAW-8D95AD6EB9A6CE348150,PM10,POLLUTANT_PARAMETER_MISSING,对应治理设施缺年度有效运行小时数，不能将平均效率直接当全年实际效率；补齐设施投运率；颗粒物需区分PM2.5和粗粒径效率
SRC-RAW-8D95AD6EB9A6CE348150,PM2.5,POLLUTANT_PARAMETER_MISSING,对应治理设施缺年度有效运行小时数，不能将平均效率直接当全年实际效率；补齐设施投运率；颗粒物需区分PM2.5和粗粒径效率
SRC-RAW-8D95AD6EB9A6CE348150,BC,POLLUTANT_PARAMETER_MISSING,对应治理设施缺年度有效运行小时数，不能将平均效率直接当全年实际效率；补齐设施投运率；颗粒物需区分PM2.5和粗粒径效率
SRC-RAW-8D95AD6EB9A6CE348150,OC,POLLUTANT_PARAMETER_MISSING,对应治理设施缺年度有效运行小时数，不能将平均效率直接当全年实际效率；补齐设施投运率；颗粒物需区分PM2.5和粗粒径效率
SRC-RAW-C22CC8C49ECC35F50D9B,NOx,SOURCE_RELATION_MISSING,GYGL仅为工业锅炉类别且企业有多台锅炉；补齐本锅炉与治理设施对应关系
SRC-RAW-C22CC8C49ECC35F50D9B,PM10,SOURCE_RELATION_MISSING,GYGL仅为工业锅炉类别且企业有多台锅炉；补齐本锅炉与治理设施对应关系
SRC-RAW-C22CC8C49ECC35F50D9B,PM2.5,SOURCE_RELATION_MISSING,GYGL仅为工业锅炉类别且企业有多台锅炉；补齐本锅炉与治理设施对应关系
SRC-RAW-C22CC8C49ECC35F50D9B,NH3,SOURCE_RELATION_MISSING,工业锅炉类别脱硝设施对应多台锅炉；补齐设备—脱硝设施关系
SRC-RAW-C22CC8C49ECC35F50D9B,NH3,POLLUTANT_PARAMETER_MISSING,补齐脱硝SCR/SNCR工艺，表E.1按煤计的氨因子不能据设施名称选定
SRC-RAW-C22CC8C49ECC35F50D9B,NH3,factor_not_applicable,表E.1氨因子分母为煤，当前燃料天然气不具备可直接使用的氨因子；提供适用因子或实测氨排放
SRC-RAW-74AA9609ED38C6EA820E,NOx,SOURCE_RELATION_MISSING,GYGL仅为工业锅炉类别且企业有多台锅炉；补齐本锅炉与治理设施对应关系
SRC-RAW-74AA9609ED38C6EA820E,PM10,SOURCE_RELATION_MISSING,GYGL仅为工业锅炉类别且企业有多台锅炉；补齐本锅炉与治理设施对应关系
SRC-RAW-74AA9609ED38C6EA820E,PM2.5,SOURCE_RELATION_MISSING,GYGL仅为工业锅炉类别且企业有多台锅炉；补齐本锅炉与治理设施对应关系
SRC-RAW-74AA9609ED38C6EA820E,NH3,SOURCE_RELATION_MISSING,工业锅炉类别脱硝设施对应多台锅炉；补齐设备—脱硝设施关系
SRC-RAW-74AA9609ED38C6EA820E,NH3,POLLUTANT_PARAMETER_MISSING,补齐脱硝SCR/SNCR工艺，表E.1按煤计的氨因子不能据设施名称选定
SRC-RAW-74AA9609ED38C6EA820E,NH3,factor_not_applicable,表E.1氨因子分母为煤，当前燃料天然气不具备可直接使用的氨因子；提供适用因子或实测氨排放
SRC-RAW-3748DEF638748EDF5CA4,NOx,SOURCE_RELATION_MISSING,GYGL仅为工业锅炉类别且企业有多台锅炉；补齐本锅炉与治理设施对应关系
SRC-RAW-3748DEF638748EDF5CA4,PM10,SOURCE_RELATION_MISSING,GYGL仅为工业锅炉类别且企业有多台锅炉；补齐本锅炉与治理设施对应关系
SRC-RAW-3748DEF638748EDF5CA4,PM2.5,SOURCE_RELATION_MISSING,GYGL仅为工业锅炉类别且企业有多台锅炉；补齐本锅炉与治理设施对应关系
SRC-RAW-3748DEF638748EDF5CA4,NH3,SOURCE_RELATION_MISSING,工业锅炉类别脱硝设施对应多台锅炉；补齐设备—脱硝设施关系
SRC-RAW-3748DEF638748EDF5CA4,NH3,POLLUTANT_PARAMETER_MISSING,补齐脱硝SCR/SNCR工艺，表E.1按煤计的氨因子不能据设施名称选定
SRC-RAW-3748DEF638748EDF5CA4,NH3,factor_not_applicable,表E.1氨因子分母为煤，当前燃料天然气不具备可直接使用的氨因子；提供适用因子或实测氨排放
SRC-RAW-3F0629F4415127CDAEC5,NOx,POLLUTANT_PARAMETER_MISSING,治理工艺及去除效率缺失；补齐后按A.1选取
SRC-RAW-3F0629F4415127CDAEC5,NOx,POLLUTANT_PARAMETER_MISSING,对应治理设施缺年度有效运行小时数，不能将平均效率直接当全年实际效率；补齐设施投运率；颗粒物需区分PM2.5和粗粒径效率
SRC-RAW-3F0629F4415127CDAEC5,PM10,POLLUTANT_PARAMETER_MISSING,治理工艺及去除效率缺失；补齐后按A.1选取
SRC-RAW-3F0629F4415127CDAEC5,PM10,POLLUTANT_PARAMETER_MISSING,对应治理设施缺年度有效运行小时数，不能将平均效率直接当全年实际效率；补齐设施投运率；颗粒物需区分PM2.5和粗粒径效率
SRC-RAW-3F0629F4415127CDAEC5,PM2.5,POLLUTANT_PARAMETER_MISSING,治理工艺及去除效率缺失；补齐后按A.1选取
SRC-RAW-3F0629F4415127CDAEC5,PM2.5,POLLUTANT_PARAMETER_MISSING,对应治理设施缺年度有效运行小时数，不能将平均效率直接当全年实际效率；补齐设施投运率；颗粒物需区分PM2.5和粗粒径效率
SRC-RAW-3F0629F4415127CDAEC5,NH3,POLLUTANT_PARAMETER_MISSING,补齐脱硝SCR/SNCR工艺，表E.1按煤计的氨因子不能据设施名称选定
SRC-RAW-3F0629F4415127CDAEC5,NH3,factor_not_applicable,表E.1氨因子分母为煤，当前燃料天然气不具备可直接使用的氨因子；提供适用因子或实测氨排放
SRC-RAW-CF05CBFD9ABB2D718AD1,NOx,SOURCE_RELATION_MISSING,GYGL仅为工业锅炉类别且企业有多台锅炉；补齐本锅炉与治理设施对应关系
SRC-RAW-CF05CBFD9ABB2D718AD1,PM10,SOURCE_RELATION_MISSING,GYGL仅为工业锅炉类别且企业有多台锅炉；补齐本锅炉与治理设施对应关系
SRC-RAW-CF05CBFD9ABB2D718AD1,PM2.5,SOURCE_RELATION_MISSING,GYGL仅为工业锅炉类别且企业有多台锅炉；补齐本锅炉与治理设施对应关系
SRC-RAW-CF05CBFD9ABB2D718AD1,NH3,SOURCE_RELATION_MISSING,工业锅炉类别脱硝设施对应多台锅炉；补齐设备—脱硝设施关系
SRC-RAW-CF05CBFD9ABB2D718AD1,NH3,POLLUTANT_PARAMETER_MISSING,补齐脱硝SCR/SNCR工艺，表E.1按煤计的氨因子不能据设施名称选定
SRC-RAW-CF05CBFD9ABB2D718AD1,NH3,factor_not_applicable,表E.1氨因子分母为煤，当前燃料天然气不具备可直接使用的氨因子；提供适用因子或实测氨排放
SRC-RAW-CC39CB06954FDE5E5C0E,NOx,SOURCE_RELATION_MISSING,GYGL仅为工业锅炉类别且企业有多台锅炉；补齐本锅炉与治理设施对应关系
SRC-RAW-CC39CB06954FDE5E5C0E,PM10,SOURCE_RELATION_MISSING,GYGL仅为工业锅炉类别且企业有多台锅炉；补齐本锅炉与治理设施对应关系
SRC-RAW-CC39CB06954FDE5E5C0E,PM2.5,SOURCE_RELATION_MISSING,GYGL仅为工业锅炉类别且企业有多台锅炉；补齐本锅炉与治理设施对应关系
SRC-RAW-CC39CB06954FDE5E5C0E,NH3,SOURCE_RELATION_MISSING,工业锅炉类别脱硝设施对应多台锅炉；补齐设备—脱硝设施关系
SRC-RAW-CC39CB06954FDE5E5C0E,NH3,POLLUTANT_PARAMETER_MISSING,补齐脱硝SCR/SNCR工艺，表E.1按煤计的氨因子不能据设施名称选定
SRC-RAW-CC39CB06954FDE5E5C0E,NH3,factor_not_applicable,表E.1氨因子分母为煤，当前燃料天然气不具备可直接使用的氨因子；提供适用因子或实测氨排放
SRC-RAW-054CD73BE2DBFCF75237,NOx,SOURCE_RELATION_MISSING,GYGL仅为工业锅炉类别且企业有多台锅炉；补齐本锅炉与治理设施对应关系
SRC-RAW-054CD73BE2DBFCF75237,PM10,SOURCE_RELATION_MISSING,GYGL仅为工业锅炉类别且企业有多台锅炉；补齐本锅炉与治理设施对应关系
SRC-RAW-054CD73BE2DBFCF75237,PM2.5,SOURCE_RELATION_MISSING,GYGL仅为工业锅炉类别且企业有多台锅炉；补齐本锅炉与治理设施对应关系
SRC-RAW-054CD73BE2DBFCF75237,NH3,SOURCE_RELATION_MISSING,工业锅炉类别脱硝设施对应多台锅炉；补齐设备—脱硝设施关系
SRC-RAW-054CD73BE2DBFCF75237,NH3,POLLUTANT_PARAMETER_MISSING,补齐脱硝SCR/SNCR工艺，表E.1按煤计的氨因子不能据设施名称选定
SRC-RAW-054CD73BE2DBFCF75237,NH3,factor_not_applicable,表E.1氨因子分母为煤，当前燃料天然气不具备可直接使用的氨因子；提供适用因子或实测氨排放
SRC-RAW-9DCB4CE8C5ED9BA82B4E,NOx,SOURCE_RELATION_MISSING,GYGL仅为工业锅炉类别且企业有多台锅炉；补齐本锅炉与治理设施对应关系
SRC-RAW-9DCB4CE8C5ED9BA82B4E,PM10,SOURCE_RELATION_MISSING,GYGL仅为工业锅炉类别且企业有多台锅炉；补齐本锅炉与治理设施对应关系
SRC-RAW-9DCB4CE8C5ED9BA82B4E,PM2.5,SOURCE_RELATION_MISSING,GYGL仅为工业锅炉类别且企业有多台锅炉；补齐本锅炉与治理设施对应关系
SRC-RAW-9DCB4CE8C5ED9BA82B4E,NH3,SOURCE_RELATION_MISSING,工业锅炉类别脱硝设施对应多台锅炉；补齐设备—脱硝设施关系
SRC-RAW-9DCB4CE8C5ED9BA82B4E,NH3,POLLUTANT_PARAMETER_MISSING,补齐脱硝SCR/SNCR工艺，表E.1按煤计的氨因子不能据设施名称选定
SRC-RAW-9DCB4CE8C5ED9BA82B4E,NH3,factor_not_applicable,表E.1氨因子分母为煤，当前燃料天然气不具备可直接使用的氨因子；提供适用因子或实测氨排放
SRC-RAW-655E208165AAF43FE351,NOx,SOURCE_RELATION_MISSING,GYGL仅为工业锅炉类别且企业有多台锅炉；补齐本锅炉与治理设施对应关系
SRC-RAW-655E208165AAF43FE351,PM10,SOURCE_RELATION_MISSING,GYGL仅为工业锅炉类别且企业有多台锅炉；补齐本锅炉与治理设施对应关系
SRC-RAW-655E208165AAF43FE351,PM2.5,SOURCE_RELATION_MISSING,GYGL仅为工业锅炉类别且企业有多台锅炉；补齐本锅炉与治理设施对应关系
SRC-RAW-655E208165AAF43FE351,NH3,SOURCE_RELATION_MISSING,工业锅炉类别脱硝设施对应多台锅炉；补齐设备—脱硝设施关系
SRC-RAW-655E208165AAF43FE351,NH3,POLLUTANT_PARAMETER_MISSING,补齐脱硝SCR/SNCR工艺，表E.1按煤计的氨因子不能据设施名称选定
SRC-RAW-655E208165AAF43FE351,NH3,factor_not_applicable,表E.1氨因子分母为煤，当前燃料天然气不具备可直接使用的氨因子；提供适用因子或实测氨排放
SRC-RAW-D9DFA3F5306E2200E439,NOx,SOURCE_RELATION_MISSING,GYGL仅为工业锅炉类别且企业有多台锅炉；补齐本锅炉与治理设施对应关系
SRC-RAW-D9DFA3F5306E2200E439,PM10,SOURCE_RELATION_MISSING,GYGL仅为工业锅炉类别且企业有多台锅炉；补齐本锅炉与治理设施对应关系
SRC-RAW-D9DFA3F5306E2200E439,PM2.5,SOURCE_RELATION_MISSING,GYGL仅为工业锅炉类别且企业有多台锅炉；补齐本锅炉与治理设施对应关系
SRC-RAW-D9DFA3F5306E2200E439,NH3,SOURCE_RELATION_MISSING,工业锅炉类别脱硝设施对应多台锅炉；补齐设备—脱硝设施关系
SRC-RAW-D9DFA3F5306E2200E439,NH3,POLLUTANT_PARAMETER_MISSING,补齐脱硝SCR/SNCR工艺，表E.1按煤计的氨因子不能据设施名称选定
SRC-RAW-D9DFA3F5306E2200E439,NH3,factor_not_applicable,表E.1氨因子分母为煤，当前燃料天然气不具备可直接使用的氨因子；提供适用因子或实测氨排放
SRC-RAW-E300D0CA3AB407A3F684,NOx,SOURCE_RELATION_MISSING,GYGL仅为工业锅炉类别且企业有多台锅炉；补齐本锅炉与治理设施对应关系
SRC-RAW-E300D0CA3AB407A3F684,PM10,SOURCE_RELATION_MISSING,GYGL仅为工业锅炉类别且企业有多台锅炉；补齐本锅炉与治理设施对应关系
SRC-RAW-E300D0CA3AB407A3F684,PM2.5,SOURCE_RELATION_MISSING,GYGL仅为工业锅炉类别且企业有多台锅炉；补齐本锅炉与治理设施对应关系
SRC-RAW-E300D0CA3AB407A3F684,NH3,SOURCE_RELATION_MISSING,工业锅炉类别脱硝设施对应多台锅炉；补齐设备—脱硝设施关系
SRC-RAW-E300D0CA3AB407A3F684,NH3,POLLUTANT_PARAMETER_MISSING,补齐脱硝SCR/SNCR工艺，表E.1按煤计的氨因子不能据设施名称选定
SRC-RAW-E300D0CA3AB407A3F684,NH3,factor_not_applicable,表E.1氨因子分母为煤，当前燃料天然气不具备可直接使用的氨因子；提供适用因子或实测氨排放
SRC-RAW-764D1A80B96306CFBC9F,NOx,SOURCE_RELATION_MISSING,GYGL仅为工业锅炉类别且企业有多台锅炉；补齐本锅炉与治理设施对应关系
SRC-RAW-764D1A80B96306CFBC9F,PM10,SOURCE_RELATION_MISSING,GYGL仅为工业锅炉类别且企业有多台锅炉；补齐本锅炉与治理设施对应关系
SRC-RAW-764D1A80B96306CFBC9F,PM2.5,SOURCE_RELATION_MISSING,GYGL仅为工业锅炉类别且企业有多台锅炉；补齐本锅炉与治理设施对应关系
SRC-RAW-764D1A80B96306CFBC9F,NH3,SOURCE_RELATION_MISSING,工业锅炉类别脱硝设施对应多台锅炉；补齐设备—脱硝设施关系
SRC-RAW-764D1A80B96306CFBC9F,NH3,POLLUTANT_PARAMETER_MISSING,补齐脱硝SCR/SNCR工艺，表E.1按煤计的氨因子不能据设施名称选定
SRC-RAW-764D1A80B96306CFBC9F,NH3,factor_not_applicable,表E.1氨因子分母为煤，当前燃料天然气不具备可直接使用的氨因子；提供适用因子或实测氨排放
SRC-RAW-EE735A3BF173A5A834E6,NOx,SOURCE_RELATION_MISSING,GYGL仅为工业锅炉类别且企业有多台锅炉；补齐本锅炉与治理设施对应关系
SRC-RAW-EE735A3BF173A5A834E6,PM10,SOURCE_RELATION_MISSING,GYGL仅为工业锅炉类别且企业有多台锅炉；补齐本锅炉与治理设施对应关系
SRC-RAW-EE735A3BF173A5A834E6,PM2.5,SOURCE_RELATION_MISSING,GYGL仅为工业锅炉类别且企业有多台锅炉；补齐本锅炉与治理设施对应关系
SRC-RAW-EE735A3BF173A5A834E6,NH3,SOURCE_RELATION_MISSING,工业锅炉类别脱硝设施对应多台锅炉；补齐设备—脱硝设施关系
SRC-RAW-EE735A3BF173A5A834E6,NH3,POLLUTANT_PARAMETER_MISSING,补齐脱硝SCR/SNCR工艺，表E.1按煤计的氨因子不能据设施名称选定
SRC-RAW-EE735A3BF173A5A834E6,NH3,factor_not_applicable,表E.1氨因子分母为煤，当前燃料天然气不具备可直接使用的氨因子；提供适用因子或实测氨排放
SRC-RAW-7CC4DB9DF246619C8D22,NOx,SOURCE_RELATION_MISSING,GYGL仅为工业锅炉类别且企业有多台锅炉；补齐本锅炉与治理设施对应关系
SRC-RAW-7CC4DB9DF246619C8D22,PM10,SOURCE_RELATION_MISSING,GYGL仅为工业锅炉类别且企业有多台锅炉；补齐本锅炉与治理设施对应关系
SRC-RAW-7CC4DB9DF246619C8D22,PM2.5,SOURCE_RELATION_MISSING,GYGL仅为工业锅炉类别且企业有多台锅炉；补齐本锅炉与治理设施对应关系
SRC-RAW-7CC4DB9DF246619C8D22,NH3,SOURCE_RELATION_MISSING,工业锅炉类别脱硝设施对应多台锅炉；补齐设备—脱硝设施关系
SRC-RAW-7CC4DB9DF246619C8D22,NH3,POLLUTANT_PARAMETER_MISSING,补齐脱硝SCR/SNCR工艺，表E.1按煤计的氨因子不能据设施名称选定
SRC-RAW-7CC4DB9DF246619C8D22,NH3,factor_not_applicable,表E.1氨因子分母为煤，当前燃料天然气不具备可直接使用的氨因子；提供适用因子或实测氨排放
SRC-RAW-16997FB97D190B312090,NOx,SOURCE_RELATION_MISSING,GYGL仅为工业锅炉类别且企业有多台锅炉；补齐本锅炉与治理设施对应关系
SRC-RAW-16997FB97D190B312090,PM10,SOURCE_RELATION_MISSING,GYGL仅为工业锅炉类别且企业有多台锅炉；补齐本锅炉与治理设施对应关系
SRC-RAW-16997FB97D190B312090,PM2.5,SOURCE_RELATION_MISSING,GYGL仅为工业锅炉类别且企业有多台锅炉；补齐本锅炉与治理设施对应关系
SRC-RAW-16997FB97D190B312090,NH3,SOURCE_RELATION_MISSING,工业锅炉类别脱硝设施对应多台锅炉；补齐设备—脱硝设施关系
SRC-RAW-16997FB97D190B312090,NH3,POLLUTANT_PARAMETER_MISSING,补齐脱硝SCR/SNCR工艺，表E.1按煤计的氨因子不能据设施名称选定
SRC-RAW-16997FB97D190B312090,NH3,factor_not_applicable,表E.1氨因子分母为煤，当前燃料天然气不具备可直接使用的氨因子；提供适用因子或实测氨排放
SRC-RAW-D85B044F8A93E6416658,SO2,activity_unit_unresolved,燃料一单位吨标准煤与因子分母t不一致；补原燃料实物量或有依据的换算关系
SRC-RAW-D85B044F8A93E6416658,NOx,activity_unit_unresolved,燃料一单位吨标准煤与因子分母t不一致；补原燃料实物量或有依据的换算关系
SRC-RAW-D85B044F8A93E6416658,CO,activity_unit_unresolved,燃料一单位吨标准煤与因子分母t不一致；补原燃料实物量或有依据的换算关系
SRC-RAW-D85B044F8A93E6416658,VOC,activity_unit_unresolved,燃料一单位吨标准煤与因子分母t不一致；补原燃料实物量或有依据的换算关系
SRC-RAW-D85B044F8A93E6416658,PM10,activity_unit_unresolved,燃料一单位吨标准煤与因子分母t不一致；补原燃料实物量或有依据的换算关系
SRC-RAW-D85B044F8A93E6416658,PM2.5,activity_unit_unresolved,燃料一单位吨标准煤与因子分母t不一致；补原燃料实物量或有依据的换算关系
SRC-RAW-D85B044F8A93E6416658,BC,activity_unit_unresolved,燃料一单位吨标准煤与因子分母t不一致；补原燃料实物量或有依据的换算关系
SRC-RAW-D85B044F8A93E6416658,OC,activity_unit_unresolved,燃料一单位吨标准煤与因子分母t不一致；补原燃料实物量或有依据的换算关系
SRC-RAW-19F12945AC466FFD44A9,NOx,SOURCE_RELATION_MISSING,GYGL仅为工业锅炉类别且企业有多台锅炉；补齐本锅炉与治理设施对应关系
SRC-RAW-19F12945AC466FFD44A9,PM10,SOURCE_RELATION_MISSING,GYGL仅为工业锅炉类别且企业有多台锅炉；补齐本锅炉与治理设施对应关系
SRC-RAW-19F12945AC466FFD44A9,PM2.5,SOURCE_RELATION_MISSING,GYGL仅为工业锅炉类别且企业有多台锅炉；补齐本锅炉与治理设施对应关系
SRC-RAW-19F12945AC466FFD44A9,NH3,SOURCE_RELATION_MISSING,工业锅炉类别脱硝设施对应多台锅炉；补齐设备—脱硝设施关系
SRC-RAW-19F12945AC466FFD44A9,NH3,POLLUTANT_PARAMETER_MISSING,补齐脱硝SCR/SNCR工艺，表E.1按煤计的氨因子不能据设施名称选定
SRC-RAW-19F12945AC466FFD44A9,NH3,factor_not_applicable,表E.1氨因子分母为煤，当前燃料天然气不具备可直接使用的氨因子；提供适用因子或实测氨排放
SRC-RAW-AE278289897B14D872AE,NOx,SOURCE_RELATION_MISSING,GYGL仅为工业锅炉类别且企业有多台锅炉；补齐本锅炉与治理设施对应关系
SRC-RAW-AE278289897B14D872AE,PM10,SOURCE_RELATION_MISSING,GYGL仅为工业锅炉类别且企业有多台锅炉；补齐本锅炉与治理设施对应关系
SRC-RAW-AE278289897B14D872AE,PM2.5,SOURCE_RELATION_MISSING,GYGL仅为工业锅炉类别且企业有多台锅炉；补齐本锅炉与治理设施对应关系
SRC-RAW-AE278289897B14D872AE,NH3,SOURCE_RELATION_MISSING,工业锅炉类别脱硝设施对应多台锅炉；补齐设备—脱硝设施关系
SRC-RAW-AE278289897B14D872AE,NH3,POLLUTANT_PARAMETER_MISSING,补齐脱硝SCR/SNCR工艺，表E.1按煤计的氨因子不能据设施名称选定
SRC-RAW-AE278289897B14D872AE,NH3,factor_not_applicable,表E.1氨因子分母为煤，当前燃料天然气不具备可直接使用的氨因子；提供适用因子或实测氨排放
SRC-RAW-8283EFE02B3EF5DA6A21,NOx,SOURCE_RELATION_MISSING,GYGL仅为工业锅炉类别且企业有多台锅炉；补齐本锅炉与治理设施对应关系
SRC-RAW-8283EFE02B3EF5DA6A21,PM10,SOURCE_RELATION_MISSING,GYGL仅为工业锅炉类别且企业有多台锅炉；补齐本锅炉与治理设施对应关系
SRC-RAW-8283EFE02B3EF5DA6A21,PM2.5,SOURCE_RELATION_MISSING,GYGL仅为工业锅炉类别且企业有多台锅炉；补齐本锅炉与治理设施对应关系
SRC-RAW-8283EFE02B3EF5DA6A21,NH3,SOURCE_RELATION_MISSING,工业锅炉类别脱硝设施对应多台锅炉；补齐设备—脱硝设施关系
SRC-RAW-8283EFE02B3EF5DA6A21,NH3,POLLUTANT_PARAMETER_MISSING,补齐脱硝SCR/SNCR工艺，表E.1按煤计的氨因子不能据设施名称选定
SRC-RAW-8283EFE02B3EF5DA6A21,NH3,factor_not_applicable,表E.1氨因子分母为煤，当前燃料天然气不具备可直接使用的氨因子；提供适用因子或实测氨排放
SRC-RAW-904F8FA0A2DEA90F4113,NOx,SOURCE_RELATION_MISSING,GYGL仅为工业锅炉类别且企业有多台锅炉；补齐本锅炉与治理设施对应关系
SRC-RAW-904F8FA0A2DEA90F4113,PM10,SOURCE_RELATION_MISSING,GYGL仅为工业锅炉类别且企业有多台锅炉；补齐本锅炉与治理设施对应关系
SRC-RAW-904F8FA0A2DEA90F4113,PM2.5,SOURCE_RELATION_MISSING,GYGL仅为工业锅炉类别且企业有多台锅炉；补齐本锅炉与治理设施对应关系
SRC-RAW-904F8FA0A2DEA90F4113,NH3,SOURCE_RELATION_MISSING,工业锅炉类别脱硝设施对应多台锅炉；补齐设备—脱硝设施关系
SRC-RAW-904F8FA0A2DEA90F4113,NH3,POLLUTANT_PARAMETER_MISSING,补齐脱硝SCR/SNCR工艺，表E.1按煤计的氨因子不能据设施名称选定
SRC-RAW-904F8FA0A2DEA90F4113,NH3,factor_not_applicable,表E.1氨因子分母为煤，当前燃料天然气不具备可直接使用的氨因子；提供适用因子或实测氨排放
SRC-RAW-54A52AAD97A9FE094A54,NOx,SOURCE_RELATION_MISSING,GYGL仅为工业锅炉类别且企业有多台锅炉；补齐本锅炉与治理设施对应关系
SRC-RAW-54A52AAD97A9FE094A54,PM10,SOURCE_RELATION_MISSING,GYGL仅为工业锅炉类别且企业有多台锅炉；补齐本锅炉与治理设施对应关系
SRC-RAW-54A52AAD97A9FE094A54,PM2.5,SOURCE_RELATION_MISSING,GYGL仅为工业锅炉类别且企业有多台锅炉；补齐本锅炉与治理设施对应关系
SRC-RAW-54A52AAD97A9FE094A54,NH3,SOURCE_RELATION_MISSING,工业锅炉类别脱硝设施对应多台锅炉；补齐设备—脱硝设施关系
SRC-RAW-54A52AAD97A9FE094A54,NH3,POLLUTANT_PARAMETER_MISSING,补齐脱硝SCR/SNCR工艺，表E.1按煤计的氨因子不能据设施名称选定
SRC-RAW-54A52AAD97A9FE094A54,NH3,factor_not_applicable,表E.1氨因子分母为煤，当前燃料天然气不具备可直接使用的氨因子；提供适用因子或实测氨排放
SRC-RAW-7DF0D299352BF2B4EC38,NOx,SOURCE_RELATION_MISSING,GYGL仅为工业锅炉类别且企业有多台锅炉；补齐本锅炉与治理设施对应关系
SRC-RAW-7DF0D299352BF2B4EC38,PM10,SOURCE_RELATION_MISSING,GYGL仅为工业锅炉类别且企业有多台锅炉；补齐本锅炉与治理设施对应关系
SRC-RAW-7DF0D299352BF2B4EC38,PM2.5,SOURCE_RELATION_MISSING,GYGL仅为工业锅炉类别且企业有多台锅炉；补齐本锅炉与治理设施对应关系
SRC-RAW-7DF0D299352BF2B4EC38,NH3,SOURCE_RELATION_MISSING,工业锅炉类别脱硝设施对应多台锅炉；补齐设备—脱硝设施关系
SRC-RAW-7DF0D299352BF2B4EC38,NH3,POLLUTANT_PARAMETER_MISSING,补齐脱硝SCR/SNCR工艺，表E.1按煤计的氨因子不能据设施名称选定
SRC-RAW-7DF0D299352BF2B4EC38,NH3,factor_not_applicable,表E.1氨因子分母为煤，当前燃料天然气不具备可直接使用的氨因子；提供适用因子或实测氨排放
SRC-RAW-CA720072156253DE6F4B,NOx,SOURCE_RELATION_MISSING,GYGL仅为工业锅炉类别且企业有多台锅炉；补齐本锅炉与治理设施对应关系
SRC-RAW-CA720072156253DE6F4B,PM10,SOURCE_RELATION_MISSING,GYGL仅为工业锅炉类别且企业有多台锅炉；补齐本锅炉与治理设施对应关系
SRC-RAW-CA720072156253DE6F4B,PM2.5,SOURCE_RELATION_MISSING,GYGL仅为工业锅炉类别且企业有多台锅炉；补齐本锅炉与治理设施对应关系
SRC-RAW-CA720072156253DE6F4B,NH3,SOURCE_RELATION_MISSING,工业锅炉类别脱硝设施对应多台锅炉；补齐设备—脱硝设施关系
SRC-RAW-CA720072156253DE6F4B,NH3,POLLUTANT_PARAMETER_MISSING,补齐脱硝SCR/SNCR工艺，表E.1按煤计的氨因子不能据设施名称选定
SRC-RAW-CA720072156253DE6F4B,NH3,factor_not_applicable,表E.1氨因子分母为煤，当前燃料天然气不具备可直接使用的氨因子；提供适用因子或实测氨排放
SRC-RAW-17CC5A2E48830CFAC5B3,NOx,SOURCE_RELATION_MISSING,GYGL仅为工业锅炉类别且企业有多台锅炉；补齐本锅炉与治理设施对应关系
SRC-RAW-17CC5A2E48830CFAC5B3,PM10,SOURCE_RELATION_MISSING,GYGL仅为工业锅炉类别且企业有多台锅炉；补齐本锅炉与治理设施对应关系
SRC-RAW-17CC5A2E48830CFAC5B3,PM2.5,SOURCE_RELATION_MISSING,GYGL仅为工业锅炉类别且企业有多台锅炉；补齐本锅炉与治理设施对应关系
SRC-RAW-17CC5A2E48830CFAC5B3,NH3,SOURCE_RELATION_MISSING,工业锅炉类别脱硝设施对应多台锅炉；补齐设备—脱硝设施关系
SRC-RAW-17CC5A2E48830CFAC5B3,NH3,POLLUTANT_PARAMETER_MISSING,补齐脱硝SCR/SNCR工艺，表E.1按煤计的氨因子不能据设施名称选定
SRC-RAW-17CC5A2E48830CFAC5B3,NH3,factor_not_applicable,表E.1氨因子分母为煤，当前燃料天然气不具备可直接使用的氨因子；提供适用因子或实测氨排放
SRC-RAW-CE41359F6B09887CC1B5,NOx,SOURCE_RELATION_MISSING,GYGL仅为工业锅炉类别且企业有多台锅炉；补齐本锅炉与治理设施对应关系
SRC-RAW-CE41359F6B09887CC1B5,PM10,SOURCE_RELATION_MISSING,GYGL仅为工业锅炉类别且企业有多台锅炉；补齐本锅炉与治理设施对应关系
SRC-RAW-CE41359F6B09887CC1B5,PM2.5,SOURCE_RELATION_MISSING,GYGL仅为工业锅炉类别且企业有多台锅炉；补齐本锅炉与治理设施对应关系
SRC-RAW-CE41359F6B09887CC1B5,NH3,SOURCE_RELATION_MISSING,工业锅炉类别脱硝设施对应多台锅炉；补齐设备—脱硝设施关系
SRC-RAW-CE41359F6B09887CC1B5,NH3,POLLUTANT_PARAMETER_MISSING,补齐脱硝SCR/SNCR工艺，表E.1按煤计的氨因子不能据设施名称选定
SRC-RAW-CE41359F6B09887CC1B5,NH3,factor_not_applicable,表E.1氨因子分母为煤，当前燃料天然气不具备可直接使用的氨因子；提供适用因子或实测氨排放
SRC-RAW-590E28889E3BFDC0F186,NOx,SOURCE_RELATION_MISSING,GYGL仅为工业锅炉类别且企业有多台锅炉；补齐本锅炉与治理设施对应关系
SRC-RAW-590E28889E3BFDC0F186,PM10,SOURCE_RELATION_MISSING,GYGL仅为工业锅炉类别且企业有多台锅炉；补齐本锅炉与治理设施对应关系
SRC-RAW-590E28889E3BFDC0F186,PM2.5,SOURCE_RELATION_MISSING,GYGL仅为工业锅炉类别且企业有多台锅炉；补齐本锅炉与治理设施对应关系
SRC-RAW-590E28889E3BFDC0F186,NH3,SOURCE_RELATION_MISSING,工业锅炉类别脱硝设施对应多台锅炉；补齐设备—脱硝设施关系
SRC-RAW-590E28889E3BFDC0F186,NH3,POLLUTANT_PARAMETER_MISSING,补齐脱硝SCR/SNCR工艺，表E.1按煤计的氨因子不能据设施名称选定
SRC-RAW-590E28889E3BFDC0F186,NH3,factor_not_applicable,表E.1氨因子分母为煤，当前燃料天然气不具备可直接使用的氨因子；提供适用因子或实测氨排放
SRC-RAW-01DC771E150EF527113F,NOx,SOURCE_RELATION_MISSING,GYGL仅为工业锅炉类别且企业有多台锅炉；补齐本锅炉与治理设施对应关系
SRC-RAW-01DC771E150EF527113F,PM10,SOURCE_RELATION_MISSING,GYGL仅为工业锅炉类别且企业有多台锅炉；补齐本锅炉与治理设施对应关系
SRC-RAW-01DC771E150EF527113F,PM2.5,SOURCE_RELATION_MISSING,GYGL仅为工业锅炉类别且企业有多台锅炉；补齐本锅炉与治理设施对应关系
SRC-RAW-01DC771E150EF527113F,NH3,SOURCE_RELATION_MISSING,工业锅炉类别脱硝设施对应多台锅炉；补齐设备—脱硝设施关系
SRC-RAW-01DC771E150EF527113F,NH3,POLLUTANT_PARAMETER_MISSING,补齐脱硝SCR/SNCR工艺，表E.1按煤计的氨因子不能据设施名称选定
SRC-RAW-01DC771E150EF527113F,NH3,factor_not_applicable,表E.1氨因子分母为煤，当前燃料天然气不具备可直接使用的氨因子；提供适用因子或实测氨排放
SRC-RAW-8A1002458BFB4AA709A4,NOx,SOURCE_RELATION_MISSING,GYGL仅为工业锅炉类别且企业有多台锅炉；补齐本锅炉与治理设施对应关系
SRC-RAW-8A1002458BFB4AA709A4,PM10,SOURCE_RELATION_MISSING,GYGL仅为工业锅炉类别且企业有多台锅炉；补齐本锅炉与治理设施对应关系
SRC-RAW-8A1002458BFB4AA709A4,PM2.5,SOURCE_RELATION_MISSING,GYGL仅为工业锅炉类别且企业有多台锅炉；补齐本锅炉与治理设施对应关系
SRC-RAW-8A1002458BFB4AA709A4,NH3,SOURCE_RELATION_MISSING,工业锅炉类别脱硝设施对应多台锅炉；补齐设备—脱硝设施关系
SRC-RAW-8A1002458BFB4AA709A4,NH3,POLLUTANT_PARAMETER_MISSING,补齐脱硝SCR/SNCR工艺，表E.1按煤计的氨因子不能据设施名称选定
SRC-RAW-8A1002458BFB4AA709A4,NH3,factor_not_applicable,表E.1氨因子分母为煤，当前燃料天然气不具备可直接使用的氨因子；提供适用因子或实测氨排放
SRC-RAW-6EEA185A96887212933D,NOx,SOURCE_RELATION_MISSING,GYGL仅为工业锅炉类别且企业有多台锅炉；补齐本锅炉与治理设施对应关系
SRC-RAW-6EEA185A96887212933D,PM10,SOURCE_RELATION_MISSING,GYGL仅为工业锅炉类别且企业有多台锅炉；补齐本锅炉与治理设施对应关系
SRC-RAW-6EEA185A96887212933D,PM2.5,SOURCE_RELATION_MISSING,GYGL仅为工业锅炉类别且企业有多台锅炉；补齐本锅炉与治理设施对应关系
SRC-RAW-6EEA185A96887212933D,NH3,SOURCE_RELATION_MISSING,工业锅炉类别脱硝设施对应多台锅炉；补齐设备—脱硝设施关系
SRC-RAW-6EEA185A96887212933D,NH3,POLLUTANT_PARAMETER_MISSING,补齐脱硝SCR/SNCR工艺，表E.1按煤计的氨因子不能据设施名称选定
SRC-RAW-6EEA185A96887212933D,NH3,factor_not_applicable,表E.1氨因子分母为煤，当前燃料天然气不具备可直接使用的氨因子；提供适用因子或实测氨排放
SRC-RAW-ABAD9365ED7704ABC37E,NOx,SOURCE_RELATION_MISSING,GYGL仅为工业锅炉类别且企业有多台锅炉；补齐本锅炉与治理设施对应关系
SRC-RAW-ABAD9365ED7704ABC37E,PM10,SOURCE_RELATION_MISSING,GYGL仅为工业锅炉类别且企业有多台锅炉；补齐本锅炉与治理设施对应关系
SRC-RAW-ABAD9365ED7704ABC37E,PM2.5,SOURCE_RELATION_MISSING,GYGL仅为工业锅炉类别且企业有多台锅炉；补齐本锅炉与治理设施对应关系
SRC-RAW-ABAD9365ED7704ABC37E,NH3,SOURCE_RELATION_MISSING,工业锅炉类别脱硝设施对应多台锅炉；补齐设备—脱硝设施关系
SRC-RAW-ABAD9365ED7704ABC37E,NH3,POLLUTANT_PARAMETER_MISSING,补齐脱硝SCR/SNCR工艺，表E.1按煤计的氨因子不能据设施名称选定
SRC-RAW-ABAD9365ED7704ABC37E,NH3,factor_not_applicable,表E.1氨因子分母为煤，当前燃料天然气不具备可直接使用的氨因子；提供适用因子或实测氨排放
SRC-RAW-AB14C7FE3226BB7D238F,SO2,SOURCE_RELATION_MISSING,GYGL仅为工业锅炉类别且企业有多台锅炉；补齐本锅炉与治理设施对应关系
SRC-RAW-AB14C7FE3226BB7D238F,NOx,SOURCE_RELATION_MISSING,GYGL仅为工业锅炉类别且企业有多台锅炉；补齐本锅炉与治理设施对应关系
SRC-RAW-AB14C7FE3226BB7D238F,PM10,SOURCE_RELATION_MISSING,GYGL仅为工业锅炉类别且企业有多台锅炉；补齐本锅炉与治理设施对应关系
SRC-RAW-AB14C7FE3226BB7D238F,PM2.5,SOURCE_RELATION_MISSING,GYGL仅为工业锅炉类别且企业有多台锅炉；补齐本锅炉与治理设施对应关系
SRC-RAW-AB14C7FE3226BB7D238F,BC,SOURCE_RELATION_MISSING,GYGL仅为工业锅炉类别且企业有多台锅炉；补齐本锅炉与治理设施对应关系
SRC-RAW-AB14C7FE3226BB7D238F,OC,SOURCE_RELATION_MISSING,GYGL仅为工业锅炉类别且企业有多台锅炉；补齐本锅炉与治理设施对应关系
SRC-RAW-AB14C7FE3226BB7D238F,NH3,SOURCE_RELATION_MISSING,工业锅炉类别脱硝设施对应多台锅炉；补齐设备—脱硝设施关系
SRC-RAW-AB14C7FE3226BB7D238F,NH3,POLLUTANT_PARAMETER_MISSING,补齐脱硝SCR/SNCR工艺，表E.1按煤计的氨因子不能据设施名称选定
SRC-RAW-AB14C7FE3226BB7D238F,NH3,factor_not_applicable,表E.1氨因子分母为煤，当前燃料柴油不具备可直接使用的氨因子；提供适用因子或实测氨排放
SRC-RAW-ACA4935DB7137D86914F,NOx,SOURCE_RELATION_MISSING,GYGL仅为工业锅炉类别且企业有多台锅炉；补齐本锅炉与治理设施对应关系
SRC-RAW-ACA4935DB7137D86914F,PM10,SOURCE_RELATION_MISSING,GYGL仅为工业锅炉类别且企业有多台锅炉；补齐本锅炉与治理设施对应关系
SRC-RAW-ACA4935DB7137D86914F,PM2.5,SOURCE_RELATION_MISSING,GYGL仅为工业锅炉类别且企业有多台锅炉；补齐本锅炉与治理设施对应关系
SRC-RAW-ACA4935DB7137D86914F,NH3,SOURCE_RELATION_MISSING,工业锅炉类别脱硝设施对应多台锅炉；补齐设备—脱硝设施关系
SRC-RAW-ACA4935DB7137D86914F,NH3,POLLUTANT_PARAMETER_MISSING,补齐脱硝SCR/SNCR工艺，表E.1按煤计的氨因子不能据设施名称选定
SRC-RAW-ACA4935DB7137D86914F,NH3,factor_not_applicable,表E.1氨因子分母为煤，当前燃料天然气不具备可直接使用的氨因子；提供适用因子或实测氨排放
SRC-RAW-D58FCE76180CBED0D483,SO2,SOURCE_RELATION_MISSING,GYGL仅为工业锅炉类别且企业有多台锅炉；补齐本锅炉与治理设施对应关系
SRC-RAW-D58FCE76180CBED0D483,NOx,SOURCE_RELATION_MISSING,GYGL仅为工业锅炉类别且企业有多台锅炉；补齐本锅炉与治理设施对应关系
SRC-RAW-D58FCE76180CBED0D483,PM10,SOURCE_RELATION_MISSING,GYGL仅为工业锅炉类别且企业有多台锅炉；补齐本锅炉与治理设施对应关系
SRC-RAW-D58FCE76180CBED0D483,PM2.5,SOURCE_RELATION_MISSING,GYGL仅为工业锅炉类别且企业有多台锅炉；补齐本锅炉与治理设施对应关系
SRC-RAW-D58FCE76180CBED0D483,BC,SOURCE_RELATION_MISSING,GYGL仅为工业锅炉类别且企业有多台锅炉；补齐本锅炉与治理设施对应关系
SRC-RAW-D58FCE76180CBED0D483,OC,SOURCE_RELATION_MISSING,GYGL仅为工业锅炉类别且企业有多台锅炉；补齐本锅炉与治理设施对应关系
SRC-RAW-D58FCE76180CBED0D483,NH3,SOURCE_RELATION_MISSING,工业锅炉类别脱硝设施对应多台锅炉；补齐设备—脱硝设施关系
SRC-RAW-D58FCE76180CBED0D483,NH3,POLLUTANT_PARAMETER_MISSING,补齐脱硝SCR/SNCR工艺，表E.1按煤计的氨因子不能据设施名称选定
SRC-RAW-D58FCE76180CBED0D483,NH3,factor_not_applicable,表E.1氨因子分母为煤，当前燃料柴油不具备可直接使用的氨因子；提供适用因子或实测氨排放
SRC-RAW-91769EC0CCD9A862A2FF,NOx,SOURCE_RELATION_MISSING,GYGL仅为工业锅炉类别且企业有多台锅炉；补齐本锅炉与治理设施对应关系
SRC-RAW-91769EC0CCD9A862A2FF,PM10,SOURCE_RELATION_MISSING,GYGL仅为工业锅炉类别且企业有多台锅炉；补齐本锅炉与治理设施对应关系
SRC-RAW-91769EC0CCD9A862A2FF,PM2.5,SOURCE_RELATION_MISSING,GYGL仅为工业锅炉类别且企业有多台锅炉；补齐本锅炉与治理设施对应关系
SRC-RAW-91769EC0CCD9A862A2FF,NH3,SOURCE_RELATION_MISSING,工业锅炉类别脱硝设施对应多台锅炉；补齐设备—脱硝设施关系
SRC-RAW-91769EC0CCD9A862A2FF,NH3,POLLUTANT_PARAMETER_MISSING,补齐脱硝SCR/SNCR工艺，表E.1按煤计的氨因子不能据设施名称选定
SRC-RAW-91769EC0CCD9A862A2FF,NH3,factor_not_applicable,表E.1氨因子分母为煤，当前燃料天然气不具备可直接使用的氨因子；提供适用因子或实测氨排放
SRC-RAW-8BBEF913F8D78B05A778,NOx,SOURCE_RELATION_MISSING,GYGL仅为工业锅炉类别且企业有多台锅炉；补齐本锅炉与治理设施对应关系
SRC-RAW-8BBEF913F8D78B05A778,PM10,SOURCE_RELATION_MISSING,GYGL仅为工业锅炉类别且企业有多台锅炉；补齐本锅炉与治理设施对应关系
SRC-RAW-8BBEF913F8D78B05A778,PM2.5,SOURCE_RELATION_MISSING,GYGL仅为工业锅炉类别且企业有多台锅炉；补齐本锅炉与治理设施对应关系
SRC-RAW-8BBEF913F8D78B05A778,NH3,SOURCE_RELATION_MISSING,工业锅炉类别脱硝设施对应多台锅炉；补齐设备—脱硝设施关系
SRC-RAW-8BBEF913F8D78B05A778,NH3,POLLUTANT_PARAMETER_MISSING,补齐脱硝SCR/SNCR工艺，表E.1按煤计的氨因子不能据设施名称选定
SRC-RAW-8BBEF913F8D78B05A778,NH3,factor_not_applicable,表E.1氨因子分母为煤，当前燃料天然气不具备可直接使用的氨因子；提供适用因子或实测氨排放
SRC-RAW-B2BEA554A6132020AB59,NOx,SOURCE_RELATION_MISSING,GYGL仅为工业锅炉类别且企业有多台锅炉；补齐本锅炉与治理设施对应关系
SRC-RAW-B2BEA554A6132020AB59,PM10,SOURCE_RELATION_MISSING,GYGL仅为工业锅炉类别且企业有多台锅炉；补齐本锅炉与治理设施对应关系
SRC-RAW-B2BEA554A6132020AB59,PM2.5,SOURCE_RELATION_MISSING,GYGL仅为工业锅炉类别且企业有多台锅炉；补齐本锅炉与治理设施对应关系
SRC-RAW-B2BEA554A6132020AB59,NH3,SOURCE_RELATION_MISSING,工业锅炉类别脱硝设施对应多台锅炉；补齐设备—脱硝设施关系
SRC-RAW-B2BEA554A6132020AB59,NH3,POLLUTANT_PARAMETER_MISSING,补齐脱硝SCR/SNCR工艺，表E.1按煤计的氨因子不能据设施名称选定
SRC-RAW-B2BEA554A6132020AB59,NH3,factor_not_applicable,表E.1氨因子分母为煤，当前燃料天然气不具备可直接使用的氨因子；提供适用因子或实测氨排放
SRC-RAW-3D0F6E42BE684B8EC52F,NOx,SOURCE_RELATION_MISSING,GYGL仅为工业锅炉类别且企业有多台锅炉；补齐本锅炉与治理设施对应关系
SRC-RAW-3D0F6E42BE684B8EC52F,PM10,SOURCE_RELATION_MISSING,GYGL仅为工业锅炉类别且企业有多台锅炉；补齐本锅炉与治理设施对应关系
SRC-RAW-3D0F6E42BE684B8EC52F,PM2.5,SOURCE_RELATION_MISSING,GYGL仅为工业锅炉类别且企业有多台锅炉；补齐本锅炉与治理设施对应关系
SRC-RAW-3D0F6E42BE684B8EC52F,NH3,SOURCE_RELATION_MISSING,工业锅炉类别脱硝设施对应多台锅炉；补齐设备—脱硝设施关系
SRC-RAW-3D0F6E42BE684B8EC52F,NH3,POLLUTANT_PARAMETER_MISSING,补齐脱硝SCR/SNCR工艺，表E.1按煤计的氨因子不能据设施名称选定
SRC-RAW-3D0F6E42BE684B8EC52F,NH3,factor_not_applicable,表E.1氨因子分母为煤，当前燃料天然气不具备可直接使用的氨因子；提供适用因子或实测氨排放
SRC-RAW-120DF2F7253FE2A3C73E,NOx,SOURCE_RELATION_MISSING,GYGL仅为工业锅炉类别且企业有多台锅炉；补齐本锅炉与治理设施对应关系
SRC-RAW-120DF2F7253FE2A3C73E,PM10,SOURCE_RELATION_MISSING,GYGL仅为工业锅炉类别且企业有多台锅炉；补齐本锅炉与治理设施对应关系
SRC-RAW-120DF2F7253FE2A3C73E,PM2.5,SOURCE_RELATION_MISSING,GYGL仅为工业锅炉类别且企业有多台锅炉；补齐本锅炉与治理设施对应关系
SRC-RAW-120DF2F7253FE2A3C73E,NH3,SOURCE_RELATION_MISSING,工业锅炉类别脱硝设施对应多台锅炉；补齐设备—脱硝设施关系
SRC-RAW-120DF2F7253FE2A3C73E,NH3,POLLUTANT_PARAMETER_MISSING,补齐脱硝SCR/SNCR工艺，表E.1按煤计的氨因子不能据设施名称选定
SRC-RAW-120DF2F7253FE2A3C73E,NH3,factor_not_applicable,表E.1氨因子分母为煤，当前燃料天然气不具备可直接使用的氨因子；提供适用因子或实测氨排放
SRC-RAW-A1982FF4F6BBAF4D11F8,NOx,SOURCE_RELATION_MISSING,GYGL仅为工业锅炉类别且企业有多台锅炉；补齐本锅炉与治理设施对应关系
SRC-RAW-A1982FF4F6BBAF4D11F8,PM10,SOURCE_RELATION_MISSING,GYGL仅为工业锅炉类别且企业有多台锅炉；补齐本锅炉与治理设施对应关系
SRC-RAW-A1982FF4F6BBAF4D11F8,PM2.5,SOURCE_RELATION_MISSING,GYGL仅为工业锅炉类别且企业有多台锅炉；补齐本锅炉与治理设施对应关系
SRC-RAW-A1982FF4F6BBAF4D11F8,NH3,SOURCE_RELATION_MISSING,工业锅炉类别脱硝设施对应多台锅炉；补齐设备—脱硝设施关系
SRC-RAW-A1982FF4F6BBAF4D11F8,NH3,POLLUTANT_PARAMETER_MISSING,补齐脱硝SCR/SNCR工艺，表E.1按煤计的氨因子不能据设施名称选定
SRC-RAW-A1982FF4F6BBAF4D11F8,NH3,factor_not_applicable,表E.1氨因子分母为煤，当前燃料天然气不具备可直接使用的氨因子；提供适用因子或实测氨排放
SRC-RAW-854C2B5D351D9C4D0718,NOx,SOURCE_RELATION_MISSING,GYGL仅为工业锅炉类别且企业有多台锅炉；补齐本锅炉与治理设施对应关系
SRC-RAW-854C2B5D351D9C4D0718,PM10,SOURCE_RELATION_MISSING,GYGL仅为工业锅炉类别且企业有多台锅炉；补齐本锅炉与治理设施对应关系
SRC-RAW-854C2B5D351D9C4D0718,PM2.5,SOURCE_RELATION_MISSING,GYGL仅为工业锅炉类别且企业有多台锅炉；补齐本锅炉与治理设施对应关系
SRC-RAW-854C2B5D351D9C4D0718,NH3,SOURCE_RELATION_MISSING,工业锅炉类别脱硝设施对应多台锅炉；补齐设备—脱硝设施关系
SRC-RAW-854C2B5D351D9C4D0718,NH3,POLLUTANT_PARAMETER_MISSING,补齐脱硝SCR/SNCR工艺，表E.1按煤计的氨因子不能据设施名称选定
SRC-RAW-854C2B5D351D9C4D0718,NH3,factor_not_applicable,表E.1氨因子分母为煤，当前燃料天然气不具备可直接使用的氨因子；提供适用因子或实测氨排放
SRC-RAW-FE95C424ACD11943001F,NOx,SOURCE_RELATION_MISSING,GYGL仅为工业锅炉类别且企业有多台锅炉；补齐本锅炉与治理设施对应关系
SRC-RAW-FE95C424ACD11943001F,PM10,SOURCE_RELATION_MISSING,GYGL仅为工业锅炉类别且企业有多台锅炉；补齐本锅炉与治理设施对应关系
SRC-RAW-FE95C424ACD11943001F,PM2.5,SOURCE_RELATION_MISSING,GYGL仅为工业锅炉类别且企业有多台锅炉；补齐本锅炉与治理设施对应关系
SRC-RAW-FE95C424ACD11943001F,NH3,SOURCE_RELATION_MISSING,工业锅炉类别脱硝设施对应多台锅炉；补齐设备—脱硝设施关系
SRC-RAW-FE95C424ACD11943001F,NH3,POLLUTANT_PARAMETER_MISSING,补齐脱硝SCR/SNCR工艺，表E.1按煤计的氨因子不能据设施名称选定
SRC-RAW-FE95C424ACD11943001F,NH3,factor_not_applicable,表E.1氨因子分母为煤，当前燃料天然气不具备可直接使用的氨因子；提供适用因子或实测氨排放
SRC-RAW-C9766C1A039CF417BE27,NOx,SOURCE_RELATION_MISSING,GYGL仅为工业锅炉类别且企业有多台锅炉；补齐本锅炉与治理设施对应关系
SRC-RAW-C9766C1A039CF417BE27,PM10,SOURCE_RELATION_MISSING,GYGL仅为工业锅炉类别且企业有多台锅炉；补齐本锅炉与治理设施对应关系
SRC-RAW-C9766C1A039CF417BE27,PM2.5,SOURCE_RELATION_MISSING,GYGL仅为工业锅炉类别且企业有多台锅炉；补齐本锅炉与治理设施对应关系
SRC-RAW-C9766C1A039CF417BE27,NH3,SOURCE_RELATION_MISSING,工业锅炉类别脱硝设施对应多台锅炉；补齐设备—脱硝设施关系
SRC-RAW-C9766C1A039CF417BE27,NH3,POLLUTANT_PARAMETER_MISSING,补齐脱硝SCR/SNCR工艺，表E.1按煤计的氨因子不能据设施名称选定
SRC-RAW-C9766C1A039CF417BE27,NH3,factor_not_applicable,表E.1氨因子分母为煤，当前燃料天然气不具备可直接使用的氨因子；提供适用因子或实测氨排放
SRC-RAW-C2F80A49BBC7FD02089B,NOx,SOURCE_RELATION_MISSING,GYGL仅为工业锅炉类别且企业有多台锅炉；补齐本锅炉与治理设施对应关系
SRC-RAW-C2F80A49BBC7FD02089B,PM10,SOURCE_RELATION_MISSING,GYGL仅为工业锅炉类别且企业有多台锅炉；补齐本锅炉与治理设施对应关系
SRC-RAW-C2F80A49BBC7FD02089B,PM2.5,SOURCE_RELATION_MISSING,GYGL仅为工业锅炉类别且企业有多台锅炉；补齐本锅炉与治理设施对应关系
SRC-RAW-C2F80A49BBC7FD02089B,BC,SOURCE_RELATION_MISSING,GYGL仅为工业锅炉类别且企业有多台锅炉；补齐本锅炉与治理设施对应关系
SRC-RAW-C2F80A49BBC7FD02089B,OC,SOURCE_RELATION_MISSING,GYGL仅为工业锅炉类别且企业有多台锅炉；补齐本锅炉与治理设施对应关系
SRC-RAW-C2F80A49BBC7FD02089B,NH3,SOURCE_RELATION_MISSING,工业锅炉类别脱硝设施对应多台锅炉；补齐设备—脱硝设施关系
SRC-RAW-C2F80A49BBC7FD02089B,NH3,POLLUTANT_PARAMETER_MISSING,补齐脱硝SCR/SNCR工艺，表E.1按煤计的氨因子不能据设施名称选定
SRC-RAW-C2F80A49BBC7FD02089B,NH3,factor_not_applicable,表E.1氨因子分母为煤，当前燃料液化石油气不具备可直接使用的氨因子；提供适用因子或实测氨排放
SRC-RAW-AC3BC494FC3246F375B9,NOx,SOURCE_RELATION_MISSING,GYGL仅为工业锅炉类别且企业有多台锅炉；补齐本锅炉与治理设施对应关系
SRC-RAW-AC3BC494FC3246F375B9,PM10,SOURCE_RELATION_MISSING,GYGL仅为工业锅炉类别且企业有多台锅炉；补齐本锅炉与治理设施对应关系
SRC-RAW-AC3BC494FC3246F375B9,PM2.5,SOURCE_RELATION_MISSING,GYGL仅为工业锅炉类别且企业有多台锅炉；补齐本锅炉与治理设施对应关系
SRC-RAW-AC3BC494FC3246F375B9,NH3,SOURCE_RELATION_MISSING,工业锅炉类别脱硝设施对应多台锅炉；补齐设备—脱硝设施关系
SRC-RAW-AC3BC494FC3246F375B9,NH3,POLLUTANT_PARAMETER_MISSING,补齐脱硝SCR/SNCR工艺，表E.1按煤计的氨因子不能据设施名称选定
SRC-RAW-AC3BC494FC3246F375B9,NH3,factor_not_applicable,表E.1氨因子分母为煤，当前燃料天然气不具备可直接使用的氨因子；提供适用因子或实测氨排放
SRC-RAW-FD46941D660A17925203,NOx,SOURCE_RELATION_MISSING,GYGL仅为工业锅炉类别且企业有多台锅炉；补齐本锅炉与治理设施对应关系
SRC-RAW-FD46941D660A17925203,PM10,SOURCE_RELATION_MISSING,GYGL仅为工业锅炉类别且企业有多台锅炉；补齐本锅炉与治理设施对应关系
SRC-RAW-FD46941D660A17925203,PM2.5,SOURCE_RELATION_MISSING,GYGL仅为工业锅炉类别且企业有多台锅炉；补齐本锅炉与治理设施对应关系
SRC-RAW-FD46941D660A17925203,NH3,SOURCE_RELATION_MISSING,工业锅炉类别脱硝设施对应多台锅炉；补齐设备—脱硝设施关系
SRC-RAW-FD46941D660A17925203,NH3,POLLUTANT_PARAMETER_MISSING,补齐脱硝SCR/SNCR工艺，表E.1按煤计的氨因子不能据设施名称选定
SRC-RAW-FD46941D660A17925203,NH3,factor_not_applicable,表E.1氨因子分母为煤，当前燃料天然气不具备可直接使用的氨因子；提供适用因子或实测氨排放
SRC-RAW-822C34A08F5F308BAA3B,NOx,SOURCE_RELATION_MISSING,GYGL仅为工业锅炉类别且企业有多台锅炉；补齐本锅炉与治理设施对应关系
SRC-RAW-822C34A08F5F308BAA3B,PM10,SOURCE_RELATION_MISSING,GYGL仅为工业锅炉类别且企业有多台锅炉；补齐本锅炉与治理设施对应关系
SRC-RAW-822C34A08F5F308BAA3B,PM2.5,SOURCE_RELATION_MISSING,GYGL仅为工业锅炉类别且企业有多台锅炉；补齐本锅炉与治理设施对应关系
SRC-RAW-822C34A08F5F308BAA3B,NH3,SOURCE_RELATION_MISSING,工业锅炉类别脱硝设施对应多台锅炉；补齐设备—脱硝设施关系
SRC-RAW-822C34A08F5F308BAA3B,NH3,POLLUTANT_PARAMETER_MISSING,补齐脱硝SCR/SNCR工艺，表E.1按煤计的氨因子不能据设施名称选定
SRC-RAW-822C34A08F5F308BAA3B,NH3,factor_not_applicable,表E.1氨因子分母为煤，当前燃料天然气不具备可直接使用的氨因子；提供适用因子或实测氨排放
SRC-RAW-77E45EDBEEFBAB332D9C,NOx,SOURCE_RELATION_MISSING,GYGL仅为工业锅炉类别且企业有多台锅炉；补齐本锅炉与治理设施对应关系
SRC-RAW-77E45EDBEEFBAB332D9C,PM10,SOURCE_RELATION_MISSING,GYGL仅为工业锅炉类别且企业有多台锅炉；补齐本锅炉与治理设施对应关系
SRC-RAW-77E45EDBEEFBAB332D9C,PM2.5,SOURCE_RELATION_MISSING,GYGL仅为工业锅炉类别且企业有多台锅炉；补齐本锅炉与治理设施对应关系
SRC-RAW-77E45EDBEEFBAB332D9C,NH3,SOURCE_RELATION_MISSING,工业锅炉类别脱硝设施对应多台锅炉；补齐设备—脱硝设施关系
SRC-RAW-77E45EDBEEFBAB332D9C,NH3,POLLUTANT_PARAMETER_MISSING,补齐脱硝SCR/SNCR工艺，表E.1按煤计的氨因子不能据设施名称选定
SRC-RAW-77E45EDBEEFBAB332D9C,NH3,factor_not_applicable,表E.1氨因子分母为煤，当前燃料天然气不具备可直接使用的氨因子；提供适用因子或实测氨排放
SRC-RAW-FEB782F291DE73CFA331,NOx,SOURCE_RELATION_MISSING,GYGL仅为工业锅炉类别且企业有多台锅炉；补齐本锅炉与治理设施对应关系
SRC-RAW-FEB782F291DE73CFA331,PM10,SOURCE_RELATION_MISSING,GYGL仅为工业锅炉类别且企业有多台锅炉；补齐本锅炉与治理设施对应关系
SRC-RAW-FEB782F291DE73CFA331,PM2.5,SOURCE_RELATION_MISSING,GYGL仅为工业锅炉类别且企业有多台锅炉；补齐本锅炉与治理设施对应关系
SRC-RAW-FEB782F291DE73CFA331,NH3,SOURCE_RELATION_MISSING,工业锅炉类别脱硝设施对应多台锅炉；补齐设备—脱硝设施关系
SRC-RAW-FEB782F291DE73CFA331,NH3,POLLUTANT_PARAMETER_MISSING,补齐脱硝SCR/SNCR工艺，表E.1按煤计的氨因子不能据设施名称选定
SRC-RAW-FEB782F291DE73CFA331,NH3,factor_not_applicable,表E.1氨因子分母为煤，当前燃料天然气不具备可直接使用的氨因子；提供适用因子或实测氨排放
SRC-RAW-7E9B47287FDA669D9BCD,NOx,SOURCE_RELATION_MISSING,GYGL仅为工业锅炉类别且企业有多台锅炉；补齐本锅炉与治理设施对应关系
SRC-RAW-7E9B47287FDA669D9BCD,PM10,SOURCE_RELATION_MISSING,GYGL仅为工业锅炉类别且企业有多台锅炉；补齐本锅炉与治理设施对应关系
SRC-RAW-7E9B47287FDA669D9BCD,PM2.5,SOURCE_RELATION_MISSING,GYGL仅为工业锅炉类别且企业有多台锅炉；补齐本锅炉与治理设施对应关系
SRC-RAW-7E9B47287FDA669D9BCD,NH3,SOURCE_RELATION_MISSING,工业锅炉类别脱硝设施对应多台锅炉；补齐设备—脱硝设施关系
SRC-RAW-7E9B47287FDA669D9BCD,NH3,POLLUTANT_PARAMETER_MISSING,补齐脱硝SCR/SNCR工艺，表E.1按煤计的氨因子不能据设施名称选定
SRC-RAW-7E9B47287FDA669D9BCD,NH3,factor_not_applicable,表E.1氨因子分母为煤，当前燃料天然气不具备可直接使用的氨因子；提供适用因子或实测氨排放
SRC-RAW-315C631C7FF91FA2D606,NOx,SOURCE_RELATION_MISSING,GYGL仅为工业锅炉类别且企业有多台锅炉；补齐本锅炉与治理设施对应关系
SRC-RAW-315C631C7FF91FA2D606,PM10,SOURCE_RELATION_MISSING,GYGL仅为工业锅炉类别且企业有多台锅炉；补齐本锅炉与治理设施对应关系
SRC-RAW-315C631C7FF91FA2D606,PM2.5,SOURCE_RELATION_MISSING,GYGL仅为工业锅炉类别且企业有多台锅炉；补齐本锅炉与治理设施对应关系
SRC-RAW-315C631C7FF91FA2D606,NH3,SOURCE_RELATION_MISSING,工业锅炉类别脱硝设施对应多台锅炉；补齐设备—脱硝设施关系
SRC-RAW-315C631C7FF91FA2D606,NH3,POLLUTANT_PARAMETER_MISSING,补齐脱硝SCR/SNCR工艺，表E.1按煤计的氨因子不能据设施名称选定
SRC-RAW-315C631C7FF91FA2D606,NH3,factor_not_applicable,表E.1氨因子分母为煤，当前燃料天然气不具备可直接使用的氨因子；提供适用因子或实测氨排放
SRC-RAW-84732AAA943F4967EB36,NOx,SOURCE_RELATION_MISSING,GYGL仅为工业锅炉类别且企业有多台锅炉；补齐本锅炉与治理设施对应关系
SRC-RAW-84732AAA943F4967EB36,PM10,SOURCE_RELATION_MISSING,GYGL仅为工业锅炉类别且企业有多台锅炉；补齐本锅炉与治理设施对应关系
SRC-RAW-84732AAA943F4967EB36,PM2.5,SOURCE_RELATION_MISSING,GYGL仅为工业锅炉类别且企业有多台锅炉；补齐本锅炉与治理设施对应关系
SRC-RAW-84732AAA943F4967EB36,NH3,SOURCE_RELATION_MISSING,工业锅炉类别脱硝设施对应多台锅炉；补齐设备—脱硝设施关系
SRC-RAW-84732AAA943F4967EB36,NH3,POLLUTANT_PARAMETER_MISSING,补齐脱硝SCR/SNCR工艺，表E.1按煤计的氨因子不能据设施名称选定
SRC-RAW-84732AAA943F4967EB36,NH3,factor_not_applicable,表E.1氨因子分母为煤，当前燃料天然气不具备可直接使用的氨因子；提供适用因子或实测氨排放
SRC-RAW-A2F66856176211F75ED0,NOx,SOURCE_RELATION_MISSING,GYGL仅为工业锅炉类别且企业有多台锅炉；补齐本锅炉与治理设施对应关系
SRC-RAW-A2F66856176211F75ED0,PM10,SOURCE_RELATION_MISSING,GYGL仅为工业锅炉类别且企业有多台锅炉；补齐本锅炉与治理设施对应关系
SRC-RAW-A2F66856176211F75ED0,PM2.5,SOURCE_RELATION_MISSING,GYGL仅为工业锅炉类别且企业有多台锅炉；补齐本锅炉与治理设施对应关系
SRC-RAW-A2F66856176211F75ED0,NH3,SOURCE_RELATION_MISSING,工业锅炉类别脱硝设施对应多台锅炉；补齐设备—脱硝设施关系
SRC-RAW-A2F66856176211F75ED0,NH3,POLLUTANT_PARAMETER_MISSING,补齐脱硝SCR/SNCR工艺，表E.1按煤计的氨因子不能据设施名称选定
SRC-RAW-A2F66856176211F75ED0,NH3,factor_not_applicable,表E.1氨因子分母为煤，当前燃料天然气不具备可直接使用的氨因子；提供适用因子或实测氨排放
SRC-RAW-4A235B31EB462794CA66,NOx,SOURCE_RELATION_MISSING,GYGL仅为工业锅炉类别且企业有多台锅炉；补齐本锅炉与治理设施对应关系
SRC-RAW-4A235B31EB462794CA66,PM10,SOURCE_RELATION_MISSING,GYGL仅为工业锅炉类别且企业有多台锅炉；补齐本锅炉与治理设施对应关系
SRC-RAW-4A235B31EB462794CA66,PM2.5,SOURCE_RELATION_MISSING,GYGL仅为工业锅炉类别且企业有多台锅炉；补齐本锅炉与治理设施对应关系
SRC-RAW-4A235B31EB462794CA66,NH3,SOURCE_RELATION_MISSING,工业锅炉类别脱硝设施对应多台锅炉；补齐设备—脱硝设施关系
SRC-RAW-4A235B31EB462794CA66,NH3,POLLUTANT_PARAMETER_MISSING,补齐脱硝SCR/SNCR工艺，表E.1按煤计的氨因子不能据设施名称选定
SRC-RAW-4A235B31EB462794CA66,NH3,factor_not_applicable,表E.1氨因子分母为煤，当前燃料天然气不具备可直接使用的氨因子；提供适用因子或实测氨排放
SRC-RAW-57219D96F176BE4B4603,NOx,SOURCE_RELATION_MISSING,GYGL仅为工业锅炉类别且企业有多台锅炉；补齐本锅炉与治理设施对应关系
SRC-RAW-57219D96F176BE4B4603,PM10,SOURCE_RELATION_MISSING,GYGL仅为工业锅炉类别且企业有多台锅炉；补齐本锅炉与治理设施对应关系
SRC-RAW-57219D96F176BE4B4603,PM2.5,SOURCE_RELATION_MISSING,GYGL仅为工业锅炉类别且企业有多台锅炉；补齐本锅炉与治理设施对应关系
SRC-RAW-57219D96F176BE4B4603,NH3,SOURCE_RELATION_MISSING,工业锅炉类别脱硝设施对应多台锅炉；补齐设备—脱硝设施关系
SRC-RAW-57219D96F176BE4B4603,NH3,POLLUTANT_PARAMETER_MISSING,补齐脱硝SCR/SNCR工艺，表E.1按煤计的氨因子不能据设施名称选定
SRC-RAW-57219D96F176BE4B4603,NH3,factor_not_applicable,表E.1氨因子分母为煤，当前燃料天然气不具备可直接使用的氨因子；提供适用因子或实测氨排放
SRC-RAW-9CDF74DCD2D887F99169,NOx,SOURCE_RELATION_MISSING,GYGL仅为工业锅炉类别且企业有多台锅炉；补齐本锅炉与治理设施对应关系
SRC-RAW-9CDF74DCD2D887F99169,PM10,SOURCE_RELATION_MISSING,GYGL仅为工业锅炉类别且企业有多台锅炉；补齐本锅炉与治理设施对应关系
SRC-RAW-9CDF74DCD2D887F99169,PM2.5,SOURCE_RELATION_MISSING,GYGL仅为工业锅炉类别且企业有多台锅炉；补齐本锅炉与治理设施对应关系
SRC-RAW-9CDF74DCD2D887F99169,NH3,SOURCE_RELATION_MISSING,工业锅炉类别脱硝设施对应多台锅炉；补齐设备—脱硝设施关系
SRC-RAW-9CDF74DCD2D887F99169,NH3,POLLUTANT_PARAMETER_MISSING,补齐脱硝SCR/SNCR工艺，表E.1按煤计的氨因子不能据设施名称选定
SRC-RAW-9CDF74DCD2D887F99169,NH3,factor_not_applicable,表E.1氨因子分母为煤，当前燃料天然气不具备可直接使用的氨因子；提供适用因子或实测氨排放
SRC-RAW-E8160218F0F65A638AE0,NOx,SOURCE_RELATION_MISSING,GYGL仅为工业锅炉类别且企业有多台锅炉；补齐本锅炉与治理设施对应关系
SRC-RAW-E8160218F0F65A638AE0,PM10,SOURCE_RELATION_MISSING,GYGL仅为工业锅炉类别且企业有多台锅炉；补齐本锅炉与治理设施对应关系
SRC-RAW-E8160218F0F65A638AE0,PM2.5,SOURCE_RELATION_MISSING,GYGL仅为工业锅炉类别且企业有多台锅炉；补齐本锅炉与治理设施对应关系
SRC-RAW-E8160218F0F65A638AE0,NH3,SOURCE_RELATION_MISSING,工业锅炉类别脱硝设施对应多台锅炉；补齐设备—脱硝设施关系
SRC-RAW-E8160218F0F65A638AE0,NH3,POLLUTANT_PARAMETER_MISSING,补齐脱硝SCR/SNCR工艺，表E.1按煤计的氨因子不能据设施名称选定
SRC-RAW-E8160218F0F65A638AE0,NH3,factor_not_applicable,表E.1氨因子分母为煤，当前燃料天然气不具备可直接使用的氨因子；提供适用因子或实测氨排放
SRC-RAW-C30BBD23CA5FA3386991,NOx,SOURCE_RELATION_MISSING,GYGL仅为工业锅炉类别且企业有多台锅炉；补齐本锅炉与治理设施对应关系
SRC-RAW-C30BBD23CA5FA3386991,PM10,SOURCE_RELATION_MISSING,GYGL仅为工业锅炉类别且企业有多台锅炉；补齐本锅炉与治理设施对应关系
SRC-RAW-C30BBD23CA5FA3386991,PM2.5,SOURCE_RELATION_MISSING,GYGL仅为工业锅炉类别且企业有多台锅炉；补齐本锅炉与治理设施对应关系
SRC-RAW-C30BBD23CA5FA3386991,NH3,SOURCE_RELATION_MISSING,工业锅炉类别脱硝设施对应多台锅炉；补齐设备—脱硝设施关系
SRC-RAW-C30BBD23CA5FA3386991,NH3,POLLUTANT_PARAMETER_MISSING,补齐脱硝SCR/SNCR工艺，表E.1按煤计的氨因子不能据设施名称选定
SRC-RAW-C30BBD23CA5FA3386991,NH3,factor_not_applicable,表E.1氨因子分母为煤，当前燃料天然气不具备可直接使用的氨因子；提供适用因子或实测氨排放
SRC-RAW-697A5FB9C15C1A8B6387,NOx,SOURCE_RELATION_MISSING,GYGL仅为工业锅炉类别且企业有多台锅炉；补齐本锅炉与治理设施对应关系
SRC-RAW-697A5FB9C15C1A8B6387,PM10,SOURCE_RELATION_MISSING,GYGL仅为工业锅炉类别且企业有多台锅炉；补齐本锅炉与治理设施对应关系
SRC-RAW-697A5FB9C15C1A8B6387,PM2.5,SOURCE_RELATION_MISSING,GYGL仅为工业锅炉类别且企业有多台锅炉；补齐本锅炉与治理设施对应关系
SRC-RAW-697A5FB9C15C1A8B6387,NH3,SOURCE_RELATION_MISSING,工业锅炉类别脱硝设施对应多台锅炉；补齐设备—脱硝设施关系
SRC-RAW-697A5FB9C15C1A8B6387,NH3,POLLUTANT_PARAMETER_MISSING,补齐脱硝SCR/SNCR工艺，表E.1按煤计的氨因子不能据设施名称选定
SRC-RAW-697A5FB9C15C1A8B6387,NH3,factor_not_applicable,表E.1氨因子分母为煤，当前燃料天然气不具备可直接使用的氨因子；提供适用因子或实测氨排放
SRC-RAW-A00E107D6B6F106C5072,NOx,SOURCE_RELATION_MISSING,GYGL仅为工业锅炉类别且企业有多台锅炉；补齐本锅炉与治理设施对应关系
SRC-RAW-A00E107D6B6F106C5072,PM10,SOURCE_RELATION_MISSING,GYGL仅为工业锅炉类别且企业有多台锅炉；补齐本锅炉与治理设施对应关系
SRC-RAW-A00E107D6B6F106C5072,PM2.5,SOURCE_RELATION_MISSING,GYGL仅为工业锅炉类别且企业有多台锅炉；补齐本锅炉与治理设施对应关系
SRC-RAW-A00E107D6B6F106C5072,NH3,SOURCE_RELATION_MISSING,工业锅炉类别脱硝设施对应多台锅炉；补齐设备—脱硝设施关系
SRC-RAW-A00E107D6B6F106C5072,NH3,POLLUTANT_PARAMETER_MISSING,补齐脱硝SCR/SNCR工艺，表E.1按煤计的氨因子不能据设施名称选定
SRC-RAW-A00E107D6B6F106C5072,NH3,factor_not_applicable,表E.1氨因子分母为煤，当前燃料天然气不具备可直接使用的氨因子；提供适用因子或实测氨排放
SRC-RAW-6A7ACE363C66F836898E,NOx,SOURCE_RELATION_MISSING,GYGL仅为工业锅炉类别且企业有多台锅炉；补齐本锅炉与治理设施对应关系
SRC-RAW-6A7ACE363C66F836898E,PM10,SOURCE_RELATION_MISSING,GYGL仅为工业锅炉类别且企业有多台锅炉；补齐本锅炉与治理设施对应关系
SRC-RAW-6A7ACE363C66F836898E,PM2.5,SOURCE_RELATION_MISSING,GYGL仅为工业锅炉类别且企业有多台锅炉；补齐本锅炉与治理设施对应关系
SRC-RAW-6A7ACE363C66F836898E,NH3,SOURCE_RELATION_MISSING,工业锅炉类别脱硝设施对应多台锅炉；补齐设备—脱硝设施关系
SRC-RAW-6A7ACE363C66F836898E,NH3,POLLUTANT_PARAMETER_MISSING,补齐脱硝SCR/SNCR工艺，表E.1按煤计的氨因子不能据设施名称选定
SRC-RAW-6A7ACE363C66F836898E,NH3,factor_not_applicable,表E.1氨因子分母为煤，当前燃料天然气不具备可直接使用的氨因子；提供适用因子或实测氨排放
SRC-RAW-5A2E56310A0AD0B4A2FE,NOx,SOURCE_RELATION_MISSING,GYGL仅为工业锅炉类别且企业有多台锅炉；补齐本锅炉与治理设施对应关系
SRC-RAW-5A2E56310A0AD0B4A2FE,PM10,SOURCE_RELATION_MISSING,GYGL仅为工业锅炉类别且企业有多台锅炉；补齐本锅炉与治理设施对应关系
SRC-RAW-5A2E56310A0AD0B4A2FE,PM2.5,SOURCE_RELATION_MISSING,GYGL仅为工业锅炉类别且企业有多台锅炉；补齐本锅炉与治理设施对应关系
SRC-RAW-5A2E56310A0AD0B4A2FE,NH3,SOURCE_RELATION_MISSING,工业锅炉类别脱硝设施对应多台锅炉；补齐设备—脱硝设施关系
SRC-RAW-5A2E56310A0AD0B4A2FE,NH3,POLLUTANT_PARAMETER_MISSING,补齐脱硝SCR/SNCR工艺，表E.1按煤计的氨因子不能据设施名称选定
SRC-RAW-5A2E56310A0AD0B4A2FE,NH3,factor_not_applicable,表E.1氨因子分母为煤，当前燃料天然气不具备可直接使用的氨因子；提供适用因子或实测氨排放
SRC-RAW-79B9E530A61A188D8E63,NOx,SOURCE_RELATION_MISSING,GYGL仅为工业锅炉类别且企业有多台锅炉；补齐本锅炉与治理设施对应关系
SRC-RAW-79B9E530A61A188D8E63,PM10,SOURCE_RELATION_MISSING,GYGL仅为工业锅炉类别且企业有多台锅炉；补齐本锅炉与治理设施对应关系
SRC-RAW-79B9E530A61A188D8E63,PM2.5,SOURCE_RELATION_MISSING,GYGL仅为工业锅炉类别且企业有多台锅炉；补齐本锅炉与治理设施对应关系
SRC-RAW-79B9E530A61A188D8E63,NH3,SOURCE_RELATION_MISSING,工业锅炉类别脱硝设施对应多台锅炉；补齐设备—脱硝设施关系
SRC-RAW-79B9E530A61A188D8E63,NH3,POLLUTANT_PARAMETER_MISSING,补齐脱硝SCR/SNCR工艺，表E.1按煤计的氨因子不能据设施名称选定
SRC-RAW-79B9E530A61A188D8E63,NH3,factor_not_applicable,表E.1氨因子分母为煤，当前燃料天然气不具备可直接使用的氨因子；提供适用因子或实测氨排放
SRC-RAW-E8B4619984310D9A8D61,NOx,SOURCE_RELATION_MISSING,GYGL仅为工业锅炉类别且企业有多台锅炉；补齐本锅炉与治理设施对应关系
SRC-RAW-E8B4619984310D9A8D61,PM10,SOURCE_RELATION_MISSING,GYGL仅为工业锅炉类别且企业有多台锅炉；补齐本锅炉与治理设施对应关系
SRC-RAW-E8B4619984310D9A8D61,PM2.5,SOURCE_RELATION_MISSING,GYGL仅为工业锅炉类别且企业有多台锅炉；补齐本锅炉与治理设施对应关系
SRC-RAW-E8B4619984310D9A8D61,NH3,SOURCE_RELATION_MISSING,工业锅炉类别脱硝设施对应多台锅炉；补齐设备—脱硝设施关系
SRC-RAW-E8B4619984310D9A8D61,NH3,POLLUTANT_PARAMETER_MISSING,补齐脱硝SCR/SNCR工艺，表E.1按煤计的氨因子不能据设施名称选定
SRC-RAW-E8B4619984310D9A8D61,NH3,factor_not_applicable,表E.1氨因子分母为煤，当前燃料天然气不具备可直接使用的氨因子；提供适用因子或实测氨排放
SRC-RAW-5DB221B2784D9C9B4E49,NOx,SOURCE_RELATION_MISSING,GYGL仅为工业锅炉类别且企业有多台锅炉；补齐本锅炉与治理设施对应关系
SRC-RAW-5DB221B2784D9C9B4E49,PM10,SOURCE_RELATION_MISSING,GYGL仅为工业锅炉类别且企业有多台锅炉；补齐本锅炉与治理设施对应关系
SRC-RAW-5DB221B2784D9C9B4E49,PM2.5,SOURCE_RELATION_MISSING,GYGL仅为工业锅炉类别且企业有多台锅炉；补齐本锅炉与治理设施对应关系
SRC-RAW-5DB221B2784D9C9B4E49,NH3,SOURCE_RELATION_MISSING,工业锅炉类别脱硝设施对应多台锅炉；补齐设备—脱硝设施关系
SRC-RAW-5DB221B2784D9C9B4E49,NH3,POLLUTANT_PARAMETER_MISSING,补齐脱硝SCR/SNCR工艺，表E.1按煤计的氨因子不能据设施名称选定
SRC-RAW-5DB221B2784D9C9B4E49,NH3,factor_not_applicable,表E.1氨因子分母为煤，当前燃料天然气不具备可直接使用的氨因子；提供适用因子或实测氨排放
SRC-RAW-D69E3EB7F873ECF02B86,NOx,SOURCE_RELATION_MISSING,GYGL仅为工业锅炉类别且企业有多台锅炉；补齐本锅炉与治理设施对应关系
SRC-RAW-D69E3EB7F873ECF02B86,PM10,SOURCE_RELATION_MISSING,GYGL仅为工业锅炉类别且企业有多台锅炉；补齐本锅炉与治理设施对应关系
SRC-RAW-D69E3EB7F873ECF02B86,PM2.5,SOURCE_RELATION_MISSING,GYGL仅为工业锅炉类别且企业有多台锅炉；补齐本锅炉与治理设施对应关系
SRC-RAW-D69E3EB7F873ECF02B86,NH3,SOURCE_RELATION_MISSING,工业锅炉类别脱硝设施对应多台锅炉；补齐设备—脱硝设施关系
SRC-RAW-D69E3EB7F873ECF02B86,NH3,POLLUTANT_PARAMETER_MISSING,补齐脱硝SCR/SNCR工艺，表E.1按煤计的氨因子不能据设施名称选定
SRC-RAW-D69E3EB7F873ECF02B86,NH3,factor_not_applicable,表E.1氨因子分母为煤，当前燃料天然气不具备可直接使用的氨因子；提供适用因子或实测氨排放
SRC-RAW-36101E9EBF7E33EB32CE,NOx,SOURCE_RELATION_MISSING,GYGL仅为工业锅炉类别且企业有多台锅炉；补齐本锅炉与治理设施对应关系
SRC-RAW-36101E9EBF7E33EB32CE,PM10,SOURCE_RELATION_MISSING,GYGL仅为工业锅炉类别且企业有多台锅炉；补齐本锅炉与治理设施对应关系
SRC-RAW-36101E9EBF7E33EB32CE,PM2.5,SOURCE_RELATION_MISSING,GYGL仅为工业锅炉类别且企业有多台锅炉；补齐本锅炉与治理设施对应关系
SRC-RAW-36101E9EBF7E33EB32CE,NH3,SOURCE_RELATION_MISSING,工业锅炉类别脱硝设施对应多台锅炉；补齐设备—脱硝设施关系
SRC-RAW-36101E9EBF7E33EB32CE,NH3,POLLUTANT_PARAMETER_MISSING,补齐脱硝SCR/SNCR工艺，表E.1按煤计的氨因子不能据设施名称选定
SRC-RAW-36101E9EBF7E33EB32CE,NH3,factor_not_applicable,表E.1氨因子分母为煤，当前燃料天然气不具备可直接使用的氨因子；提供适用因子或实测氨排放
SRC-RAW-EF0B383F1F4D5FF30A41,NOx,SOURCE_RELATION_MISSING,GYGL仅为工业锅炉类别且企业有多台锅炉；补齐本锅炉与治理设施对应关系
SRC-RAW-EF0B383F1F4D5FF30A41,PM10,SOURCE_RELATION_MISSING,GYGL仅为工业锅炉类别且企业有多台锅炉；补齐本锅炉与治理设施对应关系
SRC-RAW-EF0B383F1F4D5FF30A41,PM2.5,SOURCE_RELATION_MISSING,GYGL仅为工业锅炉类别且企业有多台锅炉；补齐本锅炉与治理设施对应关系
SRC-RAW-EF0B383F1F4D5FF30A41,NH3,SOURCE_RELATION_MISSING,工业锅炉类别脱硝设施对应多台锅炉；补齐设备—脱硝设施关系
SRC-RAW-EF0B383F1F4D5FF30A41,NH3,POLLUTANT_PARAMETER_MISSING,补齐脱硝SCR/SNCR工艺，表E.1按煤计的氨因子不能据设施名称选定
SRC-RAW-EF0B383F1F4D5FF30A41,NH3,factor_not_applicable,表E.1氨因子分母为煤，当前燃料天然气不具备可直接使用的氨因子；提供适用因子或实测氨排放
SRC-RAW-3EF12D8C6D02A49609FD,NOx,SOURCE_RELATION_MISSING,GYGL仅为工业锅炉类别且企业有多台锅炉；补齐本锅炉与治理设施对应关系
SRC-RAW-3EF12D8C6D02A49609FD,PM10,SOURCE_RELATION_MISSING,GYGL仅为工业锅炉类别且企业有多台锅炉；补齐本锅炉与治理设施对应关系
SRC-RAW-3EF12D8C6D02A49609FD,PM2.5,SOURCE_RELATION_MISSING,GYGL仅为工业锅炉类别且企业有多台锅炉；补齐本锅炉与治理设施对应关系
SRC-RAW-3EF12D8C6D02A49609FD,NH3,SOURCE_RELATION_MISSING,工业锅炉类别脱硝设施对应多台锅炉；补齐设备—脱硝设施关系
SRC-RAW-3EF12D8C6D02A49609FD,NH3,POLLUTANT_PARAMETER_MISSING,补齐脱硝SCR/SNCR工艺，表E.1按煤计的氨因子不能据设施名称选定
SRC-RAW-3EF12D8C6D02A49609FD,NH3,factor_not_applicable,表E.1氨因子分母为煤，当前燃料天然气不具备可直接使用的氨因子；提供适用因子或实测氨排放
SRC-RAW-7B07FD44FD6EAD154128,NOx,SOURCE_RELATION_MISSING,GYGL仅为工业锅炉类别且企业有多台锅炉；补齐本锅炉与治理设施对应关系
SRC-RAW-7B07FD44FD6EAD154128,PM10,SOURCE_RELATION_MISSING,GYGL仅为工业锅炉类别且企业有多台锅炉；补齐本锅炉与治理设施对应关系
SRC-RAW-7B07FD44FD6EAD154128,PM2.5,SOURCE_RELATION_MISSING,GYGL仅为工业锅炉类别且企业有多台锅炉；补齐本锅炉与治理设施对应关系
SRC-RAW-7B07FD44FD6EAD154128,NH3,SOURCE_RELATION_MISSING,工业锅炉类别脱硝设施对应多台锅炉；补齐设备—脱硝设施关系
SRC-RAW-7B07FD44FD6EAD154128,NH3,POLLUTANT_PARAMETER_MISSING,补齐脱硝SCR/SNCR工艺，表E.1按煤计的氨因子不能据设施名称选定
SRC-RAW-7B07FD44FD6EAD154128,NH3,factor_not_applicable,表E.1氨因子分母为煤，当前燃料天然气不具备可直接使用的氨因子；提供适用因子或实测氨排放
SRC-RAW-2A75407AFD0891257684,NOx,SOURCE_RELATION_MISSING,GYGL仅为工业锅炉类别且企业有多台锅炉；补齐本锅炉与治理设施对应关系
SRC-RAW-2A75407AFD0891257684,PM10,SOURCE_RELATION_MISSING,GYGL仅为工业锅炉类别且企业有多台锅炉；补齐本锅炉与治理设施对应关系
SRC-RAW-2A75407AFD0891257684,PM2.5,SOURCE_RELATION_MISSING,GYGL仅为工业锅炉类别且企业有多台锅炉；补齐本锅炉与治理设施对应关系
SRC-RAW-2A75407AFD0891257684,NH3,SOURCE_RELATION_MISSING,工业锅炉类别脱硝设施对应多台锅炉；补齐设备—脱硝设施关系
SRC-RAW-2A75407AFD0891257684,NH3,POLLUTANT_PARAMETER_MISSING,补齐脱硝SCR/SNCR工艺，表E.1按煤计的氨因子不能据设施名称选定
SRC-RAW-2A75407AFD0891257684,NH3,factor_not_applicable,表E.1氨因子分母为煤，当前燃料天然气不具备可直接使用的氨因子；提供适用因子或实测氨排放
SRC-RAW-AF6FD4967F6A9FA293A9,NOx,SOURCE_RELATION_MISSING,GYGL仅为工业锅炉类别且企业有多台锅炉；补齐本锅炉与治理设施对应关系
SRC-RAW-AF6FD4967F6A9FA293A9,PM10,SOURCE_RELATION_MISSING,GYGL仅为工业锅炉类别且企业有多台锅炉；补齐本锅炉与治理设施对应关系
SRC-RAW-AF6FD4967F6A9FA293A9,PM2.5,SOURCE_RELATION_MISSING,GYGL仅为工业锅炉类别且企业有多台锅炉；补齐本锅炉与治理设施对应关系
SRC-RAW-AF6FD4967F6A9FA293A9,NH3,SOURCE_RELATION_MISSING,工业锅炉类别脱硝设施对应多台锅炉；补齐设备—脱硝设施关系
SRC-RAW-AF6FD4967F6A9FA293A9,NH3,POLLUTANT_PARAMETER_MISSING,补齐脱硝SCR/SNCR工艺，表E.1按煤计的氨因子不能据设施名称选定
SRC-RAW-AF6FD4967F6A9FA293A9,NH3,factor_not_applicable,表E.1氨因子分母为煤，当前燃料天然气不具备可直接使用的氨因子；提供适用因子或实测氨排放
SRC-RAW-2BCB801DA39CA2AEE267,NOx,SOURCE_RELATION_MISSING,GYGL仅为工业锅炉类别且企业有多台锅炉；补齐本锅炉与治理设施对应关系
SRC-RAW-2BCB801DA39CA2AEE267,PM10,SOURCE_RELATION_MISSING,GYGL仅为工业锅炉类别且企业有多台锅炉；补齐本锅炉与治理设施对应关系
SRC-RAW-2BCB801DA39CA2AEE267,PM2.5,SOURCE_RELATION_MISSING,GYGL仅为工业锅炉类别且企业有多台锅炉；补齐本锅炉与治理设施对应关系
SRC-RAW-2BCB801DA39CA2AEE267,NH3,SOURCE_RELATION_MISSING,工业锅炉类别脱硝设施对应多台锅炉；补齐设备—脱硝设施关系
SRC-RAW-2BCB801DA39CA2AEE267,NH3,POLLUTANT_PARAMETER_MISSING,补齐脱硝SCR/SNCR工艺，表E.1按煤计的氨因子不能据设施名称选定
SRC-RAW-2BCB801DA39CA2AEE267,NH3,factor_not_applicable,表E.1氨因子分母为煤，当前燃料天然气不具备可直接使用的氨因子；提供适用因子或实测氨排放
SRC-RAW-96965189696FEEF625BD,NOx,SOURCE_RELATION_MISSING,GYGL仅为工业锅炉类别且企业有多台锅炉；补齐本锅炉与治理设施对应关系
SRC-RAW-96965189696FEEF625BD,PM10,SOURCE_RELATION_MISSING,GYGL仅为工业锅炉类别且企业有多台锅炉；补齐本锅炉与治理设施对应关系
SRC-RAW-96965189696FEEF625BD,PM2.5,SOURCE_RELATION_MISSING,GYGL仅为工业锅炉类别且企业有多台锅炉；补齐本锅炉与治理设施对应关系
SRC-RAW-96965189696FEEF625BD,NH3,SOURCE_RELATION_MISSING,工业锅炉类别脱硝设施对应多台锅炉；补齐设备—脱硝设施关系
SRC-RAW-96965189696FEEF625BD,NH3,POLLUTANT_PARAMETER_MISSING,补齐脱硝SCR/SNCR工艺，表E.1按煤计的氨因子不能据设施名称选定
SRC-RAW-96965189696FEEF625BD,NH3,factor_not_applicable,表E.1氨因子分母为煤，当前燃料天然气不具备可直接使用的氨因子；提供适用因子或实测氨排放
SRC-RAW-047B5DC7001BE36DF321,NOx,POLLUTANT_PARAMETER_MISSING,燃烧方式不足以选取E.7的CO/NOx/VOC系数；确认手动或自动炉排
SRC-RAW-047B5DC7001BE36DF321,NOx,POLLUTANT_PARAMETER_MISSING,是否采用低氮燃烧技术缺失；确认后选取NOx控制参数
SRC-RAW-047B5DC7001BE36DF321,CO,POLLUTANT_PARAMETER_MISSING,燃烧方式不足以选取E.7的CO/NOx/VOC系数；确认手动或自动炉排
SRC-RAW-047B5DC7001BE36DF321,VOC,POLLUTANT_PARAMETER_MISSING,燃烧方式不足以选取E.7的CO/NOx/VOC系数；确认手动或自动炉排
SRC-RAW-047B5DC7001BE36DF321,PM10,POLLUTANT_PARAMETER_MISSING,燃烧方式不足以选取C.1—C.3参数；补齐炉型
SRC-RAW-047B5DC7001BE36DF321,PM2.5,POLLUTANT_PARAMETER_MISSING,燃烧方式不足以选取C.1—C.3参数；补齐炉型
SRC-RAW-047B5DC7001BE36DF321,BC,POLLUTANT_PARAMETER_MISSING,燃烧方式不足以选取C.1—C.3参数；补齐炉型
SRC-RAW-047B5DC7001BE36DF321,OC,POLLUTANT_PARAMETER_MISSING,燃烧方式不足以选取C.1—C.3参数；补齐炉型
SRC-RAW-6D23CF0454501646150C,NOx,SOURCE_RELATION_MISSING,GYGL仅为工业锅炉类别且企业有多台锅炉；补齐本锅炉与治理设施对应关系
SRC-RAW-6D23CF0454501646150C,PM10,SOURCE_RELATION_MISSING,GYGL仅为工业锅炉类别且企业有多台锅炉；补齐本锅炉与治理设施对应关系
SRC-RAW-6D23CF0454501646150C,PM2.5,SOURCE_RELATION_MISSING,GYGL仅为工业锅炉类别且企业有多台锅炉；补齐本锅炉与治理设施对应关系
SRC-RAW-6D23CF0454501646150C,NH3,SOURCE_RELATION_MISSING,工业锅炉类别脱硝设施对应多台锅炉；补齐设备—脱硝设施关系
SRC-RAW-6D23CF0454501646150C,NH3,POLLUTANT_PARAMETER_MISSING,补齐脱硝SCR/SNCR工艺，表E.1按煤计的氨因子不能据设施名称选定
SRC-RAW-6D23CF0454501646150C,NH3,factor_not_applicable,表E.1氨因子分母为煤，当前燃料天然气不具备可直接使用的氨因子；提供适用因子或实测氨排放
SRC-RAW-16D29E2EF77BA05C9B52,NOx,SOURCE_RELATION_MISSING,GYGL仅为工业锅炉类别且企业有多台锅炉；补齐本锅炉与治理设施对应关系
SRC-RAW-16D29E2EF77BA05C9B52,PM10,SOURCE_RELATION_MISSING,GYGL仅为工业锅炉类别且企业有多台锅炉；补齐本锅炉与治理设施对应关系
SRC-RAW-16D29E2EF77BA05C9B52,PM2.5,SOURCE_RELATION_MISSING,GYGL仅为工业锅炉类别且企业有多台锅炉；补齐本锅炉与治理设施对应关系
SRC-RAW-16D29E2EF77BA05C9B52,NH3,SOURCE_RELATION_MISSING,工业锅炉类别脱硝设施对应多台锅炉；补齐设备—脱硝设施关系
SRC-RAW-16D29E2EF77BA05C9B52,NH3,POLLUTANT_PARAMETER_MISSING,补齐脱硝SCR/SNCR工艺，表E.1按煤计的氨因子不能据设施名称选定
SRC-RAW-16D29E2EF77BA05C9B52,NH3,factor_not_applicable,表E.1氨因子分母为煤，当前燃料天然气不具备可直接使用的氨因子；提供适用因子或实测氨排放
SRC-RAW-B356B2E71C035568C9FB,NOx,SOURCE_RELATION_MISSING,GYGL仅为工业锅炉类别且企业有多台锅炉；补齐本锅炉与治理设施对应关系
SRC-RAW-B356B2E71C035568C9FB,PM10,SOURCE_RELATION_MISSING,GYGL仅为工业锅炉类别且企业有多台锅炉；补齐本锅炉与治理设施对应关系
SRC-RAW-B356B2E71C035568C9FB,PM2.5,SOURCE_RELATION_MISSING,GYGL仅为工业锅炉类别且企业有多台锅炉；补齐本锅炉与治理设施对应关系
SRC-RAW-B356B2E71C035568C9FB,NH3,SOURCE_RELATION_MISSING,工业锅炉类别脱硝设施对应多台锅炉；补齐设备—脱硝设施关系
SRC-RAW-B356B2E71C035568C9FB,NH3,POLLUTANT_PARAMETER_MISSING,补齐脱硝SCR/SNCR工艺，表E.1按煤计的氨因子不能据设施名称选定
SRC-RAW-B356B2E71C035568C9FB,NH3,factor_not_applicable,表E.1氨因子分母为煤，当前燃料天然气不具备可直接使用的氨因子；提供适用因子或实测氨排放
SRC-RAW-8F099E94334F1880537D,NOx,SOURCE_RELATION_MISSING,GYGL仅为工业锅炉类别且企业有多台锅炉；补齐本锅炉与治理设施对应关系
SRC-RAW-8F099E94334F1880537D,PM10,SOURCE_RELATION_MISSING,GYGL仅为工业锅炉类别且企业有多台锅炉；补齐本锅炉与治理设施对应关系
SRC-RAW-8F099E94334F1880537D,PM2.5,SOURCE_RELATION_MISSING,GYGL仅为工业锅炉类别且企业有多台锅炉；补齐本锅炉与治理设施对应关系
SRC-RAW-8F099E94334F1880537D,NH3,SOURCE_RELATION_MISSING,工业锅炉类别脱硝设施对应多台锅炉；补齐设备—脱硝设施关系
SRC-RAW-8F099E94334F1880537D,NH3,POLLUTANT_PARAMETER_MISSING,补齐脱硝SCR/SNCR工艺，表E.1按煤计的氨因子不能据设施名称选定
SRC-RAW-8F099E94334F1880537D,NH3,factor_not_applicable,表E.1氨因子分母为煤，当前燃料天然气不具备可直接使用的氨因子；提供适用因子或实测氨排放
SRC-RAW-0EB294BC18678FD485D2,ALL,SOURCE_RELATION_MISSING,boiler_identity_missing；补齐行业或锅炉身份
SRC-RAW-03FC74BF2F36C0133C7E,ALL,SOURCE_RELATION_MISSING,boiler_identity_missing；补齐行业或锅炉身份
SRC-RAW-DBF1E229DF9B65EC8B58,PM10,POLLUTANT_PARAMETER_MISSING,治理工艺及去除效率缺失；补齐后按A.1选取
SRC-RAW-DBF1E229DF9B65EC8B58,PM10,POLLUTANT_PARAMETER_MISSING,对应治理设施缺年度有效运行小时数，不能将平均效率直接当全年实际效率；补齐设施投运率；颗粒物需区分PM2.5和粗粒径效率
SRC-RAW-DBF1E229DF9B65EC8B58,PM2.5,POLLUTANT_PARAMETER_MISSING,治理工艺及去除效率缺失；补齐后按A.1选取
SRC-RAW-DBF1E229DF9B65EC8B58,PM2.5,POLLUTANT_PARAMETER_MISSING,对应治理设施缺年度有效运行小时数，不能将平均效率直接当全年实际效率；补齐设施投运率；颗粒物需区分PM2.5和粗粒径效率
SRC-RAW-7E48986C76BAE1F445A3,NOx,SOURCE_RELATION_MISSING,GYGL仅为工业锅炉类别且企业有多台锅炉；补齐本锅炉与治理设施对应关系
SRC-RAW-7E48986C76BAE1F445A3,PM10,SOURCE_RELATION_MISSING,GYGL仅为工业锅炉类别且企业有多台锅炉；补齐本锅炉与治理设施对应关系
SRC-RAW-7E48986C76BAE1F445A3,PM2.5,SOURCE_RELATION_MISSING,GYGL仅为工业锅炉类别且企业有多台锅炉；补齐本锅炉与治理设施对应关系
SRC-RAW-7E48986C76BAE1F445A3,NH3,SOURCE_RELATION_MISSING,工业锅炉类别脱硝设施对应多台锅炉；补齐设备—脱硝设施关系
SRC-RAW-7E48986C76BAE1F445A3,NH3,POLLUTANT_PARAMETER_MISSING,补齐脱硝SCR/SNCR工艺，表E.1按煤计的氨因子不能据设施名称选定
SRC-RAW-7E48986C76BAE1F445A3,NH3,factor_not_applicable,表E.1氨因子分母为煤，当前燃料天然气不具备可直接使用的氨因子；提供适用因子或实测氨排放
SRC-RAW-C4689444558D3D3F6B12,NOx,SOURCE_RELATION_MISSING,GYGL仅为工业锅炉类别且企业有多台锅炉；补齐本锅炉与治理设施对应关系
SRC-RAW-C4689444558D3D3F6B12,PM10,SOURCE_RELATION_MISSING,GYGL仅为工业锅炉类别且企业有多台锅炉；补齐本锅炉与治理设施对应关系
SRC-RAW-C4689444558D3D3F6B12,PM2.5,SOURCE_RELATION_MISSING,GYGL仅为工业锅炉类别且企业有多台锅炉；补齐本锅炉与治理设施对应关系
SRC-RAW-C4689444558D3D3F6B12,NH3,SOURCE_RELATION_MISSING,工业锅炉类别脱硝设施对应多台锅炉；补齐设备—脱硝设施关系
SRC-RAW-C4689444558D3D3F6B12,NH3,POLLUTANT_PARAMETER_MISSING,补齐脱硝SCR/SNCR工艺，表E.1按煤计的氨因子不能据设施名称选定
SRC-RAW-C4689444558D3D3F6B12,NH3,factor_not_applicable,表E.1氨因子分母为煤，当前燃料天然气不具备可直接使用的氨因子；提供适用因子或实测氨排放
SRC-RAW-2B77F0373D62781CFC89,NOx,SOURCE_RELATION_MISSING,GYGL仅为工业锅炉类别且企业有多台锅炉；补齐本锅炉与治理设施对应关系
SRC-RAW-2B77F0373D62781CFC89,PM10,SOURCE_RELATION_MISSING,GYGL仅为工业锅炉类别且企业有多台锅炉；补齐本锅炉与治理设施对应关系
SRC-RAW-2B77F0373D62781CFC89,PM2.5,SOURCE_RELATION_MISSING,GYGL仅为工业锅炉类别且企业有多台锅炉；补齐本锅炉与治理设施对应关系
SRC-RAW-2B77F0373D62781CFC89,NH3,SOURCE_RELATION_MISSING,工业锅炉类别脱硝设施对应多台锅炉；补齐设备—脱硝设施关系
SRC-RAW-2B77F0373D62781CFC89,NH3,POLLUTANT_PARAMETER_MISSING,补齐脱硝SCR/SNCR工艺，表E.1按煤计的氨因子不能据设施名称选定
SRC-RAW-2B77F0373D62781CFC89,NH3,factor_not_applicable,表E.1氨因子分母为煤，当前燃料天然气不具备可直接使用的氨因子；提供适用因子或实测氨排放
SRC-RAW-A5A17D585F2737F40532,NOx,POLLUTANT_PARAMETER_MISSING,治理工艺及去除效率缺失；补齐后按A.1选取
SRC-RAW-A5A17D585F2737F40532,NOx,POLLUTANT_PARAMETER_MISSING,对应治理设施缺年度有效运行小时数，不能将平均效率直接当全年实际效率；补齐设施投运率；颗粒物需区分PM2.5和粗粒径效率
SRC-RAW-A5A17D585F2737F40532,PM10,POLLUTANT_PARAMETER_MISSING,治理工艺及去除效率缺失；补齐后按A.1选取
SRC-RAW-A5A17D585F2737F40532,PM10,POLLUTANT_PARAMETER_MISSING,对应治理设施缺年度有效运行小时数，不能将平均效率直接当全年实际效率；补齐设施投运率；颗粒物需区分PM2.5和粗粒径效率
SRC-RAW-A5A17D585F2737F40532,PM2.5,POLLUTANT_PARAMETER_MISSING,治理工艺及去除效率缺失；补齐后按A.1选取
SRC-RAW-A5A17D585F2737F40532,PM2.5,POLLUTANT_PARAMETER_MISSING,对应治理设施缺年度有效运行小时数，不能将平均效率直接当全年实际效率；补齐设施投运率；颗粒物需区分PM2.5和粗粒径效率
SRC-RAW-A5A17D585F2737F40532,NH3,POLLUTANT_PARAMETER_MISSING,补齐脱硝SCR/SNCR工艺，表E.1按煤计的氨因子不能据设施名称选定
SRC-RAW-A5A17D585F2737F40532,NH3,factor_not_applicable,表E.1氨因子分母为煤，当前燃料天然气不具备可直接使用的氨因子；提供适用因子或实测氨排放
SRC-RAW-5254A29C2277F43AAC4A,NOx,SOURCE_RELATION_MISSING,GYGL仅为工业锅炉类别且企业有多台锅炉；补齐本锅炉与治理设施对应关系
SRC-RAW-5254A29C2277F43AAC4A,PM10,SOURCE_RELATION_MISSING,GYGL仅为工业锅炉类别且企业有多台锅炉；补齐本锅炉与治理设施对应关系
SRC-RAW-5254A29C2277F43AAC4A,PM2.5,SOURCE_RELATION_MISSING,GYGL仅为工业锅炉类别且企业有多台锅炉；补齐本锅炉与治理设施对应关系
SRC-RAW-5254A29C2277F43AAC4A,NH3,SOURCE_RELATION_MISSING,工业锅炉类别脱硝设施对应多台锅炉；补齐设备—脱硝设施关系
SRC-RAW-5254A29C2277F43AAC4A,NH3,POLLUTANT_PARAMETER_MISSING,补齐脱硝SCR/SNCR工艺，表E.1按煤计的氨因子不能据设施名称选定
SRC-RAW-5254A29C2277F43AAC4A,NH3,factor_not_applicable,表E.1氨因子分母为煤，当前燃料天然气不具备可直接使用的氨因子；提供适用因子或实测氨排放
SRC-RAW-FF5E5CE3B8A1DC211298,NOx,POLLUTANT_PARAMETER_MISSING,对应治理设施缺年度有效运行小时数，不能将平均效率直接当全年实际效率；补齐设施投运率；颗粒物需区分PM2.5和粗粒径效率
SRC-RAW-FF5E5CE3B8A1DC211298,PM10,POLLUTANT_PARAMETER_MISSING,对应治理设施缺年度有效运行小时数，不能将平均效率直接当全年实际效率；补齐设施投运率；颗粒物需区分PM2.5和粗粒径效率
SRC-RAW-FF5E5CE3B8A1DC211298,PM2.5,POLLUTANT_PARAMETER_MISSING,对应治理设施缺年度有效运行小时数，不能将平均效率直接当全年实际效率；补齐设施投运率；颗粒物需区分PM2.5和粗粒径效率
SRC-RAW-FF5E5CE3B8A1DC211298,BC,POLLUTANT_PARAMETER_MISSING,对应治理设施缺年度有效运行小时数，不能将平均效率直接当全年实际效率；补齐设施投运率；颗粒物需区分PM2.5和粗粒径效率
SRC-RAW-FF5E5CE3B8A1DC211298,OC,POLLUTANT_PARAMETER_MISSING,对应治理设施缺年度有效运行小时数，不能将平均效率直接当全年实际效率；补齐设施投运率；颗粒物需区分PM2.5和粗粒径效率
SRC-RAW-FF5E5CE3B8A1DC211298,NH3,POLLUTANT_PARAMETER_MISSING,补齐脱硝SCR/SNCR工艺，表E.1按煤计的氨因子不能据设施名称选定
SRC-RAW-FF5E5CE3B8A1DC211298,NH3,factor_not_applicable,表E.1氨因子分母为煤，当前燃料液化石油气不具备可直接使用的氨因子；提供适用因子或实测氨排放
SRC-RAW-4A8004516422323BE74D,NOx,SOURCE_RELATION_MISSING,GYGL仅为工业锅炉类别且企业有多台锅炉；补齐本锅炉与治理设施对应关系
SRC-RAW-4A8004516422323BE74D,PM10,SOURCE_RELATION_MISSING,GYGL仅为工业锅炉类别且企业有多台锅炉；补齐本锅炉与治理设施对应关系
SRC-RAW-4A8004516422323BE74D,PM2.5,SOURCE_RELATION_MISSING,GYGL仅为工业锅炉类别且企业有多台锅炉；补齐本锅炉与治理设施对应关系
SRC-RAW-4A8004516422323BE74D,NH3,SOURCE_RELATION_MISSING,工业锅炉类别脱硝设施对应多台锅炉；补齐设备—脱硝设施关系
SRC-RAW-4A8004516422323BE74D,NH3,POLLUTANT_PARAMETER_MISSING,补齐脱硝SCR/SNCR工艺，表E.1按煤计的氨因子不能据设施名称选定
SRC-RAW-4A8004516422323BE74D,NH3,factor_not_applicable,表E.1氨因子分母为煤，当前燃料天然气不具备可直接使用的氨因子；提供适用因子或实测氨排放
SRC-RAW-0E2341F65B65B55809D7,NOx,SOURCE_RELATION_MISSING,GYGL仅为工业锅炉类别且企业有多台锅炉；补齐本锅炉与治理设施对应关系
SRC-RAW-0E2341F65B65B55809D7,PM10,SOURCE_RELATION_MISSING,GYGL仅为工业锅炉类别且企业有多台锅炉；补齐本锅炉与治理设施对应关系
SRC-RAW-0E2341F65B65B55809D7,PM2.5,SOURCE_RELATION_MISSING,GYGL仅为工业锅炉类别且企业有多台锅炉；补齐本锅炉与治理设施对应关系
SRC-RAW-0E2341F65B65B55809D7,NH3,SOURCE_RELATION_MISSING,工业锅炉类别脱硝设施对应多台锅炉；补齐设备—脱硝设施关系
SRC-RAW-0E2341F65B65B55809D7,NH3,POLLUTANT_PARAMETER_MISSING,补齐脱硝SCR/SNCR工艺，表E.1按煤计的氨因子不能据设施名称选定
SRC-RAW-0E2341F65B65B55809D7,NH3,factor_not_applicable,表E.1氨因子分母为煤，当前燃料天然气不具备可直接使用的氨因子；提供适用因子或实测氨排放
SRC-RAW-40B946B0E8AFBA46B822,NOx,SOURCE_RELATION_MISSING,GYGL仅为工业锅炉类别且企业有多台锅炉；补齐本锅炉与治理设施对应关系
SRC-RAW-40B946B0E8AFBA46B822,PM10,SOURCE_RELATION_MISSING,GYGL仅为工业锅炉类别且企业有多台锅炉；补齐本锅炉与治理设施对应关系
SRC-RAW-40B946B0E8AFBA46B822,PM2.5,SOURCE_RELATION_MISSING,GYGL仅为工业锅炉类别且企业有多台锅炉；补齐本锅炉与治理设施对应关系
SRC-RAW-40B946B0E8AFBA46B822,NH3,SOURCE_RELATION_MISSING,工业锅炉类别脱硝设施对应多台锅炉；补齐设备—脱硝设施关系
SRC-RAW-40B946B0E8AFBA46B822,NH3,POLLUTANT_PARAMETER_MISSING,补齐脱硝SCR/SNCR工艺，表E.1按煤计的氨因子不能据设施名称选定
SRC-RAW-40B946B0E8AFBA46B822,NH3,factor_not_applicable,表E.1氨因子分母为煤，当前燃料天然气不具备可直接使用的氨因子；提供适用因子或实测氨排放
SRC-RAW-8DA4A7A55DCFE0FEC10A,NOx,SOURCE_RELATION_MISSING,GYGL仅为工业锅炉类别且企业有多台锅炉；补齐本锅炉与治理设施对应关系
SRC-RAW-8DA4A7A55DCFE0FEC10A,PM10,SOURCE_RELATION_MISSING,GYGL仅为工业锅炉类别且企业有多台锅炉；补齐本锅炉与治理设施对应关系
SRC-RAW-8DA4A7A55DCFE0FEC10A,PM2.5,SOURCE_RELATION_MISSING,GYGL仅为工业锅炉类别且企业有多台锅炉；补齐本锅炉与治理设施对应关系
SRC-RAW-8DA4A7A55DCFE0FEC10A,NH3,SOURCE_RELATION_MISSING,工业锅炉类别脱硝设施对应多台锅炉；补齐设备—脱硝设施关系
SRC-RAW-8DA4A7A55DCFE0FEC10A,NH3,POLLUTANT_PARAMETER_MISSING,补齐脱硝SCR/SNCR工艺，表E.1按煤计的氨因子不能据设施名称选定
SRC-RAW-8DA4A7A55DCFE0FEC10A,NH3,factor_not_applicable,表E.1氨因子分母为煤，当前燃料天然气不具备可直接使用的氨因子；提供适用因子或实测氨排放
SRC-RAW-C284CBCD81B9F3AACDD0,SO2,SOURCE_RELATION_MISSING,GYGL仅为工业锅炉类别且企业有多台锅炉；补齐本锅炉与治理设施对应关系
SRC-RAW-C284CBCD81B9F3AACDD0,NOx,POLLUTANT_PARAMETER_MISSING,燃烧方式不足以选取E.7的CO/NOx/VOC系数；确认手动或自动炉排
SRC-RAW-C284CBCD81B9F3AACDD0,NOx,SOURCE_RELATION_MISSING,GYGL仅为工业锅炉类别且企业有多台锅炉；补齐本锅炉与治理设施对应关系
SRC-RAW-C284CBCD81B9F3AACDD0,CO,POLLUTANT_PARAMETER_MISSING,燃烧方式不足以选取E.7的CO/NOx/VOC系数；确认手动或自动炉排
SRC-RAW-C284CBCD81B9F3AACDD0,VOC,POLLUTANT_PARAMETER_MISSING,燃烧方式不足以选取E.7的CO/NOx/VOC系数；确认手动或自动炉排
SRC-RAW-C284CBCD81B9F3AACDD0,PM10,POLLUTANT_PARAMETER_MISSING,燃烧方式不足以选取C.1—C.3参数；补齐炉型
SRC-RAW-C284CBCD81B9F3AACDD0,PM10,SOURCE_RELATION_MISSING,GYGL仅为工业锅炉类别且企业有多台锅炉；补齐本锅炉与治理设施对应关系
SRC-RAW-C284CBCD81B9F3AACDD0,PM2.5,POLLUTANT_PARAMETER_MISSING,燃烧方式不足以选取C.1—C.3参数；补齐炉型
SRC-RAW-C284CBCD81B9F3AACDD0,PM2.5,SOURCE_RELATION_MISSING,GYGL仅为工业锅炉类别且企业有多台锅炉；补齐本锅炉与治理设施对应关系
SRC-RAW-C284CBCD81B9F3AACDD0,BC,POLLUTANT_PARAMETER_MISSING,燃烧方式不足以选取C.1—C.3参数；补齐炉型
SRC-RAW-C284CBCD81B9F3AACDD0,BC,SOURCE_RELATION_MISSING,GYGL仅为工业锅炉类别且企业有多台锅炉；补齐本锅炉与治理设施对应关系
SRC-RAW-C284CBCD81B9F3AACDD0,OC,POLLUTANT_PARAMETER_MISSING,燃烧方式不足以选取C.1—C.3参数；补齐炉型
SRC-RAW-C284CBCD81B9F3AACDD0,OC,SOURCE_RELATION_MISSING,GYGL仅为工业锅炉类别且企业有多台锅炉；补齐本锅炉与治理设施对应关系
SRC-RAW-C284CBCD81B9F3AACDD0,NH3,SOURCE_RELATION_MISSING,工业锅炉类别脱硝设施对应多台锅炉；补齐设备—脱硝设施关系
SRC-RAW-C284CBCD81B9F3AACDD0,NH3,POLLUTANT_PARAMETER_MISSING,补齐脱硝SCR/SNCR工艺，表E.1按煤计的氨因子不能据设施名称选定
SRC-RAW-23268D17C4F4CCCCF256,SO2,SOURCE_RELATION_MISSING,GYGL仅为工业锅炉类别且企业有多台锅炉；补齐本锅炉与治理设施对应关系
SRC-RAW-23268D17C4F4CCCCF256,NOx,POLLUTANT_PARAMETER_MISSING,燃烧方式不足以选取E.7的CO/NOx/VOC系数；确认手动或自动炉排
SRC-RAW-23268D17C4F4CCCCF256,NOx,SOURCE_RELATION_MISSING,GYGL仅为工业锅炉类别且企业有多台锅炉；补齐本锅炉与治理设施对应关系
SRC-RAW-23268D17C4F4CCCCF256,CO,POLLUTANT_PARAMETER_MISSING,燃烧方式不足以选取E.7的CO/NOx/VOC系数；确认手动或自动炉排
SRC-RAW-23268D17C4F4CCCCF256,VOC,POLLUTANT_PARAMETER_MISSING,燃烧方式不足以选取E.7的CO/NOx/VOC系数；确认手动或自动炉排
SRC-RAW-23268D17C4F4CCCCF256,PM10,POLLUTANT_PARAMETER_MISSING,燃烧方式不足以选取C.1—C.3参数；补齐炉型
SRC-RAW-23268D17C4F4CCCCF256,PM10,SOURCE_RELATION_MISSING,GYGL仅为工业锅炉类别且企业有多台锅炉；补齐本锅炉与治理设施对应关系
SRC-RAW-23268D17C4F4CCCCF256,PM2.5,POLLUTANT_PARAMETER_MISSING,燃烧方式不足以选取C.1—C.3参数；补齐炉型
SRC-RAW-23268D17C4F4CCCCF256,PM2.5,SOURCE_RELATION_MISSING,GYGL仅为工业锅炉类别且企业有多台锅炉；补齐本锅炉与治理设施对应关系
SRC-RAW-23268D17C4F4CCCCF256,BC,POLLUTANT_PARAMETER_MISSING,燃烧方式不足以选取C.1—C.3参数；补齐炉型
SRC-RAW-23268D17C4F4CCCCF256,BC,SOURCE_RELATION_MISSING,GYGL仅为工业锅炉类别且企业有多台锅炉；补齐本锅炉与治理设施对应关系
SRC-RAW-23268D17C4F4CCCCF256,OC,POLLUTANT_PARAMETER_MISSING,燃烧方式不足以选取C.1—C.3参数；补齐炉型
SRC-RAW-23268D17C4F4CCCCF256,OC,SOURCE_RELATION_MISSING,GYGL仅为工业锅炉类别且企业有多台锅炉；补齐本锅炉与治理设施对应关系
SRC-RAW-23268D17C4F4CCCCF256,NH3,SOURCE_RELATION_MISSING,工业锅炉类别脱硝设施对应多台锅炉；补齐设备—脱硝设施关系
SRC-RAW-23268D17C4F4CCCCF256,NH3,POLLUTANT_PARAMETER_MISSING,补齐脱硝SCR/SNCR工艺，表E.1按煤计的氨因子不能据设施名称选定
SRC-RAW-2009D6B8CACA90063A32,NOx,POLLUTANT_PARAMETER_MISSING,对应治理设施缺年度有效运行小时数，不能将平均效率直接当全年实际效率；补齐设施投运率；颗粒物需区分PM2.5和粗粒径效率
SRC-RAW-2009D6B8CACA90063A32,PM10,POLLUTANT_PARAMETER_MISSING,对应治理设施缺年度有效运行小时数，不能将平均效率直接当全年实际效率；补齐设施投运率；颗粒物需区分PM2.5和粗粒径效率
SRC-RAW-2009D6B8CACA90063A32,PM2.5,POLLUTANT_PARAMETER_MISSING,对应治理设施缺年度有效运行小时数，不能将平均效率直接当全年实际效率；补齐设施投运率；颗粒物需区分PM2.5和粗粒径效率
SRC-RAW-2009D6B8CACA90063A32,NH3,factor_not_applicable,表E.1氨因子分母为煤，当前燃料天然气不具备可直接使用的氨因子；提供适用因子或实测氨排放
SRC-RAW-58D076C9294560AEC397,ALL,SOURCE_RELATION_MISSING,boiler_identity_missing；补齐行业或锅炉身份
SRC-RAW-A4FFFC78CD989832DACD,PM10,POLLUTANT_PARAMETER_MISSING,治理工艺及去除效率缺失；补齐后按A.1选取
SRC-RAW-A4FFFC78CD989832DACD,PM10,POLLUTANT_PARAMETER_MISSING,对应治理设施缺年度有效运行小时数，不能将平均效率直接当全年实际效率；补齐设施投运率；颗粒物需区分PM2.5和粗粒径效率
SRC-RAW-A4FFFC78CD989832DACD,PM2.5,POLLUTANT_PARAMETER_MISSING,治理工艺及去除效率缺失；补齐后按A.1选取
SRC-RAW-A4FFFC78CD989832DACD,PM2.5,POLLUTANT_PARAMETER_MISSING,对应治理设施缺年度有效运行小时数，不能将平均效率直接当全年实际效率；补齐设施投运率；颗粒物需区分PM2.5和粗粒径效率
SRC-RAW-EA1EFE413E0985A6B965,SO2,POLLUTANT_PARAMETER_MISSING,治理工艺及去除效率缺失；补齐后按A.1选取
SRC-RAW-EA1EFE413E0985A6B965,SO2,POLLUTANT_PARAMETER_MISSING,对应治理设施缺年度有效运行小时数，不能将平均效率直接当全年实际效率；补齐设施投运率；颗粒物需区分PM2.5和粗粒径效率
SRC-RAW-EA1EFE413E0985A6B965,PM10,POLLUTANT_PARAMETER_MISSING,治理工艺及去除效率缺失；补齐后按A.1选取
SRC-RAW-EA1EFE413E0985A6B965,PM10,POLLUTANT_PARAMETER_MISSING,对应治理设施缺年度有效运行小时数，不能将平均效率直接当全年实际效率；补齐设施投运率；颗粒物需区分PM2.5和粗粒径效率
SRC-RAW-EA1EFE413E0985A6B965,PM2.5,POLLUTANT_PARAMETER_MISSING,治理工艺及去除效率缺失；补齐后按A.1选取
SRC-RAW-EA1EFE413E0985A6B965,PM2.5,POLLUTANT_PARAMETER_MISSING,对应治理设施缺年度有效运行小时数，不能将平均效率直接当全年实际效率；补齐设施投运率；颗粒物需区分PM2.5和粗粒径效率
SRC-RAW-EA1EFE413E0985A6B965,BC,POLLUTANT_PARAMETER_MISSING,治理工艺及去除效率缺失；补齐后按A.1选取
SRC-RAW-EA1EFE413E0985A6B965,BC,POLLUTANT_PARAMETER_MISSING,对应治理设施缺年度有效运行小时数，不能将平均效率直接当全年实际效率；补齐设施投运率；颗粒物需区分PM2.5和粗粒径效率
SRC-RAW-EA1EFE413E0985A6B965,OC,POLLUTANT_PARAMETER_MISSING,治理工艺及去除效率缺失；补齐后按A.1选取
SRC-RAW-EA1EFE413E0985A6B965,OC,POLLUTANT_PARAMETER_MISSING,对应治理设施缺年度有效运行小时数，不能将平均效率直接当全年实际效率；补齐设施投运率；颗粒物需区分PM2.5和粗粒径效率
SRC-RAW-7719B46A20814AA1A839,PM10,POLLUTANT_PARAMETER_MISSING,治理工艺及去除效率缺失；补齐后按A.1选取
SRC-RAW-7719B46A20814AA1A839,PM10,POLLUTANT_PARAMETER_MISSING,对应治理设施缺年度有效运行小时数，不能将平均效率直接当全年实际效率；补齐设施投运率；颗粒物需区分PM2.5和粗粒径效率
SRC-RAW-7719B46A20814AA1A839,PM2.5,POLLUTANT_PARAMETER_MISSING,治理工艺及去除效率缺失；补齐后按A.1选取
SRC-RAW-7719B46A20814AA1A839,PM2.5,POLLUTANT_PARAMETER_MISSING,对应治理设施缺年度有效运行小时数，不能将平均效率直接当全年实际效率；补齐设施投运率；颗粒物需区分PM2.5和粗粒径效率
SRC-RAW-7719B46A20814AA1A839,BC,POLLUTANT_PARAMETER_MISSING,治理工艺及去除效率缺失；补齐后按A.1选取
SRC-RAW-7719B46A20814AA1A839,BC,POLLUTANT_PARAMETER_MISSING,对应治理设施缺年度有效运行小时数，不能将平均效率直接当全年实际效率；补齐设施投运率；颗粒物需区分PM2.5和粗粒径效率
SRC-RAW-7719B46A20814AA1A839,OC,POLLUTANT_PARAMETER_MISSING,治理工艺及去除效率缺失；补齐后按A.1选取
SRC-RAW-7719B46A20814AA1A839,OC,POLLUTANT_PARAMETER_MISSING,对应治理设施缺年度有效运行小时数，不能将平均效率直接当全年实际效率；补齐设施投运率；颗粒物需区分PM2.5和粗粒径效率
SRC-RAW-2B428CD178E5BEA47031,PM10,SOURCE_RELATION_MISSING,GYGL仅为工业锅炉类别且企业有多台锅炉；补齐本锅炉与治理设施对应关系
SRC-RAW-2B428CD178E5BEA47031,PM2.5,SOURCE_RELATION_MISSING,GYGL仅为工业锅炉类别且企业有多台锅炉；补齐本锅炉与治理设施对应关系
SRC-RAW-F84CE2C076C3155DDEC3,NOx,POLLUTANT_PARAMETER_MISSING,治理工艺及去除效率缺失；补齐后按A.1选取
SRC-RAW-F84CE2C076C3155DDEC3,NOx,POLLUTANT_PARAMETER_MISSING,对应治理设施缺年度有效运行小时数，不能将平均效率直接当全年实际效率；补齐设施投运率；颗粒物需区分PM2.5和粗粒径效率
SRC-RAW-F84CE2C076C3155DDEC3,PM10,POLLUTANT_PARAMETER_MISSING,治理工艺及去除效率缺失；补齐后按A.1选取
SRC-RAW-F84CE2C076C3155DDEC3,PM10,POLLUTANT_PARAMETER_MISSING,对应治理设施缺年度有效运行小时数，不能将平均效率直接当全年实际效率；补齐设施投运率；颗粒物需区分PM2.5和粗粒径效率
SRC-RAW-F84CE2C076C3155DDEC3,PM2.5,POLLUTANT_PARAMETER_MISSING,治理工艺及去除效率缺失；补齐后按A.1选取
SRC-RAW-F84CE2C076C3155DDEC3,PM2.5,POLLUTANT_PARAMETER_MISSING,对应治理设施缺年度有效运行小时数，不能将平均效率直接当全年实际效率；补齐设施投运率；颗粒物需区分PM2.5和粗粒径效率
SRC-RAW-F84CE2C076C3155DDEC3,NH3,POLLUTANT_PARAMETER_MISSING,补齐脱硝SCR/SNCR工艺，表E.1按煤计的氨因子不能据设施名称选定
SRC-RAW-F84CE2C076C3155DDEC3,NH3,factor_not_applicable,表E.1氨因子分母为煤，当前燃料天然气不具备可直接使用的氨因子；提供适用因子或实测氨排放
SRC-RAW-A046B4240C9C289FD684,NOx,SOURCE_RELATION_MISSING,GYGL仅为工业锅炉类别且企业有多台锅炉；补齐本锅炉与治理设施对应关系
SRC-RAW-A046B4240C9C289FD684,PM10,SOURCE_RELATION_MISSING,GYGL仅为工业锅炉类别且企业有多台锅炉；补齐本锅炉与治理设施对应关系
SRC-RAW-A046B4240C9C289FD684,PM2.5,SOURCE_RELATION_MISSING,GYGL仅为工业锅炉类别且企业有多台锅炉；补齐本锅炉与治理设施对应关系
SRC-RAW-A046B4240C9C289FD684,NH3,SOURCE_RELATION_MISSING,工业锅炉类别脱硝设施对应多台锅炉；补齐设备—脱硝设施关系
SRC-RAW-A046B4240C9C289FD684,NH3,POLLUTANT_PARAMETER_MISSING,补齐脱硝SCR/SNCR工艺，表E.1按煤计的氨因子不能据设施名称选定
SRC-RAW-A046B4240C9C289FD684,NH3,factor_not_applicable,表E.1氨因子分母为煤，当前燃料天然气不具备可直接使用的氨因子；提供适用因子或实测氨排放
SRC-RAW-A4D5E3910E3701B34D60,NOx,SOURCE_RELATION_MISSING,GYGL仅为工业锅炉类别且企业有多台锅炉；补齐本锅炉与治理设施对应关系
SRC-RAW-A4D5E3910E3701B34D60,PM10,SOURCE_RELATION_MISSING,GYGL仅为工业锅炉类别且企业有多台锅炉；补齐本锅炉与治理设施对应关系
SRC-RAW-A4D5E3910E3701B34D60,PM2.5,SOURCE_RELATION_MISSING,GYGL仅为工业锅炉类别且企业有多台锅炉；补齐本锅炉与治理设施对应关系
SRC-RAW-A4D5E3910E3701B34D60,NH3,SOURCE_RELATION_MISSING,工业锅炉类别脱硝设施对应多台锅炉；补齐设备—脱硝设施关系
SRC-RAW-A4D5E3910E3701B34D60,NH3,POLLUTANT_PARAMETER_MISSING,补齐脱硝SCR/SNCR工艺，表E.1按煤计的氨因子不能据设施名称选定
SRC-RAW-A4D5E3910E3701B34D60,NH3,factor_not_applicable,表E.1氨因子分母为煤，当前燃料天然气不具备可直接使用的氨因子；提供适用因子或实测氨排放
SRC-RAW-FAACAA23D6399AEB12CC,NOx,SOURCE_RELATION_MISSING,GYGL仅为工业锅炉类别且企业有多台锅炉；补齐本锅炉与治理设施对应关系
SRC-RAW-FAACAA23D6399AEB12CC,PM10,SOURCE_RELATION_MISSING,GYGL仅为工业锅炉类别且企业有多台锅炉；补齐本锅炉与治理设施对应关系
SRC-RAW-FAACAA23D6399AEB12CC,PM2.5,SOURCE_RELATION_MISSING,GYGL仅为工业锅炉类别且企业有多台锅炉；补齐本锅炉与治理设施对应关系
SRC-RAW-FAACAA23D6399AEB12CC,NH3,SOURCE_RELATION_MISSING,工业锅炉类别脱硝设施对应多台锅炉；补齐设备—脱硝设施关系
SRC-RAW-FAACAA23D6399AEB12CC,NH3,POLLUTANT_PARAMETER_MISSING,补齐脱硝SCR/SNCR工艺，表E.1按煤计的氨因子不能据设施名称选定
SRC-RAW-FAACAA23D6399AEB12CC,NH3,factor_not_applicable,表E.1氨因子分母为煤，当前燃料天然气不具备可直接使用的氨因子；提供适用因子或实测氨排放
SRC-RAW-5BB377C56F4424867325,NOx,SOURCE_RELATION_MISSING,GYGL仅为工业锅炉类别且企业有多台锅炉；补齐本锅炉与治理设施对应关系
SRC-RAW-5BB377C56F4424867325,PM10,SOURCE_RELATION_MISSING,GYGL仅为工业锅炉类别且企业有多台锅炉；补齐本锅炉与治理设施对应关系
SRC-RAW-5BB377C56F4424867325,PM2.5,SOURCE_RELATION_MISSING,GYGL仅为工业锅炉类别且企业有多台锅炉；补齐本锅炉与治理设施对应关系
SRC-RAW-5BB377C56F4424867325,NH3,SOURCE_RELATION_MISSING,工业锅炉类别脱硝设施对应多台锅炉；补齐设备—脱硝设施关系
SRC-RAW-5BB377C56F4424867325,NH3,POLLUTANT_PARAMETER_MISSING,补齐脱硝SCR/SNCR工艺，表E.1按煤计的氨因子不能据设施名称选定
SRC-RAW-5BB377C56F4424867325,NH3,factor_not_applicable,表E.1氨因子分母为煤，当前燃料天然气不具备可直接使用的氨因子；提供适用因子或实测氨排放
SRC-RAW-63D4685263107F593E80,NOx,SOURCE_RELATION_MISSING,GYGL仅为工业锅炉类别且企业有多台锅炉；补齐本锅炉与治理设施对应关系
SRC-RAW-63D4685263107F593E80,PM10,SOURCE_RELATION_MISSING,GYGL仅为工业锅炉类别且企业有多台锅炉；补齐本锅炉与治理设施对应关系
SRC-RAW-63D4685263107F593E80,PM2.5,SOURCE_RELATION_MISSING,GYGL仅为工业锅炉类别且企业有多台锅炉；补齐本锅炉与治理设施对应关系
SRC-RAW-63D4685263107F593E80,NH3,SOURCE_RELATION_MISSING,工业锅炉类别脱硝设施对应多台锅炉；补齐设备—脱硝设施关系
SRC-RAW-63D4685263107F593E80,NH3,POLLUTANT_PARAMETER_MISSING,补齐脱硝SCR/SNCR工艺，表E.1按煤计的氨因子不能据设施名称选定
SRC-RAW-63D4685263107F593E80,NH3,factor_not_applicable,表E.1氨因子分母为煤，当前燃料天然气不具备可直接使用的氨因子；提供适用因子或实测氨排放
SRC-RAW-27B32795AE79E45D517C,PM10,SOURCE_RELATION_MISSING,GYGL仅为工业锅炉类别且企业有多台锅炉；补齐本锅炉与治理设施对应关系
SRC-RAW-27B32795AE79E45D517C,PM2.5,SOURCE_RELATION_MISSING,GYGL仅为工业锅炉类别且企业有多台锅炉；补齐本锅炉与治理设施对应关系
SRC-RAW-97130A26FCF5774AC1FC,PM10,POLLUTANT_PARAMETER_MISSING,治理工艺及去除效率缺失；补齐后按A.1选取
SRC-RAW-97130A26FCF5774AC1FC,PM10,POLLUTANT_PARAMETER_MISSING,对应治理设施缺年度有效运行小时数，不能将平均效率直接当全年实际效率；补齐设施投运率；颗粒物需区分PM2.5和粗粒径效率
SRC-RAW-97130A26FCF5774AC1FC,PM2.5,POLLUTANT_PARAMETER_MISSING,治理工艺及去除效率缺失；补齐后按A.1选取
SRC-RAW-97130A26FCF5774AC1FC,PM2.5,POLLUTANT_PARAMETER_MISSING,对应治理设施缺年度有效运行小时数，不能将平均效率直接当全年实际效率；补齐设施投运率；颗粒物需区分PM2.5和粗粒径效率
SRC-RAW-EA1360CB5846D8659D6A,NOx,SOURCE_RELATION_MISSING,GYGL仅为工业锅炉类别且企业有多台锅炉；补齐本锅炉与治理设施对应关系
SRC-RAW-EA1360CB5846D8659D6A,PM10,SOURCE_RELATION_MISSING,GYGL仅为工业锅炉类别且企业有多台锅炉；补齐本锅炉与治理设施对应关系
SRC-RAW-EA1360CB5846D8659D6A,PM2.5,SOURCE_RELATION_MISSING,GYGL仅为工业锅炉类别且企业有多台锅炉；补齐本锅炉与治理设施对应关系
SRC-RAW-EA1360CB5846D8659D6A,NH3,SOURCE_RELATION_MISSING,工业锅炉类别脱硝设施对应多台锅炉；补齐设备—脱硝设施关系
SRC-RAW-EA1360CB5846D8659D6A,NH3,POLLUTANT_PARAMETER_MISSING,补齐脱硝SCR/SNCR工艺，表E.1按煤计的氨因子不能据设施名称选定
SRC-RAW-EA1360CB5846D8659D6A,NH3,factor_not_applicable,表E.1氨因子分母为煤，当前燃料天然气不具备可直接使用的氨因子；提供适用因子或实测氨排放
SRC-RAW-13B154DDCC29D9A5AF1B,NOx,SOURCE_RELATION_MISSING,GYGL仅为工业锅炉类别且企业有多台锅炉；补齐本锅炉与治理设施对应关系
SRC-RAW-13B154DDCC29D9A5AF1B,PM10,SOURCE_RELATION_MISSING,GYGL仅为工业锅炉类别且企业有多台锅炉；补齐本锅炉与治理设施对应关系
SRC-RAW-13B154DDCC29D9A5AF1B,PM2.5,SOURCE_RELATION_MISSING,GYGL仅为工业锅炉类别且企业有多台锅炉；补齐本锅炉与治理设施对应关系
SRC-RAW-13B154DDCC29D9A5AF1B,NH3,SOURCE_RELATION_MISSING,工业锅炉类别脱硝设施对应多台锅炉；补齐设备—脱硝设施关系
SRC-RAW-13B154DDCC29D9A5AF1B,NH3,POLLUTANT_PARAMETER_MISSING,补齐脱硝SCR/SNCR工艺，表E.1按煤计的氨因子不能据设施名称选定
SRC-RAW-13B154DDCC29D9A5AF1B,NH3,factor_not_applicable,表E.1氨因子分母为煤，当前燃料天然气不具备可直接使用的氨因子；提供适用因子或实测氨排放
SRC-RAW-A52BA0058812AE3D2F10,NOx,SOURCE_RELATION_MISSING,GYGL仅为工业锅炉类别且企业有多台锅炉；补齐本锅炉与治理设施对应关系
SRC-RAW-A52BA0058812AE3D2F10,PM10,SOURCE_RELATION_MISSING,GYGL仅为工业锅炉类别且企业有多台锅炉；补齐本锅炉与治理设施对应关系
SRC-RAW-A52BA0058812AE3D2F10,PM2.5,SOURCE_RELATION_MISSING,GYGL仅为工业锅炉类别且企业有多台锅炉；补齐本锅炉与治理设施对应关系
SRC-RAW-A52BA0058812AE3D2F10,NH3,SOURCE_RELATION_MISSING,工业锅炉类别脱硝设施对应多台锅炉；补齐设备—脱硝设施关系
SRC-RAW-A52BA0058812AE3D2F10,NH3,POLLUTANT_PARAMETER_MISSING,补齐脱硝SCR/SNCR工艺，表E.1按煤计的氨因子不能据设施名称选定
SRC-RAW-A52BA0058812AE3D2F10,NH3,factor_not_applicable,表E.1氨因子分母为煤，当前燃料天然气不具备可直接使用的氨因子；提供适用因子或实测氨排放
SRC-RAW-2646D87760FB57E87999,NOx,SOURCE_RELATION_MISSING,GYGL仅为工业锅炉类别且企业有多台锅炉；补齐本锅炉与治理设施对应关系
SRC-RAW-2646D87760FB57E87999,PM10,SOURCE_RELATION_MISSING,GYGL仅为工业锅炉类别且企业有多台锅炉；补齐本锅炉与治理设施对应关系
SRC-RAW-2646D87760FB57E87999,PM2.5,SOURCE_RELATION_MISSING,GYGL仅为工业锅炉类别且企业有多台锅炉；补齐本锅炉与治理设施对应关系
SRC-RAW-2646D87760FB57E87999,NH3,SOURCE_RELATION_MISSING,工业锅炉类别脱硝设施对应多台锅炉；补齐设备—脱硝设施关系
SRC-RAW-2646D87760FB57E87999,NH3,POLLUTANT_PARAMETER_MISSING,补齐脱硝SCR/SNCR工艺，表E.1按煤计的氨因子不能据设施名称选定
SRC-RAW-2646D87760FB57E87999,NH3,factor_not_applicable,表E.1氨因子分母为煤，当前燃料天然气不具备可直接使用的氨因子；提供适用因子或实测氨排放
SRC-RAW-8CA9E0A7E8BE582F0B88,SO2,ACTIVITY_MISSING,其他燃料仅有标准煤总量，缺实物燃料分项及用量；补齐后汇总
SRC-RAW-8CA9E0A7E8BE582F0B88,NOx,ACTIVITY_MISSING,其他燃料仅有标准煤总量，缺实物燃料分项及用量；补齐后汇总
SRC-RAW-8CA9E0A7E8BE582F0B88,CO,ACTIVITY_MISSING,其他燃料仅有标准煤总量，缺实物燃料分项及用量；补齐后汇总
SRC-RAW-8CA9E0A7E8BE582F0B88,VOC,ACTIVITY_MISSING,其他燃料仅有标准煤总量，缺实物燃料分项及用量；补齐后汇总
SRC-RAW-8CA9E0A7E8BE582F0B88,PM10,ACTIVITY_MISSING,其他燃料仅有标准煤总量，缺实物燃料分项及用量；补齐后汇总
SRC-RAW-8CA9E0A7E8BE582F0B88,PM2.5,ACTIVITY_MISSING,其他燃料仅有标准煤总量，缺实物燃料分项及用量；补齐后汇总
SRC-RAW-8CA9E0A7E8BE582F0B88,BC,ACTIVITY_MISSING,其他燃料仅有标准煤总量，缺实物燃料分项及用量；补齐后汇总
SRC-RAW-8CA9E0A7E8BE582F0B88,OC,ACTIVITY_MISSING,其他燃料仅有标准煤总量，缺实物燃料分项及用量；补齐后汇总
SRC-RAW-F053D8A0545E92C9D588,PM10,POLLUTANT_PARAMETER_MISSING,治理工艺及去除效率缺失；补齐后按A.1选取
SRC-RAW-F053D8A0545E92C9D588,PM10,POLLUTANT_PARAMETER_MISSING,对应治理设施缺年度有效运行小时数，不能将平均效率直接当全年实际效率；补齐设施投运率；颗粒物需区分PM2.5和粗粒径效率
SRC-RAW-F053D8A0545E92C9D588,PM2.5,POLLUTANT_PARAMETER_MISSING,治理工艺及去除效率缺失；补齐后按A.1选取
SRC-RAW-F053D8A0545E92C9D588,PM2.5,POLLUTANT_PARAMETER_MISSING,对应治理设施缺年度有效运行小时数，不能将平均效率直接当全年实际效率；补齐设施投运率；颗粒物需区分PM2.5和粗粒径效率
SRC-RAW-F053D8A0545E92C9D588,BC,POLLUTANT_PARAMETER_MISSING,治理工艺及去除效率缺失；补齐后按A.1选取
SRC-RAW-F053D8A0545E92C9D588,BC,POLLUTANT_PARAMETER_MISSING,对应治理设施缺年度有效运行小时数，不能将平均效率直接当全年实际效率；补齐设施投运率；颗粒物需区分PM2.5和粗粒径效率
SRC-RAW-F053D8A0545E92C9D588,OC,POLLUTANT_PARAMETER_MISSING,治理工艺及去除效率缺失；补齐后按A.1选取
SRC-RAW-F053D8A0545E92C9D588,OC,POLLUTANT_PARAMETER_MISSING,对应治理设施缺年度有效运行小时数，不能将平均效率直接当全年实际效率；补齐设施投运率；颗粒物需区分PM2.5和粗粒径效率
SRC-RAW-3045CE607A5CB9FEC936,NOx,SOURCE_RELATION_MISSING,GYGL仅为工业锅炉类别且企业有多台锅炉；补齐本锅炉与治理设施对应关系
SRC-RAW-3045CE607A5CB9FEC936,PM10,SOURCE_RELATION_MISSING,GYGL仅为工业锅炉类别且企业有多台锅炉；补齐本锅炉与治理设施对应关系
SRC-RAW-3045CE607A5CB9FEC936,PM2.5,SOURCE_RELATION_MISSING,GYGL仅为工业锅炉类别且企业有多台锅炉；补齐本锅炉与治理设施对应关系
SRC-RAW-3045CE607A5CB9FEC936,BC,SOURCE_RELATION_MISSING,GYGL仅为工业锅炉类别且企业有多台锅炉；补齐本锅炉与治理设施对应关系
SRC-RAW-3045CE607A5CB9FEC936,OC,SOURCE_RELATION_MISSING,GYGL仅为工业锅炉类别且企业有多台锅炉；补齐本锅炉与治理设施对应关系
SRC-RAW-3045CE607A5CB9FEC936,NH3,SOURCE_RELATION_MISSING,工业锅炉类别脱硝设施对应多台锅炉；补齐设备—脱硝设施关系
SRC-RAW-3045CE607A5CB9FEC936,NH3,POLLUTANT_PARAMETER_MISSING,补齐脱硝SCR/SNCR工艺，表E.1按煤计的氨因子不能据设施名称选定
SRC-RAW-3045CE607A5CB9FEC936,NH3,factor_not_applicable,表E.1氨因子分母为煤，当前燃料液化天然气不具备可直接使用的氨因子；提供适用因子或实测氨排放
SRC-RAW-E08ACE12C8DC9392EC8A,SO2,ACTIVITY_MISSING,燃料一类型和消耗量缺失；补齐本锅炉年度燃料活动水平
SRC-RAW-E08ACE12C8DC9392EC8A,NOx,ACTIVITY_MISSING,燃料一类型和消耗量缺失；补齐本锅炉年度燃料活动水平
SRC-RAW-E08ACE12C8DC9392EC8A,CO,ACTIVITY_MISSING,燃料一类型和消耗量缺失；补齐本锅炉年度燃料活动水平
SRC-RAW-E08ACE12C8DC9392EC8A,VOC,ACTIVITY_MISSING,燃料一类型和消耗量缺失；补齐本锅炉年度燃料活动水平
SRC-RAW-E08ACE12C8DC9392EC8A,PM10,ACTIVITY_MISSING,燃料一类型和消耗量缺失；补齐本锅炉年度燃料活动水平
SRC-RAW-E08ACE12C8DC9392EC8A,PM2.5,ACTIVITY_MISSING,燃料一类型和消耗量缺失；补齐本锅炉年度燃料活动水平
SRC-RAW-E08ACE12C8DC9392EC8A,BC,ACTIVITY_MISSING,燃料一类型和消耗量缺失；补齐本锅炉年度燃料活动水平
SRC-RAW-E08ACE12C8DC9392EC8A,OC,ACTIVITY_MISSING,燃料一类型和消耗量缺失；补齐本锅炉年度燃料活动水平
SRC-RAW-E6E45B25852907F74521,NOx,SOURCE_RELATION_MISSING,GYGL仅为工业锅炉类别且企业有多台锅炉；补齐本锅炉与治理设施对应关系
SRC-RAW-E6E45B25852907F74521,PM10,SOURCE_RELATION_MISSING,GYGL仅为工业锅炉类别且企业有多台锅炉；补齐本锅炉与治理设施对应关系
SRC-RAW-E6E45B25852907F74521,PM2.5,SOURCE_RELATION_MISSING,GYGL仅为工业锅炉类别且企业有多台锅炉；补齐本锅炉与治理设施对应关系
SRC-RAW-E6E45B25852907F74521,NH3,SOURCE_RELATION_MISSING,工业锅炉类别脱硝设施对应多台锅炉；补齐设备—脱硝设施关系
SRC-RAW-E6E45B25852907F74521,NH3,POLLUTANT_PARAMETER_MISSING,补齐脱硝SCR/SNCR工艺，表E.1按煤计的氨因子不能据设施名称选定
SRC-RAW-E6E45B25852907F74521,NH3,factor_not_applicable,表E.1氨因子分母为煤，当前燃料天然气不具备可直接使用的氨因子；提供适用因子或实测氨排放
SRC-RAW-7408B7B6339FD6A0FF07,NOx,SOURCE_RELATION_MISSING,GYGL仅为工业锅炉类别且企业有多台锅炉；补齐本锅炉与治理设施对应关系
SRC-RAW-7408B7B6339FD6A0FF07,PM10,SOURCE_RELATION_MISSING,GYGL仅为工业锅炉类别且企业有多台锅炉；补齐本锅炉与治理设施对应关系
SRC-RAW-7408B7B6339FD6A0FF07,PM2.5,SOURCE_RELATION_MISSING,GYGL仅为工业锅炉类别且企业有多台锅炉；补齐本锅炉与治理设施对应关系
SRC-RAW-7408B7B6339FD6A0FF07,NH3,SOURCE_RELATION_MISSING,工业锅炉类别脱硝设施对应多台锅炉；补齐设备—脱硝设施关系
SRC-RAW-7408B7B6339FD6A0FF07,NH3,POLLUTANT_PARAMETER_MISSING,补齐脱硝SCR/SNCR工艺，表E.1按煤计的氨因子不能据设施名称选定
SRC-RAW-7408B7B6339FD6A0FF07,NH3,factor_not_applicable,表E.1氨因子分母为煤，当前燃料天然气不具备可直接使用的氨因子；提供适用因子或实测氨排放
SRC-RAW-9EDFF7B342D0739CDFDC,PM10,SOURCE_RELATION_MISSING,GYGL仅为工业锅炉类别且企业有多台锅炉；补齐本锅炉与治理设施对应关系
SRC-RAW-9EDFF7B342D0739CDFDC,PM2.5,SOURCE_RELATION_MISSING,GYGL仅为工业锅炉类别且企业有多台锅炉；补齐本锅炉与治理设施对应关系
SRC-RAW-19F29C27AD2E001F344F,SO2,SOURCE_RELATION_MISSING,GYGL仅为工业锅炉类别且企业有多台锅炉；补齐本锅炉与治理设施对应关系
SRC-RAW-19F29C27AD2E001F344F,PM10,SOURCE_RELATION_MISSING,GYGL仅为工业锅炉类别且企业有多台锅炉；补齐本锅炉与治理设施对应关系
SRC-RAW-19F29C27AD2E001F344F,PM2.5,SOURCE_RELATION_MISSING,GYGL仅为工业锅炉类别且企业有多台锅炉；补齐本锅炉与治理设施对应关系
SRC-RAW-19F29C27AD2E001F344F,BC,SOURCE_RELATION_MISSING,GYGL仅为工业锅炉类别且企业有多台锅炉；补齐本锅炉与治理设施对应关系
SRC-RAW-19F29C27AD2E001F344F,OC,SOURCE_RELATION_MISSING,GYGL仅为工业锅炉类别且企业有多台锅炉；补齐本锅炉与治理设施对应关系
SRC-RAW-D0C681E26C027D81BEE0,SO2,SOURCE_RELATION_MISSING,GYGL仅为工业锅炉类别且企业有多台锅炉；补齐本锅炉与治理设施对应关系
SRC-RAW-D0C681E26C027D81BEE0,NOx,SOURCE_RELATION_MISSING,GYGL仅为工业锅炉类别且企业有多台锅炉；补齐本锅炉与治理设施对应关系
SRC-RAW-D0C681E26C027D81BEE0,PM10,SOURCE_RELATION_MISSING,GYGL仅为工业锅炉类别且企业有多台锅炉；补齐本锅炉与治理设施对应关系
SRC-RAW-D0C681E26C027D81BEE0,PM2.5,SOURCE_RELATION_MISSING,GYGL仅为工业锅炉类别且企业有多台锅炉；补齐本锅炉与治理设施对应关系
SRC-RAW-D0C681E26C027D81BEE0,BC,SOURCE_RELATION_MISSING,GYGL仅为工业锅炉类别且企业有多台锅炉；补齐本锅炉与治理设施对应关系
SRC-RAW-D0C681E26C027D81BEE0,OC,SOURCE_RELATION_MISSING,GYGL仅为工业锅炉类别且企业有多台锅炉；补齐本锅炉与治理设施对应关系
SRC-RAW-D0C681E26C027D81BEE0,NH3,SOURCE_RELATION_MISSING,工业锅炉类别脱硝设施对应多台锅炉；补齐设备—脱硝设施关系
SRC-RAW-D0C681E26C027D81BEE0,NH3,POLLUTANT_PARAMETER_MISSING,补齐脱硝SCR/SNCR工艺，表E.1按煤计的氨因子不能据设施名称选定
SRC-RAW-2743D2E81FF47B79B5D6,SO2,SOURCE_RELATION_MISSING,GYGL仅为工业锅炉类别且企业有多台锅炉；补齐本锅炉与治理设施对应关系
SRC-RAW-2743D2E81FF47B79B5D6,NOx,SOURCE_RELATION_MISSING,GYGL仅为工业锅炉类别且企业有多台锅炉；补齐本锅炉与治理设施对应关系
SRC-RAW-2743D2E81FF47B79B5D6,PM10,SOURCE_RELATION_MISSING,GYGL仅为工业锅炉类别且企业有多台锅炉；补齐本锅炉与治理设施对应关系
SRC-RAW-2743D2E81FF47B79B5D6,PM2.5,SOURCE_RELATION_MISSING,GYGL仅为工业锅炉类别且企业有多台锅炉；补齐本锅炉与治理设施对应关系
SRC-RAW-2743D2E81FF47B79B5D6,BC,SOURCE_RELATION_MISSING,GYGL仅为工业锅炉类别且企业有多台锅炉；补齐本锅炉与治理设施对应关系
SRC-RAW-2743D2E81FF47B79B5D6,OC,SOURCE_RELATION_MISSING,GYGL仅为工业锅炉类别且企业有多台锅炉；补齐本锅炉与治理设施对应关系
SRC-RAW-2743D2E81FF47B79B5D6,NH3,SOURCE_RELATION_MISSING,工业锅炉类别脱硝设施对应多台锅炉；补齐设备—脱硝设施关系
SRC-RAW-2743D2E81FF47B79B5D6,NH3,POLLUTANT_PARAMETER_MISSING,补齐脱硝SCR/SNCR工艺，表E.1按煤计的氨因子不能据设施名称选定
SRC-RAW-7470E43531D27754E3A6,NOx,SOURCE_RELATION_MISSING,GYGL仅为工业锅炉类别且企业有多台锅炉；补齐本锅炉与治理设施对应关系
SRC-RAW-7470E43531D27754E3A6,PM10,SOURCE_RELATION_MISSING,GYGL仅为工业锅炉类别且企业有多台锅炉；补齐本锅炉与治理设施对应关系
SRC-RAW-7470E43531D27754E3A6,PM2.5,SOURCE_RELATION_MISSING,GYGL仅为工业锅炉类别且企业有多台锅炉；补齐本锅炉与治理设施对应关系
SRC-RAW-7470E43531D27754E3A6,NH3,SOURCE_RELATION_MISSING,工业锅炉类别脱硝设施对应多台锅炉；补齐设备—脱硝设施关系
SRC-RAW-7470E43531D27754E3A6,NH3,POLLUTANT_PARAMETER_MISSING,补齐脱硝SCR/SNCR工艺，表E.1按煤计的氨因子不能据设施名称选定
SRC-RAW-7470E43531D27754E3A6,NH3,factor_not_applicable,表E.1氨因子分母为煤，当前燃料天然气不具备可直接使用的氨因子；提供适用因子或实测氨排放
SRC-RAW-B58081700E78F56F242E,SO2,POLLUTANT_PARAMETER_MISSING,对应治理设施缺年度有效运行小时数，不能将平均效率直接当全年实际效率；补齐设施投运率；颗粒物需区分PM2.5和粗粒径效率
SRC-RAW-B58081700E78F56F242E,NOx,POLLUTANT_PARAMETER_MISSING,对应治理设施缺年度有效运行小时数，不能将平均效率直接当全年实际效率；补齐设施投运率；颗粒物需区分PM2.5和粗粒径效率
SRC-RAW-B58081700E78F56F242E,PM10,POLLUTANT_PARAMETER_MISSING,对应治理设施缺年度有效运行小时数，不能将平均效率直接当全年实际效率；补齐设施投运率；颗粒物需区分PM2.5和粗粒径效率
SRC-RAW-B58081700E78F56F242E,PM2.5,POLLUTANT_PARAMETER_MISSING,对应治理设施缺年度有效运行小时数，不能将平均效率直接当全年实际效率；补齐设施投运率；颗粒物需区分PM2.5和粗粒径效率
SRC-RAW-B58081700E78F56F242E,BC,POLLUTANT_PARAMETER_MISSING,对应治理设施缺年度有效运行小时数，不能将平均效率直接当全年实际效率；补齐设施投运率；颗粒物需区分PM2.5和粗粒径效率
SRC-RAW-B58081700E78F56F242E,OC,POLLUTANT_PARAMETER_MISSING,对应治理设施缺年度有效运行小时数，不能将平均效率直接当全年实际效率；补齐设施投运率；颗粒物需区分PM2.5和粗粒径效率
SRC-RAW-37D7F53C72BB649EDE9D,NOx,SOURCE_RELATION_MISSING,GYGL仅为工业锅炉类别且企业有多台锅炉；补齐本锅炉与治理设施对应关系
SRC-RAW-37D7F53C72BB649EDE9D,PM10,SOURCE_RELATION_MISSING,GYGL仅为工业锅炉类别且企业有多台锅炉；补齐本锅炉与治理设施对应关系
SRC-RAW-37D7F53C72BB649EDE9D,PM2.5,SOURCE_RELATION_MISSING,GYGL仅为工业锅炉类别且企业有多台锅炉；补齐本锅炉与治理设施对应关系
SRC-RAW-37D7F53C72BB649EDE9D,NH3,SOURCE_RELATION_MISSING,工业锅炉类别脱硝设施对应多台锅炉；补齐设备—脱硝设施关系
SRC-RAW-37D7F53C72BB649EDE9D,NH3,POLLUTANT_PARAMETER_MISSING,补齐脱硝SCR/SNCR工艺，表E.1按煤计的氨因子不能据设施名称选定
SRC-RAW-37D7F53C72BB649EDE9D,NH3,factor_not_applicable,表E.1氨因子分母为煤，当前燃料天然气不具备可直接使用的氨因子；提供适用因子或实测氨排放
SRC-RAW-BA4778D4E665EFD28791,SO2,POLLUTANT_PARAMETER_MISSING,治理工艺及去除效率缺失；补齐后按A.1选取
SRC-RAW-BA4778D4E665EFD28791,SO2,POLLUTANT_PARAMETER_MISSING,对应治理设施缺年度有效运行小时数，不能将平均效率直接当全年实际效率；补齐设施投运率；颗粒物需区分PM2.5和粗粒径效率
SRC-RAW-BA4778D4E665EFD28791,NOx,POLLUTANT_PARAMETER_MISSING,燃烧方式其他层燃炉不足以选取E.7的CO/NOx/VOC系数；确认手动或自动炉排
SRC-RAW-BA4778D4E665EFD28791,NOx,POLLUTANT_PARAMETER_MISSING,治理工艺及去除效率缺失；补齐后按A.1选取
SRC-RAW-BA4778D4E665EFD28791,NOx,POLLUTANT_PARAMETER_MISSING,对应治理设施缺年度有效运行小时数，不能将平均效率直接当全年实际效率；补齐设施投运率；颗粒物需区分PM2.5和粗粒径效率
SRC-RAW-BA4778D4E665EFD28791,CO,POLLUTANT_PARAMETER_MISSING,燃烧方式其他层燃炉不足以选取E.7的CO/NOx/VOC系数；确认手动或自动炉排
SRC-RAW-BA4778D4E665EFD28791,VOC,POLLUTANT_PARAMETER_MISSING,燃烧方式其他层燃炉不足以选取E.7的CO/NOx/VOC系数；确认手动或自动炉排
SRC-RAW-BA4778D4E665EFD28791,PM10,POLLUTANT_PARAMETER_MISSING,治理工艺及去除效率缺失；补齐后按A.1选取
SRC-RAW-BA4778D4E665EFD28791,PM10,POLLUTANT_PARAMETER_MISSING,对应治理设施缺年度有效运行小时数，不能将平均效率直接当全年实际效率；补齐设施投运率；颗粒物需区分PM2.5和粗粒径效率
SRC-RAW-BA4778D4E665EFD28791,PM2.5,POLLUTANT_PARAMETER_MISSING,治理工艺及去除效率缺失；补齐后按A.1选取
SRC-RAW-BA4778D4E665EFD28791,PM2.5,POLLUTANT_PARAMETER_MISSING,对应治理设施缺年度有效运行小时数，不能将平均效率直接当全年实际效率；补齐设施投运率；颗粒物需区分PM2.5和粗粒径效率
SRC-RAW-BA4778D4E665EFD28791,BC,POLLUTANT_PARAMETER_MISSING,治理工艺及去除效率缺失；补齐后按A.1选取
SRC-RAW-BA4778D4E665EFD28791,BC,POLLUTANT_PARAMETER_MISSING,对应治理设施缺年度有效运行小时数，不能将平均效率直接当全年实际效率；补齐设施投运率；颗粒物需区分PM2.5和粗粒径效率
SRC-RAW-BA4778D4E665EFD28791,OC,POLLUTANT_PARAMETER_MISSING,治理工艺及去除效率缺失；补齐后按A.1选取
SRC-RAW-BA4778D4E665EFD28791,OC,POLLUTANT_PARAMETER_MISSING,对应治理设施缺年度有效运行小时数，不能将平均效率直接当全年实际效率；补齐设施投运率；颗粒物需区分PM2.5和粗粒径效率
SRC-RAW-BA4778D4E665EFD28791,NH3,POLLUTANT_PARAMETER_MISSING,补齐脱硝SCR/SNCR工艺，表E.1按煤计的氨因子不能据设施名称选定
SRC-RAW-5A24B075F14F0082610D,SO2,POLLUTANT_PARAMETER_MISSING,治理工艺及去除效率缺失；补齐后按A.1选取
SRC-RAW-5A24B075F14F0082610D,SO2,POLLUTANT_PARAMETER_MISSING,对应治理设施缺年度有效运行小时数，不能将平均效率直接当全年实际效率；补齐设施投运率；颗粒物需区分PM2.5和粗粒径效率
SRC-RAW-5A24B075F14F0082610D,PM10,POLLUTANT_PARAMETER_MISSING,治理工艺及去除效率缺失；补齐后按A.1选取
SRC-RAW-5A24B075F14F0082610D,PM10,POLLUTANT_PARAMETER_MISSING,对应治理设施缺年度有效运行小时数，不能将平均效率直接当全年实际效率；补齐设施投运率；颗粒物需区分PM2.5和粗粒径效率
SRC-RAW-5A24B075F14F0082610D,PM2.5,POLLUTANT_PARAMETER_MISSING,治理工艺及去除效率缺失；补齐后按A.1选取
SRC-RAW-5A24B075F14F0082610D,PM2.5,POLLUTANT_PARAMETER_MISSING,对应治理设施缺年度有效运行小时数，不能将平均效率直接当全年实际效率；补齐设施投运率；颗粒物需区分PM2.5和粗粒径效率
SRC-RAW-5A24B075F14F0082610D,BC,POLLUTANT_PARAMETER_MISSING,治理工艺及去除效率缺失；补齐后按A.1选取
SRC-RAW-5A24B075F14F0082610D,BC,POLLUTANT_PARAMETER_MISSING,对应治理设施缺年度有效运行小时数，不能将平均效率直接当全年实际效率；补齐设施投运率；颗粒物需区分PM2.5和粗粒径效率
SRC-RAW-5A24B075F14F0082610D,OC,POLLUTANT_PARAMETER_MISSING,治理工艺及去除效率缺失；补齐后按A.1选取
SRC-RAW-5A24B075F14F0082610D,OC,POLLUTANT_PARAMETER_MISSING,对应治理设施缺年度有效运行小时数，不能将平均效率直接当全年实际效率；补齐设施投运率；颗粒物需区分PM2.5和粗粒径效率
SRC-RAW-4540BCF82A79B69A567F,PM10,POLLUTANT_PARAMETER_MISSING,对应治理设施缺年度有效运行小时数，不能将平均效率直接当全年实际效率；补齐设施投运率；颗粒物需区分PM2.5和粗粒径效率
SRC-RAW-4540BCF82A79B69A567F,PM2.5,POLLUTANT_PARAMETER_MISSING,对应治理设施缺年度有效运行小时数，不能将平均效率直接当全年实际效率；补齐设施投运率；颗粒物需区分PM2.5和粗粒径效率
SRC-RAW-4540BCF82A79B69A567F,BC,POLLUTANT_PARAMETER_MISSING,对应治理设施缺年度有效运行小时数，不能将平均效率直接当全年实际效率；补齐设施投运率；颗粒物需区分PM2.5和粗粒径效率
SRC-RAW-4540BCF82A79B69A567F,OC,POLLUTANT_PARAMETER_MISSING,对应治理设施缺年度有效运行小时数，不能将平均效率直接当全年实际效率；补齐设施投运率；颗粒物需区分PM2.5和粗粒径效率
SRC-RAW-4C0BDE0CCA087EB15958,SO2,POLLUTANT_PARAMETER_MISSING,对应治理设施缺年度有效运行小时数，不能将平均效率直接当全年实际效率；补齐设施投运率；颗粒物需区分PM2.5和粗粒径效率
SRC-RAW-4C0BDE0CCA087EB15958,NOx,POLLUTANT_PARAMETER_MISSING,燃烧方式其他层燃炉不足以选取E.7的CO/NOx/VOC系数；确认手动或自动炉排
SRC-RAW-4C0BDE0CCA087EB15958,CO,POLLUTANT_PARAMETER_MISSING,燃烧方式其他层燃炉不足以选取E.7的CO/NOx/VOC系数；确认手动或自动炉排
SRC-RAW-4C0BDE0CCA087EB15958,VOC,POLLUTANT_PARAMETER_MISSING,燃烧方式其他层燃炉不足以选取E.7的CO/NOx/VOC系数；确认手动或自动炉排
SRC-RAW-4C0BDE0CCA087EB15958,PM10,POLLUTANT_PARAMETER_MISSING,对应治理设施缺年度有效运行小时数，不能将平均效率直接当全年实际效率；补齐设施投运率；颗粒物需区分PM2.5和粗粒径效率
SRC-RAW-4C0BDE0CCA087EB15958,PM2.5,POLLUTANT_PARAMETER_MISSING,对应治理设施缺年度有效运行小时数，不能将平均效率直接当全年实际效率；补齐设施投运率；颗粒物需区分PM2.5和粗粒径效率
SRC-RAW-4C0BDE0CCA087EB15958,BC,POLLUTANT_PARAMETER_MISSING,对应治理设施缺年度有效运行小时数，不能将平均效率直接当全年实际效率；补齐设施投运率；颗粒物需区分PM2.5和粗粒径效率
SRC-RAW-4C0BDE0CCA087EB15958,OC,POLLUTANT_PARAMETER_MISSING,对应治理设施缺年度有效运行小时数，不能将平均效率直接当全年实际效率；补齐设施投运率；颗粒物需区分PM2.5和粗粒径效率
SRC-RAW-8352F95E30C33AFE1EFC,SO2,POLLUTANT_PARAMETER_MISSING,对应治理设施缺年度有效运行小时数，不能将平均效率直接当全年实际效率；补齐设施投运率；颗粒物需区分PM2.5和粗粒径效率
SRC-RAW-8352F95E30C33AFE1EFC,NOx,POLLUTANT_PARAMETER_MISSING,对应治理设施缺年度有效运行小时数，不能将平均效率直接当全年实际效率；补齐设施投运率；颗粒物需区分PM2.5和粗粒径效率
SRC-RAW-8352F95E30C33AFE1EFC,PM10,POLLUTANT_PARAMETER_MISSING,对应治理设施缺年度有效运行小时数，不能将平均效率直接当全年实际效率；补齐设施投运率；颗粒物需区分PM2.5和粗粒径效率
SRC-RAW-8352F95E30C33AFE1EFC,PM2.5,POLLUTANT_PARAMETER_MISSING,对应治理设施缺年度有效运行小时数，不能将平均效率直接当全年实际效率；补齐设施投运率；颗粒物需区分PM2.5和粗粒径效率
SRC-RAW-8352F95E30C33AFE1EFC,BC,POLLUTANT_PARAMETER_MISSING,对应治理设施缺年度有效运行小时数，不能将平均效率直接当全年实际效率；补齐设施投运率；颗粒物需区分PM2.5和粗粒径效率
SRC-RAW-8352F95E30C33AFE1EFC,OC,POLLUTANT_PARAMETER_MISSING,对应治理设施缺年度有效运行小时数，不能将平均效率直接当全年实际效率；补齐设施投运率；颗粒物需区分PM2.5和粗粒径效率
SRC-RAW-D683D38708DB6985060F,NOx,SOURCE_RELATION_MISSING,GYGL仅为工业锅炉类别且企业有多台锅炉；补齐本锅炉与治理设施对应关系
SRC-RAW-D683D38708DB6985060F,PM10,SOURCE_RELATION_MISSING,GYGL仅为工业锅炉类别且企业有多台锅炉；补齐本锅炉与治理设施对应关系
SRC-RAW-D683D38708DB6985060F,PM2.5,SOURCE_RELATION_MISSING,GYGL仅为工业锅炉类别且企业有多台锅炉；补齐本锅炉与治理设施对应关系
SRC-RAW-D683D38708DB6985060F,NH3,SOURCE_RELATION_MISSING,工业锅炉类别脱硝设施对应多台锅炉；补齐设备—脱硝设施关系
SRC-RAW-D683D38708DB6985060F,NH3,POLLUTANT_PARAMETER_MISSING,补齐脱硝SCR/SNCR工艺，表E.1按煤计的氨因子不能据设施名称选定
SRC-RAW-D683D38708DB6985060F,NH3,factor_not_applicable,表E.1氨因子分母为煤，当前燃料天然气不具备可直接使用的氨因子；提供适用因子或实测氨排放
SRC-RAW-34C40F8886BE8F556BFB,SO2,SOURCE_RELATION_MISSING,GYGL仅为工业锅炉类别且企业有多台锅炉；补齐本锅炉与治理设施对应关系
SRC-RAW-34C40F8886BE8F556BFB,NOx,SOURCE_RELATION_MISSING,GYGL仅为工业锅炉类别且企业有多台锅炉；补齐本锅炉与治理设施对应关系
SRC-RAW-34C40F8886BE8F556BFB,PM10,SOURCE_RELATION_MISSING,GYGL仅为工业锅炉类别且企业有多台锅炉；补齐本锅炉与治理设施对应关系
SRC-RAW-34C40F8886BE8F556BFB,PM2.5,SOURCE_RELATION_MISSING,GYGL仅为工业锅炉类别且企业有多台锅炉；补齐本锅炉与治理设施对应关系
SRC-RAW-34C40F8886BE8F556BFB,BC,SOURCE_RELATION_MISSING,GYGL仅为工业锅炉类别且企业有多台锅炉；补齐本锅炉与治理设施对应关系
SRC-RAW-34C40F8886BE8F556BFB,OC,SOURCE_RELATION_MISSING,GYGL仅为工业锅炉类别且企业有多台锅炉；补齐本锅炉与治理设施对应关系
SRC-RAW-34C40F8886BE8F556BFB,NH3,SOURCE_RELATION_MISSING,工业锅炉类别脱硝设施对应多台锅炉；补齐设备—脱硝设施关系
SRC-RAW-34C40F8886BE8F556BFB,NH3,POLLUTANT_PARAMETER_MISSING,补齐脱硝SCR/SNCR工艺，表E.1按煤计的氨因子不能据设施名称选定
SRC-RAW-4263AB27DE2F4F9EB23B,SO2,POLLUTANT_PARAMETER_MISSING,对应治理设施缺年度有效运行小时数，不能将平均效率直接当全年实际效率；补齐设施投运率；颗粒物需区分PM2.5和粗粒径效率
SRC-RAW-4263AB27DE2F4F9EB23B,PM10,POLLUTANT_PARAMETER_MISSING,对应治理设施缺年度有效运行小时数，不能将平均效率直接当全年实际效率；补齐设施投运率；颗粒物需区分PM2.5和粗粒径效率
SRC-RAW-4263AB27DE2F4F9EB23B,PM2.5,POLLUTANT_PARAMETER_MISSING,对应治理设施缺年度有效运行小时数，不能将平均效率直接当全年实际效率；补齐设施投运率；颗粒物需区分PM2.5和粗粒径效率
SRC-RAW-4263AB27DE2F4F9EB23B,BC,POLLUTANT_PARAMETER_MISSING,对应治理设施缺年度有效运行小时数，不能将平均效率直接当全年实际效率；补齐设施投运率；颗粒物需区分PM2.5和粗粒径效率
SRC-RAW-4263AB27DE2F4F9EB23B,OC,POLLUTANT_PARAMETER_MISSING,对应治理设施缺年度有效运行小时数，不能将平均效率直接当全年实际效率；补齐设施投运率；颗粒物需区分PM2.5和粗粒径效率
SRC-RAW-5575B8EFB19E3D17666E,SO2,SOURCE_RELATION_MISSING,GYGL仅为工业锅炉类别且企业有多台锅炉；补齐本锅炉与治理设施对应关系
SRC-RAW-5575B8EFB19E3D17666E,NOx,SOURCE_RELATION_MISSING,GYGL仅为工业锅炉类别且企业有多台锅炉；补齐本锅炉与治理设施对应关系
SRC-RAW-5575B8EFB19E3D17666E,PM10,SOURCE_RELATION_MISSING,GYGL仅为工业锅炉类别且企业有多台锅炉；补齐本锅炉与治理设施对应关系
SRC-RAW-5575B8EFB19E3D17666E,PM2.5,SOURCE_RELATION_MISSING,GYGL仅为工业锅炉类别且企业有多台锅炉；补齐本锅炉与治理设施对应关系
SRC-RAW-5575B8EFB19E3D17666E,BC,SOURCE_RELATION_MISSING,GYGL仅为工业锅炉类别且企业有多台锅炉；补齐本锅炉与治理设施对应关系
SRC-RAW-5575B8EFB19E3D17666E,OC,SOURCE_RELATION_MISSING,GYGL仅为工业锅炉类别且企业有多台锅炉；补齐本锅炉与治理设施对应关系
SRC-RAW-5575B8EFB19E3D17666E,NH3,SOURCE_RELATION_MISSING,工业锅炉类别脱硝设施对应多台锅炉；补齐设备—脱硝设施关系
SRC-RAW-5575B8EFB19E3D17666E,NH3,POLLUTANT_PARAMETER_MISSING,补齐脱硝SCR/SNCR工艺，表E.1按煤计的氨因子不能据设施名称选定
SRC-RAW-5512902A9654B937D2A4,PM10,POLLUTANT_PARAMETER_MISSING,治理工艺及去除效率缺失；补齐后按A.1选取
SRC-RAW-5512902A9654B937D2A4,PM10,POLLUTANT_PARAMETER_MISSING,对应治理设施缺年度有效运行小时数，不能将平均效率直接当全年实际效率；补齐设施投运率；颗粒物需区分PM2.5和粗粒径效率
SRC-RAW-5512902A9654B937D2A4,PM2.5,POLLUTANT_PARAMETER_MISSING,治理工艺及去除效率缺失；补齐后按A.1选取
SRC-RAW-5512902A9654B937D2A4,PM2.5,POLLUTANT_PARAMETER_MISSING,对应治理设施缺年度有效运行小时数，不能将平均效率直接当全年实际效率；补齐设施投运率；颗粒物需区分PM2.5和粗粒径效率
SRC-RAW-5512902A9654B937D2A4,BC,POLLUTANT_PARAMETER_MISSING,治理工艺及去除效率缺失；补齐后按A.1选取
SRC-RAW-5512902A9654B937D2A4,BC,POLLUTANT_PARAMETER_MISSING,对应治理设施缺年度有效运行小时数，不能将平均效率直接当全年实际效率；补齐设施投运率；颗粒物需区分PM2.5和粗粒径效率
SRC-RAW-5512902A9654B937D2A4,OC,POLLUTANT_PARAMETER_MISSING,治理工艺及去除效率缺失；补齐后按A.1选取
SRC-RAW-5512902A9654B937D2A4,OC,POLLUTANT_PARAMETER_MISSING,对应治理设施缺年度有效运行小时数，不能将平均效率直接当全年实际效率；补齐设施投运率；颗粒物需区分PM2.5和粗粒径效率
SRC-RAW-3408D337780EBB5868B5,SO2,POLLUTANT_PARAMETER_MISSING,对应治理设施缺年度有效运行小时数，不能将平均效率直接当全年实际效率；补齐设施投运率；颗粒物需区分PM2.5和粗粒径效率
SRC-RAW-3408D337780EBB5868B5,NOx,POLLUTANT_PARAMETER_MISSING,燃烧方式其他层燃炉不足以选取E.7的CO/NOx/VOC系数；确认手动或自动炉排
SRC-RAW-3408D337780EBB5868B5,NOx,POLLUTANT_PARAMETER_MISSING,对应治理设施缺年度有效运行小时数，不能将平均效率直接当全年实际效率；补齐设施投运率；颗粒物需区分PM2.5和粗粒径效率
SRC-RAW-3408D337780EBB5868B5,CO,POLLUTANT_PARAMETER_MISSING,燃烧方式其他层燃炉不足以选取E.7的CO/NOx/VOC系数；确认手动或自动炉排
SRC-RAW-3408D337780EBB5868B5,VOC,POLLUTANT_PARAMETER_MISSING,燃烧方式其他层燃炉不足以选取E.7的CO/NOx/VOC系数；确认手动或自动炉排
SRC-RAW-3408D337780EBB5868B5,PM10,POLLUTANT_PARAMETER_MISSING,对应治理设施缺年度有效运行小时数，不能将平均效率直接当全年实际效率；补齐设施投运率；颗粒物需区分PM2.5和粗粒径效率
SRC-RAW-3408D337780EBB5868B5,PM2.5,POLLUTANT_PARAMETER_MISSING,对应治理设施缺年度有效运行小时数，不能将平均效率直接当全年实际效率；补齐设施投运率；颗粒物需区分PM2.5和粗粒径效率
SRC-RAW-3408D337780EBB5868B5,BC,POLLUTANT_PARAMETER_MISSING,对应治理设施缺年度有效运行小时数，不能将平均效率直接当全年实际效率；补齐设施投运率；颗粒物需区分PM2.5和粗粒径效率
SRC-RAW-3408D337780EBB5868B5,OC,POLLUTANT_PARAMETER_MISSING,对应治理设施缺年度有效运行小时数，不能将平均效率直接当全年实际效率；补齐设施投运率；颗粒物需区分PM2.5和粗粒径效率
SRC-RAW-DA29F6C4E074A5D7E5A7,PM10,POLLUTANT_PARAMETER_MISSING,治理工艺及去除效率缺失；补齐后按A.1选取
SRC-RAW-DA29F6C4E074A5D7E5A7,PM10,POLLUTANT_PARAMETER_MISSING,对应治理设施缺年度有效运行小时数，不能将平均效率直接当全年实际效率；补齐设施投运率；颗粒物需区分PM2.5和粗粒径效率
SRC-RAW-DA29F6C4E074A5D7E5A7,PM2.5,POLLUTANT_PARAMETER_MISSING,治理工艺及去除效率缺失；补齐后按A.1选取
SRC-RAW-DA29F6C4E074A5D7E5A7,PM2.5,POLLUTANT_PARAMETER_MISSING,对应治理设施缺年度有效运行小时数，不能将平均效率直接当全年实际效率；补齐设施投运率；颗粒物需区分PM2.5和粗粒径效率
SRC-RAW-DA29F6C4E074A5D7E5A7,BC,POLLUTANT_PARAMETER_MISSING,治理工艺及去除效率缺失；补齐后按A.1选取
SRC-RAW-DA29F6C4E074A5D7E5A7,BC,POLLUTANT_PARAMETER_MISSING,对应治理设施缺年度有效运行小时数，不能将平均效率直接当全年实际效率；补齐设施投运率；颗粒物需区分PM2.5和粗粒径效率
SRC-RAW-DA29F6C4E074A5D7E5A7,OC,POLLUTANT_PARAMETER_MISSING,治理工艺及去除效率缺失；补齐后按A.1选取
SRC-RAW-DA29F6C4E074A5D7E5A7,OC,POLLUTANT_PARAMETER_MISSING,对应治理设施缺年度有效运行小时数，不能将平均效率直接当全年实际效率；补齐设施投运率；颗粒物需区分PM2.5和粗粒径效率
SRC-RAW-DDF4A4858D074AF5425B,SO2,POLLUTANT_PARAMETER_MISSING,对应治理设施缺年度有效运行小时数，不能将平均效率直接当全年实际效率；补齐设施投运率；颗粒物需区分PM2.5和粗粒径效率
SRC-RAW-DDF4A4858D074AF5425B,NOx,POLLUTANT_PARAMETER_MISSING,燃烧方式其他层燃炉不足以选取E.7的CO/NOx/VOC系数；确认手动或自动炉排
SRC-RAW-DDF4A4858D074AF5425B,CO,POLLUTANT_PARAMETER_MISSING,燃烧方式其他层燃炉不足以选取E.7的CO/NOx/VOC系数；确认手动或自动炉排
SRC-RAW-DDF4A4858D074AF5425B,VOC,POLLUTANT_PARAMETER_MISSING,燃烧方式其他层燃炉不足以选取E.7的CO/NOx/VOC系数；确认手动或自动炉排
SRC-RAW-DDF4A4858D074AF5425B,PM10,POLLUTANT_PARAMETER_MISSING,对应治理设施缺年度有效运行小时数，不能将平均效率直接当全年实际效率；补齐设施投运率；颗粒物需区分PM2.5和粗粒径效率
SRC-RAW-DDF4A4858D074AF5425B,PM2.5,POLLUTANT_PARAMETER_MISSING,对应治理设施缺年度有效运行小时数，不能将平均效率直接当全年实际效率；补齐设施投运率；颗粒物需区分PM2.5和粗粒径效率
SRC-RAW-DDF4A4858D074AF5425B,BC,POLLUTANT_PARAMETER_MISSING,对应治理设施缺年度有效运行小时数，不能将平均效率直接当全年实际效率；补齐设施投运率；颗粒物需区分PM2.5和粗粒径效率
SRC-RAW-DDF4A4858D074AF5425B,OC,POLLUTANT_PARAMETER_MISSING,对应治理设施缺年度有效运行小时数，不能将平均效率直接当全年实际效率；补齐设施投运率；颗粒物需区分PM2.5和粗粒径效率
SRC-RAW-6CD72584AD55B3DA8317,SO2,POLLUTANT_PARAMETER_MISSING,治理工艺及去除效率缺失；补齐后按A.1选取
SRC-RAW-6CD72584AD55B3DA8317,SO2,POLLUTANT_PARAMETER_MISSING,对应治理设施缺年度有效运行小时数，不能将平均效率直接当全年实际效率；补齐设施投运率；颗粒物需区分PM2.5和粗粒径效率
SRC-RAW-6CD72584AD55B3DA8317,PM10,POLLUTANT_PARAMETER_MISSING,治理工艺及去除效率缺失；补齐后按A.1选取
SRC-RAW-6CD72584AD55B3DA8317,PM10,POLLUTANT_PARAMETER_MISSING,对应治理设施缺年度有效运行小时数，不能将平均效率直接当全年实际效率；补齐设施投运率；颗粒物需区分PM2.5和粗粒径效率
SRC-RAW-6CD72584AD55B3DA8317,PM2.5,POLLUTANT_PARAMETER_MISSING,治理工艺及去除效率缺失；补齐后按A.1选取
SRC-RAW-6CD72584AD55B3DA8317,PM2.5,POLLUTANT_PARAMETER_MISSING,对应治理设施缺年度有效运行小时数，不能将平均效率直接当全年实际效率；补齐设施投运率；颗粒物需区分PM2.5和粗粒径效率
SRC-RAW-6CD72584AD55B3DA8317,BC,POLLUTANT_PARAMETER_MISSING,治理工艺及去除效率缺失；补齐后按A.1选取
SRC-RAW-6CD72584AD55B3DA8317,BC,POLLUTANT_PARAMETER_MISSING,对应治理设施缺年度有效运行小时数，不能将平均效率直接当全年实际效率；补齐设施投运率；颗粒物需区分PM2.5和粗粒径效率
SRC-RAW-6CD72584AD55B3DA8317,OC,POLLUTANT_PARAMETER_MISSING,治理工艺及去除效率缺失；补齐后按A.1选取
SRC-RAW-6CD72584AD55B3DA8317,OC,POLLUTANT_PARAMETER_MISSING,对应治理设施缺年度有效运行小时数，不能将平均效率直接当全年实际效率；补齐设施投运率；颗粒物需区分PM2.5和粗粒径效率
SRC-RAW-63B565D0214106A5D802,SO2,POLLUTANT_PARAMETER_MISSING,对应治理设施缺年度有效运行小时数，不能将平均效率直接当全年实际效率；补齐设施投运率；颗粒物需区分PM2.5和粗粒径效率
SRC-RAW-63B565D0214106A5D802,PM10,POLLUTANT_PARAMETER_MISSING,对应治理设施缺年度有效运行小时数，不能将平均效率直接当全年实际效率；补齐设施投运率；颗粒物需区分PM2.5和粗粒径效率
SRC-RAW-63B565D0214106A5D802,PM2.5,POLLUTANT_PARAMETER_MISSING,对应治理设施缺年度有效运行小时数，不能将平均效率直接当全年实际效率；补齐设施投运率；颗粒物需区分PM2.5和粗粒径效率
SRC-RAW-63B565D0214106A5D802,BC,POLLUTANT_PARAMETER_MISSING,对应治理设施缺年度有效运行小时数，不能将平均效率直接当全年实际效率；补齐设施投运率；颗粒物需区分PM2.5和粗粒径效率
SRC-RAW-5BB161330672CF0DD3E3,SO2,SOURCE_RELATION_MISSING,GYGL仅为工业锅炉类别且企业有多台锅炉；补齐本锅炉与治理设施对应关系
SRC-RAW-5BB161330672CF0DD3E3,NOx,SOURCE_RELATION_MISSING,GYGL仅为工业锅炉类别且企业有多台锅炉；补齐本锅炉与治理设施对应关系
SRC-RAW-5BB161330672CF0DD3E3,PM10,SOURCE_RELATION_MISSING,GYGL仅为工业锅炉类别且企业有多台锅炉；补齐本锅炉与治理设施对应关系
SRC-RAW-5BB161330672CF0DD3E3,PM2.5,SOURCE_RELATION_MISSING,GYGL仅为工业锅炉类别且企业有多台锅炉；补齐本锅炉与治理设施对应关系
SRC-RAW-5BB161330672CF0DD3E3,BC,SOURCE_RELATION_MISSING,GYGL仅为工业锅炉类别且企业有多台锅炉；补齐本锅炉与治理设施对应关系
SRC-RAW-5BB161330672CF0DD3E3,OC,SOURCE_RELATION_MISSING,GYGL仅为工业锅炉类别且企业有多台锅炉；补齐本锅炉与治理设施对应关系
SRC-RAW-5BB161330672CF0DD3E3,NH3,SOURCE_RELATION_MISSING,工业锅炉类别脱硝设施对应多台锅炉；补齐设备—脱硝设施关系
SRC-RAW-5BB161330672CF0DD3E3,NH3,POLLUTANT_PARAMETER_MISSING,补齐脱硝SCR/SNCR工艺，表E.1按煤计的氨因子不能据设施名称选定
SRC-RAW-943DBD9629F80437B702,PM10,POLLUTANT_PARAMETER_MISSING,治理工艺及去除效率缺失；补齐后按A.1选取
SRC-RAW-943DBD9629F80437B702,PM10,POLLUTANT_PARAMETER_MISSING,对应治理设施缺年度有效运行小时数，不能将平均效率直接当全年实际效率；补齐设施投运率；颗粒物需区分PM2.5和粗粒径效率
SRC-RAW-943DBD9629F80437B702,PM2.5,POLLUTANT_PARAMETER_MISSING,治理工艺及去除效率缺失；补齐后按A.1选取
SRC-RAW-943DBD9629F80437B702,PM2.5,POLLUTANT_PARAMETER_MISSING,对应治理设施缺年度有效运行小时数，不能将平均效率直接当全年实际效率；补齐设施投运率；颗粒物需区分PM2.5和粗粒径效率
SRC-RAW-943DBD9629F80437B702,BC,POLLUTANT_PARAMETER_MISSING,治理工艺及去除效率缺失；补齐后按A.1选取
SRC-RAW-943DBD9629F80437B702,BC,POLLUTANT_PARAMETER_MISSING,对应治理设施缺年度有效运行小时数，不能将平均效率直接当全年实际效率；补齐设施投运率；颗粒物需区分PM2.5和粗粒径效率
SRC-RAW-943DBD9629F80437B702,OC,POLLUTANT_PARAMETER_MISSING,治理工艺及去除效率缺失；补齐后按A.1选取
SRC-RAW-943DBD9629F80437B702,OC,POLLUTANT_PARAMETER_MISSING,对应治理设施缺年度有效运行小时数，不能将平均效率直接当全年实际效率；补齐设施投运率；颗粒物需区分PM2.5和粗粒径效率
SRC-RAW-735E97FF20D753ACA1D5,SO2,POLLUTANT_PARAMETER_MISSING,对应治理设施缺年度有效运行小时数，不能将平均效率直接当全年实际效率；补齐设施投运率；颗粒物需区分PM2.5和粗粒径效率
SRC-RAW-735E97FF20D753ACA1D5,NOx,POLLUTANT_PARAMETER_MISSING,对应治理设施缺年度有效运行小时数，不能将平均效率直接当全年实际效率；补齐设施投运率；颗粒物需区分PM2.5和粗粒径效率
SRC-RAW-735E97FF20D753ACA1D5,PM10,POLLUTANT_PARAMETER_MISSING,对应治理设施缺年度有效运行小时数，不能将平均效率直接当全年实际效率；补齐设施投运率；颗粒物需区分PM2.5和粗粒径效率
SRC-RAW-735E97FF20D753ACA1D5,PM2.5,POLLUTANT_PARAMETER_MISSING,对应治理设施缺年度有效运行小时数，不能将平均效率直接当全年实际效率；补齐设施投运率；颗粒物需区分PM2.5和粗粒径效率
SRC-RAW-735E97FF20D753ACA1D5,BC,POLLUTANT_PARAMETER_MISSING,对应治理设施缺年度有效运行小时数，不能将平均效率直接当全年实际效率；补齐设施投运率；颗粒物需区分PM2.5和粗粒径效率
SRC-RAW-735E97FF20D753ACA1D5,OC,POLLUTANT_PARAMETER_MISSING,对应治理设施缺年度有效运行小时数，不能将平均效率直接当全年实际效率；补齐设施投运率；颗粒物需区分PM2.5和粗粒径效率
SRC-RAW-25841F22E38233DBF321,SO2,POLLUTANT_PARAMETER_MISSING,对应治理设施缺年度有效运行小时数，不能将平均效率直接当全年实际效率；补齐设施投运率；颗粒物需区分PM2.5和粗粒径效率
SRC-RAW-25841F22E38233DBF321,NOx,POLLUTANT_PARAMETER_MISSING,对应治理设施缺年度有效运行小时数，不能将平均效率直接当全年实际效率；补齐设施投运率；颗粒物需区分PM2.5和粗粒径效率
SRC-RAW-25841F22E38233DBF321,PM10,POLLUTANT_PARAMETER_MISSING,对应治理设施缺年度有效运行小时数，不能将平均效率直接当全年实际效率；补齐设施投运率；颗粒物需区分PM2.5和粗粒径效率
SRC-RAW-25841F22E38233DBF321,PM2.5,POLLUTANT_PARAMETER_MISSING,对应治理设施缺年度有效运行小时数，不能将平均效率直接当全年实际效率；补齐设施投运率；颗粒物需区分PM2.5和粗粒径效率
SRC-RAW-25841F22E38233DBF321,BC,POLLUTANT_PARAMETER_MISSING,对应治理设施缺年度有效运行小时数，不能将平均效率直接当全年实际效率；补齐设施投运率；颗粒物需区分PM2.5和粗粒径效率
SRC-RAW-6F4995B8A735E3E98DB5,NOx,SOURCE_RELATION_MISSING,GYGL仅为工业锅炉类别且企业有多台锅炉；补齐本锅炉与治理设施对应关系
SRC-RAW-6F4995B8A735E3E98DB5,PM10,SOURCE_RELATION_MISSING,GYGL仅为工业锅炉类别且企业有多台锅炉；补齐本锅炉与治理设施对应关系
SRC-RAW-6F4995B8A735E3E98DB5,PM2.5,SOURCE_RELATION_MISSING,GYGL仅为工业锅炉类别且企业有多台锅炉；补齐本锅炉与治理设施对应关系
SRC-RAW-6F4995B8A735E3E98DB5,NH3,SOURCE_RELATION_MISSING,工业锅炉类别脱硝设施对应多台锅炉；补齐设备—脱硝设施关系
SRC-RAW-6F4995B8A735E3E98DB5,NH3,POLLUTANT_PARAMETER_MISSING,补齐脱硝SCR/SNCR工艺，表E.1按煤计的氨因子不能据设施名称选定
SRC-RAW-6F4995B8A735E3E98DB5,NH3,factor_not_applicable,表E.1氨因子分母为煤，当前燃料天然气不具备可直接使用的氨因子；提供适用因子或实测氨排放
SRC-RAW-1DDA8F22160D03453C5C,SO2,POLLUTANT_PARAMETER_MISSING,对应治理设施缺年度有效运行小时数，不能将平均效率直接当全年实际效率；补齐设施投运率；颗粒物需区分PM2.5和粗粒径效率
SRC-RAW-1DDA8F22160D03453C5C,NOx,POLLUTANT_PARAMETER_MISSING,对应治理设施缺年度有效运行小时数，不能将平均效率直接当全年实际效率；补齐设施投运率；颗粒物需区分PM2.5和粗粒径效率
SRC-RAW-1DDA8F22160D03453C5C,PM10,POLLUTANT_PARAMETER_MISSING,对应治理设施缺年度有效运行小时数，不能将平均效率直接当全年实际效率；补齐设施投运率；颗粒物需区分PM2.5和粗粒径效率
SRC-RAW-1DDA8F22160D03453C5C,PM2.5,POLLUTANT_PARAMETER_MISSING,对应治理设施缺年度有效运行小时数，不能将平均效率直接当全年实际效率；补齐设施投运率；颗粒物需区分PM2.5和粗粒径效率
SRC-RAW-1DDA8F22160D03453C5C,BC,POLLUTANT_PARAMETER_MISSING,对应治理设施缺年度有效运行小时数，不能将平均效率直接当全年实际效率；补齐设施投运率；颗粒物需区分PM2.5和粗粒径效率
SRC-RAW-1DDA8F22160D03453C5C,OC,POLLUTANT_PARAMETER_MISSING,对应治理设施缺年度有效运行小时数，不能将平均效率直接当全年实际效率；补齐设施投运率；颗粒物需区分PM2.5和粗粒径效率
SRC-RAW-6D9FC079C929B2FA4144,SO2,POLLUTANT_PARAMETER_MISSING,对应治理设施缺年度有效运行小时数，不能将平均效率直接当全年实际效率；补齐设施投运率；颗粒物需区分PM2.5和粗粒径效率
SRC-RAW-6D9FC079C929B2FA4144,NOx,POLLUTANT_PARAMETER_MISSING,燃烧方式其他层燃炉不足以选取E.7的CO/NOx/VOC系数；确认手动或自动炉排
SRC-RAW-6D9FC079C929B2FA4144,NOx,POLLUTANT_PARAMETER_MISSING,对应治理设施缺年度有效运行小时数，不能将平均效率直接当全年实际效率；补齐设施投运率；颗粒物需区分PM2.5和粗粒径效率
SRC-RAW-6D9FC079C929B2FA4144,CO,POLLUTANT_PARAMETER_MISSING,燃烧方式其他层燃炉不足以选取E.7的CO/NOx/VOC系数；确认手动或自动炉排
SRC-RAW-6D9FC079C929B2FA4144,VOC,POLLUTANT_PARAMETER_MISSING,燃烧方式其他层燃炉不足以选取E.7的CO/NOx/VOC系数；确认手动或自动炉排
SRC-RAW-6D9FC079C929B2FA4144,PM10,POLLUTANT_PARAMETER_MISSING,对应治理设施缺年度有效运行小时数，不能将平均效率直接当全年实际效率；补齐设施投运率；颗粒物需区分PM2.5和粗粒径效率
SRC-RAW-6D9FC079C929B2FA4144,PM2.5,POLLUTANT_PARAMETER_MISSING,对应治理设施缺年度有效运行小时数，不能将平均效率直接当全年实际效率；补齐设施投运率；颗粒物需区分PM2.5和粗粒径效率
SRC-RAW-6D9FC079C929B2FA4144,BC,POLLUTANT_PARAMETER_MISSING,对应治理设施缺年度有效运行小时数，不能将平均效率直接当全年实际效率；补齐设施投运率；颗粒物需区分PM2.5和粗粒径效率
SRC-RAW-6D9FC079C929B2FA4144,OC,POLLUTANT_PARAMETER_MISSING,对应治理设施缺年度有效运行小时数，不能将平均效率直接当全年实际效率；补齐设施投运率；颗粒物需区分PM2.5和粗粒径效率
SRC-RAW-FD5ED877D6196C97D135,SO2,POLLUTANT_PARAMETER_MISSING,对应治理设施缺年度有效运行小时数，不能将平均效率直接当全年实际效率；补齐设施投运率；颗粒物需区分PM2.5和粗粒径效率
SRC-RAW-FD5ED877D6196C97D135,NOx,POLLUTANT_PARAMETER_MISSING,燃烧方式其他层燃炉不足以选取E.7的CO/NOx/VOC系数；确认手动或自动炉排
SRC-RAW-FD5ED877D6196C97D135,NOx,POLLUTANT_PARAMETER_MISSING,对应治理设施缺年度有效运行小时数，不能将平均效率直接当全年实际效率；补齐设施投运率；颗粒物需区分PM2.5和粗粒径效率
SRC-RAW-FD5ED877D6196C97D135,CO,POLLUTANT_PARAMETER_MISSING,燃烧方式其他层燃炉不足以选取E.7的CO/NOx/VOC系数；确认手动或自动炉排
SRC-RAW-FD5ED877D6196C97D135,VOC,POLLUTANT_PARAMETER_MISSING,燃烧方式其他层燃炉不足以选取E.7的CO/NOx/VOC系数；确认手动或自动炉排
SRC-RAW-FD5ED877D6196C97D135,PM10,POLLUTANT_PARAMETER_MISSING,对应治理设施缺年度有效运行小时数，不能将平均效率直接当全年实际效率；补齐设施投运率；颗粒物需区分PM2.5和粗粒径效率
SRC-RAW-FD5ED877D6196C97D135,PM2.5,POLLUTANT_PARAMETER_MISSING,对应治理设施缺年度有效运行小时数，不能将平均效率直接当全年实际效率；补齐设施投运率；颗粒物需区分PM2.5和粗粒径效率
SRC-RAW-FD5ED877D6196C97D135,BC,POLLUTANT_PARAMETER_MISSING,对应治理设施缺年度有效运行小时数，不能将平均效率直接当全年实际效率；补齐设施投运率；颗粒物需区分PM2.5和粗粒径效率
SRC-RAW-FD5ED877D6196C97D135,OC,POLLUTANT_PARAMETER_MISSING,对应治理设施缺年度有效运行小时数，不能将平均效率直接当全年实际效率；补齐设施投运率；颗粒物需区分PM2.5和粗粒径效率
SRC-RAW-0F2CBC418F77493D94E7,PM10,POLLUTANT_PARAMETER_MISSING,对应治理设施缺年度有效运行小时数，不能将平均效率直接当全年实际效率；补齐设施投运率；颗粒物需区分PM2.5和粗粒径效率
SRC-RAW-0F2CBC418F77493D94E7,PM2.5,POLLUTANT_PARAMETER_MISSING,对应治理设施缺年度有效运行小时数，不能将平均效率直接当全年实际效率；补齐设施投运率；颗粒物需区分PM2.5和粗粒径效率
SRC-RAW-0F2CBC418F77493D94E7,BC,POLLUTANT_PARAMETER_MISSING,对应治理设施缺年度有效运行小时数，不能将平均效率直接当全年实际效率；补齐设施投运率；颗粒物需区分PM2.5和粗粒径效率
SRC-RAW-0F2CBC418F77493D94E7,OC,POLLUTANT_PARAMETER_MISSING,对应治理设施缺年度有效运行小时数，不能将平均效率直接当全年实际效率；补齐设施投运率；颗粒物需区分PM2.5和粗粒径效率
SRC-RAW-AB46241366457230291D,SO2,POLLUTANT_PARAMETER_MISSING,对应治理设施缺年度有效运行小时数，不能将平均效率直接当全年实际效率；补齐设施投运率；颗粒物需区分PM2.5和粗粒径效率
SRC-RAW-AB46241366457230291D,NOx,POLLUTANT_PARAMETER_MISSING,燃烧方式其他层燃炉不足以选取E.7的CO/NOx/VOC系数；确认手动或自动炉排
SRC-RAW-AB46241366457230291D,CO,POLLUTANT_PARAMETER_MISSING,燃烧方式其他层燃炉不足以选取E.7的CO/NOx/VOC系数；确认手动或自动炉排
SRC-RAW-AB46241366457230291D,VOC,POLLUTANT_PARAMETER_MISSING,燃烧方式其他层燃炉不足以选取E.7的CO/NOx/VOC系数；确认手动或自动炉排
SRC-RAW-AB46241366457230291D,PM10,POLLUTANT_PARAMETER_MISSING,对应治理设施缺年度有效运行小时数，不能将平均效率直接当全年实际效率；补齐设施投运率；颗粒物需区分PM2.5和粗粒径效率
SRC-RAW-AB46241366457230291D,PM2.5,POLLUTANT_PARAMETER_MISSING,对应治理设施缺年度有效运行小时数，不能将平均效率直接当全年实际效率；补齐设施投运率；颗粒物需区分PM2.5和粗粒径效率
SRC-RAW-AB46241366457230291D,BC,POLLUTANT_PARAMETER_MISSING,对应治理设施缺年度有效运行小时数，不能将平均效率直接当全年实际效率；补齐设施投运率；颗粒物需区分PM2.5和粗粒径效率
SRC-RAW-AB46241366457230291D,OC,POLLUTANT_PARAMETER_MISSING,对应治理设施缺年度有效运行小时数，不能将平均效率直接当全年实际效率；补齐设施投运率；颗粒物需区分PM2.5和粗粒径效率
SRC-RAW-22B9C07EB5936FB95372,SO2,POLLUTANT_PARAMETER_MISSING,对应治理设施缺年度有效运行小时数，不能将平均效率直接当全年实际效率；补齐设施投运率；颗粒物需区分PM2.5和粗粒径效率
SRC-RAW-22B9C07EB5936FB95372,NOx,POLLUTANT_PARAMETER_MISSING,燃烧方式其他层燃炉不足以选取E.7的CO/NOx/VOC系数；确认手动或自动炉排
SRC-RAW-22B9C07EB5936FB95372,NOx,POLLUTANT_PARAMETER_MISSING,对应治理设施缺年度有效运行小时数，不能将平均效率直接当全年实际效率；补齐设施投运率；颗粒物需区分PM2.5和粗粒径效率
SRC-RAW-22B9C07EB5936FB95372,CO,POLLUTANT_PARAMETER_MISSING,燃烧方式其他层燃炉不足以选取E.7的CO/NOx/VOC系数；确认手动或自动炉排
SRC-RAW-22B9C07EB5936FB95372,VOC,POLLUTANT_PARAMETER_MISSING,燃烧方式其他层燃炉不足以选取E.7的CO/NOx/VOC系数；确认手动或自动炉排
SRC-RAW-22B9C07EB5936FB95372,PM10,POLLUTANT_PARAMETER_MISSING,对应治理设施缺年度有效运行小时数，不能将平均效率直接当全年实际效率；补齐设施投运率；颗粒物需区分PM2.5和粗粒径效率
SRC-RAW-22B9C07EB5936FB95372,PM2.5,POLLUTANT_PARAMETER_MISSING,对应治理设施缺年度有效运行小时数，不能将平均效率直接当全年实际效率；补齐设施投运率；颗粒物需区分PM2.5和粗粒径效率
SRC-RAW-22B9C07EB5936FB95372,BC,POLLUTANT_PARAMETER_MISSING,对应治理设施缺年度有效运行小时数，不能将平均效率直接当全年实际效率；补齐设施投运率；颗粒物需区分PM2.5和粗粒径效率
SRC-RAW-22B9C07EB5936FB95372,OC,POLLUTANT_PARAMETER_MISSING,对应治理设施缺年度有效运行小时数，不能将平均效率直接当全年实际效率；补齐设施投运率；颗粒物需区分PM2.5和粗粒径效率
SRC-RAW-53A9FA9EFF3358ED4010,SO2,POLLUTANT_PARAMETER_MISSING,对应治理设施缺年度有效运行小时数，不能将平均效率直接当全年实际效率；补齐设施投运率；颗粒物需区分PM2.5和粗粒径效率
SRC-RAW-53A9FA9EFF3358ED4010,NOx,POLLUTANT_PARAMETER_MISSING,对应治理设施缺年度有效运行小时数，不能将平均效率直接当全年实际效率；补齐设施投运率；颗粒物需区分PM2.5和粗粒径效率
SRC-RAW-53A9FA9EFF3358ED4010,PM10,POLLUTANT_PARAMETER_MISSING,对应治理设施缺年度有效运行小时数，不能将平均效率直接当全年实际效率；补齐设施投运率；颗粒物需区分PM2.5和粗粒径效率
SRC-RAW-53A9FA9EFF3358ED4010,PM2.5,POLLUTANT_PARAMETER_MISSING,对应治理设施缺年度有效运行小时数，不能将平均效率直接当全年实际效率；补齐设施投运率；颗粒物需区分PM2.5和粗粒径效率
SRC-RAW-53A9FA9EFF3358ED4010,BC,POLLUTANT_PARAMETER_MISSING,对应治理设施缺年度有效运行小时数，不能将平均效率直接当全年实际效率；补齐设施投运率；颗粒物需区分PM2.5和粗粒径效率
SRC-RAW-53A9FA9EFF3358ED4010,OC,POLLUTANT_PARAMETER_MISSING,对应治理设施缺年度有效运行小时数，不能将平均效率直接当全年实际效率；补齐设施投运率；颗粒物需区分PM2.5和粗粒径效率
SRC-RAW-53A9FA9EFF3358ED4010,NH3,POLLUTANT_PARAMETER_MISSING,补齐脱硝SCR/SNCR工艺，表E.1按煤计的氨因子不能据设施名称选定
SRC-RAW-872E0D391E4E1F842011,SO2,SOURCE_RELATION_MISSING,GYGL仅为工业锅炉类别且企业有多台锅炉；补齐本锅炉与治理设施对应关系
SRC-RAW-872E0D391E4E1F842011,NOx,SOURCE_RELATION_MISSING,GYGL仅为工业锅炉类别且企业有多台锅炉；补齐本锅炉与治理设施对应关系
SRC-RAW-872E0D391E4E1F842011,PM10,SOURCE_RELATION_MISSING,GYGL仅为工业锅炉类别且企业有多台锅炉；补齐本锅炉与治理设施对应关系
SRC-RAW-872E0D391E4E1F842011,PM2.5,SOURCE_RELATION_MISSING,GYGL仅为工业锅炉类别且企业有多台锅炉；补齐本锅炉与治理设施对应关系
SRC-RAW-872E0D391E4E1F842011,BC,SOURCE_RELATION_MISSING,GYGL仅为工业锅炉类别且企业有多台锅炉；补齐本锅炉与治理设施对应关系
SRC-RAW-872E0D391E4E1F842011,OC,SOURCE_RELATION_MISSING,GYGL仅为工业锅炉类别且企业有多台锅炉；补齐本锅炉与治理设施对应关系
SRC-RAW-872E0D391E4E1F842011,NH3,SOURCE_RELATION_MISSING,工业锅炉类别脱硝设施对应多台锅炉；补齐设备—脱硝设施关系
SRC-RAW-872E0D391E4E1F842011,NH3,POLLUTANT_PARAMETER_MISSING,补齐脱硝SCR/SNCR工艺，表E.1按煤计的氨因子不能据设施名称选定
SRC-RAW-B3EEE95AA6F706A59B6B,NOx,POLLUTANT_PARAMETER_MISSING,是否采用低氮燃烧技术缺失；确认后选取NOx控制参数
SRC-RAW-F40A0016A9A7BEDF76EA,SO2,SOURCE_RELATION_MISSING,GYGL仅为工业锅炉类别且企业有多台锅炉；补齐本锅炉与治理设施对应关系
SRC-RAW-F40A0016A9A7BEDF76EA,NOx,POLLUTANT_PARAMETER_MISSING,燃烧方式其他层燃炉不足以选取E.7的CO/NOx/VOC系数；确认手动或自动炉排
SRC-RAW-F40A0016A9A7BEDF76EA,CO,POLLUTANT_PARAMETER_MISSING,燃烧方式其他层燃炉不足以选取E.7的CO/NOx/VOC系数；确认手动或自动炉排
SRC-RAW-F40A0016A9A7BEDF76EA,VOC,POLLUTANT_PARAMETER_MISSING,燃烧方式其他层燃炉不足以选取E.7的CO/NOx/VOC系数；确认手动或自动炉排
SRC-RAW-F40A0016A9A7BEDF76EA,PM10,SOURCE_RELATION_MISSING,GYGL仅为工业锅炉类别且企业有多台锅炉；补齐本锅炉与治理设施对应关系
SRC-RAW-F40A0016A9A7BEDF76EA,PM2.5,SOURCE_RELATION_MISSING,GYGL仅为工业锅炉类别且企业有多台锅炉；补齐本锅炉与治理设施对应关系
SRC-RAW-F40A0016A9A7BEDF76EA,BC,SOURCE_RELATION_MISSING,GYGL仅为工业锅炉类别且企业有多台锅炉；补齐本锅炉与治理设施对应关系
SRC-RAW-F40A0016A9A7BEDF76EA,OC,SOURCE_RELATION_MISSING,GYGL仅为工业锅炉类别且企业有多台锅炉；补齐本锅炉与治理设施对应关系
SRC-RAW-84EBB6E5350F73AB686A,SO2,SOURCE_RELATION_MISSING,GYGL仅为工业锅炉类别且企业有多台锅炉；补齐本锅炉与治理设施对应关系
SRC-RAW-84EBB6E5350F73AB686A,NOx,POLLUTANT_PARAMETER_MISSING,燃烧方式其他层燃炉不足以选取E.7的CO/NOx/VOC系数；确认手动或自动炉排
SRC-RAW-84EBB6E5350F73AB686A,CO,POLLUTANT_PARAMETER_MISSING,燃烧方式其他层燃炉不足以选取E.7的CO/NOx/VOC系数；确认手动或自动炉排
SRC-RAW-84EBB6E5350F73AB686A,VOC,POLLUTANT_PARAMETER_MISSING,燃烧方式其他层燃炉不足以选取E.7的CO/NOx/VOC系数；确认手动或自动炉排
SRC-RAW-84EBB6E5350F73AB686A,PM10,SOURCE_RELATION_MISSING,GYGL仅为工业锅炉类别且企业有多台锅炉；补齐本锅炉与治理设施对应关系
SRC-RAW-84EBB6E5350F73AB686A,PM2.5,SOURCE_RELATION_MISSING,GYGL仅为工业锅炉类别且企业有多台锅炉；补齐本锅炉与治理设施对应关系
SRC-RAW-84EBB6E5350F73AB686A,BC,SOURCE_RELATION_MISSING,GYGL仅为工业锅炉类别且企业有多台锅炉；补齐本锅炉与治理设施对应关系
SRC-RAW-84EBB6E5350F73AB686A,OC,SOURCE_RELATION_MISSING,GYGL仅为工业锅炉类别且企业有多台锅炉；补齐本锅炉与治理设施对应关系
SRC-RAW-2E076DB5176001F7B286,SO2,SOURCE_RELATION_MISSING,GYGL仅为工业锅炉类别且企业有多台锅炉；补齐本锅炉与治理设施对应关系
SRC-RAW-2E076DB5176001F7B286,NOx,SOURCE_RELATION_MISSING,GYGL仅为工业锅炉类别且企业有多台锅炉；补齐本锅炉与治理设施对应关系
SRC-RAW-2E076DB5176001F7B286,PM10,SOURCE_RELATION_MISSING,GYGL仅为工业锅炉类别且企业有多台锅炉；补齐本锅炉与治理设施对应关系
SRC-RAW-2E076DB5176001F7B286,PM2.5,SOURCE_RELATION_MISSING,GYGL仅为工业锅炉类别且企业有多台锅炉；补齐本锅炉与治理设施对应关系
SRC-RAW-2E076DB5176001F7B286,BC,SOURCE_RELATION_MISSING,GYGL仅为工业锅炉类别且企业有多台锅炉；补齐本锅炉与治理设施对应关系
SRC-RAW-2E076DB5176001F7B286,OC,SOURCE_RELATION_MISSING,GYGL仅为工业锅炉类别且企业有多台锅炉；补齐本锅炉与治理设施对应关系
SRC-RAW-2E076DB5176001F7B286,NH3,SOURCE_RELATION_MISSING,工业锅炉类别脱硝设施对应多台锅炉；补齐设备—脱硝设施关系
SRC-RAW-2E076DB5176001F7B286,NH3,POLLUTANT_PARAMETER_MISSING,补齐脱硝SCR/SNCR工艺，表E.1按煤计的氨因子不能据设施名称选定
SRC-RAW-3F8535F10BFABC71354C,SO2,POLLUTANT_PARAMETER_MISSING,对应治理设施缺年度有效运行小时数，不能将平均效率直接当全年实际效率；补齐设施投运率；颗粒物需区分PM2.5和粗粒径效率
SRC-RAW-3F8535F10BFABC71354C,NOx,POLLUTANT_PARAMETER_MISSING,燃烧方式其他层燃炉不足以选取E.7的CO/NOx/VOC系数；确认手动或自动炉排
SRC-RAW-3F8535F10BFABC71354C,NOx,POLLUTANT_PARAMETER_MISSING,对应治理设施缺年度有效运行小时数，不能将平均效率直接当全年实际效率；补齐设施投运率；颗粒物需区分PM2.5和粗粒径效率
SRC-RAW-3F8535F10BFABC71354C,CO,POLLUTANT_PARAMETER_MISSING,燃烧方式其他层燃炉不足以选取E.7的CO/NOx/VOC系数；确认手动或自动炉排
SRC-RAW-3F8535F10BFABC71354C,VOC,POLLUTANT_PARAMETER_MISSING,燃烧方式其他层燃炉不足以选取E.7的CO/NOx/VOC系数；确认手动或自动炉排
SRC-RAW-3F8535F10BFABC71354C,PM10,POLLUTANT_PARAMETER_MISSING,对应治理设施缺年度有效运行小时数，不能将平均效率直接当全年实际效率；补齐设施投运率；颗粒物需区分PM2.5和粗粒径效率
SRC-RAW-3F8535F10BFABC71354C,PM2.5,POLLUTANT_PARAMETER_MISSING,对应治理设施缺年度有效运行小时数，不能将平均效率直接当全年实际效率；补齐设施投运率；颗粒物需区分PM2.5和粗粒径效率
SRC-RAW-3F8535F10BFABC71354C,BC,POLLUTANT_PARAMETER_MISSING,对应治理设施缺年度有效运行小时数，不能将平均效率直接当全年实际效率；补齐设施投运率；颗粒物需区分PM2.5和粗粒径效率
SRC-RAW-3F8535F10BFABC71354C,OC,POLLUTANT_PARAMETER_MISSING,对应治理设施缺年度有效运行小时数，不能将平均效率直接当全年实际效率；补齐设施投运率；颗粒物需区分PM2.5和粗粒径效率
SRC-RAW-2DABEFC5089720627DB1,SO2,POLLUTANT_PARAMETER_MISSING,对应治理设施缺年度有效运行小时数，不能将平均效率直接当全年实际效率；补齐设施投运率；颗粒物需区分PM2.5和粗粒径效率
SRC-RAW-2DABEFC5089720627DB1,NOx,POLLUTANT_PARAMETER_MISSING,燃烧方式其他层燃炉不足以选取E.7的CO/NOx/VOC系数；确认手动或自动炉排
SRC-RAW-2DABEFC5089720627DB1,CO,POLLUTANT_PARAMETER_MISSING,燃烧方式其他层燃炉不足以选取E.7的CO/NOx/VOC系数；确认手动或自动炉排
SRC-RAW-2DABEFC5089720627DB1,VOC,POLLUTANT_PARAMETER_MISSING,燃烧方式其他层燃炉不足以选取E.7的CO/NOx/VOC系数；确认手动或自动炉排
SRC-RAW-2DABEFC5089720627DB1,PM10,POLLUTANT_PARAMETER_MISSING,对应治理设施缺年度有效运行小时数，不能将平均效率直接当全年实际效率；补齐设施投运率；颗粒物需区分PM2.5和粗粒径效率
SRC-RAW-2DABEFC5089720627DB1,PM2.5,POLLUTANT_PARAMETER_MISSING,对应治理设施缺年度有效运行小时数，不能将平均效率直接当全年实际效率；补齐设施投运率；颗粒物需区分PM2.5和粗粒径效率
SRC-RAW-2DABEFC5089720627DB1,BC,POLLUTANT_PARAMETER_MISSING,对应治理设施缺年度有效运行小时数，不能将平均效率直接当全年实际效率；补齐设施投运率；颗粒物需区分PM2.5和粗粒径效率
SRC-RAW-2DABEFC5089720627DB1,OC,POLLUTANT_PARAMETER_MISSING,对应治理设施缺年度有效运行小时数，不能将平均效率直接当全年实际效率；补齐设施投运率；颗粒物需区分PM2.5和粗粒径效率
SRC-RAW-B02BF89D0A6BA390AC19,SO2,activity_unit_unresolved,燃料一单位吨标准煤与因子分母t不一致；补原燃料实物量或有依据的换算关系
SRC-RAW-B02BF89D0A6BA390AC19,NOx,activity_unit_unresolved,燃料一单位吨标准煤与因子分母t不一致；补原燃料实物量或有依据的换算关系
SRC-RAW-B02BF89D0A6BA390AC19,CO,activity_unit_unresolved,燃料一单位吨标准煤与因子分母t不一致；补原燃料实物量或有依据的换算关系
SRC-RAW-B02BF89D0A6BA390AC19,VOC,activity_unit_unresolved,燃料一单位吨标准煤与因子分母t不一致；补原燃料实物量或有依据的换算关系
SRC-RAW-B02BF89D0A6BA390AC19,PM10,activity_unit_unresolved,燃料一单位吨标准煤与因子分母t不一致；补原燃料实物量或有依据的换算关系
SRC-RAW-B02BF89D0A6BA390AC19,PM2.5,activity_unit_unresolved,燃料一单位吨标准煤与因子分母t不一致；补原燃料实物量或有依据的换算关系
SRC-RAW-B02BF89D0A6BA390AC19,BC,activity_unit_unresolved,燃料一单位吨标准煤与因子分母t不一致；补原燃料实物量或有依据的换算关系
SRC-RAW-B02BF89D0A6BA390AC19,OC,activity_unit_unresolved,燃料一单位吨标准煤与因子分母t不一致；补原燃料实物量或有依据的换算关系
SRC-RAW-E92B3AE4C3D449B11F36,SO2,POLLUTANT_PARAMETER_MISSING,对应治理设施缺年度有效运行小时数，不能将平均效率直接当全年实际效率；补齐设施投运率；颗粒物需区分PM2.5和粗粒径效率
SRC-RAW-E92B3AE4C3D449B11F36,NOx,POLLUTANT_PARAMETER_MISSING,对应治理设施缺年度有效运行小时数，不能将平均效率直接当全年实际效率；补齐设施投运率；颗粒物需区分PM2.5和粗粒径效率
SRC-RAW-E92B3AE4C3D449B11F36,PM10,POLLUTANT_PARAMETER_MISSING,对应治理设施缺年度有效运行小时数，不能将平均效率直接当全年实际效率；补齐设施投运率；颗粒物需区分PM2.5和粗粒径效率
SRC-RAW-E92B3AE4C3D449B11F36,PM2.5,POLLUTANT_PARAMETER_MISSING,对应治理设施缺年度有效运行小时数，不能将平均效率直接当全年实际效率；补齐设施投运率；颗粒物需区分PM2.5和粗粒径效率
SRC-RAW-E92B3AE4C3D449B11F36,BC,POLLUTANT_PARAMETER_MISSING,对应治理设施缺年度有效运行小时数，不能将平均效率直接当全年实际效率；补齐设施投运率；颗粒物需区分PM2.5和粗粒径效率
SRC-RAW-E92B3AE4C3D449B11F36,OC,POLLUTANT_PARAMETER_MISSING,对应治理设施缺年度有效运行小时数，不能将平均效率直接当全年实际效率；补齐设施投运率；颗粒物需区分PM2.5和粗粒径效率
SRC-RAW-987D8D0A965B2ACBEFDF,PM10,POLLUTANT_PARAMETER_MISSING,治理工艺及去除效率缺失；补齐后按A.1选取
SRC-RAW-987D8D0A965B2ACBEFDF,PM10,POLLUTANT_PARAMETER_MISSING,对应治理设施缺年度有效运行小时数，不能将平均效率直接当全年实际效率；补齐设施投运率；颗粒物需区分PM2.5和粗粒径效率
SRC-RAW-987D8D0A965B2ACBEFDF,PM2.5,POLLUTANT_PARAMETER_MISSING,治理工艺及去除效率缺失；补齐后按A.1选取
SRC-RAW-987D8D0A965B2ACBEFDF,PM2.5,POLLUTANT_PARAMETER_MISSING,对应治理设施缺年度有效运行小时数，不能将平均效率直接当全年实际效率；补齐设施投运率；颗粒物需区分PM2.5和粗粒径效率
SRC-RAW-987D8D0A965B2ACBEFDF,BC,POLLUTANT_PARAMETER_MISSING,治理工艺及去除效率缺失；补齐后按A.1选取
SRC-RAW-987D8D0A965B2ACBEFDF,BC,POLLUTANT_PARAMETER_MISSING,对应治理设施缺年度有效运行小时数，不能将平均效率直接当全年实际效率；补齐设施投运率；颗粒物需区分PM2.5和粗粒径效率
SRC-RAW-987D8D0A965B2ACBEFDF,OC,POLLUTANT_PARAMETER_MISSING,治理工艺及去除效率缺失；补齐后按A.1选取
SRC-RAW-987D8D0A965B2ACBEFDF,OC,POLLUTANT_PARAMETER_MISSING,对应治理设施缺年度有效运行小时数，不能将平均效率直接当全年实际效率；补齐设施投运率；颗粒物需区分PM2.5和粗粒径效率
SRC-RAW-825F50F1195049BD966D,SO2,activity_unit_unresolved,燃料一单位吨标准煤与因子分母t不一致；补原燃料实物量或有依据的换算关系
SRC-RAW-825F50F1195049BD966D,SO2,POLLUTANT_PARAMETER_MISSING,治理工艺及去除效率缺失；补齐后按A.1选取
SRC-RAW-825F50F1195049BD966D,SO2,POLLUTANT_PARAMETER_MISSING,对应治理设施缺年度有效运行小时数，不能将平均效率直接当全年实际效率；补齐设施投运率；颗粒物需区分PM2.5和粗粒径效率
SRC-RAW-825F50F1195049BD966D,NOx,activity_unit_unresolved,燃料一单位吨标准煤与因子分母t不一致；补原燃料实物量或有依据的换算关系
SRC-RAW-825F50F1195049BD966D,CO,activity_unit_unresolved,燃料一单位吨标准煤与因子分母t不一致；补原燃料实物量或有依据的换算关系
SRC-RAW-825F50F1195049BD966D,VOC,activity_unit_unresolved,燃料一单位吨标准煤与因子分母t不一致；补原燃料实物量或有依据的换算关系
SRC-RAW-825F50F1195049BD966D,PM10,activity_unit_unresolved,燃料一单位吨标准煤与因子分母t不一致；补原燃料实物量或有依据的换算关系
SRC-RAW-825F50F1195049BD966D,PM10,POLLUTANT_PARAMETER_MISSING,治理工艺及去除效率缺失；补齐后按A.1选取
SRC-RAW-825F50F1195049BD966D,PM10,POLLUTANT_PARAMETER_MISSING,对应治理设施缺年度有效运行小时数，不能将平均效率直接当全年实际效率；补齐设施投运率；颗粒物需区分PM2.5和粗粒径效率
SRC-RAW-825F50F1195049BD966D,PM2.5,activity_unit_unresolved,燃料一单位吨标准煤与因子分母t不一致；补原燃料实物量或有依据的换算关系
SRC-RAW-825F50F1195049BD966D,PM2.5,POLLUTANT_PARAMETER_MISSING,治理工艺及去除效率缺失；补齐后按A.1选取
SRC-RAW-825F50F1195049BD966D,PM2.5,POLLUTANT_PARAMETER_MISSING,对应治理设施缺年度有效运行小时数，不能将平均效率直接当全年实际效率；补齐设施投运率；颗粒物需区分PM2.5和粗粒径效率
SRC-RAW-825F50F1195049BD966D,BC,activity_unit_unresolved,燃料一单位吨标准煤与因子分母t不一致；补原燃料实物量或有依据的换算关系
SRC-RAW-825F50F1195049BD966D,BC,POLLUTANT_PARAMETER_MISSING,治理工艺及去除效率缺失；补齐后按A.1选取
SRC-RAW-825F50F1195049BD966D,BC,POLLUTANT_PARAMETER_MISSING,对应治理设施缺年度有效运行小时数，不能将平均效率直接当全年实际效率；补齐设施投运率；颗粒物需区分PM2.5和粗粒径效率
SRC-RAW-825F50F1195049BD966D,OC,activity_unit_unresolved,燃料一单位吨标准煤与因子分母t不一致；补原燃料实物量或有依据的换算关系
SRC-RAW-825F50F1195049BD966D,OC,POLLUTANT_PARAMETER_MISSING,治理工艺及去除效率缺失；补齐后按A.1选取
SRC-RAW-825F50F1195049BD966D,OC,POLLUTANT_PARAMETER_MISSING,对应治理设施缺年度有效运行小时数，不能将平均效率直接当全年实际效率；补齐设施投运率；颗粒物需区分PM2.5和粗粒径效率
SRC-RAW-0364C1615A4478B5D6AF,SO2,POLLUTANT_PARAMETER_MISSING,对应治理设施缺年度有效运行小时数，不能将平均效率直接当全年实际效率；补齐设施投运率；颗粒物需区分PM2.5和粗粒径效率
SRC-RAW-0364C1615A4478B5D6AF,NOx,POLLUTANT_PARAMETER_MISSING,燃烧方式其他层燃炉不足以选取E.7的CO/NOx/VOC系数；确认手动或自动炉排
SRC-RAW-0364C1615A4478B5D6AF,CO,POLLUTANT_PARAMETER_MISSING,燃烧方式其他层燃炉不足以选取E.7的CO/NOx/VOC系数；确认手动或自动炉排
SRC-RAW-0364C1615A4478B5D6AF,VOC,POLLUTANT_PARAMETER_MISSING,燃烧方式其他层燃炉不足以选取E.7的CO/NOx/VOC系数；确认手动或自动炉排
SRC-RAW-0364C1615A4478B5D6AF,PM10,POLLUTANT_PARAMETER_MISSING,对应治理设施缺年度有效运行小时数，不能将平均效率直接当全年实际效率；补齐设施投运率；颗粒物需区分PM2.5和粗粒径效率
SRC-RAW-0364C1615A4478B5D6AF,PM2.5,POLLUTANT_PARAMETER_MISSING,对应治理设施缺年度有效运行小时数，不能将平均效率直接当全年实际效率；补齐设施投运率；颗粒物需区分PM2.5和粗粒径效率
SRC-RAW-0364C1615A4478B5D6AF,BC,POLLUTANT_PARAMETER_MISSING,对应治理设施缺年度有效运行小时数，不能将平均效率直接当全年实际效率；补齐设施投运率；颗粒物需区分PM2.5和粗粒径效率
SRC-RAW-0364C1615A4478B5D6AF,OC,POLLUTANT_PARAMETER_MISSING,对应治理设施缺年度有效运行小时数，不能将平均效率直接当全年实际效率；补齐设施投运率；颗粒物需区分PM2.5和粗粒径效率
SRC-RAW-5A33F20CDD916A5C00E2,SO2,POLLUTANT_PARAMETER_MISSING,对应治理设施缺年度有效运行小时数，不能将平均效率直接当全年实际效率；补齐设施投运率；颗粒物需区分PM2.5和粗粒径效率
SRC-RAW-5A33F20CDD916A5C00E2,NOx,POLLUTANT_PARAMETER_MISSING,对应治理设施缺年度有效运行小时数，不能将平均效率直接当全年实际效率；补齐设施投运率；颗粒物需区分PM2.5和粗粒径效率
SRC-RAW-5A33F20CDD916A5C00E2,PM10,POLLUTANT_PARAMETER_MISSING,对应治理设施缺年度有效运行小时数，不能将平均效率直接当全年实际效率；补齐设施投运率；颗粒物需区分PM2.5和粗粒径效率
SRC-RAW-5A33F20CDD916A5C00E2,PM2.5,POLLUTANT_PARAMETER_MISSING,对应治理设施缺年度有效运行小时数，不能将平均效率直接当全年实际效率；补齐设施投运率；颗粒物需区分PM2.5和粗粒径效率
SRC-RAW-5A33F20CDD916A5C00E2,BC,POLLUTANT_PARAMETER_MISSING,对应治理设施缺年度有效运行小时数，不能将平均效率直接当全年实际效率；补齐设施投运率；颗粒物需区分PM2.5和粗粒径效率
SRC-RAW-E009075E9E4B2C376221,NOx,POLLUTANT_PARAMETER_MISSING,燃烧方式抛煤机炉不足以选取E.7的CO/NOx/VOC系数；确认手动或自动炉排
SRC-RAW-E009075E9E4B2C376221,CO,POLLUTANT_PARAMETER_MISSING,燃烧方式抛煤机炉不足以选取E.7的CO/NOx/VOC系数；确认手动或自动炉排
SRC-RAW-E009075E9E4B2C376221,VOC,POLLUTANT_PARAMETER_MISSING,燃烧方式抛煤机炉不足以选取E.7的CO/NOx/VOC系数；确认手动或自动炉排
SRC-RAW-E009075E9E4B2C376221,PM10,POLLUTANT_PARAMETER_MISSING,治理工艺及去除效率缺失；补齐后按A.1选取
SRC-RAW-E009075E9E4B2C376221,PM10,POLLUTANT_PARAMETER_MISSING,对应治理设施缺年度有效运行小时数，不能将平均效率直接当全年实际效率；补齐设施投运率；颗粒物需区分PM2.5和粗粒径效率
SRC-RAW-E009075E9E4B2C376221,PM2.5,POLLUTANT_PARAMETER_MISSING,治理工艺及去除效率缺失；补齐后按A.1选取
SRC-RAW-E009075E9E4B2C376221,PM2.5,POLLUTANT_PARAMETER_MISSING,对应治理设施缺年度有效运行小时数，不能将平均效率直接当全年实际效率；补齐设施投运率；颗粒物需区分PM2.5和粗粒径效率
SRC-RAW-E009075E9E4B2C376221,BC,POLLUTANT_PARAMETER_MISSING,治理工艺及去除效率缺失；补齐后按A.1选取
SRC-RAW-E009075E9E4B2C376221,BC,POLLUTANT_PARAMETER_MISSING,对应治理设施缺年度有效运行小时数，不能将平均效率直接当全年实际效率；补齐设施投运率；颗粒物需区分PM2.5和粗粒径效率
SRC-RAW-E009075E9E4B2C376221,OC,POLLUTANT_PARAMETER_MISSING,治理工艺及去除效率缺失；补齐后按A.1选取
SRC-RAW-E009075E9E4B2C376221,OC,POLLUTANT_PARAMETER_MISSING,对应治理设施缺年度有效运行小时数，不能将平均效率直接当全年实际效率；补齐设施投运率；颗粒物需区分PM2.5和粗粒径效率
SRC-RAW-AE563E14F46C0A119951,SO2,POLLUTANT_PARAMETER_MISSING,对应治理设施缺年度有效运行小时数，不能将平均效率直接当全年实际效率；补齐设施投运率；颗粒物需区分PM2.5和粗粒径效率
SRC-RAW-AE563E14F46C0A119951,NOx,POLLUTANT_PARAMETER_MISSING,燃烧方式其他层燃炉不足以选取E.7的CO/NOx/VOC系数；确认手动或自动炉排
SRC-RAW-AE563E14F46C0A119951,NOx,POLLUTANT_PARAMETER_MISSING,对应治理设施缺年度有效运行小时数，不能将平均效率直接当全年实际效率；补齐设施投运率；颗粒物需区分PM2.5和粗粒径效率
SRC-RAW-AE563E14F46C0A119951,CO,POLLUTANT_PARAMETER_MISSING,燃烧方式其他层燃炉不足以选取E.7的CO/NOx/VOC系数；确认手动或自动炉排
SRC-RAW-AE563E14F46C0A119951,VOC,POLLUTANT_PARAMETER_MISSING,燃烧方式其他层燃炉不足以选取E.7的CO/NOx/VOC系数；确认手动或自动炉排
SRC-RAW-AE563E14F46C0A119951,PM10,POLLUTANT_PARAMETER_MISSING,对应治理设施缺年度有效运行小时数，不能将平均效率直接当全年实际效率；补齐设施投运率；颗粒物需区分PM2.5和粗粒径效率
SRC-RAW-AE563E14F46C0A119951,PM2.5,POLLUTANT_PARAMETER_MISSING,对应治理设施缺年度有效运行小时数，不能将平均效率直接当全年实际效率；补齐设施投运率；颗粒物需区分PM2.5和粗粒径效率
SRC-RAW-AE563E14F46C0A119951,BC,POLLUTANT_PARAMETER_MISSING,对应治理设施缺年度有效运行小时数，不能将平均效率直接当全年实际效率；补齐设施投运率；颗粒物需区分PM2.5和粗粒径效率
SRC-RAW-AE563E14F46C0A119951,OC,POLLUTANT_PARAMETER_MISSING,对应治理设施缺年度有效运行小时数，不能将平均效率直接当全年实际效率；补齐设施投运率；颗粒物需区分PM2.5和粗粒径效率
SRC-RAW-D79EC20C19DEBBACC31C,SO2,POLLUTANT_PARAMETER_MISSING,对应治理设施缺年度有效运行小时数，不能将平均效率直接当全年实际效率；补齐设施投运率；颗粒物需区分PM2.5和粗粒径效率
SRC-RAW-D79EC20C19DEBBACC31C,PM10,POLLUTANT_PARAMETER_MISSING,对应治理设施缺年度有效运行小时数，不能将平均效率直接当全年实际效率；补齐设施投运率；颗粒物需区分PM2.5和粗粒径效率
SRC-RAW-D79EC20C19DEBBACC31C,PM2.5,POLLUTANT_PARAMETER_MISSING,对应治理设施缺年度有效运行小时数，不能将平均效率直接当全年实际效率；补齐设施投运率；颗粒物需区分PM2.5和粗粒径效率
SRC-RAW-D79EC20C19DEBBACC31C,BC,POLLUTANT_PARAMETER_MISSING,对应治理设施缺年度有效运行小时数，不能将平均效率直接当全年实际效率；补齐设施投运率；颗粒物需区分PM2.5和粗粒径效率
SRC-RAW-D79EC20C19DEBBACC31C,OC,POLLUTANT_PARAMETER_MISSING,对应治理设施缺年度有效运行小时数，不能将平均效率直接当全年实际效率；补齐设施投运率；颗粒物需区分PM2.5和粗粒径效率
SRC-RAW-712FE57A8849B9C9CF74,SO2,SOURCE_RELATION_MISSING,GYGL仅为工业锅炉类别且企业有多台锅炉；补齐本锅炉与治理设施对应关系
SRC-RAW-712FE57A8849B9C9CF74,NOx,POLLUTANT_PARAMETER_MISSING,燃烧方式其他层燃炉不足以选取E.7的CO/NOx/VOC系数；确认手动或自动炉排
SRC-RAW-712FE57A8849B9C9CF74,NOx,SOURCE_RELATION_MISSING,GYGL仅为工业锅炉类别且企业有多台锅炉；补齐本锅炉与治理设施对应关系
SRC-RAW-712FE57A8849B9C9CF74,CO,POLLUTANT_PARAMETER_MISSING,燃烧方式其他层燃炉不足以选取E.7的CO/NOx/VOC系数；确认手动或自动炉排
SRC-RAW-712FE57A8849B9C9CF74,VOC,POLLUTANT_PARAMETER_MISSING,燃烧方式其他层燃炉不足以选取E.7的CO/NOx/VOC系数；确认手动或自动炉排
SRC-RAW-712FE57A8849B9C9CF74,PM10,SOURCE_RELATION_MISSING,GYGL仅为工业锅炉类别且企业有多台锅炉；补齐本锅炉与治理设施对应关系
SRC-RAW-712FE57A8849B9C9CF74,PM2.5,SOURCE_RELATION_MISSING,GYGL仅为工业锅炉类别且企业有多台锅炉；补齐本锅炉与治理设施对应关系
SRC-RAW-712FE57A8849B9C9CF74,BC,SOURCE_RELATION_MISSING,GYGL仅为工业锅炉类别且企业有多台锅炉；补齐本锅炉与治理设施对应关系
SRC-RAW-712FE57A8849B9C9CF74,OC,SOURCE_RELATION_MISSING,GYGL仅为工业锅炉类别且企业有多台锅炉；补齐本锅炉与治理设施对应关系
SRC-RAW-712FE57A8849B9C9CF74,NH3,SOURCE_RELATION_MISSING,工业锅炉类别脱硝设施对应多台锅炉；补齐设备—脱硝设施关系
SRC-RAW-712FE57A8849B9C9CF74,NH3,POLLUTANT_PARAMETER_MISSING,补齐脱硝SCR/SNCR工艺，表E.1按煤计的氨因子不能据设施名称选定
SRC-RAW-764E37EC7F2F19AE3B14,SO2,activity_unit_unresolved,燃料一单位吨标准煤与因子分母t不一致；补原燃料实物量或有依据的换算关系
SRC-RAW-764E37EC7F2F19AE3B14,NOx,activity_unit_unresolved,燃料一单位吨标准煤与因子分母t不一致；补原燃料实物量或有依据的换算关系
SRC-RAW-764E37EC7F2F19AE3B14,CO,activity_unit_unresolved,燃料一单位吨标准煤与因子分母t不一致；补原燃料实物量或有依据的换算关系
SRC-RAW-764E37EC7F2F19AE3B14,VOC,activity_unit_unresolved,燃料一单位吨标准煤与因子分母t不一致；补原燃料实物量或有依据的换算关系
SRC-RAW-764E37EC7F2F19AE3B14,PM10,activity_unit_unresolved,燃料一单位吨标准煤与因子分母t不一致；补原燃料实物量或有依据的换算关系
SRC-RAW-764E37EC7F2F19AE3B14,PM2.5,activity_unit_unresolved,燃料一单位吨标准煤与因子分母t不一致；补原燃料实物量或有依据的换算关系
SRC-RAW-764E37EC7F2F19AE3B14,BC,activity_unit_unresolved,燃料一单位吨标准煤与因子分母t不一致；补原燃料实物量或有依据的换算关系
SRC-RAW-764E37EC7F2F19AE3B14,OC,activity_unit_unresolved,燃料一单位吨标准煤与因子分母t不一致；补原燃料实物量或有依据的换算关系
SRC-RAW-68E0CF9B8D24E87B9467,SO2,POLLUTANT_PARAMETER_MISSING,治理工艺及去除效率缺失；补齐后按A.1选取
SRC-RAW-68E0CF9B8D24E87B9467,SO2,POLLUTANT_PARAMETER_MISSING,对应治理设施缺年度有效运行小时数，不能将平均效率直接当全年实际效率；补齐设施投运率；颗粒物需区分PM2.5和粗粒径效率
SRC-RAW-68E0CF9B8D24E87B9467,NOx,POLLUTANT_PARAMETER_MISSING,燃烧方式其他层燃炉不足以选取E.7的CO/NOx/VOC系数；确认手动或自动炉排
SRC-RAW-68E0CF9B8D24E87B9467,CO,POLLUTANT_PARAMETER_MISSING,燃烧方式其他层燃炉不足以选取E.7的CO/NOx/VOC系数；确认手动或自动炉排
SRC-RAW-68E0CF9B8D24E87B9467,VOC,POLLUTANT_PARAMETER_MISSING,燃烧方式其他层燃炉不足以选取E.7的CO/NOx/VOC系数；确认手动或自动炉排
SRC-RAW-68E0CF9B8D24E87B9467,PM10,POLLUTANT_PARAMETER_MISSING,治理工艺及去除效率缺失；补齐后按A.1选取
SRC-RAW-68E0CF9B8D24E87B9467,PM10,POLLUTANT_PARAMETER_MISSING,对应治理设施缺年度有效运行小时数，不能将平均效率直接当全年实际效率；补齐设施投运率；颗粒物需区分PM2.5和粗粒径效率
SRC-RAW-68E0CF9B8D24E87B9467,PM2.5,POLLUTANT_PARAMETER_MISSING,治理工艺及去除效率缺失；补齐后按A.1选取
SRC-RAW-68E0CF9B8D24E87B9467,PM2.5,POLLUTANT_PARAMETER_MISSING,对应治理设施缺年度有效运行小时数，不能将平均效率直接当全年实际效率；补齐设施投运率；颗粒物需区分PM2.5和粗粒径效率
SRC-RAW-68E0CF9B8D24E87B9467,BC,POLLUTANT_PARAMETER_MISSING,治理工艺及去除效率缺失；补齐后按A.1选取
SRC-RAW-68E0CF9B8D24E87B9467,BC,POLLUTANT_PARAMETER_MISSING,对应治理设施缺年度有效运行小时数，不能将平均效率直接当全年实际效率；补齐设施投运率；颗粒物需区分PM2.5和粗粒径效率
SRC-RAW-68E0CF9B8D24E87B9467,OC,POLLUTANT_PARAMETER_MISSING,治理工艺及去除效率缺失；补齐后按A.1选取
SRC-RAW-68E0CF9B8D24E87B9467,OC,POLLUTANT_PARAMETER_MISSING,对应治理设施缺年度有效运行小时数，不能将平均效率直接当全年实际效率；补齐设施投运率；颗粒物需区分PM2.5和粗粒径效率
SRC-RAW-8A68CC2A9DF3D8249AFD,SO2,activity_unit_unresolved,燃料一单位吨标准煤与因子分母t不一致；补原燃料实物量或有依据的换算关系
SRC-RAW-8A68CC2A9DF3D8249AFD,NOx,activity_unit_unresolved,燃料一单位吨标准煤与因子分母t不一致；补原燃料实物量或有依据的换算关系
SRC-RAW-8A68CC2A9DF3D8249AFD,CO,activity_unit_unresolved,燃料一单位吨标准煤与因子分母t不一致；补原燃料实物量或有依据的换算关系
SRC-RAW-8A68CC2A9DF3D8249AFD,VOC,activity_unit_unresolved,燃料一单位吨标准煤与因子分母t不一致；补原燃料实物量或有依据的换算关系
SRC-RAW-8A68CC2A9DF3D8249AFD,PM10,activity_unit_unresolved,燃料一单位吨标准煤与因子分母t不一致；补原燃料实物量或有依据的换算关系
SRC-RAW-8A68CC2A9DF3D8249AFD,PM10,POLLUTANT_PARAMETER_MISSING,对应治理设施缺年度有效运行小时数，不能将平均效率直接当全年实际效率；补齐设施投运率；颗粒物需区分PM2.5和粗粒径效率
SRC-RAW-8A68CC2A9DF3D8249AFD,PM2.5,activity_unit_unresolved,燃料一单位吨标准煤与因子分母t不一致；补原燃料实物量或有依据的换算关系
SRC-RAW-8A68CC2A9DF3D8249AFD,PM2.5,POLLUTANT_PARAMETER_MISSING,对应治理设施缺年度有效运行小时数，不能将平均效率直接当全年实际效率；补齐设施投运率；颗粒物需区分PM2.5和粗粒径效率
SRC-RAW-8A68CC2A9DF3D8249AFD,BC,activity_unit_unresolved,燃料一单位吨标准煤与因子分母t不一致；补原燃料实物量或有依据的换算关系
SRC-RAW-8A68CC2A9DF3D8249AFD,BC,POLLUTANT_PARAMETER_MISSING,对应治理设施缺年度有效运行小时数，不能将平均效率直接当全年实际效率；补齐设施投运率；颗粒物需区分PM2.5和粗粒径效率
SRC-RAW-8A68CC2A9DF3D8249AFD,OC,activity_unit_unresolved,燃料一单位吨标准煤与因子分母t不一致；补原燃料实物量或有依据的换算关系
SRC-RAW-8A68CC2A9DF3D8249AFD,OC,POLLUTANT_PARAMETER_MISSING,对应治理设施缺年度有效运行小时数，不能将平均效率直接当全年实际效率；补齐设施投运率；颗粒物需区分PM2.5和粗粒径效率
SRC-RAW-9F28544720C1E6ECE479,SO2,POLLUTANT_PARAMETER_MISSING,对应治理设施缺年度有效运行小时数，不能将平均效率直接当全年实际效率；补齐设施投运率；颗粒物需区分PM2.5和粗粒径效率
SRC-RAW-9F28544720C1E6ECE479,NOx,POLLUTANT_PARAMETER_MISSING,燃烧方式其他不足以选取E.7的CO/NOx/VOC系数；确认手动或自动炉排
SRC-RAW-9F28544720C1E6ECE479,CO,POLLUTANT_PARAMETER_MISSING,燃烧方式其他不足以选取E.7的CO/NOx/VOC系数；确认手动或自动炉排
SRC-RAW-9F28544720C1E6ECE479,VOC,POLLUTANT_PARAMETER_MISSING,燃烧方式其他不足以选取E.7的CO/NOx/VOC系数；确认手动或自动炉排
SRC-RAW-9F28544720C1E6ECE479,PM10,POLLUTANT_PARAMETER_MISSING,燃烧方式其他不足以选取C.1—C.3参数；补齐炉型
SRC-RAW-9F28544720C1E6ECE479,PM10,POLLUTANT_PARAMETER_MISSING,对应治理设施缺年度有效运行小时数，不能将平均效率直接当全年实际效率；补齐设施投运率；颗粒物需区分PM2.5和粗粒径效率
SRC-RAW-9F28544720C1E6ECE479,PM2.5,POLLUTANT_PARAMETER_MISSING,燃烧方式其他不足以选取C.1—C.3参数；补齐炉型
SRC-RAW-9F28544720C1E6ECE479,PM2.5,POLLUTANT_PARAMETER_MISSING,对应治理设施缺年度有效运行小时数，不能将平均效率直接当全年实际效率；补齐设施投运率；颗粒物需区分PM2.5和粗粒径效率
SRC-RAW-9F28544720C1E6ECE479,BC,POLLUTANT_PARAMETER_MISSING,燃烧方式其他不足以选取C.1—C.3参数；补齐炉型
SRC-RAW-9F28544720C1E6ECE479,BC,POLLUTANT_PARAMETER_MISSING,对应治理设施缺年度有效运行小时数，不能将平均效率直接当全年实际效率；补齐设施投运率；颗粒物需区分PM2.5和粗粒径效率
SRC-RAW-9F28544720C1E6ECE479,OC,POLLUTANT_PARAMETER_MISSING,燃烧方式其他不足以选取C.1—C.3参数；补齐炉型
SRC-RAW-9F28544720C1E6ECE479,OC,POLLUTANT_PARAMETER_MISSING,对应治理设施缺年度有效运行小时数，不能将平均效率直接当全年实际效率；补齐设施投运率；颗粒物需区分PM2.5和粗粒径效率
SRC-RAW-E62D8DA9CCA4A90A7324,SO2,SOURCE_RELATION_MISSING,GYGL仅为工业锅炉类别且企业有多台锅炉；补齐本锅炉与治理设施对应关系
SRC-RAW-E62D8DA9CCA4A90A7324,NOx,POLLUTANT_PARAMETER_MISSING,燃烧方式其他层燃炉不足以选取E.7的CO/NOx/VOC系数；确认手动或自动炉排
SRC-RAW-E62D8DA9CCA4A90A7324,CO,POLLUTANT_PARAMETER_MISSING,燃烧方式其他层燃炉不足以选取E.7的CO/NOx/VOC系数；确认手动或自动炉排
SRC-RAW-E62D8DA9CCA4A90A7324,VOC,POLLUTANT_PARAMETER_MISSING,燃烧方式其他层燃炉不足以选取E.7的CO/NOx/VOC系数；确认手动或自动炉排
SRC-RAW-E62D8DA9CCA4A90A7324,PM10,SOURCE_RELATION_MISSING,GYGL仅为工业锅炉类别且企业有多台锅炉；补齐本锅炉与治理设施对应关系
SRC-RAW-E62D8DA9CCA4A90A7324,PM2.5,SOURCE_RELATION_MISSING,GYGL仅为工业锅炉类别且企业有多台锅炉；补齐本锅炉与治理设施对应关系
SRC-RAW-E62D8DA9CCA4A90A7324,BC,SOURCE_RELATION_MISSING,GYGL仅为工业锅炉类别且企业有多台锅炉；补齐本锅炉与治理设施对应关系
SRC-RAW-E62D8DA9CCA4A90A7324,OC,SOURCE_RELATION_MISSING,GYGL仅为工业锅炉类别且企业有多台锅炉；补齐本锅炉与治理设施对应关系
SRC-RAW-BF1BA6F3861D34F5A0F7,SO2,SOURCE_RELATION_MISSING,GYGL仅为工业锅炉类别且企业有多台锅炉；补齐本锅炉与治理设施对应关系
SRC-RAW-BF1BA6F3861D34F5A0F7,NOx,POLLUTANT_PARAMETER_MISSING,燃烧方式其他层燃炉不足以选取E.7的CO/NOx/VOC系数；确认手动或自动炉排
SRC-RAW-BF1BA6F3861D34F5A0F7,CO,POLLUTANT_PARAMETER_MISSING,燃烧方式其他层燃炉不足以选取E.7的CO/NOx/VOC系数；确认手动或自动炉排
SRC-RAW-BF1BA6F3861D34F5A0F7,VOC,POLLUTANT_PARAMETER_MISSING,燃烧方式其他层燃炉不足以选取E.7的CO/NOx/VOC系数；确认手动或自动炉排
SRC-RAW-BF1BA6F3861D34F5A0F7,PM10,SOURCE_RELATION_MISSING,GYGL仅为工业锅炉类别且企业有多台锅炉；补齐本锅炉与治理设施对应关系
SRC-RAW-BF1BA6F3861D34F5A0F7,PM2.5,SOURCE_RELATION_MISSING,GYGL仅为工业锅炉类别且企业有多台锅炉；补齐本锅炉与治理设施对应关系
SRC-RAW-BF1BA6F3861D34F5A0F7,BC,SOURCE_RELATION_MISSING,GYGL仅为工业锅炉类别且企业有多台锅炉；补齐本锅炉与治理设施对应关系
SRC-RAW-BF1BA6F3861D34F5A0F7,OC,SOURCE_RELATION_MISSING,GYGL仅为工业锅炉类别且企业有多台锅炉；补齐本锅炉与治理设施对应关系
SRC-RAW-AFE1C7188CD281192899,SO2,activity_unit_unresolved,燃料一单位吨标准煤与因子分母t不一致；补原燃料实物量或有依据的换算关系
SRC-RAW-AFE1C7188CD281192899,SO2,SOURCE_RELATION_MISSING,GYGL仅为工业锅炉类别且企业有多台锅炉；补齐本锅炉与治理设施对应关系
SRC-RAW-AFE1C7188CD281192899,NOx,activity_unit_unresolved,燃料一单位吨标准煤与因子分母t不一致；补原燃料实物量或有依据的换算关系
SRC-RAW-AFE1C7188CD281192899,CO,activity_unit_unresolved,燃料一单位吨标准煤与因子分母t不一致；补原燃料实物量或有依据的换算关系
SRC-RAW-AFE1C7188CD281192899,VOC,activity_unit_unresolved,燃料一单位吨标准煤与因子分母t不一致；补原燃料实物量或有依据的换算关系
SRC-RAW-AFE1C7188CD281192899,PM10,activity_unit_unresolved,燃料一单位吨标准煤与因子分母t不一致；补原燃料实物量或有依据的换算关系
SRC-RAW-AFE1C7188CD281192899,PM10,SOURCE_RELATION_MISSING,GYGL仅为工业锅炉类别且企业有多台锅炉；补齐本锅炉与治理设施对应关系
SRC-RAW-AFE1C7188CD281192899,PM2.5,activity_unit_unresolved,燃料一单位吨标准煤与因子分母t不一致；补原燃料实物量或有依据的换算关系
SRC-RAW-AFE1C7188CD281192899,PM2.5,SOURCE_RELATION_MISSING,GYGL仅为工业锅炉类别且企业有多台锅炉；补齐本锅炉与治理设施对应关系
SRC-RAW-AFE1C7188CD281192899,BC,activity_unit_unresolved,燃料一单位吨标准煤与因子分母t不一致；补原燃料实物量或有依据的换算关系
SRC-RAW-AFE1C7188CD281192899,BC,SOURCE_RELATION_MISSING,GYGL仅为工业锅炉类别且企业有多台锅炉；补齐本锅炉与治理设施对应关系
SRC-RAW-AFE1C7188CD281192899,OC,activity_unit_unresolved,燃料一单位吨标准煤与因子分母t不一致；补原燃料实物量或有依据的换算关系
SRC-RAW-AFE1C7188CD281192899,OC,SOURCE_RELATION_MISSING,GYGL仅为工业锅炉类别且企业有多台锅炉；补齐本锅炉与治理设施对应关系
SRC-RAW-F2B0C2BEAE25B9CABDA9,SO2,SOURCE_RELATION_MISSING,GYGL仅为工业锅炉类别且企业有多台锅炉；补齐本锅炉与治理设施对应关系
SRC-RAW-F2B0C2BEAE25B9CABDA9,NOx,POLLUTANT_PARAMETER_MISSING,燃烧方式其他层燃炉不足以选取E.7的CO/NOx/VOC系数；确认手动或自动炉排
SRC-RAW-F2B0C2BEAE25B9CABDA9,NOx,SOURCE_RELATION_MISSING,GYGL仅为工业锅炉类别且企业有多台锅炉；补齐本锅炉与治理设施对应关系
SRC-RAW-F2B0C2BEAE25B9CABDA9,CO,POLLUTANT_PARAMETER_MISSING,燃烧方式其他层燃炉不足以选取E.7的CO/NOx/VOC系数；确认手动或自动炉排
SRC-RAW-F2B0C2BEAE25B9CABDA9,VOC,POLLUTANT_PARAMETER_MISSING,燃烧方式其他层燃炉不足以选取E.7的CO/NOx/VOC系数；确认手动或自动炉排
SRC-RAW-F2B0C2BEAE25B9CABDA9,PM10,SOURCE_RELATION_MISSING,GYGL仅为工业锅炉类别且企业有多台锅炉；补齐本锅炉与治理设施对应关系
SRC-RAW-F2B0C2BEAE25B9CABDA9,PM2.5,SOURCE_RELATION_MISSING,GYGL仅为工业锅炉类别且企业有多台锅炉；补齐本锅炉与治理设施对应关系
SRC-RAW-F2B0C2BEAE25B9CABDA9,BC,SOURCE_RELATION_MISSING,GYGL仅为工业锅炉类别且企业有多台锅炉；补齐本锅炉与治理设施对应关系
SRC-RAW-F2B0C2BEAE25B9CABDA9,OC,SOURCE_RELATION_MISSING,GYGL仅为工业锅炉类别且企业有多台锅炉；补齐本锅炉与治理设施对应关系
SRC-RAW-F2B0C2BEAE25B9CABDA9,NH3,SOURCE_RELATION_MISSING,工业锅炉类别脱硝设施对应多台锅炉；补齐设备—脱硝设施关系
SRC-RAW-F2B0C2BEAE25B9CABDA9,NH3,POLLUTANT_PARAMETER_MISSING,补齐脱硝SCR/SNCR工艺，表E.1按煤计的氨因子不能据设施名称选定
SRC-RAW-544AE082A006EDD87897,SO2,activity_unit_unresolved,燃料一单位吨标准煤与因子分母t不一致；补原燃料实物量或有依据的换算关系
SRC-RAW-544AE082A006EDD87897,SO2,SOURCE_RELATION_MISSING,GYGL仅为工业锅炉类别且企业有多台锅炉；补齐本锅炉与治理设施对应关系
SRC-RAW-544AE082A006EDD87897,NOx,activity_unit_unresolved,燃料一单位吨标准煤与因子分母t不一致；补原燃料实物量或有依据的换算关系
SRC-RAW-544AE082A006EDD87897,NOx,SOURCE_RELATION_MISSING,GYGL仅为工业锅炉类别且企业有多台锅炉；补齐本锅炉与治理设施对应关系
SRC-RAW-544AE082A006EDD87897,CO,activity_unit_unresolved,燃料一单位吨标准煤与因子分母t不一致；补原燃料实物量或有依据的换算关系
SRC-RAW-544AE082A006EDD87897,VOC,activity_unit_unresolved,燃料一单位吨标准煤与因子分母t不一致；补原燃料实物量或有依据的换算关系
SRC-RAW-544AE082A006EDD87897,PM10,activity_unit_unresolved,燃料一单位吨标准煤与因子分母t不一致；补原燃料实物量或有依据的换算关系
SRC-RAW-544AE082A006EDD87897,PM10,SOURCE_RELATION_MISSING,GYGL仅为工业锅炉类别且企业有多台锅炉；补齐本锅炉与治理设施对应关系
SRC-RAW-544AE082A006EDD87897,PM2.5,activity_unit_unresolved,燃料一单位吨标准煤与因子分母t不一致；补原燃料实物量或有依据的换算关系
SRC-RAW-544AE082A006EDD87897,PM2.5,SOURCE_RELATION_MISSING,GYGL仅为工业锅炉类别且企业有多台锅炉；补齐本锅炉与治理设施对应关系
SRC-RAW-544AE082A006EDD87897,BC,activity_unit_unresolved,燃料一单位吨标准煤与因子分母t不一致；补原燃料实物量或有依据的换算关系
SRC-RAW-544AE082A006EDD87897,BC,SOURCE_RELATION_MISSING,GYGL仅为工业锅炉类别且企业有多台锅炉；补齐本锅炉与治理设施对应关系
SRC-RAW-544AE082A006EDD87897,OC,activity_unit_unresolved,燃料一单位吨标准煤与因子分母t不一致；补原燃料实物量或有依据的换算关系
SRC-RAW-544AE082A006EDD87897,OC,SOURCE_RELATION_MISSING,GYGL仅为工业锅炉类别且企业有多台锅炉；补齐本锅炉与治理设施对应关系
SRC-RAW-544AE082A006EDD87897,NH3,SOURCE_RELATION_MISSING,工业锅炉类别脱硝设施对应多台锅炉；补齐设备—脱硝设施关系
SRC-RAW-544AE082A006EDD87897,NH3,POLLUTANT_PARAMETER_MISSING,补齐脱硝SCR/SNCR工艺，表E.1按煤计的氨因子不能据设施名称选定
SRC-RAW-544AE082A006EDD87897,NH3,factor_not_applicable,表E.1氨因子分母为煤，当前燃料其他燃料不具备可直接使用的氨因子；提供适用因子或实测氨排放
SRC-RAW-DE92F65CC7E9E5E84E62,SO2,SOURCE_RELATION_MISSING,GYGL仅为工业锅炉类别且企业有多台锅炉；补齐本锅炉与治理设施对应关系
SRC-RAW-DE92F65CC7E9E5E84E62,NOx,SOURCE_RELATION_MISSING,GYGL仅为工业锅炉类别且企业有多台锅炉；补齐本锅炉与治理设施对应关系
SRC-RAW-DE92F65CC7E9E5E84E62,PM10,SOURCE_RELATION_MISSING,GYGL仅为工业锅炉类别且企业有多台锅炉；补齐本锅炉与治理设施对应关系
SRC-RAW-DE92F65CC7E9E5E84E62,PM2.5,SOURCE_RELATION_MISSING,GYGL仅为工业锅炉类别且企业有多台锅炉；补齐本锅炉与治理设施对应关系
SRC-RAW-DE92F65CC7E9E5E84E62,BC,SOURCE_RELATION_MISSING,GYGL仅为工业锅炉类别且企业有多台锅炉；补齐本锅炉与治理设施对应关系
SRC-RAW-DE92F65CC7E9E5E84E62,OC,SOURCE_RELATION_MISSING,GYGL仅为工业锅炉类别且企业有多台锅炉；补齐本锅炉与治理设施对应关系
SRC-RAW-DE92F65CC7E9E5E84E62,NH3,SOURCE_RELATION_MISSING,工业锅炉类别脱硝设施对应多台锅炉；补齐设备—脱硝设施关系
SRC-RAW-DE92F65CC7E9E5E84E62,NH3,POLLUTANT_PARAMETER_MISSING,补齐脱硝SCR/SNCR工艺，表E.1按煤计的氨因子不能据设施名称选定
SRC-RAW-CABCB12A75AC6CB6DAAD,SO2,SOURCE_RELATION_MISSING,GYGL仅为工业锅炉类别且企业有多台锅炉；补齐本锅炉与治理设施对应关系
SRC-RAW-CABCB12A75AC6CB6DAAD,NOx,SOURCE_RELATION_MISSING,GYGL仅为工业锅炉类别且企业有多台锅炉；补齐本锅炉与治理设施对应关系
SRC-RAW-CABCB12A75AC6CB6DAAD,PM10,SOURCE_RELATION_MISSING,GYGL仅为工业锅炉类别且企业有多台锅炉；补齐本锅炉与治理设施对应关系
SRC-RAW-CABCB12A75AC6CB6DAAD,PM2.5,SOURCE_RELATION_MISSING,GYGL仅为工业锅炉类别且企业有多台锅炉；补齐本锅炉与治理设施对应关系
SRC-RAW-CABCB12A75AC6CB6DAAD,BC,SOURCE_RELATION_MISSING,GYGL仅为工业锅炉类别且企业有多台锅炉；补齐本锅炉与治理设施对应关系
SRC-RAW-CABCB12A75AC6CB6DAAD,OC,SOURCE_RELATION_MISSING,GYGL仅为工业锅炉类别且企业有多台锅炉；补齐本锅炉与治理设施对应关系
SRC-RAW-CABCB12A75AC6CB6DAAD,NH3,SOURCE_RELATION_MISSING,工业锅炉类别脱硝设施对应多台锅炉；补齐设备—脱硝设施关系
SRC-RAW-CABCB12A75AC6CB6DAAD,NH3,POLLUTANT_PARAMETER_MISSING,补齐脱硝SCR/SNCR工艺，表E.1按煤计的氨因子不能据设施名称选定
SRC-RAW-082A31D373A50D919E46,NOx,SOURCE_RELATION_MISSING,GYGL仅为工业锅炉类别且企业有多台锅炉；补齐本锅炉与治理设施对应关系
SRC-RAW-082A31D373A50D919E46,PM10,SOURCE_RELATION_MISSING,GYGL仅为工业锅炉类别且企业有多台锅炉；补齐本锅炉与治理设施对应关系
SRC-RAW-082A31D373A50D919E46,PM2.5,SOURCE_RELATION_MISSING,GYGL仅为工业锅炉类别且企业有多台锅炉；补齐本锅炉与治理设施对应关系
SRC-RAW-082A31D373A50D919E46,NH3,SOURCE_RELATION_MISSING,工业锅炉类别脱硝设施对应多台锅炉；补齐设备—脱硝设施关系
SRC-RAW-082A31D373A50D919E46,NH3,POLLUTANT_PARAMETER_MISSING,补齐脱硝SCR/SNCR工艺，表E.1按煤计的氨因子不能据设施名称选定
SRC-RAW-082A31D373A50D919E46,NH3,factor_not_applicable,表E.1氨因子分母为煤，当前燃料天然气不具备可直接使用的氨因子；提供适用因子或实测氨排放
SRC-RAW-6100E84973178B0E2E64,NOx,SOURCE_RELATION_MISSING,GYGL仅为工业锅炉类别且企业有多台锅炉；补齐本锅炉与治理设施对应关系
SRC-RAW-6100E84973178B0E2E64,PM10,SOURCE_RELATION_MISSING,GYGL仅为工业锅炉类别且企业有多台锅炉；补齐本锅炉与治理设施对应关系
SRC-RAW-6100E84973178B0E2E64,PM2.5,SOURCE_RELATION_MISSING,GYGL仅为工业锅炉类别且企业有多台锅炉；补齐本锅炉与治理设施对应关系
SRC-RAW-6100E84973178B0E2E64,NH3,SOURCE_RELATION_MISSING,工业锅炉类别脱硝设施对应多台锅炉；补齐设备—脱硝设施关系
SRC-RAW-6100E84973178B0E2E64,NH3,POLLUTANT_PARAMETER_MISSING,补齐脱硝SCR/SNCR工艺，表E.1按煤计的氨因子不能据设施名称选定
SRC-RAW-6100E84973178B0E2E64,NH3,factor_not_applicable,表E.1氨因子分母为煤，当前燃料天然气不具备可直接使用的氨因子；提供适用因子或实测氨排放
SRC-RAW-93D8669057BEA71B70BC,SO2,activity_unit_unresolved,燃料一单位吨标准煤与因子分母t不一致；补原燃料实物量或有依据的换算关系
SRC-RAW-93D8669057BEA71B70BC,NOx,activity_unit_unresolved,燃料一单位吨标准煤与因子分母t不一致；补原燃料实物量或有依据的换算关系
SRC-RAW-93D8669057BEA71B70BC,CO,activity_unit_unresolved,燃料一单位吨标准煤与因子分母t不一致；补原燃料实物量或有依据的换算关系
SRC-RAW-93D8669057BEA71B70BC,VOC,activity_unit_unresolved,燃料一单位吨标准煤与因子分母t不一致；补原燃料实物量或有依据的换算关系
SRC-RAW-93D8669057BEA71B70BC,PM10,activity_unit_unresolved,燃料一单位吨标准煤与因子分母t不一致；补原燃料实物量或有依据的换算关系
SRC-RAW-93D8669057BEA71B70BC,PM2.5,activity_unit_unresolved,燃料一单位吨标准煤与因子分母t不一致；补原燃料实物量或有依据的换算关系
SRC-RAW-93D8669057BEA71B70BC,BC,activity_unit_unresolved,燃料一单位吨标准煤与因子分母t不一致；补原燃料实物量或有依据的换算关系
SRC-RAW-93D8669057BEA71B70BC,OC,activity_unit_unresolved,燃料一单位吨标准煤与因子分母t不一致；补原燃料实物量或有依据的换算关系
SRC-RAW-26627AAB543832F08842,SO2,POLLUTANT_PARAMETER_MISSING,对应治理设施缺年度有效运行小时数，不能将平均效率直接当全年实际效率；补齐设施投运率；颗粒物需区分PM2.5和粗粒径效率
SRC-RAW-26627AAB543832F08842,NOx,POLLUTANT_PARAMETER_MISSING,燃烧方式其他层燃炉不足以选取E.7的CO/NOx/VOC系数；确认手动或自动炉排
SRC-RAW-26627AAB543832F08842,NOx,POLLUTANT_PARAMETER_MISSING,对应治理设施缺年度有效运行小时数，不能将平均效率直接当全年实际效率；补齐设施投运率；颗粒物需区分PM2.5和粗粒径效率
SRC-RAW-26627AAB543832F08842,CO,POLLUTANT_PARAMETER_MISSING,燃烧方式其他层燃炉不足以选取E.7的CO/NOx/VOC系数；确认手动或自动炉排
SRC-RAW-26627AAB543832F08842,VOC,POLLUTANT_PARAMETER_MISSING,燃烧方式其他层燃炉不足以选取E.7的CO/NOx/VOC系数；确认手动或自动炉排
SRC-RAW-26627AAB543832F08842,PM10,POLLUTANT_PARAMETER_MISSING,对应治理设施缺年度有效运行小时数，不能将平均效率直接当全年实际效率；补齐设施投运率；颗粒物需区分PM2.5和粗粒径效率
SRC-RAW-26627AAB543832F08842,PM2.5,POLLUTANT_PARAMETER_MISSING,对应治理设施缺年度有效运行小时数，不能将平均效率直接当全年实际效率；补齐设施投运率；颗粒物需区分PM2.5和粗粒径效率
SRC-RAW-26627AAB543832F08842,BC,POLLUTANT_PARAMETER_MISSING,对应治理设施缺年度有效运行小时数，不能将平均效率直接当全年实际效率；补齐设施投运率；颗粒物需区分PM2.5和粗粒径效率
SRC-RAW-26627AAB543832F08842,OC,POLLUTANT_PARAMETER_MISSING,对应治理设施缺年度有效运行小时数，不能将平均效率直接当全年实际效率；补齐设施投运率；颗粒物需区分PM2.5和粗粒径效率
SRC-RAW-A0467A4ED685BDA82EB3,SO2,activity_unit_unresolved,燃料一单位吨标准煤与因子分母t不一致；补原燃料实物量或有依据的换算关系
SRC-RAW-A0467A4ED685BDA82EB3,SO2,POLLUTANT_PARAMETER_MISSING,对应治理设施缺年度有效运行小时数，不能将平均效率直接当全年实际效率；补齐设施投运率；颗粒物需区分PM2.5和粗粒径效率
SRC-RAW-A0467A4ED685BDA82EB3,NOx,activity_unit_unresolved,燃料一单位吨标准煤与因子分母t不一致；补原燃料实物量或有依据的换算关系
SRC-RAW-A0467A4ED685BDA82EB3,CO,activity_unit_unresolved,燃料一单位吨标准煤与因子分母t不一致；补原燃料实物量或有依据的换算关系
SRC-RAW-A0467A4ED685BDA82EB3,VOC,activity_unit_unresolved,燃料一单位吨标准煤与因子分母t不一致；补原燃料实物量或有依据的换算关系
SRC-RAW-A0467A4ED685BDA82EB3,PM10,activity_unit_unresolved,燃料一单位吨标准煤与因子分母t不一致；补原燃料实物量或有依据的换算关系
SRC-RAW-A0467A4ED685BDA82EB3,PM10,POLLUTANT_PARAMETER_MISSING,对应治理设施缺年度有效运行小时数，不能将平均效率直接当全年实际效率；补齐设施投运率；颗粒物需区分PM2.5和粗粒径效率
SRC-RAW-A0467A4ED685BDA82EB3,PM2.5,activity_unit_unresolved,燃料一单位吨标准煤与因子分母t不一致；补原燃料实物量或有依据的换算关系
SRC-RAW-A0467A4ED685BDA82EB3,PM2.5,POLLUTANT_PARAMETER_MISSING,对应治理设施缺年度有效运行小时数，不能将平均效率直接当全年实际效率；补齐设施投运率；颗粒物需区分PM2.5和粗粒径效率
SRC-RAW-A0467A4ED685BDA82EB3,BC,activity_unit_unresolved,燃料一单位吨标准煤与因子分母t不一致；补原燃料实物量或有依据的换算关系
SRC-RAW-A0467A4ED685BDA82EB3,BC,POLLUTANT_PARAMETER_MISSING,对应治理设施缺年度有效运行小时数，不能将平均效率直接当全年实际效率；补齐设施投运率；颗粒物需区分PM2.5和粗粒径效率
SRC-RAW-A0467A4ED685BDA82EB3,OC,activity_unit_unresolved,燃料一单位吨标准煤与因子分母t不一致；补原燃料实物量或有依据的换算关系
SRC-RAW-A0467A4ED685BDA82EB3,OC,POLLUTANT_PARAMETER_MISSING,对应治理设施缺年度有效运行小时数，不能将平均效率直接当全年实际效率；补齐设施投运率；颗粒物需区分PM2.5和粗粒径效率
SRC-RAW-CA7C2EC19290C6B0DF70,SO2,SOURCE_RELATION_MISSING,GYGL仅为工业锅炉类别且企业有多台锅炉；补齐本锅炉与治理设施对应关系
SRC-RAW-CA7C2EC19290C6B0DF70,NOx,SOURCE_RELATION_MISSING,GYGL仅为工业锅炉类别且企业有多台锅炉；补齐本锅炉与治理设施对应关系
SRC-RAW-CA7C2EC19290C6B0DF70,PM10,SOURCE_RELATION_MISSING,GYGL仅为工业锅炉类别且企业有多台锅炉；补齐本锅炉与治理设施对应关系
SRC-RAW-CA7C2EC19290C6B0DF70,PM2.5,SOURCE_RELATION_MISSING,GYGL仅为工业锅炉类别且企业有多台锅炉；补齐本锅炉与治理设施对应关系
SRC-RAW-CA7C2EC19290C6B0DF70,BC,SOURCE_RELATION_MISSING,GYGL仅为工业锅炉类别且企业有多台锅炉；补齐本锅炉与治理设施对应关系
SRC-RAW-CA7C2EC19290C6B0DF70,NH3,SOURCE_RELATION_MISSING,工业锅炉类别脱硝设施对应多台锅炉；补齐设备—脱硝设施关系
SRC-RAW-CA7C2EC19290C6B0DF70,NH3,POLLUTANT_PARAMETER_MISSING,补齐脱硝SCR/SNCR工艺，表E.1按煤计的氨因子不能据设施名称选定
SRC-RAW-14C27D37BB071919AEDE,NOx,SOURCE_RELATION_MISSING,GYGL仅为工业锅炉类别且企业有多台锅炉；补齐本锅炉与治理设施对应关系
SRC-RAW-14C27D37BB071919AEDE,PM10,SOURCE_RELATION_MISSING,GYGL仅为工业锅炉类别且企业有多台锅炉；补齐本锅炉与治理设施对应关系
SRC-RAW-14C27D37BB071919AEDE,PM2.5,SOURCE_RELATION_MISSING,GYGL仅为工业锅炉类别且企业有多台锅炉；补齐本锅炉与治理设施对应关系
SRC-RAW-14C27D37BB071919AEDE,NH3,SOURCE_RELATION_MISSING,工业锅炉类别脱硝设施对应多台锅炉；补齐设备—脱硝设施关系
SRC-RAW-14C27D37BB071919AEDE,NH3,POLLUTANT_PARAMETER_MISSING,补齐脱硝SCR/SNCR工艺，表E.1按煤计的氨因子不能据设施名称选定
SRC-RAW-14C27D37BB071919AEDE,NH3,factor_not_applicable,表E.1氨因子分母为煤，当前燃料天然气不具备可直接使用的氨因子；提供适用因子或实测氨排放
SRC-RAW-511BA0692D78A77FBCA5,NOx,SOURCE_RELATION_MISSING,GYGL仅为工业锅炉类别且企业有多台锅炉；补齐本锅炉与治理设施对应关系
SRC-RAW-511BA0692D78A77FBCA5,PM10,SOURCE_RELATION_MISSING,GYGL仅为工业锅炉类别且企业有多台锅炉；补齐本锅炉与治理设施对应关系
SRC-RAW-511BA0692D78A77FBCA5,PM2.5,SOURCE_RELATION_MISSING,GYGL仅为工业锅炉类别且企业有多台锅炉；补齐本锅炉与治理设施对应关系
SRC-RAW-511BA0692D78A77FBCA5,NH3,SOURCE_RELATION_MISSING,工业锅炉类别脱硝设施对应多台锅炉；补齐设备—脱硝设施关系
SRC-RAW-511BA0692D78A77FBCA5,NH3,POLLUTANT_PARAMETER_MISSING,补齐脱硝SCR/SNCR工艺，表E.1按煤计的氨因子不能据设施名称选定
SRC-RAW-511BA0692D78A77FBCA5,NH3,factor_not_applicable,表E.1氨因子分母为煤，当前燃料天然气不具备可直接使用的氨因子；提供适用因子或实测氨排放
SRC-RAW-BEF7568FDF604F91C944,NOx,SOURCE_RELATION_MISSING,GYGL仅为工业锅炉类别且企业有多台锅炉；补齐本锅炉与治理设施对应关系
SRC-RAW-BEF7568FDF604F91C944,PM10,SOURCE_RELATION_MISSING,GYGL仅为工业锅炉类别且企业有多台锅炉；补齐本锅炉与治理设施对应关系
SRC-RAW-BEF7568FDF604F91C944,PM2.5,SOURCE_RELATION_MISSING,GYGL仅为工业锅炉类别且企业有多台锅炉；补齐本锅炉与治理设施对应关系
SRC-RAW-BEF7568FDF604F91C944,NH3,SOURCE_RELATION_MISSING,工业锅炉类别脱硝设施对应多台锅炉；补齐设备—脱硝设施关系
SRC-RAW-BEF7568FDF604F91C944,NH3,POLLUTANT_PARAMETER_MISSING,补齐脱硝SCR/SNCR工艺，表E.1按煤计的氨因子不能据设施名称选定
SRC-RAW-BEF7568FDF604F91C944,NH3,factor_not_applicable,表E.1氨因子分母为煤，当前燃料天然气不具备可直接使用的氨因子；提供适用因子或实测氨排放
SRC-RAW-6508277CEAEAAFD34073,NOx,SOURCE_RELATION_MISSING,GYGL仅为工业锅炉类别且企业有多台锅炉；补齐本锅炉与治理设施对应关系
SRC-RAW-6508277CEAEAAFD34073,PM10,SOURCE_RELATION_MISSING,GYGL仅为工业锅炉类别且企业有多台锅炉；补齐本锅炉与治理设施对应关系
SRC-RAW-6508277CEAEAAFD34073,PM2.5,SOURCE_RELATION_MISSING,GYGL仅为工业锅炉类别且企业有多台锅炉；补齐本锅炉与治理设施对应关系
SRC-RAW-6508277CEAEAAFD34073,NH3,SOURCE_RELATION_MISSING,工业锅炉类别脱硝设施对应多台锅炉；补齐设备—脱硝设施关系
SRC-RAW-6508277CEAEAAFD34073,NH3,POLLUTANT_PARAMETER_MISSING,补齐脱硝SCR/SNCR工艺，表E.1按煤计的氨因子不能据设施名称选定
SRC-RAW-6508277CEAEAAFD34073,NH3,factor_not_applicable,表E.1氨因子分母为煤，当前燃料天然气不具备可直接使用的氨因子；提供适用因子或实测氨排放
SRC-RAW-62C8F8D457720083A379,SO2,POLLUTANT_PARAMETER_MISSING,对应治理设施缺年度有效运行小时数，不能将平均效率直接当全年实际效率；补齐设施投运率；颗粒物需区分PM2.5和粗粒径效率
SRC-RAW-62C8F8D457720083A379,NOx,POLLUTANT_PARAMETER_MISSING,燃烧方式其他层燃炉不足以选取E.7的CO/NOx/VOC系数；确认手动或自动炉排
SRC-RAW-62C8F8D457720083A379,CO,POLLUTANT_PARAMETER_MISSING,燃烧方式其他层燃炉不足以选取E.7的CO/NOx/VOC系数；确认手动或自动炉排
SRC-RAW-62C8F8D457720083A379,VOC,POLLUTANT_PARAMETER_MISSING,燃烧方式其他层燃炉不足以选取E.7的CO/NOx/VOC系数；确认手动或自动炉排
SRC-RAW-62C8F8D457720083A379,PM10,POLLUTANT_PARAMETER_MISSING,对应治理设施缺年度有效运行小时数，不能将平均效率直接当全年实际效率；补齐设施投运率；颗粒物需区分PM2.5和粗粒径效率
SRC-RAW-62C8F8D457720083A379,PM2.5,POLLUTANT_PARAMETER_MISSING,对应治理设施缺年度有效运行小时数，不能将平均效率直接当全年实际效率；补齐设施投运率；颗粒物需区分PM2.5和粗粒径效率
SRC-RAW-62C8F8D457720083A379,BC,POLLUTANT_PARAMETER_MISSING,对应治理设施缺年度有效运行小时数，不能将平均效率直接当全年实际效率；补齐设施投运率；颗粒物需区分PM2.5和粗粒径效率
SRC-RAW-62C8F8D457720083A379,OC,POLLUTANT_PARAMETER_MISSING,对应治理设施缺年度有效运行小时数，不能将平均效率直接当全年实际效率；补齐设施投运率；颗粒物需区分PM2.5和粗粒径效率
SRC-RAW-0BAE74BA2397CF47D951,SO2,SOURCE_RELATION_MISSING,GYGL仅为工业锅炉类别且企业有多台锅炉；补齐本锅炉与治理设施对应关系
SRC-RAW-0BAE74BA2397CF47D951,NOx,POLLUTANT_PARAMETER_MISSING,燃烧方式其他层燃炉不足以选取E.7的CO/NOx/VOC系数；确认手动或自动炉排
SRC-RAW-0BAE74BA2397CF47D951,NOx,SOURCE_RELATION_MISSING,GYGL仅为工业锅炉类别且企业有多台锅炉；补齐本锅炉与治理设施对应关系
SRC-RAW-0BAE74BA2397CF47D951,CO,POLLUTANT_PARAMETER_MISSING,燃烧方式其他层燃炉不足以选取E.7的CO/NOx/VOC系数；确认手动或自动炉排
SRC-RAW-0BAE74BA2397CF47D951,VOC,POLLUTANT_PARAMETER_MISSING,燃烧方式其他层燃炉不足以选取E.7的CO/NOx/VOC系数；确认手动或自动炉排
SRC-RAW-0BAE74BA2397CF47D951,PM10,SOURCE_RELATION_MISSING,GYGL仅为工业锅炉类别且企业有多台锅炉；补齐本锅炉与治理设施对应关系
SRC-RAW-0BAE74BA2397CF47D951,PM2.5,SOURCE_RELATION_MISSING,GYGL仅为工业锅炉类别且企业有多台锅炉；补齐本锅炉与治理设施对应关系
SRC-RAW-0BAE74BA2397CF47D951,BC,SOURCE_RELATION_MISSING,GYGL仅为工业锅炉类别且企业有多台锅炉；补齐本锅炉与治理设施对应关系
SRC-RAW-0BAE74BA2397CF47D951,OC,SOURCE_RELATION_MISSING,GYGL仅为工业锅炉类别且企业有多台锅炉；补齐本锅炉与治理设施对应关系
SRC-RAW-0BAE74BA2397CF47D951,NH3,SOURCE_RELATION_MISSING,工业锅炉类别脱硝设施对应多台锅炉；补齐设备—脱硝设施关系
SRC-RAW-0BAE74BA2397CF47D951,NH3,POLLUTANT_PARAMETER_MISSING,补齐脱硝SCR/SNCR工艺，表E.1按煤计的氨因子不能据设施名称选定
SRC-RAW-1453EF7D6625C7EBD5A3,SO2,SOURCE_RELATION_MISSING,GYGL仅为工业锅炉类别且企业有多台锅炉；补齐本锅炉与治理设施对应关系
SRC-RAW-1453EF7D6625C7EBD5A3,NOx,POLLUTANT_PARAMETER_MISSING,燃烧方式其他层燃炉不足以选取E.7的CO/NOx/VOC系数；确认手动或自动炉排
SRC-RAW-1453EF7D6625C7EBD5A3,NOx,SOURCE_RELATION_MISSING,GYGL仅为工业锅炉类别且企业有多台锅炉；补齐本锅炉与治理设施对应关系
SRC-RAW-1453EF7D6625C7EBD5A3,CO,POLLUTANT_PARAMETER_MISSING,燃烧方式其他层燃炉不足以选取E.7的CO/NOx/VOC系数；确认手动或自动炉排
SRC-RAW-1453EF7D6625C7EBD5A3,VOC,POLLUTANT_PARAMETER_MISSING,燃烧方式其他层燃炉不足以选取E.7的CO/NOx/VOC系数；确认手动或自动炉排
SRC-RAW-1453EF7D6625C7EBD5A3,PM10,SOURCE_RELATION_MISSING,GYGL仅为工业锅炉类别且企业有多台锅炉；补齐本锅炉与治理设施对应关系
SRC-RAW-1453EF7D6625C7EBD5A3,PM2.5,SOURCE_RELATION_MISSING,GYGL仅为工业锅炉类别且企业有多台锅炉；补齐本锅炉与治理设施对应关系
SRC-RAW-1453EF7D6625C7EBD5A3,BC,SOURCE_RELATION_MISSING,GYGL仅为工业锅炉类别且企业有多台锅炉；补齐本锅炉与治理设施对应关系
SRC-RAW-1453EF7D6625C7EBD5A3,OC,SOURCE_RELATION_MISSING,GYGL仅为工业锅炉类别且企业有多台锅炉；补齐本锅炉与治理设施对应关系
SRC-RAW-1453EF7D6625C7EBD5A3,NH3,SOURCE_RELATION_MISSING,工业锅炉类别脱硝设施对应多台锅炉；补齐设备—脱硝设施关系
SRC-RAW-1453EF7D6625C7EBD5A3,NH3,POLLUTANT_PARAMETER_MISSING,补齐脱硝SCR/SNCR工艺，表E.1按煤计的氨因子不能据设施名称选定
SRC-RAW-0D37E4DC70046446405D,SO2,POLLUTANT_PARAMETER_MISSING,对应治理设施缺年度有效运行小时数，不能将平均效率直接当全年实际效率；补齐设施投运率；颗粒物需区分PM2.5和粗粒径效率
SRC-RAW-0D37E4DC70046446405D,NOx,POLLUTANT_PARAMETER_MISSING,燃烧方式其他层燃炉不足以选取E.7的CO/NOx/VOC系数；确认手动或自动炉排
SRC-RAW-0D37E4DC70046446405D,CO,POLLUTANT_PARAMETER_MISSING,燃烧方式其他层燃炉不足以选取E.7的CO/NOx/VOC系数；确认手动或自动炉排
SRC-RAW-0D37E4DC70046446405D,VOC,POLLUTANT_PARAMETER_MISSING,燃烧方式其他层燃炉不足以选取E.7的CO/NOx/VOC系数；确认手动或自动炉排
SRC-RAW-0D37E4DC70046446405D,PM10,POLLUTANT_PARAMETER_MISSING,对应治理设施缺年度有效运行小时数，不能将平均效率直接当全年实际效率；补齐设施投运率；颗粒物需区分PM2.5和粗粒径效率
SRC-RAW-0D37E4DC70046446405D,PM2.5,POLLUTANT_PARAMETER_MISSING,对应治理设施缺年度有效运行小时数，不能将平均效率直接当全年实际效率；补齐设施投运率；颗粒物需区分PM2.5和粗粒径效率
SRC-RAW-0D37E4DC70046446405D,BC,POLLUTANT_PARAMETER_MISSING,对应治理设施缺年度有效运行小时数，不能将平均效率直接当全年实际效率；补齐设施投运率；颗粒物需区分PM2.5和粗粒径效率
SRC-RAW-0D37E4DC70046446405D,OC,POLLUTANT_PARAMETER_MISSING,对应治理设施缺年度有效运行小时数，不能将平均效率直接当全年实际效率；补齐设施投运率；颗粒物需区分PM2.5和粗粒径效率
SRC-RAW-399F0EE7A53AF2C65041,SO2,activity_unit_unresolved,燃料一单位吨标准煤与因子分母t不一致；补原燃料实物量或有依据的换算关系
SRC-RAW-399F0EE7A53AF2C65041,NOx,activity_unit_unresolved,燃料一单位吨标准煤与因子分母t不一致；补原燃料实物量或有依据的换算关系
SRC-RAW-399F0EE7A53AF2C65041,CO,activity_unit_unresolved,燃料一单位吨标准煤与因子分母t不一致；补原燃料实物量或有依据的换算关系
SRC-RAW-399F0EE7A53AF2C65041,VOC,activity_unit_unresolved,燃料一单位吨标准煤与因子分母t不一致；补原燃料实物量或有依据的换算关系
SRC-RAW-399F0EE7A53AF2C65041,PM10,activity_unit_unresolved,燃料一单位吨标准煤与因子分母t不一致；补原燃料实物量或有依据的换算关系
SRC-RAW-399F0EE7A53AF2C65041,PM2.5,activity_unit_unresolved,燃料一单位吨标准煤与因子分母t不一致；补原燃料实物量或有依据的换算关系
SRC-RAW-399F0EE7A53AF2C65041,BC,activity_unit_unresolved,燃料一单位吨标准煤与因子分母t不一致；补原燃料实物量或有依据的换算关系
SRC-RAW-399F0EE7A53AF2C65041,OC,activity_unit_unresolved,燃料一单位吨标准煤与因子分母t不一致；补原燃料实物量或有依据的换算关系
SRC-RAW-45A14EBA1746E0AE89A1,SO2,SOURCE_RELATION_MISSING,GYGL仅为工业锅炉类别且企业有多台锅炉；补齐本锅炉与治理设施对应关系
SRC-RAW-45A14EBA1746E0AE89A1,NOx,POLLUTANT_PARAMETER_MISSING,燃烧方式其他层燃炉不足以选取E.7的CO/NOx/VOC系数；确认手动或自动炉排
SRC-RAW-45A14EBA1746E0AE89A1,NOx,SOURCE_RELATION_MISSING,GYGL仅为工业锅炉类别且企业有多台锅炉；补齐本锅炉与治理设施对应关系
SRC-RAW-45A14EBA1746E0AE89A1,CO,POLLUTANT_PARAMETER_MISSING,燃烧方式其他层燃炉不足以选取E.7的CO/NOx/VOC系数；确认手动或自动炉排
SRC-RAW-45A14EBA1746E0AE89A1,VOC,POLLUTANT_PARAMETER_MISSING,燃烧方式其他层燃炉不足以选取E.7的CO/NOx/VOC系数；确认手动或自动炉排
SRC-RAW-45A14EBA1746E0AE89A1,PM10,SOURCE_RELATION_MISSING,GYGL仅为工业锅炉类别且企业有多台锅炉；补齐本锅炉与治理设施对应关系
SRC-RAW-45A14EBA1746E0AE89A1,PM2.5,SOURCE_RELATION_MISSING,GYGL仅为工业锅炉类别且企业有多台锅炉；补齐本锅炉与治理设施对应关系
SRC-RAW-45A14EBA1746E0AE89A1,BC,SOURCE_RELATION_MISSING,GYGL仅为工业锅炉类别且企业有多台锅炉；补齐本锅炉与治理设施对应关系
SRC-RAW-45A14EBA1746E0AE89A1,OC,SOURCE_RELATION_MISSING,GYGL仅为工业锅炉类别且企业有多台锅炉；补齐本锅炉与治理设施对应关系
SRC-RAW-45A14EBA1746E0AE89A1,NH3,SOURCE_RELATION_MISSING,工业锅炉类别脱硝设施对应多台锅炉；补齐设备—脱硝设施关系
SRC-RAW-45A14EBA1746E0AE89A1,NH3,POLLUTANT_PARAMETER_MISSING,补齐脱硝SCR/SNCR工艺，表E.1按煤计的氨因子不能据设施名称选定
SRC-RAW-33BCFFE5D93422B4796D,PM10,POLLUTANT_PARAMETER_MISSING,对应治理设施缺年度有效运行小时数，不能将平均效率直接当全年实际效率；补齐设施投运率；颗粒物需区分PM2.5和粗粒径效率
SRC-RAW-33BCFFE5D93422B4796D,PM2.5,POLLUTANT_PARAMETER_MISSING,对应治理设施缺年度有效运行小时数，不能将平均效率直接当全年实际效率；补齐设施投运率；颗粒物需区分PM2.5和粗粒径效率
SRC-RAW-33BCFFE5D93422B4796D,BC,POLLUTANT_PARAMETER_MISSING,对应治理设施缺年度有效运行小时数，不能将平均效率直接当全年实际效率；补齐设施投运率；颗粒物需区分PM2.5和粗粒径效率
SRC-RAW-33BCFFE5D93422B4796D,OC,POLLUTANT_PARAMETER_MISSING,对应治理设施缺年度有效运行小时数，不能将平均效率直接当全年实际效率；补齐设施投运率；颗粒物需区分PM2.5和粗粒径效率
SRC-RAW-E7E5ADAFCFECF7200532,SO2,POLLUTANT_PARAMETER_MISSING,对应治理设施缺年度有效运行小时数，不能将平均效率直接当全年实际效率；补齐设施投运率；颗粒物需区分PM2.5和粗粒径效率
SRC-RAW-E7E5ADAFCFECF7200532,PM10,POLLUTANT_PARAMETER_MISSING,对应治理设施缺年度有效运行小时数，不能将平均效率直接当全年实际效率；补齐设施投运率；颗粒物需区分PM2.5和粗粒径效率
SRC-RAW-E7E5ADAFCFECF7200532,PM2.5,POLLUTANT_PARAMETER_MISSING,对应治理设施缺年度有效运行小时数，不能将平均效率直接当全年实际效率；补齐设施投运率；颗粒物需区分PM2.5和粗粒径效率
SRC-RAW-E7E5ADAFCFECF7200532,BC,POLLUTANT_PARAMETER_MISSING,对应治理设施缺年度有效运行小时数，不能将平均效率直接当全年实际效率；补齐设施投运率；颗粒物需区分PM2.5和粗粒径效率
SRC-RAW-E7E5ADAFCFECF7200532,OC,POLLUTANT_PARAMETER_MISSING,对应治理设施缺年度有效运行小时数，不能将平均效率直接当全年实际效率；补齐设施投运率；颗粒物需区分PM2.5和粗粒径效率
SRC-RAW-6585362B366B486A2083,SO2,POLLUTANT_PARAMETER_MISSING,对应治理设施缺年度有效运行小时数，不能将平均效率直接当全年实际效率；补齐设施投运率；颗粒物需区分PM2.5和粗粒径效率
SRC-RAW-6585362B366B486A2083,PM10,POLLUTANT_PARAMETER_MISSING,对应治理设施缺年度有效运行小时数，不能将平均效率直接当全年实际效率；补齐设施投运率；颗粒物需区分PM2.5和粗粒径效率
SRC-RAW-6585362B366B486A2083,PM2.5,POLLUTANT_PARAMETER_MISSING,对应治理设施缺年度有效运行小时数，不能将平均效率直接当全年实际效率；补齐设施投运率；颗粒物需区分PM2.5和粗粒径效率
SRC-RAW-6585362B366B486A2083,BC,POLLUTANT_PARAMETER_MISSING,对应治理设施缺年度有效运行小时数，不能将平均效率直接当全年实际效率；补齐设施投运率；颗粒物需区分PM2.5和粗粒径效率
SRC-RAW-6585362B366B486A2083,OC,POLLUTANT_PARAMETER_MISSING,对应治理设施缺年度有效运行小时数，不能将平均效率直接当全年实际效率；补齐设施投运率；颗粒物需区分PM2.5和粗粒径效率
SRC-RAW-52D85C10391D48F484B5,NOx,POLLUTANT_PARAMETER_MISSING,燃烧方式其他层燃炉不足以选取E.7的CO/NOx/VOC系数；确认手动或自动炉排
SRC-RAW-52D85C10391D48F484B5,CO,POLLUTANT_PARAMETER_MISSING,燃烧方式其他层燃炉不足以选取E.7的CO/NOx/VOC系数；确认手动或自动炉排
SRC-RAW-52D85C10391D48F484B5,VOC,POLLUTANT_PARAMETER_MISSING,燃烧方式其他层燃炉不足以选取E.7的CO/NOx/VOC系数；确认手动或自动炉排
SRC-RAW-52D85C10391D48F484B5,PM10,POLLUTANT_PARAMETER_MISSING,治理工艺及去除效率缺失；补齐后按A.1选取
SRC-RAW-52D85C10391D48F484B5,PM10,POLLUTANT_PARAMETER_MISSING,对应治理设施缺年度有效运行小时数，不能将平均效率直接当全年实际效率；补齐设施投运率；颗粒物需区分PM2.5和粗粒径效率
SRC-RAW-52D85C10391D48F484B5,PM2.5,POLLUTANT_PARAMETER_MISSING,治理工艺及去除效率缺失；补齐后按A.1选取
SRC-RAW-52D85C10391D48F484B5,PM2.5,POLLUTANT_PARAMETER_MISSING,对应治理设施缺年度有效运行小时数，不能将平均效率直接当全年实际效率；补齐设施投运率；颗粒物需区分PM2.5和粗粒径效率
SRC-RAW-52D85C10391D48F484B5,BC,POLLUTANT_PARAMETER_MISSING,治理工艺及去除效率缺失；补齐后按A.1选取
SRC-RAW-52D85C10391D48F484B5,BC,POLLUTANT_PARAMETER_MISSING,对应治理设施缺年度有效运行小时数，不能将平均效率直接当全年实际效率；补齐设施投运率；颗粒物需区分PM2.5和粗粒径效率
SRC-RAW-52D85C10391D48F484B5,OC,POLLUTANT_PARAMETER_MISSING,治理工艺及去除效率缺失；补齐后按A.1选取
SRC-RAW-52D85C10391D48F484B5,OC,POLLUTANT_PARAMETER_MISSING,对应治理设施缺年度有效运行小时数，不能将平均效率直接当全年实际效率；补齐设施投运率；颗粒物需区分PM2.5和粗粒径效率
SRC-RAW-4E8C1C715FC6448DF880,NOx,SOURCE_RELATION_MISSING,GYGL仅为工业锅炉类别且企业有多台锅炉；补齐本锅炉与治理设施对应关系
SRC-RAW-4E8C1C715FC6448DF880,PM10,SOURCE_RELATION_MISSING,GYGL仅为工业锅炉类别且企业有多台锅炉；补齐本锅炉与治理设施对应关系
SRC-RAW-4E8C1C715FC6448DF880,PM2.5,SOURCE_RELATION_MISSING,GYGL仅为工业锅炉类别且企业有多台锅炉；补齐本锅炉与治理设施对应关系
SRC-RAW-4E8C1C715FC6448DF880,NH3,SOURCE_RELATION_MISSING,工业锅炉类别脱硝设施对应多台锅炉；补齐设备—脱硝设施关系
SRC-RAW-4E8C1C715FC6448DF880,NH3,POLLUTANT_PARAMETER_MISSING,补齐脱硝SCR/SNCR工艺，表E.1按煤计的氨因子不能据设施名称选定
SRC-RAW-4E8C1C715FC6448DF880,NH3,factor_not_applicable,表E.1氨因子分母为煤，当前燃料天然气不具备可直接使用的氨因子；提供适用因子或实测氨排放
SRC-RAW-B8BC60CF6EB1B29EA431,SO2,SOURCE_RELATION_MISSING,GYGL仅为工业锅炉类别且企业有多台锅炉；补齐本锅炉与治理设施对应关系
SRC-RAW-B8BC60CF6EB1B29EA431,NOx,POLLUTANT_PARAMETER_MISSING,燃烧方式其他层燃炉不足以选取E.7的CO/NOx/VOC系数；确认手动或自动炉排
SRC-RAW-B8BC60CF6EB1B29EA431,NOx,SOURCE_RELATION_MISSING,GYGL仅为工业锅炉类别且企业有多台锅炉；补齐本锅炉与治理设施对应关系
SRC-RAW-B8BC60CF6EB1B29EA431,CO,POLLUTANT_PARAMETER_MISSING,燃烧方式其他层燃炉不足以选取E.7的CO/NOx/VOC系数；确认手动或自动炉排
SRC-RAW-B8BC60CF6EB1B29EA431,VOC,POLLUTANT_PARAMETER_MISSING,燃烧方式其他层燃炉不足以选取E.7的CO/NOx/VOC系数；确认手动或自动炉排
SRC-RAW-B8BC60CF6EB1B29EA431,PM10,SOURCE_RELATION_MISSING,GYGL仅为工业锅炉类别且企业有多台锅炉；补齐本锅炉与治理设施对应关系
SRC-RAW-B8BC60CF6EB1B29EA431,PM2.5,SOURCE_RELATION_MISSING,GYGL仅为工业锅炉类别且企业有多台锅炉；补齐本锅炉与治理设施对应关系
SRC-RAW-B8BC60CF6EB1B29EA431,BC,SOURCE_RELATION_MISSING,GYGL仅为工业锅炉类别且企业有多台锅炉；补齐本锅炉与治理设施对应关系
SRC-RAW-B8BC60CF6EB1B29EA431,OC,SOURCE_RELATION_MISSING,GYGL仅为工业锅炉类别且企业有多台锅炉；补齐本锅炉与治理设施对应关系
SRC-RAW-B8BC60CF6EB1B29EA431,NH3,SOURCE_RELATION_MISSING,工业锅炉类别脱硝设施对应多台锅炉；补齐设备—脱硝设施关系
SRC-RAW-B8BC60CF6EB1B29EA431,NH3,POLLUTANT_PARAMETER_MISSING,补齐脱硝SCR/SNCR工艺，表E.1按煤计的氨因子不能据设施名称选定
SRC-RAW-44266D3C11C9AC784DCE,SO2,POLLUTANT_PARAMETER_MISSING,治理工艺及去除效率缺失；补齐后按A.1选取
SRC-RAW-44266D3C11C9AC784DCE,SO2,POLLUTANT_PARAMETER_MISSING,对应治理设施缺年度有效运行小时数，不能将平均效率直接当全年实际效率；补齐设施投运率；颗粒物需区分PM2.5和粗粒径效率
SRC-RAW-44266D3C11C9AC784DCE,NOx,POLLUTANT_PARAMETER_MISSING,燃烧方式其他层燃炉不足以选取E.7的CO/NOx/VOC系数；确认手动或自动炉排
SRC-RAW-44266D3C11C9AC784DCE,CO,POLLUTANT_PARAMETER_MISSING,燃烧方式其他层燃炉不足以选取E.7的CO/NOx/VOC系数；确认手动或自动炉排
SRC-RAW-44266D3C11C9AC784DCE,VOC,POLLUTANT_PARAMETER_MISSING,燃烧方式其他层燃炉不足以选取E.7的CO/NOx/VOC系数；确认手动或自动炉排
SRC-RAW-44266D3C11C9AC784DCE,PM10,POLLUTANT_PARAMETER_MISSING,治理工艺及去除效率缺失；补齐后按A.1选取
SRC-RAW-44266D3C11C9AC784DCE,PM10,POLLUTANT_PARAMETER_MISSING,对应治理设施缺年度有效运行小时数，不能将平均效率直接当全年实际效率；补齐设施投运率；颗粒物需区分PM2.5和粗粒径效率
SRC-RAW-44266D3C11C9AC784DCE,PM2.5,POLLUTANT_PARAMETER_MISSING,治理工艺及去除效率缺失；补齐后按A.1选取
SRC-RAW-44266D3C11C9AC784DCE,PM2.5,POLLUTANT_PARAMETER_MISSING,对应治理设施缺年度有效运行小时数，不能将平均效率直接当全年实际效率；补齐设施投运率；颗粒物需区分PM2.5和粗粒径效率
SRC-RAW-44266D3C11C9AC784DCE,BC,POLLUTANT_PARAMETER_MISSING,治理工艺及去除效率缺失；补齐后按A.1选取
SRC-RAW-44266D3C11C9AC784DCE,BC,POLLUTANT_PARAMETER_MISSING,对应治理设施缺年度有效运行小时数，不能将平均效率直接当全年实际效率；补齐设施投运率；颗粒物需区分PM2.5和粗粒径效率
SRC-RAW-44266D3C11C9AC784DCE,OC,POLLUTANT_PARAMETER_MISSING,治理工艺及去除效率缺失；补齐后按A.1选取
SRC-RAW-44266D3C11C9AC784DCE,OC,POLLUTANT_PARAMETER_MISSING,对应治理设施缺年度有效运行小时数，不能将平均效率直接当全年实际效率；补齐设施投运率；颗粒物需区分PM2.5和粗粒径效率
SRC-RAW-75910B9CC0E09390EB96,PM10,POLLUTANT_PARAMETER_MISSING,治理工艺及去除效率缺失；补齐后按A.1选取
SRC-RAW-75910B9CC0E09390EB96,PM10,POLLUTANT_PARAMETER_MISSING,对应治理设施缺年度有效运行小时数，不能将平均效率直接当全年实际效率；补齐设施投运率；颗粒物需区分PM2.5和粗粒径效率
SRC-RAW-75910B9CC0E09390EB96,PM2.5,POLLUTANT_PARAMETER_MISSING,治理工艺及去除效率缺失；补齐后按A.1选取
SRC-RAW-75910B9CC0E09390EB96,PM2.5,POLLUTANT_PARAMETER_MISSING,对应治理设施缺年度有效运行小时数，不能将平均效率直接当全年实际效率；补齐设施投运率；颗粒物需区分PM2.5和粗粒径效率
SRC-RAW-5534B6739A0B26E61314,SO2,activity_unit_unresolved,燃料一单位吨标准煤与因子分母t不一致；补原燃料实物量或有依据的换算关系
SRC-RAW-5534B6739A0B26E61314,NOx,activity_unit_unresolved,燃料一单位吨标准煤与因子分母t不一致；补原燃料实物量或有依据的换算关系
SRC-RAW-5534B6739A0B26E61314,CO,activity_unit_unresolved,燃料一单位吨标准煤与因子分母t不一致；补原燃料实物量或有依据的换算关系
SRC-RAW-5534B6739A0B26E61314,VOC,activity_unit_unresolved,燃料一单位吨标准煤与因子分母t不一致；补原燃料实物量或有依据的换算关系
SRC-RAW-5534B6739A0B26E61314,PM10,activity_unit_unresolved,燃料一单位吨标准煤与因子分母t不一致；补原燃料实物量或有依据的换算关系
SRC-RAW-5534B6739A0B26E61314,PM10,POLLUTANT_PARAMETER_MISSING,对应治理设施缺年度有效运行小时数，不能将平均效率直接当全年实际效率；补齐设施投运率；颗粒物需区分PM2.5和粗粒径效率
SRC-RAW-5534B6739A0B26E61314,PM2.5,activity_unit_unresolved,燃料一单位吨标准煤与因子分母t不一致；补原燃料实物量或有依据的换算关系
SRC-RAW-5534B6739A0B26E61314,PM2.5,POLLUTANT_PARAMETER_MISSING,对应治理设施缺年度有效运行小时数，不能将平均效率直接当全年实际效率；补齐设施投运率；颗粒物需区分PM2.5和粗粒径效率
SRC-RAW-5534B6739A0B26E61314,BC,activity_unit_unresolved,燃料一单位吨标准煤与因子分母t不一致；补原燃料实物量或有依据的换算关系
SRC-RAW-5534B6739A0B26E61314,BC,POLLUTANT_PARAMETER_MISSING,对应治理设施缺年度有效运行小时数，不能将平均效率直接当全年实际效率；补齐设施投运率；颗粒物需区分PM2.5和粗粒径效率
SRC-RAW-5534B6739A0B26E61314,OC,activity_unit_unresolved,燃料一单位吨标准煤与因子分母t不一致；补原燃料实物量或有依据的换算关系
SRC-RAW-5534B6739A0B26E61314,OC,POLLUTANT_PARAMETER_MISSING,对应治理设施缺年度有效运行小时数，不能将平均效率直接当全年实际效率；补齐设施投运率；颗粒物需区分PM2.5和粗粒径效率
SRC-RAW-4762F830238742134EA1,NOx,SOURCE_RELATION_MISSING,GYGL仅为工业锅炉类别且企业有多台锅炉；补齐本锅炉与治理设施对应关系
SRC-RAW-4762F830238742134EA1,PM10,SOURCE_RELATION_MISSING,GYGL仅为工业锅炉类别且企业有多台锅炉；补齐本锅炉与治理设施对应关系
SRC-RAW-4762F830238742134EA1,PM2.5,SOURCE_RELATION_MISSING,GYGL仅为工业锅炉类别且企业有多台锅炉；补齐本锅炉与治理设施对应关系
SRC-RAW-4762F830238742134EA1,NH3,SOURCE_RELATION_MISSING,工业锅炉类别脱硝设施对应多台锅炉；补齐设备—脱硝设施关系
SRC-RAW-4762F830238742134EA1,NH3,POLLUTANT_PARAMETER_MISSING,补齐脱硝SCR/SNCR工艺，表E.1按煤计的氨因子不能据设施名称选定
SRC-RAW-4762F830238742134EA1,NH3,factor_not_applicable,表E.1氨因子分母为煤，当前燃料天然气不具备可直接使用的氨因子；提供适用因子或实测氨排放
SRC-RAW-1FB8B3A5CF65FA29B7CF,NOx,SOURCE_RELATION_MISSING,GYGL仅为工业锅炉类别且企业有多台锅炉；补齐本锅炉与治理设施对应关系
SRC-RAW-1FB8B3A5CF65FA29B7CF,PM10,SOURCE_RELATION_MISSING,GYGL仅为工业锅炉类别且企业有多台锅炉；补齐本锅炉与治理设施对应关系
SRC-RAW-1FB8B3A5CF65FA29B7CF,PM2.5,SOURCE_RELATION_MISSING,GYGL仅为工业锅炉类别且企业有多台锅炉；补齐本锅炉与治理设施对应关系
SRC-RAW-1FB8B3A5CF65FA29B7CF,NH3,SOURCE_RELATION_MISSING,工业锅炉类别脱硝设施对应多台锅炉；补齐设备—脱硝设施关系
SRC-RAW-1FB8B3A5CF65FA29B7CF,NH3,POLLUTANT_PARAMETER_MISSING,补齐脱硝SCR/SNCR工艺，表E.1按煤计的氨因子不能据设施名称选定
SRC-RAW-1FB8B3A5CF65FA29B7CF,NH3,factor_not_applicable,表E.1氨因子分母为煤，当前燃料天然气不具备可直接使用的氨因子；提供适用因子或实测氨排放
SRC-RAW-C6D82ADA0C636EFF013B,SO2,POLLUTANT_PARAMETER_MISSING,对应治理设施缺年度有效运行小时数，不能将平均效率直接当全年实际效率；补齐设施投运率；颗粒物需区分PM2.5和粗粒径效率
SRC-RAW-C6D82ADA0C636EFF013B,NOx,POLLUTANT_PARAMETER_MISSING,对应治理设施缺年度有效运行小时数，不能将平均效率直接当全年实际效率；补齐设施投运率；颗粒物需区分PM2.5和粗粒径效率
SRC-RAW-C6D82ADA0C636EFF013B,PM10,POLLUTANT_PARAMETER_MISSING,对应治理设施缺年度有效运行小时数，不能将平均效率直接当全年实际效率；补齐设施投运率；颗粒物需区分PM2.5和粗粒径效率
SRC-RAW-C6D82ADA0C636EFF013B,PM2.5,POLLUTANT_PARAMETER_MISSING,对应治理设施缺年度有效运行小时数，不能将平均效率直接当全年实际效率；补齐设施投运率；颗粒物需区分PM2.5和粗粒径效率
SRC-RAW-C6D82ADA0C636EFF013B,BC,POLLUTANT_PARAMETER_MISSING,对应治理设施缺年度有效运行小时数，不能将平均效率直接当全年实际效率；补齐设施投运率；颗粒物需区分PM2.5和粗粒径效率
SRC-RAW-C6D82ADA0C636EFF013B,OC,POLLUTANT_PARAMETER_MISSING,对应治理设施缺年度有效运行小时数，不能将平均效率直接当全年实际效率；补齐设施投运率；颗粒物需区分PM2.5和粗粒径效率
SRC-RAW-9CD347CBAA1E4690A8D4,SO2,POLLUTANT_PARAMETER_MISSING,对应治理设施缺年度有效运行小时数，不能将平均效率直接当全年实际效率；补齐设施投运率；颗粒物需区分PM2.5和粗粒径效率
SRC-RAW-9CD347CBAA1E4690A8D4,PM10,POLLUTANT_PARAMETER_MISSING,对应治理设施缺年度有效运行小时数，不能将平均效率直接当全年实际效率；补齐设施投运率；颗粒物需区分PM2.5和粗粒径效率
SRC-RAW-9CD347CBAA1E4690A8D4,PM2.5,POLLUTANT_PARAMETER_MISSING,对应治理设施缺年度有效运行小时数，不能将平均效率直接当全年实际效率；补齐设施投运率；颗粒物需区分PM2.5和粗粒径效率
SRC-RAW-9CD347CBAA1E4690A8D4,BC,POLLUTANT_PARAMETER_MISSING,对应治理设施缺年度有效运行小时数，不能将平均效率直接当全年实际效率；补齐设施投运率；颗粒物需区分PM2.5和粗粒径效率
SRC-RAW-EC1135F9614F908FBF96,SO2,activity_unit_unresolved,燃料一单位吨标准煤与因子分母t不一致；补原燃料实物量或有依据的换算关系
SRC-RAW-EC1135F9614F908FBF96,NOx,activity_unit_unresolved,燃料一单位吨标准煤与因子分母t不一致；补原燃料实物量或有依据的换算关系
SRC-RAW-EC1135F9614F908FBF96,NOx,POLLUTANT_PARAMETER_MISSING,对应治理设施缺年度有效运行小时数，不能将平均效率直接当全年实际效率；补齐设施投运率；颗粒物需区分PM2.5和粗粒径效率
SRC-RAW-EC1135F9614F908FBF96,CO,activity_unit_unresolved,燃料一单位吨标准煤与因子分母t不一致；补原燃料实物量或有依据的换算关系
SRC-RAW-EC1135F9614F908FBF96,VOC,activity_unit_unresolved,燃料一单位吨标准煤与因子分母t不一致；补原燃料实物量或有依据的换算关系
SRC-RAW-EC1135F9614F908FBF96,PM10,activity_unit_unresolved,燃料一单位吨标准煤与因子分母t不一致；补原燃料实物量或有依据的换算关系
SRC-RAW-EC1135F9614F908FBF96,PM10,POLLUTANT_PARAMETER_MISSING,对应治理设施缺年度有效运行小时数，不能将平均效率直接当全年实际效率；补齐设施投运率；颗粒物需区分PM2.5和粗粒径效率
SRC-RAW-EC1135F9614F908FBF96,PM2.5,activity_unit_unresolved,燃料一单位吨标准煤与因子分母t不一致；补原燃料实物量或有依据的换算关系
SRC-RAW-EC1135F9614F908FBF96,PM2.5,POLLUTANT_PARAMETER_MISSING,对应治理设施缺年度有效运行小时数，不能将平均效率直接当全年实际效率；补齐设施投运率；颗粒物需区分PM2.5和粗粒径效率
SRC-RAW-EC1135F9614F908FBF96,BC,activity_unit_unresolved,燃料一单位吨标准煤与因子分母t不一致；补原燃料实物量或有依据的换算关系
SRC-RAW-EC1135F9614F908FBF96,BC,POLLUTANT_PARAMETER_MISSING,对应治理设施缺年度有效运行小时数，不能将平均效率直接当全年实际效率；补齐设施投运率；颗粒物需区分PM2.5和粗粒径效率
SRC-RAW-EC1135F9614F908FBF96,OC,activity_unit_unresolved,燃料一单位吨标准煤与因子分母t不一致；补原燃料实物量或有依据的换算关系
SRC-RAW-EC1135F9614F908FBF96,OC,POLLUTANT_PARAMETER_MISSING,对应治理设施缺年度有效运行小时数，不能将平均效率直接当全年实际效率；补齐设施投运率；颗粒物需区分PM2.5和粗粒径效率
SRC-RAW-EC1135F9614F908FBF96,NH3,factor_not_applicable,表E.1氨因子分母为煤，当前燃料其他燃料不具备可直接使用的氨因子；提供适用因子或实测氨排放
SRC-RAW-23B2A417885E0B963807,PM10,POLLUTANT_PARAMETER_MISSING,对应治理设施缺年度有效运行小时数，不能将平均效率直接当全年实际效率；补齐设施投运率；颗粒物需区分PM2.5和粗粒径效率
SRC-RAW-23B2A417885E0B963807,PM2.5,POLLUTANT_PARAMETER_MISSING,对应治理设施缺年度有效运行小时数，不能将平均效率直接当全年实际效率；补齐设施投运率；颗粒物需区分PM2.5和粗粒径效率
SRC-RAW-23B2A417885E0B963807,BC,POLLUTANT_PARAMETER_MISSING,对应治理设施缺年度有效运行小时数，不能将平均效率直接当全年实际效率；补齐设施投运率；颗粒物需区分PM2.5和粗粒径效率
SRC-RAW-D93FC5D6E86B4F04DB3E,NOx,POLLUTANT_PARAMETER_MISSING,燃烧方式其他层燃炉不足以选取E.7的CO/NOx/VOC系数；确认手动或自动炉排
SRC-RAW-D93FC5D6E86B4F04DB3E,CO,POLLUTANT_PARAMETER_MISSING,燃烧方式其他层燃炉不足以选取E.7的CO/NOx/VOC系数；确认手动或自动炉排
SRC-RAW-D93FC5D6E86B4F04DB3E,VOC,POLLUTANT_PARAMETER_MISSING,燃烧方式其他层燃炉不足以选取E.7的CO/NOx/VOC系数；确认手动或自动炉排
SRC-RAW-D93FC5D6E86B4F04DB3E,PM10,POLLUTANT_PARAMETER_MISSING,对应治理设施缺年度有效运行小时数，不能将平均效率直接当全年实际效率；补齐设施投运率；颗粒物需区分PM2.5和粗粒径效率
SRC-RAW-D93FC5D6E86B4F04DB3E,PM2.5,POLLUTANT_PARAMETER_MISSING,对应治理设施缺年度有效运行小时数，不能将平均效率直接当全年实际效率；补齐设施投运率；颗粒物需区分PM2.5和粗粒径效率
SRC-RAW-D93FC5D6E86B4F04DB3E,BC,POLLUTANT_PARAMETER_MISSING,对应治理设施缺年度有效运行小时数，不能将平均效率直接当全年实际效率；补齐设施投运率；颗粒物需区分PM2.5和粗粒径效率
SRC-RAW-D93FC5D6E86B4F04DB3E,OC,POLLUTANT_PARAMETER_MISSING,对应治理设施缺年度有效运行小时数，不能将平均效率直接当全年实际效率；补齐设施投运率；颗粒物需区分PM2.5和粗粒径效率
SRC-RAW-1499183EFC76641D125A,PM10,POLLUTANT_PARAMETER_MISSING,对应治理设施缺年度有效运行小时数，不能将平均效率直接当全年实际效率；补齐设施投运率；颗粒物需区分PM2.5和粗粒径效率
SRC-RAW-1499183EFC76641D125A,PM2.5,POLLUTANT_PARAMETER_MISSING,对应治理设施缺年度有效运行小时数，不能将平均效率直接当全年实际效率；补齐设施投运率；颗粒物需区分PM2.5和粗粒径效率
