source_id,target,human_scope_decision,human_workbook_row,mapping_method,raw_base102_row,raw_base102_sequence,inventory_year,pseudonymous_entity_id,industry_code,target_equipment_value,enterprise_master_present,enterprise_control_row_count
SRC-RAW-90E067EFFFEEA507E10F,POWER,not_selected_for_target,,absence_from_expert_target_workbook,2,21,2022,CREDIT-C9D343F48167,2730,,True,0
SRC-RAW-14966318FE4415CD8006,POWER,not_selected_for_target,,absence_from_expert_target_workbook,3,21,2022,CREDIT-AD57CF097582,1819,,True,2
SRC-RAW-F8E0B7E08DAADCB14468,POWER,not_selected_for_target,,absence_from_expert_target_workbook,4,21,2022,CREDIT-C54FA213A9EE,2720,,True,0
SRC-RAW-B744EE7E106839022BD3,POWER,not_selected_for_target,,absence_from_expert_target_workbook,5,21,2022,CREDIT-0E8DBDCD9519,1620,,True,8
SRC-RAW-53C0C027EE5030DB33CA,POWER,not_selected_for_target,,absence_from_expert_target_workbook,6,22,2022,CREDIT-0E8DBDCD9519,1620,,True,8
SRC-RAW-BF68CECF15B3C0A42682,POWER,not_selected_for_target,,absence_from_expert_target_workbook,7,23,2022,CREDIT-0E8DBDCD9519,1620,,True,8
SRC-RAW-9615643551D6AEA70C65,POWER,not_selected_for_target,,absence_from_expert_target_workbook,8,24,2022,CREDIT-0E8DBDCD9519,1620,,True,8
SRC-RAW-BC62233552CB4DCAF9DE,POWER,not_selected_for_target,,absence_from_expert_target_workbook,9,21,2022,CREDIT-9B790905C57C,4341,,True,1
SRC-RAW-1EDC61156AC774B677F7,POWER,not_selected_for_target,,absence_from_expert_target_workbook,10,21,2022,CREDIT-50E353101CFA,2740,,True,1
SRC-RAW-791E9DD016C7F71E18C9,POWER,not_selected_for_target,,absence_from_expert_target_workbook,11,22,2022,CREDIT-50E353101CFA,2740,,True,1
SRC-RAW-F4EAA8D6333BE5AD0EE2,POWER,not_selected_for_target,,absence_from_expert_target_workbook,12,21,2022,CREDIT-66A006B57692,2740,,True,1
SRC-RAW-65DF650E16BB4C789E43,POWER,not_selected_for_target,,absence_from_expert_target_workbook,13,21,2022,CREDIT-D2ACF531BDB6,2720,,True,1
SRC-RAW-1750FB80D8F09E37E049,POWER,not_selected_for_target,,absence_from_expert_target_workbook,14,22,2022,CREDIT-D2ACF531BDB6,2720,,True,1
SRC-RAW-93AFE5B601EF8715A8C5,POWER,not_selected_for_target,,absence_from_expert_target_workbook,15,21,2022,CREDIT-B5A2824D62A9,2720,,True,4
SRC-RAW-52BE56FF4FB26396519E,POWER,not_selected_for_target,,absence_from_expert_target_workbook,16,21,2022,CREDIT-BAAE71F76409,2720,,True,2
SRC-RAW-4959FD9C382CABC0D2A9,POWER,not_selected_for_target,,absence_from_expert_target_workbook,17,22,2022,CREDIT-BAAE71F76409,2720,,True,2
SRC-RAW-CD8ABFD8E450CE593F97,POWER,not_selected_for_target,,absence_from_expert_target_workbook,18,21,2022,CREDIT-F6BC15D9DE98,2231,,True,0
SRC-RAW-11A00DBFA59E61614CAC,POWER,not_selected_for_target,,absence_from_expert_target_workbook,19,21,2022,CREDIT-405A7F3DFA18,1391,,True,0
SRC-RAW-B67E46C32CE68325C5EB,POWER,not_selected_for_target,,absence_from_expert_target_workbook,20,22,2022,CREDIT-405A7F3DFA18,1391,,True,0
SRC-RAW-165B26BBFC1142CE05A3,POWER,not_selected_for_target,,absence_from_expert_target_workbook,21,23,2022,CREDIT-405A7F3DFA18,1391,,True,0
SRC-RAW-20E1D64632E03126253B,POWER,not_selected_for_target,,absence_from_expert_target_workbook,22,21,2022,CREDIT-FAEF13C9329A,1431,,True,0
SRC-RAW-9A1285C2AE6ABE7DA36D,POWER,not_selected_for_target,,absence_from_expert_target_workbook,23,21,2022,CREDIT-03839B7A3822,1441,,True,0
SRC-RAW-A176F466419524F5BBD1,POWER,not_selected_for_target,,absence_from_expert_target_workbook,24,22,2022,CREDIT-03839B7A3822,1441,,True,0
SRC-RAW-5A9A09E7A093E3F05394,POWER,not_selected_for_target,,absence_from_expert_target_workbook,25,23,2022,CREDIT-03839B7A3822,1441,,True,0
SRC-RAW-40C738DA6FAA348B875B,POWER,not_selected_for_target,,absence_from_expert_target_workbook,26,21,2022,CREDIT-4F4E9405FD3A,2761,,True,4
SRC-RAW-354BCAA1879EDBB4F7AB,POWER,not_selected_for_target,,absence_from_expert_target_workbook,27,21,2022,CREDIT-630E2B88A0FD,1441,,True,0
SRC-RAW-7F2856A8B7F8B1EA2603,POWER,not_selected_for_target,,absence_from_expert_target_workbook,28,21,2022,CREDIT-73FCE19530D9,1392,,True,0
SRC-RAW-4B160D7385956C4E57EB,POWER,not_selected_for_target,,absence_from_expert_target_workbook,29,21,2022,CREDIT-A504E05DE160,1441,,True,0
SRC-RAW-A2E8D6338F6D2EF4CBE2,POWER,not_selected_for_target,,absence_from_expert_target_workbook,30,22,2022,CREDIT-A504E05DE160,1441,,True,0
SRC-RAW-F98DEF6D4E3DC2F26DE7,POWER,not_selected_for_target,,absence_from_expert_target_workbook,31,21,2022,CREDIT-85C42236388B,1441,,True,0
SRC-RAW-27C13E7E5154D2910D5A,POWER,not_selected_for_target,,absence_from_expert_target_workbook,32,22,2022,CREDIT-85C42236388B,1441,,True,0
SRC-RAW-35208EA8F9C5B0CA67BD,POWER,not_selected_for_target,,absence_from_expert_target_workbook,33,21,2022,CREDIT-FBC2608944DF,2740,,True,1
SRC-RAW-E18849DC2C3F6E400DCA,POWER,not_selected_for_target,,absence_from_expert_target_workbook,34,21,2022,CREDIT-32EA6804B2AB,1439,,True,0
SRC-RAW-377481F8386BDB7B9A3D,POWER,not_selected_for_target,,absence_from_expert_target_workbook,35,21,2022,CREDIT-0FCC302E2773,2029,,True,0
SRC-RAW-D72961D02D38D2C405BB,POWER,not_selected_for_target,,absence_from_expert_target_workbook,36,21,2022,CREDIT-447D90B3B688,2029,,True,0
SRC-RAW-722A8EA2106EFE169C1B,POWER,not_selected_for_target,,absence_from_expert_target_workbook,37,21,2022,CREDIT-B2551A306F1F,1363,,True,0
SRC-RAW-3E66D36FC4F7A71C87FB,POWER,include,2,canonical_expert_scope_order,38,11,2022,CREDIT-08D0E35B9A56,4417,燃气锅炉,True,0
SRC-RAW-DB41A697E6D3E6CCEBB9,POWER,include,3,canonical_expert_scope_order,39,12,2022,CREDIT-08D0E35B9A56,4417,燃气轮机,True,0
SRC-RAW-692539A50BD659EF6B35,POWER,include,4,canonical_expert_scope_order,40,13,2022,CREDIT-08D0E35B9A56,4417,燃气轮机,True,0
SRC-RAW-09CC07AB1163C70FFAC1,POWER,include,5,canonical_expert_scope_order,41,14,2022,CREDIT-08D0E35B9A56,4417,燃气轮机,True,0
SRC-RAW-25124CE277F1457CC6E3,POWER,not_selected_for_target,,absence_from_expert_target_workbook,42,21,2022,CREDIT-EA9B8BA94C25,2740,,True,3
SRC-RAW-6EED50AC67DCB86EB570,POWER,not_selected_for_target,,absence_from_expert_target_workbook,43,22,2022,CREDIT-EA9B8BA94C25,2740,,True,3
SRC-RAW-84BC44EA49D80BC43AE2,POWER,not_selected_for_target,,absence_from_expert_target_workbook,44,21,2022,CREDIT-8C0351457484,1431,,True,0
SRC-RAW-687E5606964DF5BE4CE5,POWER,not_selected_for_target,,absence_from_expert_target_workbook,45,21,2022,CREDIT-9EA899B41BC0,2720,,True,0
SRC-RAW-D1B5A13444E17C80F5A5,POWER,not_selected_for_target,,absence_from_expert_target_workbook,46,21,2022,CREDIT-1BD696CB0CD5,1329,,True,0
SRC-RAW-92EE47E32C7D32E81B42,POWER,not_selected_for_target,,absence_from_expert_target_workbook,47,21,2022,CREDIT-929C8E21403F,1399,,True,0
SRC-RAW-780A622A337FEA858468,POWER,not_selected_for_target,,absence_from_expert_target_workbook,48,21,2022,CREDIT-82DEB3BAF3D9,1411,,True,1
SRC-RAW-E092AAB48D319958C153,POWER,not_selected_for_target,,absence_from_expert_target_workbook,49,21,2022,CREDIT-51E1D5E27530,1523,,True,0
SRC-RAW-87D71699A3256E76D3BB,POWER,not_selected_for_target,,absence_from_expert_target_workbook,50,21,2022,CREDIT-5E5A6EB309DE,1469,,True,0
SRC-RAW-DAAA241AFE2F07E0C5F3,POWER,not_selected_for_target,,absence_from_expert_target_workbook,51,21,2022,CREDIT-58AB6EC5E975,2029,,True,1
SRC-RAW-501767237332FCB0D99D,POWER,not_selected_for_target,,absence_from_expert_target_workbook,52,21,2022,CREDIT-22E0CE1DC671,1811,,True,0
SRC-RAW-FD9F44A4B3FD1A7132B3,POWER,not_selected_for_target,,absence_from_expert_target_workbook,53,21,2022,CREDIT-155C55666E10,2239,,True,0
SRC-RAW-DA6A52535170DE5A2335,POWER,not_selected_for_target,,absence_from_expert_target_workbook,54,21,2022,CREDIT-88F449E45F2B,1411,,True,0
SRC-RAW-CA8AA1AC764CA11EE743,POWER,not_selected_for_target,,absence_from_expert_target_workbook,55,21,2022,CREDIT-4617A8F81AAA,2740,,True,1
SRC-RAW-71EED5ED72688E94A72B,POWER,not_selected_for_target,,absence_from_expert_target_workbook,56,21,2022,CREDIT-DF6466CF103B,2929,,True,1
SRC-RAW-66894E8DAE72D7969F4B,POWER,not_selected_for_target,,absence_from_expert_target_workbook,57,21,2022,CREDIT-48876C1FC0D0,1499,,True,0
SRC-RAW-38648E7B2E99CC4C0E1E,POWER,not_selected_for_target,,absence_from_expert_target_workbook,58,22,2022,CREDIT-48876C1FC0D0,1499,,True,0
SRC-RAW-5AFE5DAA2A275532B531,POWER,not_selected_for_target,,absence_from_expert_target_workbook,59,23,2022,CREDIT-48876C1FC0D0,1499,,True,0
SRC-RAW-C945DAF6C00913C024DA,POWER,not_selected_for_target,,absence_from_expert_target_workbook,60,21,2022,CREDIT-F9A810B446AC,1329,,True,0
SRC-RAW-1B0D1FE676B4901FCA6A,POWER,not_selected_for_target,,absence_from_expert_target_workbook,61,21,2022,CREDIT-4A96ED8B409F,2441,,True,0
SRC-RAW-C5CD854EA850DEB195F2,POWER,not_selected_for_target,,absence_from_expert_target_workbook,62,22,2022,CREDIT-4A96ED8B409F,2441,,True,0
SRC-RAW-8C20BF245840233B57D8,POWER,not_selected_for_target,,absence_from_expert_target_workbook,63,21,2022,CREDIT-723F107BDFFD,2921,,True,2
SRC-RAW-BACF60A99A763B43FE87,POWER,not_selected_for_target,,absence_from_expert_target_workbook,64,22,2022,CREDIT-723F107BDFFD,2921,,True,2
SRC-RAW-3F5381890316B5C27623,POWER,not_selected_for_target,,absence_from_expert_target_workbook,65,21,2022,CREDIT-4AB2A5073AFC,1752,,True,0
SRC-RAW-3C661D9992E593DBBD45,POWER,not_selected_for_target,,absence_from_expert_target_workbook,66,22,2022,CREDIT-4AB2A5073AFC,1752,,True,0
SRC-RAW-92E72E26DE29825FDA4B,POWER,not_selected_for_target,,absence_from_expert_target_workbook,67,21,2022,CREDIT-0983A4D60F99,1752,,True,3
SRC-RAW-7D50B80CF56A521240CC,POWER,not_selected_for_target,,absence_from_expert_target_workbook,68,22,2022,CREDIT-0983A4D60F99,1752,,True,3
SRC-RAW-33D8E542015F1EF1FA3C,POWER,not_selected_for_target,,absence_from_expert_target_workbook,69,21,2022,CREDIT-1E4229A43A06,1830,,True,0
SRC-RAW-934C722DA5B37B8C1AE7,POWER,include,6,canonical_expert_scope_order,70,11,2022,CREDIT-29DCF2989D98,4417,燃气轮机,True,0
SRC-RAW-1AB2981F39D95390A9AA,POWER,include,7,canonical_expert_scope_order,71,12,2022,CREDIT-29DCF2989D98,4417,燃气轮机,True,0
SRC-RAW-7DB401C6AD1D015503BE,POWER,include,8,canonical_expert_scope_order,72,13,2022,CREDIT-29DCF2989D98,4417,燃气轮机,True,0
SRC-RAW-DEDC06563A4709A8CA20,POWER,include,9,canonical_expert_scope_order,73,14,2022,CREDIT-29DCF2989D98,4417,燃气轮机,True,0
SRC-RAW-63797BBB1AC088E3D3DC,POWER,include,10,canonical_expert_scope_order,74,15,2022,CREDIT-29DCF2989D98,4417,燃气轮机,True,0
SRC-RAW-3408C0B209FC6941D368,POWER,include,11,canonical_expert_scope_order,75,16,2022,CREDIT-29DCF2989D98,4417,燃气轮机,True,0
SRC-RAW-69A60B9C430B940055AD,POWER,include,12,canonical_expert_scope_order,76,17,2022,CREDIT-29DCF2989D98,4417,燃气轮机,True,0
SRC-RAW-B6C50298B42EDC1FE56E,POWER,include,13,canonical_expert_scope_order,77,18,2022,CREDIT-29DCF2989D98,4417,燃气轮机,True,0
SRC-RAW-28BCC7C3AA73FF1E72F3,POWER,not_selected_for_target,,absence_from_expert_target_workbook,78,21,2022,CREDIT-8DAD706051B1,2661,,True,1
SRC-RAW-433E71C65B35B9DAAB7F,POWER,not_selected_for_target,,absence_from_expert_target_workbook,79,22,2022,CREDIT-8DAD706051B1,2661,,True,1
SRC-RAW-49F19FC879C6F81C6C0C,POWER,not_selected_for_target,,absence_from_expert_target_workbook,80,21,2022,CREDIT-7134148C99A4,1499,,True,0
SRC-RAW-9BF96FCD85B091DC7A58,POWER,not_selected_for_target,,absence_from_expert_target_workbook,81,21,2022,CREDIT-6350637F72BB,2929,,True,1
SRC-RAW-710E95F66D8DDA59F975,POWER,not_selected_for_target,,absence_from_expert_target_workbook,82,21,2022,CREDIT-82C4E0477434,1819,,True,0
SRC-RAW-0056EA912208AD169FA8,POWER,not_selected_for_target,,absence_from_expert_target_workbook,83,21,2022,CREDIT-AAF336078E81,3024,,True,2
SRC-RAW-C3FED10CB6BBD451E035,POWER,not_selected_for_target,,absence_from_expert_target_workbook,84,21,2022,CREDIT-9416BAA33246,2682,,True,0
SRC-RAW-EB5A9355F03A2B849F18,POWER,not_selected_for_target,,absence_from_expert_target_workbook,85,21,2022,CREDIT-79374CCB717B,2921,,True,1
SRC-RAW-C1C9959648DD30804413,POWER,not_selected_for_target,,absence_from_expert_target_workbook,86,22,2022,CREDIT-79374CCB717B,2921,,True,1
SRC-RAW-1B6BC7E97E6036328ECE,POWER,not_selected_for_target,,absence_from_expert_target_workbook,87,21,2022,CREDIT-B24A62FE4246,2720,,True,1
SRC-RAW-13C929801C59E9B903F1,POWER,not_selected_for_target,,absence_from_expert_target_workbook,88,22,2022,CREDIT-B24A62FE4246,2720,,True,1
SRC-RAW-7E2B91F4BB3B2C1B3958,POWER,not_selected_for_target,,absence_from_expert_target_workbook,89,21,2022,CREDIT-966EE6F73DF3,1462,,True,0
SRC-RAW-77D30DACB356604725DF,POWER,not_selected_for_target,,absence_from_expert_target_workbook,90,21,2022,CREDIT-CEC51F51AF76,2646,,True,2
SRC-RAW-3A6C0ACF430810E9F0A8,POWER,not_selected_for_target,,absence_from_expert_target_workbook,91,21,2022,CREDIT-2EE45D7AC7D5,1352,,True,0
SRC-RAW-FAB9956AF10BA409914D,POWER,not_selected_for_target,,absence_from_expert_target_workbook,92,21,2022,CREDIT-2826CEBE264E,1459,,True,0
SRC-RAW-9FEAF50C39FC421A8135,POWER,not_selected_for_target,,absence_from_expert_target_workbook,93,21,2022,CREDIT-E00801B4444A,2924,,True,0
SRC-RAW-6DD39F56F506F14BD408,POWER,not_selected_for_target,,absence_from_expert_target_workbook,94,21,2022,CREDIT-D41DFD9013CB,2021,,True,1
SRC-RAW-5183EB78AD2940D86376,POWER,not_selected_for_target,,absence_from_expert_target_workbook,95,21,2022,CREDIT-2906E2F5E846,4341,,True,2
SRC-RAW-4460B7024761FB074EC8,POWER,not_selected_for_target,,absence_from_expert_target_workbook,96,22,2022,CREDIT-2906E2F5E846,4341,,True,2
SRC-RAW-3616010F9D7317CA277E,POWER,not_selected_for_target,,absence_from_expert_target_workbook,97,21,2022,CREDIT-5C19B9DC9D8C,2662,,True,5
SRC-RAW-DA67451744D917EA664B,POWER,not_selected_for_target,,absence_from_expert_target_workbook,98,22,2022,CREDIT-5C19B9DC9D8C,2662,,True,5
SRC-RAW-A4B6AD7C7EF8A904DE2F,POWER,not_selected_for_target,,absence_from_expert_target_workbook,99,21,2022,CREDIT-EF47CAFA79B3,2921,,True,7
SRC-RAW-97675F7EB454C52FE916,POWER,not_selected_for_target,,absence_from_expert_target_workbook,100,21,2022,CREDIT-C36AADDB2C0B,1352,,True,1
SRC-RAW-4D6E0D28FC3DC854E7D6,POWER,not_selected_for_target,,absence_from_expert_target_workbook,101,21,2022,CREDIT-ED0DD29ECDEF,1462,,True,0
SRC-RAW-228329289B42E9A4586A,POWER,not_selected_for_target,,absence_from_expert_target_workbook,102,21,2022,CREDIT-3EFC1CA46D87,2661,,True,3
SRC-RAW-E7AD12EAC6533209A11F,POWER,not_selected_for_target,,absence_from_expert_target_workbook,103,21,2022,CREDIT-C140A95AA36E,1752,,True,3
SRC-RAW-2F3180D4EC06282C0F43,POWER,not_selected_for_target,,absence_from_expert_target_workbook,104,22,2022,CREDIT-C140A95AA36E,1752,,True,3
SRC-RAW-56D5EDA884E813AB9D85,POWER,not_selected_for_target,,absence_from_expert_target_workbook,105,21,2022,CREDIT-5DD8B313854F,1752,,True,3
SRC-RAW-693CF4ADCD90B44D9213,POWER,not_selected_for_target,,absence_from_expert_target_workbook,106,22,2022,CREDIT-5DD8B313854F,1752,,True,3
SRC-RAW-890D673FE0FCD8C4375A,POWER,not_selected_for_target,,absence_from_expert_target_workbook,107,21,2022,CREDIT-8B8B7D949288,2924,,True,1
SRC-RAW-1A9EB9F95CC3A2CCF350,POWER,not_selected_for_target,,absence_from_expert_target_workbook,108,21,2022,CREDIT-39CF8F32A6CF,1340,,True,1
SRC-RAW-123F145D611A9471D49A,POWER,not_selected_for_target,,absence_from_expert_target_workbook,109,21,2022,CREDIT-2D1D4E047BD0,2921,,True,4
SRC-RAW-618DC6DB267DE3EA6A29,POWER,not_selected_for_target,,absence_from_expert_target_workbook,110,21,2022,CREDIT-DAF2A79A62ED,2662,,True,8
SRC-RAW-2656CDF99BDB8A2F5140,POWER,not_selected_for_target,,absence_from_expert_target_workbook,111,21,2022,CREDIT-05C4B95433B7,2740,,True,1
SRC-RAW-6C5DC020A229F7BBD6D9,POWER,not_selected_for_target,,absence_from_expert_target_workbook,112,22,2022,CREDIT-05C4B95433B7,2740,,True,1
SRC-RAW-A9D1F56646051F91DCBF,POWER,not_selected_for_target,,absence_from_expert_target_workbook,113,21,2022,CREDIT-70F49BED00C3,2012,,True,1
SRC-RAW-EA6780572AE307FD1150,POWER,not_selected_for_target,,absence_from_expert_target_workbook,114,21,2022,CREDIT-5615469EC561,2681,,True,0
SRC-RAW-A022F2BD6A4A255EB4FB,POWER,not_selected_for_target,,absence_from_expert_target_workbook,115,21,2022,CREDIT-A56138E6B838,2720,,True,0
SRC-RAW-18FF222B6E0BF1CA1301,POWER,not_selected_for_target,,absence_from_expert_target_workbook,116,21,2022,CREDIT-A7F3BB197798,2710,,True,6
SRC-RAW-0EF8DA82CE4CEF4F06DD,POWER,not_selected_for_target,,absence_from_expert_target_workbook,117,21,2022,CREDIT-CE11828AEE9B,2682,,True,2
SRC-RAW-BF8FABB62BF404DE7259,POWER,not_selected_for_target,,absence_from_expert_target_workbook,118,21,2022,CREDIT-011567E998D1,1373,,True,1
SRC-RAW-540D3BE028596D6D2C0F,POWER,not_selected_for_target,,absence_from_expert_target_workbook,119,21,2022,CREDIT-4CC02B1FAB30,2929,,True,0
SRC-RAW-58FC39D7854046557A4C,POWER,not_selected_for_target,,absence_from_expert_target_workbook,120,21,2022,CREDIT-FFF7C7131E5F,1819,,True,0
SRC-RAW-8724CD7A155F6E689E0B,POWER,not_selected_for_target,,absence_from_expert_target_workbook,121,11,2022,CREDIT-2CB54D4BBA42,4417,燃生物质锅炉,True,0
SRC-RAW-D0FA0B354D129D160FEA,POWER,not_selected_for_target,,absence_from_expert_target_workbook,122,110,2022,CREDIT-2CB54D4BBA42,4417,燃生物质锅炉,True,0
SRC-RAW-5E2480B96D27FDAA14BA,POWER,not_selected_for_target,,absence_from_expert_target_workbook,123,111,2022,CREDIT-2CB54D4BBA42,4417,燃生物质锅炉,True,0
SRC-RAW-2BD4F735D1FE8BDC19EE,POWER,not_selected_for_target,,absence_from_expert_target_workbook,124,112,2022,CREDIT-2CB54D4BBA42,4417,燃生物质锅炉,True,0
SRC-RAW-C0CDFE30D1C4CA4AC490,POWER,not_selected_for_target,,absence_from_expert_target_workbook,125,113,2022,CREDIT-2CB54D4BBA42,4417,燃生物质锅炉,True,0
SRC-RAW-F8DD7BB6CEE5A0A563A0,POWER,not_selected_for_target,,absence_from_expert_target_workbook,126,114,2022,CREDIT-2CB54D4BBA42,4417,燃生物质锅炉,True,0
SRC-RAW-1E9D2B30C25510BF9D34,POWER,not_selected_for_target,,absence_from_expert_target_workbook,127,12,2022,CREDIT-2CB54D4BBA42,4417,燃生物质锅炉,True,0
SRC-RAW-37DFB694F6128AD3E594,POWER,not_selected_for_target,,absence_from_expert_target_workbook,128,13,2022,CREDIT-2CB54D4BBA42,4417,燃生物质锅炉,True,0
SRC-RAW-4414E44B9B488F8A1F23,POWER,not_selected_for_target,,absence_from_expert_target_workbook,129,14,2022,CREDIT-2CB54D4BBA42,4417,燃生物质锅炉,True,0
SRC-RAW-AD939A0A3FC4B10D4A45,POWER,not_selected_for_target,,absence_from_expert_target_workbook,130,15,2022,CREDIT-2CB54D4BBA42,4417,燃生物质锅炉,True,0
SRC-RAW-9333EFD280B6C08BFD80,POWER,not_selected_for_target,,absence_from_expert_target_workbook,131,16,2022,CREDIT-2CB54D4BBA42,4417,燃生物质锅炉,True,0
SRC-RAW-9892EEEE9A027BC9A6FF,POWER,not_selected_for_target,,absence_from_expert_target_workbook,132,17,2022,CREDIT-2CB54D4BBA42,4417,燃生物质锅炉,True,0
SRC-RAW-DED90710876A147F754A,POWER,not_selected_for_target,,absence_from_expert_target_workbook,133,18,2022,CREDIT-2CB54D4BBA42,4417,燃生物质锅炉,True,0
SRC-RAW-320F4C80ED06134E6FEC,POWER,not_selected_for_target,,absence_from_expert_target_workbook,134,19,2022,CREDIT-2CB54D4BBA42,4417,燃生物质锅炉,True,0
SRC-RAW-45020F60C16ED84AEED8,POWER,not_selected_for_target,,absence_from_expert_target_workbook,135,21,2022,CREDIT-1C790728F44B,2239,,True,1
SRC-RAW-698D09EA3B5F450A33A3,POWER,include,14,canonical_expert_scope_order,136,11,2022,CREDIT-A626EB544A88,4417,燃气轮机,True,6
SRC-RAW-57B52A7DA5E3A5C54060,POWER,include,15,canonical_expert_scope_order,137,12,2022,CREDIT-A626EB544A88,4417,燃气轮机,True,6
SRC-RAW-683EFB2F598CB9C866AB,POWER,include,16,canonical_expert_scope_order,138,13,2022,CREDIT-A626EB544A88,4417,燃气轮机,True,6
SRC-RAW-F3485BD6D320C2A09BE6,POWER,include,17,canonical_expert_scope_order,139,14,2022,CREDIT-A626EB544A88,4417,燃气轮机,True,6
SRC-RAW-D982DD67754FC071CC1A,POWER,include,18,canonical_expert_scope_order,140,15,2022,CREDIT-A626EB544A88,4417,燃气轮机,True,6
SRC-RAW-671678E0A96BE0890CC6,POWER,include,19,canonical_expert_scope_order,141,16,2022,CREDIT-A626EB544A88,4417,燃气轮机,True,6
SRC-RAW-4E3CC01E5283D723B228,POWER,not_selected_for_target,,absence_from_expert_target_workbook,142,11,2022,CREDIT-CBE9EE0BB337,4417,燃生物质锅炉,True,15
SRC-RAW-CDE371BB8A624BDEF041,POWER,not_selected_for_target,,absence_from_expert_target_workbook,143,12,2022,CREDIT-CBE9EE0BB337,4417,燃生物质锅炉,True,15
SRC-RAW-7F8E4BAAF4CFD42E5AC1,POWER,not_selected_for_target,,absence_from_expert_target_workbook,144,13,2022,CREDIT-CBE9EE0BB337,4417,燃生物质锅炉,True,15
SRC-RAW-0F78070620303CB1FC66,POWER,not_selected_for_target,,absence_from_expert_target_workbook,145,14,2022,CREDIT-CBE9EE0BB337,4417,燃生物质锅炉,True,15
SRC-RAW-08B2C44FC36AD162FE1C,POWER,not_selected_for_target,,absence_from_expert_target_workbook,146,15,2022,CREDIT-CBE9EE0BB337,4417,燃生物质锅炉,True,15
SRC-RAW-4A9E2175DBCF0E0E0ABA,POWER,not_selected_for_target,,absence_from_expert_target_workbook,147,21,2022,CREDIT-880B4923F624,1499,,True,0
SRC-RAW-F8626FE535EFA21AF9BD,POWER,not_selected_for_target,,absence_from_expert_target_workbook,148,21,2022,CREDIT-173AEAF3B77C,1779,,True,0
SRC-RAW-E24C304E88061960C228,POWER,not_selected_for_target,,absence_from_expert_target_workbook,149,21,2022,CREDIT-44CEAD46AA56,3971,,True,5
SRC-RAW-1F3715E00926D5B73FE2,POWER,not_selected_for_target,,absence_from_expert_target_workbook,150,22,2022,CREDIT-44CEAD46AA56,3971,,True,5
SRC-RAW-D50AE6E6E9398B33F82A,POWER,not_selected_for_target,,absence_from_expert_target_workbook,151,23,2022,CREDIT-44CEAD46AA56,3971,,True,5
SRC-RAW-299422AFAEF6502B69CA,POWER,not_selected_for_target,,absence_from_expert_target_workbook,152,24,2022,CREDIT-44CEAD46AA56,3971,,True,5
SRC-RAW-B38F012F09F732E5FE4F,POWER,not_selected_for_target,,absence_from_expert_target_workbook,153,25,2022,CREDIT-44CEAD46AA56,3971,,True,5
SRC-RAW-7ED9A502BB20460932A2,POWER,not_selected_for_target,,absence_from_expert_target_workbook,154,26,2022,CREDIT-44CEAD46AA56,3971,,True,5
SRC-RAW-1FE9390AB19C341D5C2A,POWER,not_selected_for_target,,absence_from_expert_target_workbook,155,27,2022,CREDIT-44CEAD46AA56,3971,,True,5
SRC-RAW-105242BB323985ABB081,POWER,not_selected_for_target,,absence_from_expert_target_workbook,156,21,2022,CREDIT-3EE74044EA42,2921,,True,3
SRC-RAW-565B6B41BC908B0B7EDC,POWER,include,20,canonical_expert_scope_order,157,11,2022,CREDIT-073B8555D708,4411,燃气轮机,True,2
SRC-RAW-AF8FE584303AB198DDED,POWER,include,21,canonical_expert_scope_order,158,12,2022,CREDIT-073B8555D708,4411,燃气轮机,True,2
SRC-RAW-F0371188AC825A39BE2D,POWER,not_selected_for_target,,absence_from_expert_target_workbook,159,21,2022,CREDIT-E4E201EE1E7E,2740,,True,0
SRC-RAW-B8510A104767F52727BA,POWER,include,22,canonical_expert_scope_order,160,11,2022,CREDIT-77FA34A04C08,4412,燃煤锅炉,True,5
SRC-RAW-9AFF69BBAFECE52DAA67,POWER,include,23,canonical_expert_scope_order,161,12,2022,CREDIT-77FA34A04C08,4412,燃煤锅炉,True,5
SRC-RAW-F46B43F517F0E17A0B11,POWER,not_selected_for_target,,absence_from_expert_target_workbook,162,21,2022,CREDIT-925BFB037957,2762,,True,1
SRC-RAW-B567E61290BDEF590E9C,POWER,not_selected_for_target,,absence_from_expert_target_workbook,163,21,2022,CREDIT-F89650B2D5B1,2682,,True,0
SRC-RAW-F00AB193594FF6AD2DF4,POWER,not_selected_for_target,,absence_from_expert_target_workbook,164,22,2022,CREDIT-F89650B2D5B1,2682,,True,0
SRC-RAW-151442F52F3793299450,POWER,not_selected_for_target,,absence_from_expert_target_workbook,165,11,2022,CREDIT-252339A3C97E,4417,燃生物质锅炉,True,11
SRC-RAW-13B7FAA548A4568DB8AA,POWER,not_selected_for_target,,absence_from_expert_target_workbook,166,110,2022,CREDIT-252339A3C97E,4417,燃生物质锅炉,True,11
SRC-RAW-A3283FAE1DFFCE2CE61D,POWER,not_selected_for_target,,absence_from_expert_target_workbook,167,111,2022,CREDIT-252339A3C97E,4417,燃生物质锅炉,True,11
SRC-RAW-DF6B46F9B986212241D0,POWER,not_selected_for_target,,absence_from_expert_target_workbook,168,12,2022,CREDIT-252339A3C97E,4417,燃生物质锅炉,True,11
SRC-RAW-3D0BE46431E9CDC410C1,POWER,not_selected_for_target,,absence_from_expert_target_workbook,169,13,2022,CREDIT-252339A3C97E,4417,燃生物质锅炉,True,11
SRC-RAW-48E7300B7D9AAC424043,POWER,not_selected_for_target,,absence_from_expert_target_workbook,170,14,2022,CREDIT-252339A3C97E,4417,燃生物质锅炉,True,11
SRC-RAW-EF92558CC7D18BEB8A1E,POWER,not_selected_for_target,,absence_from_expert_target_workbook,171,15,2022,CREDIT-252339A3C97E,4417,燃生物质锅炉,True,11
SRC-RAW-EE3D1D8DCB1D25336809,POWER,not_selected_for_target,,absence_from_expert_target_workbook,172,16,2022,CREDIT-252339A3C97E,4417,燃生物质锅炉,True,11
SRC-RAW-0249A5BFBA1950F087DA,POWER,not_selected_for_target,,absence_from_expert_target_workbook,173,17,2022,CREDIT-252339A3C97E,4417,燃生物质锅炉,True,11
SRC-RAW-3A71FBF7152CB528F578,POWER,not_selected_for_target,,absence_from_expert_target_workbook,174,18,2022,CREDIT-252339A3C97E,4417,燃生物质锅炉,True,11
SRC-RAW-A2CDC215BF83122A3A9B,POWER,not_selected_for_target,,absence_from_expert_target_workbook,175,19,2022,CREDIT-252339A3C97E,4417,燃生物质锅炉,True,11
SRC-RAW-B4BC1019B13822BA6B72,POWER,not_selected_for_target,,absence_from_expert_target_workbook,176,21,2022,CREDIT-77156CF4ABB7,4412,,True,0
SRC-RAW-5238E12257269D82DD85,POWER,not_selected_for_target,,absence_from_expert_target_workbook,177,21,2022,CREDIT-EE9B85881741,3990,,True,7
SRC-RAW-8E1D0671FFF85D4A6318,POWER,not_selected_for_target,,absence_from_expert_target_workbook,178,22,2022,CREDIT-EE9B85881741,3990,,True,7
SRC-RAW-71799BC3A9508FFDCDC0,POWER,not_selected_for_target,,absence_from_expert_target_workbook,179,21,2022,CREDIT-B18096812C6C,2720,,True,1
SRC-RAW-0282ADDBE4497695C9AD,POWER,not_selected_for_target,,absence_from_expert_target_workbook,180,21,2022,CREDIT-BB10C65061CA,1521,,True,1
SRC-RAW-291BF573E1739C0BC3C5,POWER,not_selected_for_target,,absence_from_expert_target_workbook,181,22,2022,CREDIT-BB10C65061CA,1521,,True,1
SRC-RAW-308A0403BAB78A56EA33,POWER,not_selected_for_target,,absence_from_expert_target_workbook,182,21,2022,CREDIT-969021BF7A3F,2740,,True,7
SRC-RAW-A6848C74FC65EE489B9D,POWER,not_selected_for_target,,absence_from_expert_target_workbook,183,21,2022,CREDIT-C3619CF09F40,2720,,True,0
SRC-RAW-0ACB0DE8BF041F9ACDD5,POWER,not_selected_for_target,,absence_from_expert_target_workbook,184,22,2022,CREDIT-C3619CF09F40,2720,,True,0
SRC-RAW-91701A54C6EFDC3CFC13,POWER,not_selected_for_target,,absence_from_expert_target_workbook,185,23,2022,CREDIT-C3619CF09F40,2720,,True,0
SRC-RAW-7A069FAAB665D491EF11,POWER,not_selected_for_target,,absence_from_expert_target_workbook,186,24,2022,CREDIT-C3619CF09F40,2720,,True,0
SRC-RAW-D53E856DB7171639CBBF,POWER,not_selected_for_target,,absence_from_expert_target_workbook,187,25,2022,CREDIT-C3619CF09F40,2720,,True,0
SRC-RAW-10C601149B4B00D90918,POWER,not_selected_for_target,,absence_from_expert_target_workbook,188,26,2022,CREDIT-C3619CF09F40,2720,,True,0
SRC-RAW-1987D19CF6A1652B3042,POWER,not_selected_for_target,,absence_from_expert_target_workbook,189,27,2022,CREDIT-C3619CF09F40,2720,,True,0
SRC-RAW-E8DE6FFAEC1E7854E05D,POWER,not_selected_for_target,,absence_from_expert_target_workbook,190,21,2022,CREDIT-965DA4805C11,1781,,True,9
SRC-RAW-84B8E79CDB1AD6C9CEBC,POWER,not_selected_for_target,,absence_from_expert_target_workbook,191,22,2022,CREDIT-965DA4805C11,1781,,True,9
SRC-RAW-1720BA3CBD730F2A79B9,POWER,not_selected_for_target,,absence_from_expert_target_workbook,192,23,2022,CREDIT-965DA4805C11,1781,,True,9
SRC-RAW-5385BF8648A32B3653FE,POWER,not_selected_for_target,,absence_from_expert_target_workbook,193,21,2022,CREDIT-FB9EE6697772,2511,,True,0
SRC-RAW-4742C738BE849F00A30F,POWER,not_selected_for_target,,absence_from_expert_target_workbook,194,21,2022,CREDIT-A3718C2A71BD,3985,,True,4
SRC-RAW-B41599458F9735478A75,POWER,not_selected_for_target,,absence_from_expert_target_workbook,195,210,2022,CREDIT-A3718C2A71BD,3985,,True,4
SRC-RAW-AC8AB8AC121C5B699C08,POWER,not_selected_for_target,,absence_from_expert_target_workbook,196,211,2022,CREDIT-A3718C2A71BD,3985,,True,4
SRC-RAW-6A368D9E616A355106AA,POWER,not_selected_for_target,,absence_from_expert_target_workbook,197,212,2022,CREDIT-A3718C2A71BD,3985,,True,4
SRC-RAW-D6B50819994143B9FCCE,POWER,not_selected_for_target,,absence_from_expert_target_workbook,198,213,2022,CREDIT-A3718C2A71BD,3985,,True,4
SRC-RAW-D6D745C27A4594BA69B2,POWER,not_selected_for_target,,absence_from_expert_target_workbook,199,214,2022,CREDIT-A3718C2A71BD,3985,,True,4
SRC-RAW-C1418AE4986BBF09B169,POWER,not_selected_for_target,,absence_from_expert_target_workbook,200,215,2022,CREDIT-A3718C2A71BD,3985,,True,4
SRC-RAW-F5FE93E4A6BC51C04FF2,POWER,not_selected_for_target,,absence_from_expert_target_workbook,201,22,2022,CREDIT-A3718C2A71BD,3985,,True,4
SRC-RAW-28530B69F070A91BFE81,POWER,not_selected_for_target,,absence_from_expert_target_workbook,202,23,2022,CREDIT-A3718C2A71BD,3985,,True,4
SRC-RAW-383540947304FD6D3F5B,POWER,not_selected_for_target,,absence_from_expert_target_workbook,203,24,2022,CREDIT-A3718C2A71BD,3985,,True,4
SRC-RAW-8479E32CEAABC263D59F,POWER,not_selected_for_target,,absence_from_expert_target_workbook,204,25,2022,CREDIT-A3718C2A71BD,3985,,True,4
SRC-RAW-08398D94843DC74C86F1,POWER,not_selected_for_target,,absence_from_expert_target_workbook,205,26,2022,CREDIT-A3718C2A71BD,3985,,True,4
SRC-RAW-E04B90EC27888B456DA0,POWER,not_selected_for_target,,absence_from_expert_target_workbook,206,27,2022,CREDIT-A3718C2A71BD,3985,,True,4
SRC-RAW-DDAA68662DD7E610E205,POWER,not_selected_for_target,,absence_from_expert_target_workbook,207,28,2022,CREDIT-A3718C2A71BD,3985,,True,4
SRC-RAW-939CC01627B574D991C4,POWER,not_selected_for_target,,absence_from_expert_target_workbook,208,29,2022,CREDIT-A3718C2A71BD,3985,,True,4
SRC-RAW-11399DEA50E5941560F1,POWER,not_selected_for_target,,absence_from_expert_target_workbook,209,21,2022,CREDIT-983826AD8DED,2689,,True,1
SRC-RAW-22420C7233215EBDD1C0,POWER,not_selected_for_target,,absence_from_expert_target_workbook,210,21,2022,CREDIT-C7FB7171CEE2,2740,,True,0
SRC-RAW-00B3E5775BFA2C4EC324,POWER,not_selected_for_target,,absence_from_expert_target_workbook,211,21,2022,CREDIT-14A6EC4CD34D,2740,,True,2
SRC-RAW-F0A989B7CD819439D7DD,POWER,not_selected_for_target,,absence_from_expert_target_workbook,212,21,2022,CREDIT-26AB6FA5A974,3990,,True,5
SRC-RAW-BE6A4D857D77E1F9E786,POWER,not_selected_for_target,,absence_from_expert_target_workbook,213,22,2022,CREDIT-26AB6FA5A974,3990,,True,5
SRC-RAW-46902E51A5AB2739DF5C,POWER,not_selected_for_target,,absence_from_expert_target_workbook,214,21,2022,CREDIT-2265C75E5060,1495,,True,0
SRC-RAW-81C271000D40F188D3C2,POWER,not_selected_for_target,,absence_from_expert_target_workbook,215,21,2022,CREDIT-01231AD73A81,1399,,True,0
SRC-RAW-892FFB8F931A692ED8E8,POWER,not_selected_for_target,,absence_from_expert_target_workbook,216,21,2022,CREDIT-7EB43DC164A5,2720,,True,5
SRC-RAW-E7ED3970081AD667EBE2,POWER,not_selected_for_target,,absence_from_expert_target_workbook,217,22,2022,CREDIT-7EB43DC164A5,2720,,True,5
SRC-RAW-7FA2B46F6A90DECBB722,POWER,not_selected_for_target,,absence_from_expert_target_workbook,218,21,2022,CREDIT-9E4AF4C58D4E,2682,,True,1
SRC-RAW-E012C40BCD2A49BE820E,POWER,not_selected_for_target,,absence_from_expert_target_workbook,219,21,2022,CREDIT-99805118CE08,2669,,True,2
SRC-RAW-431F0D01FFE9B65F6868,POWER,not_selected_for_target,,absence_from_expert_target_workbook,220,22,2022,CREDIT-99805118CE08,2669,,True,2
SRC-RAW-6D248ED745AC1FCD8CA2,POWER,not_selected_for_target,,absence_from_expert_target_workbook,221,21,2022,CREDIT-299E28121709,3611,,True,16
SRC-RAW-F89F40B64DF2F0AADAAE,POWER,not_selected_for_target,,absence_from_expert_target_workbook,222,22,2022,CREDIT-299E28121709,3611,,True,16
SRC-RAW-BA4CF56C1FBA1D9FB8D9,POWER,not_selected_for_target,,absence_from_expert_target_workbook,223,23,2022,CREDIT-299E28121709,3611,,True,16
SRC-RAW-AA3A22068EEC486B06F9,POWER,not_selected_for_target,,absence_from_expert_target_workbook,224,24,2022,CREDIT-299E28121709,3611,,True,16
SRC-RAW-6F566A27ACF9713A29D7,POWER,not_selected_for_target,,absence_from_expert_target_workbook,225,25,2022,CREDIT-299E28121709,3611,,True,16
SRC-RAW-568ECBFD3F74B609B4D5,POWER,not_selected_for_target,,absence_from_expert_target_workbook,226,21,2022,CREDIT-63051530EC20,2684,,True,2
SRC-RAW-DAE4AD618B6853442448,POWER,not_selected_for_target,,absence_from_expert_target_workbook,227,22,2022,CREDIT-63051530EC20,2684,,True,2
SRC-RAW-07057DB0E9D3E4F6288D,POWER,not_selected_for_target,,absence_from_expert_target_workbook,228,21,2022,CREDIT-EAB804D463E5,2761,,True,0
SRC-RAW-15E834FDA8734D957340,POWER,not_selected_for_target,,absence_from_expert_target_workbook,229,21,2022,CREDIT-C71492648C1D,1432,,True,0
SRC-RAW-EEFB04F6C28F9A63B73F,POWER,not_selected_for_target,,absence_from_expert_target_workbook,230,22,2022,CREDIT-C71492648C1D,1432,,True,0
SRC-RAW-632247B6A0FAA470D9B0,POWER,not_selected_for_target,,absence_from_expert_target_workbook,231,21,2022,CREDIT-B193E71E8DD0,2921,,True,12
SRC-RAW-B8F0D0A4A0C80560A841,POWER,not_selected_for_target,,absence_from_expert_target_workbook,232,22,2022,CREDIT-B193E71E8DD0,2921,,True,12
SRC-RAW-6E8C0A90C33FF4EF9F62,POWER,not_selected_for_target,,absence_from_expert_target_workbook,233,23,2022,CREDIT-B193E71E8DD0,2921,,True,12
SRC-RAW-0D9DD3060792EFD6DCC9,POWER,not_selected_for_target,,absence_from_expert_target_workbook,234,21,2022,CREDIT-0A9976E116E6,2641,,True,3
SRC-RAW-FF1045ABC23B668A936E,POWER,include,24,canonical_expert_scope_order,235,11,2022,CREDIT-0FED1ABF7AD4,2511,燃煤锅炉,True,8
SRC-RAW-75592E83770CD2701D5A,POWER,include,25,canonical_expert_scope_order,236,12,2022,CREDIT-0FED1ABF7AD4,2511,燃煤锅炉,True,8
SRC-RAW-75DF4E6BB41F91F299F2,POWER,include,26,canonical_expert_scope_order,237,13,2022,CREDIT-0FED1ABF7AD4,2511,燃煤锅炉,True,8
SRC-RAW-9D59E477248611165BB7,POWER,include,27,canonical_expert_scope_order,238,14,2022,CREDIT-0FED1ABF7AD4,2511,燃煤锅炉,True,8
SRC-RAW-F8CCF3C333E3B546FBB1,POWER,not_selected_for_target,,absence_from_expert_target_workbook,239,21,2022,CREDIT-86C60127E743,2669,,True,4
SRC-RAW-C563143C6BA0677A4584,POWER,not_selected_for_target,,absence_from_expert_target_workbook,240,21,2022,CREDIT-58C0C134F378,3821,,True,0
SRC-RAW-520D0DA88C527F9B5A52,POWER,not_selected_for_target,,absence_from_expert_target_workbook,241,21,2022,CREDIT-7ABB64C724A4,2681,,True,3
SRC-RAW-81733743F341489CC94D,POWER,not_selected_for_target,,absence_from_expert_target_workbook,242,21,2022,CREDIT-19B779DC7FE4,1491,,True,2
SRC-RAW-6ED484F333A78A6E17D7,POWER,not_selected_for_target,,absence_from_expert_target_workbook,243,22,2022,CREDIT-19B779DC7FE4,1491,,True,2
SRC-RAW-52E6AB81D3D5DDFC35C9,POWER,not_selected_for_target,,absence_from_expert_target_workbook,244,21,2022,CREDIT-04BD0598FABD,2929,,True,2
SRC-RAW-AE4483B53853427BBF64,POWER,not_selected_for_target,,absence_from_expert_target_workbook,245,21,2022,CREDIT-1F90696E260B,2641,,True,6
SRC-RAW-0ACE277EB66C951C8826,POWER,not_selected_for_target,,absence_from_expert_target_workbook,246,21,2022,CREDIT-F5863BBC8A5D,1371,,True,0
SRC-RAW-3B0CC6CFB63A85382060,POWER,not_selected_for_target,,absence_from_expert_target_workbook,247,22,2022,CREDIT-F5863BBC8A5D,1371,,True,0
SRC-RAW-BE190F141F95DFFD2919,POWER,not_selected_for_target,,absence_from_expert_target_workbook,248,21,2022,CREDIT-D8267C0945A4,3120,,True,31
SRC-RAW-D88EEA837138C9F47D15,POWER,not_selected_for_target,,absence_from_expert_target_workbook,249,22,2022,CREDIT-D8267C0945A4,3120,,True,31
SRC-RAW-564588A54363D164F11E,POWER,not_selected_for_target,,absence_from_expert_target_workbook,250,21,2022,CREDIT-5F34D8184CBD,2912,,True,6
SRC-RAW-7DA6877C466516CACACB,POWER,not_selected_for_target,,absence_from_expert_target_workbook,251,21,2022,CREDIT-702E7A400CE8,2662,,True,1
SRC-RAW-06ACA4897D5C1B213C7E,POWER,not_selected_for_target,,absence_from_expert_target_workbook,252,21,2022,CREDIT-044CF5B9803D,3982,,True,5
SRC-RAW-82A69BFE33CB1705DF62,POWER,not_selected_for_target,,absence_from_expert_target_workbook,253,22,2022,CREDIT-044CF5B9803D,3982,,True,5
SRC-RAW-435779FD467D2F558412,POWER,not_selected_for_target,,absence_from_expert_target_workbook,254,21,2022,CREDIT-B9197C61A293,3982,,True,5
SRC-RAW-22ABF22D4401678A23CB,POWER,not_selected_for_target,,absence_from_expert_target_workbook,255,22,2022,CREDIT-B9197C61A293,3982,,True,5
SRC-RAW-F14C8729924567AB0F79,POWER,not_selected_for_target,,absence_from_expert_target_workbook,256,23,2022,CREDIT-B9197C61A293,3982,,True,5
SRC-RAW-05EA0D754E75A0C93D42,POWER,not_selected_for_target,,absence_from_expert_target_workbook,257,21,2022,CREDIT-EDFD67963E49,2651,,True,2
SRC-RAW-4B6193068FF120D1A073,POWER,not_selected_for_target,,absence_from_expert_target_workbook,258,21,2022,CREDIT-CED0FE88A489,1469,,True,0
SRC-RAW-78DE6F8D931CE3FC7373,POWER,not_selected_for_target,,absence_from_expert_target_workbook,259,21,2022,CREDIT-2445CD455CCD,1713,,True,1
SRC-RAW-0A1512BE9045E69C1C52,POWER,not_selected_for_target,,absence_from_expert_target_workbook,260,22,2022,CREDIT-2445CD455CCD,1713,,True,1
SRC-RAW-0A3A1C44E8E4D545AC29,POWER,not_selected_for_target,,absence_from_expert_target_workbook,261,23,2022,CREDIT-2445CD455CCD,1713,,True,1
SRC-RAW-4615F54F4CDDC98E3118,POWER,not_selected_for_target,,absence_from_expert_target_workbook,262,21,2022,CREDIT-9C45F7DD89C7,2689,,True,1
SRC-RAW-50E18E2CEE223362ED95,POWER,not_selected_for_target,,absence_from_expert_target_workbook,263,21,2022,CREDIT-1F1016378069,2669,,True,0
SRC-RAW-1006B460896F547099A5,POWER,not_selected_for_target,,absence_from_expert_target_workbook,264,21,2022,CREDIT-D1FC33A2636C,3360,,True,1
SRC-RAW-08260629595CDE0A6929,POWER,not_selected_for_target,,absence_from_expert_target_workbook,265,21,2022,CREDIT-E14C4B92A6DE,1331,,True,4
SRC-RAW-48DA7646347B83E35DA3,POWER,not_selected_for_target,,absence_from_expert_target_workbook,266,22,2022,CREDIT-E14C4B92A6DE,1331,,True,4
SRC-RAW-DFD605BF9866EB0D04AB,POWER,not_selected_for_target,,absence_from_expert_target_workbook,267,23,2022,CREDIT-E14C4B92A6DE,1331,,True,4
SRC-RAW-159D7A95FDEA420F5C93,POWER,not_selected_for_target,,absence_from_expert_target_workbook,268,21,2022,CREDIT-F331B81B0743,2720,,True,0
SRC-RAW-0C0075C0AA2F3B578374,POWER,not_selected_for_target,,absence_from_expert_target_workbook,269,21,2022,CREDIT-E3DDA80829DD,2720,,True,5
SRC-RAW-8BC823855308A22EBFFB,POWER,not_selected_for_target,,absence_from_expert_target_workbook,270,22,2022,CREDIT-E3DDA80829DD,2720,,True,5
SRC-RAW-CEC3430E60D6C42FE42C,POWER,not_selected_for_target,,absence_from_expert_target_workbook,271,21,2022,CREDIT-22E0833C2BA4,4512,,True,0
SRC-RAW-D24A9B1EE1D43E6548C4,POWER,not_selected_for_target,,absence_from_expert_target_workbook,272,22,2022,CREDIT-22E0833C2BA4,4512,,True,0
SRC-RAW-758BC821EC0762F91F62,POWER,not_selected_for_target,,absence_from_expert_target_workbook,273,23,2022,CREDIT-22E0833C2BA4,4512,,True,0
SRC-RAW-767C9D31AB518D83A1A4,POWER,not_selected_for_target,,absence_from_expert_target_workbook,274,24,2022,CREDIT-22E0833C2BA4,4512,,True,0
SRC-RAW-CE36439D36BEA0E668D6,POWER,not_selected_for_target,,absence_from_expert_target_workbook,275,25,2022,CREDIT-22E0833C2BA4,4512,,True,0
SRC-RAW-FFC31481B1D1C1EF1071,POWER,not_selected_for_target,,absence_from_expert_target_workbook,276,26,2022,CREDIT-22E0833C2BA4,4512,,True,0
SRC-RAW-08428D099C43E7BCB78A,POWER,not_selected_for_target,,absence_from_expert_target_workbook,277,27,2022,CREDIT-22E0833C2BA4,4512,,True,0
SRC-RAW-B9C3830CBAF65E242030,POWER,not_selected_for_target,,absence_from_expert_target_workbook,278,21,2022,CREDIT-43353C3CAD5A,1441,,True,0
SRC-RAW-6AD742CAFF52BE29592E,POWER,not_selected_for_target,,absence_from_expert_target_workbook,279,22,2022,CREDIT-43353C3CAD5A,1441,,True,0
SRC-RAW-55212FA9353DA419A877,POWER,not_selected_for_target,,absence_from_expert_target_workbook,280,21,2022,CREDIT-0A13C1CB2113,2681,,True,2
SRC-RAW-C4E7E8F8DBFE20599C8A,POWER,not_selected_for_target,,absence_from_expert_target_workbook,281,22,2022,CREDIT-0A13C1CB2113,2681,,True,2
SRC-RAW-3A966F6751381310DE95,POWER,include,28,canonical_expert_scope_order,282,11,2022,CREDIT-32EC7AA195C2,4412,燃煤锅炉,True,6
SRC-RAW-3E1F4674BE5DEDEDE380,POWER,include,29,canonical_expert_scope_order,283,12,2022,CREDIT-32EC7AA195C2,4412,燃煤锅炉,True,6
SRC-RAW-6EC3C899F61E7AE061D4,POWER,not_selected_for_target,,absence_from_expert_target_workbook,284,21,2022,CREDIT-CA6776D1C9A8,3670,,True,1
SRC-RAW-F2722D18F79CB94EF519,POWER,not_selected_for_target,,absence_from_expert_target_workbook,285,21,2022,CREDIT-4AFE58025EEC,3670,,True,4
SRC-RAW-0D4261F5C54B17A3B26E,POWER,not_selected_for_target,,absence_from_expert_target_workbook,286,21,2022,CREDIT-9D1EB2CE0A2E,1529,,True,9
SRC-RAW-54D4504761B4C5AB15B4,POWER,not_selected_for_target,,absence_from_expert_target_workbook,287,22,2022,CREDIT-9D1EB2CE0A2E,1529,,True,9
SRC-RAW-02B26EFD0FE80675CA89,POWER,not_selected_for_target,,absence_from_expert_target_workbook,288,21,2022,CREDIT-FE92B6B01846,2653,,True,1
SRC-RAW-BEBB4AC170C40D7FDAF6,POWER,not_selected_for_target,,absence_from_expert_target_workbook,289,22,2022,CREDIT-FE92B6B01846,2653,,True,1
SRC-RAW-BEAE602377156D20D6D8,POWER,not_selected_for_target,,absence_from_expert_target_workbook,290,23,2022,CREDIT-FE92B6B01846,2653,,True,1
SRC-RAW-17F0CE77DDF2DB73048F,POWER,not_selected_for_target,,absence_from_expert_target_workbook,291,21,2022,CREDIT-59AF572C1243,2913,,True,1
SRC-RAW-6AAABCE4184D20AE823E,POWER,include,30,canonical_expert_scope_order,292,11,2022,CREDIT-8897E814EC2C,4412,燃气锅炉,True,0
SRC-RAW-49FAFC022930C410AC9A,POWER,include,31,canonical_expert_scope_order,293,12,2022,CREDIT-8897E814EC2C,4412,燃气锅炉,True,0
SRC-RAW-A5C10163A3A9F991D0A0,POWER,not_selected_for_target,,absence_from_expert_target_workbook,294,21,2022,CREDIT-63906B3790B7,2669,,True,3
SRC-RAW-DD74F8769A014E101B7B,POWER,not_selected_for_target,,absence_from_expert_target_workbook,295,21,2022,CREDIT-67B8B4E25FB0,1331,,True,1
SRC-RAW-67BE15BA22C0E2F8A698,POWER,not_selected_for_target,,absence_from_expert_target_workbook,296,22,2022,CREDIT-67B8B4E25FB0,1331,,True,1
SRC-RAW-1F187D035FB430F59767,POWER,not_selected_for_target,,absence_from_expert_target_workbook,297,21,2022,CREDIT-2BFF1091D8BD,1495,,True,5
SRC-RAW-633F546392044417F128,POWER,not_selected_for_target,,absence_from_expert_target_workbook,298,21,2022,CREDIT-3BC4859302E8,2661,,True,0
SRC-RAW-76FD36A36D01FB7E35BB,POWER,not_selected_for_target,,absence_from_expert_target_workbook,299,21,2022,CREDIT-F5BC3FB0F0D6,3982,,True,2
SRC-RAW-71645BDEBF5AC7AEBD9C,POWER,not_selected_for_target,,absence_from_expert_target_workbook,300,22,2022,CREDIT-F5BC3FB0F0D6,3982,,True,2
SRC-RAW-2E33DBE3D63A2AFAAD55,POWER,not_selected_for_target,,absence_from_expert_target_workbook,301,23,2022,CREDIT-F5BC3FB0F0D6,3982,,True,2
SRC-RAW-C14CD5BE153825068214,POWER,not_selected_for_target,,absence_from_expert_target_workbook,302,24,2022,CREDIT-F5BC3FB0F0D6,3982,,True,2
SRC-RAW-E99737755E2A8754E368,POWER,not_selected_for_target,,absence_from_expert_target_workbook,303,21,2022,CREDIT-07263BABF029,2682,,True,0
SRC-RAW-86B36D6546C11D37FEA4,POWER,not_selected_for_target,,absence_from_expert_target_workbook,304,21,2022,CREDIT-8005F319315E,3990,,True,3
SRC-RAW-A03027053A32D7190D20,POWER,not_selected_for_target,,absence_from_expert_target_workbook,305,22,2022,CREDIT-8005F319315E,3990,,True,3
SRC-RAW-13DEBA74953C34DD6E03,POWER,not_selected_for_target,,absence_from_expert_target_workbook,306,23,2022,CREDIT-8005F319315E,3990,,True,3
SRC-RAW-DBCDA6C6DE46185B95C9,POWER,not_selected_for_target,,absence_from_expert_target_workbook,307,24,2022,CREDIT-8005F319315E,3990,,True,3
SRC-RAW-CE1C143B987F006A0F06,POWER,not_selected_for_target,,absence_from_expert_target_workbook,308,25,2022,CREDIT-8005F319315E,3990,,True,3
SRC-RAW-4F420B79A47B053BE6A6,POWER,not_selected_for_target,,absence_from_expert_target_workbook,309,26,2022,CREDIT-8005F319315E,3990,,True,3
SRC-RAW-552F300EC29AC59E6732,POWER,not_selected_for_target,,absence_from_expert_target_workbook,310,21,2022,CREDIT-ACCACF843BB5,3982,,True,5
SRC-RAW-238E4DFA2A29BEFC8733,POWER,not_selected_for_target,,absence_from_expert_target_workbook,311,22,2022,CREDIT-ACCACF843BB5,3982,,True,5
SRC-RAW-18E7D28FE5399B0D52D6,POWER,not_selected_for_target,,absence_from_expert_target_workbook,312,21,2022,CREDIT-3E82916A3509,3982,,True,3
SRC-RAW-BB8D037753CDD5DE8C92,POWER,not_selected_for_target,,absence_from_expert_target_workbook,313,22,2022,CREDIT-3E82916A3509,3982,,True,3
SRC-RAW-275E8083F57620D012F9,POWER,not_selected_for_target,,absence_from_expert_target_workbook,314,23,2022,CREDIT-3E82916A3509,3982,,True,3
SRC-RAW-F9E661A5FF5CB3CEEE97,POWER,not_selected_for_target,,absence_from_expert_target_workbook,315,24,2022,CREDIT-3E82916A3509,3982,,True,3
SRC-RAW-C69664DD5FAE87D7C188,POWER,not_selected_for_target,,absence_from_expert_target_workbook,316,25,2022,CREDIT-3E82916A3509,3982,,True,3
SRC-RAW-71844E41B6372C700EF4,POWER,not_selected_for_target,,absence_from_expert_target_workbook,317,26,2022,CREDIT-3E82916A3509,3982,,True,3
SRC-RAW-CF8CCA6FE11FCB28401E,POWER,not_selected_for_target,,absence_from_expert_target_workbook,318,21,2022,CREDIT-79F8C9927308,3985,,True,3
SRC-RAW-49CA25E3D701F22D0654,POWER,not_selected_for_target,,absence_from_expert_target_workbook,319,22,2022,CREDIT-79F8C9927308,3985,,True,3
SRC-RAW-EDB1FDACD9C204A0EC72,POWER,not_selected_for_target,,absence_from_expert_target_workbook,320,23,2022,CREDIT-79F8C9927308,3985,,True,3
SRC-RAW-F6144887D401A156D1CE,POWER,not_selected_for_target,,absence_from_expert_target_workbook,321,24,2022,CREDIT-79F8C9927308,3985,,True,3
SRC-RAW-CFD5D5C4D6FA738E4697,POWER,not_selected_for_target,,absence_from_expert_target_workbook,322,21,2022,CREDIT-F7B12810C2CE,1353,,True,0
SRC-RAW-B186521C22DFFE4D4E9E,POWER,not_selected_for_target,,absence_from_expert_target_workbook,323,21,2022,CREDIT-F33BF8E7B95C,2662,,True,1
SRC-RAW-B0ECC8DA63AA2B2D847E,POWER,not_selected_for_target,,absence_from_expert_target_workbook,324,11,2022,CREDIT-4A3B3E7E1D7E,4417,燃气轮机,True,0
SRC-RAW-9A7AD38C97EFBB860D96,POWER,not_selected_for_target,,absence_from_expert_target_workbook,325,12,2022,CREDIT-4A3B3E7E1D7E,4417,燃气轮机,True,0
SRC-RAW-E80B7DDD5E7ECF15F30E,POWER,not_selected_for_target,,absence_from_expert_target_workbook,326,21,2022,CREDIT-4A3B3E7E1D7E,4417,,True,0
SRC-RAW-63C74C970704DB13D46B,POWER,not_selected_for_target,,absence_from_expert_target_workbook,327,22,2022,CREDIT-4A3B3E7E1D7E,4417,,True,0
SRC-RAW-0BE9435BF40121D62373,POWER,not_selected_for_target,,absence_from_expert_target_workbook,328,23,2022,CREDIT-4A3B3E7E1D7E,4417,,True,0
SRC-RAW-98BEB71FB48F804B6285,POWER,not_selected_for_target,,absence_from_expert_target_workbook,329,21,2022,CREDIT-37DAF1EAA4F3,2740,,True,3
SRC-RAW-5926EA38F678A70918F4,POWER,not_selected_for_target,,absence_from_expert_target_workbook,330,21,2022,CREDIT-429D9BBAE071,2761,,True,2
SRC-RAW-618031788E02130B3A28,POWER,not_selected_for_target,,absence_from_expert_target_workbook,331,22,2022,CREDIT-429D9BBAE071,2761,,True,2
SRC-RAW-2320945DD69477D0CF90,POWER,not_selected_for_target,,absence_from_expert_target_workbook,332,21,2022,CREDIT-0105B67CEBF6,3974,,True,2
SRC-RAW-978ED58ED0C70E60ED17,POWER,not_selected_for_target,,absence_from_expert_target_workbook,333,210,2022,CREDIT-0105B67CEBF6,3974,,True,2
SRC-RAW-9FF988E77E0B9C49F17A,POWER,not_selected_for_target,,absence_from_expert_target_workbook,334,211,2022,CREDIT-0105B67CEBF6,3974,,True,2
SRC-RAW-91B9C23BD16760314E1C,POWER,not_selected_for_target,,absence_from_expert_target_workbook,335,22,2022,CREDIT-0105B67CEBF6,3974,,True,2
SRC-RAW-2C0CF73AA6AA2A206248,POWER,not_selected_for_target,,absence_from_expert_target_workbook,336,23,2022,CREDIT-0105B67CEBF6,3974,,True,2
SRC-RAW-CCE518507FE244F9AEB5,POWER,not_selected_for_target,,absence_from_expert_target_workbook,337,24,2022,CREDIT-0105B67CEBF6,3974,,True,2
SRC-RAW-96DF09F8C66A11AF1314,POWER,not_selected_for_target,,absence_from_expert_target_workbook,338,25,2022,CREDIT-0105B67CEBF6,3974,,True,2
SRC-RAW-E639FA11D6D1221B0E4A,POWER,not_selected_for_target,,absence_from_expert_target_workbook,339,26,2022,CREDIT-0105B67CEBF6,3974,,True,2
SRC-RAW-F8639FAF2AC69ADC1DBA,POWER,not_selected_for_target,,absence_from_expert_target_workbook,340,27,2022,CREDIT-0105B67CEBF6,3974,,True,2
SRC-RAW-535D6261F43143EE95FB,POWER,not_selected_for_target,,absence_from_expert_target_workbook,341,28,2022,CREDIT-0105B67CEBF6,3974,,True,2
SRC-RAW-3B79F03146DC5B840F33,POWER,not_selected_for_target,,absence_from_expert_target_workbook,342,29,2022,CREDIT-0105B67CEBF6,3974,,True,2
SRC-RAW-63F031CD40C62D3287CF,POWER,not_selected_for_target,,absence_from_expert_target_workbook,343,21,2022,CREDIT-CB796FFD83E3,3985,,True,7
SRC-RAW-58450D35A351E4D3BA79,POWER,not_selected_for_target,,absence_from_expert_target_workbook,344,22,2022,CREDIT-CB796FFD83E3,3985,,True,7
SRC-RAW-3A4E06FA1B7A556B7CB8,POWER,not_selected_for_target,,absence_from_expert_target_workbook,345,23,2022,CREDIT-CB796FFD83E3,3985,,True,7
SRC-RAW-F163B9965AA22CD5540D,POWER,not_selected_for_target,,absence_from_expert_target_workbook,346,24,2022,CREDIT-CB796FFD83E3,3985,,True,7
SRC-RAW-1FEC7206ABAB3EF40814,POWER,not_selected_for_target,,absence_from_expert_target_workbook,347,21,2022,CREDIT-BA7D9C895830,3031,,True,1
SRC-RAW-2459F9103DF97641BC02,POWER,not_selected_for_target,,absence_from_expert_target_workbook,348,21,2022,CREDIT-9565AD5664FE,1819,,True,0
SRC-RAW-96FC93F88DDDE704DF8D,POWER,not_selected_for_target,,absence_from_expert_target_workbook,349,21,2022,CREDIT-C2E1B30EF286,2740,,True,2
SRC-RAW-90B1496DEB7CDB8AEE5C,POWER,not_selected_for_target,,absence_from_expert_target_workbook,350,22,2022,CREDIT-C2E1B30EF286,2740,,True,2
SRC-RAW-13ED7524C325A0189BB6,POWER,not_selected_for_target,,absence_from_expert_target_workbook,351,23,2022,CREDIT-C2E1B30EF286,2740,,True,2
SRC-RAW-EDA1473CB007821F9C82,POWER,not_selected_for_target,,absence_from_expert_target_workbook,352,21,2022,CREDIT-66853841656A,2740,,True,0
SRC-RAW-4FE2CAE9832CD15E6EE9,POWER,not_selected_for_target,,absence_from_expert_target_workbook,353,22,2022,CREDIT-66853841656A,2740,,True,0
SRC-RAW-84C1AC1BD973EC46F7F1,POWER,not_selected_for_target,,absence_from_expert_target_workbook,354,21,2022,CREDIT-B94B7ECA0D93,1462,,True,0
SRC-RAW-D347BA1B0DE75B77BBA8,POWER,not_selected_for_target,,absence_from_expert_target_workbook,355,21,2022,CREDIT-3D04E7D65A91,3360,,True,6
SRC-RAW-332BE0BE03AB49E14B89,POWER,not_selected_for_target,,absence_from_expert_target_workbook,356,21,2022,CREDIT-0EE6EF3422CF,3031,,True,1
SRC-RAW-711C8648AB8A2EC91D99,POWER,not_selected_for_target,,absence_from_expert_target_workbook,357,21,2022,CREDIT-4BCFFF559A84,2662,,True,1
SRC-RAW-F45A19A240E4C3643982,POWER,not_selected_for_target,,absence_from_expert_target_workbook,358,21,2022,CREDIT-A760F0B3DBEA,2231,,True,1
SRC-RAW-B152217274B981D7682E,POWER,not_selected_for_target,,absence_from_expert_target_workbook,359,21,2022,CREDIT-FE287314A8C8,3333,,True,1
SRC-RAW-BFEAC697FD2CE8E3F517,POWER,not_selected_for_target,,absence_from_expert_target_workbook,360,21,2022,CREDIT-51CD6761A127,2239,,True,2
SRC-RAW-B61F9AC64DD15B149BA9,POWER,not_selected_for_target,,absence_from_expert_target_workbook,361,21,2022,CREDIT-CDB6D809BE60,3852,,True,9
SRC-RAW-AD2E38F41ECF099A4739,POWER,not_selected_for_target,,absence_from_expert_target_workbook,362,21,2022,CREDIT-3AADD712EFDA,3442,,True,12
SRC-RAW-650D20FA967C65B4AB81,POWER,not_selected_for_target,,absence_from_expert_target_workbook,363,21,2022,CREDIT-8DD1B9D15432,2330,,True,1
SRC-RAW-CB701FE9286B19093C1E,POWER,not_selected_for_target,,absence_from_expert_target_workbook,364,21,2022,CREDIT-4237D7C1D69E,2651,,True,3
SRC-RAW-4849C5A31989ED29C54B,POWER,not_selected_for_target,,absence_from_expert_target_workbook,365,22,2022,CREDIT-4237D7C1D69E,2651,,True,3
SRC-RAW-F69CE0CE3DF1042EFA17,POWER,not_selected_for_target,,absence_from_expert_target_workbook,366,21,2022,CREDIT-7A9A1BFD247C,1411,,True,0
SRC-RAW-6476C9F6275251228087,POWER,not_selected_for_target,,absence_from_expert_target_workbook,367,22,2022,CREDIT-7A9A1BFD247C,1411,,True,0
SRC-RAW-FE2EB3A96AEA4EF0D63E,POWER,not_selected_for_target,,absence_from_expert_target_workbook,368,21,2022,CREDIT-0A1DEFBDE7F4,2231,,True,1
SRC-RAW-EA1B499DF7D4367F2C45,POWER,not_selected_for_target,,absence_from_expert_target_workbook,369,21,2022,CREDIT-5BA478000C1A,3021,,True,1
SRC-RAW-156897D3BE86519B3306,POWER,not_selected_for_target,,absence_from_expert_target_workbook,370,21,2022,CREDIT-7FEDEA1332AD,2319,,True,2
SRC-RAW-9F0B4A336B520945D494,POWER,not_selected_for_target,,absence_from_expert_target_workbook,371,21,2022,CREDIT-11877FD15D94,1819,,True,0
SRC-RAW-6361C2A556DB970D0FFE,POWER,not_selected_for_target,,absence_from_expert_target_workbook,372,21,2022,CREDIT-0148258ED258,2681,,True,1
SRC-RAW-BDE8352DC7B2259B498B,POWER,not_selected_for_target,,absence_from_expert_target_workbook,373,21,2022,CREDIT-ABBF6AE38680,3360,,True,13
SRC-RAW-C378D60CF5EBDD3B0E22,POWER,not_selected_for_target,,absence_from_expert_target_workbook,374,21,2022,CREDIT-DA60BD964E01,1713,,True,0
SRC-RAW-0F570D283B4E7F26602C,POWER,not_selected_for_target,,absence_from_expert_target_workbook,375,22,2022,CREDIT-DA60BD964E01,1713,,True,0
SRC-RAW-09A43F56D934D609ECBA,POWER,not_selected_for_target,,absence_from_expert_target_workbook,376,21,2022,CREDIT-8AA153D05F01,1524,,True,1
SRC-RAW-BE410C173D1A5FDFE374,POWER,not_selected_for_target,,absence_from_expert_target_workbook,377,21,2022,CREDIT-7218A67B6BC6,3031,,True,3
SRC-RAW-9F8A569021FA334E2167,POWER,include,32,canonical_expert_scope_order,378,11,2022,CREDIT-2067ABEAC8D8,4412,燃气轮机,True,0
SRC-RAW-9B8229F8C1512374E339,POWER,include,33,canonical_expert_scope_order,379,12,2022,CREDIT-2067ABEAC8D8,4412,燃气轮机,True,0
SRC-RAW-C6611DA1B4E51C3602B7,POWER,include,34,canonical_expert_scope_order,380,11,2022,CREDIT-F0F63D24BA76,4412,燃气轮机,True,3
SRC-RAW-D713C44472675D27298D,POWER,include,35,canonical_expert_scope_order,381,12,2022,CREDIT-F0F63D24BA76,4412,燃气轮机,True,3
SRC-RAW-1D41752EE1388D13FF8E,POWER,include,36,canonical_expert_scope_order,382,13,2022,CREDIT-F0F63D24BA76,4412,燃气轮机,True,3
SRC-RAW-AC6DDEEFE86EADE6D011,POWER,not_selected_for_target,,absence_from_expert_target_workbook,383,21,2022,CREDIT-13086D4ABFAF,3611,,True,17
SRC-RAW-4E0ECEE6D539A1439EDD,POWER,not_selected_for_target,,absence_from_expert_target_workbook,384,22,2022,CREDIT-13086D4ABFAF,3611,,True,17
SRC-RAW-BD79F2DA1DDC0796162C,POWER,not_selected_for_target,,absence_from_expert_target_workbook,385,23,2022,CREDIT-13086D4ABFAF,3611,,True,17
SRC-RAW-9F4E34F5648F821E2F09,POWER,not_selected_for_target,,absence_from_expert_target_workbook,386,24,2022,CREDIT-13086D4ABFAF,3611,,True,17
SRC-RAW-9F787138A73237031C49,POWER,not_selected_for_target,,absence_from_expert_target_workbook,387,25,2022,CREDIT-13086D4ABFAF,3611,,True,17
SRC-RAW-B34F20C5C70175200556,POWER,not_selected_for_target,,absence_from_expert_target_workbook,388,26,2022,CREDIT-13086D4ABFAF,3611,,True,17
SRC-RAW-BC58AEC24BE46201A0AB,POWER,not_selected_for_target,,absence_from_expert_target_workbook,389,21,2022,CREDIT-C94BC3AD73C8,3352,,True,2
SRC-RAW-C987D33C42422706B4EA,POWER,not_selected_for_target,,absence_from_expert_target_workbook,390,22,2022,CREDIT-C94BC3AD73C8,3352,,True,2
SRC-RAW-8F02202CF2ED7A316213,POWER,not_selected_for_target,,absence_from_expert_target_workbook,391,23,2022,CREDIT-C94BC3AD73C8,3352,,True,2
SRC-RAW-923B569580EA7137C2F7,POWER,not_selected_for_target,,absence_from_expert_target_workbook,392,24,2022,CREDIT-C94BC3AD73C8,3352,,True,2
SRC-RAW-577C602FEE33E7F151F5,POWER,not_selected_for_target,,absence_from_expert_target_workbook,393,25,2022,CREDIT-C94BC3AD73C8,3352,,True,2
SRC-RAW-F3DF37C0223E9250CF73,POWER,not_selected_for_target,,absence_from_expert_target_workbook,394,21,2022,CREDIT-F791D3212EEA,1499,,True,0
SRC-RAW-93826634DD34BDD68120,POWER,not_selected_for_target,,absence_from_expert_target_workbook,395,22,2022,CREDIT-F791D3212EEA,1499,,True,0
SRC-RAW-705A7B21D9BD83F710AA,POWER,not_selected_for_target,,absence_from_expert_target_workbook,396,23,2022,CREDIT-F791D3212EEA,1499,,True,0
SRC-RAW-70242B1761645B5D05EA,POWER,not_selected_for_target,,absence_from_expert_target_workbook,397,24,2022,CREDIT-F791D3212EEA,1499,,True,0
SRC-RAW-FCF440AF79880F0FF2E3,POWER,not_selected_for_target,,absence_from_expert_target_workbook,398,25,2022,CREDIT-F791D3212EEA,1499,,True,0
SRC-RAW-56BCC2C10A5621B9E0C5,POWER,not_selected_for_target,,absence_from_expert_target_workbook,399,21,2022,CREDIT-7BBBC7E63034,1421,,True,0
SRC-RAW-A789AE172794B83D7C22,POWER,not_selected_for_target,,absence_from_expert_target_workbook,400,22,2022,CREDIT-7BBBC7E63034,1421,,True,0
SRC-RAW-0285B9EB6C80EF3A6681,POWER,not_selected_for_target,,absence_from_expert_target_workbook,401,21,2022,CREDIT-4D2C4EA3CB1C,1462,,True,2
SRC-RAW-91A2B98FFF56709CD6F5,POWER,not_selected_for_target,,absence_from_expert_target_workbook,402,22,2022,CREDIT-4D2C4EA3CB1C,1462,,True,2
SRC-RAW-D6FAA932F787B28C4B7B,POWER,not_selected_for_target,,absence_from_expert_target_workbook,403,21,2022,CREDIT-51F145A40464,2761,,True,0
SRC-RAW-CD6D1A987F9E5AE37E33,POWER,not_selected_for_target,,absence_from_expert_target_workbook,404,22,2022,CREDIT-51F145A40464,2761,,True,0
SRC-RAW-B5397E4CB20DD0FA0328,POWER,not_selected_for_target,,absence_from_expert_target_workbook,405,21,2022,CREDIT-945429DB2F3E,2740,,True,0
SRC-RAW-A6ABF53198999AEEFD27,POWER,not_selected_for_target,,absence_from_expert_target_workbook,406,21,2022,CREDIT-0A8AE06095BC,2239,,True,3
SRC-RAW-805302B0E6F79162EC1A,POWER,not_selected_for_target,,absence_from_expert_target_workbook,407,21,2022,CREDIT-3FADC87ED247,2239,,True,0
SRC-RAW-94DD3A00484AA500CEC2,POWER,not_selected_for_target,,absence_from_expert_target_workbook,408,21,2022,CREDIT-21FD75CBB04E,1462,,True,0
SRC-RAW-805EB01414B03AD1D71A,POWER,not_selected_for_target,,absence_from_expert_target_workbook,409,22,2022,CREDIT-21FD75CBB04E,1462,,True,0
SRC-RAW-D508FAD5874D91E31F5F,POWER,not_selected_for_target,,absence_from_expert_target_workbook,410,21,2022,CREDIT-FF72C56CC9A5,1329,,True,1
SRC-RAW-308B06C3D9C1961A11F2,POWER,not_selected_for_target,,absence_from_expert_target_workbook,411,21,2022,CREDIT-9FF3F9138AA4,3670,,True,2
SRC-RAW-2438A9EE4DED6D85A3C9,POWER,not_selected_for_target,,absence_from_expert_target_workbook,412,21,2022,CREDIT-8EDA3884EA4C,1493,,True,0
SRC-RAW-8E8BA83B90C51EAF95D9,POWER,not_selected_for_target,,absence_from_expert_target_workbook,413,21,2022,CREDIT-291A8A9D6CBA,2023,,True,1
SRC-RAW-612A54FF7C348FDAB75F,POWER,not_selected_for_target,,absence_from_expert_target_workbook,414,22,2022,CREDIT-291A8A9D6CBA,2023,,True,1
SRC-RAW-EC5D26AB561C5A2BFEBE,POWER,not_selected_for_target,,absence_from_expert_target_workbook,415,21,2022,CREDIT-0254623F66E5,3024,,True,0
SRC-RAW-5EFF81FAFB804EFA8C91,POWER,not_selected_for_target,,absence_from_expert_target_workbook,416,21,2022,CREDIT-576888A54663,2924,,True,1
SRC-RAW-9C56258677CC98D3E1D4,POWER,not_selected_for_target,,absence_from_expert_target_workbook,417,21,2022,CREDIT-7F6816202837,3872,,True,12
SRC-RAW-FFB25704951D44F678C7,POWER,not_selected_for_target,,absence_from_expert_target_workbook,418,22,2022,CREDIT-7F6816202837,3872,,True,12
SRC-RAW-D4A1A11C698EAF2640D5,POWER,not_selected_for_target,,absence_from_expert_target_workbook,419,23,2022,CREDIT-7F6816202837,3872,,True,12
SRC-RAW-78363A0F15066E700D5B,POWER,not_selected_for_target,,absence_from_expert_target_workbook,420,24,2022,CREDIT-7F6816202837,3872,,True,12
SRC-RAW-446885DA0381B2485FB2,POWER,not_selected_for_target,,absence_from_expert_target_workbook,421,21,2022,CREDIT-D17AE81ACBC7,2023,,True,2
SRC-RAW-067A08158C9BBEF3A43D,POWER,not_selected_for_target,,absence_from_expert_target_workbook,422,21,2022,CREDIT-418E83CCE522,2231,,True,1
SRC-RAW-A6D2AA0F5596207F3CC0,POWER,not_selected_for_target,,absence_from_expert_target_workbook,423,21,2022,CREDIT-77839F1176AC,1353,,True,1
SRC-RAW-438A0AA8D62EDD98319D,POWER,not_selected_for_target,,absence_from_expert_target_workbook,424,21,2022,CREDIT-52069BAADA90,3612,,True,7
SRC-RAW-17C8C4E0E7A0EBE5ACE8,POWER,not_selected_for_target,,absence_from_expert_target_workbook,425,22,2022,CREDIT-52069BAADA90,3612,,True,7
SRC-RAW-89A4EEFB6A409C0696B9,POWER,not_selected_for_target,,absence_from_expert_target_workbook,426,23,2022,CREDIT-52069BAADA90,3612,,True,7
SRC-RAW-D5A107F0F6A4F16FA0D6,POWER,not_selected_for_target,,absence_from_expert_target_workbook,427,21,2022,CREDIT-A80B9BDD1DF9,3841,,True,5
SRC-RAW-3FC9BCA6D8A459EA1753,POWER,not_selected_for_target,,absence_from_expert_target_workbook,428,22,2022,CREDIT-A80B9BDD1DF9,3841,,True,5
SRC-RAW-5E1A4FF04853233E66AA,POWER,not_selected_for_target,,absence_from_expert_target_workbook,429,23,2022,CREDIT-A80B9BDD1DF9,3841,,True,5
SRC-RAW-5BDE6226C0F02659D8F5,POWER,not_selected_for_target,,absence_from_expert_target_workbook,430,24,2022,CREDIT-A80B9BDD1DF9,3841,,True,5
SRC-RAW-DA7E8692D30D44CF860F,POWER,not_selected_for_target,,absence_from_expert_target_workbook,431,21,2022,CREDIT-7039E7329516,2661,,True,4
SRC-RAW-39220378A521EB70D658,POWER,not_selected_for_target,,absence_from_expert_target_workbook,432,22,2022,CREDIT-7039E7329516,2661,,True,4
SRC-RAW-81E224A740262A4F8489,POWER,not_selected_for_target,,absence_from_expert_target_workbook,433,23,2022,CREDIT-7039E7329516,2661,,True,4
SRC-RAW-ECCA195925A466882103,POWER,include,37,canonical_expert_scope_order,434,11,2022,CREDIT-DDAAC5021EB4,4412,燃气轮机,True,2
SRC-RAW-D8D51359E8213221330C,POWER,include,38,canonical_expert_scope_order,435,12,2022,CREDIT-DDAAC5021EB4,4412,燃气轮机,True,2
SRC-RAW-B81BE51DC6E772039048,POWER,include,39,canonical_expert_scope_order,436,13,2022,CREDIT-DDAAC5021EB4,4412,燃气锅炉,True,2
SRC-RAW-B0422C512655DEC88202,POWER,not_selected_for_target,,absence_from_expert_target_workbook,437,21,2022,CREDIT-ABA850F9BFC3,3024,,True,1
SRC-RAW-40B3F1CC9DE722E6B750,POWER,not_selected_for_target,,absence_from_expert_target_workbook,438,21,2022,CREDIT-AC2C9BEB4D00,1353,,True,0
SRC-RAW-29C5EB21D98B9142B483,POWER,not_selected_for_target,,absence_from_expert_target_workbook,439,21,2022,CREDIT-5F09DB39D32E,2221,,True,1
SRC-RAW-1A315F19F4D4622CDB7C,POWER,not_selected_for_target,,absence_from_expert_target_workbook,440,21,2022,CREDIT-1B73488B2A34,1910,,True,2
SRC-RAW-B2F390524C871817D53B,POWER,not_selected_for_target,,absence_from_expert_target_workbook,441,22,2022,CREDIT-1B73488B2A34,1910,,True,2
SRC-RAW-A5202D7ECB2EECC00B5D,POWER,not_selected_for_target,,absence_from_expert_target_workbook,442,23,2022,CREDIT-1B73488B2A34,1910,,True,2
SRC-RAW-DF2720F0EC8D2179F66B,POWER,not_selected_for_target,,absence_from_expert_target_workbook,443,24,2022,CREDIT-1B73488B2A34,1910,,True,2
SRC-RAW-5B653478E68DEA24FFF9,POWER,not_selected_for_target,,absence_from_expert_target_workbook,444,21,2022,CREDIT-B5055FF97DBF,2682,,True,1
SRC-RAW-5766DF5B7CC1124817CE,POWER,not_selected_for_target,,absence_from_expert_target_workbook,445,21,2022,CREDIT-2E6177F84D7B,2915,,True,5
SRC-RAW-DA5EECDA6FE0A0D991F5,POWER,not_selected_for_target,,absence_from_expert_target_workbook,446,21,2022,CREDIT-E4EBF1EC92E3,2682,,True,0
SRC-RAW-DEDA2D51BC559C426DA1,POWER,not_selected_for_target,,absence_from_expert_target_workbook,447,21,2022,CREDIT-B195E01679E4,2912,,True,1
SRC-RAW-797DB6F7DB6C9B013B0A,POWER,not_selected_for_target,,absence_from_expert_target_workbook,448,21,2022,CREDIT-A18103ED70E1,2541,,True,1
SRC-RAW-6207E467E502A367D17A,POWER,not_selected_for_target,,absence_from_expert_target_workbook,449,22,2022,CREDIT-A18103ED70E1,2541,,True,1
SRC-RAW-B574C47B866A3DD2A9B5,POWER,not_selected_for_target,,absence_from_expert_target_workbook,450,21,2022,CREDIT-09482B7DF8EB,2190,,True,3
SRC-RAW-D45087125319DC2CB971,POWER,not_selected_for_target,,absence_from_expert_target_workbook,451,21,2022,CREDIT-4C1432897A9B,1419,,True,0
SRC-RAW-4880CD5B2EA2B603D99E,POWER,not_selected_for_target,,absence_from_expert_target_workbook,452,21,2022,CREDIT-E6998F7182D8,2231,,True,1
SRC-RAW-EDB1A7FE5C5911528A23,POWER,not_selected_for_target,,absence_from_expert_target_workbook,453,21,2022,CREDIT-5FD9F0296013,1493,,True,1
SRC-RAW-EBF04A5C001136697FC4,POWER,not_selected_for_target,,absence_from_expert_target_workbook,454,21,2022,CREDIT-4E235AE1ECDF,1929,,True,1
SRC-RAW-FED77A3E342F44547CA5,POWER,not_selected_for_target,,absence_from_expert_target_workbook,455,21,2022,CREDIT-FFEF8F8ACD05,2231,,True,0
SRC-RAW-C7F322F780F03F59A969,POWER,not_selected_for_target,,absence_from_expert_target_workbook,456,21,2022,CREDIT-B60E28D639EC,3311,,True,2
SRC-RAW-74350F9661CC65F02E63,POWER,not_selected_for_target,,absence_from_expert_target_workbook,457,21,2022,CREDIT-C2DCC0964956,2646,,True,0
SRC-RAW-2E90D04E20AB85E01EE7,POWER,not_selected_for_target,,absence_from_expert_target_workbook,458,21,2022,CREDIT-1EFA3E958C73,1329,,True,1
SRC-RAW-1359E77D80FD4BDFFA6F,POWER,not_selected_for_target,,absence_from_expert_target_workbook,459,21,2022,CREDIT-59443A2D484A,1392,,True,0
SRC-RAW-0AD418E2C402F4DAA99B,POWER,not_selected_for_target,,absence_from_expert_target_workbook,460,21,2022,CREDIT-92BA8D258E5A,2912,,True,1
SRC-RAW-1E1E6B962538F7CD6F11,POWER,not_selected_for_target,,absence_from_expert_target_workbook,461,21,2022,CREDIT-CBDD51EC0F42,3024,,True,1
SRC-RAW-72DC1F22006EF49A0397,POWER,not_selected_for_target,,absence_from_expert_target_workbook,462,21,2022,CREDIT-A7A8B2541760,2925,,True,2
SRC-RAW-2991A39F35BA9FF6055B,POWER,not_selected_for_target,,absence_from_expert_target_workbook,463,21,2022,CREDIT-3A8F0E8D4FCA,1419,,True,0
SRC-RAW-E11E3CFEB71CCCD95D20,POWER,not_selected_for_target,,absence_from_expert_target_workbook,464,22,2022,CREDIT-3A8F0E8D4FCA,1419,,True,0
SRC-RAW-AE37A1ED07145000FC21,POWER,not_selected_for_target,,absence_from_expert_target_workbook,465,23,2022,CREDIT-3A8F0E8D4FCA,1419,,True,0
SRC-RAW-CAE93DE0C1617297CE74,POWER,not_selected_for_target,,absence_from_expert_target_workbook,466,24,2022,CREDIT-3A8F0E8D4FCA,1419,,True,0
SRC-RAW-4BC68DE1A54E26F4A463,POWER,not_selected_for_target,,absence_from_expert_target_workbook,467,25,2022,CREDIT-3A8F0E8D4FCA,1419,,True,0
SRC-RAW-F8D4ECEC12AB80232DB6,POWER,not_selected_for_target,,absence_from_expert_target_workbook,468,21,2022,CREDIT-03BFB7529CFF,2911,,True,5
SRC-RAW-7B4CE626311E4B8682C1,POWER,not_selected_for_target,,absence_from_expert_target_workbook,469,21,2022,CREDIT-A4C09D673908,3031,,True,1
SRC-RAW-8354E7DAA6B25CA516F9,POWER,not_selected_for_target,,absence_from_expert_target_workbook,470,21,2022,CREDIT-4EBAC33E6A9B,3024,,True,1
SRC-RAW-91DF6D85B800185DEF0E,POWER,not_selected_for_target,,absence_from_expert_target_workbook,471,21,2022,CREDIT-DF35F85A0268,2924,,True,1
SRC-RAW-BDF1C2595DEFEB3D2865,POWER,not_selected_for_target,,absence_from_expert_target_workbook,472,21,2022,CREDIT-56AB2D2AFEEA,3031,,True,1
SRC-RAW-78A1B01945C41CEDA8E9,POWER,not_selected_for_target,,absence_from_expert_target_workbook,473,21,2022,CREDIT-205BB74297B5,2682,,True,2
SRC-RAW-ADCF856C6595BAFE951B,POWER,not_selected_for_target,,absence_from_expert_target_workbook,474,22,2022,CREDIT-205BB74297B5,2682,,True,2
SRC-RAW-8D41A2FECE441BA0C6A2,POWER,not_selected_for_target,,absence_from_expert_target_workbook,475,21,2022,CREDIT-1515BC5DF509,2925,,True,2
SRC-RAW-CA1B0D48CFAA6FDB13A0,POWER,not_selected_for_target,,absence_from_expert_target_workbook,476,21,2022,CREDIT-78086F720B1E,1953,,True,3
SRC-RAW-4B44720542A77F4B43F6,POWER,not_selected_for_target,,absence_from_expert_target_workbook,477,21,2022,CREDIT-7C8C26B6710A,2239,,True,0
SRC-RAW-4D87B5A4E36A83D00912,POWER,not_selected_for_target,,absence_from_expert_target_workbook,478,11,2022,CREDIT-4384E9ACA1B8,4419,燃生物质锅炉,True,3
SRC-RAW-C7595FFD1973FF8F86CF,POWER,not_selected_for_target,,absence_from_expert_target_workbook,479,12,2022,CREDIT-4384E9ACA1B8,4419,燃生物质锅炉,True,3
SRC-RAW-60EECF24ADE3EE647B68,POWER,not_selected_for_target,,absence_from_expert_target_workbook,480,13,2022,CREDIT-4384E9ACA1B8,4419,燃生物质锅炉,True,3
SRC-RAW-7EF2515219FD5228303E,POWER,not_selected_for_target,,absence_from_expert_target_workbook,481,21,2022,CREDIT-2B796049D867,2919,,True,1
SRC-RAW-C154FACC211CB18BA408,POWER,not_selected_for_target,,absence_from_expert_target_workbook,482,21,2022,CREDIT-5C6E055F8BFC,2912,,True,4
SRC-RAW-41C89BE0BD0526286522,POWER,not_selected_for_target,,absence_from_expert_target_workbook,483,21,2022,CREDIT-FD082978A3F7,2921,,True,2
SRC-RAW-D8F055359383A8637DF9,POWER,not_selected_for_target,,absence_from_expert_target_workbook,484,21,2022,CREDIT-AEF3B752C0F4,3611,,True,14
SRC-RAW-C3C045AA5DE53E0BC495,POWER,not_selected_for_target,,absence_from_expert_target_workbook,485,22,2022,CREDIT-AEF3B752C0F4,3611,,True,14
SRC-RAW-51C6248BE504162EBD12,POWER,not_selected_for_target,,absence_from_expert_target_workbook,486,23,2022,CREDIT-AEF3B752C0F4,3611,,True,14
SRC-RAW-E9AD4773ED1BF1C5E956,POWER,not_selected_for_target,,absence_from_expert_target_workbook,487,24,2022,CREDIT-AEF3B752C0F4,3611,,True,14
SRC-RAW-3E5313E4A42CABA45232,POWER,not_selected_for_target,,absence_from_expert_target_workbook,488,25,2022,CREDIT-AEF3B752C0F4,3611,,True,14
SRC-RAW-C3E4EEA73CDA55B1982C,POWER,not_selected_for_target,,absence_from_expert_target_workbook,489,21,2022,CREDIT-0A104F040BC2,2925,,True,6
SRC-RAW-9C58FE0E047933CD8390,POWER,not_selected_for_target,,absence_from_expert_target_workbook,490,22,2022,CREDIT-0A104F040BC2,2925,,True,6
SRC-RAW-0D7B4773D3324A73C021,POWER,not_selected_for_target,,absence_from_expert_target_workbook,491,21,2022,CREDIT-F9CBF7462578,2925,,True,5
SRC-RAW-135CE9B9E1003CC21D93,POWER,not_selected_for_target,,absence_from_expert_target_workbook,492,21,2022,CREDIT-6AA50C1FC39A,2682,,True,0
SRC-RAW-42DD707223A899138EB1,POWER,not_selected_for_target,,absence_from_expert_target_workbook,493,21,2022,CREDIT-FAB1A9630A0E,2929,,True,3
SRC-RAW-12270A2402564FD5FF89,POWER,not_selected_for_target,,absence_from_expert_target_workbook,494,21,2022,CREDIT-366B67BA7E21,2231,,True,0
SRC-RAW-3F44F91FE22B83DB6BDB,POWER,not_selected_for_target,,absence_from_expert_target_workbook,495,22,2022,CREDIT-366B67BA7E21,2231,,True,0
SRC-RAW-4ABBE497E6EBE2A6F389,POWER,not_selected_for_target,,absence_from_expert_target_workbook,496,21,2022,CREDIT-4C9CAD40A679,2682,,True,1
SRC-RAW-F2806F6453CF3BAC2CC6,POWER,not_selected_for_target,,absence_from_expert_target_workbook,497,22,2022,CREDIT-4C9CAD40A679,2682,,True,1
SRC-RAW-89DF99CD2B3DE10F27DC,POWER,not_selected_for_target,,absence_from_expert_target_workbook,498,21,2022,CREDIT-38621092DE86,3670,,True,6
SRC-RAW-3B94F95869C82A5219C7,POWER,not_selected_for_target,,absence_from_expert_target_workbook,499,22,2022,CREDIT-38621092DE86,3670,,True,6
SRC-RAW-EF303AD8C837A02F18AF,POWER,not_selected_for_target,,absence_from_expert_target_workbook,500,23,2022,CREDIT-38621092DE86,3670,,True,6
SRC-RAW-E1A850B4B28BEF4AE117,POWER,not_selected_for_target,,absence_from_expert_target_workbook,501,21,2022,CREDIT-388D0CAB0B14,3670,,True,1
SRC-RAW-55487718723783A37D76,POWER,not_selected_for_target,,absence_from_expert_target_workbook,502,22,2022,CREDIT-388D0CAB0B14,3670,,True,1
SRC-RAW-E105B3F3020D9147FBD8,POWER,not_selected_for_target,,absence_from_expert_target_workbook,503,21,2022,CREDIT-D3E5BC2F2E39,3670,,True,3
SRC-RAW-99512864BEFA499D827A,POWER,not_selected_for_target,,absence_from_expert_target_workbook,504,21,2022,CREDIT-59C4AD6FED39,2924,,True,2
SRC-RAW-03EB8695A66380401CE7,POWER,not_selected_for_target,,absence_from_expert_target_workbook,505,21,2022,CREDIT-7C9A98CF3D5E,3670,,True,6
SRC-RAW-BA08BFE9DC934D80FC88,POWER,not_selected_for_target,,absence_from_expert_target_workbook,506,22,2022,CREDIT-7C9A98CF3D5E,3670,,True,6
SRC-RAW-9B317368B355419DC51B,POWER,not_selected_for_target,,absence_from_expert_target_workbook,507,21,2022,CREDIT-2BA6B37AA2D7,1421,,True,0
SRC-RAW-A93FA0418E135832D8F3,POWER,not_selected_for_target,,absence_from_expert_target_workbook,508,21,2022,CREDIT-581E8FBCD04A,1922,,True,2
SRC-RAW-431D52D8E68533255B7E,POWER,not_selected_for_target,,absence_from_expert_target_workbook,509,21,2022,CREDIT-744CEFBE4E1C,3329,,True,0
SRC-RAW-5EB3B53D7AC175096043,POWER,not_selected_for_target,,absence_from_expert_target_workbook,510,22,2022,CREDIT-744CEFBE4E1C,3329,,True,0
SRC-RAW-E16D448CFF7F87DC5C20,POWER,not_selected_for_target,,absence_from_expert_target_workbook,511,21,2022,CREDIT-08709E04607E,2912,,True,5
SRC-RAW-7602AC98EF28C13CD420,POWER,not_selected_for_target,,absence_from_expert_target_workbook,512,21,2022,CREDIT-582C14C2A251,3670,,True,1
SRC-RAW-6893B81838415D2D4FDE,POWER,not_selected_for_target,,absence_from_expert_target_workbook,513,21,2022,CREDIT-3A7A561A7E7A,2912,,True,1
SRC-RAW-0622C4455B1EB387E443,POWER,not_selected_for_target,,absence_from_expert_target_workbook,514,21,2022,CREDIT-0466B29EDF91,3031,,True,2
SRC-RAW-0BBF65BD39F60DDB896B,POWER,not_selected_for_target,,absence_from_expert_target_workbook,515,21,2022,CREDIT-6E8DDCE25CBB,3024,,True,1
SRC-RAW-6EFDEEC93D738DF01C88,POWER,not_selected_for_target,,absence_from_expert_target_workbook,516,21,2022,CREDIT-6A4399DC0E88,2661,,True,0
SRC-RAW-06B12EB26B107E12C5BE,POWER,not_selected_for_target,,absence_from_expert_target_workbook,517,21,2022,CREDIT-5388A04A876E,2929,,True,2
SRC-RAW-972E633156A3EA0AD87D,POWER,not_selected_for_target,,absence_from_expert_target_workbook,518,21,2022,CREDIT-2C5F07B7B069,2411,,True,1
SRC-RAW-E74C7D052B69A6218877,POWER,not_selected_for_target,,absence_from_expert_target_workbook,519,11,2022,CREDIT-D851ACDF1131,4417,燃气轮机,True,0
SRC-RAW-2A95B267C3CD2FEEB746,POWER,not_selected_for_target,,absence_from_expert_target_workbook,520,12,2022,CREDIT-D851ACDF1131,4417,燃气轮机,True,0
SRC-RAW-EE9AA0172B22023E3107,POWER,not_selected_for_target,,absence_from_expert_target_workbook,521,13,2022,CREDIT-D851ACDF1131,4417,燃气轮机,True,0
SRC-RAW-A11531026EDD3E490465,POWER,not_selected_for_target,,absence_from_expert_target_workbook,522,21,2022,CREDIT-951AD2C662FE,1329,,True,1
SRC-RAW-0557949286FFBD4AADD6,POWER,not_selected_for_target,,absence_from_expert_target_workbook,523,21,2022,CREDIT-7C4FD716120A,2669,,True,1
SRC-RAW-5FD2589C312712B9200E,POWER,not_selected_for_target,,absence_from_expert_target_workbook,524,21,2022,CREDIT-FCAE728862C9,2231,,True,1
SRC-RAW-35D253E3BFC56C4E099B,POWER,not_selected_for_target,,absence_from_expert_target_workbook,525,21,2022,CREDIT-4C0475BA25A1,1353,,True,0
SRC-RAW-851254C6361AF28BF8F3,POWER,not_selected_for_target,,absence_from_expert_target_workbook,526,22,2022,CREDIT-4C0475BA25A1,1353,,True,0
SRC-RAW-5D6B4AED70823E3BF290,POWER,not_selected_for_target,,absence_from_expert_target_workbook,527,21,2022,CREDIT-F182F94BF864,3670,,True,5
SRC-RAW-5312913B63225F0AF97B,POWER,not_selected_for_target,,absence_from_expert_target_workbook,528,22,2022,CREDIT-F182F94BF864,3670,,True,5
SRC-RAW-178F9B874AD4B82F229A,POWER,not_selected_for_target,,absence_from_expert_target_workbook,529,21,2022,CREDIT-384E44708E68,2720,,True,2
SRC-RAW-A8D60D7C737E80B186E5,POWER,not_selected_for_target,,absence_from_expert_target_workbook,530,22,2022,CREDIT-384E44708E68,2720,,True,2
SRC-RAW-F379E054271790A83375,POWER,not_selected_for_target,,absence_from_expert_target_workbook,531,21,2022,CREDIT-F0505D35BA05,3670,,True,1
SRC-RAW-3B22B3849B474473ADEA,POWER,not_selected_for_target,,absence_from_expert_target_workbook,532,21,2022,CREDIT-E606F67E9F7E,1329,,True,2
SRC-RAW-A923798622F492596D56,POWER,not_selected_for_target,,absence_from_expert_target_workbook,533,22,2022,CREDIT-E606F67E9F7E,1329,,True,2
SRC-RAW-AFC8439695D444001224,POWER,include,40,canonical_expert_scope_order,534,11,2022,CREDIT-BBD9A1D268BA,4411,燃煤锅炉,True,3
SRC-RAW-3ADCA80952BFB5C3B56A,POWER,include,41,canonical_expert_scope_order,535,12,2022,CREDIT-BBD9A1D268BA,4411,燃煤锅炉,True,3
SRC-RAW-31E69AFCF19B952DA614,POWER,include,42,canonical_expert_scope_order,536,13,2022,CREDIT-BBD9A1D268BA,4411,燃煤锅炉,True,3
SRC-RAW-CCDE74141F81CA791FFA,POWER,include,43,canonical_expert_scope_order,537,14,2022,CREDIT-BBD9A1D268BA,4411,燃煤锅炉,True,3
SRC-RAW-1B11FEEA3B4289555FFE,POWER,include,44,canonical_expert_scope_order,538,11,2022,CREDIT-048048F95857,2221,燃煤锅炉,True,3
SRC-RAW-3E220FF60AB8B7895AA6,POWER,not_selected_for_target,,absence_from_expert_target_workbook,539,21,2022,CREDIT-3279C42638EC,1411,,True,0
SRC-RAW-62C6B65F3CA08CF7DC97,POWER,not_selected_for_target,,absence_from_expert_target_workbook,540,22,2022,CREDIT-3279C42638EC,1411,,True,0
SRC-RAW-8A9360A84A034B609FF0,POWER,not_selected_for_target,,absence_from_expert_target_workbook,541,21,2022,CREDIT-325D3219C832,1819,,True,0
SRC-RAW-CD10A1B246C0249D3B65,POWER,not_selected_for_target,,absence_from_expert_target_workbook,542,21,2022,CREDIT-9A7AB50D7299,3982,,True,1
SRC-RAW-88F0A38A151CC8B6BC67,POWER,not_selected_for_target,,absence_from_expert_target_workbook,543,21,2022,CREDIT-1DAB40D7F8FF,2929,,True,29
SRC-RAW-DC4694249A97760B1A6A,POWER,not_selected_for_target,,absence_from_expert_target_workbook,544,22,2022,CREDIT-1DAB40D7F8FF,2929,,True,29
SRC-RAW-812DA2B07DF71ED3BEE3,POWER,not_selected_for_target,,absence_from_expert_target_workbook,545,21,2022,CREDIT-3524CB775F90,2924,,True,2
SRC-RAW-8C7C42080799D2C87DF4,POWER,not_selected_for_target,,absence_from_expert_target_workbook,546,22,2022,CREDIT-3524CB775F90,2924,,True,2
SRC-RAW-6335B1B089CEC31896A8,POWER,not_selected_for_target,,absence_from_expert_target_workbook,547,21,2022,CREDIT-7C343565448F,1462,,True,0
SRC-RAW-FDEFAA39BF1095B59ABE,POWER,not_selected_for_target,,absence_from_expert_target_workbook,548,21,2022,CREDIT-EB58F2D28133,2929,,True,25
SRC-RAW-3AAC0B03C04DF48E7F5E,POWER,not_selected_for_target,,absence_from_expert_target_workbook,549,22,2022,CREDIT-EB58F2D28133,2929,,True,25
SRC-RAW-096389E624363123A3BC,POWER,not_selected_for_target,,absence_from_expert_target_workbook,550,21,2022,CREDIT-F15D454CCC33,2669,,True,2
SRC-RAW-E4EF4F7190431A1909EF,POWER,not_selected_for_target,,absence_from_expert_target_workbook,551,21,2022,CREDIT-27F5BAF03012,1329,,True,5
SRC-RAW-4999DD976082EB064BB5,POWER,not_selected_for_target,,absence_from_expert_target_workbook,552,22,2022,CREDIT-27F5BAF03012,1329,,True,5
SRC-RAW-FC7B087AFDADA5374D70,POWER,include,45,canonical_expert_scope_order,553,11,2022,CREDIT-2AB2082AA5A8,1713,燃煤锅炉,True,44
SRC-RAW-F8955A8A68B36C170B38,POWER,include,46,canonical_expert_scope_order,554,12,2022,CREDIT-2AB2082AA5A8,1713,燃煤锅炉,True,44
SRC-RAW-6ED412173EE3115F6A5E,POWER,include,47,canonical_expert_scope_order,555,13,2022,CREDIT-2AB2082AA5A8,1713,燃煤锅炉,True,44
SRC-RAW-B9E105D6FF54717E0E13,POWER,include,48,canonical_expert_scope_order,556,14,2022,CREDIT-2AB2082AA5A8,1713,燃煤锅炉,True,44
SRC-RAW-E985883DF367621F61FA,POWER,not_selected_for_target,,absence_from_expert_target_workbook,557,21,2022,CREDIT-B460B1CFEE15,1830,,True,0
SRC-RAW-FC1C07FFB4A12021D0DC,POWER,not_selected_for_target,,absence_from_expert_target_workbook,558,21,2022,CREDIT-7FBCAC990BDD,1752,,True,1
SRC-RAW-93B18E65B4B68D757857,POWER,not_selected_for_target,,absence_from_expert_target_workbook,559,21,2022,CREDIT-76DBF53E56C5,3464,,True,3
SRC-RAW-A0663FFB1B7B8DF4A263,POWER,include,49,canonical_expert_scope_order,560,11,2022,CREDIT-880D8E2573F5,1713,燃煤锅炉,True,11
SRC-RAW-5F9FA878D7B7BD57772F,POWER,include,50,canonical_expert_scope_order,561,12,2022,CREDIT-880D8E2573F5,1713,燃煤锅炉,True,11
SRC-RAW-528084718D6470135B6F,POWER,include,51,canonical_expert_scope_order,562,13,2022,CREDIT-880D8E2573F5,1713,燃煤锅炉,True,11
SRC-RAW-C41D91B98EF8B2B548EA,POWER,not_selected_for_target,,absence_from_expert_target_workbook,563,21,2022,CREDIT-232433AD7205,3541,,True,6
SRC-RAW-5D951E9231062927F037,POWER,not_selected_for_target,,absence_from_expert_target_workbook,564,21,2022,CREDIT-419EAF233A35,2662,,True,0
SRC-RAW-EF2E271BD15240E06EEA,POWER,not_selected_for_target,,absence_from_expert_target_workbook,565,11,2022,CREDIT-8AFBD9EE6667,4419,燃生物质锅炉,True,7
SRC-RAW-74FFC4E367E40132757B,POWER,not_selected_for_target,,absence_from_expert_target_workbook,566,12,2022,CREDIT-8AFBD9EE6667,4419,燃生物质锅炉,True,7
SRC-RAW-73DFF6E340D193BD58F3,POWER,not_selected_for_target,,absence_from_expert_target_workbook,567,13,2022,CREDIT-8AFBD9EE6667,4419,燃生物质锅炉,True,7
SRC-RAW-C321DB5A4F5BC1A95197,POWER,not_selected_for_target,,absence_from_expert_target_workbook,568,14,2022,CREDIT-8AFBD9EE6667,4419,燃生物质锅炉,True,7
SRC-RAW-400A461FF401DF45E2E3,POWER,not_selected_for_target,,absence_from_expert_target_workbook,569,15,2022,CREDIT-8AFBD9EE6667,4419,燃生物质锅炉,True,7
SRC-RAW-B9949823823407BA49A7,POWER,not_selected_for_target,,absence_from_expert_target_workbook,570,16,2022,CREDIT-8AFBD9EE6667,4419,燃生物质锅炉,True,7
SRC-RAW-3062E6C8D97B451A6DCA,POWER,not_selected_for_target,,absence_from_expert_target_workbook,571,17,2022,CREDIT-8AFBD9EE6667,4419,燃生物质锅炉,True,7
SRC-RAW-0D79E3D9C0949F173C68,POWER,not_selected_for_target,,absence_from_expert_target_workbook,572,21,2022,CREDIT-499A78FE621F,2669,,True,6
SRC-RAW-CE29123BB4E368446A96,POWER,not_selected_for_target,,absence_from_expert_target_workbook,573,22,2022,CREDIT-499A78FE621F,2669,,True,6
SRC-RAW-A1DA946DDD8F156B34E8,POWER,not_selected_for_target,,absence_from_expert_target_workbook,574,21,2022,CREDIT-206BD4B8B10F,2614,,True,1
SRC-RAW-718FEA84F13DAE128D5A,POWER,not_selected_for_target,,absence_from_expert_target_workbook,575,21,2022,CREDIT-016C0ACB7D98,2921,,True,15
SRC-RAW-D691370F64CD36FE314D,POWER,not_selected_for_target,,absence_from_expert_target_workbook,576,22,2022,CREDIT-016C0ACB7D98,2921,,True,15
SRC-RAW-D6760650F466CA121C0B,POWER,not_selected_for_target,,absence_from_expert_target_workbook,577,21,2022,CREDIT-2753EC9972FA,3982,,True,3
SRC-RAW-DEC9E71F7A8B1BCD2829,POWER,not_selected_for_target,,absence_from_expert_target_workbook,578,210,2022,CREDIT-2753EC9972FA,3982,,True,3
SRC-RAW-E826874B081522CE4B24,POWER,not_selected_for_target,,absence_from_expert_target_workbook,579,211,2022,CREDIT-2753EC9972FA,3982,,True,3
SRC-RAW-EA79F4213507545820A8,POWER,not_selected_for_target,,absence_from_expert_target_workbook,580,212,2022,CREDIT-2753EC9972FA,3982,,True,3
SRC-RAW-3CB1254A3549CF62B5FA,POWER,not_selected_for_target,,absence_from_expert_target_workbook,581,22,2022,CREDIT-2753EC9972FA,3982,,True,3
SRC-RAW-A85B91CAEFF323BE8753,POWER,not_selected_for_target,,absence_from_expert_target_workbook,582,23,2022,CREDIT-2753EC9972FA,3982,,True,3
SRC-RAW-BD60AD4D493B69DB34EC,POWER,not_selected_for_target,,absence_from_expert_target_workbook,583,24,2022,CREDIT-2753EC9972FA,3982,,True,3
SRC-RAW-E5AE40B9341DB3EC373A,POWER,not_selected_for_target,,absence_from_expert_target_workbook,584,25,2022,CREDIT-2753EC9972FA,3982,,True,3
SRC-RAW-39CE0DF67711C1A4B117,POWER,not_selected_for_target,,absence_from_expert_target_workbook,585,26,2022,CREDIT-2753EC9972FA,3982,,True,3
SRC-RAW-FC1EE4F3A9DC07140962,POWER,not_selected_for_target,,absence_from_expert_target_workbook,586,27,2022,CREDIT-2753EC9972FA,3982,,True,3
SRC-RAW-7E114EFEDB3F76922B42,POWER,not_selected_for_target,,absence_from_expert_target_workbook,587,28,2022,CREDIT-2753EC9972FA,3982,,True,3
SRC-RAW-D83CEAF50DEC95501F1A,POWER,not_selected_for_target,,absence_from_expert_target_workbook,588,29,2022,CREDIT-2753EC9972FA,3982,,True,3
SRC-RAW-0C57E6727C0427A813BD,POWER,not_selected_for_target,,absence_from_expert_target_workbook,589,21,2022,CREDIT-A6DCFC408329,2641,,True,1
SRC-RAW-DDF74499D8C9674DF907,POWER,not_selected_for_target,,absence_from_expert_target_workbook,590,22,2022,CREDIT-A6DCFC408329,2641,,True,1
SRC-RAW-1557159F96723C09D5B5,POWER,not_selected_for_target,,absence_from_expert_target_workbook,591,21,2022,CREDIT-34CC34D8F1F1,1830,,True,0
SRC-RAW-8EBA299CCC4A83B67B89,POWER,not_selected_for_target,,absence_from_expert_target_workbook,592,21,2022,CREDIT-6612F99C74D9,1329,,True,2
SRC-RAW-E1EC41ACBAAC7B60F1CD,POWER,not_selected_for_target,,absence_from_expert_target_workbook,593,21,2022,CREDIT-CCF4C910830E,2021,,True,0
SRC-RAW-1D666A7A0EF5E954503E,POWER,not_selected_for_target,,absence_from_expert_target_workbook,594,21,2022,CREDIT-5BC1ECD945A4,3360,,True,2
SRC-RAW-E1E4202FDDF4A3F8EBF9,POWER,not_selected_for_target,,absence_from_expert_target_workbook,595,21,2022,CREDIT-A98B7747BFEC,1462,,True,1
SRC-RAW-9B0578EC7CE3DAB0320B,POWER,not_selected_for_target,,absence_from_expert_target_workbook,596,21,2022,CREDIT-31989E04E318,3061,,True,3
SRC-RAW-E2FF4350C35A7651FF6D,POWER,not_selected_for_target,,absence_from_expert_target_workbook,597,22,2022,CREDIT-31989E04E318,3061,,True,3
SRC-RAW-117084AA88CD1F9BDA0C,POWER,not_selected_for_target,,absence_from_expert_target_workbook,598,21,2022,CREDIT-D8D0EED5556B,1713,,True,0
SRC-RAW-FA4C3673796D4FA89111,POWER,not_selected_for_target,,absence_from_expert_target_workbook,599,21,2022,CREDIT-A3E4E342E8EF,1752,,True,3
SRC-RAW-1B22C6582AEFC5C37EA5,POWER,not_selected_for_target,,absence_from_expert_target_workbook,600,22,2022,CREDIT-A3E4E342E8EF,1752,,True,3
SRC-RAW-87D9CC69CF5E7347EA96,POWER,not_selected_for_target,,absence_from_expert_target_workbook,601,23,2022,CREDIT-A3E4E342E8EF,1752,,True,3
SRC-RAW-98366FAC6C4637CC4AAC,POWER,not_selected_for_target,,absence_from_expert_target_workbook,602,21,2022,CREDIT-F17AA04C324A,2221,,True,2
SRC-RAW-D7EFD802F6C381311944,POWER,include,52,canonical_expert_scope_order,603,11,2022,CREDIT-0EFF3C8FC630,4411,燃气轮机,True,2
SRC-RAW-F2BF0E81A1C47CD116FF,POWER,include,53,canonical_expert_scope_order,604,12,2022,CREDIT-0EFF3C8FC630,4411,燃气轮机,True,2
SRC-RAW-B63F3D36D47460AB74AE,POWER,not_selected_for_target,,absence_from_expert_target_workbook,605,21,2022,CREDIT-A1BDD9CDF217,2710,,True,3
SRC-RAW-A8A98218FD3680A7BCFB,POWER,not_selected_for_target,,absence_from_expert_target_workbook,606,22,2022,CREDIT-A1BDD9CDF217,2710,,True,3
SRC-RAW-DA497BB83F921094820B,POWER,not_selected_for_target,,absence_from_expert_target_workbook,607,23,2022,CREDIT-A1BDD9CDF217,2710,,True,3
SRC-RAW-9579489901A50B09D5B2,POWER,not_selected_for_target,,absence_from_expert_target_workbook,608,21,2022,CREDIT-0BE19D9361B2,1411,,True,0
SRC-RAW-C410A4F4BC674C707FAF,POWER,not_selected_for_target,,absence_from_expert_target_workbook,609,21,2022,CREDIT-3EBC1F460AC6,1329,,True,2
SRC-RAW-B982EFE9443AE4B9A0C1,POWER,not_selected_for_target,,absence_from_expert_target_workbook,610,21,2022,CREDIT-25C0EEF448FE,1331,,True,0
SRC-RAW-AB005C71BC773D6F88D2,POWER,not_selected_for_target,,absence_from_expert_target_workbook,611,22,2022,CREDIT-25C0EEF448FE,1331,,True,0
SRC-RAW-C3395B4E744B51E1A470,POWER,not_selected_for_target,,absence_from_expert_target_workbook,612,23,2022,CREDIT-25C0EEF448FE,1331,,True,0
SRC-RAW-28664D83C5EDF2AD4535,POWER,not_selected_for_target,,absence_from_expert_target_workbook,613,21,2022,CREDIT-796CC5E6B914,3130,,True,5
SRC-RAW-94609851F01C62DFD8B0,POWER,not_selected_for_target,,absence_from_expert_target_workbook,614,210,2022,CREDIT-796CC5E6B914,3130,,True,5
SRC-RAW-F07E61439D533521318C,POWER,not_selected_for_target,,absence_from_expert_target_workbook,615,211,2022,CREDIT-796CC5E6B914,3130,,True,5
SRC-RAW-17305273DB1A22A31C7D,POWER,not_selected_for_target,,absence_from_expert_target_workbook,616,212,2022,CREDIT-796CC5E6B914,3130,,True,5
SRC-RAW-113E15EB18E369ADB1C9,POWER,not_selected_for_target,,absence_from_expert_target_workbook,617,213,2022,CREDIT-796CC5E6B914,3130,,True,5
SRC-RAW-266ACF19D7182EBDFC73,POWER,not_selected_for_target,,absence_from_expert_target_workbook,618,214,2022,CREDIT-796CC5E6B914,3130,,True,5
SRC-RAW-BBC4A9CDF4CFEBAEB800,POWER,not_selected_for_target,,absence_from_expert_target_workbook,619,215,2022,CREDIT-796CC5E6B914,3130,,True,5
SRC-RAW-18C611BDFD0D4AC02A7D,POWER,not_selected_for_target,,absence_from_expert_target_workbook,620,216,2022,CREDIT-796CC5E6B914,3130,,True,5
SRC-RAW-2E7F04B1DB56D13EC538,POWER,not_selected_for_target,,absence_from_expert_target_workbook,621,22,2022,CREDIT-796CC5E6B914,3130,,True,5
SRC-RAW-9C4A24BFCC20EFE6E6FB,POWER,not_selected_for_target,,absence_from_expert_target_workbook,622,23,2022,CREDIT-796CC5E6B914,3130,,True,5
SRC-RAW-3502CA39E78E454E02D1,POWER,not_selected_for_target,,absence_from_expert_target_workbook,623,24,2022,CREDIT-796CC5E6B914,3130,,True,5
SRC-RAW-8217BF4497E21FB2AF1F,POWER,not_selected_for_target,,absence_from_expert_target_workbook,624,25,2022,CREDIT-796CC5E6B914,3130,,True,5
SRC-RAW-8CF960E020EF7588C28A,POWER,not_selected_for_target,,absence_from_expert_target_workbook,625,26,2022,CREDIT-796CC5E6B914,3130,,True,5
SRC-RAW-85EB7547404649F7F630,POWER,not_selected_for_target,,absence_from_expert_target_workbook,626,27,2022,CREDIT-796CC5E6B914,3130,,True,5
SRC-RAW-5C7C1694B27FB0E22825,POWER,not_selected_for_target,,absence_from_expert_target_workbook,627,28,2022,CREDIT-796CC5E6B914,3130,,True,5
SRC-RAW-63C7178AA993CD78E3A7,POWER,not_selected_for_target,,absence_from_expert_target_workbook,628,29,2022,CREDIT-796CC5E6B914,3130,,True,5
SRC-RAW-DB4F1902B71327C15806,POWER,not_selected_for_target,,absence_from_expert_target_workbook,629,21,2022,CREDIT-BDD647876097,3039,,True,2
SRC-RAW-DE7995FD0822ADAE63FD,POWER,not_selected_for_target,,absence_from_expert_target_workbook,630,21,2022,CREDIT-E9BCA2D25B29,3670,,True,2
SRC-RAW-4248A114C7924AE1380B,POWER,not_selected_for_target,,absence_from_expert_target_workbook,631,22,2022,CREDIT-E9BCA2D25B29,3670,,True,2
SRC-RAW-154DF7B3279348DF8A5B,POWER,not_selected_for_target,,absence_from_expert_target_workbook,632,21,2022,CREDIT-9E849EF710CB,2221,,True,3
SRC-RAW-27710973858551D04CD9,POWER,not_selected_for_target,,absence_from_expert_target_workbook,633,21,2022,CREDIT-5D6278A63B5F,3381,,True,5
SRC-RAW-DBB15260C78EBA83A40E,POWER,not_selected_for_target,,absence_from_expert_target_workbook,634,22,2022,CREDIT-5D6278A63B5F,3381,,True,5
SRC-RAW-551B2BE709200BB5AE24,POWER,not_selected_for_target,,absence_from_expert_target_workbook,635,23,2022,CREDIT-5D6278A63B5F,3381,,True,5
SRC-RAW-D38902E6592D19AAE8EE,POWER,not_selected_for_target,,absence_from_expert_target_workbook,636,24,2022,CREDIT-5D6278A63B5F,3381,,True,5
SRC-RAW-B28904909A397B33F280,POWER,not_selected_for_target,,absence_from_expert_target_workbook,637,21,2022,CREDIT-3DFB71FFF8EA,2929,,True,3
SRC-RAW-3EF4C285FA23D36D8A39,POWER,include,54,canonical_expert_scope_order,638,11,2022,CREDIT-BDB9831BD61E,4412,燃煤锅炉,True,6
SRC-RAW-4BAF29D777E9EDB3D5F5,POWER,include,55,canonical_expert_scope_order,639,12,2022,CREDIT-BDB9831BD61E,4412,燃煤锅炉,True,6
SRC-RAW-E2904304246853CD4377,POWER,include,56,canonical_expert_scope_order,640,11,2022,CREDIT-EF6B5DC72014,2221,燃煤锅炉,True,3
SRC-RAW-D33045A9025B4A866A86,POWER,not_selected_for_target,,absence_from_expert_target_workbook,641,21,2022,CREDIT-D0869E35B22F,2021,,True,2
SRC-RAW-0B15FFB20FECB207CD7F,POWER,not_selected_for_target,,absence_from_expert_target_workbook,642,22,2022,CREDIT-D0869E35B22F,2021,,True,2
SRC-RAW-627CF503DF17A4EC1420,POWER,not_selected_for_target,,absence_from_expert_target_workbook,643,21,2022,CREDIT-C31F1BB35305,3031,,True,1
SRC-RAW-FCFF30037B09EF83A425,POWER,not_selected_for_target,,absence_from_expert_target_workbook,644,21,2022,CREDIT-BF50A94949B2,2624,,True,1
SRC-RAW-EE375B4FBC5B88778872,POWER,not_selected_for_target,,absence_from_expert_target_workbook,645,21,2022,CREDIT-7A5F057CC11E,1819,,True,1
SRC-RAW-498A117B8960F8EB65D3,POWER,not_selected_for_target,,absence_from_expert_target_workbook,646,21,2022,CREDIT-849E3B58393D,2221,,True,3
SRC-RAW-FC88D1EC60CF78B5A241,POWER,not_selected_for_target,,absence_from_expert_target_workbook,647,21,2022,CREDIT-82F73F13C4E3,2682,,True,0
SRC-RAW-FDFE95400C5A21E1B52F,POWER,include,57,canonical_expert_scope_order,648,11,2022,CREDIT-FCB4535DA117,4411,燃气轮机,True,0
SRC-RAW-410848371960E43F807D,POWER,include,58,canonical_expert_scope_order,649,12,2022,CREDIT-FCB4535DA117,4411,燃气轮机,True,0
SRC-RAW-2D635CCB2B7DF66F6775,POWER,not_selected_for_target,,absence_from_expert_target_workbook,650,21,2022,CREDIT-FCB4535DA117,4411,,True,0
SRC-RAW-974A6E5488D15AF5EFF6,POWER,not_selected_for_target,,absence_from_expert_target_workbook,651,21,2022,CREDIT-4DC3EDDCF4A3,4190,,True,0
SRC-RAW-5EB9C2C3DF1AD134B349,POWER,not_selected_for_target,,absence_from_expert_target_workbook,652,21,2022,CREDIT-1A3439016580,2730,,True,1
SRC-RAW-3E0F393B1A8F5CE12F4B,POWER,not_selected_for_target,,absence_from_expert_target_workbook,653,21,2022,CREDIT-7D61561E8001,1519,,True,1
SRC-RAW-5A97C83814623CAF1CFE,POWER,not_selected_for_target,,absence_from_expert_target_workbook,654,22,2022,CREDIT-7D61561E8001,1519,,True,1
SRC-RAW-449555A97C564E846762,POWER,not_selected_for_target,,absence_from_expert_target_workbook,655,23,2022,CREDIT-7D61561E8001,1519,,True,1
SRC-RAW-799AB752E0984C47D34D,POWER,not_selected_for_target,,absence_from_expert_target_workbook,656,24,2022,CREDIT-7D61561E8001,1519,,True,1
SRC-RAW-93CFF7481899E946C875,POWER,not_selected_for_target,,absence_from_expert_target_workbook,657,11,2022,CREDIT-75EB873E7768,4417,燃生物质锅炉,True,18
SRC-RAW-1119D64A2A06965F0B17,POWER,not_selected_for_target,,absence_from_expert_target_workbook,658,12,2022,CREDIT-75EB873E7768,4417,燃生物质锅炉,True,18
SRC-RAW-BBA79213D98C17CEAC03,POWER,not_selected_for_target,,absence_from_expert_target_workbook,659,13,2022,CREDIT-75EB873E7768,4417,燃生物质锅炉,True,18
SRC-RAW-5518B22771F752D3BA4B,POWER,not_selected_for_target,,absence_from_expert_target_workbook,660,14,2022,CREDIT-75EB873E7768,4417,燃生物质锅炉,True,18
SRC-RAW-2C2EAD39D3CE1B6F8BFA,POWER,not_selected_for_target,,absence_from_expert_target_workbook,661,15,2022,CREDIT-75EB873E7768,4417,燃生物质锅炉,True,18
SRC-RAW-B31CB8538361A2ACCB88,POWER,not_selected_for_target,,absence_from_expert_target_workbook,662,16,2022,CREDIT-75EB873E7768,4417,燃生物质锅炉,True,18
SRC-RAW-32145D9E5A66BC713F83,POWER,not_selected_for_target,,absence_from_expert_target_workbook,663,21,2022,CREDIT-2B444192EE2F,1469,,True,0
SRC-RAW-B8BB144A265A25780A76,POWER,not_selected_for_target,,absence_from_expert_target_workbook,664,21,2022,CREDIT-4DBE40DEDBB0,2023,,True,5
SRC-RAW-AEA897CF4FD211DFAFE9,POWER,not_selected_for_target,,absence_from_expert_target_workbook,665,21,2022,CREDIT-EDA75ED100F4,3033,,True,1
SRC-RAW-0D629285E464FD9BD179,POWER,not_selected_for_target,,absence_from_expert_target_workbook,666,21,2022,CREDIT-2835BB8506F5,1411,,True,1
SRC-RAW-07CF7CE13F9ED761E9CA,POWER,not_selected_for_target,,absence_from_expert_target_workbook,667,21,2022,CREDIT-B84A73941BEE,3670,,True,1
SRC-RAW-2EAD1DEF5A8A554AC0B2,POWER,not_selected_for_target,,absence_from_expert_target_workbook,668,21,2022,CREDIT-1492E1B0EB51,3031,,True,3
SRC-RAW-3ADABD147A15EE50A339,POWER,not_selected_for_target,,absence_from_expert_target_workbook,669,21,2022,CREDIT-78C14E66F762,4430,,True,0
SRC-RAW-E8292B0B38F097C14FE1,POWER,not_selected_for_target,,absence_from_expert_target_workbook,670,21,2022,CREDIT-6DD8ACABF3E7,1469,,True,0
SRC-RAW-E8DCB23E7F1E33EBB7A9,POWER,not_selected_for_target,,absence_from_expert_target_workbook,671,21,2022,CREDIT-B225AE37B086,1453,,True,0
SRC-RAW-FA8F10359CAD8584DB46,POWER,not_selected_for_target,,absence_from_expert_target_workbook,672,21,2022,CREDIT-1DF788F3408D,1713,,True,2
SRC-RAW-B1C4191854559DD4DC19,POWER,not_selected_for_target,,absence_from_expert_target_workbook,673,21,2022,CREDIT-E98800AFE34E,2682,,True,0
SRC-RAW-3826EE8818BD94CB1FF9,POWER,not_selected_for_target,,absence_from_expert_target_workbook,674,21,2022,CREDIT-3042F061D252,1469,,True,0
SRC-RAW-0E2C54C80B16F1B502A2,POWER,not_selected_for_target,,absence_from_expert_target_workbook,675,21,2022,CREDIT-98777513FF6C,1331,,True,0
SRC-RAW-708CB96C324A14F07C1E,POWER,not_selected_for_target,,absence_from_expert_target_workbook,676,21,2022,CREDIT-C289C9DB5A1C,2740,,True,0
SRC-RAW-8ECD1D46ADACABCA85A1,POWER,not_selected_for_target,,absence_from_expert_target_workbook,677,21,2022,CREDIT-071DFF598C72,2916,,True,0
SRC-RAW-38EEBB2DC6AC32CB1102,POWER,not_selected_for_target,,absence_from_expert_target_workbook,678,210,2022,CREDIT-071DFF598C72,2916,,True,0
SRC-RAW-77005D44AD8ACAEF83A5,POWER,not_selected_for_target,,absence_from_expert_target_workbook,679,211,2022,CREDIT-071DFF598C72,2916,,True,0
SRC-RAW-9224FCD387B5C3FC4CBD,POWER,not_selected_for_target,,absence_from_expert_target_workbook,680,212,2022,CREDIT-071DFF598C72,2916,,True,0
SRC-RAW-1F03CCF33999D8630981,POWER,not_selected_for_target,,absence_from_expert_target_workbook,681,213,2022,CREDIT-071DFF598C72,2916,,True,0
SRC-RAW-E9985D3735FECA6E70BB,POWER,not_selected_for_target,,absence_from_expert_target_workbook,682,214,2022,CREDIT-071DFF598C72,2916,,True,0
SRC-RAW-0DD021E7D9390E4264F7,POWER,not_selected_for_target,,absence_from_expert_target_workbook,683,22,2022,CREDIT-071DFF598C72,2916,,True,0
SRC-RAW-1F14673F2B13B5A3156E,POWER,not_selected_for_target,,absence_from_expert_target_workbook,684,23,2022,CREDIT-071DFF598C72,2916,,True,0
SRC-RAW-9FD8B79E821F322193D1,POWER,not_selected_for_target,,absence_from_expert_target_workbook,685,24,2022,CREDIT-071DFF598C72,2916,,True,0
SRC-RAW-1E1A9B0874EE070F4708,POWER,not_selected_for_target,,absence_from_expert_target_workbook,686,25,2022,CREDIT-071DFF598C72,2916,,True,0
SRC-RAW-D7B4E9DE3718DEE61289,POWER,not_selected_for_target,,absence_from_expert_target_workbook,687,26,2022,CREDIT-071DFF598C72,2916,,True,0
SRC-RAW-7B8F25719B6D1206FB59,POWER,not_selected_for_target,,absence_from_expert_target_workbook,688,27,2022,CREDIT-071DFF598C72,2916,,True,0
SRC-RAW-D512C4E6240214C9E8F0,POWER,not_selected_for_target,,absence_from_expert_target_workbook,689,28,2022,CREDIT-071DFF598C72,2916,,True,0
SRC-RAW-645E3F07DDE9F9EA3460,POWER,not_selected_for_target,,absence_from_expert_target_workbook,690,29,2022,CREDIT-071DFF598C72,2916,,True,0
SRC-RAW-073BF43315A28F5B4A72,POWER,not_selected_for_target,,absence_from_expert_target_workbook,691,21,2022,CREDIT-91E6FD44C066,3033,,True,2
SRC-RAW-FFCC030AD90572EF0D30,POWER,not_selected_for_target,,absence_from_expert_target_workbook,692,21,2022,CREDIT-0DE48EF5F573,2921,,True,4
SRC-RAW-1AC00A07178A372624BD,POWER,not_selected_for_target,,absence_from_expert_target_workbook,693,21,2022,CREDIT-39CE9E5A6239,1469,,True,0
SRC-RAW-A423CF5558C08C81F0C1,POWER,not_selected_for_target,,absence_from_expert_target_workbook,694,21,2022,CREDIT-4BF142025A79,3464,,True,4
SRC-RAW-DE538674C67B015AAECE,POWER,not_selected_for_target,,absence_from_expert_target_workbook,695,22,2022,CREDIT-4BF142025A79,3464,,True,4
SRC-RAW-03D3A7681F29BF4A6CC6,POWER,not_selected_for_target,,absence_from_expert_target_workbook,696,23,2022,CREDIT-4BF142025A79,3464,,True,4
SRC-RAW-29B5DA8092C03E98D0A2,POWER,not_selected_for_target,,absence_from_expert_target_workbook,697,24,2022,CREDIT-4BF142025A79,3464,,True,4
SRC-RAW-6FB7829D48A5A49B8641,POWER,not_selected_for_target,,absence_from_expert_target_workbook,698,21,2022,CREDIT-B02FAEFBE145,2740,,True,9
SRC-RAW-E7FA2F2E4EE3BB4ACA6F,POWER,not_selected_for_target,,absence_from_expert_target_workbook,699,21,2022,CREDIT-FF60CDFC212F,3611,,True,3
SRC-RAW-B13012D7690AA3D38AE8,POWER,not_selected_for_target,,absence_from_expert_target_workbook,700,21,2022,CREDIT-78FE22279074,1353,,True,0
SRC-RAW-716D21AFC540EDFB5483,POWER,not_selected_for_target,,absence_from_expert_target_workbook,701,21,2022,CREDIT-6C0889C3B1DD,2710,,True,0
SRC-RAW-14A06513A8F387C57BA4,POWER,not_selected_for_target,,absence_from_expert_target_workbook,702,21,2022,CREDIT-184CEA7D281B,2682,,True,0
SRC-RAW-93739C2FDBC2373CDA68,POWER,not_selected_for_target,,absence_from_expert_target_workbook,703,21,2022,CREDIT-6C8964792D14,2710,,True,3
SRC-RAW-9219C7167D09E3CF1EAB,POWER,not_selected_for_target,,absence_from_expert_target_workbook,704,21,2022,CREDIT-781B93ED73D1,2924,,True,4
SRC-RAW-254F0669A66092CE2EC6,POWER,not_selected_for_target,,absence_from_expert_target_workbook,705,21,2022,CREDIT-6633EA0ED863,2710,,True,0
SRC-RAW-B547213C612492358944,POWER,not_selected_for_target,,absence_from_expert_target_workbook,706,21,2022,CREDIT-8DC8E5C2D3B4,1432,,True,0
SRC-RAW-378EC575DCF2ECD4A42B,POWER,not_selected_for_target,,absence_from_expert_target_workbook,707,22,2022,CREDIT-8DC8E5C2D3B4,1432,,True,0
SRC-RAW-840D3AEF3667DA5021BC,POWER,not_selected_for_target,,absence_from_expert_target_workbook,708,21,2022,CREDIT-BC0105D5BA3D,2681,,True,0
SRC-RAW-3E5D83B6F81DB3D2DB3E,POWER,not_selected_for_target,,absence_from_expert_target_workbook,709,22,2022,CREDIT-BC0105D5BA3D,2681,,True,0
SRC-RAW-5E4397A53EBC0CD8BF78,POWER,not_selected_for_target,,absence_from_expert_target_workbook,710,21,2022,CREDIT-40A46590A662,1353,,True,0
SRC-RAW-CA014495F89531F6C99F,POWER,not_selected_for_target,,absence_from_expert_target_workbook,711,21,2022,CREDIT-4F497671B5A4,1495,,True,3
SRC-RAW-37A9330882A43B48C501,POWER,not_selected_for_target,,absence_from_expert_target_workbook,712,21,2022,CREDIT-5F926E449590,1492,,True,0
SRC-RAW-95A464900C8DAD5A8B8D,POWER,not_selected_for_target,,absence_from_expert_target_workbook,713,21,2022,CREDIT-A899F88EEAB9,2689,,True,4
SRC-RAW-33D0714F6A6B9E5EB368,POWER,not_selected_for_target,,absence_from_expert_target_workbook,714,21,2022,CREDIT-7B01BD1299FB,2662,,True,3
SRC-RAW-D980E73569C38C8297E3,POWER,not_selected_for_target,,absence_from_expert_target_workbook,715,21,2022,CREDIT-71D811446585,2669,,True,0
SRC-RAW-47BC187F48D78D029122,POWER,not_selected_for_target,,absence_from_expert_target_workbook,716,21,2022,CREDIT-896F79D6D289,2110,,True,7
SRC-RAW-579F15B5DFC0D0CD5B5B,POWER,not_selected_for_target,,absence_from_expert_target_workbook,717,21,2022,CREDIT-2FE611541BB9,1751,,True,0
SRC-RAW-BEC19DD0F82F07CDB0DB,POWER,not_selected_for_target,,absence_from_expert_target_workbook,718,22,2022,CREDIT-2FE611541BB9,1751,,True,0
SRC-RAW-04C3F7E3DFC0344E2607,POWER,not_selected_for_target,,absence_from_expert_target_workbook,719,21,2022,CREDIT-20E765D16F0D,2682,,True,0
SRC-RAW-3F7F57EE5E2A5B58BE23,POWER,not_selected_for_target,,absence_from_expert_target_workbook,720,21,2022,CREDIT-9845FFF4EF3A,2681,,True,1
SRC-RAW-30779838865FD24E2A88,POWER,not_selected_for_target,,absence_from_expert_target_workbook,721,21,2022,CREDIT-267764EE5C6F,4430,,True,0
SRC-RAW-3C5A5B7974EDAB5E9086,POWER,not_selected_for_target,,absence_from_expert_target_workbook,722,21,2022,CREDIT-1036F7F587B6,2924,,True,1
SRC-RAW-0E5D25C698FC766F5E54,POWER,not_selected_for_target,,absence_from_expert_target_workbook,723,21,2022,CREDIT-0D839FBD4C1B,2110,,True,14
SRC-RAW-0CD50FAFD598F78B9A62,POWER,not_selected_for_target,,absence_from_expert_target_workbook,724,22,2022,CREDIT-0D839FBD4C1B,2110,,True,14
SRC-RAW-CADBCD839F21F51A6A87,POWER,not_selected_for_target,,absence_from_expert_target_workbook,725,21,2022,CREDIT-6A66815E1118,3022,,True,1
SRC-RAW-487E9155CC10A84520E8,POWER,not_selected_for_target,,absence_from_expert_target_workbook,726,21,2022,CREDIT-7413EC6F87E8,3670,,True,3
SRC-RAW-CED09402B2EB7B6B8A28,POWER,not_selected_for_target,,absence_from_expert_target_workbook,727,21,2022,CREDIT-65F82B7302F7,3031,,True,1
SRC-RAW-87304C690FB576F73DB6,POWER,not_selected_for_target,,absence_from_expert_target_workbook,728,11,2022,CREDIT-5E5F62D8987A,4417,燃生物质锅炉,True,7
SRC-RAW-6FBFC3FE2E2BB0512C47,POWER,not_selected_for_target,,absence_from_expert_target_workbook,729,12,2022,CREDIT-5E5F62D8987A,4417,燃生物质锅炉,True,7
SRC-RAW-A2013316478C9D82B769,POWER,not_selected_for_target,,absence_from_expert_target_workbook,730,13,2022,CREDIT-5E5F62D8987A,4417,燃生物质锅炉,True,7
SRC-RAW-4A95AAB937318AC289FC,POWER,not_selected_for_target,,absence_from_expert_target_workbook,731,14,2022,CREDIT-5E5F62D8987A,4417,燃生物质锅炉,True,7
SRC-RAW-19F1982D1CA83A2FDEE1,POWER,not_selected_for_target,,absence_from_expert_target_workbook,732,15,2022,CREDIT-5E5F62D8987A,4417,燃生物质锅炉,True,7
SRC-RAW-AB38D1D1FD9E0BA3BD31,POWER,not_selected_for_target,,absence_from_expert_target_workbook,733,16,2022,CREDIT-5E5F62D8987A,4417,燃生物质锅炉,True,7
SRC-RAW-4481C218B3293200ED99,POWER,not_selected_for_target,,absence_from_expert_target_workbook,734,17,2022,CREDIT-5E5F62D8987A,4417,燃生物质锅炉,True,7
SRC-RAW-18E1B3B43BCE322909B9,POWER,not_selected_for_target,,absence_from_expert_target_workbook,735,21,2022,CREDIT-4EB3A4DC1279,2710,,True,3
SRC-RAW-0D8AA5F7972CB21A15C4,POWER,not_selected_for_target,,absence_from_expert_target_workbook,736,21,2022,CREDIT-9599A73543C8,1469,,True,0
SRC-RAW-1B96296085F12E3F1D11,POWER,not_selected_for_target,,absence_from_expert_target_workbook,737,21,2022,CREDIT-4937BF5C9D18,3024,,True,0
SRC-RAW-26B7D5057AFD564815C0,POWER,not_selected_for_target,,absence_from_expert_target_workbook,738,21,2022,CREDIT-05329EA738E6,3021,,True,1
SRC-RAW-D0104D464E303C82C187,POWER,not_selected_for_target,,absence_from_expert_target_workbook,739,22,2022,CREDIT-05329EA738E6,3021,,True,1
SRC-RAW-C9890C74E2511572017A,POWER,not_selected_for_target,,absence_from_expert_target_workbook,740,21,2022,CREDIT-F8B6981090D9,3022,,True,2
SRC-RAW-8F9251D273B910A2EF54,POWER,not_selected_for_target,,absence_from_expert_target_workbook,741,21,2022,CREDIT-79D035F8E379,2720,,True,1
SRC-RAW-6687025A381FD38973FC,POWER,not_selected_for_target,,absence_from_expert_target_workbook,742,21,2022,CREDIT-CAC44CEF703C,3751,,True,9
SRC-RAW-C9016DE113CFC93FCB37,POWER,not_selected_for_target,,absence_from_expert_target_workbook,743,22,2022,CREDIT-CAC44CEF703C,3751,,True,9
SRC-RAW-A936F87CD7EE449FD4C2,POWER,not_selected_for_target,,absence_from_expert_target_workbook,744,23,2022,CREDIT-CAC44CEF703C,3751,,True,9
SRC-RAW-CF4CE62BF0FDA7FBCE35,POWER,not_selected_for_target,,absence_from_expert_target_workbook,745,21,2022,CREDIT-CAD3113969FA,2669,,True,7
SRC-RAW-CBA71CAFD512547A47C8,POWER,not_selected_for_target,,absence_from_expert_target_workbook,746,21,2022,CREDIT-48E914E77D23,1752,,True,1
SRC-RAW-33C9DD3BBA1DFDABCD46,POWER,not_selected_for_target,,absence_from_expert_target_workbook,747,22,2022,CREDIT-48E914E77D23,1752,,True,1
SRC-RAW-0F12411648573BBDBE4E,POWER,not_selected_for_target,,absence_from_expert_target_workbook,748,21,2022,CREDIT-5D2DC6C97496,3021,,True,3
SRC-RAW-642D32F505F7E53F91EB,POWER,not_selected_for_target,,absence_from_expert_target_workbook,749,21,2022,CREDIT-8E7989808083,2231,,True,0
SRC-RAW-B5C1C60134C7F8054741,POWER,not_selected_for_target,,absence_from_expert_target_workbook,750,22,2022,CREDIT-8E7989808083,2231,,True,0
SRC-RAW-E9553B256B7E6AEFE791,POWER,include,59,canonical_expert_scope_order,751,11,2022,CREDIT-3374AF0B8772,4412,燃煤锅炉,True,6
SRC-RAW-82B5828D08384E0505B2,POWER,include,60,canonical_expert_scope_order,752,12,2022,CREDIT-3374AF0B8772,4412,燃煤锅炉,True,6
SRC-RAW-95F6D5B0A630F773DA4A,POWER,not_selected_for_target,,absence_from_expert_target_workbook,753,21,2022,CREDIT-07A07049094B,3039,,True,4
SRC-RAW-418B2CD20008B280A719,POWER,not_selected_for_target,,absence_from_expert_target_workbook,754,21,2022,CREDIT-2E051ECABF12,1391,,True,0
SRC-RAW-C7F62AB1851C3EF1F98B,POWER,not_selected_for_target,,absence_from_expert_target_workbook,755,21,2022,CREDIT-B4939D83CDBE,2646,,True,1
SRC-RAW-A57CB2EB1633801E1D78,POWER,not_selected_for_target,,absence_from_expert_target_workbook,756,21,2022,CREDIT-1F7DF4983131,3611,,True,3
SRC-RAW-D3835831A45D5853FF84,POWER,not_selected_for_target,,absence_from_expert_target_workbook,757,22,2022,CREDIT-1F7DF4983131,3611,,True,3
SRC-RAW-7501329C7B6301C07D59,POWER,not_selected_for_target,,absence_from_expert_target_workbook,758,23,2022,CREDIT-1F7DF4983131,3611,,True,3
SRC-RAW-9679A92DA47F9585FA1A,POWER,not_selected_for_target,,absence_from_expert_target_workbook,759,21,2022,CREDIT-CD1EE716A27F,1419,,True,1
SRC-RAW-6A0695F78DD389D6EEB9,POWER,not_selected_for_target,,absence_from_expert_target_workbook,760,21,2022,CREDIT-596089BFE0B5,3670,,True,3
SRC-RAW-D234A413DDBBC7248026,POWER,not_selected_for_target,,absence_from_expert_target_workbook,761,21,2022,CREDIT-D573191190BC,2110,,True,17
SRC-RAW-BF8DC2D2ACB98FD493DA,POWER,not_selected_for_target,,absence_from_expert_target_workbook,762,22,2022,CREDIT-D573191190BC,2110,,True,17
SRC-RAW-DFDFDCF8C131FDEE9F6F,POWER,not_selected_for_target,,absence_from_expert_target_workbook,763,21,2022,CREDIT-595CD8F3DB13,1954,,True,10
SRC-RAW-60A771D405F1EFDB96DC,POWER,not_selected_for_target,,absence_from_expert_target_workbook,764,22,2022,CREDIT-595CD8F3DB13,1954,,True,10
SRC-RAW-46C4AB1CC46542A724A0,POWER,not_selected_for_target,,absence_from_expert_target_workbook,765,21,2022,CREDIT-63B3361D3125,2822,,True,3
SRC-RAW-C91C8844933115372023,POWER,not_selected_for_target,,absence_from_expert_target_workbook,766,21,2022,CREDIT-A33E49296FEB,1495,,True,4
SRC-RAW-40153555C2B9FFCF9137,POWER,not_selected_for_target,,absence_from_expert_target_workbook,767,21,2022,CREDIT-5D892A5DDAD6,1411,,True,0
SRC-RAW-EABC4D8BC401515C8C13,POWER,not_selected_for_target,,absence_from_expert_target_workbook,768,21,2022,CREDIT-30A02B168293,2761,,True,0
SRC-RAW-69231D6F27C207D402E6,POWER,not_selected_for_target,,absence_from_expert_target_workbook,769,22,2022,CREDIT-30A02B168293,2761,,True,0
SRC-RAW-5C89FCAC093E077D6842,POWER,not_selected_for_target,,absence_from_expert_target_workbook,770,21,2022,CREDIT-1F63201EFF6E,2926,,True,5
SRC-RAW-2AD5AD8749874EB68B18,POWER,not_selected_for_target,,absence_from_expert_target_workbook,771,21,2022,CREDIT-FA569F6F5852,1529,,True,2
SRC-RAW-C73252EB1C00A5A31A48,POWER,not_selected_for_target,,absence_from_expert_target_workbook,772,21,2022,CREDIT-3F4D6A658562,3611,,True,9
SRC-RAW-B7DCD01E6CFCBD3EF61D,POWER,not_selected_for_target,,absence_from_expert_target_workbook,773,22,2022,CREDIT-3F4D6A658562,3611,,True,9
SRC-RAW-1C699A2B91620E9EC767,POWER,not_selected_for_target,,absence_from_expert_target_workbook,774,23,2022,CREDIT-3F4D6A658562,3611,,True,9
SRC-RAW-C289A03D38B10AAA3ED1,POWER,not_selected_for_target,,absence_from_expert_target_workbook,775,24,2022,CREDIT-3F4D6A658562,3611,,True,9
SRC-RAW-FEA6364DF674C4013964,POWER,not_selected_for_target,,absence_from_expert_target_workbook,776,25,2022,CREDIT-3F4D6A658562,3611,,True,9
SRC-RAW-046149CDA9715EC41ADA,POWER,not_selected_for_target,,absence_from_expert_target_workbook,777,26,2022,CREDIT-3F4D6A658562,3611,,True,9
SRC-RAW-86DF5D5CEA617E62038C,POWER,not_selected_for_target,,absence_from_expert_target_workbook,778,27,2022,CREDIT-3F4D6A658562,3611,,True,9
SRC-RAW-E8A2A09D25FD765E223B,POWER,not_selected_for_target,,absence_from_expert_target_workbook,779,28,2022,CREDIT-3F4D6A658562,3611,,True,9
SRC-RAW-90B5288CD3B3564F07B1,POWER,not_selected_for_target,,absence_from_expert_target_workbook,780,21,2022,CREDIT-7523E3FA5C42,2924,,True,3
SRC-RAW-40BD32E814AB1C33B324,POWER,not_selected_for_target,,absence_from_expert_target_workbook,781,21,2022,CREDIT-C0B1F6D60B80,2021,,True,1
SRC-RAW-D768131F2BD1C2706DD1,POWER,not_selected_for_target,,absence_from_expert_target_workbook,782,21,2022,CREDIT-6857EEB220A0,2021,,True,1
SRC-RAW-E7F6BEF1EF3DC20E4181,POWER,not_selected_for_target,,absence_from_expert_target_workbook,783,21,2022,CREDIT-FFC30348A0A3,1411,,True,0
SRC-RAW-0C5EB7447E404E0508DD,POWER,include,61,canonical_expert_scope_order,784,11,2022,CREDIT-D771E620320C,4411,余热利用锅炉,True,2
SRC-RAW-289E215CDA4C375824BF,POWER,include,62,canonical_expert_scope_order,785,12,2022,CREDIT-D771E620320C,4411,余热利用锅炉,True,2
SRC-RAW-4BF31CE64C2DF60C2C83,POWER,not_selected_for_target,,absence_from_expert_target_workbook,786,21,2022,CREDIT-7A91498A8ED1,3974,,True,11
SRC-RAW-3A3476D76B6137D4C6AB,POWER,not_selected_for_target,,absence_from_expert_target_workbook,787,22,2022,CREDIT-7A91498A8ED1,3974,,True,11
SRC-RAW-AB7EFD0A2AD23092F5A6,POWER,not_selected_for_target,,absence_from_expert_target_workbook,788,21,2022,CREDIT-1DB20D8D7006,3042,,True,5
SRC-RAW-6A3ACEFBF7A6B825AB94,POWER,not_selected_for_target,,absence_from_expert_target_workbook,789,22,2022,CREDIT-1DB20D8D7006,3042,,True,5
SRC-RAW-1221FF00DE08CB3A3834,POWER,not_selected_for_target,,absence_from_expert_target_workbook,790,23,2022,CREDIT-1DB20D8D7006,3042,,True,5
SRC-RAW-1A95BBEF80BAF49DFFCB,POWER,not_selected_for_target,,absence_from_expert_target_workbook,791,24,2022,CREDIT-1DB20D8D7006,3042,,True,5
SRC-RAW-BD9910F2E32E4AD0DFFE,POWER,not_selected_for_target,,absence_from_expert_target_workbook,792,25,2022,CREDIT-1DB20D8D7006,3042,,True,5
SRC-RAW-DF92C294A0381ED1B81D,POWER,not_selected_for_target,,absence_from_expert_target_workbook,793,26,2022,CREDIT-1DB20D8D7006,3042,,True,5
SRC-RAW-5D4535C299E833FE4746,POWER,not_selected_for_target,,absence_from_expert_target_workbook,794,27,2022,CREDIT-1DB20D8D7006,3042,,True,5
SRC-RAW-9E21A93800BFF8CFB5C8,POWER,not_selected_for_target,,absence_from_expert_target_workbook,795,21,2022,CREDIT-6CF2E4BD7BF6,4349,,True,1
SRC-RAW-A2858BF3EB0F75DFABEB,POWER,not_selected_for_target,,absence_from_expert_target_workbook,796,21,2022,CREDIT-A1EEB0BE0D78,1462,,True,1
SRC-RAW-9CF7BED972BE0895F0EC,POWER,not_selected_for_target,,absence_from_expert_target_workbook,797,21,2022,CREDIT-B267AB4FB9CB,1462,,True,1
SRC-RAW-CF8479B937502AF1AF1B,POWER,not_selected_for_target,,absence_from_expert_target_workbook,798,21,2022,CREDIT-1A65D1C21EB5,2641,,True,5
SRC-RAW-9543D58A08BD7E1F08F6,POWER,not_selected_for_target,,absence_from_expert_target_workbook,799,21,2022,CREDIT-91A051A613A8,2720,,True,2
SRC-RAW-FA1764C837D683B4ABC6,POWER,not_selected_for_target,,absence_from_expert_target_workbook,800,21,2022,CREDIT-4635E192C96D,1620,,True,9
SRC-RAW-88BDA408E30EF6B4E215,POWER,not_selected_for_target,,absence_from_expert_target_workbook,801,21,2022,ORG-A6AD6745423E,2761,,True,0
SRC-RAW-D0465D4ACB201A6A321B,POWER,not_selected_for_target,,absence_from_expert_target_workbook,802,22,2022,ORG-A6AD6745423E,2761,,True,0
SRC-RAW-1003599C798D806905A3,POWER,not_selected_for_target,,absence_from_expert_target_workbook,803,21,2022,CREDIT-2A7553CB2CD2,2641,,True,2
SRC-RAW-DBBC8C93A55FECC7A744,POWER,not_selected_for_target,,absence_from_expert_target_workbook,804,21,2022,CREDIT-2E50BD201FC9,2641,,True,2
SRC-RAW-20AFE373BFF2FF61A90B,POWER,not_selected_for_target,,absence_from_expert_target_workbook,805,21,2022,CREDIT-A2D18EC071D8,3031,,True,1
SRC-RAW-4C8441674DC1C38BBCF5,POWER,not_selected_for_target,,absence_from_expert_target_workbook,806,21,2022,CREDIT-CE0894CEDAF6,2720,,True,0
SRC-RAW-AF44B45038DD66AFA097,POWER,not_selected_for_target,,absence_from_expert_target_workbook,807,22,2022,CREDIT-CE0894CEDAF6,2720,,True,0
SRC-RAW-237BFF20F5D70AC06394,POWER,not_selected_for_target,,absence_from_expert_target_workbook,808,23,2022,CREDIT-CE0894CEDAF6,2720,,True,0
SRC-RAW-49D2AA9711B49056C72D,POWER,not_selected_for_target,,absence_from_expert_target_workbook,809,21,2022,CREDIT-86C2D5863BBF,3021,,True,0
SRC-RAW-BA10A6AF747FE6E0D0A0,POWER,not_selected_for_target,,absence_from_expert_target_workbook,810,21,2022,ORG-5C03FAB00CC0,1329,,True,0
SRC-RAW-25A8C679625A720EB715,POWER,not_selected_for_target,,absence_from_expert_target_workbook,811,21,2022,CREDIT-19EDBF33346A,2651,,True,1
SRC-RAW-B31283B3383AA4D95492,POWER,not_selected_for_target,,absence_from_expert_target_workbook,812,21,2022,CREDIT-D40A9C88608D,2643,,True,0
SRC-RAW-03DE8EF23ED7B791BADC,POWER,include,63,canonical_expert_scope_order,813,11,2022,CREDIT-4E6B93D48140,4411,燃煤锅炉,True,6
SRC-RAW-0FD82B1672C4D5D5BD9F,POWER,include,64,canonical_expert_scope_order,814,12,2022,CREDIT-4E6B93D48140,4411,燃煤锅炉,True,6
SRC-RAW-F8BA9083DF97EED386F9,POWER,not_selected_for_target,,absence_from_expert_target_workbook,815,21,2022,CREDIT-5B72201D933B,1431,,True,1
SRC-RAW-370FFC81B8AE2633771F,POWER,not_selected_for_target,,absence_from_expert_target_workbook,816,21,2022,ORG-4FBC01F0C371,1610,,True,0
SRC-RAW-95619C74ABACBC389983,POWER,not_selected_for_target,,absence_from_expert_target_workbook,817,22,2022,ORG-4FBC01F0C371,1610,,True,0
SRC-RAW-02ABF4AF1C8EEF4F27CD,POWER,not_selected_for_target,,absence_from_expert_target_workbook,818,23,2022,ORG-4FBC01F0C371,1610,,True,0
SRC-RAW-13569E5842AD7C55D076,POWER,not_selected_for_target,,absence_from_expert_target_workbook,819,21,2022,CREDIT-B90A909CBB3A,2613,,True,0
SRC-RAW-D95CEF40178007768A48,POWER,not_selected_for_target,,absence_from_expert_target_workbook,820,22,2022,CREDIT-B90A909CBB3A,2613,,True,0
SRC-RAW-052001AE00EAE9CB3DBA,POWER,not_selected_for_target,,absence_from_expert_target_workbook,821,11,2022,CREDIT-570952A71C00,4417,燃生物质锅炉,True,2
SRC-RAW-456A9036050B220A011B,POWER,not_selected_for_target,,absence_from_expert_target_workbook,822,12,2022,CREDIT-570952A71C00,4417,燃生物质锅炉,True,2
SRC-RAW-0C1866BF2A41CF29DB6A,POWER,not_selected_for_target,,absence_from_expert_target_workbook,823,21,2022,CREDIT-F09002AD4B6A,1513,,True,1
SRC-RAW-CFCA5E1106EC5AD471BD,POWER,not_selected_for_target,,absence_from_expert_target_workbook,824,22,2022,CREDIT-F09002AD4B6A,1513,,True,1
SRC-RAW-EE892616E4CC42408FF5,POWER,not_selected_for_target,,absence_from_expert_target_workbook,825,23,2022,CREDIT-F09002AD4B6A,1513,,True,1
SRC-RAW-5C9ECBAB33B963DAD5F1,POWER,not_selected_for_target,,absence_from_expert_target_workbook,826,24,2022,CREDIT-F09002AD4B6A,1513,,True,1
SRC-RAW-1009304709DE232A07CD,POWER,not_selected_for_target,,absence_from_expert_target_workbook,827,21,2022,ORG-EE8549231F50,2022,,True,2
SRC-RAW-478EECAEF6262579E02C,POWER,include,65,canonical_expert_scope_order,828,11,2022,ORG-757FCC951947,3212,燃气锅炉,True,3
SRC-RAW-625EBFF20BF723416120,POWER,not_selected_for_target,,absence_from_expert_target_workbook,829,21,2022,ORG-6CD3ED911BD8,1690,,True,0
SRC-RAW-37D1E0E55C892A9CA6A3,POWER,not_selected_for_target,,absence_from_expert_target_workbook,830,22,2022,ORG-6CD3ED911BD8,1690,,True,0
SRC-RAW-AD81A7F197D96B8082B1,POWER,not_selected_for_target,,absence_from_expert_target_workbook,831,21,2022,CREDIT-9D487C1DA420,1329,,True,0
SRC-RAW-DC0C7359F52A89BC7776,POWER,not_selected_for_target,,absence_from_expert_target_workbook,832,21,2022,CREDIT-DD4F4D1979C9,2681,,True,1
SRC-RAW-31FF82B93ED72DDF39C1,POWER,not_selected_for_target,,absence_from_expert_target_workbook,833,21,2022,ORG-DEFA9DF5A067,1431,,True,0
SRC-RAW-BF98682A2AFB57E35D66,POWER,not_selected_for_target,,absence_from_expert_target_workbook,834,22,2022,ORG-DEFA9DF5A067,1431,,True,0
SRC-RAW-723F13C69211854ECCCC,POWER,not_selected_for_target,,absence_from_expert_target_workbook,835,21,2022,CREDIT-87A1F5011670,1469,,True,0
SRC-RAW-FFDFD6FB2EBED4F0B26C,POWER,not_selected_for_target,,absence_from_expert_target_workbook,836,21,2022,CREDIT-088993425762,3031,,True,2
SRC-RAW-0AF7A8DF6AD38D37CD11,POWER,include,66,canonical_expert_scope_order,837,11,2022,CREDIT-BCC08F821B40,3120,燃气锅炉,True,149
SRC-RAW-0D2C2E9A7E265088369B,POWER,include,67,canonical_expert_scope_order,838,12,2022,CREDIT-BCC08F821B40,3120,燃气锅炉,True,149
SRC-RAW-3B9378741FBC88834EFE,POWER,include,68,canonical_expert_scope_order,839,13,2022,CREDIT-BCC08F821B40,3120,燃气锅炉,True,149
SRC-RAW-56F033A2396BA8C09BB9,POWER,include,69,canonical_expert_scope_order,840,14,2022,CREDIT-BCC08F821B40,3120,燃气锅炉,True,149
SRC-RAW-1AE27443669F5EB68673,POWER,not_selected_for_target,,absence_from_expert_target_workbook,841,21,2022,CREDIT-6BA35EE03FC4,4430,,True,3
SRC-RAW-E61DCB1BC30CF2D92EAC,POWER,not_selected_for_target,,absence_from_expert_target_workbook,842,22,2022,CREDIT-6BA35EE03FC4,4430,,True,3
SRC-RAW-AD1915D95E18721BD8B7,POWER,not_selected_for_target,,absence_from_expert_target_workbook,843,21,2022,CREDIT-12D50B33920F,3031,,True,1
SRC-RAW-B2A83C8E798B7515105B,POWER,include,70,canonical_expert_scope_order,844,11,2022,CREDIT-BC2F38FC7475,4411,燃煤锅炉,True,3
SRC-RAW-031B3589BCDCF633B0EA,POWER,include,71,canonical_expert_scope_order,845,12,2022,CREDIT-BC2F38FC7475,4411,燃煤锅炉,True,3
SRC-RAW-48C23C1682ABD09D7103,POWER,include,72,canonical_expert_scope_order,846,13,2022,CREDIT-BC2F38FC7475,4411,燃煤锅炉,True,3
SRC-RAW-64B10D11A4097DDD1BAF,POWER,include,73,canonical_expert_scope_order,847,14,2022,CREDIT-BC2F38FC7475,4411,燃煤锅炉,True,3
SRC-RAW-92A4FBD2FCB8318757B1,POWER,not_selected_for_target,,absence_from_expert_target_workbook,848,21,2022,CREDIT-94E2B2D7A1B8,2023,,True,0
SRC-RAW-8E0C1EEAA131C141641D,POWER,not_selected_for_target,,absence_from_expert_target_workbook,849,21,2022,CREDIT-C77932308AA9,2221,,True,1
SRC-RAW-3D0417F409B00774FB8D,POWER,not_selected_for_target,,absence_from_expert_target_workbook,850,21,2022,CREDIT-AB200C25DCED,1741,,True,0
SRC-RAW-A8439103A5BBBC66635E,POWER,not_selected_for_target,,absence_from_expert_target_workbook,851,11,2022,CREDIT-4087D8CF560B,4417,燃生物质锅炉,True,6
SRC-RAW-DA8E76422D37F7B0C4F2,POWER,not_selected_for_target,,absence_from_expert_target_workbook,852,12,2022,CREDIT-4087D8CF560B,4417,燃生物质锅炉,True,6
SRC-RAW-A647E67A88A4597F7FEF,POWER,not_selected_for_target,,absence_from_expert_target_workbook,853,21,2022,ORG-3DEF914E62B9,2023,,True,7
SRC-RAW-8A9BE1A79C58689EA0DB,POWER,not_selected_for_target,,absence_from_expert_target_workbook,854,21,2022,ORG-C5B4F7814F6B,3985,,True,3
SRC-RAW-6DC0FEB3DC2E86409A23,POWER,not_selected_for_target,,absence_from_expert_target_workbook,855,21,2022,CREDIT-8D1E3C6B2FB6,4430,,True,3
SRC-RAW-C3829952A64CFF085B8E,POWER,not_selected_for_target,,absence_from_expert_target_workbook,856,21,2022,CREDIT-0CCAFE8EBA81,2221,,True,1
SRC-RAW-E1D018722C4B97056335,POWER,not_selected_for_target,,absence_from_expert_target_workbook,857,21,2022,CREDIT-676CCE758782,3212,,True,4
SRC-RAW-9D8D0771FD8AF91F77C4,POWER,not_selected_for_target,,absence_from_expert_target_workbook,858,21,2022,CREDIT-FB8BE820A608,2023,,True,3
SRC-RAW-3AB1E1A1999E003A071E,POWER,not_selected_for_target,,absence_from_expert_target_workbook,859,21,2022,CREDIT-E6F1636145AE,3259,,True,1
SRC-RAW-ECC785849C28F148A778,POWER,not_selected_for_target,,absence_from_expert_target_workbook,860,21,2022,CREDIT-89A36A62BE92,2021,,True,5
SRC-RAW-7CF2AE319F659A7DF733,POWER,not_selected_for_target,,absence_from_expert_target_workbook,861,22,2022,CREDIT-89A36A62BE92,2021,,True,5
SRC-RAW-7F76A3AC469336B1002A,POWER,include,74,canonical_expert_scope_order,862,11,2022,CREDIT-A8088A22348A,4411,燃煤锅炉,True,0
SRC-RAW-D2363A650EC4E8571988,POWER,include,75,canonical_expert_scope_order,863,12,2022,CREDIT-A8088A22348A,4411,燃煤锅炉,True,0
SRC-RAW-EBA34476AAB0E2D2B373,POWER,not_selected_for_target,,absence_from_expert_target_workbook,864,21,2022,CREDIT-FDA3C8E7DC9B,1351,,True,0
SRC-RAW-9BFC45009A24B93EA599,POWER,not_selected_for_target,,absence_from_expert_target_workbook,865,21,2022,CREDIT-5E895EC9A57C,4430,,True,4
SRC-RAW-3EB7560FF822716FFB8F,POWER,not_selected_for_target,,absence_from_expert_target_workbook,866,21,2022,CREDIT-D83612E915D8,2641,,True,3
SRC-RAW-004BFF7E05001898F508,POWER,not_selected_for_target,,absence_from_expert_target_workbook,867,21,2022,CREDIT-0956D91ED84D,2651,,True,3
SRC-RAW-CD2C259D850531B6475F,POWER,not_selected_for_target,,absence_from_expert_target_workbook,868,22,2022,CREDIT-0956D91ED84D,2651,,True,3
SRC-RAW-F1246502E1BE6C58318D,POWER,not_selected_for_target,,absence_from_expert_target_workbook,869,21,2022,CREDIT-C39F33573E65,1492,,True,1
SRC-RAW-11301E5A313808F1EEE3,POWER,not_selected_for_target,,absence_from_expert_target_workbook,870,21,2022,CREDIT-D20A36081500,2651,,True,1
SRC-RAW-9D7C90F5F64CB97A99A6,POWER,not_selected_for_target,,absence_from_expert_target_workbook,871,21,2022,CREDIT-0BF8D139EC91,2651,,True,1
SRC-RAW-3E261CA80C79093305DB,POWER,not_selected_for_target,,absence_from_expert_target_workbook,872,22,2022,CREDIT-0BF8D139EC91,2651,,True,1
SRC-RAW-485B5807BF1B5ACF4EFD,POWER,not_selected_for_target,,absence_from_expert_target_workbook,873,21,2022,CREDIT-390561B7E2E0,2641,,True,2
SRC-RAW-F2120DFF645750846960,POWER,not_selected_for_target,,absence_from_expert_target_workbook,874,21,2022,CREDIT-AE056A48A4AC,1929,,True,11
SRC-RAW-64FE853265E18A8D10CD,POWER,not_selected_for_target,,absence_from_expert_target_workbook,875,21,2022,CREDIT-E9B751392C4B,3033,,True,2
SRC-RAW-4C3EE18B5DD117B0134C,POWER,not_selected_for_target,,absence_from_expert_target_workbook,876,21,2022,CREDIT-06DDF19CE0A6,2641,,True,2
SRC-RAW-FFC0B973A05AAD3E232F,POWER,not_selected_for_target,,absence_from_expert_target_workbook,877,21,2022,ORG-39D281780ACA,1495,,True,5
SRC-RAW-6290F926041D0A06E760,POWER,not_selected_for_target,,absence_from_expert_target_workbook,878,21,2022,ORG-10BC81516259,3033,,True,3
SRC-RAW-3800BC369678EA2296B8,POWER,not_selected_for_target,,absence_from_expert_target_workbook,879,21,2022,CREDIT-CFE5F4329EA4,2221,,True,1
SRC-RAW-D95A4B6224380D7823DD,POWER,not_selected_for_target,,absence_from_expert_target_workbook,880,21,2022,CREDIT-47EA77D428B4,2651,,True,2
SRC-RAW-3A047F428C3BF1BDA4FB,POWER,not_selected_for_target,,absence_from_expert_target_workbook,881,22,2022,CREDIT-47EA77D428B4,2651,,True,2
SRC-RAW-28D81E7981CDDB604497,POWER,not_selected_for_target,,absence_from_expert_target_workbook,882,11,2022,CREDIT-8510DA8FE74E,4417,燃生物质锅炉,True,12
SRC-RAW-1681A08DA31856CE6747,POWER,not_selected_for_target,,absence_from_expert_target_workbook,883,12,2022,CREDIT-8510DA8FE74E,4417,燃生物质锅炉,True,12
SRC-RAW-C11E648945F41664E5FE,POWER,not_selected_for_target,,absence_from_expert_target_workbook,884,13,2022,CREDIT-8510DA8FE74E,4417,燃生物质锅炉,True,12
SRC-RAW-4661C7BCAA0E994AC533,POWER,not_selected_for_target,,absence_from_expert_target_workbook,885,14,2022,CREDIT-8510DA8FE74E,4417,燃生物质锅炉,True,12
SRC-RAW-C8EC88AFECE8526A8AA0,POWER,not_selected_for_target,,absence_from_expert_target_workbook,886,21,2022,CREDIT-0CC9D779B745,1529,,True,2
SRC-RAW-E9B697A76F00B506405D,POWER,not_selected_for_target,,absence_from_expert_target_workbook,887,21,2022,ORG-A154B5DDA8CA,2921,,True,1
SRC-RAW-91F798813FD261539BD5,POWER,not_selected_for_target,,absence_from_expert_target_workbook,888,21,2022,CREDIT-7506659F5580,3099,,True,2
SRC-RAW-5D72AA46B6ED87F99812,POWER,not_selected_for_target,,absence_from_expert_target_workbook,889,21,2022,CREDIT-D0C47B244CA2,2221,,True,1
SRC-RAW-86BF35AEE127AA6DD830,POWER,not_selected_for_target,,absence_from_expert_target_workbook,890,21,2022,CREDIT-2C2222E17FB6,2614,,True,10
SRC-RAW-3D0F8A0C824879549D57,POWER,not_selected_for_target,,absence_from_expert_target_workbook,891,22,2022,CREDIT-2C2222E17FB6,2614,,True,10
SRC-RAW-27530327156B9D8050B1,POWER,not_selected_for_target,,absence_from_expert_target_workbook,892,23,2022,CREDIT-2C2222E17FB6,2614,,True,10
SRC-RAW-FAA92B3D04144E09703C,POWER,not_selected_for_target,,absence_from_expert_target_workbook,893,21,2022,CREDIT-783E9762AB97,2239,,True,1
SRC-RAW-B10933171A524D6B738A,POWER,not_selected_for_target,,absence_from_expert_target_workbook,894,21,2022,CREDIT-539751EB9B99,1431,,True,3
SRC-RAW-01E313D582A76D950F1A,POWER,not_selected_for_target,,absence_from_expert_target_workbook,895,21,2022,CREDIT-54919ED96538,1331,,True,1
SRC-RAW-BD30050BC493F40872DD,POWER,not_selected_for_target,,absence_from_expert_target_workbook,896,21,2022,CREDIT-6D0EDA831346,3021,,True,0
SRC-RAW-81B7E3222E025C9C6038,POWER,not_selected_for_target,,absence_from_expert_target_workbook,897,21,2022,CREDIT-823321C02E63,2612,,True,3
SRC-RAW-C031B0903E3C911E0178,POWER,not_selected_for_target,,absence_from_expert_target_workbook,898,21,2022,CREDIT-526D1D22C4D5,3985,,True,8
SRC-RAW-F315C68599D1E94FAD39,POWER,not_selected_for_target,,absence_from_expert_target_workbook,899,22,2022,CREDIT-526D1D22C4D5,3985,,True,8
SRC-RAW-4CC90B4633ECDBF1D813,POWER,not_selected_for_target,,absence_from_expert_target_workbook,900,23,2022,CREDIT-526D1D22C4D5,3985,,True,8
SRC-RAW-060DF0DC216F0954E202,POWER,not_selected_for_target,,absence_from_expert_target_workbook,901,21,2022,CREDIT-DAA4B6E0EDA7,3212,,True,2
SRC-RAW-5624B7494B7631142160,POWER,not_selected_for_target,,absence_from_expert_target_workbook,902,21,2022,CREDIT-23847D1777AE,3985,,True,29
SRC-RAW-97A5ED1BCC20790D1A57,POWER,not_selected_for_target,,absence_from_expert_target_workbook,903,22,2022,CREDIT-23847D1777AE,3985,,True,29
SRC-RAW-4DD2608813AB5802E374,POWER,not_selected_for_target,,absence_from_expert_target_workbook,904,21,2022,CREDIT-0CF36106058C,3024,,True,3
SRC-RAW-712F6392125D1766EE6E,POWER,not_selected_for_target,,absence_from_expert_target_workbook,905,21,2022,CREDIT-D3B3DD5807C3,1513,,True,2
SRC-RAW-D9378F4664CF0BC2F5A2,POWER,not_selected_for_target,,absence_from_expert_target_workbook,906,21,2022,CREDIT-B9A583681884,2659,,True,4
SRC-RAW-9752E357E1574723DAA5,POWER,not_selected_for_target,,absence_from_expert_target_workbook,907,21,2022,CREDIT-35FAD0F02175,2021,,True,0
SRC-RAW-CC2B63945BD6F82B9432,POWER,not_selected_for_target,,absence_from_expert_target_workbook,908,21,2022,CREDIT-A3DA3514BBBB,2651,,True,2
SRC-RAW-361E209319D4EECDD1C0,POWER,not_selected_for_target,,absence_from_expert_target_workbook,909,21,2022,CREDIT-7A1B9ADEB5F6,2641,,True,2
SRC-RAW-9EE7ABB5EB00E29D8699,POWER,not_selected_for_target,,absence_from_expert_target_workbook,910,21,2022,CREDIT-179F8431995D,2663,,True,3
SRC-RAW-5592E724E77D5349C1CD,POWER,not_selected_for_target,,absence_from_expert_target_workbook,911,21,2022,ORG-ACCA060CCF24,2022,,True,3
SRC-RAW-7EBCC5EB8D9C78408239,POWER,not_selected_for_target,,absence_from_expert_target_workbook,912,22,2022,ORG-ACCA060CCF24,2022,,True,3
SRC-RAW-0F1DD4DEE4024B7B957C,POWER,not_selected_for_target,,absence_from_expert_target_workbook,913,21,2022,CREDIT-11AB41AD9F36,3574,,True,1
SRC-RAW-C7AC585292842C79D6B0,POWER,not_selected_for_target,,absence_from_expert_target_workbook,914,21,2022,ORG-FE4659118F77,2929,,True,2
SRC-RAW-0AABDC67D57CBEAD439E,POWER,not_selected_for_target,,absence_from_expert_target_workbook,915,11,2022,CREDIT-4220281DF5B3,4417,燃生物质锅炉,True,2
SRC-RAW-5C2A4F6B1354123BB220,POWER,not_selected_for_target,,absence_from_expert_target_workbook,916,12,2022,CREDIT-4220281DF5B3,4417,燃生物质锅炉,True,2
SRC-RAW-F24758DC192FCE2AF4E2,POWER,not_selected_for_target,,absence_from_expert_target_workbook,917,13,2022,CREDIT-4220281DF5B3,4417,燃生物质锅炉,True,2
SRC-RAW-9FD5117C60B794EC379F,POWER,not_selected_for_target,,absence_from_expert_target_workbook,918,14,2022,CREDIT-4220281DF5B3,4417,燃生物质锅炉,True,2
SRC-RAW-3F6A4BE3EDA96C9A9E21,POWER,not_selected_for_target,,absence_from_expert_target_workbook,919,15,2022,CREDIT-4220281DF5B3,4417,燃生物质锅炉,True,2
SRC-RAW-5B2CFD2BD02382F38BE2,POWER,not_selected_for_target,,absence_from_expert_target_workbook,920,16,2022,CREDIT-4220281DF5B3,4417,燃生物质锅炉,True,2
SRC-RAW-9483DAB04717824962A8,POWER,not_selected_for_target,,absence_from_expert_target_workbook,921,21,2022,CREDIT-4CF256BB1036,3392,,True,1
SRC-RAW-B87685FA95BF46796F7A,POWER,not_selected_for_target,,absence_from_expert_target_workbook,922,21,2022,CREDIT-0A13AEF4B509,4430,,True,1
SRC-RAW-7E391BCBFD534916D774,POWER,not_selected_for_target,,absence_from_expert_target_workbook,923,21,2022,CREDIT-584C601E5ED5,2021,,True,1
SRC-RAW-D6A8375EC710B4B00990,POWER,include,76,canonical_expert_scope_order,924,11,2022,CREDIT-EDCD7CE71B55,4411,燃煤锅炉,True,3
SRC-RAW-7620EF002BA9ADAD6CF1,POWER,include,77,canonical_expert_scope_order,925,12,2022,CREDIT-EDCD7CE71B55,4411,燃煤锅炉,True,3
SRC-RAW-120783A91352231710CC,POWER,not_selected_for_target,,absence_from_expert_target_workbook,926,21,2022,ORG-93FC522C3112,2221,,True,1
SRC-RAW-30E19983EC475FB67965,POWER,not_selected_for_target,,absence_from_expert_target_workbook,927,21,2022,CREDIT-192CBBB6861F,3021,,True,1
SRC-RAW-86D7D853BD962B0F56C6,POWER,not_selected_for_target,,absence_from_expert_target_workbook,928,21,2022,ORG-02BA027CF50C,1711,,True,1
SRC-RAW-D5682B289A0211923EEB,POWER,not_selected_for_target,,absence_from_expert_target_workbook,929,21,2022,CREDIT-45C6F46F197F,2643,,True,2
SRC-RAW-F2645EB65A7E39101B20,POWER,not_selected_for_target,,absence_from_expert_target_workbook,930,21,2022,CREDIT-1456FFCB8D4F,2613,,True,1
SRC-RAW-AD38D021A64EE3FF0AF3,POWER,not_selected_for_target,,absence_from_expert_target_workbook,931,11,2022,CREDIT-AE26281DC70C,4417,燃生物质锅炉,True,0
SRC-RAW-F056A121D064AEA8F548,POWER,not_selected_for_target,,absence_from_expert_target_workbook,932,21,2022,CREDIT-0D7925329CD2,1459,,True,1
SRC-RAW-A9D6DFE4E5F5ABD1A6A0,POWER,not_selected_for_target,,absence_from_expert_target_workbook,933,21,2022,CREDIT-8DEA730499CF,2669,,True,1
SRC-RAW-7227BF9D910A520C9D9E,POWER,not_selected_for_target,,absence_from_expert_target_workbook,934,21,2022,CREDIT-D1B75210C00A,2651,,True,1
SRC-RAW-6B2A959B5DD6F8A603F6,POWER,include,78,canonical_expert_scope_order,935,11,2022,CREDIT-044F2544AD20,4412,燃煤锅炉,True,3
SRC-RAW-B9D25D90184C1D6081DC,POWER,include,79,canonical_expert_scope_order,936,12,2022,CREDIT-044F2544AD20,4412,燃煤锅炉,True,3
SRC-RAW-C31395F368840A6B25AA,POWER,not_selected_for_target,,absence_from_expert_target_workbook,937,21,2022,CREDIT-8809B72DA1F4,2661,,True,2
SRC-RAW-76B8FA8AD0C1B5634563,POWER,not_selected_for_target,,absence_from_expert_target_workbook,938,21,2022,ORG-15CE9ED4FD1D,2651,,True,2
SRC-RAW-FF20A74D298B7C9BCC61,POWER,not_selected_for_target,,absence_from_expert_target_workbook,939,21,2022,CREDIT-2E5EE7CC8A6D,2770,,True,2
SRC-RAW-AB6E126BDFC8EC8FE969,POWER,not_selected_for_target,,absence_from_expert_target_workbook,940,21,2022,CREDIT-55AC953743C9,2663,,True,3
SRC-RAW-46B4AE568FE86671CBA6,POWER,not_selected_for_target,,absence_from_expert_target_workbook,941,21,2022,CREDIT-175A76C062E6,2641,,True,5
SRC-RAW-41252FD72D5FEE379D1F,POWER,not_selected_for_target,,absence_from_expert_target_workbook,942,21,2022,CREDIT-0C7D4BDC6E37,2641,,True,5
SRC-RAW-8EC1B42886ADBD819F0D,POWER,not_selected_for_target,,absence_from_expert_target_workbook,943,21,2022,CREDIT-A21D364CBECB,2662,,True,1
SRC-RAW-4DCA136EEA078E84509B,POWER,not_selected_for_target,,absence_from_expert_target_workbook,944,21,2022,CREDIT-9AF9C5BE6C6D,2641,,True,2
SRC-RAW-691D728A2E002D296B64,POWER,not_selected_for_target,,absence_from_expert_target_workbook,945,21,2022,CREDIT-FC8EEC142A4E,2642,,True,1
SRC-RAW-692EC75FBBF36D01504F,POWER,not_selected_for_target,,absence_from_expert_target_workbook,946,21,2022,CREDIT-7F5D6DF615EC,2651,,True,3
SRC-RAW-809BCC2B64EA434B7789,POWER,not_selected_for_target,,absence_from_expert_target_workbook,947,21,2022,CREDIT-63D403585632,2651,,True,1
SRC-RAW-45E6879448126E8550B3,POWER,not_selected_for_target,,absence_from_expert_target_workbook,948,21,2022,CREDIT-1E403F49C333,2641,,True,3
SRC-RAW-662E54BC3F3DC1762169,POWER,not_selected_for_target,,absence_from_expert_target_workbook,949,21,2022,CREDIT-BC20CB6878BA,2239,,True,2
SRC-RAW-CC0161394E59959EDC65,POWER,not_selected_for_target,,absence_from_expert_target_workbook,950,22,2022,CREDIT-BC20CB6878BA,2239,,True,2
SRC-RAW-1B27919C875544867089,POWER,not_selected_for_target,,absence_from_expert_target_workbook,951,23,2022,CREDIT-BC20CB6878BA,2239,,True,2
SRC-RAW-69C09FD29D650DEA9152,POWER,not_selected_for_target,,absence_from_expert_target_workbook,952,21,2022,CREDIT-EC3933996DA2,1329,,True,1
SRC-RAW-2FD0313AA7C0DFF02F90,POWER,not_selected_for_target,,absence_from_expert_target_workbook,953,21,2022,CREDIT-E0E8451FC4B7,1329,,True,3
SRC-RAW-F1A0611A289225F301D9,POWER,not_selected_for_target,,absence_from_expert_target_workbook,954,21,2022,CREDIT-99444CD70541,1353,,True,6
SRC-RAW-B8D7911D589ADB50728B,POWER,not_selected_for_target,,absence_from_expert_target_workbook,955,210,2022,CREDIT-99444CD70541,1353,,True,6
SRC-RAW-237008D50E0A4A2EF2E4,POWER,not_selected_for_target,,absence_from_expert_target_workbook,956,211,2022,CREDIT-99444CD70541,1353,,True,6
SRC-RAW-45B6661EFB33EA11BD90,POWER,not_selected_for_target,,absence_from_expert_target_workbook,957,22,2022,CREDIT-99444CD70541,1353,,True,6
SRC-RAW-8359B319851783BD5897,POWER,not_selected_for_target,,absence_from_expert_target_workbook,958,23,2022,CREDIT-99444CD70541,1353,,True,6
SRC-RAW-4BBFBCB253AA87A51930,POWER,not_selected_for_target,,absence_from_expert_target_workbook,959,24,2022,CREDIT-99444CD70541,1353,,True,6
SRC-RAW-BF8D64299CC289E073E7,POWER,not_selected_for_target,,absence_from_expert_target_workbook,960,25,2022,CREDIT-99444CD70541,1353,,True,6
SRC-RAW-1942FD0C6D7A914BECD8,POWER,not_selected_for_target,,absence_from_expert_target_workbook,961,26,2022,CREDIT-99444CD70541,1353,,True,6
SRC-RAW-782C157B545C5C7CE5C5,POWER,not_selected_for_target,,absence_from_expert_target_workbook,962,27,2022,CREDIT-99444CD70541,1353,,True,6
SRC-RAW-B648D4038F8C74DF709A,POWER,not_selected_for_target,,absence_from_expert_target_workbook,963,28,2022,CREDIT-99444CD70541,1353,,True,6
SRC-RAW-72F393BB65560B6DDA60,POWER,not_selected_for_target,,absence_from_expert_target_workbook,964,29,2022,CREDIT-99444CD70541,1353,,True,6
SRC-RAW-45EBAE3D3F3BFB9128B6,POWER,not_selected_for_target,,absence_from_expert_target_workbook,965,11,2022,CREDIT-5A329E868344,4419,燃气轮机,True,2
SRC-RAW-70AEFECB5C426BBF99EC,POWER,not_selected_for_target,,absence_from_expert_target_workbook,966,110,2022,CREDIT-5A329E868344,4419,燃气轮机,True,2
SRC-RAW-90E8054BB0A406C0D6E4,POWER,not_selected_for_target,,absence_from_expert_target_workbook,967,111,2022,CREDIT-5A329E868344,4419,燃气轮机,True,2
SRC-RAW-CE9070FE48AF807DC77F,POWER,not_selected_for_target,,absence_from_expert_target_workbook,968,12,2022,CREDIT-5A329E868344,4419,燃气轮机,True,2
SRC-RAW-2BBAD95E38A65C9B2815,POWER,not_selected_for_target,,absence_from_expert_target_workbook,969,13,2022,CREDIT-5A329E868344,4419,燃气轮机,True,2
SRC-RAW-601729C534C52FC62689,POWER,not_selected_for_target,,absence_from_expert_target_workbook,970,14,2022,CREDIT-5A329E868344,4419,燃气轮机,True,2
SRC-RAW-D3BD769E87C9F8AB290C,POWER,not_selected_for_target,,absence_from_expert_target_workbook,971,15,2022,CREDIT-5A329E868344,4419,燃气轮机,True,2
SRC-RAW-296A6483FE6B1A89E3C3,POWER,not_selected_for_target,,absence_from_expert_target_workbook,972,16,2022,CREDIT-5A329E868344,4419,燃气轮机,True,2
SRC-RAW-56A42D562948F6AA0EC8,POWER,not_selected_for_target,,absence_from_expert_target_workbook,973,17,2022,CREDIT-5A329E868344,4419,燃气轮机,True,2
SRC-RAW-2C0FFEB81EBCB156994E,POWER,not_selected_for_target,,absence_from_expert_target_workbook,974,18,2022,CREDIT-5A329E868344,4419,燃气轮机,True,2
SRC-RAW-D568E6E43040EFD4BEB0,POWER,not_selected_for_target,,absence_from_expert_target_workbook,975,19,2022,CREDIT-5A329E868344,4419,燃气轮机,True,2
SRC-RAW-0269A5E6B908AE0A052B,POWER,not_selected_for_target,,absence_from_expert_target_workbook,976,11,2022,CREDIT-A034E18ABDA6,4419,燃气轮机,True,6
SRC-RAW-5E44DB7AFB13D5E63451,POWER,not_selected_for_target,,absence_from_expert_target_workbook,977,110,2022,CREDIT-A034E18ABDA6,4419,燃气轮机,True,6
SRC-RAW-C9625293B4AE204935ED,POWER,not_selected_for_target,,absence_from_expert_target_workbook,978,12,2022,CREDIT-A034E18ABDA6,4419,燃气轮机,True,6
SRC-RAW-0CE552B572A384426D28,POWER,not_selected_for_target,,absence_from_expert_target_workbook,979,13,2022,CREDIT-A034E18ABDA6,4419,燃气轮机,True,6
SRC-RAW-A3BFC52E1250A5A5E002,POWER,not_selected_for_target,,absence_from_expert_target_workbook,980,14,2022,CREDIT-A034E18ABDA6,4419,燃气轮机,True,6
SRC-RAW-14F7DEB3B950CEE3A7D9,POWER,not_selected_for_target,,absence_from_expert_target_workbook,981,15,2022,CREDIT-A034E18ABDA6,4419,燃气轮机,True,6
SRC-RAW-CB62AA296C7D590FC9E6,POWER,not_selected_for_target,,absence_from_expert_target_workbook,982,16,2022,CREDIT-A034E18ABDA6,4419,燃气轮机,True,6
SRC-RAW-F1E198B519CA3752F751,POWER,not_selected_for_target,,absence_from_expert_target_workbook,983,17,2022,CREDIT-A034E18ABDA6,4419,燃气轮机,True,6
SRC-RAW-2E7E2CB1947C33734C3B,POWER,not_selected_for_target,,absence_from_expert_target_workbook,984,18,2022,CREDIT-A034E18ABDA6,4419,燃气轮机,True,6
SRC-RAW-FE654A1A1EE820696C68,POWER,not_selected_for_target,,absence_from_expert_target_workbook,985,19,2022,CREDIT-A034E18ABDA6,4419,燃气轮机,True,6
SRC-RAW-AAC6636899886892652D,POWER,include,80,canonical_expert_scope_order,986,11,2022,CREDIT-FC0FB2AAFAA2,4411,燃气轮机,True,2
SRC-RAW-C2398169433A854F3252,POWER,include,81,canonical_expert_scope_order,987,12,2022,CREDIT-FC0FB2AAFAA2,4411,燃气轮机,True,2
SRC-RAW-6B0396EEB8C35653A3DD,POWER,not_selected_for_target,,absence_from_expert_target_workbook,988,21,2022,CREDIT-7007F68F7012,2720,,True,3
SRC-RAW-4A9156F2E52B422EFF3E,POWER,not_selected_for_target,,absence_from_expert_target_workbook,989,22,2022,CREDIT-7007F68F7012,2720,,True,3
SRC-RAW-B10B46AF4A17C1084410,POWER,not_selected_for_target,,absence_from_expert_target_workbook,990,21,2022,CREDIT-88962EADEC76,4190,,True,0
SRC-RAW-FE2C885796F874E6B839,POWER,not_selected_for_target,,absence_from_expert_target_workbook,991,22,2022,CREDIT-88962EADEC76,4190,,True,0
SRC-RAW-A5B86A2BEF87EA601057,POWER,not_selected_for_target,,absence_from_expert_target_workbook,992,23,2022,CREDIT-88962EADEC76,4190,,True,0
SRC-RAW-C18965DAAC855CF5E70D,POWER,not_selected_for_target,,absence_from_expert_target_workbook,993,21,2022,CREDIT-C9B614534295,4190,,True,0
SRC-RAW-3DAD77D1E9DCFCFDF6F8,POWER,not_selected_for_target,,absence_from_expert_target_workbook,994,21,2022,CREDIT-77CD3CA5C0A7,2761,,True,2
SRC-RAW-CF8B920C3880808FD9AF,POWER,not_selected_for_target,,absence_from_expert_target_workbook,995,21,2022,CREDIT-40E1DCFCEFB8,2761,,True,0
SRC-RAW-A8A4B16E9F27EFB4647B,POWER,not_selected_for_target,,absence_from_expert_target_workbook,996,21,2022,CREDIT-09C975DB1260,2710,,True,2
SRC-RAW-DAC03281D76DEC6D2C79,POWER,not_selected_for_target,,absence_from_expert_target_workbook,997,21,2022,CREDIT-11982EA449FC,2681,,True,0
SRC-RAW-DD609047132F80CB5F65,POWER,include,82,canonical_expert_scope_order,998,11,2022,CREDIT-0D82A75AD238,4411,燃煤锅炉,True,6
SRC-RAW-99D776E9B95DFE5018EC,POWER,include,83,canonical_expert_scope_order,999,12,2022,CREDIT-0D82A75AD238,4411,燃煤锅炉,True,6
SRC-RAW-488C493D375E7EE7C56E,POWER,include,84,canonical_expert_scope_order,1000,13,2022,CREDIT-0D82A75AD238,4411,燃煤锅炉,True,6
SRC-RAW-E081A69B085C73023302,POWER,include,85,canonical_expert_scope_order,1001,14,2022,CREDIT-0D82A75AD238,4411,燃煤锅炉,True,6
SRC-RAW-755E6F80A48AC746200C,POWER,include,86,canonical_expert_scope_order,1002,15,2022,CREDIT-0D82A75AD238,4411,燃煤锅炉,True,6
SRC-RAW-72233F12645656D2C844,POWER,include,87,canonical_expert_scope_order,1003,16,2022,CREDIT-0D82A75AD238,4411,燃煤锅炉,True,6
SRC-RAW-714001903E6E396C60A3,POWER,not_selected_for_target,,absence_from_expert_target_workbook,1004,21,2022,CREDIT-6F654243CB8B,1331,,True,3
SRC-RAW-38E2BE2E73538BDDD458,POWER,not_selected_for_target,,absence_from_expert_target_workbook,1005,22,2022,CREDIT-6F654243CB8B,1331,,True,3
SRC-RAW-C959F474571A919250D3,POWER,not_selected_for_target,,absence_from_expert_target_workbook,1006,23,2022,CREDIT-6F654243CB8B,1331,,True,3
SRC-RAW-65E4A9E3C9731CC12FCB,POWER,not_selected_for_target,,absence_from_expert_target_workbook,1007,24,2022,CREDIT-6F654243CB8B,1331,,True,3
SRC-RAW-D3784814A8AF560624F6,POWER,not_selected_for_target,,absence_from_expert_target_workbook,1008,21,2022,CREDIT-7E8758054A86,4190,,True,1
SRC-RAW-BE2891D24225A138340B,POWER,not_selected_for_target,,absence_from_expert_target_workbook,1009,22,2022,CREDIT-7E8758054A86,4190,,True,1
SRC-RAW-FEDB5C7806A188F88D64,POWER,not_selected_for_target,,absence_from_expert_target_workbook,1010,21,2022,CREDIT-6478DE2CE1F9,2642,,True,4
SRC-RAW-D23C2C5C0786B25E3E38,POWER,not_selected_for_target,,absence_from_expert_target_workbook,1011,22,2022,CREDIT-6478DE2CE1F9,2642,,True,4
SRC-RAW-8D657CC49F887499BF13,POWER,not_selected_for_target,,absence_from_expert_target_workbook,1012,21,2022,CREDIT-8DD38A87D060,2720,,True,1
SRC-RAW-182E3AA0955B73B003F7,POWER,not_selected_for_target,,absence_from_expert_target_workbook,1013,22,2022,CREDIT-8DD38A87D060,2720,,True,1
SRC-RAW-4674BA5E3CAEFE72F78E,POWER,not_selected_for_target,,absence_from_expert_target_workbook,1014,21,2022,CREDIT-61E4E866790A,1331,,True,0
SRC-RAW-E3B5B03B55152947E7E8,POWER,not_selected_for_target,,absence_from_expert_target_workbook,1015,22,2022,CREDIT-61E4E866790A,1331,,True,0
SRC-RAW-812C0D0149B403A66507,POWER,not_selected_for_target,,absence_from_expert_target_workbook,1016,23,2022,CREDIT-61E4E866790A,1331,,True,0
SRC-RAW-AD58C568D277CE5D4E96,POWER,not_selected_for_target,,absence_from_expert_target_workbook,1017,11,2022,CREDIT-534FA2F57A09,4417,燃生物质锅炉,True,4
SRC-RAW-4917C87CFF0F84B73255,POWER,not_selected_for_target,,absence_from_expert_target_workbook,1018,12,2022,CREDIT-534FA2F57A09,4417,燃生物质锅炉,True,4
SRC-RAW-1C9C33FC8D1C9633E9AF,POWER,not_selected_for_target,,absence_from_expert_target_workbook,1019,13,2022,CREDIT-534FA2F57A09,4417,燃生物质锅炉,True,4
SRC-RAW-7469767D915741D131EB,POWER,not_selected_for_target,,absence_from_expert_target_workbook,1020,14,2022,CREDIT-534FA2F57A09,4417,燃生物质锅炉,True,4
SRC-RAW-633828FD15B5D82D52ED,POWER,include,88,canonical_expert_scope_order,1021,11,2022,CREDIT-7D93A635C822,4411,燃气轮机,True,3
SRC-RAW-7B98DC2D3707B88A4E17,POWER,include,89,canonical_expert_scope_order,1022,12,2022,CREDIT-7D93A635C822,4411,燃气轮机,True,3
SRC-RAW-70331E078B8FF1AF2BA8,POWER,include,90,canonical_expert_scope_order,1023,13,2022,CREDIT-7D93A635C822,4411,燃气轮机,True,3
SRC-RAW-73B3CA59765D5D325DCB,POWER,not_selected_for_target,,absence_from_expert_target_workbook,1024,21,2022,CREDIT-7D93A635C822,4411,,True,3
SRC-RAW-8435FB77110F5FC4DC38,POWER,not_selected_for_target,,absence_from_expert_target_workbook,1025,22,2022,CREDIT-7D93A635C822,4411,,True,3
SRC-RAW-959199DE5C2F60AACD06,POWER,not_selected_for_target,,absence_from_expert_target_workbook,1026,21,2022,CREDIT-1B1F66CBB802,2720,,True,8
SRC-RAW-43D8E5A381600E7F2756,POWER,not_selected_for_target,,absence_from_expert_target_workbook,1027,21,2022,CREDIT-83921A2060A1,2720,,True,7
SRC-RAW-F16A2BF7685B8412B980,POWER,include,91,canonical_expert_scope_order,1028,11,2022,CREDIT-A7924A3DB975,4411,燃气轮机,True,0
SRC-RAW-B89272365C47F67246F0,POWER,include,92,canonical_expert_scope_order,1029,12,2022,CREDIT-A7924A3DB975,4411,燃气轮机,True,0
SRC-RAW-3E9B8DA14369A959E30B,POWER,include,93,canonical_expert_scope_order,1030,13,2022,CREDIT-A7924A3DB975,4411,燃气轮机,True,0
SRC-RAW-51A68DA95AD4D0D00C22,POWER,not_selected_for_target,,absence_from_expert_target_workbook,1031,21,2022,CREDIT-BD1B97C46C24,2761,,True,4
SRC-RAW-B79EEFA4A18D0EA3DA3B,POWER,not_selected_for_target,,absence_from_expert_target_workbook,1032,21,2022,CREDIT-44787A8F20D4,1441,,True,0
SRC-RAW-2654B72B4FC940DC4749,POWER,not_selected_for_target,,absence_from_expert_target_workbook,1033,22,2022,CREDIT-44787A8F20D4,1441,,True,0
SRC-RAW-5B6A8AE10D75F5AF206A,POWER,not_selected_for_target,,absence_from_expert_target_workbook,1034,21,2022,CREDIT-8AEAB5E778CE,4430,,True,3
SRC-RAW-C332975B9DFE7FEDD45D,POWER,not_selected_for_target,,absence_from_expert_target_workbook,1035,22,2022,CREDIT-8AEAB5E778CE,4430,,True,3
SRC-RAW-AF4055E81C013D09C04D,POWER,not_selected_for_target,,absence_from_expert_target_workbook,1036,23,2022,CREDIT-8AEAB5E778CE,4430,,True,3
SRC-RAW-3DECD2EAA675912E63DB,POWER,not_selected_for_target,,absence_from_expert_target_workbook,1037,21,2022,ORG-373CCBC68B79,1351,,True,0
SRC-RAW-BCEBEAE8FA637E1C2F2E,POWER,not_selected_for_target,,absence_from_expert_target_workbook,1038,22,2022,ORG-373CCBC68B79,1351,,True,0
SRC-RAW-CFA17816A2AF104FDEA8,POWER,not_selected_for_target,,absence_from_expert_target_workbook,1039,21,2022,CREDIT-63973F2F6FD8,1431,,True,0
SRC-RAW-F7BF715DEB363C78C715,POWER,not_selected_for_target,,absence_from_expert_target_workbook,1040,22,2022,CREDIT-63973F2F6FD8,1431,,True,0
SRC-RAW-243CCB93B74F8978DE61,POWER,not_selected_for_target,,absence_from_expert_target_workbook,1041,21,2022,CREDIT-7781AC10B50F,3982,,True,3
SRC-RAW-26B0FB1E156DCA87F682,POWER,not_selected_for_target,,absence_from_expert_target_workbook,1042,21,2022,CREDIT-2BDEC7DADF29,3982,,True,1
SRC-RAW-3D9505FD5FAE0768BD94,POWER,not_selected_for_target,,absence_from_expert_target_workbook,1043,21,2022,CREDIT-39ECEE26E6FF,4430,,True,0
SRC-RAW-D3B8A66A1A9C0D392B68,POWER,not_selected_for_target,,absence_from_expert_target_workbook,1044,22,2022,CREDIT-39ECEE26E6FF,4430,,True,0
SRC-RAW-0CDA127D99C20FA276E2,POWER,not_selected_for_target,,absence_from_expert_target_workbook,1045,21,2022,CREDIT-BE2AB59C8DBB,2682,,True,1
SRC-RAW-3547A08BF9C05083D900,POWER,not_selected_for_target,,absence_from_expert_target_workbook,1046,21,2022,CREDIT-D2A09388DB8A,1391,,True,0
SRC-RAW-9EE46167E9AB0B71EFF8,POWER,not_selected_for_target,,absence_from_expert_target_workbook,1047,21,2022,CREDIT-0A796D43D627,1411,,True,0
SRC-RAW-FDC493D5E39461519BEA,POWER,not_selected_for_target,,absence_from_expert_target_workbook,1048,22,2022,CREDIT-0A796D43D627,1411,,True,0
SRC-RAW-D2066A761A5BC22FC0CC,POWER,not_selected_for_target,,absence_from_expert_target_workbook,1049,21,2022,CREDIT-0987608798FA,1941,,True,0
SRC-RAW-BFDC3DC643BCF7B76347,POWER,not_selected_for_target,,absence_from_expert_target_workbook,1050,22,2022,CREDIT-0987608798FA,1941,,True,0
SRC-RAW-BEC866CF2B65BFCADBAB,POWER,not_selected_for_target,,absence_from_expert_target_workbook,1051,21,2022,ORG-F09EF26FF17B,2762,,True,3
SRC-RAW-2892E0E82C8DC7298B59,POWER,not_selected_for_target,,absence_from_expert_target_workbook,1052,22,2022,ORG-F09EF26FF17B,2762,,True,3
SRC-RAW-9F6E8E8846F11AF7FD50,POWER,not_selected_for_target,,absence_from_expert_target_workbook,1053,21,2022,ORG-999DF6E14B25,1513,,True,1
SRC-RAW-02F3B6B0A5B2638BD02F,POWER,not_selected_for_target,,absence_from_expert_target_workbook,1054,22,2022,ORG-999DF6E14B25,1513,,True,1
SRC-RAW-EEF5B86652858DBE1F2D,POWER,not_selected_for_target,,absence_from_expert_target_workbook,1055,23,2022,ORG-999DF6E14B25,1513,,True,1
SRC-RAW-809EE0198861D28CE84B,POWER,not_selected_for_target,,absence_from_expert_target_workbook,1056,21,2022,CREDIT-041757DECF55,3982,,True,19
SRC-RAW-2F041DFD081C28060FCD,POWER,not_selected_for_target,,absence_from_expert_target_workbook,1057,21,2022,CREDIT-DF0FD6AD407E,1499,,True,0
SRC-RAW-C6E46DF1CE1E77F58080,POWER,not_selected_for_target,,absence_from_expert_target_workbook,1058,22,2022,CREDIT-DF0FD6AD407E,1499,,True,0
SRC-RAW-5BB0F9F54D7405418F46,POWER,not_selected_for_target,,absence_from_expert_target_workbook,1059,23,2022,CREDIT-DF0FD6AD407E,1499,,True,0
SRC-RAW-A135FEE837613A09DB38,POWER,not_selected_for_target,,absence_from_expert_target_workbook,1060,21,2022,CREDIT-BCD54EA7562C,3979,,True,4
SRC-RAW-F59168CB5C4775EF3502,POWER,not_selected_for_target,,absence_from_expert_target_workbook,1061,22,2022,CREDIT-BCD54EA7562C,3979,,True,4
SRC-RAW-570F844A18E0C0353F37,POWER,not_selected_for_target,,absence_from_expert_target_workbook,1062,23,2022,CREDIT-BCD54EA7562C,3979,,True,4
SRC-RAW-75B3CA13585591B7CF20,POWER,not_selected_for_target,,absence_from_expert_target_workbook,1063,24,2022,CREDIT-BCD54EA7562C,3979,,True,4
SRC-RAW-3F54CE9FEE22C291B8F1,POWER,not_selected_for_target,,absence_from_expert_target_workbook,1064,25,2022,CREDIT-BCD54EA7562C,3979,,True,4
SRC-RAW-49B024D105198A61ED0C,POWER,not_selected_for_target,,absence_from_expert_target_workbook,1065,21,2022,ORG-568B33F076E0,4119,,True,4
SRC-RAW-0EE5EF6B377A4C2F0470,POWER,not_selected_for_target,,absence_from_expert_target_workbook,1066,22,2022,ORG-568B33F076E0,4119,,True,4
SRC-RAW-18553E96706DF462604B,POWER,not_selected_for_target,,absence_from_expert_target_workbook,1067,23,2022,ORG-568B33F076E0,4119,,True,4
SRC-RAW-8B278BDE9916034F0A4C,POWER,not_selected_for_target,,absence_from_expert_target_workbook,1068,24,2022,ORG-568B33F076E0,4119,,True,4
SRC-RAW-D1445CF8A29DF778BC57,POWER,not_selected_for_target,,absence_from_expert_target_workbook,1069,25,2022,ORG-568B33F076E0,4119,,True,4
SRC-RAW-97D6A8CD9A2DC652D3DD,POWER,not_selected_for_target,,absence_from_expert_target_workbook,1070,26,2022,ORG-568B33F076E0,4119,,True,4
SRC-RAW-CBBD44DDAE8F111AD366,POWER,not_selected_for_target,,absence_from_expert_target_workbook,1071,21,2022,CREDIT-7FF5DF73E276,1459,,True,0
SRC-RAW-1FA4B861FBA027C15D00,POWER,not_selected_for_target,,absence_from_expert_target_workbook,1072,21,2022,CREDIT-3ECB0136F29E,1361,,True,0
SRC-RAW-E022E032B80E3A797B4F,POWER,not_selected_for_target,,absence_from_expert_target_workbook,1073,21,2022,ORG-291E5BC3E168,2319,,True,0
SRC-RAW-FDC16581F9F081992C8C,POWER,not_selected_for_target,,absence_from_expert_target_workbook,1074,21,2022,CREDIT-05D010EE8115,1819,,True,0
SRC-RAW-5BD76396D39D4E3A6561,POWER,not_selected_for_target,,absence_from_expert_target_workbook,1075,11,2022,CREDIT-70F1C931FC47,4417,燃生物质锅炉,True,12
SRC-RAW-BE0E4A824E3C06163063,POWER,not_selected_for_target,,absence_from_expert_target_workbook,1076,110,2022,CREDIT-70F1C931FC47,4417,燃生物质锅炉,True,12
SRC-RAW-371F347F8B55434B11B1,POWER,not_selected_for_target,,absence_from_expert_target_workbook,1077,111,2022,CREDIT-70F1C931FC47,4417,燃生物质锅炉,True,12
SRC-RAW-67FA398367A0BA855460,POWER,not_selected_for_target,,absence_from_expert_target_workbook,1078,112,2022,CREDIT-70F1C931FC47,4417,燃生物质锅炉,True,12
SRC-RAW-C46FE1E52E4722FD23A7,POWER,not_selected_for_target,,absence_from_expert_target_workbook,1079,12,2022,CREDIT-70F1C931FC47,4417,燃生物质锅炉,True,12
SRC-RAW-DA61964C930392178FBA,POWER,not_selected_for_target,,absence_from_expert_target_workbook,1080,13,2022,CREDIT-70F1C931FC47,4417,燃生物质锅炉,True,12
SRC-RAW-F0CA223C550FFB158EC1,POWER,not_selected_for_target,,absence_from_expert_target_workbook,1081,14,2022,CREDIT-70F1C931FC47,4417,燃生物质锅炉,True,12
SRC-RAW-D5A44FC9F748DBEB8497,POWER,not_selected_for_target,,absence_from_expert_target_workbook,1082,15,2022,CREDIT-70F1C931FC47,4417,燃生物质锅炉,True,12
SRC-RAW-86456DF21A5FC948AE35,POWER,not_selected_for_target,,absence_from_expert_target_workbook,1083,16,2022,CREDIT-70F1C931FC47,4417,燃生物质锅炉,True,12
SRC-RAW-4B8F2A96EF995F7A78E9,POWER,not_selected_for_target,,absence_from_expert_target_workbook,1084,17,2022,CREDIT-70F1C931FC47,4417,燃生物质锅炉,True,12
SRC-RAW-2BF4A6560ED9655A1034,POWER,not_selected_for_target,,absence_from_expert_target_workbook,1085,18,2022,CREDIT-70F1C931FC47,4417,燃生物质锅炉,True,12
SRC-RAW-94275F48F895A80D61BB,POWER,not_selected_for_target,,absence_from_expert_target_workbook,1086,19,2022,CREDIT-70F1C931FC47,4417,燃生物质锅炉,True,12
SRC-RAW-DB09A14E2C23009C56C1,POWER,include,94,canonical_expert_scope_order,1087,11,2022,CREDIT-4368F7C26AA4,4417,燃气轮机,True,3
SRC-RAW-EBE569F8F59E93B6D74B,POWER,include,95,canonical_expert_scope_order,1088,12,2022,CREDIT-4368F7C26AA4,4417,燃气轮机,True,3
SRC-RAW-76EDE4CF218D7560DC04,POWER,include,96,canonical_expert_scope_order,1089,13,2022,CREDIT-4368F7C26AA4,4417,燃气轮机,True,3
SRC-RAW-0970D6A8189EE4C11E89,POWER,not_selected_for_target,,absence_from_expert_target_workbook,1090,21,2022,CREDIT-E6A77FECE7C1,3360,,True,2
SRC-RAW-A4E4E9BCABF49E12CFEB,POWER,not_selected_for_target,,absence_from_expert_target_workbook,1091,21,2022,CREDIT-47E9E08A457D,1362,,True,0
SRC-RAW-C7CEB595530194CC69A0,POWER,not_selected_for_target,,absence_from_expert_target_workbook,1092,22,2022,CREDIT-47E9E08A457D,1362,,True,0
SRC-RAW-926F976FEEF8C6D78F83,POWER,not_selected_for_target,,absence_from_expert_target_workbook,1093,23,2022,CREDIT-47E9E08A457D,1362,,True,0
SRC-RAW-C1D136A6E04B0DA90503,POWER,not_selected_for_target,,absence_from_expert_target_workbook,1094,21,2022,CREDIT-40BCE0C6F3FD,3982,,True,39
SRC-RAW-D9B150CDBF5F80A212BF,POWER,not_selected_for_target,,absence_from_expert_target_workbook,1095,22,2022,CREDIT-40BCE0C6F3FD,3982,,True,39
SRC-RAW-700D04C639962A6F1945,POWER,not_selected_for_target,,absence_from_expert_target_workbook,1096,23,2022,CREDIT-40BCE0C6F3FD,3982,,True,39
SRC-RAW-9F339CE001C9D73E701D,POWER,not_selected_for_target,,absence_from_expert_target_workbook,1097,24,2022,CREDIT-40BCE0C6F3FD,3982,,True,39
SRC-RAW-074E57C45AC724ABD623,POWER,not_selected_for_target,,absence_from_expert_target_workbook,1098,21,2022,ORG-76945E6B0C74,3312,,True,2
SRC-RAW-6B9B577FC59943857991,POWER,not_selected_for_target,,absence_from_expert_target_workbook,1099,22,2022,ORG-76945E6B0C74,3312,,True,2
SRC-RAW-F5D74C73FB9DF4F6AE88,POWER,not_selected_for_target,,absence_from_expert_target_workbook,1100,21,2022,CREDIT-218454C775B0,2319,,True,0
SRC-RAW-B705FDE0FEBC4FABD38E,POWER,not_selected_for_target,,absence_from_expert_target_workbook,1101,22,2022,CREDIT-218454C775B0,2319,,True,0
SRC-RAW-16BAA46D8F4AD8BBCE19,POWER,not_selected_for_target,,absence_from_expert_target_workbook,1102,21,2022,ORG-D4A81264986C,3360,,True,32
SRC-RAW-53229F3C87248859F80B,POWER,not_selected_for_target,,absence_from_expert_target_workbook,1103,22,2022,ORG-D4A81264986C,3360,,True,32
SRC-RAW-A18EB4EE4009D36F1387,POWER,not_selected_for_target,,absence_from_expert_target_workbook,1104,21,2022,CREDIT-6365ADAE7EB8,3761,,True,4
SRC-RAW-0540C2E01824B8F121C1,POWER,not_selected_for_target,,absence_from_expert_target_workbook,1105,21,2022,CREDIT-688B6817FE47,3982,,True,12
SRC-RAW-1E5D12B04AC89EC4B3C6,POWER,not_selected_for_target,,absence_from_expert_target_workbook,1106,21,2022,ORG-18FDC2A55F83,2319,,True,1
SRC-RAW-9CE0BE6DD4DB190D9C30,POWER,not_selected_for_target,,absence_from_expert_target_workbook,1107,21,2022,ORG-D29F81B765BD,3982,,True,23
SRC-RAW-DD4D83E8B3A16A4F9AE0,POWER,not_selected_for_target,,absence_from_expert_target_workbook,1108,22,2022,ORG-D29F81B765BD,3982,,True,23
SRC-RAW-C308A5FC792155E6DA27,POWER,not_selected_for_target,,absence_from_expert_target_workbook,1109,21,2022,CREDIT-573785D02A6C,2019,,True,2
SRC-RAW-47478B9F51D7E4333B0A,POWER,not_selected_for_target,,absence_from_expert_target_workbook,1110,21,2022,CREDIT-9F52DC7C4419,1441,,True,0
SRC-RAW-87A770ADA2C115F36E7A,POWER,not_selected_for_target,,absence_from_expert_target_workbook,1111,22,2022,CREDIT-9F52DC7C4419,1441,,True,0
SRC-RAW-44673F9CFFD766B0A8B0,POWER,not_selected_for_target,,absence_from_expert_target_workbook,1112,21,2022,ORG-BF2E551C2780,3982,,True,2
SRC-RAW-666AF9697AF80D48AA0D,POWER,not_selected_for_target,,absence_from_expert_target_workbook,1113,21,2022,CREDIT-A8501DFD6640,2239,,True,0
SRC-RAW-EFB67949DB8F7681A17D,POWER,not_selected_for_target,,absence_from_expert_target_workbook,1114,22,2022,CREDIT-A8501DFD6640,2239,,True,0
SRC-RAW-3EA938AB7721C72F3A2B,POWER,not_selected_for_target,,absence_from_expert_target_workbook,1115,23,2022,CREDIT-A8501DFD6640,2239,,True,0
SRC-RAW-8BF570DBF127949D941B,POWER,not_selected_for_target,,absence_from_expert_target_workbook,1116,21,2022,ORG-7EA0BC9DCCF1,3982,,True,19
SRC-RAW-F0FCAEC7F5D42FEACFA6,POWER,not_selected_for_target,,absence_from_expert_target_workbook,1117,21,2022,ORG-986B0010B6A6,3982,,True,22
SRC-RAW-2AA5BF79AF5715DA16BA,POWER,not_selected_for_target,,absence_from_expert_target_workbook,1118,22,2022,ORG-986B0010B6A6,3982,,True,22
SRC-RAW-A6631A4F01F59313039C,POWER,not_selected_for_target,,absence_from_expert_target_workbook,1119,23,2022,ORG-986B0010B6A6,3982,,True,22
SRC-RAW-DBD372922DBE0CFF4B98,POWER,not_selected_for_target,,absence_from_expert_target_workbook,1120,21,2022,CREDIT-8478581F661E,1419,,True,2
SRC-RAW-9C8432BEC01C10BF7D18,POWER,not_selected_for_target,,absence_from_expert_target_workbook,1121,21,2022,ORG-A6A6CC29DCC4,1752,,True,2
SRC-RAW-0F284B897123065B8900,POWER,not_selected_for_target,,absence_from_expert_target_workbook,1122,22,2022,ORG-A6A6CC29DCC4,1752,,True,2
SRC-RAW-E9C2A298CA351C36C1B4,POWER,not_selected_for_target,,absence_from_expert_target_workbook,1123,23,2022,ORG-A6A6CC29DCC4,1752,,True,2
SRC-RAW-1388FC2D5A8BEF237826,POWER,not_selected_for_target,,absence_from_expert_target_workbook,1124,21,2022,CREDIT-F55DFB43482F,3982,,True,6
SRC-RAW-5836A1201C852E160B80,POWER,not_selected_for_target,,absence_from_expert_target_workbook,1125,21,2022,ORG-1F180ED962B8,3982,,True,4
SRC-RAW-347736C202D20158605B,POWER,not_selected_for_target,,absence_from_expert_target_workbook,1126,21,2022,CREDIT-19009FD2F2D8,2669,,True,0
SRC-RAW-1196E3483CACD87BEB4D,POWER,not_selected_for_target,,absence_from_expert_target_workbook,1127,21,2022,CREDIT-72F1541984AE,3130,,True,2
SRC-RAW-38B9BEF7BD8CA9B2516B,POWER,not_selected_for_target,,absence_from_expert_target_workbook,1128,22,2022,CREDIT-72F1541984AE,3130,,True,2
SRC-RAW-BCCA6967336AC2EE5B6C,POWER,not_selected_for_target,,absence_from_expert_target_workbook,1129,21,2022,ORG-FB3095A7F24E,3360,,True,3
SRC-RAW-AF57661379CCDAB75F15,POWER,not_selected_for_target,,absence_from_expert_target_workbook,1130,21,2022,CREDIT-82200AFACF3C,1752,,True,2
SRC-RAW-792FCE421BA133547E1B,POWER,not_selected_for_target,,absence_from_expert_target_workbook,1131,22,2022,CREDIT-82200AFACF3C,1752,,True,2
SRC-RAW-8E45C34A7413ED617F00,POWER,not_selected_for_target,,absence_from_expert_target_workbook,1132,21,2022,CREDIT-8AF789E581B3,2231,,True,0
SRC-RAW-063DB2525D1CF0340EE4,POWER,not_selected_for_target,,absence_from_expert_target_workbook,1133,21,2022,CREDIT-2A86AE564C24,1752,,True,1
SRC-RAW-8C5997F0892DEFDA2484,POWER,not_selected_for_target,,absence_from_expert_target_workbook,1134,21,2022,ORG-1531818F2E48,1830,,True,0
SRC-RAW-1D4247FBD7B71BFB0E86,POWER,not_selected_for_target,,absence_from_expert_target_workbook,1135,21,2022,CREDIT-3E32E6C1F029,1421,,True,0
SRC-RAW-EE68DB78FB44DEE14E78,POWER,not_selected_for_target,,absence_from_expert_target_workbook,1136,21,2022,ORG-E96C16BBB54B,2710,,True,4
SRC-RAW-8E4CEF55532E420C301B,POWER,not_selected_for_target,,absence_from_expert_target_workbook,1137,22,2022,ORG-E96C16BBB54B,2710,,True,4
SRC-RAW-238CE76D84B4F6A53893,POWER,not_selected_for_target,,absence_from_expert_target_workbook,1138,21,2022,CREDIT-3D6B893D8FA9,3973,,True,19
SRC-RAW-CD15108C8EA51EEDE9C5,POWER,not_selected_for_target,,absence_from_expert_target_workbook,1139,21,2022,CREDIT-A7ED9F7474B3,2624,,True,1
SRC-RAW-581ACE9981E50F8B867A,POWER,not_selected_for_target,,absence_from_expert_target_workbook,1140,21,2022,CREDIT-AFCC5F564432,3329,,True,3
SRC-RAW-761D8F0DD511B5903564,POWER,not_selected_for_target,,absence_from_expert_target_workbook,1141,21,2022,CREDIT-487653B7E0D7,3982,,True,35
SRC-RAW-36EB95264EB3DBF868F1,POWER,not_selected_for_target,,absence_from_expert_target_workbook,1142,22,2022,CREDIT-487653B7E0D7,3982,,True,35
SRC-RAW-76AEB3DB568609CB3834,POWER,not_selected_for_target,,absence_from_expert_target_workbook,1143,21,2022,CREDIT-C31375AEA260,1830,,True,0
SRC-RAW-1201F0C8C55892F9BD5F,POWER,not_selected_for_target,,absence_from_expert_target_workbook,1144,21,2022,CREDIT-459CD2F035F8,1752,,True,0
SRC-RAW-BEC844D81AE32C2445FD,POWER,not_selected_for_target,,absence_from_expert_target_workbook,1145,21,2022,CREDIT-F1EEE0D92773,3982,,True,108
SRC-RAW-42B39A412F4E30D07238,POWER,not_selected_for_target,,absence_from_expert_target_workbook,1146,22,2022,CREDIT-F1EEE0D92773,3982,,True,108
SRC-RAW-333CB6E8C9846DDB6430,POWER,not_selected_for_target,,absence_from_expert_target_workbook,1147,23,2022,CREDIT-F1EEE0D92773,3982,,True,108
SRC-RAW-CA341A71CF9F6514A48D,POWER,not_selected_for_target,,absence_from_expert_target_workbook,1148,24,2022,CREDIT-F1EEE0D92773,3982,,True,108
SRC-RAW-09A58FDD074A17780D23,POWER,not_selected_for_target,,absence_from_expert_target_workbook,1149,25,2022,CREDIT-F1EEE0D92773,3982,,True,108
SRC-RAW-F2D93AA9DB1054BD6E25,POWER,not_selected_for_target,,absence_from_expert_target_workbook,1150,26,2022,CREDIT-F1EEE0D92773,3982,,True,108
SRC-RAW-EB2FD8962BC9CD8459FA,POWER,not_selected_for_target,,absence_from_expert_target_workbook,1151,21,2022,CREDIT-0EE556DE83A0,1711,,True,1
SRC-RAW-5A521D00D3EA29D32FB2,POWER,not_selected_for_target,,absence_from_expert_target_workbook,1152,21,2022,CREDIT-DED64EA312AC,3360,,True,19
SRC-RAW-D17B9DF8B9FAC9A5FADA,POWER,not_selected_for_target,,absence_from_expert_target_workbook,1153,21,2022,CREDIT-049050D2F728,1392,,True,1
SRC-RAW-78331D0457268EEB461F,POWER,not_selected_for_target,,absence_from_expert_target_workbook,1154,11,2022,CREDIT-C72A452CA45C,4417,燃生物质锅炉,True,1
SRC-RAW-10D0195568BAD16A31F9,POWER,not_selected_for_target,,absence_from_expert_target_workbook,1155,12,2022,CREDIT-C72A452CA45C,4417,燃生物质锅炉,True,1
SRC-RAW-9D90286485CABB5968BB,POWER,not_selected_for_target,,absence_from_expert_target_workbook,1156,13,2022,CREDIT-C72A452CA45C,4417,燃生物质锅炉,True,1
SRC-RAW-84C8093836450948B4BC,POWER,not_selected_for_target,,absence_from_expert_target_workbook,1157,14,2022,CREDIT-C72A452CA45C,4417,燃生物质锅炉,True,1
SRC-RAW-EBD1F6F9EF841CA52073,POWER,not_selected_for_target,,absence_from_expert_target_workbook,1158,11,2022,CREDIT-99221D37488A,4417,燃生物质锅炉,True,6
SRC-RAW-D59B00AAE24080C54EE0,POWER,not_selected_for_target,,absence_from_expert_target_workbook,1159,12,2022,CREDIT-99221D37488A,4417,燃生物质锅炉,True,6
SRC-RAW-336C7CE4E5A9C9E46CA0,POWER,not_selected_for_target,,absence_from_expert_target_workbook,1160,13,2022,CREDIT-99221D37488A,4417,燃生物质锅炉,True,6
SRC-RAW-34EF4423DAD295F90BE0,POWER,not_selected_for_target,,absence_from_expert_target_workbook,1161,14,2022,CREDIT-99221D37488A,4417,燃生物质锅炉,True,6
SRC-RAW-7C0212DE6671BC9FBD60,POWER,not_selected_for_target,,absence_from_expert_target_workbook,1162,15,2022,CREDIT-99221D37488A,4417,燃生物质锅炉,True,6
SRC-RAW-C4BCFB4752B75190DFBA,POWER,not_selected_for_target,,absence_from_expert_target_workbook,1163,16,2022,CREDIT-99221D37488A,4417,燃生物质锅炉,True,6
SRC-RAW-4510FCB035394B662514,POWER,not_selected_for_target,,absence_from_expert_target_workbook,1164,21,2022,CREDIT-B2143E5C518F,1819,,True,0
SRC-RAW-CB56F100413D3D9C3EDD,POWER,not_selected_for_target,,absence_from_expert_target_workbook,1165,21,2022,CREDIT-F22F2C421C93,4190,,True,0
SRC-RAW-9FFD9675C90023EE517F,POWER,not_selected_for_target,,absence_from_expert_target_workbook,1166,21,2022,CREDIT-1EE0B8CA62B2,2319,,True,8
SRC-RAW-521CB8E7D804C1944B26,POWER,not_selected_for_target,,absence_from_expert_target_workbook,1167,21,2022,CREDIT-0BF18DBD2CA1,4190,,True,0
SRC-RAW-7358D54CC2BE420E9AEE,POWER,not_selected_for_target,,absence_from_expert_target_workbook,1168,21,2022,CREDIT-D317240B2855,1939,,True,0
SRC-RAW-8115C793EAA5524C0658,POWER,not_selected_for_target,,absence_from_expert_target_workbook,1169,21,2022,CREDIT-8E44855B0E9D,3761,,True,0
SRC-RAW-FCFAB61964A64C4717EF,POWER,not_selected_for_target,,absence_from_expert_target_workbook,1170,22,2022,CREDIT-8E44855B0E9D,3761,,True,0
SRC-RAW-13796BB4600A1B9DF861,POWER,not_selected_for_target,,absence_from_expert_target_workbook,1171,21,2022,CREDIT-2359A7BCFF07,3464,,True,2
SRC-RAW-563FE7E5683312E85594,POWER,not_selected_for_target,,absence_from_expert_target_workbook,1172,22,2022,CREDIT-2359A7BCFF07,3464,,True,2
SRC-RAW-FD83E92BCB68960B8B66,POWER,not_selected_for_target,,absence_from_expert_target_workbook,1173,21,2022,CREDIT-CBF8E969F371,4119,,True,5
SRC-RAW-7EF22602162F33E7F50E,POWER,not_selected_for_target,,absence_from_expert_target_workbook,1174,22,2022,CREDIT-CBF8E969F371,4119,,True,5
SRC-RAW-EE382445D488211043D2,POWER,not_selected_for_target,,absence_from_expert_target_workbook,1175,21,2022,CREDIT-F724933BF651,3973,,True,11
SRC-RAW-8B329E53FD142E177F18,POWER,not_selected_for_target,,absence_from_expert_target_workbook,1176,22,2022,CREDIT-F724933BF651,3973,,True,11
SRC-RAW-164776812D6B53ED0A5C,POWER,not_selected_for_target,,absence_from_expert_target_workbook,1177,21,2022,CREDIT-8EC250809073,1353,,True,1
SRC-RAW-2D8ED3CA5C9331879359,POWER,not_selected_for_target,,absence_from_expert_target_workbook,1178,21,2022,CREDIT-B31341A7E37C,1819,,True,0
SRC-RAW-190FAC35BAA3212F37E4,POWER,include,97,canonical_expert_scope_order,1179,11,2022,CREDIT-F994A7CEBE24,4411,燃气轮机,True,2
SRC-RAW-64B79329648A40D200BC,POWER,include,98,canonical_expert_scope_order,1180,12,2022,CREDIT-F994A7CEBE24,4411,燃气轮机,True,2
SRC-RAW-DE1171FEE9315126C9A5,POWER,not_selected_for_target,,absence_from_expert_target_workbook,1181,21,2022,CREDIT-C58658708B11,2419,,True,2
SRC-RAW-D5CD731CE4B0C6CB3173,POWER,not_selected_for_target,,absence_from_expert_target_workbook,1182,22,2022,CREDIT-C58658708B11,2419,,True,2
SRC-RAW-3B0CDFCCDA8A3A580F4D,POWER,not_selected_for_target,,absence_from_expert_target_workbook,1183,21,2022,CREDIT-A3AED4B649DC,4190,,True,0
SRC-RAW-B6396D5ED2FC88D2F3EF,POWER,not_selected_for_target,,absence_from_expert_target_workbook,1184,21,2022,CREDIT-C93E0078FC49,2710,,True,1
SRC-RAW-2C7009619B195324D655,POWER,not_selected_for_target,,absence_from_expert_target_workbook,1185,21,2022,CREDIT-F502553D6154,1521,,True,0
SRC-RAW-B2B58794489493FA2D8E,POWER,not_selected_for_target,,absence_from_expert_target_workbook,1186,22,2022,CREDIT-F502553D6154,1521,,True,0
SRC-RAW-0A6D6FF74FC0E8F08C88,POWER,not_selected_for_target,,absence_from_expert_target_workbook,1187,21,2022,CREDIT-9AC7992ABB4E,2919,,True,1
SRC-RAW-7A90E5E333B4FD006B63,POWER,not_selected_for_target,,absence_from_expert_target_workbook,1188,22,2022,CREDIT-9AC7992ABB4E,2919,,True,1
SRC-RAW-3BCE6DB7B5F345C5D5D4,POWER,not_selected_for_target,,absence_from_expert_target_workbook,1189,21,2022,CREDIT-E7536B3FD426,2319,,True,0
SRC-RAW-889DB2A83987FBEAE280,POWER,not_selected_for_target,,absence_from_expert_target_workbook,1190,21,2022,CREDIT-F9908DA47FB1,2761,,True,0
SRC-RAW-2A7B63B6E6FDF7106768,POWER,not_selected_for_target,,absence_from_expert_target_workbook,1191,22,2022,CREDIT-F9908DA47FB1,2761,,True,0
SRC-RAW-C11597BE5BB8AA954AA0,POWER,not_selected_for_target,,absence_from_expert_target_workbook,1192,21,2022,CREDIT-28B4EE091994,1399,,True,2
SRC-RAW-63CD109FA2CB500ADE88,POWER,not_selected_for_target,,absence_from_expert_target_workbook,1193,22,2022,CREDIT-28B4EE091994,1399,,True,2
SRC-RAW-4F5FE8699AC2B2F5131B,POWER,not_selected_for_target,,absence_from_expert_target_workbook,1194,21,2022,CREDIT-34E608B60F70,2642,,True,1
SRC-RAW-B5703EF248A38055CD9A,POWER,not_selected_for_target,,absence_from_expert_target_workbook,1195,21,2022,CREDIT-26AEE35FE8C5,3024,,True,0
SRC-RAW-5960AB16870A81B1F92C,POWER,not_selected_for_target,,absence_from_expert_target_workbook,1196,21,2022,CREDIT-A5E2BA4AAB17,1522,,True,0
SRC-RAW-38F39CDF52E2268B09F0,POWER,not_selected_for_target,,absence_from_expert_target_workbook,1197,22,2022,CREDIT-A5E2BA4AAB17,1522,,True,0
SRC-RAW-0873E2F52FC28646D4E0,POWER,not_selected_for_target,,absence_from_expert_target_workbook,1198,23,2022,CREDIT-A5E2BA4AAB17,1522,,True,0
SRC-RAW-9059AC226BBD41A1C570,POWER,not_selected_for_target,,absence_from_expert_target_workbook,1199,21,2022,CREDIT-D1A10B68F1A7,2669,,True,4
SRC-RAW-158F20A21CFA122BF40F,POWER,not_selected_for_target,,absence_from_expert_target_workbook,1200,21,2022,CREDIT-7613CDD4F7E1,1762,,True,0
SRC-RAW-63E9CE04F5290FFD7229,POWER,not_selected_for_target,,absence_from_expert_target_workbook,1201,21,2022,CREDIT-B50E6E27CF15,1469,,True,1
SRC-RAW-38E3E6077A95D827560A,POWER,not_selected_for_target,,absence_from_expert_target_workbook,1202,21,2022,CREDIT-9BBE2E0514DD,1752,,True,0
SRC-RAW-4C3C335BBCC1D2EF7B8E,POWER,not_selected_for_target,,absence_from_expert_target_workbook,1203,21,2022,CREDIT-4D31216DDB10,1752,,True,0
SRC-RAW-4478DA023A6012C69FCB,POWER,not_selected_for_target,,absence_from_expert_target_workbook,1204,21,2022,CREDIT-F52D39F6BEA6,1469,,True,0
SRC-RAW-096A8B761371EF14F1ED,POWER,not_selected_for_target,,absence_from_expert_target_workbook,1205,21,2022,CREDIT-B7B0E44DEA30,1752,,True,0
SRC-RAW-A6D0AE119C6D7650CEF9,POWER,not_selected_for_target,,absence_from_expert_target_workbook,1206,11,2022,CREDIT-5EF188677A89,4417,燃生物质锅炉,True,1
SRC-RAW-1D6DB5D8C5DB9F14CCB2,POWER,not_selected_for_target,,absence_from_expert_target_workbook,1207,21,2022,CREDIT-09DAB62C99D3,1352,,True,0
SRC-RAW-EFD5A290F609C8931A03,POWER,not_selected_for_target,,absence_from_expert_target_workbook,1208,22,2022,CREDIT-09DAB62C99D3,1352,,True,0
SRC-RAW-F114950FD6F926B7CDF0,POWER,not_selected_for_target,,absence_from_expert_target_workbook,1209,23,2022,CREDIT-09DAB62C99D3,1352,,True,0
SRC-RAW-77A43B17745BE9A43301,POWER,not_selected_for_target,,absence_from_expert_target_workbook,1210,24,2022,CREDIT-09DAB62C99D3,1352,,True,0
SRC-RAW-FA1F266647A235B74FF9,POWER,not_selected_for_target,,absence_from_expert_target_workbook,1211,25,2022,CREDIT-09DAB62C99D3,1352,,True,0
SRC-RAW-DE025356860548054370,POWER,not_selected_for_target,,absence_from_expert_target_workbook,1212,26,2022,CREDIT-09DAB62C99D3,1352,,True,0
SRC-RAW-AB06C8FDD627D0BB29E3,POWER,not_selected_for_target,,absence_from_expert_target_workbook,1213,27,2022,CREDIT-09DAB62C99D3,1352,,True,0
SRC-RAW-3AE0DA87ED205FF4C95C,POWER,not_selected_for_target,,absence_from_expert_target_workbook,1214,28,2022,CREDIT-09DAB62C99D3,1352,,True,0
SRC-RAW-E497FE6AABC364DA0357,POWER,not_selected_for_target,,absence_from_expert_target_workbook,1215,21,2022,CREDIT-36B9F80D2F40,1830,,True,0
SRC-RAW-863BF6BFDE42F3A219DC,POWER,not_selected_for_target,,absence_from_expert_target_workbook,1216,21,2022,CREDIT-19837F757B59,1353,,True,0
SRC-RAW-BA210242AD8807D828A5,POWER,not_selected_for_target,,absence_from_expert_target_workbook,1217,21,2022,CREDIT-E11D8A17C1E1,1462,,True,0
SRC-RAW-F8303DC7144B6A20923A,POWER,not_selected_for_target,,absence_from_expert_target_workbook,1218,21,2022,CREDIT-2B8AAA8A9BD0,1351,,True,6
SRC-RAW-CC05C0109B6B09E19A7E,POWER,not_selected_for_target,,absence_from_expert_target_workbook,1219,22,2022,CREDIT-2B8AAA8A9BD0,1351,,True,6
SRC-RAW-6EB85A0FE39E27C8137D,POWER,not_selected_for_target,,absence_from_expert_target_workbook,1220,23,2022,CREDIT-2B8AAA8A9BD0,1351,,True,6
SRC-RAW-0E32EDF9CF32457A1434,POWER,not_selected_for_target,,absence_from_expert_target_workbook,1221,24,2022,CREDIT-2B8AAA8A9BD0,1351,,True,6
SRC-RAW-3CA4DEF549F9B5DD437A,POWER,not_selected_for_target,,absence_from_expert_target_workbook,1222,21,2022,CREDIT-67C41266EFAF,3985,,True,1
SRC-RAW-B0710AB6043F019A5F91,POWER,not_selected_for_target,,absence_from_expert_target_workbook,1223,22,2022,CREDIT-67C41266EFAF,3985,,True,1
SRC-RAW-2C6337839C510D47AA2B,POWER,not_selected_for_target,,absence_from_expert_target_workbook,1224,21,2022,CREDIT-19373750CEF3,2319,,True,5
SRC-RAW-10DE62C3151276913103,POWER,not_selected_for_target,,absence_from_expert_target_workbook,1225,22,2022,CREDIT-19373750CEF3,2319,,True,5
SRC-RAW-444213A17DC994248D3E,POWER,not_selected_for_target,,absence_from_expert_target_workbook,1226,21,2022,CREDIT-F6A5DB4BBD52,1392,,True,0
SRC-RAW-BDDD32518FF257E9AF72,POWER,not_selected_for_target,,absence_from_expert_target_workbook,1227,21,2022,CREDIT-6212DFD96B16,1821,,True,0
SRC-RAW-BD825F22FBB2153C5E07,POWER,not_selected_for_target,,absence_from_expert_target_workbook,1228,22,2022,CREDIT-6212DFD96B16,1821,,True,0
SRC-RAW-FB067A4BC91A81D6AF3C,POWER,not_selected_for_target,,absence_from_expert_target_workbook,1229,21,2022,CREDIT-3FAE1084940B,2720,,True,4
SRC-RAW-B58716B4D9296619B1B3,POWER,not_selected_for_target,,absence_from_expert_target_workbook,1230,22,2022,CREDIT-3FAE1084940B,2720,,True,4
SRC-RAW-9DC630E58A41E9777C01,POWER,not_selected_for_target,,absence_from_expert_target_workbook,1231,11,2022,CREDIT-47681D322994,4417,余热利用锅炉,True,2
SRC-RAW-7F66669FF4B67B90E760,POWER,not_selected_for_target,,absence_from_expert_target_workbook,1232,12,2022,CREDIT-47681D322994,4417,余热利用锅炉,True,2
SRC-RAW-20037B1A5B7392E771D5,POWER,not_selected_for_target,,absence_from_expert_target_workbook,1233,21,2022,CREDIT-1403269AC93F,1830,,True,0
SRC-RAW-B536F43CF87FDE2F51A0,POWER,not_selected_for_target,,absence_from_expert_target_workbook,1234,21,2022,CREDIT-2AEA2D64B778,2720,,True,6
SRC-RAW-E758D942FA598E474BF3,POWER,not_selected_for_target,,absence_from_expert_target_workbook,1235,22,2022,CREDIT-2AEA2D64B778,2720,,True,6
SRC-RAW-CF1B2E74119D1DCF72C4,POWER,not_selected_for_target,,absence_from_expert_target_workbook,1236,21,2022,ORG-A1E430F10D82,1620,,True,0
SRC-RAW-6043CCF6004473009216,POWER,not_selected_for_target,,absence_from_expert_target_workbook,1237,22,2022,ORG-A1E430F10D82,1620,,True,0
SRC-RAW-E94C720B89DD5D757E9D,POWER,not_selected_for_target,,absence_from_expert_target_workbook,1238,23,2022,ORG-A1E430F10D82,1620,,True,0
SRC-RAW-0324D822EFE10560A807,POWER,not_selected_for_target,,absence_from_expert_target_workbook,1239,21,2022,CREDIT-54DE84606E79,4190,,True,0
SRC-RAW-016110D3AD19E7875078,POWER,not_selected_for_target,,absence_from_expert_target_workbook,1240,21,2022,CREDIT-C610C9B8B54E,1392,,True,0
SRC-RAW-F347FE6B7B22E9053BBD,POWER,not_selected_for_target,,absence_from_expert_target_workbook,1241,21,2022,CREDIT-64F6B43E9630,2913,,True,7
SRC-RAW-4AC52AF05D26332F01D1,POWER,not_selected_for_target,,absence_from_expert_target_workbook,1242,22,2022,CREDIT-64F6B43E9630,2913,,True,7
SRC-RAW-829CCC02E04BEEA7A2FE,POWER,include,99,canonical_expert_scope_order,1243,11,2022,CREDIT-D05D673765FF,4411,燃气轮机,True,0
SRC-RAW-8D3F58F979F412D1E35F,POWER,include,100,canonical_expert_scope_order,1244,12,2022,CREDIT-D05D673765FF,4411,燃气轮机,True,0
SRC-RAW-BC06872DBEF0FCE27EFC,POWER,not_selected_for_target,,absence_from_expert_target_workbook,1245,21,2022,CREDIT-568C8B8BD691,4119,,True,2
SRC-RAW-F9397DFC254B17CAEBCF,POWER,not_selected_for_target,,absence_from_expert_target_workbook,1246,21,2022,CREDIT-F054C248B61F,2911,,True,4
SRC-RAW-65DC35583BF0672E1E48,POWER,not_selected_for_target,,absence_from_expert_target_workbook,1247,21,2022,CREDIT-7794DB274737,2929,,True,12
SRC-RAW-E4E30A9216DC470B185E,POWER,not_selected_for_target,,absence_from_expert_target_workbook,1248,21,2022,CREDIT-2139B21FC65B,4190,,True,0
SRC-RAW-44F1AABD40145F0ACE9D,POWER,not_selected_for_target,,absence_from_expert_target_workbook,1249,21,2022,CREDIT-74C3A4A50EB1,3029,,True,0
SRC-RAW-5977E083F75B6C34BFD8,POWER,not_selected_for_target,,absence_from_expert_target_workbook,1250,21,2022,CREDIT-37BB1E3E526A,3911,,True,34
SRC-RAW-5578EA8A0330CA648A0E,POWER,not_selected_for_target,,absence_from_expert_target_workbook,1251,22,2022,CREDIT-37BB1E3E526A,3911,,True,34
SRC-RAW-3E9F192708C0EEC5CB3F,POWER,not_selected_for_target,,absence_from_expert_target_workbook,1252,21,2022,CREDIT-55E5B4C8D33E,2740,,True,4
SRC-RAW-4AB2555A8B28FBC19BD2,POWER,not_selected_for_target,,absence_from_expert_target_workbook,1253,22,2022,CREDIT-55E5B4C8D33E,2740,,True,4
SRC-RAW-870A8EDE3BA7F43DB8BA,POWER,not_selected_for_target,,absence_from_expert_target_workbook,1254,21,2022,CREDIT-B40B766CF6E5,1373,,True,0
SRC-RAW-38D301EAAD582952B753,POWER,not_selected_for_target,,absence_from_expert_target_workbook,1255,21,2022,CREDIT-1668549C4683,3611,,True,1
SRC-RAW-7338160887FFA29BA56E,POWER,not_selected_for_target,,absence_from_expert_target_workbook,1256,22,2022,CREDIT-1668549C4683,3611,,True,1
SRC-RAW-BCA6E64A1948128375BE,POWER,not_selected_for_target,,absence_from_expert_target_workbook,1257,23,2022,CREDIT-1668549C4683,3611,,True,1
SRC-RAW-1F97589C2BF67B57A5D4,POWER,not_selected_for_target,,absence_from_expert_target_workbook,1258,24,2022,CREDIT-1668549C4683,3611,,True,1
SRC-RAW-726D8202115E5CE4B39F,POWER,not_selected_for_target,,absence_from_expert_target_workbook,1259,21,2022,CREDIT-46D47FCDF5EB,4190,,True,0
SRC-RAW-A93E3D65897CC8EAE2DD,POWER,not_selected_for_target,,absence_from_expert_target_workbook,1260,21,2022,CREDIT-BE47E962E328,2720,,True,1
SRC-RAW-5CC797637451E5BFB75D,POWER,not_selected_for_target,,absence_from_expert_target_workbook,1261,21,2022,CREDIT-76EFE1890FA9,2684,,True,2
SRC-RAW-E73838D5DCE7475C026B,POWER,not_selected_for_target,,absence_from_expert_target_workbook,1262,22,2022,CREDIT-76EFE1890FA9,2684,,True,2
SRC-RAW-06F1BFD96EF18395EC47,POWER,not_selected_for_target,,absence_from_expert_target_workbook,1263,21,2022,CREDIT-78509173932B,3974,,True,6
SRC-RAW-55C31725DC9CE2BEDC30,POWER,not_selected_for_target,,absence_from_expert_target_workbook,1264,22,2022,CREDIT-78509173932B,3974,,True,6
SRC-RAW-007538C607CC43CE98CD,POWER,not_selected_for_target,,absence_from_expert_target_workbook,1265,23,2022,CREDIT-78509173932B,3974,,True,6
SRC-RAW-1879B48F80CAF7F7B3BB,POWER,not_selected_for_target,,absence_from_expert_target_workbook,1266,21,2022,CREDIT-2D993587631F,4190,,True,0
SRC-RAW-66A90786541B8B7D64C9,POWER,not_selected_for_target,,absence_from_expert_target_workbook,1267,22,2022,CREDIT-2D993587631F,4190,,True,0
SRC-RAW-93E3540A905F08956EF0,POWER,not_selected_for_target,,absence_from_expert_target_workbook,1268,21,2022,CREDIT-7DAF5A2F2BD7,2919,,True,7
SRC-RAW-DBF878A784D5178D73BD,POWER,not_selected_for_target,,absence_from_expert_target_workbook,1269,22,2022,CREDIT-7DAF5A2F2BD7,2919,,True,7
SRC-RAW-6344981C411135A988E1,POWER,not_selected_for_target,,absence_from_expert_target_workbook,1270,21,2022,CREDIT-811760D4136D,3922,,True,76
SRC-RAW-2AEEB719CE1D6AE56521,POWER,not_selected_for_target,,absence_from_expert_target_workbook,1271,22,2022,CREDIT-811760D4136D,3922,,True,76
SRC-RAW-81B8B1217CCBC394F944,POWER,not_selected_for_target,,absence_from_expert_target_workbook,1272,21,2022,ORG-215B0E521A4D,1830,,True,0
SRC-RAW-15EADC2A31E6ECDCC708,POWER,not_selected_for_target,,absence_from_expert_target_workbook,1273,22,2022,ORG-215B0E521A4D,1830,,True,0
SRC-RAW-B7588D6E56DA0514E71E,POWER,include,101,canonical_expert_scope_order,1274,11,2022,CREDIT-5041F05CC454,4412,燃气轮机,True,3
SRC-RAW-92FED172CEA9E9F0F5B1,POWER,include,102,canonical_expert_scope_order,1275,12,2022,CREDIT-5041F05CC454,4412,燃气轮机,True,3
SRC-RAW-872078A44E1C81BF21BF,POWER,include,103,canonical_expert_scope_order,1276,13,2022,CREDIT-5041F05CC454,4412,燃气轮机,True,3
SRC-RAW-D9830C9F4836FE385792,POWER,not_selected_for_target,,absence_from_expert_target_workbook,1277,21,2022,CREDIT-14D88D70748A,2720,,True,6
SRC-RAW-43E5A23EA3106104C6F5,POWER,not_selected_for_target,,absence_from_expert_target_workbook,1278,21,2022,CREDIT-5A583E5D6E79,2710,,True,3
SRC-RAW-953F77124F2EA21D3272,POWER,not_selected_for_target,,absence_from_expert_target_workbook,1279,22,2022,CREDIT-5A583E5D6E79,2710,,True,3
SRC-RAW-07F7946FAAD4A69E38FB,POWER,not_selected_for_target,,absence_from_expert_target_workbook,1280,23,2022,CREDIT-5A583E5D6E79,2710,,True,3
SRC-RAW-251EA4ACFF3B377EBA2C,POWER,not_selected_for_target,,absence_from_expert_target_workbook,1281,24,2022,CREDIT-5A583E5D6E79,2710,,True,3
SRC-RAW-7310ADCADD20DCCE5E61,POWER,not_selected_for_target,,absence_from_expert_target_workbook,1282,21,2022,CREDIT-038A38E0C66C,2720,,True,0
SRC-RAW-094326616E26049BBE5F,POWER,not_selected_for_target,,absence_from_expert_target_workbook,1283,22,2022,CREDIT-038A38E0C66C,2720,,True,0
SRC-RAW-7B3E6DD4EF0D60CB0684,POWER,not_selected_for_target,,absence_from_expert_target_workbook,1284,21,2022,CREDIT-521398807C51,2720,,True,1
SRC-RAW-769C5C53FEA19302A805,POWER,not_selected_for_target,,absence_from_expert_target_workbook,1285,22,2022,CREDIT-521398807C51,2720,,True,1
SRC-RAW-303F190D16EA69E00900,POWER,not_selected_for_target,,absence_from_expert_target_workbook,1286,21,2022,CREDIT-AF9C4BB68953,1431,,True,2
SRC-RAW-F2EFE0555751CE8E38B9,POWER,not_selected_for_target,,absence_from_expert_target_workbook,1287,22,2022,CREDIT-AF9C4BB68953,1431,,True,2
SRC-RAW-16A2E217B8796A7BDD59,POWER,not_selected_for_target,,absence_from_expert_target_workbook,1288,21,2022,CREDIT-4FF9B1C281E2,2730,,True,0
SRC-RAW-A5C5FB51A96B534FD0EB,POWER,not_selected_for_target,,absence_from_expert_target_workbook,1289,21,2022,CREDIT-91FF602FBBCE,2662,,True,2
SRC-RAW-8254BCF74795F2FE0340,POWER,not_selected_for_target,,absence_from_expert_target_workbook,1290,22,2022,CREDIT-91FF602FBBCE,2662,,True,2
SRC-RAW-55B94D6D1D42E304D032,POWER,not_selected_for_target,,absence_from_expert_target_workbook,1291,21,2022,CREDIT-40F38FF5F360,3976,,True,6
SRC-RAW-0385ABC9775B6F45B783,POWER,not_selected_for_target,,absence_from_expert_target_workbook,1292,22,2022,CREDIT-40F38FF5F360,3976,,True,6
SRC-RAW-73CF8A3685DED8489557,POWER,not_selected_for_target,,absence_from_expert_target_workbook,1293,23,2022,CREDIT-40F38FF5F360,3976,,True,6
SRC-RAW-AE2C953C609CDF7E29C6,POWER,not_selected_for_target,,absence_from_expert_target_workbook,1294,24,2022,CREDIT-40F38FF5F360,3976,,True,6
SRC-RAW-062913707A3B686E4D05,POWER,not_selected_for_target,,absence_from_expert_target_workbook,1295,21,2022,CREDIT-D5F251B18DC3,2762,,True,1
SRC-RAW-83E2D924D29FFE17DC9D,POWER,not_selected_for_target,,absence_from_expert_target_workbook,1296,22,2022,CREDIT-D5F251B18DC3,2762,,True,1
SRC-RAW-3F74834D1D1E5B2E4BE4,POWER,not_selected_for_target,,absence_from_expert_target_workbook,1297,21,2022,CREDIT-8D7E45960F38,1751,,True,1
SRC-RAW-105FE1938B8A2ABEB1D5,POWER,not_selected_for_target,,absence_from_expert_target_workbook,1298,21,2022,CREDIT-FE285FC57C57,1351,,True,0
SRC-RAW-F77AF23FE72033D7627A,POWER,not_selected_for_target,,absence_from_expert_target_workbook,1299,21,2022,CREDIT-FF0911311160,1421,,True,0
SRC-RAW-79F354810B1C68D54FE1,POWER,not_selected_for_target,,absence_from_expert_target_workbook,1300,21,2022,CREDIT-B6A9299B41D3,3982,,True,15
SRC-RAW-301F8019CA5B631E0F8E,POWER,not_selected_for_target,,absence_from_expert_target_workbook,1301,21,2022,CREDIT-D7244008B7FE,3841,,True,21
SRC-RAW-391B66EAF1993CAFB495,POWER,not_selected_for_target,,absence_from_expert_target_workbook,1302,22,2022,CREDIT-D7244008B7FE,3841,,True,21
SRC-RAW-A4D0C260D681D845B277,POWER,not_selected_for_target,,absence_from_expert_target_workbook,1303,23,2022,CREDIT-D7244008B7FE,3841,,True,21
SRC-RAW-6BE8DB735F46D6EEA751,POWER,not_selected_for_target,,absence_from_expert_target_workbook,1304,21,2022,CREDIT-7DEFB4FF1FA8,1819,,True,2
SRC-RAW-44CF00319466BD9C93B6,POWER,not_selected_for_target,,absence_from_expert_target_workbook,1305,22,2022,CREDIT-7DEFB4FF1FA8,1819,,True,2
SRC-RAW-0B4B51245972BAD6B0A0,POWER,not_selected_for_target,,absence_from_expert_target_workbook,1306,23,2022,CREDIT-7DEFB4FF1FA8,1819,,True,2
SRC-RAW-1CF58CD7CB1D0EE032D4,POWER,not_selected_for_target,,absence_from_expert_target_workbook,1307,21,2022,CREDIT-BAB3E22DFAFD,2319,,True,4
SRC-RAW-55655BB58C4F0BF89400,POWER,not_selected_for_target,,absence_from_expert_target_workbook,1308,21,2022,CREDIT-976F9F0271FA,3360,,True,23
SRC-RAW-B1FF2D9911E3638E1B0C,POWER,not_selected_for_target,,absence_from_expert_target_workbook,1309,21,2022,CREDIT-30222B01B095,3660,,True,5
SRC-RAW-1E5AA4B6D2B5E0B7A072,POWER,not_selected_for_target,,absence_from_expert_target_workbook,1310,21,2022,CREDIT-1E2FFC7B94F6,3360,,True,11
SRC-RAW-7C18C254776E7C627507,POWER,not_selected_for_target,,absence_from_expert_target_workbook,1311,21,2022,CREDIT-8C2A072733A6,3612,,True,5
SRC-RAW-F6522E9ADFDF0BD5FDE2,POWER,not_selected_for_target,,absence_from_expert_target_workbook,1312,22,2022,CREDIT-8C2A072733A6,3612,,True,5
SRC-RAW-02B60C697EE2A5242253,POWER,not_selected_for_target,,absence_from_expert_target_workbook,1313,23,2022,CREDIT-8C2A072733A6,3612,,True,5
SRC-RAW-D3506048EC3117FF5A9E,POWER,not_selected_for_target,,absence_from_expert_target_workbook,1314,21,2022,CREDIT-D07E5E68C361,3670,,True,23
SRC-RAW-CF9C2A291D61B70AE52B,POWER,not_selected_for_target,,absence_from_expert_target_workbook,1315,22,2022,CREDIT-D07E5E68C361,3670,,True,23
SRC-RAW-F43A98CA24D85EC63FB3,POWER,not_selected_for_target,,absence_from_expert_target_workbook,1316,23,2022,CREDIT-D07E5E68C361,3670,,True,23
SRC-RAW-3AB168FBAE9978576989,POWER,not_selected_for_target,,absence_from_expert_target_workbook,1317,24,2022,CREDIT-D07E5E68C361,3670,,True,23
SRC-RAW-CF491230EB9CB2185713,POWER,not_selected_for_target,,absence_from_expert_target_workbook,1318,25,2022,CREDIT-D07E5E68C361,3670,,True,23
SRC-RAW-2099578B2AB2780326B1,POWER,not_selected_for_target,,absence_from_expert_target_workbook,1319,26,2022,CREDIT-D07E5E68C361,3670,,True,23
SRC-RAW-5188CAE5556F758D442B,POWER,not_selected_for_target,,absence_from_expert_target_workbook,1320,21,2022,CREDIT-8E95A5F644F0,4119,,True,0
SRC-RAW-B0E9E3A246E7172A5D93,POWER,not_selected_for_target,,absence_from_expert_target_workbook,1321,22,2022,CREDIT-8E95A5F644F0,4119,,True,0
SRC-RAW-D0CD5DA4CCB371C4B892,POWER,not_selected_for_target,,absence_from_expert_target_workbook,1322,21,2022,CREDIT-47EC4072CEFA,1441,,True,0
SRC-RAW-7357A343753D38155D92,POWER,not_selected_for_target,,absence_from_expert_target_workbook,1323,22,2022,CREDIT-47EC4072CEFA,1441,,True,0
SRC-RAW-F5C921A71B5A421E0F2A,POWER,not_selected_for_target,,absence_from_expert_target_workbook,1324,21,2022,CREDIT-89DE8E990521,2761,,True,1
SRC-RAW-BB97ECEBF105EF32D158,POWER,not_selected_for_target,,absence_from_expert_target_workbook,1325,22,2022,CREDIT-89DE8E990521,2761,,True,1
SRC-RAW-1E0A10FB83A94353C98D,POWER,not_selected_for_target,,absence_from_expert_target_workbook,1326,21,2022,CREDIT-C40DB21943E8,1419,,True,0
SRC-RAW-1AFA35B70E21541316F0,POWER,not_selected_for_target,,absence_from_expert_target_workbook,1327,22,2022,CREDIT-C40DB21943E8,1419,,True,0
SRC-RAW-C8C11D9E2A500A0ED665,POWER,not_selected_for_target,,absence_from_expert_target_workbook,1328,23,2022,CREDIT-C40DB21943E8,1419,,True,0
SRC-RAW-18A531C78E135D3D26DF,POWER,not_selected_for_target,,absence_from_expert_target_workbook,1329,21,2022,CREDIT-EB556054B090,2720,,True,9
SRC-RAW-0B8AB658292E7A45353D,POWER,not_selected_for_target,,absence_from_expert_target_workbook,1330,22,2022,CREDIT-EB556054B090,2720,,True,9
SRC-RAW-BB8A13DB2CA4BF743C6F,POWER,not_selected_for_target,,absence_from_expert_target_workbook,1331,23,2022,CREDIT-EB556054B090,2720,,True,9
SRC-RAW-040604B81426F7779763,POWER,not_selected_for_target,,absence_from_expert_target_workbook,1332,21,2022,CREDIT-C19F2CF1F393,1411,,True,0
SRC-RAW-BC5C05F1EF5C81151C66,POWER,not_selected_for_target,,absence_from_expert_target_workbook,1333,21,2022,CREDIT-6781E5EA6BBB,1439,,True,2
SRC-RAW-443EF5167625E2A40573,POWER,not_selected_for_target,,absence_from_expert_target_workbook,1334,22,2022,CREDIT-6781E5EA6BBB,1439,,True,2
SRC-RAW-B0FA3817B7BF6C0F268C,POWER,not_selected_for_target,,absence_from_expert_target_workbook,1335,21,2022,CREDIT-0FB63D21DC06,2319,,True,1
SRC-RAW-66698FB0B7924D15354B,POWER,not_selected_for_target,,absence_from_expert_target_workbook,1336,22,2022,CREDIT-0FB63D21DC06,2319,,True,1
SRC-RAW-C6EFDEC81F93D566C81B,POWER,not_selected_for_target,,absence_from_expert_target_workbook,1337,21,2022,CREDIT-C892BCA74699,2720,,True,7
SRC-RAW-497BACAD1E10DB2C2617,POWER,not_selected_for_target,,absence_from_expert_target_workbook,1338,22,2022,CREDIT-C892BCA74699,2720,,True,7
SRC-RAW-D0E6D5EA82BAD8D2ADDE,POWER,not_selected_for_target,,absence_from_expert_target_workbook,1339,21,2022,CREDIT-771D3DF66983,3360,,True,0
SRC-RAW-FF19A89CB7975BE5A2C4,POWER,not_selected_for_target,,absence_from_expert_target_workbook,1340,21,2022,CREDIT-D917377DB0EC,2761,,True,12
SRC-RAW-E0CE20102A5D2294B35D,POWER,not_selected_for_target,,absence_from_expert_target_workbook,1341,22,2022,CREDIT-D917377DB0EC,2761,,True,12
SRC-RAW-096CD56F673675554000,POWER,not_selected_for_target,,absence_from_expert_target_workbook,1342,23,2022,CREDIT-D917377DB0EC,2761,,True,12
SRC-RAW-230711312816A2D8F5C8,POWER,not_selected_for_target,,absence_from_expert_target_workbook,1343,21,2022,CREDIT-674790BAC72D,3971,,True,13
SRC-RAW-FE723483C55DF9230DCB,POWER,not_selected_for_target,,absence_from_expert_target_workbook,1344,21,2022,CREDIT-E97391E02991,3979,,True,1
SRC-RAW-E92A2097270BAC67F03E,POWER,not_selected_for_target,,absence_from_expert_target_workbook,1345,21,2022,CREDIT-EB2293D10297,2319,,True,0
SRC-RAW-5D8DB7D7A5D7073E4EF5,POWER,not_selected_for_target,,absence_from_expert_target_workbook,1346,21,2022,CREDIT-B687308BA9D5,1351,,True,1
SRC-RAW-3D92C10A2F8D4B600FF1,POWER,not_selected_for_target,,absence_from_expert_target_workbook,1347,22,2022,CREDIT-B687308BA9D5,1351,,True,1
SRC-RAW-7FF28C93158ED6CAA833,POWER,not_selected_for_target,,absence_from_expert_target_workbook,1348,21,2022,CREDIT-281DB968272C,3031,,True,0
SRC-RAW-E83E9B7D7A9877AF2941,POWER,not_selected_for_target,,absence_from_expert_target_workbook,1349,21,2022,CREDIT-43E4044AC1FD,3974,,True,5
SRC-RAW-F13D3053E0CC5D74A12C,POWER,not_selected_for_target,,absence_from_expert_target_workbook,1350,22,2022,CREDIT-43E4044AC1FD,3974,,True,5
SRC-RAW-514BC9576FB063FED7E3,POWER,not_selected_for_target,,absence_from_expert_target_workbook,1351,21,2022,CREDIT-54B4EEF48A3D,3974,,True,5
SRC-RAW-270B83358956DEAD8F7E,POWER,not_selected_for_target,,absence_from_expert_target_workbook,1352,22,2022,CREDIT-54B4EEF48A3D,3974,,True,5
SRC-RAW-A0D01441A1449F882C00,POWER,not_selected_for_target,,absence_from_expert_target_workbook,1353,21,2022,CREDIT-312B3C28ECFA,1353,,True,0
SRC-RAW-493A62553BC2E0DCFA55,POWER,not_selected_for_target,,absence_from_expert_target_workbook,1354,21,2022,CREDIT-EF129578F358,1329,,True,0
SRC-RAW-F53E8A4182110121146F,POWER,not_selected_for_target,,absence_from_expert_target_workbook,1355,21,2022,CREDIT-D984489A3C27,2239,,True,1
SRC-RAW-920CC3D373E80963C199,POWER,not_selected_for_target,,absence_from_expert_target_workbook,1356,21,2022,CREDIT-B3558777E055,2319,,True,1
SRC-RAW-22A1CEF20ED9C141DF37,POWER,not_selected_for_target,,absence_from_expert_target_workbook,1357,21,2022,CREDIT-E9920EC07F20,2929,,True,1
SRC-RAW-D8EB5203B8C2B125006B,POWER,not_selected_for_target,,absence_from_expert_target_workbook,1358,21,2022,CREDIT-93B578ADCDB7,2921,,True,2
SRC-RAW-23920A9C6E2C5A6FCC3B,POWER,not_selected_for_target,,absence_from_expert_target_workbook,1359,22,2022,CREDIT-93B578ADCDB7,2921,,True,2
SRC-RAW-F2EF156718E3AD937A47,POWER,not_selected_for_target,,absence_from_expert_target_workbook,1360,23,2022,CREDIT-93B578ADCDB7,2921,,True,2
SRC-RAW-B2C158973027B9600C73,POWER,not_selected_for_target,,absence_from_expert_target_workbook,1361,21,2022,CREDIT-B4E88C7B51BA,1399,,True,0
SRC-RAW-EE3314ADD4576286C06C,POWER,not_selected_for_target,,absence_from_expert_target_workbook,1362,21,2022,CREDIT-CB7BFD766B9B,3834,,True,1
SRC-RAW-3F00AEE2B745177FD816,POWER,not_selected_for_target,,absence_from_expert_target_workbook,1363,21,2022,CREDIT-1B77BB2F740B,4119,,True,23
SRC-RAW-C799FEC0F28654101F89,POWER,not_selected_for_target,,absence_from_expert_target_workbook,1364,22,2022,CREDIT-1B77BB2F740B,4119,,True,23
SRC-RAW-5F1340B945736B1C9F0B,POWER,not_selected_for_target,,absence_from_expert_target_workbook,1365,21,2022,CREDIT-87342A27F42B,3974,,True,2
SRC-RAW-282AF6CEE2C614F25D74,POWER,not_selected_for_target,,absence_from_expert_target_workbook,1366,22,2022,CREDIT-87342A27F42B,3974,,True,2
SRC-RAW-082C35CA66401A2821A9,POWER,not_selected_for_target,,absence_from_expert_target_workbook,1367,23,2022,CREDIT-87342A27F42B,3974,,True,2
SRC-RAW-06A0D517678266881D8A,POWER,not_selected_for_target,,absence_from_expert_target_workbook,1368,24,2022,CREDIT-87342A27F42B,3974,,True,2
SRC-RAW-1618CFF73AC0EAC0C2A8,POWER,not_selected_for_target,,absence_from_expert_target_workbook,1369,21,2022,CREDIT-96E192065238,3974,,True,10
SRC-RAW-F567C2BB84AAEF9EA73B,POWER,not_selected_for_target,,absence_from_expert_target_workbook,1370,22,2022,CREDIT-96E192065238,3974,,True,10
SRC-RAW-47B9EBADA29346E7CDA3,POWER,not_selected_for_target,,absence_from_expert_target_workbook,1371,21,2022,CREDIT-EC87C9007347,1371,,True,0
SRC-RAW-05475272428D1A308BF0,POWER,not_selected_for_target,,absence_from_expert_target_workbook,1372,21,2022,CREDIT-FDAFC3F7C124,4190,,True,0
SRC-RAW-E4E1187A6A8D79EB929E,POWER,not_selected_for_target,,absence_from_expert_target_workbook,1373,22,2022,CREDIT-FDAFC3F7C124,4190,,True,0
SRC-RAW-820D3C16C3FEDE54E45D,POWER,not_selected_for_target,,absence_from_expert_target_workbook,1374,21,2022,CREDIT-74084DE19B42,1421,,True,0
SRC-RAW-E49FCEED939CDD687404,POWER,include,104,canonical_expert_scope_order,1375,11,2022,CREDIT-06E3B846883B,4411,燃气轮机,True,2
SRC-RAW-1C863369F8997725CA34,POWER,include,105,canonical_expert_scope_order,1376,12,2022,CREDIT-06E3B846883B,4411,燃气轮机,True,2
SRC-RAW-EA652878CE0118E3A555,POWER,include,106,canonical_expert_scope_order,1377,13,2022,CREDIT-06E3B846883B,4411,燃气轮机,True,2
SRC-RAW-B429A327FC441BB31484,POWER,not_selected_for_target,,absence_from_expert_target_workbook,1378,21,2022,CREDIT-A2DD53D2C05A,1421,,True,8
SRC-RAW-B815ECC198A1C9DD6E39,POWER,not_selected_for_target,,absence_from_expert_target_workbook,1379,22,2022,CREDIT-A2DD53D2C05A,1421,,True,8
SRC-RAW-47958131825C056257E6,POWER,not_selected_for_target,,absence_from_expert_target_workbook,1380,23,2022,CREDIT-A2DD53D2C05A,1421,,True,8
SRC-RAW-980A07DB84018C5BBA19,POWER,include,107,canonical_expert_scope_order,1381,11,2022,CREDIT-ED857E9D1B1F,4411,燃气轮机,True,3
SRC-RAW-CB1B81AA30BD9D6FB18E,POWER,include,108,canonical_expert_scope_order,1382,12,2022,CREDIT-ED857E9D1B1F,4411,燃气轮机,True,3
SRC-RAW-F68F3E0AD9A14C0A5999,POWER,include,109,canonical_expert_scope_order,1383,13,2022,CREDIT-ED857E9D1B1F,4411,燃气轮机,True,3
SRC-RAW-0BA1EECB38C1F50EA469,POWER,not_selected_for_target,,absence_from_expert_target_workbook,1384,21,2022,CREDIT-C09948848BF7,1513,,True,1
SRC-RAW-2523065C1F73DFFA0E40,POWER,not_selected_for_target,,absence_from_expert_target_workbook,1385,22,2022,CREDIT-C09948848BF7,1513,,True,1
SRC-RAW-316CF6660112E5C95945,POWER,not_selected_for_target,,absence_from_expert_target_workbook,1386,23,2022,CREDIT-C09948848BF7,1513,,True,1
SRC-RAW-FA95504E088B5BC675AC,POWER,not_selected_for_target,,absence_from_expert_target_workbook,1387,24,2022,CREDIT-C09948848BF7,1513,,True,1
SRC-RAW-4EAF3B83A481AB9A1A71,POWER,not_selected_for_target,,absence_from_expert_target_workbook,1388,21,2022,CREDIT-74F7E654B682,1329,,True,5
SRC-RAW-7C1A45CA61EBF52066B0,POWER,include,110,canonical_expert_scope_order,1389,11,2022,CREDIT-68B476E38C51,4411,燃煤锅炉,True,6
SRC-RAW-6F0411A459B438D419BD,POWER,include,111,canonical_expert_scope_order,1390,12,2022,CREDIT-68B476E38C51,4411,燃煤锅炉,True,6
SRC-RAW-EC168736F3C533220CED,POWER,not_selected_for_target,,absence_from_expert_target_workbook,1391,21,2022,CREDIT-C984158CEE39,1353,,True,0
SRC-RAW-7A3F403C96A5C0A23A63,POWER,not_selected_for_target,,absence_from_expert_target_workbook,1392,22,2022,CREDIT-C984158CEE39,1353,,True,0
SRC-RAW-A94765DFD0663046E523,POWER,not_selected_for_target,,absence_from_expert_target_workbook,1393,21,2022,CREDIT-8E784A78FBE1,2720,,True,6
SRC-RAW-4575B8F5F65F634CE1F7,POWER,not_selected_for_target,,absence_from_expert_target_workbook,1394,22,2022,CREDIT-8E784A78FBE1,2720,,True,6
SRC-RAW-1738CC5DD32BB42E254D,POWER,not_selected_for_target,,absence_from_expert_target_workbook,1395,21,2022,CREDIT-4572AD95D43E,3852,,True,12
SRC-RAW-EB4D191DE10124C1BDB2,POWER,not_selected_for_target,,absence_from_expert_target_workbook,1396,21,2022,CREDIT-24DC6D527F21,1352,,True,0
SRC-RAW-C602E2374183E0735490,POWER,not_selected_for_target,,absence_from_expert_target_workbook,1397,21,2022,CREDIT-91F7DDE5D579,1521,,True,3
SRC-RAW-A5264FB1BBEF1869E8D2,POWER,not_selected_for_target,,absence_from_expert_target_workbook,1398,21,2022,CREDIT-56496CB14CB1,1453,,True,4
SRC-RAW-B5A8D1437FD6D6F59DE8,POWER,not_selected_for_target,,absence_from_expert_target_workbook,1399,22,2022,CREDIT-56496CB14CB1,1453,,True,4
SRC-RAW-DA612CB3F975968CC08A,POWER,not_selected_for_target,,absence_from_expert_target_workbook,1400,23,2022,CREDIT-56496CB14CB1,1453,,True,4
SRC-RAW-2C455F6E087F36C72DF7,POWER,not_selected_for_target,,absence_from_expert_target_workbook,1401,24,2022,CREDIT-56496CB14CB1,1453,,True,4
SRC-RAW-201725EEAC6A04980D8B,POWER,not_selected_for_target,,absence_from_expert_target_workbook,1402,25,2022,CREDIT-56496CB14CB1,1453,,True,4
SRC-RAW-8BAF72D125F94514DB4A,POWER,not_selected_for_target,,absence_from_expert_target_workbook,1403,21,2022,CREDIT-C1CA08971A79,2221,,True,1
SRC-RAW-7BA5C429380EAC58A88A,POWER,not_selected_for_target,,absence_from_expert_target_workbook,1404,22,2022,CREDIT-C1CA08971A79,2221,,True,1
SRC-RAW-004ACF89F93CAE70B3D5,POWER,not_selected_for_target,,absence_from_expert_target_workbook,1405,21,2022,CREDIT-7F9ABC303A0B,2720,,True,1
SRC-RAW-163B59EDF1DC68F17560,POWER,not_selected_for_target,,absence_from_expert_target_workbook,1406,21,2022,CREDIT-84B872487F17,1495,,True,0
SRC-RAW-158963CA46A327265B5D,POWER,not_selected_for_target,,absence_from_expert_target_workbook,1407,21,2022,CREDIT-EBA8BEE105B5,3351,,True,1
SRC-RAW-32CD3F17632A7F7F2B72,POWER,not_selected_for_target,,absence_from_expert_target_workbook,1408,21,2022,CREDIT-E9552409A0F8,1469,,True,0
SRC-RAW-AA5966C02ABDE4DF7753,POWER,not_selected_for_target,,absence_from_expert_target_workbook,1409,21,2022,CREDIT-7C7ABEEBC188,1392,,True,1
SRC-RAW-8174029F925AAED64FDD,POWER,not_selected_for_target,,absence_from_expert_target_workbook,1410,22,2022,CREDIT-7C7ABEEBC188,1392,,True,1
SRC-RAW-FB94CC3295717BA4AA2E,POWER,not_selected_for_target,,absence_from_expert_target_workbook,1411,21,2022,CREDIT-3D85D6D041BC,1819,,True,0
SRC-RAW-04983D95AAE1DC302F68,POWER,not_selected_for_target,,absence_from_expert_target_workbook,1412,21,2022,CREDIT-6DBB40C1C16F,1829,,True,0
SRC-RAW-53472C3411002ACF1E05,POWER,not_selected_for_target,,absence_from_expert_target_workbook,1413,21,2022,CREDIT-555725BAF82C,1441,,True,1
SRC-RAW-F6D89E7FAB05BC5F4612,POWER,not_selected_for_target,,absence_from_expert_target_workbook,1414,21,2022,CREDIT-C7670E2880E1,1819,,True,1
SRC-RAW-59513FAAC6F004DE5AB4,POWER,not_selected_for_target,,absence_from_expert_target_workbook,1415,21,2022,CREDIT-305447AB48F9,2661,,True,6
SRC-RAW-E03DD50E8F9AFED57CEA,POWER,not_selected_for_target,,absence_from_expert_target_workbook,1416,22,2022,CREDIT-305447AB48F9,2661,,True,6
SRC-RAW-8ABE0751D37E0793AA3D,POWER,not_selected_for_target,,absence_from_expert_target_workbook,1417,23,2022,CREDIT-305447AB48F9,2661,,True,6
SRC-RAW-9B0564A6272CB1705032,POWER,not_selected_for_target,,absence_from_expert_target_workbook,1418,21,2022,CREDIT-4CFBF9568265,2239,,True,1
SRC-RAW-F58925D5DFE03461F440,POWER,not_selected_for_target,,absence_from_expert_target_workbook,1419,21,2022,CREDIT-8F1314DD2C23,2659,,True,1
SRC-RAW-AEFAB06D73C3873C8F8B,POWER,not_selected_for_target,,absence_from_expert_target_workbook,1420,21,2022,CREDIT-0C0833A0A7A9,2651,,True,4
SRC-RAW-FA8A194AE30E25A94DB5,POWER,not_selected_for_target,,absence_from_expert_target_workbook,1421,21,2022,CREDIT-56A45B86C701,1329,,True,3
SRC-RAW-F5EDDE8A103F0ED9EC87,POWER,not_selected_for_target,,absence_from_expert_target_workbook,1422,21,2022,CREDIT-D41186D316DD,1469,,True,1
SRC-RAW-BE9C5B5FBD6C54FFC3CB,POWER,not_selected_for_target,,absence_from_expert_target_workbook,1423,22,2022,CREDIT-D41186D316DD,1469,,True,1
SRC-RAW-90387334A7ACFAC370ED,POWER,not_selected_for_target,,absence_from_expert_target_workbook,1424,23,2022,CREDIT-D41186D316DD,1469,,True,1
SRC-RAW-49DC273F8F3199F34FAA,POWER,not_selected_for_target,,absence_from_expert_target_workbook,1425,21,2022,CREDIT-BC025EB8B75C,3031,,True,1
SRC-RAW-FB1919F18208CAC9D273,POWER,not_selected_for_target,,absence_from_expert_target_workbook,1426,21,2022,CREDIT-C31B99C678C8,1329,,True,22
SRC-RAW-BDE3E2DD54D2C93C307B,POWER,not_selected_for_target,,absence_from_expert_target_workbook,1427,22,2022,CREDIT-C31B99C678C8,1329,,True,22
SRC-RAW-6779294067F7FC7BAD4D,POWER,not_selected_for_target,,absence_from_expert_target_workbook,1428,21,2022,CREDIT-ABD32D743EBD,1340,,True,1
SRC-RAW-ADB308566702A6A79D11,POWER,not_selected_for_target,,absence_from_expert_target_workbook,1429,22,2022,CREDIT-ABD32D743EBD,1340,,True,1
SRC-RAW-282E9F03D367AEC84683,POWER,not_selected_for_target,,absence_from_expert_target_workbook,1430,23,2022,CREDIT-ABD32D743EBD,1340,,True,1
SRC-RAW-AB168A8CE183DC7D166B,POWER,not_selected_for_target,,absence_from_expert_target_workbook,1431,21,2022,CREDIT-E77076192A42,1329,,True,1
SRC-RAW-1C3E23EF73D05E3F2074,POWER,not_selected_for_target,,absence_from_expert_target_workbook,1432,21,2022,CREDIT-4FFFE1D62E32,1462,,True,0
SRC-RAW-79BF398BD4952811237E,POWER,not_selected_for_target,,absence_from_expert_target_workbook,1433,21,2022,CREDIT-980D217017FD,2740,,True,0
SRC-RAW-F5634C9FC31B3CE70094,POWER,not_selected_for_target,,absence_from_expert_target_workbook,1434,21,2022,CREDIT-04BB30C8A2C8,1819,,True,0
SRC-RAW-5DA8F25D67B8022C578A,POWER,not_selected_for_target,,absence_from_expert_target_workbook,1435,21,2022,CREDIT-E18855233A02,3982,,True,13
SRC-RAW-7B6C7D3B5B96B81F0BE6,POWER,not_selected_for_target,,absence_from_expert_target_workbook,1436,22,2022,CREDIT-E18855233A02,3982,,True,13
SRC-RAW-17A20054250DEAA018B9,POWER,not_selected_for_target,,absence_from_expert_target_workbook,1437,23,2022,CREDIT-E18855233A02,3982,,True,13
SRC-RAW-1B52C3E05D4B6E7CE0A8,POWER,not_selected_for_target,,absence_from_expert_target_workbook,1438,21,2022,CREDIT-94707561874D,3039,,True,2
SRC-RAW-53E0C690C1A5ACC20EA8,POWER,not_selected_for_target,,absence_from_expert_target_workbook,1439,21,2022,CREDIT-5D7902D692AB,2924,,True,1
SRC-RAW-8652FE8B3501DE8FF9F7,POWER,not_selected_for_target,,absence_from_expert_target_workbook,1440,21,2022,CREDIT-C6FF3C3F372B,1512,,True,0
SRC-RAW-006496192490C63929B1,POWER,not_selected_for_target,,absence_from_expert_target_workbook,1441,21,2022,CREDIT-B7CACEF2DC6D,2740,,True,0
SRC-RAW-213C689CDD078740631A,POWER,not_selected_for_target,,absence_from_expert_target_workbook,1442,21,2022,CREDIT-0243C934DBC8,1459,,True,0
SRC-RAW-F4658CCFEA1F28E51F2C,POWER,not_selected_for_target,,absence_from_expert_target_workbook,1443,21,2022,CREDIT-17AEF43BDA74,1763,,True,0
SRC-RAW-16FDB2024592392A2536,POWER,not_selected_for_target,,absence_from_expert_target_workbook,1444,21,2022,CREDIT-7D80B8CC5427,3022,,True,2
SRC-RAW-847C658F1FEF166BD3A7,POWER,not_selected_for_target,,absence_from_expert_target_workbook,1445,21,2022,CREDIT-58E198D02454,1329,,True,6
SRC-RAW-2679A38C09408E953EDB,POWER,not_selected_for_target,,absence_from_expert_target_workbook,1446,21,2022,CREDIT-EC539B6A76A1,1752,,True,2
SRC-RAW-2A167D17E5A9AE2E3BD5,POWER,not_selected_for_target,,absence_from_expert_target_workbook,1447,21,2022,CREDIT-F4DEF54302A4,2231,,True,1
SRC-RAW-5AF22831E1A137964C83,POWER,not_selected_for_target,,absence_from_expert_target_workbook,1448,21,2022,CREDIT-327828D7232A,1829,,True,0
SRC-RAW-A9BF1BCB5871952A5EBC,POWER,not_selected_for_target,,absence_from_expert_target_workbook,1449,22,2022,CREDIT-327828D7232A,1829,,True,0
SRC-RAW-4412309C9F411C103CFD,POWER,not_selected_for_target,,absence_from_expert_target_workbook,1450,21,2022,CREDIT-625E656DCEE6,1819,,True,1
SRC-RAW-FA6CE82F65D745F12FCF,POWER,not_selected_for_target,,absence_from_expert_target_workbook,1451,22,2022,CREDIT-625E656DCEE6,1819,,True,1
SRC-RAW-433C02F9F1DF49D63184,POWER,not_selected_for_target,,absence_from_expert_target_workbook,1452,21,2022,CREDIT-A9981BDEA3BE,3841,,True,28
SRC-RAW-5F7B1CDE204E53BDB087,POWER,not_selected_for_target,,absence_from_expert_target_workbook,1453,21,2022,CREDIT-C7A220B0EF9A,1819,,True,0
SRC-RAW-B4BC182F8A7770B701B6,POWER,not_selected_for_target,,absence_from_expert_target_workbook,1454,21,2022,CREDIT-592517B22D97,1352,,True,0
SRC-RAW-FEBF12D727541B47476D,POWER,not_selected_for_target,,absence_from_expert_target_workbook,1455,21,2022,CREDIT-9B249ED733DA,3473,,True,4
SRC-RAW-8505E6BF9566DFCE6FB9,POWER,not_selected_for_target,,absence_from_expert_target_workbook,1456,21,2022,CREDIT-FF8228C3EA20,3021,,True,1
SRC-RAW-F1ECD7F903DEC2E9A30C,POWER,not_selected_for_target,,absence_from_expert_target_workbook,1457,21,2022,CREDIT-1E974878C882,3360,,True,3
SRC-RAW-2C6198E59A019129E4ED,POWER,not_selected_for_target,,absence_from_expert_target_workbook,1458,21,2022,CREDIT-FDE049812AEC,3021,,True,1
SRC-RAW-B823AEEDAE444485C25B,POWER,not_selected_for_target,,absence_from_expert_target_workbook,1459,21,2022,CREDIT-FD7004646CC0,2924,,True,1
SRC-RAW-4241EFC2BA77C49E27B8,POWER,not_selected_for_target,,absence_from_expert_target_workbook,1460,21,2022,CREDIT-AD07838E62C2,3031,,True,3
SRC-RAW-16A75D53146530607FC2,POWER,not_selected_for_target,,absence_from_expert_target_workbook,1461,21,2022,CREDIT-59F4934831AB,1329,,True,3
SRC-RAW-D396E0E2AE57C916A380,POWER,not_selected_for_target,,absence_from_expert_target_workbook,1462,22,2022,CREDIT-59F4934831AB,1329,,True,3
SRC-RAW-2997501F88736884A405,POWER,not_selected_for_target,,absence_from_expert_target_workbook,1463,21,2022,CREDIT-FC65562807B0,1819,,True,0
SRC-RAW-82183BBCFEE793FDDADE,POWER,not_selected_for_target,,absence_from_expert_target_workbook,1464,21,2022,CREDIT-19FF60AFDB67,2231,,True,1
SRC-RAW-749A8E1E67F95C258D85,POWER,not_selected_for_target,,absence_from_expert_target_workbook,1465,21,2022,CREDIT-810397F880A3,1529,,True,0
SRC-RAW-45904374EAFBF604E294,POWER,not_selected_for_target,,absence_from_expert_target_workbook,1466,21,2022,CREDIT-DB2CFAD1E0BA,2710,,True,8
SRC-RAW-5B0A0BC8A8C79870539A,POWER,not_selected_for_target,,absence_from_expert_target_workbook,1467,22,2022,CREDIT-DB2CFAD1E0BA,2710,,True,8
SRC-RAW-3E12B6CC6565AF6ABFAB,POWER,not_selected_for_target,,absence_from_expert_target_workbook,1468,21,2022,CREDIT-C1A3BCF9065D,2720,,True,1
SRC-RAW-2C449838193BF0910BD1,POWER,not_selected_for_target,,absence_from_expert_target_workbook,1469,22,2022,CREDIT-C1A3BCF9065D,2720,,True,1
SRC-RAW-1F0EAE810E69B144EEDB,POWER,not_selected_for_target,,absence_from_expert_target_workbook,1470,23,2022,CREDIT-C1A3BCF9065D,2720,,True,1
SRC-RAW-78837D3F82B06E7C604A,POWER,not_selected_for_target,,absence_from_expert_target_workbook,1471,21,2022,CREDIT-31E25626BA94,2720,,True,6
SRC-RAW-39AE30A82EF6C3BBC395,POWER,not_selected_for_target,,absence_from_expert_target_workbook,1472,22,2022,CREDIT-31E25626BA94,2720,,True,6
SRC-RAW-4E4B934F078C9E6A9A89,POWER,not_selected_for_target,,absence_from_expert_target_workbook,1473,23,2022,CREDIT-31E25626BA94,2720,,True,6
SRC-RAW-4418267D856DE31E2B6D,POWER,not_selected_for_target,,absence_from_expert_target_workbook,1474,24,2022,CREDIT-31E25626BA94,2720,,True,6
SRC-RAW-C502171C08BD4E6F8342,POWER,not_selected_for_target,,absence_from_expert_target_workbook,1475,25,2022,CREDIT-31E25626BA94,2720,,True,6
SRC-RAW-366327ED94F516C0A0BE,POWER,not_selected_for_target,,absence_from_expert_target_workbook,1476,21,2022,CREDIT-7906679AD7FA,1433,,True,0
SRC-RAW-3C09BFCD06351CD8FFB3,POWER,not_selected_for_target,,absence_from_expert_target_workbook,1477,22,2022,CREDIT-7906679AD7FA,1433,,True,0
SRC-RAW-9C42E4DFFE5B7E5A73E5,POWER,not_selected_for_target,,absence_from_expert_target_workbook,1478,23,2022,CREDIT-7906679AD7FA,1433,,True,0
SRC-RAW-E7C9635944128B6A026F,POWER,not_selected_for_target,,absence_from_expert_target_workbook,1479,24,2022,CREDIT-7906679AD7FA,1433,,True,0
SRC-RAW-00DB71BC5665E02AD59D,POWER,not_selected_for_target,,absence_from_expert_target_workbook,1480,25,2022,CREDIT-7906679AD7FA,1433,,True,0
SRC-RAW-46EA471F88DB653F6D57,POWER,not_selected_for_target,,absence_from_expert_target_workbook,1481,26,2022,CREDIT-7906679AD7FA,1433,,True,0
SRC-RAW-9824A89653019BD2F713,POWER,not_selected_for_target,,absence_from_expert_target_workbook,1482,21,2022,CREDIT-03B3A26E7B8E,2710,,True,30
SRC-RAW-6096AC3477CB7B31DA41,POWER,not_selected_for_target,,absence_from_expert_target_workbook,1483,22,2022,CREDIT-03B3A26E7B8E,2710,,True,30
SRC-RAW-54E534C4722C1CB1E05E,POWER,not_selected_for_target,,absence_from_expert_target_workbook,1484,21,2022,CREDIT-1C9C6BE0F0A8,2740,,True,0
SRC-RAW-91F7B3317852EDFBCA80,POWER,not_selected_for_target,,absence_from_expert_target_workbook,1485,22,2022,CREDIT-1C9C6BE0F0A8,2740,,True,0
SRC-RAW-7889803B46CD3ECA0641,POWER,not_selected_for_target,,absence_from_expert_target_workbook,1486,21,2022,CREDIT-F21456BF7A9E,1492,,True,0
SRC-RAW-AF7C8DDEE831FF4229BD,POWER,not_selected_for_target,,absence_from_expert_target_workbook,1487,21,2022,ORG-E93F98889732,1495,,True,8
SRC-RAW-1AEA8EAD8B4AF21A669E,POWER,not_selected_for_target,,absence_from_expert_target_workbook,1488,21,2022,CREDIT-5C67B6B82FA0,2231,,True,2
SRC-RAW-20439094AEFBE6E03410,POWER,not_selected_for_target,,absence_from_expert_target_workbook,1489,21,2022,ORG-513CAD792120,3389,,True,4
SRC-RAW-915BAF4B375419DEF0F9,POWER,not_selected_for_target,,absence_from_expert_target_workbook,1490,21,2022,CREDIT-9CE685594356,3854,,True,2
SRC-RAW-CCE8F2E04A1964203095,POWER,not_selected_for_target,,absence_from_expert_target_workbook,1491,21,2022,CREDIT-33CBD97D935D,2826,,True,3
SRC-RAW-C459691C9AC7E3769F04,POWER,not_selected_for_target,,absence_from_expert_target_workbook,1492,22,2022,CREDIT-33CBD97D935D,2826,,True,3
SRC-RAW-B267E9BD6652E8C8BB1E,POWER,not_selected_for_target,,absence_from_expert_target_workbook,1493,21,2022,CREDIT-C6EEC3CD588F,2720,,True,0
SRC-RAW-2E90FC9929024E738649,POWER,not_selected_for_target,,absence_from_expert_target_workbook,1494,22,2022,CREDIT-C6EEC3CD588F,2720,,True,0
SRC-RAW-93A1C24D82AABCCC0BD9,POWER,not_selected_for_target,,absence_from_expert_target_workbook,1495,21,2022,CREDIT-A68CA9706C4D,3351,,True,2
SRC-RAW-0B5C43EE7BC4260C29A0,POWER,not_selected_for_target,,absence_from_expert_target_workbook,1496,22,2022,CREDIT-A68CA9706C4D,3351,,True,2
SRC-RAW-1B6DC090B32C210D9629,POWER,not_selected_for_target,,absence_from_expert_target_workbook,1497,21,2022,CREDIT-94647797B53D,2319,,True,3
SRC-RAW-FB099E374051B5BA8736,POWER,not_selected_for_target,,absence_from_expert_target_workbook,1498,22,2022,CREDIT-94647797B53D,2319,,True,3
SRC-RAW-4D0E0F063FB279D41A2A,POWER,not_selected_for_target,,absence_from_expert_target_workbook,1499,23,2022,CREDIT-94647797B53D,2319,,True,3
SRC-RAW-DBB94B6A83D65F230EAB,POWER,not_selected_for_target,,absence_from_expert_target_workbook,1500,24,2022,CREDIT-94647797B53D,2319,,True,3
SRC-RAW-2B78AABB9D2753CB0FBD,POWER,not_selected_for_target,,absence_from_expert_target_workbook,1501,21,2022,CREDIT-CDE9C833C3F8,2223,,True,1
SRC-RAW-A51B4137B9525E4E590F,POWER,not_selected_for_target,,absence_from_expert_target_workbook,1502,21,2022,CREDIT-E705D1FBF62B,1469,,True,1
SRC-RAW-B61266A721B68E479710,POWER,not_selected_for_target,,absence_from_expert_target_workbook,1503,21,2022,CREDIT-73117157C6BD,1353,,True,0
SRC-RAW-4C54E01C8DB3CBF7401E,POWER,not_selected_for_target,,absence_from_expert_target_workbook,1504,21,2022,CREDIT-AFCF9B48180C,2720,,True,6
SRC-RAW-5A5A19AA3F02FFDA81E6,POWER,not_selected_for_target,,absence_from_expert_target_workbook,1505,22,2022,CREDIT-AFCF9B48180C,2720,,True,6
SRC-RAW-2D37185889A596DB9433,POWER,not_selected_for_target,,absence_from_expert_target_workbook,1506,21,2022,CREDIT-AE9F323A4555,3021,,True,2
SRC-RAW-5D515F30B2C64987EECA,POWER,not_selected_for_target,,absence_from_expert_target_workbook,1507,21,2022,CREDIT-4FB7BFFC8734,3979,,True,7
SRC-RAW-32147724CBA58B74C954,POWER,not_selected_for_target,,absence_from_expert_target_workbook,1508,22,2022,CREDIT-4FB7BFFC8734,3979,,True,7
SRC-RAW-6C8F62888BBE6F5BE0E2,POWER,not_selected_for_target,,absence_from_expert_target_workbook,1509,21,2022,CREDIT-6E8520F92570,1492,,True,1
SRC-RAW-BF67D222270CE1A36226,POWER,not_selected_for_target,,absence_from_expert_target_workbook,1510,21,2022,CREDIT-635DFCAFADF0,3985,,True,1
SRC-RAW-A48CA3368D3D1ADCFA12,POWER,not_selected_for_target,,absence_from_expert_target_workbook,1511,22,2022,CREDIT-635DFCAFADF0,3985,,True,1
SRC-RAW-7D3CC2F3F0A393CA986E,POWER,not_selected_for_target,,absence_from_expert_target_workbook,1512,23,2022,CREDIT-635DFCAFADF0,3985,,True,1
SRC-RAW-BC1A99C338D79092634C,POWER,not_selected_for_target,,absence_from_expert_target_workbook,1513,24,2022,CREDIT-635DFCAFADF0,3985,,True,1
SRC-RAW-6B2E401FB68542AC2B63,POWER,not_selected_for_target,,absence_from_expert_target_workbook,1514,21,2022,CREDIT-DDEF60CDBA5C,3982,,True,14
SRC-RAW-485F0EC2C3D1A889F772,POWER,not_selected_for_target,,absence_from_expert_target_workbook,1515,21,2022,CREDIT-7AB63E1C98E7,3612,,True,19
SRC-RAW-B518FF1EA69E2BCC20B6,POWER,not_selected_for_target,,absence_from_expert_target_workbook,1516,22,2022,CREDIT-7AB63E1C98E7,3612,,True,19
SRC-RAW-17F4109476657E8B4986,POWER,not_selected_for_target,,absence_from_expert_target_workbook,1517,21,2022,CREDIT-397B356AC01E,4430,,True,2
SRC-RAW-CB4F7E76D2CA631D9689,POWER,not_selected_for_target,,absence_from_expert_target_workbook,1518,22,2022,CREDIT-397B356AC01E,4430,,True,2
SRC-RAW-017C98E5B9CB826F2F33,POWER,include,112,canonical_expert_scope_order,1519,11,2022,CREDIT-9C4BB0EBF967,4412,燃气轮机,True,0
SRC-RAW-D16EA3E11682DFFC3340,POWER,include,113,canonical_expert_scope_order,1520,12,2022,CREDIT-9C4BB0EBF967,4412,燃气轮机,True,0
SRC-RAW-9141974399D7079B86BD,POWER,include,114,canonical_expert_scope_order,1521,11,2022,CREDIT-2E9C3CC1783F,4511,燃气轮机,True,1
SRC-RAW-27D88B9F6BB9517CB3AA,POWER,include,115,canonical_expert_scope_order,1522,12,2022,CREDIT-2E9C3CC1783F,4511,燃气轮机,True,1
SRC-RAW-93B11DE1348C94C595D2,POWER,not_selected_for_target,,absence_from_expert_target_workbook,1523,21,2022,CREDIT-2E9C3CC1783F,4511,,True,1
SRC-RAW-49719CE469FEE9F18C27,POWER,not_selected_for_target,,absence_from_expert_target_workbook,1524,22,2022,CREDIT-2E9C3CC1783F,4511,,True,1
SRC-RAW-B165A18B20946B2E00E5,POWER,include,116,canonical_expert_scope_order,1525,11,2022,CREDIT-F766F5EF5CD0,4411,燃油锅炉,True,0
SRC-RAW-45FDCD49242692C59CC2,POWER,include,117,canonical_expert_scope_order,1526,12,2022,CREDIT-F766F5EF5CD0,4411,燃油锅炉,True,0
SRC-RAW-EEBE090EA58DAA871EB5,POWER,include,118,canonical_expert_scope_order,1527,13,2022,CREDIT-F766F5EF5CD0,4411,燃油锅炉,True,0
SRC-RAW-F4E2E3A5D2805919502A,POWER,include,119,canonical_expert_scope_order,1528,14,2022,CREDIT-F766F5EF5CD0,4411,燃油锅炉,True,0
SRC-RAW-3B266950947ED44E87CB,POWER,include,120,canonical_expert_scope_order,1529,11,2022,CREDIT-3F34FE84421D,4411,燃气轮机,True,0
SRC-RAW-EE06C38E64521A36432A,POWER,include,121,canonical_expert_scope_order,1530,12,2022,CREDIT-3F34FE84421D,4411,燃气轮机,True,0
SRC-RAW-DD0501C54907E853D039,POWER,not_selected_for_target,,absence_from_expert_target_workbook,1531,21,2022,CREDIT-D44F481B75E3,2710,,True,8
SRC-RAW-E57DBFE539B38E1BACB1,POWER,not_selected_for_target,,absence_from_expert_target_workbook,1532,22,2022,CREDIT-D44F481B75E3,2710,,True,8
SRC-RAW-CE5818D0BC6A804EC289,POWER,not_selected_for_target,,absence_from_expert_target_workbook,1533,23,2022,CREDIT-D44F481B75E3,2710,,True,8
SRC-RAW-59B2FD10F8147E10924B,POWER,not_selected_for_target,,absence_from_expert_target_workbook,1534,21,2022,CREDIT-D821C00AF1C9,3586,,True,5
SRC-RAW-3300FCDCD07B8D0925F2,POWER,not_selected_for_target,,absence_from_expert_target_workbook,1535,21,2022,CREDIT-9BE4F0D73121,2761,,True,4
SRC-RAW-38D2B31EC3802AAB1882,POWER,not_selected_for_target,,absence_from_expert_target_workbook,1536,21,2022,CREDIT-74D2FA999974,2770,,True,2
SRC-RAW-61DC3A0286C17EFEF22E,POWER,not_selected_for_target,,absence_from_expert_target_workbook,1537,21,2022,CREDIT-18DFF913F1D2,3854,,True,15
SRC-RAW-59A32F793674DC3A045C,POWER,not_selected_for_target,,absence_from_expert_target_workbook,1538,22,2022,CREDIT-18DFF913F1D2,3854,,True,15
SRC-RAW-F52DFE419B46BE467D79,POWER,not_selected_for_target,,absence_from_expert_target_workbook,1539,21,2022,CREDIT-27F4FA379CCF,1513,,True,5
SRC-RAW-15B8AC1B8575E4D7FD1B,POWER,not_selected_for_target,,absence_from_expert_target_workbook,1540,210,2022,CREDIT-27F4FA379CCF,1513,,True,5
SRC-RAW-1995822DE663415A8C9A,POWER,not_selected_for_target,,absence_from_expert_target_workbook,1541,211,2022,CREDIT-27F4FA379CCF,1513,,True,5
SRC-RAW-4E26EF7D1475F9D5F459,POWER,not_selected_for_target,,absence_from_expert_target_workbook,1542,22,2022,CREDIT-27F4FA379CCF,1513,,True,5
SRC-RAW-070F31B8AF59F00A73BE,POWER,not_selected_for_target,,absence_from_expert_target_workbook,1543,23,2022,CREDIT-27F4FA379CCF,1513,,True,5
SRC-RAW-1D1419BDFFC1B8300B3F,POWER,not_selected_for_target,,absence_from_expert_target_workbook,1544,24,2022,CREDIT-27F4FA379CCF,1513,,True,5
SRC-RAW-13749A43808E2C1CC0B9,POWER,not_selected_for_target,,absence_from_expert_target_workbook,1545,25,2022,CREDIT-27F4FA379CCF,1513,,True,5
SRC-RAW-1BB7C62769E8C1888362,POWER,not_selected_for_target,,absence_from_expert_target_workbook,1546,26,2022,CREDIT-27F4FA379CCF,1513,,True,5
SRC-RAW-781ABAACD80E4E2B94B5,POWER,not_selected_for_target,,absence_from_expert_target_workbook,1547,27,2022,CREDIT-27F4FA379CCF,1513,,True,5
SRC-RAW-5153B1BE317BB4E366F5,POWER,not_selected_for_target,,absence_from_expert_target_workbook,1548,28,2022,CREDIT-27F4FA379CCF,1513,,True,5
SRC-RAW-A9042AB2C5E631E95D9A,POWER,not_selected_for_target,,absence_from_expert_target_workbook,1549,29,2022,CREDIT-27F4FA379CCF,1513,,True,5
SRC-RAW-63CCF54493A6B21462B2,POWER,not_selected_for_target,,absence_from_expert_target_workbook,1550,21,2022,CREDIT-1E9C5D91A0DB,3360,,True,0
SRC-RAW-94F9CFB916A9A7BFEF32,POWER,not_selected_for_target,,absence_from_expert_target_workbook,1551,21,2022,CREDIT-76C8B6316D4A,2684,,True,0
SRC-RAW-A8A78C4A9B116301AAF9,POWER,not_selected_for_target,,absence_from_expert_target_workbook,1552,21,2022,CREDIT-E1A22A00280D,3854,,True,4
SRC-RAW-D5DE070B18A23D0A172A,POWER,not_selected_for_target,,absence_from_expert_target_workbook,1553,21,2022,CREDIT-8E2E583A0694,1713,,True,0
SRC-RAW-DCAC5F499EEBD77F5853,POWER,not_selected_for_target,,absence_from_expert_target_workbook,1554,21,2022,CREDIT-7511B4C92A54,3061,,True,1
SRC-RAW-6CEBA4A882C4E995840E,POWER,not_selected_for_target,,absence_from_expert_target_workbook,1555,21,2022,CREDIT-7AA804E7DA90,2614,,True,2
SRC-RAW-5F60218C8B5EC2865463,POWER,not_selected_for_target,,absence_from_expert_target_workbook,1556,21,2022,CREDIT-53F22E6A7ADA,4511,,True,0
SRC-RAW-293351E344F992C10D2C,POWER,not_selected_for_target,,absence_from_expert_target_workbook,1557,22,2022,CREDIT-53F22E6A7ADA,4511,,True,0
SRC-RAW-D3F1FE7CC8FA352841E1,POWER,not_selected_for_target,,absence_from_expert_target_workbook,1558,23,2022,CREDIT-53F22E6A7ADA,4511,,True,0
SRC-RAW-58772EDD97F74EA47C6F,POWER,not_selected_for_target,,absence_from_expert_target_workbook,1559,24,2022,CREDIT-53F22E6A7ADA,4511,,True,0
SRC-RAW-088F8589EAA3A1A6A3C5,POWER,not_selected_for_target,,absence_from_expert_target_workbook,1560,25,2022,CREDIT-53F22E6A7ADA,4511,,True,0
SRC-RAW-A268273C92250B6FECC1,POWER,not_selected_for_target,,absence_from_expert_target_workbook,1561,26,2022,CREDIT-53F22E6A7ADA,4511,,True,0
SRC-RAW-B1BBC48DA52DFF6587E8,POWER,not_selected_for_target,,absence_from_expert_target_workbook,1562,27,2022,CREDIT-53F22E6A7ADA,4511,,True,0
SRC-RAW-748322CEB4048A84E195,POWER,not_selected_for_target,,absence_from_expert_target_workbook,1563,28,2022,CREDIT-53F22E6A7ADA,4511,,True,0
SRC-RAW-E3E613F7E1216ECB52C1,POWER,not_selected_for_target,,absence_from_expert_target_workbook,1564,29,2022,CREDIT-53F22E6A7ADA,4511,,True,0
SRC-RAW-CACA8FED3147DA52D7C6,POWER,not_selected_for_target,,absence_from_expert_target_workbook,1565,21,2022,CREDIT-FFF868FD2A6C,2611,,True,1
SRC-RAW-93ECDC5984CFAB117887,POWER,not_selected_for_target,,absence_from_expert_target_workbook,1566,21,2022,CREDIT-794CC52FF558,2641,,True,9
SRC-RAW-43A3C0C4BB0258342EA4,POWER,not_selected_for_target,,absence_from_expert_target_workbook,1567,22,2022,CREDIT-794CC52FF558,2641,,True,9
SRC-RAW-42B077F493161ACCC027,POWER,not_selected_for_target,,absence_from_expert_target_workbook,1568,21,2022,CREDIT-9413B96F0674,2653,,True,9
SRC-RAW-68AF8F221FFE7BE38E74,POWER,not_selected_for_target,,absence_from_expert_target_workbook,1569,22,2022,CREDIT-9413B96F0674,2653,,True,9
SRC-RAW-2A1617483E6B435AD365,POWER,not_selected_for_target,,absence_from_expert_target_workbook,1570,23,2022,CREDIT-9413B96F0674,2653,,True,9
SRC-RAW-68AE5F379802D477976C,POWER,not_selected_for_target,,absence_from_expert_target_workbook,1571,24,2022,CREDIT-9413B96F0674,2653,,True,9
SRC-RAW-E7B473AE6CE730519A13,POWER,not_selected_for_target,,absence_from_expert_target_workbook,1572,25,2022,CREDIT-9413B96F0674,2653,,True,9
SRC-RAW-4F56B492F17F662C7100,POWER,not_selected_for_target,,absence_from_expert_target_workbook,1573,21,2022,CREDIT-41D9E8D39C39,2653,,True,9
SRC-RAW-593B184C3DDC35507A95,POWER,not_selected_for_target,,absence_from_expert_target_workbook,1574,22,2022,CREDIT-41D9E8D39C39,2653,,True,9
SRC-RAW-B986173FDF1E823BABD3,POWER,not_selected_for_target,,absence_from_expert_target_workbook,1575,23,2022,CREDIT-41D9E8D39C39,2653,,True,9
SRC-RAW-79BB40F89E21083151E9,POWER,not_selected_for_target,,absence_from_expert_target_workbook,1576,24,2022,CREDIT-41D9E8D39C39,2653,,True,9
SRC-RAW-C2327FC2349ED8E6F9EC,POWER,not_selected_for_target,,absence_from_expert_target_workbook,1577,25,2022,CREDIT-41D9E8D39C39,2653,,True,9
SRC-RAW-CA1482BE0E160DD8597C,POWER,include,122,canonical_expert_scope_order,1578,11,2022,CREDIT-5D6642124647,4411,燃气锅炉,True,2
SRC-RAW-EA575374F3359E937FB7,POWER,include,123,canonical_expert_scope_order,1579,12,2022,CREDIT-5D6642124647,4411,燃气锅炉,True,2
SRC-RAW-28F83065C75A8FF87FA8,POWER,include,124,canonical_expert_scope_order,1580,11,2022,CREDIT-4DC36FE028C5,2221,燃煤锅炉,True,3
SRC-RAW-FF7C2F27803D71DC62B6,POWER,include,125,canonical_expert_scope_order,1581,12,2022,CREDIT-4DC36FE028C5,2221,燃煤锅炉,True,3
SRC-RAW-D1A601D9A66E5BF2E848,POWER,not_selected_for_target,,absence_from_expert_target_workbook,1582,21,2022,CREDIT-C47219494BD7,1329,,True,2
SRC-RAW-403688AD4D0EAF69B054,POWER,not_selected_for_target,,absence_from_expert_target_workbook,1583,21,2022,CREDIT-1AB27C545C46,1819,,True,0
SRC-RAW-8AD48076679E2A1237CA,POWER,not_selected_for_target,,absence_from_expert_target_workbook,1584,21,2022,CREDIT-AF5D93C88862,2812,,True,16
SRC-RAW-CB146D39592E7899F186,POWER,not_selected_for_target,,absence_from_expert_target_workbook,1585,21,2022,CREDIT-3D04E897092F,2653,,True,13
SRC-RAW-971C9581E2573CF7514D,POWER,not_selected_for_target,,absence_from_expert_target_workbook,1586,22,2022,CREDIT-3D04E897092F,2653,,True,13
SRC-RAW-149F072749E5A0DE1D88,POWER,not_selected_for_target,,absence_from_expert_target_workbook,1587,23,2022,CREDIT-3D04E897092F,2653,,True,13
SRC-RAW-724A3382BA0345E5B65A,POWER,not_selected_for_target,,absence_from_expert_target_workbook,1588,21,2022,CREDIT-BF475A1D58DB,2651,,True,3
SRC-RAW-0BEC2864FAA37B9B7CAF,POWER,not_selected_for_target,,absence_from_expert_target_workbook,1589,21,2022,CREDIT-770F768944D9,2651,,True,3
SRC-RAW-1FF970E1376FE91F6DB2,POWER,not_selected_for_target,,absence_from_expert_target_workbook,1590,21,2022,CREDIT-9ED985E1D3D6,2651,,True,10
SRC-RAW-2EEB2C44E7BB0C062FD1,POWER,not_selected_for_target,,absence_from_expert_target_workbook,1591,22,2022,CREDIT-9ED985E1D3D6,2651,,True,10
SRC-RAW-C0C2F6AB594ACF51693B,POWER,not_selected_for_target,,absence_from_expert_target_workbook,1592,23,2022,CREDIT-9ED985E1D3D6,2651,,True,10
SRC-RAW-45E9AAD81D1CE2DB8D31,POWER,not_selected_for_target,,absence_from_expert_target_workbook,1593,24,2022,CREDIT-9ED985E1D3D6,2651,,True,10
SRC-RAW-E20BAC23D758194D6259,POWER,not_selected_for_target,,absence_from_expert_target_workbook,1594,25,2022,CREDIT-9ED985E1D3D6,2651,,True,10
SRC-RAW-03B8E732E655815114D8,POWER,not_selected_for_target,,absence_from_expert_target_workbook,1595,26,2022,CREDIT-9ED985E1D3D6,2651,,True,10
SRC-RAW-DB6ADCBD62844AB3D705,POWER,not_selected_for_target,,absence_from_expert_target_workbook,1596,21,2022,CREDIT-81970734984C,2662,,True,2
SRC-RAW-FAB5057D4C83F3A4DE14,POWER,include,126,canonical_expert_scope_order,1597,11,2022,CREDIT-2901E5788AAD,4411,燃煤锅炉,True,6
SRC-RAW-AD8770B38710366C7C2C,POWER,include,127,canonical_expert_scope_order,1598,12,2022,CREDIT-2901E5788AAD,4411,燃煤锅炉,True,6
SRC-RAW-2254E9A4B55F49373BD4,POWER,not_selected_for_target,,absence_from_expert_target_workbook,1599,21,2022,CREDIT-DAE4FB0183FF,2651,,True,3
SRC-RAW-B0822500EBE0BDF62198,POWER,not_selected_for_target,,absence_from_expert_target_workbook,1600,22,2022,CREDIT-DAE4FB0183FF,2651,,True,3
SRC-RAW-3813565566A3B83E884B,POWER,include,128,canonical_expert_scope_order,1601,11,2022,CREDIT-511D7F2DF1E6,4411,燃煤锅炉,True,3
SRC-RAW-034EA11B7545A4E80FF5,POWER,include,129,canonical_expert_scope_order,1602,12,2022,CREDIT-511D7F2DF1E6,4411,燃煤锅炉,True,3
SRC-RAW-35C69BFE401D07315122,POWER,not_selected_for_target,,absence_from_expert_target_workbook,1603,21,2022,CREDIT-6C3E8C338457,2619,,True,0
SRC-RAW-5A3B95FF279DCD9C47E2,POWER,not_selected_for_target,,absence_from_expert_target_workbook,1604,21,2022,CREDIT-93724D618077,2919,,True,3
SRC-RAW-DA5D879C3B3CA1FE3BFE,POWER,not_selected_for_target,,absence_from_expert_target_workbook,1605,21,2022,CREDIT-7E98DCB5BCEF,1712,,True,1
SRC-RAW-AFC47F8B6D7C799CFCAA,POWER,not_selected_for_target,,absence_from_expert_target_workbook,1606,21,2022,CREDIT-6DD91C5090B2,2641,,True,2
SRC-RAW-7760E8BCBC9C7FA96407,POWER,not_selected_for_target,,absence_from_expert_target_workbook,1607,21,2022,CREDIT-2906D84F700B,2669,,True,2
SRC-RAW-8267E112FAD996D3616B,POWER,not_selected_for_target,,absence_from_expert_target_workbook,1608,21,2022,CREDIT-9EE5F481941C,3130,,True,24
SRC-RAW-A8521B7F1794F47E60A6,POWER,not_selected_for_target,,absence_from_expert_target_workbook,1609,22,2022,CREDIT-9EE5F481941C,3130,,True,24
SRC-RAW-021B782B8F28293856E0,POWER,not_selected_for_target,,absence_from_expert_target_workbook,1610,23,2022,CREDIT-9EE5F481941C,3130,,True,24
SRC-RAW-FD0D39A03CB8B6FD1FE4,POWER,not_selected_for_target,,absence_from_expert_target_workbook,1611,24,2022,CREDIT-9EE5F481941C,3130,,True,24
SRC-RAW-626575B2B9559B42195B,POWER,not_selected_for_target,,absence_from_expert_target_workbook,1612,25,2022,CREDIT-9EE5F481941C,3130,,True,24
SRC-RAW-B7C15BC3BEB8BB3A3BFE,POWER,not_selected_for_target,,absence_from_expert_target_workbook,1613,26,2022,CREDIT-9EE5F481941C,3130,,True,24
SRC-RAW-DD128BA9B203C40F567B,POWER,not_selected_for_target,,absence_from_expert_target_workbook,1614,27,2022,CREDIT-9EE5F481941C,3130,,True,24
SRC-RAW-A25F8714E2FF75BD237B,POWER,not_selected_for_target,,absence_from_expert_target_workbook,1615,21,2022,CREDIT-CADA18784589,2614,,True,10
SRC-RAW-336175CD9F6BE92DE5C8,POWER,not_selected_for_target,,absence_from_expert_target_workbook,1616,22,2022,CREDIT-CADA18784589,2614,,True,10
SRC-RAW-C42947AC48EEE45E65C8,POWER,not_selected_for_target,,absence_from_expert_target_workbook,1617,21,2022,CREDIT-BCD968E207DE,1514,,True,0
SRC-RAW-1F82DD429A74692FFB71,POWER,not_selected_for_target,,absence_from_expert_target_workbook,1618,21,2022,CREDIT-D7A3E876F184,2651,,True,1
SRC-RAW-364BC6C7CBCA77C1FD28,POWER,not_selected_for_target,,absence_from_expert_target_workbook,1619,21,2022,CREDIT-692EB5181E67,2511,,True,4
SRC-RAW-E05C62BE45142150DE58,POWER,not_selected_for_target,,absence_from_expert_target_workbook,1620,21,2022,CREDIT-79F9DC3D780A,2826,,True,8
SRC-RAW-0FF9EAE742E1CA475E9D,POWER,not_selected_for_target,,absence_from_expert_target_workbook,1621,22,2022,CREDIT-79F9DC3D780A,2826,,True,8
SRC-RAW-54F5388507ACDD9A9B95,POWER,not_selected_for_target,,absence_from_expert_target_workbook,1622,23,2022,CREDIT-79F9DC3D780A,2826,,True,8
SRC-RAW-DDA808883637FE886702,POWER,not_selected_for_target,,absence_from_expert_target_workbook,1623,24,2022,CREDIT-79F9DC3D780A,2826,,True,8
SRC-RAW-D9DB5B61B97442F431AA,POWER,not_selected_for_target,,absence_from_expert_target_workbook,1624,25,2022,CREDIT-79F9DC3D780A,2826,,True,8
SRC-RAW-6D07F006078BAEB6630E,POWER,not_selected_for_target,,absence_from_expert_target_workbook,1625,21,2022,CREDIT-8CE73EBBEFA0,1469,,True,0
SRC-RAW-E7F9B8BFE582116C8E02,POWER,not_selected_for_target,,absence_from_expert_target_workbook,1626,21,2022,CREDIT-5455A0730806,2651,,True,3
SRC-RAW-DA11C6851F4293462E40,POWER,include,130,canonical_expert_scope_order,1627,11,2022,CREDIT-E260CDD153EE,4412,燃气轮机,True,2
SRC-RAW-6E050DFAE5706F68F59C,POWER,include,131,canonical_expert_scope_order,1628,12,2022,CREDIT-E260CDD153EE,4412,燃气轮机,True,2
SRC-RAW-6E1BAD26A56C661C76BE,POWER,not_selected_for_target,,absence_from_expert_target_workbook,1629,21,2022,CREDIT-E260CDD153EE,4412,,True,2
SRC-RAW-DD5BF76F8B881D1D2AB7,POWER,not_selected_for_target,,absence_from_expert_target_workbook,1630,21,2022,CREDIT-9E9EF311E578,2511,,True,3
SRC-RAW-3173E3BAA54F77829294,POWER,not_selected_for_target,,absence_from_expert_target_workbook,1631,21,2022,CREDIT-06080E4DD6C4,2661,,True,4
SRC-RAW-432F3EE1BB2D90534683,POWER,not_selected_for_target,,absence_from_expert_target_workbook,1632,21,2022,CREDIT-BE59673E9A2A,2614,,True,1
SRC-RAW-31A8EB3713170412F710,POWER,not_selected_for_target,,absence_from_expert_target_workbook,1633,21,2022,CREDIT-521096C5E2DF,2641,,True,3
SRC-RAW-6D2F158202CAA7E3DC66,POWER,not_selected_for_target,,absence_from_expert_target_workbook,1634,21,2022,CREDIT-69A8DE0FDDC1,2511,,True,0
SRC-RAW-AA85CDD3AC07802FC5B4,POWER,not_selected_for_target,,absence_from_expert_target_workbook,1635,22,2022,CREDIT-69A8DE0FDDC1,2511,,True,0
SRC-RAW-FF8BD81D0A6EBC60BF63,POWER,not_selected_for_target,,absence_from_expert_target_workbook,1636,23,2022,CREDIT-69A8DE0FDDC1,2511,,True,0
SRC-RAW-C562943149AE5AF73697,POWER,not_selected_for_target,,absence_from_expert_target_workbook,1637,24,2022,CREDIT-69A8DE0FDDC1,2511,,True,0
SRC-RAW-E5B4A42700F58784B562,POWER,not_selected_for_target,,absence_from_expert_target_workbook,1638,25,2022,CREDIT-69A8DE0FDDC1,2511,,True,0
SRC-RAW-0CDF39D17A3A6B293189,POWER,not_selected_for_target,,absence_from_expert_target_workbook,1639,21,2022,CREDIT-99B29E73B156,2651,,True,31
SRC-RAW-0B902AD3234AF91F04AD,POWER,not_selected_for_target,,absence_from_expert_target_workbook,1640,22,2022,CREDIT-99B29E73B156,2651,,True,31
SRC-RAW-73F2A7AF264C834ABB28,POWER,not_selected_for_target,,absence_from_expert_target_workbook,1641,23,2022,CREDIT-99B29E73B156,2651,,True,31
SRC-RAW-1F5A182A865CD464B851,POWER,not_selected_for_target,,absence_from_expert_target_workbook,1642,24,2022,CREDIT-99B29E73B156,2651,,True,31
SRC-RAW-8C64796CF51FA976EF3D,POWER,not_selected_for_target,,absence_from_expert_target_workbook,1643,21,2022,CREDIT-53C09BD5C794,2921,,True,14
SRC-RAW-F71BD7EE84D4067C8C20,POWER,not_selected_for_target,,absence_from_expert_target_workbook,1644,210,2022,CREDIT-53C09BD5C794,2921,,True,14
SRC-RAW-51EB3EE19FE48708CF0A,POWER,not_selected_for_target,,absence_from_expert_target_workbook,1645,211,2022,CREDIT-53C09BD5C794,2921,,True,14
SRC-RAW-00CAC0927C0FFACD8B08,POWER,not_selected_for_target,,absence_from_expert_target_workbook,1646,212,2022,CREDIT-53C09BD5C794,2921,,True,14
SRC-RAW-0E187D9F10D191B202CF,POWER,not_selected_for_target,,absence_from_expert_target_workbook,1647,213,2022,CREDIT-53C09BD5C794,2921,,True,14
SRC-RAW-8F1FBC4B5210E81BD4EB,POWER,not_selected_for_target,,absence_from_expert_target_workbook,1648,214,2022,CREDIT-53C09BD5C794,2921,,True,14
SRC-RAW-D4ABCD9EB9D01172AD2A,POWER,not_selected_for_target,,absence_from_expert_target_workbook,1649,215,2022,CREDIT-53C09BD5C794,2921,,True,14
SRC-RAW-82309B65293489366CFF,POWER,not_selected_for_target,,absence_from_expert_target_workbook,1650,216,2022,CREDIT-53C09BD5C794,2921,,True,14
SRC-RAW-7A7A57194D295D5AB739,POWER,not_selected_for_target,,absence_from_expert_target_workbook,1651,22,2022,CREDIT-53C09BD5C794,2921,,True,14
SRC-RAW-A3E8FFD0CD9D8D04650A,POWER,not_selected_for_target,,absence_from_expert_target_workbook,1652,23,2022,CREDIT-53C09BD5C794,2921,,True,14
SRC-RAW-922B2EAE2ABECAA3F796,POWER,not_selected_for_target,,absence_from_expert_target_workbook,1653,24,2022,CREDIT-53C09BD5C794,2921,,True,14
SRC-RAW-99440B8AAA14B108324F,POWER,not_selected_for_target,,absence_from_expert_target_workbook,1654,25,2022,CREDIT-53C09BD5C794,2921,,True,14
SRC-RAW-3EEA99C5E74948D538A2,POWER,not_selected_for_target,,absence_from_expert_target_workbook,1655,26,2022,CREDIT-53C09BD5C794,2921,,True,14
SRC-RAW-E2E746AF8B85F803ADBE,POWER,not_selected_for_target,,absence_from_expert_target_workbook,1656,27,2022,CREDIT-53C09BD5C794,2921,,True,14
SRC-RAW-075BF0290032FA65E178,POWER,not_selected_for_target,,absence_from_expert_target_workbook,1657,28,2022,CREDIT-53C09BD5C794,2921,,True,14
SRC-RAW-7E47D58757F19EE6C0B7,POWER,not_selected_for_target,,absence_from_expert_target_workbook,1658,29,2022,CREDIT-53C09BD5C794,2921,,True,14
SRC-RAW-22AB15E4A92C863CCB88,POWER,not_selected_for_target,,absence_from_expert_target_workbook,1659,21,2022,CREDIT-57659F3F9D0B,3982,,True,8
SRC-RAW-1DA7934E195D6D530EE8,POWER,not_selected_for_target,,absence_from_expert_target_workbook,1660,22,2022,CREDIT-57659F3F9D0B,3982,,True,8
SRC-RAW-DF05F6798DBA12729B47,POWER,not_selected_for_target,,absence_from_expert_target_workbook,1661,21,2022,CREDIT-680C5C6072B0,2661,,True,5
SRC-RAW-9386A43C10488B7E579F,POWER,not_selected_for_target,,absence_from_expert_target_workbook,1662,21,2022,CREDIT-6BF9432E830B,3982,,True,14
SRC-RAW-05DFC6F60594AAEB9BBA,POWER,not_selected_for_target,,absence_from_expert_target_workbook,1663,21,2022,CREDIT-11A0D51B84DF,3982,,True,23
SRC-RAW-71FD22952351AEE17C2B,POWER,not_selected_for_target,,absence_from_expert_target_workbook,1664,11,2022,CREDIT-A0FD2D5B2300,4417,燃生物质锅炉,True,2
SRC-RAW-4A378BE015CC86255662,POWER,not_selected_for_target,,absence_from_expert_target_workbook,1665,12,2022,CREDIT-A0FD2D5B2300,4417,燃生物质锅炉,True,2
SRC-RAW-EBAFD733D946B9B916F7,POWER,not_selected_for_target,,absence_from_expert_target_workbook,1666,21,2022,CREDIT-B75546D58EDB,2651,,True,2
SRC-RAW-0BF4CB61A653A4369038,POWER,not_selected_for_target,,absence_from_expert_target_workbook,1667,21,2022,CREDIT-26B65E6CE276,4430,,True,2
SRC-RAW-A07A0EDF9CEC875B3A7A,POWER,not_selected_for_target,,absence_from_expert_target_workbook,1668,21,2022,CREDIT-F6A137098021,4430,,True,3
SRC-RAW-9A9CDE9913604456B3D5,POWER,not_selected_for_target,,absence_from_expert_target_workbook,1669,22,2022,CREDIT-F6A137098021,4430,,True,3
SRC-RAW-DAA4F119E3D6019724B4,POWER,include,132,canonical_expert_scope_order,1670,11,2022,CREDIT-C52557A6B1A1,4412,燃气轮机,True,0
SRC-RAW-576517B49A8DF4C96EE3,POWER,include,133,canonical_expert_scope_order,1671,12,2022,CREDIT-C52557A6B1A1,4412,燃气轮机,True,0
SRC-RAW-F6E57B71E811BF400DE4,POWER,not_selected_for_target,,absence_from_expert_target_workbook,1672,21,2022,CREDIT-E34C5DF43CF3,3031,,True,0
SRC-RAW-50E48C034B0B4C31D6F8,POWER,not_selected_for_target,,absence_from_expert_target_workbook,1673,21,2022,CREDIT-F0DADD4987F8,2645,,True,6
SRC-RAW-A076DDED16ACAC5CF10B,POWER,not_selected_for_target,,absence_from_expert_target_workbook,1674,22,2022,CREDIT-F0DADD4987F8,2645,,True,6
SRC-RAW-9D21F6C1391C94F6A7B5,POWER,not_selected_for_target,,absence_from_expert_target_workbook,1675,23,2022,CREDIT-F0DADD4987F8,2645,,True,6
SRC-RAW-F3A0855EA65B08F446B0,POWER,not_selected_for_target,,absence_from_expert_target_workbook,1676,21,2022,CREDIT-414812A71F0F,3399,,True,3
SRC-RAW-399F366B2E2701F05390,POWER,not_selected_for_target,,absence_from_expert_target_workbook,1677,21,2022,CREDIT-7892992710C8,1713,,True,1
SRC-RAW-EEFFB73C1928B8279008,POWER,not_selected_for_target,,absence_from_expert_target_workbook,1678,21,2022,CREDIT-FD7E2A46BA40,3982,,True,20
SRC-RAW-9115B16D5B7018CC585F,POWER,not_selected_for_target,,absence_from_expert_target_workbook,1679,21,2022,CREDIT-FAF224616752,3442,,True,10
SRC-RAW-39C2625B953DF358F9C9,POWER,not_selected_for_target,,absence_from_expert_target_workbook,1680,22,2022,CREDIT-FAF224616752,3442,,True,10
SRC-RAW-7F5368E28A248B6CBC7F,POWER,not_selected_for_target,,absence_from_expert_target_workbook,1681,23,2022,CREDIT-FAF224616752,3442,,True,10
SRC-RAW-531D65E64A0FFAF683A3,POWER,not_selected_for_target,,absence_from_expert_target_workbook,1682,21,2022,CREDIT-74E747EB58D2,3982,,True,16
SRC-RAW-C1EDD5229C7794FEE021,POWER,not_selected_for_target,,absence_from_expert_target_workbook,1683,22,2022,CREDIT-74E747EB58D2,3982,,True,16
SRC-RAW-7ACD6CEF06A72C680501,POWER,not_selected_for_target,,absence_from_expert_target_workbook,1684,23,2022,CREDIT-74E747EB58D2,3982,,True,16
SRC-RAW-383B51CECD222E29C342,POWER,not_selected_for_target,,absence_from_expert_target_workbook,1685,21,2022,CREDIT-2C1A3AF3122F,3442,,True,0
SRC-RAW-53201372B1B683A2106C,POWER,not_selected_for_target,,absence_from_expert_target_workbook,1686,22,2022,CREDIT-2C1A3AF3122F,3442,,True,0
SRC-RAW-F7E1C1DE9E7580681E9D,POWER,not_selected_for_target,,absence_from_expert_target_workbook,1687,21,2022,CREDIT-F0DC0D029C41,1329,,True,2
SRC-RAW-AB17FD2426831249046B,POWER,not_selected_for_target,,absence_from_expert_target_workbook,1688,21,2022,CREDIT-A0EF74BF0FA6,1513,,True,0
SRC-RAW-99F59F5FADC7E57B38B0,POWER,not_selected_for_target,,absence_from_expert_target_workbook,1689,21,2022,CREDIT-64A6D5D84C6D,3982,,True,31
SRC-RAW-B743FED160665FE3FAAE,POWER,not_selected_for_target,,absence_from_expert_target_workbook,1690,21,2022,CREDIT-FD347BB3E782,1329,,True,1
SRC-RAW-535B6AF971F85597EB40,POWER,not_selected_for_target,,absence_from_expert_target_workbook,1691,22,2022,CREDIT-FD347BB3E782,1329,,True,1
SRC-RAW-2C656BC3DB4ADE702065,POWER,not_selected_for_target,,absence_from_expert_target_workbook,1692,21,2022,CREDIT-472BB47138A3,3352,,True,50
SRC-RAW-02421B71782A6178C6D4,POWER,not_selected_for_target,,absence_from_expert_target_workbook,1693,22,2022,CREDIT-472BB47138A3,3352,,True,50
SRC-RAW-CD65895356B6130C30B8,POWER,not_selected_for_target,,absence_from_expert_target_workbook,1694,21,2022,CREDIT-D9948107F9BC,2924,,True,1
SRC-RAW-1E0F240EF89447A99FA6,POWER,not_selected_for_target,,absence_from_expert_target_workbook,1695,21,2022,CREDIT-3CC1CAFA28F2,1713,,True,1
SRC-RAW-DE05B412B3529E6AD86B,POWER,not_selected_for_target,,absence_from_expert_target_workbook,1696,21,2022,CREDIT-ED72A6D85D40,2231,,True,0
SRC-RAW-A667B2E29EDEA0A22571,POWER,not_selected_for_target,,absence_from_expert_target_workbook,1697,21,2022,CREDIT-0B2FCF5F18ED,1329,,True,4
SRC-RAW-8F8E3A826F42E5D5E61B,POWER,not_selected_for_target,,absence_from_expert_target_workbook,1698,22,2022,CREDIT-0B2FCF5F18ED,1329,,True,4
SRC-RAW-E35411A65DA7380D4ED1,POWER,not_selected_for_target,,absence_from_expert_target_workbook,1699,21,2022,CREDIT-022ECE41258D,3982,,True,31
SRC-RAW-CC12018B435EFE18983F,POWER,not_selected_for_target,,absence_from_expert_target_workbook,1700,21,2022,CREDIT-F57AB506B81A,3039,,True,0
SRC-RAW-0FD603FE496911B6B2BD,POWER,not_selected_for_target,,absence_from_expert_target_workbook,1701,11,2022,CREDIT-37F53AB905C3,4417,燃生物质锅炉,True,3
SRC-RAW-5EA5DA82944B24B1345A,POWER,not_selected_for_target,,absence_from_expert_target_workbook,1702,12,2022,CREDIT-37F53AB905C3,4417,燃生物质锅炉,True,3
SRC-RAW-C19A926AA8A833CBF154,POWER,not_selected_for_target,,absence_from_expert_target_workbook,1703,13,2022,CREDIT-37F53AB905C3,4417,燃生物质锅炉,True,3
SRC-RAW-F5A7F88C5E99835BC649,POWER,not_selected_for_target,,absence_from_expert_target_workbook,1704,21,2022,CREDIT-F646C4DA25B5,3982,,True,29
SRC-RAW-F6181637799ED1B2E092,POWER,not_selected_for_target,,absence_from_expert_target_workbook,1705,21,2022,CREDIT-2B487BBBF7B1,2625,,True,2
SRC-RAW-FA30A00EA062F69CF616,POWER,not_selected_for_target,,absence_from_expert_target_workbook,1706,22,2022,CREDIT-2B487BBBF7B1,2625,,True,2
SRC-RAW-8B034EB77E3FA0A81B14,POWER,not_selected_for_target,,absence_from_expert_target_workbook,1707,23,2022,CREDIT-2B487BBBF7B1,2625,,True,2
SRC-RAW-FFA84829FA8B7EF47F47,POWER,not_selected_for_target,,absence_from_expert_target_workbook,1708,24,2022,CREDIT-2B487BBBF7B1,2625,,True,2
SRC-RAW-035A383C1813DFFD15F8,POWER,not_selected_for_target,,absence_from_expert_target_workbook,1709,21,2022,CREDIT-77735E57D290,3985,,True,6
SRC-RAW-C5139B0C6FD589255DAA,POWER,not_selected_for_target,,absence_from_expert_target_workbook,1710,22,2022,CREDIT-77735E57D290,3985,,True,6
SRC-RAW-5D07BB5B16B7A7C3DDE4,POWER,not_selected_for_target,,absence_from_expert_target_workbook,1711,23,2022,CREDIT-77735E57D290,3985,,True,6
SRC-RAW-335F2C023F72CDC6D88A,POWER,not_selected_for_target,,absence_from_expert_target_workbook,1712,21,2022,CREDIT-ED0F398B55B4,3031,,True,2
SRC-RAW-6F08F34F83FFCD505F03,POWER,not_selected_for_target,,absence_from_expert_target_workbook,1713,21,2022,CREDIT-49DC601F0CA7,1713,,True,1
SRC-RAW-16F6A5E92A35AFD49162,POWER,not_selected_for_target,,absence_from_expert_target_workbook,1714,21,2022,CREDIT-C15CBCB3748D,2720,,True,6
SRC-RAW-ACC149BD59A41456CAFA,POWER,not_selected_for_target,,absence_from_expert_target_workbook,1715,22,2022,CREDIT-C15CBCB3748D,2720,,True,6
SRC-RAW-82FE9618A5A941372F41,POWER,not_selected_for_target,,absence_from_expert_target_workbook,1716,21,2022,CREDIT-8F07287D0210,2740,,True,0
SRC-RAW-456643273FD031A94D74,POWER,not_selected_for_target,,absence_from_expert_target_workbook,1717,22,2022,CREDIT-8F07287D0210,2740,,True,0
SRC-RAW-2525498747B6B2366693,POWER,not_selected_for_target,,absence_from_expert_target_workbook,1718,23,2022,CREDIT-8F07287D0210,2740,,True,0
SRC-RAW-1B0DC00D88BFD2E8C11B,POWER,not_selected_for_target,,absence_from_expert_target_workbook,1719,21,2022,CREDIT-9193FD5BCB08,1819,,True,0
SRC-RAW-DEBF4F2757CBAFE1F5CB,POWER,not_selected_for_target,,absence_from_expert_target_workbook,1720,21,2022,CREDIT-27BE3C48209F,1453,,True,0
SRC-RAW-548C8BF52432EA44AA20,POWER,not_selected_for_target,,absence_from_expert_target_workbook,1721,21,2022,CREDIT-B42D1C690B99,1723,,True,0
SRC-RAW-EB5F94FD85EE0659CD5E,POWER,not_selected_for_target,,absence_from_expert_target_workbook,1722,21,2022,CREDIT-006D1C386E95,2924,,True,3
SRC-RAW-ED14043F96AA04349B86,POWER,not_selected_for_target,,absence_from_expert_target_workbook,1723,21,2022,CREDIT-D1B51666C433,1519,,True,0
SRC-RAW-424B62172DDC93D5CAEA,POWER,not_selected_for_target,,absence_from_expert_target_workbook,1724,21,2022,CREDIT-8FEBCF68569E,1712,,True,1
SRC-RAW-395632416A630ED7B908,POWER,not_selected_for_target,,absence_from_expert_target_workbook,1725,22,2022,CREDIT-8FEBCF68569E,1712,,True,1
SRC-RAW-3BABF5163FFD828E9AA6,POWER,not_selected_for_target,,absence_from_expert_target_workbook,1726,21,2022,CREDIT-FB0747794802,1492,,True,0
SRC-RAW-D68FAF073F4746199DEC,POWER,not_selected_for_target,,absence_from_expert_target_workbook,1727,22,2022,CREDIT-FB0747794802,1492,,True,0
SRC-RAW-7E2CBED8326B9915A843,POWER,not_selected_for_target,,absence_from_expert_target_workbook,1728,21,2022,CREDIT-1F7123259804,2669,,True,3
SRC-RAW-F665790DCD0FC8A67F3A,POWER,not_selected_for_target,,absence_from_expert_target_workbook,1729,21,2022,CREDIT-88C52C518FBF,1361,,True,1
SRC-RAW-D967EBB87AF247CA7820,POWER,not_selected_for_target,,absence_from_expert_target_workbook,1730,21,2022,CREDIT-C5FAD7DE1D2F,2221,,True,2
SRC-RAW-FF9EB77F49B753304084,POWER,not_selected_for_target,,absence_from_expert_target_workbook,1731,21,2022,CREDIT-54766289021A,1819,,True,3
SRC-RAW-A7A5921F7A7EFC5BDD77,POWER,not_selected_for_target,,absence_from_expert_target_workbook,1732,21,2022,CREDIT-23C9F0AA2A39,2921,,True,0
SRC-RAW-823400C5DFA645180114,POWER,not_selected_for_target,,absence_from_expert_target_workbook,1733,21,2022,CREDIT-568970072200,1761,,True,0
SRC-RAW-F7400186FA7B4D1BD87A,POWER,not_selected_for_target,,absence_from_expert_target_workbook,1734,21,2022,CREDIT-AD9A986B3088,1371,,True,0
SRC-RAW-A985ACCCBED3F355FF2F,POWER,not_selected_for_target,,absence_from_expert_target_workbook,1735,21,2022,CREDIT-C1B6D37BFAC6,1723,,True,2
SRC-RAW-C821EE7BD3B586502DAF,POWER,not_selected_for_target,,absence_from_expert_target_workbook,1736,21,2022,CREDIT-9E3A2BBE2F68,2924,,True,2
SRC-RAW-31876F7B1B5A1F83ADCF,POWER,not_selected_for_target,,absence_from_expert_target_workbook,1737,21,2022,CREDIT-31BC1FEE93F3,2761,,True,0
SRC-RAW-BCB0410FDE1D2068C033,POWER,not_selected_for_target,,absence_from_expert_target_workbook,1738,22,2022,CREDIT-31BC1FEE93F3,2761,,True,0
SRC-RAW-98A00F2B6AF1D22FE90B,POWER,not_selected_for_target,,absence_from_expert_target_workbook,1739,21,2022,ORG-248991A83676,1462,,True,1
SRC-RAW-41CCCA9FFBBEAF2BA0B6,POWER,not_selected_for_target,,absence_from_expert_target_workbook,1740,21,2022,CREDIT-0983F6851470,2740,,True,1
SRC-RAW-06F06924BCADDB6AC130,POWER,not_selected_for_target,,absence_from_expert_target_workbook,1741,22,2022,CREDIT-0983F6851470,2740,,True,1
SRC-RAW-FE6A36E2E0549341A7B2,POWER,not_selected_for_target,,absence_from_expert_target_workbook,1742,21,2022,CREDIT-7F3BAC859267,2662,,True,3
SRC-RAW-204DA4EAB1F4D34E814F,POWER,not_selected_for_target,,absence_from_expert_target_workbook,1743,21,2022,CREDIT-09DF75F2A61C,1819,,True,0
SRC-RAW-BB68346CF43A324DCD59,POWER,not_selected_for_target,,absence_from_expert_target_workbook,1744,21,2022,CREDIT-4CB0AE8EE501,2319,,True,3
SRC-RAW-5E3B8D631E81B6311CAE,POWER,not_selected_for_target,,absence_from_expert_target_workbook,1745,21,2022,CREDIT-976C4A85DEB2,2319,,True,1
SRC-RAW-EAACBE6746E91EC71831,POWER,not_selected_for_target,,absence_from_expert_target_workbook,1746,21,2022,CREDIT-2DD1F776B3BB,1432,,True,0
SRC-RAW-8E8CF0952C346597712B,POWER,not_selected_for_target,,absence_from_expert_target_workbook,1747,21,2022,CREDIT-20AB7B7C5CA2,1371,,True,0
SRC-RAW-652A3588E0500FA7EDEE,POWER,not_selected_for_target,,absence_from_expert_target_workbook,1748,22,2022,CREDIT-20AB7B7C5CA2,1371,,True,0
SRC-RAW-A8993747D7F7B9F71136,POWER,not_selected_for_target,,absence_from_expert_target_workbook,1749,21,2022,CREDIT-ED223748B0FB,1432,,True,0
SRC-RAW-6DBB030A322BF8BE4A1D,POWER,not_selected_for_target,,absence_from_expert_target_workbook,1750,21,2022,CREDIT-81E7685415C1,1782,,True,0
SRC-RAW-40936439C418B2047268,POWER,not_selected_for_target,,absence_from_expert_target_workbook,1751,21,2022,CREDIT-40AF99C363A0,1713,,True,1
SRC-RAW-C2A07E8B37DA4337574A,POWER,include,134,canonical_expert_scope_order,1752,11,2022,CREDIT-82A02890C989,4412,燃煤锅炉,True,1
SRC-RAW-E71313A36F2A76EC4077,POWER,not_selected_for_target,,absence_from_expert_target_workbook,1753,11,2022,CREDIT-C8C267ED0CAC,4417,燃生物质锅炉,True,3
SRC-RAW-5C9C0817DD1C218F1CF5,POWER,not_selected_for_target,,absence_from_expert_target_workbook,1754,12,2022,CREDIT-C8C267ED0CAC,4417,燃生物质锅炉,True,3
SRC-RAW-8848DB76F8FFC5639534,POWER,not_selected_for_target,,absence_from_expert_target_workbook,1755,21,2022,CREDIT-C4581E7EEF2E,3022,,True,0
SRC-RAW-031A8C80E6CD7D84531D,POWER,not_selected_for_target,,absence_from_expert_target_workbook,1756,22,2022,CREDIT-C4581E7EEF2E,3022,,True,0
SRC-RAW-5F06D1EA55182A9CBE78,POWER,not_selected_for_target,,absence_from_expert_target_workbook,1757,23,2022,CREDIT-C4581E7EEF2E,3022,,True,0
SRC-RAW-D991A2F59A6B7CF7253E,POWER,not_selected_for_target,,absence_from_expert_target_workbook,1758,21,2022,CREDIT-987C1260C046,1439,,True,0
SRC-RAW-7DF268CD23016D980536,POWER,not_selected_for_target,,absence_from_expert_target_workbook,1759,22,2022,CREDIT-987C1260C046,1439,,True,0
SRC-RAW-CC6A5FF95A6253A3603E,POWER,not_selected_for_target,,absence_from_expert_target_workbook,1760,23,2022,CREDIT-987C1260C046,1439,,True,0
SRC-RAW-9D4FE2737193BB90EF83,POWER,not_selected_for_target,,absence_from_expert_target_workbook,1761,21,2022,CREDIT-184B46D3ADA3,2740,,True,1
SRC-RAW-1EE2B5B6C94D0DA9429E,POWER,not_selected_for_target,,absence_from_expert_target_workbook,1762,21,2022,CREDIT-36F53D208DAA,1819,,True,0
SRC-RAW-6E9D19660F2B6888DDB9,POWER,not_selected_for_target,,absence_from_expert_target_workbook,1763,21,2022,ORG-69506380DADE,2929,,True,1
SRC-RAW-CC0550907390844013B4,POWER,not_selected_for_target,,absence_from_expert_target_workbook,1764,22,2022,ORG-69506380DADE,2929,,True,1
SRC-RAW-5689F658878CC475C41E,POWER,not_selected_for_target,,absence_from_expert_target_workbook,1765,21,2022,CREDIT-A9CCF7389E10,1713,,True,2
SRC-RAW-B2E35975CE116FE7245D,POWER,not_selected_for_target,,absence_from_expert_target_workbook,1766,21,2022,CREDIT-2720E93D74E8,2664,,True,0
SRC-RAW-EC74754E85617F8003EB,POWER,not_selected_for_target,,absence_from_expert_target_workbook,1767,22,2022,CREDIT-2720E93D74E8,2664,,True,0
SRC-RAW-2BB9C611E7600E11A239,POWER,not_selected_for_target,,absence_from_expert_target_workbook,1768,21,2022,CREDIT-9476FBCD7962,2761,,True,1
SRC-RAW-287B4C414FE923EFC658,POWER,not_selected_for_target,,absence_from_expert_target_workbook,1769,21,2022,ORG-EF3E0EC80721,1431,,True,0
SRC-RAW-C9F8A2C8A547103A8FB0,POWER,not_selected_for_target,,absence_from_expert_target_workbook,1770,21,2022,CREDIT-39CF650A8848,1432,,True,0
SRC-RAW-A80E5B8ED3F2478B3D19,POWER,not_selected_for_target,,absence_from_expert_target_workbook,1771,21,2022,CREDIT-8BD5D42C557C,1524,,True,1
SRC-RAW-3753B2EFFFFB02077028,POWER,not_selected_for_target,,absence_from_expert_target_workbook,1772,22,2022,CREDIT-8BD5D42C557C,1524,,True,1
SRC-RAW-D164D4CE1719B30916BA,POWER,not_selected_for_target,,absence_from_expert_target_workbook,1773,21,2022,CREDIT-00BE4D46FF74,2319,,True,1
SRC-RAW-4DA0D51123D1CA9603AE,POWER,not_selected_for_target,,absence_from_expert_target_workbook,1774,21,2022,CREDIT-EA941BEEB909,2710,,True,4
SRC-RAW-3E9E444D5F37534ABC4B,POWER,not_selected_for_target,,absence_from_expert_target_workbook,1775,21,2022,CREDIT-C951E1E464AA,1433,,True,1
SRC-RAW-7381A913B63F06004D7A,POWER,not_selected_for_target,,absence_from_expert_target_workbook,1776,21,2022,CREDIT-7D0C814E9C7A,1752,,True,0
SRC-RAW-A4DF02F0F0984DD99D97,POWER,not_selected_for_target,,absence_from_expert_target_workbook,1777,22,2022,CREDIT-7D0C814E9C7A,1752,,True,0
SRC-RAW-B9323085636EE4E39771,POWER,not_selected_for_target,,absence_from_expert_target_workbook,1778,23,2022,CREDIT-7D0C814E9C7A,1752,,True,0
SRC-RAW-2D9F5D9501975D14ED91,POWER,not_selected_for_target,,absence_from_expert_target_workbook,1779,24,2022,CREDIT-7D0C814E9C7A,1752,,True,0
SRC-RAW-838FC8C918EFF3539D89,POWER,not_selected_for_target,,absence_from_expert_target_workbook,1780,21,2022,CREDIT-08D0CD70E65D,3982,,True,19
SRC-RAW-D6AEA1B008E6644E280C,POWER,not_selected_for_target,,absence_from_expert_target_workbook,1781,22,2022,CREDIT-08D0CD70E65D,3982,,True,19
SRC-RAW-833ADEFE4733AD42A34D,POWER,not_selected_for_target,,absence_from_expert_target_workbook,1782,21,2022,CREDIT-4704C320F2F4,2221,,True,3
SRC-RAW-A76844F8CA4874DDAB78,POWER,include,135,canonical_expert_scope_order,1783,11,2022,CREDIT-51750DCD7770,4411,燃煤锅炉,True,3
SRC-RAW-57975824CAAF1FEA69F8,POWER,include,136,canonical_expert_scope_order,1784,12,2022,CREDIT-51750DCD7770,4411,燃煤锅炉,True,3
SRC-RAW-E1396E97602796F2B2D9,POWER,include,137,canonical_expert_scope_order,1785,13,2022,CREDIT-51750DCD7770,4411,燃煤锅炉,True,3
SRC-RAW-4110BF8B9048FD830EBC,POWER,not_selected_for_target,,absence_from_expert_target_workbook,1786,21,2022,CREDIT-DDD205404E48,1362,,True,0
SRC-RAW-7FBC03AFD4E373141B4A,POWER,not_selected_for_target,,absence_from_expert_target_workbook,1787,21,2022,CREDIT-73214BC348CF,2669,,True,1
SRC-RAW-4B26B4131240357A1230,POWER,not_selected_for_target,,absence_from_expert_target_workbook,1788,21,2022,CREDIT-6DC49192CC69,2661,,True,1
SRC-RAW-C96FDD09ABB39FC1BD9F,POWER,not_selected_for_target,,absence_from_expert_target_workbook,1789,21,2022,CREDIT-B4145421C80C,2720,,True,0
SRC-RAW-9AC4EEAB9889012CAA67,POWER,not_selected_for_target,,absence_from_expert_target_workbook,1790,21,2022,CREDIT-676F7850D7FE,3022,,True,0
SRC-RAW-FC6730173437BEACFA8C,POWER,not_selected_for_target,,absence_from_expert_target_workbook,1791,21,2022,CREDIT-1FD7CC91C2D5,3031,,True,1
SRC-RAW-97C28C8DBD93985288F0,POWER,not_selected_for_target,,absence_from_expert_target_workbook,1792,21,2022,CREDIT-CB9288D62F9F,2661,,True,2
SRC-RAW-61E1824DD7C600670DCE,POWER,not_selected_for_target,,absence_from_expert_target_workbook,1793,21,2022,CREDIT-8B7D8974E5A1,2924,,True,1
SRC-RAW-EE49BBA804FBF5AF1852,POWER,not_selected_for_target,,absence_from_expert_target_workbook,1794,11,2022,CREDIT-33E33822EA11,4417,燃生物质锅炉,True,9
SRC-RAW-301961745AE4CCEB13FB,POWER,not_selected_for_target,,absence_from_expert_target_workbook,1795,12,2022,CREDIT-33E33822EA11,4417,燃生物质锅炉,True,9
SRC-RAW-02F1AE3DC01E0E3EA7CE,POWER,not_selected_for_target,,absence_from_expert_target_workbook,1796,13,2022,CREDIT-33E33822EA11,4417,燃生物质锅炉,True,9
SRC-RAW-CE79C956A0BED5AD91C8,POWER,not_selected_for_target,,absence_from_expert_target_workbook,1797,21,2022,CREDIT-F57EAF2D36F3,2223,,True,2
SRC-RAW-58782790B907DF2B71AB,POWER,not_selected_for_target,,absence_from_expert_target_workbook,1798,21,2022,CREDIT-EE198FDEFDAA,1690,,True,0
SRC-RAW-3FDC68A90317D2C6F54D,POWER,not_selected_for_target,,absence_from_expert_target_workbook,1799,22,2022,CREDIT-EE198FDEFDAA,1690,,True,0
SRC-RAW-B8B462837AF619996063,POWER,not_selected_for_target,,absence_from_expert_target_workbook,1800,23,2022,CREDIT-EE198FDEFDAA,1690,,True,0
SRC-RAW-3C6D3C4BA06421CEE417,POWER,not_selected_for_target,,absence_from_expert_target_workbook,1801,24,2022,CREDIT-EE198FDEFDAA,1690,,True,0
SRC-RAW-023EF35E4A213F5C5A5D,POWER,not_selected_for_target,,absence_from_expert_target_workbook,1802,21,2022,CREDIT-4835846C32F0,2231,,True,1
SRC-RAW-5C14513E7F8D7D09D4F6,POWER,not_selected_for_target,,absence_from_expert_target_workbook,1803,21,2022,CREDIT-F70AAF6F70AC,2231,,True,2
SRC-RAW-A9BA19DC9ACBDB20E821,POWER,not_selected_for_target,,absence_from_expert_target_workbook,1804,22,2022,CREDIT-F70AAF6F70AC,2231,,True,2
SRC-RAW-0AD4A81E2E23AC77568D,POWER,not_selected_for_target,,absence_from_expert_target_workbook,1805,21,2022,CREDIT-558696151009,2231,,True,1
SRC-RAW-98DD51E3075A8259CBF1,POWER,not_selected_for_target,,absence_from_expert_target_workbook,1806,22,2022,CREDIT-558696151009,2231,,True,1
SRC-RAW-B059B6D570F52D419817,POWER,not_selected_for_target,,absence_from_expert_target_workbook,1807,21,2022,CREDIT-8F71D4738E7D,2221,,True,2
SRC-RAW-9FD449A6D7E3E0EF55AB,POWER,not_selected_for_target,,absence_from_expert_target_workbook,1808,21,2022,CREDIT-A993C574885D,3360,,True,1
SRC-RAW-2E35D49DE3D995A79FC5,POWER,not_selected_for_target,,absence_from_expert_target_workbook,1809,21,2022,CREDIT-892DD9B321FC,2221,,True,1
SRC-RAW-29C618B8DC611DDAA506,POWER,not_selected_for_target,,absence_from_expert_target_workbook,1810,21,2022,CREDIT-EABA20A3F0FC,3214,,True,1
SRC-RAW-631B437831B3403AC093,POWER,not_selected_for_target,,absence_from_expert_target_workbook,1811,21,2022,CREDIT-98EDA9C28F39,2231,,True,1
SRC-RAW-678F755E21F0185E8E29,POWER,not_selected_for_target,,absence_from_expert_target_workbook,1812,21,2022,CREDIT-ACA0F8E4D50A,2231,,True,2
SRC-RAW-870E963E0EE54C314BF2,POWER,not_selected_for_target,,absence_from_expert_target_workbook,1813,21,2022,CREDIT-903242DBBE4B,2221,,True,1
SRC-RAW-C5DC64A98A687B902757,POWER,not_selected_for_target,,absence_from_expert_target_workbook,1814,21,2022,CREDIT-C465431EF3F6,2221,,True,1
SRC-RAW-AE65786241F9D069FD9F,POWER,not_selected_for_target,,absence_from_expert_target_workbook,1815,21,2022,CREDIT-69B98C93CF09,2221,,True,2
SRC-RAW-A4384EA34B7511513AFF,POWER,not_selected_for_target,,absence_from_expert_target_workbook,1816,22,2022,CREDIT-69B98C93CF09,2221,,True,2
SRC-RAW-1314C20B0152B9E721BE,POWER,not_selected_for_target,,absence_from_expert_target_workbook,1817,21,2022,CREDIT-3C081F79E2EB,2221,,True,1
SRC-RAW-58D05AB6943C48568AE9,POWER,include,138,canonical_expert_scope_order,1818,11,2022,CREDIT-9424080A378E,4411,燃煤锅炉,True,3
SRC-RAW-A42AE6EB5B122E58A6B2,POWER,include,139,canonical_expert_scope_order,1819,12,2022,CREDIT-9424080A378E,4411,燃煤锅炉,True,3
SRC-RAW-91758580F3D639F02735,POWER,include,140,canonical_expert_scope_order,1820,13,2022,CREDIT-9424080A378E,4411,燃煤锅炉,True,3
SRC-RAW-D16F224D5164D01920EB,POWER,include,141,canonical_expert_scope_order,1821,14,2022,CREDIT-9424080A378E,4411,燃煤锅炉,True,3
SRC-RAW-C44D32C341BABDC4E2A5,POWER,not_selected_for_target,,absence_from_expert_target_workbook,1822,11,2022,CREDIT-67BF580F918F,4417,燃生物质锅炉,True,3
SRC-RAW-8D7FAEF88CE3AA1B4335,POWER,not_selected_for_target,,absence_from_expert_target_workbook,1823,12,2022,CREDIT-67BF580F918F,4417,燃生物质锅炉,True,3
SRC-RAW-F50E2DD63325535E690F,POWER,not_selected_for_target,,absence_from_expert_target_workbook,1824,21,2022,CREDIT-702386F9F55B,2682,,True,0
SRC-RAW-D9649FCC348A9A329877,POWER,not_selected_for_target,,absence_from_expert_target_workbook,1825,21,2022,ORG-56E0B5B6437A,2661,,True,1
SRC-RAW-2D6580A941F7A3221868,POWER,include,142,canonical_expert_scope_order,1826,11,2022,CREDIT-9CE3103FC174,4412,燃煤锅炉,True,3
SRC-RAW-730A96C0F1BB19F1D46E,POWER,include,143,canonical_expert_scope_order,1827,12,2022,CREDIT-9CE3103FC174,4412,燃煤锅炉,True,3
SRC-RAW-4124B4DC2795F28D7751,POWER,include,144,canonical_expert_scope_order,1828,13,2022,CREDIT-9CE3103FC174,4412,燃煤锅炉,True,3
SRC-RAW-CBBFC1A28AA95EDC417A,POWER,include,145,canonical_expert_scope_order,1829,14,2022,CREDIT-9CE3103FC174,4412,燃煤锅炉,True,3
SRC-RAW-1119E36BA6B9144F2860,POWER,include,146,canonical_expert_scope_order,1830,15,2022,CREDIT-9CE3103FC174,4412,燃煤锅炉,True,3
SRC-RAW-E8D8A4F112B9DBDBA700,POWER,not_selected_for_target,,absence_from_expert_target_workbook,1831,21,2022,CREDIT-91DF3AA49B10,1362,,True,3
SRC-RAW-AA2F2D14EF15706D5215,POWER,not_selected_for_target,,absence_from_expert_target_workbook,1832,21,2022,CREDIT-47CB645D7F02,2681,,True,1
SRC-RAW-05A3F69CD0063E32B769,POWER,not_selected_for_target,,absence_from_expert_target_workbook,1833,21,2022,CREDIT-2A74C6850A7B,1431,,True,1
SRC-RAW-51F259DDAD2412DA4A3C,POWER,not_selected_for_target,,absence_from_expert_target_workbook,1834,21,2022,CREDIT-43439D4BD14A,2913,,True,1
SRC-RAW-A6EA64E9B35CD18BF4C2,POWER,not_selected_for_target,,absence_from_expert_target_workbook,1835,21,2022,CREDIT-DCAED176CEDA,1399,,True,2
SRC-RAW-35478B3D508045C4B1D3,POWER,not_selected_for_target,,absence_from_expert_target_workbook,1836,21,2022,CREDIT-575EC5581708,1391,,True,2
SRC-RAW-67F8451E6D8ED28AA69A,POWER,not_selected_for_target,,absence_from_expert_target_workbook,1837,21,2022,CREDIT-4AF52EEF3BA6,2221,,True,2
SRC-RAW-1B9F906F002B3B0C9461,POWER,not_selected_for_target,,absence_from_expert_target_workbook,1838,21,2022,CREDIT-365FF9F36D81,2221,,True,2
SRC-RAW-DE1C504FCD5A913A752B,POWER,not_selected_for_target,,absence_from_expert_target_workbook,1839,21,2022,CREDIT-BDD800C8B106,1721,,True,1
SRC-RAW-65F8A3AA58DBCA96FC6E,POWER,not_selected_for_target,,absence_from_expert_target_workbook,1840,22,2022,CREDIT-BDD800C8B106,1721,,True,1
SRC-RAW-F92F160DECAC98DECCC2,POWER,not_selected_for_target,,absence_from_expert_target_workbook,1841,21,2022,CREDIT-5140F6351CC9,2221,,True,2
SRC-RAW-2548FC369A45883F67D0,POWER,not_selected_for_target,,absence_from_expert_target_workbook,1842,21,2022,CREDIT-F8F936852C6C,1723,,True,3
SRC-RAW-4F35FA7A746C938FC50F,POWER,not_selected_for_target,,absence_from_expert_target_workbook,1843,22,2022,CREDIT-F8F936852C6C,1723,,True,3
SRC-RAW-D6211821E6E6FAF20F2B,POWER,not_selected_for_target,,absence_from_expert_target_workbook,1844,21,2022,CREDIT-0E0BA119A771,3021,,True,3
SRC-RAW-89CB64072F8CB22383D8,POWER,not_selected_for_target,,absence_from_expert_target_workbook,1845,21,2022,CREDIT-402DD9628CD0,2231,,True,2
SRC-RAW-C01052A73F93CEE2756E,POWER,not_selected_for_target,,absence_from_expert_target_workbook,1846,21,2022,CREDIT-CD77095FD2CF,2231,,True,3
SRC-RAW-9CD4BFD1780AF702BCCE,POWER,not_selected_for_target,,absence_from_expert_target_workbook,1847,21,2022,CREDIT-4F85F9E56A82,2221,,True,1
SRC-RAW-46B0CDADAB674BDA4378,POWER,not_selected_for_target,,absence_from_expert_target_workbook,1848,21,2022,CREDIT-4698BFFD972A,2221,,True,2
SRC-RAW-9121992E803A49E9E205,POWER,not_selected_for_target,,absence_from_expert_target_workbook,1849,21,2022,CREDIT-E3E3C254AF48,2921,,True,3
SRC-RAW-743F40101701DA67C278,POWER,not_selected_for_target,,absence_from_expert_target_workbook,1850,22,2022,CREDIT-E3E3C254AF48,2921,,True,3
SRC-RAW-EF302D9236514B40B1EE,POWER,not_selected_for_target,,absence_from_expert_target_workbook,1851,21,2022,CREDIT-EB10C222E5A5,2681,,True,1
SRC-RAW-F8398CE0A40B16D25D6D,POWER,not_selected_for_target,,absence_from_expert_target_workbook,1852,21,2022,CREDIT-287962202493,1723,,True,2
SRC-RAW-817513EC94EFE272C4E3,POWER,not_selected_for_target,,absence_from_expert_target_workbook,1853,21,2022,CREDIT-9FB730845B16,2221,,True,1
SRC-RAW-F8F52823DF900D6EB1EF,POWER,not_selected_for_target,,absence_from_expert_target_workbook,1854,21,2022,CREDIT-17DD98C9E246,1329,,True,2
SRC-RAW-F08FAB80B6413ACB8598,POWER,not_selected_for_target,,absence_from_expert_target_workbook,1855,21,2022,CREDIT-4FF0CA23F318,2221,,True,1
SRC-RAW-1826F93D488784D99E54,POWER,not_selected_for_target,,absence_from_expert_target_workbook,1856,21,2022,CREDIT-E9BDCB76C325,2682,,True,0
SRC-RAW-82AE6EB133FCA18EA008,POWER,not_selected_for_target,,absence_from_expert_target_workbook,1857,21,2022,CREDIT-F0E5D45ED85A,2221,,True,1
SRC-RAW-D2F87FB2ECBDF4439296,POWER,not_selected_for_target,,absence_from_expert_target_workbook,1858,21,2022,CREDIT-E7401217C2DC,2624,,True,2
SRC-RAW-09E71591489F7B41655A,POWER,not_selected_for_target,,absence_from_expert_target_workbook,1859,21,2022,CREDIT-A2E4C54B8707,3329,,True,2
SRC-RAW-AC818A77D66685746031,POWER,not_selected_for_target,,absence_from_expert_target_workbook,1860,22,2022,CREDIT-A2E4C54B8707,3329,,True,2
SRC-RAW-B208C19EF96EC44DC1D7,POWER,not_selected_for_target,,absence_from_expert_target_workbook,1861,23,2022,CREDIT-A2E4C54B8707,3329,,True,2
SRC-RAW-4E3806B27F3F6D9D6945,POWER,not_selected_for_target,,absence_from_expert_target_workbook,1862,21,2022,CREDIT-3FDC0A429475,2923,,True,1
SRC-RAW-B921109FB77E419C5D70,POWER,not_selected_for_target,,absence_from_expert_target_workbook,1863,21,2022,CREDIT-FC1DC5A2DFC5,2231,,True,1
SRC-RAW-6BCBFDBB312B393AF47B,POWER,not_selected_for_target,,absence_from_expert_target_workbook,1864,21,2022,CREDIT-1C4F56EE0563,2231,,True,2
SRC-RAW-1B41840AD5008B05B524,POWER,not_selected_for_target,,absence_from_expert_target_workbook,1865,22,2022,CREDIT-1C4F56EE0563,2231,,True,2
SRC-RAW-37FA4AC21CF3D24B2557,POWER,not_selected_for_target,,absence_from_expert_target_workbook,1866,21,2022,CREDIT-4CA73E950B10,1329,,True,1
SRC-RAW-F11D43E702A09B80EB58,POWER,not_selected_for_target,,absence_from_expert_target_workbook,1867,21,2022,CREDIT-8AF9E0B107E6,1723,,True,2
SRC-RAW-DA90457DCCE981948D08,POWER,not_selected_for_target,,absence_from_expert_target_workbook,1868,22,2022,CREDIT-8AF9E0B107E6,1723,,True,2
SRC-RAW-8B07FEFF8C3463AE7CDC,POWER,not_selected_for_target,,absence_from_expert_target_workbook,1869,21,2022,CREDIT-3B96B43950EE,1723,,True,3
SRC-RAW-170500AEA59A1BC9325D,POWER,not_selected_for_target,,absence_from_expert_target_workbook,1870,22,2022,CREDIT-3B96B43950EE,1723,,True,3
SRC-RAW-4D0D659AD3DF8352F589,POWER,not_selected_for_target,,absence_from_expert_target_workbook,1871,21,2022,CREDIT-A5EB4946CF6B,2923,,True,0
SRC-RAW-5A611CB426E8DD7E653A,POWER,not_selected_for_target,,absence_from_expert_target_workbook,1872,21,2022,CREDIT-0D6E3A6A231C,2221,,True,3
SRC-RAW-16E254F1FA9BD95B4982,POWER,not_selected_for_target,,absence_from_expert_target_workbook,1873,22,2022,CREDIT-0D6E3A6A231C,2221,,True,3
SRC-RAW-044968799A356E788E52,POWER,not_selected_for_target,,absence_from_expert_target_workbook,1874,21,2022,CREDIT-A23F95354CDA,1819,,True,1
SRC-RAW-04E126087B33678961DB,POWER,not_selected_for_target,,absence_from_expert_target_workbook,1875,21,2022,CREDIT-1EB67367F94C,2221,,True,3
SRC-RAW-0E97E8612FB2163E01BE,POWER,not_selected_for_target,,absence_from_expert_target_workbook,1876,22,2022,CREDIT-1EB67367F94C,2221,,True,3
SRC-RAW-87CBBB5B6DBAE6B09929,POWER,not_selected_for_target,,absence_from_expert_target_workbook,1877,23,2022,CREDIT-1EB67367F94C,2221,,True,3
SRC-RAW-18E45A0318E3FFBF7B98,POWER,not_selected_for_target,,absence_from_expert_target_workbook,1878,21,2022,CREDIT-EA22C9F589EB,4430,,True,2
SRC-RAW-646F4C05C12887870A23,POWER,not_selected_for_target,,absence_from_expert_target_workbook,1879,21,2022,CREDIT-F87DB08BCE48,2924,,True,1
SRC-RAW-A5225A4C9EDEEE132A2F,POWER,not_selected_for_target,,absence_from_expert_target_workbook,1880,21,2022,CREDIT-FB040E7A683A,1353,,True,3
SRC-RAW-743E022E597F38DB8A3A,POWER,not_selected_for_target,,absence_from_expert_target_workbook,1881,21,2022,CREDIT-935989DD86DD,1829,,True,0
SRC-RAW-9E59172CAD50F73121AD,POWER,not_selected_for_target,,absence_from_expert_target_workbook,1882,21,2022,CREDIT-F3C3B72C29D3,2231,,True,3
SRC-RAW-3130847D4368455A730B,POWER,not_selected_for_target,,absence_from_expert_target_workbook,1883,21,2022,CREDIT-F4BB5C453872,2231,,True,1
SRC-RAW-0B49EDA50D7D92A98044,POWER,not_selected_for_target,,absence_from_expert_target_workbook,1884,21,2022,CREDIT-12F9540B1AAF,2921,,True,2
SRC-RAW-B6D097FDD8C2330D09F8,POWER,not_selected_for_target,,absence_from_expert_target_workbook,1885,21,2022,CREDIT-D7A881E06B9F,2231,,True,2
SRC-RAW-68B383B695C17304C1BB,POWER,not_selected_for_target,,absence_from_expert_target_workbook,1886,21,2022,CREDIT-50DCB4C752BD,2239,,True,2
SRC-RAW-CC90A0A81AB98DF1F7DD,POWER,not_selected_for_target,,absence_from_expert_target_workbook,1887,21,2022,CREDIT-8D387E828E01,2221,,True,1
SRC-RAW-B5BB367FABCCBCB10A95,POWER,not_selected_for_target,,absence_from_expert_target_workbook,1888,21,2022,CREDIT-EE8230B382AD,1723,,True,0
SRC-RAW-A7F3BCC4C40EE64E8A63,POWER,not_selected_for_target,,absence_from_expert_target_workbook,1889,11,2022,CREDIT-65BB942139DD,4417,燃生物质锅炉,True,4
SRC-RAW-80D290DDA79AA8B3BD4F,POWER,not_selected_for_target,,absence_from_expert_target_workbook,1890,12,2022,CREDIT-65BB942139DD,4417,燃生物质锅炉,True,4
SRC-RAW-54F9E46535B7EE312CBD,POWER,not_selected_for_target,,absence_from_expert_target_workbook,1891,13,2022,CREDIT-65BB942139DD,4417,燃生物质锅炉,True,4
SRC-RAW-0AF6331A11D3D11BD4D1,POWER,not_selected_for_target,,absence_from_expert_target_workbook,1892,14,2022,CREDIT-65BB942139DD,4417,燃生物质锅炉,True,4
SRC-RAW-75A7AB89B30441D1F77D,POWER,not_selected_for_target,,absence_from_expert_target_workbook,1893,21,2022,CREDIT-0E4DD041B289,3031,,True,1
SRC-RAW-80978BD8728EDF3B15C9,POWER,not_selected_for_target,,absence_from_expert_target_workbook,1894,21,2022,CREDIT-04F14831F0C7,1353,,True,1
SRC-RAW-21CAF03E52D608D455F5,POWER,not_selected_for_target,,absence_from_expert_target_workbook,1895,21,2022,CREDIT-521CCDE478A3,2921,,True,1
SRC-RAW-E1CA90AF5B1138F2A52A,POWER,not_selected_for_target,,absence_from_expert_target_workbook,1896,21,2022,CREDIT-D5C94B0AE863,2221,,True,3
SRC-RAW-8A1B5935CC6200241332,POWER,not_selected_for_target,,absence_from_expert_target_workbook,1897,21,2022,CREDIT-302364AD3400,2221,,True,1
SRC-RAW-4E3E66156ADFB392EDED,POWER,not_selected_for_target,,absence_from_expert_target_workbook,1898,21,2022,CREDIT-DED29E2B39F3,3082,,True,3
SRC-RAW-3042C63E9849155B0925,POWER,not_selected_for_target,,absence_from_expert_target_workbook,1899,21,2022,CREDIT-0BE3CDF1CD70,1421,,True,2
SRC-RAW-417404798599CD351E48,POWER,not_selected_for_target,,absence_from_expert_target_workbook,1900,21,2022,CREDIT-0862A127EE02,1723,,True,1
SRC-RAW-054C7FE08A4292E35025,POWER,not_selected_for_target,,absence_from_expert_target_workbook,1901,22,2022,CREDIT-0862A127EE02,1723,,True,1
SRC-RAW-0E15F50E5F976EAA1890,POWER,not_selected_for_target,,absence_from_expert_target_workbook,1902,21,2022,CREDIT-005DDA82E515,2924,,True,1
SRC-RAW-6F7F73C53959FB9C99F1,POWER,not_selected_for_target,,absence_from_expert_target_workbook,1903,21,2022,CREDIT-38A041D0F3C3,2221,,True,2
SRC-RAW-E5BFCD7A29CEC2B7A216,POWER,not_selected_for_target,,absence_from_expert_target_workbook,1904,21,2022,CREDIT-890DFC35DCF5,3031,,True,2
SRC-RAW-9C257CDB65577FEE6DF9,POWER,not_selected_for_target,,absence_from_expert_target_workbook,1905,21,2022,CREDIT-C2882E6E144C,2924,,True,1
SRC-RAW-8CBE27BA219BED5E4192,POWER,not_selected_for_target,,absence_from_expert_target_workbook,1906,21,2022,CREDIT-9D0506EC36FD,2924,,True,1
SRC-RAW-20656D5752C191B20514,POWER,not_selected_for_target,,absence_from_expert_target_workbook,1907,21,2022,CREDIT-B1209967259F,2924,,True,1
SRC-RAW-F37E8CD77F669C3C4E3E,POWER,not_selected_for_target,,absence_from_expert_target_workbook,1908,21,2022,CREDIT-20D9C88F7313,2221,,True,1
SRC-RAW-AFDB2F69DD021732280B,POWER,not_selected_for_target,,absence_from_expert_target_workbook,1909,21,2022,CREDIT-025F2946C092,1329,,True,1
SRC-RAW-0103FCBE38BE68BEE90E,POWER,not_selected_for_target,,absence_from_expert_target_workbook,1910,21,2022,CREDIT-BF210E029BF5,1723,,True,4
SRC-RAW-44A4C7A2B93159C1E3F9,POWER,not_selected_for_target,,absence_from_expert_target_workbook,1911,21,2022,CREDIT-AA6E43FE7C1D,1329,,True,1
SRC-RAW-46119431773A9235066F,POWER,not_selected_for_target,,absence_from_expert_target_workbook,1912,21,2022,CREDIT-EB2FD58736DC,1723,,True,3
SRC-RAW-D0E1D7D809221865179F,POWER,not_selected_for_target,,absence_from_expert_target_workbook,1913,21,2022,CREDIT-67AA8B8F98AA,2221,,True,3
SRC-RAW-AF7E65363880BC32D9A8,POWER,not_selected_for_target,,absence_from_expert_target_workbook,1914,22,2022,CREDIT-67AA8B8F98AA,2221,,True,3
SRC-RAW-4726CD81DB31A7076352,POWER,not_selected_for_target,,absence_from_expert_target_workbook,1915,23,2022,CREDIT-67AA8B8F98AA,2221,,True,3
SRC-RAW-36037EDD3D5B7E487309,POWER,not_selected_for_target,,absence_from_expert_target_workbook,1916,21,2022,CREDIT-2EF13494FB87,1499,,True,1
SRC-RAW-9EFC121F784DF5C6F78C,POWER,not_selected_for_target,,absence_from_expert_target_workbook,1917,21,2022,CREDIT-0219D9CED650,2231,,True,1
SRC-RAW-447FBEA00511E8F78A82,POWER,not_selected_for_target,,absence_from_expert_target_workbook,1918,21,2022,CREDIT-631655A2D3EB,2924,,True,2
SRC-RAW-7B95DBB82A526713329E,POWER,not_selected_for_target,,absence_from_expert_target_workbook,1919,21,2022,CREDIT-F8B55A29436B,2221,,True,3
SRC-RAW-E21EA0C1A54C29600821,POWER,not_selected_for_target,,absence_from_expert_target_workbook,1920,21,2022,CREDIT-01CAA881469B,2231,,True,3
SRC-RAW-B00C8C15B1F069D845C8,POWER,not_selected_for_target,,absence_from_expert_target_workbook,1921,21,2022,CREDIT-43435BAA4B15,1524,,True,2
SRC-RAW-DA902E601B9588014471,POWER,not_selected_for_target,,absence_from_expert_target_workbook,1922,21,2022,CREDIT-EFBB34F18F61,2681,,True,2
SRC-RAW-17DE417BB9CC05308ADD,POWER,not_selected_for_target,,absence_from_expert_target_workbook,1923,21,2022,CREDIT-B0BFFD46B980,2921,,True,2
SRC-RAW-BF6F87C8071FE94853C0,POWER,not_selected_for_target,,absence_from_expert_target_workbook,1924,22,2022,CREDIT-B0BFFD46B980,2921,,True,2
SRC-RAW-EF2F04C59556D05DF0E3,POWER,not_selected_for_target,,absence_from_expert_target_workbook,1925,21,2022,CREDIT-50D2910A02AE,2666,,True,5
SRC-RAW-66F7D9746CC19CCA9D7D,POWER,not_selected_for_target,,absence_from_expert_target_workbook,1926,22,2022,CREDIT-50D2910A02AE,2666,,True,5
SRC-RAW-F4697AD87C865DFD8FE2,POWER,not_selected_for_target,,absence_from_expert_target_workbook,1927,21,2022,CREDIT-E1AA2DDFC9F9,2921,,True,1
SRC-RAW-0FEB9BB3B020996E348F,POWER,not_selected_for_target,,absence_from_expert_target_workbook,1928,21,2022,CREDIT-1086C39E43B5,3985,,True,3
SRC-RAW-8AE819FE0A3BA0CF6687,POWER,not_selected_for_target,,absence_from_expert_target_workbook,1929,22,2022,CREDIT-1086C39E43B5,3985,,True,3
SRC-RAW-319B59F0E3FA468CF32C,POWER,not_selected_for_target,,absence_from_expert_target_workbook,1930,23,2022,CREDIT-1086C39E43B5,3985,,True,3
SRC-RAW-2C8AA63CF504F949B53A,POWER,not_selected_for_target,,absence_from_expert_target_workbook,1931,21,2022,CREDIT-6834402311E0,2651,,True,2
SRC-RAW-70556B654BABC6125696,POWER,not_selected_for_target,,absence_from_expert_target_workbook,1932,22,2022,CREDIT-6834402311E0,2651,,True,2
SRC-RAW-DD1833109C1FB54B41DD,POWER,not_selected_for_target,,absence_from_expert_target_workbook,1933,21,2022,CREDIT-D0ADF520F639,2921,,True,10
SRC-RAW-68B350FB8CD075934D07,POWER,not_selected_for_target,,absence_from_expert_target_workbook,1934,22,2022,CREDIT-D0ADF520F639,2921,,True,10
SRC-RAW-D49A1A8E12625C6BC476,POWER,not_selected_for_target,,absence_from_expert_target_workbook,1935,23,2022,CREDIT-D0ADF520F639,2921,,True,10
SRC-RAW-520B5FFE706CA046542F,POWER,not_selected_for_target,,absence_from_expert_target_workbook,1936,24,2022,CREDIT-D0ADF520F639,2921,,True,10
SRC-RAW-7C3D9E369E882FC7B76D,POWER,not_selected_for_target,,absence_from_expert_target_workbook,1937,25,2022,CREDIT-D0ADF520F639,2921,,True,10
SRC-RAW-18C912B8DF4874FA350C,POWER,not_selected_for_target,,absence_from_expert_target_workbook,1938,21,2022,CREDIT-C5DB8B8B1030,1391,,True,0
SRC-RAW-2AB77C495EAEC6CEEA04,POWER,not_selected_for_target,,absence_from_expert_target_workbook,1939,21,2022,CREDIT-4B29FBCB6A2C,2651,,True,3
SRC-RAW-8BEAB28F5C796FA24BA6,POWER,not_selected_for_target,,absence_from_expert_target_workbook,1940,21,2022,CREDIT-F2508D7E7E12,2924,,True,0
SRC-RAW-97BEBFDC57612EE39313,POWER,not_selected_for_target,,absence_from_expert_target_workbook,1941,21,2022,CREDIT-2DDDE765EF4C,1789,,True,2
SRC-RAW-1D5A2A9997909A9AC9A5,POWER,not_selected_for_target,,absence_from_expert_target_workbook,1942,21,2022,CREDIT-E73C8700B52C,2929,,True,3
SRC-RAW-5DF0424F483904392D71,POWER,not_selected_for_target,,absence_from_expert_target_workbook,1943,22,2022,CREDIT-E73C8700B52C,2929,,True,3
SRC-RAW-3C2E8656E161620DC796,POWER,not_selected_for_target,,absence_from_expert_target_workbook,1944,21,2022,CREDIT-31EFBEA696EA,1712,,True,0
SRC-RAW-AD1177448CC75711990A,POWER,not_selected_for_target,,absence_from_expert_target_workbook,1945,22,2022,CREDIT-31EFBEA696EA,1712,,True,0
SRC-RAW-11A8A217884638A837A0,POWER,not_selected_for_target,,absence_from_expert_target_workbook,1946,21,2022,CREDIT-7E185B39E822,2720,,True,5
SRC-RAW-11AF51C9F0494FF4A1D8,POWER,not_selected_for_target,,absence_from_expert_target_workbook,1947,21,2022,CREDIT-C81A97448849,2740,,True,12
SRC-RAW-D313461E8E8B6E766309,POWER,not_selected_for_target,,absence_from_expert_target_workbook,1948,21,2022,CREDIT-5B6D4A1245CC,1512,,True,0
SRC-RAW-2DF6886A159BAC18B237,POWER,not_selected_for_target,,absence_from_expert_target_workbook,1949,22,2022,CREDIT-5B6D4A1245CC,1512,,True,0
SRC-RAW-7717306F47D146D6A456,POWER,not_selected_for_target,,absence_from_expert_target_workbook,1950,21,2022,CREDIT-1C4B2BBFA35A,2682,,True,0
SRC-RAW-82822FB09E125ADA5ADC,POWER,not_selected_for_target,,absence_from_expert_target_workbook,1951,21,2022,CREDIT-4AEF41C93FE5,2740,,True,0
SRC-RAW-309773FD48DAA152C0C8,POWER,not_selected_for_target,,absence_from_expert_target_workbook,1952,21,2022,CREDIT-D4D9682380CD,2921,,True,13
SRC-RAW-0EBFC520E8B34E26EAA1,POWER,not_selected_for_target,,absence_from_expert_target_workbook,1953,22,2022,CREDIT-D4D9682380CD,2921,,True,13
SRC-RAW-D8B4E7533B4C1AB139ED,POWER,not_selected_for_target,,absence_from_expert_target_workbook,1954,23,2022,CREDIT-D4D9682380CD,2921,,True,13
SRC-RAW-24C9A2E45462287E2F5A,POWER,not_selected_for_target,,absence_from_expert_target_workbook,1955,24,2022,CREDIT-D4D9682380CD,2921,,True,13
SRC-RAW-93E26C86A35DA42E4D35,POWER,not_selected_for_target,,absence_from_expert_target_workbook,1956,21,2022,CREDIT-607004F57862,2924,,True,0
SRC-RAW-CE0402A57FABE4C0D8B8,POWER,not_selected_for_target,,absence_from_expert_target_workbook,1957,21,2022,CREDIT-9228FA4E0BE9,2921,,True,2
SRC-RAW-6E6184405EBF84B96DC5,POWER,include,147,canonical_expert_scope_order,1958,11,2022,CREDIT-D7038F4FBC2F,4411,燃气轮机,True,0
SRC-RAW-C71F12B07C038096CD8C,POWER,include,148,canonical_expert_scope_order,1959,12,2022,CREDIT-D7038F4FBC2F,4411,燃气轮机,True,0
SRC-RAW-B8867D9293F373A9B954,POWER,not_selected_for_target,,absence_from_expert_target_workbook,1960,21,2022,CREDIT-9A7222DA404D,2682,,True,0
SRC-RAW-7D24F7CB8BBDC64A8825,POWER,not_selected_for_target,,absence_from_expert_target_workbook,1961,21,2022,CREDIT-313C585181F6,3670,,True,1
SRC-RAW-EB3D696CE501F40936E4,POWER,not_selected_for_target,,absence_from_expert_target_workbook,1962,21,2022,CREDIT-B01247445CAB,2921,,True,6
SRC-RAW-9C95858A337452004B6E,POWER,not_selected_for_target,,absence_from_expert_target_workbook,1963,21,2022,CREDIT-746DBD007800,2319,,True,1
SRC-RAW-7BA7BFFD42E4B1B35FB0,POWER,not_selected_for_target,,absence_from_expert_target_workbook,1964,21,2022,CREDIT-8C3990B6F969,1819,,True,0
SRC-RAW-0083FDEDDF8901A2323F,POWER,not_selected_for_target,,absence_from_expert_target_workbook,1965,21,2022,CREDIT-FB994C75756E,3842,,True,2
SRC-RAW-53EEC2C31F383EAC9AD9,POWER,not_selected_for_target,,absence_from_expert_target_workbook,1966,22,2022,CREDIT-FB994C75756E,3842,,True,2
SRC-RAW-16FB723FD263DC980347,POWER,not_selected_for_target,,absence_from_expert_target_workbook,1967,21,2022,CREDIT-026CBF019F69,1493,,True,0
SRC-RAW-544C86DDCEA1571D4C8C,POWER,not_selected_for_target,,absence_from_expert_target_workbook,1968,21,2022,CREDIT-774A2E436A28,3872,,True,2
SRC-RAW-F990E5937D7000FD09FD,POWER,not_selected_for_target,,absence_from_expert_target_workbook,1969,21,2022,CREDIT-DEE3EA48B62C,1772,,True,0
SRC-RAW-195D130DBEBB4854BB54,POWER,not_selected_for_target,,absence_from_expert_target_workbook,1970,21,2022,CREDIT-B3C05BD44AED,1772,,True,0
SRC-RAW-5BB8E08FBD28FF734E7C,POWER,not_selected_for_target,,absence_from_expert_target_workbook,1971,21,2022,CREDIT-EF0FA7FB41CE,2710,,True,1
SRC-RAW-DE99EE6E8629D537AB90,POWER,not_selected_for_target,,absence_from_expert_target_workbook,1972,21,2022,CREDIT-72DA91D2FF0D,3031,,True,0
SRC-RAW-B6FE943A3E3A55101D4D,POWER,not_selected_for_target,,absence_from_expert_target_workbook,1973,22,2022,CREDIT-72DA91D2FF0D,3031,,True,0
SRC-RAW-2ECC4E279157BF6179F5,POWER,not_selected_for_target,,absence_from_expert_target_workbook,1974,21,2022,CREDIT-BC52856A37F3,1329,,True,0
SRC-RAW-B0EAD110761B621C1A3B,POWER,not_selected_for_target,,absence_from_expert_target_workbook,1975,21,2022,CREDIT-A49B5B3218F0,2919,,True,2
SRC-RAW-581719F472EDFEFB41BE,POWER,not_selected_for_target,,absence_from_expert_target_workbook,1976,21,2022,CREDIT-78C45DD9611C,2740,,True,0
SRC-RAW-E5A0BA9D54B3FC2ABB64,POWER,not_selected_for_target,,absence_from_expert_target_workbook,1977,21,2022,CREDIT-6E01A35248CA,1329,,True,2
SRC-RAW-5AAE73FBBA1452A36C0C,POWER,not_selected_for_target,,absence_from_expert_target_workbook,1978,21,2022,CREDIT-C47027726A2F,1910,,True,1
SRC-RAW-88BBC2BA69D16627C736,POWER,not_selected_for_target,,absence_from_expert_target_workbook,1979,21,2022,CREDIT-5DD4BD3E48D4,1959,,True,1
SRC-RAW-E93E1418F4B3798F26BF,POWER,not_selected_for_target,,absence_from_expert_target_workbook,1980,21,2022,CREDIT-E379740639A8,2740,,True,0
SRC-RAW-B8FF3A860CA4EBB80E7E,POWER,not_selected_for_target,,absence_from_expert_target_workbook,1981,22,2022,CREDIT-E379740639A8,2740,,True,0
SRC-RAW-20AC16045B0B73D89D96,POWER,not_selected_for_target,,absence_from_expert_target_workbook,1982,21,2022,CREDIT-D7330FEA2363,2710,,True,1
SRC-RAW-4E2CAE53F69DA0ECA899,POWER,not_selected_for_target,,absence_from_expert_target_workbook,1983,21,2022,CREDIT-32E95051F0C3,2231,,True,1
SRC-RAW-66F4FFCFF7001FC5314F,POWER,not_selected_for_target,,absence_from_expert_target_workbook,1984,21,2022,CREDIT-495AB2AAE844,2720,,True,1
SRC-RAW-6581C019DCB45A4ECAF2,POWER,not_selected_for_target,,absence_from_expert_target_workbook,1985,21,2022,CREDIT-D89C7557E2FE,3360,,True,2
SRC-RAW-063C04A17680B4EDE815,POWER,not_selected_for_target,,absence_from_expert_target_workbook,1986,22,2022,CREDIT-D89C7557E2FE,3360,,True,2
SRC-RAW-5632A1AAC933B0CDB13E,POWER,not_selected_for_target,,absence_from_expert_target_workbook,1987,21,2022,CREDIT-5E087B9801B9,2319,,True,1
SRC-RAW-6F3207985665A8CD0F4C,POWER,not_selected_for_target,,absence_from_expert_target_workbook,1988,21,2022,CREDIT-F8ECF9E8122D,1524,,True,0
SRC-RAW-68A1F4D32320B116A4C2,POWER,not_selected_for_target,,absence_from_expert_target_workbook,1989,22,2022,CREDIT-F8ECF9E8122D,1524,,True,0
SRC-RAW-2F8BE8F222A5DD9D411F,POWER,not_selected_for_target,,absence_from_expert_target_workbook,1990,23,2022,CREDIT-F8ECF9E8122D,1524,,True,0
SRC-RAW-788DFE46729D61751B9D,POWER,not_selected_for_target,,absence_from_expert_target_workbook,1991,21,2022,CREDIT-3DC2A3314DCC,2319,,True,1
SRC-RAW-F049616350DD925BD9C7,POWER,not_selected_for_target,,absence_from_expert_target_workbook,1992,21,2022,CREDIT-88A73758F916,3670,,True,3
SRC-RAW-C2C6396F8321DF6E6300,POWER,not_selected_for_target,,absence_from_expert_target_workbook,1993,21,2022,CREDIT-3E73A3473CEB,1392,,True,1
SRC-RAW-88C12BFAF8E3076FEEF8,POWER,not_selected_for_target,,absence_from_expert_target_workbook,1994,22,2022,CREDIT-3E73A3473CEB,1392,,True,1
SRC-RAW-B64D113227538F804A58,POWER,not_selected_for_target,,absence_from_expert_target_workbook,1995,21,2022,CREDIT-38F1DE6E1D1C,2924,,True,5
SRC-RAW-42BE2AF9D6C16992E5E7,POWER,not_selected_for_target,,absence_from_expert_target_workbook,1996,22,2022,CREDIT-38F1DE6E1D1C,2924,,True,5
SRC-RAW-278FAB9AEC8C7F17B8D7,POWER,not_selected_for_target,,absence_from_expert_target_workbook,1997,21,2022,CREDIT-C9579A29E5A0,3611,,True,2
SRC-RAW-4EC23C8DDB2BAA220A65,POWER,not_selected_for_target,,absence_from_expert_target_workbook,1998,22,2022,CREDIT-C9579A29E5A0,3611,,True,2
SRC-RAW-FC60AF3D873B7E40F4C1,POWER,not_selected_for_target,,absence_from_expert_target_workbook,1999,23,2022,CREDIT-C9579A29E5A0,3611,,True,2
SRC-RAW-C3D92A92C9C60B51F371,POWER,not_selected_for_target,,absence_from_expert_target_workbook,2000,24,2022,CREDIT-C9579A29E5A0,3611,,True,2
SRC-RAW-61536A2BFC3F198FE906,POWER,not_selected_for_target,,absence_from_expert_target_workbook,2001,25,2022,CREDIT-C9579A29E5A0,3611,,True,2
SRC-RAW-4653601E7CB06C861EAE,POWER,not_selected_for_target,,absence_from_expert_target_workbook,2002,26,2022,CREDIT-C9579A29E5A0,3611,,True,2
SRC-RAW-820C664FAE6740C2FA82,POWER,not_selected_for_target,,absence_from_expert_target_workbook,2003,27,2022,CREDIT-C9579A29E5A0,3611,,True,2
SRC-RAW-8832580C59806B6E94BA,POWER,not_selected_for_target,,absence_from_expert_target_workbook,2004,21,2022,CREDIT-00D63A43F1B8,3311,,True,2
SRC-RAW-E556ED740F156F404653,POWER,not_selected_for_target,,absence_from_expert_target_workbook,2005,21,2022,CREDIT-F1EE59D07920,3670,,True,4
SRC-RAW-2D406E5AB95E077719F3,POWER,not_selected_for_target,,absence_from_expert_target_workbook,2006,21,2022,CREDIT-2241900189B7,2319,,True,4
SRC-RAW-287A4BFC21D4A20A98F2,POWER,not_selected_for_target,,absence_from_expert_target_workbook,2007,21,2022,CREDIT-32E1B53BAB8A,2929,,True,2
SRC-RAW-3EAA65F4151F396ECE93,POWER,include,149,canonical_expert_scope_order,2008,11,2022,CREDIT-506807EDCFC9,4412,燃煤锅炉,True,3
SRC-RAW-DC1B331082AF86DC7047,POWER,include,150,canonical_expert_scope_order,2009,12,2022,CREDIT-506807EDCFC9,4412,燃煤锅炉,True,3
SRC-RAW-F22797E704F0F1F6E606,POWER,not_selected_for_target,,absence_from_expert_target_workbook,2010,21,2022,CREDIT-BD78DB86824D,1781,,True,1
SRC-RAW-97A0A2EBDFB2CA3CE846,POWER,not_selected_for_target,,absence_from_expert_target_workbook,2011,22,2022,CREDIT-BD78DB86824D,1781,,True,1
SRC-RAW-A39EE44DA4D0B77CDE6B,POWER,include,151,canonical_expert_scope_order,2012,11,2022,CREDIT-9BA609870422,4412,燃煤锅炉,True,3
SRC-RAW-08ED845850C20B09F0BA,POWER,include,152,canonical_expert_scope_order,2013,12,2022,CREDIT-9BA609870422,4412,燃煤锅炉,True,3
SRC-RAW-7B1B93A760DD2B1DB0F8,POWER,include,153,canonical_expert_scope_order,2014,13,2022,CREDIT-9BA609870422,4412,燃煤锅炉,True,3
SRC-RAW-2FB8FC20271C9C66798A,POWER,include,154,canonical_expert_scope_order,2015,14,2022,CREDIT-9BA609870422,4412,燃煤锅炉,True,3
SRC-RAW-E1578965320B3BBB0C8E,POWER,not_selected_for_target,,absence_from_expert_target_workbook,2016,21,2022,CREDIT-DA0E9A8D7D80,1752,,True,0
SRC-RAW-B0F0A3259442754D763C,POWER,not_selected_for_target,,absence_from_expert_target_workbook,2017,21,2022,CREDIT-A01164F29BE4,1752,,True,0
SRC-RAW-75B992970CCA9E6FD062,POWER,not_selected_for_target,,absence_from_expert_target_workbook,2018,21,2022,CREDIT-BD0F7DB2011E,1711,,True,2
SRC-RAW-87D5652499B3066F3BA1,POWER,not_selected_for_target,,absence_from_expert_target_workbook,2019,21,2022,CREDIT-40C9935E37A6,1713,,True,4
SRC-RAW-BF5442DA7D0B2730475F,POWER,not_selected_for_target,,absence_from_expert_target_workbook,2020,21,2022,CREDIT-B2E223B88644,2023,,True,2
SRC-RAW-87D9C943F12C2188675F,POWER,not_selected_for_target,,absence_from_expert_target_workbook,2021,21,2022,CREDIT-57F91D61BC9A,1954,,True,2
SRC-RAW-2310980369F254A99FB0,POWER,not_selected_for_target,,absence_from_expert_target_workbook,2022,22,2022,CREDIT-57F91D61BC9A,1954,,True,2
SRC-RAW-40711A10090AFF32E475,POWER,not_selected_for_target,,absence_from_expert_target_workbook,2023,23,2022,CREDIT-57F91D61BC9A,1954,,True,2
SRC-RAW-7EA5AF21CD30CC3C5F27,POWER,not_selected_for_target,,absence_from_expert_target_workbook,2024,21,2022,CREDIT-9740F0D86B7E,3670,,True,12
SRC-RAW-DB9BB3B833B3BE492209,POWER,not_selected_for_target,,absence_from_expert_target_workbook,2025,22,2022,CREDIT-9740F0D86B7E,3670,,True,12
SRC-RAW-06636669E082A74870B0,POWER,not_selected_for_target,,absence_from_expert_target_workbook,2026,21,2022,CREDIT-F2258E4D7E0D,3130,,True,0
SRC-RAW-0475ED857AE38B031311,POWER,not_selected_for_target,,absence_from_expert_target_workbook,2027,21,2022,CREDIT-7FA1AF147F33,1512,,True,1
SRC-RAW-0DE26DDBEFD455855252,POWER,not_selected_for_target,,absence_from_expert_target_workbook,2028,21,2022,CREDIT-9663FD5A94FA,1712,,True,4
SRC-RAW-AE501DE2285CCD313B11,POWER,not_selected_for_target,,absence_from_expert_target_workbook,2029,21,2022,CREDIT-2C8250DC715B,2039,,True,5
SRC-RAW-D759588D6094EB57D2E7,POWER,not_selected_for_target,,absence_from_expert_target_workbook,2030,21,2022,CREDIT-3CC811693F9A,1329,,True,10
SRC-RAW-FC8ECE3CBD34151BFDA7,POWER,not_selected_for_target,,absence_from_expert_target_workbook,2031,21,2022,CREDIT-5C969BC9ECB3,2924,,True,0
SRC-RAW-059B586E0AA0DB3F016B,POWER,not_selected_for_target,,absence_from_expert_target_workbook,2032,21,2022,CREDIT-1D3CF580B19E,2319,,True,1
SRC-RAW-7A8E67342FE617BBE055,POWER,not_selected_for_target,,absence_from_expert_target_workbook,2033,21,2022,CREDIT-487E6FF5C78A,2924,,True,1
SRC-RAW-00FDA1BDA9611B9AF90F,POWER,not_selected_for_target,,absence_from_expert_target_workbook,2034,21,2022,CREDIT-BB251CC5C245,1713,,True,0
SRC-RAW-1393B98C897676E84B0E,POWER,not_selected_for_target,,absence_from_expert_target_workbook,2035,21,2022,CREDIT-3F39DE6219F4,1751,,True,0
SRC-RAW-4E91585504987D3FDED0,POWER,not_selected_for_target,,absence_from_expert_target_workbook,2036,21,2022,CREDIT-9833AD41B4B4,1713,,True,1
SRC-RAW-3228CE0DEA9DE2D923F2,POWER,not_selected_for_target,,absence_from_expert_target_workbook,2037,21,2022,CREDIT-800B65118B09,1781,,True,0
SRC-RAW-CA2647CD2DB1817ED50D,POWER,not_selected_for_target,,absence_from_expert_target_workbook,2038,21,2022,CREDIT-CDBA2F8C5E86,1495,,True,2
SRC-RAW-9EBC0947FD2DAE59BD04,POWER,not_selected_for_target,,absence_from_expert_target_workbook,2039,21,2022,CREDIT-3CB18352ABF2,1432,,True,0
SRC-RAW-F9B5411EF1AE4959892A,POWER,not_selected_for_target,,absence_from_expert_target_workbook,2040,21,2022,CREDIT-7855553B8F53,3360,,True,1
SRC-RAW-109A59DAD117E30BD750,POWER,not_selected_for_target,,absence_from_expert_target_workbook,2041,21,2022,CREDIT-B86364AE40E7,3670,,True,2
SRC-RAW-92442C59C2F1C80173E1,POWER,not_selected_for_target,,absence_from_expert_target_workbook,2042,22,2022,CREDIT-B86364AE40E7,3670,,True,2
SRC-RAW-81699B9FE8DEE89F152F,POWER,not_selected_for_target,,absence_from_expert_target_workbook,2043,23,2022,CREDIT-B86364AE40E7,3670,,True,2
SRC-RAW-75CF55C29BD450F5108C,POWER,not_selected_for_target,,absence_from_expert_target_workbook,2044,21,2022,CREDIT-666D16F72F16,1761,,True,2
SRC-RAW-89C3F59EC64AB498EB34,POWER,not_selected_for_target,,absence_from_expert_target_workbook,2045,21,2022,CREDIT-BB927AECD8FC,3021,,True,1
SRC-RAW-09E7C2C6CB9E5436CE4A,POWER,not_selected_for_target,,absence_from_expert_target_workbook,2046,21,2022,CREDIT-32534DD3CFA3,1713,,True,10
SRC-RAW-2121B2970D8C4DCDAFD0,POWER,not_selected_for_target,,absence_from_expert_target_workbook,2047,21,2022,CREDIT-107E20BC1FE8,2761,,True,0
SRC-RAW-A0AD1007A7450AA3FCB4,POWER,not_selected_for_target,,absence_from_expert_target_workbook,2048,21,2022,CREDIT-314E68A26F66,1910,,True,2
SRC-RAW-27B2789BD4E5E6793CAF,POWER,not_selected_for_target,,absence_from_expert_target_workbook,2049,21,2022,CREDIT-F65D97A3D48F,1462,,True,1
SRC-RAW-807ABE7807F655BBFEF6,POWER,not_selected_for_target,,absence_from_expert_target_workbook,2050,21,2022,CREDIT-086B3C269778,2929,,True,2
SRC-RAW-6C73AB04B29D076ABAE9,POWER,not_selected_for_target,,absence_from_expert_target_workbook,2051,21,2022,CREDIT-5CC186898DA6,2740,,True,0
SRC-RAW-B4688E13D81415CEC2BF,POWER,not_selected_for_target,,absence_from_expert_target_workbook,2052,21,2022,CREDIT-C59BBABF0636,1529,,True,0
SRC-RAW-8DC4A08C4641162E070D,POWER,not_selected_for_target,,absence_from_expert_target_workbook,2053,21,2022,CREDIT-B6F574E29430,1954,,True,16
SRC-RAW-9F8E5BEA254777AADB00,POWER,not_selected_for_target,,absence_from_expert_target_workbook,2054,21,2022,CREDIT-58F051EDD883,3024,,True,1
SRC-RAW-EB081768B718FAC65D9F,POWER,not_selected_for_target,,absence_from_expert_target_workbook,2055,21,2022,CREDIT-B66EFB25B079,2922,,True,2
SRC-RAW-D416F9DD021BA74195D5,POWER,not_selected_for_target,,absence_from_expert_target_workbook,2056,21,2022,CREDIT-32DEFCA900CE,3130,,True,3
SRC-RAW-D6236FBE2093393A3D62,POWER,not_selected_for_target,,absence_from_expert_target_workbook,2057,21,2022,CREDIT-59B8D530C745,2319,,True,1
SRC-RAW-0B096BA45C0E7AD31296,POWER,not_selected_for_target,,absence_from_expert_target_workbook,2058,21,2022,CREDIT-89F4B9F8B83D,3311,,True,1
SRC-RAW-4057ABAC7CCC2BD75B80,POWER,not_selected_for_target,,absence_from_expert_target_workbook,2059,22,2022,CREDIT-89F4B9F8B83D,3311,,True,1
SRC-RAW-C0C5DF8D3CF3A4429E60,POWER,not_selected_for_target,,absence_from_expert_target_workbook,2060,21,2022,CREDIT-7531FD00808A,3360,,True,2
SRC-RAW-79FF5DE9ADA62469275A,POWER,not_selected_for_target,,absence_from_expert_target_workbook,2061,21,2022,CREDIT-8BE42A7A8778,3670,,True,1
SRC-RAW-E439E31370E82A8C4479,POWER,not_selected_for_target,,absence_from_expert_target_workbook,2062,22,2022,CREDIT-8BE42A7A8778,3670,,True,1
SRC-RAW-93D7A0D2D638E8A0DA0F,POWER,not_selected_for_target,,absence_from_expert_target_workbook,2063,21,2022,CREDIT-D19B628999CB,1513,,True,3
SRC-RAW-F2A0BACE68909A6C4386,POWER,not_selected_for_target,,absence_from_expert_target_workbook,2064,22,2022,CREDIT-D19B628999CB,1513,,True,3
SRC-RAW-E9900D4E0103119906CB,POWER,not_selected_for_target,,absence_from_expert_target_workbook,2065,21,2022,CREDIT-CD9B2C21EDAF,3670,,True,9
SRC-RAW-FF84CF25763416EA56B5,POWER,not_selected_for_target,,absence_from_expert_target_workbook,2066,22,2022,CREDIT-CD9B2C21EDAF,3670,,True,9
SRC-RAW-CFDAB0D71617B1A188E5,POWER,not_selected_for_target,,absence_from_expert_target_workbook,2067,23,2022,CREDIT-CD9B2C21EDAF,3670,,True,9
SRC-RAW-CB44D54725E62AC2CEC2,POWER,not_selected_for_target,,absence_from_expert_target_workbook,2068,24,2022,CREDIT-CD9B2C21EDAF,3670,,True,9
SRC-RAW-1211DC9C5AA9AAE753A7,POWER,not_selected_for_target,,absence_from_expert_target_workbook,2069,21,2022,CREDIT-49314DB7A9C7,3951,,True,17
SRC-RAW-81ED4FF5477D24345FFF,POWER,not_selected_for_target,,absence_from_expert_target_workbook,2070,22,2022,CREDIT-49314DB7A9C7,3951,,True,17
SRC-RAW-8A78D8B88DDA31B80F99,POWER,not_selected_for_target,,absence_from_expert_target_workbook,2071,23,2022,CREDIT-49314DB7A9C7,3951,,True,17
SRC-RAW-A722D48F31CF43FDC2CE,POWER,not_selected_for_target,,absence_from_expert_target_workbook,2072,21,2022,CREDIT-093EABD2454B,4119,,True,1
SRC-RAW-7E7B851AC30E7AB98547,POWER,not_selected_for_target,,absence_from_expert_target_workbook,2073,22,2022,CREDIT-093EABD2454B,4119,,True,1
SRC-RAW-625AF993B91D82B51A5E,POWER,not_selected_for_target,,absence_from_expert_target_workbook,2074,21,2022,CREDIT-7D4661C41790,3360,,True,2
SRC-RAW-DFE64FC67960CC264845,POWER,not_selected_for_target,,absence_from_expert_target_workbook,2075,22,2022,CREDIT-7D4661C41790,3360,,True,2
SRC-RAW-48141DA1A88388B3D78A,POWER,not_selected_for_target,,absence_from_expert_target_workbook,2076,21,2022,CREDIT-61790A463956,3670,,True,3
SRC-RAW-BDA758D6F11C8C59A09A,POWER,not_selected_for_target,,absence_from_expert_target_workbook,2077,22,2022,CREDIT-61790A463956,3670,,True,3
SRC-RAW-4310725AC7F73DE59E98,POWER,not_selected_for_target,,absence_from_expert_target_workbook,2078,21,2022,CREDIT-886A7067A387,2023,,True,1
SRC-RAW-A87EAC57C4B111DF6443,POWER,not_selected_for_target,,absence_from_expert_target_workbook,2079,21,2022,CREDIT-0A7811FB0FDC,1713,,True,3
SRC-RAW-49A01F9C949CD19C532E,POWER,not_selected_for_target,,absence_from_expert_target_workbook,2080,21,2022,CREDIT-582A10E4AAB3,2021,,True,2
SRC-RAW-76DE60841A2F2DAFD51B,POWER,not_selected_for_target,,absence_from_expert_target_workbook,2081,21,2022,CREDIT-23B970866179,1432,,True,0
SRC-RAW-B10579D675E80B951492,POWER,not_selected_for_target,,absence_from_expert_target_workbook,2082,11,2022,CREDIT-96EDAE0A4E8A,4417,燃生物质锅炉,True,3
SRC-RAW-D46BE041463188108360,POWER,not_selected_for_target,,absence_from_expert_target_workbook,2083,12,2022,CREDIT-96EDAE0A4E8A,4417,燃生物质锅炉,True,3
SRC-RAW-D609BC1E708BAA92F9E3,POWER,not_selected_for_target,,absence_from_expert_target_workbook,2084,13,2022,CREDIT-96EDAE0A4E8A,4417,燃生物质锅炉,True,3
SRC-RAW-FD5863E6625BED8C6381,POWER,not_selected_for_target,,absence_from_expert_target_workbook,2085,14,2022,CREDIT-96EDAE0A4E8A,4417,燃生物质锅炉,True,3
SRC-RAW-48DCBBDCA9816A53DD04,POWER,not_selected_for_target,,absence_from_expert_target_workbook,2086,15,2022,CREDIT-96EDAE0A4E8A,4417,燃生物质锅炉,True,3
SRC-RAW-C3F4996C11D1DF0BE32C,POWER,not_selected_for_target,,absence_from_expert_target_workbook,2087,16,2022,CREDIT-96EDAE0A4E8A,4417,燃生物质锅炉,True,3
SRC-RAW-F6593ABCF4EF96743105,POWER,not_selected_for_target,,absence_from_expert_target_workbook,2088,17,2022,CREDIT-96EDAE0A4E8A,4417,燃生物质锅炉,True,3
SRC-RAW-5CA1C1727615BA571D03,POWER,not_selected_for_target,,absence_from_expert_target_workbook,2089,18,2022,CREDIT-96EDAE0A4E8A,4417,燃生物质锅炉,True,3
SRC-RAW-50BE6E7B00838E30D5F6,POWER,not_selected_for_target,,absence_from_expert_target_workbook,2090,21,2022,CREDIT-E066D177674D,3976,,True,10
SRC-RAW-97C7B0C07AF276E7AB40,POWER,not_selected_for_target,,absence_from_expert_target_workbook,2091,22,2022,CREDIT-E066D177674D,3976,,True,10
SRC-RAW-C4AEFE686257B0C11D20,POWER,not_selected_for_target,,absence_from_expert_target_workbook,2092,23,2022,CREDIT-E066D177674D,3976,,True,10
SRC-RAW-7FE68A91E7149E83210C,POWER,not_selected_for_target,,absence_from_expert_target_workbook,2093,21,2022,CREDIT-9086BCD684DB,2924,,True,0
SRC-RAW-8C69788B77C8CE297ABB,POWER,not_selected_for_target,,absence_from_expert_target_workbook,2094,21,2022,CREDIT-BD67F08219FB,1712,,True,1
SRC-RAW-6EAB6262167FA0E8D39E,POWER,include,155,canonical_expert_scope_order,2095,11,2022,CREDIT-2AB1C45B4AF3,4412,燃煤锅炉,True,3
SRC-RAW-094CC43E62D48F0DFC4D,POWER,include,156,canonical_expert_scope_order,2096,12,2022,CREDIT-2AB1C45B4AF3,4412,燃煤锅炉,True,3
SRC-RAW-1A019E18811F4036A320,POWER,not_selected_for_target,,absence_from_expert_target_workbook,2097,21,2022,CREDIT-5AB8E53DD97F,2641,,True,5
SRC-RAW-5F34D5C2C00DEAC5BC2B,POWER,not_selected_for_target,,absence_from_expert_target_workbook,2098,21,2022,CREDIT-09C9D595FA97,3670,,True,4
SRC-RAW-7F7034C92147DCDC53B5,POWER,not_selected_for_target,,absence_from_expert_target_workbook,2099,22,2022,CREDIT-09C9D595FA97,3670,,True,4
SRC-RAW-FD6A8D84F8304DFC5DC5,POWER,not_selected_for_target,,absence_from_expert_target_workbook,2100,21,2022,CREDIT-C37FC35B4CB9,1391,,True,1
SRC-RAW-E9246307D4C6A852DA87,POWER,not_selected_for_target,,absence_from_expert_target_workbook,2101,21,2022,CREDIT-4DD3452DB5C6,2924,,True,0
SRC-RAW-82834F0C3BCA38A437C5,POWER,not_selected_for_target,,absence_from_expert_target_workbook,2102,21,2022,CREDIT-4A90223E882E,2319,,True,0
SRC-RAW-F664FE5B1B622357C7AA,POWER,not_selected_for_target,,absence_from_expert_target_workbook,2103,21,2022,CREDIT-5FFF6BFA9986,1713,,True,3
SRC-RAW-C52C876E12EF5401DC92,POWER,not_selected_for_target,,absence_from_expert_target_workbook,2104,21,2022,CREDIT-1ABE4427CB66,3252,,True,3
SRC-RAW-4DB417A58257DEF3970C,POWER,not_selected_for_target,,absence_from_expert_target_workbook,2105,21,2022,CREDIT-5058C0D4FEC7,1353,,True,7
SRC-RAW-CF7EF5C50016904CC96F,POWER,not_selected_for_target,,absence_from_expert_target_workbook,2106,21,2022,CREDIT-F7B923DD3A32,2019,,True,1
SRC-RAW-F605ED8DF0703548CBD7,POWER,not_selected_for_target,,absence_from_expert_target_workbook,2107,21,2022,CREDIT-1647502F2152,3670,,True,7
SRC-RAW-BE14C580775B69CD91BB,POWER,not_selected_for_target,,absence_from_expert_target_workbook,2108,22,2022,CREDIT-1647502F2152,3670,,True,7
SRC-RAW-528896DB58331B843A7B,POWER,not_selected_for_target,,absence_from_expert_target_workbook,2109,21,2022,CREDIT-ACE8CD360F75,3670,,True,5
SRC-RAW-B06747262EFB2BD59186,POWER,not_selected_for_target,,absence_from_expert_target_workbook,2110,22,2022,CREDIT-ACE8CD360F75,3670,,True,5
SRC-RAW-F7BC3BBE0ED2103CD49B,POWER,not_selected_for_target,,absence_from_expert_target_workbook,2111,21,2022,CREDIT-8FDC257EFD3A,1513,,True,0
SRC-RAW-8651F517A49DE0787A19,POWER,not_selected_for_target,,absence_from_expert_target_workbook,2112,22,2022,CREDIT-8FDC257EFD3A,1513,,True,0
SRC-RAW-F60CD6F1EAA2C74AA357,POWER,not_selected_for_target,,absence_from_expert_target_workbook,2113,23,2022,CREDIT-8FDC257EFD3A,1513,,True,0
SRC-RAW-4404A9F089E648F86A4F,POWER,not_selected_for_target,,absence_from_expert_target_workbook,2114,24,2022,CREDIT-8FDC257EFD3A,1513,,True,0
SRC-RAW-65CEDED62DFA60D29E04,POWER,not_selected_for_target,,absence_from_expert_target_workbook,2115,21,2022,CREDIT-FE9E04C4A7E1,1910,,True,0
SRC-RAW-DBB8F6B93FFAAEBD7D49,POWER,not_selected_for_target,,absence_from_expert_target_workbook,2116,21,2022,CREDIT-E997760421EA,1431,,True,1
SRC-RAW-E4E70CB42060F3E2F043,POWER,not_selected_for_target,,absence_from_expert_target_workbook,2117,21,2022,CREDIT-BFE92B329D2D,2924,,True,0
SRC-RAW-030226669AEF0C05A2EE,POWER,not_selected_for_target,,absence_from_expert_target_workbook,2118,21,2022,CREDIT-D60083750C61,1353,,True,0
SRC-RAW-C97F4AF50542B3071751,POWER,not_selected_for_target,,absence_from_expert_target_workbook,2119,21,2022,CREDIT-97F9E4FC189C,3360,,True,0
SRC-RAW-AF2381141D03F4C4F612,POWER,not_selected_for_target,,absence_from_expert_target_workbook,2120,22,2022,CREDIT-97F9E4FC189C,3360,,True,0
SRC-RAW-C1B051658C9442804D63,POWER,not_selected_for_target,,absence_from_expert_target_workbook,2121,21,2022,CREDIT-7FAC4A229862,1512,,True,0
SRC-RAW-3E06EF62E9B4B311DBA8,POWER,not_selected_for_target,,absence_from_expert_target_workbook,2122,21,2022,CREDIT-DC20965BC02F,1452,,True,1
SRC-RAW-C8574D4D45BB15E7CCAB,POWER,not_selected_for_target,,absence_from_expert_target_workbook,2123,21,2022,CREDIT-549CA3B8D530,1452,,True,0
SRC-RAW-969A6C0C2CA9F3CDEF06,POWER,not_selected_for_target,,absence_from_expert_target_workbook,2124,22,2022,CREDIT-549CA3B8D530,1452,,True,0
SRC-RAW-6046DA9A28C6E26BD858,POWER,not_selected_for_target,,absence_from_expert_target_workbook,2125,23,2022,CREDIT-549CA3B8D530,1452,,True,0
SRC-RAW-BD80CFD8C96DEC8A7932,POWER,not_selected_for_target,,absence_from_expert_target_workbook,2126,24,2022,CREDIT-549CA3B8D530,1452,,True,0
SRC-RAW-521FDBF5D70A26BEA90A,POWER,not_selected_for_target,,absence_from_expert_target_workbook,2127,21,2022,CREDIT-9C744A8BC585,2641,,True,2
SRC-RAW-8AE706EDB0555DD27675,POWER,not_selected_for_target,,absence_from_expert_target_workbook,2128,21,2022,CREDIT-B594E2566361,2319,,True,2
SRC-RAW-FD35B9A8B05C5EAE5814,POWER,not_selected_for_target,,absence_from_expert_target_workbook,2129,21,2022,CREDIT-7D5459ADCE64,2924,,True,1
SRC-RAW-F9615C00FE75079FF915,POWER,include,157,canonical_expert_scope_order,2130,11,2022,CREDIT-8B8B20CB3CED,1713,燃煤锅炉,True,0
SRC-RAW-855215FBCC155F38DA85,POWER,include,158,canonical_expert_scope_order,2131,12,2022,CREDIT-8B8B20CB3CED,1713,燃煤锅炉,True,0
SRC-RAW-3EDB0FC0FE02A5601117,POWER,include,159,canonical_expert_scope_order,2132,13,2022,CREDIT-8B8B20CB3CED,1713,燃煤锅炉,True,0
SRC-RAW-6EB538B0C207F12771FD,POWER,include,160,canonical_expert_scope_order,2133,14,2022,CREDIT-8B8B20CB3CED,1713,燃煤锅炉,True,0
SRC-RAW-CF48B4A805DD1F6C2DDB,POWER,include,161,canonical_expert_scope_order,2134,11,2022,CREDIT-A0838F686269,4411,燃气锅炉,True,0
SRC-RAW-15CBEFD7AD93B4A83536,POWER,include,162,canonical_expert_scope_order,2135,12,2022,CREDIT-A0838F686269,4411,燃气锅炉,True,0
SRC-RAW-F06C35084B483B2C61DA,POWER,include,163,canonical_expert_scope_order,2136,13,2022,CREDIT-A0838F686269,4411,燃气锅炉,True,0
SRC-RAW-83A7538C7141F31D4766,POWER,not_selected_for_target,,absence_from_expert_target_workbook,2137,11,2022,CREDIT-B039B6508441,4417,燃生物质锅炉,True,0
SRC-RAW-2576EC03601F6FE822D3,POWER,not_selected_for_target,,absence_from_expert_target_workbook,2138,12,2022,CREDIT-B039B6508441,4417,燃生物质锅炉,True,0
SRC-RAW-348081EAD3495DCF3D08,POWER,not_selected_for_target,,absence_from_expert_target_workbook,2139,13,2022,CREDIT-B039B6508441,4417,燃生物质锅炉,True,0
SRC-RAW-294D9215131B1E046C37,POWER,not_selected_for_target,,absence_from_expert_target_workbook,2140,14,2022,CREDIT-B039B6508441,4417,燃生物质锅炉,True,0
SRC-RAW-1B4A9D4F6BA05AC67566,POWER,not_selected_for_target,,absence_from_expert_target_workbook,2141,21,2022,CREDIT-B1F6FA6B1DE7,1513,,True,0
SRC-RAW-D643BD87555A95C87103,POWER,not_selected_for_target,,absence_from_expert_target_workbook,2142,22,2022,CREDIT-B1F6FA6B1DE7,1513,,True,0
SRC-RAW-8D800B5564DE321522D6,POWER,not_selected_for_target,,absence_from_expert_target_workbook,2143,21,2022,CREDIT-BFC129B7EC21,1713,,True,2
SRC-RAW-BAEE507643C8114175B4,POWER,not_selected_for_target,,absence_from_expert_target_workbook,2144,22,2022,CREDIT-BFC129B7EC21,1713,,True,2
SRC-RAW-F94C2C49EC7474D44071,POWER,not_selected_for_target,,absence_from_expert_target_workbook,2145,23,2022,CREDIT-BFC129B7EC21,1713,,True,2
SRC-RAW-6A93B73A2400F0858C6B,POWER,not_selected_for_target,,absence_from_expert_target_workbook,2146,24,2022,CREDIT-BFC129B7EC21,1713,,True,2
SRC-RAW-7245AC932FEC4F58FDD2,POWER,not_selected_for_target,,absence_from_expert_target_workbook,2147,21,2022,CREDIT-E1F2B3E883AD,2720,,True,0
SRC-RAW-37C526C1988D8A37C62F,POWER,not_selected_for_target,,absence_from_expert_target_workbook,2148,22,2022,CREDIT-E1F2B3E883AD,2720,,True,0
SRC-RAW-3DB750925C1A13910166,POWER,not_selected_for_target,,absence_from_expert_target_workbook,2149,23,2022,CREDIT-E1F2B3E883AD,2720,,True,0
SRC-RAW-AEFFC3FA98670420FAEA,POWER,not_selected_for_target,,absence_from_expert_target_workbook,2150,24,2022,CREDIT-E1F2B3E883AD,2720,,True,0
SRC-RAW-5BD2ECBCC548B4D7F7BB,POWER,not_selected_for_target,,absence_from_expert_target_workbook,2151,21,2022,CREDIT-C33ACCE6DC42,2641,,True,1
SRC-RAW-B88DF5A57C5AB8A62847,POWER,not_selected_for_target,,absence_from_expert_target_workbook,2152,22,2022,CREDIT-C33ACCE6DC42,2641,,True,1
SRC-RAW-58FD87ADDCEC3259BFD5,POWER,not_selected_for_target,,absence_from_expert_target_workbook,2153,21,2022,CREDIT-E851DB576FCA,1329,,True,0
SRC-RAW-D03FFB34A82D37915BB6,POWER,not_selected_for_target,,absence_from_expert_target_workbook,2154,22,2022,CREDIT-E851DB576FCA,1329,,True,0
SRC-RAW-398C19105B55857316C3,POWER,not_selected_for_target,,absence_from_expert_target_workbook,2155,21,2022,CREDIT-71AD8EA89428,2730,,True,0
SRC-RAW-EDB2A2F63A1A093D5343,POWER,not_selected_for_target,,absence_from_expert_target_workbook,2156,22,2022,CREDIT-71AD8EA89428,2730,,True,0
SRC-RAW-DB95076749555AA57FC1,POWER,not_selected_for_target,,absence_from_expert_target_workbook,2157,21,2022,CREDIT-968416147A57,1712,,True,0
SRC-RAW-7E7CE57C38DAE30EFEEB,POWER,not_selected_for_target,,absence_from_expert_target_workbook,2158,21,2022,CREDIT-156DE523C4FD,3022,,True,0
SRC-RAW-5281EBCBA9993D00E0CE,POWER,not_selected_for_target,,absence_from_expert_target_workbook,2159,21,2022,CREDIT-FF97F3A9506B,1362,,True,1
SRC-RAW-618708980F71707CC90C,POWER,not_selected_for_target,,absence_from_expert_target_workbook,2160,21,2022,CREDIT-DAEB2E3D6A17,2641,,True,1
SRC-RAW-2DB1186ABC3CB898D6A8,POWER,not_selected_for_target,,absence_from_expert_target_workbook,2161,22,2022,CREDIT-DAEB2E3D6A17,2641,,True,1
SRC-RAW-B6E7F3F1684AA333DEFE,POWER,not_selected_for_target,,absence_from_expert_target_workbook,2162,21,2022,CREDIT-6040E2E339AB,1419,,True,0
SRC-RAW-C35CAC40BA910D26F358,POWER,not_selected_for_target,,absence_from_expert_target_workbook,2163,21,2022,CREDIT-AEF6E8E2C464,1439,,True,0
SRC-RAW-7E8748F5C9D8A0C65585,POWER,not_selected_for_target,,absence_from_expert_target_workbook,2164,21,2022,CREDIT-972F51DF9BEF,2720,,True,1
SRC-RAW-3776FABC1E36D48ECF08,POWER,not_selected_for_target,,absence_from_expert_target_workbook,2165,21,2022,CREDIT-B7B56AA8A3CB,2662,,True,1
SRC-RAW-53B3DA1A129662560EA4,POWER,not_selected_for_target,,absence_from_expert_target_workbook,2166,22,2022,CREDIT-B7B56AA8A3CB,2662,,True,1
SRC-RAW-E153D83C86BAEC65141B,POWER,not_selected_for_target,,absence_from_expert_target_workbook,2167,21,2022,CREDIT-AE12DA84EED1,1353,,True,0
SRC-RAW-5FAB5AEF17D1FC0FA4AE,POWER,not_selected_for_target,,absence_from_expert_target_workbook,2168,22,2022,CREDIT-AE12DA84EED1,1353,,True,0
SRC-RAW-2277B99DCC52D8899CAB,POWER,not_selected_for_target,,absence_from_expert_target_workbook,2169,21,2022,CREDIT-96D47D3315E3,1499,,True,0
SRC-RAW-01BBA0AFFF196AB6FB5E,POWER,not_selected_for_target,,absence_from_expert_target_workbook,2170,21,2022,CREDIT-17E304D01AC2,2319,,True,0
SRC-RAW-5D144BF1D2E5A47AC29C,POWER,not_selected_for_target,,absence_from_expert_target_workbook,2171,21,2022,CREDIT-FE8A9483E62C,3360,,True,0
SRC-RAW-053C544A06037791A9BC,POWER,not_selected_for_target,,absence_from_expert_target_workbook,2172,22,2022,CREDIT-FE8A9483E62C,3360,,True,0
SRC-RAW-2CBB91099996BFFEE8B6,POWER,not_selected_for_target,,absence_from_expert_target_workbook,2173,21,2022,CREDIT-261599CF6804,2661,,True,3
SRC-RAW-0304B08117CC725BB4AA,POWER,not_selected_for_target,,absence_from_expert_target_workbook,2174,22,2022,CREDIT-261599CF6804,2661,,True,3
SRC-RAW-E3A6FB9BD8FE459463C3,POWER,not_selected_for_target,,absence_from_expert_target_workbook,2175,23,2022,CREDIT-261599CF6804,2661,,True,3
SRC-RAW-E4983AE8836E0FB3A00E,POWER,not_selected_for_target,,absence_from_expert_target_workbook,2176,21,2022,CREDIT-B8C112E5287E,2231,,True,0
SRC-RAW-65D5F62A9AAA059279B5,POWER,not_selected_for_target,,absence_from_expert_target_workbook,2177,22,2022,CREDIT-B8C112E5287E,2231,,True,0
SRC-RAW-29ABAB5E1641401D3F85,POWER,not_selected_for_target,,absence_from_expert_target_workbook,2178,21,2022,CREDIT-D06C8C24C08E,2921,,True,0
SRC-RAW-2E17A22F3E9B93BE4973,POWER,not_selected_for_target,,absence_from_expert_target_workbook,2179,21,2022,CREDIT-CA5B1766D66E,3831,,True,2
SRC-RAW-C4D8DA5F63477DB39477,POWER,not_selected_for_target,,absence_from_expert_target_workbook,2180,22,2022,CREDIT-CA5B1766D66E,3831,,True,2
SRC-RAW-993FC1CD7B61FE3F6408,POWER,not_selected_for_target,,absence_from_expert_target_workbook,2181,21,2022,CREDIT-080BC16E5C6D,2239,,True,1
SRC-RAW-F8B09805F4A826ECE107,POWER,not_selected_for_target,,absence_from_expert_target_workbook,2182,21,2022,CREDIT-60CA626F9E78,1762,,True,1
SRC-RAW-1CBA991E475CC33C7CC6,POWER,not_selected_for_target,,absence_from_expert_target_workbook,2183,21,2022,CREDIT-401DCBFBD621,1329,,True,1
SRC-RAW-3EDD5F1EAF715D7DF690,POWER,not_selected_for_target,,absence_from_expert_target_workbook,2184,22,2022,CREDIT-401DCBFBD621,1329,,True,1
SRC-RAW-30A7DEF65CC8908D7DFD,POWER,not_selected_for_target,,absence_from_expert_target_workbook,2185,21,2022,CREDIT-A621A1E555E8,1329,,True,1
SRC-RAW-3137B85953FBC24272B5,POWER,not_selected_for_target,,absence_from_expert_target_workbook,2186,22,2022,CREDIT-A621A1E555E8,1329,,True,1
SRC-RAW-4308FDB49AB511DD99D5,POWER,not_selected_for_target,,absence_from_expert_target_workbook,2187,21,2022,CREDIT-4B7EBA08F500,2651,,True,2
SRC-RAW-F2A5FF69D3A10E95FA11,POWER,not_selected_for_target,,absence_from_expert_target_workbook,2188,21,2022,CREDIT-1D63E58BEF0E,1819,,True,0
SRC-RAW-967B53AB001D32C1588E,POWER,not_selected_for_target,,absence_from_expert_target_workbook,2189,22,2022,CREDIT-1D63E58BEF0E,1819,,True,0
SRC-RAW-1A0666F33FD0A13F7635,POWER,not_selected_for_target,,absence_from_expert_target_workbook,2190,23,2022,CREDIT-1D63E58BEF0E,1819,,True,0
SRC-RAW-072D7031ED5969D15F47,POWER,not_selected_for_target,,absence_from_expert_target_workbook,2191,21,2022,CREDIT-8E63308DDE3B,2921,,True,3
SRC-RAW-2E53615E8AFFCB035389,POWER,not_selected_for_target,,absence_from_expert_target_workbook,2192,22,2022,CREDIT-8E63308DDE3B,2921,,True,3
SRC-RAW-B852CAA74326ABE0942D,POWER,not_selected_for_target,,absence_from_expert_target_workbook,2193,21,2022,CREDIT-CA0DC776351F,1751,,True,0
SRC-RAW-4ECDC384C0637F37E233,POWER,not_selected_for_target,,absence_from_expert_target_workbook,2194,21,2022,CREDIT-88FDDA870A3B,1762,,True,1
SRC-RAW-618D8C6664DC3A3F8403,POWER,not_selected_for_target,,absence_from_expert_target_workbook,2195,22,2022,CREDIT-88FDDA870A3B,1762,,True,1
SRC-RAW-15410067B11CB4D89BA8,POWER,not_selected_for_target,,absence_from_expert_target_workbook,2196,21,2022,CREDIT-DA35770DD37A,1451,,True,0
SRC-RAW-CBEBA77EA895447206E4,POWER,not_selected_for_target,,absence_from_expert_target_workbook,2197,21,2022,CREDIT-C07717DF21E6,1732,,True,0
SRC-RAW-7B5DCF4CE1858F2E6819,POWER,not_selected_for_target,,absence_from_expert_target_workbook,2198,21,2022,CREDIT-D633E64D46B3,2929,,True,1
SRC-RAW-903C269F8EB5DB1559EC,POWER,not_selected_for_target,,absence_from_expert_target_workbook,2199,21,2022,CREDIT-4B0895EFBE27,1819,,True,0
SRC-RAW-6D2DD2D519500792EDE6,POWER,not_selected_for_target,,absence_from_expert_target_workbook,2200,22,2022,CREDIT-4B0895EFBE27,1819,,True,0
SRC-RAW-F10588DB8690F029758B,POWER,not_selected_for_target,,absence_from_expert_target_workbook,2201,21,2022,CREDIT-0D0C0A0DA46C,2319,,True,1
SRC-RAW-139C8F4E7E7BCF1E39F8,POWER,include,164,canonical_expert_scope_order,2202,11,2022,CREDIT-B394C2D057D2,4430,燃煤锅炉,True,6
SRC-RAW-1AF62196C8AA9525EBDE,POWER,include,165,canonical_expert_scope_order,2203,12,2022,CREDIT-B394C2D057D2,4430,燃煤锅炉,True,6
SRC-RAW-AD963A2E98F587C4C005,POWER,include,166,canonical_expert_scope_order,2204,13,2022,CREDIT-B394C2D057D2,4430,燃煤锅炉,True,6
SRC-RAW-A3D7BBC967379E671B7C,POWER,include,167,canonical_expert_scope_order,2205,14,2022,CREDIT-B394C2D057D2,4430,燃煤锅炉,True,6
SRC-RAW-EA220025CD9E167C6BAC,POWER,not_selected_for_target,,absence_from_expert_target_workbook,2206,21,2022,CREDIT-1E981A427013,2662,,True,0
SRC-RAW-62A58A0E67972B5B84E3,POWER,not_selected_for_target,,absence_from_expert_target_workbook,2207,22,2022,CREDIT-1E981A427013,2662,,True,0
SRC-RAW-9DE45D206E927213F6F0,POWER,not_selected_for_target,,absence_from_expert_target_workbook,2208,21,2022,CREDIT-528AA4D5E73F,1713,,True,0
SRC-RAW-5DE8C0C6F54C098F0500,POWER,not_selected_for_target,,absence_from_expert_target_workbook,2209,21,2022,CREDIT-71901610403B,4430,,True,0
SRC-RAW-618945B92A931DA2F4B7,POWER,not_selected_for_target,,absence_from_expert_target_workbook,2210,22,2022,CREDIT-71901610403B,4430,,True,0
SRC-RAW-AAA1BCD4D1FB1664E7CB,POWER,not_selected_for_target,,absence_from_expert_target_workbook,2211,23,2022,CREDIT-71901610403B,4430,,True,0
SRC-RAW-BE59A22AE4F84FAF41E7,POWER,not_selected_for_target,,absence_from_expert_target_workbook,2212,21,2022,CREDIT-E2AACB78B1CA,1452,,True,0
SRC-RAW-13544BB87A2F5434234E,POWER,include,168,canonical_expert_scope_order,2213,11,2022,CREDIT-69043CF5C812,1713,燃煤锅炉,True,0
SRC-RAW-D33F726B8FB41A3785BD,POWER,include,169,canonical_expert_scope_order,2214,12,2022,CREDIT-69043CF5C812,1713,燃煤锅炉,True,0
SRC-RAW-1974A68B59946958F10C,POWER,not_selected_for_target,,absence_from_expert_target_workbook,2215,21,2022,CREDIT-55F269258094,3670,,True,11
SRC-RAW-682DD3BD0922D1461329,POWER,not_selected_for_target,,absence_from_expert_target_workbook,2216,22,2022,CREDIT-55F269258094,3670,,True,11
SRC-RAW-F3FAE8BC7D9A344485E8,POWER,not_selected_for_target,,absence_from_expert_target_workbook,2217,21,2022,CREDIT-B77B9DFFF943,2651,,True,0
SRC-RAW-369EEDE6FFE8DA8BAB9C,POWER,not_selected_for_target,,absence_from_expert_target_workbook,2218,21,2022,CREDIT-EF2CD44BD6ED,2924,,True,1
SRC-RAW-98BE014A6E322DF74523,POWER,not_selected_for_target,,absence_from_expert_target_workbook,2219,22,2022,CREDIT-EF2CD44BD6ED,2924,,True,1
SRC-RAW-1AF0E3505ACDD019F44C,POWER,not_selected_for_target,,absence_from_expert_target_workbook,2220,21,2022,CREDIT-7A2EED273DEB,3399,,True,0
SRC-RAW-0BAEADD9472A6E820F3A,POWER,not_selected_for_target,,absence_from_expert_target_workbook,2221,22,2022,CREDIT-7A2EED273DEB,3399,,True,0
SRC-RAW-D0D4042EFAEEB9CEE08E,POWER,not_selected_for_target,,absence_from_expert_target_workbook,2222,21,2022,CREDIT-882BEA0B6E69,3360,,True,1
SRC-RAW-9ABBE529572F0EEB77BC,POWER,not_selected_for_target,,absence_from_expert_target_workbook,2223,21,2022,CREDIT-30A1B1C0C2C8,2641,,True,1
SRC-RAW-6B09B8B9D54AECCD8964,POWER,include,170,canonical_expert_scope_order,2224,11,2022,CREDIT-1B7B68F0E3C7,4411,燃煤锅炉,True,6
SRC-RAW-C4CB2C34A6EC14F82F9F,POWER,include,171,canonical_expert_scope_order,2225,12,2022,CREDIT-1B7B68F0E3C7,4411,燃煤锅炉,True,6
SRC-RAW-DFA7F16BC490271E3139,POWER,not_selected_for_target,,absence_from_expert_target_workbook,2226,21,2022,CREDIT-F2AF19E1892E,2829,,True,0
SRC-RAW-E84B93B44DB66B613CC3,POWER,not_selected_for_target,,absence_from_expert_target_workbook,2227,21,2022,CREDIT-E63326FFB999,2919,,True,0
SRC-RAW-631E4F58AF808D9A7D71,POWER,not_selected_for_target,,absence_from_expert_target_workbook,2228,21,2022,CREDIT-124B8D3F8DC2,2641,,True,1
SRC-RAW-484CDC9A113875DB2012,POWER,not_selected_for_target,,absence_from_expert_target_workbook,2229,21,2022,CREDIT-FA3D9BC8B4A2,2662,,True,0
SRC-RAW-5459144BC254B871AFE7,POWER,not_selected_for_target,,absence_from_expert_target_workbook,2230,22,2022,CREDIT-FA3D9BC8B4A2,2662,,True,0
SRC-RAW-25C91151153E4C6067DD,POWER,not_selected_for_target,,absence_from_expert_target_workbook,2231,21,2022,CREDIT-85DA50044C93,2511,,True,1
SRC-RAW-869DE1FDEC5516054633,POWER,not_selected_for_target,,absence_from_expert_target_workbook,2232,21,2022,CREDIT-44C54F6D3A19,2689,,True,0
SRC-RAW-37F5D72929ADEBBA9BDF,POWER,not_selected_for_target,,absence_from_expert_target_workbook,2233,21,2022,CREDIT-BA0B11848CEE,3515,,True,5
SRC-RAW-EC1C322B0B9A0E884C81,POWER,not_selected_for_target,,absence_from_expert_target_workbook,2234,21,2022,CREDIT-84A5F6926FD6,1819,,True,1
SRC-RAW-9DF4C396F4BDF5F55B91,POWER,not_selected_for_target,,absence_from_expert_target_workbook,2235,21,2022,CREDIT-18219243852A,3221,,True,0
SRC-RAW-E286E96F4250EC7ED898,POWER,not_selected_for_target,,absence_from_expert_target_workbook,2236,21,2022,CREDIT-6FF9AA9BC0DA,3221,,True,1
SRC-RAW-A10203D87E677A5AD55F,POWER,not_selected_for_target,,absence_from_expert_target_workbook,2237,21,2022,CREDIT-2EC80A2A948F,2643,,True,1
SRC-RAW-A08D5FF26E12A5581B56,POWER,not_selected_for_target,,absence_from_expert_target_workbook,2238,21,2022,CREDIT-BE03A9891A81,2110,,True,7
SRC-RAW-FEE62752397FDDA7868B,POWER,not_selected_for_target,,absence_from_expert_target_workbook,2239,21,2022,CREDIT-F506F3DD99E1,2925,,True,12
SRC-RAW-2FA76A161E0251FA67EB,POWER,not_selected_for_target,,absence_from_expert_target_workbook,2240,21,2022,CREDIT-809F6B64DF1C,2661,,True,4
SRC-RAW-AB24336A2E0E9B1E3B02,POWER,not_selected_for_target,,absence_from_expert_target_workbook,2241,21,2022,CREDIT-4E2D9FB8A5E3,1499,,True,0
SRC-RAW-0A7474871E60FF3937D9,POWER,not_selected_for_target,,absence_from_expert_target_workbook,2242,22,2022,CREDIT-4E2D9FB8A5E3,1499,,True,0
SRC-RAW-09D5C34F0C65E3505E14,POWER,not_selected_for_target,,absence_from_expert_target_workbook,2243,21,2022,CREDIT-0B3C46640E2C,2021,,True,1
SRC-RAW-7B9EEF67CCA67FB43914,POWER,include,172,canonical_expert_scope_order,2244,11,2022,CREDIT-3ACD6E462A8A,4411,燃气轮机,True,0
SRC-RAW-A5FDC89121714361A757,POWER,include,173,canonical_expert_scope_order,2245,12,2022,CREDIT-3ACD6E462A8A,4411,燃气轮机,True,0
SRC-RAW-6B42CE0F94DCCAC34041,POWER,not_selected_for_target,,absence_from_expert_target_workbook,2246,21,2022,CREDIT-E13CE876C477,2925,,True,12
SRC-RAW-1CAAA90AFE572FB26CC1,POWER,not_selected_for_target,,absence_from_expert_target_workbook,2247,21,2022,CREDIT-549073E95908,2924,,True,1
SRC-RAW-C6588136B75D868414EE,POWER,include,174,canonical_expert_scope_order,2248,11,2022,CREDIT-EB0D0399A7A7,4412,燃煤锅炉,True,3
SRC-RAW-48982EB2A6FC7EFCB18F,POWER,include,175,canonical_expert_scope_order,2249,12,2022,CREDIT-EB0D0399A7A7,4412,燃煤锅炉,True,3
SRC-RAW-BE7FBB12BAE0899B442C,POWER,include,176,canonical_expert_scope_order,2250,13,2022,CREDIT-EB0D0399A7A7,4412,燃煤锅炉,True,3
SRC-RAW-9BE29C89E8CA6499ABC3,POWER,include,177,canonical_expert_scope_order,2251,14,2022,CREDIT-EB0D0399A7A7,4412,燃煤锅炉,True,3
SRC-RAW-77D83EBD56BB8B02F0A7,POWER,include,178,canonical_expert_scope_order,2252,15,2022,CREDIT-EB0D0399A7A7,4412,燃煤锅炉,True,3
SRC-RAW-3D68C3391F8E405ACFFC,POWER,include,179,canonical_expert_scope_order,2253,16,2022,CREDIT-EB0D0399A7A7,4412,燃煤锅炉,True,3
SRC-RAW-F800B5F8A13295EAB36B,POWER,include,180,canonical_expert_scope_order,2254,17,2022,CREDIT-EB0D0399A7A7,4412,燃煤锅炉,True,3
SRC-RAW-0EA1C3FA4810EDBD34F9,POWER,include,181,canonical_expert_scope_order,2255,11,2022,CREDIT-0EBEC67898B2,4412,燃煤锅炉,True,6
SRC-RAW-A9FB6E4E293E435004D8,POWER,include,182,canonical_expert_scope_order,2256,12,2022,CREDIT-0EBEC67898B2,4412,燃煤锅炉,True,6
SRC-RAW-84DF395C6347A9EF5B2F,POWER,not_selected_for_target,,absence_from_expert_target_workbook,2257,21,2022,CREDIT-C61188491732,3029,,True,0
SRC-RAW-1256405FC961F918E8F9,POWER,not_selected_for_target,,absence_from_expert_target_workbook,2258,22,2022,CREDIT-C61188491732,3029,,True,0
SRC-RAW-6873BCFF957E0BDC7331,POWER,not_selected_for_target,,absence_from_expert_target_workbook,2259,21,2022,CREDIT-DEB04473BFDF,3252,,True,18
SRC-RAW-41935EB2B0FDC4B537ED,POWER,not_selected_for_target,,absence_from_expert_target_workbook,2260,21,2022,CREDIT-E01D794E814D,2231,,True,2
SRC-RAW-0378632939421C4A1895,POWER,not_selected_for_target,,absence_from_expert_target_workbook,2261,21,2022,CREDIT-645002C206D8,3031,,True,0
SRC-RAW-E6665964F002AE2E0AB6,POWER,not_selected_for_target,,absence_from_expert_target_workbook,2262,21,2022,CREDIT-91A3A647958F,3211,,True,2
SRC-RAW-CD5B3AED7565CE17E5EB,POWER,not_selected_for_target,,absence_from_expert_target_workbook,2263,22,2022,CREDIT-91A3A647958F,3211,,True,2
SRC-RAW-1462777B715ADA15034A,POWER,not_selected_for_target,,absence_from_expert_target_workbook,2264,21,2022,CREDIT-FD7B930795F3,2641,,True,1
SRC-RAW-B3684D9BC565F864C72C,POWER,not_selected_for_target,,absence_from_expert_target_workbook,2265,22,2022,CREDIT-FD7B930795F3,2641,,True,1
SRC-RAW-AA6A3C961738264CB2D6,POWER,not_selected_for_target,,absence_from_expert_target_workbook,2266,21,2022,CREDIT-2E3E2D608342,1492,,True,0
SRC-RAW-9676421EA30F66DBF265,POWER,not_selected_for_target,,absence_from_expert_target_workbook,2267,22,2022,CREDIT-2E3E2D608342,1492,,True,0
SRC-RAW-1FB77EEDCDAC11D16837,POWER,not_selected_for_target,,absence_from_expert_target_workbook,2268,21,2022,CREDIT-BFCB5BE24983,2925,,True,3
SRC-RAW-9F1ACCA3FDC334B247DA,POWER,not_selected_for_target,,absence_from_expert_target_workbook,2269,21,2022,CREDIT-F2B567A355F9,1513,,True,0
SRC-RAW-0F67E3A349A6F1C2815F,POWER,not_selected_for_target,,absence_from_expert_target_workbook,2270,22,2022,CREDIT-F2B567A355F9,1513,,True,0
SRC-RAW-054AF127E7769A7A7799,POWER,not_selected_for_target,,absence_from_expert_target_workbook,2271,23,2022,CREDIT-F2B567A355F9,1513,,True,0
SRC-RAW-29C00D7674140E820ACB,POWER,not_selected_for_target,,absence_from_expert_target_workbook,2272,24,2022,CREDIT-F2B567A355F9,1513,,True,0
SRC-RAW-B83933CB45889F0203DA,POWER,not_selected_for_target,,absence_from_expert_target_workbook,2273,21,2022,CREDIT-CE48714C0C57,1713,,True,0
SRC-RAW-D0D6E99722C1132EB96F,POWER,not_selected_for_target,,absence_from_expert_target_workbook,2274,21,2022,CREDIT-E5C63ACBC49D,2669,,True,0
SRC-RAW-16E32DA8FA2DD0CEE3D1,POWER,not_selected_for_target,,absence_from_expert_target_workbook,2275,21,2022,CREDIT-CFDC5004831B,2511,,True,2
SRC-RAW-C0B40247E475D6C85E43,POWER,not_selected_for_target,,absence_from_expert_target_workbook,2276,22,2022,CREDIT-CFDC5004831B,2511,,True,2
SRC-RAW-54A963C6840BB4BDDF26,POWER,not_selected_for_target,,absence_from_expert_target_workbook,2277,23,2022,CREDIT-CFDC5004831B,2511,,True,2
SRC-RAW-FE8E9C6971B774E1CD96,POWER,not_selected_for_target,,absence_from_expert_target_workbook,2278,24,2022,CREDIT-CFDC5004831B,2511,,True,2
SRC-RAW-19E698D2101F9CB3FB70,POWER,not_selected_for_target,,absence_from_expert_target_workbook,2279,25,2022,CREDIT-CFDC5004831B,2511,,True,2
SRC-RAW-17CECDFF86AB9EFE1752,POWER,not_selected_for_target,,absence_from_expert_target_workbook,2280,21,2022,CREDIT-B19B31BB1C83,2319,,True,2
SRC-RAW-9655792FB8DBE86A7F03,POWER,not_selected_for_target,,absence_from_expert_target_workbook,2281,21,2022,CREDIT-8CE48732204D,2921,,True,3
SRC-RAW-352BBB54510AFCD95E37,POWER,not_selected_for_target,,absence_from_expert_target_workbook,2282,22,2022,CREDIT-8CE48732204D,2921,,True,3
SRC-RAW-3030246688ADA75B7CE7,POWER,not_selected_for_target,,absence_from_expert_target_workbook,2283,21,2022,CREDIT-8D24DFAF8E17,2320,,True,1
SRC-RAW-D57BCA334716D6217C08,POWER,not_selected_for_target,,absence_from_expert_target_workbook,2284,21,2022,CREDIT-37B9D0C42EAF,1462,,True,0
SRC-RAW-27DDBE46F0CAD828F876,POWER,not_selected_for_target,,absence_from_expert_target_workbook,2285,21,2022,CREDIT-526E3BD82098,2619,,True,1
SRC-RAW-FBAACE4B685B72687EDA,POWER,not_selected_for_target,,absence_from_expert_target_workbook,2286,22,2022,CREDIT-526E3BD82098,2619,,True,1
SRC-RAW-9F22C06A1331100253D6,POWER,not_selected_for_target,,absence_from_expert_target_workbook,2287,21,2022,CREDIT-3A2A6285B974,2651,,True,1
SRC-RAW-7145BBD2F32A38EEDEDF,POWER,not_selected_for_target,,absence_from_expert_target_workbook,2288,21,2022,CREDIT-B9A4C118A5C7,2419,,True,1
SRC-RAW-FF2CA474B2EBF11D59B5,POWER,not_selected_for_target,,absence_from_expert_target_workbook,2289,21,2022,CREDIT-1516AB705D9A,2319,,True,1
SRC-RAW-12942D39D5FCFDA6A699,POWER,not_selected_for_target,,absence_from_expert_target_workbook,2290,21,2022,CREDIT-BEAAF3BC9A12,3130,,True,3
SRC-RAW-F051A262BE189FD9AC7B,POWER,not_selected_for_target,,absence_from_expert_target_workbook,2291,21,2022,CREDIT-E6F7D661A580,1329,,True,2
SRC-RAW-FB1A8F36FF4C6C3A3FD4,POWER,not_selected_for_target,,absence_from_expert_target_workbook,2292,22,2022,CREDIT-E6F7D661A580,1329,,True,2
SRC-RAW-6503C771D85954C82A5B,POWER,not_selected_for_target,,absence_from_expert_target_workbook,2293,21,2022,CREDIT-E3F0CDBAC3D0,1713,,True,3
SRC-RAW-EDFD19AE3DB2C5C2A978,POWER,include,183,canonical_expert_scope_order,2294,11,2022,CREDIT-C296AF7A80F1,4412,燃气锅炉,True,0
SRC-RAW-730DB3353BFFB25FE637,POWER,include,184,canonical_expert_scope_order,2295,12,2022,CREDIT-C296AF7A80F1,4412,燃气锅炉,True,0
SRC-RAW-C92C19B5ACBE28602C36,POWER,include,185,canonical_expert_scope_order,2296,13,2022,CREDIT-C296AF7A80F1,4412,燃气锅炉,True,0
SRC-RAW-EA6D990CA97F5A82E935,POWER,not_selected_for_target,,absence_from_expert_target_workbook,2297,21,2022,CREDIT-597A6B954BB4,2511,,True,1
SRC-RAW-1641D79B98B6C1B2D364,POWER,not_selected_for_target,,absence_from_expert_target_workbook,2298,22,2022,CREDIT-597A6B954BB4,2511,,True,1
SRC-RAW-FA0DA571A80ED5FA918C,POWER,not_selected_for_target,,absence_from_expert_target_workbook,2299,21,2022,CREDIT-9651C09A2491,2614,,True,1
SRC-RAW-782BDF357110611715DE,POWER,not_selected_for_target,,absence_from_expert_target_workbook,2300,21,2022,CREDIT-35EEDF5C91FA,0511,,True,4
SRC-RAW-60435D53121BFF24C540,POWER,not_selected_for_target,,absence_from_expert_target_workbook,2301,22,2022,CREDIT-35EEDF5C91FA,0511,,True,4
SRC-RAW-29FDFF84F730B7DC231C,POWER,not_selected_for_target,,absence_from_expert_target_workbook,2302,23,2022,CREDIT-35EEDF5C91FA,0511,,True,4
SRC-RAW-0C2C64ACC3D7213D267E,POWER,not_selected_for_target,,absence_from_expert_target_workbook,2303,21,2022,CREDIT-635F9BCE0CEC,3130,,True,1
SRC-RAW-B96967ECF89E227808B2,POWER,not_selected_for_target,,absence_from_expert_target_workbook,2304,21,2022,CREDIT-800A935E13EF,2029,,True,4
SRC-RAW-E0C077F6D14BF5A97FCF,POWER,not_selected_for_target,,absence_from_expert_target_workbook,2305,22,2022,CREDIT-800A935E13EF,2029,,True,4
SRC-RAW-0544650FA933A6D837BE,POWER,not_selected_for_target,,absence_from_expert_target_workbook,2306,21,2022,CREDIT-02BA7A86B141,3130,,True,1
SRC-RAW-7C2F8606E860C21FC7B1,POWER,not_selected_for_target,,absence_from_expert_target_workbook,2307,21,2022,CREDIT-A8B3915242AC,1713,,True,2
SRC-RAW-81CFC89967ABB6E0BC37,POWER,not_selected_for_target,,absence_from_expert_target_workbook,2308,21,2022,CREDIT-0C5BD3419345,2826,,True,0
SRC-RAW-D31A716599A8068DA2FB,POWER,not_selected_for_target,,absence_from_expert_target_workbook,2309,22,2022,CREDIT-0C5BD3419345,2826,,True,0
SRC-RAW-21052E01CEFCA417BF03,POWER,not_selected_for_target,,absence_from_expert_target_workbook,2310,23,2022,CREDIT-0C5BD3419345,2826,,True,0
SRC-RAW-E6602523B2B5815E9B67,POWER,not_selected_for_target,,absence_from_expert_target_workbook,2311,24,2022,CREDIT-0C5BD3419345,2826,,True,0
SRC-RAW-6F21B2A6FA1FB12744F8,POWER,not_selected_for_target,,absence_from_expert_target_workbook,2312,25,2022,CREDIT-0C5BD3419345,2826,,True,0
SRC-RAW-D69C92E1A77C3959827C,POWER,not_selected_for_target,,absence_from_expert_target_workbook,2313,21,2022,CREDIT-E07BB2EC703F,2921,,True,1
SRC-RAW-D58DC04274919E8CE7AE,POWER,not_selected_for_target,,absence_from_expert_target_workbook,2314,21,2022,CREDIT-F1852870AE9B,2651,,True,1
SRC-RAW-64E967A51CFE419D7F78,POWER,not_selected_for_target,,absence_from_expert_target_workbook,2315,21,2022,CREDIT-0D56066AFA0F,1329,,True,0
SRC-RAW-83ADC2080741558E58CC,POWER,not_selected_for_target,,absence_from_expert_target_workbook,2316,21,2022,CREDIT-03D24B782D9B,3022,,True,0
SRC-RAW-F68248AF9024A83DBBA1,POWER,not_selected_for_target,,absence_from_expert_target_workbook,2317,21,2022,CREDIT-C093BC561354,2619,,True,0
SRC-RAW-6147EA62C936E92F312B,POWER,not_selected_for_target,,absence_from_expert_target_workbook,2318,21,2022,CREDIT-2281F789F940,2669,,True,3
SRC-RAW-3F70B01508AF2D7FEF23,POWER,not_selected_for_target,,absence_from_expert_target_workbook,2319,21,2022,CREDIT-99CB65300CF3,2643,,True,1
SRC-RAW-E3642E97E8647BE85603,POWER,not_selected_for_target,,absence_from_expert_target_workbook,2320,21,2022,CREDIT-D13A5E3171BC,1329,,True,0
SRC-RAW-5FB9ACEE604BA94FB231,POWER,not_selected_for_target,,absence_from_expert_target_workbook,2321,21,2022,CREDIT-EAFD70E752DA,1521,,True,0
SRC-RAW-1302E4208C57C7E7F103,POWER,not_selected_for_target,,absence_from_expert_target_workbook,2322,21,2022,CREDIT-5D2D4F85A4DA,3130,,True,1
SRC-RAW-8C8BC49BE5C77900AD77,POWER,not_selected_for_target,,absence_from_expert_target_workbook,2323,22,2022,CREDIT-5D2D4F85A4DA,3130,,True,1
SRC-RAW-3C2ECB1E15D954FE879F,POWER,not_selected_for_target,,absence_from_expert_target_workbook,2324,23,2022,CREDIT-5D2D4F85A4DA,3130,,True,1
SRC-RAW-3C66CE171DD7B9908EA4,POWER,not_selected_for_target,,absence_from_expert_target_workbook,2325,21,2022,CREDIT-DCBF0BA636F1,2239,,True,1
SRC-RAW-87F94E17DCF4DAC63EE5,POWER,not_selected_for_target,,absence_from_expert_target_workbook,2326,21,2022,CREDIT-0F89AE049BE0,3252,,True,2
SRC-RAW-51DD9DE73267624E38E1,POWER,not_selected_for_target,,absence_from_expert_target_workbook,2327,22,2022,CREDIT-0F89AE049BE0,3252,,True,2
SRC-RAW-5DCD4B5ED20E2D801E1E,POWER,not_selected_for_target,,absence_from_expert_target_workbook,2328,21,2022,CREDIT-DE57F5703B90,2021,,True,2
SRC-RAW-9929DC0CB84094E15A64,POWER,not_selected_for_target,,absence_from_expert_target_workbook,2329,21,2022,CREDIT-705C87A7B33F,2915,,True,5
SRC-RAW-C20F825B362EA11679B9,POWER,not_selected_for_target,,absence_from_expert_target_workbook,2330,21,2022,CREDIT-EAA27D4ECC3C,2651,,True,1
SRC-RAW-B36BCDAE13D0B8630247,POWER,not_selected_for_target,,absence_from_expert_target_workbook,2331,21,2022,CREDIT-060E1E507A29,3599,,True,14
SRC-RAW-B52E69542AA024FB033C,POWER,not_selected_for_target,,absence_from_expert_target_workbook,2332,21,2022,CREDIT-45812BC6D8E4,2925,,True,3
SRC-RAW-0BC575DDA13801617A2D,POWER,not_selected_for_target,,absence_from_expert_target_workbook,2333,21,2022,CREDIT-966194CF6702,2641,,True,1
SRC-RAW-9C4568339F1690C353D5,POWER,not_selected_for_target,,absence_from_expert_target_workbook,2334,21,2022,CREDIT-85824BD0E28A,2925,,True,12
SRC-RAW-7FDFE72457E8D120C126,POWER,not_selected_for_target,,absence_from_expert_target_workbook,2335,21,2022,CREDIT-BCA4B6E75E9B,2239,,True,0
SRC-RAW-2FB518E3C01D1DC2EA0C,POWER,not_selected_for_target,,absence_from_expert_target_workbook,2336,21,2022,CREDIT-C8C44703989F,1513,,True,0
SRC-RAW-8A72C27B84A09E7C13EA,POWER,not_selected_for_target,,absence_from_expert_target_workbook,2337,210,2022,CREDIT-C8C44703989F,1513,,True,0
SRC-RAW-9F80154BB4C527931448,POWER,not_selected_for_target,,absence_from_expert_target_workbook,2338,211,2022,CREDIT-C8C44703989F,1513,,True,0
SRC-RAW-0FF18CB164AC28C64EFE,POWER,not_selected_for_target,,absence_from_expert_target_workbook,2339,212,2022,CREDIT-C8C44703989F,1513,,True,0
SRC-RAW-25528C9368E342E5086E,POWER,not_selected_for_target,,absence_from_expert_target_workbook,2340,213,2022,CREDIT-C8C44703989F,1513,,True,0
SRC-RAW-6B6FEA0A1986341930B1,POWER,not_selected_for_target,,absence_from_expert_target_workbook,2341,214,2022,CREDIT-C8C44703989F,1513,,True,0
SRC-RAW-67808F9F485AA3D2147D,POWER,not_selected_for_target,,absence_from_expert_target_workbook,2342,215,2022,CREDIT-C8C44703989F,1513,,True,0
SRC-RAW-EEA1427C392D3CA7484A,POWER,not_selected_for_target,,absence_from_expert_target_workbook,2343,216,2022,CREDIT-C8C44703989F,1513,,True,0
SRC-RAW-3577ADBCFDDB8E511C4C,POWER,not_selected_for_target,,absence_from_expert_target_workbook,2344,217,2022,CREDIT-C8C44703989F,1513,,True,0
SRC-RAW-F362ADDF6CA22F771839,POWER,not_selected_for_target,,absence_from_expert_target_workbook,2345,218,2022,CREDIT-C8C44703989F,1513,,True,0
SRC-RAW-5C3706A7037552347CBE,POWER,not_selected_for_target,,absence_from_expert_target_workbook,2346,22,2022,CREDIT-C8C44703989F,1513,,True,0
SRC-RAW-7231EF68145629CA4EC9,POWER,not_selected_for_target,,absence_from_expert_target_workbook,2347,23,2022,CREDIT-C8C44703989F,1513,,True,0
SRC-RAW-141B45DDD89C6AE00117,POWER,not_selected_for_target,,absence_from_expert_target_workbook,2348,24,2022,CREDIT-C8C44703989F,1513,,True,0
SRC-RAW-9ED92FE50CFD2D742BC0,POWER,not_selected_for_target,,absence_from_expert_target_workbook,2349,25,2022,CREDIT-C8C44703989F,1513,,True,0
SRC-RAW-4DF530DC0432DD58B3C4,POWER,not_selected_for_target,,absence_from_expert_target_workbook,2350,26,2022,CREDIT-C8C44703989F,1513,,True,0
SRC-RAW-A4E604DA1E3CB987F65E,POWER,not_selected_for_target,,absence_from_expert_target_workbook,2351,27,2022,CREDIT-C8C44703989F,1513,,True,0
SRC-RAW-8CA0A457AD9E6F045225,POWER,not_selected_for_target,,absence_from_expert_target_workbook,2352,28,2022,CREDIT-C8C44703989F,1513,,True,0
SRC-RAW-FD1C4AFC60CD39E97B5E,POWER,not_selected_for_target,,absence_from_expert_target_workbook,2353,29,2022,CREDIT-C8C44703989F,1513,,True,0
SRC-RAW-C80FCDC7FFE8B5B7C97B,POWER,not_selected_for_target,,absence_from_expert_target_workbook,2354,21,2022,CREDIT-78AA1EDBCA75,1713,,True,2
SRC-RAW-AD5FA80D962145F2F4F3,POWER,not_selected_for_target,,absence_from_expert_target_workbook,2355,21,2022,CREDIT-7B05F07B6C3F,2740,,True,3
SRC-RAW-8AEEFC80B8EB291555FC,POWER,not_selected_for_target,,absence_from_expert_target_workbook,2356,21,2022,CREDIT-F111C42C328D,2613,,True,1
SRC-RAW-E8D40F05C24C6DEB52E7,POWER,not_selected_for_target,,absence_from_expert_target_workbook,2357,22,2022,CREDIT-F111C42C328D,2613,,True,1
SRC-RAW-0660B1D453C6260AEE6C,POWER,not_selected_for_target,,absence_from_expert_target_workbook,2358,21,2022,CREDIT-93521E9CA9B5,3670,,True,5
SRC-RAW-D557BCEDFB21CC7BF2FB,POWER,not_selected_for_target,,absence_from_expert_target_workbook,2359,21,2022,CREDIT-1FACBE61BC17,3252,,True,1
SRC-RAW-1E422DE7EE4AE38AE912,POWER,not_selected_for_target,,absence_from_expert_target_workbook,2360,21,2022,CREDIT-DD743A6EC32F,1329,,True,2
SRC-RAW-28715943841D3E2AA3FF,POWER,include,186,canonical_expert_scope_order,2361,11,2022,CREDIT-C788CF2FAC16,1711,燃煤锅炉,True,3
SRC-RAW-54119B9BA5BEAAE4952E,POWER,include,187,canonical_expert_scope_order,2362,12,2022,CREDIT-C788CF2FAC16,1711,燃煤锅炉,True,3
SRC-RAW-B51CDF0046C21231F1AC,POWER,include,188,canonical_expert_scope_order,2363,13,2022,CREDIT-C788CF2FAC16,1711,燃煤锅炉,True,3
SRC-RAW-47C23E5B32A08DB77668,POWER,not_selected_for_target,,absence_from_expert_target_workbook,2364,21,2022,CREDIT-1D81D59CDC07,1713,,True,0
SRC-RAW-D092313A0B2C7233DEBE,POWER,not_selected_for_target,,absence_from_expert_target_workbook,2365,22,2022,CREDIT-1D81D59CDC07,1713,,True,0
SRC-RAW-F8D81B84809FD08E220A,POWER,not_selected_for_target,,absence_from_expert_target_workbook,2366,21,2022,CREDIT-76F7100312B6,1421,,True,0
SRC-RAW-4E87CF2BA9C9603F3099,POWER,not_selected_for_target,,absence_from_expert_target_workbook,2367,22,2022,CREDIT-76F7100312B6,1421,,True,0
SRC-RAW-E8A2FE3EFFE87A05CFB3,POWER,not_selected_for_target,,absence_from_expert_target_workbook,2368,23,2022,CREDIT-76F7100312B6,1421,,True,0
SRC-RAW-1EA6C8BBC7D7A0B0EC2D,POWER,not_selected_for_target,,absence_from_expert_target_workbook,2369,24,2022,CREDIT-76F7100312B6,1421,,True,0
SRC-RAW-FC734F94BF9456CDFAB3,POWER,not_selected_for_target,,absence_from_expert_target_workbook,2370,25,2022,CREDIT-76F7100312B6,1421,,True,0
SRC-RAW-E1F28B2DECD4B19FBED4,POWER,not_selected_for_target,,absence_from_expert_target_workbook,2371,21,2022,CREDIT-01B831548F93,2614,,True,2
SRC-RAW-0D60D2504351FF246CFD,POWER,not_selected_for_target,,absence_from_expert_target_workbook,2372,21,2022,CREDIT-4E70C90EA07B,1713,,True,0
SRC-RAW-72A45D15D5667DB51809,POWER,not_selected_for_target,,absence_from_expert_target_workbook,2373,22,2022,CREDIT-4E70C90EA07B,1713,,True,0
SRC-RAW-F945F4FA9CE11A30ECEE,POWER,not_selected_for_target,,absence_from_expert_target_workbook,2374,21,2022,CREDIT-AF8F64C34169,3130,,True,0
SRC-RAW-A4085382721A004C9438,POWER,not_selected_for_target,,absence_from_expert_target_workbook,2375,21,2022,CREDIT-4BDD0271D7B7,2641,,True,1
SRC-RAW-4852E81AFC00DEF0CA27,POWER,not_selected_for_target,,absence_from_expert_target_workbook,2376,21,2022,CREDIT-0517F1E5A50D,2613,,True,16
SRC-RAW-B60B0CDAD960CED06D32,POWER,not_selected_for_target,,absence_from_expert_target_workbook,2377,21,2022,CREDIT-7540FD5AF850,2641,,True,2
SRC-RAW-1524F48A95549E96C6B3,POWER,not_selected_for_target,,absence_from_expert_target_workbook,2378,21,2022,CREDIT-B2C161B3B8B6,1713,,True,0
SRC-RAW-DAA4EEF1B1163D967A1E,POWER,not_selected_for_target,,absence_from_expert_target_workbook,2379,21,2022,CREDIT-8341D46CB61B,2641,,True,1
SRC-RAW-4176DB422535B809A5F6,POWER,not_selected_for_target,,absence_from_expert_target_workbook,2380,21,2022,CREDIT-24B931F262E3,1713,,True,1
SRC-RAW-C29D9B0E977DC263F9D1,POWER,not_selected_for_target,,absence_from_expert_target_workbook,2381,21,2022,CREDIT-766F92D2DBA0,1373,,True,0
SRC-RAW-D6FF7B5F81BE078C66AF,POWER,not_selected_for_target,,absence_from_expert_target_workbook,2382,22,2022,CREDIT-766F92D2DBA0,1373,,True,0
SRC-RAW-FA12BF1950068657D60B,POWER,not_selected_for_target,,absence_from_expert_target_workbook,2383,23,2022,CREDIT-766F92D2DBA0,1373,,True,0
SRC-RAW-42B81E9EEFCC9A362397,POWER,not_selected_for_target,,absence_from_expert_target_workbook,2384,24,2022,CREDIT-766F92D2DBA0,1373,,True,0
SRC-RAW-42EF4E4771D3BA4D98E9,POWER,not_selected_for_target,,absence_from_expert_target_workbook,2385,21,2022,CREDIT-94ADDD0F4CB4,2929,,True,1
SRC-RAW-F4FF72FB41AA42EB1C6B,POWER,not_selected_for_target,,absence_from_expert_target_workbook,2386,21,2022,CREDIT-B7B120BBA83C,2661,,True,12
SRC-RAW-D30F79852FCBC562546D,POWER,not_selected_for_target,,absence_from_expert_target_workbook,2387,22,2022,CREDIT-B7B120BBA83C,2661,,True,12
SRC-RAW-853CF416B214F2358D34,POWER,not_selected_for_target,,absence_from_expert_target_workbook,2388,23,2022,CREDIT-B7B120BBA83C,2661,,True,12
SRC-RAW-5B2EB64EB366BB40F7C3,POWER,not_selected_for_target,,absence_from_expert_target_workbook,2389,24,2022,CREDIT-B7B120BBA83C,2661,,True,12
SRC-RAW-BDC14746E817D5C02C2C,POWER,not_selected_for_target,,absence_from_expert_target_workbook,2390,25,2022,CREDIT-B7B120BBA83C,2661,,True,12
SRC-RAW-6A9249CC59147CDD0113,POWER,not_selected_for_target,,absence_from_expert_target_workbook,2391,26,2022,CREDIT-B7B120BBA83C,2661,,True,12
SRC-RAW-27242ECF3AEBAF563852,POWER,not_selected_for_target,,absence_from_expert_target_workbook,2392,21,2022,CREDIT-A191A51AE1BB,2682,,True,1
SRC-RAW-016D4D175C6B8FA1130A,POWER,not_selected_for_target,,absence_from_expert_target_workbook,2393,21,2022,CREDIT-5BF5207D58E8,3843,,True,3
SRC-RAW-E8180D15327DC7920B20,POWER,not_selected_for_target,,absence_from_expert_target_workbook,2394,21,2022,CREDIT-A5057E9F77AB,1723,,True,1
SRC-RAW-E7A867782112F5431EAC,POWER,not_selected_for_target,,absence_from_expert_target_workbook,2395,22,2022,CREDIT-A5057E9F77AB,1723,,True,1
SRC-RAW-2B2115D2D7A79A0E5715,POWER,not_selected_for_target,,absence_from_expert_target_workbook,2396,21,2022,CREDIT-ECDEA310FD90,4220,,True,1
SRC-RAW-7B5B5A3CF195EFD1CC27,POWER,not_selected_for_target,,absence_from_expert_target_workbook,2397,22,2022,CREDIT-ECDEA310FD90,4220,,True,1
SRC-RAW-9BC674E2616B61F300CC,POWER,not_selected_for_target,,absence_from_expert_target_workbook,2398,23,2022,CREDIT-ECDEA310FD90,4220,,True,1
SRC-RAW-63B9DCDA4F1A96F4AF2F,POWER,not_selected_for_target,,absence_from_expert_target_workbook,2399,21,2022,CREDIT-BA2924422665,2511,,True,3
SRC-RAW-67443394F0E9EC659533,POWER,not_selected_for_target,,absence_from_expert_target_workbook,2400,22,2022,CREDIT-BA2924422665,2511,,True,3
SRC-RAW-64976288C85E964A89ED,POWER,not_selected_for_target,,absence_from_expert_target_workbook,2401,23,2022,CREDIT-BA2924422665,2511,,True,3
SRC-RAW-C0CF1ECCEC70EE294C3B,POWER,not_selected_for_target,,absence_from_expert_target_workbook,2402,24,2022,CREDIT-BA2924422665,2511,,True,3
SRC-RAW-F88539BB29A6373318B0,POWER,not_selected_for_target,,absence_from_expert_target_workbook,2403,25,2022,CREDIT-BA2924422665,2511,,True,3
SRC-RAW-5961431CEC36C9CE6A24,POWER,not_selected_for_target,,absence_from_expert_target_workbook,2404,21,2022,CREDIT-525CB62F5B4C,2924,,True,6
SRC-RAW-F0419BC480C2E79BAD62,POWER,not_selected_for_target,,absence_from_expert_target_workbook,2405,21,2022,CREDIT-AEE12F8D7F42,2651,,True,2
SRC-RAW-34CF2964794C33FA6887,POWER,not_selected_for_target,,absence_from_expert_target_workbook,2406,22,2022,CREDIT-AEE12F8D7F42,2651,,True,2
SRC-RAW-A43F4CFA103E8B96C75B,POWER,not_selected_for_target,,absence_from_expert_target_workbook,2407,23,2022,CREDIT-AEE12F8D7F42,2651,,True,2
SRC-RAW-7A96BEF9BD655142D92F,POWER,not_selected_for_target,,absence_from_expert_target_workbook,2408,21,2022,CREDIT-EEDF628A8596,3130,,True,0
SRC-RAW-7ED9F7B7DEB8E2C74993,POWER,not_selected_for_target,,absence_from_expert_target_workbook,2409,21,2022,CREDIT-0A620A8D0633,2921,,True,3
SRC-RAW-657EF7F943781B5019B2,POWER,not_selected_for_target,,absence_from_expert_target_workbook,2410,22,2022,CREDIT-0A620A8D0633,2921,,True,3
SRC-RAW-F017B9C9BF8DB2DCAEBB,POWER,not_selected_for_target,,absence_from_expert_target_workbook,2411,21,2022,CREDIT-158960A6E2FC,3252,,True,1
SRC-RAW-3DA7B6F4871ED29A992D,POWER,not_selected_for_target,,absence_from_expert_target_workbook,2412,21,2022,CREDIT-9B114A402902,1713,,True,1
SRC-RAW-D506686AFCF139FC1DDC,POWER,not_selected_for_target,,absence_from_expert_target_workbook,2413,21,2022,CREDIT-79FDE1914146,3130,,True,2
SRC-RAW-23ED6C249BF4CA33C761,POWER,not_selected_for_target,,absence_from_expert_target_workbook,2414,22,2022,CREDIT-79FDE1914146,3130,,True,2
SRC-RAW-7788FC3ACFBC690B450B,POWER,not_selected_for_target,,absence_from_expert_target_workbook,2415,23,2022,CREDIT-79FDE1914146,3130,,True,2
SRC-RAW-8DD3940CFC51D6D852CC,POWER,not_selected_for_target,,absence_from_expert_target_workbook,2416,21,2022,CREDIT-4228B764835C,2921,,True,7
SRC-RAW-3CCA598CC2D59E595061,POWER,not_selected_for_target,,absence_from_expert_target_workbook,2417,21,2022,CREDIT-1C4FE904498D,2221,,True,3
SRC-RAW-EF49BFC9CE07F40C05AF,POWER,not_selected_for_target,,absence_from_expert_target_workbook,2418,21,2022,CREDIT-6CDEF9DE8B51,1462,,True,3
SRC-RAW-8F019945DE40A78C7036,POWER,not_selected_for_target,,absence_from_expert_target_workbook,2419,22,2022,CREDIT-6CDEF9DE8B51,1462,,True,3
SRC-RAW-B5EF0D0C5ECC99B39CC1,POWER,not_selected_for_target,,absence_from_expert_target_workbook,2420,23,2022,CREDIT-6CDEF9DE8B51,1462,,True,3
SRC-RAW-E207547C13C1F02F3A28,POWER,not_selected_for_target,,absence_from_expert_target_workbook,2421,21,2022,CREDIT-755996D379EC,2239,,True,0
SRC-RAW-F9D0DB338522D1C64A78,POWER,not_selected_for_target,,absence_from_expert_target_workbook,2422,21,2022,CREDIT-CA4F8E71B564,1329,,True,1
SRC-RAW-B54EB4F29B570CA7B464,POWER,not_selected_for_target,,absence_from_expert_target_workbook,2423,21,2022,CREDIT-95E15BC71DF0,3383,,True,8
SRC-RAW-9B08D3A4F115FFDD27C3,POWER,not_selected_for_target,,absence_from_expert_target_workbook,2424,22,2022,CREDIT-95E15BC71DF0,3383,,True,8
SRC-RAW-75A6D029CD1DC25F8016,POWER,not_selected_for_target,,absence_from_expert_target_workbook,2425,21,2022,CREDIT-E7B355F81AC2,2231,,True,0
SRC-RAW-783B5033355A9FE1E473,POWER,not_selected_for_target,,absence_from_expert_target_workbook,2426,21,2022,CREDIT-C05A6AB80CB0,2651,,True,1
SRC-RAW-8BCC5FE3ED084801AAC7,POWER,not_selected_for_target,,absence_from_expert_target_workbook,2427,21,2022,CREDIT-E0234FBFB7AA,3130,,True,4
SRC-RAW-39CCCF96E6AF60557859,POWER,not_selected_for_target,,absence_from_expert_target_workbook,2428,22,2022,CREDIT-E0234FBFB7AA,3130,,True,4
SRC-RAW-7188B553243A56EC4444,POWER,not_selected_for_target,,absence_from_expert_target_workbook,2429,21,2022,CREDIT-4C7BAEBEF4FC,3033,,True,9
SRC-RAW-C66080A324659494C595,POWER,not_selected_for_target,,absence_from_expert_target_workbook,2430,22,2022,CREDIT-4C7BAEBEF4FC,3033,,True,9
SRC-RAW-7C4C07F68C9354043B76,POWER,not_selected_for_target,,absence_from_expert_target_workbook,2431,23,2022,CREDIT-4C7BAEBEF4FC,3033,,True,9
SRC-RAW-5A722431170DC7FCC986,POWER,not_selected_for_target,,absence_from_expert_target_workbook,2432,11,2022,CREDIT-BA480A058C6D,4417,燃生物质锅炉,True,3
SRC-RAW-E13CF488D8C28609635B,POWER,not_selected_for_target,,absence_from_expert_target_workbook,2433,12,2022,CREDIT-BA480A058C6D,4417,燃生物质锅炉,True,3
SRC-RAW-ED512A0170CFB05E74AA,POWER,not_selected_for_target,,absence_from_expert_target_workbook,2434,13,2022,CREDIT-BA480A058C6D,4417,燃生物质锅炉,True,3
SRC-RAW-34D213BDBC93D082A24A,POWER,not_selected_for_target,,absence_from_expert_target_workbook,2435,14,2022,CREDIT-BA480A058C6D,4417,燃生物质锅炉,True,3
SRC-RAW-2D607304050D3F1AB0BA,POWER,not_selected_for_target,,absence_from_expert_target_workbook,2436,21,2022,CREDIT-AB8122D50477,2319,,True,2
SRC-RAW-77D2B10D19D5DCC9A822,POWER,not_selected_for_target,,absence_from_expert_target_workbook,2437,21,2022,CREDIT-54AB47E3787C,1713,,True,5
SRC-RAW-86F65D13633969BE4451,POWER,not_selected_for_target,,absence_from_expert_target_workbook,2438,22,2022,CREDIT-54AB47E3787C,1713,,True,5
SRC-RAW-94C2BA4548788CCB0E09,POWER,not_selected_for_target,,absence_from_expert_target_workbook,2439,21,2022,CREDIT-D1243CCE8DC8,2925,,True,7
SRC-RAW-7C23894E159E1521A509,POWER,not_selected_for_target,,absence_from_expert_target_workbook,2440,21,2022,CREDIT-FA328295CC32,1332,,True,1
SRC-RAW-87CF8BB2B0E0B2FA5816,POWER,not_selected_for_target,,absence_from_expert_target_workbook,2441,22,2022,CREDIT-FA328295CC32,1332,,True,1
SRC-RAW-95B1A9F68FCA27B72E14,POWER,not_selected_for_target,,absence_from_expert_target_workbook,2442,21,2022,CREDIT-362E62FA71A8,2921,,True,5
SRC-RAW-A856F7F89D76C3213E95,POWER,not_selected_for_target,,absence_from_expert_target_workbook,2443,22,2022,CREDIT-362E62FA71A8,2921,,True,5
SRC-RAW-4F372D04D996B504C4C6,POWER,not_selected_for_target,,absence_from_expert_target_workbook,2444,21,2022,CREDIT-C4F920FB2EFB,2921,,True,18
SRC-RAW-5D4B270C73E84487694E,POWER,not_selected_for_target,,absence_from_expert_target_workbook,2445,21,2022,CREDIT-604F4FF713EF,1713,,True,0
SRC-RAW-9AAF620407C54396A867,POWER,not_selected_for_target,,absence_from_expert_target_workbook,2446,21,2022,CREDIT-87E1E80136DD,2921,,True,5
SRC-RAW-0BF25BA7B7CB39E53DC2,POWER,not_selected_for_target,,absence_from_expert_target_workbook,2447,21,2022,CREDIT-D71A6C9CE787,2921,,True,0
SRC-RAW-5E0CD0CDC53900F201BB,POWER,not_selected_for_target,,absence_from_expert_target_workbook,2448,22,2022,CREDIT-D71A6C9CE787,2921,,True,0
SRC-RAW-C58A04A4C8340A30EF73,POWER,not_selected_for_target,,absence_from_expert_target_workbook,2449,23,2022,CREDIT-D71A6C9CE787,2921,,True,0
SRC-RAW-C5CFC4A501A272EBE6C7,POWER,not_selected_for_target,,absence_from_expert_target_workbook,2450,24,2022,CREDIT-D71A6C9CE787,2921,,True,0
SRC-RAW-76BE917310CCBFAD5849,POWER,not_selected_for_target,,absence_from_expert_target_workbook,2451,25,2022,CREDIT-D71A6C9CE787,2921,,True,0
SRC-RAW-55441116F9EEE90D9555,POWER,not_selected_for_target,,absence_from_expert_target_workbook,2452,21,2022,CREDIT-F11795922887,2922,,True,3
SRC-RAW-AB1E33E34DB950F9F1C7,POWER,not_selected_for_target,,absence_from_expert_target_workbook,2453,22,2022,CREDIT-F11795922887,2922,,True,3
SRC-RAW-596121D4A1F72C1150A8,POWER,not_selected_for_target,,absence_from_expert_target_workbook,2454,23,2022,CREDIT-F11795922887,2922,,True,3
SRC-RAW-1F858322FD974B84907E,POWER,not_selected_for_target,,absence_from_expert_target_workbook,2455,24,2022,CREDIT-F11795922887,2922,,True,3
SRC-RAW-ADCE96FA518532E338E5,POWER,not_selected_for_target,,absence_from_expert_target_workbook,2456,21,2022,CREDIT-CFB346761457,3130,,True,9
SRC-RAW-02AB77095C311D8E4121,POWER,not_selected_for_target,,absence_from_expert_target_workbook,2457,22,2022,CREDIT-CFB346761457,3130,,True,9
SRC-RAW-4AC4B7E2FDCD0B7C0779,POWER,include,189,canonical_expert_scope_order,2458,11,2022,CREDIT-8D159690C55A,4412,燃气轮机,True,0
SRC-RAW-0669457CFC3C8B1DEF46,POWER,include,190,canonical_expert_scope_order,2459,12,2022,CREDIT-8D159690C55A,4412,燃气轮机,True,0
SRC-RAW-98EAD1FAB47CD2181287,POWER,not_selected_for_target,,absence_from_expert_target_workbook,2460,21,2022,CREDIT-8D159690C55A,4412,,True,0
SRC-RAW-BE5DAA691D58F9B3E58F,POWER,not_selected_for_target,,absence_from_expert_target_workbook,2461,11,2022,CREDIT-5A081DD29B44,4417,燃气锅炉,True,0
SRC-RAW-C7EF86F336346B33A674,POWER,not_selected_for_target,,absence_from_expert_target_workbook,2462,110,2022,CREDIT-5A081DD29B44,4417,燃气锅炉,True,0
SRC-RAW-F5F243C8D45689B9F62E,POWER,not_selected_for_target,,absence_from_expert_target_workbook,2463,111,2022,CREDIT-5A081DD29B44,4417,燃气锅炉,True,0
SRC-RAW-9E089B9EA132988E690B,POWER,not_selected_for_target,,absence_from_expert_target_workbook,2464,112,2022,CREDIT-5A081DD29B44,4417,燃气锅炉,True,0
SRC-RAW-86786016FD5DCE54D753,POWER,not_selected_for_target,,absence_from_expert_target_workbook,2465,113,2022,CREDIT-5A081DD29B44,4417,燃气锅炉,True,0
SRC-RAW-C58F0C65E4A5AE781442,POWER,not_selected_for_target,,absence_from_expert_target_workbook,2466,114,2022,CREDIT-5A081DD29B44,4417,燃气锅炉,True,0
SRC-RAW-6681FE38A661408E024F,POWER,not_selected_for_target,,absence_from_expert_target_workbook,2467,115,2022,CREDIT-5A081DD29B44,4417,燃气锅炉,True,0
SRC-RAW-D459673B3A388D548514,POWER,not_selected_for_target,,absence_from_expert_target_workbook,2468,116,2022,CREDIT-5A081DD29B44,4417,燃气锅炉,True,0
SRC-RAW-B3258BCC9A8C5A7EE78A,POWER,not_selected_for_target,,absence_from_expert_target_workbook,2469,117,2022,CREDIT-5A081DD29B44,4417,燃气锅炉,True,0
SRC-RAW-4B025FEA76E03E896ECB,POWER,not_selected_for_target,,absence_from_expert_target_workbook,2470,118,2022,CREDIT-5A081DD29B44,4417,燃气锅炉,True,0
SRC-RAW-CDD45D19EBF8C113AB7B,POWER,not_selected_for_target,,absence_from_expert_target_workbook,2471,12,2022,CREDIT-5A081DD29B44,4417,燃气锅炉,True,0
SRC-RAW-6BC2F1998D0A4DD24A0B,POWER,not_selected_for_target,,absence_from_expert_target_workbook,2472,13,2022,CREDIT-5A081DD29B44,4417,燃气锅炉,True,0
SRC-RAW-6F048F893E8C2238F6A7,POWER,not_selected_for_target,,absence_from_expert_target_workbook,2473,14,2022,CREDIT-5A081DD29B44,4417,燃气锅炉,True,0
SRC-RAW-46E98BC94A684938DC1E,POWER,not_selected_for_target,,absence_from_expert_target_workbook,2474,15,2022,CREDIT-5A081DD29B44,4417,燃气锅炉,True,0
SRC-RAW-992E633A3A1D7D9DE154,POWER,not_selected_for_target,,absence_from_expert_target_workbook,2475,16,2022,CREDIT-5A081DD29B44,4417,燃气锅炉,True,0
SRC-RAW-6E695619C085745BE41D,POWER,not_selected_for_target,,absence_from_expert_target_workbook,2476,17,2022,CREDIT-5A081DD29B44,4417,燃气锅炉,True,0
SRC-RAW-170A0850DD192CD5A9D1,POWER,not_selected_for_target,,absence_from_expert_target_workbook,2477,18,2022,CREDIT-5A081DD29B44,4417,燃气锅炉,True,0
SRC-RAW-84E39E13790B337453BC,POWER,not_selected_for_target,,absence_from_expert_target_workbook,2478,19,2022,CREDIT-5A081DD29B44,4417,燃气锅炉,True,0
SRC-RAW-C739F6489FB2EBBFDC8A,POWER,not_selected_for_target,,absence_from_expert_target_workbook,2479,21,2022,CREDIT-970F6EC4E880,2662,,True,2
SRC-RAW-66FBCCF49143F35F2624,POWER,not_selected_for_target,,absence_from_expert_target_workbook,2480,21,2022,CREDIT-ACD5C9445A2A,1941,,True,0
SRC-RAW-7BA5BDB16080F5F918FF,POWER,not_selected_for_target,,absence_from_expert_target_workbook,2481,22,2022,CREDIT-ACD5C9445A2A,1941,,True,0
SRC-RAW-19E7767EBDD724047998,POWER,not_selected_for_target,,absence_from_expert_target_workbook,2482,21,2022,CREDIT-8E651AA4F647,1713,,True,2
SRC-RAW-EA72B28B0BF799BDA189,POWER,not_selected_for_target,,absence_from_expert_target_workbook,2483,21,2022,CREDIT-B827DE68FCB8,3333,,True,2
SRC-RAW-77D0CCE89B7914A2DE34,POWER,not_selected_for_target,,absence_from_expert_target_workbook,2484,21,2022,CREDIT-139820A34E4D,1713,,True,2
SRC-RAW-9A74C5D62DC95B042232,POWER,include,191,canonical_expert_scope_order,2485,11,2022,CREDIT-E67A7352F8D7,4411,燃气轮机,True,0
SRC-RAW-1673282707D6E49CDF7E,POWER,include,192,canonical_expert_scope_order,2486,12,2022,CREDIT-E67A7352F8D7,4411,燃气轮机,True,0
SRC-RAW-642817EDBB0AB3AC4FBB,POWER,not_selected_for_target,,absence_from_expert_target_workbook,2487,21,2022,CREDIT-E67A7352F8D7,4411,,True,0
SRC-RAW-1B39BD9ABE4A6CC6FCE8,POWER,not_selected_for_target,,absence_from_expert_target_workbook,2488,22,2022,CREDIT-E67A7352F8D7,4411,,True,0
SRC-RAW-B6B74319690A42E29FAE,POWER,not_selected_for_target,,absence_from_expert_target_workbook,2489,21,2022,CREDIT-EEE5D60719C6,2651,,True,3
SRC-RAW-1CFAF6A051D2A331F7AA,POWER,not_selected_for_target,,absence_from_expert_target_workbook,2490,21,2022,CREDIT-4F491074FDB2,1713,,True,2
SRC-RAW-3FA352A78606E6139CFA,POWER,not_selected_for_target,,absence_from_expert_target_workbook,2491,21,2022,CREDIT-2E14BA97D5BC,1351,,True,0
SRC-RAW-F301E49D8D25A1CFF9F4,POWER,not_selected_for_target,,absence_from_expert_target_workbook,2492,21,2022,CREDIT-0F7053B1FA2A,1529,,True,0
SRC-RAW-E70971109207DB17C946,POWER,not_selected_for_target,,absence_from_expert_target_workbook,2493,22,2022,CREDIT-0F7053B1FA2A,1529,,True,0
SRC-RAW-B7F3B0A12FE14D32B409,POWER,not_selected_for_target,,absence_from_expert_target_workbook,2494,23,2022,CREDIT-0F7053B1FA2A,1529,,True,0
SRC-RAW-12CCCA0E6355CB92FD68,POWER,not_selected_for_target,,absence_from_expert_target_workbook,2495,21,2022,CREDIT-2820F58C5118,1712,,True,0
SRC-RAW-7BA037A260AE41A18D9C,POWER,not_selected_for_target,,absence_from_expert_target_workbook,2496,21,2022,CREDIT-56C50712F34C,2641,,True,6
SRC-RAW-0C88B5E835B55879EAD0,POWER,not_selected_for_target,,absence_from_expert_target_workbook,2497,21,2022,CREDIT-972257A48520,2661,,True,1
SRC-RAW-C347459AAE0B9A06224B,POWER,not_selected_for_target,,absence_from_expert_target_workbook,2498,21,2022,CREDIT-34D8ACB2AA76,2319,,True,1
SRC-RAW-6ADA202FE692387E00FC,POWER,not_selected_for_target,,absence_from_expert_target_workbook,2499,21,2022,CREDIT-C10604F621F0,3383,,True,1
SRC-RAW-65D6480DE6FB41CE0D5A,POWER,not_selected_for_target,,absence_from_expert_target_workbook,2500,21,2022,CREDIT-BB40B6E0F070,1752,,True,1
SRC-RAW-7F1E82169B220B09964A,POWER,not_selected_for_target,,absence_from_expert_target_workbook,2501,21,2022,CREDIT-686083F85F60,1495,,True,0
SRC-RAW-C8818A00D91E1657F50C,POWER,not_selected_for_target,,absence_from_expert_target_workbook,2502,21,2022,CREDIT-AC6568C22AB2,3752,,True,5
SRC-RAW-F25FF3F61A7B576FA6D2,POWER,not_selected_for_target,,absence_from_expert_target_workbook,2503,21,2022,CREDIT-06E779B89093,1713,,True,2
SRC-RAW-B007C2B03D25C9775E29,POWER,not_selected_for_target,,absence_from_expert_target_workbook,2504,22,2022,CREDIT-06E779B89093,1713,,True,2
SRC-RAW-3D06A7C27E9112351F90,POWER,not_selected_for_target,,absence_from_expert_target_workbook,2505,21,2022,CREDIT-D55AE47FB79E,2651,,True,1
SRC-RAW-BD572A4F17E6B8EA33B7,POWER,not_selected_for_target,,absence_from_expert_target_workbook,2506,21,2022,CREDIT-2DD38ECD5B05,1431,,True,1
SRC-RAW-145751B0FDC1C0DED816,POWER,not_selected_for_target,,absence_from_expert_target_workbook,2507,21,2022,CREDIT-3A391B56BE7B,1452,,True,0
SRC-RAW-12E6B9D54A110A575F5D,POWER,not_selected_for_target,,absence_from_expert_target_workbook,2508,21,2022,CREDIT-9FD9C9E29F8F,1351,,True,0
SRC-RAW-87C2E5EAC135E281ED0E,POWER,not_selected_for_target,,absence_from_expert_target_workbook,2509,21,2022,CREDIT-75F906E198A3,2239,,True,1
SRC-RAW-67985CC7E9BEF9AE1901,POWER,not_selected_for_target,,absence_from_expert_target_workbook,2510,22,2022,CREDIT-75F906E198A3,2239,,True,1
SRC-RAW-66290D4EA94D05860066,POWER,not_selected_for_target,,absence_from_expert_target_workbook,2511,23,2022,CREDIT-75F906E198A3,2239,,True,1
SRC-RAW-07EF8B3C55C032C3667C,POWER,not_selected_for_target,,absence_from_expert_target_workbook,2512,21,2022,CREDIT-53D688FE71A3,1910,,True,4
SRC-RAW-DA284744D5F581EEFC77,POWER,not_selected_for_target,,absence_from_expert_target_workbook,2513,21,2022,CREDIT-385647A70A62,2662,,True,1
SRC-RAW-9C32D18D09B9257C84F6,POWER,not_selected_for_target,,absence_from_expert_target_workbook,2514,21,2022,CREDIT-7417C13ED7B1,3751,,True,4
SRC-RAW-4B21752E97AE5E013EBC,POWER,not_selected_for_target,,absence_from_expert_target_workbook,2515,22,2022,CREDIT-7417C13ED7B1,3751,,True,4
SRC-RAW-EB571D81AD4ED4A3DF11,POWER,not_selected_for_target,,absence_from_expert_target_workbook,2516,21,2022,CREDIT-DDDC8614CE01,2613,,True,1
SRC-RAW-8FCA739395EE041F46A3,POWER,not_selected_for_target,,absence_from_expert_target_workbook,2517,21,2022,CREDIT-ECEA48EBFD0D,2641,,True,9
SRC-RAW-8CE512C8B4FACD053782,POWER,not_selected_for_target,,absence_from_expert_target_workbook,2518,22,2022,CREDIT-ECEA48EBFD0D,2641,,True,9
SRC-RAW-6A32E30804EF6C8385AA,POWER,not_selected_for_target,,absence_from_expert_target_workbook,2519,23,2022,CREDIT-ECEA48EBFD0D,2641,,True,9
SRC-RAW-3C98A1D0D86A7293F2B7,POWER,not_selected_for_target,,absence_from_expert_target_workbook,2520,21,2022,CREDIT-E7CBCC306D9C,2924,,True,0
SRC-RAW-13E9746FEA76FE76239D,POWER,not_selected_for_target,,absence_from_expert_target_workbook,2521,21,2022,CREDIT-05DBB2A68D1D,1321,,True,0
SRC-RAW-E4F0E4DE9B9AB92A42AA,POWER,not_selected_for_target,,absence_from_expert_target_workbook,2522,22,2022,CREDIT-05DBB2A68D1D,1321,,True,0
SRC-RAW-B8EE6ED69E79CDAC04A7,POWER,not_selected_for_target,,absence_from_expert_target_workbook,2523,23,2022,CREDIT-05DBB2A68D1D,1321,,True,0
SRC-RAW-C8095067DC12D7D6FB08,POWER,not_selected_for_target,,absence_from_expert_target_workbook,2524,21,2022,CREDIT-B95ED8AB213B,1713,,True,0
SRC-RAW-FF8EBBC501B54F84BA65,POWER,not_selected_for_target,,absence_from_expert_target_workbook,2525,21,2022,CREDIT-4010E9536AFD,1713,,True,1
SRC-RAW-7D750FA53C2CE9317479,POWER,not_selected_for_target,,absence_from_expert_target_workbook,2526,21,2022,CREDIT-E0C95E3FFC17,2659,,True,1
SRC-RAW-58A04A96B20838E4F19D,POWER,not_selected_for_target,,absence_from_expert_target_workbook,2527,22,2022,CREDIT-E0C95E3FFC17,2659,,True,1
SRC-RAW-5CB3A4CA9C319E33A4DD,POWER,not_selected_for_target,,absence_from_expert_target_workbook,2528,23,2022,CREDIT-E0C95E3FFC17,2659,,True,1
SRC-RAW-BE2AC3971A7956E826BC,POWER,not_selected_for_target,,absence_from_expert_target_workbook,2529,21,2022,CREDIT-CFE26CE7F6DE,1910,,True,1
SRC-RAW-0B1D2647DB40F49FEC15,POWER,not_selected_for_target,,absence_from_expert_target_workbook,2530,21,2022,CREDIT-93F2C32CD68C,1819,,True,0
SRC-RAW-E2E0DE4DB9247B734337,POWER,not_selected_for_target,,absence_from_expert_target_workbook,2531,22,2022,CREDIT-93F2C32CD68C,1819,,True,0
SRC-RAW-E1C13DD7C324AF4D63D5,POWER,not_selected_for_target,,absence_from_expert_target_workbook,2532,21,2022,ORG-CC970CA8B1DC,2661,,True,0
SRC-RAW-1A90D676EF7436CBB39B,POWER,not_selected_for_target,,absence_from_expert_target_workbook,2533,21,2022,CREDIT-8F9317AD6ABB,1713,,True,0
SRC-RAW-79604203216C107E6960,POWER,not_selected_for_target,,absence_from_expert_target_workbook,2534,21,2022,ORG-F80A3FEC2C58,1910,,True,0
SRC-RAW-F8E59A9D5E2575552CB2,POWER,not_selected_for_target,,absence_from_expert_target_workbook,2535,21,2022,CREDIT-4273C1E0CC31,1713,,True,0
SRC-RAW-F10A85150C921CD19291,POWER,not_selected_for_target,,absence_from_expert_target_workbook,2536,21,2022,CREDIT-C1C1E31E68E7,2662,,True,1
SRC-RAW-7FEFEA62F941FAEB8BCF,POWER,not_selected_for_target,,absence_from_expert_target_workbook,2537,22,2022,CREDIT-C1C1E31E68E7,2662,,True,1
SRC-RAW-5727CC2B5EF16B01E5AE,POWER,not_selected_for_target,,absence_from_expert_target_workbook,2538,21,2022,CREDIT-E06564FF0A13,2921,,True,8
SRC-RAW-F151DC709CC8F5CA1929,POWER,not_selected_for_target,,absence_from_expert_target_workbook,2539,22,2022,CREDIT-E06564FF0A13,2921,,True,8
SRC-RAW-268C320A348FB8BF09D1,POWER,not_selected_for_target,,absence_from_expert_target_workbook,2540,23,2022,CREDIT-E06564FF0A13,2921,,True,8
SRC-RAW-8CE9AC5D88B27749CFC3,POWER,not_selected_for_target,,absence_from_expert_target_workbook,2541,24,2022,CREDIT-E06564FF0A13,2921,,True,8
SRC-RAW-E24365638847DEF91189,POWER,not_selected_for_target,,absence_from_expert_target_workbook,2542,21,2022,CREDIT-751674922A3D,3752,,True,3
SRC-RAW-F26F112B135DF6CD812E,POWER,not_selected_for_target,,absence_from_expert_target_workbook,2543,22,2022,CREDIT-751674922A3D,3752,,True,3
SRC-RAW-833BAA3CE5CDCAFC0149,POWER,not_selected_for_target,,absence_from_expert_target_workbook,2544,21,2022,CREDIT-98D7E5382DAE,2661,,True,0
SRC-RAW-2B214A9A3FC29CF8CFB7,POWER,not_selected_for_target,,absence_from_expert_target_workbook,2545,21,2022,CREDIT-F6EFDF09FF02,1713,,True,0
SRC-RAW-652BC2B0D289EA03BBE9,POWER,not_selected_for_target,,absence_from_expert_target_workbook,2546,21,2022,CREDIT-F06F5C043144,2911,,True,4
SRC-RAW-3F9545671AC478EE7BC1,POWER,not_selected_for_target,,absence_from_expert_target_workbook,2547,21,2022,CREDIT-9E78B3AB6A4F,2221,,True,0
SRC-RAW-BAFFE7A8C1830E62F03E,POWER,not_selected_for_target,,absence_from_expert_target_workbook,2548,21,2022,CREDIT-B0E9E233AD90,2919,,True,2
SRC-RAW-DFB248103079FB7869F4,POWER,not_selected_for_target,,absence_from_expert_target_workbook,2549,21,2022,CREDIT-4D4A04011012,3360,,True,4
SRC-RAW-721680765542B7711400,POWER,not_selected_for_target,,absence_from_expert_target_workbook,2550,21,2022,CREDIT-283792FE56F0,3360,,True,2
SRC-RAW-171B4F8B4253BBABBACF,POWER,not_selected_for_target,,absence_from_expert_target_workbook,2551,21,2022,CREDIT-4A0E5721222E,1351,,True,0
SRC-RAW-03236EA173EE2113545E,POWER,not_selected_for_target,,absence_from_expert_target_workbook,2552,21,2022,CREDIT-ADFCCF14BBB6,2669,,True,1
SRC-RAW-98C65978816E5EFD493A,POWER,not_selected_for_target,,absence_from_expert_target_workbook,2553,21,2022,CREDIT-75606D64BA9A,1713,,True,1
SRC-RAW-F48CD9E3C1F08F6F24CB,POWER,not_selected_for_target,,absence_from_expert_target_workbook,2554,21,2022,CREDIT-5294D5A5B139,3982,,True,3
SRC-RAW-B9CDDFF5BAE0EFB3C661,POWER,not_selected_for_target,,absence_from_expert_target_workbook,2555,22,2022,CREDIT-5294D5A5B139,3982,,True,3
SRC-RAW-40D538154F983F133932,POWER,not_selected_for_target,,absence_from_expert_target_workbook,2556,23,2022,CREDIT-5294D5A5B139,3982,,True,3
SRC-RAW-D90F52AD4D4DD5F9DB83,POWER,not_selected_for_target,,absence_from_expert_target_workbook,2557,21,2022,CREDIT-0F1808B6417B,4430,,True,0
SRC-RAW-132DC27DF4915033D111,POWER,not_selected_for_target,,absence_from_expert_target_workbook,2558,22,2022,CREDIT-0F1808B6417B,4430,,True,0
SRC-RAW-C061C4BFCACF4F8F7991,POWER,not_selected_for_target,,absence_from_expert_target_workbook,2559,23,2022,CREDIT-0F1808B6417B,4430,,True,0
SRC-RAW-C39A61BA4C8E77EBFDC0,POWER,not_selected_for_target,,absence_from_expert_target_workbook,2560,24,2022,CREDIT-0F1808B6417B,4430,,True,0
SRC-RAW-6278B2904CE6C8FC39E2,POWER,not_selected_for_target,,absence_from_expert_target_workbook,2561,21,2022,CREDIT-3C38FCA7990E,2740,,True,1
SRC-RAW-175A0F26DA66EA7A334B,POWER,not_selected_for_target,,absence_from_expert_target_workbook,2562,21,2022,CREDIT-3DB337027446,3985,,True,2
SRC-RAW-23A0506A384A2A6AACEA,POWER,not_selected_for_target,,absence_from_expert_target_workbook,2563,21,2022,CREDIT-65A53395899B,3022,,True,0
SRC-RAW-08FBAA6DA075154E7F22,POWER,not_selected_for_target,,absence_from_expert_target_workbook,2564,21,2022,CREDIT-72D954412446,2720,,True,0
SRC-RAW-44DB5A40A0A6206A2109,POWER,not_selected_for_target,,absence_from_expert_target_workbook,2565,22,2022,CREDIT-72D954412446,2720,,True,0
SRC-RAW-70925DCF98DAD0A8EC33,POWER,not_selected_for_target,,absence_from_expert_target_workbook,2566,21,2022,CREDIT-BC2353DB3B7A,2641,,True,1
SRC-RAW-FB0B53424CA4277ACE07,POWER,not_selected_for_target,,absence_from_expert_target_workbook,2567,21,2022,CREDIT-AA822AC4C545,3982,,True,1
SRC-RAW-083742D4619F0C028C7D,POWER,not_selected_for_target,,absence_from_expert_target_workbook,2568,21,2022,CREDIT-33EB8DE6929B,2925,,True,2
SRC-RAW-10858214F0F15A892B4B,POWER,not_selected_for_target,,absence_from_expert_target_workbook,2569,22,2022,CREDIT-33EB8DE6929B,2925,,True,2
SRC-RAW-2F76DBD8BF67F4FE1471,POWER,not_selected_for_target,,absence_from_expert_target_workbook,2570,21,2022,CREDIT-F840CA258D1A,3382,,True,2
SRC-RAW-E35250F14B2808BDCC80,POWER,not_selected_for_target,,absence_from_expert_target_workbook,2571,21,2022,CREDIT-4CA32294895B,2612,,True,3
SRC-RAW-45E2ADB83AC75F872445,POWER,not_selected_for_target,,absence_from_expert_target_workbook,2572,21,2022,CREDIT-E1BDA81823E5,1499,,True,0
SRC-RAW-3E58A9C7B4E2590D26AE,POWER,not_selected_for_target,,absence_from_expert_target_workbook,2573,22,2022,CREDIT-E1BDA81823E5,1499,,True,0
SRC-RAW-7DBE01C27DD6A6E57824,POWER,not_selected_for_target,,absence_from_expert_target_workbook,2574,21,2022,CREDIT-0B40BBB8B1FE,1752,,True,5
SRC-RAW-0F4A5696EE7456A532CA,POWER,not_selected_for_target,,absence_from_expert_target_workbook,2575,22,2022,CREDIT-0B40BBB8B1FE,1752,,True,5
SRC-RAW-EF5931EADCC77F13A60D,POWER,not_selected_for_target,,absence_from_expert_target_workbook,2576,23,2022,CREDIT-0B40BBB8B1FE,1752,,True,5
SRC-RAW-94EEEAFB4122D646E4FC,POWER,not_selected_for_target,,absence_from_expert_target_workbook,2577,24,2022,CREDIT-0B40BBB8B1FE,1752,,True,5
SRC-RAW-6E37B7E36DE8C2E3622D,POWER,not_selected_for_target,,absence_from_expert_target_workbook,2578,21,2022,CREDIT-0FCBDBE34F77,3985,,True,3
SRC-RAW-D10F041E63F38382A805,POWER,not_selected_for_target,,absence_from_expert_target_workbook,2579,21,2022,CREDIT-27FB4DC7D7D6,2613,,True,1
SRC-RAW-3AE3EBB5FF05938006F4,POWER,not_selected_for_target,,absence_from_expert_target_workbook,2580,22,2022,CREDIT-27FB4DC7D7D6,2613,,True,1
SRC-RAW-6884A1D255030BAAC13E,POWER,not_selected_for_target,,absence_from_expert_target_workbook,2581,23,2022,CREDIT-27FB4DC7D7D6,2613,,True,1
SRC-RAW-625566EA4CFBE8B985B5,POWER,not_selected_for_target,,absence_from_expert_target_workbook,2582,24,2022,CREDIT-27FB4DC7D7D6,2613,,True,1
SRC-RAW-62365F8DE8F85E7631AB,POWER,not_selected_for_target,,absence_from_expert_target_workbook,2583,25,2022,CREDIT-27FB4DC7D7D6,2613,,True,1
SRC-RAW-6D631F56320759CD5FCF,POWER,not_selected_for_target,,absence_from_expert_target_workbook,2584,26,2022,CREDIT-27FB4DC7D7D6,2613,,True,1
SRC-RAW-CC874E1BA03CC215791F,POWER,not_selected_for_target,,absence_from_expert_target_workbook,2585,27,2022,CREDIT-27FB4DC7D7D6,2613,,True,1
SRC-RAW-A57DA4D2323DE73BBB10,POWER,not_selected_for_target,,absence_from_expert_target_workbook,2586,21,2022,CREDIT-CE8259C93FD5,2641,,True,1
SRC-RAW-C9AC375DB05FEA7F4F8E,POWER,include,193,canonical_expert_scope_order,2587,11,2022,CREDIT-2A49A710A459,4412,燃气轮机,True,0
SRC-RAW-6900A35332BD97E5DBE4,POWER,include,194,canonical_expert_scope_order,2588,12,2022,CREDIT-2A49A710A459,4412,燃气轮机,True,0
SRC-RAW-22605CA85E03A3F25500,POWER,not_selected_for_target,,absence_from_expert_target_workbook,2589,21,2022,CREDIT-2A49A710A459,4412,,True,0
SRC-RAW-4C3DFAB0F01A238B5AED,POWER,not_selected_for_target,,absence_from_expert_target_workbook,2590,21,2022,CREDIT-FC5293934BB4,1462,,True,0
SRC-RAW-C5358DDB783AEF6CC794,POWER,not_selected_for_target,,absence_from_expert_target_workbook,2591,21,2022,CREDIT-583732F3474D,2221,,True,0
SRC-RAW-D58DE82D24E8425A13F3,POWER,not_selected_for_target,,absence_from_expert_target_workbook,2592,21,2022,CREDIT-9FEBED437FE5,2231,,True,1
SRC-RAW-9D65F87103D5C341DE52,POWER,not_selected_for_target,,absence_from_expert_target_workbook,2593,21,2022,CREDIT-B2D5AF2A4C52,1819,,True,0
SRC-RAW-9D458D5853C92BA3030C,POWER,not_selected_for_target,,absence_from_expert_target_workbook,2594,21,2022,CREDIT-3C480890390E,1431,,True,0
SRC-RAW-79A25BFFB659B1D2F454,POWER,not_selected_for_target,,absence_from_expert_target_workbook,2595,21,2022,CREDIT-34EF580B1F14,2821,,True,2
SRC-RAW-B0086C592F795E92C040,POWER,not_selected_for_target,,absence_from_expert_target_workbook,2596,210,2022,CREDIT-34EF580B1F14,2821,,True,2
SRC-RAW-9FE5A60AF999F16E94B8,POWER,not_selected_for_target,,absence_from_expert_target_workbook,2597,22,2022,CREDIT-34EF580B1F14,2821,,True,2
SRC-RAW-D395955E9222404FD248,POWER,not_selected_for_target,,absence_from_expert_target_workbook,2598,23,2022,CREDIT-34EF580B1F14,2821,,True,2
SRC-RAW-AF0D8C491FA6F4C7230F,POWER,not_selected_for_target,,absence_from_expert_target_workbook,2599,24,2022,CREDIT-34EF580B1F14,2821,,True,2
SRC-RAW-AA08B7C82A7BEB281462,POWER,not_selected_for_target,,absence_from_expert_target_workbook,2600,25,2022,CREDIT-34EF580B1F14,2821,,True,2
SRC-RAW-424A12D336EF890EDAA9,POWER,not_selected_for_target,,absence_from_expert_target_workbook,2601,26,2022,CREDIT-34EF580B1F14,2821,,True,2
SRC-RAW-F36C4C84F27D15DCE94E,POWER,not_selected_for_target,,absence_from_expert_target_workbook,2602,27,2022,CREDIT-34EF580B1F14,2821,,True,2
SRC-RAW-70B62F83666EA02E75E5,POWER,not_selected_for_target,,absence_from_expert_target_workbook,2603,28,2022,CREDIT-34EF580B1F14,2821,,True,2
SRC-RAW-F3DCA78AB697EBC44263,POWER,not_selected_for_target,,absence_from_expert_target_workbook,2604,29,2022,CREDIT-34EF580B1F14,2821,,True,2
SRC-RAW-7EEC9352998AEEAC52CD,POWER,not_selected_for_target,,absence_from_expert_target_workbook,2605,21,2022,CREDIT-5CB0BF64CAD4,2641,,True,1
SRC-RAW-619C3B5C6BF6193F43B0,POWER,not_selected_for_target,,absence_from_expert_target_workbook,2606,21,2022,CREDIT-5A58A386DD53,1329,,True,1
SRC-RAW-197D1354AC7400BC497A,POWER,not_selected_for_target,,absence_from_expert_target_workbook,2607,22,2022,CREDIT-5A58A386DD53,1329,,True,1
SRC-RAW-62649EFFBAF8DFB7D44B,POWER,not_selected_for_target,,absence_from_expert_target_workbook,2608,23,2022,CREDIT-5A58A386DD53,1329,,True,1
SRC-RAW-7A82299504F5A20A99EB,POWER,not_selected_for_target,,absence_from_expert_target_workbook,2609,21,2022,CREDIT-FE7725524306,2652,,True,1
SRC-RAW-A95A7C59EF72CCACCB43,POWER,not_selected_for_target,,absence_from_expert_target_workbook,2610,22,2022,CREDIT-FE7725524306,2652,,True,1
SRC-RAW-972089715D6814266052,POWER,not_selected_for_target,,absence_from_expert_target_workbook,2611,23,2022,CREDIT-FE7725524306,2652,,True,1
SRC-RAW-DACCDDFA1BEDFB2C7928,POWER,not_selected_for_target,,absence_from_expert_target_workbook,2612,21,2022,CREDIT-6E6B1900987C,2231,,True,1
SRC-RAW-78E1B97D7B6FB253CA03,POWER,not_selected_for_target,,absence_from_expert_target_workbook,2613,22,2022,CREDIT-6E6B1900987C,2231,,True,1
SRC-RAW-54A1EE94090DE2586C89,POWER,not_selected_for_target,,absence_from_expert_target_workbook,2614,21,2022,CREDIT-99F366C1FA24,2221,,True,1
SRC-RAW-5A2DF089821281CB1EC3,POWER,not_selected_for_target,,absence_from_expert_target_workbook,2615,21,2022,CREDIT-3E3A595B5F43,1469,,True,0
SRC-RAW-C98B88D61A1E0FA3FA75,POWER,not_selected_for_target,,absence_from_expert_target_workbook,2616,22,2022,CREDIT-3E3A595B5F43,1469,,True,0
SRC-RAW-B748F0603C2BFABB6E08,POWER,not_selected_for_target,,absence_from_expert_target_workbook,2617,21,2022,CREDIT-C38E9AAF85D2,2669,,True,1
SRC-RAW-2ECF0B69E179C929CE81,POWER,not_selected_for_target,,absence_from_expert_target_workbook,2618,21,2022,CREDIT-BB39349477C2,3021,,True,3
SRC-RAW-A94FB9A9CC87B13055A8,POWER,not_selected_for_target,,absence_from_expert_target_workbook,2619,22,2022,CREDIT-BB39349477C2,3021,,True,3
SRC-RAW-F9D89B2B32A9BFCCCBFF,POWER,not_selected_for_target,,absence_from_expert_target_workbook,2620,21,2022,CREDIT-E103525B5977,2924,,True,2
SRC-RAW-C8531229110F677D012C,POWER,not_selected_for_target,,absence_from_expert_target_workbook,2621,21,2022,CREDIT-BB8336647C27,1432,,True,0
SRC-RAW-3A6C055BDA55F089D28B,POWER,not_selected_for_target,,absence_from_expert_target_workbook,2622,22,2022,CREDIT-BB8336647C27,1432,,True,0
SRC-RAW-03764E89336820647FCC,POWER,not_selected_for_target,,absence_from_expert_target_workbook,2623,23,2022,CREDIT-BB8336647C27,1432,,True,0
SRC-RAW-9F6186DBBA572E63B72A,POWER,not_selected_for_target,,absence_from_expert_target_workbook,2624,21,2022,CREDIT-B2E323DD9500,1492,,True,0
SRC-RAW-25D6B2DE5539F63F9016,POWER,not_selected_for_target,,absence_from_expert_target_workbook,2625,22,2022,CREDIT-B2E323DD9500,1492,,True,0
SRC-RAW-11261CB1D223C6D26809,POWER,not_selected_for_target,,absence_from_expert_target_workbook,2626,23,2022,CREDIT-B2E323DD9500,1492,,True,0
SRC-RAW-E1C50B40D2DCCFDE0CDF,POWER,not_selected_for_target,,absence_from_expert_target_workbook,2627,24,2022,CREDIT-B2E323DD9500,1492,,True,0
SRC-RAW-3E6E79C763C009315A3F,POWER,not_selected_for_target,,absence_from_expert_target_workbook,2628,25,2022,CREDIT-B2E323DD9500,1492,,True,0
SRC-RAW-673759B462AEB180533F,POWER,not_selected_for_target,,absence_from_expert_target_workbook,2629,26,2022,CREDIT-B2E323DD9500,1492,,True,0
SRC-RAW-22CA164DFA96F3220229,POWER,not_selected_for_target,,absence_from_expert_target_workbook,2630,21,2022,CREDIT-05475B8B9F3C,1329,,True,0
SRC-RAW-FC2740572F2C64170F3D,POWER,not_selected_for_target,,absence_from_expert_target_workbook,2631,21,2022,CREDIT-E6BB8535CEB8,2642,,True,3
SRC-RAW-E5D5C08BCBB7D7BFF21F,POWER,not_selected_for_target,,absence_from_expert_target_workbook,2632,22,2022,CREDIT-E6BB8535CEB8,2642,,True,3
SRC-RAW-5E1F81482A57A754BCFE,POWER,not_selected_for_target,,absence_from_expert_target_workbook,2633,21,2022,CREDIT-09B64B8B7C9A,3360,,True,2
SRC-RAW-4D15C6E47C4E012B69A2,POWER,not_selected_for_target,,absence_from_expert_target_workbook,2634,21,2022,CREDIT-2AC06C81656C,3331,,True,20
SRC-RAW-F1220029AD887E209B43,POWER,not_selected_for_target,,absence_from_expert_target_workbook,2635,22,2022,CREDIT-2AC06C81656C,3331,,True,20
SRC-RAW-3203977F5D5270B760BF,POWER,include,195,canonical_expert_scope_order,2636,11,2022,CREDIT-7DCCA41DE256,4412,燃煤锅炉,True,3
SRC-RAW-E2673803482D4F76F5EC,POWER,include,196,canonical_expert_scope_order,2637,12,2022,CREDIT-7DCCA41DE256,4412,燃煤锅炉,True,3
SRC-RAW-7057245F3E3F239AD204,POWER,include,197,canonical_expert_scope_order,2638,11,2022,CREDIT-82B9A47F8DF3,1713,燃煤锅炉,True,4
SRC-RAW-FD79BD3BADBA834EA813,POWER,include,198,canonical_expert_scope_order,2639,12,2022,CREDIT-82B9A47F8DF3,1713,燃煤锅炉,True,4
SRC-RAW-0D301274CFA9EB4D2854,POWER,include,199,canonical_expert_scope_order,2640,13,2022,CREDIT-82B9A47F8DF3,1713,燃煤锅炉,True,4
SRC-RAW-AC15A9DCFB98355F6A6D,POWER,not_selected_for_target,,absence_from_expert_target_workbook,2641,21,2022,CREDIT-ED0E9D2FFFD4,1752,,True,0
SRC-RAW-125CA2C7EFB7D4276401,POWER,not_selected_for_target,,absence_from_expert_target_workbook,2642,22,2022,CREDIT-ED0E9D2FFFD4,1752,,True,0
SRC-RAW-B2CFA519E998D28E0BA3,POWER,not_selected_for_target,,absence_from_expert_target_workbook,2643,23,2022,CREDIT-ED0E9D2FFFD4,1752,,True,0
SRC-RAW-646BB2A63CA38BCE0C1D,POWER,not_selected_for_target,,absence_from_expert_target_workbook,2644,21,2022,CREDIT-4942414F30F2,1462,,True,0
SRC-RAW-141E27FAF28F1F6DF5C7,POWER,not_selected_for_target,,absence_from_expert_target_workbook,2645,22,2022,CREDIT-4942414F30F2,1462,,True,0
SRC-RAW-BF6CD0FC1C9AF6F205C5,POWER,not_selected_for_target,,absence_from_expert_target_workbook,2646,23,2022,CREDIT-4942414F30F2,1462,,True,0
SRC-RAW-766570BC5F6269147834,POWER,not_selected_for_target,,absence_from_expert_target_workbook,2647,24,2022,CREDIT-4942414F30F2,1462,,True,0
SRC-RAW-1BB37DBEF768C028F781,POWER,not_selected_for_target,,absence_from_expert_target_workbook,2648,25,2022,CREDIT-4942414F30F2,1462,,True,0
SRC-RAW-08D4EF6EBE1ACE09053D,POWER,not_selected_for_target,,absence_from_expert_target_workbook,2649,26,2022,CREDIT-4942414F30F2,1462,,True,0
SRC-RAW-8F8246C14ED1D2D9CAF3,POWER,not_selected_for_target,,absence_from_expert_target_workbook,2650,27,2022,CREDIT-4942414F30F2,1462,,True,0
SRC-RAW-A841F3E23A31E53C590D,POWER,not_selected_for_target,,absence_from_expert_target_workbook,2651,28,2022,CREDIT-4942414F30F2,1462,,True,0
SRC-RAW-FF764C52DBEA95489D15,POWER,not_selected_for_target,,absence_from_expert_target_workbook,2652,29,2022,CREDIT-4942414F30F2,1462,,True,0
SRC-RAW-4386EA47786A8FDEAAE0,POWER,not_selected_for_target,,absence_from_expert_target_workbook,2653,21,2022,CREDIT-FF22277CFA2D,1713,,True,2
SRC-RAW-6641CDD9BC2998662850,POWER,not_selected_for_target,,absence_from_expert_target_workbook,2654,21,2022,CREDIT-EA55D26D0BB5,1332,,True,0
SRC-RAW-335C1877B1077DD809D5,POWER,include,200,canonical_expert_scope_order,2655,11,2022,CREDIT-A40361CDC1EF,2221,燃煤锅炉,True,3
SRC-RAW-0F315BDBBC54BC58D221,POWER,not_selected_for_target,,absence_from_expert_target_workbook,2656,21,2022,CREDIT-CDA7D572C0ED,2924,,True,0
SRC-RAW-DD3788D377C0461B9B60,POWER,not_selected_for_target,,absence_from_expert_target_workbook,2657,21,2022,CREDIT-A1E41AF1B4F6,2613,,True,0
SRC-RAW-D683446446875279A2C7,POWER,not_selected_for_target,,absence_from_expert_target_workbook,2658,21,2022,CREDIT-3B48473BC8F0,3031,,True,1
SRC-RAW-FF1B7B95B84A31F7EA48,POWER,not_selected_for_target,,absence_from_expert_target_workbook,2659,21,2022,CREDIT-213A7D5833E1,3024,,True,0
SRC-RAW-9CFD447C53D99C693DEC,POWER,not_selected_for_target,,absence_from_expert_target_workbook,2660,22,2022,CREDIT-213A7D5833E1,3024,,True,0
SRC-RAW-C31AC3A1AA390A1FBEB2,POWER,include,201,canonical_expert_scope_order,2661,11,2022,CREDIT-DF540001EB15,4412,燃煤锅炉,True,3
SRC-RAW-F590CE315F9A8DC1C170,POWER,not_selected_for_target,,absence_from_expert_target_workbook,2662,21,2022,CREDIT-2A86A85BE6EC,2925,,True,5
SRC-RAW-F67ED07E6D46DD6B0009,POWER,not_selected_for_target,,absence_from_expert_target_workbook,2663,21,2022,CREDIT-48C27615AE05,2221,,True,3
SRC-RAW-02A50B98137D7E51CD29,POWER,not_selected_for_target,,absence_from_expert_target_workbook,2664,22,2022,CREDIT-48C27615AE05,2221,,True,3
SRC-RAW-58DD8F678B0A72A2AE13,POWER,not_selected_for_target,,absence_from_expert_target_workbook,2665,23,2022,CREDIT-48C27615AE05,2221,,True,3
SRC-RAW-E9A01AF5EC69C8DDF2C8,POWER,not_selected_for_target,,absence_from_expert_target_workbook,2666,21,2022,CREDIT-968A09A1B8B0,1431,,True,0
SRC-RAW-BF692DCA8463A724C4F9,POWER,not_selected_for_target,,absence_from_expert_target_workbook,2667,21,2022,CREDIT-DD1396E5765B,2651,,True,2
SRC-RAW-734FF3DE5F360D0C2507,POWER,not_selected_for_target,,absence_from_expert_target_workbook,2668,22,2022,CREDIT-DD1396E5765B,2651,,True,2
SRC-RAW-81489D23A0DB6ABE5141,POWER,not_selected_for_target,,absence_from_expert_target_workbook,2669,21,2022,CREDIT-58E22F914B45,2669,,True,5
SRC-RAW-1BF474C507E9F04CF42E,POWER,include,202,canonical_expert_scope_order,2670,11,2022,CREDIT-2A2D2A4A39F3,1713,燃煤锅炉,True,4
SRC-RAW-A7571CB7EB6B10DEC039,POWER,not_selected_for_target,,absence_from_expert_target_workbook,2671,21,2022,CREDIT-1016347EE2CB,2221,,True,0
SRC-RAW-5C6E83E6E7B45D06EB00,POWER,not_selected_for_target,,absence_from_expert_target_workbook,2672,21,2022,CREDIT-969996C9F3C3,2231,,True,1
SRC-RAW-303DA89BD6FC529EDD81,POWER,not_selected_for_target,,absence_from_expert_target_workbook,2673,21,2022,CREDIT-3AB70903D3CE,3239,,True,4
SRC-RAW-9D598F700CE293DAC830,POWER,not_selected_for_target,,absence_from_expert_target_workbook,2674,22,2022,CREDIT-3AB70903D3CE,3239,,True,4
SRC-RAW-E96905E3B48B34BA3376,POWER,not_selected_for_target,,absence_from_expert_target_workbook,2675,23,2022,CREDIT-3AB70903D3CE,3239,,True,4
SRC-RAW-A0024652DC04A61A58B4,POWER,not_selected_for_target,,absence_from_expert_target_workbook,2676,21,2022,CREDIT-A15D288F7E6E,3130,,True,2
SRC-RAW-8939865C80A1B26B1328,POWER,not_selected_for_target,,absence_from_expert_target_workbook,2677,21,2022,CREDIT-4E56E4A9E8AD,1712,,True,0
SRC-RAW-4E61B23C6911EECAFAEF,POWER,not_selected_for_target,,absence_from_expert_target_workbook,2678,21,2022,CREDIT-E3870772FF31,2221,,True,0
SRC-RAW-9FFE1765E232A7C09C09,POWER,not_selected_for_target,,absence_from_expert_target_workbook,2679,21,2022,CREDIT-ED525021921C,1329,,True,1
SRC-RAW-6E95131327F74EF636CA,POWER,not_selected_for_target,,absence_from_expert_target_workbook,2680,22,2022,CREDIT-ED525021921C,1329,,True,1
SRC-RAW-AF939BF6E87B8788CDC8,POWER,not_selected_for_target,,absence_from_expert_target_workbook,2681,23,2022,CREDIT-ED525021921C,1329,,True,1
SRC-RAW-1CA9E89BA0996671A30B,POWER,not_selected_for_target,,absence_from_expert_target_workbook,2682,24,2022,CREDIT-ED525021921C,1329,,True,1
SRC-RAW-3690F16902E6BD8037B3,POWER,not_selected_for_target,,absence_from_expert_target_workbook,2683,21,2022,CREDIT-72647C929E5F,2924,,True,1
SRC-RAW-72F526FBE4B5513178FA,POWER,not_selected_for_target,,absence_from_expert_target_workbook,2684,21,2022,CREDIT-6929FF96366E,1329,,True,1
SRC-RAW-96B4F62EA92E69AB7F5D,POWER,not_selected_for_target,,absence_from_expert_target_workbook,2685,21,2022,CREDIT-2262619235C3,2641,,True,4
SRC-RAW-5EB562E3FFA0E13B0AC2,POWER,include,203,canonical_expert_scope_order,2686,11,2022,CREDIT-27587748A2C9,1713,燃煤锅炉,True,4
SRC-RAW-1FD4343BD9C1A56DAB29,POWER,include,204,canonical_expert_scope_order,2687,11,2022,CREDIT-8A112DF39C1A,2221,燃煤锅炉,True,6
SRC-RAW-2978FB24041E22A2EE51,POWER,include,205,canonical_expert_scope_order,2688,12,2022,CREDIT-8A112DF39C1A,2221,燃煤锅炉,True,6
SRC-RAW-0055E4FBFB3D85EC653E,POWER,not_selected_for_target,,absence_from_expert_target_workbook,2689,21,2022,CREDIT-6440DB33F5F4,2221,,True,0
SRC-RAW-A62179F30879836A63A2,POWER,not_selected_for_target,,absence_from_expert_target_workbook,2690,21,2022,CREDIT-7C14923D14CD,2221,,True,0
SRC-RAW-6EFBB3E31115784B03FF,POWER,not_selected_for_target,,absence_from_expert_target_workbook,2691,21,2022,CREDIT-589E3A7E0291,1910,,True,0
SRC-RAW-36E7F2B1420FEC02C6BA,POWER,not_selected_for_target,,absence_from_expert_target_workbook,2692,21,2022,CREDIT-FCB3074C0897,1329,,True,0
SRC-RAW-73D19F81D666CDD7A9E7,POWER,not_selected_for_target,,absence_from_expert_target_workbook,2693,21,2022,CREDIT-7B7951F545E7,1752,,True,2
SRC-RAW-AE71711CB54EB3B23A7B,POWER,not_selected_for_target,,absence_from_expert_target_workbook,2694,22,2022,CREDIT-7B7951F545E7,1752,,True,2
SRC-RAW-93B032DE97655D5110C6,POWER,not_selected_for_target,,absence_from_expert_target_workbook,2695,23,2022,CREDIT-7B7951F545E7,1752,,True,2
SRC-RAW-E6F864CEE3D716932DE6,POWER,not_selected_for_target,,absence_from_expert_target_workbook,2696,24,2022,CREDIT-7B7951F545E7,1752,,True,2
SRC-RAW-6B3646609D58950A5DAC,POWER,not_selected_for_target,,absence_from_expert_target_workbook,2697,25,2022,CREDIT-7B7951F545E7,1752,,True,2
SRC-RAW-F6A289C8361F708E7ECD,POWER,not_selected_for_target,,absence_from_expert_target_workbook,2698,26,2022,CREDIT-7B7951F545E7,1752,,True,2
SRC-RAW-080DEA41626FAFDA06E2,POWER,not_selected_for_target,,absence_from_expert_target_workbook,2699,21,2022,CREDIT-E6EC7528B835,1329,,True,1
SRC-RAW-31C60B4B843403B97C6A,POWER,not_selected_for_target,,absence_from_expert_target_workbook,2700,21,2022,CREDIT-4A1799688987,2924,,True,1
SRC-RAW-325DCE33238B7BD27DE9,POWER,not_selected_for_target,,absence_from_expert_target_workbook,2701,21,2022,CREDIT-2D1F124D2628,1713,,True,1
SRC-RAW-1F653AAD75690E09B76C,POWER,not_selected_for_target,,absence_from_expert_target_workbook,2702,21,2022,CREDIT-E2505522F2A1,1493,,True,0
SRC-RAW-92FA49C9BF5A22890199,POWER,not_selected_for_target,,absence_from_expert_target_workbook,2703,22,2022,CREDIT-E2505522F2A1,1493,,True,0
SRC-RAW-8BD9B3D856A9265ED114,POWER,not_selected_for_target,,absence_from_expert_target_workbook,2704,21,2022,CREDIT-61E83E40666E,2924,,True,1
SRC-RAW-874F5E55C9F8425519FB,POWER,not_selected_for_target,,absence_from_expert_target_workbook,2705,21,2022,CREDIT-A6CC7F1588C0,1713,,True,0
SRC-RAW-44055B7A447F798A598F,POWER,not_selected_for_target,,absence_from_expert_target_workbook,2706,21,2022,CREDIT-0BBE602C115F,1762,,True,5
SRC-RAW-DFDCF5531376A9578B84,POWER,not_selected_for_target,,absence_from_expert_target_workbook,2707,22,2022,CREDIT-0BBE602C115F,1762,,True,5
SRC-RAW-00E4B07E6903958D9DB6,POWER,not_selected_for_target,,absence_from_expert_target_workbook,2708,23,2022,CREDIT-0BBE602C115F,1762,,True,5
SRC-RAW-0DC11FA02E92E972C43D,POWER,not_selected_for_target,,absence_from_expert_target_workbook,2709,21,2022,CREDIT-EB76B0D20251,2221,,True,1
SRC-RAW-BFF6AF4692E05887A1C7,POWER,not_selected_for_target,,absence_from_expert_target_workbook,2710,21,2022,CREDIT-93CEA168D0D6,2651,,True,1
SRC-RAW-903BB9B46112F996CCA1,POWER,not_selected_for_target,,absence_from_expert_target_workbook,2711,22,2022,CREDIT-93CEA168D0D6,2651,,True,1
SRC-RAW-AEC63871C203D2AFF862,POWER,not_selected_for_target,,absence_from_expert_target_workbook,2712,21,2022,CREDIT-374D1E535C77,2221,,True,3
SRC-RAW-AE39E52805C073412980,POWER,not_selected_for_target,,absence_from_expert_target_workbook,2713,21,2022,CREDIT-635BB35BD969,3022,,True,2
SRC-RAW-E03CE107BD03A41F801E,POWER,not_selected_for_target,,absence_from_expert_target_workbook,2714,21,2022,CREDIT-D385BEC2144D,1529,,True,0
SRC-RAW-5FD6A9D70D2C68489365,POWER,not_selected_for_target,,absence_from_expert_target_workbook,2715,22,2022,CREDIT-D385BEC2144D,1529,,True,0
SRC-RAW-2D6473D069D2293F52BA,POWER,not_selected_for_target,,absence_from_expert_target_workbook,2716,23,2022,CREDIT-D385BEC2144D,1529,,True,0
SRC-RAW-03B8F19820E91154B068,POWER,not_selected_for_target,,absence_from_expert_target_workbook,2717,24,2022,CREDIT-D385BEC2144D,1529,,True,0
SRC-RAW-58CB2CB748DDC20560F6,POWER,include,206,canonical_expert_scope_order,2718,11,2022,CREDIT-58ACC11B4B90,4411,燃气锅炉,True,0
SRC-RAW-E15C2C1ECEDAD44E813D,POWER,include,207,canonical_expert_scope_order,2719,12,2022,CREDIT-58ACC11B4B90,4411,燃气锅炉,True,0
SRC-RAW-7EDF2FE5F0F1DD84F37F,POWER,not_selected_for_target,,absence_from_expert_target_workbook,2720,21,2022,CREDIT-D2BF4106F6B3,3130,,True,0
SRC-RAW-36640E4DC25BD4C2B8DC,POWER,not_selected_for_target,,absence_from_expert_target_workbook,2721,21,2022,CREDIT-E395E92A9A00,1431,,True,0
SRC-RAW-8465A4585372C8D60423,POWER,not_selected_for_target,,absence_from_expert_target_workbook,2722,21,2022,CREDIT-3644CC97D158,1331,,True,0
SRC-RAW-6980A669806C5025D0A5,POWER,not_selected_for_target,,absence_from_expert_target_workbook,2723,22,2022,CREDIT-3644CC97D158,1331,,True,0
SRC-RAW-F1820ADA015548D53CD4,POWER,not_selected_for_target,,absence_from_expert_target_workbook,2724,23,2022,CREDIT-3644CC97D158,1331,,True,0
SRC-RAW-EDB80E4FD65DE610F35B,POWER,not_selected_for_target,,absence_from_expert_target_workbook,2725,21,2022,CREDIT-25F754F4F6F5,1329,,True,0
SRC-RAW-C0BDF62A7EABF6E5A5C7,POWER,include,208,canonical_expert_scope_order,2726,11,2022,CREDIT-B4475D857B4B,2221,燃煤锅炉,True,3
SRC-RAW-A2927385EEAE262152EB,POWER,not_selected_for_target,,absence_from_expert_target_workbook,2727,21,2022,ORG-BE7C7CB880A8,3130,,True,0
SRC-RAW-F532F2130C5A69A3D178,POWER,not_selected_for_target,,absence_from_expert_target_workbook,2728,21,2022,CREDIT-562F2F84013D,1762,,True,1
SRC-RAW-03A0592F722F9DA1EF8A,POWER,not_selected_for_target,,absence_from_expert_target_workbook,2729,21,2022,CREDIT-79D39CD2E116,1329,,True,2
SRC-RAW-359C6F5F973D7A831907,POWER,not_selected_for_target,,absence_from_expert_target_workbook,2730,22,2022,CREDIT-79D39CD2E116,1329,,True,2
SRC-RAW-E554E034D7527B6F1FF6,POWER,not_selected_for_target,,absence_from_expert_target_workbook,2731,23,2022,CREDIT-79D39CD2E116,1329,,True,2
SRC-RAW-0BAB7158094C39A40FA6,POWER,not_selected_for_target,,absence_from_expert_target_workbook,2732,21,2022,CREDIT-587C323CDBEC,1819,,True,1
SRC-RAW-82349767BA8D0C05FFAA,POWER,not_selected_for_target,,absence_from_expert_target_workbook,2733,21,2022,CREDIT-C57BDAAAB4B4,1781,,True,1
SRC-RAW-BFD53C684A1E68C0BAD5,POWER,include,209,canonical_expert_scope_order,2734,11,2022,CREDIT-EB2278AF1221,4412,燃煤锅炉,True,3
SRC-RAW-39E2EF967D6F6B1CFD28,POWER,include,210,canonical_expert_scope_order,2735,12,2022,CREDIT-EB2278AF1221,4412,燃煤锅炉,True,3
SRC-RAW-4ACC17BDDF25C89DE115,POWER,not_selected_for_target,,absence_from_expert_target_workbook,2736,21,2022,CREDIT-23FCF613C006,2613,,True,4
SRC-RAW-B6649487180DD3B86E1D,POWER,not_selected_for_target,,absence_from_expert_target_workbook,2737,22,2022,CREDIT-23FCF613C006,2613,,True,4
SRC-RAW-8188683F65489B0CDE6C,POWER,not_selected_for_target,,absence_from_expert_target_workbook,2738,21,2022,CREDIT-DFDA96E7DBDE,2231,,True,1
SRC-RAW-F76949D1DD217A102B47,POWER,not_selected_for_target,,absence_from_expert_target_workbook,2739,21,2022,CREDIT-AFC5712732FF,1711,,True,2
SRC-RAW-359D92627E8020C2DF5C,POWER,not_selected_for_target,,absence_from_expert_target_workbook,2740,22,2022,CREDIT-AFC5712732FF,1711,,True,2
SRC-RAW-D8136A7B508E4E2FCC65,POWER,not_selected_for_target,,absence_from_expert_target_workbook,2741,21,2022,CREDIT-26AC096A1124,1712,,True,2
SRC-RAW-E725086B20FBCC2A7913,POWER,not_selected_for_target,,absence_from_expert_target_workbook,2742,22,2022,CREDIT-26AC096A1124,1712,,True,2
SRC-RAW-CC08EBE3D67B8F2486C6,POWER,not_selected_for_target,,absence_from_expert_target_workbook,2743,21,2022,CREDIT-9D177BE417A2,2921,,True,5
SRC-RAW-566830B1ACC23FBA1019,POWER,not_selected_for_target,,absence_from_expert_target_workbook,2744,21,2022,CREDIT-DC3DC4FB7EEF,3130,,True,1
SRC-RAW-D06879EDD4051369656A,POWER,not_selected_for_target,,absence_from_expert_target_workbook,2745,21,2022,CREDIT-4292C9E0B36A,4430,,True,2
SRC-RAW-CE512E072868B79C26FD,POWER,not_selected_for_target,,absence_from_expert_target_workbook,2746,22,2022,CREDIT-4292C9E0B36A,4430,,True,2
SRC-RAW-1FD005B0F51D504DAECA,POWER,not_selected_for_target,,absence_from_expert_target_workbook,2747,21,2022,CREDIT-F83944EF5CC2,1779,,True,1
SRC-RAW-0F64281FBC2A708B39E0,POWER,not_selected_for_target,,absence_from_expert_target_workbook,2748,21,2022,CREDIT-707D313EF96C,3252,,True,5
SRC-RAW-249FD1A9880A976A9345,POWER,not_selected_for_target,,absence_from_expert_target_workbook,2749,22,2022,CREDIT-707D313EF96C,3252,,True,5
SRC-RAW-36725ACB20C103B608DD,POWER,not_selected_for_target,,absence_from_expert_target_workbook,2750,21,2022,CREDIT-849DBF783D1A,1713,,True,1
SRC-RAW-094C989C0E3666E15161,POWER,not_selected_for_target,,absence_from_expert_target_workbook,2751,21,2022,CREDIT-7DB71471629B,2221,,True,2
SRC-RAW-20323EBE3E82E32E4046,POWER,not_selected_for_target,,absence_from_expert_target_workbook,2752,21,2022,CREDIT-ED5811714D47,1713,,True,2
SRC-RAW-F4362B1F0DD113F7107D,POWER,include,211,canonical_expert_scope_order,2753,11,2022,CREDIT-3976670EE30F,4411,燃煤锅炉,True,0
SRC-RAW-568486153061EFF23C0E,POWER,include,212,canonical_expert_scope_order,2754,12,2022,CREDIT-3976670EE30F,4411,燃煤锅炉,True,0
SRC-RAW-C3BBF9D631AD3B1F5011,POWER,include,213,canonical_expert_scope_order,2755,13,2022,CREDIT-3976670EE30F,4411,燃煤锅炉,True,0
SRC-RAW-519099C4DE48B6F6BA2A,POWER,include,214,canonical_expert_scope_order,2756,14,2022,CREDIT-3976670EE30F,4411,燃煤锅炉,True,0
SRC-RAW-FD6EF161EFDABABAC119,POWER,include,215,canonical_expert_scope_order,2757,15,2022,CREDIT-3976670EE30F,4411,燃煤锅炉,True,0
SRC-RAW-5607458528344CD6A61E,POWER,include,216,canonical_expert_scope_order,2758,16,2022,CREDIT-3976670EE30F,4411,燃煤锅炉,True,0
SRC-RAW-8129FEA76C852631EB98,POWER,include,217,canonical_expert_scope_order,2759,17,2022,CREDIT-3976670EE30F,4411,燃煤锅炉,True,0
SRC-RAW-B9187C9F78C5A3A0B811,POWER,not_selected_for_target,,absence_from_expert_target_workbook,2760,21,2022,CREDIT-52A6343B74BF,2720,,True,3
SRC-RAW-756DDC258EDC774E98A5,POWER,not_selected_for_target,,absence_from_expert_target_workbook,2761,21,2022,CREDIT-AD29DD7C3A7A,2221,,True,2
SRC-RAW-5520BCCBC84D0CA301DB,POWER,not_selected_for_target,,absence_from_expert_target_workbook,2762,22,2022,CREDIT-AD29DD7C3A7A,2221,,True,2
SRC-RAW-D5413702E01E89A05CBE,POWER,not_selected_for_target,,absence_from_expert_target_workbook,2763,21,2022,CREDIT-491BB1BE158F,2023,,True,1
SRC-RAW-5DC2D34D18F7FBD3B293,POWER,not_selected_for_target,,absence_from_expert_target_workbook,2764,22,2022,CREDIT-491BB1BE158F,2023,,True,1
SRC-RAW-821A208CBB80331621E4,POWER,not_selected_for_target,,absence_from_expert_target_workbook,2765,21,2022,CREDIT-E8DC0D0A84FC,2231,,True,2
SRC-RAW-766FE5994AAA1BA6D9E1,POWER,not_selected_for_target,,absence_from_expert_target_workbook,2766,21,2022,CREDIT-9C4347A026F2,3360,,True,1
SRC-RAW-C9C59E3E4C38559A591D,POWER,not_selected_for_target,,absence_from_expert_target_workbook,2767,21,2022,CREDIT-FC515DF6963B,1713,,True,2
SRC-RAW-0C33EE8FC769C486F086,POWER,not_selected_for_target,,absence_from_expert_target_workbook,2768,22,2022,CREDIT-FC515DF6963B,1713,,True,2
SRC-RAW-9B592DE37B8B67411FAA,POWER,not_selected_for_target,,absence_from_expert_target_workbook,2769,21,2022,CREDIT-8BCF744E9438,1713,,True,2
SRC-RAW-63C27F4AF122BDC7BACC,POWER,not_selected_for_target,,absence_from_expert_target_workbook,2770,22,2022,CREDIT-8BCF744E9438,1713,,True,2
SRC-RAW-CD9366615DEB1A07CFCB,POWER,not_selected_for_target,,absence_from_expert_target_workbook,2771,21,2022,CREDIT-7CAEE82CE1D0,2710,,True,2
SRC-RAW-D967AC9289EA2A853CC9,POWER,not_selected_for_target,,absence_from_expert_target_workbook,2772,21,2022,CREDIT-ACFBECA4142B,3360,,True,3
SRC-RAW-7D71A9F4D415B292C8A6,POWER,not_selected_for_target,,absence_from_expert_target_workbook,2773,21,2022,CREDIT-E02E9C8691F6,1713,,True,2
SRC-RAW-B06FF50BA4AB3AF31867,POWER,not_selected_for_target,,absence_from_expert_target_workbook,2774,21,2022,CREDIT-E0F400350340,1392,,True,0
SRC-RAW-52ABEFDCD247E0AE3BBB,POWER,not_selected_for_target,,absence_from_expert_target_workbook,2775,21,2022,CREDIT-11F82545355A,1819,,True,0
SRC-RAW-16A3CA760C9CD56B0ABB,POWER,not_selected_for_target,,absence_from_expert_target_workbook,2776,22,2022,CREDIT-11F82545355A,1819,,True,0
SRC-RAW-B59982CA95F772ADC268,POWER,not_selected_for_target,,absence_from_expert_target_workbook,2777,21,2022,CREDIT-FD399B0272C8,2029,,True,1
SRC-RAW-6B54E64A1162B333C4E6,POWER,not_selected_for_target,,absence_from_expert_target_workbook,2778,21,2022,CREDIT-9AFD597F6711,2822,,True,3
SRC-RAW-585965911AD7B9ABDBB4,POWER,not_selected_for_target,,absence_from_expert_target_workbook,2779,22,2022,CREDIT-9AFD597F6711,2822,,True,3
SRC-RAW-2501ABC34878C9F2EB81,POWER,not_selected_for_target,,absence_from_expert_target_workbook,2780,21,2022,CREDIT-4BB1432EF0C3,2130,,True,1
SRC-RAW-BC2C6F03F53262F6DEDE,POWER,not_selected_for_target,,absence_from_expert_target_workbook,2781,21,2022,CREDIT-E7C70A137CB2,3031,,True,0
SRC-RAW-A895F1B78686354D2CF4,POWER,not_selected_for_target,,absence_from_expert_target_workbook,2782,21,2022,CREDIT-96733EC8D6B5,1819,,True,0
SRC-RAW-5EFCCF08CF28370B2F78,POWER,not_selected_for_target,,absence_from_expert_target_workbook,2783,21,2022,CREDIT-A13EEF5BBF1E,3360,,True,3
SRC-RAW-103D92045127E4E7C69B,POWER,not_selected_for_target,,absence_from_expert_target_workbook,2784,22,2022,CREDIT-A13EEF5BBF1E,3360,,True,3
SRC-RAW-DC173A78ABD1D4EA45D4,POWER,not_selected_for_target,,absence_from_expert_target_workbook,2785,23,2022,CREDIT-A13EEF5BBF1E,3360,,True,3
SRC-RAW-192F1177383D4CCC1E49,POWER,not_selected_for_target,,absence_from_expert_target_workbook,2786,21,2022,CREDIT-E093C9084B16,3360,,True,2
SRC-RAW-6D3E3B7DED9374C6CCAF,POWER,not_selected_for_target,,absence_from_expert_target_workbook,2787,21,2022,CREDIT-CF790C3BD24F,1713,,True,3
SRC-RAW-771E4EEA3F2ADB79147E,POWER,not_selected_for_target,,absence_from_expert_target_workbook,2788,21,2022,CREDIT-A503C0C159F7,3982,,True,1
SRC-RAW-7EB1C46051FBE0A19C02,POWER,not_selected_for_target,,absence_from_expert_target_workbook,2789,21,2022,CREDIT-701ADA1F466F,1811,,True,0
SRC-RAW-5DA84E5BB1BFA10FC2A0,POWER,not_selected_for_target,,absence_from_expert_target_workbook,2790,21,2022,CREDIT-F1DBE337DCDF,2710,,True,3
SRC-RAW-51BBAA74BBD7925A3321,POWER,not_selected_for_target,,absence_from_expert_target_workbook,2791,21,2022,CREDIT-CA162290582D,2720,,True,0
SRC-RAW-94EB63E8B214DE3E6F56,POWER,not_selected_for_target,,absence_from_expert_target_workbook,2792,21,2022,CREDIT-56995B830B2A,1713,,True,1
SRC-RAW-F591619B9D962026D162,POWER,not_selected_for_target,,absence_from_expert_target_workbook,2793,21,2022,CREDIT-B69C909A9B84,2822,,True,2
SRC-RAW-5A674BA4FABA4F7493D7,POWER,not_selected_for_target,,absence_from_expert_target_workbook,2794,21,2022,CREDIT-E4667DEE220A,2667,,True,1
SRC-RAW-D812BC1DFB6CCB64371C,POWER,not_selected_for_target,,absence_from_expert_target_workbook,2795,22,2022,CREDIT-E4667DEE220A,2667,,True,1
SRC-RAW-EFC96E3C215D64EAFD99,POWER,not_selected_for_target,,absence_from_expert_target_workbook,2796,21,2022,CREDIT-5B26F2FCF9EF,1462,,True,9
SRC-RAW-24045F9F9E14594BDBDF,POWER,not_selected_for_target,,absence_from_expert_target_workbook,2797,21,2022,CREDIT-FC030C9D15B8,1392,,True,2
SRC-RAW-CE7FBFB4A14D7E3A242D,POWER,not_selected_for_target,,absence_from_expert_target_workbook,2798,21,2022,CREDIT-C36E4BEDA44D,2239,,True,3
SRC-RAW-DE611E12C0DA8450AD18,POWER,not_selected_for_target,,absence_from_expert_target_workbook,2799,21,2022,CREDIT-75E0B9833B23,2022,,True,0
SRC-RAW-867A0516B58289A8B189,POWER,not_selected_for_target,,absence_from_expert_target_workbook,2800,21,2022,CREDIT-684CC7FD6ADC,1713,,True,1
SRC-RAW-4F529FFD72B6E393B5D2,POWER,not_selected_for_target,,absence_from_expert_target_workbook,2801,21,2022,CREDIT-6206981AB2FA,3024,,True,0
SRC-RAW-F8AE4D3EE977161D3ED0,POWER,not_selected_for_target,,absence_from_expert_target_workbook,2802,22,2022,CREDIT-6206981AB2FA,3024,,True,0
SRC-RAW-26100081002E1998CF93,POWER,not_selected_for_target,,absence_from_expert_target_workbook,2803,21,2022,CREDIT-A04C2DA53077,3360,,True,1
SRC-RAW-701DFEA81EC8DE6913A8,POWER,not_selected_for_target,,absence_from_expert_target_workbook,2804,21,2022,CREDIT-54F4C16BE096,3360,,True,1
SRC-RAW-2906AC075538ADB6401B,POWER,not_selected_for_target,,absence_from_expert_target_workbook,2805,21,2022,CREDIT-41B4439EA2E8,1462,,True,1
SRC-RAW-E74160F22F6BB76159E7,POWER,not_selected_for_target,,absence_from_expert_target_workbook,2806,21,2022,ORG-1CC020F521E3,3360,,True,0
SRC-RAW-8903F849E498CE3E44DF,POWER,not_selected_for_target,,absence_from_expert_target_workbook,2807,22,2022,ORG-1CC020F521E3,3360,,True,0
SRC-RAW-3773392A01F3A2325FB8,POWER,include,218,canonical_expert_scope_order,2808,11,2022,CREDIT-CBC02488D8D1,1713,燃煤锅炉,True,3
SRC-RAW-E011BD5622B4EF61996F,POWER,not_selected_for_target,,absence_from_expert_target_workbook,2809,21,2022,CREDIT-BF480BEDCE79,1711,,True,0
SRC-RAW-E15DB01DCBB71669921A,POWER,not_selected_for_target,,absence_from_expert_target_workbook,2810,21,2022,CREDIT-A7364EF6114B,3360,,True,1
SRC-RAW-570F09E022C953AB412E,POWER,not_selected_for_target,,absence_from_expert_target_workbook,2811,22,2022,CREDIT-A7364EF6114B,3360,,True,1
SRC-RAW-F6788FA76631915B0A23,POWER,not_selected_for_target,,absence_from_expert_target_workbook,2812,21,2022,CREDIT-6B615AEBE29C,1711,,True,2
SRC-RAW-97EA716F437BFB0F33BD,POWER,not_selected_for_target,,absence_from_expert_target_workbook,2813,21,2022,CREDIT-D12736BCB945,1762,,True,0
SRC-RAW-2D45A0FEE1C2DF519D86,POWER,not_selected_for_target,,absence_from_expert_target_workbook,2814,21,2022,CREDIT-B3A3A7987FB4,2022,,True,1
SRC-RAW-CB638369D31192657F8E,POWER,not_selected_for_target,,absence_from_expert_target_workbook,2815,21,2022,CREDIT-890A95144D59,1752,,True,0
SRC-RAW-2357FD701EFB063BB3A7,POWER,not_selected_for_target,,absence_from_expert_target_workbook,2816,21,2022,CREDIT-4A4658F4331A,3360,,True,1
SRC-RAW-E0DE0DF08E0F5FF6E12D,POWER,not_selected_for_target,,absence_from_expert_target_workbook,2817,22,2022,CREDIT-4A4658F4331A,3360,,True,1
SRC-RAW-03E6E32F6CF21C7AA070,POWER,not_selected_for_target,,absence_from_expert_target_workbook,2818,23,2022,CREDIT-4A4658F4331A,3360,,True,1
SRC-RAW-5373F3B8F7FF1900D012,POWER,not_selected_for_target,,absence_from_expert_target_workbook,2819,21,2022,CREDIT-9AC1221C3691,1329,,True,1
SRC-RAW-F54B906BFC1343AD43B3,POWER,not_selected_for_target,,absence_from_expert_target_workbook,2820,21,2022,CREDIT-44023EF24F7D,1462,,True,0
SRC-RAW-1BE553A79AF32B28D6DE,POWER,not_selected_for_target,,absence_from_expert_target_workbook,2821,22,2022,CREDIT-44023EF24F7D,1462,,True,0
SRC-RAW-C479E7721DCE7C715C41,POWER,not_selected_for_target,,absence_from_expert_target_workbook,2822,21,2022,CREDIT-0B6CA45A0324,1713,,True,2
SRC-RAW-A95B57E83DEAD978F698,POWER,not_selected_for_target,,absence_from_expert_target_workbook,2823,21,2022,CREDIT-113717109A35,1713,,True,3
SRC-RAW-7755813F355C9411C824,POWER,not_selected_for_target,,absence_from_expert_target_workbook,2824,21,2022,CREDIT-0E6E20642E24,3360,,True,1
SRC-RAW-B14ED4721F1B87D12126,POWER,not_selected_for_target,,absence_from_expert_target_workbook,2825,21,2022,CREDIT-8D82DB2D36A0,1419,,True,0
SRC-RAW-DB768E3960DC2F3EA897,POWER,not_selected_for_target,,absence_from_expert_target_workbook,2826,21,2022,CREDIT-FC8A1C99F1C2,3311,,True,1
SRC-RAW-79756C4A01FD66A87672,POWER,not_selected_for_target,,absence_from_expert_target_workbook,2827,21,2022,CREDIT-817CB4D9BA75,3360,,True,3
SRC-RAW-A96A9517A4718604FC8A,POWER,not_selected_for_target,,absence_from_expert_target_workbook,2828,21,2022,CREDIT-00E7E10D2CF9,1713,,True,1
SRC-RAW-DFE19DBE9EB2DC0F36A1,POWER,not_selected_for_target,,absence_from_expert_target_workbook,2829,22,2022,CREDIT-00E7E10D2CF9,1713,,True,1
SRC-RAW-519DAA065F1065DCAC62,POWER,not_selected_for_target,,absence_from_expert_target_workbook,2830,21,2022,CREDIT-43E90C8089A5,1713,,True,0
SRC-RAW-7813A6602AB08D5E89F8,POWER,not_selected_for_target,,absence_from_expert_target_workbook,2831,21,2022,CREDIT-E8937233EF6D,2221,,True,1
SRC-RAW-8B3334BCF034502331DE,POWER,not_selected_for_target,,absence_from_expert_target_workbook,2832,21,2022,CREDIT-42F8769FC3D0,3360,,True,1
SRC-RAW-AD860A67C969CC5EDB3A,POWER,not_selected_for_target,,absence_from_expert_target_workbook,2833,21,2022,CREDIT-4CB09A0C6945,1523,,True,1
SRC-RAW-90E31B8E81039059F51E,POWER,not_selected_for_target,,absence_from_expert_target_workbook,2834,21,2022,CREDIT-98158F390D04,3360,,True,0
SRC-RAW-7037631EF196ADB2BD49,POWER,not_selected_for_target,,absence_from_expert_target_workbook,2835,21,2022,CREDIT-DAF5979DF655,3360,,True,1
SRC-RAW-349302B024DC66E12D00,POWER,not_selected_for_target,,absence_from_expert_target_workbook,2836,21,2022,CREDIT-67EA431F9797,3360,,True,0
SRC-RAW-6FDEC22A7FF2261FEE51,POWER,not_selected_for_target,,absence_from_expert_target_workbook,2837,21,2022,CREDIT-259C05026BC4,3360,,True,0
SRC-RAW-9ABC48AF22E5E29A5A80,POWER,not_selected_for_target,,absence_from_expert_target_workbook,2838,21,2022,CREDIT-AB65727BDD40,3360,,True,3
SRC-RAW-B960A302E802DF2B774D,POWER,not_selected_for_target,,absence_from_expert_target_workbook,2839,22,2022,CREDIT-AB65727BDD40,3360,,True,3
SRC-RAW-58D392F757D993DA26E3,POWER,not_selected_for_target,,absence_from_expert_target_workbook,2840,23,2022,CREDIT-AB65727BDD40,3360,,True,3
SRC-RAW-B5908C0301AA9D0E6E94,POWER,include,219,canonical_expert_scope_order,2841,11,2022,CREDIT-2D808EE5C732,2221,燃煤锅炉,True,2
SRC-RAW-CA36D74776AAC59961A2,POWER,not_selected_for_target,,absence_from_expert_target_workbook,2842,21,2022,CREDIT-A22C85E0FF12,3360,,True,8
SRC-RAW-9F010C49E3DAAD1CE087,POWER,not_selected_for_target,,absence_from_expert_target_workbook,2843,22,2022,CREDIT-A22C85E0FF12,3360,,True,8
SRC-RAW-FB8A12607B691AE0D04E,POWER,not_selected_for_target,,absence_from_expert_target_workbook,2844,23,2022,CREDIT-A22C85E0FF12,3360,,True,8
SRC-RAW-91CEBB2E76541D5F8187,POWER,not_selected_for_target,,absence_from_expert_target_workbook,2845,21,2022,CREDIT-EE0339DA9AB2,4190,,True,0
SRC-RAW-29A598351FC6E1AB9F7B,POWER,not_selected_for_target,,absence_from_expert_target_workbook,2846,21,2022,CREDIT-77ED4BB4A8E5,3360,,True,0
SRC-RAW-2B5F9EE7C17F7DE3E88B,POWER,not_selected_for_target,,absence_from_expert_target_workbook,2847,22,2022,CREDIT-77ED4BB4A8E5,3360,,True,0
SRC-RAW-4DAA2EBCCDAA62C772E5,POWER,not_selected_for_target,,absence_from_expert_target_workbook,2848,23,2022,CREDIT-77ED4BB4A8E5,3360,,True,0
SRC-RAW-3424F0ABEB8780E0FE64,POWER,not_selected_for_target,,absence_from_expert_target_workbook,2849,21,2022,CREDIT-CD2954A7ECD0,3360,,True,0
SRC-RAW-D4F979ABC98741139280,POWER,not_selected_for_target,,absence_from_expert_target_workbook,2850,21,2022,CREDIT-368E69E98A87,1462,,True,0
SRC-RAW-8BD05D715D2CE17E2CD0,POWER,not_selected_for_target,,absence_from_expert_target_workbook,2851,21,2022,CREDIT-6DC971F8419F,3982,,True,35
SRC-RAW-04C7449E7E64DBB89AE7,POWER,not_selected_for_target,,absence_from_expert_target_workbook,2852,21,2022,CREDIT-F1AD0C2953DC,2231,,True,2
SRC-RAW-FA24F53BF4AB709B6049,POWER,not_selected_for_target,,absence_from_expert_target_workbook,2853,22,2022,CREDIT-F1AD0C2953DC,2231,,True,2
SRC-RAW-7E6AB2E3322FC7C94BDC,POWER,not_selected_for_target,,absence_from_expert_target_workbook,2854,21,2022,CREDIT-2A012AE3E1DD,1462,,True,0
SRC-RAW-2FB2846877D0D3139594,POWER,not_selected_for_target,,absence_from_expert_target_workbook,2855,22,2022,CREDIT-2A012AE3E1DD,1462,,True,0
SRC-RAW-E8A404AFED2D56FF1827,POWER,not_selected_for_target,,absence_from_expert_target_workbook,2856,23,2022,CREDIT-2A012AE3E1DD,1462,,True,0
SRC-RAW-79593D2F7AE991377F32,POWER,not_selected_for_target,,absence_from_expert_target_workbook,2857,21,2022,CREDIT-0DDFD6B1C0E0,2613,,True,3
SRC-RAW-9410F4A0544671B6A813,POWER,not_selected_for_target,,absence_from_expert_target_workbook,2858,21,2022,CREDIT-8E1D56F2CEFE,1910,,True,4
SRC-RAW-45216EE210632C3EB367,POWER,not_selected_for_target,,absence_from_expert_target_workbook,2859,21,2022,CREDIT-8A23B56F76FD,1329,,True,3
SRC-RAW-68724838A403C7A7AF1E,POWER,not_selected_for_target,,absence_from_expert_target_workbook,2860,22,2022,CREDIT-8A23B56F76FD,1329,,True,3
SRC-RAW-CC42DD79319D5D4DF6AD,POWER,not_selected_for_target,,absence_from_expert_target_workbook,2861,21,2022,CREDIT-74A4564F5B40,3982,,True,23
SRC-RAW-BE47467266A22219761E,POWER,not_selected_for_target,,absence_from_expert_target_workbook,2862,21,2022,CREDIT-397C5E1003E2,2239,,True,0
SRC-RAW-22CCD26A0B08C7299BFC,POWER,not_selected_for_target,,absence_from_expert_target_workbook,2863,21,2022,CREDIT-5A672C6C91B5,1462,,True,1
SRC-RAW-30F20568DEE52C9C4CD0,POWER,not_selected_for_target,,absence_from_expert_target_workbook,2864,21,2022,CREDIT-AAF02DB600FF,1713,,True,1
SRC-RAW-F790726CFD8BAFE59941,POWER,not_selected_for_target,,absence_from_expert_target_workbook,2865,22,2022,CREDIT-AAF02DB600FF,1713,,True,1
SRC-RAW-04A61DED8F755B7361B1,POWER,not_selected_for_target,,absence_from_expert_target_workbook,2866,21,2022,CREDIT-13CB3F51BD92,1353,,True,0
SRC-RAW-73AFD237AF021A9DBA1A,POWER,not_selected_for_target,,absence_from_expert_target_workbook,2867,21,2022,ORG-9BB4CBD01C4D,2319,,True,2
SRC-RAW-F3AC4BB116194804641F,POWER,not_selected_for_target,,absence_from_expert_target_workbook,2868,21,2022,CREDIT-25747CB34996,2231,,True,3
SRC-RAW-15D8604C9DA23F091860,POWER,not_selected_for_target,,absence_from_expert_target_workbook,2869,21,2022,CREDIT-9811D7A85B40,1432,,True,0
SRC-RAW-DCF89440B11276CD7140,POWER,not_selected_for_target,,absence_from_expert_target_workbook,2870,22,2022,CREDIT-9811D7A85B40,1432,,True,0
SRC-RAW-BAF963863D114AE4C1F6,POWER,not_selected_for_target,,absence_from_expert_target_workbook,2871,21,2022,ORG-C0E7E6B55488,3982,,True,33
SRC-RAW-4AE9F28C5B2570AD03D0,POWER,not_selected_for_target,,absence_from_expert_target_workbook,2872,21,2022,CREDIT-11D46B9661E1,1392,,True,1
SRC-RAW-1B293AB70438907B9B7D,POWER,not_selected_for_target,,absence_from_expert_target_workbook,2873,21,2022,CREDIT-8A37F96B7D94,2190,,True,15
SRC-RAW-F628AE4FC7ACEE5C401F,POWER,not_selected_for_target,,absence_from_expert_target_workbook,2874,22,2022,CREDIT-8A37F96B7D94,2190,,True,15
SRC-RAW-CF902CFBF1420DC9244C,POWER,not_selected_for_target,,absence_from_expert_target_workbook,2875,23,2022,CREDIT-8A37F96B7D94,2190,,True,15
SRC-RAW-8D257AB395A7F7F2381D,POWER,not_selected_for_target,,absence_from_expert_target_workbook,2876,21,2022,CREDIT-28C12438DC09,3360,,True,8
SRC-RAW-CDC7D67DF2C14DB6C6B5,POWER,not_selected_for_target,,absence_from_expert_target_workbook,2877,22,2022,CREDIT-28C12438DC09,3360,,True,8
SRC-RAW-4E2A2F109D6C239D0B08,POWER,not_selected_for_target,,absence_from_expert_target_workbook,2878,21,2022,CREDIT-1A22BA485229,1713,,True,0
SRC-RAW-EB5E1952026CF33CF33C,POWER,not_selected_for_target,,absence_from_expert_target_workbook,2879,22,2022,CREDIT-1A22BA485229,1713,,True,0
SRC-RAW-D14BA715E55C24E291A7,POWER,not_selected_for_target,,absence_from_expert_target_workbook,2880,21,2022,CREDIT-08016EA549F3,1752,,True,2
SRC-RAW-12C7E9F9C5B64F3EA0A0,POWER,not_selected_for_target,,absence_from_expert_target_workbook,2881,21,2022,CREDIT-024465BFD301,1819,,True,1
SRC-RAW-F48ED1084B2039633D0A,POWER,not_selected_for_target,,absence_from_expert_target_workbook,2882,21,2022,CREDIT-B50744C5DC69,1752,,True,3
SRC-RAW-37B676469D5EC2D8BD8C,POWER,not_selected_for_target,,absence_from_expert_target_workbook,2883,22,2022,CREDIT-B50744C5DC69,1752,,True,3
SRC-RAW-E97320CD5772DECBFFA9,POWER,not_selected_for_target,,absence_from_expert_target_workbook,2884,21,2022,CREDIT-BFE45CD74776,2239,,True,3
SRC-RAW-40AC94ECDC48F0AA477B,POWER,not_selected_for_target,,absence_from_expert_target_workbook,2885,21,2022,CREDIT-30BAE608F03E,1752,,True,2
SRC-RAW-E23232AE5D0E7674BBB9,POWER,not_selected_for_target,,absence_from_expert_target_workbook,2886,22,2022,CREDIT-30BAE608F03E,1752,,True,2
SRC-RAW-4F179B0DA6442156C80C,POWER,not_selected_for_target,,absence_from_expert_target_workbook,2887,21,2022,CREDIT-C9E61E0DBE58,1351,,True,2
SRC-RAW-6157B8CB10C989FB0B87,POWER,not_selected_for_target,,absence_from_expert_target_workbook,2888,22,2022,CREDIT-C9E61E0DBE58,1351,,True,2
SRC-RAW-2823C4580659A06EE1DE,POWER,not_selected_for_target,,absence_from_expert_target_workbook,2889,21,2022,CREDIT-1D616A353041,1830,,True,1
SRC-RAW-50021B91580AE1740BBD,POWER,not_selected_for_target,,absence_from_expert_target_workbook,2890,21,2022,CREDIT-A8FC04F48AE1,2925,,True,2
SRC-RAW-685A00828FAB359467A4,POWER,not_selected_for_target,,absence_from_expert_target_workbook,2891,22,2022,CREDIT-A8FC04F48AE1,2925,,True,2
SRC-RAW-C81FA5E9371DCCC1953F,POWER,not_selected_for_target,,absence_from_expert_target_workbook,2892,21,2022,CREDIT-0C791A8F2543,2651,,True,7
SRC-RAW-3FEE277A7F25883026B3,POWER,not_selected_for_target,,absence_from_expert_target_workbook,2893,22,2022,CREDIT-0C791A8F2543,2651,,True,7
SRC-RAW-5856C8FBC20BD7F7562E,POWER,not_selected_for_target,,absence_from_expert_target_workbook,2894,21,2022,CREDIT-FD0B44389D29,1713,,True,3
SRC-RAW-341A05EE380F444BF552,POWER,not_selected_for_target,,absence_from_expert_target_workbook,2895,22,2022,CREDIT-FD0B44389D29,1713,,True,3
SRC-RAW-7E96ED5BEE9AEABA936C,POWER,not_selected_for_target,,absence_from_expert_target_workbook,2896,23,2022,CREDIT-FD0B44389D29,1713,,True,3
SRC-RAW-1B901AF7FB838246455B,POWER,not_selected_for_target,,absence_from_expert_target_workbook,2897,24,2022,CREDIT-FD0B44389D29,1713,,True,3
SRC-RAW-BA95D82878C34295FC75,POWER,not_selected_for_target,,absence_from_expert_target_workbook,2898,25,2022,CREDIT-FD0B44389D29,1713,,True,3
SRC-RAW-B017BCB403496F3E70A1,POWER,not_selected_for_target,,absence_from_expert_target_workbook,2899,26,2022,CREDIT-FD0B44389D29,1713,,True,3
SRC-RAW-4B071D338ADB64FF102B,POWER,not_selected_for_target,,absence_from_expert_target_workbook,2900,21,2022,CREDIT-F768029666D5,1713,,True,2
SRC-RAW-942711CB27AECF62BCE6,POWER,not_selected_for_target,,absence_from_expert_target_workbook,2901,22,2022,CREDIT-F768029666D5,1713,,True,2
SRC-RAW-3455D242F1C803FE6089,POWER,not_selected_for_target,,absence_from_expert_target_workbook,2902,21,2022,CREDIT-CB3FD70248CD,3333,,True,3
SRC-RAW-B3213B6CA969CD54A800,POWER,not_selected_for_target,,absence_from_expert_target_workbook,2903,22,2022,CREDIT-CB3FD70248CD,3333,,True,3
SRC-RAW-87A7369C60AB12C3F6ED,POWER,not_selected_for_target,,absence_from_expert_target_workbook,2904,21,2022,CREDIT-C09024358AA4,2929,,True,26
SRC-RAW-10799553F0EC2AF58164,POWER,not_selected_for_target,,absence_from_expert_target_workbook,2905,21,2022,CREDIT-FD55CD5D5460,1752,,True,0
SRC-RAW-64F67D85ED6B09B0853F,POWER,not_selected_for_target,,absence_from_expert_target_workbook,2906,21,2022,CREDIT-698E53465398,2022,,True,4
SRC-RAW-92E6D9483E4C55597412,POWER,not_selected_for_target,,absence_from_expert_target_workbook,2907,22,2022,CREDIT-698E53465398,2022,,True,4
SRC-RAW-341C2819134BF253DC04,POWER,not_selected_for_target,,absence_from_expert_target_workbook,2908,23,2022,CREDIT-698E53465398,2022,,True,4
SRC-RAW-E885BCD763CEE1DA31DB,POWER,not_selected_for_target,,absence_from_expert_target_workbook,2909,21,2022,CREDIT-B93279D96E91,3982,,True,36
SRC-RAW-CCF28152C44845D4E274,POWER,not_selected_for_target,,absence_from_expert_target_workbook,2910,21,2022,ORG-26FC1B3A8AFB,2613,,True,0
SRC-RAW-35958EB68D880C8EE08A,POWER,not_selected_for_target,,absence_from_expert_target_workbook,2911,21,2022,CREDIT-E95FEE7AB97A,1743,,True,0
SRC-RAW-93502270B10200EED92F,POWER,not_selected_for_target,,absence_from_expert_target_workbook,2912,21,2022,CREDIT-86606C5DD314,2021,,True,10
SRC-RAW-B135EE0B755218EE2875,POWER,not_selected_for_target,,absence_from_expert_target_workbook,2913,22,2022,CREDIT-86606C5DD314,2021,,True,10
SRC-RAW-03A7FBCF2BB133A97858,POWER,not_selected_for_target,,absence_from_expert_target_workbook,2914,21,2022,CREDIT-10559E534E90,2239,,True,3
SRC-RAW-76603BB687FA691A1EB5,POWER,not_selected_for_target,,absence_from_expert_target_workbook,2915,22,2022,CREDIT-10559E534E90,2239,,True,3
SRC-RAW-6FA540635CE9376956F2,POWER,not_selected_for_target,,absence_from_expert_target_workbook,2916,21,2022,CREDIT-022FBD40D542,3360,,True,2
SRC-RAW-0A1452134C6DA261747D,POWER,not_selected_for_target,,absence_from_expert_target_workbook,2917,21,2022,CREDIT-CBEF72E9D1B7,3360,,True,3
SRC-RAW-2FFE239DA4BCB38D7915,POWER,not_selected_for_target,,absence_from_expert_target_workbook,2918,22,2022,CREDIT-CBEF72E9D1B7,3360,,True,3
SRC-RAW-294BD0892645B59CFE1F,POWER,not_selected_for_target,,absence_from_expert_target_workbook,2919,21,2022,CREDIT-5AE9A1F3B0AE,1713,,True,1
SRC-RAW-28382250DDB3E29C0D33,POWER,not_selected_for_target,,absence_from_expert_target_workbook,2920,21,2022,CREDIT-791A3ECC44CE,1713,,True,3
SRC-RAW-02C3AD7C6A1E4CD731A5,POWER,not_selected_for_target,,absence_from_expert_target_workbook,2921,22,2022,CREDIT-791A3ECC44CE,1713,,True,3
SRC-RAW-A1B072585C38520BBD42,POWER,not_selected_for_target,,absence_from_expert_target_workbook,2922,23,2022,CREDIT-791A3ECC44CE,1713,,True,3
SRC-RAW-7BE0ACCCFA841DAACE99,POWER,not_selected_for_target,,absence_from_expert_target_workbook,2923,21,2022,ORG-DDF913EE37A7,1513,,True,4
SRC-RAW-A6FFB5EFD995694A2A8B,POWER,not_selected_for_target,,absence_from_expert_target_workbook,2924,22,2022,ORG-DDF913EE37A7,1513,,True,4
SRC-RAW-F48BB468C8612404A070,POWER,include,220,canonical_expert_scope_order,2925,11,2022,ORG-423AE995A569,4411,燃煤锅炉,True,12
SRC-RAW-00C256E474D31C7B6CE7,POWER,include,221,canonical_expert_scope_order,2926,12,2022,ORG-423AE995A569,4411,燃煤锅炉,True,12
SRC-RAW-6811A2193F6208E866A7,POWER,include,222,canonical_expert_scope_order,2927,13,2022,ORG-423AE995A569,4411,燃煤锅炉,True,12
SRC-RAW-0543F60FDC1976D763BF,POWER,include,223,canonical_expert_scope_order,2928,14,2022,ORG-423AE995A569,4411,燃煤锅炉,True,12
SRC-RAW-96535C8A37B94812FA54,POWER,not_selected_for_target,,absence_from_expert_target_workbook,2929,21,2022,CREDIT-D366FCD816CA,1329,,True,0
SRC-RAW-B851B5BEBF4E6DE35D9E,POWER,not_selected_for_target,,absence_from_expert_target_workbook,2930,21,2022,CREDIT-781BC1BF8AF1,1329,,True,4
SRC-RAW-F9F1283EF6171C4561BA,POWER,not_selected_for_target,,absence_from_expert_target_workbook,2931,22,2022,CREDIT-781BC1BF8AF1,1329,,True,4
SRC-RAW-59D25E06FBF47F3798DD,POWER,include,224,canonical_expert_scope_order,2932,11,2022,CREDIT-908CF8B91FA7,4411,燃煤锅炉,True,6
SRC-RAW-F80BE95D6F30E218DDD0,POWER,include,225,canonical_expert_scope_order,2933,12,2022,CREDIT-908CF8B91FA7,4411,,True,6
SRC-RAW-2B3B38FDF025083ACB88,POWER,not_selected_for_target,,absence_from_expert_target_workbook,2934,21,2022,CREDIT-4B79808609AB,1620,,True,3
SRC-RAW-08F18D43F0D441168144,POWER,not_selected_for_target,,absence_from_expert_target_workbook,2935,22,2022,CREDIT-4B79808609AB,1620,,True,3
SRC-RAW-5B7AD83CFB3C8D968AC8,POWER,not_selected_for_target,,absence_from_expert_target_workbook,2936,21,2022,CREDIT-3D5231F2B470,2511,,True,1
SRC-RAW-970E75DA00C9BA1EF096,POWER,not_selected_for_target,,absence_from_expert_target_workbook,2937,21,2022,CREDIT-4AC5775A11B7,1361,,True,1
SRC-RAW-A6E23B82118994406620,POWER,not_selected_for_target,,absence_from_expert_target_workbook,2938,21,2022,CREDIT-D523DCE7B8CD,2720,,True,2
SRC-RAW-E3655C29A72A0ADCDBA0,POWER,not_selected_for_target,,absence_from_expert_target_workbook,2939,22,2022,CREDIT-D523DCE7B8CD,2720,,True,2
SRC-RAW-3243353191D8DF36BC65,POWER,not_selected_for_target,,absence_from_expert_target_workbook,2940,21,2022,CREDIT-805FBAAAD135,2319,,True,0
SRC-RAW-2C9B0434E760F7C71FEA,POWER,not_selected_for_target,,absence_from_expert_target_workbook,2941,21,2022,CREDIT-13764294FF49,2740,,True,0
SRC-RAW-F3D48E0E23B64F9DC1FC,POWER,not_selected_for_target,,absence_from_expert_target_workbook,2942,21,2022,ORG-023729423508,1331,,True,2
SRC-RAW-EE22E15D60E5F3179A7C,POWER,not_selected_for_target,,absence_from_expert_target_workbook,2943,21,2022,CREDIT-0592A2A6BA07,2511,,True,7
SRC-RAW-AF7E572CC50536BFDCC0,POWER,not_selected_for_target,,absence_from_expert_target_workbook,2944,21,2022,CREDIT-83E691EFCE01,1329,,True,0
SRC-RAW-07FF63917BAAF42393B6,POWER,not_selected_for_target,,absence_from_expert_target_workbook,2945,21,2022,CREDIT-7CD95190018D,1331,,True,16
SRC-RAW-57D46C27B1166E5CD727,POWER,not_selected_for_target,,absence_from_expert_target_workbook,2946,22,2022,CREDIT-7CD95190018D,1331,,True,16
SRC-RAW-22CCDBE712A1E60D0D34,POWER,not_selected_for_target,,absence_from_expert_target_workbook,2947,23,2022,CREDIT-7CD95190018D,1331,,True,16
SRC-RAW-40ACAED3D7343C469136,POWER,not_selected_for_target,,absence_from_expert_target_workbook,2948,21,2022,CREDIT-BEA7FF6186B2,2651,,True,3
SRC-RAW-5DE462892D08E5700D7B,POWER,not_selected_for_target,,absence_from_expert_target_workbook,2949,22,2022,CREDIT-BEA7FF6186B2,2651,,True,3
SRC-RAW-162ABDED3C1AEAC553D7,POWER,not_selected_for_target,,absence_from_expert_target_workbook,2950,21,2022,CREDIT-8375CFA10516,2511,,True,1
SRC-RAW-E27642249652399EC7B0,POWER,not_selected_for_target,,absence_from_expert_target_workbook,2951,21,2022,CREDIT-2079CD2FAC11,1331,,True,3
SRC-RAW-65311CCF59250832E9B7,POWER,not_selected_for_target,,absence_from_expert_target_workbook,2952,22,2022,CREDIT-2079CD2FAC11,1331,,True,3
SRC-RAW-C6F4572EF497846E3B2C,POWER,not_selected_for_target,,absence_from_expert_target_workbook,2953,21,2022,CREDIT-5F9458E20CBC,1361,,True,0
SRC-RAW-9699BFF774DEF7621975,POWER,not_selected_for_target,,absence_from_expert_target_workbook,2954,21,2022,CREDIT-0CCEC12FDBBC,1361,,True,0
SRC-RAW-9B7FE9759B7C2B26302B,POWER,not_selected_for_target,,absence_from_expert_target_workbook,2955,21,2022,ORG-99A97965E9FD,1329,,True,1
SRC-RAW-B4ADA3FD95BF8CF2C554,POWER,not_selected_for_target,,absence_from_expert_target_workbook,2956,21,2022,CREDIT-98B485E5182E,3021,,True,2
SRC-RAW-455074433E4801B40FF8,POWER,not_selected_for_target,,absence_from_expert_target_workbook,2957,21,2022,CREDIT-9636230427C8,2624,,True,2
SRC-RAW-94BE44414A86E0BA753A,POWER,not_selected_for_target,,absence_from_expert_target_workbook,2958,21,2022,CREDIT-AC271D4026D1,2924,,True,3
SRC-RAW-00E98C63BA7116279279,POWER,not_selected_for_target,,absence_from_expert_target_workbook,2959,22,2022,CREDIT-AC271D4026D1,2924,,True,3
SRC-RAW-0380C629EC4DDD7F3CE7,POWER,not_selected_for_target,,absence_from_expert_target_workbook,2960,21,2022,CREDIT-AFE3FD991A7E,1329,,True,1
SRC-RAW-E32BD25DFEDA8A615F55,POWER,not_selected_for_target,,absence_from_expert_target_workbook,2961,21,2022,CREDIT-F15FB6E6AA3A,2662,,True,0
SRC-RAW-67DF047200604004321B,POWER,not_selected_for_target,,absence_from_expert_target_workbook,2962,21,2022,CREDIT-ACCE5E2663CE,1523,,True,1
SRC-RAW-11523E98107915016E0E,POWER,not_selected_for_target,,absence_from_expert_target_workbook,2963,21,2022,CREDIT-8D4C84048332,3091,,True,2
SRC-RAW-2D2E3617122700942FF6,POWER,not_selected_for_target,,absence_from_expert_target_workbook,2964,21,2022,CREDIT-130BCFDC3F02,1329,,True,2
SRC-RAW-4B9E86F5692AF17ED711,POWER,not_selected_for_target,,absence_from_expert_target_workbook,2965,22,2022,CREDIT-130BCFDC3F02,1329,,True,2
SRC-RAW-B7055220CFF10280C5E4,POWER,not_selected_for_target,,absence_from_expert_target_workbook,2966,21,2022,CREDIT-08CCF23E4520,1353,,True,2
SRC-RAW-42E5FCF844513850644E,POWER,not_selected_for_target,,absence_from_expert_target_workbook,2967,11,2022,CREDIT-CED9EB86C45C,4419,燃生物质锅炉,True,9
SRC-RAW-D6569DF3A631C375F067,POWER,not_selected_for_target,,absence_from_expert_target_workbook,2968,12,2022,CREDIT-CED9EB86C45C,4419,燃生物质锅炉,True,9
SRC-RAW-31E90A9CED583117FE86,POWER,not_selected_for_target,,absence_from_expert_target_workbook,2969,13,2022,CREDIT-CED9EB86C45C,4419,燃生物质锅炉,True,9
SRC-RAW-85EA4B5FA5F27FA55FEA,POWER,not_selected_for_target,,absence_from_expert_target_workbook,2970,21,2022,CREDIT-E62CC7E5ADBB,3021,,True,1
SRC-RAW-82B5E171E5A1637B8B24,POWER,include,226,canonical_expert_scope_order,2971,11,2022,CREDIT-C229A403288B,2221,燃煤锅炉,True,3
SRC-RAW-7A0BDFFBBE8DF52BDD9A,POWER,not_selected_for_target,,absence_from_expert_target_workbook,2972,21,2022,CREDIT-7804152FF57A,2319,,True,1
SRC-RAW-230C1A4ABB4A6653AE94,POWER,not_selected_for_target,,absence_from_expert_target_workbook,2973,21,2022,ORG-A51C8404AF5D,2319,,True,0
SRC-RAW-880A4DABB83E7F78ABA1,POWER,not_selected_for_target,,absence_from_expert_target_workbook,2974,11,2022,ORG-62E40CF7A237,1340,燃生物质锅炉,True,2
SRC-RAW-F3A76496521E3ED98EAB,POWER,not_selected_for_target,,absence_from_expert_target_workbook,2975,12,2022,ORG-62E40CF7A237,1340,燃生物质锅炉,True,2
SRC-RAW-B81AFDE12C5185BD8B5A,POWER,not_selected_for_target,,absence_from_expert_target_workbook,2976,21,2022,CREDIT-5681243F95F8,1441,,True,0
SRC-RAW-A5FD6EB514DF454AA20B,POWER,not_selected_for_target,,absence_from_expert_target_workbook,2977,22,2022,CREDIT-5681243F95F8,1441,,True,0
SRC-RAW-A69675A381C3F18A8EFC,POWER,include,227,canonical_expert_scope_order,2978,11,2022,CREDIT-431971206AC4,2211,燃煤锅炉,True,12
SRC-RAW-0A1C442720A5D0A0B25E,POWER,include,228,canonical_expert_scope_order,2979,12,2022,CREDIT-431971206AC4,2211,燃煤锅炉,True,12
SRC-RAW-618565C484D6DB8278DB,POWER,include,229,canonical_expert_scope_order,2980,13,2022,CREDIT-431971206AC4,2211,燃煤锅炉,True,12
SRC-RAW-AD3321CD5519C4AFA0B9,POWER,include,230,canonical_expert_scope_order,2981,14,2022,CREDIT-431971206AC4,2211,燃煤锅炉,True,12
SRC-RAW-C3D59EFB67B91B98AF0A,POWER,not_selected_for_target,,absence_from_expert_target_workbook,2982,21,2022,CREDIT-329B6D125C96,1391,,True,1
SRC-RAW-7A3FECD810EC37C2A406,POWER,not_selected_for_target,,absence_from_expert_target_workbook,2983,21,2022,CREDIT-FC5E5688A52C,1511,,True,3
SRC-RAW-D8FE6D894F6CB995850D,POWER,not_selected_for_target,,absence_from_expert_target_workbook,2984,22,2022,CREDIT-FC5E5688A52C,1511,,True,3
SRC-RAW-8887761FFD2352F1185E,POWER,not_selected_for_target,,absence_from_expert_target_workbook,2985,23,2022,CREDIT-FC5E5688A52C,1511,,True,3
SRC-RAW-66B9EC18C327CABD8CD8,POWER,not_selected_for_target,,absence_from_expert_target_workbook,2986,24,2022,CREDIT-FC5E5688A52C,1511,,True,3
SRC-RAW-16867003BFCEEE83A9E9,POWER,not_selected_for_target,,absence_from_expert_target_workbook,2987,25,2022,CREDIT-FC5E5688A52C,1511,,True,3
SRC-RAW-B21C76F77DB0AC685C94,POWER,not_selected_for_target,,absence_from_expert_target_workbook,2988,26,2022,CREDIT-FC5E5688A52C,1511,,True,3
SRC-RAW-D6775E884FB0464EFF38,POWER,not_selected_for_target,,absence_from_expert_target_workbook,2989,27,2022,CREDIT-FC5E5688A52C,1511,,True,3
SRC-RAW-1B4454155E3E441B9D8D,POWER,not_selected_for_target,,absence_from_expert_target_workbook,2990,21,2022,CREDIT-1C489F4227F9,1529,,True,2
SRC-RAW-A5ACF8BC692B456872FC,POWER,not_selected_for_target,,absence_from_expert_target_workbook,2991,21,2022,CREDIT-35260F11DB2E,1352,,True,1
SRC-RAW-73110D32EB4CDA304ABB,POWER,not_selected_for_target,,absence_from_expert_target_workbook,2992,21,2022,CREDIT-350468FE56C5,2919,,True,2
SRC-RAW-F646D345ED715E0A2185,POWER,not_selected_for_target,,absence_from_expert_target_workbook,2993,21,2022,CREDIT-D4E57920177B,1340,,True,3
SRC-RAW-4AA6AC910D3BFC6B29B3,POWER,not_selected_for_target,,absence_from_expert_target_workbook,2994,22,2022,CREDIT-D4E57920177B,1340,,True,3
SRC-RAW-767E1E9FD8B30B03093D,POWER,not_selected_for_target,,absence_from_expert_target_workbook,2995,23,2022,CREDIT-D4E57920177B,1340,,True,3
SRC-RAW-AE6B9B308E20EFD34309,POWER,not_selected_for_target,,absence_from_expert_target_workbook,2996,21,2022,CREDIT-B6D141C0813B,2221,,True,0
SRC-RAW-1EB7C13F069907F85625,POWER,not_selected_for_target,,absence_from_expert_target_workbook,2997,11,2022,CREDIT-7DC10A29B2CE,4417,燃生物质锅炉,True,2
SRC-RAW-3873ED2380D11ED91A77,POWER,not_selected_for_target,,absence_from_expert_target_workbook,2998,12,2022,CREDIT-7DC10A29B2CE,4417,燃生物质锅炉,True,2
SRC-RAW-E1D1CFC73997DBD74ACD,POWER,not_selected_for_target,,absence_from_expert_target_workbook,2999,21,2022,CREDIT-F40764FA629E,2221,,True,3
SRC-RAW-D047539A8B3FBECE848F,POWER,not_selected_for_target,,absence_from_expert_target_workbook,3000,21,2022,CREDIT-1B55EC56CF6B,2221,,True,2
SRC-RAW-25F833FA52F5E5BEF7A1,POWER,not_selected_for_target,,absence_from_expert_target_workbook,3001,21,2022,CREDIT-225213E68996,2221,,True,0
SRC-RAW-34FAB8CBECE64F1757E0,POWER,not_selected_for_target,,absence_from_expert_target_workbook,3002,21,2022,CREDIT-77626D02BE42,1340,,True,1
SRC-RAW-8CF4DAAA9A1D5633F069,POWER,not_selected_for_target,,absence_from_expert_target_workbook,3003,21,2022,CREDIT-6548C6F82F04,2221,,True,2
SRC-RAW-7331F501285AD513B07E,POWER,not_selected_for_target,,absence_from_expert_target_workbook,3004,21,2022,CREDIT-522E70BC0CC7,1340,,True,4
SRC-RAW-88FF62B097EC70EC2E51,POWER,not_selected_for_target,,absence_from_expert_target_workbook,3005,22,2022,CREDIT-522E70BC0CC7,1340,,True,4
SRC-RAW-305E3ACE4CBBC56F90B0,POWER,not_selected_for_target,,absence_from_expert_target_workbook,3006,23,2022,CREDIT-522E70BC0CC7,1340,,True,4
SRC-RAW-A97C9F1808BD7284D614,POWER,not_selected_for_target,,absence_from_expert_target_workbook,3007,24,2022,CREDIT-522E70BC0CC7,1340,,True,4
SRC-RAW-EA7E0D0B456A29AD7A45,POWER,not_selected_for_target,,absence_from_expert_target_workbook,3008,21,2022,CREDIT-EA16BB20C7C1,1469,,True,2
SRC-RAW-EF5821C608C9C9FBA7F1,POWER,not_selected_for_target,,absence_from_expert_target_workbook,3009,21,2022,CREDIT-F743A2856537,1340,,True,3
SRC-RAW-2B4DC6C201A5F47B78AB,POWER,not_selected_for_target,,absence_from_expert_target_workbook,3010,22,2022,CREDIT-F743A2856537,1340,,True,3
SRC-RAW-D45CEEE71FD6B2F5181E,POWER,not_selected_for_target,,absence_from_expert_target_workbook,3011,23,2022,CREDIT-F743A2856537,1340,,True,3
SRC-RAW-FA15EF72881FAF57430C,POWER,not_selected_for_target,,absence_from_expert_target_workbook,3012,21,2022,CREDIT-527905036022,1340,,True,4
SRC-RAW-D417D8A505ECD1FBF0B0,POWER,not_selected_for_target,,absence_from_expert_target_workbook,3013,22,2022,CREDIT-527905036022,1340,,True,4
SRC-RAW-42BEFDB1BE9DE6EA80A0,POWER,not_selected_for_target,,absence_from_expert_target_workbook,3014,23,2022,CREDIT-527905036022,1340,,True,4
SRC-RAW-DFC2FBB9A7F286141CA8,POWER,not_selected_for_target,,absence_from_expert_target_workbook,3015,24,2022,CREDIT-527905036022,1340,,True,4
SRC-RAW-BFBF572ECDF59EBBCCFB,POWER,not_selected_for_target,,absence_from_expert_target_workbook,3016,21,2022,CREDIT-4D939A5B49F2,1340,,True,2
SRC-RAW-9CE9349AD7ECF3105D4E,POWER,not_selected_for_target,,absence_from_expert_target_workbook,3017,22,2022,CREDIT-4D939A5B49F2,1340,,True,2
SRC-RAW-B7043F6456CFA98120D8,POWER,not_selected_for_target,,absence_from_expert_target_workbook,3018,21,2022,CREDIT-0FF683FE996C,1340,,True,2
SRC-RAW-9D697DA4249FC37260AA,POWER,not_selected_for_target,,absence_from_expert_target_workbook,3019,22,2022,CREDIT-0FF683FE996C,1340,,True,2
SRC-RAW-44ECDED3E6D2681BBC51,POWER,not_selected_for_target,,absence_from_expert_target_workbook,3020,21,2022,CREDIT-1F093C7B05C3,1340,,True,1
SRC-RAW-2953231C15AE82889F9F,POWER,not_selected_for_target,,absence_from_expert_target_workbook,3021,22,2022,CREDIT-1F093C7B05C3,1340,,True,1
SRC-RAW-9492DDE2949347B21785,POWER,not_selected_for_target,,absence_from_expert_target_workbook,3022,23,2022,CREDIT-1F093C7B05C3,1340,,True,1
SRC-RAW-62665107ABDC6B9892A5,POWER,not_selected_for_target,,absence_from_expert_target_workbook,3023,21,2022,CREDIT-820A667E2A22,2624,,True,3
SRC-RAW-96882F920510C07A7B88,POWER,not_selected_for_target,,absence_from_expert_target_workbook,3024,21,2022,CREDIT-6129467E2A53,2022,,True,1
SRC-RAW-53040C110A1008962549,POWER,not_selected_for_target,,absence_from_expert_target_workbook,3025,21,2022,CREDIT-E4AA0A177664,1453,,True,1
SRC-RAW-1A6572FA7D6E1162E1A9,POWER,not_selected_for_target,,absence_from_expert_target_workbook,3026,21,2022,CREDIT-3B88BCEEA7F6,1361,,True,1
SRC-RAW-CC398659CAE09A082FF3,POWER,not_selected_for_target,,absence_from_expert_target_workbook,3027,21,2022,ORG-9645063CFE7D,1340,,True,1
SRC-RAW-C3F12906C52953780482,POWER,not_selected_for_target,,absence_from_expert_target_workbook,3028,22,2022,ORG-9645063CFE7D,1340,,True,1
SRC-RAW-4DA3B7FC87D7A79AAC6E,POWER,not_selected_for_target,,absence_from_expert_target_workbook,3029,23,2022,ORG-9645063CFE7D,1340,,True,1
SRC-RAW-C12093B2630EA0A88C25,POWER,not_selected_for_target,,absence_from_expert_target_workbook,3030,21,2022,CREDIT-7F8735898B1F,1453,,True,1
SRC-RAW-A4DCCD2AA40C892C6230,POWER,not_selected_for_target,,absence_from_expert_target_workbook,3031,21,2022,CREDIT-A14C0D894A0E,1453,,True,1
SRC-RAW-8CE849CB2AD80D336DB1,POWER,not_selected_for_target,,absence_from_expert_target_workbook,3032,21,2022,CREDIT-A5DCC0E5DCD6,1340,,True,1
SRC-RAW-62CFF39B2601FE99DAD9,POWER,not_selected_for_target,,absence_from_expert_target_workbook,3033,22,2022,CREDIT-A5DCC0E5DCD6,1340,,True,1
SRC-RAW-3784013AAB04821B8241,POWER,not_selected_for_target,,absence_from_expert_target_workbook,3034,23,2022,CREDIT-A5DCC0E5DCD6,1340,,True,1
SRC-RAW-34C8F164664539ABE6A8,POWER,not_selected_for_target,,absence_from_expert_target_workbook,3035,21,2022,CREDIT-38D8DE7C8BC0,1453,,True,1
SRC-RAW-EEFA0E722316A4501585,POWER,not_selected_for_target,,absence_from_expert_target_workbook,3036,21,2022,CREDIT-D482951A24B5,3031,,True,1
SRC-RAW-1A080E69B2DA694F0C35,POWER,not_selected_for_target,,absence_from_expert_target_workbook,3037,21,2022,CREDIT-44C6ED3D1887,1453,,True,1
SRC-RAW-AEAE1185FF114B21ADCA,POWER,not_selected_for_target,,absence_from_expert_target_workbook,3038,11,2022,CREDIT-962344F2A762,4417,燃生物质锅炉,True,4
SRC-RAW-2069ACC61458686AA194,POWER,not_selected_for_target,,absence_from_expert_target_workbook,3039,21,2022,CREDIT-E8EB165467C7,3021,,True,1
SRC-RAW-E44B8B543B8B4A0E34D9,POWER,not_selected_for_target,,absence_from_expert_target_workbook,3040,21,2022,CREDIT-CCDF32437F3C,3021,,True,1
SRC-RAW-9A6FA0AA6A205A86C121,POWER,not_selected_for_target,,absence_from_expert_target_workbook,3041,21,2022,CREDIT-1E962AAF9C90,2761,,True,0
SRC-RAW-7D882C3903D9FF36D042,POWER,not_selected_for_target,,absence_from_expert_target_workbook,3042,22,2022,CREDIT-1E962AAF9C90,2761,,True,0
SRC-RAW-4EBBE2E88B7A42C41150,POWER,include,231,canonical_expert_scope_order,3043,11,2022,CREDIT-B11D1EB7B894,3110,燃煤锅炉,True,11
SRC-RAW-7452B425E0731BA4BBD2,POWER,include,232,canonical_expert_scope_order,3044,12,2022,CREDIT-B11D1EB7B894,3110,燃煤锅炉,True,11
SRC-RAW-95B625A17C5D341D28C2,POWER,include,233,canonical_expert_scope_order,3045,13,2022,CREDIT-B11D1EB7B894,3110,燃气锅炉,True,11
SRC-RAW-DAEA899F623DBE4006C6,POWER,include,234,canonical_expert_scope_order,3046,14,2022,CREDIT-B11D1EB7B894,3110,燃气锅炉,True,11
SRC-RAW-8A769848E39A4E232A92,POWER,include,235,canonical_expert_scope_order,3047,11,2022,CREDIT-B6FCE338D02E,2511,燃煤锅炉,True,12
SRC-RAW-7E2E36EA91A2F6850F7C,POWER,include,236,canonical_expert_scope_order,3048,12,2022,CREDIT-B6FCE338D02E,2511,燃煤锅炉,True,12
SRC-RAW-73ED7D681FC9EE9EE200,POWER,include,237,canonical_expert_scope_order,3049,13,2022,CREDIT-B6FCE338D02E,2511,燃煤锅炉,True,12
SRC-RAW-6B8DD9A6ED25B850DE12,POWER,include,238,canonical_expert_scope_order,3050,14,2022,CREDIT-B6FCE338D02E,2511,燃煤锅炉,True,12
SRC-RAW-0ED6382A41A784E5F7DD,POWER,not_selected_for_target,,absence_from_expert_target_workbook,3051,21,2022,ORG-9EC8DF113298,2921,,True,2
SRC-RAW-AC7CFAD1E73B6414E730,POWER,not_selected_for_target,,absence_from_expert_target_workbook,3052,22,2022,ORG-9EC8DF113298,2921,,True,2
SRC-RAW-6A9A6E219B1F23BE8769,POWER,include,239,canonical_expert_scope_order,3053,11,2022,CREDIT-5528B7697BCA,2221,燃煤锅炉,True,3
SRC-RAW-2FED2932844C46C85218,POWER,not_selected_for_target,,absence_from_expert_target_workbook,3054,21,2022,CREDIT-D45F614C8CDD,1329,,True,1
SRC-RAW-3E0F23F4F7FCDDD5A7BF,POWER,not_selected_for_target,,absence_from_expert_target_workbook,3055,21,2022,CREDIT-22D7455A305E,1521,,True,0
SRC-RAW-629B115AEDD5DA21F778,POWER,not_selected_for_target,,absence_from_expert_target_workbook,3056,22,2022,CREDIT-22D7455A305E,1521,,True,0
SRC-RAW-A7900BBDC7B5592B1D7E,POWER,not_selected_for_target,,absence_from_expert_target_workbook,3057,21,2022,CREDIT-278E0B5B7C12,2619,,True,4
SRC-RAW-9A97080789A080FE4D4F,POWER,not_selected_for_target,,absence_from_expert_target_workbook,3058,11,2022,ORG-F6B68036A889,4419,燃生物质锅炉,True,1
SRC-RAW-D6C051053CC8E44F7BC5,POWER,not_selected_for_target,,absence_from_expert_target_workbook,3059,21,2022,ORG-84EE18146366,2924,,True,1
SRC-RAW-932E121AB5B79661D9FE,POWER,not_selected_for_target,,absence_from_expert_target_workbook,3060,21,2022,ORG-EBD252EBA2A3,2924,,True,1
SRC-RAW-37FC48FAE8924CBC6341,POWER,not_selected_for_target,,absence_from_expert_target_workbook,3061,21,2022,ORG-EAA21224BC51,3039,,True,1
SRC-RAW-4064B9C1AB894E9A155E,POWER,not_selected_for_target,,absence_from_expert_target_workbook,3062,21,2022,CREDIT-23501B48B755,2221,,True,1
SRC-RAW-FA07F5CCAD63F52D1B57,POWER,not_selected_for_target,,absence_from_expert_target_workbook,3063,21,2022,ORG-645ECDDA1109,1462,,True,0
SRC-RAW-788314A83E3B6761FDD7,POWER,not_selected_for_target,,absence_from_expert_target_workbook,3064,21,2022,ORG-529BBEE3AB72,2221,,True,1
SRC-RAW-79B4B1A3ED539E2183BF,POWER,not_selected_for_target,,absence_from_expert_target_workbook,3065,21,2022,ORG-290813861F8B,1329,,True,0
SRC-RAW-E8A614EC0649A2587F7B,POWER,not_selected_for_target,,absence_from_expert_target_workbook,3066,21,2022,ORG-06A63B4A1A67,1329,,True,1
SRC-RAW-4FAFE21BF29107C8DDB3,POWER,not_selected_for_target,,absence_from_expert_target_workbook,3067,21,2022,ORG-A438C2014823,2924,,True,1
SRC-RAW-3A936D037B3CC8AD5E0B,POWER,not_selected_for_target,,absence_from_expert_target_workbook,3068,21,2022,ORG-1DCF4E0AC202,2231,,True,2
SRC-RAW-9D29A2759C4E812A202F,POWER,not_selected_for_target,,absence_from_expert_target_workbook,3069,21,2022,ORG-92FD3FF30ED4,2021,,True,1
SRC-RAW-434B2811ABCAB5DA2C95,POWER,not_selected_for_target,,absence_from_expert_target_workbook,3070,21,2022,ORG-C190DAC92E4D,1329,,True,2
SRC-RAW-F377C879B2AED821C32D,POWER,not_selected_for_target,,absence_from_expert_target_workbook,3071,22,2022,ORG-C190DAC92E4D,1329,,True,2
SRC-RAW-4A6426563F8F95BD0C72,POWER,not_selected_for_target,,absence_from_expert_target_workbook,3072,21,2022,CREDIT-B04D2D6CF377,2319,,True,2
SRC-RAW-93CE55C0174278EDEF6C,POWER,not_selected_for_target,,absence_from_expert_target_workbook,3073,21,2022,CREDIT-C6FB4EE8D7DD,3031,,True,1
SRC-RAW-D884FB1A655C5DAB42C2,POWER,not_selected_for_target,,absence_from_expert_target_workbook,3074,21,2022,CREDIT-3304CCF21490,1453,,True,1
SRC-RAW-3A0AF2CADFBB6F9FF84A,POWER,not_selected_for_target,,absence_from_expert_target_workbook,3075,21,2022,CREDIT-8118346E6B98,1453,,True,1
SRC-RAW-F1A21265F1D26931001A,POWER,not_selected_for_target,,absence_from_expert_target_workbook,3076,21,2022,CREDIT-4E2BD812E1E8,1453,,True,1
SRC-RAW-EE000226C164E3761718,POWER,not_selected_for_target,,absence_from_expert_target_workbook,3077,21,2022,CREDIT-14F467E69353,1453,,True,1
SRC-RAW-7BA6D986CE61FF7D51B7,POWER,include,240,canonical_expert_scope_order,3078,11,2022,CREDIT-4983CEC9D7E2,4411,燃煤锅炉,True,3
SRC-RAW-1BCCD905C534AF5E1304,POWER,include,241,canonical_expert_scope_order,3079,12,2022,CREDIT-4983CEC9D7E2,4411,燃煤锅炉,True,3
SRC-RAW-C609277193C45FE2CF90,POWER,not_selected_for_target,,absence_from_expert_target_workbook,3080,21,2022,CREDIT-03003834B654,1340,,True,2
SRC-RAW-58A60E7FBE3DF4A81F03,POWER,not_selected_for_target,,absence_from_expert_target_workbook,3081,22,2022,CREDIT-03003834B654,1340,,True,2
SRC-RAW-B621B64B703089E2507E,POWER,not_selected_for_target,,absence_from_expert_target_workbook,3082,23,2022,CREDIT-03003834B654,1340,,True,2
SRC-RAW-E697BFC7811199FB13FC,POWER,not_selected_for_target,,absence_from_expert_target_workbook,3083,21,2022,CREDIT-B11E5C78649A,1453,,True,1
SRC-RAW-3C6174DC0EBFA8A2FCD6,POWER,not_selected_for_target,,absence_from_expert_target_workbook,3084,21,2022,CREDIT-F586C664656D,1453,,True,1
SRC-RAW-2B0DA289C7AA07C606E8,POWER,not_selected_for_target,,absence_from_expert_target_workbook,3085,21,2022,CREDIT-5D5A3D031120,1453,,True,1
SRC-RAW-01363A872F73CD277149,POWER,not_selected_for_target,,absence_from_expert_target_workbook,3086,21,2022,CREDIT-95B3A346A34D,1453,,True,1
SRC-RAW-D3F559D8437A86D42167,POWER,not_selected_for_target,,absence_from_expert_target_workbook,3087,21,2022,CREDIT-10BEFAC30B7D,1340,,True,2
SRC-RAW-41E898C33999A25446A7,POWER,not_selected_for_target,,absence_from_expert_target_workbook,3088,22,2022,CREDIT-10BEFAC30B7D,1340,,True,2
SRC-RAW-B309F8CB058A45B89A9B,POWER,not_selected_for_target,,absence_from_expert_target_workbook,3089,11,2022,CREDIT-3926518F299B,1340,燃生物质锅炉,True,4
SRC-RAW-1298DD0CFEF873729E84,POWER,not_selected_for_target,,absence_from_expert_target_workbook,3090,12,2022,CREDIT-3926518F299B,1340,燃生物质锅炉,True,4
SRC-RAW-2F829AECAD0DCCA97D48,POWER,not_selected_for_target,,absence_from_expert_target_workbook,3091,21,2022,CREDIT-3926518F299B,1340,,True,4
SRC-RAW-CC194C3604041FF5C5C2,POWER,not_selected_for_target,,absence_from_expert_target_workbook,3092,22,2022,CREDIT-3926518F299B,1340,,True,4
SRC-RAW-BB9478489F86D1746CE7,POWER,not_selected_for_target,,absence_from_expert_target_workbook,3093,21,2022,CREDIT-8AC36F4872F2,1453,,True,1
SRC-RAW-52028AC69F1C36179C7F,POWER,not_selected_for_target,,absence_from_expert_target_workbook,3094,21,2022,CREDIT-BB4A5029E8D4,1453,,True,1
SRC-RAW-984B4A319E8A347890C6,POWER,not_selected_for_target,,absence_from_expert_target_workbook,3095,21,2022,CREDIT-3C5EB2958C2D,1340,,True,3
SRC-RAW-A4FDF150A128909BE0BD,POWER,not_selected_for_target,,absence_from_expert_target_workbook,3096,22,2022,CREDIT-3C5EB2958C2D,1340,,True,3
SRC-RAW-EAF214BF5CA49BFFD278,POWER,not_selected_for_target,,absence_from_expert_target_workbook,3097,23,2022,CREDIT-3C5EB2958C2D,1340,,True,3
SRC-RAW-E841F979B33FC6BD5DBA,POWER,not_selected_for_target,,absence_from_expert_target_workbook,3098,21,2022,CREDIT-7DA7AE8E20FC,1340,,True,2
SRC-RAW-C9B3E03770F301843CCE,POWER,not_selected_for_target,,absence_from_expert_target_workbook,3099,22,2022,CREDIT-7DA7AE8E20FC,1340,,True,2
SRC-RAW-521B1772300CE22AD86F,POWER,not_selected_for_target,,absence_from_expert_target_workbook,3100,23,2022,CREDIT-7DA7AE8E20FC,1340,,True,2
SRC-RAW-AFCD330F5D9E8CF464C4,POWER,not_selected_for_target,,absence_from_expert_target_workbook,3101,21,2022,CREDIT-D714A8ECDDAF,1340,,True,2
SRC-RAW-DEE00CE08DF8A1C3EB8E,POWER,not_selected_for_target,,absence_from_expert_target_workbook,3102,22,2022,CREDIT-D714A8ECDDAF,1340,,True,2
SRC-RAW-9BDE15F35CC040CFB015,POWER,not_selected_for_target,,absence_from_expert_target_workbook,3103,21,2022,CREDIT-05D84DD33D88,1453,,True,1
SRC-RAW-F05C50ABF509FD52DB3B,POWER,not_selected_for_target,,absence_from_expert_target_workbook,3104,21,2022,CREDIT-3FFA7CC9B933,1453,,True,1
SRC-RAW-0277F6B1D615568C99C0,POWER,not_selected_for_target,,absence_from_expert_target_workbook,3105,21,2022,CREDIT-45BAB0103A6A,2021,,True,1
SRC-RAW-008874CA96532DE69412,POWER,not_selected_for_target,,absence_from_expert_target_workbook,3106,21,2022,CREDIT-E5A865A6093E,4430,,True,2
SRC-RAW-ED308AF95EFC653B0EAA,POWER,not_selected_for_target,,absence_from_expert_target_workbook,3107,21,2022,CREDIT-CA4986162427,1453,,True,1
SRC-RAW-E1929A4DC9EAF050EBED,POWER,not_selected_for_target,,absence_from_expert_target_workbook,3108,11,2022,CREDIT-6965BDEF8E97,1340,燃生物质锅炉,True,2
SRC-RAW-EF9E3F8BF1EE39A01594,POWER,not_selected_for_target,,absence_from_expert_target_workbook,3109,12,2022,CREDIT-6965BDEF8E97,1340,燃生物质锅炉,True,2
SRC-RAW-310EE36E99715B51BC8E,POWER,not_selected_for_target,,absence_from_expert_target_workbook,3110,11,2022,CREDIT-0566A84162A8,4417,燃生物质锅炉,True,3
SRC-RAW-8E6AAD9EBFB21EACE674,POWER,not_selected_for_target,,absence_from_expert_target_workbook,3111,12,2022,CREDIT-0566A84162A8,4417,燃生物质锅炉,True,3
SRC-RAW-5A0A0691DA6AF583DC65,POWER,not_selected_for_target,,absence_from_expert_target_workbook,3112,21,2022,ORG-50F2677D47F8,1941,,True,0
SRC-RAW-3E5201726DE59D3C1999,POWER,not_selected_for_target,,absence_from_expert_target_workbook,3113,21,2022,CREDIT-AC85A40B9511,1942,,True,0
SRC-RAW-F06382EF91D59B965B33,POWER,not_selected_for_target,,absence_from_expert_target_workbook,3114,21,2022,CREDIT-166C3AB02F6A,1353,,True,0
SRC-RAW-B1D63FB8962D9B705055,POWER,not_selected_for_target,,absence_from_expert_target_workbook,3115,21,2022,CREDIT-E8236A3B4FF9,1941,,True,0
SRC-RAW-1A3C6053BCAD8701F25F,POWER,not_selected_for_target,,absence_from_expert_target_workbook,3116,21,2022,CREDIT-B6F3028818C5,1941,,True,0
SRC-RAW-EEA2CB28DB06348B110B,POWER,not_selected_for_target,,absence_from_expert_target_workbook,3117,21,2022,ORG-10DB5D74B1E3,1941,,True,1
SRC-RAW-9A34EB58DE366FED858E,POWER,not_selected_for_target,,absence_from_expert_target_workbook,3118,21,2022,ORG-AA24197FE3CC,3021,,True,1
SRC-RAW-E9F90C8A8CB4F0262436,POWER,not_selected_for_target,,absence_from_expert_target_workbook,3119,21,2022,CREDIT-317A3888B87B,1329,,True,0
SRC-RAW-6E80184074ACF2EB763C,POWER,not_selected_for_target,,absence_from_expert_target_workbook,3120,21,2022,CREDIT-AC5E4AD35E8B,1942,,True,0
SRC-RAW-1EA4A3F689461B84C544,POWER,not_selected_for_target,,absence_from_expert_target_workbook,3121,21,2022,CREDIT-0C3F06A1D5DC,1941,,True,0
SRC-RAW-6CBA7C20522FFBE1426C,POWER,not_selected_for_target,,absence_from_expert_target_workbook,3122,21,2022,CREDIT-70F5979EDA36,1942,,True,0
SRC-RAW-153C4C3CE815595ED503,POWER,not_selected_for_target,,absence_from_expert_target_workbook,3123,21,2022,CREDIT-E54C8C3D2A34,1361,,True,1
SRC-RAW-19243970285876D8A16A,POWER,not_selected_for_target,,absence_from_expert_target_workbook,3124,11,2022,CREDIT-8125B87EB1F4,4417,燃生物质锅炉,True,2
SRC-RAW-36EAF9C679177C3289B0,POWER,not_selected_for_target,,absence_from_expert_target_workbook,3125,12,2022,CREDIT-8125B87EB1F4,4417,燃生物质锅炉,True,2
SRC-RAW-8CA8D5C1B75AFE3065FA,POWER,not_selected_for_target,,absence_from_expert_target_workbook,3126,21,2022,CREDIT-CE61E36D212D,1363,,True,1
SRC-RAW-25D8A18C654764C34610,POWER,not_selected_for_target,,absence_from_expert_target_workbook,3127,22,2022,CREDIT-CE61E36D212D,1363,,True,1
SRC-RAW-1693BA5F93F3EE4BF10E,POWER,not_selected_for_target,,absence_from_expert_target_workbook,3128,21,2022,CREDIT-99EBD2F7EB93,1329,,True,0
SRC-RAW-2964C742EFE675888C0F,POWER,not_selected_for_target,,absence_from_expert_target_workbook,3129,21,2022,CREDIT-C839CB282F2E,2631,,True,1
SRC-RAW-B43BF1268EE6A69B1222,POWER,not_selected_for_target,,absence_from_expert_target_workbook,3130,11,2022,CREDIT-DAB06F7CC58C,4419,燃生物质锅炉,True,0
SRC-RAW-BDA4653AC61CF9A231E1,POWER,not_selected_for_target,,absence_from_expert_target_workbook,3131,12,2022,CREDIT-DAB06F7CC58C,4419,燃生物质锅炉,True,0
SRC-RAW-73C97D813A584BCC6299,POWER,include,242,canonical_expert_scope_order,3132,11,2022,CREDIT-483378327584,2661,燃气锅炉,True,3
SRC-RAW-03ABB1AEDFD3D9F93EC2,POWER,include,243,canonical_expert_scope_order,3133,11,2022,CREDIT-BF7ADB8722CE,2511,燃煤锅炉,True,22
SRC-RAW-9DE65DF9B36AA19EAFB2,POWER,include,244,canonical_expert_scope_order,3134,12,2022,CREDIT-BF7ADB8722CE,2511,燃煤锅炉,True,22
SRC-RAW-8099EA4E9D59B114EDF6,POWER,include,245,canonical_expert_scope_order,3135,13,2022,CREDIT-BF7ADB8722CE,2511,燃煤锅炉,True,22
SRC-RAW-1B3E995F8D1A7E68B57B,POWER,not_selected_for_target,,absence_from_expert_target_workbook,3136,21,2022,CREDIT-9965FC43F81C,1329,,True,0
SRC-RAW-9E00DEFF9856D58CA30C,POWER,not_selected_for_target,,absence_from_expert_target_workbook,3137,21,2022,ORG-EB20F0491B92,2511,,True,0
SRC-RAW-07E50F92385E3D48CD87,POWER,not_selected_for_target,,absence_from_expert_target_workbook,3138,21,2022,ORG-5055B730A044,3031,,True,1
SRC-RAW-7720A83B8A317C320F16,POWER,not_selected_for_target,,absence_from_expert_target_workbook,3139,21,2022,CREDIT-2B50427B66C0,2221,,True,1
SRC-RAW-061DB3E543B16331E37B,POWER,include,246,canonical_expert_scope_order,3140,11,2022,CREDIT-6A626340B635,4412,燃煤锅炉,True,9
SRC-RAW-689A0257BF9EEA8A27B5,POWER,include,247,canonical_expert_scope_order,3141,12,2022,CREDIT-6A626340B635,4412,燃煤锅炉,True,9
SRC-RAW-943A68DDDE5616AFED0D,POWER,include,248,canonical_expert_scope_order,3142,13,2022,CREDIT-6A626340B635,4412,燃煤锅炉,True,9
SRC-RAW-02EFD72525C00597CF81,POWER,not_selected_for_target,,absence_from_expert_target_workbook,3143,21,2022,CREDIT-AC84E032CE3F,1329,,True,1
SRC-RAW-11301EE161115945A8F6,POWER,not_selected_for_target,,absence_from_expert_target_workbook,3144,21,2022,CREDIT-C1945BAED062,1329,,True,0
SRC-RAW-8E65BB77EA8BA7502EBC,POWER,not_selected_for_target,,absence_from_expert_target_workbook,3145,21,2022,CREDIT-9588A159F34A,2221,,True,1
SRC-RAW-052B5AD0179075ACD5C1,POWER,not_selected_for_target,,absence_from_expert_target_workbook,3146,21,2022,CREDIT-E1CB0007BF5C,2221,,True,1
SRC-RAW-E06E2E7E67324138392B,POWER,not_selected_for_target,,absence_from_expert_target_workbook,3147,21,2022,CREDIT-D64D60D119E1,1363,,True,1
SRC-RAW-EF1CEDAEB1209D14B575,POWER,not_selected_for_target,,absence_from_expert_target_workbook,3148,21,2022,CREDIT-7D1614A7FBED,1373,,True,0
SRC-RAW-C5343E1BD4D9AF1A3333,POWER,not_selected_for_target,,absence_from_expert_target_workbook,3149,21,2022,CREDIT-A9A2DFE743A0,1369,,True,1
SRC-RAW-94F33902CCEC8CE7B495,POWER,not_selected_for_target,,absence_from_expert_target_workbook,3150,21,2022,CREDIT-41E423B0EFF1,1369,,True,1
SRC-RAW-CC7895E0A7E10B07B602,POWER,not_selected_for_target,,absence_from_expert_target_workbook,3151,21,2022,CREDIT-58598B37D27A,1362,,True,0
SRC-RAW-52E50E3597DC40BA498A,POWER,not_selected_for_target,,absence_from_expert_target_workbook,3152,22,2022,CREDIT-58598B37D27A,1362,,True,0
SRC-RAW-76EE6DB7D63C2E8507A8,POWER,not_selected_for_target,,absence_from_expert_target_workbook,3153,21,2022,CREDIT-2E83201ED09E,1329,,True,1
SRC-RAW-B98AD15F5B9D8912CA91,POWER,not_selected_for_target,,absence_from_expert_target_workbook,3154,21,2022,CREDIT-A720729DF1B7,1373,,True,1
SRC-RAW-78B8180320CCC456863C,POWER,not_selected_for_target,,absence_from_expert_target_workbook,3155,22,2022,CREDIT-A720729DF1B7,1373,,True,1
SRC-RAW-FBC7A70819AC0B337764,POWER,not_selected_for_target,,absence_from_expert_target_workbook,3156,23,2022,CREDIT-A720729DF1B7,1373,,True,1
SRC-RAW-39D66CB7584D6B7C5434,POWER,not_selected_for_target,,absence_from_expert_target_workbook,3157,21,2022,CREDIT-EFD9A8854794,2684,,True,1
SRC-RAW-8DC39CEEB9EAF46808F2,POWER,not_selected_for_target,,absence_from_expert_target_workbook,3158,21,2022,CREDIT-DA845BA60662,2915,,True,1
SRC-RAW-99025204ED6E70139DC6,POWER,not_selected_for_target,,absence_from_expert_target_workbook,3159,21,2022,CREDIT-38F32CA011DB,1369,,True,0
SRC-RAW-0C62FF1D403B7184241E,POWER,not_selected_for_target,,absence_from_expert_target_workbook,3160,22,2022,CREDIT-38F32CA011DB,1369,,True,0
SRC-RAW-52C53DF1FFA5D30C5AB0,POWER,not_selected_for_target,,absence_from_expert_target_workbook,3161,21,2022,CREDIT-D1DC3BB6DC8D,1369,,True,0
SRC-RAW-F54508C12F21486E099E,POWER,not_selected_for_target,,absence_from_expert_target_workbook,3162,22,2022,CREDIT-D1DC3BB6DC8D,1369,,True,0
SRC-RAW-B4BE37005BF070D70BE3,POWER,not_selected_for_target,,absence_from_expert_target_workbook,3163,21,2022,CREDIT-257DA3ED72A1,1453,,True,1
SRC-RAW-FF35AF9F2546A7F4EFC0,POWER,not_selected_for_target,,absence_from_expert_target_workbook,3164,21,2022,CREDIT-7AE02689C1A9,1369,,True,0
SRC-RAW-06769CDAB42CB73FDF17,POWER,not_selected_for_target,,absence_from_expert_target_workbook,3165,21,2022,CREDIT-844EFA1905EA,1369,,True,0
SRC-RAW-BD04E765C7E8727D6C70,POWER,not_selected_for_target,,absence_from_expert_target_workbook,3166,21,2022,CREDIT-2BEF03EAF581,1329,,True,1
SRC-RAW-FBC6A863EC966C6D4697,POWER,not_selected_for_target,,absence_from_expert_target_workbook,3167,21,2022,CREDIT-440CCEFA02D2,2661,,True,1
SRC-RAW-D9678E4DB31478AADD46,POWER,not_selected_for_target,,absence_from_expert_target_workbook,3168,21,2022,CREDIT-C02EA2198D7A,2915,,True,1
SRC-RAW-42923CF3A707087450FB,POWER,not_selected_for_target,,absence_from_expert_target_workbook,3169,21,2022,CREDIT-67E906253EBF,1361,,True,1
SRC-RAW-F8B4E6BA91A1068E3347,POWER,not_selected_for_target,,absence_from_expert_target_workbook,3170,21,2022,CREDIT-0B5FEC76EE09,2511,,True,1
SRC-RAW-ACDBE81D0700EF937270,POWER,not_selected_for_target,,absence_from_expert_target_workbook,3171,21,2022,CREDIT-91E2B191A2FC,2924,,True,1
SRC-RAW-D40B5CF191E82D0FE8B5,POWER,not_selected_for_target,,absence_from_expert_target_workbook,3172,21,2022,CREDIT-FD6B857F7D17,2511,,True,0
SRC-RAW-B55985BF7E99CE8FD774,POWER,not_selected_for_target,,absence_from_expert_target_workbook,3173,21,2022,CREDIT-132D8F3374B2,1369,,True,0
SRC-RAW-FEB0007E12B4A01FF338,POWER,not_selected_for_target,,absence_from_expert_target_workbook,3174,21,2022,CREDIT-680FC891B356,2642,,True,3
SRC-RAW-D335398E74D66C1FC985,POWER,not_selected_for_target,,absence_from_expert_target_workbook,3175,21,2022,CREDIT-7313090BBBF6,2912,,True,0
SRC-RAW-889A8F1F3DAAF15588BE,POWER,not_selected_for_target,,absence_from_expert_target_workbook,3176,21,2022,CREDIT-C18A42715E8F,1329,,True,1
SRC-RAW-1EC6384FC01E1D252DC3,POWER,not_selected_for_target,,absence_from_expert_target_workbook,3177,21,2022,CREDIT-78EC74B1ADFE,3031,,True,0
SRC-RAW-023A72698CAC40D6DF77,POWER,not_selected_for_target,,absence_from_expert_target_workbook,3178,21,2022,CREDIT-88FEA3E76A75,2624,,True,1
SRC-RAW-61FC125655AD9E7C1A9E,POWER,not_selected_for_target,,absence_from_expert_target_workbook,3179,21,2022,CREDIT-54323ECC6068,1452,,True,1
SRC-RAW-8036F535560193475684,POWER,not_selected_for_target,,absence_from_expert_target_workbook,3180,21,2022,CREDIT-E66D490A6A96,1391,,True,0
SRC-RAW-53DE0F0A29727B4C9F2D,POWER,not_selected_for_target,,absence_from_expert_target_workbook,3181,21,2022,CREDIT-F8947C1CA642,1495,,True,0
SRC-RAW-39C7CA5227B67363AFCA,POWER,not_selected_for_target,,absence_from_expert_target_workbook,3182,21,2022,CREDIT-980FAE289F65,1331,,True,0
SRC-RAW-9A3B21F801D84FF18A6F,POWER,not_selected_for_target,,absence_from_expert_target_workbook,3183,21,2022,CREDIT-2AAFCE73F475,1331,,True,0
SRC-RAW-15606025516ABDF51A22,POWER,not_selected_for_target,,absence_from_expert_target_workbook,3184,11,2022,CREDIT-21BF2A38439F,4417,燃生物质锅炉,True,2
SRC-RAW-CFA54959A90733410B09,POWER,not_selected_for_target,,absence_from_expert_target_workbook,3185,12,2022,CREDIT-21BF2A38439F,4417,燃生物质锅炉,True,2
SRC-RAW-767A2740FB28E481B84D,POWER,not_selected_for_target,,absence_from_expert_target_workbook,3186,21,2022,CREDIT-CE1C95FDD65D,1399,,True,0
SRC-RAW-D4B54C78BE97D4F2AF3B,POWER,not_selected_for_target,,absence_from_expert_target_workbook,3187,21,2022,CREDIT-2EB9D02B81DC,3033,,True,2
SRC-RAW-0109432DE0E295CD5108,POWER,include,249,canonical_expert_scope_order,3188,11,2022,CREDIT-16688C45C356,4411,燃煤锅炉,True,3
SRC-RAW-FCE03F847AF31F5EF8CA,POWER,include,250,canonical_expert_scope_order,3189,12,2022,CREDIT-16688C45C356,4411,燃煤锅炉,True,3
SRC-RAW-1AB0C2AF338AA611BD61,POWER,not_selected_for_target,,absence_from_expert_target_workbook,3190,21,2022,CREDIT-AFAE4B207603,1351,,True,0
SRC-RAW-994B355570EDFB2B8E4A,POWER,include,251,canonical_expert_scope_order,3191,11,2022,CREDIT-36143D4B198B,4412,燃煤锅炉,True,3
SRC-RAW-2031C9CF41A78A40DCC9,POWER,include,252,canonical_expert_scope_order,3192,12,2022,CREDIT-36143D4B198B,4412,燃煤锅炉,True,3
SRC-RAW-0CE8D8ABDD013A9A4978,POWER,include,253,canonical_expert_scope_order,3193,13,2022,CREDIT-36143D4B198B,4412,燃煤锅炉,True,3
SRC-RAW-D8333CABBDCF22B6AB37,POWER,include,254,canonical_expert_scope_order,3194,11,2022,CREDIT-EC4310B61B97,2614,燃煤锅炉,True,9
SRC-RAW-78AF19BE69568FDAA025,POWER,include,255,canonical_expert_scope_order,3195,12,2022,CREDIT-EC4310B61B97,2614,燃煤锅炉,True,9
SRC-RAW-5EB7A3720C0B46FC9769,POWER,not_selected_for_target,,absence_from_expert_target_workbook,3196,21,2022,ORG-0DA6D791BC83,2511,,True,1
SRC-RAW-EAAB377964C8A7EDD5A8,POWER,not_selected_for_target,,absence_from_expert_target_workbook,3197,21,2022,CREDIT-45933AFC63AB,4220,,True,2
SRC-RAW-8DEDE622CCE39B684ABC,POWER,not_selected_for_target,,absence_from_expert_target_workbook,3198,21,2022,CREDIT-C5464CD4A98D,2614,,True,1
SRC-RAW-98BAF42CBB7D793DCEBC,POWER,not_selected_for_target,,absence_from_expert_target_workbook,3199,21,2022,CREDIT-7B3C09A08F7F,2614,,True,2
SRC-RAW-4433D143E09D525B51BD,POWER,not_selected_for_target,,absence_from_expert_target_workbook,3200,21,2022,CREDIT-31EBFF6B2953,1351,,True,0
SRC-RAW-512F089FBC73F449D520,POWER,not_selected_for_target,,absence_from_expert_target_workbook,3201,21,2022,CREDIT-5EA382CB6B67,2221,,True,2
SRC-RAW-3709959AD3858442B527,POWER,not_selected_for_target,,absence_from_expert_target_workbook,3202,21,2022,CREDIT-0D30CEE03857,2221,,True,1
SRC-RAW-109E9895722EBCE71141,POWER,not_selected_for_target,,absence_from_expert_target_workbook,3203,21,2022,CREDIT-DCAFD84D2EBE,3039,,True,1
SRC-RAW-B4ABFE143FFA790EB178,POWER,not_selected_for_target,,absence_from_expert_target_workbook,3204,21,2022,CREDIT-674A7C497E8A,2221,,True,0
SRC-RAW-5B0EE5841140B0C61BA4,POWER,not_selected_for_target,,absence_from_expert_target_workbook,3205,21,2022,CREDIT-E1119DD599BE,2221,,True,1
SRC-RAW-2046CE306DFD8FBAEFC9,POWER,not_selected_for_target,,absence_from_expert_target_workbook,3206,21,2022,CREDIT-544EB98E2449,3021,,True,1
SRC-RAW-A5106E72289E47884877,POWER,not_selected_for_target,,absence_from_expert_target_workbook,3207,21,2022,CREDIT-8A4DB7A9F53A,1523,,True,0
SRC-RAW-2FE7A097590BFBBD7795,POWER,not_selected_for_target,,absence_from_expert_target_workbook,3208,21,2022,CREDIT-806FEC81CB96,1519,,True,0
SRC-RAW-0F38F0116902851E4852,POWER,not_selected_for_target,,absence_from_expert_target_workbook,3209,21,2022,CREDIT-C50A2FE3AEA4,2511,,True,0
SRC-RAW-069412768F658AA16C1C,POWER,not_selected_for_target,,absence_from_expert_target_workbook,3210,21,2022,CREDIT-3892914C8360,1743,,True,1
SRC-RAW-2E4EA03DA6425A59A935,POWER,not_selected_for_target,,absence_from_expert_target_workbook,3211,21,2022,CREDIT-9C52A0F64A6B,3039,,True,0
SRC-RAW-769ADA05862DC4F60CB8,POWER,not_selected_for_target,,absence_from_expert_target_workbook,3212,21,2022,CREDIT-2F57D2E40C99,2911,,True,3
SRC-RAW-ACC54AF3A51272441AAE,POWER,include,256,canonical_expert_scope_order,3213,11,2022,CREDIT-FF21148D3C7A,2221,燃煤锅炉,True,3
SRC-RAW-FC093BE0133ABAA26D04,POWER,include,257,canonical_expert_scope_order,3214,12,2022,CREDIT-FF21148D3C7A,2221,燃煤锅炉,True,3
SRC-RAW-54C74BCDE7605D7AB85A,POWER,not_selected_for_target,,absence_from_expert_target_workbook,3215,21,2022,CREDIT-92EE789B0B17,3391,,True,0
SRC-RAW-03EBE8C86AB2B35FC4BE,POWER,not_selected_for_target,,absence_from_expert_target_workbook,3216,21,2022,CREDIT-91FF343ADA49,2666,,True,0
SRC-RAW-73F370D77563166694DD,POWER,not_selected_for_target,,absence_from_expert_target_workbook,3217,21,2022,CREDIT-7E7A14A39EF4,0539,,True,2
SRC-RAW-FCC268F768A43B518486,POWER,include,258,canonical_expert_scope_order,3218,11,2022,CREDIT-A53D126BECBF,4412,余热利用锅炉,True,0
SRC-RAW-2DC355A7DAB92666CE8A,POWER,include,259,canonical_expert_scope_order,3219,12,2022,CREDIT-A53D126BECBF,4412,余热利用锅炉,True,0
SRC-RAW-9BF17CBC5E177F83E42F,POWER,not_selected_for_target,,absence_from_expert_target_workbook,3220,21,2022,CREDIT-A53D126BECBF,4412,,True,0
SRC-RAW-FDBB291BE3217E3E0E98,POWER,not_selected_for_target,,absence_from_expert_target_workbook,3221,21,2022,CREDIT-77ACFD87F0F7,3039,,True,0
SRC-RAW-F923B78FB9390F749A07,POWER,not_selected_for_target,,absence_from_expert_target_workbook,3222,11,2022,CREDIT-9CE534D0894A,4417,燃生物质锅炉,True,0
SRC-RAW-FFDC70ED5B342EC4C6E9,POWER,not_selected_for_target,,absence_from_expert_target_workbook,3223,12,2022,CREDIT-9CE534D0894A,4417,燃生物质锅炉,True,0
SRC-RAW-9A6B1D518B1CAC9A1AE3,POWER,not_selected_for_target,,absence_from_expert_target_workbook,3224,21,2022,CREDIT-DC08A9FC5076,2021,,True,1
SRC-RAW-951C246885E183CD9DC5,POWER,not_selected_for_target,,absence_from_expert_target_workbook,3225,11,2022,CREDIT-B4F166D48520,1340,燃生物质锅炉,True,3
SRC-RAW-D0A0D2F77CCE60167C0C,POWER,not_selected_for_target,,absence_from_expert_target_workbook,3226,12,2022,CREDIT-B4F166D48520,1340,燃生物质锅炉,True,3
SRC-RAW-9D9F55CE7220F0D7095D,POWER,not_selected_for_target,,absence_from_expert_target_workbook,3227,13,2022,CREDIT-B4F166D48520,1340,燃生物质锅炉,True,3
SRC-RAW-5A761855DA7B395F8DD6,POWER,not_selected_for_target,,absence_from_expert_target_workbook,3228,21,2022,CREDIT-6B07304295A8,3031,,True,2
SRC-RAW-820EE5B241C017792DBD,POWER,not_selected_for_target,,absence_from_expert_target_workbook,3229,21,2022,CREDIT-663FFC891AFC,1329,,True,1
SRC-RAW-7FAF8A0E1CCDA70C4152,POWER,not_selected_for_target,,absence_from_expert_target_workbook,3230,21,2022,CREDIT-90AFFF7BD256,1329,,True,0
SRC-RAW-CA3EA358116076051DF6,POWER,not_selected_for_target,,absence_from_expert_target_workbook,3231,21,2022,CREDIT-E4C673B497F9,1361,,True,0
SRC-RAW-0034703C50B2ED845C6B,POWER,not_selected_for_target,,absence_from_expert_target_workbook,3232,21,2022,CREDIT-E7107F500AE3,1329,,True,0
SRC-RAW-DA27ABDC2D85F171057D,POWER,not_selected_for_target,,absence_from_expert_target_workbook,3233,21,2022,CREDIT-D47CC295B5EB,2022,,True,3
SRC-RAW-F83F10764C698600274D,POWER,not_selected_for_target,,absence_from_expert_target_workbook,3234,21,2022,CREDIT-2B357FC173FE,1741,,True,1
SRC-RAW-241B2916102A599B7634,POWER,not_selected_for_target,,absence_from_expert_target_workbook,3235,21,2022,CREDIT-4CC8D58960E0,2667,,True,1
SRC-RAW-A12866FE54992C67FE2F,POWER,not_selected_for_target,,absence_from_expert_target_workbook,3236,11,2022,CREDIT-4A95BF9E511E,1340,燃生物质锅炉,True,3
SRC-RAW-A5900F96469F9B72EAB6,POWER,not_selected_for_target,,absence_from_expert_target_workbook,3237,12,2022,CREDIT-4A95BF9E511E,1340,燃生物质锅炉,True,3
SRC-RAW-2B87D39AE1F36EAB4897,POWER,not_selected_for_target,,absence_from_expert_target_workbook,3238,13,2022,CREDIT-4A95BF9E511E,1340,燃生物质锅炉,True,3
SRC-RAW-D037D8CC671442E87687,POWER,not_selected_for_target,,absence_from_expert_target_workbook,3239,14,2022,CREDIT-4A95BF9E511E,1340,燃生物质锅炉,True,3
SRC-RAW-0F368D62DD808492CD1C,POWER,not_selected_for_target,,absence_from_expert_target_workbook,3240,21,2022,CREDIT-AE124FA2B424,2667,,True,1
SRC-RAW-3CF2C28B4F612B566866,POWER,not_selected_for_target,,absence_from_expert_target_workbook,3241,21,2022,CREDIT-ACECCBC537E0,1741,,True,1
SRC-RAW-EC144274C8A58138D692,POWER,not_selected_for_target,,absence_from_expert_target_workbook,3242,21,2022,CREDIT-AEFAD2934312,3031,,True,1
SRC-RAW-B52AD92AD62BD68CA197,POWER,not_selected_for_target,,absence_from_expert_target_workbook,3243,21,2022,CREDIT-76330AF4C9B3,3031,,True,1
SRC-RAW-A7F97066365717F2E0B5,POWER,not_selected_for_target,,absence_from_expert_target_workbook,3244,21,2022,CREDIT-9702D49E07CF,3031,,True,0
SRC-RAW-6C08E9439E5C4CD6FABB,POWER,not_selected_for_target,,absence_from_expert_target_workbook,3245,21,2022,CREDIT-28A4C217D589,2221,,True,1
SRC-RAW-3A96463DA0641236F838,POWER,not_selected_for_target,,absence_from_expert_target_workbook,3246,21,2022,CREDIT-C3C6A006E05D,3031,,True,0
SRC-RAW-E1574E5AC824077AD32D,POWER,not_selected_for_target,,absence_from_expert_target_workbook,3247,21,2022,CREDIT-80681CF9EFFA,3031,,True,1
SRC-RAW-78F97741C7D93DAD75F9,POWER,not_selected_for_target,,absence_from_expert_target_workbook,3248,21,2022,CREDIT-F0BF36A7129B,2021,,True,1
SRC-RAW-0744E7AA984675086719,POWER,not_selected_for_target,,absence_from_expert_target_workbook,3249,21,2022,CREDIT-6D8EA498D304,3031,,True,1
SRC-RAW-E9C47BF7826B6420733E,POWER,not_selected_for_target,,absence_from_expert_target_workbook,3250,21,2022,CREDIT-E6A2FD02E93F,3031,,True,0
SRC-RAW-EE205AA2446F08EF9AC4,POWER,not_selected_for_target,,absence_from_expert_target_workbook,3251,21,2022,CREDIT-A6F40D00AB4C,3031,,True,1
SRC-RAW-B7015BF8E4E8C57DF23D,POWER,not_selected_for_target,,absence_from_expert_target_workbook,3252,21,2022,CREDIT-5057BF5CE38D,3983,,True,1
SRC-RAW-2B19D3E31598DC8288B4,POWER,not_selected_for_target,,absence_from_expert_target_workbook,3253,11,2022,CREDIT-2F37B9B6541D,4417,燃生物质锅炉,True,3
SRC-RAW-737C1955E02119542B26,POWER,not_selected_for_target,,absence_from_expert_target_workbook,3254,12,2022,CREDIT-2F37B9B6541D,4417,燃生物质锅炉,True,3
SRC-RAW-B4A3522B0E9B9ECBA64F,POWER,not_selected_for_target,,absence_from_expert_target_workbook,3255,21,2022,CREDIT-0E974A20EC0C,2221,,True,1
SRC-RAW-2311D74E7C51263EF7E7,POWER,not_selected_for_target,,absence_from_expert_target_workbook,3256,21,2022,CREDIT-14E13D3C28A9,2221,,True,1
SRC-RAW-C0844C8C6B7825D3F888,POWER,include,260,canonical_expert_scope_order,3257,11,2022,CREDIT-8E803999280C,4411,燃煤锅炉,True,3
SRC-RAW-B8621C83D2F0338C87B0,POWER,include,261,canonical_expert_scope_order,3258,12,2022,CREDIT-8E803999280C,4411,燃煤锅炉,True,3
SRC-RAW-99293698992DBFEBD85E,POWER,not_selected_for_target,,absence_from_expert_target_workbook,3259,21,2022,CREDIT-8E803999280C,4411,,True,3
SRC-RAW-B362DE48C304C7B11A6D,POWER,not_selected_for_target,,absence_from_expert_target_workbook,3260,21,2022,CREDIT-9782BC056389,2740,,True,1
SRC-RAW-9553D10C1698AE1D1153,POWER,not_selected_for_target,,absence_from_expert_target_workbook,3261,22,2022,CREDIT-9782BC056389,2740,,True,1
SRC-RAW-224CEFF16F6656726D13,POWER,not_selected_for_target,,absence_from_expert_target_workbook,3262,21,2022,CREDIT-430EA78572C1,2662,,True,2
SRC-RAW-C35AB45D93D69B1BACC2,POWER,not_selected_for_target,,absence_from_expert_target_workbook,3263,22,2022,CREDIT-430EA78572C1,2662,,True,2
SRC-RAW-D9F21E21BCFCC63AF54E,POWER,not_selected_for_target,,absence_from_expert_target_workbook,3264,21,2022,CREDIT-A0C25E223E94,2661,,True,1
SRC-RAW-429DC285298D860D1CC8,POWER,not_selected_for_target,,absence_from_expert_target_workbook,3265,21,2022,CREDIT-A228A8A9E684,1462,,True,1
SRC-RAW-3B616E29D3A7BCA6F7DC,POWER,not_selected_for_target,,absence_from_expert_target_workbook,3266,21,2022,CREDIT-80F3011C8A88,1712,,True,0
SRC-RAW-F0D82E1F2DA9412EED05,POWER,not_selected_for_target,,absence_from_expert_target_workbook,3267,22,2022,CREDIT-80F3011C8A88,1712,,True,0
SRC-RAW-532FF8A3F1DC875E6CEF,POWER,not_selected_for_target,,absence_from_expert_target_workbook,3268,21,2022,CREDIT-1E112E224C44,3351,,True,2
SRC-RAW-55AF96A9ECDD60B4173A,POWER,not_selected_for_target,,absence_from_expert_target_workbook,3269,21,2022,CREDIT-6F50258AD87E,1419,,True,4
SRC-RAW-FC8DFF1C5C5F7B303978,POWER,not_selected_for_target,,absence_from_expert_target_workbook,3270,21,2022,CREDIT-7ADBFF07C8BB,2710,,True,0
SRC-RAW-92DFAA15C9D0F259F1A4,POWER,not_selected_for_target,,absence_from_expert_target_workbook,3271,22,2022,CREDIT-7ADBFF07C8BB,2710,,True,0
SRC-RAW-D7E1A513B4477548752B,POWER,not_selected_for_target,,absence_from_expert_target_workbook,3272,21,2022,CREDIT-52CF1729D09F,2661,,True,2
SRC-RAW-BB4B6AEF15C371CE49DD,POWER,not_selected_for_target,,absence_from_expert_target_workbook,3273,21,2022,CREDIT-13FE69C54D95,1713,,True,4
SRC-RAW-0F8C21CF33A86CFBBB50,POWER,not_selected_for_target,,absence_from_expert_target_workbook,3274,22,2022,CREDIT-13FE69C54D95,1713,,True,4
SRC-RAW-3E7F8AD1CEA9495CA3A0,POWER,not_selected_for_target,,absence_from_expert_target_workbook,3275,21,2022,CREDIT-478A40A0C6FA,4412,,True,0
SRC-RAW-8F9AB03C17F90CE3377F,POWER,not_selected_for_target,,absence_from_expert_target_workbook,3276,22,2022,CREDIT-478A40A0C6FA,4412,,True,0
SRC-RAW-896E9D06313A98433D90,POWER,not_selected_for_target,,absence_from_expert_target_workbook,3277,21,2022,CREDIT-D93F72FC1E53,1712,,True,1
SRC-RAW-E4F85067A991080E6DCB,POWER,not_selected_for_target,,absence_from_expert_target_workbook,3278,22,2022,CREDIT-D93F72FC1E53,1712,,True,1
SRC-RAW-B08742E5C0734FDEA047,POWER,not_selected_for_target,,absence_from_expert_target_workbook,3279,21,2022,CREDIT-45C3944945F7,2641,,True,2
SRC-RAW-1FE4AE28E51DB584AC22,POWER,not_selected_for_target,,absence_from_expert_target_workbook,3280,21,2022,CREDIT-FF5B990D2103,2710,,True,1
SRC-RAW-70E22AD6A0F08159D739,POWER,not_selected_for_target,,absence_from_expert_target_workbook,3281,21,2022,CREDIT-56C2C298DDA4,1462,,True,0
SRC-RAW-EB56BFC7127C2DCD8E87,POWER,not_selected_for_target,,absence_from_expert_target_workbook,3282,21,2022,CREDIT-0A433D04C449,1752,,True,0
SRC-RAW-C42DB6CF04200D8ABA3A,POWER,not_selected_for_target,,absence_from_expert_target_workbook,3283,21,2022,CREDIT-8B2A92C29BA1,1910,,True,1
SRC-RAW-646972BF5DBEF8784EA3,POWER,not_selected_for_target,,absence_from_expert_target_workbook,3284,21,2022,CREDIT-B3F307EB9784,4430,,True,3
SRC-RAW-2ACE0CAADC82D19FC682,POWER,not_selected_for_target,,absence_from_expert_target_workbook,3285,22,2022,CREDIT-B3F307EB9784,4430,,True,3
SRC-RAW-6F501A6BB6E4BD246D1D,POWER,not_selected_for_target,,absence_from_expert_target_workbook,3286,23,2022,CREDIT-B3F307EB9784,4430,,True,3
SRC-RAW-5A526F8A9AD83B1B7462,POWER,not_selected_for_target,,absence_from_expert_target_workbook,3287,21,2022,ORG-7FAE3184DF1F,2915,,True,7
SRC-RAW-686979DD53CD036E7B50,POWER,not_selected_for_target,,absence_from_expert_target_workbook,3288,22,2022,ORG-7FAE3184DF1F,2915,,True,7
SRC-RAW-A0F34B0B9824238CA1B7,POWER,not_selected_for_target,,absence_from_expert_target_workbook,3289,23,2022,ORG-7FAE3184DF1F,2915,,True,7
SRC-RAW-DFDF3C845423612DD675,POWER,not_selected_for_target,,absence_from_expert_target_workbook,3290,24,2022,ORG-7FAE3184DF1F,2915,,True,7
SRC-RAW-B91A12473EDDB7B62D7D,POWER,not_selected_for_target,,absence_from_expert_target_workbook,3291,21,2022,CREDIT-9E7B8686E83D,1713,,True,1
SRC-RAW-34B5446C1BD3D8B37D49,POWER,not_selected_for_target,,absence_from_expert_target_workbook,3292,21,2022,CREDIT-9789546EB6F4,1495,,True,0
SRC-RAW-C84A181197F33046525A,POWER,not_selected_for_target,,absence_from_expert_target_workbook,3293,22,2022,CREDIT-9789546EB6F4,1495,,True,0
SRC-RAW-3884BDC69225E2BFA30F,POWER,not_selected_for_target,,absence_from_expert_target_workbook,3294,23,2022,CREDIT-9789546EB6F4,1495,,True,0
SRC-RAW-194F6A0F28F85593F2AC,POWER,not_selected_for_target,,absence_from_expert_target_workbook,3295,21,2022,CREDIT-5F636906C987,2231,,True,1
SRC-RAW-B243E5F1FFB0BC0A153F,POWER,not_selected_for_target,,absence_from_expert_target_workbook,3296,21,2022,CREDIT-0CB81D6C933B,3982,,True,1
SRC-RAW-AD5DF9036AA8A5E11445,POWER,not_selected_for_target,,absence_from_expert_target_workbook,3297,21,2022,CREDIT-426D2F42D1DD,1521,,True,0
SRC-RAW-D0812CCF55CB7CFA9471,POWER,not_selected_for_target,,absence_from_expert_target_workbook,3298,22,2022,CREDIT-426D2F42D1DD,1521,,True,0
SRC-RAW-C093C7D7445AB5A91D98,POWER,not_selected_for_target,,absence_from_expert_target_workbook,3299,23,2022,CREDIT-426D2F42D1DD,1521,,True,0
SRC-RAW-B6469145B0B0A4FB00A0,POWER,include,262,canonical_expert_scope_order,3300,11,2022,CREDIT-4DB413810332,4412,燃气轮机,True,2
SRC-RAW-A3068488C3DCAF296ED0,POWER,include,263,canonical_expert_scope_order,3301,12,2022,CREDIT-4DB413810332,4412,燃气轮机,True,2
SRC-RAW-C2233107A3E357F1B3ED,POWER,not_selected_for_target,,absence_from_expert_target_workbook,3302,21,2022,CREDIT-C4F4698C4F1B,1910,,True,1
SRC-RAW-0EF47272983579D66EA4,POWER,not_selected_for_target,,absence_from_expert_target_workbook,3303,11,2022,CREDIT-0D594BFF1107,4417,余热利用锅炉,True,3
SRC-RAW-E0A4817EB60BF5DC6D0E,POWER,not_selected_for_target,,absence_from_expert_target_workbook,3304,12,2022,CREDIT-0D594BFF1107,4417,余热利用锅炉,True,3
SRC-RAW-D7826CEED64788F288B1,POWER,not_selected_for_target,,absence_from_expert_target_workbook,3305,21,2022,CREDIT-5235EFD884E5,2221,,True,1
SRC-RAW-E6FA37868D3C142C1E0A,POWER,not_selected_for_target,,absence_from_expert_target_workbook,3306,21,2022,CREDIT-B7CE3B52AE6E,2651,,True,1
SRC-RAW-715D3D448989F1B05A62,POWER,not_selected_for_target,,absence_from_expert_target_workbook,3307,21,2022,CREDIT-21877878BEDF,1910,,True,1
SRC-RAW-DF3CE57B55115534424B,POWER,not_selected_for_target,,absence_from_expert_target_workbook,3308,21,2022,CREDIT-B84D63D20999,3360,,True,1
SRC-RAW-06135FAF0602F2616D01,POWER,not_selected_for_target,,absence_from_expert_target_workbook,3309,21,2022,CREDIT-2365C8741C5C,3360,,True,1
SRC-RAW-6E8564BA95D40DBB00B0,POWER,not_selected_for_target,,absence_from_expert_target_workbook,3310,21,2022,CREDIT-2E4DF2988C56,3360,,True,0
SRC-RAW-4BAB00E5FE16AB073C55,POWER,not_selected_for_target,,absence_from_expert_target_workbook,3311,22,2022,CREDIT-2E4DF2988C56,3360,,True,0
SRC-RAW-0E2F0829E8989F60B2EA,POWER,not_selected_for_target,,absence_from_expert_target_workbook,3312,23,2022,CREDIT-2E4DF2988C56,3360,,True,0
SRC-RAW-8F5BECEA65B05C7704B3,POWER,not_selected_for_target,,absence_from_expert_target_workbook,3313,21,2022,CREDIT-433D3F09BED4,2662,,True,2
SRC-RAW-EE156DEBF6E5257CB8BD,POWER,not_selected_for_target,,absence_from_expert_target_workbook,3314,21,2022,CREDIT-F0BF2D8EDF48,2613,,True,3
SRC-RAW-811F06D12FE48F61F786,POWER,not_selected_for_target,,absence_from_expert_target_workbook,3315,21,2022,CREDIT-0C78B325864F,3360,,True,0
SRC-RAW-577AD8AA17F1277ADACD,POWER,not_selected_for_target,,absence_from_expert_target_workbook,3316,21,2022,CREDIT-0E4944FC93DC,3360,,True,4
SRC-RAW-A39EA7C0789C7F7DBB54,POWER,not_selected_for_target,,absence_from_expert_target_workbook,3317,22,2022,CREDIT-0E4944FC93DC,3360,,True,4
SRC-RAW-42C4DD9638AF4446A103,POWER,not_selected_for_target,,absence_from_expert_target_workbook,3318,23,2022,CREDIT-0E4944FC93DC,3360,,True,4
SRC-RAW-021EAD3E62B12AF834A3,POWER,not_selected_for_target,,absence_from_expert_target_workbook,3319,24,2022,CREDIT-0E4944FC93DC,3360,,True,4
SRC-RAW-49273257E4CA5A37564E,POWER,not_selected_for_target,,absence_from_expert_target_workbook,3320,21,2022,CREDIT-44180AE21F74,3360,,True,2
SRC-RAW-798595A8416D0370AD04,POWER,not_selected_for_target,,absence_from_expert_target_workbook,3321,22,2022,CREDIT-44180AE21F74,3360,,True,2
SRC-RAW-843B339E26308EC0CF39,POWER,not_selected_for_target,,absence_from_expert_target_workbook,3322,21,2022,CREDIT-62DD35462B4F,3360,,True,0
SRC-RAW-382BD4C042A1FFCAF2AF,POWER,not_selected_for_target,,absence_from_expert_target_workbook,3323,21,2022,CREDIT-EC4DC13528DC,1462,,True,2
SRC-RAW-9B99C6934CD300CFCD65,POWER,not_selected_for_target,,absence_from_expert_target_workbook,3324,22,2022,CREDIT-EC4DC13528DC,1462,,True,2
SRC-RAW-332EED45AFBBC139666F,POWER,not_selected_for_target,,absence_from_expert_target_workbook,3325,21,2022,CREDIT-B0C84B77A7DB,3360,,True,0
SRC-RAW-37647ADEADB731B1BAA1,POWER,not_selected_for_target,,absence_from_expert_target_workbook,3326,22,2022,CREDIT-B0C84B77A7DB,3360,,True,0
SRC-RAW-46DA4378B9FAF436BA15,POWER,not_selected_for_target,,absence_from_expert_target_workbook,3327,21,2022,CREDIT-EBCB0CC4D0C2,2221,,True,1
SRC-RAW-A6810AF9C8C1B1B17D93,POWER,not_selected_for_target,,absence_from_expert_target_workbook,3328,21,2022,CREDIT-71AC7D95BD8E,3360,,True,0
SRC-RAW-6E3ADE6F99A7AF62C364,POWER,not_selected_for_target,,absence_from_expert_target_workbook,3329,22,2022,CREDIT-71AC7D95BD8E,3360,,True,0
SRC-RAW-D451E304AF73487F31BD,POWER,not_selected_for_target,,absence_from_expert_target_workbook,3330,23,2022,CREDIT-71AC7D95BD8E,3360,,True,0
SRC-RAW-5FAC47317A475981061B,POWER,not_selected_for_target,,absence_from_expert_target_workbook,3331,24,2022,CREDIT-71AC7D95BD8E,3360,,True,0
SRC-RAW-E87B40EB8AA6CC19949E,POWER,not_selected_for_target,,absence_from_expert_target_workbook,3332,21,2022,CREDIT-ED5CAD96BEFA,3024,,True,4
SRC-RAW-7341EB41E1012F5999DC,POWER,not_selected_for_target,,absence_from_expert_target_workbook,3333,21,2022,CREDIT-46C95540A34A,3360,,True,0
SRC-RAW-9DC2A8A2F74F053E5610,POWER,not_selected_for_target,,absence_from_expert_target_workbook,3334,22,2022,CREDIT-46C95540A34A,3360,,True,0
SRC-RAW-DEB58161290E7E9AB7F8,POWER,not_selected_for_target,,absence_from_expert_target_workbook,3335,23,2022,CREDIT-46C95540A34A,3360,,True,0
SRC-RAW-F144A7CABC342E873757,POWER,not_selected_for_target,,absence_from_expert_target_workbook,3336,24,2022,CREDIT-46C95540A34A,3360,,True,0
SRC-RAW-263901F7308310AF82F3,POWER,not_selected_for_target,,absence_from_expert_target_workbook,3337,21,2022,CREDIT-154C1690FC6E,3360,,True,0
SRC-RAW-72BBB0BDAECFE51421B2,POWER,not_selected_for_target,,absence_from_expert_target_workbook,3338,22,2022,CREDIT-154C1690FC6E,3360,,True,0
SRC-RAW-F94FD08FFDC55BD43A60,POWER,not_selected_for_target,,absence_from_expert_target_workbook,3339,23,2022,CREDIT-154C1690FC6E,3360,,True,0
SRC-RAW-4BFE3E39DAFEF7D34BB4,POWER,not_selected_for_target,,absence_from_expert_target_workbook,3340,24,2022,CREDIT-154C1690FC6E,3360,,True,0
SRC-RAW-FE61ADD8A0971853F593,POWER,not_selected_for_target,,absence_from_expert_target_workbook,3341,25,2022,CREDIT-154C1690FC6E,3360,,True,0
SRC-RAW-38AA881A253466878EEA,POWER,not_selected_for_target,,absence_from_expert_target_workbook,3342,26,2022,CREDIT-154C1690FC6E,3360,,True,0
SRC-RAW-4FC5A4F96E14D47173FD,POWER,not_selected_for_target,,absence_from_expert_target_workbook,3343,21,2022,CREDIT-9BF5743CC8DB,1910,,True,1
SRC-RAW-A40D9C4CE31E20E658D2,POWER,not_selected_for_target,,absence_from_expert_target_workbook,3344,21,2022,CREDIT-D089CC4F8182,1752,,True,0
SRC-RAW-6772EE00552CF1678170,POWER,not_selected_for_target,,absence_from_expert_target_workbook,3345,21,2022,CREDIT-A42DE48BEDC8,3360,,True,0
SRC-RAW-D4769DE329AAB3B0680A,POWER,not_selected_for_target,,absence_from_expert_target_workbook,3346,22,2022,CREDIT-A42DE48BEDC8,3360,,True,0
SRC-RAW-65C2D043B08F22E2A5E5,POWER,not_selected_for_target,,absence_from_expert_target_workbook,3347,23,2022,CREDIT-A42DE48BEDC8,3360,,True,0
SRC-RAW-CE5CE1377BF1EE853F34,POWER,not_selected_for_target,,absence_from_expert_target_workbook,3348,24,2022,CREDIT-A42DE48BEDC8,3360,,True,0
SRC-RAW-031255D1F24CF00E44D3,POWER,not_selected_for_target,,absence_from_expert_target_workbook,3349,21,2022,CREDIT-465B7297361D,3360,,True,0
SRC-RAW-8121D0187510B071C4F7,POWER,not_selected_for_target,,absence_from_expert_target_workbook,3350,22,2022,CREDIT-465B7297361D,3360,,True,0
SRC-RAW-FCB688FB9FBB44AA15EC,POWER,not_selected_for_target,,absence_from_expert_target_workbook,3351,23,2022,CREDIT-465B7297361D,3360,,True,0
SRC-RAW-0A9526F11C1CDE16E24E,POWER,not_selected_for_target,,absence_from_expert_target_workbook,3352,24,2022,CREDIT-465B7297361D,3360,,True,0
SRC-RAW-49044C579C071B0DA9AD,POWER,not_selected_for_target,,absence_from_expert_target_workbook,3353,21,2022,CREDIT-08FC1DF2992A,1910,,True,0
SRC-RAW-A7E8F677A429BAB32D2F,POWER,not_selected_for_target,,absence_from_expert_target_workbook,3354,21,2022,CREDIT-FED84CEB6703,3360,,True,3
SRC-RAW-24E2C8F85D041A7DDEA0,POWER,not_selected_for_target,,absence_from_expert_target_workbook,3355,22,2022,CREDIT-FED84CEB6703,3360,,True,3
SRC-RAW-3139F18407AB97A09146,POWER,not_selected_for_target,,absence_from_expert_target_workbook,3356,23,2022,CREDIT-FED84CEB6703,3360,,True,3
SRC-RAW-FE8D3A15DF75D44802AF,POWER,not_selected_for_target,,absence_from_expert_target_workbook,3357,21,2022,CREDIT-5D49C30D9DC7,2651,,True,4
SRC-RAW-B1511C5ED9F60837D6CF,POWER,not_selected_for_target,,absence_from_expert_target_workbook,3358,22,2022,CREDIT-5D49C30D9DC7,2651,,True,4
SRC-RAW-FBF8153BC59018CE7D9B,POWER,not_selected_for_target,,absence_from_expert_target_workbook,3359,23,2022,CREDIT-5D49C30D9DC7,2651,,True,4
SRC-RAW-3904A3DBC07F7CB4CE63,POWER,not_selected_for_target,,absence_from_expert_target_workbook,3360,21,2022,CREDIT-E7F762AD50EF,1910,,True,3
SRC-RAW-EE85171B7D59E41F1E22,POWER,not_selected_for_target,,absence_from_expert_target_workbook,3361,21,2022,CREDIT-FB1597D1640F,3360,,True,1
SRC-RAW-D29F810923EBC70CDCCE,POWER,not_selected_for_target,,absence_from_expert_target_workbook,3362,21,2022,CREDIT-DF6AED620699,3360,,True,0
SRC-RAW-C76B06DA64A10AE331F5,POWER,not_selected_for_target,,absence_from_expert_target_workbook,3363,21,2022,CREDIT-BEFF29A4D9EC,1910,,True,3
SRC-RAW-18F5D25ECB73853BE2C0,POWER,not_selected_for_target,,absence_from_expert_target_workbook,3364,22,2022,CREDIT-BEFF29A4D9EC,1910,,True,3
SRC-RAW-D9EFCBEB97E37AA051BB,POWER,not_selected_for_target,,absence_from_expert_target_workbook,3365,21,2022,CREDIT-5B6952E570FE,1713,,True,0
SRC-RAW-135DD4B6EA75FD05B6F0,POWER,not_selected_for_target,,absence_from_expert_target_workbook,3366,21,2022,CREDIT-2455DD1A95BB,3360,,True,1
SRC-RAW-629D873A1A7F2B3FF16E,POWER,not_selected_for_target,,absence_from_expert_target_workbook,3367,21,2022,CREDIT-3B7D3FB8545B,1519,,True,0
SRC-RAW-F00876E71038DC36119B,POWER,not_selected_for_target,,absence_from_expert_target_workbook,3368,21,2022,CREDIT-CC49C93E7CF4,3360,,True,4
SRC-RAW-5D4193EC9F3A4A2BDE86,POWER,not_selected_for_target,,absence_from_expert_target_workbook,3369,22,2022,CREDIT-CC49C93E7CF4,3360,,True,4
SRC-RAW-EE26D7AF357D9BEFFD5F,POWER,not_selected_for_target,,absence_from_expert_target_workbook,3370,21,2022,CREDIT-C2D3450C412D,3360,,True,0
SRC-RAW-D3ECA2A504A69498C0B9,POWER,not_selected_for_target,,absence_from_expert_target_workbook,3371,21,2022,CREDIT-8BDF5E3CB1D4,3360,,True,0
SRC-RAW-3FC139796B96A3A0D721,POWER,not_selected_for_target,,absence_from_expert_target_workbook,3372,22,2022,CREDIT-8BDF5E3CB1D4,3360,,True,0
SRC-RAW-DC80605BF32D5295A555,POWER,not_selected_for_target,,absence_from_expert_target_workbook,3373,23,2022,CREDIT-8BDF5E3CB1D4,3360,,True,0
SRC-RAW-1E56D600733C5131F413,POWER,not_selected_for_target,,absence_from_expert_target_workbook,3374,21,2022,CREDIT-EB9FEE91287E,1712,,True,0
SRC-RAW-1CB579A4C5053607AE7A,POWER,not_selected_for_target,,absence_from_expert_target_workbook,3375,22,2022,CREDIT-EB9FEE91287E,1712,,True,0
SRC-RAW-68DCC048FF6C4199B4A8,POWER,not_selected_for_target,,absence_from_expert_target_workbook,3376,23,2022,CREDIT-EB9FEE91287E,1712,,True,0
SRC-RAW-A4C233758A117BC896A7,POWER,not_selected_for_target,,absence_from_expert_target_workbook,3377,24,2022,CREDIT-EB9FEE91287E,1712,,True,0
SRC-RAW-A4C8330A7C689F18F6EE,POWER,not_selected_for_target,,absence_from_expert_target_workbook,3378,21,2022,CREDIT-7E5F4CA4D479,3360,,True,1
SRC-RAW-509A3DDC09A2D9224729,POWER,not_selected_for_target,,absence_from_expert_target_workbook,3379,21,2022,CREDIT-6798F052A2BF,3360,,True,1
SRC-RAW-4DF7506011A9394D716D,POWER,not_selected_for_target,,absence_from_expert_target_workbook,3380,21,2022,CREDIT-9FA9C40AF2EC,1830,,True,0
SRC-RAW-4C76FE00BC9ACFB8534E,POWER,not_selected_for_target,,absence_from_expert_target_workbook,3381,21,2022,CREDIT-79D7DB13E395,3360,,True,0
SRC-RAW-B837CFD1784DC791EA0E,POWER,not_selected_for_target,,absence_from_expert_target_workbook,3382,21,2022,CREDIT-888FE8D48E12,3360,,True,0
SRC-RAW-97AF8BBC65A0DDDC0910,POWER,not_selected_for_target,,absence_from_expert_target_workbook,3383,21,2022,CREDIT-4AFEA7487570,1713,,True,0
SRC-RAW-6BA97CB3784872912F2A,POWER,not_selected_for_target,,absence_from_expert_target_workbook,3384,21,2022,CREDIT-1681A7C979A0,3360,,True,5
SRC-RAW-0B1AADE41587689C197F,POWER,not_selected_for_target,,absence_from_expert_target_workbook,3385,22,2022,CREDIT-1681A7C979A0,3360,,True,5
SRC-RAW-61D092394237951C5CF3,POWER,not_selected_for_target,,absence_from_expert_target_workbook,3386,23,2022,CREDIT-1681A7C979A0,3360,,True,5
SRC-RAW-D27800BFFFC35350CA3C,POWER,not_selected_for_target,,absence_from_expert_target_workbook,3387,24,2022,CREDIT-1681A7C979A0,3360,,True,5
SRC-RAW-77FED2B57BEA2131A1A7,POWER,not_selected_for_target,,absence_from_expert_target_workbook,3388,25,2022,CREDIT-1681A7C979A0,3360,,True,5
SRC-RAW-736FD798F0F9EE7CA57F,POWER,not_selected_for_target,,absence_from_expert_target_workbook,3389,21,2022,CREDIT-C53CA658674E,3360,,True,1
SRC-RAW-106AFE2B6704513AA6CD,POWER,not_selected_for_target,,absence_from_expert_target_workbook,3390,21,2022,CREDIT-6F21217E5AE9,3360,,True,1
SRC-RAW-1C1E6AFAAD2BED9FCBE6,POWER,not_selected_for_target,,absence_from_expert_target_workbook,3391,21,2022,CREDIT-D6B4AF5F32AE,3360,,True,0
SRC-RAW-1952C1862252F74F422E,POWER,not_selected_for_target,,absence_from_expert_target_workbook,3392,22,2022,CREDIT-D6B4AF5F32AE,3360,,True,0
SRC-RAW-932AD4D0F77759DAFD2D,POWER,not_selected_for_target,,absence_from_expert_target_workbook,3393,23,2022,CREDIT-D6B4AF5F32AE,3360,,True,0
SRC-RAW-31030AC90D8DCCD013B0,POWER,not_selected_for_target,,absence_from_expert_target_workbook,3394,21,2022,CREDIT-5F3336C2B529,3360,,True,1
SRC-RAW-29739241DBACF8EAE602,POWER,not_selected_for_target,,absence_from_expert_target_workbook,3395,21,2022,CREDIT-5F8B38BE41B9,3360,,True,1
SRC-RAW-BE20C6E2217C4D3B245D,POWER,not_selected_for_target,,absence_from_expert_target_workbook,3396,21,2022,CREDIT-1E03D54A21D2,2613,,True,0
SRC-RAW-29B8AE9ECC3FCD75354E,POWER,not_selected_for_target,,absence_from_expert_target_workbook,3397,21,2022,CREDIT-88EAE70C7981,3360,,True,1
SRC-RAW-D3E2201E1ABD18AB0AAB,POWER,not_selected_for_target,,absence_from_expert_target_workbook,3398,21,2022,CREDIT-CB2EEA4F5DA5,3360,,True,1
SRC-RAW-9E3BA45F500878E82A0C,POWER,not_selected_for_target,,absence_from_expert_target_workbook,3399,21,2022,CREDIT-46459B53C97B,2221,,True,1
SRC-RAW-5D67DEC9CFFDD2E29786,POWER,not_selected_for_target,,absence_from_expert_target_workbook,3400,21,2022,CREDIT-630126ECFC8E,2925,,True,3
SRC-RAW-4CF1CD8ED74EF3454511,POWER,not_selected_for_target,,absence_from_expert_target_workbook,3401,21,2022,CREDIT-38151DBA1FE1,3062,,True,2
SRC-RAW-379CC710F6B3DD2F81D5,POWER,not_selected_for_target,,absence_from_expert_target_workbook,3402,21,2022,CREDIT-3A0A01FDAAAC,2221,,True,0
SRC-RAW-8A51209160B721C5CD73,POWER,not_selected_for_target,,absence_from_expert_target_workbook,3403,21,2022,CREDIT-6DADCCE5CEDC,3252,,True,5
SRC-RAW-EB686EDFDB24C1240F73,POWER,not_selected_for_target,,absence_from_expert_target_workbook,3404,21,2022,CREDIT-EFA3B9D25A49,2221,,True,0
SRC-RAW-55F91E54AA0D1929E97B,POWER,not_selected_for_target,,absence_from_expert_target_workbook,3405,21,2022,CREDIT-A6A9DBF68EA4,2221,,True,4
SRC-RAW-5DCBE32997955E454774,POWER,not_selected_for_target,,absence_from_expert_target_workbook,3406,22,2022,CREDIT-A6A9DBF68EA4,2221,,True,4
SRC-RAW-7D562D576E148B388B41,POWER,not_selected_for_target,,absence_from_expert_target_workbook,3407,21,2022,CREDIT-F5C125D07332,2221,,True,0
SRC-RAW-6A05B76DDB1798728B5E,POWER,not_selected_for_target,,absence_from_expert_target_workbook,3408,21,2022,ORG-F02B62BA1F9C,2651,,True,1
SRC-RAW-176D62C10BE6A4A96FBB,POWER,not_selected_for_target,,absence_from_expert_target_workbook,3409,21,2022,CREDIT-2604F841DE64,3752,,True,2
SRC-RAW-31F6076EAB35AFB04D4C,POWER,not_selected_for_target,,absence_from_expert_target_workbook,3410,21,2022,CREDIT-487C6CA048B2,1019,,True,2
SRC-RAW-54CA800DA0BF45753A55,POWER,not_selected_for_target,,absence_from_expert_target_workbook,3411,21,2022,CREDIT-A145A5EEE200,2221,,True,1
SRC-RAW-796CEA489F87372546B1,POWER,not_selected_for_target,,absence_from_expert_target_workbook,3412,21,2022,CREDIT-02B6DC2B6956,2221,,True,1
SRC-RAW-2176187F1A41EC1F36DD,POWER,include,264,canonical_expert_scope_order,3413,11,2022,CREDIT-95327373CB15,2211,燃煤锅炉,True,7
SRC-RAW-A8439BC2A139D0451F99,POWER,not_selected_for_target,,absence_from_expert_target_workbook,3414,21,2022,CREDIT-95327373CB15,2211,,True,7
SRC-RAW-0933647E0FE3CC0E59B1,POWER,not_selected_for_target,,absence_from_expert_target_workbook,3415,22,2022,CREDIT-95327373CB15,2211,,True,7
SRC-RAW-29A23F8ACC5762667C48,POWER,not_selected_for_target,,absence_from_expert_target_workbook,3416,21,2022,CREDIT-1F4D1BA67AD1,2651,,True,1
SRC-RAW-AA44F330D07D9F1F864D,POWER,not_selected_for_target,,absence_from_expert_target_workbook,3417,21,2022,CREDIT-EF6EC64A1D37,2663,,True,1
SRC-RAW-9C56667B6E6A4C4D573E,POWER,not_selected_for_target,,absence_from_expert_target_workbook,3418,21,2022,CREDIT-124CD1A6BC3E,1910,,True,1
SRC-RAW-CF36FCECD8308D613DFE,POWER,not_selected_for_target,,absence_from_expert_target_workbook,3419,21,2022,CREDIT-2399D848296D,2651,,True,2
SRC-RAW-FB757032C0A3F7767AB3,POWER,not_selected_for_target,,absence_from_expert_target_workbook,3420,21,2022,CREDIT-AACC710CF02C,1910,,True,1
SRC-RAW-59E25E36F837F66F5C85,POWER,not_selected_for_target,,absence_from_expert_target_workbook,3421,21,2022,CREDIT-F22761F4551C,2221,,True,1
SRC-RAW-9C593F31EC8F316AC1EC,POWER,not_selected_for_target,,absence_from_expert_target_workbook,3422,21,2022,CREDIT-204FCC255CEB,2221,,True,1
SRC-RAW-B13276F9DDC2F22AC2AF,POWER,not_selected_for_target,,absence_from_expert_target_workbook,3423,21,2022,CREDIT-BFD8DCEBAB76,2221,,True,1
SRC-RAW-2BB4644800CBCDE93246,POWER,not_selected_for_target,,absence_from_expert_target_workbook,3424,21,2022,CREDIT-4392C8AEB5D3,2023,,True,0
SRC-RAW-9730BFBA04738DA0CA9C,POWER,not_selected_for_target,,absence_from_expert_target_workbook,3425,21,2022,CREDIT-F1AD31EA86A3,2221,,True,1
SRC-RAW-A749DAB2CFBB7BBE516F,POWER,not_selected_for_target,,absence_from_expert_target_workbook,3426,21,2022,CREDIT-7BDF67428168,2221,,True,1
SRC-RAW-F68BE681CA6E7326557B,POWER,not_selected_for_target,,absence_from_expert_target_workbook,3427,21,2022,CREDIT-1441A2C6D593,1910,,True,1
SRC-RAW-1508FADC650563FAECCB,POWER,not_selected_for_target,,absence_from_expert_target_workbook,3428,21,2022,CREDIT-99BA893534DD,2221,,True,1
SRC-RAW-F5CB798E48C9D9036A06,POWER,not_selected_for_target,,absence_from_expert_target_workbook,3429,21,2022,CREDIT-22F6AF712160,2021,,True,2
SRC-RAW-C1D9142D28E118ACFF80,POWER,not_selected_for_target,,absence_from_expert_target_workbook,3430,21,2022,CREDIT-07E3B2C10147,2663,,True,1
SRC-RAW-4EFD2583623A98A0721E,POWER,not_selected_for_target,,absence_from_expert_target_workbook,3431,22,2022,CREDIT-07E3B2C10147,2663,,True,1
SRC-RAW-004E5536BE2FA2D9AAB4,POWER,not_selected_for_target,,absence_from_expert_target_workbook,3432,21,2022,CREDIT-49F7C1330E5B,2022,,True,1
SRC-RAW-B52DA8171CFBF38950BF,POWER,not_selected_for_target,,absence_from_expert_target_workbook,3433,21,2022,ORG-4BD97BED1FCE,2663,,True,0
SRC-RAW-463CC6F06837AF82FACF,POWER,not_selected_for_target,,absence_from_expert_target_workbook,3434,22,2022,ORG-4BD97BED1FCE,2663,,True,0
SRC-RAW-3D3C4E6A95D8CCC8F0F5,POWER,not_selected_for_target,,absence_from_expert_target_workbook,3435,21,2022,CREDIT-4207C74692BA,2651,,True,2
SRC-RAW-53D0E05854159BE410E8,POWER,not_selected_for_target,,absence_from_expert_target_workbook,3436,22,2022,CREDIT-4207C74692BA,2651,,True,2
SRC-RAW-CF8E18DFF1C39DAED694,POWER,not_selected_for_target,,absence_from_expert_target_workbook,3437,21,2022,CREDIT-1AC59DDBF705,2663,,True,2
SRC-RAW-9887F8E6E99E556F2DAA,POWER,not_selected_for_target,,absence_from_expert_target_workbook,3438,22,2022,CREDIT-1AC59DDBF705,2663,,True,2
SRC-RAW-8377125F18F12506D367,POWER,not_selected_for_target,,absence_from_expert_target_workbook,3439,21,2022,CREDIT-B6188580478E,2221,,True,1
SRC-RAW-98A31C1DEBB938FFA116,POWER,not_selected_for_target,,absence_from_expert_target_workbook,3440,21,2022,CREDIT-9185D60737A5,2022,,True,1
SRC-RAW-9F1803B625E604BE4ABB,POWER,not_selected_for_target,,absence_from_expert_target_workbook,3441,21,2022,CREDIT-41A7BEF4F91C,2663,,True,1
SRC-RAW-147BC972979A83030923,POWER,not_selected_for_target,,absence_from_expert_target_workbook,3442,21,2022,CREDIT-E3B2F7C60EB2,2651,,True,2
SRC-RAW-8477B6D8DC7487249985,POWER,not_selected_for_target,,absence_from_expert_target_workbook,3443,21,2022,CREDIT-2595FA838BF1,2021,,True,1
SRC-RAW-23B7E81634A9BF2E5623,POWER,not_selected_for_target,,absence_from_expert_target_workbook,3444,21,2022,CREDIT-6716A7B02B68,2021,,True,1
SRC-RAW-8FF550DB980159BA1A48,POWER,not_selected_for_target,,absence_from_expert_target_workbook,3445,21,2022,CREDIT-3306A0B4D108,2663,,True,1
SRC-RAW-581F5FB987B783775772,POWER,not_selected_for_target,,absence_from_expert_target_workbook,3446,22,2022,CREDIT-3306A0B4D108,2663,,True,1
SRC-RAW-630F0DA11B0499370830,POWER,not_selected_for_target,,absence_from_expert_target_workbook,3447,23,2022,CREDIT-3306A0B4D108,2663,,True,1
SRC-RAW-75FE60E9C231CCFE02F7,POWER,not_selected_for_target,,absence_from_expert_target_workbook,3448,21,2022,CREDIT-535D6B54FF31,2663,,True,1
SRC-RAW-3D31EB557B09DCF5B8AE,POWER,not_selected_for_target,,absence_from_expert_target_workbook,3449,22,2022,CREDIT-535D6B54FF31,2663,,True,1
SRC-RAW-4C20C0260953418069C5,POWER,not_selected_for_target,,absence_from_expert_target_workbook,3450,21,2022,CREDIT-29B158B0969B,2029,,True,4
SRC-RAW-C1B5A516CFFEE3379333,POWER,not_selected_for_target,,absence_from_expert_target_workbook,3451,21,2022,CREDIT-EF1D1C96FC28,2642,,True,3
SRC-RAW-34129A58EFF9AFB2F064,POWER,not_selected_for_target,,absence_from_expert_target_workbook,3452,21,2022,CREDIT-AC31D5AC9961,2663,,True,5
SRC-RAW-A070D68673392E11AE9E,POWER,not_selected_for_target,,absence_from_expert_target_workbook,3453,21,2022,CREDIT-E31B90409DD3,2663,,True,3
SRC-RAW-5370869516B1CF95C5AB,POWER,not_selected_for_target,,absence_from_expert_target_workbook,3454,22,2022,CREDIT-E31B90409DD3,2663,,True,3
SRC-RAW-A533EF138F70E012DB17,POWER,not_selected_for_target,,absence_from_expert_target_workbook,3455,21,2022,CREDIT-B21887FA6F7F,3232,,True,1
SRC-RAW-1C87654A6E949203D4D9,POWER,not_selected_for_target,,absence_from_expert_target_workbook,3456,21,2022,CREDIT-BA3E57ADA85E,2663,,True,3
SRC-RAW-C0D5B3C9450F79239AD5,POWER,not_selected_for_target,,absence_from_expert_target_workbook,3457,21,2022,CREDIT-EAAFA80567CE,2663,,True,2
SRC-RAW-35377D52959C9123E787,POWER,not_selected_for_target,,absence_from_expert_target_workbook,3458,21,2022,CREDIT-9D6FAA9C22AF,2021,,True,5
SRC-RAW-8F845382A008372A4DD4,POWER,not_selected_for_target,,absence_from_expert_target_workbook,3459,22,2022,CREDIT-9D6FAA9C22AF,2021,,True,5
SRC-RAW-AA22D9FBC6DF5840790F,POWER,not_selected_for_target,,absence_from_expert_target_workbook,3460,21,2022,CREDIT-BE602F9942D5,1763,,True,1
SRC-RAW-70C19506D3A0277E9DE0,POWER,not_selected_for_target,,absence_from_expert_target_workbook,3461,21,2022,CREDIT-A49C92838E41,1431,,True,0
SRC-RAW-6175E350E0D021988340,POWER,not_selected_for_target,,absence_from_expert_target_workbook,3462,22,2022,CREDIT-A49C92838E41,1431,,True,0
SRC-RAW-C2699A159CBBB237184D,POWER,not_selected_for_target,,absence_from_expert_target_workbook,3463,21,2022,CREDIT-456BFA3E2073,2662,,True,1
SRC-RAW-850BACE8ACA04578C530,POWER,not_selected_for_target,,absence_from_expert_target_workbook,3464,22,2022,CREDIT-456BFA3E2073,2662,,True,1
SRC-RAW-0A0ABE3E36142182A4FD,POWER,not_selected_for_target,,absence_from_expert_target_workbook,3465,21,2022,CREDIT-9B7B3CB05BF9,2021,,True,1
SRC-RAW-EA9CE1ED49216C7D3331,POWER,not_selected_for_target,,absence_from_expert_target_workbook,3466,21,2022,CREDIT-D70E0C6FD6A0,1419,,True,1
SRC-RAW-A980C3AE07B11D07BB0B,POWER,not_selected_for_target,,absence_from_expert_target_workbook,3467,21,2022,CREDIT-F27508A5C3B6,2646,,True,4
SRC-RAW-76F3745A170199B4A1FB,POWER,not_selected_for_target,,absence_from_expert_target_workbook,3468,21,2022,CREDIT-AE56983BA7B7,2619,,True,1
SRC-RAW-079D858B2CF24126856A,POWER,not_selected_for_target,,absence_from_expert_target_workbook,3469,21,2022,CREDIT-CE3A566F63B4,2110,,True,2
SRC-RAW-497503B504E6F7A1FCC3,POWER,not_selected_for_target,,absence_from_expert_target_workbook,3470,21,2022,CREDIT-FA28849435CB,1391,,True,2
SRC-RAW-DEAEFF26B2F6E10A50BC,POWER,include,265,canonical_expert_scope_order,3471,11,2022,CREDIT-687BD2DEA6A8,4411,燃煤锅炉,True,3
SRC-RAW-8454B9202B0628E9CEC4,POWER,include,266,canonical_expert_scope_order,3472,12,2022,CREDIT-687BD2DEA6A8,4411,燃煤锅炉,True,3
SRC-RAW-CB0E521160C484674B8C,POWER,not_selected_for_target,,absence_from_expert_target_workbook,3473,21,2022,CREDIT-354C2510C12C,1713,,True,1
SRC-RAW-7AB9EBD54440EAE7C445,POWER,not_selected_for_target,,absence_from_expert_target_workbook,3474,21,2022,CREDIT-AF431B47A9B4,1819,,True,0
SRC-RAW-67410B8672B15BCF6B7D,POWER,not_selected_for_target,,absence_from_expert_target_workbook,3475,21,2022,CREDIT-0546F6A68B25,2619,,True,5
SRC-RAW-D2F4F92D0954B6DA756E,POWER,not_selected_for_target,,absence_from_expert_target_workbook,3476,22,2022,CREDIT-0546F6A68B25,2619,,True,5
SRC-RAW-38D55BB8E485BFCBEC71,POWER,not_selected_for_target,,absence_from_expert_target_workbook,3477,23,2022,CREDIT-0546F6A68B25,2619,,True,5
SRC-RAW-B0DB52B2A23E26C5A904,POWER,not_selected_for_target,,absence_from_expert_target_workbook,3478,21,2022,CREDIT-A40254AC2FC2,2651,,True,2
SRC-RAW-C3318F5E302A10E30AAA,POWER,not_selected_for_target,,absence_from_expert_target_workbook,3479,22,2022,CREDIT-A40254AC2FC2,2651,,True,2
SRC-RAW-BE4B14814A91F6318B25,POWER,not_selected_for_target,,absence_from_expert_target_workbook,3480,21,2022,CREDIT-8AE48CF2685F,2651,,True,1
SRC-RAW-21F7214085079B915FC6,POWER,not_selected_for_target,,absence_from_expert_target_workbook,3481,22,2022,CREDIT-8AE48CF2685F,2651,,True,1
SRC-RAW-0D4B2259A530CC8BC436,POWER,not_selected_for_target,,absence_from_expert_target_workbook,3482,21,2022,CREDIT-75C6A7B0243B,2663,,True,1
SRC-RAW-BAED413AB9DD82B9E9FE,POWER,not_selected_for_target,,absence_from_expert_target_workbook,3483,21,2022,CREDIT-35661EF4728D,3389,,True,4
SRC-RAW-05C5204A485A45B7ED28,POWER,not_selected_for_target,,absence_from_expert_target_workbook,3484,21,2022,ORG-E4179DA3EE1B,3252,,True,5
SRC-RAW-F1F477FF190EDCCDDF10,POWER,not_selected_for_target,,absence_from_expert_target_workbook,3485,21,2022,CREDIT-11690374221F,2641,,True,2
SRC-RAW-3791CAA9C35D227AA111,POWER,not_selected_for_target,,absence_from_expert_target_workbook,3486,21,2022,CREDIT-80C165D21149,2651,,True,0
SRC-RAW-2BD986D076618F766C41,POWER,not_selected_for_target,,absence_from_expert_target_workbook,3487,22,2022,CREDIT-80C165D21149,2651,,True,0
SRC-RAW-F1820D31CA5DD325D89D,POWER,not_selected_for_target,,absence_from_expert_target_workbook,3488,21,2022,CREDIT-EEAD40BEB2D6,2681,,True,0
SRC-RAW-7B92E64849D213928169,POWER,not_selected_for_target,,absence_from_expert_target_workbook,3489,21,2022,CREDIT-F09D5906EC77,2641,,True,1
SRC-RAW-05917898A7F1CFE1B7F4,POWER,not_selected_for_target,,absence_from_expert_target_workbook,3490,21,2022,CREDIT-6178C2A11592,4430,,True,0
SRC-RAW-98EE935979FF9D9781A6,POWER,not_selected_for_target,,absence_from_expert_target_workbook,3491,22,2022,CREDIT-6178C2A11592,4430,,True,0
SRC-RAW-9F308EECDBE592FF8B8C,POWER,not_selected_for_target,,absence_from_expert_target_workbook,3492,21,2022,CREDIT-23B9235ADFBB,2921,,True,2
SRC-RAW-1F5DF231039436CF483A,POWER,not_selected_for_target,,absence_from_expert_target_workbook,3493,22,2022,CREDIT-23B9235ADFBB,2921,,True,2
SRC-RAW-B4C854DA5C409620FB87,POWER,not_selected_for_target,,absence_from_expert_target_workbook,3494,21,2022,CREDIT-05B1CA55D749,3612,,True,1
SRC-RAW-B468A37B2C8506659AE2,POWER,not_selected_for_target,,absence_from_expert_target_workbook,3495,21,2022,CREDIT-5328AD6AB0D7,3031,,True,2
SRC-RAW-E8612950357CC21BBDA3,POWER,not_selected_for_target,,absence_from_expert_target_workbook,3496,21,2022,CREDIT-5DC7245CDBC3,2651,,True,1
SRC-RAW-C56B4D9C90C8B1596862,POWER,not_selected_for_target,,absence_from_expert_target_workbook,3497,22,2022,CREDIT-5DC7245CDBC3,2651,,True,1
SRC-RAW-129F5F9B694D3A429A0B,POWER,include,267,canonical_expert_scope_order,3498,11,2022,CREDIT-D9FDD36140DB,4412,燃气轮机,True,0
SRC-RAW-F482827E8CCE3696131D,POWER,include,268,canonical_expert_scope_order,3499,12,2022,CREDIT-D9FDD36140DB,4412,燃气轮机,True,0
SRC-RAW-238B8ABF8820DC600EF4,POWER,not_selected_for_target,,absence_from_expert_target_workbook,3500,21,2022,CREDIT-84AD2B8FC2E8,2641,,True,2
SRC-RAW-C8391200E0FEEE37BC10,POWER,not_selected_for_target,,absence_from_expert_target_workbook,3501,21,2022,CREDIT-3B0EA1C94508,2641,,True,3
SRC-RAW-07F3D777376636D063A6,POWER,not_selected_for_target,,absence_from_expert_target_workbook,3502,21,2022,CREDIT-E1332186088E,2661,,True,1
SRC-RAW-656E666C8C582E479170,POWER,not_selected_for_target,,absence_from_expert_target_workbook,3503,21,2022,CREDIT-19AAD1F80FD2,2641,,True,2
SRC-RAW-C605312AC894B229CC1E,POWER,not_selected_for_target,,absence_from_expert_target_workbook,3504,21,2022,CREDIT-C7B6D0062C3C,1352,,True,1
SRC-RAW-8137D27E676090D9B614,POWER,not_selected_for_target,,absence_from_expert_target_workbook,3505,21,2022,CREDIT-2FFA7E4D0141,2662,,True,2
SRC-RAW-377DCED2B000D62C8EC3,POWER,not_selected_for_target,,absence_from_expert_target_workbook,3506,21,2022,CREDIT-19CA2950B1AA,2641,,True,1
SRC-RAW-D4348D6ED102CE206128,POWER,not_selected_for_target,,absence_from_expert_target_workbook,3507,21,2022,CREDIT-A4818A547FCF,2661,,True,2
SRC-RAW-133CDAC575277B68490C,POWER,not_selected_for_target,,absence_from_expert_target_workbook,3508,21,2022,CREDIT-424B5E7B4F70,2659,,True,2
SRC-RAW-0D490415F6CF1E1920A3,POWER,not_selected_for_target,,absence_from_expert_target_workbook,3509,21,2022,CREDIT-DFDC48C32611,2924,,True,2
SRC-RAW-B18DAA026277BEED5573,POWER,not_selected_for_target,,absence_from_expert_target_workbook,3510,21,2022,CREDIT-A8964759968E,2651,,True,2
SRC-RAW-26C6AC5D432F5629DDAD,POWER,not_selected_for_target,,absence_from_expert_target_workbook,3511,11,2022,CREDIT-B0B18F2A6EEA,4417,燃生物质锅炉,True,3
SRC-RAW-81E0289D24954AE8AB25,POWER,not_selected_for_target,,absence_from_expert_target_workbook,3512,12,2022,CREDIT-B0B18F2A6EEA,4417,燃生物质锅炉,True,3
SRC-RAW-875FD8366AE79DDEA378,POWER,not_selected_for_target,,absence_from_expert_target_workbook,3513,13,2022,CREDIT-B0B18F2A6EEA,4417,燃生物质锅炉,True,3
SRC-RAW-2B532037FFF735351C9F,POWER,not_selected_for_target,,absence_from_expert_target_workbook,3514,21,2022,CREDIT-ADAF2444F097,3252,,True,1
SRC-RAW-9D83577D131FC1238430,POWER,not_selected_for_target,,absence_from_expert_target_workbook,3515,21,2022,CREDIT-A74C95F7A8F4,2661,,True,1
SRC-RAW-DBE91AE83F5B78AFAAEF,POWER,not_selected_for_target,,absence_from_expert_target_workbook,3516,21,2022,CREDIT-F1E77E8AEC7A,2646,,True,5
SRC-RAW-CE97E4C50E4AEF813D45,POWER,not_selected_for_target,,absence_from_expert_target_workbook,3517,22,2022,CREDIT-F1E77E8AEC7A,2646,,True,5
SRC-RAW-CC2371DC216EEFE85ADD,POWER,not_selected_for_target,,absence_from_expert_target_workbook,3518,23,2022,CREDIT-F1E77E8AEC7A,2646,,True,5
SRC-RAW-9EC1B6359222B8DC4E10,POWER,not_selected_for_target,,absence_from_expert_target_workbook,3519,21,2022,CREDIT-F54B0BE13A04,2740,,True,2
SRC-RAW-994C3512709FFB53CAA4,POWER,not_selected_for_target,,absence_from_expert_target_workbook,3520,21,2022,CREDIT-0E4EE908054A,3982,,True,3
SRC-RAW-A86A3AEBD980824569CB,POWER,not_selected_for_target,,absence_from_expert_target_workbook,3521,22,2022,CREDIT-0E4EE908054A,3982,,True,3
SRC-RAW-C8A85261645C626F4144,POWER,not_selected_for_target,,absence_from_expert_target_workbook,3522,21,2022,CREDIT-E1ED77574CB6,2613,,True,1
SRC-RAW-C0F016D6DD8BC5F3C591,POWER,not_selected_for_target,,absence_from_expert_target_workbook,3523,21,2022,CREDIT-CB4E336E8577,2661,,True,3
SRC-RAW-A7CABABCBD35180D1E3D,POWER,not_selected_for_target,,absence_from_expert_target_workbook,3524,21,2022,CREDIT-47E01486392F,3252,,True,1
SRC-RAW-906C9D4E590AC5B1AD1A,POWER,not_selected_for_target,,absence_from_expert_target_workbook,3525,22,2022,CREDIT-47E01486392F,3252,,True,1
SRC-RAW-28751BD305914871807C,POWER,not_selected_for_target,,absence_from_expert_target_workbook,3526,21,2022,CREDIT-80E1E8FBBCA7,2646,,True,5
SRC-RAW-75F40935756B42F749A8,POWER,not_selected_for_target,,absence_from_expert_target_workbook,3527,21,2022,CREDIT-2C9EE9B8D3E8,2613,,True,0
SRC-RAW-5CA5054518DF3B442135,POWER,not_selected_for_target,,absence_from_expert_target_workbook,3528,21,2022,CREDIT-EB65A554216E,1713,,True,2
SRC-RAW-E460ABA15D90C0752E39,POWER,not_selected_for_target,,absence_from_expert_target_workbook,3529,21,2022,CREDIT-839B9E2A76E8,3252,,True,3
SRC-RAW-FAD6211A0365E2B2A398,POWER,not_selected_for_target,,absence_from_expert_target_workbook,3530,22,2022,CREDIT-839B9E2A76E8,3252,,True,3
SRC-RAW-1F6DFF49AE6525D70A94,POWER,not_selected_for_target,,absence_from_expert_target_workbook,3531,21,2022,CREDIT-12BCE231BDF4,1713,,True,2
SRC-RAW-45421E412AB93DC00EDF,POWER,not_selected_for_target,,absence_from_expert_target_workbook,3532,21,2022,CREDIT-D5DBC1813EB8,1713,,True,2
SRC-RAW-7B205EA0AFB23A22020C,POWER,not_selected_for_target,,absence_from_expert_target_workbook,3533,22,2022,CREDIT-D5DBC1813EB8,1713,,True,2
SRC-RAW-8911F4602EA0F30029B9,POWER,not_selected_for_target,,absence_from_expert_target_workbook,3534,21,2022,CREDIT-F2BE7B2072F2,2643,,True,1
SRC-RAW-7FAB500AE7056BA65BE3,POWER,not_selected_for_target,,absence_from_expert_target_workbook,3535,21,2022,CREDIT-3F5BE2A0D739,1910,,True,5
SRC-RAW-F38CF929CBA07E4A7BE3,POWER,not_selected_for_target,,absence_from_expert_target_workbook,3536,21,2022,CREDIT-088C69266AE7,2022,,True,2
SRC-RAW-52F6B95AE178ED309AE1,POWER,not_selected_for_target,,absence_from_expert_target_workbook,3537,22,2022,CREDIT-088C69266AE7,2022,,True,2
SRC-RAW-1E7413B9E3FFDDF5F2D4,POWER,not_selected_for_target,,absence_from_expert_target_workbook,3538,21,2022,CREDIT-EE02AE8F28F3,3360,,True,0
SRC-RAW-52C7406574A7AAC63598,POWER,not_selected_for_target,,absence_from_expert_target_workbook,3539,21,2022,CREDIT-CC403F8E45E9,2915,,True,1
SRC-RAW-7F81904F368FD1C2F9F1,POWER,not_selected_for_target,,absence_from_expert_target_workbook,3540,21,2022,CREDIT-A2F01F967A17,2641,,True,1
SRC-RAW-0ADF1E27F0CFBB62BCEE,POWER,not_selected_for_target,,absence_from_expert_target_workbook,3541,21,2022,CREDIT-EED81321326C,3099,,True,1
SRC-RAW-A1195CF2F5AAE6FF2AC8,POWER,not_selected_for_target,,absence_from_expert_target_workbook,3542,21,2022,CREDIT-4B446D899907,2641,,True,1
SRC-RAW-2ED56FAE7E004DA2FDEC,POWER,not_selected_for_target,,absence_from_expert_target_workbook,3543,21,2022,CREDIT-F1D92A4F27B8,3985,,True,2
SRC-RAW-0EAB43E208251D571DC4,POWER,not_selected_for_target,,absence_from_expert_target_workbook,3544,22,2022,CREDIT-F1D92A4F27B8,3985,,True,2
SRC-RAW-EF9D42C9B33AACF0AEB2,POWER,not_selected_for_target,,absence_from_expert_target_workbook,3545,21,2022,CREDIT-174D9AF1C95F,3021,,True,0
SRC-RAW-BC356D61F40D68DE5D0C,POWER,not_selected_for_target,,absence_from_expert_target_workbook,3546,21,2022,CREDIT-110062526996,3982,,True,10
SRC-RAW-9BF6C3AE3EC02FC4035B,POWER,not_selected_for_target,,absence_from_expert_target_workbook,3547,21,2022,CREDIT-E0BA6535FEB5,2651,,True,1
SRC-RAW-5FF43EB3CF953B152AA0,POWER,not_selected_for_target,,absence_from_expert_target_workbook,3548,21,2022,CREDIT-2916F0684CEC,2669,,True,2
SRC-RAW-4218B9CA662C5D42EB1B,POWER,not_selected_for_target,,absence_from_expert_target_workbook,3549,21,2022,CREDIT-79474ED13BFB,3033,,True,3
SRC-RAW-43C9ECF1D656758EFCAB,POWER,not_selected_for_target,,absence_from_expert_target_workbook,3550,21,2022,CREDIT-CD41E1440627,2662,,True,1
SRC-RAW-D4530217F879F9441125,POWER,not_selected_for_target,,absence_from_expert_target_workbook,3551,21,2022,CREDIT-183DF015E8F0,3031,,True,1
SRC-RAW-E0179A7CD2FC8EF03D71,POWER,not_selected_for_target,,absence_from_expert_target_workbook,3552,21,2022,CREDIT-5F7B120FFC11,4190,,True,2
SRC-RAW-CE5487CA5B5D9D054A1E,POWER,not_selected_for_target,,absence_from_expert_target_workbook,3553,22,2022,CREDIT-5F7B120FFC11,4190,,True,2
SRC-RAW-B95DF6C22A3B2E0F4ACA,POWER,not_selected_for_target,,absence_from_expert_target_workbook,3554,21,2022,CREDIT-5A08C858FD9F,2740,,True,4
SRC-RAW-8A6F779DBB62C7B99D38,POWER,not_selected_for_target,,absence_from_expert_target_workbook,3555,22,2022,CREDIT-5A08C858FD9F,2740,,True,4
SRC-RAW-C6C0682ACB9C35436C36,POWER,not_selected_for_target,,absence_from_expert_target_workbook,3556,21,2022,CREDIT-AA9A87C7B171,2666,,True,0
SRC-RAW-D47F218056A4F15A6B78,POWER,not_selected_for_target,,absence_from_expert_target_workbook,3557,22,2022,CREDIT-AA9A87C7B171,2666,,True,0
SRC-RAW-FF2063E7C23E7F7A792D,POWER,not_selected_for_target,,absence_from_expert_target_workbook,3558,23,2022,CREDIT-AA9A87C7B171,2666,,True,0
SRC-RAW-F4651AD603FDCB921B58,POWER,not_selected_for_target,,absence_from_expert_target_workbook,3559,21,2022,CREDIT-AEA956680E46,4430,,True,0
SRC-RAW-8E03A71EC5F0437A718C,POWER,not_selected_for_target,,absence_from_expert_target_workbook,3560,21,2022,CREDIT-E86A10251EDB,1433,,True,2
SRC-RAW-4A068362DFAB102DE2AF,POWER,not_selected_for_target,,absence_from_expert_target_workbook,3561,22,2022,CREDIT-E86A10251EDB,1433,,True,2
SRC-RAW-ECB80CA08725A5473C47,POWER,not_selected_for_target,,absence_from_expert_target_workbook,3562,21,2022,CREDIT-FA2B21929C8B,1910,,True,1
SRC-RAW-E2BC7FCB7EACA22CD3D3,POWER,not_selected_for_target,,absence_from_expert_target_workbook,3563,22,2022,CREDIT-FA2B21929C8B,1910,,True,1
SRC-RAW-83576ECECAF3853F64B3,POWER,not_selected_for_target,,absence_from_expert_target_workbook,3564,21,2022,CREDIT-D2A77F9A548C,1513,,True,1
SRC-RAW-FA99B4B16C12725B41E1,POWER,not_selected_for_target,,absence_from_expert_target_workbook,3565,22,2022,CREDIT-D2A77F9A548C,1513,,True,1
SRC-RAW-3BA52D5E73E23D01732C,POWER,not_selected_for_target,,absence_from_expert_target_workbook,3566,11,2022,CREDIT-01AB6B98756A,4417,燃气轮机,True,0
SRC-RAW-906290960A41BE465810,POWER,not_selected_for_target,,absence_from_expert_target_workbook,3567,21,2022,CREDIT-8C7BBC5FE030,1529,,True,1
SRC-RAW-3D404A8B0CE2B9C0FF7C,POWER,not_selected_for_target,,absence_from_expert_target_workbook,3568,21,2022,CREDIT-1483BC49938B,3039,,True,0
SRC-RAW-66C7C8C770C4B470F190,POWER,not_selected_for_target,,absence_from_expert_target_workbook,3569,22,2022,CREDIT-1483BC49938B,3039,,True,0
SRC-RAW-329620E13A8A0A9A910A,POWER,not_selected_for_target,,absence_from_expert_target_workbook,3570,21,2022,CREDIT-80CB89BF5FB7,1353,,True,2
SRC-RAW-AC6BD5BB0B51CFC1852E,POWER,not_selected_for_target,,absence_from_expert_target_workbook,3571,21,2022,CREDIT-5C2DAC78D259,1392,,True,1
SRC-RAW-17C6A790890C2FC38E0D,POWER,not_selected_for_target,,absence_from_expert_target_workbook,3572,21,2022,CREDIT-04D4ABF276BB,1329,,True,6
SRC-RAW-829897F306108E165139,POWER,not_selected_for_target,,absence_from_expert_target_workbook,3573,11,2022,CREDIT-176FE0A6F00D,4417,燃生物质锅炉,True,3
SRC-RAW-1F85EE06B204FDBF7868,POWER,not_selected_for_target,,absence_from_expert_target_workbook,3574,12,2022,CREDIT-176FE0A6F00D,4417,燃生物质锅炉,True,3
SRC-RAW-0FB380EDC0CB23D20FB6,POWER,not_selected_for_target,,absence_from_expert_target_workbook,3575,13,2022,CREDIT-176FE0A6F00D,4417,燃生物质锅炉,True,3
SRC-RAW-CDB261A4991311731674,POWER,not_selected_for_target,,absence_from_expert_target_workbook,3576,21,2022,CREDIT-FD743E0FADEA,1819,,True,0
SRC-RAW-55F7298CA68642C471B0,POWER,not_selected_for_target,,absence_from_expert_target_workbook,3577,22,2022,CREDIT-FD743E0FADEA,1819,,True,0
SRC-RAW-B0342C71DB3A54CAD0A4,POWER,not_selected_for_target,,absence_from_expert_target_workbook,3578,23,2022,CREDIT-FD743E0FADEA,1819,,True,0
SRC-RAW-1E85640A2C616577F4A2,POWER,not_selected_for_target,,absence_from_expert_target_workbook,3579,21,2022,CREDIT-0D9D63117839,3399,,True,5
SRC-RAW-8ACB2C35FAEA26B5AD06,POWER,not_selected_for_target,,absence_from_expert_target_workbook,3580,21,2022,CREDIT-666D59BE27EC,2023,,True,3
SRC-RAW-313AE101B4482B6A6A9D,POWER,not_selected_for_target,,absence_from_expert_target_workbook,3581,21,2022,CREDIT-02A46A5FA271,1819,,True,1
SRC-RAW-AB7E7D8E9208EAE163C5,POWER,not_selected_for_target,,absence_from_expert_target_workbook,3582,21,2022,CREDIT-6C8A6FA8BED2,2925,,True,3
SRC-RAW-A7D5701E7AA1203C7032,POWER,not_selected_for_target,,absence_from_expert_target_workbook,3583,21,2022,CREDIT-B464137F1147,3982,,True,10
SRC-RAW-E2FA8E96C0B157708CB2,POWER,not_selected_for_target,,absence_from_expert_target_workbook,3584,21,2022,CREDIT-FAC993ADA2E1,3021,,True,0
SRC-RAW-2E406A41378FC7A1FB59,POWER,not_selected_for_target,,absence_from_expert_target_workbook,3585,21,2022,CREDIT-641CBD079814,3761,,True,1
SRC-RAW-837375A4A99B13FFA8B1,POWER,not_selected_for_target,,absence_from_expert_target_workbook,3586,21,2022,CREDIT-B7747B60042F,2221,,True,1
SRC-RAW-368371478962C5227580,POWER,not_selected_for_target,,absence_from_expert_target_workbook,3587,11,2022,CREDIT-2893C898332C,4417,燃生物质锅炉,True,3
SRC-RAW-CF9101BE452346B1334F,POWER,not_selected_for_target,,absence_from_expert_target_workbook,3588,12,2022,CREDIT-2893C898332C,4417,燃生物质锅炉,True,3
SRC-RAW-5A8A322F2C5CF9BABB1B,POWER,not_selected_for_target,,absence_from_expert_target_workbook,3589,13,2022,CREDIT-2893C898332C,4417,燃生物质锅炉,True,3
SRC-RAW-52CC7690071641027738,POWER,not_selected_for_target,,absence_from_expert_target_workbook,3590,21,2022,CREDIT-0F732591F95A,3360,,True,0
SRC-RAW-38B5F2FFD20DD3D2475D,POWER,not_selected_for_target,,absence_from_expert_target_workbook,3591,21,2022,CREDIT-1CE15574A5A9,2661,,True,1
SRC-RAW-6A4D17DAE3D587E0E989,POWER,not_selected_for_target,,absence_from_expert_target_workbook,3592,21,2022,CREDIT-9DCDED391099,3031,,True,1
SRC-RAW-420508A9D9949E70075B,POWER,not_selected_for_target,,absence_from_expert_target_workbook,3593,21,2022,CREDIT-946949E15071,3042,,True,4
SRC-RAW-9A49B37451231EC6D66C,POWER,not_selected_for_target,,absence_from_expert_target_workbook,3594,22,2022,CREDIT-946949E15071,3042,,True,4
SRC-RAW-8D32C8210B66512F2B36,POWER,not_selected_for_target,,absence_from_expert_target_workbook,3595,23,2022,CREDIT-946949E15071,3042,,True,4
SRC-RAW-B62B3032FA17D0143BB8,POWER,not_selected_for_target,,absence_from_expert_target_workbook,3596,24,2022,CREDIT-946949E15071,3042,,True,4
SRC-RAW-5B2605A5528888501FF6,POWER,not_selected_for_target,,absence_from_expert_target_workbook,3597,21,2022,CREDIT-C078AB0430F9,2642,,True,5
SRC-RAW-B7ADDC75BE04113B2EE9,POWER,not_selected_for_target,,absence_from_expert_target_workbook,3598,21,2022,CREDIT-226F4656B124,2921,,True,1
SRC-RAW-BB11116118D1596EFF9C,POWER,not_selected_for_target,,absence_from_expert_target_workbook,3599,21,2022,CREDIT-D198D2341939,2646,,True,2
SRC-RAW-6EF54A2AED6516CF9822,POWER,not_selected_for_target,,absence_from_expert_target_workbook,3600,21,2022,CREDIT-56CDF7F81F60,2437,,True,2
SRC-RAW-1E16062CE19012A5BC7E,POWER,not_selected_for_target,,absence_from_expert_target_workbook,3601,22,2022,CREDIT-56CDF7F81F60,2437,,True,2
SRC-RAW-563B3D2844FDB45414C1,POWER,not_selected_for_target,,absence_from_expert_target_workbook,3602,21,2022,CREDIT-7AAB5EE6A0F6,3031,,True,1
SRC-RAW-D33330DCC2B1FC75C8E4,POWER,not_selected_for_target,,absence_from_expert_target_workbook,3603,21,2022,CREDIT-12281A5BE7E3,1819,,True,1
SRC-RAW-518EF94D6D201A86A313,POWER,not_selected_for_target,,absence_from_expert_target_workbook,3604,21,2022,CREDIT-59D4EBE3AE45,2924,,True,1
SRC-RAW-9012A30396A62590C0DE,POWER,not_selected_for_target,,absence_from_expert_target_workbook,3605,21,2022,CREDIT-BDF05A61490A,3031,,True,1
SRC-RAW-70CB8C927AEC9DC40E3B,POWER,not_selected_for_target,,absence_from_expert_target_workbook,3606,21,2022,CREDIT-62A8B0C0B6B4,3340,,True,2
SRC-RAW-59CAE3759BD41CCE15E2,POWER,not_selected_for_target,,absence_from_expert_target_workbook,3607,21,2022,CREDIT-AF11DE5DBF0F,2231,,True,1
SRC-RAW-AB8CC1D02D605289A662,POWER,not_selected_for_target,,absence_from_expert_target_workbook,3608,21,2022,CREDIT-C4616C57D527,1752,,True,1
SRC-RAW-88CD499AEC25DBA90C39,POWER,not_selected_for_target,,absence_from_expert_target_workbook,3609,21,2022,CREDIT-50ED3F1471C0,2231,,True,1
SRC-RAW-1BD8A852C607A5A8BB29,POWER,not_selected_for_target,,absence_from_expert_target_workbook,3610,21,2022,CREDIT-EAC05A390C09,2239,,True,2
SRC-RAW-B445A010111B4BD20CCD,POWER,not_selected_for_target,,absence_from_expert_target_workbook,3611,21,2022,CREDIT-79BFF34B4ADE,2651,,True,1
SRC-RAW-8F9BEE83B2F02C0D6225,POWER,not_selected_for_target,,absence_from_expert_target_workbook,3612,21,2022,CREDIT-C840C7F1EC3C,2651,,True,2
SRC-RAW-11106FC4ED2D1C1D77C3,POWER,not_selected_for_target,,absence_from_expert_target_workbook,3613,21,2022,CREDIT-6BD1F1B83D10,2641,,True,4
SRC-RAW-69B1D469AF1B6A7C5298,POWER,not_selected_for_target,,absence_from_expert_target_workbook,3614,22,2022,CREDIT-6BD1F1B83D10,2641,,True,4
SRC-RAW-82FAA5D3F00E315387FE,POWER,not_selected_for_target,,absence_from_expert_target_workbook,3615,21,2022,CREDIT-9DE603B55F16,1819,,True,1
SRC-RAW-790D5011866A7F944177,POWER,not_selected_for_target,,absence_from_expert_target_workbook,3616,22,2022,CREDIT-9DE603B55F16,1819,,True,1
SRC-RAW-C47C710D689AD721FA8F,POWER,not_selected_for_target,,absence_from_expert_target_workbook,3617,21,2022,CREDIT-550231587232,3982,,True,1
SRC-RAW-9E7C7850DD9CF7E1A9CC,POWER,not_selected_for_target,,absence_from_expert_target_workbook,3618,21,2022,CREDIT-9943B03A40B4,2641,,True,3
SRC-RAW-FB59E49EB6C2F663805A,POWER,not_selected_for_target,,absence_from_expert_target_workbook,3619,21,2022,CREDIT-708EF53A483B,2666,,True,3
SRC-RAW-57AC888C3400CDB174B6,POWER,not_selected_for_target,,absence_from_expert_target_workbook,3620,21,2022,CREDIT-B9040C21520F,2641,,True,3
SRC-RAW-D530636714F85E12A525,POWER,not_selected_for_target,,absence_from_expert_target_workbook,3621,21,2022,CREDIT-7D105056AA3A,1819,,True,1
SRC-RAW-9E2A0361C8C21F3BB436,POWER,not_selected_for_target,,absence_from_expert_target_workbook,3622,21,2022,CREDIT-900983546D75,3982,,True,1
SRC-RAW-15420C220B825E26191B,POWER,not_selected_for_target,,absence_from_expert_target_workbook,3623,21,2022,CREDIT-2569CBF13646,3099,,True,3
SRC-RAW-6BA20454783CB0723278,POWER,not_selected_for_target,,absence_from_expert_target_workbook,3624,21,2022,CREDIT-8D15DB658203,2023,,True,2
SRC-RAW-A2669011E3629F2C4A53,POWER,not_selected_for_target,,absence_from_expert_target_workbook,3625,21,2022,CREDIT-7706CF61AA56,3982,,True,12
SRC-RAW-FA71A908046A1C0EE25D,POWER,not_selected_for_target,,absence_from_expert_target_workbook,3626,22,2022,CREDIT-7706CF61AA56,3982,,True,12
SRC-RAW-665CFCAB1840C116EDC2,POWER,not_selected_for_target,,absence_from_expert_target_workbook,3627,23,2022,CREDIT-7706CF61AA56,3982,,True,12
SRC-RAW-EA01C10FD4AEA62A8CBC,POWER,not_selected_for_target,,absence_from_expert_target_workbook,3628,24,2022,CREDIT-7706CF61AA56,3982,,True,12
SRC-RAW-5A5AD5216F7851D93BF8,POWER,not_selected_for_target,,absence_from_expert_target_workbook,3629,21,2022,CREDIT-87576DD9FEB2,3399,,True,1
SRC-RAW-C885B9F0BBEA30995969,POWER,not_selected_for_target,,absence_from_expert_target_workbook,3630,22,2022,CREDIT-87576DD9FEB2,3399,,True,1
SRC-RAW-930FF4E56312323A152D,POWER,not_selected_for_target,,absence_from_expert_target_workbook,3631,21,2022,CREDIT-F2A0AFD6DACD,2231,,True,1
SRC-RAW-174BDA26090A8E44BC08,POWER,not_selected_for_target,,absence_from_expert_target_workbook,3632,21,2022,CREDIT-E5E3A82CDAB1,1752,,True,2
SRC-RAW-2B5742A229D9D63D3930,POWER,not_selected_for_target,,absence_from_expert_target_workbook,3633,21,2022,CREDIT-A3F9AA4FB0A8,1819,,True,1
SRC-RAW-363196F84D132351E78A,POWER,not_selected_for_target,,absence_from_expert_target_workbook,3634,21,2022,CREDIT-AB590063982E,1752,,True,1
SRC-RAW-F7F7557514965EE4A8FB,POWER,not_selected_for_target,,absence_from_expert_target_workbook,3635,21,2022,CREDIT-556BDEE824D8,1752,,True,2
SRC-RAW-50AC86F02671CF91066F,POWER,not_selected_for_target,,absence_from_expert_target_workbook,3636,21,2022,CREDIT-7F6A73E07406,1819,,True,1
SRC-RAW-D538863DCEEEC8399C4F,POWER,not_selected_for_target,,absence_from_expert_target_workbook,3637,11,2022,CREDIT-315DA1C5F8CF,4417,燃生物质锅炉,True,4
SRC-RAW-941E77E1BC804ED59330,POWER,not_selected_for_target,,absence_from_expert_target_workbook,3638,12,2022,CREDIT-315DA1C5F8CF,4417,燃生物质锅炉,True,4
SRC-RAW-962B563D74DBD0372AD7,POWER,not_selected_for_target,,absence_from_expert_target_workbook,3639,13,2022,CREDIT-315DA1C5F8CF,4417,燃生物质锅炉,True,4
SRC-RAW-DC898BDB29452B2CD942,POWER,not_selected_for_target,,absence_from_expert_target_workbook,3640,14,2022,CREDIT-315DA1C5F8CF,4417,燃生物质锅炉,True,4
SRC-RAW-314F98E76FF2E5B18309,POWER,not_selected_for_target,,absence_from_expert_target_workbook,3641,21,2022,CREDIT-533AF7ECFA1E,3052,,True,20
SRC-RAW-448ACF757CFCB761E7BF,POWER,not_selected_for_target,,absence_from_expert_target_workbook,3642,22,2022,CREDIT-533AF7ECFA1E,3052,,True,20
SRC-RAW-1DEE3BFB76FA944A8550,POWER,not_selected_for_target,,absence_from_expert_target_workbook,3643,23,2022,CREDIT-533AF7ECFA1E,3052,,True,20
SRC-RAW-1862813271F9212E87F3,POWER,not_selected_for_target,,absence_from_expert_target_workbook,3644,24,2022,CREDIT-533AF7ECFA1E,3052,,True,20
SRC-RAW-AE92BCBE344CE2F858FD,POWER,not_selected_for_target,,absence_from_expert_target_workbook,3645,25,2022,CREDIT-533AF7ECFA1E,3052,,True,20
SRC-RAW-D0832E58BE1C33FAFE6D,POWER,not_selected_for_target,,absence_from_expert_target_workbook,3646,21,2022,CREDIT-67FDD8343B48,2929,,True,2
SRC-RAW-D0CA1CA8C93E61D1CDA9,POWER,not_selected_for_target,,absence_from_expert_target_workbook,3647,21,2022,CREDIT-B0B20DF7E03F,1819,,True,1
SRC-RAW-8E8FF645FFDC7180E945,POWER,not_selected_for_target,,absence_from_expert_target_workbook,3648,21,2022,CREDIT-576876EB474C,1529,,True,1
SRC-RAW-DCCC77FCABD7C8E0AACF,POWER,not_selected_for_target,,absence_from_expert_target_workbook,3649,21,2022,CREDIT-A27F96A036A8,2929,,True,2
SRC-RAW-8C83CF04F78D934357D8,POWER,not_selected_for_target,,absence_from_expert_target_workbook,3650,11,2022,CREDIT-C98BD44CC33D,4417,燃生物质锅炉,True,8
SRC-RAW-9A283BCE4CB9B94EF24B,POWER,not_selected_for_target,,absence_from_expert_target_workbook,3651,12,2022,CREDIT-C98BD44CC33D,4417,燃生物质锅炉,True,8
SRC-RAW-237672AA46BE0C968436,POWER,not_selected_for_target,,absence_from_expert_target_workbook,3652,13,2022,CREDIT-C98BD44CC33D,4417,燃生物质锅炉,True,8
SRC-RAW-8C321BABF3D168B68DBC,POWER,not_selected_for_target,,absence_from_expert_target_workbook,3653,14,2022,CREDIT-C98BD44CC33D,4417,燃生物质锅炉,True,8
SRC-RAW-832494CEC41AA93C6BD1,POWER,not_selected_for_target,,absence_from_expert_target_workbook,3654,21,2022,CREDIT-8639DFD467E1,1751,,True,2
SRC-RAW-90453A44135DDF12663A,POWER,not_selected_for_target,,absence_from_expert_target_workbook,3655,21,2022,CREDIT-EF48A4CE78DA,1713,,True,0
SRC-RAW-403ADF1124997486C051,POWER,not_selected_for_target,,absence_from_expert_target_workbook,3656,21,2022,CREDIT-F30232928C4B,3240,,True,3
SRC-RAW-9C5EFD39A6F41A7166B8,POWER,not_selected_for_target,,absence_from_expert_target_workbook,3657,21,2022,CREDIT-E249BFE635F3,1713,,True,1
SRC-RAW-1E052D59A9B24176EB52,POWER,not_selected_for_target,,absence_from_expert_target_workbook,3658,21,2022,CREDIT-83B7F8BBC4E8,2740,,True,2
SRC-RAW-E364D6818E884FAFAD09,POWER,not_selected_for_target,,absence_from_expert_target_workbook,3659,21,2022,CREDIT-2E520E1F732D,2541,,True,2
SRC-RAW-5F4F293315F46E0BE1C8,POWER,not_selected_for_target,,absence_from_expert_target_workbook,3660,22,2022,CREDIT-2E520E1F732D,2541,,True,2
SRC-RAW-76F483583C6137F4A09F,POWER,not_selected_for_target,,absence_from_expert_target_workbook,3661,21,2022,CREDIT-36E99FCBF2EC,2925,,True,7
SRC-RAW-4057C7501BA64C879ABA,POWER,not_selected_for_target,,absence_from_expert_target_workbook,3662,22,2022,CREDIT-36E99FCBF2EC,2925,,True,7
SRC-RAW-F00718CFE2310979665A,POWER,not_selected_for_target,,absence_from_expert_target_workbook,3663,21,2022,CREDIT-377F0E87F8C7,2662,,True,1
SRC-RAW-B43B50CC92D0CF89740F,POWER,not_selected_for_target,,absence_from_expert_target_workbook,3664,21,2022,CREDIT-3B323A8D8188,1752,,True,3
SRC-RAW-BD288B02E8165375CE8C,POWER,not_selected_for_target,,absence_from_expert_target_workbook,3665,22,2022,CREDIT-3B323A8D8188,1752,,True,3
SRC-RAW-D3D64767E15B32590A82,POWER,not_selected_for_target,,absence_from_expert_target_workbook,3666,23,2022,CREDIT-3B323A8D8188,1752,,True,3
SRC-RAW-D5F28DAEE712CB00E88A,POWER,not_selected_for_target,,absence_from_expert_target_workbook,3667,21,2022,CREDIT-1A5340A089CD,1752,,True,2
SRC-RAW-AA4E633CE82B550806ED,POWER,not_selected_for_target,,absence_from_expert_target_workbook,3668,21,2022,CREDIT-6DD2777B3EA5,1713,,True,1
SRC-RAW-52F0EF27AF815A7B2D1C,POWER,not_selected_for_target,,absence_from_expert_target_workbook,3669,21,2022,CREDIT-D6C28617F729,4430,,True,3
SRC-RAW-8B0E2DA501F3DF17E30B,POWER,not_selected_for_target,,absence_from_expert_target_workbook,3670,21,2022,CREDIT-C748307C781D,3012,,True,2
SRC-RAW-02F1A046112170D58872,POWER,not_selected_for_target,,absence_from_expert_target_workbook,3671,21,2022,CREDIT-5AC659546225,3021,,True,0
SRC-RAW-8BD3274DFF00801531BF,POWER,not_selected_for_target,,absence_from_expert_target_workbook,3672,21,2022,CREDIT-92CBCEEB2333,3031,,True,1
SRC-RAW-2E64AA6C589C38B8EFBF,POWER,not_selected_for_target,,absence_from_expert_target_workbook,3673,21,2022,CREDIT-B42DEFAEE15B,2641,,True,2
SRC-RAW-FF7D5D40C7AA78034E39,POWER,not_selected_for_target,,absence_from_expert_target_workbook,3674,21,2022,CREDIT-CF524CBF6703,1752,,True,0
SRC-RAW-48696A302429B57BE5A6,POWER,not_selected_for_target,,absence_from_expert_target_workbook,3675,21,2022,CREDIT-5F137804DD1C,1713,,True,1
SRC-RAW-7739EBA1AB09ADDB78D9,POWER,not_selected_for_target,,absence_from_expert_target_workbook,3676,21,2022,CREDIT-DAD1B19FD258,1819,,True,2
SRC-RAW-F0BC642D0E8871886D0F,POWER,not_selected_for_target,,absence_from_expert_target_workbook,3677,22,2022,CREDIT-DAD1B19FD258,1819,,True,2
SRC-RAW-C0DCD3C878B0630AB368,POWER,not_selected_for_target,,absence_from_expert_target_workbook,3678,23,2022,CREDIT-DAD1B19FD258,1819,,True,2
SRC-RAW-E2BD71A8A90B93126B3D,POWER,not_selected_for_target,,absence_from_expert_target_workbook,3679,24,2022,CREDIT-DAD1B19FD258,1819,,True,2
SRC-RAW-F8E8314F9B51F7B856D5,POWER,not_selected_for_target,,absence_from_expert_target_workbook,3680,25,2022,CREDIT-DAD1B19FD258,1819,,True,2
SRC-RAW-B470895EC043FDFFA8CD,POWER,not_selected_for_target,,absence_from_expert_target_workbook,3681,21,2022,CREDIT-641402187DA1,3982,,True,2
SRC-RAW-11A9E57A807ABCC5BF88,POWER,not_selected_for_target,,absence_from_expert_target_workbook,3682,22,2022,CREDIT-641402187DA1,3982,,True,2
SRC-RAW-8F9160E94F3FBA93C554,POWER,not_selected_for_target,,absence_from_expert_target_workbook,3683,23,2022,CREDIT-641402187DA1,3982,,True,2
SRC-RAW-49DBE502F590759DED9F,POWER,not_selected_for_target,,absence_from_expert_target_workbook,3684,21,2022,CREDIT-B5912833BF50,3985,,True,2
SRC-RAW-BD2AD43D1D67E8F6AD12,POWER,not_selected_for_target,,absence_from_expert_target_workbook,3685,22,2022,CREDIT-B5912833BF50,3985,,True,2
SRC-RAW-1CA9AFD621C4CE8AB667,POWER,not_selected_for_target,,absence_from_expert_target_workbook,3686,21,2022,CREDIT-6F949C2AF872,3982,,True,3
SRC-RAW-5694BA5F596675562002,POWER,not_selected_for_target,,absence_from_expert_target_workbook,3687,21,2022,CREDIT-AFAE1822623D,2110,,True,5
SRC-RAW-85AEDC5E7A49A88B8B64,POWER,not_selected_for_target,,absence_from_expert_target_workbook,3688,22,2022,CREDIT-AFAE1822623D,2110,,True,5
SRC-RAW-687A1AD56FD3F9640FCA,POWER,not_selected_for_target,,absence_from_expert_target_workbook,3689,23,2022,CREDIT-AFAE1822623D,2110,,True,5
SRC-RAW-67E9423C391DE7AE048D,POWER,not_selected_for_target,,absence_from_expert_target_workbook,3690,24,2022,CREDIT-AFAE1822623D,2110,,True,5
SRC-RAW-295DB56622EBD124349E,POWER,not_selected_for_target,,absence_from_expert_target_workbook,3691,25,2022,CREDIT-AFAE1822623D,2110,,True,5
SRC-RAW-AD4497E832EBB0A5595A,POWER,not_selected_for_target,,absence_from_expert_target_workbook,3692,26,2022,CREDIT-AFAE1822623D,2110,,True,5
SRC-RAW-FE61932C9661EAAE2A0B,POWER,not_selected_for_target,,absence_from_expert_target_workbook,3693,27,2022,CREDIT-AFAE1822623D,2110,,True,5
SRC-RAW-44E8020531A0399577A6,POWER,not_selected_for_target,,absence_from_expert_target_workbook,3694,28,2022,CREDIT-AFAE1822623D,2110,,True,5
SRC-RAW-8870FD82E438104FF280,POWER,not_selected_for_target,,absence_from_expert_target_workbook,3695,21,2022,CREDIT-8FFA73E53309,2022,,True,4
SRC-RAW-033089ADFCFAC186E231,POWER,not_selected_for_target,,absence_from_expert_target_workbook,3696,21,2022,CREDIT-14457F26F986,2023,,True,3
SRC-RAW-19AD4DE82D041787EA0B,POWER,not_selected_for_target,,absence_from_expert_target_workbook,3697,21,2022,CREDIT-E6E70AC543CF,1752,,True,1
SRC-RAW-D971D10F9B4F68AC79A8,POWER,not_selected_for_target,,absence_from_expert_target_workbook,3698,22,2022,CREDIT-E6E70AC543CF,1752,,True,1
SRC-RAW-FD69ACCDBEE647EC2547,POWER,not_selected_for_target,,absence_from_expert_target_workbook,3699,21,2022,CREDIT-F3834B24AC85,1332,,True,1
SRC-RAW-858D38D218A9C4B43810,POWER,not_selected_for_target,,absence_from_expert_target_workbook,3700,21,2022,CREDIT-01D6C73F9EBA,1713,,True,4
SRC-RAW-11F462F3BEFD7068A243,POWER,not_selected_for_target,,absence_from_expert_target_workbook,3701,21,2022,CREDIT-B2F139A63E2D,2740,,True,1
SRC-RAW-C75ACE45D82D0B287A40,POWER,not_selected_for_target,,absence_from_expert_target_workbook,3702,21,2022,CREDIT-9A71311257F0,1713,,True,1
SRC-RAW-EFFBEB4668E2D3E3A9BE,POWER,not_selected_for_target,,absence_from_expert_target_workbook,3703,21,2022,CREDIT-35F52E9C7A82,2624,,True,2
SRC-RAW-24E4E55CE6E61D075135,POWER,not_selected_for_target,,absence_from_expert_target_workbook,3704,21,2022,CREDIT-87DDB1020458,3252,,True,1
SRC-RAW-0316307F0CE6EA792698,POWER,not_selected_for_target,,absence_from_expert_target_workbook,3705,22,2022,CREDIT-87DDB1020458,3252,,True,1
SRC-RAW-499303600920201A856D,POWER,not_selected_for_target,,absence_from_expert_target_workbook,3706,23,2022,CREDIT-87DDB1020458,3252,,True,1
SRC-RAW-52088673193C03ACBDB2,POWER,not_selected_for_target,,absence_from_expert_target_workbook,3707,24,2022,CREDIT-87DDB1020458,3252,,True,1
SRC-RAW-879E7757635179390798,POWER,not_selected_for_target,,absence_from_expert_target_workbook,3708,25,2022,CREDIT-87DDB1020458,3252,,True,1
SRC-RAW-C7DD0072843A9570E8FB,POWER,not_selected_for_target,,absence_from_expert_target_workbook,3709,21,2022,CREDIT-EAEA742278B5,2023,,True,4
SRC-RAW-7994B4F81FE6E08DF92A,POWER,not_selected_for_target,,absence_from_expert_target_workbook,3710,21,2022,CREDIT-BB05310FCD0A,1713,,True,4
SRC-RAW-9AD21CEDC3DB29F6653C,POWER,not_selected_for_target,,absence_from_expert_target_workbook,3711,21,2022,CREDIT-6DA508AD13EC,2641,,True,2
SRC-RAW-3B759193B4FEF6EB2AD4,POWER,not_selected_for_target,,absence_from_expert_target_workbook,3712,21,2022,CREDIT-9B169941A65D,2740,,True,2
SRC-RAW-B9FAFD79A9FA80D98AC5,POWER,not_selected_for_target,,absence_from_expert_target_workbook,3713,22,2022,CREDIT-9B169941A65D,2740,,True,2
SRC-RAW-4742C2291C71D8718095,POWER,not_selected_for_target,,absence_from_expert_target_workbook,3714,21,2022,CREDIT-574F889D2940,2614,,True,1
SRC-RAW-0C7656189CF468228BE7,POWER,not_selected_for_target,,absence_from_expert_target_workbook,3715,21,2022,CREDIT-66E8DA12E5F6,2925,,True,13
SRC-RAW-411D639F7C0D70820969,POWER,not_selected_for_target,,absence_from_expert_target_workbook,3716,22,2022,CREDIT-66E8DA12E5F6,2925,,True,13
SRC-RAW-BA2B420E12F3BBC5972F,POWER,not_selected_for_target,,absence_from_expert_target_workbook,3717,23,2022,CREDIT-66E8DA12E5F6,2925,,True,13
SRC-RAW-279E32CC37AC63FA2704,POWER,not_selected_for_target,,absence_from_expert_target_workbook,3718,24,2022,CREDIT-66E8DA12E5F6,2925,,True,13
SRC-RAW-F88E4FE796C178ACBC1C,POWER,not_selected_for_target,,absence_from_expert_target_workbook,3719,25,2022,CREDIT-66E8DA12E5F6,2925,,True,13
SRC-RAW-59E381F5487E1FA13DE1,POWER,not_selected_for_target,,absence_from_expert_target_workbook,3720,26,2022,CREDIT-66E8DA12E5F6,2925,,True,13
SRC-RAW-653521401D4C23853664,POWER,not_selected_for_target,,absence_from_expert_target_workbook,3721,21,2022,CREDIT-DDD45A50AD81,1752,,True,1
SRC-RAW-140FB3568EE222049F6F,POWER,not_selected_for_target,,absence_from_expert_target_workbook,3722,21,2022,CREDIT-66242AE1DCAA,1391,,True,1
SRC-RAW-8983BBF33A472467B602,POWER,not_selected_for_target,,absence_from_expert_target_workbook,3723,21,2022,CREDIT-F21C6611F45A,1340,,True,1
SRC-RAW-F1ECED05CF4DA85175D2,POWER,not_selected_for_target,,absence_from_expert_target_workbook,3724,21,2022,CREDIT-C2908FC25754,1752,,True,1
SRC-RAW-A2D24CBCC9673914C5F5,POWER,not_selected_for_target,,absence_from_expert_target_workbook,3725,21,2022,CREDIT-A43CA9A1A2BF,1723,,True,2
SRC-RAW-9D1D58A418FE558723E8,POWER,not_selected_for_target,,absence_from_expert_target_workbook,3726,22,2022,CREDIT-A43CA9A1A2BF,1723,,True,2
SRC-RAW-B4AB136F6A8901F4152E,POWER,not_selected_for_target,,absence_from_expert_target_workbook,3727,21,2022,CREDIT-FC3A88A8E86A,1713,,True,0
SRC-RAW-670DD8A13A080F88C7B2,POWER,not_selected_for_target,,absence_from_expert_target_workbook,3728,22,2022,CREDIT-FC3A88A8E86A,1713,,True,0
SRC-RAW-7A1C10C55701609432B5,POWER,not_selected_for_target,,absence_from_expert_target_workbook,3729,21,2022,CREDIT-38ECCD54DB2B,3985,,True,3
SRC-RAW-F39E54106974B91D4988,POWER,not_selected_for_target,,absence_from_expert_target_workbook,3730,22,2022,CREDIT-38ECCD54DB2B,3985,,True,3
SRC-RAW-3274412DFB78AC919450,POWER,not_selected_for_target,,absence_from_expert_target_workbook,3731,23,2022,CREDIT-38ECCD54DB2B,3985,,True,3
SRC-RAW-13DA78E18111CC9CCD5B,POWER,not_selected_for_target,,absence_from_expert_target_workbook,3732,21,2022,CREDIT-F9C9D6D03120,1752,,True,1
SRC-RAW-2FB03926CBC826AE0D66,POWER,not_selected_for_target,,absence_from_expert_target_workbook,3733,22,2022,CREDIT-F9C9D6D03120,1752,,True,1
SRC-RAW-348AFBAF861FBDD54230,POWER,not_selected_for_target,,absence_from_expert_target_workbook,3734,21,2022,CREDIT-C975AC5B6F35,2651,,True,2
SRC-RAW-421EE6A035F31B9154E3,POWER,not_selected_for_target,,absence_from_expert_target_workbook,3735,22,2022,CREDIT-C975AC5B6F35,2651,,True,2
SRC-RAW-AC819A6E3D3E5E316B8F,POWER,not_selected_for_target,,absence_from_expert_target_workbook,3736,21,2022,CREDIT-DC00117181A9,1819,,True,3
SRC-RAW-27FFC4408406F21B62E4,POWER,not_selected_for_target,,absence_from_expert_target_workbook,3737,21,2022,CREDIT-772226505C2D,1713,,True,2
SRC-RAW-71FEBDDF3B3C13715E15,POWER,not_selected_for_target,,absence_from_expert_target_workbook,3738,21,2022,CREDIT-B33AB3312A70,2221,,True,3
SRC-RAW-FF14C90594AD69EDD1FF,POWER,not_selected_for_target,,absence_from_expert_target_workbook,3739,21,2022,CREDIT-3F2F9CC8D2FB,1752,,True,1
SRC-RAW-76B0DD3A33AFA2951660,POWER,not_selected_for_target,,absence_from_expert_target_workbook,3740,22,2022,CREDIT-3F2F9CC8D2FB,1752,,True,1
SRC-RAW-5CDF4FB5DB0CD2C04D05,POWER,not_selected_for_target,,absence_from_expert_target_workbook,3741,21,2022,CREDIT-A66CB1821046,1713,,True,4
SRC-RAW-47792BC05F750C5B7235,POWER,not_selected_for_target,,absence_from_expert_target_workbook,3742,22,2022,CREDIT-A66CB1821046,1713,,True,4
SRC-RAW-1762428820A50B8ADC56,POWER,not_selected_for_target,,absence_from_expert_target_workbook,3743,21,2022,CREDIT-E2A51BA43E88,1752,,True,0
SRC-RAW-2F6B0DC3F6DC94E1772B,POWER,not_selected_for_target,,absence_from_expert_target_workbook,3744,21,2022,CREDIT-F1A47A0947EC,1713,,True,1
SRC-RAW-C61AD863D026B9DEC3AC,POWER,not_selected_for_target,,absence_from_expert_target_workbook,3745,21,2022,CREDIT-E7FAD146F691,3360,,True,3
SRC-RAW-1C57FC9748ABC8C61585,POWER,not_selected_for_target,,absence_from_expert_target_workbook,3746,21,2022,CREDIT-D10AD9F8B9B5,1723,,True,0
SRC-RAW-B5749D3B15790703235C,POWER,not_selected_for_target,,absence_from_expert_target_workbook,3747,21,2022,CREDIT-810C9401807D,1713,,True,1
SRC-RAW-6E9A377D139420737981,POWER,not_selected_for_target,,absence_from_expert_target_workbook,3748,21,2022,CREDIT-AD99B0609B09,1819,,True,1
SRC-RAW-A4D7C804A6670E394FAA,POWER,not_selected_for_target,,absence_from_expert_target_workbook,3749,21,2022,CREDIT-8718CEEB2945,2662,,True,4
SRC-RAW-6D57E133497937F90D24,POWER,not_selected_for_target,,absence_from_expert_target_workbook,3750,22,2022,CREDIT-8718CEEB2945,2662,,True,4
SRC-RAW-F1CCBDD0DA70C431BC0D,POWER,not_selected_for_target,,absence_from_expert_target_workbook,3751,21,2022,CREDIT-E9B6663D6657,1910,,True,1
SRC-RAW-196BB6ED706F95A44A9D,POWER,not_selected_for_target,,absence_from_expert_target_workbook,3752,22,2022,CREDIT-E9B6663D6657,1910,,True,1
SRC-RAW-8B25228558F046351F07,POWER,not_selected_for_target,,absence_from_expert_target_workbook,3753,21,2022,CREDIT-3455FE63D2CF,1752,,True,3
SRC-RAW-5FF8EACEB127C4ED9109,POWER,not_selected_for_target,,absence_from_expert_target_workbook,3754,21,2022,CREDIT-F526F7BB8722,2651,,True,3
SRC-RAW-1B95D2CA3FCBF36608A1,POWER,not_selected_for_target,,absence_from_expert_target_workbook,3755,21,2022,CREDIT-E9F924C92481,1329,,True,2
SRC-RAW-A76B7757E313A9932413,POWER,not_selected_for_target,,absence_from_expert_target_workbook,3756,22,2022,CREDIT-E9F924C92481,1329,,True,2
SRC-RAW-21759F82198C0CB283C9,POWER,not_selected_for_target,,absence_from_expert_target_workbook,3757,21,2022,CREDIT-5F9DBA645CEE,1819,,True,0
SRC-RAW-6B99005BA0620C0A223B,POWER,not_selected_for_target,,absence_from_expert_target_workbook,3758,21,2022,CREDIT-E00ACF5E35E9,2022,,True,2
SRC-RAW-6CE7A6EC1A74E0B8D442,POWER,not_selected_for_target,,absence_from_expert_target_workbook,3759,21,2022,CREDIT-977D8A71E527,1713,,True,0
SRC-RAW-348FF696C3C516943543,POWER,not_selected_for_target,,absence_from_expert_target_workbook,3760,21,2022,CREDIT-47625E96F733,4190,,True,2
SRC-RAW-E1098E37A3E6924A129C,POWER,not_selected_for_target,,absence_from_expert_target_workbook,3761,21,2022,CREDIT-F68F6C129D08,2614,,True,1
SRC-RAW-E2B34DA3E666D7FDA23B,POWER,not_selected_for_target,,absence_from_expert_target_workbook,3762,21,2022,CREDIT-63F29E2159A0,4430,,True,0
SRC-RAW-83889A99A6D073CA7B35,POWER,not_selected_for_target,,absence_from_expert_target_workbook,3763,22,2022,CREDIT-63F29E2159A0,4430,,True,0
SRC-RAW-8E58021F08AECEC28695,POWER,not_selected_for_target,,absence_from_expert_target_workbook,3764,23,2022,CREDIT-63F29E2159A0,4430,,True,0
SRC-RAW-854CD4D6CCE73559FA34,POWER,not_selected_for_target,,absence_from_expert_target_workbook,3765,24,2022,CREDIT-63F29E2159A0,4430,,True,0
SRC-RAW-AD5B2BC7A9BD5226E3F1,POWER,not_selected_for_target,,absence_from_expert_target_workbook,3766,25,2022,CREDIT-63F29E2159A0,4430,,True,0
SRC-RAW-5913C6CBDA3641EACC7B,POWER,not_selected_for_target,,absence_from_expert_target_workbook,3767,21,2022,CREDIT-631EDFA58A88,2239,,True,1
SRC-RAW-8E0A993292E16F5D3BEF,POWER,not_selected_for_target,,absence_from_expert_target_workbook,3768,21,2022,CREDIT-A21E84567FD3,2929,,True,2
SRC-RAW-071757BC057152F0C712,POWER,not_selected_for_target,,absence_from_expert_target_workbook,3769,21,2022,CREDIT-7E5B9732C2FA,2750,,True,1
SRC-RAW-3774D88E72289D7C176F,POWER,not_selected_for_target,,absence_from_expert_target_workbook,3770,21,2022,CREDIT-DAC14593DE02,1713,,True,1
SRC-RAW-047C6273DD06796C5C23,POWER,not_selected_for_target,,absence_from_expert_target_workbook,3771,21,2022,CREDIT-8B90A6F8F364,3021,,True,1
SRC-RAW-4FA3C26E8875FD34E1E8,POWER,not_selected_for_target,,absence_from_expert_target_workbook,3772,22,2022,CREDIT-8B90A6F8F364,3021,,True,1
SRC-RAW-A23D29F11218A31A16A8,POWER,not_selected_for_target,,absence_from_expert_target_workbook,3773,21,2022,CREDIT-56F430C16762,1761,,True,1
SRC-RAW-F69FD7A256BA1949B503,POWER,not_selected_for_target,,absence_from_expert_target_workbook,3774,21,2022,CREDIT-DB69447711E4,1761,,True,1
SRC-RAW-A9BC3B267E91271494BA,POWER,not_selected_for_target,,absence_from_expert_target_workbook,3775,21,2022,CREDIT-9AF4E63399FE,1819,,True,1
SRC-RAW-CECE3A8B2D646D6B9D99,POWER,not_selected_for_target,,absence_from_expert_target_workbook,3776,21,2022,CREDIT-C7D896A6700A,1713,,True,2
SRC-RAW-07703F4FDC2BBC59EB13,POWER,not_selected_for_target,,absence_from_expert_target_workbook,3777,11,2022,CREDIT-6E0F8FD32035,4417,燃生物质锅炉,True,9
SRC-RAW-797D696DD4DF503D749B,POWER,not_selected_for_target,,absence_from_expert_target_workbook,3778,12,2022,CREDIT-6E0F8FD32035,4417,燃生物质锅炉,True,9
SRC-RAW-844F18037D3FF01C2D57,POWER,not_selected_for_target,,absence_from_expert_target_workbook,3779,13,2022,CREDIT-6E0F8FD32035,4417,燃生物质锅炉,True,9
SRC-RAW-8C74753472F4D55E5C1D,POWER,not_selected_for_target,,absence_from_expert_target_workbook,3780,21,2022,CREDIT-DC1BA003495E,2912,,True,3
SRC-RAW-1104B63484EC8A91E092,POWER,not_selected_for_target,,absence_from_expert_target_workbook,3781,21,2022,CREDIT-0C40BD4014E8,1721,,True,1
SRC-RAW-A5E426EB00113B8E7A2E,POWER,include,269,canonical_expert_scope_order,3782,11,2022,CREDIT-BEA4A5388856,4411,燃煤锅炉,True,3
SRC-RAW-59CF1BC6B0C3ADF43BD2,POWER,include,270,canonical_expert_scope_order,3783,12,2022,CREDIT-BEA4A5388856,4411,燃煤锅炉,True,3
SRC-RAW-096261C444EF53805E39,POWER,not_selected_for_target,,absence_from_expert_target_workbook,3784,21,2022,CREDIT-AAA92EED5CE3,3039,,True,1
SRC-RAW-1E61DD313104E43FB556,POWER,not_selected_for_target,,absence_from_expert_target_workbook,3785,11,2022,CREDIT-6B649890E9A0,4417,燃生物质锅炉,True,6
SRC-RAW-93C4A477719051F0B695,POWER,not_selected_for_target,,absence_from_expert_target_workbook,3786,12,2022,CREDIT-6B649890E9A0,4417,燃生物质锅炉,True,6
SRC-RAW-B1D11E871381E66161D9,POWER,not_selected_for_target,,absence_from_expert_target_workbook,3787,21,2022,CREDIT-7BDE1A6D3546,3033,,True,7
SRC-RAW-55EB92331A8A3C5CC243,POWER,not_selected_for_target,,absence_from_expert_target_workbook,3788,22,2022,CREDIT-7BDE1A6D3546,3033,,True,7
SRC-RAW-333CB81A30828771EF9A,POWER,not_selected_for_target,,absence_from_expert_target_workbook,3789,21,2022,CREDIT-180A99437834,2662,,True,1
SRC-RAW-29042BC70D1439CF754F,POWER,not_selected_for_target,,absence_from_expert_target_workbook,3790,21,2022,CREDIT-27297C607A43,2651,,True,4
SRC-RAW-F8AC40198DF43B9E6E3E,POWER,not_selected_for_target,,absence_from_expert_target_workbook,3791,21,2022,CREDIT-282E16238CB0,2710,,True,6
SRC-RAW-69C3AE04F75E383552BF,POWER,not_selected_for_target,,absence_from_expert_target_workbook,3792,22,2022,CREDIT-282E16238CB0,2710,,True,6
SRC-RAW-86A5CADBAF196F50C68B,POWER,not_selected_for_target,,absence_from_expert_target_workbook,3793,21,2022,CREDIT-F1595CC4B003,2231,,True,1
SRC-RAW-19069B202F99771716D1,POWER,not_selected_for_target,,absence_from_expert_target_workbook,3794,21,2022,CREDIT-92ACC8B5A116,2710,,True,6
SRC-RAW-ACCE742C0040E3366D58,POWER,not_selected_for_target,,absence_from_expert_target_workbook,3795,22,2022,CREDIT-92ACC8B5A116,2710,,True,6
SRC-RAW-29A5AE6F3B2D42360613,POWER,not_selected_for_target,,absence_from_expert_target_workbook,3796,21,2022,CREDIT-C0EC4BEEA5EB,1910,,True,0
SRC-RAW-EB29D170353C2EC08389,POWER,not_selected_for_target,,absence_from_expert_target_workbook,3797,21,2022,CREDIT-53F8388D5F9E,2661,,True,6
SRC-RAW-483ACC386F309C31759A,POWER,not_selected_for_target,,absence_from_expert_target_workbook,3798,21,2022,CREDIT-5D4E98AB37A2,2614,,True,2
SRC-RAW-0B48E5CE1AB844247E68,POWER,not_selected_for_target,,absence_from_expert_target_workbook,3799,21,2022,CREDIT-C1192621F6E4,3985,,True,2
SRC-RAW-A015A5ABFFB14433B3D1,POWER,include,271,canonical_expert_scope_order,3800,11,2022,CREDIT-7CFAF9F7DB53,2614,燃油锅炉,True,12
SRC-RAW-575570EC8DB517AA8CF5,POWER,include,272,canonical_expert_scope_order,3801,12,2022,CREDIT-7CFAF9F7DB53,2614,燃油锅炉,True,12
SRC-RAW-B2D12B18EDD6CCA26046,POWER,include,273,canonical_expert_scope_order,3802,13,2022,CREDIT-7CFAF9F7DB53,2614,燃油锅炉,True,12
SRC-RAW-01336EF744A5681D73EF,POWER,include,274,canonical_expert_scope_order,3803,14,2022,CREDIT-7CFAF9F7DB53,2614,燃油锅炉,True,12
SRC-RAW-07BACD2475FBECD5911D,POWER,include,275,canonical_expert_scope_order,3804,15,2022,CREDIT-7CFAF9F7DB53,2614,燃气锅炉,True,12
SRC-RAW-D4FF57BA0C9E6F57EBEF,POWER,include,276,canonical_expert_scope_order,3805,16,2022,CREDIT-7CFAF9F7DB53,2614,燃气锅炉,True,12
SRC-RAW-08487A23413ABD86C756,POWER,include,277,canonical_expert_scope_order,3806,17,2022,CREDIT-7CFAF9F7DB53,2614,燃油锅炉,True,12
SRC-RAW-FCE6ECD6BA32A0018E52,POWER,not_selected_for_target,,absence_from_expert_target_workbook,3807,21,2022,CREDIT-8F8580D17B55,3982,,True,3
SRC-RAW-CC40F2877C050BC18C0A,POWER,not_selected_for_target,,absence_from_expert_target_workbook,3808,21,2022,CREDIT-25F19937248F,3982,,True,10
SRC-RAW-325C9E6C87FBC7E367D2,POWER,include,278,canonical_expert_scope_order,3809,11,2022,CREDIT-9140076320D1,4412,燃气轮机,True,6
SRC-RAW-0E55BDF55B378E70243D,POWER,include,279,canonical_expert_scope_order,3810,12,2022,CREDIT-9140076320D1,4412,燃气轮机,True,6
SRC-RAW-FBEB32EB815C1C387B87,POWER,include,280,canonical_expert_scope_order,3811,13,2022,CREDIT-9140076320D1,4412,燃气轮机,True,6
SRC-RAW-D13FAA12365340754746,POWER,include,281,canonical_expert_scope_order,3812,14,2022,CREDIT-9140076320D1,4412,燃气轮机,True,6
SRC-RAW-C3E131C7DD9257C5B05C,POWER,include,282,canonical_expert_scope_order,3813,15,2022,CREDIT-9140076320D1,4412,燃气轮机,True,6
SRC-RAW-B6CD40B74D0E4AFAA74B,POWER,include,283,canonical_expert_scope_order,3814,16,2022,CREDIT-9140076320D1,4412,燃气轮机,True,6
SRC-RAW-51045AA3D9455886E685,POWER,not_selected_for_target,,absence_from_expert_target_workbook,3815,21,2022,CREDIT-5F6E4FE40858,2023,,True,5
SRC-RAW-FB60BCC79AFAB55861E6,POWER,not_selected_for_target,,absence_from_expert_target_workbook,3816,21,2022,CREDIT-7E6FA9EA8AFF,3922,,True,6
SRC-RAW-91DDD2B6951FF7D3C937,POWER,not_selected_for_target,,absence_from_expert_target_workbook,3817,22,2022,CREDIT-7E6FA9EA8AFF,3922,,True,6
SRC-RAW-C00F4C815D0F0635D102,POWER,include,284,canonical_expert_scope_order,3818,11,2022,CREDIT-C87DBDC1736F,2511,燃气轮机,True,9
SRC-RAW-72A68CDDB580674DD265,POWER,not_selected_for_target,,absence_from_expert_target_workbook,3819,21,2022,CREDIT-C87DBDC1736F,2511,,True,9
SRC-RAW-2F50DE9B3E7F42A53476,POWER,not_selected_for_target,,absence_from_expert_target_workbook,3820,22,2022,CREDIT-C87DBDC1736F,2511,,True,9
SRC-RAW-57143EC38889071DBB00,POWER,not_selected_for_target,,absence_from_expert_target_workbook,3821,23,2022,CREDIT-C87DBDC1736F,2511,,True,9
SRC-RAW-50268E666EDB3B5798FB,POWER,not_selected_for_target,,absence_from_expert_target_workbook,3822,21,2022,CREDIT-781971C60D98,3841,,True,3
SRC-RAW-0FE64D27DD81E4DBA64E,POWER,not_selected_for_target,,absence_from_expert_target_workbook,3823,22,2022,CREDIT-781971C60D98,3841,,True,3
SRC-RAW-6932E6388AB66A055186,POWER,not_selected_for_target,,absence_from_expert_target_workbook,3824,23,2022,CREDIT-781971C60D98,3841,,True,3
SRC-RAW-70A34C0A536CDD1682F4,POWER,not_selected_for_target,,absence_from_expert_target_workbook,3825,24,2022,CREDIT-781971C60D98,3841,,True,3
SRC-RAW-AE00FD77072B88B8E606,POWER,not_selected_for_target,,absence_from_expert_target_workbook,3826,25,2022,CREDIT-781971C60D98,3841,,True,3
SRC-RAW-D715143745E98373535D,POWER,not_selected_for_target,,absence_from_expert_target_workbook,3827,26,2022,CREDIT-781971C60D98,3841,,True,3
SRC-RAW-DC9E490E1C8A44C540C5,POWER,include,285,canonical_expert_scope_order,3828,11,2022,CREDIT-701B5978C7D8,4412,燃煤锅炉,True,6
SRC-RAW-B56086824F04D846DBFA,POWER,include,286,canonical_expert_scope_order,3829,12,2022,CREDIT-701B5978C7D8,4412,燃煤锅炉,True,6
SRC-RAW-5710070B0CB9F9147DC0,POWER,not_selected_for_target,,absence_from_expert_target_workbook,3830,21,2022,CREDIT-6817D9692F42,2924,,True,2
SRC-RAW-896D5497A7D916F6827E,POWER,not_selected_for_target,,absence_from_expert_target_workbook,3831,21,2022,CREDIT-432E13A6179E,1361,,True,0
SRC-RAW-6AD53371C8C98828469A,POWER,not_selected_for_target,,absence_from_expert_target_workbook,3832,21,2022,CREDIT-4F4472818851,3974,,True,9
SRC-RAW-91EC9830977C4D58214C,POWER,not_selected_for_target,,absence_from_expert_target_workbook,3833,22,2022,CREDIT-4F4472818851,3974,,True,9
SRC-RAW-EC9FF48576456F8C4B2B,POWER,not_selected_for_target,,absence_from_expert_target_workbook,3834,21,2022,CREDIT-8E7D2DAE32C9,2740,,True,1
SRC-RAW-3251BFD6C0CA150AA5A3,POWER,not_selected_for_target,,absence_from_expert_target_workbook,3835,21,2022,CREDIT-2790DAB2BF8E,2223,,True,1
SRC-RAW-D388C5F0DB57365E48ED,POWER,not_selected_for_target,,absence_from_expert_target_workbook,3836,21,2022,CREDIT-2E7F01A51E81,1441,,True,2
SRC-RAW-579849889E22920E8A7A,POWER,not_selected_for_target,,absence_from_expert_target_workbook,3837,22,2022,CREDIT-2E7F01A51E81,1441,,True,2
SRC-RAW-65426EEB40497A3F0F2F,POWER,not_selected_for_target,,absence_from_expert_target_workbook,3838,21,2022,CREDIT-ED5DDD2D4759,3021,,True,1
SRC-RAW-B6B4839CDCF33FE98EFA,POWER,not_selected_for_target,,absence_from_expert_target_workbook,3839,21,2022,CREDIT-8120ACB26188,1372,,True,1
SRC-RAW-76B2E95EFAB2711A2F2C,POWER,not_selected_for_target,,absence_from_expert_target_workbook,3840,22,2022,CREDIT-8120ACB26188,1372,,True,1
SRC-RAW-A42BE862A6FD2F6F8B9F,POWER,not_selected_for_target,,absence_from_expert_target_workbook,3841,21,2022,CREDIT-17B7CC57DC92,1789,,True,1
SRC-RAW-97166FFEC9AA61FA844A,POWER,not_selected_for_target,,absence_from_expert_target_workbook,3842,22,2022,CREDIT-17B7CC57DC92,1789,,True,1
SRC-RAW-92E7382A4D890B4CEA33,POWER,not_selected_for_target,,absence_from_expert_target_workbook,3843,21,2022,CREDIT-FE207CF61AD4,3951,,True,2
SRC-RAW-75F368DF89C49D73AD69,POWER,not_selected_for_target,,absence_from_expert_target_workbook,3844,22,2022,CREDIT-FE207CF61AD4,3951,,True,2
SRC-RAW-7AB3FC95FCE777BF1E9F,POWER,not_selected_for_target,,absence_from_expert_target_workbook,3845,21,2022,CREDIT-4CBE60237DAD,2443,,True,1
SRC-RAW-6A3E710031986EE130F1,POWER,not_selected_for_target,,absence_from_expert_target_workbook,3846,21,2022,CREDIT-EC6DEDCC2A0D,2319,,True,8
SRC-RAW-59A51337F61202BB2841,POWER,not_selected_for_target,,absence_from_expert_target_workbook,3847,22,2022,CREDIT-EC6DEDCC2A0D,2319,,True,8
SRC-RAW-E56C507DF383A8B6A589,POWER,not_selected_for_target,,absence_from_expert_target_workbook,3848,21,2022,CREDIT-584E06118489,3031,,True,1
SRC-RAW-75258FA85480CA994CEE,POWER,not_selected_for_target,,absence_from_expert_target_workbook,3849,21,2022,CREDIT-A3FDBAE68BC8,3031,,True,1
SRC-RAW-70008104A5A32B06DC7F,POWER,not_selected_for_target,,absence_from_expert_target_workbook,3850,21,2022,CREDIT-D6FE9CE78E59,3851,,True,2
SRC-RAW-051131DBF44EDAB3ABE2,POWER,not_selected_for_target,,absence_from_expert_target_workbook,3851,21,2022,CREDIT-7EA88B8A3602,4119,,True,1
SRC-RAW-E0BF56762EE133BAD0B2,POWER,not_selected_for_target,,absence_from_expert_target_workbook,3852,21,2022,CREDIT-81933B4B0BD9,3841,,True,12
SRC-RAW-F7C0148B317CB89BFA31,POWER,not_selected_for_target,,absence_from_expert_target_workbook,3853,21,2022,CREDIT-0ECC93CFDEA2,1819,,True,0
SRC-RAW-2CA83F3109A175A47C42,POWER,not_selected_for_target,,absence_from_expert_target_workbook,3854,21,2022,CREDIT-C388948AD4DC,3951,,True,1
SRC-RAW-E7BD8B49F86E07974AD8,POWER,include,287,canonical_expert_scope_order,3855,11,2022,CREDIT-8B4138D165EA,4411,燃气轮机,True,0
SRC-RAW-E42FFC331ADDCA454553,POWER,include,288,canonical_expert_scope_order,3856,12,2022,CREDIT-8B4138D165EA,4411,燃气轮机,True,0
SRC-RAW-80B1983ABA5B9926D942,POWER,not_selected_for_target,,absence_from_expert_target_workbook,3857,21,2022,CREDIT-D3B6B0089957,3021,,True,1
SRC-RAW-587091464851224288E2,POWER,not_selected_for_target,,absence_from_expert_target_workbook,3858,21,2022,CREDIT-84E3398C0387,2651,,True,1
SRC-RAW-9957A6C77F03B4EDC432,POWER,not_selected_for_target,,absence_from_expert_target_workbook,3859,21,2022,CREDIT-07C2A5CAB9D2,1521,,True,1
SRC-RAW-E6294BA76A10E97C54F9,POWER,not_selected_for_target,,absence_from_expert_target_workbook,3860,22,2022,CREDIT-07C2A5CAB9D2,1521,,True,1
SRC-RAW-888B36059123DAE1AFAF,POWER,not_selected_for_target,,absence_from_expert_target_workbook,3861,21,2022,CREDIT-4EEFC2F5A49D,3031,,True,4
SRC-RAW-76C8BAB45F34E8B8758B,POWER,not_selected_for_target,,absence_from_expert_target_workbook,3862,21,2022,CREDIT-7103AADCA7EB,3031,,True,4
SRC-RAW-F82B370B725B6DC6E56B,POWER,not_selected_for_target,,absence_from_expert_target_workbook,3863,21,2022,CREDIT-7CCA6C5148A3,2924,,True,0
SRC-RAW-103CF41E911E94195C09,POWER,not_selected_for_target,,absence_from_expert_target_workbook,3864,21,2022,CREDIT-FAF1076D5A6A,3464,,True,7
SRC-RAW-8E15201A0DB18BB1F8D2,POWER,not_selected_for_target,,absence_from_expert_target_workbook,3865,21,2022,CREDIT-AAE5125B2E8A,3031,,True,1
SRC-RAW-AEC2BC784F47B5B8C228,POWER,not_selected_for_target,,absence_from_expert_target_workbook,3866,21,2022,CREDIT-0827899AB2DF,3031,,True,0
SRC-RAW-7A3DA356F0FD729AC58B,POWER,not_selected_for_target,,absence_from_expert_target_workbook,3867,21,2022,CREDIT-5BCBC09856E1,3841,,True,10
SRC-RAW-F52ABA105DD59EC3CB06,POWER,not_selected_for_target,,absence_from_expert_target_workbook,3868,22,2022,CREDIT-5BCBC09856E1,3841,,True,10
SRC-RAW-55301815182C3AB77FDA,POWER,not_selected_for_target,,absence_from_expert_target_workbook,3869,23,2022,CREDIT-5BCBC09856E1,3841,,True,10
SRC-RAW-7285BDAD79C8F948314B,POWER,not_selected_for_target,,absence_from_expert_target_workbook,3870,24,2022,CREDIT-5BCBC09856E1,3841,,True,10
SRC-RAW-7093564A6D3EE8C86E7C,POWER,not_selected_for_target,,absence_from_expert_target_workbook,3871,25,2022,CREDIT-5BCBC09856E1,3841,,True,10
SRC-RAW-45F78D6B5EA4AAAC57CF,POWER,not_selected_for_target,,absence_from_expert_target_workbook,3872,26,2022,CREDIT-5BCBC09856E1,3841,,True,10
SRC-RAW-D7AAA1D263D8E582CD71,POWER,not_selected_for_target,,absence_from_expert_target_workbook,3873,27,2022,CREDIT-5BCBC09856E1,3841,,True,10
SRC-RAW-178C6108FFA5FED62566,POWER,not_selected_for_target,,absence_from_expert_target_workbook,3874,28,2022,CREDIT-5BCBC09856E1,3841,,True,10
SRC-RAW-53939DA90DE9795ACF87,POWER,not_selected_for_target,,absence_from_expert_target_workbook,3875,21,2022,CREDIT-4EE4C51DFCD9,2319,,True,2
SRC-RAW-3C3443F3AB037EFCDF88,POWER,not_selected_for_target,,absence_from_expert_target_workbook,3876,21,2022,CREDIT-3B25DAA4D7FE,1620,,True,1
SRC-RAW-4C471E1366DAEB3E48C8,POWER,not_selected_for_target,,absence_from_expert_target_workbook,3877,11,2022,CREDIT-05A5D5189F69,4417,燃生物质锅炉,True,4
SRC-RAW-7BE10891CED76E8DE565,POWER,not_selected_for_target,,absence_from_expert_target_workbook,3878,12,2022,CREDIT-05A5D5189F69,4417,燃生物质锅炉,True,4
SRC-RAW-EF7F317B71F234A0D85B,POWER,not_selected_for_target,,absence_from_expert_target_workbook,3879,21,2022,CREDIT-8545604C9694,3985,,True,1
SRC-RAW-A769D077BDF7D0A3C833,POWER,not_selected_for_target,,absence_from_expert_target_workbook,3880,21,2022,CREDIT-4BDA5EF90A5C,1353,,True,0
SRC-RAW-2ED032DD6F5950549025,POWER,not_selected_for_target,,absence_from_expert_target_workbook,3881,21,2022,CREDIT-909989717243,1514,,True,0
SRC-RAW-ACEDFD51051AE32F1014,POWER,not_selected_for_target,,absence_from_expert_target_workbook,3882,21,2022,CREDIT-040BD8737355,3985,,True,0
SRC-RAW-2756BE500AD8DFD03B65,POWER,not_selected_for_target,,absence_from_expert_target_workbook,3883,21,2022,CREDIT-58AB7B3B905D,2740,,True,2
SRC-RAW-7D0D3C6830ED0D6586AD,POWER,not_selected_for_target,,absence_from_expert_target_workbook,3884,21,2022,CREDIT-75A66EA9D886,3982,,True,32
SRC-RAW-890C3A9FBB0129E29B2F,POWER,not_selected_for_target,,absence_from_expert_target_workbook,3885,21,2022,CREDIT-D96B2022CA48,1752,,True,0
SRC-RAW-7CC4695F45C2F0918DCF,POWER,not_selected_for_target,,absence_from_expert_target_workbook,3886,21,2022,CREDIT-3E374B601C79,3982,,True,18
SRC-RAW-704EC92F8783F6464311,POWER,not_selected_for_target,,absence_from_expert_target_workbook,3887,21,2022,CREDIT-B725F2651441,1431,,True,1
SRC-RAW-63F5F15B97EE1494033F,POWER,not_selected_for_target,,absence_from_expert_target_workbook,3888,21,2022,CREDIT-3B0D25EB1F20,3985,,True,0
SRC-RAW-FA9EDF55A8FEA3F612DF,POWER,not_selected_for_target,,absence_from_expert_target_workbook,3889,21,2022,CREDIT-8009C70FB90A,1499,,True,1
SRC-RAW-8A78BB73B26B9ADA7622,POWER,not_selected_for_target,,absence_from_expert_target_workbook,3890,21,2022,CREDIT-F193187F90F1,2319,,True,4
SRC-RAW-0C08B32BA10B02386D81,POWER,not_selected_for_target,,absence_from_expert_target_workbook,3891,21,2022,CREDIT-F669C7A4B17B,2671,,True,0
SRC-RAW-37F0982A1ADBD5518794,POWER,not_selected_for_target,,absence_from_expert_target_workbook,3892,21,2022,CREDIT-65B02A4A4407,4430,,True,3
SRC-RAW-DE064C6CB36668D04305,POWER,not_selected_for_target,,absence_from_expert_target_workbook,3893,22,2022,CREDIT-65B02A4A4407,4430,,True,3
SRC-RAW-82905253E15E7B88DC20,POWER,not_selected_for_target,,absence_from_expert_target_workbook,3894,21,2022,CREDIT-E860B6C01D2F,2613,,True,3
SRC-RAW-5CC7FCC1477A0CE8FEB0,POWER,not_selected_for_target,,absence_from_expert_target_workbook,3895,21,2022,CREDIT-BCC8A161FC84,3031,,True,3
SRC-RAW-8AB01509B518E0C21F31,POWER,not_selected_for_target,,absence_from_expert_target_workbook,3896,21,2022,CREDIT-737F75BF7185,2720,,True,0
SRC-RAW-5E4F8E63EF67E58FE122,POWER,not_selected_for_target,,absence_from_expert_target_workbook,3897,22,2022,CREDIT-737F75BF7185,2720,,True,0
SRC-RAW-7DC8C9B0852595A4A224,POWER,not_selected_for_target,,absence_from_expert_target_workbook,3898,21,2022,CREDIT-74D60D5E5AB0,3670,,True,14
SRC-RAW-79CA0A239507BE806AC6,POWER,not_selected_for_target,,absence_from_expert_target_workbook,3899,21,2022,CREDIT-5DA835FDA129,1495,,True,0
SRC-RAW-DAFD88C299BC5ACC2C1D,POWER,not_selected_for_target,,absence_from_expert_target_workbook,3900,21,2022,CREDIT-ED1E2FA4BBBE,2919,,True,2
SRC-RAW-657FD4E5279DFF06A0DE,POWER,not_selected_for_target,,absence_from_expert_target_workbook,3901,21,2022,CREDIT-DE43FE38C1DF,1431,,True,2
SRC-RAW-62BEA3A18F4B2F4A2E25,POWER,not_selected_for_target,,absence_from_expert_target_workbook,3902,21,2022,CREDIT-858C824C754C,3985,,True,2
SRC-RAW-4F6B19CE50FEEFF7D94C,POWER,not_selected_for_target,,absence_from_expert_target_workbook,3903,22,2022,CREDIT-858C824C754C,3985,,True,2
SRC-RAW-53FBE5ACAABECA0D62E6,POWER,include,289,canonical_expert_scope_order,3904,11,2022,CREDIT-B255E05B3C24,4411,燃煤锅炉,True,3
SRC-RAW-54500B315AC89DE39808,POWER,include,290,canonical_expert_scope_order,3905,12,2022,CREDIT-B255E05B3C24,4411,燃煤锅炉,True,3
SRC-RAW-500FAC89EE74CD013365,POWER,include,291,canonical_expert_scope_order,3906,13,2022,CREDIT-B255E05B3C24,4411,燃煤锅炉,True,3
SRC-RAW-9C2666A045D655DE7A20,POWER,include,292,canonical_expert_scope_order,3907,14,2022,CREDIT-B255E05B3C24,4411,燃煤锅炉,True,3
SRC-RAW-F89C0043F631D36465B6,POWER,include,293,canonical_expert_scope_order,3908,15,2022,CREDIT-B255E05B3C24,4411,燃煤锅炉,True,3
SRC-RAW-A3FBB4382F65DF34F05E,POWER,include,294,canonical_expert_scope_order,3909,16,2022,CREDIT-B255E05B3C24,4411,燃煤锅炉,True,3
SRC-RAW-9DB0FCA44BB323504B82,POWER,not_selected_for_target,,absence_from_expert_target_workbook,3910,21,2022,CREDIT-A15281864A51,2911,,True,3
SRC-RAW-9E6561D91E8E29BBCD3D,POWER,not_selected_for_target,,absence_from_expert_target_workbook,3911,21,2022,CREDIT-57B7E27D25C9,3031,,True,2
SRC-RAW-E586A7498551DB5EF7C5,POWER,not_selected_for_target,,absence_from_expert_target_workbook,3912,21,2022,CREDIT-3DF5D8E8C823,3985,,True,4
SRC-RAW-9F8D4E31D50C6DB52617,POWER,not_selected_for_target,,absence_from_expert_target_workbook,3913,21,2022,CREDIT-4D45FFD1F32A,2444,,True,5
SRC-RAW-4D7CB2B228C53881601A,POWER,not_selected_for_target,,absence_from_expert_target_workbook,3914,21,2022,CREDIT-2A800B84F4D6,3031,,True,4
SRC-RAW-0CF0D8335C0BB992C611,POWER,include,295,canonical_expert_scope_order,3915,11,2022,CREDIT-D5EE7E1FB8EC,4411,燃煤锅炉,True,3
SRC-RAW-6A3D9F0940947CB1906F,POWER,include,296,canonical_expert_scope_order,3916,12,2022,CREDIT-D5EE7E1FB8EC,4411,燃煤锅炉,True,3
SRC-RAW-4A9D5ADBC87CEB371B72,POWER,not_selected_for_target,,absence_from_expert_target_workbook,3917,21,2022,CREDIT-6B9FDE75FAFF,3031,,True,1
SRC-RAW-81EE07160BD2E0AA83F0,POWER,not_selected_for_target,,absence_from_expert_target_workbook,3918,21,2022,CREDIT-31C232C81EBA,2740,,True,1
SRC-RAW-5997CAACDA9E6A5C178C,POWER,not_selected_for_target,,absence_from_expert_target_workbook,3919,21,2022,CREDIT-AB57FD731E8F,2021,,True,2
SRC-RAW-3E132885394DD71EC7C4,POWER,not_selected_for_target,,absence_from_expert_target_workbook,3920,21,2022,CREDIT-7A58F6A8ED62,3022,,True,1
SRC-RAW-FE23F49166256B3B61B0,POWER,not_selected_for_target,,absence_from_expert_target_workbook,3921,22,2022,CREDIT-7A58F6A8ED62,3022,,True,1
SRC-RAW-FE9F407050950BC7AD20,POWER,not_selected_for_target,,absence_from_expert_target_workbook,3922,21,2022,CREDIT-659AFF0467A4,1372,,True,1
SRC-RAW-E654F8A5FA4C1926EBE7,POWER,not_selected_for_target,,absence_from_expert_target_workbook,3923,22,2022,CREDIT-659AFF0467A4,1372,,True,1
SRC-RAW-730DC0FA8745312A1BE3,POWER,not_selected_for_target,,absence_from_expert_target_workbook,3924,21,2022,CREDIT-9844D479A020,2822,,True,4
SRC-RAW-B2A6B348A08CC9E748C9,POWER,not_selected_for_target,,absence_from_expert_target_workbook,3925,21,2022,CREDIT-10D1A58F72F0,1512,,True,0
SRC-RAW-52240B04EE913F6D545F,POWER,not_selected_for_target,,absence_from_expert_target_workbook,3926,21,2022,CREDIT-B3FB7B73C46F,4220,,True,6
SRC-RAW-843500BD33D53191EEA3,POWER,not_selected_for_target,,absence_from_expert_target_workbook,3927,21,2022,CREDIT-8F209C2D3F96,2921,,True,4
SRC-RAW-8E6AD9149CAD5D3D8FE7,POWER,not_selected_for_target,,absence_from_expert_target_workbook,3928,21,2022,CREDIT-7356FB28502B,1752,,True,1
SRC-RAW-B721D48578262ADCD0B5,POWER,not_selected_for_target,,absence_from_expert_target_workbook,3929,22,2022,CREDIT-7356FB28502B,1752,,True,1
SRC-RAW-565FE1B9F1351A854433,POWER,not_selected_for_target,,absence_from_expert_target_workbook,3930,21,2022,CREDIT-75A4B0830EED,2740,,True,2
SRC-RAW-EC78E384EB05DF1FB8B8,POWER,not_selected_for_target,,absence_from_expert_target_workbook,3931,21,2022,CREDIT-FFD63F6BA60E,3031,,True,1
SRC-RAW-5B8AE5C5D25A67BDD39A,POWER,not_selected_for_target,,absence_from_expert_target_workbook,3932,21,2022,CREDIT-B0EF2DD9D690,2684,,True,2
SRC-RAW-5976F8E66964B2420D59,POWER,not_selected_for_target,,absence_from_expert_target_workbook,3933,11,2022,CREDIT-56DC4DC8519B,4417,燃生物质锅炉,True,3
SRC-RAW-D76FB29E329067250811,POWER,not_selected_for_target,,absence_from_expert_target_workbook,3934,12,2022,CREDIT-56DC4DC8519B,4417,燃生物质锅炉,True,3
SRC-RAW-6D1CB60D94285C15EB96,POWER,not_selected_for_target,,absence_from_expert_target_workbook,3935,21,2022,CREDIT-33D27BCD3D7E,2919,,True,6
SRC-RAW-48B83B244441B7CDE6CE,POWER,not_selected_for_target,,absence_from_expert_target_workbook,3936,21,2022,CREDIT-D9FD69F29486,2021,,True,2
SRC-RAW-1C69AC731CC45D096507,POWER,not_selected_for_target,,absence_from_expert_target_workbook,3937,21,2022,CREDIT-2CCC5F9422A3,1331,,True,0
SRC-RAW-C4FB1F43CAE21E09A7C9,POWER,not_selected_for_target,,absence_from_expert_target_workbook,3938,21,2022,CREDIT-B53B1253F2B6,2110,,True,2
SRC-RAW-CA6C15BB9DD211ECB199,POWER,not_selected_for_target,,absence_from_expert_target_workbook,3939,21,2022,CREDIT-62B5E5AFF92C,2645,,True,4
SRC-RAW-97525A6EE2179559F6B5,POWER,not_selected_for_target,,absence_from_expert_target_workbook,3940,21,2022,CREDIT-49E6B5CBFA55,2221,,True,3
SRC-RAW-FAD36A72AE1EC6D6AD27,POWER,not_selected_for_target,,absence_from_expert_target_workbook,3941,21,2022,CREDIT-326EA25E80E8,2021,,True,1
SRC-RAW-2D04C39DD2558D7219A5,POWER,not_selected_for_target,,absence_from_expert_target_workbook,3942,21,2022,CREDIT-16957F75E8ED,2221,,True,2
SRC-RAW-A525A25FF8208C3C6056,POWER,not_selected_for_target,,absence_from_expert_target_workbook,3943,21,2022,CREDIT-609D36A524B3,3212,,True,5
SRC-RAW-C1C45E1100282D9038B0,POWER,not_selected_for_target,,absence_from_expert_target_workbook,3944,21,2022,CREDIT-18143BB65A34,1311,,True,1
SRC-RAW-52E07F5C31FBAB39185B,POWER,not_selected_for_target,,absence_from_expert_target_workbook,3945,21,2022,CREDIT-DFC4D4387D0E,2221,,True,2
SRC-RAW-D91CF0ED2705080FFB57,POWER,not_selected_for_target,,absence_from_expert_target_workbook,3946,22,2022,CREDIT-DFC4D4387D0E,2221,,True,2
SRC-RAW-798CE41CE8AE4445D745,POWER,not_selected_for_target,,absence_from_expert_target_workbook,3947,21,2022,CREDIT-D0D1F116E31E,2221,,True,3
SRC-RAW-F1E3277CC2B3CFF211F1,POWER,not_selected_for_target,,absence_from_expert_target_workbook,3948,22,2022,CREDIT-D0D1F116E31E,2221,,True,3
SRC-RAW-DBC3FBE50C6B3F270D61,POWER,not_selected_for_target,,absence_from_expert_target_workbook,3949,21,2022,CREDIT-BC27758EF9FA,2021,,True,1
SRC-RAW-7309FAC56FDEEE4A4AE7,POWER,not_selected_for_target,,absence_from_expert_target_workbook,3950,21,2022,CREDIT-68BF88570BDA,2021,,True,1
SRC-RAW-C71646E60C278AB576F5,POWER,not_selected_for_target,,absence_from_expert_target_workbook,3951,21,2022,CREDIT-B72D5CFFC7F2,2021,,True,1
SRC-RAW-8F8A7FEE8298D98E8776,POWER,not_selected_for_target,,absence_from_expert_target_workbook,3952,21,2022,CREDIT-F80CE5AC25C9,2021,,True,1
SRC-RAW-209F2BAC55575547F840,POWER,not_selected_for_target,,absence_from_expert_target_workbook,3953,21,2022,CREDIT-0D286DE10586,2021,,True,1
SRC-RAW-883CD7BB657BEC50853F,POWER,not_selected_for_target,,absence_from_expert_target_workbook,3954,21,2022,CREDIT-68C123941194,2021,,True,0
SRC-RAW-51B8983B8D05110F1797,POWER,not_selected_for_target,,absence_from_expert_target_workbook,3955,21,2022,CREDIT-7E439127B4DF,1331,,True,2
SRC-RAW-09BBFEC1C24137077CF8,POWER,not_selected_for_target,,absence_from_expert_target_workbook,3956,21,2022,CREDIT-02BF3FE3568B,2740,,True,1
SRC-RAW-B602AB8EB411FAF8A97C,POWER,not_selected_for_target,,absence_from_expert_target_workbook,3957,21,2022,CREDIT-15B80A01F9E3,1512,,True,1
SRC-RAW-728628A99F68765B2AE0,POWER,not_selected_for_target,,absence_from_expert_target_workbook,3958,21,2022,CREDIT-86D9444F098B,4220,,True,0
SRC-RAW-FD36C799A3DA88B45710,POWER,not_selected_for_target,,absence_from_expert_target_workbook,3959,21,2022,CREDIT-734109B1A556,1495,,True,2
SRC-RAW-A5B1DACBBC19C211C37F,POWER,not_selected_for_target,,absence_from_expert_target_workbook,3960,22,2022,CREDIT-734109B1A556,1495,,True,2
SRC-RAW-41F81AA4E0623B23C3DF,POWER,not_selected_for_target,,absence_from_expert_target_workbook,3961,21,2022,CREDIT-0D730D00687C,1712,,True,0
SRC-RAW-4D8CF55D2F47A9E43E57,POWER,not_selected_for_target,,absence_from_expert_target_workbook,3962,21,2022,CREDIT-58990230A474,1712,,True,0
SRC-RAW-32C39E133B468DB07883,POWER,not_selected_for_target,,absence_from_expert_target_workbook,3963,21,2022,CREDIT-5F2A78CAE63B,1712,,True,0
SRC-RAW-06BD87E0A5BB2F01D670,POWER,not_selected_for_target,,absence_from_expert_target_workbook,3964,21,2022,CREDIT-7F5DCCA7CAD4,2221,,True,1
SRC-RAW-3CAFCEC55D173A1ECDFB,POWER,not_selected_for_target,,absence_from_expert_target_workbook,3965,21,2022,CREDIT-999E3EF446F6,2221,,True,1
SRC-RAW-37AAEA0EAF9F332B9EBD,POWER,not_selected_for_target,,absence_from_expert_target_workbook,3966,21,2022,CREDIT-E7AEA77C9E68,2221,,True,1
SRC-RAW-E7DB85FF512998E4050B,POWER,not_selected_for_target,,absence_from_expert_target_workbook,3967,21,2022,CREDIT-92C72726BCDA,3021,,True,1
SRC-RAW-19B02173B9BDBDA24043,POWER,not_selected_for_target,,absence_from_expert_target_workbook,3968,11,2022,CREDIT-EADFE2AE880B,4417,燃生物质锅炉,True,2
SRC-RAW-F1D793ABD3FE7FB31E9D,POWER,not_selected_for_target,,absence_from_expert_target_workbook,3969,12,2022,CREDIT-EADFE2AE880B,4417,燃生物质锅炉,True,2
SRC-RAW-E9113E77CE6243FF08E4,POWER,not_selected_for_target,,absence_from_expert_target_workbook,3970,21,2022,CREDIT-11CDDFF7D01F,2221,,True,2
SRC-RAW-ED2DFC5FF1B8EBF65D91,POWER,not_selected_for_target,,absence_from_expert_target_workbook,3971,21,2022,CREDIT-FC3A1B425F55,1713,,True,1
SRC-RAW-403B6B904F9EDD18B930,POWER,not_selected_for_target,,absence_from_expert_target_workbook,3972,21,2022,CREDIT-800BAFE3B69B,1421,,True,1
SRC-RAW-2FAFAF6DC45033222C6C,POWER,not_selected_for_target,,absence_from_expert_target_workbook,3973,21,2022,CREDIT-02C633CDA803,1761,,True,1
SRC-RAW-73914802A35B0C371DB5,POWER,not_selected_for_target,,absence_from_expert_target_workbook,3974,21,2022,CREDIT-C137C3DEE98A,1761,,True,0
SRC-RAW-800344FA02DCE0D666B0,POWER,not_selected_for_target,,absence_from_expert_target_workbook,3975,21,2022,CREDIT-A2F241FA7CED,1361,,True,0
SRC-RAW-A2A4AD38F0CA6D749C7A,POWER,not_selected_for_target,,absence_from_expert_target_workbook,3976,21,2022,CREDIT-C73F8CA73B57,1432,,True,2
SRC-RAW-26864C8A46584C2EBEFB,POWER,not_selected_for_target,,absence_from_expert_target_workbook,3977,22,2022,CREDIT-C73F8CA73B57,1432,,True,2
SRC-RAW-3FED5702793EBC59124F,POWER,include,297,canonical_expert_scope_order,3978,11,2022,CREDIT-8C734DE79945,4411,燃煤锅炉,True,12
SRC-RAW-8638EC6E8AF122B97D6A,POWER,include,298,canonical_expert_scope_order,3979,12,2022,CREDIT-8C734DE79945,4411,燃煤锅炉,True,12
SRC-RAW-A9B79E53EDDFDADB0001,POWER,include,299,canonical_expert_scope_order,3980,13,2022,CREDIT-8C734DE79945,4411,燃煤锅炉,True,12
SRC-RAW-2FD3C0B7571FF8A81961,POWER,include,300,canonical_expert_scope_order,3981,14,2022,CREDIT-8C734DE79945,4411,燃煤锅炉,True,12
SRC-RAW-8C5485AE8B4B236E32D1,POWER,not_selected_for_target,,absence_from_expert_target_workbook,3982,21,2022,CREDIT-2FE85EC98B89,3021,,True,1
SRC-RAW-A77306A283947FDF1A68,POWER,not_selected_for_target,,absence_from_expert_target_workbook,3983,21,2022,CREDIT-FC06046367B5,1761,,True,1
SRC-RAW-D0979C183F49770C9F6E,POWER,not_selected_for_target,,absence_from_expert_target_workbook,3984,21,2022,CREDIT-CC54E4671B4B,3670,,True,1
SRC-RAW-E70C20401A4B3EF996F3,POWER,not_selected_for_target,,absence_from_expert_target_workbook,3985,21,2022,CREDIT-3BA6FD58DB03,1722,,True,1
SRC-RAW-20F39F86C4E04CC03545,POWER,not_selected_for_target,,absence_from_expert_target_workbook,3986,21,2022,CREDIT-86B6D6ECD4C8,1713,,True,1
SRC-RAW-66A10D384FB006CAAA38,POWER,not_selected_for_target,,absence_from_expert_target_workbook,3987,22,2022,CREDIT-86B6D6ECD4C8,1713,,True,1
SRC-RAW-3458348B3347E78EDD03,POWER,not_selected_for_target,,absence_from_expert_target_workbook,3988,11,2022,CREDIT-FE136A13D1DA,4417,燃生物质锅炉,True,3
SRC-RAW-4476EF5E040C13E5E4A7,POWER,not_selected_for_target,,absence_from_expert_target_workbook,3989,12,2022,CREDIT-FE136A13D1DA,4417,燃生物质锅炉,True,3
SRC-RAW-4B39582C04AB351BFEFE,POWER,not_selected_for_target,,absence_from_expert_target_workbook,3990,13,2022,CREDIT-FE136A13D1DA,4417,燃生物质锅炉,True,3
SRC-RAW-4A619F33E15E8000FC16,POWER,not_selected_for_target,,absence_from_expert_target_workbook,3991,21,2022,CREDIT-D3FEF7270248,2022,,True,1
SRC-RAW-A370A811ACD69EEF8D2A,POWER,not_selected_for_target,,absence_from_expert_target_workbook,3992,21,2022,CREDIT-220684A5125C,1811,,True,3
SRC-RAW-C61D3C4A6715C7D08976,POWER,not_selected_for_target,,absence_from_expert_target_workbook,3993,21,2022,CREDIT-771248510C4E,2641,,True,0
SRC-RAW-6D63EB8BD2F17FA2F663,POWER,not_selected_for_target,,absence_from_expert_target_workbook,3994,21,2022,CREDIT-98D3BB00579C,1811,,True,1
SRC-RAW-61734FBC4068A214DA2F,POWER,not_selected_for_target,,absence_from_expert_target_workbook,3995,21,2022,CREDIT-DB640B25BAC2,1422,,True,1
SRC-RAW-5DD8916B496891A18FEE,POWER,not_selected_for_target,,absence_from_expert_target_workbook,3996,21,2022,CREDIT-18B50D378B70,1713,,True,5
SRC-RAW-BE2999A8F9E6B8742D32,POWER,not_selected_for_target,,absence_from_expert_target_workbook,3997,22,2022,CREDIT-18B50D378B70,1713,,True,5
SRC-RAW-E18FF30F3E908AAEF694,POWER,not_selected_for_target,,absence_from_expert_target_workbook,3998,23,2022,CREDIT-18B50D378B70,1713,,True,5
SRC-RAW-106FC7F0357E81223574,POWER,not_selected_for_target,,absence_from_expert_target_workbook,3999,24,2022,CREDIT-18B50D378B70,1713,,True,5
SRC-RAW-EA9B631E5E79CFB5F4FA,POWER,not_selected_for_target,,absence_from_expert_target_workbook,4000,21,2022,CREDIT-71BBB72C2CF6,1830,,True,1
SRC-RAW-0428BAB004D05C89DDC8,POWER,not_selected_for_target,,absence_from_expert_target_workbook,4001,21,2022,CREDIT-391AFF07876C,1411,,True,1
SRC-RAW-3DB749495812F79E0E63,POWER,not_selected_for_target,,absence_from_expert_target_workbook,4002,21,2022,CREDIT-0B4F70910CA7,1819,,True,1
SRC-RAW-20393DA3D28DEE7F75A4,POWER,not_selected_for_target,,absence_from_expert_target_workbook,4003,21,2022,CREDIT-858B1824F455,1513,,True,1
SRC-RAW-3BE7D9BDE80C8AF6F455,POWER,not_selected_for_target,,absence_from_expert_target_workbook,4004,21,2022,CREDIT-17AEBEF7E1F4,1782,,True,1
SRC-RAW-32FDC0060502605F4C77,POWER,not_selected_for_target,,absence_from_expert_target_workbook,4005,22,2022,CREDIT-17AEBEF7E1F4,1782,,True,1
SRC-RAW-558E833BE3B9896AF0A4,POWER,not_selected_for_target,,absence_from_expert_target_workbook,4006,23,2022,CREDIT-17AEBEF7E1F4,1782,,True,1
SRC-RAW-6F8BD76567A5200455CE,POWER,not_selected_for_target,,absence_from_expert_target_workbook,4007,21,2022,CREDIT-5492104D8318,1752,,True,1
SRC-RAW-F574BBC0ACB662843F0D,POWER,not_selected_for_target,,absence_from_expert_target_workbook,4008,21,2022,CREDIT-80564074C5FB,1723,,True,2
SRC-RAW-F2CD0ED2FBC974ABAE44,POWER,not_selected_for_target,,absence_from_expert_target_workbook,4009,22,2022,CREDIT-80564074C5FB,1723,,True,2
SRC-RAW-CC0A1384335212373E87,POWER,not_selected_for_target,,absence_from_expert_target_workbook,4010,21,2022,CREDIT-87795F7DB82F,1819,,True,2
SRC-RAW-8E406970C7D6E230EFB1,POWER,not_selected_for_target,,absence_from_expert_target_workbook,4011,22,2022,CREDIT-87795F7DB82F,1819,,True,2
SRC-RAW-4AB107CC788EDFB195C7,POWER,not_selected_for_target,,absence_from_expert_target_workbook,4012,21,2022,CREDIT-F4CBB1C33924,1819,,True,1
SRC-RAW-C37D2544AE2EC5F7A32B,POWER,not_selected_for_target,,absence_from_expert_target_workbook,4013,21,2022,CREDIT-E662410E01A6,3389,,True,1
SRC-RAW-18EB4DB954549CCCC06E,POWER,not_selected_for_target,,absence_from_expert_target_workbook,4014,21,2022,CREDIT-C1F6E875F7F8,3352,,True,1
SRC-RAW-254AB5A464BB831D8788,POWER,not_selected_for_target,,absence_from_expert_target_workbook,4015,21,2022,CREDIT-504AB283B727,2022,,True,1
SRC-RAW-C4FC404DD0FD7646AA5E,POWER,not_selected_for_target,,absence_from_expert_target_workbook,4016,21,2022,ORG-ABA9BA0E160E,3082,,True,9
SRC-RAW-0AF040EB2BC49FD36895,POWER,not_selected_for_target,,absence_from_expert_target_workbook,4017,22,2022,ORG-ABA9BA0E160E,3082,,True,9
SRC-RAW-3CE84EFE5438CA8FB4A0,POWER,include,301,canonical_expert_scope_order,4018,11,2022,CREDIT-2E63BB2D6FC8,4411,燃煤锅炉,True,3
SRC-RAW-F2AC45A6F890FFE96ABF,POWER,include,302,canonical_expert_scope_order,4019,12,2022,CREDIT-2E63BB2D6FC8,4411,燃煤锅炉,True,3
SRC-RAW-B394AEA737E732417FCD,POWER,not_selected_for_target,,absence_from_expert_target_workbook,4020,21,2022,CREDIT-5B918161269B,1329,,True,1
SRC-RAW-E3237394DBDF77B871D5,POWER,not_selected_for_target,,absence_from_expert_target_workbook,4021,11,2022,CREDIT-C2DBF83E5359,4419,燃生物质锅炉,True,0
SRC-RAW-E53AD894FFF06A81812A,POWER,not_selected_for_target,,absence_from_expert_target_workbook,4022,12,2022,CREDIT-C2DBF83E5359,4419,燃生物质锅炉,True,0
SRC-RAW-882C77A9192FB2B8D223,POWER,not_selected_for_target,,absence_from_expert_target_workbook,4023,13,2022,CREDIT-C2DBF83E5359,4419,燃生物质锅炉,True,0
SRC-RAW-D47B7885922184F337F0,POWER,not_selected_for_target,,absence_from_expert_target_workbook,4024,21,2022,CREDIT-70F3760655DD,2239,,True,1
SRC-RAW-112590082952AA576155,POWER,not_selected_for_target,,absence_from_expert_target_workbook,4025,21,2022,CREDIT-C920C83B09F7,2110,,True,29
SRC-RAW-82E52F87D63C9A15F3D1,POWER,not_selected_for_target,,absence_from_expert_target_workbook,4026,21,2022,CREDIT-8614C6B6BD81,3039,,True,3
SRC-RAW-9D2D3CCEFBE2883FB563,POWER,not_selected_for_target,,absence_from_expert_target_workbook,4027,21,2022,CREDIT-ADFFF84B5394,2239,,True,1
SRC-RAW-22BA5A2282497EAD078C,POWER,include,303,canonical_expert_scope_order,4028,11,2022,ORG-350CA80CFBAF,4411,燃煤锅炉,True,3
SRC-RAW-C5503FD15062A20FAC67,POWER,include,304,canonical_expert_scope_order,4029,12,2022,ORG-350CA80CFBAF,4411,燃煤锅炉,True,3
SRC-RAW-B7600376533499B53C2E,POWER,not_selected_for_target,,absence_from_expert_target_workbook,4030,21,2022,CREDIT-8675B32A0815,1713,,True,2
SRC-RAW-7145AA92B3322A4D1772,POWER,not_selected_for_target,,absence_from_expert_target_workbook,4031,21,2022,CREDIT-672783386D39,1830,,True,3
SRC-RAW-8B27D83B74D29F3D31AE,POWER,not_selected_for_target,,absence_from_expert_target_workbook,4032,21,2022,CREDIT-EBF3F7C07472,3872,,True,8
SRC-RAW-ED47F8F3233940DC4071,POWER,not_selected_for_target,,absence_from_expert_target_workbook,4033,21,2022,CREDIT-277CD3ECEFA1,1819,,True,0
SRC-RAW-FD5D897A41AAF315624C,POWER,not_selected_for_target,,absence_from_expert_target_workbook,4034,21,2022,CREDIT-CF5EC1C3C71B,4119,,True,1
SRC-RAW-94B2400969D9DEBB0992,POWER,not_selected_for_target,,absence_from_expert_target_workbook,4035,21,2022,ORG-59F31922A476,1522,,True,1
SRC-RAW-F78A382BFAC07564B287,POWER,not_selected_for_target,,absence_from_expert_target_workbook,4036,22,2022,ORG-59F31922A476,1522,,True,1
SRC-RAW-542778CFD8662E58422C,POWER,not_selected_for_target,,absence_from_expert_target_workbook,4037,23,2022,ORG-59F31922A476,1522,,True,1
SRC-RAW-52A3D1B19E4F910AC43A,POWER,not_selected_for_target,,absence_from_expert_target_workbook,4038,21,2022,CREDIT-5F38B36D73D0,1829,,True,0
SRC-RAW-F2D81E85CD1326E9ABF9,POWER,not_selected_for_target,,absence_from_expert_target_workbook,4039,21,2022,CREDIT-F9D82D60496C,1351,,True,1
SRC-RAW-085C4E17126D861BBD8F,POWER,not_selected_for_target,,absence_from_expert_target_workbook,4040,21,2022,ORG-819B50FE4D30,1819,,True,0
SRC-RAW-E258D3EAA65B0B2F2FE1,POWER,not_selected_for_target,,absence_from_expert_target_workbook,4041,22,2022,ORG-819B50FE4D30,1819,,True,0
SRC-RAW-18919BD2B17E258716DC,POWER,not_selected_for_target,,absence_from_expert_target_workbook,4042,23,2022,ORG-819B50FE4D30,1819,,True,0
SRC-RAW-ABED7A65F2C7D1F64203,POWER,not_selected_for_target,,absence_from_expert_target_workbook,4043,21,2022,CREDIT-4CD63DD1F44A,1819,,True,1
SRC-RAW-D8B4062ABE2FF777978E,POWER,not_selected_for_target,,absence_from_expert_target_workbook,4044,22,2022,CREDIT-4CD63DD1F44A,1819,,True,1
SRC-RAW-5D32AE2BC4E56B3C1A78,POWER,not_selected_for_target,,absence_from_expert_target_workbook,4045,23,2022,CREDIT-4CD63DD1F44A,1819,,True,1
SRC-RAW-CA0A763E34A095E9EFE6,POWER,not_selected_for_target,,absence_from_expert_target_workbook,4046,24,2022,CREDIT-4CD63DD1F44A,1819,,True,1
SRC-RAW-FCEF7C750F89C047C10F,POWER,not_selected_for_target,,absence_from_expert_target_workbook,4047,25,2022,CREDIT-4CD63DD1F44A,1819,,True,1
SRC-RAW-1597D7192B91928C567C,POWER,not_selected_for_target,,absence_from_expert_target_workbook,4048,26,2022,CREDIT-4CD63DD1F44A,1819,,True,1
SRC-RAW-518A0EB0CBF1A6CD4F08,POWER,not_selected_for_target,,absence_from_expert_target_workbook,4049,21,2022,CREDIT-D05008E8D7B5,1529,,True,2
SRC-RAW-C307B9438A7003D96F28,POWER,not_selected_for_target,,absence_from_expert_target_workbook,4050,22,2022,CREDIT-D05008E8D7B5,1529,,True,2
SRC-RAW-3CAA12EEABB13F71BEE9,POWER,not_selected_for_target,,absence_from_expert_target_workbook,4051,21,2022,CREDIT-BD5B19C01767,1352,,True,1
SRC-RAW-0C312A4EA2E22E53B8D0,POWER,include,305,canonical_expert_scope_order,4052,11,2022,CREDIT-0265A61AC1D3,4411,燃煤锅炉,True,3
SRC-RAW-D754FE900ADCABAF2D31,POWER,include,306,canonical_expert_scope_order,4053,12,2022,CREDIT-0265A61AC1D3,4411,燃煤锅炉,True,3
SRC-RAW-05EC067D132C6EC05F10,POWER,not_selected_for_target,,absence_from_expert_target_workbook,4054,21,2022,CREDIT-C69AACB363E9,3021,,True,1
SRC-RAW-FFB0E7437D9F08C1F929,POWER,not_selected_for_target,,absence_from_expert_target_workbook,4055,21,2022,CREDIT-6437210A57D6,3021,,True,1
SRC-RAW-953D6BC6E01CC5EF3556,POWER,not_selected_for_target,,absence_from_expert_target_workbook,4056,21,2022,CREDIT-BC8DDA91DD7C,1431,,True,1
SRC-RAW-F31A7A5192DFDA2A4ADF,POWER,not_selected_for_target,,absence_from_expert_target_workbook,4057,22,2022,CREDIT-BC8DDA91DD7C,1431,,True,1
SRC-RAW-1C1F2A0C622268CF2ED0,POWER,not_selected_for_target,,absence_from_expert_target_workbook,4058,21,2022,CREDIT-CCA69D65F22D,2021,,True,1
SRC-RAW-0FBCF5F3AA6D6D0BBD6D,POWER,not_selected_for_target,,absence_from_expert_target_workbook,4059,21,2022,CREDIT-6402CCBB0B4B,2710,,True,1
SRC-RAW-54FCEBC1A0E7EFF2B073,POWER,not_selected_for_target,,absence_from_expert_target_workbook,4060,21,2022,CREDIT-68D0DD692A01,3029,,True,1
SRC-RAW-1037E52C697EB6CCE3E0,POWER,not_selected_for_target,,absence_from_expert_target_workbook,4061,21,2022,CREDIT-6E5FE6B0936A,2029,,True,7
SRC-RAW-28C025C19C003327A085,POWER,not_selected_for_target,,absence_from_expert_target_workbook,4062,21,2022,CREDIT-D0283C739748,3099,,True,2
SRC-RAW-728FC7518876112004D5,POWER,not_selected_for_target,,absence_from_expert_target_workbook,4063,21,2022,CREDIT-20CD186189D0,3099,,True,2
SRC-RAW-ED4B6607335ABCC8DE40,POWER,not_selected_for_target,,absence_from_expert_target_workbook,4064,21,2022,CREDIT-00FA600E4E16,3031,,True,1
SRC-RAW-EBDC3250A90849451A6D,POWER,not_selected_for_target,,absence_from_expert_target_workbook,4065,21,2022,CREDIT-649A7324DD49,3099,,True,4
SRC-RAW-7DFFD694C7B5B4F656CF,POWER,include,307,canonical_expert_scope_order,4066,11,2022,CREDIT-3553F47DEB0A,2921,燃气锅炉,True,1
SRC-RAW-80220A53588C41C3D95F,POWER,not_selected_for_target,,absence_from_expert_target_workbook,4067,21,2022,CREDIT-A00F5FE6F346,3099,,True,5
SRC-RAW-FE2F78FD90A8FBE90072,POWER,not_selected_for_target,,absence_from_expert_target_workbook,4068,21,2022,CREDIT-75FDAE345397,3099,,True,6
SRC-RAW-FF36B60FA049ECD848DD,POWER,not_selected_for_target,,absence_from_expert_target_workbook,4069,21,2022,CREDIT-63286A880732,3099,,True,2
SRC-RAW-ACD197D7CFB14A292B2E,POWER,not_selected_for_target,,absence_from_expert_target_workbook,4070,21,2022,CREDIT-8A8FB9FC7242,3031,,True,1
SRC-RAW-8F61560CE814856DEAEB,POWER,not_selected_for_target,,absence_from_expert_target_workbook,4071,21,2022,CREDIT-E6CB574CE995,3252,,True,0
SRC-RAW-7E697AF077FE388F3F99,POWER,not_selected_for_target,,absence_from_expert_target_workbook,4072,21,2022,CREDIT-9CF0E4E1B98D,1521,,True,1
SRC-RAW-A7BDE2B062AF293C8956,POWER,not_selected_for_target,,absence_from_expert_target_workbook,4073,21,2022,CREDIT-C292D76B511D,1431,,True,0
SRC-RAW-AFB00C54F51DFBB04DD6,POWER,not_selected_for_target,,absence_from_expert_target_workbook,4074,22,2022,CREDIT-C292D76B511D,1431,,True,0
SRC-RAW-DD868350CF7F78528A71,POWER,include,308,canonical_expert_scope_order,4075,11,2022,CREDIT-1ABED05D885C,3041,余热利用锅炉,True,9
SRC-RAW-028CC8C1288566508CEA,POWER,include,309,canonical_expert_scope_order,4076,12,2022,CREDIT-1ABED05D885C,3041,余热利用锅炉,True,9
SRC-RAW-FF35FCD5B7C97FCA5DA2,POWER,not_selected_for_target,,absence_from_expert_target_workbook,4077,21,2022,CREDIT-BC0139993EDC,1433,,True,1
SRC-RAW-60831A0838E5948B1385,POWER,not_selected_for_target,,absence_from_expert_target_workbook,4078,21,2022,CREDIT-0D94BEACBC31,1752,,True,1
SRC-RAW-F2E6920DCCF0B8148FE5,POWER,not_selected_for_target,,absence_from_expert_target_workbook,4079,21,2022,CREDIT-2012EB0F56B6,2929,,True,4
SRC-RAW-691542AE2A23EC2AAD8E,POWER,not_selected_for_target,,absence_from_expert_target_workbook,4080,22,2022,CREDIT-2012EB0F56B6,2929,,True,4
SRC-RAW-56F2FF7F2F4F51C83263,POWER,not_selected_for_target,,absence_from_expert_target_workbook,4081,21,2022,ORG-600D9C3FF420,1431,,True,1
SRC-RAW-9316531E09411817D2FA,POWER,not_selected_for_target,,absence_from_expert_target_workbook,4082,21,2022,CREDIT-8D1225E8810A,1352,,True,0
SRC-RAW-A8A36AC7C2A5167BE30A,POWER,not_selected_for_target,,absence_from_expert_target_workbook,4083,21,2022,CREDIT-0F323A2BA5B2,1329,,True,6
SRC-RAW-7546F8C7D520AA961B52,POWER,not_selected_for_target,,absence_from_expert_target_workbook,4084,22,2022,CREDIT-0F323A2BA5B2,1329,,True,6
SRC-RAW-F27CCA22277C2B144E2C,POWER,not_selected_for_target,,absence_from_expert_target_workbook,4085,21,2022,CREDIT-93A7EF750EF9,1329,,True,2
SRC-RAW-6C417D043D5F355A46FF,POWER,not_selected_for_target,,absence_from_expert_target_workbook,4086,21,2022,CREDIT-DE42E3A1AB59,1499,,True,2
SRC-RAW-11E54B4B44FDCDB53A59,POWER,not_selected_for_target,,absence_from_expert_target_workbook,4087,21,2022,CREDIT-7952021A07C7,2740,,True,1
SRC-RAW-57FCAD7CBB4DD9E42BA4,POWER,not_selected_for_target,,absence_from_expert_target_workbook,4088,21,2022,CREDIT-AF3B290EED0C,4220,,True,1
SRC-RAW-10A13A1E06AB380CB6A7,POWER,not_selected_for_target,,absence_from_expert_target_workbook,4089,21,2022,CREDIT-8A582EA06E54,3021,,True,2
SRC-RAW-D374030AB2314D664E08,POWER,not_selected_for_target,,absence_from_expert_target_workbook,4090,22,2022,CREDIT-8A582EA06E54,3021,,True,2
SRC-RAW-129F135EBADEDAB59D1A,POWER,not_selected_for_target,,absence_from_expert_target_workbook,4091,21,2022,CREDIT-F07293955D53,1329,,True,2
SRC-RAW-EB2B235B7BC9DC74CF4D,POWER,not_selected_for_target,,absence_from_expert_target_workbook,4092,22,2022,CREDIT-F07293955D53,1329,,True,2
SRC-RAW-08295FAC2B0B58D5B46C,POWER,not_selected_for_target,,absence_from_expert_target_workbook,4093,21,2022,CREDIT-7886F13D1DD9,3389,,True,2
SRC-RAW-7BA704BF6F91004BD76A,POWER,not_selected_for_target,,absence_from_expert_target_workbook,4094,21,2022,CREDIT-92F2F410C5D0,1910,,True,1
SRC-RAW-DFEB03B84F6D6B549DC6,POWER,not_selected_for_target,,absence_from_expert_target_workbook,4095,21,2022,CREDIT-B982C3D2A8A4,3389,,True,1
SRC-RAW-9E3007275EE615732365,POWER,not_selected_for_target,,absence_from_expert_target_workbook,4096,21,2022,CREDIT-C2B3E563D6BA,1830,,True,1
SRC-RAW-5AF417DAD7D9C2ADB1A6,POWER,not_selected_for_target,,absence_from_expert_target_workbook,4097,21,2022,CREDIT-6A52DBBA2290,2022,,True,1
SRC-RAW-06559C1528FD9583174C,POWER,not_selected_for_target,,absence_from_expert_target_workbook,4098,21,2022,CREDIT-CA2B1C7D128F,1713,,True,1
SRC-RAW-E05DBE99EF6D3F68C70E,POWER,not_selected_for_target,,absence_from_expert_target_workbook,4099,21,2022,CREDIT-442DA4391A51,1469,,True,0
SRC-RAW-BC4DE9A9512A7AE57926,POWER,not_selected_for_target,,absence_from_expert_target_workbook,4100,21,2022,CREDIT-E4EC35C81D0A,1329,,True,3
SRC-RAW-B55C4CA8F394B9DB1698,POWER,not_selected_for_target,,absence_from_expert_target_workbook,4101,22,2022,CREDIT-E4EC35C81D0A,1329,,True,3
SRC-RAW-EEA73E6C58A50A95BCA5,POWER,not_selected_for_target,,absence_from_expert_target_workbook,4102,23,2022,CREDIT-E4EC35C81D0A,1329,,True,3
SRC-RAW-67C206280F4FE0046AEE,POWER,not_selected_for_target,,absence_from_expert_target_workbook,4103,21,2022,CREDIT-41E653A0BF1B,2319,,True,2
SRC-RAW-57EA62FCA4857BF430C3,POWER,not_selected_for_target,,absence_from_expert_target_workbook,4104,21,2022,CREDIT-96FD82A8A3A9,1362,,True,1
SRC-RAW-E2367662EC1D50F1C001,POWER,not_selected_for_target,,absence_from_expert_target_workbook,4105,21,2022,CREDIT-D82615880392,1329,,True,1
SRC-RAW-ACF079645B7F475AACC0,POWER,not_selected_for_target,,absence_from_expert_target_workbook,4106,21,2022,CREDIT-9FA9CF5B1D93,1329,,True,1
SRC-RAW-2412B332F64DC0E1EC18,POWER,not_selected_for_target,,absence_from_expert_target_workbook,4107,21,2022,CREDIT-1D2B136C4944,1830,,True,5
SRC-RAW-56FFD5E22D66E6292965,POWER,not_selected_for_target,,absence_from_expert_target_workbook,4108,21,2022,CREDIT-E1E28D17A33A,1329,,True,0
SRC-RAW-FCF28A0E6751182AEF64,POWER,not_selected_for_target,,absence_from_expert_target_workbook,4109,22,2022,CREDIT-E1E28D17A33A,1329,,True,0
SRC-RAW-69FBCB63B9D86A2B35C0,POWER,not_selected_for_target,,absence_from_expert_target_workbook,4110,21,2022,CREDIT-7C298FDEA919,1830,,True,2
SRC-RAW-966655D8C012AA333B62,POWER,not_selected_for_target,,absence_from_expert_target_workbook,4111,21,2022,CREDIT-FA86C7B7021E,1329,,True,1
SRC-RAW-87131147FFC99E503705,POWER,not_selected_for_target,,absence_from_expert_target_workbook,4112,21,2022,CREDIT-0FF51EADA85F,1329,,True,1
SRC-RAW-D4572E2B07FC911E6C1A,POWER,not_selected_for_target,,absence_from_expert_target_workbook,4113,21,2022,CREDIT-2C454A832228,1361,,True,1
SRC-RAW-28006D9B72F41142F017,POWER,not_selected_for_target,,absence_from_expert_target_workbook,4114,21,2022,CREDIT-16366B92A5F8,1362,,True,1
SRC-RAW-C2BE736B5CB2FADAA9BC,POWER,include,310,canonical_expert_scope_order,4115,11,2022,CREDIT-F27692DB2A76,1331,燃煤锅炉,True,3
SRC-RAW-B9E45D40CF107BE471AB,POWER,not_selected_for_target,,absence_from_expert_target_workbook,4116,21,2022,CREDIT-F27692DB2A76,1331,,True,3
SRC-RAW-53B5837DAD8F9F15017F,POWER,not_selected_for_target,,absence_from_expert_target_workbook,4117,21,2022,CREDIT-4624819AAC8E,4430,,True,0
SRC-RAW-4BC4FFE0F212251429F2,POWER,not_selected_for_target,,absence_from_expert_target_workbook,4118,21,2022,CREDIT-AB93F304651C,1371,,True,1
SRC-RAW-4A8F10E9A5CBDEDA2F24,POWER,not_selected_for_target,,absence_from_expert_target_workbook,4119,21,2022,CREDIT-380C5AAA665A,3360,,True,2
SRC-RAW-BACB2D54D687F631C798,POWER,not_selected_for_target,,absence_from_expert_target_workbook,4120,21,2022,CREDIT-9139274987A0,2662,,True,2
SRC-RAW-96840E5801D721030E8D,POWER,not_selected_for_target,,absence_from_expert_target_workbook,4121,21,2022,CREDIT-96EA17212B14,1713,,True,1
SRC-RAW-247DEFAF2DC05C394359,POWER,not_selected_for_target,,absence_from_expert_target_workbook,4122,21,2022,CREDIT-19AFA7771F17,2039,,True,2
SRC-RAW-1203345CDA190F29000A,POWER,not_selected_for_target,,absence_from_expert_target_workbook,4123,21,2022,CREDIT-0442CC255F2E,3389,,True,2
SRC-RAW-308362E74FCB6F4841B5,POWER,not_selected_for_target,,absence_from_expert_target_workbook,4124,22,2022,CREDIT-0442CC255F2E,3389,,True,2
SRC-RAW-332C83E317C3A4D513C9,POWER,not_selected_for_target,,absence_from_expert_target_workbook,4125,21,2022,CREDIT-D06F60EC59C1,4220,,True,6
SRC-RAW-13B1766844EC5478C05B,POWER,not_selected_for_target,,absence_from_expert_target_workbook,4126,21,2022,CREDIT-2705B0AE67DB,1351,,True,1
SRC-RAW-AFFEAACCBDE9660E445E,POWER,not_selected_for_target,,absence_from_expert_target_workbook,4127,21,2022,CREDIT-DF6A548AE968,1499,,True,1
SRC-RAW-3B3C96AD61C4AFA3F650,POWER,not_selected_for_target,,absence_from_expert_target_workbook,4128,22,2022,CREDIT-DF6A548AE968,1499,,True,1
SRC-RAW-F47CE6470E054794B782,POWER,not_selected_for_target,,absence_from_expert_target_workbook,4129,21,2022,CREDIT-8DBA37245F40,1513,,True,1
SRC-RAW-A8F5DEDCDED1B328F355,POWER,not_selected_for_target,,absence_from_expert_target_workbook,4130,21,2022,CREDIT-C2189369B763,2022,,True,1
SRC-RAW-CE62BC1C811530ED827F,POWER,not_selected_for_target,,absence_from_expert_target_workbook,4131,21,2022,CREDIT-0CE94D17622A,2231,,True,1
SRC-RAW-72B220328E568B392487,POWER,not_selected_for_target,,absence_from_expert_target_workbook,4132,21,2022,CREDIT-7D74F097F217,1830,,True,1
SRC-RAW-F21610157AF0303F2443,POWER,not_selected_for_target,,absence_from_expert_target_workbook,4133,21,2022,CREDIT-6FD3EA62587A,1713,,True,1
SRC-RAW-4029A0649D80BED3A8AE,POWER,not_selected_for_target,,absence_from_expert_target_workbook,4134,22,2022,CREDIT-6FD3EA62587A,1713,,True,1
SRC-RAW-BB003C10C44FBF8129AB,POWER,not_selected_for_target,,absence_from_expert_target_workbook,4135,23,2022,CREDIT-6FD3EA62587A,1713,,True,1
SRC-RAW-BA802AB490ADBC8D182D,POWER,not_selected_for_target,,absence_from_expert_target_workbook,4136,24,2022,CREDIT-6FD3EA62587A,1713,,True,1
SRC-RAW-5C72661470C194EB1DAE,POWER,not_selected_for_target,,absence_from_expert_target_workbook,4137,21,2022,CREDIT-F6B4E79B016C,1819,,True,1
SRC-RAW-36E19DAF60FBAC319264,POWER,not_selected_for_target,,absence_from_expert_target_workbook,4138,21,2022,CREDIT-B8B1A2CA0BBB,4190,,True,1
SRC-RAW-6E44A635583305FB9660,POWER,not_selected_for_target,,absence_from_expert_target_workbook,4139,21,2022,CREDIT-3A3BB2253FB6,3029,,True,1
SRC-RAW-6EDD16EA4CE3DF539411,POWER,not_selected_for_target,,absence_from_expert_target_workbook,4140,21,2022,CREDIT-47108CD265E3,1361,,True,0
SRC-RAW-45F5D81674F9B5BCB0BE,POWER,not_selected_for_target,,absence_from_expert_target_workbook,4141,22,2022,CREDIT-47108CD265E3,1361,,True,0
SRC-RAW-B932E96AC1F9B4FB2EB4,POWER,not_selected_for_target,,absence_from_expert_target_workbook,4142,21,2022,CREDIT-A4E95D50644E,2924,,True,1
SRC-RAW-B9447A49D51F3109D6F9,POWER,not_selected_for_target,,absence_from_expert_target_workbook,4143,21,2022,CREDIT-140B3339B5DC,1462,,True,3
SRC-RAW-204B9276957F39BDC2B7,POWER,not_selected_for_target,,absence_from_expert_target_workbook,4144,22,2022,CREDIT-140B3339B5DC,1462,,True,3
SRC-RAW-11477B8E3447367312EA,POWER,not_selected_for_target,,absence_from_expert_target_workbook,4145,21,2022,CREDIT-1EE0F8A12DE7,1361,,True,1
SRC-RAW-F5CEF197FA5015DFDBDF,POWER,not_selected_for_target,,absence_from_expert_target_workbook,4146,21,2022,CREDIT-01AED9779892,1519,,True,1
SRC-RAW-025DC4469A5FDDA07CF8,POWER,not_selected_for_target,,absence_from_expert_target_workbook,4147,21,2022,CREDIT-732CD0BD7DAA,3021,,True,3
SRC-RAW-00533932A04254ABB991,POWER,include,311,canonical_expert_scope_order,4148,11,2022,CREDIT-F06216C437B5,4411,燃煤锅炉,True,3
SRC-RAW-13051E02DF7384D16801,POWER,include,312,canonical_expert_scope_order,4149,12,2022,CREDIT-F06216C437B5,4411,燃煤锅炉,True,3
SRC-RAW-2E82EF5A72E3F09D05B5,POWER,include,313,canonical_expert_scope_order,4150,13,2022,CREDIT-F06216C437B5,4411,燃煤锅炉,True,3
SRC-RAW-5AD903B74FD95A0CB085,POWER,include,314,canonical_expert_scope_order,4151,14,2022,CREDIT-F06216C437B5,4411,燃煤锅炉,True,3
SRC-RAW-CE34D434EBB7A964698E,POWER,include,315,canonical_expert_scope_order,4152,15,2022,CREDIT-F06216C437B5,4411,燃煤锅炉,True,3
SRC-RAW-3896CD0BD2F11CDF01C1,POWER,include,316,canonical_expert_scope_order,4153,16,2022,CREDIT-F06216C437B5,4411,燃煤锅炉,True,3
SRC-RAW-1B4881D977EE2ADDA491,POWER,not_selected_for_target,,absence_from_expert_target_workbook,4154,21,2022,CREDIT-98114965C215,1499,,True,2
SRC-RAW-F92D77C605782DB22F70,POWER,not_selected_for_target,,absence_from_expert_target_workbook,4155,21,2022,CREDIT-71A71C9FFD6A,1329,,True,0
SRC-RAW-2AF08F238DF8F8400429,POWER,not_selected_for_target,,absence_from_expert_target_workbook,4156,21,2022,CREDIT-E1D5CC6BDE7C,1469,,True,0
SRC-RAW-FE26685F69E80D55717B,POWER,not_selected_for_target,,absence_from_expert_target_workbook,4157,21,2022,CREDIT-277232E31B41,1329,,True,2
SRC-RAW-3B20521D0AC3503824DA,POWER,not_selected_for_target,,absence_from_expert_target_workbook,4158,21,2022,CREDIT-4B70331C0C24,1469,,True,0
SRC-RAW-066928FB98DEC25CAB6E,POWER,not_selected_for_target,,absence_from_expert_target_workbook,4159,22,2022,CREDIT-4B70331C0C24,1469,,True,0
SRC-RAW-DFD06267F3E172E6803B,POWER,not_selected_for_target,,absence_from_expert_target_workbook,4160,21,2022,CREDIT-B2A97C1BF8A5,2049,,True,0
SRC-RAW-3710F9FE02BBF8927B98,POWER,not_selected_for_target,,absence_from_expert_target_workbook,4161,21,2022,CREDIT-D7D6550FD43E,3011,,True,2
SRC-RAW-342F853EC7503E87A9F4,POWER,not_selected_for_target,,absence_from_expert_target_workbook,4162,21,2022,CREDIT-12AA7B8B51FC,1512,,True,1
SRC-RAW-C7871EE0D7C55F2FCA07,POWER,include,317,canonical_expert_scope_order,4163,11,2022,CREDIT-DA4009C55BB1,3391,燃气锅炉,True,5
SRC-RAW-6B18AF1F101F47D764FA,POWER,not_selected_for_target,,absence_from_expert_target_workbook,4164,21,2022,CREDIT-2949A1D70E3D,2221,,True,1
SRC-RAW-AE7B4509136016638F9B,POWER,include,318,canonical_expert_scope_order,4165,11,2022,CREDIT-A454564422BF,3130,燃气锅炉,True,2
SRC-RAW-020ACE31FC3AE6AD8C1E,POWER,include,319,canonical_expert_scope_order,4166,12,2022,CREDIT-A454564422BF,3130,燃气锅炉,True,2
SRC-RAW-8BA6C0021F1DACE6673F,POWER,include,320,canonical_expert_scope_order,4167,13,2022,CREDIT-A454564422BF,3130,燃气锅炉,True,2
SRC-RAW-38B1BEC2FB26872ECDB6,POWER,include,321,canonical_expert_scope_order,4168,14,2022,CREDIT-A454564422BF,3130,,True,2
SRC-RAW-5AFC754D2EF9765B598E,POWER,not_selected_for_target,,absence_from_expert_target_workbook,4169,21,2022,CREDIT-7F52CA88A60A,2221,,True,1
SRC-RAW-BF4FEC482CE9EE57B20E,POWER,not_selected_for_target,,absence_from_expert_target_workbook,4170,21,2022,CREDIT-AEBE8CBB302B,3031,,True,2
SRC-RAW-B0E54AECFEA8BF561D90,POWER,not_selected_for_target,,absence_from_expert_target_workbook,4171,21,2022,CREDIT-592A54249423,2221,,True,1
SRC-RAW-0A3DA610ABE9F7879F4A,POWER,not_selected_for_target,,absence_from_expert_target_workbook,4172,21,2022,CREDIT-8411C67B17A9,2239,,True,1
SRC-RAW-05F6F1235A84940AABDB,POWER,not_selected_for_target,,absence_from_expert_target_workbook,4173,21,2022,CREDIT-7B09D1CEDA81,2221,,True,1
SRC-RAW-BDFF93EDAF38A17F5277,POWER,not_selected_for_target,,absence_from_expert_target_workbook,4174,21,2022,CREDIT-22A0AAB5759A,1752,,True,1
SRC-RAW-BD2E2268CD1958B3D643,POWER,not_selected_for_target,,absence_from_expert_target_workbook,4175,21,2022,CREDIT-1EF7F34BEF9F,2221,,True,3
SRC-RAW-0F89FBDA8BDBAB5CBB68,POWER,not_selected_for_target,,absence_from_expert_target_workbook,4176,21,2022,CREDIT-A04A6DF78356,2740,,True,1
SRC-RAW-18E163A217CF0B5594F3,POWER,not_selected_for_target,,absence_from_expert_target_workbook,4177,21,2022,CREDIT-43D434ABD8C8,2312,,True,1
SRC-RAW-8D703D7D5DEF62F189F8,POWER,not_selected_for_target,,absence_from_expert_target_workbook,4178,21,2022,CREDIT-88C916E5D267,2022,,True,1
SRC-RAW-E8428428262257F4C865,POWER,not_selected_for_target,,absence_from_expert_target_workbook,4179,21,2022,CREDIT-54904D581F57,2619,,True,2
SRC-RAW-41C09A8414270FC9E312,POWER,not_selected_for_target,,absence_from_expert_target_workbook,4180,22,2022,CREDIT-54904D581F57,2619,,True,2
SRC-RAW-8E7F1CA184A6A18D9477,POWER,not_selected_for_target,,absence_from_expert_target_workbook,4181,21,2022,CREDIT-2D33ECD350E9,2221,,True,2
SRC-RAW-6830D62F6C0243A02E4C,POWER,not_selected_for_target,,absence_from_expert_target_workbook,4182,21,2022,CREDIT-652588545938,1492,,True,1
SRC-RAW-3342690726DCB1331B57,POWER,not_selected_for_target,,absence_from_expert_target_workbook,4183,21,2022,CREDIT-AFCF776A3515,1830,,True,1
SRC-RAW-77C849D849CCC8DE6397,POWER,not_selected_for_target,,absence_from_expert_target_workbook,4184,21,2022,CREDIT-F2AB87E2D7BD,3392,,True,1
SRC-RAW-5F4D3EC1AE40843FD548,POWER,not_selected_for_target,,absence_from_expert_target_workbook,4185,22,2022,CREDIT-F2AB87E2D7BD,3392,,True,1
SRC-RAW-4429B2ABC9ECA0F3B37D,POWER,not_selected_for_target,,absence_from_expert_target_workbook,4186,23,2022,CREDIT-F2AB87E2D7BD,3392,,True,1
SRC-RAW-1B28FECB5613162B45CE,POWER,not_selected_for_target,,absence_from_expert_target_workbook,4187,21,2022,CREDIT-D0236C7B7F13,2021,,True,3
SRC-RAW-3E9A967CF533BF5F6EA6,POWER,not_selected_for_target,,absence_from_expert_target_workbook,4188,22,2022,CREDIT-D0236C7B7F13,2021,,True,3
SRC-RAW-32D5CD42D21E9AB6FE99,POWER,not_selected_for_target,,absence_from_expert_target_workbook,4189,23,2022,CREDIT-D0236C7B7F13,2021,,True,3
SRC-RAW-5B085945BEF295AF4316,POWER,not_selected_for_target,,absence_from_expert_target_workbook,4190,21,2022,CREDIT-C353BA2F757E,2021,,True,2
SRC-RAW-FC14BF94CAF077C0CE30,POWER,not_selected_for_target,,absence_from_expert_target_workbook,4191,21,2022,CREDIT-54E2EE969B31,1340,,True,0
SRC-RAW-B1F1C1E743C912A9F498,POWER,not_selected_for_target,,absence_from_expert_target_workbook,4192,21,2022,CREDIT-7602E6C133DA,1512,,True,0
SRC-RAW-BB3FA8DEC05791369602,POWER,not_selected_for_target,,absence_from_expert_target_workbook,4193,22,2022,CREDIT-7602E6C133DA,1512,,True,0
SRC-RAW-B53CD0C28F400BAC487A,POWER,not_selected_for_target,,absence_from_expert_target_workbook,4194,21,2022,CREDIT-F683B15DA624,3099,,True,1
SRC-RAW-368D7FB388A0298032FA,POWER,not_selected_for_target,,absence_from_expert_target_workbook,4195,11,2022,CREDIT-B9962C1694E5,4417,燃气轮机,True,0
SRC-RAW-D25AD20A8B56B767D243,POWER,not_selected_for_target,,absence_from_expert_target_workbook,4196,12,2022,CREDIT-B9962C1694E5,4417,燃气轮机,True,0
SRC-RAW-BAC8D072C1CFEEEBFC98,POWER,not_selected_for_target,,absence_from_expert_target_workbook,4197,13,2022,CREDIT-B9962C1694E5,4417,燃气轮机,True,0
SRC-RAW-46C69BBEFC26F7AFD383,POWER,not_selected_for_target,,absence_from_expert_target_workbook,4198,14,2022,CREDIT-B9962C1694E5,4417,燃气轮机,True,0
SRC-RAW-8D3BA033908316F5E829,POWER,not_selected_for_target,,absence_from_expert_target_workbook,4199,15,2022,CREDIT-B9962C1694E5,4417,燃气轮机,True,0
SRC-RAW-57D9282FF4DB93DA0B28,POWER,not_selected_for_target,,absence_from_expert_target_workbook,4200,21,2022,CREDIT-BC6D7F3F5547,2929,,True,4
SRC-RAW-86D92D6F395BAB605153,POWER,not_selected_for_target,,absence_from_expert_target_workbook,4201,21,2022,CREDIT-637E4FA941AD,1713,,True,2
SRC-RAW-85C6A2F253D792E965A9,POWER,not_selected_for_target,,absence_from_expert_target_workbook,4202,21,2022,CREDIT-6099A9FBFA88,2682,,True,0
SRC-RAW-56650747D46EE4CA4DA2,POWER,not_selected_for_target,,absence_from_expert_target_workbook,4203,21,2022,CREDIT-896401651716,2661,,True,1
SRC-RAW-36BD396B6242DE29D5A6,POWER,not_selected_for_target,,absence_from_expert_target_workbook,4204,21,2022,ORG-59452D4D5AE2,2669,,True,1
SRC-RAW-A08139FC4EC4BBBF2BC3,POWER,not_selected_for_target,,absence_from_expert_target_workbook,4205,21,2022,CREDIT-F8C268BC0A87,1353,,True,1
SRC-RAW-F61961A88E202DAB0AD2,POWER,not_selected_for_target,,absence_from_expert_target_workbook,4206,21,2022,CREDIT-D2B514DBF270,2925,,True,1
SRC-RAW-44BE7D6FFF6F7D4D0527,POWER,not_selected_for_target,,absence_from_expert_target_workbook,4207,21,2022,CREDIT-97DCB6630CB2,2924,,True,1
SRC-RAW-F78F433665860063DCC0,POWER,not_selected_for_target,,absence_from_expert_target_workbook,4208,21,2022,CREDIT-39DCB5641E88,2925,,True,0
SRC-RAW-9096CF8924F6A6C72E0C,POWER,not_selected_for_target,,absence_from_expert_target_workbook,4209,21,2022,CREDIT-FB449481CB76,2925,,True,6
SRC-RAW-318DC61D993E49CBA722,POWER,not_selected_for_target,,absence_from_expert_target_workbook,4210,21,2022,CREDIT-E1B67B6188A5,2925,,True,1
SRC-RAW-8BC913E199EF76710FB4,POWER,not_selected_for_target,,absence_from_expert_target_workbook,4211,21,2022,CREDIT-93D303E39F4E,1910,,True,1
SRC-RAW-84257714B61F0C15839A,POWER,not_selected_for_target,,absence_from_expert_target_workbook,4212,22,2022,CREDIT-93D303E39F4E,1910,,True,1
SRC-RAW-2D0EDE6D8D1BCDB4E1A1,POWER,not_selected_for_target,,absence_from_expert_target_workbook,4213,21,2022,CREDIT-FA0CF2CCB948,2761,,True,6
SRC-RAW-4F91660298C58C3B28E7,POWER,not_selected_for_target,,absence_from_expert_target_workbook,4214,22,2022,CREDIT-FA0CF2CCB948,2761,,True,6
SRC-RAW-4AA981F5CBF2B1DC0EF0,POWER,not_selected_for_target,,absence_from_expert_target_workbook,4215,23,2022,CREDIT-FA0CF2CCB948,2761,,True,6
SRC-RAW-9BD4849B5ACEEB6E68C7,POWER,not_selected_for_target,,absence_from_expert_target_workbook,4216,21,2022,CREDIT-AD5B87E8734F,2925,,True,1
SRC-RAW-202419D94C8869154A80,POWER,not_selected_for_target,,absence_from_expert_target_workbook,4217,21,2022,ORG-0F36EEF836A3,2614,,True,0
SRC-RAW-8B3170E9D35242331AC5,POWER,not_selected_for_target,,absence_from_expert_target_workbook,4218,21,2022,CREDIT-CBB1FFB650B0,2614,,True,2
SRC-RAW-9A53F1496C4AA9E0633B,POWER,not_selected_for_target,,absence_from_expert_target_workbook,4219,21,2022,CREDIT-521EB3446827,3021,,True,2
SRC-RAW-58D0F83DAAAAE0919299,POWER,not_selected_for_target,,absence_from_expert_target_workbook,4220,22,2022,CREDIT-521EB3446827,3021,,True,2
SRC-RAW-5406B83673914F3FA854,POWER,not_selected_for_target,,absence_from_expert_target_workbook,4221,21,2022,ORG-94EA424FDF41,3031,,True,4
SRC-RAW-710B0E09A7888FD03909,POWER,not_selected_for_target,,absence_from_expert_target_workbook,4222,21,2022,CREDIT-0B0F0AB06B06,1752,,True,2
SRC-RAW-483F93150D2DBDDD17FC,POWER,not_selected_for_target,,absence_from_expert_target_workbook,4223,21,2022,ORG-A37E2AAAC9C9,2641,,True,0
SRC-RAW-0CB60526317D6E8E2B66,POWER,not_selected_for_target,,absence_from_expert_target_workbook,4224,21,2022,CREDIT-C6501A244B64,2925,,True,10
SRC-RAW-4D74D83D3A78DC079B81,POWER,not_selected_for_target,,absence_from_expert_target_workbook,4225,22,2022,CREDIT-C6501A244B64,2925,,True,10
SRC-RAW-4120209A63E548828F7C,POWER,not_selected_for_target,,absence_from_expert_target_workbook,4226,23,2022,CREDIT-C6501A244B64,2925,,True,10
SRC-RAW-9F1F39831D08E2D0FEA4,POWER,not_selected_for_target,,absence_from_expert_target_workbook,4227,24,2022,CREDIT-C6501A244B64,2925,,True,10
SRC-RAW-551F0ECE7B0327B063C5,POWER,not_selected_for_target,,absence_from_expert_target_workbook,4228,25,2022,CREDIT-C6501A244B64,2925,,True,10
SRC-RAW-E58AF6C95B4A70C07797,POWER,not_selected_for_target,,absence_from_expert_target_workbook,4229,21,2022,CREDIT-0FC9D3E6C9AB,1441,,True,0
SRC-RAW-E8CD9FB44879B4BDB01F,POWER,not_selected_for_target,,absence_from_expert_target_workbook,4230,21,2022,CREDIT-B398644C58C2,2651,,True,2
SRC-RAW-47572C405BD18B9D2235,POWER,not_selected_for_target,,absence_from_expert_target_workbook,4231,21,2022,CREDIT-AB273A2753E2,2661,,True,0
SRC-RAW-39304672C41BB5777B27,POWER,not_selected_for_target,,absence_from_expert_target_workbook,4232,21,2022,CREDIT-956E6BCCF6CA,2022,,True,1
SRC-RAW-AB08AAD2BBFED9AD702C,POWER,not_selected_for_target,,absence_from_expert_target_workbook,4233,21,2022,CREDIT-5E8CF0E5F358,1713,,True,2
SRC-RAW-CC987C659A700AD22133,POWER,not_selected_for_target,,absence_from_expert_target_workbook,4234,22,2022,CREDIT-5E8CF0E5F358,1713,,True,2
SRC-RAW-B0619F72915436C328AB,POWER,not_selected_for_target,,absence_from_expert_target_workbook,4235,21,2022,CREDIT-18760767590A,1713,,True,1
SRC-RAW-6C3D93A564D4443A1CDB,POWER,not_selected_for_target,,absence_from_expert_target_workbook,4236,21,2022,CREDIT-7A6DF3399852,1819,,True,1
SRC-RAW-D595E5D7DC275E696236,POWER,not_selected_for_target,,absence_from_expert_target_workbook,4237,21,2022,CREDIT-39AD485CE330,2925,,True,11
SRC-RAW-2F0645EEDD86B39E7FD6,POWER,not_selected_for_target,,absence_from_expert_target_workbook,4238,22,2022,CREDIT-39AD485CE330,2925,,True,11
SRC-RAW-A6AC1C419E404AAB5C3B,POWER,not_selected_for_target,,absence_from_expert_target_workbook,4239,21,2022,CREDIT-8A9E3B31C782,4190,,True,2
SRC-RAW-C11B060FF371EF84341B,POWER,not_selected_for_target,,absence_from_expert_target_workbook,4240,21,2022,ORG-E01D11F9F747,3843,,True,1
SRC-RAW-42641097AF253E1615D3,POWER,not_selected_for_target,,absence_from_expert_target_workbook,4241,21,2022,CREDIT-5B3F2A844FB7,2911,,True,5
SRC-RAW-F4542B8FB8254D8AA570,POWER,not_selected_for_target,,absence_from_expert_target_workbook,4242,21,2022,CREDIT-AA6CAE55D28F,2641,,True,2
SRC-RAW-26C8BF5EA440B6A43E6D,POWER,not_selected_for_target,,absence_from_expert_target_workbook,4243,21,2022,CREDIT-4787D1F581CA,2924,,True,3
SRC-RAW-95ADE5B9BB02C62FFB94,POWER,not_selected_for_target,,absence_from_expert_target_workbook,4244,21,2022,CREDIT-A2E084A82CFE,3061,,True,2
SRC-RAW-0121B5602E28A3313A92,POWER,not_selected_for_target,,absence_from_expert_target_workbook,4245,21,2022,CREDIT-BE1C364B736B,3982,,True,9
SRC-RAW-1A7416B593E4F2D1EE56,POWER,not_selected_for_target,,absence_from_expert_target_workbook,4246,21,2022,CREDIT-6E373B3E8B10,4430,,True,0
SRC-RAW-E3072B8F8C47C7FFC18A,POWER,not_selected_for_target,,absence_from_expert_target_workbook,4247,22,2022,CREDIT-6E373B3E8B10,4430,,True,0
SRC-RAW-4D45D4350F1B4E9C09C3,POWER,not_selected_for_target,,absence_from_expert_target_workbook,4248,21,2022,CREDIT-F71ADA11C596,3211,,True,2
SRC-RAW-2FE94DE7F727D940DEE8,POWER,not_selected_for_target,,absence_from_expert_target_workbook,4249,22,2022,CREDIT-F71ADA11C596,3211,,True,2
SRC-RAW-F2955CCD88C233AD1C5C,POWER,not_selected_for_target,,absence_from_expert_target_workbook,4250,21,2022,CREDIT-3B1878E1E393,2912,,True,1
SRC-RAW-01D9AB2CDF4A1670CD27,POWER,not_selected_for_target,,absence_from_expert_target_workbook,4251,21,2022,ORG-F8B5F8EA65A2,1910,,True,0
SRC-RAW-DE6CF0F339F6A281C8E7,POWER,not_selected_for_target,,absence_from_expert_target_workbook,4252,21,2022,CREDIT-05F7A3B06BE3,1929,,True,0
SRC-RAW-FF4FDD3FE6D694ABFB68,POWER,not_selected_for_target,,absence_from_expert_target_workbook,4253,22,2022,CREDIT-05F7A3B06BE3,1929,,True,0
SRC-RAW-14C9DB656F37F9BAB492,POWER,not_selected_for_target,,absence_from_expert_target_workbook,4254,23,2022,CREDIT-05F7A3B06BE3,1929,,True,0
SRC-RAW-EF9AA0E4ECFE0E125DE0,POWER,not_selected_for_target,,absence_from_expert_target_workbook,4255,21,2022,CREDIT-591F3F07A63B,2651,,True,1
SRC-RAW-76B58836535B9B0D5F34,POWER,not_selected_for_target,,absence_from_expert_target_workbook,4256,21,2022,CREDIT-E20F10CE3A31,2762,,True,2
SRC-RAW-9F7C018D9F308C895486,POWER,not_selected_for_target,,absence_from_expert_target_workbook,4257,21,2022,CREDIT-B3D73AA4DA3E,2925,,True,0
SRC-RAW-8C7EE0722C1D117A4BCC,POWER,not_selected_for_target,,absence_from_expert_target_workbook,4258,21,2022,CREDIT-82DDA33518A3,2929,,True,12
SRC-RAW-1FBE1106E95C47686EE2,POWER,not_selected_for_target,,absence_from_expert_target_workbook,4259,21,2022,CREDIT-4F6B6C163736,2720,,True,0
SRC-RAW-33C76623DC2D62A0B005,POWER,not_selected_for_target,,absence_from_expert_target_workbook,4260,22,2022,CREDIT-4F6B6C163736,2720,,True,0
SRC-RAW-820B679ABEF8EE9BB1C0,POWER,not_selected_for_target,,absence_from_expert_target_workbook,4261,21,2022,CREDIT-CD7A54AC4914,2641,,True,2
SRC-RAW-96B4DCAD693CACAFDDB0,POWER,not_selected_for_target,,absence_from_expert_target_workbook,4262,21,2022,CREDIT-97967D6C42EA,2822,,True,2
SRC-RAW-69BE425FB14237D14D4F,POWER,not_selected_for_target,,absence_from_expert_target_workbook,4263,21,2022,CREDIT-7F5DF49A9827,2925,,True,5
SRC-RAW-BCA92445D612DD2A747A,POWER,not_selected_for_target,,absence_from_expert_target_workbook,4264,21,2022,CREDIT-4EDD8D681D3B,1352,,True,1
SRC-RAW-61716C82811D73C883C0,POWER,not_selected_for_target,,absence_from_expert_target_workbook,4265,22,2022,CREDIT-4EDD8D681D3B,1352,,True,1
SRC-RAW-26DEDB3969C398E2B1FF,POWER,not_selected_for_target,,absence_from_expert_target_workbook,4266,21,2022,CREDIT-9C8995BAEBCD,2661,,True,0
SRC-RAW-B489222605488C21FC3D,POWER,not_selected_for_target,,absence_from_expert_target_workbook,4267,21,2022,CREDIT-B7ED5ACB195F,1372,,True,4
SRC-RAW-78D3BC298F6AC43A9719,POWER,not_selected_for_target,,absence_from_expert_target_workbook,4268,22,2022,CREDIT-B7ED5ACB195F,1372,,True,4
SRC-RAW-40EE6F46F56109589876,POWER,not_selected_for_target,,absence_from_expert_target_workbook,4269,21,2022,ORG-79F8E6CC31B6,1953,,True,2
SRC-RAW-AF828E9FE765DD8EDEB2,POWER,not_selected_for_target,,absence_from_expert_target_workbook,4270,21,2022,CREDIT-C8C14C480687,2643,,True,4
SRC-RAW-B244EBAFC805C7C14817,POWER,not_selected_for_target,,absence_from_expert_target_workbook,4271,22,2022,CREDIT-C8C14C480687,2643,,True,4
SRC-RAW-E699A566BA0C2AE488C2,POWER,not_selected_for_target,,absence_from_expert_target_workbook,4272,21,2022,ORG-6AB06F1C81B9,1529,,True,1
SRC-RAW-8609D61ABDBC02DD79DF,POWER,not_selected_for_target,,absence_from_expert_target_workbook,4273,21,2022,CREDIT-BFB131140148,1752,,True,3
SRC-RAW-09C6CCAF8D6A8EDED319,POWER,not_selected_for_target,,absence_from_expert_target_workbook,4274,21,2022,CREDIT-B9D57C95255C,2661,,True,1
SRC-RAW-8898856972BCAB6DB4E8,POWER,not_selected_for_target,,absence_from_expert_target_workbook,4275,21,2022,CREDIT-E3D3C44AB2BD,3033,,True,1
SRC-RAW-6BBB6246129B49B9361A,POWER,not_selected_for_target,,absence_from_expert_target_workbook,4276,21,2022,CREDIT-D65C7F67861E,1752,,True,4
SRC-RAW-A3FC89857B3DA6406DD0,POWER,not_selected_for_target,,absence_from_expert_target_workbook,4277,21,2022,CREDIT-9234D030E50C,2661,,True,0
SRC-RAW-F914A616C8E55FEF753E,POWER,not_selected_for_target,,absence_from_expert_target_workbook,4278,21,2022,CREDIT-BB421B3697A1,2022,,True,6
SRC-RAW-117B6B78C90DA85F3121,POWER,not_selected_for_target,,absence_from_expert_target_workbook,4279,21,2022,CREDIT-263B0B06EB40,1959,,True,32
SRC-RAW-EEB8D640797C27A781C5,POWER,not_selected_for_target,,absence_from_expert_target_workbook,4280,22,2022,CREDIT-263B0B06EB40,1959,,True,32
SRC-RAW-BC0F03727CF8B2A2F2A0,POWER,not_selected_for_target,,absence_from_expert_target_workbook,4281,21,2022,CREDIT-B621EBAABC54,3219,,True,4
SRC-RAW-C374A27CA6F611F35974,POWER,not_selected_for_target,,absence_from_expert_target_workbook,4282,22,2022,CREDIT-B621EBAABC54,3219,,True,4
SRC-RAW-CE9833E122537558B8B4,POWER,not_selected_for_target,,absence_from_expert_target_workbook,4283,23,2022,CREDIT-B621EBAABC54,3219,,True,4
SRC-RAW-7CCB6E696613130D76D7,POWER,not_selected_for_target,,absence_from_expert_target_workbook,4284,21,2022,CREDIT-7239CA601A82,1959,,True,8
SRC-RAW-0FBF1AE64486BC41E2E2,POWER,not_selected_for_target,,absence_from_expert_target_workbook,4285,22,2022,CREDIT-7239CA601A82,1959,,True,8
SRC-RAW-73E4E4285CE8E22F1836,POWER,not_selected_for_target,,absence_from_expert_target_workbook,4286,21,2022,CREDIT-D595A81CCAC7,3211,,True,3
SRC-RAW-8A2155AB0C0925900357,POWER,not_selected_for_target,,absence_from_expert_target_workbook,4287,21,2022,CREDIT-D6875E0D4B10,1713,,True,1
SRC-RAW-D9E37F4156943AA47187,POWER,not_selected_for_target,,absence_from_expert_target_workbook,4288,21,2022,CREDIT-940EE7D1D0A5,2661,,True,1
SRC-RAW-C0F7F4B28DF812E60FBA,POWER,not_selected_for_target,,absence_from_expert_target_workbook,4289,21,2022,CREDIT-1D0761255DE8,1329,,True,2
SRC-RAW-82E86066753F19EEADF3,POWER,not_selected_for_target,,absence_from_expert_target_workbook,4290,21,2022,CREDIT-6D5395D77FAF,1329,,True,1
SRC-RAW-4FEA934F8F98FC5589B9,POWER,not_selected_for_target,,absence_from_expert_target_workbook,4291,21,2022,CREDIT-C2CC50A713CE,2021,,True,0
SRC-RAW-41263A134690B5867249,POWER,not_selected_for_target,,absence_from_expert_target_workbook,4292,22,2022,CREDIT-C2CC50A713CE,2021,,True,0
SRC-RAW-6246BE15DB6A063E12E1,POWER,not_selected_for_target,,absence_from_expert_target_workbook,4293,23,2022,CREDIT-C2CC50A713CE,2021,,True,0
SRC-RAW-0895632A86EED5D40752,POWER,not_selected_for_target,,absence_from_expert_target_workbook,4294,21,2022,CREDIT-C0399052E29A,1329,,True,0
SRC-RAW-978E78DC0AC5A1A82FE9,POWER,not_selected_for_target,,absence_from_expert_target_workbook,4295,21,2022,CREDIT-B5D2A40B2891,2021,,True,2
SRC-RAW-C16414F3F027F3E52E2B,POWER,not_selected_for_target,,absence_from_expert_target_workbook,4296,22,2022,CREDIT-B5D2A40B2891,2021,,True,2
SRC-RAW-FFB2E4B9038109A5C3DF,POWER,not_selected_for_target,,absence_from_expert_target_workbook,4297,23,2022,CREDIT-B5D2A40B2891,2021,,True,2
SRC-RAW-30176F7B6938ADFEBE23,POWER,not_selected_for_target,,absence_from_expert_target_workbook,4298,21,2022,CREDIT-973F658554EF,4520,,True,5
SRC-RAW-228287CEAB7F44D7EA64,POWER,not_selected_for_target,,absence_from_expert_target_workbook,4299,22,2022,CREDIT-973F658554EF,4520,,True,5
SRC-RAW-BAD4C61295079E328A75,POWER,not_selected_for_target,,absence_from_expert_target_workbook,4300,23,2022,CREDIT-973F658554EF,4520,,True,5
SRC-RAW-7B4BC8539352DD563012,POWER,not_selected_for_target,,absence_from_expert_target_workbook,4301,21,2022,CREDIT-9E105AC4DA92,4430,,True,2
SRC-RAW-39F79DE3E1F2B10AD763,POWER,not_selected_for_target,,absence_from_expert_target_workbook,4302,22,2022,CREDIT-9E105AC4DA92,4430,,True,2
SRC-RAW-179DE2302B7639EA7357,POWER,not_selected_for_target,,absence_from_expert_target_workbook,4303,23,2022,CREDIT-9E105AC4DA92,4430,,True,2
SRC-RAW-3C2BFE2821CAF6CED5D7,POWER,not_selected_for_target,,absence_from_expert_target_workbook,4304,24,2022,CREDIT-9E105AC4DA92,4430,,True,2
SRC-RAW-368E6E56A5EF575C661A,POWER,not_selected_for_target,,absence_from_expert_target_workbook,4305,21,2022,CREDIT-5AC66211677D,1329,,True,2
SRC-RAW-3EB376C5BB9CE6B86B22,POWER,not_selected_for_target,,absence_from_expert_target_workbook,4306,22,2022,CREDIT-5AC66211677D,1329,,True,2
SRC-RAW-CF8FB41A911B44A04E24,POWER,not_selected_for_target,,absence_from_expert_target_workbook,4307,21,2022,CREDIT-61B81AA4F985,3021,,True,2
SRC-RAW-D5C7085FD645AD7428D7,POWER,not_selected_for_target,,absence_from_expert_target_workbook,4308,21,2022,CREDIT-7BF5851C3140,2927,,True,6
SRC-RAW-38FE208766B1AB83868A,POWER,not_selected_for_target,,absence_from_expert_target_workbook,4309,21,2022,CREDIT-52495C660080,3333,,True,3
SRC-RAW-1DF4565635A9C550810E,POWER,not_selected_for_target,,absence_from_expert_target_workbook,4310,21,2022,CREDIT-F1005076583E,1529,,True,1
SRC-RAW-BF0837CDD836C0EF322B,POWER,not_selected_for_target,,absence_from_expert_target_workbook,4311,22,2022,CREDIT-F1005076583E,1529,,True,1
SRC-RAW-91FD04B171830099D450,POWER,not_selected_for_target,,absence_from_expert_target_workbook,4312,21,2022,CREDIT-6C920CFC7520,3464,,True,0
SRC-RAW-1BB88A51E2EF7D2A85F3,POWER,not_selected_for_target,,absence_from_expert_target_workbook,4313,21,2022,CREDIT-C7A9EB3544B2,3251,,True,3
SRC-RAW-92298738751CA446F7FC,POWER,not_selected_for_target,,absence_from_expert_target_workbook,4314,22,2022,CREDIT-C7A9EB3544B2,3251,,True,3
SRC-RAW-CABDFDEAF8733EAD625C,POWER,not_selected_for_target,,absence_from_expert_target_workbook,4315,21,2022,CREDIT-0BBFADD97E4A,1713,,True,7
SRC-RAW-160282C53287E4BC8DD3,POWER,not_selected_for_target,,absence_from_expert_target_workbook,4316,22,2022,CREDIT-0BBFADD97E4A,1713,,True,7
SRC-RAW-D990A4C88131D6C7DE52,POWER,not_selected_for_target,,absence_from_expert_target_workbook,4317,23,2022,CREDIT-0BBFADD97E4A,1713,,True,7
SRC-RAW-B7E708DF866D48239EEC,POWER,not_selected_for_target,,absence_from_expert_target_workbook,4318,24,2022,CREDIT-0BBFADD97E4A,1713,,True,7
SRC-RAW-8AF6D32E41945CB0B717,POWER,not_selected_for_target,,absence_from_expert_target_workbook,4319,25,2022,CREDIT-0BBFADD97E4A,1713,,True,7
SRC-RAW-B186FE87FB747B3754C6,POWER,not_selected_for_target,,absence_from_expert_target_workbook,4320,21,2022,CREDIT-2690B36BAC93,1529,,True,2
SRC-RAW-E64D8F17B7357640302C,POWER,not_selected_for_target,,absence_from_expert_target_workbook,4321,22,2022,CREDIT-2690B36BAC93,1529,,True,2
SRC-RAW-FC36C2551BC36BAC742B,POWER,not_selected_for_target,,absence_from_expert_target_workbook,4322,21,2022,CREDIT-B42C763B49FF,3985,,True,3
SRC-RAW-AE084D5862E254C8BDD7,POWER,not_selected_for_target,,absence_from_expert_target_workbook,4323,21,2022,CREDIT-7004414E1AE3,3985,,True,2
SRC-RAW-C5108CDCAE2E015825C7,POWER,not_selected_for_target,,absence_from_expert_target_workbook,4324,22,2022,CREDIT-7004414E1AE3,3985,,True,2
SRC-RAW-E348BB5E105793A1C4B3,POWER,not_selected_for_target,,absence_from_expert_target_workbook,4325,23,2022,CREDIT-7004414E1AE3,3985,,True,2
SRC-RAW-D7B908699C56CDB87422,POWER,not_selected_for_target,,absence_from_expert_target_workbook,4326,24,2022,CREDIT-7004414E1AE3,3985,,True,2
SRC-RAW-1EC1B3A7BDEBCBDC0B18,POWER,not_selected_for_target,,absence_from_expert_target_workbook,4327,21,2022,CREDIT-2E48EFFB274F,1752,,True,2
SRC-RAW-B6BC009B5BBFD59FD425,POWER,not_selected_for_target,,absence_from_expert_target_workbook,4328,21,2022,CREDIT-5C5A047B5C48,2929,,True,3
SRC-RAW-555AC0E83B21D681E350,POWER,not_selected_for_target,,absence_from_expert_target_workbook,4329,21,2022,CREDIT-DC08916C1DD8,1713,,True,3
SRC-RAW-9BB4071A4F3FCB9C5BCD,POWER,not_selected_for_target,,absence_from_expert_target_workbook,4330,21,2022,CREDIT-6850399A0367,2645,,True,1
SRC-RAW-B86236186E12F46DFB97,POWER,not_selected_for_target,,absence_from_expert_target_workbook,4331,21,2022,CREDIT-89AD17D9C555,1723,,True,3
SRC-RAW-1C9F4318707277E8E2CA,POWER,not_selected_for_target,,absence_from_expert_target_workbook,4332,22,2022,CREDIT-89AD17D9C555,1723,,True,3
SRC-RAW-C01D2FC1F4300560D675,POWER,not_selected_for_target,,absence_from_expert_target_workbook,4333,23,2022,CREDIT-89AD17D9C555,1723,,True,3
SRC-RAW-638885D6514352378C6A,POWER,not_selected_for_target,,absence_from_expert_target_workbook,4334,21,2022,CREDIT-DC99D3188307,3021,,True,1
SRC-RAW-237F304F694BC6F0B2B3,POWER,not_selected_for_target,,absence_from_expert_target_workbook,4335,21,2022,CREDIT-89034D811315,1462,,True,1
SRC-RAW-1735747D80A155BFEB3F,POWER,not_selected_for_target,,absence_from_expert_target_workbook,4336,21,2022,CREDIT-77139E19EA75,1432,,True,1
SRC-RAW-E0ADFC8E4858D3858711,POWER,not_selected_for_target,,absence_from_expert_target_workbook,4337,11,2022,CREDIT-6E8D6938A415,4417,燃生物质锅炉,True,6
SRC-RAW-440F3ECCAE0DC6816F0D,POWER,not_selected_for_target,,absence_from_expert_target_workbook,4338,12,2022,CREDIT-6E8D6938A415,4417,燃生物质锅炉,True,6
SRC-RAW-567469B6C14722E901FA,POWER,not_selected_for_target,,absence_from_expert_target_workbook,4339,21,2022,CREDIT-77FC92B1E9A2,2021,,True,3
SRC-RAW-98E35115D3320CE87397,POWER,not_selected_for_target,,absence_from_expert_target_workbook,4340,21,2022,CREDIT-7900558EEF4A,1329,,True,0
SRC-RAW-FD4B863F65E402FDD564,POWER,not_selected_for_target,,absence_from_expert_target_workbook,4341,21,2022,CREDIT-88BFC26C6FF2,3031,,True,1
SRC-RAW-865D9817DE80D539D687,POWER,not_selected_for_target,,absence_from_expert_target_workbook,4342,21,2022,CREDIT-1FC5ABCFF013,2613,,True,1
SRC-RAW-542B3513E63154D16D1D,POWER,not_selected_for_target,,absence_from_expert_target_workbook,4343,21,2022,CREDIT-3AEDC2A1F3AA,1469,,True,5
SRC-RAW-02697E2FE98C77B87E94,POWER,not_selected_for_target,,absence_from_expert_target_workbook,4344,22,2022,CREDIT-3AEDC2A1F3AA,1469,,True,5
SRC-RAW-E40ACDE71839A4AE4E29,POWER,not_selected_for_target,,absence_from_expert_target_workbook,4345,21,2022,CREDIT-8532346B5CF1,2613,,True,1
SRC-RAW-373A8E4918264F073404,POWER,not_selected_for_target,,absence_from_expert_target_workbook,4346,21,2022,CREDIT-67ADB539BE06,1512,,True,1
SRC-RAW-4CB5C226695733B6A545,POWER,not_selected_for_target,,absence_from_expert_target_workbook,4347,21,2022,CREDIT-72B0A87D9B00,1392,,True,1
SRC-RAW-3849744CF35680D69899,POWER,not_selected_for_target,,absence_from_expert_target_workbook,4348,21,2022,CREDIT-B261FE078435,2643,,True,2
SRC-RAW-9B1503304022BD8F5271,POWER,not_selected_for_target,,absence_from_expert_target_workbook,4349,21,2022,CREDIT-04403EA93410,2641,,True,3
SRC-RAW-107E66457B290A66896E,POWER,not_selected_for_target,,absence_from_expert_target_workbook,4350,22,2022,CREDIT-04403EA93410,2641,,True,3
SRC-RAW-F2F8DADCB1D987405BE4,POWER,not_selected_for_target,,absence_from_expert_target_workbook,4351,21,2022,CREDIT-6CEF38796704,2614,,True,1
SRC-RAW-378A0F9988A42417514E,POWER,not_selected_for_target,,absence_from_expert_target_workbook,4352,21,2022,CREDIT-C25D8E4E3F84,2641,,True,3
SRC-RAW-AB516FA9110B4F49D108,POWER,not_selected_for_target,,absence_from_expert_target_workbook,4353,21,2022,CREDIT-CF8F98D7DD18,1351,,True,1
SRC-RAW-0C7F63734FD5691ADE31,POWER,not_selected_for_target,,absence_from_expert_target_workbook,4354,21,2022,CREDIT-DC1653BDB66B,1351,,True,1
SRC-RAW-6DF98CE5EF2C12FF9314,POWER,not_selected_for_target,,absence_from_expert_target_workbook,4355,21,2022,CREDIT-C3E8F511C7F5,2925,,True,14
SRC-RAW-D3CD451518F39C158D31,POWER,not_selected_for_target,,absence_from_expert_target_workbook,4356,21,2022,CREDIT-4785170A54B4,2662,,True,2
SRC-RAW-02789BCCC8D9114960B9,POWER,not_selected_for_target,,absence_from_expert_target_workbook,4357,21,2022,CREDIT-55DAE1836AEB,2651,,True,0
SRC-RAW-0490BAAC3E02B5F1FC22,POWER,not_selected_for_target,,absence_from_expert_target_workbook,4358,21,2022,CREDIT-81F98E3A7CC8,2624,,True,2
SRC-RAW-18D7E919F7702C9BE853,POWER,not_selected_for_target,,absence_from_expert_target_workbook,4359,21,2022,CREDIT-8D98757B766C,2922,,True,0
SRC-RAW-986397160354A344E9B5,POWER,not_selected_for_target,,absence_from_expert_target_workbook,4360,21,2022,CREDIT-D70A0D7B0302,2641,,True,2
SRC-RAW-E2617F195B32E35F912D,POWER,not_selected_for_target,,absence_from_expert_target_workbook,4361,21,2022,CREDIT-9980F3268D22,2651,,True,3
SRC-RAW-D5D0170C0A24F1997AD9,POWER,not_selected_for_target,,absence_from_expert_target_workbook,4362,21,2022,CREDIT-286D1FFB3639,2651,,True,5
SRC-RAW-1325ADBEA0D8A1BFF7C7,POWER,not_selected_for_target,,absence_from_expert_target_workbook,4363,21,2022,CREDIT-36E0FFC5CE03,3033,,True,0
SRC-RAW-1FE2FCBBE02A85BCE7CE,POWER,not_selected_for_target,,absence_from_expert_target_workbook,4364,21,2022,CREDIT-A519DA9B6891,3033,,True,1
SRC-RAW-06E55439634124AB5EF1,POWER,not_selected_for_target,,absence_from_expert_target_workbook,4365,21,2022,CREDIT-853DE77A644F,2669,,True,2
SRC-RAW-0017158B48D71BDA30D7,POWER,not_selected_for_target,,absence_from_expert_target_workbook,4366,21,2022,CREDIT-F36E65D09733,3392,,True,0
SRC-RAW-581D9DB0EE9A28238395,POWER,not_selected_for_target,,absence_from_expert_target_workbook,4367,21,2022,CREDIT-D26119BDAF89,2666,,True,1
SRC-RAW-54458C5D1C2B139E9B70,POWER,not_selected_for_target,,absence_from_expert_target_workbook,4368,21,2022,CREDIT-A94B89A2F7D1,1329,,True,1
SRC-RAW-CF1366157DFB87A39579,POWER,not_selected_for_target,,absence_from_expert_target_workbook,4369,21,2022,CREDIT-08F410CED67F,2925,,True,5
SRC-RAW-1809F17B07D351D516C3,POWER,not_selected_for_target,,absence_from_expert_target_workbook,4370,22,2022,CREDIT-08F410CED67F,2925,,True,5
SRC-RAW-D95F9FB0340E632FC61F,POWER,not_selected_for_target,,absence_from_expert_target_workbook,4371,21,2022,CREDIT-089F723C4BE8,2641,,True,1
SRC-RAW-7C1290C7B0BFB34ABEF8,POWER,not_selected_for_target,,absence_from_expert_target_workbook,4372,21,2022,CREDIT-D0BE3F5A12E7,2651,,True,2
SRC-RAW-77DB23F913E94C680EDD,POWER,not_selected_for_target,,absence_from_expert_target_workbook,4373,21,2022,CREDIT-89D72B4F0A10,2651,,True,7
SRC-RAW-A714119231352C3701CC,POWER,include,322,canonical_expert_scope_order,4374,11,2022,CREDIT-5C33F27178C1,3120,其他锅炉,True,22
SRC-RAW-5AD00ACC070C40BA8C57,POWER,not_selected_for_target,,absence_from_expert_target_workbook,4375,21,2022,CREDIT-E0660F8365AD,2641,,True,4
SRC-RAW-E9B025C284FF713353DE,POWER,not_selected_for_target,,absence_from_expert_target_workbook,4376,21,2022,CREDIT-066CB1538412,2614,,True,0
SRC-RAW-F434E28EA134CE062D18,POWER,not_selected_for_target,,absence_from_expert_target_workbook,4377,21,2022,CREDIT-F7B83DC6ADA2,2661,,True,0
SRC-RAW-F16F3E3B477FFFA96A55,POWER,not_selected_for_target,,absence_from_expert_target_workbook,4378,21,2022,CREDIT-10E225254E18,2641,,True,2
SRC-RAW-3B13F65A0E4075722C8F,POWER,not_selected_for_target,,absence_from_expert_target_workbook,4379,21,2022,CREDIT-BAA31D814C6F,2651,,True,3
SRC-RAW-7CB08E19975D23C2E306,POWER,not_selected_for_target,,absence_from_expert_target_workbook,4380,22,2022,CREDIT-BAA31D814C6F,2651,,True,3
SRC-RAW-FEAE12D46BB1021E6727,POWER,not_selected_for_target,,absence_from_expert_target_workbook,4381,21,2022,CREDIT-68E0D921354D,2641,,True,5
SRC-RAW-5EE33DD9C84DBAC1C218,POWER,not_selected_for_target,,absence_from_expert_target_workbook,4382,21,2022,CREDIT-62E7A459BEED,2663,,True,0
SRC-RAW-CF269C27415335EE681D,POWER,not_selected_for_target,,absence_from_expert_target_workbook,4383,22,2022,CREDIT-62E7A459BEED,2663,,True,0
SRC-RAW-34289F2CCB4FE1F7460B,POWER,not_selected_for_target,,absence_from_expert_target_workbook,4384,21,2022,CREDIT-811E95DCAC77,2661,,True,4
SRC-RAW-D99B12B6D615A14FAD66,POWER,not_selected_for_target,,absence_from_expert_target_workbook,4385,21,2022,CREDIT-68B6D6E4330B,1495,,True,2
SRC-RAW-B6C860326E46A79FD296,POWER,not_selected_for_target,,absence_from_expert_target_workbook,4386,22,2022,CREDIT-68B6D6E4330B,1495,,True,2
SRC-RAW-476B23B7AFF52F0D0172,POWER,not_selected_for_target,,absence_from_expert_target_workbook,4387,21,2022,CREDIT-6E3838793DE2,2641,,True,3
SRC-RAW-96F89BB14FF518ACFB9B,POWER,not_selected_for_target,,absence_from_expert_target_workbook,4388,21,2022,CREDIT-5C0B24BC5E5B,2651,,True,2
SRC-RAW-32F4561AA7523CA7DE45,POWER,not_selected_for_target,,absence_from_expert_target_workbook,4389,22,2022,CREDIT-5C0B24BC5E5B,2651,,True,2
SRC-RAW-728F1913DAFA8D7EE084,POWER,not_selected_for_target,,absence_from_expert_target_workbook,4390,21,2022,CREDIT-9E94FA94690A,3211,,True,1
SRC-RAW-6977CEB5139038A34DE0,POWER,not_selected_for_target,,absence_from_expert_target_workbook,4391,21,2022,CREDIT-BD5F0DAD6F1A,3034,,True,6
SRC-RAW-D487B573FE4C1AF26DA6,POWER,not_selected_for_target,,absence_from_expert_target_workbook,4392,21,2022,CREDIT-CD7076F71149,1371,,True,1
SRC-RAW-1B2C8C33FC9957FBB380,POWER,not_selected_for_target,,absence_from_expert_target_workbook,4393,21,2022,CREDIT-7F8ED2A123B8,2641,,True,2
SRC-RAW-A53044EE4F60A3001211,POWER,not_selected_for_target,,absence_from_expert_target_workbook,4394,21,2022,CREDIT-3606FEEB3786,2922,,True,1
SRC-RAW-15AC39CACC27615608A5,POWER,not_selected_for_target,,absence_from_expert_target_workbook,4395,21,2022,CREDIT-3144FC3D6D46,2641,,True,10
SRC-RAW-E7C8354552BDBDDEDB95,POWER,not_selected_for_target,,absence_from_expert_target_workbook,4396,22,2022,CREDIT-3144FC3D6D46,2641,,True,10
SRC-RAW-E99F31494EE0DD7DC9A5,POWER,not_selected_for_target,,absence_from_expert_target_workbook,4397,21,2022,CREDIT-594AD5D8055B,2641,,True,2
SRC-RAW-566D22952252E2C6F352,POWER,not_selected_for_target,,absence_from_expert_target_workbook,4398,21,2022,CREDIT-6A639DC194CF,1713,,True,3
SRC-RAW-E4CEDC445F1ABD161EF4,POWER,not_selected_for_target,,absence_from_expert_target_workbook,4399,21,2022,CREDIT-710384B70D7C,2641,,True,2
SRC-RAW-8C43AA9999C88217A877,POWER,not_selected_for_target,,absence_from_expert_target_workbook,4400,22,2022,CREDIT-710384B70D7C,2641,,True,2
SRC-RAW-624B911436998F4906D6,POWER,not_selected_for_target,,absence_from_expert_target_workbook,4401,21,2022,CREDIT-5786BB4A3AC3,2619,,True,1
SRC-RAW-08AB7700E376A1350283,POWER,not_selected_for_target,,absence_from_expert_target_workbook,4402,21,2022,CREDIT-E93678DB8468,1525,,True,2
SRC-RAW-E6FACE2232B1B2CBB651,POWER,not_selected_for_target,,absence_from_expert_target_workbook,4403,21,2022,CREDIT-7DF369FB1620,3213,,True,0
SRC-RAW-B144ABD92C793897B636,POWER,not_selected_for_target,,absence_from_expert_target_workbook,4404,22,2022,CREDIT-7DF369FB1620,3213,,True,0
SRC-RAW-B5F7C431E14116826BBB,POWER,not_selected_for_target,,absence_from_expert_target_workbook,4405,21,2022,CREDIT-23D4726ABBA2,2631,,True,8
SRC-RAW-4BD8DA8006C9946F2D7D,POWER,not_selected_for_target,,absence_from_expert_target_workbook,4406,22,2022,CREDIT-23D4726ABBA2,2631,,True,8
SRC-RAW-C570CD2EAB42876D5C20,POWER,not_selected_for_target,,absence_from_expert_target_workbook,4407,21,2022,CREDIT-6CC75AC6E177,1340,,True,4
SRC-RAW-A4076ED63C2D9486E78B,POWER,not_selected_for_target,,absence_from_expert_target_workbook,4408,22,2022,CREDIT-6CC75AC6E177,1340,,True,4
SRC-RAW-C920002958236F8CEC7E,POWER,not_selected_for_target,,absence_from_expert_target_workbook,4409,21,2022,CREDIT-1E742281C1F1,1752,,True,2
SRC-RAW-3DC8FBA6AF4B7E98D47D,POWER,not_selected_for_target,,absence_from_expert_target_workbook,4410,21,2022,CREDIT-F2BAEF377A92,1741,,True,1
SRC-RAW-CEF447937020A306DEB9,POWER,not_selected_for_target,,absence_from_expert_target_workbook,4411,21,2022,CREDIT-8871DB710E38,2614,,True,2
SRC-RAW-48EC88DCAB198382370E,POWER,not_selected_for_target,,absence_from_expert_target_workbook,4412,21,2022,CREDIT-5ED633641AFE,1713,,True,3
SRC-RAW-4025592753DA85EF7DF1,POWER,not_selected_for_target,,absence_from_expert_target_workbook,4413,22,2022,CREDIT-5ED633641AFE,1713,,True,3
SRC-RAW-C4F7D42DB91219DE905C,POWER,not_selected_for_target,,absence_from_expert_target_workbook,4414,23,2022,CREDIT-5ED633641AFE,1713,,True,3
SRC-RAW-DAF125EAE9DF77C295A7,POWER,not_selected_for_target,,absence_from_expert_target_workbook,4415,21,2022,CREDIT-8438C24D2822,3039,,True,0
SRC-RAW-7676DCFD83534C580468,POWER,not_selected_for_target,,absence_from_expert_target_workbook,4416,21,2022,CREDIT-C88D99A8E1D6,3031,,True,0
SRC-RAW-6258359054B6F82FB16A,POWER,not_selected_for_target,,absence_from_expert_target_workbook,4417,21,2022,CREDIT-D7079511C7CA,2641,,True,2
SRC-RAW-D019D5FE0A2FB083A271,POWER,not_selected_for_target,,absence_from_expert_target_workbook,4418,21,2022,CREDIT-C841F0CCBCD0,2662,,True,2
SRC-RAW-82119310428DC8DF3F0A,POWER,include,323,canonical_expert_scope_order,4419,11,2022,CREDIT-ADB969E6C3C8,4412,燃气锅炉,True,2
SRC-RAW-68D0B4013C99C4CD0171,POWER,include,324,canonical_expert_scope_order,4420,12,2022,CREDIT-ADB969E6C3C8,4412,燃气锅炉,True,2
SRC-RAW-D8418E63C24DD4262209,POWER,not_selected_for_target,,absence_from_expert_target_workbook,4421,21,2022,ORG-00F076ED9904,2029,,True,1
SRC-RAW-D3DFCE6419ABCB43AF1F,POWER,not_selected_for_target,,absence_from_expert_target_workbook,4422,21,2022,CREDIT-D62758CDB439,1469,,True,2
SRC-RAW-E58348F1FE5F86BF03BC,POWER,not_selected_for_target,,absence_from_expert_target_workbook,4423,21,2022,CREDIT-58F1718B97FC,2651,,True,2
SRC-RAW-177FD00257652B5476F8,POWER,not_selected_for_target,,absence_from_expert_target_workbook,4424,21,2022,CREDIT-C591D0E11F24,2925,,True,5
SRC-RAW-8917622DBFA5CD075805,POWER,not_selected_for_target,,absence_from_expert_target_workbook,4425,21,2022,CREDIT-5154261018EF,2613,,True,3
SRC-RAW-60F51185D1AF15D52801,POWER,not_selected_for_target,,absence_from_expert_target_workbook,4426,21,2022,CREDIT-CA6EFF895ADD,1329,,True,0
SRC-RAW-0ADD776327A78030758D,POWER,not_selected_for_target,,absence_from_expert_target_workbook,4427,22,2022,CREDIT-CA6EFF895ADD,1329,,True,0
SRC-RAW-112558671E36FAB5E1CF,POWER,not_selected_for_target,,absence_from_expert_target_workbook,4428,21,2022,CREDIT-E417D0CC5DD7,2613,,True,4
SRC-RAW-2412BC857088A56969EE,POWER,not_selected_for_target,,absence_from_expert_target_workbook,4429,21,2022,CREDIT-6206915A8877,2641,,True,2
SRC-RAW-91620BE2B44685C1C55F,POWER,not_selected_for_target,,absence_from_expert_target_workbook,4430,21,2022,CREDIT-F533181CB126,3099,,True,1
SRC-RAW-9959AA4A0F89584856E2,POWER,not_selected_for_target,,absence_from_expert_target_workbook,4431,21,2022,CREDIT-90787439663F,2221,,True,1
SRC-RAW-F23D2AF8B938FF62D7A6,POWER,not_selected_for_target,,absence_from_expert_target_workbook,4432,21,2022,CREDIT-FE414EEDA581,3985,,True,3
SRC-RAW-F7434B6724EF06966D1C,POWER,not_selected_for_target,,absence_from_expert_target_workbook,4433,22,2022,CREDIT-FE414EEDA581,3985,,True,3
SRC-RAW-9E084D0AE14ED7F886A8,POWER,not_selected_for_target,,absence_from_expert_target_workbook,4434,21,2022,CREDIT-BB3BE908FAE8,1392,,True,0
SRC-RAW-DCE0AC2AE66EE542A009,POWER,not_selected_for_target,,absence_from_expert_target_workbook,4435,21,2022,CREDIT-4B685A3BB9E2,2925,,True,3
SRC-RAW-A4E76861B8A9DBD3119A,POWER,not_selected_for_target,,absence_from_expert_target_workbook,4436,21,2022,CREDIT-71068540EF12,2925,,True,12
SRC-RAW-544168DF6C6C3143EDE7,POWER,not_selected_for_target,,absence_from_expert_target_workbook,4437,21,2022,CREDIT-5973D7513B71,2925,,True,3
SRC-RAW-8A52B7E5ABDC8F96B7D2,POWER,not_selected_for_target,,absence_from_expert_target_workbook,4438,21,2022,CREDIT-EAE7EC87C29D,2925,,True,2
SRC-RAW-18480588224FDE048156,POWER,not_selected_for_target,,absence_from_expert_target_workbook,4439,21,2022,CREDIT-4676895A18B0,2925,,True,5
SRC-RAW-3AABAD1AD13CF298D763,POWER,not_selected_for_target,,absence_from_expert_target_workbook,4440,21,2022,CREDIT-805EEE554238,1351,,True,2
SRC-RAW-ADB75F878B30A514B388,POWER,not_selected_for_target,,absence_from_expert_target_workbook,4441,22,2022,CREDIT-805EEE554238,1351,,True,2
SRC-RAW-41842B71471AFC2B36A2,POWER,include,325,canonical_expert_scope_order,4442,11,2022,CREDIT-D56E0FD8B8F6,4411,燃气轮机,True,2
SRC-RAW-1CE9A3E08D2C3E61ADF5,POWER,include,326,canonical_expert_scope_order,4443,12,2022,CREDIT-D56E0FD8B8F6,4411,燃气轮机,True,2
SRC-RAW-1156C8A82BE921EABAEF,POWER,not_selected_for_target,,absence_from_expert_target_workbook,4444,21,2022,CREDIT-FF75195A8707,3982,,True,3
SRC-RAW-437BC51C90297A6E9696,POWER,not_selected_for_target,,absence_from_expert_target_workbook,4445,22,2022,CREDIT-FF75195A8707,3982,,True,3
SRC-RAW-98505049E8DDE3B976E1,POWER,not_selected_for_target,,absence_from_expert_target_workbook,4446,21,2022,CREDIT-3C0E50E07A0B,1352,,True,1
SRC-RAW-D40C6895942CBD25AB26,POWER,not_selected_for_target,,absence_from_expert_target_workbook,4447,22,2022,CREDIT-3C0E50E07A0B,1352,,True,1
SRC-RAW-F1614FAC9E61196C209A,POWER,not_selected_for_target,,absence_from_expert_target_workbook,4448,23,2022,CREDIT-3C0E50E07A0B,1352,,True,1
SRC-RAW-979B88F4FD8A843751A0,POWER,not_selected_for_target,,absence_from_expert_target_workbook,4449,24,2022,CREDIT-3C0E50E07A0B,1352,,True,1
SRC-RAW-6753F865CA4ED8E8C7F7,POWER,not_selected_for_target,,absence_from_expert_target_workbook,4450,21,2022,CREDIT-5A8817A10223,3899,,True,5
SRC-RAW-F68CCA08C468E71A5F62,POWER,not_selected_for_target,,absence_from_expert_target_workbook,4451,21,2022,CREDIT-F273CCE9D7FD,3982,,True,1
SRC-RAW-A0372DE6BD72CDCED68C,POWER,not_selected_for_target,,absence_from_expert_target_workbook,4452,21,2022,CREDIT-BFD771297905,3399,,True,0
SRC-RAW-39DD1CA8C27CD4DF3D08,POWER,not_selected_for_target,,absence_from_expert_target_workbook,4453,22,2022,CREDIT-BFD771297905,3399,,True,0
SRC-RAW-1956480C1A535958881F,POWER,not_selected_for_target,,absence_from_expert_target_workbook,4454,21,2022,CREDIT-D62537CD1BE0,1495,,True,0
SRC-RAW-502340E0253639A76C43,POWER,not_selected_for_target,,absence_from_expert_target_workbook,4455,22,2022,CREDIT-D62537CD1BE0,1495,,True,0
SRC-RAW-7D17B0B311225BD97BD5,POWER,not_selected_for_target,,absence_from_expert_target_workbook,4456,21,2022,ORG-87639475637F,1523,,True,1
SRC-RAW-BE0E596214E2EC4AEE4C,POWER,not_selected_for_target,,absence_from_expert_target_workbook,4457,21,2022,ORG-B9E13F61E4B0,1763,,True,0
SRC-RAW-AFE601866F51A8AFA14C,POWER,not_selected_for_target,,absence_from_expert_target_workbook,4458,21,2022,CREDIT-DD4B66EF11F9,1761,,True,3
SRC-RAW-2AF8DD41D3B4B0583349,POWER,not_selected_for_target,,absence_from_expert_target_workbook,4459,22,2022,CREDIT-DD4B66EF11F9,1761,,True,3
SRC-RAW-F29AC4C653CC90A910B4,POWER,not_selected_for_target,,absence_from_expert_target_workbook,4460,11,2022,CREDIT-B1FAED0F3A9A,4419,燃生物质锅炉,True,5
SRC-RAW-4F0DB8EE1D2378636A3A,POWER,not_selected_for_target,,absence_from_expert_target_workbook,4461,12,2022,CREDIT-B1FAED0F3A9A,4419,燃生物质锅炉,True,5
SRC-RAW-F25CD710BE7389F3A357,POWER,not_selected_for_target,,absence_from_expert_target_workbook,4462,13,2022,CREDIT-B1FAED0F3A9A,4419,燃生物质锅炉,True,5
SRC-RAW-11A45A205215F279C7A6,POWER,not_selected_for_target,,absence_from_expert_target_workbook,4463,14,2022,CREDIT-B1FAED0F3A9A,4419,燃生物质锅炉,True,5
SRC-RAW-1A5E588FE21A8AE0CAE0,POWER,not_selected_for_target,,absence_from_expert_target_workbook,4464,15,2022,CREDIT-B1FAED0F3A9A,4419,燃生物质锅炉,True,5
SRC-RAW-87716C0E74849E3961EE,POWER,not_selected_for_target,,absence_from_expert_target_workbook,4465,21,2022,CREDIT-D2F5095DC2FC,1432,,True,0
SRC-RAW-FF3BE0593D44F0A7B32C,POWER,not_selected_for_target,,absence_from_expert_target_workbook,4466,21,2022,CREDIT-805B633C5398,2812,,True,1
SRC-RAW-B63B8743B35571F7113F,POWER,not_selected_for_target,,absence_from_expert_target_workbook,4467,21,2022,CREDIT-0E42C76428C6,1431,,True,0
SRC-RAW-5471095FAF3FDB88E699,POWER,not_selected_for_target,,absence_from_expert_target_workbook,4468,21,2022,CREDIT-790922F427E5,1431,,True,0
SRC-RAW-CFB84B109B4D712A6EE4,POWER,not_selected_for_target,,absence_from_expert_target_workbook,4469,21,2022,CREDIT-255C982FD2E7,2319,,True,4
SRC-RAW-968567C43C72F0E8EC36,POWER,include,327,canonical_expert_scope_order,4470,11,2022,CREDIT-9B05DD56C608,2221,燃煤锅炉,True,4
SRC-RAW-027A73A812B833F5B2AD,POWER,not_selected_for_target,,absence_from_expert_target_workbook,4471,21,2022,CREDIT-B42533A95464,1829,,True,0
SRC-RAW-2764B878824035562904,POWER,include,328,canonical_expert_scope_order,4472,11,2022,CREDIT-E1DD999DCAB7,2221,燃煤锅炉,True,2
SRC-RAW-DC7D44874A7DF9C1D655,POWER,include,329,canonical_expert_scope_order,4473,12,2022,CREDIT-E1DD999DCAB7,2221,燃煤锅炉,True,2
SRC-RAW-4EACAA6186F431AB1110,POWER,not_selected_for_target,,absence_from_expert_target_workbook,4474,21,2022,CREDIT-7CFB1E6DD1DA,1819,,True,0
SRC-RAW-18DBF692CFF90D52800B,POWER,not_selected_for_target,,absence_from_expert_target_workbook,4475,21,2022,ORG-DA92262CC505,2919,,True,2
SRC-RAW-E9E4373204BDCA83D694,POWER,not_selected_for_target,,absence_from_expert_target_workbook,4476,21,2022,CREDIT-3C0312166021,1762,,True,1
SRC-RAW-94070BF2FFAE38DF202A,POWER,not_selected_for_target,,absence_from_expert_target_workbook,4477,21,2022,CREDIT-C4AB1C23E6D1,1431,,True,0
SRC-RAW-83F1E436FE46ED370569,POWER,not_selected_for_target,,absence_from_expert_target_workbook,4478,22,2022,CREDIT-C4AB1C23E6D1,1431,,True,0
SRC-RAW-EB61186D3F39DEE0E527,POWER,not_selected_for_target,,absence_from_expert_target_workbook,4479,21,2022,CREDIT-F16A4C804BCC,1722,,True,1
SRC-RAW-44E90CCDFB6F39ACA8F2,POWER,not_selected_for_target,,absence_from_expert_target_workbook,4480,21,2022,CREDIT-654B45B87A20,2689,,True,1
SRC-RAW-D89246BB76FDE4978B29,POWER,not_selected_for_target,,absence_from_expert_target_workbook,4481,21,2022,CREDIT-2A09D2D1F32C,2239,,True,5
SRC-RAW-8A6C99713FB9ADDBD97A,POWER,not_selected_for_target,,absence_from_expert_target_workbook,4482,22,2022,CREDIT-2A09D2D1F32C,2239,,True,5
SRC-RAW-A2BCB4BCC7E8D5C61FA8,POWER,include,330,canonical_expert_scope_order,4483,11,2022,CREDIT-52313161924E,4411,燃气轮机,True,0
SRC-RAW-2D6F8966E7E5F7BA7B08,POWER,not_selected_for_target,,absence_from_expert_target_workbook,4484,21,2022,CREDIT-0260346A8512,3399,,True,6
SRC-RAW-E5C1AC90712441C4142C,POWER,not_selected_for_target,,absence_from_expert_target_workbook,4485,22,2022,CREDIT-0260346A8512,3399,,True,6
SRC-RAW-4ABCD713E320CFE12DC5,POWER,not_selected_for_target,,absence_from_expert_target_workbook,4486,21,2022,CREDIT-C3CCDC1FCD9B,3985,,True,4
SRC-RAW-87578CAEC97445C564A8,POWER,not_selected_for_target,,absence_from_expert_target_workbook,4487,210,2022,CREDIT-C3CCDC1FCD9B,3985,,True,4
SRC-RAW-276B7DE3EA569DE784F4,POWER,not_selected_for_target,,absence_from_expert_target_workbook,4488,211,2022,CREDIT-C3CCDC1FCD9B,3985,,True,4
SRC-RAW-013124F3CE153B4E5949,POWER,not_selected_for_target,,absence_from_expert_target_workbook,4489,212,2022,CREDIT-C3CCDC1FCD9B,3985,,True,4
SRC-RAW-F4F6FB500285A7D59AC7,POWER,not_selected_for_target,,absence_from_expert_target_workbook,4490,213,2022,CREDIT-C3CCDC1FCD9B,3985,,True,4
SRC-RAW-F388E09B8EA5D494CB0D,POWER,not_selected_for_target,,absence_from_expert_target_workbook,4491,214,2022,CREDIT-C3CCDC1FCD9B,3985,,True,4
SRC-RAW-C616020696E845DFE2C7,POWER,not_selected_for_target,,absence_from_expert_target_workbook,4492,215,2022,CREDIT-C3CCDC1FCD9B,3985,,True,4
SRC-RAW-F202B19217D609469FFB,POWER,not_selected_for_target,,absence_from_expert_target_workbook,4493,216,2022,CREDIT-C3CCDC1FCD9B,3985,,True,4
SRC-RAW-700EBFD84381B78CB313,POWER,not_selected_for_target,,absence_from_expert_target_workbook,4494,22,2022,CREDIT-C3CCDC1FCD9B,3985,,True,4
SRC-RAW-B4F48B0B04FFC0611702,POWER,not_selected_for_target,,absence_from_expert_target_workbook,4495,23,2022,CREDIT-C3CCDC1FCD9B,3985,,True,4
SRC-RAW-7D4C7761FFC79A32831B,POWER,not_selected_for_target,,absence_from_expert_target_workbook,4496,24,2022,CREDIT-C3CCDC1FCD9B,3985,,True,4
SRC-RAW-150CA91BC43F27430752,POWER,not_selected_for_target,,absence_from_expert_target_workbook,4497,25,2022,CREDIT-C3CCDC1FCD9B,3985,,True,4
SRC-RAW-7CDE3F50356C13B48575,POWER,not_selected_for_target,,absence_from_expert_target_workbook,4498,26,2022,CREDIT-C3CCDC1FCD9B,3985,,True,4
SRC-RAW-1B2EF6642B2C041F7354,POWER,not_selected_for_target,,absence_from_expert_target_workbook,4499,27,2022,CREDIT-C3CCDC1FCD9B,3985,,True,4
SRC-RAW-8C4E4667AAE6C7978D3D,POWER,not_selected_for_target,,absence_from_expert_target_workbook,4500,28,2022,CREDIT-C3CCDC1FCD9B,3985,,True,4
SRC-RAW-FA5B0540611C7C808FE1,POWER,not_selected_for_target,,absence_from_expert_target_workbook,4501,29,2022,CREDIT-C3CCDC1FCD9B,3985,,True,4
SRC-RAW-5C9DAF31EF36BE635533,POWER,not_selected_for_target,,absence_from_expert_target_workbook,4502,21,2022,CREDIT-CE83D111BFF4,2740,,True,1
SRC-RAW-CF48EBBD13C5E90327C5,POWER,not_selected_for_target,,absence_from_expert_target_workbook,4503,21,2022,CREDIT-E6F025EC9A37,2661,,True,2
SRC-RAW-DFF6E7FAF484CA9811E0,POWER,not_selected_for_target,,absence_from_expert_target_workbook,4504,21,2022,CREDIT-C62FB1E1BC50,2720,,True,12
SRC-RAW-9D8A4A1DB42EECE64F04,POWER,not_selected_for_target,,absence_from_expert_target_workbook,4505,21,2022,CREDIT-CEF249553DDB,1329,,True,2
SRC-RAW-1E8F3E240E301800027E,POWER,not_selected_for_target,,absence_from_expert_target_workbook,4506,22,2022,CREDIT-CEF249553DDB,1329,,True,2
SRC-RAW-9C3A405E53064966F9C6,POWER,not_selected_for_target,,absence_from_expert_target_workbook,4507,21,2022,CREDIT-EF151C01A9A4,3841,,True,21
SRC-RAW-CEBAE2307CD4E4D7099A,POWER,not_selected_for_target,,absence_from_expert_target_workbook,4508,21,2022,CREDIT-F07351832679,2924,,True,2
SRC-RAW-51FE7BF8BCFD7F38DB41,POWER,not_selected_for_target,,absence_from_expert_target_workbook,4509,22,2022,CREDIT-F07351832679,2924,,True,2
SRC-RAW-FC1987DC7CA713402938,POWER,not_selected_for_target,,absence_from_expert_target_workbook,4510,23,2022,CREDIT-F07351832679,2924,,True,2
SRC-RAW-2C4318D7F86B2BE1B466,POWER,not_selected_for_target,,absence_from_expert_target_workbook,4511,21,2022,CREDIT-837456E6EABA,3360,,True,81
SRC-RAW-D7A16B0F0A1230C7701F,POWER,not_selected_for_target,,absence_from_expert_target_workbook,4512,22,2022,CREDIT-837456E6EABA,3360,,True,81
SRC-RAW-3D95F77F4B1DFC50D193,POWER,not_selected_for_target,,absence_from_expert_target_workbook,4513,23,2022,CREDIT-837456E6EABA,3360,,True,81
SRC-RAW-FBB6B764F3C338A247F9,POWER,not_selected_for_target,,absence_from_expert_target_workbook,4514,21,2022,CREDIT-38D2C97C98D5,1513,,True,0
SRC-RAW-66F30C08123FA0D9E3D4,POWER,not_selected_for_target,,absence_from_expert_target_workbook,4515,21,2022,CREDIT-EF83B103989E,2110,,True,9
SRC-RAW-F62E2341BE48415E11F6,POWER,not_selected_for_target,,absence_from_expert_target_workbook,4516,21,2022,CREDIT-07C699B99DF2,3982,,True,1
SRC-RAW-45949833DB6B90372B79,POWER,not_selected_for_target,,absence_from_expert_target_workbook,4517,21,2022,CREDIT-2DB0A8F0719F,2740,,True,1
SRC-RAW-37E838EA3CD502F1C676,POWER,not_selected_for_target,,absence_from_expert_target_workbook,4518,21,2022,CREDIT-BA897F300711,2929,,True,0
SRC-RAW-BAD0E7B2F5A7476ABC5E,POWER,not_selected_for_target,,absence_from_expert_target_workbook,4519,22,2022,CREDIT-BA897F300711,2929,,True,0
SRC-RAW-D8763E4FFCEFDB3EC415,POWER,not_selected_for_target,,absence_from_expert_target_workbook,4520,21,2022,CREDIT-7D429640E9F8,2444,,True,2
SRC-RAW-3F48683365CA4138C3B1,POWER,not_selected_for_target,,absence_from_expert_target_workbook,4521,21,2022,CREDIT-418DDD302E98,3981,,True,18
SRC-RAW-186BB2372C4E06A32F77,POWER,not_selected_for_target,,absence_from_expert_target_workbook,4522,22,2022,CREDIT-418DDD302E98,3981,,True,18
SRC-RAW-BF96331B3DB54D094B3E,POWER,not_selected_for_target,,absence_from_expert_target_workbook,4523,21,2022,CREDIT-861A4E9DAF86,1819,,True,0
SRC-RAW-4B297EEFDCB568BE2AC6,POWER,not_selected_for_target,,absence_from_expert_target_workbook,4524,22,2022,CREDIT-861A4E9DAF86,1819,,True,0
SRC-RAW-EB267D5484FD5BCE76D2,POWER,not_selected_for_target,,absence_from_expert_target_workbook,4525,21,2022,CREDIT-39C4007A9973,2239,,True,9
SRC-RAW-9A848E8F352BF5BB05BB,POWER,not_selected_for_target,,absence_from_expert_target_workbook,4526,21,2022,CREDIT-E080D4D1A935,2239,,True,1
SRC-RAW-5AE4A8C62D2BBDDB759C,POWER,not_selected_for_target,,absence_from_expert_target_workbook,4527,21,2022,CREDIT-6443D6EBB918,1829,,True,0
SRC-RAW-A57EBF857DB92BEBFC0E,POWER,not_selected_for_target,,absence_from_expert_target_workbook,4528,21,2022,CREDIT-6C086E79B4D7,2740,,True,6
SRC-RAW-6080ED29265073967DC9,POWER,not_selected_for_target,,absence_from_expert_target_workbook,4529,22,2022,CREDIT-6C086E79B4D7,2740,,True,6
SRC-RAW-778EE20A1F8DC33EBA31,POWER,not_selected_for_target,,absence_from_expert_target_workbook,4530,21,2022,CREDIT-B6ABC710E7B4,1524,,True,0
SRC-RAW-A685D6412BC152B5464E,POWER,not_selected_for_target,,absence_from_expert_target_workbook,4531,22,2022,CREDIT-B6ABC710E7B4,1524,,True,0
SRC-RAW-561616610C633AFB838C,POWER,not_selected_for_target,,absence_from_expert_target_workbook,4532,21,2022,CREDIT-33B460EEAEEF,1524,,True,0
SRC-RAW-9460CAC42A4A54C5CD6F,POWER,not_selected_for_target,,absence_from_expert_target_workbook,4533,22,2022,CREDIT-33B460EEAEEF,1524,,True,0
SRC-RAW-C0E719061084CF55EE16,POWER,not_selected_for_target,,absence_from_expert_target_workbook,4534,23,2022,CREDIT-33B460EEAEEF,1524,,True,0
SRC-RAW-2E2359EA461192B24F0C,POWER,not_selected_for_target,,absence_from_expert_target_workbook,4535,21,2022,CREDIT-EF4E6523BB89,3989,,True,5
SRC-RAW-F26DD5520139A9036BB9,POWER,not_selected_for_target,,absence_from_expert_target_workbook,4536,21,2022,ORG-1241FA434A03,3474,,True,5
SRC-RAW-6DDD38FB41B3FFB2FE8E,POWER,not_selected_for_target,,absence_from_expert_target_workbook,4537,22,2022,ORG-1241FA434A03,3474,,True,5
SRC-RAW-97091E3C82A6A352B79B,POWER,not_selected_for_target,,absence_from_expert_target_workbook,4538,23,2022,ORG-1241FA434A03,3474,,True,5
SRC-RAW-2A41EEE2843D9BC78C03,POWER,not_selected_for_target,,absence_from_expert_target_workbook,4539,24,2022,ORG-1241FA434A03,3474,,True,5
SRC-RAW-40297167726E29F50AAC,POWER,not_selected_for_target,,absence_from_expert_target_workbook,4540,25,2022,ORG-1241FA434A03,3474,,True,5
SRC-RAW-1C5F4883B381C5BA9F8D,POWER,not_selected_for_target,,absence_from_expert_target_workbook,4541,21,2022,CREDIT-9F4119FD2948,1524,,True,0
SRC-RAW-82482DE244FEE68DA32D,POWER,not_selected_for_target,,absence_from_expert_target_workbook,4542,22,2022,CREDIT-9F4119FD2948,1524,,True,0
SRC-RAW-7E3DA9DBE11A44144D11,POWER,not_selected_for_target,,absence_from_expert_target_workbook,4543,21,2022,CREDIT-099B4C84AFF0,2924,,True,1
SRC-RAW-B12B3597C513A58CEEB4,POWER,not_selected_for_target,,absence_from_expert_target_workbook,4544,22,2022,CREDIT-099B4C84AFF0,2924,,True,1
SRC-RAW-044F8FC23AECA7ED5301,POWER,not_selected_for_target,,absence_from_expert_target_workbook,4545,21,2022,CREDIT-7B42041CB1FA,1422,,True,1
SRC-RAW-975A4B705E7FBE301C6E,POWER,not_selected_for_target,,absence_from_expert_target_workbook,4546,21,2022,CREDIT-B1122F6CA100,2239,,True,4
SRC-RAW-EA8AF75644E128DC5236,POWER,not_selected_for_target,,absence_from_expert_target_workbook,4547,22,2022,CREDIT-B1122F6CA100,2239,,True,4
SRC-RAW-7861F54BF9A831D34E0B,POWER,not_selected_for_target,,absence_from_expert_target_workbook,4548,23,2022,CREDIT-B1122F6CA100,2239,,True,4
SRC-RAW-CE9EFE2386E3D37C0007,POWER,not_selected_for_target,,absence_from_expert_target_workbook,4549,21,2022,CREDIT-928F22E8B9C9,2929,,True,21
SRC-RAW-7A3211926C9E2F110091,POWER,not_selected_for_target,,absence_from_expert_target_workbook,4550,21,2022,CREDIT-9411F3F856B3,1411,,True,0
SRC-RAW-C5EC329F3605C00CB1AF,POWER,not_selected_for_target,,absence_from_expert_target_workbook,4551,21,2022,CREDIT-BFEE1A310012,2642,,True,3
SRC-RAW-4A899B92F00DF1F615B1,POWER,not_selected_for_target,,absence_from_expert_target_workbook,4552,21,2022,CREDIT-AFA99CB45839,2822,,True,3
SRC-RAW-AE9F4E50F0406AB90E7A,POWER,not_selected_for_target,,absence_from_expert_target_workbook,4553,21,2022,CREDIT-A551BE49C0FA,2231,,True,0
SRC-RAW-F42C814FCEF573653236,POWER,not_selected_for_target,,absence_from_expert_target_workbook,4554,21,2022,CREDIT-393E88F296B5,1462,,True,0
SRC-RAW-9FA747A381AF48DF5D3B,POWER,not_selected_for_target,,absence_from_expert_target_workbook,4555,21,2022,CREDIT-94FC93C274FF,3982,,True,33
SRC-RAW-77A4F4360929D6C56190,POWER,not_selected_for_target,,absence_from_expert_target_workbook,4556,21,2022,CREDIT-E3A289C8C6AE,2669,,True,4
SRC-RAW-2708A747D1CE383C105A,POWER,not_selected_for_target,,absence_from_expert_target_workbook,4557,22,2022,CREDIT-E3A289C8C6AE,2669,,True,4
SRC-RAW-9A932B0EFD93F6C6FBFA,POWER,not_selected_for_target,,absence_from_expert_target_workbook,4558,23,2022,CREDIT-E3A289C8C6AE,2669,,True,4
SRC-RAW-218856C698EF84C56E50,POWER,not_selected_for_target,,absence_from_expert_target_workbook,4559,24,2022,CREDIT-E3A289C8C6AE,2669,,True,4
SRC-RAW-D6DE8BDF6978BD5186B9,POWER,not_selected_for_target,,absence_from_expert_target_workbook,4560,21,2022,CREDIT-3B0D10A1D358,1713,,True,2
SRC-RAW-0DDAD613D7041BD24058,POWER,not_selected_for_target,,absence_from_expert_target_workbook,4561,21,2022,CREDIT-75E999800A58,2924,,True,2
SRC-RAW-D613AE0DD9A9CBA7EA83,POWER,not_selected_for_target,,absence_from_expert_target_workbook,4562,21,2022,ORG-E0739B788E2E,2231,,True,0
SRC-RAW-5F03359ECD13E5217849,POWER,not_selected_for_target,,absence_from_expert_target_workbook,4563,21,2022,CREDIT-88AB020EF377,3360,,True,7
SRC-RAW-F8ABFA420C32519C906A,POWER,not_selected_for_target,,absence_from_expert_target_workbook,4564,21,2022,CREDIT-54037B79576D,2689,,True,1
SRC-RAW-ADC1325282553EF7CF32,POWER,not_selected_for_target,,absence_from_expert_target_workbook,4565,21,2022,CREDIT-BE2D31264655,2319,,True,4
SRC-RAW-EE533CBD03656371992B,POWER,not_selected_for_target,,absence_from_expert_target_workbook,4566,21,2022,CREDIT-0C3742045CD4,1421,,True,0
SRC-RAW-737C6F60A25F926BF38F,POWER,not_selected_for_target,,absence_from_expert_target_workbook,4567,21,2022,CREDIT-F253B2CEEC2F,2311,,True,1
SRC-RAW-64C3BDCCFD28D0AD7C6F,POWER,not_selected_for_target,,absence_from_expert_target_workbook,4568,22,2022,CREDIT-F253B2CEEC2F,2311,,True,1
SRC-RAW-2867A0430B312C09E15F,POWER,not_selected_for_target,,absence_from_expert_target_workbook,4569,21,2022,CREDIT-C536A468304F,4119,,True,0
SRC-RAW-208A2A6CBB7BEF0CD8E9,POWER,not_selected_for_target,,absence_from_expert_target_workbook,4570,22,2022,CREDIT-C536A468304F,4119,,True,0
SRC-RAW-DF60BE640739CF2093AD,POWER,not_selected_for_target,,absence_from_expert_target_workbook,4571,23,2022,CREDIT-C536A468304F,4119,,True,0
SRC-RAW-8CFB2B0346CB77312725,POWER,not_selected_for_target,,absence_from_expert_target_workbook,4572,21,2022,CREDIT-1394EAC01909,2929,,True,1
SRC-RAW-BA1C0FBBF550F78EA29C,POWER,not_selected_for_target,,absence_from_expert_target_workbook,4573,21,2022,CREDIT-FBA5F4769094,1431,,True,0
SRC-RAW-43197F6E9A595E76FA9E,POWER,not_selected_for_target,,absence_from_expert_target_workbook,4574,21,2022,CREDIT-6A6BA4516ADB,2924,,True,0
SRC-RAW-DA23539EEED50D072F3F,POWER,not_selected_for_target,,absence_from_expert_target_workbook,4575,21,2022,CREDIT-B3D79CFE10F5,2434,,True,12
SRC-RAW-465280863FDBD33A756B,POWER,not_selected_for_target,,absence_from_expert_target_workbook,4576,22,2022,CREDIT-B3D79CFE10F5,2434,,True,12
SRC-RAW-A13F1187082C31604A8E,POWER,not_selected_for_target,,absence_from_expert_target_workbook,4577,23,2022,CREDIT-B3D79CFE10F5,2434,,True,12
SRC-RAW-498D2055107607FD02AF,POWER,not_selected_for_target,,absence_from_expert_target_workbook,4578,24,2022,CREDIT-B3D79CFE10F5,2434,,True,12
SRC-RAW-F9759ABD65C72A283AF7,POWER,not_selected_for_target,,absence_from_expert_target_workbook,4579,21,2022,CREDIT-99101E9C56CC,2641,,True,1
SRC-RAW-D1EC3BDD7C499EBF0B89,POWER,not_selected_for_target,,absence_from_expert_target_workbook,4580,21,2022,CREDIT-B055219C0815,4119,,True,1
SRC-RAW-8DD7A29687ADE66ADBF7,POWER,not_selected_for_target,,absence_from_expert_target_workbook,4581,21,2022,CREDIT-AFB7C8114349,2929,,True,0
SRC-RAW-3BF5C4DCDAB80E69F87D,POWER,not_selected_for_target,,absence_from_expert_target_workbook,4582,21,2022,CREDIT-3CCAE23EE81B,2013,,True,3
SRC-RAW-1EF2363C9699D2374994,POWER,not_selected_for_target,,absence_from_expert_target_workbook,4583,21,2022,CREDIT-05A55FD0CF41,2023,,True,3
SRC-RAW-C19FDEB89E4C702E3677,POWER,not_selected_for_target,,absence_from_expert_target_workbook,4584,21,2022,CREDIT-F3AD36424050,2921,,True,1
SRC-RAW-6F2E294728D73C497876,POWER,not_selected_for_target,,absence_from_expert_target_workbook,4585,21,2022,CREDIT-68C50A48FEFD,2689,,True,1
SRC-RAW-0D4E2DD216839DE16E90,POWER,not_selected_for_target,,absence_from_expert_target_workbook,4586,21,2022,ORG-3FB7C00EDA40,1431,,True,0
SRC-RAW-EE8152D9F06A662E0E33,POWER,not_selected_for_target,,absence_from_expert_target_workbook,4587,21,2022,CREDIT-FBB1F00F3537,2239,,True,0
SRC-RAW-535F795F73057FDA2A83,POWER,not_selected_for_target,,absence_from_expert_target_workbook,4588,21,2022,CREDIT-03AA00C03DD4,2929,,True,1
SRC-RAW-26A839FFD886355B00F0,POWER,not_selected_for_target,,absence_from_expert_target_workbook,4589,21,2022,CREDIT-343C96B0DDE1,2444,,True,1
SRC-RAW-90792BEF9146C5B6A4C4,POWER,not_selected_for_target,,absence_from_expert_target_workbook,4590,21,2022,CREDIT-BF6580B8E3A4,3360,,True,13
SRC-RAW-056312294626944890A3,POWER,not_selected_for_target,,absence_from_expert_target_workbook,4591,22,2022,CREDIT-BF6580B8E3A4,3360,,True,13
SRC-RAW-F8E3FD0CF38E220CB852,POWER,not_selected_for_target,,absence_from_expert_target_workbook,4592,21,2022,ORG-822D8B73FD7A,2239,,True,1
SRC-RAW-DB727D57D492E6DF6905,POWER,not_selected_for_target,,absence_from_expert_target_workbook,4593,22,2022,ORG-822D8B73FD7A,2239,,True,1
SRC-RAW-622C57E618F4781AE8C0,POWER,not_selected_for_target,,absence_from_expert_target_workbook,4594,23,2022,ORG-822D8B73FD7A,2239,,True,1
SRC-RAW-0BDF0463DCBCEB1B9C27,POWER,not_selected_for_target,,absence_from_expert_target_workbook,4595,21,2022,CREDIT-B452E9D5AC54,1521,,True,0
SRC-RAW-D9C891CB5A283F66B48E,POWER,not_selected_for_target,,absence_from_expert_target_workbook,4596,21,2022,CREDIT-7C2A3A7E8865,3360,,True,3
SRC-RAW-D14D688773E330F99088,POWER,not_selected_for_target,,absence_from_expert_target_workbook,4597,21,2022,CREDIT-BE25C6FC08CD,2661,,True,2
SRC-RAW-E3E7C5BFAB132EE4704B,POWER,not_selected_for_target,,absence_from_expert_target_workbook,4598,21,2022,ORG-7D9A81E4E490,2922,,True,1
SRC-RAW-350F466C5C6D078F6ECA,POWER,not_selected_for_target,,absence_from_expert_target_workbook,4599,22,2022,ORG-7D9A81E4E490,2922,,True,1
SRC-RAW-5D6E7E5F6070C8F878D6,POWER,not_selected_for_target,,absence_from_expert_target_workbook,4600,11,2022,CREDIT-693BDCD4BCD6,4417,燃生物质锅炉,True,12
SRC-RAW-D3DA6E30C8C5C4C93A4D,POWER,not_selected_for_target,,absence_from_expert_target_workbook,4601,12,2022,CREDIT-693BDCD4BCD6,4417,燃生物质锅炉,True,12
SRC-RAW-A4E1DF908647EC9B5A92,POWER,not_selected_for_target,,absence_from_expert_target_workbook,4602,13,2022,CREDIT-693BDCD4BCD6,4417,燃生物质锅炉,True,12
SRC-RAW-4AEB17F105940B804E36,POWER,not_selected_for_target,,absence_from_expert_target_workbook,4603,21,2022,CREDIT-AE33EFB42343,1830,,True,0
SRC-RAW-0D262D8A4A3A8915D725,POWER,not_selected_for_target,,absence_from_expert_target_workbook,4604,11,2022,CREDIT-2131F3D3199B,4417,燃生物质锅炉,True,24
SRC-RAW-64EBFDD7F64EF220A6D1,POWER,not_selected_for_target,,absence_from_expert_target_workbook,4605,12,2022,CREDIT-2131F3D3199B,4417,燃生物质锅炉,True,24
SRC-RAW-7F4E1FB70DDED5596F56,POWER,not_selected_for_target,,absence_from_expert_target_workbook,4606,13,2022,CREDIT-2131F3D3199B,4417,燃生物质锅炉,True,24
SRC-RAW-0DFDA30AD817180A387D,POWER,not_selected_for_target,,absence_from_expert_target_workbook,4607,14,2022,CREDIT-2131F3D3199B,4417,燃生物质锅炉,True,24
SRC-RAW-4412EB459000EAFD6226,POWER,not_selected_for_target,,absence_from_expert_target_workbook,4608,15,2022,CREDIT-2131F3D3199B,4417,燃生物质锅炉,True,24
SRC-RAW-841B50D11EDB3F43B63A,POWER,not_selected_for_target,,absence_from_expert_target_workbook,4609,16,2022,CREDIT-2131F3D3199B,4417,燃生物质锅炉,True,24
SRC-RAW-CC1F1C004A6E612A4D8E,POWER,not_selected_for_target,,absence_from_expert_target_workbook,4610,21,2022,CREDIT-57D754A98D35,1819,,True,0
SRC-RAW-90022D3B7AC7BE84AB39,POWER,not_selected_for_target,,absence_from_expert_target_workbook,4611,21,2022,ORG-D1C57C777A4A,1432,,True,0
SRC-RAW-D5130BA6EDAE1F46BF75,POWER,not_selected_for_target,,absence_from_expert_target_workbook,4612,22,2022,ORG-D1C57C777A4A,1432,,True,0
SRC-RAW-2C698CE337E6EEE19670,POWER,not_selected_for_target,,absence_from_expert_target_workbook,4613,23,2022,ORG-D1C57C777A4A,1432,,True,0
SRC-RAW-704600A05F4D6CD3EBCF,POWER,not_selected_for_target,,absence_from_expert_target_workbook,4614,21,2022,CREDIT-89086FB9DC59,1821,,True,0
SRC-RAW-DAA49753CE444D14E612,POWER,not_selected_for_target,,absence_from_expert_target_workbook,4615,21,2022,ORG-BCE106E82348,2239,,True,1
SRC-RAW-1A0F1D5A88D602D42B27,POWER,not_selected_for_target,,absence_from_expert_target_workbook,4616,21,2022,ORG-9BE0BD6CAA3E,1329,,True,2
SRC-RAW-DAFB73DDD7D8DBEA5128,POWER,not_selected_for_target,,absence_from_expert_target_workbook,4617,21,2022,CREDIT-9CE50F7453A4,2924,,True,0
SRC-RAW-105438DD5B3F60AF839F,POWER,not_selected_for_target,,absence_from_expert_target_workbook,4618,21,2022,CREDIT-ED9C008B0D73,2921,,True,1
SRC-RAW-9DBE89AC9AE0DB313457,POWER,not_selected_for_target,,absence_from_expert_target_workbook,4619,21,2022,CREDIT-93079FEB84D0,2921,,True,2
SRC-RAW-4E6F7781F92DC7DCDBD5,POWER,not_selected_for_target,,absence_from_expert_target_workbook,4620,21,2022,CREDIT-62561E7C2B32,2929,,True,2
SRC-RAW-94F5DA2AF2A1B4A89087,POWER,not_selected_for_target,,absence_from_expert_target_workbook,4621,22,2022,CREDIT-62561E7C2B32,2929,,True,2
SRC-RAW-D6092B9828F9125DB1BE,POWER,not_selected_for_target,,absence_from_expert_target_workbook,4622,21,2022,CREDIT-47CD2E4B91E6,2822,,True,0
SRC-RAW-B5FE57113762E261EF3D,POWER,not_selected_for_target,,absence_from_expert_target_workbook,4623,21,2022,CREDIT-FB5F1469DDCE,2319,,True,6
SRC-RAW-28485085FB7A7DB4C063,POWER,not_selected_for_target,,absence_from_expert_target_workbook,4624,21,2022,ORG-BA78B440B341,2439,,True,0
SRC-RAW-3E84723B8652ADAC5CB8,POWER,not_selected_for_target,,absence_from_expert_target_workbook,4625,21,2022,ORG-5F55A098B292,1830,,True,1
SRC-RAW-DBE482C909A4A2716AB4,POWER,not_selected_for_target,,absence_from_expert_target_workbook,4626,21,2022,ORG-157D60DF397F,2239,,True,1
SRC-RAW-A8FF38A5E87A9F16A717,POWER,not_selected_for_target,,absence_from_expert_target_workbook,4627,21,2022,ORG-1837716F6C47,2924,,True,1
SRC-RAW-269C1D195F74074D1F8B,POWER,not_selected_for_target,,absence_from_expert_target_workbook,4628,21,2022,CREDIT-C94888E8E843,2231,,True,0
SRC-RAW-EAB1F3CB6104ECAEA045,POWER,not_selected_for_target,,absence_from_expert_target_workbook,4629,21,2022,CREDIT-903C674F5B29,2929,,True,1
SRC-RAW-E5134FD2DBA745E99521,POWER,not_selected_for_target,,absence_from_expert_target_workbook,4630,21,2022,CREDIT-452E80C897B2,3360,,True,10
SRC-RAW-F505DFCAAED330A413F0,POWER,not_selected_for_target,,absence_from_expert_target_workbook,4631,22,2022,CREDIT-452E80C897B2,3360,,True,10
SRC-RAW-C2B96A192546A503D0B6,POWER,not_selected_for_target,,absence_from_expert_target_workbook,4632,21,2022,CREDIT-697549C9FBCD,2929,,True,1
SRC-RAW-72F2D15451D076CE901E,POWER,not_selected_for_target,,absence_from_expert_target_workbook,4633,21,2022,CREDIT-48195EC49164,2921,,True,1
SRC-RAW-0E136B6ED278D2B88251,POWER,not_selected_for_target,,absence_from_expert_target_workbook,4634,21,2022,ORG-C0427CD89F95,2231,,True,0
SRC-RAW-003F8FA3C03F5C539C4A,POWER,not_selected_for_target,,absence_from_expert_target_workbook,4635,21,2022,ORG-D0595855DEF1,1829,,True,0
SRC-RAW-005AB00F7C9BF8D0007C,POWER,not_selected_for_target,,absence_from_expert_target_workbook,4636,21,2022,CREDIT-9BB0E111357F,3982,,True,2
SRC-RAW-A63A59B5D1373496044B,POWER,not_selected_for_target,,absence_from_expert_target_workbook,4637,22,2022,CREDIT-9BB0E111357F,3982,,True,2
SRC-RAW-156960F8C78F80997BD9,POWER,not_selected_for_target,,absence_from_expert_target_workbook,4638,21,2022,CREDIT-22F44341D338,2642,,True,1
SRC-RAW-6DDF3877D48F39E3D19D,POWER,not_selected_for_target,,absence_from_expert_target_workbook,4639,21,2022,CREDIT-130A80665618,3360,,True,5
SRC-RAW-375A553F88BBFDA53D26,POWER,not_selected_for_target,,absence_from_expert_target_workbook,4640,21,2022,CREDIT-54C5EF77E018,1722,,True,1
SRC-RAW-B501CBF3637ABBD30D63,POWER,include,331,canonical_expert_scope_order,4641,11,2022,CREDIT-95956B92A723,4412,燃气锅炉,True,2
SRC-RAW-83B20122A72152590769,POWER,include,332,canonical_expert_scope_order,4642,12,2022,CREDIT-95956B92A723,4412,燃气锅炉,True,2
SRC-RAW-ACA9F5CAE67CB217BDB1,POWER,not_selected_for_target,,absence_from_expert_target_workbook,4643,21,2022,CREDIT-1321E3F2B7C7,1819,,True,0
SRC-RAW-FCB15F1652E567F9A06E,POWER,not_selected_for_target,,absence_from_expert_target_workbook,4644,21,2022,CREDIT-6759A73078F7,1499,,True,0
SRC-RAW-8132F70FB7454E1F726F,POWER,not_selected_for_target,,absence_from_expert_target_workbook,4645,21,2022,CREDIT-2666BC05CEB8,2929,,True,1
SRC-RAW-99C17FAB24F58C7B2A71,POWER,not_selected_for_target,,absence_from_expert_target_workbook,4646,22,2022,CREDIT-2666BC05CEB8,2929,,True,1
SRC-RAW-D9EC1E5FE2BA88519F59,POWER,not_selected_for_target,,absence_from_expert_target_workbook,4647,21,2022,CREDIT-4A9D66E9F3C4,1499,,True,0
SRC-RAW-85799C40F36DCB5A1C0F,POWER,not_selected_for_target,,absence_from_expert_target_workbook,4648,21,2022,CREDIT-5012DE3031C3,1722,,True,0
SRC-RAW-D42701B690D8CAB839E7,POWER,not_selected_for_target,,absence_from_expert_target_workbook,4649,21,2022,CREDIT-F9BF24229A70,2651,,True,4
SRC-RAW-56092C09A9EF5539ABA8,POWER,not_selected_for_target,,absence_from_expert_target_workbook,4650,21,2022,CREDIT-4800BC3A85CC,2682,,True,0
SRC-RAW-50FC9EF1A6B70EC72BC9,POWER,not_selected_for_target,,absence_from_expert_target_workbook,4651,22,2022,CREDIT-4800BC3A85CC,2682,,True,0
SRC-RAW-44D1F1947A0BC7AD1715,POWER,not_selected_for_target,,absence_from_expert_target_workbook,4652,21,2022,CREDIT-1BFBEBB5BB51,1819,,True,0
SRC-RAW-3D447F563FD56393747F,POWER,not_selected_for_target,,absence_from_expert_target_workbook,4653,21,2022,CREDIT-C7ACB2589366,3252,,True,1
SRC-RAW-C59491EDFED61D0E73D3,POWER,not_selected_for_target,,absence_from_expert_target_workbook,4654,22,2022,CREDIT-C7ACB2589366,3252,,True,1
SRC-RAW-ACF1FAD5DD043F6516AE,POWER,not_selected_for_target,,absence_from_expert_target_workbook,4655,21,2022,CREDIT-51E10A271990,2110,,True,22
SRC-RAW-54ABA9592C41A4257F7C,POWER,not_selected_for_target,,absence_from_expert_target_workbook,4656,22,2022,CREDIT-51E10A271990,2110,,True,22
SRC-RAW-D4FA466B4DE818950489,POWER,not_selected_for_target,,absence_from_expert_target_workbook,4657,21,2022,CREDIT-C16FEC19EE2F,4430,,True,0
SRC-RAW-93996EB314EB7017D34F,POWER,not_selected_for_target,,absence_from_expert_target_workbook,4658,21,2022,CREDIT-D39B6D9DD5D5,2929,,True,0
SRC-RAW-4CC9B6F0014074EA489E,POWER,not_selected_for_target,,absence_from_expert_target_workbook,4659,21,2022,CREDIT-B13E9DA6B999,2239,,True,2
SRC-RAW-EC464100F63C287F1D57,POWER,not_selected_for_target,,absence_from_expert_target_workbook,4660,21,2022,CREDIT-8D33035421E1,3360,,True,2
SRC-RAW-244C159DF838910D3390,POWER,not_selected_for_target,,absence_from_expert_target_workbook,4661,21,2022,CREDIT-074DEE66DC73,2239,,True,0
SRC-RAW-DC2939C56D9034FC84B9,POWER,not_selected_for_target,,absence_from_expert_target_workbook,4662,21,2022,CREDIT-B38E6DD9EA35,2239,,True,2
SRC-RAW-E9823D251E24AF38E80D,POWER,not_selected_for_target,,absence_from_expert_target_workbook,4663,21,2022,CREDIT-0FEFF6807D97,2929,,True,1
SRC-RAW-86395D8BC699CA2B5734,POWER,not_selected_for_target,,absence_from_expert_target_workbook,4664,21,2022,CREDIT-32B17F0AB72B,1819,,True,1
SRC-RAW-961184F7E5AAE4E84123,POWER,not_selected_for_target,,absence_from_expert_target_workbook,4665,21,2022,CREDIT-CCB080A7CF9B,1722,,True,2
SRC-RAW-3799B381F0AFFEFC51E1,POWER,not_selected_for_target,,absence_from_expert_target_workbook,4666,22,2022,CREDIT-CCB080A7CF9B,1722,,True,2
SRC-RAW-A086FEB35C05B5979847,POWER,not_selected_for_target,,absence_from_expert_target_workbook,4667,21,2022,CREDIT-202D720D4F52,1829,,True,0
SRC-RAW-FEEAB8E67D7D99AD7B2D,POWER,not_selected_for_target,,absence_from_expert_target_workbook,4668,21,2022,CREDIT-0AD6B2C1D0DA,3360,,True,3
SRC-RAW-751EB41C4D28AD8F6FC3,POWER,not_selected_for_target,,absence_from_expert_target_workbook,4669,21,2022,CREDIT-7A6AB14F13AC,1819,,True,0
SRC-RAW-0A92A70880DA3E8D44C5,POWER,not_selected_for_target,,absence_from_expert_target_workbook,4670,21,2022,CREDIT-33503537C9CA,1722,,True,1
SRC-RAW-6A2EEC08B825F1FEC7F4,POWER,not_selected_for_target,,absence_from_expert_target_workbook,4671,21,2022,CREDIT-5961F04C4816,3389,,True,2
SRC-RAW-C67EB268434875BC4EFA,POWER,not_selected_for_target,,absence_from_expert_target_workbook,4672,21,2022,CREDIT-4D2899B6AD4C,2689,,True,4
SRC-RAW-24BA9AF1B85A23967A03,POWER,not_selected_for_target,,absence_from_expert_target_workbook,4673,22,2022,CREDIT-4D2899B6AD4C,2689,,True,4
SRC-RAW-7AF27F6B71F2A8EAC5CD,POWER,not_selected_for_target,,absence_from_expert_target_workbook,4674,21,2022,CREDIT-D4440FF986FF,1421,,True,1
SRC-RAW-2E68EF4B726F00222284,POWER,not_selected_for_target,,absence_from_expert_target_workbook,4675,21,2022,CREDIT-F230E943980B,2661,,True,5
SRC-RAW-7F30AE29F8B0B96882E0,POWER,not_selected_for_target,,absence_from_expert_target_workbook,4676,21,2022,CREDIT-3345E509AD98,1392,,True,0
SRC-RAW-25866A6F53B8D02DCBFD,POWER,not_selected_for_target,,absence_from_expert_target_workbook,4677,21,2022,CREDIT-86BB0CCAAF34,1830,,True,1
SRC-RAW-C6C0608BFF9B5128E197,POWER,not_selected_for_target,,absence_from_expert_target_workbook,4678,21,2022,CREDIT-001CACD6F925,1829,,True,0
SRC-RAW-FE9E84D046F9053923A2,POWER,not_selected_for_target,,absence_from_expert_target_workbook,4679,21,2022,CREDIT-5FE6A7B8F599,1763,,True,0
SRC-RAW-5506F2BAEA4C326A4AF6,POWER,not_selected_for_target,,absence_from_expert_target_workbook,4680,21,2022,CREDIT-17D1200D326F,2929,,True,18
SRC-RAW-D61A8CF50185EFBFBDEC,POWER,not_selected_for_target,,absence_from_expert_target_workbook,4681,22,2022,CREDIT-17D1200D326F,2929,,True,18
SRC-RAW-D4DFE58C9675CF1006FE,POWER,not_selected_for_target,,absence_from_expert_target_workbook,4682,21,2022,CREDIT-234B77BB98CB,1830,,True,0
SRC-RAW-C0D3C181B7289A946D55,POWER,not_selected_for_target,,absence_from_expert_target_workbook,4683,21,2022,CREDIT-C312B4D5B786,1819,,True,1
SRC-RAW-16AF92E0E9BA930E50D7,POWER,not_selected_for_target,,absence_from_expert_target_workbook,4684,21,2022,CREDIT-685267F27CC3,1513,,True,1
SRC-RAW-92017DE3DBAD105F3114,POWER,not_selected_for_target,,absence_from_expert_target_workbook,4685,21,2022,CREDIT-91546B1BD225,1829,,True,2
SRC-RAW-664E3E13DE300817A6B7,POWER,not_selected_for_target,,absence_from_expert_target_workbook,4686,21,2022,CREDIT-214D415335EE,1722,,True,1
SRC-RAW-1D1203B729C6B5553336,POWER,not_selected_for_target,,absence_from_expert_target_workbook,4687,21,2022,ORG-79D26ECCA86C,1722,,True,0
SRC-RAW-B27385CCAA4A8DE6C550,POWER,not_selected_for_target,,absence_from_expert_target_workbook,4688,21,2022,CREDIT-A45DAAF45F10,1819,,True,0
SRC-RAW-742455DC1116322F592F,POWER,not_selected_for_target,,absence_from_expert_target_workbook,4689,21,2022,CREDIT-18E97F6A1AB0,1829,,True,1
SRC-RAW-7A9DB1197BB908A0EFD9,POWER,not_selected_for_target,,absence_from_expert_target_workbook,4690,21,2022,CREDIT-2CDE91318B16,1529,,True,5
SRC-RAW-D13F4ADE4A03F82033C9,POWER,not_selected_for_target,,absence_from_expert_target_workbook,4691,21,2022,CREDIT-558456431A9C,3252,,True,0
SRC-RAW-9B4685ADA24FF41576C2,POWER,not_selected_for_target,,absence_from_expert_target_workbook,4692,21,2022,CREDIT-9F5C9B840671,3061,,True,0
SRC-RAW-DD52141B35105B8FB940,POWER,not_selected_for_target,,absence_from_expert_target_workbook,4693,21,2022,CREDIT-4037A007211D,1431,,True,0
SRC-RAW-E0315A744159C4623818,POWER,not_selected_for_target,,absence_from_expert_target_workbook,4694,21,2022,CREDIT-B22075216F4A,2231,,True,2
SRC-RAW-EE1F587AD0B529283E8D,POWER,not_selected_for_target,,absence_from_expert_target_workbook,4695,21,2022,CREDIT-22A548707908,2231,,True,0
SRC-RAW-94B8B1BCCB92708C6007,POWER,not_selected_for_target,,absence_from_expert_target_workbook,4696,22,2022,CREDIT-22A548707908,2231,,True,0
SRC-RAW-BCF11E808EBA078E1186,POWER,not_selected_for_target,,absence_from_expert_target_workbook,4697,21,2022,CREDIT-503248ED95DD,1469,,True,0
SRC-RAW-337EA93159A74EF45EA9,POWER,not_selected_for_target,,absence_from_expert_target_workbook,4698,21,2022,CREDIT-0A726E6F773C,3252,,True,0
SRC-RAW-4695DE3B1E599F516108,POWER,not_selected_for_target,,absence_from_expert_target_workbook,4699,21,2022,CREDIT-34B2BB52F0E4,2924,,True,2
SRC-RAW-6352C2AAAFB7435FE1AB,POWER,not_selected_for_target,,absence_from_expert_target_workbook,4700,22,2022,CREDIT-34B2BB52F0E4,2924,,True,2
SRC-RAW-4CB3D3201942C9EF181D,POWER,not_selected_for_target,,absence_from_expert_target_workbook,4701,21,2022,ORG-055542FB9EA9,1819,,True,0
SRC-RAW-5907F69453F3644E857C,POWER,not_selected_for_target,,absence_from_expert_target_workbook,4702,21,2022,CREDIT-9D0CF870647C,3360,,True,1
SRC-RAW-363C9889CA71A9F14E65,POWER,not_selected_for_target,,absence_from_expert_target_workbook,4703,21,2022,CREDIT-846D83F255CD,2929,,True,1
SRC-RAW-825AD23F2A5C9F6F9F0E,POWER,not_selected_for_target,,absence_from_expert_target_workbook,4704,21,2022,CREDIT-010A71C4C4C3,2239,,True,0
SRC-RAW-B1470FC9434B8A58C5B5,POWER,not_selected_for_target,,absence_from_expert_target_workbook,4705,22,2022,CREDIT-010A71C4C4C3,2239,,True,0
SRC-RAW-DF6D8311F788D0E45F06,POWER,not_selected_for_target,,absence_from_expert_target_workbook,4706,23,2022,CREDIT-010A71C4C4C3,2239,,True,0
SRC-RAW-300A4DA8087EBD821DD6,POWER,include,333,canonical_expert_scope_order,4707,11,2022,CREDIT-ABA34E28870B,4411,燃气轮机,True,0
SRC-RAW-438BDB6A2B00B0AD76DA,POWER,include,334,canonical_expert_scope_order,4708,12,2022,CREDIT-ABA34E28870B,4411,燃气轮机,True,0
SRC-RAW-3F092F03C54106B13AC2,POWER,include,335,canonical_expert_scope_order,4709,13,2022,CREDIT-ABA34E28870B,4411,燃气轮机,True,0
SRC-RAW-2438777211CEFCD5B995,POWER,include,336,canonical_expert_scope_order,4710,14,2022,CREDIT-ABA34E28870B,4411,燃气轮机,True,0
SRC-RAW-261D4050960B16F27DCB,POWER,include,337,canonical_expert_scope_order,4711,11,2022,CREDIT-9A3D907D97F5,2419,燃气锅炉,True,4
SRC-RAW-AF284D3E3A01AEDDE29F,POWER,not_selected_for_target,,absence_from_expert_target_workbook,4712,21,2022,CREDIT-28652175B619,3311,,True,4
SRC-RAW-C92A6E51F7F310987024,POWER,not_selected_for_target,,absence_from_expert_target_workbook,4713,21,2022,CREDIT-E373486316C1,2319,,True,3
SRC-RAW-CE555635AE9F9797CA9F,POWER,not_selected_for_target,,absence_from_expert_target_workbook,4714,22,2022,CREDIT-E373486316C1,2319,,True,3
SRC-RAW-59F0B4C7CC6AC0C59B55,POWER,not_selected_for_target,,absence_from_expert_target_workbook,4715,21,2022,CREDIT-B5A2C97B7059,1722,,True,0
SRC-RAW-8C7CFB9302893E739481,POWER,not_selected_for_target,,absence_from_expert_target_workbook,4716,21,2022,ORG-F1BC6AC1F54A,1762,,True,0
SRC-RAW-E13E246F3B8265A977C8,POWER,not_selected_for_target,,absence_from_expert_target_workbook,4717,22,2022,ORG-F1BC6AC1F54A,1762,,True,0
SRC-RAW-EA2D0B3452BDA7166081,POWER,not_selected_for_target,,absence_from_expert_target_workbook,4718,21,2022,ORG-6958A8BD1D5E,1722,,True,0
SRC-RAW-46645C2F24E56918E9CB,POWER,include,338,canonical_expert_scope_order,4719,11,2022,CREDIT-AC7A838F901F,3399,燃油锅炉,True,3
SRC-RAW-8F3B3285E68C5A270956,POWER,not_selected_for_target,,absence_from_expert_target_workbook,4720,21,2022,CREDIT-C53C17A0C078,3099,,True,2
SRC-RAW-9C63EFEAC7C21A57743D,POWER,not_selected_for_target,,absence_from_expert_target_workbook,4721,21,2022,CREDIT-22F64E4621B2,1353,,True,11
SRC-RAW-108D5DE3219F8711FCA1,POWER,not_selected_for_target,,absence_from_expert_target_workbook,4722,22,2022,CREDIT-22F64E4621B2,1353,,True,11
SRC-RAW-064AEA96868EEE81E157,POWER,not_selected_for_target,,absence_from_expert_target_workbook,4723,21,2022,CREDIT-86ECB455407A,2319,,True,1
SRC-RAW-A4852995C316C9B992F2,POWER,not_selected_for_target,,absence_from_expert_target_workbook,4724,21,2022,CREDIT-8E3BC6BBD85B,1722,,True,0
SRC-RAW-BA4203ED58782FF4BEDC,POWER,not_selected_for_target,,absence_from_expert_target_workbook,4725,21,2022,CREDIT-E5491DD35BB1,1722,,True,1
SRC-RAW-57142DC32337D97DC9E7,POWER,not_selected_for_target,,absence_from_expert_target_workbook,4726,21,2022,CREDIT-211F63EEE7AA,2924,,True,3
SRC-RAW-1712D4E3603143978196,POWER,include,339,canonical_expert_scope_order,4727,11,2022,ORG-76A075923059,1722,燃气锅炉,True,0
SRC-RAW-89225C8930693959A7F0,POWER,not_selected_for_target,,absence_from_expert_target_workbook,4728,21,2022,CREDIT-D027CCD084E6,2239,,True,5
SRC-RAW-ED440CB35376BC8693C2,POWER,not_selected_for_target,,absence_from_expert_target_workbook,4729,21,2022,CREDIT-AAE774DB7BA2,2922,,True,3
SRC-RAW-02DDE5F9F42821FA0A4C,POWER,not_selected_for_target,,absence_from_expert_target_workbook,4730,22,2022,CREDIT-AAE774DB7BA2,2922,,True,3
SRC-RAW-657AFF41CE2A846CD091,POWER,not_selected_for_target,,absence_from_expert_target_workbook,4731,21,2022,CREDIT-046820644262,2319,,True,2
SRC-RAW-60045BB072B03948CA42,POWER,include,340,canonical_expert_scope_order,4732,11,2022,ORG-EA35D3103EA8,1830,燃气锅炉,True,0
SRC-RAW-36BCCB0824DA7C367CEB,POWER,not_selected_for_target,,absence_from_expert_target_workbook,4733,21,2022,ORG-B4C5F0D95FE7,1722,,True,0
SRC-RAW-D0D1B3EB384A60ECBFAA,POWER,not_selected_for_target,,absence_from_expert_target_workbook,4734,21,2022,CREDIT-A614E9A3426B,2319,,True,3
SRC-RAW-EB93EF9D83A5D00316C4,POWER,not_selected_for_target,,absence_from_expert_target_workbook,4735,22,2022,CREDIT-A614E9A3426B,2319,,True,3
SRC-RAW-8549DFFDFD9EB300F77D,POWER,not_selected_for_target,,absence_from_expert_target_workbook,4736,21,2022,CREDIT-9BC24D66B2CF,3411,,True,1
SRC-RAW-A56B49E2585F06A1FC2A,POWER,not_selected_for_target,,absence_from_expert_target_workbook,4737,21,2022,ORG-68596D0AED34,1722,,True,0
SRC-RAW-183445A0EAAF10D6BA02,POWER,not_selected_for_target,,absence_from_expert_target_workbook,4738,21,2022,CREDIT-D893F45795D0,3360,,True,12
SRC-RAW-45B6A028FE1F86B70CD4,POWER,not_selected_for_target,,absence_from_expert_target_workbook,4739,22,2022,CREDIT-D893F45795D0,3360,,True,12
SRC-RAW-323DAC786A7551D92E85,POWER,not_selected_for_target,,absence_from_expert_target_workbook,4740,23,2022,CREDIT-D893F45795D0,3360,,True,12
SRC-RAW-4D17AA6A994FA2068F9B,POWER,not_selected_for_target,,absence_from_expert_target_workbook,4741,21,2022,CREDIT-4483A82B5A98,2919,,True,1
SRC-RAW-4914F26ED85265D0C909,POWER,not_selected_for_target,,absence_from_expert_target_workbook,4742,21,2022,CREDIT-7FD56F0BC119,3311,,True,57
SRC-RAW-C5734C20647D36FE3ECD,POWER,not_selected_for_target,,absence_from_expert_target_workbook,4743,22,2022,CREDIT-7FD56F0BC119,3311,,True,57
SRC-RAW-3555D9E9F9EBEBACF8E8,POWER,not_selected_for_target,,absence_from_expert_target_workbook,4744,23,2022,CREDIT-7FD56F0BC119,3311,,True,57
SRC-RAW-932118AF4C15BA5D30CD,POWER,not_selected_for_target,,absence_from_expert_target_workbook,4745,21,2022,CREDIT-CB8584073FB7,2669,,True,2
SRC-RAW-00E7BEC8F8799AA05E4A,POWER,not_selected_for_target,,absence_from_expert_target_workbook,4746,21,2022,CREDIT-73C877ECF88E,2023,,True,3
SRC-RAW-B95261DA7D6766F90B6A,POWER,not_selected_for_target,,absence_from_expert_target_workbook,4747,21,2022,CREDIT-7BF9CBA35494,4190,,True,0
SRC-RAW-CF24CF742421AA32E29E,POWER,not_selected_for_target,,absence_from_expert_target_workbook,4748,21,2022,CREDIT-AC9D791C377A,3360,,True,0
SRC-RAW-379063678184869B8A15,POWER,not_selected_for_target,,absence_from_expert_target_workbook,4749,22,2022,CREDIT-AC9D791C377A,3360,,True,0
SRC-RAW-3B6ABDB28F845EAE3D0D,POWER,not_selected_for_target,,absence_from_expert_target_workbook,4750,23,2022,CREDIT-AC9D791C377A,3360,,True,0
SRC-RAW-03BE3728EBC78F83A1D5,POWER,not_selected_for_target,,absence_from_expert_target_workbook,4751,21,2022,CREDIT-0572E03A0634,2659,,True,22
SRC-RAW-9B8E43ACEB37947FDF63,POWER,not_selected_for_target,,absence_from_expert_target_workbook,4752,22,2022,CREDIT-0572E03A0634,2659,,True,22
SRC-RAW-0AF2E5697AF5B1AF792E,POWER,not_selected_for_target,,absence_from_expert_target_workbook,4753,21,2022,ORG-B03B77A2B96C,1399,,True,0
SRC-RAW-E132E3D1CD1C1CB39CF0,POWER,not_selected_for_target,,absence_from_expert_target_workbook,4754,21,2022,ORG-6A90DF6618D2,1761,,True,0
SRC-RAW-EF609B8525A2A41610AC,POWER,not_selected_for_target,,absence_from_expert_target_workbook,4755,21,2022,ORG-E2AA301BD1C1,1830,,True,0
SRC-RAW-CBC358FEF4034CF21716,POWER,not_selected_for_target,,absence_from_expert_target_workbook,4756,22,2022,ORG-E2AA301BD1C1,1830,,True,0
SRC-RAW-6D434140EE68A80989FD,POWER,not_selected_for_target,,absence_from_expert_target_workbook,4757,21,2022,CREDIT-3068F9D00F22,3031,,True,0
SRC-RAW-D0FC65DD8FFA2A495AA7,POWER,not_selected_for_target,,absence_from_expert_target_workbook,4758,21,2022,CREDIT-2D25B433AC2F,1829,,True,0
SRC-RAW-35B4517F15B3ADB08B9D,POWER,not_selected_for_target,,absence_from_expert_target_workbook,4759,21,2022,ORG-2CE0D86A24B5,2239,,True,1
SRC-RAW-1A26FA9666A73EAC586F,POWER,not_selected_for_target,,absence_from_expert_target_workbook,4760,21,2022,ORG-6E5741781CD1,2319,,True,1
SRC-RAW-28C8D7377340612D5446,POWER,not_selected_for_target,,absence_from_expert_target_workbook,4761,21,2022,CREDIT-6A519A289D64,3360,,True,3
SRC-RAW-324CB0704EE74BDCB61E,POWER,not_selected_for_target,,absence_from_expert_target_workbook,4762,21,2022,CREDIT-7081E90756AD,3360,,True,2
SRC-RAW-07B9FDE55CD0A9051E60,POWER,not_selected_for_target,,absence_from_expert_target_workbook,4763,22,2022,CREDIT-7081E90756AD,3360,,True,2
SRC-RAW-5C3A139121140495A388,POWER,not_selected_for_target,,absence_from_expert_target_workbook,4764,21,2022,ORG-0BDC3FCEAB3D,2924,,True,1
SRC-RAW-3A804BBA1704B5A988A3,POWER,not_selected_for_target,,absence_from_expert_target_workbook,4765,22,2022,ORG-0BDC3FCEAB3D,2924,,True,1
SRC-RAW-C97E078760FAB501A653,POWER,not_selected_for_target,,absence_from_expert_target_workbook,4766,21,2022,CREDIT-DB1E280962EB,2929,,True,5
SRC-RAW-FBCF3D4E0326C5723947,POWER,not_selected_for_target,,absence_from_expert_target_workbook,4767,22,2022,CREDIT-DB1E280962EB,2929,,True,5
SRC-RAW-94D3FDDFAFD889CEE41F,POWER,not_selected_for_target,,absence_from_expert_target_workbook,4768,23,2022,CREDIT-DB1E280962EB,2929,,True,5
SRC-RAW-F36B93436C4ECD152813,POWER,not_selected_for_target,,absence_from_expert_target_workbook,4769,24,2022,CREDIT-DB1E280962EB,2929,,True,5
SRC-RAW-4793E82E81A2B81A7073,POWER,not_selected_for_target,,absence_from_expert_target_workbook,4770,25,2022,CREDIT-DB1E280962EB,2929,,True,5
SRC-RAW-57B881A01E2CA6C2C0DB,POWER,not_selected_for_target,,absence_from_expert_target_workbook,4771,26,2022,CREDIT-DB1E280962EB,2929,,True,5
SRC-RAW-8959969FDE5AC0B3CDD2,POWER,not_selected_for_target,,absence_from_expert_target_workbook,4772,27,2022,CREDIT-DB1E280962EB,2929,,True,5
SRC-RAW-07B3EC5962049F1F3690,POWER,not_selected_for_target,,absence_from_expert_target_workbook,4773,28,2022,CREDIT-DB1E280962EB,2929,,True,5
SRC-RAW-E696BE2A22AE81CAB19A,POWER,not_selected_for_target,,absence_from_expert_target_workbook,4774,21,2022,CREDIT-E80DD3569D22,2239,,True,3
SRC-RAW-BED032FD60F30F89F887,POWER,not_selected_for_target,,absence_from_expert_target_workbook,4775,21,2022,CREDIT-963255FB7AD0,3360,,True,10
SRC-RAW-9D19EAB5D95A5306B28C,POWER,not_selected_for_target,,absence_from_expert_target_workbook,4776,22,2022,CREDIT-963255FB7AD0,3360,,True,10
SRC-RAW-22444E7902F0F3F37FF9,POWER,not_selected_for_target,,absence_from_expert_target_workbook,4777,21,2022,CREDIT-23CE152DBBAE,3399,,True,7
SRC-RAW-72AC9A3BC44946BF1B89,POWER,not_selected_for_target,,absence_from_expert_target_workbook,4778,21,2022,CREDIT-37492322AC47,2929,,True,3
SRC-RAW-20E90744E9892B5C238F,POWER,not_selected_for_target,,absence_from_expert_target_workbook,4779,21,2022,CREDIT-737E1854D709,3360,,True,1
SRC-RAW-ACB7E2BCE80F003FFA27,POWER,not_selected_for_target,,absence_from_expert_target_workbook,4780,22,2022,CREDIT-737E1854D709,3360,,True,1
SRC-RAW-09AA23D362DAC9EF822E,POWER,not_selected_for_target,,absence_from_expert_target_workbook,4781,21,2022,CREDIT-5AE700BA223C,3984,,True,2
SRC-RAW-0B829BD5EAD6F4650CAC,POWER,not_selected_for_target,,absence_from_expert_target_workbook,4782,22,2022,CREDIT-5AE700BA223C,3984,,True,2
SRC-RAW-9E18070C139430BAD927,POWER,not_selected_for_target,,absence_from_expert_target_workbook,4783,21,2022,CREDIT-444E4CBBD83D,2922,,True,1
SRC-RAW-B40AE150A87090378FFD,POWER,not_selected_for_target,,absence_from_expert_target_workbook,4784,22,2022,CREDIT-444E4CBBD83D,2922,,True,1
SRC-RAW-7BD594C6D642E5E557E8,POWER,not_selected_for_target,,absence_from_expert_target_workbook,4785,21,2022,CREDIT-5DF94EB771D8,2919,,True,10
SRC-RAW-B4B7E052C86B430F84A3,POWER,not_selected_for_target,,absence_from_expert_target_workbook,4786,21,2022,CREDIT-E8F1A6A6BDFA,2239,,True,1
SRC-RAW-799B566FDDB9D216F315,POWER,not_selected_for_target,,absence_from_expert_target_workbook,4787,22,2022,CREDIT-E8F1A6A6BDFA,2239,,True,1
SRC-RAW-C56D18E79535944B82ED,POWER,not_selected_for_target,,absence_from_expert_target_workbook,4788,23,2022,CREDIT-E8F1A6A6BDFA,2239,,True,1
SRC-RAW-229F39A3C7ACDED8D49F,POWER,not_selected_for_target,,absence_from_expert_target_workbook,4789,24,2022,CREDIT-E8F1A6A6BDFA,2239,,True,1
SRC-RAW-E7FCC4476B4BCDC647DF,POWER,not_selected_for_target,,absence_from_expert_target_workbook,4790,21,2022,CREDIT-A7136EF5AF2C,3360,,True,12
SRC-RAW-BDB1284118B46A933651,POWER,not_selected_for_target,,absence_from_expert_target_workbook,4791,22,2022,CREDIT-A7136EF5AF2C,3360,,True,12
SRC-RAW-2C29C9AFF9161F262262,POWER,not_selected_for_target,,absence_from_expert_target_workbook,4792,21,2022,CREDIT-E629E6EF7D2A,2442,,True,14
SRC-RAW-844DCEA089B0D62CBAA2,POWER,not_selected_for_target,,absence_from_expert_target_workbook,4793,22,2022,CREDIT-E629E6EF7D2A,2442,,True,14
SRC-RAW-A2F7D1F83F23A27434D2,POWER,not_selected_for_target,,absence_from_expert_target_workbook,4794,23,2022,CREDIT-E629E6EF7D2A,2442,,True,14
SRC-RAW-80EF088766EA27D263D8,POWER,not_selected_for_target,,absence_from_expert_target_workbook,4795,21,2022,CREDIT-4E9638577BEB,2924,,True,1
SRC-RAW-CBE15DD6D685C86D2687,POWER,not_selected_for_target,,absence_from_expert_target_workbook,4796,21,2022,CREDIT-330AA84C179E,2924,,True,1
SRC-RAW-C1A02539CBF0F06DC6BD,POWER,not_selected_for_target,,absence_from_expert_target_workbook,4797,21,2022,CREDIT-5BF7AF6B2620,2449,,True,7
SRC-RAW-42D8CC928D7D9112379D,POWER,not_selected_for_target,,absence_from_expert_target_workbook,4798,21,2022,CREDIT-CB35FE3CD689,3360,,True,42
SRC-RAW-1D1D8D5051F48CC46210,POWER,not_selected_for_target,,absence_from_expert_target_workbook,4799,22,2022,CREDIT-CB35FE3CD689,3360,,True,42
SRC-RAW-606687207B54A9B68E54,POWER,not_selected_for_target,,absence_from_expert_target_workbook,4800,23,2022,CREDIT-CB35FE3CD689,3360,,True,42
SRC-RAW-872F6190ACC778432063,POWER,not_selected_for_target,,absence_from_expert_target_workbook,4801,21,2022,CREDIT-EA8E492B63E6,2239,,True,3
SRC-RAW-6D24301ECC1E21094090,POWER,not_selected_for_target,,absence_from_expert_target_workbook,4802,22,2022,CREDIT-EA8E492B63E6,2239,,True,3
SRC-RAW-3150B8B6519B41C9536C,POWER,not_selected_for_target,,absence_from_expert_target_workbook,4803,21,2022,ORG-FF43D6F06FF4,2449,,True,8
SRC-RAW-1DE5D6D689C82A8FDC01,POWER,not_selected_for_target,,absence_from_expert_target_workbook,4804,21,2022,CREDIT-B96C660678CC,3360,,True,58
SRC-RAW-2DA6EA21C4577E8BD1C6,POWER,not_selected_for_target,,absence_from_expert_target_workbook,4805,22,2022,CREDIT-B96C660678CC,3360,,True,58
SRC-RAW-9E944AB5AD3C16C604CF,POWER,not_selected_for_target,,absence_from_expert_target_workbook,4806,21,2022,ORG-4045B722AE9D,2239,,True,0
SRC-RAW-DC92EAEAEA4ED4973A23,POWER,not_selected_for_target,,absence_from_expert_target_workbook,4807,22,2022,ORG-4045B722AE9D,2239,,True,0
SRC-RAW-F215093A363F3FEC7D5B,POWER,not_selected_for_target,,absence_from_expert_target_workbook,4808,21,2022,CREDIT-E52AA79C5A2F,2239,,True,2
SRC-RAW-8D95AD6EB9A6CE348150,POWER,not_selected_for_target,,absence_from_expert_target_workbook,4809,21,2022,CREDIT-3C1AAC6E995A,2641,,True,3
SRC-RAW-75DD7110F8CC9651E0F5,POWER,not_selected_for_target,,absence_from_expert_target_workbook,4810,21,2022,CREDIT-6F1CC9138596,2929,,True,8
SRC-RAW-C22CC8C49ECC35F50D9B,POWER,not_selected_for_target,,absence_from_expert_target_workbook,4811,21,2022,ORG-CEACD787F3CE,2023,,True,3
SRC-RAW-4589C0EFDE88D7DDB1A4,POWER,not_selected_for_target,,absence_from_expert_target_workbook,4812,21,2022,CREDIT-9758706857D4,2924,,True,0
SRC-RAW-DF5D6DE0A4F4E4B1E36C,POWER,not_selected_for_target,,absence_from_expert_target_workbook,4813,21,2022,CREDIT-2C4B8114AF5D,3031,,True,0
SRC-RAW-159C1274A81C5DADD5F8,POWER,not_selected_for_target,,absence_from_expert_target_workbook,4814,21,2022,CREDIT-4BB32BB9A496,2110,,True,5
SRC-RAW-6266C313FC0BA90A4377,POWER,not_selected_for_target,,absence_from_expert_target_workbook,4815,22,2022,CREDIT-4BB32BB9A496,2110,,True,5
SRC-RAW-F532FE482FC7C6D23590,POWER,not_selected_for_target,,absence_from_expert_target_workbook,4816,23,2022,CREDIT-4BB32BB9A496,2110,,True,5
SRC-RAW-5DF81D3FDDFC15DFD8CF,POWER,not_selected_for_target,,absence_from_expert_target_workbook,4817,21,2022,CREDIT-90A587878D2B,2924,,True,0
SRC-RAW-BC96FC9FE0C6596E78BA,POWER,not_selected_for_target,,absence_from_expert_target_workbook,4818,22,2022,CREDIT-90A587878D2B,2924,,True,0
SRC-RAW-8B4E0DF9FC0F2945A6CA,POWER,not_selected_for_target,,absence_from_expert_target_workbook,4819,21,2022,CREDIT-2279733F1A84,2929,,True,0
SRC-RAW-29B3E787B5D92ACB2413,POWER,not_selected_for_target,,absence_from_expert_target_workbook,4820,21,2022,CREDIT-A06E6958D293,1329,,True,1
SRC-RAW-C07EC3E32372F6A40C71,POWER,not_selected_for_target,,absence_from_expert_target_workbook,4821,21,2022,CREDIT-CB6B25CC84C3,2669,,True,2
SRC-RAW-4CEF6B0B0D0FC080571A,POWER,not_selected_for_target,,absence_from_expert_target_workbook,4822,21,2022,CREDIT-31EC73988A4A,2924,,True,0
SRC-RAW-BF0A4DF1284473157F58,POWER,not_selected_for_target,,absence_from_expert_target_workbook,4823,21,2022,CREDIT-C7903A7342DF,2110,,True,2
SRC-RAW-C297E0BA64AF236C43BD,POWER,not_selected_for_target,,absence_from_expert_target_workbook,4824,21,2022,CREDIT-51A1FBCCADDF,2239,,True,0
SRC-RAW-5251D4BD55111ADE5460,POWER,not_selected_for_target,,absence_from_expert_target_workbook,4825,21,2022,CREDIT-B0066B996D06,2231,,True,0
SRC-RAW-74AA9609ED38C6EA820E,POWER,not_selected_for_target,,absence_from_expert_target_workbook,4826,21,2022,ORG-A91EDCF78CCC,2110,,True,1
SRC-RAW-F79F0A16BAE2DC0E78D7,POWER,not_selected_for_target,,absence_from_expert_target_workbook,4827,21,2022,CREDIT-F00B28A6AA75,2239,,True,1
SRC-RAW-2F9941D334CD962B75F4,POWER,not_selected_for_target,,absence_from_expert_target_workbook,4828,21,2022,CREDIT-B5EBD57F9057,2924,,True,0
SRC-RAW-3748DEF638748EDF5CA4,POWER,not_selected_for_target,,absence_from_expert_target_workbook,4829,21,2022,ORG-CC05FDACCDF0,2019,,True,0
SRC-RAW-68FAF62523A33F88893D,POWER,not_selected_for_target,,absence_from_expert_target_workbook,4830,21,2022,CREDIT-4DA00E010BDA,2239,,True,2
SRC-RAW-C8957789ECB40BEC1B17,POWER,not_selected_for_target,,absence_from_expert_target_workbook,4831,22,2022,CREDIT-4DA00E010BDA,2239,,True,2
SRC-RAW-94F1EBC82E3F4847DB6B,POWER,not_selected_for_target,,absence_from_expert_target_workbook,4832,21,2022,CREDIT-7121DC570F1D,3424,,True,4
SRC-RAW-292F0381A805A6C885C2,POWER,not_selected_for_target,,absence_from_expert_target_workbook,4833,21,2022,CREDIT-98C69CF431AC,2641,,True,3
SRC-RAW-653D7E6B38B8D0DC42E4,POWER,not_selected_for_target,,absence_from_expert_target_workbook,4834,21,2022,CREDIT-5185278D2EA6,3311,,True,10
SRC-RAW-503E7810652B1682DEA7,POWER,not_selected_for_target,,absence_from_expert_target_workbook,4835,22,2022,CREDIT-5185278D2EA6,3311,,True,10
SRC-RAW-606F484812F566660739,POWER,not_selected_for_target,,absence_from_expert_target_workbook,4836,23,2022,CREDIT-5185278D2EA6,3311,,True,10
SRC-RAW-44D159C0429F0F7B5765,POWER,not_selected_for_target,,absence_from_expert_target_workbook,4837,24,2022,CREDIT-5185278D2EA6,3311,,True,10
SRC-RAW-3F0629F4415127CDAEC5,POWER,not_selected_for_target,,absence_from_expert_target_workbook,4838,21,2022,CREDIT-683EDAFAAE61,2661,,True,1
SRC-RAW-CF05CBFD9ABB2D718AD1,POWER,not_selected_for_target,,absence_from_expert_target_workbook,4839,21,2022,ORG-9EB6178885E3,1499,,True,1
SRC-RAW-CC39CB06954FDE5E5C0E,POWER,not_selected_for_target,,absence_from_expert_target_workbook,4840,21,2022,ORG-59A8701414E2,2651,,True,0
SRC-RAW-054CD73BE2DBFCF75237,POWER,not_selected_for_target,,absence_from_expert_target_workbook,4841,22,2022,ORG-59A8701414E2,2651,,True,0
SRC-RAW-9DCB4CE8C5ED9BA82B4E,POWER,not_selected_for_target,,absence_from_expert_target_workbook,4842,21,2022,ORG-E2B65B181691,2919,,True,1
SRC-RAW-655E208165AAF43FE351,POWER,not_selected_for_target,,absence_from_expert_target_workbook,4843,21,2022,ORG-FCC4523521B0,3360,,True,0
SRC-RAW-D9DFA3F5306E2200E439,POWER,not_selected_for_target,,absence_from_expert_target_workbook,4844,21,2022,ORG-115F0267B094,2651,,True,0
SRC-RAW-CCF741A8A24D321DCC2A,POWER,not_selected_for_target,,absence_from_expert_target_workbook,4845,21,2022,CREDIT-67021EF5B321,1353,,True,2
SRC-RAW-FDB5D229FC4A558FE077,POWER,include,341,canonical_expert_scope_order,4846,11,2022,CREDIT-11796C94048B,4411,燃气轮机,True,0
SRC-RAW-3BB7445D05328122E78D,POWER,not_selected_for_target,,absence_from_expert_target_workbook,4847,21,2022,CREDIT-BE0FF529C3B4,2669,,True,2
SRC-RAW-BBAA3AD6251CAF4DB36F,POWER,not_selected_for_target,,absence_from_expert_target_workbook,4848,22,2022,CREDIT-BE0FF529C3B4,2669,,True,2
SRC-RAW-5F19D3186772B6CB43CD,POWER,not_selected_for_target,,absence_from_expert_target_workbook,4849,21,2022,CREDIT-F5D034C3640C,2651,,True,0
SRC-RAW-F05D274D40AC9B642368,POWER,include,342,canonical_expert_scope_order,4850,11,2022,CREDIT-2EC7C71C401F,4411,燃煤锅炉,True,6
SRC-RAW-D4CA402F1C186726C968,POWER,include,343,canonical_expert_scope_order,4851,12,2022,CREDIT-2EC7C71C401F,4411,燃煤锅炉,True,6
SRC-RAW-E906ED14C8B1A69F8B60,POWER,not_selected_for_target,,absence_from_expert_target_workbook,4852,21,2022,CREDIT-13CFBE9AC0F5,3985,,True,2
SRC-RAW-D101A5FB81E924C8C632,POWER,not_selected_for_target,,absence_from_expert_target_workbook,4853,22,2022,CREDIT-13CFBE9AC0F5,3985,,True,2
SRC-RAW-DE906A6B92B09AD2E309,POWER,not_selected_for_target,,absence_from_expert_target_workbook,4854,23,2022,CREDIT-13CFBE9AC0F5,3985,,True,2
SRC-RAW-7F67D5F7567694B8061E,POWER,include,344,canonical_expert_scope_order,4855,11,2022,CREDIT-5F1649553579,4411,燃煤锅炉,True,9
SRC-RAW-3DAC9E79EA63416E368D,POWER,include,345,canonical_expert_scope_order,4856,12,2022,CREDIT-5F1649553579,4411,燃煤锅炉,True,9
SRC-RAW-E3BC88DFACEAAA1B6157,POWER,include,346,canonical_expert_scope_order,4857,13,2022,CREDIT-5F1649553579,4411,燃煤锅炉,True,9
SRC-RAW-B1F479DFAC44FA5CF4FB,POWER,not_selected_for_target,,absence_from_expert_target_workbook,4858,21,2022,CREDIT-477B979FDD4F,2925,,True,1
SRC-RAW-E300D0CA3AB407A3F684,POWER,not_selected_for_target,,absence_from_expert_target_workbook,4859,21,2022,ORG-EBFEBB635440,2925,,True,1
SRC-RAW-635D84F07FA64F8FEAE8,POWER,not_selected_for_target,,absence_from_expert_target_workbook,4860,21,2022,CREDIT-16A2D8E8CFDE,1723,,True,0
SRC-RAW-3F9AD360A6463A22261C,POWER,not_selected_for_target,,absence_from_expert_target_workbook,4861,22,2022,CREDIT-16A2D8E8CFDE,1723,,True,0
SRC-RAW-A3AA9018ED2DE87BEC66,POWER,not_selected_for_target,,absence_from_expert_target_workbook,4862,21,2022,CREDIT-539C85676FFF,1929,,True,1
SRC-RAW-764D1A80B96306CFBC9F,POWER,not_selected_for_target,,absence_from_expert_target_workbook,4863,21,2022,ORG-0D765F12F6CA,2925,,True,1
SRC-RAW-A3432FD3FABE5EFC447A,POWER,not_selected_for_target,,absence_from_expert_target_workbook,4864,21,2022,CREDIT-7FB0EA9C90CA,2925,,True,1
SRC-RAW-5B62BC6D0281AA5E494F,POWER,not_selected_for_target,,absence_from_expert_target_workbook,4865,21,2022,CREDIT-193E5F5F28A8,2239,,True,1
SRC-RAW-8E19593F6EA939E08379,POWER,not_selected_for_target,,absence_from_expert_target_workbook,4866,21,2022,CREDIT-442B0F61B531,2929,,True,28
SRC-RAW-3AE35C06042FE8175AB3,POWER,not_selected_for_target,,absence_from_expert_target_workbook,4867,22,2022,CREDIT-442B0F61B531,2929,,True,28
SRC-RAW-7D6C160C01C8161C41CD,POWER,not_selected_for_target,,absence_from_expert_target_workbook,4868,21,2022,CREDIT-702372181939,2922,,True,4
SRC-RAW-631D0DBADDC20BE7BBF9,POWER,not_selected_for_target,,absence_from_expert_target_workbook,4869,21,2022,CREDIT-9B4B9AC3B305,2929,,True,2
SRC-RAW-5729D8DE4E7BF1B84E01,POWER,not_selected_for_target,,absence_from_expert_target_workbook,4870,22,2022,CREDIT-9B4B9AC3B305,2929,,True,2
SRC-RAW-A20702B7866AD7982FC0,POWER,not_selected_for_target,,absence_from_expert_target_workbook,4871,21,2022,CREDIT-4759A3E8ADBC,1469,,True,0
SRC-RAW-D65D6840FF25A017564F,POWER,not_selected_for_target,,absence_from_expert_target_workbook,4872,22,2022,CREDIT-4759A3E8ADBC,1469,,True,0
SRC-RAW-F248164DF6B5D41D3A27,POWER,not_selected_for_target,,absence_from_expert_target_workbook,4873,21,2022,CREDIT-C4153100D152,2231,,True,2
SRC-RAW-E66CFAF0F344B020FBCB,POWER,not_selected_for_target,,absence_from_expert_target_workbook,4874,21,2022,CREDIT-EBD9338F530C,2925,,True,1
SRC-RAW-04DE2E5BE0FE2EC3F62C,POWER,not_selected_for_target,,absence_from_expert_target_workbook,4875,21,2022,CREDIT-53278E99FA6F,2924,,True,1
SRC-RAW-3B04B59FB5C05AB80CB1,POWER,not_selected_for_target,,absence_from_expert_target_workbook,4876,22,2022,CREDIT-53278E99FA6F,2924,,True,1
SRC-RAW-1704C375BBA5EB636CB1,POWER,not_selected_for_target,,absence_from_expert_target_workbook,4877,21,2022,CREDIT-BE5610FBB9A8,3670,,True,1
SRC-RAW-2F406CFFEFB381AC4E36,POWER,not_selected_for_target,,absence_from_expert_target_workbook,4878,22,2022,CREDIT-BE5610FBB9A8,3670,,True,1
SRC-RAW-864206880F0AEA9E4F05,POWER,not_selected_for_target,,absence_from_expert_target_workbook,4879,21,2022,CREDIT-D9865C447C46,2925,,True,2
SRC-RAW-EE735A3BF173A5A834E6,POWER,not_selected_for_target,,absence_from_expert_target_workbook,4880,21,2022,ORG-971429E89BEA,2029,,True,4
SRC-RAW-12EC93D336D3CEE3F8C8,POWER,not_selected_for_target,,absence_from_expert_target_workbook,4881,21,2022,CREDIT-44362E096977,3099,,True,1
SRC-RAW-9199B2CEA6CE1DD6760C,POWER,not_selected_for_target,,absence_from_expert_target_workbook,4882,21,2022,CREDIT-973800F9453E,2925,,True,1
SRC-RAW-7CC4DB9DF246619C8D22,POWER,not_selected_for_target,,absence_from_expert_target_workbook,4883,21,2022,ORG-5285B105674A,2651,,True,2
SRC-RAW-9DACF42E9A3AB4D01298,POWER,not_selected_for_target,,absence_from_expert_target_workbook,4884,11,2022,CREDIT-11453A2C3284,4417,燃生物质锅炉,True,3
SRC-RAW-D6E45D875E9AF2B3BB71,POWER,not_selected_for_target,,absence_from_expert_target_workbook,4885,12,2022,CREDIT-11453A2C3284,4417,燃生物质锅炉,True,3
SRC-RAW-540564F3DCE00B52D244,POWER,not_selected_for_target,,absence_from_expert_target_workbook,4886,21,2022,CREDIT-2DC1C6579F1C,3974,,True,5
SRC-RAW-DFD1A97CE84FD8FF8722,POWER,not_selected_for_target,,absence_from_expert_target_workbook,4887,22,2022,CREDIT-2DC1C6579F1C,3974,,True,5
SRC-RAW-33A1F0F4A4A24DE7C479,POWER,not_selected_for_target,,absence_from_expert_target_workbook,4888,23,2022,CREDIT-2DC1C6579F1C,3974,,True,5
SRC-RAW-364ADC4259FED2C72DCC,POWER,not_selected_for_target,,absence_from_expert_target_workbook,4889,21,2022,CREDIT-8AFB3144105C,2929,,True,3
SRC-RAW-C1B03B9D7A7B7FD5E97B,POWER,not_selected_for_target,,absence_from_expert_target_workbook,4890,21,2022,CREDIT-BBEE7474F970,2919,,True,2
SRC-RAW-BC05650C37564F0C0A3E,POWER,not_selected_for_target,,absence_from_expert_target_workbook,4891,21,2022,CREDIT-615FFDB3F96A,1499,,True,0
SRC-RAW-6A0EA7CECFCB7EB0D8DD,POWER,not_selected_for_target,,absence_from_expert_target_workbook,4892,21,2022,CREDIT-8959D8DF51CA,2912,,True,2
SRC-RAW-8C205A0AEA52142B48EA,POWER,not_selected_for_target,,absence_from_expert_target_workbook,4893,21,2022,CREDIT-C8816EA4C06F,2919,,True,1
SRC-RAW-88D9ED2A77B3E71C0834,POWER,not_selected_for_target,,absence_from_expert_target_workbook,4894,11,2022,CREDIT-05A096282975,4417,燃生物质锅炉,True,3
SRC-RAW-07BDEFC16D760A9208C5,POWER,not_selected_for_target,,absence_from_expert_target_workbook,4895,12,2022,CREDIT-05A096282975,4417,燃生物质锅炉,True,3
SRC-RAW-5708B962ACE800FC2524,POWER,not_selected_for_target,,absence_from_expert_target_workbook,4896,13,2022,CREDIT-05A096282975,4417,燃生物质锅炉,True,3
SRC-RAW-EBFE0D1300EE81159919,POWER,not_selected_for_target,,absence_from_expert_target_workbook,4897,14,2022,CREDIT-05A096282975,4417,燃生物质锅炉,True,3
SRC-RAW-16997FB97D190B312090,POWER,not_selected_for_target,,absence_from_expert_target_workbook,4898,21,2022,ORG-E1F5834F2A0A,1910,,True,1
SRC-RAW-FD0E36F891862628D213,POWER,not_selected_for_target,,absence_from_expert_target_workbook,4899,21,2022,CREDIT-E8F400C9AFE1,2231,,True,6
SRC-RAW-74809B16E9EC47213FC7,POWER,not_selected_for_target,,absence_from_expert_target_workbook,4900,22,2022,CREDIT-E8F400C9AFE1,2231,,True,6
SRC-RAW-BCB784908BC80A7CCEB8,POWER,not_selected_for_target,,absence_from_expert_target_workbook,4901,21,2022,CREDIT-4F036A5D9EA6,1781,,True,0
SRC-RAW-D21139D09B87726593FA,POWER,not_selected_for_target,,absence_from_expert_target_workbook,4902,21,2022,CREDIT-447DD0D43AE3,2925,,True,1
SRC-RAW-E01FDC14D6571D8D4B32,POWER,not_selected_for_target,,absence_from_expert_target_workbook,4903,21,2022,CREDIT-2D1149388C57,2641,,True,4
SRC-RAW-1D5E720748D5EE02AC94,POWER,not_selected_for_target,,absence_from_expert_target_workbook,4904,21,2022,CREDIT-75D119C46DED,2021,,True,4
SRC-RAW-D85B044F8A93E6416658,POWER,not_selected_for_target,,absence_from_expert_target_workbook,4905,21,2022,CREDIT-36369A415922,2661,,True,1
SRC-RAW-018525B458253EB3C56E,POWER,not_selected_for_target,,absence_from_expert_target_workbook,4906,21,2022,CREDIT-4202DB4E1894,2922,,True,1
SRC-RAW-19F12945AC466FFD44A9,POWER,not_selected_for_target,,absence_from_expert_target_workbook,4907,21,2022,ORG-89326F1F0CBE,1781,,True,6
SRC-RAW-60F1DEB6A65D322E09B3,POWER,not_selected_for_target,,absence_from_expert_target_workbook,4908,21,2022,CREDIT-E906BDE611B1,2444,,True,15
SRC-RAW-DE1EC5D4748556BBE132,POWER,not_selected_for_target,,absence_from_expert_target_workbook,4909,22,2022,CREDIT-E906BDE611B1,2444,,True,15
SRC-RAW-A7BF1C067BEA0C6DA488,POWER,not_selected_for_target,,absence_from_expert_target_workbook,4910,23,2022,CREDIT-E906BDE611B1,2444,,True,15
SRC-RAW-AE278289897B14D872AE,POWER,not_selected_for_target,,absence_from_expert_target_workbook,4911,21,2022,ORG-F5C3FCFD6020,2913,,True,4
SRC-RAW-8283EFE02B3EF5DA6A21,POWER,not_selected_for_target,,absence_from_expert_target_workbook,4912,21,2022,ORG-9139DADFFAE3,1752,,True,1
SRC-RAW-904F8FA0A2DEA90F4113,POWER,not_selected_for_target,,absence_from_expert_target_workbook,4913,21,2022,ORG-9642D1A55752,2929,,True,1
SRC-RAW-54A52AAD97A9FE094A54,POWER,not_selected_for_target,,absence_from_expert_target_workbook,4914,22,2022,ORG-9642D1A55752,2929,,True,1
SRC-RAW-7DF0D299352BF2B4EC38,POWER,not_selected_for_target,,absence_from_expert_target_workbook,4915,23,2022,ORG-9642D1A55752,2929,,True,1
SRC-RAW-CA720072156253DE6F4B,POWER,not_selected_for_target,,absence_from_expert_target_workbook,4916,21,2022,ORG-D6A655860FFC,1752,,True,2
SRC-RAW-17CC5A2E48830CFAC5B3,POWER,not_selected_for_target,,absence_from_expert_target_workbook,4917,22,2022,ORG-D6A655860FFC,1752,,True,2
SRC-RAW-CE41359F6B09887CC1B5,POWER,not_selected_for_target,,absence_from_expert_target_workbook,4918,21,2022,ORG-D12BA1381603,3831,,True,1
SRC-RAW-8652ECD377A37A8B46C1,POWER,not_selected_for_target,,absence_from_expert_target_workbook,4919,21,2022,CREDIT-F44B24FBB8EA,1752,,True,2
SRC-RAW-590E28889E3BFDC0F186,POWER,not_selected_for_target,,absence_from_expert_target_workbook,4920,21,2022,ORG-BA79CAF0B06D,2912,,True,5
SRC-RAW-01DC771E150EF527113F,POWER,not_selected_for_target,,absence_from_expert_target_workbook,4921,22,2022,ORG-BA79CAF0B06D,2912,,True,5
SRC-RAW-4456CE6924F216E8EA4B,POWER,not_selected_for_target,,absence_from_expert_target_workbook,4922,21,2022,CREDIT-FE7CC3DDE393,2929,,True,1
SRC-RAW-5D1EE7300AD3E3636930,POWER,not_selected_for_target,,absence_from_expert_target_workbook,4923,22,2022,CREDIT-FE7CC3DDE393,2929,,True,1
SRC-RAW-65FD9FF10BDCB4EADEEA,POWER,not_selected_for_target,,absence_from_expert_target_workbook,4924,21,2022,CREDIT-982FC88622E5,1959,,True,4
SRC-RAW-15AEA4FE31D4147555B2,POWER,not_selected_for_target,,absence_from_expert_target_workbook,4925,22,2022,CREDIT-982FC88622E5,1959,,True,4
SRC-RAW-32E9E6AC8B843BDD1097,POWER,not_selected_for_target,,absence_from_expert_target_workbook,4926,23,2022,CREDIT-982FC88622E5,1959,,True,4
SRC-RAW-5DA8DD3345799C757B9D,POWER,not_selected_for_target,,absence_from_expert_target_workbook,4927,21,2022,CREDIT-779E3210E41F,3099,,True,2
SRC-RAW-528DE4453A7F77B89F0E,POWER,not_selected_for_target,,absence_from_expert_target_workbook,4928,22,2022,CREDIT-779E3210E41F,3099,,True,2
SRC-RAW-349082408260C0240A68,POWER,not_selected_for_target,,absence_from_expert_target_workbook,4929,23,2022,CREDIT-779E3210E41F,3099,,True,2
SRC-RAW-5C763746065A0A46C484,POWER,not_selected_for_target,,absence_from_expert_target_workbook,4930,21,2022,CREDIT-0230591CA3CA,3021,,True,1
SRC-RAW-8A1002458BFB4AA709A4,POWER,not_selected_for_target,,absence_from_expert_target_workbook,4931,21,2022,ORG-4DF8EBFD0BEE,2012,,True,2
SRC-RAW-2BD0C455FB654B1A1753,POWER,not_selected_for_target,,absence_from_expert_target_workbook,4932,21,2022,CREDIT-D29DD00499DE,2651,,True,2
SRC-RAW-087D5BDE24635E965DE7,POWER,not_selected_for_target,,absence_from_expert_target_workbook,4933,22,2022,CREDIT-D29DD00499DE,2651,,True,2
SRC-RAW-6EEA185A96887212933D,POWER,not_selected_for_target,,absence_from_expert_target_workbook,4934,21,2022,ORG-D7F327AC6710,3099,,True,0
SRC-RAW-ABAD9365ED7704ABC37E,POWER,not_selected_for_target,,absence_from_expert_target_workbook,4935,22,2022,ORG-D7F327AC6710,3099,,True,0
SRC-RAW-AB14C7FE3226BB7D238F,POWER,not_selected_for_target,,absence_from_expert_target_workbook,4936,21,2022,ORG-5CEAF66A124D,3399,,True,3
SRC-RAW-ACA4935DB7137D86914F,POWER,not_selected_for_target,,absence_from_expert_target_workbook,4937,21,2022,ORG-830E4A6284A3,2651,,True,2
SRC-RAW-D58FCE76180CBED0D483,POWER,not_selected_for_target,,absence_from_expert_target_workbook,4938,21,2022,ORG-957CD859F001,2669,,True,2
SRC-RAW-91769EC0CCD9A862A2FF,POWER,not_selected_for_target,,absence_from_expert_target_workbook,4939,21,2022,ORG-16FFF8AEB6A8,2929,,True,4
SRC-RAW-8BBEF913F8D78B05A778,POWER,not_selected_for_target,,absence_from_expert_target_workbook,4940,22,2022,ORG-16FFF8AEB6A8,2929,,True,4
SRC-RAW-B2BEA554A6132020AB59,POWER,not_selected_for_target,,absence_from_expert_target_workbook,4941,21,2022,ORG-A9A321FBFEB1,3031,,True,1
SRC-RAW-0D265D8FE6353118F1D0,POWER,not_selected_for_target,,absence_from_expert_target_workbook,4942,21,2022,CREDIT-59AFBBC77E18,1752,,True,12
SRC-RAW-3D0F6E42BE684B8EC52F,POWER,not_selected_for_target,,absence_from_expert_target_workbook,4943,21,2022,ORG-1A38E5D45EF9,3099,,True,4
SRC-RAW-120DF2F7253FE2A3C73E,POWER,not_selected_for_target,,absence_from_expert_target_workbook,4944,22,2022,ORG-1A38E5D45EF9,3099,,True,4
SRC-RAW-A1982FF4F6BBAF4D11F8,POWER,not_selected_for_target,,absence_from_expert_target_workbook,4945,23,2022,ORG-1A38E5D45EF9,3099,,True,4
SRC-RAW-854C2B5D351D9C4D0718,POWER,not_selected_for_target,,absence_from_expert_target_workbook,4946,21,2022,ORG-FDBD3D1FF768,2019,,True,2
SRC-RAW-58ABBE84746063C7DAEF,POWER,not_selected_for_target,,absence_from_expert_target_workbook,4947,21,2022,ORG-B6391EA9231F,2019,,True,1
SRC-RAW-1A1110C95B07FB2ECF4B,POWER,not_selected_for_target,,absence_from_expert_target_workbook,4948,22,2022,ORG-B6391EA9231F,2019,,True,1
SRC-RAW-FE95C424ACD11943001F,POWER,not_selected_for_target,,absence_from_expert_target_workbook,4949,21,2022,ORG-C8AEE42AA3A3,2239,,True,2
SRC-RAW-C9766C1A039CF417BE27,POWER,not_selected_for_target,,absence_from_expert_target_workbook,4950,21,2022,ORG-A3FCD3C7E443,2924,,True,1
SRC-RAW-C2F80A49BBC7FD02089B,POWER,not_selected_for_target,,absence_from_expert_target_workbook,4951,21,2022,ORG-381F1EF28C3A,2019,,True,1
SRC-RAW-A6D44651272AF9D2053D,POWER,not_selected_for_target,,absence_from_expert_target_workbook,4952,21,2022,CREDIT-DF383ED4AC38,2651,,True,3
SRC-RAW-4063F8309E707D1DDAFF,POWER,not_selected_for_target,,absence_from_expert_target_workbook,4953,22,2022,CREDIT-DF383ED4AC38,2651,,True,3
SRC-RAW-B5CFF7AAC2A9307661C5,POWER,not_selected_for_target,,absence_from_expert_target_workbook,4954,23,2022,CREDIT-DF383ED4AC38,2651,,True,3
SRC-RAW-8E880A58EC31520571BD,POWER,include,347,canonical_expert_scope_order,4955,11,2022,CREDIT-2B67A232F97A,4430,燃煤锅炉,True,3
SRC-RAW-B156C48CC9B1A481901B,POWER,include,348,canonical_expert_scope_order,4956,12,2022,CREDIT-2B67A232F97A,4430,燃煤锅炉,True,3
SRC-RAW-1A6C774067FCCA04A420,POWER,include,349,canonical_expert_scope_order,4957,13,2022,CREDIT-2B67A232F97A,4430,燃气锅炉,True,3
SRC-RAW-57E69DC317746C9FB303,POWER,include,350,canonical_expert_scope_order,4958,14,2022,CREDIT-2B67A232F97A,4430,燃气锅炉,True,3
SRC-RAW-0EDF476F349CE5ADE9B6,POWER,include,351,canonical_expert_scope_order,4959,11,2022,CREDIT-99DD6B50647E,4411,燃气轮机,True,2
SRC-RAW-CA1900C60D52D426E520,POWER,include,352,canonical_expert_scope_order,4960,12,2022,CREDIT-99DD6B50647E,4411,燃气轮机,True,2
SRC-RAW-6676A728154F1FFB3ACD,POWER,not_selected_for_target,,absence_from_expert_target_workbook,4961,21,2022,CREDIT-99DD6B50647E,4411,,True,2
SRC-RAW-0FAD2DBE98099DAE3F58,POWER,not_selected_for_target,,absence_from_expert_target_workbook,4962,21,2022,CREDIT-05E0F14BA38B,3360,,True,14
SRC-RAW-B663ED5F1D051E474434,POWER,not_selected_for_target,,absence_from_expert_target_workbook,4963,22,2022,CREDIT-05E0F14BA38B,3360,,True,14
SRC-RAW-AC3BC494FC3246F375B9,POWER,not_selected_for_target,,absence_from_expert_target_workbook,4964,21,2022,ORG-391750E19D29,3360,,True,6
SRC-RAW-FD46941D660A17925203,POWER,not_selected_for_target,,absence_from_expert_target_workbook,4965,22,2022,ORG-391750E19D29,3360,,True,6
SRC-RAW-94F99811219C7D9F008F,POWER,include,353,canonical_expert_scope_order,4966,11,2022,ORG-C6F05F19B640,2221,燃气锅炉,True,0
SRC-RAW-822C34A08F5F308BAA3B,POWER,not_selected_for_target,,absence_from_expert_target_workbook,4967,21,2022,ORG-6D267738330F,1319,,True,0
SRC-RAW-77E45EDBEEFBAB332D9C,POWER,not_selected_for_target,,absence_from_expert_target_workbook,4968,21,2022,ORG-0BD65A8AFCE4,1431,,True,0
SRC-RAW-18BD72F193BFB3B8B5E1,POWER,not_selected_for_target,,absence_from_expert_target_workbook,4969,21,2022,CREDIT-134D20A2EF74,2929,,True,1
SRC-RAW-FEB782F291DE73CFA331,POWER,not_selected_for_target,,absence_from_expert_target_workbook,4970,21,2022,ORG-4CE9F8B3C520,1954,,True,2
SRC-RAW-7E9B47287FDA669D9BCD,POWER,not_selected_for_target,,absence_from_expert_target_workbook,4971,21,2022,ORG-B974790151B1,2239,,True,1
SRC-RAW-EA451DAB5590368A5D77,POWER,not_selected_for_target,,absence_from_expert_target_workbook,4972,21,2022,CREDIT-99A5D4A0521A,2223,,True,0
SRC-RAW-4BFB381547C0B1F661CD,POWER,not_selected_for_target,,absence_from_expert_target_workbook,4973,21,2022,CREDIT-85B848527000,1353,,True,0
SRC-RAW-315C631C7FF91FA2D606,POWER,not_selected_for_target,,absence_from_expert_target_workbook,4974,21,2022,ORG-0CABFDAD7F7C,2231,,True,0
SRC-RAW-84732AAA943F4967EB36,POWER,not_selected_for_target,,absence_from_expert_target_workbook,4975,21,2022,ORG-387724383FCE,2926,,True,1
SRC-RAW-897E2C2A87F6559F3523,POWER,not_selected_for_target,,absence_from_expert_target_workbook,4976,21,2022,CREDIT-049825655832,1953,,True,4
SRC-RAW-430C02CA770C2DFFAF2B,POWER,not_selected_for_target,,absence_from_expert_target_workbook,4977,21,2022,CREDIT-C405C3ADCCDF,1492,,True,2
SRC-RAW-A2F66856176211F75ED0,POWER,not_selected_for_target,,absence_from_expert_target_workbook,4978,21,2022,ORG-5D3EFFE3B318,1431,,True,0
SRC-RAW-4A235B31EB462794CA66,POWER,not_selected_for_target,,absence_from_expert_target_workbook,4979,21,2022,ORG-C368CB02A8E7,2319,,True,1
SRC-RAW-57219D96F176BE4B4603,POWER,not_selected_for_target,,absence_from_expert_target_workbook,4980,21,2022,ORG-4FAE27CD8CAD,1431,,True,0
SRC-RAW-9CDF74DCD2D887F99169,POWER,not_selected_for_target,,absence_from_expert_target_workbook,4981,22,2022,ORG-4FAE27CD8CAD,1431,,True,0
SRC-RAW-3E434F514C6E5005030C,POWER,include,354,canonical_expert_scope_order,4982,11,2022,ORG-A46D34C51CE3,2221,燃气锅炉,True,1
SRC-RAW-E8160218F0F65A638AE0,POWER,not_selected_for_target,,absence_from_expert_target_workbook,4983,21,2022,ORG-8EBA57A40C62,1712,,True,0
SRC-RAW-C30BBD23CA5FA3386991,POWER,not_selected_for_target,,absence_from_expert_target_workbook,4984,21,2022,ORG-3AA59B966B74,1819,,True,0
SRC-RAW-9C4FE51707EAD2E39589,POWER,not_selected_for_target,,absence_from_expert_target_workbook,4985,21,2022,CREDIT-045C9BE732FE,2613,,True,1
SRC-RAW-6063D7714D0115D773CE,POWER,not_selected_for_target,,absence_from_expert_target_workbook,4986,22,2022,CREDIT-045C9BE732FE,2613,,True,1
SRC-RAW-697A5FB9C15C1A8B6387,POWER,not_selected_for_target,,absence_from_expert_target_workbook,4987,21,2022,ORG-E122709FE85E,1929,,True,2
SRC-RAW-943848C1991D59FBAD94,POWER,not_selected_for_target,,absence_from_expert_target_workbook,4988,21,2022,CREDIT-43950C1C9E3B,2921,,True,2
SRC-RAW-A00E107D6B6F106C5072,POWER,not_selected_for_target,,absence_from_expert_target_workbook,4989,21,2022,ORG-55ED0A534F62,3099,,True,1
SRC-RAW-6A7ACE363C66F836898E,POWER,not_selected_for_target,,absence_from_expert_target_workbook,4990,21,2022,ORG-4CB530694C8D,1752,,True,0
SRC-RAW-5A2E56310A0AD0B4A2FE,POWER,not_selected_for_target,,absence_from_expert_target_workbook,4991,22,2022,ORG-4CB530694C8D,1752,,True,0
SRC-RAW-79B9E530A61A188D8E63,POWER,not_selected_for_target,,absence_from_expert_target_workbook,4992,21,2022,ORG-B9CC750A4C93,1431,,True,0
SRC-RAW-E8B4619984310D9A8D61,POWER,not_selected_for_target,,absence_from_expert_target_workbook,4993,21,2022,ORG-6908A4AE3319,2029,,True,4
SRC-RAW-5DB221B2784D9C9B4E49,POWER,not_selected_for_target,,absence_from_expert_target_workbook,4994,21,2022,ORG-4BB4F080A5FB,2231,,True,0
SRC-RAW-D69E3EB7F873ECF02B86,POWER,not_selected_for_target,,absence_from_expert_target_workbook,4995,21,2022,ORG-78141121B012,3031,,True,1
SRC-RAW-6E0EE1A3B7FE30E27A8D,POWER,not_selected_for_target,,absence_from_expert_target_workbook,4996,21,2022,CREDIT-BF43192C0E6D,1954,,True,2
SRC-RAW-84305BCD3A49C22B294C,POWER,not_selected_for_target,,absence_from_expert_target_workbook,4997,21,2022,CREDIT-4423B2373BA8,1929,,True,3
SRC-RAW-8D9A1AE05D6F0DDA3781,POWER,not_selected_for_target,,absence_from_expert_target_workbook,4998,22,2022,CREDIT-4423B2373BA8,1929,,True,3
SRC-RAW-596F1E5DAC22C0776C6E,POWER,not_selected_for_target,,absence_from_expert_target_workbook,4999,21,2022,CREDIT-48D4DA117A08,1910,,True,6
SRC-RAW-36101E9EBF7E33EB32CE,POWER,not_selected_for_target,,absence_from_expert_target_workbook,5000,21,2022,ORG-D758E8148520,1929,,True,1
SRC-RAW-EF0B383F1F4D5FF30A41,POWER,not_selected_for_target,,absence_from_expert_target_workbook,5001,21,2022,ORG-08DCC92DAE6C,1431,,True,0
SRC-RAW-3EF12D8C6D02A49609FD,POWER,not_selected_for_target,,absence_from_expert_target_workbook,5002,21,2022,ORG-E2743D883C20,1959,,True,2
SRC-RAW-7B07FD44FD6EAD154128,POWER,not_selected_for_target,,absence_from_expert_target_workbook,5003,21,2022,ORG-B7B2708B61C6,1431,,True,0
SRC-RAW-2A75407AFD0891257684,POWER,not_selected_for_target,,absence_from_expert_target_workbook,5004,21,2022,ORG-ED4D0D131DCC,1431,,True,0
SRC-RAW-A4890B0276279349FD2B,POWER,not_selected_for_target,,absence_from_expert_target_workbook,5005,21,2022,CREDIT-2FBCF0DDC9C8,2319,,True,1
SRC-RAW-6C8A62FE1566849C3D92,POWER,not_selected_for_target,,absence_from_expert_target_workbook,5006,21,2022,CREDIT-BDC68AFF0DD5,2239,,True,0
SRC-RAW-A37FFFAF587CE0095A82,POWER,not_selected_for_target,,absence_from_expert_target_workbook,5007,22,2022,CREDIT-BDC68AFF0DD5,2239,,True,0
SRC-RAW-AF6FD4967F6A9FA293A9,POWER,not_selected_for_target,,absence_from_expert_target_workbook,5008,21,2022,ORG-037999A3CC60,1431,,True,0
SRC-RAW-2BCB801DA39CA2AEE267,POWER,not_selected_for_target,,absence_from_expert_target_workbook,5009,21,2022,ORG-3D94907C1E50,1431,,True,0
SRC-RAW-96965189696FEEF625BD,POWER,not_selected_for_target,,absence_from_expert_target_workbook,5010,21,2022,ORG-E8A7706C60B6,1431,,True,0
SRC-RAW-DF5668C6A1F9C5F65D3C,POWER,not_selected_for_target,,absence_from_expert_target_workbook,5011,21,2022,CREDIT-238D41FBB386,2231,,True,13
SRC-RAW-88D5BC69038362B6A5AE,POWER,not_selected_for_target,,absence_from_expert_target_workbook,5012,21,2022,CREDIT-0695A62322DD,2666,,True,1
SRC-RAW-24093BA2E8951899FA38,POWER,not_selected_for_target,,absence_from_expert_target_workbook,5013,21,2022,CREDIT-0EB111EF6B46,1713,,True,2
SRC-RAW-1A4C6169854AF950732C,POWER,not_selected_for_target,,absence_from_expert_target_workbook,5014,22,2022,CREDIT-0EB111EF6B46,1713,,True,2
SRC-RAW-79165623EAA46F8F1EDA,POWER,not_selected_for_target,,absence_from_expert_target_workbook,5015,23,2022,CREDIT-0EB111EF6B46,1713,,True,2
SRC-RAW-636703FF4A1D68492B55,POWER,not_selected_for_target,,absence_from_expert_target_workbook,5016,21,2022,CREDIT-C79DE7E719B9,0511,,True,0
SRC-RAW-21D949E00725DF269968,POWER,not_selected_for_target,,absence_from_expert_target_workbook,5017,22,2022,CREDIT-C79DE7E719B9,0511,,True,0
SRC-RAW-2C6166BFF054AAE39B26,POWER,not_selected_for_target,,absence_from_expert_target_workbook,5018,21,2022,CREDIT-1F908996E883,2231,,True,1
SRC-RAW-5EC44D7E5D2A998A6C8E,POWER,not_selected_for_target,,absence_from_expert_target_workbook,5019,21,2022,CREDIT-27D447C60981,2740,,True,1
SRC-RAW-4C3B936DAD8DAB4686B4,POWER,include,355,canonical_expert_scope_order,5020,11,2022,CREDIT-E516AC01E030,2221,燃煤锅炉,True,6
SRC-RAW-B38EDC42BC1BE9A5CAB7,POWER,include,356,canonical_expert_scope_order,5021,12,2022,CREDIT-E516AC01E030,2221,燃煤锅炉,True,6
SRC-RAW-67E4013E9CAB14733DE4,POWER,include,357,canonical_expert_scope_order,5022,13,2022,CREDIT-E516AC01E030,2221,燃煤锅炉,True,6
SRC-RAW-EF508FA6E060F8F80BA9,POWER,include,358,canonical_expert_scope_order,5023,14,2022,CREDIT-E516AC01E030,2221,燃煤锅炉,True,6
SRC-RAW-047B5DC7001BE36DF321,POWER,not_selected_for_target,,absence_from_expert_target_workbook,5024,21,2022,CREDIT-E516AC01E030,2221,,True,6
SRC-RAW-6D23CF0454501646150C,POWER,not_selected_for_target,,absence_from_expert_target_workbook,5025,21,2022,CREDIT-5A86BB61CFC0,1331,,True,4
SRC-RAW-16D29E2EF77BA05C9B52,POWER,not_selected_for_target,,absence_from_expert_target_workbook,5026,22,2022,CREDIT-5A86BB61CFC0,1331,,True,4
SRC-RAW-BA4810ADCA7C7500F425,POWER,not_selected_for_target,,absence_from_expert_target_workbook,5027,21,2022,CREDIT-B16A3A8E14A0,1399,,True,1
SRC-RAW-E0B869ECB499B676429E,POWER,not_selected_for_target,,absence_from_expert_target_workbook,5028,11,2022,CREDIT-D0F055E56CFD,4417,其他锅炉,True,3
SRC-RAW-D895BF95646AB77F4052,POWER,not_selected_for_target,,absence_from_expert_target_workbook,5029,12,2022,CREDIT-D0F055E56CFD,4417,其他锅炉,True,3
SRC-RAW-45130DFF6E5A482D76B3,POWER,not_selected_for_target,,absence_from_expert_target_workbook,5030,13,2022,CREDIT-D0F055E56CFD,4417,其他锅炉,True,3
SRC-RAW-2C881EB44920EDE36209,POWER,not_selected_for_target,,absence_from_expert_target_workbook,5031,21,2022,CREDIT-6B9F5CF72876,1331,,True,50
SRC-RAW-BF437889428D49D34B0B,POWER,not_selected_for_target,,absence_from_expert_target_workbook,5032,22,2022,CREDIT-6B9F5CF72876,1331,,True,50
SRC-RAW-EED8EB88730CE892CDA3,POWER,not_selected_for_target,,absence_from_expert_target_workbook,5033,23,2022,CREDIT-6B9F5CF72876,1331,,True,50
SRC-RAW-E71E30D09A8E200754D4,POWER,not_selected_for_target,,absence_from_expert_target_workbook,5034,21,2022,CREDIT-463800CF617A,1499,,True,6
SRC-RAW-45187CCF1201CAEB3747,POWER,not_selected_for_target,,absence_from_expert_target_workbook,5035,22,2022,CREDIT-463800CF617A,1499,,True,6
SRC-RAW-DCC51B1DF99C0E02B4B7,POWER,not_selected_for_target,,absence_from_expert_target_workbook,5036,23,2022,CREDIT-463800CF617A,1499,,True,6
SRC-RAW-C59A8F50EDBE3575088F,POWER,not_selected_for_target,,absence_from_expert_target_workbook,5037,21,2022,CREDIT-5E0F1A47D4D0,1353,,True,1
SRC-RAW-012BAD168535854F2F44,POWER,not_selected_for_target,,absence_from_expert_target_workbook,5038,21,2022,CREDIT-3DB096A23A81,1723,,True,2
SRC-RAW-71E9C1BA8A4B4DAA4095,POWER,not_selected_for_target,,absence_from_expert_target_workbook,5039,22,2022,CREDIT-3DB096A23A81,1723,,True,2
SRC-RAW-F0CA7C9D777FE1734C4F,POWER,include,359,canonical_expert_scope_order,5040,11,2022,CREDIT-643634870261,1391,燃煤锅炉,True,3
SRC-RAW-9C6B4707675ACBC33B55,POWER,include,360,canonical_expert_scope_order,5041,11,2022,CREDIT-55C7FD675A78,2221,燃煤锅炉,True,30
SRC-RAW-0446E22AB6D9960E7D50,POWER,not_selected_for_target,,absence_from_expert_target_workbook,5042,110,2022,CREDIT-55C7FD675A78,2221,其他锅炉,True,30
SRC-RAW-2BA048FA58280879EE4C,POWER,not_selected_for_target,,absence_from_expert_target_workbook,5043,12,2022,CREDIT-55C7FD675A78,2221,其他锅炉,True,30
SRC-RAW-1AF21459EF3A70BEDD8D,POWER,include,361,canonical_expert_scope_order,5044,13,2022,CREDIT-55C7FD675A78,2221,燃煤锅炉,True,30
SRC-RAW-4E59EAB4F2E48EC94BEB,POWER,include,362,canonical_expert_scope_order,5045,14,2022,CREDIT-55C7FD675A78,2221,燃煤锅炉,True,30
SRC-RAW-86ECEFDE8206FB409A3D,POWER,include,363,canonical_expert_scope_order,5046,15,2022,CREDIT-55C7FD675A78,2221,燃煤锅炉,True,30
SRC-RAW-50F033F252321CC47E7F,POWER,include,364,canonical_expert_scope_order,5047,16,2022,CREDIT-55C7FD675A78,2221,燃煤锅炉,True,30
SRC-RAW-9738EC4426C00780C8D7,POWER,include,365,canonical_expert_scope_order,5048,17,2022,CREDIT-55C7FD675A78,2221,燃煤锅炉,True,30
SRC-RAW-6E67CE59150CFC30034A,POWER,include,366,canonical_expert_scope_order,5049,18,2022,CREDIT-55C7FD675A78,2221,燃煤锅炉,True,30
SRC-RAW-9BF69049A57980E3BAD4,POWER,not_selected_for_target,,absence_from_expert_target_workbook,5050,19,2022,CREDIT-55C7FD675A78,2221,其他锅炉,True,30
SRC-RAW-5963BAEA53E733A15269,POWER,not_selected_for_target,,absence_from_expert_target_workbook,5051,21,2022,CREDIT-55C7FD675A78,2221,,True,30
SRC-RAW-B356B2E71C035568C9FB,POWER,not_selected_for_target,,absence_from_expert_target_workbook,5052,21,2022,CREDIT-1390DEEA0D22,1331,,True,3
SRC-RAW-8F099E94334F1880537D,POWER,not_selected_for_target,,absence_from_expert_target_workbook,5053,22,2022,CREDIT-1390DEEA0D22,1331,,True,3
SRC-RAW-0EB294BC18678FD485D2,POWER,include,367,canonical_expert_scope_order,5054,11,2022,CREDIT-DF71FBFA9C37,1713,,True,2
SRC-RAW-03FC74BF2F36C0133C7E,POWER,include,368,canonical_expert_scope_order,5055,12,2022,CREDIT-DF71FBFA9C37,1713,,True,2
SRC-RAW-C13AF692B2DFB14B2C41,POWER,not_selected_for_target,,absence_from_expert_target_workbook,5056,21,2022,CREDIT-ECA09B551BDC,3982,,True,15
SRC-RAW-A9F91DD248E59C583623,POWER,not_selected_for_target,,absence_from_expert_target_workbook,5057,22,2022,CREDIT-ECA09B551BDC,3982,,True,15
SRC-RAW-289E2E27D32AC29FF085,POWER,not_selected_for_target,,absence_from_expert_target_workbook,5058,21,2022,CREDIT-34745DF2E668,1469,,True,1
SRC-RAW-E5F10347A494C8E7973E,POWER,not_selected_for_target,,absence_from_expert_target_workbook,5059,21,2022,CREDIT-5A9699B5D518,3031,,True,1
SRC-RAW-A89E96874023A9ECC2A8,POWER,not_selected_for_target,,absence_from_expert_target_workbook,5060,21,2022,CREDIT-38D10EA25BF6,3031,,True,1
SRC-RAW-DBF1E229DF9B65EC8B58,POWER,not_selected_for_target,,absence_from_expert_target_workbook,5061,21,2022,CREDIT-71C73E93D75E,4190,,True,1
SRC-RAW-2E66A5FC18D0475E35C2,POWER,not_selected_for_target,,absence_from_expert_target_workbook,5062,21,2022,CREDIT-D9C1BD640251,1331,,True,1
SRC-RAW-546AD0C4820F2B2B7013,POWER,not_selected_for_target,,absence_from_expert_target_workbook,5063,21,2022,CREDIT-01AC4FE43762,3022,,True,1
SRC-RAW-972F6C7A39AB9261ED49,POWER,not_selected_for_target,,absence_from_expert_target_workbook,5064,22,2022,CREDIT-01AC4FE43762,3022,,True,1
SRC-RAW-14429F97F8F5592A2AEC,POWER,not_selected_for_target,,absence_from_expert_target_workbook,5065,21,2022,CREDIT-5FEC11929816,2921,,True,2
SRC-RAW-BF325D078789DC015B3F,POWER,not_selected_for_target,,absence_from_expert_target_workbook,5066,21,2022,CREDIT-C2D554AF7F04,1752,,True,11
SRC-RAW-46ED9A6F68A9AC3B3EBD,POWER,not_selected_for_target,,absence_from_expert_target_workbook,5067,21,2022,CREDIT-4B7FA3C8F0D0,2641,,True,4
SRC-RAW-B9E125983FE46823B8E3,POWER,not_selected_for_target,,absence_from_expert_target_workbook,5068,21,2022,CREDIT-14EE90A41600,2651,,True,7
SRC-RAW-0CC27FE381F00364FAC4,POWER,not_selected_for_target,,absence_from_expert_target_workbook,5069,21,2022,CREDIT-CC312AEC843E,2511,,True,0
SRC-RAW-7E48986C76BAE1F445A3,POWER,not_selected_for_target,,absence_from_expert_target_workbook,5070,21,2022,CREDIT-F08D0F87D69E,1331,,True,2
SRC-RAW-C4689444558D3D3F6B12,POWER,not_selected_for_target,,absence_from_expert_target_workbook,5071,22,2022,CREDIT-F08D0F87D69E,1331,,True,2
SRC-RAW-2B77F0373D62781CFC89,POWER,not_selected_for_target,,absence_from_expert_target_workbook,5072,23,2022,CREDIT-F08D0F87D69E,1331,,True,2
SRC-RAW-BA7859C0E85AD47CE769,POWER,not_selected_for_target,,absence_from_expert_target_workbook,5073,21,2022,CREDIT-3F54F0596DEA,2681,,True,6
SRC-RAW-1F6333D2B8A494C46271,POWER,not_selected_for_target,,absence_from_expert_target_workbook,5074,22,2022,CREDIT-3F54F0596DEA,2681,,True,6
SRC-RAW-68D6AFC9CF58B095849A,POWER,include,369,canonical_expert_scope_order,5075,11,2022,CREDIT-8DF524FFB80D,4430,燃气轮机,True,5
SRC-RAW-FBD291B35556BBA92444,POWER,not_selected_for_target,,absence_from_expert_target_workbook,5076,21,2022,CREDIT-8DF524FFB80D,4430,,True,5
SRC-RAW-C1C5B08B42D257A2E5AC,POWER,not_selected_for_target,,absence_from_expert_target_workbook,5077,22,2022,CREDIT-8DF524FFB80D,4430,,True,5
SRC-RAW-6E4FEC14D127B80E4601,POWER,not_selected_for_target,,absence_from_expert_target_workbook,5078,23,2022,CREDIT-8DF524FFB80D,4430,,True,5
SRC-RAW-5479998AF260EA90EB92,POWER,not_selected_for_target,,absence_from_expert_target_workbook,5079,24,2022,CREDIT-8DF524FFB80D,4430,,True,5
SRC-RAW-A5A17D585F2737F40532,POWER,not_selected_for_target,,absence_from_expert_target_workbook,5080,21,2022,CREDIT-82FE16215BE6,1331,,True,13
SRC-RAW-5177FA05E558B28228F3,POWER,not_selected_for_target,,absence_from_expert_target_workbook,5081,11,2022,CREDIT-7E3E7414C0F0,4417,燃生物质锅炉,True,3
SRC-RAW-AC6301698694DFD75E60,POWER,not_selected_for_target,,absence_from_expert_target_workbook,5082,12,2022,CREDIT-7E3E7414C0F0,4417,燃生物质锅炉,True,3
SRC-RAW-1880A1585754FDEEF821,POWER,not_selected_for_target,,absence_from_expert_target_workbook,5083,13,2022,CREDIT-7E3E7414C0F0,4417,燃生物质锅炉,True,3
SRC-RAW-5254A29C2277F43AAC4A,POWER,not_selected_for_target,,absence_from_expert_target_workbook,5084,21,2022,ORG-A34F98220F81,2319,,True,3
SRC-RAW-A34B36832567BCC9B783,POWER,not_selected_for_target,,absence_from_expert_target_workbook,5085,21,2022,CREDIT-BC2B283425E1,1431,,True,0
SRC-RAW-CC816D8160795E6CAE16,POWER,not_selected_for_target,,absence_from_expert_target_workbook,5086,21,2022,CREDIT-0DE8CB52E147,1752,,True,0
SRC-RAW-1F1BD4C883B22E997E86,POWER,not_selected_for_target,,absence_from_expert_target_workbook,5087,21,2022,CREDIT-3344B200211E,2661,,True,2
SRC-RAW-BBCD75004661D0952F5A,POWER,not_selected_for_target,,absence_from_expert_target_workbook,5088,22,2022,CREDIT-3344B200211E,2661,,True,2
SRC-RAW-23518C38DFA3AA598D7C,POWER,not_selected_for_target,,absence_from_expert_target_workbook,5089,21,2022,CREDIT-0C107AA49990,2661,,True,1
SRC-RAW-68BC9DC70ED301210A11,POWER,not_selected_for_target,,absence_from_expert_target_workbook,5090,21,2022,CREDIT-89E928A56D86,2919,,True,2
SRC-RAW-64B29F3CA0B8BA4D7013,POWER,not_selected_for_target,,absence_from_expert_target_workbook,5091,21,2022,CREDIT-22A510D1F140,2239,,True,0
SRC-RAW-48A1A590227A38F01F14,POWER,not_selected_for_target,,absence_from_expert_target_workbook,5092,21,2022,CREDIT-2AA31A32FC38,2612,,True,0
SRC-RAW-15100EA73F6A32F9126D,POWER,not_selected_for_target,,absence_from_expert_target_workbook,5093,21,2022,CREDIT-39123D243980,2641,,True,0
SRC-RAW-7BB5A8420A1C71D7C7C6,POWER,not_selected_for_target,,absence_from_expert_target_workbook,5094,22,2022,CREDIT-39123D243980,2641,,True,0
SRC-RAW-3571CD1B9598A326CCCD,POWER,not_selected_for_target,,absence_from_expert_target_workbook,5095,21,2022,CREDIT-C696CCA69F78,2919,,True,0
SRC-RAW-A3BCF84381E44187779A,POWER,not_selected_for_target,,absence_from_expert_target_workbook,5096,21,2022,CREDIT-C37F5D444B4E,3340,,True,1
SRC-RAW-D20D737A22F0DD163F7F,POWER,include,370,canonical_expert_scope_order,5097,11,2022,CREDIT-1C47D1A2E89A,2221,燃煤锅炉,True,4
SRC-RAW-2DDC5871A960FF9A2A44,POWER,include,371,canonical_expert_scope_order,5098,12,2022,CREDIT-1C47D1A2E89A,2221,燃煤锅炉,True,4
SRC-RAW-B2CE19CB3088CFD86FEA,POWER,include,372,canonical_expert_scope_order,5099,13,2022,CREDIT-1C47D1A2E89A,2221,燃煤锅炉,True,4
SRC-RAW-2E9E05DFFB0A9E979458,POWER,include,373,canonical_expert_scope_order,5100,14,2022,CREDIT-1C47D1A2E89A,2221,燃煤锅炉,True,4
SRC-RAW-0A6B927685F1B970E328,POWER,include,374,canonical_expert_scope_order,5101,11,2022,CREDIT-053553D91430,2221,燃煤锅炉,True,3
SRC-RAW-7DA4AB14ECE8FBC63033,POWER,include,375,canonical_expert_scope_order,5102,12,2022,CREDIT-053553D91430,2221,燃煤锅炉,True,3
SRC-RAW-7F52A95A4890A1EB072F,POWER,include,376,canonical_expert_scope_order,5103,13,2022,CREDIT-053553D91430,2221,燃煤锅炉,True,3
SRC-RAW-F6265D1EBD1CEECD56C0,POWER,not_selected_for_target,,absence_from_expert_target_workbook,5104,21,2022,CREDIT-481822AB3CDD,3031,,True,0
SRC-RAW-9231C4D68E0681AEC37F,POWER,not_selected_for_target,,absence_from_expert_target_workbook,5105,21,2022,CREDIT-889F30E20C60,1830,,True,1
SRC-RAW-FF5E5CE3B8A1DC211298,POWER,not_selected_for_target,,absence_from_expert_target_workbook,5106,21,2022,CREDIT-4C83B9BC6B7A,2689,,True,2
SRC-RAW-E2E17DE6FD0BAF6909C1,POWER,not_selected_for_target,,absence_from_expert_target_workbook,5107,21,2022,CREDIT-8FB44930D6DB,2666,,True,6
SRC-RAW-4A8004516422323BE74D,POWER,not_selected_for_target,,absence_from_expert_target_workbook,5108,21,2022,ORG-E9AA48959586,2239,,True,0
SRC-RAW-0E2341F65B65B55809D7,POWER,not_selected_for_target,,absence_from_expert_target_workbook,5109,21,2022,ORG-4EBAA5DC3793,1829,,True,2
SRC-RAW-40B946B0E8AFBA46B822,POWER,not_selected_for_target,,absence_from_expert_target_workbook,5110,22,2022,ORG-4EBAA5DC3793,1829,,True,2
SRC-RAW-8DA4A7A55DCFE0FEC10A,POWER,not_selected_for_target,,absence_from_expert_target_workbook,5111,21,2022,ORG-3CBFC1C7B0DB,2681,,True,7
SRC-RAW-C284CBCD81B9F3AACDD0,POWER,not_selected_for_target,,absence_from_expert_target_workbook,5112,22,2022,ORG-3CBFC1C7B0DB,2681,,True,7
SRC-RAW-23268D17C4F4CCCCF256,POWER,not_selected_for_target,,absence_from_expert_target_workbook,5113,23,2022,ORG-3CBFC1C7B0DB,2681,,True,7
SRC-RAW-625DD65413812610B813,POWER,include,377,canonical_expert_scope_order,5114,11,2022,CREDIT-0776CB848565,4412,燃煤锅炉,True,9
SRC-RAW-B930DCDEBEC973B533F5,POWER,include,378,canonical_expert_scope_order,5115,12,2022,CREDIT-0776CB848565,4412,燃煤锅炉,True,9
SRC-RAW-93EDE4EC759B923B8B11,POWER,include,379,canonical_expert_scope_order,5116,13,2022,CREDIT-0776CB848565,4412,燃煤锅炉,True,9
SRC-RAW-D9EB6560EE659CCEBBF2,POWER,not_selected_for_target,,absence_from_expert_target_workbook,5117,21,2022,CREDIT-53E71C0EB172,2239,,True,0
SRC-RAW-79514104FF4410E2ACCE,POWER,include,380,canonical_expert_scope_order,5118,11,2022,CREDIT-5792A7D2CCFB,2221,燃煤锅炉,True,4
SRC-RAW-E76E5835E7948598F022,POWER,include,381,canonical_expert_scope_order,5119,12,2022,CREDIT-5792A7D2CCFB,2221,燃煤锅炉,True,4
SRC-RAW-6489F0D1EC298769B609,POWER,include,382,canonical_expert_scope_order,5120,13,2022,CREDIT-5792A7D2CCFB,2221,燃气轮机,True,4
SRC-RAW-E057AE7C4BD6DF00AD98,POWER,not_selected_for_target,,absence_from_expert_target_workbook,5121,21,2022,CREDIT-BA534DB71F03,2239,,True,2
SRC-RAW-29A4D40D02BD2F1E8E6E,POWER,not_selected_for_target,,absence_from_expert_target_workbook,5122,21,2022,CREDIT-B3DBB258D274,3216,,True,2
SRC-RAW-2009D6B8CACA90063A32,POWER,not_selected_for_target,,absence_from_expert_target_workbook,5123,21,2022,CREDIT-BFA4AD5E683E,2681,,True,5
SRC-RAW-2F240356A25C75EAA142,POWER,not_selected_for_target,,absence_from_expert_target_workbook,5124,21,2022,CREDIT-36219639C4D5,2929,,True,4
SRC-RAW-32FA4821D10CAFDA7505,POWER,not_selected_for_target,,absence_from_expert_target_workbook,5125,22,2022,CREDIT-36219639C4D5,2929,,True,4
SRC-RAW-7FC935BB576D21E41E10,POWER,include,383,canonical_expert_scope_order,5126,11,2022,CREDIT-80D3D382E525,2221,燃煤锅炉,True,3
SRC-RAW-58D076C9294560AEC397,POWER,include,384,canonical_expert_scope_order,5127,12,2022,CREDIT-80D3D382E525,2221,,True,3
SRC-RAW-A4FFFC78CD989832DACD,POWER,not_selected_for_target,,absence_from_expert_target_workbook,5128,21,2022,CREDIT-282CFA8A1AAF,2662,,True,1
SRC-RAW-F22E014C8797D75ADE2E,POWER,include,385,canonical_expert_scope_order,5129,11,2022,CREDIT-A0A1C3132984,2221,燃煤锅炉,True,3
SRC-RAW-E3EB357DFCE369228D1F,POWER,include,386,canonical_expert_scope_order,5130,12,2022,CREDIT-A0A1C3132984,2221,燃煤锅炉,True,3
SRC-RAW-7B30B2EFD71E14AA8800,POWER,include,387,canonical_expert_scope_order,5131,13,2022,CREDIT-A0A1C3132984,2221,燃煤锅炉,True,3
SRC-RAW-B3A968F9A7CA8F82E5E4,POWER,include,388,canonical_expert_scope_order,5132,14,2022,CREDIT-A0A1C3132984,2221,燃煤锅炉,True,3
SRC-RAW-977479FE6A4BF1C6BD2C,POWER,include,389,canonical_expert_scope_order,5133,15,2022,CREDIT-A0A1C3132984,2221,燃煤锅炉,True,3
SRC-RAW-EE4A417CD5FFDA161700,POWER,not_selected_for_target,,absence_from_expert_target_workbook,5134,21,2022,CREDIT-3F7F9FF9391A,2669,,True,0
SRC-RAW-0225694E9A1CB909811A,POWER,not_selected_for_target,,absence_from_expert_target_workbook,5135,21,2022,CREDIT-7269090567DF,2239,,True,0
SRC-RAW-9B5AC4FEA575BE3A2B7F,POWER,not_selected_for_target,,absence_from_expert_target_workbook,5136,22,2022,CREDIT-7269090567DF,2239,,True,0
SRC-RAW-F1AAD9A51B687EF6AD0C,POWER,not_selected_for_target,,absence_from_expert_target_workbook,5137,23,2022,CREDIT-7269090567DF,2239,,True,0
SRC-RAW-7207D1198F5A6D47D57F,POWER,not_selected_for_target,,absence_from_expert_target_workbook,5138,24,2022,CREDIT-7269090567DF,2239,,True,0
SRC-RAW-80E901E769CF4E2E0C58,POWER,not_selected_for_target,,absence_from_expert_target_workbook,5139,21,2022,CREDIT-ECEAECF5D1D9,2223,,True,1
SRC-RAW-5E3F0A91D409E8AF1A9F,POWER,not_selected_for_target,,absence_from_expert_target_workbook,5140,21,2022,CREDIT-11CA6EA3C516,2913,,True,4
SRC-RAW-037062E54C8FEB507E59,POWER,not_selected_for_target,,absence_from_expert_target_workbook,5141,21,2022,CREDIT-649A71D8DEE5,2669,,True,0
SRC-RAW-E9F80BF417A9B3833D66,POWER,not_selected_for_target,,absence_from_expert_target_workbook,5142,21,2022,CREDIT-5AC5A32B94C3,2239,,True,0
SRC-RAW-9D1E833BA1F3972F3805,POWER,not_selected_for_target,,absence_from_expert_target_workbook,5143,21,2022,CREDIT-CA2BE985914A,2669,,True,1
SRC-RAW-EA1EFE413E0985A6B965,POWER,not_selected_for_target,,absence_from_expert_target_workbook,5144,21,2022,CREDIT-8D2E01D746B0,2913,,True,1
SRC-RAW-F6E75A7801E3DA05E497,POWER,not_selected_for_target,,absence_from_expert_target_workbook,5145,21,2022,CREDIT-EA1C0F05B086,2110,,True,3
SRC-RAW-D60B6467FDF9C52C21E0,POWER,not_selected_for_target,,absence_from_expert_target_workbook,5146,21,2022,CREDIT-31AB272C1A2A,1789,,True,0
SRC-RAW-1284A5A8DA801E707684,POWER,not_selected_for_target,,absence_from_expert_target_workbook,5147,21,2022,CREDIT-258C43258974,2223,,True,0
SRC-RAW-84EB724485615A318F31,POWER,not_selected_for_target,,absence_from_expert_target_workbook,5148,22,2022,CREDIT-258C43258974,2223,,True,0
SRC-RAW-E2F87E57C5652FB317A7,POWER,not_selected_for_target,,absence_from_expert_target_workbook,5149,21,2022,CREDIT-06A1F45BDDB6,2029,,True,0
SRC-RAW-F325573AA01BEFA19E8E,POWER,not_selected_for_target,,absence_from_expert_target_workbook,5150,22,2022,CREDIT-06A1F45BDDB6,2029,,True,0
SRC-RAW-CB424F118D9FA6D6B2A7,POWER,not_selected_for_target,,absence_from_expert_target_workbook,5151,21,2022,CREDIT-C580CB0E7B2E,1373,,True,0
SRC-RAW-AFA5EFBFBFF792D0066B,POWER,not_selected_for_target,,absence_from_expert_target_workbook,5152,21,2022,CREDIT-7900CF5B67F0,3252,,True,2
SRC-RAW-9D919701B6805CD0A7BD,POWER,not_selected_for_target,,absence_from_expert_target_workbook,5153,22,2022,CREDIT-7900CF5B67F0,3252,,True,2
SRC-RAW-B32F2698F15DAF518476,POWER,not_selected_for_target,,absence_from_expert_target_workbook,5154,21,2022,CREDIT-25BB11374C68,1311,,True,0
SRC-RAW-A0F2F7DA56B515FFF089,POWER,include,390,canonical_expert_scope_order,5155,11,2022,CREDIT-F8760707C273,4412,燃气轮机,True,0
SRC-RAW-4C6225AAAF0F02971AD8,POWER,include,391,canonical_expert_scope_order,5156,12,2022,CREDIT-F8760707C273,4412,燃气轮机,True,0
SRC-RAW-9E466F3BA96A6807CE1F,POWER,not_selected_for_target,,absence_from_expert_target_workbook,5157,21,2022,CREDIT-28317EF2D34E,2223,,True,0
SRC-RAW-6415CD11F4342DFDA03B,POWER,not_selected_for_target,,absence_from_expert_target_workbook,5158,21,2022,CREDIT-BD43F4733E66,2720,,True,0
SRC-RAW-7719B46A20814AA1A839,POWER,not_selected_for_target,,absence_from_expert_target_workbook,5159,21,2022,CREDIT-D5F275FC38BB,1353,,True,1
SRC-RAW-FC250BAA39BA34778399,POWER,not_selected_for_target,,absence_from_expert_target_workbook,5160,21,2022,CREDIT-0C6C13EEC8CC,2682,,True,3
SRC-RAW-3BA3E4335D73872D086D,POWER,not_selected_for_target,,absence_from_expert_target_workbook,5161,22,2022,CREDIT-0C6C13EEC8CC,2682,,True,3
SRC-RAW-DA044F02B92D018F4CEA,POWER,not_selected_for_target,,absence_from_expert_target_workbook,5162,21,2022,CREDIT-E4BCF1583F4C,2614,,True,3
SRC-RAW-DA9541053797DE6E1D74,POWER,not_selected_for_target,,absence_from_expert_target_workbook,5163,22,2022,CREDIT-E4BCF1583F4C,2614,,True,3
SRC-RAW-82A3EF717CED938ACE5A,POWER,not_selected_for_target,,absence_from_expert_target_workbook,5164,21,2022,CREDIT-06C06CB80EC7,2319,,True,3
SRC-RAW-0DFBA33633F2DF3EE1B6,POWER,not_selected_for_target,,absence_from_expert_target_workbook,5165,21,2022,CREDIT-6615C3368737,1811,,True,0
SRC-RAW-736232F8C3B041724EBA,POWER,not_selected_for_target,,absence_from_expert_target_workbook,5166,22,2022,CREDIT-6615C3368737,1811,,True,0
SRC-RAW-BBDED7DBAAE39D898B17,POWER,not_selected_for_target,,absence_from_expert_target_workbook,5167,21,2022,CREDIT-3DADB6BA5059,2720,,True,0
SRC-RAW-7A4BEDF1E49F24126C14,POWER,not_selected_for_target,,absence_from_expert_target_workbook,5168,21,2022,CREDIT-8FC393D2417C,2319,,True,1
SRC-RAW-5DAC6B1679476BE09914,POWER,not_selected_for_target,,absence_from_expert_target_workbook,5169,21,2022,CREDIT-CEF864C7B2B3,3912,,True,11
SRC-RAW-A7B84403050E839DEE87,POWER,not_selected_for_target,,absence_from_expert_target_workbook,5170,22,2022,CREDIT-CEF864C7B2B3,3912,,True,11
SRC-RAW-6A70ABF01BCF59E393C8,POWER,not_selected_for_target,,absence_from_expert_target_workbook,5171,21,2022,CREDIT-68A5B1B10518,2223,,True,4
SRC-RAW-5709563BAE32C093AE27,POWER,not_selected_for_target,,absence_from_expert_target_workbook,5172,21,2022,CREDIT-887A0CB7A56F,2223,,True,4
SRC-RAW-E2F4A3C8E8D9011730A0,POWER,not_selected_for_target,,absence_from_expert_target_workbook,5173,22,2022,CREDIT-887A0CB7A56F,2223,,True,4
SRC-RAW-93B5080441B3443E62C1,POWER,not_selected_for_target,,absence_from_expert_target_workbook,5174,21,2022,CREDIT-34D95DFB323B,2223,,True,4
SRC-RAW-398BD0C3DF5065E1DD3F,POWER,not_selected_for_target,,absence_from_expert_target_workbook,5175,21,2022,CREDIT-923EDF84E70A,1462,,True,0
SRC-RAW-25B9EDA5CE02AABC0075,POWER,not_selected_for_target,,absence_from_expert_target_workbook,5176,22,2022,CREDIT-923EDF84E70A,1462,,True,0
SRC-RAW-353BFBEA834A784A5D99,POWER,not_selected_for_target,,absence_from_expert_target_workbook,5177,23,2022,CREDIT-923EDF84E70A,1462,,True,0
SRC-RAW-C1F35ADAE0D2DEECD189,POWER,not_selected_for_target,,absence_from_expert_target_workbook,5178,21,2022,CREDIT-261D12E06A82,3982,,True,31
SRC-RAW-76981F1D4F684DA10083,POWER,not_selected_for_target,,absence_from_expert_target_workbook,5179,22,2022,CREDIT-261D12E06A82,3982,,True,31
SRC-RAW-2D926A68CE561D302587,POWER,not_selected_for_target,,absence_from_expert_target_workbook,5180,23,2022,CREDIT-261D12E06A82,3982,,True,31
SRC-RAW-706EC6654909BE480D41,POWER,not_selected_for_target,,absence_from_expert_target_workbook,5181,24,2022,CREDIT-261D12E06A82,3982,,True,31
SRC-RAW-14F9EB2B9922665229BB,POWER,not_selected_for_target,,absence_from_expert_target_workbook,5182,21,2022,CREDIT-6EC3EEACC744,2651,,True,1
SRC-RAW-45D791B6E239C770FC14,POWER,not_selected_for_target,,absence_from_expert_target_workbook,5183,22,2022,CREDIT-6EC3EEACC744,2651,,True,1
SRC-RAW-418BA00DDCB9F77F7671,POWER,not_selected_for_target,,absence_from_expert_target_workbook,5184,23,2022,CREDIT-6EC3EEACC744,2651,,True,1
SRC-RAW-10DFC49CB39C75A75821,POWER,not_selected_for_target,,absence_from_expert_target_workbook,5185,24,2022,CREDIT-6EC3EEACC744,2651,,True,1
SRC-RAW-DAC6ADA08E1B7314A5D4,POWER,not_selected_for_target,,absence_from_expert_target_workbook,5186,25,2022,CREDIT-6EC3EEACC744,2651,,True,1
SRC-RAW-D5E1C33E0640319FC506,POWER,not_selected_for_target,,absence_from_expert_target_workbook,5187,21,2022,CREDIT-3580E30A3995,2319,,True,0
SRC-RAW-81A14D8C65AF3537DAE6,POWER,not_selected_for_target,,absence_from_expert_target_workbook,5188,21,2022,CREDIT-75302139C7D2,3670,,True,1
SRC-RAW-9E7D5C8A7F35640619CF,POWER,not_selected_for_target,,absence_from_expert_target_workbook,5189,21,2022,CREDIT-CF3959D4B1A3,2319,,True,2
SRC-RAW-F24354B5234352845DC9,POWER,not_selected_for_target,,absence_from_expert_target_workbook,5190,22,2022,CREDIT-CF3959D4B1A3,2319,,True,2
SRC-RAW-5FB091CB4CD8E0AD37D5,POWER,not_selected_for_target,,absence_from_expert_target_workbook,5191,21,2022,CREDIT-1FB6ADB12771,2662,,True,3
SRC-RAW-84CDEA41E7DC7B49F366,POWER,not_selected_for_target,,absence_from_expert_target_workbook,5192,22,2022,CREDIT-1FB6ADB12771,2662,,True,3
SRC-RAW-B9EDA8106D491D9677A6,POWER,not_selected_for_target,,absence_from_expert_target_workbook,5193,21,2022,CREDIT-F472A0F1C026,2922,,True,5
SRC-RAW-3EFCE7175CC674107400,POWER,not_selected_for_target,,absence_from_expert_target_workbook,5194,21,2022,CREDIT-CA0777BE22BE,2913,,True,7
SRC-RAW-47A3FBB3795B207516FA,POWER,not_selected_for_target,,absence_from_expert_target_workbook,5195,22,2022,CREDIT-CA0777BE22BE,2913,,True,7
SRC-RAW-A05374F686442AA6711E,POWER,not_selected_for_target,,absence_from_expert_target_workbook,5196,23,2022,CREDIT-CA0777BE22BE,2913,,True,7
SRC-RAW-05E4E23ADD395D352755,POWER,not_selected_for_target,,absence_from_expert_target_workbook,5197,21,2022,CREDIT-91D7EAC31BCA,3670,,True,3
SRC-RAW-322BC63524048CA6D962,POWER,not_selected_for_target,,absence_from_expert_target_workbook,5198,22,2022,CREDIT-91D7EAC31BCA,3670,,True,3
SRC-RAW-E6C30F78A782DC75EE0D,POWER,not_selected_for_target,,absence_from_expert_target_workbook,5199,23,2022,CREDIT-91D7EAC31BCA,3670,,True,3
SRC-RAW-D7D6BFD23AFD8C48651B,POWER,not_selected_for_target,,absence_from_expert_target_workbook,5200,21,2022,CREDIT-789ED3850890,1752,,True,0
SRC-RAW-86C6ADC458B669B379A3,POWER,not_selected_for_target,,absence_from_expert_target_workbook,5201,21,2022,CREDIT-0D2E761D4795,1951,,True,0
SRC-RAW-A89342BE25CB3CA9A860,POWER,not_selected_for_target,,absence_from_expert_target_workbook,5202,21,2022,CREDIT-E391471EB83C,3985,,True,6
SRC-RAW-FCBFAAF9D411AF0838B9,POWER,not_selected_for_target,,absence_from_expert_target_workbook,5203,22,2022,CREDIT-E391471EB83C,3985,,True,6
SRC-RAW-AF4E0443093320C8A4EA,POWER,not_selected_for_target,,absence_from_expert_target_workbook,5204,23,2022,CREDIT-E391471EB83C,3985,,True,6
SRC-RAW-F0AAEB10E899AF2654C6,POWER,not_selected_for_target,,absence_from_expert_target_workbook,5205,21,2022,CREDIT-2254BB6770EB,3670,,True,3
SRC-RAW-0B3A552A799ABE9315B1,POWER,not_selected_for_target,,absence_from_expert_target_workbook,5206,21,2022,CREDIT-321A67FD8BD2,3985,,True,2
SRC-RAW-84FABE3D85C117D9051B,POWER,not_selected_for_target,,absence_from_expert_target_workbook,5207,22,2022,CREDIT-321A67FD8BD2,3985,,True,2
SRC-RAW-B5B9A1F339BF70635312,POWER,not_selected_for_target,,absence_from_expert_target_workbook,5208,21,2022,CREDIT-7C68E19B7B1A,3985,,True,3
SRC-RAW-94D2D23E275D69FB2C63,POWER,not_selected_for_target,,absence_from_expert_target_workbook,5209,22,2022,CREDIT-7C68E19B7B1A,3985,,True,3
SRC-RAW-CDE00905D05848CC8369,POWER,not_selected_for_target,,absence_from_expert_target_workbook,5210,23,2022,CREDIT-7C68E19B7B1A,3985,,True,3
SRC-RAW-6DF6E81D79F4752B399D,POWER,not_selected_for_target,,absence_from_expert_target_workbook,5211,24,2022,CREDIT-7C68E19B7B1A,3985,,True,3
SRC-RAW-C29494D83611B6314AE4,POWER,not_selected_for_target,,absence_from_expert_target_workbook,5212,21,2022,CREDIT-D3BAD335F3C6,2710,,True,2
SRC-RAW-6D5BA7BDF1298FD7BB68,POWER,not_selected_for_target,,absence_from_expert_target_workbook,5213,21,2022,CREDIT-AA9962D3612F,2682,,True,0
SRC-RAW-4CAAFB527CB7C717008A,POWER,not_selected_for_target,,absence_from_expert_target_workbook,5214,22,2022,CREDIT-AA9962D3612F,2682,,True,0
SRC-RAW-9BEF0AC6F1E656671258,POWER,not_selected_for_target,,absence_from_expert_target_workbook,5215,21,2022,CREDIT-5E6D34F8FDDE,2740,,True,1
SRC-RAW-E50291828F4E25C3570A,POWER,not_selected_for_target,,absence_from_expert_target_workbook,5216,22,2022,CREDIT-5E6D34F8FDDE,2740,,True,1
SRC-RAW-11470066C9421C23F516,POWER,not_selected_for_target,,absence_from_expert_target_workbook,5217,23,2022,CREDIT-5E6D34F8FDDE,2740,,True,1
SRC-RAW-FF5AFEF6DEC59BA0E02F,POWER,not_selected_for_target,,absence_from_expert_target_workbook,5218,21,2022,CREDIT-D1252B2739CE,1351,,True,1
SRC-RAW-7430292B9D560FE0C980,POWER,not_selected_for_target,,absence_from_expert_target_workbook,5219,22,2022,CREDIT-D1252B2739CE,1351,,True,1
SRC-RAW-F1811F3DE0E051BFA84F,POWER,not_selected_for_target,,absence_from_expert_target_workbook,5220,21,2022,CREDIT-6F1759CE8A13,2683,,True,2
SRC-RAW-D2EF9461696E37BE3485,POWER,not_selected_for_target,,absence_from_expert_target_workbook,5221,21,2022,CREDIT-0C7D95C57C16,2925,,True,3
SRC-RAW-A31034415BD42E684A02,POWER,not_selected_for_target,,absence_from_expert_target_workbook,5222,21,2022,CREDIT-52E274C59414,3831,,True,6
SRC-RAW-EBE8F569018A64F18816,POWER,not_selected_for_target,,absence_from_expert_target_workbook,5223,21,2022,CREDIT-0D06AF0E033E,2319,,True,1
SRC-RAW-6E6AF346CCFA4C93CC9E,POWER,not_selected_for_target,,absence_from_expert_target_workbook,5224,21,2022,CREDIT-C5CF2C97E95F,3979,,True,2
SRC-RAW-63E9B3090ABE6D70DACB,POWER,not_selected_for_target,,absence_from_expert_target_workbook,5225,21,2022,CREDIT-6C5C0A6BD76B,2319,,True,1
SRC-RAW-5493A27F200120F3343D,POWER,not_selected_for_target,,absence_from_expert_target_workbook,5226,21,2022,CREDIT-A893D9B040CD,1713,,True,1
SRC-RAW-5C0FCA7599C196531F48,POWER,not_selected_for_target,,absence_from_expert_target_workbook,5227,22,2022,CREDIT-A893D9B040CD,1713,,True,1
SRC-RAW-BB0E7696846D1B42483F,POWER,not_selected_for_target,,absence_from_expert_target_workbook,5228,21,2022,CREDIT-5C0089697D6D,2924,,True,1
SRC-RAW-5DE10126A14F414F71CA,POWER,not_selected_for_target,,absence_from_expert_target_workbook,5229,21,2022,CREDIT-5DF81DF2D682,2924,,True,2
SRC-RAW-399ABF8F9038A7AE0875,POWER,not_selected_for_target,,absence_from_expert_target_workbook,5230,21,2022,CREDIT-0B52ECE96F4C,3389,,True,0
SRC-RAW-AF1D15CC2B8422F29E48,POWER,not_selected_for_target,,absence_from_expert_target_workbook,5231,22,2022,CREDIT-0B52ECE96F4C,3389,,True,0
SRC-RAW-F8754D99F9609A9048BD,POWER,not_selected_for_target,,absence_from_expert_target_workbook,5232,21,2022,CREDIT-79FA1B04A4BD,1419,,True,0
SRC-RAW-873D153EED5119D19291,POWER,not_selected_for_target,,absence_from_expert_target_workbook,5233,21,2022,CREDIT-2EBEB6EBAD1D,3360,,True,3
SRC-RAW-6D5A7C4B440638FCDA01,POWER,not_selected_for_target,,absence_from_expert_target_workbook,5234,21,2022,CREDIT-E2D3D6BD5985,3360,,True,3
SRC-RAW-63CF4F8323B06D8747F6,POWER,not_selected_for_target,,absence_from_expert_target_workbook,5235,21,2022,CREDIT-5AA80BAFCA5E,3360,,True,3
SRC-RAW-65FBCBAFD07A97BA0B3F,POWER,not_selected_for_target,,absence_from_expert_target_workbook,5236,21,2022,CREDIT-BF2340EBC6B1,2924,,True,1
SRC-RAW-282C0897835F3CD043A5,POWER,not_selected_for_target,,absence_from_expert_target_workbook,5237,22,2022,CREDIT-BF2340EBC6B1,2924,,True,1
SRC-RAW-15A465F319AA6E656D93,POWER,not_selected_for_target,,absence_from_expert_target_workbook,5238,21,2022,CREDIT-61BF972FA9C9,1713,,True,1
SRC-RAW-5810F198DFBC21BBAF58,POWER,not_selected_for_target,,absence_from_expert_target_workbook,5239,21,2022,CREDIT-8C68666180A8,3360,,True,5
SRC-RAW-59823AB8554D772D88E8,POWER,not_selected_for_target,,absence_from_expert_target_workbook,5240,22,2022,CREDIT-8C68666180A8,3360,,True,5
SRC-RAW-4F87AEC5D1880BA34A0C,POWER,not_selected_for_target,,absence_from_expert_target_workbook,5241,23,2022,CREDIT-8C68666180A8,3360,,True,5
SRC-RAW-77C1CADBE3F02FE1C594,POWER,not_selected_for_target,,absence_from_expert_target_workbook,5242,21,2022,CREDIT-249C7AC7DA21,2029,,True,1
SRC-RAW-B2FFF51C5CFB42C67096,POWER,not_selected_for_target,,absence_from_expert_target_workbook,5243,21,2022,CREDIT-263A8412B384,1713,,True,2
SRC-RAW-9BD3FA7E8B495410B19C,POWER,not_selected_for_target,,absence_from_expert_target_workbook,5244,22,2022,CREDIT-263A8412B384,1713,,True,2
SRC-RAW-6DE1F869F006CC75D4B4,POWER,not_selected_for_target,,absence_from_expert_target_workbook,5245,21,2022,CREDIT-5298BD80FAF4,3360,,True,5
SRC-RAW-8D8DFE8EA7D0D966BC49,POWER,not_selected_for_target,,absence_from_expert_target_workbook,5246,21,2022,CREDIT-2A2CE12E358A,3670,,True,2
SRC-RAW-638C0160EC1915063727,POWER,not_selected_for_target,,absence_from_expert_target_workbook,5247,22,2022,CREDIT-2A2CE12E358A,3670,,True,2
SRC-RAW-2BB205C88E3E3097AC72,POWER,not_selected_for_target,,absence_from_expert_target_workbook,5248,21,2022,ORG-D06056706B94,2929,,True,8
SRC-RAW-B7068A195BC7E00BAD6E,POWER,not_selected_for_target,,absence_from_expert_target_workbook,5249,21,2022,CREDIT-E64D52A9EEF0,3360,,True,3
SRC-RAW-5B3DDFA6CECB04372331,POWER,not_selected_for_target,,absence_from_expert_target_workbook,5250,21,2022,CREDIT-771B70744C5D,1462,,True,1
SRC-RAW-B928CA67B9570E32176D,POWER,not_selected_for_target,,absence_from_expert_target_workbook,5251,21,2022,CREDIT-910CBBD5D914,2929,,True,2
SRC-RAW-2ECF3E82320BEFC77C7E,POWER,not_selected_for_target,,absence_from_expert_target_workbook,5252,21,2022,CREDIT-697935922511,2921,,True,5
SRC-RAW-07ABA2F8CFBE1AE36A6C,POWER,not_selected_for_target,,absence_from_expert_target_workbook,5253,22,2022,CREDIT-697935922511,2921,,True,5
SRC-RAW-A2A6499DA84FBD7E3C26,POWER,not_selected_for_target,,absence_from_expert_target_workbook,5254,21,2022,CREDIT-A22113F46ABB,3360,,True,1
SRC-RAW-6BE47E5349FD0EDA6301,POWER,not_selected_for_target,,absence_from_expert_target_workbook,5255,21,2022,CREDIT-D6053244A930,2921,,True,0
SRC-RAW-EE4A48C5FA543FCCBF52,POWER,not_selected_for_target,,absence_from_expert_target_workbook,5256,22,2022,CREDIT-D6053244A930,2921,,True,0
SRC-RAW-55EC121AC780F1F37384,POWER,not_selected_for_target,,absence_from_expert_target_workbook,5257,21,2022,CREDIT-B2EC839061E7,3360,,True,1
SRC-RAW-C9E173AD3F31F626C6C2,POWER,not_selected_for_target,,absence_from_expert_target_workbook,5258,21,2022,CREDIT-6961EF9881F3,3360,,True,1
SRC-RAW-65BAC8C74DE72C1F789A,POWER,not_selected_for_target,,absence_from_expert_target_workbook,5259,21,2022,CREDIT-0DA077FE651D,1529,,True,1
SRC-RAW-4CC6349CD79D1BCFF800,POWER,not_selected_for_target,,absence_from_expert_target_workbook,5260,21,2022,CREDIT-2237331CE70C,1819,,True,0
SRC-RAW-AE9A74F0AE3378DEB231,POWER,not_selected_for_target,,absence_from_expert_target_workbook,5261,21,2022,CREDIT-13E5A17E26D1,3360,,True,2
SRC-RAW-59D106BB3E0B0C4421AE,POWER,not_selected_for_target,,absence_from_expert_target_workbook,5262,21,2022,CREDIT-993E4261BE13,3360,,True,0
SRC-RAW-D8C5F2CB942BAA40EC0D,POWER,not_selected_for_target,,absence_from_expert_target_workbook,5263,210,2022,CREDIT-993E4261BE13,3360,,True,0
SRC-RAW-BC0665899513825AC8F2,POWER,not_selected_for_target,,absence_from_expert_target_workbook,5264,211,2022,CREDIT-993E4261BE13,3360,,True,0
SRC-RAW-AAFFD3A557B256B06D82,POWER,not_selected_for_target,,absence_from_expert_target_workbook,5265,212,2022,CREDIT-993E4261BE13,3360,,True,0
SRC-RAW-16AA595ED0B6C8386652,POWER,not_selected_for_target,,absence_from_expert_target_workbook,5266,213,2022,CREDIT-993E4261BE13,3360,,True,0
SRC-RAW-7FAA781013207F6A528F,POWER,not_selected_for_target,,absence_from_expert_target_workbook,5267,214,2022,CREDIT-993E4261BE13,3360,,True,0
SRC-RAW-A066D0C35C3B0EF4B6B5,POWER,not_selected_for_target,,absence_from_expert_target_workbook,5268,215,2022,CREDIT-993E4261BE13,3360,,True,0
SRC-RAW-0B0704C0F793C4ECBDC9,POWER,not_selected_for_target,,absence_from_expert_target_workbook,5269,216,2022,CREDIT-993E4261BE13,3360,,True,0
SRC-RAW-F6F2ACC551AD9A39D26A,POWER,not_selected_for_target,,absence_from_expert_target_workbook,5270,217,2022,CREDIT-993E4261BE13,3360,,True,0
SRC-RAW-D13E2EC9D66BA9751DE5,POWER,not_selected_for_target,,absence_from_expert_target_workbook,5271,218,2022,CREDIT-993E4261BE13,3360,,True,0
SRC-RAW-88F34B36C0A8379DAF11,POWER,not_selected_for_target,,absence_from_expert_target_workbook,5272,219,2022,CREDIT-993E4261BE13,3360,,True,0
SRC-RAW-50C756ACFD88AA34D74C,POWER,not_selected_for_target,,absence_from_expert_target_workbook,5273,22,2022,CREDIT-993E4261BE13,3360,,True,0
SRC-RAW-863B1793E3CA4C500ADE,POWER,not_selected_for_target,,absence_from_expert_target_workbook,5274,220,2022,CREDIT-993E4261BE13,3360,,True,0
SRC-RAW-1F4865B998B831438911,POWER,not_selected_for_target,,absence_from_expert_target_workbook,5275,221,2022,CREDIT-993E4261BE13,3360,,True,0
SRC-RAW-EC6FFFA0377AF2A971F7,POWER,not_selected_for_target,,absence_from_expert_target_workbook,5276,222,2022,CREDIT-993E4261BE13,3360,,True,0
SRC-RAW-4617D86A61C1B2860E32,POWER,not_selected_for_target,,absence_from_expert_target_workbook,5277,23,2022,CREDIT-993E4261BE13,3360,,True,0
SRC-RAW-375102072B8EE65764C2,POWER,not_selected_for_target,,absence_from_expert_target_workbook,5278,24,2022,CREDIT-993E4261BE13,3360,,True,0
SRC-RAW-B5A41617261308871BBD,POWER,not_selected_for_target,,absence_from_expert_target_workbook,5279,25,2022,CREDIT-993E4261BE13,3360,,True,0
SRC-RAW-A1C99F29AC06E82D357A,POWER,not_selected_for_target,,absence_from_expert_target_workbook,5280,26,2022,CREDIT-993E4261BE13,3360,,True,0
SRC-RAW-5D51B95DC10CA06A1049,POWER,not_selected_for_target,,absence_from_expert_target_workbook,5281,27,2022,CREDIT-993E4261BE13,3360,,True,0
SRC-RAW-67E38223EFC9F7564733,POWER,not_selected_for_target,,absence_from_expert_target_workbook,5282,28,2022,CREDIT-993E4261BE13,3360,,True,0
SRC-RAW-1E588F5CCA42D08708E3,POWER,not_selected_for_target,,absence_from_expert_target_workbook,5283,29,2022,CREDIT-993E4261BE13,3360,,True,0
SRC-RAW-A1E23FBA69E0D3EFA963,POWER,not_selected_for_target,,absence_from_expert_target_workbook,5284,21,2022,CREDIT-387C043CC2A0,2239,,True,2
SRC-RAW-BB516AD1096764F394DD,POWER,not_selected_for_target,,absence_from_expert_target_workbook,5285,22,2022,CREDIT-387C043CC2A0,2239,,True,2
SRC-RAW-5D61D69FDDD7776B8AB3,POWER,not_selected_for_target,,absence_from_expert_target_workbook,5286,21,2022,CREDIT-8F3E8B5E5B56,3022,,True,1
SRC-RAW-2B428CD178E5BEA47031,POWER,not_selected_for_target,,absence_from_expert_target_workbook,5287,22,2022,CREDIT-8F3E8B5E5B56,3022,,True,1
SRC-RAW-3CC78CA9AF6E71C1D6E5,POWER,include,392,canonical_expert_scope_order,5288,11,2022,CREDIT-152466B70F74,4412,燃气轮机,True,1
SRC-RAW-B17B9317475B60CCC016,POWER,not_selected_for_target,,absence_from_expert_target_workbook,5289,21,2022,CREDIT-63A6CC8A8FF2,2689,,True,2
SRC-RAW-DAC58D29A9F836E5ACBB,POWER,not_selected_for_target,,absence_from_expert_target_workbook,5290,21,2022,CREDIT-CA4DD7462EA7,3360,,True,1
SRC-RAW-349F4703546A6FC3FD7E,POWER,not_selected_for_target,,absence_from_expert_target_workbook,5291,21,2022,CREDIT-90C97DE246E7,3360,,True,6
SRC-RAW-2C84D783E7BB1E4940BC,POWER,not_selected_for_target,,absence_from_expert_target_workbook,5292,22,2022,CREDIT-90C97DE246E7,3360,,True,6
SRC-RAW-C58039A5A06B1FF5EBE5,POWER,not_selected_for_target,,absence_from_expert_target_workbook,5293,23,2022,CREDIT-90C97DE246E7,3360,,True,6
SRC-RAW-772317CFDA213EFAE90D,POWER,not_selected_for_target,,absence_from_expert_target_workbook,5294,24,2022,CREDIT-90C97DE246E7,3360,,True,6
SRC-RAW-24D7024B460F07C1A289,POWER,not_selected_for_target,,absence_from_expert_target_workbook,5295,25,2022,CREDIT-90C97DE246E7,3360,,True,6
SRC-RAW-F620C45AFD9C380BD46C,POWER,not_selected_for_target,,absence_from_expert_target_workbook,5296,21,2022,CREDIT-69D75E311EFC,2231,,True,1
SRC-RAW-6CF741D7611A3AB65C10,POWER,not_selected_for_target,,absence_from_expert_target_workbook,5297,21,2022,CREDIT-04EAAA635DD9,1353,,True,1
SRC-RAW-46E9F3F37A52CE5698EF,POWER,include,393,canonical_expert_scope_order,5298,11,2022,CREDIT-9AEEADCDDA40,4411,燃煤锅炉,True,2
SRC-RAW-7C468FB3D6E8F251F320,POWER,include,394,canonical_expert_scope_order,5299,12,2022,CREDIT-9AEEADCDDA40,4411,燃煤锅炉,True,2
SRC-RAW-796404FA26594AD8571E,POWER,not_selected_for_target,,absence_from_expert_target_workbook,5300,21,2022,CREDIT-B41F04DE6F2B,2319,,True,2
SRC-RAW-582F93B05EA64B8E49F9,POWER,not_selected_for_target,,absence_from_expert_target_workbook,5301,21,2022,CREDIT-8B2981062995,2669,,True,0
SRC-RAW-E8486597D43B9E4580C0,POWER,not_selected_for_target,,absence_from_expert_target_workbook,5302,21,2022,CREDIT-270C20B7A789,2221,,True,0
SRC-RAW-0A70DE1D4F6A1EFC63E6,POWER,not_selected_for_target,,absence_from_expert_target_workbook,5303,21,2022,CREDIT-92443A1C18E3,1811,,True,1
SRC-RAW-392D778EDCC24844AE37,POWER,not_selected_for_target,,absence_from_expert_target_workbook,5304,21,2022,CREDIT-7C6DE5044628,1524,,True,0
SRC-RAW-9E02512C920598B8B7AF,POWER,not_selected_for_target,,absence_from_expert_target_workbook,5305,21,2022,CREDIT-2FE73CFF1661,1713,,True,0
SRC-RAW-019B530520436BFCECEA,POWER,not_selected_for_target,,absence_from_expert_target_workbook,5306,22,2022,CREDIT-2FE73CFF1661,1713,,True,0
SRC-RAW-FC5019A99872010DAC61,POWER,not_selected_for_target,,absence_from_expert_target_workbook,5307,21,2022,CREDIT-7CEF3392312C,1819,,True,0
SRC-RAW-8438E6C1DAEF4DFADF56,POWER,not_selected_for_target,,absence_from_expert_target_workbook,5308,21,2022,CREDIT-C3B85FDFFE97,2924,,True,2
SRC-RAW-F84CE2C076C3155DDEC3,POWER,not_selected_for_target,,absence_from_expert_target_workbook,5309,21,2022,CREDIT-EDE8FD49E1FB,1712,,True,1
SRC-RAW-7AA187C6931B2D2DC760,POWER,not_selected_for_target,,absence_from_expert_target_workbook,5310,11,2022,CREDIT-02358FAE9489,4417,燃生物质锅炉,True,3
SRC-RAW-054673ABE84F2132BAFA,POWER,not_selected_for_target,,absence_from_expert_target_workbook,5311,12,2022,CREDIT-02358FAE9489,4417,燃生物质锅炉,True,3
SRC-RAW-69AA972393F11D13B89C,POWER,not_selected_for_target,,absence_from_expert_target_workbook,5312,13,2022,CREDIT-02358FAE9489,4417,燃生物质锅炉,True,3
SRC-RAW-2684EF5736F6ABE31E9F,POWER,not_selected_for_target,,absence_from_expert_target_workbook,5313,14,2022,CREDIT-02358FAE9489,4417,燃生物质锅炉,True,3
SRC-RAW-CC083CA2C5553F6B3D0F,POWER,not_selected_for_target,,absence_from_expert_target_workbook,5314,21,2022,CREDIT-8E8ED9F9AC2D,1432,,True,0
SRC-RAW-92A5896C2E2BFFE70452,POWER,not_selected_for_target,,absence_from_expert_target_workbook,5315,22,2022,CREDIT-8E8ED9F9AC2D,1432,,True,0
SRC-RAW-A8EC1500E2F15CF4911F,POWER,not_selected_for_target,,absence_from_expert_target_workbook,5316,23,2022,CREDIT-8E8ED9F9AC2D,1432,,True,0
SRC-RAW-1BA294AC30E992E1B864,POWER,not_selected_for_target,,absence_from_expert_target_workbook,5317,21,2022,CREDIT-5E7EFAFF197B,2661,,True,1
SRC-RAW-C72E323CE8776AB85B46,POWER,not_selected_for_target,,absence_from_expert_target_workbook,5318,22,2022,CREDIT-5E7EFAFF197B,2661,,True,1
SRC-RAW-F112956DE8E9E0B529BD,POWER,not_selected_for_target,,absence_from_expert_target_workbook,5319,21,2022,CREDIT-1E2ABCBE7A58,2669,,True,7
SRC-RAW-A046B4240C9C289FD684,POWER,not_selected_for_target,,absence_from_expert_target_workbook,5320,21,2022,ORG-C877B2702655,1332,,True,2
SRC-RAW-D5F962EC62C70A96256E,POWER,not_selected_for_target,,absence_from_expert_target_workbook,5321,21,2022,CREDIT-823FA5E603C5,2661,,True,3
SRC-RAW-F16FD769C9C23BF699F2,POWER,not_selected_for_target,,absence_from_expert_target_workbook,5322,21,2022,CREDIT-39C708B7CCA5,4690,,True,2
SRC-RAW-A9706BD25F2F9DA2C584,POWER,not_selected_for_target,,absence_from_expert_target_workbook,5323,22,2022,CREDIT-39C708B7CCA5,4690,,True,2
SRC-RAW-9CFA024BB37E25BEA740,POWER,not_selected_for_target,,absence_from_expert_target_workbook,5324,23,2022,CREDIT-39C708B7CCA5,4690,,True,2
SRC-RAW-A1C2B76AD784782DF85D,POWER,include,395,canonical_expert_scope_order,5325,11,2022,CREDIT-5893FA6964F5,3399,燃气锅炉,True,0
SRC-RAW-4E171EE8181EE4F79257,POWER,not_selected_for_target,,absence_from_expert_target_workbook,5326,21,2022,CREDIT-4407D6CA97E2,1499,,True,0
SRC-RAW-40CFC7C08CC48E3C8EF0,POWER,not_selected_for_target,,absence_from_expert_target_workbook,5327,21,2022,CREDIT-02EFDC915DAD,2651,,True,2
SRC-RAW-A4D5E3910E3701B34D60,POWER,not_selected_for_target,,absence_from_expert_target_workbook,5328,21,2022,ORG-1AB5263ACF8B,2651,,True,4
SRC-RAW-01DE0FA9E77244AC4A65,POWER,not_selected_for_target,,absence_from_expert_target_workbook,5329,21,2022,CREDIT-A6D0BAEE7F15,2319,,True,1
SRC-RAW-FAACAA23D6399AEB12CC,POWER,not_selected_for_target,,absence_from_expert_target_workbook,5330,21,2022,ORG-3738522F2811,3024,,True,0
SRC-RAW-A07F737422B54166D802,POWER,not_selected_for_target,,absence_from_expert_target_workbook,5331,21,2022,CREDIT-6DB253C2BE6F,2927,,True,0
SRC-RAW-0AD05BE2ACCC39988499,POWER,not_selected_for_target,,absence_from_expert_target_workbook,5332,21,2022,CREDIT-A291D70DEA17,3360,,True,3
SRC-RAW-B4BA86E3B9E1F6EF8769,POWER,not_selected_for_target,,absence_from_expert_target_workbook,5333,21,2022,CREDIT-F2D3F3B6657B,2662,,True,1
SRC-RAW-03D05ED5DDFBAA61F399,POWER,not_selected_for_target,,absence_from_expert_target_workbook,5334,21,2022,ORG-5FA80D140E80,1811,,True,1
SRC-RAW-5BB377C56F4424867325,POWER,not_selected_for_target,,absence_from_expert_target_workbook,5335,21,2022,ORG-E6C4941210AB,1452,,True,0
SRC-RAW-216D639E35A6E09C43EF,POWER,not_selected_for_target,,absence_from_expert_target_workbook,5336,21,2022,ORG-26FBBB4CC3EA,1811,,True,1
SRC-RAW-63D4685263107F593E80,POWER,not_selected_for_target,,absence_from_expert_target_workbook,5337,21,2022,ORG-2715BF8552C1,3041,,True,2
SRC-RAW-0CDD0C21F38E4D5D3B1B,POWER,not_selected_for_target,,absence_from_expert_target_workbook,5338,21,2022,CREDIT-F180171D223F,1743,,True,4
SRC-RAW-5320411A19F339346A34,POWER,not_selected_for_target,,absence_from_expert_target_workbook,5339,22,2022,CREDIT-F180171D223F,1743,,True,4
SRC-RAW-5E267DB64943D65B0077,POWER,not_selected_for_target,,absence_from_expert_target_workbook,5340,21,2022,CREDIT-7E46386A8E2D,2651,,True,1
SRC-RAW-6A058B565D08AA524E59,POWER,not_selected_for_target,,absence_from_expert_target_workbook,5341,22,2022,CREDIT-7E46386A8E2D,2651,,True,1
SRC-RAW-C91CA05FA14C6D60C52C,POWER,not_selected_for_target,,absence_from_expert_target_workbook,5342,21,2022,CREDIT-FA0632B2A89C,1431,,True,1
SRC-RAW-DC5FC0729B71B5CE0D02,POWER,not_selected_for_target,,absence_from_expert_target_workbook,5343,21,2022,CREDIT-AFD0B83BFF77,1523,,True,1
SRC-RAW-27B32795AE79E45D517C,POWER,not_selected_for_target,,absence_from_expert_target_workbook,5344,22,2022,CREDIT-AFD0B83BFF77,1523,,True,1
SRC-RAW-86124FB199211D29F7A4,POWER,not_selected_for_target,,absence_from_expert_target_workbook,5345,21,2022,CREDIT-D345ED422BF4,1819,,True,1
SRC-RAW-F8E697C4992051DEA9CD,POWER,not_selected_for_target,,absence_from_expert_target_workbook,5346,21,2022,CREDIT-033ED6615EE2,1351,,True,1
SRC-RAW-8DF0361D03BF3E094A37,POWER,not_selected_for_target,,absence_from_expert_target_workbook,5347,21,2022,CREDIT-7CA589704AE3,2740,,True,0
SRC-RAW-E933A5BEE1208935EAA1,POWER,not_selected_for_target,,absence_from_expert_target_workbook,5348,22,2022,CREDIT-7CA589704AE3,2740,,True,0
SRC-RAW-A8CB030404A6583B8C9D,POWER,not_selected_for_target,,absence_from_expert_target_workbook,5349,21,2022,CREDIT-74A3A92E6640,1830,,True,1
SRC-RAW-F3587E3203D94A1BB869,POWER,not_selected_for_target,,absence_from_expert_target_workbook,5350,21,2022,CREDIT-A3CD5C7D8A70,1819,,True,1
SRC-RAW-7C8C96FD7E078190CF59,POWER,not_selected_for_target,,absence_from_expert_target_workbook,5351,21,2022,CREDIT-A3A77DD00337,1830,,True,1
SRC-RAW-00D6FA65B8E8D8C04017,POWER,not_selected_for_target,,absence_from_expert_target_workbook,5352,21,2022,CREDIT-7DDD350AA16E,1830,,True,1
SRC-RAW-D0E2F6ADDC54117860F9,POWER,not_selected_for_target,,absence_from_expert_target_workbook,5353,21,2022,CREDIT-2C80DE5DD060,1529,,True,0
SRC-RAW-ACD55482B44B4EE74606,POWER,not_selected_for_target,,absence_from_expert_target_workbook,5354,21,2022,CREDIT-DFFBEB4AF8E5,1830,,True,3
SRC-RAW-FE7239CA5D7DD2E53285,POWER,not_selected_for_target,,absence_from_expert_target_workbook,5355,22,2022,CREDIT-DFFBEB4AF8E5,1830,,True,3
SRC-RAW-5558B34476985A85BE08,POWER,include,396,canonical_expert_scope_order,5356,11,2022,CREDIT-B1CB445A4D08,2221,燃气锅炉,True,0
SRC-RAW-830C5C9718D2FC09F72C,POWER,not_selected_for_target,,absence_from_expert_target_workbook,5357,21,2022,CREDIT-47F1B0A627A1,1811,,True,0
SRC-RAW-22A9D7C70A60181CED48,POWER,not_selected_for_target,,absence_from_expert_target_workbook,5358,22,2022,CREDIT-47F1B0A627A1,1811,,True,0
SRC-RAW-15E040C1626D9B5FF0F0,POWER,not_selected_for_target,,absence_from_expert_target_workbook,5359,21,2022,CREDIT-D69EC9D5819A,1829,,True,1
SRC-RAW-97130A26FCF5774AC1FC,POWER,not_selected_for_target,,absence_from_expert_target_workbook,5360,21,2022,CREDIT-E27686124EB6,1830,,True,1
SRC-RAW-7065737EDCFE7ADA996D,POWER,not_selected_for_target,,absence_from_expert_target_workbook,5361,21,2022,CREDIT-90E7D1DDE085,1411,,True,0
SRC-RAW-127E2E77FB7679EC2550,POWER,not_selected_for_target,,absence_from_expert_target_workbook,5362,21,2022,CREDIT-EE5D29D48E42,1711,,True,1
SRC-RAW-195C16EB418142F37E2A,POWER,not_selected_for_target,,absence_from_expert_target_workbook,5363,21,2022,CREDIT-D36F5A2252BE,1351,,True,0
SRC-RAW-7E9F72B33A02C35F7D73,POWER,not_selected_for_target,,absence_from_expert_target_workbook,5364,21,2022,CREDIT-66F0DF228594,1829,,True,1
SRC-RAW-AD413CA68679DCD7D4E7,POWER,not_selected_for_target,,absence_from_expert_target_workbook,5365,21,2022,CREDIT-29A879ED9A46,1830,,True,1
SRC-RAW-093D818DE07E5AAD5FAC,POWER,not_selected_for_target,,absence_from_expert_target_workbook,5366,21,2022,CREDIT-3C39BD6301DC,1819,,True,2
SRC-RAW-D8B3D2109DC285BDF4BE,POWER,not_selected_for_target,,absence_from_expert_target_workbook,5367,22,2022,CREDIT-3C39BD6301DC,1819,,True,2
SRC-RAW-03959ADCB461BD997CA4,POWER,not_selected_for_target,,absence_from_expert_target_workbook,5368,21,2022,CREDIT-B9DD7C5D297F,1829,,True,0
SRC-RAW-08EF6983302AFA6F1EEB,POWER,not_selected_for_target,,absence_from_expert_target_workbook,5369,21,2022,ORG-A83DEF6EFC70,1819,,True,1
SRC-RAW-9486DCE8BA31E2A24F10,POWER,not_selected_for_target,,absence_from_expert_target_workbook,5370,21,2022,CREDIT-598926B5FCFD,1830,,True,1
SRC-RAW-172B2275012EC70ACDB9,POWER,not_selected_for_target,,absence_from_expert_target_workbook,5371,22,2022,CREDIT-598926B5FCFD,1830,,True,1
SRC-RAW-EEFE3AFD3D4AA1AE5748,POWER,not_selected_for_target,,absence_from_expert_target_workbook,5372,21,2022,CREDIT-B649735C4E64,1752,,True,1
SRC-RAW-6C339A47441F5D6420D7,POWER,not_selected_for_target,,absence_from_expert_target_workbook,5373,21,2022,CREDIT-EAE2BABAEC2D,2239,,True,1
SRC-RAW-814F953E82B9A2375E54,POWER,not_selected_for_target,,absence_from_expert_target_workbook,5374,21,2022,CREDIT-5F4DC07BC195,2231,,True,0
SRC-RAW-852FDCFE4060A769BF0D,POWER,not_selected_for_target,,absence_from_expert_target_workbook,5375,21,2022,CREDIT-C30962D5222D,2223,,True,3
SRC-RAW-206AEC949FC89FEAB5D1,POWER,not_selected_for_target,,absence_from_expert_target_workbook,5376,21,2022,CREDIT-9727032D49C6,2924,,True,1
SRC-RAW-1DB910528DECEB5B1ECD,POWER,not_selected_for_target,,absence_from_expert_target_workbook,5377,21,2022,CREDIT-F3BC549BF5A7,2231,,True,3
SRC-RAW-B1365AA49D5EC23CC3A2,POWER,not_selected_for_target,,absence_from_expert_target_workbook,5378,21,2022,CREDIT-5221BE989572,2720,,True,0
SRC-RAW-86C7E4E853C303F2DE0E,POWER,not_selected_for_target,,absence_from_expert_target_workbook,5379,22,2022,CREDIT-5221BE989572,2720,,True,0
SRC-RAW-0A81FC191B7CA6F8F4B2,POWER,not_selected_for_target,,absence_from_expert_target_workbook,5380,23,2022,CREDIT-5221BE989572,2720,,True,0
SRC-RAW-C4C79669DC5A4EAB5E75,POWER,not_selected_for_target,,absence_from_expert_target_workbook,5381,21,2022,CREDIT-B63D872298CE,1340,,True,1
SRC-RAW-0B08932E623FBB31D8FD,POWER,not_selected_for_target,,absence_from_expert_target_workbook,5382,21,2022,CREDIT-D2AD64B54DC8,1469,,True,1
SRC-RAW-A4D2584E992977FF0DF6,POWER,not_selected_for_target,,absence_from_expert_target_workbook,5383,21,2022,CREDIT-BADA689252E9,2924,,True,2
SRC-RAW-3F8868DA72E0BD1033D3,POWER,not_selected_for_target,,absence_from_expert_target_workbook,5384,21,2022,CREDIT-02ACE1806249,2924,,True,1
SRC-RAW-3582C7728320654720D8,POWER,not_selected_for_target,,absence_from_expert_target_workbook,5385,21,2022,CREDIT-114E97D73160,2034,,True,1
SRC-RAW-13D473CA03EDBCD71C95,POWER,not_selected_for_target,,absence_from_expert_target_workbook,5386,21,2022,CREDIT-D908640BDDAC,2012,,True,1
SRC-RAW-70778D479DCF24AAF2AD,POWER,not_selected_for_target,,absence_from_expert_target_workbook,5387,21,2022,CREDIT-A2063BF895AD,3360,,True,0
SRC-RAW-23EAD146A9F2D37F8DC6,POWER,not_selected_for_target,,absence_from_expert_target_workbook,5388,21,2022,CREDIT-78118C6B3795,1713,,True,2
SRC-RAW-68EAF69E750EAC46DA8D,POWER,not_selected_for_target,,absence_from_expert_target_workbook,5389,22,2022,CREDIT-78118C6B3795,1713,,True,2
SRC-RAW-2E1B8E35531D1B99EE7B,POWER,not_selected_for_target,,absence_from_expert_target_workbook,5390,23,2022,CREDIT-78118C6B3795,1713,,True,2
SRC-RAW-48E70F2129ED180F60D0,POWER,not_selected_for_target,,absence_from_expert_target_workbook,5391,21,2022,CREDIT-BA28D8FCE475,1819,,True,1
SRC-RAW-AA043813900AD88C655B,POWER,not_selected_for_target,,absence_from_expert_target_workbook,5392,21,2022,CREDIT-832B213BED03,3360,,True,0
SRC-RAW-97BA8AED97AE7EAB7455,POWER,include,397,canonical_expert_scope_order,5393,11,2022,CREDIT-482432DB8F9F,4412,燃气轮机,True,3
SRC-RAW-EE6CBFD351A2717C607C,POWER,include,398,canonical_expert_scope_order,5394,12,2022,CREDIT-482432DB8F9F,4412,燃气轮机,True,3
SRC-RAW-0180EDF55F46EA2F4653,POWER,include,399,canonical_expert_scope_order,5395,13,2022,CREDIT-482432DB8F9F,4412,燃气轮机,True,3
SRC-RAW-EA1360CB5846D8659D6A,POWER,not_selected_for_target,,absence_from_expert_target_workbook,5396,21,2022,ORG-FBD18EEBA708,3360,,True,0
SRC-RAW-314F5E6F62ACC2E3D39F,POWER,not_selected_for_target,,absence_from_expert_target_workbook,5397,21,2022,CREDIT-1380730062DE,1713,,True,0
SRC-RAW-2589326C704758F4E74F,POWER,not_selected_for_target,,absence_from_expert_target_workbook,5398,21,2022,CREDIT-1FA593ABA90A,2689,,True,1
SRC-RAW-30C2CC4DED27EF9018C3,POWER,not_selected_for_target,,absence_from_expert_target_workbook,5399,21,2022,CREDIT-6CFDAB49F580,3360,,True,0
SRC-RAW-13B154DDCC29D9A5AF1B,POWER,not_selected_for_target,,absence_from_expert_target_workbook,5400,21,2022,ORG-1CD922E6947F,3360,,True,3
SRC-RAW-A52BA0058812AE3D2F10,POWER,not_selected_for_target,,absence_from_expert_target_workbook,5401,21,2022,ORG-57E12001BABD,3360,,True,0
SRC-RAW-926554E6C5FAE52ACAAE,POWER,not_selected_for_target,,absence_from_expert_target_workbook,5402,21,2022,CREDIT-4B5F8FBF4942,3973,,True,1
SRC-RAW-443146DFF511FE61B13A,POWER,not_selected_for_target,,absence_from_expert_target_workbook,5403,22,2022,CREDIT-4B5F8FBF4942,3973,,True,1
SRC-RAW-69ACA010CE64FEEA1AC5,POWER,not_selected_for_target,,absence_from_expert_target_workbook,5404,23,2022,CREDIT-4B5F8FBF4942,3973,,True,1
SRC-RAW-C4DE6D86DB414084E762,POWER,not_selected_for_target,,absence_from_expert_target_workbook,5405,24,2022,CREDIT-4B5F8FBF4942,3973,,True,1
SRC-RAW-A6979C74D9277B29DDF4,POWER,not_selected_for_target,,absence_from_expert_target_workbook,5406,25,2022,CREDIT-4B5F8FBF4942,3973,,True,1
SRC-RAW-1D2FCD40AFA8EF680372,POWER,not_selected_for_target,,absence_from_expert_target_workbook,5407,26,2022,CREDIT-4B5F8FBF4942,3973,,True,1
SRC-RAW-74593463D383323E320F,POWER,not_selected_for_target,,absence_from_expert_target_workbook,5408,27,2022,CREDIT-4B5F8FBF4942,3973,,True,1
SRC-RAW-8BF23932943345C75662,POWER,not_selected_for_target,,absence_from_expert_target_workbook,5409,21,2022,CREDIT-7EB343C5C210,3360,,True,2
SRC-RAW-2CB169E9ADF9C824B4F4,POWER,not_selected_for_target,,absence_from_expert_target_workbook,5410,21,2022,CREDIT-0898869C3CD6,1711,,True,0
SRC-RAW-BB52FD7B631AC5B4F1CE,POWER,not_selected_for_target,,absence_from_expert_target_workbook,5411,21,2022,CREDIT-409531DAF110,3360,,True,2
SRC-RAW-EEF40B56EA74DC74E094,POWER,not_selected_for_target,,absence_from_expert_target_workbook,5412,21,2022,CREDIT-369FA4E9C539,3360,,True,1
SRC-RAW-8C928AADEF2FB4D3855D,POWER,not_selected_for_target,,absence_from_expert_target_workbook,5413,21,2022,CREDIT-6B7367ADA306,2669,,True,1
SRC-RAW-5466CEE50DC9ECCE5F59,POWER,not_selected_for_target,,absence_from_expert_target_workbook,5414,21,2022,CREDIT-695B0ADDA382,1959,,True,0
SRC-RAW-32A81678EDC50FE39A04,POWER,not_selected_for_target,,absence_from_expert_target_workbook,5415,21,2022,CREDIT-4221DFBA18D6,3021,,True,0
SRC-RAW-A9BDF81770DB889BB7C3,POWER,not_selected_for_target,,absence_from_expert_target_workbook,5416,21,2022,CREDIT-BD1C21726530,1713,,True,0
SRC-RAW-1D2C2019405A2226EC47,POWER,not_selected_for_target,,absence_from_expert_target_workbook,5417,21,2022,CREDIT-DD6CBDE4514C,2661,,True,1
SRC-RAW-2646D87760FB57E87999,POWER,not_selected_for_target,,absence_from_expert_target_workbook,5418,21,2022,ORG-5361A67DDF71,3360,,True,0
SRC-RAW-AF7304AC74CC21CFC334,POWER,not_selected_for_target,,absence_from_expert_target_workbook,5419,21,2022,CREDIT-1AA7C86EC352,3360,,True,0
SRC-RAW-805EFB9E150371C85CBE,POWER,not_selected_for_target,,absence_from_expert_target_workbook,5420,21,2022,CREDIT-758D0331A250,1762,,True,2
SRC-RAW-9151086613E1577C208B,POWER,not_selected_for_target,,absence_from_expert_target_workbook,5421,21,2022,CREDIT-A4793AE3A148,2669,,True,0
SRC-RAW-C41D3BA9CAA3E079914F,POWER,not_selected_for_target,,absence_from_expert_target_workbook,5422,22,2022,CREDIT-A4793AE3A148,2669,,True,0
SRC-RAW-57AE84878F4E56A61300,POWER,not_selected_for_target,,absence_from_expert_target_workbook,5423,21,2022,CREDIT-514AE811DA6D,3360,,True,2
SRC-RAW-80C525AE36086CB89B9E,POWER,not_selected_for_target,,absence_from_expert_target_workbook,5424,21,2022,CREDIT-52C24B849D3D,3360,,True,6
SRC-RAW-086E867F040C34AB08A3,POWER,not_selected_for_target,,absence_from_expert_target_workbook,5425,22,2022,CREDIT-52C24B849D3D,3360,,True,6
SRC-RAW-EB198E66E2E24EBB31C8,POWER,not_selected_for_target,,absence_from_expert_target_workbook,5426,23,2022,CREDIT-52C24B849D3D,3360,,True,6
SRC-RAW-04CE7FE5DD4FC0102FDA,POWER,not_selected_for_target,,absence_from_expert_target_workbook,5427,24,2022,CREDIT-52C24B849D3D,3360,,True,6
SRC-RAW-2DD37E179EC0A06BFF45,POWER,not_selected_for_target,,absence_from_expert_target_workbook,5428,25,2022,CREDIT-52C24B849D3D,3360,,True,6
SRC-RAW-8BF35A972BAE388F66DC,POWER,not_selected_for_target,,absence_from_expert_target_workbook,5429,26,2022,CREDIT-52C24B849D3D,3360,,True,6
SRC-RAW-621902691D18BAEBCD12,POWER,not_selected_for_target,,absence_from_expert_target_workbook,5430,27,2022,CREDIT-52C24B849D3D,3360,,True,6
SRC-RAW-CFFC075533C8A94B7A8E,POWER,not_selected_for_target,,absence_from_expert_target_workbook,5431,21,2022,CREDIT-6EA2C12DB567,3360,,True,1
SRC-RAW-F845DC337FF6B8E414EB,POWER,not_selected_for_target,,absence_from_expert_target_workbook,5432,22,2022,CREDIT-6EA2C12DB567,3360,,True,1
SRC-RAW-78E21C61AED9F3590CA8,POWER,not_selected_for_target,,absence_from_expert_target_workbook,5433,23,2022,CREDIT-6EA2C12DB567,3360,,True,1
SRC-RAW-37EB5A4A443B9563201D,POWER,not_selected_for_target,,absence_from_expert_target_workbook,5434,24,2022,CREDIT-6EA2C12DB567,3360,,True,1
SRC-RAW-3629C06709A4FD6CC0F6,POWER,not_selected_for_target,,absence_from_expert_target_workbook,5435,25,2022,CREDIT-6EA2C12DB567,3360,,True,1
SRC-RAW-7BFC7000FD5A9214FDB6,POWER,not_selected_for_target,,absence_from_expert_target_workbook,5436,26,2022,CREDIT-6EA2C12DB567,3360,,True,1
SRC-RAW-2B64A32559A4F7B7EC6A,POWER,not_selected_for_target,,absence_from_expert_target_workbook,5437,27,2022,CREDIT-6EA2C12DB567,3360,,True,1
SRC-RAW-E699F073A03763DEDDBE,POWER,not_selected_for_target,,absence_from_expert_target_workbook,5438,28,2022,CREDIT-6EA2C12DB567,3360,,True,1
SRC-RAW-BADEE5AD590CA7F6E59E,POWER,not_selected_for_target,,absence_from_expert_target_workbook,5439,21,2022,CREDIT-50B20CB42CE2,3360,,True,2
SRC-RAW-A22C3B6BE1B7FBD787E3,POWER,not_selected_for_target,,absence_from_expert_target_workbook,5440,21,2022,CREDIT-1E5D02DD179E,3360,,True,0
SRC-RAW-CE732D5D782A199CF41A,POWER,not_selected_for_target,,absence_from_expert_target_workbook,5441,21,2022,CREDIT-C448C7BBF377,2682,,True,3
SRC-RAW-58CA452C4588DB2CEBB5,POWER,not_selected_for_target,,absence_from_expert_target_workbook,5442,22,2022,CREDIT-C448C7BBF377,2682,,True,3
SRC-RAW-E5FF49F78F48E09AD4B1,POWER,not_selected_for_target,,absence_from_expert_target_workbook,5443,21,2022,CREDIT-D96DE33EFCE4,2239,,True,1
SRC-RAW-3ABA5C036CD4BBC8E5B0,POWER,not_selected_for_target,,absence_from_expert_target_workbook,5444,21,2022,CREDIT-B0C86DE800FB,2221,,True,1
SRC-RAW-5FD1EB3318B3758BACE6,POWER,not_selected_for_target,,absence_from_expert_target_workbook,5445,21,2022,CREDIT-E6E306664A90,2921,,True,3
SRC-RAW-741048F082F67AA20FB2,POWER,not_selected_for_target,,absence_from_expert_target_workbook,5446,22,2022,CREDIT-E6E306664A90,2921,,True,3
SRC-RAW-68CE95C47EC0681A6308,POWER,not_selected_for_target,,absence_from_expert_target_workbook,5447,21,2022,CREDIT-A1FCA5E9D917,2925,,True,2
SRC-RAW-718FD88874679FB8809A,POWER,not_selected_for_target,,absence_from_expert_target_workbook,5448,21,2022,CREDIT-C21CF83E2C70,2669,,True,3
SRC-RAW-659CAE03C0C5B54D3EAD,POWER,not_selected_for_target,,absence_from_expert_target_workbook,5449,21,2022,CREDIT-A77E262B5C96,2924,,True,2
SRC-RAW-CD0A709161AA3C9D13F3,POWER,not_selected_for_target,,absence_from_expert_target_workbook,5450,22,2022,CREDIT-A77E262B5C96,2924,,True,2
SRC-RAW-8AA359EB1DFF8D78AC84,POWER,not_selected_for_target,,absence_from_expert_target_workbook,5451,21,2022,CREDIT-3211C1A92D28,3360,,True,2
SRC-RAW-BF2D7D467D99B4C88BE9,POWER,not_selected_for_target,,absence_from_expert_target_workbook,5452,21,2022,CREDIT-C687A354EB87,3021,,True,2
SRC-RAW-6B5B6A30A35689BED6FA,POWER,not_selected_for_target,,absence_from_expert_target_workbook,5453,22,2022,CREDIT-C687A354EB87,3021,,True,2
SRC-RAW-1D14B75CCC587329C713,POWER,not_selected_for_target,,absence_from_expert_target_workbook,5454,21,2022,CREDIT-A43F973A61AA,3389,,True,4
SRC-RAW-08E4C6BC514F44659924,POWER,not_selected_for_target,,absence_from_expert_target_workbook,5455,22,2022,CREDIT-A43F973A61AA,3389,,True,4
SRC-RAW-CA58362F5DB99FF2B4F8,POWER,not_selected_for_target,,absence_from_expert_target_workbook,5456,23,2022,CREDIT-A43F973A61AA,3389,,True,4
SRC-RAW-0898956C49B4C9F03CE1,POWER,not_selected_for_target,,absence_from_expert_target_workbook,5457,24,2022,CREDIT-A43F973A61AA,3389,,True,4
SRC-RAW-8CA9E0A7E8BE582F0B88,POWER,not_selected_for_target,,absence_from_expert_target_workbook,5458,21,2022,CREDIT-31E7321C553B,2682,,True,3
SRC-RAW-01C7E3F947D794BE948E,POWER,not_selected_for_target,,absence_from_expert_target_workbook,5459,22,2022,CREDIT-31E7321C553B,2682,,True,3
SRC-RAW-E3B84746FC155361B4ED,POWER,not_selected_for_target,,absence_from_expert_target_workbook,5460,21,2022,CREDIT-EFB0626CD1E5,1713,,True,3
SRC-RAW-6157DAF9D8FF97FBF2A6,POWER,not_selected_for_target,,absence_from_expert_target_workbook,5461,21,2022,CREDIT-3E2F615EA870,1713,,True,4
SRC-RAW-750DA55BA20CDDF3CECD,POWER,not_selected_for_target,,absence_from_expert_target_workbook,5462,22,2022,CREDIT-3E2F615EA870,1713,,True,4
SRC-RAW-CF041ADD7B32B9265EDD,POWER,not_selected_for_target,,absence_from_expert_target_workbook,5463,21,2022,CREDIT-5FDDDC57F5E8,1329,,True,1
SRC-RAW-DFEB896F4DD9E771533F,POWER,not_selected_for_target,,absence_from_expert_target_workbook,5464,22,2022,CREDIT-5FDDDC57F5E8,1329,,True,1
SRC-RAW-A1A1DBB36B6DA002E4EA,POWER,not_selected_for_target,,absence_from_expert_target_workbook,5465,21,2022,CREDIT-72D8958978DA,2669,,True,2
SRC-RAW-CF3338CFF1DD2DDAA8B2,POWER,not_selected_for_target,,absence_from_expert_target_workbook,5466,21,2022,CREDIT-376D7EDC162A,1462,,True,1
SRC-RAW-27BF7282AAA1FC0021F5,POWER,not_selected_for_target,,absence_from_expert_target_workbook,5467,22,2022,CREDIT-376D7EDC162A,1462,,True,1
SRC-RAW-1D6AD82D55DDD8053AF1,POWER,not_selected_for_target,,absence_from_expert_target_workbook,5468,21,2022,CREDIT-799129E4F08F,1524,,True,2
SRC-RAW-F6A6B328B8668F2037F0,POWER,not_selected_for_target,,absence_from_expert_target_workbook,5469,21,2022,CREDIT-5BF13C7321E8,3360,,True,2
SRC-RAW-8D2782C562A8D66674EB,POWER,not_selected_for_target,,absence_from_expert_target_workbook,5470,21,2022,CREDIT-A04F9C891114,2924,,True,1
SRC-RAW-4A5088AFC631F5394110,POWER,not_selected_for_target,,absence_from_expert_target_workbook,5471,21,2022,CREDIT-68B5779DCAF6,3024,,True,1
SRC-RAW-83606CB9C6946165F3B0,POWER,not_selected_for_target,,absence_from_expert_target_workbook,5472,21,2022,CREDIT-CBA8792CA13B,4430,,True,1
SRC-RAW-A7399E9858AC87EEEF48,POWER,not_selected_for_target,,absence_from_expert_target_workbook,5473,22,2022,CREDIT-CBA8792CA13B,4430,,True,1
SRC-RAW-0741B2CBDE286E52D2D7,POWER,not_selected_for_target,,absence_from_expert_target_workbook,5474,11,2022,CREDIT-5A8522B196DE,4417,燃生物质锅炉,True,3
SRC-RAW-8FAEA5C336C717630644,POWER,not_selected_for_target,,absence_from_expert_target_workbook,5475,12,2022,CREDIT-5A8522B196DE,4417,燃生物质锅炉,True,3
SRC-RAW-0AC3DFF43E5B17928155,POWER,include,400,canonical_expert_scope_order,5476,11,2022,CREDIT-E63B7F91853A,4412,燃气轮机,True,0
SRC-RAW-6A3E23092705B3565E0C,POWER,include,401,canonical_expert_scope_order,5477,12,2022,CREDIT-E63B7F91853A,4412,燃气轮机,True,0
SRC-RAW-C6E41B9C66E2B53636C0,POWER,include,402,canonical_expert_scope_order,5478,13,2022,CREDIT-E63B7F91853A,4412,燃气轮机,True,0
SRC-RAW-D24E7DD806096381F6D7,POWER,include,403,canonical_expert_scope_order,5479,14,2022,CREDIT-E63B7F91853A,4412,燃气轮机,True,0
SRC-RAW-6035AD1D70625AFF16B7,POWER,include,404,canonical_expert_scope_order,5480,15,2022,CREDIT-E63B7F91853A,4412,燃气轮机,True,0
SRC-RAW-DD359C7790B247F4EDAA,POWER,not_selected_for_target,,absence_from_expert_target_workbook,5481,21,2022,CREDIT-ABAAE359CA8F,1713,,True,0
SRC-RAW-C59DB41FCD264E846672,POWER,not_selected_for_target,,absence_from_expert_target_workbook,5482,22,2022,CREDIT-ABAAE359CA8F,1713,,True,0
SRC-RAW-EEB59220C80B92CA214E,POWER,not_selected_for_target,,absence_from_expert_target_workbook,5483,21,2022,CREDIT-94573A66D8D1,1432,,True,0
SRC-RAW-BAE2FBA5D5895B4EB5AF,POWER,include,405,canonical_expert_scope_order,5484,11,2022,CREDIT-CD3D8CC31A7C,4411,燃气轮机,True,0
SRC-RAW-FD5D347A0907A21ACAB3,POWER,include,406,canonical_expert_scope_order,5485,12,2022,CREDIT-CD3D8CC31A7C,4411,燃气轮机,True,0
SRC-RAW-0A8630DDA10E683839D8,POWER,not_selected_for_target,,absence_from_expert_target_workbook,5486,11,2022,CREDIT-B007E9BCF152,4417,燃生物质锅炉,True,3
SRC-RAW-777323DB59ABE3FE9278,POWER,not_selected_for_target,,absence_from_expert_target_workbook,5487,12,2022,CREDIT-B007E9BCF152,4417,燃生物质锅炉,True,3
SRC-RAW-4227A3ECCE2B1F0D6EB8,POWER,not_selected_for_target,,absence_from_expert_target_workbook,5488,13,2022,CREDIT-B007E9BCF152,4417,燃生物质锅炉,True,3
SRC-RAW-F053D8A0545E92C9D588,POWER,not_selected_for_target,,absence_from_expert_target_workbook,5489,21,2022,CREDIT-E9CAD6F27E89,1762,,True,1
SRC-RAW-64A174DA356B092CE5A7,POWER,not_selected_for_target,,absence_from_expert_target_workbook,5490,21,2022,CREDIT-7D5A732A0BFA,1722,,True,3
SRC-RAW-1B1D6E20637C5737EF4E,POWER,not_selected_for_target,,absence_from_expert_target_workbook,5491,22,2022,CREDIT-7D5A732A0BFA,1722,,True,3
SRC-RAW-8E737DD0FA44D49633DB,POWER,not_selected_for_target,,absence_from_expert_target_workbook,5492,23,2022,CREDIT-7D5A732A0BFA,1722,,True,3
SRC-RAW-D20C97494D1F599BA3B2,POWER,not_selected_for_target,,absence_from_expert_target_workbook,5493,21,2022,CREDIT-323059C62E50,2929,,True,1
SRC-RAW-D4A312A05899093E307C,POWER,not_selected_for_target,,absence_from_expert_target_workbook,5494,21,2022,CREDIT-58BEB0DCF48F,2770,,True,0
SRC-RAW-B4CE0114B7B58753BC21,POWER,not_selected_for_target,,absence_from_expert_target_workbook,5495,22,2022,CREDIT-58BEB0DCF48F,2770,,True,0
SRC-RAW-5E794200589930F01F38,POWER,not_selected_for_target,,absence_from_expert_target_workbook,5496,23,2022,CREDIT-58BEB0DCF48F,2770,,True,0
SRC-RAW-0E8E9774A92616921F7A,POWER,not_selected_for_target,,absence_from_expert_target_workbook,5497,21,2022,CREDIT-D0B88D2AC17E,1830,,True,0
SRC-RAW-A94C19C4E12ED81CEE52,POWER,not_selected_for_target,,absence_from_expert_target_workbook,5498,21,2022,CREDIT-1B2495223383,2927,,True,4
SRC-RAW-9A38A8CE2ECDFD51E98D,POWER,not_selected_for_target,,absence_from_expert_target_workbook,5499,22,2022,CREDIT-1B2495223383,2927,,True,4
SRC-RAW-C6AF3400303D581F67AB,POWER,not_selected_for_target,,absence_from_expert_target_workbook,5500,21,2022,CREDIT-F5833E5E016A,2924,,True,1
SRC-RAW-CF855A9B6B9A6705E3ED,POWER,not_selected_for_target,,absence_from_expert_target_workbook,5501,22,2022,CREDIT-F5833E5E016A,2924,,True,1
SRC-RAW-38A3384CF9D87CA6ACD2,POWER,not_selected_for_target,,absence_from_expert_target_workbook,5502,21,2022,CREDIT-731FFAF69DB6,2924,,True,1
SRC-RAW-7104D485DD18BC2CACE1,POWER,not_selected_for_target,,absence_from_expert_target_workbook,5503,21,2022,CREDIT-2C0DBB444B0B,2924,,True,1
SRC-RAW-9B338CD505DFAFD72A8C,POWER,not_selected_for_target,,absence_from_expert_target_workbook,5504,21,2022,CREDIT-18FF76CECFB7,1941,,True,1
SRC-RAW-6217E057717259C00C86,POWER,not_selected_for_target,,absence_from_expert_target_workbook,5505,22,2022,CREDIT-18FF76CECFB7,1941,,True,1
SRC-RAW-7A48F0A9A041E7D26096,POWER,not_selected_for_target,,absence_from_expert_target_workbook,5506,23,2022,CREDIT-18FF76CECFB7,1941,,True,1
SRC-RAW-65FC4D7728AD586C3BB8,POWER,not_selected_for_target,,absence_from_expert_target_workbook,5507,21,2022,CREDIT-CC1999AC9471,1819,,True,0
SRC-RAW-4CC65EA5A097D243DDB3,POWER,not_selected_for_target,,absence_from_expert_target_workbook,5508,21,2022,CREDIT-54FFFF578C9F,1763,,True,1
SRC-RAW-07B06A2E3C64F6627CC0,POWER,not_selected_for_target,,absence_from_expert_target_workbook,5509,21,2022,CREDIT-8E4EA5628546,2689,,True,2
SRC-RAW-C0CFA9BA49DE71E95316,POWER,not_selected_for_target,,absence_from_expert_target_workbook,5510,21,2022,CREDIT-A252D6BA2888,2669,,True,2
SRC-RAW-9ED76501E6436D9865B4,POWER,not_selected_for_target,,absence_from_expert_target_workbook,5511,21,2022,CREDIT-DCBDEB2C7F84,3399,,True,3
SRC-RAW-B58591EDF8F91FF49476,POWER,not_selected_for_target,,absence_from_expert_target_workbook,5512,22,2022,CREDIT-DCBDEB2C7F84,3399,,True,3
SRC-RAW-DF071C3CE246B18C2279,POWER,not_selected_for_target,,absence_from_expert_target_workbook,5513,21,2022,CREDIT-DD6897EBC07C,1742,,True,2
SRC-RAW-E46079381567BDFB8C8F,POWER,not_selected_for_target,,absence_from_expert_target_workbook,5514,21,2022,CREDIT-1754D7F6813D,1723,,True,0
SRC-RAW-23BDCB074D31A7409228,POWER,not_selected_for_target,,absence_from_expert_target_workbook,5515,22,2022,CREDIT-1754D7F6813D,1723,,True,0
SRC-RAW-82506FA003ADC9035A2F,POWER,not_selected_for_target,,absence_from_expert_target_workbook,5516,23,2022,CREDIT-1754D7F6813D,1723,,True,0
SRC-RAW-3D65925D6DDA91C0D78D,POWER,not_selected_for_target,,absence_from_expert_target_workbook,5517,21,2022,CREDIT-DDA54E4B081C,1821,,True,0
SRC-RAW-CB71544530A41843C51A,POWER,not_selected_for_target,,absence_from_expert_target_workbook,5518,21,2022,CREDIT-9D8A4B6D3737,1819,,True,0
SRC-RAW-C05E7EEE24BE522F0738,POWER,not_selected_for_target,,absence_from_expert_target_workbook,5519,21,2022,CREDIT-1EF63FE08C80,1712,,True,0
SRC-RAW-BF14A0EFAF43AF082F62,POWER,not_selected_for_target,,absence_from_expert_target_workbook,5520,21,2022,CREDIT-09307EEA3E3D,2110,,True,2
SRC-RAW-E51330F681BC26C0C586,POWER,not_selected_for_target,,absence_from_expert_target_workbook,5521,21,2022,ORG-EB49FCA2ED04,1819,,True,1
SRC-RAW-A296FE98154F62E570BE,POWER,not_selected_for_target,,absence_from_expert_target_workbook,5522,22,2022,ORG-EB49FCA2ED04,1819,,True,1
SRC-RAW-FCDB14149833819535CD,POWER,not_selected_for_target,,absence_from_expert_target_workbook,5523,21,2022,ORG-2AA4ADCFC9F3,1819,,True,1
SRC-RAW-24383943665D01003562,POWER,not_selected_for_target,,absence_from_expert_target_workbook,5524,22,2022,ORG-2AA4ADCFC9F3,1819,,True,1
SRC-RAW-EAD3A0817D2689A3A614,POWER,not_selected_for_target,,absence_from_expert_target_workbook,5525,23,2022,ORG-2AA4ADCFC9F3,1819,,True,1
SRC-RAW-966DB3FA64FEFBAFBC80,POWER,not_selected_for_target,,absence_from_expert_target_workbook,5526,24,2022,ORG-2AA4ADCFC9F3,1819,,True,1
SRC-RAW-FEE218595F80E78FB5BB,POWER,not_selected_for_target,,absence_from_expert_target_workbook,5527,25,2022,ORG-2AA4ADCFC9F3,1819,,True,1
SRC-RAW-A3B459CAE6FAB97095BF,POWER,not_selected_for_target,,absence_from_expert_target_workbook,5528,21,2022,ORG-AED9AF61FDAE,1819,,True,1
SRC-RAW-8DE7A65ABB0A0574E21A,POWER,not_selected_for_target,,absence_from_expert_target_workbook,5529,22,2022,ORG-AED9AF61FDAE,1819,,True,1
SRC-RAW-4D3367D3EBD86597952F,POWER,not_selected_for_target,,absence_from_expert_target_workbook,5530,21,2022,ORG-3ADEE84A9628,1819,,True,1
SRC-RAW-659B1D3C168983ED2262,POWER,not_selected_for_target,,absence_from_expert_target_workbook,5531,22,2022,ORG-3ADEE84A9628,1819,,True,1
SRC-RAW-14ECDD532C2E355E4EF4,POWER,not_selected_for_target,,absence_from_expert_target_workbook,5532,21,2022,ORG-7D66013C561D,1819,,True,1
SRC-RAW-34A7E381E15750186947,POWER,not_selected_for_target,,absence_from_expert_target_workbook,5533,22,2022,ORG-7D66013C561D,1819,,True,1
SRC-RAW-1C95731F80C2D81BE102,POWER,not_selected_for_target,,absence_from_expert_target_workbook,5534,21,2022,ORG-C3E308965297,1819,,True,1
SRC-RAW-CFB408087FD0E44D1905,POWER,not_selected_for_target,,absence_from_expert_target_workbook,5535,22,2022,ORG-C3E308965297,1819,,True,1
SRC-RAW-9B50B52872149903578C,POWER,not_selected_for_target,,absence_from_expert_target_workbook,5536,21,2022,CREDIT-1131A5056B40,2110,,True,2
SRC-RAW-7F74283E87806E8AE81E,POWER,not_selected_for_target,,absence_from_expert_target_workbook,5537,21,2022,ORG-1255A5BCF3B1,1712,,True,1
SRC-RAW-716EE0D882DC40623FD0,POWER,not_selected_for_target,,absence_from_expert_target_workbook,5538,22,2022,ORG-1255A5BCF3B1,1712,,True,1
SRC-RAW-E514FAD888A16A024586,POWER,not_selected_for_target,,absence_from_expert_target_workbook,5539,21,2022,ORG-F42BCA883C37,1819,,True,1
SRC-RAW-C47863580175A373CB1B,POWER,not_selected_for_target,,absence_from_expert_target_workbook,5540,22,2022,ORG-F42BCA883C37,1819,,True,1
SRC-RAW-2D69022633D376666E50,POWER,not_selected_for_target,,absence_from_expert_target_workbook,5541,21,2022,ORG-7733635A6A20,1819,,True,1
SRC-RAW-F6FDDD0C59FBAD6C11F6,POWER,not_selected_for_target,,absence_from_expert_target_workbook,5542,22,2022,ORG-7733635A6A20,1819,,True,1
SRC-RAW-FA46039F5864D9ADCEDF,POWER,not_selected_for_target,,absence_from_expert_target_workbook,5543,21,2022,ORG-B89121870DFA,1819,,True,1
SRC-RAW-CD5F09361F4E900DC0D2,POWER,not_selected_for_target,,absence_from_expert_target_workbook,5544,22,2022,ORG-B89121870DFA,1819,,True,1
SRC-RAW-9E7C5C2107D6577AC137,POWER,not_selected_for_target,,absence_from_expert_target_workbook,5545,23,2022,ORG-B89121870DFA,1819,,True,1
SRC-RAW-1D2B7C26888622BB7C24,POWER,not_selected_for_target,,absence_from_expert_target_workbook,5546,24,2022,ORG-B89121870DFA,1819,,True,1
SRC-RAW-C6C907D114A09CBF4690,POWER,not_selected_for_target,,absence_from_expert_target_workbook,5547,21,2022,ORG-F97ADAFFDCA4,1713,,True,2
SRC-RAW-2EEC25849CDD1D961A39,POWER,not_selected_for_target,,absence_from_expert_target_workbook,5548,22,2022,ORG-F97ADAFFDCA4,1713,,True,2
SRC-RAW-CEDEDA31DAD87E3EFC75,POWER,not_selected_for_target,,absence_from_expert_target_workbook,5549,23,2022,ORG-F97ADAFFDCA4,1713,,True,2
SRC-RAW-2DB6DB7A748FAC39684E,POWER,not_selected_for_target,,absence_from_expert_target_workbook,5550,24,2022,ORG-F97ADAFFDCA4,1713,,True,2
SRC-RAW-802599C8EA1E4CE88CFC,POWER,not_selected_for_target,,absence_from_expert_target_workbook,5551,25,2022,ORG-F97ADAFFDCA4,1713,,True,2
SRC-RAW-B348F0BC66495CE41786,POWER,not_selected_for_target,,absence_from_expert_target_workbook,5552,26,2022,ORG-F97ADAFFDCA4,1713,,True,2
SRC-RAW-F2F86EB2E4A6AF77280B,POWER,not_selected_for_target,,absence_from_expert_target_workbook,5553,27,2022,ORG-F97ADAFFDCA4,1713,,True,2
SRC-RAW-BE6748A048446094FF72,POWER,not_selected_for_target,,absence_from_expert_target_workbook,5554,28,2022,ORG-F97ADAFFDCA4,1713,,True,2
SRC-RAW-AF04BC0F8334967ED9A0,POWER,not_selected_for_target,,absence_from_expert_target_workbook,5555,21,2022,CREDIT-010C4179BF19,1713,,True,1
SRC-RAW-324E8E61B673C520892D,POWER,not_selected_for_target,,absence_from_expert_target_workbook,5556,21,2022,ORG-F700C91A2F32,1819,,True,1
SRC-RAW-DD8E145220ED1B8C5B71,POWER,not_selected_for_target,,absence_from_expert_target_workbook,5557,22,2022,ORG-F700C91A2F32,1819,,True,1
SRC-RAW-20BF8F3D256EEF757D31,POWER,not_selected_for_target,,absence_from_expert_target_workbook,5558,23,2022,ORG-F700C91A2F32,1819,,True,1
SRC-RAW-075A11BDCBDF20172A2B,POWER,not_selected_for_target,,absence_from_expert_target_workbook,5559,21,2022,ORG-5B4F79F9CE04,1819,,True,1
SRC-RAW-6BDF49FF6912E3A83609,POWER,not_selected_for_target,,absence_from_expert_target_workbook,5560,22,2022,ORG-5B4F79F9CE04,1819,,True,1
SRC-RAW-D5A61FD55EAEC398CBCA,POWER,not_selected_for_target,,absence_from_expert_target_workbook,5561,23,2022,ORG-5B4F79F9CE04,1819,,True,1
SRC-RAW-FFAB6EE6EFD6012C1C15,POWER,not_selected_for_target,,absence_from_expert_target_workbook,5562,24,2022,ORG-5B4F79F9CE04,1819,,True,1
SRC-RAW-20659CF53740DD8E2A88,POWER,not_selected_for_target,,absence_from_expert_target_workbook,5563,21,2022,ORG-B6BA987E48D3,1819,,True,1
SRC-RAW-6B7067DE580B4E6BD59B,POWER,not_selected_for_target,,absence_from_expert_target_workbook,5564,22,2022,ORG-B6BA987E48D3,1819,,True,1
SRC-RAW-EEFA77536678325A8D60,POWER,not_selected_for_target,,absence_from_expert_target_workbook,5565,21,2022,CREDIT-69AC0107E3AC,2110,,True,1
SRC-RAW-C79E713290E26DA45591,POWER,not_selected_for_target,,absence_from_expert_target_workbook,5566,21,2022,CREDIT-93112515D7E9,2231,,True,0
SRC-RAW-02DC1B92B1132D2EB8F9,POWER,not_selected_for_target,,absence_from_expert_target_workbook,5567,21,2022,CREDIT-7BDAAED4E75B,1751,,True,0
SRC-RAW-8AE6AA87079BB5B95750,POWER,not_selected_for_target,,absence_from_expert_target_workbook,5568,21,2022,CREDIT-044C2C42CED5,2929,,True,2
SRC-RAW-1779B0D9551D22F17865,POWER,not_selected_for_target,,absence_from_expert_target_workbook,5569,11,2022,CREDIT-75A8EDE8CF8B,4419,燃生物质锅炉,True,5
SRC-RAW-F131DF9CDAB627E11AFE,POWER,not_selected_for_target,,absence_from_expert_target_workbook,5570,12,2022,CREDIT-75A8EDE8CF8B,4419,燃生物质锅炉,True,5
SRC-RAW-1CE97FEDD71814ACA1CD,POWER,not_selected_for_target,,absence_from_expert_target_workbook,5571,13,2022,CREDIT-75A8EDE8CF8B,4419,燃生物质锅炉,True,5
SRC-RAW-4801A90CF2E5F41D0CD8,POWER,not_selected_for_target,,absence_from_expert_target_workbook,5572,14,2022,CREDIT-75A8EDE8CF8B,4419,燃生物质锅炉,True,5
SRC-RAW-4231B071DFE84CECAD66,POWER,not_selected_for_target,,absence_from_expert_target_workbook,5573,15,2022,CREDIT-75A8EDE8CF8B,4419,燃生物质锅炉,True,5
SRC-RAW-3045CE607A5CB9FEC936,POWER,not_selected_for_target,,absence_from_expert_target_workbook,5574,21,2022,ORG-D9CD7818C7AC,1910,,True,1
SRC-RAW-0784CC1DBB9CE2DBA27F,POWER,not_selected_for_target,,absence_from_expert_target_workbook,5575,21,2022,CREDIT-854FAC023A20,1713,,True,0
SRC-RAW-E08ACE12C8DC9392EC8A,POWER,not_selected_for_target,,absence_from_expert_target_workbook,5576,22,2022,CREDIT-854FAC023A20,1713,,True,0
SRC-RAW-BF5B687BB9CC7F4E3862,POWER,not_selected_for_target,,absence_from_expert_target_workbook,5577,21,2022,CREDIT-F0B1B21E47E2,1711,,True,0
SRC-RAW-C5D6BC62760D9C4BB95B,POWER,not_selected_for_target,,absence_from_expert_target_workbook,5578,21,2022,CREDIT-1BCF329792EE,3360,,True,3
SRC-RAW-181626FAA699BA67C8F9,POWER,not_selected_for_target,,absence_from_expert_target_workbook,5579,21,2022,ORG-3740D241C841,1752,,True,1
SRC-RAW-E6E45B25852907F74521,POWER,not_selected_for_target,,absence_from_expert_target_workbook,5580,22,2022,ORG-3740D241C841,1752,,True,1
SRC-RAW-B01D036B4B7610B409CC,POWER,not_selected_for_target,,absence_from_expert_target_workbook,5581,21,2022,CREDIT-1AD064E7BC72,1713,,True,0
SRC-RAW-0AE2CB8A1F887BE3ECCE,POWER,not_selected_for_target,,absence_from_expert_target_workbook,5582,21,2022,CREDIT-48CACE2A3196,2929,,True,1
SRC-RAW-C37F6C0BEFE6D1DEE0D9,POWER,not_selected_for_target,,absence_from_expert_target_workbook,5583,21,2022,CREDIT-C5AA679FA656,1713,,True,3
SRC-RAW-7408B7B6339FD6A0FF07,POWER,not_selected_for_target,,absence_from_expert_target_workbook,5584,22,2022,CREDIT-C5AA679FA656,1713,,True,3
SRC-RAW-9EDFF7B342D0739CDFDC,POWER,not_selected_for_target,,absence_from_expert_target_workbook,5585,21,2022,CREDIT-112B42B6F3DB,2221,,True,2
SRC-RAW-19F29C27AD2E001F344F,POWER,not_selected_for_target,,absence_from_expert_target_workbook,5586,22,2022,CREDIT-112B42B6F3DB,2221,,True,2
SRC-RAW-A546BBDC81725E93B131,POWER,not_selected_for_target,,absence_from_expert_target_workbook,5587,21,2022,CREDIT-7577F6C69C5A,3231,,True,0
SRC-RAW-108CB1C265F13E280FB3,POWER,not_selected_for_target,,absence_from_expert_target_workbook,5588,22,2022,CREDIT-7577F6C69C5A,3231,,True,0
SRC-RAW-BAEABE709C323246CB5F,POWER,not_selected_for_target,,absence_from_expert_target_workbook,5589,21,2022,CREDIT-C59CB8D0A960,2740,,True,2
SRC-RAW-F2FA0C9E31D470AA9115,POWER,not_selected_for_target,,absence_from_expert_target_workbook,5590,21,2022,CREDIT-2F6D73CAAB3A,2221,,True,3
SRC-RAW-D76715A13F93131EE851,POWER,not_selected_for_target,,absence_from_expert_target_workbook,5591,21,2022,CREDIT-1B7C6FEFB86F,1491,,True,3
SRC-RAW-7F6012360D321C2CA8A5,POWER,not_selected_for_target,,absence_from_expert_target_workbook,5592,21,2022,CREDIT-E997EAF640DC,1495,,True,0
SRC-RAW-792FB067F0B51CA39D86,POWER,not_selected_for_target,,absence_from_expert_target_workbook,5593,22,2022,CREDIT-E997EAF640DC,1495,,True,0
SRC-RAW-D0C681E26C027D81BEE0,POWER,not_selected_for_target,,absence_from_expert_target_workbook,5594,21,2022,CREDIT-212284AD7E86,2221,,True,6
SRC-RAW-2743D2E81FF47B79B5D6,POWER,not_selected_for_target,,absence_from_expert_target_workbook,5595,22,2022,CREDIT-212284AD7E86,2221,,True,6
SRC-RAW-19C1DB52E103F238332C,POWER,not_selected_for_target,,absence_from_expert_target_workbook,5596,21,2022,CREDIT-54493C3FD3BC,1713,,True,3
SRC-RAW-3BE7F22DBA8CECB99AE8,POWER,not_selected_for_target,,absence_from_expert_target_workbook,5597,22,2022,CREDIT-54493C3FD3BC,1713,,True,3
SRC-RAW-7470E43531D27754E3A6,POWER,not_selected_for_target,,absence_from_expert_target_workbook,5598,23,2022,CREDIT-54493C3FD3BC,1713,,True,3
SRC-RAW-B58081700E78F56F242E,POWER,not_selected_for_target,,absence_from_expert_target_workbook,5599,21,2022,CREDIT-C38C57EF858C,2925,,True,4
SRC-RAW-E3A415E55D09B6074556,POWER,not_selected_for_target,,absence_from_expert_target_workbook,5600,21,2022,CREDIT-3053E6AE7F3A,1523,,True,0
SRC-RAW-B3A91CE1BE8435BD1814,POWER,not_selected_for_target,,absence_from_expert_target_workbook,5601,21,2022,CREDIT-EBB1AE1CA170,1713,,True,1
SRC-RAW-0E9FE51C04786BF3B7C1,POWER,not_selected_for_target,,absence_from_expert_target_workbook,5602,21,2022,CREDIT-0D0CA3583314,2740,,True,3
SRC-RAW-37D7F53C72BB649EDE9D,POWER,not_selected_for_target,,absence_from_expert_target_workbook,5603,22,2022,CREDIT-0D0CA3583314,2740,,True,3
SRC-RAW-2F879AE2621AC9D8861A,POWER,not_selected_for_target,,absence_from_expert_target_workbook,5604,21,2022,CREDIT-89EE59B7D753,1399,,True,0
SRC-RAW-BA4778D4E665EFD28791,POWER,not_selected_for_target,,absence_from_expert_target_workbook,5605,21,2022,CREDIT-4705B75E5772,2239,,True,3
SRC-RAW-8C4940475B0A594E45A7,POWER,not_selected_for_target,,absence_from_expert_target_workbook,5606,11,2022,CREDIT-8F52F5FACEE6,4419,,True,2
SRC-RAW-565CFE6D1F87FEE59E4F,POWER,not_selected_for_target,,absence_from_expert_target_workbook,5607,12,2022,CREDIT-8F52F5FACEE6,4419,,True,2
SRC-RAW-EF31D7D1D6290A8CDFE7,POWER,not_selected_for_target,,absence_from_expert_target_workbook,5608,21,2022,CREDIT-D9D09CFFDAE8,2231,,True,0
SRC-RAW-5A24B075F14F0082610D,POWER,not_selected_for_target,,absence_from_expert_target_workbook,5609,21,2022,CREDIT-07D4F78B71C0,1439,,True,1
SRC-RAW-4540BCF82A79B69A567F,POWER,not_selected_for_target,,absence_from_expert_target_workbook,5610,21,2022,CREDIT-80F960AC6411,2740,,True,2
SRC-RAW-08276B71F80450B40B27,POWER,not_selected_for_target,,absence_from_expert_target_workbook,5611,21,2022,CREDIT-20079751D944,1421,,True,0
SRC-RAW-4C0BDE0CCA087EB15958,POWER,not_selected_for_target,,absence_from_expert_target_workbook,5612,21,2022,CREDIT-05E408D3627E,2221,,True,2
SRC-RAW-8352F95E30C33AFE1EFC,POWER,not_selected_for_target,,absence_from_expert_target_workbook,5613,21,2022,CREDIT-36E38A056AB7,1713,,True,3
SRC-RAW-532C2BC04661FA38B8E9,POWER,not_selected_for_target,,absence_from_expert_target_workbook,5614,21,2022,CREDIT-91C359C859C5,2319,,True,3
SRC-RAW-D683D38708DB6985060F,POWER,not_selected_for_target,,absence_from_expert_target_workbook,5615,21,2022,ORG-36DBB4F32D45,2231,,True,3
SRC-RAW-7D653D18C95DD831029C,POWER,not_selected_for_target,,absence_from_expert_target_workbook,5616,22,2022,ORG-36DBB4F32D45,2231,,True,3
SRC-RAW-34C40F8886BE8F556BFB,POWER,not_selected_for_target,,absence_from_expert_target_workbook,5617,21,2022,ORG-9752DD0456E4,2231,,True,2
SRC-RAW-21A076D8C5A742F87F8F,POWER,not_selected_for_target,,absence_from_expert_target_workbook,5618,21,2022,CREDIT-F448C22128D2,3989,,True,6
SRC-RAW-4263AB27DE2F4F9EB23B,POWER,not_selected_for_target,,absence_from_expert_target_workbook,5619,21,2022,CREDIT-C1B34E88F6DC,2319,,True,3
SRC-RAW-5575B8EFB19E3D17666E,POWER,not_selected_for_target,,absence_from_expert_target_workbook,5620,21,2022,ORG-3CBBA407EE64,1391,,True,2
SRC-RAW-64219D2F1798990870D6,POWER,not_selected_for_target,,absence_from_expert_target_workbook,5621,21,2022,CREDIT-74FB1F92A643,2319,,True,1
SRC-RAW-22891BF70EDB0793FC69,POWER,not_selected_for_target,,absence_from_expert_target_workbook,5622,21,2022,CREDIT-C98DBAF61628,2613,,True,0
SRC-RAW-5512902A9654B937D2A4,POWER,not_selected_for_target,,absence_from_expert_target_workbook,5623,21,2022,CREDIT-323CF040F7E6,1421,,True,1
SRC-RAW-3408D337780EBB5868B5,POWER,not_selected_for_target,,absence_from_expert_target_workbook,5624,21,2022,CREDIT-39198C9E7BBF,2221,,True,3
SRC-RAW-FBFB12512E53DB9D8DD9,POWER,not_selected_for_target,,absence_from_expert_target_workbook,5625,21,2022,CREDIT-3C9F01973F35,2319,,True,2
SRC-RAW-7E40FEC491FCD05A0BD9,POWER,not_selected_for_target,,absence_from_expert_target_workbook,5626,21,2022,CREDIT-5078B6C3FDF7,2319,,True,1
SRC-RAW-DA29F6C4E074A5D7E5A7,POWER,not_selected_for_target,,absence_from_expert_target_workbook,5627,21,2022,CREDIT-787C137976AF,1421,,True,1
SRC-RAW-88B1A8C1984CF3923457,POWER,not_selected_for_target,,absence_from_expert_target_workbook,5628,21,2022,CREDIT-44AAFD4AEB0B,2319,,True,5
SRC-RAW-91CC84C343BC90212BC0,POWER,not_selected_for_target,,absence_from_expert_target_workbook,5629,21,2022,CREDIT-9AC3BA46118D,2319,,True,1
SRC-RAW-60119AF04EE85EA0B657,POWER,not_selected_for_target,,absence_from_expert_target_workbook,5630,21,2022,CREDIT-072C9B20D1BB,1492,,True,0
SRC-RAW-2282BC95F3A870AD29EB,POWER,not_selected_for_target,,absence_from_expert_target_workbook,5631,21,2022,CREDIT-A532994F7F58,1421,,True,0
SRC-RAW-36867326CF71077B5F2F,POWER,not_selected_for_target,,absence_from_expert_target_workbook,5632,21,2022,CREDIT-B542DDE93786,1422,,True,2
SRC-RAW-7F962145A6F9029F9D85,POWER,not_selected_for_target,,absence_from_expert_target_workbook,5633,21,2022,CREDIT-2923C86F394C,2239,,True,2
SRC-RAW-D971A00AEF89E87A57B9,POWER,not_selected_for_target,,absence_from_expert_target_workbook,5634,11,2022,CREDIT-91DB5468F6AE,4419,燃生物质锅炉,True,3
SRC-RAW-566DDB8234ADB888ED73,POWER,not_selected_for_target,,absence_from_expert_target_workbook,5635,12,2022,CREDIT-91DB5468F6AE,4419,燃生物质锅炉,True,3
SRC-RAW-3E974DC98B6AF002C69B,POWER,not_selected_for_target,,absence_from_expert_target_workbook,5636,13,2022,CREDIT-91DB5468F6AE,4419,燃生物质锅炉,True,3
SRC-RAW-DDF4A4858D074AF5425B,POWER,not_selected_for_target,,absence_from_expert_target_workbook,5637,21,2022,CREDIT-151CDA0C1A36,2221,,True,2
SRC-RAW-6CD72584AD55B3DA8317,POWER,not_selected_for_target,,absence_from_expert_target_workbook,5638,21,2022,CREDIT-B8196E9E5238,2221,,True,2
SRC-RAW-84505D8189EC8FDD1C36,POWER,not_selected_for_target,,absence_from_expert_target_workbook,5639,21,2022,CREDIT-DEABCB44E559,2641,,True,0
SRC-RAW-63B565D0214106A5D802,POWER,not_selected_for_target,,absence_from_expert_target_workbook,5640,21,2022,CREDIT-B8F38EDD93A0,2221,,True,2
SRC-RAW-5BB161330672CF0DD3E3,POWER,not_selected_for_target,,absence_from_expert_target_workbook,5641,21,2022,ORG-91D7EB2D89A6,2231,,True,3
SRC-RAW-943DBD9629F80437B702,POWER,not_selected_for_target,,absence_from_expert_target_workbook,5642,21,2022,CREDIT-20292D320E28,1421,,True,1
SRC-RAW-FD3FA4CE8ABDDD287849,POWER,not_selected_for_target,,absence_from_expert_target_workbook,5643,21,2022,CREDIT-4D3E5C36C0D3,1439,,True,1
SRC-RAW-9198F3AE97B781B13CE0,POWER,not_selected_for_target,,absence_from_expert_target_workbook,5644,21,2022,CREDIT-4849017C5C44,1421,,True,2
SRC-RAW-735E97FF20D753ACA1D5,POWER,not_selected_for_target,,absence_from_expert_target_workbook,5645,21,2022,CREDIT-DBCBBDB47515,1421,,True,3
SRC-RAW-25841F22E38233DBF321,POWER,not_selected_for_target,,absence_from_expert_target_workbook,5646,21,2022,CREDIT-02CEDD97A4ED,2221,,True,3
SRC-RAW-B0757B6964EE0450D1D8,POWER,not_selected_for_target,,absence_from_expert_target_workbook,5647,21,2022,CREDIT-1C627AE98C71,1439,,True,2
SRC-RAW-6F4995B8A735E3E98DB5,POWER,not_selected_for_target,,absence_from_expert_target_workbook,5648,21,2022,ORG-1E731C6679FF,2239,,True,0
SRC-RAW-91628F3E312D52D98DA2,POWER,not_selected_for_target,,absence_from_expert_target_workbook,5649,21,2022,CREDIT-19CEE02D4967,2924,,True,1
SRC-RAW-1DDA8F22160D03453C5C,POWER,not_selected_for_target,,absence_from_expert_target_workbook,5650,21,2022,CREDIT-A927981D6963,2221,,True,3
SRC-RAW-4DCC6D5CF7FCE39725C1,POWER,not_selected_for_target,,absence_from_expert_target_workbook,5651,21,2022,CREDIT-CF6EEB24C1EA,1421,,True,0
SRC-RAW-6D9FC079C929B2FA4144,POWER,not_selected_for_target,,absence_from_expert_target_workbook,5652,21,2022,CREDIT-A7745CCE457F,1713,,True,3
SRC-RAW-C55A85F952E6B603896A,POWER,not_selected_for_target,,absence_from_expert_target_workbook,5653,21,2022,CREDIT-9219EAF8C460,2319,,True,5
SRC-RAW-FD5ED877D6196C97D135,POWER,not_selected_for_target,,absence_from_expert_target_workbook,5654,21,2022,CREDIT-AE373D6D77B0,2221,,True,3
SRC-RAW-0F2CBC418F77493D94E7,POWER,not_selected_for_target,,absence_from_expert_target_workbook,5655,21,2022,CREDIT-74331455629F,2319,,True,2
SRC-RAW-FF0836EEC3F98885A29F,POWER,not_selected_for_target,,absence_from_expert_target_workbook,5656,21,2022,CREDIT-52122607252D,1439,,True,2
SRC-RAW-AB46241366457230291D,POWER,not_selected_for_target,,absence_from_expert_target_workbook,5657,21,2022,CREDIT-59CBF983171A,2221,,True,2
SRC-RAW-22B9C07EB5936FB95372,POWER,not_selected_for_target,,absence_from_expert_target_workbook,5658,21,2022,CREDIT-7DB88008FDEC,1723,,True,4
SRC-RAW-A642C3DD5F2D3D5E83AD,POWER,not_selected_for_target,,absence_from_expert_target_workbook,5659,21,2022,CREDIT-9F250D90DE4F,3012,,True,1
SRC-RAW-53A9FA9EFF3358ED4010,POWER,not_selected_for_target,,absence_from_expert_target_workbook,5660,21,2022,CREDIT-6A94FA8344DF,1713,,True,3
SRC-RAW-6E8C13843162B7CAD9DD,POWER,not_selected_for_target,,absence_from_expert_target_workbook,5661,21,2022,ORG-9CDD2F19D580,2231,,True,3
SRC-RAW-872E0D391E4E1F842011,POWER,not_selected_for_target,,absence_from_expert_target_workbook,5662,21,2022,ORG-349362E4503F,2231,,True,2
SRC-RAW-B128C55216D53411DC43,POWER,not_selected_for_target,,absence_from_expert_target_workbook,5663,21,2022,CREDIT-83CAF9B48158,1462,,True,0
SRC-RAW-B3EEE95AA6F706A59B6B,POWER,not_selected_for_target,,absence_from_expert_target_workbook,5664,22,2022,CREDIT-83CAF9B48158,1462,,True,0
SRC-RAW-F40A0016A9A7BEDF76EA,POWER,not_selected_for_target,,absence_from_expert_target_workbook,5665,21,2022,CREDIT-6B4B5B7C5773,2221,,True,2
SRC-RAW-84EBB6E5350F73AB686A,POWER,not_selected_for_target,,absence_from_expert_target_workbook,5666,22,2022,CREDIT-6B4B5B7C5773,2221,,True,2
SRC-RAW-6EA4C52FD58ED9D4332C,POWER,not_selected_for_target,,absence_from_expert_target_workbook,5667,21,2022,CREDIT-EC002E980742,1353,,True,0
SRC-RAW-2E076DB5176001F7B286,POWER,not_selected_for_target,,absence_from_expert_target_workbook,5668,21,2022,ORG-A097AC9550A4,1713,,True,3
SRC-RAW-3F8535F10BFABC71354C,POWER,not_selected_for_target,,absence_from_expert_target_workbook,5669,21,2022,CREDIT-1D23951E75D2,2221,,True,3
SRC-RAW-2DABEFC5089720627DB1,POWER,not_selected_for_target,,absence_from_expert_target_workbook,5670,21,2022,CREDIT-CAD5151F959D,2221,,True,2
SRC-RAW-148874107A53B9F07D1B,POWER,not_selected_for_target,,absence_from_expert_target_workbook,5671,21,2022,CREDIT-D95445649EFE,1421,,True,0
SRC-RAW-FCB227DC757CFE8610F3,POWER,not_selected_for_target,,absence_from_expert_target_workbook,5672,21,2022,CREDIT-65718DFC1D3B,1713,,True,0
SRC-RAW-F79C863CDD49D8E92EAE,POWER,not_selected_for_target,,absence_from_expert_target_workbook,5673,21,2022,CREDIT-FFAD2E8199C0,1421,,True,2
SRC-RAW-666377E550A58209784D,POWER,include,407,canonical_expert_scope_order,5674,11,2022,CREDIT-328F42927AB1,4412,燃气轮机,True,0
SRC-RAW-30FA21F1E0FEA79226C7,POWER,include,408,canonical_expert_scope_order,5675,12,2022,CREDIT-328F42927AB1,4412,燃气轮机,True,0
SRC-RAW-2A31F65E2DDE1B721B31,POWER,not_selected_for_target,,absence_from_expert_target_workbook,5676,21,2022,CREDIT-328F42927AB1,4412,,True,0
SRC-RAW-B02BF89D0A6BA390AC19,POWER,not_selected_for_target,,absence_from_expert_target_workbook,5677,21,2022,CREDIT-059382BB19FE,2231,,True,2
SRC-RAW-E92B3AE4C3D449B11F36,POWER,not_selected_for_target,,absence_from_expert_target_workbook,5678,21,2022,CREDIT-01B96E99E992,4220,,True,3
SRC-RAW-987D8D0A965B2ACBEFDF,POWER,not_selected_for_target,,absence_from_expert_target_workbook,5679,21,2022,CREDIT-DA2892FE35DC,1432,,True,1
SRC-RAW-825F50F1195049BD966D,POWER,not_selected_for_target,,absence_from_expert_target_workbook,5680,21,2022,CREDIT-018908A7199A,3360,,True,1
SRC-RAW-0364C1615A4478B5D6AF,POWER,not_selected_for_target,,absence_from_expert_target_workbook,5681,21,2022,CREDIT-BCA3D5DBACFB,2221,,True,2
SRC-RAW-44B908083E9DC80C41D8,POWER,not_selected_for_target,,absence_from_expert_target_workbook,5682,21,2022,CREDIT-B11E2EE49298,4210,,True,1
SRC-RAW-AFBB0D9E9C90E2CB4E02,POWER,not_selected_for_target,,absence_from_expert_target_workbook,5683,21,2022,ORG-D7E8F77B486A,1329,,True,1
SRC-RAW-5A33F20CDD916A5C00E2,POWER,not_selected_for_target,,absence_from_expert_target_workbook,5684,21,2022,CREDIT-7A5BDC1DFD42,1439,,True,3
SRC-RAW-E009075E9E4B2C376221,POWER,not_selected_for_target,,absence_from_expert_target_workbook,5685,21,2022,CREDIT-BF54660F8846,1362,,True,1
SRC-RAW-AE563E14F46C0A119951,POWER,not_selected_for_target,,absence_from_expert_target_workbook,5686,21,2022,CREDIT-162AC4F72162,2221,,True,3
SRC-RAW-D79EC20C19DEBBACC31C,POWER,not_selected_for_target,,absence_from_expert_target_workbook,5687,21,2022,CREDIT-E784033360C3,1329,,True,2
SRC-RAW-712FE57A8849B9C9CF74,POWER,not_selected_for_target,,absence_from_expert_target_workbook,5688,21,2022,ORG-7F5F7F8638FA,1353,,True,2
SRC-RAW-486324A5C6F2E136D5CB,POWER,not_selected_for_target,,absence_from_expert_target_workbook,5689,21,2022,CREDIT-60ACFD3658BE,1373,,True,1
SRC-RAW-764E37EC7F2F19AE3B14,POWER,not_selected_for_target,,absence_from_expert_target_workbook,5690,21,2022,CREDIT-372005D9AAC8,1353,,True,0
SRC-RAW-D1B1C4DF1DB39E558820,POWER,not_selected_for_target,,absence_from_expert_target_workbook,5691,22,2022,CREDIT-372005D9AAC8,1353,,True,0
SRC-RAW-6AA1769D56413E1BE54D,POWER,not_selected_for_target,,absence_from_expert_target_workbook,5692,21,2022,CREDIT-5CEAD3E34E59,1399,,True,1
SRC-RAW-56EBD5CDCD88A837FFF4,POWER,not_selected_for_target,,absence_from_expert_target_workbook,5693,21,2022,CREDIT-D6350D54A885,1353,,True,1
SRC-RAW-2DA4D71C571331BA6F84,POWER,include,409,canonical_expert_scope_order,5694,11,2022,CREDIT-74233F695693,4411,燃煤锅炉,True,4
SRC-RAW-84F5F5E88705396F1B23,POWER,include,410,canonical_expert_scope_order,5695,12,2022,CREDIT-74233F695693,4411,燃煤锅炉,True,4
SRC-RAW-5579BBBBB608C011246B,POWER,include,411,canonical_expert_scope_order,5696,13,2022,CREDIT-74233F695693,4411,燃煤锅炉,True,4
SRC-RAW-FC0E5288D1798D7EE1AD,POWER,include,412,canonical_expert_scope_order,5697,14,2022,CREDIT-74233F695693,4411,燃煤锅炉,True,4
SRC-RAW-68E0CF9B8D24E87B9467,POWER,not_selected_for_target,,absence_from_expert_target_workbook,5698,21,2022,CREDIT-3B0548BB1D16,1353,,True,2
SRC-RAW-F65A2544E622C73D8566,POWER,not_selected_for_target,,absence_from_expert_target_workbook,5699,21,2022,CREDIT-8D08CBB5A831,1353,,True,2
SRC-RAW-3F8FA0CFCC5857661F0F,POWER,not_selected_for_target,,absence_from_expert_target_workbook,5700,21,2022,CREDIT-C0281D91BEA6,1353,,True,1
SRC-RAW-8A68CC2A9DF3D8249AFD,POWER,not_selected_for_target,,absence_from_expert_target_workbook,5701,21,2022,CREDIT-F1414CCF16C7,2924,,True,1
SRC-RAW-E78C129831BA9502669F,POWER,not_selected_for_target,,absence_from_expert_target_workbook,5702,21,2022,CREDIT-2A0DCA8DF347,2924,,True,0
SRC-RAW-9F28544720C1E6ECE479,POWER,not_selected_for_target,,absence_from_expert_target_workbook,5703,21,2022,CREDIT-1F5595EA6AE2,1353,,True,2
SRC-RAW-E62D8DA9CCA4A90A7324,POWER,not_selected_for_target,,absence_from_expert_target_workbook,5704,21,2022,CREDIT-63B27F5E1D98,1712,,True,6
SRC-RAW-BF1BA6F3861D34F5A0F7,POWER,not_selected_for_target,,absence_from_expert_target_workbook,5705,22,2022,CREDIT-63B27F5E1D98,1712,,True,6
SRC-RAW-AFE1C7188CD281192899,POWER,not_selected_for_target,,absence_from_expert_target_workbook,5706,23,2022,CREDIT-63B27F5E1D98,1712,,True,6
SRC-RAW-D341B69D88CCE3312856,POWER,not_selected_for_target,,absence_from_expert_target_workbook,5707,11,2022,CREDIT-07064A3B1F5B,4417,燃生物质锅炉,True,3
SRC-RAW-F2B0C2BEAE25B9CABDA9,POWER,not_selected_for_target,,absence_from_expert_target_workbook,5708,21,2022,CREDIT-8A7996A2866F,1340,,True,4
SRC-RAW-544AE082A006EDD87897,POWER,not_selected_for_target,,absence_from_expert_target_workbook,5709,22,2022,CREDIT-8A7996A2866F,1340,,True,4
SRC-RAW-DE92F65CC7E9E5E84E62,POWER,not_selected_for_target,,absence_from_expert_target_workbook,5710,21,2022,CREDIT-4D6875AB88FA,1353,,True,3
SRC-RAW-CABCB12A75AC6CB6DAAD,POWER,not_selected_for_target,,absence_from_expert_target_workbook,5711,22,2022,CREDIT-4D6875AB88FA,1353,,True,3
SRC-RAW-FDD20C5CF2662D897F58,POWER,not_selected_for_target,,absence_from_expert_target_workbook,5712,21,2022,CREDIT-84EFAEE99573,2924,,True,2
SRC-RAW-082A31D373A50D919E46,POWER,not_selected_for_target,,absence_from_expert_target_workbook,5713,22,2022,CREDIT-84EFAEE99573,2924,,True,2
SRC-RAW-E6642D426C1576789D73,POWER,not_selected_for_target,,absence_from_expert_target_workbook,5714,21,2022,CREDIT-45155B649B46,2924,,True,2
SRC-RAW-D0761A8C4D5FC9A0A799,POWER,not_selected_for_target,,absence_from_expert_target_workbook,5715,22,2022,CREDIT-45155B649B46,2924,,True,2
SRC-RAW-80655F4888E73C0EA76A,POWER,not_selected_for_target,,absence_from_expert_target_workbook,5716,21,2022,CREDIT-67C41BD216B1,1941,,True,0
SRC-RAW-918990143D79E864FAFB,POWER,not_selected_for_target,,absence_from_expert_target_workbook,5717,21,2022,CREDIT-EE549FDA2B2D,1941,,True,0
SRC-RAW-15AF8040767798DC8F17,POWER,not_selected_for_target,,absence_from_expert_target_workbook,5718,21,2022,CREDIT-DFA0085E302B,1941,,True,1
SRC-RAW-69859222346D7EE38288,POWER,not_selected_for_target,,absence_from_expert_target_workbook,5719,22,2022,CREDIT-DFA0085E302B,1941,,True,1
SRC-RAW-CD5F810E1083D082E6E4,POWER,not_selected_for_target,,absence_from_expert_target_workbook,5720,21,2022,CREDIT-2F70A78D84F5,2239,,True,2
SRC-RAW-6100E84973178B0E2E64,POWER,not_selected_for_target,,absence_from_expert_target_workbook,5721,22,2022,CREDIT-2F70A78D84F5,2239,,True,2
SRC-RAW-C5464941DC03123CF3F5,POWER,not_selected_for_target,,absence_from_expert_target_workbook,5722,21,2022,CREDIT-491EEDEE6BB6,2924,,True,3
SRC-RAW-5F0DF8F6D07DCA6292DA,POWER,not_selected_for_target,,absence_from_expert_target_workbook,5723,21,2022,CREDIT-FDF24A90EF76,1941,,True,1
SRC-RAW-93D8669057BEA71B70BC,POWER,not_selected_for_target,,absence_from_expert_target_workbook,5724,21,2022,CREDIT-3447BB16B8F6,1929,,True,0
SRC-RAW-7B0BA4DA9397CBF6CA67,POWER,not_selected_for_target,,absence_from_expert_target_workbook,5725,21,2022,CREDIT-A5A8D4EF6BB7,2641,,True,1
SRC-RAW-26627AAB543832F08842,POWER,not_selected_for_target,,absence_from_expert_target_workbook,5726,21,2022,CREDIT-0EE2894D8594,3021,,True,2
SRC-RAW-1C6492BFA275DBA154A4,POWER,not_selected_for_target,,absence_from_expert_target_workbook,5727,21,2022,CREDIT-8E7FA9158FB3,1462,,True,1
SRC-RAW-A0467A4ED685BDA82EB3,POWER,not_selected_for_target,,absence_from_expert_target_workbook,5728,21,2022,CREDIT-2BF1C4D8FA0A,3240,,True,1
SRC-RAW-F77215A4C5FD3E9357A9,POWER,not_selected_for_target,,absence_from_expert_target_workbook,5729,21,2022,CREDIT-67B51FB996D3,2023,,True,2
SRC-RAW-13F4242751C03465A1D3,POWER,not_selected_for_target,,absence_from_expert_target_workbook,5730,21,2022,CREDIT-1006C768D332,3360,,True,0
SRC-RAW-5F7F6E9FDD268D591614,POWER,not_selected_for_target,,absence_from_expert_target_workbook,5731,22,2022,CREDIT-1006C768D332,3360,,True,0
SRC-RAW-589B6BE02766C7049CE7,POWER,not_selected_for_target,,absence_from_expert_target_workbook,5732,23,2022,CREDIT-1006C768D332,3360,,True,0
SRC-RAW-EF7B7F35C1AD6A332794,POWER,not_selected_for_target,,absence_from_expert_target_workbook,5733,24,2022,CREDIT-1006C768D332,3360,,True,0
SRC-RAW-43FD37CCDCA80DC8E4D0,POWER,not_selected_for_target,,absence_from_expert_target_workbook,5734,21,2022,CREDIT-5AC8CF76EA32,1453,,True,1
SRC-RAW-CA7C2EC19290C6B0DF70,POWER,not_selected_for_target,,absence_from_expert_target_workbook,5735,21,2022,ORG-79AC1D9AFC7F,2221,,True,3
SRC-RAW-AC288B45DCEDCE8D5FD2,POWER,not_selected_for_target,,absence_from_expert_target_workbook,5736,21,2022,CREDIT-3F54C5087341,2669,,True,1
SRC-RAW-DEF5DB5EE0A1EC4F7517,POWER,not_selected_for_target,,absence_from_expert_target_workbook,5737,21,2022,ORG-A89E4714467D,4430,,True,3
SRC-RAW-83277A97D19AC0EA1E86,POWER,not_selected_for_target,,absence_from_expert_target_workbook,5738,21,2022,CREDIT-747B8C3769DD,2021,,True,2
SRC-RAW-17E4433AD4BD23660FC1,POWER,not_selected_for_target,,absence_from_expert_target_workbook,5739,21,2022,CREDIT-BA5A2C673D13,1513,,True,0
SRC-RAW-14ABC00C1CB8D9A1AE27,POWER,not_selected_for_target,,absence_from_expert_target_workbook,5740,21,2022,CREDIT-1E9B3306E90D,1419,,True,2
SRC-RAW-88065A958262A845F77F,POWER,not_selected_for_target,,absence_from_expert_target_workbook,5741,22,2022,CREDIT-1E9B3306E90D,1419,,True,2
SRC-RAW-14C27D37BB071919AEDE,POWER,not_selected_for_target,,absence_from_expert_target_workbook,5742,21,2022,ORG-213F8A232AB3,1742,,True,2
SRC-RAW-511BA0692D78A77FBCA5,POWER,not_selected_for_target,,absence_from_expert_target_workbook,5743,22,2022,ORG-213F8A232AB3,1742,,True,2
SRC-RAW-08AD028BC0F67EF1BD30,POWER,not_selected_for_target,,absence_from_expert_target_workbook,5744,21,2022,CREDIT-3F4F820E774C,1452,,True,0
SRC-RAW-F7B7564BB530420596D6,POWER,not_selected_for_target,,absence_from_expert_target_workbook,5745,22,2022,CREDIT-3F4F820E774C,1452,,True,0
SRC-RAW-8FB93678AB6727812326,POWER,not_selected_for_target,,absence_from_expert_target_workbook,5746,21,2022,CREDIT-907800ABF0A1,1449,,True,1
SRC-RAW-2E8EAF7D2A138648D66C,POWER,not_selected_for_target,,absence_from_expert_target_workbook,5747,21,2022,CREDIT-F4410C8ED96A,2221,,True,1
SRC-RAW-124898FFA7D1877A6446,POWER,not_selected_for_target,,absence_from_expert_target_workbook,5748,21,2022,CREDIT-3EC763C25932,1329,,True,2
SRC-RAW-2CA3522FE626BD39B496,POWER,not_selected_for_target,,absence_from_expert_target_workbook,5749,22,2022,CREDIT-3EC763C25932,1329,,True,2
SRC-RAW-A38C5C2F275B53385D60,POWER,not_selected_for_target,,absence_from_expert_target_workbook,5750,21,2022,CREDIT-46F55A975673,2221,,True,1
SRC-RAW-5DDBA1D8CD70A5DFCE7A,POWER,not_selected_for_target,,absence_from_expert_target_workbook,5751,21,2022,CREDIT-DA5E6E9E8608,1453,,True,0
SRC-RAW-930218A9B157A06E0A73,POWER,not_selected_for_target,,absence_from_expert_target_workbook,5752,21,2022,CREDIT-13866B48204F,2730,,True,2
SRC-RAW-145B589876D4FC78962C,POWER,not_selected_for_target,,absence_from_expert_target_workbook,5753,21,2022,CREDIT-EDD58671CF3B,1713,,True,2
SRC-RAW-39508BC16A63EDBDF6B0,POWER,not_selected_for_target,,absence_from_expert_target_workbook,5754,22,2022,CREDIT-EDD58671CF3B,1713,,True,2
SRC-RAW-4C955EA9116C50DD9F3E,POWER,not_selected_for_target,,absence_from_expert_target_workbook,5755,21,2022,CREDIT-53EB5E2B49C0,2740,,True,0
SRC-RAW-F7B6E72317E8B0B85585,POWER,not_selected_for_target,,absence_from_expert_target_workbook,5756,21,2022,ORG-96D1FC8E67DD,2730,,True,1
SRC-RAW-C1BDB1B516BE7E39288D,POWER,not_selected_for_target,,absence_from_expert_target_workbook,5757,21,2022,CREDIT-80FF3430D7DD,2231,,True,3
SRC-RAW-BEF7568FDF604F91C944,POWER,not_selected_for_target,,absence_from_expert_target_workbook,5758,21,2022,ORG-04E92578CB8D,1521,,True,0
SRC-RAW-6508277CEAEAAFD34073,POWER,not_selected_for_target,,absence_from_expert_target_workbook,5759,22,2022,ORG-04E92578CB8D,1521,,True,0
SRC-RAW-D78161FFFF64E8CFF5B5,POWER,not_selected_for_target,,absence_from_expert_target_workbook,5760,21,2022,CREDIT-ACE0FA5A65D3,1329,,True,2
SRC-RAW-62C8F8D457720083A379,POWER,not_selected_for_target,,absence_from_expert_target_workbook,5761,21,2022,CREDIT-9B1ADC3F3CA4,2221,,True,2
SRC-RAW-AE9CBB9641D70DD85489,POWER,not_selected_for_target,,absence_from_expert_target_workbook,5762,21,2022,CREDIT-AD8499A5DB8B,1713,,True,2
SRC-RAW-A1F875663837C7A00F4A,POWER,not_selected_for_target,,absence_from_expert_target_workbook,5763,21,2022,ORG-7AB0E52BC726,2021,,True,1
SRC-RAW-8DFE1674E459CC100526,POWER,not_selected_for_target,,absence_from_expert_target_workbook,5764,21,2022,CREDIT-77B6B15ABB48,2239,,True,3
SRC-RAW-9352C51BD7C52000A710,POWER,not_selected_for_target,,absence_from_expert_target_workbook,5765,11,2022,CREDIT-D9AD8CD1E4E8,4417,燃生物质锅炉,True,3
SRC-RAW-6DDA8A1693063CD1B147,POWER,not_selected_for_target,,absence_from_expert_target_workbook,5766,11,2022,CREDIT-B016D86214A4,4417,燃气轮机,True,0
SRC-RAW-BDDE87A72EF639263C80,POWER,not_selected_for_target,,absence_from_expert_target_workbook,5767,12,2022,CREDIT-B016D86214A4,4417,燃气轮机,True,0
SRC-RAW-E95A414DEDC7891E63CD,POWER,not_selected_for_target,,absence_from_expert_target_workbook,5768,13,2022,CREDIT-B016D86214A4,4417,燃气轮机,True,0
SRC-RAW-C104FAAA6872FA9A2EA3,POWER,not_selected_for_target,,absence_from_expert_target_workbook,5769,14,2022,CREDIT-B016D86214A4,4417,燃气轮机,True,0
SRC-RAW-FCB738E061C79D9EFE77,POWER,not_selected_for_target,,absence_from_expert_target_workbook,5770,15,2022,CREDIT-B016D86214A4,4417,燃气轮机,True,0
SRC-RAW-10245DCA80053978E850,POWER,not_selected_for_target,,absence_from_expert_target_workbook,5771,16,2022,CREDIT-B016D86214A4,4417,燃气轮机,True,0
SRC-RAW-B68AD7523F954ADB5B1B,POWER,not_selected_for_target,,absence_from_expert_target_workbook,5772,11,2022,CREDIT-E9AE7E8148C1,4417,燃生物质锅炉,True,4
SRC-RAW-46E47575BE87C0E9356F,POWER,not_selected_for_target,,absence_from_expert_target_workbook,5773,12,2022,CREDIT-E9AE7E8148C1,4417,燃生物质锅炉,True,4
SRC-RAW-BCD057D17B542BBFA016,POWER,not_selected_for_target,,absence_from_expert_target_workbook,5774,21,2022,CREDIT-AD248D136D14,1352,,True,0
SRC-RAW-81FEDDDE12BA96D6B78D,POWER,not_selected_for_target,,absence_from_expert_target_workbook,5775,22,2022,CREDIT-AD248D136D14,1352,,True,0
SRC-RAW-743971612EF893C4928C,POWER,not_selected_for_target,,absence_from_expert_target_workbook,5776,23,2022,CREDIT-AD248D136D14,1352,,True,0
SRC-RAW-DEE00CE3950DA9B2F240,POWER,not_selected_for_target,,absence_from_expert_target_workbook,5777,24,2022,CREDIT-AD248D136D14,1352,,True,0
SRC-RAW-3CB366B2B5F8EC098C41,POWER,not_selected_for_target,,absence_from_expert_target_workbook,5778,25,2022,CREDIT-AD248D136D14,1352,,True,0
SRC-RAW-7D06A7FDF4F247BBAF18,POWER,not_selected_for_target,,absence_from_expert_target_workbook,5779,21,2022,CREDIT-1637E467BC0E,3130,,True,0
SRC-RAW-EDFD563CBD15E332A27E,POWER,not_selected_for_target,,absence_from_expert_target_workbook,5780,21,2022,CREDIT-47DC4EDDEB41,1422,,True,1
SRC-RAW-D7A16E5959CFE256BBF4,POWER,not_selected_for_target,,absence_from_expert_target_workbook,5781,21,2022,CREDIT-13594422F0D4,1453,,True,1
SRC-RAW-08C2FDFCA4E6E4CD3383,POWER,not_selected_for_target,,absence_from_expert_target_workbook,5782,21,2022,CREDIT-412A705461F0,1422,,True,1
SRC-RAW-4F5C2CE7623390E27324,POWER,not_selected_for_target,,absence_from_expert_target_workbook,5783,21,2022,CREDIT-85325E2962F0,1422,,True,0
SRC-RAW-54D51F648E6C2ED0F518,POWER,not_selected_for_target,,absence_from_expert_target_workbook,5784,21,2022,CREDIT-004DBA0C6D24,1422,,True,1
SRC-RAW-645873AC5AB375FF7BF4,POWER,not_selected_for_target,,absence_from_expert_target_workbook,5785,21,2022,CREDIT-4BA4C5357B28,1422,,True,0
SRC-RAW-72D46AA3944F9CE69DD1,POWER,not_selected_for_target,,absence_from_expert_target_workbook,5786,21,2022,CREDIT-1E257A351EB2,3482,,True,1
SRC-RAW-53C1726B8AC3B7E84825,POWER,not_selected_for_target,,absence_from_expert_target_workbook,5787,21,2022,CREDIT-5694221A6CE5,2319,,True,0
SRC-RAW-8BAFE6B76C0AD98A4F73,POWER,not_selected_for_target,,absence_from_expert_target_workbook,5788,21,2022,CREDIT-DA7192333422,1422,,True,1
SRC-RAW-D186E338CA1F146BB283,POWER,not_selected_for_target,,absence_from_expert_target_workbook,5789,21,2022,CREDIT-49C057BE12AE,2720,,True,1
SRC-RAW-3C883CC82D706001A26B,POWER,not_selected_for_target,,absence_from_expert_target_workbook,5790,21,2022,CREDIT-D5FF09546368,2624,,True,2
SRC-RAW-6892B3B5D2E43A537ADF,POWER,not_selected_for_target,,absence_from_expert_target_workbook,5791,21,2022,CREDIT-EE7149286F71,1453,,True,0
SRC-RAW-A948CAC6F8F12B076346,POWER,not_selected_for_target,,absence_from_expert_target_workbook,5792,21,2022,CREDIT-2D5856E76086,1712,,True,0
SRC-RAW-5649E228C3E510CCBD6F,POWER,not_selected_for_target,,absence_from_expert_target_workbook,5793,21,2022,CREDIT-1032689B1315,2319,,True,0
SRC-RAW-52814A2823BF3B8F03D9,POWER,not_selected_for_target,,absence_from_expert_target_workbook,5794,21,2022,CREDIT-A18D27DBA7FC,1910,,True,5
SRC-RAW-C2C405A12A2BBA1FE88C,POWER,not_selected_for_target,,absence_from_expert_target_workbook,5795,21,2022,CREDIT-DFDC7B948F5D,3029,,True,1
SRC-RAW-0762E7C2A9E55AF14348,POWER,not_selected_for_target,,absence_from_expert_target_workbook,5796,21,2022,CREDIT-831C82882C0B,1711,,True,1
SRC-RAW-D64C74A34B6417D2DBDD,POWER,not_selected_for_target,,absence_from_expert_target_workbook,5797,21,2022,CREDIT-60F61035067E,1422,,True,1
SRC-RAW-434E57D56CC3D9FA6D64,POWER,not_selected_for_target,,absence_from_expert_target_workbook,5798,21,2022,CREDIT-7A9AEAA03789,1422,,True,1
SRC-RAW-0BAE74BA2397CF47D951,POWER,not_selected_for_target,,absence_from_expert_target_workbook,5799,21,2022,ORG-FDF2A699FA72,2221,,True,1
SRC-RAW-C0F226ACCEBC1D38A99A,POWER,not_selected_for_target,,absence_from_expert_target_workbook,5800,21,2022,ORG-CBE9FEE5FC6E,1462,,True,1
SRC-RAW-F31285B7EF926E6F6E22,POWER,not_selected_for_target,,absence_from_expert_target_workbook,5801,21,2022,ORG-244307065C28,1713,,True,3
SRC-RAW-1453EF7D6625C7EBD5A3,POWER,not_selected_for_target,,absence_from_expert_target_workbook,5802,21,2022,ORG-17649FE25B60,2221,,True,2
SRC-RAW-0D37E4DC70046446405D,POWER,not_selected_for_target,,absence_from_expert_target_workbook,5803,21,2022,CREDIT-72CA7C69AA4E,2221,,True,2
SRC-RAW-6066991D2DA28566115E,POWER,include,413,canonical_expert_scope_order,5804,11,2022,ORG-A8D506756230,4411,燃煤锅炉,True,12
SRC-RAW-927B14F2990B74E2A6EF,POWER,include,414,canonical_expert_scope_order,5805,12,2022,ORG-A8D506756230,4411,燃煤锅炉,True,12
SRC-RAW-F7E56B123AF69F40ACAB,POWER,include,415,canonical_expert_scope_order,5806,13,2022,ORG-A8D506756230,4411,燃煤锅炉,True,12
SRC-RAW-4C935755D3373975791B,POWER,include,416,canonical_expert_scope_order,5807,14,2022,ORG-A8D506756230,4411,燃煤锅炉,True,12
SRC-RAW-399F0EE7A53AF2C65041,POWER,not_selected_for_target,,absence_from_expert_target_workbook,5808,21,2022,CREDIT-876CA694A2A8,2924,,True,0
SRC-RAW-45A14EBA1746E0AE89A1,POWER,not_selected_for_target,,absence_from_expert_target_workbook,5809,21,2022,ORG-15E82D750C4D,2221,,True,2
SRC-RAW-085159500B39367E640B,POWER,not_selected_for_target,,absence_from_expert_target_workbook,5810,21,2022,CREDIT-91895190169F,4220,,True,2
SRC-RAW-E4C4B0864465CB9DE72D,POWER,not_selected_for_target,,absence_from_expert_target_workbook,5811,11,2022,CREDIT-A950FBD59B20,4417,燃生物质锅炉,True,3
SRC-RAW-CD2D407CA1BD066866D0,POWER,not_selected_for_target,,absence_from_expert_target_workbook,5812,12,2022,CREDIT-A950FBD59B20,4417,燃生物质锅炉,True,3
SRC-RAW-C5959E978DBB896A450C,POWER,not_selected_for_target,,absence_from_expert_target_workbook,5813,21,2022,CREDIT-78384522C4A1,1712,,True,4
SRC-RAW-109F436A28DB230CF701,POWER,not_selected_for_target,,absence_from_expert_target_workbook,5814,22,2022,CREDIT-78384522C4A1,1712,,True,4
SRC-RAW-513BED28878195202895,POWER,not_selected_for_target,,absence_from_expert_target_workbook,5815,21,2022,CREDIT-CA00C1B8670B,1453,,True,1
SRC-RAW-315F5BD07B7FCD7C9D49,POWER,not_selected_for_target,,absence_from_expert_target_workbook,5816,21,2022,CREDIT-71D23637F514,1763,,True,2
SRC-RAW-1940DE904E56BEF4832B,POWER,not_selected_for_target,,absence_from_expert_target_workbook,5817,21,2022,CREDIT-E3E80E71BA57,2720,,True,1
SRC-RAW-0D3BB1F8CAAB44C2CD8A,POWER,not_selected_for_target,,absence_from_expert_target_workbook,5818,21,2022,CREDIT-2CBE28133C51,2239,,True,1
SRC-RAW-23901E46F06D8D8EED6E,POWER,not_selected_for_target,,absence_from_expert_target_workbook,5819,21,2022,CREDIT-B75B267FA5C5,1462,,True,0
SRC-RAW-20F458E22965F9524C4B,POWER,not_selected_for_target,,absence_from_expert_target_workbook,5820,21,2022,CREDIT-839390632E32,1781,,True,1
SRC-RAW-38ACAB2EB044298906B2,POWER,not_selected_for_target,,absence_from_expert_target_workbook,5821,21,2022,CREDIT-E8D13A71996F,1462,,True,0
SRC-RAW-33BCFFE5D93422B4796D,POWER,not_selected_for_target,,absence_from_expert_target_workbook,5822,21,2022,CREDIT-0DA9B7F1CBDF,2682,,True,1
SRC-RAW-0D54908F9661EBD5090E,POWER,not_selected_for_target,,absence_from_expert_target_workbook,5823,21,2022,CREDIT-DFC38310A35F,1495,,True,3
SRC-RAW-31E474D9EAB38B003986,POWER,not_selected_for_target,,absence_from_expert_target_workbook,5824,21,2022,CREDIT-A103572FFBF1,2761,,True,0
SRC-RAW-0DAE230825F4A15474C0,POWER,not_selected_for_target,,absence_from_expert_target_workbook,5825,21,2022,CREDIT-D1640745BB39,1529,,True,2
SRC-RAW-DD875A7107ACE0892EA4,POWER,not_selected_for_target,,absence_from_expert_target_workbook,5826,21,2022,CREDIT-B8CEA953E321,2921,,True,1
SRC-RAW-E7E5ADAFCFECF7200532,POWER,not_selected_for_target,,absence_from_expert_target_workbook,5827,21,2022,CREDIT-12B753CC884B,4220,,True,1
SRC-RAW-6585362B366B486A2083,POWER,not_selected_for_target,,absence_from_expert_target_workbook,5828,21,2022,CREDIT-89DBE2A97EFE,2720,,True,2
SRC-RAW-9F7FC38BFF12636B192C,POWER,not_selected_for_target,,absence_from_expert_target_workbook,5829,21,2022,CREDIT-2A3666BA8ACF,1431,,True,0
SRC-RAW-64B6CEA14A6C7ABE59F4,POWER,not_selected_for_target,,absence_from_expert_target_workbook,5830,21,2022,CREDIT-A18BA7B7EA96,2239,,True,0
SRC-RAW-E0F1126203CA2C151663,POWER,not_selected_for_target,,absence_from_expert_target_workbook,5831,21,2022,CREDIT-F11CF2BADF24,1712,,True,4
SRC-RAW-0E37959D8B649244736C,POWER,not_selected_for_target,,absence_from_expert_target_workbook,5832,22,2022,CREDIT-F11CF2BADF24,1712,,True,4
SRC-RAW-9976C9DDE8C9B9FA7D76,POWER,not_selected_for_target,,absence_from_expert_target_workbook,5833,21,2022,CREDIT-EEA0445F20A8,1712,,True,5
SRC-RAW-27A1CB0C8603B51A2364,POWER,not_selected_for_target,,absence_from_expert_target_workbook,5834,22,2022,CREDIT-EEA0445F20A8,1712,,True,5
SRC-RAW-76FBA0A0A41BE254B44E,POWER,not_selected_for_target,,absence_from_expert_target_workbook,5835,21,2022,CREDIT-8974E3F96D06,1353,,True,1
SRC-RAW-F7E23C23CF01E91293FB,POWER,not_selected_for_target,,absence_from_expert_target_workbook,5836,21,2022,CREDIT-2A01597B7F18,1462,,True,0
SRC-RAW-01D927763F658F3F8511,POWER,not_selected_for_target,,absence_from_expert_target_workbook,5837,21,2022,CREDIT-700588441731,1811,,True,2
SRC-RAW-F6101FE8213EBA18CD80,POWER,not_selected_for_target,,absence_from_expert_target_workbook,5838,21,2022,CREDIT-9A343CED8134,1752,,True,2
SRC-RAW-52D85C10391D48F484B5,POWER,not_selected_for_target,,absence_from_expert_target_workbook,5839,21,2022,CREDIT-D8B916FFEFB1,1751,,True,3
SRC-RAW-EDB0C2905A47F63D904D,POWER,not_selected_for_target,,absence_from_expert_target_workbook,5840,21,2022,CREDIT-466B24C9524D,1751,,True,0
SRC-RAW-93A6F9C5D60DF8B794E2,POWER,not_selected_for_target,,absence_from_expert_target_workbook,5841,21,2022,CREDIT-C52B8937006D,4190,,True,0
SRC-RAW-1F8525D438DD76441363,POWER,not_selected_for_target,,absence_from_expert_target_workbook,5842,21,2022,CREDIT-73EA40961EC4,3031,,True,0
SRC-RAW-ACD4B9FA66C650A7BCBA,POWER,not_selected_for_target,,absence_from_expert_target_workbook,5843,21,2022,CREDIT-D46B37AF1EFE,4412,,True,0
SRC-RAW-ED724E3B10F8B60BC5E8,POWER,not_selected_for_target,,absence_from_expert_target_workbook,5844,22,2022,CREDIT-D46B37AF1EFE,4412,,True,0
SRC-RAW-8705C76A23E3D73597AA,POWER,not_selected_for_target,,absence_from_expert_target_workbook,5845,23,2022,CREDIT-D46B37AF1EFE,4412,,True,0
SRC-RAW-A1D8833AD5BA125268B7,POWER,not_selected_for_target,,absence_from_expert_target_workbook,5846,24,2022,CREDIT-D46B37AF1EFE,4412,,True,0
SRC-RAW-69E9E547E1580C1F7E26,POWER,not_selected_for_target,,absence_from_expert_target_workbook,5847,11,2022,CREDIT-86F7C12BC0DE,4417,燃生物质锅炉,True,3
SRC-RAW-F3BCE8B07FE1DD5CABD0,POWER,not_selected_for_target,,absence_from_expert_target_workbook,5848,12,2022,CREDIT-86F7C12BC0DE,4417,燃生物质锅炉,True,3
SRC-RAW-D4EC9D00EA2027271E68,POWER,not_selected_for_target,,absence_from_expert_target_workbook,5849,21,2022,CREDIT-6653143183C5,1353,,True,1
SRC-RAW-780597CD9570F3B05345,POWER,not_selected_for_target,,absence_from_expert_target_workbook,5850,21,2022,ORG-F5A76D123932,1433,,True,1
SRC-RAW-3719961AD767891B04CF,POWER,not_selected_for_target,,absence_from_expert_target_workbook,5851,22,2022,ORG-F5A76D123932,1433,,True,1
SRC-RAW-F4539CC7445B600EA30A,POWER,not_selected_for_target,,absence_from_expert_target_workbook,5852,23,2022,ORG-F5A76D123932,1433,,True,1
SRC-RAW-61A4BB1C1DE2BC954995,POWER,not_selected_for_target,,absence_from_expert_target_workbook,5853,21,2022,CREDIT-0FCC4BB9B3E7,1462,,True,0
SRC-RAW-36CE4CF5934CC4E59C51,POWER,not_selected_for_target,,absence_from_expert_target_workbook,5854,21,2022,CREDIT-9941F72750EA,2319,,True,1
SRC-RAW-DEB3E369F22C28856408,POWER,not_selected_for_target,,absence_from_expert_target_workbook,5855,21,2022,CREDIT-FE5E157C8D87,2912,,True,3
SRC-RAW-7BD8AE53B4C1882B4966,POWER,not_selected_for_target,,absence_from_expert_target_workbook,5856,21,2022,CREDIT-D2E758F3FE96,1462,,True,1
SRC-RAW-245E9606CEC4EFE90CEF,POWER,not_selected_for_target,,absence_from_expert_target_workbook,5857,21,2022,ORG-F19F7D82A2D3,1433,,True,1
SRC-RAW-A4C94B35FB34A968EAA4,POWER,not_selected_for_target,,absence_from_expert_target_workbook,5858,21,2022,CREDIT-BE426F579276,3360,,True,2
SRC-RAW-4E8C1C715FC6448DF880,POWER,not_selected_for_target,,absence_from_expert_target_workbook,5859,21,2022,ORG-1EF345BE3AB9,3130,,True,1
SRC-RAW-908100046D1C217BC5D8,POWER,not_selected_for_target,,absence_from_expert_target_workbook,5860,21,2022,CREDIT-3B1A0E0FB61D,1421,,True,1
SRC-RAW-AF2CDD2575FD99EA1ECE,POWER,not_selected_for_target,,absence_from_expert_target_workbook,5861,21,2022,CREDIT-FF96E960FA84,3130,,True,0
SRC-RAW-6F23CA70C270F6450D69,POWER,not_selected_for_target,,absence_from_expert_target_workbook,5862,21,2022,CREDIT-9BA36E50A473,1462,,True,1
SRC-RAW-1B00A041F82A39688A43,POWER,not_selected_for_target,,absence_from_expert_target_workbook,5863,21,2022,CREDIT-CF52FE848437,2023,,True,3
SRC-RAW-B8BC60CF6EB1B29EA431,POWER,not_selected_for_target,,absence_from_expert_target_workbook,5864,21,2022,ORG-06892FB42D0C,1713,,True,3
SRC-RAW-951386E4BDAB649D28E5,POWER,not_selected_for_target,,absence_from_expert_target_workbook,5865,22,2022,ORG-06892FB42D0C,1713,,True,3
SRC-RAW-18D163D59AC783B5CD79,POWER,not_selected_for_target,,absence_from_expert_target_workbook,5866,21,2022,CREDIT-32299E9FCE0F,1391,,True,1
SRC-RAW-D0E3EA7CCA8548779A20,POWER,not_selected_for_target,,absence_from_expert_target_workbook,5867,21,2022,CREDIT-7FF412172E81,2221,,True,3
SRC-RAW-75DC939187B9E14A304F,POWER,not_selected_for_target,,absence_from_expert_target_workbook,5868,21,2022,ORG-0E560F021600,2221,,True,1
SRC-RAW-259BDCE12CAE5D7389B0,POWER,not_selected_for_target,,absence_from_expert_target_workbook,5869,21,2022,CREDIT-2D69500F0FBD,2740,,True,1
SRC-RAW-5EDC3E58BD6E51867E76,POWER,not_selected_for_target,,absence_from_expert_target_workbook,5870,21,2022,CREDIT-DDD28A67ADDE,1711,,True,3
SRC-RAW-E0A9F5A7F9A97A8DD5CE,POWER,include,417,canonical_expert_scope_order,5871,11,2022,CREDIT-23BAE6A9CF5E,3110,燃气锅炉,True,16
SRC-RAW-44266D3C11C9AC784DCE,POWER,not_selected_for_target,,absence_from_expert_target_workbook,5872,21,2022,CREDIT-685A3E7E1791,1392,,True,1
SRC-RAW-7C0D50F41C0089E1F6B6,POWER,include,418,canonical_expert_scope_order,5873,11,2022,CREDIT-D623B0F15D8B,2511,燃气锅炉,True,1
SRC-RAW-016884A74403910FC27F,POWER,include,419,canonical_expert_scope_order,5874,12,2022,CREDIT-D623B0F15D8B,2511,燃气锅炉,True,1
SRC-RAW-258AE3A549E690AEC3AD,POWER,include,420,canonical_expert_scope_order,5875,13,2022,CREDIT-D623B0F15D8B,2511,燃气锅炉,True,1
SRC-RAW-C10F0726975682FC90DC,POWER,include,421,canonical_expert_scope_order,5876,14,2022,CREDIT-D623B0F15D8B,2511,燃气锅炉,True,1
SRC-RAW-D61018B198766BD3C03F,POWER,include,422,canonical_expert_scope_order,5877,11,2022,ORG-4D82242EC7C3,4411,燃煤锅炉,True,3
SRC-RAW-8E6D2C1C87CB7061CE6D,POWER,include,423,canonical_expert_scope_order,5878,12,2022,ORG-4D82242EC7C3,4411,燃煤锅炉,True,3
SRC-RAW-30E77AB597BA9DCFE076,POWER,include,424,canonical_expert_scope_order,5879,11,2022,ORG-0F8584B96CD4,4411,燃煤锅炉,True,3
SRC-RAW-832F48DC0296C91CE5BC,POWER,include,425,canonical_expert_scope_order,5880,12,2022,ORG-0F8584B96CD4,4411,燃煤锅炉,True,3
SRC-RAW-91B86CDAC74AE512BD58,POWER,not_selected_for_target,,absence_from_expert_target_workbook,5881,21,2022,CREDIT-12B07E9D64BA,1495,,True,1
SRC-RAW-ACCF20FF90380719677A,POWER,not_selected_for_target,,absence_from_expert_target_workbook,5882,21,2022,CREDIT-22A9E06A3A89,1712,,True,1
SRC-RAW-9AA251E2515BFEDB04FD,POWER,not_selected_for_target,,absence_from_expert_target_workbook,5883,21,2022,CREDIT-656FB13579CE,2651,,True,1
SRC-RAW-619DE16D4A849BF1086B,POWER,not_selected_for_target,,absence_from_expert_target_workbook,5884,21,2022,CREDIT-F7AD252EE5F8,2740,,True,2
SRC-RAW-87C4DD7A7904DAEE59AD,POWER,not_selected_for_target,,absence_from_expert_target_workbook,5885,21,2022,CREDIT-D1CB78C13593,3670,,True,1
SRC-RAW-E9AF873E981E233295E8,POWER,not_selected_for_target,,absence_from_expert_target_workbook,5886,22,2022,CREDIT-D1CB78C13593,3670,,True,1
SRC-RAW-FA191422CEDAD65A850E,POWER,not_selected_for_target,,absence_from_expert_target_workbook,5887,23,2022,CREDIT-D1CB78C13593,3670,,True,1
SRC-RAW-FBCB0400B26BEFED3063,POWER,not_selected_for_target,,absence_from_expert_target_workbook,5888,21,2022,CREDIT-C2D51560F210,2651,,True,1
SRC-RAW-CC7D1F236D3C75F239A1,POWER,not_selected_for_target,,absence_from_expert_target_workbook,5889,21,2022,CREDIT-37BD1F0FD2C4,1779,,True,1
SRC-RAW-D9C2B3B678ACD92E2A42,POWER,not_selected_for_target,,absence_from_expert_target_workbook,5890,21,2022,CREDIT-AF317A00C352,2663,,True,2
SRC-RAW-3DF950A56A2975F5AB3E,POWER,not_selected_for_target,,absence_from_expert_target_workbook,5891,21,2022,ORG-35E89069D602,2663,,True,3
SRC-RAW-73C349EB77CFC53ED5D1,POWER,not_selected_for_target,,absence_from_expert_target_workbook,5892,21,2022,CREDIT-3777C42AC257,2662,,True,2
SRC-RAW-CD93D05F615EC57CF8C6,POWER,not_selected_for_target,,absence_from_expert_target_workbook,5893,21,2022,CREDIT-99AC35F30B82,3819,,True,3
SRC-RAW-BDFA36DEB6B5F564FE4B,POWER,not_selected_for_target,,absence_from_expert_target_workbook,5894,22,2022,CREDIT-99AC35F30B82,3819,,True,3
SRC-RAW-75910B9CC0E09390EB96,POWER,not_selected_for_target,,absence_from_expert_target_workbook,5895,21,2022,CREDIT-A9233C8EC60B,2681,,True,3
SRC-RAW-5534B6739A0B26E61314,POWER,not_selected_for_target,,absence_from_expert_target_workbook,5896,21,2022,CREDIT-A2E21EE23565,1352,,True,1
SRC-RAW-B9DBF41DEB76B0325FF2,POWER,not_selected_for_target,,absence_from_expert_target_workbook,5897,21,2022,CREDIT-05033BD4B2AC,2750,,True,2
SRC-RAW-4762F830238742134EA1,POWER,not_selected_for_target,,absence_from_expert_target_workbook,5898,21,2022,CREDIT-A2EDEE171649,2750,,True,3
SRC-RAW-1FB8B3A5CF65FA29B7CF,POWER,not_selected_for_target,,absence_from_expert_target_workbook,5899,22,2022,CREDIT-A2EDEE171649,2750,,True,3
SRC-RAW-465EDBB08953DC2E046C,POWER,not_selected_for_target,,absence_from_expert_target_workbook,5900,21,2022,CREDIT-068CA2279F09,2619,,True,1
SRC-RAW-C6D82ADA0C636EFF013B,POWER,not_selected_for_target,,absence_from_expert_target_workbook,5901,21,2022,CREDIT-3BAC1186565F,2221,,True,3
SRC-RAW-F0E6EA984FC6A7BE282F,POWER,not_selected_for_target,,absence_from_expert_target_workbook,5902,21,2022,CREDIT-F79207102492,2221,,True,2
SRC-RAW-E498DDF5B67C6BF0A151,POWER,not_selected_for_target,,absence_from_expert_target_workbook,5903,21,2022,CREDIT-2209C826598A,2221,,True,1
SRC-RAW-9CD347CBAA1E4690A8D4,POWER,not_selected_for_target,,absence_from_expert_target_workbook,5904,21,2022,CREDIT-49CB6839154D,1431,,True,2
SRC-RAW-27869CCA1A5FF01DDDAB,POWER,not_selected_for_target,,absence_from_expert_target_workbook,5905,21,2022,CREDIT-FFB94301D8BB,1353,,True,2
SRC-RAW-EC1135F9614F908FBF96,POWER,not_selected_for_target,,absence_from_expert_target_workbook,5906,21,2022,CREDIT-2A9300757D27,1352,,True,1
SRC-RAW-CFF2D3B4EAAF89D9BDDD,POWER,not_selected_for_target,,absence_from_expert_target_workbook,5907,21,2022,CREDIT-08E754340594,2221,,True,1
SRC-RAW-23B2A417885E0B963807,POWER,not_selected_for_target,,absence_from_expert_target_workbook,5908,21,2022,CREDIT-5B37183CC2BB,3021,,True,1
SRC-RAW-E1F1519E7215C225B103,POWER,not_selected_for_target,,absence_from_expert_target_workbook,5909,21,2022,CREDIT-F380A1CF5323,2651,,True,2
SRC-RAW-DB28F153484BE1F340BE,POWER,not_selected_for_target,,absence_from_expert_target_workbook,5910,21,2022,CREDIT-26AA591ABF25,2022,,True,1
SRC-RAW-D93FC5D6E86B4F04DB3E,POWER,not_selected_for_target,,absence_from_expert_target_workbook,5911,21,2022,CREDIT-D08E219CD8C8,1495,,True,1
SRC-RAW-10DBDEEDC62C021AC9CD,POWER,not_selected_for_target,,absence_from_expert_target_workbook,5912,21,2022,CREDIT-417DD2EC87B5,2619,,True,2
SRC-RAW-1499183EFC76641D125A,POWER,not_selected_for_target,,absence_from_expert_target_workbook,5913,21,2022,CREDIT-11EC52D5E1FA,2651,,True,2
SRC-RAW-612F9C918E23E8F52614,POWER,not_selected_for_target,,absence_from_expert_target_workbook,5914,21,2022,CREDIT-A0DF10877A66,2651,,True,2
SRC-RAW-7B351D0A95385953A87E,POWER,not_selected_for_target,,absence_from_expert_target_workbook,5915,21,2022,CREDIT-4523816B2CAB,2651,,True,2
SRC-RAW-60CCDE1B74EEAAA63955,POWER,include,426,canonical_expert_scope_order,5916,11,2022,CREDIT-276A22B6CB25,4411,燃煤锅炉,True,6
SRC-RAW-4C2DE7BEF32D7CAEC468,POWER,include,427,canonical_expert_scope_order,5917,12,2022,CREDIT-276A22B6CB25,4411,燃煤锅炉,True,6
SRC-RAW-33854DA4F883C14ADB39,POWER,not_selected_for_target,,absence_from_expert_target_workbook,5918,21,2022,CREDIT-78192DA4E574,2684,,True,1
SRC-RAW-4204D6421DDBCD7204C7,POWER,not_selected_for_target,,absence_from_expert_target_workbook,5919,21,2022,CREDIT-E849DEFE6B74,2613,,True,2
SRC-RAW-97C7369D4C6E7A926A53,POWER,not_selected_for_target,,absence_from_expert_target_workbook,5920,21,2022,CREDIT-9B3D4F107A6C,1723,,True,1
SRC-RAW-B7C1381CE7550D6309F6,POWER,not_selected_for_target,,absence_from_expert_target_workbook,5921,21,2022,CREDIT-97B9023D1B91,1495,,True,0
SRC-RAW-AD3AB523711916888CFA,POWER,not_selected_for_target,,absence_from_expert_target_workbook,5922,22,2022,CREDIT-97B9023D1B91,1495,,True,0
SRC-RAW-496569BFB4E639B9ED80,POWER,not_selected_for_target,,absence_from_expert_target_workbook,5923,21,2022,CREDIT-BF7A9DEDD833,1351,,True,5
