observation_id,source_id,target,source_decision_role,human_workbook_row,pollutant,status,method,generation_t,emission_t,activity_value,activity_unit,parameter_value,parameter_unit,control_method,control_efficiency,rule_id,standard_reference,intermediate_calculation,reason_code
SRC-RAW-3E66D36FC4F7A71C87FB,SRC-RAW-3E66D36FC4F7A71C87FB,POWER,expert_scope,2,SO2,reported_total,expert_led_workbook,0.382184,0.382184,NA,NA,NA,NA,NA,NA,NA,NA,NA,
SRC-RAW-3E66D36FC4F7A71C87FB,SRC-RAW-3E66D36FC4F7A71C87FB,POWER,expert_scope,2,NOx,reported_total,expert_led_workbook,1.2898710000000002,1.2898710000000002,NA,NA,NA,NA,NA,NA,NA,NA,NA,
SRC-RAW-3E66D36FC4F7A71C87FB,SRC-RAW-3E66D36FC4F7A71C87FB,POWER,expert_scope,2,CO,reported_total,expert_led_workbook,1.2420980000000001,1.2420980000000001,NA,NA,NA,NA,NA,NA,NA,NA,NA,
SRC-RAW-3E66D36FC4F7A71C87FB,SRC-RAW-3E66D36FC4F7A71C87FB,POWER,expert_scope,2,VOC,reported_total,expert_led_workbook,0.0286638,0.0286638,NA,NA,NA,NA,NA,NA,NA,NA,NA,
SRC-RAW-3E66D36FC4F7A71C87FB,SRC-RAW-3E66D36FC4F7A71C87FB,POWER,expert_scope,2,PM10,reported_total,expert_led_workbook,0.0286638,0.0286638,NA,NA,NA,NA,NA,NA,NA,NA,NA,
SRC-RAW-3E66D36FC4F7A71C87FB,SRC-RAW-3E66D36FC4F7A71C87FB,POWER,expert_scope,2,PM2.5,reported_total,expert_led_workbook,0.0,0.0,NA,NA,NA,NA,NA,NA,NA,NA,NA,
SRC-RAW-3E66D36FC4F7A71C87FB,SRC-RAW-3E66D36FC4F7A71C87FB,POWER,expert_scope,2,BC,reported_total,expert_led_workbook,0.0,0.0,NA,NA,NA,NA,NA,NA,NA,NA,NA,
SRC-RAW-3E66D36FC4F7A71C87FB,SRC-RAW-3E66D36FC4F7A71C87FB,POWER,expert_scope,2,OC,reported_total,expert_led_workbook,0.0191092,0.0191092,NA,NA,NA,NA,NA,NA,NA,NA,NA,
SRC-RAW-3E66D36FC4F7A71C87FB,SRC-RAW-3E66D36FC4F7A71C87FB,POWER,expert_scope,2,NH3,reported_total,expert_led_workbook,0.0,0.0,NA,NA,NA,NA,NA,NA,NA,NA,NA,
SRC-RAW-DB41A697E6D3E6CCEBB9,SRC-RAW-DB41A697E6D3E6CCEBB9,POWER,expert_scope,3,SO2,reported_total,expert_led_workbook,0.15554,0.15554,NA,NA,NA,NA,NA,NA,NA,NA,NA,
SRC-RAW-DB41A697E6D3E6CCEBB9,SRC-RAW-DB41A697E6D3E6CCEBB9,POWER,expert_scope,3,NOx,reported_total,expert_led_workbook,0.5249475,0.5249475,NA,NA,NA,NA,NA,NA,NA,NA,NA,
SRC-RAW-DB41A697E6D3E6CCEBB9,SRC-RAW-DB41A697E6D3E6CCEBB9,POWER,expert_scope,3,CO,reported_total,expert_led_workbook,0.505505,0.505505,NA,NA,NA,NA,NA,NA,NA,NA,NA,
SRC-RAW-DB41A697E6D3E6CCEBB9,SRC-RAW-DB41A697E6D3E6CCEBB9,POWER,expert_scope,3,VOC,reported_total,expert_led_workbook,0.0116655,0.0116655,NA,NA,NA,NA,NA,NA,NA,NA,NA,
SRC-RAW-DB41A697E6D3E6CCEBB9,SRC-RAW-DB41A697E6D3E6CCEBB9,POWER,expert_scope,3,PM10,reported_total,expert_led_workbook,0.0116655,0.0116655,NA,NA,NA,NA,NA,NA,NA,NA,NA,
SRC-RAW-DB41A697E6D3E6CCEBB9,SRC-RAW-DB41A697E6D3E6CCEBB9,POWER,expert_scope,3,PM2.5,reported_total,expert_led_workbook,0.0,0.0,NA,NA,NA,NA,NA,NA,NA,NA,NA,
SRC-RAW-DB41A697E6D3E6CCEBB9,SRC-RAW-DB41A697E6D3E6CCEBB9,POWER,expert_scope,3,BC,reported_total,expert_led_workbook,0.0,0.0,NA,NA,NA,NA,NA,NA,NA,NA,NA,
SRC-RAW-DB41A697E6D3E6CCEBB9,SRC-RAW-DB41A697E6D3E6CCEBB9,POWER,expert_scope,3,OC,reported_total,expert_led_workbook,0.007776999999999999,0.007776999999999999,NA,NA,NA,NA,NA,NA,NA,NA,NA,
SRC-RAW-DB41A697E6D3E6CCEBB9,SRC-RAW-DB41A697E6D3E6CCEBB9,POWER,expert_scope,3,NH3,reported_total,expert_led_workbook,0.0,0.0,NA,NA,NA,NA,NA,NA,NA,NA,NA,
SRC-RAW-692539A50BD659EF6B35,SRC-RAW-692539A50BD659EF6B35,POWER,expert_scope,4,SO2,reported_total,expert_led_workbook,0.15554,0.15554,NA,NA,NA,NA,NA,NA,NA,NA,NA,
SRC-RAW-692539A50BD659EF6B35,SRC-RAW-692539A50BD659EF6B35,POWER,expert_scope,4,NOx,reported_total,expert_led_workbook,0.5249475,0.5249475,NA,NA,NA,NA,NA,NA,NA,NA,NA,
SRC-RAW-692539A50BD659EF6B35,SRC-RAW-692539A50BD659EF6B35,POWER,expert_scope,4,CO,reported_total,expert_led_workbook,0.505505,0.505505,NA,NA,NA,NA,NA,NA,NA,NA,NA,
SRC-RAW-692539A50BD659EF6B35,SRC-RAW-692539A50BD659EF6B35,POWER,expert_scope,4,VOC,reported_total,expert_led_workbook,0.0116655,0.0116655,NA,NA,NA,NA,NA,NA,NA,NA,NA,
SRC-RAW-692539A50BD659EF6B35,SRC-RAW-692539A50BD659EF6B35,POWER,expert_scope,4,PM10,reported_total,expert_led_workbook,0.0116655,0.0116655,NA,NA,NA,NA,NA,NA,NA,NA,NA,
SRC-RAW-692539A50BD659EF6B35,SRC-RAW-692539A50BD659EF6B35,POWER,expert_scope,4,PM2.5,reported_total,expert_led_workbook,0.0,0.0,NA,NA,NA,NA,NA,NA,NA,NA,NA,
SRC-RAW-692539A50BD659EF6B35,SRC-RAW-692539A50BD659EF6B35,POWER,expert_scope,4,BC,reported_total,expert_led_workbook,0.0,0.0,NA,NA,NA,NA,NA,NA,NA,NA,NA,
SRC-RAW-692539A50BD659EF6B35,SRC-RAW-692539A50BD659EF6B35,POWER,expert_scope,4,OC,reported_total,expert_led_workbook,0.007776999999999999,0.007776999999999999,NA,NA,NA,NA,NA,NA,NA,NA,NA,
SRC-RAW-692539A50BD659EF6B35,SRC-RAW-692539A50BD659EF6B35,POWER,expert_scope,4,NH3,reported_total,expert_led_workbook,0.0,0.0,NA,NA,NA,NA,NA,NA,NA,NA,NA,
SRC-RAW-09CC07AB1163C70FFAC1,SRC-RAW-09CC07AB1163C70FFAC1,POWER,expert_scope,5,SO2,reported_total,expert_led_workbook,0.15554,0.15554,NA,NA,NA,NA,NA,NA,NA,NA,NA,
SRC-RAW-09CC07AB1163C70FFAC1,SRC-RAW-09CC07AB1163C70FFAC1,POWER,expert_scope,5,NOx,reported_total,expert_led_workbook,0.5249475,0.5249475,NA,NA,NA,NA,NA,NA,NA,NA,NA,
SRC-RAW-09CC07AB1163C70FFAC1,SRC-RAW-09CC07AB1163C70FFAC1,POWER,expert_scope,5,CO,reported_total,expert_led_workbook,0.505505,0.505505,NA,NA,NA,NA,NA,NA,NA,NA,NA,
SRC-RAW-09CC07AB1163C70FFAC1,SRC-RAW-09CC07AB1163C70FFAC1,POWER,expert_scope,5,VOC,reported_total,expert_led_workbook,0.0116655,0.0116655,NA,NA,NA,NA,NA,NA,NA,NA,NA,
SRC-RAW-09CC07AB1163C70FFAC1,SRC-RAW-09CC07AB1163C70FFAC1,POWER,expert_scope,5,PM10,reported_total,expert_led_workbook,0.0116655,0.0116655,NA,NA,NA,NA,NA,NA,NA,NA,NA,
SRC-RAW-09CC07AB1163C70FFAC1,SRC-RAW-09CC07AB1163C70FFAC1,POWER,expert_scope,5,PM2.5,reported_total,expert_led_workbook,0.0,0.0,NA,NA,NA,NA,NA,NA,NA,NA,NA,
SRC-RAW-09CC07AB1163C70FFAC1,SRC-RAW-09CC07AB1163C70FFAC1,POWER,expert_scope,5,BC,reported_total,expert_led_workbook,0.0,0.0,NA,NA,NA,NA,NA,NA,NA,NA,NA,
SRC-RAW-09CC07AB1163C70FFAC1,SRC-RAW-09CC07AB1163C70FFAC1,POWER,expert_scope,5,OC,reported_total,expert_led_workbook,0.007776999999999999,0.007776999999999999,NA,NA,NA,NA,NA,NA,NA,NA,NA,
SRC-RAW-09CC07AB1163C70FFAC1,SRC-RAW-09CC07AB1163C70FFAC1,POWER,expert_scope,5,NH3,reported_total,expert_led_workbook,0.0,0.0,NA,NA,NA,NA,NA,NA,NA,NA,NA,
SRC-RAW-934C722DA5B37B8C1AE7,SRC-RAW-934C722DA5B37B8C1AE7,POWER,expert_scope,6,SO2,reported_total,expert_led_workbook,1.82076,1.82076,NA,NA,NA,NA,NA,NA,NA,NA,NA,
SRC-RAW-934C722DA5B37B8C1AE7,SRC-RAW-934C722DA5B37B8C1AE7,POWER,expert_scope,6,NOx,reported_total,expert_led_workbook,6.145065000000001,3.5641377000000007,NA,NA,NA,NA,NA,NA,NA,NA,NA,
SRC-RAW-934C722DA5B37B8C1AE7,SRC-RAW-934C722DA5B37B8C1AE7,POWER,expert_scope,6,CO,reported_total,expert_led_workbook,5.917470000000001,5.917470000000001,NA,NA,NA,NA,NA,NA,NA,NA,NA,
SRC-RAW-934C722DA5B37B8C1AE7,SRC-RAW-934C722DA5B37B8C1AE7,POWER,expert_scope,6,VOC,reported_total,expert_led_workbook,0.136557,0.136557,NA,NA,NA,NA,NA,NA,NA,NA,NA,
SRC-RAW-934C722DA5B37B8C1AE7,SRC-RAW-934C722DA5B37B8C1AE7,POWER,expert_scope,6,PM10,reported_total,expert_led_workbook,0.136557,0.136557,NA,NA,NA,NA,NA,NA,NA,NA,NA,
SRC-RAW-934C722DA5B37B8C1AE7,SRC-RAW-934C722DA5B37B8C1AE7,POWER,expert_scope,6,PM2.5,reported_total,expert_led_workbook,0.0,0.0,NA,NA,NA,NA,NA,NA,NA,NA,NA,
SRC-RAW-934C722DA5B37B8C1AE7,SRC-RAW-934C722DA5B37B8C1AE7,POWER,expert_scope,6,BC,reported_total,expert_led_workbook,0.0,0.0,NA,NA,NA,NA,NA,NA,NA,NA,NA,
SRC-RAW-934C722DA5B37B8C1AE7,SRC-RAW-934C722DA5B37B8C1AE7,POWER,expert_scope,6,OC,reported_total,expert_led_workbook,0.091038,0.091038,NA,NA,NA,NA,NA,NA,NA,NA,NA,
SRC-RAW-934C722DA5B37B8C1AE7,SRC-RAW-934C722DA5B37B8C1AE7,POWER,expert_scope,6,NH3,reported_total,expert_led_workbook,0.0,0.0,NA,NA,NA,NA,NA,NA,NA,NA,NA,
SRC-RAW-1AB2981F39D95390A9AA,SRC-RAW-1AB2981F39D95390A9AA,POWER,expert_scope,7,SO2,reported_total,expert_led_workbook,1.21872,1.21872,NA,NA,NA,NA,NA,NA,NA,NA,NA,
SRC-RAW-1AB2981F39D95390A9AA,SRC-RAW-1AB2981F39D95390A9AA,POWER,expert_scope,7,NOx,reported_total,expert_led_workbook,4.113180000000001,2.3856444000000008,NA,NA,NA,NA,NA,NA,NA,NA,NA,
SRC-RAW-1AB2981F39D95390A9AA,SRC-RAW-1AB2981F39D95390A9AA,POWER,expert_scope,7,CO,reported_total,expert_led_workbook,3.96084,3.96084,NA,NA,NA,NA,NA,NA,NA,NA,NA,
SRC-RAW-1AB2981F39D95390A9AA,SRC-RAW-1AB2981F39D95390A9AA,POWER,expert_scope,7,VOC,reported_total,expert_led_workbook,0.091404,0.091404,NA,NA,NA,NA,NA,NA,NA,NA,NA,
SRC-RAW-1AB2981F39D95390A9AA,SRC-RAW-1AB2981F39D95390A9AA,POWER,expert_scope,7,PM10,reported_total,expert_led_workbook,0.091404,0.091404,NA,NA,NA,NA,NA,NA,NA,NA,NA,
SRC-RAW-1AB2981F39D95390A9AA,SRC-RAW-1AB2981F39D95390A9AA,POWER,expert_scope,7,PM2.5,reported_total,expert_led_workbook,0.0,0.0,NA,NA,NA,NA,NA,NA,NA,NA,NA,
SRC-RAW-1AB2981F39D95390A9AA,SRC-RAW-1AB2981F39D95390A9AA,POWER,expert_scope,7,BC,reported_total,expert_led_workbook,0.0,0.0,NA,NA,NA,NA,NA,NA,NA,NA,NA,
SRC-RAW-1AB2981F39D95390A9AA,SRC-RAW-1AB2981F39D95390A9AA,POWER,expert_scope,7,OC,reported_total,expert_led_workbook,0.060936,0.060936,NA,NA,NA,NA,NA,NA,NA,NA,NA,
SRC-RAW-1AB2981F39D95390A9AA,SRC-RAW-1AB2981F39D95390A9AA,POWER,expert_scope,7,NH3,reported_total,expert_led_workbook,0.0,0.0,NA,NA,NA,NA,NA,NA,NA,NA,NA,
SRC-RAW-7DB401C6AD1D015503BE,SRC-RAW-7DB401C6AD1D015503BE,POWER,expert_scope,8,SO2,reported_total,expert_led_workbook,1.8342,1.8342,NA,NA,NA,NA,NA,NA,NA,NA,NA,
SRC-RAW-7DB401C6AD1D015503BE,SRC-RAW-7DB401C6AD1D015503BE,POWER,expert_scope,8,NOx,reported_total,expert_led_workbook,6.190425,3.5904465000000005,NA,NA,NA,NA,NA,NA,NA,NA,NA,
SRC-RAW-7DB401C6AD1D015503BE,SRC-RAW-7DB401C6AD1D015503BE,POWER,expert_scope,8,CO,reported_total,expert_led_workbook,5.96115,5.96115,NA,NA,NA,NA,NA,NA,NA,NA,NA,
SRC-RAW-7DB401C6AD1D015503BE,SRC-RAW-7DB401C6AD1D015503BE,POWER,expert_scope,8,VOC,reported_total,expert_led_workbook,0.137565,0.137565,NA,NA,NA,NA,NA,NA,NA,NA,NA,
SRC-RAW-7DB401C6AD1D015503BE,SRC-RAW-7DB401C6AD1D015503BE,POWER,expert_scope,8,PM10,reported_total,expert_led_workbook,0.137565,0.137565,NA,NA,NA,NA,NA,NA,NA,NA,NA,
SRC-RAW-7DB401C6AD1D015503BE,SRC-RAW-7DB401C6AD1D015503BE,POWER,expert_scope,8,PM2.5,reported_total,expert_led_workbook,0.0,0.0,NA,NA,NA,NA,NA,NA,NA,NA,NA,
SRC-RAW-7DB401C6AD1D015503BE,SRC-RAW-7DB401C6AD1D015503BE,POWER,expert_scope,8,BC,reported_total,expert_led_workbook,0.0,0.0,NA,NA,NA,NA,NA,NA,NA,NA,NA,
SRC-RAW-7DB401C6AD1D015503BE,SRC-RAW-7DB401C6AD1D015503BE,POWER,expert_scope,8,OC,reported_total,expert_led_workbook,0.09171000000000001,0.09171000000000001,NA,NA,NA,NA,NA,NA,NA,NA,NA,
SRC-RAW-7DB401C6AD1D015503BE,SRC-RAW-7DB401C6AD1D015503BE,POWER,expert_scope,8,NH3,reported_total,expert_led_workbook,0.0,0.0,NA,NA,NA,NA,NA,NA,NA,NA,NA,
SRC-RAW-DEDC06563A4709A8CA20,SRC-RAW-DEDC06563A4709A8CA20,POWER,expert_scope,9,SO2,reported_total,expert_led_workbook,1.85,1.85,NA,NA,NA,NA,NA,NA,NA,NA,NA,
SRC-RAW-DEDC06563A4709A8CA20,SRC-RAW-DEDC06563A4709A8CA20,POWER,expert_scope,9,NOx,reported_total,expert_led_workbook,6.24375,3.6213750000000005,NA,NA,NA,NA,NA,NA,NA,NA,NA,
SRC-RAW-DEDC06563A4709A8CA20,SRC-RAW-DEDC06563A4709A8CA20,POWER,expert_scope,9,CO,reported_total,expert_led_workbook,6.0125,6.0125,NA,NA,NA,NA,NA,NA,NA,NA,NA,
SRC-RAW-DEDC06563A4709A8CA20,SRC-RAW-DEDC06563A4709A8CA20,POWER,expert_scope,9,VOC,reported_total,expert_led_workbook,0.13875,0.13875,NA,NA,NA,NA,NA,NA,NA,NA,NA,
SRC-RAW-DEDC06563A4709A8CA20,SRC-RAW-DEDC06563A4709A8CA20,POWER,expert_scope,9,PM10,reported_total,expert_led_workbook,0.13875,0.13875,NA,NA,NA,NA,NA,NA,NA,NA,NA,
SRC-RAW-DEDC06563A4709A8CA20,SRC-RAW-DEDC06563A4709A8CA20,POWER,expert_scope,9,PM2.5,reported_total,expert_led_workbook,0.0,0.0,NA,NA,NA,NA,NA,NA,NA,NA,NA,
SRC-RAW-DEDC06563A4709A8CA20,SRC-RAW-DEDC06563A4709A8CA20,POWER,expert_scope,9,BC,reported_total,expert_led_workbook,0.0,0.0,NA,NA,NA,NA,NA,NA,NA,NA,NA,
SRC-RAW-DEDC06563A4709A8CA20,SRC-RAW-DEDC06563A4709A8CA20,POWER,expert_scope,9,OC,reported_total,expert_led_workbook,0.0925,0.0925,NA,NA,NA,NA,NA,NA,NA,NA,NA,
SRC-RAW-DEDC06563A4709A8CA20,SRC-RAW-DEDC06563A4709A8CA20,POWER,expert_scope,9,NH3,reported_total,expert_led_workbook,0.0,0.0,NA,NA,NA,NA,NA,NA,NA,NA,NA,
SRC-RAW-63797BBB1AC088E3D3DC,SRC-RAW-63797BBB1AC088E3D3DC,POWER,expert_scope,10,SO2,reported_total,expert_led_workbook,1.69816,1.69816,NA,NA,NA,NA,NA,NA,NA,NA,NA,
SRC-RAW-63797BBB1AC088E3D3DC,SRC-RAW-63797BBB1AC088E3D3DC,POWER,expert_scope,10,NOx,reported_total,expert_led_workbook,5.73129,3.3241482000000007,NA,NA,NA,NA,NA,NA,NA,NA,NA,
SRC-RAW-63797BBB1AC088E3D3DC,SRC-RAW-63797BBB1AC088E3D3DC,POWER,expert_scope,10,CO,reported_total,expert_led_workbook,5.51902,5.51902,NA,NA,NA,NA,NA,NA,NA,NA,NA,
SRC-RAW-63797BBB1AC088E3D3DC,SRC-RAW-63797BBB1AC088E3D3DC,POWER,expert_scope,10,VOC,reported_total,expert_led_workbook,0.127362,0.127362,NA,NA,NA,NA,NA,NA,NA,NA,NA,
SRC-RAW-63797BBB1AC088E3D3DC,SRC-RAW-63797BBB1AC088E3D3DC,POWER,expert_scope,10,PM10,reported_total,expert_led_workbook,0.127362,0.127362,NA,NA,NA,NA,NA,NA,NA,NA,NA,
SRC-RAW-63797BBB1AC088E3D3DC,SRC-RAW-63797BBB1AC088E3D3DC,POWER,expert_scope,10,PM2.5,reported_total,expert_led_workbook,0.0,0.0,NA,NA,NA,NA,NA,NA,NA,NA,NA,
SRC-RAW-63797BBB1AC088E3D3DC,SRC-RAW-63797BBB1AC088E3D3DC,POWER,expert_scope,10,BC,reported_total,expert_led_workbook,0.0,0.0,NA,NA,NA,NA,NA,NA,NA,NA,NA,
SRC-RAW-63797BBB1AC088E3D3DC,SRC-RAW-63797BBB1AC088E3D3DC,POWER,expert_scope,10,OC,reported_total,expert_led_workbook,0.084908,0.084908,NA,NA,NA,NA,NA,NA,NA,NA,NA,
SRC-RAW-63797BBB1AC088E3D3DC,SRC-RAW-63797BBB1AC088E3D3DC,POWER,expert_scope,10,NH3,reported_total,expert_led_workbook,0.0,0.0,NA,NA,NA,NA,NA,NA,NA,NA,NA,
SRC-RAW-3408C0B209FC6941D368,SRC-RAW-3408C0B209FC6941D368,POWER,expert_scope,11,SO2,reported_total,expert_led_workbook,1.80908,1.80908,NA,NA,NA,NA,NA,NA,NA,NA,NA,
SRC-RAW-3408C0B209FC6941D368,SRC-RAW-3408C0B209FC6941D368,POWER,expert_scope,11,NOx,reported_total,expert_led_workbook,6.105645000000001,3.5412741000000008,NA,NA,NA,NA,NA,NA,NA,NA,NA,
SRC-RAW-3408C0B209FC6941D368,SRC-RAW-3408C0B209FC6941D368,POWER,expert_scope,11,CO,reported_total,expert_led_workbook,5.87951,5.87951,NA,NA,NA,NA,NA,NA,NA,NA,NA,
SRC-RAW-3408C0B209FC6941D368,SRC-RAW-3408C0B209FC6941D368,POWER,expert_scope,11,VOC,reported_total,expert_led_workbook,0.135681,0.135681,NA,NA,NA,NA,NA,NA,NA,NA,NA,
SRC-RAW-3408C0B209FC6941D368,SRC-RAW-3408C0B209FC6941D368,POWER,expert_scope,11,PM10,reported_total,expert_led_workbook,0.135681,0.135681,NA,NA,NA,NA,NA,NA,NA,NA,NA,
SRC-RAW-3408C0B209FC6941D368,SRC-RAW-3408C0B209FC6941D368,POWER,expert_scope,11,PM2.5,reported_total,expert_led_workbook,0.0,0.0,NA,NA,NA,NA,NA,NA,NA,NA,NA,
SRC-RAW-3408C0B209FC6941D368,SRC-RAW-3408C0B209FC6941D368,POWER,expert_scope,11,BC,reported_total,expert_led_workbook,0.0,0.0,NA,NA,NA,NA,NA,NA,NA,NA,NA,
SRC-RAW-3408C0B209FC6941D368,SRC-RAW-3408C0B209FC6941D368,POWER,expert_scope,11,OC,reported_total,expert_led_workbook,0.09045399999999998,0.09045399999999998,NA,NA,NA,NA,NA,NA,NA,NA,NA,
SRC-RAW-3408C0B209FC6941D368,SRC-RAW-3408C0B209FC6941D368,POWER,expert_scope,11,NH3,reported_total,expert_led_workbook,0.0,0.0,NA,NA,NA,NA,NA,NA,NA,NA,NA,
SRC-RAW-69A60B9C430B940055AD,SRC-RAW-69A60B9C430B940055AD,POWER,expert_scope,12,SO2,reported_total,expert_led_workbook,1.80672,1.80672,NA,NA,NA,NA,NA,NA,NA,NA,NA,
SRC-RAW-69A60B9C430B940055AD,SRC-RAW-69A60B9C430B940055AD,POWER,expert_scope,12,NOx,reported_total,expert_led_workbook,6.09768,6.09768,NA,NA,NA,NA,NA,NA,NA,NA,NA,
SRC-RAW-69A60B9C430B940055AD,SRC-RAW-69A60B9C430B940055AD,POWER,expert_scope,12,CO,reported_total,expert_led_workbook,5.871840000000001,5.871840000000001,NA,NA,NA,NA,NA,NA,NA,NA,NA,
SRC-RAW-69A60B9C430B940055AD,SRC-RAW-69A60B9C430B940055AD,POWER,expert_scope,12,VOC,reported_total,expert_led_workbook,0.135504,0.135504,NA,NA,NA,NA,NA,NA,NA,NA,NA,
SRC-RAW-69A60B9C430B940055AD,SRC-RAW-69A60B9C430B940055AD,POWER,expert_scope,12,PM10,reported_total,expert_led_workbook,0.135504,0.135504,NA,NA,NA,NA,NA,NA,NA,NA,NA,
SRC-RAW-69A60B9C430B940055AD,SRC-RAW-69A60B9C430B940055AD,POWER,expert_scope,12,PM2.5,reported_total,expert_led_workbook,0.0,0.0,NA,NA,NA,NA,NA,NA,NA,NA,NA,
SRC-RAW-69A60B9C430B940055AD,SRC-RAW-69A60B9C430B940055AD,POWER,expert_scope,12,BC,reported_total,expert_led_workbook,0.0,0.0,NA,NA,NA,NA,NA,NA,NA,NA,NA,
SRC-RAW-69A60B9C430B940055AD,SRC-RAW-69A60B9C430B940055AD,POWER,expert_scope,12,OC,reported_total,expert_led_workbook,0.090336,0.090336,NA,NA,NA,NA,NA,NA,NA,NA,NA,
SRC-RAW-69A60B9C430B940055AD,SRC-RAW-69A60B9C430B940055AD,POWER,expert_scope,12,NH3,reported_total,expert_led_workbook,0.0,0.0,NA,NA,NA,NA,NA,NA,NA,NA,NA,
SRC-RAW-B6C50298B42EDC1FE56E,SRC-RAW-B6C50298B42EDC1FE56E,POWER,expert_scope,13,SO2,reported_total,expert_led_workbook,2.68984,2.68984,NA,NA,NA,NA,NA,NA,NA,NA,NA,
SRC-RAW-B6C50298B42EDC1FE56E,SRC-RAW-B6C50298B42EDC1FE56E,POWER,expert_scope,13,NOx,reported_total,expert_led_workbook,9.078210000000002,5.265361800000002,NA,NA,NA,NA,NA,NA,NA,NA,NA,
SRC-RAW-B6C50298B42EDC1FE56E,SRC-RAW-B6C50298B42EDC1FE56E,POWER,expert_scope,13,CO,reported_total,expert_led_workbook,8.74198,8.74198,NA,NA,NA,NA,NA,NA,NA,NA,NA,
SRC-RAW-B6C50298B42EDC1FE56E,SRC-RAW-B6C50298B42EDC1FE56E,POWER,expert_scope,13,VOC,reported_total,expert_led_workbook,0.201738,0.201738,NA,NA,NA,NA,NA,NA,NA,NA,NA,
SRC-RAW-B6C50298B42EDC1FE56E,SRC-RAW-B6C50298B42EDC1FE56E,POWER,expert_scope,13,PM10,reported_total,expert_led_workbook,0.201738,0.201738,NA,NA,NA,NA,NA,NA,NA,NA,NA,
SRC-RAW-B6C50298B42EDC1FE56E,SRC-RAW-B6C50298B42EDC1FE56E,POWER,expert_scope,13,PM2.5,reported_total,expert_led_workbook,0.0,0.0,NA,NA,NA,NA,NA,NA,NA,NA,NA,
SRC-RAW-B6C50298B42EDC1FE56E,SRC-RAW-B6C50298B42EDC1FE56E,POWER,expert_scope,13,BC,reported_total,expert_led_workbook,0.0,0.0,NA,NA,NA,NA,NA,NA,NA,NA,NA,
SRC-RAW-B6C50298B42EDC1FE56E,SRC-RAW-B6C50298B42EDC1FE56E,POWER,expert_scope,13,OC,reported_total,expert_led_workbook,0.134492,0.134492,NA,NA,NA,NA,NA,NA,NA,NA,NA,
SRC-RAW-B6C50298B42EDC1FE56E,SRC-RAW-B6C50298B42EDC1FE56E,POWER,expert_scope,13,NH3,reported_total,expert_led_workbook,0.0,0.0,NA,NA,NA,NA,NA,NA,NA,NA,NA,
SRC-RAW-698D09EA3B5F450A33A3,SRC-RAW-698D09EA3B5F450A33A3,POWER,expert_scope,14,SO2,reported_total,expert_led_workbook,0.03,0.03,NA,NA,NA,NA,NA,NA,NA,NA,NA,
SRC-RAW-698D09EA3B5F450A33A3,SRC-RAW-698D09EA3B5F450A33A3,POWER,expert_scope,14,NOx,reported_total,expert_led_workbook,41.0,5.125,NA,NA,NA,NA,NA,NA,NA,NA,NA,
SRC-RAW-698D09EA3B5F450A33A3,SRC-RAW-698D09EA3B5F450A33A3,POWER,expert_scope,14,CO,reported_total,expert_led_workbook,13.0,13.0,NA,NA,NA,NA,NA,NA,NA,NA,NA,
SRC-RAW-698D09EA3B5F450A33A3,SRC-RAW-698D09EA3B5F450A33A3,POWER,expert_scope,14,VOC,reported_total,expert_led_workbook,0.3,0.3,NA,NA,NA,NA,NA,NA,NA,NA,NA,
SRC-RAW-698D09EA3B5F450A33A3,SRC-RAW-698D09EA3B5F450A33A3,POWER,expert_scope,14,PM10,reported_total,expert_led_workbook,0.3,0.3,NA,NA,NA,NA,NA,NA,NA,NA,NA,
SRC-RAW-698D09EA3B5F450A33A3,SRC-RAW-698D09EA3B5F450A33A3,POWER,expert_scope,14,PM2.5,reported_total,expert_led_workbook,0.0,0.0,NA,NA,NA,NA,NA,NA,NA,NA,NA,
SRC-RAW-698D09EA3B5F450A33A3,SRC-RAW-698D09EA3B5F450A33A3,POWER,expert_scope,14,BC,reported_total,expert_led_workbook,0.0,0.0,NA,NA,NA,NA,NA,NA,NA,NA,NA,
SRC-RAW-698D09EA3B5F450A33A3,SRC-RAW-698D09EA3B5F450A33A3,POWER,expert_scope,14,OC,reported_total,expert_led_workbook,0.2,0.2,NA,NA,NA,NA,NA,NA,NA,NA,NA,
SRC-RAW-698D09EA3B5F450A33A3,SRC-RAW-698D09EA3B5F450A33A3,POWER,expert_scope,14,NH3,reported_total,expert_led_workbook,0.0,0.0,NA,NA,NA,NA,NA,NA,NA,NA,NA,
SRC-RAW-57B52A7DA5E3A5C54060,SRC-RAW-57B52A7DA5E3A5C54060,POWER,expert_scope,15,SO2,reported_total,expert_led_workbook,0.03,0.03,NA,NA,NA,NA,NA,NA,NA,NA,NA,
SRC-RAW-57B52A7DA5E3A5C54060,SRC-RAW-57B52A7DA5E3A5C54060,POWER,expert_scope,15,NOx,reported_total,expert_led_workbook,41.0,5.125,NA,NA,NA,NA,NA,NA,NA,NA,NA,
SRC-RAW-57B52A7DA5E3A5C54060,SRC-RAW-57B52A7DA5E3A5C54060,POWER,expert_scope,15,CO,reported_total,expert_led_workbook,13.0,13.0,NA,NA,NA,NA,NA,NA,NA,NA,NA,
SRC-RAW-57B52A7DA5E3A5C54060,SRC-RAW-57B52A7DA5E3A5C54060,POWER,expert_scope,15,VOC,reported_total,expert_led_workbook,0.3,0.3,NA,NA,NA,NA,NA,NA,NA,NA,NA,
SRC-RAW-57B52A7DA5E3A5C54060,SRC-RAW-57B52A7DA5E3A5C54060,POWER,expert_scope,15,PM10,reported_total,expert_led_workbook,0.3,0.3,NA,NA,NA,NA,NA,NA,NA,NA,NA,
SRC-RAW-57B52A7DA5E3A5C54060,SRC-RAW-57B52A7DA5E3A5C54060,POWER,expert_scope,15,PM2.5,reported_total,expert_led_workbook,0.0,0.0,NA,NA,NA,NA,NA,NA,NA,NA,NA,
SRC-RAW-57B52A7DA5E3A5C54060,SRC-RAW-57B52A7DA5E3A5C54060,POWER,expert_scope,15,BC,reported_total,expert_led_workbook,0.0,0.0,NA,NA,NA,NA,NA,NA,NA,NA,NA,
SRC-RAW-57B52A7DA5E3A5C54060,SRC-RAW-57B52A7DA5E3A5C54060,POWER,expert_scope,15,OC,reported_total,expert_led_workbook,0.2,0.2,NA,NA,NA,NA,NA,NA,NA,NA,NA,
SRC-RAW-57B52A7DA5E3A5C54060,SRC-RAW-57B52A7DA5E3A5C54060,POWER,expert_scope,15,NH3,reported_total,expert_led_workbook,0.0,0.0,NA,NA,NA,NA,NA,NA,NA,NA,NA,
SRC-RAW-683EFB2F598CB9C866AB,SRC-RAW-683EFB2F598CB9C866AB,POWER,expert_scope,16,SO2,reported_total,expert_led_workbook,0.03,0.03,NA,NA,NA,NA,NA,NA,NA,NA,NA,
SRC-RAW-683EFB2F598CB9C866AB,SRC-RAW-683EFB2F598CB9C866AB,POWER,expert_scope,16,NOx,reported_total,expert_led_workbook,41.0,5.125,NA,NA,NA,NA,NA,NA,NA,NA,NA,
SRC-RAW-683EFB2F598CB9C866AB,SRC-RAW-683EFB2F598CB9C866AB,POWER,expert_scope,16,CO,reported_total,expert_led_workbook,13.0,13.0,NA,NA,NA,NA,NA,NA,NA,NA,NA,
SRC-RAW-683EFB2F598CB9C866AB,SRC-RAW-683EFB2F598CB9C866AB,POWER,expert_scope,16,VOC,reported_total,expert_led_workbook,0.3,0.3,NA,NA,NA,NA,NA,NA,NA,NA,NA,
SRC-RAW-683EFB2F598CB9C866AB,SRC-RAW-683EFB2F598CB9C866AB,POWER,expert_scope,16,PM10,reported_total,expert_led_workbook,0.3,0.3,NA,NA,NA,NA,NA,NA,NA,NA,NA,
SRC-RAW-683EFB2F598CB9C866AB,SRC-RAW-683EFB2F598CB9C866AB,POWER,expert_scope,16,PM2.5,reported_total,expert_led_workbook,0.0,0.0,NA,NA,NA,NA,NA,NA,NA,NA,NA,
SRC-RAW-683EFB2F598CB9C866AB,SRC-RAW-683EFB2F598CB9C866AB,POWER,expert_scope,16,BC,reported_total,expert_led_workbook,0.0,0.0,NA,NA,NA,NA,NA,NA,NA,NA,NA,
SRC-RAW-683EFB2F598CB9C866AB,SRC-RAW-683EFB2F598CB9C866AB,POWER,expert_scope,16,OC,reported_total,expert_led_workbook,0.2,0.2,NA,NA,NA,NA,NA,NA,NA,NA,NA,
SRC-RAW-683EFB2F598CB9C866AB,SRC-RAW-683EFB2F598CB9C866AB,POWER,expert_scope,16,NH3,reported_total,expert_led_workbook,0.0,0.0,NA,NA,NA,NA,NA,NA,NA,NA,NA,
SRC-RAW-F3485BD6D320C2A09BE6,SRC-RAW-F3485BD6D320C2A09BE6,POWER,expert_scope,17,SO2,reported_total,expert_led_workbook,0.03,0.03,NA,NA,NA,NA,NA,NA,NA,NA,NA,
SRC-RAW-F3485BD6D320C2A09BE6,SRC-RAW-F3485BD6D320C2A09BE6,POWER,expert_scope,17,NOx,reported_total,expert_led_workbook,41.0,5.125,NA,NA,NA,NA,NA,NA,NA,NA,NA,
SRC-RAW-F3485BD6D320C2A09BE6,SRC-RAW-F3485BD6D320C2A09BE6,POWER,expert_scope,17,CO,reported_total,expert_led_workbook,13.0,13.0,NA,NA,NA,NA,NA,NA,NA,NA,NA,
SRC-RAW-F3485BD6D320C2A09BE6,SRC-RAW-F3485BD6D320C2A09BE6,POWER,expert_scope,17,VOC,reported_total,expert_led_workbook,0.3,0.3,NA,NA,NA,NA,NA,NA,NA,NA,NA,
SRC-RAW-F3485BD6D320C2A09BE6,SRC-RAW-F3485BD6D320C2A09BE6,POWER,expert_scope,17,PM10,reported_total,expert_led_workbook,0.3,0.3,NA,NA,NA,NA,NA,NA,NA,NA,NA,
SRC-RAW-F3485BD6D320C2A09BE6,SRC-RAW-F3485BD6D320C2A09BE6,POWER,expert_scope,17,PM2.5,reported_total,expert_led_workbook,0.0,0.0,NA,NA,NA,NA,NA,NA,NA,NA,NA,
SRC-RAW-F3485BD6D320C2A09BE6,SRC-RAW-F3485BD6D320C2A09BE6,POWER,expert_scope,17,BC,reported_total,expert_led_workbook,0.0,0.0,NA,NA,NA,NA,NA,NA,NA,NA,NA,
SRC-RAW-F3485BD6D320C2A09BE6,SRC-RAW-F3485BD6D320C2A09BE6,POWER,expert_scope,17,OC,reported_total,expert_led_workbook,0.2,0.2,NA,NA,NA,NA,NA,NA,NA,NA,NA,
SRC-RAW-F3485BD6D320C2A09BE6,SRC-RAW-F3485BD6D320C2A09BE6,POWER,expert_scope,17,NH3,reported_total,expert_led_workbook,0.0,0.0,NA,NA,NA,NA,NA,NA,NA,NA,NA,
SRC-RAW-D982DD67754FC071CC1A,SRC-RAW-D982DD67754FC071CC1A,POWER,expert_scope,18,SO2,reported_total,expert_led_workbook,0.03,0.03,NA,NA,NA,NA,NA,NA,NA,NA,NA,
SRC-RAW-D982DD67754FC071CC1A,SRC-RAW-D982DD67754FC071CC1A,POWER,expert_scope,18,NOx,reported_total,expert_led_workbook,41.0,5.125,NA,NA,NA,NA,NA,NA,NA,NA,NA,
SRC-RAW-D982DD67754FC071CC1A,SRC-RAW-D982DD67754FC071CC1A,POWER,expert_scope,18,CO,reported_total,expert_led_workbook,13.0,13.0,NA,NA,NA,NA,NA,NA,NA,NA,NA,
SRC-RAW-D982DD67754FC071CC1A,SRC-RAW-D982DD67754FC071CC1A,POWER,expert_scope,18,VOC,reported_total,expert_led_workbook,0.3,0.3,NA,NA,NA,NA,NA,NA,NA,NA,NA,
SRC-RAW-D982DD67754FC071CC1A,SRC-RAW-D982DD67754FC071CC1A,POWER,expert_scope,18,PM10,reported_total,expert_led_workbook,0.3,0.3,NA,NA,NA,NA,NA,NA,NA,NA,NA,
SRC-RAW-D982DD67754FC071CC1A,SRC-RAW-D982DD67754FC071CC1A,POWER,expert_scope,18,PM2.5,reported_total,expert_led_workbook,0.0,0.0,NA,NA,NA,NA,NA,NA,NA,NA,NA,
SRC-RAW-D982DD67754FC071CC1A,SRC-RAW-D982DD67754FC071CC1A,POWER,expert_scope,18,BC,reported_total,expert_led_workbook,0.0,0.0,NA,NA,NA,NA,NA,NA,NA,NA,NA,
SRC-RAW-D982DD67754FC071CC1A,SRC-RAW-D982DD67754FC071CC1A,POWER,expert_scope,18,OC,reported_total,expert_led_workbook,0.2,0.2,NA,NA,NA,NA,NA,NA,NA,NA,NA,
SRC-RAW-D982DD67754FC071CC1A,SRC-RAW-D982DD67754FC071CC1A,POWER,expert_scope,18,NH3,reported_total,expert_led_workbook,0.0,0.0,NA,NA,NA,NA,NA,NA,NA,NA,NA,
SRC-RAW-671678E0A96BE0890CC6,SRC-RAW-671678E0A96BE0890CC6,POWER,expert_scope,19,SO2,reported_total,expert_led_workbook,0.03,0.03,NA,NA,NA,NA,NA,NA,NA,NA,NA,
SRC-RAW-671678E0A96BE0890CC6,SRC-RAW-671678E0A96BE0890CC6,POWER,expert_scope,19,NOx,reported_total,expert_led_workbook,41.0,5.125,NA,NA,NA,NA,NA,NA,NA,NA,NA,
SRC-RAW-671678E0A96BE0890CC6,SRC-RAW-671678E0A96BE0890CC6,POWER,expert_scope,19,CO,reported_total,expert_led_workbook,13.0,13.0,NA,NA,NA,NA,NA,NA,NA,NA,NA,
SRC-RAW-671678E0A96BE0890CC6,SRC-RAW-671678E0A96BE0890CC6,POWER,expert_scope,19,VOC,reported_total,expert_led_workbook,0.3,0.3,NA,NA,NA,NA,NA,NA,NA,NA,NA,
SRC-RAW-671678E0A96BE0890CC6,SRC-RAW-671678E0A96BE0890CC6,POWER,expert_scope,19,PM10,reported_total,expert_led_workbook,0.3,0.3,NA,NA,NA,NA,NA,NA,NA,NA,NA,
SRC-RAW-671678E0A96BE0890CC6,SRC-RAW-671678E0A96BE0890CC6,POWER,expert_scope,19,PM2.5,reported_total,expert_led_workbook,0.0,0.0,NA,NA,NA,NA,NA,NA,NA,NA,NA,
SRC-RAW-671678E0A96BE0890CC6,SRC-RAW-671678E0A96BE0890CC6,POWER,expert_scope,19,BC,reported_total,expert_led_workbook,0.0,0.0,NA,NA,NA,NA,NA,NA,NA,NA,NA,
SRC-RAW-671678E0A96BE0890CC6,SRC-RAW-671678E0A96BE0890CC6,POWER,expert_scope,19,OC,reported_total,expert_led_workbook,0.2,0.2,NA,NA,NA,NA,NA,NA,NA,NA,NA,
SRC-RAW-671678E0A96BE0890CC6,SRC-RAW-671678E0A96BE0890CC6,POWER,expert_scope,19,NH3,reported_total,expert_led_workbook,0.0,0.0,NA,NA,NA,NA,NA,NA,NA,NA,NA,
SRC-RAW-565B6B41BC908B0B7EDC,SRC-RAW-565B6B41BC908B0B7EDC,POWER,expert_scope,20,SO2,reported_total,expert_led_workbook,0.175258656,0.175258656,NA,NA,NA,NA,NA,NA,NA,NA,NA,
SRC-RAW-565B6B41BC908B0B7EDC,SRC-RAW-565B6B41BC908B0B7EDC,POWER,expert_scope,20,NOx,reported_total,expert_led_workbook,898.2006119999998,314.3702141999999,NA,NA,NA,NA,NA,NA,NA,NA,NA,
SRC-RAW-565B6B41BC908B0B7EDC,SRC-RAW-565B6B41BC908B0B7EDC,POWER,expert_scope,20,CO,reported_total,expert_led_workbook,284.795316,284.795316,NA,NA,NA,NA,NA,NA,NA,NA,NA,
SRC-RAW-565B6B41BC908B0B7EDC,SRC-RAW-565B6B41BC908B0B7EDC,POWER,expert_scope,20,VOC,reported_total,expert_led_workbook,6.5721995999999985,6.5721995999999985,NA,NA,NA,NA,NA,NA,NA,NA,NA,
SRC-RAW-565B6B41BC908B0B7EDC,SRC-RAW-565B6B41BC908B0B7EDC,POWER,expert_scope,20,PM10,reported_total,expert_led_workbook,6.5721995999999985,6.5721995999999985,NA,NA,NA,NA,NA,NA,NA,NA,NA,
SRC-RAW-565B6B41BC908B0B7EDC,SRC-RAW-565B6B41BC908B0B7EDC,POWER,expert_scope,20,PM2.5,reported_total,expert_led_workbook,0.0,0.0,NA,NA,NA,NA,NA,NA,NA,NA,NA,
SRC-RAW-565B6B41BC908B0B7EDC,SRC-RAW-565B6B41BC908B0B7EDC,POWER,expert_scope,20,BC,reported_total,expert_led_workbook,0.0,0.0,NA,NA,NA,NA,NA,NA,NA,NA,NA,
SRC-RAW-565B6B41BC908B0B7EDC,SRC-RAW-565B6B41BC908B0B7EDC,POWER,expert_scope,20,OC,reported_total,expert_led_workbook,4.381466400000001,4.381466400000001,NA,NA,NA,NA,NA,NA,NA,NA,NA,
SRC-RAW-565B6B41BC908B0B7EDC,SRC-RAW-565B6B41BC908B0B7EDC,POWER,expert_scope,20,NH3,reported_total,expert_led_workbook,0.0,0.0,NA,NA,NA,NA,NA,NA,NA,NA,NA,
SRC-RAW-AF8FE584303AB198DDED,SRC-RAW-AF8FE584303AB198DDED,POWER,expert_scope,21,SO2,reported_total,expert_led_workbook,0.124633904,0.124633904,NA,NA,NA,NA,NA,NA,NA,NA,NA,
SRC-RAW-AF8FE584303AB198DDED,SRC-RAW-AF8FE584303AB198DDED,POWER,expert_scope,21,NOx,reported_total,expert_led_workbook,638.748758,223.56206529999997,NA,NA,NA,NA,NA,NA,NA,NA,NA,
SRC-RAW-AF8FE584303AB198DDED,SRC-RAW-AF8FE584303AB198DDED,POWER,expert_scope,21,CO,reported_total,expert_led_workbook,202.530094,202.530094,NA,NA,NA,NA,NA,NA,NA,NA,NA,
SRC-RAW-AF8FE584303AB198DDED,SRC-RAW-AF8FE584303AB198DDED,POWER,expert_scope,21,VOC,reported_total,expert_led_workbook,4.6737714,4.6737714,NA,NA,NA,NA,NA,NA,NA,NA,NA,
SRC-RAW-AF8FE584303AB198DDED,SRC-RAW-AF8FE584303AB198DDED,POWER,expert_scope,21,PM10,reported_total,expert_led_workbook,4.6737714,4.6737714,NA,NA,NA,NA,NA,NA,NA,NA,NA,
SRC-RAW-AF8FE584303AB198DDED,SRC-RAW-AF8FE584303AB198DDED,POWER,expert_scope,21,PM2.5,reported_total,expert_led_workbook,0.0,0.0,NA,NA,NA,NA,NA,NA,NA,NA,NA,
SRC-RAW-AF8FE584303AB198DDED,SRC-RAW-AF8FE584303AB198DDED,POWER,expert_scope,21,BC,reported_total,expert_led_workbook,0.0,0.0,NA,NA,NA,NA,NA,NA,NA,NA,NA,
SRC-RAW-AF8FE584303AB198DDED,SRC-RAW-AF8FE584303AB198DDED,POWER,expert_scope,21,OC,reported_total,expert_led_workbook,3.1158476,3.1158476,NA,NA,NA,NA,NA,NA,NA,NA,NA,
SRC-RAW-AF8FE584303AB198DDED,SRC-RAW-AF8FE584303AB198DDED,POWER,expert_scope,21,NH3,reported_total,expert_led_workbook,0.0,0.0,NA,NA,NA,NA,NA,NA,NA,NA,NA,
SRC-RAW-B8510A104767F52727BA,SRC-RAW-B8510A104767F52727BA,POWER,expert_scope,22,SO2,reported_total,expert_led_workbook,7372.040650000001,65.61116178500015,NA,NA,NA,NA,NA,NA,NA,NA,NA,
SRC-RAW-B8510A104767F52727BA,SRC-RAW-B8510A104767F52727BA,POWER,expert_scope,22,NOx,reported_total,expert_led_workbook,5463.983069999999,819.5974605,NA,NA,NA,NA,NA,NA,NA,NA,NA,
SRC-RAW-B8510A104767F52727BA,SRC-RAW-B8510A104767F52727BA,POWER,expert_scope,22,CO,reported_total,expert_led_workbook,1334.306,1334.306,NA,NA,NA,NA,NA,NA,NA,NA,NA,
SRC-RAW-B8510A104767F52727BA,SRC-RAW-B8510A104767F52727BA,POWER,expert_scope,22,VOC,reported_total,expert_led_workbook,23971.974807750004,143.83184884649748,NA,NA,NA,NA,NA,NA,NA,NA,NA,
SRC-RAW-B8510A104767F52727BA,SRC-RAW-B8510A104767F52727BA,POWER,expert_scope,22,PM10,reported_total,expert_led_workbook,6253.5586455,106.3104969735001,NA,NA,NA,NA,NA,NA,NA,NA,NA,
SRC-RAW-B8510A104767F52727BA,SRC-RAW-B8510A104767F52727BA,POWER,expert_scope,22,PM2.5,reported_total,expert_led_workbook,12.507117291,0.21262099394700018,NA,NA,NA,NA,NA,NA,NA,NA,NA,
SRC-RAW-B8510A104767F52727BA,SRC-RAW-B8510A104767F52727BA,POWER,expert_scope,22,BC,reported_total,expert_led_workbook,0.0,0.0,NA,NA,NA,NA,NA,NA,NA,NA,NA,
SRC-RAW-B8510A104767F52727BA,SRC-RAW-B8510A104767F52727BA,POWER,expert_scope,22,OC,reported_total,expert_led_workbook,26.68612,26.68612,NA,NA,NA,NA,NA,NA,NA,NA,NA,
SRC-RAW-B8510A104767F52727BA,SRC-RAW-B8510A104767F52727BA,POWER,expert_scope,22,NH3,reported_total,expert_led_workbook,0.0,0.0,NA,NA,NA,NA,NA,NA,NA,NA,NA,
SRC-RAW-9AFF69BBAFECE52DAA67,SRC-RAW-9AFF69BBAFECE52DAA67,POWER,expert_scope,23,SO2,reported_total,expert_led_workbook,7278.557650000001,64.77916308500015,NA,NA,NA,NA,NA,NA,NA,NA,NA,
SRC-RAW-9AFF69BBAFECE52DAA67,SRC-RAW-9AFF69BBAFECE52DAA67,POWER,expert_scope,23,NOx,reported_total,expert_led_workbook,5394.69567,809.2043505000001,NA,NA,NA,NA,NA,NA,NA,NA,NA,
SRC-RAW-9AFF69BBAFECE52DAA67,SRC-RAW-9AFF69BBAFECE52DAA67,POWER,expert_scope,23,CO,reported_total,expert_led_workbook,1317.386,1317.386,NA,NA,NA,NA,NA,NA,NA,NA,NA,
SRC-RAW-9AFF69BBAFECE52DAA67,SRC-RAW-9AFF69BBAFECE52DAA67,POWER,expert_scope,23,VOC,reported_total,expert_led_workbook,23747.5293825,142.4851762949975,NA,NA,NA,NA,NA,NA,NA,NA,NA,
SRC-RAW-9AFF69BBAFECE52DAA67,SRC-RAW-9AFF69BBAFECE52DAA67,POWER,expert_scope,23,PM10,reported_total,expert_led_workbook,6195.007665,105.3151303050001,NA,NA,NA,NA,NA,NA,NA,NA,NA,
SRC-RAW-9AFF69BBAFECE52DAA67,SRC-RAW-9AFF69BBAFECE52DAA67,POWER,expert_scope,23,PM2.5,reported_total,expert_led_workbook,12.39001533,0.2106302606100002,NA,NA,NA,NA,NA,NA,NA,NA,NA,
SRC-RAW-9AFF69BBAFECE52DAA67,SRC-RAW-9AFF69BBAFECE52DAA67,POWER,expert_scope,23,BC,reported_total,expert_led_workbook,0.0,0.0,NA,NA,NA,NA,NA,NA,NA,NA,NA,
SRC-RAW-9AFF69BBAFECE52DAA67,SRC-RAW-9AFF69BBAFECE52DAA67,POWER,expert_scope,23,OC,reported_total,expert_led_workbook,26.347720000000002,26.347720000000002,NA,NA,NA,NA,NA,NA,NA,NA,NA,
SRC-RAW-9AFF69BBAFECE52DAA67,SRC-RAW-9AFF69BBAFECE52DAA67,POWER,expert_scope,23,NH3,reported_total,expert_led_workbook,0.0,0.0,NA,NA,NA,NA,NA,NA,NA,NA,NA,
SRC-RAW-FF1045ABC23B668A936E,SRC-RAW-FF1045ABC23B668A936E,POWER,expert_scope,24,SO2,reported_total,expert_led_workbook,1578.7849,78.93924500000007,NA,NA,NA,NA,NA,NA,NA,NA,NA,
SRC-RAW-FF1045ABC23B668A936E,SRC-RAW-FF1045ABC23B668A936E,POWER,expert_scope,24,NOx,reported_total,expert_led_workbook,1512.9318400000002,77.1595238399999,NA,NA,NA,NA,NA,NA,NA,NA,NA,
SRC-RAW-FF1045ABC23B668A936E,SRC-RAW-FF1045ABC23B668A936E,POWER,expert_scope,24,CO,reported_total,expert_led_workbook,337.708,337.708,NA,NA,NA,NA,NA,NA,NA,NA,NA,
SRC-RAW-FF1045ABC23B668A936E,SRC-RAW-FF1045ABC23B668A936E,POWER,expert_scope,24,VOC,reported_total,expert_led_workbook,6457.525735500001,12.915051471000014,NA,NA,NA,NA,NA,NA,NA,NA,NA,
SRC-RAW-FF1045ABC23B668A936E,SRC-RAW-FF1045ABC23B668A936E,POWER,expert_scope,24,PM10,reported_total,expert_led_workbook,1684.571931,6.738287724000005,NA,NA,NA,NA,NA,NA,NA,NA,NA,
SRC-RAW-FF1045ABC23B668A936E,SRC-RAW-FF1045ABC23B668A936E,POWER,expert_scope,24,PM2.5,reported_total,expert_led_workbook,3.369143862,0.013476575448000011,NA,NA,NA,NA,NA,NA,NA,NA,NA,
SRC-RAW-FF1045ABC23B668A936E,SRC-RAW-FF1045ABC23B668A936E,POWER,expert_scope,24,BC,reported_total,expert_led_workbook,0.0,0.0,NA,NA,NA,NA,NA,NA,NA,NA,NA,
SRC-RAW-FF1045ABC23B668A936E,SRC-RAW-FF1045ABC23B668A936E,POWER,expert_scope,24,OC,reported_total,expert_led_workbook,6.75416,6.75416,NA,NA,NA,NA,NA,NA,NA,NA,NA,
SRC-RAW-FF1045ABC23B668A936E,SRC-RAW-FF1045ABC23B668A936E,POWER,expert_scope,24,NH3,reported_total,expert_led_workbook,0.0,0.0,NA,NA,NA,NA,NA,NA,NA,NA,NA,
SRC-RAW-75592E83770CD2701D5A,SRC-RAW-75592E83770CD2701D5A,POWER,expert_scope,25,SO2,reported_total,expert_led_workbook,1092.2296000000001,54.61148000000006,NA,NA,NA,NA,NA,NA,NA,NA,NA,
SRC-RAW-75592E83770CD2701D5A,SRC-RAW-75592E83770CD2701D5A,POWER,expert_scope,25,NOx,reported_total,expert_led_workbook,1046.67136,53.38023935999993,NA,NA,NA,NA,NA,NA,NA,NA,NA,
SRC-RAW-75592E83770CD2701D5A,SRC-RAW-75592E83770CD2701D5A,POWER,expert_scope,25,CO,reported_total,expert_led_workbook,233.632,233.632,NA,NA,NA,NA,NA,NA,NA,NA,NA,
SRC-RAW-75592E83770CD2701D5A,SRC-RAW-75592E83770CD2701D5A,POWER,expert_scope,25,VOC,reported_total,expert_led_workbook,4467.423492000001,8.934846984000009,NA,NA,NA,NA,NA,NA,NA,NA,NA,
SRC-RAW-75592E83770CD2701D5A,SRC-RAW-75592E83770CD2701D5A,POWER,expert_scope,25,PM10,reported_total,expert_led_workbook,1165.414824,4.661659296000004,NA,NA,NA,NA,NA,NA,NA,NA,NA,
SRC-RAW-75592E83770CD2701D5A,SRC-RAW-75592E83770CD2701D5A,POWER,expert_scope,25,PM2.5,reported_total,expert_led_workbook,2.330829648,0.009323318592000009,NA,NA,NA,NA,NA,NA,NA,NA,NA,
SRC-RAW-75592E83770CD2701D5A,SRC-RAW-75592E83770CD2701D5A,POWER,expert_scope,25,BC,reported_total,expert_led_workbook,0.0,0.0,NA,NA,NA,NA,NA,NA,NA,NA,NA,
SRC-RAW-75592E83770CD2701D5A,SRC-RAW-75592E83770CD2701D5A,POWER,expert_scope,25,OC,reported_total,expert_led_workbook,4.67264,4.67264,NA,NA,NA,NA,NA,NA,NA,NA,NA,
SRC-RAW-75592E83770CD2701D5A,SRC-RAW-75592E83770CD2701D5A,POWER,expert_scope,25,NH3,reported_total,expert_led_workbook,0.0,0.0,NA,NA,NA,NA,NA,NA,NA,NA,NA,
SRC-RAW-75DF4E6BB41F91F299F2,SRC-RAW-75DF4E6BB41F91F299F2,POWER,expert_scope,26,SO2,reported_total,expert_led_workbook,21812.36918,1090.618459000001,NA,NA,NA,NA,NA,NA,NA,NA,NA,
SRC-RAW-75DF4E6BB41F91F299F2,SRC-RAW-75DF4E6BB41F91F299F2,POWER,expert_scope,26,NOx,reported_total,expert_led_workbook,2295.45701,165.50245042099988,NA,NA,NA,NA,NA,NA,NA,NA,NA,
SRC-RAW-75DF4E6BB41F91F299F2,SRC-RAW-75DF4E6BB41F91F299F2,POWER,expert_scope,26,CO,reported_total,expert_led_workbook,517.858,517.858,NA,NA,NA,NA,NA,NA,NA,NA,NA,
SRC-RAW-75DF4E6BB41F91F299F2,SRC-RAW-75DF4E6BB41F91F299F2,POWER,expert_scope,26,VOC,reported_total,expert_led_workbook,1993.9349388,3.9878698776000037,NA,NA,NA,NA,NA,NA,NA,NA,NA,
SRC-RAW-75DF4E6BB41F91F299F2,SRC-RAW-75DF4E6BB41F91F299F2,POWER,expert_scope,26,PM10,reported_total,expert_led_workbook,481.29464040000005,1.925178561600002,NA,NA,NA,NA,NA,NA,NA,NA,NA,
SRC-RAW-75DF4E6BB41F91F299F2,SRC-RAW-75DF4E6BB41F91F299F2,POWER,expert_scope,26,PM2.5,reported_total,expert_led_workbook,0.9625892808000001,0.0038503571232000036,NA,NA,NA,NA,NA,NA,NA,NA,NA,
SRC-RAW-75DF4E6BB41F91F299F2,SRC-RAW-75DF4E6BB41F91F299F2,POWER,expert_scope,26,BC,reported_total,expert_led_workbook,0.0,0.0,NA,NA,NA,NA,NA,NA,NA,NA,NA,
SRC-RAW-75DF4E6BB41F91F299F2,SRC-RAW-75DF4E6BB41F91F299F2,POWER,expert_scope,26,OC,reported_total,expert_led_workbook,10.35716,10.35716,NA,NA,NA,NA,NA,NA,NA,NA,NA,
SRC-RAW-75DF4E6BB41F91F299F2,SRC-RAW-75DF4E6BB41F91F299F2,POWER,expert_scope,26,NH3,reported_total,expert_led_workbook,0.0,0.0,NA,NA,NA,NA,NA,NA,NA,NA,NA,
SRC-RAW-9D59E477248611165BB7,SRC-RAW-9D59E477248611165BB7,POWER,expert_scope,27,SO2,reported_total,expert_led_workbook,18429.263440000002,921.4631720000009,NA,NA,NA,NA,NA,NA,NA,NA,NA,
SRC-RAW-9D59E477248611165BB7,SRC-RAW-9D59E477248611165BB7,POWER,expert_scope,27,NOx,reported_total,expert_led_workbook,1918.0142799999999,139.43963815599997,NA,NA,NA,NA,NA,NA,NA,NA,NA,
SRC-RAW-9D59E477248611165BB7,SRC-RAW-9D59E477248611165BB7,POWER,expert_scope,27,CO,reported_total,expert_led_workbook,432.764,432.764,NA,NA,NA,NA,NA,NA,NA,NA,NA,
SRC-RAW-9D59E477248611165BB7,SRC-RAW-9D59E477248611165BB7,POWER,expert_scope,27,VOC,reported_total,expert_led_workbook,1588.5511655999999,3.1771023312000026,NA,NA,NA,NA,NA,NA,NA,NA,NA,
SRC-RAW-9D59E477248611165BB7,SRC-RAW-9D59E477248611165BB7,POWER,expert_scope,27,PM10,reported_total,expert_led_workbook,383.44338480000005,1.5337735392000016,NA,NA,NA,NA,NA,NA,NA,NA,NA,
SRC-RAW-9D59E477248611165BB7,SRC-RAW-9D59E477248611165BB7,POWER,expert_scope,27,PM2.5,reported_total,expert_led_workbook,0.7668867696000001,0.0030675470784000034,NA,NA,NA,NA,NA,NA,NA,NA,NA,
SRC-RAW-9D59E477248611165BB7,SRC-RAW-9D59E477248611165BB7,POWER,expert_scope,27,BC,reported_total,expert_led_workbook,0.0,0.0,NA,NA,NA,NA,NA,NA,NA,NA,NA,
SRC-RAW-9D59E477248611165BB7,SRC-RAW-9D59E477248611165BB7,POWER,expert_scope,27,OC,reported_total,expert_led_workbook,8.65528,8.65528,NA,NA,NA,NA,NA,NA,NA,NA,NA,
SRC-RAW-9D59E477248611165BB7,SRC-RAW-9D59E477248611165BB7,POWER,expert_scope,27,NH3,reported_total,expert_led_workbook,0.0,0.0,NA,NA,NA,NA,NA,NA,NA,NA,NA,
SRC-RAW-3A966F6751381310DE95,SRC-RAW-3A966F6751381310DE95,POWER,expert_scope,28,SO2,reported_total,expert_led_workbook,13899.603749999998,82.00766212500022,NA,NA,NA,NA,NA,NA,NA,NA,NA,
SRC-RAW-3A966F6751381310DE95,SRC-RAW-3A966F6751381310DE95,POWER,expert_scope,28,NOx,reported_total,expert_led_workbook,7860.089650000001,1179.0134475000002,NA,NA,NA,NA,NA,NA,NA,NA,NA,
SRC-RAW-3A966F6751381310DE95,SRC-RAW-3A966F6751381310DE95,POWER,expert_scope,28,CO,reported_total,expert_led_workbook,2180.33,2180.33,NA,NA,NA,NA,NA,NA,NA,NA,NA,
SRC-RAW-3A966F6751381310DE95,SRC-RAW-3A966F6751381310DE95,POWER,expert_scope,28,VOC,reported_total,expert_led_workbook,40130.6088975,240.78365338499577,NA,NA,NA,NA,NA,NA,NA,NA,NA,
SRC-RAW-3A966F6751381310DE95,SRC-RAW-3A966F6751381310DE95,POWER,expert_scope,28,PM10,reported_total,expert_led_workbook,10468.854494999998,177.9705264150001,NA,NA,NA,NA,NA,NA,NA,NA,NA,
SRC-RAW-3A966F6751381310DE95,SRC-RAW-3A966F6751381310DE95,POWER,expert_scope,28,PM2.5,reported_total,expert_led_workbook,20.937708989999997,0.35594105283000027,NA,NA,NA,NA,NA,NA,NA,NA,NA,
SRC-RAW-3A966F6751381310DE95,SRC-RAW-3A966F6751381310DE95,POWER,expert_scope,28,BC,reported_total,expert_led_workbook,0.0,0.0,NA,NA,NA,NA,NA,NA,NA,NA,NA,
SRC-RAW-3A966F6751381310DE95,SRC-RAW-3A966F6751381310DE95,POWER,expert_scope,28,OC,reported_total,expert_led_workbook,43.6066,43.6066,NA,NA,NA,NA,NA,NA,NA,NA,NA,
SRC-RAW-3A966F6751381310DE95,SRC-RAW-3A966F6751381310DE95,POWER,expert_scope,28,NH3,reported_total,expert_led_workbook,0.0,0.0,NA,NA,NA,NA,NA,NA,NA,NA,NA,
SRC-RAW-3E1F4674BE5DEDEDE380,SRC-RAW-3E1F4674BE5DEDEDE380,POWER,expert_scope,29,SO2,reported_total,expert_led_workbook,13076.71875,77.15264062500022,NA,NA,NA,NA,NA,NA,NA,NA,NA,
SRC-RAW-3E1F4674BE5DEDEDE380,SRC-RAW-3E1F4674BE5DEDEDE380,POWER,expert_scope,29,NOx,reported_total,expert_led_workbook,7394.75625,1109.2134375000003,NA,NA,NA,NA,NA,NA,NA,NA,NA,
SRC-RAW-3E1F4674BE5DEDEDE380,SRC-RAW-3E1F4674BE5DEDEDE380,POWER,expert_scope,29,CO,reported_total,expert_led_workbook,2051.25,2051.25,NA,NA,NA,NA,NA,NA,NA,NA,NA,
SRC-RAW-3E1F4674BE5DEDEDE380,SRC-RAW-3E1F4674BE5DEDEDE380,POWER,expert_scope,29,VOC,reported_total,expert_led_workbook,37471.722187499996,224.830333124996,NA,NA,NA,NA,NA,NA,NA,NA,NA,
SRC-RAW-3E1F4674BE5DEDEDE380,SRC-RAW-3E1F4674BE5DEDEDE380,POWER,expert_scope,29,PM10,reported_total,expert_led_workbook,9775.231875,166.17894187500013,NA,NA,NA,NA,NA,NA,NA,NA,NA,
SRC-RAW-3E1F4674BE5DEDEDE380,SRC-RAW-3E1F4674BE5DEDEDE380,POWER,expert_scope,29,PM2.5,reported_total,expert_led_workbook,19.55046375,0.33235788375000025,NA,NA,NA,NA,NA,NA,NA,NA,NA,
SRC-RAW-3E1F4674BE5DEDEDE380,SRC-RAW-3E1F4674BE5DEDEDE380,POWER,expert_scope,29,BC,reported_total,expert_led_workbook,0.0,0.0,NA,NA,NA,NA,NA,NA,NA,NA,NA,
SRC-RAW-3E1F4674BE5DEDEDE380,SRC-RAW-3E1F4674BE5DEDEDE380,POWER,expert_scope,29,OC,reported_total,expert_led_workbook,41.025,41.025,NA,NA,NA,NA,NA,NA,NA,NA,NA,
SRC-RAW-3E1F4674BE5DEDEDE380,SRC-RAW-3E1F4674BE5DEDEDE380,POWER,expert_scope,29,NH3,reported_total,expert_led_workbook,0.0,0.0,NA,NA,NA,NA,NA,NA,NA,NA,NA,
SRC-RAW-6AAABCE4184D20AE823E,SRC-RAW-6AAABCE4184D20AE823E,POWER,expert_scope,30,SO2,reported_total,expert_led_workbook,0.163642832,0.163642832,NA,NA,NA,NA,NA,NA,NA,NA,NA,
SRC-RAW-6AAABCE4184D20AE823E,SRC-RAW-6AAABCE4184D20AE823E,POWER,expert_scope,30,NOx,reported_total,expert_led_workbook,419.33475699999997,243.21415906000001,NA,NA,NA,NA,NA,NA,NA,NA,NA,
SRC-RAW-6AAABCE4184D20AE823E,SRC-RAW-6AAABCE4184D20AE823E,POWER,expert_scope,30,CO,reported_total,expert_led_workbook,132.959801,132.959801,NA,NA,NA,NA,NA,NA,NA,NA,NA,
SRC-RAW-6AAABCE4184D20AE823E,SRC-RAW-6AAABCE4184D20AE823E,POWER,expert_scope,30,VOC,reported_total,expert_led_workbook,3.0683031,3.0683031,NA,NA,NA,NA,NA,NA,NA,NA,NA,
SRC-RAW-6AAABCE4184D20AE823E,SRC-RAW-6AAABCE4184D20AE823E,POWER,expert_scope,30,PM10,reported_total,expert_led_workbook,3.0683031,3.0683031,NA,NA,NA,NA,NA,NA,NA,NA,NA,
SRC-RAW-6AAABCE4184D20AE823E,SRC-RAW-6AAABCE4184D20AE823E,POWER,expert_scope,30,PM2.5,reported_total,expert_led_workbook,0.0,0.0,NA,NA,NA,NA,NA,NA,NA,NA,NA,
SRC-RAW-6AAABCE4184D20AE823E,SRC-RAW-6AAABCE4184D20AE823E,POWER,expert_scope,30,BC,reported_total,expert_led_workbook,0.0,0.0,NA,NA,NA,NA,NA,NA,NA,NA,NA,
SRC-RAW-6AAABCE4184D20AE823E,SRC-RAW-6AAABCE4184D20AE823E,POWER,expert_scope,30,OC,reported_total,expert_led_workbook,2.0455354,2.0455354,NA,NA,NA,NA,NA,NA,NA,NA,NA,
SRC-RAW-6AAABCE4184D20AE823E,SRC-RAW-6AAABCE4184D20AE823E,POWER,expert_scope,30,NH3,reported_total,expert_led_workbook,0.0,0.0,NA,NA,NA,NA,NA,NA,NA,NA,NA,
SRC-RAW-49FAFC022930C410AC9A,SRC-RAW-49FAFC022930C410AC9A,POWER,expert_scope,31,SO2,reported_total,expert_led_workbook,0.2721209600000001,0.2721209600000001,NA,NA,NA,NA,NA,NA,NA,NA,NA,
SRC-RAW-49FAFC022930C410AC9A,SRC-RAW-49FAFC022930C410AC9A,POWER,expert_scope,31,NOx,reported_total,expert_led_workbook,697.30996,404.43977680000006,NA,NA,NA,NA,NA,NA,NA,NA,NA,
SRC-RAW-49FAFC022930C410AC9A,SRC-RAW-49FAFC022930C410AC9A,POWER,expert_scope,31,CO,reported_total,expert_led_workbook,221.09828,221.09828,NA,NA,NA,NA,NA,NA,NA,NA,NA,
SRC-RAW-49FAFC022930C410AC9A,SRC-RAW-49FAFC022930C410AC9A,POWER,expert_scope,31,VOC,reported_total,expert_led_workbook,5.102268,5.102268,NA,NA,NA,NA,NA,NA,NA,NA,NA,
SRC-RAW-49FAFC022930C410AC9A,SRC-RAW-49FAFC022930C410AC9A,POWER,expert_scope,31,PM10,reported_total,expert_led_workbook,5.102268,5.102268,NA,NA,NA,NA,NA,NA,NA,NA,NA,
SRC-RAW-49FAFC022930C410AC9A,SRC-RAW-49FAFC022930C410AC9A,POWER,expert_scope,31,PM2.5,reported_total,expert_led_workbook,0.0,0.0,NA,NA,NA,NA,NA,NA,NA,NA,NA,
SRC-RAW-49FAFC022930C410AC9A,SRC-RAW-49FAFC022930C410AC9A,POWER,expert_scope,31,BC,reported_total,expert_led_workbook,0.0,0.0,NA,NA,NA,NA,NA,NA,NA,NA,NA,
SRC-RAW-49FAFC022930C410AC9A,SRC-RAW-49FAFC022930C410AC9A,POWER,expert_scope,31,OC,reported_total,expert_led_workbook,3.401512,3.401512,NA,NA,NA,NA,NA,NA,NA,NA,NA,
SRC-RAW-49FAFC022930C410AC9A,SRC-RAW-49FAFC022930C410AC9A,POWER,expert_scope,31,NH3,reported_total,expert_led_workbook,0.0,0.0,NA,NA,NA,NA,NA,NA,NA,NA,NA,
SRC-RAW-9F8A569021FA334E2167,SRC-RAW-9F8A569021FA334E2167,POWER,expert_scope,32,SO2,reported_total,expert_led_workbook,0.43969155,0.43969155,NA,NA,NA,NA,NA,NA,NA,NA,NA,
SRC-RAW-9F8A569021FA334E2167,SRC-RAW-9F8A569021FA334E2167,POWER,expert_scope,32,NOx,reported_total,expert_led_workbook,120.98894999999999,70.173591,NA,NA,NA,NA,NA,NA,NA,NA,NA,
SRC-RAW-9F8A569021FA334E2167,SRC-RAW-9F8A569021FA334E2167,POWER,expert_scope,32,CO,reported_total,expert_led_workbook,38.36235,38.36235,NA,NA,NA,NA,NA,NA,NA,NA,NA,
SRC-RAW-9F8A569021FA334E2167,SRC-RAW-9F8A569021FA334E2167,POWER,expert_scope,32,VOC,reported_total,expert_led_workbook,0.8852849999999999,0.8852849999999999,NA,NA,NA,NA,NA,NA,NA,NA,NA,
SRC-RAW-9F8A569021FA334E2167,SRC-RAW-9F8A569021FA334E2167,POWER,expert_scope,32,PM10,reported_total,expert_led_workbook,0.8852849999999999,0.8852849999999999,NA,NA,NA,NA,NA,NA,NA,NA,NA,
SRC-RAW-9F8A569021FA334E2167,SRC-RAW-9F8A569021FA334E2167,POWER,expert_scope,32,PM2.5,reported_total,expert_led_workbook,0.0,0.0,NA,NA,NA,NA,NA,NA,NA,NA,NA,
SRC-RAW-9F8A569021FA334E2167,SRC-RAW-9F8A569021FA334E2167,POWER,expert_scope,32,BC,reported_total,expert_led_workbook,0.0,0.0,NA,NA,NA,NA,NA,NA,NA,NA,NA,
SRC-RAW-9F8A569021FA334E2167,SRC-RAW-9F8A569021FA334E2167,POWER,expert_scope,32,OC,reported_total,expert_led_workbook,0.59019,0.59019,NA,NA,NA,NA,NA,NA,NA,NA,NA,
SRC-RAW-9F8A569021FA334E2167,SRC-RAW-9F8A569021FA334E2167,POWER,expert_scope,32,NH3,reported_total,expert_led_workbook,0.0,0.0,NA,NA,NA,NA,NA,NA,NA,NA,NA,
SRC-RAW-9B8229F8C1512374E339,SRC-RAW-9B8229F8C1512374E339,POWER,expert_scope,33,SO2,reported_total,expert_led_workbook,1.40461704,1.40461704,NA,NA,NA,NA,NA,NA,NA,NA,NA,
SRC-RAW-9B8229F8C1512374E339,SRC-RAW-9B8229F8C1512374E339,POWER,expert_scope,33,NOx,reported_total,expert_led_workbook,386.50535999999994,224.1731088,NA,NA,NA,NA,NA,NA,NA,NA,NA,
SRC-RAW-9B8229F8C1512374E339,SRC-RAW-9B8229F8C1512374E339,POWER,expert_scope,33,CO,reported_total,expert_led_workbook,122.55047999999998,122.55047999999998,NA,NA,NA,NA,NA,NA,NA,NA,NA,
SRC-RAW-9B8229F8C1512374E339,SRC-RAW-9B8229F8C1512374E339,POWER,expert_scope,33,VOC,reported_total,expert_led_workbook,2.8280879999999997,2.8280879999999997,NA,NA,NA,NA,NA,NA,NA,NA,NA,
SRC-RAW-9B8229F8C1512374E339,SRC-RAW-9B8229F8C1512374E339,POWER,expert_scope,33,PM10,reported_total,expert_led_workbook,2.8280879999999997,2.8280879999999997,NA,NA,NA,NA,NA,NA,NA,NA,NA,
SRC-RAW-9B8229F8C1512374E339,SRC-RAW-9B8229F8C1512374E339,POWER,expert_scope,33,PM2.5,reported_total,expert_led_workbook,0.0,0.0,NA,NA,NA,NA,NA,NA,NA,NA,NA,
SRC-RAW-9B8229F8C1512374E339,SRC-RAW-9B8229F8C1512374E339,POWER,expert_scope,33,BC,reported_total,expert_led_workbook,0.0,0.0,NA,NA,NA,NA,NA,NA,NA,NA,NA,
SRC-RAW-9B8229F8C1512374E339,SRC-RAW-9B8229F8C1512374E339,POWER,expert_scope,33,OC,reported_total,expert_led_workbook,1.885392,1.885392,NA,NA,NA,NA,NA,NA,NA,NA,NA,
SRC-RAW-9B8229F8C1512374E339,SRC-RAW-9B8229F8C1512374E339,POWER,expert_scope,33,NH3,reported_total,expert_led_workbook,0.0,0.0,NA,NA,NA,NA,NA,NA,NA,NA,NA,
SRC-RAW-C6611DA1B4E51C3602B7,SRC-RAW-C6611DA1B4E51C3602B7,POWER,expert_scope,34,SO2,reported_total,expert_led_workbook,0.01097981,0.01097981,NA,NA,NA,NA,NA,NA,NA,NA,NA,
SRC-RAW-C6611DA1B4E51C3602B7,SRC-RAW-C6611DA1B4E51C3602B7,POWER,expert_scope,34,NOx,reported_total,expert_led_workbook,3.0212899999999996,0.30212899999999987,NA,NA,NA,NA,NA,NA,NA,NA,NA,
SRC-RAW-C6611DA1B4E51C3602B7,SRC-RAW-C6611DA1B4E51C3602B7,POWER,expert_scope,34,CO,reported_total,expert_led_workbook,0.95797,0.95797,NA,NA,NA,NA,NA,NA,NA,NA,NA,
SRC-RAW-C6611DA1B4E51C3602B7,SRC-RAW-C6611DA1B4E51C3602B7,POWER,expert_scope,34,VOC,reported_total,expert_led_workbook,0.022106999999999995,0.022106999999999995,NA,NA,NA,NA,NA,NA,NA,NA,NA,
SRC-RAW-C6611DA1B4E51C3602B7,SRC-RAW-C6611DA1B4E51C3602B7,POWER,expert_scope,34,PM10,reported_total,expert_led_workbook,0.022106999999999995,0.022106999999999995,NA,NA,NA,NA,NA,NA,NA,NA,NA,
SRC-RAW-C6611DA1B4E51C3602B7,SRC-RAW-C6611DA1B4E51C3602B7,POWER,expert_scope,34,PM2.5,reported_total,expert_led_workbook,0.0,0.0,NA,NA,NA,NA,NA,NA,NA,NA,NA,
SRC-RAW-C6611DA1B4E51C3602B7,SRC-RAW-C6611DA1B4E51C3602B7,POWER,expert_scope,34,BC,reported_total,expert_led_workbook,0.0,0.0,NA,NA,NA,NA,NA,NA,NA,NA,NA,
SRC-RAW-C6611DA1B4E51C3602B7,SRC-RAW-C6611DA1B4E51C3602B7,POWER,expert_scope,34,OC,reported_total,expert_led_workbook,0.014738,0.014738,NA,NA,NA,NA,NA,NA,NA,NA,NA,
SRC-RAW-C6611DA1B4E51C3602B7,SRC-RAW-C6611DA1B4E51C3602B7,POWER,expert_scope,34,NH3,reported_total,expert_led_workbook,0.0,0.0,NA,NA,NA,NA,NA,NA,NA,NA,NA,
SRC-RAW-D713C44472675D27298D,SRC-RAW-D713C44472675D27298D,POWER,expert_scope,35,SO2,reported_total,expert_led_workbook,0.01287211,0.01287211,NA,NA,NA,NA,NA,NA,NA,NA,NA,
SRC-RAW-D713C44472675D27298D,SRC-RAW-D713C44472675D27298D,POWER,expert_scope,35,NOx,reported_total,expert_led_workbook,3.5419899999999997,0.3541989999999999,NA,NA,NA,NA,NA,NA,NA,NA,NA,
SRC-RAW-D713C44472675D27298D,SRC-RAW-D713C44472675D27298D,POWER,expert_scope,35,CO,reported_total,expert_led_workbook,1.12307,1.12307,NA,NA,NA,NA,NA,NA,NA,NA,NA,
SRC-RAW-D713C44472675D27298D,SRC-RAW-D713C44472675D27298D,POWER,expert_scope,35,VOC,reported_total,expert_led_workbook,0.025917,0.025917,NA,NA,NA,NA,NA,NA,NA,NA,NA,
SRC-RAW-D713C44472675D27298D,SRC-RAW-D713C44472675D27298D,POWER,expert_scope,35,PM10,reported_total,expert_led_workbook,0.025917,0.025917,NA,NA,NA,NA,NA,NA,NA,NA,NA,
SRC-RAW-D713C44472675D27298D,SRC-RAW-D713C44472675D27298D,POWER,expert_scope,35,PM2.5,reported_total,expert_led_workbook,0.0,0.0,NA,NA,NA,NA,NA,NA,NA,NA,NA,
SRC-RAW-D713C44472675D27298D,SRC-RAW-D713C44472675D27298D,POWER,expert_scope,35,BC,reported_total,expert_led_workbook,0.0,0.0,NA,NA,NA,NA,NA,NA,NA,NA,NA,
SRC-RAW-D713C44472675D27298D,SRC-RAW-D713C44472675D27298D,POWER,expert_scope,35,OC,reported_total,expert_led_workbook,0.017278,0.017278,NA,NA,NA,NA,NA,NA,NA,NA,NA,
SRC-RAW-D713C44472675D27298D,SRC-RAW-D713C44472675D27298D,POWER,expert_scope,35,NH3,reported_total,expert_led_workbook,0.0,0.0,NA,NA,NA,NA,NA,NA,NA,NA,NA,
SRC-RAW-1D41752EE1388D13FF8E,SRC-RAW-1D41752EE1388D13FF8E,POWER,expert_scope,36,SO2,reported_total,expert_led_workbook,0.009600070000000002,0.009600070000000002,NA,NA,NA,NA,NA,NA,NA,NA,NA,
SRC-RAW-1D41752EE1388D13FF8E,SRC-RAW-1D41752EE1388D13FF8E,POWER,expert_scope,36,NOx,reported_total,expert_led_workbook,2.64163,0.264163,NA,NA,NA,NA,NA,NA,NA,NA,NA,
SRC-RAW-1D41752EE1388D13FF8E,SRC-RAW-1D41752EE1388D13FF8E,POWER,expert_scope,36,CO,reported_total,expert_led_workbook,0.8375900000000002,0.8375900000000002,NA,NA,NA,NA,NA,NA,NA,NA,NA,
SRC-RAW-1D41752EE1388D13FF8E,SRC-RAW-1D41752EE1388D13FF8E,POWER,expert_scope,36,VOC,reported_total,expert_led_workbook,0.019329,0.019329,NA,NA,NA,NA,NA,NA,NA,NA,NA,
SRC-RAW-1D41752EE1388D13FF8E,SRC-RAW-1D41752EE1388D13FF8E,POWER,expert_scope,36,PM10,reported_total,expert_led_workbook,0.019329,0.019329,NA,NA,NA,NA,NA,NA,NA,NA,NA,
SRC-RAW-1D41752EE1388D13FF8E,SRC-RAW-1D41752EE1388D13FF8E,POWER,expert_scope,36,PM2.5,reported_total,expert_led_workbook,0.0,0.0,NA,NA,NA,NA,NA,NA,NA,NA,NA,
SRC-RAW-1D41752EE1388D13FF8E,SRC-RAW-1D41752EE1388D13FF8E,POWER,expert_scope,36,BC,reported_total,expert_led_workbook,0.0,0.0,NA,NA,NA,NA,NA,NA,NA,NA,NA,
SRC-RAW-1D41752EE1388D13FF8E,SRC-RAW-1D41752EE1388D13FF8E,POWER,expert_scope,36,OC,reported_total,expert_led_workbook,0.012886000000000002,0.012886000000000002,NA,NA,NA,NA,NA,NA,NA,NA,NA,
SRC-RAW-1D41752EE1388D13FF8E,SRC-RAW-1D41752EE1388D13FF8E,POWER,expert_scope,36,NH3,reported_total,expert_led_workbook,0.0,0.0,NA,NA,NA,NA,NA,NA,NA,NA,NA,
SRC-RAW-ECCA195925A466882103,SRC-RAW-ECCA195925A466882103,POWER,expert_scope,37,SO2,reported_total,expert_led_workbook,0.36098204,0.36098204,NA,NA,NA,NA,NA,NA,NA,NA,NA,
SRC-RAW-ECCA195925A466882103,SRC-RAW-ECCA195925A466882103,POWER,expert_scope,37,NOx,reported_total,expert_led_workbook,180.49102,54.14730600000001,NA,NA,NA,NA,NA,NA,NA,NA,NA,
SRC-RAW-ECCA195925A466882103,SRC-RAW-ECCA195925A466882103,POWER,expert_scope,37,CO,reported_total,expert_led_workbook,57.228860000000005,57.228860000000005,NA,NA,NA,NA,NA,NA,NA,NA,NA,
SRC-RAW-ECCA195925A466882103,SRC-RAW-ECCA195925A466882103,POWER,expert_scope,37,VOC,reported_total,expert_led_workbook,1.320666,1.320666,NA,NA,NA,NA,NA,NA,NA,NA,NA,
SRC-RAW-ECCA195925A466882103,SRC-RAW-ECCA195925A466882103,POWER,expert_scope,37,PM10,reported_total,expert_led_workbook,1.320666,1.320666,NA,NA,NA,NA,NA,NA,NA,NA,NA,
SRC-RAW-ECCA195925A466882103,SRC-RAW-ECCA195925A466882103,POWER,expert_scope,37,PM2.5,reported_total,expert_led_workbook,0.0,0.0,NA,NA,NA,NA,NA,NA,NA,NA,NA,
SRC-RAW-ECCA195925A466882103,SRC-RAW-ECCA195925A466882103,POWER,expert_scope,37,BC,reported_total,expert_led_workbook,0.0,0.0,NA,NA,NA,NA,NA,NA,NA,NA,NA,
SRC-RAW-ECCA195925A466882103,SRC-RAW-ECCA195925A466882103,POWER,expert_scope,37,OC,reported_total,expert_led_workbook,0.8804440000000001,0.8804440000000001,NA,NA,NA,NA,NA,NA,NA,NA,NA,
SRC-RAW-ECCA195925A466882103,SRC-RAW-ECCA195925A466882103,POWER,expert_scope,37,NH3,reported_total,expert_led_workbook,0.0,0.0,NA,NA,NA,NA,NA,NA,NA,NA,NA,
SRC-RAW-D8D51359E8213221330C,SRC-RAW-D8D51359E8213221330C,POWER,expert_scope,38,SO2,reported_total,expert_led_workbook,0.456092118,0.456092118,NA,NA,NA,NA,NA,NA,NA,NA,NA,
SRC-RAW-D8D51359E8213221330C,SRC-RAW-D8D51359E8213221330C,POWER,expert_scope,38,NOx,reported_total,expert_led_workbook,228.046059,68.41381770000001,NA,NA,NA,NA,NA,NA,NA,NA,NA,
SRC-RAW-D8D51359E8213221330C,SRC-RAW-D8D51359E8213221330C,POWER,expert_scope,38,CO,reported_total,expert_led_workbook,72.307287,72.307287,NA,NA,NA,NA,NA,NA,NA,NA,NA,
SRC-RAW-D8D51359E8213221330C,SRC-RAW-D8D51359E8213221330C,POWER,expert_scope,38,VOC,reported_total,expert_led_workbook,1.6686296999999999,1.6686296999999999,NA,NA,NA,NA,NA,NA,NA,NA,NA,
SRC-RAW-D8D51359E8213221330C,SRC-RAW-D8D51359E8213221330C,POWER,expert_scope,38,PM10,reported_total,expert_led_workbook,1.6686296999999999,1.6686296999999999,NA,NA,NA,NA,NA,NA,NA,NA,NA,
SRC-RAW-D8D51359E8213221330C,SRC-RAW-D8D51359E8213221330C,POWER,expert_scope,38,PM2.5,reported_total,expert_led_workbook,0.0,0.0,NA,NA,NA,NA,NA,NA,NA,NA,NA,
SRC-RAW-D8D51359E8213221330C,SRC-RAW-D8D51359E8213221330C,POWER,expert_scope,38,BC,reported_total,expert_led_workbook,0.0,0.0,NA,NA,NA,NA,NA,NA,NA,NA,NA,
SRC-RAW-D8D51359E8213221330C,SRC-RAW-D8D51359E8213221330C,POWER,expert_scope,38,OC,reported_total,expert_led_workbook,1.1124198,1.1124198,NA,NA,NA,NA,NA,NA,NA,NA,NA,
SRC-RAW-D8D51359E8213221330C,SRC-RAW-D8D51359E8213221330C,POWER,expert_scope,38,NH3,reported_total,expert_led_workbook,0.0,0.0,NA,NA,NA,NA,NA,NA,NA,NA,NA,
SRC-RAW-B81BE51DC6E772039048,SRC-RAW-B81BE51DC6E772039048,POWER,expert_scope,39,SO2,reported_total,expert_led_workbook,0.00215414,0.00215414,NA,NA,NA,NA,NA,NA,NA,NA,NA,
SRC-RAW-B81BE51DC6E772039048,SRC-RAW-B81BE51DC6E772039048,POWER,expert_scope,39,NOx,reported_total,expert_led_workbook,1.07707,0.32312100000000005,NA,NA,NA,NA,NA,NA,NA,NA,NA,
SRC-RAW-B81BE51DC6E772039048,SRC-RAW-B81BE51DC6E772039048,POWER,expert_scope,39,CO,reported_total,expert_led_workbook,0.34151000000000004,0.34151000000000004,NA,NA,NA,NA,NA,NA,NA,NA,NA,
SRC-RAW-B81BE51DC6E772039048,SRC-RAW-B81BE51DC6E772039048,POWER,expert_scope,39,VOC,reported_total,expert_led_workbook,0.007880999999999999,0.007880999999999999,NA,NA,NA,NA,NA,NA,NA,NA,NA,
SRC-RAW-B81BE51DC6E772039048,SRC-RAW-B81BE51DC6E772039048,POWER,expert_scope,39,PM10,reported_total,expert_led_workbook,0.007880999999999999,0.007880999999999999,NA,NA,NA,NA,NA,NA,NA,NA,NA,
SRC-RAW-B81BE51DC6E772039048,SRC-RAW-B81BE51DC6E772039048,POWER,expert_scope,39,PM2.5,reported_total,expert_led_workbook,0.0,0.0,NA,NA,NA,NA,NA,NA,NA,NA,NA,
SRC-RAW-B81BE51DC6E772039048,SRC-RAW-B81BE51DC6E772039048,POWER,expert_scope,39,BC,reported_total,expert_led_workbook,0.0,0.0,NA,NA,NA,NA,NA,NA,NA,NA,NA,
SRC-RAW-B81BE51DC6E772039048,SRC-RAW-B81BE51DC6E772039048,POWER,expert_scope,39,OC,reported_total,expert_led_workbook,0.005254,0.005254,NA,NA,NA,NA,NA,NA,NA,NA,NA,
SRC-RAW-B81BE51DC6E772039048,SRC-RAW-B81BE51DC6E772039048,POWER,expert_scope,39,NH3,reported_total,expert_led_workbook,0.0,0.0,NA,NA,NA,NA,NA,NA,NA,NA,NA,
SRC-RAW-AFC8439695D444001224,SRC-RAW-AFC8439695D444001224,POWER,expert_scope,40,SO2,reported_total,expert_led_workbook,5718.7626207,101.79397464846022,NA,NA,NA,NA,NA,NA,NA,NA,NA,
SRC-RAW-AFC8439695D444001224,SRC-RAW-AFC8439695D444001224,POWER,expert_scope,40,NOx,reported_total,expert_led_workbook,4756.063524099999,713.409528615,NA,NA,NA,NA,NA,NA,NA,NA,NA,
SRC-RAW-AFC8439695D444001224,SRC-RAW-AFC8439695D444001224,POWER,expert_scope,40,CO,reported_total,expert_led_workbook,1319.21507,1319.21507,NA,NA,NA,NA,NA,NA,NA,NA,NA,
SRC-RAW-AFC8439695D444001224,SRC-RAW-AFC8439695D444001224,POWER,expert_scope,40,VOC,reported_total,expert_led_workbook,15906.396796755,31.812793593510026,NA,NA,NA,NA,NA,NA,NA,NA,NA,
SRC-RAW-AFC8439695D444001224,SRC-RAW-AFC8439695D444001224,POWER,expert_scope,40,PM10,reported_total,expert_led_workbook,4149.51781611,16.598071264440016,NA,NA,NA,NA,NA,NA,NA,NA,NA,
SRC-RAW-AFC8439695D444001224,SRC-RAW-AFC8439695D444001224,POWER,expert_scope,40,PM2.5,reported_total,expert_led_workbook,8.30039622222,0.03320158488888003,NA,NA,NA,NA,NA,NA,NA,NA,NA,
SRC-RAW-AFC8439695D444001224,SRC-RAW-AFC8439695D444001224,POWER,expert_scope,40,BC,reported_total,expert_led_workbook,0.00035804999999999995,1.432200000000001e-06,NA,NA,NA,NA,NA,NA,NA,NA,NA,
SRC-RAW-AFC8439695D444001224,SRC-RAW-AFC8439695D444001224,POWER,expert_scope,40,OC,reported_total,expert_led_workbook,26.391115899999996,26.391115899999996,NA,NA,NA,NA,NA,NA,NA,NA,NA,
SRC-RAW-AFC8439695D444001224,SRC-RAW-AFC8439695D444001224,POWER,expert_scope,40,NH3,reported_total,expert_led_workbook,0.0,0.0,NA,NA,NA,NA,NA,NA,NA,NA,NA,
SRC-RAW-3ADCA80952BFB5C3B56A,SRC-RAW-3ADCA80952BFB5C3B56A,POWER,expert_scope,41,SO2,reported_total,expert_led_workbook,5572.790411200001,99.19566931936022,NA,NA,NA,NA,NA,NA,NA,NA,NA,
SRC-RAW-3ADCA80952BFB5C3B56A,SRC-RAW-3ADCA80952BFB5C3B56A,POWER,expert_scope,41,NOx,reported_total,expert_led_workbook,4634.826761599999,695.22401424,NA,NA,NA,NA,NA,NA,NA,NA,NA,
SRC-RAW-3ADCA80952BFB5C3B56A,SRC-RAW-3ADCA80952BFB5C3B56A,POWER,expert_scope,41,CO,reported_total,expert_led_workbook,1285.54596,1285.54596,NA,NA,NA,NA,NA,NA,NA,NA,NA,
SRC-RAW-3ADCA80952BFB5C3B56A,SRC-RAW-3ADCA80952BFB5C3B56A,POWER,expert_scope,41,VOC,reported_total,expert_led_workbook,15500.24655008,31.00049310016003,NA,NA,NA,NA,NA,NA,NA,NA,NA,
SRC-RAW-3ADCA80952BFB5C3B56A,SRC-RAW-3ADCA80952BFB5C3B56A,POWER,expert_scope,41,PM10,reported_total,expert_led_workbook,4043.57658976,16.174306359040013,NA,NA,NA,NA,NA,NA,NA,NA,NA,
SRC-RAW-3ADCA80952BFB5C3B56A,SRC-RAW-3ADCA80952BFB5C3B56A,POWER,expert_scope,41,PM2.5,reported_total,expert_led_workbook,8.08916520352,0.03235666081408003,NA,NA,NA,NA,NA,NA,NA,NA,NA,
SRC-RAW-3ADCA80952BFB5C3B56A,SRC-RAW-3ADCA80952BFB5C3B56A,POWER,expert_scope,41,BC,reported_total,expert_led_workbook,0.00052948,2.117920000000002e-06,NA,NA,NA,NA,NA,NA,NA,NA,NA,
SRC-RAW-3ADCA80952BFB5C3B56A,SRC-RAW-3ADCA80952BFB5C3B56A,POWER,expert_scope,41,OC,reported_total,expert_led_workbook,25.7209964,25.7209964,NA,NA,NA,NA,NA,NA,NA,NA,NA,
SRC-RAW-3ADCA80952BFB5C3B56A,SRC-RAW-3ADCA80952BFB5C3B56A,POWER,expert_scope,41,NH3,reported_total,expert_led_workbook,0.0,0.0,NA,NA,NA,NA,NA,NA,NA,NA,NA,
SRC-RAW-31E69AFCF19B952DA614,SRC-RAW-31E69AFCF19B952DA614,POWER,expert_scope,42,SO2,reported_total,expert_led_workbook,6787.52281,120.81790601800026,NA,NA,NA,NA,NA,NA,NA,NA,NA,
SRC-RAW-31E69AFCF19B952DA614,SRC-RAW-31E69AFCF19B952DA614,POWER,expert_scope,42,NOx,reported_total,expert_led_workbook,5644.709700400001,846.7064550600003,NA,NA,NA,NA,NA,NA,NA,NA,NA,
SRC-RAW-31E69AFCF19B952DA614,SRC-RAW-31E69AFCF19B952DA614,POWER,expert_scope,42,CO,reported_total,expert_led_workbook,1565.753776,1565.753776,NA,NA,NA,NA,NA,NA,NA,NA,NA,
SRC-RAW-31E69AFCF19B952DA614,SRC-RAW-31E69AFCF19B952DA614,POWER,expert_scope,42,VOC,reported_total,expert_led_workbook,18879.257154500003,37.75851430900004,NA,NA,NA,NA,NA,NA,NA,NA,NA,
SRC-RAW-31E69AFCF19B952DA614,SRC-RAW-31E69AFCF19B952DA614,POWER,expert_scope,42,PM10,reported_total,expert_led_workbook,4925.0367322,19.700146928800017,NA,NA,NA,NA,NA,NA,NA,NA,NA,
SRC-RAW-31E69AFCF19B952DA614,SRC-RAW-31E69AFCF19B952DA614,POWER,expert_scope,42,PM2.5,reported_total,expert_led_workbook,9.850850002,0.039403400008000036,NA,NA,NA,NA,NA,NA,NA,NA,NA,
SRC-RAW-31E69AFCF19B952DA614,SRC-RAW-31E69AFCF19B952DA614,POWER,expert_scope,42,BC,reported_total,expert_led_workbook,0.000204352,8.174080000000008e-07,NA,NA,NA,NA,NA,NA,NA,NA,NA,
SRC-RAW-31E69AFCF19B952DA614,SRC-RAW-31E69AFCF19B952DA614,POWER,expert_scope,42,OC,reported_total,expert_led_workbook,31.3189648,31.3189648,NA,NA,NA,NA,NA,NA,NA,NA,NA,
SRC-RAW-31E69AFCF19B952DA614,SRC-RAW-31E69AFCF19B952DA614,POWER,expert_scope,42,NH3,reported_total,expert_led_workbook,0.0,0.0,NA,NA,NA,NA,NA,NA,NA,NA,NA,
SRC-RAW-CCDE74141F81CA791FFA,SRC-RAW-CCDE74141F81CA791FFA,POWER,expert_scope,43,SO2,reported_total,expert_led_workbook,6805.034133200001,121.12960757096027,NA,NA,NA,NA,NA,NA,NA,NA,NA,
SRC-RAW-CCDE74141F81CA791FFA,SRC-RAW-CCDE74141F81CA791FFA,POWER,expert_scope,43,NOx,reported_total,expert_led_workbook,5659.8233836,848.9735075400001,NA,NA,NA,NA,NA,NA,NA,NA,NA,
SRC-RAW-CCDE74141F81CA791FFA,SRC-RAW-CCDE74141F81CA791FFA,POWER,expert_scope,43,CO,reported_total,expert_led_workbook,1569.8069999999998,1569.8069999999998,NA,NA,NA,NA,NA,NA,NA,NA,NA,
SRC-RAW-CCDE74141F81CA791FFA,SRC-RAW-CCDE74141F81CA791FFA,POWER,expert_scope,43,VOC,reported_total,expert_led_workbook,18927.49885738,37.85499771476003,NA,NA,NA,NA,NA,NA,NA,NA,NA,
SRC-RAW-CCDE74141F81CA791FFA,SRC-RAW-CCDE74141F81CA791FFA,POWER,expert_scope,43,PM10,reported_total,expert_led_workbook,4937.660888359999,19.750643553440014,NA,NA,NA,NA,NA,NA,NA,NA,NA,
SRC-RAW-CCDE74141F81CA791FFA,SRC-RAW-CCDE74141F81CA791FFA,POWER,expert_scope,43,PM2.5,reported_total,expert_led_workbook,9.878426984719999,0.03951370793888003,NA,NA,NA,NA,NA,NA,NA,NA,NA,
SRC-RAW-CCDE74141F81CA791FFA,SRC-RAW-CCDE74141F81CA791FFA,POWER,expert_scope,43,BC,reported_total,expert_led_workbook,0.0008171600000000002,3.2686400000000036e-06,NA,NA,NA,NA,NA,NA,NA,NA,NA,
SRC-RAW-CCDE74141F81CA791FFA,SRC-RAW-CCDE74141F81CA791FFA,POWER,expert_scope,43,OC,reported_total,expert_led_workbook,31.411692399999996,31.411692399999996,NA,NA,NA,NA,NA,NA,NA,NA,NA,
SRC-RAW-CCDE74141F81CA791FFA,SRC-RAW-CCDE74141F81CA791FFA,POWER,expert_scope,43,NH3,reported_total,expert_led_workbook,0.0,0.0,NA,NA,NA,NA,NA,NA,NA,NA,NA,
SRC-RAW-1B11FEEA3B4289555FFE,SRC-RAW-1B11FEEA3B4289555FFE,POWER,expert_scope,44,SO2,reported_total,expert_led_workbook,4636.328059999999,947.201822658,NA,NA,NA,NA,NA,NA,NA,NA,NA,
SRC-RAW-1B11FEEA3B4289555FFE,SRC-RAW-1B11FEEA3B4289555FFE,POWER,expert_scope,44,NOx,reported_total,expert_led_workbook,2493.4873600000005,872.7205760000002,NA,NA,NA,NA,NA,NA,NA,NA,NA,
SRC-RAW-1B11FEEA3B4289555FFE,SRC-RAW-1B11FEEA3B4289555FFE,POWER,expert_scope,44,CO,reported_total,expert_led_workbook,556.582,556.582,NA,NA,NA,NA,NA,NA,NA,NA,NA,
SRC-RAW-1B11FEEA3B4289555FFE,SRC-RAW-1B11FEEA3B4289555FFE,POWER,expert_scope,44,VOC,reported_total,expert_led_workbook,11759.59807568,23.51919615136002,NA,NA,NA,NA,NA,NA,NA,NA,NA,
SRC-RAW-1B11FEEA3B4289555FFE,SRC-RAW-1B11FEEA3B4289555FFE,POWER,expert_scope,44,PM10,reported_total,expert_led_workbook,2838.5236734400005,11.354094693760013,NA,NA,NA,NA,NA,NA,NA,NA,NA,
SRC-RAW-1B11FEEA3B4289555FFE,SRC-RAW-1B11FEEA3B4289555FFE,POWER,expert_scope,44,PM2.5,reported_total,expert_led_workbook,5.677047346880001,0.022708189387520023,NA,NA,NA,NA,NA,NA,NA,NA,NA,
SRC-RAW-1B11FEEA3B4289555FFE,SRC-RAW-1B11FEEA3B4289555FFE,POWER,expert_scope,44,BC,reported_total,expert_led_workbook,0.0,0.0,NA,NA,NA,NA,NA,NA,NA,NA,NA,
SRC-RAW-1B11FEEA3B4289555FFE,SRC-RAW-1B11FEEA3B4289555FFE,POWER,expert_scope,44,OC,reported_total,expert_led_workbook,11.131639999999999,11.131639999999999,NA,NA,NA,NA,NA,NA,NA,NA,NA,
SRC-RAW-1B11FEEA3B4289555FFE,SRC-RAW-1B11FEEA3B4289555FFE,POWER,expert_scope,44,NH3,reported_total,expert_led_workbook,0.0,0.0,NA,NA,NA,NA,NA,NA,NA,NA,NA,
SRC-RAW-FC7B087AFDADA5374D70,SRC-RAW-FC7B087AFDADA5374D70,POWER,expert_scope,45,SO2,reported_total,expert_led_workbook,765.900507,38.29502535000003,NA,NA,NA,NA,NA,NA,NA,NA,NA,
SRC-RAW-FC7B087AFDADA5374D70,SRC-RAW-FC7B087AFDADA5374D70,POWER,expert_scope,45,NOx,reported_total,expert_led_workbook,424.9206528,53.1150816,NA,NA,NA,NA,NA,NA,NA,NA,NA,
SRC-RAW-FC7B087AFDADA5374D70,SRC-RAW-FC7B087AFDADA5374D70,POWER,expert_scope,45,CO,reported_total,expert_led_workbook,94.84836,94.84836,NA,NA,NA,NA,NA,NA,NA,NA,NA,
SRC-RAW-FC7B087AFDADA5374D70,SRC-RAW-FC7B087AFDADA5374D70,POWER,expert_scope,45,VOC,reported_total,expert_led_workbook,1531.0953422015998,9.186572053209437,NA,NA,NA,NA,NA,NA,NA,NA,NA,
SRC-RAW-FC7B087AFDADA5374D70,SRC-RAW-FC7B087AFDADA5374D70,POWER,expert_scope,45,PM10,reported_total,expert_led_workbook,369.57473777280006,6.282770542137607,NA,NA,NA,NA,NA,NA,NA,NA,NA,
SRC-RAW-FC7B087AFDADA5374D70,SRC-RAW-FC7B087AFDADA5374D70,POWER,expert_scope,45,PM2.5,reported_total,expert_led_workbook,0.7391494755456002,0.012565541084275215,NA,NA,NA,NA,NA,NA,NA,NA,NA,
SRC-RAW-FC7B087AFDADA5374D70,SRC-RAW-FC7B087AFDADA5374D70,POWER,expert_scope,45,BC,reported_total,expert_led_workbook,0.0,0.0,NA,NA,NA,NA,NA,NA,NA,NA,NA,
SRC-RAW-FC7B087AFDADA5374D70,SRC-RAW-FC7B087AFDADA5374D70,POWER,expert_scope,45,OC,reported_total,expert_led_workbook,1.8969672,1.8969672,NA,NA,NA,NA,NA,NA,NA,NA,NA,
SRC-RAW-FC7B087AFDADA5374D70,SRC-RAW-FC7B087AFDADA5374D70,POWER,expert_scope,45,NH3,reported_total,expert_led_workbook,0.0,0.0,NA,NA,NA,NA,NA,NA,NA,NA,NA,
SRC-RAW-F8955A8A68B36C170B38,SRC-RAW-F8955A8A68B36C170B38,POWER,expert_scope,46,SO2,reported_total,expert_led_workbook,928.7139915999999,46.43569958000003,NA,NA,NA,NA,NA,NA,NA,NA,NA,
SRC-RAW-F8955A8A68B36C170B38,SRC-RAW-F8955A8A68B36C170B38,POWER,expert_scope,46,NOx,reported_total,expert_led_workbook,532.0509824000001,66.50637280000001,NA,NA,NA,NA,NA,NA,NA,NA,NA,
SRC-RAW-F8955A8A68B36C170B38,SRC-RAW-F8955A8A68B36C170B38,POWER,expert_scope,46,CO,reported_total,expert_led_workbook,118.76138,118.76138,NA,NA,NA,NA,NA,NA,NA,NA,NA,
SRC-RAW-F8955A8A68B36C170B38,SRC-RAW-F8955A8A68B36C170B38,POWER,expert_scope,46,VOC,reported_total,expert_led_workbook,1999.0818068088004,11.99449084085259,NA,NA,NA,NA,NA,NA,NA,NA,NA,
SRC-RAW-F8955A8A68B36C170B38,SRC-RAW-F8955A8A68B36C170B38,POWER,expert_scope,46,PM10,reported_total,expert_led_workbook,482.5369878504001,8.20312879345681,NA,NA,NA,NA,NA,NA,NA,NA,NA,
SRC-RAW-F8955A8A68B36C170B38,SRC-RAW-F8955A8A68B36C170B38,POWER,expert_scope,46,PM2.5,reported_total,expert_led_workbook,0.9650739757008002,0.01640625758691362,NA,NA,NA,NA,NA,NA,NA,NA,NA,
SRC-RAW-F8955A8A68B36C170B38,SRC-RAW-F8955A8A68B36C170B38,POWER,expert_scope,46,BC,reported_total,expert_led_workbook,0.0,0.0,NA,NA,NA,NA,NA,NA,NA,NA,NA,
SRC-RAW-F8955A8A68B36C170B38,SRC-RAW-F8955A8A68B36C170B38,POWER,expert_scope,46,OC,reported_total,expert_led_workbook,2.3752276,2.3752276,NA,NA,NA,NA,NA,NA,NA,NA,NA,
SRC-RAW-F8955A8A68B36C170B38,SRC-RAW-F8955A8A68B36C170B38,POWER,expert_scope,46,NH3,reported_total,expert_led_workbook,0.0,0.0,NA,NA,NA,NA,NA,NA,NA,NA,NA,
SRC-RAW-6ED412173EE3115F6A5E,SRC-RAW-6ED412173EE3115F6A5E,POWER,expert_scope,47,SO2,reported_total,expert_led_workbook,546.628727,27.331436350000025,NA,NA,NA,NA,NA,NA,NA,NA,NA,
SRC-RAW-6ED412173EE3115F6A5E,SRC-RAW-6ED412173EE3115F6A5E,POWER,expert_scope,47,NOx,reported_total,expert_led_workbook,303.26894080000005,37.90861760000001,NA,NA,NA,NA,NA,NA,NA,NA,NA,
SRC-RAW-6ED412173EE3115F6A5E,SRC-RAW-6ED412173EE3115F6A5E,POWER,expert_scope,47,CO,reported_total,expert_led_workbook,67.69396,67.69396,NA,NA,NA,NA,NA,NA,NA,NA,NA,
SRC-RAW-6ED412173EE3115F6A5E,SRC-RAW-6ED412173EE3115F6A5E,POWER,expert_scope,47,VOC,reported_total,expert_led_workbook,1218.6293756784,7.3117762540702715,NA,NA,NA,NA,NA,NA,NA,NA,NA,
SRC-RAW-6ED412173EE3115F6A5E,SRC-RAW-6ED412173EE3115F6A5E,POWER,expert_scope,47,PM10,reported_total,expert_led_workbook,294.1519182672001,5.000582610542406,NA,NA,NA,NA,NA,NA,NA,NA,NA,
SRC-RAW-6ED412173EE3115F6A5E,SRC-RAW-6ED412173EE3115F6A5E,POWER,expert_scope,47,PM2.5,reported_total,expert_led_workbook,0.5883038365344002,0.010001165221084813,NA,NA,NA,NA,NA,NA,NA,NA,NA,
SRC-RAW-6ED412173EE3115F6A5E,SRC-RAW-6ED412173EE3115F6A5E,POWER,expert_scope,47,BC,reported_total,expert_led_workbook,0.0,0.0,NA,NA,NA,NA,NA,NA,NA,NA,NA,
SRC-RAW-6ED412173EE3115F6A5E,SRC-RAW-6ED412173EE3115F6A5E,POWER,expert_scope,47,OC,reported_total,expert_led_workbook,1.3538792000000002,1.3538792000000002,NA,NA,NA,NA,NA,NA,NA,NA,NA,
SRC-RAW-6ED412173EE3115F6A5E,SRC-RAW-6ED412173EE3115F6A5E,POWER,expert_scope,47,NH3,reported_total,expert_led_workbook,0.0,0.0,NA,NA,NA,NA,NA,NA,NA,NA,NA,
SRC-RAW-B9E105D6FF54717E0E13,SRC-RAW-B9E105D6FF54717E0E13,POWER,expert_scope,48,SO2,reported_total,expert_led_workbook,608.0751164999999,30.403755825000022,NA,NA,NA,NA,NA,NA,NA,NA,NA,
SRC-RAW-B9E105D6FF54717E0E13,SRC-RAW-B9E105D6FF54717E0E13,POWER,expert_scope,48,NOx,reported_total,expert_led_workbook,337.35932160000004,42.169915200000005,NA,NA,NA,NA,NA,NA,NA,NA,NA,
SRC-RAW-B9E105D6FF54717E0E13,SRC-RAW-B9E105D6FF54717E0E13,POWER,expert_scope,48,CO,reported_total,expert_led_workbook,75.30342,75.30342,NA,NA,NA,NA,NA,NA,NA,NA,NA,
SRC-RAW-B9E105D6FF54717E0E13,SRC-RAW-B9E105D6FF54717E0E13,POWER,expert_scope,48,VOC,reported_total,expert_led_workbook,1265.1185409576,7.590711245745466,NA,NA,NA,NA,NA,NA,NA,NA,NA,
SRC-RAW-B9E105D6FF54717E0E13,SRC-RAW-B9E105D6FF54717E0E13,POWER,expert_scope,48,PM10,reported_total,expert_led_workbook,305.3734409208,5.191348495653605,NA,NA,NA,NA,NA,NA,NA,NA,NA,
SRC-RAW-B9E105D6FF54717E0E13,SRC-RAW-B9E105D6FF54717E0E13,POWER,expert_scope,48,PM2.5,reported_total,expert_led_workbook,0.6107468818416001,0.01038269699130721,NA,NA,NA,NA,NA,NA,NA,NA,NA,
SRC-RAW-B9E105D6FF54717E0E13,SRC-RAW-B9E105D6FF54717E0E13,POWER,expert_scope,48,BC,reported_total,expert_led_workbook,0.0,0.0,NA,NA,NA,NA,NA,NA,NA,NA,NA,
SRC-RAW-B9E105D6FF54717E0E13,SRC-RAW-B9E105D6FF54717E0E13,POWER,expert_scope,48,OC,reported_total,expert_led_workbook,1.5060684,1.5060684,NA,NA,NA,NA,NA,NA,NA,NA,NA,
SRC-RAW-B9E105D6FF54717E0E13,SRC-RAW-B9E105D6FF54717E0E13,POWER,expert_scope,48,NH3,reported_total,expert_led_workbook,0.0,0.0,NA,NA,NA,NA,NA,NA,NA,NA,NA,
SRC-RAW-A0663FFB1B7B8DF4A263,SRC-RAW-A0663FFB1B7B8DF4A263,POWER,expert_scope,49,SO2,reported_total,expert_led_workbook,216.19920000000002,13.64216952000001,NA,NA,NA,NA,NA,NA,NA,NA,NA,
SRC-RAW-A0663FFB1B7B8DF4A263,SRC-RAW-A0663FFB1B7B8DF4A263,POWER,expert_scope,49,NOx,reported_total,expert_led_workbook,203.48160000000001,61.044480000000014,NA,NA,NA,NA,NA,NA,NA,NA,NA,
SRC-RAW-A0663FFB1B7B8DF4A263,SRC-RAW-A0663FFB1B7B8DF4A263,POWER,expert_scope,49,CO,reported_total,expert_led_workbook,45.42,45.42,NA,NA,NA,NA,NA,NA,NA,NA,NA,
SRC-RAW-A0663FFB1B7B8DF4A263,SRC-RAW-A0663FFB1B7B8DF4A263,POWER,expert_scope,49,VOC,reported_total,expert_led_workbook,844.9446264000001,5.069667758399911,NA,NA,NA,NA,NA,NA,NA,NA,NA,
SRC-RAW-A0663FFB1B7B8DF4A263,SRC-RAW-A0663FFB1B7B8DF4A263,POWER,expert_scope,49,PM10,reported_total,expert_led_workbook,203.95215120000006,3.467186570400004,NA,NA,NA,NA,NA,NA,NA,NA,NA,
SRC-RAW-A0663FFB1B7B8DF4A263,SRC-RAW-A0663FFB1B7B8DF4A263,POWER,expert_scope,49,PM2.5,reported_total,expert_led_workbook,0.40790430240000014,0.0069343731408000086,NA,NA,NA,NA,NA,NA,NA,NA,NA,
SRC-RAW-A0663FFB1B7B8DF4A263,SRC-RAW-A0663FFB1B7B8DF4A263,POWER,expert_scope,49,BC,reported_total,expert_led_workbook,0.0,0.0,NA,NA,NA,NA,NA,NA,NA,NA,NA,
SRC-RAW-A0663FFB1B7B8DF4A263,SRC-RAW-A0663FFB1B7B8DF4A263,POWER,expert_scope,49,OC,reported_total,expert_led_workbook,0.9084,0.9084,NA,NA,NA,NA,NA,NA,NA,NA,NA,
SRC-RAW-A0663FFB1B7B8DF4A263,SRC-RAW-A0663FFB1B7B8DF4A263,POWER,expert_scope,49,NH3,reported_total,expert_led_workbook,0.0,0.0,NA,NA,NA,NA,NA,NA,NA,NA,NA,
SRC-RAW-5F9FA878D7B7BD57772F,SRC-RAW-5F9FA878D7B7BD57772F,POWER,expert_scope,50,SO2,reported_total,expert_led_workbook,34.15776,2.155354656000002,NA,NA,NA,NA,NA,NA,NA,NA,NA,
SRC-RAW-5F9FA878D7B7BD57772F,SRC-RAW-5F9FA878D7B7BD57772F,POWER,expert_scope,50,NOx,reported_total,expert_led_workbook,32.148480000000006,9.644544000000003,NA,NA,NA,NA,NA,NA,NA,NA,NA,
SRC-RAW-5F9FA878D7B7BD57772F,SRC-RAW-5F9FA878D7B7BD57772F,POWER,expert_scope,50,CO,reported_total,expert_led_workbook,7.176,7.176,NA,NA,NA,NA,NA,NA,NA,NA,NA,
SRC-RAW-5F9FA878D7B7BD57772F,SRC-RAW-5F9FA878D7B7BD57772F,POWER,expert_scope,50,VOC,reported_total,expert_led_workbook,133.49455392000002,0.800967323519986,NA,NA,NA,NA,NA,NA,NA,NA,NA,
SRC-RAW-5F9FA878D7B7BD57772F,SRC-RAW-5F9FA878D7B7BD57772F,POWER,expert_scope,50,PM10,reported_total,expert_led_workbook,32.22282336000001,0.5477879971200006,NA,NA,NA,NA,NA,NA,NA,NA,NA,
SRC-RAW-5F9FA878D7B7BD57772F,SRC-RAW-5F9FA878D7B7BD57772F,POWER,expert_scope,50,PM2.5,reported_total,expert_led_workbook,0.06444564672000001,0.0010955759942400012,NA,NA,NA,NA,NA,NA,NA,NA,NA,
SRC-RAW-5F9FA878D7B7BD57772F,SRC-RAW-5F9FA878D7B7BD57772F,POWER,expert_scope,50,BC,reported_total,expert_led_workbook,0.0,0.0,NA,NA,NA,NA,NA,NA,NA,NA,NA,
SRC-RAW-5F9FA878D7B7BD57772F,SRC-RAW-5F9FA878D7B7BD57772F,POWER,expert_scope,50,OC,reported_total,expert_led_workbook,0.14352,0.14352,NA,NA,NA,NA,NA,NA,NA,NA,NA,
SRC-RAW-5F9FA878D7B7BD57772F,SRC-RAW-5F9FA878D7B7BD57772F,POWER,expert_scope,50,NH3,reported_total,expert_led_workbook,0.0,0.0,NA,NA,NA,NA,NA,NA,NA,NA,NA,
SRC-RAW-528084718D6470135B6F,SRC-RAW-528084718D6470135B6F,POWER,expert_scope,51,SO2,reported_total,expert_led_workbook,247.55808000000002,15.620914848000012,NA,NA,NA,NA,NA,NA,NA,NA,NA,
SRC-RAW-528084718D6470135B6F,SRC-RAW-528084718D6470135B6F,POWER,expert_scope,51,NOx,reported_total,expert_led_workbook,232.99584000000002,69.89875200000002,NA,NA,NA,NA,NA,NA,NA,NA,NA,
SRC-RAW-528084718D6470135B6F,SRC-RAW-528084718D6470135B6F,POWER,expert_scope,51,CO,reported_total,expert_led_workbook,52.008,52.008,NA,NA,NA,NA,NA,NA,NA,NA,NA,
SRC-RAW-528084718D6470135B6F,SRC-RAW-528084718D6470135B6F,POWER,expert_scope,51,VOC,reported_total,expert_led_workbook,967.5006633600001,5.805003980159898,NA,NA,NA,NA,NA,NA,NA,NA,NA,
SRC-RAW-528084718D6470135B6F,SRC-RAW-528084718D6470135B6F,POWER,expert_scope,51,PM10,reported_total,expert_led_workbook,233.53464288000006,3.9700889289600045,NA,NA,NA,NA,NA,NA,NA,NA,NA,
SRC-RAW-528084718D6470135B6F,SRC-RAW-528084718D6470135B6F,POWER,expert_scope,51,PM2.5,reported_total,expert_led_workbook,0.4670692857600001,0.007940177857920009,NA,NA,NA,NA,NA,NA,NA,NA,NA,
SRC-RAW-528084718D6470135B6F,SRC-RAW-528084718D6470135B6F,POWER,expert_scope,51,BC,reported_total,expert_led_workbook,0.0,0.0,NA,NA,NA,NA,NA,NA,NA,NA,NA,
SRC-RAW-528084718D6470135B6F,SRC-RAW-528084718D6470135B6F,POWER,expert_scope,51,OC,reported_total,expert_led_workbook,1.04016,1.04016,NA,NA,NA,NA,NA,NA,NA,NA,NA,
SRC-RAW-528084718D6470135B6F,SRC-RAW-528084718D6470135B6F,POWER,expert_scope,51,NH3,reported_total,expert_led_workbook,0.0,0.0,NA,NA,NA,NA,NA,NA,NA,NA,NA,
SRC-RAW-D7EFD802F6C381311944,SRC-RAW-D7EFD802F6C381311944,POWER,expert_scope,52,SO2,reported_total,expert_led_workbook,2.945968422,2.945968422,NA,NA,NA,NA,NA,NA,NA,NA,NA,
SRC-RAW-D7EFD802F6C381311944,SRC-RAW-D7EFD802F6C381311944,POWER,expert_scope,52,NOx,reported_total,expert_led_workbook,1002.8620499999998,581.659989,NA,NA,NA,NA,NA,NA,NA,NA,NA,
SRC-RAW-D7EFD802F6C381311944,SRC-RAW-D7EFD802F6C381311944,POWER,expert_scope,52,CO,reported_total,expert_led_workbook,317.98065,317.98065,NA,NA,NA,NA,NA,NA,NA,NA,NA,
SRC-RAW-D7EFD802F6C381311944,SRC-RAW-D7EFD802F6C381311944,POWER,expert_scope,52,VOC,reported_total,expert_led_workbook,7.3380149999999995,7.3380149999999995,NA,NA,NA,NA,NA,NA,NA,NA,NA,
SRC-RAW-D7EFD802F6C381311944,SRC-RAW-D7EFD802F6C381311944,POWER,expert_scope,52,PM10,reported_total,expert_led_workbook,7.3380149999999995,7.3380149999999995,NA,NA,NA,NA,NA,NA,NA,NA,NA,
SRC-RAW-D7EFD802F6C381311944,SRC-RAW-D7EFD802F6C381311944,POWER,expert_scope,52,PM2.5,reported_total,expert_led_workbook,0.0,0.0,NA,NA,NA,NA,NA,NA,NA,NA,NA,
SRC-RAW-D7EFD802F6C381311944,SRC-RAW-D7EFD802F6C381311944,POWER,expert_scope,52,BC,reported_total,expert_led_workbook,0.0,0.0,NA,NA,NA,NA,NA,NA,NA,NA,NA,
SRC-RAW-D7EFD802F6C381311944,SRC-RAW-D7EFD802F6C381311944,POWER,expert_scope,52,OC,reported_total,expert_led_workbook,4.89201,4.89201,NA,NA,NA,NA,NA,NA,NA,NA,NA,
SRC-RAW-D7EFD802F6C381311944,SRC-RAW-D7EFD802F6C381311944,POWER,expert_scope,52,NH3,reported_total,expert_led_workbook,0.0,0.0,NA,NA,NA,NA,NA,NA,NA,NA,NA,
SRC-RAW-F2BF0E81A1C47CD116FF,SRC-RAW-F2BF0E81A1C47CD116FF,POWER,expert_scope,53,SO2,reported_total,expert_led_workbook,2.8873237772,2.8873237772,NA,NA,NA,NA,NA,NA,NA,NA,NA,
SRC-RAW-F2BF0E81A1C47CD116FF,SRC-RAW-F2BF0E81A1C47CD116FF,POWER,expert_scope,53,NOx,reported_total,expert_led_workbook,982.89833,570.0810314,NA,NA,NA,NA,NA,NA,NA,NA,NA,
SRC-RAW-F2BF0E81A1C47CD116FF,SRC-RAW-F2BF0E81A1C47CD116FF,POWER,expert_scope,53,CO,reported_total,expert_led_workbook,311.65069000000005,311.65069000000005,NA,NA,NA,NA,NA,NA,NA,NA,NA,
SRC-RAW-F2BF0E81A1C47CD116FF,SRC-RAW-F2BF0E81A1C47CD116FF,POWER,expert_scope,53,VOC,reported_total,expert_led_workbook,7.191939,7.191939,NA,NA,NA,NA,NA,NA,NA,NA,NA,
SRC-RAW-F2BF0E81A1C47CD116FF,SRC-RAW-F2BF0E81A1C47CD116FF,POWER,expert_scope,53,PM10,reported_total,expert_led_workbook,7.191939,7.191939,NA,NA,NA,NA,NA,NA,NA,NA,NA,
SRC-RAW-F2BF0E81A1C47CD116FF,SRC-RAW-F2BF0E81A1C47CD116FF,POWER,expert_scope,53,PM2.5,reported_total,expert_led_workbook,0.0,0.0,NA,NA,NA,NA,NA,NA,NA,NA,NA,
SRC-RAW-F2BF0E81A1C47CD116FF,SRC-RAW-F2BF0E81A1C47CD116FF,POWER,expert_scope,53,BC,reported_total,expert_led_workbook,0.0,0.0,NA,NA,NA,NA,NA,NA,NA,NA,NA,
SRC-RAW-F2BF0E81A1C47CD116FF,SRC-RAW-F2BF0E81A1C47CD116FF,POWER,expert_scope,53,OC,reported_total,expert_led_workbook,4.794626,4.794626,NA,NA,NA,NA,NA,NA,NA,NA,NA,
SRC-RAW-F2BF0E81A1C47CD116FF,SRC-RAW-F2BF0E81A1C47CD116FF,POWER,expert_scope,53,NH3,reported_total,expert_led_workbook,0.0,0.0,NA,NA,NA,NA,NA,NA,NA,NA,NA,
SRC-RAW-3EF4C285FA23D36D8A39,SRC-RAW-3EF4C285FA23D36D8A39,POWER,expert_scope,54,SO2,reported_total,expert_led_workbook,10585.03491566,529.2517457830005,NA,NA,NA,NA,NA,NA,NA,NA,NA,
SRC-RAW-3EF4C285FA23D36D8A39,SRC-RAW-3EF4C285FA23D36D8A39,POWER,expert_scope,54,NOx,reported_total,expert_led_workbook,7241.42639289,1086.2139589335002,NA,NA,NA,NA,NA,NA,NA,NA,NA,
SRC-RAW-3EF4C285FA23D36D8A39,SRC-RAW-3EF4C285FA23D36D8A39,POWER,expert_scope,54,CO,reported_total,expert_led_workbook,2008.5243932,2008.5243932,NA,NA,NA,NA,NA,NA,NA,NA,NA,
SRC-RAW-3EF4C285FA23D36D8A39,SRC-RAW-3EF4C285FA23D36D8A39,POWER,expert_scope,54,VOC,reported_total,expert_led_workbook,28288.25628718325,169.7295377230965,NA,NA,NA,NA,NA,NA,NA,NA,NA,
SRC-RAW-3EF4C285FA23D36D8A39,SRC-RAW-3EF4C285FA23D36D8A39,POWER,expert_scope,54,PM10,reported_total,expert_led_workbook,7379.594230656498,125.45310192116058,NA,NA,NA,NA,NA,NA,NA,NA,NA,
SRC-RAW-3EF4C285FA23D36D8A39,SRC-RAW-3EF4C285FA23D36D8A39,POWER,expert_scope,54,PM2.5,reported_total,expert_led_workbook,14.760384489312997,0.2509265363183212,NA,NA,NA,NA,NA,NA,NA,NA,NA,
SRC-RAW-3EF4C285FA23D36D8A39,SRC-RAW-3EF4C285FA23D36D8A39,POWER,expert_scope,54,BC,reported_total,expert_led_workbook,0.00531568,9.036656000000007e-05,NA,NA,NA,NA,NA,NA,NA,NA,NA,
SRC-RAW-3EF4C285FA23D36D8A39,SRC-RAW-3EF4C285FA23D36D8A39,POWER,expert_scope,54,OC,reported_total,expert_led_workbook,40.186169119999995,40.186169119999995,NA,NA,NA,NA,NA,NA,NA,NA,NA,
SRC-RAW-3EF4C285FA23D36D8A39,SRC-RAW-3EF4C285FA23D36D8A39,POWER,expert_scope,54,NH3,reported_total,expert_led_workbook,0.0,0.0,NA,NA,NA,NA,NA,NA,NA,NA,NA,
SRC-RAW-4BAF29D777E9EDB3D5F5,SRC-RAW-4BAF29D777E9EDB3D5F5,POWER,expert_scope,55,SO2,reported_total,expert_led_workbook,9246.172369887,462.30861849435036,NA,NA,NA,NA,NA,NA,NA,NA,NA,
SRC-RAW-4BAF29D777E9EDB3D5F5,SRC-RAW-4BAF29D777E9EDB3D5F5,POWER,expert_scope,55,NOx,reported_total,expert_led_workbook,6118.552938309999,917.7829407465,NA,NA,NA,NA,NA,NA,NA,NA,NA,
SRC-RAW-4BAF29D777E9EDB3D5F5,SRC-RAW-4BAF29D777E9EDB3D5F5,POWER,expert_scope,55,CO,reported_total,expert_led_workbook,1696.9892296,1696.9892296,NA,NA,NA,NA,NA,NA,NA,NA,NA,
SRC-RAW-4BAF29D777E9EDB3D5F5,SRC-RAW-4BAF29D777E9EDB3D5F5,POWER,expert_scope,55,VOC,reported_total,expert_led_workbook,25846.619881008504,155.0797192860483,NA,NA,NA,NA,NA,NA,NA,NA,NA,
SRC-RAW-4BAF29D777E9EDB3D5F5,SRC-RAW-4BAF29D777E9EDB3D5F5,POWER,expert_scope,55,PM10,reported_total,expert_led_workbook,6742.6604794370005,114.62522815042911,NA,NA,NA,NA,NA,NA,NA,NA,NA,
SRC-RAW-4BAF29D777E9EDB3D5F5,SRC-RAW-4BAF29D777E9EDB3D5F5,POWER,expert_scope,55,PM2.5,reported_total,expert_led_workbook,13.486879272874003,0.22927694763885825,NA,NA,NA,NA,NA,NA,NA,NA,NA,
SRC-RAW-4BAF29D777E9EDB3D5F5,SRC-RAW-4BAF29D777E9EDB3D5F5,POWER,expert_scope,55,BC,reported_total,expert_led_workbook,0.00692584,0.0001177392800000001,NA,NA,NA,NA,NA,NA,NA,NA,NA,
SRC-RAW-4BAF29D777E9EDB3D5F5,SRC-RAW-4BAF29D777E9EDB3D5F5,POWER,expert_scope,55,OC,reported_total,expert_led_workbook,33.960215819999995,33.960215819999995,NA,NA,NA,NA,NA,NA,NA,NA,NA,
SRC-RAW-4BAF29D777E9EDB3D5F5,SRC-RAW-4BAF29D777E9EDB3D5F5,POWER,expert_scope,55,NH3,reported_total,expert_led_workbook,0.0,0.0,NA,NA,NA,NA,NA,NA,NA,NA,NA,
SRC-RAW-E2904304246853CD4377,SRC-RAW-E2904304246853CD4377,POWER,expert_scope,56,SO2,reported_total,expert_led_workbook,733.07162,131.95289160000004,NA,NA,NA,NA,NA,NA,NA,NA,NA,
SRC-RAW-E2904304246853CD4377,SRC-RAW-E2904304246853CD4377,POWER,expert_scope,56,NOx,reported_total,expert_led_workbook,364.50176,80.19038719999999,NA,NA,NA,NA,NA,NA,NA,NA,NA,
SRC-RAW-E2904304246853CD4377,SRC-RAW-E2904304246853CD4377,POWER,expert_scope,56,CO,reported_total,expert_led_workbook,81.362,81.362,NA,NA,NA,NA,NA,NA,NA,NA,NA,
SRC-RAW-E2904304246853CD4377,SRC-RAW-E2904304246853CD4377,POWER,expert_scope,56,VOC,reported_total,expert_led_workbook,1692.60948528,3.385218970560003,NA,NA,NA,NA,NA,NA,NA,NA,NA,
SRC-RAW-E2904304246853CD4377,SRC-RAW-E2904304246853CD4377,POWER,expert_scope,56,PM10,reported_total,expert_led_workbook,408.56091024000006,1.6342436409600016,NA,NA,NA,NA,NA,NA,NA,NA,NA,
SRC-RAW-E2904304246853CD4377,SRC-RAW-E2904304246853CD4377,POWER,expert_scope,56,PM2.5,reported_total,expert_led_workbook,0.8171218204800001,0.0032684872819200034,NA,NA,NA,NA,NA,NA,NA,NA,NA,
SRC-RAW-E2904304246853CD4377,SRC-RAW-E2904304246853CD4377,POWER,expert_scope,56,BC,reported_total,expert_led_workbook,0.0,0.0,NA,NA,NA,NA,NA,NA,NA,NA,NA,
SRC-RAW-E2904304246853CD4377,SRC-RAW-E2904304246853CD4377,POWER,expert_scope,56,OC,reported_total,expert_led_workbook,1.62724,1.62724,NA,NA,NA,NA,NA,NA,NA,NA,NA,
SRC-RAW-E2904304246853CD4377,SRC-RAW-E2904304246853CD4377,POWER,expert_scope,56,NH3,reported_total,expert_led_workbook,0.0,0.0,NA,NA,NA,NA,NA,NA,NA,NA,NA,
SRC-RAW-FDFE95400C5A21E1B52F,SRC-RAW-FDFE95400C5A21E1B52F,POWER,expert_scope,57,SO2,reported_total,expert_led_workbook,5.613633,5.613633,NA,NA,NA,NA,NA,NA,NA,NA,NA,
SRC-RAW-FDFE95400C5A21E1B52F,SRC-RAW-FDFE95400C5A21E1B52F,POWER,expert_scope,57,NOx,reported_total,expert_led_workbook,76.719651,44.497397580000005,NA,NA,NA,NA,NA,NA,NA,NA,NA,
SRC-RAW-FDFE95400C5A21E1B52F,SRC-RAW-FDFE95400C5A21E1B52F,POWER,expert_scope,57,CO,reported_total,expert_led_workbook,24.325743000000003,24.325743000000003,NA,NA,NA,NA,NA,NA,NA,NA,NA,
SRC-RAW-FDFE95400C5A21E1B52F,SRC-RAW-FDFE95400C5A21E1B52F,POWER,expert_scope,57,VOC,reported_total,expert_led_workbook,0.5613633,0.5613633,NA,NA,NA,NA,NA,NA,NA,NA,NA,
SRC-RAW-FDFE95400C5A21E1B52F,SRC-RAW-FDFE95400C5A21E1B52F,POWER,expert_scope,57,PM10,reported_total,expert_led_workbook,0.5613633,0.5613633,NA,NA,NA,NA,NA,NA,NA,NA,NA,
SRC-RAW-FDFE95400C5A21E1B52F,SRC-RAW-FDFE95400C5A21E1B52F,POWER,expert_scope,57,PM2.5,reported_total,expert_led_workbook,0.0,0.0,NA,NA,NA,NA,NA,NA,NA,NA,NA,
SRC-RAW-FDFE95400C5A21E1B52F,SRC-RAW-FDFE95400C5A21E1B52F,POWER,expert_scope,57,BC,reported_total,expert_led_workbook,0.0,0.0,NA,NA,NA,NA,NA,NA,NA,NA,NA,
SRC-RAW-FDFE95400C5A21E1B52F,SRC-RAW-FDFE95400C5A21E1B52F,POWER,expert_scope,57,OC,reported_total,expert_led_workbook,0.3742422,0.3742422,NA,NA,NA,NA,NA,NA,NA,NA,NA,
SRC-RAW-FDFE95400C5A21E1B52F,SRC-RAW-FDFE95400C5A21E1B52F,POWER,expert_scope,57,NH3,reported_total,expert_led_workbook,0.0,0.0,NA,NA,NA,NA,NA,NA,NA,NA,NA,
SRC-RAW-410848371960E43F807D,SRC-RAW-410848371960E43F807D,POWER,expert_scope,58,SO2,reported_total,expert_led_workbook,2.6942789999999994,2.6942789999999994,NA,NA,NA,NA,NA,NA,NA,NA,NA,
SRC-RAW-410848371960E43F807D,SRC-RAW-410848371960E43F807D,POWER,expert_scope,58,NOx,reported_total,expert_led_workbook,36.821813,21.35665154,NA,NA,NA,NA,NA,NA,NA,NA,NA,
SRC-RAW-410848371960E43F807D,SRC-RAW-410848371960E43F807D,POWER,expert_scope,58,CO,reported_total,expert_led_workbook,11.675209,11.675209,NA,NA,NA,NA,NA,NA,NA,NA,NA,
SRC-RAW-410848371960E43F807D,SRC-RAW-410848371960E43F807D,POWER,expert_scope,58,VOC,reported_total,expert_led_workbook,0.26942789999999994,0.26942789999999994,NA,NA,NA,NA,NA,NA,NA,NA,NA,
SRC-RAW-410848371960E43F807D,SRC-RAW-410848371960E43F807D,POWER,expert_scope,58,PM10,reported_total,expert_led_workbook,0.26942789999999994,0.26942789999999994,NA,NA,NA,NA,NA,NA,NA,NA,NA,
SRC-RAW-410848371960E43F807D,SRC-RAW-410848371960E43F807D,POWER,expert_scope,58,PM2.5,reported_total,expert_led_workbook,0.0,0.0,NA,NA,NA,NA,NA,NA,NA,NA,NA,
SRC-RAW-410848371960E43F807D,SRC-RAW-410848371960E43F807D,POWER,expert_scope,58,BC,reported_total,expert_led_workbook,0.0,0.0,NA,NA,NA,NA,NA,NA,NA,NA,NA,
SRC-RAW-410848371960E43F807D,SRC-RAW-410848371960E43F807D,POWER,expert_scope,58,OC,reported_total,expert_led_workbook,0.1796186,0.1796186,NA,NA,NA,NA,NA,NA,NA,NA,NA,
SRC-RAW-410848371960E43F807D,SRC-RAW-410848371960E43F807D,POWER,expert_scope,58,NH3,reported_total,expert_led_workbook,0.0,0.0,NA,NA,NA,NA,NA,NA,NA,NA,NA,
SRC-RAW-E9553B256B7E6AEFE791,SRC-RAW-E9553B256B7E6AEFE791,POWER,expert_scope,59,SO2,reported_total,expert_led_workbook,7627.390598399998,381.3695299200003,NA,NA,NA,NA,NA,NA,NA,NA,NA,
SRC-RAW-E9553B256B7E6AEFE791,SRC-RAW-E9553B256B7E6AEFE791,POWER,expert_scope,59,NOx,reported_total,expert_led_workbook,6739.3978204,1347.8795640799997,NA,NA,NA,NA,NA,NA,NA,NA,NA,
SRC-RAW-E9553B256B7E6AEFE791,SRC-RAW-E9553B256B7E6AEFE791,POWER,expert_scope,59,CO,reported_total,expert_led_workbook,1869.45848,1869.45848,NA,NA,NA,NA,NA,NA,NA,NA,NA,
SRC-RAW-E9553B256B7E6AEFE791,SRC-RAW-E9553B256B7E6AEFE791,POWER,expert_scope,59,VOC,reported_total,expert_led_workbook,19348.895268,116.09337160799795,NA,NA,NA,NA,NA,NA,NA,NA,NA,
SRC-RAW-E9553B256B7E6AEFE791,SRC-RAW-E9553B256B7E6AEFE791,POWER,expert_scope,59,PM10,reported_total,expert_led_workbook,5047.537896,85.80814423200007,NA,NA,NA,NA,NA,NA,NA,NA,NA,
SRC-RAW-E9553B256B7E6AEFE791,SRC-RAW-E9553B256B7E6AEFE791,POWER,expert_scope,59,PM2.5,reported_total,expert_led_workbook,10.095075792,0.17161628846400015,NA,NA,NA,NA,NA,NA,NA,NA,NA,
SRC-RAW-E9553B256B7E6AEFE791,SRC-RAW-E9553B256B7E6AEFE791,POWER,expert_scope,59,BC,reported_total,expert_led_workbook,0.0,0.0,NA,NA,NA,NA,NA,NA,NA,NA,NA,
SRC-RAW-E9553B256B7E6AEFE791,SRC-RAW-E9553B256B7E6AEFE791,POWER,expert_scope,59,OC,reported_total,expert_led_workbook,37.3891696,37.3891696,NA,NA,NA,NA,NA,NA,NA,NA,NA,
SRC-RAW-E9553B256B7E6AEFE791,SRC-RAW-E9553B256B7E6AEFE791,POWER,expert_scope,59,NH3,reported_total,expert_led_workbook,0.0,0.0,NA,NA,NA,NA,NA,NA,NA,NA,NA,
SRC-RAW-82B5828D08384E0505B2,SRC-RAW-82B5828D08384E0505B2,POWER,expert_scope,60,SO2,reported_total,expert_led_workbook,6631.572431999999,331.57862160000025,NA,NA,NA,NA,NA,NA,NA,NA,NA,
SRC-RAW-82B5828D08384E0505B2,SRC-RAW-82B5828D08384E0505B2,POWER,expert_scope,60,NOx,reported_total,expert_led_workbook,5859.514367,1171.9028733999996,NA,NA,NA,NA,NA,NA,NA,NA,NA,
SRC-RAW-82B5828D08384E0505B2,SRC-RAW-82B5828D08384E0505B2,POWER,expert_scope,60,CO,reported_total,expert_led_workbook,1625.3854,1625.3854,NA,NA,NA,NA,NA,NA,NA,NA,NA,
SRC-RAW-82B5828D08384E0505B2,SRC-RAW-82B5828D08384E0505B2,POWER,expert_scope,60,VOC,reported_total,expert_led_workbook,16766.663093699997,100.59997856219822,NA,NA,NA,NA,NA,NA,NA,NA,NA,
SRC-RAW-82B5828D08384E0505B2,SRC-RAW-82B5828D08384E0505B2,POWER,expert_scope,60,PM10,reported_total,expert_led_workbook,4373.912111399999,74.35650589380005,NA,NA,NA,NA,NA,NA,NA,NA,NA,
SRC-RAW-82B5828D08384E0505B2,SRC-RAW-82B5828D08384E0505B2,POWER,expert_scope,60,PM2.5,reported_total,expert_led_workbook,8.747824222799998,0.1487130117876001,NA,NA,NA,NA,NA,NA,NA,NA,NA,
SRC-RAW-82B5828D08384E0505B2,SRC-RAW-82B5828D08384E0505B2,POWER,expert_scope,60,BC,reported_total,expert_led_workbook,0.0,0.0,NA,NA,NA,NA,NA,NA,NA,NA,NA,
SRC-RAW-82B5828D08384E0505B2,SRC-RAW-82B5828D08384E0505B2,POWER,expert_scope,60,OC,reported_total,expert_led_workbook,32.507708,32.507708,NA,NA,NA,NA,NA,NA,NA,NA,NA,
SRC-RAW-82B5828D08384E0505B2,SRC-RAW-82B5828D08384E0505B2,POWER,expert_scope,60,NH3,reported_total,expert_led_workbook,0.0,0.0,NA,NA,NA,NA,NA,NA,NA,NA,NA,
SRC-RAW-0C5EB7447E404E0508DD,SRC-RAW-0C5EB7447E404E0508DD,POWER,expert_scope,61,SO2,reported_total,expert_led_workbook,0.16921189240000004,0.16921189240000004,NA,NA,NA,NA,NA,NA,NA,NA,NA,
SRC-RAW-0C5EB7447E404E0508DD,SRC-RAW-0C5EB7447E404E0508DD,POWER,expert_scope,61,NOx,reported_total,expert_led_workbook,1508.192954,331.80244988,NA,NA,NA,NA,NA,NA,NA,NA,NA,
SRC-RAW-0C5EB7447E404E0508DD,SRC-RAW-0C5EB7447E404E0508DD,POWER,expert_scope,61,CO,reported_total,expert_led_workbook,478.207522,478.207522,NA,NA,NA,NA,NA,NA,NA,NA,NA,
SRC-RAW-0C5EB7447E404E0508DD,SRC-RAW-0C5EB7447E404E0508DD,POWER,expert_scope,61,VOC,reported_total,expert_led_workbook,11.0355582,11.0355582,NA,NA,NA,NA,NA,NA,NA,NA,NA,
SRC-RAW-0C5EB7447E404E0508DD,SRC-RAW-0C5EB7447E404E0508DD,POWER,expert_scope,61,PM10,reported_total,expert_led_workbook,11.0355582,11.0355582,NA,NA,NA,NA,NA,NA,NA,NA,NA,
SRC-RAW-0C5EB7447E404E0508DD,SRC-RAW-0C5EB7447E404E0508DD,POWER,expert_scope,61,PM2.5,reported_total,expert_led_workbook,0.0,0.0,NA,NA,NA,NA,NA,NA,NA,NA,NA,
SRC-RAW-0C5EB7447E404E0508DD,SRC-RAW-0C5EB7447E404E0508DD,POWER,expert_scope,61,BC,reported_total,expert_led_workbook,0.0,0.0,NA,NA,NA,NA,NA,NA,NA,NA,NA,
SRC-RAW-0C5EB7447E404E0508DD,SRC-RAW-0C5EB7447E404E0508DD,POWER,expert_scope,61,OC,reported_total,expert_led_workbook,7.3570388,7.3570388,NA,NA,NA,NA,NA,NA,NA,NA,NA,
SRC-RAW-0C5EB7447E404E0508DD,SRC-RAW-0C5EB7447E404E0508DD,POWER,expert_scope,61,NH3,reported_total,expert_led_workbook,0.0,0.0,NA,NA,NA,NA,NA,NA,NA,NA,NA,
SRC-RAW-289E215CDA4C375824BF,SRC-RAW-289E215CDA4C375824BF,POWER,expert_scope,62,SO2,reported_total,expert_led_workbook,0.218109207,0.218109207,NA,NA,NA,NA,NA,NA,NA,NA,NA,
SRC-RAW-289E215CDA4C375824BF,SRC-RAW-289E215CDA4C375824BF,POWER,expert_scope,62,NOx,reported_total,expert_led_workbook,1944.0168449999996,427.6837058999999,NA,NA,NA,NA,NA,NA,NA,NA,NA,
SRC-RAW-289E215CDA4C375824BF,SRC-RAW-289E215CDA4C375824BF,POWER,expert_scope,62,CO,reported_total,expert_led_workbook,616.395585,616.395585,NA,NA,NA,NA,NA,NA,NA,NA,NA,
SRC-RAW-289E215CDA4C375824BF,SRC-RAW-289E215CDA4C375824BF,POWER,expert_scope,62,VOC,reported_total,expert_led_workbook,14.224513499999999,14.224513499999999,NA,NA,NA,NA,NA,NA,NA,NA,NA,
SRC-RAW-289E215CDA4C375824BF,SRC-RAW-289E215CDA4C375824BF,POWER,expert_scope,62,PM10,reported_total,expert_led_workbook,14.224513499999999,14.224513499999999,NA,NA,NA,NA,NA,NA,NA,NA,NA,
SRC-RAW-289E215CDA4C375824BF,SRC-RAW-289E215CDA4C375824BF,POWER,expert_scope,62,PM2.5,reported_total,expert_led_workbook,0.0,0.0,NA,NA,NA,NA,NA,NA,NA,NA,NA,
SRC-RAW-289E215CDA4C375824BF,SRC-RAW-289E215CDA4C375824BF,POWER,expert_scope,62,BC,reported_total,expert_led_workbook,0.0,0.0,NA,NA,NA,NA,NA,NA,NA,NA,NA,
SRC-RAW-289E215CDA4C375824BF,SRC-RAW-289E215CDA4C375824BF,POWER,expert_scope,62,OC,reported_total,expert_led_workbook,9.483009,9.483009,NA,NA,NA,NA,NA,NA,NA,NA,NA,
SRC-RAW-289E215CDA4C375824BF,SRC-RAW-289E215CDA4C375824BF,POWER,expert_scope,62,NH3,reported_total,expert_led_workbook,0.0,0.0,NA,NA,NA,NA,NA,NA,NA,NA,NA,
SRC-RAW-03DE8EF23ED7B791BADC,SRC-RAW-03DE8EF23ED7B791BADC,POWER,expert_scope,63,SO2,reported_total,expert_led_workbook,30925.50645994,649.4356356587372,NA,NA,NA,NA,NA,NA,NA,NA,NA,
SRC-RAW-03DE8EF23ED7B791BADC,SRC-RAW-03DE8EF23ED7B791BADC,POWER,expert_scope,63,NOx,reported_total,expert_led_workbook,12777.78907174,1916.6683607610003,NA,NA,NA,NA,NA,NA,NA,NA,NA,
SRC-RAW-03DE8EF23ED7B791BADC,SRC-RAW-03DE8EF23ED7B791BADC,POWER,expert_scope,63,CO,reported_total,expert_led_workbook,3544.462988,3544.462988,NA,NA,NA,NA,NA,NA,NA,NA,NA,
SRC-RAW-03DE8EF23ED7B791BADC,SRC-RAW-03DE8EF23ED7B791BADC,POWER,expert_scope,63,VOC,reported_total,expert_led_workbook,136188.96806523064,817.1338083913695,NA,NA,NA,NA,NA,NA,NA,NA,NA,
SRC-RAW-03DE8EF23ED7B791BADC,SRC-RAW-03DE8EF23ED7B791BADC,POWER,expert_scope,63,PM10,reported_total,expert_led_workbook,32873.199188159124,558.8443861987056,NA,NA,NA,NA,NA,NA,NA,NA,NA,
SRC-RAW-03DE8EF23ED7B791BADC,SRC-RAW-03DE8EF23ED7B791BADC,POWER,expert_scope,63,PM2.5,reported_total,expert_led_workbook,65.74639837631824,1.1176887723974112,NA,NA,NA,NA,NA,NA,NA,NA,NA,
SRC-RAW-03DE8EF23ED7B791BADC,SRC-RAW-03DE8EF23ED7B791BADC,POWER,expert_scope,63,BC,reported_total,expert_led_workbook,0.0,0.0,NA,NA,NA,NA,NA,NA,NA,NA,NA,
SRC-RAW-03DE8EF23ED7B791BADC,SRC-RAW-03DE8EF23ED7B791BADC,POWER,expert_scope,63,OC,reported_total,expert_led_workbook,70.88925976,70.88925976,NA,NA,NA,NA,NA,NA,NA,NA,NA,
SRC-RAW-03DE8EF23ED7B791BADC,SRC-RAW-03DE8EF23ED7B791BADC,POWER,expert_scope,63,NH3,reported_total,expert_led_workbook,0.0,0.0,NA,NA,NA,NA,NA,NA,NA,NA,NA,
SRC-RAW-0FD82B1672C4D5D5BD9F,SRC-RAW-0FD82B1672C4D5D5BD9F,POWER,expert_scope,64,SO2,reported_total,expert_led_workbook,27639.14247697,580.4219920163674,NA,NA,NA,NA,NA,NA,NA,NA,NA,
SRC-RAW-0FD82B1672C4D5D5BD9F,SRC-RAW-0FD82B1672C4D5D5BD9F,POWER,expert_scope,64,NOx,reported_total,expert_led_workbook,11419.93044227,1712.9895663405005,NA,NA,NA,NA,NA,NA,NA,NA,NA,
SRC-RAW-0FD82B1672C4D5D5BD9F,SRC-RAW-0FD82B1672C4D5D5BD9F,POWER,expert_scope,64,CO,reported_total,expert_led_workbook,3167.803174,3167.803174,NA,NA,NA,NA,NA,NA,NA,NA,NA,
SRC-RAW-0FD82B1672C4D5D5BD9F,SRC-RAW-0FD82B1672C4D5D5BD9F,POWER,expert_scope,64,VOC,reported_total,expert_led_workbook,121691.29205808288,730.1477523484845,NA,NA,NA,NA,NA,NA,NA,NA,NA,
SRC-RAW-0FD82B1672C4D5D5BD9F,SRC-RAW-0FD82B1672C4D5D5BD9F,POWER,expert_scope,64,PM10,reported_total,expert_led_workbook,29373.760151951043,499.3539225831682,NA,NA,NA,NA,NA,NA,NA,NA,NA,
SRC-RAW-0FD82B1672C4D5D5BD9F,SRC-RAW-0FD82B1672C4D5D5BD9F,POWER,expert_scope,64,PM2.5,reported_total,expert_led_workbook,58.74752030390209,0.9987078451663365,NA,NA,NA,NA,NA,NA,NA,NA,NA,
SRC-RAW-0FD82B1672C4D5D5BD9F,SRC-RAW-0FD82B1672C4D5D5BD9F,POWER,expert_scope,64,BC,reported_total,expert_led_workbook,0.0,0.0,NA,NA,NA,NA,NA,NA,NA,NA,NA,
SRC-RAW-0FD82B1672C4D5D5BD9F,SRC-RAW-0FD82B1672C4D5D5BD9F,POWER,expert_scope,64,OC,reported_total,expert_led_workbook,63.35606348,63.35606348,NA,NA,NA,NA,NA,NA,NA,NA,NA,
SRC-RAW-0FD82B1672C4D5D5BD9F,SRC-RAW-0FD82B1672C4D5D5BD9F,POWER,expert_scope,64,NH3,reported_total,expert_led_workbook,0.0,0.0,NA,NA,NA,NA,NA,NA,NA,NA,NA,
SRC-RAW-478EECAEF6262579E02C,SRC-RAW-478EECAEF6262579E02C,POWER,expert_scope,65,SO2,reported_total,expert_led_workbook,0.050201145600000004,0.04016091648,NA,NA,NA,NA,NA,NA,NA,NA,NA,
SRC-RAW-478EECAEF6262579E02C,SRC-RAW-478EECAEF6262579E02C,POWER,expert_scope,65,NOx,reported_total,expert_led_workbook,5.272148999999999,3.0578464199999997,NA,NA,NA,NA,NA,NA,NA,NA,NA,
SRC-RAW-478EECAEF6262579E02C,SRC-RAW-478EECAEF6262579E02C,POWER,expert_scope,65,CO,reported_total,expert_led_workbook,1.6716570000000002,1.6716570000000002,NA,NA,NA,NA,NA,NA,NA,NA,NA,
SRC-RAW-478EECAEF6262579E02C,SRC-RAW-478EECAEF6262579E02C,POWER,expert_scope,65,VOC,reported_total,expert_led_workbook,0.0385767,0.0005014971000000004,NA,NA,NA,NA,NA,NA,NA,NA,NA,
SRC-RAW-478EECAEF6262579E02C,SRC-RAW-478EECAEF6262579E02C,POWER,expert_scope,65,PM10,reported_total,expert_led_workbook,0.0385767,0.001157301000000001,NA,NA,NA,NA,NA,NA,NA,NA,NA,
SRC-RAW-478EECAEF6262579E02C,SRC-RAW-478EECAEF6262579E02C,POWER,expert_scope,65,PM2.5,reported_total,expert_led_workbook,0.0,0.0,NA,NA,NA,NA,NA,NA,NA,NA,NA,
SRC-RAW-478EECAEF6262579E02C,SRC-RAW-478EECAEF6262579E02C,POWER,expert_scope,65,BC,reported_total,expert_led_workbook,0.0,0.0,NA,NA,NA,NA,NA,NA,NA,NA,NA,
SRC-RAW-478EECAEF6262579E02C,SRC-RAW-478EECAEF6262579E02C,POWER,expert_scope,65,OC,reported_total,expert_led_workbook,0.0257178,0.0257178,NA,NA,NA,NA,NA,NA,NA,NA,NA,
SRC-RAW-478EECAEF6262579E02C,SRC-RAW-478EECAEF6262579E02C,POWER,expert_scope,65,NH3,reported_total,expert_led_workbook,0.0,0.0,NA,NA,NA,NA,NA,NA,NA,NA,NA,
SRC-RAW-0AF7A8DF6AD38D37CD11,SRC-RAW-0AF7A8DF6AD38D37CD11,POWER,expert_scope,66,SO2,reported_total,expert_led_workbook,19.65924648,2.7916130001600004,NA,NA,NA,NA,NA,NA,NA,NA,NA,
SRC-RAW-0AF7A8DF6AD38D37CD11,SRC-RAW-0AF7A8DF6AD38D37CD11,POWER,expert_scope,66,NOx,reported_total,expert_led_workbook,1134.9332685,397.22664397499994,NA,NA,NA,NA,NA,NA,NA,NA,NA,
SRC-RAW-0AF7A8DF6AD38D37CD11,SRC-RAW-0AF7A8DF6AD38D37CD11,POWER,expert_scope,66,CO,reported_total,expert_led_workbook,1092.8987029999998,1092.8987029999998,NA,NA,NA,NA,NA,NA,NA,NA,NA,
SRC-RAW-0AF7A8DF6AD38D37CD11,SRC-RAW-0AF7A8DF6AD38D37CD11,POWER,expert_scope,66,VOC,reported_total,expert_led_workbook,25.220739299999998,0.05044147860000004,NA,NA,NA,NA,NA,NA,NA,NA,NA,
SRC-RAW-0AF7A8DF6AD38D37CD11,SRC-RAW-0AF7A8DF6AD38D37CD11,POWER,expert_scope,66,PM10,reported_total,expert_led_workbook,25.220739299999998,0.10088295720000008,NA,NA,NA,NA,NA,NA,NA,NA,NA,
SRC-RAW-0AF7A8DF6AD38D37CD11,SRC-RAW-0AF7A8DF6AD38D37CD11,POWER,expert_scope,66,PM2.5,reported_total,expert_led_workbook,0.0,0.0,NA,NA,NA,NA,NA,NA,NA,NA,NA,
SRC-RAW-0AF7A8DF6AD38D37CD11,SRC-RAW-0AF7A8DF6AD38D37CD11,POWER,expert_scope,66,BC,reported_total,expert_led_workbook,0.0,0.0,NA,NA,NA,NA,NA,NA,NA,NA,NA,
SRC-RAW-0AF7A8DF6AD38D37CD11,SRC-RAW-0AF7A8DF6AD38D37CD11,POWER,expert_scope,66,OC,reported_total,expert_led_workbook,41.304436,41.304436,NA,NA,NA,NA,NA,NA,NA,NA,NA,
SRC-RAW-0AF7A8DF6AD38D37CD11,SRC-RAW-0AF7A8DF6AD38D37CD11,POWER,expert_scope,66,NH3,reported_total,expert_led_workbook,0.0,0.0,NA,NA,NA,NA,NA,NA,NA,NA,NA,
SRC-RAW-0D2C2E9A7E265088369B,SRC-RAW-0D2C2E9A7E265088369B,POWER,expert_scope,67,SO2,reported_total,expert_led_workbook,1.67078778,0.23725186476000001,NA,NA,NA,NA,NA,NA,NA,NA,NA,
SRC-RAW-0D2C2E9A7E265088369B,SRC-RAW-0D2C2E9A7E265088369B,POWER,expert_scope,67,NOx,reported_total,expert_led_workbook,93.86662050000001,32.853317175,NA,NA,NA,NA,NA,NA,NA,NA,NA,
SRC-RAW-0D2C2E9A7E265088369B,SRC-RAW-0D2C2E9A7E265088369B,POWER,expert_scope,67,CO,reported_total,expert_led_workbook,90.39007900000001,90.39007900000001,NA,NA,NA,NA,NA,NA,NA,NA,NA,
SRC-RAW-0D2C2E9A7E265088369B,SRC-RAW-0D2C2E9A7E265088369B,POWER,expert_scope,67,VOC,reported_total,expert_led_workbook,2.0859249,0.004171849800000004,NA,NA,NA,NA,NA,NA,NA,NA,NA,
SRC-RAW-0D2C2E9A7E265088369B,SRC-RAW-0D2C2E9A7E265088369B,POWER,expert_scope,67,PM10,reported_total,expert_led_workbook,2.0859249,0.008343699600000008,NA,NA,NA,NA,NA,NA,NA,NA,NA,
SRC-RAW-0D2C2E9A7E265088369B,SRC-RAW-0D2C2E9A7E265088369B,POWER,expert_scope,67,PM2.5,reported_total,expert_led_workbook,0.0,0.0,NA,NA,NA,NA,NA,NA,NA,NA,NA,
SRC-RAW-0D2C2E9A7E265088369B,SRC-RAW-0D2C2E9A7E265088369B,POWER,expert_scope,67,BC,reported_total,expert_led_workbook,0.0,0.0,NA,NA,NA,NA,NA,NA,NA,NA,NA,
SRC-RAW-0D2C2E9A7E265088369B,SRC-RAW-0D2C2E9A7E265088369B,POWER,expert_scope,67,OC,reported_total,expert_led_workbook,3.4089233,3.4089233,NA,NA,NA,NA,NA,NA,NA,NA,NA,
SRC-RAW-0D2C2E9A7E265088369B,SRC-RAW-0D2C2E9A7E265088369B,POWER,expert_scope,67,NH3,reported_total,expert_led_workbook,0.0,0.0,NA,NA,NA,NA,NA,NA,NA,NA,NA,
SRC-RAW-3B9378741FBC88834EFE,SRC-RAW-3B9378741FBC88834EFE,POWER,expert_scope,68,SO2,reported_total,expert_led_workbook,63.54193434,9.022954676280001,NA,NA,NA,NA,NA,NA,NA,NA,NA,
SRC-RAW-3B9378741FBC88834EFE,SRC-RAW-3B9378741FBC88834EFE,POWER,expert_scope,68,NOx,reported_total,expert_led_workbook,2796.2262044999998,978.6791715749998,NA,NA,NA,NA,NA,NA,NA,NA,NA,
SRC-RAW-3B9378741FBC88834EFE,SRC-RAW-3B9378741FBC88834EFE,POWER,expert_scope,68,CO,reported_total,expert_led_workbook,2692.662271,2692.662271,NA,NA,NA,NA,NA,NA,NA,NA,NA,
SRC-RAW-3B9378741FBC88834EFE,SRC-RAW-3B9378741FBC88834EFE,POWER,expert_scope,68,VOC,reported_total,expert_led_workbook,62.13836009999999,0.1242767202000001,NA,NA,NA,NA,NA,NA,NA,NA,NA,
SRC-RAW-3B9378741FBC88834EFE,SRC-RAW-3B9378741FBC88834EFE,POWER,expert_scope,68,PM10,reported_total,expert_led_workbook,62.13836009999999,0.2485534404000002,NA,NA,NA,NA,NA,NA,NA,NA,NA,
SRC-RAW-3B9378741FBC88834EFE,SRC-RAW-3B9378741FBC88834EFE,POWER,expert_scope,68,PM2.5,reported_total,expert_led_workbook,0.0,0.0,NA,NA,NA,NA,NA,NA,NA,NA,NA,
SRC-RAW-3B9378741FBC88834EFE,SRC-RAW-3B9378741FBC88834EFE,POWER,expert_scope,68,BC,reported_total,expert_led_workbook,0.0,0.0,NA,NA,NA,NA,NA,NA,NA,NA,NA,
SRC-RAW-3B9378741FBC88834EFE,SRC-RAW-3B9378741FBC88834EFE,POWER,expert_scope,68,OC,reported_total,expert_led_workbook,99.3286241,99.3286241,NA,NA,NA,NA,NA,NA,NA,NA,NA,
SRC-RAW-3B9378741FBC88834EFE,SRC-RAW-3B9378741FBC88834EFE,POWER,expert_scope,68,NH3,reported_total,expert_led_workbook,0.0,0.0,NA,NA,NA,NA,NA,NA,NA,NA,NA,
SRC-RAW-56F033A2396BA8C09BB9,SRC-RAW-56F033A2396BA8C09BB9,POWER,expert_scope,69,SO2,reported_total,expert_led_workbook,64.83203927999999,9.20614957776,NA,NA,NA,NA,NA,NA,NA,NA,NA,
SRC-RAW-56F033A2396BA8C09BB9,SRC-RAW-56F033A2396BA8C09BB9,POWER,expert_scope,69,NOx,reported_total,expert_led_workbook,2850.737058,997.7579703,NA,NA,NA,NA,NA,NA,NA,NA,NA,
SRC-RAW-56F033A2396BA8C09BB9,SRC-RAW-56F033A2396BA8C09BB9,POWER,expert_scope,69,CO,reported_total,expert_led_workbook,2745.154204,2745.154204,NA,NA,NA,NA,NA,NA,NA,NA,NA,
SRC-RAW-56F033A2396BA8C09BB9,SRC-RAW-56F033A2396BA8C09BB9,POWER,expert_scope,69,VOC,reported_total,expert_led_workbook,63.3497124,0.12669942480000013,NA,NA,NA,NA,NA,NA,NA,NA,NA,
SRC-RAW-56F033A2396BA8C09BB9,SRC-RAW-56F033A2396BA8C09BB9,POWER,expert_scope,69,PM10,reported_total,expert_led_workbook,63.3497124,0.25339884960000025,NA,NA,NA,NA,NA,NA,NA,NA,NA,
SRC-RAW-56F033A2396BA8C09BB9,SRC-RAW-56F033A2396BA8C09BB9,POWER,expert_scope,69,PM2.5,reported_total,expert_led_workbook,0.0,0.0,NA,NA,NA,NA,NA,NA,NA,NA,NA,
SRC-RAW-56F033A2396BA8C09BB9,SRC-RAW-56F033A2396BA8C09BB9,POWER,expert_scope,69,BC,reported_total,expert_led_workbook,0.0,0.0,NA,NA,NA,NA,NA,NA,NA,NA,NA,
SRC-RAW-56F033A2396BA8C09BB9,SRC-RAW-56F033A2396BA8C09BB9,POWER,expert_scope,69,OC,reported_total,expert_led_workbook,101.2566908,101.2566908,NA,NA,NA,NA,NA,NA,NA,NA,NA,
SRC-RAW-56F033A2396BA8C09BB9,SRC-RAW-56F033A2396BA8C09BB9,POWER,expert_scope,69,NH3,reported_total,expert_led_workbook,0.0,0.0,NA,NA,NA,NA,NA,NA,NA,NA,NA,
SRC-RAW-B2A83C8E798B7515105B,SRC-RAW-B2A83C8E798B7515105B,POWER,expert_scope,70,SO2,reported_total,expert_led_workbook,13213.5288,132.13528800000012,NA,NA,NA,NA,NA,NA,NA,NA,NA,
SRC-RAW-B2A83C8E798B7515105B,SRC-RAW-B2A83C8E798B7515105B,POWER,expert_scope,70,NOx,reported_total,expert_led_workbook,7005.113429999999,1190.8692831,NA,NA,NA,NA,NA,NA,NA,NA,NA,
SRC-RAW-B2A83C8E798B7515105B,SRC-RAW-B2A83C8E798B7515105B,POWER,expert_scope,70,CO,reported_total,expert_led_workbook,1943.166,1943.166,NA,NA,NA,NA,NA,NA,NA,NA,NA,
SRC-RAW-B2A83C8E798B7515105B,SRC-RAW-B2A83C8E798B7515105B,POWER,expert_scope,70,VOC,reported_total,expert_led_workbook,31240.279782,187.4416786919967,NA,NA,NA,NA,NA,NA,NA,NA,NA,
SRC-RAW-B2A83C8E798B7515105B,SRC-RAW-B2A83C8E798B7515105B,POWER,expert_scope,70,PM10,reported_total,expert_led_workbook,8149.638204,138.54384946800013,NA,NA,NA,NA,NA,NA,NA,NA,NA,
SRC-RAW-B2A83C8E798B7515105B,SRC-RAW-B2A83C8E798B7515105B,POWER,expert_scope,70,PM2.5,reported_total,expert_led_workbook,16.299276408,0.27708769893600027,NA,NA,NA,NA,NA,NA,NA,NA,NA,
SRC-RAW-B2A83C8E798B7515105B,SRC-RAW-B2A83C8E798B7515105B,POWER,expert_scope,70,BC,reported_total,expert_led_workbook,0.0,0.0,NA,NA,NA,NA,NA,NA,NA,NA,NA,
SRC-RAW-B2A83C8E798B7515105B,SRC-RAW-B2A83C8E798B7515105B,POWER,expert_scope,70,OC,reported_total,expert_led_workbook,38.86332,38.86332,NA,NA,NA,NA,NA,NA,NA,NA,NA,
SRC-RAW-B2A83C8E798B7515105B,SRC-RAW-B2A83C8E798B7515105B,POWER,expert_scope,70,NH3,reported_total,expert_led_workbook,0.0,0.0,NA,NA,NA,NA,NA,NA,NA,NA,NA,
SRC-RAW-031B3589BCDCF633B0EA,SRC-RAW-031B3589BCDCF633B0EA,POWER,expert_scope,71,SO2,reported_total,expert_led_workbook,9716.879719999999,97.16879720000007,NA,NA,NA,NA,NA,NA,NA,NA,NA,
SRC-RAW-031B3589BCDCF633B0EA,SRC-RAW-031B3589BCDCF633B0EA,POWER,expert_scope,71,NOx,reported_total,expert_led_workbook,4965.18092,844.0807564000002,NA,NA,NA,NA,NA,NA,NA,NA,NA,
SRC-RAW-031B3589BCDCF633B0EA,SRC-RAW-031B3589BCDCF633B0EA,POWER,expert_scope,71,CO,reported_total,expert_led_workbook,1377.304,1377.304,NA,NA,NA,NA,NA,NA,NA,NA,NA,
SRC-RAW-031B3589BCDCF633B0EA,SRC-RAW-031B3589BCDCF633B0EA,POWER,expert_scope,71,VOC,reported_total,expert_led_workbook,23330.841108000004,139.98504664799756,NA,NA,NA,NA,NA,NA,NA,NA,NA,
SRC-RAW-031B3589BCDCF633B0EA,SRC-RAW-031B3589BCDCF633B0EA,POWER,expert_scope,71,PM10,reported_total,expert_led_workbook,6086.3063760000005,103.4672083920001,NA,NA,NA,NA,NA,NA,NA,NA,NA,
SRC-RAW-031B3589BCDCF633B0EA,SRC-RAW-031B3589BCDCF633B0EA,POWER,expert_scope,71,PM2.5,reported_total,expert_led_workbook,12.172612752000001,0.2069344167840002,NA,NA,NA,NA,NA,NA,NA,NA,NA,
SRC-RAW-031B3589BCDCF633B0EA,SRC-RAW-031B3589BCDCF633B0EA,POWER,expert_scope,71,BC,reported_total,expert_led_workbook,0.0,0.0,NA,NA,NA,NA,NA,NA,NA,NA,NA,
SRC-RAW-031B3589BCDCF633B0EA,SRC-RAW-031B3589BCDCF633B0EA,POWER,expert_scope,71,OC,reported_total,expert_led_workbook,27.546080000000003,27.546080000000003,NA,NA,NA,NA,NA,NA,NA,NA,NA,
SRC-RAW-031B3589BCDCF633B0EA,SRC-RAW-031B3589BCDCF633B0EA,POWER,expert_scope,71,NH3,reported_total,expert_led_workbook,0.0,0.0,NA,NA,NA,NA,NA,NA,NA,NA,NA,
SRC-RAW-48C23C1682ABD09D7103,SRC-RAW-48C23C1682ABD09D7103,POWER,expert_scope,72,SO2,reported_total,expert_led_workbook,10701.013119999998,107.01013120000007,NA,NA,NA,NA,NA,NA,NA,NA,NA,
SRC-RAW-48C23C1682ABD09D7103,SRC-RAW-48C23C1682ABD09D7103,POWER,expert_scope,72,NOx,reported_total,expert_led_workbook,4933.139679999999,838.6337456000001,NA,NA,NA,NA,NA,NA,NA,NA,NA,
SRC-RAW-48C23C1682ABD09D7103,SRC-RAW-48C23C1682ABD09D7103,POWER,expert_scope,72,CO,reported_total,expert_led_workbook,1368.416,1368.416,NA,NA,NA,NA,NA,NA,NA,NA,NA,
SRC-RAW-48C23C1682ABD09D7103,SRC-RAW-48C23C1682ABD09D7103,POWER,expert_scope,72,VOC,reported_total,expert_led_workbook,27275.780868,163.65468520799712,NA,NA,NA,NA,NA,NA,NA,NA,NA,
SRC-RAW-48C23C1682ABD09D7103,SRC-RAW-48C23C1682ABD09D7103,POWER,expert_scope,72,PM10,reported_total,expert_led_workbook,7115.421096000001,120.96215863200013,NA,NA,NA,NA,NA,NA,NA,NA,NA,
SRC-RAW-48C23C1682ABD09D7103,SRC-RAW-48C23C1682ABD09D7103,POWER,expert_scope,72,PM2.5,reported_total,expert_led_workbook,14.230842192000003,0.24192431726400027,NA,NA,NA,NA,NA,NA,NA,NA,NA,
SRC-RAW-48C23C1682ABD09D7103,SRC-RAW-48C23C1682ABD09D7103,POWER,expert_scope,72,BC,reported_total,expert_led_workbook,0.0,0.0,NA,NA,NA,NA,NA,NA,NA,NA,NA,
SRC-RAW-48C23C1682ABD09D7103,SRC-RAW-48C23C1682ABD09D7103,POWER,expert_scope,72,OC,reported_total,expert_led_workbook,27.36832,27.36832,NA,NA,NA,NA,NA,NA,NA,NA,NA,
SRC-RAW-48C23C1682ABD09D7103,SRC-RAW-48C23C1682ABD09D7103,POWER,expert_scope,72,NH3,reported_total,expert_led_workbook,0.0,0.0,NA,NA,NA,NA,NA,NA,NA,NA,NA,
SRC-RAW-64B10D11A4097DDD1BAF,SRC-RAW-64B10D11A4097DDD1BAF,POWER,expert_scope,73,SO2,reported_total,expert_led_workbook,8855.10926,88.55109260000008,NA,NA,NA,NA,NA,NA,NA,NA,NA,
SRC-RAW-64B10D11A4097DDD1BAF,SRC-RAW-64B10D11A4097DDD1BAF,POWER,expert_scope,73,NOx,reported_total,expert_led_workbook,3995.32777,679.2057209000002,NA,NA,NA,NA,NA,NA,NA,NA,NA,
SRC-RAW-64B10D11A4097DDD1BAF,SRC-RAW-64B10D11A4097DDD1BAF,POWER,expert_scope,73,CO,reported_total,expert_led_workbook,1108.274,1108.274,NA,NA,NA,NA,NA,NA,NA,NA,NA,
SRC-RAW-64B10D11A4097DDD1BAF,SRC-RAW-64B10D11A4097DDD1BAF,POWER,expert_scope,73,VOC,reported_total,expert_led_workbook,22597.152723000003,135.58291633799763,NA,NA,NA,NA,NA,NA,NA,NA,NA,
SRC-RAW-64B10D11A4097DDD1BAF,SRC-RAW-64B10D11A4097DDD1BAF,POWER,expert_scope,73,PM10,reported_total,expert_led_workbook,5894.909406,100.21345990200008,NA,NA,NA,NA,NA,NA,NA,NA,NA,
SRC-RAW-64B10D11A4097DDD1BAF,SRC-RAW-64B10D11A4097DDD1BAF,POWER,expert_scope,73,PM2.5,reported_total,expert_led_workbook,11.789818812,0.20042691980400018,NA,NA,NA,NA,NA,NA,NA,NA,NA,
SRC-RAW-64B10D11A4097DDD1BAF,SRC-RAW-64B10D11A4097DDD1BAF,POWER,expert_scope,73,BC,reported_total,expert_led_workbook,0.0,0.0,NA,NA,NA,NA,NA,NA,NA,NA,NA,
SRC-RAW-64B10D11A4097DDD1BAF,SRC-RAW-64B10D11A4097DDD1BAF,POWER,expert_scope,73,OC,reported_total,expert_led_workbook,22.16548,22.16548,NA,NA,NA,NA,NA,NA,NA,NA,NA,
SRC-RAW-64B10D11A4097DDD1BAF,SRC-RAW-64B10D11A4097DDD1BAF,POWER,expert_scope,73,NH3,reported_total,expert_led_workbook,0.0,0.0,NA,NA,NA,NA,NA,NA,NA,NA,NA,
SRC-RAW-7F76A3AC469336B1002A,SRC-RAW-7F76A3AC469336B1002A,POWER,expert_scope,74,SO2,reported_total,expert_led_workbook,3273.6778099800003,163.68389049900017,NA,NA,NA,NA,NA,NA,NA,NA,NA,
SRC-RAW-7F76A3AC469336B1002A,SRC-RAW-7F76A3AC469336B1002A,POWER,expert_scope,74,NOx,reported_total,expert_led_workbook,1092.03846528,218.36073740750828,NA,NA,NA,NA,NA,NA,NA,NA,NA,
SRC-RAW-7F76A3AC469336B1002A,SRC-RAW-7F76A3AC469336B1002A,POWER,expert_scope,74,CO,reported_total,expert_led_workbook,243.758586,243.758586,NA,NA,NA,NA,NA,NA,NA,NA,NA,
SRC-RAW-7F76A3AC469336B1002A,SRC-RAW-7F76A3AC469336B1002A,POWER,expert_scope,74,VOC,reported_total,expert_led_workbook,10122.241039488481,60.733446236929815,NA,NA,NA,NA,NA,NA,NA,NA,NA,
SRC-RAW-7F76A3AC469336B1002A,SRC-RAW-7F76A3AC469336B1002A,POWER,expert_scope,74,PM10,reported_total,expert_led_workbook,2443.2995612558407,41.536092541349326,NA,NA,NA,NA,NA,NA,NA,NA,NA,
SRC-RAW-7F76A3AC469336B1002A,SRC-RAW-7F76A3AC469336B1002A,POWER,expert_scope,74,PM2.5,reported_total,expert_led_workbook,4.886599122511681,0.08307218508269866,NA,NA,NA,NA,NA,NA,NA,NA,NA,
SRC-RAW-7F76A3AC469336B1002A,SRC-RAW-7F76A3AC469336B1002A,POWER,expert_scope,74,BC,reported_total,expert_led_workbook,0.0,0.0,NA,NA,NA,NA,NA,NA,NA,NA,NA,
SRC-RAW-7F76A3AC469336B1002A,SRC-RAW-7F76A3AC469336B1002A,POWER,expert_scope,74,OC,reported_total,expert_led_workbook,4.87517172,4.87517172,NA,NA,NA,NA,NA,NA,NA,NA,NA,
SRC-RAW-7F76A3AC469336B1002A,SRC-RAW-7F76A3AC469336B1002A,POWER,expert_scope,74,NH3,reported_total,expert_led_workbook,0.0,0.0,NA,NA,NA,NA,NA,NA,NA,NA,NA,
SRC-RAW-D2363A650EC4E8571988,SRC-RAW-D2363A650EC4E8571988,POWER,expert_scope,75,SO2,reported_total,expert_led_workbook,2212.26445882,110.6132229410001,NA,NA,NA,NA,NA,NA,NA,NA,NA,
SRC-RAW-D2363A650EC4E8571988,SRC-RAW-D2363A650EC4E8571988,POWER,expert_scope,75,NOx,reported_total,expert_led_workbook,737.97057152,147.59282008425177,NA,NA,NA,NA,NA,NA,NA,NA,NA,
SRC-RAW-D2363A650EC4E8571988,SRC-RAW-D2363A650EC4E8571988,POWER,expert_scope,75,CO,reported_total,expert_led_workbook,164.725574,164.725574,NA,NA,NA,NA,NA,NA,NA,NA,NA,
SRC-RAW-D2363A650EC4E8571988,SRC-RAW-D2363A650EC4E8571988,POWER,expert_scope,75,VOC,reported_total,expert_led_workbook,6840.34147374032,41.0420488424412,NA,NA,NA,NA,NA,NA,NA,NA,NA,
SRC-RAW-D2363A650EC4E8571988,SRC-RAW-D2363A650EC4E8571988,POWER,expert_scope,75,PM10,reported_total,expert_led_workbook,1651.11690745456,28.068987426727546,NA,NA,NA,NA,NA,NA,NA,NA,NA,
SRC-RAW-D2363A650EC4E8571988,SRC-RAW-D2363A650EC4E8571988,POWER,expert_scope,75,PM2.5,reported_total,expert_led_workbook,3.3022338149091204,0.0561379748534551,NA,NA,NA,NA,NA,NA,NA,NA,NA,
SRC-RAW-D2363A650EC4E8571988,SRC-RAW-D2363A650EC4E8571988,POWER,expert_scope,75,BC,reported_total,expert_led_workbook,0.0,0.0,NA,NA,NA,NA,NA,NA,NA,NA,NA,
SRC-RAW-D2363A650EC4E8571988,SRC-RAW-D2363A650EC4E8571988,POWER,expert_scope,75,OC,reported_total,expert_led_workbook,3.29451148,3.29451148,NA,NA,NA,NA,NA,NA,NA,NA,NA,
SRC-RAW-D2363A650EC4E8571988,SRC-RAW-D2363A650EC4E8571988,POWER,expert_scope,75,NH3,reported_total,expert_led_workbook,0.0,0.0,NA,NA,NA,NA,NA,NA,NA,NA,NA,
SRC-RAW-D6A8375EC710B4B00990,SRC-RAW-D6A8375EC710B4B00990,POWER,expert_scope,76,SO2,reported_total,expert_led_workbook,5088.317319999999,106.85466371999951,NA,NA,NA,NA,NA,NA,NA,NA,NA,
SRC-RAW-D6A8375EC710B4B00990,SRC-RAW-D6A8375EC710B4B00990,POWER,expert_scope,76,NOx,reported_total,expert_led_workbook,4151.20858,830.2417159999999,NA,NA,NA,NA,NA,NA,NA,NA,NA,
SRC-RAW-D6A8375EC710B4B00990,SRC-RAW-D6A8375EC710B4B00990,POWER,expert_scope,76,CO,reported_total,expert_led_workbook,1151.289,1151.289,NA,NA,NA,NA,NA,NA,NA,NA,NA,
SRC-RAW-D6A8375EC710B4B00990,SRC-RAW-D6A8375EC710B4B00990,POWER,expert_scope,76,VOC,reported_total,expert_led_workbook,13554.259204,81.32555522399856,NA,NA,NA,NA,NA,NA,NA,NA,NA,
SRC-RAW-D6A8375EC710B4B00990,SRC-RAW-D6A8375EC710B4B00990,POWER,expert_scope,76,PM10,reported_total,expert_led_workbook,3271.7765320000008,55.62020104400006,NA,NA,NA,NA,NA,NA,NA,NA,NA,
SRC-RAW-D6A8375EC710B4B00990,SRC-RAW-D6A8375EC710B4B00990,POWER,expert_scope,76,PM2.5,reported_total,expert_led_workbook,6.5449480640000015,0.11126411708800013,NA,NA,NA,NA,NA,NA,NA,NA,NA,
SRC-RAW-D6A8375EC710B4B00990,SRC-RAW-D6A8375EC710B4B00990,POWER,expert_scope,76,BC,reported_total,expert_led_workbook,0.0062,0.0001054000000000001,NA,NA,NA,NA,NA,NA,NA,NA,NA,
SRC-RAW-D6A8375EC710B4B00990,SRC-RAW-D6A8375EC710B4B00990,POWER,expert_scope,76,OC,reported_total,expert_led_workbook,23.04407,23.04407,NA,NA,NA,NA,NA,NA,NA,NA,NA,
SRC-RAW-D6A8375EC710B4B00990,SRC-RAW-D6A8375EC710B4B00990,POWER,expert_scope,76,NH3,reported_total,expert_led_workbook,0.0,0.0,NA,NA,NA,NA,NA,NA,NA,NA,NA,
SRC-RAW-7620EF002BA9ADAD6CF1,SRC-RAW-7620EF002BA9ADAD6CF1,POWER,expert_scope,77,SO2,reported_total,expert_led_workbook,3248.53307,68.21919446999969,NA,NA,NA,NA,NA,NA,NA,NA,NA,
SRC-RAW-7620EF002BA9ADAD6CF1,SRC-RAW-7620EF002BA9ADAD6CF1,POWER,expert_scope,77,NOx,reported_total,expert_led_workbook,2418.15283,483.6305659999999,NA,NA,NA,NA,NA,NA,NA,NA,NA,
SRC-RAW-7620EF002BA9ADAD6CF1,SRC-RAW-7620EF002BA9ADAD6CF1,POWER,expert_scope,77,CO,reported_total,expert_led_workbook,670.5712,670.5712,NA,NA,NA,NA,NA,NA,NA,NA,NA,
SRC-RAW-7620EF002BA9ADAD6CF1,SRC-RAW-7620EF002BA9ADAD6CF1,POWER,expert_scope,77,VOC,reported_total,expert_led_workbook,8672.914687760001,52.03748812655909,NA,NA,NA,NA,NA,NA,NA,NA,NA,
SRC-RAW-7620EF002BA9ADAD6CF1,SRC-RAW-7620EF002BA9ADAD6CF1,POWER,expert_scope,77,PM10,reported_total,expert_led_workbook,2093.5160280800005,35.58977247736004,NA,NA,NA,NA,NA,NA,NA,NA,NA,
SRC-RAW-7620EF002BA9ADAD6CF1,SRC-RAW-7620EF002BA9ADAD6CF1,POWER,expert_scope,77,PM2.5,reported_total,expert_led_workbook,4.1883100561600015,0.07120127095472009,NA,NA,NA,NA,NA,NA,NA,NA,NA,
SRC-RAW-7620EF002BA9ADAD6CF1,SRC-RAW-7620EF002BA9ADAD6CF1,POWER,expert_scope,77,BC,reported_total,expert_led_workbook,0.005679999999999999,9.656000000000008e-05,NA,NA,NA,NA,NA,NA,NA,NA,NA,
SRC-RAW-7620EF002BA9ADAD6CF1,SRC-RAW-7620EF002BA9ADAD6CF1,POWER,expert_scope,77,OC,reported_total,expert_led_workbook,13.428180000000001,13.428180000000001,NA,NA,NA,NA,NA,NA,NA,NA,NA,
SRC-RAW-7620EF002BA9ADAD6CF1,SRC-RAW-7620EF002BA9ADAD6CF1,POWER,expert_scope,77,NH3,reported_total,expert_led_workbook,0.0,0.0,NA,NA,NA,NA,NA,NA,NA,NA,NA,
SRC-RAW-6B2A959B5DD6F8A603F6,SRC-RAW-6B2A959B5DD6F8A603F6,POWER,expert_scope,78,SO2,reported_total,expert_led_workbook,6643.726675500001,119.58708015900012,NA,NA,NA,NA,NA,NA,NA,NA,NA,
SRC-RAW-6B2A959B5DD6F8A603F6,SRC-RAW-6B2A959B5DD6F8A603F6,POWER,expert_scope,78,NOx,reported_total,expert_led_workbook,5316.4560855,744.3038519700001,NA,NA,NA,NA,NA,NA,NA,NA,NA,
SRC-RAW-6B2A959B5DD6F8A603F6,SRC-RAW-6B2A959B5DD6F8A603F6,POWER,expert_scope,78,CO,reported_total,expert_led_workbook,1474.7451,1474.7451,NA,NA,NA,NA,NA,NA,NA,NA,NA,
SRC-RAW-6B2A959B5DD6F8A603F6,SRC-RAW-6B2A959B5DD6F8A603F6,POWER,expert_scope,78,VOC,reported_total,expert_led_workbook,15962.581972596001,95.77549183557431,NA,NA,NA,NA,NA,NA,NA,NA,NA,
SRC-RAW-6B2A959B5DD6F8A603F6,SRC-RAW-6B2A959B5DD6F8A603F6,POWER,expert_scope,78,PM10,reported_total,expert_led_workbook,3853.037027868001,65.50162947375608,NA,NA,NA,NA,NA,NA,NA,NA,NA,
SRC-RAW-6B2A959B5DD6F8A603F6,SRC-RAW-6B2A959B5DD6F8A603F6,POWER,expert_scope,78,PM2.5,reported_total,expert_led_workbook,7.706074055736003,0.13100325894751216,NA,NA,NA,NA,NA,NA,NA,NA,NA,
SRC-RAW-6B2A959B5DD6F8A603F6,SRC-RAW-6B2A959B5DD6F8A603F6,POWER,expert_scope,78,BC,reported_total,expert_led_workbook,0.0,0.0,NA,NA,NA,NA,NA,NA,NA,NA,NA,
SRC-RAW-6B2A959B5DD6F8A603F6,SRC-RAW-6B2A959B5DD6F8A603F6,POWER,expert_scope,78,OC,reported_total,expert_led_workbook,29.494902000000003,29.494902000000003,NA,NA,NA,NA,NA,NA,NA,NA,NA,
SRC-RAW-6B2A959B5DD6F8A603F6,SRC-RAW-6B2A959B5DD6F8A603F6,POWER,expert_scope,78,NH3,reported_total,expert_led_workbook,0.0,0.0,NA,NA,NA,NA,NA,NA,NA,NA,NA,
SRC-RAW-B9D25D90184C1D6081DC,SRC-RAW-B9D25D90184C1D6081DC,POWER,expert_scope,79,SO2,reported_total,expert_led_workbook,5639.6236254000005,101.5132252572001,NA,NA,NA,NA,NA,NA,NA,NA,NA,
SRC-RAW-B9D25D90184C1D6081DC,SRC-RAW-B9D25D90184C1D6081DC,POWER,expert_scope,79,NOx,reported_total,expert_led_workbook,4689.929220200001,656.5900908280001,NA,NA,NA,NA,NA,NA,NA,NA,NA,
SRC-RAW-B9D25D90184C1D6081DC,SRC-RAW-B9D25D90184C1D6081DC,POWER,expert_scope,79,CO,reported_total,expert_led_workbook,1300.95124,1300.95124,NA,NA,NA,NA,NA,NA,NA,NA,NA,
SRC-RAW-B9D25D90184C1D6081DC,SRC-RAW-B9D25D90184C1D6081DC,POWER,expert_scope,79,VOC,reported_total,expert_led_workbook,12211.665023532802,73.26999014119552,NA,NA,NA,NA,NA,NA,NA,NA,NA,
SRC-RAW-B9D25D90184C1D6081DC,SRC-RAW-B9D25D90184C1D6081DC,POWER,expert_scope,79,PM10,reported_total,expert_led_workbook,2947.643281542401,50.10993578622086,NA,NA,NA,NA,NA,NA,NA,NA,NA,
SRC-RAW-B9D25D90184C1D6081DC,SRC-RAW-B9D25D90184C1D6081DC,POWER,expert_scope,79,PM2.5,reported_total,expert_led_workbook,5.895286563084802,0.10021987157244173,NA,NA,NA,NA,NA,NA,NA,NA,NA,
SRC-RAW-B9D25D90184C1D6081DC,SRC-RAW-B9D25D90184C1D6081DC,POWER,expert_scope,79,BC,reported_total,expert_led_workbook,0.0,0.0,NA,NA,NA,NA,NA,NA,NA,NA,NA,
SRC-RAW-B9D25D90184C1D6081DC,SRC-RAW-B9D25D90184C1D6081DC,POWER,expert_scope,79,OC,reported_total,expert_led_workbook,26.0190248,26.0190248,NA,NA,NA,NA,NA,NA,NA,NA,NA,
SRC-RAW-B9D25D90184C1D6081DC,SRC-RAW-B9D25D90184C1D6081DC,POWER,expert_scope,79,NH3,reported_total,expert_led_workbook,0.0,0.0,NA,NA,NA,NA,NA,NA,NA,NA,NA,
SRC-RAW-AAC6636899886892652D,SRC-RAW-AAC6636899886892652D,POWER,expert_scope,80,SO2,reported_total,expert_led_workbook,5.128732,5.128732,NA,NA,NA,NA,NA,NA,NA,NA,NA,
SRC-RAW-AAC6636899886892652D,SRC-RAW-AAC6636899886892652D,POWER,expert_scope,80,NOx,reported_total,expert_led_workbook,525.69503,157.70850900000002,NA,NA,NA,NA,NA,NA,NA,NA,NA,
SRC-RAW-AAC6636899886892652D,SRC-RAW-AAC6636899886892652D,POWER,expert_scope,80,CO,reported_total,expert_led_workbook,166.68379,166.68379,NA,NA,NA,NA,NA,NA,NA,NA,NA,
SRC-RAW-AAC6636899886892652D,SRC-RAW-AAC6636899886892652D,POWER,expert_scope,80,VOC,reported_total,expert_led_workbook,3.846549,3.846549,NA,NA,NA,NA,NA,NA,NA,NA,NA,
SRC-RAW-AAC6636899886892652D,SRC-RAW-AAC6636899886892652D,POWER,expert_scope,80,PM10,reported_total,expert_led_workbook,3.846549,3.846549,NA,NA,NA,NA,NA,NA,NA,NA,NA,
SRC-RAW-AAC6636899886892652D,SRC-RAW-AAC6636899886892652D,POWER,expert_scope,80,PM2.5,reported_total,expert_led_workbook,0.0,0.0,NA,NA,NA,NA,NA,NA,NA,NA,NA,
SRC-RAW-AAC6636899886892652D,SRC-RAW-AAC6636899886892652D,POWER,expert_scope,80,BC,reported_total,expert_led_workbook,0.0,0.0,NA,NA,NA,NA,NA,NA,NA,NA,NA,
SRC-RAW-AAC6636899886892652D,SRC-RAW-AAC6636899886892652D,POWER,expert_scope,80,OC,reported_total,expert_led_workbook,2.564366,2.564366,NA,NA,NA,NA,NA,NA,NA,NA,NA,
SRC-RAW-AAC6636899886892652D,SRC-RAW-AAC6636899886892652D,POWER,expert_scope,80,NH3,reported_total,expert_led_workbook,0.0,0.0,NA,NA,NA,NA,NA,NA,NA,NA,NA,
SRC-RAW-C2398169433A854F3252,SRC-RAW-C2398169433A854F3252,POWER,expert_scope,81,SO2,reported_total,expert_led_workbook,6.139872,6.139872,NA,NA,NA,NA,NA,NA,NA,NA,NA,
SRC-RAW-C2398169433A854F3252,SRC-RAW-C2398169433A854F3252,POWER,expert_scope,81,NOx,reported_total,expert_led_workbook,629.33688,188.80106400000003,NA,NA,NA,NA,NA,NA,NA,NA,NA,
SRC-RAW-C2398169433A854F3252,SRC-RAW-C2398169433A854F3252,POWER,expert_scope,81,CO,reported_total,expert_led_workbook,199.54584000000003,199.54584000000003,NA,NA,NA,NA,NA,NA,NA,NA,NA,
SRC-RAW-C2398169433A854F3252,SRC-RAW-C2398169433A854F3252,POWER,expert_scope,81,VOC,reported_total,expert_led_workbook,4.604904,4.604904,NA,NA,NA,NA,NA,NA,NA,NA,NA,
SRC-RAW-C2398169433A854F3252,SRC-RAW-C2398169433A854F3252,POWER,expert_scope,81,PM10,reported_total,expert_led_workbook,4.604904,4.604904,NA,NA,NA,NA,NA,NA,NA,NA,NA,
SRC-RAW-C2398169433A854F3252,SRC-RAW-C2398169433A854F3252,POWER,expert_scope,81,PM2.5,reported_total,expert_led_workbook,0.0,0.0,NA,NA,NA,NA,NA,NA,NA,NA,NA,
SRC-RAW-C2398169433A854F3252,SRC-RAW-C2398169433A854F3252,POWER,expert_scope,81,BC,reported_total,expert_led_workbook,0.0,0.0,NA,NA,NA,NA,NA,NA,NA,NA,NA,
SRC-RAW-C2398169433A854F3252,SRC-RAW-C2398169433A854F3252,POWER,expert_scope,81,OC,reported_total,expert_led_workbook,3.069936,3.069936,NA,NA,NA,NA,NA,NA,NA,NA,NA,
SRC-RAW-C2398169433A854F3252,SRC-RAW-C2398169433A854F3252,POWER,expert_scope,81,NH3,reported_total,expert_led_workbook,0.0,0.0,NA,NA,NA,NA,NA,NA,NA,NA,NA,
SRC-RAW-DD609047132F80CB5F65,SRC-RAW-DD609047132F80CB5F65,POWER,expert_scope,82,SO2,reported_total,expert_led_workbook,5612.367804999999,50.51131024500003,NA,NA,NA,NA,NA,NA,NA,NA,NA,
SRC-RAW-DD609047132F80CB5F65,SRC-RAW-DD609047132F80CB5F65,POWER,expert_scope,82,NOx,reported_total,expert_led_workbook,4370.50097,489.49610863999993,NA,NA,NA,NA,NA,NA,NA,NA,NA,
SRC-RAW-DD609047132F80CB5F65,SRC-RAW-DD609047132F80CB5F65,POWER,expert_scope,82,CO,reported_total,expert_led_workbook,1212.463,1212.463,NA,NA,NA,NA,NA,NA,NA,NA,NA,
SRC-RAW-DD609047132F80CB5F65,SRC-RAW-DD609047132F80CB5F65,POWER,expert_scope,82,VOC,reported_total,expert_led_workbook,15047.025780000002,90.28215467999841,NA,NA,NA,NA,NA,NA,NA,NA,NA,
SRC-RAW-DD609047132F80CB5F65,SRC-RAW-DD609047132F80CB5F65,POWER,expert_scope,82,PM10,reported_total,expert_led_workbook,3925.3272600000005,66.73056342000007,NA,NA,NA,NA,NA,NA,NA,NA,NA,
SRC-RAW-DD609047132F80CB5F65,SRC-RAW-DD609047132F80CB5F65,POWER,expert_scope,82,PM2.5,reported_total,expert_led_workbook,7.850610720000001,0.13346038224000012,NA,NA,NA,NA,NA,NA,NA,NA,NA,
SRC-RAW-DD609047132F80CB5F65,SRC-RAW-DD609047132F80CB5F65,POWER,expert_scope,82,BC,reported_total,expert_led_workbook,0.0,0.0,NA,NA,NA,NA,NA,NA,NA,NA,NA,
SRC-RAW-DD609047132F80CB5F65,SRC-RAW-DD609047132F80CB5F65,POWER,expert_scope,82,OC,reported_total,expert_led_workbook,24.244880000000002,24.244880000000002,NA,NA,NA,NA,NA,NA,NA,NA,NA,
SRC-RAW-DD609047132F80CB5F65,SRC-RAW-DD609047132F80CB5F65,POWER,expert_scope,82,NH3,reported_total,expert_led_workbook,0.0,0.0,NA,NA,NA,NA,NA,NA,NA,NA,NA,
SRC-RAW-99D776E9B95DFE5018EC,SRC-RAW-99D776E9B95DFE5018EC,POWER,expert_scope,83,SO2,reported_total,expert_led_workbook,6224.543414999999,74.69452098000005,NA,NA,NA,NA,NA,NA,NA,NA,NA,
SRC-RAW-99D776E9B95DFE5018EC,SRC-RAW-99D776E9B95DFE5018EC,POWER,expert_scope,83,NOx,reported_total,expert_led_workbook,4846.89451,523.46460708,NA,NA,NA,NA,NA,NA,NA,NA,NA,
SRC-RAW-99D776E9B95DFE5018EC,SRC-RAW-99D776E9B95DFE5018EC,POWER,expert_scope,83,CO,reported_total,expert_led_workbook,1344.611,1344.611,NA,NA,NA,NA,NA,NA,NA,NA,NA,
SRC-RAW-99D776E9B95DFE5018EC,SRC-RAW-99D776E9B95DFE5018EC,POWER,expert_scope,83,VOC,reported_total,expert_led_workbook,16688.30394,100.12982363999825,NA,NA,NA,NA,NA,NA,NA,NA,NA,
SRC-RAW-99D776E9B95DFE5018EC,SRC-RAW-99D776E9B95DFE5018EC,POWER,expert_scope,83,PM10,reported_total,expert_led_workbook,4353.48678,74.00927526000007,NA,NA,NA,NA,NA,NA,NA,NA,NA,
SRC-RAW-99D776E9B95DFE5018EC,SRC-RAW-99D776E9B95DFE5018EC,POWER,expert_scope,83,PM2.5,reported_total,expert_led_workbook,8.706929760000001,0.14801780592000016,NA,NA,NA,NA,NA,NA,NA,NA,NA,
SRC-RAW-99D776E9B95DFE5018EC,SRC-RAW-99D776E9B95DFE5018EC,POWER,expert_scope,83,BC,reported_total,expert_led_workbook,0.0,0.0,NA,NA,NA,NA,NA,NA,NA,NA,NA,
SRC-RAW-99D776E9B95DFE5018EC,SRC-RAW-99D776E9B95DFE5018EC,POWER,expert_scope,83,OC,reported_total,expert_led_workbook,26.887840000000004,26.887840000000004,NA,NA,NA,NA,NA,NA,NA,NA,NA,
SRC-RAW-99D776E9B95DFE5018EC,SRC-RAW-99D776E9B95DFE5018EC,POWER,expert_scope,83,NH3,reported_total,expert_led_workbook,0.0,0.0,NA,NA,NA,NA,NA,NA,NA,NA,NA,
SRC-RAW-488C493D375E7EE7C56E,SRC-RAW-488C493D375E7EE7C56E,POWER,expert_scope,84,SO2,reported_total,expert_led_workbook,6702.98888,80.43586656000006,NA,NA,NA,NA,NA,NA,NA,NA,NA,
SRC-RAW-488C493D375E7EE7C56E,SRC-RAW-488C493D375E7EE7C56E,POWER,expert_scope,84,NOx,reported_total,expert_led_workbook,5218.3651199999995,589.6752585599999,NA,NA,NA,NA,NA,NA,NA,NA,NA,
SRC-RAW-488C493D375E7EE7C56E,SRC-RAW-488C493D375E7EE7C56E,POWER,expert_scope,84,CO,reported_total,expert_led_workbook,1447.62,1447.62,NA,NA,NA,NA,NA,NA,NA,NA,NA,
SRC-RAW-488C493D375E7EE7C56E,SRC-RAW-488C493D375E7EE7C56E,POWER,expert_scope,84,VOC,reported_total,expert_led_workbook,17971.060080000003,107.82636047999812,NA,NA,NA,NA,NA,NA,NA,NA,NA,
SRC-RAW-488C493D375E7EE7C56E,SRC-RAW-488C493D375E7EE7C56E,POWER,expert_scope,84,PM10,reported_total,expert_led_workbook,4688.11416,79.69794072000008,NA,NA,NA,NA,NA,NA,NA,NA,NA,
SRC-RAW-488C493D375E7EE7C56E,SRC-RAW-488C493D375E7EE7C56E,POWER,expert_scope,84,PM2.5,reported_total,expert_led_workbook,9.37619712,0.15939535104000016,NA,NA,NA,NA,NA,NA,NA,NA,NA,
SRC-RAW-488C493D375E7EE7C56E,SRC-RAW-488C493D375E7EE7C56E,POWER,expert_scope,84,BC,reported_total,expert_led_workbook,0.0,0.0,NA,NA,NA,NA,NA,NA,NA,NA,NA,
SRC-RAW-488C493D375E7EE7C56E,SRC-RAW-488C493D375E7EE7C56E,POWER,expert_scope,84,OC,reported_total,expert_led_workbook,28.94928,28.94928,NA,NA,NA,NA,NA,NA,NA,NA,NA,
SRC-RAW-488C493D375E7EE7C56E,SRC-RAW-488C493D375E7EE7C56E,POWER,expert_scope,84,NH3,reported_total,expert_led_workbook,0.0,0.0,NA,NA,NA,NA,NA,NA,NA,NA,NA,
SRC-RAW-E081A69B085C73023302,SRC-RAW-E081A69B085C73023302,POWER,expert_scope,85,SO2,reported_total,expert_led_workbook,6027.080999999999,72.32497200000006,NA,NA,NA,NA,NA,NA,NA,NA,NA,
SRC-RAW-E081A69B085C73023302,SRC-RAW-E081A69B085C73023302,POWER,expert_scope,85,NOx,reported_total,expert_led_workbook,4691.6022,483.2350265999999,NA,NA,NA,NA,NA,NA,NA,NA,NA,
SRC-RAW-E081A69B085C73023302,SRC-RAW-E081A69B085C73023302,POWER,expert_scope,85,CO,reported_total,expert_led_workbook,1301.469,1301.469,NA,NA,NA,NA,NA,NA,NA,NA,NA,
SRC-RAW-E081A69B085C73023302,SRC-RAW-E081A69B085C73023302,POWER,expert_scope,85,VOC,reported_total,expert_led_workbook,16158.926700000002,96.95356019999831,NA,NA,NA,NA,NA,NA,NA,NA,NA,
SRC-RAW-E081A69B085C73023302,SRC-RAW-E081A69B085C73023302,POWER,expert_scope,85,PM10,reported_total,expert_led_workbook,4215.3795,71.66145150000007,NA,NA,NA,NA,NA,NA,NA,NA,NA,
SRC-RAW-E081A69B085C73023302,SRC-RAW-E081A69B085C73023302,POWER,expert_scope,85,PM2.5,reported_total,expert_led_workbook,8.4307392,0.14332256640000013,NA,NA,NA,NA,NA,NA,NA,NA,NA,
SRC-RAW-E081A69B085C73023302,SRC-RAW-E081A69B085C73023302,POWER,expert_scope,85,BC,reported_total,expert_led_workbook,0.0,0.0,NA,NA,NA,NA,NA,NA,NA,NA,NA,
SRC-RAW-E081A69B085C73023302,SRC-RAW-E081A69B085C73023302,POWER,expert_scope,85,OC,reported_total,expert_led_workbook,26.027399999999997,26.027399999999997,NA,NA,NA,NA,NA,NA,NA,NA,NA,
SRC-RAW-E081A69B085C73023302,SRC-RAW-E081A69B085C73023302,POWER,expert_scope,85,NH3,reported_total,expert_led_workbook,0.0,0.0,NA,NA,NA,NA,NA,NA,NA,NA,NA,
SRC-RAW-755E6F80A48AC746200C,SRC-RAW-755E6F80A48AC746200C,POWER,expert_scope,86,SO2,reported_total,expert_led_workbook,6945.090594999999,83.34108714000006,NA,NA,NA,NA,NA,NA,NA,NA,NA,
SRC-RAW-755E6F80A48AC746200C,SRC-RAW-755E6F80A48AC746200C,POWER,expert_scope,86,NOx,reported_total,expert_led_workbook,5406.56463,535.2498983700004,NA,NA,NA,NA,NA,NA,NA,NA,NA,
SRC-RAW-755E6F80A48AC746200C,SRC-RAW-755E6F80A48AC746200C,POWER,expert_scope,86,CO,reported_total,expert_led_workbook,1499.817,1499.817,NA,NA,NA,NA,NA,NA,NA,NA,NA,
SRC-RAW-755E6F80A48AC746200C,SRC-RAW-755E6F80A48AC746200C,POWER,expert_scope,86,VOC,reported_total,expert_led_workbook,18620.152620000004,111.72091571999806,NA,NA,NA,NA,NA,NA,NA,NA,NA,
SRC-RAW-755E6F80A48AC746200C,SRC-RAW-755E6F80A48AC746200C,POWER,expert_scope,86,PM10,reported_total,expert_led_workbook,4857.441540000001,82.57650618000008,NA,NA,NA,NA,NA,NA,NA,NA,NA,
SRC-RAW-755E6F80A48AC746200C,SRC-RAW-755E6F80A48AC746200C,POWER,expert_scope,86,PM2.5,reported_total,expert_led_workbook,9.71485488,0.16515253296000015,NA,NA,NA,NA,NA,NA,NA,NA,NA,
SRC-RAW-755E6F80A48AC746200C,SRC-RAW-755E6F80A48AC746200C,POWER,expert_scope,86,BC,reported_total,expert_led_workbook,0.0,0.0,NA,NA,NA,NA,NA,NA,NA,NA,NA,
SRC-RAW-755E6F80A48AC746200C,SRC-RAW-755E6F80A48AC746200C,POWER,expert_scope,86,OC,reported_total,expert_led_workbook,29.993519999999997,29.993519999999997,NA,NA,NA,NA,NA,NA,NA,NA,NA,
SRC-RAW-755E6F80A48AC746200C,SRC-RAW-755E6F80A48AC746200C,POWER,expert_scope,86,NH3,reported_total,expert_led_workbook,0.0,0.0,NA,NA,NA,NA,NA,NA,NA,NA,NA,
SRC-RAW-72233F12645656D2C844,SRC-RAW-72233F12645656D2C844,POWER,expert_scope,87,SO2,reported_total,expert_led_workbook,7007.325199999999,84.08790240000006,NA,NA,NA,NA,NA,NA,NA,NA,NA,
SRC-RAW-72233F12645656D2C844,SRC-RAW-72233F12645656D2C844,POWER,expert_scope,87,NOx,reported_total,expert_led_workbook,5455.158200000001,730.9911988000001,NA,NA,NA,NA,NA,NA,NA,NA,NA,
SRC-RAW-72233F12645656D2C844,SRC-RAW-72233F12645656D2C844,POWER,expert_scope,87,CO,reported_total,expert_led_workbook,1513.303,1513.303,NA,NA,NA,NA,NA,NA,NA,NA,NA,
SRC-RAW-72233F12645656D2C844,SRC-RAW-72233F12645656D2C844,POWER,expert_scope,87,VOC,reported_total,expert_led_workbook,18787.004100000002,112.72202459999802,NA,NA,NA,NA,NA,NA,NA,NA,NA,
SRC-RAW-72233F12645656D2C844,SRC-RAW-72233F12645656D2C844,POWER,expert_scope,87,PM10,reported_total,expert_led_workbook,4900.968900000001,83.31647130000009,NA,NA,NA,NA,NA,NA,NA,NA,NA,
SRC-RAW-72233F12645656D2C844,SRC-RAW-72233F12645656D2C844,POWER,expert_scope,87,PM2.5,reported_total,expert_led_workbook,9.801907200000002,0.16663242240000017,NA,NA,NA,NA,NA,NA,NA,NA,NA,
SRC-RAW-72233F12645656D2C844,SRC-RAW-72233F12645656D2C844,POWER,expert_scope,87,BC,reported_total,expert_led_workbook,0.0,0.0,NA,NA,NA,NA,NA,NA,NA,NA,NA,
SRC-RAW-72233F12645656D2C844,SRC-RAW-72233F12645656D2C844,POWER,expert_scope,87,OC,reported_total,expert_led_workbook,30.263,30.263,NA,NA,NA,NA,NA,NA,NA,NA,NA,
SRC-RAW-72233F12645656D2C844,SRC-RAW-72233F12645656D2C844,POWER,expert_scope,87,NH3,reported_total,expert_led_workbook,0.0,0.0,NA,NA,NA,NA,NA,NA,NA,NA,NA,
SRC-RAW-633828FD15B5D82D52ED,SRC-RAW-633828FD15B5D82D52ED,POWER,expert_scope,88,SO2,reported_total,expert_led_workbook,8.0540856,8.0540856,NA,NA,NA,NA,NA,NA,NA,NA,NA,
SRC-RAW-633828FD15B5D82D52ED,SRC-RAW-633828FD15B5D82D52ED,POWER,expert_scope,88,NOx,reported_total,expert_led_workbook,825.543774,157.39493720634917,NA,NA,NA,NA,NA,NA,NA,NA,NA,
SRC-RAW-633828FD15B5D82D52ED,SRC-RAW-633828FD15B5D82D52ED,POWER,expert_scope,88,CO,reported_total,expert_led_workbook,261.757782,261.757782,NA,NA,NA,NA,NA,NA,NA,NA,NA,
SRC-RAW-633828FD15B5D82D52ED,SRC-RAW-633828FD15B5D82D52ED,POWER,expert_scope,88,VOC,reported_total,expert_led_workbook,6.0405642,6.0405642,NA,NA,NA,NA,NA,NA,NA,NA,NA,
SRC-RAW-633828FD15B5D82D52ED,SRC-RAW-633828FD15B5D82D52ED,POWER,expert_scope,88,PM10,reported_total,expert_led_workbook,6.0405642,6.0405642,NA,NA,NA,NA,NA,NA,NA,NA,NA,
SRC-RAW-633828FD15B5D82D52ED,SRC-RAW-633828FD15B5D82D52ED,POWER,expert_scope,88,PM2.5,reported_total,expert_led_workbook,0.0,0.0,NA,NA,NA,NA,NA,NA,NA,NA,NA,
SRC-RAW-633828FD15B5D82D52ED,SRC-RAW-633828FD15B5D82D52ED,POWER,expert_scope,88,BC,reported_total,expert_led_workbook,0.0,0.0,NA,NA,NA,NA,NA,NA,NA,NA,NA,
SRC-RAW-633828FD15B5D82D52ED,SRC-RAW-633828FD15B5D82D52ED,POWER,expert_scope,88,OC,reported_total,expert_led_workbook,4.0270428,4.0270428,NA,NA,NA,NA,NA,NA,NA,NA,NA,
SRC-RAW-633828FD15B5D82D52ED,SRC-RAW-633828FD15B5D82D52ED,POWER,expert_scope,88,NH3,reported_total,expert_led_workbook,0.0,0.0,NA,NA,NA,NA,NA,NA,NA,NA,NA,
SRC-RAW-7B98DC2D3707B88A4E17,SRC-RAW-7B98DC2D3707B88A4E17,POWER,expert_scope,89,SO2,reported_total,expert_led_workbook,10.8999144,10.8999144,NA,NA,NA,NA,NA,NA,NA,NA,NA,
SRC-RAW-7B98DC2D3707B88A4E17,SRC-RAW-7B98DC2D3707B88A4E17,POWER,expert_scope,89,NOx,reported_total,expert_led_workbook,1117.2412259999999,206.94686166542797,NA,NA,NA,NA,NA,NA,NA,NA,NA,
SRC-RAW-7B98DC2D3707B88A4E17,SRC-RAW-7B98DC2D3707B88A4E17,POWER,expert_scope,89,CO,reported_total,expert_led_workbook,354.247218,354.247218,NA,NA,NA,NA,NA,NA,NA,NA,NA,
SRC-RAW-7B98DC2D3707B88A4E17,SRC-RAW-7B98DC2D3707B88A4E17,POWER,expert_scope,89,VOC,reported_total,expert_led_workbook,8.1749358,8.1749358,NA,NA,NA,NA,NA,NA,NA,NA,NA,
SRC-RAW-7B98DC2D3707B88A4E17,SRC-RAW-7B98DC2D3707B88A4E17,POWER,expert_scope,89,PM10,reported_total,expert_led_workbook,8.1749358,8.1749358,NA,NA,NA,NA,NA,NA,NA,NA,NA,
SRC-RAW-7B98DC2D3707B88A4E17,SRC-RAW-7B98DC2D3707B88A4E17,POWER,expert_scope,89,PM2.5,reported_total,expert_led_workbook,0.0,0.0,NA,NA,NA,NA,NA,NA,NA,NA,NA,
SRC-RAW-7B98DC2D3707B88A4E17,SRC-RAW-7B98DC2D3707B88A4E17,POWER,expert_scope,89,BC,reported_total,expert_led_workbook,0.0,0.0,NA,NA,NA,NA,NA,NA,NA,NA,NA,
SRC-RAW-7B98DC2D3707B88A4E17,SRC-RAW-7B98DC2D3707B88A4E17,POWER,expert_scope,89,OC,reported_total,expert_led_workbook,5.4499572,5.4499572,NA,NA,NA,NA,NA,NA,NA,NA,NA,
SRC-RAW-7B98DC2D3707B88A4E17,SRC-RAW-7B98DC2D3707B88A4E17,POWER,expert_scope,89,NH3,reported_total,expert_led_workbook,0.0,0.0,NA,NA,NA,NA,NA,NA,NA,NA,NA,
SRC-RAW-70331E078B8FF1AF2BA8,SRC-RAW-70331E078B8FF1AF2BA8,POWER,expert_scope,90,SO2,reported_total,expert_led_workbook,9.2283224,9.2283224,NA,NA,NA,NA,NA,NA,NA,NA,NA,
SRC-RAW-70331E078B8FF1AF2BA8,SRC-RAW-70331E078B8FF1AF2BA8,POWER,expert_scope,90,NOx,reported_total,expert_led_workbook,945.9030459999999,170.1824206563504,NA,NA,NA,NA,NA,NA,NA,NA,NA,
SRC-RAW-70331E078B8FF1AF2BA8,SRC-RAW-70331E078B8FF1AF2BA8,POWER,expert_scope,90,CO,reported_total,expert_led_workbook,299.920478,299.920478,NA,NA,NA,NA,NA,NA,NA,NA,NA,
SRC-RAW-70331E078B8FF1AF2BA8,SRC-RAW-70331E078B8FF1AF2BA8,POWER,expert_scope,90,VOC,reported_total,expert_led_workbook,6.9212418,6.9212418,NA,NA,NA,NA,NA,NA,NA,NA,NA,
SRC-RAW-70331E078B8FF1AF2BA8,SRC-RAW-70331E078B8FF1AF2BA8,POWER,expert_scope,90,PM10,reported_total,expert_led_workbook,6.9212418,6.9212418,NA,NA,NA,NA,NA,NA,NA,NA,NA,
SRC-RAW-70331E078B8FF1AF2BA8,SRC-RAW-70331E078B8FF1AF2BA8,POWER,expert_scope,90,PM2.5,reported_total,expert_led_workbook,0.0,0.0,NA,NA,NA,NA,NA,NA,NA,NA,NA,
SRC-RAW-70331E078B8FF1AF2BA8,SRC-RAW-70331E078B8FF1AF2BA8,POWER,expert_scope,90,BC,reported_total,expert_led_workbook,0.0,0.0,NA,NA,NA,NA,NA,NA,NA,NA,NA,
SRC-RAW-70331E078B8FF1AF2BA8,SRC-RAW-70331E078B8FF1AF2BA8,POWER,expert_scope,90,OC,reported_total,expert_led_workbook,4.6141612,4.6141612,NA,NA,NA,NA,NA,NA,NA,NA,NA,
SRC-RAW-70331E078B8FF1AF2BA8,SRC-RAW-70331E078B8FF1AF2BA8,POWER,expert_scope,90,NH3,reported_total,expert_led_workbook,0.0,0.0,NA,NA,NA,NA,NA,NA,NA,NA,NA,
SRC-RAW-F16A2BF7685B8412B980,SRC-RAW-F16A2BF7685B8412B980,POWER,expert_scope,91,SO2,reported_total,expert_led_workbook,2.189404,2.189404,NA,NA,NA,NA,NA,NA,NA,NA,NA,
SRC-RAW-F16A2BF7685B8412B980,SRC-RAW-F16A2BF7685B8412B980,POWER,expert_scope,91,NOx,reported_total,expert_led_workbook,224.41391,130.1600678,NA,NA,NA,NA,NA,NA,NA,NA,NA,
SRC-RAW-F16A2BF7685B8412B980,SRC-RAW-F16A2BF7685B8412B980,POWER,expert_scope,91,CO,reported_total,expert_led_workbook,71.15563,71.15563,NA,NA,NA,NA,NA,NA,NA,NA,NA,
SRC-RAW-F16A2BF7685B8412B980,SRC-RAW-F16A2BF7685B8412B980,POWER,expert_scope,91,VOC,reported_total,expert_led_workbook,1.642053,1.642053,NA,NA,NA,NA,NA,NA,NA,NA,NA,
SRC-RAW-F16A2BF7685B8412B980,SRC-RAW-F16A2BF7685B8412B980,POWER,expert_scope,91,PM10,reported_total,expert_led_workbook,1.642053,1.642053,NA,NA,NA,NA,NA,NA,NA,NA,NA,
SRC-RAW-F16A2BF7685B8412B980,SRC-RAW-F16A2BF7685B8412B980,POWER,expert_scope,91,PM2.5,reported_total,expert_led_workbook,0.0,0.0,NA,NA,NA,NA,NA,NA,NA,NA,NA,
SRC-RAW-F16A2BF7685B8412B980,SRC-RAW-F16A2BF7685B8412B980,POWER,expert_scope,91,BC,reported_total,expert_led_workbook,0.0,0.0,NA,NA,NA,NA,NA,NA,NA,NA,NA,
SRC-RAW-F16A2BF7685B8412B980,SRC-RAW-F16A2BF7685B8412B980,POWER,expert_scope,91,OC,reported_total,expert_led_workbook,1.094702,1.094702,NA,NA,NA,NA,NA,NA,NA,NA,NA,
SRC-RAW-F16A2BF7685B8412B980,SRC-RAW-F16A2BF7685B8412B980,POWER,expert_scope,91,NH3,reported_total,expert_led_workbook,0.0,0.0,NA,NA,NA,NA,NA,NA,NA,NA,NA,
SRC-RAW-B89272365C47F67246F0,SRC-RAW-B89272365C47F67246F0,POWER,expert_scope,92,SO2,reported_total,expert_led_workbook,2.318956,2.318956,NA,NA,NA,NA,NA,NA,NA,NA,NA,
SRC-RAW-B89272365C47F67246F0,SRC-RAW-B89272365C47F67246F0,POWER,expert_scope,92,NOx,reported_total,expert_led_workbook,237.69299,137.86193420000004,NA,NA,NA,NA,NA,NA,NA,NA,NA,
SRC-RAW-B89272365C47F67246F0,SRC-RAW-B89272365C47F67246F0,POWER,expert_scope,92,CO,reported_total,expert_led_workbook,75.36607000000002,75.36607000000002,NA,NA,NA,NA,NA,NA,NA,NA,NA,
SRC-RAW-B89272365C47F67246F0,SRC-RAW-B89272365C47F67246F0,POWER,expert_scope,92,VOC,reported_total,expert_led_workbook,1.7392170000000002,1.7392170000000002,NA,NA,NA,NA,NA,NA,NA,NA,NA,
SRC-RAW-B89272365C47F67246F0,SRC-RAW-B89272365C47F67246F0,POWER,expert_scope,92,PM10,reported_total,expert_led_workbook,1.7392170000000002,1.7392170000000002,NA,NA,NA,NA,NA,NA,NA,NA,NA,
SRC-RAW-B89272365C47F67246F0,SRC-RAW-B89272365C47F67246F0,POWER,expert_scope,92,PM2.5,reported_total,expert_led_workbook,0.0,0.0,NA,NA,NA,NA,NA,NA,NA,NA,NA,
SRC-RAW-B89272365C47F67246F0,SRC-RAW-B89272365C47F67246F0,POWER,expert_scope,92,BC,reported_total,expert_led_workbook,0.0,0.0,NA,NA,NA,NA,NA,NA,NA,NA,NA,
SRC-RAW-B89272365C47F67246F0,SRC-RAW-B89272365C47F67246F0,POWER,expert_scope,92,OC,reported_total,expert_led_workbook,1.1594780000000002,1.1594780000000002,NA,NA,NA,NA,NA,NA,NA,NA,NA,
SRC-RAW-B89272365C47F67246F0,SRC-RAW-B89272365C47F67246F0,POWER,expert_scope,92,NH3,reported_total,expert_led_workbook,0.0,0.0,NA,NA,NA,NA,NA,NA,NA,NA,NA,
SRC-RAW-3E9B8DA14369A959E30B,SRC-RAW-3E9B8DA14369A959E30B,POWER,expert_scope,93,SO2,reported_total,expert_led_workbook,2.4626,2.4626,NA,NA,NA,NA,NA,NA,NA,NA,NA,
SRC-RAW-3E9B8DA14369A959E30B,SRC-RAW-3E9B8DA14369A959E30B,POWER,expert_scope,93,NOx,reported_total,expert_led_workbook,252.41649999999996,146.40157,NA,NA,NA,NA,NA,NA,NA,NA,NA,
SRC-RAW-3E9B8DA14369A959E30B,SRC-RAW-3E9B8DA14369A959E30B,POWER,expert_scope,93,CO,reported_total,expert_led_workbook,80.0345,80.0345,NA,NA,NA,NA,NA,NA,NA,NA,NA,
SRC-RAW-3E9B8DA14369A959E30B,SRC-RAW-3E9B8DA14369A959E30B,POWER,expert_scope,93,VOC,reported_total,expert_led_workbook,1.84695,1.84695,NA,NA,NA,NA,NA,NA,NA,NA,NA,
SRC-RAW-3E9B8DA14369A959E30B,SRC-RAW-3E9B8DA14369A959E30B,POWER,expert_scope,93,PM10,reported_total,expert_led_workbook,1.84695,1.84695,NA,NA,NA,NA,NA,NA,NA,NA,NA,
SRC-RAW-3E9B8DA14369A959E30B,SRC-RAW-3E9B8DA14369A959E30B,POWER,expert_scope,93,PM2.5,reported_total,expert_led_workbook,0.0,0.0,NA,NA,NA,NA,NA,NA,NA,NA,NA,
SRC-RAW-3E9B8DA14369A959E30B,SRC-RAW-3E9B8DA14369A959E30B,POWER,expert_scope,93,BC,reported_total,expert_led_workbook,0.0,0.0,NA,NA,NA,NA,NA,NA,NA,NA,NA,
SRC-RAW-3E9B8DA14369A959E30B,SRC-RAW-3E9B8DA14369A959E30B,POWER,expert_scope,93,OC,reported_total,expert_led_workbook,1.2313,1.2313,NA,NA,NA,NA,NA,NA,NA,NA,NA,
SRC-RAW-3E9B8DA14369A959E30B,SRC-RAW-3E9B8DA14369A959E30B,POWER,expert_scope,93,NH3,reported_total,expert_led_workbook,0.0,0.0,NA,NA,NA,NA,NA,NA,NA,NA,NA,
SRC-RAW-DB09A14E2C23009C56C1,SRC-RAW-DB09A14E2C23009C56C1,POWER,expert_scope,94,SO2,reported_total,expert_led_workbook,0.22,0.22,NA,NA,NA,NA,NA,NA,NA,NA,NA,
SRC-RAW-DB09A14E2C23009C56C1,SRC-RAW-DB09A14E2C23009C56C1,POWER,expert_scope,94,NOx,reported_total,expert_led_workbook,22.55,3.3825000000000007,NA,NA,NA,NA,NA,NA,NA,NA,NA,
SRC-RAW-DB09A14E2C23009C56C1,SRC-RAW-DB09A14E2C23009C56C1,POWER,expert_scope,94,CO,reported_total,expert_led_workbook,7.15,7.15,NA,NA,NA,NA,NA,NA,NA,NA,NA,
SRC-RAW-DB09A14E2C23009C56C1,SRC-RAW-DB09A14E2C23009C56C1,POWER,expert_scope,94,VOC,reported_total,expert_led_workbook,0.165,0.165,NA,NA,NA,NA,NA,NA,NA,NA,NA,
SRC-RAW-DB09A14E2C23009C56C1,SRC-RAW-DB09A14E2C23009C56C1,POWER,expert_scope,94,PM10,reported_total,expert_led_workbook,0.165,0.165,NA,NA,NA,NA,NA,NA,NA,NA,NA,
SRC-RAW-DB09A14E2C23009C56C1,SRC-RAW-DB09A14E2C23009C56C1,POWER,expert_scope,94,PM2.5,reported_total,expert_led_workbook,0.0,0.0,NA,NA,NA,NA,NA,NA,NA,NA,NA,
SRC-RAW-DB09A14E2C23009C56C1,SRC-RAW-DB09A14E2C23009C56C1,POWER,expert_scope,94,BC,reported_total,expert_led_workbook,0.0,0.0,NA,NA,NA,NA,NA,NA,NA,NA,NA,
SRC-RAW-DB09A14E2C23009C56C1,SRC-RAW-DB09A14E2C23009C56C1,POWER,expert_scope,94,OC,reported_total,expert_led_workbook,0.11,0.11,NA,NA,NA,NA,NA,NA,NA,NA,NA,
SRC-RAW-DB09A14E2C23009C56C1,SRC-RAW-DB09A14E2C23009C56C1,POWER,expert_scope,94,NH3,reported_total,expert_led_workbook,0.0,0.0,NA,NA,NA,NA,NA,NA,NA,NA,NA,
SRC-RAW-EBE569F8F59E93B6D74B,SRC-RAW-EBE569F8F59E93B6D74B,POWER,expert_scope,95,SO2,reported_total,expert_led_workbook,0.22,0.22,NA,NA,NA,NA,NA,NA,NA,NA,NA,
SRC-RAW-EBE569F8F59E93B6D74B,SRC-RAW-EBE569F8F59E93B6D74B,POWER,expert_scope,95,NOx,reported_total,expert_led_workbook,22.55,3.3825000000000007,NA,NA,NA,NA,NA,NA,NA,NA,NA,
SRC-RAW-EBE569F8F59E93B6D74B,SRC-RAW-EBE569F8F59E93B6D74B,POWER,expert_scope,95,CO,reported_total,expert_led_workbook,7.15,7.15,NA,NA,NA,NA,NA,NA,NA,NA,NA,
SRC-RAW-EBE569F8F59E93B6D74B,SRC-RAW-EBE569F8F59E93B6D74B,POWER,expert_scope,95,VOC,reported_total,expert_led_workbook,0.165,0.165,NA,NA,NA,NA,NA,NA,NA,NA,NA,
SRC-RAW-EBE569F8F59E93B6D74B,SRC-RAW-EBE569F8F59E93B6D74B,POWER,expert_scope,95,PM10,reported_total,expert_led_workbook,0.165,0.165,NA,NA,NA,NA,NA,NA,NA,NA,NA,
SRC-RAW-EBE569F8F59E93B6D74B,SRC-RAW-EBE569F8F59E93B6D74B,POWER,expert_scope,95,PM2.5,reported_total,expert_led_workbook,0.0,0.0,NA,NA,NA,NA,NA,NA,NA,NA,NA,
SRC-RAW-EBE569F8F59E93B6D74B,SRC-RAW-EBE569F8F59E93B6D74B,POWER,expert_scope,95,BC,reported_total,expert_led_workbook,0.0,0.0,NA,NA,NA,NA,NA,NA,NA,NA,NA,
SRC-RAW-EBE569F8F59E93B6D74B,SRC-RAW-EBE569F8F59E93B6D74B,POWER,expert_scope,95,OC,reported_total,expert_led_workbook,0.11,0.11,NA,NA,NA,NA,NA,NA,NA,NA,NA,
SRC-RAW-EBE569F8F59E93B6D74B,SRC-RAW-EBE569F8F59E93B6D74B,POWER,expert_scope,95,NH3,reported_total,expert_led_workbook,0.0,0.0,NA,NA,NA,NA,NA,NA,NA,NA,NA,
SRC-RAW-76EDE4CF218D7560DC04,SRC-RAW-76EDE4CF218D7560DC04,POWER,expert_scope,96,SO2,reported_total,expert_led_workbook,0.22,0.22,NA,NA,NA,NA,NA,NA,NA,NA,NA,
SRC-RAW-76EDE4CF218D7560DC04,SRC-RAW-76EDE4CF218D7560DC04,POWER,expert_scope,96,NOx,reported_total,expert_led_workbook,22.55,3.3825000000000007,NA,NA,NA,NA,NA,NA,NA,NA,NA,
SRC-RAW-76EDE4CF218D7560DC04,SRC-RAW-76EDE4CF218D7560DC04,POWER,expert_scope,96,CO,reported_total,expert_led_workbook,7.15,7.15,NA,NA,NA,NA,NA,NA,NA,NA,NA,
SRC-RAW-76EDE4CF218D7560DC04,SRC-RAW-76EDE4CF218D7560DC04,POWER,expert_scope,96,VOC,reported_total,expert_led_workbook,0.165,0.165,NA,NA,NA,NA,NA,NA,NA,NA,NA,
SRC-RAW-76EDE4CF218D7560DC04,SRC-RAW-76EDE4CF218D7560DC04,POWER,expert_scope,96,PM10,reported_total,expert_led_workbook,0.165,0.165,NA,NA,NA,NA,NA,NA,NA,NA,NA,
SRC-RAW-76EDE4CF218D7560DC04,SRC-RAW-76EDE4CF218D7560DC04,POWER,expert_scope,96,PM2.5,reported_total,expert_led_workbook,0.0,0.0,NA,NA,NA,NA,NA,NA,NA,NA,NA,
SRC-RAW-76EDE4CF218D7560DC04,SRC-RAW-76EDE4CF218D7560DC04,POWER,expert_scope,96,BC,reported_total,expert_led_workbook,0.0,0.0,NA,NA,NA,NA,NA,NA,NA,NA,NA,
SRC-RAW-76EDE4CF218D7560DC04,SRC-RAW-76EDE4CF218D7560DC04,POWER,expert_scope,96,OC,reported_total,expert_led_workbook,0.11,0.11,NA,NA,NA,NA,NA,NA,NA,NA,NA,
SRC-RAW-76EDE4CF218D7560DC04,SRC-RAW-76EDE4CF218D7560DC04,POWER,expert_scope,96,NH3,reported_total,expert_led_workbook,0.0,0.0,NA,NA,NA,NA,NA,NA,NA,NA,NA,
SRC-RAW-190FAC35BAA3212F37E4,SRC-RAW-190FAC35BAA3212F37E4,POWER,expert_scope,97,SO2,reported_total,expert_led_workbook,1.980737066,1.980737066,NA,NA,NA,NA,NA,NA,NA,NA,NA,
SRC-RAW-190FAC35BAA3212F37E4,SRC-RAW-190FAC35BAA3212F37E4,POWER,expert_scope,97,NOx,reported_total,expert_led_workbook,240.69418999999996,84.24425784712162,NA,NA,NA,NA,NA,NA,NA,NA,NA,
SRC-RAW-190FAC35BAA3212F37E4,SRC-RAW-190FAC35BAA3212F37E4,POWER,expert_scope,97,CO,reported_total,expert_led_workbook,76.31767,76.31767,NA,NA,NA,NA,NA,NA,NA,NA,NA,
SRC-RAW-190FAC35BAA3212F37E4,SRC-RAW-190FAC35BAA3212F37E4,POWER,expert_scope,97,VOC,reported_total,expert_led_workbook,1.7611769999999998,1.7611769999999998,NA,NA,NA,NA,NA,NA,NA,NA,NA,
SRC-RAW-190FAC35BAA3212F37E4,SRC-RAW-190FAC35BAA3212F37E4,POWER,expert_scope,97,PM10,reported_total,expert_led_workbook,1.7611769999999998,1.7611769999999998,NA,NA,NA,NA,NA,NA,NA,NA,NA,
SRC-RAW-190FAC35BAA3212F37E4,SRC-RAW-190FAC35BAA3212F37E4,POWER,expert_scope,97,PM2.5,reported_total,expert_led_workbook,0.0,0.0,NA,NA,NA,NA,NA,NA,NA,NA,NA,
SRC-RAW-190FAC35BAA3212F37E4,SRC-RAW-190FAC35BAA3212F37E4,POWER,expert_scope,97,BC,reported_total,expert_led_workbook,0.0,0.0,NA,NA,NA,NA,NA,NA,NA,NA,NA,
SRC-RAW-190FAC35BAA3212F37E4,SRC-RAW-190FAC35BAA3212F37E4,POWER,expert_scope,97,OC,reported_total,expert_led_workbook,1.174118,1.174118,NA,NA,NA,NA,NA,NA,NA,NA,NA,
SRC-RAW-190FAC35BAA3212F37E4,SRC-RAW-190FAC35BAA3212F37E4,POWER,expert_scope,97,NH3,reported_total,expert_led_workbook,0.0,0.0,NA,NA,NA,NA,NA,NA,NA,NA,NA,
SRC-RAW-64B79329648A40D200BC,SRC-RAW-64B79329648A40D200BC,POWER,expert_scope,98,SO2,reported_total,expert_led_workbook,3.2043863208000003,3.2043863208000003,NA,NA,NA,NA,NA,NA,NA,NA,NA,
SRC-RAW-64B79329648A40D200BC,SRC-RAW-64B79329648A40D200BC,POWER,expert_scope,98,NOx,reported_total,expert_led_workbook,389.38897199999997,136.28420319841482,NA,NA,NA,NA,NA,NA,NA,NA,NA,
SRC-RAW-64B79329648A40D200BC,SRC-RAW-64B79329648A40D200BC,POWER,expert_scope,98,CO,reported_total,expert_led_workbook,123.464796,123.464796,NA,NA,NA,NA,NA,NA,NA,NA,NA,
SRC-RAW-64B79329648A40D200BC,SRC-RAW-64B79329648A40D200BC,POWER,expert_scope,98,VOC,reported_total,expert_led_workbook,2.8491875999999996,2.8491875999999996,NA,NA,NA,NA,NA,NA,NA,NA,NA,
SRC-RAW-64B79329648A40D200BC,SRC-RAW-64B79329648A40D200BC,POWER,expert_scope,98,PM10,reported_total,expert_led_workbook,2.8491875999999996,2.8491875999999996,NA,NA,NA,NA,NA,NA,NA,NA,NA,
SRC-RAW-64B79329648A40D200BC,SRC-RAW-64B79329648A40D200BC,POWER,expert_scope,98,PM2.5,reported_total,expert_led_workbook,0.0,0.0,NA,NA,NA,NA,NA,NA,NA,NA,NA,
SRC-RAW-64B79329648A40D200BC,SRC-RAW-64B79329648A40D200BC,POWER,expert_scope,98,BC,reported_total,expert_led_workbook,0.0,0.0,NA,NA,NA,NA,NA,NA,NA,NA,NA,
SRC-RAW-64B79329648A40D200BC,SRC-RAW-64B79329648A40D200BC,POWER,expert_scope,98,OC,reported_total,expert_led_workbook,1.8994584,1.8994584,NA,NA,NA,NA,NA,NA,NA,NA,NA,
SRC-RAW-64B79329648A40D200BC,SRC-RAW-64B79329648A40D200BC,POWER,expert_scope,98,NH3,reported_total,expert_led_workbook,0.0,0.0,NA,NA,NA,NA,NA,NA,NA,NA,NA,
SRC-RAW-829CCC02E04BEEA7A2FE,SRC-RAW-829CCC02E04BEEA7A2FE,POWER,expert_scope,99,SO2,reported_total,expert_led_workbook,3.994723104,3.994723104,NA,NA,NA,NA,NA,NA,NA,NA,NA,
SRC-RAW-829CCC02E04BEEA7A2FE,SRC-RAW-829CCC02E04BEEA7A2FE,POWER,expert_scope,99,NOx,reported_total,expert_led_workbook,419.527785,243.32611530000003,NA,NA,NA,NA,NA,NA,NA,NA,NA,
SRC-RAW-829CCC02E04BEEA7A2FE,SRC-RAW-829CCC02E04BEEA7A2FE,POWER,expert_scope,99,CO,reported_total,expert_led_workbook,133.021005,133.021005,NA,NA,NA,NA,NA,NA,NA,NA,NA,
SRC-RAW-829CCC02E04BEEA7A2FE,SRC-RAW-829CCC02E04BEEA7A2FE,POWER,expert_scope,99,VOC,reported_total,expert_led_workbook,3.0697155,3.0697155,NA,NA,NA,NA,NA,NA,NA,NA,NA,
SRC-RAW-829CCC02E04BEEA7A2FE,SRC-RAW-829CCC02E04BEEA7A2FE,POWER,expert_scope,99,PM10,reported_total,expert_led_workbook,3.0697155,3.0697155,NA,NA,NA,NA,NA,NA,NA,NA,NA,
SRC-RAW-829CCC02E04BEEA7A2FE,SRC-RAW-829CCC02E04BEEA7A2FE,POWER,expert_scope,99,PM2.5,reported_total,expert_led_workbook,0.0,0.0,NA,NA,NA,NA,NA,NA,NA,NA,NA,
SRC-RAW-829CCC02E04BEEA7A2FE,SRC-RAW-829CCC02E04BEEA7A2FE,POWER,expert_scope,99,BC,reported_total,expert_led_workbook,0.0,0.0,NA,NA,NA,NA,NA,NA,NA,NA,NA,
SRC-RAW-829CCC02E04BEEA7A2FE,SRC-RAW-829CCC02E04BEEA7A2FE,POWER,expert_scope,99,OC,reported_total,expert_led_workbook,2.0464770000000003,2.0464770000000003,NA,NA,NA,NA,NA,NA,NA,NA,NA,
SRC-RAW-829CCC02E04BEEA7A2FE,SRC-RAW-829CCC02E04BEEA7A2FE,POWER,expert_scope,99,NH3,reported_total,expert_led_workbook,0.0,0.0,NA,NA,NA,NA,NA,NA,NA,NA,NA,
SRC-RAW-8D3F58F979F412D1E35F,SRC-RAW-8D3F58F979F412D1E35F,POWER,expert_scope,100,SO2,reported_total,expert_led_workbook,3.7581953599999993,3.7581953599999993,NA,NA,NA,NA,NA,NA,NA,NA,NA,
SRC-RAW-8D3F58F979F412D1E35F,SRC-RAW-8D3F58F979F412D1E35F,POWER,expert_scope,100,NOx,reported_total,expert_led_workbook,394.68752499999994,228.91876449999998,NA,NA,NA,NA,NA,NA,NA,NA,NA,
SRC-RAW-8D3F58F979F412D1E35F,SRC-RAW-8D3F58F979F412D1E35F,POWER,expert_scope,100,CO,reported_total,expert_led_workbook,125.144825,125.144825,NA,NA,NA,NA,NA,NA,NA,NA,NA,
SRC-RAW-8D3F58F979F412D1E35F,SRC-RAW-8D3F58F979F412D1E35F,POWER,expert_scope,100,VOC,reported_total,expert_led_workbook,2.8879575,2.8879575,NA,NA,NA,NA,NA,NA,NA,NA,NA,
SRC-RAW-8D3F58F979F412D1E35F,SRC-RAW-8D3F58F979F412D1E35F,POWER,expert_scope,100,PM10,reported_total,expert_led_workbook,2.8879575,2.8879575,NA,NA,NA,NA,NA,NA,NA,NA,NA,
SRC-RAW-8D3F58F979F412D1E35F,SRC-RAW-8D3F58F979F412D1E35F,POWER,expert_scope,100,PM2.5,reported_total,expert_led_workbook,0.0,0.0,NA,NA,NA,NA,NA,NA,NA,NA,NA,
SRC-RAW-8D3F58F979F412D1E35F,SRC-RAW-8D3F58F979F412D1E35F,POWER,expert_scope,100,BC,reported_total,expert_led_workbook,0.0,0.0,NA,NA,NA,NA,NA,NA,NA,NA,NA,
SRC-RAW-8D3F58F979F412D1E35F,SRC-RAW-8D3F58F979F412D1E35F,POWER,expert_scope,100,OC,reported_total,expert_led_workbook,1.925305,1.925305,NA,NA,NA,NA,NA,NA,NA,NA,NA,
SRC-RAW-8D3F58F979F412D1E35F,SRC-RAW-8D3F58F979F412D1E35F,POWER,expert_scope,100,NH3,reported_total,expert_led_workbook,0.0,0.0,NA,NA,NA,NA,NA,NA,NA,NA,NA,
SRC-RAW-B7588D6E56DA0514E71E,SRC-RAW-B7588D6E56DA0514E71E,POWER,expert_scope,101,SO2,reported_total,expert_led_workbook,4.52924512,4.52924512,NA,NA,NA,NA,NA,NA,NA,NA,NA,
SRC-RAW-B7588D6E56DA0514E71E,SRC-RAW-B7588D6E56DA0514E71E,POWER,expert_scope,101,NOx,reported_total,expert_led_workbook,475.66354999999993,92.72114035258583,NA,NA,NA,NA,NA,NA,NA,NA,NA,
SRC-RAW-B7588D6E56DA0514E71E,SRC-RAW-B7588D6E56DA0514E71E,POWER,expert_scope,101,CO,reported_total,expert_led_workbook,150.82015,150.82015,NA,NA,NA,NA,NA,NA,NA,NA,NA,
SRC-RAW-B7588D6E56DA0514E71E,SRC-RAW-B7588D6E56DA0514E71E,POWER,expert_scope,101,VOC,reported_total,expert_led_workbook,3.480465,3.480465,NA,NA,NA,NA,NA,NA,NA,NA,NA,
SRC-RAW-B7588D6E56DA0514E71E,SRC-RAW-B7588D6E56DA0514E71E,POWER,expert_scope,101,PM10,reported_total,expert_led_workbook,3.480465,3.480465,NA,NA,NA,NA,NA,NA,NA,NA,NA,
SRC-RAW-B7588D6E56DA0514E71E,SRC-RAW-B7588D6E56DA0514E71E,POWER,expert_scope,101,PM2.5,reported_total,expert_led_workbook,0.0,0.0,NA,NA,NA,NA,NA,NA,NA,NA,NA,
SRC-RAW-B7588D6E56DA0514E71E,SRC-RAW-B7588D6E56DA0514E71E,POWER,expert_scope,101,BC,reported_total,expert_led_workbook,0.0,0.0,NA,NA,NA,NA,NA,NA,NA,NA,NA,
SRC-RAW-B7588D6E56DA0514E71E,SRC-RAW-B7588D6E56DA0514E71E,POWER,expert_scope,101,OC,reported_total,expert_led_workbook,2.32031,2.32031,NA,NA,NA,NA,NA,NA,NA,NA,NA,
SRC-RAW-B7588D6E56DA0514E71E,SRC-RAW-B7588D6E56DA0514E71E,POWER,expert_scope,101,NH3,reported_total,expert_led_workbook,0.0,0.0,NA,NA,NA,NA,NA,NA,NA,NA,NA,
SRC-RAW-92FED172CEA9E9F0F5B1,SRC-RAW-92FED172CEA9E9F0F5B1,POWER,expert_scope,102,SO2,reported_total,expert_led_workbook,4.504380544,4.504380544,NA,NA,NA,NA,NA,NA,NA,NA,NA,
SRC-RAW-92FED172CEA9E9F0F5B1,SRC-RAW-92FED172CEA9E9F0F5B1,POWER,expert_scope,102,NOx,reported_total,expert_led_workbook,473.05225999999993,84.63099955572537,NA,NA,NA,NA,NA,NA,NA,NA,NA,
SRC-RAW-92FED172CEA9E9F0F5B1,SRC-RAW-92FED172CEA9E9F0F5B1,POWER,expert_scope,102,CO,reported_total,expert_led_workbook,149.99218,149.99218,NA,NA,NA,NA,NA,NA,NA,NA,NA,
SRC-RAW-92FED172CEA9E9F0F5B1,SRC-RAW-92FED172CEA9E9F0F5B1,POWER,expert_scope,102,VOC,reported_total,expert_led_workbook,3.461358,3.461358,NA,NA,NA,NA,NA,NA,NA,NA,NA,
SRC-RAW-92FED172CEA9E9F0F5B1,SRC-RAW-92FED172CEA9E9F0F5B1,POWER,expert_scope,102,PM10,reported_total,expert_led_workbook,3.461358,3.461358,NA,NA,NA,NA,NA,NA,NA,NA,NA,
SRC-RAW-92FED172CEA9E9F0F5B1,SRC-RAW-92FED172CEA9E9F0F5B1,POWER,expert_scope,102,PM2.5,reported_total,expert_led_workbook,0.0,0.0,NA,NA,NA,NA,NA,NA,NA,NA,NA,
SRC-RAW-92FED172CEA9E9F0F5B1,SRC-RAW-92FED172CEA9E9F0F5B1,POWER,expert_scope,102,BC,reported_total,expert_led_workbook,0.0,0.0,NA,NA,NA,NA,NA,NA,NA,NA,NA,
SRC-RAW-92FED172CEA9E9F0F5B1,SRC-RAW-92FED172CEA9E9F0F5B1,POWER,expert_scope,102,OC,reported_total,expert_led_workbook,2.307572,2.307572,NA,NA,NA,NA,NA,NA,NA,NA,NA,
SRC-RAW-92FED172CEA9E9F0F5B1,SRC-RAW-92FED172CEA9E9F0F5B1,POWER,expert_scope,102,NH3,reported_total,expert_led_workbook,0.0,0.0,NA,NA,NA,NA,NA,NA,NA,NA,NA,
SRC-RAW-872078A44E1C81BF21BF,SRC-RAW-872078A44E1C81BF21BF,POWER,expert_scope,103,SO2,reported_total,expert_led_workbook,4.739171008,4.739171008,NA,NA,NA,NA,NA,NA,NA,NA,NA,
SRC-RAW-872078A44E1C81BF21BF,SRC-RAW-872078A44E1C81BF21BF,POWER,expert_scope,103,NOx,reported_total,expert_led_workbook,497.71007,104.55627290239937,NA,NA,NA,NA,NA,NA,NA,NA,NA,
SRC-RAW-872078A44E1C81BF21BF,SRC-RAW-872078A44E1C81BF21BF,POWER,expert_scope,103,CO,reported_total,expert_led_workbook,157.81051,157.81051,NA,NA,NA,NA,NA,NA,NA,NA,NA,
SRC-RAW-872078A44E1C81BF21BF,SRC-RAW-872078A44E1C81BF21BF,POWER,expert_scope,103,VOC,reported_total,expert_led_workbook,3.6417809999999995,3.6417809999999995,NA,NA,NA,NA,NA,NA,NA,NA,NA,
SRC-RAW-872078A44E1C81BF21BF,SRC-RAW-872078A44E1C81BF21BF,POWER,expert_scope,103,PM10,reported_total,expert_led_workbook,3.6417809999999995,3.6417809999999995,NA,NA,NA,NA,NA,NA,NA,NA,NA,
SRC-RAW-872078A44E1C81BF21BF,SRC-RAW-872078A44E1C81BF21BF,POWER,expert_scope,103,PM2.5,reported_total,expert_led_workbook,0.0,0.0,NA,NA,NA,NA,NA,NA,NA,NA,NA,
SRC-RAW-872078A44E1C81BF21BF,SRC-RAW-872078A44E1C81BF21BF,POWER,expert_scope,103,BC,reported_total,expert_led_workbook,0.0,0.0,NA,NA,NA,NA,NA,NA,NA,NA,NA,
SRC-RAW-872078A44E1C81BF21BF,SRC-RAW-872078A44E1C81BF21BF,POWER,expert_scope,103,OC,reported_total,expert_led_workbook,2.427854,2.427854,NA,NA,NA,NA,NA,NA,NA,NA,NA,
SRC-RAW-872078A44E1C81BF21BF,SRC-RAW-872078A44E1C81BF21BF,POWER,expert_scope,103,NH3,reported_total,expert_led_workbook,0.0,0.0,NA,NA,NA,NA,NA,NA,NA,NA,NA,
SRC-RAW-E49FCEED939CDD687404,SRC-RAW-E49FCEED939CDD687404,POWER,expert_scope,104,SO2,reported_total,expert_led_workbook,3.2492992,3.2492992,NA,NA,NA,NA,NA,NA,NA,NA,NA,
SRC-RAW-E49FCEED939CDD687404,SRC-RAW-E49FCEED939CDD687404,POWER,expert_scope,104,NOx,reported_total,expert_led_workbook,341.24299999999994,197.92094,NA,NA,NA,NA,NA,NA,NA,NA,NA,
SRC-RAW-E49FCEED939CDD687404,SRC-RAW-E49FCEED939CDD687404,POWER,expert_scope,104,CO,reported_total,expert_led_workbook,108.199,108.199,NA,NA,NA,NA,NA,NA,NA,NA,NA,
SRC-RAW-E49FCEED939CDD687404,SRC-RAW-E49FCEED939CDD687404,POWER,expert_scope,104,VOC,reported_total,expert_led_workbook,2.4969,2.4969,NA,NA,NA,NA,NA,NA,NA,NA,NA,
SRC-RAW-E49FCEED939CDD687404,SRC-RAW-E49FCEED939CDD687404,POWER,expert_scope,104,PM10,reported_total,expert_led_workbook,2.4969,2.4969,NA,NA,NA,NA,NA,NA,NA,NA,NA,
SRC-RAW-E49FCEED939CDD687404,SRC-RAW-E49FCEED939CDD687404,POWER,expert_scope,104,PM2.5,reported_total,expert_led_workbook,0.0,0.0,NA,NA,NA,NA,NA,NA,NA,NA,NA,
SRC-RAW-E49FCEED939CDD687404,SRC-RAW-E49FCEED939CDD687404,POWER,expert_scope,104,BC,reported_total,expert_led_workbook,0.0,0.0,NA,NA,NA,NA,NA,NA,NA,NA,NA,
SRC-RAW-E49FCEED939CDD687404,SRC-RAW-E49FCEED939CDD687404,POWER,expert_scope,104,OC,reported_total,expert_led_workbook,1.6646,1.6646,NA,NA,NA,NA,NA,NA,NA,NA,NA,
SRC-RAW-E49FCEED939CDD687404,SRC-RAW-E49FCEED939CDD687404,POWER,expert_scope,104,NH3,reported_total,expert_led_workbook,0.0,0.0,NA,NA,NA,NA,NA,NA,NA,NA,NA,
SRC-RAW-1C863369F8997725CA34,SRC-RAW-1C863369F8997725CA34,POWER,expert_scope,105,SO2,reported_total,expert_led_workbook,4.4845248,4.4845248,NA,NA,NA,NA,NA,NA,NA,NA,NA,
SRC-RAW-1C863369F8997725CA34,SRC-RAW-1C863369F8997725CA34,POWER,expert_scope,105,NOx,reported_total,expert_led_workbook,470.967,273.16086,NA,NA,NA,NA,NA,NA,NA,NA,NA,
SRC-RAW-1C863369F8997725CA34,SRC-RAW-1C863369F8997725CA34,POWER,expert_scope,105,CO,reported_total,expert_led_workbook,149.331,149.331,NA,NA,NA,NA,NA,NA,NA,NA,NA,
SRC-RAW-1C863369F8997725CA34,SRC-RAW-1C863369F8997725CA34,POWER,expert_scope,105,VOC,reported_total,expert_led_workbook,3.4461,3.4461,NA,NA,NA,NA,NA,NA,NA,NA,NA,
SRC-RAW-1C863369F8997725CA34,SRC-RAW-1C863369F8997725CA34,POWER,expert_scope,105,PM10,reported_total,expert_led_workbook,3.4461,3.4461,NA,NA,NA,NA,NA,NA,NA,NA,NA,
SRC-RAW-1C863369F8997725CA34,SRC-RAW-1C863369F8997725CA34,POWER,expert_scope,105,PM2.5,reported_total,expert_led_workbook,0.0,0.0,NA,NA,NA,NA,NA,NA,NA,NA,NA,
SRC-RAW-1C863369F8997725CA34,SRC-RAW-1C863369F8997725CA34,POWER,expert_scope,105,BC,reported_total,expert_led_workbook,0.0,0.0,NA,NA,NA,NA,NA,NA,NA,NA,NA,
SRC-RAW-1C863369F8997725CA34,SRC-RAW-1C863369F8997725CA34,POWER,expert_scope,105,OC,reported_total,expert_led_workbook,2.2974,2.2974,NA,NA,NA,NA,NA,NA,NA,NA,NA,
SRC-RAW-1C863369F8997725CA34,SRC-RAW-1C863369F8997725CA34,POWER,expert_scope,105,NH3,reported_total,expert_led_workbook,0.0,0.0,NA,NA,NA,NA,NA,NA,NA,NA,NA,
SRC-RAW-EA652878CE0118E3A555,SRC-RAW-EA652878CE0118E3A555,POWER,expert_scope,106,SO2,reported_total,expert_led_workbook,1.4686848,1.4686848,NA,NA,NA,NA,NA,NA,NA,NA,NA,
SRC-RAW-EA652878CE0118E3A555,SRC-RAW-EA652878CE0118E3A555,POWER,expert_scope,106,NOx,reported_total,expert_led_workbook,154.242,89.46036000000001,NA,NA,NA,NA,NA,NA,NA,NA,NA,
SRC-RAW-EA652878CE0118E3A555,SRC-RAW-EA652878CE0118E3A555,POWER,expert_scope,106,CO,reported_total,expert_led_workbook,48.906,48.906,NA,NA,NA,NA,NA,NA,NA,NA,NA,
SRC-RAW-EA652878CE0118E3A555,SRC-RAW-EA652878CE0118E3A555,POWER,expert_scope,106,VOC,reported_total,expert_led_workbook,1.1286,1.1286,NA,NA,NA,NA,NA,NA,NA,NA,NA,
SRC-RAW-EA652878CE0118E3A555,SRC-RAW-EA652878CE0118E3A555,POWER,expert_scope,106,PM10,reported_total,expert_led_workbook,1.1286,1.1286,NA,NA,NA,NA,NA,NA,NA,NA,NA,
SRC-RAW-EA652878CE0118E3A555,SRC-RAW-EA652878CE0118E3A555,POWER,expert_scope,106,PM2.5,reported_total,expert_led_workbook,0.0,0.0,NA,NA,NA,NA,NA,NA,NA,NA,NA,
SRC-RAW-EA652878CE0118E3A555,SRC-RAW-EA652878CE0118E3A555,POWER,expert_scope,106,BC,reported_total,expert_led_workbook,0.0,0.0,NA,NA,NA,NA,NA,NA,NA,NA,NA,
SRC-RAW-EA652878CE0118E3A555,SRC-RAW-EA652878CE0118E3A555,POWER,expert_scope,106,OC,reported_total,expert_led_workbook,0.7524,0.7524,NA,NA,NA,NA,NA,NA,NA,NA,NA,
SRC-RAW-EA652878CE0118E3A555,SRC-RAW-EA652878CE0118E3A555,POWER,expert_scope,106,NH3,reported_total,expert_led_workbook,0.0,0.0,NA,NA,NA,NA,NA,NA,NA,NA,NA,
SRC-RAW-980A07DB84018C5BBA19,SRC-RAW-980A07DB84018C5BBA19,POWER,expert_scope,107,SO2,reported_total,expert_led_workbook,8.074455808,8.074455808,NA,NA,NA,NA,NA,NA,NA,NA,NA,
SRC-RAW-980A07DB84018C5BBA19,SRC-RAW-980A07DB84018C5BBA19,POWER,expert_scope,107,NOx,reported_total,expert_led_workbook,847.98332,276.1463034178507,NA,NA,NA,NA,NA,NA,NA,NA,NA,
SRC-RAW-980A07DB84018C5BBA19,SRC-RAW-980A07DB84018C5BBA19,POWER,expert_scope,107,CO,reported_total,expert_led_workbook,268.87276,268.87276,NA,NA,NA,NA,NA,NA,NA,NA,NA,
SRC-RAW-980A07DB84018C5BBA19,SRC-RAW-980A07DB84018C5BBA19,POWER,expert_scope,107,VOC,reported_total,expert_led_workbook,6.204756,6.204756,NA,NA,NA,NA,NA,NA,NA,NA,NA,
SRC-RAW-980A07DB84018C5BBA19,SRC-RAW-980A07DB84018C5BBA19,POWER,expert_scope,107,PM10,reported_total,expert_led_workbook,6.204756,6.204756,NA,NA,NA,NA,NA,NA,NA,NA,NA,
SRC-RAW-980A07DB84018C5BBA19,SRC-RAW-980A07DB84018C5BBA19,POWER,expert_scope,107,PM2.5,reported_total,expert_led_workbook,0.0,0.0,NA,NA,NA,NA,NA,NA,NA,NA,NA,
SRC-RAW-980A07DB84018C5BBA19,SRC-RAW-980A07DB84018C5BBA19,POWER,expert_scope,107,BC,reported_total,expert_led_workbook,0.0,0.0,NA,NA,NA,NA,NA,NA,NA,NA,NA,
SRC-RAW-980A07DB84018C5BBA19,SRC-RAW-980A07DB84018C5BBA19,POWER,expert_scope,107,OC,reported_total,expert_led_workbook,4.136504,4.136504,NA,NA,NA,NA,NA,NA,NA,NA,NA,
SRC-RAW-980A07DB84018C5BBA19,SRC-RAW-980A07DB84018C5BBA19,POWER,expert_scope,107,NH3,reported_total,expert_led_workbook,0.0,0.0,NA,NA,NA,NA,NA,NA,NA,NA,NA,
SRC-RAW-CB1B81AA30BD9D6FB18E,SRC-RAW-CB1B81AA30BD9D6FB18E,POWER,expert_scope,108,SO2,reported_total,expert_led_workbook,10.931410816,10.931410816,NA,NA,NA,NA,NA,NA,NA,NA,NA,
SRC-RAW-CB1B81AA30BD9D6FB18E,SRC-RAW-CB1B81AA30BD9D6FB18E,POWER,expert_scope,108,NOx,reported_total,expert_led_workbook,1148.02214,368.9740258906039,NA,NA,NA,NA,NA,NA,NA,NA,NA,
SRC-RAW-CB1B81AA30BD9D6FB18E,SRC-RAW-CB1B81AA30BD9D6FB18E,POWER,expert_scope,108,CO,reported_total,expert_led_workbook,364.00702000000007,364.00702000000007,NA,NA,NA,NA,NA,NA,NA,NA,NA,
SRC-RAW-CB1B81AA30BD9D6FB18E,SRC-RAW-CB1B81AA30BD9D6FB18E,POWER,expert_scope,108,VOC,reported_total,expert_led_workbook,8.400162,8.400162,NA,NA,NA,NA,NA,NA,NA,NA,NA,
SRC-RAW-CB1B81AA30BD9D6FB18E,SRC-RAW-CB1B81AA30BD9D6FB18E,POWER,expert_scope,108,PM10,reported_total,expert_led_workbook,8.400162,8.400162,NA,NA,NA,NA,NA,NA,NA,NA,NA,
SRC-RAW-CB1B81AA30BD9D6FB18E,SRC-RAW-CB1B81AA30BD9D6FB18E,POWER,expert_scope,108,PM2.5,reported_total,expert_led_workbook,0.0,0.0,NA,NA,NA,NA,NA,NA,NA,NA,NA,
SRC-RAW-CB1B81AA30BD9D6FB18E,SRC-RAW-CB1B81AA30BD9D6FB18E,POWER,expert_scope,108,BC,reported_total,expert_led_workbook,0.0,0.0,NA,NA,NA,NA,NA,NA,NA,NA,NA,
SRC-RAW-CB1B81AA30BD9D6FB18E,SRC-RAW-CB1B81AA30BD9D6FB18E,POWER,expert_scope,108,OC,reported_total,expert_led_workbook,5.600108,5.600108,NA,NA,NA,NA,NA,NA,NA,NA,NA,
SRC-RAW-CB1B81AA30BD9D6FB18E,SRC-RAW-CB1B81AA30BD9D6FB18E,POWER,expert_scope,108,NH3,reported_total,expert_led_workbook,0.0,0.0,NA,NA,NA,NA,NA,NA,NA,NA,NA,
SRC-RAW-F68F3E0AD9A14C0A5999,SRC-RAW-F68F3E0AD9A14C0A5999,POWER,expert_scope,109,SO2,reported_total,expert_led_workbook,8.189573056,8.189573056,NA,NA,NA,NA,NA,NA,NA,NA,NA,
SRC-RAW-F68F3E0AD9A14C0A5999,SRC-RAW-F68F3E0AD9A14C0A5999,POWER,expert_scope,109,NOx,reported_total,expert_led_workbook,860.0729899999999,311.12203305499344,NA,NA,NA,NA,NA,NA,NA,NA,NA,
SRC-RAW-F68F3E0AD9A14C0A5999,SRC-RAW-F68F3E0AD9A14C0A5999,POWER,expert_scope,109,CO,reported_total,expert_led_workbook,272.70607,272.70607,NA,NA,NA,NA,NA,NA,NA,NA,NA,
SRC-RAW-F68F3E0AD9A14C0A5999,SRC-RAW-F68F3E0AD9A14C0A5999,POWER,expert_scope,109,VOC,reported_total,expert_led_workbook,6.293217,6.293217,NA,NA,NA,NA,NA,NA,NA,NA,NA,
SRC-RAW-F68F3E0AD9A14C0A5999,SRC-RAW-F68F3E0AD9A14C0A5999,POWER,expert_scope,109,PM10,reported_total,expert_led_workbook,6.293217,6.293217,NA,NA,NA,NA,NA,NA,NA,NA,NA,
SRC-RAW-F68F3E0AD9A14C0A5999,SRC-RAW-F68F3E0AD9A14C0A5999,POWER,expert_scope,109,PM2.5,reported_total,expert_led_workbook,0.0,0.0,NA,NA,NA,NA,NA,NA,NA,NA,NA,
SRC-RAW-F68F3E0AD9A14C0A5999,SRC-RAW-F68F3E0AD9A14C0A5999,POWER,expert_scope,109,BC,reported_total,expert_led_workbook,0.0,0.0,NA,NA,NA,NA,NA,NA,NA,NA,NA,
SRC-RAW-F68F3E0AD9A14C0A5999,SRC-RAW-F68F3E0AD9A14C0A5999,POWER,expert_scope,109,OC,reported_total,expert_led_workbook,4.195478,4.195478,NA,NA,NA,NA,NA,NA,NA,NA,NA,
SRC-RAW-F68F3E0AD9A14C0A5999,SRC-RAW-F68F3E0AD9A14C0A5999,POWER,expert_scope,109,NH3,reported_total,expert_led_workbook,0.0,0.0,NA,NA,NA,NA,NA,NA,NA,NA,NA,
SRC-RAW-7C1A45CA61EBF52066B0,SRC-RAW-7C1A45CA61EBF52066B0,POWER,expert_scope,110,SO2,reported_total,expert_led_workbook,26965.905290400002,404.4885793560004,NA,NA,NA,NA,NA,NA,NA,NA,NA,
SRC-RAW-7C1A45CA61EBF52066B0,SRC-RAW-7C1A45CA61EBF52066B0,POWER,expert_scope,110,NOx,reported_total,expert_led_workbook,19722.5167164,3944.503343279999,NA,NA,NA,NA,NA,NA,NA,NA,NA,
SRC-RAW-7C1A45CA61EBF52066B0,SRC-RAW-7C1A45CA61EBF52066B0,POWER,expert_scope,110,CO,reported_total,expert_led_workbook,5470.077344,5470.077344,NA,NA,NA,NA,NA,NA,NA,NA,NA,
SRC-RAW-7C1A45CA61EBF52066B0,SRC-RAW-7C1A45CA61EBF52066B0,POWER,expert_scope,110,VOC,reported_total,expert_led_workbook,60858.04249310001,669.4384674240939,NA,NA,NA,NA,NA,NA,NA,NA,NA,
SRC-RAW-7C1A45CA61EBF52066B0,SRC-RAW-7C1A45CA61EBF52066B0,POWER,expert_scope,110,PM10,reported_total,expert_led_workbook,15876.214878200002,476.2864463460005,NA,NA,NA,NA,NA,NA,NA,NA,NA,
SRC-RAW-7C1A45CA61EBF52066B0,SRC-RAW-7C1A45CA61EBF52066B0,POWER,expert_scope,110,PM2.5,reported_total,expert_led_workbook,31.757392716400005,0.952721781492001,NA,NA,NA,NA,NA,NA,NA,NA,NA,
SRC-RAW-7C1A45CA61EBF52066B0,SRC-RAW-7C1A45CA61EBF52066B0,POWER,expert_scope,110,BC,reported_total,expert_led_workbook,0.022057600000000004,0.0006617280000000007,NA,NA,NA,NA,NA,NA,NA,NA,NA,
SRC-RAW-7C1A45CA61EBF52066B0,SRC-RAW-7C1A45CA61EBF52066B0,POWER,expert_scope,110,OC,reported_total,expert_led_workbook,109.46661680000001,109.46661680000001,NA,NA,NA,NA,NA,NA,NA,NA,NA,
SRC-RAW-7C1A45CA61EBF52066B0,SRC-RAW-7C1A45CA61EBF52066B0,POWER,expert_scope,110,NH3,reported_total,expert_led_workbook,0.0,0.0,NA,NA,NA,NA,NA,NA,NA,NA,NA,
SRC-RAW-6F0411A459B438D419BD,SRC-RAW-6F0411A459B438D419BD,POWER,expert_scope,111,SO2,reported_total,expert_led_workbook,27885.214720599997,418.27822080900035,NA,NA,NA,NA,NA,NA,NA,NA,NA,
SRC-RAW-6F0411A459B438D419BD,SRC-RAW-6F0411A459B438D419BD,POWER,expert_scope,111,NOx,reported_total,expert_led_workbook,20393.1105476,4078.6221095199994,NA,NA,NA,NA,NA,NA,NA,NA,NA,
SRC-RAW-6F0411A459B438D419BD,SRC-RAW-6F0411A459B438D419BD,POWER,expert_scope,111,CO,reported_total,expert_led_workbook,5656.4201219999995,5656.4201219999995,NA,NA,NA,NA,NA,NA,NA,NA,NA,
SRC-RAW-6F0411A459B438D419BD,SRC-RAW-6F0411A459B438D419BD,POWER,expert_scope,111,VOC,reported_total,expert_led_workbook,62932.7207744,692.2599285183936,NA,NA,NA,NA,NA,NA,NA,NA,NA,
SRC-RAW-6F0411A459B438D419BD,SRC-RAW-6F0411A459B438D419BD,POWER,expert_scope,111,PM10,reported_total,expert_led_workbook,16417.352601799998,492.52057805400034,NA,NA,NA,NA,NA,NA,NA,NA,NA,
SRC-RAW-6F0411A459B438D419BD,SRC-RAW-6F0411A459B438D419BD,POWER,expert_scope,111,PM2.5,reported_total,expert_led_workbook,32.8376542336,0.9851296270080009,NA,NA,NA,NA,NA,NA,NA,NA,NA,
SRC-RAW-6F0411A459B438D419BD,SRC-RAW-6F0411A459B438D419BD,POWER,expert_scope,111,BC,reported_total,expert_led_workbook,0.013106800000000002,0.0003932040000000004,NA,NA,NA,NA,NA,NA,NA,NA,NA,
SRC-RAW-6F0411A459B438D419BD,SRC-RAW-6F0411A459B438D419BD,POWER,expert_scope,111,OC,reported_total,expert_led_workbook,113.16706749999999,113.16706749999999,NA,NA,NA,NA,NA,NA,NA,NA,NA,
SRC-RAW-6F0411A459B438D419BD,SRC-RAW-6F0411A459B438D419BD,POWER,expert_scope,111,NH3,reported_total,expert_led_workbook,0.0,0.0,NA,NA,NA,NA,NA,NA,NA,NA,NA,
SRC-RAW-017C98E5B9CB826F2F33,SRC-RAW-017C98E5B9CB826F2F33,POWER,expert_scope,112,SO2,reported_total,expert_led_workbook,1.0922632905999998,1.0922632905999998,NA,NA,NA,NA,NA,NA,NA,NA,NA,
SRC-RAW-017C98E5B9CB826F2F33,SRC-RAW-017C98E5B9CB826F2F33,POWER,expert_scope,112,NOx,reported_total,expert_led_workbook,454.1865609999999,263.42820538,NA,NA,NA,NA,NA,NA,NA,NA,NA,
SRC-RAW-017C98E5B9CB826F2F33,SRC-RAW-017C98E5B9CB826F2F33,POWER,expert_scope,112,CO,reported_total,expert_led_workbook,144.010373,144.010373,NA,NA,NA,NA,NA,NA,NA,NA,NA,
SRC-RAW-017C98E5B9CB826F2F33,SRC-RAW-017C98E5B9CB826F2F33,POWER,expert_scope,112,VOC,reported_total,expert_led_workbook,3.3233162999999997,3.3233162999999997,NA,NA,NA,NA,NA,NA,NA,NA,NA,
SRC-RAW-017C98E5B9CB826F2F33,SRC-RAW-017C98E5B9CB826F2F33,POWER,expert_scope,112,PM10,reported_total,expert_led_workbook,3.3233162999999997,3.3233162999999997,NA,NA,NA,NA,NA,NA,NA,NA,NA,
SRC-RAW-017C98E5B9CB826F2F33,SRC-RAW-017C98E5B9CB826F2F33,POWER,expert_scope,112,PM2.5,reported_total,expert_led_workbook,0.0,0.0,NA,NA,NA,NA,NA,NA,NA,NA,NA,
SRC-RAW-017C98E5B9CB826F2F33,SRC-RAW-017C98E5B9CB826F2F33,POWER,expert_scope,112,BC,reported_total,expert_led_workbook,0.0,0.0,NA,NA,NA,NA,NA,NA,NA,NA,NA,
SRC-RAW-017C98E5B9CB826F2F33,SRC-RAW-017C98E5B9CB826F2F33,POWER,expert_scope,112,OC,reported_total,expert_led_workbook,2.2155441999999996,2.2155441999999996,NA,NA,NA,NA,NA,NA,NA,NA,NA,
SRC-RAW-017C98E5B9CB826F2F33,SRC-RAW-017C98E5B9CB826F2F33,POWER,expert_scope,112,NH3,reported_total,expert_led_workbook,0.0,0.0,NA,NA,NA,NA,NA,NA,NA,NA,NA,
SRC-RAW-D16EA3E11682DFFC3340,SRC-RAW-D16EA3E11682DFFC3340,POWER,expert_scope,113,SO2,reported_total,expert_led_workbook,0.8655175047999998,0.8655175047999998,NA,NA,NA,NA,NA,NA,NA,NA,NA,
SRC-RAW-D16EA3E11682DFFC3340,SRC-RAW-D16EA3E11682DFFC3340,POWER,expert_scope,113,NOx,reported_total,expert_led_workbook,359.9007879999999,208.74245703999998,NA,NA,NA,NA,NA,NA,NA,NA,NA,
SRC-RAW-D16EA3E11682DFFC3340,SRC-RAW-D16EA3E11682DFFC3340,POWER,expert_scope,113,CO,reported_total,expert_led_workbook,114.114884,114.114884,NA,NA,NA,NA,NA,NA,NA,NA,NA,
SRC-RAW-D16EA3E11682DFFC3340,SRC-RAW-D16EA3E11682DFFC3340,POWER,expert_scope,113,VOC,reported_total,expert_led_workbook,2.6334204,2.6334204,NA,NA,NA,NA,NA,NA,NA,NA,NA,
SRC-RAW-D16EA3E11682DFFC3340,SRC-RAW-D16EA3E11682DFFC3340,POWER,expert_scope,113,PM10,reported_total,expert_led_workbook,2.6334204,2.6334204,NA,NA,NA,NA,NA,NA,NA,NA,NA,
SRC-RAW-D16EA3E11682DFFC3340,SRC-RAW-D16EA3E11682DFFC3340,POWER,expert_scope,113,PM2.5,reported_total,expert_led_workbook,0.0,0.0,NA,NA,NA,NA,NA,NA,NA,NA,NA,
SRC-RAW-D16EA3E11682DFFC3340,SRC-RAW-D16EA3E11682DFFC3340,POWER,expert_scope,113,BC,reported_total,expert_led_workbook,0.0,0.0,NA,NA,NA,NA,NA,NA,NA,NA,NA,
SRC-RAW-D16EA3E11682DFFC3340,SRC-RAW-D16EA3E11682DFFC3340,POWER,expert_scope,113,OC,reported_total,expert_led_workbook,1.7556135999999998,1.7556135999999998,NA,NA,NA,NA,NA,NA,NA,NA,NA,
SRC-RAW-D16EA3E11682DFFC3340,SRC-RAW-D16EA3E11682DFFC3340,POWER,expert_scope,113,NH3,reported_total,expert_led_workbook,0.0,0.0,NA,NA,NA,NA,NA,NA,NA,NA,NA,
SRC-RAW-9141974399D7079B86BD,SRC-RAW-9141974399D7079B86BD,POWER,expert_scope,114,SO2,reported_total,expert_led_workbook,0.0278792,0.0278792,NA,NA,NA,NA,NA,NA,NA,NA,NA,
SRC-RAW-9141974399D7079B86BD,SRC-RAW-9141974399D7079B86BD,POWER,expert_scope,114,NOx,reported_total,expert_led_workbook,28.57618,28.57618,NA,NA,NA,NA,NA,NA,NA,NA,NA,
SRC-RAW-9141974399D7079B86BD,SRC-RAW-9141974399D7079B86BD,POWER,expert_scope,114,CO,reported_total,expert_led_workbook,9.06074,9.06074,NA,NA,NA,NA,NA,NA,NA,NA,NA,
SRC-RAW-9141974399D7079B86BD,SRC-RAW-9141974399D7079B86BD,POWER,expert_scope,114,VOC,reported_total,expert_led_workbook,0.20909400000000003,0.20909400000000003,NA,NA,NA,NA,NA,NA,NA,NA,NA,
SRC-RAW-9141974399D7079B86BD,SRC-RAW-9141974399D7079B86BD,POWER,expert_scope,114,PM10,reported_total,expert_led_workbook,0.20909400000000003,0.20909400000000003,NA,NA,NA,NA,NA,NA,NA,NA,NA,
SRC-RAW-9141974399D7079B86BD,SRC-RAW-9141974399D7079B86BD,POWER,expert_scope,114,PM2.5,reported_total,expert_led_workbook,0.0,0.0,NA,NA,NA,NA,NA,NA,NA,NA,NA,
SRC-RAW-9141974399D7079B86BD,SRC-RAW-9141974399D7079B86BD,POWER,expert_scope,114,BC,reported_total,expert_led_workbook,0.0,0.0,NA,NA,NA,NA,NA,NA,NA,NA,NA,
SRC-RAW-9141974399D7079B86BD,SRC-RAW-9141974399D7079B86BD,POWER,expert_scope,114,OC,reported_total,expert_led_workbook,0.139396,0.139396,NA,NA,NA,NA,NA,NA,NA,NA,NA,
SRC-RAW-9141974399D7079B86BD,SRC-RAW-9141974399D7079B86BD,POWER,expert_scope,114,NH3,reported_total,expert_led_workbook,0.0,0.0,NA,NA,NA,NA,NA,NA,NA,NA,NA,
SRC-RAW-27D88B9F6BB9517CB3AA,SRC-RAW-27D88B9F6BB9517CB3AA,POWER,expert_scope,115,SO2,reported_total,expert_led_workbook,0.02138908,0.02138908,NA,NA,NA,NA,NA,NA,NA,NA,NA,
SRC-RAW-27D88B9F6BB9517CB3AA,SRC-RAW-27D88B9F6BB9517CB3AA,POWER,expert_scope,115,NOx,reported_total,expert_led_workbook,21.923806999999996,21.923806999999996,NA,NA,NA,NA,NA,NA,NA,NA,NA,
SRC-RAW-27D88B9F6BB9517CB3AA,SRC-RAW-27D88B9F6BB9517CB3AA,POWER,expert_scope,115,CO,reported_total,expert_led_workbook,6.951451,6.951451,NA,NA,NA,NA,NA,NA,NA,NA,NA,
SRC-RAW-27D88B9F6BB9517CB3AA,SRC-RAW-27D88B9F6BB9517CB3AA,POWER,expert_scope,115,VOC,reported_total,expert_led_workbook,0.16041809999999998,0.16041809999999998,NA,NA,NA,NA,NA,NA,NA,NA,NA,
SRC-RAW-27D88B9F6BB9517CB3AA,SRC-RAW-27D88B9F6BB9517CB3AA,POWER,expert_scope,115,PM10,reported_total,expert_led_workbook,0.16041809999999998,0.16041809999999998,NA,NA,NA,NA,NA,NA,NA,NA,NA,
SRC-RAW-27D88B9F6BB9517CB3AA,SRC-RAW-27D88B9F6BB9517CB3AA,POWER,expert_scope,115,PM2.5,reported_total,expert_led_workbook,0.0,0.0,NA,NA,NA,NA,NA,NA,NA,NA,NA,
SRC-RAW-27D88B9F6BB9517CB3AA,SRC-RAW-27D88B9F6BB9517CB3AA,POWER,expert_scope,115,BC,reported_total,expert_led_workbook,0.0,0.0,NA,NA,NA,NA,NA,NA,NA,NA,NA,
SRC-RAW-27D88B9F6BB9517CB3AA,SRC-RAW-27D88B9F6BB9517CB3AA,POWER,expert_scope,115,OC,reported_total,expert_led_workbook,0.1069454,0.1069454,NA,NA,NA,NA,NA,NA,NA,NA,NA,
SRC-RAW-27D88B9F6BB9517CB3AA,SRC-RAW-27D88B9F6BB9517CB3AA,POWER,expert_scope,115,NH3,reported_total,expert_led_workbook,0.0,0.0,NA,NA,NA,NA,NA,NA,NA,NA,NA,
SRC-RAW-B165A18B20946B2E00E5,SRC-RAW-B165A18B20946B2E00E5,POWER,expert_scope,116,SO2,reported_total,expert_led_workbook,0.7340599999999999,0.7340599999999999,NA,NA,NA,NA,NA,NA,NA,NA,NA,
SRC-RAW-B165A18B20946B2E00E5,SRC-RAW-B165A18B20946B2E00E5,POWER,expert_scope,116,NOx,reported_total,expert_led_workbook,2.7160219999999997,1.57529276,NA,NA,NA,NA,NA,NA,NA,NA,NA,
SRC-RAW-B165A18B20946B2E00E5,SRC-RAW-B165A18B20946B2E00E5,POWER,expert_scope,116,CO,reported_total,expert_led_workbook,0.220218,0.220218,NA,NA,NA,NA,NA,NA,NA,NA,NA,
SRC-RAW-B165A18B20946B2E00E5,SRC-RAW-B165A18B20946B2E00E5,POWER,expert_scope,116,VOC,reported_total,expert_led_workbook,0.18351499999999998,0.18351499999999998,NA,NA,NA,NA,NA,NA,NA,NA,NA,
SRC-RAW-B165A18B20946B2E00E5,SRC-RAW-B165A18B20946B2E00E5,POWER,expert_scope,116,PM10,reported_total,expert_led_workbook,0.18351499999999998,0.18351499999999998,NA,NA,NA,NA,NA,NA,NA,NA,NA,
SRC-RAW-B165A18B20946B2E00E5,SRC-RAW-B165A18B20946B2E00E5,POWER,expert_scope,116,PM2.5,reported_total,expert_led_workbook,0.0036702999999999996,0.0036702999999999996,NA,NA,NA,NA,NA,NA,NA,NA,NA,
SRC-RAW-B165A18B20946B2E00E5,SRC-RAW-B165A18B20946B2E00E5,POWER,expert_scope,116,BC,reported_total,expert_led_workbook,0.014681199999999998,0.014681199999999998,NA,NA,NA,NA,NA,NA,NA,NA,NA,
SRC-RAW-B165A18B20946B2E00E5,SRC-RAW-B165A18B20946B2E00E5,POWER,expert_scope,116,OC,reported_total,expert_led_workbook,0.0477139,0.0477139,NA,NA,NA,NA,NA,NA,NA,NA,NA,
SRC-RAW-B165A18B20946B2E00E5,SRC-RAW-B165A18B20946B2E00E5,POWER,expert_scope,116,NH3,reported_total,expert_led_workbook,0.0,0.0,NA,NA,NA,NA,NA,NA,NA,NA,NA,
SRC-RAW-45FDCD49242692C59CC2,SRC-RAW-45FDCD49242692C59CC2,POWER,expert_scope,117,SO2,reported_total,expert_led_workbook,0.7340599999999999,0.7340599999999999,NA,NA,NA,NA,NA,NA,NA,NA,NA,
SRC-RAW-45FDCD49242692C59CC2,SRC-RAW-45FDCD49242692C59CC2,POWER,expert_scope,117,NOx,reported_total,expert_led_workbook,2.7160219999999997,1.57529276,NA,NA,NA,NA,NA,NA,NA,NA,NA,
SRC-RAW-45FDCD49242692C59CC2,SRC-RAW-45FDCD49242692C59CC2,POWER,expert_scope,117,CO,reported_total,expert_led_workbook,0.220218,0.220218,NA,NA,NA,NA,NA,NA,NA,NA,NA,
SRC-RAW-45FDCD49242692C59CC2,SRC-RAW-45FDCD49242692C59CC2,POWER,expert_scope,117,VOC,reported_total,expert_led_workbook,0.18351499999999998,0.18351499999999998,NA,NA,NA,NA,NA,NA,NA,NA,NA,
SRC-RAW-45FDCD49242692C59CC2,SRC-RAW-45FDCD49242692C59CC2,POWER,expert_scope,117,PM10,reported_total,expert_led_workbook,0.18351499999999998,0.18351499999999998,NA,NA,NA,NA,NA,NA,NA,NA,NA,
SRC-RAW-45FDCD49242692C59CC2,SRC-RAW-45FDCD49242692C59CC2,POWER,expert_scope,117,PM2.5,reported_total,expert_led_workbook,0.0036702999999999996,0.0036702999999999996,NA,NA,NA,NA,NA,NA,NA,NA,NA,
SRC-RAW-45FDCD49242692C59CC2,SRC-RAW-45FDCD49242692C59CC2,POWER,expert_scope,117,BC,reported_total,expert_led_workbook,0.014681199999999998,0.014681199999999998,NA,NA,NA,NA,NA,NA,NA,NA,NA,
SRC-RAW-45FDCD49242692C59CC2,SRC-RAW-45FDCD49242692C59CC2,POWER,expert_scope,117,OC,reported_total,expert_led_workbook,0.0477139,0.0477139,NA,NA,NA,NA,NA,NA,NA,NA,NA,
SRC-RAW-45FDCD49242692C59CC2,SRC-RAW-45FDCD49242692C59CC2,POWER,expert_scope,117,NH3,reported_total,expert_led_workbook,0.0,0.0,NA,NA,NA,NA,NA,NA,NA,NA,NA,
SRC-RAW-EEBE090EA58DAA871EB5,SRC-RAW-EEBE090EA58DAA871EB5,POWER,expert_scope,118,SO2,reported_total,expert_led_workbook,0.7340599999999999,0.7340599999999999,NA,NA,NA,NA,NA,NA,NA,NA,NA,
SRC-RAW-EEBE090EA58DAA871EB5,SRC-RAW-EEBE090EA58DAA871EB5,POWER,expert_scope,118,NOx,reported_total,expert_led_workbook,2.7160219999999997,1.57529276,NA,NA,NA,NA,NA,NA,NA,NA,NA,
SRC-RAW-EEBE090EA58DAA871EB5,SRC-RAW-EEBE090EA58DAA871EB5,POWER,expert_scope,118,CO,reported_total,expert_led_workbook,0.220218,0.220218,NA,NA,NA,NA,NA,NA,NA,NA,NA,
SRC-RAW-EEBE090EA58DAA871EB5,SRC-RAW-EEBE090EA58DAA871EB5,POWER,expert_scope,118,VOC,reported_total,expert_led_workbook,0.18351499999999998,0.18351499999999998,NA,NA,NA,NA,NA,NA,NA,NA,NA,
SRC-RAW-EEBE090EA58DAA871EB5,SRC-RAW-EEBE090EA58DAA871EB5,POWER,expert_scope,118,PM10,reported_total,expert_led_workbook,0.18351499999999998,0.18351499999999998,NA,NA,NA,NA,NA,NA,NA,NA,NA,
SRC-RAW-EEBE090EA58DAA871EB5,SRC-RAW-EEBE090EA58DAA871EB5,POWER,expert_scope,118,PM2.5,reported_total,expert_led_workbook,0.0036702999999999996,0.0036702999999999996,NA,NA,NA,NA,NA,NA,NA,NA,NA,
SRC-RAW-EEBE090EA58DAA871EB5,SRC-RAW-EEBE090EA58DAA871EB5,POWER,expert_scope,118,BC,reported_total,expert_led_workbook,0.014681199999999998,0.014681199999999998,NA,NA,NA,NA,NA,NA,NA,NA,NA,
SRC-RAW-EEBE090EA58DAA871EB5,SRC-RAW-EEBE090EA58DAA871EB5,POWER,expert_scope,118,OC,reported_total,expert_led_workbook,0.0477139,0.0477139,NA,NA,NA,NA,NA,NA,NA,NA,NA,
SRC-RAW-EEBE090EA58DAA871EB5,SRC-RAW-EEBE090EA58DAA871EB5,POWER,expert_scope,118,NH3,reported_total,expert_led_workbook,0.0,0.0,NA,NA,NA,NA,NA,NA,NA,NA,NA,
SRC-RAW-F4E2E3A5D2805919502A,SRC-RAW-F4E2E3A5D2805919502A,POWER,expert_scope,119,SO2,reported_total,expert_led_workbook,0.7340599999999999,0.7340599999999999,NA,NA,NA,NA,NA,NA,NA,NA,NA,
SRC-RAW-F4E2E3A5D2805919502A,SRC-RAW-F4E2E3A5D2805919502A,POWER,expert_scope,119,NOx,reported_total,expert_led_workbook,2.7160219999999997,1.57529276,NA,NA,NA,NA,NA,NA,NA,NA,NA,
SRC-RAW-F4E2E3A5D2805919502A,SRC-RAW-F4E2E3A5D2805919502A,POWER,expert_scope,119,CO,reported_total,expert_led_workbook,0.220218,0.220218,NA,NA,NA,NA,NA,NA,NA,NA,NA,
SRC-RAW-F4E2E3A5D2805919502A,SRC-RAW-F4E2E3A5D2805919502A,POWER,expert_scope,119,VOC,reported_total,expert_led_workbook,0.18351499999999998,0.18351499999999998,NA,NA,NA,NA,NA,NA,NA,NA,NA,
SRC-RAW-F4E2E3A5D2805919502A,SRC-RAW-F4E2E3A5D2805919502A,POWER,expert_scope,119,PM10,reported_total,expert_led_workbook,0.18351499999999998,0.18351499999999998,NA,NA,NA,NA,NA,NA,NA,NA,NA,
SRC-RAW-F4E2E3A5D2805919502A,SRC-RAW-F4E2E3A5D2805919502A,POWER,expert_scope,119,PM2.5,reported_total,expert_led_workbook,0.0036702999999999996,0.0036702999999999996,NA,NA,NA,NA,NA,NA,NA,NA,NA,
SRC-RAW-F4E2E3A5D2805919502A,SRC-RAW-F4E2E3A5D2805919502A,POWER,expert_scope,119,BC,reported_total,expert_led_workbook,0.014681199999999998,0.014681199999999998,NA,NA,NA,NA,NA,NA,NA,NA,NA,
SRC-RAW-F4E2E3A5D2805919502A,SRC-RAW-F4E2E3A5D2805919502A,POWER,expert_scope,119,OC,reported_total,expert_led_workbook,0.0477139,0.0477139,NA,NA,NA,NA,NA,NA,NA,NA,NA,
SRC-RAW-F4E2E3A5D2805919502A,SRC-RAW-F4E2E3A5D2805919502A,POWER,expert_scope,119,NH3,reported_total,expert_led_workbook,0.0,0.0,NA,NA,NA,NA,NA,NA,NA,NA,NA,
SRC-RAW-3B266950947ED44E87CB,SRC-RAW-3B266950947ED44E87CB,POWER,expert_scope,120,SO2,reported_total,expert_led_workbook,0.9617769144,0.9617769144,NA,NA,NA,NA,NA,NA,NA,NA,NA,
SRC-RAW-3B266950947ED44E87CB,SRC-RAW-3B266950947ED44E87CB,POWER,expert_scope,120,NOx,reported_total,expert_led_workbook,96.083951,55.72869158,NA,NA,NA,NA,NA,NA,NA,NA,NA,
SRC-RAW-3B266950947ED44E87CB,SRC-RAW-3B266950947ED44E87CB,POWER,expert_scope,120,CO,reported_total,expert_led_workbook,30.465643,30.465643,NA,NA,NA,NA,NA,NA,NA,NA,NA,
SRC-RAW-3B266950947ED44E87CB,SRC-RAW-3B266950947ED44E87CB,POWER,expert_scope,120,VOC,reported_total,expert_led_workbook,0.7030532999999999,0.7030532999999999,NA,NA,NA,NA,NA,NA,NA,NA,NA,
SRC-RAW-3B266950947ED44E87CB,SRC-RAW-3B266950947ED44E87CB,POWER,expert_scope,120,PM10,reported_total,expert_led_workbook,0.7030532999999999,0.7030532999999999,NA,NA,NA,NA,NA,NA,NA,NA,NA,
SRC-RAW-3B266950947ED44E87CB,SRC-RAW-3B266950947ED44E87CB,POWER,expert_scope,120,PM2.5,reported_total,expert_led_workbook,0.0,0.0,NA,NA,NA,NA,NA,NA,NA,NA,NA,
SRC-RAW-3B266950947ED44E87CB,SRC-RAW-3B266950947ED44E87CB,POWER,expert_scope,120,BC,reported_total,expert_led_workbook,0.0,0.0,NA,NA,NA,NA,NA,NA,NA,NA,NA,
SRC-RAW-3B266950947ED44E87CB,SRC-RAW-3B266950947ED44E87CB,POWER,expert_scope,120,OC,reported_total,expert_led_workbook,0.4687022,0.4687022,NA,NA,NA,NA,NA,NA,NA,NA,NA,
SRC-RAW-3B266950947ED44E87CB,SRC-RAW-3B266950947ED44E87CB,POWER,expert_scope,120,NH3,reported_total,expert_led_workbook,0.0,0.0,NA,NA,NA,NA,NA,NA,NA,NA,NA,
SRC-RAW-EE06C38E64521A36432A,SRC-RAW-EE06C38E64521A36432A,POWER,expert_scope,121,SO2,reported_total,expert_led_workbook,1.3122125496,1.3122125496,NA,NA,NA,NA,NA,NA,NA,NA,NA,
SRC-RAW-EE06C38E64521A36432A,SRC-RAW-EE06C38E64521A36432A,POWER,expert_scope,121,NOx,reported_total,expert_led_workbook,131.093359,76.03414822,NA,NA,NA,NA,NA,NA,NA,NA,NA,
SRC-RAW-EE06C38E64521A36432A,SRC-RAW-EE06C38E64521A36432A,POWER,expert_scope,121,CO,reported_total,expert_led_workbook,41.566187,41.566187,NA,NA,NA,NA,NA,NA,NA,NA,NA,
SRC-RAW-EE06C38E64521A36432A,SRC-RAW-EE06C38E64521A36432A,POWER,expert_scope,121,VOC,reported_total,expert_led_workbook,0.9592196999999998,0.9592196999999998,NA,NA,NA,NA,NA,NA,NA,NA,NA,
SRC-RAW-EE06C38E64521A36432A,SRC-RAW-EE06C38E64521A36432A,POWER,expert_scope,121,PM10,reported_total,expert_led_workbook,0.9592196999999998,0.9592196999999998,NA,NA,NA,NA,NA,NA,NA,NA,NA,
SRC-RAW-EE06C38E64521A36432A,SRC-RAW-EE06C38E64521A36432A,POWER,expert_scope,121,PM2.5,reported_total,expert_led_workbook,0.0,0.0,NA,NA,NA,NA,NA,NA,NA,NA,NA,
SRC-RAW-EE06C38E64521A36432A,SRC-RAW-EE06C38E64521A36432A,POWER,expert_scope,121,BC,reported_total,expert_led_workbook,0.0,0.0,NA,NA,NA,NA,NA,NA,NA,NA,NA,
SRC-RAW-EE06C38E64521A36432A,SRC-RAW-EE06C38E64521A36432A,POWER,expert_scope,121,OC,reported_total,expert_led_workbook,0.6394798,0.6394798,NA,NA,NA,NA,NA,NA,NA,NA,NA,
SRC-RAW-EE06C38E64521A36432A,SRC-RAW-EE06C38E64521A36432A,POWER,expert_scope,121,NH3,reported_total,expert_led_workbook,0.0,0.0,NA,NA,NA,NA,NA,NA,NA,NA,NA,
SRC-RAW-CA1482BE0E160DD8597C,SRC-RAW-CA1482BE0E160DD8597C,POWER,expert_scope,122,SO2,reported_total,expert_led_workbook,0.22366176700000004,0.22366176700000004,NA,NA,NA,NA,NA,NA,NA,NA,NA,
SRC-RAW-CA1482BE0E160DD8597C,SRC-RAW-CA1482BE0E160DD8597C,POWER,expert_scope,122,NOx,reported_total,expert_led_workbook,1393.63715,808.3095470000001,NA,NA,NA,NA,NA,NA,NA,NA,NA,
SRC-RAW-CA1482BE0E160DD8597C,SRC-RAW-CA1482BE0E160DD8597C,POWER,expert_scope,122,CO,reported_total,expert_led_workbook,441.88495,441.88495,NA,NA,NA,NA,NA,NA,NA,NA,NA,
SRC-RAW-CA1482BE0E160DD8597C,SRC-RAW-CA1482BE0E160DD8597C,POWER,expert_scope,122,VOC,reported_total,expert_led_workbook,10.197345,10.197345,NA,NA,NA,NA,NA,NA,NA,NA,NA,
SRC-RAW-CA1482BE0E160DD8597C,SRC-RAW-CA1482BE0E160DD8597C,POWER,expert_scope,122,PM10,reported_total,expert_led_workbook,10.197345,10.197345,NA,NA,NA,NA,NA,NA,NA,NA,NA,
SRC-RAW-CA1482BE0E160DD8597C,SRC-RAW-CA1482BE0E160DD8597C,POWER,expert_scope,122,PM2.5,reported_total,expert_led_workbook,0.0,0.0,NA,NA,NA,NA,NA,NA,NA,NA,NA,
SRC-RAW-CA1482BE0E160DD8597C,SRC-RAW-CA1482BE0E160DD8597C,POWER,expert_scope,122,BC,reported_total,expert_led_workbook,0.0,0.0,NA,NA,NA,NA,NA,NA,NA,NA,NA,
SRC-RAW-CA1482BE0E160DD8597C,SRC-RAW-CA1482BE0E160DD8597C,POWER,expert_scope,122,OC,reported_total,expert_led_workbook,6.798230000000001,6.798230000000001,NA,NA,NA,NA,NA,NA,NA,NA,NA,
SRC-RAW-CA1482BE0E160DD8597C,SRC-RAW-CA1482BE0E160DD8597C,POWER,expert_scope,122,NH3,reported_total,expert_led_workbook,0.0,0.0,NA,NA,NA,NA,NA,NA,NA,NA,NA,
SRC-RAW-EA575374F3359E937FB7,SRC-RAW-EA575374F3359E937FB7,POWER,expert_scope,123,SO2,reported_total,expert_led_workbook,0.23307439119999998,0.23307439119999998,NA,NA,NA,NA,NA,NA,NA,NA,NA,
SRC-RAW-EA575374F3359E937FB7,SRC-RAW-EA575374F3359E937FB7,POWER,expert_scope,123,NOx,reported_total,expert_led_workbook,1452.2872399999997,842.3265991999999,NA,NA,NA,NA,NA,NA,NA,NA,NA,
SRC-RAW-EA575374F3359E937FB7,SRC-RAW-EA575374F3359E937FB7,POWER,expert_scope,123,CO,reported_total,expert_led_workbook,460.48132,460.48132,NA,NA,NA,NA,NA,NA,NA,NA,NA,
SRC-RAW-EA575374F3359E937FB7,SRC-RAW-EA575374F3359E937FB7,POWER,expert_scope,123,VOC,reported_total,expert_led_workbook,10.626491999999999,10.626491999999999,NA,NA,NA,NA,NA,NA,NA,NA,NA,
SRC-RAW-EA575374F3359E937FB7,SRC-RAW-EA575374F3359E937FB7,POWER,expert_scope,123,PM10,reported_total,expert_led_workbook,10.626491999999999,10.626491999999999,NA,NA,NA,NA,NA,NA,NA,NA,NA,
SRC-RAW-EA575374F3359E937FB7,SRC-RAW-EA575374F3359E937FB7,POWER,expert_scope,123,PM2.5,reported_total,expert_led_workbook,0.0,0.0,NA,NA,NA,NA,NA,NA,NA,NA,NA,
SRC-RAW-EA575374F3359E937FB7,SRC-RAW-EA575374F3359E937FB7,POWER,expert_scope,123,BC,reported_total,expert_led_workbook,0.0,0.0,NA,NA,NA,NA,NA,NA,NA,NA,NA,
SRC-RAW-EA575374F3359E937FB7,SRC-RAW-EA575374F3359E937FB7,POWER,expert_scope,123,OC,reported_total,expert_led_workbook,7.084328,7.084328,NA,NA,NA,NA,NA,NA,NA,NA,NA,
SRC-RAW-EA575374F3359E937FB7,SRC-RAW-EA575374F3359E937FB7,POWER,expert_scope,123,NH3,reported_total,expert_led_workbook,0.0,0.0,NA,NA,NA,NA,NA,NA,NA,NA,NA,
SRC-RAW-28F83065C75A8FF87FA8,SRC-RAW-28F83065C75A8FF87FA8,POWER,expert_scope,124,SO2,reported_total,expert_led_workbook,476.98192796616604,23.849096398308323,NA,NA,NA,NA,NA,NA,NA,NA,NA,
SRC-RAW-28F83065C75A8FF87FA8,SRC-RAW-28F83065C75A8FF87FA8,POWER,expert_scope,124,NOx,reported_total,expert_led_workbook,573.0271700548617,171.90815101645853,NA,NA,NA,NA,NA,NA,NA,NA,NA,
SRC-RAW-28F83065C75A8FF87FA8,SRC-RAW-28F83065C75A8FF87FA8,POWER,expert_scope,124,CO,reported_total,expert_led_workbook,135.44220057707508,135.44220057707508,NA,NA,NA,NA,NA,NA,NA,NA,NA,
SRC-RAW-28F83065C75A8FF87FA8,SRC-RAW-28F83065C75A8FF87FA8,POWER,expert_scope,124,VOC,reported_total,expert_led_workbook,1532.3102890639454,3.0646205781278937,NA,NA,NA,NA,NA,NA,NA,NA,NA,
SRC-RAW-28F83065C75A8FF87FA8,SRC-RAW-28F83065C75A8FF87FA8,POWER,expert_scope,124,PM10,reported_total,expert_led_workbook,370.78287442786535,1.4831314977114627,NA,NA,NA,NA,NA,NA,NA,NA,NA,
SRC-RAW-28F83065C75A8FF87FA8,SRC-RAW-28F83065C75A8FF87FA8,POWER,expert_scope,124,PM2.5,reported_total,expert_led_workbook,0.91399923482411,0.0036559969392964435,NA,NA,NA,NA,NA,NA,NA,NA,NA,
SRC-RAW-28F83065C75A8FF87FA8,SRC-RAW-28F83065C75A8FF87FA8,POWER,expert_scope,124,BC,reported_total,expert_led_workbook,0.7268858893280633,0.0029075435573122557,NA,NA,NA,NA,NA,NA,NA,NA,NA,
SRC-RAW-28F83065C75A8FF87FA8,SRC-RAW-28F83065C75A8FF87FA8,POWER,expert_scope,124,OC,reported_total,expert_led_workbook,4.062467067667984,4.062467067667984,NA,NA,NA,NA,NA,NA,NA,NA,NA,
SRC-RAW-28F83065C75A8FF87FA8,SRC-RAW-28F83065C75A8FF87FA8,POWER,expert_scope,124,NH3,reported_total,expert_led_workbook,0.323060395256917,0.323060395256917,NA,NA,NA,NA,NA,NA,NA,NA,NA,
SRC-RAW-FF7C2F27803D71DC62B6,SRC-RAW-FF7C2F27803D71DC62B6,POWER,expert_scope,125,SO2,reported_total,expert_led_workbook,476.98192796616604,23.849096398308323,NA,NA,NA,NA,NA,NA,NA,NA,NA,
SRC-RAW-FF7C2F27803D71DC62B6,SRC-RAW-FF7C2F27803D71DC62B6,POWER,expert_scope,125,NOx,reported_total,expert_led_workbook,573.0271700548617,171.90815101645853,NA,NA,NA,NA,NA,NA,NA,NA,NA,
SRC-RAW-FF7C2F27803D71DC62B6,SRC-RAW-FF7C2F27803D71DC62B6,POWER,expert_scope,125,CO,reported_total,expert_led_workbook,135.44220057707508,135.44220057707508,NA,NA,NA,NA,NA,NA,NA,NA,NA,
SRC-RAW-FF7C2F27803D71DC62B6,SRC-RAW-FF7C2F27803D71DC62B6,POWER,expert_scope,125,VOC,reported_total,expert_led_workbook,1532.3102890639454,3.0646205781278937,NA,NA,NA,NA,NA,NA,NA,NA,NA,
SRC-RAW-FF7C2F27803D71DC62B6,SRC-RAW-FF7C2F27803D71DC62B6,POWER,expert_scope,125,PM10,reported_total,expert_led_workbook,370.78287442786535,1.4831314977114627,NA,NA,NA,NA,NA,NA,NA,NA,NA,
SRC-RAW-FF7C2F27803D71DC62B6,SRC-RAW-FF7C2F27803D71DC62B6,POWER,expert_scope,125,PM2.5,reported_total,expert_led_workbook,0.91399923482411,0.0036559969392964435,NA,NA,NA,NA,NA,NA,NA,NA,NA,
SRC-RAW-FF7C2F27803D71DC62B6,SRC-RAW-FF7C2F27803D71DC62B6,POWER,expert_scope,125,BC,reported_total,expert_led_workbook,0.7268858893280633,0.0029075435573122557,NA,NA,NA,NA,NA,NA,NA,NA,NA,
SRC-RAW-FF7C2F27803D71DC62B6,SRC-RAW-FF7C2F27803D71DC62B6,POWER,expert_scope,125,OC,reported_total,expert_led_workbook,4.062467067667984,4.062467067667984,NA,NA,NA,NA,NA,NA,NA,NA,NA,
SRC-RAW-FF7C2F27803D71DC62B6,SRC-RAW-FF7C2F27803D71DC62B6,POWER,expert_scope,125,NH3,reported_total,expert_led_workbook,0.323060395256917,0.323060395256917,NA,NA,NA,NA,NA,NA,NA,NA,NA,
SRC-RAW-FAB5057D4C83F3A4DE14,SRC-RAW-FAB5057D4C83F3A4DE14,POWER,expert_scope,126,SO2,reported_total,expert_led_workbook,11467.810062739998,229.35620125480017,NA,NA,NA,NA,NA,NA,NA,NA,NA,
SRC-RAW-FAB5057D4C83F3A4DE14,SRC-RAW-FAB5057D4C83F3A4DE14,POWER,expert_scope,126,NOx,reported_total,expert_led_workbook,7977.250743799999,1994.3126859499998,NA,NA,NA,NA,NA,NA,NA,NA,NA,
SRC-RAW-FAB5057D4C83F3A4DE14,SRC-RAW-FAB5057D4C83F3A4DE14,POWER,expert_scope,126,CO,reported_total,expert_led_workbook,2212.0485822,2212.0485822,NA,NA,NA,NA,NA,NA,NA,NA,NA,
SRC-RAW-FAB5057D4C83F3A4DE14,SRC-RAW-FAB5057D4C83F3A4DE14,POWER,expert_scope,126,VOC,reported_total,expert_led_workbook,18046.294184,108.27776510399808,NA,NA,NA,NA,NA,NA,NA,NA,NA,
SRC-RAW-FAB5057D4C83F3A4DE14,SRC-RAW-FAB5057D4C83F3A4DE14,POWER,expert_scope,126,PM10,reported_total,expert_led_workbook,4707.9276095,80.03476936150007,NA,NA,NA,NA,NA,NA,NA,NA,NA,
SRC-RAW-FAB5057D4C83F3A4DE14,SRC-RAW-FAB5057D4C83F3A4DE14,POWER,expert_scope,126,PM2.5,reported_total,expert_led_workbook,9.420693952,0.16015179718400016,NA,NA,NA,NA,NA,NA,NA,NA,NA,
SRC-RAW-FAB5057D4C83F3A4DE14,SRC-RAW-FAB5057D4C83F3A4DE14,POWER,expert_scope,126,BC,reported_total,expert_led_workbook,0.021505479999999997,0.0003655931600000003,NA,NA,NA,NA,NA,NA,NA,NA,NA,
SRC-RAW-FAB5057D4C83F3A4DE14,SRC-RAW-FAB5057D4C83F3A4DE14,POWER,expert_scope,126,OC,reported_total,expert_led_workbook,44.30441281,44.30441281,NA,NA,NA,NA,NA,NA,NA,NA,NA,
SRC-RAW-FAB5057D4C83F3A4DE14,SRC-RAW-FAB5057D4C83F3A4DE14,POWER,expert_scope,126,NH3,reported_total,expert_led_workbook,0.0,0.0,NA,NA,NA,NA,NA,NA,NA,NA,NA,
SRC-RAW-AD8770B38710366C7C2C,SRC-RAW-AD8770B38710366C7C2C,POWER,expert_scope,127,SO2,reported_total,expert_led_workbook,14789.2119675,295.78423935000023,NA,NA,NA,NA,NA,NA,NA,NA,NA,
SRC-RAW-AD8770B38710366C7C2C,SRC-RAW-AD8770B38710366C7C2C,POWER,expert_scope,127,NOx,reported_total,expert_led_workbook,10120.769475,2530.19236875,NA,NA,NA,NA,NA,NA,NA,NA,NA,
SRC-RAW-AD8770B38710366C7C2C,SRC-RAW-AD8770B38710366C7C2C,POWER,expert_scope,127,CO,reported_total,expert_led_workbook,2806.629025,2806.629025,NA,NA,NA,NA,NA,NA,NA,NA,NA,
SRC-RAW-AD8770B38710366C7C2C,SRC-RAW-AD8770B38710366C7C2C,POWER,expert_scope,127,VOC,reported_total,expert_led_workbook,23478.4815625,140.87088937499752,NA,NA,NA,NA,NA,NA,NA,NA,NA,
SRC-RAW-AD8770B38710366C7C2C,SRC-RAW-AD8770B38710366C7C2C,POWER,expert_scope,127,PM10,reported_total,expert_led_workbook,6125.0239375,104.12540693750009,NA,NA,NA,NA,NA,NA,NA,NA,NA,
SRC-RAW-AD8770B38710366C7C2C,SRC-RAW-AD8770B38710366C7C2C,POWER,expert_scope,127,PM2.5,reported_total,expert_led_workbook,12.25498325,0.2083347152500002,NA,NA,NA,NA,NA,NA,NA,NA,NA,
SRC-RAW-AD8770B38710366C7C2C,SRC-RAW-AD8770B38710366C7C2C,POWER,expert_scope,127,BC,reported_total,expert_led_workbook,0.021935,0.0003728950000000003,NA,NA,NA,NA,NA,NA,NA,NA,NA,
SRC-RAW-AD8770B38710366C7C2C,SRC-RAW-AD8770B38710366C7C2C,POWER,expert_scope,127,OC,reported_total,expert_led_workbook,56.19728875,56.19728875,NA,NA,NA,NA,NA,NA,NA,NA,NA,
SRC-RAW-AD8770B38710366C7C2C,SRC-RAW-AD8770B38710366C7C2C,POWER,expert_scope,127,NH3,reported_total,expert_led_workbook,0.0,0.0,NA,NA,NA,NA,NA,NA,NA,NA,NA,
SRC-RAW-3813565566A3B83E884B,SRC-RAW-3813565566A3B83E884B,POWER,expert_scope,128,SO2,reported_total,expert_led_workbook,16082.64640132,804.1323200660007,NA,NA,NA,NA,NA,NA,NA,NA,NA,
SRC-RAW-3813565566A3B83E884B,SRC-RAW-3813565566A3B83E884B,POWER,expert_scope,128,NOx,reported_total,expert_led_workbook,11181.8819084,2236.3763816799997,NA,NA,NA,NA,NA,NA,NA,NA,NA,
SRC-RAW-3813565566A3B83E884B,SRC-RAW-3813565566A3B83E884B,POWER,expert_scope,128,CO,reported_total,expert_led_workbook,3101.7658396,3101.7658396,NA,NA,NA,NA,NA,NA,NA,NA,NA,
SRC-RAW-3813565566A3B83E884B,SRC-RAW-3813565566A3B83E884B,POWER,expert_scope,128,VOC,reported_total,expert_led_workbook,40075.56785400001,440.831246393996,NA,NA,NA,NA,NA,NA,NA,NA,NA,
SRC-RAW-3813565566A3B83E884B,SRC-RAW-3813565566A3B83E884B,POWER,expert_scope,128,PM10,reported_total,expert_led_workbook,10454.497095,313.6349128500003,NA,NA,NA,NA,NA,NA,NA,NA,NA,
SRC-RAW-3813565566A3B83E884B,SRC-RAW-3813565566A3B83E884B,POWER,expert_scope,128,PM2.5,reported_total,expert_led_workbook,20.909021784,0.6272706535200006,NA,NA,NA,NA,NA,NA,NA,NA,NA,
SRC-RAW-3813565566A3B83E884B,SRC-RAW-3813565566A3B83E884B,POWER,expert_scope,128,BC,reported_total,expert_led_workbook,0.00012264,3.6792000000000032e-06,NA,NA,NA,NA,NA,NA,NA,NA,NA,
SRC-RAW-3813565566A3B83E884B,SRC-RAW-3813565566A3B83E884B,POWER,expert_scope,128,OC,reported_total,expert_led_workbook,62.03567858,62.03567858,NA,NA,NA,NA,NA,NA,NA,NA,NA,
SRC-RAW-3813565566A3B83E884B,SRC-RAW-3813565566A3B83E884B,POWER,expert_scope,128,NH3,reported_total,expert_led_workbook,0.0,0.0,NA,NA,NA,NA,NA,NA,NA,NA,NA,
SRC-RAW-034EA11B7545A4E80FF5,SRC-RAW-034EA11B7545A4E80FF5,POWER,expert_scope,129,SO2,reported_total,expert_led_workbook,15477.401408259999,773.8700704130006,NA,NA,NA,NA,NA,NA,NA,NA,NA,
SRC-RAW-034EA11B7545A4E80FF5,SRC-RAW-034EA11B7545A4E80FF5,POWER,expert_scope,129,NOx,reported_total,expert_led_workbook,10761.091326200001,2152.2182652399997,NA,NA,NA,NA,NA,NA,NA,NA,NA,
SRC-RAW-034EA11B7545A4E80FF5,SRC-RAW-034EA11B7545A4E80FF5,POWER,expert_scope,129,CO,reported_total,expert_led_workbook,2985.0375478,2985.0375478,NA,NA,NA,NA,NA,NA,NA,NA,NA,
SRC-RAW-034EA11B7545A4E80FF5,SRC-RAW-034EA11B7545A4E80FF5,POWER,expert_scope,129,VOC,reported_total,expert_led_workbook,38567.38849500001,424.2412734449962,NA,NA,NA,NA,NA,NA,NA,NA,NA,
SRC-RAW-034EA11B7545A4E80FF5,SRC-RAW-034EA11B7545A4E80FF5,POWER,expert_scope,129,PM10,reported_total,expert_led_workbook,10061.060053500001,301.8318016050003,NA,NA,NA,NA,NA,NA,NA,NA,NA,
SRC-RAW-034EA11B7545A4E80FF5,SRC-RAW-034EA11B7545A4E80FF5,POWER,expert_scope,129,PM2.5,reported_total,expert_led_workbook,20.122173324000002,0.6036651997200005,NA,NA,NA,NA,NA,NA,NA,NA,NA,
SRC-RAW-034EA11B7545A4E80FF5,SRC-RAW-034EA11B7545A4E80FF5,POWER,expert_scope,129,BC,reported_total,expert_led_workbook,0.00023652000000000002,7.095600000000007e-06,NA,NA,NA,NA,NA,NA,NA,NA,NA,
SRC-RAW-034EA11B7545A4E80FF5,SRC-RAW-034EA11B7545A4E80FF5,POWER,expert_scope,129,OC,reported_total,expert_led_workbook,59.70144869,59.70144869,NA,NA,NA,NA,NA,NA,NA,NA,NA,
SRC-RAW-034EA11B7545A4E80FF5,SRC-RAW-034EA11B7545A4E80FF5,POWER,expert_scope,129,NH3,reported_total,expert_led_workbook,0.0,0.0,NA,NA,NA,NA,NA,NA,NA,NA,NA,
SRC-RAW-DA11C6851F4293462E40,SRC-RAW-DA11C6851F4293462E40,POWER,expert_scope,130,SO2,reported_total,expert_led_workbook,0.18250873600000003,0.18250873600000003,NA,NA,NA,NA,NA,NA,NA,NA,NA,
SRC-RAW-DA11C6851F4293462E40,SRC-RAW-DA11C6851F4293462E40,POWER,expert_scope,130,NOx,reported_total,expert_led_workbook,1100.42032,220.08406399999993,NA,NA,NA,NA,NA,NA,NA,NA,NA,
SRC-RAW-DA11C6851F4293462E40,SRC-RAW-DA11C6851F4293462E40,POWER,expert_scope,130,CO,reported_total,expert_led_workbook,348.9137600000001,348.9137600000001,NA,NA,NA,NA,NA,NA,NA,NA,NA,
SRC-RAW-DA11C6851F4293462E40,SRC-RAW-DA11C6851F4293462E40,POWER,expert_scope,130,VOC,reported_total,expert_led_workbook,8.051856,8.051856,NA,NA,NA,NA,NA,NA,NA,NA,NA,
SRC-RAW-DA11C6851F4293462E40,SRC-RAW-DA11C6851F4293462E40,POWER,expert_scope,130,PM10,reported_total,expert_led_workbook,8.051856,8.051856,NA,NA,NA,NA,NA,NA,NA,NA,NA,
SRC-RAW-DA11C6851F4293462E40,SRC-RAW-DA11C6851F4293462E40,POWER,expert_scope,130,PM2.5,reported_total,expert_led_workbook,0.0,0.0,NA,NA,NA,NA,NA,NA,NA,NA,NA,
SRC-RAW-DA11C6851F4293462E40,SRC-RAW-DA11C6851F4293462E40,POWER,expert_scope,130,BC,reported_total,expert_led_workbook,0.0,0.0,NA,NA,NA,NA,NA,NA,NA,NA,NA,
SRC-RAW-DA11C6851F4293462E40,SRC-RAW-DA11C6851F4293462E40,POWER,expert_scope,130,OC,reported_total,expert_led_workbook,5.367904,5.367904,NA,NA,NA,NA,NA,NA,NA,NA,NA,
SRC-RAW-DA11C6851F4293462E40,SRC-RAW-DA11C6851F4293462E40,POWER,expert_scope,130,NH3,reported_total,expert_led_workbook,0.0,0.0,NA,NA,NA,NA,NA,NA,NA,NA,NA,
SRC-RAW-6E050DFAE5706F68F59C,SRC-RAW-6E050DFAE5706F68F59C,POWER,expert_scope,131,SO2,reported_total,expert_led_workbook,0.15492066,0.15492066,NA,NA,NA,NA,NA,NA,NA,NA,NA,
SRC-RAW-6E050DFAE5706F68F59C,SRC-RAW-6E050DFAE5706F68F59C,POWER,expert_scope,131,NOx,reported_total,expert_led_workbook,934.08045,186.81608999999997,NA,NA,NA,NA,NA,NA,NA,NA,NA,
SRC-RAW-6E050DFAE5706F68F59C,SRC-RAW-6E050DFAE5706F68F59C,POWER,expert_scope,131,CO,reported_total,expert_led_workbook,296.17185,296.17185,NA,NA,NA,NA,NA,NA,NA,NA,NA,
SRC-RAW-6E050DFAE5706F68F59C,SRC-RAW-6E050DFAE5706F68F59C,POWER,expert_scope,131,VOC,reported_total,expert_led_workbook,6.834734999999999,6.834734999999999,NA,NA,NA,NA,NA,NA,NA,NA,NA,
SRC-RAW-6E050DFAE5706F68F59C,SRC-RAW-6E050DFAE5706F68F59C,POWER,expert_scope,131,PM10,reported_total,expert_led_workbook,6.834734999999999,6.834734999999999,NA,NA,NA,NA,NA,NA,NA,NA,NA,
SRC-RAW-6E050DFAE5706F68F59C,SRC-RAW-6E050DFAE5706F68F59C,POWER,expert_scope,131,PM2.5,reported_total,expert_led_workbook,0.0,0.0,NA,NA,NA,NA,NA,NA,NA,NA,NA,
SRC-RAW-6E050DFAE5706F68F59C,SRC-RAW-6E050DFAE5706F68F59C,POWER,expert_scope,131,BC,reported_total,expert_led_workbook,0.0,0.0,NA,NA,NA,NA,NA,NA,NA,NA,NA,
SRC-RAW-6E050DFAE5706F68F59C,SRC-RAW-6E050DFAE5706F68F59C,POWER,expert_scope,131,OC,reported_total,expert_led_workbook,4.55649,4.55649,NA,NA,NA,NA,NA,NA,NA,NA,NA,
SRC-RAW-6E050DFAE5706F68F59C,SRC-RAW-6E050DFAE5706F68F59C,POWER,expert_scope,131,NH3,reported_total,expert_led_workbook,0.0,0.0,NA,NA,NA,NA,NA,NA,NA,NA,NA,
SRC-RAW-DAA4F119E3D6019724B4,SRC-RAW-DAA4F119E3D6019724B4,POWER,expert_scope,132,SO2,reported_total,expert_led_workbook,2.4434,2.4434,NA,NA,NA,NA,NA,NA,NA,NA,NA,
SRC-RAW-DAA4F119E3D6019724B4,SRC-RAW-DAA4F119E3D6019724B4,POWER,expert_scope,132,NOx,reported_total,expert_led_workbook,52.72599999999999,30.58108,NA,NA,NA,NA,NA,NA,NA,NA,NA,
SRC-RAW-DAA4F119E3D6019724B4,SRC-RAW-DAA4F119E3D6019724B4,POWER,expert_scope,132,CO,reported_total,expert_led_workbook,16.718,16.718,NA,NA,NA,NA,NA,NA,NA,NA,NA,
SRC-RAW-DAA4F119E3D6019724B4,SRC-RAW-DAA4F119E3D6019724B4,POWER,expert_scope,132,VOC,reported_total,expert_led_workbook,0.3858,0.3858,NA,NA,NA,NA,NA,NA,NA,NA,NA,
SRC-RAW-DAA4F119E3D6019724B4,SRC-RAW-DAA4F119E3D6019724B4,POWER,expert_scope,132,PM10,reported_total,expert_led_workbook,0.3858,0.3858,NA,NA,NA,NA,NA,NA,NA,NA,NA,
SRC-RAW-DAA4F119E3D6019724B4,SRC-RAW-DAA4F119E3D6019724B4,POWER,expert_scope,132,PM2.5,reported_total,expert_led_workbook,0.0,0.0,NA,NA,NA,NA,NA,NA,NA,NA,NA,
SRC-RAW-DAA4F119E3D6019724B4,SRC-RAW-DAA4F119E3D6019724B4,POWER,expert_scope,132,BC,reported_total,expert_led_workbook,0.0,0.0,NA,NA,NA,NA,NA,NA,NA,NA,NA,
SRC-RAW-DAA4F119E3D6019724B4,SRC-RAW-DAA4F119E3D6019724B4,POWER,expert_scope,132,OC,reported_total,expert_led_workbook,0.2572,0.2572,NA,NA,NA,NA,NA,NA,NA,NA,NA,
SRC-RAW-DAA4F119E3D6019724B4,SRC-RAW-DAA4F119E3D6019724B4,POWER,expert_scope,132,NH3,reported_total,expert_led_workbook,0.0,0.0,NA,NA,NA,NA,NA,NA,NA,NA,NA,
SRC-RAW-576517B49A8DF4C96EE3,SRC-RAW-576517B49A8DF4C96EE3,POWER,expert_scope,133,SO2,reported_total,expert_led_workbook,1.079067,1.079067,NA,NA,NA,NA,NA,NA,NA,NA,NA,
SRC-RAW-576517B49A8DF4C96EE3,SRC-RAW-576517B49A8DF4C96EE3,POWER,expert_scope,133,NOx,reported_total,expert_led_workbook,23.285129999999995,13.505375399999998,NA,NA,NA,NA,NA,NA,NA,NA,NA,
SRC-RAW-576517B49A8DF4C96EE3,SRC-RAW-576517B49A8DF4C96EE3,POWER,expert_scope,133,CO,reported_total,expert_led_workbook,7.38309,7.38309,NA,NA,NA,NA,NA,NA,NA,NA,NA,
SRC-RAW-576517B49A8DF4C96EE3,SRC-RAW-576517B49A8DF4C96EE3,POWER,expert_scope,133,VOC,reported_total,expert_led_workbook,0.17037899999999997,0.17037899999999997,NA,NA,NA,NA,NA,NA,NA,NA,NA,
SRC-RAW-576517B49A8DF4C96EE3,SRC-RAW-576517B49A8DF4C96EE3,POWER,expert_scope,133,PM10,reported_total,expert_led_workbook,0.17037899999999997,0.17037899999999997,NA,NA,NA,NA,NA,NA,NA,NA,NA,
SRC-RAW-576517B49A8DF4C96EE3,SRC-RAW-576517B49A8DF4C96EE3,POWER,expert_scope,133,PM2.5,reported_total,expert_led_workbook,0.0,0.0,NA,NA,NA,NA,NA,NA,NA,NA,NA,
SRC-RAW-576517B49A8DF4C96EE3,SRC-RAW-576517B49A8DF4C96EE3,POWER,expert_scope,133,BC,reported_total,expert_led_workbook,0.0,0.0,NA,NA,NA,NA,NA,NA,NA,NA,NA,
SRC-RAW-576517B49A8DF4C96EE3,SRC-RAW-576517B49A8DF4C96EE3,POWER,expert_scope,133,OC,reported_total,expert_led_workbook,0.11358599999999998,0.11358599999999998,NA,NA,NA,NA,NA,NA,NA,NA,NA,
SRC-RAW-576517B49A8DF4C96EE3,SRC-RAW-576517B49A8DF4C96EE3,POWER,expert_scope,133,NH3,reported_total,expert_led_workbook,0.0,0.0,NA,NA,NA,NA,NA,NA,NA,NA,NA,
SRC-RAW-C2A07E8B37DA4337574A,SRC-RAW-C2A07E8B37DA4337574A,POWER,expert_scope,134,SO2,reported_total,expert_led_workbook,935.66093484,18.713218696800016,NA,NA,NA,NA,NA,NA,NA,NA,NA,
SRC-RAW-C2A07E8B37DA4337574A,SRC-RAW-C2A07E8B37DA4337574A,POWER,expert_scope,134,NOx,reported_total,expert_led_workbook,648.8794099200002,346.359226939069,NA,NA,NA,NA,NA,NA,NA,NA,NA,
SRC-RAW-C2A07E8B37DA4337574A,SRC-RAW-C2A07E8B37DA4337574A,POWER,expert_scope,134,CO,reported_total,expert_led_workbook,579.356616,579.356616,NA,NA,NA,NA,NA,NA,NA,NA,NA,
SRC-RAW-C2A07E8B37DA4337574A,SRC-RAW-C2A07E8B37DA4337574A,POWER,expert_scope,134,VOC,reported_total,expert_led_workbook,490.39640761320015,5.884756891358407,NA,NA,NA,NA,NA,NA,NA,NA,NA,
SRC-RAW-C2A07E8B37DA4337574A,SRC-RAW-C2A07E8B37DA4337574A,POWER,expert_scope,134,PM10,reported_total,expert_led_workbook,148.60497200400005,4.458149160120005,NA,NA,NA,NA,NA,NA,NA,NA,NA,
SRC-RAW-C2A07E8B37DA4337574A,SRC-RAW-C2A07E8B37DA4337574A,POWER,expert_scope,134,PM2.5,reported_total,expert_led_workbook,0.2972099440080001,0.008916298320240011,NA,NA,NA,NA,NA,NA,NA,NA,NA,
SRC-RAW-C2A07E8B37DA4337574A,SRC-RAW-C2A07E8B37DA4337574A,POWER,expert_scope,134,BC,reported_total,expert_led_workbook,0.0,0.0,NA,NA,NA,NA,NA,NA,NA,NA,NA,
SRC-RAW-C2A07E8B37DA4337574A,SRC-RAW-C2A07E8B37DA4337574A,POWER,expert_scope,134,OC,reported_total,expert_led_workbook,2.89678308,2.89678308,NA,NA,NA,NA,NA,NA,NA,NA,NA,
SRC-RAW-C2A07E8B37DA4337574A,SRC-RAW-C2A07E8B37DA4337574A,POWER,expert_scope,134,NH3,reported_total,expert_led_workbook,0.0,0.0,NA,NA,NA,NA,NA,NA,NA,NA,NA,
SRC-RAW-A76844F8CA4874DDAB78,SRC-RAW-A76844F8CA4874DDAB78,POWER,expert_scope,135,SO2,reported_total,expert_led_workbook,6627.093000000001,85.48949970000015,NA,NA,NA,NA,NA,NA,NA,NA,NA,
SRC-RAW-A76844F8CA4874DDAB78,SRC-RAW-A76844F8CA4874DDAB78,POWER,expert_scope,135,NOx,reported_total,expert_led_workbook,4684.4451500000005,936.8890299999999,NA,NA,NA,NA,NA,NA,NA,NA,NA,
SRC-RAW-A76844F8CA4874DDAB78,SRC-RAW-A76844F8CA4874DDAB78,POWER,expert_scope,135,CO,reported_total,expert_led_workbook,1299.43,1299.43,NA,NA,NA,NA,NA,NA,NA,NA,NA,
SRC-RAW-A76844F8CA4874DDAB78,SRC-RAW-A76844F8CA4874DDAB78,POWER,expert_scope,135,VOC,reported_total,expert_led_workbook,17842.47333,107.05483997999812,NA,NA,NA,NA,NA,NA,NA,NA,NA,
SRC-RAW-A76844F8CA4874DDAB78,SRC-RAW-A76844F8CA4874DDAB78,POWER,expert_scope,135,PM10,reported_total,expert_led_workbook,4654.55826,79.12749042000007,NA,NA,NA,NA,NA,NA,NA,NA,NA,
SRC-RAW-A76844F8CA4874DDAB78,SRC-RAW-A76844F8CA4874DDAB78,POWER,expert_scope,135,PM2.5,reported_total,expert_led_workbook,9.30911652,0.15825498084000014,NA,NA,NA,NA,NA,NA,NA,NA,NA,
SRC-RAW-A76844F8CA4874DDAB78,SRC-RAW-A76844F8CA4874DDAB78,POWER,expert_scope,135,BC,reported_total,expert_led_workbook,0.0,0.0,NA,NA,NA,NA,NA,NA,NA,NA,NA,
SRC-RAW-A76844F8CA4874DDAB78,SRC-RAW-A76844F8CA4874DDAB78,POWER,expert_scope,135,OC,reported_total,expert_led_workbook,25.9886,25.9886,NA,NA,NA,NA,NA,NA,NA,NA,NA,
SRC-RAW-A76844F8CA4874DDAB78,SRC-RAW-A76844F8CA4874DDAB78,POWER,expert_scope,135,NH3,reported_total,expert_led_workbook,0.0,0.0,NA,NA,NA,NA,NA,NA,NA,NA,NA,
SRC-RAW-57975824CAAF1FEA69F8,SRC-RAW-57975824CAAF1FEA69F8,POWER,expert_scope,136,SO2,reported_total,expert_led_workbook,7727.537339999999,99.68523168600017,NA,NA,NA,NA,NA,NA,NA,NA,NA,
SRC-RAW-57975824CAAF1FEA69F8,SRC-RAW-57975824CAAF1FEA69F8,POWER,expert_scope,136,NOx,reported_total,expert_led_workbook,5372.76222,1074.5524439999997,NA,NA,NA,NA,NA,NA,NA,NA,NA,
SRC-RAW-57975824CAAF1FEA69F8,SRC-RAW-57975824CAAF1FEA69F8,POWER,expert_scope,136,CO,reported_total,expert_led_workbook,1490.364,1490.364,NA,NA,NA,NA,NA,NA,NA,NA,NA,
SRC-RAW-57975824CAAF1FEA69F8,SRC-RAW-57975824CAAF1FEA69F8,POWER,expert_scope,136,VOC,reported_total,expert_led_workbook,20734.130263500003,124.40478158099782,NA,NA,NA,NA,NA,NA,NA,NA,NA,
SRC-RAW-57975824CAAF1FEA69F8,SRC-RAW-57975824CAAF1FEA69F8,POWER,expert_scope,136,PM10,reported_total,expert_led_workbook,5408.903547,91.95136029900009,NA,NA,NA,NA,NA,NA,NA,NA,NA,
SRC-RAW-57975824CAAF1FEA69F8,SRC-RAW-57975824CAAF1FEA69F8,POWER,expert_scope,136,PM2.5,reported_total,expert_led_workbook,10.817807094,0.18390272059800017,NA,NA,NA,NA,NA,NA,NA,NA,NA,
SRC-RAW-57975824CAAF1FEA69F8,SRC-RAW-57975824CAAF1FEA69F8,POWER,expert_scope,136,BC,reported_total,expert_led_workbook,0.0,0.0,NA,NA,NA,NA,NA,NA,NA,NA,NA,
SRC-RAW-57975824CAAF1FEA69F8,SRC-RAW-57975824CAAF1FEA69F8,POWER,expert_scope,136,OC,reported_total,expert_led_workbook,29.80728,29.80728,NA,NA,NA,NA,NA,NA,NA,NA,NA,
SRC-RAW-57975824CAAF1FEA69F8,SRC-RAW-57975824CAAF1FEA69F8,POWER,expert_scope,136,NH3,reported_total,expert_led_workbook,0.0,0.0,NA,NA,NA,NA,NA,NA,NA,NA,NA,
SRC-RAW-E1396E97602796F2B2D9,SRC-RAW-E1396E97602796F2B2D9,POWER,expert_scope,137,SO2,reported_total,expert_led_workbook,12059.409000000001,155.5663761000003,NA,NA,NA,NA,NA,NA,NA,NA,NA,
SRC-RAW-E1396E97602796F2B2D9,SRC-RAW-E1396E97602796F2B2D9,POWER,expert_scope,137,NOx,reported_total,expert_led_workbook,8524.34695,1704.8693899999994,NA,NA,NA,NA,NA,NA,NA,NA,NA,
SRC-RAW-E1396E97602796F2B2D9,SRC-RAW-E1396E97602796F2B2D9,POWER,expert_scope,137,CO,reported_total,expert_led_workbook,2364.59,2364.59,NA,NA,NA,NA,NA,NA,NA,NA,NA,
SRC-RAW-E1396E97602796F2B2D9,SRC-RAW-E1396E97602796F2B2D9,POWER,expert_scope,137,VOC,reported_total,expert_led_workbook,32080.68810375,192.4841286224966,NA,NA,NA,NA,NA,NA,NA,NA,NA,
SRC-RAW-E1396E97602796F2B2D9,SRC-RAW-E1396E97602796F2B2D9,POWER,expert_scope,137,PM10,reported_total,expert_led_workbook,8368.8751575,142.27087767750012,NA,NA,NA,NA,NA,NA,NA,NA,NA,
SRC-RAW-E1396E97602796F2B2D9,SRC-RAW-E1396E97602796F2B2D9,POWER,expert_scope,137,PM2.5,reported_total,expert_led_workbook,16.737750315000003,0.2845417553550003,NA,NA,NA,NA,NA,NA,NA,NA,NA,
SRC-RAW-E1396E97602796F2B2D9,SRC-RAW-E1396E97602796F2B2D9,POWER,expert_scope,137,BC,reported_total,expert_led_workbook,0.0,0.0,NA,NA,NA,NA,NA,NA,NA,NA,NA,
SRC-RAW-E1396E97602796F2B2D9,SRC-RAW-E1396E97602796F2B2D9,POWER,expert_scope,137,OC,reported_total,expert_led_workbook,47.2918,47.2918,NA,NA,NA,NA,NA,NA,NA,NA,NA,
SRC-RAW-E1396E97602796F2B2D9,SRC-RAW-E1396E97602796F2B2D9,POWER,expert_scope,137,NH3,reported_total,expert_led_workbook,0.0,0.0,NA,NA,NA,NA,NA,NA,NA,NA,NA,
SRC-RAW-58D05AB6943C48568AE9,SRC-RAW-58D05AB6943C48568AE9,POWER,expert_scope,138,SO2,reported_total,expert_led_workbook,17501.278388,302.7721161124016,NA,NA,NA,NA,NA,NA,NA,NA,NA,
SRC-RAW-58D05AB6943C48568AE9,SRC-RAW-58D05AB6943C48568AE9,POWER,expert_scope,138,NOx,reported_total,expert_led_workbook,18556.5025261,5566.950757830001,NA,NA,NA,NA,NA,NA,NA,NA,NA,
SRC-RAW-58D05AB6943C48568AE9,SRC-RAW-58D05AB6943C48568AE9,POWER,expert_scope,138,CO,reported_total,expert_led_workbook,5147.43482,5147.43482,NA,NA,NA,NA,NA,NA,NA,NA,NA,
SRC-RAW-58D05AB6943C48568AE9,SRC-RAW-58D05AB6943C48568AE9,POWER,expert_scope,138,VOC,reported_total,expert_led_workbook,32231.949984135,354.55144982548177,NA,NA,NA,NA,NA,NA,NA,NA,NA,
SRC-RAW-58D05AB6943C48568AE9,SRC-RAW-58D05AB6943C48568AE9,POWER,expert_scope,138,PM10,reported_total,expert_led_workbook,8408.33477847,252.25004335410023,NA,NA,NA,NA,NA,NA,NA,NA,NA,
SRC-RAW-58D05AB6943C48568AE9,SRC-RAW-58D05AB6943C48568AE9,POWER,expert_scope,138,PM2.5,reported_total,expert_led_workbook,16.81666955694,0.5045000867082005,NA,NA,NA,NA,NA,NA,NA,NA,NA,
SRC-RAW-58D05AB6943C48568AE9,SRC-RAW-58D05AB6943C48568AE9,POWER,expert_scope,138,BC,reported_total,expert_led_workbook,0.0,0.0,NA,NA,NA,NA,NA,NA,NA,NA,NA,
SRC-RAW-58D05AB6943C48568AE9,SRC-RAW-58D05AB6943C48568AE9,POWER,expert_scope,138,OC,reported_total,expert_led_workbook,102.94869640000002,102.94869640000002,NA,NA,NA,NA,NA,NA,NA,NA,NA,
SRC-RAW-58D05AB6943C48568AE9,SRC-RAW-58D05AB6943C48568AE9,POWER,expert_scope,138,NH3,reported_total,expert_led_workbook,0.0,0.0,NA,NA,NA,NA,NA,NA,NA,NA,NA,
SRC-RAW-A42AE6EB5B122E58A6B2,SRC-RAW-A42AE6EB5B122E58A6B2,POWER,expert_scope,139,SO2,reported_total,expert_led_workbook,17021.291072,294.4683355456016,NA,NA,NA,NA,NA,NA,NA,NA,NA,
SRC-RAW-A42AE6EB5B122E58A6B2,SRC-RAW-A42AE6EB5B122E58A6B2,POWER,expert_scope,139,NOx,reported_total,expert_led_workbook,18047.5747984,5414.272439520001,NA,NA,NA,NA,NA,NA,NA,NA,NA,
SRC-RAW-A42AE6EB5B122E58A6B2,SRC-RAW-A42AE6EB5B122E58A6B2,POWER,expert_scope,139,CO,reported_total,expert_led_workbook,5006.26208,5006.26208,NA,NA,NA,NA,NA,NA,NA,NA,NA,
SRC-RAW-A42AE6EB5B122E58A6B2,SRC-RAW-A42AE6EB5B122E58A6B2,POWER,expert_scope,139,VOC,reported_total,expert_led_workbook,32470.61585088,357.1767743596767,NA,NA,NA,NA,NA,NA,NA,NA,NA,
SRC-RAW-A42AE6EB5B122E58A6B2,SRC-RAW-A42AE6EB5B122E58A6B2,POWER,expert_scope,139,PM10,reported_total,expert_led_workbook,8470.595439359999,254.11786318080019,NA,NA,NA,NA,NA,NA,NA,NA,NA,
SRC-RAW-A42AE6EB5B122E58A6B2,SRC-RAW-A42AE6EB5B122E58A6B2,POWER,expert_scope,139,PM2.5,reported_total,expert_led_workbook,16.941190878719997,0.5082357263616004,NA,NA,NA,NA,NA,NA,NA,NA,NA,
SRC-RAW-A42AE6EB5B122E58A6B2,SRC-RAW-A42AE6EB5B122E58A6B2,POWER,expert_scope,139,BC,reported_total,expert_led_workbook,0.0,0.0,NA,NA,NA,NA,NA,NA,NA,NA,NA,
SRC-RAW-A42AE6EB5B122E58A6B2,SRC-RAW-A42AE6EB5B122E58A6B2,POWER,expert_scope,139,OC,reported_total,expert_led_workbook,100.12524160000001,100.12524160000001,NA,NA,NA,NA,NA,NA,NA,NA,NA,
SRC-RAW-A42AE6EB5B122E58A6B2,SRC-RAW-A42AE6EB5B122E58A6B2,POWER,expert_scope,139,NH3,reported_total,expert_led_workbook,0.0,0.0,NA,NA,NA,NA,NA,NA,NA,NA,NA,
SRC-RAW-91758580F3D639F02735,SRC-RAW-91758580F3D639F02735,POWER,expert_scope,140,SO2,reported_total,expert_led_workbook,9224.229345400001,159.57916767542088,NA,NA,NA,NA,NA,NA,NA,NA,NA,
SRC-RAW-91758580F3D639F02735,SRC-RAW-91758580F3D639F02735,POWER,expert_scope,140,NOx,reported_total,expert_led_workbook,11506.348370299998,3451.90451109,NA,NA,NA,NA,NA,NA,NA,NA,NA,
SRC-RAW-91758580F3D639F02735,SRC-RAW-91758580F3D639F02735,POWER,expert_scope,140,CO,reported_total,expert_led_workbook,3191.77486,3191.77486,NA,NA,NA,NA,NA,NA,NA,NA,NA,
SRC-RAW-91758580F3D639F02735,SRC-RAW-91758580F3D639F02735,POWER,expert_scope,140,VOC,reported_total,expert_led_workbook,18389.41085589,202.28351941478815,NA,NA,NA,NA,NA,NA,NA,NA,NA,
SRC-RAW-91758580F3D639F02735,SRC-RAW-91758580F3D639F02735,POWER,expert_scope,140,PM10,reported_total,expert_led_workbook,4797.23761458,143.91712843740012,NA,NA,NA,NA,NA,NA,NA,NA,NA,
SRC-RAW-91758580F3D639F02735,SRC-RAW-91758580F3D639F02735,POWER,expert_scope,140,PM2.5,reported_total,expert_led_workbook,9.59447522916,0.28783425687480024,NA,NA,NA,NA,NA,NA,NA,NA,NA,
SRC-RAW-91758580F3D639F02735,SRC-RAW-91758580F3D639F02735,POWER,expert_scope,140,BC,reported_total,expert_led_workbook,0.0,0.0,NA,NA,NA,NA,NA,NA,NA,NA,NA,
SRC-RAW-91758580F3D639F02735,SRC-RAW-91758580F3D639F02735,POWER,expert_scope,140,OC,reported_total,expert_led_workbook,63.8354972,63.8354972,NA,NA,NA,NA,NA,NA,NA,NA,NA,
SRC-RAW-91758580F3D639F02735,SRC-RAW-91758580F3D639F02735,POWER,expert_scope,140,NH3,reported_total,expert_led_workbook,0.0,0.0,NA,NA,NA,NA,NA,NA,NA,NA,NA,
SRC-RAW-D16F224D5164D01920EB,SRC-RAW-D16F224D5164D01920EB,POWER,expert_scope,141,SO2,reported_total,expert_led_workbook,18787.5078451,325.02388572023176,NA,NA,NA,NA,NA,NA,NA,NA,NA,
SRC-RAW-D16F224D5164D01920EB,SRC-RAW-D16F224D5164D01920EB,POWER,expert_scope,141,NOx,reported_total,expert_led_workbook,21535.4422199,6460.632665970001,NA,NA,NA,NA,NA,NA,NA,NA,NA,
SRC-RAW-D16F224D5164D01920EB,SRC-RAW-D16F224D5164D01920EB,POWER,expert_scope,141,CO,reported_total,expert_led_workbook,5973.77038,5973.77038,NA,NA,NA,NA,NA,NA,NA,NA,NA,
SRC-RAW-D16F224D5164D01920EB,SRC-RAW-D16F224D5164D01920EB,POWER,expert_scope,141,VOC,reported_total,expert_led_workbook,38076.065680822496,418.8367224890436,NA,NA,NA,NA,NA,NA,NA,NA,NA,
SRC-RAW-D16F224D5164D01920EB,SRC-RAW-D16F224D5164D01920EB,POWER,expert_scope,141,PM10,reported_total,expert_led_workbook,9932.886699344997,297.9866009803502,NA,NA,NA,NA,NA,NA,NA,NA,NA,
SRC-RAW-D16F224D5164D01920EB,SRC-RAW-D16F224D5164D01920EB,POWER,expert_scope,141,PM2.5,reported_total,expert_led_workbook,19.865773398689996,0.5959732019607004,NA,NA,NA,NA,NA,NA,NA,NA,NA,
SRC-RAW-D16F224D5164D01920EB,SRC-RAW-D16F224D5164D01920EB,POWER,expert_scope,141,BC,reported_total,expert_led_workbook,0.0,0.0,NA,NA,NA,NA,NA,NA,NA,NA,NA,
SRC-RAW-D16F224D5164D01920EB,SRC-RAW-D16F224D5164D01920EB,POWER,expert_scope,141,OC,reported_total,expert_led_workbook,119.47540760000001,119.47540760000001,NA,NA,NA,NA,NA,NA,NA,NA,NA,
SRC-RAW-D16F224D5164D01920EB,SRC-RAW-D16F224D5164D01920EB,POWER,expert_scope,141,NH3,reported_total,expert_led_workbook,0.0,0.0,NA,NA,NA,NA,NA,NA,NA,NA,NA,
SRC-RAW-2D6580A941F7A3221868,SRC-RAW-2D6580A941F7A3221868,POWER,expert_scope,142,SO2,reported_total,expert_led_workbook,936.8318792000001,13.115646308800013,NA,NA,NA,NA,NA,NA,NA,NA,NA,
SRC-RAW-2D6580A941F7A3221868,SRC-RAW-2D6580A941F7A3221868,POWER,expert_scope,142,NOx,reported_total,expert_led_workbook,881.7241216000002,264.5172364800001,NA,NA,NA,NA,NA,NA,NA,NA,NA,
SRC-RAW-2D6580A941F7A3221868,SRC-RAW-2D6580A941F7A3221868,POWER,expert_scope,142,CO,reported_total,expert_led_workbook,196.81342,196.81342,NA,NA,NA,NA,NA,NA,NA,NA,NA,
SRC-RAW-2D6580A941F7A3221868,SRC-RAW-2D6580A941F7A3221868,POWER,expert_scope,142,VOC,reported_total,expert_led_workbook,3248.9880648232,6.497976129646406,NA,NA,NA,NA,NA,NA,NA,NA,NA,
SRC-RAW-2D6580A941F7A3221868,SRC-RAW-2D6580A941F7A3221868,POWER,expert_scope,142,PM10,reported_total,expert_led_workbook,784.2384984056002,3.1369539936224036,NA,NA,NA,NA,NA,NA,NA,NA,NA,
SRC-RAW-2D6580A941F7A3221868,SRC-RAW-2D6580A941F7A3221868,POWER,expert_scope,142,PM2.5,reported_total,expert_led_workbook,1.5684769968112005,0.006273907987244807,NA,NA,NA,NA,NA,NA,NA,NA,NA,
SRC-RAW-2D6580A941F7A3221868,SRC-RAW-2D6580A941F7A3221868,POWER,expert_scope,142,BC,reported_total,expert_led_workbook,0.0,0.0,NA,NA,NA,NA,NA,NA,NA,NA,NA,
SRC-RAW-2D6580A941F7A3221868,SRC-RAW-2D6580A941F7A3221868,POWER,expert_scope,142,OC,reported_total,expert_led_workbook,3.9362684000000003,3.9362684000000003,NA,NA,NA,NA,NA,NA,NA,NA,NA,
SRC-RAW-2D6580A941F7A3221868,SRC-RAW-2D6580A941F7A3221868,POWER,expert_scope,142,NH3,reported_total,expert_led_workbook,0.0,0.0,NA,NA,NA,NA,NA,NA,NA,NA,NA,
SRC-RAW-730A96C0F1BB19F1D46E,SRC-RAW-730A96C0F1BB19F1D46E,POWER,expert_scope,143,SO2,reported_total,expert_led_workbook,1149.8474008,16.097863611200015,NA,NA,NA,NA,NA,NA,NA,NA,NA,
SRC-RAW-730A96C0F1BB19F1D46E,SRC-RAW-730A96C0F1BB19F1D46E,POWER,expert_scope,143,NOx,reported_total,expert_led_workbook,1082.2093184,324.66279552000003,NA,NA,NA,NA,NA,NA,NA,NA,NA,
SRC-RAW-730A96C0F1BB19F1D46E,SRC-RAW-730A96C0F1BB19F1D46E,POWER,expert_scope,143,CO,reported_total,expert_led_workbook,241.56457999999998,241.56457999999998,NA,NA,NA,NA,NA,NA,NA,NA,NA,
SRC-RAW-730A96C0F1BB19F1D46E,SRC-RAW-730A96C0F1BB19F1D46E,POWER,expert_scope,143,VOC,reported_total,expert_led_workbook,3987.7384240567994,7.975476848113606,NA,NA,NA,NA,NA,NA,NA,NA,NA,
SRC-RAW-730A96C0F1BB19F1D46E,SRC-RAW-730A96C0F1BB19F1D46E,POWER,expert_scope,143,PM10,reported_total,expert_led_workbook,962.5575506344002,3.8502302025376043,NA,NA,NA,NA,NA,NA,NA,NA,NA,
SRC-RAW-730A96C0F1BB19F1D46E,SRC-RAW-730A96C0F1BB19F1D46E,POWER,expert_scope,143,PM2.5,reported_total,expert_led_workbook,1.9251151012688004,0.007700460405075209,NA,NA,NA,NA,NA,NA,NA,NA,NA,
SRC-RAW-730A96C0F1BB19F1D46E,SRC-RAW-730A96C0F1BB19F1D46E,POWER,expert_scope,143,BC,reported_total,expert_led_workbook,0.0,0.0,NA,NA,NA,NA,NA,NA,NA,NA,NA,
SRC-RAW-730A96C0F1BB19F1D46E,SRC-RAW-730A96C0F1BB19F1D46E,POWER,expert_scope,143,OC,reported_total,expert_led_workbook,4.831291599999999,4.831291599999999,NA,NA,NA,NA,NA,NA,NA,NA,NA,
SRC-RAW-730A96C0F1BB19F1D46E,SRC-RAW-730A96C0F1BB19F1D46E,POWER,expert_scope,143,NH3,reported_total,expert_led_workbook,0.0,0.0,NA,NA,NA,NA,NA,NA,NA,NA,NA,
SRC-RAW-4124B4DC2795F28D7751,SRC-RAW-4124B4DC2795F28D7751,POWER,expert_scope,144,SO2,reported_total,expert_led_workbook,1153.606468,16.150490552000015,NA,NA,NA,NA,NA,NA,NA,NA,NA,
SRC-RAW-4124B4DC2795F28D7751,SRC-RAW-4124B4DC2795F28D7751,POWER,expert_scope,144,NOx,reported_total,expert_led_workbook,1085.7472639999999,325.7241792,NA,NA,NA,NA,NA,NA,NA,NA,NA,
SRC-RAW-4124B4DC2795F28D7751,SRC-RAW-4124B4DC2795F28D7751,POWER,expert_scope,144,CO,reported_total,expert_led_workbook,242.3543,242.3543,NA,NA,NA,NA,NA,NA,NA,NA,NA,
SRC-RAW-4124B4DC2795F28D7751,SRC-RAW-4124B4DC2795F28D7751,POWER,expert_scope,144,VOC,reported_total,expert_led_workbook,4000.7750902279995,8.001550180456006,NA,NA,NA,NA,NA,NA,NA,NA,NA,
SRC-RAW-4124B4DC2795F28D7751,SRC-RAW-4124B4DC2795F28D7751,POWER,expert_scope,144,PM10,reported_total,expert_led_workbook,965.7043321240002,3.8628173284960043,NA,NA,NA,NA,NA,NA,NA,NA,NA,
SRC-RAW-4124B4DC2795F28D7751,SRC-RAW-4124B4DC2795F28D7751,POWER,expert_scope,144,PM2.5,reported_total,expert_led_workbook,1.9314086642480004,0.007725634656992009,NA,NA,NA,NA,NA,NA,NA,NA,NA,
SRC-RAW-4124B4DC2795F28D7751,SRC-RAW-4124B4DC2795F28D7751,POWER,expert_scope,144,BC,reported_total,expert_led_workbook,0.0,0.0,NA,NA,NA,NA,NA,NA,NA,NA,NA,
SRC-RAW-4124B4DC2795F28D7751,SRC-RAW-4124B4DC2795F28D7751,POWER,expert_scope,144,OC,reported_total,expert_led_workbook,4.847086,4.847086,NA,NA,NA,NA,NA,NA,NA,NA,NA,
SRC-RAW-4124B4DC2795F28D7751,SRC-RAW-4124B4DC2795F28D7751,POWER,expert_scope,144,NH3,reported_total,expert_led_workbook,0.0,0.0,NA,NA,NA,NA,NA,NA,NA,NA,NA,
SRC-RAW-CBBFC1A28AA95EDC417A,SRC-RAW-CBBFC1A28AA95EDC417A,POWER,expert_scope,145,SO2,reported_total,expert_led_workbook,2374.2494440000005,33.23949221600004,NA,NA,NA,NA,NA,NA,NA,NA,NA,
SRC-RAW-CBBFC1A28AA95EDC417A,SRC-RAW-CBBFC1A28AA95EDC417A,POWER,expert_scope,145,NOx,reported_total,expert_led_workbook,2234.5877120000005,670.3763136000002,NA,NA,NA,NA,NA,NA,NA,NA,NA,
SRC-RAW-CBBFC1A28AA95EDC417A,SRC-RAW-CBBFC1A28AA95EDC417A,POWER,expert_scope,145,CO,reported_total,expert_led_workbook,498.7919,498.7919,NA,NA,NA,NA,NA,NA,NA,NA,NA,
SRC-RAW-CBBFC1A28AA95EDC417A,SRC-RAW-CBBFC1A28AA95EDC417A,POWER,expert_scope,145,VOC,reported_total,expert_led_workbook,8234.036733523999,16.46807346704801,NA,NA,NA,NA,NA,NA,NA,NA,NA,
SRC-RAW-CBBFC1A28AA95EDC417A,SRC-RAW-CBBFC1A28AA95EDC417A,POWER,expert_scope,145,PM10,reported_total,expert_led_workbook,1987.5261080920004,7.950104432368009,NA,NA,NA,NA,NA,NA,NA,NA,NA,
SRC-RAW-CBBFC1A28AA95EDC417A,SRC-RAW-CBBFC1A28AA95EDC417A,POWER,expert_scope,145,PM2.5,reported_total,expert_led_workbook,3.9750522161840007,0.015900208864736018,NA,NA,NA,NA,NA,NA,NA,NA,NA,
SRC-RAW-CBBFC1A28AA95EDC417A,SRC-RAW-CBBFC1A28AA95EDC417A,POWER,expert_scope,145,BC,reported_total,expert_led_workbook,0.0,0.0,NA,NA,NA,NA,NA,NA,NA,NA,NA,
SRC-RAW-CBBFC1A28AA95EDC417A,SRC-RAW-CBBFC1A28AA95EDC417A,POWER,expert_scope,145,OC,reported_total,expert_led_workbook,9.975838000000001,9.975838000000001,NA,NA,NA,NA,NA,NA,NA,NA,NA,
SRC-RAW-CBBFC1A28AA95EDC417A,SRC-RAW-CBBFC1A28AA95EDC417A,POWER,expert_scope,145,NH3,reported_total,expert_led_workbook,0.0,0.0,NA,NA,NA,NA,NA,NA,NA,NA,NA,
SRC-RAW-1119E36BA6B9144F2860,SRC-RAW-1119E36BA6B9144F2860,POWER,expert_scope,146,SO2,reported_total,expert_led_workbook,53.43623600000001,0.7481073040000008,NA,NA,NA,NA,NA,NA,NA,NA,NA,
SRC-RAW-1119E36BA6B9144F2860,SRC-RAW-1119E36BA6B9144F2860,POWER,expert_scope,146,NOx,reported_total,expert_led_workbook,50.29292800000001,15.087878400000005,NA,NA,NA,NA,NA,NA,NA,NA,NA,
SRC-RAW-1119E36BA6B9144F2860,SRC-RAW-1119E36BA6B9144F2860,POWER,expert_scope,146,CO,reported_total,expert_led_workbook,11.2261,11.2261,NA,NA,NA,NA,NA,NA,NA,NA,NA,
SRC-RAW-1119E36BA6B9144F2860,SRC-RAW-1119E36BA6B9144F2860,POWER,expert_scope,146,VOC,reported_total,expert_led_workbook,185.320009756,0.3706400195120003,NA,NA,NA,NA,NA,NA,NA,NA,NA,
SRC-RAW-1119E36BA6B9144F2860,SRC-RAW-1119E36BA6B9144F2860,POWER,expert_scope,146,PM10,reported_total,expert_led_workbook,44.73241614800001,0.17892966459200021,NA,NA,NA,NA,NA,NA,NA,NA,NA,
SRC-RAW-1119E36BA6B9144F2860,SRC-RAW-1119E36BA6B9144F2860,POWER,expert_scope,146,PM2.5,reported_total,expert_led_workbook,0.08946483229600002,0.0003578593291840004,NA,NA,NA,NA,NA,NA,NA,NA,NA,
SRC-RAW-1119E36BA6B9144F2860,SRC-RAW-1119E36BA6B9144F2860,POWER,expert_scope,146,BC,reported_total,expert_led_workbook,0.0,0.0,NA,NA,NA,NA,NA,NA,NA,NA,NA,
SRC-RAW-1119E36BA6B9144F2860,SRC-RAW-1119E36BA6B9144F2860,POWER,expert_scope,146,OC,reported_total,expert_led_workbook,0.22452200000000003,0.22452200000000003,NA,NA,NA,NA,NA,NA,NA,NA,NA,
SRC-RAW-1119E36BA6B9144F2860,SRC-RAW-1119E36BA6B9144F2860,POWER,expert_scope,146,NH3,reported_total,expert_led_workbook,0.0,0.0,NA,NA,NA,NA,NA,NA,NA,NA,NA,
SRC-RAW-6E6184405EBF84B96DC5,SRC-RAW-6E6184405EBF84B96DC5,POWER,expert_scope,147,SO2,reported_total,expert_led_workbook,2.1008158488000004,2.1008158488000004,NA,NA,NA,NA,NA,NA,NA,NA,NA,
SRC-RAW-6E6184405EBF84B96DC5,SRC-RAW-6E6184405EBF84B96DC5,POWER,expert_scope,147,NOx,reported_total,expert_led_workbook,209.87682699999996,121.72855965999999,NA,NA,NA,NA,NA,NA,NA,NA,NA,
SRC-RAW-6E6184405EBF84B96DC5,SRC-RAW-6E6184405EBF84B96DC5,POWER,expert_scope,147,CO,reported_total,expert_led_workbook,66.546311,66.546311,NA,NA,NA,NA,NA,NA,NA,NA,NA,
SRC-RAW-6E6184405EBF84B96DC5,SRC-RAW-6E6184405EBF84B96DC5,POWER,expert_scope,147,VOC,reported_total,expert_led_workbook,1.5356841,1.5356841,NA,NA,NA,NA,NA,NA,NA,NA,NA,
SRC-RAW-6E6184405EBF84B96DC5,SRC-RAW-6E6184405EBF84B96DC5,POWER,expert_scope,147,PM10,reported_total,expert_led_workbook,1.5356841,1.5356841,NA,NA,NA,NA,NA,NA,NA,NA,NA,
SRC-RAW-6E6184405EBF84B96DC5,SRC-RAW-6E6184405EBF84B96DC5,POWER,expert_scope,147,PM2.5,reported_total,expert_led_workbook,0.0,0.0,NA,NA,NA,NA,NA,NA,NA,NA,NA,
SRC-RAW-6E6184405EBF84B96DC5,SRC-RAW-6E6184405EBF84B96DC5,POWER,expert_scope,147,BC,reported_total,expert_led_workbook,0.0,0.0,NA,NA,NA,NA,NA,NA,NA,NA,NA,
SRC-RAW-6E6184405EBF84B96DC5,SRC-RAW-6E6184405EBF84B96DC5,POWER,expert_scope,147,OC,reported_total,expert_led_workbook,1.0237894,1.0237894,NA,NA,NA,NA,NA,NA,NA,NA,NA,
SRC-RAW-6E6184405EBF84B96DC5,SRC-RAW-6E6184405EBF84B96DC5,POWER,expert_scope,147,NH3,reported_total,expert_led_workbook,0.0,0.0,NA,NA,NA,NA,NA,NA,NA,NA,NA,
SRC-RAW-C71F12B07C038096CD8C,SRC-RAW-C71F12B07C038096CD8C,POWER,expert_scope,148,SO2,reported_total,expert_led_workbook,1.8657247752000001,1.8657247752000001,NA,NA,NA,NA,NA,NA,NA,NA,NA,
SRC-RAW-C71F12B07C038096CD8C,SRC-RAW-C71F12B07C038096CD8C,POWER,expert_scope,148,NOx,reported_total,expert_led_workbook,186.39063299999998,108.10656714,NA,NA,NA,NA,NA,NA,NA,NA,NA,
SRC-RAW-C71F12B07C038096CD8C,SRC-RAW-C71F12B07C038096CD8C,POWER,expert_scope,148,CO,reported_total,expert_led_workbook,59.099469000000006,59.099469000000006,NA,NA,NA,NA,NA,NA,NA,NA,NA,
SRC-RAW-C71F12B07C038096CD8C,SRC-RAW-C71F12B07C038096CD8C,POWER,expert_scope,148,VOC,reported_total,expert_led_workbook,1.3638339,1.3638339,NA,NA,NA,NA,NA,NA,NA,NA,NA,
SRC-RAW-C71F12B07C038096CD8C,SRC-RAW-C71F12B07C038096CD8C,POWER,expert_scope,148,PM10,reported_total,expert_led_workbook,1.3638339,1.3638339,NA,NA,NA,NA,NA,NA,NA,NA,NA,
SRC-RAW-C71F12B07C038096CD8C,SRC-RAW-C71F12B07C038096CD8C,POWER,expert_scope,148,PM2.5,reported_total,expert_led_workbook,0.0,0.0,NA,NA,NA,NA,NA,NA,NA,NA,NA,
SRC-RAW-C71F12B07C038096CD8C,SRC-RAW-C71F12B07C038096CD8C,POWER,expert_scope,148,BC,reported_total,expert_led_workbook,0.0,0.0,NA,NA,NA,NA,NA,NA,NA,NA,NA,
SRC-RAW-C71F12B07C038096CD8C,SRC-RAW-C71F12B07C038096CD8C,POWER,expert_scope,148,OC,reported_total,expert_led_workbook,0.9092226000000001,0.9092226000000001,NA,NA,NA,NA,NA,NA,NA,NA,NA,
SRC-RAW-C71F12B07C038096CD8C,SRC-RAW-C71F12B07C038096CD8C,POWER,expert_scope,148,NH3,reported_total,expert_led_workbook,0.0,0.0,NA,NA,NA,NA,NA,NA,NA,NA,NA,
SRC-RAW-3EAA65F4151F396ECE93,SRC-RAW-3EAA65F4151F396ECE93,POWER,expert_scope,149,SO2,reported_total,expert_led_workbook,3286.3512949999995,30.56306704350028,NA,NA,NA,NA,NA,NA,NA,NA,NA,
SRC-RAW-3EAA65F4151F396ECE93,SRC-RAW-3EAA65F4151F396ECE93,POWER,expert_scope,149,NOx,reported_total,expert_led_workbook,2280.0999194999995,387.616986315,NA,NA,NA,NA,NA,NA,NA,NA,NA,
SRC-RAW-3EAA65F4151F396ECE93,SRC-RAW-3EAA65F4151F396ECE93,POWER,expert_scope,149,CO,reported_total,expert_led_workbook,2209.9316,2209.9316,NA,NA,NA,NA,NA,NA,NA,NA,NA,
SRC-RAW-3EAA65F4151F396ECE93,SRC-RAW-3EAA65F4151F396ECE93,POWER,expert_scope,149,VOC,reported_total,expert_led_workbook,1570.5630267300003,9.423378160379835,NA,NA,NA,NA,NA,NA,NA,NA,NA,
SRC-RAW-3EAA65F4151F396ECE93,SRC-RAW-3EAA65F4151F396ECE93,POWER,expert_scope,149,PM10,reported_total,expert_led_workbook,476.6066481000001,8.10231301770001,NA,NA,NA,NA,NA,NA,NA,NA,NA,
SRC-RAW-3EAA65F4151F396ECE93,SRC-RAW-3EAA65F4151F396ECE93,POWER,expert_scope,149,PM2.5,reported_total,expert_led_workbook,1.0257720162000001,0.017438124275400018,NA,NA,NA,NA,NA,NA,NA,NA,NA,
SRC-RAW-3EAA65F4151F396ECE93,SRC-RAW-3EAA65F4151F396ECE93,POWER,expert_scope,149,BC,reported_total,expert_led_workbook,0.0936,0.0015912000000000014,NA,NA,NA,NA,NA,NA,NA,NA,NA,
SRC-RAW-3EAA65F4151F396ECE93,SRC-RAW-3EAA65F4151F396ECE93,POWER,expert_scope,149,OC,reported_total,expert_led_workbook,11.399721999999999,11.399721999999999,NA,NA,NA,NA,NA,NA,NA,NA,NA,
SRC-RAW-3EAA65F4151F396ECE93,SRC-RAW-3EAA65F4151F396ECE93,POWER,expert_scope,149,NH3,reported_total,expert_led_workbook,0.0,0.0,NA,NA,NA,NA,NA,NA,NA,NA,NA,
SRC-RAW-DC1B331082AF86DC7047,SRC-RAW-DC1B331082AF86DC7047,POWER,expert_scope,150,SO2,reported_total,expert_led_workbook,5610.2049048,52.17490561464048,NA,NA,NA,NA,NA,NA,NA,NA,NA,
SRC-RAW-DC1B331082AF86DC7047,SRC-RAW-DC1B331082AF86DC7047,POWER,expert_scope,150,NOx,reported_total,expert_led_workbook,3996.2516402,679.3627788340002,NA,NA,NA,NA,NA,NA,NA,NA,NA,
SRC-RAW-DC1B331082AF86DC7047,SRC-RAW-DC1B331082AF86DC7047,POWER,expert_scope,150,CO,reported_total,expert_led_workbook,3883.2070400000002,3883.2070400000002,NA,NA,NA,NA,NA,NA,NA,NA,NA,
SRC-RAW-DC1B331082AF86DC7047,SRC-RAW-DC1B331082AF86DC7047,POWER,expert_scope,150,VOC,reported_total,expert_led_workbook,2701.627120004001,16.209762720023722,NA,NA,NA,NA,NA,NA,NA,NA,NA,
SRC-RAW-DC1B331082AF86DC7047,SRC-RAW-DC1B331082AF86DC7047,POWER,expert_scope,150,PM10,reported_total,expert_led_workbook,819.4736678800002,13.931052353960016,NA,NA,NA,NA,NA,NA,NA,NA,NA,
SRC-RAW-DC1B331082AF86DC7047,SRC-RAW-DC1B331082AF86DC7047,POWER,expert_scope,150,PM2.5,reported_total,expert_led_workbook,1.7243743757600005,0.029314364387920035,NA,NA,NA,NA,NA,NA,NA,NA,NA,
SRC-RAW-DC1B331082AF86DC7047,SRC-RAW-DC1B331082AF86DC7047,POWER,expert_scope,150,BC,reported_total,expert_led_workbook,0.1102,0.0018734000000000018,NA,NA,NA,NA,NA,NA,NA,NA,NA,
SRC-RAW-DC1B331082AF86DC7047,SRC-RAW-DC1B331082AF86DC7047,POWER,expert_scope,150,OC,reported_total,expert_led_workbook,19.8281832,19.8281832,NA,NA,NA,NA,NA,NA,NA,NA,NA,
SRC-RAW-DC1B331082AF86DC7047,SRC-RAW-DC1B331082AF86DC7047,POWER,expert_scope,150,NH3,reported_total,expert_led_workbook,0.0,0.0,NA,NA,NA,NA,NA,NA,NA,NA,NA,
SRC-RAW-A39EE44DA4D0B77CDE6B,SRC-RAW-A39EE44DA4D0B77CDE6B,POWER,expert_scope,151,SO2,reported_total,expert_led_workbook,923.1132600000001,58.248446706000045,NA,NA,NA,NA,NA,NA,NA,NA,NA,
SRC-RAW-A39EE44DA4D0B77CDE6B,SRC-RAW-A39EE44DA4D0B77CDE6B,POWER,expert_scope,151,NOx,reported_total,expert_led_workbook,600.6604800000001,150.16512000000003,NA,NA,NA,NA,NA,NA,NA,NA,NA,
SRC-RAW-A39EE44DA4D0B77CDE6B,SRC-RAW-A39EE44DA4D0B77CDE6B,POWER,expert_scope,151,CO,reported_total,expert_led_workbook,134.076,134.076,NA,NA,NA,NA,NA,NA,NA,NA,NA,
SRC-RAW-A39EE44DA4D0B77CDE6B,SRC-RAW-A39EE44DA4D0B77CDE6B,POWER,expert_scope,151,VOC,reported_total,expert_led_workbook,2500.1486910000003,15.000892145999737,NA,NA,NA,NA,NA,NA,NA,NA,NA,
SRC-RAW-A39EE44DA4D0B77CDE6B,SRC-RAW-A39EE44DA4D0B77CDE6B,POWER,expert_scope,151,PM10,reported_total,expert_led_workbook,652.212702,11.087615934000011,NA,NA,NA,NA,NA,NA,NA,NA,NA,
SRC-RAW-A39EE44DA4D0B77CDE6B,SRC-RAW-A39EE44DA4D0B77CDE6B,POWER,expert_scope,151,PM2.5,reported_total,expert_led_workbook,1.304425404,0.02217523186800002,NA,NA,NA,NA,NA,NA,NA,NA,NA,
SRC-RAW-A39EE44DA4D0B77CDE6B,SRC-RAW-A39EE44DA4D0B77CDE6B,POWER,expert_scope,151,BC,reported_total,expert_led_workbook,0.0,0.0,NA,NA,NA,NA,NA,NA,NA,NA,NA,
SRC-RAW-A39EE44DA4D0B77CDE6B,SRC-RAW-A39EE44DA4D0B77CDE6B,POWER,expert_scope,151,OC,reported_total,expert_led_workbook,2.68152,2.68152,NA,NA,NA,NA,NA,NA,NA,NA,NA,
SRC-RAW-A39EE44DA4D0B77CDE6B,SRC-RAW-A39EE44DA4D0B77CDE6B,POWER,expert_scope,151,NH3,reported_total,expert_led_workbook,0.0,0.0,NA,NA,NA,NA,NA,NA,NA,NA,NA,
SRC-RAW-08ED845850C20B09F0BA,SRC-RAW-08ED845850C20B09F0BA,POWER,expert_scope,152,SO2,reported_total,expert_led_workbook,7994.78244,504.47077196400033,NA,NA,NA,NA,NA,NA,NA,NA,NA,
SRC-RAW-08ED845850C20B09F0BA,SRC-RAW-08ED845850C20B09F0BA,POWER,expert_scope,152,NOx,reported_total,expert_led_workbook,5076.77184,1269.19296,NA,NA,NA,NA,NA,NA,NA,NA,NA,
SRC-RAW-08ED845850C20B09F0BA,SRC-RAW-08ED845850C20B09F0BA,POWER,expert_scope,152,CO,reported_total,expert_led_workbook,1133.208,1133.208,NA,NA,NA,NA,NA,NA,NA,NA,NA,
SRC-RAW-08ED845850C20B09F0BA,SRC-RAW-08ED845850C20B09F0BA,POWER,expert_scope,152,VOC,reported_total,expert_led_workbook,21043.247607000005,126.2594856419978,NA,NA,NA,NA,NA,NA,NA,NA,NA,
SRC-RAW-08ED845850C20B09F0BA,SRC-RAW-08ED845850C20B09F0BA,POWER,expert_scope,152,PM10,reported_total,expert_led_workbook,5489.542854,93.32222851800009,NA,NA,NA,NA,NA,NA,NA,NA,NA,
SRC-RAW-08ED845850C20B09F0BA,SRC-RAW-08ED845850C20B09F0BA,POWER,expert_scope,152,PM2.5,reported_total,expert_led_workbook,10.979085708000001,0.1866444570360002,NA,NA,NA,NA,NA,NA,NA,NA,NA,
SRC-RAW-08ED845850C20B09F0BA,SRC-RAW-08ED845850C20B09F0BA,POWER,expert_scope,152,BC,reported_total,expert_led_workbook,0.0,0.0,NA,NA,NA,NA,NA,NA,NA,NA,NA,
SRC-RAW-08ED845850C20B09F0BA,SRC-RAW-08ED845850C20B09F0BA,POWER,expert_scope,152,OC,reported_total,expert_led_workbook,22.66416,22.66416,NA,NA,NA,NA,NA,NA,NA,NA,NA,
SRC-RAW-08ED845850C20B09F0BA,SRC-RAW-08ED845850C20B09F0BA,POWER,expert_scope,152,NH3,reported_total,expert_led_workbook,0.0,0.0,NA,NA,NA,NA,NA,NA,NA,NA,NA,
SRC-RAW-7B1B93A760DD2B1DB0F8,SRC-RAW-7B1B93A760DD2B1DB0F8,POWER,expert_scope,153,SO2,reported_total,expert_led_workbook,1782.03333,112.44630312300008,NA,NA,NA,NA,NA,NA,NA,NA,NA,
SRC-RAW-7B1B93A760DD2B1DB0F8,SRC-RAW-7B1B93A760DD2B1DB0F8,POWER,expert_scope,153,NOx,reported_total,expert_led_workbook,1361.21216,340.30304,NA,NA,NA,NA,NA,NA,NA,NA,NA,
SRC-RAW-7B1B93A760DD2B1DB0F8,SRC-RAW-7B1B93A760DD2B1DB0F8,POWER,expert_scope,153,CO,reported_total,expert_led_workbook,303.842,303.842,NA,NA,NA,NA,NA,NA,NA,NA,NA,
SRC-RAW-7B1B93A760DD2B1DB0F8,SRC-RAW-7B1B93A760DD2B1DB0F8,POWER,expert_scope,153,VOC,reported_total,expert_led_workbook,4611.19126776,27.667147606559514,NA,NA,NA,NA,NA,NA,NA,NA,NA,
SRC-RAW-7B1B93A760DD2B1DB0F8,SRC-RAW-7B1B93A760DD2B1DB0F8,POWER,expert_scope,153,PM10,reported_total,expert_led_workbook,1113.0461680800004,18.921784857360024,NA,NA,NA,NA,NA,NA,NA,NA,NA,
SRC-RAW-7B1B93A760DD2B1DB0F8,SRC-RAW-7B1B93A760DD2B1DB0F8,POWER,expert_scope,153,PM2.5,reported_total,expert_led_workbook,2.2260923361600007,0.03784356971472005,NA,NA,NA,NA,NA,NA,NA,NA,NA,
SRC-RAW-7B1B93A760DD2B1DB0F8,SRC-RAW-7B1B93A760DD2B1DB0F8,POWER,expert_scope,153,BC,reported_total,expert_led_workbook,0.0,0.0,NA,NA,NA,NA,NA,NA,NA,NA,NA,
SRC-RAW-7B1B93A760DD2B1DB0F8,SRC-RAW-7B1B93A760DD2B1DB0F8,POWER,expert_scope,153,OC,reported_total,expert_led_workbook,6.07684,6.07684,NA,NA,NA,NA,NA,NA,NA,NA,NA,
SRC-RAW-7B1B93A760DD2B1DB0F8,SRC-RAW-7B1B93A760DD2B1DB0F8,POWER,expert_scope,153,NH3,reported_total,expert_led_workbook,0.0,0.0,NA,NA,NA,NA,NA,NA,NA,NA,NA,
SRC-RAW-2FB8FC20271C9C66798A,SRC-RAW-2FB8FC20271C9C66798A,POWER,expert_scope,154,SO2,reported_total,expert_led_workbook,1590.96336,100.38978801600007,NA,NA,NA,NA,NA,NA,NA,NA,NA,
SRC-RAW-2FB8FC20271C9C66798A,SRC-RAW-2FB8FC20271C9C66798A,POWER,expert_scope,154,NOx,reported_total,expert_led_workbook,1215.2627200000002,303.81568000000004,NA,NA,NA,NA,NA,NA,NA,NA,NA,
SRC-RAW-2FB8FC20271C9C66798A,SRC-RAW-2FB8FC20271C9C66798A,POWER,expert_scope,154,CO,reported_total,expert_led_workbook,271.264,271.264,NA,NA,NA,NA,NA,NA,NA,NA,NA,
SRC-RAW-2FB8FC20271C9C66798A,SRC-RAW-2FB8FC20271C9C66798A,POWER,expert_scope,154,VOC,reported_total,expert_led_workbook,4116.778417920001,24.70067050751957,NA,NA,NA,NA,NA,NA,NA,NA,NA,
SRC-RAW-2FB8FC20271C9C66798A,SRC-RAW-2FB8FC20271C9C66798A,POWER,expert_scope,154,PM10,reported_total,expert_led_workbook,993.7051353600003,16.89298730112002,NA,NA,NA,NA,NA,NA,NA,NA,NA,
SRC-RAW-2FB8FC20271C9C66798A,SRC-RAW-2FB8FC20271C9C66798A,POWER,expert_scope,154,PM2.5,reported_total,expert_led_workbook,1.9874102707200008,0.033785974602240046,NA,NA,NA,NA,NA,NA,NA,NA,NA,
SRC-RAW-2FB8FC20271C9C66798A,SRC-RAW-2FB8FC20271C9C66798A,POWER,expert_scope,154,BC,reported_total,expert_led_workbook,0.0,0.0,NA,NA,NA,NA,NA,NA,NA,NA,NA,
SRC-RAW-2FB8FC20271C9C66798A,SRC-RAW-2FB8FC20271C9C66798A,POWER,expert_scope,154,OC,reported_total,expert_led_workbook,5.42528,5.42528,NA,NA,NA,NA,NA,NA,NA,NA,NA,
SRC-RAW-2FB8FC20271C9C66798A,SRC-RAW-2FB8FC20271C9C66798A,POWER,expert_scope,154,NH3,reported_total,expert_led_workbook,0.0,0.0,NA,NA,NA,NA,NA,NA,NA,NA,NA,
SRC-RAW-6EAB6262167FA0E8D39E,SRC-RAW-6EAB6262167FA0E8D39E,POWER,expert_scope,155,SO2,reported_total,expert_led_workbook,1942.6109508,40.79482996679982,NA,NA,NA,NA,NA,NA,NA,NA,NA,
SRC-RAW-6EAB6262167FA0E8D39E,SRC-RAW-6EAB6262167FA0E8D39E,POWER,expert_scope,155,NOx,reported_total,expert_led_workbook,2288.5988489,389.0618043130001,NA,NA,NA,NA,NA,NA,NA,NA,NA,
SRC-RAW-6EAB6262167FA0E8D39E,SRC-RAW-6EAB6262167FA0E8D39E,POWER,expert_scope,155,CO,reported_total,expert_led_workbook,634.84018,634.84018,NA,NA,NA,NA,NA,NA,NA,NA,NA,
SRC-RAW-6EAB6262167FA0E8D39E,SRC-RAW-6EAB6262167FA0E8D39E,POWER,expert_scope,155,VOC,reported_total,expert_led_workbook,4051.867448850001,24.311204693099576,NA,NA,NA,NA,NA,NA,NA,NA,NA,
SRC-RAW-6EAB6262167FA0E8D39E,SRC-RAW-6EAB6262167FA0E8D39E,POWER,expert_scope,155,PM10,reported_total,expert_led_workbook,1057.0088997000003,17.96915129490002,NA,NA,NA,NA,NA,NA,NA,NA,NA,
SRC-RAW-6EAB6262167FA0E8D39E,SRC-RAW-6EAB6262167FA0E8D39E,POWER,expert_scope,155,PM2.5,reported_total,expert_led_workbook,2.1140177994000005,0.03593830258980004,NA,NA,NA,NA,NA,NA,NA,NA,NA,
SRC-RAW-6EAB6262167FA0E8D39E,SRC-RAW-6EAB6262167FA0E8D39E,POWER,expert_scope,155,BC,reported_total,expert_led_workbook,0.0,0.0,NA,NA,NA,NA,NA,NA,NA,NA,NA,
SRC-RAW-6EAB6262167FA0E8D39E,SRC-RAW-6EAB6262167FA0E8D39E,POWER,expert_scope,155,OC,reported_total,expert_led_workbook,12.6968036,12.6968036,NA,NA,NA,NA,NA,NA,NA,NA,NA,
SRC-RAW-6EAB6262167FA0E8D39E,SRC-RAW-6EAB6262167FA0E8D39E,POWER,expert_scope,155,NH3,reported_total,expert_led_workbook,0.0,0.0,NA,NA,NA,NA,NA,NA,NA,NA,NA,
SRC-RAW-094CC43E62D48F0DFC4D,SRC-RAW-094CC43E62D48F0DFC4D,POWER,expert_scope,156,SO2,reported_total,expert_led_workbook,3334.2631998,70.0195271957997,NA,NA,NA,NA,NA,NA,NA,NA,NA,
SRC-RAW-094CC43E62D48F0DFC4D,SRC-RAW-094CC43E62D48F0DFC4D,POWER,expert_scope,156,NOx,reported_total,expert_led_workbook,3625.9483666,616.4112223220002,NA,NA,NA,NA,NA,NA,NA,NA,NA,
SRC-RAW-094CC43E62D48F0DFC4D,SRC-RAW-094CC43E62D48F0DFC4D,POWER,expert_scope,156,CO,reported_total,expert_led_workbook,1005.81092,1005.81092,NA,NA,NA,NA,NA,NA,NA,NA,NA,
SRC-RAW-094CC43E62D48F0DFC4D,SRC-RAW-094CC43E62D48F0DFC4D,POWER,expert_scope,156,VOC,reported_total,expert_led_workbook,6723.217368375001,40.339304210249296,NA,NA,NA,NA,NA,NA,NA,NA,NA,
SRC-RAW-094CC43E62D48F0DFC4D,SRC-RAW-094CC43E62D48F0DFC4D,POWER,expert_scope,156,PM10,reported_total,expert_led_workbook,1753.88279175,29.816007459750026,NA,NA,NA,NA,NA,NA,NA,NA,NA,
SRC-RAW-094CC43E62D48F0DFC4D,SRC-RAW-094CC43E62D48F0DFC4D,POWER,expert_scope,156,PM2.5,reported_total,expert_led_workbook,3.5077655835000003,0.059632014919500057,NA,NA,NA,NA,NA,NA,NA,NA,NA,
SRC-RAW-094CC43E62D48F0DFC4D,SRC-RAW-094CC43E62D48F0DFC4D,POWER,expert_scope,156,BC,reported_total,expert_led_workbook,0.0,0.0,NA,NA,NA,NA,NA,NA,NA,NA,NA,
SRC-RAW-094CC43E62D48F0DFC4D,SRC-RAW-094CC43E62D48F0DFC4D,POWER,expert_scope,156,OC,reported_total,expert_led_workbook,20.1162184,20.1162184,NA,NA,NA,NA,NA,NA,NA,NA,NA,
SRC-RAW-094CC43E62D48F0DFC4D,SRC-RAW-094CC43E62D48F0DFC4D,POWER,expert_scope,156,NH3,reported_total,expert_led_workbook,0.0,0.0,NA,NA,NA,NA,NA,NA,NA,NA,NA,
SRC-RAW-F9615C00FE75079FF915,SRC-RAW-F9615C00FE75079FF915,POWER,expert_scope,157,SO2,reported_total,expert_led_workbook,93.50952,7.013213999999995,NA,NA,NA,NA,NA,NA,NA,NA,NA,
SRC-RAW-F9615C00FE75079FF915,SRC-RAW-F9615C00FE75079FF915,POWER,expert_scope,157,NOx,reported_total,expert_led_workbook,114.61632,34.912131072,NA,NA,NA,NA,NA,NA,NA,NA,NA,
SRC-RAW-F9615C00FE75079FF915,SRC-RAW-F9615C00FE75079FF915,POWER,expert_scope,157,CO,reported_total,expert_led_workbook,102.336,102.336,NA,NA,NA,NA,NA,NA,NA,NA,NA,
SRC-RAW-F9615C00FE75079FF915,SRC-RAW-F9615C00FE75079FF915,POWER,expert_scope,157,VOC,reported_total,expert_led_workbook,110.81070000000003,0.22162140000000025,NA,NA,NA,NA,NA,NA,NA,NA,NA,
SRC-RAW-F9615C00FE75079FF915,SRC-RAW-F9615C00FE75079FF915,POWER,expert_scope,157,PM10,reported_total,expert_led_workbook,33.57900000000001,0.13431600000000016,NA,NA,NA,NA,NA,NA,NA,NA,NA,
SRC-RAW-F9615C00FE75079FF915,SRC-RAW-F9615C00FE75079FF915,POWER,expert_scope,157,PM2.5,reported_total,expert_led_workbook,0.06715800000000002,0.0002686320000000003,NA,NA,NA,NA,NA,NA,NA,NA,NA,
SRC-RAW-F9615C00FE75079FF915,SRC-RAW-F9615C00FE75079FF915,POWER,expert_scope,157,BC,reported_total,expert_led_workbook,0.0,0.0,NA,NA,NA,NA,NA,NA,NA,NA,NA,
SRC-RAW-F9615C00FE75079FF915,SRC-RAW-F9615C00FE75079FF915,POWER,expert_scope,157,OC,reported_total,expert_led_workbook,0.51168,0.51168,NA,NA,NA,NA,NA,NA,NA,NA,NA,
SRC-RAW-F9615C00FE75079FF915,SRC-RAW-F9615C00FE75079FF915,POWER,expert_scope,157,NH3,reported_total,expert_led_workbook,0.0,0.0,NA,NA,NA,NA,NA,NA,NA,NA,NA,
SRC-RAW-855215FBCC155F38DA85,SRC-RAW-855215FBCC155F38DA85,POWER,expert_scope,158,SO2,reported_total,expert_led_workbook,188.01319999999998,14.10098999999999,NA,NA,NA,NA,NA,NA,NA,NA,NA,
SRC-RAW-855215FBCC155F38DA85,SRC-RAW-855215FBCC155F38DA85,POWER,expert_scope,158,NOx,reported_total,expert_led_workbook,230.4512,70.19543551999999,NA,NA,NA,NA,NA,NA,NA,NA,NA,
SRC-RAW-855215FBCC155F38DA85,SRC-RAW-855215FBCC155F38DA85,POWER,expert_scope,158,CO,reported_total,expert_led_workbook,205.76,205.76,NA,NA,NA,NA,NA,NA,NA,NA,NA,
SRC-RAW-855215FBCC155F38DA85,SRC-RAW-855215FBCC155F38DA85,POWER,expert_scope,158,VOC,reported_total,expert_led_workbook,222.79950000000005,0.4455990000000005,NA,NA,NA,NA,NA,NA,NA,NA,NA,
SRC-RAW-855215FBCC155F38DA85,SRC-RAW-855215FBCC155F38DA85,POWER,expert_scope,158,PM10,reported_total,expert_led_workbook,67.51500000000001,0.2700600000000003,NA,NA,NA,NA,NA,NA,NA,NA,NA,
SRC-RAW-855215FBCC155F38DA85,SRC-RAW-855215FBCC155F38DA85,POWER,expert_scope,158,PM2.5,reported_total,expert_led_workbook,0.13503000000000004,0.0005401200000000006,NA,NA,NA,NA,NA,NA,NA,NA,NA,
SRC-RAW-855215FBCC155F38DA85,SRC-RAW-855215FBCC155F38DA85,POWER,expert_scope,158,BC,reported_total,expert_led_workbook,0.0,0.0,NA,NA,NA,NA,NA,NA,NA,NA,NA,
SRC-RAW-855215FBCC155F38DA85,SRC-RAW-855215FBCC155F38DA85,POWER,expert_scope,158,OC,reported_total,expert_led_workbook,1.0288,1.0288,NA,NA,NA,NA,NA,NA,NA,NA,NA,
SRC-RAW-855215FBCC155F38DA85,SRC-RAW-855215FBCC155F38DA85,POWER,expert_scope,158,NH3,reported_total,expert_led_workbook,0.0,0.0,NA,NA,NA,NA,NA,NA,NA,NA,NA,
SRC-RAW-3EDB0FC0FE02A5601117,SRC-RAW-3EDB0FC0FE02A5601117,POWER,expert_scope,159,SO2,reported_total,expert_led_workbook,94.35748,7.076810999999996,NA,NA,NA,NA,NA,NA,NA,NA,NA,
SRC-RAW-3EDB0FC0FE02A5601117,SRC-RAW-3EDB0FC0FE02A5601117,POWER,expert_scope,159,NOx,reported_total,expert_led_workbook,115.65568,35.228720128,NA,NA,NA,NA,NA,NA,NA,NA,NA,
SRC-RAW-3EDB0FC0FE02A5601117,SRC-RAW-3EDB0FC0FE02A5601117,POWER,expert_scope,159,CO,reported_total,expert_led_workbook,103.264,103.264,NA,NA,NA,NA,NA,NA,NA,NA,NA,
SRC-RAW-3EDB0FC0FE02A5601117,SRC-RAW-3EDB0FC0FE02A5601117,POWER,expert_scope,159,VOC,reported_total,expert_led_workbook,111.81555000000003,0.22363110000000025,NA,NA,NA,NA,NA,NA,NA,NA,NA,
SRC-RAW-3EDB0FC0FE02A5601117,SRC-RAW-3EDB0FC0FE02A5601117,POWER,expert_scope,159,PM10,reported_total,expert_led_workbook,33.883500000000005,0.13553400000000015,NA,NA,NA,NA,NA,NA,NA,NA,NA,
SRC-RAW-3EDB0FC0FE02A5601117,SRC-RAW-3EDB0FC0FE02A5601117,POWER,expert_scope,159,PM2.5,reported_total,expert_led_workbook,0.06776700000000001,0.0002710680000000003,NA,NA,NA,NA,NA,NA,NA,NA,NA,
SRC-RAW-3EDB0FC0FE02A5601117,SRC-RAW-3EDB0FC0FE02A5601117,POWER,expert_scope,159,BC,reported_total,expert_led_workbook,0.0,0.0,NA,NA,NA,NA,NA,NA,NA,NA,NA,
SRC-RAW-3EDB0FC0FE02A5601117,SRC-RAW-3EDB0FC0FE02A5601117,POWER,expert_scope,159,OC,reported_total,expert_led_workbook,0.51632,0.51632,NA,NA,NA,NA,NA,NA,NA,NA,NA,
SRC-RAW-3EDB0FC0FE02A5601117,SRC-RAW-3EDB0FC0FE02A5601117,POWER,expert_scope,159,NH3,reported_total,expert_led_workbook,0.0,0.0,NA,NA,NA,NA,NA,NA,NA,NA,NA,
SRC-RAW-6EB538B0C207F12771FD,SRC-RAW-6EB538B0C207F12771FD,POWER,expert_scope,160,SO2,reported_total,expert_led_workbook,94.1528,7.061459999999996,NA,NA,NA,NA,NA,NA,NA,NA,NA,
SRC-RAW-6EB538B0C207F12771FD,SRC-RAW-6EB538B0C207F12771FD,POWER,expert_scope,160,NOx,reported_total,expert_led_workbook,115.40480000000002,35.152302080000005,NA,NA,NA,NA,NA,NA,NA,NA,NA,
SRC-RAW-6EB538B0C207F12771FD,SRC-RAW-6EB538B0C207F12771FD,POWER,expert_scope,160,CO,reported_total,expert_led_workbook,103.04,103.04,NA,NA,NA,NA,NA,NA,NA,NA,NA,
SRC-RAW-6EB538B0C207F12771FD,SRC-RAW-6EB538B0C207F12771FD,POWER,expert_scope,160,VOC,reported_total,expert_led_workbook,111.57300000000002,0.22314600000000023,NA,NA,NA,NA,NA,NA,NA,NA,NA,
SRC-RAW-6EB538B0C207F12771FD,SRC-RAW-6EB538B0C207F12771FD,POWER,expert_scope,160,PM10,reported_total,expert_led_workbook,33.81000000000001,0.13524000000000017,NA,NA,NA,NA,NA,NA,NA,NA,NA,
SRC-RAW-6EB538B0C207F12771FD,SRC-RAW-6EB538B0C207F12771FD,POWER,expert_scope,160,PM2.5,reported_total,expert_led_workbook,0.06762000000000001,0.0002704800000000003,NA,NA,NA,NA,NA,NA,NA,NA,NA,
SRC-RAW-6EB538B0C207F12771FD,SRC-RAW-6EB538B0C207F12771FD,POWER,expert_scope,160,BC,reported_total,expert_led_workbook,0.0,0.0,NA,NA,NA,NA,NA,NA,NA,NA,NA,
SRC-RAW-6EB538B0C207F12771FD,SRC-RAW-6EB538B0C207F12771FD,POWER,expert_scope,160,OC,reported_total,expert_led_workbook,0.5152,0.5152,NA,NA,NA,NA,NA,NA,NA,NA,NA,
SRC-RAW-6EB538B0C207F12771FD,SRC-RAW-6EB538B0C207F12771FD,POWER,expert_scope,160,NH3,reported_total,expert_led_workbook,0.0,0.0,NA,NA,NA,NA,NA,NA,NA,NA,NA,
SRC-RAW-CF48B4A805DD1F6C2DDB,SRC-RAW-CF48B4A805DD1F6C2DDB,POWER,expert_scope,161,SO2,reported_total,expert_led_workbook,4.782348,4.782348,NA,NA,NA,NA,NA,NA,NA,NA,NA,
SRC-RAW-CF48B4A805DD1F6C2DDB,SRC-RAW-CF48B4A805DD1F6C2DDB,POWER,expert_scope,161,NOx,reported_total,expert_led_workbook,163.39688999999996,34.434724177802394,NA,NA,NA,NA,NA,NA,NA,NA,NA,
SRC-RAW-CF48B4A805DD1F6C2DDB,SRC-RAW-CF48B4A805DD1F6C2DDB,POWER,expert_scope,161,CO,reported_total,expert_led_workbook,51.80877000000001,51.80877000000001,NA,NA,NA,NA,NA,NA,NA,NA,NA,
SRC-RAW-CF48B4A805DD1F6C2DDB,SRC-RAW-CF48B4A805DD1F6C2DDB,POWER,expert_scope,161,VOC,reported_total,expert_led_workbook,1.1955869999999997,1.1955869999999997,NA,NA,NA,NA,NA,NA,NA,NA,NA,
SRC-RAW-CF48B4A805DD1F6C2DDB,SRC-RAW-CF48B4A805DD1F6C2DDB,POWER,expert_scope,161,PM10,reported_total,expert_led_workbook,1.1955869999999997,1.1955869999999997,NA,NA,NA,NA,NA,NA,NA,NA,NA,
SRC-RAW-CF48B4A805DD1F6C2DDB,SRC-RAW-CF48B4A805DD1F6C2DDB,POWER,expert_scope,161,PM2.5,reported_total,expert_led_workbook,0.0,0.0,NA,NA,NA,NA,NA,NA,NA,NA,NA,
SRC-RAW-CF48B4A805DD1F6C2DDB,SRC-RAW-CF48B4A805DD1F6C2DDB,POWER,expert_scope,161,BC,reported_total,expert_led_workbook,0.0,0.0,NA,NA,NA,NA,NA,NA,NA,NA,NA,
SRC-RAW-CF48B4A805DD1F6C2DDB,SRC-RAW-CF48B4A805DD1F6C2DDB,POWER,expert_scope,161,OC,reported_total,expert_led_workbook,0.797058,0.797058,NA,NA,NA,NA,NA,NA,NA,NA,NA,
SRC-RAW-CF48B4A805DD1F6C2DDB,SRC-RAW-CF48B4A805DD1F6C2DDB,POWER,expert_scope,161,NH3,reported_total,expert_led_workbook,0.0,0.0,NA,NA,NA,NA,NA,NA,NA,NA,NA,
SRC-RAW-15CBEFD7AD93B4A83536,SRC-RAW-15CBEFD7AD93B4A83536,POWER,expert_scope,162,SO2,reported_total,expert_led_workbook,5.4725592,5.4725592,NA,NA,NA,NA,NA,NA,NA,NA,NA,
SRC-RAW-15CBEFD7AD93B4A83536,SRC-RAW-15CBEFD7AD93B4A83536,POWER,expert_scope,162,NOx,reported_total,expert_led_workbook,186.979106,68.50815281030086,NA,NA,NA,NA,NA,NA,NA,NA,NA,
SRC-RAW-15CBEFD7AD93B4A83536,SRC-RAW-15CBEFD7AD93B4A83536,POWER,expert_scope,162,CO,reported_total,expert_led_workbook,59.286058,59.286058,NA,NA,NA,NA,NA,NA,NA,NA,NA,
SRC-RAW-15CBEFD7AD93B4A83536,SRC-RAW-15CBEFD7AD93B4A83536,POWER,expert_scope,162,VOC,reported_total,expert_led_workbook,1.3681398,1.3681398,NA,NA,NA,NA,NA,NA,NA,NA,NA,
SRC-RAW-15CBEFD7AD93B4A83536,SRC-RAW-15CBEFD7AD93B4A83536,POWER,expert_scope,162,PM10,reported_total,expert_led_workbook,1.3681398,1.3681398,NA,NA,NA,NA,NA,NA,NA,NA,NA,
SRC-RAW-15CBEFD7AD93B4A83536,SRC-RAW-15CBEFD7AD93B4A83536,POWER,expert_scope,162,PM2.5,reported_total,expert_led_workbook,0.0,0.0,NA,NA,NA,NA,NA,NA,NA,NA,NA,
SRC-RAW-15CBEFD7AD93B4A83536,SRC-RAW-15CBEFD7AD93B4A83536,POWER,expert_scope,162,BC,reported_total,expert_led_workbook,0.0,0.0,NA,NA,NA,NA,NA,NA,NA,NA,NA,
SRC-RAW-15CBEFD7AD93B4A83536,SRC-RAW-15CBEFD7AD93B4A83536,POWER,expert_scope,162,OC,reported_total,expert_led_workbook,0.9120932,0.9120932,NA,NA,NA,NA,NA,NA,NA,NA,NA,
SRC-RAW-15CBEFD7AD93B4A83536,SRC-RAW-15CBEFD7AD93B4A83536,POWER,expert_scope,162,NH3,reported_total,expert_led_workbook,0.0,0.0,NA,NA,NA,NA,NA,NA,NA,NA,NA,
SRC-RAW-F06C35084B483B2C61DA,SRC-RAW-F06C35084B483B2C61DA,POWER,expert_scope,163,SO2,reported_total,expert_led_workbook,4.0271832,4.0271832,NA,NA,NA,NA,NA,NA,NA,NA,NA,
SRC-RAW-F06C35084B483B2C61DA,SRC-RAW-F06C35084B483B2C61DA,POWER,expert_scope,163,NOx,reported_total,expert_led_workbook,137.595426,37.38690033928138,NA,NA,NA,NA,NA,NA,NA,NA,NA,
SRC-RAW-F06C35084B483B2C61DA,SRC-RAW-F06C35084B483B2C61DA,POWER,expert_scope,163,CO,reported_total,expert_led_workbook,43.627818,43.627818,NA,NA,NA,NA,NA,NA,NA,NA,NA,
SRC-RAW-F06C35084B483B2C61DA,SRC-RAW-F06C35084B483B2C61DA,POWER,expert_scope,163,VOC,reported_total,expert_led_workbook,1.0067958,1.0067958,NA,NA,NA,NA,NA,NA,NA,NA,NA,
SRC-RAW-F06C35084B483B2C61DA,SRC-RAW-F06C35084B483B2C61DA,POWER,expert_scope,163,PM10,reported_total,expert_led_workbook,1.0067958,1.0067958,NA,NA,NA,NA,NA,NA,NA,NA,NA,
SRC-RAW-F06C35084B483B2C61DA,SRC-RAW-F06C35084B483B2C61DA,POWER,expert_scope,163,PM2.5,reported_total,expert_led_workbook,0.0,0.0,NA,NA,NA,NA,NA,NA,NA,NA,NA,
SRC-RAW-F06C35084B483B2C61DA,SRC-RAW-F06C35084B483B2C61DA,POWER,expert_scope,163,BC,reported_total,expert_led_workbook,0.0,0.0,NA,NA,NA,NA,NA,NA,NA,NA,NA,
SRC-RAW-F06C35084B483B2C61DA,SRC-RAW-F06C35084B483B2C61DA,POWER,expert_scope,163,OC,reported_total,expert_led_workbook,0.6711971999999999,0.6711971999999999,NA,NA,NA,NA,NA,NA,NA,NA,NA,
SRC-RAW-F06C35084B483B2C61DA,SRC-RAW-F06C35084B483B2C61DA,POWER,expert_scope,163,NH3,reported_total,expert_led_workbook,0.0,0.0,NA,NA,NA,NA,NA,NA,NA,NA,NA,
SRC-RAW-139C8F4E7E7BCF1E39F8,SRC-RAW-139C8F4E7E7BCF1E39F8,POWER,expert_scope,164,SO2,reported_total,expert_led_workbook,260.228112,36.952391904,NA,NA,NA,NA,NA,NA,NA,NA,NA,
SRC-RAW-139C8F4E7E7BCF1E39F8,SRC-RAW-139C8F4E7E7BCF1E39F8,POWER,expert_scope,164,NOx,reported_total,expert_led_workbook,457.1850752000001,114.29626880000002,NA,NA,NA,NA,NA,NA,NA,NA,NA,
SRC-RAW-139C8F4E7E7BCF1E39F8,SRC-RAW-139C8F4E7E7BCF1E39F8,POWER,expert_scope,164,CO,reported_total,expert_led_workbook,102.05024,102.05024,NA,NA,NA,NA,NA,NA,NA,NA,NA,
SRC-RAW-139C8F4E7E7BCF1E39F8,SRC-RAW-139C8F4E7E7BCF1E39F8,POWER,expert_scope,164,VOC,reported_total,expert_led_workbook,1056.219984,2.112439968000002,NA,NA,NA,NA,NA,NA,NA,NA,NA,
SRC-RAW-139C8F4E7E7BCF1E39F8,SRC-RAW-139C8F4E7E7BCF1E39F8,POWER,expert_scope,164,PM10,reported_total,expert_led_workbook,275.535648,1.102142592000001,NA,NA,NA,NA,NA,NA,NA,NA,NA,
SRC-RAW-139C8F4E7E7BCF1E39F8,SRC-RAW-139C8F4E7E7BCF1E39F8,POWER,expert_scope,164,PM2.5,reported_total,expert_led_workbook,0.5510712959999999,0.0022042851840000017,NA,NA,NA,NA,NA,NA,NA,NA,NA,
SRC-RAW-139C8F4E7E7BCF1E39F8,SRC-RAW-139C8F4E7E7BCF1E39F8,POWER,expert_scope,164,BC,reported_total,expert_led_workbook,0.0,0.0,NA,NA,NA,NA,NA,NA,NA,NA,NA,
SRC-RAW-139C8F4E7E7BCF1E39F8,SRC-RAW-139C8F4E7E7BCF1E39F8,POWER,expert_scope,164,OC,reported_total,expert_led_workbook,2.0410048,2.0410048,NA,NA,NA,NA,NA,NA,NA,NA,NA,
SRC-RAW-139C8F4E7E7BCF1E39F8,SRC-RAW-139C8F4E7E7BCF1E39F8,POWER,expert_scope,164,NH3,reported_total,expert_led_workbook,0.0,0.0,NA,NA,NA,NA,NA,NA,NA,NA,NA,
SRC-RAW-1AF62196C8AA9525EBDE,SRC-RAW-1AF62196C8AA9525EBDE,POWER,expert_scope,165,SO2,reported_total,expert_led_workbook,255.047685,36.21677127,NA,NA,NA,NA,NA,NA,NA,NA,NA,
SRC-RAW-1AF62196C8AA9525EBDE,SRC-RAW-1AF62196C8AA9525EBDE,POWER,expert_scope,165,NOx,reported_total,expert_led_workbook,448.083776,112.020944,NA,NA,NA,NA,NA,NA,NA,NA,NA,
SRC-RAW-1AF62196C8AA9525EBDE,SRC-RAW-1AF62196C8AA9525EBDE,POWER,expert_scope,165,CO,reported_total,expert_led_workbook,100.0187,100.0187,NA,NA,NA,NA,NA,NA,NA,NA,NA,
SRC-RAW-1AF62196C8AA9525EBDE,SRC-RAW-1AF62196C8AA9525EBDE,POWER,expert_scope,165,VOC,reported_total,expert_led_workbook,1035.1935449999999,2.0703870900000014,NA,NA,NA,NA,NA,NA,NA,NA,NA,
SRC-RAW-1AF62196C8AA9525EBDE,SRC-RAW-1AF62196C8AA9525EBDE,POWER,expert_scope,165,PM10,reported_total,expert_led_workbook,270.05048999999997,1.0802019600000008,NA,NA,NA,NA,NA,NA,NA,NA,NA,
SRC-RAW-1AF62196C8AA9525EBDE,SRC-RAW-1AF62196C8AA9525EBDE,POWER,expert_scope,165,PM2.5,reported_total,expert_led_workbook,0.54010098,0.002160403920000002,NA,NA,NA,NA,NA,NA,NA,NA,NA,
SRC-RAW-1AF62196C8AA9525EBDE,SRC-RAW-1AF62196C8AA9525EBDE,POWER,expert_scope,165,BC,reported_total,expert_led_workbook,0.0,0.0,NA,NA,NA,NA,NA,NA,NA,NA,NA,
SRC-RAW-1AF62196C8AA9525EBDE,SRC-RAW-1AF62196C8AA9525EBDE,POWER,expert_scope,165,OC,reported_total,expert_led_workbook,2.000374,2.000374,NA,NA,NA,NA,NA,NA,NA,NA,NA,
SRC-RAW-1AF62196C8AA9525EBDE,SRC-RAW-1AF62196C8AA9525EBDE,POWER,expert_scope,165,NH3,reported_total,expert_led_workbook,0.0,0.0,NA,NA,NA,NA,NA,NA,NA,NA,NA,
SRC-RAW-AD963A2E98F587C4C005,SRC-RAW-AD963A2E98F587C4C005,POWER,expert_scope,166,SO2,reported_total,expert_led_workbook,132.56386650000002,18.824069043000005,NA,NA,NA,NA,NA,NA,NA,NA,NA,
SRC-RAW-AD963A2E98F587C4C005,SRC-RAW-AD963A2E98F587C4C005,POWER,expert_scope,166,NOx,reported_total,expert_led_workbook,232.89651840000002,58.224129600000005,NA,NA,NA,NA,NA,NA,NA,NA,NA,
SRC-RAW-AD963A2E98F587C4C005,SRC-RAW-AD963A2E98F587C4C005,POWER,expert_scope,166,CO,reported_total,expert_led_workbook,51.98583,51.98583,NA,NA,NA,NA,NA,NA,NA,NA,NA,
SRC-RAW-AD963A2E98F587C4C005,SRC-RAW-AD963A2E98F587C4C005,POWER,expert_scope,166,VOC,reported_total,expert_led_workbook,506.54992752000004,1.013099855040001,NA,NA,NA,NA,NA,NA,NA,NA,NA,
SRC-RAW-AD963A2E98F587C4C005,SRC-RAW-AD963A2E98F587C4C005,POWER,expert_scope,166,PM10,reported_total,expert_led_workbook,122.27067216000002,0.4890826886400005,NA,NA,NA,NA,NA,NA,NA,NA,NA,
SRC-RAW-AD963A2E98F587C4C005,SRC-RAW-AD963A2E98F587C4C005,POWER,expert_scope,166,PM2.5,reported_total,expert_led_workbook,0.24454134432000005,0.000978165377280001,NA,NA,NA,NA,NA,NA,NA,NA,NA,
SRC-RAW-AD963A2E98F587C4C005,SRC-RAW-AD963A2E98F587C4C005,POWER,expert_scope,166,BC,reported_total,expert_led_workbook,0.0,0.0,NA,NA,NA,NA,NA,NA,NA,NA,NA,
SRC-RAW-AD963A2E98F587C4C005,SRC-RAW-AD963A2E98F587C4C005,POWER,expert_scope,166,OC,reported_total,expert_led_workbook,1.0397166,1.0397166,NA,NA,NA,NA,NA,NA,NA,NA,NA,
SRC-RAW-AD963A2E98F587C4C005,SRC-RAW-AD963A2E98F587C4C005,POWER,expert_scope,166,NH3,reported_total,expert_led_workbook,0.0,0.0,NA,NA,NA,NA,NA,NA,NA,NA,NA,
SRC-RAW-A3D7BBC967379E671B7C,SRC-RAW-A3D7BBC967379E671B7C,POWER,expert_scope,167,SO2,reported_total,expert_led_workbook,132.56386650000002,18.824069043000005,NA,NA,NA,NA,NA,NA,NA,NA,NA,
SRC-RAW-A3D7BBC967379E671B7C,SRC-RAW-A3D7BBC967379E671B7C,POWER,expert_scope,167,NOx,reported_total,expert_led_workbook,232.89651840000002,58.224129600000005,NA,NA,NA,NA,NA,NA,NA,NA,NA,
SRC-RAW-A3D7BBC967379E671B7C,SRC-RAW-A3D7BBC967379E671B7C,POWER,expert_scope,167,CO,reported_total,expert_led_workbook,51.98583,51.98583,NA,NA,NA,NA,NA,NA,NA,NA,NA,
SRC-RAW-A3D7BBC967379E671B7C,SRC-RAW-A3D7BBC967379E671B7C,POWER,expert_scope,167,VOC,reported_total,expert_led_workbook,506.54992752000004,1.013099855040001,NA,NA,NA,NA,NA,NA,NA,NA,NA,
SRC-RAW-A3D7BBC967379E671B7C,SRC-RAW-A3D7BBC967379E671B7C,POWER,expert_scope,167,PM10,reported_total,expert_led_workbook,122.27067216000002,0.4890826886400005,NA,NA,NA,NA,NA,NA,NA,NA,NA,
SRC-RAW-A3D7BBC967379E671B7C,SRC-RAW-A3D7BBC967379E671B7C,POWER,expert_scope,167,PM2.5,reported_total,expert_led_workbook,0.24454134432000005,0.000978165377280001,NA,NA,NA,NA,NA,NA,NA,NA,NA,
SRC-RAW-A3D7BBC967379E671B7C,SRC-RAW-A3D7BBC967379E671B7C,POWER,expert_scope,167,BC,reported_total,expert_led_workbook,0.0,0.0,NA,NA,NA,NA,NA,NA,NA,NA,NA,
SRC-RAW-A3D7BBC967379E671B7C,SRC-RAW-A3D7BBC967379E671B7C,POWER,expert_scope,167,OC,reported_total,expert_led_workbook,1.0397166,1.0397166,NA,NA,NA,NA,NA,NA,NA,NA,NA,
SRC-RAW-A3D7BBC967379E671B7C,SRC-RAW-A3D7BBC967379E671B7C,POWER,expert_scope,167,NH3,reported_total,expert_led_workbook,0.0,0.0,NA,NA,NA,NA,NA,NA,NA,NA,NA,
SRC-RAW-13544BB87A2F5434234E,SRC-RAW-13544BB87A2F5434234E,POWER,expert_scope,168,SO2,reported_total,expert_led_workbook,126.46674000000002,25.293347999999998,NA,NA,NA,NA,NA,NA,NA,NA,NA,
SRC-RAW-13544BB87A2F5434234E,SRC-RAW-13544BB87A2F5434234E,POWER,expert_scope,168,NOx,reported_total,expert_led_workbook,180.14976000000001,90.07488000000001,NA,NA,NA,NA,NA,NA,NA,NA,NA,
SRC-RAW-13544BB87A2F5434234E,SRC-RAW-13544BB87A2F5434234E,POWER,expert_scope,168,CO,reported_total,expert_led_workbook,40.212,40.212,NA,NA,NA,NA,NA,NA,NA,NA,NA,
SRC-RAW-13544BB87A2F5434234E,SRC-RAW-13544BB87A2F5434234E,POWER,expert_scope,168,VOC,reported_total,expert_led_workbook,579.24903456,3.475494207359939,NA,NA,NA,NA,NA,NA,NA,NA,NA,
SRC-RAW-13544BB87A2F5434234E,SRC-RAW-13544BB87A2F5434234E,POWER,expert_scope,168,PM10,reported_total,expert_led_workbook,139.81873248000002,2.3769184521600026,NA,NA,NA,NA,NA,NA,NA,NA,NA,
SRC-RAW-13544BB87A2F5434234E,SRC-RAW-13544BB87A2F5434234E,POWER,expert_scope,168,PM2.5,reported_total,expert_led_workbook,0.27963746496,0.004753836904320004,NA,NA,NA,NA,NA,NA,NA,NA,NA,
SRC-RAW-13544BB87A2F5434234E,SRC-RAW-13544BB87A2F5434234E,POWER,expert_scope,168,BC,reported_total,expert_led_workbook,0.0,0.0,NA,NA,NA,NA,NA,NA,NA,NA,NA,
SRC-RAW-13544BB87A2F5434234E,SRC-RAW-13544BB87A2F5434234E,POWER,expert_scope,168,OC,reported_total,expert_led_workbook,0.80424,0.80424,NA,NA,NA,NA,NA,NA,NA,NA,NA,
SRC-RAW-13544BB87A2F5434234E,SRC-RAW-13544BB87A2F5434234E,POWER,expert_scope,168,NH3,reported_total,expert_led_workbook,0.0,0.0,NA,NA,NA,NA,NA,NA,NA,NA,NA,
SRC-RAW-D33F726B8FB41A3785BD,SRC-RAW-D33F726B8FB41A3785BD,POWER,expert_scope,169,SO2,reported_total,expert_led_workbook,63.23337000000001,12.646673999999999,NA,NA,NA,NA,NA,NA,NA,NA,NA,
SRC-RAW-D33F726B8FB41A3785BD,SRC-RAW-D33F726B8FB41A3785BD,POWER,expert_scope,169,NOx,reported_total,expert_led_workbook,90.07488000000001,45.037440000000004,NA,NA,NA,NA,NA,NA,NA,NA,NA,
SRC-RAW-D33F726B8FB41A3785BD,SRC-RAW-D33F726B8FB41A3785BD,POWER,expert_scope,169,CO,reported_total,expert_led_workbook,20.106,20.106,NA,NA,NA,NA,NA,NA,NA,NA,NA,
SRC-RAW-D33F726B8FB41A3785BD,SRC-RAW-D33F726B8FB41A3785BD,POWER,expert_scope,169,VOC,reported_total,expert_led_workbook,289.62451728,1.7377471036799694,NA,NA,NA,NA,NA,NA,NA,NA,NA,
SRC-RAW-D33F726B8FB41A3785BD,SRC-RAW-D33F726B8FB41A3785BD,POWER,expert_scope,169,PM10,reported_total,expert_led_workbook,69.90936624000001,1.1884592260800013,NA,NA,NA,NA,NA,NA,NA,NA,NA,
SRC-RAW-D33F726B8FB41A3785BD,SRC-RAW-D33F726B8FB41A3785BD,POWER,expert_scope,169,PM2.5,reported_total,expert_led_workbook,0.13981873248,0.002376918452160002,NA,NA,NA,NA,NA,NA,NA,NA,NA,
SRC-RAW-D33F726B8FB41A3785BD,SRC-RAW-D33F726B8FB41A3785BD,POWER,expert_scope,169,BC,reported_total,expert_led_workbook,0.0,0.0,NA,NA,NA,NA,NA,NA,NA,NA,NA,
SRC-RAW-D33F726B8FB41A3785BD,SRC-RAW-D33F726B8FB41A3785BD,POWER,expert_scope,169,OC,reported_total,expert_led_workbook,0.40212,0.40212,NA,NA,NA,NA,NA,NA,NA,NA,NA,
SRC-RAW-D33F726B8FB41A3785BD,SRC-RAW-D33F726B8FB41A3785BD,POWER,expert_scope,169,NH3,reported_total,expert_led_workbook,0.0,0.0,NA,NA,NA,NA,NA,NA,NA,NA,NA,
SRC-RAW-6B09B8B9D54AECCD8964,SRC-RAW-6B09B8B9D54AECCD8964,POWER,expert_scope,170,SO2,reported_total,expert_led_workbook,5503.60278,347.27733541800023,NA,NA,NA,NA,NA,NA,NA,NA,NA,
SRC-RAW-6B09B8B9D54AECCD8964,SRC-RAW-6B09B8B9D54AECCD8964,POWER,expert_scope,170,NOx,reported_total,expert_led_workbook,5985.06426,1795.5192780000002,NA,NA,NA,NA,NA,NA,NA,NA,NA,
SRC-RAW-6B09B8B9D54AECCD8964,SRC-RAW-6B09B8B9D54AECCD8964,POWER,expert_scope,170,CO,reported_total,expert_led_workbook,1660.212,1660.212,NA,NA,NA,NA,NA,NA,NA,NA,NA,
SRC-RAW-6B09B8B9D54AECCD8964,SRC-RAW-6B09B8B9D54AECCD8964,POWER,expert_scope,170,VOC,reported_total,expert_led_workbook,8892.302998500001,53.35381799099907,NA,NA,NA,NA,NA,NA,NA,NA,NA,
SRC-RAW-6B09B8B9D54AECCD8964,SRC-RAW-6B09B8B9D54AECCD8964,POWER,expert_scope,170,PM10,reported_total,expert_led_workbook,2319.731217,39.435430689000036,NA,NA,NA,NA,NA,NA,NA,NA,NA,
SRC-RAW-6B09B8B9D54AECCD8964,SRC-RAW-6B09B8B9D54AECCD8964,POWER,expert_scope,170,PM2.5,reported_total,expert_led_workbook,4.639462434,0.07887086137800008,NA,NA,NA,NA,NA,NA,NA,NA,NA,
SRC-RAW-6B09B8B9D54AECCD8964,SRC-RAW-6B09B8B9D54AECCD8964,POWER,expert_scope,170,BC,reported_total,expert_led_workbook,0.0,0.0,NA,NA,NA,NA,NA,NA,NA,NA,NA,
SRC-RAW-6B09B8B9D54AECCD8964,SRC-RAW-6B09B8B9D54AECCD8964,POWER,expert_scope,170,OC,reported_total,expert_led_workbook,33.20424,33.20424,NA,NA,NA,NA,NA,NA,NA,NA,NA,
SRC-RAW-6B09B8B9D54AECCD8964,SRC-RAW-6B09B8B9D54AECCD8964,POWER,expert_scope,170,NH3,reported_total,expert_led_workbook,0.0,0.0,NA,NA,NA,NA,NA,NA,NA,NA,NA,
SRC-RAW-C4CB2C34A6EC14F82F9F,SRC-RAW-C4CB2C34A6EC14F82F9F,POWER,expert_scope,171,SO2,reported_total,expert_led_workbook,4310.66025,272.0026617750002,NA,NA,NA,NA,NA,NA,NA,NA,NA,
SRC-RAW-C4CB2C34A6EC14F82F9F,SRC-RAW-C4CB2C34A6EC14F82F9F,POWER,expert_scope,171,NOx,reported_total,expert_led_workbook,4687.76175,1406.3285250000001,NA,NA,NA,NA,NA,NA,NA,NA,NA,
SRC-RAW-C4CB2C34A6EC14F82F9F,SRC-RAW-C4CB2C34A6EC14F82F9F,POWER,expert_scope,171,CO,reported_total,expert_led_workbook,1300.35,1300.35,NA,NA,NA,NA,NA,NA,NA,NA,NA,
SRC-RAW-C4CB2C34A6EC14F82F9F,SRC-RAW-C4CB2C34A6EC14F82F9F,POWER,expert_scope,171,VOC,reported_total,expert_led_workbook,7020.914737500002,42.12548842499927,NA,NA,NA,NA,NA,NA,NA,NA,NA,
SRC-RAW-C4CB2C34A6EC14F82F9F,SRC-RAW-C4CB2C34A6EC14F82F9F,POWER,expert_scope,171,PM10,reported_total,expert_led_workbook,1831.542975,31.136230575000027,NA,NA,NA,NA,NA,NA,NA,NA,NA,
SRC-RAW-C4CB2C34A6EC14F82F9F,SRC-RAW-C4CB2C34A6EC14F82F9F,POWER,expert_scope,171,PM2.5,reported_total,expert_led_workbook,3.66308595,0.062272461150000055,NA,NA,NA,NA,NA,NA,NA,NA,NA,
SRC-RAW-C4CB2C34A6EC14F82F9F,SRC-RAW-C4CB2C34A6EC14F82F9F,POWER,expert_scope,171,BC,reported_total,expert_led_workbook,0.0,0.0,NA,NA,NA,NA,NA,NA,NA,NA,NA,
SRC-RAW-C4CB2C34A6EC14F82F9F,SRC-RAW-C4CB2C34A6EC14F82F9F,POWER,expert_scope,171,OC,reported_total,expert_led_workbook,26.007,26.007,NA,NA,NA,NA,NA,NA,NA,NA,NA,
SRC-RAW-C4CB2C34A6EC14F82F9F,SRC-RAW-C4CB2C34A6EC14F82F9F,POWER,expert_scope,171,NH3,reported_total,expert_led_workbook,0.0,0.0,NA,NA,NA,NA,NA,NA,NA,NA,NA,
SRC-RAW-7B9EEF67CCA67FB43914,SRC-RAW-7B9EEF67CCA67FB43914,POWER,expert_scope,172,SO2,reported_total,expert_led_workbook,1.1773488,1.1773488,NA,NA,NA,NA,NA,NA,NA,NA,NA,
SRC-RAW-7B9EEF67CCA67FB43914,SRC-RAW-7B9EEF67CCA67FB43914,POWER,expert_scope,172,NOx,reported_total,expert_led_workbook,120.67825199999997,69.99338615999999,NA,NA,NA,NA,NA,NA,NA,NA,NA,
SRC-RAW-7B9EEF67CCA67FB43914,SRC-RAW-7B9EEF67CCA67FB43914,POWER,expert_scope,172,CO,reported_total,expert_led_workbook,38.263836,38.263836,NA,NA,NA,NA,NA,NA,NA,NA,NA,
SRC-RAW-7B9EEF67CCA67FB43914,SRC-RAW-7B9EEF67CCA67FB43914,POWER,expert_scope,172,VOC,reported_total,expert_led_workbook,0.8830116,0.8830116,NA,NA,NA,NA,NA,NA,NA,NA,NA,
SRC-RAW-7B9EEF67CCA67FB43914,SRC-RAW-7B9EEF67CCA67FB43914,POWER,expert_scope,172,PM10,reported_total,expert_led_workbook,0.8830116,0.8830116,NA,NA,NA,NA,NA,NA,NA,NA,NA,
SRC-RAW-7B9EEF67CCA67FB43914,SRC-RAW-7B9EEF67CCA67FB43914,POWER,expert_scope,172,PM2.5,reported_total,expert_led_workbook,0.0,0.0,NA,NA,NA,NA,NA,NA,NA,NA,NA,
SRC-RAW-7B9EEF67CCA67FB43914,SRC-RAW-7B9EEF67CCA67FB43914,POWER,expert_scope,172,BC,reported_total,expert_led_workbook,0.0,0.0,NA,NA,NA,NA,NA,NA,NA,NA,NA,
SRC-RAW-7B9EEF67CCA67FB43914,SRC-RAW-7B9EEF67CCA67FB43914,POWER,expert_scope,172,OC,reported_total,expert_led_workbook,0.5886743999999999,0.5886743999999999,NA,NA,NA,NA,NA,NA,NA,NA,NA,
SRC-RAW-7B9EEF67CCA67FB43914,SRC-RAW-7B9EEF67CCA67FB43914,POWER,expert_scope,172,NH3,reported_total,expert_led_workbook,0.0,0.0,NA,NA,NA,NA,NA,NA,NA,NA,NA,
SRC-RAW-A5FDC89121714361A757,SRC-RAW-A5FDC89121714361A757,POWER,expert_scope,173,SO2,reported_total,expert_led_workbook,1.7401844,1.7401844,NA,NA,NA,NA,NA,NA,NA,NA,NA,
SRC-RAW-A5FDC89121714361A757,SRC-RAW-A5FDC89121714361A757,POWER,expert_scope,173,NOx,reported_total,expert_led_workbook,178.368901,103.45396258000001,NA,NA,NA,NA,NA,NA,NA,NA,NA,
SRC-RAW-A5FDC89121714361A757,SRC-RAW-A5FDC89121714361A757,POWER,expert_scope,173,CO,reported_total,expert_led_workbook,56.55599300000001,56.55599300000001,NA,NA,NA,NA,NA,NA,NA,NA,NA,
SRC-RAW-A5FDC89121714361A757,SRC-RAW-A5FDC89121714361A757,POWER,expert_scope,173,VOC,reported_total,expert_led_workbook,1.3051383,1.3051383,NA,NA,NA,NA,NA,NA,NA,NA,NA,
SRC-RAW-A5FDC89121714361A757,SRC-RAW-A5FDC89121714361A757,POWER,expert_scope,173,PM10,reported_total,expert_led_workbook,1.3051383,1.3051383,NA,NA,NA,NA,NA,NA,NA,NA,NA,
SRC-RAW-A5FDC89121714361A757,SRC-RAW-A5FDC89121714361A757,POWER,expert_scope,173,PM2.5,reported_total,expert_led_workbook,0.0,0.0,NA,NA,NA,NA,NA,NA,NA,NA,NA,
SRC-RAW-A5FDC89121714361A757,SRC-RAW-A5FDC89121714361A757,POWER,expert_scope,173,BC,reported_total,expert_led_workbook,0.0,0.0,NA,NA,NA,NA,NA,NA,NA,NA,NA,
SRC-RAW-A5FDC89121714361A757,SRC-RAW-A5FDC89121714361A757,POWER,expert_scope,173,OC,reported_total,expert_led_workbook,0.8700922000000002,0.8700922000000002,NA,NA,NA,NA,NA,NA,NA,NA,NA,
SRC-RAW-A5FDC89121714361A757,SRC-RAW-A5FDC89121714361A757,POWER,expert_scope,173,NH3,reported_total,expert_led_workbook,0.0,0.0,NA,NA,NA,NA,NA,NA,NA,NA,NA,
SRC-RAW-C6588136B75D868414EE,SRC-RAW-C6588136B75D868414EE,POWER,expert_scope,174,SO2,reported_total,expert_led_workbook,1054.93619,215.523463617,NA,NA,NA,NA,NA,NA,NA,NA,NA,
SRC-RAW-C6588136B75D868414EE,SRC-RAW-C6588136B75D868414EE,POWER,expert_scope,174,NOx,reported_total,expert_led_workbook,1134.72128,397.152448,NA,NA,NA,NA,NA,NA,NA,NA,NA,
SRC-RAW-C6588136B75D868414EE,SRC-RAW-C6588136B75D868414EE,POWER,expert_scope,174,CO,reported_total,expert_led_workbook,253.286,253.286,NA,NA,NA,NA,NA,NA,NA,NA,NA,
SRC-RAW-C6588136B75D868414EE,SRC-RAW-C6588136B75D868414EE,POWER,expert_scope,174,VOC,reported_total,expert_led_workbook,3547.7770020000003,7.0955540040000065,NA,NA,NA,NA,NA,NA,NA,NA,NA,
SRC-RAW-C6588136B75D868414EE,SRC-RAW-C6588136B75D868414EE,POWER,expert_scope,174,PM10,reported_total,expert_led_workbook,856.3599660000001,3.4254398640000034,NA,NA,NA,NA,NA,NA,NA,NA,NA,
SRC-RAW-C6588136B75D868414EE,SRC-RAW-C6588136B75D868414EE,POWER,expert_scope,174,PM2.5,reported_total,expert_led_workbook,1.7127199320000002,0.0068508797280000065,NA,NA,NA,NA,NA,NA,NA,NA,NA,
SRC-RAW-C6588136B75D868414EE,SRC-RAW-C6588136B75D868414EE,POWER,expert_scope,174,BC,reported_total,expert_led_workbook,0.0,0.0,NA,NA,NA,NA,NA,NA,NA,NA,NA,
SRC-RAW-C6588136B75D868414EE,SRC-RAW-C6588136B75D868414EE,POWER,expert_scope,174,OC,reported_total,expert_led_workbook,5.065720000000001,5.065720000000001,NA,NA,NA,NA,NA,NA,NA,NA,NA,
SRC-RAW-C6588136B75D868414EE,SRC-RAW-C6588136B75D868414EE,POWER,expert_scope,174,NH3,reported_total,expert_led_workbook,0.0,0.0,NA,NA,NA,NA,NA,NA,NA,NA,NA,
SRC-RAW-48982EB2A6FC7EFCB18F,SRC-RAW-48982EB2A6FC7EFCB18F,POWER,expert_scope,175,SO2,reported_total,expert_led_workbook,1275.3979699999998,260.563805271,NA,NA,NA,NA,NA,NA,NA,NA,NA,
SRC-RAW-48982EB2A6FC7EFCB18F,SRC-RAW-48982EB2A6FC7EFCB18F,POWER,expert_scope,175,NOx,reported_total,expert_led_workbook,1371.8566400000002,480.149824,NA,NA,NA,NA,NA,NA,NA,NA,NA,
SRC-RAW-48982EB2A6FC7EFCB18F,SRC-RAW-48982EB2A6FC7EFCB18F,POWER,expert_scope,175,CO,reported_total,expert_led_workbook,306.218,306.218,NA,NA,NA,NA,NA,NA,NA,NA,NA,
SRC-RAW-48982EB2A6FC7EFCB18F,SRC-RAW-48982EB2A6FC7EFCB18F,POWER,expert_scope,175,VOC,reported_total,expert_led_workbook,4289.195526,8.578391052000008,NA,NA,NA,NA,NA,NA,NA,NA,NA,
SRC-RAW-48982EB2A6FC7EFCB18F,SRC-RAW-48982EB2A6FC7EFCB18F,POWER,expert_scope,175,PM10,reported_total,expert_led_workbook,1035.3230580000002,4.141292232000004,NA,NA,NA,NA,NA,NA,NA,NA,NA,
SRC-RAW-48982EB2A6FC7EFCB18F,SRC-RAW-48982EB2A6FC7EFCB18F,POWER,expert_scope,175,PM2.5,reported_total,expert_led_workbook,2.0706461160000003,0.008282584464000008,NA,NA,NA,NA,NA,NA,NA,NA,NA,
SRC-RAW-48982EB2A6FC7EFCB18F,SRC-RAW-48982EB2A6FC7EFCB18F,POWER,expert_scope,175,BC,reported_total,expert_led_workbook,0.0,0.0,NA,NA,NA,NA,NA,NA,NA,NA,NA,
SRC-RAW-48982EB2A6FC7EFCB18F,SRC-RAW-48982EB2A6FC7EFCB18F,POWER,expert_scope,175,OC,reported_total,expert_led_workbook,6.12436,6.12436,NA,NA,NA,NA,NA,NA,NA,NA,NA,
SRC-RAW-48982EB2A6FC7EFCB18F,SRC-RAW-48982EB2A6FC7EFCB18F,POWER,expert_scope,175,NH3,reported_total,expert_led_workbook,0.0,0.0,NA,NA,NA,NA,NA,NA,NA,NA,NA,
SRC-RAW-BE7FBB12BAE0899B442C,SRC-RAW-BE7FBB12BAE0899B442C,POWER,expert_scope,176,SO2,reported_total,expert_led_workbook,624.8582899999999,127.658548647,NA,NA,NA,NA,NA,NA,NA,NA,NA,
SRC-RAW-BE7FBB12BAE0899B442C,SRC-RAW-BE7FBB12BAE0899B442C,POWER,expert_scope,176,NOx,reported_total,expert_led_workbook,672.1164800000001,235.24076800000003,NA,NA,NA,NA,NA,NA,NA,NA,NA,
SRC-RAW-BE7FBB12BAE0899B442C,SRC-RAW-BE7FBB12BAE0899B442C,POWER,expert_scope,176,CO,reported_total,expert_led_workbook,150.026,150.026,NA,NA,NA,NA,NA,NA,NA,NA,NA,
SRC-RAW-BE7FBB12BAE0899B442C,SRC-RAW-BE7FBB12BAE0899B442C,POWER,expert_scope,176,VOC,reported_total,expert_led_workbook,2101.414182,4.202828364000004,NA,NA,NA,NA,NA,NA,NA,NA,NA,
SRC-RAW-BE7FBB12BAE0899B442C,SRC-RAW-BE7FBB12BAE0899B442C,POWER,expert_scope,176,PM10,reported_total,expert_led_workbook,507.23790600000007,2.028951624000002,NA,NA,NA,NA,NA,NA,NA,NA,NA,
SRC-RAW-BE7FBB12BAE0899B442C,SRC-RAW-BE7FBB12BAE0899B442C,POWER,expert_scope,176,PM2.5,reported_total,expert_led_workbook,1.0144758120000001,0.004057903248000004,NA,NA,NA,NA,NA,NA,NA,NA,NA,
SRC-RAW-BE7FBB12BAE0899B442C,SRC-RAW-BE7FBB12BAE0899B442C,POWER,expert_scope,176,BC,reported_total,expert_led_workbook,0.0,0.0,NA,NA,NA,NA,NA,NA,NA,NA,NA,
SRC-RAW-BE7FBB12BAE0899B442C,SRC-RAW-BE7FBB12BAE0899B442C,POWER,expert_scope,176,OC,reported_total,expert_led_workbook,3.00052,3.00052,NA,NA,NA,NA,NA,NA,NA,NA,NA,
SRC-RAW-BE7FBB12BAE0899B442C,SRC-RAW-BE7FBB12BAE0899B442C,POWER,expert_scope,176,NH3,reported_total,expert_led_workbook,0.0,0.0,NA,NA,NA,NA,NA,NA,NA,NA,NA,
SRC-RAW-9BE29C89E8CA6499ABC3,SRC-RAW-9BE29C89E8CA6499ABC3,POWER,expert_scope,177,SO2,reported_total,expert_led_workbook,789.8006199999999,161.356266666,NA,NA,NA,NA,NA,NA,NA,NA,NA,
SRC-RAW-9BE29C89E8CA6499ABC3,SRC-RAW-9BE29C89E8CA6499ABC3,POWER,expert_scope,177,NOx,reported_total,expert_led_workbook,849.53344,297.336704,NA,NA,NA,NA,NA,NA,NA,NA,NA,
SRC-RAW-9BE29C89E8CA6499ABC3,SRC-RAW-9BE29C89E8CA6499ABC3,POWER,expert_scope,177,CO,reported_total,expert_led_workbook,189.628,189.628,NA,NA,NA,NA,NA,NA,NA,NA,NA,
SRC-RAW-9BE29C89E8CA6499ABC3,SRC-RAW-9BE29C89E8CA6499ABC3,POWER,expert_scope,177,VOC,reported_total,expert_led_workbook,2656.119396,5.312238792000005,NA,NA,NA,NA,NA,NA,NA,NA,NA,
SRC-RAW-9BE29C89E8CA6499ABC3,SRC-RAW-9BE29C89E8CA6499ABC3,POWER,expert_scope,177,PM10,reported_total,expert_led_workbook,641.1322680000001,2.5645290720000027,NA,NA,NA,NA,NA,NA,NA,NA,NA,
SRC-RAW-9BE29C89E8CA6499ABC3,SRC-RAW-9BE29C89E8CA6499ABC3,POWER,expert_scope,177,PM2.5,reported_total,expert_led_workbook,1.2822645360000002,0.005129058144000005,NA,NA,NA,NA,NA,NA,NA,NA,NA,
SRC-RAW-9BE29C89E8CA6499ABC3,SRC-RAW-9BE29C89E8CA6499ABC3,POWER,expert_scope,177,BC,reported_total,expert_led_workbook,0.0,0.0,NA,NA,NA,NA,NA,NA,NA,NA,NA,
SRC-RAW-9BE29C89E8CA6499ABC3,SRC-RAW-9BE29C89E8CA6499ABC3,POWER,expert_scope,177,OC,reported_total,expert_led_workbook,3.79256,3.79256,NA,NA,NA,NA,NA,NA,NA,NA,NA,
SRC-RAW-9BE29C89E8CA6499ABC3,SRC-RAW-9BE29C89E8CA6499ABC3,POWER,expert_scope,177,NH3,reported_total,expert_led_workbook,0.0,0.0,NA,NA,NA,NA,NA,NA,NA,NA,NA,
SRC-RAW-77D83EBD56BB8B02F0A7,SRC-RAW-77D83EBD56BB8B02F0A7,POWER,expert_scope,178,SO2,reported_total,expert_led_workbook,757.4718899999999,154.75150712700002,NA,NA,NA,NA,NA,NA,NA,NA,NA,
SRC-RAW-77D83EBD56BB8B02F0A7,SRC-RAW-77D83EBD56BB8B02F0A7,POWER,expert_scope,178,NOx,reported_total,expert_led_workbook,814.75968,285.165888,NA,NA,NA,NA,NA,NA,NA,NA,NA,
SRC-RAW-77D83EBD56BB8B02F0A7,SRC-RAW-77D83EBD56BB8B02F0A7,POWER,expert_scope,178,CO,reported_total,expert_led_workbook,181.866,181.866,NA,NA,NA,NA,NA,NA,NA,NA,NA,
SRC-RAW-77D83EBD56BB8B02F0A7,SRC-RAW-77D83EBD56BB8B02F0A7,POWER,expert_scope,178,VOC,reported_total,expert_led_workbook,2547.397062,5.094794124000004,NA,NA,NA,NA,NA,NA,NA,NA,NA,
SRC-RAW-77D83EBD56BB8B02F0A7,SRC-RAW-77D83EBD56BB8B02F0A7,POWER,expert_scope,178,PM10,reported_total,expert_led_workbook,614.888946,2.459555784000002,NA,NA,NA,NA,NA,NA,NA,NA,NA,
SRC-RAW-77D83EBD56BB8B02F0A7,SRC-RAW-77D83EBD56BB8B02F0A7,POWER,expert_scope,178,PM2.5,reported_total,expert_led_workbook,1.229777892,0.004919111568000004,NA,NA,NA,NA,NA,NA,NA,NA,NA,
SRC-RAW-77D83EBD56BB8B02F0A7,SRC-RAW-77D83EBD56BB8B02F0A7,POWER,expert_scope,178,BC,reported_total,expert_led_workbook,0.0,0.0,NA,NA,NA,NA,NA,NA,NA,NA,NA,
SRC-RAW-77D83EBD56BB8B02F0A7,SRC-RAW-77D83EBD56BB8B02F0A7,POWER,expert_scope,178,OC,reported_total,expert_led_workbook,3.6373200000000003,3.6373200000000003,NA,NA,NA,NA,NA,NA,NA,NA,NA,
SRC-RAW-77D83EBD56BB8B02F0A7,SRC-RAW-77D83EBD56BB8B02F0A7,POWER,expert_scope,178,NH3,reported_total,expert_led_workbook,0.0,0.0,NA,NA,NA,NA,NA,NA,NA,NA,NA,
SRC-RAW-3D68C3391F8E405ACFFC,SRC-RAW-3D68C3391F8E405ACFFC,POWER,expert_scope,179,SO2,reported_total,expert_led_workbook,823.1705999999999,168.17375358,NA,NA,NA,NA,NA,NA,NA,NA,NA,
SRC-RAW-3D68C3391F8E405ACFFC,SRC-RAW-3D68C3391F8E405ACFFC,POWER,expert_scope,179,NOx,reported_total,expert_led_workbook,885.4272000000001,309.89952,NA,NA,NA,NA,NA,NA,NA,NA,NA,
SRC-RAW-3D68C3391F8E405ACFFC,SRC-RAW-3D68C3391F8E405ACFFC,POWER,expert_scope,179,CO,reported_total,expert_led_workbook,197.64,197.64,NA,NA,NA,NA,NA,NA,NA,NA,NA,
SRC-RAW-3D68C3391F8E405ACFFC,SRC-RAW-3D68C3391F8E405ACFFC,POWER,expert_scope,179,VOC,reported_total,expert_led_workbook,2768.34348,5.536686960000005,NA,NA,NA,NA,NA,NA,NA,NA,NA,
SRC-RAW-3D68C3391F8E405ACFFC,SRC-RAW-3D68C3391F8E405ACFFC,POWER,expert_scope,179,PM10,reported_total,expert_led_workbook,668.2208400000001,2.672883360000003,NA,NA,NA,NA,NA,NA,NA,NA,NA,
SRC-RAW-3D68C3391F8E405ACFFC,SRC-RAW-3D68C3391F8E405ACFFC,POWER,expert_scope,179,PM2.5,reported_total,expert_led_workbook,1.33644168,0.005345766720000005,NA,NA,NA,NA,NA,NA,NA,NA,NA,
SRC-RAW-3D68C3391F8E405ACFFC,SRC-RAW-3D68C3391F8E405ACFFC,POWER,expert_scope,179,BC,reported_total,expert_led_workbook,0.0,0.0,NA,NA,NA,NA,NA,NA,NA,NA,NA,
SRC-RAW-3D68C3391F8E405ACFFC,SRC-RAW-3D68C3391F8E405ACFFC,POWER,expert_scope,179,OC,reported_total,expert_led_workbook,3.9528000000000003,3.9528000000000003,NA,NA,NA,NA,NA,NA,NA,NA,NA,
SRC-RAW-3D68C3391F8E405ACFFC,SRC-RAW-3D68C3391F8E405ACFFC,POWER,expert_scope,179,NH3,reported_total,expert_led_workbook,0.0,0.0,NA,NA,NA,NA,NA,NA,NA,NA,NA,
SRC-RAW-F800B5F8A13295EAB36B,SRC-RAW-F800B5F8A13295EAB36B,POWER,expert_scope,180,SO2,reported_total,expert_led_workbook,833.3415299999999,170.25167457900002,NA,NA,NA,NA,NA,NA,NA,NA,NA,
SRC-RAW-F800B5F8A13295EAB36B,SRC-RAW-F800B5F8A13295EAB36B,POWER,expert_scope,180,NOx,reported_total,expert_led_workbook,896.3673600000001,313.72857600000003,NA,NA,NA,NA,NA,NA,NA,NA,NA,
SRC-RAW-F800B5F8A13295EAB36B,SRC-RAW-F800B5F8A13295EAB36B,POWER,expert_scope,180,CO,reported_total,expert_led_workbook,200.082,200.082,NA,NA,NA,NA,NA,NA,NA,NA,NA,
SRC-RAW-F800B5F8A13295EAB36B,SRC-RAW-F800B5F8A13295EAB36B,POWER,expert_scope,180,VOC,reported_total,expert_led_workbook,2802.548574,5.605097148000005,NA,NA,NA,NA,NA,NA,NA,NA,NA,
SRC-RAW-F800B5F8A13295EAB36B,SRC-RAW-F800B5F8A13295EAB36B,POWER,expert_scope,180,PM10,reported_total,expert_led_workbook,676.477242,2.705908968000003,NA,NA,NA,NA,NA,NA,NA,NA,NA,
SRC-RAW-F800B5F8A13295EAB36B,SRC-RAW-F800B5F8A13295EAB36B,POWER,expert_scope,180,PM2.5,reported_total,expert_led_workbook,1.352954484,0.005411817936000005,NA,NA,NA,NA,NA,NA,NA,NA,NA,
SRC-RAW-F800B5F8A13295EAB36B,SRC-RAW-F800B5F8A13295EAB36B,POWER,expert_scope,180,BC,reported_total,expert_led_workbook,0.0,0.0,NA,NA,NA,NA,NA,NA,NA,NA,NA,
SRC-RAW-F800B5F8A13295EAB36B,SRC-RAW-F800B5F8A13295EAB36B,POWER,expert_scope,180,OC,reported_total,expert_led_workbook,4.00164,4.00164,NA,NA,NA,NA,NA,NA,NA,NA,NA,
SRC-RAW-F800B5F8A13295EAB36B,SRC-RAW-F800B5F8A13295EAB36B,POWER,expert_scope,180,NH3,reported_total,expert_led_workbook,0.0,0.0,NA,NA,NA,NA,NA,NA,NA,NA,NA,
SRC-RAW-0EA1C3FA4810EDBD34F9,SRC-RAW-0EA1C3FA4810EDBD34F9,POWER,expert_scope,181,SO2,reported_total,expert_led_workbook,10908.636499999999,545.4318250000005,NA,NA,NA,NA,NA,NA,NA,NA,NA,
SRC-RAW-0EA1C3FA4810EDBD34F9,SRC-RAW-0EA1C3FA4810EDBD34F9,POWER,expert_scope,181,NOx,reported_total,expert_led_workbook,7462.16975,1119.3254625000002,NA,NA,NA,NA,NA,NA,NA,NA,NA,
SRC-RAW-0EA1C3FA4810EDBD34F9,SRC-RAW-0EA1C3FA4810EDBD34F9,POWER,expert_scope,181,CO,reported_total,expert_led_workbook,2069.95,2069.95,NA,NA,NA,NA,NA,NA,NA,NA,NA,
SRC-RAW-0EA1C3FA4810EDBD34F9,SRC-RAW-0EA1C3FA4810EDBD34F9,POWER,expert_scope,181,VOC,reported_total,expert_led_workbook,28636.723275,315.0039560249971,NA,NA,NA,NA,NA,NA,NA,NA,NA,
SRC-RAW-0EA1C3FA4810EDBD34F9,SRC-RAW-0EA1C3FA4810EDBD34F9,POWER,expert_scope,181,PM10,reported_total,expert_led_workbook,7470.449549999998,224.11348650000016,NA,NA,NA,NA,NA,NA,NA,NA,NA,
SRC-RAW-0EA1C3FA4810EDBD34F9,SRC-RAW-0EA1C3FA4810EDBD34F9,POWER,expert_scope,181,PM2.5,reported_total,expert_led_workbook,14.940899099999998,0.4482269730000003,NA,NA,NA,NA,NA,NA,NA,NA,NA,
SRC-RAW-0EA1C3FA4810EDBD34F9,SRC-RAW-0EA1C3FA4810EDBD34F9,POWER,expert_scope,181,BC,reported_total,expert_led_workbook,0.0,0.0,NA,NA,NA,NA,NA,NA,NA,NA,NA,
SRC-RAW-0EA1C3FA4810EDBD34F9,SRC-RAW-0EA1C3FA4810EDBD34F9,POWER,expert_scope,181,OC,reported_total,expert_led_workbook,41.399,41.399,NA,NA,NA,NA,NA,NA,NA,NA,NA,
SRC-RAW-0EA1C3FA4810EDBD34F9,SRC-RAW-0EA1C3FA4810EDBD34F9,POWER,expert_scope,181,NH3,reported_total,expert_led_workbook,0.0,0.0,NA,NA,NA,NA,NA,NA,NA,NA,NA,
SRC-RAW-A9FB6E4E293E435004D8,SRC-RAW-A9FB6E4E293E435004D8,POWER,expert_scope,182,SO2,reported_total,expert_led_workbook,9808.226669999998,490.41133350000035,NA,NA,NA,NA,NA,NA,NA,NA,NA,
SRC-RAW-A9FB6E4E293E435004D8,SRC-RAW-A9FB6E4E293E435004D8,POWER,expert_scope,182,NOx,reported_total,expert_led_workbook,7050.5796900000005,1057.5869535000002,NA,NA,NA,NA,NA,NA,NA,NA,NA,
SRC-RAW-A9FB6E4E293E435004D8,SRC-RAW-A9FB6E4E293E435004D8,POWER,expert_scope,182,CO,reported_total,expert_led_workbook,1955.778,1955.778,NA,NA,NA,NA,NA,NA,NA,NA,NA,
SRC-RAW-A9FB6E4E293E435004D8,SRC-RAW-A9FB6E4E293E435004D8,POWER,expert_scope,182,VOC,reported_total,expert_led_workbook,24898.031829,273.87835011899745,NA,NA,NA,NA,NA,NA,NA,NA,NA,
SRC-RAW-A9FB6E4E293E435004D8,SRC-RAW-A9FB6E4E293E435004D8,POWER,expert_scope,182,PM10,reported_total,expert_led_workbook,6495.138738000001,194.8541621400002,NA,NA,NA,NA,NA,NA,NA,NA,NA,
SRC-RAW-A9FB6E4E293E435004D8,SRC-RAW-A9FB6E4E293E435004D8,POWER,expert_scope,182,PM2.5,reported_total,expert_led_workbook,12.990277476000001,0.38970832428000035,NA,NA,NA,NA,NA,NA,NA,NA,NA,
SRC-RAW-A9FB6E4E293E435004D8,SRC-RAW-A9FB6E4E293E435004D8,POWER,expert_scope,182,BC,reported_total,expert_led_workbook,0.0,0.0,NA,NA,NA,NA,NA,NA,NA,NA,NA,
SRC-RAW-A9FB6E4E293E435004D8,SRC-RAW-A9FB6E4E293E435004D8,POWER,expert_scope,182,OC,reported_total,expert_led_workbook,39.115559999999995,39.115559999999995,NA,NA,NA,NA,NA,NA,NA,NA,NA,
SRC-RAW-A9FB6E4E293E435004D8,SRC-RAW-A9FB6E4E293E435004D8,POWER,expert_scope,182,NH3,reported_total,expert_led_workbook,0.0,0.0,NA,NA,NA,NA,NA,NA,NA,NA,NA,
SRC-RAW-EDFD19AE3DB2C5C2A978,SRC-RAW-EDFD19AE3DB2C5C2A978,POWER,expert_scope,183,SO2,reported_total,expert_led_workbook,19.87942464,19.87942464,NA,NA,NA,NA,NA,NA,NA,NA,NA,
SRC-RAW-EDFD19AE3DB2C5C2A978,SRC-RAW-EDFD19AE3DB2C5C2A978,POWER,expert_scope,183,NOx,reported_total,expert_led_workbook,24.297074560000002,14.092303244800004,NA,NA,NA,NA,NA,NA,NA,NA,NA,
SRC-RAW-EDFD19AE3DB2C5C2A978,SRC-RAW-EDFD19AE3DB2C5C2A978,POWER,expert_scope,183,CO,reported_total,expert_led_workbook,2.3387558399999997,2.3387558399999997,NA,NA,NA,NA,NA,NA,NA,NA,NA,
SRC-RAW-EDFD19AE3DB2C5C2A978,SRC-RAW-EDFD19AE3DB2C5C2A978,POWER,expert_scope,183,VOC,reported_total,expert_led_workbook,1.10441248,1.10441248,NA,NA,NA,NA,NA,NA,NA,NA,NA,
SRC-RAW-EDFD19AE3DB2C5C2A978,SRC-RAW-EDFD19AE3DB2C5C2A978,POWER,expert_scope,183,PM10,reported_total,expert_led_workbook,1.10441248,1.10441248,NA,NA,NA,NA,NA,NA,NA,NA,NA,
SRC-RAW-EDFD19AE3DB2C5C2A978,SRC-RAW-EDFD19AE3DB2C5C2A978,POWER,expert_scope,183,PM2.5,reported_total,expert_led_workbook,0.12993088,0.12993088,NA,NA,NA,NA,NA,NA,NA,NA,NA,
SRC-RAW-EDFD19AE3DB2C5C2A978,SRC-RAW-EDFD19AE3DB2C5C2A978,POWER,expert_scope,183,BC,reported_total,expert_led_workbook,0.5846889599999999,0.5846889599999999,NA,NA,NA,NA,NA,NA,NA,NA,NA,
SRC-RAW-EDFD19AE3DB2C5C2A978,SRC-RAW-EDFD19AE3DB2C5C2A978,POWER,expert_scope,183,OC,reported_total,expert_led_workbook,214.385952,214.385952,NA,NA,NA,NA,NA,NA,NA,NA,NA,
SRC-RAW-EDFD19AE3DB2C5C2A978,SRC-RAW-EDFD19AE3DB2C5C2A978,POWER,expert_scope,183,NH3,reported_total,expert_led_workbook,0.0,0.0,NA,NA,NA,NA,NA,NA,NA,NA,NA,
SRC-RAW-730DB3353BFFB25FE637,SRC-RAW-730DB3353BFFB25FE637,POWER,expert_scope,184,SO2,reported_total,expert_led_workbook,12.2568453,12.2568453,NA,NA,NA,NA,NA,NA,NA,NA,NA,
SRC-RAW-730DB3353BFFB25FE637,SRC-RAW-730DB3353BFFB25FE637,POWER,expert_scope,184,NOx,reported_total,expert_led_workbook,14.980588700000002,8.688741446000002,NA,NA,NA,NA,NA,NA,NA,NA,NA,
SRC-RAW-730DB3353BFFB25FE637,SRC-RAW-730DB3353BFFB25FE637,POWER,expert_scope,184,CO,reported_total,expert_led_workbook,1.4419818,1.4419818,NA,NA,NA,NA,NA,NA,NA,NA,NA,
SRC-RAW-730DB3353BFFB25FE637,SRC-RAW-730DB3353BFFB25FE637,POWER,expert_scope,184,VOC,reported_total,expert_led_workbook,0.6809358500000001,0.6809358500000001,NA,NA,NA,NA,NA,NA,NA,NA,NA,
SRC-RAW-730DB3353BFFB25FE637,SRC-RAW-730DB3353BFFB25FE637,POWER,expert_scope,184,PM10,reported_total,expert_led_workbook,0.6809358500000001,0.6809358500000001,NA,NA,NA,NA,NA,NA,NA,NA,NA,
SRC-RAW-730DB3353BFFB25FE637,SRC-RAW-730DB3353BFFB25FE637,POWER,expert_scope,184,PM2.5,reported_total,expert_led_workbook,0.0801101,0.0801101,NA,NA,NA,NA,NA,NA,NA,NA,NA,
SRC-RAW-730DB3353BFFB25FE637,SRC-RAW-730DB3353BFFB25FE637,POWER,expert_scope,184,BC,reported_total,expert_led_workbook,0.36049545,0.36049545,NA,NA,NA,NA,NA,NA,NA,NA,NA,
SRC-RAW-730DB3353BFFB25FE637,SRC-RAW-730DB3353BFFB25FE637,POWER,expert_scope,184,OC,reported_total,expert_led_workbook,132.181665,132.181665,NA,NA,NA,NA,NA,NA,NA,NA,NA,
SRC-RAW-730DB3353BFFB25FE637,SRC-RAW-730DB3353BFFB25FE637,POWER,expert_scope,184,NH3,reported_total,expert_led_workbook,0.0,0.0,NA,NA,NA,NA,NA,NA,NA,NA,NA,
SRC-RAW-C92C19B5ACBE28602C36,SRC-RAW-C92C19B5ACBE28602C36,POWER,expert_scope,185,SO2,reported_total,expert_led_workbook,31.30946712,31.30946712,NA,NA,NA,NA,NA,NA,NA,NA,NA,
SRC-RAW-C92C19B5ACBE28602C36,SRC-RAW-C92C19B5ACBE28602C36,POWER,expert_scope,185,NOx,reported_total,expert_led_workbook,38.26712648000001,22.194933358400007,NA,NA,NA,NA,NA,NA,NA,NA,NA,
SRC-RAW-C92C19B5ACBE28602C36,SRC-RAW-C92C19B5ACBE28602C36,POWER,expert_scope,185,CO,reported_total,expert_led_workbook,3.68346672,3.68346672,NA,NA,NA,NA,NA,NA,NA,NA,NA,
SRC-RAW-C92C19B5ACBE28602C36,SRC-RAW-C92C19B5ACBE28602C36,POWER,expert_scope,185,VOC,reported_total,expert_led_workbook,1.7394148400000005,1.7394148400000005,NA,NA,NA,NA,NA,NA,NA,NA,NA,
SRC-RAW-C92C19B5ACBE28602C36,SRC-RAW-C92C19B5ACBE28602C36,POWER,expert_scope,185,PM10,reported_total,expert_led_workbook,1.7394148400000005,1.7394148400000005,NA,NA,NA,NA,NA,NA,NA,NA,NA,
SRC-RAW-C92C19B5ACBE28602C36,SRC-RAW-C92C19B5ACBE28602C36,POWER,expert_scope,185,PM2.5,reported_total,expert_led_workbook,0.20463704000000002,0.20463704000000002,NA,NA,NA,NA,NA,NA,NA,NA,NA,
SRC-RAW-C92C19B5ACBE28602C36,SRC-RAW-C92C19B5ACBE28602C36,POWER,expert_scope,185,BC,reported_total,expert_led_workbook,0.92086668,0.92086668,NA,NA,NA,NA,NA,NA,NA,NA,NA,
SRC-RAW-C92C19B5ACBE28602C36,SRC-RAW-C92C19B5ACBE28602C36,POWER,expert_scope,185,OC,reported_total,expert_led_workbook,337.65111600000006,337.65111600000006,NA,NA,NA,NA,NA,NA,NA,NA,NA,
SRC-RAW-C92C19B5ACBE28602C36,SRC-RAW-C92C19B5ACBE28602C36,POWER,expert_scope,185,NH3,reported_total,expert_led_workbook,0.0,0.0,NA,NA,NA,NA,NA,NA,NA,NA,NA,
SRC-RAW-28715943841D3E2AA3FF,SRC-RAW-28715943841D3E2AA3FF,POWER,expert_scope,186,SO2,reported_total,expert_led_workbook,71.9712,25.189919999999997,NA,NA,NA,NA,NA,NA,NA,NA,NA,
SRC-RAW-28715943841D3E2AA3FF,SRC-RAW-28715943841D3E2AA3FF,POWER,expert_scope,186,NOx,reported_total,expert_led_workbook,79.02720000000001,7.902719999999999,NA,NA,NA,NA,NA,NA,NA,NA,NA,
SRC-RAW-28715943841D3E2AA3FF,SRC-RAW-28715943841D3E2AA3FF,POWER,expert_scope,186,CO,reported_total,expert_led_workbook,17.64,17.64,NA,NA,NA,NA,NA,NA,NA,NA,NA,
SRC-RAW-28715943841D3E2AA3FF,SRC-RAW-28715943841D3E2AA3FF,POWER,expert_scope,186,VOC,reported_total,expert_led_workbook,298.7919648,1.7927517887999684,NA,NA,NA,NA,NA,NA,NA,NA,NA,
SRC-RAW-28715943841D3E2AA3FF,SRC-RAW-28715943841D3E2AA3FF,POWER,expert_scope,186,PM10,reported_total,expert_led_workbook,72.12219840000002,1.2260773728000014,NA,NA,NA,NA,NA,NA,NA,NA,NA,
SRC-RAW-28715943841D3E2AA3FF,SRC-RAW-28715943841D3E2AA3FF,POWER,expert_scope,186,PM2.5,reported_total,expert_led_workbook,0.14424439680000004,0.002452154745600003,NA,NA,NA,NA,NA,NA,NA,NA,NA,
SRC-RAW-28715943841D3E2AA3FF,SRC-RAW-28715943841D3E2AA3FF,POWER,expert_scope,186,BC,reported_total,expert_led_workbook,0.0,0.0,NA,NA,NA,NA,NA,NA,NA,NA,NA,
SRC-RAW-28715943841D3E2AA3FF,SRC-RAW-28715943841D3E2AA3FF,POWER,expert_scope,186,OC,reported_total,expert_led_workbook,0.3528,0.3528,NA,NA,NA,NA,NA,NA,NA,NA,NA,
SRC-RAW-28715943841D3E2AA3FF,SRC-RAW-28715943841D3E2AA3FF,POWER,expert_scope,186,NH3,reported_total,expert_led_workbook,0.0,0.0,NA,NA,NA,NA,NA,NA,NA,NA,NA,
SRC-RAW-54119B9BA5BEAAE4952E,SRC-RAW-54119B9BA5BEAAE4952E,POWER,expert_scope,187,SO2,reported_total,expert_led_workbook,7.613279999999999,2.6646479999999992,NA,NA,NA,NA,NA,NA,NA,NA,NA,
SRC-RAW-54119B9BA5BEAAE4952E,SRC-RAW-54119B9BA5BEAAE4952E,POWER,expert_scope,187,NOx,reported_total,expert_led_workbook,8.35968,0.8359679999999999,NA,NA,NA,NA,NA,NA,NA,NA,NA,
SRC-RAW-54119B9BA5BEAAE4952E,SRC-RAW-54119B9BA5BEAAE4952E,POWER,expert_scope,187,CO,reported_total,expert_led_workbook,1.866,1.866,NA,NA,NA,NA,NA,NA,NA,NA,NA,
SRC-RAW-54119B9BA5BEAAE4952E,SRC-RAW-54119B9BA5BEAAE4952E,POWER,expert_scope,187,VOC,reported_total,expert_led_workbook,31.60690512,0.18964143071999667,NA,NA,NA,NA,NA,NA,NA,NA,NA,
SRC-RAW-54119B9BA5BEAAE4952E,SRC-RAW-54119B9BA5BEAAE4952E,POWER,expert_scope,187,PM10,reported_total,expert_led_workbook,7.629252960000001,0.12969730032000015,NA,NA,NA,NA,NA,NA,NA,NA,NA,
SRC-RAW-54119B9BA5BEAAE4952E,SRC-RAW-54119B9BA5BEAAE4952E,POWER,expert_scope,187,PM2.5,reported_total,expert_led_workbook,0.015258505920000004,0.0002593946006400003,NA,NA,NA,NA,NA,NA,NA,NA,NA,
SRC-RAW-54119B9BA5BEAAE4952E,SRC-RAW-54119B9BA5BEAAE4952E,POWER,expert_scope,187,BC,reported_total,expert_led_workbook,0.0,0.0,NA,NA,NA,NA,NA,NA,NA,NA,NA,
SRC-RAW-54119B9BA5BEAAE4952E,SRC-RAW-54119B9BA5BEAAE4952E,POWER,expert_scope,187,OC,reported_total,expert_led_workbook,0.03732,0.03732,NA,NA,NA,NA,NA,NA,NA,NA,NA,
SRC-RAW-54119B9BA5BEAAE4952E,SRC-RAW-54119B9BA5BEAAE4952E,POWER,expert_scope,187,NH3,reported_total,expert_led_workbook,0.0,0.0,NA,NA,NA,NA,NA,NA,NA,NA,NA,
SRC-RAW-B51CDF0046C21231F1AC,SRC-RAW-B51CDF0046C21231F1AC,POWER,expert_scope,188,SO2,reported_total,expert_led_workbook,528.1967999999999,184.86887999999996,NA,NA,NA,NA,NA,NA,NA,NA,NA,
SRC-RAW-B51CDF0046C21231F1AC,SRC-RAW-B51CDF0046C21231F1AC,POWER,expert_scope,188,NOx,reported_total,expert_led_workbook,579.9808,57.998079999999995,NA,NA,NA,NA,NA,NA,NA,NA,NA,
SRC-RAW-B51CDF0046C21231F1AC,SRC-RAW-B51CDF0046C21231F1AC,POWER,expert_scope,188,CO,reported_total,expert_led_workbook,129.46,129.46,NA,NA,NA,NA,NA,NA,NA,NA,NA,
SRC-RAW-B51CDF0046C21231F1AC,SRC-RAW-B51CDF0046C21231F1AC,POWER,expert_scope,188,VOC,reported_total,expert_led_workbook,2192.8349072,13.157009443199769,NA,NA,NA,NA,NA,NA,NA,NA,NA,
SRC-RAW-B51CDF0046C21231F1AC,SRC-RAW-B51CDF0046C21231F1AC,POWER,expert_scope,188,PM10,reported_total,expert_led_workbook,529.3049776,8.998184619200009,NA,NA,NA,NA,NA,NA,NA,NA,NA,
SRC-RAW-B51CDF0046C21231F1AC,SRC-RAW-B51CDF0046C21231F1AC,POWER,expert_scope,188,PM2.5,reported_total,expert_led_workbook,1.0586099552000001,0.017996369238400017,NA,NA,NA,NA,NA,NA,NA,NA,NA,
SRC-RAW-B51CDF0046C21231F1AC,SRC-RAW-B51CDF0046C21231F1AC,POWER,expert_scope,188,BC,reported_total,expert_led_workbook,0.0,0.0,NA,NA,NA,NA,NA,NA,NA,NA,NA,
SRC-RAW-B51CDF0046C21231F1AC,SRC-RAW-B51CDF0046C21231F1AC,POWER,expert_scope,188,OC,reported_total,expert_led_workbook,2.5892000000000004,2.5892000000000004,NA,NA,NA,NA,NA,NA,NA,NA,NA,
SRC-RAW-B51CDF0046C21231F1AC,SRC-RAW-B51CDF0046C21231F1AC,POWER,expert_scope,188,NH3,reported_total,expert_led_workbook,0.0,0.0,NA,NA,NA,NA,NA,NA,NA,NA,NA,
SRC-RAW-4AC4B7E2FDCD0B7C0779,SRC-RAW-4AC4B7E2FDCD0B7C0779,POWER,expert_scope,189,SO2,reported_total,expert_led_workbook,5.6,5.6,NA,NA,NA,NA,NA,NA,NA,NA,NA,
SRC-RAW-4AC4B7E2FDCD0B7C0779,SRC-RAW-4AC4B7E2FDCD0B7C0779,POWER,expert_scope,189,NOx,reported_total,expert_led_workbook,573.9999999999999,332.91999999999996,NA,NA,NA,NA,NA,NA,NA,NA,NA,
SRC-RAW-4AC4B7E2FDCD0B7C0779,SRC-RAW-4AC4B7E2FDCD0B7C0779,POWER,expert_scope,189,CO,reported_total,expert_led_workbook,182.0,182.0,NA,NA,NA,NA,NA,NA,NA,NA,NA,
SRC-RAW-4AC4B7E2FDCD0B7C0779,SRC-RAW-4AC4B7E2FDCD0B7C0779,POWER,expert_scope,189,VOC,reported_total,expert_led_workbook,4.2,4.2,NA,NA,NA,NA,NA,NA,NA,NA,NA,
SRC-RAW-4AC4B7E2FDCD0B7C0779,SRC-RAW-4AC4B7E2FDCD0B7C0779,POWER,expert_scope,189,PM10,reported_total,expert_led_workbook,4.2,4.2,NA,NA,NA,NA,NA,NA,NA,NA,NA,
SRC-RAW-4AC4B7E2FDCD0B7C0779,SRC-RAW-4AC4B7E2FDCD0B7C0779,POWER,expert_scope,189,PM2.5,reported_total,expert_led_workbook,0.0,0.0,NA,NA,NA,NA,NA,NA,NA,NA,NA,
SRC-RAW-4AC4B7E2FDCD0B7C0779,SRC-RAW-4AC4B7E2FDCD0B7C0779,POWER,expert_scope,189,BC,reported_total,expert_led_workbook,0.0,0.0,NA,NA,NA,NA,NA,NA,NA,NA,NA,
SRC-RAW-4AC4B7E2FDCD0B7C0779,SRC-RAW-4AC4B7E2FDCD0B7C0779,POWER,expert_scope,189,OC,reported_total,expert_led_workbook,2.8,2.8,NA,NA,NA,NA,NA,NA,NA,NA,NA,
SRC-RAW-4AC4B7E2FDCD0B7C0779,SRC-RAW-4AC4B7E2FDCD0B7C0779,POWER,expert_scope,189,NH3,reported_total,expert_led_workbook,0.0,0.0,NA,NA,NA,NA,NA,NA,NA,NA,NA,
SRC-RAW-0669457CFC3C8B1DEF46,SRC-RAW-0669457CFC3C8B1DEF46,POWER,expert_scope,190,SO2,reported_total,expert_led_workbook,1.1958108,1.1958108,NA,NA,NA,NA,NA,NA,NA,NA,NA,
SRC-RAW-0669457CFC3C8B1DEF46,SRC-RAW-0669457CFC3C8B1DEF46,POWER,expert_scope,190,NOx,reported_total,expert_led_workbook,122.570607,71.09095206,NA,NA,NA,NA,NA,NA,NA,NA,NA,
SRC-RAW-0669457CFC3C8B1DEF46,SRC-RAW-0669457CFC3C8B1DEF46,POWER,expert_scope,190,CO,reported_total,expert_led_workbook,38.863851,38.863851,NA,NA,NA,NA,NA,NA,NA,NA,NA,
SRC-RAW-0669457CFC3C8B1DEF46,SRC-RAW-0669457CFC3C8B1DEF46,POWER,expert_scope,190,VOC,reported_total,expert_led_workbook,0.8968581000000001,0.8968581000000001,NA,NA,NA,NA,NA,NA,NA,NA,NA,
SRC-RAW-0669457CFC3C8B1DEF46,SRC-RAW-0669457CFC3C8B1DEF46,POWER,expert_scope,190,PM10,reported_total,expert_led_workbook,0.8968581000000001,0.8968581000000001,NA,NA,NA,NA,NA,NA,NA,NA,NA,
SRC-RAW-0669457CFC3C8B1DEF46,SRC-RAW-0669457CFC3C8B1DEF46,POWER,expert_scope,190,PM2.5,reported_total,expert_led_workbook,0.0,0.0,NA,NA,NA,NA,NA,NA,NA,NA,NA,
SRC-RAW-0669457CFC3C8B1DEF46,SRC-RAW-0669457CFC3C8B1DEF46,POWER,expert_scope,190,BC,reported_total,expert_led_workbook,0.0,0.0,NA,NA,NA,NA,NA,NA,NA,NA,NA,
SRC-RAW-0669457CFC3C8B1DEF46,SRC-RAW-0669457CFC3C8B1DEF46,POWER,expert_scope,190,OC,reported_total,expert_led_workbook,0.5979054,0.5979054,NA,NA,NA,NA,NA,NA,NA,NA,NA,
SRC-RAW-0669457CFC3C8B1DEF46,SRC-RAW-0669457CFC3C8B1DEF46,POWER,expert_scope,190,NH3,reported_total,expert_led_workbook,0.0,0.0,NA,NA,NA,NA,NA,NA,NA,NA,NA,
SRC-RAW-9A74C5D62DC95B042232,SRC-RAW-9A74C5D62DC95B042232,POWER,expert_scope,191,SO2,reported_total,expert_led_workbook,0.06534294,0.06534294,NA,NA,NA,NA,NA,NA,NA,NA,NA,
SRC-RAW-9A74C5D62DC95B042232,SRC-RAW-9A74C5D62DC95B042232,POWER,expert_scope,191,NOx,reported_total,expert_led_workbook,446.51009,258.9758522,NA,NA,NA,NA,NA,NA,NA,NA,NA,
SRC-RAW-9A74C5D62DC95B042232,SRC-RAW-9A74C5D62DC95B042232,POWER,expert_scope,191,CO,reported_total,expert_led_workbook,141.57637,141.57637,NA,NA,NA,NA,NA,NA,NA,NA,NA,
SRC-RAW-9A74C5D62DC95B042232,SRC-RAW-9A74C5D62DC95B042232,POWER,expert_scope,191,VOC,reported_total,expert_led_workbook,3.267147,3.267147,NA,NA,NA,NA,NA,NA,NA,NA,NA,
SRC-RAW-9A74C5D62DC95B042232,SRC-RAW-9A74C5D62DC95B042232,POWER,expert_scope,191,PM10,reported_total,expert_led_workbook,3.267147,3.267147,NA,NA,NA,NA,NA,NA,NA,NA,NA,
SRC-RAW-9A74C5D62DC95B042232,SRC-RAW-9A74C5D62DC95B042232,POWER,expert_scope,191,PM2.5,reported_total,expert_led_workbook,0.0,0.0,NA,NA,NA,NA,NA,NA,NA,NA,NA,
SRC-RAW-9A74C5D62DC95B042232,SRC-RAW-9A74C5D62DC95B042232,POWER,expert_scope,191,BC,reported_total,expert_led_workbook,0.0,0.0,NA,NA,NA,NA,NA,NA,NA,NA,NA,
SRC-RAW-9A74C5D62DC95B042232,SRC-RAW-9A74C5D62DC95B042232,POWER,expert_scope,191,OC,reported_total,expert_led_workbook,2.178098,2.178098,NA,NA,NA,NA,NA,NA,NA,NA,NA,
SRC-RAW-9A74C5D62DC95B042232,SRC-RAW-9A74C5D62DC95B042232,POWER,expert_scope,191,NH3,reported_total,expert_led_workbook,0.0,0.0,NA,NA,NA,NA,NA,NA,NA,NA,NA,
SRC-RAW-1673282707D6E49CDF7E,SRC-RAW-1673282707D6E49CDF7E,POWER,expert_scope,192,SO2,reported_total,expert_led_workbook,0.05900574000000001,0.05900574000000001,NA,NA,NA,NA,NA,NA,NA,NA,NA,
SRC-RAW-1673282707D6E49CDF7E,SRC-RAW-1673282707D6E49CDF7E,POWER,expert_scope,192,NOx,reported_total,expert_led_workbook,403.20589,233.85941620000003,NA,NA,NA,NA,NA,NA,NA,NA,NA,
SRC-RAW-1673282707D6E49CDF7E,SRC-RAW-1673282707D6E49CDF7E,POWER,expert_scope,192,CO,reported_total,expert_led_workbook,127.84577000000002,127.84577000000002,NA,NA,NA,NA,NA,NA,NA,NA,NA,
SRC-RAW-1673282707D6E49CDF7E,SRC-RAW-1673282707D6E49CDF7E,POWER,expert_scope,192,VOC,reported_total,expert_led_workbook,2.950287,2.950287,NA,NA,NA,NA,NA,NA,NA,NA,NA,
SRC-RAW-1673282707D6E49CDF7E,SRC-RAW-1673282707D6E49CDF7E,POWER,expert_scope,192,PM10,reported_total,expert_led_workbook,2.950287,2.950287,NA,NA,NA,NA,NA,NA,NA,NA,NA,
SRC-RAW-1673282707D6E49CDF7E,SRC-RAW-1673282707D6E49CDF7E,POWER,expert_scope,192,PM2.5,reported_total,expert_led_workbook,0.0,0.0,NA,NA,NA,NA,NA,NA,NA,NA,NA,
SRC-RAW-1673282707D6E49CDF7E,SRC-RAW-1673282707D6E49CDF7E,POWER,expert_scope,192,BC,reported_total,expert_led_workbook,0.0,0.0,NA,NA,NA,NA,NA,NA,NA,NA,NA,
SRC-RAW-1673282707D6E49CDF7E,SRC-RAW-1673282707D6E49CDF7E,POWER,expert_scope,192,OC,reported_total,expert_led_workbook,1.9668580000000002,1.9668580000000002,NA,NA,NA,NA,NA,NA,NA,NA,NA,
SRC-RAW-1673282707D6E49CDF7E,SRC-RAW-1673282707D6E49CDF7E,POWER,expert_scope,192,NH3,reported_total,expert_led_workbook,0.0,0.0,NA,NA,NA,NA,NA,NA,NA,NA,NA,
SRC-RAW-C9AC375DB05FEA7F4F8E,SRC-RAW-C9AC375DB05FEA7F4F8E,POWER,expert_scope,193,SO2,reported_total,expert_led_workbook,0.010016639999999999,0.010016639999999999,NA,NA,NA,NA,NA,NA,NA,NA,NA,
SRC-RAW-C9AC375DB05FEA7F4F8E,SRC-RAW-C9AC375DB05FEA7F4F8E,POWER,expert_scope,193,NOx,reported_total,expert_led_workbook,145.632,84.46656000000002,NA,NA,NA,NA,NA,NA,NA,NA,NA,
SRC-RAW-C9AC375DB05FEA7F4F8E,SRC-RAW-C9AC375DB05FEA7F4F8E,POWER,expert_scope,193,CO,reported_total,expert_led_workbook,46.176,46.176,NA,NA,NA,NA,NA,NA,NA,NA,NA,
SRC-RAW-C9AC375DB05FEA7F4F8E,SRC-RAW-C9AC375DB05FEA7F4F8E,POWER,expert_scope,193,VOC,reported_total,expert_led_workbook,1.0656,1.0656,NA,NA,NA,NA,NA,NA,NA,NA,NA,
SRC-RAW-C9AC375DB05FEA7F4F8E,SRC-RAW-C9AC375DB05FEA7F4F8E,POWER,expert_scope,193,PM10,reported_total,expert_led_workbook,1.0656,1.0656,NA,NA,NA,NA,NA,NA,NA,NA,NA,
SRC-RAW-C9AC375DB05FEA7F4F8E,SRC-RAW-C9AC375DB05FEA7F4F8E,POWER,expert_scope,193,PM2.5,reported_total,expert_led_workbook,0.0,0.0,NA,NA,NA,NA,NA,NA,NA,NA,NA,
SRC-RAW-C9AC375DB05FEA7F4F8E,SRC-RAW-C9AC375DB05FEA7F4F8E,POWER,expert_scope,193,BC,reported_total,expert_led_workbook,0.0,0.0,NA,NA,NA,NA,NA,NA,NA,NA,NA,
SRC-RAW-C9AC375DB05FEA7F4F8E,SRC-RAW-C9AC375DB05FEA7F4F8E,POWER,expert_scope,193,OC,reported_total,expert_led_workbook,0.7104000000000001,0.7104000000000001,NA,NA,NA,NA,NA,NA,NA,NA,NA,
SRC-RAW-C9AC375DB05FEA7F4F8E,SRC-RAW-C9AC375DB05FEA7F4F8E,POWER,expert_scope,193,NH3,reported_total,expert_led_workbook,0.0,0.0,NA,NA,NA,NA,NA,NA,NA,NA,NA,
SRC-RAW-6900A35332BD97E5DBE4,SRC-RAW-6900A35332BD97E5DBE4,POWER,expert_scope,194,SO2,reported_total,expert_led_workbook,0.020633939999999996,0.020633939999999996,NA,NA,NA,NA,NA,NA,NA,NA,NA,
SRC-RAW-6900A35332BD97E5DBE4,SRC-RAW-6900A35332BD97E5DBE4,POWER,expert_scope,194,NOx,reported_total,expert_led_workbook,299.997,173.99826000000002,NA,NA,NA,NA,NA,NA,NA,NA,NA,
SRC-RAW-6900A35332BD97E5DBE4,SRC-RAW-6900A35332BD97E5DBE4,POWER,expert_scope,194,CO,reported_total,expert_led_workbook,95.121,95.121,NA,NA,NA,NA,NA,NA,NA,NA,NA,
SRC-RAW-6900A35332BD97E5DBE4,SRC-RAW-6900A35332BD97E5DBE4,POWER,expert_scope,194,VOC,reported_total,expert_led_workbook,2.1951,2.1951,NA,NA,NA,NA,NA,NA,NA,NA,NA,
SRC-RAW-6900A35332BD97E5DBE4,SRC-RAW-6900A35332BD97E5DBE4,POWER,expert_scope,194,PM10,reported_total,expert_led_workbook,2.1951,2.1951,NA,NA,NA,NA,NA,NA,NA,NA,NA,
SRC-RAW-6900A35332BD97E5DBE4,SRC-RAW-6900A35332BD97E5DBE4,POWER,expert_scope,194,PM2.5,reported_total,expert_led_workbook,0.0,0.0,NA,NA,NA,NA,NA,NA,NA,NA,NA,
SRC-RAW-6900A35332BD97E5DBE4,SRC-RAW-6900A35332BD97E5DBE4,POWER,expert_scope,194,BC,reported_total,expert_led_workbook,0.0,0.0,NA,NA,NA,NA,NA,NA,NA,NA,NA,
SRC-RAW-6900A35332BD97E5DBE4,SRC-RAW-6900A35332BD97E5DBE4,POWER,expert_scope,194,OC,reported_total,expert_led_workbook,1.4634,1.4634,NA,NA,NA,NA,NA,NA,NA,NA,NA,
SRC-RAW-6900A35332BD97E5DBE4,SRC-RAW-6900A35332BD97E5DBE4,POWER,expert_scope,194,NH3,reported_total,expert_led_workbook,0.0,0.0,NA,NA,NA,NA,NA,NA,NA,NA,NA,
SRC-RAW-3203977F5D5270B760BF,SRC-RAW-3203977F5D5270B760BF,POWER,expert_scope,195,SO2,reported_total,expert_led_workbook,7377.047999999999,115.08194880000042,NA,NA,NA,NA,NA,NA,NA,NA,NA,
SRC-RAW-3203977F5D5270B760BF,SRC-RAW-3203977F5D5270B760BF,POWER,expert_scope,195,NOx,reported_total,expert_led_workbook,4334.148,1300.2444000000003,NA,NA,NA,NA,NA,NA,NA,NA,NA,
SRC-RAW-3203977F5D5270B760BF,SRC-RAW-3203977F5D5270B760BF,POWER,expert_scope,195,CO,reported_total,expert_led_workbook,1058.4,1058.4,NA,NA,NA,NA,NA,NA,NA,NA,NA,
SRC-RAW-3203977F5D5270B760BF,SRC-RAW-3203977F5D5270B760BF,POWER,expert_scope,195,VOC,reported_total,expert_led_workbook,16861.836096000003,185.48019705599833,NA,NA,NA,NA,NA,NA,NA,NA,NA,
SRC-RAW-3203977F5D5270B760BF,SRC-RAW-3203977F5D5270B760BF,POWER,expert_scope,195,PM10,reported_total,expert_led_workbook,4070.098368000001,122.10295104000014,NA,NA,NA,NA,NA,NA,NA,NA,NA,
SRC-RAW-3203977F5D5270B760BF,SRC-RAW-3203977F5D5270B760BF,POWER,expert_scope,195,PM2.5,reported_total,expert_led_workbook,8.140196736000002,0.24420590208000026,NA,NA,NA,NA,NA,NA,NA,NA,NA,
SRC-RAW-3203977F5D5270B760BF,SRC-RAW-3203977F5D5270B760BF,POWER,expert_scope,195,BC,reported_total,expert_led_workbook,0.0,0.0,NA,NA,NA,NA,NA,NA,NA,NA,NA,
SRC-RAW-3203977F5D5270B760BF,SRC-RAW-3203977F5D5270B760BF,POWER,expert_scope,195,OC,reported_total,expert_led_workbook,21.168,21.168,NA,NA,NA,NA,NA,NA,NA,NA,NA,
SRC-RAW-3203977F5D5270B760BF,SRC-RAW-3203977F5D5270B760BF,POWER,expert_scope,195,NH3,reported_total,expert_led_workbook,0.0,0.0,NA,NA,NA,NA,NA,NA,NA,NA,NA,
SRC-RAW-E2673803482D4F76F5EC,SRC-RAW-E2673803482D4F76F5EC,POWER,expert_scope,196,SO2,reported_total,expert_led_workbook,7192.835999999999,112.2082416000004,NA,NA,NA,NA,NA,NA,NA,NA,NA,
SRC-RAW-E2673803482D4F76F5EC,SRC-RAW-E2673803482D4F76F5EC,POWER,expert_scope,196,NOx,reported_total,expert_led_workbook,4125.303,1237.5909000000001,NA,NA,NA,NA,NA,NA,NA,NA,NA,
SRC-RAW-E2673803482D4F76F5EC,SRC-RAW-E2673803482D4F76F5EC,POWER,expert_scope,196,CO,reported_total,expert_led_workbook,1007.4,1007.4,NA,NA,NA,NA,NA,NA,NA,NA,NA,
SRC-RAW-E2673803482D4F76F5EC,SRC-RAW-E2673803482D4F76F5EC,POWER,expert_scope,196,VOC,reported_total,expert_led_workbook,16049.332656000002,176.5426592159984,NA,NA,NA,NA,NA,NA,NA,NA,NA,
SRC-RAW-E2673803482D4F76F5EC,SRC-RAW-E2673803482D4F76F5EC,POWER,expert_scope,196,PM10,reported_total,expert_led_workbook,3873.9768480000007,116.21930544000013,NA,NA,NA,NA,NA,NA,NA,NA,NA,
SRC-RAW-E2673803482D4F76F5EC,SRC-RAW-E2673803482D4F76F5EC,POWER,expert_scope,196,PM2.5,reported_total,expert_led_workbook,7.7479536960000015,0.23243861088000026,NA,NA,NA,NA,NA,NA,NA,NA,NA,
SRC-RAW-E2673803482D4F76F5EC,SRC-RAW-E2673803482D4F76F5EC,POWER,expert_scope,196,BC,reported_total,expert_led_workbook,0.0,0.0,NA,NA,NA,NA,NA,NA,NA,NA,NA,
SRC-RAW-E2673803482D4F76F5EC,SRC-RAW-E2673803482D4F76F5EC,POWER,expert_scope,196,OC,reported_total,expert_led_workbook,20.148,20.148,NA,NA,NA,NA,NA,NA,NA,NA,NA,
SRC-RAW-E2673803482D4F76F5EC,SRC-RAW-E2673803482D4F76F5EC,POWER,expert_scope,196,NH3,reported_total,expert_led_workbook,0.0,0.0,NA,NA,NA,NA,NA,NA,NA,NA,NA,
SRC-RAW-7057245F3E3F239AD204,SRC-RAW-7057245F3E3F239AD204,POWER,expert_scope,197,SO2,reported_total,expert_led_workbook,78.409559,1.8975113278,NA,NA,NA,NA,NA,NA,NA,NA,NA,
SRC-RAW-7057245F3E3F239AD204,SRC-RAW-7057245F3E3F239AD204,POWER,expert_scope,197,NOx,reported_total,expert_led_workbook,149.19296000000003,37.29824000000001,NA,NA,NA,NA,NA,NA,NA,NA,NA,
SRC-RAW-7057245F3E3F239AD204,SRC-RAW-7057245F3E3F239AD204,POWER,expert_scope,197,CO,reported_total,expert_led_workbook,33.302,33.302,NA,NA,NA,NA,NA,NA,NA,NA,NA,
SRC-RAW-7057245F3E3F239AD204,SRC-RAW-7057245F3E3F239AD204,POWER,expert_scope,197,VOC,reported_total,expert_led_workbook,360.45951592,3.9650546751199633,NA,NA,NA,NA,NA,NA,NA,NA,NA,
SRC-RAW-7057245F3E3F239AD204,SRC-RAW-7057245F3E3F239AD204,POWER,expert_scope,197,PM10,reported_total,expert_led_workbook,87.00746936000002,2.610224080800003,NA,NA,NA,NA,NA,NA,NA,NA,NA,
SRC-RAW-7057245F3E3F239AD204,SRC-RAW-7057245F3E3F239AD204,POWER,expert_scope,197,PM2.5,reported_total,expert_led_workbook,0.17401493872000004,0.005220448161600006,NA,NA,NA,NA,NA,NA,NA,NA,NA,
SRC-RAW-7057245F3E3F239AD204,SRC-RAW-7057245F3E3F239AD204,POWER,expert_scope,197,BC,reported_total,expert_led_workbook,0.0,0.0,NA,NA,NA,NA,NA,NA,NA,NA,NA,
SRC-RAW-7057245F3E3F239AD204,SRC-RAW-7057245F3E3F239AD204,POWER,expert_scope,197,OC,reported_total,expert_led_workbook,0.66604,0.66604,NA,NA,NA,NA,NA,NA,NA,NA,NA,
SRC-RAW-7057245F3E3F239AD204,SRC-RAW-7057245F3E3F239AD204,POWER,expert_scope,197,NH3,reported_total,expert_led_workbook,0.0,0.0,NA,NA,NA,NA,NA,NA,NA,NA,NA,
SRC-RAW-FD79BD3BADBA834EA813,SRC-RAW-FD79BD3BADBA834EA813,POWER,expert_scope,198,SO2,reported_total,expert_led_workbook,215.57802,5.2169880840000005,NA,NA,NA,NA,NA,NA,NA,NA,NA,
SRC-RAW-FD79BD3BADBA834EA813,SRC-RAW-FD79BD3BADBA834EA813,POWER,expert_scope,198,NOx,reported_total,expert_led_workbook,410.18880000000007,102.54720000000002,NA,NA,NA,NA,NA,NA,NA,NA,NA,
SRC-RAW-FD79BD3BADBA834EA813,SRC-RAW-FD79BD3BADBA834EA813,POWER,expert_scope,198,CO,reported_total,expert_led_workbook,91.56,91.56,NA,NA,NA,NA,NA,NA,NA,NA,NA,
SRC-RAW-FD79BD3BADBA834EA813,SRC-RAW-FD79BD3BADBA834EA813,POWER,expert_scope,198,VOC,reported_total,expert_led_workbook,991.0417776,10.901459553599901,NA,NA,NA,NA,NA,NA,NA,NA,NA,
SRC-RAW-FD79BD3BADBA834EA813,SRC-RAW-FD79BD3BADBA834EA813,POWER,expert_scope,198,PM10,reported_total,expert_led_workbook,239.21698080000004,7.176509424000008,NA,NA,NA,NA,NA,NA,NA,NA,NA,
SRC-RAW-FD79BD3BADBA834EA813,SRC-RAW-FD79BD3BADBA834EA813,POWER,expert_scope,198,PM2.5,reported_total,expert_led_workbook,0.4784339616000001,0.014353018848000016,NA,NA,NA,NA,NA,NA,NA,NA,NA,
SRC-RAW-FD79BD3BADBA834EA813,SRC-RAW-FD79BD3BADBA834EA813,POWER,expert_scope,198,BC,reported_total,expert_led_workbook,0.0,0.0,NA,NA,NA,NA,NA,NA,NA,NA,NA,
SRC-RAW-FD79BD3BADBA834EA813,SRC-RAW-FD79BD3BADBA834EA813,POWER,expert_scope,198,OC,reported_total,expert_led_workbook,1.8312,1.8312,NA,NA,NA,NA,NA,NA,NA,NA,NA,
SRC-RAW-FD79BD3BADBA834EA813,SRC-RAW-FD79BD3BADBA834EA813,POWER,expert_scope,198,NH3,reported_total,expert_led_workbook,0.0,0.0,NA,NA,NA,NA,NA,NA,NA,NA,NA,
SRC-RAW-0D301274CFA9EB4D2854,SRC-RAW-0D301274CFA9EB4D2854,POWER,expert_scope,199,SO2,reported_total,expert_led_workbook,118.92108600000002,2.8778902812000005,NA,NA,NA,NA,NA,NA,NA,NA,NA,
SRC-RAW-0D301274CFA9EB4D2854,SRC-RAW-0D301274CFA9EB4D2854,POWER,expert_scope,199,NOx,reported_total,expert_led_workbook,226.27584000000002,56.568960000000004,NA,NA,NA,NA,NA,NA,NA,NA,NA,
SRC-RAW-0D301274CFA9EB4D2854,SRC-RAW-0D301274CFA9EB4D2854,POWER,expert_scope,199,CO,reported_total,expert_led_workbook,50.508,50.508,NA,NA,NA,NA,NA,NA,NA,NA,NA,
SRC-RAW-0D301274CFA9EB4D2854,SRC-RAW-0D301274CFA9EB4D2854,POWER,expert_scope,199,VOC,reported_total,expert_led_workbook,546.69657168,6.013662288479945,NA,NA,NA,NA,NA,NA,NA,NA,NA,
SRC-RAW-0D301274CFA9EB4D2854,SRC-RAW-0D301274CFA9EB4D2854,POWER,expert_scope,199,PM10,reported_total,expert_led_workbook,131.96124144000004,3.9588372432000045,NA,NA,NA,NA,NA,NA,NA,NA,NA,
SRC-RAW-0D301274CFA9EB4D2854,SRC-RAW-0D301274CFA9EB4D2854,POWER,expert_scope,199,PM2.5,reported_total,expert_led_workbook,0.2639224828800001,0.00791767448640001,NA,NA,NA,NA,NA,NA,NA,NA,NA,
SRC-RAW-0D301274CFA9EB4D2854,SRC-RAW-0D301274CFA9EB4D2854,POWER,expert_scope,199,BC,reported_total,expert_led_workbook,0.0,0.0,NA,NA,NA,NA,NA,NA,NA,NA,NA,
SRC-RAW-0D301274CFA9EB4D2854,SRC-RAW-0D301274CFA9EB4D2854,POWER,expert_scope,199,OC,reported_total,expert_led_workbook,1.01016,1.01016,NA,NA,NA,NA,NA,NA,NA,NA,NA,
SRC-RAW-0D301274CFA9EB4D2854,SRC-RAW-0D301274CFA9EB4D2854,POWER,expert_scope,199,NH3,reported_total,expert_led_workbook,0.0,0.0,NA,NA,NA,NA,NA,NA,NA,NA,NA,
SRC-RAW-335C1877B1077DD809D5,SRC-RAW-335C1877B1077DD809D5,POWER,expert_scope,200,SO2,reported_total,expert_led_workbook,667.1286599499999,66.71286599499997,NA,NA,NA,NA,NA,NA,NA,NA,NA,
SRC-RAW-335C1877B1077DD809D5,SRC-RAW-335C1877B1077DD809D5,POWER,expert_scope,200,NOx,reported_total,expert_led_workbook,1212.4691264000003,303.11728160000007,NA,NA,NA,NA,NA,NA,NA,NA,NA,
SRC-RAW-335C1877B1077DD809D5,SRC-RAW-335C1877B1077DD809D5,POWER,expert_scope,200,CO,reported_total,expert_led_workbook,270.64043,270.64043,NA,NA,NA,NA,NA,NA,NA,NA,NA,
SRC-RAW-335C1877B1077DD809D5,SRC-RAW-335C1877B1077DD809D5,POWER,expert_scope,200,VOC,reported_total,expert_led_workbook,1307.572173502,2.6151443470040023,NA,NA,NA,NA,NA,NA,NA,NA,NA,
SRC-RAW-335C1877B1077DD809D5,SRC-RAW-335C1877B1077DD809D5,POWER,expert_scope,200,PM10,reported_total,expert_led_workbook,315.62086946600004,1.2624834778640013,NA,NA,NA,NA,NA,NA,NA,NA,NA,
SRC-RAW-335C1877B1077DD809D5,SRC-RAW-335C1877B1077DD809D5,POWER,expert_scope,200,PM2.5,reported_total,expert_led_workbook,0.6312417389320001,0.0025249669557280024,NA,NA,NA,NA,NA,NA,NA,NA,NA,
SRC-RAW-335C1877B1077DD809D5,SRC-RAW-335C1877B1077DD809D5,POWER,expert_scope,200,BC,reported_total,expert_led_workbook,0.0,0.0,NA,NA,NA,NA,NA,NA,NA,NA,NA,
SRC-RAW-335C1877B1077DD809D5,SRC-RAW-335C1877B1077DD809D5,POWER,expert_scope,200,OC,reported_total,expert_led_workbook,5.4128086,5.4128086,NA,NA,NA,NA,NA,NA,NA,NA,NA,
SRC-RAW-335C1877B1077DD809D5,SRC-RAW-335C1877B1077DD809D5,POWER,expert_scope,200,NH3,reported_total,expert_led_workbook,0.0,0.0,NA,NA,NA,NA,NA,NA,NA,NA,NA,
SRC-RAW-C31AC3A1AA390A1FBEB2,SRC-RAW-C31AC3A1AA390A1FBEB2,POWER,expert_scope,201,SO2,reported_total,expert_led_workbook,5318.11,50.52204500000034,NA,NA,NA,NA,NA,NA,NA,NA,NA,
SRC-RAW-C31AC3A1AA390A1FBEB2,SRC-RAW-C31AC3A1AA390A1FBEB2,POWER,expert_scope,201,NOx,reported_total,expert_led_workbook,3222.149,483.32235000000003,NA,NA,NA,NA,NA,NA,NA,NA,NA,
SRC-RAW-C31AC3A1AA390A1FBEB2,SRC-RAW-C31AC3A1AA390A1FBEB2,POWER,expert_scope,201,CO,reported_total,expert_led_workbook,893.8,893.8,NA,NA,NA,NA,NA,NA,NA,NA,NA,
SRC-RAW-C31AC3A1AA390A1FBEB2,SRC-RAW-C31AC3A1AA390A1FBEB2,POWER,expert_scope,201,VOC,reported_total,expert_led_workbook,14986.3446,89.91806759999842,NA,NA,NA,NA,NA,NA,NA,NA,NA,
SRC-RAW-C31AC3A1AA390A1FBEB2,SRC-RAW-C31AC3A1AA390A1FBEB2,POWER,expert_scope,201,PM10,reported_total,expert_led_workbook,3909.4812,66.46118040000006,NA,NA,NA,NA,NA,NA,NA,NA,NA,
SRC-RAW-C31AC3A1AA390A1FBEB2,SRC-RAW-C31AC3A1AA390A1FBEB2,POWER,expert_scope,201,PM2.5,reported_total,expert_led_workbook,7.8189624,0.1329223608000001,NA,NA,NA,NA,NA,NA,NA,NA,NA,
SRC-RAW-C31AC3A1AA390A1FBEB2,SRC-RAW-C31AC3A1AA390A1FBEB2,POWER,expert_scope,201,BC,reported_total,expert_led_workbook,0.0,0.0,NA,NA,NA,NA,NA,NA,NA,NA,NA,
SRC-RAW-C31AC3A1AA390A1FBEB2,SRC-RAW-C31AC3A1AA390A1FBEB2,POWER,expert_scope,201,OC,reported_total,expert_led_workbook,17.876,17.876,NA,NA,NA,NA,NA,NA,NA,NA,NA,
SRC-RAW-C31AC3A1AA390A1FBEB2,SRC-RAW-C31AC3A1AA390A1FBEB2,POWER,expert_scope,201,NH3,reported_total,expert_led_workbook,0.0,0.0,NA,NA,NA,NA,NA,NA,NA,NA,NA,
SRC-RAW-1BF474C507E9F04CF42E,SRC-RAW-1BF474C507E9F04CF42E,POWER,expert_scope,202,SO2,reported_total,expert_led_workbook,263.1472194,78.94416582000001,NA,NA,NA,NA,NA,NA,NA,NA,NA,
SRC-RAW-1BF474C507E9F04CF42E,SRC-RAW-1BF474C507E9F04CF42E,POWER,expert_scope,202,NOx,reported_total,expert_led_workbook,355.62580479999997,106.68774144000001,NA,NA,NA,NA,NA,NA,NA,NA,NA,
SRC-RAW-1BF474C507E9F04CF42E,SRC-RAW-1BF474C507E9F04CF42E,POWER,expert_scope,202,CO,reported_total,expert_led_workbook,79.38076,79.38076,NA,NA,NA,NA,NA,NA,NA,NA,NA,
SRC-RAW-1BF474C507E9F04CF42E,SRC-RAW-1BF474C507E9F04CF42E,POWER,expert_scope,202,VOC,reported_total,expert_led_workbook,644.5717712,1.289143542400001,NA,NA,NA,NA,NA,NA,NA,NA,NA,
SRC-RAW-1BF474C507E9F04CF42E,SRC-RAW-1BF474C507E9F04CF42E,POWER,expert_scope,202,PM10,reported_total,expert_led_workbook,155.58628960000001,0.6223451584000006,NA,NA,NA,NA,NA,NA,NA,NA,NA,
SRC-RAW-1BF474C507E9F04CF42E,SRC-RAW-1BF474C507E9F04CF42E,POWER,expert_scope,202,PM2.5,reported_total,expert_led_workbook,0.3111725792,0.0012446903168000013,NA,NA,NA,NA,NA,NA,NA,NA,NA,
SRC-RAW-1BF474C507E9F04CF42E,SRC-RAW-1BF474C507E9F04CF42E,POWER,expert_scope,202,BC,reported_total,expert_led_workbook,0.0,0.0,NA,NA,NA,NA,NA,NA,NA,NA,NA,
SRC-RAW-1BF474C507E9F04CF42E,SRC-RAW-1BF474C507E9F04CF42E,POWER,expert_scope,202,OC,reported_total,expert_led_workbook,1.5876152,1.5876152,NA,NA,NA,NA,NA,NA,NA,NA,NA,
SRC-RAW-1BF474C507E9F04CF42E,SRC-RAW-1BF474C507E9F04CF42E,POWER,expert_scope,202,NH3,reported_total,expert_led_workbook,0.0,0.0,NA,NA,NA,NA,NA,NA,NA,NA,NA,
SRC-RAW-5EB562E3FFA0E13B0AC2,SRC-RAW-5EB562E3FFA0E13B0AC2,POWER,expert_scope,203,SO2,reported_total,expert_led_workbook,209.5792725,6.287378175000006,NA,NA,NA,NA,NA,NA,NA,NA,NA,
SRC-RAW-5EB562E3FFA0E13B0AC2,SRC-RAW-5EB562E3FFA0E13B0AC2,POWER,expert_scope,203,NOx,reported_total,expert_led_workbook,283.23232,84.96969600000001,NA,NA,NA,NA,NA,NA,NA,NA,NA,
SRC-RAW-5EB562E3FFA0E13B0AC2,SRC-RAW-5EB562E3FFA0E13B0AC2,POWER,expert_scope,203,CO,reported_total,expert_led_workbook,63.2215,63.2215,NA,NA,NA,NA,NA,NA,NA,NA,NA,
SRC-RAW-5EB562E3FFA0E13B0AC2,SRC-RAW-5EB562E3FFA0E13B0AC2,POWER,expert_scope,203,VOC,reported_total,expert_led_workbook,513.3585800000001,5.646944379999949,NA,NA,NA,NA,NA,NA,NA,NA,NA,
SRC-RAW-5EB562E3FFA0E13B0AC2,SRC-RAW-5EB562E3FFA0E13B0AC2,POWER,expert_scope,203,PM10,reported_total,expert_led_workbook,123.91414000000002,3.717424200000004,NA,NA,NA,NA,NA,NA,NA,NA,NA,
SRC-RAW-5EB562E3FFA0E13B0AC2,SRC-RAW-5EB562E3FFA0E13B0AC2,POWER,expert_scope,203,PM2.5,reported_total,expert_led_workbook,0.24782828000000004,0.007434848400000008,NA,NA,NA,NA,NA,NA,NA,NA,NA,
SRC-RAW-5EB562E3FFA0E13B0AC2,SRC-RAW-5EB562E3FFA0E13B0AC2,POWER,expert_scope,203,BC,reported_total,expert_led_workbook,0.0,0.0,NA,NA,NA,NA,NA,NA,NA,NA,NA,
SRC-RAW-5EB562E3FFA0E13B0AC2,SRC-RAW-5EB562E3FFA0E13B0AC2,POWER,expert_scope,203,OC,reported_total,expert_led_workbook,1.2644300000000002,1.2644300000000002,NA,NA,NA,NA,NA,NA,NA,NA,NA,
SRC-RAW-5EB562E3FFA0E13B0AC2,SRC-RAW-5EB562E3FFA0E13B0AC2,POWER,expert_scope,203,NH3,reported_total,expert_led_workbook,0.0,0.0,NA,NA,NA,NA,NA,NA,NA,NA,NA,
SRC-RAW-1FD4343BD9C1A56DAB29,SRC-RAW-1FD4343BD9C1A56DAB29,POWER,expert_scope,204,SO2,reported_total,expert_led_workbook,3277.9106299500004,163.89553149750017,NA,NA,NA,NA,NA,NA,NA,NA,NA,
SRC-RAW-1FD4343BD9C1A56DAB29,SRC-RAW-1FD4343BD9C1A56DAB29,POWER,expert_scope,204,NOx,reported_total,expert_led_workbook,3141.1849459200002,785.2962364800001,NA,NA,NA,NA,NA,NA,NA,NA,NA,
SRC-RAW-1FD4343BD9C1A56DAB29,SRC-RAW-1FD4343BD9C1A56DAB29,POWER,expert_scope,204,CO,reported_total,expert_led_workbook,701.157354,701.157354,NA,NA,NA,NA,NA,NA,NA,NA,NA,
SRC-RAW-1FD4343BD9C1A56DAB29,SRC-RAW-1FD4343BD9C1A56DAB29,POWER,expert_scope,204,VOC,reported_total,expert_led_workbook,8876.007036874322,53.25604222124499,NA,NA,NA,NA,NA,NA,NA,NA,NA,
SRC-RAW-1FD4343BD9C1A56DAB29,SRC-RAW-1FD4343BD9C1A56DAB29,POWER,expert_scope,204,PM10,reported_total,expert_led_workbook,2142.4844571765607,36.422235772001564,NA,NA,NA,NA,NA,NA,NA,NA,NA,
SRC-RAW-1FD4343BD9C1A56DAB29,SRC-RAW-1FD4343BD9C1A56DAB29,POWER,expert_scope,204,PM2.5,reported_total,expert_led_workbook,4.284968914353121,0.07284447154400313,NA,NA,NA,NA,NA,NA,NA,NA,NA,
SRC-RAW-1FD4343BD9C1A56DAB29,SRC-RAW-1FD4343BD9C1A56DAB29,POWER,expert_scope,204,BC,reported_total,expert_led_workbook,0.0,0.0,NA,NA,NA,NA,NA,NA,NA,NA,NA,
SRC-RAW-1FD4343BD9C1A56DAB29,SRC-RAW-1FD4343BD9C1A56DAB29,POWER,expert_scope,204,OC,reported_total,expert_led_workbook,14.023147080000001,14.023147080000001,NA,NA,NA,NA,NA,NA,NA,NA,NA,
SRC-RAW-1FD4343BD9C1A56DAB29,SRC-RAW-1FD4343BD9C1A56DAB29,POWER,expert_scope,204,NH3,reported_total,expert_led_workbook,0.0,0.0,NA,NA,NA,NA,NA,NA,NA,NA,NA,
SRC-RAW-2978FB24041E22A2EE51,SRC-RAW-2978FB24041E22A2EE51,POWER,expert_scope,205,SO2,reported_total,expert_led_workbook,2458.43296545,122.92164827250012,NA,NA,NA,NA,NA,NA,NA,NA,NA,
SRC-RAW-2978FB24041E22A2EE51,SRC-RAW-2978FB24041E22A2EE51,POWER,expert_scope,205,NOx,reported_total,expert_led_workbook,2355.88870272,588.97217568,NA,NA,NA,NA,NA,NA,NA,NA,NA,
SRC-RAW-2978FB24041E22A2EE51,SRC-RAW-2978FB24041E22A2EE51,POWER,expert_scope,205,CO,reported_total,expert_led_workbook,525.868014,525.868014,NA,NA,NA,NA,NA,NA,NA,NA,NA,
SRC-RAW-2978FB24041E22A2EE51,SRC-RAW-2978FB24041E22A2EE51,POWER,expert_scope,205,VOC,reported_total,expert_led_workbook,6657.00525866712,39.942031552002014,NA,NA,NA,NA,NA,NA,NA,NA,NA,
SRC-RAW-2978FB24041E22A2EE51,SRC-RAW-2978FB24041E22A2EE51,POWER,expert_scope,205,PM10,reported_total,expert_led_workbook,1606.8633382989603,27.31667675108235,NA,NA,NA,NA,NA,NA,NA,NA,NA,
SRC-RAW-2978FB24041E22A2EE51,SRC-RAW-2978FB24041E22A2EE51,POWER,expert_scope,205,PM2.5,reported_total,expert_led_workbook,3.2137266765979207,0.0546333535021647,NA,NA,NA,NA,NA,NA,NA,NA,NA,
SRC-RAW-2978FB24041E22A2EE51,SRC-RAW-2978FB24041E22A2EE51,POWER,expert_scope,205,BC,reported_total,expert_led_workbook,0.0,0.0,NA,NA,NA,NA,NA,NA,NA,NA,NA,
SRC-RAW-2978FB24041E22A2EE51,SRC-RAW-2978FB24041E22A2EE51,POWER,expert_scope,205,OC,reported_total,expert_led_workbook,10.517360279999998,10.517360279999998,NA,NA,NA,NA,NA,NA,NA,NA,NA,
SRC-RAW-2978FB24041E22A2EE51,SRC-RAW-2978FB24041E22A2EE51,POWER,expert_scope,205,NH3,reported_total,expert_led_workbook,0.0,0.0,NA,NA,NA,NA,NA,NA,NA,NA,NA,
SRC-RAW-58CB2CB748DDC20560F6,SRC-RAW-58CB2CB748DDC20560F6,POWER,expert_scope,206,SO2,reported_total,expert_led_workbook,0.588865286,0.588865286,NA,NA,NA,NA,NA,NA,NA,NA,NA,
SRC-RAW-58CB2CB748DDC20560F6,SRC-RAW-58CB2CB748DDC20560F6,POWER,expert_scope,206,NOx,reported_total,expert_led_workbook,859.19846,498.33510680000006,NA,NA,NA,NA,NA,NA,NA,NA,NA,
SRC-RAW-58CB2CB748DDC20560F6,SRC-RAW-58CB2CB748DDC20560F6,POWER,expert_scope,206,CO,reported_total,expert_led_workbook,272.4287800000001,272.4287800000001,NA,NA,NA,NA,NA,NA,NA,NA,NA,
SRC-RAW-58CB2CB748DDC20560F6,SRC-RAW-58CB2CB748DDC20560F6,POWER,expert_scope,206,VOC,reported_total,expert_led_workbook,6.286818000000001,6.286818000000001,NA,NA,NA,NA,NA,NA,NA,NA,NA,
SRC-RAW-58CB2CB748DDC20560F6,SRC-RAW-58CB2CB748DDC20560F6,POWER,expert_scope,206,PM10,reported_total,expert_led_workbook,6.286818000000001,6.286818000000001,NA,NA,NA,NA,NA,NA,NA,NA,NA,
SRC-RAW-58CB2CB748DDC20560F6,SRC-RAW-58CB2CB748DDC20560F6,POWER,expert_scope,206,PM2.5,reported_total,expert_led_workbook,0.0,0.0,NA,NA,NA,NA,NA,NA,NA,NA,NA,
SRC-RAW-58CB2CB748DDC20560F6,SRC-RAW-58CB2CB748DDC20560F6,POWER,expert_scope,206,BC,reported_total,expert_led_workbook,0.0,0.0,NA,NA,NA,NA,NA,NA,NA,NA,NA,
SRC-RAW-58CB2CB748DDC20560F6,SRC-RAW-58CB2CB748DDC20560F6,POWER,expert_scope,206,OC,reported_total,expert_led_workbook,4.191212,4.191212,NA,NA,NA,NA,NA,NA,NA,NA,NA,
SRC-RAW-58CB2CB748DDC20560F6,SRC-RAW-58CB2CB748DDC20560F6,POWER,expert_scope,206,NH3,reported_total,expert_led_workbook,0.0,0.0,NA,NA,NA,NA,NA,NA,NA,NA,NA,
SRC-RAW-E15C2C1ECEDAD44E813D,SRC-RAW-E15C2C1ECEDAD44E813D,POWER,expert_scope,207,SO2,reported_total,expert_led_workbook,0.6639913385,0.6639913385,NA,NA,NA,NA,NA,NA,NA,NA,NA,
SRC-RAW-E15C2C1ECEDAD44E813D,SRC-RAW-E15C2C1ECEDAD44E813D,POWER,expert_scope,207,NOx,reported_total,expert_led_workbook,968.8129849999999,561.9115313,NA,NA,NA,NA,NA,NA,NA,NA,NA,
SRC-RAW-E15C2C1ECEDAD44E813D,SRC-RAW-E15C2C1ECEDAD44E813D,POWER,expert_scope,207,CO,reported_total,expert_led_workbook,307.184605,307.184605,NA,NA,NA,NA,NA,NA,NA,NA,NA,
SRC-RAW-E15C2C1ECEDAD44E813D,SRC-RAW-E15C2C1ECEDAD44E813D,POWER,expert_scope,207,VOC,reported_total,expert_led_workbook,7.088875499999999,7.088875499999999,NA,NA,NA,NA,NA,NA,NA,NA,NA,
SRC-RAW-E15C2C1ECEDAD44E813D,SRC-RAW-E15C2C1ECEDAD44E813D,POWER,expert_scope,207,PM10,reported_total,expert_led_workbook,7.088875499999999,7.088875499999999,NA,NA,NA,NA,NA,NA,NA,NA,NA,
SRC-RAW-E15C2C1ECEDAD44E813D,SRC-RAW-E15C2C1ECEDAD44E813D,POWER,expert_scope,207,PM2.5,reported_total,expert_led_workbook,0.0,0.0,NA,NA,NA,NA,NA,NA,NA,NA,NA,
SRC-RAW-E15C2C1ECEDAD44E813D,SRC-RAW-E15C2C1ECEDAD44E813D,POWER,expert_scope,207,BC,reported_total,expert_led_workbook,0.0,0.0,NA,NA,NA,NA,NA,NA,NA,NA,NA,
SRC-RAW-E15C2C1ECEDAD44E813D,SRC-RAW-E15C2C1ECEDAD44E813D,POWER,expert_scope,207,OC,reported_total,expert_led_workbook,4.725917,4.725917,NA,NA,NA,NA,NA,NA,NA,NA,NA,
SRC-RAW-E15C2C1ECEDAD44E813D,SRC-RAW-E15C2C1ECEDAD44E813D,POWER,expert_scope,207,NH3,reported_total,expert_led_workbook,0.0,0.0,NA,NA,NA,NA,NA,NA,NA,NA,NA,
SRC-RAW-C0BDF62A7EABF6E5A5C7,SRC-RAW-C0BDF62A7EABF6E5A5C7,POWER,expert_scope,208,SO2,reported_total,expert_led_workbook,281.78315999999995,17.78051739600001,NA,NA,NA,NA,NA,NA,NA,NA,NA,
SRC-RAW-C0BDF62A7EABF6E5A5C7,SRC-RAW-C0BDF62A7EABF6E5A5C7,POWER,expert_scope,208,NOx,reported_total,expert_led_workbook,724.4697600000002,181.11744000000004,NA,NA,NA,NA,NA,NA,NA,NA,NA,
SRC-RAW-C0BDF62A7EABF6E5A5C7,SRC-RAW-C0BDF62A7EABF6E5A5C7,POWER,expert_scope,208,CO,reported_total,expert_led_workbook,161.712,161.712,NA,NA,NA,NA,NA,NA,NA,NA,NA,
SRC-RAW-C0BDF62A7EABF6E5A5C7,SRC-RAW-C0BDF62A7EABF6E5A5C7,POWER,expert_scope,208,VOC,reported_total,expert_led_workbook,917.8579065600001,5.507147439359903,NA,NA,NA,NA,NA,NA,NA,NA,NA,
SRC-RAW-C0BDF62A7EABF6E5A5C7,SRC-RAW-C0BDF62A7EABF6E5A5C7,POWER,expert_scope,208,PM10,reported_total,expert_led_workbook,221.55190848000007,3.7663824441600045,NA,NA,NA,NA,NA,NA,NA,NA,NA,
SRC-RAW-C0BDF62A7EABF6E5A5C7,SRC-RAW-C0BDF62A7EABF6E5A5C7,POWER,expert_scope,208,PM2.5,reported_total,expert_led_workbook,0.4431038169600001,0.007532764888320009,NA,NA,NA,NA,NA,NA,NA,NA,NA,
SRC-RAW-C0BDF62A7EABF6E5A5C7,SRC-RAW-C0BDF62A7EABF6E5A5C7,POWER,expert_scope,208,BC,reported_total,expert_led_workbook,0.0,0.0,NA,NA,NA,NA,NA,NA,NA,NA,NA,
SRC-RAW-C0BDF62A7EABF6E5A5C7,SRC-RAW-C0BDF62A7EABF6E5A5C7,POWER,expert_scope,208,OC,reported_total,expert_led_workbook,3.2342400000000002,3.2342400000000002,NA,NA,NA,NA,NA,NA,NA,NA,NA,
SRC-RAW-C0BDF62A7EABF6E5A5C7,SRC-RAW-C0BDF62A7EABF6E5A5C7,POWER,expert_scope,208,NH3,reported_total,expert_led_workbook,0.0,0.0,NA,NA,NA,NA,NA,NA,NA,NA,NA,
SRC-RAW-BFD53C684A1E68C0BAD5,SRC-RAW-BFD53C684A1E68C0BAD5,POWER,expert_scope,209,SO2,reported_total,expert_led_workbook,229.43135773999998,32.57925279908,NA,NA,NA,NA,NA,NA,NA,NA,NA,
SRC-RAW-BFD53C684A1E68C0BAD5,SRC-RAW-BFD53C684A1E68C0BAD5,POWER,expert_scope,209,NOx,reported_total,expert_led_workbook,195.03842176000003,33.156531699200016,NA,NA,NA,NA,NA,NA,NA,NA,NA,
SRC-RAW-BFD53C684A1E68C0BAD5,SRC-RAW-BFD53C684A1E68C0BAD5,POWER,expert_scope,209,CO,reported_total,expert_led_workbook,43.535362,43.535362,NA,NA,NA,NA,NA,NA,NA,NA,NA,
SRC-RAW-BFD53C684A1E68C0BAD5,SRC-RAW-BFD53C684A1E68C0BAD5,POWER,expert_scope,209,VOC,reported_total,expert_led_workbook,600.25512276912,3.6015307366146567,NA,NA,NA,NA,NA,NA,NA,NA,NA,
SRC-RAW-BFD53C684A1E68C0BAD5,SRC-RAW-BFD53C684A1E68C0BAD5,POWER,expert_scope,209,PM10,reported_total,expert_led_workbook,144.88916756496002,2.4631158486043225,NA,NA,NA,NA,NA,NA,NA,NA,NA,
SRC-RAW-BFD53C684A1E68C0BAD5,SRC-RAW-BFD53C684A1E68C0BAD5,POWER,expert_scope,209,PM2.5,reported_total,expert_led_workbook,0.28977833512992,0.004926231697208645,NA,NA,NA,NA,NA,NA,NA,NA,NA,
SRC-RAW-BFD53C684A1E68C0BAD5,SRC-RAW-BFD53C684A1E68C0BAD5,POWER,expert_scope,209,BC,reported_total,expert_led_workbook,0.0,0.0,NA,NA,NA,NA,NA,NA,NA,NA,NA,
SRC-RAW-BFD53C684A1E68C0BAD5,SRC-RAW-BFD53C684A1E68C0BAD5,POWER,expert_scope,209,OC,reported_total,expert_led_workbook,0.8707072400000001,0.8707072400000001,NA,NA,NA,NA,NA,NA,NA,NA,NA,
SRC-RAW-BFD53C684A1E68C0BAD5,SRC-RAW-BFD53C684A1E68C0BAD5,POWER,expert_scope,209,NH3,reported_total,expert_led_workbook,0.0,0.0,NA,NA,NA,NA,NA,NA,NA,NA,NA,
SRC-RAW-39E2EF967D6F6B1CFD28,SRC-RAW-39E2EF967D6F6B1CFD28,POWER,expert_scope,210,SO2,reported_total,expert_led_workbook,420.10088526,59.654325706920005,NA,NA,NA,NA,NA,NA,NA,NA,NA,
SRC-RAW-39E2EF967D6F6B1CFD28,SRC-RAW-39E2EF967D6F6B1CFD28,POWER,expert_scope,210,NOx,reported_total,expert_led_workbook,357.12561024,60.711353740800014,NA,NA,NA,NA,NA,NA,NA,NA,NA,
SRC-RAW-39E2EF967D6F6B1CFD28,SRC-RAW-39E2EF967D6F6B1CFD28,POWER,expert_scope,210,CO,reported_total,expert_led_workbook,79.715538,79.715538,NA,NA,NA,NA,NA,NA,NA,NA,NA,
SRC-RAW-39E2EF967D6F6B1CFD28,SRC-RAW-39E2EF967D6F6B1CFD28,POWER,expert_scope,210,VOC,reported_total,expert_led_workbook,1099.09870621488,6.594592237289164,NA,NA,NA,NA,NA,NA,NA,NA,NA,
SRC-RAW-39E2EF967D6F6B1CFD28,SRC-RAW-39E2EF967D6F6B1CFD28,POWER,expert_scope,210,PM10,reported_total,expert_led_workbook,265.29968770704005,4.510094691019685,NA,NA,NA,NA,NA,NA,NA,NA,NA,
SRC-RAW-39E2EF967D6F6B1CFD28,SRC-RAW-39E2EF967D6F6B1CFD28,POWER,expert_scope,210,PM2.5,reported_total,expert_led_workbook,0.5305993754140801,0.00902018938203937,NA,NA,NA,NA,NA,NA,NA,NA,NA,
SRC-RAW-39E2EF967D6F6B1CFD28,SRC-RAW-39E2EF967D6F6B1CFD28,POWER,expert_scope,210,BC,reported_total,expert_led_workbook,0.0,0.0,NA,NA,NA,NA,NA,NA,NA,NA,NA,
SRC-RAW-39E2EF967D6F6B1CFD28,SRC-RAW-39E2EF967D6F6B1CFD28,POWER,expert_scope,210,OC,reported_total,expert_led_workbook,1.5943107600000002,1.5943107600000002,NA,NA,NA,NA,NA,NA,NA,NA,NA,
SRC-RAW-39E2EF967D6F6B1CFD28,SRC-RAW-39E2EF967D6F6B1CFD28,POWER,expert_scope,210,NH3,reported_total,expert_led_workbook,0.0,0.0,NA,NA,NA,NA,NA,NA,NA,NA,NA,
SRC-RAW-F4362B1F0DD113F7107D,SRC-RAW-F4362B1F0DD113F7107D,POWER,expert_scope,211,SO2,reported_total,expert_led_workbook,11123.2348695,313.6752233198988,NA,NA,NA,NA,NA,NA,NA,NA,NA,
SRC-RAW-F4362B1F0DD113F7107D,SRC-RAW-F4362B1F0DD113F7107D,POWER,expert_scope,211,NOx,reported_total,expert_led_workbook,10483.467112299999,832.3872887166202,NA,NA,NA,NA,NA,NA,NA,NA,NA,
SRC-RAW-F4362B1F0DD113F7107D,SRC-RAW-F4362B1F0DD113F7107D,POWER,expert_scope,211,CO,reported_total,expert_led_workbook,2908.0352599999997,2908.0352599999997,NA,NA,NA,NA,NA,NA,NA,NA,NA,
SRC-RAW-F4362B1F0DD113F7107D,SRC-RAW-F4362B1F0DD113F7107D,POWER,expert_scope,211,VOC,reported_total,expert_led_workbook,35816.81627978999,214.9008976787362,NA,NA,NA,NA,NA,NA,NA,NA,NA,
SRC-RAW-F4362B1F0DD113F7107D,SRC-RAW-F4362B1F0DD113F7107D,POWER,expert_scope,211,PM10,reported_total,expert_led_workbook,9343.517290379998,158.8397939364601,NA,NA,NA,NA,NA,NA,NA,NA,NA,
SRC-RAW-F4362B1F0DD113F7107D,SRC-RAW-F4362B1F0DD113F7107D,POWER,expert_scope,211,PM2.5,reported_total,expert_led_workbook,18.687034580759995,0.3176795878729202,NA,NA,NA,NA,NA,NA,NA,NA,NA,
SRC-RAW-F4362B1F0DD113F7107D,SRC-RAW-F4362B1F0DD113F7107D,POWER,expert_scope,211,BC,reported_total,expert_led_workbook,0.0,0.0,NA,NA,NA,NA,NA,NA,NA,NA,NA,
SRC-RAW-F4362B1F0DD113F7107D,SRC-RAW-F4362B1F0DD113F7107D,POWER,expert_scope,211,OC,reported_total,expert_led_workbook,58.160705199999995,58.160705199999995,NA,NA,NA,NA,NA,NA,NA,NA,NA,
SRC-RAW-F4362B1F0DD113F7107D,SRC-RAW-F4362B1F0DD113F7107D,POWER,expert_scope,211,NH3,reported_total,expert_led_workbook,0.0,0.0,NA,NA,NA,NA,NA,NA,NA,NA,NA,
SRC-RAW-568486153061EFF23C0E,SRC-RAW-568486153061EFF23C0E,POWER,expert_scope,212,SO2,reported_total,expert_led_workbook,10151.326620000002,340.0694417699998,NA,NA,NA,NA,NA,NA,NA,NA,NA,
SRC-RAW-568486153061EFF23C0E,SRC-RAW-568486153061EFF23C0E,POWER,expert_scope,212,NOx,reported_total,expert_led_workbook,9567.459468000001,1560.4526392308003,NA,NA,NA,NA,NA,NA,NA,NA,NA,
SRC-RAW-568486153061EFF23C0E,SRC-RAW-568486153061EFF23C0E,POWER,expert_scope,212,CO,reported_total,expert_led_workbook,2653.9416,2653.9416,NA,NA,NA,NA,NA,NA,NA,NA,NA,
SRC-RAW-568486153061EFF23C0E,SRC-RAW-568486153061EFF23C0E,POWER,expert_scope,212,VOC,reported_total,expert_led_workbook,32687.2717164,196.12363029839653,NA,NA,NA,NA,NA,NA,NA,NA,NA,
SRC-RAW-568486153061EFF23C0E,SRC-RAW-568486153061EFF23C0E,POWER,expert_scope,212,PM10,reported_total,expert_led_workbook,8527.114360799998,144.9609441336001,NA,NA,NA,NA,NA,NA,NA,NA,NA,
SRC-RAW-568486153061EFF23C0E,SRC-RAW-568486153061EFF23C0E,POWER,expert_scope,212,PM2.5,reported_total,expert_led_workbook,17.054228721599998,0.2899218882672002,NA,NA,NA,NA,NA,NA,NA,NA,NA,
SRC-RAW-568486153061EFF23C0E,SRC-RAW-568486153061EFF23C0E,POWER,expert_scope,212,BC,reported_total,expert_led_workbook,0.0,0.0,NA,NA,NA,NA,NA,NA,NA,NA,NA,
SRC-RAW-568486153061EFF23C0E,SRC-RAW-568486153061EFF23C0E,POWER,expert_scope,212,OC,reported_total,expert_led_workbook,53.078832000000006,53.078832000000006,NA,NA,NA,NA,NA,NA,NA,NA,NA,
SRC-RAW-568486153061EFF23C0E,SRC-RAW-568486153061EFF23C0E,POWER,expert_scope,212,NH3,reported_total,expert_led_workbook,0.0,0.0,NA,NA,NA,NA,NA,NA,NA,NA,NA,
SRC-RAW-C3BBF9D631AD3B1F5011,SRC-RAW-C3BBF9D631AD3B1F5011,POWER,expert_scope,213,SO2,reported_total,expert_led_workbook,11385.882549,237.96494527410033,NA,NA,NA,NA,NA,NA,NA,NA,NA,
SRC-RAW-C3BBF9D631AD3B1F5011,SRC-RAW-C3BBF9D631AD3B1F5011,POWER,expert_scope,213,NOx,reported_total,expert_led_workbook,10731.008258599999,1962.7014104979405,NA,NA,NA,NA,NA,NA,NA,NA,NA,
SRC-RAW-C3BBF9D631AD3B1F5011,SRC-RAW-C3BBF9D631AD3B1F5011,POWER,expert_scope,213,CO,reported_total,expert_led_workbook,2976.7013199999997,2976.7013199999997,NA,NA,NA,NA,NA,NA,NA,NA,NA,
SRC-RAW-C3BBF9D631AD3B1F5011,SRC-RAW-C3BBF9D631AD3B1F5011,POWER,expert_scope,213,VOC,reported_total,expert_led_workbook,36662.54180778,219.97525084667612,NA,NA,NA,NA,NA,NA,NA,NA,NA,
SRC-RAW-C3BBF9D631AD3B1F5011,SRC-RAW-C3BBF9D631AD3B1F5011,POWER,expert_scope,213,PM10,reported_total,expert_led_workbook,9564.141341159997,162.5904027997201,NA,NA,NA,NA,NA,NA,NA,NA,NA,
SRC-RAW-C3BBF9D631AD3B1F5011,SRC-RAW-C3BBF9D631AD3B1F5011,POWER,expert_scope,213,PM2.5,reported_total,expert_led_workbook,19.128282682319995,0.3251808055994402,NA,NA,NA,NA,NA,NA,NA,NA,NA,
SRC-RAW-C3BBF9D631AD3B1F5011,SRC-RAW-C3BBF9D631AD3B1F5011,POWER,expert_scope,213,BC,reported_total,expert_led_workbook,0.0,0.0,NA,NA,NA,NA,NA,NA,NA,NA,NA,
SRC-RAW-C3BBF9D631AD3B1F5011,SRC-RAW-C3BBF9D631AD3B1F5011,POWER,expert_scope,213,OC,reported_total,expert_led_workbook,59.534026399999995,59.534026399999995,NA,NA,NA,NA,NA,NA,NA,NA,NA,
SRC-RAW-C3BBF9D631AD3B1F5011,SRC-RAW-C3BBF9D631AD3B1F5011,POWER,expert_scope,213,NH3,reported_total,expert_led_workbook,0.0,0.0,NA,NA,NA,NA,NA,NA,NA,NA,NA,
SRC-RAW-519099C4DE48B6F6BA2A,SRC-RAW-519099C4DE48B6F6BA2A,POWER,expert_scope,214,SO2,reported_total,expert_led_workbook,10267.870698,437.4112917348009,NA,NA,NA,NA,NA,NA,NA,NA,NA,
SRC-RAW-519099C4DE48B6F6BA2A,SRC-RAW-519099C4DE48B6F6BA2A,POWER,expert_scope,214,NOx,reported_total,expert_led_workbook,9677.3003572,1645.1410607240005,NA,NA,NA,NA,NA,NA,NA,NA,NA,
SRC-RAW-519099C4DE48B6F6BA2A,SRC-RAW-519099C4DE48B6F6BA2A,POWER,expert_scope,214,CO,reported_total,expert_led_workbook,2684.41064,2684.41064,NA,NA,NA,NA,NA,NA,NA,NA,NA,
SRC-RAW-519099C4DE48B6F6BA2A,SRC-RAW-519099C4DE48B6F6BA2A,POWER,expert_scope,214,VOC,reported_total,expert_led_workbook,33062.54364756,198.3752618853565,NA,NA,NA,NA,NA,NA,NA,NA,NA,
SRC-RAW-519099C4DE48B6F6BA2A,SRC-RAW-519099C4DE48B6F6BA2A,POWER,expert_scope,214,PM10,reported_total,expert_led_workbook,8625.011386319999,146.6251935674401,NA,NA,NA,NA,NA,NA,NA,NA,NA,
SRC-RAW-519099C4DE48B6F6BA2A,SRC-RAW-519099C4DE48B6F6BA2A,POWER,expert_scope,214,PM2.5,reported_total,expert_led_workbook,17.250022772639998,0.2932503871348802,NA,NA,NA,NA,NA,NA,NA,NA,NA,
SRC-RAW-519099C4DE48B6F6BA2A,SRC-RAW-519099C4DE48B6F6BA2A,POWER,expert_scope,214,BC,reported_total,expert_led_workbook,0.0,0.0,NA,NA,NA,NA,NA,NA,NA,NA,NA,
SRC-RAW-519099C4DE48B6F6BA2A,SRC-RAW-519099C4DE48B6F6BA2A,POWER,expert_scope,214,OC,reported_total,expert_led_workbook,53.6882128,53.6882128,NA,NA,NA,NA,NA,NA,NA,NA,NA,
SRC-RAW-519099C4DE48B6F6BA2A,SRC-RAW-519099C4DE48B6F6BA2A,POWER,expert_scope,214,NH3,reported_total,expert_led_workbook,0.0,0.0,NA,NA,NA,NA,NA,NA,NA,NA,NA,
SRC-RAW-FD6EF161EFDABABAC119,SRC-RAW-FD6EF161EFDABABAC119,POWER,expert_scope,215,SO2,reported_total,expert_led_workbook,11265.096699,464.12198399880015,NA,NA,NA,NA,NA,NA,NA,NA,NA,
SRC-RAW-FD6EF161EFDABABAC119,SRC-RAW-FD6EF161EFDABABAC119,POWER,expert_scope,215,NOx,reported_total,expert_led_workbook,10617.169568599998,2123.433913719999,NA,NA,NA,NA,NA,NA,NA,NA,NA,
SRC-RAW-FD6EF161EFDABABAC119,SRC-RAW-FD6EF161EFDABABAC119,POWER,expert_scope,215,CO,reported_total,expert_led_workbook,2945.1233199999997,2945.1233199999997,NA,NA,NA,NA,NA,NA,NA,NA,NA,
SRC-RAW-FD6EF161EFDABABAC119,SRC-RAW-FD6EF161EFDABABAC119,POWER,expert_scope,215,VOC,reported_total,expert_led_workbook,36273.611370779996,217.64166822467615,NA,NA,NA,NA,NA,NA,NA,NA,NA,
SRC-RAW-FD6EF161EFDABABAC119,SRC-RAW-FD6EF161EFDABABAC119,POWER,expert_scope,215,PM10,reported_total,expert_led_workbook,9462.681227159997,160.8655808617201,NA,NA,NA,NA,NA,NA,NA,NA,NA,
SRC-RAW-FD6EF161EFDABABAC119,SRC-RAW-FD6EF161EFDABABAC119,POWER,expert_scope,215,PM2.5,reported_total,expert_led_workbook,18.925362454319995,0.3217311617234402,NA,NA,NA,NA,NA,NA,NA,NA,NA,
SRC-RAW-FD6EF161EFDABABAC119,SRC-RAW-FD6EF161EFDABABAC119,POWER,expert_scope,215,BC,reported_total,expert_led_workbook,0.0,0.0,NA,NA,NA,NA,NA,NA,NA,NA,NA,
SRC-RAW-FD6EF161EFDABABAC119,SRC-RAW-FD6EF161EFDABABAC119,POWER,expert_scope,215,OC,reported_total,expert_led_workbook,58.902466399999994,58.902466399999994,NA,NA,NA,NA,NA,NA,NA,NA,NA,
SRC-RAW-FD6EF161EFDABABAC119,SRC-RAW-FD6EF161EFDABABAC119,POWER,expert_scope,215,NH3,reported_total,expert_led_workbook,0.0,0.0,NA,NA,NA,NA,NA,NA,NA,NA,NA,
SRC-RAW-5607458528344CD6A61E,SRC-RAW-5607458528344CD6A61E,POWER,expert_scope,216,SO2,reported_total,expert_led_workbook,19721.051815500003,396.3931414915502,NA,NA,NA,NA,NA,NA,NA,NA,NA,
SRC-RAW-5607458528344CD6A61E,SRC-RAW-5607458528344CD6A61E,POWER,expert_scope,216,NOx,reported_total,expert_led_workbook,18586.7690967,1475.7894662779806,NA,NA,NA,NA,NA,NA,NA,NA,NA,
SRC-RAW-5607458528344CD6A61E,SRC-RAW-5607458528344CD6A61E,POWER,expert_scope,216,CO,reported_total,expert_led_workbook,5155.83054,5155.83054,NA,NA,NA,NA,NA,NA,NA,NA,NA,
SRC-RAW-5607458528344CD6A61E,SRC-RAW-5607458528344CD6A61E,POWER,expert_scope,216,VOC,reported_total,expert_led_workbook,63501.78684591,381.01072107545326,NA,NA,NA,NA,NA,NA,NA,NA,NA,
SRC-RAW-5607458528344CD6A61E,SRC-RAW-5607458528344CD6A61E,POWER,expert_scope,216,PM10,reported_total,expert_led_workbook,16565.683525019995,281.61661992534016,NA,NA,NA,NA,NA,NA,NA,NA,NA,
SRC-RAW-5607458528344CD6A61E,SRC-RAW-5607458528344CD6A61E,POWER,expert_scope,216,PM2.5,reported_total,expert_led_workbook,33.13136705003999,0.5632332398506803,NA,NA,NA,NA,NA,NA,NA,NA,NA,
SRC-RAW-5607458528344CD6A61E,SRC-RAW-5607458528344CD6A61E,POWER,expert_scope,216,BC,reported_total,expert_led_workbook,0.0,0.0,NA,NA,NA,NA,NA,NA,NA,NA,NA,
SRC-RAW-5607458528344CD6A61E,SRC-RAW-5607458528344CD6A61E,POWER,expert_scope,216,OC,reported_total,expert_led_workbook,103.1166108,103.1166108,NA,NA,NA,NA,NA,NA,NA,NA,NA,
SRC-RAW-5607458528344CD6A61E,SRC-RAW-5607458528344CD6A61E,POWER,expert_scope,216,NH3,reported_total,expert_led_workbook,0.0,0.0,NA,NA,NA,NA,NA,NA,NA,NA,NA,
SRC-RAW-8129FEA76C852631EB98,SRC-RAW-8129FEA76C852631EB98,POWER,expert_scope,217,SO2,reported_total,expert_led_workbook,19480.347243000004,656.4877020891014,NA,NA,NA,NA,NA,NA,NA,NA,NA,
SRC-RAW-8129FEA76C852631EB98,SRC-RAW-8129FEA76C852631EB98,POWER,expert_scope,217,NOx,reported_total,expert_led_workbook,18359.908970200002,2337.216411906462,NA,NA,NA,NA,NA,NA,NA,NA,NA,
SRC-RAW-8129FEA76C852631EB98,SRC-RAW-8129FEA76C852631EB98,POWER,expert_scope,217,CO,reported_total,expert_led_workbook,5092.90124,5092.90124,NA,NA,NA,NA,NA,NA,NA,NA,NA,
SRC-RAW-8129FEA76C852631EB98,SRC-RAW-8129FEA76C852631EB98,POWER,expert_scope,217,VOC,reported_total,expert_led_workbook,62726.71812246,376.36030873475335,NA,NA,NA,NA,NA,NA,NA,NA,NA,
SRC-RAW-8129FEA76C852631EB98,SRC-RAW-8129FEA76C852631EB98,POWER,expert_scope,217,PM10,reported_total,expert_led_workbook,16363.491684119997,278.1793586300402,NA,NA,NA,NA,NA,NA,NA,NA,NA,
SRC-RAW-8129FEA76C852631EB98,SRC-RAW-8129FEA76C852631EB98,POWER,expert_scope,217,PM2.5,reported_total,expert_led_workbook,32.72698336824,0.5563587172600805,NA,NA,NA,NA,NA,NA,NA,NA,NA,
SRC-RAW-8129FEA76C852631EB98,SRC-RAW-8129FEA76C852631EB98,POWER,expert_scope,217,BC,reported_total,expert_led_workbook,0.0,0.0,NA,NA,NA,NA,NA,NA,NA,NA,NA,
SRC-RAW-8129FEA76C852631EB98,SRC-RAW-8129FEA76C852631EB98,POWER,expert_scope,217,OC,reported_total,expert_led_workbook,101.85802480000001,101.85802480000001,NA,NA,NA,NA,NA,NA,NA,NA,NA,
SRC-RAW-8129FEA76C852631EB98,SRC-RAW-8129FEA76C852631EB98,POWER,expert_scope,217,NH3,reported_total,expert_led_workbook,0.0,0.0,NA,NA,NA,NA,NA,NA,NA,NA,NA,
SRC-RAW-3773392A01F3A2325FB8,SRC-RAW-3773392A01F3A2325FB8,POWER,expert_scope,218,SO2,reported_total,expert_led_workbook,319.1828608,319.1828608,NA,NA,NA,NA,NA,NA,NA,NA,NA,
SRC-RAW-3773392A01F3A2325FB8,SRC-RAW-3773392A01F3A2325FB8,POWER,expert_scope,218,NOx,reported_total,expert_led_workbook,525.7129472,525.7129472,NA,NA,NA,NA,NA,NA,NA,NA,NA,
SRC-RAW-3773392A01F3A2325FB8,SRC-RAW-3773392A01F3A2325FB8,POWER,expert_scope,218,CO,reported_total,expert_led_workbook,117.34664,117.34664,NA,NA,NA,NA,NA,NA,NA,NA,NA,
SRC-RAW-3773392A01F3A2325FB8,SRC-RAW-3773392A01F3A2325FB8,POWER,expert_scope,218,VOC,reported_total,expert_led_workbook,1045.2816243296,12.54337949195521,NA,NA,NA,NA,NA,NA,NA,NA,NA,
SRC-RAW-3773392A01F3A2325FB8,SRC-RAW-3773392A01F3A2325FB8,POWER,expert_scope,218,PM10,reported_total,expert_led_workbook,252.30935759680006,7.569280727904008,NA,NA,NA,NA,NA,NA,NA,NA,NA,
SRC-RAW-3773392A01F3A2325FB8,SRC-RAW-3773392A01F3A2325FB8,POWER,expert_scope,218,PM2.5,reported_total,expert_led_workbook,0.5046187151936001,0.015138561455808018,NA,NA,NA,NA,NA,NA,NA,NA,NA,
SRC-RAW-3773392A01F3A2325FB8,SRC-RAW-3773392A01F3A2325FB8,POWER,expert_scope,218,BC,reported_total,expert_led_workbook,0.0,0.0,NA,NA,NA,NA,NA,NA,NA,NA,NA,
SRC-RAW-3773392A01F3A2325FB8,SRC-RAW-3773392A01F3A2325FB8,POWER,expert_scope,218,OC,reported_total,expert_led_workbook,2.3469328000000003,2.3469328000000003,NA,NA,NA,NA,NA,NA,NA,NA,NA,
SRC-RAW-3773392A01F3A2325FB8,SRC-RAW-3773392A01F3A2325FB8,POWER,expert_scope,218,NH3,reported_total,expert_led_workbook,0.0,0.0,NA,NA,NA,NA,NA,NA,NA,NA,NA,
SRC-RAW-B5908C0301AA9D0E6E94,SRC-RAW-B5908C0301AA9D0E6E94,POWER,expert_scope,219,SO2,reported_total,expert_led_workbook,71.91,71.91,NA,NA,NA,NA,NA,NA,NA,NA,NA,
SRC-RAW-B5908C0301AA9D0E6E94,SRC-RAW-B5908C0301AA9D0E6E94,POWER,expert_scope,219,NOx,reported_total,expert_led_workbook,189.50400000000002,56.85151773049647,NA,NA,NA,NA,NA,NA,NA,NA,NA,
SRC-RAW-B5908C0301AA9D0E6E94,SRC-RAW-B5908C0301AA9D0E6E94,POWER,expert_scope,219,CO,reported_total,expert_led_workbook,42.3,42.3,NA,NA,NA,NA,NA,NA,NA,NA,NA,
SRC-RAW-B5908C0301AA9D0E6E94,SRC-RAW-B5908C0301AA9D0E6E94,POWER,expert_scope,219,VOC,reported_total,expert_led_workbook,480.86640000000006,5.770396800000006,NA,NA,NA,NA,NA,NA,NA,NA,NA,
SRC-RAW-B5908C0301AA9D0E6E94,SRC-RAW-B5908C0301AA9D0E6E94,POWER,expert_scope,219,PM10,reported_total,expert_led_workbook,116.07120000000003,3.482136000000004,NA,NA,NA,NA,NA,NA,NA,NA,NA,
SRC-RAW-B5908C0301AA9D0E6E94,SRC-RAW-B5908C0301AA9D0E6E94,POWER,expert_scope,219,PM2.5,reported_total,expert_led_workbook,0.23214240000000008,0.006964272000000008,NA,NA,NA,NA,NA,NA,NA,NA,NA,
SRC-RAW-B5908C0301AA9D0E6E94,SRC-RAW-B5908C0301AA9D0E6E94,POWER,expert_scope,219,BC,reported_total,expert_led_workbook,0.0,0.0,NA,NA,NA,NA,NA,NA,NA,NA,NA,
SRC-RAW-B5908C0301AA9D0E6E94,SRC-RAW-B5908C0301AA9D0E6E94,POWER,expert_scope,219,OC,reported_total,expert_led_workbook,0.846,0.846,NA,NA,NA,NA,NA,NA,NA,NA,NA,
SRC-RAW-B5908C0301AA9D0E6E94,SRC-RAW-B5908C0301AA9D0E6E94,POWER,expert_scope,219,NH3,reported_total,expert_led_workbook,0.0,0.0,NA,NA,NA,NA,NA,NA,NA,NA,NA,
SRC-RAW-F48BB468C8612404A070,SRC-RAW-F48BB468C8612404A070,POWER,expert_scope,220,SO2,reported_total,expert_led_workbook,12300.710399999998,83.64483072000033,NA,NA,NA,NA,NA,NA,NA,NA,NA,
SRC-RAW-F48BB468C8612404A070,SRC-RAW-F48BB468C8612404A070,POWER,expert_scope,220,NOx,reported_total,expert_led_workbook,5434.3212,1086.8642399999999,NA,NA,NA,NA,NA,NA,NA,NA,NA,
SRC-RAW-F48BB468C8612404A070,SRC-RAW-F48BB468C8612404A070,POWER,expert_scope,220,CO,reported_total,expert_led_workbook,1507.44,1507.44,NA,NA,NA,NA,NA,NA,NA,NA,NA,
SRC-RAW-F48BB468C8612404A070,SRC-RAW-F48BB468C8612404A070,POWER,expert_scope,220,VOC,reported_total,expert_led_workbook,22739.92083,295.6189707900003,NA,NA,NA,NA,NA,NA,NA,NA,NA,
SRC-RAW-F48BB468C8612404A070,SRC-RAW-F48BB468C8612404A070,POWER,expert_scope,220,PM10,reported_total,expert_led_workbook,5932.153259999999,177.96459780000012,NA,NA,NA,NA,NA,NA,NA,NA,NA,
SRC-RAW-F48BB468C8612404A070,SRC-RAW-F48BB468C8612404A070,POWER,expert_scope,220,PM2.5,reported_total,expert_led_workbook,11.864306519999998,0.35592919560000025,NA,NA,NA,NA,NA,NA,NA,NA,NA,
SRC-RAW-F48BB468C8612404A070,SRC-RAW-F48BB468C8612404A070,POWER,expert_scope,220,BC,reported_total,expert_led_workbook,0.0,0.0,NA,NA,NA,NA,NA,NA,NA,NA,NA,
SRC-RAW-F48BB468C8612404A070,SRC-RAW-F48BB468C8612404A070,POWER,expert_scope,220,OC,reported_total,expert_led_workbook,30.148799999999998,30.148799999999998,NA,NA,NA,NA,NA,NA,NA,NA,NA,
SRC-RAW-F48BB468C8612404A070,SRC-RAW-F48BB468C8612404A070,POWER,expert_scope,220,NH3,reported_total,expert_led_workbook,0.0,0.0,NA,NA,NA,NA,NA,NA,NA,NA,NA,
SRC-RAW-00C256E474D31C7B6CE7,SRC-RAW-00C256E474D31C7B6CE7,POWER,expert_scope,221,SO2,reported_total,expert_led_workbook,9631.558079999999,65.49459494400027,NA,NA,NA,NA,NA,NA,NA,NA,NA,
SRC-RAW-00C256E474D31C7B6CE7,SRC-RAW-00C256E474D31C7B6CE7,POWER,expert_scope,221,NOx,reported_total,expert_led_workbook,4255.11849,851.0236979999997,NA,NA,NA,NA,NA,NA,NA,NA,NA,
SRC-RAW-00C256E474D31C7B6CE7,SRC-RAW-00C256E474D31C7B6CE7,POWER,expert_scope,221,CO,reported_total,expert_led_workbook,1180.338,1180.338,NA,NA,NA,NA,NA,NA,NA,NA,NA,
SRC-RAW-00C256E474D31C7B6CE7,SRC-RAW-00C256E474D31C7B6CE7,POWER,expert_scope,221,VOC,reported_total,expert_led_workbook,17805.546272249998,231.4721015392502,NA,NA,NA,NA,NA,NA,NA,NA,NA,
SRC-RAW-00C256E474D31C7B6CE7,SRC-RAW-00C256E474D31C7B6CE7,POWER,expert_scope,221,PM10,reported_total,expert_led_workbook,4644.9251145,139.34775343500013,NA,NA,NA,NA,NA,NA,NA,NA,NA,
SRC-RAW-00C256E474D31C7B6CE7,SRC-RAW-00C256E474D31C7B6CE7,POWER,expert_scope,221,PM2.5,reported_total,expert_led_workbook,9.289850229,0.2786955068700003,NA,NA,NA,NA,NA,NA,NA,NA,NA,
SRC-RAW-00C256E474D31C7B6CE7,SRC-RAW-00C256E474D31C7B6CE7,POWER,expert_scope,221,BC,reported_total,expert_led_workbook,0.0,0.0,NA,NA,NA,NA,NA,NA,NA,NA,NA,
SRC-RAW-00C256E474D31C7B6CE7,SRC-RAW-00C256E474D31C7B6CE7,POWER,expert_scope,221,OC,reported_total,expert_led_workbook,23.60676,23.60676,NA,NA,NA,NA,NA,NA,NA,NA,NA,
SRC-RAW-00C256E474D31C7B6CE7,SRC-RAW-00C256E474D31C7B6CE7,POWER,expert_scope,221,NH3,reported_total,expert_led_workbook,0.0,0.0,NA,NA,NA,NA,NA,NA,NA,NA,NA,
SRC-RAW-6811A2193F6208E866A7,SRC-RAW-6811A2193F6208E866A7,POWER,expert_scope,222,SO2,reported_total,expert_led_workbook,12097.069439999997,82.26007219200032,NA,NA,NA,NA,NA,NA,NA,NA,NA,
SRC-RAW-6811A2193F6208E866A7,SRC-RAW-6811A2193F6208E866A7,POWER,expert_scope,222,NOx,reported_total,expert_led_workbook,5344.3548200000005,1068.870964,NA,NA,NA,NA,NA,NA,NA,NA,NA,
SRC-RAW-6811A2193F6208E866A7,SRC-RAW-6811A2193F6208E866A7,POWER,expert_scope,222,CO,reported_total,expert_led_workbook,1482.484,1482.484,NA,NA,NA,NA,NA,NA,NA,NA,NA,
SRC-RAW-6811A2193F6208E866A7,SRC-RAW-6811A2193F6208E866A7,POWER,expert_scope,222,VOC,reported_total,expert_led_workbook,22363.456450499998,290.72493385650023,NA,NA,NA,NA,NA,NA,NA,NA,NA,
SRC-RAW-6811A2193F6208E866A7,SRC-RAW-6811A2193F6208E866A7,POWER,expert_scope,222,PM10,reported_total,expert_led_workbook,5833.945161,175.01835483000013,NA,NA,NA,NA,NA,NA,NA,NA,NA,
SRC-RAW-6811A2193F6208E866A7,SRC-RAW-6811A2193F6208E866A7,POWER,expert_scope,222,PM2.5,reported_total,expert_led_workbook,11.667890322,0.35003670966000033,NA,NA,NA,NA,NA,NA,NA,NA,NA,
SRC-RAW-6811A2193F6208E866A7,SRC-RAW-6811A2193F6208E866A7,POWER,expert_scope,222,BC,reported_total,expert_led_workbook,0.0,0.0,NA,NA,NA,NA,NA,NA,NA,NA,NA,
SRC-RAW-6811A2193F6208E866A7,SRC-RAW-6811A2193F6208E866A7,POWER,expert_scope,222,OC,reported_total,expert_led_workbook,29.64968,29.64968,NA,NA,NA,NA,NA,NA,NA,NA,NA,
SRC-RAW-6811A2193F6208E866A7,SRC-RAW-6811A2193F6208E866A7,POWER,expert_scope,222,NH3,reported_total,expert_led_workbook,0.0,0.0,NA,NA,NA,NA,NA,NA,NA,NA,NA,
SRC-RAW-0543F60FDC1976D763BF,SRC-RAW-0543F60FDC1976D763BF,POWER,expert_scope,223,SO2,reported_total,expert_led_workbook,11773.917119999998,80.06263641600032,NA,NA,NA,NA,NA,NA,NA,NA,NA,
SRC-RAW-0543F60FDC1976D763BF,SRC-RAW-0543F60FDC1976D763BF,POWER,expert_scope,223,NOx,reported_total,expert_led_workbook,5201.58961,1040.3179219999997,NA,NA,NA,NA,NA,NA,NA,NA,NA,
SRC-RAW-0543F60FDC1976D763BF,SRC-RAW-0543F60FDC1976D763BF,POWER,expert_scope,223,CO,reported_total,expert_led_workbook,1442.882,1442.882,NA,NA,NA,NA,NA,NA,NA,NA,NA,
SRC-RAW-0543F60FDC1976D763BF,SRC-RAW-0543F60FDC1976D763BF,POWER,expert_scope,223,VOC,reported_total,expert_led_workbook,21766.05533025,282.9587192932503,NA,NA,NA,NA,NA,NA,NA,NA,NA,
SRC-RAW-0543F60FDC1976D763BF,SRC-RAW-0543F60FDC1976D763BF,POWER,expert_scope,223,PM10,reported_total,expert_led_workbook,5678.101390499999,170.3430417150001,NA,NA,NA,NA,NA,NA,NA,NA,NA,
SRC-RAW-0543F60FDC1976D763BF,SRC-RAW-0543F60FDC1976D763BF,POWER,expert_scope,223,PM2.5,reported_total,expert_led_workbook,11.356202780999999,0.3406860834300003,NA,NA,NA,NA,NA,NA,NA,NA,NA,
SRC-RAW-0543F60FDC1976D763BF,SRC-RAW-0543F60FDC1976D763BF,POWER,expert_scope,223,BC,reported_total,expert_led_workbook,0.0,0.0,NA,NA,NA,NA,NA,NA,NA,NA,NA,
SRC-RAW-0543F60FDC1976D763BF,SRC-RAW-0543F60FDC1976D763BF,POWER,expert_scope,223,OC,reported_total,expert_led_workbook,28.85764,28.85764,NA,NA,NA,NA,NA,NA,NA,NA,NA,
SRC-RAW-0543F60FDC1976D763BF,SRC-RAW-0543F60FDC1976D763BF,POWER,expert_scope,223,NH3,reported_total,expert_led_workbook,0.0,0.0,NA,NA,NA,NA,NA,NA,NA,NA,NA,
SRC-RAW-59D25E06FBF47F3798DD,SRC-RAW-59D25E06FBF47F3798DD,POWER,expert_scope,224,SO2,reported_total,expert_led_workbook,16157.13456,502.48688481600027,NA,NA,NA,NA,NA,NA,NA,NA,NA,
SRC-RAW-59D25E06FBF47F3798DD,SRC-RAW-59D25E06FBF47F3798DD,POWER,expert_scope,224,NOx,reported_total,expert_led_workbook,6718.16264,934.496423224,NA,NA,NA,NA,NA,NA,NA,NA,NA,
SRC-RAW-59D25E06FBF47F3798DD,SRC-RAW-59D25E06FBF47F3798DD,POWER,expert_scope,224,CO,reported_total,expert_led_workbook,1863.568,1863.568,NA,NA,NA,NA,NA,NA,NA,NA,NA,
SRC-RAW-59D25E06FBF47F3798DD,SRC-RAW-59D25E06FBF47F3798DD,POWER,expert_scope,224,VOC,reported_total,expert_led_workbook,31182.151560000002,187.09290935999672,NA,NA,NA,NA,NA,NA,NA,NA,NA,
SRC-RAW-59D25E06FBF47F3798DD,SRC-RAW-59D25E06FBF47F3798DD,POWER,expert_scope,224,PM10,reported_total,expert_led_workbook,8134.47432,138.28606344000013,NA,NA,NA,NA,NA,NA,NA,NA,NA,
SRC-RAW-59D25E06FBF47F3798DD,SRC-RAW-59D25E06FBF47F3798DD,POWER,expert_scope,224,PM2.5,reported_total,expert_led_workbook,16.26894864,0.27657212688000027,NA,NA,NA,NA,NA,NA,NA,NA,NA,
SRC-RAW-59D25E06FBF47F3798DD,SRC-RAW-59D25E06FBF47F3798DD,POWER,expert_scope,224,BC,reported_total,expert_led_workbook,0.0,0.0,NA,NA,NA,NA,NA,NA,NA,NA,NA,
SRC-RAW-59D25E06FBF47F3798DD,SRC-RAW-59D25E06FBF47F3798DD,POWER,expert_scope,224,OC,reported_total,expert_led_workbook,37.27136,37.27136,NA,NA,NA,NA,NA,NA,NA,NA,NA,
SRC-RAW-59D25E06FBF47F3798DD,SRC-RAW-59D25E06FBF47F3798DD,POWER,expert_scope,224,NH3,reported_total,expert_led_workbook,0.0,0.0,NA,NA,NA,NA,NA,NA,NA,NA,NA,
SRC-RAW-F80BE95D6F30E218DDD0,SRC-RAW-F80BE95D6F30E218DDD0,POWER,expert_scope,225,SO2,reported_total,expert_led_workbook,18405.56,712.2951720000013,NA,NA,NA,NA,NA,NA,NA,NA,NA,
SRC-RAW-F80BE95D6F30E218DDD0,SRC-RAW-F80BE95D6F30E218DDD0,POWER,expert_scope,225,NOx,reported_total,expert_led_workbook,7806.1228,1248.1990357199995,NA,NA,NA,NA,NA,NA,NA,NA,NA,
SRC-RAW-F80BE95D6F30E218DDD0,SRC-RAW-F80BE95D6F30E218DDD0,POWER,expert_scope,225,CO,reported_total,expert_led_workbook,2165.36,2165.36,NA,NA,NA,NA,NA,NA,NA,NA,NA,
SRC-RAW-F80BE95D6F30E218DDD0,SRC-RAW-F80BE95D6F30E218DDD0,POWER,expert_scope,225,VOC,reported_total,expert_led_workbook,33729.27138,202.37562827999642,NA,NA,NA,NA,NA,NA,NA,NA,NA,
SRC-RAW-F80BE95D6F30E218DDD0,SRC-RAW-F80BE95D6F30E218DDD0,POWER,expert_scope,225,PM10,reported_total,expert_led_workbook,8798.940359999999,149.58198612000012,NA,NA,NA,NA,NA,NA,NA,NA,NA,
SRC-RAW-F80BE95D6F30E218DDD0,SRC-RAW-F80BE95D6F30E218DDD0,POWER,expert_scope,225,PM2.5,reported_total,expert_led_workbook,17.59788072,0.29916397224000024,NA,NA,NA,NA,NA,NA,NA,NA,NA,
SRC-RAW-F80BE95D6F30E218DDD0,SRC-RAW-F80BE95D6F30E218DDD0,POWER,expert_scope,225,BC,reported_total,expert_led_workbook,0.0,0.0,NA,NA,NA,NA,NA,NA,NA,NA,NA,
SRC-RAW-F80BE95D6F30E218DDD0,SRC-RAW-F80BE95D6F30E218DDD0,POWER,expert_scope,225,OC,reported_total,expert_led_workbook,43.3072,43.3072,NA,NA,NA,NA,NA,NA,NA,NA,NA,
SRC-RAW-F80BE95D6F30E218DDD0,SRC-RAW-F80BE95D6F30E218DDD0,POWER,expert_scope,225,NH3,reported_total,expert_led_workbook,0.0,0.0,NA,NA,NA,NA,NA,NA,NA,NA,NA,
SRC-RAW-82B5E171E5A1637B8B24,SRC-RAW-82B5E171E5A1637B8B24,POWER,expert_scope,226,SO2,reported_total,expert_led_workbook,325.8076146,19.548456876000017,NA,NA,NA,NA,NA,NA,NA,NA,NA,
SRC-RAW-82B5E171E5A1637B8B24,SRC-RAW-82B5E171E5A1637B8B24,POWER,expert_scope,226,NOx,reported_total,expert_led_workbook,440.30712320000004,74.85221094400002,NA,NA,NA,NA,NA,NA,NA,NA,NA,
SRC-RAW-82B5E171E5A1637B8B24,SRC-RAW-82B5E171E5A1637B8B24,POWER,expert_scope,226,CO,reported_total,expert_led_workbook,98.28284,98.28284,NA,NA,NA,NA,NA,NA,NA,NA,NA,
SRC-RAW-82B5E171E5A1637B8B24,SRC-RAW-82B5E171E5A1637B8B24,POWER,expert_scope,226,VOC,reported_total,expert_led_workbook,275.329547976,3.028625027735972,NA,NA,NA,NA,NA,NA,NA,NA,NA,
SRC-RAW-82B5E171E5A1637B8B24,SRC-RAW-82B5E171E5A1637B8B24,POWER,expert_scope,226,PM10,reported_total,expert_led_workbook,66.45885640800002,1.9937656922400022,NA,NA,NA,NA,NA,NA,NA,NA,NA,
SRC-RAW-82B5E171E5A1637B8B24,SRC-RAW-82B5E171E5A1637B8B24,POWER,expert_scope,226,PM2.5,reported_total,expert_led_workbook,0.13291771281600004,0.003987531384480005,NA,NA,NA,NA,NA,NA,NA,NA,NA,
SRC-RAW-82B5E171E5A1637B8B24,SRC-RAW-82B5E171E5A1637B8B24,POWER,expert_scope,226,BC,reported_total,expert_led_workbook,0.0,0.0,NA,NA,NA,NA,NA,NA,NA,NA,NA,
SRC-RAW-82B5E171E5A1637B8B24,SRC-RAW-82B5E171E5A1637B8B24,POWER,expert_scope,226,OC,reported_total,expert_led_workbook,1.9656567999999999,1.9656567999999999,NA,NA,NA,NA,NA,NA,NA,NA,NA,
SRC-RAW-82B5E171E5A1637B8B24,SRC-RAW-82B5E171E5A1637B8B24,POWER,expert_scope,226,NH3,reported_total,expert_led_workbook,0.0,0.0,NA,NA,NA,NA,NA,NA,NA,NA,NA,
SRC-RAW-A69675A381C3F18A8EFC,SRC-RAW-A69675A381C3F18A8EFC,POWER,expert_scope,227,SO2,reported_total,expert_led_workbook,100.4326,14.2614292,NA,NA,NA,NA,NA,NA,NA,NA,NA,
SRC-RAW-A69675A381C3F18A8EFC,SRC-RAW-A69675A381C3F18A8EFC,POWER,expert_scope,227,NOx,reported_total,expert_led_workbook,78.589,9.823625,NA,NA,NA,NA,NA,NA,NA,NA,NA,
SRC-RAW-A69675A381C3F18A8EFC,SRC-RAW-A69675A381C3F18A8EFC,POWER,expert_scope,227,CO,reported_total,expert_led_workbook,21.8,21.8,NA,NA,NA,NA,NA,NA,NA,NA,NA,
SRC-RAW-A69675A381C3F18A8EFC,SRC-RAW-A69675A381C3F18A8EFC,POWER,expert_scope,227,VOC,reported_total,expert_led_workbook,234.19216799999998,1.4051530079999752,NA,NA,NA,NA,NA,NA,NA,NA,NA,
SRC-RAW-A69675A381C3F18A8EFC,SRC-RAW-A69675A381C3F18A8EFC,POWER,expert_scope,227,PM10,reported_total,expert_led_workbook,56.529144,0.9609954480000009,NA,NA,NA,NA,NA,NA,NA,NA,NA,
SRC-RAW-A69675A381C3F18A8EFC,SRC-RAW-A69675A381C3F18A8EFC,POWER,expert_scope,227,PM2.5,reported_total,expert_led_workbook,0.113058288,0.0019219908960000018,NA,NA,NA,NA,NA,NA,NA,NA,NA,
SRC-RAW-A69675A381C3F18A8EFC,SRC-RAW-A69675A381C3F18A8EFC,POWER,expert_scope,227,BC,reported_total,expert_led_workbook,0.0,0.0,NA,NA,NA,NA,NA,NA,NA,NA,NA,
SRC-RAW-A69675A381C3F18A8EFC,SRC-RAW-A69675A381C3F18A8EFC,POWER,expert_scope,227,OC,reported_total,expert_led_workbook,0.436,0.436,NA,NA,NA,NA,NA,NA,NA,NA,NA,
SRC-RAW-A69675A381C3F18A8EFC,SRC-RAW-A69675A381C3F18A8EFC,POWER,expert_scope,227,NH3,reported_total,expert_led_workbook,0.0,0.0,NA,NA,NA,NA,NA,NA,NA,NA,NA,
SRC-RAW-0A1C442720A5D0A0B25E,SRC-RAW-0A1C442720A5D0A0B25E,POWER,expert_scope,228,SO2,reported_total,expert_led_workbook,2327.47814504,330.50189659568,NA,NA,NA,NA,NA,NA,NA,NA,NA,
SRC-RAW-0A1C442720A5D0A0B25E,SRC-RAW-0A1C442720A5D0A0B25E,POWER,expert_scope,228,NOx,reported_total,expert_led_workbook,1821.2630155999998,227.65787694999997,NA,NA,NA,NA,NA,NA,NA,NA,NA,
SRC-RAW-0A1C442720A5D0A0B25E,SRC-RAW-0A1C442720A5D0A0B25E,POWER,expert_scope,228,CO,reported_total,expert_led_workbook,505.20471999999995,505.20471999999995,NA,NA,NA,NA,NA,NA,NA,NA,NA,
SRC-RAW-0A1C442720A5D0A0B25E,SRC-RAW-0A1C442720A5D0A0B25E,POWER,expert_scope,228,VOC,reported_total,expert_led_workbook,5427.293057827199,32.56375834696262,NA,NA,NA,NA,NA,NA,NA,NA,NA,
SRC-RAW-0A1C442720A5D0A0B25E,SRC-RAW-0A1C442720A5D0A0B25E,POWER,expert_scope,228,PM10,reported_total,expert_led_workbook,1310.0362553376,22.27061634073922,NA,NA,NA,NA,NA,NA,NA,NA,NA,
SRC-RAW-0A1C442720A5D0A0B25E,SRC-RAW-0A1C442720A5D0A0B25E,POWER,expert_scope,228,PM2.5,reported_total,expert_led_workbook,2.6200725106752003,0.04454123268147844,NA,NA,NA,NA,NA,NA,NA,NA,NA,
SRC-RAW-0A1C442720A5D0A0B25E,SRC-RAW-0A1C442720A5D0A0B25E,POWER,expert_scope,228,BC,reported_total,expert_led_workbook,0.0,0.0,NA,NA,NA,NA,NA,NA,NA,NA,NA,
SRC-RAW-0A1C442720A5D0A0B25E,SRC-RAW-0A1C442720A5D0A0B25E,POWER,expert_scope,228,OC,reported_total,expert_led_workbook,10.1040944,10.1040944,NA,NA,NA,NA,NA,NA,NA,NA,NA,
SRC-RAW-0A1C442720A5D0A0B25E,SRC-RAW-0A1C442720A5D0A0B25E,POWER,expert_scope,228,NH3,reported_total,expert_led_workbook,0.0,0.0,NA,NA,NA,NA,NA,NA,NA,NA,NA,
SRC-RAW-618565C484D6DB8278DB,SRC-RAW-618565C484D6DB8278DB,POWER,expert_scope,229,SO2,reported_total,expert_led_workbook,2171.76025508,308.3899562213601,NA,NA,NA,NA,NA,NA,NA,NA,NA,
SRC-RAW-618565C484D6DB8278DB,SRC-RAW-618565C484D6DB8278DB,POWER,expert_scope,229,NOx,reported_total,expert_led_workbook,1699.4130062,212.426625775,NA,NA,NA,NA,NA,NA,NA,NA,NA,
SRC-RAW-618565C484D6DB8278DB,SRC-RAW-618565C484D6DB8278DB,POWER,expert_scope,229,CO,reported_total,expert_led_workbook,471.40444,471.40444,NA,NA,NA,NA,NA,NA,NA,NA,NA,
SRC-RAW-618565C484D6DB8278DB,SRC-RAW-618565C484D6DB8278DB,POWER,expert_scope,229,VOC,reported_total,expert_led_workbook,5064.1847618544,30.385108571125862,NA,NA,NA,NA,NA,NA,NA,NA,NA,
SRC-RAW-618565C484D6DB8278DB,SRC-RAW-618565C484D6DB8278DB,POWER,expert_scope,229,PM10,reported_total,expert_led_workbook,1222.3894252752002,20.780620229678423,NA,NA,NA,NA,NA,NA,NA,NA,NA,
SRC-RAW-618565C484D6DB8278DB,SRC-RAW-618565C484D6DB8278DB,POWER,expert_scope,229,PM2.5,reported_total,expert_led_workbook,2.4447788505504007,0.04156124045935685,NA,NA,NA,NA,NA,NA,NA,NA,NA,
SRC-RAW-618565C484D6DB8278DB,SRC-RAW-618565C484D6DB8278DB,POWER,expert_scope,229,BC,reported_total,expert_led_workbook,0.0,0.0,NA,NA,NA,NA,NA,NA,NA,NA,NA,
SRC-RAW-618565C484D6DB8278DB,SRC-RAW-618565C484D6DB8278DB,POWER,expert_scope,229,OC,reported_total,expert_led_workbook,9.4280888,9.4280888,NA,NA,NA,NA,NA,NA,NA,NA,NA,
SRC-RAW-618565C484D6DB8278DB,SRC-RAW-618565C484D6DB8278DB,POWER,expert_scope,229,NH3,reported_total,expert_led_workbook,0.0,0.0,NA,NA,NA,NA,NA,NA,NA,NA,NA,
SRC-RAW-AD3321CD5519C4AFA0B9,SRC-RAW-AD3321CD5519C4AFA0B9,POWER,expert_scope,230,SO2,reported_total,expert_led_workbook,2012.3575943800001,285.75477840196004,NA,NA,NA,NA,NA,NA,NA,NA,NA,
SRC-RAW-AD3321CD5519C4AFA0B9,SRC-RAW-AD3321CD5519C4AFA0B9,POWER,expert_scope,230,NOx,reported_total,expert_led_workbook,1574.6796457,196.8349557125,NA,NA,NA,NA,NA,NA,NA,NA,NA,
SRC-RAW-AD3321CD5519C4AFA0B9,SRC-RAW-AD3321CD5519C4AFA0B9,POWER,expert_scope,230,CO,reported_total,expert_led_workbook,436.80434,436.80434,NA,NA,NA,NA,NA,NA,NA,NA,NA,
SRC-RAW-AD3321CD5519C4AFA0B9,SRC-RAW-AD3321CD5519C4AFA0B9,POWER,expert_scope,230,VOC,reported_total,expert_led_workbook,4692.4841915784,28.154905149469904,NA,NA,NA,NA,NA,NA,NA,NA,NA,
SRC-RAW-AD3321CD5519C4AFA0B9,SRC-RAW-AD3321CD5519C4AFA0B9,POWER,expert_scope,230,PM10,reported_total,expert_led_workbook,1132.6685979672002,19.25536616544242,NA,NA,NA,NA,NA,NA,NA,NA,NA,
SRC-RAW-AD3321CD5519C4AFA0B9,SRC-RAW-AD3321CD5519C4AFA0B9,POWER,expert_scope,230,PM2.5,reported_total,expert_led_workbook,2.2653371959344004,0.03851073233088484,NA,NA,NA,NA,NA,NA,NA,NA,NA,
SRC-RAW-AD3321CD5519C4AFA0B9,SRC-RAW-AD3321CD5519C4AFA0B9,POWER,expert_scope,230,BC,reported_total,expert_led_workbook,0.0,0.0,NA,NA,NA,NA,NA,NA,NA,NA,NA,
SRC-RAW-AD3321CD5519C4AFA0B9,SRC-RAW-AD3321CD5519C4AFA0B9,POWER,expert_scope,230,OC,reported_total,expert_led_workbook,8.7360868,8.7360868,NA,NA,NA,NA,NA,NA,NA,NA,NA,
SRC-RAW-AD3321CD5519C4AFA0B9,SRC-RAW-AD3321CD5519C4AFA0B9,POWER,expert_scope,230,NH3,reported_total,expert_led_workbook,0.0,0.0,NA,NA,NA,NA,NA,NA,NA,NA,NA,
SRC-RAW-4EBBE2E88B7A42C41150,SRC-RAW-4EBBE2E88B7A42C41150,POWER,expert_scope,231,SO2,reported_total,expert_led_workbook,2293.4037194288308,114.67018597144164,NA,NA,NA,NA,NA,NA,NA,NA,NA,
SRC-RAW-4EBBE2E88B7A42C41150,SRC-RAW-4EBBE2E88B7A42C41150,POWER,expert_scope,231,NOx,reported_total,expert_led_workbook,5714.3338310587205,1428.5834577646801,NA,NA,NA,NA,NA,NA,NA,NA,NA,
SRC-RAW-4EBBE2E88B7A42C41150,SRC-RAW-4EBBE2E88B7A42C41150,POWER,expert_scope,231,CO,reported_total,expert_led_workbook,3447.442734634324,3447.442734634324,NA,NA,NA,NA,NA,NA,NA,NA,NA,
SRC-RAW-4EBBE2E88B7A42C41150,SRC-RAW-4EBBE2E88B7A42C41150,POWER,expert_scope,231,VOC,reported_total,expert_led_workbook,4191.684579254638,50.3002149510557,NA,NA,NA,NA,NA,NA,NA,NA,NA,
SRC-RAW-4EBBE2E88B7A42C41150,SRC-RAW-4EBBE2E88B7A42C41150,POWER,expert_scope,231,PM10,reported_total,expert_led_workbook,1138.1012278946382,34.14303683683918,NA,NA,NA,NA,NA,NA,NA,NA,NA,
SRC-RAW-4EBBE2E88B7A42C41150,SRC-RAW-4EBBE2E88B7A42C41150,POWER,expert_scope,231,PM2.5,reported_total,expert_led_workbook,2.15547060096,0.06466411802880007,NA,NA,NA,NA,NA,NA,NA,NA,NA,
SRC-RAW-4EBBE2E88B7A42C41150,SRC-RAW-4EBBE2E88B7A42C41150,POWER,expert_scope,231,BC,reported_total,expert_led_workbook,0.0,0.0,NA,NA,NA,NA,NA,NA,NA,NA,NA,
SRC-RAW-4EBBE2E88B7A42C41150,SRC-RAW-4EBBE2E88B7A42C41150,POWER,expert_scope,231,OC,reported_total,expert_led_workbook,117.24159662439709,117.24159662439709,NA,NA,NA,NA,NA,NA,NA,NA,NA,
SRC-RAW-4EBBE2E88B7A42C41150,SRC-RAW-4EBBE2E88B7A42C41150,POWER,expert_scope,231,NH3,reported_total,expert_led_workbook,0.0,0.0,NA,NA,NA,NA,NA,NA,NA,NA,NA,
SRC-RAW-7452B425E0731BA4BBD2,SRC-RAW-7452B425E0731BA4BBD2,POWER,expert_scope,232,SO2,reported_total,expert_led_workbook,2894.4867676888766,144.72433838444397,NA,NA,NA,NA,NA,NA,NA,NA,NA,
SRC-RAW-7452B425E0731BA4BBD2,SRC-RAW-7452B425E0731BA4BBD2,POWER,expert_scope,232,NOx,reported_total,expert_led_workbook,8154.249406998404,2038.562351749601,NA,NA,NA,NA,NA,NA,NA,NA,NA,
SRC-RAW-7452B425E0731BA4BBD2,SRC-RAW-7452B425E0731BA4BBD2,POWER,expert_scope,232,CO,reported_total,expert_led_workbook,5268.607801554019,5268.607801554019,NA,NA,NA,NA,NA,NA,NA,NA,NA,
SRC-RAW-7452B425E0731BA4BBD2,SRC-RAW-7452B425E0731BA4BBD2,POWER,expert_scope,232,VOC,reported_total,expert_led_workbook,5290.897053266632,63.49076463919964,NA,NA,NA,NA,NA,NA,NA,NA,NA,
SRC-RAW-7452B425E0731BA4BBD2,SRC-RAW-7452B425E0731BA4BBD2,POWER,expert_scope,232,PM10,reported_total,expert_led_workbook,1452.2690372666311,43.568071117998976,NA,NA,NA,NA,NA,NA,NA,NA,NA,
SRC-RAW-7452B425E0731BA4BBD2,SRC-RAW-7452B425E0731BA4BBD2,POWER,expert_scope,232,PM2.5,reported_total,expert_led_workbook,2.7096197760000003,0.08128859328000008,NA,NA,NA,NA,NA,NA,NA,NA,NA,
SRC-RAW-7452B425E0731BA4BBD2,SRC-RAW-7452B425E0731BA4BBD2,POWER,expert_scope,232,BC,reported_total,expert_led_workbook,0.0,0.0,NA,NA,NA,NA,NA,NA,NA,NA,NA,
SRC-RAW-7452B425E0731BA4BBD2,SRC-RAW-7452B425E0731BA4BBD2,POWER,expert_scope,232,OC,reported_total,expert_led_workbook,183.3394754443853,183.3394754443853,NA,NA,NA,NA,NA,NA,NA,NA,NA,
SRC-RAW-7452B425E0731BA4BBD2,SRC-RAW-7452B425E0731BA4BBD2,POWER,expert_scope,232,NH3,reported_total,expert_led_workbook,0.0,0.0,NA,NA,NA,NA,NA,NA,NA,NA,NA,
SRC-RAW-95B625A17C5D341D28C2,SRC-RAW-95B625A17C5D341D28C2,POWER,expert_scope,233,SO2,reported_total,expert_led_workbook,23.495708409377887,1.1747854204688954,NA,NA,NA,NA,NA,NA,NA,NA,NA,
SRC-RAW-95B625A17C5D341D28C2,SRC-RAW-95B625A17C5D341D28C2,POWER,expert_scope,233,NOx,reported_total,expert_led_workbook,2355.3691299123275,588.8422824780819,NA,NA,NA,NA,NA,NA,NA,NA,NA,
SRC-RAW-95B625A17C5D341D28C2,SRC-RAW-95B625A17C5D341D28C2,POWER,expert_scope,233,CO,reported_total,expert_led_workbook,2268.1332362118706,2268.1332362118706,NA,NA,NA,NA,NA,NA,NA,NA,NA,
SRC-RAW-95B625A17C5D341D28C2,SRC-RAW-95B625A17C5D341D28C2,POWER,expert_scope,233,VOC,reported_total,expert_led_workbook,52.34153622027394,52.34153622027394,NA,NA,NA,NA,NA,NA,NA,NA,NA,
SRC-RAW-95B625A17C5D341D28C2,SRC-RAW-95B625A17C5D341D28C2,POWER,expert_scope,233,PM10,reported_total,expert_led_workbook,52.34153622027394,52.34153622027394,NA,NA,NA,NA,NA,NA,NA,NA,NA,
SRC-RAW-95B625A17C5D341D28C2,SRC-RAW-95B625A17C5D341D28C2,POWER,expert_scope,233,PM2.5,reported_total,expert_led_workbook,0.0,0.0,NA,NA,NA,NA,NA,NA,NA,NA,NA,
SRC-RAW-95B625A17C5D341D28C2,SRC-RAW-95B625A17C5D341D28C2,POWER,expert_scope,233,BC,reported_total,expert_led_workbook,0.0,0.0,NA,NA,NA,NA,NA,NA,NA,NA,NA,
SRC-RAW-95B625A17C5D341D28C2,SRC-RAW-95B625A17C5D341D28C2,POWER,expert_scope,233,OC,reported_total,expert_led_workbook,87.23589370045657,87.23589370045657,NA,NA,NA,NA,NA,NA,NA,NA,NA,
SRC-RAW-95B625A17C5D341D28C2,SRC-RAW-95B625A17C5D341D28C2,POWER,expert_scope,233,NH3,reported_total,expert_led_workbook,0.0,0.0,NA,NA,NA,NA,NA,NA,NA,NA,NA,
SRC-RAW-DAEA899F623DBE4006C6,SRC-RAW-DAEA899F623DBE4006C6,POWER,expert_scope,234,SO2,reported_total,expert_led_workbook,29.686142149481526,1.4843071074740777,NA,NA,NA,NA,NA,NA,NA,NA,NA,
SRC-RAW-DAEA899F623DBE4006C6,SRC-RAW-DAEA899F623DBE4006C6,POWER,expert_scope,234,NOx,reported_total,expert_led_workbook,2980.8734346455285,745.2183586613821,NA,NA,NA,NA,NA,NA,NA,NA,NA,
SRC-RAW-DAEA899F623DBE4006C6,SRC-RAW-DAEA899F623DBE4006C6,POWER,expert_scope,234,CO,reported_total,expert_led_workbook,2870.470714843842,2870.470714843842,NA,NA,NA,NA,NA,NA,NA,NA,NA,
SRC-RAW-DAEA899F623DBE4006C6,SRC-RAW-DAEA899F623DBE4006C6,POWER,expert_scope,234,VOC,reported_total,expert_led_workbook,66.24163188101174,0.7948995825721417,NA,NA,NA,NA,NA,NA,NA,NA,NA,
SRC-RAW-DAEA899F623DBE4006C6,SRC-RAW-DAEA899F623DBE4006C6,POWER,expert_scope,234,PM10,reported_total,expert_led_workbook,66.24163188101174,1.987248956430354,NA,NA,NA,NA,NA,NA,NA,NA,NA,
SRC-RAW-DAEA899F623DBE4006C6,SRC-RAW-DAEA899F623DBE4006C6,POWER,expert_scope,234,PM2.5,reported_total,expert_led_workbook,0.0,0.0,NA,NA,NA,NA,NA,NA,NA,NA,NA,
SRC-RAW-DAEA899F623DBE4006C6,SRC-RAW-DAEA899F623DBE4006C6,POWER,expert_scope,234,BC,reported_total,expert_led_workbook,0.0,0.0,NA,NA,NA,NA,NA,NA,NA,NA,NA,
SRC-RAW-DAEA899F623DBE4006C6,SRC-RAW-DAEA899F623DBE4006C6,POWER,expert_scope,234,OC,reported_total,expert_led_workbook,110.40271980168623,110.40271980168623,NA,NA,NA,NA,NA,NA,NA,NA,NA,
SRC-RAW-DAEA899F623DBE4006C6,SRC-RAW-DAEA899F623DBE4006C6,POWER,expert_scope,234,NH3,reported_total,expert_led_workbook,0.0,0.0,NA,NA,NA,NA,NA,NA,NA,NA,NA,
SRC-RAW-8A769848E39A4E232A92,SRC-RAW-8A769848E39A4E232A92,POWER,expert_scope,235,SO2,reported_total,expert_led_workbook,4690.6525613680005,18.76261024547202,NA,NA,NA,NA,NA,NA,NA,NA,NA,
SRC-RAW-8A769848E39A4E232A92,SRC-RAW-8A769848E39A4E232A92,POWER,expert_scope,235,NOx,reported_total,expert_led_workbook,3059.7151244800007,520.1515711616003,NA,NA,NA,NA,NA,NA,NA,NA,NA,
SRC-RAW-8A769848E39A4E232A92,SRC-RAW-8A769848E39A4E232A92,POWER,expert_scope,235,CO,reported_total,expert_led_workbook,682.972126,682.972126,NA,NA,NA,NA,NA,NA,NA,NA,NA,
SRC-RAW-8A769848E39A4E232A92,SRC-RAW-8A769848E39A4E232A92,POWER,expert_scope,235,VOC,reported_total,expert_led_workbook,14041.79763501984,84.25078581011756,NA,NA,NA,NA,NA,NA,NA,NA,NA,
SRC-RAW-8A769848E39A4E232A92,SRC-RAW-8A769848E39A4E232A92,POWER,expert_scope,235,PM10,reported_total,expert_led_workbook,3389.3994291427202,57.6197902954263,NA,NA,NA,NA,NA,NA,NA,NA,NA,
SRC-RAW-8A769848E39A4E232A92,SRC-RAW-8A769848E39A4E232A92,POWER,expert_scope,235,PM2.5,reported_total,expert_led_workbook,6.778798858285441,0.1152395805908526,NA,NA,NA,NA,NA,NA,NA,NA,NA,
SRC-RAW-8A769848E39A4E232A92,SRC-RAW-8A769848E39A4E232A92,POWER,expert_scope,235,BC,reported_total,expert_led_workbook,0.0,0.0,NA,NA,NA,NA,NA,NA,NA,NA,NA,
SRC-RAW-8A769848E39A4E232A92,SRC-RAW-8A769848E39A4E232A92,POWER,expert_scope,235,OC,reported_total,expert_led_workbook,13.65944252,13.65944252,NA,NA,NA,NA,NA,NA,NA,NA,NA,
SRC-RAW-8A769848E39A4E232A92,SRC-RAW-8A769848E39A4E232A92,POWER,expert_scope,235,NH3,reported_total,expert_led_workbook,0.0,0.0,NA,NA,NA,NA,NA,NA,NA,NA,NA,
SRC-RAW-7E2E36EA91A2F6850F7C,SRC-RAW-7E2E36EA91A2F6850F7C,POWER,expert_scope,236,SO2,reported_total,expert_led_workbook,4365.140116272,17.460560465088015,NA,NA,NA,NA,NA,NA,NA,NA,NA,
SRC-RAW-7E2E36EA91A2F6850F7C,SRC-RAW-7E2E36EA91A2F6850F7C,POWER,expert_scope,236,NOx,reported_total,expert_led_workbook,2847.3831859200004,484.0551416064002,NA,NA,NA,NA,NA,NA,NA,NA,NA,
SRC-RAW-7E2E36EA91A2F6850F7C,SRC-RAW-7E2E36EA91A2F6850F7C,POWER,expert_scope,236,CO,reported_total,expert_led_workbook,635.5766040000001,635.5766040000001,NA,NA,NA,NA,NA,NA,NA,NA,NA,
SRC-RAW-7E2E36EA91A2F6850F7C,SRC-RAW-7E2E36EA91A2F6850F7C,POWER,expert_scope,236,VOC,reported_total,expert_led_workbook,13067.353285983361,78.40411971589879,NA,NA,NA,NA,NA,NA,NA,NA,NA,
SRC-RAW-7E2E36EA91A2F6850F7C,SRC-RAW-7E2E36EA91A2F6850F7C,POWER,expert_scope,236,PM10,reported_total,expert_led_workbook,3154.1887242028806,53.62120831144902,NA,NA,NA,NA,NA,NA,NA,NA,NA,
SRC-RAW-7E2E36EA91A2F6850F7C,SRC-RAW-7E2E36EA91A2F6850F7C,POWER,expert_scope,236,PM2.5,reported_total,expert_led_workbook,6.3083774484057615,0.10724241662289805,NA,NA,NA,NA,NA,NA,NA,NA,NA,
SRC-RAW-7E2E36EA91A2F6850F7C,SRC-RAW-7E2E36EA91A2F6850F7C,POWER,expert_scope,236,BC,reported_total,expert_led_workbook,0.0,0.0,NA,NA,NA,NA,NA,NA,NA,NA,NA,
SRC-RAW-7E2E36EA91A2F6850F7C,SRC-RAW-7E2E36EA91A2F6850F7C,POWER,expert_scope,236,OC,reported_total,expert_led_workbook,12.711532080000001,12.711532080000001,NA,NA,NA,NA,NA,NA,NA,NA,NA,
SRC-RAW-7E2E36EA91A2F6850F7C,SRC-RAW-7E2E36EA91A2F6850F7C,POWER,expert_scope,236,NH3,reported_total,expert_led_workbook,0.0,0.0,NA,NA,NA,NA,NA,NA,NA,NA,NA,
SRC-RAW-73ED7D681FC9EE9EE200,SRC-RAW-73ED7D681FC9EE9EE200,POWER,expert_scope,237,SO2,reported_total,expert_led_workbook,4791.328664064,19.165314656256015,NA,NA,NA,NA,NA,NA,NA,NA,NA,
SRC-RAW-73ED7D681FC9EE9EE200,SRC-RAW-73ED7D681FC9EE9EE200,POWER,expert_scope,237,NOx,reported_total,expert_led_workbook,3125.3861990400005,531.3156538368003,NA,NA,NA,NA,NA,NA,NA,NA,NA,
SRC-RAW-73ED7D681FC9EE9EE200,SRC-RAW-73ED7D681FC9EE9EE200,POWER,expert_scope,237,CO,reported_total,expert_led_workbook,697.630848,697.630848,NA,NA,NA,NA,NA,NA,NA,NA,NA,
SRC-RAW-73ED7D681FC9EE9EE200,SRC-RAW-73ED7D681FC9EE9EE200,POWER,expert_scope,237,VOC,reported_total,expert_led_workbook,14343.17861394432,86.0590716836644,NA,NA,NA,NA,NA,NA,NA,NA,NA,
SRC-RAW-73ED7D681FC9EE9EE200,SRC-RAW-73ED7D681FC9EE9EE200,POWER,expert_scope,237,PM10,reported_total,expert_led_workbook,3462.1465619865603,58.856491553771576,NA,NA,NA,NA,NA,NA,NA,NA,NA,
SRC-RAW-73ED7D681FC9EE9EE200,SRC-RAW-73ED7D681FC9EE9EE200,POWER,expert_scope,237,PM2.5,reported_total,expert_led_workbook,6.924293123973121,0.11771298310754316,NA,NA,NA,NA,NA,NA,NA,NA,NA,
SRC-RAW-73ED7D681FC9EE9EE200,SRC-RAW-73ED7D681FC9EE9EE200,POWER,expert_scope,237,BC,reported_total,expert_led_workbook,0.0,0.0,NA,NA,NA,NA,NA,NA,NA,NA,NA,
SRC-RAW-73ED7D681FC9EE9EE200,SRC-RAW-73ED7D681FC9EE9EE200,POWER,expert_scope,237,OC,reported_total,expert_led_workbook,13.952616959999999,13.952616959999999,NA,NA,NA,NA,NA,NA,NA,NA,NA,
SRC-RAW-73ED7D681FC9EE9EE200,SRC-RAW-73ED7D681FC9EE9EE200,POWER,expert_scope,237,NH3,reported_total,expert_led_workbook,0.0,0.0,NA,NA,NA,NA,NA,NA,NA,NA,NA,
SRC-RAW-6B8DD9A6ED25B850DE12,SRC-RAW-6B8DD9A6ED25B850DE12,POWER,expert_scope,238,SO2,reported_total,expert_led_workbook,4551.025544456,18.204102177824016,NA,NA,NA,NA,NA,NA,NA,NA,NA,
SRC-RAW-6B8DD9A6ED25B850DE12,SRC-RAW-6B8DD9A6ED25B850DE12,POWER,expert_scope,238,NOx,reported_total,expert_led_workbook,2968.6363481600006,504.6681791872002,NA,NA,NA,NA,NA,NA,NA,NA,NA,
SRC-RAW-6B8DD9A6ED25B850DE12,SRC-RAW-6B8DD9A6ED25B850DE12,POWER,expert_scope,238,CO,reported_total,expert_led_workbook,662.6420420000001,662.6420420000001,NA,NA,NA,NA,NA,NA,NA,NA,NA,
SRC-RAW-6B8DD9A6ED25B850DE12,SRC-RAW-6B8DD9A6ED25B850DE12,POWER,expert_scope,238,VOC,reported_total,expert_led_workbook,13623.81436079328,81.74288616475823,NA,NA,NA,NA,NA,NA,NA,NA,NA,
SRC-RAW-6B8DD9A6ED25B850DE12,SRC-RAW-6B8DD9A6ED25B850DE12,POWER,expert_scope,238,PM10,reported_total,expert_led_workbook,3288.5069146742403,55.90461754946214,NA,NA,NA,NA,NA,NA,NA,NA,NA,
SRC-RAW-6B8DD9A6ED25B850DE12,SRC-RAW-6B8DD9A6ED25B850DE12,POWER,expert_scope,238,PM2.5,reported_total,expert_led_workbook,6.5770138293484806,0.11180923509892426,NA,NA,NA,NA,NA,NA,NA,NA,NA,
SRC-RAW-6B8DD9A6ED25B850DE12,SRC-RAW-6B8DD9A6ED25B850DE12,POWER,expert_scope,238,BC,reported_total,expert_led_workbook,0.0,0.0,NA,NA,NA,NA,NA,NA,NA,NA,NA,
SRC-RAW-6B8DD9A6ED25B850DE12,SRC-RAW-6B8DD9A6ED25B850DE12,POWER,expert_scope,238,OC,reported_total,expert_led_workbook,13.252840840000001,13.252840840000001,NA,NA,NA,NA,NA,NA,NA,NA,NA,
SRC-RAW-6B8DD9A6ED25B850DE12,SRC-RAW-6B8DD9A6ED25B850DE12,POWER,expert_scope,238,NH3,reported_total,expert_led_workbook,0.0,0.0,NA,NA,NA,NA,NA,NA,NA,NA,NA,
SRC-RAW-6A9A6E219B1F23BE8769,SRC-RAW-6A9A6E219B1F23BE8769,POWER,expert_scope,239,SO2,reported_total,expert_led_workbook,1286.0380728,27.649818565200096,NA,NA,NA,NA,NA,NA,NA,NA,NA,
SRC-RAW-6A9A6E219B1F23BE8769,SRC-RAW-6A9A6E219B1F23BE8769,POWER,expert_scope,239,NOx,reported_total,expert_led_workbook,1515.0873374,378.77183435,NA,NA,NA,NA,NA,NA,NA,NA,NA,
SRC-RAW-6A9A6E219B1F23BE8769,SRC-RAW-6A9A6E219B1F23BE8769,POWER,expert_scope,239,CO,reported_total,expert_led_workbook,420.27388,420.27388,NA,NA,NA,NA,NA,NA,NA,NA,NA,
SRC-RAW-6A9A6E219B1F23BE8769,SRC-RAW-6A9A6E219B1F23BE8769,POWER,expert_scope,239,VOC,reported_total,expert_led_workbook,1020.3745477744002,11.2241200255183,NA,NA,NA,NA,NA,NA,NA,NA,NA,
SRC-RAW-6A9A6E219B1F23BE8769,SRC-RAW-6A9A6E219B1F23BE8769,POWER,expert_scope,239,PM10,reported_total,expert_led_workbook,246.29730463520005,7.388919139056008,NA,NA,NA,NA,NA,NA,NA,NA,NA,
SRC-RAW-6A9A6E219B1F23BE8769,SRC-RAW-6A9A6E219B1F23BE8769,POWER,expert_scope,239,PM2.5,reported_total,expert_led_workbook,0.4925946092704001,0.014777838278112016,NA,NA,NA,NA,NA,NA,NA,NA,NA,
SRC-RAW-6A9A6E219B1F23BE8769,SRC-RAW-6A9A6E219B1F23BE8769,POWER,expert_scope,239,BC,reported_total,expert_led_workbook,0.0,0.0,NA,NA,NA,NA,NA,NA,NA,NA,NA,
SRC-RAW-6A9A6E219B1F23BE8769,SRC-RAW-6A9A6E219B1F23BE8769,POWER,expert_scope,239,OC,reported_total,expert_led_workbook,8.4054776,8.4054776,NA,NA,NA,NA,NA,NA,NA,NA,NA,
SRC-RAW-6A9A6E219B1F23BE8769,SRC-RAW-6A9A6E219B1F23BE8769,POWER,expert_scope,239,NH3,reported_total,expert_led_workbook,0.0,0.0,NA,NA,NA,NA,NA,NA,NA,NA,NA,
SRC-RAW-7BA6D986CE61FF7D51B7,SRC-RAW-7BA6D986CE61FF7D51B7,POWER,expert_scope,240,SO2,reported_total,expert_led_workbook,19628.836989999996,235.54604388000016,NA,NA,NA,NA,NA,NA,NA,NA,NA,
SRC-RAW-7BA6D986CE61FF7D51B7,SRC-RAW-7BA6D986CE61FF7D51B7,POWER,expert_scope,240,NOx,reported_total,expert_led_workbook,16989.66563,2548.4498445000004,NA,NA,NA,NA,NA,NA,NA,NA,NA,
SRC-RAW-7BA6D986CE61FF7D51B7,SRC-RAW-7BA6D986CE61FF7D51B7,POWER,expert_scope,240,CO,reported_total,expert_led_workbook,4712.806,4712.806,NA,NA,NA,NA,NA,NA,NA,NA,NA,
SRC-RAW-7BA6D986CE61FF7D51B7,SRC-RAW-7BA6D986CE61FF7D51B7,POWER,expert_scope,240,VOC,reported_total,expert_led_workbook,43696.548131250005,262.1792887874954,NA,NA,NA,NA,NA,NA,NA,NA,NA,
SRC-RAW-7BA6D986CE61FF7D51B7,SRC-RAW-7BA6D986CE61FF7D51B7,POWER,expert_scope,240,PM10,reported_total,expert_led_workbook,11399.099512499999,193.78469171250015,NA,NA,NA,NA,NA,NA,NA,NA,NA,
SRC-RAW-7BA6D986CE61FF7D51B7,SRC-RAW-7BA6D986CE61FF7D51B7,POWER,expert_scope,240,PM2.5,reported_total,expert_led_workbook,22.798199025,0.3875693834250003,NA,NA,NA,NA,NA,NA,NA,NA,NA,
SRC-RAW-7BA6D986CE61FF7D51B7,SRC-RAW-7BA6D986CE61FF7D51B7,POWER,expert_scope,240,BC,reported_total,expert_led_workbook,0.0,0.0,NA,NA,NA,NA,NA,NA,NA,NA,NA,
SRC-RAW-7BA6D986CE61FF7D51B7,SRC-RAW-7BA6D986CE61FF7D51B7,POWER,expert_scope,240,OC,reported_total,expert_led_workbook,94.25612,94.25612,NA,NA,NA,NA,NA,NA,NA,NA,NA,
SRC-RAW-7BA6D986CE61FF7D51B7,SRC-RAW-7BA6D986CE61FF7D51B7,POWER,expert_scope,240,NH3,reported_total,expert_led_workbook,0.0,0.0,NA,NA,NA,NA,NA,NA,NA,NA,NA,
SRC-RAW-1BCCD905C534AF5E1304,SRC-RAW-1BCCD905C534AF5E1304,POWER,expert_scope,241,SO2,reported_total,expert_led_workbook,14303.742879999998,171.64491456000013,NA,NA,NA,NA,NA,NA,NA,NA,NA,
SRC-RAW-1BCCD905C534AF5E1304,SRC-RAW-1BCCD905C534AF5E1304,POWER,expert_scope,241,NOx,reported_total,expert_led_workbook,12380.55056,1857.0825840000002,NA,NA,NA,NA,NA,NA,NA,NA,NA,
SRC-RAW-1BCCD905C534AF5E1304,SRC-RAW-1BCCD905C534AF5E1304,POWER,expert_scope,241,CO,reported_total,expert_led_workbook,3434.272,3434.272,NA,NA,NA,NA,NA,NA,NA,NA,NA,
SRC-RAW-1BCCD905C534AF5E1304,SRC-RAW-1BCCD905C534AF5E1304,POWER,expert_scope,241,VOC,reported_total,expert_led_workbook,31842.140700000004,191.05284419999666,NA,NA,NA,NA,NA,NA,NA,NA,NA,
SRC-RAW-1BCCD905C534AF5E1304,SRC-RAW-1BCCD905C534AF5E1304,POWER,expert_scope,241,PM10,reported_total,expert_led_workbook,8306.6454,141.2129718000001,NA,NA,NA,NA,NA,NA,NA,NA,NA,
SRC-RAW-1BCCD905C534AF5E1304,SRC-RAW-1BCCD905C534AF5E1304,POWER,expert_scope,241,PM2.5,reported_total,expert_led_workbook,16.613290799999998,0.28242594360000023,NA,NA,NA,NA,NA,NA,NA,NA,NA,
SRC-RAW-1BCCD905C534AF5E1304,SRC-RAW-1BCCD905C534AF5E1304,POWER,expert_scope,241,BC,reported_total,expert_led_workbook,0.0,0.0,NA,NA,NA,NA,NA,NA,NA,NA,NA,
SRC-RAW-1BCCD905C534AF5E1304,SRC-RAW-1BCCD905C534AF5E1304,POWER,expert_scope,241,OC,reported_total,expert_led_workbook,68.68544,68.68544,NA,NA,NA,NA,NA,NA,NA,NA,NA,
SRC-RAW-1BCCD905C534AF5E1304,SRC-RAW-1BCCD905C534AF5E1304,POWER,expert_scope,241,NH3,reported_total,expert_led_workbook,0.0,0.0,NA,NA,NA,NA,NA,NA,NA,NA,NA,
SRC-RAW-73C97D813A584BCC6299,SRC-RAW-73C97D813A584BCC6299,POWER,expert_scope,242,SO2,reported_total,expert_led_workbook,160.29864000000003,8.014932000000009,NA,NA,NA,NA,NA,NA,NA,NA,NA,
SRC-RAW-73C97D813A584BCC6299,SRC-RAW-73C97D813A584BCC6299,POWER,expert_scope,242,NOx,reported_total,expert_led_workbook,541.00791,216.40316400000003,NA,NA,NA,NA,NA,NA,NA,NA,NA,
SRC-RAW-73C97D813A584BCC6299,SRC-RAW-73C97D813A584BCC6299,POWER,expert_scope,242,CO,reported_total,expert_led_workbook,520.97058,520.97058,NA,NA,NA,NA,NA,NA,NA,NA,NA,
SRC-RAW-73C97D813A584BCC6299,SRC-RAW-73C97D813A584BCC6299,POWER,expert_scope,242,VOC,reported_total,expert_led_workbook,12.022398,0.024044796000000025,NA,NA,NA,NA,NA,NA,NA,NA,NA,
SRC-RAW-73C97D813A584BCC6299,SRC-RAW-73C97D813A584BCC6299,POWER,expert_scope,242,PM10,reported_total,expert_led_workbook,12.022398,0.04808959200000005,NA,NA,NA,NA,NA,NA,NA,NA,NA,
SRC-RAW-73C97D813A584BCC6299,SRC-RAW-73C97D813A584BCC6299,POWER,expert_scope,242,PM2.5,reported_total,expert_led_workbook,0.0,0.0,NA,NA,NA,NA,NA,NA,NA,NA,NA,
SRC-RAW-73C97D813A584BCC6299,SRC-RAW-73C97D813A584BCC6299,POWER,expert_scope,242,BC,reported_total,expert_led_workbook,0.0,0.0,NA,NA,NA,NA,NA,NA,NA,NA,NA,
SRC-RAW-73C97D813A584BCC6299,SRC-RAW-73C97D813A584BCC6299,POWER,expert_scope,242,OC,reported_total,expert_led_workbook,8.014932000000002,8.014932000000002,NA,NA,NA,NA,NA,NA,NA,NA,NA,
SRC-RAW-73C97D813A584BCC6299,SRC-RAW-73C97D813A584BCC6299,POWER,expert_scope,242,NH3,reported_total,expert_led_workbook,0.0,0.0,NA,NA,NA,NA,NA,NA,NA,NA,NA,
SRC-RAW-03ABB1AEDFD3D9F93EC2,SRC-RAW-03ABB1AEDFD3D9F93EC2,POWER,expert_scope,243,SO2,reported_total,expert_led_workbook,11531.759373899999,14.991287186069627,NA,NA,NA,NA,NA,NA,NA,NA,NA,
SRC-RAW-03ABB1AEDFD3D9F93EC2,SRC-RAW-03ABB1AEDFD3D9F93EC2,POWER,expert_scope,243,NOx,reported_total,expert_led_workbook,2178.9907692,303.59847206313395,NA,NA,NA,NA,NA,NA,NA,NA,NA,
SRC-RAW-03ABB1AEDFD3D9F93EC2,SRC-RAW-03ABB1AEDFD3D9F93EC2,POWER,expert_scope,243,CO,reported_total,expert_led_workbook,489.59954,489.59954,NA,NA,NA,NA,NA,NA,NA,NA,NA,
SRC-RAW-03ABB1AEDFD3D9F93EC2,SRC-RAW-03ABB1AEDFD3D9F93EC2,POWER,expert_scope,243,VOC,reported_total,expert_led_workbook,4565.5646335656,9.13112926713121,NA,NA,NA,NA,NA,NA,NA,NA,NA,
SRC-RAW-03ABB1AEDFD3D9F93EC2,SRC-RAW-03ABB1AEDFD3D9F93EC2,POWER,expert_scope,243,PM10,reported_total,expert_led_workbook,1102.0328425848004,4.4081313703392055,NA,NA,NA,NA,NA,NA,NA,NA,NA,
SRC-RAW-03ABB1AEDFD3D9F93EC2,SRC-RAW-03ABB1AEDFD3D9F93EC2,POWER,expert_scope,243,PM2.5,reported_total,expert_led_workbook,2.204065685169601,0.008816262740678411,NA,NA,NA,NA,NA,NA,NA,NA,NA,
SRC-RAW-03ABB1AEDFD3D9F93EC2,SRC-RAW-03ABB1AEDFD3D9F93EC2,POWER,expert_scope,243,BC,reported_total,expert_led_workbook,0.0,0.0,NA,NA,NA,NA,NA,NA,NA,NA,NA,
SRC-RAW-03ABB1AEDFD3D9F93EC2,SRC-RAW-03ABB1AEDFD3D9F93EC2,POWER,expert_scope,243,OC,reported_total,expert_led_workbook,9.7919908,9.7919908,NA,NA,NA,NA,NA,NA,NA,NA,NA,
SRC-RAW-03ABB1AEDFD3D9F93EC2,SRC-RAW-03ABB1AEDFD3D9F93EC2,POWER,expert_scope,243,NH3,reported_total,expert_led_workbook,0.0,0.0,NA,NA,NA,NA,NA,NA,NA,NA,NA,
SRC-RAW-9DE65DF9B36AA19EAFB2,SRC-RAW-9DE65DF9B36AA19EAFB2,POWER,expert_scope,244,SO2,reported_total,expert_led_workbook,11531.759373899999,14.991287186069627,NA,NA,NA,NA,NA,NA,NA,NA,NA,
SRC-RAW-9DE65DF9B36AA19EAFB2,SRC-RAW-9DE65DF9B36AA19EAFB2,POWER,expert_scope,244,NOx,reported_total,expert_led_workbook,2178.9907692,303.5984720631337,NA,NA,NA,NA,NA,NA,NA,NA,NA,
SRC-RAW-9DE65DF9B36AA19EAFB2,SRC-RAW-9DE65DF9B36AA19EAFB2,POWER,expert_scope,244,CO,reported_total,expert_led_workbook,489.59954,489.59954,NA,NA,NA,NA,NA,NA,NA,NA,NA,
SRC-RAW-9DE65DF9B36AA19EAFB2,SRC-RAW-9DE65DF9B36AA19EAFB2,POWER,expert_scope,244,VOC,reported_total,expert_led_workbook,4565.5646335656,9.13112926713121,NA,NA,NA,NA,NA,NA,NA,NA,NA,
SRC-RAW-9DE65DF9B36AA19EAFB2,SRC-RAW-9DE65DF9B36AA19EAFB2,POWER,expert_scope,244,PM10,reported_total,expert_led_workbook,1102.0328425848004,4.4081313703392055,NA,NA,NA,NA,NA,NA,NA,NA,NA,
SRC-RAW-9DE65DF9B36AA19EAFB2,SRC-RAW-9DE65DF9B36AA19EAFB2,POWER,expert_scope,244,PM2.5,reported_total,expert_led_workbook,2.204065685169601,0.008816262740678411,NA,NA,NA,NA,NA,NA,NA,NA,NA,
SRC-RAW-9DE65DF9B36AA19EAFB2,SRC-RAW-9DE65DF9B36AA19EAFB2,POWER,expert_scope,244,BC,reported_total,expert_led_workbook,0.0,0.0,NA,NA,NA,NA,NA,NA,NA,NA,NA,
SRC-RAW-9DE65DF9B36AA19EAFB2,SRC-RAW-9DE65DF9B36AA19EAFB2,POWER,expert_scope,244,OC,reported_total,expert_led_workbook,9.7919908,9.7919908,NA,NA,NA,NA,NA,NA,NA,NA,NA,
SRC-RAW-9DE65DF9B36AA19EAFB2,SRC-RAW-9DE65DF9B36AA19EAFB2,POWER,expert_scope,244,NH3,reported_total,expert_led_workbook,0.0,0.0,NA,NA,NA,NA,NA,NA,NA,NA,NA,
SRC-RAW-8099EA4E9D59B114EDF6,SRC-RAW-8099EA4E9D59B114EDF6,POWER,expert_scope,245,SO2,reported_total,expert_led_workbook,11531.759373899999,14.991287186069627,NA,NA,NA,NA,NA,NA,NA,NA,NA,
SRC-RAW-8099EA4E9D59B114EDF6,SRC-RAW-8099EA4E9D59B114EDF6,POWER,expert_scope,245,NOx,reported_total,expert_led_workbook,2178.9907692,303.5984720631337,NA,NA,NA,NA,NA,NA,NA,NA,NA,
SRC-RAW-8099EA4E9D59B114EDF6,SRC-RAW-8099EA4E9D59B114EDF6,POWER,expert_scope,245,CO,reported_total,expert_led_workbook,489.59954,489.59954,NA,NA,NA,NA,NA,NA,NA,NA,NA,
SRC-RAW-8099EA4E9D59B114EDF6,SRC-RAW-8099EA4E9D59B114EDF6,POWER,expert_scope,245,VOC,reported_total,expert_led_workbook,4565.5646335656,9.13112926713121,NA,NA,NA,NA,NA,NA,NA,NA,NA,
SRC-RAW-8099EA4E9D59B114EDF6,SRC-RAW-8099EA4E9D59B114EDF6,POWER,expert_scope,245,PM10,reported_total,expert_led_workbook,1102.0328425848004,4.4081313703392055,NA,NA,NA,NA,NA,NA,NA,NA,NA,
SRC-RAW-8099EA4E9D59B114EDF6,SRC-RAW-8099EA4E9D59B114EDF6,POWER,expert_scope,245,PM2.5,reported_total,expert_led_workbook,2.204065685169601,0.008816262740678411,NA,NA,NA,NA,NA,NA,NA,NA,NA,
SRC-RAW-8099EA4E9D59B114EDF6,SRC-RAW-8099EA4E9D59B114EDF6,POWER,expert_scope,245,BC,reported_total,expert_led_workbook,0.0,0.0,NA,NA,NA,NA,NA,NA,NA,NA,NA,
SRC-RAW-8099EA4E9D59B114EDF6,SRC-RAW-8099EA4E9D59B114EDF6,POWER,expert_scope,245,OC,reported_total,expert_led_workbook,9.7919908,9.7919908,NA,NA,NA,NA,NA,NA,NA,NA,NA,
SRC-RAW-8099EA4E9D59B114EDF6,SRC-RAW-8099EA4E9D59B114EDF6,POWER,expert_scope,245,NH3,reported_total,expert_led_workbook,0.0,0.0,NA,NA,NA,NA,NA,NA,NA,NA,NA,
SRC-RAW-061DB3E543B16331E37B,SRC-RAW-061DB3E543B16331E37B,POWER,expert_scope,246,SO2,reported_total,expert_led_workbook,6514.642882000001,53.42007163239991,NA,NA,NA,NA,NA,NA,NA,NA,NA,
SRC-RAW-061DB3E543B16331E37B,SRC-RAW-061DB3E543B16331E37B,POWER,expert_scope,246,NOx,reported_total,expert_led_workbook,4025.5533399999995,1006.3883349999999,NA,NA,NA,NA,NA,NA,NA,NA,NA,
SRC-RAW-061DB3E543B16331E37B,SRC-RAW-061DB3E543B16331E37B,POWER,expert_scope,246,CO,reported_total,expert_led_workbook,982.7464600000001,982.7464600000001,NA,NA,NA,NA,NA,NA,NA,NA,NA,
SRC-RAW-061DB3E543B16331E37B,SRC-RAW-061DB3E543B16331E37B,POWER,expert_scope,246,VOC,reported_total,expert_led_workbook,16144.854175,177.59339592499836,NA,NA,NA,NA,NA,NA,NA,NA,NA,
SRC-RAW-061DB3E543B16331E37B,SRC-RAW-061DB3E543B16331E37B,POWER,expert_scope,246,PM10,reported_total,expert_led_workbook,4211.7913,126.3537390000001,NA,NA,NA,NA,NA,NA,NA,NA,NA,
SRC-RAW-061DB3E543B16331E37B,SRC-RAW-061DB3E543B16331E37B,POWER,expert_scope,246,PM2.5,reported_total,expert_led_workbook,8.425779499999999,0.2527733850000002,NA,NA,NA,NA,NA,NA,NA,NA,NA,
SRC-RAW-061DB3E543B16331E37B,SRC-RAW-061DB3E543B16331E37B,POWER,expert_scope,246,BC,reported_total,expert_led_workbook,0.009764,0.0002929200000000003,NA,NA,NA,NA,NA,NA,NA,NA,NA,
SRC-RAW-061DB3E543B16331E37B,SRC-RAW-061DB3E543B16331E37B,POWER,expert_scope,246,OC,reported_total,expert_led_workbook,19.683733,19.683733,NA,NA,NA,NA,NA,NA,NA,NA,NA,
SRC-RAW-061DB3E543B16331E37B,SRC-RAW-061DB3E543B16331E37B,POWER,expert_scope,246,NH3,reported_total,expert_led_workbook,0.0,0.0,NA,NA,NA,NA,NA,NA,NA,NA,NA,
SRC-RAW-689A0257BF9EEA8A27B5,SRC-RAW-689A0257BF9EEA8A27B5,POWER,expert_scope,247,SO2,reported_total,expert_led_workbook,9130.178262,74.86746174839986,NA,NA,NA,NA,NA,NA,NA,NA,NA,
SRC-RAW-689A0257BF9EEA8A27B5,SRC-RAW-689A0257BF9EEA8A27B5,POWER,expert_scope,247,NOx,reported_total,expert_led_workbook,4503.70413,1125.9260325,NA,NA,NA,NA,NA,NA,NA,NA,NA,
SRC-RAW-689A0257BF9EEA8A27B5,SRC-RAW-689A0257BF9EEA8A27B5,POWER,expert_scope,247,CO,reported_total,expert_led_workbook,1249.08446,1249.08446,NA,NA,NA,NA,NA,NA,NA,NA,NA,
SRC-RAW-689A0257BF9EEA8A27B5,SRC-RAW-689A0257BF9EEA8A27B5,POWER,expert_scope,247,VOC,reported_total,expert_led_workbook,22460.959208750002,247.07055129624774,NA,NA,NA,NA,NA,NA,NA,NA,NA,
SRC-RAW-689A0257BF9EEA8A27B5,SRC-RAW-689A0257BF9EEA8A27B5,POWER,expert_scope,247,PM10,reported_total,expert_led_workbook,5859.4339175,175.78301752500013,NA,NA,NA,NA,NA,NA,NA,NA,NA,
SRC-RAW-689A0257BF9EEA8A27B5,SRC-RAW-689A0257BF9EEA8A27B5,POWER,expert_scope,247,PM2.5,reported_total,expert_led_workbook,11.720164735,0.3516049420500003,NA,NA,NA,NA,NA,NA,NA,NA,NA,
SRC-RAW-689A0257BF9EEA8A27B5,SRC-RAW-689A0257BF9EEA8A27B5,POWER,expert_scope,247,BC,reported_total,expert_led_workbook,0.005764,0.00017292000000000015,NA,NA,NA,NA,NA,NA,NA,NA,NA,
SRC-RAW-689A0257BF9EEA8A27B5,SRC-RAW-689A0257BF9EEA8A27B5,POWER,expert_scope,247,OC,reported_total,expert_led_workbook,24.998693,24.998693,NA,NA,NA,NA,NA,NA,NA,NA,NA,
SRC-RAW-689A0257BF9EEA8A27B5,SRC-RAW-689A0257BF9EEA8A27B5,POWER,expert_scope,247,NH3,reported_total,expert_led_workbook,0.0,0.0,NA,NA,NA,NA,NA,NA,NA,NA,NA,
SRC-RAW-943A68DDDE5616AFED0D,SRC-RAW-943A68DDDE5616AFED0D,POWER,expert_scope,248,SO2,reported_total,expert_led_workbook,22699.403540000003,186.13510902799968,NA,NA,NA,NA,NA,NA,NA,NA,NA,
SRC-RAW-943A68DDDE5616AFED0D,SRC-RAW-943A68DDDE5616AFED0D,POWER,expert_scope,248,NOx,reported_total,expert_led_workbook,9627.41719,2406.8542975,NA,NA,NA,NA,NA,NA,NA,NA,NA,
SRC-RAW-943A68DDDE5616AFED0D,SRC-RAW-943A68DDDE5616AFED0D,POWER,expert_scope,248,CO,reported_total,expert_led_workbook,2670.5342,2670.5342,NA,NA,NA,NA,NA,NA,NA,NA,NA,
SRC-RAW-943A68DDDE5616AFED0D,SRC-RAW-943A68DDDE5616AFED0D,POWER,expert_scope,248,VOC,reported_total,expert_led_workbook,49705.6974045,546.762671449495,NA,NA,NA,NA,NA,NA,NA,NA,NA,
SRC-RAW-943A68DDDE5616AFED0D,SRC-RAW-943A68DDDE5616AFED0D,POWER,expert_scope,248,PM10,reported_total,expert_led_workbook,12966.713648999998,389.0014094700003,NA,NA,NA,NA,NA,NA,NA,NA,NA,
SRC-RAW-943A68DDDE5616AFED0D,SRC-RAW-943A68DDDE5616AFED0D,POWER,expert_scope,248,PM2.5,reported_total,expert_led_workbook,25.933670298,0.7780101089400007,NA,NA,NA,NA,NA,NA,NA,NA,NA,
SRC-RAW-943A68DDDE5616AFED0D,SRC-RAW-943A68DDDE5616AFED0D,POWER,expert_scope,248,BC,reported_total,expert_led_workbook,0.00108,3.240000000000003e-05,NA,NA,NA,NA,NA,NA,NA,NA,NA,
SRC-RAW-943A68DDDE5616AFED0D,SRC-RAW-943A68DDDE5616AFED0D,POWER,expert_scope,248,OC,reported_total,expert_led_workbook,53.413869999999996,53.413869999999996,NA,NA,NA,NA,NA,NA,NA,NA,NA,
SRC-RAW-943A68DDDE5616AFED0D,SRC-RAW-943A68DDDE5616AFED0D,POWER,expert_scope,248,NH3,reported_total,expert_led_workbook,0.0,0.0,NA,NA,NA,NA,NA,NA,NA,NA,NA,
SRC-RAW-0109432DE0E295CD5108,SRC-RAW-0109432DE0E295CD5108,POWER,expert_scope,249,SO2,reported_total,expert_led_workbook,7142.94810736,5.714358485888163,NA,NA,NA,NA,NA,NA,NA,NA,NA,
SRC-RAW-0109432DE0E295CD5108,SRC-RAW-0109432DE0E295CD5108,POWER,expert_scope,249,NOx,reported_total,expert_led_workbook,1693.7437911400002,323.4485558301029,NA,NA,NA,NA,NA,NA,NA,NA,NA,
SRC-RAW-0109432DE0E295CD5108,SRC-RAW-0109432DE0E295CD5108,POWER,expert_scope,249,CO,reported_total,expert_led_workbook,380.14928399999997,380.14928399999997,NA,NA,NA,NA,NA,NA,NA,NA,NA,
SRC-RAW-0109432DE0E295CD5108,SRC-RAW-0109432DE0E295CD5108,POWER,expert_scope,249,VOC,reported_total,expert_led_workbook,4036.1133847944006,44.397247232737996,NA,NA,NA,NA,NA,NA,NA,NA,NA,
SRC-RAW-0109432DE0E295CD5108,SRC-RAW-0109432DE0E295CD5108,POWER,expert_scope,249,PM10,reported_total,expert_led_workbook,974.2342652952003,29.227027958856034,NA,NA,NA,NA,NA,NA,NA,NA,NA,
SRC-RAW-0109432DE0E295CD5108,SRC-RAW-0109432DE0E295CD5108,POWER,expert_scope,249,PM2.5,reported_total,expert_led_workbook,1.9484685305904008,0.05845405591771208,NA,NA,NA,NA,NA,NA,NA,NA,NA,
SRC-RAW-0109432DE0E295CD5108,SRC-RAW-0109432DE0E295CD5108,POWER,expert_scope,249,BC,reported_total,expert_led_workbook,0.0,0.0,NA,NA,NA,NA,NA,NA,NA,NA,NA,
SRC-RAW-0109432DE0E295CD5108,SRC-RAW-0109432DE0E295CD5108,POWER,expert_scope,249,OC,reported_total,expert_led_workbook,7.60298568,7.60298568,NA,NA,NA,NA,NA,NA,NA,NA,NA,
SRC-RAW-0109432DE0E295CD5108,SRC-RAW-0109432DE0E295CD5108,POWER,expert_scope,249,NH3,reported_total,expert_led_workbook,0.0,0.0,NA,NA,NA,NA,NA,NA,NA,NA,NA,
SRC-RAW-FCE03F847AF31F5EF8CA,SRC-RAW-FCE03F847AF31F5EF8CA,POWER,expert_scope,250,SO2,reported_total,expert_led_workbook,7142.94810736,5.714358485888163,NA,NA,NA,NA,NA,NA,NA,NA,NA,
SRC-RAW-FCE03F847AF31F5EF8CA,SRC-RAW-FCE03F847AF31F5EF8CA,POWER,expert_scope,250,NOx,reported_total,expert_led_workbook,1693.7437911400002,323.4485558301035,NA,NA,NA,NA,NA,NA,NA,NA,NA,
SRC-RAW-FCE03F847AF31F5EF8CA,SRC-RAW-FCE03F847AF31F5EF8CA,POWER,expert_scope,250,CO,reported_total,expert_led_workbook,380.14928399999997,380.14928399999997,NA,NA,NA,NA,NA,NA,NA,NA,NA,
SRC-RAW-FCE03F847AF31F5EF8CA,SRC-RAW-FCE03F847AF31F5EF8CA,POWER,expert_scope,250,VOC,reported_total,expert_led_workbook,4036.1133847944006,44.397247232737996,NA,NA,NA,NA,NA,NA,NA,NA,NA,
SRC-RAW-FCE03F847AF31F5EF8CA,SRC-RAW-FCE03F847AF31F5EF8CA,POWER,expert_scope,250,PM10,reported_total,expert_led_workbook,974.2342652952003,29.227027958856034,NA,NA,NA,NA,NA,NA,NA,NA,NA,
SRC-RAW-FCE03F847AF31F5EF8CA,SRC-RAW-FCE03F847AF31F5EF8CA,POWER,expert_scope,250,PM2.5,reported_total,expert_led_workbook,1.9484685305904008,0.05845405591771208,NA,NA,NA,NA,NA,NA,NA,NA,NA,
SRC-RAW-FCE03F847AF31F5EF8CA,SRC-RAW-FCE03F847AF31F5EF8CA,POWER,expert_scope,250,BC,reported_total,expert_led_workbook,0.0,0.0,NA,NA,NA,NA,NA,NA,NA,NA,NA,
SRC-RAW-FCE03F847AF31F5EF8CA,SRC-RAW-FCE03F847AF31F5EF8CA,POWER,expert_scope,250,OC,reported_total,expert_led_workbook,7.60298568,7.60298568,NA,NA,NA,NA,NA,NA,NA,NA,NA,
SRC-RAW-FCE03F847AF31F5EF8CA,SRC-RAW-FCE03F847AF31F5EF8CA,POWER,expert_scope,250,NH3,reported_total,expert_led_workbook,0.0,0.0,NA,NA,NA,NA,NA,NA,NA,NA,NA,
SRC-RAW-994B355570EDFB2B8E4A,SRC-RAW-994B355570EDFB2B8E4A,POWER,expert_scope,251,SO2,reported_total,expert_led_workbook,391.03808000000004,24.67450284800002,NA,NA,NA,NA,NA,NA,NA,NA,NA,
SRC-RAW-994B355570EDFB2B8E4A,SRC-RAW-994B355570EDFB2B8E4A,POWER,expert_scope,251,NOx,reported_total,expert_led_workbook,322.03136000000006,186.77818880000007,NA,NA,NA,NA,NA,NA,NA,NA,NA,
SRC-RAW-994B355570EDFB2B8E4A,SRC-RAW-994B355570EDFB2B8E4A,POWER,expert_scope,251,CO,reported_total,expert_led_workbook,71.882,71.882,NA,NA,NA,NA,NA,NA,NA,NA,NA,
SRC-RAW-994B355570EDFB2B8E4A,SRC-RAW-994B355570EDFB2B8E4A,POWER,expert_scope,251,VOC,reported_total,expert_led_workbook,1307.4473216,15.689367859200013,NA,NA,NA,NA,NA,NA,NA,NA,NA,
SRC-RAW-994B355570EDFB2B8E4A,SRC-RAW-994B355570EDFB2B8E4A,POWER,expert_scope,251,PM10,reported_total,expert_led_workbook,315.5907328,9.46772198400001,NA,NA,NA,NA,NA,NA,NA,NA,NA,
SRC-RAW-994B355570EDFB2B8E4A,SRC-RAW-994B355570EDFB2B8E4A,POWER,expert_scope,251,PM2.5,reported_total,expert_led_workbook,0.6311814656,0.018935443968000017,NA,NA,NA,NA,NA,NA,NA,NA,NA,
SRC-RAW-994B355570EDFB2B8E4A,SRC-RAW-994B355570EDFB2B8E4A,POWER,expert_scope,251,BC,reported_total,expert_led_workbook,0.0,0.0,NA,NA,NA,NA,NA,NA,NA,NA,NA,
SRC-RAW-994B355570EDFB2B8E4A,SRC-RAW-994B355570EDFB2B8E4A,POWER,expert_scope,251,OC,reported_total,expert_led_workbook,1.43764,1.43764,NA,NA,NA,NA,NA,NA,NA,NA,NA,
SRC-RAW-994B355570EDFB2B8E4A,SRC-RAW-994B355570EDFB2B8E4A,POWER,expert_scope,251,NH3,reported_total,expert_led_workbook,0.0,0.0,NA,NA,NA,NA,NA,NA,NA,NA,NA,
SRC-RAW-2031C9CF41A78A40DCC9,SRC-RAW-2031C9CF41A78A40DCC9,POWER,expert_scope,252,SO2,reported_total,expert_led_workbook,490.44864,30.947309184000023,NA,NA,NA,NA,NA,NA,NA,NA,NA,
SRC-RAW-2031C9CF41A78A40DCC9,SRC-RAW-2031C9CF41A78A40DCC9,POWER,expert_scope,252,NOx,reported_total,expert_led_workbook,403.8988800000001,234.26135040000008,NA,NA,NA,NA,NA,NA,NA,NA,NA,
SRC-RAW-2031C9CF41A78A40DCC9,SRC-RAW-2031C9CF41A78A40DCC9,POWER,expert_scope,252,CO,reported_total,expert_led_workbook,90.156,90.156,NA,NA,NA,NA,NA,NA,NA,NA,NA,
SRC-RAW-2031C9CF41A78A40DCC9,SRC-RAW-2031C9CF41A78A40DCC9,POWER,expert_scope,252,VOC,reported_total,expert_led_workbook,1639.8294528,19.677953433600017,NA,NA,NA,NA,NA,NA,NA,NA,NA,
SRC-RAW-2031C9CF41A78A40DCC9,SRC-RAW-2031C9CF41A78A40DCC9,POWER,expert_scope,252,PM10,reported_total,expert_led_workbook,395.8209024,11.874627072000012,NA,NA,NA,NA,NA,NA,NA,NA,NA,
SRC-RAW-2031C9CF41A78A40DCC9,SRC-RAW-2031C9CF41A78A40DCC9,POWER,expert_scope,252,PM2.5,reported_total,expert_led_workbook,0.7916418048,0.02374925414400002,NA,NA,NA,NA,NA,NA,NA,NA,NA,
SRC-RAW-2031C9CF41A78A40DCC9,SRC-RAW-2031C9CF41A78A40DCC9,POWER,expert_scope,252,BC,reported_total,expert_led_workbook,0.0,0.0,NA,NA,NA,NA,NA,NA,NA,NA,NA,
SRC-RAW-2031C9CF41A78A40DCC9,SRC-RAW-2031C9CF41A78A40DCC9,POWER,expert_scope,252,OC,reported_total,expert_led_workbook,1.80312,1.80312,NA,NA,NA,NA,NA,NA,NA,NA,NA,
SRC-RAW-2031C9CF41A78A40DCC9,SRC-RAW-2031C9CF41A78A40DCC9,POWER,expert_scope,252,NH3,reported_total,expert_led_workbook,0.0,0.0,NA,NA,NA,NA,NA,NA,NA,NA,NA,
SRC-RAW-0CE8D8ABDD013A9A4978,SRC-RAW-0CE8D8ABDD013A9A4978,POWER,expert_scope,253,SO2,reported_total,expert_led_workbook,1431.5904,90.33335424000006,NA,NA,NA,NA,NA,NA,NA,NA,NA,
SRC-RAW-0CE8D8ABDD013A9A4978,SRC-RAW-0CE8D8ABDD013A9A4978,POWER,expert_scope,253,NOx,reported_total,expert_led_workbook,1178.9568000000002,683.7949440000002,NA,NA,NA,NA,NA,NA,NA,NA,NA,
SRC-RAW-0CE8D8ABDD013A9A4978,SRC-RAW-0CE8D8ABDD013A9A4978,POWER,expert_scope,253,CO,reported_total,expert_led_workbook,263.16,263.16,NA,NA,NA,NA,NA,NA,NA,NA,NA,
SRC-RAW-0CE8D8ABDD013A9A4978,SRC-RAW-0CE8D8ABDD013A9A4978,POWER,expert_scope,253,VOC,reported_total,expert_led_workbook,4786.564608,57.438775296000046,NA,NA,NA,NA,NA,NA,NA,NA,NA,
SRC-RAW-0CE8D8ABDD013A9A4978,SRC-RAW-0CE8D8ABDD013A9A4978,POWER,expert_scope,253,PM10,reported_total,expert_led_workbook,1155.377664,34.661329920000036,NA,NA,NA,NA,NA,NA,NA,NA,NA,
SRC-RAW-0CE8D8ABDD013A9A4978,SRC-RAW-0CE8D8ABDD013A9A4978,POWER,expert_scope,253,PM2.5,reported_total,expert_led_workbook,2.3107553280000004,0.06932265984000008,NA,NA,NA,NA,NA,NA,NA,NA,NA,
SRC-RAW-0CE8D8ABDD013A9A4978,SRC-RAW-0CE8D8ABDD013A9A4978,POWER,expert_scope,253,BC,reported_total,expert_led_workbook,0.0,0.0,NA,NA,NA,NA,NA,NA,NA,NA,NA,
SRC-RAW-0CE8D8ABDD013A9A4978,SRC-RAW-0CE8D8ABDD013A9A4978,POWER,expert_scope,253,OC,reported_total,expert_led_workbook,5.263199999999999,5.263199999999999,NA,NA,NA,NA,NA,NA,NA,NA,NA,
SRC-RAW-0CE8D8ABDD013A9A4978,SRC-RAW-0CE8D8ABDD013A9A4978,POWER,expert_scope,253,NH3,reported_total,expert_led_workbook,0.0,0.0,NA,NA,NA,NA,NA,NA,NA,NA,NA,
SRC-RAW-D8333CABBDCF22B6AB37,SRC-RAW-D8333CABBDCF22B6AB37,POWER,expert_scope,254,SO2,reported_total,expert_led_workbook,1917.9945361700002,1.534395628936044,NA,NA,NA,NA,NA,NA,NA,NA,NA,
SRC-RAW-D8333CABBDCF22B6AB37,SRC-RAW-D8333CABBDCF22B6AB37,POWER,expert_scope,254,NOx,reported_total,expert_led_workbook,1003.6894210400001,21.86354562820045,NA,NA,NA,NA,NA,NA,NA,NA,NA,
SRC-RAW-D8333CABBDCF22B6AB37,SRC-RAW-D8333CABBDCF22B6AB37,POWER,expert_scope,254,CO,reported_total,expert_led_workbook,224.257454,224.257454,NA,NA,NA,NA,NA,NA,NA,NA,NA,
SRC-RAW-D8333CABBDCF22B6AB37,SRC-RAW-D8333CABBDCF22B6AB37,POWER,expert_scope,254,VOC,reported_total,expert_led_workbook,3915.7804278090402,7.831560855618087,NA,NA,NA,NA,NA,NA,NA,NA,NA,
SRC-RAW-D8333CABBDCF22B6AB37,SRC-RAW-D8333CABBDCF22B6AB37,POWER,expert_scope,254,PM10,reported_total,expert_led_workbook,945.1883791263202,3.780753516505284,NA,NA,NA,NA,NA,NA,NA,NA,NA,
SRC-RAW-D8333CABBDCF22B6AB37,SRC-RAW-D8333CABBDCF22B6AB37,POWER,expert_scope,254,PM2.5,reported_total,expert_led_workbook,1.8903767582526403,0.007561507033010568,NA,NA,NA,NA,NA,NA,NA,NA,NA,
SRC-RAW-D8333CABBDCF22B6AB37,SRC-RAW-D8333CABBDCF22B6AB37,POWER,expert_scope,254,BC,reported_total,expert_led_workbook,0.0,0.0,NA,NA,NA,NA,NA,NA,NA,NA,NA,
SRC-RAW-D8333CABBDCF22B6AB37,SRC-RAW-D8333CABBDCF22B6AB37,POWER,expert_scope,254,OC,reported_total,expert_led_workbook,4.48514908,4.48514908,NA,NA,NA,NA,NA,NA,NA,NA,NA,
SRC-RAW-D8333CABBDCF22B6AB37,SRC-RAW-D8333CABBDCF22B6AB37,POWER,expert_scope,254,NH3,reported_total,expert_led_workbook,0.0,0.0,NA,NA,NA,NA,NA,NA,NA,NA,NA,
SRC-RAW-78AF19BE69568FDAA025,SRC-RAW-78AF19BE69568FDAA025,POWER,expert_scope,255,SO2,reported_total,expert_led_workbook,3945.5552744100005,3.156444219528091,NA,NA,NA,NA,NA,NA,NA,NA,NA,
SRC-RAW-78AF19BE69568FDAA025,SRC-RAW-78AF19BE69568FDAA025,POWER,expert_scope,255,NOx,reported_total,expert_led_workbook,2023.6756567700004,70.87830332189942,NA,NA,NA,NA,NA,NA,NA,NA,NA,
SRC-RAW-78AF19BE69568FDAA025,SRC-RAW-78AF19BE69568FDAA025,POWER,expert_scope,255,CO,reported_total,expert_led_workbook,452.197804,452.197804,NA,NA,NA,NA,NA,NA,NA,NA,NA,
SRC-RAW-78AF19BE69568FDAA025,SRC-RAW-78AF19BE69568FDAA025,POWER,expert_scope,255,VOC,reported_total,expert_led_workbook,7834.252279653521,15.668504559307056,NA,NA,NA,NA,NA,NA,NA,NA,NA,
SRC-RAW-78AF19BE69568FDAA025,SRC-RAW-78AF19BE69568FDAA025,POWER,expert_scope,255,PM10,reported_total,expert_led_workbook,1891.0264123301604,7.564105649320648,NA,NA,NA,NA,NA,NA,NA,NA,NA,
SRC-RAW-78AF19BE69568FDAA025,SRC-RAW-78AF19BE69568FDAA025,POWER,expert_scope,255,PM2.5,reported_total,expert_led_workbook,3.7820528246603207,0.015128211298641297,NA,NA,NA,NA,NA,NA,NA,NA,NA,
SRC-RAW-78AF19BE69568FDAA025,SRC-RAW-78AF19BE69568FDAA025,POWER,expert_scope,255,BC,reported_total,expert_led_workbook,0.0,0.0,NA,NA,NA,NA,NA,NA,NA,NA,NA,
SRC-RAW-78AF19BE69568FDAA025,SRC-RAW-78AF19BE69568FDAA025,POWER,expert_scope,255,OC,reported_total,expert_led_workbook,9.043956080000001,9.043956080000001,NA,NA,NA,NA,NA,NA,NA,NA,NA,
SRC-RAW-78AF19BE69568FDAA025,SRC-RAW-78AF19BE69568FDAA025,POWER,expert_scope,255,NH3,reported_total,expert_led_workbook,0.0,0.0,NA,NA,NA,NA,NA,NA,NA,NA,NA,
SRC-RAW-ACC54AF3A51272441AAE,SRC-RAW-ACC54AF3A51272441AAE,POWER,expert_scope,256,SO2,reported_total,expert_led_workbook,77.06831000000001,26.973908500000004,NA,NA,NA,NA,NA,NA,NA,NA,NA,
SRC-RAW-ACC54AF3A51272441AAE,SRC-RAW-ACC54AF3A51272441AAE,POWER,expert_scope,256,NOx,reported_total,expert_led_workbook,184.63424000000003,46.15856000000001,NA,NA,NA,NA,NA,NA,NA,NA,NA,
SRC-RAW-ACC54AF3A51272441AAE,SRC-RAW-ACC54AF3A51272441AAE,POWER,expert_scope,256,CO,reported_total,expert_led_workbook,41.213,41.213,NA,NA,NA,NA,NA,NA,NA,NA,NA,
SRC-RAW-ACC54AF3A51272441AAE,SRC-RAW-ACC54AF3A51272441AAE,POWER,expert_scope,256,VOC,reported_total,expert_led_workbook,167.32478,1.0039486799999824,NA,NA,NA,NA,NA,NA,NA,NA,NA,
SRC-RAW-ACC54AF3A51272441AAE,SRC-RAW-ACC54AF3A51272441AAE,POWER,expert_scope,256,PM10,reported_total,expert_led_workbook,40.388740000000006,0.6866085800000007,NA,NA,NA,NA,NA,NA,NA,NA,NA,
SRC-RAW-ACC54AF3A51272441AAE,SRC-RAW-ACC54AF3A51272441AAE,POWER,expert_scope,256,PM2.5,reported_total,expert_led_workbook,0.08077748000000001,0.0013732171600000015,NA,NA,NA,NA,NA,NA,NA,NA,NA,
SRC-RAW-ACC54AF3A51272441AAE,SRC-RAW-ACC54AF3A51272441AAE,POWER,expert_scope,256,BC,reported_total,expert_led_workbook,0.0,0.0,NA,NA,NA,NA,NA,NA,NA,NA,NA,
SRC-RAW-ACC54AF3A51272441AAE,SRC-RAW-ACC54AF3A51272441AAE,POWER,expert_scope,256,OC,reported_total,expert_led_workbook,0.82426,0.82426,NA,NA,NA,NA,NA,NA,NA,NA,NA,
SRC-RAW-ACC54AF3A51272441AAE,SRC-RAW-ACC54AF3A51272441AAE,POWER,expert_scope,256,NH3,reported_total,expert_led_workbook,0.0,0.0,NA,NA,NA,NA,NA,NA,NA,NA,NA,
SRC-RAW-FC093BE0133ABAA26D04,SRC-RAW-FC093BE0133ABAA26D04,POWER,expert_scope,257,SO2,reported_total,expert_led_workbook,77.06831000000001,26.973908500000004,NA,NA,NA,NA,NA,NA,NA,NA,NA,
SRC-RAW-FC093BE0133ABAA26D04,SRC-RAW-FC093BE0133ABAA26D04,POWER,expert_scope,257,NOx,reported_total,expert_led_workbook,184.63424000000003,46.15856000000001,NA,NA,NA,NA,NA,NA,NA,NA,NA,
SRC-RAW-FC093BE0133ABAA26D04,SRC-RAW-FC093BE0133ABAA26D04,POWER,expert_scope,257,CO,reported_total,expert_led_workbook,41.213,41.213,NA,NA,NA,NA,NA,NA,NA,NA,NA,
SRC-RAW-FC093BE0133ABAA26D04,SRC-RAW-FC093BE0133ABAA26D04,POWER,expert_scope,257,VOC,reported_total,expert_led_workbook,167.32478,1.0039486799999824,NA,NA,NA,NA,NA,NA,NA,NA,NA,
SRC-RAW-FC093BE0133ABAA26D04,SRC-RAW-FC093BE0133ABAA26D04,POWER,expert_scope,257,PM10,reported_total,expert_led_workbook,40.388740000000006,0.6866085800000007,NA,NA,NA,NA,NA,NA,NA,NA,NA,
SRC-RAW-FC093BE0133ABAA26D04,SRC-RAW-FC093BE0133ABAA26D04,POWER,expert_scope,257,PM2.5,reported_total,expert_led_workbook,0.08077748000000001,0.0013732171600000015,NA,NA,NA,NA,NA,NA,NA,NA,NA,
SRC-RAW-FC093BE0133ABAA26D04,SRC-RAW-FC093BE0133ABAA26D04,POWER,expert_scope,257,BC,reported_total,expert_led_workbook,0.0,0.0,NA,NA,NA,NA,NA,NA,NA,NA,NA,
SRC-RAW-FC093BE0133ABAA26D04,SRC-RAW-FC093BE0133ABAA26D04,POWER,expert_scope,257,OC,reported_total,expert_led_workbook,0.82426,0.82426,NA,NA,NA,NA,NA,NA,NA,NA,NA,
SRC-RAW-FC093BE0133ABAA26D04,SRC-RAW-FC093BE0133ABAA26D04,POWER,expert_scope,257,NH3,reported_total,expert_led_workbook,0.0,0.0,NA,NA,NA,NA,NA,NA,NA,NA,NA,
SRC-RAW-FCC268F768A43B518486,SRC-RAW-FCC268F768A43B518486,POWER,expert_scope,258,SO2,reported_total,expert_led_workbook,31.422038399999995,31.422038399999995,NA,NA,NA,NA,NA,NA,NA,NA,NA,
SRC-RAW-FCC268F768A43B518486,SRC-RAW-FCC268F768A43B518486,POWER,expert_scope,258,NOx,reported_total,expert_led_workbook,38.4047136,11.521414080000001,NA,NA,NA,NA,NA,NA,NA,NA,NA,
SRC-RAW-FCC268F768A43B518486,SRC-RAW-FCC268F768A43B518486,POWER,expert_scope,258,CO,reported_total,expert_led_workbook,3.6967103999999993,3.6967103999999993,NA,NA,NA,NA,NA,NA,NA,NA,NA,
SRC-RAW-FCC268F768A43B518486,SRC-RAW-FCC268F768A43B518486,POWER,expert_scope,258,VOC,reported_total,expert_led_workbook,1.7456688,1.7456688,NA,NA,NA,NA,NA,NA,NA,NA,NA,
SRC-RAW-FCC268F768A43B518486,SRC-RAW-FCC268F768A43B518486,POWER,expert_scope,258,PM10,reported_total,expert_led_workbook,1.7456688,1.7456688,NA,NA,NA,NA,NA,NA,NA,NA,NA,
SRC-RAW-FCC268F768A43B518486,SRC-RAW-FCC268F768A43B518486,POWER,expert_scope,258,PM2.5,reported_total,expert_led_workbook,0.2053728,0.2053728,NA,NA,NA,NA,NA,NA,NA,NA,NA,
SRC-RAW-FCC268F768A43B518486,SRC-RAW-FCC268F768A43B518486,POWER,expert_scope,258,BC,reported_total,expert_led_workbook,0.9241775999999998,0.9241775999999998,NA,NA,NA,NA,NA,NA,NA,NA,NA,
SRC-RAW-FCC268F768A43B518486,SRC-RAW-FCC268F768A43B518486,POWER,expert_scope,258,OC,reported_total,expert_led_workbook,338.86512,338.86512,NA,NA,NA,NA,NA,NA,NA,NA,NA,
SRC-RAW-FCC268F768A43B518486,SRC-RAW-FCC268F768A43B518486,POWER,expert_scope,258,NH3,reported_total,expert_led_workbook,0.0,0.0,NA,NA,NA,NA,NA,NA,NA,NA,NA,
SRC-RAW-2DC355A7DAB92666CE8A,SRC-RAW-2DC355A7DAB92666CE8A,POWER,expert_scope,259,SO2,reported_total,expert_led_workbook,24.7375908,24.7375908,NA,NA,NA,NA,NA,NA,NA,NA,NA,
SRC-RAW-2DC355A7DAB92666CE8A,SRC-RAW-2DC355A7DAB92666CE8A,POWER,expert_scope,259,NOx,reported_total,expert_led_workbook,30.234833200000004,9.069567706332071,NA,NA,NA,NA,NA,NA,NA,NA,NA,
SRC-RAW-2DC355A7DAB92666CE8A,SRC-RAW-2DC355A7DAB92666CE8A,POWER,expert_scope,259,CO,reported_total,expert_led_workbook,2.9103048,2.9103048,NA,NA,NA,NA,NA,NA,NA,NA,NA,
SRC-RAW-2DC355A7DAB92666CE8A,SRC-RAW-2DC355A7DAB92666CE8A,POWER,expert_scope,259,VOC,reported_total,expert_led_workbook,1.3743106000000003,1.3743106000000003,NA,NA,NA,NA,NA,NA,NA,NA,NA,
SRC-RAW-2DC355A7DAB92666CE8A,SRC-RAW-2DC355A7DAB92666CE8A,POWER,expert_scope,259,PM10,reported_total,expert_led_workbook,1.3743106000000003,1.3743106000000003,NA,NA,NA,NA,NA,NA,NA,NA,NA,
SRC-RAW-2DC355A7DAB92666CE8A,SRC-RAW-2DC355A7DAB92666CE8A,POWER,expert_scope,259,PM2.5,reported_total,expert_led_workbook,0.1616836,0.1616836,NA,NA,NA,NA,NA,NA,NA,NA,NA,
SRC-RAW-2DC355A7DAB92666CE8A,SRC-RAW-2DC355A7DAB92666CE8A,POWER,expert_scope,259,BC,reported_total,expert_led_workbook,0.7275762,0.7275762,NA,NA,NA,NA,NA,NA,NA,NA,NA,
SRC-RAW-2DC355A7DAB92666CE8A,SRC-RAW-2DC355A7DAB92666CE8A,POWER,expert_scope,259,OC,reported_total,expert_led_workbook,266.77794,266.77794,NA,NA,NA,NA,NA,NA,NA,NA,NA,
SRC-RAW-2DC355A7DAB92666CE8A,SRC-RAW-2DC355A7DAB92666CE8A,POWER,expert_scope,259,NH3,reported_total,expert_led_workbook,0.0,0.0,NA,NA,NA,NA,NA,NA,NA,NA,NA,
SRC-RAW-C0844C8C6B7825D3F888,SRC-RAW-C0844C8C6B7825D3F888,POWER,expert_scope,260,SO2,reported_total,expert_led_workbook,39592.45752999999,712.6642355400005,NA,NA,NA,NA,NA,NA,NA,NA,NA,
SRC-RAW-C0844C8C6B7825D3F888,SRC-RAW-C0844C8C6B7825D3F888,POWER,expert_scope,260,NOx,reported_total,expert_led_workbook,16625.603890000002,2327.5845446000003,NA,NA,NA,NA,NA,NA,NA,NA,NA,
SRC-RAW-C0844C8C6B7825D3F888,SRC-RAW-C0844C8C6B7825D3F888,POWER,expert_scope,260,CO,reported_total,expert_led_workbook,4611.818,4611.818,NA,NA,NA,NA,NA,NA,NA,NA,NA,
SRC-RAW-C0844C8C6B7825D3F888,SRC-RAW-C0844C8C6B7825D3F888,POWER,expert_scope,260,VOC,reported_total,expert_led_workbook,99442.32562500001,596.6539537499896,NA,NA,NA,NA,NA,NA,NA,NA,NA,
SRC-RAW-C0844C8C6B7825D3F888,SRC-RAW-C0844C8C6B7825D3F888,POWER,expert_scope,260,PM10,reported_total,expert_led_workbook,25941.47625,441.0050962500004,NA,NA,NA,NA,NA,NA,NA,NA,NA,
SRC-RAW-C0844C8C6B7825D3F888,SRC-RAW-C0844C8C6B7825D3F888,POWER,expert_scope,260,PM2.5,reported_total,expert_led_workbook,51.8829525,0.8820101925000008,NA,NA,NA,NA,NA,NA,NA,NA,NA,
SRC-RAW-C0844C8C6B7825D3F888,SRC-RAW-C0844C8C6B7825D3F888,POWER,expert_scope,260,BC,reported_total,expert_led_workbook,0.0,0.0,NA,NA,NA,NA,NA,NA,NA,NA,NA,
SRC-RAW-C0844C8C6B7825D3F888,SRC-RAW-C0844C8C6B7825D3F888,POWER,expert_scope,260,OC,reported_total,expert_led_workbook,92.23636,92.23636,NA,NA,NA,NA,NA,NA,NA,NA,NA,
SRC-RAW-C0844C8C6B7825D3F888,SRC-RAW-C0844C8C6B7825D3F888,POWER,expert_scope,260,NH3,reported_total,expert_led_workbook,0.0,0.0,NA,NA,NA,NA,NA,NA,NA,NA,NA,
SRC-RAW-B8621C83D2F0338C87B0,SRC-RAW-B8621C83D2F0338C87B0,POWER,expert_scope,261,SO2,reported_total,expert_led_workbook,33208.205109999995,597.7476919800005,NA,NA,NA,NA,NA,NA,NA,NA,NA,
SRC-RAW-B8621C83D2F0338C87B0,SRC-RAW-B8621C83D2F0338C87B0,POWER,expert_scope,261,NOx,reported_total,expert_led_workbook,13944.73843,1952.2633802,NA,NA,NA,NA,NA,NA,NA,NA,NA,
SRC-RAW-B8621C83D2F0338C87B0,SRC-RAW-B8621C83D2F0338C87B0,POWER,expert_scope,261,CO,reported_total,expert_led_workbook,3868.166,3868.166,NA,NA,NA,NA,NA,NA,NA,NA,NA,
SRC-RAW-B8621C83D2F0338C87B0,SRC-RAW-B8621C83D2F0338C87B0,POWER,expert_scope,261,VOC,reported_total,expert_led_workbook,83407.329375,500.4439762499912,NA,NA,NA,NA,NA,NA,NA,NA,NA,
SRC-RAW-B8621C83D2F0338C87B0,SRC-RAW-B8621C83D2F0338C87B0,POWER,expert_scope,261,PM10,reported_total,expert_led_workbook,21758.43375,369.8933737500003,NA,NA,NA,NA,NA,NA,NA,NA,NA,
SRC-RAW-B8621C83D2F0338C87B0,SRC-RAW-B8621C83D2F0338C87B0,POWER,expert_scope,261,PM2.5,reported_total,expert_led_workbook,43.516867500000004,0.7397867475000007,NA,NA,NA,NA,NA,NA,NA,NA,NA,
SRC-RAW-B8621C83D2F0338C87B0,SRC-RAW-B8621C83D2F0338C87B0,POWER,expert_scope,261,BC,reported_total,expert_led_workbook,0.0,0.0,NA,NA,NA,NA,NA,NA,NA,NA,NA,
SRC-RAW-B8621C83D2F0338C87B0,SRC-RAW-B8621C83D2F0338C87B0,POWER,expert_scope,261,OC,reported_total,expert_led_workbook,77.36332,77.36332,NA,NA,NA,NA,NA,NA,NA,NA,NA,
SRC-RAW-B8621C83D2F0338C87B0,SRC-RAW-B8621C83D2F0338C87B0,POWER,expert_scope,261,NH3,reported_total,expert_led_workbook,0.0,0.0,NA,NA,NA,NA,NA,NA,NA,NA,NA,
SRC-RAW-B6469145B0B0A4FB00A0,SRC-RAW-B6469145B0B0A4FB00A0,POWER,expert_scope,262,SO2,reported_total,expert_led_workbook,5.988858384,5.988858384,NA,NA,NA,NA,NA,NA,NA,NA,NA,
SRC-RAW-B6469145B0B0A4FB00A0,SRC-RAW-B6469145B0B0A4FB00A0,POWER,expert_scope,262,NOx,reported_total,expert_led_workbook,965.1855099999999,559.8075958000001,NA,NA,NA,NA,NA,NA,NA,NA,NA,
SRC-RAW-B6469145B0B0A4FB00A0,SRC-RAW-B6469145B0B0A4FB00A0,POWER,expert_scope,262,CO,reported_total,expert_led_workbook,306.03443,306.03443,NA,NA,NA,NA,NA,NA,NA,NA,NA,
SRC-RAW-B6469145B0B0A4FB00A0,SRC-RAW-B6469145B0B0A4FB00A0,POWER,expert_scope,262,VOC,reported_total,expert_led_workbook,7.062333,7.062333,NA,NA,NA,NA,NA,NA,NA,NA,NA,
SRC-RAW-B6469145B0B0A4FB00A0,SRC-RAW-B6469145B0B0A4FB00A0,POWER,expert_scope,262,PM10,reported_total,expert_led_workbook,7.062333,7.062333,NA,NA,NA,NA,NA,NA,NA,NA,NA,
SRC-RAW-B6469145B0B0A4FB00A0,SRC-RAW-B6469145B0B0A4FB00A0,POWER,expert_scope,262,PM2.5,reported_total,expert_led_workbook,0.0,0.0,NA,NA,NA,NA,NA,NA,NA,NA,NA,
SRC-RAW-B6469145B0B0A4FB00A0,SRC-RAW-B6469145B0B0A4FB00A0,POWER,expert_scope,262,BC,reported_total,expert_led_workbook,0.0,0.0,NA,NA,NA,NA,NA,NA,NA,NA,NA,
SRC-RAW-B6469145B0B0A4FB00A0,SRC-RAW-B6469145B0B0A4FB00A0,POWER,expert_scope,262,OC,reported_total,expert_led_workbook,4.708222,4.708222,NA,NA,NA,NA,NA,NA,NA,NA,NA,
SRC-RAW-B6469145B0B0A4FB00A0,SRC-RAW-B6469145B0B0A4FB00A0,POWER,expert_scope,262,NH3,reported_total,expert_led_workbook,0.0,0.0,NA,NA,NA,NA,NA,NA,NA,NA,NA,
SRC-RAW-A3068488C3DCAF296ED0,SRC-RAW-A3068488C3DCAF296ED0,POWER,expert_scope,263,SO2,reported_total,expert_led_workbook,4.8883896192,4.8883896192,NA,NA,NA,NA,NA,NA,NA,NA,NA,
SRC-RAW-A3068488C3DCAF296ED0,SRC-RAW-A3068488C3DCAF296ED0,POWER,expert_scope,263,NOx,reported_total,expert_led_workbook,787.8300879999997,456.9414510399999,NA,NA,NA,NA,NA,NA,NA,NA,NA,
SRC-RAW-A3068488C3DCAF296ED0,SRC-RAW-A3068488C3DCAF296ED0,POWER,expert_scope,263,CO,reported_total,expert_led_workbook,249.799784,249.799784,NA,NA,NA,NA,NA,NA,NA,NA,NA,
SRC-RAW-A3068488C3DCAF296ED0,SRC-RAW-A3068488C3DCAF296ED0,POWER,expert_scope,263,VOC,reported_total,expert_led_workbook,5.7646104,5.7646104,NA,NA,NA,NA,NA,NA,NA,NA,NA,
SRC-RAW-A3068488C3DCAF296ED0,SRC-RAW-A3068488C3DCAF296ED0,POWER,expert_scope,263,PM10,reported_total,expert_led_workbook,5.7646104,5.7646104,NA,NA,NA,NA,NA,NA,NA,NA,NA,
SRC-RAW-A3068488C3DCAF296ED0,SRC-RAW-A3068488C3DCAF296ED0,POWER,expert_scope,263,PM2.5,reported_total,expert_led_workbook,0.0,0.0,NA,NA,NA,NA,NA,NA,NA,NA,NA,
SRC-RAW-A3068488C3DCAF296ED0,SRC-RAW-A3068488C3DCAF296ED0,POWER,expert_scope,263,BC,reported_total,expert_led_workbook,0.0,0.0,NA,NA,NA,NA,NA,NA,NA,NA,NA,
SRC-RAW-A3068488C3DCAF296ED0,SRC-RAW-A3068488C3DCAF296ED0,POWER,expert_scope,263,OC,reported_total,expert_led_workbook,3.8430735999999994,3.8430735999999994,NA,NA,NA,NA,NA,NA,NA,NA,NA,
SRC-RAW-A3068488C3DCAF296ED0,SRC-RAW-A3068488C3DCAF296ED0,POWER,expert_scope,263,NH3,reported_total,expert_led_workbook,0.0,0.0,NA,NA,NA,NA,NA,NA,NA,NA,NA,
SRC-RAW-2176187F1A41EC1F36DD,SRC-RAW-2176187F1A41EC1F36DD,POWER,expert_scope,264,SO2,reported_total,expert_led_workbook,579.6613964537548,28.983069822687767,NA,NA,NA,NA,NA,NA,NA,NA,NA,
SRC-RAW-2176187F1A41EC1F36DD,SRC-RAW-2176187F1A41EC1F36DD,POWER,expert_scope,264,NOx,reported_total,expert_led_workbook,886.4485724205534,221.61214310513836,NA,NA,NA,NA,NA,NA,NA,NA,NA,
SRC-RAW-2176187F1A41EC1F36DD,SRC-RAW-2176187F1A41EC1F36DD,POWER,expert_scope,264,CO,reported_total,expert_led_workbook,315.7549856916996,315.7549856916996,NA,NA,NA,NA,NA,NA,NA,NA,NA,
SRC-RAW-2176187F1A41EC1F36DD,SRC-RAW-2176187F1A41EC1F36DD,POWER,expert_scope,264,VOC,reported_total,expert_led_workbook,2547.2727504358577,15.283636502614877,NA,NA,NA,NA,NA,NA,NA,NA,NA,
SRC-RAW-2176187F1A41EC1F36DD,SRC-RAW-2176187F1A41EC1F36DD,POWER,expert_scope,264,PM10,reported_total,expert_led_workbook,614.8589397603795,10.452601975926461,NA,NA,NA,NA,NA,NA,NA,NA,NA,
SRC-RAW-2176187F1A41EC1F36DD,SRC-RAW-2176187F1A41EC1F36DD,POWER,expert_scope,264,PM2.5,reported_total,expert_led_workbook,1.229717879520759,0.020905203951852924,NA,NA,NA,NA,NA,NA,NA,NA,NA,
SRC-RAW-2176187F1A41EC1F36DD,SRC-RAW-2176187F1A41EC1F36DD,POWER,expert_scope,264,BC,reported_total,expert_led_workbook,0.0,0.0,NA,NA,NA,NA,NA,NA,NA,NA,NA,
SRC-RAW-2176187F1A41EC1F36DD,SRC-RAW-2176187F1A41EC1F36DD,POWER,expert_scope,264,OC,reported_total,expert_led_workbook,27.49470508932806,27.49470508932806,NA,NA,NA,NA,NA,NA,NA,NA,NA,
SRC-RAW-2176187F1A41EC1F36DD,SRC-RAW-2176187F1A41EC1F36DD,POWER,expert_scope,264,NH3,reported_total,expert_led_workbook,5.054798418972332,5.054798418972332,NA,NA,NA,NA,NA,NA,NA,NA,NA,
SRC-RAW-DEAEFF26B2F6E10A50BC,SRC-RAW-DEAEFF26B2F6E10A50BC,POWER,expert_scope,265,SO2,reported_total,expert_led_workbook,6954.58304,91.10503782400001,NA,NA,NA,NA,NA,NA,NA,NA,NA,
SRC-RAW-DEAEFF26B2F6E10A50BC,SRC-RAW-DEAEFF26B2F6E10A50BC,POWER,expert_scope,265,NOx,reported_total,expert_led_workbook,9217.379359999999,1152.1724199999999,NA,NA,NA,NA,NA,NA,NA,NA,NA,
SRC-RAW-DEAEFF26B2F6E10A50BC,SRC-RAW-DEAEFF26B2F6E10A50BC,POWER,expert_scope,265,CO,reported_total,expert_led_workbook,2556.832,2556.832,NA,NA,NA,NA,NA,NA,NA,NA,NA,
SRC-RAW-DEAEFF26B2F6E10A50BC,SRC-RAW-DEAEFF26B2F6E10A50BC,POWER,expert_scope,265,VOC,reported_total,expert_led_workbook,34424.227236,68.84845447200006,NA,NA,NA,NA,NA,NA,NA,NA,NA,
SRC-RAW-DEAEFF26B2F6E10A50BC,SRC-RAW-DEAEFF26B2F6E10A50BC,POWER,expert_scope,265,PM10,reported_total,expert_led_workbook,8980.233191999998,35.92093276800002,NA,NA,NA,NA,NA,NA,NA,NA,NA,
SRC-RAW-DEAEFF26B2F6E10A50BC,SRC-RAW-DEAEFF26B2F6E10A50BC,POWER,expert_scope,265,PM2.5,reported_total,expert_led_workbook,17.960466383999997,0.07184186553600005,NA,NA,NA,NA,NA,NA,NA,NA,NA,
SRC-RAW-DEAEFF26B2F6E10A50BC,SRC-RAW-DEAEFF26B2F6E10A50BC,POWER,expert_scope,265,BC,reported_total,expert_led_workbook,0.0,0.0,NA,NA,NA,NA,NA,NA,NA,NA,NA,
SRC-RAW-DEAEFF26B2F6E10A50BC,SRC-RAW-DEAEFF26B2F6E10A50BC,POWER,expert_scope,265,OC,reported_total,expert_led_workbook,51.13664,51.13664,NA,NA,NA,NA,NA,NA,NA,NA,NA,
SRC-RAW-DEAEFF26B2F6E10A50BC,SRC-RAW-DEAEFF26B2F6E10A50BC,POWER,expert_scope,265,NH3,reported_total,expert_led_workbook,0.0,0.0,NA,NA,NA,NA,NA,NA,NA,NA,NA,
SRC-RAW-8454B9202B0628E9CEC4,SRC-RAW-8454B9202B0628E9CEC4,POWER,expert_scope,266,SO2,reported_total,expert_led_workbook,5621.217280000001,73.63794636800002,NA,NA,NA,NA,NA,NA,NA,NA,NA,
SRC-RAW-8454B9202B0628E9CEC4,SRC-RAW-8454B9202B0628E9CEC4,POWER,expert_scope,266,NOx,reported_total,expert_led_workbook,7450.17952,931.27244,NA,NA,NA,NA,NA,NA,NA,NA,NA,
SRC-RAW-8454B9202B0628E9CEC4,SRC-RAW-8454B9202B0628E9CEC4,POWER,expert_scope,266,CO,reported_total,expert_led_workbook,2066.624,2066.624,NA,NA,NA,NA,NA,NA,NA,NA,NA,
SRC-RAW-8454B9202B0628E9CEC4,SRC-RAW-8454B9202B0628E9CEC4,POWER,expert_scope,266,VOC,reported_total,expert_led_workbook,28626.358992,57.25271798400005,NA,NA,NA,NA,NA,NA,NA,NA,NA,
SRC-RAW-8454B9202B0628E9CEC4,SRC-RAW-8454B9202B0628E9CEC4,POWER,expert_scope,266,PM10,reported_total,expert_led_workbook,7467.745824,29.870983296000023,NA,NA,NA,NA,NA,NA,NA,NA,NA,
SRC-RAW-8454B9202B0628E9CEC4,SRC-RAW-8454B9202B0628E9CEC4,POWER,expert_scope,266,PM2.5,reported_total,expert_led_workbook,14.935491648,0.059741966592000054,NA,NA,NA,NA,NA,NA,NA,NA,NA,
SRC-RAW-8454B9202B0628E9CEC4,SRC-RAW-8454B9202B0628E9CEC4,POWER,expert_scope,266,BC,reported_total,expert_led_workbook,0.0,0.0,NA,NA,NA,NA,NA,NA,NA,NA,NA,
SRC-RAW-8454B9202B0628E9CEC4,SRC-RAW-8454B9202B0628E9CEC4,POWER,expert_scope,266,OC,reported_total,expert_led_workbook,41.332480000000004,41.332480000000004,NA,NA,NA,NA,NA,NA,NA,NA,NA,
SRC-RAW-8454B9202B0628E9CEC4,SRC-RAW-8454B9202B0628E9CEC4,POWER,expert_scope,266,NH3,reported_total,expert_led_workbook,0.0,0.0,NA,NA,NA,NA,NA,NA,NA,NA,NA,
SRC-RAW-129F5F9B694D3A429A0B,SRC-RAW-129F5F9B694D3A429A0B,POWER,expert_scope,267,SO2,reported_total,expert_led_workbook,5.075856216,5.075856216,NA,NA,NA,NA,NA,NA,NA,NA,NA,
SRC-RAW-129F5F9B694D3A429A0B,SRC-RAW-129F5F9B694D3A429A0B,POWER,expert_scope,267,NOx,reported_total,expert_led_workbook,818.0428649999999,474.4648617,NA,NA,NA,NA,NA,NA,NA,NA,NA,
SRC-RAW-129F5F9B694D3A429A0B,SRC-RAW-129F5F9B694D3A429A0B,POWER,expert_scope,267,CO,reported_total,expert_led_workbook,259.379445,259.379445,NA,NA,NA,NA,NA,NA,NA,NA,NA,
SRC-RAW-129F5F9B694D3A429A0B,SRC-RAW-129F5F9B694D3A429A0B,POWER,expert_scope,267,VOC,reported_total,expert_led_workbook,5.9856795,5.9856795,NA,NA,NA,NA,NA,NA,NA,NA,NA,
SRC-RAW-129F5F9B694D3A429A0B,SRC-RAW-129F5F9B694D3A429A0B,POWER,expert_scope,267,PM10,reported_total,expert_led_workbook,5.9856795,5.9856795,NA,NA,NA,NA,NA,NA,NA,NA,NA,
SRC-RAW-129F5F9B694D3A429A0B,SRC-RAW-129F5F9B694D3A429A0B,POWER,expert_scope,267,PM2.5,reported_total,expert_led_workbook,0.0,0.0,NA,NA,NA,NA,NA,NA,NA,NA,NA,
SRC-RAW-129F5F9B694D3A429A0B,SRC-RAW-129F5F9B694D3A429A0B,POWER,expert_scope,267,BC,reported_total,expert_led_workbook,0.0,0.0,NA,NA,NA,NA,NA,NA,NA,NA,NA,
SRC-RAW-129F5F9B694D3A429A0B,SRC-RAW-129F5F9B694D3A429A0B,POWER,expert_scope,267,OC,reported_total,expert_led_workbook,3.990453,3.990453,NA,NA,NA,NA,NA,NA,NA,NA,NA,
SRC-RAW-129F5F9B694D3A429A0B,SRC-RAW-129F5F9B694D3A429A0B,POWER,expert_scope,267,NH3,reported_total,expert_led_workbook,0.0,0.0,NA,NA,NA,NA,NA,NA,NA,NA,NA,
SRC-RAW-F482827E8CCE3696131D,SRC-RAW-F482827E8CCE3696131D,POWER,expert_scope,268,SO2,reported_total,expert_led_workbook,8.4973194672,8.4973194672,NA,NA,NA,NA,NA,NA,NA,NA,NA,
SRC-RAW-F482827E8CCE3696131D,SRC-RAW-F482827E8CCE3696131D,POWER,expert_scope,268,NOx,reported_total,expert_led_workbook,1369.457933,794.28560114,NA,NA,NA,NA,NA,NA,NA,NA,NA,
SRC-RAW-F482827E8CCE3696131D,SRC-RAW-F482827E8CCE3696131D,POWER,expert_scope,268,CO,reported_total,expert_led_workbook,434.218369,434.218369,NA,NA,NA,NA,NA,NA,NA,NA,NA,
SRC-RAW-F482827E8CCE3696131D,SRC-RAW-F482827E8CCE3696131D,POWER,expert_scope,268,VOC,reported_total,expert_led_workbook,10.0204239,10.0204239,NA,NA,NA,NA,NA,NA,NA,NA,NA,
SRC-RAW-F482827E8CCE3696131D,SRC-RAW-F482827E8CCE3696131D,POWER,expert_scope,268,PM10,reported_total,expert_led_workbook,10.0204239,10.0204239,NA,NA,NA,NA,NA,NA,NA,NA,NA,
SRC-RAW-F482827E8CCE3696131D,SRC-RAW-F482827E8CCE3696131D,POWER,expert_scope,268,PM2.5,reported_total,expert_led_workbook,0.0,0.0,NA,NA,NA,NA,NA,NA,NA,NA,NA,
SRC-RAW-F482827E8CCE3696131D,SRC-RAW-F482827E8CCE3696131D,POWER,expert_scope,268,BC,reported_total,expert_led_workbook,0.0,0.0,NA,NA,NA,NA,NA,NA,NA,NA,NA,
SRC-RAW-F482827E8CCE3696131D,SRC-RAW-F482827E8CCE3696131D,POWER,expert_scope,268,OC,reported_total,expert_led_workbook,6.680282600000001,6.680282600000001,NA,NA,NA,NA,NA,NA,NA,NA,NA,
SRC-RAW-F482827E8CCE3696131D,SRC-RAW-F482827E8CCE3696131D,POWER,expert_scope,268,NH3,reported_total,expert_led_workbook,0.0,0.0,NA,NA,NA,NA,NA,NA,NA,NA,NA,
SRC-RAW-A5E426EB00113B8E7A2E,SRC-RAW-A5E426EB00113B8E7A2E,POWER,expert_scope,269,SO2,reported_total,expert_led_workbook,22858.79347,868.6341518599983,NA,NA,NA,NA,NA,NA,NA,NA,NA,
SRC-RAW-A5E426EB00113B8E7A2E,SRC-RAW-A5E426EB00113B8E7A2E,POWER,expert_scope,269,NOx,reported_total,expert_led_workbook,18292.10887,3658.421773999999,NA,NA,NA,NA,NA,NA,NA,NA,NA,
SRC-RAW-A5E426EB00113B8E7A2E,SRC-RAW-A5E426EB00113B8E7A2E,POWER,expert_scope,269,CO,reported_total,expert_led_workbook,5074.094,5074.094,NA,NA,NA,NA,NA,NA,NA,NA,NA,
SRC-RAW-A5E426EB00113B8E7A2E,SRC-RAW-A5E426EB00113B8E7A2E,POWER,expert_scope,269,VOC,reported_total,expert_led_workbook,48184.23088575,530.0265397432452,NA,NA,NA,NA,NA,NA,NA,NA,NA,
SRC-RAW-A5E426EB00113B8E7A2E,SRC-RAW-A5E426EB00113B8E7A2E,POWER,expert_scope,269,PM10,reported_total,expert_led_workbook,12569.799361500001,377.0939808450004,NA,NA,NA,NA,NA,NA,NA,NA,NA,
SRC-RAW-A5E426EB00113B8E7A2E,SRC-RAW-A5E426EB00113B8E7A2E,POWER,expert_scope,269,PM2.5,reported_total,expert_led_workbook,25.139598723000002,0.7541879616900008,NA,NA,NA,NA,NA,NA,NA,NA,NA,
SRC-RAW-A5E426EB00113B8E7A2E,SRC-RAW-A5E426EB00113B8E7A2E,POWER,expert_scope,269,BC,reported_total,expert_led_workbook,0.0,0.0,NA,NA,NA,NA,NA,NA,NA,NA,NA,
SRC-RAW-A5E426EB00113B8E7A2E,SRC-RAW-A5E426EB00113B8E7A2E,POWER,expert_scope,269,OC,reported_total,expert_led_workbook,101.48188,101.48188,NA,NA,NA,NA,NA,NA,NA,NA,NA,
SRC-RAW-A5E426EB00113B8E7A2E,SRC-RAW-A5E426EB00113B8E7A2E,POWER,expert_scope,269,NH3,reported_total,expert_led_workbook,0.0,0.0,NA,NA,NA,NA,NA,NA,NA,NA,NA,
SRC-RAW-59CF1BC6B0C3ADF43BD2,SRC-RAW-59CF1BC6B0C3ADF43BD2,POWER,expert_scope,270,SO2,reported_total,expert_led_workbook,23058.08566,876.2072550799983,NA,NA,NA,NA,NA,NA,NA,NA,NA,
SRC-RAW-59CF1BC6B0C3ADF43BD2,SRC-RAW-59CF1BC6B0C3ADF43BD2,POWER,expert_scope,270,NOx,reported_total,expert_led_workbook,18451.58686,3690.317371999999,NA,NA,NA,NA,NA,NA,NA,NA,NA,
SRC-RAW-59CF1BC6B0C3ADF43BD2,SRC-RAW-59CF1BC6B0C3ADF43BD2,POWER,expert_scope,270,CO,reported_total,expert_led_workbook,5118.332,5118.332,NA,NA,NA,NA,NA,NA,NA,NA,NA,
SRC-RAW-59CF1BC6B0C3ADF43BD2,SRC-RAW-59CF1BC6B0C3ADF43BD2,POWER,expert_scope,270,VOC,reported_total,expert_led_workbook,52003.532703,572.0388597329948,NA,NA,NA,NA,NA,NA,NA,NA,NA,
SRC-RAW-59CF1BC6B0C3ADF43BD2,SRC-RAW-59CF1BC6B0C3ADF43BD2,POWER,expert_scope,270,PM10,reported_total,expert_led_workbook,13566.138965999997,406.9841689800003,NA,NA,NA,NA,NA,NA,NA,NA,NA,
SRC-RAW-59CF1BC6B0C3ADF43BD2,SRC-RAW-59CF1BC6B0C3ADF43BD2,POWER,expert_scope,270,PM2.5,reported_total,expert_led_workbook,27.132277931999994,0.8139683379600006,NA,NA,NA,NA,NA,NA,NA,NA,NA,
SRC-RAW-59CF1BC6B0C3ADF43BD2,SRC-RAW-59CF1BC6B0C3ADF43BD2,POWER,expert_scope,270,BC,reported_total,expert_led_workbook,0.0,0.0,NA,NA,NA,NA,NA,NA,NA,NA,NA,
SRC-RAW-59CF1BC6B0C3ADF43BD2,SRC-RAW-59CF1BC6B0C3ADF43BD2,POWER,expert_scope,270,OC,reported_total,expert_led_workbook,102.36664,102.36664,NA,NA,NA,NA,NA,NA,NA,NA,NA,
SRC-RAW-59CF1BC6B0C3ADF43BD2,SRC-RAW-59CF1BC6B0C3ADF43BD2,POWER,expert_scope,270,NH3,reported_total,expert_led_workbook,0.0,0.0,NA,NA,NA,NA,NA,NA,NA,NA,NA,
SRC-RAW-A015A5ABFFB14433B3D1,SRC-RAW-A015A5ABFFB14433B3D1,POWER,expert_scope,271,SO2,reported_total,expert_led_workbook,633.3423999999999,63.33423999999997,NA,NA,NA,NA,NA,NA,NA,NA,NA,
SRC-RAW-A015A5ABFFB14433B3D1,SRC-RAW-A015A5ABFFB14433B3D1,POWER,expert_scope,271,NOx,reported_total,expert_led_workbook,615.2568443999999,215.33989553999993,NA,NA,NA,NA,NA,NA,NA,NA,NA,
SRC-RAW-A015A5ABFFB14433B3D1,SRC-RAW-A015A5ABFFB14433B3D1,POWER,expert_scope,271,CO,reported_total,expert_led_workbook,92.913644,92.913644,NA,NA,NA,NA,NA,NA,NA,NA,NA,
SRC-RAW-A015A5ABFFB14433B3D1,SRC-RAW-A015A5ABFFB14433B3D1,POWER,expert_scope,271,VOC,reported_total,expert_led_workbook,35.131049000000004,35.131049000000004,NA,NA,NA,NA,NA,NA,NA,NA,NA,
SRC-RAW-A015A5ABFFB14433B3D1,SRC-RAW-A015A5ABFFB14433B3D1,POWER,expert_scope,271,PM10,reported_total,expert_led_workbook,26.0573788,26.0573788,NA,NA,NA,NA,NA,NA,NA,NA,NA,
SRC-RAW-A015A5ABFFB14433B3D1,SRC-RAW-A015A5ABFFB14433B3D1,POWER,expert_scope,271,PM2.5,reported_total,expert_led_workbook,1.5780295999999998,1.5780295999999998,NA,NA,NA,NA,NA,NA,NA,NA,NA,
SRC-RAW-A015A5ABFFB14433B3D1,SRC-RAW-A015A5ABFFB14433B3D1,POWER,expert_scope,271,BC,reported_total,expert_led_workbook,1.972537,1.972537,NA,NA,NA,NA,NA,NA,NA,NA,NA,
SRC-RAW-A015A5ABFFB14433B3D1,SRC-RAW-A015A5ABFFB14433B3D1,POWER,expert_scope,271,OC,reported_total,expert_led_workbook,8.5609206,8.5609206,NA,NA,NA,NA,NA,NA,NA,NA,NA,
SRC-RAW-A015A5ABFFB14433B3D1,SRC-RAW-A015A5ABFFB14433B3D1,POWER,expert_scope,271,NH3,reported_total,expert_led_workbook,0.0,0.0,NA,NA,NA,NA,NA,NA,NA,NA,NA,
SRC-RAW-575570EC8DB517AA8CF5,SRC-RAW-575570EC8DB517AA8CF5,POWER,expert_scope,272,SO2,reported_total,expert_led_workbook,455.24892800000003,45.524892799999996,NA,NA,NA,NA,NA,NA,NA,NA,NA,
SRC-RAW-575570EC8DB517AA8CF5,SRC-RAW-575570EC8DB517AA8CF5,POWER,expert_scope,272,NOx,reported_total,expert_led_workbook,382.1564726,133.75476540999998,NA,NA,NA,NA,NA,NA,NA,NA,NA,
SRC-RAW-575570EC8DB517AA8CF5,SRC-RAW-575570EC8DB517AA8CF5,POWER,expert_scope,272,CO,reported_total,expert_led_workbook,47.637485999999996,47.637485999999996,NA,NA,NA,NA,NA,NA,NA,NA,NA,
SRC-RAW-575570EC8DB517AA8CF5,SRC-RAW-575570EC8DB517AA8CF5,POWER,expert_scope,272,VOC,reported_total,expert_led_workbook,24.841254499999998,24.841254499999998,NA,NA,NA,NA,NA,NA,NA,NA,NA,
SRC-RAW-575570EC8DB517AA8CF5,SRC-RAW-575570EC8DB517AA8CF5,POWER,expert_scope,272,PM10,reported_total,expert_led_workbook,18.310586199999996,18.310586199999996,NA,NA,NA,NA,NA,NA,NA,NA,NA,
SRC-RAW-575570EC8DB517AA8CF5,SRC-RAW-575570EC8DB517AA8CF5,POWER,expert_scope,272,PM2.5,reported_total,expert_led_workbook,1.1357684,1.1357684,NA,NA,NA,NA,NA,NA,NA,NA,NA,
SRC-RAW-575570EC8DB517AA8CF5,SRC-RAW-575570EC8DB517AA8CF5,POWER,expert_scope,272,BC,reported_total,expert_led_workbook,1.4197105,1.4197105,NA,NA,NA,NA,NA,NA,NA,NA,NA,
SRC-RAW-575570EC8DB517AA8CF5,SRC-RAW-575570EC8DB517AA8CF5,POWER,expert_scope,272,OC,reported_total,expert_led_workbook,5.8656839000000005,5.8656839000000005,NA,NA,NA,NA,NA,NA,NA,NA,NA,
SRC-RAW-575570EC8DB517AA8CF5,SRC-RAW-575570EC8DB517AA8CF5,POWER,expert_scope,272,NH3,reported_total,expert_led_workbook,0.0,0.0,NA,NA,NA,NA,NA,NA,NA,NA,NA,
SRC-RAW-B2D12B18EDD6CCA26046,SRC-RAW-B2D12B18EDD6CCA26046,POWER,expert_scope,273,SO2,reported_total,expert_led_workbook,174.39883600000002,17.439883599999998,NA,NA,NA,NA,NA,NA,NA,NA,NA,
SRC-RAW-B2D12B18EDD6CCA26046,SRC-RAW-B2D12B18EDD6CCA26046,POWER,expert_scope,273,NOx,reported_total,expert_led_workbook,158.62848279999997,55.51996897999999,NA,NA,NA,NA,NA,NA,NA,NA,NA,
SRC-RAW-B2D12B18EDD6CCA26046,SRC-RAW-B2D12B18EDD6CCA26046,POWER,expert_scope,273,CO,reported_total,expert_led_workbook,22.146498,22.146498,NA,NA,NA,NA,NA,NA,NA,NA,NA,
SRC-RAW-B2D12B18EDD6CCA26046,SRC-RAW-B2D12B18EDD6CCA26046,POWER,expert_scope,273,VOC,reported_total,expert_led_workbook,9.599965,9.599965,NA,NA,NA,NA,NA,NA,NA,NA,NA,
SRC-RAW-B2D12B18EDD6CCA26046,SRC-RAW-B2D12B18EDD6CCA26046,POWER,expert_scope,273,PM10,reported_total,expert_led_workbook,7.099892599999999,7.099892599999999,NA,NA,NA,NA,NA,NA,NA,NA,NA,
SRC-RAW-B2D12B18EDD6CCA26046,SRC-RAW-B2D12B18EDD6CCA26046,POWER,expert_scope,273,PM2.5,reported_total,expert_led_workbook,0.4347952,0.4347952,NA,NA,NA,NA,NA,NA,NA,NA,NA,
SRC-RAW-B2D12B18EDD6CCA26046,SRC-RAW-B2D12B18EDD6CCA26046,POWER,expert_scope,273,BC,reported_total,expert_led_workbook,0.543494,0.543494,NA,NA,NA,NA,NA,NA,NA,NA,NA,
SRC-RAW-B2D12B18EDD6CCA26046,SRC-RAW-B2D12B18EDD6CCA26046,POWER,expert_scope,273,OC,reported_total,expert_led_workbook,2.3056552000000003,2.3056552000000003,NA,NA,NA,NA,NA,NA,NA,NA,NA,
SRC-RAW-B2D12B18EDD6CCA26046,SRC-RAW-B2D12B18EDD6CCA26046,POWER,expert_scope,273,NH3,reported_total,expert_led_workbook,0.0,0.0,NA,NA,NA,NA,NA,NA,NA,NA,NA,
SRC-RAW-01336EF744A5681D73EF,SRC-RAW-01336EF744A5681D73EF,POWER,expert_scope,274,SO2,reported_total,expert_led_workbook,1001.7080600000002,100.170806,NA,NA,NA,NA,NA,NA,NA,NA,NA,
SRC-RAW-01336EF744A5681D73EF,SRC-RAW-01336EF744A5681D73EF,POWER,expert_scope,274,NOx,reported_total,expert_led_workbook,917.9545487999999,321.28409207999994,NA,NA,NA,NA,NA,NA,NA,NA,NA,
SRC-RAW-01336EF744A5681D73EF,SRC-RAW-01336EF744A5681D73EF,POWER,expert_scope,274,CO,reported_total,expert_led_workbook,129.380338,129.380338,NA,NA,NA,NA,NA,NA,NA,NA,NA,
SRC-RAW-01336EF744A5681D73EF,SRC-RAW-01336EF744A5681D73EF,POWER,expert_scope,274,VOC,reported_total,expert_led_workbook,55.186768,55.186768,NA,NA,NA,NA,NA,NA,NA,NA,NA,
SRC-RAW-01336EF744A5681D73EF,SRC-RAW-01336EF744A5681D73EF,POWER,expert_scope,274,PM10,reported_total,expert_led_workbook,40.8278726,40.8278726,NA,NA,NA,NA,NA,NA,NA,NA,NA,
SRC-RAW-01336EF744A5681D73EF,SRC-RAW-01336EF744A5681D73EF,POWER,expert_scope,274,PM2.5,reported_total,expert_led_workbook,2.4971992,2.4971992,NA,NA,NA,NA,NA,NA,NA,NA,NA,
SRC-RAW-01336EF744A5681D73EF,SRC-RAW-01336EF744A5681D73EF,POWER,expert_scope,274,BC,reported_total,expert_led_workbook,3.1214990000000005,3.1214990000000005,NA,NA,NA,NA,NA,NA,NA,NA,NA,
SRC-RAW-01336EF744A5681D73EF,SRC-RAW-01336EF744A5681D73EF,POWER,expert_scope,274,OC,reported_total,expert_led_workbook,13.2758862,13.2758862,NA,NA,NA,NA,NA,NA,NA,NA,NA,
SRC-RAW-01336EF744A5681D73EF,SRC-RAW-01336EF744A5681D73EF,POWER,expert_scope,274,NH3,reported_total,expert_led_workbook,0.0,0.0,NA,NA,NA,NA,NA,NA,NA,NA,NA,
SRC-RAW-07BACD2475FBECD5911D,SRC-RAW-07BACD2475FBECD5911D,POWER,expert_scope,275,SO2,reported_total,expert_led_workbook,0.10733629999999998,0.10733629999999998,NA,NA,NA,NA,NA,NA,NA,NA,NA,
SRC-RAW-07BACD2475FBECD5911D,SRC-RAW-07BACD2475FBECD5911D,POWER,expert_scope,275,NOx,reported_total,expert_led_workbook,440.0788299999999,154.02759049999997,NA,NA,NA,NA,NA,NA,NA,NA,NA,
SRC-RAW-07BACD2475FBECD5911D,SRC-RAW-07BACD2475FBECD5911D,POWER,expert_scope,275,CO,reported_total,expert_led_workbook,139.53719,139.53719,NA,NA,NA,NA,NA,NA,NA,NA,NA,
SRC-RAW-07BACD2475FBECD5911D,SRC-RAW-07BACD2475FBECD5911D,POWER,expert_scope,275,VOC,reported_total,expert_led_workbook,3.220089,3.220089,NA,NA,NA,NA,NA,NA,NA,NA,NA,
SRC-RAW-07BACD2475FBECD5911D,SRC-RAW-07BACD2475FBECD5911D,POWER,expert_scope,275,PM10,reported_total,expert_led_workbook,3.220089,3.220089,NA,NA,NA,NA,NA,NA,NA,NA,NA,
SRC-RAW-07BACD2475FBECD5911D,SRC-RAW-07BACD2475FBECD5911D,POWER,expert_scope,275,PM2.5,reported_total,expert_led_workbook,0.0,0.0,NA,NA,NA,NA,NA,NA,NA,NA,NA,
SRC-RAW-07BACD2475FBECD5911D,SRC-RAW-07BACD2475FBECD5911D,POWER,expert_scope,275,BC,reported_total,expert_led_workbook,0.0,0.0,NA,NA,NA,NA,NA,NA,NA,NA,NA,
SRC-RAW-07BACD2475FBECD5911D,SRC-RAW-07BACD2475FBECD5911D,POWER,expert_scope,275,OC,reported_total,expert_led_workbook,2.146726,2.146726,NA,NA,NA,NA,NA,NA,NA,NA,NA,
SRC-RAW-07BACD2475FBECD5911D,SRC-RAW-07BACD2475FBECD5911D,POWER,expert_scope,275,NH3,reported_total,expert_led_workbook,0.0,0.0,NA,NA,NA,NA,NA,NA,NA,NA,NA,
SRC-RAW-D4FF57BA0C9E6F57EBEF,SRC-RAW-D4FF57BA0C9E6F57EBEF,POWER,expert_scope,276,SO2,reported_total,expert_led_workbook,0.2458711,0.2458711,NA,NA,NA,NA,NA,NA,NA,NA,NA,
SRC-RAW-D4FF57BA0C9E6F57EBEF,SRC-RAW-D4FF57BA0C9E6F57EBEF,POWER,expert_scope,276,NOx,reported_total,expert_led_workbook,1008.07151,352.8250285,NA,NA,NA,NA,NA,NA,NA,NA,NA,
SRC-RAW-D4FF57BA0C9E6F57EBEF,SRC-RAW-D4FF57BA0C9E6F57EBEF,POWER,expert_scope,276,CO,reported_total,expert_led_workbook,319.63243,319.63243,NA,NA,NA,NA,NA,NA,NA,NA,NA,
SRC-RAW-D4FF57BA0C9E6F57EBEF,SRC-RAW-D4FF57BA0C9E6F57EBEF,POWER,expert_scope,276,VOC,reported_total,expert_led_workbook,7.376133,7.376133,NA,NA,NA,NA,NA,NA,NA,NA,NA,
SRC-RAW-D4FF57BA0C9E6F57EBEF,SRC-RAW-D4FF57BA0C9E6F57EBEF,POWER,expert_scope,276,PM10,reported_total,expert_led_workbook,7.376133,7.376133,NA,NA,NA,NA,NA,NA,NA,NA,NA,
SRC-RAW-D4FF57BA0C9E6F57EBEF,SRC-RAW-D4FF57BA0C9E6F57EBEF,POWER,expert_scope,276,PM2.5,reported_total,expert_led_workbook,0.0,0.0,NA,NA,NA,NA,NA,NA,NA,NA,NA,
SRC-RAW-D4FF57BA0C9E6F57EBEF,SRC-RAW-D4FF57BA0C9E6F57EBEF,POWER,expert_scope,276,BC,reported_total,expert_led_workbook,0.0,0.0,NA,NA,NA,NA,NA,NA,NA,NA,NA,
SRC-RAW-D4FF57BA0C9E6F57EBEF,SRC-RAW-D4FF57BA0C9E6F57EBEF,POWER,expert_scope,276,OC,reported_total,expert_led_workbook,4.917422,4.917422,NA,NA,NA,NA,NA,NA,NA,NA,NA,
SRC-RAW-D4FF57BA0C9E6F57EBEF,SRC-RAW-D4FF57BA0C9E6F57EBEF,POWER,expert_scope,276,NH3,reported_total,expert_led_workbook,0.0,0.0,NA,NA,NA,NA,NA,NA,NA,NA,NA,
SRC-RAW-08487A23413ABD86C756,SRC-RAW-08487A23413ABD86C756,POWER,expert_scope,277,SO2,reported_total,expert_led_workbook,1738.8411480000002,173.8841148,NA,NA,NA,NA,NA,NA,NA,NA,NA,
SRC-RAW-08487A23413ABD86C756,SRC-RAW-08487A23413ABD86C756,POWER,expert_scope,277,NOx,reported_total,expert_led_workbook,2081.401451,728.49050785,NA,NA,NA,NA,NA,NA,NA,NA,NA,
SRC-RAW-08487A23413ABD86C756,SRC-RAW-08487A23413ABD86C756,POWER,expert_scope,277,CO,reported_total,expert_led_workbook,380.07812,380.07812,NA,NA,NA,NA,NA,NA,NA,NA,NA,
SRC-RAW-08487A23413ABD86C756,SRC-RAW-08487A23413ABD86C756,POWER,expert_scope,277,VOC,reported_total,expert_led_workbook,99.13530850000001,1.1896237020000011,NA,NA,NA,NA,NA,NA,NA,NA,NA,
SRC-RAW-08487A23413ABD86C756,SRC-RAW-08487A23413ABD86C756,POWER,expert_scope,277,PM10,reported_total,expert_led_workbook,74.278898,2.228366940000002,NA,NA,NA,NA,NA,NA,NA,NA,NA,
SRC-RAW-08487A23413ABD86C756,SRC-RAW-08487A23413ABD86C756,POWER,expert_scope,277,PM2.5,reported_total,expert_led_workbook,4.322854,0.12968562000000014,NA,NA,NA,NA,NA,NA,NA,NA,NA,
SRC-RAW-08487A23413ABD86C756,SRC-RAW-08487A23413ABD86C756,POWER,expert_scope,277,BC,reported_total,expert_led_workbook,5.403567500000001,0.16210702500000018,NA,NA,NA,NA,NA,NA,NA,NA,NA,
SRC-RAW-08487A23413ABD86C756,SRC-RAW-08487A23413ABD86C756,POWER,expert_scope,277,OC,reported_total,expert_led_workbook,25.383330500000003,25.383330500000003,NA,NA,NA,NA,NA,NA,NA,NA,NA,
SRC-RAW-08487A23413ABD86C756,SRC-RAW-08487A23413ABD86C756,POWER,expert_scope,277,NH3,reported_total,expert_led_workbook,0.0,0.0,NA,NA,NA,NA,NA,NA,NA,NA,NA,
SRC-RAW-325C9E6C87FBC7E367D2,SRC-RAW-325C9E6C87FBC7E367D2,POWER,expert_scope,278,SO2,reported_total,expert_led_workbook,0.20155619,0.20155619,NA,NA,NA,NA,NA,NA,NA,NA,NA,
SRC-RAW-325C9E6C87FBC7E367D2,SRC-RAW-325C9E6C87FBC7E367D2,POWER,expert_scope,278,NOx,reported_total,expert_led_workbook,826.3803789999997,289.2331326499999,NA,NA,NA,NA,NA,NA,NA,NA,NA,
SRC-RAW-325C9E6C87FBC7E367D2,SRC-RAW-325C9E6C87FBC7E367D2,POWER,expert_scope,278,CO,reported_total,expert_led_workbook,262.023047,262.023047,NA,NA,NA,NA,NA,NA,NA,NA,NA,
SRC-RAW-325C9E6C87FBC7E367D2,SRC-RAW-325C9E6C87FBC7E367D2,POWER,expert_scope,278,VOC,reported_total,expert_led_workbook,6.046685699999999,6.046685699999999,NA,NA,NA,NA,NA,NA,NA,NA,NA,
SRC-RAW-325C9E6C87FBC7E367D2,SRC-RAW-325C9E6C87FBC7E367D2,POWER,expert_scope,278,PM10,reported_total,expert_led_workbook,6.046685699999999,6.046685699999999,NA,NA,NA,NA,NA,NA,NA,NA,NA,
SRC-RAW-325C9E6C87FBC7E367D2,SRC-RAW-325C9E6C87FBC7E367D2,POWER,expert_scope,278,PM2.5,reported_total,expert_led_workbook,0.0,0.0,NA,NA,NA,NA,NA,NA,NA,NA,NA,
SRC-RAW-325C9E6C87FBC7E367D2,SRC-RAW-325C9E6C87FBC7E367D2,POWER,expert_scope,278,BC,reported_total,expert_led_workbook,0.0,0.0,NA,NA,NA,NA,NA,NA,NA,NA,NA,
SRC-RAW-325C9E6C87FBC7E367D2,SRC-RAW-325C9E6C87FBC7E367D2,POWER,expert_scope,278,OC,reported_total,expert_led_workbook,4.0311238,4.0311238,NA,NA,NA,NA,NA,NA,NA,NA,NA,
SRC-RAW-325C9E6C87FBC7E367D2,SRC-RAW-325C9E6C87FBC7E367D2,POWER,expert_scope,278,NH3,reported_total,expert_led_workbook,0.0,0.0,NA,NA,NA,NA,NA,NA,NA,NA,NA,
SRC-RAW-0E55BDF55B378E70243D,SRC-RAW-0E55BDF55B378E70243D,POWER,expert_scope,279,SO2,reported_total,expert_led_workbook,0.25090152,0.25090152,NA,NA,NA,NA,NA,NA,NA,NA,NA,
SRC-RAW-0E55BDF55B378E70243D,SRC-RAW-0E55BDF55B378E70243D,POWER,expert_scope,279,NOx,reported_total,expert_led_workbook,1028.6962319999998,360.0436811999999,NA,NA,NA,NA,NA,NA,NA,NA,NA,
SRC-RAW-0E55BDF55B378E70243D,SRC-RAW-0E55BDF55B378E70243D,POWER,expert_scope,279,CO,reported_total,expert_led_workbook,326.171976,326.171976,NA,NA,NA,NA,NA,NA,NA,NA,NA,
SRC-RAW-0E55BDF55B378E70243D,SRC-RAW-0E55BDF55B378E70243D,POWER,expert_scope,279,VOC,reported_total,expert_led_workbook,7.527045599999998,7.527045599999998,NA,NA,NA,NA,NA,NA,NA,NA,NA,
SRC-RAW-0E55BDF55B378E70243D,SRC-RAW-0E55BDF55B378E70243D,POWER,expert_scope,279,PM10,reported_total,expert_led_workbook,7.527045599999998,7.527045599999998,NA,NA,NA,NA,NA,NA,NA,NA,NA,
SRC-RAW-0E55BDF55B378E70243D,SRC-RAW-0E55BDF55B378E70243D,POWER,expert_scope,279,PM2.5,reported_total,expert_led_workbook,0.0,0.0,NA,NA,NA,NA,NA,NA,NA,NA,NA,
SRC-RAW-0E55BDF55B378E70243D,SRC-RAW-0E55BDF55B378E70243D,POWER,expert_scope,279,BC,reported_total,expert_led_workbook,0.0,0.0,NA,NA,NA,NA,NA,NA,NA,NA,NA,
SRC-RAW-0E55BDF55B378E70243D,SRC-RAW-0E55BDF55B378E70243D,POWER,expert_scope,279,OC,reported_total,expert_led_workbook,5.0180304,5.0180304,NA,NA,NA,NA,NA,NA,NA,NA,NA,
SRC-RAW-0E55BDF55B378E70243D,SRC-RAW-0E55BDF55B378E70243D,POWER,expert_scope,279,NH3,reported_total,expert_led_workbook,0.0,0.0,NA,NA,NA,NA,NA,NA,NA,NA,NA,
SRC-RAW-FBEB32EB815C1C387B87,SRC-RAW-FBEB32EB815C1C387B87,POWER,expert_scope,280,SO2,reported_total,expert_led_workbook,0.24561661,0.24561661,NA,NA,NA,NA,NA,NA,NA,NA,NA,
SRC-RAW-FBEB32EB815C1C387B87,SRC-RAW-FBEB32EB815C1C387B87,POWER,expert_scope,280,NOx,reported_total,expert_led_workbook,1007.0281009999999,352.45983534999993,NA,NA,NA,NA,NA,NA,NA,NA,NA,
SRC-RAW-FBEB32EB815C1C387B87,SRC-RAW-FBEB32EB815C1C387B87,POWER,expert_scope,280,CO,reported_total,expert_led_workbook,319.301593,319.301593,NA,NA,NA,NA,NA,NA,NA,NA,NA,
SRC-RAW-FBEB32EB815C1C387B87,SRC-RAW-FBEB32EB815C1C387B87,POWER,expert_scope,280,VOC,reported_total,expert_led_workbook,7.3684983,7.3684983,NA,NA,NA,NA,NA,NA,NA,NA,NA,
SRC-RAW-FBEB32EB815C1C387B87,SRC-RAW-FBEB32EB815C1C387B87,POWER,expert_scope,280,PM10,reported_total,expert_led_workbook,7.3684983,7.3684983,NA,NA,NA,NA,NA,NA,NA,NA,NA,
SRC-RAW-FBEB32EB815C1C387B87,SRC-RAW-FBEB32EB815C1C387B87,POWER,expert_scope,280,PM2.5,reported_total,expert_led_workbook,0.0,0.0,NA,NA,NA,NA,NA,NA,NA,NA,NA,
SRC-RAW-FBEB32EB815C1C387B87,SRC-RAW-FBEB32EB815C1C387B87,POWER,expert_scope,280,BC,reported_total,expert_led_workbook,0.0,0.0,NA,NA,NA,NA,NA,NA,NA,NA,NA,
SRC-RAW-FBEB32EB815C1C387B87,SRC-RAW-FBEB32EB815C1C387B87,POWER,expert_scope,280,OC,reported_total,expert_led_workbook,4.9123322,4.9123322,NA,NA,NA,NA,NA,NA,NA,NA,NA,
SRC-RAW-FBEB32EB815C1C387B87,SRC-RAW-FBEB32EB815C1C387B87,POWER,expert_scope,280,NH3,reported_total,expert_led_workbook,0.0,0.0,NA,NA,NA,NA,NA,NA,NA,NA,NA,
SRC-RAW-D13FAA12365340754746,SRC-RAW-D13FAA12365340754746,POWER,expert_scope,281,SO2,reported_total,expert_led_workbook,0.09292028,0.09292028,NA,NA,NA,NA,NA,NA,NA,NA,NA,
SRC-RAW-D13FAA12365340754746,SRC-RAW-D13FAA12365340754746,POWER,expert_scope,281,NOx,reported_total,expert_led_workbook,380.973148,133.34060179999997,NA,NA,NA,NA,NA,NA,NA,NA,NA,
SRC-RAW-D13FAA12365340754746,SRC-RAW-D13FAA12365340754746,POWER,expert_scope,281,CO,reported_total,expert_led_workbook,120.79636400000001,120.79636400000001,NA,NA,NA,NA,NA,NA,NA,NA,NA,
SRC-RAW-D13FAA12365340754746,SRC-RAW-D13FAA12365340754746,POWER,expert_scope,281,VOC,reported_total,expert_led_workbook,2.7876084,2.7876084,NA,NA,NA,NA,NA,NA,NA,NA,NA,
SRC-RAW-D13FAA12365340754746,SRC-RAW-D13FAA12365340754746,POWER,expert_scope,281,PM10,reported_total,expert_led_workbook,2.7876084,2.7876084,NA,NA,NA,NA,NA,NA,NA,NA,NA,
SRC-RAW-D13FAA12365340754746,SRC-RAW-D13FAA12365340754746,POWER,expert_scope,281,PM2.5,reported_total,expert_led_workbook,0.0,0.0,NA,NA,NA,NA,NA,NA,NA,NA,NA,
SRC-RAW-D13FAA12365340754746,SRC-RAW-D13FAA12365340754746,POWER,expert_scope,281,BC,reported_total,expert_led_workbook,0.0,0.0,NA,NA,NA,NA,NA,NA,NA,NA,NA,
SRC-RAW-D13FAA12365340754746,SRC-RAW-D13FAA12365340754746,POWER,expert_scope,281,OC,reported_total,expert_led_workbook,1.8584056,1.8584056,NA,NA,NA,NA,NA,NA,NA,NA,NA,
SRC-RAW-D13FAA12365340754746,SRC-RAW-D13FAA12365340754746,POWER,expert_scope,281,NH3,reported_total,expert_led_workbook,0.0,0.0,NA,NA,NA,NA,NA,NA,NA,NA,NA,
SRC-RAW-C3E131C7DD9257C5B05C,SRC-RAW-C3E131C7DD9257C5B05C,POWER,expert_scope,282,SO2,reported_total,expert_led_workbook,0.18859811000000004,0.18859811000000004,NA,NA,NA,NA,NA,NA,NA,NA,NA,
SRC-RAW-C3E131C7DD9257C5B05C,SRC-RAW-C3E131C7DD9257C5B05C,POWER,expert_scope,282,NOx,reported_total,expert_led_workbook,773.252251,270.63828785,NA,NA,NA,NA,NA,NA,NA,NA,NA,
SRC-RAW-C3E131C7DD9257C5B05C,SRC-RAW-C3E131C7DD9257C5B05C,POWER,expert_scope,282,CO,reported_total,expert_led_workbook,245.17754300000004,245.17754300000004,NA,NA,NA,NA,NA,NA,NA,NA,NA,
SRC-RAW-C3E131C7DD9257C5B05C,SRC-RAW-C3E131C7DD9257C5B05C,POWER,expert_scope,282,VOC,reported_total,expert_led_workbook,5.6579433,5.6579433,NA,NA,NA,NA,NA,NA,NA,NA,NA,
SRC-RAW-C3E131C7DD9257C5B05C,SRC-RAW-C3E131C7DD9257C5B05C,POWER,expert_scope,282,PM10,reported_total,expert_led_workbook,5.6579433,5.6579433,NA,NA,NA,NA,NA,NA,NA,NA,NA,
SRC-RAW-C3E131C7DD9257C5B05C,SRC-RAW-C3E131C7DD9257C5B05C,POWER,expert_scope,282,PM2.5,reported_total,expert_led_workbook,0.0,0.0,NA,NA,NA,NA,NA,NA,NA,NA,NA,
SRC-RAW-C3E131C7DD9257C5B05C,SRC-RAW-C3E131C7DD9257C5B05C,POWER,expert_scope,282,BC,reported_total,expert_led_workbook,0.0,0.0,NA,NA,NA,NA,NA,NA,NA,NA,NA,
SRC-RAW-C3E131C7DD9257C5B05C,SRC-RAW-C3E131C7DD9257C5B05C,POWER,expert_scope,282,OC,reported_total,expert_led_workbook,3.7719622000000004,3.7719622000000004,NA,NA,NA,NA,NA,NA,NA,NA,NA,
SRC-RAW-C3E131C7DD9257C5B05C,SRC-RAW-C3E131C7DD9257C5B05C,POWER,expert_scope,282,NH3,reported_total,expert_led_workbook,0.0,0.0,NA,NA,NA,NA,NA,NA,NA,NA,NA,
SRC-RAW-B6CD40B74D0E4AFAA74B,SRC-RAW-B6CD40B74D0E4AFAA74B,POWER,expert_scope,283,SO2,reported_total,expert_led_workbook,0.17994893,0.17994893,NA,NA,NA,NA,NA,NA,NA,NA,NA,
SRC-RAW-B6CD40B74D0E4AFAA74B,SRC-RAW-B6CD40B74D0E4AFAA74B,POWER,expert_scope,283,NOx,reported_total,expert_led_workbook,737.7906129999999,258.22671454999994,NA,NA,NA,NA,NA,NA,NA,NA,NA,
SRC-RAW-B6CD40B74D0E4AFAA74B,SRC-RAW-B6CD40B74D0E4AFAA74B,POWER,expert_scope,283,CO,reported_total,expert_led_workbook,233.933609,233.933609,NA,NA,NA,NA,NA,NA,NA,NA,NA,
SRC-RAW-B6CD40B74D0E4AFAA74B,SRC-RAW-B6CD40B74D0E4AFAA74B,POWER,expert_scope,283,VOC,reported_total,expert_led_workbook,5.398467899999999,5.398467899999999,NA,NA,NA,NA,NA,NA,NA,NA,NA,
SRC-RAW-B6CD40B74D0E4AFAA74B,SRC-RAW-B6CD40B74D0E4AFAA74B,POWER,expert_scope,283,PM10,reported_total,expert_led_workbook,5.398467899999999,5.398467899999999,NA,NA,NA,NA,NA,NA,NA,NA,NA,
SRC-RAW-B6CD40B74D0E4AFAA74B,SRC-RAW-B6CD40B74D0E4AFAA74B,POWER,expert_scope,283,PM2.5,reported_total,expert_led_workbook,0.0,0.0,NA,NA,NA,NA,NA,NA,NA,NA,NA,
SRC-RAW-B6CD40B74D0E4AFAA74B,SRC-RAW-B6CD40B74D0E4AFAA74B,POWER,expert_scope,283,BC,reported_total,expert_led_workbook,0.0,0.0,NA,NA,NA,NA,NA,NA,NA,NA,NA,
SRC-RAW-B6CD40B74D0E4AFAA74B,SRC-RAW-B6CD40B74D0E4AFAA74B,POWER,expert_scope,283,OC,reported_total,expert_led_workbook,3.5989785999999997,3.5989785999999997,NA,NA,NA,NA,NA,NA,NA,NA,NA,
SRC-RAW-B6CD40B74D0E4AFAA74B,SRC-RAW-B6CD40B74D0E4AFAA74B,POWER,expert_scope,283,NH3,reported_total,expert_led_workbook,0.0,0.0,NA,NA,NA,NA,NA,NA,NA,NA,NA,
SRC-RAW-C00F4C815D0F0635D102,SRC-RAW-C00F4C815D0F0635D102,POWER,expert_scope,284,SO2,reported_total,expert_led_workbook,0.05892,0.05892,NA,NA,NA,NA,NA,NA,NA,NA,NA,
SRC-RAW-C00F4C815D0F0635D102,SRC-RAW-C00F4C815D0F0635D102,POWER,expert_scope,284,NOx,reported_total,expert_led_workbook,241.57199999999997,84.55019999999999,NA,NA,NA,NA,NA,NA,NA,NA,NA,
SRC-RAW-C00F4C815D0F0635D102,SRC-RAW-C00F4C815D0F0635D102,POWER,expert_scope,284,CO,reported_total,expert_led_workbook,76.596,76.596,NA,NA,NA,NA,NA,NA,NA,NA,NA,
SRC-RAW-C00F4C815D0F0635D102,SRC-RAW-C00F4C815D0F0635D102,POWER,expert_scope,284,VOC,reported_total,expert_led_workbook,1.7676,1.7676,NA,NA,NA,NA,NA,NA,NA,NA,NA,
SRC-RAW-C00F4C815D0F0635D102,SRC-RAW-C00F4C815D0F0635D102,POWER,expert_scope,284,PM10,reported_total,expert_led_workbook,1.7676,1.7676,NA,NA,NA,NA,NA,NA,NA,NA,NA,
SRC-RAW-C00F4C815D0F0635D102,SRC-RAW-C00F4C815D0F0635D102,POWER,expert_scope,284,PM2.5,reported_total,expert_led_workbook,0.0,0.0,NA,NA,NA,NA,NA,NA,NA,NA,NA,
SRC-RAW-C00F4C815D0F0635D102,SRC-RAW-C00F4C815D0F0635D102,POWER,expert_scope,284,BC,reported_total,expert_led_workbook,0.0,0.0,NA,NA,NA,NA,NA,NA,NA,NA,NA,
SRC-RAW-C00F4C815D0F0635D102,SRC-RAW-C00F4C815D0F0635D102,POWER,expert_scope,284,OC,reported_total,expert_led_workbook,1.1784,1.1784,NA,NA,NA,NA,NA,NA,NA,NA,NA,
SRC-RAW-C00F4C815D0F0635D102,SRC-RAW-C00F4C815D0F0635D102,POWER,expert_scope,284,NH3,reported_total,expert_led_workbook,0.0,0.0,NA,NA,NA,NA,NA,NA,NA,NA,NA,
SRC-RAW-DC9E490E1C8A44C540C5,SRC-RAW-DC9E490E1C8A44C540C5,POWER,expert_scope,285,SO2,reported_total,expert_led_workbook,8755.045219999998,254.77181590200007,NA,NA,NA,NA,NA,NA,NA,NA,NA,
SRC-RAW-DC9E490E1C8A44C540C5,SRC-RAW-DC9E490E1C8A44C540C5,POWER,expert_scope,285,NOx,reported_total,expert_led_workbook,8072.10691,1210.8160365000003,NA,NA,NA,NA,NA,NA,NA,NA,NA,
SRC-RAW-DC9E490E1C8A44C540C5,SRC-RAW-DC9E490E1C8A44C540C5,POWER,expert_scope,285,CO,reported_total,expert_led_workbook,2239.142,2239.142,NA,NA,NA,NA,NA,NA,NA,NA,NA,
SRC-RAW-DC9E490E1C8A44C540C5,SRC-RAW-DC9E490E1C8A44C540C5,POWER,expert_scope,285,VOC,reported_total,expert_led_workbook,32503.105379249995,195.01863227549654,NA,NA,NA,NA,NA,NA,NA,NA,NA,
SRC-RAW-DC9E490E1C8A44C540C5,SRC-RAW-DC9E490E1C8A44C540C5,POWER,expert_scope,285,PM10,reported_total,expert_led_workbook,8479.070968499998,144.1442064645001,NA,NA,NA,NA,NA,NA,NA,NA,NA,
SRC-RAW-DC9E490E1C8A44C540C5,SRC-RAW-DC9E490E1C8A44C540C5,POWER,expert_scope,285,PM2.5,reported_total,expert_led_workbook,16.958141936999997,0.2882884129290002,NA,NA,NA,NA,NA,NA,NA,NA,NA,
SRC-RAW-DC9E490E1C8A44C540C5,SRC-RAW-DC9E490E1C8A44C540C5,POWER,expert_scope,285,BC,reported_total,expert_led_workbook,0.0,0.0,NA,NA,NA,NA,NA,NA,NA,NA,NA,
SRC-RAW-DC9E490E1C8A44C540C5,SRC-RAW-DC9E490E1C8A44C540C5,POWER,expert_scope,285,OC,reported_total,expert_led_workbook,44.78284000000001,44.78284000000001,NA,NA,NA,NA,NA,NA,NA,NA,NA,
SRC-RAW-DC9E490E1C8A44C540C5,SRC-RAW-DC9E490E1C8A44C540C5,POWER,expert_scope,285,NH3,reported_total,expert_led_workbook,0.0,0.0,NA,NA,NA,NA,NA,NA,NA,NA,NA,
SRC-RAW-B56086824F04D846DBFA,SRC-RAW-B56086824F04D846DBFA,POWER,expert_scope,286,SO2,reported_total,expert_led_workbook,7105.353659999999,206.76579150600008,NA,NA,NA,NA,NA,NA,NA,NA,NA,
SRC-RAW-B56086824F04D846DBFA,SRC-RAW-B56086824F04D846DBFA,POWER,expert_scope,286,NOx,reported_total,expert_led_workbook,6551.09973,982.6649595000001,NA,NA,NA,NA,NA,NA,NA,NA,NA,
SRC-RAW-B56086824F04D846DBFA,SRC-RAW-B56086824F04D846DBFA,POWER,expert_scope,286,CO,reported_total,expert_led_workbook,1817.226,1817.226,NA,NA,NA,NA,NA,NA,NA,NA,NA,
SRC-RAW-B56086824F04D846DBFA,SRC-RAW-B56086824F04D846DBFA,POWER,expert_scope,286,VOC,reported_total,expert_led_workbook,26378.625462749995,158.27175277649718,NA,NA,NA,NA,NA,NA,NA,NA,NA,
SRC-RAW-B56086824F04D846DBFA,SRC-RAW-B56086824F04D846DBFA,POWER,expert_scope,286,PM10,reported_total,expert_led_workbook,6881.380555499999,116.98346944350008,NA,NA,NA,NA,NA,NA,NA,NA,NA,
SRC-RAW-B56086824F04D846DBFA,SRC-RAW-B56086824F04D846DBFA,POWER,expert_scope,286,PM2.5,reported_total,expert_led_workbook,13.762761110999998,0.23396693888700018,NA,NA,NA,NA,NA,NA,NA,NA,NA,
SRC-RAW-B56086824F04D846DBFA,SRC-RAW-B56086824F04D846DBFA,POWER,expert_scope,286,BC,reported_total,expert_led_workbook,0.0,0.0,NA,NA,NA,NA,NA,NA,NA,NA,NA,
SRC-RAW-B56086824F04D846DBFA,SRC-RAW-B56086824F04D846DBFA,POWER,expert_scope,286,OC,reported_total,expert_led_workbook,36.34452,36.34452,NA,NA,NA,NA,NA,NA,NA,NA,NA,
SRC-RAW-B56086824F04D846DBFA,SRC-RAW-B56086824F04D846DBFA,POWER,expert_scope,286,NH3,reported_total,expert_led_workbook,0.0,0.0,NA,NA,NA,NA,NA,NA,NA,NA,NA,
SRC-RAW-E7BD8B49F86E07974AD8,SRC-RAW-E7BD8B49F86E07974AD8,POWER,expert_scope,287,SO2,reported_total,expert_led_workbook,0.0330759,0.0330759,NA,NA,NA,NA,NA,NA,NA,NA,NA,
SRC-RAW-E7BD8B49F86E07974AD8,SRC-RAW-E7BD8B49F86E07974AD8,POWER,expert_scope,287,NOx,reported_total,expert_led_workbook,135.61119,78.65449020000001,NA,NA,NA,NA,NA,NA,NA,NA,NA,
SRC-RAW-E7BD8B49F86E07974AD8,SRC-RAW-E7BD8B49F86E07974AD8,POWER,expert_scope,287,CO,reported_total,expert_led_workbook,42.99867,42.99867,NA,NA,NA,NA,NA,NA,NA,NA,NA,
SRC-RAW-E7BD8B49F86E07974AD8,SRC-RAW-E7BD8B49F86E07974AD8,POWER,expert_scope,287,VOC,reported_total,expert_led_workbook,0.992277,0.992277,NA,NA,NA,NA,NA,NA,NA,NA,NA,
SRC-RAW-E7BD8B49F86E07974AD8,SRC-RAW-E7BD8B49F86E07974AD8,POWER,expert_scope,287,PM10,reported_total,expert_led_workbook,0.992277,0.992277,NA,NA,NA,NA,NA,NA,NA,NA,NA,
SRC-RAW-E7BD8B49F86E07974AD8,SRC-RAW-E7BD8B49F86E07974AD8,POWER,expert_scope,287,PM2.5,reported_total,expert_led_workbook,0.0,0.0,NA,NA,NA,NA,NA,NA,NA,NA,NA,
SRC-RAW-E7BD8B49F86E07974AD8,SRC-RAW-E7BD8B49F86E07974AD8,POWER,expert_scope,287,BC,reported_total,expert_led_workbook,0.0,0.0,NA,NA,NA,NA,NA,NA,NA,NA,NA,
SRC-RAW-E7BD8B49F86E07974AD8,SRC-RAW-E7BD8B49F86E07974AD8,POWER,expert_scope,287,OC,reported_total,expert_led_workbook,0.6615180000000002,0.6615180000000002,NA,NA,NA,NA,NA,NA,NA,NA,NA,
SRC-RAW-E7BD8B49F86E07974AD8,SRC-RAW-E7BD8B49F86E07974AD8,POWER,expert_scope,287,NH3,reported_total,expert_led_workbook,0.0,0.0,NA,NA,NA,NA,NA,NA,NA,NA,NA,
SRC-RAW-E42FFC331ADDCA454553,SRC-RAW-E42FFC331ADDCA454553,POWER,expert_scope,288,SO2,reported_total,expert_led_workbook,0.0420965,0.0420965,NA,NA,NA,NA,NA,NA,NA,NA,NA,
SRC-RAW-E42FFC331ADDCA454553,SRC-RAW-E42FFC331ADDCA454553,POWER,expert_scope,288,NOx,reported_total,expert_led_workbook,172.59565,100.10547700000002,NA,NA,NA,NA,NA,NA,NA,NA,NA,
SRC-RAW-E42FFC331ADDCA454553,SRC-RAW-E42FFC331ADDCA454553,POWER,expert_scope,288,CO,reported_total,expert_led_workbook,54.72545,54.72545,NA,NA,NA,NA,NA,NA,NA,NA,NA,
SRC-RAW-E42FFC331ADDCA454553,SRC-RAW-E42FFC331ADDCA454553,POWER,expert_scope,288,VOC,reported_total,expert_led_workbook,1.262895,1.262895,NA,NA,NA,NA,NA,NA,NA,NA,NA,
SRC-RAW-E42FFC331ADDCA454553,SRC-RAW-E42FFC331ADDCA454553,POWER,expert_scope,288,PM10,reported_total,expert_led_workbook,1.262895,1.262895,NA,NA,NA,NA,NA,NA,NA,NA,NA,
SRC-RAW-E42FFC331ADDCA454553,SRC-RAW-E42FFC331ADDCA454553,POWER,expert_scope,288,PM2.5,reported_total,expert_led_workbook,0.0,0.0,NA,NA,NA,NA,NA,NA,NA,NA,NA,
SRC-RAW-E42FFC331ADDCA454553,SRC-RAW-E42FFC331ADDCA454553,POWER,expert_scope,288,BC,reported_total,expert_led_workbook,0.0,0.0,NA,NA,NA,NA,NA,NA,NA,NA,NA,
SRC-RAW-E42FFC331ADDCA454553,SRC-RAW-E42FFC331ADDCA454553,POWER,expert_scope,288,OC,reported_total,expert_led_workbook,0.84193,0.84193,NA,NA,NA,NA,NA,NA,NA,NA,NA,
SRC-RAW-E42FFC331ADDCA454553,SRC-RAW-E42FFC331ADDCA454553,POWER,expert_scope,288,NH3,reported_total,expert_led_workbook,0.0,0.0,NA,NA,NA,NA,NA,NA,NA,NA,NA,
SRC-RAW-53FBE5ACAABECA0D62E6,SRC-RAW-53FBE5ACAABECA0D62E6,POWER,expert_scope,289,SO2,reported_total,expert_led_workbook,1699.9046351,169.99046350999996,NA,NA,NA,NA,NA,NA,NA,NA,NA,
SRC-RAW-53FBE5ACAABECA0D62E6,SRC-RAW-53FBE5ACAABECA0D62E6,POWER,expert_scope,289,NOx,reported_total,expert_led_workbook,1342.5476336999998,402.76429011,NA,NA,NA,NA,NA,NA,NA,NA,NA,
SRC-RAW-53FBE5ACAABECA0D62E6,SRC-RAW-53FBE5ACAABECA0D62E6,POWER,expert_scope,289,CO,reported_total,expert_led_workbook,327.85046,327.85046,NA,NA,NA,NA,NA,NA,NA,NA,NA,
SRC-RAW-53FBE5ACAABECA0D62E6,SRC-RAW-53FBE5ACAABECA0D62E6,POWER,expert_scope,289,VOC,reported_total,expert_led_workbook,4363.256859992801,8.72651371998561,NA,NA,NA,NA,NA,NA,NA,NA,NA,
SRC-RAW-53FBE5ACAABECA0D62E6,SRC-RAW-53FBE5ACAABECA0D62E6,POWER,expert_scope,289,PM10,reported_total,expert_led_workbook,1053.1999317224004,4.212799726889605,NA,NA,NA,NA,NA,NA,NA,NA,NA,
SRC-RAW-53FBE5ACAABECA0D62E6,SRC-RAW-53FBE5ACAABECA0D62E6,POWER,expert_scope,289,PM2.5,reported_total,expert_led_workbook,2.1063998634448007,0.008425599453779211,NA,NA,NA,NA,NA,NA,NA,NA,NA,
SRC-RAW-53FBE5ACAABECA0D62E6,SRC-RAW-53FBE5ACAABECA0D62E6,POWER,expert_scope,289,BC,reported_total,expert_led_workbook,0.0,0.0,NA,NA,NA,NA,NA,NA,NA,NA,NA,
SRC-RAW-53FBE5ACAABECA0D62E6,SRC-RAW-53FBE5ACAABECA0D62E6,POWER,expert_scope,289,OC,reported_total,expert_led_workbook,6.5570092,6.5570092,NA,NA,NA,NA,NA,NA,NA,NA,NA,
SRC-RAW-53FBE5ACAABECA0D62E6,SRC-RAW-53FBE5ACAABECA0D62E6,POWER,expert_scope,289,NH3,reported_total,expert_led_workbook,0.0,0.0,NA,NA,NA,NA,NA,NA,NA,NA,NA,
SRC-RAW-54500B315AC89DE39808,SRC-RAW-54500B315AC89DE39808,POWER,expert_scope,290,SO2,reported_total,expert_led_workbook,1803.2585881999996,180.32585881999992,NA,NA,NA,NA,NA,NA,NA,NA,NA,
SRC-RAW-54500B315AC89DE39808,SRC-RAW-54500B315AC89DE39808,POWER,expert_scope,290,NOx,reported_total,expert_led_workbook,1424.1743333999998,427.25230002,NA,NA,NA,NA,NA,NA,NA,NA,NA,
SRC-RAW-54500B315AC89DE39808,SRC-RAW-54500B315AC89DE39808,POWER,expert_scope,290,CO,reported_total,expert_led_workbook,347.78371999999996,347.78371999999996,NA,NA,NA,NA,NA,NA,NA,NA,NA,
SRC-RAW-54500B315AC89DE39808,SRC-RAW-54500B315AC89DE39808,POWER,expert_scope,290,VOC,reported_total,expert_led_workbook,4724.558368107199,9.449116736214407,NA,NA,NA,NA,NA,NA,NA,NA,NA,
SRC-RAW-54500B315AC89DE39808,SRC-RAW-54500B315AC89DE39808,POWER,expert_scope,290,PM10,reported_total,expert_led_workbook,1140.4106405776001,4.561642562310404,NA,NA,NA,NA,NA,NA,NA,NA,NA,
SRC-RAW-54500B315AC89DE39808,SRC-RAW-54500B315AC89DE39808,POWER,expert_scope,290,PM2.5,reported_total,expert_led_workbook,2.2808212811552004,0.00912328512462081,NA,NA,NA,NA,NA,NA,NA,NA,NA,
SRC-RAW-54500B315AC89DE39808,SRC-RAW-54500B315AC89DE39808,POWER,expert_scope,290,BC,reported_total,expert_led_workbook,0.0,0.0,NA,NA,NA,NA,NA,NA,NA,NA,NA,
SRC-RAW-54500B315AC89DE39808,SRC-RAW-54500B315AC89DE39808,POWER,expert_scope,290,OC,reported_total,expert_led_workbook,6.9556743999999995,6.9556743999999995,NA,NA,NA,NA,NA,NA,NA,NA,NA,
SRC-RAW-54500B315AC89DE39808,SRC-RAW-54500B315AC89DE39808,POWER,expert_scope,290,NH3,reported_total,expert_led_workbook,0.0,0.0,NA,NA,NA,NA,NA,NA,NA,NA,NA,
SRC-RAW-500FAC89EE74CD013365,SRC-RAW-500FAC89EE74CD013365,POWER,expert_scope,291,SO2,reported_total,expert_led_workbook,7772.4929832,777.2492983199998,NA,NA,NA,NA,NA,NA,NA,NA,NA,
SRC-RAW-500FAC89EE74CD013365,SRC-RAW-500FAC89EE74CD013365,POWER,expert_scope,291,NOx,reported_total,expert_led_workbook,4994.6233876,1498.3870162800001,NA,NA,NA,NA,NA,NA,NA,NA,NA,
SRC-RAW-500FAC89EE74CD013365,SRC-RAW-500FAC89EE74CD013365,POWER,expert_scope,291,CO,reported_total,expert_led_workbook,1385.4711200000002,1385.4711200000002,NA,NA,NA,NA,NA,NA,NA,NA,NA,
SRC-RAW-500FAC89EE74CD013365,SRC-RAW-500FAC89EE74CD013365,POWER,expert_scope,291,VOC,reported_total,expert_led_workbook,20565.046603763203,41.13009320752644,NA,NA,NA,NA,NA,NA,NA,NA,NA,
SRC-RAW-500FAC89EE74CD013365,SRC-RAW-500FAC89EE74CD013365,POWER,expert_scope,291,PM10,reported_total,expert_led_workbook,4963.976766425601,19.855907065702425,NA,NA,NA,NA,NA,NA,NA,NA,NA,
SRC-RAW-500FAC89EE74CD013365,SRC-RAW-500FAC89EE74CD013365,POWER,expert_scope,291,PM2.5,reported_total,expert_led_workbook,9.927953532851204,0.03971181413140485,NA,NA,NA,NA,NA,NA,NA,NA,NA,
SRC-RAW-500FAC89EE74CD013365,SRC-RAW-500FAC89EE74CD013365,POWER,expert_scope,291,BC,reported_total,expert_led_workbook,0.0,0.0,NA,NA,NA,NA,NA,NA,NA,NA,NA,
SRC-RAW-500FAC89EE74CD013365,SRC-RAW-500FAC89EE74CD013365,POWER,expert_scope,291,OC,reported_total,expert_led_workbook,27.709422400000005,27.709422400000005,NA,NA,NA,NA,NA,NA,NA,NA,NA,
SRC-RAW-500FAC89EE74CD013365,SRC-RAW-500FAC89EE74CD013365,POWER,expert_scope,291,NH3,reported_total,expert_led_workbook,0.0,0.0,NA,NA,NA,NA,NA,NA,NA,NA,NA,
SRC-RAW-9C2666A045D655DE7A20,SRC-RAW-9C2666A045D655DE7A20,POWER,expert_scope,292,SO2,reported_total,expert_led_workbook,7697.338308800001,769.7338308799999,NA,NA,NA,NA,NA,NA,NA,NA,NA,
SRC-RAW-9C2666A045D655DE7A20,SRC-RAW-9C2666A045D655DE7A20,POWER,expert_scope,292,NOx,reported_total,expert_led_workbook,4872.5030032,1461.7509009600003,NA,NA,NA,NA,NA,NA,NA,NA,NA,
SRC-RAW-9C2666A045D655DE7A20,SRC-RAW-9C2666A045D655DE7A20,POWER,expert_scope,292,CO,reported_total,expert_led_workbook,1351.5958400000002,1351.5958400000002,NA,NA,NA,NA,NA,NA,NA,NA,NA,
SRC-RAW-9C2666A045D655DE7A20,SRC-RAW-9C2666A045D655DE7A20,POWER,expert_scope,292,VOC,reported_total,expert_led_workbook,20534.146831116806,41.06829366223365,NA,NA,NA,NA,NA,NA,NA,NA,NA,
SRC-RAW-9C2666A045D655DE7A20,SRC-RAW-9C2666A045D655DE7A20,POWER,expert_scope,292,PM10,reported_total,expert_led_workbook,4956.518200614401,19.826072802457624,NA,NA,NA,NA,NA,NA,NA,NA,NA,
SRC-RAW-9C2666A045D655DE7A20,SRC-RAW-9C2666A045D655DE7A20,POWER,expert_scope,292,PM2.5,reported_total,expert_led_workbook,9.913036401228803,0.03965214560491525,NA,NA,NA,NA,NA,NA,NA,NA,NA,
SRC-RAW-9C2666A045D655DE7A20,SRC-RAW-9C2666A045D655DE7A20,POWER,expert_scope,292,BC,reported_total,expert_led_workbook,0.0,0.0,NA,NA,NA,NA,NA,NA,NA,NA,NA,
SRC-RAW-9C2666A045D655DE7A20,SRC-RAW-9C2666A045D655DE7A20,POWER,expert_scope,292,OC,reported_total,expert_led_workbook,27.0319168,27.0319168,NA,NA,NA,NA,NA,NA,NA,NA,NA,
SRC-RAW-9C2666A045D655DE7A20,SRC-RAW-9C2666A045D655DE7A20,POWER,expert_scope,292,NH3,reported_total,expert_led_workbook,0.0,0.0,NA,NA,NA,NA,NA,NA,NA,NA,NA,
SRC-RAW-F89C0043F631D36465B6,SRC-RAW-F89C0043F631D36465B6,POWER,expert_scope,293,SO2,reported_total,expert_led_workbook,7958.378770900002,397.91893854500046,NA,NA,NA,NA,NA,NA,NA,NA,NA,
SRC-RAW-F89C0043F631D36465B6,SRC-RAW-F89C0043F631D36465B6,POWER,expert_scope,293,NOx,reported_total,expert_led_workbook,5037.744595100001,1511.3233785300006,NA,NA,NA,NA,NA,NA,NA,NA,NA,
SRC-RAW-F89C0043F631D36465B6,SRC-RAW-F89C0043F631D36465B6,POWER,expert_scope,293,CO,reported_total,expert_led_workbook,1397.43262,1397.43262,NA,NA,NA,NA,NA,NA,NA,NA,NA,
SRC-RAW-F89C0043F631D36465B6,SRC-RAW-F89C0043F631D36465B6,POWER,expert_scope,293,VOC,reported_total,expert_led_workbook,20538.346702664006,41.07669340532805,NA,NA,NA,NA,NA,NA,NA,NA,NA,
SRC-RAW-F89C0043F631D36465B6,SRC-RAW-F89C0043F631D36465B6,POWER,expert_scope,293,PM10,reported_total,expert_led_workbook,4957.531962712002,19.830127850848022,NA,NA,NA,NA,NA,NA,NA,NA,NA,
SRC-RAW-F89C0043F631D36465B6,SRC-RAW-F89C0043F631D36465B6,POWER,expert_scope,293,PM2.5,reported_total,expert_led_workbook,9.915063925424004,0.039660255701696054,NA,NA,NA,NA,NA,NA,NA,NA,NA,
SRC-RAW-F89C0043F631D36465B6,SRC-RAW-F89C0043F631D36465B6,POWER,expert_scope,293,BC,reported_total,expert_led_workbook,0.0,0.0,NA,NA,NA,NA,NA,NA,NA,NA,NA,
SRC-RAW-F89C0043F631D36465B6,SRC-RAW-F89C0043F631D36465B6,POWER,expert_scope,293,OC,reported_total,expert_led_workbook,27.948652400000004,27.948652400000004,NA,NA,NA,NA,NA,NA,NA,NA,NA,
SRC-RAW-F89C0043F631D36465B6,SRC-RAW-F89C0043F631D36465B6,POWER,expert_scope,293,NH3,reported_total,expert_led_workbook,0.0,0.0,NA,NA,NA,NA,NA,NA,NA,NA,NA,
SRC-RAW-A3FBB4382F65DF34F05E,SRC-RAW-A3FBB4382F65DF34F05E,POWER,expert_scope,294,SO2,reported_total,expert_led_workbook,7095.6068766,354.78034383000033,NA,NA,NA,NA,NA,NA,NA,NA,NA,
SRC-RAW-A3FBB4382F65DF34F05E,SRC-RAW-A3FBB4382F65DF34F05E,POWER,expert_scope,294,NOx,reported_total,expert_led_workbook,4559.6546863,1367.8964058900003,NA,NA,NA,NA,NA,NA,NA,NA,NA,
SRC-RAW-A3FBB4382F65DF34F05E,SRC-RAW-A3FBB4382F65DF34F05E,POWER,expert_scope,294,CO,reported_total,expert_led_workbook,1264.8140600000002,1264.8140600000002,NA,NA,NA,NA,NA,NA,NA,NA,NA,
SRC-RAW-A3FBB4382F65DF34F05E,SRC-RAW-A3FBB4382F65DF34F05E,POWER,expert_scope,294,VOC,reported_total,expert_led_workbook,20335.174531056004,40.670349062112045,NA,NA,NA,NA,NA,NA,NA,NA,NA,
SRC-RAW-A3FBB4382F65DF34F05E,SRC-RAW-A3FBB4382F65DF34F05E,POWER,expert_scope,294,PM10,reported_total,expert_led_workbook,4908.490404048001,19.633961616192025,NA,NA,NA,NA,NA,NA,NA,NA,NA,
SRC-RAW-A3FBB4382F65DF34F05E,SRC-RAW-A3FBB4382F65DF34F05E,POWER,expert_scope,294,PM2.5,reported_total,expert_led_workbook,9.816980808096003,0.039267923232384046,NA,NA,NA,NA,NA,NA,NA,NA,NA,
SRC-RAW-A3FBB4382F65DF34F05E,SRC-RAW-A3FBB4382F65DF34F05E,POWER,expert_scope,294,BC,reported_total,expert_led_workbook,0.0,0.0,NA,NA,NA,NA,NA,NA,NA,NA,NA,
SRC-RAW-A3FBB4382F65DF34F05E,SRC-RAW-A3FBB4382F65DF34F05E,POWER,expert_scope,294,OC,reported_total,expert_led_workbook,25.296281200000003,25.296281200000003,NA,NA,NA,NA,NA,NA,NA,NA,NA,
SRC-RAW-A3FBB4382F65DF34F05E,SRC-RAW-A3FBB4382F65DF34F05E,POWER,expert_scope,294,NH3,reported_total,expert_led_workbook,0.0,0.0,NA,NA,NA,NA,NA,NA,NA,NA,NA,
SRC-RAW-0CF0D8335C0BB992C611,SRC-RAW-0CF0D8335C0BB992C611,POWER,expert_scope,295,SO2,reported_total,expert_led_workbook,17773.959,888.6979500000008,NA,NA,NA,NA,NA,NA,NA,NA,NA,
SRC-RAW-0CF0D8335C0BB992C611,SRC-RAW-0CF0D8335C0BB992C611,POWER,expert_scope,295,NOx,reported_total,expert_led_workbook,8974.10675,1346.1160125000004,NA,NA,NA,NA,NA,NA,NA,NA,NA,
SRC-RAW-0CF0D8335C0BB992C611,SRC-RAW-0CF0D8335C0BB992C611,POWER,expert_scope,295,CO,reported_total,expert_led_workbook,2489.35,2489.35,NA,NA,NA,NA,NA,NA,NA,NA,NA,
SRC-RAW-0CF0D8335C0BB992C611,SRC-RAW-0CF0D8335C0BB992C611,POWER,expert_scope,295,VOC,reported_total,expert_led_workbook,40085.69188125001,240.51415128749582,NA,NA,NA,NA,NA,NA,NA,NA,NA,
SRC-RAW-0CF0D8335C0BB992C611,SRC-RAW-0CF0D8335C0BB992C611,POWER,expert_scope,295,PM10,reported_total,expert_led_workbook,10457.137012500001,177.77132921250018,NA,NA,NA,NA,NA,NA,NA,NA,NA,
SRC-RAW-0CF0D8335C0BB992C611,SRC-RAW-0CF0D8335C0BB992C611,POWER,expert_scope,295,PM2.5,reported_total,expert_led_workbook,20.914274025000005,0.3555426584250004,NA,NA,NA,NA,NA,NA,NA,NA,NA,
SRC-RAW-0CF0D8335C0BB992C611,SRC-RAW-0CF0D8335C0BB992C611,POWER,expert_scope,295,BC,reported_total,expert_led_workbook,0.0,0.0,NA,NA,NA,NA,NA,NA,NA,NA,NA,
SRC-RAW-0CF0D8335C0BB992C611,SRC-RAW-0CF0D8335C0BB992C611,POWER,expert_scope,295,OC,reported_total,expert_led_workbook,49.787,49.787,NA,NA,NA,NA,NA,NA,NA,NA,NA,
SRC-RAW-0CF0D8335C0BB992C611,SRC-RAW-0CF0D8335C0BB992C611,POWER,expert_scope,295,NH3,reported_total,expert_led_workbook,0.0,0.0,NA,NA,NA,NA,NA,NA,NA,NA,NA,
SRC-RAW-6A3D9F0940947CB1906F,SRC-RAW-6A3D9F0940947CB1906F,POWER,expert_scope,296,SO2,reported_total,expert_led_workbook,17843.841239999998,892.1920620000006,NA,NA,NA,NA,NA,NA,NA,NA,NA,
SRC-RAW-6A3D9F0940947CB1906F,SRC-RAW-6A3D9F0940947CB1906F,POWER,expert_scope,296,NOx,reported_total,expert_led_workbook,9229.131660000001,1384.3697490000004,NA,NA,NA,NA,NA,NA,NA,NA,NA,
SRC-RAW-6A3D9F0940947CB1906F,SRC-RAW-6A3D9F0940947CB1906F,POWER,expert_scope,296,CO,reported_total,expert_led_workbook,2560.092,2560.092,NA,NA,NA,NA,NA,NA,NA,NA,NA,
SRC-RAW-6A3D9F0940947CB1906F,SRC-RAW-6A3D9F0940947CB1906F,POWER,expert_scope,296,VOC,reported_total,expert_led_workbook,40783.2255945,244.69935356699568,NA,NA,NA,NA,NA,NA,NA,NA,NA,
SRC-RAW-6A3D9F0940947CB1906F,SRC-RAW-6A3D9F0940947CB1906F,POWER,expert_scope,296,PM10,reported_total,expert_led_workbook,10639.102329,180.86473959300014,NA,NA,NA,NA,NA,NA,NA,NA,NA,
SRC-RAW-6A3D9F0940947CB1906F,SRC-RAW-6A3D9F0940947CB1906F,POWER,expert_scope,296,PM2.5,reported_total,expert_led_workbook,21.278204658,0.36172947918600035,NA,NA,NA,NA,NA,NA,NA,NA,NA,
SRC-RAW-6A3D9F0940947CB1906F,SRC-RAW-6A3D9F0940947CB1906F,POWER,expert_scope,296,BC,reported_total,expert_led_workbook,0.0,0.0,NA,NA,NA,NA,NA,NA,NA,NA,NA,
SRC-RAW-6A3D9F0940947CB1906F,SRC-RAW-6A3D9F0940947CB1906F,POWER,expert_scope,296,OC,reported_total,expert_led_workbook,51.201840000000004,51.201840000000004,NA,NA,NA,NA,NA,NA,NA,NA,NA,
SRC-RAW-6A3D9F0940947CB1906F,SRC-RAW-6A3D9F0940947CB1906F,POWER,expert_scope,296,NH3,reported_total,expert_led_workbook,0.0,0.0,NA,NA,NA,NA,NA,NA,NA,NA,NA,
SRC-RAW-3FED5702793EBC59124F,SRC-RAW-3FED5702793EBC59124F,POWER,expert_scope,297,SO2,reported_total,expert_led_workbook,16342.804913500002,98.05682948099829,NA,NA,NA,NA,NA,NA,NA,NA,NA,
SRC-RAW-3FED5702793EBC59124F,SRC-RAW-3FED5702793EBC59124F,POWER,expert_scope,297,NOx,reported_total,expert_led_workbook,10663.4953327,1812.7942065590005,NA,NA,NA,NA,NA,NA,NA,NA,NA,
SRC-RAW-3FED5702793EBC59124F,SRC-RAW-3FED5702793EBC59124F,POWER,expert_scope,297,CO,reported_total,expert_led_workbook,2957.9737400000004,2957.9737400000004,NA,NA,NA,NA,NA,NA,NA,NA,NA,
SRC-RAW-3FED5702793EBC59124F,SRC-RAW-3FED5702793EBC59124F,POWER,expert_scope,297,VOC,reported_total,expert_led_workbook,32987.692895197506,197.92615737118155,NA,NA,NA,NA,NA,NA,NA,NA,NA,
SRC-RAW-3FED5702793EBC59124F,SRC-RAW-3FED5702793EBC59124F,POWER,expert_scope,297,PM10,reported_total,expert_led_workbook,8605.485103095001,146.29324675261515,NA,NA,NA,NA,NA,NA,NA,NA,NA,
SRC-RAW-3FED5702793EBC59124F,SRC-RAW-3FED5702793EBC59124F,POWER,expert_scope,297,PM2.5,reported_total,expert_led_workbook,17.21097020619,0.2925864935052303,NA,NA,NA,NA,NA,NA,NA,NA,NA,
SRC-RAW-3FED5702793EBC59124F,SRC-RAW-3FED5702793EBC59124F,POWER,expert_scope,297,BC,reported_total,expert_led_workbook,0.0,0.0,NA,NA,NA,NA,NA,NA,NA,NA,NA,
SRC-RAW-3FED5702793EBC59124F,SRC-RAW-3FED5702793EBC59124F,POWER,expert_scope,297,OC,reported_total,expert_led_workbook,59.159474800000005,59.159474800000005,NA,NA,NA,NA,NA,NA,NA,NA,NA,
SRC-RAW-3FED5702793EBC59124F,SRC-RAW-3FED5702793EBC59124F,POWER,expert_scope,297,NH3,reported_total,expert_led_workbook,0.0,0.0,NA,NA,NA,NA,NA,NA,NA,NA,NA,
SRC-RAW-8638EC6E8AF122B97D6A,SRC-RAW-8638EC6E8AF122B97D6A,POWER,expert_scope,298,SO2,reported_total,expert_led_workbook,17182.890430199997,103.09734258119816,NA,NA,NA,NA,NA,NA,NA,NA,NA,
SRC-RAW-8638EC6E8AF122B97D6A,SRC-RAW-8638EC6E8AF122B97D6A,POWER,expert_scope,298,NOx,reported_total,expert_led_workbook,11041.7682711,1877.1006060870004,NA,NA,NA,NA,NA,NA,NA,NA,NA,
SRC-RAW-8638EC6E8AF122B97D6A,SRC-RAW-8638EC6E8AF122B97D6A,POWER,expert_scope,298,CO,reported_total,expert_led_workbook,3062.90382,3062.90382,NA,NA,NA,NA,NA,NA,NA,NA,NA,
SRC-RAW-8638EC6E8AF122B97D6A,SRC-RAW-8638EC6E8AF122B97D6A,POWER,expert_scope,298,VOC,reported_total,expert_led_workbook,33550.282718325,201.30169630994644,NA,NA,NA,NA,NA,NA,NA,NA,NA,
SRC-RAW-8638EC6E8AF122B97D6A,SRC-RAW-8638EC6E8AF122B97D6A,POWER,expert_scope,298,PM10,reported_total,expert_led_workbook,8752.247665649998,148.7882103160501,NA,NA,NA,NA,NA,NA,NA,NA,NA,
SRC-RAW-8638EC6E8AF122B97D6A,SRC-RAW-8638EC6E8AF122B97D6A,POWER,expert_scope,298,PM2.5,reported_total,expert_led_workbook,17.504495331299996,0.2975764206321002,NA,NA,NA,NA,NA,NA,NA,NA,NA,
SRC-RAW-8638EC6E8AF122B97D6A,SRC-RAW-8638EC6E8AF122B97D6A,POWER,expert_scope,298,BC,reported_total,expert_led_workbook,0.0,0.0,NA,NA,NA,NA,NA,NA,NA,NA,NA,
SRC-RAW-8638EC6E8AF122B97D6A,SRC-RAW-8638EC6E8AF122B97D6A,POWER,expert_scope,298,OC,reported_total,expert_led_workbook,61.2580764,61.2580764,NA,NA,NA,NA,NA,NA,NA,NA,NA,
SRC-RAW-8638EC6E8AF122B97D6A,SRC-RAW-8638EC6E8AF122B97D6A,POWER,expert_scope,298,NH3,reported_total,expert_led_workbook,0.0,0.0,NA,NA,NA,NA,NA,NA,NA,NA,NA,
SRC-RAW-A9B79E53EDDFDADB0001,SRC-RAW-A9B79E53EDDFDADB0001,POWER,expert_scope,299,SO2,reported_total,expert_led_workbook,14249.6245632,85.49774737919849,NA,NA,NA,NA,NA,NA,NA,NA,NA,
SRC-RAW-A9B79E53EDDFDADB0001,SRC-RAW-A9B79E53EDDFDADB0001,POWER,expert_scope,299,NOx,reported_total,expert_led_workbook,9442.995689399999,1605.3092671980003,NA,NA,NA,NA,NA,NA,NA,NA,NA,
SRC-RAW-A9B79E53EDDFDADB0001,SRC-RAW-A9B79E53EDDFDADB0001,POWER,expert_scope,299,CO,reported_total,expert_led_workbook,2619.41628,2619.41628,NA,NA,NA,NA,NA,NA,NA,NA,NA,
SRC-RAW-A9B79E53EDDFDADB0001,SRC-RAW-A9B79E53EDDFDADB0001,POWER,expert_scope,299,VOC,reported_total,expert_led_workbook,28398.729026655,170.39237415992702,NA,NA,NA,NA,NA,NA,NA,NA,NA,
SRC-RAW-A9B79E53EDDFDADB0001,SRC-RAW-A9B79E53EDDFDADB0001,POWER,expert_scope,299,PM10,reported_total,expert_led_workbook,7408.36409391,125.9421895964701,NA,NA,NA,NA,NA,NA,NA,NA,NA,
SRC-RAW-A9B79E53EDDFDADB0001,SRC-RAW-A9B79E53EDDFDADB0001,POWER,expert_scope,299,PM2.5,reported_total,expert_led_workbook,14.816728187819999,0.2518843791929402,NA,NA,NA,NA,NA,NA,NA,NA,NA,
SRC-RAW-A9B79E53EDDFDADB0001,SRC-RAW-A9B79E53EDDFDADB0001,POWER,expert_scope,299,BC,reported_total,expert_led_workbook,0.0,0.0,NA,NA,NA,NA,NA,NA,NA,NA,NA,
SRC-RAW-A9B79E53EDDFDADB0001,SRC-RAW-A9B79E53EDDFDADB0001,POWER,expert_scope,299,OC,reported_total,expert_led_workbook,52.388325599999995,52.388325599999995,NA,NA,NA,NA,NA,NA,NA,NA,NA,
SRC-RAW-A9B79E53EDDFDADB0001,SRC-RAW-A9B79E53EDDFDADB0001,POWER,expert_scope,299,NH3,reported_total,expert_led_workbook,0.0,0.0,NA,NA,NA,NA,NA,NA,NA,NA,NA,
SRC-RAW-2FD3C0B7571FF8A81961,SRC-RAW-2FD3C0B7571FF8A81961,POWER,expert_scope,300,SO2,reported_total,expert_led_workbook,18241.419338999996,109.44851603399805,NA,NA,NA,NA,NA,NA,NA,NA,NA,
SRC-RAW-2FD3C0B7571FF8A81961,SRC-RAW-2FD3C0B7571FF8A81961,POWER,expert_scope,300,NOx,reported_total,expert_led_workbook,11721.9815895,1992.7368702150004,NA,NA,NA,NA,NA,NA,NA,NA,NA,
SRC-RAW-2FD3C0B7571FF8A81961,SRC-RAW-2FD3C0B7571FF8A81961,POWER,expert_scope,300,CO,reported_total,expert_led_workbook,3251.5899,3251.5899,NA,NA,NA,NA,NA,NA,NA,NA,NA,
SRC-RAW-2FD3C0B7571FF8A81961,SRC-RAW-2FD3C0B7571FF8A81961,POWER,expert_scope,300,VOC,reported_total,expert_led_workbook,34775.7539805,208.6545238829963,NA,NA,NA,NA,NA,NA,NA,NA,NA,
SRC-RAW-2FD3C0B7571FF8A81961,SRC-RAW-2FD3C0B7571FF8A81961,POWER,expert_scope,300,PM10,reported_total,expert_led_workbook,9071.935821,154.22290895700013,NA,NA,NA,NA,NA,NA,NA,NA,NA,
SRC-RAW-2FD3C0B7571FF8A81961,SRC-RAW-2FD3C0B7571FF8A81961,POWER,expert_scope,300,PM2.5,reported_total,expert_led_workbook,18.143871641999997,0.3084458179140002,NA,NA,NA,NA,NA,NA,NA,NA,NA,
SRC-RAW-2FD3C0B7571FF8A81961,SRC-RAW-2FD3C0B7571FF8A81961,POWER,expert_scope,300,BC,reported_total,expert_led_workbook,0.0,0.0,NA,NA,NA,NA,NA,NA,NA,NA,NA,
SRC-RAW-2FD3C0B7571FF8A81961,SRC-RAW-2FD3C0B7571FF8A81961,POWER,expert_scope,300,OC,reported_total,expert_led_workbook,65.03179800000001,65.03179800000001,NA,NA,NA,NA,NA,NA,NA,NA,NA,
SRC-RAW-2FD3C0B7571FF8A81961,SRC-RAW-2FD3C0B7571FF8A81961,POWER,expert_scope,300,NH3,reported_total,expert_led_workbook,0.0,0.0,NA,NA,NA,NA,NA,NA,NA,NA,NA,
SRC-RAW-3CE84EFE5438CA8FB4A0,SRC-RAW-3CE84EFE5438CA8FB4A0,POWER,expert_scope,301,SO2,reported_total,expert_led_workbook,26616.753800000002,1117.903659600001,NA,NA,NA,NA,NA,NA,NA,NA,NA,
SRC-RAW-3CE84EFE5438CA8FB4A0,SRC-RAW-3CE84EFE5438CA8FB4A0,POWER,expert_scope,301,NOx,reported_total,expert_led_workbook,17367.13076,4341.78269,NA,NA,NA,NA,NA,NA,NA,NA,NA,
SRC-RAW-3CE84EFE5438CA8FB4A0,SRC-RAW-3CE84EFE5438CA8FB4A0,POWER,expert_scope,301,CO,reported_total,expert_led_workbook,4817.512,4817.512,NA,NA,NA,NA,NA,NA,NA,NA,NA,
SRC-RAW-3CE84EFE5438CA8FB4A0,SRC-RAW-3CE84EFE5438CA8FB4A0,POWER,expert_scope,301,VOC,reported_total,expert_led_workbook,69681.095757,418.08657454199266,NA,NA,NA,NA,NA,NA,NA,NA,NA,
SRC-RAW-3CE84EFE5438CA8FB4A0,SRC-RAW-3CE84EFE5438CA8FB4A0,POWER,expert_scope,301,PM10,reported_total,expert_led_workbook,18177.677153999997,309.0205116180002,NA,NA,NA,NA,NA,NA,NA,NA,NA,
SRC-RAW-3CE84EFE5438CA8FB4A0,SRC-RAW-3CE84EFE5438CA8FB4A0,POWER,expert_scope,301,PM2.5,reported_total,expert_led_workbook,36.355354307999995,0.6180410232360005,NA,NA,NA,NA,NA,NA,NA,NA,NA,
SRC-RAW-3CE84EFE5438CA8FB4A0,SRC-RAW-3CE84EFE5438CA8FB4A0,POWER,expert_scope,301,BC,reported_total,expert_led_workbook,0.0,0.0,NA,NA,NA,NA,NA,NA,NA,NA,NA,
SRC-RAW-3CE84EFE5438CA8FB4A0,SRC-RAW-3CE84EFE5438CA8FB4A0,POWER,expert_scope,301,OC,reported_total,expert_led_workbook,96.35024,96.35024,NA,NA,NA,NA,NA,NA,NA,NA,NA,
SRC-RAW-3CE84EFE5438CA8FB4A0,SRC-RAW-3CE84EFE5438CA8FB4A0,POWER,expert_scope,301,NH3,reported_total,expert_led_workbook,0.0,0.0,NA,NA,NA,NA,NA,NA,NA,NA,NA,
SRC-RAW-F2AC45A6F890FFE96ABF,SRC-RAW-F2AC45A6F890FFE96ABF,POWER,expert_scope,302,SO2,reported_total,expert_led_workbook,29122.041827999998,1223.125756776001,NA,NA,NA,NA,NA,NA,NA,NA,NA,
SRC-RAW-F2AC45A6F890FFE96ABF,SRC-RAW-F2AC45A6F890FFE96ABF,POWER,expert_scope,302,NOx,reported_total,expert_led_workbook,18713.896754,4678.4741885,NA,NA,NA,NA,NA,NA,NA,NA,NA,
SRC-RAW-F2AC45A6F890FFE96ABF,SRC-RAW-F2AC45A6F890FFE96ABF,POWER,expert_scope,302,CO,reported_total,expert_led_workbook,5191.0948,5191.0948,NA,NA,NA,NA,NA,NA,NA,NA,NA,
SRC-RAW-F2AC45A6F890FFE96ABF,SRC-RAW-F2AC45A6F890FFE96ABF,POWER,expert_scope,302,VOC,reported_total,expert_led_workbook,74502.5925696,447.01555541759217,NA,NA,NA,NA,NA,NA,NA,NA,NA,
SRC-RAW-F2AC45A6F890FFE96ABF,SRC-RAW-F2AC45A6F890FFE96ABF,POWER,expert_scope,302,PM10,reported_total,expert_led_workbook,19435.458931199995,330.4028018304002,NA,NA,NA,NA,NA,NA,NA,NA,NA,
SRC-RAW-F2AC45A6F890FFE96ABF,SRC-RAW-F2AC45A6F890FFE96ABF,POWER,expert_scope,302,PM2.5,reported_total,expert_led_workbook,38.87091786239999,0.6608056036608004,NA,NA,NA,NA,NA,NA,NA,NA,NA,
SRC-RAW-F2AC45A6F890FFE96ABF,SRC-RAW-F2AC45A6F890FFE96ABF,POWER,expert_scope,302,BC,reported_total,expert_led_workbook,0.0,0.0,NA,NA,NA,NA,NA,NA,NA,NA,NA,
SRC-RAW-F2AC45A6F890FFE96ABF,SRC-RAW-F2AC45A6F890FFE96ABF,POWER,expert_scope,302,OC,reported_total,expert_led_workbook,103.821896,103.821896,NA,NA,NA,NA,NA,NA,NA,NA,NA,
SRC-RAW-F2AC45A6F890FFE96ABF,SRC-RAW-F2AC45A6F890FFE96ABF,POWER,expert_scope,302,NH3,reported_total,expert_led_workbook,0.0,0.0,NA,NA,NA,NA,NA,NA,NA,NA,NA,
SRC-RAW-22BA5A2282497EAD078C,SRC-RAW-22BA5A2282497EAD078C,POWER,expert_scope,303,SO2,reported_total,expert_led_workbook,12705.371433399998,635.2685716700005,NA,NA,NA,NA,NA,NA,NA,NA,NA,
SRC-RAW-22BA5A2282497EAD078C,SRC-RAW-22BA5A2282497EAD078C,POWER,expert_scope,303,NOx,reported_total,expert_led_workbook,8691.2455441,1303.6868316150003,NA,NA,NA,NA,NA,NA,NA,NA,NA,
SRC-RAW-22BA5A2282497EAD078C,SRC-RAW-22BA5A2282497EAD078C,POWER,expert_scope,303,CO,reported_total,expert_led_workbook,2410.88642,2410.88642,NA,NA,NA,NA,NA,NA,NA,NA,NA,
SRC-RAW-22BA5A2282497EAD078C,SRC-RAW-22BA5A2282497EAD078C,POWER,expert_scope,303,VOC,reported_total,expert_led_workbook,32979.118060785,428.72853479020534,NA,NA,NA,NA,NA,NA,NA,NA,NA,
SRC-RAW-22BA5A2282497EAD078C,SRC-RAW-22BA5A2282497EAD078C,POWER,expert_scope,303,PM10,reported_total,expert_led_workbook,8603.24818977,258.0974456931002,NA,NA,NA,NA,NA,NA,NA,NA,NA,
SRC-RAW-22BA5A2282497EAD078C,SRC-RAW-22BA5A2282497EAD078C,POWER,expert_scope,303,PM2.5,reported_total,expert_led_workbook,17.20649637954,0.5161948913862004,NA,NA,NA,NA,NA,NA,NA,NA,NA,
SRC-RAW-22BA5A2282497EAD078C,SRC-RAW-22BA5A2282497EAD078C,POWER,expert_scope,303,BC,reported_total,expert_led_workbook,0.0,0.0,NA,NA,NA,NA,NA,NA,NA,NA,NA,
SRC-RAW-22BA5A2282497EAD078C,SRC-RAW-22BA5A2282497EAD078C,POWER,expert_scope,303,OC,reported_total,expert_led_workbook,48.2177284,48.2177284,NA,NA,NA,NA,NA,NA,NA,NA,NA,
SRC-RAW-22BA5A2282497EAD078C,SRC-RAW-22BA5A2282497EAD078C,POWER,expert_scope,303,NH3,reported_total,expert_led_workbook,0.0,0.0,NA,NA,NA,NA,NA,NA,NA,NA,NA,
SRC-RAW-C5503FD15062A20FAC67,SRC-RAW-C5503FD15062A20FAC67,POWER,expert_scope,304,SO2,reported_total,expert_led_workbook,11085.1267974,554.2563398700005,NA,NA,NA,NA,NA,NA,NA,NA,NA,
SRC-RAW-C5503FD15062A20FAC67,SRC-RAW-C5503FD15062A20FAC67,POWER,expert_scope,304,NOx,reported_total,expert_led_workbook,7582.8998301,1137.4349745150002,NA,NA,NA,NA,NA,NA,NA,NA,NA,
SRC-RAW-C5503FD15062A20FAC67,SRC-RAW-C5503FD15062A20FAC67,POWER,expert_scope,304,CO,reported_total,expert_led_workbook,2103.43962,2103.43962,NA,NA,NA,NA,NA,NA,NA,NA,NA,
SRC-RAW-C5503FD15062A20FAC67,SRC-RAW-C5503FD15062A20FAC67,POWER,expert_scope,304,VOC,reported_total,expert_led_workbook,28773.476421885003,374.05519348450537,NA,NA,NA,NA,NA,NA,NA,NA,NA,
SRC-RAW-C5503FD15062A20FAC67,SRC-RAW-C5503FD15062A20FAC67,POWER,expert_scope,304,PM10,reported_total,expert_led_workbook,7506.124283970001,225.1837285191002,NA,NA,NA,NA,NA,NA,NA,NA,NA,
SRC-RAW-C5503FD15062A20FAC67,SRC-RAW-C5503FD15062A20FAC67,POWER,expert_scope,304,PM2.5,reported_total,expert_led_workbook,15.012248567940002,0.45036745703820047,NA,NA,NA,NA,NA,NA,NA,NA,NA,
SRC-RAW-C5503FD15062A20FAC67,SRC-RAW-C5503FD15062A20FAC67,POWER,expert_scope,304,BC,reported_total,expert_led_workbook,0.0,0.0,NA,NA,NA,NA,NA,NA,NA,NA,NA,
SRC-RAW-C5503FD15062A20FAC67,SRC-RAW-C5503FD15062A20FAC67,POWER,expert_scope,304,OC,reported_total,expert_led_workbook,42.06879240000001,42.06879240000001,NA,NA,NA,NA,NA,NA,NA,NA,NA,
SRC-RAW-C5503FD15062A20FAC67,SRC-RAW-C5503FD15062A20FAC67,POWER,expert_scope,304,NH3,reported_total,expert_led_workbook,0.0,0.0,NA,NA,NA,NA,NA,NA,NA,NA,NA,
SRC-RAW-0C312A4EA2E22E53B8D0,SRC-RAW-0C312A4EA2E22E53B8D0,POWER,expert_scope,305,SO2,reported_total,expert_led_workbook,20356.1655,366.41097900000034,NA,NA,NA,NA,NA,NA,NA,NA,NA,
SRC-RAW-0C312A4EA2E22E53B8D0,SRC-RAW-0C312A4EA2E22E53B8D0,POWER,expert_scope,305,NOx,reported_total,expert_led_workbook,13080.92275,1831.329185,NA,NA,NA,NA,NA,NA,NA,NA,NA,
SRC-RAW-0C312A4EA2E22E53B8D0,SRC-RAW-0C312A4EA2E22E53B8D0,POWER,expert_scope,305,CO,reported_total,expert_led_workbook,3628.55,3628.55,NA,NA,NA,NA,NA,NA,NA,NA,NA,
SRC-RAW-0C312A4EA2E22E53B8D0,SRC-RAW-0C312A4EA2E22E53B8D0,POWER,expert_scope,305,VOC,reported_total,expert_led_workbook,46881.77313750001,281.2906388249951,NA,NA,NA,NA,NA,NA,NA,NA,NA,
SRC-RAW-0C312A4EA2E22E53B8D0,SRC-RAW-0C312A4EA2E22E53B8D0,POWER,expert_scope,305,PM10,reported_total,expert_led_workbook,12230.027775,207.9104721750002,NA,NA,NA,NA,NA,NA,NA,NA,NA,
SRC-RAW-0C312A4EA2E22E53B8D0,SRC-RAW-0C312A4EA2E22E53B8D0,POWER,expert_scope,305,PM2.5,reported_total,expert_led_workbook,24.46005555,0.4158209443500004,NA,NA,NA,NA,NA,NA,NA,NA,NA,
SRC-RAW-0C312A4EA2E22E53B8D0,SRC-RAW-0C312A4EA2E22E53B8D0,POWER,expert_scope,305,BC,reported_total,expert_led_workbook,0.0,0.0,NA,NA,NA,NA,NA,NA,NA,NA,NA,
SRC-RAW-0C312A4EA2E22E53B8D0,SRC-RAW-0C312A4EA2E22E53B8D0,POWER,expert_scope,305,OC,reported_total,expert_led_workbook,72.571,72.571,NA,NA,NA,NA,NA,NA,NA,NA,NA,
SRC-RAW-0C312A4EA2E22E53B8D0,SRC-RAW-0C312A4EA2E22E53B8D0,POWER,expert_scope,305,NH3,reported_total,expert_led_workbook,0.0,0.0,NA,NA,NA,NA,NA,NA,NA,NA,NA,
SRC-RAW-D754FE900ADCABAF2D31,SRC-RAW-D754FE900ADCABAF2D31,POWER,expert_scope,306,SO2,reported_total,expert_led_workbook,21791.29326,392.24327868000034,NA,NA,NA,NA,NA,NA,NA,NA,NA,
SRC-RAW-D754FE900ADCABAF2D31,SRC-RAW-D754FE900ADCABAF2D31,POWER,expert_scope,306,NOx,reported_total,expert_led_workbook,14003.13943,1960.4395202,NA,NA,NA,NA,NA,NA,NA,NA,NA,
SRC-RAW-D754FE900ADCABAF2D31,SRC-RAW-D754FE900ADCABAF2D31,POWER,expert_scope,306,CO,reported_total,expert_led_workbook,3884.366,3884.366,NA,NA,NA,NA,NA,NA,NA,NA,NA,
SRC-RAW-D754FE900ADCABAF2D31,SRC-RAW-D754FE900ADCABAF2D31,POWER,expert_scope,306,VOC,reported_total,expert_led_workbook,50186.9798115,301.1218788689947,NA,NA,NA,NA,NA,NA,NA,NA,NA,
SRC-RAW-D754FE900ADCABAF2D31,SRC-RAW-D754FE900ADCABAF2D31,POWER,expert_scope,306,PM10,reported_total,expert_led_workbook,13092.255603000001,222.5683452510002,NA,NA,NA,NA,NA,NA,NA,NA,NA,
SRC-RAW-D754FE900ADCABAF2D31,SRC-RAW-D754FE900ADCABAF2D31,POWER,expert_scope,306,PM2.5,reported_total,expert_led_workbook,26.184511206000003,0.44513669050200044,NA,NA,NA,NA,NA,NA,NA,NA,NA,
SRC-RAW-D754FE900ADCABAF2D31,SRC-RAW-D754FE900ADCABAF2D31,POWER,expert_scope,306,BC,reported_total,expert_led_workbook,0.0,0.0,NA,NA,NA,NA,NA,NA,NA,NA,NA,
SRC-RAW-D754FE900ADCABAF2D31,SRC-RAW-D754FE900ADCABAF2D31,POWER,expert_scope,306,OC,reported_total,expert_led_workbook,77.68732000000001,77.68732000000001,NA,NA,NA,NA,NA,NA,NA,NA,NA,
SRC-RAW-D754FE900ADCABAF2D31,SRC-RAW-D754FE900ADCABAF2D31,POWER,expert_scope,306,NH3,reported_total,expert_led_workbook,0.0,0.0,NA,NA,NA,NA,NA,NA,NA,NA,NA,
SRC-RAW-7DFFD694C7B5B4F656CF,SRC-RAW-7DFFD694C7B5B4F656CF,POWER,expert_scope,307,SO2,reported_total,expert_led_workbook,0.010176,0.010176,NA,NA,NA,NA,NA,NA,NA,NA,NA,
SRC-RAW-7DFFD694C7B5B4F656CF,SRC-RAW-7DFFD694C7B5B4F656CF,POWER,expert_scope,307,NOx,reported_total,expert_led_workbook,1.64,0.9512,NA,NA,NA,NA,NA,NA,NA,NA,NA,
SRC-RAW-7DFFD694C7B5B4F656CF,SRC-RAW-7DFFD694C7B5B4F656CF,POWER,expert_scope,307,CO,reported_total,expert_led_workbook,0.52,0.52,NA,NA,NA,NA,NA,NA,NA,NA,NA,
SRC-RAW-7DFFD694C7B5B4F656CF,SRC-RAW-7DFFD694C7B5B4F656CF,POWER,expert_scope,307,VOC,reported_total,expert_led_workbook,0.012,0.012,NA,NA,NA,NA,NA,NA,NA,NA,NA,
SRC-RAW-7DFFD694C7B5B4F656CF,SRC-RAW-7DFFD694C7B5B4F656CF,POWER,expert_scope,307,PM10,reported_total,expert_led_workbook,0.012,0.012,NA,NA,NA,NA,NA,NA,NA,NA,NA,
SRC-RAW-7DFFD694C7B5B4F656CF,SRC-RAW-7DFFD694C7B5B4F656CF,POWER,expert_scope,307,PM2.5,reported_total,expert_led_workbook,0.0,0.0,NA,NA,NA,NA,NA,NA,NA,NA,NA,
SRC-RAW-7DFFD694C7B5B4F656CF,SRC-RAW-7DFFD694C7B5B4F656CF,POWER,expert_scope,307,BC,reported_total,expert_led_workbook,0.0,0.0,NA,NA,NA,NA,NA,NA,NA,NA,NA,
SRC-RAW-7DFFD694C7B5B4F656CF,SRC-RAW-7DFFD694C7B5B4F656CF,POWER,expert_scope,307,OC,reported_total,expert_led_workbook,0.008,0.008,NA,NA,NA,NA,NA,NA,NA,NA,NA,
SRC-RAW-7DFFD694C7B5B4F656CF,SRC-RAW-7DFFD694C7B5B4F656CF,POWER,expert_scope,307,NH3,reported_total,expert_led_workbook,0.0,0.0,NA,NA,NA,NA,NA,NA,NA,NA,NA,
SRC-RAW-DD868350CF7F78528A71,SRC-RAW-DD868350CF7F78528A71,POWER,expert_scope,308,SO2,reported_total,expert_led_workbook,64.39696,64.39696,NA,NA,NA,NA,NA,NA,NA,NA,NA,
SRC-RAW-DD868350CF7F78528A71,SRC-RAW-DD868350CF7F78528A71,POWER,expert_scope,308,NOx,reported_total,expert_led_workbook,40.489588600000005,7.255533095961583,NA,NA,NA,NA,NA,NA,NA,NA,NA,
SRC-RAW-DD868350CF7F78528A71,SRC-RAW-DD868350CF7F78528A71,POWER,expert_scope,308,CO,reported_total,expert_led_workbook,2.414886,2.414886,NA,NA,NA,NA,NA,NA,NA,NA,NA,
SRC-RAW-DD868350CF7F78528A71,SRC-RAW-DD868350CF7F78528A71,POWER,expert_scope,308,VOC,reported_total,expert_led_workbook,3.4210884999999998,3.4210884999999998,NA,NA,NA,NA,NA,NA,NA,NA,NA,
SRC-RAW-DD868350CF7F78528A71,SRC-RAW-DD868350CF7F78528A71,POWER,expert_scope,308,PM10,reported_total,expert_led_workbook,2.4953822,2.4953822,NA,NA,NA,NA,NA,NA,NA,NA,NA,
SRC-RAW-DD868350CF7F78528A71,SRC-RAW-DD868350CF7F78528A71,POWER,expert_scope,308,PM2.5,reported_total,expert_led_workbook,0.1609924,0.1609924,NA,NA,NA,NA,NA,NA,NA,NA,NA,
SRC-RAW-DD868350CF7F78528A71,SRC-RAW-DD868350CF7F78528A71,POWER,expert_scope,308,BC,reported_total,expert_led_workbook,0.2012405,0.2012405,NA,NA,NA,NA,NA,NA,NA,NA,NA,
SRC-RAW-DD868350CF7F78528A71,SRC-RAW-DD868350CF7F78528A71,POWER,expert_scope,308,OC,reported_total,expert_led_workbook,0.7647139,0.7647139,NA,NA,NA,NA,NA,NA,NA,NA,NA,
SRC-RAW-DD868350CF7F78528A71,SRC-RAW-DD868350CF7F78528A71,POWER,expert_scope,308,NH3,reported_total,expert_led_workbook,0.0,0.0,NA,NA,NA,NA,NA,NA,NA,NA,NA,
SRC-RAW-028CC8C1288566508CEA,SRC-RAW-028CC8C1288566508CEA,POWER,expert_scope,309,SO2,reported_total,expert_led_workbook,79.43968,79.43968,NA,NA,NA,NA,NA,NA,NA,NA,NA,
SRC-RAW-028CC8C1288566508CEA,SRC-RAW-028CC8C1288566508CEA,POWER,expert_scope,309,NOx,reported_total,expert_led_workbook,49.9476988,14.28278086200236,NA,NA,NA,NA,NA,NA,NA,NA,NA,
SRC-RAW-028CC8C1288566508CEA,SRC-RAW-028CC8C1288566508CEA,POWER,expert_scope,309,CO,reported_total,expert_led_workbook,2.9789879999999997,2.9789879999999997,NA,NA,NA,NA,NA,NA,NA,NA,NA,
SRC-RAW-028CC8C1288566508CEA,SRC-RAW-028CC8C1288566508CEA,POWER,expert_scope,309,VOC,reported_total,expert_led_workbook,4.2202329999999995,4.2202329999999995,NA,NA,NA,NA,NA,NA,NA,NA,NA,
SRC-RAW-028CC8C1288566508CEA,SRC-RAW-028CC8C1288566508CEA,POWER,expert_scope,309,PM10,reported_total,expert_led_workbook,3.0782875999999995,3.0782875999999995,NA,NA,NA,NA,NA,NA,NA,NA,NA,
SRC-RAW-028CC8C1288566508CEA,SRC-RAW-028CC8C1288566508CEA,POWER,expert_scope,309,PM2.5,reported_total,expert_led_workbook,0.1985992,0.1985992,NA,NA,NA,NA,NA,NA,NA,NA,NA,
SRC-RAW-028CC8C1288566508CEA,SRC-RAW-028CC8C1288566508CEA,POWER,expert_scope,309,BC,reported_total,expert_led_workbook,0.248249,0.248249,NA,NA,NA,NA,NA,NA,NA,NA,NA,
SRC-RAW-028CC8C1288566508CEA,SRC-RAW-028CC8C1288566508CEA,POWER,expert_scope,309,OC,reported_total,expert_led_workbook,0.9433461999999999,0.9433461999999999,NA,NA,NA,NA,NA,NA,NA,NA,NA,
SRC-RAW-028CC8C1288566508CEA,SRC-RAW-028CC8C1288566508CEA,POWER,expert_scope,309,NH3,reported_total,expert_led_workbook,0.0,0.0,NA,NA,NA,NA,NA,NA,NA,NA,NA,
SRC-RAW-C2BE736B5CB2FADAA9BC,SRC-RAW-C2BE736B5CB2FADAA9BC,POWER,expert_scope,310,SO2,reported_total,expert_led_workbook,320.7492,320.7492,NA,NA,NA,NA,NA,NA,NA,NA,NA,
SRC-RAW-C2BE736B5CB2FADAA9BC,SRC-RAW-C2BE736B5CB2FADAA9BC,POWER,expert_scope,310,NOx,reported_total,expert_led_workbook,422.63424000000003,244.31316759188593,NA,NA,NA,NA,NA,NA,NA,NA,NA,
SRC-RAW-C2BE736B5CB2FADAA9BC,SRC-RAW-C2BE736B5CB2FADAA9BC,POWER,expert_scope,310,CO,reported_total,expert_led_workbook,94.338,94.338,NA,NA,NA,NA,NA,NA,NA,NA,NA,
SRC-RAW-C2BE736B5CB2FADAA9BC,SRC-RAW-C2BE736B5CB2FADAA9BC,POWER,expert_scope,310,VOC,reported_total,expert_led_workbook,1258.57835208,15.102940224960014,NA,NA,NA,NA,NA,NA,NA,NA,NA,
SRC-RAW-C2BE736B5CB2FADAA9BC,SRC-RAW-C2BE736B5CB2FADAA9BC,POWER,expert_scope,310,PM10,reported_total,expert_led_workbook,303.79477464000007,9.11384323920001,NA,NA,NA,NA,NA,NA,NA,NA,NA,
SRC-RAW-C2BE736B5CB2FADAA9BC,SRC-RAW-C2BE736B5CB2FADAA9BC,POWER,expert_scope,310,PM2.5,reported_total,expert_led_workbook,0.6075895492800002,0.01822768647840002,NA,NA,NA,NA,NA,NA,NA,NA,NA,
SRC-RAW-C2BE736B5CB2FADAA9BC,SRC-RAW-C2BE736B5CB2FADAA9BC,POWER,expert_scope,310,BC,reported_total,expert_led_workbook,0.0,0.0,NA,NA,NA,NA,NA,NA,NA,NA,NA,
SRC-RAW-C2BE736B5CB2FADAA9BC,SRC-RAW-C2BE736B5CB2FADAA9BC,POWER,expert_scope,310,OC,reported_total,expert_led_workbook,1.88676,1.88676,NA,NA,NA,NA,NA,NA,NA,NA,NA,
SRC-RAW-C2BE736B5CB2FADAA9BC,SRC-RAW-C2BE736B5CB2FADAA9BC,POWER,expert_scope,310,NH3,reported_total,expert_led_workbook,0.0,0.0,NA,NA,NA,NA,NA,NA,NA,NA,NA,
SRC-RAW-00533932A04254ABB991,SRC-RAW-00533932A04254ABB991,POWER,expert_scope,311,SO2,reported_total,expert_led_workbook,9519.419042,199.90779988199913,NA,NA,NA,NA,NA,NA,NA,NA,NA,
SRC-RAW-00533932A04254ABB991,SRC-RAW-00533932A04254ABB991,POWER,expert_scope,311,NOx,reported_total,expert_led_workbook,5767.6480078,881.2966155918404,NA,NA,NA,NA,NA,NA,NA,NA,NA,
SRC-RAW-00533932A04254ABB991,SRC-RAW-00533932A04254ABB991,POWER,expert_scope,311,CO,reported_total,expert_led_workbook,1599.90236,1599.90236,NA,NA,NA,NA,NA,NA,NA,NA,NA,
SRC-RAW-00533932A04254ABB991,SRC-RAW-00533932A04254ABB991,POWER,expert_scope,311,VOC,reported_total,expert_led_workbook,19456.81257555,116.74087545329795,NA,NA,NA,NA,NA,NA,NA,NA,NA,
SRC-RAW-00533932A04254ABB991,SRC-RAW-00533932A04254ABB991,POWER,expert_scope,311,PM10,reported_total,expert_led_workbook,5075.6902371,86.28673403070007,NA,NA,NA,NA,NA,NA,NA,NA,NA,
SRC-RAW-00533932A04254ABB991,SRC-RAW-00533932A04254ABB991,POWER,expert_scope,311,PM2.5,reported_total,expert_led_workbook,10.1513804742,0.17257346806140014,NA,NA,NA,NA,NA,NA,NA,NA,NA,
SRC-RAW-00533932A04254ABB991,SRC-RAW-00533932A04254ABB991,POWER,expert_scope,311,BC,reported_total,expert_led_workbook,0.0,0.0,NA,NA,NA,NA,NA,NA,NA,NA,NA,
SRC-RAW-00533932A04254ABB991,SRC-RAW-00533932A04254ABB991,POWER,expert_scope,311,OC,reported_total,expert_led_workbook,31.998047200000006,31.998047200000006,NA,NA,NA,NA,NA,NA,NA,NA,NA,
SRC-RAW-00533932A04254ABB991,SRC-RAW-00533932A04254ABB991,POWER,expert_scope,311,NH3,reported_total,expert_led_workbook,0.0,0.0,NA,NA,NA,NA,NA,NA,NA,NA,NA,
SRC-RAW-13051E02DF7384D16801,SRC-RAW-13051E02DF7384D16801,POWER,expert_scope,312,SO2,reported_total,expert_led_workbook,9332.373056999999,195.97983419699912,NA,NA,NA,NA,NA,NA,NA,NA,NA,
SRC-RAW-13051E02DF7384D16801,SRC-RAW-13051E02DF7384D16801,POWER,expert_scope,312,NOx,reported_total,expert_led_workbook,5654.3201463000005,863.9801183546404,NA,NA,NA,NA,NA,NA,NA,NA,NA,
SRC-RAW-13051E02DF7384D16801,SRC-RAW-13051E02DF7384D16801,POWER,expert_scope,312,CO,reported_total,expert_led_workbook,1568.46606,1568.46606,NA,NA,NA,NA,NA,NA,NA,NA,NA,
SRC-RAW-13051E02DF7384D16801,SRC-RAW-13051E02DF7384D16801,POWER,expert_scope,312,VOC,reported_total,expert_led_workbook,19074.507872175,114.44704723304798,NA,NA,NA,NA,NA,NA,NA,NA,NA,
SRC-RAW-13051E02DF7384D16801,SRC-RAW-13051E02DF7384D16801,POWER,expert_scope,312,PM10,reported_total,expert_led_workbook,4975.95857535,84.59129578095006,NA,NA,NA,NA,NA,NA,NA,NA,NA,
SRC-RAW-13051E02DF7384D16801,SRC-RAW-13051E02DF7384D16801,POWER,expert_scope,312,PM2.5,reported_total,expert_led_workbook,9.9519171507,0.16918259156190016,NA,NA,NA,NA,NA,NA,NA,NA,NA,
SRC-RAW-13051E02DF7384D16801,SRC-RAW-13051E02DF7384D16801,POWER,expert_scope,312,BC,reported_total,expert_led_workbook,0.0,0.0,NA,NA,NA,NA,NA,NA,NA,NA,NA,
SRC-RAW-13051E02DF7384D16801,SRC-RAW-13051E02DF7384D16801,POWER,expert_scope,312,OC,reported_total,expert_led_workbook,31.3693212,31.3693212,NA,NA,NA,NA,NA,NA,NA,NA,NA,
SRC-RAW-13051E02DF7384D16801,SRC-RAW-13051E02DF7384D16801,POWER,expert_scope,312,NH3,reported_total,expert_led_workbook,0.0,0.0,NA,NA,NA,NA,NA,NA,NA,NA,NA,
SRC-RAW-2E82EF5A72E3F09D05B5,SRC-RAW-2E82EF5A72E3F09D05B5,POWER,expert_scope,313,SO2,reported_total,expert_led_workbook,10265.489066,215.57527038599906,NA,NA,NA,NA,NA,NA,NA,NA,NA,
SRC-RAW-2E82EF5A72E3F09D05B5,SRC-RAW-2E82EF5A72E3F09D05B5,POWER,expert_scope,313,NOx,reported_total,expert_led_workbook,6219.6786694,950.3669006843203,NA,NA,NA,NA,NA,NA,NA,NA,NA,
SRC-RAW-2E82EF5A72E3F09D05B5,SRC-RAW-2E82EF5A72E3F09D05B5,POWER,expert_scope,313,CO,reported_total,expert_led_workbook,1725.2922800000001,1725.2922800000001,NA,NA,NA,NA,NA,NA,NA,NA,NA,
SRC-RAW-2E82EF5A72E3F09D05B5,SRC-RAW-2E82EF5A72E3F09D05B5,POWER,expert_scope,313,VOC,reported_total,expert_led_workbook,20981.710740149996,125.89026444089775,NA,NA,NA,NA,NA,NA,NA,NA,NA,
SRC-RAW-2E82EF5A72E3F09D05B5,SRC-RAW-2E82EF5A72E3F09D05B5,POWER,expert_scope,313,PM10,reported_total,expert_led_workbook,5473.489758299999,93.04932589110007,NA,NA,NA,NA,NA,NA,NA,NA,NA,
SRC-RAW-2E82EF5A72E3F09D05B5,SRC-RAW-2E82EF5A72E3F09D05B5,POWER,expert_scope,313,PM2.5,reported_total,expert_led_workbook,10.946979516599999,0.18609865178220014,NA,NA,NA,NA,NA,NA,NA,NA,NA,
SRC-RAW-2E82EF5A72E3F09D05B5,SRC-RAW-2E82EF5A72E3F09D05B5,POWER,expert_scope,313,BC,reported_total,expert_led_workbook,0.0,0.0,NA,NA,NA,NA,NA,NA,NA,NA,NA,
SRC-RAW-2E82EF5A72E3F09D05B5,SRC-RAW-2E82EF5A72E3F09D05B5,POWER,expert_scope,313,OC,reported_total,expert_led_workbook,34.5058456,34.5058456,NA,NA,NA,NA,NA,NA,NA,NA,NA,
SRC-RAW-2E82EF5A72E3F09D05B5,SRC-RAW-2E82EF5A72E3F09D05B5,POWER,expert_scope,313,NH3,reported_total,expert_led_workbook,0.0,0.0,NA,NA,NA,NA,NA,NA,NA,NA,NA,
SRC-RAW-5AD903B74FD95A0CB085,SRC-RAW-5AD903B74FD95A0CB085,POWER,expert_scope,314,SO2,reported_total,expert_led_workbook,13836.321351999999,290.5627483919987,NA,NA,NA,NA,NA,NA,NA,NA,NA,
SRC-RAW-5AD903B74FD95A0CB085,SRC-RAW-5AD903B74FD95A0CB085,POWER,expert_scope,314,NOx,reported_total,expert_led_workbook,8383.1829368,1280.9503527430404,NA,NA,NA,NA,NA,NA,NA,NA,NA,
SRC-RAW-5AD903B74FD95A0CB085,SRC-RAW-5AD903B74FD95A0CB085,POWER,expert_scope,314,CO,reported_total,expert_led_workbook,2325.4321600000003,2325.4321600000003,NA,NA,NA,NA,NA,NA,NA,NA,NA,
SRC-RAW-5AD903B74FD95A0CB085,SRC-RAW-5AD903B74FD95A0CB085,POWER,expert_scope,314,VOC,reported_total,expert_led_workbook,28280.161855799997,169.680971134797,NA,NA,NA,NA,NA,NA,NA,NA,NA,
SRC-RAW-5AD903B74FD95A0CB085,SRC-RAW-5AD903B74FD95A0CB085,POWER,expert_scope,314,PM10,reported_total,expert_led_workbook,7377.433527599999,125.4163699692001,NA,NA,NA,NA,NA,NA,NA,NA,NA,
SRC-RAW-5AD903B74FD95A0CB085,SRC-RAW-5AD903B74FD95A0CB085,POWER,expert_scope,314,PM2.5,reported_total,expert_led_workbook,14.754867055199998,0.2508327399384002,NA,NA,NA,NA,NA,NA,NA,NA,NA,
SRC-RAW-5AD903B74FD95A0CB085,SRC-RAW-5AD903B74FD95A0CB085,POWER,expert_scope,314,BC,reported_total,expert_led_workbook,0.0,0.0,NA,NA,NA,NA,NA,NA,NA,NA,NA,
SRC-RAW-5AD903B74FD95A0CB085,SRC-RAW-5AD903B74FD95A0CB085,POWER,expert_scope,314,OC,reported_total,expert_led_workbook,46.50864320000001,46.50864320000001,NA,NA,NA,NA,NA,NA,NA,NA,NA,
SRC-RAW-5AD903B74FD95A0CB085,SRC-RAW-5AD903B74FD95A0CB085,POWER,expert_scope,314,NH3,reported_total,expert_led_workbook,0.0,0.0,NA,NA,NA,NA,NA,NA,NA,NA,NA,
SRC-RAW-CE34D434EBB7A964698E,SRC-RAW-CE34D434EBB7A964698E,POWER,expert_scope,315,SO2,reported_total,expert_led_workbook,32416.345058999996,680.7432462389969,NA,NA,NA,NA,NA,NA,NA,NA,NA,
SRC-RAW-CE34D434EBB7A964698E,SRC-RAW-CE34D434EBB7A964698E,POWER,expert_scope,315,NOx,reported_total,expert_led_workbook,19640.4914181,3001.0670886856806,NA,NA,NA,NA,NA,NA,NA,NA,NA,
SRC-RAW-CE34D434EBB7A964698E,SRC-RAW-CE34D434EBB7A964698E,POWER,expert_scope,315,CO,reported_total,expert_led_workbook,5448.12522,5448.12522,NA,NA,NA,NA,NA,NA,NA,NA,NA,
SRC-RAW-CE34D434EBB7A964698E,SRC-RAW-CE34D434EBB7A964698E,POWER,expert_scope,315,VOC,reported_total,expert_led_workbook,66256.01283172499,397.53607699034296,NA,NA,NA,NA,NA,NA,NA,NA,NA,
SRC-RAW-CE34D434EBB7A964698E,SRC-RAW-CE34D434EBB7A964698E,POWER,expert_scope,315,PM10,reported_total,expert_led_workbook,17284.177260449997,293.8310134276502,NA,NA,NA,NA,NA,NA,NA,NA,NA,
SRC-RAW-CE34D434EBB7A964698E,SRC-RAW-CE34D434EBB7A964698E,POWER,expert_scope,315,PM2.5,reported_total,expert_led_workbook,34.568354520899994,0.5876620268553004,NA,NA,NA,NA,NA,NA,NA,NA,NA,
SRC-RAW-CE34D434EBB7A964698E,SRC-RAW-CE34D434EBB7A964698E,POWER,expert_scope,315,BC,reported_total,expert_led_workbook,0.0,0.0,NA,NA,NA,NA,NA,NA,NA,NA,NA,
SRC-RAW-CE34D434EBB7A964698E,SRC-RAW-CE34D434EBB7A964698E,POWER,expert_scope,315,OC,reported_total,expert_led_workbook,108.96250439999999,108.96250439999999,NA,NA,NA,NA,NA,NA,NA,NA,NA,
SRC-RAW-CE34D434EBB7A964698E,SRC-RAW-CE34D434EBB7A964698E,POWER,expert_scope,315,NH3,reported_total,expert_led_workbook,0.0,0.0,NA,NA,NA,NA,NA,NA,NA,NA,NA,
SRC-RAW-3896CD0BD2F11CDF01C1,SRC-RAW-3896CD0BD2F11CDF01C1,POWER,expert_scope,316,SO2,reported_total,expert_led_workbook,29573.427918999994,621.0419862989971,NA,NA,NA,NA,NA,NA,NA,NA,NA,
SRC-RAW-3896CD0BD2F11CDF01C1,SRC-RAW-3896CD0BD2F11CDF01C1,POWER,expert_scope,316,NOx,reported_total,expert_led_workbook,17918.0180921,2737.873164472881,NA,NA,NA,NA,NA,NA,NA,NA,NA,
SRC-RAW-3896CD0BD2F11CDF01C1,SRC-RAW-3896CD0BD2F11CDF01C1,POWER,expert_scope,316,CO,reported_total,expert_led_workbook,4970.324019999999,4970.324019999999,NA,NA,NA,NA,NA,NA,NA,NA,NA,
SRC-RAW-3896CD0BD2F11CDF01C1,SRC-RAW-3896CD0BD2F11CDF01C1,POWER,expert_scope,316,VOC,reported_total,expert_led_workbook,60445.352988224986,362.67211792934353,NA,NA,NA,NA,NA,NA,NA,NA,NA,
SRC-RAW-3896CD0BD2F11CDF01C1,SRC-RAW-3896CD0BD2F11CDF01C1,POWER,expert_scope,316,PM10,reported_total,expert_led_workbook,15768.352953449996,268.06200020865015,NA,NA,NA,NA,NA,NA,NA,NA,NA,
SRC-RAW-3896CD0BD2F11CDF01C1,SRC-RAW-3896CD0BD2F11CDF01C1,POWER,expert_scope,316,PM2.5,reported_total,expert_led_workbook,31.536705906899993,0.5361240004173004,NA,NA,NA,NA,NA,NA,NA,NA,NA,
SRC-RAW-3896CD0BD2F11CDF01C1,SRC-RAW-3896CD0BD2F11CDF01C1,POWER,expert_scope,316,BC,reported_total,expert_led_workbook,0.0,0.0,NA,NA,NA,NA,NA,NA,NA,NA,NA,
SRC-RAW-3896CD0BD2F11CDF01C1,SRC-RAW-3896CD0BD2F11CDF01C1,POWER,expert_scope,316,OC,reported_total,expert_led_workbook,99.4064804,99.4064804,NA,NA,NA,NA,NA,NA,NA,NA,NA,
SRC-RAW-3896CD0BD2F11CDF01C1,SRC-RAW-3896CD0BD2F11CDF01C1,POWER,expert_scope,316,NH3,reported_total,expert_led_workbook,0.0,0.0,NA,NA,NA,NA,NA,NA,NA,NA,NA,
SRC-RAW-C7871EE0D7C55F2FCA07,SRC-RAW-C7871EE0D7C55F2FCA07,POWER,expert_scope,317,SO2,reported_total,expert_led_workbook,0.0168,0.0168,NA,NA,NA,NA,NA,NA,NA,NA,NA,
SRC-RAW-C7871EE0D7C55F2FCA07,SRC-RAW-C7871EE0D7C55F2FCA07,POWER,expert_scope,317,NOx,reported_total,expert_led_workbook,23.625,23.625,NA,NA,NA,NA,NA,NA,NA,NA,NA,
SRC-RAW-C7871EE0D7C55F2FCA07,SRC-RAW-C7871EE0D7C55F2FCA07,POWER,expert_scope,317,CO,reported_total,expert_led_workbook,22.75,22.75,NA,NA,NA,NA,NA,NA,NA,NA,NA,
SRC-RAW-C7871EE0D7C55F2FCA07,SRC-RAW-C7871EE0D7C55F2FCA07,POWER,expert_scope,317,VOC,reported_total,expert_led_workbook,0.525,0.525,NA,NA,NA,NA,NA,NA,NA,NA,NA,
SRC-RAW-C7871EE0D7C55F2FCA07,SRC-RAW-C7871EE0D7C55F2FCA07,POWER,expert_scope,317,PM10,reported_total,expert_led_workbook,0.525,0.525,NA,NA,NA,NA,NA,NA,NA,NA,NA,
SRC-RAW-C7871EE0D7C55F2FCA07,SRC-RAW-C7871EE0D7C55F2FCA07,POWER,expert_scope,317,PM2.5,reported_total,expert_led_workbook,0.0,0.0,NA,NA,NA,NA,NA,NA,NA,NA,NA,
SRC-RAW-C7871EE0D7C55F2FCA07,SRC-RAW-C7871EE0D7C55F2FCA07,POWER,expert_scope,317,BC,reported_total,expert_led_workbook,0.0,0.0,NA,NA,NA,NA,NA,NA,NA,NA,NA,
SRC-RAW-C7871EE0D7C55F2FCA07,SRC-RAW-C7871EE0D7C55F2FCA07,POWER,expert_scope,317,OC,reported_total,expert_led_workbook,0.875,0.875,NA,NA,NA,NA,NA,NA,NA,NA,NA,
SRC-RAW-C7871EE0D7C55F2FCA07,SRC-RAW-C7871EE0D7C55F2FCA07,POWER,expert_scope,317,NH3,reported_total,expert_led_workbook,0.0,0.0,NA,NA,NA,NA,NA,NA,NA,NA,NA,
SRC-RAW-AE7B4509136016638F9B,SRC-RAW-AE7B4509136016638F9B,POWER,expert_scope,318,SO2,reported_total,expert_led_workbook,7.9498392,7.9498392,NA,NA,NA,NA,NA,NA,NA,NA,NA,
SRC-RAW-AE7B4509136016638F9B,SRC-RAW-AE7B4509136016638F9B,POWER,expert_scope,318,NOx,reported_total,expert_led_workbook,536.6141460000001,311.2362046800001,NA,NA,NA,NA,NA,NA,NA,NA,NA,
SRC-RAW-AE7B4509136016638F9B,SRC-RAW-AE7B4509136016638F9B,POWER,expert_scope,318,CO,reported_total,expert_led_workbook,516.739548,516.739548,NA,NA,NA,NA,NA,NA,NA,NA,NA,
SRC-RAW-AE7B4509136016638F9B,SRC-RAW-AE7B4509136016638F9B,POWER,expert_scope,318,VOC,reported_total,expert_led_workbook,11.9247588,11.9247588,NA,NA,NA,NA,NA,NA,NA,NA,NA,
SRC-RAW-AE7B4509136016638F9B,SRC-RAW-AE7B4509136016638F9B,POWER,expert_scope,318,PM10,reported_total,expert_led_workbook,11.9247588,11.9247588,NA,NA,NA,NA,NA,NA,NA,NA,NA,
SRC-RAW-AE7B4509136016638F9B,SRC-RAW-AE7B4509136016638F9B,POWER,expert_scope,318,PM2.5,reported_total,expert_led_workbook,0.0,0.0,NA,NA,NA,NA,NA,NA,NA,NA,NA,
SRC-RAW-AE7B4509136016638F9B,SRC-RAW-AE7B4509136016638F9B,POWER,expert_scope,318,BC,reported_total,expert_led_workbook,0.0,0.0,NA,NA,NA,NA,NA,NA,NA,NA,NA,
SRC-RAW-AE7B4509136016638F9B,SRC-RAW-AE7B4509136016638F9B,POWER,expert_scope,318,OC,reported_total,expert_led_workbook,19.874598000000002,19.874598000000002,NA,NA,NA,NA,NA,NA,NA,NA,NA,
SRC-RAW-AE7B4509136016638F9B,SRC-RAW-AE7B4509136016638F9B,POWER,expert_scope,318,NH3,reported_total,expert_led_workbook,0.0,0.0,NA,NA,NA,NA,NA,NA,NA,NA,NA,
SRC-RAW-020ACE31FC3AE6AD8C1E,SRC-RAW-020ACE31FC3AE6AD8C1E,POWER,expert_scope,319,SO2,reported_total,expert_led_workbook,7.317531799999999,7.317531799999999,NA,NA,NA,NA,NA,NA,NA,NA,NA,
SRC-RAW-020ACE31FC3AE6AD8C1E,SRC-RAW-020ACE31FC3AE6AD8C1E,POWER,expert_scope,319,NOx,reported_total,expert_led_workbook,493.9333965,286.48136997000006,NA,NA,NA,NA,NA,NA,NA,NA,NA,
SRC-RAW-020ACE31FC3AE6AD8C1E,SRC-RAW-020ACE31FC3AE6AD8C1E,POWER,expert_scope,319,CO,reported_total,expert_led_workbook,475.639567,475.639567,NA,NA,NA,NA,NA,NA,NA,NA,NA,
SRC-RAW-020ACE31FC3AE6AD8C1E,SRC-RAW-020ACE31FC3AE6AD8C1E,POWER,expert_scope,319,VOC,reported_total,expert_led_workbook,10.9762977,10.9762977,NA,NA,NA,NA,NA,NA,NA,NA,NA,
SRC-RAW-020ACE31FC3AE6AD8C1E,SRC-RAW-020ACE31FC3AE6AD8C1E,POWER,expert_scope,319,PM10,reported_total,expert_led_workbook,10.9762977,10.9762977,NA,NA,NA,NA,NA,NA,NA,NA,NA,
SRC-RAW-020ACE31FC3AE6AD8C1E,SRC-RAW-020ACE31FC3AE6AD8C1E,POWER,expert_scope,319,PM2.5,reported_total,expert_led_workbook,0.0,0.0,NA,NA,NA,NA,NA,NA,NA,NA,NA,
SRC-RAW-020ACE31FC3AE6AD8C1E,SRC-RAW-020ACE31FC3AE6AD8C1E,POWER,expert_scope,319,BC,reported_total,expert_led_workbook,0.0,0.0,NA,NA,NA,NA,NA,NA,NA,NA,NA,
SRC-RAW-020ACE31FC3AE6AD8C1E,SRC-RAW-020ACE31FC3AE6AD8C1E,POWER,expert_scope,319,OC,reported_total,expert_led_workbook,18.2938295,18.2938295,NA,NA,NA,NA,NA,NA,NA,NA,NA,
SRC-RAW-020ACE31FC3AE6AD8C1E,SRC-RAW-020ACE31FC3AE6AD8C1E,POWER,expert_scope,319,NH3,reported_total,expert_led_workbook,0.0,0.0,NA,NA,NA,NA,NA,NA,NA,NA,NA,
SRC-RAW-8BA6C0021F1DACE6673F,SRC-RAW-8BA6C0021F1DACE6673F,POWER,expert_scope,320,SO2,reported_total,expert_led_workbook,9.307792,9.307792,NA,NA,NA,NA,NA,NA,NA,NA,NA,
SRC-RAW-8BA6C0021F1DACE6673F,SRC-RAW-8BA6C0021F1DACE6673F,POWER,expert_scope,320,NOx,reported_total,expert_led_workbook,628.27596,364.4000568000001,NA,NA,NA,NA,NA,NA,NA,NA,NA,
SRC-RAW-8BA6C0021F1DACE6673F,SRC-RAW-8BA6C0021F1DACE6673F,POWER,expert_scope,320,CO,reported_total,expert_led_workbook,605.00648,605.00648,NA,NA,NA,NA,NA,NA,NA,NA,NA,
SRC-RAW-8BA6C0021F1DACE6673F,SRC-RAW-8BA6C0021F1DACE6673F,POWER,expert_scope,320,VOC,reported_total,expert_led_workbook,13.961688,13.961688,NA,NA,NA,NA,NA,NA,NA,NA,NA,
SRC-RAW-8BA6C0021F1DACE6673F,SRC-RAW-8BA6C0021F1DACE6673F,POWER,expert_scope,320,PM10,reported_total,expert_led_workbook,13.961688,13.961688,NA,NA,NA,NA,NA,NA,NA,NA,NA,
SRC-RAW-8BA6C0021F1DACE6673F,SRC-RAW-8BA6C0021F1DACE6673F,POWER,expert_scope,320,PM2.5,reported_total,expert_led_workbook,0.0,0.0,NA,NA,NA,NA,NA,NA,NA,NA,NA,
SRC-RAW-8BA6C0021F1DACE6673F,SRC-RAW-8BA6C0021F1DACE6673F,POWER,expert_scope,320,BC,reported_total,expert_led_workbook,0.0,0.0,NA,NA,NA,NA,NA,NA,NA,NA,NA,
SRC-RAW-8BA6C0021F1DACE6673F,SRC-RAW-8BA6C0021F1DACE6673F,POWER,expert_scope,320,OC,reported_total,expert_led_workbook,23.26948,23.26948,NA,NA,NA,NA,NA,NA,NA,NA,NA,
SRC-RAW-8BA6C0021F1DACE6673F,SRC-RAW-8BA6C0021F1DACE6673F,POWER,expert_scope,320,NH3,reported_total,expert_led_workbook,0.0,0.0,NA,NA,NA,NA,NA,NA,NA,NA,NA,
SRC-RAW-38B1BEC2FB26872ECDB6,SRC-RAW-38B1BEC2FB26872ECDB6,POWER,expert_scope,321,SO2,reported_total,expert_led_workbook,27.22033,27.22033,NA,NA,NA,NA,NA,NA,NA,NA,NA,
SRC-RAW-38B1BEC2FB26872ECDB6,SRC-RAW-38B1BEC2FB26872ECDB6,POWER,expert_scope,321,NOx,reported_total,expert_led_workbook,1837.372275,1065.6759195000002,NA,NA,NA,NA,NA,NA,NA,NA,NA,
SRC-RAW-38B1BEC2FB26872ECDB6,SRC-RAW-38B1BEC2FB26872ECDB6,POWER,expert_scope,321,CO,reported_total,expert_led_workbook,1769.32145,1769.32145,NA,NA,NA,NA,NA,NA,NA,NA,NA,
SRC-RAW-38B1BEC2FB26872ECDB6,SRC-RAW-38B1BEC2FB26872ECDB6,POWER,expert_scope,321,VOC,reported_total,expert_led_workbook,40.83049499999999,40.83049499999999,NA,NA,NA,NA,NA,NA,NA,NA,NA,
SRC-RAW-38B1BEC2FB26872ECDB6,SRC-RAW-38B1BEC2FB26872ECDB6,POWER,expert_scope,321,PM10,reported_total,expert_led_workbook,40.83049499999999,40.83049499999999,NA,NA,NA,NA,NA,NA,NA,NA,NA,
SRC-RAW-38B1BEC2FB26872ECDB6,SRC-RAW-38B1BEC2FB26872ECDB6,POWER,expert_scope,321,PM2.5,reported_total,expert_led_workbook,0.0,0.0,NA,NA,NA,NA,NA,NA,NA,NA,NA,
SRC-RAW-38B1BEC2FB26872ECDB6,SRC-RAW-38B1BEC2FB26872ECDB6,POWER,expert_scope,321,BC,reported_total,expert_led_workbook,0.0,0.0,NA,NA,NA,NA,NA,NA,NA,NA,NA,
SRC-RAW-38B1BEC2FB26872ECDB6,SRC-RAW-38B1BEC2FB26872ECDB6,POWER,expert_scope,321,OC,reported_total,expert_led_workbook,68.050825,68.050825,NA,NA,NA,NA,NA,NA,NA,NA,NA,
SRC-RAW-38B1BEC2FB26872ECDB6,SRC-RAW-38B1BEC2FB26872ECDB6,POWER,expert_scope,321,NH3,reported_total,expert_led_workbook,0.0,0.0,NA,NA,NA,NA,NA,NA,NA,NA,NA,
SRC-RAW-A714119231352C3701CC,SRC-RAW-A714119231352C3701CC,POWER,expert_scope,322,SO2,reported_total,expert_led_workbook,0.3219475944,0.3219475944,NA,NA,NA,NA,NA,NA,NA,NA,NA,
SRC-RAW-A714119231352C3701CC,SRC-RAW-A714119231352C3701CC,POWER,expert_scope,322,NOx,reported_total,expert_led_workbook,210.98507400000003,210.98507400000003,NA,NA,NA,NA,NA,NA,NA,NA,NA,
SRC-RAW-A714119231352C3701CC,SRC-RAW-A714119231352C3701CC,POWER,expert_scope,322,CO,reported_total,expert_led_workbook,203.170812,203.170812,NA,NA,NA,NA,NA,NA,NA,NA,NA,
SRC-RAW-A714119231352C3701CC,SRC-RAW-A714119231352C3701CC,POWER,expert_scope,322,VOC,reported_total,expert_led_workbook,4.688557199999999,4.688557199999999,NA,NA,NA,NA,NA,NA,NA,NA,NA,
SRC-RAW-A714119231352C3701CC,SRC-RAW-A714119231352C3701CC,POWER,expert_scope,322,PM10,reported_total,expert_led_workbook,4.688557199999999,4.688557199999999,NA,NA,NA,NA,NA,NA,NA,NA,NA,
SRC-RAW-A714119231352C3701CC,SRC-RAW-A714119231352C3701CC,POWER,expert_scope,322,PM2.5,reported_total,expert_led_workbook,0.0,0.0,NA,NA,NA,NA,NA,NA,NA,NA,NA,
SRC-RAW-A714119231352C3701CC,SRC-RAW-A714119231352C3701CC,POWER,expert_scope,322,BC,reported_total,expert_led_workbook,0.0,0.0,NA,NA,NA,NA,NA,NA,NA,NA,NA,
SRC-RAW-A714119231352C3701CC,SRC-RAW-A714119231352C3701CC,POWER,expert_scope,322,OC,reported_total,expert_led_workbook,7.814262,7.814262,NA,NA,NA,NA,NA,NA,NA,NA,NA,
SRC-RAW-A714119231352C3701CC,SRC-RAW-A714119231352C3701CC,POWER,expert_scope,322,NH3,reported_total,expert_led_workbook,0.0,0.0,NA,NA,NA,NA,NA,NA,NA,NA,NA,
SRC-RAW-82119310428DC8DF3F0A,SRC-RAW-82119310428DC8DF3F0A,POWER,expert_scope,323,SO2,reported_total,expert_led_workbook,6.7875057168,6.7875057168,NA,NA,NA,NA,NA,NA,NA,NA,NA,
SRC-RAW-82119310428DC8DF3F0A,SRC-RAW-82119310428DC8DF3F0A,POWER,expert_scope,323,NOx,reported_total,expert_led_workbook,1093.8983269999997,437.5593307999999,NA,NA,NA,NA,NA,NA,NA,NA,NA,
SRC-RAW-82119310428DC8DF3F0A,SRC-RAW-82119310428DC8DF3F0A,POWER,expert_scope,323,CO,reported_total,expert_led_workbook,346.8458110000001,346.8458110000001,NA,NA,NA,NA,NA,NA,NA,NA,NA,
SRC-RAW-82119310428DC8DF3F0A,SRC-RAW-82119310428DC8DF3F0A,POWER,expert_scope,323,VOC,reported_total,expert_led_workbook,8.0041341,8.0041341,NA,NA,NA,NA,NA,NA,NA,NA,NA,
SRC-RAW-82119310428DC8DF3F0A,SRC-RAW-82119310428DC8DF3F0A,POWER,expert_scope,323,PM10,reported_total,expert_led_workbook,8.0041341,8.0041341,NA,NA,NA,NA,NA,NA,NA,NA,NA,
SRC-RAW-82119310428DC8DF3F0A,SRC-RAW-82119310428DC8DF3F0A,POWER,expert_scope,323,PM2.5,reported_total,expert_led_workbook,0.0,0.0,NA,NA,NA,NA,NA,NA,NA,NA,NA,
SRC-RAW-82119310428DC8DF3F0A,SRC-RAW-82119310428DC8DF3F0A,POWER,expert_scope,323,BC,reported_total,expert_led_workbook,0.0,0.0,NA,NA,NA,NA,NA,NA,NA,NA,NA,
SRC-RAW-82119310428DC8DF3F0A,SRC-RAW-82119310428DC8DF3F0A,POWER,expert_scope,323,OC,reported_total,expert_led_workbook,5.3360894,5.3360894,NA,NA,NA,NA,NA,NA,NA,NA,NA,
SRC-RAW-82119310428DC8DF3F0A,SRC-RAW-82119310428DC8DF3F0A,POWER,expert_scope,323,NH3,reported_total,expert_led_workbook,0.0,0.0,NA,NA,NA,NA,NA,NA,NA,NA,NA,
SRC-RAW-68D0B4013C99C4CD0171,SRC-RAW-68D0B4013C99C4CD0171,POWER,expert_scope,324,SO2,reported_total,expert_led_workbook,8.3941335552,8.3941335552,NA,NA,NA,NA,NA,NA,NA,NA,NA,
SRC-RAW-68D0B4013C99C4CD0171,SRC-RAW-68D0B4013C99C4CD0171,POWER,expert_scope,324,NOx,reported_total,expert_led_workbook,1352.8281279999997,541.1312511999998,NA,NA,NA,NA,NA,NA,NA,NA,NA,
SRC-RAW-68D0B4013C99C4CD0171,SRC-RAW-68D0B4013C99C4CD0171,POWER,expert_scope,324,CO,reported_total,expert_led_workbook,428.945504,428.945504,NA,NA,NA,NA,NA,NA,NA,NA,NA,
SRC-RAW-68D0B4013C99C4CD0171,SRC-RAW-68D0B4013C99C4CD0171,POWER,expert_scope,324,VOC,reported_total,expert_led_workbook,9.898742399999998,9.898742399999998,NA,NA,NA,NA,NA,NA,NA,NA,NA,
SRC-RAW-68D0B4013C99C4CD0171,SRC-RAW-68D0B4013C99C4CD0171,POWER,expert_scope,324,PM10,reported_total,expert_led_workbook,9.898742399999998,9.898742399999998,NA,NA,NA,NA,NA,NA,NA,NA,NA,
SRC-RAW-68D0B4013C99C4CD0171,SRC-RAW-68D0B4013C99C4CD0171,POWER,expert_scope,324,PM2.5,reported_total,expert_led_workbook,0.0,0.0,NA,NA,NA,NA,NA,NA,NA,NA,NA,
SRC-RAW-68D0B4013C99C4CD0171,SRC-RAW-68D0B4013C99C4CD0171,POWER,expert_scope,324,BC,reported_total,expert_led_workbook,0.0,0.0,NA,NA,NA,NA,NA,NA,NA,NA,NA,
SRC-RAW-68D0B4013C99C4CD0171,SRC-RAW-68D0B4013C99C4CD0171,POWER,expert_scope,324,OC,reported_total,expert_led_workbook,6.5991615999999995,6.5991615999999995,NA,NA,NA,NA,NA,NA,NA,NA,NA,
SRC-RAW-68D0B4013C99C4CD0171,SRC-RAW-68D0B4013C99C4CD0171,POWER,expert_scope,324,NH3,reported_total,expert_led_workbook,0.0,0.0,NA,NA,NA,NA,NA,NA,NA,NA,NA,
SRC-RAW-41842B71471AFC2B36A2,SRC-RAW-41842B71471AFC2B36A2,POWER,expert_scope,325,SO2,reported_total,expert_led_workbook,2.5191214498,0.25191214498,NA,NA,NA,NA,NA,NA,NA,NA,NA,
SRC-RAW-41842B71471AFC2B36A2,SRC-RAW-41842B71471AFC2B36A2,POWER,expert_scope,325,NOx,reported_total,expert_led_workbook,1348.354823,471.92418804999994,NA,NA,NA,NA,NA,NA,NA,NA,NA,
SRC-RAW-41842B71471AFC2B36A2,SRC-RAW-41842B71471AFC2B36A2,POWER,expert_scope,325,CO,reported_total,expert_led_workbook,427.527139,427.527139,NA,NA,NA,NA,NA,NA,NA,NA,NA,
SRC-RAW-41842B71471AFC2B36A2,SRC-RAW-41842B71471AFC2B36A2,POWER,expert_scope,325,VOC,reported_total,expert_led_workbook,9.866010900000001,0.059196065399998964,NA,NA,NA,NA,NA,NA,NA,NA,NA,
SRC-RAW-41842B71471AFC2B36A2,SRC-RAW-41842B71471AFC2B36A2,POWER,expert_scope,325,PM10,reported_total,expert_led_workbook,9.866010900000001,0.16772218530000016,NA,NA,NA,NA,NA,NA,NA,NA,NA,
SRC-RAW-41842B71471AFC2B36A2,SRC-RAW-41842B71471AFC2B36A2,POWER,expert_scope,325,PM2.5,reported_total,expert_led_workbook,0.0,0.0,NA,NA,NA,NA,NA,NA,NA,NA,NA,
SRC-RAW-41842B71471AFC2B36A2,SRC-RAW-41842B71471AFC2B36A2,POWER,expert_scope,325,BC,reported_total,expert_led_workbook,0.0,0.0,NA,NA,NA,NA,NA,NA,NA,NA,NA,
SRC-RAW-41842B71471AFC2B36A2,SRC-RAW-41842B71471AFC2B36A2,POWER,expert_scope,325,OC,reported_total,expert_led_workbook,6.577340599999999,6.577340599999999,NA,NA,NA,NA,NA,NA,NA,NA,NA,
SRC-RAW-41842B71471AFC2B36A2,SRC-RAW-41842B71471AFC2B36A2,POWER,expert_scope,325,NH3,reported_total,expert_led_workbook,0.0,0.0,NA,NA,NA,NA,NA,NA,NA,NA,NA,
SRC-RAW-1CE9A3E08D2C3E61ADF5,SRC-RAW-1CE9A3E08D2C3E61ADF5,POWER,expert_scope,326,SO2,reported_total,expert_led_workbook,1.5342464482,0.15342464481999996,NA,NA,NA,NA,NA,NA,NA,NA,NA,
SRC-RAW-1CE9A3E08D2C3E61ADF5,SRC-RAW-1CE9A3E08D2C3E61ADF5,POWER,expert_scope,326,NOx,reported_total,expert_led_workbook,821.202407,287.42084244999995,NA,NA,NA,NA,NA,NA,NA,NA,NA,
SRC-RAW-1CE9A3E08D2C3E61ADF5,SRC-RAW-1CE9A3E08D2C3E61ADF5,POWER,expert_scope,326,CO,reported_total,expert_led_workbook,260.381251,260.381251,NA,NA,NA,NA,NA,NA,NA,NA,NA,
SRC-RAW-1CE9A3E08D2C3E61ADF5,SRC-RAW-1CE9A3E08D2C3E61ADF5,POWER,expert_scope,326,VOC,reported_total,expert_led_workbook,6.008798100000001,0.03605278859999937,NA,NA,NA,NA,NA,NA,NA,NA,NA,
SRC-RAW-1CE9A3E08D2C3E61ADF5,SRC-RAW-1CE9A3E08D2C3E61ADF5,POWER,expert_scope,326,PM10,reported_total,expert_led_workbook,6.008798100000001,0.10214956770000011,NA,NA,NA,NA,NA,NA,NA,NA,NA,
SRC-RAW-1CE9A3E08D2C3E61ADF5,SRC-RAW-1CE9A3E08D2C3E61ADF5,POWER,expert_scope,326,PM2.5,reported_total,expert_led_workbook,0.0,0.0,NA,NA,NA,NA,NA,NA,NA,NA,NA,
SRC-RAW-1CE9A3E08D2C3E61ADF5,SRC-RAW-1CE9A3E08D2C3E61ADF5,POWER,expert_scope,326,BC,reported_total,expert_led_workbook,0.0,0.0,NA,NA,NA,NA,NA,NA,NA,NA,NA,
SRC-RAW-1CE9A3E08D2C3E61ADF5,SRC-RAW-1CE9A3E08D2C3E61ADF5,POWER,expert_scope,326,OC,reported_total,expert_led_workbook,4.0058654,4.0058654,NA,NA,NA,NA,NA,NA,NA,NA,NA,
SRC-RAW-1CE9A3E08D2C3E61ADF5,SRC-RAW-1CE9A3E08D2C3E61ADF5,POWER,expert_scope,326,NH3,reported_total,expert_led_workbook,0.0,0.0,NA,NA,NA,NA,NA,NA,NA,NA,NA,
SRC-RAW-968567C43C72F0E8EC36,SRC-RAW-968567C43C72F0E8EC36,POWER,expert_scope,327,SO2,reported_total,expert_led_workbook,795.8349229999999,79.58349229999997,NA,NA,NA,NA,NA,NA,NA,NA,NA,
SRC-RAW-968567C43C72F0E8EC36,SRC-RAW-968567C43C72F0E8EC36,POWER,expert_scope,327,NOx,reported_total,expert_led_workbook,1474.6352984999999,442.39058955,NA,NA,NA,NA,NA,NA,NA,NA,NA,
SRC-RAW-968567C43C72F0E8EC36,SRC-RAW-968567C43C72F0E8EC36,POWER,expert_scope,327,CO,reported_total,expert_led_workbook,360.1063,360.1063,NA,NA,NA,NA,NA,NA,NA,NA,NA,
SRC-RAW-968567C43C72F0E8EC36,SRC-RAW-968567C43C72F0E8EC36,POWER,expert_scope,327,VOC,reported_total,expert_led_workbook,1824.615409344,10.947692456063807,NA,NA,NA,NA,NA,NA,NA,NA,NA,
SRC-RAW-968567C43C72F0E8EC36,SRC-RAW-968567C43C72F0E8EC36,POWER,expert_scope,327,PM10,reported_total,expert_led_workbook,440.424409152,7.487214955584006,NA,NA,NA,NA,NA,NA,NA,NA,NA,
SRC-RAW-968567C43C72F0E8EC36,SRC-RAW-968567C43C72F0E8EC36,POWER,expert_scope,327,PM2.5,reported_total,expert_led_workbook,0.8808488183040001,0.014974429911168015,NA,NA,NA,NA,NA,NA,NA,NA,NA,
SRC-RAW-968567C43C72F0E8EC36,SRC-RAW-968567C43C72F0E8EC36,POWER,expert_scope,327,BC,reported_total,expert_led_workbook,0.0,0.0,NA,NA,NA,NA,NA,NA,NA,NA,NA,
SRC-RAW-968567C43C72F0E8EC36,SRC-RAW-968567C43C72F0E8EC36,POWER,expert_scope,327,OC,reported_total,expert_led_workbook,7.202126,7.202126,NA,NA,NA,NA,NA,NA,NA,NA,NA,
SRC-RAW-968567C43C72F0E8EC36,SRC-RAW-968567C43C72F0E8EC36,POWER,expert_scope,327,NH3,reported_total,expert_led_workbook,0.0,0.0,NA,NA,NA,NA,NA,NA,NA,NA,NA,
SRC-RAW-2764B878824035562904,SRC-RAW-2764B878824035562904,POWER,expert_scope,328,SO2,reported_total,expert_led_workbook,56.477399999999996,5.647739999999998,NA,NA,NA,NA,NA,NA,NA,NA,NA,
SRC-RAW-2764B878824035562904,SRC-RAW-2764B878824035562904,POWER,expert_scope,328,NOx,reported_total,expert_led_workbook,141.74720000000002,28.349439999999998,NA,NA,NA,NA,NA,NA,NA,NA,NA,
SRC-RAW-2764B878824035562904,SRC-RAW-2764B878824035562904,POWER,expert_scope,328,CO,reported_total,expert_led_workbook,31.64,31.64,NA,NA,NA,NA,NA,NA,NA,NA,NA,
SRC-RAW-2764B878824035562904,SRC-RAW-2764B878824035562904,POWER,expert_scope,328,VOC,reported_total,expert_led_workbook,174.703424,1.0482205439999817,NA,NA,NA,NA,NA,NA,NA,NA,NA,
SRC-RAW-2764B878824035562904,SRC-RAW-2764B878824035562904,POWER,expert_scope,328,PM10,reported_total,expert_led_workbook,42.169792000000015,0.7168864640000009,NA,NA,NA,NA,NA,NA,NA,NA,NA,
SRC-RAW-2764B878824035562904,SRC-RAW-2764B878824035562904,POWER,expert_scope,328,PM2.5,reported_total,expert_led_workbook,0.08433958400000004,0.001433772928000002,NA,NA,NA,NA,NA,NA,NA,NA,NA,
SRC-RAW-2764B878824035562904,SRC-RAW-2764B878824035562904,POWER,expert_scope,328,BC,reported_total,expert_led_workbook,0.0,0.0,NA,NA,NA,NA,NA,NA,NA,NA,NA,
SRC-RAW-2764B878824035562904,SRC-RAW-2764B878824035562904,POWER,expert_scope,328,OC,reported_total,expert_led_workbook,0.6328,0.6328,NA,NA,NA,NA,NA,NA,NA,NA,NA,
SRC-RAW-2764B878824035562904,SRC-RAW-2764B878824035562904,POWER,expert_scope,328,NH3,reported_total,expert_led_workbook,0.0,0.0,NA,NA,NA,NA,NA,NA,NA,NA,NA,
SRC-RAW-DC7D44874A7DF9C1D655,SRC-RAW-DC7D44874A7DF9C1D655,POWER,expert_scope,329,SO2,reported_total,expert_led_workbook,56.477399999999996,5.647739999999998,NA,NA,NA,NA,NA,NA,NA,NA,NA,
SRC-RAW-DC7D44874A7DF9C1D655,SRC-RAW-DC7D44874A7DF9C1D655,POWER,expert_scope,329,NOx,reported_total,expert_led_workbook,141.74720000000002,28.349439999999998,NA,NA,NA,NA,NA,NA,NA,NA,NA,
SRC-RAW-DC7D44874A7DF9C1D655,SRC-RAW-DC7D44874A7DF9C1D655,POWER,expert_scope,329,CO,reported_total,expert_led_workbook,31.64,31.64,NA,NA,NA,NA,NA,NA,NA,NA,NA,
SRC-RAW-DC7D44874A7DF9C1D655,SRC-RAW-DC7D44874A7DF9C1D655,POWER,expert_scope,329,VOC,reported_total,expert_led_workbook,172.13425600000002,1.032805535999982,NA,NA,NA,NA,NA,NA,NA,NA,NA,
SRC-RAW-DC7D44874A7DF9C1D655,SRC-RAW-DC7D44874A7DF9C1D655,POWER,expert_scope,329,PM10,reported_total,expert_led_workbook,41.549648000000005,0.7063440160000007,NA,NA,NA,NA,NA,NA,NA,NA,NA,
SRC-RAW-DC7D44874A7DF9C1D655,SRC-RAW-DC7D44874A7DF9C1D655,POWER,expert_scope,329,PM2.5,reported_total,expert_led_workbook,0.08309929600000002,0.0014126880320000014,NA,NA,NA,NA,NA,NA,NA,NA,NA,
SRC-RAW-DC7D44874A7DF9C1D655,SRC-RAW-DC7D44874A7DF9C1D655,POWER,expert_scope,329,BC,reported_total,expert_led_workbook,0.0,0.0,NA,NA,NA,NA,NA,NA,NA,NA,NA,
SRC-RAW-DC7D44874A7DF9C1D655,SRC-RAW-DC7D44874A7DF9C1D655,POWER,expert_scope,329,OC,reported_total,expert_led_workbook,0.6328,0.6328,NA,NA,NA,NA,NA,NA,NA,NA,NA,
SRC-RAW-DC7D44874A7DF9C1D655,SRC-RAW-DC7D44874A7DF9C1D655,POWER,expert_scope,329,NH3,reported_total,expert_led_workbook,0.0,0.0,NA,NA,NA,NA,NA,NA,NA,NA,NA,
SRC-RAW-A2BCB4BCC7E8D5C61FA8,SRC-RAW-A2BCB4BCC7E8D5C61FA8,POWER,expert_scope,330,SO2,reported_total,expert_led_workbook,3.1296e-05,3.1296e-05,NA,NA,NA,NA,NA,NA,NA,NA,NA,
SRC-RAW-A2BCB4BCC7E8D5C61FA8,SRC-RAW-A2BCB4BCC7E8D5C61FA8,POWER,expert_scope,330,NOx,reported_total,expert_led_workbook,0.09839999999999999,0.057072,NA,NA,NA,NA,NA,NA,NA,NA,NA,
SRC-RAW-A2BCB4BCC7E8D5C61FA8,SRC-RAW-A2BCB4BCC7E8D5C61FA8,POWER,expert_scope,330,CO,reported_total,expert_led_workbook,0.0312,0.0312,NA,NA,NA,NA,NA,NA,NA,NA,NA,
SRC-RAW-A2BCB4BCC7E8D5C61FA8,SRC-RAW-A2BCB4BCC7E8D5C61FA8,POWER,expert_scope,330,VOC,reported_total,expert_led_workbook,0.00072,0.00072,NA,NA,NA,NA,NA,NA,NA,NA,NA,
SRC-RAW-A2BCB4BCC7E8D5C61FA8,SRC-RAW-A2BCB4BCC7E8D5C61FA8,POWER,expert_scope,330,PM10,reported_total,expert_led_workbook,0.00072,0.00072,NA,NA,NA,NA,NA,NA,NA,NA,NA,
SRC-RAW-A2BCB4BCC7E8D5C61FA8,SRC-RAW-A2BCB4BCC7E8D5C61FA8,POWER,expert_scope,330,PM2.5,reported_total,expert_led_workbook,0.0,0.0,NA,NA,NA,NA,NA,NA,NA,NA,NA,
SRC-RAW-A2BCB4BCC7E8D5C61FA8,SRC-RAW-A2BCB4BCC7E8D5C61FA8,POWER,expert_scope,330,BC,reported_total,expert_led_workbook,0.0,0.0,NA,NA,NA,NA,NA,NA,NA,NA,NA,
SRC-RAW-A2BCB4BCC7E8D5C61FA8,SRC-RAW-A2BCB4BCC7E8D5C61FA8,POWER,expert_scope,330,OC,reported_total,expert_led_workbook,0.00048,0.00048,NA,NA,NA,NA,NA,NA,NA,NA,NA,
SRC-RAW-A2BCB4BCC7E8D5C61FA8,SRC-RAW-A2BCB4BCC7E8D5C61FA8,POWER,expert_scope,330,NH3,reported_total,expert_led_workbook,0.0,0.0,NA,NA,NA,NA,NA,NA,NA,NA,NA,
SRC-RAW-B501CBF3637ABBD30D63,SRC-RAW-B501CBF3637ABBD30D63,POWER,expert_scope,331,SO2,reported_total,expert_led_workbook,13.4488,13.4488,NA,NA,NA,NA,NA,NA,NA,NA,NA,
SRC-RAW-B501CBF3637ABBD30D63,SRC-RAW-B501CBF3637ABBD30D63,POWER,expert_scope,331,NOx,reported_total,expert_led_workbook,1378.5019999999997,551.4007999999999,NA,NA,NA,NA,NA,NA,NA,NA,NA,
SRC-RAW-B501CBF3637ABBD30D63,SRC-RAW-B501CBF3637ABBD30D63,POWER,expert_scope,331,CO,reported_total,expert_led_workbook,437.086,437.086,NA,NA,NA,NA,NA,NA,NA,NA,NA,
SRC-RAW-B501CBF3637ABBD30D63,SRC-RAW-B501CBF3637ABBD30D63,POWER,expert_scope,331,VOC,reported_total,expert_led_workbook,10.0866,10.0866,NA,NA,NA,NA,NA,NA,NA,NA,NA,
SRC-RAW-B501CBF3637ABBD30D63,SRC-RAW-B501CBF3637ABBD30D63,POWER,expert_scope,331,PM10,reported_total,expert_led_workbook,10.0866,10.0866,NA,NA,NA,NA,NA,NA,NA,NA,NA,
SRC-RAW-B501CBF3637ABBD30D63,SRC-RAW-B501CBF3637ABBD30D63,POWER,expert_scope,331,PM2.5,reported_total,expert_led_workbook,0.0,0.0,NA,NA,NA,NA,NA,NA,NA,NA,NA,
SRC-RAW-B501CBF3637ABBD30D63,SRC-RAW-B501CBF3637ABBD30D63,POWER,expert_scope,331,BC,reported_total,expert_led_workbook,0.0,0.0,NA,NA,NA,NA,NA,NA,NA,NA,NA,
SRC-RAW-B501CBF3637ABBD30D63,SRC-RAW-B501CBF3637ABBD30D63,POWER,expert_scope,331,OC,reported_total,expert_led_workbook,6.724400000000001,6.724400000000001,NA,NA,NA,NA,NA,NA,NA,NA,NA,
SRC-RAW-B501CBF3637ABBD30D63,SRC-RAW-B501CBF3637ABBD30D63,POWER,expert_scope,331,NH3,reported_total,expert_led_workbook,0.0,0.0,NA,NA,NA,NA,NA,NA,NA,NA,NA,
SRC-RAW-83B20122A72152590769,SRC-RAW-83B20122A72152590769,POWER,expert_scope,332,SO2,reported_total,expert_led_workbook,16.6132,16.6132,NA,NA,NA,NA,NA,NA,NA,NA,NA,
SRC-RAW-83B20122A72152590769,SRC-RAW-83B20122A72152590769,POWER,expert_scope,332,NOx,reported_total,expert_led_workbook,1702.853,681.1412,NA,NA,NA,NA,NA,NA,NA,NA,NA,
SRC-RAW-83B20122A72152590769,SRC-RAW-83B20122A72152590769,POWER,expert_scope,332,CO,reported_total,expert_led_workbook,539.929,539.929,NA,NA,NA,NA,NA,NA,NA,NA,NA,
SRC-RAW-83B20122A72152590769,SRC-RAW-83B20122A72152590769,POWER,expert_scope,332,VOC,reported_total,expert_led_workbook,12.4599,12.4599,NA,NA,NA,NA,NA,NA,NA,NA,NA,
SRC-RAW-83B20122A72152590769,SRC-RAW-83B20122A72152590769,POWER,expert_scope,332,PM10,reported_total,expert_led_workbook,12.4599,12.4599,NA,NA,NA,NA,NA,NA,NA,NA,NA,
SRC-RAW-83B20122A72152590769,SRC-RAW-83B20122A72152590769,POWER,expert_scope,332,PM2.5,reported_total,expert_led_workbook,0.0,0.0,NA,NA,NA,NA,NA,NA,NA,NA,NA,
SRC-RAW-83B20122A72152590769,SRC-RAW-83B20122A72152590769,POWER,expert_scope,332,BC,reported_total,expert_led_workbook,0.0,0.0,NA,NA,NA,NA,NA,NA,NA,NA,NA,
SRC-RAW-83B20122A72152590769,SRC-RAW-83B20122A72152590769,POWER,expert_scope,332,OC,reported_total,expert_led_workbook,8.3066,8.3066,NA,NA,NA,NA,NA,NA,NA,NA,NA,
SRC-RAW-83B20122A72152590769,SRC-RAW-83B20122A72152590769,POWER,expert_scope,332,NH3,reported_total,expert_led_workbook,0.0,0.0,NA,NA,NA,NA,NA,NA,NA,NA,NA,
SRC-RAW-300A4DA8087EBD821DD6,SRC-RAW-300A4DA8087EBD821DD6,POWER,expert_scope,333,SO2,reported_total,expert_led_workbook,0.3705142,0.3705142,NA,NA,NA,NA,NA,NA,NA,NA,NA,
SRC-RAW-300A4DA8087EBD821DD6,SRC-RAW-300A4DA8087EBD821DD6,POWER,expert_scope,333,NOx,reported_total,expert_led_workbook,198.31699999999998,115.02386,NA,NA,NA,NA,NA,NA,NA,NA,NA,
SRC-RAW-300A4DA8087EBD821DD6,SRC-RAW-300A4DA8087EBD821DD6,POWER,expert_scope,333,CO,reported_total,expert_led_workbook,62.881,62.881,NA,NA,NA,NA,NA,NA,NA,NA,NA,
SRC-RAW-300A4DA8087EBD821DD6,SRC-RAW-300A4DA8087EBD821DD6,POWER,expert_scope,333,VOC,reported_total,expert_led_workbook,1.4510999999999998,1.4510999999999998,NA,NA,NA,NA,NA,NA,NA,NA,NA,
SRC-RAW-300A4DA8087EBD821DD6,SRC-RAW-300A4DA8087EBD821DD6,POWER,expert_scope,333,PM10,reported_total,expert_led_workbook,1.4510999999999998,1.4510999999999998,NA,NA,NA,NA,NA,NA,NA,NA,NA,
SRC-RAW-300A4DA8087EBD821DD6,SRC-RAW-300A4DA8087EBD821DD6,POWER,expert_scope,333,PM2.5,reported_total,expert_led_workbook,0.0,0.0,NA,NA,NA,NA,NA,NA,NA,NA,NA,
SRC-RAW-300A4DA8087EBD821DD6,SRC-RAW-300A4DA8087EBD821DD6,POWER,expert_scope,333,BC,reported_total,expert_led_workbook,0.0,0.0,NA,NA,NA,NA,NA,NA,NA,NA,NA,
SRC-RAW-300A4DA8087EBD821DD6,SRC-RAW-300A4DA8087EBD821DD6,POWER,expert_scope,333,OC,reported_total,expert_led_workbook,0.9674000000000001,0.9674000000000001,NA,NA,NA,NA,NA,NA,NA,NA,NA,
SRC-RAW-300A4DA8087EBD821DD6,SRC-RAW-300A4DA8087EBD821DD6,POWER,expert_scope,333,NH3,reported_total,expert_led_workbook,0.0,0.0,NA,NA,NA,NA,NA,NA,NA,NA,NA,
SRC-RAW-438BDB6A2B00B0AD76DA,SRC-RAW-438BDB6A2B00B0AD76DA,POWER,expert_scope,334,SO2,reported_total,expert_led_workbook,0.190351,0.190351,NA,NA,NA,NA,NA,NA,NA,NA,NA,
SRC-RAW-438BDB6A2B00B0AD76DA,SRC-RAW-438BDB6A2B00B0AD76DA,POWER,expert_scope,334,NOx,reported_total,expert_led_workbook,101.885,59.09330000000001,NA,NA,NA,NA,NA,NA,NA,NA,NA,
SRC-RAW-438BDB6A2B00B0AD76DA,SRC-RAW-438BDB6A2B00B0AD76DA,POWER,expert_scope,334,CO,reported_total,expert_led_workbook,32.305,32.305,NA,NA,NA,NA,NA,NA,NA,NA,NA,
SRC-RAW-438BDB6A2B00B0AD76DA,SRC-RAW-438BDB6A2B00B0AD76DA,POWER,expert_scope,334,VOC,reported_total,expert_led_workbook,0.7455,0.7455,NA,NA,NA,NA,NA,NA,NA,NA,NA,
SRC-RAW-438BDB6A2B00B0AD76DA,SRC-RAW-438BDB6A2B00B0AD76DA,POWER,expert_scope,334,PM10,reported_total,expert_led_workbook,0.7455,0.7455,NA,NA,NA,NA,NA,NA,NA,NA,NA,
SRC-RAW-438BDB6A2B00B0AD76DA,SRC-RAW-438BDB6A2B00B0AD76DA,POWER,expert_scope,334,PM2.5,reported_total,expert_led_workbook,0.0,0.0,NA,NA,NA,NA,NA,NA,NA,NA,NA,
SRC-RAW-438BDB6A2B00B0AD76DA,SRC-RAW-438BDB6A2B00B0AD76DA,POWER,expert_scope,334,BC,reported_total,expert_led_workbook,0.0,0.0,NA,NA,NA,NA,NA,NA,NA,NA,NA,
SRC-RAW-438BDB6A2B00B0AD76DA,SRC-RAW-438BDB6A2B00B0AD76DA,POWER,expert_scope,334,OC,reported_total,expert_led_workbook,0.497,0.497,NA,NA,NA,NA,NA,NA,NA,NA,NA,
SRC-RAW-438BDB6A2B00B0AD76DA,SRC-RAW-438BDB6A2B00B0AD76DA,POWER,expert_scope,334,NH3,reported_total,expert_led_workbook,0.0,0.0,NA,NA,NA,NA,NA,NA,NA,NA,NA,
SRC-RAW-3F092F03C54106B13AC2,SRC-RAW-3F092F03C54106B13AC2,POWER,expert_scope,335,SO2,reported_total,expert_led_workbook,1.7971892000000003,1.7971892000000003,NA,NA,NA,NA,NA,NA,NA,NA,NA,
SRC-RAW-3F092F03C54106B13AC2,SRC-RAW-3F092F03C54106B13AC2,POWER,expert_scope,335,NOx,reported_total,expert_led_workbook,961.942,557.92636,NA,NA,NA,NA,NA,NA,NA,NA,NA,
SRC-RAW-3F092F03C54106B13AC2,SRC-RAW-3F092F03C54106B13AC2,POWER,expert_scope,335,CO,reported_total,expert_led_workbook,305.006,305.006,NA,NA,NA,NA,NA,NA,NA,NA,NA,
SRC-RAW-3F092F03C54106B13AC2,SRC-RAW-3F092F03C54106B13AC2,POWER,expert_scope,335,VOC,reported_total,expert_led_workbook,7.0386,7.0386,NA,NA,NA,NA,NA,NA,NA,NA,NA,
SRC-RAW-3F092F03C54106B13AC2,SRC-RAW-3F092F03C54106B13AC2,POWER,expert_scope,335,PM10,reported_total,expert_led_workbook,7.0386,7.0386,NA,NA,NA,NA,NA,NA,NA,NA,NA,
SRC-RAW-3F092F03C54106B13AC2,SRC-RAW-3F092F03C54106B13AC2,POWER,expert_scope,335,PM2.5,reported_total,expert_led_workbook,0.0,0.0,NA,NA,NA,NA,NA,NA,NA,NA,NA,
SRC-RAW-3F092F03C54106B13AC2,SRC-RAW-3F092F03C54106B13AC2,POWER,expert_scope,335,BC,reported_total,expert_led_workbook,0.0,0.0,NA,NA,NA,NA,NA,NA,NA,NA,NA,
SRC-RAW-3F092F03C54106B13AC2,SRC-RAW-3F092F03C54106B13AC2,POWER,expert_scope,335,OC,reported_total,expert_led_workbook,4.6924,4.6924,NA,NA,NA,NA,NA,NA,NA,NA,NA,
SRC-RAW-3F092F03C54106B13AC2,SRC-RAW-3F092F03C54106B13AC2,POWER,expert_scope,335,NH3,reported_total,expert_led_workbook,0.0,0.0,NA,NA,NA,NA,NA,NA,NA,NA,NA,
SRC-RAW-2438777211CEFCD5B995,SRC-RAW-2438777211CEFCD5B995,POWER,expert_scope,336,SO2,reported_total,expert_led_workbook,1.6479724,1.6479724,NA,NA,NA,NA,NA,NA,NA,NA,NA,
SRC-RAW-2438777211CEFCD5B995,SRC-RAW-2438777211CEFCD5B995,POWER,expert_scope,336,NOx,reported_total,expert_led_workbook,882.074,511.60292000000004,NA,NA,NA,NA,NA,NA,NA,NA,NA,
SRC-RAW-2438777211CEFCD5B995,SRC-RAW-2438777211CEFCD5B995,POWER,expert_scope,336,CO,reported_total,expert_led_workbook,279.682,279.682,NA,NA,NA,NA,NA,NA,NA,NA,NA,
SRC-RAW-2438777211CEFCD5B995,SRC-RAW-2438777211CEFCD5B995,POWER,expert_scope,336,VOC,reported_total,expert_led_workbook,6.4542,6.4542,NA,NA,NA,NA,NA,NA,NA,NA,NA,
SRC-RAW-2438777211CEFCD5B995,SRC-RAW-2438777211CEFCD5B995,POWER,expert_scope,336,PM10,reported_total,expert_led_workbook,6.4542,6.4542,NA,NA,NA,NA,NA,NA,NA,NA,NA,
SRC-RAW-2438777211CEFCD5B995,SRC-RAW-2438777211CEFCD5B995,POWER,expert_scope,336,PM2.5,reported_total,expert_led_workbook,0.0,0.0,NA,NA,NA,NA,NA,NA,NA,NA,NA,
SRC-RAW-2438777211CEFCD5B995,SRC-RAW-2438777211CEFCD5B995,POWER,expert_scope,336,BC,reported_total,expert_led_workbook,0.0,0.0,NA,NA,NA,NA,NA,NA,NA,NA,NA,
SRC-RAW-2438777211CEFCD5B995,SRC-RAW-2438777211CEFCD5B995,POWER,expert_scope,336,OC,reported_total,expert_led_workbook,4.3028,4.3028,NA,NA,NA,NA,NA,NA,NA,NA,NA,
SRC-RAW-2438777211CEFCD5B995,SRC-RAW-2438777211CEFCD5B995,POWER,expert_scope,336,NH3,reported_total,expert_led_workbook,0.0,0.0,NA,NA,NA,NA,NA,NA,NA,NA,NA,
SRC-RAW-261D4050960B16F27DCB,SRC-RAW-261D4050960B16F27DCB,POWER,expert_scope,337,SO2,reported_total,expert_led_workbook,0.0021448,0.0021448,NA,NA,NA,NA,NA,NA,NA,NA,NA,
SRC-RAW-261D4050960B16F27DCB,SRC-RAW-261D4050960B16F27DCB,POWER,expert_scope,337,NOx,reported_total,expert_led_workbook,1.1479999999999997,0.6658399999999999,NA,NA,NA,NA,NA,NA,NA,NA,NA,
SRC-RAW-261D4050960B16F27DCB,SRC-RAW-261D4050960B16F27DCB,POWER,expert_scope,337,CO,reported_total,expert_led_workbook,0.364,0.364,NA,NA,NA,NA,NA,NA,NA,NA,NA,
SRC-RAW-261D4050960B16F27DCB,SRC-RAW-261D4050960B16F27DCB,POWER,expert_scope,337,VOC,reported_total,expert_led_workbook,0.0084,0.0084,NA,NA,NA,NA,NA,NA,NA,NA,NA,
SRC-RAW-261D4050960B16F27DCB,SRC-RAW-261D4050960B16F27DCB,POWER,expert_scope,337,PM10,reported_total,expert_led_workbook,0.0084,0.0084,NA,NA,NA,NA,NA,NA,NA,NA,NA,
SRC-RAW-261D4050960B16F27DCB,SRC-RAW-261D4050960B16F27DCB,POWER,expert_scope,337,PM2.5,reported_total,expert_led_workbook,0.0,0.0,NA,NA,NA,NA,NA,NA,NA,NA,NA,
SRC-RAW-261D4050960B16F27DCB,SRC-RAW-261D4050960B16F27DCB,POWER,expert_scope,337,BC,reported_total,expert_led_workbook,0.0,0.0,NA,NA,NA,NA,NA,NA,NA,NA,NA,
SRC-RAW-261D4050960B16F27DCB,SRC-RAW-261D4050960B16F27DCB,POWER,expert_scope,337,OC,reported_total,expert_led_workbook,0.005600000000000001,0.005600000000000001,NA,NA,NA,NA,NA,NA,NA,NA,NA,
SRC-RAW-261D4050960B16F27DCB,SRC-RAW-261D4050960B16F27DCB,POWER,expert_scope,337,NH3,reported_total,expert_led_workbook,0.0,0.0,NA,NA,NA,NA,NA,NA,NA,NA,NA,
SRC-RAW-46645C2F24E56918E9CB,SRC-RAW-46645C2F24E56918E9CB,POWER,expert_scope,338,SO2,reported_total,expert_led_workbook,0.036000000000000004,0.036000000000000004,NA,NA,NA,NA,NA,NA,NA,NA,NA,
SRC-RAW-46645C2F24E56918E9CB,SRC-RAW-46645C2F24E56918E9CB,POWER,expert_scope,338,NOx,reported_total,expert_led_workbook,0.1332,0.039304918032786886,NA,NA,NA,NA,NA,NA,NA,NA,NA,
SRC-RAW-46645C2F24E56918E9CB,SRC-RAW-46645C2F24E56918E9CB,POWER,expert_scope,338,CO,reported_total,expert_led_workbook,0.010799999999999999,0.010799999999999999,NA,NA,NA,NA,NA,NA,NA,NA,NA,
SRC-RAW-46645C2F24E56918E9CB,SRC-RAW-46645C2F24E56918E9CB,POWER,expert_scope,338,VOC,reported_total,expert_led_workbook,0.009,0.009,NA,NA,NA,NA,NA,NA,NA,NA,NA,
SRC-RAW-46645C2F24E56918E9CB,SRC-RAW-46645C2F24E56918E9CB,POWER,expert_scope,338,PM10,reported_total,expert_led_workbook,0.009,0.009,NA,NA,NA,NA,NA,NA,NA,NA,NA,
SRC-RAW-46645C2F24E56918E9CB,SRC-RAW-46645C2F24E56918E9CB,POWER,expert_scope,338,PM2.5,reported_total,expert_led_workbook,0.00017999999999999998,0.00017999999999999998,NA,NA,NA,NA,NA,NA,NA,NA,NA,
SRC-RAW-46645C2F24E56918E9CB,SRC-RAW-46645C2F24E56918E9CB,POWER,expert_scope,338,BC,reported_total,expert_led_workbook,0.0007199999999999999,0.0007199999999999999,NA,NA,NA,NA,NA,NA,NA,NA,NA,
SRC-RAW-46645C2F24E56918E9CB,SRC-RAW-46645C2F24E56918E9CB,POWER,expert_scope,338,OC,reported_total,expert_led_workbook,0.00234,0.00234,NA,NA,NA,NA,NA,NA,NA,NA,NA,
SRC-RAW-46645C2F24E56918E9CB,SRC-RAW-46645C2F24E56918E9CB,POWER,expert_scope,338,NH3,reported_total,expert_led_workbook,0.0,0.0,NA,NA,NA,NA,NA,NA,NA,NA,NA,
SRC-RAW-1712D4E3603143978196,SRC-RAW-1712D4E3603143978196,POWER,expert_scope,339,SO2,reported_total,expert_led_workbook,4.032e-05,3.2256000000000004e-05,NA,NA,NA,NA,NA,NA,NA,NA,NA,
SRC-RAW-1712D4E3603143978196,SRC-RAW-1712D4E3603143978196,POWER,expert_scope,339,NOx,reported_total,expert_led_workbook,0.24599999999999997,0.24599999999999997,NA,NA,NA,NA,NA,NA,NA,NA,NA,
SRC-RAW-1712D4E3603143978196,SRC-RAW-1712D4E3603143978196,POWER,expert_scope,339,CO,reported_total,expert_led_workbook,0.078,0.078,NA,NA,NA,NA,NA,NA,NA,NA,NA,
SRC-RAW-1712D4E3603143978196,SRC-RAW-1712D4E3603143978196,POWER,expert_scope,339,VOC,reported_total,expert_led_workbook,0.0018,2.340000000000002e-05,NA,NA,NA,NA,NA,NA,NA,NA,NA,
SRC-RAW-1712D4E3603143978196,SRC-RAW-1712D4E3603143978196,POWER,expert_scope,339,PM10,reported_total,expert_led_workbook,0.0018,5.4000000000000045e-05,NA,NA,NA,NA,NA,NA,NA,NA,NA,
SRC-RAW-1712D4E3603143978196,SRC-RAW-1712D4E3603143978196,POWER,expert_scope,339,PM2.5,reported_total,expert_led_workbook,0.0,0.0,NA,NA,NA,NA,NA,NA,NA,NA,NA,
SRC-RAW-1712D4E3603143978196,SRC-RAW-1712D4E3603143978196,POWER,expert_scope,339,BC,reported_total,expert_led_workbook,0.0,0.0,NA,NA,NA,NA,NA,NA,NA,NA,NA,
SRC-RAW-1712D4E3603143978196,SRC-RAW-1712D4E3603143978196,POWER,expert_scope,339,OC,reported_total,expert_led_workbook,0.0012,0.0012,NA,NA,NA,NA,NA,NA,NA,NA,NA,
SRC-RAW-1712D4E3603143978196,SRC-RAW-1712D4E3603143978196,POWER,expert_scope,339,NH3,reported_total,expert_led_workbook,0.0,0.0,NA,NA,NA,NA,NA,NA,NA,NA,NA,
SRC-RAW-60045BB072B03948CA42,SRC-RAW-60045BB072B03948CA42,POWER,expert_scope,340,SO2,reported_total,expert_led_workbook,0.018359999999999998,0.014688,NA,NA,NA,NA,NA,NA,NA,NA,NA,
SRC-RAW-60045BB072B03948CA42,SRC-RAW-60045BB072B03948CA42,POWER,expert_scope,340,NOx,reported_total,expert_led_workbook,0.02244,0.02244,NA,NA,NA,NA,NA,NA,NA,NA,NA,
SRC-RAW-60045BB072B03948CA42,SRC-RAW-60045BB072B03948CA42,POWER,expert_scope,340,CO,reported_total,expert_led_workbook,0.00216,0.00216,NA,NA,NA,NA,NA,NA,NA,NA,NA,
SRC-RAW-60045BB072B03948CA42,SRC-RAW-60045BB072B03948CA42,POWER,expert_scope,340,VOC,reported_total,expert_led_workbook,0.00102,1.3260000000000012e-05,NA,NA,NA,NA,NA,NA,NA,NA,NA,
SRC-RAW-60045BB072B03948CA42,SRC-RAW-60045BB072B03948CA42,POWER,expert_scope,340,PM10,reported_total,expert_led_workbook,0.00102,3.060000000000003e-05,NA,NA,NA,NA,NA,NA,NA,NA,NA,
SRC-RAW-60045BB072B03948CA42,SRC-RAW-60045BB072B03948CA42,POWER,expert_scope,340,PM2.5,reported_total,expert_led_workbook,0.00011999999999999999,3.600000000000003e-06,NA,NA,NA,NA,NA,NA,NA,NA,NA,
SRC-RAW-60045BB072B03948CA42,SRC-RAW-60045BB072B03948CA42,POWER,expert_scope,340,BC,reported_total,expert_led_workbook,0.00054,1.6200000000000014e-05,NA,NA,NA,NA,NA,NA,NA,NA,NA,
SRC-RAW-60045BB072B03948CA42,SRC-RAW-60045BB072B03948CA42,POWER,expert_scope,340,OC,reported_total,expert_led_workbook,0.198,0.198,NA,NA,NA,NA,NA,NA,NA,NA,NA,
SRC-RAW-60045BB072B03948CA42,SRC-RAW-60045BB072B03948CA42,POWER,expert_scope,340,NH3,reported_total,expert_led_workbook,0.0,0.0,NA,NA,NA,NA,NA,NA,NA,NA,NA,
SRC-RAW-FDB5D229FC4A558FE077,SRC-RAW-FDB5D229FC4A558FE077,POWER,expert_scope,341,SO2,reported_total,expert_led_workbook,0.179932634,0.179932634,NA,NA,NA,NA,NA,NA,NA,NA,NA,
SRC-RAW-FDB5D229FC4A558FE077,SRC-RAW-FDB5D229FC4A558FE077,POWER,expert_scope,341,NOx,reported_total,expert_led_workbook,96.30858999999998,55.85898219999999,NA,NA,NA,NA,NA,NA,NA,NA,NA,
SRC-RAW-FDB5D229FC4A558FE077,SRC-RAW-FDB5D229FC4A558FE077,POWER,expert_scope,341,CO,reported_total,expert_led_workbook,30.53687,30.53687,NA,NA,NA,NA,NA,NA,NA,NA,NA,
SRC-RAW-FDB5D229FC4A558FE077,SRC-RAW-FDB5D229FC4A558FE077,POWER,expert_scope,341,VOC,reported_total,expert_led_workbook,0.7046969999999999,0.7046969999999999,NA,NA,NA,NA,NA,NA,NA,NA,NA,
SRC-RAW-FDB5D229FC4A558FE077,SRC-RAW-FDB5D229FC4A558FE077,POWER,expert_scope,341,PM10,reported_total,expert_led_workbook,0.7046969999999999,0.7046969999999999,NA,NA,NA,NA,NA,NA,NA,NA,NA,
SRC-RAW-FDB5D229FC4A558FE077,SRC-RAW-FDB5D229FC4A558FE077,POWER,expert_scope,341,PM2.5,reported_total,expert_led_workbook,0.0,0.0,NA,NA,NA,NA,NA,NA,NA,NA,NA,
SRC-RAW-FDB5D229FC4A558FE077,SRC-RAW-FDB5D229FC4A558FE077,POWER,expert_scope,341,BC,reported_total,expert_led_workbook,0.0,0.0,NA,NA,NA,NA,NA,NA,NA,NA,NA,
SRC-RAW-FDB5D229FC4A558FE077,SRC-RAW-FDB5D229FC4A558FE077,POWER,expert_scope,341,OC,reported_total,expert_led_workbook,0.469798,0.469798,NA,NA,NA,NA,NA,NA,NA,NA,NA,
SRC-RAW-FDB5D229FC4A558FE077,SRC-RAW-FDB5D229FC4A558FE077,POWER,expert_scope,341,NH3,reported_total,expert_led_workbook,0.0,0.0,NA,NA,NA,NA,NA,NA,NA,NA,NA,
SRC-RAW-F05D274D40AC9B642368,SRC-RAW-F05D274D40AC9B642368,POWER,expert_scope,342,SO2,reported_total,expert_led_workbook,11401.514949999999,570.0757475000005,NA,NA,NA,NA,NA,NA,NA,NA,NA,
SRC-RAW-F05D274D40AC9B642368,SRC-RAW-F05D274D40AC9B642368,POWER,expert_scope,342,NOx,reported_total,expert_led_workbook,5826.00445,873.9006675000002,NA,NA,NA,NA,NA,NA,NA,NA,NA,
SRC-RAW-F05D274D40AC9B642368,SRC-RAW-F05D274D40AC9B642368,POWER,expert_scope,342,CO,reported_total,expert_led_workbook,1616.09,1616.09,NA,NA,NA,NA,NA,NA,NA,NA,NA,
SRC-RAW-F05D274D40AC9B642368,SRC-RAW-F05D274D40AC9B642368,POWER,expert_scope,342,VOC,reported_total,expert_led_workbook,25563.715642500003,153.38229385499733,NA,NA,NA,NA,NA,NA,NA,NA,NA,
SRC-RAW-F05D274D40AC9B642368,SRC-RAW-F05D274D40AC9B642368,POWER,expert_scope,342,PM10,reported_total,expert_led_workbook,6668.795385,113.36952154500011,NA,NA,NA,NA,NA,NA,NA,NA,NA,
SRC-RAW-F05D274D40AC9B642368,SRC-RAW-F05D274D40AC9B642368,POWER,expert_scope,342,PM2.5,reported_total,expert_led_workbook,13.33759077,0.2267390430900002,NA,NA,NA,NA,NA,NA,NA,NA,NA,
SRC-RAW-F05D274D40AC9B642368,SRC-RAW-F05D274D40AC9B642368,POWER,expert_scope,342,BC,reported_total,expert_led_workbook,0.0,0.0,NA,NA,NA,NA,NA,NA,NA,NA,NA,
SRC-RAW-F05D274D40AC9B642368,SRC-RAW-F05D274D40AC9B642368,POWER,expert_scope,342,OC,reported_total,expert_led_workbook,32.321799999999996,32.321799999999996,NA,NA,NA,NA,NA,NA,NA,NA,NA,
SRC-RAW-F05D274D40AC9B642368,SRC-RAW-F05D274D40AC9B642368,POWER,expert_scope,342,NH3,reported_total,expert_led_workbook,0.0,0.0,NA,NA,NA,NA,NA,NA,NA,NA,NA,
SRC-RAW-D4CA402F1C186726C968,SRC-RAW-D4CA402F1C186726C968,POWER,expert_scope,343,SO2,reported_total,expert_led_workbook,11937.991259999999,596.8995630000005,NA,NA,NA,NA,NA,NA,NA,NA,NA,
SRC-RAW-D4CA402F1C186726C968,SRC-RAW-D4CA402F1C186726C968,POWER,expert_scope,343,NOx,reported_total,expert_led_workbook,6100.13586,915.0203790000002,NA,NA,NA,NA,NA,NA,NA,NA,NA,
SRC-RAW-D4CA402F1C186726C968,SRC-RAW-D4CA402F1C186726C968,POWER,expert_scope,343,CO,reported_total,expert_led_workbook,1692.132,1692.132,NA,NA,NA,NA,NA,NA,NA,NA,NA,
SRC-RAW-D4CA402F1C186726C968,SRC-RAW-D4CA402F1C186726C968,POWER,expert_scope,343,VOC,reported_total,expert_led_workbook,26766.567009000006,160.5994020539972,NA,NA,NA,NA,NA,NA,NA,NA,NA,
SRC-RAW-D4CA402F1C186726C968,SRC-RAW-D4CA402F1C186726C968,POWER,expert_scope,343,PM10,reported_total,expert_led_workbook,6982.582698,118.70390586600011,NA,NA,NA,NA,NA,NA,NA,NA,NA,
SRC-RAW-D4CA402F1C186726C968,SRC-RAW-D4CA402F1C186726C968,POWER,expert_scope,343,PM2.5,reported_total,expert_led_workbook,13.965165396,0.2374078117320002,NA,NA,NA,NA,NA,NA,NA,NA,NA,
SRC-RAW-D4CA402F1C186726C968,SRC-RAW-D4CA402F1C186726C968,POWER,expert_scope,343,BC,reported_total,expert_led_workbook,0.0,0.0,NA,NA,NA,NA,NA,NA,NA,NA,NA,
SRC-RAW-D4CA402F1C186726C968,SRC-RAW-D4CA402F1C186726C968,POWER,expert_scope,343,OC,reported_total,expert_led_workbook,33.84264,33.84264,NA,NA,NA,NA,NA,NA,NA,NA,NA,
SRC-RAW-D4CA402F1C186726C968,SRC-RAW-D4CA402F1C186726C968,POWER,expert_scope,343,NH3,reported_total,expert_led_workbook,0.0,0.0,NA,NA,NA,NA,NA,NA,NA,NA,NA,
SRC-RAW-7F67D5F7567694B8061E,SRC-RAW-7F67D5F7567694B8061E,POWER,expert_scope,344,SO2,reported_total,expert_led_workbook,16547.0756096,105.90128390143936,NA,NA,NA,NA,NA,NA,NA,NA,NA,
SRC-RAW-7F67D5F7567694B8061E,SRC-RAW-7F67D5F7567694B8061E,POWER,expert_scope,344,NOx,reported_total,expert_led_workbook,8016.9722280000005,1202.5458342000002,NA,NA,NA,NA,NA,NA,NA,NA,NA,
SRC-RAW-7F67D5F7567694B8061E,SRC-RAW-7F67D5F7567694B8061E,POWER,expert_scope,344,CO,reported_total,expert_led_workbook,2222.684552,2222.684552,NA,NA,NA,NA,NA,NA,NA,NA,NA,
SRC-RAW-7F67D5F7567694B8061E,SRC-RAW-7F67D5F7567694B8061E,POWER,expert_scope,344,VOC,reported_total,expert_led_workbook,32755.965195499997,196.5357911729965,NA,NA,NA,NA,NA,NA,NA,NA,NA,
SRC-RAW-7F67D5F7567694B8061E,SRC-RAW-7F67D5F7567694B8061E,POWER,expert_scope,344,PM10,reported_total,expert_led_workbook,8545.330391,145.2706166470001,NA,NA,NA,NA,NA,NA,NA,NA,NA,
SRC-RAW-7F67D5F7567694B8061E,SRC-RAW-7F67D5F7567694B8061E,POWER,expert_scope,344,PM2.5,reported_total,expert_led_workbook,17.097869061999997,0.29066377405400023,NA,NA,NA,NA,NA,NA,NA,NA,NA,
SRC-RAW-7F67D5F7567694B8061E,SRC-RAW-7F67D5F7567694B8061E,POWER,expert_scope,344,BC,reported_total,expert_led_workbook,0.0320368,0.0005446256000000004,NA,NA,NA,NA,NA,NA,NA,NA,NA,
SRC-RAW-7F67D5F7567694B8061E,SRC-RAW-7F67D5F7567694B8061E,POWER,expert_scope,344,OC,reported_total,expert_led_workbook,44.5481996,44.5481996,NA,NA,NA,NA,NA,NA,NA,NA,NA,
SRC-RAW-7F67D5F7567694B8061E,SRC-RAW-7F67D5F7567694B8061E,POWER,expert_scope,344,NH3,reported_total,expert_led_workbook,0.0,0.0,NA,NA,NA,NA,NA,NA,NA,NA,NA,
SRC-RAW-3DAC9E79EA63416E368D,SRC-RAW-3DAC9E79EA63416E368D,POWER,expert_scope,345,SO2,reported_total,expert_led_workbook,16666.158001800002,106.66341121151937,NA,NA,NA,NA,NA,NA,NA,NA,NA,
SRC-RAW-3DAC9E79EA63416E368D,SRC-RAW-3DAC9E79EA63416E368D,POWER,expert_scope,345,NOx,reported_total,expert_led_workbook,7646.126504,1146.9189756,NA,NA,NA,NA,NA,NA,NA,NA,NA,
SRC-RAW-3DAC9E79EA63416E368D,SRC-RAW-3DAC9E79EA63416E368D,POWER,expert_scope,345,CO,reported_total,expert_led_workbook,2120.035406,2120.035406,NA,NA,NA,NA,NA,NA,NA,NA,NA,
SRC-RAW-3DAC9E79EA63416E368D,SRC-RAW-3DAC9E79EA63416E368D,POWER,expert_scope,345,VOC,reported_total,expert_led_workbook,31280.73539425,187.6844123654967,NA,NA,NA,NA,NA,NA,NA,NA,NA,
SRC-RAW-3DAC9E79EA63416E368D,SRC-RAW-3DAC9E79EA63416E368D,POWER,expert_scope,345,PM10,reported_total,expert_led_workbook,8160.4316935,138.72733878950012,NA,NA,NA,NA,NA,NA,NA,NA,NA,
SRC-RAW-3DAC9E79EA63416E368D,SRC-RAW-3DAC9E79EA63416E368D,POWER,expert_scope,345,PM2.5,reported_total,expert_led_workbook,16.326704477,0.27755397610900023,NA,NA,NA,NA,NA,NA,NA,NA,NA,
SRC-RAW-3DAC9E79EA63416E368D,SRC-RAW-3DAC9E79EA63416E368D,POWER,expert_scope,345,BC,reported_total,expert_led_workbook,0.0259604,0.0004413268000000004,NA,NA,NA,NA,NA,NA,NA,NA,NA,
SRC-RAW-3DAC9E79EA63416E368D,SRC-RAW-3DAC9E79EA63416E368D,POWER,expert_scope,345,OC,reported_total,expert_led_workbook,42.4772913,42.4772913,NA,NA,NA,NA,NA,NA,NA,NA,NA,
SRC-RAW-3DAC9E79EA63416E368D,SRC-RAW-3DAC9E79EA63416E368D,POWER,expert_scope,345,NH3,reported_total,expert_led_workbook,0.0,0.0,NA,NA,NA,NA,NA,NA,NA,NA,NA,
SRC-RAW-E3BC88DFACEAAA1B6157,SRC-RAW-E3BC88DFACEAAA1B6157,POWER,expert_scope,346,SO2,reported_total,expert_led_workbook,19741.464196599998,126.34537085823922,NA,NA,NA,NA,NA,NA,NA,NA,NA,
SRC-RAW-E3BC88DFACEAAA1B6157,SRC-RAW-E3BC88DFACEAAA1B6157,POWER,expert_scope,346,NOx,reported_total,expert_led_workbook,9401.076088,1410.1614132000002,NA,NA,NA,NA,NA,NA,NA,NA,NA,
SRC-RAW-E3BC88DFACEAAA1B6157,SRC-RAW-E3BC88DFACEAAA1B6157,POWER,expert_scope,346,CO,reported_total,expert_led_workbook,2606.945862,2606.945862,NA,NA,NA,NA,NA,NA,NA,NA,NA,
SRC-RAW-E3BC88DFACEAAA1B6157,SRC-RAW-E3BC88DFACEAAA1B6157,POWER,expert_scope,346,VOC,reported_total,expert_led_workbook,38354.42450649999,230.1265470389959,NA,NA,NA,NA,NA,NA,NA,NA,NA,
SRC-RAW-E3BC88DFACEAAA1B6157,SRC-RAW-E3BC88DFACEAAA1B6157,POWER,expert_scope,346,PM10,reported_total,expert_led_workbook,10005.716308,170.09717723600014,NA,NA,NA,NA,NA,NA,NA,NA,NA,
SRC-RAW-E3BC88DFACEAAA1B6157,SRC-RAW-E3BC88DFACEAAA1B6157,POWER,expert_scope,346,PM2.5,reported_total,expert_led_workbook,20.016650545999997,0.34028305928200026,NA,NA,NA,NA,NA,NA,NA,NA,NA,
SRC-RAW-E3BC88DFACEAAA1B6157,SRC-RAW-E3BC88DFACEAAA1B6157,POWER,expert_scope,346,BC,reported_total,expert_led_workbook,0.0231908,0.0003942436000000004,NA,NA,NA,NA,NA,NA,NA,NA,NA,
SRC-RAW-E3BC88DFACEAAA1B6157,SRC-RAW-E3BC88DFACEAAA1B6157,POWER,expert_scope,346,OC,reported_total,expert_led_workbook,52.2073301,52.2073301,NA,NA,NA,NA,NA,NA,NA,NA,NA,
SRC-RAW-E3BC88DFACEAAA1B6157,SRC-RAW-E3BC88DFACEAAA1B6157,POWER,expert_scope,346,NH3,reported_total,expert_led_workbook,0.0,0.0,NA,NA,NA,NA,NA,NA,NA,NA,NA,
SRC-RAW-8E880A58EC31520571BD,SRC-RAW-8E880A58EC31520571BD,POWER,expert_scope,347,SO2,reported_total,expert_led_workbook,529.14897,33.389300007000024,NA,NA,NA,NA,NA,NA,NA,NA,NA,
SRC-RAW-8E880A58EC31520571BD,SRC-RAW-8E880A58EC31520571BD,POWER,expert_scope,347,NOx,reported_total,expert_led_workbook,648.58752,90.80225280000002,NA,NA,NA,NA,NA,NA,NA,NA,NA,
SRC-RAW-8E880A58EC31520571BD,SRC-RAW-8E880A58EC31520571BD,POWER,expert_scope,347,CO,reported_total,expert_led_workbook,144.774,144.774,NA,NA,NA,NA,NA,NA,NA,NA,NA,
SRC-RAW-8E880A58EC31520571BD,SRC-RAW-8E880A58EC31520571BD,POWER,expert_scope,347,VOC,reported_total,expert_led_workbook,2287.64925648,13.725895538879758,NA,NA,NA,NA,NA,NA,NA,NA,NA,
SRC-RAW-8E880A58EC31520571BD,SRC-RAW-8E880A58EC31520571BD,POWER,expert_scope,347,PM10,reported_total,expert_led_workbook,552.1911998400001,9.38725039728001,NA,NA,NA,NA,NA,NA,NA,NA,NA,
SRC-RAW-8E880A58EC31520571BD,SRC-RAW-8E880A58EC31520571BD,POWER,expert_scope,347,PM2.5,reported_total,expert_led_workbook,1.1043823996800002,0.01877450079456002,NA,NA,NA,NA,NA,NA,NA,NA,NA,
SRC-RAW-8E880A58EC31520571BD,SRC-RAW-8E880A58EC31520571BD,POWER,expert_scope,347,BC,reported_total,expert_led_workbook,0.0,0.0,NA,NA,NA,NA,NA,NA,NA,NA,NA,
SRC-RAW-8E880A58EC31520571BD,SRC-RAW-8E880A58EC31520571BD,POWER,expert_scope,347,OC,reported_total,expert_led_workbook,2.89548,2.89548,NA,NA,NA,NA,NA,NA,NA,NA,NA,
SRC-RAW-8E880A58EC31520571BD,SRC-RAW-8E880A58EC31520571BD,POWER,expert_scope,347,NH3,reported_total,expert_led_workbook,0.0,0.0,NA,NA,NA,NA,NA,NA,NA,NA,NA,
SRC-RAW-B156C48CC9B1A481901B,SRC-RAW-B156C48CC9B1A481901B,POWER,expert_scope,348,SO2,reported_total,expert_led_workbook,499.74814999999995,31.534108265000018,NA,NA,NA,NA,NA,NA,NA,NA,NA,
SRC-RAW-B156C48CC9B1A481901B,SRC-RAW-B156C48CC9B1A481901B,POWER,expert_scope,348,NOx,reported_total,expert_led_workbook,612.5504,85.757056,NA,NA,NA,NA,NA,NA,NA,NA,NA,
SRC-RAW-B156C48CC9B1A481901B,SRC-RAW-B156C48CC9B1A481901B,POWER,expert_scope,348,CO,reported_total,expert_led_workbook,136.73,136.73,NA,NA,NA,NA,NA,NA,NA,NA,NA,
SRC-RAW-B156C48CC9B1A481901B,SRC-RAW-B156C48CC9B1A481901B,POWER,expert_scope,348,VOC,reported_total,expert_led_workbook,2160.5418296,12.96325097759977,NA,NA,NA,NA,NA,NA,NA,NA,NA,
SRC-RAW-B156C48CC9B1A481901B,SRC-RAW-B156C48CC9B1A481901B,POWER,expert_scope,348,PM10,reported_total,expert_led_workbook,521.5100968,8.865671645600008,NA,NA,NA,NA,NA,NA,NA,NA,NA,
SRC-RAW-B156C48CC9B1A481901B,SRC-RAW-B156C48CC9B1A481901B,POWER,expert_scope,348,PM2.5,reported_total,expert_led_workbook,1.0430201936,0.017731343291200016,NA,NA,NA,NA,NA,NA,NA,NA,NA,
SRC-RAW-B156C48CC9B1A481901B,SRC-RAW-B156C48CC9B1A481901B,POWER,expert_scope,348,BC,reported_total,expert_led_workbook,0.0,0.0,NA,NA,NA,NA,NA,NA,NA,NA,NA,
SRC-RAW-B156C48CC9B1A481901B,SRC-RAW-B156C48CC9B1A481901B,POWER,expert_scope,348,OC,reported_total,expert_led_workbook,2.7346,2.7346,NA,NA,NA,NA,NA,NA,NA,NA,NA,
SRC-RAW-B156C48CC9B1A481901B,SRC-RAW-B156C48CC9B1A481901B,POWER,expert_scope,348,NH3,reported_total,expert_led_workbook,0.0,0.0,NA,NA,NA,NA,NA,NA,NA,NA,NA,
SRC-RAW-1A6C774067FCCA04A420,SRC-RAW-1A6C774067FCCA04A420,POWER,expert_scope,349,SO2,reported_total,expert_led_workbook,0.06059060000000001,0.003823266860000003,NA,NA,NA,NA,NA,NA,NA,NA,NA,
SRC-RAW-1A6C774067FCCA04A420,SRC-RAW-1A6C774067FCCA04A420,POWER,expert_scope,349,NOx,reported_total,expert_led_workbook,32.431,4.5403400000000005,NA,NA,NA,NA,NA,NA,NA,NA,NA,
SRC-RAW-1A6C774067FCCA04A420,SRC-RAW-1A6C774067FCCA04A420,POWER,expert_scope,349,CO,reported_total,expert_led_workbook,10.283,10.283,NA,NA,NA,NA,NA,NA,NA,NA,NA,
SRC-RAW-1A6C774067FCCA04A420,SRC-RAW-1A6C774067FCCA04A420,POWER,expert_scope,349,VOC,reported_total,expert_led_workbook,0.2373,0.001423799999999975,NA,NA,NA,NA,NA,NA,NA,NA,NA,
SRC-RAW-1A6C774067FCCA04A420,SRC-RAW-1A6C774067FCCA04A420,POWER,expert_scope,349,PM10,reported_total,expert_led_workbook,0.2373,0.004034100000000004,NA,NA,NA,NA,NA,NA,NA,NA,NA,
SRC-RAW-1A6C774067FCCA04A420,SRC-RAW-1A6C774067FCCA04A420,POWER,expert_scope,349,PM2.5,reported_total,expert_led_workbook,0.0,0.0,NA,NA,NA,NA,NA,NA,NA,NA,NA,
SRC-RAW-1A6C774067FCCA04A420,SRC-RAW-1A6C774067FCCA04A420,POWER,expert_scope,349,BC,reported_total,expert_led_workbook,0.0,0.0,NA,NA,NA,NA,NA,NA,NA,NA,NA,
SRC-RAW-1A6C774067FCCA04A420,SRC-RAW-1A6C774067FCCA04A420,POWER,expert_scope,349,OC,reported_total,expert_led_workbook,0.1582,0.1582,NA,NA,NA,NA,NA,NA,NA,NA,NA,
SRC-RAW-1A6C774067FCCA04A420,SRC-RAW-1A6C774067FCCA04A420,POWER,expert_scope,349,NH3,reported_total,expert_led_workbook,0.0,0.0,NA,NA,NA,NA,NA,NA,NA,NA,NA,
SRC-RAW-57E69DC317746C9FB303,SRC-RAW-57E69DC317746C9FB303,POWER,expert_scope,350,SO2,reported_total,expert_led_workbook,0.0630418,0.003977937580000003,NA,NA,NA,NA,NA,NA,NA,NA,NA,
SRC-RAW-57E69DC317746C9FB303,SRC-RAW-57E69DC317746C9FB303,POWER,expert_scope,350,NOx,reported_total,expert_led_workbook,33.743,4.72402,NA,NA,NA,NA,NA,NA,NA,NA,NA,
SRC-RAW-57E69DC317746C9FB303,SRC-RAW-57E69DC317746C9FB303,POWER,expert_scope,350,CO,reported_total,expert_led_workbook,10.699,10.699,NA,NA,NA,NA,NA,NA,NA,NA,NA,
SRC-RAW-57E69DC317746C9FB303,SRC-RAW-57E69DC317746C9FB303,POWER,expert_scope,350,VOC,reported_total,expert_led_workbook,0.24689999999999998,0.0014813999999999739,NA,NA,NA,NA,NA,NA,NA,NA,NA,
SRC-RAW-57E69DC317746C9FB303,SRC-RAW-57E69DC317746C9FB303,POWER,expert_scope,350,PM10,reported_total,expert_led_workbook,0.24689999999999998,0.004197300000000004,NA,NA,NA,NA,NA,NA,NA,NA,NA,
SRC-RAW-57E69DC317746C9FB303,SRC-RAW-57E69DC317746C9FB303,POWER,expert_scope,350,PM2.5,reported_total,expert_led_workbook,0.0,0.0,NA,NA,NA,NA,NA,NA,NA,NA,NA,
SRC-RAW-57E69DC317746C9FB303,SRC-RAW-57E69DC317746C9FB303,POWER,expert_scope,350,BC,reported_total,expert_led_workbook,0.0,0.0,NA,NA,NA,NA,NA,NA,NA,NA,NA,
SRC-RAW-57E69DC317746C9FB303,SRC-RAW-57E69DC317746C9FB303,POWER,expert_scope,350,OC,reported_total,expert_led_workbook,0.1646,0.1646,NA,NA,NA,NA,NA,NA,NA,NA,NA,
SRC-RAW-57E69DC317746C9FB303,SRC-RAW-57E69DC317746C9FB303,POWER,expert_scope,350,NH3,reported_total,expert_led_workbook,0.0,0.0,NA,NA,NA,NA,NA,NA,NA,NA,NA,
SRC-RAW-0EDF476F349CE5ADE9B6,SRC-RAW-0EDF476F349CE5ADE9B6,POWER,expert_scope,351,SO2,reported_total,expert_led_workbook,0.23649790400000004,0.23649790400000004,NA,NA,NA,NA,NA,NA,NA,NA,NA,
SRC-RAW-0EDF476F349CE5ADE9B6,SRC-RAW-0EDF476F349CE5ADE9B6,POWER,expert_scope,351,NOx,reported_total,expert_led_workbook,126.58503999999998,73.4193232,NA,NA,NA,NA,NA,NA,NA,NA,NA,
SRC-RAW-0EDF476F349CE5ADE9B6,SRC-RAW-0EDF476F349CE5ADE9B6,POWER,expert_scope,351,CO,reported_total,expert_led_workbook,40.13672,40.13672,NA,NA,NA,NA,NA,NA,NA,NA,NA,
SRC-RAW-0EDF476F349CE5ADE9B6,SRC-RAW-0EDF476F349CE5ADE9B6,POWER,expert_scope,351,VOC,reported_total,expert_led_workbook,0.926232,0.926232,NA,NA,NA,NA,NA,NA,NA,NA,NA,
SRC-RAW-0EDF476F349CE5ADE9B6,SRC-RAW-0EDF476F349CE5ADE9B6,POWER,expert_scope,351,PM10,reported_total,expert_led_workbook,0.926232,0.926232,NA,NA,NA,NA,NA,NA,NA,NA,NA,
SRC-RAW-0EDF476F349CE5ADE9B6,SRC-RAW-0EDF476F349CE5ADE9B6,POWER,expert_scope,351,PM2.5,reported_total,expert_led_workbook,0.0,0.0,NA,NA,NA,NA,NA,NA,NA,NA,NA,
SRC-RAW-0EDF476F349CE5ADE9B6,SRC-RAW-0EDF476F349CE5ADE9B6,POWER,expert_scope,351,BC,reported_total,expert_led_workbook,0.0,0.0,NA,NA,NA,NA,NA,NA,NA,NA,NA,
SRC-RAW-0EDF476F349CE5ADE9B6,SRC-RAW-0EDF476F349CE5ADE9B6,POWER,expert_scope,351,OC,reported_total,expert_led_workbook,0.617488,0.617488,NA,NA,NA,NA,NA,NA,NA,NA,NA,
SRC-RAW-0EDF476F349CE5ADE9B6,SRC-RAW-0EDF476F349CE5ADE9B6,POWER,expert_scope,351,NH3,reported_total,expert_led_workbook,0.0,0.0,NA,NA,NA,NA,NA,NA,NA,NA,NA,
SRC-RAW-CA1900C60D52D426E520,SRC-RAW-CA1900C60D52D426E520,POWER,expert_scope,352,SO2,reported_total,expert_led_workbook,0.22209787,0.22209787,NA,NA,NA,NA,NA,NA,NA,NA,NA,
SRC-RAW-CA1900C60D52D426E520,SRC-RAW-CA1900C60D52D426E520,POWER,expert_scope,352,NOx,reported_total,expert_led_workbook,118.87744999999998,68.948921,NA,NA,NA,NA,NA,NA,NA,NA,NA,
SRC-RAW-CA1900C60D52D426E520,SRC-RAW-CA1900C60D52D426E520,POWER,expert_scope,352,CO,reported_total,expert_led_workbook,37.69285,37.69285,NA,NA,NA,NA,NA,NA,NA,NA,NA,
SRC-RAW-CA1900C60D52D426E520,SRC-RAW-CA1900C60D52D426E520,POWER,expert_scope,352,VOC,reported_total,expert_led_workbook,0.8698349999999999,0.8698349999999999,NA,NA,NA,NA,NA,NA,NA,NA,NA,
SRC-RAW-CA1900C60D52D426E520,SRC-RAW-CA1900C60D52D426E520,POWER,expert_scope,352,PM10,reported_total,expert_led_workbook,0.8698349999999999,0.8698349999999999,NA,NA,NA,NA,NA,NA,NA,NA,NA,
SRC-RAW-CA1900C60D52D426E520,SRC-RAW-CA1900C60D52D426E520,POWER,expert_scope,352,PM2.5,reported_total,expert_led_workbook,0.0,0.0,NA,NA,NA,NA,NA,NA,NA,NA,NA,
SRC-RAW-CA1900C60D52D426E520,SRC-RAW-CA1900C60D52D426E520,POWER,expert_scope,352,BC,reported_total,expert_led_workbook,0.0,0.0,NA,NA,NA,NA,NA,NA,NA,NA,NA,
SRC-RAW-CA1900C60D52D426E520,SRC-RAW-CA1900C60D52D426E520,POWER,expert_scope,352,OC,reported_total,expert_led_workbook,0.57989,0.57989,NA,NA,NA,NA,NA,NA,NA,NA,NA,
SRC-RAW-CA1900C60D52D426E520,SRC-RAW-CA1900C60D52D426E520,POWER,expert_scope,352,NH3,reported_total,expert_led_workbook,0.0,0.0,NA,NA,NA,NA,NA,NA,NA,NA,NA,
SRC-RAW-94F99811219C7D9F008F,SRC-RAW-94F99811219C7D9F008F,POWER,expert_scope,353,SO2,reported_total,expert_led_workbook,0.0257586,0.02060688,NA,NA,NA,NA,NA,NA,NA,NA,NA,
SRC-RAW-94F99811219C7D9F008F,SRC-RAW-94F99811219C7D9F008F,POWER,expert_scope,353,NOx,reported_total,expert_led_workbook,52.80513,52.80513,NA,NA,NA,NA,NA,NA,NA,NA,NA,
SRC-RAW-94F99811219C7D9F008F,SRC-RAW-94F99811219C7D9F008F,POWER,expert_scope,353,CO,reported_total,expert_led_workbook,16.743090000000002,16.743090000000002,NA,NA,NA,NA,NA,NA,NA,NA,NA,
SRC-RAW-94F99811219C7D9F008F,SRC-RAW-94F99811219C7D9F008F,POWER,expert_scope,353,VOC,reported_total,expert_led_workbook,0.386379,0.005022927000000004,NA,NA,NA,NA,NA,NA,NA,NA,NA,
SRC-RAW-94F99811219C7D9F008F,SRC-RAW-94F99811219C7D9F008F,POWER,expert_scope,353,PM10,reported_total,expert_led_workbook,0.386379,0.011591370000000009,NA,NA,NA,NA,NA,NA,NA,NA,NA,
SRC-RAW-94F99811219C7D9F008F,SRC-RAW-94F99811219C7D9F008F,POWER,expert_scope,353,PM2.5,reported_total,expert_led_workbook,0.0,0.0,NA,NA,NA,NA,NA,NA,NA,NA,NA,
SRC-RAW-94F99811219C7D9F008F,SRC-RAW-94F99811219C7D9F008F,POWER,expert_scope,353,BC,reported_total,expert_led_workbook,0.0,0.0,NA,NA,NA,NA,NA,NA,NA,NA,NA,
SRC-RAW-94F99811219C7D9F008F,SRC-RAW-94F99811219C7D9F008F,POWER,expert_scope,353,OC,reported_total,expert_led_workbook,0.257586,0.257586,NA,NA,NA,NA,NA,NA,NA,NA,NA,
SRC-RAW-94F99811219C7D9F008F,SRC-RAW-94F99811219C7D9F008F,POWER,expert_scope,353,NH3,reported_total,expert_led_workbook,0.0,0.0,NA,NA,NA,NA,NA,NA,NA,NA,NA,
SRC-RAW-3E434F514C6E5005030C,SRC-RAW-3E434F514C6E5005030C,POWER,expert_scope,354,SO2,reported_total,expert_led_workbook,0.0663614,0.053089120000000004,NA,NA,NA,NA,NA,NA,NA,NA,NA,
SRC-RAW-3E434F514C6E5005030C,SRC-RAW-3E434F514C6E5005030C,POWER,expert_scope,354,NOx,reported_total,expert_led_workbook,136.04087,40.81226100000001,NA,NA,NA,NA,NA,NA,NA,NA,NA,
SRC-RAW-3E434F514C6E5005030C,SRC-RAW-3E434F514C6E5005030C,POWER,expert_scope,354,CO,reported_total,expert_led_workbook,43.13491,43.13491,NA,NA,NA,NA,NA,NA,NA,NA,NA,
SRC-RAW-3E434F514C6E5005030C,SRC-RAW-3E434F514C6E5005030C,POWER,expert_scope,354,VOC,reported_total,expert_led_workbook,0.995421,0.012940473000000011,NA,NA,NA,NA,NA,NA,NA,NA,NA,
SRC-RAW-3E434F514C6E5005030C,SRC-RAW-3E434F514C6E5005030C,POWER,expert_scope,354,PM10,reported_total,expert_led_workbook,0.995421,0.029862630000000025,NA,NA,NA,NA,NA,NA,NA,NA,NA,
SRC-RAW-3E434F514C6E5005030C,SRC-RAW-3E434F514C6E5005030C,POWER,expert_scope,354,PM2.5,reported_total,expert_led_workbook,0.0,0.0,NA,NA,NA,NA,NA,NA,NA,NA,NA,
SRC-RAW-3E434F514C6E5005030C,SRC-RAW-3E434F514C6E5005030C,POWER,expert_scope,354,BC,reported_total,expert_led_workbook,0.0,0.0,NA,NA,NA,NA,NA,NA,NA,NA,NA,
SRC-RAW-3E434F514C6E5005030C,SRC-RAW-3E434F514C6E5005030C,POWER,expert_scope,354,OC,reported_total,expert_led_workbook,0.663614,0.663614,NA,NA,NA,NA,NA,NA,NA,NA,NA,
SRC-RAW-3E434F514C6E5005030C,SRC-RAW-3E434F514C6E5005030C,POWER,expert_scope,354,NH3,reported_total,expert_led_workbook,0.0,0.0,NA,NA,NA,NA,NA,NA,NA,NA,NA,
SRC-RAW-4C3B936DAD8DAB4686B4,SRC-RAW-4C3B936DAD8DAB4686B4,POWER,expert_scope,355,SO2,reported_total,expert_led_workbook,1268.74275645,8.881199295150006,NA,NA,NA,NA,NA,NA,NA,NA,NA,
SRC-RAW-4C3B936DAD8DAB4686B4,SRC-RAW-4C3B936DAD8DAB4686B4,POWER,expert_scope,355,NOx,reported_total,expert_led_workbook,1173.1615168,351.94845504000006,NA,NA,NA,NA,NA,NA,NA,NA,NA,
SRC-RAW-4C3B936DAD8DAB4686B4,SRC-RAW-4C3B936DAD8DAB4686B4,POWER,expert_scope,355,CO,reported_total,expert_led_workbook,261.86641000000003,261.86641000000003,NA,NA,NA,NA,NA,NA,NA,NA,NA,
SRC-RAW-4C3B936DAD8DAB4686B4,SRC-RAW-4C3B936DAD8DAB4686B4,POWER,expert_scope,355,VOC,reported_total,expert_led_workbook,3229.9336235348005,6.459867247069607,NA,NA,NA,NA,NA,NA,NA,NA,NA,
SRC-RAW-4C3B936DAD8DAB4686B4,SRC-RAW-4C3B936DAD8DAB4686B4,POWER,expert_scope,355,PM10,reported_total,expert_led_workbook,779.6391505084002,3.1185566020336037,NA,NA,NA,NA,NA,NA,NA,NA,NA,
SRC-RAW-4C3B936DAD8DAB4686B4,SRC-RAW-4C3B936DAD8DAB4686B4,POWER,expert_scope,355,PM2.5,reported_total,expert_led_workbook,1.5592783010168005,0.0062371132040672074,NA,NA,NA,NA,NA,NA,NA,NA,NA,
SRC-RAW-4C3B936DAD8DAB4686B4,SRC-RAW-4C3B936DAD8DAB4686B4,POWER,expert_scope,355,BC,reported_total,expert_led_workbook,0.0,0.0,NA,NA,NA,NA,NA,NA,NA,NA,NA,
SRC-RAW-4C3B936DAD8DAB4686B4,SRC-RAW-4C3B936DAD8DAB4686B4,POWER,expert_scope,355,OC,reported_total,expert_led_workbook,5.2373282,5.2373282,NA,NA,NA,NA,NA,NA,NA,NA,NA,
SRC-RAW-4C3B936DAD8DAB4686B4,SRC-RAW-4C3B936DAD8DAB4686B4,POWER,expert_scope,355,NH3,reported_total,expert_led_workbook,0.0,0.0,NA,NA,NA,NA,NA,NA,NA,NA,NA,
SRC-RAW-B38EDC42BC1BE9A5CAB7,SRC-RAW-B38EDC42BC1BE9A5CAB7,POWER,expert_scope,356,SO2,reported_total,expert_led_workbook,1268.74275645,8.881199295150006,NA,NA,NA,NA,NA,NA,NA,NA,NA,
SRC-RAW-B38EDC42BC1BE9A5CAB7,SRC-RAW-B38EDC42BC1BE9A5CAB7,POWER,expert_scope,356,NOx,reported_total,expert_led_workbook,1173.1615168,351.94845504000006,NA,NA,NA,NA,NA,NA,NA,NA,NA,
SRC-RAW-B38EDC42BC1BE9A5CAB7,SRC-RAW-B38EDC42BC1BE9A5CAB7,POWER,expert_scope,356,CO,reported_total,expert_led_workbook,261.86641000000003,261.86641000000003,NA,NA,NA,NA,NA,NA,NA,NA,NA,
SRC-RAW-B38EDC42BC1BE9A5CAB7,SRC-RAW-B38EDC42BC1BE9A5CAB7,POWER,expert_scope,356,VOC,reported_total,expert_led_workbook,3229.9336235348005,6.459867247069607,NA,NA,NA,NA,NA,NA,NA,NA,NA,
SRC-RAW-B38EDC42BC1BE9A5CAB7,SRC-RAW-B38EDC42BC1BE9A5CAB7,POWER,expert_scope,356,PM10,reported_total,expert_led_workbook,779.6391505084002,3.1185566020336037,NA,NA,NA,NA,NA,NA,NA,NA,NA,
SRC-RAW-B38EDC42BC1BE9A5CAB7,SRC-RAW-B38EDC42BC1BE9A5CAB7,POWER,expert_scope,356,PM2.5,reported_total,expert_led_workbook,1.5592783010168005,0.0062371132040672074,NA,NA,NA,NA,NA,NA,NA,NA,NA,
SRC-RAW-B38EDC42BC1BE9A5CAB7,SRC-RAW-B38EDC42BC1BE9A5CAB7,POWER,expert_scope,356,BC,reported_total,expert_led_workbook,0.0,0.0,NA,NA,NA,NA,NA,NA,NA,NA,NA,
SRC-RAW-B38EDC42BC1BE9A5CAB7,SRC-RAW-B38EDC42BC1BE9A5CAB7,POWER,expert_scope,356,OC,reported_total,expert_led_workbook,5.2373282,5.2373282,NA,NA,NA,NA,NA,NA,NA,NA,NA,
SRC-RAW-B38EDC42BC1BE9A5CAB7,SRC-RAW-B38EDC42BC1BE9A5CAB7,POWER,expert_scope,356,NH3,reported_total,expert_led_workbook,0.0,0.0,NA,NA,NA,NA,NA,NA,NA,NA,NA,
SRC-RAW-67E4013E9CAB14733DE4,SRC-RAW-67E4013E9CAB14733DE4,POWER,expert_scope,357,SO2,reported_total,expert_led_workbook,1268.74275645,8.881199295150006,NA,NA,NA,NA,NA,NA,NA,NA,NA,
SRC-RAW-67E4013E9CAB14733DE4,SRC-RAW-67E4013E9CAB14733DE4,POWER,expert_scope,357,NOx,reported_total,expert_led_workbook,1173.1615168,351.94845504000006,NA,NA,NA,NA,NA,NA,NA,NA,NA,
SRC-RAW-67E4013E9CAB14733DE4,SRC-RAW-67E4013E9CAB14733DE4,POWER,expert_scope,357,CO,reported_total,expert_led_workbook,261.86641000000003,261.86641000000003,NA,NA,NA,NA,NA,NA,NA,NA,NA,
SRC-RAW-67E4013E9CAB14733DE4,SRC-RAW-67E4013E9CAB14733DE4,POWER,expert_scope,357,VOC,reported_total,expert_led_workbook,3229.9336235348005,6.459867247069607,NA,NA,NA,NA,NA,NA,NA,NA,NA,
SRC-RAW-67E4013E9CAB14733DE4,SRC-RAW-67E4013E9CAB14733DE4,POWER,expert_scope,357,PM10,reported_total,expert_led_workbook,779.6391505084002,3.1185566020336037,NA,NA,NA,NA,NA,NA,NA,NA,NA,
SRC-RAW-67E4013E9CAB14733DE4,SRC-RAW-67E4013E9CAB14733DE4,POWER,expert_scope,357,PM2.5,reported_total,expert_led_workbook,1.5592783010168005,0.0062371132040672074,NA,NA,NA,NA,NA,NA,NA,NA,NA,
SRC-RAW-67E4013E9CAB14733DE4,SRC-RAW-67E4013E9CAB14733DE4,POWER,expert_scope,357,BC,reported_total,expert_led_workbook,0.0,0.0,NA,NA,NA,NA,NA,NA,NA,NA,NA,
SRC-RAW-67E4013E9CAB14733DE4,SRC-RAW-67E4013E9CAB14733DE4,POWER,expert_scope,357,OC,reported_total,expert_led_workbook,5.2373282,5.2373282,NA,NA,NA,NA,NA,NA,NA,NA,NA,
SRC-RAW-67E4013E9CAB14733DE4,SRC-RAW-67E4013E9CAB14733DE4,POWER,expert_scope,357,NH3,reported_total,expert_led_workbook,0.0,0.0,NA,NA,NA,NA,NA,NA,NA,NA,NA,
SRC-RAW-EF508FA6E060F8F80BA9,SRC-RAW-EF508FA6E060F8F80BA9,POWER,expert_scope,358,SO2,reported_total,expert_led_workbook,1268.74275645,8.881199295150006,NA,NA,NA,NA,NA,NA,NA,NA,NA,
SRC-RAW-EF508FA6E060F8F80BA9,SRC-RAW-EF508FA6E060F8F80BA9,POWER,expert_scope,358,NOx,reported_total,expert_led_workbook,1173.1615168,351.94845504000006,NA,NA,NA,NA,NA,NA,NA,NA,NA,
SRC-RAW-EF508FA6E060F8F80BA9,SRC-RAW-EF508FA6E060F8F80BA9,POWER,expert_scope,358,CO,reported_total,expert_led_workbook,261.86641000000003,261.86641000000003,NA,NA,NA,NA,NA,NA,NA,NA,NA,
SRC-RAW-EF508FA6E060F8F80BA9,SRC-RAW-EF508FA6E060F8F80BA9,POWER,expert_scope,358,VOC,reported_total,expert_led_workbook,3229.9336235348005,6.459867247069607,NA,NA,NA,NA,NA,NA,NA,NA,NA,
SRC-RAW-EF508FA6E060F8F80BA9,SRC-RAW-EF508FA6E060F8F80BA9,POWER,expert_scope,358,PM10,reported_total,expert_led_workbook,779.6391505084002,3.1185566020336037,NA,NA,NA,NA,NA,NA,NA,NA,NA,
SRC-RAW-EF508FA6E060F8F80BA9,SRC-RAW-EF508FA6E060F8F80BA9,POWER,expert_scope,358,PM2.5,reported_total,expert_led_workbook,1.5592783010168005,0.0062371132040672074,NA,NA,NA,NA,NA,NA,NA,NA,NA,
SRC-RAW-EF508FA6E060F8F80BA9,SRC-RAW-EF508FA6E060F8F80BA9,POWER,expert_scope,358,BC,reported_total,expert_led_workbook,0.0,0.0,NA,NA,NA,NA,NA,NA,NA,NA,NA,
SRC-RAW-EF508FA6E060F8F80BA9,SRC-RAW-EF508FA6E060F8F80BA9,POWER,expert_scope,358,OC,reported_total,expert_led_workbook,5.2373282,5.2373282,NA,NA,NA,NA,NA,NA,NA,NA,NA,
SRC-RAW-EF508FA6E060F8F80BA9,SRC-RAW-EF508FA6E060F8F80BA9,POWER,expert_scope,358,NH3,reported_total,expert_led_workbook,0.0,0.0,NA,NA,NA,NA,NA,NA,NA,NA,NA,
SRC-RAW-F0CA7C9D777FE1734C4F,SRC-RAW-F0CA7C9D777FE1734C4F,POWER,expert_scope,359,SO2,reported_total,expert_led_workbook,286.1932048,18.05879122288001,NA,NA,NA,NA,NA,NA,NA,NA,NA,
SRC-RAW-F0CA7C9D777FE1734C4F,SRC-RAW-F0CA7C9D777FE1734C4F,POWER,expert_scope,359,NOx,reported_total,expert_led_workbook,520.1401856,130.0350464,NA,NA,NA,NA,NA,NA,NA,NA,NA,
SRC-RAW-F0CA7C9D777FE1734C4F,SRC-RAW-F0CA7C9D777FE1734C4F,POWER,expert_scope,359,CO,reported_total,expert_led_workbook,464.41088,464.41088,NA,NA,NA,NA,NA,NA,NA,NA,NA,
SRC-RAW-F0CA7C9D777FE1734C4F,SRC-RAW-F0CA7C9D777FE1734C4F,POWER,expert_scope,359,VOC,reported_total,expert_led_workbook,181.60787462400006,0.36321574924800043,NA,NA,NA,NA,NA,NA,NA,NA,NA,
SRC-RAW-F0CA7C9D777FE1734C4F,SRC-RAW-F0CA7C9D777FE1734C4F,POWER,expert_scope,359,PM10,reported_total,expert_led_workbook,55.032689280000014,0.22013075712000024,NA,NA,NA,NA,NA,NA,NA,NA,NA,
SRC-RAW-F0CA7C9D777FE1734C4F,SRC-RAW-F0CA7C9D777FE1734C4F,POWER,expert_scope,359,PM2.5,reported_total,expert_led_workbook,0.11006537856000002,0.00044026151424000047,NA,NA,NA,NA,NA,NA,NA,NA,NA,
SRC-RAW-F0CA7C9D777FE1734C4F,SRC-RAW-F0CA7C9D777FE1734C4F,POWER,expert_scope,359,BC,reported_total,expert_led_workbook,0.0,0.0,NA,NA,NA,NA,NA,NA,NA,NA,NA,
SRC-RAW-F0CA7C9D777FE1734C4F,SRC-RAW-F0CA7C9D777FE1734C4F,POWER,expert_scope,359,OC,reported_total,expert_led_workbook,2.3220544,2.3220544,NA,NA,NA,NA,NA,NA,NA,NA,NA,
SRC-RAW-F0CA7C9D777FE1734C4F,SRC-RAW-F0CA7C9D777FE1734C4F,POWER,expert_scope,359,NH3,reported_total,expert_led_workbook,0.0,0.0,NA,NA,NA,NA,NA,NA,NA,NA,NA,
SRC-RAW-9C6B4707675ACBC33B55,SRC-RAW-9C6B4707675ACBC33B55,POWER,expert_scope,360,SO2,reported_total,expert_led_workbook,2635.35734,27.93478780400014,NA,NA,NA,NA,NA,NA,NA,NA,NA,
SRC-RAW-9C6B4707675ACBC33B55,SRC-RAW-9C6B4707675ACBC33B55,POWER,expert_scope,360,NOx,reported_total,expert_led_workbook,1803.8809600000002,246.22975104000014,NA,NA,NA,NA,NA,NA,NA,NA,NA,
SRC-RAW-9C6B4707675ACBC33B55,SRC-RAW-9C6B4707675ACBC33B55,POWER,expert_scope,360,CO,reported_total,expert_led_workbook,402.652,402.652,NA,NA,NA,NA,NA,NA,NA,NA,NA,
SRC-RAW-9C6B4707675ACBC33B55,SRC-RAW-9C6B4707675ACBC33B55,POWER,expert_scope,360,VOC,reported_total,expert_led_workbook,7379.8561875000005,44.279137124999224,NA,NA,NA,NA,NA,NA,NA,NA,NA,
SRC-RAW-9C6B4707675ACBC33B55,SRC-RAW-9C6B4707675ACBC33B55,POWER,expert_scope,360,PM10,reported_total,expert_led_workbook,1925.179875,32.72805787500003,NA,NA,NA,NA,NA,NA,NA,NA,NA,
SRC-RAW-9C6B4707675ACBC33B55,SRC-RAW-9C6B4707675ACBC33B55,POWER,expert_scope,360,PM2.5,reported_total,expert_led_workbook,3.85035975,0.06545611575000006,NA,NA,NA,NA,NA,NA,NA,NA,NA,
SRC-RAW-9C6B4707675ACBC33B55,SRC-RAW-9C6B4707675ACBC33B55,POWER,expert_scope,360,BC,reported_total,expert_led_workbook,0.0,0.0,NA,NA,NA,NA,NA,NA,NA,NA,NA,
SRC-RAW-9C6B4707675ACBC33B55,SRC-RAW-9C6B4707675ACBC33B55,POWER,expert_scope,360,OC,reported_total,expert_led_workbook,8.05304,8.05304,NA,NA,NA,NA,NA,NA,NA,NA,NA,
SRC-RAW-9C6B4707675ACBC33B55,SRC-RAW-9C6B4707675ACBC33B55,POWER,expert_scope,360,NH3,reported_total,expert_led_workbook,0.0,0.0,NA,NA,NA,NA,NA,NA,NA,NA,NA,
SRC-RAW-1AF21459EF3A70BEDD8D,SRC-RAW-1AF21459EF3A70BEDD8D,POWER,expert_scope,361,SO2,reported_total,expert_led_workbook,6883.075430000001,105.31105407899987,NA,NA,NA,NA,NA,NA,NA,NA,NA,
SRC-RAW-1AF21459EF3A70BEDD8D,SRC-RAW-1AF21459EF3A70BEDD8D,POWER,expert_scope,361,NOx,reported_total,expert_led_workbook,4306.52313,853.5528843659996,NA,NA,NA,NA,NA,NA,NA,NA,NA,
SRC-RAW-1AF21459EF3A70BEDD8D,SRC-RAW-1AF21459EF3A70BEDD8D,POWER,expert_scope,361,CO,reported_total,expert_led_workbook,1051.654,1051.654,NA,NA,NA,NA,NA,NA,NA,NA,NA,
SRC-RAW-1AF21459EF3A70BEDD8D,SRC-RAW-1AF21459EF3A70BEDD8D,POWER,expert_scope,361,VOC,reported_total,expert_led_workbook,19274.84596875,115.64907581249795,NA,NA,NA,NA,NA,NA,NA,NA,NA,
SRC-RAW-1AF21459EF3A70BEDD8D,SRC-RAW-1AF21459EF3A70BEDD8D,POWER,expert_scope,361,PM10,reported_total,expert_led_workbook,5028.2206875,85.47975168750008,NA,NA,NA,NA,NA,NA,NA,NA,NA,
SRC-RAW-1AF21459EF3A70BEDD8D,SRC-RAW-1AF21459EF3A70BEDD8D,POWER,expert_scope,361,PM2.5,reported_total,expert_led_workbook,10.056441375,0.17095950337500015,NA,NA,NA,NA,NA,NA,NA,NA,NA,
SRC-RAW-1AF21459EF3A70BEDD8D,SRC-RAW-1AF21459EF3A70BEDD8D,POWER,expert_scope,361,BC,reported_total,expert_led_workbook,0.0,0.0,NA,NA,NA,NA,NA,NA,NA,NA,NA,
SRC-RAW-1AF21459EF3A70BEDD8D,SRC-RAW-1AF21459EF3A70BEDD8D,POWER,expert_scope,361,OC,reported_total,expert_led_workbook,21.03308,21.03308,NA,NA,NA,NA,NA,NA,NA,NA,NA,
SRC-RAW-1AF21459EF3A70BEDD8D,SRC-RAW-1AF21459EF3A70BEDD8D,POWER,expert_scope,361,NH3,reported_total,expert_led_workbook,0.0,0.0,NA,NA,NA,NA,NA,NA,NA,NA,NA,
SRC-RAW-4E59EAB4F2E48EC94BEB,SRC-RAW-4E59EAB4F2E48EC94BEB,POWER,expert_scope,362,SO2,reported_total,expert_led_workbook,2087.76424125,21.71274810900016,NA,NA,NA,NA,NA,NA,NA,NA,NA,
SRC-RAW-4E59EAB4F2E48EC94BEB,SRC-RAW-4E59EAB4F2E48EC94BEB,POWER,expert_scope,362,NOx,reported_total,expert_led_workbook,1467.1660864,200.2681707936001,NA,NA,NA,NA,NA,NA,NA,NA,NA,
SRC-RAW-4E59EAB4F2E48EC94BEB,SRC-RAW-4E59EAB4F2E48EC94BEB,POWER,expert_scope,362,CO,reported_total,expert_led_workbook,327.49243,327.49243,NA,NA,NA,NA,NA,NA,NA,NA,NA,
SRC-RAW-4E59EAB4F2E48EC94BEB,SRC-RAW-4E59EAB4F2E48EC94BEB,POWER,expert_scope,362,VOC,reported_total,expert_led_workbook,6767.762062922,40.606572377531286,NA,NA,NA,NA,NA,NA,NA,NA,NA,
SRC-RAW-4E59EAB4F2E48EC94BEB,SRC-RAW-4E59EAB4F2E48EC94BEB,POWER,expert_scope,362,PM10,reported_total,expert_led_workbook,1633.5977393260002,27.771161568542027,NA,NA,NA,NA,NA,NA,NA,NA,NA,
SRC-RAW-4E59EAB4F2E48EC94BEB,SRC-RAW-4E59EAB4F2E48EC94BEB,POWER,expert_scope,362,PM2.5,reported_total,expert_led_workbook,3.2671954786520003,0.05554232313708406,NA,NA,NA,NA,NA,NA,NA,NA,NA,
SRC-RAW-4E59EAB4F2E48EC94BEB,SRC-RAW-4E59EAB4F2E48EC94BEB,POWER,expert_scope,362,BC,reported_total,expert_led_workbook,0.0,0.0,NA,NA,NA,NA,NA,NA,NA,NA,NA,
SRC-RAW-4E59EAB4F2E48EC94BEB,SRC-RAW-4E59EAB4F2E48EC94BEB,POWER,expert_scope,362,OC,reported_total,expert_led_workbook,6.549848600000001,6.549848600000001,NA,NA,NA,NA,NA,NA,NA,NA,NA,
SRC-RAW-4E59EAB4F2E48EC94BEB,SRC-RAW-4E59EAB4F2E48EC94BEB,POWER,expert_scope,362,NH3,reported_total,expert_led_workbook,0.0,0.0,NA,NA,NA,NA,NA,NA,NA,NA,NA,
SRC-RAW-86ECEFDE8206FB409A3D,SRC-RAW-86ECEFDE8206FB409A3D,POWER,expert_scope,363,SO2,reported_total,expert_led_workbook,2087.76424125,21.71274810900016,NA,NA,NA,NA,NA,NA,NA,NA,NA,
SRC-RAW-86ECEFDE8206FB409A3D,SRC-RAW-86ECEFDE8206FB409A3D,POWER,expert_scope,363,NOx,reported_total,expert_led_workbook,1467.1660864,200.2681707936001,NA,NA,NA,NA,NA,NA,NA,NA,NA,
SRC-RAW-86ECEFDE8206FB409A3D,SRC-RAW-86ECEFDE8206FB409A3D,POWER,expert_scope,363,CO,reported_total,expert_led_workbook,327.49243,327.49243,NA,NA,NA,NA,NA,NA,NA,NA,NA,
SRC-RAW-86ECEFDE8206FB409A3D,SRC-RAW-86ECEFDE8206FB409A3D,POWER,expert_scope,363,VOC,reported_total,expert_led_workbook,6767.762062922,40.606572377531286,NA,NA,NA,NA,NA,NA,NA,NA,NA,
SRC-RAW-86ECEFDE8206FB409A3D,SRC-RAW-86ECEFDE8206FB409A3D,POWER,expert_scope,363,PM10,reported_total,expert_led_workbook,1633.5977393260002,27.771161568542027,NA,NA,NA,NA,NA,NA,NA,NA,NA,
SRC-RAW-86ECEFDE8206FB409A3D,SRC-RAW-86ECEFDE8206FB409A3D,POWER,expert_scope,363,PM2.5,reported_total,expert_led_workbook,3.2671954786520003,0.05554232313708406,NA,NA,NA,NA,NA,NA,NA,NA,NA,
SRC-RAW-86ECEFDE8206FB409A3D,SRC-RAW-86ECEFDE8206FB409A3D,POWER,expert_scope,363,BC,reported_total,expert_led_workbook,0.0,0.0,NA,NA,NA,NA,NA,NA,NA,NA,NA,
SRC-RAW-86ECEFDE8206FB409A3D,SRC-RAW-86ECEFDE8206FB409A3D,POWER,expert_scope,363,OC,reported_total,expert_led_workbook,6.549848600000001,6.549848600000001,NA,NA,NA,NA,NA,NA,NA,NA,NA,
SRC-RAW-86ECEFDE8206FB409A3D,SRC-RAW-86ECEFDE8206FB409A3D,POWER,expert_scope,363,NH3,reported_total,expert_led_workbook,0.0,0.0,NA,NA,NA,NA,NA,NA,NA,NA,NA,
SRC-RAW-50F033F252321CC47E7F,SRC-RAW-50F033F252321CC47E7F,POWER,expert_scope,364,SO2,reported_total,expert_led_workbook,3541.6446374999996,36.83310423000027,NA,NA,NA,NA,NA,NA,NA,NA,NA,
SRC-RAW-50F033F252321CC47E7F,SRC-RAW-50F033F252321CC47E7F,POWER,expert_scope,364,NOx,reported_total,expert_led_workbook,2488.8734080000004,339.7312201920002,NA,NA,NA,NA,NA,NA,NA,NA,NA,
SRC-RAW-50F033F252321CC47E7F,SRC-RAW-50F033F252321CC47E7F,POWER,expert_scope,364,CO,reported_total,expert_led_workbook,555.5521,555.5521,NA,NA,NA,NA,NA,NA,NA,NA,NA,
SRC-RAW-50F033F252321CC47E7F,SRC-RAW-50F033F252321CC47E7F,POWER,expert_scope,364,VOC,reported_total,expert_led_workbook,11480.706367339999,68.88423820403878,NA,NA,NA,NA,NA,NA,NA,NA,NA,
SRC-RAW-50F033F252321CC47E7F,SRC-RAW-50F033F252321CC47E7F,POWER,expert_scope,364,PM10,reported_total,expert_led_workbook,2771.2049852200003,47.11048474874005,NA,NA,NA,NA,NA,NA,NA,NA,NA,
SRC-RAW-50F033F252321CC47E7F,SRC-RAW-50F033F252321CC47E7F,POWER,expert_scope,364,PM2.5,reported_total,expert_led_workbook,5.5424099704400005,0.09422096949748009,NA,NA,NA,NA,NA,NA,NA,NA,NA,
SRC-RAW-50F033F252321CC47E7F,SRC-RAW-50F033F252321CC47E7F,POWER,expert_scope,364,BC,reported_total,expert_led_workbook,0.0,0.0,NA,NA,NA,NA,NA,NA,NA,NA,NA,
SRC-RAW-50F033F252321CC47E7F,SRC-RAW-50F033F252321CC47E7F,POWER,expert_scope,364,OC,reported_total,expert_led_workbook,11.111042,11.111042,NA,NA,NA,NA,NA,NA,NA,NA,NA,
SRC-RAW-50F033F252321CC47E7F,SRC-RAW-50F033F252321CC47E7F,POWER,expert_scope,364,NH3,reported_total,expert_led_workbook,0.0,0.0,NA,NA,NA,NA,NA,NA,NA,NA,NA,
SRC-RAW-9738EC4426C00780C8D7,SRC-RAW-9738EC4426C00780C8D7,POWER,expert_scope,365,SO2,reported_total,expert_led_workbook,3895.1309924999996,26.876403848250064,NA,NA,NA,NA,NA,NA,NA,NA,NA,
SRC-RAW-9738EC4426C00780C8D7,SRC-RAW-9738EC4426C00780C8D7,POWER,expert_scope,365,NOx,reported_total,expert_led_workbook,2737.2842112,373.63929482880013,NA,NA,NA,NA,NA,NA,NA,NA,NA,
SRC-RAW-9738EC4426C00780C8D7,SRC-RAW-9738EC4426C00780C8D7,POWER,expert_scope,365,CO,reported_total,expert_led_workbook,611.0009399999999,611.0009399999999,NA,NA,NA,NA,NA,NA,NA,NA,NA,
SRC-RAW-9738EC4426C00780C8D7,SRC-RAW-9738EC4426C00780C8D7,POWER,expert_scope,365,VOC,reported_total,expert_led_workbook,12626.578825476,75.75947295285467,NA,NA,NA,NA,NA,NA,NA,NA,NA,
SRC-RAW-9738EC4426C00780C8D7,SRC-RAW-9738EC4426C00780C8D7,POWER,expert_scope,365,PM10,reported_total,expert_led_workbook,3047.7948889080003,51.812513111436054,NA,NA,NA,NA,NA,NA,NA,NA,NA,
SRC-RAW-9738EC4426C00780C8D7,SRC-RAW-9738EC4426C00780C8D7,POWER,expert_scope,365,PM2.5,reported_total,expert_led_workbook,6.095589777816,0.1036250262228721,NA,NA,NA,NA,NA,NA,NA,NA,NA,
SRC-RAW-9738EC4426C00780C8D7,SRC-RAW-9738EC4426C00780C8D7,POWER,expert_scope,365,BC,reported_total,expert_led_workbook,0.0,0.0,NA,NA,NA,NA,NA,NA,NA,NA,NA,
SRC-RAW-9738EC4426C00780C8D7,SRC-RAW-9738EC4426C00780C8D7,POWER,expert_scope,365,OC,reported_total,expert_led_workbook,12.2200188,12.2200188,NA,NA,NA,NA,NA,NA,NA,NA,NA,
SRC-RAW-9738EC4426C00780C8D7,SRC-RAW-9738EC4426C00780C8D7,POWER,expert_scope,365,NH3,reported_total,expert_led_workbook,0.0,0.0,NA,NA,NA,NA,NA,NA,NA,NA,NA,
SRC-RAW-6E67CE59150CFC30034A,SRC-RAW-6E67CE59150CFC30034A,POWER,expert_scope,366,SO2,reported_total,expert_led_workbook,4088.5804949999997,38.43265665299985,NA,NA,NA,NA,NA,NA,NA,NA,NA,
SRC-RAW-6E67CE59150CFC30034A,SRC-RAW-6E67CE59150CFC30034A,POWER,expert_scope,366,NOx,reported_total,expert_led_workbook,2873.2299008,392.19588145920017,NA,NA,NA,NA,NA,NA,NA,NA,NA,
SRC-RAW-6E67CE59150CFC30034A,SRC-RAW-6E67CE59150CFC30034A,POWER,expert_scope,366,CO,reported_total,expert_led_workbook,641.34596,641.34596,NA,NA,NA,NA,NA,NA,NA,NA,NA,
SRC-RAW-6E67CE59150CFC30034A,SRC-RAW-6E67CE59150CFC30034A,POWER,expert_scope,366,VOC,reported_total,expert_led_workbook,13253.670801784,79.52202481070259,NA,NA,NA,NA,NA,NA,NA,NA,NA,
SRC-RAW-6E67CE59150CFC30034A,SRC-RAW-6E67CE59150CFC30034A,POWER,expert_scope,366,PM10,reported_total,expert_led_workbook,3199.1619176720005,54.385752600424055,NA,NA,NA,NA,NA,NA,NA,NA,NA,
SRC-RAW-6E67CE59150CFC30034A,SRC-RAW-6E67CE59150CFC30034A,POWER,expert_scope,366,PM2.5,reported_total,expert_led_workbook,6.3983238353440015,0.10877150520084812,NA,NA,NA,NA,NA,NA,NA,NA,NA,
SRC-RAW-6E67CE59150CFC30034A,SRC-RAW-6E67CE59150CFC30034A,POWER,expert_scope,366,BC,reported_total,expert_led_workbook,0.0,0.0,NA,NA,NA,NA,NA,NA,NA,NA,NA,
SRC-RAW-6E67CE59150CFC30034A,SRC-RAW-6E67CE59150CFC30034A,POWER,expert_scope,366,OC,reported_total,expert_led_workbook,12.8269192,12.8269192,NA,NA,NA,NA,NA,NA,NA,NA,NA,
SRC-RAW-6E67CE59150CFC30034A,SRC-RAW-6E67CE59150CFC30034A,POWER,expert_scope,366,NH3,reported_total,expert_led_workbook,0.0,0.0,NA,NA,NA,NA,NA,NA,NA,NA,NA,
SRC-RAW-0EB294BC18678FD485D2,SRC-RAW-0EB294BC18678FD485D2,POWER,expert_scope,367,SO2,reported_total,expert_led_workbook,1355.75935,22.50560520999993,NA,NA,NA,NA,NA,NA,NA,NA,NA,
SRC-RAW-0EB294BC18678FD485D2,SRC-RAW-0EB294BC18678FD485D2,POWER,expert_scope,367,NOx,reported_total,expert_led_workbook,1299.2089600000002,392.23118502399996,NA,NA,NA,NA,NA,NA,NA,NA,NA,
SRC-RAW-0EB294BC18678FD485D2,SRC-RAW-0EB294BC18678FD485D2,POWER,expert_scope,367,CO,reported_total,expert_led_workbook,290.002,290.002,NA,NA,NA,NA,NA,NA,NA,NA,NA,
SRC-RAW-0EB294BC18678FD485D2,SRC-RAW-0EB294BC18678FD485D2,POWER,expert_scope,367,VOC,reported_total,expert_led_workbook,6301.4882582400005,37.808929549439334,NA,NA,NA,NA,NA,NA,NA,NA,NA,
SRC-RAW-0EB294BC18678FD485D2,SRC-RAW-0EB294BC18678FD485D2,POWER,expert_scope,367,PM10,reported_total,expert_led_workbook,1521.0488899200002,25.857831128640026,NA,NA,NA,NA,NA,NA,NA,NA,NA,
SRC-RAW-0EB294BC18678FD485D2,SRC-RAW-0EB294BC18678FD485D2,POWER,expert_scope,367,PM2.5,reported_total,expert_led_workbook,3.0420977798400006,0.051715662257280054,NA,NA,NA,NA,NA,NA,NA,NA,NA,
SRC-RAW-0EB294BC18678FD485D2,SRC-RAW-0EB294BC18678FD485D2,POWER,expert_scope,367,BC,reported_total,expert_led_workbook,0.0,0.0,NA,NA,NA,NA,NA,NA,NA,NA,NA,
SRC-RAW-0EB294BC18678FD485D2,SRC-RAW-0EB294BC18678FD485D2,POWER,expert_scope,367,OC,reported_total,expert_led_workbook,5.80004,5.80004,NA,NA,NA,NA,NA,NA,NA,NA,NA,
SRC-RAW-0EB294BC18678FD485D2,SRC-RAW-0EB294BC18678FD485D2,POWER,expert_scope,367,NH3,reported_total,expert_led_workbook,0.0,0.0,NA,NA,NA,NA,NA,NA,NA,NA,NA,
SRC-RAW-03FC74BF2F36C0133C7E,SRC-RAW-03FC74BF2F36C0133C7E,POWER,expert_scope,368,SO2,reported_total,expert_led_workbook,1751.4046,47.11278373999987,NA,NA,NA,NA,NA,NA,NA,NA,NA,
SRC-RAW-03FC74BF2F36C0133C7E,SRC-RAW-03FC74BF2F36C0133C7E,POWER,expert_scope,368,NOx,reported_total,expert_led_workbook,1678.35136,502.3305620480002,NA,NA,NA,NA,NA,NA,NA,NA,NA,
SRC-RAW-03FC74BF2F36C0133C7E,SRC-RAW-03FC74BF2F36C0133C7E,POWER,expert_scope,368,CO,reported_total,expert_led_workbook,374.632,374.632,NA,NA,NA,NA,NA,NA,NA,NA,NA,
SRC-RAW-03FC74BF2F36C0133C7E,SRC-RAW-03FC74BF2F36C0133C7E,POWER,expert_scope,368,VOC,reported_total,expert_led_workbook,8094.79350624,48.568761037439145,NA,NA,NA,NA,NA,NA,NA,NA,NA,
SRC-RAW-03FC74BF2F36C0133C7E,SRC-RAW-03FC74BF2F36C0133C7E,POWER,expert_scope,368,PM10,reported_total,expert_led_workbook,1953.9156739200005,33.21656645664004,NA,NA,NA,NA,NA,NA,NA,NA,NA,
SRC-RAW-03FC74BF2F36C0133C7E,SRC-RAW-03FC74BF2F36C0133C7E,POWER,expert_scope,368,PM2.5,reported_total,expert_led_workbook,3.907831347840001,0.06643313291328008,NA,NA,NA,NA,NA,NA,NA,NA,NA,
SRC-RAW-03FC74BF2F36C0133C7E,SRC-RAW-03FC74BF2F36C0133C7E,POWER,expert_scope,368,BC,reported_total,expert_led_workbook,0.0,0.0,NA,NA,NA,NA,NA,NA,NA,NA,NA,
SRC-RAW-03FC74BF2F36C0133C7E,SRC-RAW-03FC74BF2F36C0133C7E,POWER,expert_scope,368,OC,reported_total,expert_led_workbook,7.492640000000001,7.492640000000001,NA,NA,NA,NA,NA,NA,NA,NA,NA,
SRC-RAW-03FC74BF2F36C0133C7E,SRC-RAW-03FC74BF2F36C0133C7E,POWER,expert_scope,368,NH3,reported_total,expert_led_workbook,0.0,0.0,NA,NA,NA,NA,NA,NA,NA,NA,NA,
SRC-RAW-68D6AFC9CF58B095849A,SRC-RAW-68D6AFC9CF58B095849A,POWER,expert_scope,369,SO2,reported_total,expert_led_workbook,0.000502656,0.000502656,NA,NA,NA,NA,NA,NA,NA,NA,NA,
SRC-RAW-68D6AFC9CF58B095849A,SRC-RAW-68D6AFC9CF58B095849A,POWER,expert_scope,369,NOx,reported_total,expert_led_workbook,2.0204799999999996,1.1718784,NA,NA,NA,NA,NA,NA,NA,NA,NA,
SRC-RAW-68D6AFC9CF58B095849A,SRC-RAW-68D6AFC9CF58B095849A,POWER,expert_scope,369,CO,reported_total,expert_led_workbook,0.6406400000000001,0.6406400000000001,NA,NA,NA,NA,NA,NA,NA,NA,NA,
SRC-RAW-68D6AFC9CF58B095849A,SRC-RAW-68D6AFC9CF58B095849A,POWER,expert_scope,369,VOC,reported_total,expert_led_workbook,0.014784,0.014784,NA,NA,NA,NA,NA,NA,NA,NA,NA,
SRC-RAW-68D6AFC9CF58B095849A,SRC-RAW-68D6AFC9CF58B095849A,POWER,expert_scope,369,PM10,reported_total,expert_led_workbook,0.014784,0.014784,NA,NA,NA,NA,NA,NA,NA,NA,NA,
SRC-RAW-68D6AFC9CF58B095849A,SRC-RAW-68D6AFC9CF58B095849A,POWER,expert_scope,369,PM2.5,reported_total,expert_led_workbook,0.0,0.0,NA,NA,NA,NA,NA,NA,NA,NA,NA,
SRC-RAW-68D6AFC9CF58B095849A,SRC-RAW-68D6AFC9CF58B095849A,POWER,expert_scope,369,BC,reported_total,expert_led_workbook,0.0,0.0,NA,NA,NA,NA,NA,NA,NA,NA,NA,
SRC-RAW-68D6AFC9CF58B095849A,SRC-RAW-68D6AFC9CF58B095849A,POWER,expert_scope,369,OC,reported_total,expert_led_workbook,0.009856,0.009856,NA,NA,NA,NA,NA,NA,NA,NA,NA,
SRC-RAW-68D6AFC9CF58B095849A,SRC-RAW-68D6AFC9CF58B095849A,POWER,expert_scope,369,NH3,reported_total,expert_led_workbook,0.0,0.0,NA,NA,NA,NA,NA,NA,NA,NA,NA,
SRC-RAW-D20D737A22F0DD163F7F,SRC-RAW-D20D737A22F0DD163F7F,POWER,expert_scope,370,SO2,reported_total,expert_led_workbook,189.968625,14.874543337500008,NA,NA,NA,NA,NA,NA,NA,NA,NA,
SRC-RAW-D20D737A22F0DD163F7F,SRC-RAW-D20D737A22F0DD163F7F,POWER,expert_scope,370,NOx,reported_total,expert_led_workbook,433.44000000000005,161.23968000000002,NA,NA,NA,NA,NA,NA,NA,NA,NA,
SRC-RAW-D20D737A22F0DD163F7F,SRC-RAW-D20D737A22F0DD163F7F,POWER,expert_scope,370,CO,reported_total,expert_led_workbook,96.75,96.75,NA,NA,NA,NA,NA,NA,NA,NA,NA,
SRC-RAW-D20D737A22F0DD163F7F,SRC-RAW-D20D737A22F0DD163F7F,POWER,expert_scope,370,VOC,reported_total,expert_led_workbook,3036.3826500000005,6.072765300000007,NA,NA,NA,NA,NA,NA,NA,NA,NA,
SRC-RAW-D20D737A22F0DD163F7F,SRC-RAW-D20D737A22F0DD163F7F,POWER,expert_scope,370,PM10,reported_total,expert_led_workbook,732.9199500000001,2.931679800000003,NA,NA,NA,NA,NA,NA,NA,NA,NA,
SRC-RAW-D20D737A22F0DD163F7F,SRC-RAW-D20D737A22F0DD163F7F,POWER,expert_scope,370,PM2.5,reported_total,expert_led_workbook,1.4658399000000002,0.005863359600000006,NA,NA,NA,NA,NA,NA,NA,NA,NA,
SRC-RAW-D20D737A22F0DD163F7F,SRC-RAW-D20D737A22F0DD163F7F,POWER,expert_scope,370,BC,reported_total,expert_led_workbook,0.0,0.0,NA,NA,NA,NA,NA,NA,NA,NA,NA,
SRC-RAW-D20D737A22F0DD163F7F,SRC-RAW-D20D737A22F0DD163F7F,POWER,expert_scope,370,OC,reported_total,expert_led_workbook,1.935,1.935,NA,NA,NA,NA,NA,NA,NA,NA,NA,
SRC-RAW-D20D737A22F0DD163F7F,SRC-RAW-D20D737A22F0DD163F7F,POWER,expert_scope,370,NH3,reported_total,expert_led_workbook,0.0,0.0,NA,NA,NA,NA,NA,NA,NA,NA,NA,
SRC-RAW-2DDC5871A960FF9A2A44,SRC-RAW-2DDC5871A960FF9A2A44,POWER,expert_scope,371,SO2,reported_total,expert_led_workbook,158.639019,11.850334719299997,NA,NA,NA,NA,NA,NA,NA,NA,NA,
SRC-RAW-2DDC5871A960FF9A2A44,SRC-RAW-2DDC5871A960FF9A2A44,POWER,expert_scope,371,NOx,reported_total,expert_led_workbook,361.95712000000003,132.222935936,NA,NA,NA,NA,NA,NA,NA,NA,NA,
SRC-RAW-2DDC5871A960FF9A2A44,SRC-RAW-2DDC5871A960FF9A2A44,POWER,expert_scope,371,CO,reported_total,expert_led_workbook,80.794,80.794,NA,NA,NA,NA,NA,NA,NA,NA,NA,
SRC-RAW-2DDC5871A960FF9A2A44,SRC-RAW-2DDC5871A960FF9A2A44,POWER,expert_scope,371,VOC,reported_total,expert_led_workbook,2535.6227372000003,5.071245474400005,NA,NA,NA,NA,NA,NA,NA,NA,NA,
SRC-RAW-2DDC5871A960FF9A2A44,SRC-RAW-2DDC5871A960FF9A2A44,POWER,expert_scope,371,PM10,reported_total,expert_led_workbook,612.0468676000002,2.448187470400003,NA,NA,NA,NA,NA,NA,NA,NA,NA,
SRC-RAW-2DDC5871A960FF9A2A44,SRC-RAW-2DDC5871A960FF9A2A44,POWER,expert_scope,371,PM2.5,reported_total,expert_led_workbook,1.2240937352000003,0.004896374940800006,NA,NA,NA,NA,NA,NA,NA,NA,NA,
SRC-RAW-2DDC5871A960FF9A2A44,SRC-RAW-2DDC5871A960FF9A2A44,POWER,expert_scope,371,BC,reported_total,expert_led_workbook,0.0,0.0,NA,NA,NA,NA,NA,NA,NA,NA,NA,
SRC-RAW-2DDC5871A960FF9A2A44,SRC-RAW-2DDC5871A960FF9A2A44,POWER,expert_scope,371,OC,reported_total,expert_led_workbook,1.6158800000000002,1.6158800000000002,NA,NA,NA,NA,NA,NA,NA,NA,NA,
SRC-RAW-2DDC5871A960FF9A2A44,SRC-RAW-2DDC5871A960FF9A2A44,POWER,expert_scope,371,NH3,reported_total,expert_led_workbook,0.0,0.0,NA,NA,NA,NA,NA,NA,NA,NA,NA,
SRC-RAW-B2CE19CB3088CFD86FEA,SRC-RAW-B2CE19CB3088CFD86FEA,POWER,expert_scope,372,SO2,reported_total,expert_led_workbook,471.263562,35.20338808139999,NA,NA,NA,NA,NA,NA,NA,NA,NA,
SRC-RAW-B2CE19CB3088CFD86FEA,SRC-RAW-B2CE19CB3088CFD86FEA,POWER,expert_scope,372,NOx,reported_total,expert_led_workbook,1075.25376,402.359956992,NA,NA,NA,NA,NA,NA,NA,NA,NA,
SRC-RAW-B2CE19CB3088CFD86FEA,SRC-RAW-B2CE19CB3088CFD86FEA,POWER,expert_scope,372,CO,reported_total,expert_led_workbook,240.012,240.012,NA,NA,NA,NA,NA,NA,NA,NA,NA,
SRC-RAW-B2CE19CB3088CFD86FEA,SRC-RAW-B2CE19CB3088CFD86FEA,POWER,expert_scope,372,VOC,reported_total,expert_led_workbook,7532.4886056000005,15.064977211200015,NA,NA,NA,NA,NA,NA,NA,NA,NA,
SRC-RAW-B2CE19CB3088CFD86FEA,SRC-RAW-B2CE19CB3088CFD86FEA,POWER,expert_scope,372,PM10,reported_total,expert_led_workbook,1818.1869048000003,7.272747619200008,NA,NA,NA,NA,NA,NA,NA,NA,NA,
SRC-RAW-B2CE19CB3088CFD86FEA,SRC-RAW-B2CE19CB3088CFD86FEA,POWER,expert_scope,372,PM2.5,reported_total,expert_led_workbook,3.6363738096000007,0.014545495238400015,NA,NA,NA,NA,NA,NA,NA,NA,NA,
SRC-RAW-B2CE19CB3088CFD86FEA,SRC-RAW-B2CE19CB3088CFD86FEA,POWER,expert_scope,372,BC,reported_total,expert_led_workbook,0.0,0.0,NA,NA,NA,NA,NA,NA,NA,NA,NA,
SRC-RAW-B2CE19CB3088CFD86FEA,SRC-RAW-B2CE19CB3088CFD86FEA,POWER,expert_scope,372,OC,reported_total,expert_led_workbook,4.80024,4.80024,NA,NA,NA,NA,NA,NA,NA,NA,NA,
SRC-RAW-B2CE19CB3088CFD86FEA,SRC-RAW-B2CE19CB3088CFD86FEA,POWER,expert_scope,372,NH3,reported_total,expert_led_workbook,0.0,0.0,NA,NA,NA,NA,NA,NA,NA,NA,NA,
SRC-RAW-2E9E05DFFB0A9E979458,SRC-RAW-2E9E05DFFB0A9E979458,POWER,expert_scope,373,SO2,reported_total,expert_led_workbook,669.7105799999999,50.83103302200005,NA,NA,NA,NA,NA,NA,NA,NA,NA,
SRC-RAW-2E9E05DFFB0A9E979458,SRC-RAW-2E9E05DFFB0A9E979458,POWER,expert_scope,373,NOx,reported_total,expert_led_workbook,1528.0384000000001,568.88869632,NA,NA,NA,NA,NA,NA,NA,NA,NA,
SRC-RAW-2E9E05DFFB0A9E979458,SRC-RAW-2E9E05DFFB0A9E979458,POWER,expert_scope,373,CO,reported_total,expert_led_workbook,341.08,341.08,NA,NA,NA,NA,NA,NA,NA,NA,NA,
SRC-RAW-2E9E05DFFB0A9E979458,SRC-RAW-2E9E05DFFB0A9E979458,POWER,expert_scope,373,VOC,reported_total,expert_led_workbook,10704.386504000002,21.408773008000022,NA,NA,NA,NA,NA,NA,NA,NA,NA,
SRC-RAW-2E9E05DFFB0A9E979458,SRC-RAW-2E9E05DFFB0A9E979458,POWER,expert_scope,373,PM10,reported_total,expert_led_workbook,2583.8174320000003,10.33526972800001,NA,NA,NA,NA,NA,NA,NA,NA,NA,
SRC-RAW-2E9E05DFFB0A9E979458,SRC-RAW-2E9E05DFFB0A9E979458,POWER,expert_scope,373,PM2.5,reported_total,expert_led_workbook,5.167634864000001,0.02067053945600002,NA,NA,NA,NA,NA,NA,NA,NA,NA,
SRC-RAW-2E9E05DFFB0A9E979458,SRC-RAW-2E9E05DFFB0A9E979458,POWER,expert_scope,373,BC,reported_total,expert_led_workbook,0.0,0.0,NA,NA,NA,NA,NA,NA,NA,NA,NA,
SRC-RAW-2E9E05DFFB0A9E979458,SRC-RAW-2E9E05DFFB0A9E979458,POWER,expert_scope,373,OC,reported_total,expert_led_workbook,6.8216,6.8216,NA,NA,NA,NA,NA,NA,NA,NA,NA,
SRC-RAW-2E9E05DFFB0A9E979458,SRC-RAW-2E9E05DFFB0A9E979458,POWER,expert_scope,373,NH3,reported_total,expert_led_workbook,0.0,0.0,NA,NA,NA,NA,NA,NA,NA,NA,NA,
SRC-RAW-0A6B927685F1B970E328,SRC-RAW-0A6B927685F1B970E328,POWER,expert_scope,374,SO2,reported_total,expert_led_workbook,61.18083215999999,1.284797475359994,NA,NA,NA,NA,NA,NA,NA,NA,NA,
SRC-RAW-0A6B927685F1B970E328,SRC-RAW-0A6B927685F1B970E328,POWER,expert_scope,374,NOx,reported_total,expert_led_workbook,268.71581184,69.32867945472,NA,NA,NA,NA,NA,NA,NA,NA,NA,
SRC-RAW-0A6B927685F1B970E328,SRC-RAW-0A6B927685F1B970E328,POWER,expert_scope,374,CO,reported_total,expert_led_workbook,59.981207999999995,59.981207999999995,NA,NA,NA,NA,NA,NA,NA,NA,NA,
SRC-RAW-0A6B927685F1B970E328,SRC-RAW-0A6B927685F1B970E328,POWER,expert_scope,374,VOC,reported_total,expert_led_workbook,314.14557877920004,1.884873472675167,NA,NA,NA,NA,NA,NA,NA,NA,NA,
SRC-RAW-0A6B927685F1B970E328,SRC-RAW-0A6B927685F1B970E328,POWER,expert_scope,374,PM10,reported_total,expert_led_workbook,75.82824315360001,1.2890801336112014,NA,NA,NA,NA,NA,NA,NA,NA,NA,
SRC-RAW-0A6B927685F1B970E328,SRC-RAW-0A6B927685F1B970E328,POWER,expert_scope,374,PM2.5,reported_total,expert_led_workbook,0.15165648630720002,0.0025781602672224025,NA,NA,NA,NA,NA,NA,NA,NA,NA,
SRC-RAW-0A6B927685F1B970E328,SRC-RAW-0A6B927685F1B970E328,POWER,expert_scope,374,BC,reported_total,expert_led_workbook,0.0,0.0,NA,NA,NA,NA,NA,NA,NA,NA,NA,
SRC-RAW-0A6B927685F1B970E328,SRC-RAW-0A6B927685F1B970E328,POWER,expert_scope,374,OC,reported_total,expert_led_workbook,1.1996241600000002,1.1996241600000002,NA,NA,NA,NA,NA,NA,NA,NA,NA,
SRC-RAW-0A6B927685F1B970E328,SRC-RAW-0A6B927685F1B970E328,POWER,expert_scope,374,NH3,reported_total,expert_led_workbook,0.0,0.0,NA,NA,NA,NA,NA,NA,NA,NA,NA,
SRC-RAW-7DA4AB14ECE8FBC63033,SRC-RAW-7DA4AB14ECE8FBC63033,POWER,expert_scope,375,SO2,reported_total,expert_led_workbook,175.30788959999998,3.6814656815999833,NA,NA,NA,NA,NA,NA,NA,NA,NA,
SRC-RAW-7DA4AB14ECE8FBC63033,SRC-RAW-7DA4AB14ECE8FBC63033,POWER,expert_scope,375,NOx,reported_total,expert_led_workbook,769.9797504000002,198.65477560320005,NA,NA,NA,NA,NA,NA,NA,NA,NA,
SRC-RAW-7DA4AB14ECE8FBC63033,SRC-RAW-7DA4AB14ECE8FBC63033,POWER,expert_scope,375,CO,reported_total,expert_led_workbook,171.87048000000001,171.87048000000001,NA,NA,NA,NA,NA,NA,NA,NA,NA,
SRC-RAW-7DA4AB14ECE8FBC63033,SRC-RAW-7DA4AB14ECE8FBC63033,POWER,expert_scope,375,VOC,reported_total,expert_led_workbook,900.1544519520002,5.4009267117119055,NA,NA,NA,NA,NA,NA,NA,NA,NA,
SRC-RAW-7DA4AB14ECE8FBC63033,SRC-RAW-7DA4AB14ECE8FBC63033,POWER,expert_scope,375,PM10,reported_total,expert_led_workbook,217.27866081600007,3.6937372338720045,NA,NA,NA,NA,NA,NA,NA,NA,NA,
SRC-RAW-7DA4AB14ECE8FBC63033,SRC-RAW-7DA4AB14ECE8FBC63033,POWER,expert_scope,375,PM2.5,reported_total,expert_led_workbook,0.43455732163200017,0.007387474467744009,NA,NA,NA,NA,NA,NA,NA,NA,NA,
SRC-RAW-7DA4AB14ECE8FBC63033,SRC-RAW-7DA4AB14ECE8FBC63033,POWER,expert_scope,375,BC,reported_total,expert_led_workbook,0.0,0.0,NA,NA,NA,NA,NA,NA,NA,NA,NA,
SRC-RAW-7DA4AB14ECE8FBC63033,SRC-RAW-7DA4AB14ECE8FBC63033,POWER,expert_scope,375,OC,reported_total,expert_led_workbook,3.4374096000000005,3.4374096000000005,NA,NA,NA,NA,NA,NA,NA,NA,NA,
SRC-RAW-7DA4AB14ECE8FBC63033,SRC-RAW-7DA4AB14ECE8FBC63033,POWER,expert_scope,375,NH3,reported_total,expert_led_workbook,0.0,0.0,NA,NA,NA,NA,NA,NA,NA,NA,NA,
SRC-RAW-7F52A95A4890A1EB072F,SRC-RAW-7F52A95A4890A1EB072F,POWER,expert_scope,376,SO2,reported_total,expert_led_workbook,150.53239559999997,3.1611803075999854,NA,NA,NA,NA,NA,NA,NA,NA,NA,
SRC-RAW-7F52A95A4890A1EB072F,SRC-RAW-7F52A95A4890A1EB072F,POWER,expert_scope,376,NOx,reported_total,expert_led_workbook,661.1618944,170.5797687552,NA,NA,NA,NA,NA,NA,NA,NA,NA,
SRC-RAW-7F52A95A4890A1EB072F,SRC-RAW-7F52A95A4890A1EB072F,POWER,expert_scope,376,CO,reported_total,expert_led_workbook,147.58078,147.58078,NA,NA,NA,NA,NA,NA,NA,NA,NA,
SRC-RAW-7F52A95A4890A1EB072F,SRC-RAW-7F52A95A4890A1EB072F,POWER,expert_scope,376,VOC,reported_total,expert_led_workbook,772.9395771720001,4.637637463031919,NA,NA,NA,NA,NA,NA,NA,NA,NA,
SRC-RAW-7F52A95A4890A1EB072F,SRC-RAW-7F52A95A4890A1EB072F,POWER,expert_scope,376,PM10,reported_total,expert_led_workbook,186.57162207600004,3.1717175752920035,NA,NA,NA,NA,NA,NA,NA,NA,NA,
SRC-RAW-7F52A95A4890A1EB072F,SRC-RAW-7F52A95A4890A1EB072F,POWER,expert_scope,376,PM2.5,reported_total,expert_led_workbook,0.37314324415200006,0.006343435150584007,NA,NA,NA,NA,NA,NA,NA,NA,NA,
SRC-RAW-7F52A95A4890A1EB072F,SRC-RAW-7F52A95A4890A1EB072F,POWER,expert_scope,376,BC,reported_total,expert_led_workbook,0.0,0.0,NA,NA,NA,NA,NA,NA,NA,NA,NA,
SRC-RAW-7F52A95A4890A1EB072F,SRC-RAW-7F52A95A4890A1EB072F,POWER,expert_scope,376,OC,reported_total,expert_led_workbook,2.9516156000000002,2.9516156000000002,NA,NA,NA,NA,NA,NA,NA,NA,NA,
SRC-RAW-7F52A95A4890A1EB072F,SRC-RAW-7F52A95A4890A1EB072F,POWER,expert_scope,376,NH3,reported_total,expert_led_workbook,0.0,0.0,NA,NA,NA,NA,NA,NA,NA,NA,NA,
SRC-RAW-625DD65413812610B813,SRC-RAW-625DD65413812610B813,POWER,expert_scope,377,SO2,reported_total,expert_led_workbook,3751.2009599999997,82.1513010240001,NA,NA,NA,NA,NA,NA,NA,NA,NA,
SRC-RAW-625DD65413812610B813,SRC-RAW-625DD65413812610B813,POWER,expert_scope,377,NOx,reported_total,expert_led_workbook,3764.99214,941.248035,NA,NA,NA,NA,NA,NA,NA,NA,NA,
SRC-RAW-625DD65413812610B813,SRC-RAW-625DD65413812610B813,POWER,expert_scope,377,CO,reported_total,expert_led_workbook,919.412,919.412,NA,NA,NA,NA,NA,NA,NA,NA,NA,
SRC-RAW-625DD65413812610B813,SRC-RAW-625DD65413812610B813,POWER,expert_scope,377,VOC,reported_total,expert_led_workbook,19671.9230344,216.391153378398,NA,NA,NA,NA,NA,NA,NA,NA,NA,
SRC-RAW-625DD65413812610B813,SRC-RAW-625DD65413812610B813,POWER,expert_scope,377,PM10,reported_total,expert_led_workbook,4748.395215200001,142.45185645600017,NA,NA,NA,NA,NA,NA,NA,NA,NA,
SRC-RAW-625DD65413812610B813,SRC-RAW-625DD65413812610B813,POWER,expert_scope,377,PM2.5,reported_total,expert_led_workbook,9.496790430400003,0.28490371291200034,NA,NA,NA,NA,NA,NA,NA,NA,NA,
SRC-RAW-625DD65413812610B813,SRC-RAW-625DD65413812610B813,POWER,expert_scope,377,BC,reported_total,expert_led_workbook,0.0,0.0,NA,NA,NA,NA,NA,NA,NA,NA,NA,
SRC-RAW-625DD65413812610B813,SRC-RAW-625DD65413812610B813,POWER,expert_scope,377,OC,reported_total,expert_led_workbook,18.388240000000003,18.388240000000003,NA,NA,NA,NA,NA,NA,NA,NA,NA,
SRC-RAW-625DD65413812610B813,SRC-RAW-625DD65413812610B813,POWER,expert_scope,377,NH3,reported_total,expert_led_workbook,0.0,0.0,NA,NA,NA,NA,NA,NA,NA,NA,NA,
SRC-RAW-B930DCDEBEC973B533F5,SRC-RAW-B930DCDEBEC973B533F5,POWER,expert_scope,378,SO2,reported_total,expert_led_workbook,174.81983999999997,3.8285544960000046,NA,NA,NA,NA,NA,NA,NA,NA,NA,
SRC-RAW-B930DCDEBEC973B533F5,SRC-RAW-B930DCDEBEC973B533F5,POWER,expert_scope,378,NOx,reported_total,expert_led_workbook,175.46256,43.86564,NA,NA,NA,NA,NA,NA,NA,NA,NA,
SRC-RAW-B930DCDEBEC973B533F5,SRC-RAW-B930DCDEBEC973B533F5,POWER,expert_scope,378,CO,reported_total,expert_led_workbook,42.848,42.848,NA,NA,NA,NA,NA,NA,NA,NA,NA,
SRC-RAW-B930DCDEBEC973B533F5,SRC-RAW-B930DCDEBEC973B533F5,POWER,expert_scope,378,VOC,reported_total,expert_led_workbook,916.7843776,10.084628153599906,NA,NA,NA,NA,NA,NA,NA,NA,NA,
SRC-RAW-B930DCDEBEC973B533F5,SRC-RAW-B930DCDEBEC973B533F5,POWER,expert_scope,378,PM10,reported_total,expert_led_workbook,221.29278080000003,6.638783424000007,NA,NA,NA,NA,NA,NA,NA,NA,NA,
SRC-RAW-B930DCDEBEC973B533F5,SRC-RAW-B930DCDEBEC973B533F5,POWER,expert_scope,378,PM2.5,reported_total,expert_led_workbook,0.44258556160000007,0.013277566848000013,NA,NA,NA,NA,NA,NA,NA,NA,NA,
SRC-RAW-B930DCDEBEC973B533F5,SRC-RAW-B930DCDEBEC973B533F5,POWER,expert_scope,378,BC,reported_total,expert_led_workbook,0.0,0.0,NA,NA,NA,NA,NA,NA,NA,NA,NA,
SRC-RAW-B930DCDEBEC973B533F5,SRC-RAW-B930DCDEBEC973B533F5,POWER,expert_scope,378,OC,reported_total,expert_led_workbook,0.85696,0.85696,NA,NA,NA,NA,NA,NA,NA,NA,NA,
SRC-RAW-B930DCDEBEC973B533F5,SRC-RAW-B930DCDEBEC973B533F5,POWER,expert_scope,378,NH3,reported_total,expert_led_workbook,0.0,0.0,NA,NA,NA,NA,NA,NA,NA,NA,NA,
SRC-RAW-93EDE4EC759B923B8B11,SRC-RAW-93EDE4EC759B923B8B11,POWER,expert_scope,379,SO2,reported_total,expert_led_workbook,1023.3292799999998,22.41091123200003,NA,NA,NA,NA,NA,NA,NA,NA,NA,
SRC-RAW-93EDE4EC759B923B8B11,SRC-RAW-93EDE4EC759B923B8B11,POWER,expert_scope,379,NOx,reported_total,expert_led_workbook,1123.65568,280.91392,NA,NA,NA,NA,NA,NA,NA,NA,NA,
SRC-RAW-93EDE4EC759B923B8B11,SRC-RAW-93EDE4EC759B923B8B11,POWER,expert_scope,379,CO,reported_total,expert_led_workbook,250.816,250.816,NA,NA,NA,NA,NA,NA,NA,NA,NA,
SRC-RAW-93EDE4EC759B923B8B11,SRC-RAW-93EDE4EC759B923B8B11,POWER,expert_scope,379,VOC,reported_total,expert_led_workbook,5366.5092992,59.031602291199455,NA,NA,NA,NA,NA,NA,NA,NA,NA,
SRC-RAW-93EDE4EC759B923B8B11,SRC-RAW-93EDE4EC759B923B8B11,POWER,expert_scope,379,PM10,reported_total,expert_led_workbook,1295.3643136000003,38.86092940800004,NA,NA,NA,NA,NA,NA,NA,NA,NA,
SRC-RAW-93EDE4EC759B923B8B11,SRC-RAW-93EDE4EC759B923B8B11,POWER,expert_scope,379,PM2.5,reported_total,expert_led_workbook,2.5907286272000007,0.07772185881600009,NA,NA,NA,NA,NA,NA,NA,NA,NA,
SRC-RAW-93EDE4EC759B923B8B11,SRC-RAW-93EDE4EC759B923B8B11,POWER,expert_scope,379,BC,reported_total,expert_led_workbook,0.0,0.0,NA,NA,NA,NA,NA,NA,NA,NA,NA,
SRC-RAW-93EDE4EC759B923B8B11,SRC-RAW-93EDE4EC759B923B8B11,POWER,expert_scope,379,OC,reported_total,expert_led_workbook,5.0163199999999994,5.0163199999999994,NA,NA,NA,NA,NA,NA,NA,NA,NA,
SRC-RAW-93EDE4EC759B923B8B11,SRC-RAW-93EDE4EC759B923B8B11,POWER,expert_scope,379,NH3,reported_total,expert_led_workbook,0.0,0.0,NA,NA,NA,NA,NA,NA,NA,NA,NA,
SRC-RAW-79514104FF4410E2ACCE,SRC-RAW-79514104FF4410E2ACCE,POWER,expert_scope,380,SO2,reported_total,expert_led_workbook,679.6806839,3.398403419500003,NA,NA,NA,NA,NA,NA,NA,NA,NA,
SRC-RAW-79514104FF4410E2ACCE,SRC-RAW-79514104FF4410E2ACCE,POWER,expert_scope,380,NOx,reported_total,expert_led_workbook,490.72835840000005,245.36417920000002,NA,NA,NA,NA,NA,NA,NA,NA,NA,
SRC-RAW-79514104FF4410E2ACCE,SRC-RAW-79514104FF4410E2ACCE,POWER,expert_scope,380,CO,reported_total,expert_led_workbook,109.53758,109.53758,NA,NA,NA,NA,NA,NA,NA,NA,NA,
SRC-RAW-79514104FF4410E2ACCE,SRC-RAW-79514104FF4410E2ACCE,POWER,expert_scope,380,VOC,reported_total,expert_led_workbook,1810.9103245856,3.621820649171203,NA,NA,NA,NA,NA,NA,NA,NA,NA,
SRC-RAW-79514104FF4410E2ACCE,SRC-RAW-79514104FF4410E2ACCE,POWER,expert_scope,380,PM10,reported_total,expert_led_workbook,437.11628524480005,1.7484651409792018,NA,NA,NA,NA,NA,NA,NA,NA,NA,
SRC-RAW-79514104FF4410E2ACCE,SRC-RAW-79514104FF4410E2ACCE,POWER,expert_scope,380,PM2.5,reported_total,expert_led_workbook,0.8742325704896001,0.0034969302819584038,NA,NA,NA,NA,NA,NA,NA,NA,NA,
SRC-RAW-79514104FF4410E2ACCE,SRC-RAW-79514104FF4410E2ACCE,POWER,expert_scope,380,BC,reported_total,expert_led_workbook,0.0,0.0,NA,NA,NA,NA,NA,NA,NA,NA,NA,
SRC-RAW-79514104FF4410E2ACCE,SRC-RAW-79514104FF4410E2ACCE,POWER,expert_scope,380,OC,reported_total,expert_led_workbook,2.1907516,2.1907516,NA,NA,NA,NA,NA,NA,NA,NA,NA,
SRC-RAW-79514104FF4410E2ACCE,SRC-RAW-79514104FF4410E2ACCE,POWER,expert_scope,380,NH3,reported_total,expert_led_workbook,0.0,0.0,NA,NA,NA,NA,NA,NA,NA,NA,NA,
SRC-RAW-E76E5835E7948598F022,SRC-RAW-E76E5835E7948598F022,POWER,expert_scope,381,SO2,reported_total,expert_led_workbook,1143.4026718999999,5.7170133595000046,NA,NA,NA,NA,NA,NA,NA,NA,NA,
SRC-RAW-E76E5835E7948598F022,SRC-RAW-E76E5835E7948598F022,POWER,expert_scope,381,NOx,reported_total,expert_led_workbook,825.5348864000001,412.76744320000006,NA,NA,NA,NA,NA,NA,NA,NA,NA,
SRC-RAW-E76E5835E7948598F022,SRC-RAW-E76E5835E7948598F022,POWER,expert_scope,381,CO,reported_total,expert_led_workbook,184.27118,184.27118,NA,NA,NA,NA,NA,NA,NA,NA,NA,
SRC-RAW-E76E5835E7948598F022,SRC-RAW-E76E5835E7948598F022,POWER,expert_scope,381,VOC,reported_total,expert_led_workbook,3046.4301145376,6.092860229075205,NA,NA,NA,NA,NA,NA,NA,NA,NA,
SRC-RAW-E76E5835E7948598F022,SRC-RAW-E76E5835E7948598F022,POWER,expert_scope,381,PM10,reported_total,expert_led_workbook,735.3452000608,2.941380800243203,NA,NA,NA,NA,NA,NA,NA,NA,NA,
SRC-RAW-E76E5835E7948598F022,SRC-RAW-E76E5835E7948598F022,POWER,expert_scope,381,PM2.5,reported_total,expert_led_workbook,1.4706904001216001,0.005882761600486406,NA,NA,NA,NA,NA,NA,NA,NA,NA,
SRC-RAW-E76E5835E7948598F022,SRC-RAW-E76E5835E7948598F022,POWER,expert_scope,381,BC,reported_total,expert_led_workbook,0.0,0.0,NA,NA,NA,NA,NA,NA,NA,NA,NA,
SRC-RAW-E76E5835E7948598F022,SRC-RAW-E76E5835E7948598F022,POWER,expert_scope,381,OC,reported_total,expert_led_workbook,3.6854236,3.6854236,NA,NA,NA,NA,NA,NA,NA,NA,NA,
SRC-RAW-E76E5835E7948598F022,SRC-RAW-E76E5835E7948598F022,POWER,expert_scope,381,NH3,reported_total,expert_led_workbook,0.0,0.0,NA,NA,NA,NA,NA,NA,NA,NA,NA,
SRC-RAW-6489F0D1EC298769B609,SRC-RAW-6489F0D1EC298769B609,POWER,expert_scope,382,SO2,reported_total,expert_led_workbook,0.03535856,0.00017679280000000013,NA,NA,NA,NA,NA,NA,NA,NA,NA,
SRC-RAW-6489F0D1EC298769B609,SRC-RAW-6489F0D1EC298769B609,POWER,expert_scope,382,NOx,reported_total,expert_led_workbook,18.9256,9.4628,NA,NA,NA,NA,NA,NA,NA,NA,NA,
SRC-RAW-6489F0D1EC298769B609,SRC-RAW-6489F0D1EC298769B609,POWER,expert_scope,382,CO,reported_total,expert_led_workbook,6.0008,6.0008,NA,NA,NA,NA,NA,NA,NA,NA,NA,
SRC-RAW-6489F0D1EC298769B609,SRC-RAW-6489F0D1EC298769B609,POWER,expert_scope,382,VOC,reported_total,expert_led_workbook,0.13848,0.00027696000000000025,NA,NA,NA,NA,NA,NA,NA,NA,NA,
SRC-RAW-6489F0D1EC298769B609,SRC-RAW-6489F0D1EC298769B609,POWER,expert_scope,382,PM10,reported_total,expert_led_workbook,0.13848,0.0005539200000000005,NA,NA,NA,NA,NA,NA,NA,NA,NA,
SRC-RAW-6489F0D1EC298769B609,SRC-RAW-6489F0D1EC298769B609,POWER,expert_scope,382,PM2.5,reported_total,expert_led_workbook,0.0,0.0,NA,NA,NA,NA,NA,NA,NA,NA,NA,
SRC-RAW-6489F0D1EC298769B609,SRC-RAW-6489F0D1EC298769B609,POWER,expert_scope,382,BC,reported_total,expert_led_workbook,0.0,0.0,NA,NA,NA,NA,NA,NA,NA,NA,NA,
SRC-RAW-6489F0D1EC298769B609,SRC-RAW-6489F0D1EC298769B609,POWER,expert_scope,382,OC,reported_total,expert_led_workbook,0.09232000000000001,0.09232000000000001,NA,NA,NA,NA,NA,NA,NA,NA,NA,
SRC-RAW-6489F0D1EC298769B609,SRC-RAW-6489F0D1EC298769B609,POWER,expert_scope,382,NH3,reported_total,expert_led_workbook,0.0,0.0,NA,NA,NA,NA,NA,NA,NA,NA,NA,
SRC-RAW-7FC935BB576D21E41E10,SRC-RAW-7FC935BB576D21E41E10,POWER,expert_scope,383,SO2,reported_total,expert_led_workbook,417.91640939999996,83.58328187999997,NA,NA,NA,NA,NA,NA,NA,NA,NA,
SRC-RAW-7FC935BB576D21E41E10,SRC-RAW-7FC935BB576D21E41E10,POWER,expert_scope,383,NOx,reported_total,expert_led_workbook,1048.8882432,209.77764863999997,NA,NA,NA,NA,NA,NA,NA,NA,NA,
SRC-RAW-7FC935BB576D21E41E10,SRC-RAW-7FC935BB576D21E41E10,POWER,expert_scope,383,CO,reported_total,expert_led_workbook,234.12684,234.12684,NA,NA,NA,NA,NA,NA,NA,NA,NA,
SRC-RAW-7FC935BB576D21E41E10,SRC-RAW-7FC935BB576D21E41E10,POWER,expert_scope,383,VOC,reported_total,expert_led_workbook,1536.0968321664,3.0721936643328025,NA,NA,NA,NA,NA,NA,NA,NA,NA,
SRC-RAW-7FC935BB576D21E41E10,SRC-RAW-7FC935BB576D21E41E10,POWER,expert_scope,383,PM10,reported_total,expert_led_workbook,370.78199397120005,1.4831279758848015,NA,NA,NA,NA,NA,NA,NA,NA,NA,
SRC-RAW-7FC935BB576D21E41E10,SRC-RAW-7FC935BB576D21E41E10,POWER,expert_scope,383,PM2.5,reported_total,expert_led_workbook,0.7415639879424001,0.002966255951769603,NA,NA,NA,NA,NA,NA,NA,NA,NA,
SRC-RAW-7FC935BB576D21E41E10,SRC-RAW-7FC935BB576D21E41E10,POWER,expert_scope,383,BC,reported_total,expert_led_workbook,0.0,0.0,NA,NA,NA,NA,NA,NA,NA,NA,NA,
SRC-RAW-7FC935BB576D21E41E10,SRC-RAW-7FC935BB576D21E41E10,POWER,expert_scope,383,OC,reported_total,expert_led_workbook,4.6825368,4.6825368,NA,NA,NA,NA,NA,NA,NA,NA,NA,
SRC-RAW-7FC935BB576D21E41E10,SRC-RAW-7FC935BB576D21E41E10,POWER,expert_scope,383,NH3,reported_total,expert_led_workbook,0.0,0.0,NA,NA,NA,NA,NA,NA,NA,NA,NA,
SRC-RAW-58D076C9294560AEC397,SRC-RAW-58D076C9294560AEC397,POWER,expert_scope,384,SO2,reported_total,expert_led_workbook,400.802472,80.16049439999999,NA,NA,NA,NA,NA,NA,NA,NA,NA,
SRC-RAW-58D076C9294560AEC397,SRC-RAW-58D076C9294560AEC397,POWER,expert_scope,384,NOx,reported_total,expert_led_workbook,1005.9356160000002,201.1871232,NA,NA,NA,NA,NA,NA,NA,NA,NA,
SRC-RAW-58D076C9294560AEC397,SRC-RAW-58D076C9294560AEC397,POWER,expert_scope,384,CO,reported_total,expert_led_workbook,224.53920000000002,224.53920000000002,NA,NA,NA,NA,NA,NA,NA,NA,NA,
SRC-RAW-58D076C9294560AEC397,SRC-RAW-58D076C9294560AEC397,POWER,expert_scope,384,VOC,reported_total,expert_led_workbook,1473.192709632,2.946385419264003,NA,NA,NA,NA,NA,NA,NA,NA,NA,
SRC-RAW-58D076C9294560AEC397,SRC-RAW-58D076C9294560AEC397,POWER,expert_scope,384,PM10,reported_total,expert_led_workbook,355.5982402560001,1.4223929610240018,NA,NA,NA,NA,NA,NA,NA,NA,NA,
SRC-RAW-58D076C9294560AEC397,SRC-RAW-58D076C9294560AEC397,POWER,expert_scope,384,PM2.5,reported_total,expert_led_workbook,0.7111964805120002,0.0028447859220480033,NA,NA,NA,NA,NA,NA,NA,NA,NA,
SRC-RAW-58D076C9294560AEC397,SRC-RAW-58D076C9294560AEC397,POWER,expert_scope,384,BC,reported_total,expert_led_workbook,0.0,0.0,NA,NA,NA,NA,NA,NA,NA,NA,NA,
SRC-RAW-58D076C9294560AEC397,SRC-RAW-58D076C9294560AEC397,POWER,expert_scope,384,OC,reported_total,expert_led_workbook,4.4907840000000006,4.4907840000000006,NA,NA,NA,NA,NA,NA,NA,NA,NA,
SRC-RAW-58D076C9294560AEC397,SRC-RAW-58D076C9294560AEC397,POWER,expert_scope,384,NH3,reported_total,expert_led_workbook,0.0,0.0,NA,NA,NA,NA,NA,NA,NA,NA,NA,
SRC-RAW-F22E014C8797D75ADE2E,SRC-RAW-F22E014C8797D75ADE2E,POWER,expert_scope,385,SO2,reported_total,expert_led_workbook,198.24196825,4.163081333249982,NA,NA,NA,NA,NA,NA,NA,NA,NA,
SRC-RAW-F22E014C8797D75ADE2E,SRC-RAW-F22E014C8797D75ADE2E,POWER,expert_scope,385,NOx,reported_total,expert_led_workbook,417.94071424000003,229.86739283200004,NA,NA,NA,NA,NA,NA,NA,NA,NA,
SRC-RAW-F22E014C8797D75ADE2E,SRC-RAW-F22E014C8797D75ADE2E,POWER,expert_scope,385,CO,reported_total,expert_led_workbook,93.290338,93.290338,NA,NA,NA,NA,NA,NA,NA,NA,NA,
SRC-RAW-F22E014C8797D75ADE2E,SRC-RAW-F22E014C8797D75ADE2E,POWER,expert_scope,385,VOC,reported_total,expert_led_workbook,424.2098249536,2.545258949721555,NA,NA,NA,NA,NA,NA,NA,NA,NA,
SRC-RAW-F22E014C8797D75ADE2E,SRC-RAW-F22E014C8797D75ADE2E,POWER,expert_scope,385,PM10,reported_total,expert_led_workbook,102.3954749888,1.7407230748096016,NA,NA,NA,NA,NA,NA,NA,NA,NA,
SRC-RAW-F22E014C8797D75ADE2E,SRC-RAW-F22E014C8797D75ADE2E,POWER,expert_scope,385,PM2.5,reported_total,expert_led_workbook,0.2047909499776,0.003481446149619203,NA,NA,NA,NA,NA,NA,NA,NA,NA,
SRC-RAW-F22E014C8797D75ADE2E,SRC-RAW-F22E014C8797D75ADE2E,POWER,expert_scope,385,BC,reported_total,expert_led_workbook,0.0,0.0,NA,NA,NA,NA,NA,NA,NA,NA,NA,
SRC-RAW-F22E014C8797D75ADE2E,SRC-RAW-F22E014C8797D75ADE2E,POWER,expert_scope,385,OC,reported_total,expert_led_workbook,1.8658067600000001,1.8658067600000001,NA,NA,NA,NA,NA,NA,NA,NA,NA,
SRC-RAW-F22E014C8797D75ADE2E,SRC-RAW-F22E014C8797D75ADE2E,POWER,expert_scope,385,NH3,reported_total,expert_led_workbook,0.0,0.0,NA,NA,NA,NA,NA,NA,NA,NA,NA,
SRC-RAW-E3EB357DFCE369228D1F,SRC-RAW-E3EB357DFCE369228D1F,POWER,expert_scope,386,SO2,reported_total,expert_led_workbook,259.89709650000003,5.457839026499976,NA,NA,NA,NA,NA,NA,NA,NA,NA,
SRC-RAW-E3EB357DFCE369228D1F,SRC-RAW-E3EB357DFCE369228D1F,POWER,expert_scope,386,NOx,reported_total,expert_led_workbook,547.92423168,301.35832742400004,NA,NA,NA,NA,NA,NA,NA,NA,NA,
SRC-RAW-E3EB357DFCE369228D1F,SRC-RAW-E3EB357DFCE369228D1F,POWER,expert_scope,386,CO,reported_total,expert_led_workbook,122.304516,122.304516,NA,NA,NA,NA,NA,NA,NA,NA,NA,
SRC-RAW-E3EB357DFCE369228D1F,SRC-RAW-E3EB357DFCE369228D1F,POWER,expert_scope,386,VOC,reported_total,expert_led_workbook,556.1430951552,3.336858570931141,NA,NA,NA,NA,NA,NA,NA,NA,NA,
SRC-RAW-E3EB357DFCE369228D1F,SRC-RAW-E3EB357DFCE369228D1F,POWER,expert_scope,386,PM10,reported_total,expert_led_workbook,134.2414367616,2.2821044249472022,NA,NA,NA,NA,NA,NA,NA,NA,NA,
SRC-RAW-E3EB357DFCE369228D1F,SRC-RAW-E3EB357DFCE369228D1F,POWER,expert_scope,386,PM2.5,reported_total,expert_led_workbook,0.2684828735232,0.004564208849894404,NA,NA,NA,NA,NA,NA,NA,NA,NA,
SRC-RAW-E3EB357DFCE369228D1F,SRC-RAW-E3EB357DFCE369228D1F,POWER,expert_scope,386,BC,reported_total,expert_led_workbook,0.0,0.0,NA,NA,NA,NA,NA,NA,NA,NA,NA,
SRC-RAW-E3EB357DFCE369228D1F,SRC-RAW-E3EB357DFCE369228D1F,POWER,expert_scope,386,OC,reported_total,expert_led_workbook,2.44609032,2.44609032,NA,NA,NA,NA,NA,NA,NA,NA,NA,
SRC-RAW-E3EB357DFCE369228D1F,SRC-RAW-E3EB357DFCE369228D1F,POWER,expert_scope,386,NH3,reported_total,expert_led_workbook,0.0,0.0,NA,NA,NA,NA,NA,NA,NA,NA,NA,
SRC-RAW-7B30B2EFD71E14AA8800,SRC-RAW-7B30B2EFD71E14AA8800,POWER,expert_scope,387,SO2,reported_total,expert_led_workbook,121.30500450000001,2.547405094499989,NA,NA,NA,NA,NA,NA,NA,NA,NA,
SRC-RAW-7B30B2EFD71E14AA8800,SRC-RAW-7B30B2EFD71E14AA8800,POWER,expert_scope,387,NOx,reported_total,expert_led_workbook,255.73949184000003,140.65672051200002,NA,NA,NA,NA,NA,NA,NA,NA,NA,
SRC-RAW-7B30B2EFD71E14AA8800,SRC-RAW-7B30B2EFD71E14AA8800,POWER,expert_scope,387,CO,reported_total,expert_led_workbook,57.084708,57.084708,NA,NA,NA,NA,NA,NA,NA,NA,NA,
SRC-RAW-7B30B2EFD71E14AA8800,SRC-RAW-7B30B2EFD71E14AA8800,POWER,expert_scope,387,VOC,reported_total,expert_led_workbook,259.57558421759995,1.5574535053055722,NA,NA,NA,NA,NA,NA,NA,NA,NA,
SRC-RAW-7B30B2EFD71E14AA8800,SRC-RAW-7B30B2EFD71E14AA8800,POWER,expert_scope,387,PM10,reported_total,expert_led_workbook,62.656175500799996,1.065154983513601,NA,NA,NA,NA,NA,NA,NA,NA,NA,
SRC-RAW-7B30B2EFD71E14AA8800,SRC-RAW-7B30B2EFD71E14AA8800,POWER,expert_scope,387,PM2.5,reported_total,expert_led_workbook,0.1253123510016,0.0021303099670272017,NA,NA,NA,NA,NA,NA,NA,NA,NA,
SRC-RAW-7B30B2EFD71E14AA8800,SRC-RAW-7B30B2EFD71E14AA8800,POWER,expert_scope,387,BC,reported_total,expert_led_workbook,0.0,0.0,NA,NA,NA,NA,NA,NA,NA,NA,NA,
SRC-RAW-7B30B2EFD71E14AA8800,SRC-RAW-7B30B2EFD71E14AA8800,POWER,expert_scope,387,OC,reported_total,expert_led_workbook,1.14169416,1.14169416,NA,NA,NA,NA,NA,NA,NA,NA,NA,
SRC-RAW-7B30B2EFD71E14AA8800,SRC-RAW-7B30B2EFD71E14AA8800,POWER,expert_scope,387,NH3,reported_total,expert_led_workbook,0.0,0.0,NA,NA,NA,NA,NA,NA,NA,NA,NA,
SRC-RAW-B3A968F9A7CA8F82E5E4,SRC-RAW-B3A968F9A7CA8F82E5E4,POWER,expert_scope,388,SO2,reported_total,expert_led_workbook,744.62031075,15.637026525749933,NA,NA,NA,NA,NA,NA,NA,NA,NA,
SRC-RAW-B3A968F9A7CA8F82E5E4,SRC-RAW-B3A968F9A7CA8F82E5E4,POWER,expert_scope,388,NOx,reported_total,expert_led_workbook,1569.8348198400001,863.4091509120002,NA,NA,NA,NA,NA,NA,NA,NA,NA,
SRC-RAW-B3A968F9A7CA8F82E5E4,SRC-RAW-B3A968F9A7CA8F82E5E4,POWER,expert_scope,388,CO,reported_total,expert_led_workbook,350.409558,350.409558,NA,NA,NA,NA,NA,NA,NA,NA,NA,
SRC-RAW-B3A968F9A7CA8F82E5E4,SRC-RAW-B3A968F9A7CA8F82E5E4,POWER,expert_scope,388,VOC,reported_total,expert_led_workbook,1593.3823421375998,9.56029405282543,NA,NA,NA,NA,NA,NA,NA,NA,NA,
SRC-RAW-B3A968F9A7CA8F82E5E4,SRC-RAW-B3A968F9A7CA8F82E5E4,POWER,expert_scope,388,PM10,reported_total,expert_led_workbook,384.6095308608,6.5383620246336065,NA,NA,NA,NA,NA,NA,NA,NA,NA,
SRC-RAW-B3A968F9A7CA8F82E5E4,SRC-RAW-B3A968F9A7CA8F82E5E4,POWER,expert_scope,388,PM2.5,reported_total,expert_led_workbook,0.7692190617216,0.013076724049267211,NA,NA,NA,NA,NA,NA,NA,NA,NA,
SRC-RAW-B3A968F9A7CA8F82E5E4,SRC-RAW-B3A968F9A7CA8F82E5E4,POWER,expert_scope,388,BC,reported_total,expert_led_workbook,0.0,0.0,NA,NA,NA,NA,NA,NA,NA,NA,NA,
SRC-RAW-B3A968F9A7CA8F82E5E4,SRC-RAW-B3A968F9A7CA8F82E5E4,POWER,expert_scope,388,OC,reported_total,expert_led_workbook,7.00819116,7.00819116,NA,NA,NA,NA,NA,NA,NA,NA,NA,
SRC-RAW-B3A968F9A7CA8F82E5E4,SRC-RAW-B3A968F9A7CA8F82E5E4,POWER,expert_scope,388,NH3,reported_total,expert_led_workbook,0.0,0.0,NA,NA,NA,NA,NA,NA,NA,NA,NA,
SRC-RAW-977479FE6A4BF1C6BD2C,SRC-RAW-977479FE6A4BF1C6BD2C,POWER,expert_scope,389,SO2,reported_total,expert_led_workbook,844.9950470000001,17.744895986999925,NA,NA,NA,NA,NA,NA,NA,NA,NA,
SRC-RAW-977479FE6A4BF1C6BD2C,SRC-RAW-977479FE6A4BF1C6BD2C,POWER,expert_scope,389,NOx,reported_total,expert_led_workbook,1781.44838144,979.7966097920001,NA,NA,NA,NA,NA,NA,NA,NA,NA,
SRC-RAW-977479FE6A4BF1C6BD2C,SRC-RAW-977479FE6A4BF1C6BD2C,POWER,expert_scope,389,CO,reported_total,expert_led_workbook,397.644728,397.644728,NA,NA,NA,NA,NA,NA,NA,NA,NA,
SRC-RAW-977479FE6A4BF1C6BD2C,SRC-RAW-977479FE6A4BF1C6BD2C,POWER,expert_scope,389,VOC,reported_total,expert_led_workbook,1808.1701071615998,10.849020642969409,NA,NA,NA,NA,NA,NA,NA,NA,NA,
SRC-RAW-977479FE6A4BF1C6BD2C,SRC-RAW-977479FE6A4BF1C6BD2C,POWER,expert_scope,389,PM10,reported_total,expert_led_workbook,436.4548534528,7.419732508697607,NA,NA,NA,NA,NA,NA,NA,NA,NA,
SRC-RAW-977479FE6A4BF1C6BD2C,SRC-RAW-977479FE6A4BF1C6BD2C,POWER,expert_scope,389,PM2.5,reported_total,expert_led_workbook,0.8729097069056001,0.014839465017395215,NA,NA,NA,NA,NA,NA,NA,NA,NA,
SRC-RAW-977479FE6A4BF1C6BD2C,SRC-RAW-977479FE6A4BF1C6BD2C,POWER,expert_scope,389,BC,reported_total,expert_led_workbook,0.0,0.0,NA,NA,NA,NA,NA,NA,NA,NA,NA,
SRC-RAW-977479FE6A4BF1C6BD2C,SRC-RAW-977479FE6A4BF1C6BD2C,POWER,expert_scope,389,OC,reported_total,expert_led_workbook,7.952894560000001,7.952894560000001,NA,NA,NA,NA,NA,NA,NA,NA,NA,
SRC-RAW-977479FE6A4BF1C6BD2C,SRC-RAW-977479FE6A4BF1C6BD2C,POWER,expert_scope,389,NH3,reported_total,expert_led_workbook,0.0,0.0,NA,NA,NA,NA,NA,NA,NA,NA,NA,
SRC-RAW-A0F2F7DA56B515FFF089,SRC-RAW-A0F2F7DA56B515FFF089,POWER,expert_scope,390,SO2,reported_total,expert_led_workbook,0.746342142,0.746342142,NA,NA,NA,NA,NA,NA,NA,NA,NA,
SRC-RAW-A0F2F7DA56B515FFF089,SRC-RAW-A0F2F7DA56B515FFF089,POWER,expert_scope,390,NOx,reported_total,expert_led_workbook,399.47817,231.69733860000002,NA,NA,NA,NA,NA,NA,NA,NA,NA,
SRC-RAW-A0F2F7DA56B515FFF089,SRC-RAW-A0F2F7DA56B515FFF089,POWER,expert_scope,390,CO,reported_total,expert_led_workbook,126.66381000000001,126.66381000000001,NA,NA,NA,NA,NA,NA,NA,NA,NA,
SRC-RAW-A0F2F7DA56B515FFF089,SRC-RAW-A0F2F7DA56B515FFF089,POWER,expert_scope,390,VOC,reported_total,expert_led_workbook,2.923011,2.923011,NA,NA,NA,NA,NA,NA,NA,NA,NA,
SRC-RAW-A0F2F7DA56B515FFF089,SRC-RAW-A0F2F7DA56B515FFF089,POWER,expert_scope,390,PM10,reported_total,expert_led_workbook,2.923011,2.923011,NA,NA,NA,NA,NA,NA,NA,NA,NA,
SRC-RAW-A0F2F7DA56B515FFF089,SRC-RAW-A0F2F7DA56B515FFF089,POWER,expert_scope,390,PM2.5,reported_total,expert_led_workbook,0.0,0.0,NA,NA,NA,NA,NA,NA,NA,NA,NA,
SRC-RAW-A0F2F7DA56B515FFF089,SRC-RAW-A0F2F7DA56B515FFF089,POWER,expert_scope,390,BC,reported_total,expert_led_workbook,0.0,0.0,NA,NA,NA,NA,NA,NA,NA,NA,NA,
SRC-RAW-A0F2F7DA56B515FFF089,SRC-RAW-A0F2F7DA56B515FFF089,POWER,expert_scope,390,OC,reported_total,expert_led_workbook,1.9486740000000002,1.9486740000000002,NA,NA,NA,NA,NA,NA,NA,NA,NA,
SRC-RAW-A0F2F7DA56B515FFF089,SRC-RAW-A0F2F7DA56B515FFF089,POWER,expert_scope,390,NH3,reported_total,expert_led_workbook,0.0,0.0,NA,NA,NA,NA,NA,NA,NA,NA,NA,
SRC-RAW-4C6225AAAF0F02971AD8,SRC-RAW-4C6225AAAF0F02971AD8,POWER,expert_scope,391,SO2,reported_total,expert_led_workbook,0.597881384,0.597881384,NA,NA,NA,NA,NA,NA,NA,NA,NA,
SRC-RAW-4C6225AAAF0F02971AD8,SRC-RAW-4C6225AAAF0F02971AD8,POWER,expert_scope,391,NOx,reported_total,expert_led_workbook,320.01483999999994,185.6086072,NA,NA,NA,NA,NA,NA,NA,NA,NA,
SRC-RAW-4C6225AAAF0F02971AD8,SRC-RAW-4C6225AAAF0F02971AD8,POWER,expert_scope,391,CO,reported_total,expert_led_workbook,101.46812,101.46812,NA,NA,NA,NA,NA,NA,NA,NA,NA,
SRC-RAW-4C6225AAAF0F02971AD8,SRC-RAW-4C6225AAAF0F02971AD8,POWER,expert_scope,391,VOC,reported_total,expert_led_workbook,2.341572,2.341572,NA,NA,NA,NA,NA,NA,NA,NA,NA,
SRC-RAW-4C6225AAAF0F02971AD8,SRC-RAW-4C6225AAAF0F02971AD8,POWER,expert_scope,391,PM10,reported_total,expert_led_workbook,2.341572,2.341572,NA,NA,NA,NA,NA,NA,NA,NA,NA,
SRC-RAW-4C6225AAAF0F02971AD8,SRC-RAW-4C6225AAAF0F02971AD8,POWER,expert_scope,391,PM2.5,reported_total,expert_led_workbook,0.0,0.0,NA,NA,NA,NA,NA,NA,NA,NA,NA,
SRC-RAW-4C6225AAAF0F02971AD8,SRC-RAW-4C6225AAAF0F02971AD8,POWER,expert_scope,391,BC,reported_total,expert_led_workbook,0.0,0.0,NA,NA,NA,NA,NA,NA,NA,NA,NA,
SRC-RAW-4C6225AAAF0F02971AD8,SRC-RAW-4C6225AAAF0F02971AD8,POWER,expert_scope,391,OC,reported_total,expert_led_workbook,1.561048,1.561048,NA,NA,NA,NA,NA,NA,NA,NA,NA,
SRC-RAW-4C6225AAAF0F02971AD8,SRC-RAW-4C6225AAAF0F02971AD8,POWER,expert_scope,391,NH3,reported_total,expert_led_workbook,0.0,0.0,NA,NA,NA,NA,NA,NA,NA,NA,NA,
SRC-RAW-3CC78CA9AF6E71C1D6E5,SRC-RAW-3CC78CA9AF6E71C1D6E5,POWER,expert_scope,392,SO2,reported_total,expert_led_workbook,0.3234996,0.3234996,NA,NA,NA,NA,NA,NA,NA,NA,NA,
SRC-RAW-3CC78CA9AF6E71C1D6E5,SRC-RAW-3CC78CA9AF6E71C1D6E5,POWER,expert_scope,392,NOx,reported_total,expert_led_workbook,132.634836,46.42412962905269,NA,NA,NA,NA,NA,NA,NA,NA,NA,
SRC-RAW-3CC78CA9AF6E71C1D6E5,SRC-RAW-3CC78CA9AF6E71C1D6E5,POWER,expert_scope,392,CO,reported_total,expert_led_workbook,42.05494800000001,42.05494800000001,NA,NA,NA,NA,NA,NA,NA,NA,NA,
SRC-RAW-3CC78CA9AF6E71C1D6E5,SRC-RAW-3CC78CA9AF6E71C1D6E5,POWER,expert_scope,392,VOC,reported_total,expert_led_workbook,0.9704988,0.9704988,NA,NA,NA,NA,NA,NA,NA,NA,NA,
SRC-RAW-3CC78CA9AF6E71C1D6E5,SRC-RAW-3CC78CA9AF6E71C1D6E5,POWER,expert_scope,392,PM10,reported_total,expert_led_workbook,0.9704988,0.9704988,NA,NA,NA,NA,NA,NA,NA,NA,NA,
SRC-RAW-3CC78CA9AF6E71C1D6E5,SRC-RAW-3CC78CA9AF6E71C1D6E5,POWER,expert_scope,392,PM2.5,reported_total,expert_led_workbook,0.0,0.0,NA,NA,NA,NA,NA,NA,NA,NA,NA,
SRC-RAW-3CC78CA9AF6E71C1D6E5,SRC-RAW-3CC78CA9AF6E71C1D6E5,POWER,expert_scope,392,BC,reported_total,expert_led_workbook,0.0,0.0,NA,NA,NA,NA,NA,NA,NA,NA,NA,
SRC-RAW-3CC78CA9AF6E71C1D6E5,SRC-RAW-3CC78CA9AF6E71C1D6E5,POWER,expert_scope,392,OC,reported_total,expert_led_workbook,0.6469992000000001,0.6469992000000001,NA,NA,NA,NA,NA,NA,NA,NA,NA,
SRC-RAW-3CC78CA9AF6E71C1D6E5,SRC-RAW-3CC78CA9AF6E71C1D6E5,POWER,expert_scope,392,NH3,reported_total,expert_led_workbook,0.0,0.0,NA,NA,NA,NA,NA,NA,NA,NA,NA,
SRC-RAW-46E9F3F37A52CE5698EF,SRC-RAW-46E9F3F37A52CE5698EF,POWER,expert_scope,393,SO2,reported_total,expert_led_workbook,9655.69709349,173.80254768282015,NA,NA,NA,NA,NA,NA,NA,NA,NA,
SRC-RAW-46E9F3F37A52CE5698EF,SRC-RAW-46E9F3F37A52CE5698EF,POWER,expert_scope,393,NOx,reported_total,expert_led_workbook,4892.6541601,684.9715824140001,NA,NA,NA,NA,NA,NA,NA,NA,NA,
SRC-RAW-46E9F3F37A52CE5698EF,SRC-RAW-46E9F3F37A52CE5698EF,POWER,expert_scope,393,CO,reported_total,expert_led_workbook,1357.1856200000002,1357.1856200000002,NA,NA,NA,NA,NA,NA,NA,NA,NA,
SRC-RAW-46E9F3F37A52CE5698EF,SRC-RAW-46E9F3F37A52CE5698EF,POWER,expert_scope,393,VOC,reported_total,expert_led_workbook,26045.2402888125,156.27144173287223,NA,NA,NA,NA,NA,NA,NA,NA,NA,
SRC-RAW-46E9F3F37A52CE5698EF,SRC-RAW-46E9F3F37A52CE5698EF,POWER,expert_scope,393,PM10,reported_total,expert_led_workbook,6794.410510125,115.5049786721251,NA,NA,NA,NA,NA,NA,NA,NA,NA,
SRC-RAW-46E9F3F37A52CE5698EF,SRC-RAW-46E9F3F37A52CE5698EF,POWER,expert_scope,393,PM2.5,reported_total,expert_led_workbook,13.58882102025,0.2310099573442502,NA,NA,NA,NA,NA,NA,NA,NA,NA,
SRC-RAW-46E9F3F37A52CE5698EF,SRC-RAW-46E9F3F37A52CE5698EF,POWER,expert_scope,393,BC,reported_total,expert_led_workbook,0.0,0.0,NA,NA,NA,NA,NA,NA,NA,NA,NA,
SRC-RAW-46E9F3F37A52CE5698EF,SRC-RAW-46E9F3F37A52CE5698EF,POWER,expert_scope,393,OC,reported_total,expert_led_workbook,27.143712400000005,27.143712400000005,NA,NA,NA,NA,NA,NA,NA,NA,NA,
SRC-RAW-46E9F3F37A52CE5698EF,SRC-RAW-46E9F3F37A52CE5698EF,POWER,expert_scope,393,NH3,reported_total,expert_led_workbook,0.0,0.0,NA,NA,NA,NA,NA,NA,NA,NA,NA,
SRC-RAW-7C468FB3D6E8F251F320,SRC-RAW-7C468FB3D6E8F251F320,POWER,expert_scope,394,SO2,reported_total,expert_led_workbook,11007.074171249998,198.12733508250014,NA,NA,NA,NA,NA,NA,NA,NA,NA,
SRC-RAW-7C468FB3D6E8F251F320,SRC-RAW-7C468FB3D6E8F251F320,POWER,expert_scope,394,NOx,reported_total,expert_led_workbook,5577.4126625,780.8377727500001,NA,NA,NA,NA,NA,NA,NA,NA,NA,
SRC-RAW-7C468FB3D6E8F251F320,SRC-RAW-7C468FB3D6E8F251F320,POWER,expert_scope,394,CO,reported_total,expert_led_workbook,1547.1325,1547.1325,NA,NA,NA,NA,NA,NA,NA,NA,NA,
SRC-RAW-7C468FB3D6E8F251F320,SRC-RAW-7C468FB3D6E8F251F320,POWER,expert_scope,394,VOC,reported_total,expert_led_workbook,29690.4396328125,178.14263779687187,NA,NA,NA,NA,NA,NA,NA,NA,NA,
SRC-RAW-7C468FB3D6E8F251F320,SRC-RAW-7C468FB3D6E8F251F320,POWER,expert_scope,394,PM10,reported_total,expert_led_workbook,7745.3320781249995,131.67064532812512,NA,NA,NA,NA,NA,NA,NA,NA,NA,
SRC-RAW-7C468FB3D6E8F251F320,SRC-RAW-7C468FB3D6E8F251F320,POWER,expert_scope,394,PM2.5,reported_total,expert_led_workbook,15.490664156249998,0.2633412906562502,NA,NA,NA,NA,NA,NA,NA,NA,NA,
SRC-RAW-7C468FB3D6E8F251F320,SRC-RAW-7C468FB3D6E8F251F320,POWER,expert_scope,394,BC,reported_total,expert_led_workbook,0.0,0.0,NA,NA,NA,NA,NA,NA,NA,NA,NA,
SRC-RAW-7C468FB3D6E8F251F320,SRC-RAW-7C468FB3D6E8F251F320,POWER,expert_scope,394,OC,reported_total,expert_led_workbook,30.94265,30.94265,NA,NA,NA,NA,NA,NA,NA,NA,NA,
SRC-RAW-7C468FB3D6E8F251F320,SRC-RAW-7C468FB3D6E8F251F320,POWER,expert_scope,394,NH3,reported_total,expert_led_workbook,0.0,0.0,NA,NA,NA,NA,NA,NA,NA,NA,NA,
SRC-RAW-A1C2B76AD784782DF85D,SRC-RAW-A1C2B76AD784782DF85D,POWER,expert_scope,395,SO2,reported_total,expert_led_workbook,0.00027538,0.00027538,NA,NA,NA,NA,NA,NA,NA,NA,NA,
SRC-RAW-A1C2B76AD784782DF85D,SRC-RAW-A1C2B76AD784782DF85D,POWER,expert_scope,395,NOx,reported_total,expert_led_workbook,4.032349999999999,4.032349999999999,NA,NA,NA,NA,NA,NA,NA,NA,NA,
SRC-RAW-A1C2B76AD784782DF85D,SRC-RAW-A1C2B76AD784782DF85D,POWER,expert_scope,395,CO,reported_total,expert_led_workbook,1.27855,1.27855,NA,NA,NA,NA,NA,NA,NA,NA,NA,
SRC-RAW-A1C2B76AD784782DF85D,SRC-RAW-A1C2B76AD784782DF85D,POWER,expert_scope,395,VOC,reported_total,expert_led_workbook,0.029505,0.029505,NA,NA,NA,NA,NA,NA,NA,NA,NA,
SRC-RAW-A1C2B76AD784782DF85D,SRC-RAW-A1C2B76AD784782DF85D,POWER,expert_scope,395,PM10,reported_total,expert_led_workbook,0.029505,0.029505,NA,NA,NA,NA,NA,NA,NA,NA,NA,
SRC-RAW-A1C2B76AD784782DF85D,SRC-RAW-A1C2B76AD784782DF85D,POWER,expert_scope,395,PM2.5,reported_total,expert_led_workbook,0.0,0.0,NA,NA,NA,NA,NA,NA,NA,NA,NA,
SRC-RAW-A1C2B76AD784782DF85D,SRC-RAW-A1C2B76AD784782DF85D,POWER,expert_scope,395,BC,reported_total,expert_led_workbook,0.0,0.0,NA,NA,NA,NA,NA,NA,NA,NA,NA,
SRC-RAW-A1C2B76AD784782DF85D,SRC-RAW-A1C2B76AD784782DF85D,POWER,expert_scope,395,OC,reported_total,expert_led_workbook,0.01967,0.01967,NA,NA,NA,NA,NA,NA,NA,NA,NA,
SRC-RAW-A1C2B76AD784782DF85D,SRC-RAW-A1C2B76AD784782DF85D,POWER,expert_scope,395,NH3,reported_total,expert_led_workbook,0.0,0.0,NA,NA,NA,NA,NA,NA,NA,NA,NA,
SRC-RAW-5558B34476985A85BE08,SRC-RAW-5558B34476985A85BE08,POWER,expert_scope,396,SO2,reported_total,expert_led_workbook,0.31899526140000006,0.31899526140000006,NA,NA,NA,NA,NA,NA,NA,NA,NA,
SRC-RAW-5558B34476985A85BE08,SRC-RAW-5558B34476985A85BE08,POWER,expert_scope,396,NOx,reported_total,expert_led_workbook,170.741589,51.22247670000001,NA,NA,NA,NA,NA,NA,NA,NA,NA,
SRC-RAW-5558B34476985A85BE08,SRC-RAW-5558B34476985A85BE08,POWER,expert_scope,396,CO,reported_total,expert_led_workbook,54.137577,54.137577,NA,NA,NA,NA,NA,NA,NA,NA,NA,
SRC-RAW-5558B34476985A85BE08,SRC-RAW-5558B34476985A85BE08,POWER,expert_scope,396,VOC,reported_total,expert_led_workbook,1.2493287,1.2493287,NA,NA,NA,NA,NA,NA,NA,NA,NA,
SRC-RAW-5558B34476985A85BE08,SRC-RAW-5558B34476985A85BE08,POWER,expert_scope,396,PM10,reported_total,expert_led_workbook,1.2493287,1.2493287,NA,NA,NA,NA,NA,NA,NA,NA,NA,
SRC-RAW-5558B34476985A85BE08,SRC-RAW-5558B34476985A85BE08,POWER,expert_scope,396,PM2.5,reported_total,expert_led_workbook,0.0,0.0,NA,NA,NA,NA,NA,NA,NA,NA,NA,
SRC-RAW-5558B34476985A85BE08,SRC-RAW-5558B34476985A85BE08,POWER,expert_scope,396,BC,reported_total,expert_led_workbook,0.0,0.0,NA,NA,NA,NA,NA,NA,NA,NA,NA,
SRC-RAW-5558B34476985A85BE08,SRC-RAW-5558B34476985A85BE08,POWER,expert_scope,396,OC,reported_total,expert_led_workbook,0.8328858,0.8328858,NA,NA,NA,NA,NA,NA,NA,NA,NA,
SRC-RAW-5558B34476985A85BE08,SRC-RAW-5558B34476985A85BE08,POWER,expert_scope,396,NH3,reported_total,expert_led_workbook,0.0,0.0,NA,NA,NA,NA,NA,NA,NA,NA,NA,
SRC-RAW-97BA8AED97AE7EAB7455,SRC-RAW-97BA8AED97AE7EAB7455,POWER,expert_scope,397,SO2,reported_total,expert_led_workbook,1.6088020708,1.6088020708,NA,NA,NA,NA,NA,NA,NA,NA,NA,
SRC-RAW-97BA8AED97AE7EAB7455,SRC-RAW-97BA8AED97AE7EAB7455,POWER,expert_scope,397,NOx,reported_total,expert_led_workbook,861.1081579999998,344.44326319999993,NA,NA,NA,NA,NA,NA,NA,NA,NA,
SRC-RAW-97BA8AED97AE7EAB7455,SRC-RAW-97BA8AED97AE7EAB7455,POWER,expert_scope,397,CO,reported_total,expert_led_workbook,273.034294,273.034294,NA,NA,NA,NA,NA,NA,NA,NA,NA,
SRC-RAW-97BA8AED97AE7EAB7455,SRC-RAW-97BA8AED97AE7EAB7455,POWER,expert_scope,397,VOC,reported_total,expert_led_workbook,6.3007914,6.3007914,NA,NA,NA,NA,NA,NA,NA,NA,NA,
SRC-RAW-97BA8AED97AE7EAB7455,SRC-RAW-97BA8AED97AE7EAB7455,POWER,expert_scope,397,PM10,reported_total,expert_led_workbook,6.3007914,6.3007914,NA,NA,NA,NA,NA,NA,NA,NA,NA,
SRC-RAW-97BA8AED97AE7EAB7455,SRC-RAW-97BA8AED97AE7EAB7455,POWER,expert_scope,397,PM2.5,reported_total,expert_led_workbook,0.0,0.0,NA,NA,NA,NA,NA,NA,NA,NA,NA,
SRC-RAW-97BA8AED97AE7EAB7455,SRC-RAW-97BA8AED97AE7EAB7455,POWER,expert_scope,397,BC,reported_total,expert_led_workbook,0.0,0.0,NA,NA,NA,NA,NA,NA,NA,NA,NA,
SRC-RAW-97BA8AED97AE7EAB7455,SRC-RAW-97BA8AED97AE7EAB7455,POWER,expert_scope,397,OC,reported_total,expert_led_workbook,4.2005276,4.2005276,NA,NA,NA,NA,NA,NA,NA,NA,NA,
SRC-RAW-97BA8AED97AE7EAB7455,SRC-RAW-97BA8AED97AE7EAB7455,POWER,expert_scope,397,NH3,reported_total,expert_led_workbook,0.0,0.0,NA,NA,NA,NA,NA,NA,NA,NA,NA,
SRC-RAW-EE6CBFD351A2717C607C,SRC-RAW-EE6CBFD351A2717C607C,POWER,expert_scope,398,SO2,reported_total,expert_led_workbook,1.276609472,1.276609472,NA,NA,NA,NA,NA,NA,NA,NA,NA,
SRC-RAW-EE6CBFD351A2717C607C,SRC-RAW-EE6CBFD351A2717C607C,POWER,expert_scope,398,NOx,reported_total,expert_led_workbook,683.3027199999999,273.321088,NA,NA,NA,NA,NA,NA,NA,NA,NA,
SRC-RAW-EE6CBFD351A2717C607C,SRC-RAW-EE6CBFD351A2717C607C,POWER,expert_scope,398,CO,reported_total,expert_led_workbook,216.65696,216.65696,NA,NA,NA,NA,NA,NA,NA,NA,NA,
SRC-RAW-EE6CBFD351A2717C607C,SRC-RAW-EE6CBFD351A2717C607C,POWER,expert_scope,398,VOC,reported_total,expert_led_workbook,4.999775999999999,4.999775999999999,NA,NA,NA,NA,NA,NA,NA,NA,NA,
SRC-RAW-EE6CBFD351A2717C607C,SRC-RAW-EE6CBFD351A2717C607C,POWER,expert_scope,398,PM10,reported_total,expert_led_workbook,4.999775999999999,4.999775999999999,NA,NA,NA,NA,NA,NA,NA,NA,NA,
SRC-RAW-EE6CBFD351A2717C607C,SRC-RAW-EE6CBFD351A2717C607C,POWER,expert_scope,398,PM2.5,reported_total,expert_led_workbook,0.0,0.0,NA,NA,NA,NA,NA,NA,NA,NA,NA,
SRC-RAW-EE6CBFD351A2717C607C,SRC-RAW-EE6CBFD351A2717C607C,POWER,expert_scope,398,BC,reported_total,expert_led_workbook,0.0,0.0,NA,NA,NA,NA,NA,NA,NA,NA,NA,
SRC-RAW-EE6CBFD351A2717C607C,SRC-RAW-EE6CBFD351A2717C607C,POWER,expert_scope,398,OC,reported_total,expert_led_workbook,3.333184,3.333184,NA,NA,NA,NA,NA,NA,NA,NA,NA,
SRC-RAW-EE6CBFD351A2717C607C,SRC-RAW-EE6CBFD351A2717C607C,POWER,expert_scope,398,NH3,reported_total,expert_led_workbook,0.0,0.0,NA,NA,NA,NA,NA,NA,NA,NA,NA,
SRC-RAW-0180EDF55F46EA2F4653,SRC-RAW-0180EDF55F46EA2F4653,POWER,expert_scope,399,SO2,reported_total,expert_led_workbook,2.3916431935999998,2.3916431935999998,NA,NA,NA,NA,NA,NA,NA,NA,NA,
SRC-RAW-0180EDF55F46EA2F4653,SRC-RAW-0180EDF55F46EA2F4653,POWER,expert_scope,399,NOx,reported_total,expert_led_workbook,1280.122336,512.0489344,NA,NA,NA,NA,NA,NA,NA,NA,NA,
SRC-RAW-0180EDF55F46EA2F4653,SRC-RAW-0180EDF55F46EA2F4653,POWER,expert_scope,399,CO,reported_total,expert_led_workbook,405.892448,405.892448,NA,NA,NA,NA,NA,NA,NA,NA,NA,
SRC-RAW-0180EDF55F46EA2F4653,SRC-RAW-0180EDF55F46EA2F4653,POWER,expert_scope,399,VOC,reported_total,expert_led_workbook,9.366748799999998,9.366748799999998,NA,NA,NA,NA,NA,NA,NA,NA,NA,
SRC-RAW-0180EDF55F46EA2F4653,SRC-RAW-0180EDF55F46EA2F4653,POWER,expert_scope,399,PM10,reported_total,expert_led_workbook,9.366748799999998,9.366748799999998,NA,NA,NA,NA,NA,NA,NA,NA,NA,
SRC-RAW-0180EDF55F46EA2F4653,SRC-RAW-0180EDF55F46EA2F4653,POWER,expert_scope,399,PM2.5,reported_total,expert_led_workbook,0.0,0.0,NA,NA,NA,NA,NA,NA,NA,NA,NA,
SRC-RAW-0180EDF55F46EA2F4653,SRC-RAW-0180EDF55F46EA2F4653,POWER,expert_scope,399,BC,reported_total,expert_led_workbook,0.0,0.0,NA,NA,NA,NA,NA,NA,NA,NA,NA,
SRC-RAW-0180EDF55F46EA2F4653,SRC-RAW-0180EDF55F46EA2F4653,POWER,expert_scope,399,OC,reported_total,expert_led_workbook,6.2444992,6.2444992,NA,NA,NA,NA,NA,NA,NA,NA,NA,
SRC-RAW-0180EDF55F46EA2F4653,SRC-RAW-0180EDF55F46EA2F4653,POWER,expert_scope,399,NH3,reported_total,expert_led_workbook,0.0,0.0,NA,NA,NA,NA,NA,NA,NA,NA,NA,
SRC-RAW-0AC3DFF43E5B17928155,SRC-RAW-0AC3DFF43E5B17928155,POWER,expert_scope,400,SO2,reported_total,expert_led_workbook,0.24363424,0.24363424,NA,NA,NA,NA,NA,NA,NA,NA,NA,
SRC-RAW-0AC3DFF43E5B17928155,SRC-RAW-0AC3DFF43E5B17928155,POWER,expert_scope,400,NOx,reported_total,expert_led_workbook,499.45019199999996,289.68111136,NA,NA,NA,NA,NA,NA,NA,NA,NA,
SRC-RAW-0AC3DFF43E5B17928155,SRC-RAW-0AC3DFF43E5B17928155,POWER,expert_scope,400,CO,reported_total,expert_led_workbook,158.362256,158.362256,NA,NA,NA,NA,NA,NA,NA,NA,NA,
SRC-RAW-0AC3DFF43E5B17928155,SRC-RAW-0AC3DFF43E5B17928155,POWER,expert_scope,400,VOC,reported_total,expert_led_workbook,3.6545135999999996,3.6545135999999996,NA,NA,NA,NA,NA,NA,NA,NA,NA,
SRC-RAW-0AC3DFF43E5B17928155,SRC-RAW-0AC3DFF43E5B17928155,POWER,expert_scope,400,PM10,reported_total,expert_led_workbook,3.6545135999999996,3.6545135999999996,NA,NA,NA,NA,NA,NA,NA,NA,NA,
SRC-RAW-0AC3DFF43E5B17928155,SRC-RAW-0AC3DFF43E5B17928155,POWER,expert_scope,400,PM2.5,reported_total,expert_led_workbook,0.0,0.0,NA,NA,NA,NA,NA,NA,NA,NA,NA,
SRC-RAW-0AC3DFF43E5B17928155,SRC-RAW-0AC3DFF43E5B17928155,POWER,expert_scope,400,BC,reported_total,expert_led_workbook,0.0,0.0,NA,NA,NA,NA,NA,NA,NA,NA,NA,
SRC-RAW-0AC3DFF43E5B17928155,SRC-RAW-0AC3DFF43E5B17928155,POWER,expert_scope,400,OC,reported_total,expert_led_workbook,2.4363424,2.4363424,NA,NA,NA,NA,NA,NA,NA,NA,NA,
SRC-RAW-0AC3DFF43E5B17928155,SRC-RAW-0AC3DFF43E5B17928155,POWER,expert_scope,400,NH3,reported_total,expert_led_workbook,0.0,0.0,NA,NA,NA,NA,NA,NA,NA,NA,NA,
SRC-RAW-6A3E23092705B3565E0C,SRC-RAW-6A3E23092705B3565E0C,POWER,expert_scope,401,SO2,reported_total,expert_led_workbook,0.18986156,0.18986156,NA,NA,NA,NA,NA,NA,NA,NA,NA,
SRC-RAW-6A3E23092705B3565E0C,SRC-RAW-6A3E23092705B3565E0C,POWER,expert_scope,401,NOx,reported_total,expert_led_workbook,389.21619799999996,225.74539484000002,NA,NA,NA,NA,NA,NA,NA,NA,NA,
SRC-RAW-6A3E23092705B3565E0C,SRC-RAW-6A3E23092705B3565E0C,POWER,expert_scope,401,CO,reported_total,expert_led_workbook,123.41001399999999,123.41001399999999,NA,NA,NA,NA,NA,NA,NA,NA,NA,
SRC-RAW-6A3E23092705B3565E0C,SRC-RAW-6A3E23092705B3565E0C,POWER,expert_scope,401,VOC,reported_total,expert_led_workbook,2.8479233999999995,2.8479233999999995,NA,NA,NA,NA,NA,NA,NA,NA,NA,
SRC-RAW-6A3E23092705B3565E0C,SRC-RAW-6A3E23092705B3565E0C,POWER,expert_scope,401,PM10,reported_total,expert_led_workbook,2.8479233999999995,2.8479233999999995,NA,NA,NA,NA,NA,NA,NA,NA,NA,
SRC-RAW-6A3E23092705B3565E0C,SRC-RAW-6A3E23092705B3565E0C,POWER,expert_scope,401,PM2.5,reported_total,expert_led_workbook,0.0,0.0,NA,NA,NA,NA,NA,NA,NA,NA,NA,
SRC-RAW-6A3E23092705B3565E0C,SRC-RAW-6A3E23092705B3565E0C,POWER,expert_scope,401,BC,reported_total,expert_led_workbook,0.0,0.0,NA,NA,NA,NA,NA,NA,NA,NA,NA,
SRC-RAW-6A3E23092705B3565E0C,SRC-RAW-6A3E23092705B3565E0C,POWER,expert_scope,401,OC,reported_total,expert_led_workbook,1.8986155999999998,1.8986155999999998,NA,NA,NA,NA,NA,NA,NA,NA,NA,
SRC-RAW-6A3E23092705B3565E0C,SRC-RAW-6A3E23092705B3565E0C,POWER,expert_scope,401,NH3,reported_total,expert_led_workbook,0.0,0.0,NA,NA,NA,NA,NA,NA,NA,NA,NA,
SRC-RAW-C6E41B9C66E2B53636C0,SRC-RAW-C6E41B9C66E2B53636C0,POWER,expert_scope,402,SO2,reported_total,expert_led_workbook,0.37970832,0.37970832,NA,NA,NA,NA,NA,NA,NA,NA,NA,
SRC-RAW-C6E41B9C66E2B53636C0,SRC-RAW-C6E41B9C66E2B53636C0,POWER,expert_scope,402,NOx,reported_total,expert_led_workbook,778.402056,451.4731924800001,NA,NA,NA,NA,NA,NA,NA,NA,NA,
SRC-RAW-C6E41B9C66E2B53636C0,SRC-RAW-C6E41B9C66E2B53636C0,POWER,expert_scope,402,CO,reported_total,expert_led_workbook,246.81040800000002,246.81040800000002,NA,NA,NA,NA,NA,NA,NA,NA,NA,
SRC-RAW-C6E41B9C66E2B53636C0,SRC-RAW-C6E41B9C66E2B53636C0,POWER,expert_scope,402,VOC,reported_total,expert_led_workbook,5.695624800000001,5.695624800000001,NA,NA,NA,NA,NA,NA,NA,NA,NA,
SRC-RAW-C6E41B9C66E2B53636C0,SRC-RAW-C6E41B9C66E2B53636C0,POWER,expert_scope,402,PM10,reported_total,expert_led_workbook,5.695624800000001,5.695624800000001,NA,NA,NA,NA,NA,NA,NA,NA,NA,
SRC-RAW-C6E41B9C66E2B53636C0,SRC-RAW-C6E41B9C66E2B53636C0,POWER,expert_scope,402,PM2.5,reported_total,expert_led_workbook,0.0,0.0,NA,NA,NA,NA,NA,NA,NA,NA,NA,
SRC-RAW-C6E41B9C66E2B53636C0,SRC-RAW-C6E41B9C66E2B53636C0,POWER,expert_scope,402,BC,reported_total,expert_led_workbook,0.0,0.0,NA,NA,NA,NA,NA,NA,NA,NA,NA,
SRC-RAW-C6E41B9C66E2B53636C0,SRC-RAW-C6E41B9C66E2B53636C0,POWER,expert_scope,402,OC,reported_total,expert_led_workbook,3.7970832000000003,3.7970832000000003,NA,NA,NA,NA,NA,NA,NA,NA,NA,
SRC-RAW-C6E41B9C66E2B53636C0,SRC-RAW-C6E41B9C66E2B53636C0,POWER,expert_scope,402,NH3,reported_total,expert_led_workbook,0.0,0.0,NA,NA,NA,NA,NA,NA,NA,NA,NA,
SRC-RAW-D24E7DD806096381F6D7,SRC-RAW-D24E7DD806096381F6D7,POWER,expert_scope,403,SO2,reported_total,expert_led_workbook,0.58272946,0.58272946,NA,NA,NA,NA,NA,NA,NA,NA,NA,
SRC-RAW-D24E7DD806096381F6D7,SRC-RAW-D24E7DD806096381F6D7,POWER,expert_scope,403,NOx,reported_total,expert_led_workbook,1194.595393,692.8653279400002,NA,NA,NA,NA,NA,NA,NA,NA,NA,
SRC-RAW-D24E7DD806096381F6D7,SRC-RAW-D24E7DD806096381F6D7,POWER,expert_scope,403,CO,reported_total,expert_led_workbook,378.7741490000001,378.7741490000001,NA,NA,NA,NA,NA,NA,NA,NA,NA,
SRC-RAW-D24E7DD806096381F6D7,SRC-RAW-D24E7DD806096381F6D7,POWER,expert_scope,403,VOC,reported_total,expert_led_workbook,8.740941900000001,8.740941900000001,NA,NA,NA,NA,NA,NA,NA,NA,NA,
SRC-RAW-D24E7DD806096381F6D7,SRC-RAW-D24E7DD806096381F6D7,POWER,expert_scope,403,PM10,reported_total,expert_led_workbook,8.740941900000001,8.740941900000001,NA,NA,NA,NA,NA,NA,NA,NA,NA,
SRC-RAW-D24E7DD806096381F6D7,SRC-RAW-D24E7DD806096381F6D7,POWER,expert_scope,403,PM2.5,reported_total,expert_led_workbook,0.0,0.0,NA,NA,NA,NA,NA,NA,NA,NA,NA,
SRC-RAW-D24E7DD806096381F6D7,SRC-RAW-D24E7DD806096381F6D7,POWER,expert_scope,403,BC,reported_total,expert_led_workbook,0.0,0.0,NA,NA,NA,NA,NA,NA,NA,NA,NA,
SRC-RAW-D24E7DD806096381F6D7,SRC-RAW-D24E7DD806096381F6D7,POWER,expert_scope,403,OC,reported_total,expert_led_workbook,5.827294600000001,5.827294600000001,NA,NA,NA,NA,NA,NA,NA,NA,NA,
SRC-RAW-D24E7DD806096381F6D7,SRC-RAW-D24E7DD806096381F6D7,POWER,expert_scope,403,NH3,reported_total,expert_led_workbook,0.0,0.0,NA,NA,NA,NA,NA,NA,NA,NA,NA,
SRC-RAW-6035AD1D70625AFF16B7,SRC-RAW-6035AD1D70625AFF16B7,POWER,expert_scope,404,SO2,reported_total,expert_led_workbook,0.59966868,0.59966868,NA,NA,NA,NA,NA,NA,NA,NA,NA,
SRC-RAW-6035AD1D70625AFF16B7,SRC-RAW-6035AD1D70625AFF16B7,POWER,expert_scope,404,NOx,reported_total,expert_led_workbook,1229.3207939999998,713.0060605199999,NA,NA,NA,NA,NA,NA,NA,NA,NA,
SRC-RAW-6035AD1D70625AFF16B7,SRC-RAW-6035AD1D70625AFF16B7,POWER,expert_scope,404,CO,reported_total,expert_led_workbook,389.784642,389.784642,NA,NA,NA,NA,NA,NA,NA,NA,NA,
SRC-RAW-6035AD1D70625AFF16B7,SRC-RAW-6035AD1D70625AFF16B7,POWER,expert_scope,404,VOC,reported_total,expert_led_workbook,8.995030199999999,8.995030199999999,NA,NA,NA,NA,NA,NA,NA,NA,NA,
SRC-RAW-6035AD1D70625AFF16B7,SRC-RAW-6035AD1D70625AFF16B7,POWER,expert_scope,404,PM10,reported_total,expert_led_workbook,8.995030199999999,8.995030199999999,NA,NA,NA,NA,NA,NA,NA,NA,NA,
SRC-RAW-6035AD1D70625AFF16B7,SRC-RAW-6035AD1D70625AFF16B7,POWER,expert_scope,404,PM2.5,reported_total,expert_led_workbook,0.0,0.0,NA,NA,NA,NA,NA,NA,NA,NA,NA,
SRC-RAW-6035AD1D70625AFF16B7,SRC-RAW-6035AD1D70625AFF16B7,POWER,expert_scope,404,BC,reported_total,expert_led_workbook,0.0,0.0,NA,NA,NA,NA,NA,NA,NA,NA,NA,
SRC-RAW-6035AD1D70625AFF16B7,SRC-RAW-6035AD1D70625AFF16B7,POWER,expert_scope,404,OC,reported_total,expert_led_workbook,5.9966868,5.9966868,NA,NA,NA,NA,NA,NA,NA,NA,NA,
SRC-RAW-6035AD1D70625AFF16B7,SRC-RAW-6035AD1D70625AFF16B7,POWER,expert_scope,404,NH3,reported_total,expert_led_workbook,0.0,0.0,NA,NA,NA,NA,NA,NA,NA,NA,NA,
SRC-RAW-BAE2FBA5D5895B4EB5AF,SRC-RAW-BAE2FBA5D5895B4EB5AF,POWER,expert_scope,405,SO2,reported_total,expert_led_workbook,0.05582293940000001,0.05582293940000001,NA,NA,NA,NA,NA,NA,NA,NA,NA,
SRC-RAW-BAE2FBA5D5895B4EB5AF,SRC-RAW-BAE2FBA5D5895B4EB5AF,POWER,expert_scope,405,NOx,reported_total,expert_led_workbook,29.879118999999996,17.32988902,NA,NA,NA,NA,NA,NA,NA,NA,NA,
SRC-RAW-BAE2FBA5D5895B4EB5AF,SRC-RAW-BAE2FBA5D5895B4EB5AF,POWER,expert_scope,405,CO,reported_total,expert_led_workbook,9.473867,9.473867,NA,NA,NA,NA,NA,NA,NA,NA,NA,
SRC-RAW-BAE2FBA5D5895B4EB5AF,SRC-RAW-BAE2FBA5D5895B4EB5AF,POWER,expert_scope,405,VOC,reported_total,expert_led_workbook,0.2186277,0.2186277,NA,NA,NA,NA,NA,NA,NA,NA,NA,
SRC-RAW-BAE2FBA5D5895B4EB5AF,SRC-RAW-BAE2FBA5D5895B4EB5AF,POWER,expert_scope,405,PM10,reported_total,expert_led_workbook,0.2186277,0.2186277,NA,NA,NA,NA,NA,NA,NA,NA,NA,
SRC-RAW-BAE2FBA5D5895B4EB5AF,SRC-RAW-BAE2FBA5D5895B4EB5AF,POWER,expert_scope,405,PM2.5,reported_total,expert_led_workbook,0.0,0.0,NA,NA,NA,NA,NA,NA,NA,NA,NA,
SRC-RAW-BAE2FBA5D5895B4EB5AF,SRC-RAW-BAE2FBA5D5895B4EB5AF,POWER,expert_scope,405,BC,reported_total,expert_led_workbook,0.0,0.0,NA,NA,NA,NA,NA,NA,NA,NA,NA,
SRC-RAW-BAE2FBA5D5895B4EB5AF,SRC-RAW-BAE2FBA5D5895B4EB5AF,POWER,expert_scope,405,OC,reported_total,expert_led_workbook,0.14575180000000001,0.14575180000000001,NA,NA,NA,NA,NA,NA,NA,NA,NA,
SRC-RAW-BAE2FBA5D5895B4EB5AF,SRC-RAW-BAE2FBA5D5895B4EB5AF,POWER,expert_scope,405,NH3,reported_total,expert_led_workbook,0.0,0.0,NA,NA,NA,NA,NA,NA,NA,NA,NA,
SRC-RAW-FD5D347A0907A21ACAB3,SRC-RAW-FD5D347A0907A21ACAB3,POWER,expert_scope,406,SO2,reported_total,expert_led_workbook,0.0515813676,0.0515813676,NA,NA,NA,NA,NA,NA,NA,NA,NA,
SRC-RAW-FD5D347A0907A21ACAB3,SRC-RAW-FD5D347A0907A21ACAB3,POWER,expert_scope,406,NOx,reported_total,expert_led_workbook,27.608825999999997,16.01311908,NA,NA,NA,NA,NA,NA,NA,NA,NA,
SRC-RAW-FD5D347A0907A21ACAB3,SRC-RAW-FD5D347A0907A21ACAB3,POWER,expert_scope,406,CO,reported_total,expert_led_workbook,8.754018,8.754018,NA,NA,NA,NA,NA,NA,NA,NA,NA,
SRC-RAW-FD5D347A0907A21ACAB3,SRC-RAW-FD5D347A0907A21ACAB3,POWER,expert_scope,406,VOC,reported_total,expert_led_workbook,0.2020158,0.2020158,NA,NA,NA,NA,NA,NA,NA,NA,NA,
SRC-RAW-FD5D347A0907A21ACAB3,SRC-RAW-FD5D347A0907A21ACAB3,POWER,expert_scope,406,PM10,reported_total,expert_led_workbook,0.2020158,0.2020158,NA,NA,NA,NA,NA,NA,NA,NA,NA,
SRC-RAW-FD5D347A0907A21ACAB3,SRC-RAW-FD5D347A0907A21ACAB3,POWER,expert_scope,406,PM2.5,reported_total,expert_led_workbook,0.0,0.0,NA,NA,NA,NA,NA,NA,NA,NA,NA,
SRC-RAW-FD5D347A0907A21ACAB3,SRC-RAW-FD5D347A0907A21ACAB3,POWER,expert_scope,406,BC,reported_total,expert_led_workbook,0.0,0.0,NA,NA,NA,NA,NA,NA,NA,NA,NA,
SRC-RAW-FD5D347A0907A21ACAB3,SRC-RAW-FD5D347A0907A21ACAB3,POWER,expert_scope,406,OC,reported_total,expert_led_workbook,0.13467720000000002,0.13467720000000002,NA,NA,NA,NA,NA,NA,NA,NA,NA,
SRC-RAW-FD5D347A0907A21ACAB3,SRC-RAW-FD5D347A0907A21ACAB3,POWER,expert_scope,406,NH3,reported_total,expert_led_workbook,0.0,0.0,NA,NA,NA,NA,NA,NA,NA,NA,NA,
SRC-RAW-666377E550A58209784D,SRC-RAW-666377E550A58209784D,POWER,expert_scope,407,SO2,reported_total,expert_led_workbook,0.42436464,0.42436464,NA,NA,NA,NA,NA,NA,NA,NA,NA,
SRC-RAW-666377E550A58209784D,SRC-RAW-666377E550A58209784D,POWER,expert_scope,407,NOx,reported_total,expert_led_workbook,68.39209999999999,39.667418,NA,NA,NA,NA,NA,NA,NA,NA,NA,
SRC-RAW-666377E550A58209784D,SRC-RAW-666377E550A58209784D,POWER,expert_scope,407,CO,reported_total,expert_led_workbook,21.685299999999998,21.685299999999998,NA,NA,NA,NA,NA,NA,NA,NA,NA,
SRC-RAW-666377E550A58209784D,SRC-RAW-666377E550A58209784D,POWER,expert_scope,407,VOC,reported_total,expert_led_workbook,0.5004299999999999,0.5004299999999999,NA,NA,NA,NA,NA,NA,NA,NA,NA,
SRC-RAW-666377E550A58209784D,SRC-RAW-666377E550A58209784D,POWER,expert_scope,407,PM10,reported_total,expert_led_workbook,0.5004299999999999,0.5004299999999999,NA,NA,NA,NA,NA,NA,NA,NA,NA,
SRC-RAW-666377E550A58209784D,SRC-RAW-666377E550A58209784D,POWER,expert_scope,407,PM2.5,reported_total,expert_led_workbook,0.0,0.0,NA,NA,NA,NA,NA,NA,NA,NA,NA,
SRC-RAW-666377E550A58209784D,SRC-RAW-666377E550A58209784D,POWER,expert_scope,407,BC,reported_total,expert_led_workbook,0.0,0.0,NA,NA,NA,NA,NA,NA,NA,NA,NA,
SRC-RAW-666377E550A58209784D,SRC-RAW-666377E550A58209784D,POWER,expert_scope,407,OC,reported_total,expert_led_workbook,0.33362,0.33362,NA,NA,NA,NA,NA,NA,NA,NA,NA,
SRC-RAW-666377E550A58209784D,SRC-RAW-666377E550A58209784D,POWER,expert_scope,407,NH3,reported_total,expert_led_workbook,0.0,0.0,NA,NA,NA,NA,NA,NA,NA,NA,NA,
SRC-RAW-30FA21F1E0FEA79226C7,SRC-RAW-30FA21F1E0FEA79226C7,POWER,expert_scope,408,SO2,reported_total,expert_led_workbook,0.32204496,0.32204496,NA,NA,NA,NA,NA,NA,NA,NA,NA,
SRC-RAW-30FA21F1E0FEA79226C7,SRC-RAW-30FA21F1E0FEA79226C7,POWER,expert_scope,408,NOx,reported_total,expert_led_workbook,51.90189999999999,30.103102,NA,NA,NA,NA,NA,NA,NA,NA,NA,
SRC-RAW-30FA21F1E0FEA79226C7,SRC-RAW-30FA21F1E0FEA79226C7,POWER,expert_scope,408,CO,reported_total,expert_led_workbook,16.4567,16.4567,NA,NA,NA,NA,NA,NA,NA,NA,NA,
SRC-RAW-30FA21F1E0FEA79226C7,SRC-RAW-30FA21F1E0FEA79226C7,POWER,expert_scope,408,VOC,reported_total,expert_led_workbook,0.37977000000000005,0.37977000000000005,NA,NA,NA,NA,NA,NA,NA,NA,NA,
SRC-RAW-30FA21F1E0FEA79226C7,SRC-RAW-30FA21F1E0FEA79226C7,POWER,expert_scope,408,PM10,reported_total,expert_led_workbook,0.37977000000000005,0.37977000000000005,NA,NA,NA,NA,NA,NA,NA,NA,NA,
SRC-RAW-30FA21F1E0FEA79226C7,SRC-RAW-30FA21F1E0FEA79226C7,POWER,expert_scope,408,PM2.5,reported_total,expert_led_workbook,0.0,0.0,NA,NA,NA,NA,NA,NA,NA,NA,NA,
SRC-RAW-30FA21F1E0FEA79226C7,SRC-RAW-30FA21F1E0FEA79226C7,POWER,expert_scope,408,BC,reported_total,expert_led_workbook,0.0,0.0,NA,NA,NA,NA,NA,NA,NA,NA,NA,
SRC-RAW-30FA21F1E0FEA79226C7,SRC-RAW-30FA21F1E0FEA79226C7,POWER,expert_scope,408,OC,reported_total,expert_led_workbook,0.25318,0.25318,NA,NA,NA,NA,NA,NA,NA,NA,NA,
SRC-RAW-30FA21F1E0FEA79226C7,SRC-RAW-30FA21F1E0FEA79226C7,POWER,expert_scope,408,NH3,reported_total,expert_led_workbook,0.0,0.0,NA,NA,NA,NA,NA,NA,NA,NA,NA,
SRC-RAW-2DA4D71C571331BA6F84,SRC-RAW-2DA4D71C571331BA6F84,POWER,expert_scope,409,SO2,reported_total,expert_led_workbook,13283.948749999998,280.29131862500003,NA,NA,NA,NA,NA,NA,NA,NA,NA,
SRC-RAW-2DA4D71C571331BA6F84,SRC-RAW-2DA4D71C571331BA6F84,POWER,expert_scope,409,NOx,reported_total,expert_led_workbook,13741.35875,2059.2455156935875,NA,NA,NA,NA,NA,NA,NA,NA,NA,
SRC-RAW-2DA4D71C571331BA6F84,SRC-RAW-2DA4D71C571331BA6F84,POWER,expert_scope,409,CO,reported_total,expert_led_workbook,3811.75,3811.75,NA,NA,NA,NA,NA,NA,NA,NA,NA,
SRC-RAW-2DA4D71C571331BA6F84,SRC-RAW-2DA4D71C571331BA6F84,POWER,expert_scope,409,VOC,reported_total,expert_led_workbook,35046.1824375,210.2770946249963,NA,NA,NA,NA,NA,NA,NA,NA,NA,
SRC-RAW-2DA4D71C571331BA6F84,SRC-RAW-2DA4D71C571331BA6F84,POWER,expert_scope,409,PM10,reported_total,expert_led_workbook,9142.482374999998,155.4222003750001,NA,NA,NA,NA,NA,NA,NA,NA,NA,
SRC-RAW-2DA4D71C571331BA6F84,SRC-RAW-2DA4D71C571331BA6F84,POWER,expert_scope,409,PM2.5,reported_total,expert_led_workbook,18.284964749999997,0.3108444007500002,NA,NA,NA,NA,NA,NA,NA,NA,NA,
SRC-RAW-2DA4D71C571331BA6F84,SRC-RAW-2DA4D71C571331BA6F84,POWER,expert_scope,409,BC,reported_total,expert_led_workbook,0.0,0.0,NA,NA,NA,NA,NA,NA,NA,NA,NA,
SRC-RAW-2DA4D71C571331BA6F84,SRC-RAW-2DA4D71C571331BA6F84,POWER,expert_scope,409,OC,reported_total,expert_led_workbook,76.235,76.235,NA,NA,NA,NA,NA,NA,NA,NA,NA,
SRC-RAW-2DA4D71C571331BA6F84,SRC-RAW-2DA4D71C571331BA6F84,POWER,expert_scope,409,NH3,reported_total,expert_led_workbook,0.0,0.0,NA,NA,NA,NA,NA,NA,NA,NA,NA,
SRC-RAW-84F5F5E88705396F1B23,SRC-RAW-84F5F5E88705396F1B23,POWER,expert_scope,410,SO2,reported_total,expert_led_workbook,10286.054169999998,217.03574298700002,NA,NA,NA,NA,NA,NA,NA,NA,NA,
SRC-RAW-84F5F5E88705396F1B23,SRC-RAW-84F5F5E88705396F1B23,POWER,expert_scope,410,NOx,reported_total,expert_led_workbook,10640.23681,1604.4222717274206,NA,NA,NA,NA,NA,NA,NA,NA,NA,
SRC-RAW-84F5F5E88705396F1B23,SRC-RAW-84F5F5E88705396F1B23,POWER,expert_scope,410,CO,reported_total,expert_led_workbook,2951.522,2951.522,NA,NA,NA,NA,NA,NA,NA,NA,NA,
SRC-RAW-84F5F5E88705396F1B23,SRC-RAW-84F5F5E88705396F1B23,POWER,expert_scope,410,VOC,reported_total,expert_led_workbook,27137.0311485,162.82218689099713,NA,NA,NA,NA,NA,NA,NA,NA,NA,
SRC-RAW-84F5F5E88705396F1B23,SRC-RAW-84F5F5E88705396F1B23,POWER,expert_scope,410,PM10,reported_total,expert_led_workbook,7079.225516999999,120.34683378900009,NA,NA,NA,NA,NA,NA,NA,NA,NA,
SRC-RAW-84F5F5E88705396F1B23,SRC-RAW-84F5F5E88705396F1B23,POWER,expert_scope,410,PM2.5,reported_total,expert_led_workbook,14.158451033999999,0.2406936675780002,NA,NA,NA,NA,NA,NA,NA,NA,NA,
SRC-RAW-84F5F5E88705396F1B23,SRC-RAW-84F5F5E88705396F1B23,POWER,expert_scope,410,BC,reported_total,expert_led_workbook,0.0,0.0,NA,NA,NA,NA,NA,NA,NA,NA,NA,
SRC-RAW-84F5F5E88705396F1B23,SRC-RAW-84F5F5E88705396F1B23,POWER,expert_scope,410,OC,reported_total,expert_led_workbook,59.030440000000006,59.030440000000006,NA,NA,NA,NA,NA,NA,NA,NA,NA,
SRC-RAW-84F5F5E88705396F1B23,SRC-RAW-84F5F5E88705396F1B23,POWER,expert_scope,410,NH3,reported_total,expert_led_workbook,0.0,0.0,NA,NA,NA,NA,NA,NA,NA,NA,NA,
SRC-RAW-5579BBBBB608C011246B,SRC-RAW-5579BBBBB608C011246B,POWER,expert_scope,411,SO2,reported_total,expert_led_workbook,15191.379859999997,320.5381150460001,NA,NA,NA,NA,NA,NA,NA,NA,NA,
SRC-RAW-5579BBBBB608C011246B,SRC-RAW-5579BBBBB608C011246B,POWER,expert_scope,411,NOx,reported_total,expert_led_workbook,15714.46898,2399.8302311369735,NA,NA,NA,NA,NA,NA,NA,NA,NA,
SRC-RAW-5579BBBBB608C011246B,SRC-RAW-5579BBBBB608C011246B,POWER,expert_scope,411,CO,reported_total,expert_led_workbook,4359.076,4359.076,NA,NA,NA,NA,NA,NA,NA,NA,NA,
SRC-RAW-5579BBBBB608C011246B,SRC-RAW-5579BBBBB608C011246B,POWER,expert_scope,411,VOC,reported_total,expert_led_workbook,40078.434513,240.47060707799577,NA,NA,NA,NA,NA,NA,NA,NA,NA,
SRC-RAW-5579BBBBB608C011246B,SRC-RAW-5579BBBBB608C011246B,POWER,expert_scope,411,PM10,reported_total,expert_led_workbook,10455.243786,177.73914436200013,NA,NA,NA,NA,NA,NA,NA,NA,NA,
SRC-RAW-5579BBBBB608C011246B,SRC-RAW-5579BBBBB608C011246B,POWER,expert_scope,411,PM2.5,reported_total,expert_led_workbook,20.910487571999997,0.3554782887240003,NA,NA,NA,NA,NA,NA,NA,NA,NA,
SRC-RAW-5579BBBBB608C011246B,SRC-RAW-5579BBBBB608C011246B,POWER,expert_scope,411,BC,reported_total,expert_led_workbook,0.0,0.0,NA,NA,NA,NA,NA,NA,NA,NA,NA,
SRC-RAW-5579BBBBB608C011246B,SRC-RAW-5579BBBBB608C011246B,POWER,expert_scope,411,OC,reported_total,expert_led_workbook,87.18152,87.18152,NA,NA,NA,NA,NA,NA,NA,NA,NA,
SRC-RAW-5579BBBBB608C011246B,SRC-RAW-5579BBBBB608C011246B,POWER,expert_scope,411,NH3,reported_total,expert_led_workbook,0.0,0.0,NA,NA,NA,NA,NA,NA,NA,NA,NA,
SRC-RAW-FC0E5288D1798D7EE1AD,SRC-RAW-FC0E5288D1798D7EE1AD,POWER,expert_scope,412,SO2,reported_total,expert_led_workbook,15626.029059999997,329.70921316600004,NA,NA,NA,NA,NA,NA,NA,NA,NA,
SRC-RAW-FC0E5288D1798D7EE1AD,SRC-RAW-FC0E5288D1798D7EE1AD,POWER,expert_scope,412,NOx,reported_total,expert_led_workbook,16164.08458,2183.552153251561,NA,NA,NA,NA,NA,NA,NA,NA,NA,
SRC-RAW-FC0E5288D1798D7EE1AD,SRC-RAW-FC0E5288D1798D7EE1AD,POWER,expert_scope,412,CO,reported_total,expert_led_workbook,4483.796,4483.796,NA,NA,NA,NA,NA,NA,NA,NA,NA,
SRC-RAW-FC0E5288D1798D7EE1AD,SRC-RAW-FC0E5288D1798D7EE1AD,POWER,expert_scope,412,VOC,reported_total,expert_led_workbook,41225.141373,247.35084823799562,NA,NA,NA,NA,NA,NA,NA,NA,NA,
SRC-RAW-FC0E5288D1798D7EE1AD,SRC-RAW-FC0E5288D1798D7EE1AD,POWER,expert_scope,412,PM10,reported_total,expert_led_workbook,10754.384705999999,182.82454000200013,NA,NA,NA,NA,NA,NA,NA,NA,NA,
SRC-RAW-FC0E5288D1798D7EE1AD,SRC-RAW-FC0E5288D1798D7EE1AD,POWER,expert_scope,412,PM2.5,reported_total,expert_led_workbook,21.508769412,0.3656490800040003,NA,NA,NA,NA,NA,NA,NA,NA,NA,
SRC-RAW-FC0E5288D1798D7EE1AD,SRC-RAW-FC0E5288D1798D7EE1AD,POWER,expert_scope,412,BC,reported_total,expert_led_workbook,0.0,0.0,NA,NA,NA,NA,NA,NA,NA,NA,NA,
SRC-RAW-FC0E5288D1798D7EE1AD,SRC-RAW-FC0E5288D1798D7EE1AD,POWER,expert_scope,412,OC,reported_total,expert_led_workbook,89.67592,89.67592,NA,NA,NA,NA,NA,NA,NA,NA,NA,
SRC-RAW-FC0E5288D1798D7EE1AD,SRC-RAW-FC0E5288D1798D7EE1AD,POWER,expert_scope,412,NH3,reported_total,expert_led_workbook,0.0,0.0,NA,NA,NA,NA,NA,NA,NA,NA,NA,
SRC-RAW-6066991D2DA28566115E,SRC-RAW-6066991D2DA28566115E,POWER,expert_scope,413,SO2,reported_total,expert_led_workbook,23187.087440000003,194.77153449600175,NA,NA,NA,NA,NA,NA,NA,NA,NA,
SRC-RAW-6066991D2DA28566115E,SRC-RAW-6066991D2DA28566115E,POWER,expert_scope,413,NOx,reported_total,expert_led_workbook,11175.06019,1899.7602323000006,NA,NA,NA,NA,NA,NA,NA,NA,NA,
SRC-RAW-6066991D2DA28566115E,SRC-RAW-6066991D2DA28566115E,POWER,expert_scope,413,CO,reported_total,expert_led_workbook,3099.878,3099.878,NA,NA,NA,NA,NA,NA,NA,NA,NA,
SRC-RAW-6066991D2DA28566115E,SRC-RAW-6066991D2DA28566115E,POWER,expert_scope,413,VOC,reported_total,expert_led_workbook,45077.6509065,586.0094617845006,NA,NA,NA,NA,NA,NA,NA,NA,NA,
SRC-RAW-6066991D2DA28566115E,SRC-RAW-6066991D2DA28566115E,POWER,expert_scope,413,PM10,reported_total,expert_led_workbook,11759.387193,352.78161579000033,NA,NA,NA,NA,NA,NA,NA,NA,NA,
SRC-RAW-6066991D2DA28566115E,SRC-RAW-6066991D2DA28566115E,POWER,expert_scope,413,PM2.5,reported_total,expert_led_workbook,23.518774386,0.7055632315800007,NA,NA,NA,NA,NA,NA,NA,NA,NA,
SRC-RAW-6066991D2DA28566115E,SRC-RAW-6066991D2DA28566115E,POWER,expert_scope,413,BC,reported_total,expert_led_workbook,0.0,0.0,NA,NA,NA,NA,NA,NA,NA,NA,NA,
SRC-RAW-6066991D2DA28566115E,SRC-RAW-6066991D2DA28566115E,POWER,expert_scope,413,OC,reported_total,expert_led_workbook,61.99756,61.99756,NA,NA,NA,NA,NA,NA,NA,NA,NA,
SRC-RAW-6066991D2DA28566115E,SRC-RAW-6066991D2DA28566115E,POWER,expert_scope,413,NH3,reported_total,expert_led_workbook,0.0,0.0,NA,NA,NA,NA,NA,NA,NA,NA,NA,
SRC-RAW-927B14F2990B74E2A6EF,SRC-RAW-927B14F2990B74E2A6EF,POWER,expert_scope,414,SO2,reported_total,expert_led_workbook,18642.31424,156.59543961600139,NA,NA,NA,NA,NA,NA,NA,NA,NA,
SRC-RAW-927B14F2990B74E2A6EF,SRC-RAW-927B14F2990B74E2A6EF,POWER,expert_scope,414,NOx,reported_total,expert_led_workbook,8984.69824,1527.3987008000004,NA,NA,NA,NA,NA,NA,NA,NA,NA,
SRC-RAW-927B14F2990B74E2A6EF,SRC-RAW-927B14F2990B74E2A6EF,POWER,expert_scope,414,CO,reported_total,expert_led_workbook,2492.288,2492.288,NA,NA,NA,NA,NA,NA,NA,NA,NA,
SRC-RAW-927B14F2990B74E2A6EF,SRC-RAW-927B14F2990B74E2A6EF,POWER,expert_scope,414,VOC,reported_total,expert_led_workbook,34887.982032,453.5437664160004,NA,NA,NA,NA,NA,NA,NA,NA,NA,
SRC-RAW-927B14F2990B74E2A6EF,SRC-RAW-927B14F2990B74E2A6EF,POWER,expert_scope,414,PM10,reported_total,expert_led_workbook,9101.212704,273.0363811200002,NA,NA,NA,NA,NA,NA,NA,NA,NA,
SRC-RAW-927B14F2990B74E2A6EF,SRC-RAW-927B14F2990B74E2A6EF,POWER,expert_scope,414,PM2.5,reported_total,expert_led_workbook,18.202425408,0.5460727622400005,NA,NA,NA,NA,NA,NA,NA,NA,NA,
SRC-RAW-927B14F2990B74E2A6EF,SRC-RAW-927B14F2990B74E2A6EF,POWER,expert_scope,414,BC,reported_total,expert_led_workbook,0.0,0.0,NA,NA,NA,NA,NA,NA,NA,NA,NA,
SRC-RAW-927B14F2990B74E2A6EF,SRC-RAW-927B14F2990B74E2A6EF,POWER,expert_scope,414,OC,reported_total,expert_led_workbook,49.84576,49.84576,NA,NA,NA,NA,NA,NA,NA,NA,NA,
SRC-RAW-927B14F2990B74E2A6EF,SRC-RAW-927B14F2990B74E2A6EF,POWER,expert_scope,414,NH3,reported_total,expert_led_workbook,0.0,0.0,NA,NA,NA,NA,NA,NA,NA,NA,NA,
SRC-RAW-F7E56B123AF69F40ACAB,SRC-RAW-F7E56B123AF69F40ACAB,POWER,expert_scope,415,SO2,reported_total,expert_led_workbook,31214.23975,262.1996139000023,NA,NA,NA,NA,NA,NA,NA,NA,NA,
SRC-RAW-F7E56B123AF69F40ACAB,SRC-RAW-F7E56B123AF69F40ACAB,POWER,expert_scope,415,NOx,reported_total,expert_led_workbook,15574.717550000001,2647.701983500001,NA,NA,NA,NA,NA,NA,NA,NA,NA,
SRC-RAW-F7E56B123AF69F40ACAB,SRC-RAW-F7E56B123AF69F40ACAB,POWER,expert_scope,415,CO,reported_total,expert_led_workbook,4320.31,4320.31,NA,NA,NA,NA,NA,NA,NA,NA,NA,
SRC-RAW-F7E56B123AF69F40ACAB,SRC-RAW-F7E56B123AF69F40ACAB,POWER,expert_scope,415,VOC,reported_total,expert_led_workbook,62787.60526875001,816.2388684937508,NA,NA,NA,NA,NA,NA,NA,NA,NA,
SRC-RAW-F7E56B123AF69F40ACAB,SRC-RAW-F7E56B123AF69F40ACAB,POWER,expert_scope,415,PM10,reported_total,expert_led_workbook,16379.375287500001,491.38125862500044,NA,NA,NA,NA,NA,NA,NA,NA,NA,
SRC-RAW-F7E56B123AF69F40ACAB,SRC-RAW-F7E56B123AF69F40ACAB,POWER,expert_scope,415,PM2.5,reported_total,expert_led_workbook,32.758750575,0.9827625172500009,NA,NA,NA,NA,NA,NA,NA,NA,NA,
SRC-RAW-F7E56B123AF69F40ACAB,SRC-RAW-F7E56B123AF69F40ACAB,POWER,expert_scope,415,BC,reported_total,expert_led_workbook,0.0,0.0,NA,NA,NA,NA,NA,NA,NA,NA,NA,
SRC-RAW-F7E56B123AF69F40ACAB,SRC-RAW-F7E56B123AF69F40ACAB,POWER,expert_scope,415,OC,reported_total,expert_led_workbook,86.4062,86.4062,NA,NA,NA,NA,NA,NA,NA,NA,NA,
SRC-RAW-F7E56B123AF69F40ACAB,SRC-RAW-F7E56B123AF69F40ACAB,POWER,expert_scope,415,NH3,reported_total,expert_led_workbook,0.0,0.0,NA,NA,NA,NA,NA,NA,NA,NA,NA,
SRC-RAW-4C935755D3373975791B,SRC-RAW-4C935755D3373975791B,POWER,expert_scope,416,SO2,reported_total,expert_led_workbook,35205.3,295.72452000000266,NA,NA,NA,NA,NA,NA,NA,NA,NA,
SRC-RAW-4C935755D3373975791B,SRC-RAW-4C935755D3373975791B,POWER,expert_scope,416,NOx,reported_total,expert_led_workbook,16590.21,2820.3357000000005,NA,NA,NA,NA,NA,NA,NA,NA,NA,
SRC-RAW-4C935755D3373975791B,SRC-RAW-4C935755D3373975791B,POWER,expert_scope,416,CO,reported_total,expert_led_workbook,4602.0,4602.0,NA,NA,NA,NA,NA,NA,NA,NA,NA,
SRC-RAW-4C935755D3373975791B,SRC-RAW-4C935755D3373975791B,POWER,expert_scope,416,VOC,reported_total,expert_led_workbook,69580.51425000001,904.5466852500009,NA,NA,NA,NA,NA,NA,NA,NA,NA,
SRC-RAW-4C935755D3373975791B,SRC-RAW-4C935755D3373975791B,POWER,expert_scope,416,PM10,reported_total,expert_led_workbook,18151.4385,544.5431550000005,NA,NA,NA,NA,NA,NA,NA,NA,NA,
SRC-RAW-4C935755D3373975791B,SRC-RAW-4C935755D3373975791B,POWER,expert_scope,416,PM2.5,reported_total,expert_led_workbook,36.302877,1.089086310000001,NA,NA,NA,NA,NA,NA,NA,NA,NA,
SRC-RAW-4C935755D3373975791B,SRC-RAW-4C935755D3373975791B,POWER,expert_scope,416,BC,reported_total,expert_led_workbook,0.0,0.0,NA,NA,NA,NA,NA,NA,NA,NA,NA,
SRC-RAW-4C935755D3373975791B,SRC-RAW-4C935755D3373975791B,POWER,expert_scope,416,OC,reported_total,expert_led_workbook,92.04,92.04,NA,NA,NA,NA,NA,NA,NA,NA,NA,
SRC-RAW-4C935755D3373975791B,SRC-RAW-4C935755D3373975791B,POWER,expert_scope,416,NH3,reported_total,expert_led_workbook,0.0,0.0,NA,NA,NA,NA,NA,NA,NA,NA,NA,
SRC-RAW-E0A9F5A7F9A97A8DD5CE,SRC-RAW-E0A9F5A7F9A97A8DD5CE,POWER,expert_scope,417,SO2,reported_total,expert_led_workbook,1.747579031,1.747579031,NA,NA,NA,NA,NA,NA,NA,NA,NA,
SRC-RAW-E0A9F5A7F9A97A8DD5CE,SRC-RAW-E0A9F5A7F9A97A8DD5CE,POWER,expert_scope,417,NOx,reported_total,expert_led_workbook,207.16236000000004,120.15416880000004,NA,NA,NA,NA,NA,NA,NA,NA,NA,
SRC-RAW-E0A9F5A7F9A97A8DD5CE,SRC-RAW-E0A9F5A7F9A97A8DD5CE,POWER,expert_scope,417,CO,reported_total,expert_led_workbook,199.48968000000002,199.48968000000002,NA,NA,NA,NA,NA,NA,NA,NA,NA,
SRC-RAW-E0A9F5A7F9A97A8DD5CE,SRC-RAW-E0A9F5A7F9A97A8DD5CE,POWER,expert_scope,417,VOC,reported_total,expert_led_workbook,4.6036079999999995,4.6036079999999995,NA,NA,NA,NA,NA,NA,NA,NA,NA,
SRC-RAW-E0A9F5A7F9A97A8DD5CE,SRC-RAW-E0A9F5A7F9A97A8DD5CE,POWER,expert_scope,417,PM10,reported_total,expert_led_workbook,4.6036079999999995,4.6036079999999995,NA,NA,NA,NA,NA,NA,NA,NA,NA,
SRC-RAW-E0A9F5A7F9A97A8DD5CE,SRC-RAW-E0A9F5A7F9A97A8DD5CE,POWER,expert_scope,417,PM2.5,reported_total,expert_led_workbook,0.0,0.0,NA,NA,NA,NA,NA,NA,NA,NA,NA,
SRC-RAW-E0A9F5A7F9A97A8DD5CE,SRC-RAW-E0A9F5A7F9A97A8DD5CE,POWER,expert_scope,417,BC,reported_total,expert_led_workbook,0.0,0.0,NA,NA,NA,NA,NA,NA,NA,NA,NA,
SRC-RAW-E0A9F5A7F9A97A8DD5CE,SRC-RAW-E0A9F5A7F9A97A8DD5CE,POWER,expert_scope,417,OC,reported_total,expert_led_workbook,7.67268,7.67268,NA,NA,NA,NA,NA,NA,NA,NA,NA,
SRC-RAW-E0A9F5A7F9A97A8DD5CE,SRC-RAW-E0A9F5A7F9A97A8DD5CE,POWER,expert_scope,417,NH3,reported_total,expert_led_workbook,0.0,0.0,NA,NA,NA,NA,NA,NA,NA,NA,NA,
SRC-RAW-7C0D50F41C0089E1F6B6,SRC-RAW-7C0D50F41C0089E1F6B6,POWER,expert_scope,418,SO2,reported_total,expert_led_workbook,0.9110532096000001,0.9110532096000001,NA,NA,NA,NA,NA,NA,NA,NA,NA,
SRC-RAW-7C0D50F41C0089E1F6B6,SRC-RAW-7C0D50F41C0089E1F6B6,POWER,expert_scope,418,NOx,reported_total,expert_led_workbook,148.98704535880753,52.14546587558264,NA,NA,NA,NA,NA,NA,NA,NA,NA,
SRC-RAW-7C0D50F41C0089E1F6B6,SRC-RAW-7C0D50F41C0089E1F6B6,POWER,expert_scope,418,CO,reported_total,expert_led_workbook,48.63394886403689,48.63394886403689,NA,NA,NA,NA,NA,NA,NA,NA,NA,
SRC-RAW-7C0D50F41C0089E1F6B6,SRC-RAW-7C0D50F41C0089E1F6B6,POWER,expert_scope,418,VOC,reported_total,expert_led_workbook,1.1223218968623896,1.1223218968623896,NA,NA,NA,NA,NA,NA,NA,NA,NA,
SRC-RAW-7C0D50F41C0089E1F6B6,SRC-RAW-7C0D50F41C0089E1F6B6,POWER,expert_scope,418,PM10,reported_total,expert_led_workbook,1.1223218968623896,1.1223218968623896,NA,NA,NA,NA,NA,NA,NA,NA,NA,
SRC-RAW-7C0D50F41C0089E1F6B6,SRC-RAW-7C0D50F41C0089E1F6B6,POWER,expert_scope,418,PM2.5,reported_total,expert_led_workbook,0.0,0.0,NA,NA,NA,NA,NA,NA,NA,NA,NA,
SRC-RAW-7C0D50F41C0089E1F6B6,SRC-RAW-7C0D50F41C0089E1F6B6,POWER,expert_scope,418,BC,reported_total,expert_led_workbook,0.0,0.0,NA,NA,NA,NA,NA,NA,NA,NA,NA,
SRC-RAW-7C0D50F41C0089E1F6B6,SRC-RAW-7C0D50F41C0089E1F6B6,POWER,expert_scope,418,OC,reported_total,expert_led_workbook,0.7961812947706497,0.7961812947706497,NA,NA,NA,NA,NA,NA,NA,NA,NA,
SRC-RAW-7C0D50F41C0089E1F6B6,SRC-RAW-7C0D50F41C0089E1F6B6,POWER,expert_scope,418,NH3,reported_total,expert_led_workbook,0.0,0.0,NA,NA,NA,NA,NA,NA,NA,NA,NA,
SRC-RAW-016884A74403910FC27F,SRC-RAW-016884A74403910FC27F,POWER,expert_scope,419,SO2,reported_total,expert_led_workbook,1.1174029008,1.1174029008,NA,NA,NA,NA,NA,NA,NA,NA,NA,
SRC-RAW-016884A74403910FC27F,SRC-RAW-016884A74403910FC27F,POWER,expert_scope,419,NOx,reported_total,expert_led_workbook,188.07653808292844,65.82678832902495,NA,NA,NA,NA,NA,NA,NA,NA,NA,
SRC-RAW-016884A74403910FC27F,SRC-RAW-016884A74403910FC27F,POWER,expert_scope,419,CO,reported_total,expert_led_workbook,64.79594389467184,64.79594389467184,NA,NA,NA,NA,NA,NA,NA,NA,NA,
SRC-RAW-016884A74403910FC27F,SRC-RAW-016884A74403910FC27F,POWER,expert_scope,419,VOC,reported_total,expert_led_workbook,1.4952910129539652,1.4952910129539652,NA,NA,NA,NA,NA,NA,NA,NA,NA,
SRC-RAW-016884A74403910FC27F,SRC-RAW-016884A74403910FC27F,POWER,expert_scope,419,PM10,reported_total,expert_led_workbook,1.4952910129539652,1.4952910129539652,NA,NA,NA,NA,NA,NA,NA,NA,NA,
SRC-RAW-016884A74403910FC27F,SRC-RAW-016884A74403910FC27F,POWER,expert_scope,419,PM2.5,reported_total,expert_led_workbook,0.0,0.0,NA,NA,NA,NA,NA,NA,NA,NA,NA,
SRC-RAW-016884A74403910FC27F,SRC-RAW-016884A74403910FC27F,POWER,expert_scope,419,BC,reported_total,expert_led_workbook,0.0,0.0,NA,NA,NA,NA,NA,NA,NA,NA,NA,
SRC-RAW-016884A74403910FC27F,SRC-RAW-016884A74403910FC27F,POWER,expert_scope,419,OC,reported_total,expert_led_workbook,1.1744595882566087,1.1744595882566087,NA,NA,NA,NA,NA,NA,NA,NA,NA,
SRC-RAW-016884A74403910FC27F,SRC-RAW-016884A74403910FC27F,POWER,expert_scope,419,NH3,reported_total,expert_led_workbook,0.0,0.0,NA,NA,NA,NA,NA,NA,NA,NA,NA,
SRC-RAW-258AE3A549E690AEC3AD,SRC-RAW-258AE3A549E690AEC3AD,POWER,expert_scope,420,SO2,reported_total,expert_led_workbook,1.4612382383999998,1.4612382383999998,NA,NA,NA,NA,NA,NA,NA,NA,NA,
SRC-RAW-258AE3A549E690AEC3AD,SRC-RAW-258AE3A549E690AEC3AD,POWER,expert_scope,420,NOx,reported_total,expert_led_workbook,240.7197281185045,84.25190484147657,NA,NA,NA,NA,NA,NA,NA,NA,NA,
SRC-RAW-258AE3A549E690AEC3AD,SRC-RAW-258AE3A549E690AEC3AD,POWER,expert_scope,420,CO,reported_total,expert_led_workbook,79.69823392893025,79.69823392893025,NA,NA,NA,NA,NA,NA,NA,NA,NA,
SRC-RAW-258AE3A549E690AEC3AD,SRC-RAW-258AE3A549E690AEC3AD,POWER,expert_scope,420,VOC,reported_total,expert_led_workbook,1.839190013744544,1.839190013744544,NA,NA,NA,NA,NA,NA,NA,NA,NA,
SRC-RAW-258AE3A549E690AEC3AD,SRC-RAW-258AE3A549E690AEC3AD,POWER,expert_scope,420,PM10,reported_total,expert_led_workbook,1.839190013744544,1.839190013744544,NA,NA,NA,NA,NA,NA,NA,NA,NA,
SRC-RAW-258AE3A549E690AEC3AD,SRC-RAW-258AE3A549E690AEC3AD,POWER,expert_scope,420,PM2.5,reported_total,expert_led_workbook,0.0,0.0,NA,NA,NA,NA,NA,NA,NA,NA,NA,
SRC-RAW-258AE3A549E690AEC3AD,SRC-RAW-258AE3A549E690AEC3AD,POWER,expert_scope,420,BC,reported_total,expert_led_workbook,0.0,0.0,NA,NA,NA,NA,NA,NA,NA,NA,NA,
SRC-RAW-258AE3A549E690AEC3AD,SRC-RAW-258AE3A549E690AEC3AD,POWER,expert_scope,420,OC,reported_total,expert_led_workbook,1.3421583895742404,1.3421583895742404,NA,NA,NA,NA,NA,NA,NA,NA,NA,
SRC-RAW-258AE3A549E690AEC3AD,SRC-RAW-258AE3A549E690AEC3AD,POWER,expert_scope,420,NH3,reported_total,expert_led_workbook,0.0,0.0,NA,NA,NA,NA,NA,NA,NA,NA,NA,
SRC-RAW-C10F0726975682FC90DC,SRC-RAW-C10F0726975682FC90DC,POWER,expert_scope,421,SO2,reported_total,expert_led_workbook,1.2309523056000002,1.2309523056000002,NA,NA,NA,NA,NA,NA,NA,NA,NA,
SRC-RAW-C10F0726975682FC90DC,SRC-RAW-C10F0726975682FC90DC,POWER,expert_scope,421,NOx,reported_total,expert_led_workbook,211.41486503228197,73.99520276129869,NA,NA,NA,NA,NA,NA,NA,NA,NA,
SRC-RAW-C10F0726975682FC90DC,SRC-RAW-C10F0726975682FC90DC,POWER,expert_scope,421,CO,reported_total,expert_led_workbook,75.45009095701228,75.45009095701228,NA,NA,NA,NA,NA,NA,NA,NA,NA,
SRC-RAW-C10F0726975682FC90DC,SRC-RAW-C10F0726975682FC90DC,POWER,expert_scope,421,VOC,reported_total,expert_led_workbook,1.7411559451618217,1.7411559451618217,NA,NA,NA,NA,NA,NA,NA,NA,NA,
SRC-RAW-C10F0726975682FC90DC,SRC-RAW-C10F0726975682FC90DC,POWER,expert_scope,421,PM10,reported_total,expert_led_workbook,1.7411559451618217,1.7411559451618217,NA,NA,NA,NA,NA,NA,NA,NA,NA,
SRC-RAW-C10F0726975682FC90DC,SRC-RAW-C10F0726975682FC90DC,POWER,expert_scope,421,PM2.5,reported_total,expert_led_workbook,0.0,0.0,NA,NA,NA,NA,NA,NA,NA,NA,NA,
SRC-RAW-C10F0726975682FC90DC,SRC-RAW-C10F0726975682FC90DC,POWER,expert_scope,421,BC,reported_total,expert_led_workbook,0.0,0.0,NA,NA,NA,NA,NA,NA,NA,NA,NA,
SRC-RAW-C10F0726975682FC90DC,SRC-RAW-C10F0726975682FC90DC,POWER,expert_scope,421,OC,reported_total,expert_led_workbook,1.4503318752697028,1.4503318752697028,NA,NA,NA,NA,NA,NA,NA,NA,NA,
SRC-RAW-C10F0726975682FC90DC,SRC-RAW-C10F0726975682FC90DC,POWER,expert_scope,421,NH3,reported_total,expert_led_workbook,0.0,0.0,NA,NA,NA,NA,NA,NA,NA,NA,NA,
SRC-RAW-D61018B198766BD3C03F,SRC-RAW-D61018B198766BD3C03F,POWER,expert_scope,422,SO2,reported_total,expert_led_workbook,5664.536,118.95525599999948,NA,NA,NA,NA,NA,NA,NA,NA,NA,
SRC-RAW-D61018B198766BD3C03F,SRC-RAW-D61018B198766BD3C03F,POWER,expert_scope,422,NOx,reported_total,expert_led_workbook,6006.0742,474.0292190865801,NA,NA,NA,NA,NA,NA,NA,NA,NA,
SRC-RAW-D61018B198766BD3C03F,SRC-RAW-D61018B198766BD3C03F,POWER,expert_scope,422,CO,reported_total,expert_led_workbook,1666.04,1666.04,NA,NA,NA,NA,NA,NA,NA,NA,NA,
SRC-RAW-D61018B198766BD3C03F,SRC-RAW-D61018B198766BD3C03F,POWER,expert_scope,422,VOC,reported_total,expert_led_workbook,11336.669142400002,147.37669885120016,NA,NA,NA,NA,NA,NA,NA,NA,NA,
SRC-RAW-D61018B198766BD3C03F,SRC-RAW-D61018B198766BD3C03F,POWER,expert_scope,422,PM10,reported_total,expert_led_workbook,2736.437379200001,82.0931213760001,NA,NA,NA,NA,NA,NA,NA,NA,NA,
SRC-RAW-D61018B198766BD3C03F,SRC-RAW-D61018B198766BD3C03F,POWER,expert_scope,422,PM2.5,reported_total,expert_led_workbook,5.472874758400002,0.16418624275200022,NA,NA,NA,NA,NA,NA,NA,NA,NA,
SRC-RAW-D61018B198766BD3C03F,SRC-RAW-D61018B198766BD3C03F,POWER,expert_scope,422,BC,reported_total,expert_led_workbook,0.0,0.0,NA,NA,NA,NA,NA,NA,NA,NA,NA,
SRC-RAW-D61018B198766BD3C03F,SRC-RAW-D61018B198766BD3C03F,POWER,expert_scope,422,OC,reported_total,expert_led_workbook,33.320800000000006,33.320800000000006,NA,NA,NA,NA,NA,NA,NA,NA,NA,
SRC-RAW-D61018B198766BD3C03F,SRC-RAW-D61018B198766BD3C03F,POWER,expert_scope,422,NH3,reported_total,expert_led_workbook,0.0,0.0,NA,NA,NA,NA,NA,NA,NA,NA,NA,
SRC-RAW-8E6D2C1C87CB7061CE6D,SRC-RAW-8E6D2C1C87CB7061CE6D,POWER,expert_scope,423,SO2,reported_total,expert_led_workbook,4846.12557,101.76863696999956,NA,NA,NA,NA,NA,NA,NA,NA,NA,
SRC-RAW-8E6D2C1C87CB7061CE6D,SRC-RAW-8E6D2C1C87CB7061CE6D,POWER,expert_scope,423,NOx,reported_total,expert_led_workbook,5270.07019,1428.1890214899995,NA,NA,NA,NA,NA,NA,NA,NA,NA,
SRC-RAW-8E6D2C1C87CB7061CE6D,SRC-RAW-8E6D2C1C87CB7061CE6D,POWER,expert_scope,423,CO,reported_total,expert_led_workbook,1461.878,1461.878,NA,NA,NA,NA,NA,NA,NA,NA,NA,
SRC-RAW-8E6D2C1C87CB7061CE6D,SRC-RAW-8E6D2C1C87CB7061CE6D,POWER,expert_scope,423,VOC,reported_total,expert_led_workbook,10445.995436800002,135.79794067840015,NA,NA,NA,NA,NA,NA,NA,NA,NA,
SRC-RAW-8E6D2C1C87CB7061CE6D,SRC-RAW-8E6D2C1C87CB7061CE6D,POWER,expert_scope,423,PM10,reported_total,expert_led_workbook,2521.4471744000007,75.64341523200008,NA,NA,NA,NA,NA,NA,NA,NA,NA,
SRC-RAW-8E6D2C1C87CB7061CE6D,SRC-RAW-8E6D2C1C87CB7061CE6D,POWER,expert_scope,423,PM2.5,reported_total,expert_led_workbook,5.042894348800002,0.15128683046400018,NA,NA,NA,NA,NA,NA,NA,NA,NA,
SRC-RAW-8E6D2C1C87CB7061CE6D,SRC-RAW-8E6D2C1C87CB7061CE6D,POWER,expert_scope,423,BC,reported_total,expert_led_workbook,0.0,0.0,NA,NA,NA,NA,NA,NA,NA,NA,NA,
SRC-RAW-8E6D2C1C87CB7061CE6D,SRC-RAW-8E6D2C1C87CB7061CE6D,POWER,expert_scope,423,OC,reported_total,expert_led_workbook,29.237560000000002,29.237560000000002,NA,NA,NA,NA,NA,NA,NA,NA,NA,
SRC-RAW-8E6D2C1C87CB7061CE6D,SRC-RAW-8E6D2C1C87CB7061CE6D,POWER,expert_scope,423,NH3,reported_total,expert_led_workbook,0.0,0.0,NA,NA,NA,NA,NA,NA,NA,NA,NA,
SRC-RAW-30E77AB597BA9DCFE076,SRC-RAW-30E77AB597BA9DCFE076,POWER,expert_scope,424,SO2,reported_total,expert_led_workbook,2600.01485,121.94069646499985,NA,NA,NA,NA,NA,NA,NA,NA,NA,
SRC-RAW-30E77AB597BA9DCFE076,SRC-RAW-30E77AB597BA9DCFE076,POWER,expert_scope,424,NOx,reported_total,expert_led_workbook,1407.4105499999998,452.06026866,NA,NA,NA,NA,NA,NA,NA,NA,NA,
SRC-RAW-30E77AB597BA9DCFE076,SRC-RAW-30E77AB597BA9DCFE076,POWER,expert_scope,424,CO,reported_total,expert_led_workbook,343.69,343.69,NA,NA,NA,NA,NA,NA,NA,NA,NA,
SRC-RAW-30E77AB597BA9DCFE076,SRC-RAW-30E77AB597BA9DCFE076,POWER,expert_scope,424,VOC,reported_total,expert_led_workbook,7114.383,92.48697900000008,NA,NA,NA,NA,NA,NA,NA,NA,NA,
SRC-RAW-30E77AB597BA9DCFE076,SRC-RAW-30E77AB597BA9DCFE076,POWER,expert_scope,424,PM10,reported_total,expert_led_workbook,1855.9259999999997,55.67778000000004,NA,NA,NA,NA,NA,NA,NA,NA,NA,
SRC-RAW-30E77AB597BA9DCFE076,SRC-RAW-30E77AB597BA9DCFE076,POWER,expert_scope,424,PM2.5,reported_total,expert_led_workbook,3.7118519999999995,0.11135556000000009,NA,NA,NA,NA,NA,NA,NA,NA,NA,
SRC-RAW-30E77AB597BA9DCFE076,SRC-RAW-30E77AB597BA9DCFE076,POWER,expert_scope,424,BC,reported_total,expert_led_workbook,0.0,0.0,NA,NA,NA,NA,NA,NA,NA,NA,NA,
SRC-RAW-30E77AB597BA9DCFE076,SRC-RAW-30E77AB597BA9DCFE076,POWER,expert_scope,424,OC,reported_total,expert_led_workbook,6.8738,6.8738,NA,NA,NA,NA,NA,NA,NA,NA,NA,
SRC-RAW-30E77AB597BA9DCFE076,SRC-RAW-30E77AB597BA9DCFE076,POWER,expert_scope,424,NH3,reported_total,expert_led_workbook,0.0,0.0,NA,NA,NA,NA,NA,NA,NA,NA,NA,
SRC-RAW-832F48DC0296C91CE5BC,SRC-RAW-832F48DC0296C91CE5BC,POWER,expert_scope,425,SO2,reported_total,expert_led_workbook,3023.5341500000004,143.92022554000027,NA,NA,NA,NA,NA,NA,NA,NA,NA,
SRC-RAW-832F48DC0296C91CE5BC,SRC-RAW-832F48DC0296C91CE5BC,POWER,expert_scope,425,NOx,reported_total,expert_led_workbook,1600.6945499999997,475.08614244,NA,NA,NA,NA,NA,NA,NA,NA,NA,
SRC-RAW-832F48DC0296C91CE5BC,SRC-RAW-832F48DC0296C91CE5BC,POWER,expert_scope,425,CO,reported_total,expert_led_workbook,390.89,390.89,NA,NA,NA,NA,NA,NA,NA,NA,NA,
SRC-RAW-832F48DC0296C91CE5BC,SRC-RAW-832F48DC0296C91CE5BC,POWER,expert_scope,425,VOC,reported_total,expert_led_workbook,7879.0231462500005,102.42730090125009,NA,NA,NA,NA,NA,NA,NA,NA,NA,
SRC-RAW-832F48DC0296C91CE5BC,SRC-RAW-832F48DC0296C91CE5BC,POWER,expert_scope,425,PM10,reported_total,expert_led_workbook,2055.3973425,61.66192027500005,NA,NA,NA,NA,NA,NA,NA,NA,NA,
SRC-RAW-832F48DC0296C91CE5BC,SRC-RAW-832F48DC0296C91CE5BC,POWER,expert_scope,425,PM2.5,reported_total,expert_led_workbook,4.110794685,0.12332384055000012,NA,NA,NA,NA,NA,NA,NA,NA,NA,
SRC-RAW-832F48DC0296C91CE5BC,SRC-RAW-832F48DC0296C91CE5BC,POWER,expert_scope,425,BC,reported_total,expert_led_workbook,0.0,0.0,NA,NA,NA,NA,NA,NA,NA,NA,NA,
SRC-RAW-832F48DC0296C91CE5BC,SRC-RAW-832F48DC0296C91CE5BC,POWER,expert_scope,425,OC,reported_total,expert_led_workbook,7.8178,7.8178,NA,NA,NA,NA,NA,NA,NA,NA,NA,
SRC-RAW-832F48DC0296C91CE5BC,SRC-RAW-832F48DC0296C91CE5BC,POWER,expert_scope,425,NH3,reported_total,expert_led_workbook,0.0,0.0,NA,NA,NA,NA,NA,NA,NA,NA,NA,
SRC-RAW-60CCDE1B74EEAAA63955,SRC-RAW-60CCDE1B74EEAAA63955,POWER,expert_scope,426,SO2,reported_total,expert_led_workbook,6477.4783800000005,64.77478380000007,NA,NA,NA,NA,NA,NA,NA,NA,NA,
SRC-RAW-60CCDE1B74EEAAA63955,SRC-RAW-60CCDE1B74EEAAA63955,POWER,expert_scope,426,NOx,reported_total,expert_led_workbook,3059.4318299999995,382.42897874999994,NA,NA,NA,NA,NA,NA,NA,NA,NA,
SRC-RAW-60CCDE1B74EEAAA63955,SRC-RAW-60CCDE1B74EEAAA63955,POWER,expert_scope,426,CO,reported_total,expert_led_workbook,747.114,747.114,NA,NA,NA,NA,NA,NA,NA,NA,NA,
SRC-RAW-60CCDE1B74EEAAA63955,SRC-RAW-60CCDE1B74EEAAA63955,POWER,expert_scope,426,VOC,reported_total,expert_led_workbook,19331.57475,115.98944849999796,NA,NA,NA,NA,NA,NA,NA,NA,NA,
SRC-RAW-60CCDE1B74EEAAA63955,SRC-RAW-60CCDE1B74EEAAA63955,POWER,expert_scope,426,PM10,reported_total,expert_led_workbook,5043.019499999999,85.73133150000007,NA,NA,NA,NA,NA,NA,NA,NA,NA,
SRC-RAW-60CCDE1B74EEAAA63955,SRC-RAW-60CCDE1B74EEAAA63955,POWER,expert_scope,426,PM2.5,reported_total,expert_led_workbook,10.086039,0.17146266300000015,NA,NA,NA,NA,NA,NA,NA,NA,NA,
SRC-RAW-60CCDE1B74EEAAA63955,SRC-RAW-60CCDE1B74EEAAA63955,POWER,expert_scope,426,BC,reported_total,expert_led_workbook,0.0,0.0,NA,NA,NA,NA,NA,NA,NA,NA,NA,
SRC-RAW-60CCDE1B74EEAAA63955,SRC-RAW-60CCDE1B74EEAAA63955,POWER,expert_scope,426,OC,reported_total,expert_led_workbook,14.94228,14.94228,NA,NA,NA,NA,NA,NA,NA,NA,NA,
SRC-RAW-60CCDE1B74EEAAA63955,SRC-RAW-60CCDE1B74EEAAA63955,POWER,expert_scope,426,NH3,reported_total,expert_led_workbook,0.0,0.0,NA,NA,NA,NA,NA,NA,NA,NA,NA,
SRC-RAW-4C2DE7BEF32D7CAEC468,SRC-RAW-4C2DE7BEF32D7CAEC468,POWER,expert_scope,427,SO2,reported_total,expert_led_workbook,5292.09864,52.92098640000005,NA,NA,NA,NA,NA,NA,NA,NA,NA,
SRC-RAW-4C2DE7BEF32D7CAEC468,SRC-RAW-4C2DE7BEF32D7CAEC468,POWER,expert_scope,427,NOx,reported_total,expert_led_workbook,2499.5552399999997,312.44440499999996,NA,NA,NA,NA,NA,NA,NA,NA,NA,
SRC-RAW-4C2DE7BEF32D7CAEC468,SRC-RAW-4C2DE7BEF32D7CAEC468,POWER,expert_scope,427,CO,reported_total,expert_led_workbook,610.392,610.392,NA,NA,NA,NA,NA,NA,NA,NA,NA,
SRC-RAW-4C2DE7BEF32D7CAEC468,SRC-RAW-4C2DE7BEF32D7CAEC468,POWER,expert_scope,427,VOC,reported_total,expert_led_workbook,15793.893,94.76335799999833,NA,NA,NA,NA,NA,NA,NA,NA,NA,
SRC-RAW-4C2DE7BEF32D7CAEC468,SRC-RAW-4C2DE7BEF32D7CAEC468,POWER,expert_scope,427,PM10,reported_total,expert_led_workbook,4120.146,70.04248200000006,NA,NA,NA,NA,NA,NA,NA,NA,NA,
SRC-RAW-4C2DE7BEF32D7CAEC468,SRC-RAW-4C2DE7BEF32D7CAEC468,POWER,expert_scope,427,PM2.5,reported_total,expert_led_workbook,8.240292,0.14008496400000012,NA,NA,NA,NA,NA,NA,NA,NA,NA,
SRC-RAW-4C2DE7BEF32D7CAEC468,SRC-RAW-4C2DE7BEF32D7CAEC468,POWER,expert_scope,427,BC,reported_total,expert_led_workbook,0.0,0.0,NA,NA,NA,NA,NA,NA,NA,NA,NA,
SRC-RAW-4C2DE7BEF32D7CAEC468,SRC-RAW-4C2DE7BEF32D7CAEC468,POWER,expert_scope,427,OC,reported_total,expert_led_workbook,12.207840000000001,12.207840000000001,NA,NA,NA,NA,NA,NA,NA,NA,NA,
SRC-RAW-4C2DE7BEF32D7CAEC468,SRC-RAW-4C2DE7BEF32D7CAEC468,POWER,expert_scope,427,NH3,reported_total,expert_led_workbook,0.0,0.0,NA,NA,NA,NA,NA,NA,NA,NA,NA,
